0.0,0.0,0.0,0.0,1.0,1.0,0.162,0.162,0.34,0.34,0.58,0.14,0.48,0.54,0.0,0.35,0.25,0.72,0.56,0.25,0.25,0.56,0.56,0.87,0.31,0.91,0.29,0.54,0.5,0.169,0.043,0.13
0.0,0.0,0.0,0.0,1.0,1.0,0.162,0.162,0.35,0.35,0.58,0.14,0.48,0.525,0.0,0.34,0.25,0.72,0.56,0.25,0.25,0.56,0.56,0.87,0.31,0.9,0.29,0.53,0.5,0.167,0.041,0.146
0.0,0.0,0.0,0.0,1.0,1.0,0.162,0.162,0.36,0.36,0.54,0.18,0.54,0.6,0.0,0.34,0.25,0.72,0.56,0.25,0.25,0.56,0.56,0.91,0.29,0.95,0.27,0.53,0.5,0.173,0.04,0.125
0.0,0.0,0.0,0.0,1.0,1.0,0.162,0.162,0.36,0.36,0.44,0.28,0.54,0.585,0.0,0.34,0.25,0.72,0.56,0.25,0.25,0.56,0.56,0.91,0.29,0.94,0.28,0.5,0.5,0.191,0.033,0.064
0.0,0.0,0.0,0.0,1.0,1.0,0.162,0.162,0.36,0.36,0.28,0.44,0.435,0.555,0.0,0.35,0.25,0.72,0.56,0.25,0.25,0.56,0.56,0.84,0.32,0.92,0.29,0.49,0.5,0.181,0.018,-0.042
0.0,0.0,0.0,0.0,1.0,1.0,0.162,0.162,0.37,0.37,0.22,0.51,0.42,0.525,0.0,0.35,0.25,0.73,0.56,0.25,0.25,0.56,0.56,0.83,0.32,0.9,0.3,0.51,0.5,0.183,0.009,-0.11
0.0,0.0,0.0,0.0,1.0,1.0,0.162,0.162,0.36,0.36,0.18,0.55,0.465,0.54,0.0,0.36,0.25,0.73,0.56,0.25,0.25,0.56,0.56,0.86,0.31,0.91,0.29,0.52,0.5,0.183,0.005,-0.142
0.0,0.0,0.0,0.0,1.0,1.0,0.38910857,0.38822296,0.23,0.23,0.18,0.55,0.6,0.675,0.0,0.34,0.25,0.72,0.56,0.25,0.25,0.56,0.56,0.95,0.27,1.0,0.25,0.52,0.5,0.193,0.003,-0.155
0.0,0.0,0.0,0.0,1.0,1.0,0.162,0.162,0.37,0.37,0.19,0.53,0.54,0.615,0.0,0.34,0.25,0.72,0.56,0.25,0.25,0.56,0.56,0.91,0.29,0.96,0.27,0.53,0.5,0.178,-0.007,-0.147
0.0,0.0,0.0,0.0,1.0,1.0,0.162,0.162,0.36,0.36,0.24,0.48,0.525,0.6,0.0,0.34,0.25,0.72,0.56,0.25,0.25,0.56,0.56,0.9,0.3,0.95,0.27,0.53,0.5,0.175,-0.022,-0.115
0.0,0.0,0.0,0.0,1.0,1.0,0.162,0.162,0.36,0.36,0.3,0.42,0.57,0.63,0.0,0.34,0.25,0.72,0.56,0.25,0.25,0.56,0.56,0.93,0.28,0.97,0.26,0.53,0.5,0.171,-0.036,-0.048
0.0,0.0,0.0,0.0,1.0,1.0,0.162,0.162,0.34,0.34,0.38,0.35,0.585,0.645,0.0,0.34,0.25,0.72,0.56,0.25,0.25,0.56,0.56,0.94,0.28,0.98,0.26,0.52,0.5,0.184,-0.03,0.013
0.0,0.0,0.0,0.0,1.0,1.0,0.162,0.162,0.34,0.34,0.42,0.3,0.585,0.645,0.0,0.34,0.25,0.72,0.56,0.25,0.25,0.56,0.56,0.94,0.28,0.98,0.26,0.5,0.5,0.183,-0.024,0.043
0.0,0.0,0.0,0.0,1.0,1.0,0.162,0.162,0.34,0.34,0.48,0.24,0.585,0.66,0.0,0.35,0.25,0.72,0.56,0.25,0.25,0.56,0.56,0.94,0.28,0.99,0.26,0.5,0.5,0.199,-0.01,0.084
0.0,0.0,0.0,0.0,1.0,1.0,0.162,0.162,0.33,0.33,0.51,0.21,0.54,0.6,0.0,0.35,0.25,0.72,0.56,0.25,0.25,0.56,0.56,0.91,0.29,0.95,0.27,0.48,0.5,0.198,0.016,0.104
0.0,0.0,0.0,0.0,1.0,1.0,0.162,0.162,0.33,0.33,0.51,0.21,0.51,0.57,0.0,0.35,0.25,0.73,0.56,0.25,0.25,0.56,0.56,0.89,0.3,0.93,0.28,0.46,0.5,0.197,0.033,0.097
0.0,0.0,0.0,0.0,1.0,1.0,0.162,0.162,0.32,0.32,0.49,0.24,0.54,0.57,0.0,0.35,0.25,0.72,0.56,0.25,0.25,0.56,0.56,0.91,0.29,0.93,0.28,0.47,0.5,0.211,0.068,0.075
0.0,0.0,0.0,0.0,1.0,1.0,0.162,0.162,0.29,0.29,0.43,0.29,0.555,0.585,0.0,0.35,0.25,0.72,0.56,0.25,0.25,0.56,0.56,0.92,0.29,0.94,0.28,0.5,0.5,0.243,0.072,0.034
0.0,0.0,0.0,0.0,1.0,1.0,0.162,0.162,0.27,0.27,0.39,0.33,0.54,0.585,0.0,0.34,0.25,0.72,0.56,0.25,0.25,0.56,0.56,0.91,0.29,0.94,0.28,0.51,0.5,0.275,0.054,0.0
0.01,0.01,0.0,0.0,1.0,1.0,0.162,0.162,0.27,0.27,0.33,0.39,0.51,0.6,0.0,0.34,0.25,0.72,0.56,0.25,0.25,0.56,0.56,0.89,0.3,0.95,0.27,0.53,0.5,0.306,0.013,-0.05
0.104817614,0.12465868,0.12070037,0.12800413,0.988194,0.9869976,0.17009625,0.16164109,0.35898083,0.3268818,0.3948222,0.34531704,0.5702922,0.60179615,0.12402074,0.4366896,0.18438368,0.719865,0.61547023,0.16543615,0.16041508,0.56626654,0.6408189,0.89139724,0.22973008,0.9169872,0.21591686,0.36580896,0.55088943,-0.8,-0.3,-0.55
0.08199461,0.11000823,0.114396855,0.09735192,0.9905866,0.98615545,0.15251143,0.2044382,0.33786076,0.4406198,0.43153664,0.33510026,0.5371448,0.56398267,0.13839382,0.39706892,0.23284847,0.73839957,0.5342548,0.20815264,0.22801079,0.56225044,0.54755485,0.8997602,0.22263558,0.9220267,0.2360935,0.31741568,0.556424,-0.8,-0.3,-0.55
0.08095924,0.106754415,0.10785523,0.10024333,0.9913967,0.9884476,0.22188224,0.18201765,0.40156233,0.41483083,0.41187504,0.3225607,0.50839746,0.53699183,0.191674,0.41123575,0.3043879,0.73534644,0.5126316,0.2947302,0.2782214,0.48899457,0.5740168,0.89008075,0.23164798,0.87757164,0.24797355,0.28474745,0.53198737,-0.8,-0.3,-0.55
0.08487417,0.102676794,0.091510914,0.10027013,0.9924803,0.9896203,0.21149373,0.20756282,0.3849405,0.41549495,0.412119,0.38217527,0.4545887,0.48473608,0.21113071,0.37453896,0.39055306,0.741721,0.54429966,0.36846012,0.37145966,0.47653928,0.51260984,0.9021154,0.26087967,0.8807411,0.32501715,0.1775514,0.46122706,-0.8,-0.3,-0.55
0.101289876,0.088792376,0.10493769,0.09674866,0.99224347,0.98954904,0.23301065,0.21313292,0.43215197,0.43291625,0.37598872,0.31762344,0.41879767,0.42468798,0.32476997,0.33374614,0.5106321,0.7309676,0.47613677,0.45847055,0.5071844,0.5386089,0.4608078,0.85562086,0.30172944,0.8805595,0.32241553,0.1597371,0.48861426,-0.8,-0.3,-0.55
0.10054975,0.101843216,0.14679024,0.15389796,0.993046,0.98966753,0.2263026,0.19038312,0.40693223,0.4857441,0.40180033,0.3483415,0.3134158,0.34185874,0.49708775,0.34062263,0.6603792,0.6974177,0.43193677,0.64521104,0.60831225,0.41315487,0.44023702,0.8199733,0.3547511,0.7962689,0.3788566,0.10236509,0.45449504,-0.8,-0.3,-0.55
0.14137685,0.14612354,0.23959576,0.24297638,0.99037385,0.9891727,0.2801706,0.24618141,0.42480248,0.49417844,0.36851853,0.3318899,0.25947243,0.22840337,0.75815856,0.3689537,0.81663233,0.71132535,0.3151903,0.84443957,0.8413013,0.37238732,0.3614926,0.8062489,0.3912125,0.76954097,0.38999316,0.06719344,0.5201823,-0.8,-0.3,-0.55
0.19081451,0.18330128,0.35958016,0.38930106,0.9896986,0.9870499,0.28480425,0.2603879,0.46466458,0.4774463,0.3714196,0.31881276,0.1751719,0.13077721,0.8891398,0.28673345,0.92394793,0.67205495,0.29121116,0.92740816,0.92676234,0.3014328,0.32215673,0.7060684,0.37919185,0.6642203,0.44775552,0.041451633,0.5245601,-0.8,-0.3,-0.55
0.24187511,0.25357643,0.5006398,0.4991762,0.9869708,0.98297966,0.33955026,0.2840096,0.41895726,0.4735245,0.36336833,0.35519662,0.13039288,0.101399764,0.9277487,0.27392358,0.96155953,0.69517547,0.23929034,0.9539071,0.9627641,0.28365764,0.26706764,0.6452396,0.493295,0.60106283,0.46771145,0.03647651,0.5139268,-0.8,-0.3,-0.55
0.2618958,0.24990699,0.58012575,0.6204598,0.98231274,0.98135424,0.29925764,0.30538592,0.46293008,0.476221,0.3841167,0.32002103,0.1265359,0.08416787,0.93841964,0.24932365,0.9584561,0.6039097,0.29023498,0.9690665,0.9638863,0.29940325,0.24441782,0.60795677,0.4882529,0.5681988,0.5324569,0.03206676,0.5068573,-0.8,-0.3,-0.55
0.2926949,0.2627094,0.5899066,0.66381913,0.9824442,0.97993773,0.33809677,0.30591145,0.4389884,0.43955684,0.40262547,0.3408492,0.11351597,0.07844708,0.93161446,0.26532188,0.965732,0.65304786,0.2524474,0.96164155,0.96374565,0.25804934,0.25371632,0.5949758,0.5406061,0.5847212,0.5268,0.04151916,0.5781002,-0.8,-0.3,-0.55
0.2730591,0.2734318,0.5757614,0.62202096,0.9831312,0.97923595,0.34542993,0.32588023,0.44446155,0.4086064,0.40729988,0.33508366,0.082320996,0.06844411,0.9351643,0.29303196,0.96585774,0.6325097,0.26555654,0.9663453,0.9706491,0.25520048,0.25328907,0.5437946,0.5589524,0.5390604,0.54853076,0.035395302,0.52787566,-0.8,-0.3,-0.55
0.29202485,0.29496372,0.5952194,0.63227934,0.9846357,0.9828584,0.35394913,0.30689216,0.44888186,0.3708665,0.39524466,0.33520773,0.075283974,0.06049388,0.9416319,0.2786442,0.96338487,0.68989533,0.29350635,0.95944333,0.9637574,0.24138753,0.23203759,0.5283445,0.5795488,0.52233976,0.5881462,0.02793163,0.55997163,-0.8,-0.3,-0.55
0.25539503,0.297807,0.57656217,0.59764785,0.98314154,0.9817961,0.34038553,0.32329613,0.43333486,0.42638752,0.36677122,0.29644534,0.07635191,0.059102915,0.9287371,0.25925702,0.96875083,0.67788523,0.2573544,0.96330076,0.9672856,0.26064572,0.24840264,0.5048188,0.5844544,0.50381494,0.664994,0.026708847,0.6158808,-0.8,-0.3,-0.55
0.28479838,0.25278416,0.501597,0.607023,0.98282754,0.97761726,0.36278185,0.35530382,0.4484559,0.46162164,0.42107874,0.33975843,0.057165723,0.050109014,0.9221012,0.2912189,0.96876454,0.6821336,0.24249287,0.9662879,0.9736009,0.29071027,0.22399105,0.43888503,0.6048294,0.4511581,0.66308653,0.022971205,0.6008776,-0.8,-0.3,-0.55
0.24056847,0.21750578,0.516177,0.5592462,0.98268443,0.98041624,0.33105576,0.35525694,0.37522787,0.41756546,0.35292307,0.3516786,0.051698625,0.05059329,0.9216956,0.28699577,0.96566886,0.6865369,0.2641987,0.96571445,0.96364737,0.27758732,0.24305625,0.49003997,0.652301,0.45441952,0.6297724,0.026701674,0.64043134,-0.8,-0.3,-0.55
0.20614412,0.23580016,0.47972238,0.51311946,0.9806877,0.98025113,0.365199,0.32498854,0.4148684,0.41836753,0.38098255,0.35151243,0.052347623,0.04520921,0.91406053,0.26661512,0.96225965,0.6759255,0.2886299,0.9658471,0.9656474,0.27110457,0.2590204,0.47458324,0.6654721,0.459337,0.66047496,0.028330063,0.60848933,-0.8,-0.3,-0.55
0.21249825,0.246739,0.5202239,0.53301024,0.9867828,0.980735,0.3561692,0.32625908,0.40633774,0.47741422,0.46045995,0.3354881,0.059961308,0.04453559,0.9120929,0.33041188,0.9636209,0.6961003,0.26060647,0.9562351,0.9679386,0.24670935,0.27100718,0.428552,0.63755137,0.42229432,0.671714,0.026988469,0.6352003,-0.8,-0.3,-0.55
0.24423857,0.23101561,0.49257317,0.48313025,0.98225915,0.9772093,0.3687162,0.3364165,0.43931907,0.46256313,0.39054143,0.33933657,0.0406788,0.04543031,0.91369855,0.27973565,0.9620033,0.70399946,0.25203326,0.9582415,0.9695108,0.26931366,0.27387023,0.41937518,0.65686643,0.41599363,0.6693839,0.02130827,0.60214096,-0.8,-0.3,-0.55
0.26582888,0.22268938,0.5136398,0.46685025,0.98496234,0.982297,0.36735478,0.3752671,0.40180817,0.39356208,0.36573538,0.31675068,0.057348523,0.038969837,0.92094994,0.31279176,0.96693,0.7204804,0.28746554,0.96576893,0.9668424,0.2751334,0.24139251,0.3982916,0.65801734,0.4267995,0.7043736,0.022458974,0.63708985,-0.8,-0.3,-0.55
0.2152203,0.23227474,0.47624034,0.5316196,0.98116106,0.9793921,0.43470868,0.37364888,0.46080294,0.44238752,0.39422172,0.34390822,0.044457383,0.047974423,0.9161634,0.29807067,0.96358126,0.65570104,0.24918397,0.9607061,0.967165,0.29011595,0.27498493,0.4291995,0.65962076,0.44614047,0.6812277,0.021601738,0.606001,-0.8,-0.3,-0.55
0.224657,0.2514172,0.5066159,0.46391892,0.98735285,0.98138267,0.42189446,0.3546157,0.43398452,0.45675883,0.38824716,0.34254485,0.05188846,0.04800063,0.9251453,0.29953945,0.95693773,0.6957012,0.25089848,0.9569376,0.9627723,0.24979168,0.26129588,0.3812139,0.6804285,0.47132048,0.6773653,0.024176992,0.6247241,-0.8,-0.3,-0.55
0.23713207,0.2621331,0.52134055,0.5100086,0.9854887,0.9796332,0.3846461,0.3675404,0.44199336,0.43765724,0.3845886,0.3446355,0.047683455,0.036701687,0.91211665,0.2927499,0.9645097,0.73132217,0.27555257,0.96260494,0.97182804,0.26185754,0.27131754,0.45962265,0.6782829,0.4559375,0.680819,0.021691285,0.6265994,-0.8,-0.3,-0.55
0.20900644,0.23336731,0.46611115,0.5214345,0.98304164,0.978515,0.42446944,0.37906134,0.40889844,0.43174124,0.38997114,0.3356511,0.049187344,0.040446203,0.8975902,0.3045179,0.9613017,0.69974726,0.2653376,0.9653687,0.9707144,0.25981274,0.23771794,0.4307407,0.6980523,0.45575973,0.66590965,0.023685027,0.5823739,-0.8,-0.3,-0.55
0.22169194,0.22703607,0.47278675,0.48473832,0.9858963,0.98253673,0.3798647,0.35317427,0.43010405,0.4606925,0.44803846,0.34828684,0.04688968,0.040215135,0.914866,0.27484927,0.9603704,0.6708567,0.23195118,0.9651402,0.9643927,0.26027232,0.31156668,0.44947386,0.62909585,0.48045522,0.6800672,0.02097334,0.64493793,-0.8,-0.3,-0.55
0.245758,0.24732433,0.43338737,0.5183584,0.9856493,0.9781796,0.33248535,0.37789968,0.44266742,0.49329507,0.38416877,0.37637377,0.0514853,0.045227047,0.9208897,0.26040062,0.9571161,0.6849155,0.27280715,0.9633035,0.9685888,0.28499767,0.26023683,0.45333672,0.62129587,0.45137036,0.6989584,0.017450511,0.6386857,-0.8,-0.3,-0.55
0.2020971,0.22970198,0.47953448,0.51058733,0.98686856,0.9796592,0.3972851,0.31162944,0.42625248,0.47447854,0.36039072,0.33336613,0.055888772,0.045906525,0.90888983,0.29256222,0.9598001,0.69001013,0.24091549,0.9546069,0.96320164,0.2584168,0.24559776,0.44444624,0.6564248,0.4758977,0.6810033,0.018979413,0.6496584,-0.8,-0.3,-0.55
0.22523758,0.24279752,0.49102256,0.505224,0.9860892,0.97751915,0.3609787,0.32535172,0.43341178,0.46928203,0.37316862,0.37511972,0.05104914,0.052093,0.91456175,0.29520705,0.967281,0.6800793,0.286877,0.96240425,0.96687263,0.24973251,0.25680286,0.43686867,0.64722335,0.42065772,0.64507073,0.026837206,0.6399928,-0.8,-0.3,-0.55
0.20769478,0.20776138,0.4572383,0.49306136,0.98457634,0.97936475,0.35993207,0.33331165,0.4218603,0.44083154,0.41627643,0.352315,0.05166088,0.038117282,0.9268202,0.28154427,0.96132827,0.69459784,0.24199165,0.95695716,0.963907,0.22423497,0.24365354,0.4186147,0.62499845,0.48468164,0.6530842,0.019922214,0.60122937,-0.8,-0.3,-0.55
0.18222833,0.2506439,0.43945312,0.45133412,0.9862824,0.983269,0.37910998,0.4019451,0.46848762,0.43625197,0.40201342,0.41224894,0.051918987,0.045253463,0.90933716,0.31406808,0.9565137,0.6718932,0.24521549,0.9557197,0.9680797,0.26724422,0.27500904,0.46285695,0.6311987,0.44602206,0.63704437,0.020442178,0.63688785,-0.8,-0.3,-0.55
0.22221215,0.2140058,0.44605806,0.45918494,0.9872593,0.97851413,0.36803558,0.3093866,0.42675072,0.44031605,0.4090409,0.35260463,0.04827641,0.06334746,0.8967109,0.28725576,0.96233636,0.7192695,0.2599301,0.9654217,0.96097857,0.29197487,0.27209547,0.43931383,0.59740466,0.47786197,0.6558204,0.023829527,0.56778497,-0.8,-0.3,-0.55
0.17963572,0.20640457,0.42757472,0.4540835,0.9852819,0.98469794,0.367412,0.33060476,0.4990351,0.41681,0.43171027,0.37975773,0.050407268,0.05356691,0.9117768,0.23547506,0.9554294,0.6995462,0.2561777,0.95819443,0.9630243,0.25340682,0.26997122,0.49561283,0.63657624,0.48657775,0.63107324,0.02050797,0.5836438,-0.8,-0.3,-0.55
0.21176282,0.22341906,0.40036142,0.44334954,0.98650557,0.97945446,0.34478503,0.3580395,0.4589875,0.44584024,0.40170193,0.3810243,0.060272563,0.061140638,0.9234538,0.29254016,0.95837516,0.6737414,0.27010712,0.9567212,0.9701156,0.2596417,0.28487772,0.48702595,0.6388426,0.4388261,0.60821885,0.02298752,0.57922554,-0.8,-0.3,-0.55
0.18883663,0.22886643,0.4107444,0.41311845,0.98429847,0.9811901,0.34228173,0.29040986,0.44249883,0.45843548,0.41826296,0.33883408,0.061142363,0.058708034,0.9157136,0.29651734,0.96702856,0.6744555,0.24489066,0.95700544,0.96569353,0.24165596,0.24698639,0.4406684,0.60616714,0.5099161,0.6193044,0.025278928,0.64679897,-0.8,-0.3,-0.55
0.19320923,0.22713397,0.45879462,0.42556328,0.98385274,0.98292106,0.33061647,0.33733663,0.46422476,0.482011,0.37207222,0.3623997,0.049937602,0.05223553,0.9025754,0.26823512,0.96275705,0.66581106,0.24055614,0.9602224,0.9648264,0.2698824,0.27814582,0.46482214,0.6328049,0.4395094,0.64707804,0.020071067,0.6466043,-0.8,-0.3,-0.55
0.22138603,0.21490285,0.45323816,0.46336868,0.9836517,0.98090553,0.38493308,0.38194647,0.48945284,0.46498415,0.4235649,0.3401609,0.04871272,0.04660127,0.88675064,0.29697746,0.9646288,0.7279577,0.23786819,0.9631282,0.9671104,0.23186655,0.24710646,0.4536683,0.65907675,0.43086398,0.679066,0.023892712,0.61931175,-0.8,-0.3,-0.55
0.21933906,0.21971132,0.45038694,0.4803208,0.9840879,0.9804283,0.35776094,0.36138582,0.43016526,0.4081495,0.3998556,0.34480336,0.057319745,0.04401276,0.9067395,0.3291122,0.9618527,0.7063406,0.24782823,0.957409,0.96415406,0.26594752,0.26908112,0.4578794,0.64934003,0.5024355,0.71160054,0.019519987,0.6167802,-0.8,-0.3,-0.55
0.21178636,0.22662935,0.498561,0.45093352,0.98430586,0.98058766,0.34237182,0.36414963,0.4786408,0.42849907,0.41615054,0.3597272,0.050613,0.03822678,0.9070515,0.31718165,0.9580444,0.678896,0.25667483,0.9490932,0.9640394,0.22826447,0.26420236,0.46481395,0.5925006,0.4632508,0.6599577,0.025111176,0.63889945,-0.8,-0.3,-0.55
0.20339483,0.20025297,0.41874683,0.47602135,0.9839289,0.9788188,0.35376614,0.3452825,0.46753317,0.4616471,0.36746407,0.3753247,0.058098763,0.046035465,0.91762197,0.2683273,0.9632249,0.6766084,0.257276,0.95271415,0.96344703,0.26719344,0.27129418,0.4362188,0.62793005,0.44988656,0.6324065,0.022942921,0.59433657,-0.8,-0.3,-0.55
0.21031766,0.23350574,0.44750422,0.4402981,0.9835992,0.97969383,0.3564784,0.3438574,0.4308971,0.44132555,0.41140366,0.3868893,0.056367025,0.053737078,0.9003099,0.23956624,0.9552254,0.6921911,0.2786979,0.95974785,0.96395874,0.26814854,0.25297686,0.4584072,0.6434456,0.46282455,0.62883806,0.024230136,0.6228068,-0.8,-0.3,-0.55
0.21982282,0.24859619,0.51805824,0.4583494,0.98464125,0.9789144,0.36626685,0.32194406,0.43146193,0.45360786,0.4250415,0.33200082,0.07352557,0.049164414,0.9210061,0.30121216,0.9604229,0.7047902,0.24705435,0.9550477,0.9645393,0.2668959,0.3064775,0.45237467,0.65124685,0.52425563,0.60143477,0.022680411,0.5864307,-0.8,-0.3,-0.55
0.2042762,0.24271542,0.45396256,0.48118347,0.98582286,0.9825227,0.40671527,0.32805687,0.42625365,0.43394428,0.39829874,0.33837542,0.061500333,0.051187832,0.92104053,0.3044194,0.96026105,0.6885723,0.30939546,0.9509895,0.9693496,0.27726412,0.23660062,0.46084988,0.63283676,0.47087294,0.6710345,0.026132667,0.6021308,-0.8,-0.3,-0.55
0.23238069,0.2265497,0.4862908,0.4910549,0.985083,0.98035014,0.3599505,0.31996387,0.4168994,0.4432015,0.412913,0.34847346,0.062880166,0.03911834,0.9107013,0.25604472,0.96485186,0.66084075,0.27813622,0.95802176,0.9641872,0.2548326,0.24045767,0.47155952,0.59635174,0.4110477,0.62648153,0.027155342,0.60082275,-0.8,-0.3,-0.55
0.17667294,0.23515843,0.46685472,0.49814582,0.98394877,0.9814363,0.34266272,0.32561228,0.43913758,0.46558765,0.37558317,0.37049636,0.059794053,0.046618126,0.9085024,0.28131562,0.9620584,0.6742249,0.27198452,0.9629695,0.95636225,0.25565434,0.26109704,0.46002936,0.62300384,0.4632732,0.63615507,0.019761648,0.60445696,-0.8,-0.3,-0.55
0.22129291,0.18983869,0.44977733,0.4613276,0.98505545,0.98016226,0.36525413,0.3160207,0.42457032,0.44316283,0.43548873,0.37800407,0.0685213,0.051243458,0.8865302,0.25843924,0.9637194,0.65800476,0.2800242,0.9647651,0.96118176,0.26045918,0.23806508,0.46888375,0.60565746,0.46169636,0.6470929,0.021902632,0.58764315,-0.8,-0.3,-0.55
0.18222813,0.19789757,0.44559598,0.4717441,0.98478705,0.9848899,0.39686167,0.39722127,0.4300847,0.42404023,0.40458286,0.3453918,0.06693949,0.06525509,0.90872663,0.26569304,0.9603259,0.6851183,0.23250252,0.95864975,0.9612618,0.2651635,0.25056306,0.46788347,0.5918816,0.46304223,0.5683657,0.020342704,0.595057,-0.8,-0.3,-0.55
0.23883213,0.21673238,0.47703266,0.47546622,0.9865022,0.9799415,0.36384806,0.3128698,0.46435395,0.44977,0.40923378,0.40404567,0.07008589,0.048949685,0.89881796,0.28918272,0.95159835,0.6817251,0.27770758,0.95618784,0.9632607,0.24268453,0.21697074,0.5573907,0.5746344,0.48323914,0.6759752,0.025209853,0.58566403,-0.8,-0.3,-0.55
0.19526675,0.20264848,0.40300977,0.46203533,0.98621225,0.97914904,0.41589046,0.3713308,0.43335173,0.47618446,0.3829013,0.36735862,0.068205334,0.05609056,0.91980755,0.2722788,0.9568914,0.6651509,0.26877916,0.95262945,0.9666145,0.27694526,0.22736539,0.5062082,0.58886856,0.54434496,0.6645353,0.023218095,0.55160975,-0.8,-0.3,-0.55
0.18798785,0.21501301,0.43423045,0.4753251,0.9842949,0.9836066,0.39889133,0.3562908,0.42438698,0.47620127,0.38875917,0.3633896,0.06641611,0.059179686,0.9193395,0.2982434,0.9644408,0.66548896,0.2800627,0.9557637,0.96917367,0.2870633,0.24159774,0.45926577,0.62389296,0.4614149,0.63413346,0.019861063,0.5555252,-0.8,-0.3,-0.55
0.20054527,0.23420538,0.47128436,0.46098477,0.98230064,0.9810476,0.36388674,0.33511338,0.4333306,0.42899123,0.40480867,0.3318779,0.059642896,0.055131163,0.8947916,0.25450954,0.9626269,0.6681902,0.2795984,0.96592563,0.9631433,0.28359687,0.2291988,0.4578147,0.6360639,0.47689223,0.6164414,0.023655038,0.59536284,-0.8,-0.3,-0.55
0.22851653,0.24888623,0.4896609,0.4789515,0.98456997,0.9809132,0.35088268,0.367026,0.37132627,0.46820208,0.38181457,0.36292386,0.061763063,0.052029777,0.900916,0.3059387,0.95921713,0.6888552,0.27407658,0.9596542,0.9698183,0.2668695,0.25891584,0.4682336,0.6362157,0.47795972,0.6586534,0.024524234,0.60684425,-0.8,-0.3,-0.55
0.22531202,0.23698384,0.4432864,0.5050341,0.9837869,0.97980475,0.3689355,0.30748364,0.43479073,0.43393773,0.38124976,0.32506707,0.059775386,0.0558872,0.9141611,0.3122354,0.96007466,0.6790087,0.28532064,0.96435934,0.96656513,0.27754265,0.2910639,0.46641877,0.6335813,0.49064124,0.6696341,0.024066893,0.5960497,-0.8,-0.3,-0.55
0.20346013,0.23427275,0.45498493,0.4687384,0.9862213,0.9786447,0.38687864,0.3291021,0.37604538,0.37932244,0.387317,0.3312103,0.050360817,0.053063106,0.91208744,0.279228,0.97012657,0.6894954,0.25404724,0.95527804,0.96220225,0.2672514,0.23640907,0.50715,0.647592,0.49196032,0.6396938,0.022716323,0.6036999,-0.8,-0.3,-0.55
0.2157309,0.22756676,0.4362326,0.4562137,0.983787,0.98281753,0.3944857,0.35034654,0.45170996,0.4724221,0.3586301,0.35758963,0.0507228,0.05368107,0.88648075,0.27682358,0.95992446,0.67408615,0.24647456,0.9561617,0.9652043,0.28836825,0.23561433,0.48459914,0.65009654,0.48534602,0.63370365,0.023421422,0.65581113,-0.8,-0.3,-0.55
0.1939772,0.21321188,0.44817346,0.42786044,0.9872196,0.98026854,0.36538163,0.32794872,0.40850168,0.40363714,0.3678859,0.3270663,0.056193326,0.04896606,0.91108984,0.34401935,0.958231,0.6476233,0.264334,0.9490726,0.96016616,0.2378406,0.23589332,0.45821556,0.61795646,0.43545058,0.6488564,0.021905974,0.67357653,-0.8,-0.3,-0.55
0.18599072,0.2080271,0.4145283,0.4461605,0.98589325,0.98184156,0.3809663,0.3530969,0.409964,0.4598567,0.38575158,0.363066,0.05167627,0.05155159,0.9007882,0.29236978,0.9616479,0.7113955,0.25767204,0.9560525,0.9625484,0.27680135,0.22599317,0.45147234,0.6319841,0.4703343,0.6789537,0.021679072,0.6234599,-0.8,-0.3,-0.55
0.18761717,0.21579702,0.44766748,0.43208012,0.9837316,0.98229355,0.4436341,0.35342908,0.4244362,0.44824925,0.3881751,0.41017285,0.060946863,0.03987071,0.89927644,0.28940836,0.96418077,0.68922323,0.2586904,0.9606579,0.9630423,0.2894023,0.27513036,0.43079537,0.59720385,0.44834563,0.6549886,0.02155396,0.6097439,-0.8,-0.3,-0.55
0.20616119,0.22182746,0.4881595,0.50228417,0.9842929,0.98053277,0.3569847,0.36770466,0.4737071,0.44029537,0.39652774,0.3604182,0.0690931,0.043208726,0.92388266,0.29197508,0.9606757,0.69173455,0.25060678,0.95663947,0.97082406,0.27412486,0.2583518,0.4614862,0.64861333,0.4454144,0.66115797,0.022695579,0.59408915,-0.8,-0.3,-0.55
0.18167362,0.22863019,0.43409687,0.5144215,0.98674345,0.9810198,0.3679697,0.3872475,0.41394305,0.49197757,0.38915333,0.34014773,0.05810076,0.052616563,0.9159316,0.3183504,0.9678076,0.64864993,0.25052714,0.9605063,0.964732,0.24829547,0.25274536,0.45510828,0.6334299,0.45280904,0.6703202,0.02165365,0.63487744,-0.8,-0.3,-0.55
0.21898474,0.22244856,0.3813175,0.4895557,0.9858314,0.9789574,0.37898257,0.31582493,0.44815493,0.42632502,0.3808325,0.37324595,0.04777547,0.04664687,0.91293925,0.3078357,0.96335775,0.70245737,0.22919852,0.96302515,0.9687845,0.2528797,0.2726733,0.4837526,0.6421007,0.51100945,0.646806,0.019078143,0.60781485,-0.8,-0.3,-0.55
0.19767745,0.17875363,0.4351055,0.47393534,0.98942786,0.98006433,0.3979238,0.34907398,0.38689014,0.42734736,0.37343,0.3731687,0.06048201,0.044826873,0.9025488,0.30907622,0.961241,0.67724234,0.25227782,0.9602131,0.9592846,0.27862608,0.2859543,0.4645446,0.62721866,0.5298444,0.6117212,0.021679617,0.6327155,-0.8,-0.3,-0.55
0.20950791,0.22167477,0.44107613,0.4309091,0.9861404,0.9783545,0.37662622,0.3724918,0.41345766,0.47912574,0.35589123,0.35901058,0.057334393,0.044244703,0.8891746,0.3123258,0.9585904,0.6965736,0.26147276,0.9598009,0.9628619,0.2959404,0.27921158,0.45714286,0.6125717,0.47949588,0.6382317,0.028506055,0.60999316,-0.8,-0.3,-0.55
0.21694157,0.21100155,0.44312438,0.42669493,0.98499775,0.98255414,0.36872283,0.32642907,0.4570515,0.39234927,0.41970158,0.3542217,0.053936563,0.055092424,0.8914724,0.33080983,0.95623183,0.7065193,0.2594881,0.9579187,0.9669981,0.26089746,0.25707114,0.506052,0.5908434,0.47786552,0.6661431,0.02626192,0.5999976,-0.8,-0.3,-0.55
0.18032798,0.24355741,0.4161732,0.50046724,0.9873769,0.98214227,0.39876208,0.40408877,0.4257213,0.4294996,0.44849387,0.33184144,0.059279375,0.05185087,0.9127771,0.24644832,0.95753425,0.7107451,0.23722827,0.9582241,0.96350193,0.25872755,0.29998067,0.4915535,0.6574703,0.49046448,0.6611833,0.021152083,0.62348765,-0.8,-0.3,-0.55
0.17622142,0.21782207,0.47264704,0.45433348,0.98717123,0.9811055,0.35022652,0.38418552,0.42775375,0.47620043,0.41674596,0.3727208,0.048247416,0.051597156,0.9165089,0.30488482,0.956015,0.6889301,0.27906644,0.9638861,0.9619744,0.25662872,0.2481847,0.43260378,0.6645551,0.45249382,0.6589801,0.02499683,0.5818013,-0.8,-0.3,-0.55
0.19300318,0.23136908,0.45384365,0.48348534,0.9844039,0.9789731,0.40033334,0.33622897,0.42789736,0.457098,0.38247278,0.39892465,0.06141633,0.05088309,0.90450734,0.2939319,0.96563274,0.6848514,0.2292045,0.96344125,0.96380216,0.24305996,0.2671536,0.4402793,0.6331672,0.4390947,0.65126455,0.022040222,0.6435726,-0.8,-0.3,-0.55
0.20626369,0.23114482,0.49306038,0.46520582,0.9844359,0.98223245,0.37033832,0.34407723,0.44688547,0.43297628,0.3659424,0.3547526,0.05698551,0.04432022,0.9100108,0.27868414,0.9660859,0.68831354,0.29429415,0.9567586,0.9704212,0.22923131,0.2560701,0.44370934,0.6350039,0.46540165,0.6303614,0.0216227,0.64040756,-0.8,-0.3,-0.55
0.21922666,0.22686781,0.46838048,0.46107686,0.9848684,0.97621036,0.3806563,0.3307906,0.44831154,0.45978892,0.38508165,0.3727691,0.05036199,0.05571508,0.9006792,0.3360964,0.9580722,0.6888959,0.25996175,0.9608056,0.9715137,0.26143748,0.24616821,0.45622504,0.63275,0.4447755,0.6571952,0.025078919,0.6163145,-0.8,-0.3,-0.55
0.17944641,0.22964838,0.45906386,0.48115245,0.9832887,0.98103297,0.37482047,0.37297848,0.45200193,0.4236272,0.35618246,0.31278202,0.05329538,0.048092943,0.91021204,0.29228237,0.9585059,0.6853561,0.23713712,0.96191204,0.96826464,0.26111677,0.26480094,0.43348736,0.6377063,0.5157327,0.65659016,0.019994175,0.63570905,-0.8,-0.3,-0.55
0.19250166,0.20549124,0.4672875,0.4627978,0.9848299,0.9788061,0.39429748,0.33948418,0.450777,0.4272248,0.36659613,0.38060385,0.044749655,0.043360796,0.90961653,0.3086692,0.95947504,0.68089044,0.25442195,0.96031797,0.96680343,0.2786028,0.25910947,0.45116493,0.6523267,0.45324472,0.6369315,0.022907792,0.62121433,-0.8,-0.3,-0.55
0.22503741,0.22378322,0.45795214,0.48695606,0.9869724,0.97997093,0.33569357,0.34189597,0.44097614,0.4374711,0.4198416,0.33242345,0.06221839,0.053478744,0.90818304,0.29857293,0.96282536,0.6800871,0.2806796,0.96217275,0.9640804,0.269297,0.2622259,0.46383357,0.644355,0.45688805,0.6489817,0.019496953,0.55455905,-0.8,-0.3,-0.55
0.19985324,0.22148837,0.43651554,0.44993588,0.9853262,0.9824897,0.36002085,0.3901777,0.39485696,0.39787897,0.41447845,0.34656402,0.05787996,0.0570544,0.91235054,0.29728296,0.9582604,0.699154,0.2618725,0.9584331,0.9653617,0.24758922,0.2506139,0.45977643,0.62795585,0.45502174,0.65814227,0.023919417,0.5787409,-0.8,-0.3,-0.55
0.1993997,0.2582063,0.4758191,0.48671928,0.9837609,0.97887576,0.3492959,0.3208038,0.45655286,0.45455003,0.3746107,0.32540092,0.060560487,0.049030464,0.9156449,0.2965332,0.95837307,0.68794054,0.24267441,0.96381533,0.9654617,0.27661124,0.24488302,0.46090558,0.65342534,0.50737447,0.65814745,0.024086911,0.57016784,-0.8,-0.3,-0.55
0.24006355,0.24131355,0.45726237,0.47628513,0.9836891,0.97978985,0.43638828,0.3655381,0.44790116,0.44373387,0.42119867,0.35636625,0.054523822,0.051919986,0.9090891,0.24916428,0.9564814,0.69898254,0.25448635,0.9581236,0.9638994,0.27598366,0.25262895,0.48804063,0.6388176,0.46706367,0.6323129,0.020116486,0.55435616,-0.8,-0.3,-0.55
0.21589638,0.21272898,0.43557262,0.45850888,0.98535174,0.9828346,0.33063665,0.33209562,0.4100393,0.4690186,0.4002991,0.36987883,0.061155263,0.042396683,0.91030973,0.29647133,0.9668288,0.7017148,0.26374695,0.95709604,0.9647128,0.24436587,0.2276071,0.46556568,0.64316934,0.49396217,0.67384106,0.022729166,0.5883396,-0.8,-0.3,-0.55
0.20502506,0.23452467,0.46417296,0.46213064,0.98447996,0.98299545,0.36161965,0.378887,0.45592183,0.47763085,0.38909364,0.382335,0.060742926,0.04294091,0.9045927,0.30160072,0.9602371,0.69085103,0.2594127,0.95633674,0.9585598,0.28569555,0.23412958,0.48578832,0.6344596,0.49966007,0.641228,0.023843024,0.5861258,-0.8,-0.3,-0.55
0.22116852,0.21640289,0.44171584,0.43819934,0.98612034,0.9830609,0.37679225,0.36103064,0.45189363,0.44799808,0.38329998,0.3295495,0.06098591,0.053754922,0.89407456,0.28521985,0.9649612,0.7331117,0.2867241,0.95830476,0.9615054,0.27712113,0.2763443,0.47789595,0.6175712,0.51511437,0.6378028,0.024276746,0.6382869,-0.8,-0.3,-0.55
0.21880579,0.17113489,0.43627697,0.4787415,0.9872033,0.9857153,0.3710496,0.341307,0.464736,0.47666433,0.37170434,0.33558378,0.06639225,0.057689335,0.8851792,0.30826032,0.95675963,0.7079214,0.25823689,0.95860064,0.96279836,0.26883394,0.24612015,0.45517176,0.6038025,0.5317637,0.6483841,0.023172501,0.6036064,-0.8,-0.3,-0.55
0.19540782,0.20284916,0.3983583,0.45313695,0.9846533,0.97891986,0.3319984,0.32428175,0.48990178,0.45742494,0.37014318,0.34181494,0.05971178,0.049375232,0.91067857,0.23718996,0.96021533,0.67822784,0.2455911,0.9596863,0.96218216,0.2602193,0.291571,0.4443946,0.6535262,0.48531008,0.6837399,0.022015724,0.61588424,-0.8,-0.3,-0.55
0.17850621,0.23361671,0.42674464,0.41246802,0.9850916,0.97872555,0.37719795,0.34374192,0.4174354,0.43031585,0.39458883,0.33779266,0.05424602,0.054282814,0.90132225,0.3038011,0.95874155,0.66905785,0.2724451,0.9603755,0.9685278,0.266273,0.24562663,0.45273978,0.5918672,0.46716484,0.65489525,0.021069856,0.59585243,-0.8,-0.3,-0.55
0.19541387,0.20199351,0.423437,0.4067181,0.98648524,0.98309004,0.36645615,0.32196093,0.4153449,0.40408453,0.3624282,0.3474046,0.06282966,0.058108494,0.9044677,0.31361556,0.96025443,0.68747103,0.27994063,0.95689034,0.9617551,0.27179652,0.27105904,0.49525192,0.6497331,0.46014544,0.6688505,0.02151589,0.5818004,-0.8,-0.3,-0.55
0.20092836,0.20906484,0.41825727,0.46227226,0.9870356,0.97956353,0.37431648,0.30572337,0.45977664,0.43727407,0.40810832,0.3363436,0.06266787,0.045881238,0.8940225,0.3263239,0.96046156,0.68471587,0.26349533,0.9628669,0.95834076,0.26392934,0.23524313,0.4850922,0.6468036,0.4839392,0.64735377,0.021148045,0.59416056,-0.8,-0.3,-0.55
0.19557428,0.19187757,0.39940074,0.4659677,0.98734206,0.9805772,0.361969,0.36886448,0.4415858,0.4176375,0.42849135,0.3944211,0.060491003,0.04734991,0.8947946,0.24633774,0.9609276,0.7024528,0.28298765,0.95885116,0.9637854,0.25170133,0.2797925,0.46557176,0.6816918,0.49280185,0.6079578,0.023669126,0.6187001,-0.8,-0.3,-0.55
0.199785,0.23084448,0.44966927,0.49463898,0.984982,0.9839903,0.35656857,0.34545413,0.4089402,0.47959995,0.42150986,0.36348653,0.06703963,0.050882228,0.89701766,0.29408094,0.9592271,0.6769693,0.30946153,0.9522693,0.9645679,0.30199796,0.24866045,0.49648485,0.5731043,0.50899816,0.62811595,0.026032034,0.5593156,-0.8,-0.3,-0.55
0.21170719,0.21712954,0.44522122,0.45894176,0.9844334,0.9808899,0.37998348,0.35175294,0.42612603,0.41672096,0.36611465,0.3620876,0.07308709,0.055239763,0.8815232,0.2592285,0.9620023,0.6958628,0.2758651,0.9611325,0.9552883,0.27723154,0.24052802,0.50734997,0.62403536,0.48707956,0.61936104,0.024501134,0.5685751,-0.8,-0.3,-0.55
0.21198921,0.19113791,0.42950732,0.48258793,0.98629653,0.9821655,0.3753768,0.3259263,0.4625542,0.41746324,0.37664795,0.3387988,0.06740528,0.047230344,0.9136876,0.29317617,0.9611837,0.66754216,0.2666941,0.96090937,0.9539143,0.24729744,0.2923653,0.49580064,0.63929236,0.44654804,0.6299149,0.020768404,0.5710605,-0.8,-0.3,-0.55
0.17380159,0.22133073,0.42178717,0.45608634,0.98549336,0.97661495,0.40984294,0.38695005,0.39106247,0.48940483,0.37100083,0.39669216,0.05935349,0.05558699,0.9199566,0.26571143,0.95827127,0.666153,0.21987657,0.96073174,0.96368456,0.24905829,0.21890779,0.5023724,0.6189274,0.473806,0.5983648,0.029248796,0.635946,-0.8,-0.3,-0.55
0.20406437,0.22255956,0.45328215,0.45253348,0.98669434,0.9818866,0.35520983,0.31692654,0.4298267,0.43650517,0.39179748,0.33238125,0.05664723,0.053145166,0.91916776,0.2918161,0.96195453,0.6749451,0.25596288,0.9594356,0.96336305,0.26277614,0.23820743,0.44410956,0.6386354,0.46794122,0.6261816,0.020025672,0.5890479,-0.8,-0.3,-0.55
0.2239435,0.1828806,0.39193022,0.46273643,0.98447555,0.98135585,0.36864448,0.3449809,0.45078048,0.47599715,0.3702465,0.3953302,0.05796866,0.04512203,0.9073486,0.23910585,0.96588343,0.6723724,0.2669665,0.96828806,0.9655567,0.28558123,0.274609,0.47386336,0.62058145,0.43449926,0.6607604,0.026202329,0.64781606,-0.8,-0.3,-0.55
0.20637782,0.20228486,0.41378537,0.4490739,0.98505765,0.97929895,0.3617354,0.3586706,0.4289678,0.43137535,0.38725457,0.33807197,0.060886156,0.050739117,0.90896225,0.3195491,0.96581084,0.6794906,0.26556,0.95088905,0.9548756,0.26080328,0.24126916,0.47100753,0.61684495,0.46146405,0.68302536,0.023420861,0.62592703,-0.8,-0.3,-0.55
0.20578483,0.21252562,0.4231078,0.42808753,0.98429585,0.97960395,0.35372624,0.33102515,0.4246992,0.43599343,0.39837834,0.37234062,0.05083694,0.049301453,0.8970946,0.31514823,0.9583724,0.7198966,0.2738234,0.960287,0.96584356,0.270487,0.2503453,0.48874965,0.66040665,0.48214635,0.64837325,0.025626926,0.6254541,-0.8,-0.3,-0.55
0.21038705,0.17643908,0.4762348,0.3981328,0.9872421,0.97953767,0.38026783,0.33998773,0.3676345,0.41646698,0.38163456,0.3640126,0.05031302,0.05302453,0.8963256,0.32182336,0.9605313,0.69412285,0.24961221,0.9563596,0.96465075,0.26704755,0.25918216,0.46967974,0.63247633,0.4133751,0.6607487,0.022842743,0.6177026,-0.8,-0.3,-0.55
0.19080283,0.23995472,0.43165624,0.47353756,0.9817354,0.98230815,0.3712148,0.3585827,0.48904297,0.43280476,0.41109133,0.38069382,0.056315318,0.05233847,0.91232693,0.32756612,0.95326066,0.6946818,0.27096325,0.9536976,0.9643985,0.27017903,0.26371938,0.44668502,0.65372336,0.4455918,0.6831629,0.020187583,0.64027745,-0.8,-0.3,-0.55
0.23388596,0.23264115,0.45152858,0.44561765,0.98502964,0.9816773,0.35168904,0.3377899,0.46967006,0.47687766,0.39453214,0.3683559,0.054045312,0.039448973,0.91158265,0.29164034,0.9608671,0.7016466,0.29100093,0.9613205,0.96811813,0.2498312,0.2762405,0.45826918,0.63389415,0.49685103,0.6977959,0.020726122,0.65285957,-0.8,-0.3,-0.55
0.19068137,0.25576058,0.46194443,0.41994962,0.9862434,0.9814913,0.3756225,0.35410246,0.40718868,0.44609016,0.41158137,0.33668318,0.058146246,0.04451862,0.9029677,0.32524163,0.95676935,0.7061705,0.2416686,0.95797735,0.95731646,0.24532995,0.27352586,0.4526954,0.63765377,0.44042346,0.66653866,0.021567183,0.600858,-0.8,-0.3,-0.55
0.22382404,0.20275345,0.4951515,0.5122378,0.9834409,0.9810161,0.35585198,0.34615833,0.3889364,0.45866197,0.37578434,0.32224098,0.054875817,0.043834735,0.90797377,0.29101488,0.96380067,0.69139445,0.2668495,0.95912886,0.96554095,0.29249734,0.26156294,0.41892263,0.6238976,0.48477525,0.6583646,0.022993593,0.6284537,-0.8,-0.3,-0.55
0.21196426,0.24846624,0.48442146,0.46267664,0.98450595,0.9818683,0.34861892,0.34508818,0.42112187,0.46506965,0.40220824,0.36146003,0.06320085,0.051033016,0.9189568,0.26457238,0.96157753,0.6493224,0.25773245,0.9574855,0.96619976,0.26927722,0.26169696,0.48623106,0.6876838,0.5014374,0.65948874,0.022461204,0.5582501,-0.8,-0.3,-0.55
0.2250335,0.2386715,0.45085922,0.4745894,0.9841007,0.9811901,0.331347,0.35060737,0.42264122,0.46579313,0.4285671,0.27736777,0.052335408,0.05495117,0.9023349,0.29145345,0.9565137,0.678092,0.28431332,0.96534425,0.9642996,0.26558042,0.26743194,0.46650422,0.61249983,0.47218892,0.66874826,0.022762528,0.60825634,-0.8,-0.3,-0.55
0.2050243,0.21608865,0.47322202,0.44826707,0.98427355,0.9806012,0.34823003,0.3234685,0.45000413,0.47365436,0.37954032,0.34094936,0.060431935,0.04753532,0.890328,0.34501147,0.9590272,0.7487779,0.23513214,0.9554726,0.96684766,0.31148112,0.228586,0.47173178,0.5939494,0.48213682,0.63201016,0.024440786,0.62957144,-0.8,-0.3,-0.55
0.23366877,0.20838903,0.3920866,0.4879299,0.98776066,0.98233044,0.36696538,0.35686103,0.45539278,0.42493674,0.4431987,0.33229944,0.06052501,0.06259282,0.9037462,0.31324703,0.95373744,0.6782054,0.2528655,0.95920277,0.9598347,0.27885717,0.29325125,0.46001455,0.6243817,0.51314455,0.6394013,0.026231125,0.60762894,-0.8,-0.3,-0.55
0.21973945,0.20847541,0.41189542,0.4718155,0.9840874,0.98301905,0.35340977,0.33906725,0.44742388,0.38653556,0.37941736,0.35194755,0.079287685,0.054560304,0.8995447,0.3002836,0.95576817,0.71195906,0.23866493,0.95750636,0.9562492,0.24763209,0.28805414,0.4531581,0.61051553,0.4670637,0.6751526,0.027485602,0.59224904,-0.8,-0.3,-0.55
0.20301996,0.20745543,0.45817035,0.5079877,0.98706716,0.97659886,0.3785033,0.32262316,0.4105588,0.44228542,0.40011477,0.39214188,0.067515224,0.044350054,0.9062774,0.30461058,0.9608814,0.6690652,0.22741298,0.9639122,0.9658463,0.24877112,0.25549918,0.4388922,0.65439403,0.47094727,0.6506165,0.0197069,0.589207,-0.8,-0.3,-0.55
0.19116277,0.24448614,0.45430177,0.47427237,0.9867247,0.9850796,0.38663474,0.36257952,0.4324154,0.46816716,0.36222163,0.3150659,0.06295366,0.056896735,0.9078156,0.27410665,0.95917875,0.67550874,0.240009,0.9617771,0.96344304,0.28937447,0.26441997,0.47722426,0.6444378,0.47703648,0.6691701,0.024512788,0.5997045,-0.8,-0.3,-0.55
0.18548067,0.25251445,0.41085175,0.4706849,0.986128,0.98311955,0.37801653,0.37080273,0.41133702,0.48861906,0.38437268,0.348028,0.057786435,0.056394853,0.9205778,0.28040552,0.9590658,0.6731343,0.2681021,0.9582218,0.9658436,0.2830039,0.2827929,0.4535533,0.626196,0.45288882,0.6690659,0.02587478,0.61072904,-0.8,-0.3,-0.55
0.25488007,0.19692445,0.46118295,0.4742308,0.98567563,0.9807602,0.33283895,0.36659572,0.4478287,0.4506066,0.37434405,0.34080043,0.060130384,0.045006473,0.9092871,0.300476,0.9599753,0.6665531,0.26961353,0.961601,0.9588904,0.25453037,0.24314088,0.46166414,0.6461331,0.44796053,0.66846734,0.02475287,0.5996994,-0.8,-0.3,-0.55
0.21673557,0.21961485,0.5033721,0.47018778,0.9865045,0.9810755,0.36805168,0.34591973,0.44517562,0.40436214,0.4075834,0.29936132,0.050862666,0.041029897,0.8997794,0.30006686,0.95895594,0.62514025,0.24789974,0.958005,0.96370226,0.2763953,0.2631555,0.43937218,0.6429193,0.41689986,0.6393447,0.0240915,0.6242184,-0.8,-0.3,-0.55
0.21676567,0.21109308,0.4682372,0.49712202,0.98291254,0.9815916,0.3283585,0.3570194,0.4258294,0.4719773,0.3878905,0.34041423,0.045127477,0.039118808,0.898498,0.29126778,0.9650581,0.7109944,0.2533665,0.9580612,0.9643597,0.25297147,0.26332614,0.40138987,0.631389,0.42278346,0.6940899,0.023836056,0.62242794,-0.8,-0.3,-0.55
0.25595155,0.2125592,0.4610027,0.4400644,0.9867028,0.9833534,0.32816726,0.35619926,0.45140028,0.4285377,0.42157704,0.34369192,0.05474564,0.047145586,0.90276736,0.26993817,0.95493084,0.7127361,0.29213807,0.96121955,0.96111983,0.28631964,0.26958856,0.44664502,0.63884753,0.41959143,0.67589796,0.020987503,0.6199981,-0.8,-0.3,-0.55
0.24501956,0.21833272,0.4382763,0.46334243,0.98386484,0.9822009,0.35593152,0.3315796,0.38291448,0.4920919,0.36833096,0.3097849,0.052940816,0.036831513,0.9139383,0.2810367,0.95877594,0.6856894,0.27850464,0.96283585,0.9637441,0.27912804,0.2732437,0.4548335,0.67828596,0.42795077,0.65546143,0.021532902,0.6002695,-0.8,-0.3,-0.55
0.20535643,0.2513809,0.55044055,0.4933246,0.9855688,0.98018354,0.3829544,0.35096404,0.44207835,0.44448683,0.38437262,0.4017212,0.046752237,0.04552185,0.90641433,0.25407654,0.96496624,0.6804992,0.26479465,0.9574363,0.95921123,0.26817608,0.22321117,0.43661088,0.6471149,0.45168504,0.6852917,0.0215512,0.70182437,-0.8,-0.3,-0.55
0.21204129,0.24294725,0.4684026,0.49981165,0.9857739,0.9783558,0.3880548,0.32569063,0.3996466,0.43002722,0.37560052,0.33233452,0.047490597,0.04456264,0.92353135,0.28459978,0.961828,0.6539845,0.25738078,0.96727407,0.9633043,0.25987858,0.26495874,0.4520644,0.6837821,0.43731374,0.654895,0.019581607,0.63139164,-0.8,-0.3,-0.55
0.20053695,0.22793373,0.46996003,0.48362908,0.98498374,0.9820458,0.3717556,0.3196881,0.38717392,0.46628776,0.36547434,0.35573402,0.05269168,0.037648585,0.9150062,0.2650176,0.9599827,0.7025167,0.27181363,0.9610422,0.9699744,0.3160564,0.27150398,0.43799892,0.6722883,0.4898145,0.6498654,0.019932827,0.60434896,-0.8,-0.3,-0.55
0.18959644,0.2247503,0.44260558,0.44546947,0.98427236,0.9806954,0.36849937,0.3520597,0.46175414,0.445094,0.43038455,0.32523128,0.05495497,0.042701144,0.9067706,0.2876945,0.9593536,0.6873202,0.24466707,0.9627914,0.9705667,0.27642298,0.30378336,0.4313557,0.66749626,0.45383078,0.67190665,0.024308832,0.6154489,-0.8,-0.3,-0.55
0.2100133,0.2408131,0.465598,0.47458893,0.9845583,0.9810097,0.3646762,0.38557732,0.4587821,0.43757275,0.38744769,0.32490847,0.048468355,0.046357013,0.89683646,0.28123248,0.964237,0.687606,0.2792684,0.95897776,0.9693466,0.251638,0.25461447,0.4991054,0.65031415,0.42614847,0.66104746,0.018460693,0.64697313,-0.8,-0.3,-0.55
0.19835192,0.23686765,0.46892264,0.4799759,0.98179585,0.98024106,0.3875623,0.31365073,0.3985717,0.43294013,0.3774792,0.34368718,0.050439827,0.043509074,0.91500133,0.32280675,0.96301293,0.70814586,0.23460747,0.96532506,0.9689969,0.24131812,0.27088195,0.43274456,0.64935815,0.5101608,0.6675201,0.022092717,0.63392085,-0.8,-0.3,-0.55
0.18257429,0.24285573,0.4948871,0.49739048,0.9856771,0.97938436,0.40177724,0.38181758,0.42940694,0.4121729,0.37366945,0.3331699,0.05241015,0.04272674,0.91228694,0.2681408,0.9609472,0.66818917,0.24441026,0.9613345,0.96996194,0.26704845,0.24773318,0.47173247,0.6523594,0.4720621,0.70273685,0.021323837,0.60160536,-0.8,-0.3,-0.55
0.24781813,0.23502295,0.47424453,0.5169416,0.9829675,0.9781888,0.40060806,0.39443856,0.41233835,0.45794713,0.3856959,0.3588418,0.058581688,0.04082632,0.9096804,0.30324364,0.96658885,0.716011,0.23568071,0.9628303,0.9642309,0.24650359,0.26108286,0.42954093,0.6519082,0.46270794,0.6334314,0.025389345,0.63036364,-0.8,-0.3,-0.55
0.18460643,0.22403266,0.5093561,0.48749095,0.98428303,0.9799835,0.3489638,0.35221264,0.40846714,0.43205363,0.40975094,0.32363746,0.049969006,0.05266282,0.91926694,0.26931688,0.96106416,0.72668046,0.26998377,0.9547277,0.9660613,0.25679886,0.2616931,0.46667415,0.62821877,0.49843255,0.6398708,0.021388851,0.5940681,-0.8,-0.3,-0.55
0.22950435,0.22425067,0.41581583,0.49674767,0.9842406,0.9788836,0.36846477,0.35562298,0.46157232,0.46571368,0.4095348,0.36218327,0.07867462,0.064208366,0.8984686,0.27946207,0.96705407,0.6756122,0.26318923,0.960929,0.9631288,0.2620104,0.2928714,0.4685185,0.65612745,0.47588134,0.6570161,0.02351162,0.6199902,-0.8,-0.3,-0.55
0.21904661,0.23745449,0.44641978,0.4707151,0.9859513,0.9835686,0.3807463,0.32582963,0.42729837,0.48997688,0.41478187,0.39688286,0.054434087,0.05273543,0.9089144,0.30276558,0.9587183,0.67830426,0.26418528,0.94768935,0.9642013,0.27669007,0.27293763,0.49468705,0.62997556,0.44918513,0.6826321,0.024078656,0.61680454,-0.8,-0.3,-0.55
0.2352254,0.23378287,0.3985284,0.4822865,0.9845563,0.97760004,0.34796467,0.35697716,0.4486186,0.47813496,0.42008305,0.37239286,0.056846797,0.049808934,0.92054915,0.27347288,0.9578193,0.71826375,0.2552419,0.95654994,0.9718764,0.2514762,0.27806887,0.4406063,0.6157853,0.43568122,0.69581026,0.020145535,0.5676677,-0.8,-0.3,-0.55
0.18959075,0.211862,0.4927979,0.49516407,0.9864899,0.9827581,0.3821183,0.3672283,0.42303875,0.44657102,0.3869731,0.36695555,0.059328638,0.04669154,0.895015,0.27191177,0.9678096,0.6687156,0.2534067,0.96453285,0.9666667,0.2665013,0.28516686,0.49768263,0.6781233,0.44879863,0.65072936,0.021706413,0.65291625,-0.8,-0.3,-0.55
0.1976595,0.21157262,0.4723986,0.4351587,0.9838987,0.9804795,0.39741892,0.35003096,0.4003805,0.4676482,0.36565262,0.34833524,0.043105695,0.04899298,0.9115726,0.26715302,0.9618151,0.6816747,0.24009566,0.9645168,0.9651923,0.26314533,0.24969089,0.43538076,0.60554504,0.4955996,0.6288774,0.021659404,0.6512871,-0.8,-0.3,-0.55
0.20789129,0.25796378,0.5139879,0.45244884,0.986639,0.9809156,0.4043066,0.34429318,0.48467076,0.43459767,0.41115573,0.35520843,0.055036265,0.046863347,0.9023455,0.27037054,0.9584101,0.68173707,0.2602891,0.9616518,0.9659656,0.27943835,0.22928023,0.4625721,0.65127164,0.51342255,0.6785077,0.021618353,0.61253345,-0.8,-0.3,-0.55
0.1961855,0.22551838,0.41248134,0.47228515,0.98549426,0.9806159,0.4117274,0.38612,0.43142602,0.47373214,0.41575304,0.34482348,0.055682387,0.04465095,0.90932906,0.30179363,0.96644384,0.70545,0.26845726,0.9656685,0.9698851,0.27775973,0.26475656,0.45822322,0.6613684,0.47638926,0.6304346,0.022673124,0.6169644,-0.8,-0.3,-0.55
0.18870164,0.19404191,0.4721666,0.4450838,0.9873208,0.9826249,0.37753648,0.3260091,0.45769438,0.42709365,0.40004465,0.3676723,0.070581146,0.049493935,0.91024387,0.2859018,0.9620302,0.67335594,0.24034548,0.9609919,0.9604109,0.24764197,0.2583442,0.49792877,0.64709675,0.4299175,0.66789186,0.022151416,0.58323306,-0.8,-0.3,-0.55
0.21848725,0.19774179,0.4623408,0.45186427,0.98508275,0.97728527,0.36474642,0.3475927,0.4484796,0.41588315,0.40716907,0.3351973,0.06426454,0.050275438,0.91377777,0.26450238,0.96531004,0.71625924,0.23624888,0.9600043,0.96634346,0.2733926,0.26777604,0.4789437,0.6167787,0.4364743,0.64748186,0.02259057,0.59885985,-0.8,-0.3,-0.55
0.17704643,0.2287845,0.44731608,0.4950301,0.98617643,0.9829564,0.3731004,0.34474996,0.4520056,0.4023311,0.38135272,0.37634635,0.0698367,0.051662553,0.8962533,0.28856963,0.95521593,0.6620024,0.2431307,0.9577513,0.960841,0.25670022,0.24141963,0.4117397,0.644231,0.46406162,0.6540312,0.021428976,0.6217541,-0.8,-0.3,-0.55
0.1986376,0.20012765,0.48659754,0.45259777,0.9838485,0.9800295,0.35143125,0.33272156,0.47272983,0.40779772,0.3596072,0.3338647,0.053243235,0.04179261,0.8995191,0.30135164,0.96047974,0.6806648,0.28343976,0.95908594,0.965403,0.24714822,0.26408365,0.47096214,0.6387689,0.46284246,0.6125351,0.02051094,0.64297223,-0.8,-0.3,-0.55
0.18867518,0.22529595,0.4733004,0.49998963,0.98468024,0.97955245,0.38117132,0.39859632,0.4231195,0.43139613,0.37167627,0.32950145,0.061231688,0.05032287,0.879964,0.30204397,0.96004176,0.68796504,0.23249339,0.959779,0.964182,0.23821852,0.2837702,0.46603182,0.65705514,0.5045993,0.6043028,0.020131253,0.5977648,-0.8,-0.3,-0.55
0.1982668,0.25851622,0.4449611,0.467887,0.985707,0.9836489,0.36441803,0.35732052,0.42017353,0.45882627,0.39850575,0.32637525,0.060089406,0.044626456,0.9037215,0.31594682,0.96724844,0.70579726,0.25616714,0.96115243,0.96194845,0.28144854,0.2837444,0.47479516,0.64097446,0.4806477,0.6269538,0.023936138,0.58766526,-0.8,-0.3,-0.55
0.1870938,0.20111835,0.46745968,0.49340817,0.98570836,0.9802679,0.38650244,0.38996705,0.4518613,0.42733777,0.39233473,0.36134762,0.0659199,0.0464723,0.91486806,0.2966809,0.9626079,0.7048248,0.2574071,0.95487213,0.9599241,0.26627642,0.2484188,0.4393156,0.61894196,0.48367652,0.67549396,0.021195853,0.6206046,-0.8,-0.3,-0.55
0.19534099,0.23567526,0.45112285,0.46979907,0.98468333,0.97945297,0.37925893,0.3401372,0.4577614,0.44802472,0.39400747,0.34304386,0.061394855,0.05234973,0.9128956,0.30345377,0.96604776,0.7132486,0.27054387,0.95876783,0.95861614,0.2613215,0.27474353,0.5019967,0.6171517,0.47524017,0.6474052,0.020039557,0.6133517,-0.8,-0.3,-0.55
0.22103311,0.18728389,0.43572763,0.5152267,0.9843078,0.9812145,0.40522608,0.33502147,0.4084757,0.43499333,0.4231543,0.3337094,0.06212604,0.048756797,0.8991613,0.285654,0.9548554,0.73520297,0.2595956,0.96124256,0.9615207,0.27481762,0.24897815,0.46196595,0.6172388,0.44702685,0.60991377,0.021884406,0.620736,-0.8,-0.3,-0.55
0.19362092,0.21739206,0.454562,0.42864525,0.9859389,0.9811916,0.40641883,0.36388323,0.4262304,0.4612474,0.3678357,0.355034,0.06134224,0.04886169,0.9042065,0.32659093,0.95297945,0.66635644,0.2637928,0.95757985,0.9607184,0.26532343,0.2573064,0.5082872,0.6678409,0.5337619,0.63700825,0.022004833,0.61392057,-0.8,-0.3,-0.55
0.20101453,0.24186395,0.46925673,0.41063923,0.9845346,0.9840242,0.36254588,0.36730492,0.4451932,0.47622898,0.4095797,0.33831924,0.063951634,0.04853198,0.9106297,0.29904562,0.96307105,0.6647243,0.28029448,0.9547653,0.96531314,0.24791123,0.25467214,0.5048016,0.6115631,0.47247446,0.6204084,0.024935188,0.66238606,-0.8,-0.3,-0.55
0.19988553,0.19387354,0.43465388,0.45626324,0.9890725,0.9809038,0.39667875,0.3602514,0.4266687,0.4576266,0.358243,0.34919342,0.05950253,0.05083723,0.9112957,0.28792763,0.96043825,0.6956682,0.25943533,0.9632594,0.9639169,0.2670373,0.24237275,0.45456687,0.61451185,0.45224258,0.6611924,0.029998388,0.59120125,-0.8,-0.3,-0.55
0.20436049,0.21931133,0.43403763,0.4412107,0.98634225,0.97903675,0.41093177,0.32483336,0.4177919,0.43794426,0.41143242,0.33078223,0.062188737,0.060888227,0.90770054,0.3012037,0.9542722,0.67966825,0.2650457,0.9603834,0.96996963,0.25967613,0.261138,0.45069668,0.67833316,0.4540259,0.6224683,0.024126695,0.64661646,-0.8,-0.3,-0.55
0.19146818,0.22442521,0.41621038,0.4492931,0.98093516,0.9805792,0.37702748,0.3326518,0.44641465,0.4691039,0.389384,0.35866305,0.048841838,0.052784223,0.91762185,0.32298777,0.95909923,0.71535087,0.2536324,0.96314347,0.95971876,0.25819728,0.23154059,0.45150107,0.67447466,0.4270805,0.64601725,0.024828397,0.61956483,-0.8,-0.3,-0.55
0.194517,0.21838738,0.46293652,0.49276984,0.98466843,0.9818741,0.427472,0.3645376,0.43006706,0.42479798,0.37946662,0.3525862,0.051060483,0.044317752,0.91069704,0.29267624,0.96329147,0.70069647,0.25533462,0.95577407,0.9559504,0.24173214,0.24752505,0.45187512,0.64840436,0.44923764,0.7067472,0.02206375,0.6514524,-0.8,-0.3,-0.55
0.19752985,0.24206881,0.4812277,0.51496017,0.9841866,0.9835317,0.3980996,0.36316434,0.45003176,0.39955166,0.3637976,0.32161698,0.043587666,0.04938784,0.912236,0.3228957,0.956421,0.67565,0.25749958,0.9586126,0.964627,0.26230082,0.22484955,0.4237997,0.65187675,0.39342597,0.6792902,0.023898445,0.57257265,-0.8,-0.3,-0.55
0.20954807,0.2479736,0.49878404,0.46719846,0.98381376,0.9821031,0.3239963,0.3498168,0.4325029,0.44998348,0.43415126,0.3294538,0.055478275,0.05005327,0.9230774,0.25794226,0.9629259,0.64660406,0.27053916,0.9577379,0.9702333,0.25555995,0.22329569,0.46160766,0.6157356,0.4567731,0.69611967,0.025620705,0.6175943,-0.8,-0.3,-0.55
0.19689761,0.23927264,0.48820934,0.43246382,0.9882145,0.98162377,0.35242376,0.35384658,0.46555105,0.43023172,0.37421218,0.33012295,0.06056397,0.047915973,0.9198154,0.29419386,0.9598614,0.7064204,0.23967887,0.9641868,0.9685241,0.24773224,0.25327492,0.43560815,0.6609245,0.45490953,0.6743764,0.024814662,0.6041972,-0.8,-0.3,-0.55
0.18913221,0.21050358,0.4736005,0.46261108,0.9844549,0.9804788,0.39049786,0.34018543,0.43947232,0.43902037,0.39784047,0.37219697,0.051101208,0.048683804,0.90798193,0.27454334,0.9617453,0.691622,0.25416636,0.96307915,0.96635276,0.26441523,0.22405294,0.45979738,0.6314751,0.47956914,0.6492707,0.02101688,0.6326453,-0.8,-0.3,-0.55
0.1798501,0.22491983,0.4654425,0.47979394,0.98547596,0.9792213,0.35566553,0.3443003,0.45449564,0.46755067,0.40948755,0.34539214,0.05235537,0.056184854,0.9219193,0.2796998,0.95908993,0.6966609,0.24194793,0.96323097,0.96715105,0.2941817,0.27106345,0.42718402,0.6180157,0.42902017,0.6346098,0.022354916,0.60455316,-0.8,-0.3,-0.55
0.20449151,0.263078,0.48327482,0.47844082,0.98619604,0.98093504,0.35610276,0.30072156,0.43705544,0.4564659,0.37804738,0.32748917,0.05894026,0.058155227,0.9001786,0.2822325,0.95975107,0.692419,0.2327149,0.95826197,0.9659801,0.23530737,0.2648405,0.464178,0.6434622,0.46064213,0.70929223,0.020608362,0.6248421,-0.8,-0.3,-0.55
0.19956604,0.25975263,0.44697458,0.46746358,0.9855877,0.9819608,0.36921555,0.379407,0.37584352,0.41746563,0.3990209,0.35233432,0.061706595,0.05015982,0.9205867,0.31964377,0.96551484,0.6835151,0.27048403,0.9589063,0.96278685,0.3011331,0.27301753,0.4449598,0.62706584,0.47313362,0.6696946,0.024374362,0.59898084,-0.8,-0.3,-0.55
0.21755366,0.2167396,0.48923984,0.50645345,0.9857817,0.9777256,0.3661782,0.36558315,0.4373676,0.43739426,0.3568472,0.34562182,0.061290655,0.053691633,0.8990412,0.30351764,0.96177465,0.7108471,0.23446114,0.9536249,0.9553912,0.26476485,0.25775704,0.48271245,0.61707914,0.47115195,0.6978321,0.023675088,0.5839314,-0.8,-0.3,-0.55
0.19440885,0.2450958,0.42506075,0.5112953,0.98509383,0.9816969,0.37885147,0.33632654,0.43713453,0.456578,0.411539,0.3350422,0.05504558,0.04559592,0.91283983,0.32218105,0.9606371,0.6903011,0.27310285,0.95870924,0.9635237,0.2624317,0.280106,0.4556737,0.6431177,0.47055033,0.64445543,0.025391297,0.57891256,-0.8,-0.3,-0.55
0.20686568,0.22779034,0.46235427,0.4368645,0.9873167,0.9793609,0.34231275,0.36246434,0.41495207,0.43321282,0.41702035,0.3541707,0.050249383,0.050364703,0.9013235,0.30410308,0.9580839,0.7294644,0.2863798,0.96440804,0.9555232,0.25032568,0.23833613,0.46301186,0.63827384,0.46716145,0.6775164,0.022057394,0.5933429,-0.8,-0.3,-0.55
0.18678318,0.23108976,0.41267005,0.4257989,0.9839622,0.98006403,0.3995184,0.350839,0.45233056,0.4337557,0.38793072,0.3555386,0.059583694,0.040693827,0.8997033,0.31030518,0.9675964,0.6483948,0.23845653,0.94745123,0.9645828,0.27462518,0.24761131,0.47965348,0.651159,0.40783152,0.6388533,0.023380432,0.59034055,-0.8,-0.3,-0.55
0.20431884,0.2160444,0.41952738,0.48235577,0.98661995,0.984336,0.3578312,0.31689405,0.40723926,0.45678,0.40365237,0.3521225,0.05616431,0.04672071,0.8992857,0.28589162,0.95689243,0.7280809,0.312863,0.95572156,0.9709456,0.27518204,0.2567609,0.46655062,0.65023816,0.4545,0.622052,0.024097035,0.65444946,-0.8,-0.3,-0.55
0.23885487,0.1919788,0.44424993,0.4695052,0.98457265,0.98165476,0.37722862,0.34662774,0.42364302,0.47212195,0.34851158,0.351066,0.0504143,0.053797703,0.9061529,0.26027605,0.95511144,0.7068124,0.28180346,0.9486007,0.9631457,0.2423533,0.25040844,0.47203258,0.6224095,0.40699863,0.70716417,0.024966758,0.6317092,-0.8,-0.3,-0.55
0.20982684,0.21064955,0.487578,0.4656073,0.9845918,0.9798574,0.31810755,0.4115875,0.39653164,0.44537842,0.4216137,0.33388048,0.0525249,0.043516926,0.91560847,0.3329181,0.9647195,0.7077259,0.23929612,0.9602311,0.96720904,0.25106573,0.2592399,0.45335162,0.67284787,0.45848718,0.70514476,0.025361903,0.6491882,-0.8,-0.3,-0.55
0.22413953,0.19814701,0.47322342,0.502703,0.98451716,0.9814449,0.37096867,0.3431715,0.4292678,0.42590034,0.39327914,0.31500155,0.04161578,0.0429346,0.90007645,0.3022729,0.9666077,0.6941643,0.25186735,0.9703158,0.96759504,0.2642391,0.25746033,0.49341235,0.66936284,0.45178795,0.6566215,0.022857036,0.63308173,-0.8,-0.3,-0.55
0.1967574,0.19398767,0.48205405,0.44539014,0.9839483,0.9762275,0.34152696,0.36375394,0.46437174,0.4444889,0.41098168,0.34557787,0.052024137,0.051744368,0.8985541,0.288277,0.96011835,0.65291727,0.24065998,0.963123,0.96088547,0.251398,0.24703157,0.47579288,0.66345775,0.45082426,0.6275657,0.020575603,0.610467,-0.8,-0.3,-0.55
0.19476925,0.18448758,0.41919842,0.41402423,0.98629344,0.97899574,0.36715144,0.33300182,0.41966307,0.41964307,0.38008013,0.33827406,0.063201524,0.039947096,0.91672456,0.31698143,0.96363884,0.6898323,0.25923344,0.96047133,0.9713442,0.26505396,0.2292045,0.43621212,0.64530337,0.4944318,0.6851184,0.02332022,0.6260334,-0.8,-0.3,-0.55
0.19227958,0.23508532,0.45757085,0.43909046,0.9846405,0.98097104,0.3574199,0.33425388,0.3967657,0.4434553,0.456322,0.37640527,0.059434485,0.04394624,0.9186593,0.30183664,0.95864403,0.6490381,0.2827486,0.9575657,0.96372396,0.23828992,0.26457503,0.43029588,0.63710773,0.46993318,0.6178995,0.022093114,0.6011857,-0.8,-0.3,-0.55
0.2277694,0.2502717,0.4211712,0.46343452,0.9867388,0.9839161,0.36551088,0.32805055,0.4536137,0.4823017,0.3659266,0.37217155,0.05657143,0.052720793,0.9138168,0.31840202,0.96076894,0.62751836,0.27708218,0.96060926,0.95897985,0.26317272,0.23509715,0.43345466,0.6449631,0.44762477,0.65892565,0.021170879,0.6123821,-0.8,-0.3,-0.55
0.22849418,0.210563,0.47835666,0.5286941,0.98630303,0.9802398,0.4228193,0.31792304,0.43434376,0.45680803,0.36911225,0.32962248,0.047108848,0.04900526,0.9098334,0.32589567,0.96734613,0.70078313,0.259632,0.9601386,0.9681497,0.25982106,0.27247193,0.42503068,0.63491064,0.4286371,0.6525444,0.024210915,0.6313465,-0.8,-0.3,-0.55
0.20017311,0.20938197,0.44567844,0.5063683,0.98613703,0.9816238,0.39689574,0.349273,0.43184197,0.41289192,0.40644103,0.37069702,0.043141026,0.04514809,0.9165832,0.30009928,0.962187,0.6685654,0.234507,0.9568285,0.96248376,0.2814093,0.2825971,0.44321445,0.6638948,0.46512648,0.7015228,0.023289664,0.6610329,-0.8,-0.3,-0.55
0.22422792,0.22101186,0.45574042,0.44539747,0.9837847,0.98120004,0.36673465,0.39427125,0.44223765,0.40553045,0.42000607,0.31866705,0.057334382,0.04210515,0.91470754,0.2679278,0.96133274,0.653784,0.27291366,0.9660503,0.96329236,0.27123508,0.26013777,0.47780162,0.6596024,0.45222917,0.7020282,0.023497168,0.5952193,-0.8,-0.3,-0.55
0.21376446,0.2225806,0.47396296,0.48321888,0.98732287,0.97737384,0.3419349,0.37668362,0.445856,0.45083672,0.37232873,0.3450376,0.05360792,0.049476914,0.9176392,0.2917611,0.9642538,0.6888536,0.24479416,0.96457267,0.9620742,0.25491476,0.22544758,0.4602693,0.5957501,0.41009757,0.67571735,0.022167241,0.62488514,-0.8,-0.3,-0.55
0.22531138,0.23808743,0.4999005,0.48804668,0.98402345,0.9779758,0.3854457,0.377146,0.47898948,0.48060662,0.39511725,0.3126677,0.046212316,0.0412202,0.8997674,0.26787826,0.959915,0.650868,0.24930456,0.9629489,0.96984875,0.25169787,0.26170102,0.46679544,0.60597974,0.47943357,0.68593496,0.025912438,0.5835652,-0.8,-0.3,-0.55
0.23474808,0.24699621,0.49779993,0.47375706,0.98560786,0.98317856,0.37949422,0.37927017,0.4126816,0.44024917,0.396369,0.35954607,0.06057647,0.049072392,0.9160606,0.30855837,0.95790756,0.6841751,0.23437187,0.9620655,0.96394765,0.27296928,0.25936145,0.41165233,0.6396496,0.470466,0.6431436,0.023756528,0.591851,-0.8,-0.3,-0.55
0.21675035,0.26394555,0.4663227,0.49103993,0.9859489,0.97960395,0.3766907,0.34416953,0.4456705,0.43183184,0.32245678,0.29571953,0.0639772,0.0440967,0.91203046,0.2843338,0.9572223,0.66902214,0.254543,0.9610038,0.96631616,0.28628808,0.27474493,0.4214217,0.66177493,0.46564725,0.6156327,0.023986783,0.65270936,-0.8,-0.3,-0.55
0.25671932,0.2319481,0.47800756,0.47317228,0.98503494,0.97887784,0.37002927,0.3452331,0.44939166,0.4571482,0.49819538,0.41662544,0.05305459,0.045919515,0.9095671,0.33159727,0.9605513,0.6694208,0.27122676,0.9511862,0.96809524,0.27838,0.25898,0.48170248,0.6455459,0.49492252,0.6860861,0.025250575,0.65202546,-0.8,-0.3,-0.55
0.20751898,0.2463703,0.46718514,0.4595754,0.98482406,0.98009974,0.35073924,0.29566908,0.48321876,0.4326493,0.39555413,0.36217594,0.06326524,0.046142653,0.9089454,0.3047105,0.9549616,0.68537515,0.25792468,0.9577674,0.9631069,0.2710734,0.25899488,0.44650432,0.63639724,0.45897058,0.6528545,0.020092277,0.64072084,-0.8,-0.3,-0.55
0.2123481,0.22656326,0.4742324,0.44930008,0.98518145,0.98405856,0.3970167,0.33133987,0.42398348,0.42258292,0.398022,0.36694854,0.051945567,0.053025693,0.9004115,0.2933442,0.96114343,0.7348353,0.2699058,0.9547565,0.9616126,0.29850966,0.25737372,0.45727184,0.61976975,0.42829037,0.67677814,0.022682361,0.58234614,-0.8,-0.3,-0.55
0.21427786,0.23419641,0.46371397,0.5197413,0.9861108,0.9807413,0.37896916,0.3559842,0.45169526,0.4143425,0.37929556,0.3522796,0.050529584,0.055336647,0.91244173,0.28571907,0.95716584,0.68739265,0.25453088,0.9483824,0.963154,0.2681311,0.2889787,0.46331337,0.6056494,0.47606736,0.6414637,0.02337747,0.6369023,-0.8,-0.3,-0.55
0.20261273,0.22685343,0.4563621,0.44765982,0.9851564,0.98180133,0.367063,0.33646825,0.39632925,0.41575074,0.39800066,0.3665519,0.06435624,0.0431963,0.9173293,0.26983896,0.9572717,0.6827469,0.2613223,0.9514408,0.96306795,0.2736297,0.25384766,0.48557696,0.6311926,0.45739123,0.69567704,0.022299556,0.5935909,-0.8,-0.3,-0.55
0.20420165,0.2153622,0.45591518,0.5117181,0.98494256,0.9828315,0.3770586,0.33925533,0.42961997,0.43520248,0.37759858,0.39535362,0.048049584,0.046396945,0.9174429,0.25593713,0.9585194,0.72026956,0.26296654,0.9644733,0.9651169,0.25587413,0.27680773,0.42602414,0.6271195,0.45795503,0.6039831,0.023467448,0.6045762,-0.8,-0.3,-0.55
0.20715962,0.25094983,0.47186658,0.4627133,0.98396504,0.9815671,0.3547589,0.3671983,0.437755,0.43448928,0.4296854,0.36896497,0.057141747,0.05056742,0.89167345,0.29567626,0.9601475,0.68340975,0.2661752,0.95726764,0.9577597,0.28716168,0.26803565,0.46079454,0.6040989,0.47889838,0.64614445,0.020082647,0.64028203,-0.8,-0.3,-0.55
0.23709977,0.19157252,0.51395863,0.4403788,0.9848546,0.9799242,0.33690032,0.33670658,0.4081015,0.47226137,0.3701024,0.32370713,0.05570756,0.0475228,0.8918298,0.30849823,0.9511174,0.6916997,0.25807974,0.95350933,0.9556988,0.2797744,0.2617667,0.45838174,0.6323732,0.5192662,0.63276803,0.019725798,0.58983153,-0.8,-0.3,-0.55
0.22210723,0.21529692,0.4407102,0.50990313,0.98555005,0.98346806,0.36512017,0.33719605,0.3844301,0.41843295,0.33731595,0.35451534,0.05134804,0.04946791,0.91567254,0.2620712,0.9578917,0.6868816,0.287586,0.95383483,0.96412927,0.2769349,0.26330036,0.49118394,0.59844667,0.4704538,0.6158092,0.028881703,0.58992255,-0.8,-0.3,-0.55
0.22016919,0.24587484,0.45834097,0.48707503,0.98450816,0.9797298,0.39570257,0.3401708,0.41304016,0.44152716,0.4309821,0.33985862,0.057642475,0.06266567,0.88441694,0.27195993,0.9594157,0.6777651,0.25636777,0.9564225,0.9613462,0.2496329,0.28326893,0.49020618,0.6041046,0.49458066,0.63197416,0.024210574,0.61836165,-0.8,-0.3,-0.55
0.20490009,0.22400995,0.41058645,0.48792195,0.9858393,0.98323995,0.32490435,0.33767554,0.49524546,0.46457162,0.365697,0.31975603,0.06046513,0.05009989,0.9188471,0.2952027,0.9616312,0.6559126,0.28839722,0.96493286,0.96751547,0.27731743,0.24583347,0.48556802,0.65265036,0.4842645,0.64821684,0.024432657,0.5976609,-0.8,-0.3,-0.55
0.2029787,0.2058489,0.43443897,0.481279,0.9840364,0.9783418,0.35989165,0.35944057,0.42487407,0.4438603,0.39456773,0.3809027,0.05248097,0.055470016,0.9043593,0.3077668,0.96063566,0.6846751,0.24317259,0.9542188,0.96546406,0.25436217,0.23728687,0.48189962,0.5889362,0.4822157,0.65898883,0.023908462,0.60019493,-0.8,-0.3,-0.55
0.22559668,0.22428057,0.46832564,0.47831422,0.9879265,0.97950065,0.3455594,0.34732866,0.4773424,0.415025,0.37876973,0.38121524,0.055506513,0.059628487,0.91158664,0.2894607,0.9597439,0.6791532,0.24964176,0.95637816,0.9652444,0.25188228,0.2632315,0.4594407,0.63326377,0.4166113,0.6858784,0.02889866,0.65518576,-0.8,-0.3,-0.55
0.17723419,0.2140455,0.4317073,0.45293054,0.98551035,0.97940344,0.39024103,0.36787558,0.4231333,0.46991518,0.44120345,0.3313473,0.056902874,0.04124575,0.9120488,0.30344564,0.9565064,0.7208076,0.28208125,0.95522875,0.9655479,0.26913273,0.25693953,0.45393068,0.64869684,0.45470712,0.66245675,0.022802005,0.63267887,-0.8,-0.3,-0.55
0.18726738,0.16757055,0.40580887,0.46506488,0.9847365,0.9767521,0.34541374,0.33542064,0.4203768,0.43667078,0.39966953,0.35930645,0.05318433,0.049349044,0.91762173,0.31282988,0.9609767,0.67642087,0.22240232,0.96350956,0.9655157,0.26251274,0.27362576,0.41931114,0.6290426,0.4752026,0.64628935,0.024320513,0.58836895,-0.8,-0.3,-0.55
0.16878891,0.23029499,0.41723847,0.48216563,0.98587775,0.9819775,0.3775349,0.33145666,0.44038165,0.42520484,0.36209342,0.3614077,0.052995566,0.04945437,0.9085943,0.29166487,0.9502882,0.6667723,0.25405127,0.95285213,0.9646448,0.2737806,0.22608112,0.4808693,0.63909006,0.48184305,0.6505695,0.023260241,0.62356275,-0.8,-0.3,-0.55
0.21049614,0.19021131,0.43074065,0.43763214,0.9866774,0.9804161,0.3643538,0.37802055,0.40809286,0.45873916,0.41419727,0.35346094,0.067075774,0.049143333,0.90609545,0.2757877,0.9488579,0.6992137,0.23364055,0.95634073,0.9621424,0.27216667,0.28469667,0.48141277,0.61266744,0.47302222,0.6380272,0.025938887,0.5885065,-0.8,-0.3,-0.55
0.18958995,0.20447202,0.4185758,0.420479,0.98579234,0.9817545,0.35975584,0.33775133,0.42046255,0.43006048,0.36802056,0.37021583,0.06064748,0.044103634,0.90692115,0.27245188,0.95826864,0.68491155,0.22934051,0.9628114,0.95592797,0.29564297,0.24862331,0.50885075,0.58385944,0.490116,0.62095207,0.024619356,0.64412844,-0.8,-0.3,-0.55
0.19741376,0.21140905,0.36773077,0.4291085,0.98442036,0.9797864,0.36810422,0.34186187,0.3952548,0.47878596,0.4145962,0.33377934,0.06112247,0.056471266,0.90395075,0.28573376,0.9571394,0.6692533,0.260792,0.95783305,0.95881134,0.24875925,0.3012158,0.4957748,0.5632339,0.4660026,0.6023778,0.024621788,0.60994333,-0.8,-0.3,-0.55
0.20071025,0.23795946,0.39736292,0.42185315,0.9856507,0.9835368,0.37141523,0.31458676,0.44012934,0.48767212,0.39576933,0.34579307,0.067808464,0.060424928,0.90957564,0.29646984,0.9556051,0.6753114,0.26897037,0.95180255,0.9662193,0.22462007,0.24075629,0.50403225,0.5906128,0.49902558,0.64010626,0.021756176,0.5687975,-0.8,-0.3,-0.55
0.2124796,0.21143726,0.36348248,0.46863773,0.98295236,0.9803349,0.32884726,0.36034605,0.38069922,0.43323326,0.41704017,0.3444876,0.070280105,0.06086495,0.908311,0.31304994,0.9596829,0.6822084,0.2691898,0.96172196,0.9637109,0.26139867,0.26409155,0.48101625,0.60944396,0.51206386,0.5898795,0.025830654,0.6016923,-0.8,-0.3,-0.55
0.20218614,0.22644901,0.42384773,0.41962612,0.98573977,0.9791749,0.37907895,0.32350034,0.40789425,0.42148617,0.39081505,0.4196131,0.06831494,0.056866866,0.92101496,0.3158212,0.96178514,0.6898916,0.29450154,0.9597515,0.9630159,0.26317164,0.22471543,0.4919776,0.5768576,0.5217608,0.6257151,0.02462171,0.60302794,-0.8,-0.3,-0.55
0.19201587,0.20402852,0.45582443,0.40487242,0.98556477,0.9812201,0.36423633,0.36208442,0.4170358,0.4598984,0.38638377,0.32668334,0.06769326,0.05900403,0.9142622,0.299514,0.9599582,0.6924439,0.25662935,0.9545649,0.96389204,0.2754559,0.24474171,0.5041577,0.6033621,0.534659,0.6061368,0.021780115,0.60630673,-0.8,-0.3,-0.55
0.20220436,0.19631314,0.45400506,0.4107538,0.9850352,0.97520703,0.38923293,0.2852514,0.43762833,0.4797572,0.39728734,0.35622668,0.06544291,0.054622285,0.9157565,0.32418847,0.9597753,0.6767698,0.27063945,0.9591473,0.9626873,0.28983822,0.27992377,0.5135272,0.595957,0.48506874,0.6438104,0.020185772,0.5875551,-0.8,-0.3,-0.55
0.1689635,0.21204017,0.4197028,0.45528373,0.9862381,0.9810751,0.3716409,0.3699069,0.4153506,0.45962965,0.39297184,0.3624638,0.05587148,0.047521263,0.90101236,0.2988154,0.96114475,0.7052283,0.25410146,0.9592429,0.96722335,0.26414862,0.25301751,0.47776937,0.6189683,0.5049474,0.6702631,0.027754964,0.62562627,-0.8,-0.3,-0.55
0.19422022,0.20692551,0.48170614,0.50439304,0.9835805,0.982044,0.33437604,0.34093347,0.45464045,0.4425942,0.35685033,0.35542297,0.06467822,0.045671277,0.91091144,0.3098576,0.9632522,0.6622345,0.2484081,0.9623944,0.9631039,0.24492075,0.2631213,0.48535973,0.6233465,0.45347053,0.62375295,0.023443049,0.6560219,-0.8,-0.3,-0.55
0.19880636,0.23891795,0.46092477,0.4541935,0.98456514,0.9800924,0.35811386,0.34331515,0.4483471,0.44464907,0.44995037,0.36550194,0.06692365,0.050603382,0.9064685,0.27234796,0.96344656,0.68632823,0.26624832,0.9606656,0.9675052,0.24014108,0.2612232,0.4717669,0.6500537,0.43828756,0.6083502,0.02188709,0.5713677,-0.8,-0.3,-0.55
0.22234876,0.22639069,0.4715398,0.44825193,0.98678815,0.9809492,0.37262446,0.33331582,0.46261653,0.44546664,0.40451232,0.35900697,0.057595503,0.05407095,0.9189177,0.2942885,0.9598068,0.6709479,0.24691892,0.955649,0.9612619,0.261712,0.26484573,0.52119285,0.6374049,0.4608485,0.704213,0.021738013,0.6045283,-0.8,-0.3,-0.55
0.19103295,0.23846467,0.45319253,0.45265284,0.9844263,0.98386914,0.3137494,0.30394357,0.43750504,0.40700218,0.39074248,0.37362722,0.058546253,0.048965853,0.916803,0.29167086,0.9627281,0.6740435,0.25200388,0.96580774,0.96842813,0.265326,0.23398611,0.43378532,0.6256887,0.4739979,0.66258055,0.026270537,0.63741267,-0.8,-0.3,-0.55
0.20722358,0.2277291,0.3925479,0.46988544,0.9848851,0.98196936,0.36237139,0.30614302,0.42604136,0.48606196,0.42062387,0.31939238,0.058467597,0.041983694,0.91856396,0.30626482,0.9629729,0.6958066,0.25860965,0.9635981,0.9630413,0.27263415,0.23838568,0.4695339,0.61071783,0.46616447,0.6844085,0.021051312,0.60540193,-0.8,-0.3,-0.55
0.20227684,0.20515357,0.43377087,0.42591232,0.9850402,0.9823935,0.36360344,0.32553142,0.45186326,0.38442868,0.4076421,0.32953596,0.05116158,0.048833553,0.9035221,0.2931338,0.9574392,0.7154746,0.28245962,0.9575291,0.9648058,0.27045047,0.2757097,0.45848617,0.6117169,0.4507132,0.6979727,0.022644898,0.6352984,-0.8,-0.3,-0.55
0.2185849,0.21183413,0.4510345,0.45259523,0.9873833,0.981897,0.3669302,0.38146037,0.4507458,0.4349446,0.40076002,0.33818585,0.055836603,0.060799632,0.9106334,0.32497707,0.9587741,0.6501387,0.26071906,0.9482624,0.96227187,0.26973468,0.27538097,0.45281863,0.637423,0.45800364,0.64398104,0.027427321,0.62345165,-0.8,-0.3,-0.55
0.20247392,0.22304955,0.44231582,0.50306195,0.98233634,0.98132026,0.37178046,0.3587513,0.46002686,0.41152507,0.3834575,0.38266462,0.049521625,0.047815364,0.902824,0.31412807,0.9608323,0.6812348,0.26988974,0.9589829,0.95914155,0.2532465,0.25478613,0.4557225,0.60985094,0.49452454,0.6692631,0.022865936,0.595052,-0.8,-0.3,-0.55
0.23783548,0.24060592,0.4629125,0.46882004,0.9867165,0.97672075,0.35463318,0.3644925,0.45478147,0.4280764,0.40971434,0.3614503,0.051849958,0.046325218,0.89819586,0.30602747,0.95721847,0.663182,0.255384,0.96077365,0.9564347,0.25176546,0.25598943,0.4997493,0.6243808,0.48323724,0.64091897,0.022770261,0.63798296,-0.8,-0.3,-0.55
0.19497661,0.18240614,0.4543331,0.4447568,0.98705053,0.982843,0.38554242,0.31620967,0.46600345,0.44928032,0.3979912,0.35209373,0.06446401,0.05266204,0.906714,0.313259,0.9641982,0.6733096,0.23971812,0.96359235,0.9732967,0.27836263,0.25317952,0.44540453,0.5843273,0.4804378,0.6505021,0.024622094,0.555817,-0.8,-0.3,-0.55
0.19644608,0.21109207,0.42332053,0.42034763,0.9834452,0.9817686,0.39801246,0.37641984,0.4783734,0.4156738,0.40699002,0.37138316,0.058332503,0.052874774,0.9132694,0.27780378,0.96130246,0.65094656,0.265515,0.9580329,0.961368,0.2699562,0.23689161,0.5066681,0.6054802,0.4790315,0.6303445,0.026183842,0.60218424,-0.8,-0.3,-0.55
0.18642487,0.24796385,0.42719755,0.45474085,0.98807806,0.98319536,0.37367544,0.29074895,0.43885922,0.4139778,0.4099429,0.357529,0.065829806,0.06588332,0.912829,0.31251302,0.96049136,0.6674321,0.25438973,0.9567879,0.96711236,0.27903247,0.22650453,0.46185243,0.6131559,0.4717695,0.62086,0.023103908,0.52368915,-0.8,-0.3,-0.55
0.21605508,0.2241929,0.43312687,0.45598683,0.9851478,0.98136854,0.3889552,0.3267334,0.43029615,0.41472083,0.3820786,0.35770002,0.05992627,0.061852716,0.9079374,0.2635092,0.9574126,0.6876138,0.23992983,0.95397234,0.9701515,0.31055152,0.24316357,0.45622554,0.5760556,0.515531,0.62785244,0.022336258,0.6218265,-0.8,-0.3,-0.55
0.17439526,0.2231214,0.43638772,0.45211223,0.9867943,0.97463316,0.37486836,0.32743487,0.4019473,0.44205165,0.3854395,0.35514924,0.06579792,0.059416056,0.9201919,0.29134244,0.956043,0.6923359,0.23573232,0.9595318,0.96996236,0.24079555,0.27856663,0.5031594,0.6009474,0.509905,0.6189669,0.02656924,0.58175206,-0.8,-0.3,-0.55
0.17356627,0.20438877,0.40972188,0.44401118,0.98533696,0.9822958,0.38778722,0.3360841,0.41593355,0.45812085,0.35658184,0.3215818,0.06873305,0.05847826,0.91772735,0.29851338,0.9607774,0.67442375,0.23686261,0.9641546,0.96439636,0.26450232,0.24124356,0.4862958,0.6108733,0.4562999,0.6202383,0.02593328,0.5720616,-0.8,-0.3,-0.55
0.22246093,0.21503706,0.43484586,0.47259608,0.9847451,0.98303926,0.35831603,0.33257505,0.41400537,0.41425577,0.3763926,0.34192446,0.061688475,0.050858304,0.9193122,0.31621754,0.97000825,0.6900406,0.26751542,0.96412504,0.9650406,0.24241853,0.25255862,0.47839049,0.6540185,0.5433108,0.6483328,0.020676507,0.6283415,-0.8,-0.3,-0.55
0.21290174,0.19881628,0.47899202,0.5159181,0.98561597,0.98049074,0.3527082,0.3018699,0.42392373,0.49218994,0.3777036,0.35510787,0.06781814,0.060679257,0.8986663,0.26853266,0.957919,0.67043483,0.24989752,0.9611779,0.9640906,0.26623544,0.22777092,0.48251894,0.58919996,0.47024593,0.6553263,0.023553787,0.60367703,-0.8,-0.3,-0.55
0.20840341,0.18281248,0.420648,0.48611352,0.9875634,0.9798908,0.4148268,0.38266706,0.40327016,0.40238088,0.42318907,0.34024698,0.055147808,0.05330545,0.9066684,0.2735124,0.95113766,0.68283886,0.2648345,0.9613362,0.96371645,0.24031074,0.282588,0.49284765,0.60496694,0.47072908,0.63081414,0.023387259,0.56927806,-0.8,-0.3,-0.55
0.21317928,0.20372777,0.42267528,0.41348416,0.98699003,0.98066413,0.37286958,0.35766307,0.4354364,0.48171976,0.40175998,0.33847874,0.058482982,0.052612107,0.92225194,0.2953978,0.96366817,0.6983913,0.25259224,0.95987725,0.9600192,0.25891346,0.26142544,0.5279125,0.5839981,0.5083968,0.61705756,0.0251779,0.5762007,-0.8,-0.3,-0.55
0.203874,0.20457488,0.39156845,0.41953015,0.9861406,0.986407,0.3399105,0.363914,0.4507983,0.47866938,0.41761798,0.36984944,0.057099245,0.0630069,0.91321474,0.26911736,0.96168953,0.6880065,0.266177,0.96432376,0.9614878,0.25161213,0.22401437,0.4710281,0.5784223,0.48953357,0.6374267,0.020932272,0.6119786,-0.8,-0.3,-0.55
0.22459835,0.21919513,0.38828447,0.4221565,0.98401916,0.98176825,0.33340067,0.32238844,0.38710114,0.46150294,0.390526,0.33418795,0.06129115,0.058209796,0.912746,0.2864134,0.96573603,0.6534244,0.2523888,0.9636576,0.9661502,0.25993523,0.21248354,0.48000228,0.6106295,0.5245252,0.62098944,0.023714801,0.54699117,-0.8,-0.3,-0.55
0.19826044,0.21433349,0.4382467,0.4072358,0.9866153,0.9799556,0.35788363,0.33869845,0.43510664,0.47683728,0.40892324,0.3747969,0.07532554,0.050973706,0.91396934,0.28628725,0.9599885,0.65579015,0.27404523,0.95954573,0.9678113,0.27906218,0.28298908,0.45256582,0.63931584,0.496743,0.6166641,0.024230711,0.5701381,-0.8,-0.3,-0.55
0.17539029,0.22125077,0.38951328,0.41123143,0.98798114,0.9819308,0.37112185,0.31099522,0.4404069,0.44394374,0.37566707,0.3994817,0.06929532,0.05253118,0.91745,0.33861992,0.9478137,0.6652094,0.24869466,0.960003,0.9654682,0.2904136,0.25404084,0.47981623,0.6072268,0.5211743,0.6641449,0.021246836,0.59235054,-0.8,-0.3,-0.55
0.19526792,0.22143945,0.45019135,0.4007444,0.9847199,0.98566496,0.31354842,0.30043024,0.44161794,0.45867968,0.37864488,0.36480233,0.049027927,0.04639028,0.9238098,0.3148112,0.9595822,0.67122096,0.26175764,0.95724624,0.9612596,0.2384152,0.27745274,0.45367378,0.6085318,0.48379993,0.6549993,0.023676643,0.6087642,-0.8,-0.3,-0.55
0.1902977,0.22728191,0.4197921,0.44533065,0.98246527,0.9821087,0.4096917,0.3393335,0.4788203,0.4302175,0.41272014,0.32825062,0.06830948,0.053056292,0.9064051,0.28032246,0.9535125,0.69813997,0.29440683,0.9577738,0.9645577,0.27010065,0.27522874,0.46201253,0.63097966,0.49430123,0.6353827,0.023228483,0.6331726,-0.8,-0.3,-0.55
0.21033624,0.23007126,0.457358,0.46454805,0.9863123,0.98015,0.35445362,0.3208356,0.42399243,0.46556407,0.3792456,0.32084268,0.059214458,0.045774408,0.90750885,0.32511964,0.95424384,0.7009765,0.2415597,0.9561151,0.9626048,0.25581482,0.24014515,0.49687663,0.64176285,0.52380764,0.64881516,0.02469166,0.5812601,-0.8,-0.3,-0.55
0.2092171,0.24008086,0.48595712,0.49692208,0.9874778,0.97916025,0.36933988,0.35517326,0.4423555,0.39726508,0.42513052,0.34894854,0.062116053,0.052201785,0.90323365,0.2873087,0.96533835,0.6693691,0.24324067,0.9643515,0.9648448,0.25544274,0.2009968,0.45800576,0.6419166,0.4753122,0.65512455,0.021484923,0.6352021,-0.8,-0.3,-0.55
0.22149482,0.2353362,0.521422,0.50056773,0.98663867,0.9784359,0.36351106,0.35271534,0.43614605,0.44206333,0.4220876,0.36232808,0.055934142,0.049968064,0.91879576,0.300019,0.96608126,0.70152736,0.2840048,0.96465576,0.9603565,0.27024242,0.2732277,0.4894424,0.63084304,0.4322865,0.6812485,0.024540473,0.64260757,-0.8,-0.3,-0.55
0.23526973,0.22455601,0.47757104,0.5149323,0.984674,0.977805,0.32066438,0.32949293,0.4628412,0.3768373,0.38208237,0.37685648,0.05904536,0.042693216,0.89996654,0.2682296,0.9650231,0.6830965,0.26581302,0.9630956,0.9616904,0.24977697,0.2480284,0.4481269,0.6144773,0.4947094,0.629138,0.027652653,0.62323165,-0.8,-0.3,-0.55
0.2161695,0.18809222,0.5294773,0.4320106,0.98216736,0.9784677,0.38840765,0.32861936,0.44411436,0.41200975,0.38924685,0.3460733,0.05620101,0.04613775,0.8905645,0.29213175,0.9594249,0.6515627,0.22337022,0.9595174,0.96641904,0.25974202,0.24422076,0.449562,0.61143327,0.48301798,0.6647447,0.025596568,0.5817727,-0.8,-0.3,-0.55
0.23484,0.21751246,0.45575628,0.44571325,0.98586255,0.98215437,0.32908815,0.34253436,0.43179008,0.44380623,0.37086657,0.30311713,0.059395004,0.045604307,0.91748166,0.28633025,0.95918477,0.66249865,0.26346686,0.9702382,0.97116226,0.27818832,0.2585481,0.45144206,0.63464546,0.42705634,0.64893633,0.024821274,0.5920907,-0.8,-0.3,-0.55
0.18649578,0.230101,0.44964096,0.5152548,0.98377186,0.98059356,0.40593454,0.3377043,0.41763955,0.4645327,0.39029437,0.36600426,0.055010505,0.04384475,0.9126515,0.28054214,0.95621026,0.6829995,0.2675731,0.9639582,0.96240723,0.2580204,0.2723435,0.51590955,0.64194626,0.5023057,0.6253923,0.021932112,0.6175043,-0.8,-0.3,-0.55
0.20861389,0.22786774,0.47878236,0.4422965,0.9881486,0.98325783,0.35431173,0.35946047,0.4237945,0.423046,0.41007242,0.32718602,0.06941175,0.060523845,0.9069198,0.32594943,0.95890594,0.7029597,0.2745455,0.95675,0.96175843,0.27515543,0.22269554,0.4797302,0.59007865,0.4316795,0.6457997,0.023325972,0.5805056,-0.8,-0.3,-0.55
0.23694533,0.2303998,0.4062417,0.44984978,0.9844973,0.9806527,0.36228415,0.34297037,0.40264764,0.45352075,0.3841438,0.31317434,0.058944464,0.05035198,0.9037817,0.27532315,0.95614237,0.71501476,0.2533529,0.95531124,0.9632949,0.22874525,0.27633634,0.49081153,0.6404488,0.4550812,0.6559692,0.020224087,0.59766954,-0.8,-0.3,-0.55
0.17564456,0.19863811,0.45639223,0.49693224,0.9844981,0.9835962,0.3708378,0.33281055,0.45498896,0.4350151,0.40146208,0.364235,0.06068439,0.05033159,0.8960453,0.33900073,0.9628857,0.64871526,0.25064048,0.95952433,0.96588916,0.2764461,0.27015018,0.45129386,0.6333993,0.46900675,0.67287785,0.024956135,0.63152117,-0.8,-0.3,-0.55
0.17444898,0.21581164,0.42886728,0.48267558,0.98348373,0.9752185,0.39763466,0.3718377,0.40476283,0.40299296,0.43606597,0.3484572,0.050763384,0.05032311,0.89575195,0.26450944,0.9626617,0.71227336,0.2464938,0.9537271,0.9605445,0.28270146,0.22039358,0.42528695,0.62484604,0.45116213,0.68324006,0.025101606,0.62196064,-0.8,-0.3,-0.55
0.2131898,0.2071426,0.45395604,0.46934444,0.9882372,0.9811865,0.3866183,0.3485824,0.40945423,0.4289902,0.40902856,0.35337228,0.050050605,0.053306475,0.88955164,0.28370452,0.9639408,0.6575307,0.27411824,0.95398384,0.960074,0.27273664,0.28394645,0.4334563,0.6392882,0.44452998,0.6759817,0.020166913,0.62406087,-0.8,-0.3,-0.55
0.1910704,0.23030889,0.48088825,0.4440787,0.9883124,0.9809848,0.40892816,0.33332932,0.43230185,0.4417998,0.43172395,0.35361186,0.04826731,0.04747469,0.92014736,0.29259345,0.95216763,0.67644054,0.24639088,0.9572304,0.9655905,0.25776303,0.23018657,0.42778933,0.6366913,0.45405254,0.6805051,0.02281303,0.6231279,-0.8,-0.3,-0.55
0.22660923,0.22828077,0.46311083,0.4750749,0.98585653,0.9809152,0.39335904,0.33124563,0.43011913,0.46033007,0.3617106,0.3415559,0.049661573,0.05256761,0.9101137,0.31342453,0.9673574,0.69093394,0.2742751,0.96179944,0.9666647,0.28089157,0.25059798,0.4318192,0.63772106,0.4269568,0.6588406,0.02423817,0.58496225,-0.8,-0.3,-0.55
0.23348537,0.22962369,0.46227854,0.49124837,0.9862982,0.9825753,0.36209974,0.35807166,0.40843922,0.4766086,0.3807445,0.3544388,0.0561055,0.04221025,0.9103195,0.31954098,0.96633506,0.6922115,0.2680358,0.95460165,0.9624069,0.25542307,0.28482187,0.4342628,0.6209168,0.4564557,0.66591156,0.022701507,0.5884317,-0.8,-0.3,-0.55
0.21790974,0.20122357,0.4619483,0.48277846,0.9859935,0.9794486,0.36712945,0.3342674,0.44681677,0.4599876,0.38092557,0.36620703,0.049967937,0.046976093,0.91285044,0.29365644,0.9607185,0.6655998,0.25787446,0.9586576,0.9704084,0.2501035,0.2584505,0.4644824,0.6461223,0.48447785,0.6647792,0.025450857,0.638636,-0.8,-0.3,-0.55
0.20422235,0.26446638,0.46082795,0.45731232,0.98516464,0.98133206,0.3868088,0.33615148,0.4279,0.4482433,0.3788995,0.366121,0.05353264,0.043461334,0.91701365,0.2828699,0.9594689,0.6708017,0.25011688,0.966519,0.9618354,0.23001045,0.21767862,0.4794446,0.66406375,0.47690076,0.69289166,0.019969495,0.6309231,-0.8,-0.3,-0.55
0.19028404,0.22981304,0.4545849,0.48659253,0.984063,0.9794038,0.35219374,0.33305243,0.4372224,0.4551689,0.38300142,0.36507338,0.06252979,0.037591904,0.92234004,0.32313165,0.96586376,0.69263333,0.26621392,0.9653547,0.9648788,0.2897736,0.28095564,0.49412557,0.63940746,0.4940422,0.65458596,0.022730874,0.6400924,-0.8,-0.3,-0.55
0.20481177,0.22790082,0.45269614,0.43218887,0.98562706,0.9824468,0.35861725,0.40089193,0.4269019,0.40787855,0.39714575,0.32807449,0.06347007,0.044413105,0.91270393,0.30246493,0.95522386,0.6924324,0.25400296,0.95284986,0.9653497,0.27942306,0.26471928,0.45270553,0.67475,0.45549846,0.65401083,0.024645964,0.6187901,-0.8,-0.3,-0.55
0.20932958,0.23377056,0.48528695,0.49148205,0.98561305,0.98000664,0.36394855,0.30084357,0.43690124,0.40412918,0.34447923,0.29749674,0.05536846,0.04084407,0.90379757,0.3147411,0.96447146,0.6643289,0.2801406,0.96438164,0.97118866,0.27270603,0.25851917,0.43870255,0.6352469,0.50405425,0.65463823,0.024891315,0.5971361,-0.8,-0.3,-0.55
0.2054991,0.21070437,0.47821912,0.50679165,0.9861888,0.9819302,0.3593982,0.3616296,0.43396878,0.43586308,0.37795138,0.35057542,0.05352502,0.053923734,0.91944975,0.29459685,0.9569421,0.6794258,0.23420566,0.95847994,0.96380526,0.30318803,0.25248745,0.4710821,0.6423017,0.5131789,0.6499416,0.021457642,0.6298827,-0.8,-0.3,-0.55
0.21984757,0.23157929,0.44998318,0.4878602,0.98570573,0.98012686,0.3897828,0.31306255,0.39590022,0.43298268,0.42971155,0.29063904,0.06092941,0.0608076,0.8875281,0.27361423,0.95473,0.68677425,0.25645012,0.9618922,0.9635452,0.26036718,0.26724675,0.45384058,0.6363733,0.47235963,0.603667,0.025608923,0.60811913,-0.8,-0.3,-0.55
0.20704629,0.2238674,0.4380951,0.48616883,0.9830772,0.9833286,0.33506086,0.36103332,0.37817684,0.4460382,0.41128168,0.35667434,0.054881193,0.044758156,0.9066098,0.32527372,0.9525246,0.7384429,0.2580526,0.9482146,0.96122605,0.25854376,0.20922072,0.48281458,0.6172526,0.47250542,0.65315735,0.024277803,0.6496637,-0.8,-0.3,-0.55
0.2157752,0.21616577,0.48422983,0.45045078,0.9865861,0.98291475,0.34274855,0.39181885,0.46975076,0.42110294,0.38954288,0.38485977,0.05423856,0.042630043,0.90855557,0.282119,0.9626279,0.7109668,0.25098136,0.96093863,0.9650329,0.2593993,0.27518147,0.46188715,0.64674455,0.49225315,0.6358241,0.019434804,0.6611667,-0.8,-0.3,-0.55
0.20794295,0.22205803,0.46594545,0.49134085,0.98522204,0.98203367,0.35111588,0.33875513,0.45249298,0.42928332,0.42386773,0.3736483,0.057306737,0.045648005,0.9098649,0.28469425,0.9590196,0.66568464,0.28285342,0.95699185,0.9655467,0.26693535,0.2474838,0.4705411,0.6279152,0.47390094,0.6394558,0.022104347,0.571241,-0.8,-0.3,-0.55
0.19113745,0.22332488,0.44364765,0.45065832,0.9832761,0.9799269,0.35355943,0.3421491,0.41337976,0.45207754,0.36783907,0.39488405,0.068960294,0.04919613,0.8951841,0.28817993,0.9631751,0.66599476,0.2769606,0.95837164,0.9607584,0.23645282,0.25495487,0.44979566,0.62704283,0.45758373,0.6524007,0.02111352,0.637417,-0.8,-0.3,-0.55
0.19278285,0.22096145,0.4379061,0.4420394,0.9851585,0.9826027,0.35576087,0.34546703,0.46377975,0.44932112,0.3745951,0.35965186,0.06606983,0.04610193,0.9114847,0.30496287,0.96343076,0.6800621,0.26798528,0.9615689,0.96677476,0.28401923,0.27254257,0.4463486,0.64554876,0.46391535,0.6638578,0.022671202,0.61605626,-0.8,-0.3,-0.55
0.18791875,0.20535164,0.42527202,0.4605699,0.98634607,0.979852,0.34079388,0.33239642,0.43083322,0.40849754,0.39684004,0.38515195,0.054018,0.053132437,0.8877628,0.2963946,0.9580825,0.6800782,0.26830316,0.96167475,0.9644988,0.2675499,0.2650361,0.46716124,0.66065085,0.42930362,0.6533551,0.020397555,0.57647026,-0.8,-0.3,-0.55
0.20186567,0.20632024,0.44032228,0.48262736,0.9823752,0.9816819,0.36954886,0.3332966,0.43178186,0.41763067,0.39571145,0.35679898,0.06364412,0.044036902,0.9034621,0.2861346,0.9614467,0.69912094,0.25912043,0.96209586,0.96512246,0.26067093,0.26397863,0.45688158,0.6369449,0.5097612,0.663748,0.02432753,0.6479799,-0.8,-0.3,-0.55
0.20025687,0.2105858,0.42944893,0.44067326,0.9855957,0.98267925,0.41448116,0.38535494,0.40633205,0.49092647,0.3796603,0.3504781,0.055589933,0.044155028,0.9127109,0.31077504,0.96183133,0.656912,0.25024605,0.959724,0.96173716,0.2683309,0.23524217,0.4251577,0.6103244,0.45766237,0.6577112,0.022018034,0.61401373,-0.8,-0.3,-0.55
0.2169433,0.22767547,0.46262974,0.4393872,0.9847719,0.97931755,0.3525981,0.31299675,0.42205632,0.43270725,0.40741396,0.36567464,0.05814923,0.05060636,0.91511333,0.29641867,0.965447,0.688243,0.2929951,0.9590589,0.9655893,0.26407385,0.24224116,0.47310928,0.63241214,0.49147964,0.63835406,0.022507815,0.6112787,-0.8,-0.3,-0.55
0.23085785,0.20834462,0.3986562,0.45847276,0.98360586,0.9837482,0.3875731,0.3294902,0.41788572,0.46624276,0.368177,0.3698777,0.068793476,0.0468734,0.90406907,0.31058568,0.9621796,0.7285574,0.27419755,0.9570447,0.95587337,0.29161415,0.21124491,0.46075082,0.6177359,0.47079837,0.5973921,0.0195558,0.60336363,-0.8,-0.3,-0.55
0.20134826,0.22253089,0.40820858,0.411673,0.9858051,0.9822519,0.36622277,0.3412878,0.4347073,0.4062215,0.39956528,0.3736107,0.05465605,0.049408313,0.9022126,0.29068297,0.96088207,0.6629131,0.27777308,0.96309835,0.9652684,0.28234026,0.27612138,0.48919663,0.64219624,0.46833456,0.6575082,0.027755346,0.5969459,-0.8,-0.3,-0.55
0.2349218,0.23169474,0.42612877,0.46667415,0.987427,0.9803554,0.42242286,0.30669326,0.415678,0.4551133,0.42107648,0.336733,0.061989475,0.060625065,0.9110113,0.30352488,0.9592597,0.6642862,0.26801628,0.95523435,0.96181875,0.26167428,0.24003778,0.45113325,0.6633942,0.49653298,0.6597716,0.021878809,0.63498706,-0.8,-0.3,-0.55
0.20327447,0.22806565,0.4696424,0.4582109,0.9807709,0.98054194,0.3845717,0.3169998,0.42269406,0.46121672,0.40735403,0.31399748,0.055798024,0.042328883,0.9134866,0.35224146,0.9634495,0.65840286,0.25994414,0.9498895,0.96218765,0.24199398,0.25339183,0.4717702,0.6420094,0.41468656,0.63565457,0.021628477,0.6321746,-0.8,-0.3,-0.55
0.20398478,0.2400679,0.4596626,0.44429925,0.9871093,0.9802924,0.36472812,0.32994434,0.42345697,0.45959988,0.41434947,0.32772565,0.05610151,0.048489876,0.9126012,0.2701301,0.9631609,0.6925285,0.26245508,0.9585992,0.968175,0.25242886,0.24848576,0.42512572,0.6627654,0.4491638,0.6751577,0.020900164,0.65666085,-0.8,-0.3,-0.55
0.22577333,0.24272412,0.4597208,0.45421597,0.98569334,0.9807916,0.42543185,0.36934078,0.442669,0.41866437,0.36906853,0.3441765,0.057985965,0.04338992,0.9335726,0.31104094,0.9616714,0.7067425,0.25610247,0.96144074,0.9666076,0.26960593,0.26241478,0.4153957,0.65547955,0.47595397,0.6252914,0.025616698,0.58923364,-0.8,-0.3,-0.55
0.22857213,0.2199877,0.4979885,0.4955341,0.9852771,0.98288167,0.35889223,0.37401757,0.42799288,0.47483742,0.41989547,0.36622474,0.05923161,0.04532281,0.9146757,0.27102593,0.96392995,0.70347816,0.24067894,0.96406335,0.96546036,0.2993059,0.24939033,0.46445566,0.60083026,0.4484792,0.6679807,0.023944505,0.6033692,-0.8,-0.3,-0.55
0.21761091,0.21716864,0.4959888,0.53065807,0.9850514,0.9803935,0.3514877,0.38007122,0.4125248,0.48804045,0.38638747,0.31125975,0.0507107,0.051042974,0.9136531,0.29679638,0.9664451,0.6546989,0.26937726,0.96664166,0.96630883,0.2750156,0.26083812,0.45802516,0.61334485,0.44403744,0.67878616,0.023123745,0.57618314,-0.8,-0.3,-0.55
0.2334086,0.22750756,0.50307924,0.48897383,0.98622245,0.9762199,0.4185974,0.37288848,0.42836195,0.4176669,0.39289433,0.3822671,0.06217322,0.048462473,0.91859853,0.29617956,0.9634995,0.6841263,0.2671881,0.95527524,0.95928866,0.27199596,0.25345096,0.45342857,0.63530195,0.44287997,0.6606596,0.01866685,0.58236617,-0.8,-0.3,-0.55
0.22838598,0.21460612,0.49956748,0.46145096,0.9840899,0.98246115,0.36075193,0.3821776,0.39296982,0.43979356,0.41658786,0.34032577,0.056754947,0.049738772,0.9123868,0.2924571,0.9658819,0.6745261,0.23141207,0.9573537,0.96593916,0.24804536,0.24676934,0.4741781,0.6258993,0.50092256,0.66189206,0.023168422,0.6180046,-0.8,-0.3,-0.55
0.22047597,0.20206907,0.44656312,0.49929503,0.9854682,0.9828987,0.33651295,0.35072276,0.42204753,0.43787155,0.36129245,0.34408584,0.05647997,0.045901123,0.9167521,0.2929981,0.95880103,0.72026366,0.26497895,0.96443385,0.96686757,0.24766858,0.23498407,0.45781198,0.5893225,0.48044762,0.6652814,0.022100275,0.61830306,-0.8,-0.3,-0.55
0.21000908,0.19851637,0.4376103,0.4394056,0.98555434,0.9811397,0.37606823,0.34210646,0.43476868,0.42386526,0.37179986,0.34701622,0.06360236,0.044510394,0.9077724,0.26291674,0.96089596,0.6678425,0.24142188,0.95570415,0.9709237,0.2777565,0.27086505,0.4849693,0.668376,0.50390965,0.67935807,0.021113658,0.60477835,-0.8,-0.3,-0.55
0.20864972,0.23051381,0.46642998,0.49588096,0.98389095,0.9794016,0.35207972,0.36514276,0.42847255,0.41984823,0.40278387,0.3125909,0.06685504,0.06108595,0.9128938,0.27331197,0.96340877,0.67989033,0.23407668,0.96372586,0.96656924,0.2806579,0.24132156,0.48728934,0.66180944,0.48317438,0.63896346,0.023361778,0.58094066,-0.8,-0.3,-0.55
0.18463318,0.1903488,0.43053886,0.39957812,0.9839755,0.97631925,0.37347415,0.3844373,0.45513803,0.44935426,0.3763464,0.37546602,0.0642566,0.055066444,0.9221462,0.2951225,0.96071994,0.6666824,0.2614393,0.95872974,0.9660778,0.23971917,0.26186502,0.4627017,0.64713013,0.4608522,0.65034866,0.029315867,0.63975567,-0.8,-0.3,-0.55
0.17616403,0.2057267,0.431261,0.47283518,0.98836863,0.98114234,0.37871593,0.3363607,0.45831352,0.44826353,0.3855771,0.37171558,0.05539312,0.056609172,0.9047769,0.362546,0.9665295,0.71296906,0.28590927,0.96160483,0.9704598,0.26829076,0.25596598,0.48689643,0.6069371,0.49412012,0.64512193,0.023865962,0.58207744,-0.8,-0.3,-0.55
0.18512572,0.2214706,0.4299177,0.44644868,0.9875773,0.9833967,0.3748942,0.36447158,0.38860077,0.44208616,0.3754711,0.32444197,0.07056612,0.04914817,0.90000564,0.32467002,0.9632346,0.6665994,0.2716838,0.9546095,0.96263885,0.25501594,0.2626879,0.45062074,0.6224218,0.44859317,0.6596848,0.023878792,0.58955956,-0.8,-0.3,-0.55
0.22989456,0.22122604,0.46772122,0.45879003,0.98443234,0.98282534,0.40120593,0.36670578,0.44674426,0.44977453,0.38692334,0.37922558,0.05708909,0.048074465,0.9044768,0.2778587,0.95577437,0.67148197,0.25461924,0.9634436,0.96393514,0.28219226,0.25890255,0.46136174,0.64991,0.43928918,0.6546792,0.025172044,0.6120719,-0.8,-0.3,-0.55
0.22142406,0.23882507,0.49931014,0.4955455,0.9817647,0.97739714,0.37562123,0.34125248,0.46560594,0.42595956,0.37786782,0.35630292,0.062440958,0.049587876,0.9142282,0.30121604,0.96185714,0.63711315,0.25079897,0.96194416,0.96464545,0.2879744,0.22073168,0.4684035,0.6334592,0.43734202,0.6588683,0.022738215,0.6108262,-0.8,-0.3,-0.55
0.22147363,0.22527741,0.4843399,0.47603247,0.9869658,0.9788746,0.36030877,0.33131668,0.44475737,0.43267074,0.35771987,0.39210713,0.056005016,0.048680857,0.9131046,0.29090947,0.9574633,0.7092578,0.26457146,0.96647626,0.9647433,0.31576797,0.26750743,0.46897373,0.63528466,0.45506677,0.6950512,0.024950644,0.61358756,-0.8,-0.3,-0.55
0.2643495,0.20909156,0.44333783,0.46168816,0.98643607,0.98039126,0.36303902,0.35969263,0.4700128,0.4410022,0.3621512,0.34042525,0.05114129,0.042174157,0.9140081,0.26800704,0.9646833,0.7003043,0.2639393,0.9626923,0.9659055,0.2687691,0.25386134,0.4818492,0.6668058,0.4153978,0.65363836,0.021963926,0.6516637,-0.8,-0.3,-0.55
0.22751188,0.2083936,0.5002405,0.47674638,0.98455393,0.98138636,0.34396684,0.3503523,0.4458181,0.45021376,0.41583815,0.36682698,0.05444857,0.04987308,0.92637324,0.26465482,0.9633187,0.70412433,0.24185221,0.9630485,0.9610864,0.30265054,0.25444517,0.484685,0.6920581,0.46452418,0.6640986,0.021779774,0.6029922,-0.8,-0.3,-0.55
0.22258995,0.21452707,0.49240097,0.46758533,0.98080355,0.9805493,0.34725848,0.3574523,0.43286532,0.43098804,0.39003983,0.33481026,0.055646747,0.043403152,0.9127394,0.30846187,0.964627,0.6998085,0.27767134,0.9547301,0.96407974,0.24844182,0.24008565,0.43125874,0.68910766,0.49120343,0.6969714,0.019712972,0.61169595,-0.8,-0.3,-0.55
0.22819813,0.20060222,0.48204052,0.54420376,0.9827293,0.9804088,0.3941467,0.36577386,0.40014416,0.43641564,0.4299275,0.32392958,0.05823141,0.041556846,0.90633714,0.29843256,0.9674672,0.6808609,0.25197992,0.95948493,0.96872103,0.24823572,0.24592166,0.44983542,0.6968977,0.41913038,0.6421654,0.020035548,0.6134323,-0.8,-0.3,-0.55
0.23334321,0.23626412,0.48492062,0.5330906,0.98534137,0.97746027,0.3478487,0.32693326,0.41228238,0.4509675,0.3912665,0.3218282,0.04526549,0.046416406,0.92717713,0.29624894,0.95851773,0.71612495,0.25621945,0.9614222,0.95986044,0.22729196,0.26303664,0.4465289,0.65884775,0.51253575,0.65965664,0.023433415,0.61397725,-0.8,-0.3,-0.55
0.21271646,0.25204554,0.4695261,0.4974056,0.9814338,0.98316365,0.35717103,0.32852885,0.45989662,0.4289742,0.35165724,0.378321,0.04643216,0.043071534,0.9071849,0.26310533,0.9590636,0.6824793,0.2912379,0.95941633,0.9670892,0.24933279,0.25309592,0.5253896,0.61064214,0.48911375,0.674577,0.025895853,0.607752,-0.8,-0.3,-0.55
0.1946783,0.23534429,0.5073532,0.44072485,0.9849145,0.9788785,0.38449544,0.36525902,0.40295842,0.44879007,0.37626958,0.40464827,0.063639484,0.0632905,0.9199789,0.3252816,0.9608178,0.71090937,0.29453582,0.9605175,0.96493804,0.24827425,0.26760828,0.4592394,0.64571375,0.4841822,0.66121066,0.023178035,0.6051675,-0.8,-0.3,-0.55
0.21081764,0.22917177,0.49098602,0.47486243,0.9851259,0.9824655,0.37942111,0.32503062,0.44739467,0.43684942,0.36104697,0.32769474,0.04639411,0.05085681,0.9055571,0.25566202,0.9662967,0.65790427,0.27772903,0.9573288,0.9680112,0.25634432,0.2647915,0.45835862,0.59881306,0.48362896,0.60894686,0.024570858,0.5643917,-0.8,-0.3,-0.55
0.19391644,0.23027813,0.50014734,0.47147927,0.9863051,0.9827948,0.374372,0.35122487,0.4541426,0.43058717,0.3835976,0.3199272,0.06347007,0.056621723,0.9147216,0.2750183,0.95844483,0.6839515,0.25911254,0.95342934,0.9628973,0.29344594,0.26920447,0.47679114,0.5901226,0.47341287,0.62181234,0.022847066,0.63206035,-0.8,-0.3,-0.55
0.2001345,0.22624913,0.49553835,0.48212895,0.9871076,0.97931445,0.35892868,0.36507046,0.42553008,0.42234382,0.35485643,0.35860798,0.061731562,0.05415824,0.90961343,0.26764736,0.950601,0.70979095,0.25959247,0.9628329,0.965177,0.26466152,0.27701315,0.51474375,0.68197185,0.531558,0.6154957,0.02275483,0.6086037,-0.8,-0.3,-0.55
0.19845475,0.20570716,0.4757435,0.4398321,0.9872033,0.981753,0.35770342,0.3319981,0.46419424,0.4668731,0.38901946,0.38386086,0.05771483,0.053430177,0.9058196,0.28670305,0.9579842,0.69054306,0.261924,0.9579841,0.96479356,0.29110816,0.28094947,0.46817857,0.61340386,0.4367934,0.65285873,0.020867184,0.66916186,-0.8,-0.3,-0.55
0.18607892,0.20699143,0.38118124,0.43808025,0.985973,0.9814891,0.3569187,0.36783516,0.41861024,0.44577366,0.38149413,0.3410212,0.063818775,0.040042043,0.89579314,0.27526155,0.964108,0.6783701,0.2504403,0.9573323,0.9659476,0.24658637,0.2643902,0.4627995,0.6094731,0.45111817,0.6434108,0.024531776,0.61271775,-0.8,-0.3,-0.55
0.19539444,0.23225631,0.39743337,0.4171666,0.9867274,0.9812073,0.3578491,0.33465216,0.45341375,0.44162154,0.32395515,0.29013216,0.059288878,0.050511975,0.90764976,0.28140372,0.96250254,0.6871368,0.26923463,0.9543531,0.96508306,0.27276385,0.23955388,0.47694424,0.61885744,0.47551998,0.6363535,0.023343723,0.65008646,-0.8,-0.3,-0.55
0.22128299,0.19231617,0.39929432,0.51603997,0.9835649,0.98224,0.3600003,0.36597633,0.42521322,0.43046746,0.3910789,0.33700725,0.063586146,0.04878037,0.91928864,0.3263744,0.9598189,0.7000027,0.21344933,0.95609355,0.9639874,0.2479963,0.25483736,0.44083115,0.6124077,0.47283024,0.6785186,0.027797807,0.59397215,-0.8,-0.3,-0.55
0.20492683,0.2329604,0.4682694,0.46761483,0.9857422,0.9785241,0.38346568,0.37738034,0.432431,0.4366175,0.42839622,0.37764007,0.060980823,0.0443315,0.9092117,0.25980932,0.9666677,0.6822123,0.27026477,0.96057475,0.9617387,0.291658,0.27918604,0.46331197,0.6242309,0.47079483,0.6409665,0.025314424,0.6538786,-0.8,-0.3,-0.55
0.18614523,0.21361183,0.4655835,0.46358344,0.9833097,0.9765678,0.37436348,0.31658605,0.4283015,0.43211693,0.37958348,0.32195833,0.06414957,0.04623726,0.8927073,0.2846656,0.9561015,0.6795899,0.24547468,0.9588714,0.9628625,0.23225278,0.29734594,0.44151545,0.6128146,0.48495498,0.6763871,0.020312577,0.62658495,-0.8,-0.3,-0.55
0.20258938,0.1978914,0.465735,0.45949975,0.98302585,0.9791164,0.3821382,0.33943003,0.4133816,0.40626255,0.43054917,0.32544416,0.05428016,0.047360707,0.910225,0.28878877,0.952897,0.67520756,0.2521772,0.9596267,0.9665881,0.294007,0.2464613,0.4342216,0.6321332,0.4813657,0.6882105,0.021341212,0.6332018,-0.8,-0.3,-0.55
0.21217808,0.25837526,0.4808528,0.44642937,0.9830035,0.9804874,0.35572582,0.30608386,0.42216527,0.4085756,0.39353114,0.33364695,0.049375918,0.03763468,0.91276085,0.29094952,0.9560367,0.6667419,0.26771104,0.9601273,0.96338594,0.3362959,0.24349247,0.42287445,0.65547,0.38541704,0.61634904,0.021786597,0.5917576,-0.8,-0.3,-0.55
0.22299792,0.24877933,0.51154655,0.48683402,0.97885567,0.97929436,0.3279728,0.366251,0.42564058,0.4014685,0.4130884,0.37348595,0.05263179,0.04463824,0.90882504,0.32390258,0.95523757,0.6847857,0.26418266,0.96273905,0.9674045,0.26730856,0.30056924,0.47353092,0.64118373,0.471082,0.6794432,0.021501318,0.59109014,-0.8,-0.3,-0.55
0.21037611,0.20477125,0.492383,0.4562965,0.98569065,0.9808123,0.36544296,0.31974044,0.4110732,0.43196678,0.4107406,0.38955876,0.0644313,0.051723972,0.9053538,0.28210372,0.9554511,0.6737758,0.26193044,0.9580168,0.96066076,0.24598768,0.22781952,0.48186153,0.67114705,0.48410085,0.67989075,0.021913739,0.64367086,-0.8,-0.3,-0.55
0.21155283,0.19833513,0.50029945,0.43196633,0.9839138,0.9804059,0.3535592,0.36889413,0.43096563,0.42940345,0.37334946,0.3313222,0.048152626,0.043723937,0.9138119,0.30356967,0.9616314,0.69349563,0.22590435,0.9607683,0.9723413,0.23781133,0.25488335,0.43796375,0.63717115,0.44573414,0.67506564,0.017277969,0.6389439,-0.8,-0.3,-0.55
0.22511287,0.22179064,0.45423016,0.5365368,0.9882067,0.9814543,0.35038373,0.3743794,0.40716305,0.42880437,0.4230344,0.3285428,0.049367223,0.036121678,0.9204868,0.30642647,0.9605997,0.68050003,0.23487861,0.95714855,0.9613971,0.26213506,0.25936827,0.49474266,0.66031784,0.44811276,0.6552641,0.024728317,0.55130464,-0.8,-0.3,-0.55
0.19403717,0.22964579,0.4948689,0.48848516,0.98644954,0.98467296,0.39338952,0.35166344,0.444416,0.42160952,0.3676235,0.3648657,0.052605085,0.04854452,0.91095346,0.26326796,0.96081644,0.68727803,0.28383628,0.9633927,0.9685688,0.24347128,0.28841248,0.46010193,0.6558519,0.46299505,0.6762649,0.023781324,0.60825986,-0.8,-0.3,-0.55
0.22176646,0.22602484,0.45860904,0.4528508,0.98380315,0.98279047,0.34230924,0.3406035,0.44421333,0.41029784,0.35386318,0.3544451,0.056523614,0.04451082,0.9178821,0.2872291,0.9674603,0.71874034,0.27111322,0.96114653,0.96533793,0.2529989,0.28561914,0.4527362,0.63730466,0.44975138,0.6266961,0.021177644,0.6123813,-0.8,-0.3,-0.55
0.19131266,0.22150655,0.4385097,0.40197757,0.9869098,0.9823521,0.37089756,0.34369433,0.43423262,0.46793556,0.44389322,0.38081312,0.061241772,0.044432912,0.8996377,0.34314886,0.9595826,0.65631205,0.27314332,0.9630096,0.96076894,0.27353647,0.26239347,0.5210052,0.64699954,0.44153422,0.6603869,0.02092423,0.5608648,-0.8,-0.3,-0.55
0.17421377,0.19715,0.43269464,0.45749,0.98541266,0.9814648,0.3865825,0.35917044,0.44867867,0.44097975,0.4464845,0.31424412,0.056996655,0.049840476,0.90297073,0.3072926,0.966463,0.69333726,0.2572231,0.96236265,0.9658343,0.25237328,0.2555982,0.47503334,0.6293102,0.42297876,0.6311072,0.025950938,0.67322874,-0.8,-0.3,-0.55
0.18642336,0.20772262,0.4534819,0.42270237,0.9857039,0.9791094,0.3914102,0.32905054,0.41613165,0.39761847,0.35722563,0.36350924,0.057008404,0.053411312,0.9028923,0.317231,0.9627572,0.70097756,0.26428142,0.9582589,0.9591003,0.2677831,0.24686584,0.46221077,0.6304252,0.46879902,0.6614081,0.025958393,0.6025407,-0.8,-0.3,-0.55
0.1935899,0.1993208,0.4088906,0.45312712,0.9839167,0.9818735,0.3496541,0.30940837,0.4008591,0.44294363,0.40669066,0.37868366,0.053307313,0.046103697,0.89960116,0.2742286,0.95811486,0.65354997,0.2878719,0.9512124,0.95615643,0.2567868,0.24461228,0.48037675,0.6075915,0.47724083,0.68135184,0.026841484,0.60602266,-0.8,-0.3,-0.55
0.19734569,0.22652826,0.46742722,0.44553113,0.98866254,0.977991,0.36216643,0.3450653,0.4531607,0.43887842,0.38575193,0.32768172,0.066391945,0.055260193,0.900952,0.291973,0.9569112,0.6940716,0.25933176,0.95612985,0.96508026,0.26948884,0.24802455,0.48917592,0.6471253,0.48305914,0.69023037,0.020672524,0.61559874,-0.8,-0.3,-0.55
0.2101176,0.1920897,0.42879626,0.47413543,0.9870285,0.9768158,0.37253633,0.3555646,0.4363701,0.4381316,0.4359861,0.3358192,0.06516584,0.049383022,0.9109606,0.2882626,0.95697045,0.63578546,0.27433312,0.9647441,0.96425503,0.30048594,0.2533073,0.45733476,0.6322841,0.44188952,0.6612929,0.023325978,0.6178331,-0.8,-0.3,-0.55
0.18578872,0.20240256,0.43399808,0.46737957,0.98453516,0.9788507,0.35062137,0.32457542,0.43661577,0.43860626,0.41149956,0.34883615,0.05900565,0.04491311,0.915561,0.28953496,0.9576609,0.69412166,0.22694324,0.9535957,0.9687834,0.22738376,0.23834448,0.44540673,0.68381137,0.4253433,0.6816882,0.018264044,0.6037438,-0.8,-0.3,-0.55
0.2116877,0.2323127,0.4372944,0.51983,0.98383635,0.97850275,0.39360046,0.3597272,0.47536144,0.41232723,0.3907611,0.3607072,0.049738806,0.046428308,0.9082564,0.27942494,0.96374923,0.6742102,0.24791715,0.9634737,0.9674674,0.24992087,0.23665632,0.47018152,0.65605706,0.45519692,0.6961555,0.019771237,0.5994355,-0.8,-0.3,-0.55
0.21507336,0.2314609,0.45645502,0.47270784,0.984373,0.980602,0.40799147,0.39270458,0.44793826,0.4676483,0.42626613,0.33082244,0.054661658,0.045523662,0.91846156,0.2719953,0.9632028,0.6932059,0.2431006,0.9657746,0.9616389,0.2739644,0.22427739,0.43954384,0.64092445,0.4311596,0.67621744,0.023545055,0.5908448,-0.8,-0.3,-0.55
0.2307818,0.20517612,0.43776283,0.47121093,0.9845462,0.9802884,0.39051917,0.3311043,0.42993897,0.43736658,0.40017205,0.3359317,0.061833523,0.045567576,0.88752455,0.2911528,0.966294,0.6664181,0.24750206,0.9581341,0.9694018,0.26311645,0.26931143,0.4840279,0.7165932,0.48555976,0.6827313,0.022326281,0.6291981,-0.8,-0.3,-0.55
0.23202613,0.20184427,0.4377277,0.45111704,0.98600173,0.98157996,0.38417968,0.36160955,0.4194732,0.42534176,0.41527462,0.34387445,0.05120561,0.04631418,0.8943346,0.29244927,0.9625296,0.6712949,0.29452315,0.95722383,0.96301013,0.2488855,0.25913957,0.4198605,0.63951725,0.46835572,0.64751667,0.021258254,0.6364897,-0.8,-0.3,-0.55
0.18995525,0.21947499,0.4419588,0.48184705,0.9839528,0.9805519,0.37273988,0.32959878,0.45236853,0.46567485,0.4363909,0.3515778,0.052496694,0.047142275,0.89238507,0.28895298,0.9566589,0.6917406,0.2543452,0.9614697,0.9627739,0.26433977,0.25715604,0.41355944,0.65403825,0.43305752,0.640428,0.022433372,0.6134401,-0.8,-0.3,-0.55
0.1914052,0.22651951,0.43519345,0.4902067,0.9841017,0.98196614,0.3686712,0.36234707,0.4250443,0.38887906,0.4024595,0.35789597,0.04772935,0.04414851,0.9035763,0.236246,0.9680136,0.69807774,0.259178,0.9507545,0.9692562,0.28822753,0.24976592,0.49765512,0.6389145,0.42631948,0.68121433,0.020317806,0.6262468,-0.8,-0.3,-0.55
0.20043269,0.20991604,0.45169204,0.51544505,0.9845955,0.9815066,0.37598827,0.36660513,0.4679717,0.42253348,0.42498583,0.3190632,0.056758683,0.038633727,0.9096666,0.3018745,0.9680463,0.6986867,0.28149298,0.9606533,0.9679557,0.28025606,0.24534659,0.44812903,0.6750217,0.45614892,0.6417114,0.02248762,0.5688517,-0.8,-0.3,-0.55
0.2272443,0.24050604,0.44992125,0.4934293,0.9881632,0.97846687,0.38074234,0.33225366,0.3748408,0.4555822,0.42118236,0.33809972,0.054924715,0.045815166,0.9088993,0.28236812,0.9584609,0.67298573,0.25830385,0.95939046,0.96147823,0.34699216,0.24954209,0.45750064,0.64419043,0.49403304,0.6417986,0.022516862,0.6272311,-0.8,-0.3,-0.55
0.21600194,0.230096,0.5093733,0.41787586,0.984298,0.9825331,0.38323304,0.29889235,0.4436652,0.44310394,0.43511787,0.36212203,0.05233946,0.041796915,0.88706833,0.31937516,0.95581186,0.6824717,0.26245174,0.9565609,0.96177,0.23572145,0.23981695,0.40268165,0.6169416,0.46818802,0.6765524,0.023049207,0.6195658,-0.8,-0.3,-0.55
0.18392743,0.21620597,0.4745752,0.48776138,0.9852241,0.9792365,0.38957277,0.3508899,0.45363307,0.48110962,0.38061103,0.33836743,0.055962693,0.046794415,0.90935147,0.2807572,0.9577964,0.6923945,0.2636626,0.95605576,0.966408,0.29950947,0.2700787,0.43878603,0.591487,0.47106698,0.65133446,0.022856824,0.5849926,-0.8,-0.3,-0.55
0.21779166,0.20074418,0.4503498,0.43036017,0.98698735,0.98125696,0.38930166,0.3560309,0.4765803,0.43288815,0.37007308,0.34436467,0.060427867,0.049255062,0.91130096,0.32980502,0.95898664,0.64996135,0.23401447,0.9645757,0.96516997,0.26398528,0.2480533,0.44315365,0.6526573,0.48140857,0.65071136,0.024840286,0.60971236,-0.8,-0.3,-0.55
0.20384203,0.2141702,0.42198908,0.4709735,0.9863051,0.97975475,0.35267866,0.32409248,0.39362627,0.4295602,0.40721864,0.36838388,0.057953782,0.05382664,0.91884696,0.3055383,0.95835555,0.6967799,0.24037999,0.9651257,0.9630893,0.2595861,0.23319308,0.43170586,0.59886587,0.49526983,0.64017797,0.020639308,0.6062489,-0.8,-0.3,-0.55
0.20817187,0.23674306,0.4391008,0.45685357,0.9835495,0.9812108,0.36718342,0.35141775,0.4371789,0.41237187,0.4641442,0.29370484,0.05093425,0.04956334,0.9118948,0.27806708,0.95358944,0.66169626,0.24644566,0.95548934,0.96284974,0.27479365,0.25831527,0.5033662,0.6165198,0.47870582,0.64362395,0.02073251,0.571743,-0.8,-0.3,-0.55
0.19409968,0.21452844,0.42478344,0.48713297,0.9844237,0.977874,0.40986854,0.33658427,0.42654195,0.43782714,0.38043046,0.37008333,0.062141858,0.051770896,0.90102667,0.28184345,0.9547214,0.7118234,0.26425827,0.96078026,0.9640603,0.27056018,0.25214726,0.45888105,0.62617433,0.4839735,0.61049503,0.024500359,0.59036714,-0.8,-0.3,-0.55
0.21516843,0.21326692,0.44681755,0.45432797,0.98500663,0.9813597,0.35875803,0.3481694,0.4572861,0.46458036,0.34546998,0.3363428,0.06761547,0.056914195,0.9023413,0.2770727,0.9644438,0.7259922,0.25107902,0.9555199,0.95908684,0.2665064,0.24828652,0.5064773,0.62042725,0.47793925,0.6628108,0.02525912,0.5737615,-0.8,-0.3,-0.55
0.21647757,0.20754683,0.4355672,0.4634337,0.9853335,0.98477316,0.3629289,0.35028374,0.47856605,0.43324623,0.42966282,0.36726052,0.054394778,0.051676136,0.9112351,0.28986657,0.9626386,0.6686132,0.2364027,0.9572884,0.9658311,0.25619587,0.25755,0.4560826,0.6175118,0.43686152,0.61673987,0.024297314,0.5854204,-0.8,-0.3,-0.55
0.1981182,0.21628226,0.4332411,0.51484305,0.986147,0.9826576,0.36268643,0.3382678,0.47560027,0.4400211,0.40854788,0.3615106,0.060150195,0.051483333,0.89959586,0.30312133,0.96188855,0.67632914,0.26892596,0.959329,0.96709454,0.25043407,0.25234613,0.43820044,0.6296902,0.47025785,0.64826065,0.025515892,0.6119878,-0.8,-0.3,-0.55
0.22547291,0.23330839,0.44412735,0.45393705,0.985255,0.9814154,0.40805432,0.35862416,0.43956962,0.48877427,0.37273988,0.33912334,0.054315053,0.046853103,0.9017761,0.27540737,0.9650554,0.7015821,0.23794478,0.961847,0.9594904,0.27382883,0.24932677,0.43649518,0.6138234,0.47563732,0.67260844,0.020760914,0.6681493,-0.8,-0.3,-0.55
0.20978934,0.23642339,0.47323632,0.4413601,0.981845,0.9808199,0.38633907,0.4061645,0.41341683,0.42097297,0.33923402,0.34373292,0.062087543,0.05675266,0.916647,0.29297954,0.96263605,0.7255637,0.24320564,0.9590466,0.9619073,0.27119663,0.23732352,0.46081734,0.5964874,0.4538239,0.66032374,0.022265794,0.5797592,-0.8,-0.3,-0.55
0.20409997,0.21770194,0.5083716,0.50100493,0.9836346,0.97843504,0.38699687,0.31652966,0.37312594,0.43842864,0.362512,0.35865325,0.05464069,0.04202156,0.919976,0.32196358,0.95342255,0.6902802,0.2700369,0.96742564,0.9662152,0.28781006,0.28804207,0.49797222,0.67702067,0.4786137,0.6459353,0.019496119,0.58826464,-0.8,-0.3,-0.55
0.21563835,0.22226188,0.43648845,0.4688479,0.98502755,0.97890306,0.37268072,0.34386802,0.42697418,0.44265097,0.41235757,0.35441232,0.05791957,0.046912327,0.8953996,0.27165198,0.9605728,0.6513398,0.27064532,0.9555009,0.9644405,0.26240152,0.23849393,0.4863973,0.648117,0.4439194,0.7038965,0.022816602,0.5827906,-0.8,-0.3,-0.55
0.2146286,0.25883844,0.47826847,0.48001435,0.9875109,0.98135066,0.37017244,0.31621024,0.42092505,0.42274004,0.41234654,0.33231717,0.045497898,0.04823326,0.9068047,0.29799467,0.9591743,0.6966415,0.26311424,0.9621348,0.9662239,0.2675686,0.2544515,0.5084622,0.6826893,0.46791083,0.65298295,0.02056284,0.6215486,-0.8,-0.3,-0.55
0.19423553,0.22989264,0.48711628,0.47656685,0.9822808,0.97956616,0.39221373,0.31144115,0.43566018,0.43216902,0.36516467,0.3548038,0.061125204,0.043610115,0.90137553,0.25546938,0.95723397,0.69798,0.22807297,0.9568675,0.9663408,0.23082477,0.26293674,0.46187088,0.631143,0.45557964,0.67657286,0.022857169,0.5833073,-0.8,-0.3,-0.55
0.19347058,0.23236538,0.48605594,0.50937086,0.98423415,0.9791997,0.41098773,0.39286354,0.46602854,0.45223314,0.40855667,0.37226123,0.06466514,0.044369917,0.9105025,0.2675644,0.9611866,0.7038683,0.25427553,0.9655777,0.9613201,0.2566779,0.24667431,0.5057713,0.6367557,0.43822947,0.64739364,0.019527998,0.61506164,-0.8,-0.3,-0.55
0.1806403,0.22459854,0.45073676,0.44022235,0.98588794,0.9807756,0.40497276,0.37365448,0.45968613,0.48983833,0.36845636,0.35158804,0.06285139,0.045632586,0.9115744,0.2811679,0.96155316,0.72072405,0.2589307,0.9645515,0.9654308,0.26484942,0.25925714,0.48213294,0.64344597,0.46761557,0.69189775,0.022108318,0.60076195,-0.8,-0.3,-0.55
0.20279941,0.18727364,0.4116145,0.469273,0.9834102,0.97982305,0.38518336,0.35604286,0.42213652,0.42601228,0.43791258,0.3549824,0.061423842,0.053773127,0.92166716,0.2657925,0.96280015,0.6630281,0.26397395,0.96128505,0.9716204,0.29177162,0.25974065,0.45599118,0.65807486,0.43402034,0.6433624,0.020745894,0.599978,-0.8,-0.3,-0.55
0.21131477,0.2299195,0.44699305,0.4759739,0.983557,0.9805393,0.3672896,0.33612087,0.43807143,0.45165718,0.3813446,0.38187745,0.049784794,0.04338571,0.8931457,0.34977904,0.9644881,0.65970933,0.24870156,0.96498823,0.9633472,0.26122567,0.24747121,0.42201203,0.648652,0.47376457,0.6362264,0.019215014,0.6008565,-0.8,-0.3,-0.55
0.20027886,0.23763713,0.4334173,0.45968497,0.98522866,0.9841397,0.37638476,0.33246723,0.41473946,0.4766864,0.41189358,0.34355736,0.055422556,0.04785508,0.90271014,0.2931539,0.9521263,0.66984785,0.26275453,0.96352285,0.95604366,0.2523907,0.25516498,0.4393766,0.65497184,0.49095878,0.6996805,0.020765757,0.6159016,-0.8,-0.3,-0.55
0.22070907,0.21007048,0.47589335,0.47282016,0.9860669,0.98234487,0.3871963,0.30832314,0.46563095,0.42250982,0.4292342,0.35265142,0.050795756,0.042150076,0.9158119,0.3005393,0.9647626,0.683709,0.25635618,0.96017003,0.96504796,0.2702014,0.2709384,0.42978945,0.6829817,0.42694405,0.6540673,0.021204665,0.56809276,-0.8,-0.3,-0.55
0.2294097,0.23141232,0.46468136,0.4916278,0.9862903,0.9799684,0.36180103,0.3779916,0.42968702,0.4376513,0.4043355,0.34715065,0.056215394,0.046007544,0.91885775,0.267288,0.9649766,0.6887494,0.25434852,0.9704606,0.9650747,0.29449844,0.28461993,0.4758996,0.6731024,0.43714216,0.6723159,0.019241335,0.6218376,-0.8,-0.3,-0.55
0.2290451,0.25405696,0.52091193,0.4847326,0.9807113,0.9808421,0.36586896,0.34706527,0.41420767,0.43670964,0.39679822,0.31234378,0.054820247,0.046197154,0.9139974,0.29319316,0.96157265,0.722443,0.26613444,0.96031666,0.96355385,0.29042608,0.26596504,0.45904523,0.61042106,0.43853435,0.66717905,0.026574789,0.65045214,-0.8,-0.3,-0.55
0.21079296,0.21155196,0.46820176,0.46880022,0.985641,0.9799722,0.42186287,0.37995222,0.4078369,0.43830514,0.3809806,0.34962317,0.051309377,0.040824443,0.9042747,0.28234679,0.9615354,0.66986054,0.2874651,0.9594145,0.9623329,0.24500567,0.26688248,0.40521008,0.6675821,0.4222716,0.6342171,0.022767525,0.620922,-0.8,-0.3,-0.55
0.2178259,0.20550631,0.4603432,0.48098928,0.984703,0.98167187,0.35681033,0.34381524,0.40407833,0.47558194,0.38807034,0.35451087,0.044306725,0.055101175,0.92095125,0.2959723,0.9666723,0.6713497,0.2623509,0.96157837,0.96431535,0.2557062,0.24170706,0.44526234,0.64267915,0.4489066,0.6907974,0.017955234,0.609939,-0.8,-0.3,-0.55
0.22059369,0.22486337,0.41542804,0.46455562,0.98441446,0.9836715,0.36962327,0.31872162,0.4107864,0.4277869,0.3946072,0.3711676,0.042112697,0.045392554,0.91659784,0.30847856,0.96404207,0.68453467,0.25262043,0.9658105,0.9630832,0.27622062,0.2901323,0.47120342,0.6426055,0.43649346,0.6503464,0.019757679,0.606736,-0.8,-0.3,-0.55
0.21891081,0.22903603,0.4570718,0.45272902,0.9870662,0.98186135,0.38063088,0.36917308,0.42002115,0.4296822,0.39102465,0.33733025,0.050379883,0.05098512,0.9073536,0.33745578,0.9620466,0.6853196,0.24656515,0.96624625,0.9558518,0.2660103,0.23973893,0.4441516,0.6300476,0.46122205,0.6468219,0.025380014,0.6425907,-0.8,-0.3,-0.55
0.18263339,0.2317681,0.46010038,0.51766485,0.98479897,0.97895986,0.35278565,0.30469397,0.45900086,0.43477103,0.4186431,0.3496881,0.05530016,0.0440708,0.90634704,0.3025551,0.95657325,0.6859284,0.24128342,0.9586077,0.96363604,0.2855937,0.24108222,0.4380402,0.6422528,0.43864444,0.67288274,0.02093425,0.6130991,-0.8,-0.3,-0.55
0.23573947,0.21567805,0.4420039,0.4167198,0.9864535,0.97978425,0.35881636,0.37658268,0.45719936,0.42858204,0.4235796,0.35804424,0.05131328,0.05087038,0.89358425,0.27717435,0.96279526,0.7288769,0.24194045,0.96298116,0.962085,0.26345912,0.254361,0.4617952,0.6041155,0.42054677,0.62800336,0.020390024,0.5964121,-0.8,-0.3,-0.55
0.2109904,0.20776503,0.38830408,0.44620636,0.9873425,0.9786531,0.36127594,0.37960956,0.4045806,0.41332516,0.40836263,0.33218828,0.061580617,0.046630494,0.91655266,0.27567473,0.9616497,0.6671458,0.24835202,0.96481866,0.9665209,0.24707283,0.23076752,0.49839407,0.65095717,0.42298973,0.65567225,0.021669732,0.6252154,-0.8,-0.3,-0.55
0.22017159,0.24616963,0.4780394,0.44517335,0.984168,0.97801995,0.37143788,0.3400785,0.40958655,0.4269001,0.41967836,0.35926223,0.06535309,0.043222994,0.90666974,0.27086174,0.95858413,0.67396146,0.2802972,0.96168995,0.96780246,0.27349383,0.2680681,0.4582122,0.60558385,0.50351435,0.6716717,0.023064442,0.58056134,-0.8,-0.3,-0.55
0.22909659,0.21935122,0.4862415,0.47942317,0.98638225,0.9798207,0.4101781,0.34729818,0.43159384,0.4313197,0.37365937,0.33711544,0.058409587,0.0528609,0.89252836,0.26088557,0.9601019,0.70267904,0.24403274,0.94929904,0.9680645,0.27484795,0.23685461,0.49607944,0.5716675,0.48981553,0.6252211,0.02225778,0.5715487,-0.8,-0.3,-0.55
0.18434486,0.22932045,0.45391425,0.44144887,0.98567015,0.9808431,0.3809694,0.3609172,0.43744284,0.4532649,0.40163118,0.3294254,0.06285302,0.061845787,0.90321106,0.28117865,0.96082294,0.6972297,0.28677917,0.96335477,0.9713022,0.2595434,0.24869077,0.4622777,0.6342996,0.54018784,0.6094682,0.026308808,0.6053352,-0.8,-0.3,-0.55
0.20459609,0.22100355,0.36441806,0.3903065,0.9855559,0.9826203,0.40500486,0.3266828,0.45267034,0.427554,0.4126586,0.3591828,0.0603863,0.05550954,0.91646916,0.3128373,0.9592904,0.6844181,0.2934496,0.96312094,0.9627731,0.27522153,0.25735798,0.48031294,0.6113117,0.45031828,0.6448492,0.023982815,0.5800235,-0.8,-0.3,-0.55
0.17618835,0.2239875,0.40710407,0.43171814,0.98606354,0.9809925,0.37851524,0.32186294,0.4182511,0.42930406,0.40418604,0.38016513,0.058269165,0.049416468,0.92160314,0.31698945,0.9652132,0.67288125,0.26280552,0.95751935,0.9628329,0.25367346,0.24856538,0.46501034,0.622428,0.48088908,0.64252466,0.027080514,0.604929,-0.8,-0.3,-0.55
0.17634411,0.20581847,0.43251693,0.42580202,0.9858758,0.9785459,0.3442076,0.34651938,0.41047484,0.42763606,0.35733482,0.3255325,0.053873166,0.04733378,0.9176791,0.2754705,0.95877016,0.6992996,0.2532014,0.96189946,0.9599596,0.2733277,0.25672975,0.442982,0.648458,0.4909214,0.63776875,0.024112985,0.57104063,-0.8,-0.3,-0.55
0.19642681,0.21738182,0.4439603,0.4747518,0.985028,0.97883713,0.3606974,0.3351426,0.4852197,0.45702118,0.43986946,0.3735505,0.057894103,0.050807852,0.9119063,0.28046486,0.96430194,0.6792001,0.27723354,0.957799,0.96022683,0.25402135,0.24378161,0.49358842,0.61841136,0.46209967,0.6479885,0.025466697,0.6246572,-0.8,-0.3,-0.55
0.18328576,0.23997125,0.42392057,0.41719946,0.98664504,0.98130476,0.3722113,0.36224902,0.4031603,0.40504482,0.4105915,0.34417638,0.057633407,0.041975956,0.90711486,0.3107202,0.961422,0.67463297,0.24666022,0.96207833,0.965939,0.260093,0.23531291,0.46040806,0.608132,0.4661609,0.6608711,0.024154969,0.57887125,-0.8,-0.3,-0.55
0.1943989,0.24323192,0.46655652,0.42540643,0.98536104,0.9851024,0.4101607,0.36308306,0.43011963,0.4553756,0.41487914,0.3522866,0.057505045,0.04167358,0.9086251,0.29034263,0.9569795,0.69645065,0.23874782,0.96015596,0.9683337,0.25944513,0.25424406,0.4733878,0.6528636,0.45786715,0.68456435,0.0215683,0.62196046,-0.8,-0.3,-0.55
0.19321036,0.24625981,0.45054334,0.47446954,0.9872737,0.97858185,0.38847598,0.3864948,0.41580665,0.44453353,0.33398792,0.31356195,0.05243176,0.05358662,0.90717113,0.29318666,0.9653134,0.68337995,0.2552729,0.968597,0.9674718,0.26145577,0.28019303,0.4496696,0.59791386,0.4236275,0.69351155,0.023497755,0.6192321,-0.8,-0.3,-0.55
0.19615446,0.23244487,0.49161083,0.53241915,0.9846101,0.98256344,0.36462283,0.30914432,0.47420007,0.4393512,0.40936252,0.32179764,0.053482436,0.04143232,0.9066448,0.30268195,0.97101396,0.6931745,0.247834,0.9544612,0.97076935,0.24388549,0.24559207,0.5141192,0.6839191,0.4633052,0.6389386,0.023132298,0.61241114,-0.8,-0.3,-0.55
0.2119362,0.25110537,0.4568997,0.4657854,0.988269,0.97958034,0.33648655,0.37155053,0.4652343,0.43399888,0.44434565,0.3866981,0.055105,0.049670395,0.90411544,0.288099,0.9642024,0.71758306,0.23443417,0.9630662,0.95553935,0.26034895,0.2746386,0.47832635,0.6332144,0.44657925,0.64504325,0.021215232,0.6169986,-0.8,-0.3,-0.55
0.18003535,0.21119083,0.4542952,0.47687364,0.9820685,0.98471504,0.32976258,0.35415855,0.4472433,0.44718292,0.38020033,0.37462017,0.07347271,0.044959348,0.9144682,0.2948785,0.959382,0.6884231,0.26082718,0.95591563,0.96940315,0.26976398,0.25475356,0.43939474,0.5905501,0.49242145,0.6325697,0.022679197,0.61196023,-0.8,-0.3,-0.55
0.19197471,0.22149076,0.41956887,0.50032943,0.9870352,0.98110294,0.3441762,0.33387858,0.45476413,0.4515259,0.40227297,0.38002264,0.05848546,0.0631731,0.9229168,0.2634098,0.9664148,0.70130485,0.24221788,0.9591482,0.96244854,0.27203044,0.26750323,0.5057981,0.58355486,0.4618836,0.6501205,0.024052378,0.64768785,-0.8,-0.3,-0.55
0.19774204,0.24201398,0.42244497,0.47496673,0.9857551,0.9839865,0.3511122,0.37966642,0.46687424,0.4822548,0.39653683,0.34553036,0.07106072,0.050602876,0.8968137,0.2971151,0.96293175,0.65773636,0.21739435,0.9624885,0.96092486,0.24934529,0.28346756,0.46008977,0.6135305,0.48206112,0.6218775,0.028580926,0.60841787,-0.8,-0.3,-0.55
0.16953471,0.23028179,0.404773,0.42050672,0.98608273,0.9838308,0.3636272,0.33883235,0.42813823,0.45785117,0.36906052,0.3532186,0.060362928,0.04601018,0.90354466,0.34989864,0.9605183,0.6918321,0.26081553,0.957922,0.9623957,0.26713002,0.26863483,0.49316937,0.5914103,0.49136984,0.6440013,0.017882163,0.5651203,-0.8,-0.3,-0.55
0.21516591,0.23548503,0.41844255,0.4040285,0.9877285,0.98412794,0.36335832,0.31998736,0.4568611,0.43874592,0.347391,0.35048056,0.07723546,0.057399582,0.9148029,0.27374002,0.96192616,0.6407509,0.24013533,0.96465033,0.95972097,0.27109188,0.24807222,0.52846634,0.64556915,0.4762663,0.62280965,0.02630408,0.5741712,-0.8,-0.3,-0.55
0.2094633,0.19979927,0.4181238,0.46803227,0.9851563,0.98150027,0.34888804,0.337832,0.42098746,0.4460342,0.37691185,0.3256219,0.066633396,0.04712719,0.89347994,0.26050016,0.962868,0.7494822,0.26259947,0.9596164,0.9610397,0.27518445,0.24638636,0.5253869,0.56660426,0.4576428,0.6028564,0.02452995,0.611422,-0.8,-0.3,-0.55
0.19467142,0.24002275,0.41903353,0.44936916,0.98451865,0.9838538,0.37957144,0.34968626,0.42990535,0.45353737,0.40786475,0.36100206,0.0698615,0.06458618,0.9021327,0.28519356,0.95578426,0.6546395,0.2396048,0.95732707,0.9674039,0.28347418,0.21506423,0.5202748,0.6164436,0.4692461,0.6700583,0.023912925,0.61698645,-0.8,-0.3,-0.55
0.19449463,0.21639813,0.45576805,0.4536431,0.9854785,0.97984606,0.41670233,0.34107232,0.39743578,0.4462369,0.4079878,0.41093016,0.06090031,0.053062677,0.8882778,0.29442266,0.96858793,0.67927843,0.25400352,0.95856965,0.96749485,0.26175737,0.26773074,0.514694,0.63436747,0.46352857,0.6456813,0.021720208,0.5916963,-0.8,-0.3,-0.55
0.17260882,0.19214852,0.45331892,0.46995524,0.9848316,0.97911847,0.39274716,0.35833418,0.4442934,0.4548583,0.3780916,0.35473529,0.067809954,0.046071608,0.906481,0.29398555,0.9512044,0.703234,0.26749116,0.95355225,0.9585241,0.26913273,0.25492793,0.4576007,0.6307484,0.42299545,0.64046884,0.025903383,0.5735337,-0.8,-0.3,-0.55
0.19394238,0.24933021,0.40654778,0.47961992,0.98676574,0.98389244,0.3670696,0.37465152,0.45135716,0.4153431,0.39806822,0.32236204,0.059423182,0.048398323,0.9046671,0.30104756,0.9598082,0.6616594,0.26132944,0.9604706,0.9641911,0.25433964,0.23384352,0.46702173,0.6364854,0.4488825,0.676346,0.020990055,0.6050286,-0.8,-0.3,-0.55
0.2001887,0.21061368,0.46383688,0.46005636,0.98380184,0.97707456,0.36923453,0.3417258,0.41767898,0.44303757,0.4249722,0.40395874,0.056231815,0.04714978,0.92083925,0.29258117,0.9623965,0.6956071,0.24461088,0.9613409,0.9659506,0.26972488,0.27387577,0.43829203,0.6401828,0.4766993,0.6361842,0.019309107,0.60177445,-0.8,-0.3,-0.55
0.18185474,0.22138208,0.42323712,0.44936562,0.9856264,0.977201,0.39818946,0.3612767,0.38876358,0.42530367,0.39948803,0.37573498,0.06595275,0.04252305,0.8994998,0.30015057,0.96294147,0.7016053,0.23511298,0.95931923,0.96118206,0.27317342,0.22801988,0.48042056,0.6585294,0.45415407,0.65166384,0.025329445,0.60322696,-0.8,-0.3,-0.55
0.20643857,0.24658707,0.4373571,0.40968817,0.9844854,0.98215276,0.38301027,0.3830936,0.42155895,0.40022612,0.39524287,0.35307792,0.051027685,0.047520168,0.9079168,0.308734,0.9582604,0.65418637,0.27734026,0.9559678,0.9536955,0.26928976,0.27048966,0.45850754,0.6370476,0.4476251,0.6653312,0.02344414,0.64510864,-0.8,-0.3,-0.55
0.1849141,0.20030288,0.43819523,0.47718474,0.9852401,0.9818288,0.37961912,0.39425346,0.44953662,0.4420789,0.41550678,0.36383647,0.059270445,0.047256086,0.88465965,0.32178697,0.95923686,0.65794694,0.2366447,0.95900846,0.9637028,0.24997827,0.2782627,0.44898424,0.6330735,0.47925866,0.65534,0.020484632,0.62937856,-0.8,-0.3,-0.55
0.20304501,0.19408962,0.41745168,0.42478037,0.98825336,0.98382634,0.39729285,0.37765205,0.39270574,0.4520763,0.39118898,0.36718664,0.053497538,0.0447424,0.90386105,0.31216627,0.95421356,0.6902764,0.27057877,0.96193016,0.96066046,0.26346105,0.24066772,0.4687707,0.64529556,0.46632415,0.6516327,0.024266262,0.63450426,-0.8,-0.3,-0.55
0.19801593,0.2023958,0.39953926,0.45607147,0.9888377,0.98173136,0.3958292,0.32310584,0.46584755,0.42519605,0.37018478,0.3598249,0.05800073,0.04939468,0.9146812,0.3172457,0.95585954,0.677741,0.27405334,0.9524897,0.96384656,0.26304042,0.27812687,0.4646135,0.61975276,0.45590875,0.6966681,0.022544337,0.62040573,-0.8,-0.3,-0.55
0.2245816,0.20446934,0.44006625,0.47692972,0.9860584,0.98345965,0.3372726,0.36130682,0.3966328,0.4064924,0.3809234,0.35243833,0.054461386,0.043491974,0.9033619,0.33139223,0.9618409,0.6889846,0.2812934,0.9573019,0.9636199,0.2376815,0.27043265,0.45332545,0.6500892,0.47201392,0.6313143,0.020849757,0.6199462,-0.8,-0.3,-0.55
0.23355456,0.216629,0.49052647,0.45132267,0.9850193,0.9808709,0.34472832,0.3207875,0.4629677,0.44688514,0.36968789,0.35824925,0.062142625,0.0546518,0.9015186,0.282765,0.9571513,0.6532832,0.2343503,0.962523,0.96352535,0.28436518,0.29916057,0.46177578,0.6105164,0.41739824,0.6655809,0.022212064,0.6055072,-0.8,-0.3,-0.55
0.2204306,0.23592687,0.4529123,0.47661516,0.9871696,0.97981673,0.3382189,0.36478022,0.42562518,0.46554047,0.43583894,0.33404213,0.05843486,0.053020127,0.9136406,0.27416188,0.96005124,0.6797657,0.29910752,0.959568,0.9627563,0.2692156,0.25841194,0.47141355,0.6422346,0.4633652,0.66700006,0.020512076,0.60019064,-0.8,-0.3,-0.55
0.19828391,0.22904274,0.44535723,0.44885686,0.9873166,0.9808441,0.40481,0.34338468,0.42194724,0.4602053,0.40901524,0.34359583,0.059913494,0.039974637,0.9108147,0.3228769,0.96185285,0.71232116,0.27443326,0.9569374,0.961182,0.2488969,0.26325187,0.44458225,0.6171566,0.46814507,0.6959841,0.026018504,0.6249504,-0.8,-0.3,-0.55
0.22623478,0.2411572,0.42562422,0.4552437,0.9866453,0.98402965,0.38525257,0.37928373,0.46452552,0.44232234,0.38915592,0.34247348,0.058411315,0.046012297,0.90990853,0.2733382,0.95542896,0.70194715,0.2832584,0.9617055,0.9610347,0.26858854,0.2567343,0.41420898,0.6423109,0.41161442,0.67266035,0.022294743,0.61490643,-0.8,-0.3,-0.55
0.20409569,0.24501437,0.45161414,0.43717426,0.9841075,0.980431,0.3793495,0.33129156,0.4554123,0.46561447,0.3597091,0.3633651,0.05528052,0.045397248,0.90842557,0.31664255,0.9638709,0.6860389,0.25910774,0.9689558,0.9605224,0.25519997,0.26208577,0.49443045,0.69407153,0.4235011,0.6306674,0.024837004,0.63236773,-0.8,-0.3,-0.55
0.20337237,0.21598075,0.46768743,0.5360087,0.98412746,0.9798172,0.3739182,0.32551864,0.40470862,0.3944863,0.3940687,0.38063985,0.047575403,0.042756163,0.9159242,0.31087068,0.9612693,0.6759143,0.25829324,0.96160984,0.9651438,0.25752982,0.22327743,0.4645404,0.62405336,0.45862937,0.69951457,0.021616466,0.60317636,-0.8,-0.3,-0.55
0.23280168,0.23427486,0.48508203,0.4913189,0.9816487,0.9795751,0.37610105,0.32327804,0.4284602,0.46060094,0.38651273,0.37194318,0.059284255,0.043916866,0.8910863,0.2898094,0.9667926,0.6746045,0.26733735,0.9563386,0.96784693,0.23927614,0.27557647,0.4755228,0.6357521,0.46959418,0.7183484,0.020290969,0.5974783,-0.8,-0.3,-0.55
0.21031746,0.23304968,0.49013114,0.50433826,0.9835106,0.98239005,0.41418386,0.32984132,0.46583077,0.4429728,0.38725987,0.35195196,0.04901036,0.045099046,0.8986012,0.30362695,0.95973444,0.72436637,0.2256404,0.9585955,0.9725213,0.27353954,0.25372854,0.47415435,0.6685955,0.44472158,0.6771276,0.02721319,0.64360565,-0.8,-0.3,-0.55
0.17975059,0.22666785,0.42032152,0.46004006,0.9853212,0.97781235,0.42441344,0.30567864,0.48244923,0.46765342,0.41045073,0.35563064,0.05056912,0.03790862,0.9036408,0.27115124,0.9625468,0.67188096,0.27970138,0.964919,0.9654003,0.2673844,0.26736915,0.44752872,0.65381396,0.44318315,0.6736729,0.023478411,0.6142825,-0.8,-0.3,-0.55
0.22963737,0.22714622,0.43673483,0.4260578,0.9850375,0.98122084,0.36757022,0.34612852,0.48645878,0.39104527,0.3922902,0.35453856,0.051078483,0.04710122,0.90048504,0.25608763,0.9585385,0.6921549,0.24884161,0.96001726,0.959017,0.2695702,0.2910528,0.4222751,0.6273654,0.4694287,0.64470446,0.021078724,0.5703202,-0.8,-0.3,-0.55
0.21609092,0.22647895,0.4418077,0.46387982,0.9863013,0.98254645,0.3629886,0.3287172,0.42814863,0.42256218,0.39362812,0.3380443,0.058734864,0.046071034,0.9134321,0.26262978,0.96152097,0.71333283,0.26454592,0.96010333,0.9605577,0.25866306,0.2706886,0.45599064,0.61697835,0.47568592,0.6930445,0.025806354,0.58546036,-0.8,-0.3,-0.55
0.19300036,0.24418667,0.43445587,0.44683933,0.98574036,0.9813441,0.38935438,0.36980802,0.44565123,0.41563967,0.42298108,0.33624324,0.051238112,0.046477925,0.8948096,0.3102505,0.97075564,0.68282235,0.27560845,0.9580748,0.9657894,0.26820803,0.25628695,0.51134443,0.60600597,0.46924093,0.6591302,0.02241816,0.5926426,-0.8,-0.3,-0.55
0.19468167,0.2186844,0.44632307,0.47512293,0.9853504,0.9811996,0.39190078,0.36569968,0.41314182,0.43187523,0.37083936,0.34539095,0.062882334,0.051372692,0.9200415,0.3065753,0.96066374,0.67971426,0.28390515,0.9548168,0.9613179,0.29368186,0.26911813,0.47325453,0.5912629,0.46935374,0.6533305,0.021459704,0.5583637,-0.8,-0.3,-0.55
0.23908192,0.24578816,0.4987646,0.4704916,0.9839304,0.98137844,0.39635277,0.37980592,0.3981256,0.43965995,0.4046634,0.36768764,0.05898502,0.04905182,0.9170382,0.31175074,0.9569482,0.6528685,0.25045383,0.95514685,0.9658264,0.30497125,0.21258709,0.47685555,0.6036838,0.467297,0.5937771,0.02230414,0.57860804,-0.8,-0.3,-0.55
0.18936627,0.25768408,0.47142532,0.50135225,0.9867378,0.98209184,0.3677603,0.30685195,0.48167467,0.4408445,0.4249083,0.35417628,0.05873506,0.056909192,0.9071992,0.29210937,0.9678276,0.60873973,0.27515757,0.9603699,0.9643989,0.24426736,0.29377854,0.44839177,0.62028825,0.47344872,0.6014435,0.0265161,0.6058908,-0.8,-0.3,-0.55
0.21418008,0.22745658,0.42692864,0.45748222,0.9876297,0.9822551,0.3915563,0.32133034,0.4029931,0.4651239,0.39867827,0.2668099,0.060464565,0.058006965,0.91295016,0.27729732,0.95797867,0.66849166,0.256561,0.9572989,0.9607986,0.29929054,0.28501576,0.47594225,0.6285822,0.44541383,0.6375918,0.02514715,0.61817867,-0.8,-0.3,-0.55
0.1957742,0.24445762,0.45786047,0.46136314,0.9847676,0.9816959,0.396085,0.35685223,0.4160018,0.41868865,0.42804244,0.36272904,0.05114122,0.048402827,0.89863706,0.28344184,0.9530552,0.67992973,0.25625375,0.9645422,0.96766484,0.25022355,0.23263237,0.41185498,0.5788328,0.4339504,0.63019776,0.024816755,0.58106005,-0.8,-0.3,-0.55
0.22500366,0.22814246,0.4590744,0.41411135,0.98383105,0.9818257,0.36268687,0.3975664,0.44907555,0.50077957,0.42108628,0.33211672,0.05037368,0.050060704,0.9061757,0.30862457,0.96397537,0.70329744,0.2523875,0.9566652,0.96928877,0.30003786,0.2690591,0.4252315,0.6411618,0.45444763,0.63743377,0.02660871,0.5973593,-0.8,-0.3,-0.55
0.20273697,0.23841043,0.40939718,0.4746459,0.9861015,0.9817993,0.36253446,0.27588797,0.40198722,0.43620732,0.43060318,0.3912533,0.057416547,0.0481548,0.90902054,0.24374047,0.9570203,0.70230407,0.27277616,0.96069795,0.96310675,0.26798388,0.26023164,0.45114213,0.64809144,0.47274464,0.6689311,0.026169406,0.6414342,-0.8,-0.3,-0.55
0.18484317,0.22230716,0.4359311,0.4401982,0.9857714,0.98048913,0.3646796,0.34832442,0.40177596,0.41068727,0.40508184,0.33978543,0.058598273,0.047135077,0.91820824,0.2804312,0.95536506,0.68387026,0.23282695,0.958687,0.966459,0.26548055,0.21920148,0.43401945,0.66018826,0.45264134,0.6253317,0.023009527,0.6353889,-0.8,-0.3,-0.55
0.23014256,0.23796318,0.49892774,0.44274178,0.985729,0.98165214,0.4057887,0.33173653,0.40799007,0.4390168,0.41972336,0.35109147,0.05952861,0.04180761,0.9143408,0.29597566,0.9584863,0.65432185,0.21655522,0.96300715,0.96401954,0.26758096,0.280522,0.42923146,0.64389753,0.47203204,0.6579859,0.026446614,0.61553,-0.8,-0.3,-0.55
0.21524194,0.22408046,0.4908319,0.44874167,0.98521173,0.9823965,0.37773135,0.3356492,0.46229342,0.43869346,0.34386808,0.30463046,0.055782404,0.05498018,0.8881494,0.3257872,0.9578302,0.71189725,0.25440595,0.968436,0.9654699,0.30024898,0.22194976,0.4769642,0.5937065,0.4657474,0.6930725,0.022216875,0.6412777,-0.8,-0.3,-0.55
0.20382503,0.17282595,0.37620425,0.43373084,0.98491085,0.9810678,0.3759565,0.35100773,0.46381417,0.44100466,0.3856547,0.36799055,0.04803905,0.048788823,0.8999232,0.266547,0.9558309,0.6925547,0.22036834,0.9596499,0.95693934,0.27420342,0.2751361,0.5206965,0.66610616,0.42354342,0.65760684,0.022299852,0.6381683,-0.8,-0.3,-0.55
0.1768105,0.19559711,0.40374285,0.45131937,0.9892102,0.9854397,0.35559228,0.3551128,0.47640392,0.41691157,0.4136776,0.36817014,0.06093611,0.0487914,0.9032813,0.25257626,0.96510994,0.6654193,0.21331207,0.9587848,0.965216,0.27232638,0.21898444,0.48393965,0.63111544,0.44150558,0.66182184,0.022457095,0.61912274,-0.8,-0.3,-0.55
0.1729663,0.23991415,0.4224454,0.44005093,0.9842121,0.9823675,0.3416786,0.30541503,0.3882463,0.48745075,0.36042,0.3255381,0.061673004,0.042923305,0.9246252,0.29986525,0.9540812,0.71071213,0.23841077,0.96549034,0.9656701,0.2559594,0.25893125,0.4577949,0.6274265,0.4443341,0.641792,0.01980838,0.6104645,-0.8,-0.3,-0.55
0.19468822,0.24235678,0.466754,0.43952873,0.9869637,0.98406744,0.4101862,0.3685793,0.43653533,0.44595388,0.3956834,0.35508308,0.06290658,0.05586734,0.92054945,0.31218576,0.9585563,0.6699979,0.26226518,0.9668862,0.967188,0.26300964,0.2754429,0.42315108,0.6289187,0.4741375,0.6677874,0.022669842,0.60262585,-0.8,-0.3,-0.55
0.21352932,0.24306709,0.44846126,0.47904393,0.9866545,0.98083407,0.3655847,0.34217346,0.4400643,0.41158944,0.42604616,0.3493212,0.046622183,0.055142954,0.91933435,0.31014383,0.9648433,0.6694876,0.23236117,0.96620834,0.96129584,0.25154397,0.22836205,0.47138005,0.6043515,0.43866178,0.64898694,0.022818472,0.5473169,-0.8,-0.3,-0.55
0.19169341,0.2177969,0.43911046,0.44876346,0.98469603,0.9820504,0.32939723,0.354015,0.4554474,0.41966206,0.40844265,0.35003948,0.062084123,0.05330047,0.91523314,0.28150254,0.9543691,0.6944839,0.26737648,0.9596018,0.96623826,0.20780769,0.25783443,0.47129205,0.62898195,0.49579152,0.6749128,0.02431747,0.63574255,-0.8,-0.3,-0.55
0.19057056,0.21382457,0.4463984,0.42305157,0.98347765,0.98322153,0.3722877,0.32210666,0.43811908,0.4677234,0.42300412,0.34727344,0.07070834,0.052272677,0.91635174,0.28422785,0.9639247,0.69789827,0.2958788,0.95972395,0.9642397,0.24246053,0.26908374,0.47505507,0.63770765,0.4856973,0.6436171,0.026534533,0.5949134,-0.8,-0.3,-0.55
0.20168662,0.21393499,0.44979498,0.40635344,0.987783,0.9804452,0.39072558,0.31601202,0.3823482,0.4297699,0.43902528,0.32889387,0.070148274,0.050478585,0.889038,0.33004016,0.96010685,0.6694402,0.2458215,0.9600163,0.96005607,0.259492,0.2531962,0.46246204,0.663296,0.49527562,0.6704312,0.022929637,0.60075086,-0.8,-0.3,-0.55
0.2183177,0.21215738,0.4725478,0.49130902,0.9857576,0.9787537,0.38655177,0.3337281,0.4317545,0.4089618,0.3393378,0.3328554,0.0465109,0.051694963,0.90101516,0.27970517,0.966132,0.6848726,0.26112685,0.95747465,0.9605409,0.26417115,0.24436903,0.44454864,0.64117783,0.49494797,0.6856211,0.021501785,0.6320421,-0.8,-0.3,-0.55
0.21750852,0.23866302,0.4695178,0.47557756,0.9861195,0.9784344,0.37856573,0.35551563,0.42624348,0.44176522,0.38481703,0.34223562,0.051669724,0.048855618,0.9092966,0.30044538,0.96241564,0.6643469,0.2478193,0.956684,0.96151847,0.23517375,0.25013244,0.43340212,0.6366689,0.49968764,0.68115216,0.021578813,0.6080557,-0.8,-0.3,-0.55
0.21826099,0.22204435,0.433608,0.44819665,0.9842093,0.9800268,0.3739479,0.3323378,0.42603177,0.4174115,0.4341425,0.3712947,0.054521646,0.04226873,0.88343334,0.32401386,0.95906126,0.69435215,0.27979904,0.966464,0.9671979,0.26373464,0.22250484,0.42045102,0.58973265,0.43567914,0.6243125,0.01907468,0.6373098,-0.8,-0.3,-0.55
0.18779679,0.19684611,0.43029085,0.39576817,0.98343176,0.98274547,0.36066332,0.3564916,0.4550975,0.43818215,0.38259313,0.3649857,0.05675806,0.04379168,0.88519573,0.34404233,0.95883185,0.68918246,0.25186145,0.95131874,0.9605966,0.24933833,0.27630335,0.4548024,0.65401673,0.49290985,0.6226982,0.023729412,0.6586848,-0.8,-0.3,-0.55
0.2117477,0.183601,0.44056243,0.42244047,0.9815518,0.98297334,0.36802393,0.35444373,0.41259274,0.45569354,0.41610563,0.37647444,0.05103967,0.05619343,0.9063466,0.2961584,0.95669514,0.6529935,0.2764319,0.9547879,0.9685309,0.24960865,0.24668586,0.46459445,0.6454446,0.4524592,0.6972729,0.02205707,0.6384476,-0.8,-0.3,-0.55
0.23354542,0.17958447,0.40964627,0.5009905,0.98681575,0.97907215,0.39560455,0.36097795,0.3893931,0.4809878,0.35277712,0.37940133,0.059356,0.046148557,0.9222223,0.31397197,0.96173406,0.67974293,0.23100749,0.95798826,0.9587333,0.26096383,0.25001267,0.4451538,0.63469106,0.4598768,0.66635233,0.020556556,0.62845373,-0.8,-0.3,-0.55
0.20372759,0.1999812,0.47655192,0.5088935,0.98725176,0.9817554,0.3593075,0.36398986,0.45540345,0.46093622,0.40864387,0.32052374,0.05733901,0.045737766,0.9050737,0.30352718,0.9637582,0.6955686,0.26763192,0.95975995,0.9651361,0.25216344,0.24677631,0.47688773,0.67263204,0.48275492,0.6833006,0.02199922,0.5948811,-0.8,-0.3,-0.55
0.24076834,0.25208932,0.4399442,0.42322487,0.98526865,0.9804391,0.387827,0.324444,0.42739582,0.45244026,0.37019947,0.368145,0.053503018,0.053673256,0.9130648,0.28057218,0.9617346,0.66105527,0.25342366,0.96047914,0.97015554,0.2444554,0.29212868,0.43592313,0.6411998,0.45154253,0.66343045,0.02063884,0.6482626,-0.8,-0.3,-0.55
0.23455878,0.23054893,0.4765404,0.50573504,0.9861179,0.9797238,0.37624696,0.31434354,0.4161025,0.49438313,0.39908716,0.3583089,0.05987587,0.052925814,0.91141284,0.32801074,0.9594189,0.676793,0.25914344,0.9606195,0.9675579,0.31921476,0.2562168,0.4576875,0.6479538,0.48607796,0.6586197,0.01804898,0.6323876,-0.8,-0.3,-0.55
0.19875836,0.17556465,0.45517927,0.5008053,0.9856104,0.981835,0.38616505,0.33152133,0.4024189,0.4546467,0.43675599,0.33467025,0.056690674,0.04881671,0.89835125,0.3246505,0.9633145,0.72291726,0.22804981,0.9670642,0.9624375,0.3129076,0.25041407,0.46199787,0.6111488,0.5068074,0.6996859,0.02543958,0.636214,-0.8,-0.3,-0.55
0.20025206,0.21628885,0.43863985,0.5077865,0.9851264,0.9807624,0.36446905,0.34679076,0.49624273,0.45620054,0.3699078,0.3568023,0.06464363,0.056386646,0.8899501,0.27842915,0.9579304,0.66850966,0.23967676,0.9626882,0.96443963,0.30044138,0.25583413,0.48115376,0.635439,0.48969153,0.65750253,0.020982575,0.6344804,-0.8,-0.3,-0.55
0.18773258,0.18853103,0.4664787,0.4913589,0.9842964,0.9807426,0.35356542,0.34152722,0.44357854,0.4383692,0.40681794,0.36372176,0.051600363,0.048462637,0.9099497,0.28176525,0.9628326,0.6872144,0.2533205,0.959252,0.9652954,0.24458443,0.25945786,0.4854014,0.6240195,0.44188678,0.65263885,0.024593195,0.547768,-0.8,-0.3,-0.55
0.21570183,0.2335878,0.45590687,0.4824938,0.9845351,0.9826917,0.38192856,0.38285434,0.45637506,0.4619479,0.42218107,0.3753387,0.06607002,0.05072754,0.897254,0.3051718,0.9659222,0.676611,0.2723677,0.96093976,0.9605146,0.29581642,0.2548592,0.44298118,0.632036,0.53130734,0.6497466,0.021745492,0.6078785,-0.8,-0.3,-0.55
0.19725509,0.22317967,0.44609848,0.4769757,0.984213,0.9833009,0.39398444,0.35479927,0.3889915,0.44271055,0.41966483,0.32514665,0.06308492,0.0531745,0.9069948,0.26912254,0.9637438,0.6596729,0.23166502,0.95647305,0.9622209,0.26747873,0.25718787,0.48422766,0.6061802,0.45886418,0.6337674,0.023748187,0.57622814,-0.8,-0.3,-0.55
0.2007594,0.18372545,0.45772684,0.4352322,0.9858299,0.9823615,0.36494708,0.36080977,0.39020932,0.41929808,0.37533352,0.34723052,0.06367787,0.055277858,0.8966606,0.34878463,0.95886695,0.7035124,0.27047154,0.96043485,0.96298826,0.23932089,0.24093093,0.50627935,0.6616973,0.50208765,0.66467994,0.023200538,0.58842456,-0.8,-0.3,-0.55
0.18584186,0.21586974,0.4846208,0.44903126,0.9868984,0.97940433,0.33835566,0.3266342,0.4474771,0.46979985,0.40412766,0.3958965,0.04885175,0.050654743,0.88691527,0.30461407,0.95973074,0.6729226,0.23053916,0.9571602,0.96107304,0.27851927,0.23913988,0.49396485,0.60774857,0.53169173,0.66314733,0.025079988,0.6266297,-0.8,-0.3,-0.55
0.20792064,0.1953554,0.45124584,0.44392118,0.9856089,0.9791424,0.3894435,0.32904714,0.45149007,0.47421366,0.4306171,0.3241838,0.06959133,0.04510494,0.8790455,0.2886862,0.958827,0.68001854,0.25384566,0.9573861,0.96543014,0.28980005,0.26379988,0.5226778,0.6416904,0.47661304,0.6873529,0.022118472,0.5954319,-0.8,-0.3,-0.55
0.19702347,0.22140642,0.4669496,0.4515202,0.9876237,0.9816363,0.40083605,0.34809592,0.43650505,0.4188926,0.3584279,0.32482943,0.05266964,0.049011625,0.9048236,0.25670367,0.95941734,0.69355196,0.25582883,0.9603289,0.95906204,0.26858667,0.24956062,0.46774217,0.6387752,0.44911125,0.6331699,0.025587514,0.5925852,-0.8,-0.3,-0.55
0.2284234,0.23948815,0.46478373,0.45712408,0.9860097,0.97960395,0.35315,0.326694,0.400296,0.45285964,0.37312126,0.31471637,0.055507626,0.04847858,0.9130453,0.3073724,0.9552776,0.67491794,0.25189435,0.9526872,0.9627943,0.25279498,0.22984855,0.4212547,0.62071055,0.4733941,0.65124243,0.023268558,0.5992551,-0.8,-0.3,-0.55
0.20409289,0.20699285,0.43920168,0.5199813,0.9856171,0.98047054,0.4055931,0.35286236,0.43253607,0.461135,0.40192926,0.35538042,0.055025566,0.047652297,0.8914125,0.28467205,0.95510405,0.7199838,0.27015293,0.9575643,0.96446204,0.2279302,0.23236178,0.44780082,0.62571657,0.42163166,0.66392976,0.022962142,0.5873727,-0.8,-0.3,-0.55
0.20276381,0.22617348,0.4075871,0.4925268,0.9844242,0.9792889,0.4081314,0.3220255,0.44586095,0.42586613,0.4455,0.33302888,0.057424325,0.05967711,0.9044959,0.2566306,0.9620439,0.6620724,0.24606442,0.9571989,0.96472514,0.25244403,0.2582071,0.4539603,0.67755026,0.4503469,0.6849131,0.024626795,0.6253736,-0.8,-0.3,-0.55
0.21781744,0.23006141,0.46555352,0.4628413,0.98269904,0.98216105,0.3607255,0.34316778,0.44653043,0.46931577,0.4222791,0.3305952,0.05650381,0.04415212,0.88284427,0.29128322,0.96789664,0.7163987,0.25200495,0.9582947,0.9696186,0.28152522,0.27117407,0.44813496,0.6605912,0.4723703,0.67481446,0.02245051,0.6553186,-0.8,-0.3,-0.55
0.19429468,0.22502488,0.45672923,0.4603209,0.9872125,0.98071414,0.39453277,0.3562309,0.4201954,0.42772624,0.4447527,0.31584322,0.05550026,0.040615708,0.9107448,0.28556126,0.96087766,0.7077458,0.2741806,0.9582415,0.96112967,0.2610674,0.24626663,0.4290201,0.60947305,0.48292056,0.64943004,0.024176842,0.62365335,-0.8,-0.3,-0.55
0.19909084,0.2061395,0.43468007,0.49718496,0.98270905,0.9805787,0.40706655,0.34169734,0.39705488,0.49033937,0.41898954,0.35999948,0.046629146,0.047567755,0.9133192,0.31131628,0.9609376,0.67895126,0.2958232,0.95895594,0.9597515,0.28008085,0.25108048,0.49849606,0.6694182,0.45383823,0.63809645,0.02414544,0.6148668,-0.8,-0.3,-0.55
0.18594074,0.21618786,0.44662884,0.45409143,0.9870898,0.979762,0.37938225,0.34458145,0.40581617,0.4491592,0.42481193,0.35129288,0.049367692,0.04473911,0.9016163,0.29110536,0.96048224,0.68795735,0.25848836,0.95722,0.9645336,0.29662782,0.27471608,0.44477564,0.6126502,0.46413946,0.6543061,0.024865566,0.65306103,-0.8,-0.3,-0.55
0.21161346,0.22830965,0.46361464,0.4432921,0.98525894,0.9786082,0.36787635,0.31731328,0.41600823,0.4391745,0.38643944,0.34795934,0.06300758,0.04591654,0.9096173,0.26826063,0.9585079,0.65124655,0.28177202,0.95216876,0.960772,0.2975352,0.26182133,0.4385001,0.63170284,0.45769408,0.664456,0.022040484,0.58322453,-0.8,-0.3,-0.55
0.21734339,0.20509972,0.5060416,0.47432348,0.98489445,0.9827795,0.41411737,0.3285679,0.43477753,0.43684766,0.37832397,0.34197417,0.052030697,0.0469854,0.89890456,0.27897477,0.9601874,0.6954074,0.27371904,0.9559081,0.96392065,0.29880938,0.22498879,0.5060234,0.6648411,0.4771689,0.6652817,0.02676909,0.62039566,-0.8,-0.3,-0.55
0.22412641,0.24844646,0.48560238,0.47815534,0.9856512,0.9798043,0.38102898,0.37609318,0.4223584,0.415716,0.34532526,0.3302477,0.0587397,0.056436483,0.9146379,0.2844745,0.96738654,0.68472195,0.23390657,0.9592248,0.9637943,0.24985239,0.26208085,0.44478115,0.61892366,0.44809064,0.67547625,0.026220903,0.60632175,-0.8,-0.3,-0.55
0.19049585,0.2248054,0.44640344,0.48730746,0.98482,0.98161364,0.36899996,0.363571,0.39978352,0.4245028,0.36453247,0.3539284,0.051136687,0.04723279,0.9203923,0.29574263,0.9575657,0.681473,0.24860243,0.95728695,0.9690505,0.2808648,0.24977992,0.45739007,0.6405098,0.4722215,0.6711958,0.018656861,0.5951381,-0.8,-0.3,-0.55
0.201319,0.23406963,0.45956826,0.50429803,0.98342115,0.97797626,0.35962602,0.3816308,0.4432477,0.4726042,0.38188437,0.35344154,0.051457785,0.05074641,0.91304934,0.29090214,0.9680467,0.68352485,0.23598006,0.9597511,0.95692825,0.2763808,0.23914807,0.4403076,0.621826,0.42999214,0.6297449,0.023099693,0.6248253,-0.8,-0.3,-0.55
0.22126795,0.1995822,0.456114,0.45637685,0.98606825,0.98396146,0.40415403,0.32238355,0.43057108,0.4602514,0.3805792,0.34369865,0.06083075,0.04704089,0.9183019,0.27696306,0.95642495,0.7186653,0.25896168,0.9599337,0.96566874,0.25253528,0.24758747,0.48435992,0.6265334,0.47909224,0.6580042,0.024698688,0.6017273,-0.8,-0.3,-0.55
0.19546562,0.21494481,0.4801879,0.41230652,0.9846881,0.9825974,0.34526828,0.36378977,0.51321733,0.45668527,0.4013182,0.34315574,0.06193331,0.051288854,0.9116871,0.2634561,0.9637152,0.687907,0.26006684,0.95470184,0.96588725,0.25405174,0.25344643,0.48472533,0.6702542,0.43290892,0.68702644,0.019796874,0.606688,-0.8,-0.3,-0.55
0.2127035,0.21193296,0.44828978,0.4470691,0.98425704,0.9774864,0.36125106,0.3320833,0.4239145,0.4430927,0.4095049,0.35397232,0.04974165,0.053992327,0.9220892,0.2757604,0.96655107,0.6767494,0.28185418,0.96173537,0.9669593,0.300695,0.24354734,0.43887097,0.6482967,0.47568947,0.6113553,0.021172343,0.59122396,-0.8,-0.3,-0.55
0.1928905,0.2231869,0.4960751,0.4757561,0.9862963,0.9820826,0.39648217,0.32801664,0.45252374,0.4496262,0.34879047,0.32922187,0.05682397,0.046277147,0.90928715,0.29618508,0.96117294,0.7205698,0.24444929,0.9601676,0.9711475,0.2645808,0.2694347,0.46300828,0.64190716,0.42596462,0.6399628,0.024182836,0.5864562,-0.8,-0.3,-0.55
0.2020218,0.23656408,0.5173282,0.4673566,0.9851976,0.98048234,0.3840064,0.34982952,0.41225478,0.42832482,0.34726393,0.27686614,0.06328722,0.04964672,0.90045404,0.2554248,0.9601041,0.6771295,0.28903347,0.96278685,0.9650894,0.27265596,0.24923286,0.4497589,0.6208312,0.43646756,0.6516878,0.025524547,0.5889805,-0.8,-0.3,-0.55
0.2419277,0.24167743,0.49800774,0.47047168,0.9825881,0.97769916,0.32910278,0.30022216,0.43404534,0.47714913,0.4090961,0.3705886,0.056203935,0.053149883,0.8915237,0.28689054,0.9657398,0.69931614,0.25348866,0.9638471,0.96786827,0.28296903,0.2524604,0.47216,0.61826116,0.47469872,0.67238396,0.028604625,0.61386514,-0.8,-0.3,-0.55
0.20504652,0.25818,0.4510246,0.48699027,0.98535454,0.98158514,0.3638395,0.36553127,0.39282393,0.41404513,0.37633,0.36020294,0.06215212,0.051007558,0.913075,0.30732635,0.96205115,0.6990727,0.29090747,0.9626134,0.97197026,0.2756972,0.2479189,0.4900125,0.6315426,0.45685282,0.6631342,0.025029186,0.5968264,-0.8,-0.3,-0.55
0.21274823,0.25638843,0.47790298,0.46072733,0.984101,0.97833496,0.34640396,0.35780543,0.4560835,0.39720893,0.4112958,0.36927578,0.05805152,0.05376681,0.9083888,0.31303713,0.9620837,0.68115556,0.2809817,0.9594498,0.9567953,0.31061637,0.24477153,0.46321702,0.6385751,0.44588065,0.634014,0.023067037,0.5996498,-0.8,-0.3,-0.55
0.20277674,0.2296988,0.42413473,0.519949,0.9867675,0.9824039,0.33960044,0.3223257,0.4113443,0.44694752,0.36462012,0.3368185,0.05521448,0.04562465,0.91054815,0.28317508,0.9574161,0.68222475,0.29562545,0.96241874,0.96605355,0.25222299,0.23751882,0.4462957,0.63181716,0.5083781,0.64084756,0.024121389,0.6334052,-0.8,-0.3,-0.55
0.20491378,0.21233198,0.45241234,0.48668772,0.98712707,0.98264587,0.36106503,0.3443756,0.45336676,0.4413898,0.4219384,0.38740417,0.061774593,0.06123804,0.91704434,0.2986976,0.96041936,0.67949593,0.24600199,0.9596657,0.9624545,0.29786786,0.25453416,0.4721667,0.6602584,0.4942247,0.6460706,0.02882966,0.6020298,-0.8,-0.3,-0.55
0.17643762,0.23922125,0.44320494,0.48145047,0.98527235,0.97947127,0.37346008,0.39758864,0.3794395,0.44837326,0.41533914,0.35578728,0.06389509,0.049663246,0.908857,0.30063835,0.96713924,0.66584104,0.24855754,0.9661365,0.96102726,0.28302893,0.26316398,0.51865476,0.6017637,0.45367193,0.65909624,0.024965132,0.60926557,-0.8,-0.3,-0.55
0.20688069,0.23473336,0.4675938,0.48132378,0.9864451,0.9801057,0.3846171,0.3420595,0.4420094,0.45515192,0.39410695,0.3356463,0.057619706,0.045767006,0.9045205,0.31287634,0.95845795,0.66044337,0.29526347,0.95554495,0.96138674,0.26761422,0.22465844,0.45823833,0.6082651,0.47125772,0.64568514,0.024169365,0.6279794,-0.8,-0.3,-0.55
0.17718695,0.22511907,0.46323082,0.47748145,0.983123,0.97870046,0.37251994,0.3613965,0.46398836,0.48487017,0.3747454,0.37398836,0.057639763,0.039895277,0.91517085,0.27229905,0.964579,0.7192846,0.25057027,0.95488226,0.9656352,0.26898143,0.26300701,0.5333965,0.6486154,0.4656615,0.6982492,0.024321696,0.6223427,-0.8,-0.3,-0.55
0.20094597,0.23688538,0.46781802,0.45426714,0.9862358,0.9831194,0.34907985,0.36034226,0.4675013,0.45640087,0.36097524,0.35111642,0.055315785,0.05226821,0.9212625,0.3270266,0.9656194,0.69348824,0.2767039,0.9583481,0.96579695,0.2537864,0.2858601,0.44825834,0.6252173,0.4920321,0.6260917,0.02280704,0.6406949,-0.8,-0.3,-0.55
0.19864205,0.20376478,0.41119492,0.4350696,0.9869371,0.9790796,0.34855714,0.36598086,0.42733464,0.41605535,0.42045563,0.3640849,0.05050029,0.045702115,0.91138756,0.30912057,0.9599379,0.68817997,0.2512875,0.95952207,0.958218,0.26801777,0.24982947,0.45179117,0.6352211,0.4903351,0.632174,0.019206433,0.55614614,-0.8,-0.3,-0.55
0.18913405,0.23680572,0.46284854,0.4601186,0.9857061,0.9826015,0.39426917,0.33533308,0.4287732,0.44127458,0.38954216,0.3516098,0.056775454,0.059838902,0.90112424,0.2964724,0.9597841,0.6693472,0.27756855,0.96383226,0.9618792,0.25170797,0.31311083,0.48329738,0.60529274,0.46689415,0.6561624,0.02263749,0.58884615,-0.8,-0.3,-0.55
0.19852184,0.21816158,0.46751013,0.45866847,0.98580927,0.98529655,0.39543226,0.34065288,0.45934722,0.46908444,0.39555463,0.37048367,0.06408771,0.057551354,0.89994717,0.28330165,0.95157903,0.6943484,0.29208514,0.95637465,0.96195483,0.26608586,0.2423227,0.51729274,0.62953764,0.49792016,0.64507496,0.024947613,0.60674316,-0.8,-0.3,-0.55
0.22726004,0.18625306,0.42433622,0.44573092,0.98721886,0.9816606,0.41612768,0.3358922,0.44219583,0.45247012,0.39009088,0.3317174,0.05882164,0.054261398,0.91291887,0.2885522,0.9625583,0.6846186,0.24858923,0.96528363,0.96404904,0.25911206,0.27264714,0.47925317,0.6041814,0.42490858,0.6661638,0.022260832,0.6592076,-0.8,-0.3,-0.55
0.21046995,0.22852951,0.45575133,0.4926219,0.9860422,0.9816793,0.35714304,0.31183746,0.43747556,0.47246078,0.34146282,0.32436094,0.048212137,0.041882653,0.9090786,0.30581346,0.9570052,0.65009063,0.26283723,0.96206707,0.9694333,0.24939018,0.24372381,0.44325396,0.61415523,0.4766665,0.6632631,0.027856443,0.6073568,-0.8,-0.3,-0.55
0.2099112,0.22309391,0.44858664,0.48604175,0.98497933,0.9815299,0.3702579,0.33493206,0.41632667,0.4344747,0.413869,0.3644945,0.056128293,0.046070162,0.9137219,0.3079074,0.96022266,0.71548474,0.29265535,0.9580286,0.97006184,0.26588115,0.29834914,0.4936946,0.65121764,0.4912827,0.67099214,0.021801054,0.6232142,-0.8,-0.3,-0.55
0.21349113,0.20114517,0.47463855,0.45175564,0.98160434,0.9800433,0.35930687,0.3284654,0.42028087,0.4101781,0.42572263,0.38114902,0.06604701,0.048537727,0.90447253,0.3013138,0.955296,0.67518973,0.24824724,0.9565058,0.95778745,0.25443628,0.2617973,0.46384257,0.6125802,0.47643456,0.65584594,0.022740407,0.60643333,-0.8,-0.3,-0.55
0.2004459,0.20368494,0.39489368,0.44251916,0.9871105,0.9828788,0.36518183,0.35805154,0.43990743,0.45568794,0.37996918,0.34959665,0.056950472,0.055654738,0.9212749,0.3252541,0.961347,0.68045187,0.26166606,0.95150113,0.96089077,0.28119227,0.29140657,0.49878994,0.64523476,0.48150727,0.61089015,0.025999175,0.57113075,-0.8,-0.3,-0.55
0.24745028,0.21860965,0.39186284,0.4225291,0.9864072,0.9830441,0.37387395,0.3104896,0.46697155,0.427663,0.36549923,0.36008382,0.061142214,0.059314046,0.89901286,0.32968915,0.96413887,0.7323587,0.21514873,0.954943,0.96513444,0.2643663,0.27093446,0.45873013,0.5895154,0.47732028,0.61452734,0.023935083,0.6541953,-0.8,-0.3,-0.55
0.18628764,0.21107824,0.42725036,0.4411539,0.9866925,0.981697,0.3751873,0.34581363,0.47144365,0.4521792,0.40214023,0.35846508,0.062186334,0.045747153,0.9129016,0.2879168,0.96577024,0.6910123,0.24741271,0.96159375,0.9649447,0.28452152,0.2793283,0.48237696,0.612298,0.47052404,0.6355211,0.0259257,0.62308097,-0.8,-0.3,-0.55
0.19131376,0.19069296,0.38905835,0.4273777,0.9867735,0.97767955,0.33911744,0.32533705,0.4237537,0.42354804,0.36316207,0.34014755,0.07818776,0.048844595,0.93065315,0.30212098,0.95708543,0.69009495,0.24315748,0.9628101,0.96499115,0.29256848,0.2800211,0.4602475,0.59591657,0.4847149,0.6629402,0.025830552,0.5926176,-0.8,-0.3,-0.55
0.21410932,0.21847932,0.37700686,0.41492662,0.9851318,0.98397946,0.32343704,0.37053004,0.43645695,0.45739222,0.38781372,0.34629595,0.05152821,0.053894486,0.88513494,0.31099206,0.9647302,0.6809927,0.2330488,0.9511879,0.9681028,0.24505898,0.25713155,0.49093094,0.6600812,0.44947994,0.66329217,0.025109256,0.624902,-0.8,-0.3,-0.55
0.22463395,0.19900846,0.38199008,0.4513968,0.9860728,0.9805331,0.39439535,0.331217,0.4336738,0.4950178,0.4173045,0.35786417,0.056767106,0.05540794,0.9184667,0.30556262,0.95900613,0.6909138,0.25993648,0.96548617,0.9699819,0.26507542,0.25551945,0.43716478,0.65883833,0.4693415,0.6634645,0.021203483,0.6193926,-0.8,-0.3,-0.55
0.2098887,0.24965109,0.47608608,0.41785276,0.9849347,0.9834501,0.4106465,0.33677572,0.44264165,0.40613297,0.3529708,0.3568373,0.044657316,0.05319857,0.91309845,0.3040251,0.96432453,0.7025894,0.281007,0.96256834,0.9666117,0.27275297,0.24052899,0.4436856,0.6601734,0.46298486,0.6483024,0.020014508,0.5971336,-0.8,-0.3,-0.55
0.21465,0.24719797,0.46353912,0.5034442,0.98451024,0.97712564,0.40146175,0.33547783,0.4176701,0.41648215,0.41257042,0.3561675,0.057821117,0.049392976,0.917407,0.294604,0.95766336,0.66928273,0.25093943,0.95575196,0.96231866,0.28553206,0.24913427,0.4606293,0.622154,0.47113344,0.68323696,0.025957877,0.5979008,-0.8,-0.3,-0.55
0.18717615,0.21014574,0.43437374,0.49003023,0.98397315,0.9798253,0.3605157,0.34433335,0.4238831,0.44663504,0.3916681,0.35969967,0.056687873,0.047582425,0.9129206,0.27255067,0.9550925,0.6428064,0.2666978,0.95505476,0.9650913,0.29190663,0.2561735,0.43790215,0.6780881,0.4427938,0.6621665,0.019942569,0.6443562,-0.8,-0.3,-0.55
0.21929955,0.2216468,0.5079538,0.46579912,0.98395175,0.9792499,0.3304919,0.33220416,0.4292156,0.45970255,0.39177725,0.31684822,0.051536497,0.04859585,0.91560316,0.25944525,0.9635238,0.6710955,0.24753089,0.9629585,0.9641535,0.2618661,0.27697214,0.4447694,0.6565167,0.47482598,0.5914783,0.0212072,0.5928342,-0.8,-0.3,-0.55
0.19556609,0.2035117,0.4394516,0.46211025,0.9842361,0.9810875,0.38486025,0.33146453,0.36485627,0.5010632,0.4101781,0.3514431,0.0598965,0.044855475,0.90401626,0.28997403,0.9624884,0.6787548,0.23209006,0.950162,0.9593709,0.25076944,0.24620031,0.44784635,0.62259716,0.48580158,0.68424577,0.021521447,0.6175641,-0.8,-0.3,-0.55
0.1849165,0.2191097,0.41963124,0.4454996,0.980646,0.9832986,0.38512698,0.33207396,0.4148647,0.43148097,0.3989826,0.35537022,0.053333674,0.047410827,0.9125508,0.25491026,0.96424073,0.73278356,0.27256882,0.9593795,0.96099156,0.24568737,0.2841593,0.48529693,0.66060835,0.3882137,0.63631344,0.02191868,0.5969839,-0.8,-0.3,-0.55
0.2291089,0.21418196,0.43581504,0.4850351,0.9867176,0.98150164,0.3561417,0.35519478,0.42340955,0.46256986,0.4101702,0.34600258,0.048721362,0.04733096,0.9290502,0.3182635,0.9560779,0.7037691,0.25283647,0.9648922,0.9666799,0.30107135,0.2563138,0.47740895,0.61047447,0.4542433,0.689672,0.02002652,0.64366555,-0.8,-0.3,-0.55
0.18922496,0.20761932,0.42732313,0.4641249,0.9837165,0.9814218,0.35304406,0.361426,0.47550285,0.43985534,0.40598246,0.353271,0.051797017,0.044347085,0.8937427,0.3028082,0.95700806,0.6724903,0.22153807,0.960995,0.96820414,0.25756443,0.25941062,0.45044574,0.68445575,0.46859533,0.65762436,0.024363235,0.6213155,-0.8,-0.3,-0.55
0.1828812,0.23777196,0.48084217,0.4432337,0.98605853,0.98428094,0.38522744,0.38520467,0.41755426,0.4793178,0.38801602,0.33815056,0.052238256,0.038413696,0.9081232,0.32172182,0.96128416,0.6989714,0.2774025,0.96103245,0.9658013,0.25914606,0.25348845,0.46880907,0.65174407,0.4423174,0.6713081,0.02205683,0.59323686,-0.8,-0.3,-0.55
0.20362982,0.20923144,0.39923692,0.50002086,0.9848572,0.9825135,0.35842532,0.35193238,0.44003817,0.46045268,0.3960469,0.328408,0.048885107,0.05129165,0.9127539,0.30728745,0.9627344,0.6600191,0.27430966,0.9601765,0.9644886,0.27242553,0.28112033,0.41536444,0.63908225,0.45254555,0.6505055,0.024264947,0.6238433,-0.8,-0.3,-0.55
0.18725267,0.21901666,0.42379874,0.45038664,0.9836037,0.9824515,0.36875445,0.37204787,0.41482428,0.4687712,0.419656,0.3782501,0.060571667,0.041281432,0.91300476,0.28921512,0.9647315,0.66652036,0.27933213,0.96724766,0.9702075,0.27234787,0.27713314,0.4407185,0.64221567,0.45816755,0.64394784,0.022253692,0.61246496,-0.8,-0.3,-0.55
0.20678405,0.20044008,0.4300077,0.5099281,0.98597217,0.97644573,0.3212667,0.33288428,0.4850656,0.44904798,0.3898774,0.35359934,0.04632747,0.04552194,0.90940577,0.28680146,0.95968837,0.6969712,0.26703835,0.95672554,0.9660789,0.27914223,0.24766612,0.45447576,0.663286,0.4590314,0.6724111,0.023369923,0.6178785,-0.8,-0.3,-0.55
0.22119412,0.2009192,0.4333656,0.49803028,0.9821561,0.9831592,0.40200618,0.32549962,0.39077246,0.43092772,0.39063656,0.36468494,0.06484593,0.04423334,0.8972637,0.33753785,0.96021825,0.7021355,0.24310291,0.96044135,0.965701,0.28352448,0.27768135,0.44829956,0.65890855,0.4697753,0.6402633,0.025179036,0.5751077,-0.8,-0.3,-0.55
0.1999362,0.22032818,0.4391824,0.4664285,0.9835616,0.9781568,0.36446774,0.38129592,0.39042756,0.48840022,0.40733445,0.35663852,0.06160555,0.051877216,0.91266274,0.2660496,0.96336937,0.69316715,0.23488493,0.9566459,0.962592,0.28251117,0.22698829,0.48624432,0.68498987,0.46232688,0.6577794,0.023002287,0.6107744,-0.8,-0.3,-0.55
0.22024584,0.2368295,0.4866564,0.48065585,0.9837621,0.97781473,0.3534397,0.31969064,0.43955553,0.45636082,0.39072436,0.35048655,0.049752455,0.047600463,0.9142749,0.30187342,0.96475637,0.74166894,0.24281232,0.9602332,0.9628488,0.2417328,0.23001125,0.40811867,0.6234679,0.4610543,0.6383892,0.023054333,0.61453366,-0.8,-0.3,-0.55
0.18574485,0.22998719,0.47316763,0.4604322,0.98732054,0.98103565,0.37545756,0.3465533,0.4086538,0.46259516,0.3840529,0.34570026,0.053673923,0.050129216,0.90323997,0.29282454,0.9641953,0.65984094,0.2599422,0.9631622,0.9647108,0.24908763,0.2584911,0.44602987,0.57959443,0.48241365,0.6749833,0.020264184,0.63338864,-0.8,-0.3,-0.55
0.232975,0.2517764,0.4370311,0.46118858,0.98711187,0.98339474,0.3737509,0.33587965,0.4612303,0.4251207,0.40179452,0.362331,0.06203067,0.054872647,0.91612554,0.27036983,0.9661738,0.666042,0.30054754,0.95235527,0.96535605,0.26085585,0.25471658,0.4716503,0.6085677,0.45695898,0.63436145,0.025221677,0.62251973,-0.8,-0.3,-0.55
0.19660664,0.23545781,0.42959523,0.5086747,0.9858111,0.97960806,0.36996856,0.3231142,0.42639306,0.45734164,0.3722493,0.34575817,0.067354895,0.047408685,0.89639705,0.25591555,0.9607993,0.6723901,0.2778436,0.96535635,0.9582922,0.24416697,0.24408643,0.50715894,0.65595424,0.4674144,0.66966254,0.0233891,0.60697895,-0.8,-0.3,-0.55
0.19155575,0.21629488,0.47836086,0.4983231,0.9864542,0.9804653,0.40487796,0.34976685,0.37519994,0.44605365,0.3851718,0.353322,0.06615467,0.04405356,0.90095073,0.27397832,0.9608357,0.6521875,0.2470146,0.9610297,0.9654656,0.2595161,0.26584813,0.4095637,0.6414426,0.45291975,0.63585746,0.025400765,0.6556204,-0.8,-0.3,-0.55
0.23498002,0.21258812,0.462662,0.46900916,0.9840677,0.9824158,0.36177197,0.33113232,0.44280708,0.45847595,0.41564298,0.36474943,0.06032398,0.045516733,0.90562063,0.2983755,0.9608592,0.7050642,0.2984736,0.95724165,0.9678757,0.2633404,0.2805702,0.46020746,0.653576,0.45320985,0.62879896,0.024294341,0.6335938,-0.8,-0.3,-0.55
0.18805408,0.20878899,0.4438876,0.47966868,0.986251,0.9811513,0.39374515,0.3334421,0.39496806,0.43027824,0.44195205,0.34244388,0.05890654,0.043954562,0.91564935,0.28417534,0.96314126,0.69009084,0.28459242,0.95800734,0.96058077,0.26860818,0.25060502,0.37664747,0.6769597,0.44472572,0.63605255,0.021920398,0.65401465,-0.8,-0.3,-0.55
0.20028092,0.20743339,0.4267228,0.48865646,0.9826853,0.98309004,0.36056876,0.36576563,0.38542548,0.46596524,0.38512954,0.32047266,0.04890969,0.044984117,0.9027776,0.32087782,0.9582286,0.69038796,0.24210687,0.959194,0.96664387,0.25630736,0.23695578,0.43641588,0.68144804,0.44381097,0.6563799,0.021967374,0.62052464,-0.8,-0.3,-0.55
0.17718202,0.21690589,0.46736702,0.50003386,0.98399514,0.97776204,0.3670745,0.3596706,0.450437,0.4265312,0.408642,0.3637766,0.056869403,0.043437235,0.91501683,0.3062637,0.9642629,0.69778514,0.23641443,0.9574325,0.9698249,0.29591787,0.2528455,0.43110335,0.65432626,0.4562573,0.6867715,0.02572237,0.61675507,-0.8,-0.3,-0.55
0.22743814,0.24082784,0.43957287,0.48946375,0.985521,0.98367137,0.38351256,0.3452824,0.47690618,0.44132164,0.43811235,0.3179678,0.051014617,0.037442837,0.90675104,0.2661165,0.9609749,0.6655997,0.27363032,0.9585746,0.9642231,0.2660553,0.26556557,0.44916955,0.6396276,0.4334507,0.67525536,0.019630702,0.6019549,-0.8,-0.3,-0.55
0.20333216,0.24709038,0.49512455,0.48855996,0.9864123,0.9819431,0.40128717,0.38581446,0.41867265,0.46061888,0.4330788,0.3129151,0.053706933,0.045519367,0.913954,0.26197213,0.96389747,0.725131,0.2641005,0.96066916,0.9674547,0.28997308,0.23635416,0.4244741,0.6378576,0.4625877,0.63647,0.019945927,0.64217883,-0.8,-0.3,-0.55
0.22756504,0.2513384,0.47003207,0.48947564,0.9829746,0.98100555,0.37896767,0.3679099,0.42612708,0.42929426,0.39727223,0.37050146,0.056929886,0.048193645,0.8934376,0.29813108,0.95726186,0.6968878,0.25653186,0.9608406,0.97148085,0.25255033,0.2926249,0.4209339,0.61064744,0.46056417,0.721732,0.02519983,0.5870222,-0.8,-0.3,-0.55
0.19660845,0.21386455,0.48102763,0.5254981,0.98386097,0.9790638,0.3874804,0.37951422,0.43824258,0.41610828,0.40501112,0.36088896,0.051680125,0.039996557,0.89804405,0.27957708,0.9663647,0.6733858,0.23205304,0.9600993,0.9582357,0.29080573,0.23318693,0.5001707,0.6554739,0.45746574,0.66399866,0.026779458,0.6641512,-0.8,-0.3,-0.55
0.21401662,0.19647162,0.50409895,0.4598363,0.9872525,0.97988576,0.3597618,0.38347116,0.409947,0.43601987,0.3820696,0.35268474,0.055278547,0.04236305,0.9151637,0.29274246,0.9664656,0.7203426,0.25199547,0.9589745,0.961785,0.25721374,0.2591563,0.4568066,0.632199,0.43915528,0.63908833,0.024415381,0.58545077,-0.8,-0.3,-0.55
0.17899202,0.24168125,0.5066603,0.47746775,0.9826902,0.9799341,0.3703118,0.34747538,0.42746755,0.43819606,0.42865443,0.32457462,0.05307983,0.055324208,0.91937083,0.30622646,0.9620217,0.68139654,0.2659397,0.96759063,0.9657359,0.23465289,0.2541686,0.44860613,0.63834316,0.48102784,0.6442808,0.018243944,0.60014284,-0.8,-0.3,-0.55
0.21180493,0.24178475,0.4612514,0.45712233,0.9829437,0.976653,0.3831932,0.3382541,0.4100153,0.3944607,0.37277776,0.34029692,0.061824314,0.04806189,0.91225946,0.29097703,0.95923084,0.7015625,0.23959313,0.9599787,0.96301955,0.26025745,0.26995793,0.4629551,0.62400424,0.4822608,0.65911436,0.021971066,0.5792609,-0.8,-0.3,-0.55
0.21223268,0.25114566,0.4762222,0.51376766,0.9862067,0.9816595,0.33443618,0.30789813,0.44572392,0.42647517,0.38087675,0.33838993,0.0533238,0.05177326,0.9108802,0.26791131,0.96009725,0.7097339,0.28390107,0.96319306,0.9650042,0.27232403,0.23615699,0.44842643,0.67160344,0.42892036,0.6449717,0.01951859,0.6250663,-0.8,-0.3,-0.55
0.21807745,0.20524369,0.477907,0.50375193,0.98213553,0.9805337,0.36158517,0.329459,0.47720623,0.42034253,0.43218797,0.33052975,0.05165205,0.04297396,0.902502,0.30433953,0.95977825,0.6631744,0.24046585,0.95952445,0.9641071,0.27696386,0.23861632,0.44396895,0.62231076,0.4575338,0.67830604,0.022753477,0.6147661,-0.8,-0.3,-0.55
0.20311132,0.21129395,0.46250027,0.4521216,0.9825032,0.9783756,0.3954435,0.33220753,0.47409603,0.43942097,0.38669917,0.36507642,0.059366018,0.052447572,0.9075653,0.3070342,0.95755076,0.6828758,0.23230974,0.9633877,0.96626943,0.26270542,0.24425936,0.43563,0.62195426,0.46739447,0.68481493,0.02434166,0.6271009,-0.8,-0.3,-0.55
0.2185768,0.24093409,0.37707514,0.494352,0.985062,0.9804689,0.37128145,0.37038434,0.43179315,0.43102726,0.40083137,0.36957052,0.055335,0.051081255,0.9165096,0.31168565,0.96181226,0.7112833,0.28214982,0.9641074,0.971202,0.23926386,0.26656646,0.45077083,0.63543093,0.46172497,0.6288269,0.021508273,0.5522279,-0.8,-0.3,-0.55
0.19782954,0.23456612,0.42475805,0.47198382,0.9879187,0.9787825,0.3598245,0.34679845,0.42989707,0.45850432,0.36813164,0.34488353,0.061755482,0.0474581,0.9047006,0.3026453,0.9654577,0.67057496,0.28174043,0.96202004,0.97072136,0.24941824,0.29025605,0.44519836,0.5979708,0.49829423,0.6738415,0.02275519,0.6096931,-0.8,-0.3,-0.55
0.22224978,0.2275742,0.4588184,0.48666626,0.9853924,0.98198307,0.38782328,0.34416622,0.44627625,0.47884795,0.39260095,0.33569548,0.06574127,0.05503307,0.8929385,0.29504818,0.9608241,0.681289,0.2677231,0.96174717,0.9626816,0.28722677,0.23096293,0.48911682,0.62059927,0.4161816,0.5972618,0.024503687,0.64994097,-0.8,-0.3,-0.55
0.20839953,0.22074741,0.4234857,0.4660208,0.98630244,0.98129386,0.37166804,0.3786659,0.4137203,0.49565595,0.3890498,0.36808133,0.058141075,0.04334001,0.9037564,0.28218162,0.95947057,0.6974738,0.28874242,0.95534015,0.96672153,0.2655177,0.24649884,0.510312,0.64984465,0.51417303,0.63243866,0.026938321,0.6021678,-0.8,-0.3,-0.55
0.20354798,0.20736173,0.38791752,0.43570295,0.9825006,0.9809418,0.35572997,0.3376913,0.42722115,0.44708017,0.43768013,0.3940758,0.05262127,0.05474905,0.89120424,0.3462967,0.96242315,0.71364594,0.2705498,0.9618225,0.96088105,0.28326115,0.27754387,0.48409823,0.64717144,0.4848338,0.65227383,0.022698428,0.5892948,-0.8,-0.3,-0.55
0.17699224,0.19617833,0.3813067,0.44108304,0.98821104,0.97598106,0.37165698,0.33229932,0.45997125,0.40790743,0.40902832,0.3120131,0.05618422,0.053688552,0.9012747,0.29677513,0.96121675,0.6751004,0.29017735,0.9613232,0.9623181,0.2562722,0.27396137,0.45279408,0.62019056,0.40514633,0.65399283,0.024278486,0.59287405,-0.8,-0.3,-0.55
0.20060666,0.21900564,0.42290106,0.46753603,0.98610306,0.9800044,0.35679907,0.330561,0.44242448,0.4372503,0.39689472,0.40295896,0.05371875,0.043045826,0.9135245,0.31316763,0.9571689,0.6676704,0.2666044,0.95963794,0.9655496,0.2717039,0.228678,0.45992813,0.65796727,0.45119837,0.63856983,0.021381764,0.63338536,-0.8,-0.3,-0.55
0.19478251,0.19962749,0.48447415,0.4823155,0.98437333,0.97804207,0.35438913,0.3519855,0.44269744,0.417554,0.34820995,0.3328708,0.057231296,0.04471288,0.92181665,0.33191285,0.964523,0.66715884,0.27609396,0.9677931,0.97222036,0.24304566,0.21321586,0.4694002,0.647338,0.4348151,0.6598291,0.019297382,0.6204893,-0.8,-0.3,-0.55
0.1815436,0.21174648,0.42108324,0.48487574,0.9860817,0.9801344,0.30380124,0.34720412,0.43116516,0.44931722,0.42620087,0.37157062,0.059014007,0.050026055,0.9189849,0.27986324,0.9620978,0.6771695,0.25631723,0.95956945,0.96652246,0.28906587,0.26875758,0.43465042,0.6103314,0.48713574,0.6903398,0.023338815,0.62068814,-0.8,-0.3,-0.55
0.19061987,0.22939515,0.4397457,0.46654698,0.9827192,0.9813014,0.31371716,0.3560901,0.4375653,0.4194683,0.39716184,0.36581203,0.052415058,0.04775647,0.90569365,0.28995052,0.95576465,0.7238008,0.29919574,0.96265996,0.96467865,0.2661488,0.28456712,0.5031817,0.64489746,0.48979774,0.6400382,0.026186438,0.6674499,-0.8,-0.3,-0.55
0.16892597,0.23101252,0.4217862,0.47988892,0.9863166,0.97870654,0.3536444,0.3129879,0.41220275,0.49023512,0.40505433,0.32508007,0.0566377,0.05253532,0.90726495,0.32461652,0.95770586,0.7235061,0.22464839,0.9474288,0.9582701,0.25803912,0.26226452,0.4999003,0.6239261,0.47094184,0.6651963,0.022786789,0.6138661,-0.8,-0.3,-0.55
0.1942396,0.19628991,0.43139607,0.4491258,0.98553365,0.98260844,0.37620258,0.32168207,0.41265023,0.48657188,0.39927942,0.32473552,0.056452584,0.056510005,0.90119296,0.29617968,0.96002936,0.68490547,0.26663667,0.96206725,0.9660411,0.2797674,0.29882777,0.46620715,0.60236126,0.46271795,0.6610935,0.022262078,0.5587776,-0.8,-0.3,-0.55
0.20411888,0.21777682,0.45368674,0.4726161,0.98635083,0.98191524,0.3240729,0.3221158,0.42606622,0.46432167,0.3928252,0.3614966,0.059113268,0.064514376,0.9087267,0.29345784,0.95689756,0.6645889,0.29611355,0.96284944,0.9588275,0.2653958,0.2685448,0.5026833,0.60261905,0.48717093,0.66148293,0.024363467,0.58272535,-0.8,-0.3,-0.55
0.23584382,0.22882313,0.509356,0.45243436,0.98710257,0.9786887,0.32597286,0.31270745,0.42237112,0.45030153,0.41411918,0.34342998,0.07373523,0.04468895,0.89721763,0.28846413,0.9558826,0.68565905,0.24338724,0.95813185,0.96679115,0.31024337,0.26046923,0.5045443,0.5885283,0.43205613,0.62052673,0.025442638,0.56615996,-0.8,-0.3,-0.55
0.23289795,0.22523424,0.44422856,0.51728016,0.98583823,0.97762555,0.37204543,0.37238353,0.44873485,0.48077574,0.40291747,0.37140325,0.05931379,0.054034144,0.90867525,0.30339321,0.95840746,0.6889829,0.25112525,0.95856386,0.9644738,0.28526297,0.24332026,0.47814128,0.59900504,0.4934919,0.6346324,0.025679398,0.5908773,-0.8,-0.3,-0.55
0.20752652,0.2405344,0.44825193,0.4615775,0.9854871,0.97808677,0.37167823,0.3027152,0.42059147,0.40067476,0.4368793,0.34896097,0.06149129,0.060053766,0.90157044,0.2706485,0.9636909,0.6692289,0.25028253,0.9598044,0.9620278,0.24144994,0.2665474,0.47685045,0.5921733,0.4557187,0.6082448,0.028440466,0.5637387,-0.8,-0.3,-0.55
