0.51,0.51,0.94,0.94,1.0,1.0,0.162,0.162,0.31,0.31,0.31,0.41,0.15,0.135,1.0,0.22,0.99,0.63,0.25,0.99,0.99,0.25,0.25,0.65,0.4,0.64,0.41,0.01,0.6,0.227,-0.066,-0.002
0.51,0.51,0.95,0.95,1.0,1.0,0.162,0.162,0.31,0.31,0.31,0.41,0.15,0.135,1.0,0.22,0.99,0.62,0.25,0.99,0.99,0.25,0.25,0.65,0.4,0.64,0.41,0.01,0.61,0.259,-0.083,-0.012
0.51,0.51,0.96,0.96,1.0,1.0,0.162,0.162,0.31,0.31,0.32,0.41,0.15,0.135,1.0,0.22,0.99,0.62,0.25,0.99,0.99,0.25,0.25,0.65,0.4,0.64,0.41,0.01,0.61,0.249,-0.098,-0.017
0.52,0.52,0.97,0.97,1.0,1.0,0.162,0.162,0.32,0.32,0.32,0.41,0.15,0.135,1.0,0.22,0.99,0.62,0.25,0.99,0.99,0.25,0.25,0.65,0.4,0.64,0.41,0.01,0.62,0.245,-0.107,-0.022
0.49,0.49,0.9,0.9,1.0,1.0,0.21667542,0.21561591,0.24,0.24,0.33,0.4,0.165,0.15,1.0,0.22,0.98,0.63,0.26,0.98,0.98,0.26,0.26,0.66,0.4,0.65,0.41,0.02,0.61,0.247,-0.109,-0.021
0.5,0.5,0.93,0.93,1.0,1.0,0.162,0.162,0.3,0.3,0.34,0.38,0.15,0.135,1.0,0.22,0.99,0.63,0.26,0.99,0.99,0.26,0.26,0.65,0.41,0.64,0.41,0.02,0.61,0.245,-0.108,-0.015
0.52,0.52,0.97,0.97,1.0,1.0,0.162,0.162,0.29,0.29,0.35,0.38,0.12,0.105,1.0,0.22,0.99,0.63,0.25,0.99,0.99,0.25,0.25,0.63,0.41,0.62,0.42,0.01,0.6,0.241,-0.106,-0.013
0.52,0.52,0.98,0.98,1.0,1.0,0.162,0.162,0.28,0.28,0.35,0.38,0.12,0.105,1.0,0.22,0.99,0.62,0.25,0.99,0.99,0.25,0.25,0.63,0.42,0.62,0.42,0.01,0.6,0.249,-0.099,-0.007
0.52,0.52,0.98,0.98,1.0,1.0,0.162,0.162,0.28,0.28,0.35,0.37,0.12,0.105,1.0,0.22,0.99,0.62,0.25,0.99,0.99,0.25,0.25,0.63,0.41,0.62,0.42,0.01,0.6,0.264,-0.079,0.013
0.52,0.52,0.99,0.99,1.0,1.0,0.162,0.162,0.27,0.27,0.36,0.37,0.12,0.105,1.0,0.22,0.99,0.62,0.25,0.99,0.99,0.25,0.25,0.63,0.42,0.62,0.42,0.01,0.59,0.292,-0.062,0.021
0.53,0.53,0.99,0.99,1.0,1.0,0.162,0.162,0.27,0.27,0.36,0.36,0.12,0.105,1.0,0.22,0.99,0.62,0.25,0.99,0.99,0.25,0.25,0.63,0.42,0.62,0.42,0.01,0.59,0.311,-0.042,0.024
0.53,0.53,0.99,0.99,1.0,1.0,0.162,0.162,0.26,0.26,0.37,0.36,0.12,0.105,1.0,0.22,0.99,0.62,0.25,0.99,0.99,0.25,0.25,0.63,0.42,0.62,0.42,0.01,0.59,0.332,-0.027,0.029
0.53,0.53,1.0,1.0,1.0,1.0,0.162,0.162,0.26,0.26,0.37,0.35,0.12,0.12,1.0,0.22,0.99,0.62,0.25,0.99,0.99,0.25,0.25,0.63,0.42,0.63,0.42,0.01,0.59,0.342,-0.017,0.034
0.56,0.56,1.0,1.0,0.98,0.98,0.5283959,0.52693117,0.12,0.12,0.38,0.35,0.15,0.15,1.0,0.23,0.965,0.64,0.28,0.96,0.97,0.28,0.28,0.65,0.4,0.65,0.41,0.02,0.58,0.351,-0.008,0.04
0.5,0.5,0.94,0.94,1.0,1.0,0.162,0.162,0.28,0.28,0.38,0.34,0.15,0.15,1.0,0.23,0.98,0.63,0.26,0.98,0.98,0.26,0.26,0.65,0.41,0.65,0.41,0.02,0.57,0.354,-0.001,0.045
0.51,0.51,0.94,0.94,1.0,1.0,0.162,0.162,0.34,0.34,0.4,0.33,0.15,0.135,1.0,0.22,0.98,0.63,0.26,0.98,0.98,0.26,0.26,0.65,0.41,0.64,0.41,0.02,0.56,0.356,0.005,0.047
0.5,0.5,0.94,0.94,1.0,1.0,0.162,0.162,0.37,0.37,0.41,0.31,0.15,0.135,1.0,0.22,0.99,0.63,0.26,0.99,0.99,0.26,0.26,0.65,0.41,0.64,0.41,0.01,0.55,0.353,0.01,0.054
0.49,0.49,0.92,0.92,1.0,1.0,0.162,0.162,0.39,0.39,0.42,0.3,0.15,0.135,1.0,0.22,0.99,0.63,0.26,0.99,0.99,0.26,0.26,0.65,0.41,0.64,0.41,0.01,0.54,0.316,0.02,0.059
0.49,0.49,0.91,0.91,1.0,1.0,0.162,0.162,0.34,0.34,0.42,0.3,0.15,0.15,1.0,0.22,0.99,0.63,0.26,0.99,0.99,0.26,0.26,0.65,0.4,0.65,0.41,0.01,0.53,0.259,0.035,0.064
0.49,0.49,0.9,0.9,1.0,1.0,0.162,0.162,0.36,0.36,0.43,0.3,0.165,0.15,1.0,0.22,0.99,0.63,0.26,0.99,0.99,0.26,0.26,0.66,0.4,0.65,0.4,0.01,0.52,0.233,0.046,0.066
0.5353168,0.5395446,0.94754624,0.9542965,0.9814812,0.98079026,0.20567387,0.21679696,0.33550182,0.34110594,0.42348793,0.28954956,0.15320812,0.13200888,0.9772011,0.23853229,0.96258557,0.6397064,0.2789564,0.96168953,0.96334106,0.2796887,0.27572304,0.66647524,0.40639254,0.64826447,0.4099393,0.03762134,0.53286105,0.2588318,0.032944392,0.047648247
0.5891596,0.5877866,0.9804427,0.981737,0.96571743,0.96391046,0.2065641,0.21815202,0.3221097,0.32837602,0.44374102,0.268591,0.14170027,0.126904,0.96022135,0.2699223,0.9387484,0.6683473,0.3317394,0.93739593,0.9396738,0.3326001,0.33053768,0.6697511,0.40164185,0.6559288,0.40471864,0.06029208,0.53522784,0.26230425,0.031297397,0.023719063
0.616987,0.6142131,0.9880775,0.98785037,0.9526863,0.9490913,0.19634229,0.20433176,0.32287335,0.3295263,0.47371036,0.24398676,0.12902202,0.11647612,0.94922596,0.29320022,0.9162477,0.68909097,0.37532762,0.9139502,0.91715485,0.37570173,0.37582695,0.6631179,0.40199474,0.6497823,0.40800306,0.07993626,0.53433764,0.2734844,0.021991357,0.0109129315
0.66395134,0.66365856,0.9951278,0.9942515,0.9117578,0.9021412,0.18273604,0.18764606,0.3168171,0.32011577,0.48769617,0.2349977,0.097971916,0.09149796,0.92690897,0.32796153,0.8707467,0.7163056,0.4524464,0.8671582,0.8699937,0.44977102,0.45353466,0.6400048,0.41446537,0.6351538,0.42410696,0.11516369,0.59333473,0.27540675,0.0050097434,0.007741833
0.72245014,0.72633904,0.9972038,0.99652714,0.86543566,0.8473286,0.16249828,0.1672166,0.29810187,0.29682738,0.45650658,0.26485264,0.08166606,0.08508408,0.87763196,0.34148878,0.8230309,0.7242032,0.50779766,0.8154207,0.81885374,0.5036573,0.5069657,0.6207298,0.41903788,0.645114,0.42021066,0.16007921,0.7636513,0.27351448,0.010972521,0.0060906997
0.77249926,0.77767366,0.99760014,0.9968646,0.8403286,0.8199208,0.1522148,0.15899625,0.27830055,0.27755916,0.44412395,0.27824003,0.066928074,0.07596435,0.83880806,0.34307685,0.8001484,0.7226611,0.5268375,0.7896001,0.79256225,0.5244957,0.5242021,0.59400177,0.42631218,0.63398874,0.42070505,0.19589652,0.86447656,0.2955623,0.009543286,-0.006625481
0.7951376,0.79870117,0.997672,0.9969367,0.8291487,0.80934334,0.15290818,0.15946327,0.26679486,0.26621437,0.43698987,0.2850382,0.062141977,0.07336837,0.81850284,0.3411908,0.7779093,0.72102237,0.5368677,0.76614296,0.76950103,0.53581566,0.5337949,0.57857186,0.4344042,0.6232817,0.4232371,0.19760737,0.9057675,0.30990297,0.002251234,-0.02147882
0.7750211,0.7763968,0.99728,0.99677473,0.84977585,0.8313538,0.15349303,0.16004959,0.26863843,0.26405555,0.42853075,0.29496685,0.07180498,0.08521729,0.76450163,0.33869746,0.7084186,0.7210682,0.5412537,0.6967493,0.70216596,0.5413987,0.5364176,0.58199304,0.43288338,0.6293871,0.41886804,0.18781568,0.92794704,0.31469175,-0.009192759,-0.037846405
0.72183067,0.7202041,0.99650264,0.9964665,0.88421094,0.8703762,0.1595125,0.16530664,0.28242293,0.27200603,0.42625734,0.2987085,0.087166674,0.10116612,0.7041566,0.33717448,0.6136075,0.7220644,0.5404272,0.6054386,0.61443514,0.54283684,0.535665,0.6006795,0.4294694,0.64851904,0.41442898,0.16915786,0.9365444,0.3039845,-0.02163801,-0.06307315
0.6834779,0.67938364,0.9957338,0.9960232,0.90388757,0.89416355,0.17060064,0.17440884,0.29048926,0.27878168,0.44566417,0.28031617,0.10423574,0.11600729,0.65989053,0.33709753,0.5360197,0.72301364,0.53809166,0.52904594,0.5426618,0.54475206,0.53795934,0.6243948,0.4223734,0.66829675,0.40790787,0.16027844,0.93003994,0.28715944,-0.029828072,-0.090333395
0.6800288,0.6739532,0.99546707,0.99587494,0.9043508,0.8961044,0.17765564,0.18143483,0.2870812,0.27585518,0.43358594,0.2926644,0.12743491,0.14154945,0.63593394,0.33608565,0.49702588,0.72075385,0.5380904,0.4892363,0.509014,0.5460263,0.539786,0.6465559,0.40946022,0.68741107,0.39504877,0.1574456,0.9313588,0.26620275,-0.034148462,-0.11237283
0.69070506,0.67647195,0.995174,0.99585825,0.8980927,0.89352494,0.1912129,0.19716893,0.28302526,0.2715643,0.38472626,0.34241787,0.19822341,0.22844708,0.56227285,0.33401933,0.4063262,0.71849954,0.53995323,0.4056478,0.4284242,0.5503182,0.54257333,0.69979405,0.37482187,0.73636633,0.36443707,0.15696791,0.9478469,0.24620813,-0.050364595,-0.120925635
0.6851175,0.6689679,0.9947194,0.9955903,0.8984608,0.8965823,0.20046201,0.20672251,0.28492126,0.27377328,0.36069995,0.36825323,0.26047438,0.29824784,0.5132903,0.33364022,0.35102424,0.7171504,0.54010296,0.3519329,0.37751058,0.5531245,0.5448839,0.7356162,0.3532988,0.768215,0.34560344,0.15181337,0.95038044,0.22753206,-0.0646964,-0.13994654
0.6856865,0.66829866,0.99433714,0.99533314,0.89524233,0.89515436,0.20737652,0.21428491,0.28638104,0.27561912,0.33078012,0.40285638,0.33421004,0.37926486,0.46902654,0.33314732,0.304983,0.7150938,0.5407011,0.3070426,0.33477038,0.5556343,0.5460744,0.7712619,0.33292168,0.8001814,0.3281753,0.14901173,0.95310414,0.2142151,-0.08013491,-0.15642934
0.67873377,0.6646943,0.9937442,0.9947935,0.8957362,0.89755565,0.21048942,0.21563098,0.28795233,0.27708438,0.31561828,0.41863114,0.40788415,0.44943118,0.44072962,0.33288,0.277398,0.7132546,0.5378352,0.2785877,0.30959105,0.5546496,0.54489785,0.80762005,0.31678587,0.8330995,0.31241423,0.14848387,0.9444229,0.19993572,-0.090212226,-0.17050341
0.6654306,0.6559044,0.9924184,0.9935714,0.90289813,0.90799826,0.21768898,0.21935667,0.2855397,0.2738386,0.32415003,0.4033986,0.47570023,0.50461525,0.3977566,0.3328877,0.25228187,0.7136909,0.53454167,0.2532859,0.28460217,0.55258006,0.5436279,0.84536463,0.3028335,0.8683845,0.29764405,0.1463568,0.91765195,0.17902082,-0.09538363,-0.1691338
0.6550741,0.6478521,0.99056935,0.99171114,0.9101618,0.91817665,0.22257349,0.22174777,0.28424057,0.27166465,0.35658553,0.36273962,0.5120371,0.5294346,0.35484627,0.33224717,0.2378698,0.7141187,0.5343892,0.23889038,0.2662454,0.55103785,0.543312,0.8662698,0.29384348,0.8876739,0.2892475,0.1353132,0.8663848,0.15762903,-0.093391314,-0.1546091
0.6504234,0.64426583,0.98883283,0.98972076,0.9145471,0.92417264,0.22596195,0.22460109,0.28307292,0.2708916,0.3993055,0.31638435,0.53092253,0.5413473,0.31922346,0.33198205,0.23019685,0.71417415,0.5364025,0.23116192,0.2533132,0.5502972,0.54325587,0.8758972,0.28909478,0.895676,0.28643033,0.1219755,0.788643,0.14244144,-0.089981765,-0.12740016
0.6512066,0.64511794,0.9885936,0.98923117,0.91387975,0.9234462,0.23027346,0.22949004,0.28091928,0.27028906,0.43729177,0.28009945,0.5402327,0.54714346,0.2926487,0.33210626,0.22621033,0.71467197,0.5359329,0.22762014,0.24691442,0.549063,0.5418437,0.8774292,0.28702125,0.89630306,0.28617626,0.1147682,0.7284717,0.13102074,-0.08609617,-0.094235495
0.6557167,0.64932746,0.99012756,0.9908708,0.90935796,0.9176092,0.23574,0.2351807,0.27875507,0.26965135,0.45594254,0.26281455,0.5404405,0.54679614,0.2868617,0.33086252,0.22766481,0.714735,0.5317959,0.22985205,0.2491322,0.54735947,0.5396754,0.8711672,0.2882516,0.8901721,0.28707287,0.110904865,0.7356049,0.119651906,-0.08217378,-0.06678877
0.65957874,0.65461296,0.9919417,0.9930027,0.904632,0.9096611,0.24175622,0.24178882,0.27897313,0.26991385,0.43310946,0.28317353,0.5330881,0.5480064,0.2969636,0.32715967,0.23214659,0.71280974,0.5317581,0.23461978,0.25629756,0.54973155,0.54163635,0.8669241,0.29226875,0.8857871,0.28765312,0.10338765,0.8132892,0.112083435,-0.08130364,-0.059256885
0.659008,0.65801847,0.99255484,0.9938089,0.90331066,0.90654325,0.23943235,0.23945273,0.28671613,0.27691615,0.38918662,0.3257323,0.5304389,0.5570089,0.31349194,0.32695115,0.23598681,0.71142787,0.53708994,0.23769106,0.2624399,0.5538564,0.54578626,0.8716712,0.29391763,0.88890576,0.28639275,0.094794266,0.8663453,0.107266255,-0.084464066,-0.076126345
0.655492,0.65710247,0.9923828,0.99371666,0.9049407,0.90777826,0.24043861,0.23840742,0.2943915,0.28426415,0.35950637,0.35474035,0.53701246,0.5655639,0.32751587,0.3272888,0.24038424,0.7117183,0.539811,0.2402574,0.26754603,0.55477035,0.5478218,0.8782198,0.29280582,0.8940553,0.28347814,0.084275424,0.87953913,0.095886394,-0.09261117,-0.1012939
0.64766186,0.6502991,0.99096733,0.99218565,0.90980315,0.9143762,0.24900192,0.24381179,0.29784167,0.28719482,0.36712953,0.34110695,0.5593363,0.5751671,0.3227978,0.32801247,0.24211535,0.71379113,0.539455,0.23971093,0.26751286,0.5528865,0.54755384,0.89168996,0.28720608,0.90653324,0.2775447,0.07404719,0.8283503,0.078213796,-0.101226665,-0.11181591
0.6334783,0.63871837,0.98543245,0.9855122,0.9238569,0.93201154,0.24909408,0.24669869,0.29479837,0.28379694,0.43011656,0.2790691,0.56138426,0.5682033,0.27786797,0.33382487,0.2373342,0.7168945,0.54787123,0.23426963,0.25328916,0.5533424,0.5498256,0.9007432,0.28112447,0.9154245,0.27672368,0.064568706,0.5966252,0.080704555,-0.10667067,-0.086314656
0.6168544,0.62440974,0.9753135,0.9718239,0.9388221,0.9463505,0.23524442,0.2366274,0.28261504,0.27493045,0.51295704,0.21764803,0.54206717,0.54937184,0.21173242,0.33641735,0.22217005,0.7207777,0.55916584,0.2226895,0.230603,0.55495703,0.5533629,0.9029829,0.27918753,0.9155566,0.28084332,0.064337775,0.31972513,0.10137112,-0.109467514,-0.037908424
0.6153244,0.6239262,0.9752822,0.9709891,0.9390661,0.9459036,0.23793617,0.24263118,0.26533222,0.2626661,0.5481556,0.19178118,0.52970374,0.5348924,0.1763674,0.33712068,0.21590954,0.72373813,0.5598169,0.21860194,0.22190797,0.5554279,0.55339235,0.8994631,0.28233755,0.913056,0.28537527,0.06928643,0.22676395,0.12628159,-0.099945694,0.03195689
0.62060255,0.62952393,0.9822051,0.98056215,0.9311594,0.9378258,0.2586483,0.2651107,0.2510638,0.2511564,0.5178717,0.20729122,0.53276795,0.5360463,0.16245894,0.33640477,0.2160472,0.7247175,0.5548303,0.21831343,0.22298586,0.5561672,0.5523001,0.89972156,0.28905764,0.9166929,0.28740695,0.07242276,0.27595055,0.14196084,-0.08167858,0.08801833
0.6255012,0.6335319,0.9884292,0.98901933,0.92394197,0.92887396,0.2764559,0.275698,0.24293889,0.2432022,0.44863722,0.25478315,0.5411334,0.5437966,0.17285821,0.32969666,0.22002067,0.721466,0.54334074,0.22079124,0.22994755,0.5533062,0.5480671,0.8965162,0.29862365,0.916174,0.28852615,0.071999244,0.4798599,0.14212784,-0.070697896,0.10011265
0.63161725,0.6418879,0.99185854,0.99327314,0.92087805,0.92189616,0.2685673,0.26270145,0.24548462,0.24492697,0.35619915,0.34747368,0.5179725,0.5410998,0.21298985,0.32221538,0.22476749,0.71337646,0.54293853,0.22248854,0.23579222,0.5533603,0.54997116,0.8780216,0.3110963,0.89829284,0.29468125,0.06494162,0.74692416,0.15096982,-0.07235066,0.05183355
0.63618237,0.6467322,0.9930704,0.99479324,0.9226462,0.9203763,0.236412,0.23183833,0.25671256,0.25527176,0.27256492,0.46266618,0.45688605,0.51854587,0.25508907,0.32247603,0.22922389,0.7067217,0.5541441,0.22540659,0.23898183,0.55742806,0.5565727,0.83838135,0.32406607,0.86175275,0.30692512,0.063063666,0.9041578,0.16797714,-0.076524235,-0.039521407
0.63526344,0.64500993,0.9929664,0.99480045,0.92457217,0.92131704,0.22137526,0.21463138,0.26903287,0.26744694,0.22443172,0.53612334,0.43559712,0.5088691,0.2846596,0.3238098,0.23765384,0.70619917,0.55846214,0.23195526,0.24958967,0.55835193,0.5602204,0.8265142,0.3264669,0.8509883,0.30798295,0.061295427,0.9431373,0.1686282,-0.08060438,-0.12539773
0.62430996,0.63392586,0.9916876,0.99347043,0.926921,0.9238114,0.22981712,0.21798013,0.2729759,0.27306816,0.21857528,0.54100835,0.4759118,0.53432196,0.29150003,0.3218045,0.23753442,0.70501965,0.55704904,0.22813877,0.25208342,0.5581494,0.5598139,0.8488023,0.31530598,0.87028486,0.2984701,0.056683876,0.9300292,0.17226389,-0.093402214,-0.16770175
0.61158216,0.6220774,0.9880493,0.98908114,0.9331967,0.9342075,0.25183225,0.234918,0.26127797,0.26293066,0.2642611,0.46344036,0.5154382,0.54428166,0.25155887,0.32216156,0.23827325,0.70768327,0.5516276,0.2266448,0.25177196,0.5556256,0.5562568,0.8690871,0.30677053,0.89122653,0.2917929,0.05039684,0.8358243,0.17148627,-0.11621548,-0.15346153
0.6044159,0.61572856,0.9789565,0.9763015,0.94357425,0.94838095,0.25890982,0.24586867,0.24439651,0.24615465,0.36750028,0.33947605,0.50458646,0.52273995,0.18888411,0.32727486,0.23353687,0.7144936,0.55543286,0.22490911,0.24138817,0.55330014,0.55400026,0.8684634,0.30520016,0.889781,0.29664704,0.045832396,0.54680496,0.18772587,-0.14085878,-0.100355454
0.59280616,0.6033748,0.9681446,0.9603879,0.9514,0.9561066,0.24831332,0.24051425,0.23119268,0.2339408,0.4695956,0.24997395,0.49078885,0.5070309,0.14770216,0.3271667,0.21782948,0.71922296,0.56188226,0.21581925,0.22139351,0.5534727,0.5536451,0.87272424,0.30248612,0.8907111,0.29916885,0.051143765,0.29421368,0.21388376,-0.14154908,-0.02127167
0.59138733,0.60238236,0.9696964,0.9620845,0.9491354,0.9542153,0.2484582,0.24723452,0.21862808,0.22373065,0.5192247,0.21019141,0.48266107,0.49424338,0.12607281,0.3291722,0.2112671,0.7227771,0.5627503,0.21270593,0.2127723,0.5555961,0.55387044,0.87512463,0.3017829,0.8940517,0.30118403,0.060583174,0.19938123,0.23546308,-0.12249511,0.0629482
0.603013,0.61475,0.9809951,0.97847193,0.93807214,0.9436134,0.27208453,0.27386945,0.20561686,0.21160543,0.48571157,0.22871587,0.49112663,0.50020933,0.120437875,0.32846287,0.21324947,0.72155565,0.5561517,0.21385203,0.21636698,0.55761796,0.55223876,0.87571055,0.3073406,0.9003084,0.30216852,0.06573957,0.27171865,0.25023252,-0.09506941,0.11716915
0.61337084,0.6230274,0.989772,0.9905138,0.92921436,0.93100363,0.28187326,0.27603972,0.19905208,0.20366722,0.3933205,0.3055853,0.49443063,0.5114709,0.14893046,0.31562975,0.21787567,0.71039224,0.54734284,0.21491823,0.22266121,0.55862975,0.5505617,0.86801356,0.3184147,0.8960963,0.3041383,0.06616764,0.5858562,0.2698993,-0.07941497,0.11671809
0.623317,0.6330767,0.99307305,0.99465394,0.9278852,0.923774,0.24869502,0.24261984,0.20805119,0.21163955,0.2795794,0.45407507,0.43393502,0.49955347,0.19722055,0.31168273,0.21671958,0.6985097,0.55773556,0.21139525,0.22242506,0.5624297,0.5577743,0.83399874,0.3346528,0.86011,0.31666863,0.065381184,0.8833767,0.2959645,-0.071310125,0.035556402
0.6331025,0.64018846,0.9935276,0.9952918,0.9288987,0.9250906,0.2207809,0.21359397,0.22519785,0.22596829,0.22004078,0.5451329,0.37264648,0.45560962,0.24447927,0.31529152,0.2351396,0.69983095,0.55869615,0.22983757,0.24114512,0.55772674,0.55930966,0.7982332,0.34847593,0.82866013,0.325009,0.06384639,0.9467102,0.27778828,-0.066766195,-0.07728485
0.62702024,0.63175315,0.9929865,0.99479795,0.93209285,0.92798835,0.21663415,0.20653896,0.23562807,0.23569337,0.20310012,0.56924236,0.37214467,0.45037547,0.28000325,0.31218547,0.24672611,0.69783777,0.5581923,0.2388168,0.25237986,0.5552039,0.55884045,0.7950389,0.3453012,0.82517713,0.32176784,0.058744878,0.9498836,0.27580842,-0.071100414,-0.15330881
0.61727154,0.62037456,0.99139625,0.9928449,0.93320566,0.93065965,0.22882351,0.21499617,0.23343702,0.23506673,0.22878668,0.5196863,0.42759526,0.48049992,0.28500557,0.30755314,0.24502823,0.6941667,0.5554038,0.23319292,0.24914403,0.5557749,0.55709773,0.8181243,0.3303638,0.84603655,0.31105304,0.054180022,0.9014152,0.28449094,-0.088579684,-0.17544845
0.6114203,0.615322,0.9880229,0.98819983,0.9356755,0.93776196,0.24852501,0.2332062,0.21919608,0.22189274,0.29256764,0.4224589,0.46333992,0.48975283,0.23635378,0.31119627,0.24239908,0.69806314,0.5507091,0.2300161,0.24599871,0.5548428,0.554046,0.83490413,0.32248327,0.86482865,0.30663678,0.05133781,0.75505334,0.28820732,-0.11011168,-0.14277373
0.60713995,0.61214346,0.98228747,0.97995824,0.94102824,0.9458543,0.25598398,0.24365433,0.20632958,0.2095675,0.38333854,0.32187018,0.4690889,0.48834997,0.18329933,0.3171043,0.22964488,0.7048574,0.55384266,0.22186804,0.23333983,0.5546203,0.5527798,0.84447676,0.31774497,0.8717988,0.30729866,0.052566502,0.5098939,0.2986036,-0.11872852,-0.07873662
0.60424143,0.60971487,0.9783207,0.97416604,0.94337314,0.9490128,0.2537464,0.24635504,0.19826445,0.2029932,0.46376762,0.25170973,0.46669388,0.4828735,0.15209317,0.32063934,0.21587098,0.7102953,0.55829966,0.21347098,0.21899942,0.5554667,0.5528573,0.8496124,0.31437865,0.87448597,0.30864155,0.05966088,0.32381314,0.30747217,-0.10410544,0.004065335
0.60729975,0.61309785,0.9808122,0.97774476,0.93971527,0.9458751,0.26012337,0.25748435,0.19040628,0.19650078,0.49450013,0.22499564,0.4653967,0.4780763,0.13758732,0.3221396,0.21295588,0.71257937,0.55681413,0.21272378,0.21513385,0.556572,0.5518799,0.848809,0.31475332,0.87581336,0.31018507,0.06628316,0.27150396,0.31631982,-0.07796514,0.078518376
0.61286575,0.61752045,0.9862243,0.9855318,0.93295354,0.9389534,0.2703396,0.2684876,0.18493266,0.19026738,0.46897498,0.24039994,0.4693811,0.4809889,0.14072382,0.31810862,0.21647722,0.709138,0.5508212,0.21579094,0.2171678,0.5575474,0.55024254,0.845889,0.3193068,0.87827224,0.31039017,0.069714,0.35767597,0.32616252,-0.052455425,0.11948337
0.62124103,0.62484336,0.9914038,0.99235946,0.927571,0.9291042,0.2692655,0.26329428,0.18482484,0.1882992,0.3895682,0.31266397,0.4583488,0.48319677,0.17626673,0.30494133,0.22279808,0.6975959,0.5477926,0.21845764,0.22207567,0.5581132,0.5518517,0.8348329,0.32951596,0.86818063,0.312379,0.06691891,0.6327889,0.34052217,-0.038223397,0.10640357
0.6306722,0.63552004,0.9937435,0.9953607,0.92818516,0.9242179,0.23618111,0.23180832,0.19808616,0.20010874,0.27722052,0.46252543,0.38482854,0.45993775,0.21945207,0.30432466,0.2271533,0.6902379,0.5579219,0.22254081,0.22886096,0.5600443,0.5586642,0.8000139,0.3478184,0.83094835,0.3251415,0.067801274,0.9040806,0.34700352,-0.025919518,0.02490217
0.64026606,0.64212096,0.9939248,0.9956457,0.9295181,0.9259019,0.21079798,0.20438233,0.21628109,0.21610808,0.22481935,0.5399854,0.32318738,0.40790814,0.268418,0.30842915,0.2546812,0.6941248,0.5560578,0.25082573,0.2580839,0.55354154,0.5577277,0.76954114,0.3610505,0.80485827,0.33305582,0.06606125,0.9500442,0.31894684,-0.026636899,-0.08173077
0.6275963,0.6277881,0.99311346,0.9947364,0.9325262,0.9289398,0.21108569,0.20154174,0.22591639,0.22486909,0.22617468,0.53009367,0.34834072,0.41741624,0.31005436,0.30374056,0.26613122,0.6903203,0.5542365,0.25776878,0.26730266,0.5511866,0.55565876,0.7807502,0.35057068,0.8131127,0.32536834,0.059783813,0.93058175,0.31466025,-0.03884345,-0.1519069
0.61816317,0.61710656,0.990936,0.9918573,0.93272877,0.93314856,0.22885276,0.21643038,0.22072902,0.22059362,0.2769109,0.44525576,0.4170177,0.4529217,0.29486847,0.3027408,0.2593965,0.68893105,0.5488848,0.24823955,0.2588872,0.5517292,0.5534341,0.811005,0.33284587,0.84176403,0.31249097,0.05610105,0.81758875,0.3125124,-0.060727123,-0.1617876
0.61143017,0.6123397,0.9860401,0.9852396,0.936673,0.94141084,0.2484974,0.23593098,0.20519213,0.2065034,0.3515993,0.35319588,0.45895582,0.4795575,0.2222868,0.31009787,0.23805803,0.694899,0.5497772,0.22988375,0.23951948,0.5536343,0.5525914,0.8367849,0.32091337,0.8664178,0.30634037,0.055255964,0.5904047,0.32200187,-0.07706688,-0.1168279
0.6071056,0.61042297,0.9802931,0.97748315,0.9410599,0.9473439,0.25244063,0.24368028,0.19660899,0.19872338,0.42850608,0.28142348,0.47156438,0.48908815,0.17885362,0.31464297,0.21684672,0.7011885,0.5583824,0.21432549,0.21933375,0.5567863,0.5553778,0.8562244,0.3146682,0.8816467,0.304335,0.05937699,0.37243327,0.32834867,-0.07000199,-0.040922374
0.6089597,0.6125005,0.98056096,0.9779003,0.9394779,0.9459528,0.2584161,0.25386256,0.18947779,0.19390725,0.4774036,0.2403495,0.4700238,0.48472896,0.15125719,0.31748474,0.20899525,0.7059817,0.55906105,0.2093462,0.21110973,0.5579759,0.555233,0.8549332,0.31512234,0.88143045,0.30681923,0.06626638,0.29612646,0.33184773,-0.04990082,0.041455947
0.6133163,0.6159483,0.98373574,0.9822757,0.93628824,0.94304025,0.2636013,0.26134315,0.18520701,0.1905251,0.49395013,0.22440036,0.46398196,0.47658408,0.14384851,0.3182253,0.21217057,0.7072878,0.5534159,0.2131801,0.21259454,0.5561769,0.5515036,0.8452263,0.31811813,0.87457824,0.31010497,0.07014496,0.2925601,0.33458897,-0.027171895,0.0977257
0.6170568,0.6183264,0.98778874,0.9877159,0.93205607,0.93820834,0.2680821,0.26544556,0.18303783,0.18700637,0.4709704,0.2384853,0.45986372,0.47269064,0.15543377,0.3134774,0.22047125,0.7032351,0.5466184,0.2204546,0.21872793,0.5544018,0.548838,0.83825296,0.3226336,0.8712329,0.31061184,0.070364445,0.36888322,0.33809808,-0.007528997,0.11948108
0.6215774,0.62361073,0.9913668,0.9922766,0.9282579,0.9311911,0.26526287,0.2600221,0.18566716,0.18741693,0.4073683,0.2950947,0.44952878,0.47074416,0.18942434,0.30308127,0.22989525,0.69399285,0.5445538,0.22652303,0.2264165,0.5538425,0.5509187,0.8306387,0.33070478,0.8644101,0.3110947,0.066543154,0.56926805,0.3423179,0.0029028126,0.10058438
0.6295315,0.63341737,0.99361825,0.9951314,0.9286756,0.9257809,0.23798615,0.23362759,0.198068,0.19873095,0.3024811,0.42599782,0.39483443,0.45747763,0.23688643,0.29925495,0.23646425,0.6857569,0.55463845,0.23112862,0.23392624,0.5563117,0.5571089,0.8019454,0.3454592,0.83325285,0.32139558,0.06491242,0.8542409,0.34747666,0.0077444403,0.028854666
0.6387057,0.64012164,0.9940293,0.99575007,0.9303274,0.9265273,0.21008362,0.20486572,0.21494013,0.21457317,0.23824424,0.5214384,0.32196096,0.40483677,0.27524707,0.30542904,0.25916418,0.69068855,0.5554467,0.25573075,0.2606609,0.552089,0.557926,0.76594967,0.3596219,0.80266434,0.33107856,0.06717239,0.9420136,0.3203731,0.007587004,-0.072241955
0.628341,0.628062,0.99327713,0.9949121,0.9319026,0.92836505,0.2073058,0.19823113,0.22641124,0.22515059,0.23284449,0.5221072,0.34727517,0.4166737,0.3156195,0.302927,0.26998606,0.68850124,0.5527231,0.26306468,0.27139297,0.5498614,0.55585915,0.779735,0.34891576,0.81359243,0.32289365,0.0629181,0.927385,0.31131232,-0.00696846,-0.14706737
0.6184206,0.61657673,0.99103606,0.99204016,0.93231565,0.9328891,0.22873046,0.2160729,0.2215962,0.2210408,0.28225896,0.43891922,0.42048422,0.45622703,0.29922423,0.30167878,0.2603584,0.68718433,0.54718673,0.25072762,0.26022294,0.5504726,0.553428,0.8136649,0.33132038,0.84414226,0.30972615,0.05754133,0.81029224,0.3065463,-0.031583454,-0.16475262
0.6120545,0.61176664,0.9856237,0.9849163,0.93726176,0.94232655,0.24952976,0.2365997,0.20688263,0.20773995,0.36084288,0.34441084,0.4612212,0.4823218,0.22400774,0.3093375,0.23635906,0.6934572,0.5486982,0.23004292,0.23775859,0.55220026,0.55242383,0.83914065,0.31962186,0.8671866,0.30416673,0.05574212,0.57153165,0.31525376,-0.049039185,-0.12368676
0.6073111,0.609451,0.97898394,0.97601694,0.94231087,0.9487281,0.25282347,0.24376851,0.1987188,0.20050335,0.4401706,0.27283007,0.47386926,0.49171898,0.1788513,0.3141184,0.21384393,0.70001936,0.5582734,0.21316697,0.21605773,0.5553634,0.55538386,0.85985655,0.31300306,0.88337094,0.30236727,0.059666082,0.3449699,0.32234776,-0.04329618,-0.046569075
0.61002874,0.61233056,0.97970736,0.97696894,0.940122,0.94660294,0.25872004,0.25419188,0.19147187,0.19589585,0.48713896,0.23408139,0.47266346,0.4874714,0.15057376,0.31732106,0.2063353,0.70512754,0.5589219,0.20817299,0.20831844,0.55677104,0.55535686,0.85877377,0.31360996,0.8836342,0.30506894,0.06701701,0.27498642,0.3261893,-0.024555678,0.038513526
0.61507565,0.6164517,0.9836007,0.98230284,0.93614155,0.9428293,0.26505992,0.26271003,0.18707776,0.19241972,0.49880198,0.22174798,0.4677064,0.48037523,0.14333642,0.3179153,0.20989399,0.7063984,0.5527537,0.21194765,0.21034044,0.5549829,0.5515744,0.84898496,0.31711623,0.8771134,0.30834484,0.07100746,0.28524148,0.3286823,-0.0024858513,0.09561658
0.6185248,0.61887246,0.98799264,0.9881197,0.93172145,0.9376644,0.269751,0.26668414,0.1852775,0.1890575,0.47220868,0.23834686,0.46338195,0.47616735,0.15690556,0.31276652,0.21934353,0.7021963,0.54525584,0.22001131,0.21768387,0.5528819,0.5486893,0.841473,0.32215792,0.87330866,0.3088037,0.07097186,0.37337697,0.33055487,0.0154910805,0.11549066
0.622421,0.6242769,0.99152124,0.99252796,0.9280522,0.93075407,0.265971,0.26047498,0.18860841,0.19006205,0.40759903,0.29601815,0.45199424,0.4732529,0.19266354,0.3027877,0.22993656,0.6932911,0.54322326,0.22708453,0.22666131,0.55230033,0.5507446,0.8331427,0.33030385,0.86579126,0.30938646,0.06702458,0.5756485,0.33238646,0.022742268,0.09314037
0.62978673,0.6337864,0.9936644,0.9951988,0.9284643,0.9256022,0.23782508,0.23377624,0.20132858,0.20169337,0.30406585,0.4249506,0.39609876,0.45827898,0.24061304,0.29978135,0.23810038,0.685616,0.55390644,0.23308992,0.23549916,0.55536866,0.5570342,0.8025174,0.34470266,0.83384496,0.32009944,0.06537101,0.85297066,0.336514,0.024020715,0.020877285
0.6381527,0.6397058,0.99404,0.9957808,0.93016374,0.9263222,0.20994249,0.20511495,0.21800284,0.21758214,0.23905098,0.5212883,0.3241773,0.40711498,0.2783347,0.30591744,0.26003796,0.6904416,0.5555274,0.25682908,0.26147854,0.55196774,0.55826,0.7662696,0.35808352,0.80330944,0.32965904,0.067562684,0.9415811,0.3109421,0.0216465,-0.07887142
0.62733924,0.6271634,0.99323094,0.9948826,0.93146735,0.92803234,0.20811515,0.19900116,0.22941397,0.22817457,0.23418097,0.52054685,0.3554251,0.4240134,0.31672093,0.30348873,0.26893735,0.6883506,0.5524214,0.26228836,0.27070883,0.5498824,0.5561925,0.7834004,0.34601033,0.81700796,0.32028532,0.063331515,0.92473626,0.30182594,0.005702508,-0.1526462
0.6177551,0.615945,0.9908442,0.9918739,0.9321525,0.9329682,0.23154153,0.218386,0.2235346,0.22318903,0.28418574,0.43665183,0.42970508,0.4643702,0.29486972,0.30248377,0.25745097,0.68753177,0.5464698,0.248411,0.25813198,0.5501657,0.5534896,0.81850153,0.3288315,0.8483604,0.3071702,0.057585564,0.8036398,0.29670492,-0.019778712,-0.1690144
0.61169297,0.6113391,0.98505485,0.98431385,0.9377128,0.94293255,0.2514,0.23820488,0.20914319,0.21009906,0.3644422,0.34149235,0.46656266,0.4876695,0.21990298,0.31025776,0.23362489,0.6940127,0.5487048,0.22813748,0.23560676,0.55161965,0.5524914,0.8432695,0.31796423,0.8701134,0.30247876,0.055572473,0.5589948,0.30588797,-0.03686743,-0.12723915
0.60669535,0.60865176,0.97813886,0.9750258,0.94306505,0.9493839,0.25377956,0.24462517,0.20097955,0.20292528,0.44489938,0.26964685,0.47627923,0.49430582,0.17503327,0.31492567,0.21218115,0.70063025,0.5582846,0.2122725,0.2146476,0.554629,0.5553007,0.862446,0.31198856,0.88499534,0.30141592,0.059501763,0.3340415,0.31379375,-0.032361723,-0.04871509
0.609314,0.6113456,0.9788665,0.9758975,0.94103974,0.94737566,0.2586783,0.25416014,0.19359356,0.19828998,0.49374738,0.22970125,0.4735431,0.4883156,0.1472683,0.31829908,0.20529439,0.70590335,0.5587165,0.20785263,0.20737998,0.5557423,0.55495244,0.8606231,0.31262383,0.8844662,0.30451897,0.06704537,0.26090744,0.31841618,-0.014895604,0.036946185
0.61482906,0.61586857,0.9830961,0.9816653,0.9367876,0.943384,0.26512894,0.26292256,0.18889998,0.1945702,0.5052883,0.21742211,0.46840614,0.480904,0.14074235,0.31897858,0.20901838,0.70718557,0.5523972,0.21166831,0.2095947,0.55382895,0.5510397,0.85070354,0.31607345,0.87778366,0.30783543,0.071205,0.26962376,0.32155564,0.007003744,0.09463391
0.61781156,0.61800295,0.9875754,0.9876357,0.93225056,0.93825525,0.27053607,0.26770744,0.18671049,0.19075163,0.47802868,0.23411578,0.4659198,0.47817448,0.15327926,0.31389284,0.21773574,0.7031195,0.5450616,0.21904036,0.2162762,0.5519482,0.54829806,0.8448012,0.32076082,0.87564206,0.30776665,0.071298875,0.3526047,0.32402822,0.024963332,0.115051165
0.62133455,0.62311906,0.9912486,0.9922248,0.9283144,0.9313763,0.2674015,0.26191813,0.18962747,0.1912611,0.41432092,0.2893462,0.45720795,0.47628394,0.18758947,0.30411896,0.22842653,0.6944935,0.5421721,0.2262339,0.22543694,0.5512883,0.55000055,0.837487,0.32851005,0.8696313,0.30783236,0.06767688,0.547828,0.32528734,0.031863406,0.09445507
0.6288919,0.6331035,0.9935796,0.99509937,0.9282694,0.9256299,0.24013607,0.2359802,0.20196877,0.20242494,0.30993915,0.41675532,0.40454555,0.4632857,0.23712379,0.30012637,0.23671608,0.68594474,0.5530311,0.23173665,0.23389381,0.55495137,0.5566577,0.8074874,0.34280425,0.8384477,0.3183508,0.06537566,0.8372518,0.33068833,0.031070674,0.024786618
0.63773626,0.6396402,0.9940538,0.99580693,0.93000853,0.9261368,0.2108794,0.2063934,0.21877728,0.21847185,0.23978825,0.5207823,0.32879186,0.41210413,0.2741774,0.3065851,0.25743154,0.6906454,0.555956,0.25435713,0.25876456,0.55233175,0.5587034,0.76859206,0.35691604,0.8054841,0.32874277,0.067898534,0.9401142,0.30596247,0.028826071,-0.07544301
0.6278618,0.6279989,0.9933164,0.9950263,0.9315648,0.92795753,0.20690508,0.19812821,0.2311456,0.23002745,0.22989894,0.5287244,0.35126057,0.4230273,0.31312835,0.3048204,0.2677678,0.68921465,0.5529875,0.26176602,0.2700424,0.54998714,0.55674225,0.7812485,0.3467663,0.815509,0.32075676,0.06412789,0.9307082,0.29566103,0.013416781,-0.1523018
0.61785275,0.616091,0.99105155,0.9921697,0.932072,0.9325116,0.22918427,0.21607783,0.22684646,0.226381,0.2780366,0.44549033,0.4268557,0.4636376,0.2997862,0.30281445,0.2590606,0.6876206,0.54659504,0.25017318,0.25993565,0.54978806,0.5535721,0.8173904,0.32934934,0.84696454,0.30732685,0.057765666,0.8160366,0.28959143,-0.012440248,-0.17419234
0.61151785,0.6109004,0.9852154,0.98458105,0.9378606,0.94293964,0.2506533,0.23709325,0.21179533,0.21282066,0.36032456,0.3458068,0.4651445,0.48683715,0.22231525,0.31057668,0.23524213,0.694108,0.54785585,0.22977109,0.2373051,0.5507852,0.552031,0.84188443,0.3182841,0.86844987,0.3025086,0.055243943,0.57055885,0.29829973,-0.031596094,-0.1350759
0.6055695,0.60746455,0.97743714,0.9741131,0.9439603,0.9501883,0.25310895,0.24344075,0.20307958,0.20503017,0.44403398,0.27075452,0.47625116,0.49457294,0.17475416,0.3154267,0.21248128,0.7008555,0.55807436,0.21278028,0.21503837,0.553813,0.5549076,0.8628714,0.31159902,0.884787,0.30116874,0.05873691,0.33074972,0.30776972,-0.029229747,-0.056984205
0.60812193,0.6102823,0.9780514,0.97481763,0.94192445,0.9481385,0.2581779,0.2534303,0.19523211,0.19995534,0.49411097,0.22987445,0.47395617,0.48897558,0.14634171,0.3187748,0.20495003,0.7062126,0.559139,0.20781268,0.20715088,0.5553986,0.5550651,0.8623837,0.3120635,0.88551503,0.30406648,0.06642602,0.25420624,0.31320646,-0.012491843,0.031231875
0.61466765,0.61573696,0.9828803,0.9814239,0.9368645,0.94331205,0.26608264,0.26369253,0.18995367,0.19581215,0.5038538,0.21888028,0.47024482,0.48281226,0.13896999,0.31937677,0.20823833,0.70751107,0.5525161,0.21098572,0.20912136,0.55365896,0.5512111,0.85234916,0.31572142,0.8790794,0.3073518,0.07104078,0.2712179,0.31689256,0.0096894,0.09131917
0.6180355,0.6183481,0.98772275,0.98787016,0.9319326,0.9376756,0.27203673,0.26876724,0.18767716,0.19185774,0.47389784,0.2376993,0.46827012,0.48048815,0.15266185,0.3138735,0.217306,0.70320797,0.54463625,0.2184415,0.21620485,0.55167836,0.54830456,0.84589833,0.3207629,0.87661356,0.30730844,0.07125274,0.36666688,0.3193723,0.027264245,0.1121961
0.62203896,0.6241808,0.9915081,0.9925688,0.92799324,0.93043673,0.2678112,0.26193795,0.19096304,0.19273797,0.40600723,0.29820263,0.4573238,0.4781065,0.18967293,0.3037454,0.22815543,0.6941768,0.5422933,0.22554766,0.2255307,0.5513235,0.55029017,0.837023,0.329115,0.8688294,0.30792132,0.06747427,0.57979566,0.32117692,0.03262284,0.08871649
0.62918645,0.6336668,0.9936702,0.9952435,0.9285232,0.92548907,0.23807682,0.23421325,0.20394824,0.20450814,0.3010269,0.4300111,0.39774638,0.46116439,0.23793311,0.30136126,0.23663637,0.68648803,0.55394506,0.23184279,0.23449746,0.555254,0.5571234,0.80369574,0.34393737,0.8349855,0.3194478,0.06592038,0.8582806,0.3261635,0.0320117,0.015183049
0.637663,0.63949853,0.9940205,0.99578816,0.9299782,0.9261244,0.20991167,0.20520544,0.22103204,0.22069947,0.23582324,0.5268067,0.3268149,0.41053343,0.27734414,0.3073279,0.25880188,0.691144,0.55589116,0.25573784,0.2605272,0.55215746,0.5585827,0.76760066,0.35706276,0.8046685,0.32890013,0.06766891,0.94282436,0.30111268,0.028215114,-0.08545626
0.6263059,0.62643605,0.9931805,0.99487174,0.9314576,0.9280023,0.20873997,0.1995561,0.2323884,0.23131253,0.23094043,0.52604926,0.35961008,0.4289902,0.31455666,0.30475262,0.26690015,0.6890153,0.55272996,0.26040044,0.26913157,0.5501046,0.5565783,0.78543025,0.3446024,0.81882393,0.3191305,0.06324886,0.9262161,0.29260984,0.011910009,-0.15848997
0.61692554,0.61532384,0.99073505,0.9918093,0.9323053,0.93308026,0.23280142,0.21926095,0.22606826,0.22605403,0.28134093,0.44077748,0.4339803,0.46890283,0.29178876,0.303541,0.2556598,0.68828905,0.546374,0.2467863,0.25694573,0.5499899,0.5535616,0.8207656,0.32771298,0.8501501,0.30607802,0.05730402,0.8061729,0.2874168,-0.014051094,-0.17413011
0.6108816,0.6106639,0.98466325,0.9838884,0.9381883,0.94339174,0.25240475,0.23887545,0.21144123,0.21268988,0.36346248,0.34298915,0.46917328,0.49047434,0.21642712,0.31138092,0.23248996,0.69490856,0.54870886,0.22725064,0.23495358,0.55112845,0.5524024,0.8452023,0.3172137,0.8713768,0.30179998,0.05510166,0.5568949,0.2970474,-0.031702813,-0.13184297
0.6052118,0.60727423,0.9772521,0.9738879,0.9440097,0.9501733,0.25403798,0.24463178,0.20299564,0.20519961,0.44633538,0.2689715,0.47711807,0.49536607,0.17121708,0.31594062,0.21152407,0.70158744,0.5583896,0.21197718,0.21425053,0.5540034,0.5550834,0.8637425,0.31145707,0.8856622,0.30111688,0.058952715,0.3273572,0.30601743,-0.028711144,-0.052394148
0.6077841,0.60996044,0.97799224,0.97472024,0.94203573,0.94820195,0.25842014,0.25381976,0.1953069,0.2002724,0.49689892,0.2277351,0.4735812,0.48840973,0.14405933,0.31931102,0.20489104,0.7068634,0.55881685,0.20783678,0.20710966,0.55507696,0.55467564,0.8618975,0.31201586,0.88504696,0.30434564,0.06664665,0.250987,0.31162155,-0.011994174,0.034460038
0.6141086,0.615217,0.9826925,0.9811327,0.93727046,0.943737,0.2654726,0.26328847,0.19017191,0.19618107,0.50759804,0.21600954,0.46900654,0.48140475,0.13794363,0.31996563,0.20853013,0.7080685,0.5522767,0.21143271,0.20933567,0.5531769,0.550703,0.8519124,0.31544223,0.87841946,0.3076177,0.07109675,0.26184237,0.31558698,0.010092378,0.093191124
0.61709857,0.61746913,0.98740155,0.987444,0.9324402,0.9383371,0.27165923,0.26878673,0.1876579,0.19197291,0.47822458,0.23417585,0.4680446,0.48000544,0.15044385,0.31462294,0.21686038,0.7038659,0.54487103,0.21830693,0.21568862,0.55146813,0.5480592,0.84685904,0.32007092,0.87728465,0.30719775,0.07129761,0.34849662,0.3188039,0.02803534,0.11396753
0.6208876,0.6229297,0.99124473,0.99224406,0.92832124,0.9312009,0.2682294,0.26253074,0.19054185,0.19242364,0.41209057,0.29170096,0.45966038,0.4786516,0.18561608,0.30461147,0.22746463,0.6950157,0.5418923,0.22525859,0.22480123,0.55096745,0.54980034,0.83926475,0.32799807,0.8710834,0.30730256,0.06777846,0.5521817,0.3204985,0.034259688,0.09263773
0.62845653,0.6329583,0.9935883,0.9951331,0.9284499,0.9256408,0.23978654,0.23571134,0.20312835,0.20375226,0.3064984,0.42183077,0.40395045,0.4641296,0.23527533,0.30104002,0.23580557,0.6864785,0.55329704,0.23089014,0.23328221,0.5550138,0.55675673,0.8074146,0.34275436,0.8383816,0.3184303,0.06562226,0.8434562,0.32635996,0.03305192,0.021600664
0.63757354,0.63958025,0.99403834,0.995805,0.92998993,0.9261145,0.21050555,0.20598,0.22025853,0.22000015,0.23705868,0.52506256,0.3289193,0.4127262,0.2736748,0.30739892,0.25706217,0.6911666,0.5561248,0.25403613,0.25858533,0.5523533,0.5587891,0.7688721,0.35682443,0.8057992,0.3287234,0.06784812,0.9413404,0.3013826,0.030158268,-0.07955827
0.62707525,0.6273535,0.9932688,0.99499184,0.9316417,0.9280398,0.20730913,0.19839796,0.23242585,0.23138763,0.22813419,0.53139883,0.35387772,0.42567432,0.31208163,0.305367,0.26673588,0.6895234,0.5531321,0.26066333,0.26915112,0.5500784,0.55684656,0.7826711,0.34603298,0.81669664,0.3202209,0.06385067,0.93069756,0.29186365,0.01453269,-0.15563406
0.61721784,0.6155862,0.9909518,0.99208003,0.9322994,0.9327516,0.23015706,0.21681552,0.22754815,0.22734044,0.27696392,0.4470004,0.4290318,0.46576694,0.29678357,0.30337292,0.25775936,0.6880844,0.5466187,0.24888487,0.25887126,0.54978126,0.55360204,0.81843925,0.32882553,0.8478623,0.30690777,0.05749351,0.81599814,0.2860625,-0.01158947,-0.17611417
0.61099106,0.6105222,0.9849917,0.98432,0.9381258,0.9431943,0.25128493,0.23755698,0.21245986,0.21369645,0.359786,0.34658152,0.46643293,0.48817977,0.21973146,0.31115466,0.23445027,0.6946366,0.54802066,0.22903425,0.23674259,0.55068105,0.5520514,0.8428123,0.31796882,0.8691652,0.3022879,0.05498264,0.56890357,0.2950506,-0.03076436,-0.1362178
0.6048018,0.60680497,0.97705984,0.9736164,0.94436145,0.95050764,0.2533374,0.2435628,0.20367564,0.20580344,0.44439235,0.27063724,0.47642893,0.4948448,0.17252971,0.31590047,0.21218543,0.70138794,0.5581724,0.21258514,0.2148672,0.5536135,0.5548314,0.8632103,0.3114953,0.88496447,0.30117244,0.05848533,0.32844633,0.30484432,-0.028888946,-0.057667196
0.6072937,0.6095604,0.97767216,0.9742934,0.9423777,0.9485131,0.2580687,0.25326464,0.19576146,0.20064446,0.49534184,0.22906087,0.473658,0.4886938,0.14460585,0.31924507,0.20486516,0.7067256,0.55915713,0.20785025,0.20711693,0.5551196,0.5548896,0.86256474,0.31191966,0.88549596,0.30414867,0.066230595,0.2503604,0.31065056,-0.012393198,0.030792825
0.61417496,0.6153293,0.9826878,0.98115647,0.93713886,0.9435337,0.2661502,0.26377153,0.19032387,0.19635324,0.50492346,0.21815065,0.47007433,0.4826085,0.1375852,0.31984627,0.2081692,0.7079694,0.5524678,0.21099332,0.20912988,0.553385,0.551011,0.852529,0.3155233,0.8790727,0.30740657,0.07092789,0.2672588,0.31469864,0.0099239815,0.09110526
0.61754656,0.6179862,0.9876201,0.98774594,0.93207633,0.9377891,0.2724428,0.26918283,0.18790047,0.19222112,0.47404483,0.23762308,0.46891478,0.48102134,0.15115027,0.31424117,0.21696264,0.703595,0.54463553,0.2181437,0.2159635,0.5515407,0.54819757,0.846644,0.32048404,0.8772386,0.30716488,0.07120982,0.36368945,0.31761217,0.027605893,0.112144314
0.62173325,0.6240072,0.99149853,0.99256516,0.92803514,0.9304009,0.26807636,0.26212326,0.19115965,0.19306687,0.40483457,0.29940456,0.45815098,0.4789803,0.18854573,0.30396202,0.22770964,0.6944089,0.5422697,0.22506997,0.2252015,0.55128384,0.55022603,0.8376602,0.32893524,0.8693847,0.30780095,0.067494124,0.5814635,0.31977475,0.032811914,0.08842967
0.6289124,0.6335174,0.99367166,0.99525696,0.92864907,0.9255327,0.23781756,0.23398136,0.20423879,0.20490934,0.29915744,0.4327693,0.39711687,0.46134874,0.23665595,0.30178678,0.2360581,0.68674654,0.554131,0.23129451,0.2340741,0.5553455,0.55720294,0.80351496,0.34399757,0.8348564,0.31958726,0.0660773,0.8612886,0.32494298,0.03224996,0.014224233
0.6375687,0.63943166,0.9940111,0.9957847,0.93001294,0.92616224,0.2096977,0.2049415,0.221513,0.22121067,0.23448062,0.5288617,0.32656696,0.41050488,0.27691326,0.30766517,0.25861856,0.6913877,0.5559532,0.2555716,0.26042017,0.5521486,0.5585997,0.7676356,0.35714954,0.8047297,0.3289964,0.0676236,0.9433744,0.2996302,0.028210439,-0.086971655
0.6259512,0.6261235,0.99315965,0.99485695,0.9315718,0.92811346,0.20882472,0.19958653,0.23277707,0.23174061,0.23011963,0.52726287,0.35990128,0.42933762,0.31402496,0.30495712,0.26660722,0.6891568,0.55280596,0.26007354,0.2688526,0.55011725,0.5565969,0.7856473,0.3445402,0.818987,0.31911555,0.063095175,0.9263477,0.29145414,0.01186862,-0.15970813
0.6166331,0.61505973,0.9906907,0.99176383,0.93246186,0.9332449,0.2329931,0.21938375,0.22626528,0.22634605,0.2810942,0.441088,0.434048,0.46896192,0.29069453,0.30376112,0.25543708,0.68848205,0.54638755,0.24655993,0.2567499,0.5499585,0.5535321,0.8207757,0.32769886,0.8501398,0.30611256,0.057181854,0.8058068,0.2863583,-0.014196888,-0.17476015
0.6106025,0.61043185,0.9845477,0.98373747,0.93836176,0.9435665,0.2524612,0.2388854,0.21158245,0.21291502,0.3636865,0.34280324,0.46910977,0.49044868,0.2153286,0.31162474,0.23233089,0.69513416,0.5487833,0.2271222,0.23483709,0.55106634,0.5523617,0.8452533,0.31720057,0.87135774,0.301872,0.054996885,0.55480677,0.2961748,-0.031880017,-0.13205004
0.60479796,0.6069158,0.9770701,0.97363585,0.9442165,0.9503518,0.25394055,0.2445055,0.20311116,0.2053914,0.4468165,0.26860693,0.4768659,0.4951394,0.17032462,0.31612647,0.2114432,0.7018028,0.55847,0.21195595,0.21419413,0.55393606,0.5550395,0.86374336,0.3114705,0.8856106,0.30121207,0.058890224,0.32523876,0.3052661,-0.028936755,-0.05221054
0.6074797,0.6097206,0.97789085,0.9745781,0.9421583,0.9483016,0.25842336,0.25382215,0.19536549,0.20039906,0.49713162,0.22756207,0.47336873,0.4881992,0.14339362,0.31947196,0.20487313,0.7070473,0.558853,0.20785263,0.20710562,0.55503064,0.5546417,0.8619003,0.3120335,0.88502645,0.3044214,0.06660281,0.24975045,0.3109766,-0.012141987,0.034749318
0.61396426,0.61511153,0.98269224,0.9811334,0.93728346,0.9437288,0.2656364,0.2634308,0.19019563,0.19625527,0.507242,0.21624511,0.46896586,0.48136365,0.13749675,0.3200678,0.20855957,0.7081824,0.5522191,0.21145156,0.209387,0.5531285,0.55064446,0.851867,0.3154839,0.8784042,0.30766582,0.07105944,0.26220873,0.31502202,0.010009312,0.09332998
0.6170046,0.6174366,0.98744977,0.9875087,0.9323966,0.93824255,0.27189612,0.26894605,0.187687,0.19202016,0.47707695,0.23506093,0.46813184,0.4801147,0.15033366,0.31458935,0.21695477,0.70387274,0.54477453,0.21833307,0.21580516,0.55143857,0.54803073,0.84683406,0.32016304,0.8773202,0.3072049,0.071220614,0.35133842,0.31832105,0.027850337,0.11374526
0.62093997,0.62308913,0.99130744,0.9923228,0.92828006,0.93102163,0.26813358,0.2623584,0.19069752,0.19259967,0.40979937,0.2940383,0.45928505,0.47874236,0.18618612,0.3044687,0.22753635,0.6948801,0.54199135,0.22519553,0.2248931,0.55102843,0.54989207,0.83895373,0.3282302,0.8707538,0.30742976,0.06764952,0.5594095,0.32023513,0.03379543,0.091554716
0.6284502,0.6330005,0.9936086,0.9951657,0.928571,0.9256627,0.23910023,0.23507605,0.20345318,0.20410573,0.30405092,0.42537636,0.40191567,0.46330956,0.23545526,0.30128703,0.23582931,0.6865721,0.5535637,0.23094007,0.23343572,0.5550931,0.556883,0.80632484,0.34312558,0.8373952,0.31879428,0.06571624,0.8486631,0.32591137,0.032803487,0.019465037
0.63751334,0.6394731,0.9940281,0.99579805,0.9300511,0.92618155,0.2101523,0.20553797,0.22066844,0.22039872,0.23601697,0.5265814,0.3280231,0.41189706,0.2744466,0.30752724,0.25750422,0.69128144,0.5560836,0.25447702,0.25909907,0.5522597,0.5587326,0.7684745,0.35699162,0.8054657,0.328862,0.06776075,0.9419667,0.3006816,0.029586991,-0.08185337
0.62661344,0.6268666,0.99323165,0.994948,0.9316773,0.92811453,0.20769985,0.1986629,0.23255587,0.23151973,0.2285252,0.5304381,0.35570577,0.42680472,0.3125126,0.30526632,0.2666598,0.6894304,0.5530413,0.26044026,0.26901156,0.5500642,0.5567642,0.78362846,0.3455827,0.8174403,0.31989428,0.06359306,0.92934376,0.2916554,0.013728457,-0.15697758
0.61694676,0.6153333,0.9908647,0.9919774,0.9324179,0.93296504,0.23101613,0.21756753,0.22712354,0.22703251,0.27810565,0.4453425,0.43040344,0.46662942,0.29463255,0.30351043,0.25701243,0.68822956,0.54655516,0.24813914,0.25816986,0.5498203,0.5535734,0.8190532,0.3285223,0.84847236,0.30670568,0.05736585,0.8129756,0.28608724,-0.012453553,-0.1757813
0.6108098,0.61043346,0.98483974,0.984121,0.93824726,0.94335234,0.25166,0.23794751,0.21216409,0.21345498,0.3609428,0.3454603,0.4670902,0.4887447,0.2181558,0.31131923,0.2338128,0.6948169,0.54825014,0.22845784,0.2361596,0.5507727,0.55212903,0.84342355,0.3177813,0.8697075,0.30221173,0.05494655,0.5645209,0.29533222,-0.031210937,-0.13500834
0.60470104,0.6067418,0.97701424,0.9735528,0.94438297,0.9505177,0.25348592,0.24378172,0.20348038,0.20567542,0.445238,0.26993424,0.4764096,0.49479443,0.17166947,0.315986,0.21195994,0.70154655,0.55826384,0.21240333,0.21465653,0.55367345,0.5548675,0.86326724,0.31151754,0.885051,0.3012337,0.05857384,0.3269857,0.30493733,-0.029043803,-0.056025017
0.6072737,0.6095374,0.97770375,0.97432977,0.9423545,0.9484872,0.2581455,0.25338432,0.19561741,0.20056613,0.49595895,0.22855274,0.47346127,0.48844174,0.14408907,0.3193368,0.20485842,0.70685506,0.55907637,0.20785218,0.20710418,0.5550772,0.5548029,0.8622993,0.3119722,0.8852876,0.3042683,0.066327475,0.24981685,0.31072167,-0.012429447,0.032043032
0.6140892,0.6152457,0.982692,0.98115414,0.9371803,0.9435853,0.26604962,0.2637077,0.19025308,0.19630316,0.5054527,0.21769315,0.46971393,0.4822183,0.13745968,0.31991506,0.2082902,0.70804274,0.552386,0.21112917,0.209214,0.5533096,0.5508974,0.852284,0.31554252,0.8788448,0.30750605,0.07095105,0.2660064,0.3147758,0.009887477,0.09183206
0.61738974,0.617841,0.98759556,0.9877103,0.9321409,0.9378734,0.27236316,0.26915962,0.18781683,0.19214146,0.47444162,0.23725511,0.46869305,0.48078522,0.15094538,0.31429523,0.21699877,0.70364666,0.54465103,0.2182079,0.21595821,0.55152225,0.5481572,0.84664613,0.32045004,0.8772441,0.3071891,0.071188755,0.36148894,0.31780195,0.027587371,0.112574935
0.62157357,0.62385005,0.99147683,0.9925372,0.92807734,0.93048364,0.2680243,0.2620942,0.19106755,0.19297749,0.4051951,0.29897124,0.45823532,0.47892419,0.18822098,0.3040092,0.22769137,0.69444937,0.5422601,0.22507581,0.22514756,0.55126494,0.5501953,0.8378333,0.32886523,0.86957616,0.30776972,0.06749232,0.5787875,0.31998348,0.032880623,0.08890654
0.62882,0.6334234,0.993666,0.9952493,0.9286757,0.9255711,0.23783678,0.23398235,0.20413679,0.20481244,0.29939333,0.43237168,0.39738423,0.4614232,0.23644124,0.3017481,0.2360225,0.68673146,0.55410445,0.23124321,0.23398711,0.55532,0.5571844,0.80372113,0.34395945,0.83504796,0.31955507,0.06604289,0.8602567,0.3251521,0.032320697,0.014787586
0.63757753,0.63943577,0.9940128,0.9957865,0.93004215,0.92618966,0.20964092,0.20488764,0.22143503,0.2211338,0.23446222,0.5288784,0.32643634,0.41038454,0.2766614,0.30766508,0.25857508,0.6913993,0.5559665,0.25553527,0.26034662,0.55213314,0.55861014,0.76761484,0.35721773,0.8047219,0.3290454,0.06762951,0.9432814,0.2997268,0.028342418,-0.086534515
0.62596333,0.62613225,0.99316424,0.99486345,0.9316178,0.92815006,0.20866781,0.19943838,0.23274432,0.2317061,0.22993892,0.5275786,0.35935962,0.4289278,0.3138819,0.30497825,0.26665664,0.6891809,0.5528264,0.26014936,0.2688894,0.550092,0.55660254,0.78540474,0.34467995,0.8187977,0.31922516,0.063125394,0.926554,0.2915142,0.0120176105,-0.15951078
0.6166158,0.61502457,0.99069816,0.99177295,0.9325018,0.9332709,0.23279604,0.21919614,0.22629316,0.22636625,0.28096727,0.44125947,0.43352312,0.4685363,0.29089984,0.3037461,0.25561586,0.6884686,0.5463939,0.24674742,0.25689048,0.54992944,0.5535195,0.82050914,0.32781774,0.84989333,0.30621403,0.057185974,0.80608547,0.2863804,-0.014101181,-0.17483923
0.6105818,0.6103855,0.9845471,0.98373437,0.9383979,0.9435998,0.25235114,0.23875986,0.21158609,0.21292175,0.36371458,0.34275675,0.46875986,0.4901373,0.21540754,0.31161562,0.23245455,0.6951229,0.54874825,0.22725174,0.2349296,0.5510233,0.5523246,0.8450025,0.31727776,0.8711134,0.30194926,0.054982577,0.55473554,0.29618323,-0.03187387,-0.13222598
0.60472625,0.60684127,0.97702914,0.97357744,0.9442724,0.95040727,0.25383776,0.24437745,0.203107,0.20538655,0.44690305,0.26853344,0.47670832,0.49498945,0.17035484,0.31611848,0.21146849,0.7017902,0.5584761,0.21199723,0.21420395,0.55390656,0.5550192,0.8636732,0.31148943,0.88552487,0.3012458,0.058869082,0.32461703,0.3053211,-0.028952952,-0.052339528
0.6074554,0.6097004,0.9778748,0.9745573,0.94217265,0.94831634,0.2584065,0.25379446,0.19534236,0.20037879,0.49703753,0.22763383,0.47332573,0.48816627,0.1433859,0.3194641,0.20485395,0.7070374,0.55888444,0.20784241,0.20708452,0.555046,0.55466354,0.86190975,0.31205225,0.8850352,0.30442896,0.066594824,0.24961703,0.31102008,-0.012122201,0.03472436
0.6139944,0.6151379,0.98271537,0.981169,0.9372474,0.9436876,0.26573646,0.26350623,0.19016346,0.19622196,0.50685114,0.21652845,0.46902138,0.48143554,0.13748488,0.32003292,0.20855045,0.7081531,0.55221176,0.2114288,0.20938134,0.5531517,0.5506663,0.85185087,0.31553462,0.87842155,0.30766663,0.071048774,0.26310825,0.31504416,0.01005495,0.09330716
0.6170634,0.61750054,0.987491,0.9875639,0.9323448,0.93816584,0.27198735,0.2689833,0.18768355,0.19200556,0.4764234,0.23557866,0.46813294,0.4801504,0.15051238,0.31450492,0.21702431,0.70380604,0.5447286,0.21836112,0.21587676,0.5514473,0.5480459,0.84672636,0.3202566,0.87725526,0.30721974,0.07119145,0.35355723,0.31829274,0.027822688,0.11357064
0.62104696,0.62322885,0.99134505,0.99236965,0.9282469,0.9309188,0.2680599,0.262252,0.19076848,0.19266222,0.40871608,0.29517198,0.45895636,0.47868827,0.18669403,0.3043523,0.22762409,0.6947633,0.54205257,0.22521754,0.22498015,0.55107135,0.54995954,0.8386742,0.32838964,0.87047,0.3075157,0.06758606,0.5634514,0.32025862,0.033616047,0.090949
0.6285055,0.6330622,0.9936202,0.9951826,0.92861134,0.925662,0.23877606,0.23478095,0.20360245,0.20425308,0.30300468,0.4269164,0.40086398,0.4628176,0.23575564,0.3013672,0.23592997,0.68658876,0.55367917,0.23105796,0.23359293,0.5551241,0.5569445,0.80572927,0.34332255,0.83685654,0.3189693,0.065760195,0.8511021,0.32578665,0.032723732,0.01838538
0.63749886,0.6394294,0.994024,0.995795,0.930071,0.9262045,0.2100058,0.2053541,0.22083351,0.2205535,0.23567274,0.5270788,0.32759488,0.41147164,0.27496943,0.30754533,0.25778103,0.6913008,0.55605114,0.25475127,0.25940526,0.5522137,0.5587003,0.76825225,0.35705757,0.8052758,0.32891273,0.067723684,0.94222623,0.30049202,0.029346248,-0.08291387
0.6264401,0.62666893,0.99321556,0.9949281,0.9316781,0.92813647,0.20789912,0.19881251,0.2325832,0.23154682,0.22886482,0.52975255,0.35651875,0.42726052,0.3128178,0.30519152,0.26666787,0.6893656,0.5529868,0.26038513,0.26898777,0.55006087,0.5567234,0.7840313,0.345377,0.81775105,0.3197412,0.06348997,0.9286734,0.29166082,0.013369166,-0.1575432
0.6168599,0.61524695,0.9908256,0.99192977,0.93244994,0.93304765,0.23142366,0.2179354,0.22690596,0.22685687,0.27878588,0.44437015,0.43107307,0.46702698,0.29373115,0.30355814,0.25669163,0.6882799,0.54651546,0.24782373,0.25787118,0.5498417,0.55355954,0.8193578,0.32837188,0.8487744,0.30660093,0.057324685,0.811383,0.28618857,-0.012815907,-0.17555106
0.6107547,0.6104147,0.98476934,0.98402816,0.93829226,0.9434198,0.2518266,0.23813605,0.21201004,0.21331386,0.3616371,0.34477842,0.467419,0.48901623,0.21748787,0.3113831,0.23350166,0.6948855,0.54836136,0.22818519,0.2358717,0.5508236,0.55216986,0.8437414,0.31767952,0.86998695,0.3021648,0.054950587,0.56218684,0.2955568,-0.03135233,-0.13435858
0.6046992,0.6067525,0.9770089,0.97354627,0.944369,0.9505034,0.25355867,0.24390458,0.20338015,0.20559655,0.44569153,0.26955402,0.47643596,0.49479756,0.17134975,0.31601277,0.21184374,0.7016012,0.5583113,0.21231169,0.21454462,0.5537183,0.5548964,0.8633307,0.31151834,0.8851287,0.30124804,0.058640584,0.3262855,0.3050552,-0.029008191,-0.055154666
0.6073178,0.6095719,0.97774005,0.97437775,0.9423156,0.9484514,0.25819573,0.25346616,0.19554359,0.20051563,0.496246,0.22831255,0.47340608,0.48835388,0.14391652,0.31936657,0.204852,0.70689636,0.5590323,0.20784871,0.20709282,0.5550674,0.5547684,0.8621889,0.31199536,0.8852093,0.30431384,0.06639515,0.24969576,0.31081426,-0.012332664,0.032693546
0.6140777,0.61522675,0.9827032,0.9811662,0.93718743,0.9436001,0.26599365,0.263674,0.19022202,0.1962739,0.50572217,0.21746117,0.46955827,0.48204428,0.13746777,0.31993428,0.20835005,0.70806026,0.552341,0.21119726,0.2092517,0.5532756,0.5508452,0.852174,0.3155506,0.878744,0.30754477,0.07097611,0.26547804,0.31485745,0.009963943,0.09219455
0.6173326,0.61777943,0.9875837,0.987693,0.93217146,0.9379182,0.2722951,0.2691256,0.1877841,0.1921042,0.47473294,0.23699808,0.46856874,0.48065078,0.15090355,0.31431812,0.21702315,0.7036621,0.5446555,0.21825245,0.2159574,0.55150753,0.5481355,0.84664243,0.32042852,0.87723565,0.30719715,0.07118748,0.360222,0.31792098,0.027665319,0.11278011
0.6214907,0.6237556,0.99145997,0.9925154,0.9281015,0.9305454,0.26800013,0.26208952,0.19102152,0.19292533,0.4056429,0.29847664,0.45831275,0.4788697,0.18804173,0.3040472,0.22769602,0.69448036,0.5422339,0.22510824,0.22512954,0.5512369,0.5501656,0.8379523,0.32880512,0.869704,0.30773467,0.067501806,0.5765941,0.32007033,0.033023193,0.089208156
0.62877464,0.63337,0.9936606,0.99524117,0.92867386,0.92558813,0.23792586,0.23405443,0.2040658,0.20473622,0.29982957,0.43170315,0.397789,0.46156603,0.23637317,0.3016931,0.2360264,0.6867063,0.55405354,0.23123407,0.23394382,0.5552901,0.55715597,0.8039644,0.34388864,0.83526725,0.31948704,0.066004336,0.8590793,0.3252652,0.032421265,0.015267847
0.6375798,0.63944143,0.9940147,0.99578804,0.9300509,0.9261964,0.20965518,0.20491435,0.22136025,0.22105962,0.23459637,0.5286769,0.32650542,0.41044563,0.27646688,0.30764824,0.2585043,0.6913882,0.5559769,0.25546822,0.26025197,0.5521353,0.5586223,0.76766115,0.35721856,0.80476564,0.3290426,0.067642905,0.9431489,0.29982466,0.028513553,-0.086073644
0.6260162,0.62618816,0.9931706,0.9948714,0.93163216,0.92815506,0.2085517,0.19933856,0.23272237,0.23168276,0.22981314,0.52783203,0.35896972,0.42867732,0.31376547,0.30500028,0.266675,0.68920064,0.5528441,0.26019713,0.2689132,0.55008173,0.55661577,0.7852194,0.34477413,0.8186572,0.31929445,0.06317279,0.9267957,0.2915411,0.012220445,-0.15926898
0.6166387,0.6150397,0.99071234,0.9917903,0.9325042,0.93325436,0.23262206,0.21903437,0.22635736,0.22641625,0.2807451,0.44157517,0.43318418,0.46830663,0.29122424,0.30372193,0.2557566,0.68844444,0.5464042,0.24689241,0.25701398,0.54991347,0.5535209,0.8203452,0.32789356,0.84973675,0.30626827,0.057202946,0.80664194,0.2863619,-0.0139210615,-0.17492475
0.610598,0.6103803,0.9845675,0.98376113,0.9383961,0.9435911,0.25227937,0.23867464,0.2116288,0.21296094,0.36354232,0.34291995,0.46856058,0.48996726,0.21562754,0.3115896,0.23257706,0.6950952,0.5487024,0.22736715,0.23503442,0.5509931,0.55230194,0.8448297,0.3173306,0.8709526,0.30198357,0.054977052,0.55539674,0.29611942,-0.03178665,-0.1324739
0.6047098,0.6068174,0.9770155,0.97355855,0.94429564,0.9504308,0.25378743,0.24430321,0.20313577,0.20540744,0.44682255,0.26860297,0.47665492,0.49494487,0.17046362,0.31610468,0.21150476,0.70176685,0.5584634,0.21203391,0.2142326,0.5538817,0.5550044,0.86363536,0.3114929,0.8854756,0.30124944,0.05884299,0.32459277,0.30530226,-0.028927092,-0.052638613
0.60743815,0.609682,0.9778552,0.9745315,0.9421917,0.9483351,0.25837326,0.25374782,0.19536145,0.20039265,0.49696863,0.22769618,0.47332722,0.48817876,0.1434335,0.31945458,0.20484209,0.70702213,0.5589074,0.20783669,0.20707293,0.5550508,0.5546788,0.8619444,0.312047,0.8850568,0.30441785,0.066579,0.24954402,0.31100142,-0.012108211,0.034525286
0.61401266,0.6151535,0.98271817,0.98117507,0.93723494,0.94367146,0.26578042,0.26353693,0.19016542,0.19622333,0.5066809,0.21666394,0.46908438,0.4815085,0.13748123,0.32001683,0.20852596,0.7081379,0.55222267,0.21140036,0.20936385,0.55316687,0.55068797,0.85188025,0.31554508,0.8784557,0.30765423,0.07104147,0.26348594,0.31502295,0.01008758,0.093199536
0.6171057,0.61754304,0.9875091,0.9875888,0.9323163,0.9381249,0.272037,0.26900592,0.18769616,0.19201523,0.47612956,0.23581974,0.4681772,0.4802074,0.15059279,0.31446826,0.21703807,0.7037767,0.5447103,0.21835682,0.21589817,0.55145323,0.5480577,0.8466978,0.32029256,0.8772406,0.30721906,0.07118677,0.3546611,0.31823987,0.027834198,0.113460585
0.6211164,0.6233134,0.9913651,0.9923949,0.9282239,0.93085796,0.26803848,0.26221353,0.19081289,0.19270532,0.40817675,0.29574552,0.45882845,0.47869962,0.18694365,0.30429602,0.22764938,0.6947089,0.54208237,0.22521117,0.22501273,0.5510957,0.54999506,0.8385481,0.32846466,0.87033725,0.3075532,0.06756597,0.5656354,0.32023218,0.033547517,0.090646476
0.6285466,0.6331091,0.9936271,0.99519265,0.92862564,0.9256531,0.23861662,0.2346416,0.20368594,0.2043378,0.30245262,0.4277415,0.40032542,0.46258774,0.23588687,0.30141866,0.23596124,0.68660396,0.5537428,0.23110144,0.23366195,0.55514747,0.5569801,0.8054222,0.34342223,0.83657926,0.31905887,0.06579653,0.85245454,0.32569525,0.03270087,0.017835231
0.63750875,0.6394255,0.9940223,0.9957938,0.9300721,0.92620754,0.20993349,0.20526555,0.2209281,0.22064345,0.23548397,0.5273578,0.3273839,0.41126943,0.27524105,0.30756146,0.25791863,0.6913149,0.55603725,0.25488845,0.25956142,0.5521954,0.5586864,0.76813936,0.35708943,0.80517983,0.32893735,0.06770896,0.94237983,0.3003669,0.029230475,-0.08347198
0.6263596,0.6265772,0.9932075,0.9949181,0.93167317,0.92814255,0.20800579,0.1988957,0.23260902,0.23157203,0.22903083,0.529416,0.3569472,0.42750737,0.31298542,0.30515712,0.26667067,0.689335,0.5529608,0.26035494,0.26897568,0.5500621,0.5567044,0.78424054,0.3452689,0.81791216,0.31966043,0.06343662,0.9283394,0.29163507,0.01319387,-0.15785152
0.61681896,0.6152069,0.9908058,0.9919058,0.9324623,0.93308586,0.23163344,0.21812586,0.22680849,0.22678024,0.2791227,0.44389027,0.4314349,0.46724868,0.2932834,0.30358574,0.25652355,0.6883078,0.5464958,0.24765804,0.257717,0.54985374,0.5535537,0.8195238,0.3282896,0.84893715,0.30654252,0.05730447,0.8105864,0.28621194,-0.012988865,-0.17545097
0.61072755,0.61040723,0.9847335,0.9839812,0.93831235,0.9434516,0.25191012,0.2382321,0.21194315,0.21325307,0.36197385,0.34445038,0.4676116,0.4891774,0.2171557,0.31141877,0.23333864,0.6949218,0.5484196,0.22804165,0.2357233,0.55085105,0.5521925,0.84392256,0.3176207,0.87014645,0.30213434,0.054954004,0.5610132,0.29564595,-0.031411666,-0.13404354
0.6046979,0.6067596,0.9770064,0.9735435,0.9443604,0.9504946,0.2535978,0.24397117,0.20333867,0.20556502,0.44590238,0.26937854,0.47646827,0.49481788,0.17119025,0.31602868,0.21178253,0.70163023,0.55833817,0.21226269,0.21448733,0.55374414,0.5549143,0.8633808,0.3115142,0.8851845,0.30124944,0.058674194,0.32595566,0.30509123,-0.028981049,-0.05472714
0.60733664,0.60958713,0.97775674,0.9743999,0.94229764,0.9484348,0.2582187,0.25350606,0.1955147,0.20049798,0.49639305,0.2281907,0.47338492,0.48831603,0.1438281,0.31938413,0.20484781,0.7069195,0.5590114,0.20784633,0.20708653,0.5550625,0.55475146,0.862143,0.3120038,0.8851774,0.30433404,0.06642884,0.24962515,0.3108388,-0.012280756,0.033009246
0.6140677,0.615214,0.98270535,0.98116714,0.9371959,0.94361264,0.26595756,0.26365098,0.19021314,0.19626677,0.5058948,0.21731879,0.4694747,0.4819502,0.13746634,0.31994963,0.20837912,0.7080741,0.5523202,0.21123198,0.2092697,0.55325574,0.5508175,0.8521221,0.3155497,0.8786924,0.30756432,0.07098845,0.26511896,0.3148794,0.010001982,0.09237119
0.6172956,0.61774033,0.9875723,0.98767704,0.93219423,0.9379507,0.2722546,0.26910785,0.1877704,0.19209026,0.47495615,0.23680894,0.4685055,0.48057854,0.15085341,0.3143419,0.21702611,0.70368,0.5446632,0.2182702,0.21594763,0.55149794,0.54812247,0.8466528,0.32040697,0.87723804,0.30720004,0.07118846,0.35932106,0.31796792,0.027710449,0.112896726
0.6214326,0.6236875,0.9914459,0.9924976,0.92811936,0.93059206,0.26800317,0.2621056,0.19099098,0.1928928,0.40601954,0.2980681,0.4583948,0.47884545,0.18787771,0.304084,0.22768916,0.6945138,0.5422101,0.22512394,0.22511114,0.5512146,0.55013984,0.8380476,0.32875335,0.8698048,0.30770558,0.06751262,0.57492816,0.32009202,0.03312021,0.08943123
0.6287398,0.63333076,0.9936559,0.9952342,0.9286676,0.9255979,0.23802158,0.23413561,0.20401125,0.204679,0.30020583,0.4311329,0.39815903,0.46171692,0.23630078,0.30165318,0.23601595,0.68669033,0.5540094,0.23121348,0.23390031,0.55526894,0.55713093,0.80417895,0.34382084,0.83546025,0.31942478,0.0659746,0.8581217,0.32532752,0.03247994,0.015650455
0.63757336,0.63944215,0.99401593,0.9957891,0.9300543,0.92619836,0.20968828,0.20495836,0.22130011,0.22100158,0.234717,0.5284985,0.32661805,0.41055238,0.27628946,0.30763724,0.25842327,0.69137895,0.5559863,0.25538895,0.26015484,0.5521428,0.55863225,0.76772416,0.3572039,0.8048212,0.32903007,0.06765357,0.94304025,0.29989356,0.028633887,-0.08569689
0.6260641,0.62624246,0.99317604,0.9948783,0.9316395,0.92815447,0.20846772,0.19926946,0.2327085,0.23166929,0.22969255,0.5280738,0.3586677,0.42850205,0.31365156,0.3050239,0.26667422,0.68922055,0.55286175,0.2602207,0.2689218,0.55007815,0.5566293,0.7850738,0.34484687,0.81854683,0.31934804,0.06321205,0.9270258,0.2915481,0.012376108,-0.15906951
0.61666304,0.61506134,0.9907258,0.99180716,0.9324995,0.9332311,0.232477,0.21890025,0.22642441,0.22647136,0.28050604,0.4419155,0.43292636,0.4681503,0.2915211,0.3037023,0.2558672,0.68842447,0.54641706,0.2470035,0.25711486,0.5499041,0.5535257,0.82022285,0.3279517,0.84961784,0.30630815,0.05721766,0.80722183,0.2863322,-0.013774879,-0.17501065
0.61061573,0.61038244,0.98459077,0.9837922,0.9383855,0.9435725,0.25222555,0.23860903,0.21167573,0.2130052,0.3633167,0.34314007,0.46842012,0.48985064,0.21584418,0.31156576,0.23268661,0.6950703,0.54866105,0.22746468,0.23513314,0.5509711,0.55228543,0.8446952,0.3173731,0.8708322,0.302006,0.05497285,0.55619866,0.29604375,-0.03172358,-0.13271128
0.60470206,0.60680383,0.97701025,0.97355133,0.94430906,0.9504441,0.2537561,0.24425066,0.20316763,0.20543227,0.44669402,0.26871243,0.47662848,0.4949272,0.17056637,0.31609398,0.21154204,0.7017475,0.5584484,0.21206586,0.21426624,0.55386174,0.55499226,0.8636053,0.31149456,0.8854382,0.3012484,0.0588173,0.32474682,0.30526555,-0.028927911,-0.052946504
0.6074152,0.609659,0.9778351,0.97450453,0.9422129,0.94835544,0.25833595,0.25369763,0.19538766,0.20041314,0.49691352,0.22774856,0.47333,0.48819184,0.1434805,0.31944844,0.2048362,0.70701116,0.5589266,0.20783475,0.2070682,0.5550523,0.55468947,0.8619757,0.3120379,0.88507426,0.3044067,0.066561274,0.24948406,0.31096858,-0.012130932,0.03430565
0.61401814,0.61515933,0.98271376,0.98117036,0.93723273,0.94366646,0.26580134,0.26354966,0.1901733,0.19623213,0.506594,0.21673991,0.4691319,0.48156288,0.13747086,0.32001075,0.20850268,0.7081318,0.5522386,0.21137545,0.20934783,0.5531784,0.55070615,0.8519128,0.31554434,0.8784852,0.30764332,0.07103466,0.26365167,0.31499526,0.010081605,0.09308691
0.6171311,0.6175692,0.9875172,0.9876003,0.9322999,0.93810123,0.27206978,0.2690234,0.18770671,0.19202693,0.47597423,0.23595163,0.46822464,0.4802598,0.15061963,0.3144527,0.21703267,0.7037652,0.544705,0.21834168,0.21590142,0.5514598,0.5480672,0.8466942,0.32030758,0.87724245,0.30721635,0.07118841,0.35528114,0.31819522,0.027826201,0.11339112
0.6211621,0.62336797,0.9913771,0.9924103,0.92820805,0.9308182,0.26803496,0.26219928,0.19083878,0.19273324,0.40785733,0.29608834,0.4587702,0.47872427,0.18707459,0.3042653,0.22765209,0.6946811,0.5421008,0.22519515,0.22502403,0.5511133,0.5500164,0.8384787,0.32850653,0.8702634,0.3075748,0.067560054,0.5670017,0.32020673,0.033494204,0.090479165
0.628575,0.63314253,0.99363166,0.99519914,0.9286326,0.9256445,0.23852323,0.23456275,0.203735,0.20438983,0.30210277,0.42826918,0.3999921,0.4624566,0.23594135,0.30145583,0.23596504,0.6866174,0.5537853,0.23111403,0.2336933,0.55516684,0.55700374,0.8052319,0.3434838,0.8364082,0.31911612,0.06582561,0.8533378,0.32563904,0.03267762,0.017513912
0.6375228,0.6394318,0.9940215,0.9957932,0.93006915,0.9262061,0.20988992,0.2052129,0.22098695,0.2207,0.23535699,0.5275478,0.32725015,0.41114572,0.27540028,0.30757537,0.2579989,0.69132656,0.55603004,0.25496903,0.25965485,0.55218655,0.5586784,0.7680679,0.35711193,0.80511904,0.32895538,0.067701526,0.9424861,0.30028525,0.02914853,-0.083813295
0.6263133,0.626525,0.9932028,0.9949122,0.931669,0.9281451,0.20807053,0.19894716,0.23262742,0.23158999,0.22912157,0.52922827,0.35719553,0.42764878,0.3130888,0.30513838,0.26667362,0.6893184,0.5529465,0.26033747,0.26896963,0.5500638,0.5566932,0.7843612,0.34520718,0.8180041,0.31961495,0.063403085,0.9281478,0.29161495,0.013078137,-0.15804529
0.6167943,0.61518306,0.9907939,0.99189126,0.93246895,0.9331081,0.23175752,0.21823914,0.22675373,0.22673766,0.27931997,0.4436085,0.43165106,0.46737948,0.29302028,0.30360368,0.25642416,0.68832564,0.54648477,0.2475593,0.2576257,0.54986143,0.5535501,0.81962335,0.3282403,0.8490344,0.30650833,0.05729189,0.8101076,0.28622258,-0.013101484,-0.1753972
0.61070997,0.6104022,0.9847121,0.98395294,0.9383237,0.94347,0.25195655,0.23828681,0.21190524,0.21321875,0.36216646,0.344263,0.4677307,0.4892767,0.21695922,0.31144166,0.23324166,0.69494426,0.54845554,0.22795561,0.2356357,0.55086863,0.5522062,0.84403557,0.31758428,0.8702466,0.30211565,0.05495648,0.5603086,0.2956985,-0.03145552,-0.13385752
0.6046948,0.60676265,0.97700477,0.973542,0.9443551,0.9504893,0.2536188,0.24400946,0.20331532,0.20554744,0.4460196,0.2692806,0.47649032,0.49483266,0.17109574,0.3160393,0.21174589,0.7016484,0.5583561,0.2122331,0.21445364,0.5537615,0.55492616,0.8634153,0.31151122,0.88522255,0.30124956,0.05869467,0.32576218,0.3051109,-0.028972859,-0.05447202
0.6073438,0.6095931,0.9777656,0.9744116,0.9422879,0.9484259,0.2582299,0.25352794,0.19549811,0.20048827,0.4964811,0.22811803,0.47337285,0.48829332,0.14377177,0.3193958,0.2048438,0.70693505,0.55900085,0.20784357,0.20708154,0.5550607,0.55474234,0.8621184,0.31200802,0.8851612,0.30434573,0.0664497,0.2495748,0.31085116,-0.012259569,0.033197276
0.6140585,0.6152041,0.9827053,0.98116577,0.9372031,0.9436224,0.26593202,0.263634,0.19020815,0.19626337,0.50601053,0.2172247,0.46941945,0.481888,0.13746221,0.319961,0.20839652,0.7080846,0.55230916,0.21125291,0.2092804,0.55324364,0.5508007,0.8520898,0.31554824,0.8786593,0.3075773,0.07099576,0.26486823,0.3148908,0.010014513,0.09247824
0.61726975,0.61771345,0.9875635,0.9876649,0.9322107,0.9379741,0.27222764,0.26909652,0.1877611,0.19208173,0.47511533,0.23667537,0.46846387,0.4805304,0.15081196,0.3143605,0.21702518,0.70369446,0.54467016,0.21827939,0.21593891,0.5514922,0.54811406,0.84666026,0.3203912,0.8772396,0.30720276,0.07118936,0.3586903,0.31799716,0.027730342,0.11297468
0.62139165,0.6236395,0.9914357,0.99248475,0.9281323,0.9306253,0.26800922,0.2621207,0.19096825,0.19286945,0.40629295,0.29777277,0.4584539,0.47882882,0.1877539,0.30411166,0.22768222,0.6945396,0.54219323,0.22513303,0.22509691,0.5511993,0.55012107,0.83811355,0.32871613,0.8698751,0.30768582,0.067520745,0.5737478,0.32010445,0.03317871,0.08959194
0.6287149,0.6333029,0.99365234,0.99522924,0.9286629,0.9256047,0.23809384,0.23419745,0.20397078,0.204637,0.30047905,0.4307201,0.39842537,0.46182624,0.2362434,0.3016253,0.23600583,0.6866799,0.55397767,0.2311963,0.23386729,0.55525464,0.5571126,0.8043322,0.343772,0.8355981,0.31938064,0.06595375,0.85743606,0.32537207,0.032512244,0.015927786
0.637568,0.6394423,0.9940169,0.9957897,0.9300563,0.9261994,0.20971476,0.20499282,0.22125567,0.22095877,0.23480503,0.52836835,0.3267016,0.41063175,0.27615875,0.3076297,0.25836277,0.6913724,0.55599296,0.2553296,0.26008326,0.55214876,0.558639,0.76777035,0.35719314,0.8048616,0.32902133,0.067661025,0.94296265,0.29994503,0.028712083,-0.08542351
0.6260997,0.62628305,0.9931799,0.99488336,0.9316444,0.92815346,0.20840707,0.19921991,0.23269843,0.23165952,0.22960265,0.5282533,0.35844505,0.4283726,0.31356922,0.3050417,0.26667464,0.68923545,0.55287474,0.26023853,0.26892933,0.5500758,0.5566388,0.78496635,0.34490097,0.8184648,0.31938827,0.0632403,0.92719626,0.29155415,0.012482129,-0.15892437
0.61668134,0.61507815,0.9907358,0.9918196,0.93249536,0.93321323,0.23237044,0.218802,0.22647415,0.22651224,0.28032678,0.4421707,0.4327373,0.46803603,0.29174155,0.30368814,0.25594854,0.68841016,0.54642725,0.24708462,0.2571893,0.5498978,0.55352944,0.8201334,0.3279944,0.8495308,0.30633777,0.057228465,0.8076548,0.28631204,-0.013674346,-0.17507362
0.61062884,0.6103846,0.9846086,0.9838157,0.93837655,0.9435578,0.25218564,0.23856083,0.21171044,0.21303791,0.36314303,0.34330967,0.46831864,0.48976633,0.21600696,0.31154817,0.2327682,0.6950521,0.5486308,0.22753672,0.23520708,0.55095583,0.55227363,0.84459764,0.31740427,0.8707456,0.3020223,0.05497013,0.55680776,0.2959895,-0.031683624,-0.13288575
0.6046967,0.6067946,0.97700727,0.9735474,0.9443179,0.9504529,0.25373372,0.24421297,0.20319086,0.20545022,0.44659224,0.26879853,0.47661006,0.49491534,0.17064366,0.31608617,0.21157041,0.70173335,0.5584373,0.21208958,0.21429223,0.5538479,0.5549837,0.8635832,0.311496,0.8854115,0.30124748,0.05879848,0.32487917,0.30523944,-0.028934984,-0.05317499
0.60739714,0.60964125,0.97782034,0.9744846,0.9422287,0.9483708,0.25830734,0.2536596,0.19540712,0.20042823,0.49687222,0.22778757,0.47333133,0.4882007,0.14351644,0.31944403,0.2048328,0.70700324,0.5589407,0.20783393,0.20706566,0.55505353,0.55469704,0.861998,0.3120311,0.8850866,0.30439872,0.066548094,0.24944307,0.3109452,-0.012154696,0.034141216
0.6140208,0.6151627,0.98271,0.98116595,0.937232,0.94366384,0.26581421,0.263557,0.1901791,0.19623864,0.506536,0.21679147,0.46916467,0.4816005,0.1374632,0.32000703,0.20848593,0.70812815,0.5522509,0.21135758,0.2093365,0.5531871,0.55071926,0.85193616,0.31554312,0.8785062,0.30763575,0.07102967,0.26375717,0.3149762,0.01006988,0.09300354
0.6171484,0.6175871,0.9875223,0.98760766,0.932289,0.9380855,0.2720917,0.26903498,0.18771383,0.19203527,0.47587186,0.23603924,0.46825853,0.48029688,0.15063503,0.31444305,0.2170273,0.7037583,0.5447023,0.21832974,0.21590245,0.551465,0.548074,0.84669226,0.32031706,0.8772442,0.30721474,0.071190275,0.35569638,0.31816465,0.02781511,0.11334373
0.62119365,0.62340534,0.9913852,0.99242073,0.9281972,0.93079084,0.2680334,0.26219058,0.1908556,0.1927519,0.40764222,0.29631975,0.45873147,0.47874215,0.18716073,0.30424494,0.22765246,0.694663,0.5421136,0.22518288,0.22503065,0.5511259,0.5500308,0.8384312,0.3285347,0.8702129,0.30758986,0.06755696,0.5679344,0.3201899,0.03345345,0.09036878
0.62859493,0.63316584,0.9936348,0.99520373,0.92863727,0.9256384,0.23846014,0.23450993,0.20376755,0.20442463,0.30186453,0.4286294,0.39976358,0.462367,0.23597491,0.30148184,0.23596583,0.6866271,0.55381453,0.23112108,0.2337134,0.5551808,0.55702,0.8051013,0.3435261,0.83629096,0.3191558,0.06584639,0.85394305,0.32560226,0.032658387,0.017298842
0.63753355,0.63943714,0.994021,0.99579287,0.93006676,0.9262047,0.20986038,0.20517741,0.22102652,0.22073802,0.23527,0.527678,0.32715726,0.41106015,0.27550775,0.30758512,0.25805345,0.6913348,0.5560252,0.25502375,0.25971842,0.55218077,0.55867285,0.7680183,0.35712814,0.8050769,0.32896852,0.06769664,0.9425596,0.3002309,0.029089363,-0.08404353
0.6262826,0.62649006,0.99319965,0.99490815,0.9316662,0.9281468,0.20811422,0.19898203,0.2326397,0.23160185,0.22918311,0.5291008,0.35736027,0.42774093,0.31315994,0.30512574,0.26667693,0.6893074,0.5529368,0.2603268,0.26896656,0.5500648,0.5566853,0.78444123,0.34516653,0.81806463,0.31958523,0.0633801,0.9280181,0.29160202,0.012996433,-0.1581763
0.61677706,0.6151665,0.9907857,0.9918811,0.93247336,0.93312377,0.23184155,0.21831615,0.2267161,0.22670786,0.2794602,0.44340748,0.43179822,0.467466,0.29284152,0.3036163,0.25635862,0.68833786,0.5464768,0.24749403,0.25756505,0.5498662,0.5535469,0.8196917,0.32820663,0.8491012,0.3064854,0.057282876,0.80976117,0.28623056,-0.013181429,-0.17535861
0.61069715,0.61039823,0.98469687,0.98393273,0.9383321,0.9434835,0.25198644,0.23832288,0.2118788,0.21319447,0.36230454,0.34412786,0.4678111,0.48934337,0.21682315,0.31145787,0.23317508,0.6949599,0.54848063,0.22789711,0.23557523,0.5508806,0.5522154,0.8441139,0.31755903,0.87031573,0.30210322,0.054958202,0.5597978,0.29573688,-0.031487543,-0.13372555
0.6046918,0.60676444,0.9770035,0.9735405,0.94435155,0.95048594,0.25363195,0.24403502,0.2032988,0.20553474,0.44610208,0.26921138,0.47650558,0.49484277,0.17103085,0.31604654,0.21172021,0.70166093,0.5583693,0.21221268,0.21442984,0.553774,0.5549347,0.863441,0.3115089,0.8852505,0.30124944,0.058709152,0.32561597,0.30512646,-0.02896735,-0.05429021
0.6073485,0.60959727,0.97777176,0.97441983,0.9422811,0.9484197,0.2582373,0.25354302,0.19548608,0.20048106,0.49654138,0.22806792,0.4733645,0.48827752,0.14373232,0.31940392,0.20484065,0.7069459,0.5589939,0.20784138,0.20707767,0.55506,0.5547363,0.86210203,0.31201112,0.88515073,0.30435386,0.06646447,0.24953766,0.31086096,-0.012245058,0.033331677
0.61405224,0.6151973,0.9827052,0.9811647,0.93720824,0.9436293,0.26591393,0.2636218,0.19020429,0.19626065,0.5060908,0.21715914,0.4693795,0.48184338,0.13745949,0.3199689,0.2084089,0.7080919,0.5523014,0.21126777,0.20928791,0.5532353,0.5507889,0.8520662,0.31554767,0.87863547,0.30758676,0.071000665,0.2646934,0.31489977,0.010022603,0.09255465
0.61725146,0.61769444,0.98755705,0.987656,0.9322226,0.93799084,0.27220812,0.26908803,0.18775433,0.19207545,0.47522882,0.23658021,0.46843243,0.48049468,0.15078259,0.3143737,0.21702482,0.7037047,0.54467523,0.21828623,0.2159329,0.55148816,0.54810804,0.8466641,0.3203804,0.8772394,0.30720517,0.07118961,0.35824117,0.31801823,0.027743297,0.113029815
0.62136215,0.62360466,0.9914283,0.99247533,0.92814195,0.9306499,0.2680138,0.26213187,0.19095169,0.19285238,0.4064924,0.2975576,0.4584947,0.47881517,0.18766403,0.3041319,0.22767767,0.6945585,0.54218113,0.22514014,0.22508693,0.55118823,0.5501074,0.8381599,0.3286895,0.86992466,0.307672,0.06752623,0.5728892,0.32011327,0.033219732,0.0897075
0.6286967,0.6332823,0.9936498,0.9952254,0.9286595,0.92560977,0.23814741,0.2342433,0.20394097,0.204606,0.30068114,0.43041503,0.39862004,0.46190497,0.23620236,0.3016047,0.23599927,0.6866722,0.5539541,0.23118453,0.23384376,0.55524397,0.5570989,0.8044438,0.34373623,0.8356986,0.31934837,0.06593803,0.8569295,0.32540417,0.032534305,0.016129391
0.63756275,0.6394414,0.9940175,0.9957902,0.930058,0.9262004,0.20973508,0.20501891,0.22122271,0.22092707,0.23487136,0.52827007,0.32676426,0.41069084,0.2760632,0.3076238,0.25831825,0.69136727,0.55599767,0.25528577,0.26003048,0.55215317,0.55864376,0.76780456,0.3571848,0.80489147,0.32901463,0.06766629,0.9429048,0.29998392,0.028768362,-0.08522299
0.6261257,0.6263126,0.99318284,0.99488705,0.9316479,0.92815274,0.20836323,0.19918413,0.23269066,0.23165199,0.22953859,0.52838194,0.35828266,0.42827776,0.31350902,0.30505458,0.26667526,0.6892462,0.55288404,0.26025194,0.26893508,0.5500741,0.5566456,0.78488773,0.34494045,0.81840485,0.31941774,0.06326086,0.9273196,0.29155892,0.012558649,-0.1588172
0.616695,0.6150906,0.9907432,0.9918286,0.93249226,0.9332001,0.23229255,0.21873026,0.22651036,0.22654182,0.28019664,0.44235602,0.43259907,0.46795237,0.29190317,0.30367786,0.25600842,0.68839955,0.5464347,0.24714437,0.25724414,0.5498932,0.55353206,0.8200681,0.3280256,0.8494674,0.30635953,0.057236362,0.807969,0.28629795,-0.013601313,-0.17511818
0.61063844,0.61038625,0.9846215,0.983833,0.93837005,0.94354683,0.25215638,0.23852561,0.21173565,0.21306157,0.3630165,0.34343326,0.4682442,0.48970446,0.21612649,0.3115352,0.23282807,0.6950387,0.5486087,0.22758964,0.23526137,0.55094475,0.5522651,0.8445263,0.31742716,0.8706823,0.30203423,0.054968193,0.55725276,0.29595035,-0.03165467,-0.13301176
0.60469306,0.60678804,0.97700536,0.97354454,0.94432414,0.9504591,0.25371742,0.24418555,0.20320761,0.20546314,0.44651806,0.26886123,0.4765966,0.4949065,0.17070045,0.31608045,0.21159129,0.7017229,0.5584292,0.21210705,0.21431136,0.5538379,0.55497736,0.8635668,0.3114971,0.8853918,0.3012468,0.058784828,0.324977,0.30522078,-0.028940387,-0.05334091
0.6073842,0.60962844,0.9778097,0.9744701,0.94224006,0.94838184,0.25828648,0.25363186,0.19542119,0.20043908,0.49684185,0.22781605,0.47333214,0.4882069,0.14354308,0.3194407,0.20483054,0.7069974,0.55895096,0.20783347,0.20706399,0.55505437,0.5547025,0.86201406,0.3120262,0.8850954,0.30439296,0.06653838,0.24941388,0.31092846,-0.01217244,0.034021653
0.6140229,0.61516523,0.9827072,0.98116285,0.9372315,0.9436618,0.26582342,0.2635621,0.19018325,0.19624333,0.5064937,0.21682902,0.4691885,0.48162794,0.13745801,0.32000425,0.20847379,0.70812535,0.5522599,0.2113446,0.2093283,0.55319333,0.5507289,0.851953,0.31554225,0.87852126,0.3076303,0.071026035,0.26383406,0.3149627,0.010061088,0.092942856
0.6171611,0.6176003,0.98752606,0.9876129,0.93228096,0.93807393,0.27210745,0.26904324,0.18771899,0.19204126,0.47579697,0.23610324,0.46828315,0.48032373,0.15064663,0.314436,0.21702346,0.7037533,0.5447004,0.2183212,0.2159033,0.55146873,0.54807895,0.84669083,0.32032403,0.87724537,0.30721357,0.07119164,0.35599986,0.31814277,0.027806697,0.11330944
0.62121683,0.62343264,0.9913912,0.99242836,0.92818916,0.9307709,0.26803198,0.26218396,0.19086787,0.19276549,0.4074847,0.29648924,0.4587029,0.47875506,0.18722373,0.30423003,0.22765264,0.6946497,0.5421231,0.22517383,0.22503543,0.5511352,0.55004144,0.83839625,0.32855538,0.8701759,0.307601,0.0675547,0.5686163,0.32017833,0.033423264,0.09028849
0.6286096,0.633183,0.9936371,0.995207,0.9286405,0.9256339,0.23841394,0.23447123,0.20379128,0.20445,0.30169043,0.42889264,0.3995962,0.46230105,0.23599945,0.3015009,0.23596655,0.68663424,0.55383587,0.23112638,0.23372826,0.5551909,0.55703187,0.8050058,0.34355712,0.83620524,0.3191848,0.06586166,0.8543841,0.32557553,0.032644007,0.017142039
0.6375414,0.63944113,0.9940205,0.9957926,0.9300649,0.92620355,0.20983884,0.20515153,0.2210553,0.22076571,0.23520659,0.5277729,0.3270896,0.41099763,0.27558628,0.30759224,0.2580933,0.6913408,0.5560217,0.25506368,0.2597648,0.55217654,0.55866885,0.7679822,0.35714,0.80504614,0.32897812,0.06769307,0.9426132,0.30019146,0.029045977,-0.08421126
0.62626004,0.6264645,0.9931973,0.99490535,0.9316642,0.9281481,0.20814615,0.19900754,0.23264858,0.23161034,0.22922868,0.52900654,0.35748035,0.42780763,0.31321228,0.30511644,0.2666796,0.6892992,0.55292976,0.26031926,0.26896444,0.5500656,0.55667955,0.7844994,0.34513697,0.8181087,0.31956363,0.06336326,0.9279226,0.2915929,0.0129364515,-0.15827157
0.6167645,0.6151543,0.99077964,0.9918737,0.9324767,0.9331353,0.23190272,0.21837226,0.22668855,0.22668596,0.27956364,0.4432593,0.43190503,0.4675282,0.29271114,0.3036255,0.2563112,0.68834686,0.5464708,0.2474469,0.25752115,0.54986966,0.5535446,0.81974137,0.3281822,0.8491497,0.30646878,0.057276305,0.8095057,0.28623667,-0.0132398615,-0.17532991
0.6106878,0.6103953,0.9846858,0.98391795,0.9383383,0.9434935,0.25200796,0.23834896,0.21185943,0.21317664,0.3624066,0.34402803,0.46786937,0.48939157,0.21672378,0.31146973,0.23312657,0.6949714,0.5484991,0.22785452,0.23553115,0.5508894,0.5522221,0.844171,0.3175406,0.87036604,0.3020942,0.054959502,0.55942106,0.29576504,-0.031510916,-0.13362846
0.60468954,0.6067657,0.9770025,0.97353935,0.94434905,0.9504835,0.25364137,0.24405359,0.2032867,0.20552535,0.44616306,0.2691602,0.47651666,0.49485004,0.17098345,0.3160518,0.21170136,0.70167,0.55837905,0.21219775,0.21441238,0.5537832,0.55494106,0.86346,0.31150717,0.88527113,0.30124936,0.05871981,0.32550684,0.30513793,-0.028963212,-0.05415635
0.607352,0.60960025,0.9777763,0.974426,0.94227606,0.94841504,0.25824264,0.253554,0.19547725,0.2004757,0.49658555,0.22803122,0.4733583,0.48826587,0.14370357,0.31940982,0.20483823,0.7069539,0.5589888,0.20783977,0.2070747,0.55505955,0.5547319,0.86209,0.3120134,0.88514316,0.3043598,0.06647537,0.24950998,0.31086832,-0.012234063,0.03343058
0.61404765,0.6151925,0.9827053,0.98116416,0.93721193,0.94363433,0.26590085,0.26361305,0.19020143,0.19625859,0.50614893,0.21711163,0.46935037,0.48181078,0.13745765,0.3199746,0.20841801,0.7080973,0.5522957,0.21127866,0.20929345,0.55322915,0.5507803,0.8520489,0.31554738,0.878618,0.30759367,0.071004316,0.2645672,0.31490612,0.010028831,0.0926107
0.6172382,0.61768067,0.9875525,0.98764974,0.9322312,0.938003,0.27219406,0.2690819,0.18774936,0.19207081,0.4753103,0.23651186,0.46840933,0.48046854,0.15076175,0.31438312,0.21702482,0.7037121,0.54467875,0.21829139,0.2159287,0.5514851,0.54810363,0.84666663,0.32037264,0.8772391,0.30720696,0.07118969,0.3579179,0.31803358,0.027752826,0.11306981
0.62134075,0.62357944,0.99142295,0.9924684,0.9281489,0.9306675,0.26801682,0.26213962,0.19093978,0.19284008,0.4066357,0.29740313,0.45852357,0.478805,0.18759966,0.30414638,0.2276745,0.694572,0.5421725,0.2251454,0.22507977,0.55118024,0.55009764,0.8381931,0.3286703,0.86996025,0.30766207,0.06753008,0.5722705,0.32011995,0.033249293,0.089790426
0.6286835,0.6332674,0.9936479,0.99522287,0.928657,0.9256136,0.23818573,0.23427601,0.20391966,0.2045838,0.3008266,0.43019545,0.39875996,0.46196124,0.23617305,0.30158988,0.23599477,0.6866667,0.5539371,0.23117624,0.23382705,0.55523616,0.55708903,0.80452406,0.34371054,0.83577096,0.3193251,0.06592669,0.8565633,0.3254271,0.03255038,0.016274126
0.6375589,0.63944054,0.99401784,0.99579054,0.9300594,0.9262012,0.20974962,0.20503755,0.221199,0.22090422,0.2349191,0.52819926,0.32680944,0.4107334,0.2759945,0.30761954,0.2582862,0.6913636,0.556001,0.25525424,0.25999254,0.55215627,0.55864716,0.76782924,0.35717872,0.80491304,0.3290098,0.067670055,0.9428628,0.30001166,0.0288088,-0.08507873
0.6261444,0.62633383,0.99318486,0.9948896,0.93165046,0.9281522,0.20833147,0.19915815,0.23268513,0.23164652,0.22949265,0.5284741,0.3581657,0.42820922,0.31346604,0.30506384,0.26667604,0.6892539,0.5528907,0.2602619,0.2689395,0.5500727,0.5566504,0.7848313,0.3449689,0.81836176,0.31943893,0.06327567,0.9274076,0.29156217,0.012613745,-0.1587401
0.61670464,0.61509943,0.99074847,0.99183524,0.93249005,0.9331908,0.23223637,0.21867858,0.22653647,0.22656316,0.28010356,0.4424887,0.43249914,0.46789163,0.2920195,0.30367047,0.25605187,0.68839204,0.54644,0.24718778,0.2572839,0.54988986,0.5535339,0.82002103,0.32804808,0.84942156,0.3063752,0.057242062,0.8081933,0.28628746,-0.013548782,-0.1751505
0.6106454,0.61038744,0.9846309,0.98384523,0.9383656,0.9435391,0.25213525,0.2385002,0.21175385,0.2130786,0.36292648,0.34352106,0.46819046,0.48965964,0.21621232,0.311526,0.23287112,0.69502914,0.54859287,0.22762777,0.23530035,0.5509367,0.5522588,0.844475,0.31744355,0.8706367,0.3020429,0.05496681,0.55756974,0.2959219,-0.03163398,-0.1331026
0.6046906,0.60678333,0.977004,0.97354263,0.9443286,0.95046365,0.25370565,0.24416576,0.20321967,0.20547251,0.4464659,0.26890534,0.47658625,0.49489957,0.17074096,0.31607643,0.21160641,0.7017156,0.5584231,0.21211973,0.21432516,0.5538304,0.55497265,0.8635543,0.31149793,0.88537693,0.30124652,0.05877512,0.3250464,0.3052071,-0.028944168,-0.053460147
0.6073762,0.6096208,0.9778029,0.9744611,0.9422474,0.9483888,0.25827453,0.25361496,0.19543068,0.20044613,0.49681488,0.22784016,0.47333384,0.48821285,0.14356332,0.31943768,0.20482978,0.70699257,0.5589577,0.20783356,0.2070637,0.555055,0.5547066,0.8620257,0.31202322,0.88510215,0.30438852,0.06653065,0.24940354,0.31091705,-0.0121838385,0.03393573
0.61402506,0.61516774,0.98270583,0.9811615,0.9372302,0.9436595,0.26583183,0.2635673,0.19018616,0.19624634,0.50645596,0.21686123,0.4692079,0.48165005,0.13745533,0.3200015,0.20846528,0.70812273,0.5522659,0.2113352,0.20932272,0.553198,0.55073595,0.8519657,0.31554213,0.87853324,0.3076259,0.0710232,0.26390794,0.31495285,0.010055412,0.092897564
0.61717093,0.6176106,0.98752916,0.98761743,0.93227464,0.9380648,0.27211943,0.2690492,0.18772298,0.19204567,0.47573614,0.2361547,0.46830118,0.48034385,0.150658,0.31442994,0.21702185,0.7037487,0.54469824,0.2183157,0.21590512,0.55147135,0.5480825,0.84668887,0.32032982,0.87724555,0.3072127,0.07119215,0.35624203,0.31812644,0.027799921,0.11328092
0.62123406,0.62345314,0.99139565,0.992434,0.9281833,0.93075603,0.26803043,0.2621784,0.19087748,0.19277583,0.407366,0.29661694,0.4586799,0.47876358,0.18727319,0.30421868,0.22765397,0.6946394,0.54213005,0.22516824,0.2250401,0.55114186,0.5500493,0.83836925,0.32857105,0.8701472,0.3076094,0.067552306,0.56912744,0.32016945,0.033400074,0.09022444
0.62862027,0.6331954,0.9936387,0.9952094,0.9286429,0.9256308,0.23838007,0.23444256,0.20380926,0.20446904,0.3015632,0.4290848,0.39947367,0.46225214,0.23602027,0.30151454,0.23596844,0.6866393,0.5538512,0.23113157,0.23374048,0.555198,0.55704045,0.8049356,0.3435797,0.8361422,0.31920585,0.0658722,0.85470533,0.32555473,0.03263249,0.017022366
0.63754594,0.63944286,0.99402034,0.9957924,0.9300639,0.9262031,0.20982394,0.20513321,0.22107646,0.22078608,0.23516156,0.5278401,0.32704282,0.41095415,0.27564463,0.30759704,0.25812215,0.6913448,0.55601895,0.25509253,0.25979865,0.55217344,0.55866575,0.7679571,0.35714766,0.8050245,0.32898435,0.06769017,0.94265133,0.30016324,0.029013162,-0.08433598
0.62624335,0.6264456,0.99319553,0.9949031,0.9316626,0.928149,0.20817079,0.19902731,0.23265478,0.23161633,0.22926378,0.5289345,0.35757264,0.42786005,0.3132502,0.30510935,0.2666807,0.6892931,0.55292434,0.26031277,0.26896223,0.5500663,0.5566753,0.78454417,0.34511432,0.8181426,0.31954697,0.06335071,0.92785066,0.29158652,0.012891457,-0.15834138
0.6167554,0.6151456,0.99077517,0.9918681,0.93247896,0.9331437,0.231949,0.21841465,0.22666763,0.22666924,0.27964082,0.44314888,0.4319865,0.46757656,0.29261324,0.30363226,0.25627533,0.68835354,0.54646635,0.24741116,0.25748807,0.5498723,0.5535428,0.8197794,0.32816362,0.8491867,0.30645615,0.057271406,0.8093161,0.2862417,-0.0132836485,-0.1753072
0.6106811,0.61039346,0.98467755,0.9839071,0.9383427,0.9435007,0.25202474,0.23836915,0.21184483,0.21316311,0.3624825,0.34395385,0.46791348,0.48942816,0.21664977,0.31147835,0.23309027,0.6949799,0.5485127,0.22782259,0.2354982,0.55089587,0.5522271,0.8442138,0.31752682,0.8704039,0.3020873,0.054960467,0.5591448,0.29578614,-0.03152842,-0.13355525
0.6046884,0.6067671,0.97700197,0.97353894,0.9443468,0.9504814,0.2536491,0.2440681,0.20327748,0.20551823,0.446208,0.26912242,0.4765254,0.49485588,0.17094824,0.31605566,0.21168749,0.7016767,0.55838597,0.21218666,0.21439958,0.55379,0.55494565,0.8634738,0.31150588,0.8852863,0.3012492,0.05872772,0.3254301,0.30514678,-0.028960248,-0.054056723
0.607355,0.60960287,0.97777987,0.9744306,0.9422721,0.9484115,0.25824687,0.2535624,0.19547063,0.20047165,0.49661836,0.22800384,0.47335404,0.4882576,0.14368255,0.31941414,0.20483668,0.70695966,0.5589849,0.20783867,0.20707275,0.55505913,0.55472857,0.86208093,0.31201503,0.8851375,0.30436411,0.06648344,0.24949116,0.3108741,-0.0122262705,0.0335039
0.6140444,0.61518896,0.98270535,0.9811639,0.93721455,0.9436379,0.26589116,0.26360658,0.19019929,0.19625701,0.5061918,0.21707653,0.4693293,0.4817871,0.13745664,0.31997862,0.2084248,0.70810103,0.55229133,0.2112868,0.20929769,0.5532247,0.5507739,0.85203636,0.315547,0.8786053,0.3075986,0.071007036,0.26447457,0.31491145,0.010033226,0.09265242
0.6172285,0.6176706,0.9875493,0.9876452,0.93223745,0.9380118,0.27218366,0.2690773,0.18774572,0.19206735,0.47536984,0.23646179,0.4683929,0.4804499,0.15074682,0.31438985,0.21702477,0.70371735,0.5446814,0.21829514,0.21592563,0.55148304,0.5481005,0.84666896,0.32036692,0.87723935,0.30720812,0.071189865,0.3576816,0.3180455,0.027759809,0.113099605
0.6213254,0.6235613,0.99141896,0.99246347,0.92815393,0.93068033,0.2680187,0.26214504,0.19093114,0.1928311,0.40673938,0.29729128,0.45854497,0.47879812,0.18755326,0.3041568,0.22767216,0.6945816,0.5421663,0.22514912,0.22507448,0.5511745,0.55009055,0.83821756,0.3286564,0.8699863,0.3076548,0.067532964,0.5718217,0.32012558,0.033270873,0.08985116
0.62867415,0.6332568,0.9936466,0.99522084,0.92865515,0.9256162,0.23821333,0.23429956,0.20390418,0.20456758,0.30093172,0.4300367,0.39886132,0.46200204,0.23615196,0.3015791,0.23599151,0.68666273,0.5539248,0.2311703,0.23381492,0.5552305,0.55708194,0.80458236,0.34369195,0.8358235,0.3193082,0.06591862,0.85629785,0.32544395,0.03256217,0.01637956
0.63755643,0.63944024,0.9940182,0.9957908,0.93006015,0.9262017,0.20976004,0.205051,0.22118182,0.2208876,0.23495364,0.5281482,0.326842,0.410764,0.2759449,0.30761638,0.2582631,0.6913609,0.5560035,0.25523153,0.2599651,0.55215853,0.5586497,0.76784706,0.3571744,0.80492866,0.3290063,0.067672804,0.9428325,0.30003217,0.028838191,-0.08497383
0.6261581,0.6263494,0.99318635,0.9948915,0.93165237,0.9281519,0.20830841,0.19913933,0.23268105,0.23164256,0.22945973,0.52854025,0.35808104,0.42815942,0.31343508,0.30507046,0.2666767,0.68925965,0.5528955,0.2602692,0.2689428,0.5500718,0.556654,0.78479034,0.34498954,0.81833047,0.3194543,0.06328638,0.927471,0.29156485,0.012653674,-0.15868397
0.6167117,0.6151059,0.9907522,0.9918399,0.9324885,0.9331841,0.23219562,0.21864104,0.22655523,0.22657843,0.28003716,0.44258335,0.43242654,0.46784714,0.29210344,0.3036651,0.2560834,0.6883866,0.54644376,0.24721931,0.25731274,0.5498873,0.5535352,0.8199868,0.3280645,0.8493883,0.30638662,0.057246167,0.80835384,0.28628018,-0.01351082,-0.17517325
0.61065036,0.6103881,0.98463744,0.983854,0.9383623,0.9435337,0.25211975,0.23848167,0.21176684,0.21309073,0.36286268,0.34358326,0.46815112,0.48962682,0.21627404,0.3115193,0.23290224,0.6950222,0.5485814,0.2276554,0.2353285,0.55093086,0.5522543,0.8444377,0.31745544,0.8706035,0.30204925,0.05496582,0.5577952,0.29590172,-0.03161875,-0.13316745
0.6046901,0.60678095,0.97700363,0.973542,0.94433135,0.9504663,0.2536977,0.24415185,0.20322804,0.20547915,0.44642887,0.26893654,0.47657737,0.4948932,0.17077021,0.31607354,0.21161802,0.70171016,0.55841774,0.21212931,0.21433586,0.55382454,0.5549687,0.86354274,0.3114992,0.8853638,0.301247,0.058768194,0.3251012,0.3051978,-0.028946446,-0.053545658
0.607373,0.60961807,0.9777995,0.97445655,0.94225097,0.94839215,0.25827053,0.2536074,0.19543646,0.20044987,0.49678698,0.2278634,0.47333664,0.4882191,0.1435799,0.31943443,0.20483072,0.70698804,0.5589616,0.20783435,0.20706497,0.5550555,0.5547097,0.8620335,0.31202203,0.8851071,0.3043851,0.06652384,0.24941537,0.31091022,-0.012189992,0.033873774
0.6140276,0.6151706,0.9827057,0.9811617,0.93722814,0.9436565,0.26584023,0.2635728,0.1901881,0.196248,0.50641876,0.21689157,0.469225,0.4816694,0.13745521,0.3199984,0.20845954,0.70811975,0.5522695,0.21132836,0.2093192,0.55320174,0.55074126,0.8519757,0.31554276,0.87854326,0.30762205,0.07102085,0.26398697,0.31494638,0.010052118,0.092862315
0.617179,0.6176189,0.98753196,0.98762125,0.93226945,0.93805736,0.27212852,0.2690532,0.18772629,0.19204888,0.47568467,0.2361979,0.46831426,0.48035887,0.1506701,0.31442446,0.21702218,0.7037444,0.5446959,0.21831273,0.21590796,0.5514729,0.548085,0.8466861,0.32033503,0.8772447,0.30721205,0.07119182,0.35644388,0.31811443,0.027794264,0.113255076
0.6212469,0.6234683,0.99139893,0.99243814,0.9281792,0.93074536,0.26802903,0.26217392,0.1908851,0.19278368,0.40727797,0.29671153,0.45866126,0.47876853,0.18731217,0.30421007,0.22765648,0.6946314,0.54213506,0.22516552,0.22504495,0.5511464,0.550055,0.8383481,0.32858306,0.87012476,0.30761576,0.06754957,0.5695062,0.3201626,0.033381943,0.09017179
0.6286278,0.633204,0.99363977,0.99521095,0.92864466,0.9256288,0.2383568,0.2344226,0.20382264,0.20448302,0.30147418,0.42921892,0.39938772,0.46221736,0.23603845,0.30152363,0.23597148,0.68664265,0.55386156,0.2311368,0.23375076,0.5552026,0.55704623,0.804886,0.34359545,0.83609736,0.31922024,0.065878674,0.8549306,0.32553893,0.032622576,0.016931934
0.63754743,0.6394425,0.99402,0.99579215,0.93006337,0.92620283,0.20981495,0.20512167,0.22109132,0.2208004,0.23513205,0.5278838,0.3270146,0.41092756,0.27568662,0.30759984,0.25814185,0.6913472,0.5560168,0.25511196,0.25982192,0.55217135,0.5586635,0.7679416,0.35715148,0.80501103,0.32898748,0.06768771,0.94267696,0.30014443,0.028988566,-0.084425956
0.62623125,0.626432,0.9931942,0.9949014,0.9316611,0.92814934,0.2081902,0.19904311,0.23265855,0.23162015,0.22929071,0.5288802,0.3576442,0.42790243,0.3132757,0.30510396,0.26667976,0.6892884,0.55292034,0.26030627,0.26895922,0.5500671,0.5566724,0.78457886,0.3450967,0.8181691,0.31953388,0.0633417,0.92779803,0.2915833,0.012858084,-0.1583898
0.6167493,0.61514014,0.9907719,0.9918642,0.93248034,0.93314916,0.23198374,0.21844655,0.22665192,0.22665663,0.2796954,0.44307095,0.43204874,0.46761516,0.29254165,0.30363682,0.256248,0.6883581,0.54646325,0.24738385,0.25746313,0.5498744,0.55354184,0.8198087,0.32814968,0.84921527,0.30644628,0.05726783,0.8091833,0.28624707,-0.013315591,-0.17528884
0.6106768,0.6103928,0.984672,0.9838997,0.9383453,0.94350517,0.2520383,0.23838508,0.21183392,0.21315311,0.3625341,0.3439036,0.46794727,0.48945644,0.21659723,0.311484,0.23306392,0.69498575,0.5485223,0.227799,0.23547448,0.5509009,0.55223095,0.84424525,0.3175168,0.87043196,0.3020819,0.054961186,0.55896044,0.29580212,-0.03154127,-0.1335015
0.6046888,0.60676926,0.97700226,0.9735395,0.9443446,0.9504792,0.25365627,0.24408011,0.20327058,0.20551284,0.4462375,0.26909763,0.47653303,0.49486148,0.17092326,0.31605816,0.21167785,0.70168144,0.5583904,0.21217859,0.21439077,0.5537948,0.55494887,0.86348337,0.31150502,0.8852971,0.30124882,0.058733296,0.32538792,0.3051536,-0.028958596,-0.053986143
0.6073574,0.6096049,0.9777826,0.9744342,0.9422693,0.94840884,0.2582502,0.25356865,0.19546592,0.20046866,0.49664164,0.22798446,0.4733517,0.48825228,0.14366812,0.31941697,0.20483589,0.70696366,0.5589816,0.20783809,0.20707177,0.5550586,0.5547259,0.8620743,0.31201598,0.88513315,0.30436704,0.06648895,0.24948126,0.3108789,-0.012221756,0.033554483
0.6140418,0.61518615,0.9827053,0.9811633,0.93721664,0.9436407,0.26588377,0.2636016,0.19019778,0.19625586,0.50622463,0.21704993,0.4693145,0.48177037,0.1374562,0.3199816,0.2084296,0.70810384,0.5522884,0.21129254,0.20930064,0.5532214,0.55076927,0.8520279,0.31554627,0.87859654,0.30760193,0.07100889,0.26440325,0.31491625,0.010035178,0.09268117
0.6172213,0.6176631,0.9875466,0.9876416,0.9322422,0.93801856,0.27217573,0.2690739,0.18774293,0.19206478,0.47541633,0.23642302,0.46838188,0.48043707,0.15073499,0.3143951,0.21702409,0.7037215,0.54468364,0.2182974,0.21592285,0.55148154,0.5480983,0.8466717,0.32036215,0.87724024,0.30720863,0.07119014,0.35749978,0.31805524,0.02776426,0.11312174
0.62131387,0.6235477,0.99141604,0.99245983,0.9281576,0.9306898,0.26802072,0.2621497,0.1909243,0.19282414,0.40681916,0.29720542,0.45856258,0.47879407,0.18751715,0.30416474,0.22766964,0.6945891,0.54216164,0.22515135,0.22507004,0.55117035,0.5500853,0.8382369,0.32864553,0.8700068,0.307649,0.067535505,0.5714815,0.3201305,0.033286802,0.089898385
0.62866735,0.63324904,0.99364567,0.9952194,0.9286536,0.92561793,0.23823486,0.2343181,0.20389208,0.20455505,0.3010117,0.42991614,0.39893937,0.4620344,0.23613471,0.30157092,0.23598818,0.68665975,0.5539155,0.23116498,0.23380518,0.55522656,0.5570767,0.8046273,0.3436776,0.83586395,0.3192952,0.06591272,0.85609776,0.32545814,0.032570474,0.016461339
0.6375552,0.63944066,0.99401844,0.99579096,0.93006057,0.9262018,0.20976835,0.20506166,0.2211684,0.22087471,0.23497985,0.5281094,0.32686773,0.41078857,0.2759065,0.30761403,0.25824502,0.6913589,0.5560055,0.25521368,0.25994387,0.5521605,0.55865175,0.7678611,0.35717103,0.8049408,0.3290035,0.06767502,0.9428098,0.30004883,0.028859869,-0.084893055
0.62616897,0.6263617,0.99318755,0.9948931,0.9316536,0.92815137,0.20829102,0.19912522,0.23267773,0.23163925,0.22943412,0.5285916,0.3580164,0.4281217,0.31341133,0.30507553,0.2666769,0.68926394,0.55289924,0.2602744,0.26894507,0.5500711,0.5566568,0.78475904,0.34500542,0.81830657,0.31946608,0.06329458,0.92752033,0.2915676,0.012683531,-0.15864056
0.61671734,0.61511105,0.99075514,0.9918435,0.9324872,0.9331788,0.23216428,0.21861228,0.22656962,0.22659014,0.27998528,0.4426573,0.4323709,0.46781334,0.29216883,0.30366087,0.2561076,0.6883823,0.54644674,0.24724343,0.2573349,0.5498855,0.5535363,0.81996065,0.32807702,0.84936285,0.30639538,0.057249382,0.8084795,0.28627557,-0.013482246,-0.17519078
0.61065435,0.610389,0.9846428,0.9838611,0.93835956,0.94352925,0.25210783,0.23846748,0.21177685,0.21310006,0.36281204,0.34363273,0.46812138,0.4896021,0.21632254,0.311514,0.23292625,0.6950167,0.5485726,0.2276766,0.23535031,0.5509265,0.5522509,0.84440935,0.31746453,0.8705783,0.302054,0.05496515,0.5579736,0.2958871,-0.031607736,-0.13321754
0.6046902,0.60677946,0.97700363,0.973542,0.9443331,0.950468,0.25369188,0.24414155,0.20323437,0.20548415,0.4463986,0.268962,0.4765712,0.494889,0.1707933,0.3160712,0.21162704,0.7017059,0.5584136,0.21213661,0.2143442,0.55382025,0.5549659,0.863534,0.3115001,0.8853541,0.30124718,0.058762934,0.32514858,0.30519125,-0.028948769,-0.05361209
0.6073706,0.60961604,0.977797,0.9744532,0.9422537,0.9483946,0.25826755,0.2536016,0.19544092,0.20045269,0.49676487,0.22788177,0.47333896,0.48822412,0.1435932,0.3194318,0.2048316,0.7069844,0.55896455,0.2078349,0.20706612,0.555056,0.55471206,0.8620395,0.31202108,0.885111,0.30438238,0.0665186,0.24942647,0.3109056,-0.012195564,0.03382529
0.6140296,0.6151728,0.9827055,0.9811617,0.93722665,0.94365436,0.26584628,0.26357672,0.19018964,0.19624926,0.50639135,0.21691415,0.46923795,0.481684,0.13745521,0.31999606,0.20845509,0.70811754,0.5522725,0.21132305,0.20931642,0.55320466,0.5507454,0.8519835,0.31554312,0.8785511,0.30761912,0.071019016,0.26404488,0.31494206,0.010048722,0.09283491
0.6171849,0.6176251,0.9875338,0.98762393,0.9322657,0.938052,0.27213514,0.2690561,0.18772867,0.19205125,0.4756483,0.2362286,0.4683241,0.48037016,0.15067846,0.31442055,0.21702203,0.70374143,0.5446944,0.21831022,0.21590976,0.5514742,0.54808694,0.84668434,0.3203386,0.8772443,0.3072116,0.07119166,0.3565887,0.31810609,0.027789366,0.11323598
0.6212561,0.6234792,0.99140126,0.99244106,0.9281762,0.93073785,0.2680284,0.2621711,0.19089036,0.19278918,0.40721667,0.2967776,0.4586484,0.47877237,0.18733926,0.30420405,0.22765802,0.6946259,0.54213864,0.22516331,0.22504821,0.55114967,0.5500591,0.838333,0.3285914,0.8701088,0.30762026,0.067547835,0.56977475,0.3201578,0.033368398,0.090134874
0.62863314,0.6332102,0.9936406,0.9952121,0.9286458,0.9256272,0.2383409,0.23440912,0.20383185,0.20449263,0.3014121,0.42931268,0.39932775,0.46219325,0.23605083,0.30153006,0.23597334,0.686645,0.5538689,0.23114018,0.2337578,0.555206,0.55705035,0.80485123,0.3436064,0.836066,0.31923035,0.06588334,0.8550895,0.32552817,0.032614835,0.016868832
0.6375485,0.63944227,0.99401975,0.99579203,0.93006283,0.92620265,0.20980902,0.205114,0.2211016,0.22081034,0.23511171,0.52791405,0.32699522,0.41090932,0.27571598,0.30760178,0.2581555,0.6913487,0.55601525,0.25512543,0.2598382,0.55217004,0.55866194,0.7679309,0.357154,0.8050017,0.3289896,0.067686014,0.9426952,0.30013177,0.028970553,-0.0844887
0.626223,0.62642276,0.9931933,0.9949004,0.93166,0.9281495,0.2082039,0.19905436,0.23266113,0.23162276,0.22930954,0.5288423,0.35769394,0.42793205,0.3132938,0.30510023,0.26667932,0.68928516,0.5529176,0.26030192,0.2689573,0.5500677,0.55667025,0.7846028,0.3450845,0.81818736,0.3195249,0.063335374,0.9277618,0.29158127,0.012834276,-0.15842351
0.6167451,0.61513644,0.9907698,0.99186146,0.93248105,0.9331529,0.23200797,0.21846882,0.22664112,0.22664793,0.27973315,0.44301707,0.4320923,0.46764225,0.29249242,0.30363998,0.2562291,0.68836135,0.5464612,0.24736485,0.25744596,0.54987603,0.5535412,0.8198292,0.32813984,0.8492351,0.30643937,0.057265393,0.80909157,0.28625095,-0.013338207,-0.17527603
0.61067396,0.61039245,0.9846683,0.98389477,0.938347,0.943508,0.25204775,0.23839624,0.21182637,0.21314609,0.3625695,0.3438692,0.46797118,0.48947656,0.2165612,0.31148794,0.23304555,0.69498986,0.548529,0.22778255,0.23545802,0.5509044,0.5522337,0.8442674,0.3175098,0.8704519,0.30207807,0.05496178,0.5588337,0.29581353,-0.031550467,-0.13346404
0.6046892,0.6067708,0.97700274,0.97354,0.94434285,0.9504775,0.25366127,0.24408863,0.2032658,0.205509,0.44625744,0.26908088,0.4765386,0.49486575,0.17090638,0.3160599,0.21167117,0.70168465,0.5583934,0.21217293,0.21438472,0.5537983,0.5549512,0.8634903,0.31150433,0.88530505,0.3012485,0.05873721,0.32536024,0.3051587,-0.028957821,-0.053937253
0.6073591,0.60960627,0.9777845,0.9744367,0.9422672,0.94840693,0.25825256,0.25357306,0.19546267,0.20046659,0.49665758,0.22797118,0.4733502,0.48824877,0.14365837,0.31941894,0.20483537,0.70696634,0.55897933,0.20783767,0.2070711,0.55505824,0.55472404,0.8620698,0.3120166,0.8851303,0.30436903,0.06649285,0.24947545,0.3108824,-0.012219015,0.033589568
0.6140399,0.61518425,0.9827052,0.98116285,0.9372182,0.9436428,0.26587826,0.26359785,0.1901968,0.19625507,0.5062485,0.2170307,0.46930388,0.48175848,0.13745601,0.31998366,0.20843299,0.7081058,0.55228645,0.21129668,0.20930272,0.55321914,0.55076605,0.852022,0.31554562,0.8785904,0.30760425,0.07101021,0.26435122,0.31491983,0.010036131,0.092701085
0.61721605,0.6176576,0.98754466,0.98763883,0.93224573,0.9380235,0.27216986,0.2690714,0.18774097,0.19206302,0.4754512,0.23639396,0.46837386,0.48042765,0.15072605,0.31439903,0.21702337,0.7037246,0.5446854,0.21829888,0.21592063,0.5514806,0.5480967,0.8466737,0.3203585,0.87724096,0.3072091,0.07119046,0.3573646,0.31806228,0.027767269,0.11313773
0.62130535,0.6235375,0.99141383,0.9924569,0.9281604,0.930697,0.2680225,0.26215354,0.19091913,0.19281891,0.40688035,0.29713976,0.458576,0.478791,0.18748955,0.30417085,0.22766766,0.6945949,0.54215807,0.22515294,0.22506668,0.5511673,0.55008125,0.83825123,0.32863727,0.8700221,0.3076447,0.06753744,0.57122463,0.3201339,0.03329847,0.089934126
0.6286623,0.63324326,0.99364483,0.9952182,0.9286523,0.9256193,0.23825167,0.23433264,0.20388277,0.20454551,0.30107316,0.4298237,0.39899886,0.46205905,0.23612139,0.30156475,0.23598559,0.6866576,0.55390847,0.23116088,0.23379774,0.5552236,0.5570727,0.80466133,0.34366673,0.8358947,0.31928533,0.06590829,0.8559456,0.32546866,0.03257652,0.01652349
0.63755405,0.6394409,0.9940187,0.9957911,0.9300608,0.9262018,0.20977505,0.20507012,0.22115815,0.2208648,0.23500024,0.5280792,0.3268878,0.41080758,0.27587715,0.30761215,0.25823104,0.6913573,0.55600697,0.25519988,0.25992748,0.5521621,0.5586533,0.767872,0.35716826,0.80495024,0.3290013,0.06767667,0.94279253,0.3000616,0.028876217,-0.084831245
0.6261774,0.62637126,0.9931885,0.99489415,0.9316545,0.92815095,0.20827802,0.19911477,0.23267512,0.23163672,0.22941478,0.52863055,0.35796708,0.42809305,0.31339306,0.30507937,0.26667702,0.6892672,0.5529021,0.26027834,0.2689468,0.5500707,0.5566588,0.7847351,0.3450175,0.81828827,0.3194751,0.0633008,0.92755806,0.29156986,0.0127061475,-0.15860741
0.6167217,0.6151152,0.9907575,0.9918464,0.9324861,0.9331746,0.2321404,0.21859041,0.22658074,0.22659914,0.2799454,0.4427142,0.43232876,0.46778792,0.29221898,0.30365762,0.25612596,0.68837905,0.5464491,0.24726166,0.2573518,0.5498842,0.5535372,0.81994075,0.32808658,0.8493435,0.30640203,0.057251856,0.8085764,0.28627184,-0.013460464,-0.17520404
0.6106576,0.6103897,0.9846468,0.9838665,0.93835735,0.9435256,0.25209886,0.23845677,0.21178454,0.21310727,0.3627725,0.3436714,0.4680991,0.4895835,0.21635994,0.3115099,0.23294468,0.6950125,0.54856586,0.22769283,0.23536703,0.5509232,0.5522484,0.8443878,0.3174715,0.87055933,0.30205753,0.054964688,0.55811286,0.29587588,-0.03159925,-0.13325597
0.60469025,0.6067783,0.97700375,0.973542,0.9443343,0.9504692,0.2536876,0.24413377,0.20323926,0.205488,0.44637492,0.2689819,0.47656676,0.49488595,0.1708111,0.31606942,0.21163397,0.70170254,0.55841047,0.21214218,0.21435066,0.553817,0.5549637,0.8635273,0.31150076,0.8853467,0.3012473,0.058758922,0.32518676,0.30518615,-0.028950853,-0.053663395
0.60736865,0.60961443,0.9777951,0.97445065,0.94225585,0.9483965,0.2582652,0.2535971,0.19544436,0.20045486,0.4967478,0.22789596,0.4733409,0.48822814,0.14360347,0.3194298,0.2048323,0.7069816,0.5589668,0.20783535,0.20706701,0.5550563,0.55471385,0.86204416,0.31202036,0.885114,0.30438027,0.0665145,0.24943551,0.31090203,-0.012200018,0.033787556
0.61403084,0.6151743,0.9827053,0.9811616,0.93722564,0.94365287,0.2658507,0.26357958,0.19019082,0.19625026,0.5063709,0.21693097,0.46924776,0.48169515,0.13745522,0.3199943,0.20845163,0.7081159,0.5522748,0.21131898,0.20931429,0.5532068,0.5507486,0.85198945,0.3155433,0.8785571,0.30761686,0.07101761,0.26408792,0.3149387,0.010045757,0.09281354
0.61718935,0.61762977,0.98753524,0.9876259,0.9322629,0.9380481,0.27214006,0.26905832,0.18773048,0.19205303,0.47562158,0.23625125,0.46833163,0.48037875,0.15068443,0.3144178,0.21702178,0.7037392,0.5446934,0.21830826,0.21591103,0.5514752,0.5480884,0.84668314,0.3203412,0.877244,0.30721122,0.0711916,0.35669586,0.3180997,0.027785374,0.11322161
0.621263,0.62348735,0.9914029,0.99244314,0.9281741,0.9307322,0.2680282,0.2621692,0.19089422,0.19279326,0.40717152,0.29682636,0.4586391,0.47877538,0.18735906,0.30419964,0.22765903,0.6946218,0.5421412,0.2251616,0.22505063,0.5511521,0.55006206,0.83832186,0.32859758,0.8700969,0.3076236,0.06754654,0.5699742,0.320154,0.033358067,0.090107605
0.6286372,0.63321483,0.9936412,0.9952129,0.9286466,0.92562604,0.23832934,0.23439932,0.20383862,0.20449972,0.30136627,0.42938188,0.39928344,0.46217555,0.23605983,0.30153483,0.2359746,0.68664676,0.5538744,0.23114261,0.23376293,0.5552086,0.55705345,0.8048255,0.34361452,0.83604276,0.3192378,0.06588677,0.85520715,0.32552028,0.03260882,0.016822249
0.6375493,0.6394422,0.9940196,0.9957919,0.9300625,0.92620236,0.2098048,0.20510846,0.22110914,0.22081763,0.23509668,0.5279364,0.3269812,0.41089618,0.2757374,0.30760324,0.25816536,0.69134986,0.5560142,0.25513515,0.25985003,0.552169,0.55866075,0.7679231,0.35715586,0.8049948,0.32899114,0.06768476,0.9427086,0.30012247,0.028957004,-0.084534995
0.62621695,0.62641597,0.99319273,0.9948996,0.93165916,0.92814964,0.20821418,0.19906281,0.23266296,0.23162462,0.2293234,0.5288143,0.35773095,0.42795417,0.31330696,0.30509746,0.26667878,0.6892827,0.5529155,0.2602985,0.26895577,0.5500682,0.55666876,0.78462076,0.3450754,0.818201,0.31951812,0.063330665,0.9277349,0.29158,0.012816368,-0.15844834
0.6167421,0.6151337,0.99076813,0.9918595,0.9324816,0.9331557,0.23202583,0.21848524,0.22663304,0.22664145,0.27976066,0.44297782,0.4321245,0.46766248,0.29245597,0.30364233,0.25621498,0.68836373,0.5464596,0.24735063,0.2574331,0.5498772,0.5535407,0.8198445,0.3281326,0.8492499,0.30643427,0.057263594,0.8090247,0.2862542,-0.013355101,-0.17526644
0.6106718,0.6103922,0.9846656,0.9838912,0.9383481,0.9435101,0.25205478,0.23840451,0.21182083,0.21314093,0.36259475,0.34384465,0.46798903,0.48949152,0.2165349,0.31149083,0.23303206,0.6949928,0.54853386,0.22777042,0.23544599,0.5509071,0.5522358,0.8442839,0.3175046,0.8704668,0.30207512,0.05496223,0.5587425,0.29582208,-0.031557553,-0.13343653
0.60468954,0.60677195,0.9770031,0.9735406,0.9443415,0.95047617,0.25366512,0.244095,0.20326225,0.20550619,0.4462714,0.26906902,0.47654286,0.4948689,0.17089395,0.3160611,0.2116663,0.70168704,0.5583956,0.21216877,0.21438032,0.55380094,0.554953,0.8634953,0.31150383,0.88531077,0.30124825,0.05874008,0.32534173,0.30516234,-0.028957464,-0.05390152
0.60736024,0.6096073,0.9777859,0.97443855,0.9422657,0.9484056,0.2582541,0.25357607,0.19546032,0.20046505,0.4966695,0.22796121,0.47334892,0.488246,0.14365122,0.3194204,0.20483509,0.7069684,0.5589776,0.2078374,0.20707066,0.55505794,0.55472267,0.86206627,0.31201702,0.885128,0.3043705,0.06649566,0.24947076,0.3108852,-0.012217301,0.03361513
0.6140384,0.61518264,0.98270494,0.9811624,0.93721944,0.9436444,0.2658741,0.263595,0.19019605,0.19625452,0.50626653,0.21701619,0.46929595,0.48174956,0.13745576,0.31998527,0.20843545,0.7081073,0.55228513,0.21129966,0.20930426,0.5532175,0.5507637,0.85201764,0.3155451,0.8785858,0.30760598,0.071011186,0.2643115,0.3149225,0.010036474,0.09271588
0.6172121,0.6176535,0.9875431,0.98763674,0.9322483,0.93802726,0.27216545,0.2690695,0.18773943,0.19206168,0.4754775,0.23637208,0.46836802,0.48042077,0.1507192,0.31440207,0.2170227,0.70372695,0.54468685,0.21829988,0.2159189,0.5514799,0.5480956,0.84667534,0.32035577,0.8772415,0.3072094,0.07119076,0.35726324,0.3180678,0.027769204,0.113149896
0.6212991,0.62353,0.99141216,0.99245477,0.92816246,0.9307023,0.26802382,0.2621563,0.19091527,0.19281502,0.4069253,0.29709145,0.45858613,0.47878903,0.18746905,0.30417532,0.22766598,0.69459915,0.5421555,0.22515394,0.22506405,0.5511651,0.55007833,0.838262,0.32863113,0.8700335,0.30764145,0.067539036,0.57103544,0.3201368,0.033306956,0.08996092
0.62865853,0.6332391,0.99364424,0.99521756,0.92865133,0.9256202,0.23826396,0.23434328,0.20387587,0.20453842,0.30111802,0.42975628,0.39904267,0.4620774,0.23611131,0.30156028,0.23598342,0.68665594,0.55390334,0.23115762,0.23379207,0.5552215,0.55706984,0.8046865,0.34365866,0.83591735,0.31927806,0.06590515,0.8558345,0.32547688,0.032580923,0.016569648
0.63755345,0.6394413,0.9940188,0.9957912,0.9300609,0.9262018,0.20977983,0.20507625,0.22115049,0.2208575,0.23501499,0.5280575,0.32690242,0.4108216,0.27585545,0.30761087,0.2582207,0.69135624,0.5560081,0.25518972,0.2599154,0.55216324,0.55865437,0.76787996,0.35716632,0.80495715,0.32899976,0.067677975,0.9427801,0.30007115,0.02888807,-0.08478567
0.6261835,0.62637824,0.9931891,0.9948949,0.93165517,0.92815065,0.20826836,0.19910695,0.23267323,0.23163486,0.22940052,0.5286592,0.35793075,0.4280718,0.31337982,0.30508217,0.26667726,0.6892696,0.5529042,0.26028138,0.26894817,0.5500704,0.55666035,0.7847175,0.34502643,0.8182748,0.31948176,0.06330537,0.9275858,0.29157162,0.012722625,-0.15858288
0.61672497,0.6151181,0.99075913,0.99184835,0.9324853,0.9331715,0.23212281,0.21857426,0.22658882,0.22660571,0.2799163,0.4427557,0.43229756,0.46776894,0.2922559,0.30365524,0.25613955,0.6883767,0.5464508,0.24727522,0.25736418,0.5498832,0.5535378,0.8199261,0.32809362,0.84932923,0.30640697,0.05725367,0.80864686,0.28626952,-0.013444582,-0.1752138
0.6106598,0.6103902,0.98464984,0.9838704,0.9383558,0.943523,0.25209206,0.23844878,0.21179019,0.21311252,0.3627438,0.3436994,0.46808267,0.48956978,0.21638751,0.3115069,0.23295821,0.6950094,0.5485609,0.22770472,0.23537931,0.55092084,0.5522465,0.84437203,0.31747654,0.87054545,0.30206016,0.054964382,0.5582135,0.29586765,-0.031593252,-0.13328409
0.60469025,0.6067775,0.97700375,0.973542,0.9443353,0.95047015,0.25368425,0.24412796,0.20324282,0.20549083,0.44635764,0.2689964,0.47656345,0.49488375,0.1708242,0.31606814,0.211639,0.7017001,0.55840814,0.21214622,0.2143553,0.55381465,0.5549621,0.86352247,0.3115012,0.8853414,0.3012473,0.058756012,0.32521382,0.30518264,-0.028952254,-0.053700875
0.6073674,0.6096133,0.97779363,0.9744488,0.94225734,0.94839793,0.2582634,0.25359377,0.19544688,0.20045647,0.49673545,0.22790627,0.47334218,0.48823103,0.14361104,0.31942835,0.2048328,0.7069795,0.5589684,0.2078357,0.20706761,0.5550566,0.5547152,0.8620476,0.31201982,0.88511616,0.30437875,0.066511564,0.24944177,0.31089956,-0.012203296,0.033760246
0.6140318,0.6151754,0.98270506,0.9811615,0.9372248,0.94365185,0.2658539,0.2635816,0.19019169,0.19625098,0.50635606,0.2169433,0.46925494,0.48170325,0.13745522,0.31999305,0.20844908,0.7081146,0.55227655,0.211316,0.2093127,0.5532085,0.550751,0.8519939,0.31554338,0.87856144,0.30761522,0.07101662,0.26411897,0.31493628,0.010043596,0.09279819
0.6171925,0.61763316,0.98753625,0.98762727,0.93226093,0.9380453,0.2721436,0.2690599,0.18773179,0.19205439,0.47560233,0.2362675,0.46833712,0.48038492,0.15068866,0.3144158,0.21702154,0.7037377,0.5446927,0.21830672,0.21591178,0.551476,0.54808944,0.8466823,0.32034305,0.8772437,0.30721098,0.071191564,0.3567733,0.3180951,0.027782546,0.11321119
0.62126803,0.6234931,0.9914042,0.9924448,0.9281724,0.93072826,0.26802805,0.26216787,0.19089699,0.1927962,0.40713942,0.29686105,0.45863226,0.4787773,0.18737333,0.3041965,0.22765978,0.69461894,0.54214305,0.22516043,0.22505234,0.5511539,0.5500642,0.8383137,0.32860202,0.87008834,0.30762604,0.06754564,0.5701167,0.32015127,0.033350628,0.09008811
0.6286401,0.63321817,0.99364156,0.9952135,0.92864716,0.9256251,0.23832113,0.23439237,0.20384349,0.20450479,0.30133393,0.42943078,0.39925194,0.462163,0.23606634,0.30153826,0.2359755,0.68664795,0.5538782,0.23114434,0.2337666,0.55521035,0.5570556,0.8048071,0.34362027,0.8360262,0.3192431,0.06588926,0.8552908,0.32551455,0.032604504,0.016789058
0.63754976,0.6394421,0.9940195,0.9957918,0.93006223,0.92620224,0.20980185,0.20510457,0.22111449,0.22082286,0.23508617,0.5279521,0.32697123,0.41088682,0.27575284,0.30760425,0.25817242,0.6913507,0.55601335,0.25514212,0.25985846,0.55216837,0.5586599,0.76791763,0.35715714,0.80499005,0.3289922,0.06768389,0.94271815,0.30011585,0.028947445,-0.084567755
0.62621266,0.62641114,0.99319226,0.994899,0.93165857,0.92814964,0.20822154,0.19906887,0.23266423,0.2316259,0.22933349,0.5287941,0.3577573,0.4279698,0.31331635,0.3050955,0.2666784,0.68928105,0.5529141,0.26029605,0.26895463,0.5500686,0.5566677,0.78463346,0.34506905,0.81821066,0.31951335,0.06332733,0.92771584,0.2915791,0.012803645,-0.1584658
0.6167399,0.6151318,0.990767,0.99185807,0.932482,0.93315756,0.23203862,0.218497,0.2266273,0.22663681,0.27978048,0.4429495,0.43214756,0.46767694,0.29243013,0.30364397,0.25620496,0.68836534,0.54645854,0.24734055,0.257424,0.54987806,0.5535404,0.8198554,0.32812744,0.8492605,0.30643064,0.057262305,0.80897653,0.28625646,-0.01336708,-0.1752595
0.6106703,0.61039203,0.9846636,0.9838886,0.93834895,0.9435116,0.25205973,0.23841044,0.21181685,0.21313724,0.36261305,0.34382686,0.46800166,0.48950213,0.2165161,0.31149286,0.23302253,0.6949949,0.5485374,0.22776182,0.2354374,0.550909,0.5522372,0.8442955,0.31750092,0.8704773,0.30207312,0.054962523,0.55867714,0.2958282,-0.03156251,-0.13341665
0.6046897,0.6067729,0.9770033,0.97354096,0.9443405,0.9504752,0.25366783,0.24409956,0.2032597,0.20550418,0.44628155,0.2690604,0.47654584,0.49487114,0.17088513,0.31606203,0.21166287,0.70168865,0.55839723,0.21216586,0.21437722,0.5538028,0.55495423,0.8634989,0.31150353,0.88531494,0.301248,0.05874214,0.3253281,0.3051651,-0.028957183,-0.053875808
0.6073611,0.609608,0.9777869,0.97443986,0.9422646,0.94840467,0.2582553,0.2535784,0.19545858,0.20046394,0.49667782,0.22795433,0.47334817,0.48824412,0.14364614,0.31942144,0.20483485,0.70696986,0.5589764,0.20783718,0.20707035,0.55505776,0.55472165,0.8620638,0.31201738,0.88512653,0.30437157,0.06649768,0.24946797,0.31088725,-0.012216094,0.033633385
0.6140374,0.6151815,0.9827048,0.9811622,0.9372203,0.94364554,0.2658711,0.26359293,0.1901955,0.19625409,0.50627923,0.217006,0.46929035,0.48174322,0.13745567,0.31998637,0.20843723,0.7081083,0.5522841,0.21130182,0.20930533,0.5532163,0.55076206,0.85201454,0.31554478,0.8785825,0.30760723,0.07101188,0.26428384,0.31492457,0.010036742,0.09272628
0.6172093,0.61765057,0.9875421,0.9876353,0.9322502,0.9380299,0.27216235,0.26906815,0.18773836,0.1920607,0.47549582,0.23635685,0.46836388,0.48041594,0.15071452,0.31440416,0.2170223,0.70372856,0.5446878,0.21830066,0.21591772,0.5514794,0.54809475,0.84667647,0.3203539,0.87724197,0.3072096,0.0711909,0.3571924,0.31807163,0.027770575,0.1131585
0.6212947,0.62352467,0.991411,0.9924534,0.9281639,0.93070614,0.26802468,0.26215827,0.19091251,0.19281223,0.4069572,0.2970572,0.458593,0.4787874,0.18745469,0.30417848,0.22766496,0.69460213,0.54215366,0.22515479,0.22506227,0.55116343,0.55007625,0.8382695,0.32862684,0.87004143,0.30763924,0.06754007,0.5709016,0.32013884,0.03331294,0.08997981
0.62865585,0.6332361,0.9936439,0.99521697,0.92865074,0.9256208,0.2382726,0.23435079,0.20387101,0.20453343,0.30115005,0.42970803,0.3990735,0.46209013,0.23610446,0.30155706,0.23598208,0.6866548,0.55389965,0.2311555,0.23378824,0.55521995,0.55706775,0.8047042,0.34365305,0.83593327,0.319273,0.06590286,0.85575503,0.32548255,0.032583904,0.016602302
0.637553,0.6394415,0.9940189,0.9957913,0.9300611,0.9262018,0.2097833,0.2050807,0.22114508,0.22085235,0.23502557,0.5280418,0.32691267,0.41083136,0.27584025,0.3076099,0.25821352,0.69135535,0.5560089,0.2551826,0.25990698,0.5521641,0.5586552,0.7678855,0.35716495,0.8049621,0.32899866,0.06767883,0.942771,0.30007794,0.028896317,-0.08475324
0.62618786,0.62638324,0.9931896,0.9948955,0.9316556,0.9281505,0.20826155,0.19910148,0.23267181,0.23163347,0.22939046,0.5286795,0.3579051,0.4280568,0.3133703,0.30508417,0.2666773,0.6892713,0.5529057,0.2602834,0.268949,0.5500702,0.5566615,0.784705,0.34503272,0.8182653,0.3194864,0.06330862,0.9276054,0.29157287,0.012734276,-0.15856545
0.61672723,0.6151203,0.9907603,0.9918499,0.9324847,0.9331693,0.23211037,0.21856289,0.2265946,0.22661039,0.2798956,0.4427853,0.43227547,0.46775553,0.292282,0.30365357,0.25614917,0.688375,0.546452,0.24728473,0.25737303,0.5498825,0.5535382,0.81991565,0.32809865,0.84931904,0.3064105,0.05725496,0.8086973,0.28626773,-0.013433319,-0.17522053
0.61066145,0.6103906,0.98465204,0.9838733,0.93835455,0.94352114,0.25208732,0.23844317,0.21179421,0.21311621,0.36272314,0.34371963,0.46807092,0.48956,0.21640712,0.31150475,0.23296784,0.69500715,0.5485574,0.2277132,0.23538806,0.5509192,0.5522452,0.8443607,0.31748018,0.8705355,0.30206198,0.054964136,0.5582863,0.29586196,-0.031588964,-0.13330397
0.6046904,0.60677695,0.97700375,0.973542,0.9443358,0.9504707,0.25368205,0.24412398,0.20324533,0.20549278,0.4463453,0.26900682,0.47656113,0.49488223,0.17083356,0.3160672,0.21164262,0.70169836,0.5584065,0.21214914,0.21435869,0.5538129,0.55496097,0.863519,0.31150156,0.8853376,0.30124733,0.058753923,0.32523406,0.30518004,-0.028953355,-0.05372743
0.6073663,0.60961246,0.97779274,0.9744475,0.9422585,0.948399,0.2582622,0.25359148,0.19544862,0.20045759,0.49672663,0.22791362,0.47334313,0.48823303,0.14361648,0.31942728,0.20483321,0.706978,0.5589696,0.20783594,0.20706816,0.55505675,0.55471617,0.86204994,0.31201944,0.88511765,0.30437765,0.06650945,0.24944663,0.31089777,-0.012205665,0.03374065
0.6140325,0.6151762,0.98270494,0.9811615,0.93722427,0.94365096,0.26585624,0.26358312,0.19019225,0.19625145,0.50634533,0.2169522,0.4692601,0.48170906,0.13745527,0.31999213,0.20844734,0.70811373,0.5522778,0.21131387,0.2093116,0.5532096,0.5507526,0.85199696,0.31554353,0.87856454,0.30761403,0.071015894,0.26414186,0.3149347,0.010042017,0.0927871
0.6171949,0.6176356,0.98753697,0.98762834,0.9322595,0.9380432,0.2721462,0.26906106,0.1877327,0.19205533,0.47558802,0.23627959,0.46834114,0.48038954,0.15069199,0.31441426,0.21702145,0.7037365,0.5446921,0.2183057,0.21591249,0.55147654,0.5480903,0.8466816,0.32034445,0.8772435,0.30721077,0.071191534,0.35683066,0.31809184,0.02778046,0.113203734
0.62127167,0.6234974,0.9914051,0.992446,0.9281712,0.93072516,0.2680278,0.2621668,0.19089903,0.19279836,0.40711498,0.29688743,0.45862725,0.47877893,0.18738401,0.30419406,0.2276603,0.6946167,0.54214454,0.2251595,0.22505356,0.55115527,0.5500659,0.8383077,0.32860538,0.87008196,0.3076278,0.06754497,0.5702244,0.32014972,0.03334512,0.09007361
0.6286423,0.6332207,0.9936419,0.995214,0.92864764,0.9256245,0.23831476,0.23438697,0.2038471,0.2045086,0.30130902,0.42946845,0.3992278,0.46215335,0.23607115,0.3015408,0.23597619,0.68664896,0.55388117,0.23114564,0.23376937,0.5552118,0.55705726,0.8047932,0.3436247,0.8360136,0.3192472,0.06589118,0.8553546,0.32551032,0.03260135,0.016764047
0.63755023,0.6394421,0.9940194,0.9957917,0.93006206,0.9262021,0.20979948,0.20510152,0.2211186,0.22082676,0.235078,0.5279642,0.32696342,0.41087946,0.27576452,0.30760506,0.25817788,0.69135135,0.55601275,0.25514746,0.25986493,0.55216783,0.55865926,0.76791334,0.35715815,0.80498624,0.32899308,0.06768322,0.9427255,0.30011094,0.028940208,-0.084592834
0.6262094,0.62640744,0.9931919,0.9948985,0.93165815,0.92814976,0.20822702,0.19907342,0.2326652,0.23162693,0.22934102,0.528779,0.35777715,0.42798156,0.31332365,0.30509397,0.26667818,0.6892798,0.552913,0.2602943,0.26895383,0.55006886,0.55666685,0.78464305,0.34506416,0.818218,0.31950977,0.06332481,0.9277013,0.29157844,0.012794079,-0.15847926
0.61673826,0.6151303,0.99076605,0.99185705,0.9324823,0.9331592,0.23204824,0.21850586,0.22662295,0.22663331,0.27979547,0.4429282,0.4321648,0.46768764,0.29241052,0.30364525,0.25619742,0.68836665,0.5464577,0.24733296,0.2574171,0.5498787,0.5535401,0.81986344,0.3281236,0.84926844,0.30642796,0.057261325,0.80894035,0.286258,-0.013376198,-0.1752544
0.6106692,0.610392,0.98466206,0.98388666,0.9383496,0.9435128,0.25206348,0.23841484,0.21181385,0.21313447,0.36262694,0.34381336,0.4680113,0.48951015,0.2165019,0.31149444,0.23301524,0.69499654,0.54854006,0.2277553,0.2354309,0.5509104,0.55223835,0.8443044,0.31749812,0.87048537,0.30207157,0.05496277,0.55862725,0.29583284,-0.031566247,-0.13340183
0.6046899,0.60677356,0.9770034,0.97354126,0.94433975,0.95047444,0.25366992,0.24410298,0.20325778,0.20550264,0.44628924,0.26905394,0.47654814,0.49487287,0.1708784,0.3160627,0.21166016,0.7016899,0.5583985,0.21216361,0.21437481,0.5538042,0.5549552,0.86350167,0.31150326,0.88531816,0.30124786,0.05874372,0.3253178,0.30516708,-0.028957004,-0.053856507
0.6073618,0.6096086,0.97778773,0.9744409,0.9422638,0.9484039,0.2582562,0.2535801,0.19545731,0.20046313,0.49668404,0.22794905,0.4733475,0.48824275,0.14364237,0.31942216,0.20483468,0.70697093,0.5589755,0.20783706,0.20707013,0.55505764,0.5547209,0.862062,0.31201765,0.88512534,0.30437237,0.066499226,0.24946578,0.31088862,-0.012215022,0.033647243
0.6140367,0.6151808,0.9827048,0.98116195,0.93722093,0.9436463,0.26586902,0.26359153,0.1901951,0.19625375,0.5062885,0.21699844,0.46928614,0.48173857,0.13745563,0.31998718,0.20843859,0.7081091,0.5522833,0.21130344,0.20930621,0.55321544,0.5507608,0.8520122,0.31554455,0.8785801,0.30760816,0.07101237,0.26426363,0.3149258,0.010037115,0.09273408
0.6172073,0.6176485,0.98754126,0.9876343,0.9322515,0.93803185,0.27216008,0.26906714,0.18773757,0.19205998,0.47550952,0.23634544,0.4683608,0.4804123,0.15071106,0.31440568,0.21702203,0.7037298,0.5446885,0.21830125,0.21591687,0.55147904,0.54809415,0.8466773,0.32035246,0.87724227,0.3072098,0.07119101,0.35713974,0.31807446,0.027771661,0.11316471
0.62129134,0.6235207,0.9914101,0.9924522,0.92816496,0.93070894,0.26802537,0.2621597,0.19091052,0.19281022,0.4069808,0.29703185,0.45859817,0.4787862,0.18744412,0.3041808,0.22766425,0.69460434,0.5421523,0.22515537,0.22506094,0.5511623,0.5500747,0.8382751,0.3286237,0.8700474,0.3076376,0.06754084,0.5708023,0.3201402,0.033317436,0.089993544
0.628654,0.6332339,0.99364364,0.9952165,0.9286502,0.92562133,0.23827904,0.23435639,0.20386742,0.20452972,0.30117378,0.42967242,0.3990965,0.46209976,0.2360994,0.30155468,0.23598108,0.686654,0.5538969,0.23115392,0.23378536,0.5552188,0.5570662,0.80471736,0.34364882,0.8359452,0.31926912,0.06590117,0.8556964,0.3254866,0.032586135,0.016626345
0.6375526,0.6394416,0.99401903,0.9957913,0.9300612,0.9262018,0.20978582,0.2050839,0.22114114,0.22084853,0.23503338,0.5280303,0.32692033,0.4108387,0.27582893,0.3076092,0.2582081,0.6913548,0.5560095,0.2551773,0.25990066,0.5521647,0.5586558,0.7678897,0.3571639,0.8049656,0.3289978,0.0676795,0.94276434,0.3000829,0.02890257,-0.084729515
0.62619114,0.62638694,0.9931899,0.994896,0.93165594,0.92815036,0.20825648,0.19909737,0.23267089,0.23163255,0.22938295,0.5286945,0.35788602,0.4280457,0.3133634,0.30508563,0.26667735,0.6892726,0.5529068,0.260285,0.26894972,0.55007005,0.5566623,0.78469574,0.34503743,0.8182582,0.31948996,0.06331101,0.92761993,0.29157373,0.012742917,-0.15855274
0.61672896,0.61512184,0.9907612,0.9918509,0.93248427,0.93316776,0.23210113,0.2185544,0.22659886,0.22661382,0.27988034,0.442807,0.43225917,0.46774563,0.29230136,0.30365232,0.25615633,0.68837374,0.5464529,0.24729183,0.2573796,0.549882,0.5535385,0.81990796,0.32810235,0.8493116,0.30641302,0.05725591,0.8087342,0.28626642,-0.0134250205,-0.17522575
0.61066264,0.61039084,0.98465353,0.9838754,0.9383537,0.9435198,0.2520838,0.238439,0.21179716,0.21311897,0.36270824,0.34373415,0.4680622,0.48955277,0.21642154,0.3115032,0.23297495,0.69500554,0.54855484,0.22771947,0.23539448,0.55091786,0.5522442,0.8443525,0.31748286,0.87052816,0.30206338,0.054963958,0.55833864,0.29585764,-0.031585615,-0.13331877
0.6046904,0.6067766,0.9770039,0.973542,0.94433635,0.9504712,0.25368032,0.24412093,0.20324719,0.20549423,0.44633636,0.2690143,0.4765594,0.49488106,0.17084041,0.3160665,0.21164532,0.7016971,0.5584053,0.21215129,0.21436113,0.5538116,0.55496013,0.86351645,0.31150186,0.8853348,0.3012474,0.058752395,0.32524806,0.3051782,-0.028954055,-0.05374703
0.6073657,0.6096119,0.9777919,0.97444654,0.94225925,0.9483996,0.25826126,0.25358975,0.19544998,0.20045844,0.49672005,0.22791907,0.47334394,0.48823467,0.14362045,0.3194265,0.2048334,0.70697695,0.55897045,0.20783608,0.20706847,0.55505687,0.5547168,0.8620519,0.31201917,0.8851189,0.3043768,0.06650794,0.2494501,0.31089646,-0.012207304,0.033726472
0.6140331,0.61517686,0.98270494,0.9811615,0.93722373,0.94365036,0.26585808,0.26358432,0.1901927,0.19625185,0.50633717,0.2169589,0.46926394,0.48171344,0.13745537,0.31999135,0.20844606,0.7081131,0.5522786,0.21131234,0.20931081,0.55321056,0.5507538,0.8519992,0.31554362,0.87856686,0.30761313,0.07101535,0.26415938,0.31493354,0.010041004,0.09277913
0.6171967,0.6176374,0.98753756,0.9876292,0.93225837,0.9380416,0.27214816,0.26906192,0.18773341,0.192056,0.47557718,0.23628876,0.46834397,0.4803928,0.15069462,0.31441307,0.2170215,0.7037356,0.5446917,0.21830502,0.21591312,0.5514769,0.5480908,0.84668094,0.32034558,0.87724334,0.30721062,0.07119147,0.35687408,0.31808934,0.027778942,0.1131981
0.62127453,0.6235007,0.9914057,0.9924468,0.9281704,0.93072295,0.26802763,0.26216593,0.19090061,0.19279999,0.40709683,0.29690704,0.45862323,0.47877997,0.1873922,0.30419227,0.22766083,0.69461507,0.5421456,0.2251589,0.2250546,0.5511562,0.55006707,0.83830315,0.32860786,0.8700772,0.30762914,0.06754441,0.5703043,0.32014826,0.03334107,0.090062596
0.628644,0.6332225,0.99364215,0.99521434,0.92864794,0.92562395,0.23831002,0.23438293,0.20384985,0.20451146,0.3012907,0.42949617,0.39920998,0.46214616,0.23607495,0.3015427,0.2359768,0.6866497,0.5538833,0.23114674,0.23377156,0.5552128,0.55705845,0.8047828,0.34362802,0.8360042,0.3192502,0.065892555,0.8554017,0.32550716,0.032598995,0.016745277
0.6375506,0.639442,0.9940194,0.9957917,0.9300618,0.926202,0.20979774,0.2050992,0.22112161,0.22082974,0.23507199,0.52797306,0.32695776,0.41087416,0.27577326,0.30760562,0.25818193,0.6913518,0.55601233,0.25515145,0.25986978,0.5521675,0.5586588,0.7679102,0.35715887,0.8049835,0.32899365,0.067682706,0.9427309,0.30010727,0.02893485,-0.08461148
0.62620693,0.6264047,0.99319166,0.99489814,0.93165785,0.92814976,0.20823109,0.19907676,0.23266596,0.23162764,0.22934663,0.5287676,0.35779205,0.42799038,0.31332904,0.30509284,0.266678,0.6892788,0.5529122,0.26029292,0.26895323,0.55006903,0.55666625,0.78465027,0.34506047,0.8182235,0.31950706,0.06332293,0.9276904,0.29157794,0.012786929,-0.1584892
0.61673707,0.6151293,0.99076545,0.9918562,0.9324825,0.9331602,0.23205546,0.21851249,0.22661966,0.22663064,0.27980676,0.4429121,0.43217784,0.4676957,0.2923959,0.30364618,0.25619176,0.6883676,0.54645705,0.2473273,0.25741196,0.5498792,0.55353993,0.81986964,0.32812065,0.84927434,0.30642584,0.057260618,0.8089129,0.28625938,-0.013382902,-0.17525047
0.61066836,0.61039186,0.98466104,0.98388517,0.93835014,0.94351363,0.2520663,0.23841818,0.21181159,0.21313237,0.36263746,0.34380314,0.4680183,0.48951596,0.21649116,0.3114956,0.2330098,0.6949977,0.5485421,0.22775042,0.23542595,0.5509114,0.5522392,0.844311,0.31749606,0.87049115,0.30207044,0.054962944,0.5585894,0.29583627,-0.03156894,-0.13339055
0.6046901,0.60677403,0.9770035,0.9735414,0.9443392,0.950474,0.25367138,0.24410549,0.20325632,0.20550148,0.44629517,0.26904893,0.47654974,0.49487415,0.17087334,0.3160632,0.2116582,0.7016909,0.5583994,0.21216194,0.21437299,0.5538053,0.55495584,0.86350363,0.31150305,0.88532037,0.3012478,0.058744904,0.32530946,0.30516884,-0.028956765,-0.053841658
0.60736233,0.609609,0.97778827,0.9744417,0.9422632,0.9484033,0.2582568,0.25358132,0.19545631,0.20046248,0.4966891,0.22794487,0.47334698,0.4882416,0.14363943,0.31942275,0.20483452,0.7069717,0.55897474,0.20783694,0.20706992,0.5550575,0.5547204,0.86206055,0.31201786,0.8851244,0.30437294,0.06650043,0.2494636,0.31088975,-0.012214217,0.03365791
0.6140361,0.6151802,0.9827048,0.98116183,0.93722135,0.94364697,0.26586732,0.2635904,0.19019479,0.19625352,0.50629574,0.2169927,0.46928304,0.48173502,0.13745557,0.3199878,0.20843957,0.7081097,0.55228275,0.21130463,0.2093068,0.5532147,0.55075985,0.8520105,0.31554434,0.87857825,0.30760884,0.07101281,0.2642479,0.31492704,0.010037413,0.09274035
0.61720574,0.6176469,0.9875408,0.98763347,0.9322525,0.93803334,0.2721583,0.2690664,0.18773694,0.19205941,0.47551954,0.23633711,0.4683585,0.48040956,0.15070848,0.3144068,0.21702178,0.7037307,0.54468906,0.21830165,0.21591623,0.5514788,0.5480937,0.8466779,0.3203514,0.8772425,0.30720994,0.071191154,0.35710064,0.31807676,0.02777257,0.11316961
0.621289,0.6235178,0.9914095,0.9924515,0.9281657,0.9307109,0.26802576,0.26216066,0.19090906,0.19280872,0.40699747,0.29701397,0.45860198,0.4787856,0.18743645,0.30418247,0.22766356,0.69460595,0.54215133,0.22515576,0.22505993,0.55116147,0.55007356,0.8382792,0.3286214,0.8700518,0.30763635,0.067541435,0.5707315,0.32014146,0.03332065,0.09000379
0.6286526,0.63323236,0.9936434,0.99521625,0.9286499,0.92562175,0.23828346,0.23436016,0.20386484,0.20452708,0.30119017,0.42964768,0.3991126,0.46210644,0.23609565,0.301553,0.23598027,0.6866534,0.553895,0.23115271,0.23378329,0.55521804,0.55706507,0.8047267,0.3436459,0.8359536,0.31926647,0.06590002,0.8556551,0.3254898,0.03258795,0.01664359
0.63755244,0.6394418,0.99401903,0.99579144,0.9300612,0.9262018,0.20978747,0.20508605,0.22113837,0.22084585,0.2350388,0.5280223,0.32692555,0.41084367,0.2758209,0.3076087,0.25820437,0.6913544,0.5560098,0.2551736,0.25989625,0.5521651,0.5586563,0.76789254,0.35716322,0.8049682,0.32899725,0.067679994,0.9427598,0.30008647,0.028907126,-0.08471262
0.62619346,0.6263895,0.9931901,0.99489635,0.9316562,0.92815024,0.20825285,0.19909443,0.23267016,0.23163179,0.22937766,0.5287051,0.3578724,0.42803764,0.31335846,0.30508667,0.2666775,0.6892735,0.5529076,0.26028615,0.26895022,0.5500699,0.55666286,0.78468925,0.34504077,0.81825316,0.3194924,0.06331271,0.9276302,0.29157457,0.012749115,-0.15854356
0.61673015,0.6151229,0.9907618,0.99185175,0.9324841,0.9331666,0.23209454,0.21854836,0.22660184,0.22661623,0.2798697,0.44282222,0.4322474,0.46773842,0.292315,0.3036514,0.25616136,0.68837285,0.54645354,0.24729691,0.25738418,0.54988164,0.55353874,0.8199024,0.32810497,0.8493062,0.30641487,0.05725659,0.8087601,0.28626555,-0.013419046,-0.17522928
0.6106635,0.610391,0.98465466,0.98387676,0.9383532,0.9435188,0.25208127,0.23843598,0.21179922,0.2131209,0.36269778,0.34374437,0.468056,0.48954755,0.21643159,0.3115021,0.23297992,0.6950044,0.548553,0.22772388,0.235399,0.550917,0.5522435,0.8443465,0.31748474,0.8705229,0.30206442,0.054963823,0.55837536,0.29585463,-0.03158341,-0.13332906
0.6046904,0.6067762,0.9770039,0.973542,0.9443368,0.9504715,0.25367904,0.24411876,0.20324849,0.20549524,0.4463301,0.26901954,0.47655803,0.4948801,0.1708452,0.316066,0.21164715,0.70169616,0.55840445,0.2121528,0.21436286,0.5538108,0.55495954,0.86351466,0.311502,0.8853327,0.30124742,0.05875133,0.3252575,0.30517697,-0.028954651,-0.05376075
0.60736525,0.6096115,0.9777915,0.9744459,0.9422598,0.94840014,0.25826064,0.25358853,0.1954509,0.200459,0.49671546,0.22792292,0.47334433,0.4882356,0.14362325,0.31942594,0.20483361,0.7069762,0.5589711,0.20783621,0.20706865,0.55505705,0.5547174,0.86205316,0.31201896,0.8851196,0.30437627,0.06650682,0.24945237,0.31089556,-0.012208422,0.03371647
0.61403346,0.6151773,0.9827048,0.9811615,0.93722355,0.9436499,0.2658593,0.26358506,0.190193,0.19625205,0.50633144,0.21696351,0.4692665,0.48171636,0.13745539,0.31999093,0.2084451,0.7081126,0.55227923,0.21131124,0.20931023,0.5532111,0.55075467,0.8520009,0.3155437,0.8785684,0.30761257,0.07101496,0.2641712,0.31493255,0.010040229,0.09277344
0.6171979,0.6176387,0.987538,0.98762965,0.93225765,0.93804055,0.27214956,0.26906255,0.18773387,0.19205648,0.47556964,0.23629515,0.46834594,0.48039508,0.15069628,0.31441233,0.2170214,0.70373493,0.5446914,0.21830446,0.21591343,0.5514772,0.54809123,0.8466806,0.32034636,0.8772433,0.3072106,0.07119142,0.35690397,0.3180877,0.0277779,0.113194145
0.6212764,0.62350297,0.9914063,0.9924474,0.9281698,0.93072134,0.26802742,0.2621653,0.19090168,0.19280115,0.4070839,0.29692093,0.45862055,0.47878072,0.18739785,0.30419102,0.22766113,0.69461393,0.5421463,0.22515841,0.22505528,0.55115694,0.5500679,0.8383,0.32860965,0.87007385,0.30763012,0.06754404,0.57036036,0.32014737,0.03333821,0.09005486
0.6286451,0.6332239,0.9936422,0.9952146,0.9286482,0.92562366,0.23830666,0.2343801,0.20385177,0.20451346,0.30127758,0.42951596,0.39919725,0.462141,0.23607764,0.30154404,0.2359772,0.68665016,0.55388486,0.23114744,0.23377301,0.55521345,0.5570593,0.8047755,0.34363034,0.8359976,0.31925234,0.06589352,0.85543495,0.32550493,0.03259733,0.0167321
0.6375509,0.6394421,0.9940194,0.9957917,0.9300617,0.926202,0.20979647,0.20509759,0.22112377,0.22083178,0.23506759,0.5279796,0.3269535,0.41087016,0.27577943,0.307606,0.25818485,0.6913521,0.556012,0.2551543,0.25987318,0.5521672,0.5586584,0.76790786,0.3571595,0.80498147,0.3289942,0.067682356,0.9427347,0.30010456,0.028931066,-0.08462457
0.62620527,0.6264028,0.9931914,0.9948979,0.9316576,0.9281498,0.20823395,0.19907902,0.23266649,0.2316282,0.2293506,0.52875966,0.35780224,0.42799637,0.3133329,0.30509207,0.26667807,0.6892781,0.5529115,0.26029214,0.26895294,0.55006915,0.5566658,0.7846553,0.345058,0.81822723,0.31950518,0.06332158,0.9276827,0.29157755,0.012781833,-0.1584963
0.61673623,0.61512846,0.990765,0.9918556,0.9324826,0.933161,0.23206052,0.21851711,0.2266174,0.22662883,0.27981484,0.44290045,0.4321868,0.4677013,0.29238555,0.30364686,0.2561879,0.68836826,0.54645663,0.24732342,0.25740844,0.54987955,0.5535398,0.8198738,0.32811865,0.84927845,0.30642447,0.057260092,0.80889326,0.2862601,-0.013387744,-0.1752477
0.6106677,0.6103918,0.9846602,0.98388416,0.93835044,0.9435143,0.25206822,0.23842046,0.21180996,0.21313088,0.36264518,0.34379563,0.4680233,0.4895202,0.21648356,0.31149644,0.23300591,0.6949986,0.54854345,0.22774698,0.23542246,0.5509122,0.5522397,0.84431565,0.31749454,0.8704954,0.3020696,0.054963082,0.55856216,0.29583868,-0.031571027,-0.13338266
0.6046902,0.6067744,0.97700363,0.9735415,0.9443389,0.9504736,0.25367242,0.24410725,0.2032553,0.20550063,0.4462995,0.2690453,0.47655094,0.49487498,0.17086984,0.31606352,0.2116568,0.70169157,0.55840003,0.21216074,0.2143717,0.553806,0.5549563,0.8635051,0.31150293,0.88532203,0.30124772,0.058745727,0.32530326,0.30516994,-0.028956557,-0.053831384
0.6073627,0.60960937,0.97778875,0.97444224,0.9422627,0.9484028,0.25825733,0.25358233,0.19545558,0.20046197,0.4966922,0.22794229,0.47334683,0.48824105,0.14363743,0.31942317,0.2048344,0.7069723,0.5589743,0.2078368,0.2070698,0.55505747,0.55472,0.8620597,0.31201798,0.88512385,0.30437332,0.06650125,0.24946281,0.31089053,-0.012213562,0.033665307
0.61403567,0.61517984,0.9827048,0.98116183,0.93722165,0.9436474,0.26586622,0.26358965,0.19019456,0.19625334,0.5063004,0.21698889,0.46928084,0.48173258,0.13745557,0.31998822,0.20844033,0.7081101,0.5522823,0.2113055,0.20930725,0.55321425,0.5507592,0.85200924,0.31554428,0.87857693,0.30760938,0.07101306,0.26423788,0.31492773,0.010037577,0.092744455
0.61720467,0.6176458,0.9875403,0.9876329,0.9322532,0.9380343,0.27215707,0.26906583,0.18773654,0.19205901,0.47552666,0.23633115,0.46835673,0.48040757,0.15070674,0.3144076,0.21702173,0.7037313,0.54468936,0.21830203,0.21591587,0.55147856,0.5480933,0.84667826,0.32035068,0.87724245,0.30721003,0.071191154,0.35707316,0.31807816,0.027773077,0.113172844
0.62128717,0.6235157,0.991409,0.9924509,0.9281663,0.93071246,0.2680261,0.2621614,0.19090796,0.19280761,0.4070104,0.29700002,0.45860478,0.4787849,0.18743072,0.30418375,0.22766323,0.69460714,0.54215056,0.22515616,0.22505927,0.55116075,0.5500727,0.8382822,0.32861963,0.87005496,0.30763543,0.0675418,0.5706768,0.3201421,0.03332306,0.09001109
0.6286515,0.6332311,0.99364316,0.995216,0.9286496,0.9256219,0.2382871,0.2343633,0.20386286,0.20452501,0.30120352,0.4296276,0.39912546,0.46211177,0.23609297,0.30155167,0.2359798,0.6866529,0.55389345,0.23115195,0.23378173,0.5552173,0.5570642,0.80473405,0.34364352,0.8359602,0.3192643,0.065899014,0.8556221,0.32549202,0.03258908,0.016656654
0.63755214,0.6394418,0.99401915,0.99579144,0.9300613,0.9262018,0.20978898,0.20508793,0.22113608,0.22084369,0.23504327,0.5280157,0.32693005,0.41084796,0.27581465,0.3076083,0.2582014,0.69135404,0.5560102,0.2551706,0.25989276,0.55216545,0.5586566,0.7678949,0.3571626,0.80497026,0.32899672,0.067680344,0.942756,0.30008924,0.028910462,-0.08469932
0.62619525,0.62639153,0.99319035,0.9948966,0.93165636,0.9281501,0.20825012,0.19909224,0.23266953,0.23163125,0.22937359,0.5287134,0.35786203,0.42803162,0.31335452,0.30508748,0.2666775,0.6892742,0.5529082,0.26028696,0.2689506,0.5500698,0.55666333,0.7846842,0.34504333,0.8182493,0.31949434,0.06331405,0.9276382,0.29157498,0.012753912,-0.15853636
0.6167311,0.6151238,0.9907623,0.99185234,0.93248373,0.93316567,0.2320895,0.21854375,0.22660416,0.22661813,0.27986118,0.44283438,0.4322385,0.46773306,0.29232562,0.30365074,0.25616527,0.6883722,0.546454,0.24730076,0.25738776,0.54988134,0.5535389,0.8198982,0.32810697,0.8493021,0.3064163,0.057257127,0.8087807,0.28626475,-0.013414517,-0.17523193
0.6106641,0.61039114,0.9846555,0.9838779,0.93835276,0.9435181,0.2520794,0.23843367,0.21180084,0.21312238,0.36268952,0.34375238,0.4680512,0.4895435,0.21643955,0.3115012,0.23298386,0.69500357,0.54855156,0.22772734,0.23540264,0.5509163,0.55224293,0.84434193,0.31748623,0.8705188,0.30206516,0.05496371,0.5584046,0.2958524,-0.03158164,-0.13333714
0.6046904,0.606776,0.9770039,0.973542,0.944337,0.95047176,0.25367814,0.24411711,0.20324953,0.20549607,0.44632518,0.2690237,0.4765571,0.49487948,0.17084898,0.31606564,0.21164863,0.7016955,0.55840373,0.212154,0.21436425,0.55381006,0.55495906,0.86351323,0.3115021,0.8853312,0.30124748,0.058750488,0.32526535,0.3051758,-0.028955024,-0.05377143
0.6073648,0.60961115,0.977791,0.97444534,0.9422603,0.9484006,0.25826013,0.25358763,0.19545162,0.20045947,0.49671185,0.22792588,0.47334474,0.4882365,0.14362544,0.31942552,0.20483373,0.70697564,0.5589716,0.20783632,0.20706886,0.5550571,0.5547178,0.8620541,0.3120188,0.8851204,0.30437583,0.06650595,0.24945414,0.3108948,-0.01220945,0.03370867
0.6140337,0.61517763,0.9827048,0.9811615,0.9372232,0.9436496,0.26586026,0.2635857,0.19019322,0.19625226,0.5063271,0.2169671,0.46926865,0.4817188,0.13745534,0.31999052,0.20844436,0.70811224,0.5522798,0.21131034,0.20930977,0.55321157,0.5507554,0.85200214,0.3155437,0.87856966,0.30761206,0.07101468,0.2641804,0.31493193,0.010039693,0.09276904
0.61719877,0.61763966,0.9875382,0.98763007,0.932257,0.9380397,0.27215055,0.26906303,0.18773426,0.19205688,0.47556403,0.23629989,0.46834752,0.4803969,0.15069759,0.3144117,0.21702138,0.7037346,0.5446912,0.2183041,0.21591371,0.5514774,0.54809153,0.84668034,0.32034692,0.87724316,0.3072105,0.07119142,0.3569265,0.31808636,0.027777096,0.11319116
0.62127787,0.62350464,0.9914067,0.99244785,0.92816937,0.9307202,0.2680274,0.26216486,0.19090247,0.19280195,0.40707448,0.29693112,0.45861852,0.47878134,0.18740201,0.3041901,0.22766133,0.6946131,0.54214686,0.22515813,0.22505577,0.5511574,0.55006856,0.8382976,0.32861093,0.8700713,0.30763084,0.067543775,0.5704019,0.32014665,0.0333361,0.09004925
0.62864596,0.63322484,0.99364245,0.9952148,0.9286483,0.9256235,0.23830426,0.23437805,0.20385318,0.20451495,0.30126807,0.4295303,0.39918813,0.46213743,0.23607941,0.30154505,0.23597741,0.6866505,0.553886,0.23114793,0.23377408,0.55521405,0.55706,0.8047702,0.34363198,0.8359929,0.31925383,0.06589428,0.85545945,0.3255033,0.032596197,0.016722417
0.637551,0.639442,0.99401927,0.99579155,0.93006164,0.92620194,0.2097956,0.20509642,0.22112533,0.22083336,0.2350646,0.5279841,0.32695082,0.41086763,0.27578387,0.30760634,0.25818688,0.69135237,0.5560118,0.2551563,0.25987563,0.552167,0.5586582,0.7679064,0.35715976,0.80498016,0.32899442,0.0676821,0.94273746,0.30010265,0.028928299,-0.084634
0.62620395,0.62640136,0.9931913,0.9948978,0.93165743,0.9281498,0.20823611,0.19908084,0.23266685,0.23162855,0.2293536,0.5287536,0.35781023,0.42800117,0.31333557,0.30509147,0.2666779,0.6892776,0.5529111,0.26029134,0.26895258,0.5500693,0.55666554,0.7846591,0.34505603,0.8182302,0.31950372,0.06332061,0.927677,0.2915772,0.012778197,-0.15850133
0.6167356,0.6151279,0.9907646,0.99185514,0.93248284,0.9331616,0.23206423,0.21852057,0.2266157,0.22662745,0.27982068,0.44289216,0.43219352,0.4677054,0.29237786,0.30364737,0.2561849,0.6883688,0.5464563,0.24732041,0.2574057,0.5498798,0.5535397,0.819877,0.3281171,0.84928155,0.3064234,0.057259705,0.80887914,0.28626078,-0.013391275,-0.17524569
0.6106673,0.61039174,0.9846597,0.9838833,0.93835074,0.9435147,0.25206965,0.23842224,0.21180889,0.21312983,0.36265057,0.34379038,0.46802694,0.4895233,0.21647808,0.311497,0.23300311,0.69499916,0.5485445,0.22774446,0.23541997,0.55091274,0.55224013,0.84431905,0.3174935,0.8704985,0.30206904,0.054963168,0.55854285,0.29584047,-0.031572394,-0.13337682
0.6046902,0.6067746,0.97700363,0.9735416,0.9443386,0.95047337,0.25367314,0.24410853,0.20325463,0.20550011,0.44630265,0.26904267,0.4765518,0.4948756,0.17086723,0.31606382,0.21165575,0.70169204,0.5584005,0.21215986,0.21437077,0.5538066,0.55495673,0.8635063,0.31150278,0.8853233,0.3012477,0.058746345,0.32529902,0.30517069,-0.028956378,-0.053823892
0.6073629,0.60960954,0.977789,0.9744426,0.9422624,0.94840264,0.25825766,0.25358292,0.19545512,0.20046173,0.49669486,0.22794005,0.4733465,0.48824036,0.14363591,0.31942347,0.20483434,0.7069728,0.55897397,0.20783678,0.20706968,0.5550574,0.5547197,0.862059,0.31201807,0.8851234,0.30437368,0.066501826,0.24946144,0.31089103,-0.0122131,0.033670753
0.6140354,0.6151795,0.9827047,0.9811617,0.93722194,0.9436477,0.26586542,0.26358908,0.19019443,0.19625323,0.50630414,0.21698588,0.46927932,0.48173082,0.13745555,0.31998855,0.20844081,0.70811033,0.552282,0.2113061,0.2093076,0.5532139,0.5507587,0.8520084,0.31554416,0.87857604,0.30760965,0.071013294,0.26422969,0.31492832,0.010037845,0.09274756
0.6172039,0.6176449,0.9875401,0.9876325,0.9322537,0.938035,0.2721562,0.2690655,0.18773626,0.19205876,0.47553185,0.23632686,0.4683557,0.4804063,0.15070541,0.31440818,0.21702163,0.7037318,0.54468966,0.21830225,0.2159155,0.5514784,0.54809314,0.8466787,0.32035014,0.8772427,0.30721006,0.07119123,0.35705313,0.31807923,0.027773641,0.11317527
0.6212859,0.62351424,0.99140865,0.9924505,0.9281667,0.9307135,0.2680264,0.26216203,0.19090724,0.19280683,0.40701926,0.29699057,0.4586067,0.47878444,0.18742675,0.30418462,0.22766297,0.694608,0.5421501,0.22515643,0.22505885,0.55116034,0.55007213,0.8382843,0.32861844,0.8700572,0.3076348,0.06754207,0.57063925,0.3201427,0.033324726,0.09001635
0.6286508,0.63323027,0.99364305,0.9952158,0.9286494,0.92562217,0.23828949,0.23436537,0.20386153,0.20452365,0.3012124,0.42961425,0.39913404,0.46211526,0.2360911,0.30155075,0.23597948,0.6866526,0.55389243,0.23115137,0.23378068,0.55521685,0.55706364,0.804739,0.34364197,0.8359647,0.3192629,0.065898366,0.8555998,0.32549348,0.032590006,0.016665725
0.63755196,0.63944185,0.99401915,0.99579144,0.9300613,0.9262018,0.20978993,0.20508912,0.22113463,0.22084224,0.23504625,0.52801126,0.32693288,0.41085064,0.2758104,0.30760804,0.25819936,0.6913538,0.55601037,0.25516865,0.2598904,0.5521656,0.55865675,0.76789653,0.35716224,0.80497164,0.32899642,0.06768055,0.94275343,0.30009097,0.028912902,-0.084690385
0.62619644,0.6263929,0.99319047,0.9948967,0.9316565,0.9281501,0.20824821,0.1990907,0.2326692,0.2316309,0.22937094,0.5287187,0.35785496,0.4280275,0.313352,0.30508804,0.26667756,0.6892746,0.5529086,0.26028755,0.26895088,0.5500697,0.5566636,0.7846807,0.3450451,0.8182467,0.31949562,0.06331494,0.9276434,0.29157528,0.01275722,-0.15853158
0.6167317,0.6151244,0.99076265,0.9918527,0.9324837,0.9331652,0.23208602,0.21854055,0.2266058,0.22661947,0.27985564,0.44284233,0.43223235,0.46772924,0.2923329,0.30365026,0.25616798,0.68837166,0.5464543,0.2473035,0.25739026,0.5498811,0.553539,0.8198954,0.32810837,0.8492994,0.30641723,0.057257503,0.8087942,0.28626418,-0.013411225,-0.17523406
0.6106646,0.61039126,0.9846561,0.98387873,0.9383524,0.9435177,0.25207803,0.23843214,0.21180196,0.21312346,0.36268395,0.34375784,0.468048,0.48954087,0.216445,0.3115006,0.23298655,0.6950029,0.54855055,0.22772971,0.235405,0.55091584,0.5522425,0.8443389,0.31748715,0.8705162,0.30206567,0.054963663,0.5584243,0.2958506,-0.03158033,-0.13334276
0.6046904,0.6067758,0.9770039,0.973542,0.94433725,0.95047194,0.25367752,0.24411598,0.20325026,0.20549664,0.44632193,0.26902643,0.47655645,0.494879,0.17085151,0.3160654,0.21164964,0.701695,0.5584033,0.21215479,0.21436517,0.5538096,0.55495876,0.86351234,0.31150222,0.8853301,0.30124748,0.058749862,0.32527044,0.30517504,-0.028955275,-0.053778876
0.6073645,0.6096109,0.97779065,0.974445,0.9422606,0.9484009,0.25825974,0.2535869,0.19545211,0.20045981,0.49670956,0.22792782,0.47334507,0.48823705,0.14362688,0.31942526,0.20483379,0.7069752,0.55897194,0.20783636,0.20706898,0.5550571,0.554718,0.8620548,0.31201863,0.88512075,0.30437547,0.066505395,0.24945498,0.3108942,-0.01221,0.033703156
0.61403394,0.6151778,0.9827048,0.9811615,0.93722314,0.9436493,0.26586094,0.26358613,0.19019343,0.19625244,0.5063242,0.21696958,0.46927014,0.48172042,0.13745537,0.31999028,0.20844387,0.708112,0.5522801,0.21130979,0.20930947,0.55321187,0.5507558,0.85200304,0.31554377,0.8785706,0.3076117,0.07101449,0.2641866,0.31493142,0.010039454,0.09276601
0.61719954,0.61764044,0.98753846,0.9876304,0.9322566,0.9380391,0.27215135,0.26906335,0.18773454,0.19205718,0.4755597,0.23630351,0.4683487,0.4803982,0.15069859,0.31441122,0.21702138,0.70373416,0.54469097,0.2183038,0.21591397,0.55147755,0.54809177,0.84668016,0.32034728,0.87724316,0.30721042,0.07119142,0.35694367,0.31808525,0.027776739,0.11318895
0.62127894,0.62350595,0.9914069,0.9924482,0.92816895,0.93071926,0.2680273,0.26216456,0.19090314,0.19280267,0.40706697,0.2969392,0.45861712,0.47878188,0.18740538,0.30418935,0.22766155,0.6946124,0.5421473,0.22515783,0.22505616,0.55115783,0.55006903,0.8382959,0.3286119,0.8700695,0.30763134,0.067543566,0.5704345,0.32014596,0.03333464,0.09004476
0.6286467,0.63322556,0.99364245,0.99521494,0.9286485,0.92562324,0.23830228,0.23437633,0.20385435,0.20451616,0.3012606,0.42954165,0.39918077,0.4621344,0.23608103,0.30154583,0.23597768,0.6866508,0.5538869,0.23114836,0.23377495,0.5552144,0.5570605,0.80476594,0.34363338,0.83598894,0.31925508,0.06589481,0.8554786,0.32550183,0.032595392,0.016714707
0.6375511,0.639442,0.99401927,0.99579155,0.93006164,0.92620194,0.20979483,0.20509544,0.22112666,0.22083457,0.23506209,0.52798784,0.32694823,0.4108652,0.27578747,0.30760655,0.2581886,0.69135255,0.5560116,0.255158,0.25987768,0.5521668,0.55865806,0.76790494,0.35716018,0.8049789,0.32899478,0.06768191,0.94273967,0.30010092,0.028926212,-0.08464176
0.62620294,0.62640023,0.9931912,0.99489766,0.9316572,0.9281498,0.20823774,0.19908214,0.23266727,0.23162891,0.22935586,0.528749,0.3578161,0.42800465,0.31333792,0.30509102,0.2666779,0.6892772,0.55291075,0.2602909,0.26895237,0.55006933,0.55666524,0.78466195,0.34505457,0.81823236,0.31950268,0.06331986,0.92767256,0.29157683,0.012775397,-0.15850551
0.61673504,0.6151274,0.9907644,0.9918548,0.9324829,0.93316203,0.23206727,0.21852331,0.22661437,0.22662638,0.27982533,0.44288552,0.43219894,0.4677088,0.29237172,0.30364773,0.25618258,0.68836915,0.54645604,0.24731809,0.2574036,0.54988,0.5535396,0.8198796,0.32811585,0.84928405,0.30642253,0.057259366,0.8088676,0.2862613,-0.013393868,-0.17524412
0.61066693,0.6103917,0.9846592,0.9838828,0.938351,0.9435151,0.25207084,0.23842357,0.2118079,0.21312892,0.362655,0.34378606,0.4680299,0.48952574,0.2164736,0.31149748,0.23300092,0.6949997,0.5485453,0.22774245,0.23541795,0.55091316,0.5522405,0.8443218,0.31749263,0.8705009,0.30206856,0.0549632,0.5585268,0.2958418,-0.03157348,-0.13337219
0.6046902,0.6067748,0.97700363,0.9735416,0.9443384,0.9504731,0.25367376,0.24410956,0.20325404,0.2054996,0.44630522,0.2690405,0.47655246,0.4948761,0.17086507,0.31606403,0.21165493,0.7016924,0.55840087,0.21215917,0.21437003,0.55380696,0.55495703,0.8635071,0.31150275,0.8853242,0.30124766,0.058746807,0.32529512,0.30517116,-0.028956303,-0.05381774
0.6073631,0.6096097,0.9777892,0.97444296,0.94226223,0.9484024,0.25825796,0.25358346,0.19545473,0.20046143,0.4966968,0.22793841,0.47334635,0.4882399,0.14363469,0.3194237,0.20483425,0.7069731,0.5589737,0.2078367,0.20706959,0.55505735,0.55471945,0.86205834,0.31201813,0.8851231,0.3043739,0.06650232,0.24946055,0.3108914,-0.012212727,0.033675138
0.6140352,0.6151793,0.9827047,0.9811616,0.93722206,0.9436479,0.26586473,0.26358867,0.19019426,0.19625312,0.5063071,0.21698345,0.46927795,0.48172927,0.13745546,0.31998882,0.20844124,0.70811063,0.5522818,0.21130663,0.20930785,0.5532136,0.5507583,0.8520076,0.31554407,0.8785752,0.30760998,0.071013436,0.26422322,0.31492877,0.010038039,0.09275015
0.6172032,0.61764425,0.98753977,0.98763216,0.9322542,0.93803567,0.27215546,0.26906514,0.187736,0.19205855,0.47553614,0.23632328,0.46835464,0.48040503,0.15070428,0.3144087,0.21702154,0.70373213,0.5446899,0.21830246,0.21591525,0.55147827,0.54809296,0.84667885,0.32034972,0.8772427,0.30721015,0.07119128,0.3570365,0.31808022,0.027774043,0.11317745
0.62128484,0.6235129,0.9914084,0.9924501,0.928167,0.9307143,0.2680266,0.26216245,0.19090658,0.1928062,0.4070267,0.2969826,0.45860836,0.4787841,0.18742335,0.30418536,0.22766267,0.6946086,0.54214966,0.22515658,0.22505835,0.55116,0.5500717,0.83828604,0.32861742,0.870059,0.3076343,0.06754235,0.570608,0.32014322,0.033326335,0.09002087
0.62865007,0.6332295,0.99364305,0.99521565,0.9286493,0.92562234,0.23829155,0.23436716,0.20386043,0.20452246,0.3012199,0.42960298,0.39914128,0.4621183,0.23608941,0.30155,0.23597915,0.6866523,0.5538916,0.23115084,0.23377976,0.55521655,0.55706316,0.8047432,0.3436406,0.83596843,0.3192617,0.06589782,0.85558116,0.32549483,0.03259084,0.016673412
0.63755184,0.6394419,0.99401915,0.99579144,0.9300614,0.9262018,0.20979072,0.20509017,0.22113338,0.22084108,0.2350487,0.52800757,0.3269353,0.41085285,0.27580684,0.3076078,0.25819772,0.6913536,0.55601054,0.25516698,0.2598884,0.5521658,0.55865693,0.76789784,0.35716194,0.8049727,0.32899615,0.067680776,0.94275135,0.30009267,0.028914958,-0.08468283
0.6261974,0.626394,0.9931906,0.9948968,0.9316566,0.92815006,0.2082466,0.19908936,0.23266886,0.23163055,0.2293686,0.5287235,0.3578489,0.42802393,0.31334975,0.30508852,0.26667753,0.689275,0.5529089,0.26028806,0.26895106,0.5500697,0.5566639,0.7846777,0.34504655,0.8182444,0.3194967,0.063315704,0.927648,0.2915756,0.012760021,-0.15852761
0.61673224,0.6151249,0.9907629,0.99185306,0.93248343,0.93316466,0.2320831,0.21853788,0.22660713,0.2266205,0.27985093,0.44284907,0.43222725,0.46772623,0.29233894,0.30364987,0.2561702,0.6883713,0.5464546,0.24730572,0.25739232,0.549881,0.5535391,0.819893,0.32810953,0.84929705,0.30641806,0.057257798,0.80880564,0.28626385,-0.013408528,-0.17523557
0.61066496,0.6103913,0.9846565,0.98387927,0.9383522,0.94351727,0.2520769,0.23843075,0.21180286,0.21312429,0.36267942,0.34376228,0.46804512,0.4895385,0.21644947,0.31150013,0.2329888,0.6950024,0.5485497,0.22773169,0.23540705,0.5509154,0.5522422,0.8443362,0.31748804,0.87051374,0.30206615,0.0549636,0.5584402,0.29584935,-0.0315793,-0.1333473
0.6046904,0.60677564,0.9770039,0.97354186,0.9443374,0.9504722,0.25367692,0.24411501,0.20325081,0.20549707,0.44631922,0.2690287,0.47655582,0.4948786,0.17085364,0.31606516,0.21165043,0.7016946,0.55840296,0.21215549,0.21436591,0.5538092,0.55495846,0.86351156,0.3115023,0.88532925,0.30124748,0.058749415,0.32527453,0.3051744,-0.02895535,-0.053784966
0.6073643,0.60961074,0.9777905,0.9744446,0.9422608,0.94840115,0.25825945,0.25358635,0.19545254,0.20046008,0.49670756,0.22792947,0.47334516,0.48823747,0.14362815,0.31942502,0.20483388,0.7069749,0.5589722,0.2078364,0.2070691,0.55505717,0.55471826,0.86205536,0.3120186,0.8851211,0.30437526,0.066504925,0.24945587,0.3108938,-0.012210477,0.03369863
0.61403406,0.615178,0.9827047,0.9811615,0.937223,0.9436492,0.26586145,0.26358646,0.19019355,0.19625252,0.5063216,0.21697167,0.46927124,0.4817217,0.13745539,0.3199901,0.20844346,0.7081118,0.5522803,0.2113093,0.2093092,0.55321217,0.55075616,0.85200375,0.3155438,0.8785713,0.30761147,0.07101432,0.26419196,0.314931,0.010039156,0.09276332
0.6172001,0.617641,0.9875387,0.98763067,0.9322563,0.9380386,0.27215192,0.26906356,0.18773477,0.19205737,0.4755563,0.23630632,0.46834955,0.48039916,0.15069942,0.3144109,0.21702138,0.7037339,0.54469085,0.21830356,0.21591415,0.5514776,0.5480919,0.84667987,0.3203476,0.8772431,0.30721042,0.07119138,0.356957,0.31808445,0.027776172,0.11318716
0.6212798,0.62350696,0.99140716,0.99244845,0.92816865,0.93071854,0.26802725,0.26216432,0.19090363,0.19280316,0.4070614,0.2969452,0.45861578,0.47878215,0.18740785,0.30418882,0.22766168,0.69461185,0.54214764,0.22515763,0.22505648,0.55115813,0.5500694,0.83829445,0.32861272,0.87006795,0.30763176,0.06754339,0.5704587,0.32014537,0.03333345,0.090041265
0.6286471,0.6332261,0.99364257,0.99521506,0.9286486,0.9256232,0.23830082,0.23437512,0.20385517,0.20451705,0.30125493,0.42955017,0.3991753,0.46213216,0.23608218,0.30154642,0.23597792,0.686651,0.5538875,0.23114875,0.23377568,0.5552147,0.55706084,0.8047628,0.34363437,0.8359861,0.319256,0.06589522,0.8554929,0.3255008,0.032594677,0.0167088
0.6375512,0.63944197,0.99401927,0.99579155,0.9300615,0.92620194,0.20979431,0.20509477,0.22112755,0.22083546,0.23506027,0.5279905,0.32694647,0.4108635,0.2757902,0.30760673,0.25818992,0.69135267,0.5560114,0.2551593,0.2598792,0.5521667,0.5586578,0.7679039,0.35716042,0.8049781,0.32899496,0.06768173,0.9427413,0.30009982,0.028924545,-0.08464765
0.62620217,0.62639934,0.99319106,0.99489754,0.9316572,0.92814994,0.20823903,0.19908324,0.23266748,0.23162918,0.22935776,0.5287453,0.3578207,0.42800725,0.31333962,0.30509064,0.26667783,0.6892769,0.5529105,0.2602905,0.2689522,0.55006933,0.556665,0.78466403,0.34505346,0.81823397,0.31950185,0.06331925,0.92766905,0.29157656,0.012773162,-0.15850866
0.6167346,0.6151271,0.99076414,0.99185455,0.932483,0.93316245,0.23206948,0.21852535,0.22661337,0.22662555,0.27982888,0.44288042,0.4322029,0.4677112,0.29236725,0.30364802,0.25618088,0.68836945,0.54645586,0.24731636,0.25740206,0.5498801,0.5535395,0.8198815,0.32811502,0.84928584,0.3064219,0.057259165,0.808859,0.2862615,-0.013395969,-0.17524305
0.61066663,0.6103916,0.98465884,0.9838823,0.9383511,0.9435154,0.2520717,0.23842457,0.21180724,0.21312836,0.3626583,0.34378287,0.468032,0.4895275,0.21647024,0.3114979,0.23299918,0.6950001,0.54854596,0.22774094,0.23541646,0.55091345,0.55224067,0.84432375,0.317492,0.8705027,0.3020682,0.054963276,0.5585151,0.29584277,-0.03157433,-0.13336888
0.6046903,0.606775,0.97700375,0.97354174,0.94433826,0.95047295,0.25367424,0.24411035,0.20325361,0.2054993,0.44630682,0.26903906,0.476553,0.4948765,0.17086354,0.31606424,0.21165434,0.70169276,0.55840117,0.2121587,0.2143695,0.55380726,0.5549572,0.86350775,0.3115027,0.88532495,0.30124763,0.058747176,0.3252929,0.3051715,-0.02895617,-0.053813398
0.6073633,0.60960984,0.9777894,0.97444314,0.942262,0.9484022,0.25825813,0.25358385,0.19545445,0.20046128,0.49669814,0.22793731,0.47334623,0.48823962,0.14363381,0.3194239,0.20483422,0.7069734,0.5589735,0.20783667,0.20706952,0.55505735,0.55471927,0.862058,0.3120182,0.8851228,0.30437407,0.06650266,0.24946019,0.31089175,-0.012212548,0.033678137
0.614035,0.61517906,0.9827047,0.9811616,0.9372222,0.9436481,0.2658643,0.26358837,0.19019416,0.19625303,0.50630903,0.2169819,0.4692771,0.4817283,0.13745543,0.319989,0.20844151,0.70811075,0.55228156,0.21130697,0.20930801,0.5532134,0.550758,0.8520071,0.31554404,0.87857467,0.30761015,0.07101355,0.26421896,0.31492895,0.010038039,0.09275176
0.61720276,0.6176438,0.98753965,0.987632,0.93225455,0.9380361,0.27215496,0.2690649,0.18773584,0.19205838,0.47553912,0.23632078,0.4683539,0.48040423,0.15070356,0.314409,0.2170215,0.70373243,0.54469,0.21830261,0.21591505,0.5514782,0.5480928,0.84667903,0.32034937,0.8772428,0.30721018,0.07119128,0.35702476,0.31808066,0.027774312,0.11317867
0.6212841,0.6235121,0.99140817,0.9924499,0.9281673,0.930715,0.2680267,0.26216277,0.19090615,0.19280577,0.40703207,0.2969768,0.4586095,0.4787838,0.18742098,0.30418593,0.22766256,0.69460917,0.5421493,0.22515677,0.22505814,0.5511597,0.5500713,0.83828735,0.3286167,0.8700604,0.30763394,0.067542486,0.57058513,0.32014346,0.03332729,0.0900238
0.62864965,0.63322896,0.9936429,0.99521554,0.92864907,0.92562246,0.23829307,0.23436846,0.20385964,0.20452166,0.3012255,0.42959452,0.39914677,0.4621205,0.23608835,0.30154943,0.235979,0.6866521,0.5538909,0.23115058,0.23377916,0.55521625,0.5570628,0.8047462,0.34363958,0.83597124,0.31926078,0.06589741,0.8555671,0.32549563,0.032591254,0.016678844
0.63755167,0.6394419,0.99401915,0.99579155,0.9300614,0.9262018,0.20979135,0.20509097,0.22113253,0.2208402,0.23505054,0.5280049,0.3269372,0.4108547,0.27580425,0.30760765,0.25819644,0.6913535,0.5560107,0.25516576,0.25988695,0.552166,0.55865705,0.76789886,0.35716164,0.8049736,0.32899597,0.06768091,0.94274974,0.30009374,0.028916297,-0.08467736
0.62619823,0.6263949,0.9931907,0.99489695,0.9316567,0.92815006,0.20824544,0.19908844,0.23266871,0.23163037,0.2293668,0.52872705,0.35784447,0.4280214,0.31334808,0.30508888,0.26667756,0.6892754,0.5529092,0.26028842,0.26895127,0.55006963,0.55666405,0.78467566,0.34504765,0.8182428,0.31949753,0.06331627,0.9276515,0.29157564,0.012761988,-0.15852456
0.61673266,0.61512524,0.9907631,0.9918533,0.93248343,0.93316436,0.23208095,0.21853592,0.22660816,0.22662136,0.27984726,0.44285426,0.43222338,0.46772388,0.2923435,0.3036496,0.25617188,0.688371,0.5464548,0.2473074,0.25739387,0.5498808,0.5535392,0.81989115,0.32811043,0.84929526,0.3064187,0.057258002,0.8088145,0.28626338,-0.01340665,-0.1752367
0.61066526,0.61039144,0.984657,0.98387975,0.938352,0.9435169,0.25207612,0.23842983,0.21180356,0.21312495,0.36267585,0.34376577,0.46804315,0.48953688,0.21645285,0.31149977,0.23299046,0.695002,0.5485492,0.22773312,0.23540853,0.5509151,0.552242,0.8443342,0.31748864,0.87051207,0.30206642,0.054963537,0.5584528,0.29584834,-0.031578545,-0.13335072
0.6046904,0.60677564,0.9770039,0.973542,0.9443374,0.9504723,0.25367656,0.24411432,0.20325129,0.20549741,0.446317,0.26903057,0.4765555,0.49487832,0.17085527,0.316065,0.21165104,0.70169437,0.55840266,0.21215595,0.21436653,0.5538089,0.5549583,0.8635109,0.31150237,0.8853286,0.30124748,0.058749057,0.3252781,0.30517402,-0.028955633,-0.053789504
0.6073641,0.60961056,0.97779036,0.9744444,0.94226104,0.94840133,0.25825927,0.25358596,0.19545287,0.20046027,0.49670604,0.22793077,0.47334528,0.48823774,0.14362901,0.3194248,0.204834,0.7069747,0.55897236,0.20783648,0.20706919,0.55505717,0.5547184,0.8620557,0.31201857,0.8851213,0.30437508,0.06650452,0.24945687,0.3108934,-0.01221085,0.033695407
0.61403424,0.61517817,0.9827047,0.9811615,0.9372229,0.94364893,0.2658618,0.26358667,0.19019365,0.19625263,0.5063198,0.21697313,0.46927217,0.48172274,0.13745542,0.31998992,0.20844318,0.70811164,0.55228055,0.21130897,0.20930906,0.55321234,0.55075645,0.85200423,0.3155438,0.8785718,0.30761126,0.07101419,0.26419574,0.31493065,0.010038799,0.09276159
0.6172005,0.6176414,0.9875388,0.9876308,0.932256,0.9380383,0.27215236,0.26906377,0.18773492,0.19205752,0.47555396,0.2363084,0.46835023,0.48039997,0.15069996,0.31441066,0.21702138,0.7037337,0.5446907,0.21830341,0.2159142,0.55147773,0.54809207,0.84667987,0.32034785,0.8772431,0.30721033,0.07119141,0.35696664,0.31808394,0.027775845,0.113186024
0.62128043,0.62350774,0.9914072,0.9924487,0.9281684,0.930718,0.2680272,0.26216412,0.19090399,0.19280352,0.40705726,0.29694968,0.45861492,0.47878236,0.18740965,0.3041884,0.22766177,0.69461155,0.5421479,0.22515748,0.22505668,0.5511584,0.5500697,0.83829343,0.32861328,0.8700669,0.3076321,0.06754328,0.5704771,0.3201452,0.033332378,0.09003893
0.6286475,0.6332266,0.99364257,0.99521506,0.9286487,0.92562306,0.2382997,0.23437415,0.2038558,0.20451766,0.30125064,0.42955664,0.3991711,0.46213046,0.23608297,0.3015469,0.23597805,0.6866512,0.5538881,0.23114894,0.23377614,0.55521494,0.55706114,0.8047603,0.34363517,0.83598393,0.31925672,0.06589557,0.8555039,0.32550013,0.032594115,0.016704757
0.6375513,0.63944197,0.99401927,0.99579155,0.9300615,0.92620194,0.20979387,0.20509422,0.22112826,0.22083616,0.23505884,0.5279926,0.32694507,0.4108622,0.27579215,0.30760688,0.25819075,0.69135284,0.5560113,0.25516015,0.25988024,0.5521666,0.55865777,0.76790315,0.35716066,0.80497736,0.3289951,0.06768162,0.9427425,0.300099,0.028923266,-0.084651776
0.6262016,0.62639874,0.99319106,0.9948974,0.93165714,0.92814994,0.20823997,0.19908401,0.23266762,0.23162928,0.22935908,0.5287426,0.35782424,0.42800933,0.31334075,0.30509037,0.26667777,0.6892767,0.5529103,0.2602902,0.26895204,0.5500694,0.5566649,0.7846658,0.34505266,0.8182353,0.31950122,0.063318804,0.9276665,0.29157656,0.012771403,-0.1585108
0.6167344,0.61512685,0.990764,0.9918544,0.932483,0.9331627,0.2320711,0.21852686,0.22661266,0.22662495,0.2798315,0.44287673,0.4322057,0.46771297,0.29236385,0.3036483,0.25617957,0.6883697,0.5464557,0.24731511,0.25740087,0.5498802,0.55353945,0.8198828,0.32811436,0.84928715,0.30642146,0.05725901,0.8088528,0.2862618,-0.013397547,-0.17524199
0.61066645,0.6103916,0.9846585,0.98388195,0.93835115,0.94351554,0.25207233,0.23842533,0.2118067,0.21312785,0.36266065,0.34378052,0.46803364,0.4895289,0.21646784,0.31149814,0.23299798,0.6950003,0.5485464,0.22773986,0.2354154,0.55091375,0.5522409,0.84432524,0.31749156,0.8705041,0.30206794,0.054963306,0.5585066,0.29584363,-0.031574942,-0.13336612
0.60469025,0.60677505,0.97700375,0.97354174,0.9443382,0.95047295,0.25367454,0.24411085,0.20325325,0.20549902,0.44630843,0.26903775,0.47655332,0.49487674,0.17086235,0.3160643,0.21165384,0.70169294,0.55840135,0.21215825,0.21436907,0.55380756,0.5549574,0.86350816,0.31150264,0.88532543,0.30124763,0.058747467,0.32529074,0.30517197,-0.02895617,-0.053809896
0.60736346,0.60960996,0.9777895,0.9744434,0.9422619,0.9484021,0.25825834,0.25358418,0.1954542,0.20046112,0.49669933,0.22793634,0.47334602,0.48823935,0.14363313,0.319424,0.20483422,0.70697355,0.55897325,0.20783667,0.20706947,0.55505735,0.55471915,0.8620576,0.31201825,0.8851226,0.30437422,0.06650294,0.24945983,0.310892,-0.0122123845,0.03368072
0.61403495,0.61517894,0.9827047,0.9811616,0.9372223,0.9436482,0.26586396,0.26358813,0.19019412,0.19625296,0.5063105,0.21698067,0.46927637,0.4817275,0.13745548,0.31998911,0.20844175,0.7081109,0.55228144,0.21130727,0.20930818,0.5532133,0.55075777,0.8520067,0.31554404,0.8785743,0.30761033,0.071013644,0.26421583,0.31492925,0.010038143,0.09275323
0.61720246,0.6176435,0.9875395,0.98763186,0.93225473,0.9380364,0.27215466,0.2690648,0.18773569,0.19205825,0.475541,0.23631921,0.4683534,0.4804036,0.15070313,0.3144092,0.21702151,0.70373255,0.54469013,0.21830276,0.21591498,0.55147815,0.5480927,0.8466791,0.3203492,0.8772428,0.3072102,0.07119128,0.35701734,0.3180811,0.027774371,0.11317971
0.62128365,0.6235115,0.99140805,0.99244976,0.9281674,0.9307153,0.26802674,0.2621629,0.19090587,0.19280545,0.40703505,0.29697362,0.45861012,0.47878358,0.18741965,0.3041862,0.22766247,0.69460946,0.5421492,0.22515684,0.22505794,0.55115956,0.5500712,0.83828807,0.3286163,0.8700612,0.3076337,0.067542575,0.57057226,0.32014376,0.033327762,0.090025805
0.6286494,0.6332287,0.9936429,0.99521554,0.92864907,0.9256225,0.2382938,0.2343691,0.20385918,0.20452116,0.30122828,0.42959028,0.39914942,0.46212155,0.2360876,0.30154917,0.23597881,0.686652,0.5538906,0.23115033,0.23377874,0.55521613,0.55706257,0.80474776,0.3436391,0.83597267,0.31926033,0.06589722,0.8555601,0.32549626,0.03259152,0.016681978
0.6375517,0.63944197,0.99401915,0.99579155,0.9300614,0.9262018,0.20979159,0.20509127,0.22113198,0.22083974,0.2350514,0.52800363,0.326938,0.41085547,0.2758028,0.30760756,0.2581958,0.6913534,0.5560108,0.2551651,0.2598862,0.55216604,0.55865717,0.7678993,0.35716158,0.804974,0.3289959,0.067681,0.942749,0.3000944,0.028917102,-0.08467437
0.6261986,0.6263954,0.9931907,0.99489707,0.9316567,0.92814994,0.20824476,0.19908789,0.23266856,0.23163022,0.2293658,0.528729,0.35784206,0.42802,0.3133472,0.30508903,0.2666776,0.6892755,0.5529093,0.26028863,0.26895136,0.55006963,0.55666417,0.78467447,0.34504822,0.8182419,0.31949794,0.063316576,0.92765325,0.2915759,0.012763061,-0.15852292
0.61673284,0.6151255,0.99076325,0.9918534,0.9324833,0.9331641,0.2320798,0.21853483,0.22660865,0.22662178,0.27984545,0.44285682,0.43222126,0.4677225,0.29234582,0.30364943,0.2561728,0.6883708,0.5464549,0.24730828,0.25739467,0.54988074,0.5535392,0.8198901,0.3281109,0.8492942,0.30641901,0.05725812,0.80881894,0.28626338,-0.013405638,-0.17523736
0.6106654,0.61039144,0.9846571,0.9838801,0.9383519,0.94351673,0.2520756,0.23842923,0.21180393,0.21312524,0.3626741,0.34376746,0.468042,0.48953584,0.21645455,0.31149957,0.23299131,0.69500184,0.5485488,0.22773394,0.23540933,0.55091494,0.55224186,0.8443332,0.317489,0.8705111,0.30206662,0.054963514,0.5584589,0.2958478,-0.031578247,-0.1333526
0.6046904,0.60677546,0.97700375,0.97354186,0.94433755,0.9504724,0.2536763,0.2441139,0.20325148,0.20549761,0.44631618,0.26903126,0.47655517,0.49487802,0.17085601,0.31606492,0.21165134,0.7016942,0.5584025,0.21215622,0.21436676,0.5538087,0.55495816,0.86351055,0.31150243,0.8853281,0.30124754,0.05874889,0.32527933,0.30517378,-0.028955797,-0.053791933
0.607364,0.6096105,0.97779024,0.97444427,0.94226116,0.94840133,0.25825918,0.2535858,0.19545296,0.20046034,0.4967052,0.22793141,0.4733454,0.48823792,0.14362948,0.31942472,0.204834,0.70697457,0.5589725,0.20783652,0.20706923,0.55505717,0.5547185,0.86205596,0.31201854,0.8851215,0.304375,0.06650436,0.2494571,0.31089327,-0.012211103,0.033693712
0.6140343,0.6151783,0.9827047,0.9811616,0.9372228,0.9436489,0.26586223,0.26358697,0.19019368,0.19625266,0.50631845,0.21697424,0.4692728,0.4817234,0.1374554,0.3199898,0.20844299,0.7081115,0.5522806,0.21130875,0.20930897,0.55321246,0.55075663,0.8520046,0.31554386,0.87857217,0.3076111,0.07101414,0.2641989,0.31493053,0.010038709,0.092760555
0.61720073,0.6176417,0.98753893,0.987631,0.93225574,0.93803793,0.2721527,0.26906392,0.18773498,0.19205758,0.47555184,0.23631011,0.4683507,0.48040053,0.15070046,0.31441042,0.2170214,0.7037335,0.5446906,0.21830334,0.21591435,0.5514778,0.5480921,0.84667975,0.32034808,0.877243,0.30721033,0.07119136,0.35697454,0.3180837,0.027775576,0.1131851
0.62128097,0.62350833,0.99140733,0.9924488,0.9281683,0.9307176,0.26802707,0.26216385,0.19090426,0.19280382,0.40705344,0.29695368,0.4586141,0.47878253,0.18741134,0.30418798,0.22766192,0.6946112,0.5421481,0.22515737,0.2250569,0.55115855,0.55006987,0.8382926,0.32861376,0.870066,0.30763236,0.06754315,0.57049245,0.32014525,0.033331603,0.09003671
0.6286478,0.63322693,0.9936427,0.9952152,0.9286487,0.92562294,0.23829862,0.23437318,0.20385636,0.20451827,0.3012468,0.4295624,0.39916742,0.46212888,0.23608385,0.30154723,0.23597819,0.68665135,0.55388844,0.23114923,0.23377661,0.5552151,0.5570614,0.8047582,0.34363583,0.835982,0.31925735,0.06589584,0.8555132,0.3254996,0.032593697,0.01670089
0.6375514,0.63944197,0.99401927,0.99579155,0.9300615,0.92620194,0.2097934,0.2050936,0.22112885,0.22083676,0.23505755,0.5279946,0.32694376,0.410861,0.27579406,0.307607,0.25819173,0.6913529,0.5560112,0.25516108,0.25988135,0.55216646,0.55865765,0.7679025,0.35716078,0.8049768,0.3289953,0.067681514,0.9427436,0.30009836,0.028922282,-0.08465563
0.6262011,0.6263982,0.99319094,0.9948973,0.931657,0.92814994,0.20824073,0.19908458,0.23266776,0.23162943,0.22936018,0.5287404,0.35782713,0.4280111,0.3133419,0.3050902,0.26667777,0.6892765,0.55291015,0.26028997,0.26895192,0.5500694,0.55666476,0.78466725,0.3450519,0.8182364,0.31950065,0.06331846,0.9276642,0.2915765,0.012770063,-0.15851302
0.6167341,0.6151266,0.99076384,0.9918542,0.93248314,0.93316287,0.2320725,0.21852818,0.22661188,0.2266244,0.27983397,0.44287315,0.4322083,0.46771455,0.29236084,0.30364844,0.2561785,0.68836987,0.5464555,0.247314,0.25739983,0.54988027,0.5535394,0.819884,0.32811376,0.84928834,0.30642107,0.057258867,0.8088468,0.28626218,-0.013398993,-0.17524137
0.6106663,0.61039156,0.98465824,0.9838816,0.9383514,0.94351584,0.25207284,0.23842598,0.2118062,0.21312737,0.3626632,0.343778,0.46803498,0.48953003,0.21646546,0.3114984,0.2329968,0.6950006,0.5485468,0.22773881,0.23541427,0.55091393,0.5522411,0.8443266,0.31749105,0.8705052,0.30206776,0.054963365,0.5584977,0.29584438,-0.031575505,-0.13336387
0.60469025,0.6067751,0.97700375,0.97354174,0.9443381,0.95047283,0.25367478,0.24411134,0.20325294,0.20549877,0.44630986,0.2690366,0.47655365,0.49487698,0.17086132,0.31606442,0.2116534,0.7016932,0.5584015,0.21215795,0.21436866,0.55380774,0.5549575,0.86350864,0.31150255,0.8853259,0.30124757,0.0587477,0.3252884,0.3051722,-0.028956095,-0.053806793
0.6073635,0.6096101,0.97778964,0.9744435,0.9422617,0.948402,0.25825846,0.25358447,0.19545397,0.20046099,0.49670035,0.2279355,0.47334597,0.4882391,0.14363247,0.31942412,0.20483412,0.7069737,0.55897313,0.20783663,0.20706941,0.5550573,0.55471903,0.8620574,0.31201828,0.8851224,0.30437434,0.06650319,0.24945928,0.31089228,-0.012212057,0.03368289
0.6140349,0.6151789,0.9827047,0.9811616,0.93722236,0.94364834,0.2658637,0.26358795,0.19019403,0.1962529,0.50631183,0.21697964,0.4692758,0.48172683,0.13745548,0.3199892,0.20844199,0.70811105,0.55228126,0.21130753,0.20930834,0.5532131,0.5507576,0.8520063,0.315544,0.8785739,0.30761045,0.07101372,0.26421317,0.31492952,0.010038292,0.09275436
0.6172022,0.61764324,0.9875394,0.98763174,0.93225485,0.9380366,0.2721543,0.26906464,0.18773559,0.19205818,0.47554266,0.23631777,0.4683529,0.48040307,0.15070276,0.31440938,0.21702154,0.70373267,0.5446902,0.21830286,0.21591493,0.5514781,0.5480926,0.8466792,0.32034904,0.8772428,0.3072102,0.07119131,0.35701063,0.3180816,0.027774595,0.11318048
0.6212833,0.6235111,0.99140793,0.99244964,0.9281676,0.93071574,0.26802674,0.26216298,0.19090566,0.1928052,0.40703797,0.29697046,0.4586107,0.4787834,0.1874184,0.3041865,0.22766241,0.6946097,0.54214895,0.22515698,0.2250578,0.5511593,0.55007094,0.8382887,0.3286159,0.87006193,0.3076335,0.06754265,0.5705595,0.3201439,0.033328447,0.09002735
0.6286492,0.6332284,0.9936428,0.9952154,0.92864907,0.92562264,0.23829453,0.2343697,0.20385875,0.20452075,0.3012312,0.4295859,0.39915228,0.46212268,0.23608717,0.30154884,0.23597881,0.6866519,0.5538902,0.23115022,0.23377849,0.55521595,0.55706245,0.8047495,0.34363857,0.8359741,0.31925985,0.06589697,0.8555526,0.32549667,0.03259194,0.01668478
0.63755167,0.63944197,0.99401915,0.99579155,0.9300614,0.9262018,0.20979181,0.2050916,0.22113153,0.22083928,0.23505239,0.5280022,0.3269388,0.41085628,0.2758015,0.30760747,0.25819522,0.6913533,0.55601084,0.25516453,0.25988543,0.5521661,0.5586572,0.7678998,0.35716143,0.80497444,0.32899582,0.0676811,0.9427481,0.30009487,0.028917935,-0.08467151
0.626199,0.62639576,0.9931907,0.99489707,0.9316568,0.92814994,0.20824412,0.19908737,0.23266846,0.23163015,0.22936495,0.52873075,0.35783967,0.42801845,0.31334645,0.3050892,0.26667768,0.6892756,0.55290943,0.26028883,0.26895148,0.5500696,0.5566642,0.7846733,0.34504884,0.81824106,0.31949842,0.06331686,0.927655,0.29157585,0.012764163,-0.15852153
0.6167331,0.6151256,0.99076337,0.99185354,0.9324833,0.93316394,0.23207864,0.2185338,0.22660919,0.22662216,0.27984372,0.4428593,0.43221924,0.4677213,0.29234827,0.30364928,0.25617373,0.6883707,0.54645497,0.24730922,0.25739554,0.5498806,0.5535392,0.8198891,0.32811135,0.84929335,0.30641934,0.057258233,0.8088231,0.286263,-0.013404595,-0.175238
0.6106655,0.61039144,0.9846572,0.9838802,0.9383518,0.9435166,0.25207523,0.23842874,0.21180427,0.21312562,0.3626726,0.3437689,0.46804088,0.48953494,0.21645616,0.31149942,0.23299217,0.6950017,0.5485485,0.22773473,0.23541012,0.55091476,0.55224174,0.84433216,0.31748933,0.8705102,0.3020668,0.05496348,0.55846435,0.2958472,-0.03157786,-0.13335426
0.6046904,0.60677546,0.97700375,0.97354186,0.94433767,0.9504724,0.25367606,0.2441135,0.20325173,0.20549782,0.44631523,0.26903206,0.4765549,0.49487785,0.17085686,0.31606486,0.21165173,0.701694,0.55840236,0.2121565,0.21436709,0.55380857,0.55495805,0.8635103,0.31150243,0.8853279,0.30124754,0.058748677,0.32528055,0.30517355,-0.028955737,-0.05379414
0.607364,0.60961044,0.97779024,0.9744442,0.94226116,0.94840145,0.25825912,0.25358567,0.19545314,0.20046046,0.4967044,0.22793211,0.4733456,0.4882382,0.14362994,0.31942466,0.204834,0.7069744,0.5589726,0.20783652,0.20706925,0.5550572,0.5547186,0.86205626,0.3120185,0.8851217,0.3043749,0.06650418,0.2494577,0.3108932,-0.012211148,0.033692185
0.6140344,0.6151784,0.9827047,0.9811616,0.9372227,0.94364876,0.26586238,0.2635871,0.19019377,0.1962527,0.5063175,0.21697503,0.46927318,0.48172385,0.1374554,0.3199897,0.20844284,0.70811146,0.5522807,0.21130855,0.2093088,0.5532126,0.5507568,0.8520048,0.3155439,0.87857234,0.30761108,0.07101408,0.26420107,0.31493044,0.01003862,0.09275963
0.617201,0.61764187,0.98753905,0.98763114,0.9322557,0.93803775,0.27215293,0.26906404,0.1877351,0.19205767,0.4755507,0.23631106,0.46835098,0.48040086,0.15070075,0.3144103,0.21702145,0.70373344,0.54469055,0.21830328,0.21591444,0.55147785,0.5480922,0.8466796,0.32034817,0.877243,0.30721033,0.07119134,0.3569793,0.31808338,0.027775459,0.11318435
0.62128115,0.6235086,0.99140745,0.9924489,0.92816824,0.9307174,0.26802707,0.26216382,0.19090445,0.19280402,0.4070518,0.29695556,0.4586138,0.47878268,0.18741217,0.30418786,0.22766198,0.694611,0.5421482,0.22515737,0.22505702,0.55115867,0.55007,0.8382922,0.328614,0.8700655,0.30763248,0.06754309,0.5704999,0.32014483,0.033331245,0.090035535
0.628648,0.63322705,0.9936427,0.9952152,0.92864877,0.92562294,0.23829827,0.23437291,0.20385663,0.20451853,0.30124527,0.42956468,0.39916587,0.46212834,0.23608409,0.3015474,0.2359782,0.6866514,0.5538886,0.23114926,0.23377676,0.55521524,0.55706143,0.8047573,0.3436361,0.8359812,0.31925756,0.06589596,0.8555174,0.32549915,0.03259346,0.016699074
