0.57,0.57,1.0,1.0,0.97,0.97,0.48297456,0.48192707,0.22,0.22,0.43,0.3,0.15,0.135,1.0,0.31,0.915,0.7,0.35,0.91,0.92,0.35,0.35,0.65,0.4,0.64,0.41,0.08,0.64,0.147,0.022,-0.161
0.57,0.57,1.0,1.0,0.97,0.97,0.36300063,0.36201364,0.26,0.26,0.46,0.26,0.165,0.135,1.0,0.31,0.925,0.7,0.35,0.92,0.93,0.35,0.35,0.66,0.4,0.64,0.41,0.07,0.64,0.13,0.021,-0.168
0.57,0.57,1.0,1.0,0.97,0.97,0.33831364,0.33694175,0.26,0.26,0.48,0.24,0.15,0.135,1.0,0.31,0.93,0.69,0.34,0.93,0.93,0.34,0.34,0.65,0.4,0.64,0.41,0.07,0.65,0.118,0.018,-0.183
0.57,0.57,1.0,1.0,0.97,0.97,0.32177466,0.3207288,0.26,0.26,0.48,0.24,0.165,0.135,1.0,0.31,0.93,0.69,0.34,0.93,0.93,0.34,0.34,0.66,0.4,0.64,0.41,0.07,0.65,0.12,0.019,-0.184
0.57,0.57,1.0,1.0,0.97,0.97,0.3188176,0.3177403,0.26,0.26,0.49,0.23,0.165,0.135,1.0,0.31,0.935,0.69,0.34,0.93,0.94,0.34,0.34,0.66,0.4,0.64,0.41,0.07,0.65,0.119,0.018,-0.187
0.57,0.57,1.0,1.0,0.97,0.97,0.35212117,0.35011572,0.26,0.26,0.47,0.26,0.165,0.135,1.0,0.3,0.935,0.69,0.34,0.93,0.94,0.34,0.34,0.66,0.4,0.64,0.41,0.07,0.65,0.111,0.018,-0.188
0.56,0.56,1.0,1.0,0.97,0.97,0.32710686,0.3253379,0.27,0.27,0.43,0.29,0.165,0.135,1.0,0.3,0.94,0.69,0.34,0.94,0.94,0.34,0.34,0.66,0.4,0.64,0.41,0.06,0.64,0.108,0.018,-0.186
0.56,0.56,1.0,1.0,0.97,0.97,0.28955096,0.28821364,0.28,0.28,0.46,0.27,0.165,0.135,1.0,0.3,0.94,0.69,0.34,0.94,0.94,0.34,0.34,0.66,0.4,0.64,0.41,0.06,0.65,0.108,0.017,-0.181
0.56,0.56,1.0,1.0,0.97,0.97,0.4458996,0.44394204,0.25,0.25,0.29,0.43,0.165,0.135,1.0,0.29,0.94,0.68,0.33,0.94,0.94,0.33,0.33,0.66,0.4,0.64,0.41,0.06,0.65,0.116,0.016,-0.169
0.56,0.56,1.0,1.0,0.97,0.97,0.74871475,0.7361355,0.21,0.21,0.2,0.52,0.135,0.135,1.0,0.29,0.94,0.68,0.33,0.94,0.94,0.33,0.33,0.64,0.41,0.64,0.41,0.06,0.67,0.118,0.015,-0.16
0.56,0.56,1.0,1.0,0.98,0.98,0.18646586,0.18536791,0.34,0.34,0.2,0.52,0.135,0.135,1.0,0.26,0.96,0.66,0.29,0.96,0.96,0.29,0.29,0.64,0.41,0.64,0.41,0.04,0.66,0.13,0.011,-0.152
0.48,0.48,0.89,0.89,1.0,1.0,0.162,0.162,0.36,0.36,0.24,0.48,0.135,0.135,1.0,0.24,0.97,0.64,0.27,0.97,0.97,0.27,0.27,0.64,0.41,0.64,0.41,0.03,0.64,0.129,0.01,-0.148
0.49,0.49,0.9,0.9,1.0,1.0,0.162,0.162,0.36,0.36,0.26,0.46,0.12,0.12,1.0,0.23,0.98,0.64,0.27,0.98,0.98,0.27,0.27,0.63,0.41,0.63,0.42,0.03,0.61,0.117,0.007,-0.132
0.49,0.49,0.9,0.9,1.0,1.0,0.162,0.162,0.36,0.36,0.28,0.45,0.12,0.105,1.0,0.23,0.98,0.63,0.26,0.98,0.98,0.26,0.26,0.63,0.41,0.62,0.42,0.02,0.59,0.129,0.003,-0.105
0.49,0.49,0.9,0.9,1.0,1.0,0.162,0.162,0.36,0.36,0.28,0.44,0.12,0.105,1.0,0.23,0.98,0.63,0.26,0.98,0.98,0.26,0.26,0.63,0.41,0.62,0.42,0.02,0.59,0.129,0.003,-0.068
0.49,0.49,0.91,0.91,1.0,1.0,0.162,0.162,0.36,0.36,0.28,0.44,0.12,0.105,1.0,0.23,0.98,0.63,0.26,0.98,0.98,0.26,0.26,0.63,0.41,0.62,0.42,0.02,0.57,0.137,0.003,-0.043
0.49,0.49,0.91,0.91,1.0,1.0,0.162,0.162,0.37,0.37,0.27,0.45,0.12,0.105,1.0,0.22,0.98,0.63,0.26,0.98,0.98,0.26,0.26,0.63,0.41,0.62,0.42,0.02,0.57,0.14,0.008,-0.027
0.49,0.49,0.91,0.91,1.0,1.0,0.162,0.162,0.43,0.43,0.26,0.46,0.105,0.09,1.0,0.22,0.99,0.63,0.26,0.99,0.99,0.26,0.26,0.62,0.42,0.61,0.42,0.02,0.57,0.143,0.009,-0.028
0.5,0.5,0.93,0.93,1.0,1.0,0.162,0.162,0.45,0.45,0.25,0.47,0.105,0.09,1.0,0.22,0.99,0.63,0.26,0.99,0.99,0.26,0.26,0.62,0.42,0.61,0.42,0.01,0.58,0.146,0.008,-0.029
0.5,0.5,0.93,0.93,1.0,1.0,0.162,0.162,0.45,0.45,0.25,0.47,0.09,0.075,1.0,0.22,0.99,0.63,0.25,0.99,0.99,0.25,0.25,0.61,0.42,0.6,0.43,0.01,0.58,0.142,0.008,-0.032
0.5400972,0.54163045,0.95468956,0.9588508,0.97711325,0.976644,0.19391288,0.19873522,0.38562948,0.39585906,0.28890732,0.43357491,0.10094765,0.08735033,0.9824042,0.24431556,0.97003204,0.6399457,0.27307513,0.96830386,0.9703608,0.2762426,0.27339062,0.618916,0.42371368,0.60788924,0.42413834,0.040945124,0.6247152,0.13803986,0.005509097,-0.020213638
0.6098713,0.6040883,0.9887283,0.98755324,0.94944817,0.94470435,0.18082109,0.18834083,0.36215705,0.37409976,0.3752111,0.3343599,0.09053225,0.0847086,0.92977893,0.30057892,0.91419226,0.6947346,0.38254198,0.9101591,0.9125823,0.3810512,0.3837399,0.6197918,0.41298327,0.6102258,0.4167301,0.07454833,0.6273943,0.16446663,-0.013105417,-0.033942517
0.6089766,0.59590805,0.992309,0.99088556,0.93995386,0.93060875,0.16846852,0.17084181,0.37138614,0.37220177,0.4393278,0.27777916,0.09891469,0.09861437,0.76503164,0.34163687,0.75812995,0.7324963,0.48859775,0.7526866,0.75504994,0.4912029,0.49572495,0.6102622,0.4184945,0.6092032,0.4163993,0.08253423,0.6304871,0.1625397,-0.012326943,-0.03506745
0.56556594,0.5396165,0.9619361,0.95666075,0.9768654,0.9785125,0.22336376,0.21191815,0.37298295,0.36614606,0.5883162,0.16176382,0.20325074,0.20851615,0.40223145,0.35121256,0.43133295,0.7423851,0.54697824,0.44614565,0.43192407,0.54772675,0.5429808,0.69768035,0.40019977,0.70182425,0.39721194,0.05635789,0.42832527,0.14530532,-0.007388323,0.03188612
0.3757022,0.3452509,0.7203613,0.70771587,0.98805714,0.987966,0.20109244,0.18287401,0.34623957,0.34627864,0.5408682,0.183359,0.27651802,0.29819447,0.15149449,0.39328122,0.283568,0.77083725,0.56977725,0.3092494,0.290244,0.5607763,0.55621445,0.765977,0.36587074,0.7857261,0.36516288,0.08447931,0.43247604,0.15093029,0.04058224,0.12091748
0.098439716,0.08853952,0.09513955,0.10583172,0.9936394,0.9935741,0.18446676,0.18907793,0.32593095,0.3142074,0.46624562,0.2431528,0.2765563,0.32484123,0.03402591,0.4392446,0.23296613,0.79992074,0.57777655,0.24180494,0.22474232,0.58015466,0.5791828,0.78393364,0.37404066,0.80554956,0.36371753,0.16199106,0.6905074,0.14963809,0.09485723,0.15399273
0.042419024,0.036762144,0.021130625,0.029391576,0.995191,0.9957734,0.18040654,0.19469903,0.32669058,0.3235904,0.39596623,0.301461,0.2831826,0.3397544,0.013727768,0.4393604,0.23909408,0.8020559,0.56637,0.24598198,0.23726456,0.5723319,0.5689692,0.79005104,0.378964,0.8232274,0.3644327,0.23914751,0.83167744,0.1939004,0.057165027,0.15496017
0.036275595,0.031640932,0.01722362,0.023892872,0.9953555,0.99584585,0.1792884,0.19045463,0.32924363,0.3264727,0.3459988,0.34703818,0.3086902,0.3699957,0.012031444,0.4350561,0.23565343,0.8005345,0.5693779,0.23988897,0.23726359,0.5750308,0.5699954,0.81411266,0.36546624,0.8492763,0.35040814,0.29329476,0.80973446,0.19812809,0.042099018,0.114088066
0.033362035,0.029494489,0.017853504,0.023514824,0.99525464,0.99565434,0.16642319,0.17383817,0.33884773,0.33250302,0.30472112,0.39246374,0.32559577,0.39412332,0.013517084,0.43090767,0.24156916,0.79384345,0.57541907,0.24309817,0.23871018,0.5785233,0.5742095,0.83690995,0.35453802,0.87156653,0.33504027,0.3782574,0.7618743,0.1878692,0.03554253,0.055050123
0.031909615,0.028571129,0.017593928,0.02266218,0.9950118,0.9953253,0.1611967,0.1675387,0.34412238,0.34044293,0.3052667,0.3975743,0.34791338,0.41503558,0.013069315,0.43109116,0.24069001,0.7898044,0.57415235,0.24039884,0.23633893,0.5766673,0.5733586,0.84018856,0.3437864,0.8748542,0.32443306,0.42200005,0.7511,0.17470412,0.025486104,0.022087513
0.030392665,0.027664606,0.01651935,0.020835944,0.9949339,0.9950917,0.16226576,0.1672698,0.34170318,0.3415908,0.31632417,0.38881603,0.3761172,0.44094795,0.01151478,0.42568904,0.23825124,0.7848602,0.5712107,0.23643762,0.23337084,0.5726496,0.56994414,0.85128677,0.33221182,0.88490206,0.31293833,0.44490147,0.7349706,0.16651039,0.01792507,-7.094443e-05
0.028611397,0.026473656,0.015056914,0.018525323,0.99490064,0.99490094,0.16525398,0.16557433,0.34042972,0.3407637,0.34204236,0.36486238,0.4052876,0.46557957,0.010217707,0.4179392,0.2359095,0.77868533,0.5667804,0.23354246,0.23275837,0.56741154,0.5658095,0.8584874,0.32325482,0.8915315,0.30528402,0.4608721,0.7040334,0.16518833,0.011793976,-0.021125458
0.028090054,0.026236977,0.014444791,0.017556295,0.9948768,0.99477863,0.17028412,0.16735683,0.33432087,0.33647305,0.36901465,0.34071887,0.42021316,0.47342938,0.009561909,0.41388312,0.23434417,0.7754365,0.5633514,0.23119472,0.23190314,0.5627407,0.5619971,0.85820913,0.31899384,0.89119685,0.3028979,0.4615903,0.6987372,0.16852306,0.008074958,-0.032947734
0.028023355,0.026375324,0.014144074,0.017333265,0.9949234,0.9947865,0.17603363,0.17034084,0.3271287,0.33075213,0.39722964,0.31592607,0.42328423,0.4680986,0.009569758,0.4121841,0.23399922,0.77429247,0.5605908,0.22994432,0.23188114,0.5589138,0.55851454,0.85071826,0.31968707,0.884577,0.30489624,0.44681534,0.71368694,0.17390373,0.005926063,-0.041127
0.028309155,0.026676238,0.014172918,0.017616441,0.9949556,0.9948138,0.18134736,0.17372727,0.32087913,0.32576066,0.41781405,0.29860622,0.41646326,0.45473945,0.01007704,0.4127321,0.23604041,0.77479184,0.5581293,0.2310677,0.23341674,0.5560591,0.5550812,0.8384004,0.32368535,0.8741648,0.30923176,0.4318038,0.73579466,0.18020898,0.004045718,-0.04751331
0.029053058,0.027205778,0.01451189,0.018308997,0.99497753,0.9948691,0.18575773,0.17776132,0.31574458,0.32226232,0.42546943,0.2922416,0.40168938,0.4360639,0.0108492365,0.4159243,0.23918194,0.7773391,0.5562398,0.23370059,0.23542616,0.55442166,0.5526945,0.82383543,0.32940835,0.861485,0.3146661,0.41873643,0.7659788,0.18575293,0.0029582295,-0.050908253
0.030111281,0.0281029,0.015087899,0.019407488,0.99508494,0.9950713,0.18897302,0.18289895,0.3136064,0.32131073,0.42740378,0.2900316,0.37793425,0.4090386,0.012095269,0.42331383,0.24346149,0.7828159,0.55535537,0.23811027,0.2379364,0.5536906,0.5521819,0.80531067,0.3371885,0.8434049,0.32231525,0.39586672,0.8040885,0.18504721,0.004225199,-0.04998972
0.031570155,0.029712362,0.015914127,0.020881822,0.9952683,0.99538344,0.19245075,0.18963206,0.31251416,0.3211191,0.42761055,0.29052565,0.34873146,0.3753585,0.0141559,0.43275172,0.24914292,0.7881333,0.55608314,0.24399191,0.24063765,0.55281514,0.5525128,0.7840638,0.3470198,0.82039636,0.33135694,0.35399875,0.8462271,0.17981184,0.008012705,-0.046089582
0.032867204,0.031679742,0.016984394,0.02256206,0.99548495,0.99573636,0.19486107,0.19518639,0.31375435,0.32208782,0.42909983,0.2917327,0.31670225,0.3372463,0.017523672,0.4426423,0.256044,0.79198086,0.5573243,0.25113574,0.24448563,0.55078894,0.55291885,0.7617585,0.35915855,0.7944025,0.34141353,0.30304044,0.8760863,0.17254783,0.012625352,-0.044326387
0.033982225,0.033886403,0.018726984,0.024962997,0.9957021,0.99609405,0.19595316,0.19815655,0.31811985,0.3261295,0.43128672,0.2943439,0.28855172,0.3011034,0.023983864,0.45278612,0.26144257,0.79622716,0.5586947,0.25806397,0.24939878,0.54843307,0.5548396,0.739521,0.37123194,0.7674804,0.35062864,0.24939099,0.8828004,0.16326346,0.017749159,-0.048662025
0.03729193,0.038255997,0.022980072,0.029859593,0.9958811,0.99644464,0.1967356,0.19849057,0.32514462,0.33801684,0.43139675,0.3006989,0.26968125,0.27121392,0.041455053,0.46180227,0.26534802,0.8012632,0.55936295,0.2679993,0.25866416,0.54693305,0.5598536,0.715363,0.38302505,0.7368772,0.35987368,0.19045031,0.85127354,0.15814333,0.017946014,-0.05479956
0.10907634,0.11550579,0.12451347,0.12114037,0.9969702,0.9969982,0.21362162,0.19329807,0.34290677,0.38141084,0.40424213,0.30989626,0.28600052,0.25567907,0.25871527,0.4254236,0.38552946,0.7840187,0.5246378,0.40835047,0.41063148,0.53223115,0.5380389,0.6974329,0.4144814,0.6813675,0.38430834,0.088876866,0.5815873,0.2330766,-0.013375296,-0.043695606
0.10946764,0.12748805,0.16436672,0.1581278,0.99690163,0.99690586,0.16718315,0.16841698,0.3720857,0.3700251,0.41389924,0.31386554,0.26382294,0.2053852,0.48558652,0.36107534,0.66172683,0.7405684,0.51104593,0.63827914,0.6488256,0.5007319,0.508798,0.6925786,0.4062052,0.6842422,0.3917613,0.07548583,0.5041314,0.24008024,0.0049916166,-0.077505656
0.11543782,0.13208628,0.17285486,0.162604,0.9968991,0.9968195,0.16715267,0.16693215,0.36567205,0.37554443,0.3908517,0.33882117,0.270199,0.21414107,0.50008774,0.3663344,0.63171756,0.745604,0.5198498,0.6197502,0.6347657,0.5115863,0.5203252,0.69940317,0.40865922,0.6884483,0.39172772,0.08134231,0.5110098,0.24442206,-0.014264406,-0.070292376
0.056548744,0.060502216,0.04977542,0.0510987,0.9964658,0.99655175,0.18186404,0.17482604,0.34258324,0.36346248,0.37998396,0.34936234,0.30720407,0.28848836,0.22662152,0.416243,0.3512767,0.776593,0.5711654,0.3549849,0.35397714,0.559674,0.5657645,0.7511791,0.375254,0.7506059,0.36032838,0.1413902,0.548241,0.2338117,0.0014227843,-0.052535143
0.037909154,0.037787534,0.029590635,0.034097027,0.9952819,0.9959323,0.19097538,0.18087953,0.3335109,0.34259102,0.41305605,0.32250512,0.34473595,0.3388829,0.098234005,0.41530842,0.2867531,0.7775828,0.5722052,0.28955615,0.2898108,0.5621769,0.5683832,0.77765507,0.33675054,0.79885286,0.33420652,0.1637422,0.44590312,0.20457196,-0.020617774,-0.065932326
0.032159414,0.030770862,0.020169033,0.023722922,0.99447,0.99492574,0.20203076,0.18524095,0.3157405,0.30651,0.44590172,0.28903595,0.3826648,0.38945115,0.028829299,0.4096176,0.23493455,0.7717006,0.5607455,0.23257186,0.2338047,0.5561385,0.5513767,0.8136821,0.33389503,0.8427796,0.33409512,0.22009026,0.40511054,0.2310513,-0.0066492325,-0.08531731
0.031805832,0.02964376,0.018697714,0.020789724,0.99455935,0.9947031,0.20448747,0.1903701,0.2951238,0.29320976,0.38719937,0.33885965,0.38511398,0.4120518,0.014992177,0.4009299,0.23141322,0.76905197,0.5536909,0.23078194,0.23059909,0.55329704,0.5519361,0.8398711,0.3341047,0.87125295,0.33038628,0.27164537,0.46994793,0.27272996,0.013234334,-0.07345888
0.031415675,0.02888656,0.017107833,0.019126283,0.9940905,0.9940492,0.1983905,0.1852871,0.2911885,0.29345772,0.3902256,0.3314715,0.3962652,0.43176275,0.009967074,0.3995678,0.22943856,0.76724803,0.5470767,0.22579975,0.22817221,0.548325,0.54282415,0.8391802,0.33331284,0.8747121,0.3246028,0.35582364,0.54068506,0.28072193,-0.010009804,-0.059211113
0.032827478,0.029500008,0.017568782,0.019544689,0.99360526,0.9934983,0.19151682,0.18152896,0.28536177,0.29278013,0.37130833,0.34789023,0.40286332,0.4464041,0.008324823,0.39926842,0.22928114,0.766156,0.5450342,0.2259567,0.22851175,0.547646,0.54156643,0.84155834,0.32873967,0.87990224,0.31684473,0.42533362,0.6068467,0.28992695,-0.016655693,-0.05312381
0.03318344,0.029778266,0.017884139,0.019625,0.9934762,0.99333936,0.18664615,0.17802335,0.28305683,0.29105467,0.36522752,0.35267898,0.41657975,0.46162567,0.008050327,0.3970271,0.23130265,0.7637562,0.5460133,0.22813597,0.22962226,0.5477063,0.5422775,0.8500209,0.3211952,0.887717,0.3091274,0.4575292,0.612857,0.29562944,-0.017099338,-0.061473556
0.03230764,0.029282281,0.01743817,0.018971762,0.9936254,0.99344134,0.18405738,0.17440432,0.28403422,0.29002762,0.36748275,0.35051793,0.4313571,0.47635522,0.0081600025,0.39249158,0.23497099,0.75960094,0.5473648,0.23147312,0.232881,0.5481107,0.54368585,0.85727715,0.315106,0.8938982,0.3031835,0.47586095,0.6070706,0.29853523,-0.015514127,-0.06852957
0.031527888,0.028854609,0.017061407,0.018462287,0.99376774,0.9935502,0.18357587,0.17263938,0.28356642,0.28804258,0.3738826,0.34487972,0.44250873,0.48672116,0.008316317,0.388069,0.2381745,0.75559664,0.54833066,0.23436935,0.23564385,0.548276,0.54458594,0.8621056,0.31089687,0.8978661,0.2990928,0.4860038,0.60322547,0.30010885,-0.011930287,-0.07138127
0.031360447,0.028855843,0.017163077,0.01856358,0.9938454,0.99362385,0.1836551,0.17271258,0.28011262,0.28488958,0.38168773,0.3373765,0.4466507,0.48966628,0.008439846,0.38525978,0.24023224,0.75326204,0.54896194,0.2363619,0.23654474,0.5479856,0.54471505,0.864353,0.30848253,0.8996631,0.29645917,0.49084604,0.6106068,0.30148798,-0.006446123,-0.0724135
0.031369343,0.02897203,0.017236872,0.018626835,0.993802,0.9935755,0.18390761,0.17273338,0.2762919,0.28134385,0.39074922,0.3285534,0.45337275,0.49573544,0.008250846,0.38205627,0.24090588,0.7503259,0.54931074,0.23709895,0.23656432,0.54725343,0.5441831,0.86744136,0.30632272,0.90274507,0.2935934,0.50131243,0.6185662,0.30103275,-0.0025191105,-0.072237834
0.030988816,0.028722664,0.016997416,0.0183141,0.99379563,0.9935573,0.18385507,0.17172882,0.27561817,0.27954856,0.39863974,0.32048425,0.46042913,0.5027742,0.008064513,0.37887776,0.24209799,0.74765456,0.54937845,0.23828104,0.23784363,0.5468271,0.5441651,0.8703954,0.30487427,0.9057719,0.29170343,0.51627934,0.615217,0.30053693,-3.0085444e-05,-0.072072566
0.030732675,0.028561745,0.016833587,0.018004933,0.99373853,0.9934777,0.18380834,0.17072864,0.27609956,0.27861992,0.40268412,0.31592414,0.4680946,0.51103854,0.007842576,0.3761607,0.24313475,0.7452716,0.5495631,0.23921461,0.23905161,0.5469612,0.54487246,0.8738543,0.3034327,0.909288,0.28993395,0.5355362,0.60543364,0.29935682,0.0025950165,-0.07133148
0.030682934,0.028590076,0.016792614,0.01779662,0.99362504,0.99333996,0.18379505,0.16992621,0.27742377,0.27839744,0.40613887,0.31224796,0.47610098,0.5198016,0.00762402,0.37417915,0.24343804,0.74329764,0.54998237,0.23952144,0.23964335,0.5475387,0.546062,0.8773325,0.30210897,0.91270006,0.28830668,0.55616486,0.59144104,0.2965648,0.0055606537,-0.06931351
0.030837024,0.028816083,0.016879609,0.01774578,0.99350184,0.99319553,0.1837896,0.16968858,0.2786956,0.2783419,0.4080086,0.31001836,0.48358166,0.528278,0.0074288086,0.37249032,0.24346748,0.74168265,0.5507146,0.23961969,0.23966219,0.5483966,0.547471,0.88139904,0.30080405,0.9164428,0.28656477,0.57404524,0.5783055,0.2928132,0.008653022,-0.06593044
0.031075437,0.029130911,0.017010918,0.017788745,0.99339795,0.9930767,0.18367837,0.16986,0.2797784,0.27842307,0.4088375,0.30864576,0.48995203,0.535714,0.0072690756,0.3709537,0.2434338,0.7403818,0.5516123,0.23977725,0.23942214,0.5492887,0.5488151,0.8855002,0.29956636,0.9200797,0.28477687,0.58772343,0.5682699,0.28880495,0.011347358,-0.061943196
0.031300444,0.02942644,0.017128952,0.017866919,0.993331,0.99300075,0.18343037,0.17019151,0.28075796,0.27871326,0.40877774,0.30795684,0.49473447,0.54145235,0.007158907,0.3696343,0.24351221,0.7394828,0.55243737,0.24010083,0.23920187,0.5500169,0.54989904,0.8891224,0.29853737,0.9232123,0.2831942,0.59737146,0.56168187,0.28494337,0.01329226,-0.05829342
0.031442568,0.029624658,0.017189166,0.017916992,0.9933001,0.9929639,0.18317118,0.17049128,0.2818484,0.27927846,0.40817133,0.30777195,0.49806127,0.54552484,0.00710305,0.36862135,0.24375194,0.73894936,0.55304563,0.24055313,0.23918071,0.55056113,0.55072784,0.8918365,0.29779002,0.92553556,0.28201517,0.6040116,0.5574339,0.28124946,0.014625207,-0.055483315
0.03151569,0.029733125,0.017199723,0.017934453,0.9932962,0.9929557,0.18289958,0.1707344,0.28290018,0.2799624,0.4068082,0.30828178,0.5003382,0.5483954,0.007085306,0.36786848,0.24413647,0.7386798,0.5534605,0.2410864,0.2393299,0.55094373,0.5513312,0.89386296,0.29721093,0.92726535,0.28112286,0.6085918,0.5553665,0.27781674,0.015385054,-0.05360484
0.031538915,0.029770305,0.017171374,0.017920483,0.9933119,0.99296725,0.18260726,0.17090848,0.28383845,0.2806668,0.40459543,0.30959147,0.50187063,0.55041635,0.0070974897,0.36732006,0.2446638,0.7385833,0.55373615,0.24167792,0.23963338,0.55121666,0.55175394,0.89540225,0.2967363,0.9285818,0.28042674,0.6117725,0.5552554,0.2746886,0.015606104,-0.052624486
0.03152556,0.029757312,0.017106727,0.017869188,0.9933428,0.99299216,0.18233675,0.17103183,0.28462374,0.28129554,0.4015732,0.31170893,0.50310105,0.5520723,0.0071306764,0.36685264,0.24532543,0.7385281,0.5539327,0.24229658,0.24007097,0.5514328,0.5520452,0.89672923,0.29627678,0.9297143,0.27980328,0.61388975,0.5567117,0.27183816,0.01533333,-0.052437965
0.031490427,0.029715909,0.017014705,0.01778353,0.99338174,0.9930226,0.18210514,0.17111318,0.2852949,0.2818492,0.39800182,0.31446087,0.50428677,0.5536279,0.0071758796,0.36643633,0.24605608,0.7384611,0.55409104,0.24288774,0.24059631,0.55162895,0.55225503,0.8979607,0.2957955,0.9307535,0.2791982,0.6152253,0.55919373,0.26921722,0.01462476,-0.05288964
0.03145877,0.029683227,0.016911432,0.017671974,0.9934182,0.99304694,0.18194042,0.17118749,0.285901,0.28230873,0.3941209,0.3176882,0.5058172,0.5554859,0.007217632,0.36600548,0.24673544,0.7383127,0.5542554,0.2433377,0.24109896,0.5518452,0.5524591,0.89932686,0.2952426,0.931878,0.2785263,0.61626905,0.56173074,0.2667062,0.013491304,-0.053783555
0.03143029,0.029666867,0.016797747,0.017534815,0.99344856,0.9930622,0.1818752,0.17126276,0.28650647,0.28270003,0.3904932,0.32091206,0.50787675,0.557808,0.0072443495,0.3655425,0.24728198,0.7380648,0.55441546,0.24360046,0.24153191,0.5520653,0.55266905,0.90083086,0.29460204,0.93308586,0.2777802,0.6170455,0.5636783,0.26423195,0.012073869,-0.05488785
0.03140731,0.029665934,0.016686087,0.01738978,0.99347126,0.9930687,0.18188366,0.17134464,0.2871219,0.28307053,0.3874514,0.32377857,0.51022243,0.5603516,0.007255263,0.36509892,0.24769947,0.73777974,0.55456,0.24371965,0.24189022,0.55227345,0.5528751,0.902343,0.29393324,0.9342757,0.27702504,0.6176074,0.564922,0.26182982,0.010536415,-0.055991516
0.03139188,0.029676791,0.016587865,0.017254239,0.9934863,0.9930676,0.18192755,0.17142929,0.28774768,0.2834626,0.38516808,0.32605687,0.5125607,0.5628313,0.007253779,0.36472812,0.24801748,0.7375229,0.5546832,0.2437582,0.24218561,0.552458,0.55306417,0.90373594,0.29330173,0.93535197,0.27632758,0.6180309,0.5655286,0.2595457,0.00902138,-0.056932434
0.031386517,0.02969782,0.01651156,0.017141325,0.99349445,0.99306136,0.18197551,0.17152037,0.28836283,0.28388786,0.3836205,0.32769534,0.5146734,0.56504947,0.0072439276,0.3644489,0.24827437,0.73733294,0.5547906,0.2437724,0.24242827,0.55261564,0.55323005,0.904963,0.2927477,0.93628436,0.2757197,0.6183907,0.5656333,0.25742176,0.0076216324,-0.057624202
0.03138723,0.029721241,0.016457783,0.017054996,0.9934981,0.99305266,0.18200578,0.1716034,0.2889701,0.28436074,0.3827396,0.32870376,0.5163809,0.5668422,0.0072317603,0.3642751,0.24850594,0.7372363,0.55488694,0.2438089,0.24264336,0.55275035,0.5533731,0.90597016,0.29231104,0.9370359,0.27523857,0.61871105,0.565383,0.25549048,0.006415473,-0.05805812
0.031391345,0.029743323,0.01642454,0.016994946,0.99349916,0.9930441,0.18201,0.17167614,0.2895544,0.28486773,0.3823913,0.32916975,0.5176337,0.56817496,0.007219676,0.3641941,0.24872757,0.73723215,0.5549771,0.24388468,0.24283728,0.5528629,0.5534931,0.9067717,0.29199657,0.93762267,0.27488297,0.6190087,0.56490976,0.25376388,0.0054239845,-0.058265243
0.031396825,0.029762471,0.01640724,0.016956743,0.99349904,0.99303657,0.18198976,0.17173544,0.2901135,0.28539386,0.38243967,0.32921118,0.51848084,0.5691042,0.0072089345,0.36418584,0.24893914,0.73730344,0.5550645,0.24399737,0.24301253,0.5529562,0.5535941,0.9074038,0.29178894,0.93807614,0.27463388,0.6192946,0.56428975,0.25223115,0.0046377,-0.05829475
0.031401895,0.029777342,0.016400985,0.016935185,0.9934987,0.99303097,0.18194743,0.17177781,0.29064685,0.28592527,0.38274893,0.32895598,0.5189842,0.5696938,0.0072006155,0.36423337,0.24913749,0.73743254,0.5551496,0.24413837,0.24317078,0.55303323,0.553679,0.9078964,0.2916707,0.93842214,0.27447224,0.6195716,0.56360257,0.25087735,0.0040304293,-0.058206048
0.03140679,0.029789165,0.016401825,0.016925422,0.9934987,0.99302715,0.1818887,0.17180662,0.29115006,0.28644502,0.38318193,0.32854214,0.51923716,0.5700377,0.007194691,0.3643161,0.24931684,0.73759764,0.5552326,0.24429254,0.24330851,0.5530967,0.5537508,0.9082921,0.29161602,0.9386954,0.27437016,0.6198471,0.56290966,0.24967957,0.003555894,-0.058052402
0.031411257,0.029798359,0.016405933,0.01692259,0.9934993,0.99302506,0.18181998,0.17182271,0.29162502,0.28694344,0.38363898,0.32807672,0.5193246,0.57021743,0.00719117,0.36442006,0.2494723,0.7377804,0.55531186,0.24444568,0.24342567,0.55315,0.5538122,0.90861666,0.29160333,0.93891686,0.27430713,0.6201202,0.56225675,0.24861184,0.0031718952,-0.057880454
0.031414814,0.029805047,0.016410228,0.016922543,0.9935002,0.9930241,0.18174726,0.17182699,0.29207548,0.287416,0.3840605,0.32762986,0.51931626,0.57029784,0.0071896175,0.36453652,0.2495992,0.73796743,0.55538446,0.24458523,0.24352251,0.5531946,0.5538649,0.90888387,0.2916157,0.9390975,0.27426922,0.620382,0.5616708,0.24764867,0.0028440428,-0.05772203
0.031416886,0.029808948,0.016412552,0.016922224,0.99350137,0.9930239,0.1816762,0.17182057,0.29250625,0.28786257,0.38442254,0.3272365,0.51926196,0.5703246,0.007189485,0.36466134,0.24969612,0.73815024,0.5554475,0.24470338,0.2436013,0.55323154,0.55391014,0.9090978,0.29164138,0.9392405,0.27424893,0.62062335,0.5611604,0.2467683,0.0025508497,-0.05759253
0.031417266,0.029810086,0.016412059,0.016920162,0.99350256,0.993024,0.18161018,0.17180616,0.29291812,0.28828317,0.38471714,0.3269114,0.51918936,0.5703229,0.007190244,0.36479163,0.24976571,0.7383242,0.5554995,0.24479781,0.24366471,0.55326194,0.55394834,0.9092621,0.29167357,0.9393486,0.2742417,0.62083596,0.56073034,0.24595602,0.0022788455,-0.05749459
0.03141546,0.029807976,0.01640851,0.016915785,0.993504,0.99302435,0.1815509,0.17178573,0.29331088,0.28867972,0.38495046,0.32665142,0.519104,0.5702978,0.00719166,0.36492658,0.24981453,0.7384888,0.55554,0.24487193,0.24371767,0.5532861,0.55397946,0.909377,0.29171062,0.93942106,0.27424762,0.62100834,0.56038564,0.24520414,0.0020237388,-0.05742521
0.03141146,0.029802687,0.016402349,0.016909316,0.99350536,0.99302495,0.18149845,0.17176135,0.29368284,0.28905344,0.3851332,0.32644668,0.51900494,0.5702489,0.007193553,0.36506534,0.24984923,0.73864466,0.5555702,0.24493024,0.24376383,0.55330485,0.5540036,0.9094458,0.291752,0.9394604,0.2742664,0.62113506,0.5601246,0.24450849,0.0017845761,-0.057377994
0.031405702,0.029794749,0.016394518,0.016901588,0.9935069,0.99302566,0.18145177,0.17173517,0.29403162,0.2894049,0.385272,0.3262891,0.51888597,0.5701718,0.007195876,0.3652065,0.24987614,0.7387934,0.55559224,0.24497803,0.24380587,0.5533192,0.5540216,0.9094755,0.2917985,0.93947124,0.2742974,0.6212182,0.5599405,0.24386749,0.0015609997,-0.057348877
0.031398673,0.029784827,0.016385846,0.016893296,0.9935086,0.99302673,0.18140985,0.17170845,0.2943566,0.28973487,0.38537568,0.32616875,0.51874584,0.5700671,0.0071985815,0.3653487,0.24989922,0.7389358,0.55560833,0.2450189,0.24384518,0.55333054,0.55403465,0.9094742,0.29185,0.93945956,0.27433884,0.6212649,0.5598201,0.24327864,0.0013526819,-0.057334404
0.03139083,0.029773528,0.016376926,0.016884863,0.9935102,0.99302775,0.18137214,0.17168155,0.2946587,0.29004425,0.38545486,0.32607523,0.5185873,0.5699387,0.007201591,0.3654907,0.2499201,0.7390722,0.5556205,0.24505483,0.24388254,0.5533398,0.55404407,0.90944934,0.29190582,0.9394306,0.2743887,0.621284,0.55974555,0.2427383,0.0011597122,-0.057331618
0.03138253,0.029761422,0.016368141,0.01687661,0.99351174,0.99302894,0.1813382,0.17165475,0.29493907,0.29033387,0.38552022,0.32599816,0.51841426,0.56979185,0.007204803,0.36563128,0.24993922,0.7392027,0.55563015,0.24508692,0.24391793,0.55334777,0.5540508,0.90940726,0.291965,0.93938905,0.274445,0.62128466,0.55969924,0.24224335,0.0009827163,-0.057337157
0.031374052,0.029748937,0.01635976,0.016868748,0.99351317,0.99303,0.18130763,0.17162804,0.2951995,0.2906048,0.38558105,0.32592875,0.5182306,0.5696309,0.0072081154,0.36576942,0.2499562,0.7393271,0.5556382,0.24511564,0.24395116,0.5533549,0.55405575,0.90935254,0.29202682,0.93933815,0.27450606,0.6212743,0.55966663,0.24179053,0.00082178396,-0.057347905
0.031365577,0.02973632,0.016351905,0.01686138,0.9935144,0.9930311,0.18128033,0.17160143,0.29544175,0.29085812,0.3856449,0.32585958,0.5180399,0.56946,0.00721145,0.36590445,0.2499705,0.7394454,0.55564517,0.24514125,0.24398196,0.5533615,0.5540595,0.90928787,0.29209068,0.93927985,0.27457085,0.6212584,0.55963635,0.24137668,0.0006778686,-0.057360172
0.031357218,0.02972376,0.016344713,0.016854629,0.9935155,0.99303186,0.18125582,0.171575,0.29566705,0.29109487,0.38571703,0.3257853,0.51784295,0.56928027,0.0072147488,0.36603606,0.249982,0.73955804,0.55565137,0.245164,0.24401003,0.55336756,0.55406237,0.9092149,0.2921564,0.9392155,0.2746388,0.62124044,0.559602,0.24099998,0.0005509704,-0.057370804
0.03134908,0.029711353,0.016338235,0.01684864,0.99351645,0.9930327,0.1812336,0.17154866,0.29587653,0.2913161,0.3858001,0.32570255,0.51763976,0.5690923,0.0072179874,0.36616427,0.2499904,0.7396655,0.55565685,0.2451843,0.24403521,0.5533731,0.55406445,0.90913427,0.292224,0.93914557,0.27470967,0.62122357,0.5595615,0.24065764,0.00044117865,-0.057377547
0.03134117,0.029699113,0.016332489,0.016843446,0.99351716,0.9930334,0.1812133,0.17152253,0.29607126,0.29152286,0.3858953,0.3256095,0.5174301,0.56889594,0.007221142,0.3662891,0.24999577,0.7397683,0.5556616,0.24520247,0.24405757,0.5533779,0.5540657,0.90904605,0.29229352,0.9390701,0.27478328,0.62120885,0.55951434,0.240348,0.00034801662,-0.057378706
0.031333286,0.029686749,0.01632738,0.016839039,0.99351776,0.9930341,0.18119428,0.17149597,0.2962525,0.29171664,0.3860041,0.32550406,0.5172101,0.5686872,0.007224315,0.36641157,0.24999869,0.7398677,0.5556652,0.24521944,0.24407785,0.55338174,0.5540659,0.9089482,0.29236597,0.9389874,0.27486092,0.6211953,0.5594644,0.24006961,0.0002721697,-0.05737405
0.03132537,0.029674167,0.01632284,0.016835408,0.9935182,0.99303484,0.18117622,0.17146917,0.29642045,0.29189795,0.38612404,0.32538745,0.51697874,0.5684656,0.0072275,0.36653167,0.24999964,0.73996395,0.55566764,0.24523582,0.24409622,0.5533844,0.55406475,0.9088409,0.29244116,0.9388979,0.27494234,0.6211821,0.5594158,0.23982146,0.00021250546,-0.057363283
0.031317472,0.029661473,0.016318804,0.016832473,0.99351865,0.9930356,0.18115908,0.17144239,0.29657578,0.29206723,0.3862514,0.325263,0.5167381,0.5682333,0.00723071,0.366649,0.24999893,0.7400571,0.555669,0.24525173,0.24411282,0.5533859,0.55406237,0.9087261,0.29251862,0.93880296,0.27502665,0.62116945,0.5593699,0.23960175,0.00016738474,-0.057347056
0.03130985,0.029648956,0.016315369,0.01683031,0.993519,0.99303645,0.1811424,0.17141588,0.29671884,0.2922246,0.38638008,0.32513636,0.5164908,0.5679933,0.007233945,0.36676303,0.24999657,0.740147,0.5556698,0.24526677,0.24412735,0.5533867,0.5540592,0.9086064,0.29259738,0.9387046,0.27511257,0.6211602,0.5593275,0.23940836,0.00013403594,-0.0573269
0.03130235,0.029636517,0.016312277,0.016828613,0.99351937,0.9930373,0.18112658,0.17138946,0.2968511,0.29237098,0.3865091,0.325009,0.51623994,0.56774867,0.0072372262,0.36687368,0.24999264,0.74023324,0.5556697,0.245281,0.2441403,0.55338675,0.55405533,0.9084824,0.29267696,0.93860346,0.27519962,0.6211531,0.55928916,0.2392386,0.00011079013,-0.057304
0.031294942,0.029624166,0.0163094,0.016827226,0.9935197,0.9930381,0.18111175,0.17136322,0.29697323,0.29250684,0.3866366,0.32488286,0.51598877,0.56750256,0.007240506,0.36698064,0.24998713,0.74031556,0.5556689,0.24529402,0.24415189,0.5533862,0.5540508,0.90835524,0.29275626,0.93850034,0.27528685,0.62114674,0.5592556,0.23909028,9.612739e-05,-0.057279047
0.031287644,0.029611928,0.016306669,0.016826075,0.99351996,0.99303895,0.18109806,0.17133744,0.29708573,0.29263258,0.38676086,0.32475975,0.5157389,0.56725675,0.00724378,0.36708376,0.24998039,0.7403939,0.55566734,0.24530596,0.24416219,0.553385,0.55404556,0.9082262,0.2928349,0.9383961,0.27537385,0.6211408,0.55922717,0.23896147,8.85874e-05,-0.057252746
0.03128046,0.029599844,0.016304083,0.016825104,0.9935203,0.99303985,0.18108551,0.17131217,0.29718918,0.29274872,0.38688046,0.3246412,0.5154918,0.56701267,0.007247042,0.3671828,0.24997252,0.74046826,0.555665,0.2453168,0.24417129,0.55338335,0.5540399,0.90809613,0.2929125,0.93829143,0.27545998,0.6211348,0.5592042,0.23885053,8.685887e-05,-0.05722601
0.03127341,0.029587997,0.016301583,0.016824251,0.99352056,0.9930407,0.18107411,0.17128764,0.29728422,0.29285586,0.38699475,0.32452792,0.51524943,0.56677234,0.0072502703,0.36727762,0.24996376,0.74053854,0.55566216,0.24532647,0.24417935,0.5533813,0.5540338,0.907966,0.29298842,0.9381871,0.27554473,0.62112826,0.55918634,0.23875563,9.019673e-05,-0.057199188
0.03126652,0.02957641,0.016299168,0.016823495,0.9935208,0.99304163,0.18106398,0.17126395,0.2973713,0.2929544,0.38710377,0.32442018,0.5150133,0.5665373,0.0072534364,0.36736822,0.24995424,0.74060476,0.55565864,0.24533491,0.24418639,0.55337894,0.55402744,0.9078367,0.2930623,0.9380837,0.2756277,0.6211209,0.55917233,0.23867516,9.7587705e-05,-0.057172526
0.03125982,0.029565109,0.01629685,0.01682281,0.99352103,0.99304247,0.18105496,0.17124104,0.29745117,0.29304504,0.38720757,0.32431796,0.5147835,0.5663079,0.0072565405,0.36745468,0.2499442,0.74066716,0.55565464,0.24534228,0.24419262,0.5533763,0.5540208,0.9077086,0.2931341,0.93798155,0.2757087,0.6211132,0.559162,0.23860754,0.00010843575,-0.05714603
0.031253323,0.029554138,0.016294658,0.016822224,0.9935213,0.9930433,0.18104695,0.17121902,0.2975241,0.2931283,0.38730606,0.32422116,0.5145602,0.56608427,0.0072595812,0.36753717,0.24993373,0.7407259,0.55565035,0.24534877,0.24419807,0.5533735,0.5540141,0.9075821,0.2932038,0.93788093,0.2757877,0.6211051,0.5591554,0.23855169,0.00012208521,-0.05711978
0.031247012,0.029543493,0.01629257,0.016821712,0.9935215,0.9930441,0.1810398,0.1711978,0.29759058,0.2932046,0.3874,0.32412916,0.5143437,0.56586665,0.007262537,0.36761576,0.24992302,0.7407811,0.55564564,0.24535434,0.24420284,0.5533706,0.5540073,0.9074576,0.29327133,0.9377821,0.27586457,0.6210967,0.559152,0.23850653,0.00013808906,-0.05709397
0.031240935,0.02953318,0.0162906,0.016821302,0.99352175,0.9930448,0.18103343,0.17117748,0.29765108,0.29327458,0.38748956,0.32404163,0.514134,0.5656554,0.007265415,0.3676906,0.24991223,0.74083316,0.55564076,0.24535927,0.24420705,0.55336756,0.5540004,0.9073355,0.2933366,0.9376853,0.2759392,0.62108827,0.55915123,0.23847078,0.00015620887,-0.057068575
0.031235065,0.029523231,0.016288742,0.01682097,0.99352187,0.9930456,0.18102781,0.171158,0.2977061,0.29333863,0.387575,0.3239584,0.5139314,0.5654508,0.007268208,0.3677618,0.24990146,0.74088204,0.5556357,0.24536358,0.24421087,0.5533644,0.5539934,0.9072162,0.29339963,0.9375908,0.2760115,0.6210797,0.55915266,0.23844369,0.00017614663,-0.057043564
0.031229416,0.029513648,0.016287023,0.01682072,0.993522,0.99304634,0.18102291,0.17113939,0.29775596,0.2933971,0.38765666,0.32387906,0.5137359,0.5652528,0.007270906,0.36782926,0.24989067,0.740928,0.55563056,0.24536732,0.24421404,0.55336124,0.55398655,0.9070999,0.29346037,0.9374988,0.27608135,0.6210713,0.5591555,0.2384244,0.00019748509,-0.057018876
0.031224001,0.029504446,0.016285412,0.016820546,0.9935221,0.99304706,0.18101852,0.17112157,0.29780108,0.29345042,0.38773486,0.32380325,0.5135476,0.5650616,0.0072735157,0.3678933,0.24988002,0.740971,0.5556253,0.24537061,0.24421695,0.553358,0.5539797,0.9069868,0.29351884,0.9374095,0.2761488,0.62106305,0.55915976,0.23841201,0.00022013485,-0.05699477
0.031218806,0.029495586,0.016283907,0.016820436,0.9935222,0.9930478,0.1810147,0.17110454,0.29784182,0.29349896,0.38780978,0.32373077,0.51336646,0.5648775,0.00727603,0.36795393,0.24986948,0.74101144,0.55562013,0.24537349,0.24421939,0.5533549,0.55397296,0.90687704,0.29357502,0.9373229,0.27621377,0.6210551,0.5591649,0.23840582,0.0002437383,-0.056970872
0.03121394,0.029487245,0.016282585,0.016820451,0.99352235,0.9930483,0.18101135,0.17108859,0.29787806,0.2935427,0.3878801,0.32366282,0.5131936,0.5647013,0.007278406,0.3680111,0.24985905,0.741049,0.555615,0.24537578,0.24422121,0.55335176,0.55396646,0.90677196,0.29362857,0.93724006,0.2762757,0.6210485,0.55917084,0.23840488,0.00026740134,-0.056947555
0.031209636,0.029479682,0.016281562,0.016820673,0.99352235,0.9930489,0.18100834,0.17107427,0.29790953,0.29358137,0.38794243,0.32360238,0.51303077,0.56453556,0.007280608,0.36806402,0.24984872,0.7410836,0.5556104,0.24537727,0.24422196,0.5533488,0.55396026,0.9066737,0.2936789,0.9371628,0.2763335,0.62104523,0.5591768,0.2384083,0.00028933585,-0.05692526
0.031205758,0.029472757,0.01628073,0.016821003,0.99352235,0.9930494,0.18100576,0.17106108,0.29793763,0.29361603,0.3879981,0.32354876,0.5128778,0.5643797,0.0072827106,0.36811334,0.24983872,0.7411155,0.5556062,0.24537823,0.24422207,0.55334634,0.55395466,0.9065815,0.2937262,0.93709034,0.27638772,0.6210446,0.5591816,0.23841456,0.00030995905,-0.05690474
0.03120218,0.029466322,0.016279988,0.016821327,0.99352235,0.99304974,0.1810036,0.17104876,0.29796287,0.29364717,0.38804895,0.3235,0.51273453,0.5642334,0.0072846827,0.3681594,0.2498287,0.74114484,0.5556021,0.24537845,0.24422179,0.55334395,0.55394936,0.9064943,0.2937705,0.9370218,0.27643862,0.6210455,0.55918586,0.23842299,0.00032936037,-0.05688589
0.031198869,0.029460281,0.0162793,0.016821641,0.9935222,0.9930501,0.18100178,0.17103721,0.29798552,0.29367524,0.3880962,0.3234551,0.5126001,0.5640958,0.007286535,0.36820254,0.24981879,0.7411719,0.555598,0.24537823,0.24422121,0.5533417,0.5539443,0.9064116,0.29381216,0.9369568,0.27648658,0.62104696,0.5591899,0.23843351,0.000347808,-0.05686841
0.031195728,0.029454604,0.01627866,0.016821934,0.9935221,0.99305046,0.1810004,0.17102645,0.2980058,0.29370052,0.38814047,0.32341325,0.51247376,0.5639661,0.0072882804,0.3682428,0.2498093,0.74119693,0.55559397,0.24537776,0.24422058,0.5533395,0.55393946,0.9063329,0.2938513,0.9368951,0.27653188,0.62104887,0.5591939,0.23844579,0.00036557016,-0.056851737
0.031192794,0.029449252,0.016278071,0.016822224,0.9935221,0.9930507,0.18099928,0.17101642,0.29802388,0.29372326,0.38818204,0.32337412,0.5123546,0.56384367,0.0072899293,0.3682805,0.24980019,0.74122006,0.55559003,0.24537714,0.24421985,0.55333734,0.5539348,0.90625834,0.2938882,0.9368365,0.27657464,0.62105083,0.5591981,0.23845956,0.0003826171,-0.05683586
0.03119002,0.029444212,0.016277544,0.016822526,0.993522,0.99305093,0.18099843,0.1710071,0.29804,0.2937438,0.3882213,0.32333732,0.5122422,0.56372786,0.0072914967,0.36831582,0.24979162,0.7412415,0.5555862,0.24537662,0.24421926,0.5533353,0.5539304,0.90618736,0.293923,0.9367808,0.27661505,0.621053,0.5592024,0.23847458,0.00039924678,-0.05682065
0.031187436,0.029439453,0.016277088,0.016822848,0.99352187,0.9930513,0.18099774,0.17099832,0.29805428,0.29376224,0.38825816,0.32330275,0.512136,0.56361836,0.007292981,0.36834875,0.24978359,0.7412615,0.5555825,0.24537607,0.2442186,0.55333346,0.5539261,0.90612,0.29395586,0.93672806,0.2766533,0.62105525,0.55920696,0.23849067,0.00041531023,-0.056806184
0.031185,0.029434988,0.01627669,0.01682318,0.99352175,0.9930515,0.18099722,0.17099015,0.29806688,0.2937788,0.38829315,0.32327002,0.51203555,0.5635147,0.0072943866,0.36837962,0.24977605,0.74128,0.555579,0.24537559,0.24421804,0.5533316,0.5539221,0.9060563,0.29398686,0.9366781,0.27668938,0.62105775,0.5592114,0.23850757,0.00043098626,-0.056792326
0.031182718,0.029430792,0.016276332,0.016823526,0.99352175,0.99305165,0.1809969,0.17098255,0.2980781,0.29379365,0.3883261,0.3232392,0.51194113,0.5634171,0.0072957156,0.36840838,0.24976894,0.7412971,0.55557567,0.24537507,0.24421746,0.5533299,0.55391836,0.905996,0.294016,0.936631,0.27672336,0.6210605,0.5592156,0.23852502,0.00044609603,-0.056778945
0.031180596,0.029426882,0.016276041,0.016823873,0.99352163,0.9930519,0.18099666,0.17097543,0.29808792,0.29380688,0.3883571,0.3232103,0.5118527,0.56332564,0.0072969724,0.36843514,0.24976222,0.7413129,0.5555725,0.2453746,0.24421683,0.5533283,0.5539148,0.90593946,0.2940434,0.9365867,0.27675524,0.62106353,0.55921936,0.23854274,0.00046066937,-0.05676614
0.031178623,0.029423226,0.016275773,0.016824221,0.9935215,0.9930521,0.18099661,0.1709688,0.2980967,0.2938187,0.3883864,0.32318297,0.5117698,0.5632398,0.0072981506,0.36846003,0.2497558,0.7413275,0.5555695,0.24537407,0.24421626,0.55332685,0.55391145,0.9058861,0.29406902,0.93654495,0.2767852,0.621067,0.55922246,0.23856054,0.00047479567,-0.05675399
0.031176783,0.02941981,0.016275536,0.01682456,0.9935214,0.99305224,0.18099664,0.17096263,0.2981044,0.2938293,0.38841406,0.3231573,0.511692,0.5631592,0.0072992593,0.36848325,0.24974973,0.74134094,0.55556667,0.24537352,0.24421564,0.5533255,0.5539083,0.9058359,0.29409313,0.9365057,0.27681327,0.6210705,0.5592253,0.23857851,0.0004884451,-0.056742426
0.031175068,0.029416604,0.016275339,0.0168249,0.9935213,0.99305236,0.18099673,0.17095682,0.29811117,0.2938387,0.38844013,0.3231331,0.5116189,0.5630834,0.0073003033,0.36850485,0.24974403,0.7413534,0.5555639,0.245373,0.24421507,0.5533241,0.55390537,0.90578854,0.29411575,0.93646866,0.2768397,0.6210741,0.5592281,0.23859628,0.00050161773,-0.056731176
0.031173455,0.0294136,0.016275164,0.016825238,0.99352115,0.99305254,0.1809969,0.17095143,0.2981171,0.2938471,0.3884647,0.32311037,0.5115503,0.56301224,0.0073012845,0.36852494,0.2497386,0.7413649,0.55556136,0.24537249,0.24421445,0.5533229,0.55390257,0.9057439,0.29413694,0.93643385,0.27686447,0.62107766,0.55923074,0.23861389,0.0005143433,-0.056720465
0.031171942,0.029410774,0.016275011,0.016825562,0.99352115,0.99305266,0.18099713,0.17094639,0.2981223,0.2938546,0.38848773,0.32308894,0.511486,0.5629455,0.007302208,0.36854365,0.2497335,0.74137557,0.5555589,0.24537197,0.24421388,0.55332166,0.5539,0.9057019,0.29415688,0.936401,0.27688774,0.6210811,0.55923337,0.2386313,0.0005265623,-0.056710128
0.031170534,0.029408155,0.016274873,0.016825877,0.99352103,0.9930528,0.18099734,0.1709417,0.2981268,0.29386118,0.38850945,0.32306883,0.51142573,0.5628828,0.007303072,0.3685611,0.24972862,0.7413854,0.5555566,0.2453715,0.24421325,0.5533206,0.55389744,0.90566236,0.29417557,0.9363701,0.27690962,0.62108445,0.55923575,0.23864843,0.0005383342,-0.056700356
0.031169213,0.029405685,0.016274743,0.016826177,0.9935209,0.9930529,0.18099767,0.17093727,0.29813063,0.29386705,0.3885297,0.32305002,0.5113692,0.562824,0.0073038843,0.36857724,0.24972412,0.7413944,0.5555544,0.24537104,0.24421269,0.5533195,0.55389506,0.9056252,0.29419303,0.9363411,0.2769301,0.6210875,0.5592384,0.23866516,0.0005497485,-0.05669111
0.03116797,0.029403366,0.016274637,0.016826477,0.9935209,0.993053,0.18099795,0.17093317,0.29813394,0.29387218,0.38854858,0.32303247,0.51131624,0.5627689,0.0073046517,0.36859226,0.24971987,0.74140275,0.5555523,0.2453706,0.24421223,0.5533185,0.5538929,0.9055903,0.2942094,0.93631387,0.2769493,0.6210906,0.559241,0.23868157,0.0005605369,-0.056682277
0.031166809,0.02940121,0.016274536,0.01682676,0.9935208,0.99305314,0.18099828,0.17092936,0.29813677,0.2938767,0.38856614,0.32301617,0.51126665,0.5627172,0.007305368,0.36860618,0.24971586,0.74141043,0.5555503,0.24537013,0.24421163,0.55331755,0.5538908,0.9055576,0.2942247,0.93628836,0.27696723,0.6210935,0.5592437,0.23869745,0.0005708187,-0.056674033
0.031165723,0.029399175,0.016274445,0.016827028,0.9935207,0.99305314,0.18099862,0.1709258,0.2981391,0.2938806,0.38858244,0.3230011,0.51122034,0.5626689,0.0073060454,0.3686192,0.24971208,0.7414175,0.5555484,0.24536967,0.24421121,0.55331665,0.55388886,0.90552676,0.294239,0.9362644,0.27698404,0.6210962,0.5592464,0.238713,0.0005806833,-0.05666626
0.031164715,0.029397288,0.016274368,0.016827282,0.9935207,0.99305326,0.18099897,0.17092247,0.29814103,0.29388398,0.38859767,0.32298696,0.5111771,0.5626239,0.007306675,0.36863112,0.24970858,0.741424,0.55554664,0.2453693,0.24421066,0.55331576,0.553887,0.9054979,0.29425237,0.9362419,0.2769997,0.62109876,0.55924904,0.23872791,0.0005900114,-0.056658912
0.031163763,0.029395515,0.016274285,0.016827518,0.99352056,0.9930534,0.18099937,0.17091939,0.29814264,0.29388693,0.38861176,0.32297385,0.51113695,0.56258184,0.0073072664,0.36864218,0.24970524,0.74143004,0.555545,0.24536887,0.24421018,0.553315,0.5538853,0.90547097,0.2942648,0.93622094,0.27701437,0.6211011,0.5592517,0.23874228,0.0005989819,-0.056652028
0.031162878,0.029393861,0.016274216,0.01682774,0.99352056,0.9930535,0.18099973,0.17091648,0.2981439,0.2938895,0.38862488,0.32296172,0.5110993,0.56254256,0.0073078196,0.36865246,0.24970216,0.7414355,0.55554336,0.24536844,0.24420978,0.55331427,0.5538837,0.90544575,0.2942764,0.9362013,0.27702805,0.62110317,0.55925447,0.23875642,0.000607416,-0.05664553
0.031162037,0.029392324,0.016274147,0.016827952,0.99352056,0.9930535,0.18100014,0.17091383,0.2981449,0.2938916,0.3886371,0.32295045,0.51106423,0.56250584,0.0073083313,0.36866197,0.24969918,0.74144053,0.5555419,0.245368,0.24420935,0.5533135,0.5538821,0.9054221,0.29428723,0.9361829,0.27704084,0.62110525,0.559257,0.23876981,0.0006155818,-0.05663953
0.031161275,0.029390875,0.016274087,0.01682815,0.99352044,0.9930536,0.1810005,0.17091133,0.29814565,0.2938934,0.3886483,0.32294008,0.51103157,0.56247175,0.007308809,0.36867073,0.24969651,0.7414451,0.5555405,0.24536763,0.24420896,0.55331284,0.5538807,0.9054,0.2942973,0.93616575,0.2770527,0.62110716,0.55925953,0.23878275,0.0006231814,-0.056633826
0.031160552,0.029389543,0.01627404,0.016828338,0.99352044,0.99305373,0.1810009,0.170909,0.29814613,0.29389483,0.38865885,0.32293037,0.5110013,0.5624399,0.007309259,0.36867887,0.24969389,0.74144936,0.5555392,0.2453672,0.24420853,0.5533122,0.5538794,0.9053794,0.29430667,0.9361498,0.2770638,0.621109,0.5592618,0.23879516,0.00063039357,-0.05662845
0.031159885,0.029388297,0.016273987,0.01682852,0.9935203,0.99305373,0.18100126,0.17090687,0.29814643,0.29389608,0.3886686,0.32292134,0.51097304,0.56241035,0.007309674,0.36868632,0.24969152,0.7414533,0.555538,0.24536686,0.24420813,0.5533116,0.55387807,0.90536016,0.29431537,0.9361349,0.2770741,0.6211107,0.5592642,0.23880708,0.0006373673,-0.05662343
0.031159263,0.029387143,0.01627395,0.016828693,0.9935203,0.99305385,0.18100166,0.17090487,0.29814658,0.29389703,0.3886777,0.32291302,0.51094675,0.5623828,0.0073100654,0.36869323,0.24968925,0.74145675,0.5555368,0.24536645,0.24420777,0.55331105,0.55387694,0.90534216,0.2943235,0.936121,0.2770837,0.62111217,0.55926627,0.23881847,0.00064383436,-0.05661855
0.031158686,0.029386068,0.016273918,0.016828852,0.9935203,0.99305385,0.18100205,0.17090301,0.29814655,0.29389775,0.38868606,0.32290527,0.5109224,0.56235725,0.007310428,0.36869955,0.24968714,0.74145997,0.5555357,0.24536611,0.24420737,0.5533105,0.55387586,0.90532553,0.29433098,0.936108,0.2770926,0.62111366,0.5592685,0.23882928,0.000649914,-0.05661422
0.031158166,0.029385066,0.016273888,0.016829,0.9935202,0.99305385,0.18100244,0.17090133,0.2981464,0.2938983,0.3886938,0.32289815,0.5108997,0.56233346,0.0073107607,0.3687054,0.24968515,0.7414628,0.55553466,0.24536574,0.24420702,0.55331004,0.5538748,0.9053099,0.29433796,0.9360959,0.27710086,0.62111497,0.5592704,0.23883976,0.0006557851,-0.056610122
0.03115767,0.029384151,0.016273865,0.016829152,0.9935202,0.993054,0.1810028,0.17089975,0.29814607,0.29389867,0.38870108,0.3228915,0.51087886,0.56231153,0.0073110685,0.36871076,0.2496833,0.7414655,0.5555337,0.24536537,0.24420665,0.55330956,0.55387384,0.90529543,0.29434446,0.9360847,0.27710855,0.6211163,0.5592723,0.23884968,0.0006613581,-0.05660617
0.0311572,0.02938329,0.016273834,0.016829286,0.9935202,0.993054,0.18100311,0.17089829,0.29814574,0.29389888,0.3887078,0.3228853,0.5108594,0.562291,0.0073113553,0.3687157,0.24968158,0.74146795,0.55553275,0.24536508,0.24420637,0.55330914,0.55387294,0.90528196,0.29435048,0.93607426,0.27711567,0.6211174,0.5592741,0.2388591,0.0006665139,-0.056602493
0.031156767,0.029382505,0.016273819,0.01682941,0.9935202,0.9930541,0.18100347,0.17089692,0.2981453,0.29389903,0.38871393,0.3228797,0.51084137,0.562272,0.0073116254,0.36872023,0.24967998,0.74147016,0.555532,0.24536473,0.24420603,0.55330867,0.5538721,0.90526944,0.294356,0.93606454,0.27712226,0.6211185,0.55927587,0.23886815,0.0006715207,-0.056599166
0.031156382,0.029381756,0.016273819,0.016829537,0.9935201,0.9930541,0.1810038,0.17089568,0.29814476,0.29389897,0.38871965,0.32287446,0.5108246,0.56225437,0.0073118717,0.36872438,0.24967849,0.7414721,0.5555312,0.24536444,0.24420568,0.5533083,0.55387133,0.9052578,0.29436117,0.93605554,0.27712843,0.6211195,0.5592776,0.23887664,0.0006761401,-0.05659604
0.031156018,0.029381081,0.016273804,0.016829656,0.9935201,0.9930541,0.1810041,0.17089453,0.29814413,0.29389882,0.38872486,0.32286963,0.5108091,0.56223816,0.007312096,0.36872816,0.24967709,0.7414739,0.5555305,0.24536416,0.2442054,0.553308,0.5538706,0.905247,0.2943659,0.9360472,0.2771341,0.6211205,0.55927926,0.23888487,0.0006804614,-0.056593016
0.031155674,0.029380448,0.01627379,0.016829759,0.9935201,0.9930541,0.18100442,0.17089348,0.29814348,0.29389855,0.38872978,0.32286516,0.5107949,0.5622231,0.007312311,0.3687317,0.24967578,0.7414755,0.5555298,0.24536388,0.24420518,0.55330765,0.5538699,0.90523696,0.29437032,0.9360395,0.27713934,0.62112147,0.55928075,0.23889254,0.00068460393,-0.0565903
0.031155374,0.02937988,0.016273774,0.016829869,0.9935201,0.9930542,0.1810047,0.1708925,0.29814282,0.29389828,0.3887343,0.322861,0.51078176,0.5622093,0.007312505,0.3687348,0.24967453,0.741477,0.5555292,0.24536358,0.24420483,0.5533073,0.55386925,0.9052278,0.29437435,0.9360323,0.27714416,0.62112224,0.55928206,0.2388998,0.00068847823,-0.056587677
0.031155085,0.029379336,0.016273774,0.016829964,0.9935201,0.9930542,0.18100502,0.1708916,0.2981421,0.29389793,0.38873842,0.32285726,0.51076967,0.5621965,0.0073126853,0.36873773,0.24967344,0.7414783,0.5555285,0.24536332,0.24420461,0.553307,0.55386865,0.90521914,0.2943781,0.9360257,0.2771486,0.621123,0.5592835,0.2389067,0.0006921141,-0.05658521
0.031154826,0.029378846,0.016273774,0.016830059,0.99351996,0.9930542,0.18100528,0.17089078,0.29814136,0.29389754,0.38874212,0.32285392,0.51075846,0.56218463,0.007312851,0.3687404,0.24967237,0.74147946,0.555528,0.2453631,0.24420439,0.5533067,0.5538682,0.90521127,0.2943816,0.93601954,0.27715275,0.62112373,0.55928475,0.23891322,0.0006955414,-0.056582954
0.031154582,0.029378384,0.016273774,0.016830137,0.99351996,0.9930542,0.18100555,0.17089002,0.29814062,0.2938971,0.38874555,0.32285073,0.51074815,0.5621737,0.0073130066,0.3687428,0.24967138,0.7414805,0.55552745,0.24536283,0.24420409,0.5533065,0.55386764,0.90520394,0.29438472,0.9360139,0.27715656,0.6211243,0.5592861,0.2389194,0.00069870043,-0.056580987
0.031154357,0.029377976,0.016273765,0.016830217,0.99351996,0.99305433,0.18100579,0.17088932,0.29813987,0.29389656,0.3887487,0.32284784,0.5107387,0.56216365,0.0073131486,0.368745,0.24967046,0.74148154,0.555527,0.24536261,0.2442039,0.5533063,0.55386716,0.9051971,0.29438764,0.9360087,0.27716002,0.6211249,0.5592873,0.23892528,0.00070174027,-0.05657903
0.031154148,0.029377595,0.01627376,0.016830279,0.99351996,0.99305433,0.18100604,0.17088869,0.2981391,0.29389602,0.38875163,0.3228452,0.51073,0.5621545,0.0073132734,0.36874694,0.24966963,0.7414824,0.55552655,0.24536239,0.24420367,0.55330604,0.55386674,0.9051908,0.29439032,0.93600386,0.27716324,0.6211254,0.5592883,0.23893067,0.0007044821,-0.05657722
0.03115396,0.029377235,0.01627376,0.016830359,0.99351996,0.99305433,0.1810063,0.17088813,0.29813832,0.29389548,0.38875434,0.32284278,0.5107221,0.562146,0.007313391,0.36874878,0.24966882,0.7414831,0.5555261,0.24536215,0.24420346,0.5533058,0.5538663,0.90518504,0.29439276,0.9359994,0.27716622,0.621126,0.55928934,0.23893593,0.0007071643,-0.056575615
0.031153796,0.029376917,0.016273765,0.016830422,0.99351996,0.99305433,0.1810065,0.17088757,0.29813752,0.2938949,0.38875678,0.32284054,0.51071477,0.5621383,0.0073135053,0.3687504,0.24966812,0.74148375,0.5555257,0.24536198,0.24420327,0.5533056,0.553866,0.9051798,0.29439497,0.9359953,0.27716887,0.62112653,0.55929035,0.23894079,0.0007095485,-0.056574088
0.03115363,0.029376622,0.016273765,0.016830483,0.99351996,0.99305433,0.18100671,0.1708871,0.2981368,0.2938943,0.38875896,0.32283854,0.5107081,0.56213117,0.007313606,0.36875188,0.24966744,0.74148434,0.5555254,0.2453618,0.2442031,0.5533055,0.5538657,0.9051749,0.29439706,0.9359915,0.27717137,0.6211269,0.55929136,0.2389454,0.00071193266,-0.05657257
0.0311535,0.029376343,0.016273774,0.01683054,0.99351984,0.99305433,0.18100691,0.17088667,0.29813606,0.29389375,0.38876098,0.32283676,0.5107019,0.5621246,0.0073136957,0.36875322,0.24966684,0.74148476,0.555525,0.24536163,0.24420293,0.5533053,0.5538654,0.90517044,0.29439896,0.93598807,0.27717367,0.62112737,0.5592922,0.23894976,0.00071407843,-0.056571294
0.031153357,0.029376106,0.016273774,0.016830595,0.99351984,0.99305433,0.18100706,0.17088623,0.29813528,0.29389313,0.38876274,0.3228351,0.5106963,0.5621186,0.007313782,0.3687544,0.2496663,0.74148524,0.55552477,0.24536146,0.24420273,0.5533051,0.5538651,0.9051663,0.29440066,0.93598497,0.27717575,0.62112755,0.5592932,0.23895374,0.0007160752,-0.056570135
0.031153241,0.029375883,0.016273782,0.016830642,0.99351984,0.99305433,0.18100727,0.17088585,0.2981346,0.29389256,0.38876447,0.3228336,0.51069117,0.56211317,0.0073138545,0.36875546,0.24966574,0.74148566,0.55552447,0.24536128,0.24420261,0.553305,0.5538648,0.9051625,0.29440224,0.93598217,0.27717766,0.62112796,0.55929387,0.23895757,0.00071795273,-0.056569006
0.031153128,0.029375665,0.016273782,0.01683069,0.99351984,0.99305445,0.18100743,0.17088552,0.29813385,0.29389197,0.38876593,0.32283226,0.5106865,0.5621082,0.007313927,0.3687564,0.24966523,0.74148595,0.5555242,0.24536112,0.24420245,0.55330485,0.5538645,0.9051591,0.29440364,0.9359794,0.2771794,0.62112826,0.5592946,0.23896119,0.0007197707,-0.056567945
0.031153034,0.02937548,0.016273782,0.01683073,0.99351984,0.99305445,0.1810076,0.17088522,0.2981332,0.29389137,0.3887673,0.322831,0.51068234,0.5621037,0.0073139933,0.36875728,0.24966481,0.74148625,0.555524,0.245361,0.2442023,0.55330473,0.5538643,0.90515596,0.29440498,0.93597704,0.27718097,0.62112856,0.55929524,0.23896451,0.0007213204,-0.056566972
0.031152938,0.02937531,0.01627379,0.016830768,0.99351984,0.99305445,0.18100776,0.17088497,0.29813254,0.29389077,0.3887686,0.32282984,0.5106784,0.5620995,0.007314049,0.36875805,0.24966434,0.7414865,0.55552375,0.24536082,0.24420217,0.5533047,0.5538641,0.90515304,0.29440618,0.93597484,0.2771824,0.6211288,0.5592958,0.23896766,0.0007227509,-0.056566037
0.031152854,0.029375162,0.01627379,0.016830817,0.99351984,0.99305445,0.18100792,0.17088473,0.29813185,0.2938902,0.38876972,0.32282883,0.51067495,0.56209576,0.0073141004,0.36875868,0.24966404,0.74148667,0.5555235,0.24536072,0.2442021,0.55330455,0.55386394,0.9051504,0.29440728,0.93597275,0.27718374,0.62112904,0.5592964,0.23897061,0.0007242708,-0.056565233
0.031152783,0.029375017,0.016273804,0.016830847,0.99351984,0.99305445,0.18100807,0.17088452,0.29813123,0.29388964,0.38877073,0.32282794,0.5106717,0.56209236,0.0073141525,0.36875933,0.24966365,0.74148685,0.55552334,0.2453606,0.24420193,0.55330443,0.55386376,0.90514797,0.29440823,0.93597096,0.27718493,0.62112916,0.5592971,0.23897336,0.0007255821,-0.056564514
0.031152716,0.029374888,0.016273804,0.016830878,0.99351984,0.99305445,0.1810082,0.17088433,0.2981306,0.2938891,0.3887715,0.32282722,0.5106689,0.56208926,0.0073141945,0.36875984,0.24966338,0.74148697,0.5555232,0.24536051,0.24420182,0.5533044,0.5538636,0.9051458,0.2944091,0.9359693,0.27718595,0.62112945,0.5592977,0.23897594,0.0007266848,-0.056563847
0.031152656,0.02937478,0.016273811,0.016830903,0.99351984,0.99305445,0.18100832,0.17088412,0.29813004,0.29388857,0.38877237,0.32282647,0.5106663,0.5620866,0.007314236,0.3687603,0.24966304,0.7414871,0.55552304,0.24536031,0.24420173,0.55330426,0.5538634,0.90514374,0.29440987,0.93596774,0.27718693,0.6211297,0.559298,0.23897833,0.0007278471,-0.056563273
0.0311526,0.02937467,0.016273811,0.016830927,0.99351984,0.99305445,0.18100843,0.17088394,0.2981295,0.2938881,0.38877317,0.3228258,0.51066405,0.56208414,0.007314267,0.36876073,0.24966274,0.74148715,0.5555228,0.24536026,0.2442016,0.5533042,0.5538633,0.905142,0.29441056,0.9359664,0.27718776,0.62112975,0.55929846,0.23898044,0.00072892,-0.05656275
0.031152554,0.029374575,0.016273819,0.016830951,0.99351984,0.99305445,0.18100852,0.17088379,0.29812893,0.29388756,0.38877386,0.3228252,0.51066196,0.5620818,0.007314298,0.368761,0.24966253,0.7414872,0.55552274,0.24536014,0.24420157,0.5533041,0.55386317,0.90514034,0.29441118,0.9359651,0.2771886,0.62113,0.55929893,0.2389826,0.00072990346,-0.056562174
0.03115251,0.029374493,0.016273826,0.016830973,0.99351984,0.99305445,0.18100862,0.17088369,0.2981284,0.29388708,0.38877437,0.32282466,0.51066,0.5620797,0.007314329,0.36876133,0.24966232,0.7414872,0.5555226,0.24536008,0.24420148,0.553304,0.55386305,0.90513885,0.2944118,0.935964,0.27718934,0.6211301,0.5592994,0.23898457,0.0007307379,-0.05656169
0.031152464,0.029374415,0.016273834,0.016831005,0.99351984,0.99305445,0.18100874,0.1708836,0.29812786,0.29388657,0.3887748,0.32282433,0.5106583,0.5620779,0.0073143565,0.3687616,0.24966209,0.74148726,0.5555225,0.24535997,0.24420136,0.553304,0.553863,0.9051375,0.2944123,0.93596303,0.27718994,0.62113017,0.5592998,0.23898643,0.000731632,-0.056561343
0.031152427,0.029374352,0.016273834,0.016831012,0.99351984,0.99305445,0.1810088,0.17088346,0.2981274,0.29388615,0.38877532,0.3228239,0.5106568,0.5620763,0.007314381,0.36876184,0.24966191,0.74148726,0.5555224,0.24535991,0.2442013,0.55330396,0.55386287,0.9051362,0.29441276,0.9359621,0.2771905,0.62113035,0.55930024,0.23898803,0.00073237706,-0.05656094
0.03115239,0.029374292,0.016273843,0.016831037,0.99351984,0.99305445,0.18100889,0.17088336,0.29812694,0.2938857,0.38877574,0.3228235,0.51065546,0.56207484,0.007314395,0.368762,0.24966167,0.7414872,0.55552226,0.2453598,0.2442012,0.5533039,0.5538628,0.90513515,0.2944132,0.93596125,0.277191,0.62113047,0.55930054,0.2389896,0.0007330625,-0.056560524
0.031152364,0.029374236,0.016273843,0.016831053,0.99351984,0.99305445,0.18100898,0.1708833,0.29812652,0.2938853,0.38877603,0.32282326,0.51065433,0.5620735,0.0073144156,0.36876214,0.24966155,0.7414872,0.55552226,0.24535973,0.24420114,0.55330384,0.55386275,0.90513426,0.29441354,0.93596053,0.2771915,0.6211306,0.55930084,0.2389911,0.00073371816,-0.05656028
0.031152349,0.029374197,0.016273849,0.016831068,0.99351984,0.99305445,0.18100907,0.17088324,0.29812607,0.29388484,0.38877633,0.322823,0.51065326,0.56207234,0.0073144333,0.3687623,0.24966143,0.7414872,0.55552214,0.24535967,0.24420114,0.5533038,0.55386263,0.9051333,0.29441386,0.9359598,0.2771919,0.62113065,0.55930114,0.23899247,0.000734344,-0.056559976
0.03115232,0.029374154,0.016273858,0.016831083,0.99351984,0.99305445,0.18100913,0.17088316,0.29812568,0.2938845,0.3887767,0.3228227,0.51065236,0.5620713,0.007314443,0.36876237,0.24966131,0.7414872,0.555522,0.24535963,0.24420102,0.5533038,0.5538626,0.90513253,0.29441413,0.9359593,0.27719223,0.62113076,0.5593013,0.2389938,0.00073485065,-0.05655965
0.031152308,0.029374115,0.016273865,0.0168311,0.99351984,0.99305445,0.18100919,0.17088313,0.2981253,0.2938841,0.3887769,0.3228225,0.51065147,0.5620704,0.0073144613,0.36876246,0.24966119,0.7414871,0.555522,0.24535957,0.24420099,0.5533037,0.5538625,0.9051318,0.29441437,0.93595874,0.27719256,0.62113076,0.5593017,0.23899494,0.0007354467,-0.05655941
0.031152295,0.02937409,0.016273858,0.016831107,0.9935197,0.99305445,0.18100923,0.17088304,0.29812494,0.29388377,0.3887771,0.32282233,0.5106508,0.56206965,0.007314471,0.36876255,0.24966107,0.7414871,0.55552197,0.24535951,0.24420094,0.5533037,0.55386245,0.9051313,0.2944146,0.9359582,0.2771928,0.6211308,0.5593019,0.23899595,0.00073589373,-0.05655922
0.031152273,0.02937406,0.016273873,0.016831124,0.9935197,0.99305445,0.18100932,0.17088304,0.2981246,0.2938834,0.38877732,0.32282215,0.5106502,0.56206894,0.0073144785,0.36876255,0.24966095,0.741487,0.55552185,0.24535951,0.24420092,0.55330366,0.55386245,0.9051307,0.2944148,0.9359578,0.27719307,0.62113094,0.55930203,0.23899697,0.00073631096,-0.05655901
0.03115225,0.029374026,0.01627388,0.016831132,0.9935197,0.99305445,0.18100937,0.170883,0.29812425,0.2938831,0.3887774,0.32282203,0.51064956,0.5620683,0.0073144925,0.36876258,0.2496609,0.74148697,0.55552185,0.24535945,0.24420086,0.55330366,0.5538624,0.90513015,0.29441497,0.9359575,0.27719328,0.62113094,0.55930233,0.23899792,0.0007367282,-0.056558855
0.03115225,0.029374013,0.016273873,0.016831147,0.9935197,0.99305445,0.18100944,0.17088298,0.29812393,0.29388273,0.38877752,0.32282197,0.5106492,0.56206775,0.007314499,0.36876258,0.24966083,0.7414869,0.5555218,0.24535936,0.2442008,0.5533036,0.5538624,0.9051298,0.2944151,0.9359572,0.27719343,0.621131,0.55930257,0.23899879,0.0007371156,-0.05655866
0.031152243,0.029373992,0.01627388,0.016831147,0.9935197,0.99305445,0.18100947,0.17088296,0.29812366,0.2938825,0.3887776,0.32282192,0.51064885,0.56206745,0.0073145023,0.36876258,0.24966075,0.74148685,0.5555217,0.24535933,0.24420077,0.5533036,0.55386233,0.9051294,0.2944152,0.9359569,0.27719364,0.621131,0.5593026,0.2389996,0.00073741365,-0.056558445
0.031152235,0.029373987,0.016273888,0.016831163,0.9935197,0.99305445,0.1810095,0.17088293,0.2981234,0.2938822,0.38877776,0.3228218,0.51064855,0.56206703,0.007314506,0.3687625,0.24966066,0.74148667,0.5555217,0.24535927,0.24420074,0.5533036,0.55386233,0.9051291,0.29441532,0.93595666,0.27719375,0.621131,0.5593026,0.2390002,0.0007378011,-0.05655828
0.031152235,0.029373964,0.016273888,0.01683117,0.9935197,0.99305445,0.18100956,0.17088291,0.29812315,0.29388195,0.38877776,0.32282177,0.51064825,0.56206673,0.0073145092,0.3687625,0.24966066,0.74148667,0.5555217,0.24535927,0.24420068,0.5533036,0.55386233,0.90512884,0.2944154,0.9359565,0.2771938,0.621131,0.55930287,0.2390009,0.0007380693,-0.056558147
0.031152235,0.029373964,0.016273895,0.01683118,0.9935197,0.99305445,0.18100958,0.17088291,0.2981229,0.2938817,0.38877782,0.3228217,0.510648,0.56206644,0.0073145125,0.3687625,0.2496606,0.7414866,0.55552167,0.24535926,0.24420068,0.55330354,0.5538622,0.90512854,0.29441547,0.93595624,0.27719396,0.621131,0.5593031,0.23900151,0.0007382779,-0.056558087
0.03115222,0.029373936,0.016273895,0.01683118,0.9935197,0.99305445,0.1810096,0.17088291,0.29812264,0.29388148,0.38877782,0.3228217,0.5106478,0.56206626,0.00731452,0.36876243,0.24966057,0.74148655,0.5555216,0.24535923,0.24420063,0.55330354,0.5538622,0.9051283,0.2944155,0.9359561,0.27719402,0.621131,0.5593033,0.23900208,0.00073848653,-0.05655806
0.031152213,0.029373936,0.016273895,0.016831188,0.9935197,0.99305445,0.18100965,0.17088291,0.2981224,0.2938812,0.38877776,0.3228218,0.51064765,0.5620661,0.00731452,0.36876237,0.24966054,0.74148643,0.55552155,0.24535917,0.2442006,0.55330354,0.55386215,0.9051281,0.29441556,0.93595606,0.27719405,0.621131,0.5593034,0.23900262,0.00073872495,-0.05655807
0.031152206,0.029373936,0.016273895,0.016831188,0.9935197,0.99305445,0.18100971,0.1708829,0.29812226,0.293881,0.3887777,0.32282186,0.5106476,0.56206596,0.007314523,0.36876234,0.24966048,0.7414864,0.55552155,0.24535914,0.2442006,0.55330354,0.5538622,0.905128,0.29441556,0.93595594,0.2771941,0.621131,0.5593035,0.23900306,0.00073896337,-0.056558
0.031152213,0.029373936,0.01627391,0.016831195,0.9935197,0.99305445,0.18100974,0.17088291,0.29812205,0.29388082,0.38877773,0.32282186,0.5106476,0.5620659,0.00731452,0.3687623,0.24966048,0.7414863,0.55552155,0.24535911,0.2442006,0.5533035,0.55386215,0.90512794,0.29441556,0.9359558,0.27719414,0.6211311,0.5593035,0.23900342,0.0007390826,-0.056557942
0.03115222,0.029373936,0.016273903,0.016831202,0.9935197,0.99305445,0.18100975,0.17088291,0.29812184,0.2938806,0.38877764,0.32282192,0.5106476,0.5620659,0.00731452,0.36876225,0.24966039,0.74148625,0.55552155,0.24535908,0.24420051,0.55330354,0.55386215,0.9051278,0.2944156,0.9359558,0.27719417,0.6211311,0.55930364,0.23900388,0.0007392018,-0.056557808
0.03115222,0.029373936,0.01627391,0.016831202,0.9935197,0.99305445,0.1810098,0.17088293,0.2981217,0.29388046,0.38877764,0.32282194,0.5106476,0.5620659,0.0073145158,0.3687622,0.24966036,0.7414862,0.55552155,0.24535899,0.24420051,0.5533035,0.55386215,0.9051278,0.29441556,0.9359557,0.27719414,0.6211312,0.55930364,0.23900427,0.0007392912,-0.056557793
0.03115222,0.029373936,0.01627391,0.016831202,0.9935197,0.99305445,0.18100981,0.17088291,0.29812154,0.29388028,0.3887777,0.32282192,0.51064765,0.5620659,0.0073145125,0.3687621,0.24966036,0.7414861,0.55552155,0.24535899,0.24420045,0.5533035,0.55386215,0.90512776,0.29441556,0.9359557,0.27719414,0.62113124,0.55930364,0.23900458,0.0007394104,-0.056557726
0.031152228,0.02937395,0.016273918,0.01683121,0.9935197,0.99305445,0.18100983,0.17088293,0.2981214,0.2938801,0.3887776,0.32282194,0.51064765,0.5620659,0.00731452,0.36876205,0.2496603,0.741486,0.55552155,0.24535899,0.2442004,0.5533034,0.55386215,0.90512776,0.29441556,0.9359557,0.27719414,0.62113124,0.55930376,0.23900488,0.0007395594,-0.056557696
0.03115222,0.02937395,0.01627391,0.01683121,0.9935197,0.99305445,0.18100986,0.17088296,0.29812127,0.29388,0.3887777,0.32282194,0.5106477,0.5620659,0.00731452,0.368762,0.2496603,0.741486,0.5555215,0.24535896,0.24420045,0.5533034,0.55386215,0.90512764,0.29441556,0.93595564,0.27719417,0.6211313,0.55930376,0.23900516,0.0007396488,-0.056557614
0.03115222,0.029373944,0.016273918,0.01683121,0.9935197,0.99305445,0.18100984,0.17088296,0.29812112,0.29387987,0.3887776,0.32282194,0.51064765,0.5620659,0.00731452,0.36876196,0.2496603,0.7414859,0.5555215,0.24535899,0.2442004,0.5533034,0.55386215,0.90512764,0.29441556,0.93595564,0.27719417,0.62113124,0.5593038,0.23900548,0.0007397382,-0.05655768
0.03115222,0.02937395,0.016273918,0.016831217,0.9935197,0.99305445,0.18100986,0.17088296,0.29812098,0.29387972,0.38877755,0.32282203,0.5106477,0.5620659,0.00731452,0.36876187,0.2496603,0.74148583,0.5555215,0.24535896,0.24420045,0.5533034,0.55386215,0.90512764,0.29441553,0.93595564,0.2771941,0.6211312,0.559304,0.23900564,0.00073982764,-0.05655763
0.03115222,0.02937395,0.016273927,0.016831217,0.9935197,0.99305445,0.18100989,0.17088297,0.2981209,0.2938796,0.38877752,0.3228221,0.5106478,0.562066,0.00731452,0.36876184,0.2496603,0.7414858,0.5555215,0.24535896,0.24420045,0.5533034,0.55386215,0.90512764,0.2944155,0.93595564,0.27719408,0.6211312,0.55930406,0.23900585,0.00073991704,-0.056557644
0.031152228,0.02937395,0.016273927,0.016831217,0.9935197,0.99305445,0.18100989,0.17088296,0.2981208,0.2938795,0.38877746,0.32282212,0.5106479,0.56206614,0.00731452,0.36876178,0.2496603,0.7414858,0.5555215,0.24535893,0.2442004,0.5533034,0.55386215,0.90512764,0.29441547,0.9359557,0.27719405,0.6211312,0.55930406,0.23900598,0.00073991704,-0.05655771
0.031152228,0.02937395,0.016273927,0.016831225,0.9935197,0.99305445,0.1810099,0.17088297,0.2981207,0.29387942,0.3887774,0.32282224,0.510648,0.56206626,0.00731452,0.3687617,0.2496603,0.7414857,0.5555215,0.24535893,0.2442004,0.5533034,0.55386215,0.90512776,0.2944154,0.9359557,0.27719402,0.6211313,0.5593041,0.2390062,0.00073994684,-0.05655775
0.031152235,0.029373957,0.016273927,0.016831217,0.9935197,0.99305445,0.1810099,0.17088298,0.29812062,0.2938793,0.3887774,0.32282224,0.5106482,0.5620664,0.0073145158,0.36876163,0.24966024,0.74148566,0.5555215,0.24535887,0.2442004,0.5533034,0.55386215,0.90512776,0.29441535,0.9359557,0.277194,0.6211313,0.5593041,0.2390063,0.00074000645,-0.05655775
0.031152235,0.029373964,0.016273927,0.016831217,0.9935197,0.99305445,0.1810099,0.17088297,0.29812056,0.29387918,0.38877732,0.32282233,0.5106483,0.56206644,0.0073145158,0.3687616,0.24966024,0.74148566,0.5555215,0.24535887,0.24420036,0.5533034,0.55386215,0.9051278,0.29441535,0.9359558,0.27719396,0.6211312,0.55930424,0.23900646,0.00074000645,-0.056557793
0.031152235,0.02937397,0.016273927,0.016831217,0.9935197,0.99305445,0.18100993,0.17088298,0.29812044,0.2938791,0.38877726,0.32282236,0.5106484,0.5620666,0.0073145158,0.36876154,0.24966027,0.74148554,0.5555215,0.24535887,0.24420036,0.5533034,0.55386215,0.9051278,0.2944153,0.9359558,0.2771939,0.6211313,0.5593043,0.23900655,0.00074009586,-0.056557823
0.031152235,0.02937397,0.016273927,0.016831225,0.9935197,0.99305445,0.18100993,0.17088301,0.29812035,0.29387903,0.38877714,0.32282245,0.5106485,0.5620667,0.0073145125,0.36876148,0.24966024,0.74148554,0.5555215,0.24535887,0.24420035,0.5533034,0.55386215,0.9051278,0.2944153,0.93595594,0.27719387,0.62113124,0.5593043,0.23900661,0.00074012566,-0.056557823
0.031152235,0.02937398,0.016273933,0.016831225,0.9935197,0.99305445,0.18100995,0.17088301,0.2981203,0.29387894,0.3887772,0.32282245,0.51064867,0.56206673,0.0073145125,0.3687614,0.2496603,0.74148554,0.5555215,0.24535887,0.24420036,0.5533034,0.55386215,0.90512794,0.2944152,0.93595594,0.2771938,0.6211312,0.55930436,0.23900683,0.00074018526,-0.056557793
0.031152235,0.029373992,0.016273933,0.016831225,0.9935197,0.99305445,0.18101001,0.17088304,0.29812023,0.29387885,0.3887772,0.32282242,0.5106488,0.5620669,0.007314506,0.3687614,0.24966027,0.7414854,0.5555215,0.24535887,0.24420036,0.5533034,0.55386215,0.905128,0.2944152,0.93595594,0.2771938,0.6211312,0.55930436,0.2390069,0.00074015546,-0.056557704
0.03115225,0.029373992,0.016273933,0.016831225,0.9935197,0.99305445,0.18100998,0.17088304,0.29812017,0.29387882,0.3887771,0.32282248,0.5106489,0.56206703,0.007314506,0.36876133,0.24966024,0.74148536,0.5555215,0.24535882,0.24420035,0.5533034,0.55386215,0.905128,0.29441518,0.93595606,0.27719375,0.6211312,0.5593043,0.23900703,0.00074024487,-0.056557704
0.031152265,0.029374,0.016273933,0.016831225,0.9935197,0.99305445,0.18101001,0.17088304,0.29812008,0.29387873,0.38877705,0.32282254,0.510649,0.5620672,0.0073145023,0.36876127,0.2496603,0.7414853,0.5555215,0.24535882,0.24420035,0.5533034,0.55386215,0.9051281,0.29441512,0.93595606,0.27719373,0.6211312,0.55930424,0.23900703,0.00074027467,-0.05655771
0.031152265,0.029374005,0.016273942,0.016831225,0.9935197,0.99305445,0.18101001,0.17088306,0.29812002,0.29387864,0.38877705,0.3228226,0.5106491,0.5620673,0.007314499,0.3687612,0.2496603,0.7414853,0.5555215,0.24535882,0.24420035,0.5533034,0.55386215,0.9051281,0.2944151,0.9359561,0.2771937,0.6211312,0.55930424,0.23900713,0.00074027467,-0.056557704
0.031152265,0.029374013,0.016273942,0.016831225,0.9935197,0.99305445,0.18101001,0.17088307,0.29812,0.29387864,0.38877705,0.32282257,0.5106492,0.56206733,0.007314499,0.36876115,0.2496603,0.74148524,0.5555215,0.24535882,0.24420035,0.5533034,0.55386215,0.90512824,0.29441506,0.9359561,0.27719364,0.6211312,0.55930424,0.2390071,0.0007403045,-0.056557763
0.031152265,0.029374005,0.016273942,0.016831225,0.9935197,0.99305445,0.18101001,0.17088307,0.29811993,0.2938786,0.38877696,0.32282263,0.5106493,0.56206745,0.007314499,0.36876112,0.2496603,0.74148524,0.5555215,0.24535885,0.24420035,0.5533034,0.55386215,0.9051283,0.29441503,0.9359561,0.27719364,0.6211312,0.5593043,0.23900725,0.0007403939,-0.056557823
0.031152265,0.02937402,0.016273942,0.016831225,0.9935197,0.99305445,0.18101002,0.17088309,0.2981199,0.29387853,0.3887769,0.32282272,0.5106494,0.56206757,0.0073144957,0.3687611,0.2496603,0.74148524,0.5555215,0.24535885,0.24420035,0.5533034,0.55386215,0.9051283,0.29441497,0.93595624,0.27719358,0.6211311,0.55930436,0.23900728,0.0007403641,-0.056557838
0.031152265,0.02937402,0.016273942,0.016831225,0.9935197,0.99305445,0.18101002,0.17088312,0.29811984,0.2938785,0.3887769,0.32282272,0.51064956,0.56206775,0.0073144957,0.368761,0.2496603,0.7414852,0.5555215,0.24535882,0.24420035,0.5533034,0.55386215,0.9051284,0.29441494,0.93595636,0.27719352,0.6211311,0.5593043,0.23900734,0.0007403045,-0.056557868
0.031152265,0.02937402,0.016273942,0.016831225,0.9935197,0.99305445,0.18101004,0.17088312,0.2981198,0.29387844,0.38877678,0.3228228,0.5106497,0.56206775,0.0073144925,0.368761,0.2496603,0.7414851,0.5555215,0.24535882,0.24420029,0.5533034,0.55386215,0.90512854,0.29441494,0.93595636,0.2771935,0.6211311,0.5593044,0.23900741,0.0007403939,-0.056557912
0.031152265,0.02937402,0.016273942,0.016831225,0.9935197,0.99305445,0.18101001,0.17088312,0.29811978,0.29387838,0.38877675,0.32282287,0.51064974,0.56206787,0.0073144925,0.36876094,0.2496603,0.7414851,0.5555215,0.24535882,0.24420029,0.5533034,0.55386215,0.90512854,0.2944149,0.93595636,0.2771935,0.6211311,0.5593044,0.23900744,0.0007403939,-0.056557912
0.031152265,0.029374026,0.016273942,0.016831225,0.9935197,0.99305445,0.18101004,0.17088315,0.29811972,0.29387832,0.3887767,0.32282293,0.5106498,0.562068,0.0073144925,0.36876088,0.24966036,0.7414851,0.5555215,0.24535882,0.24420035,0.5533034,0.55386215,0.9051286,0.29441485,0.9359565,0.27719343,0.6211311,0.5593044,0.23900747,0.0007403939,-0.056557912
0.031152265,0.029374033,0.016273942,0.016831225,0.9935197,0.99305445,0.18101004,0.17088315,0.2981197,0.2938783,0.3887766,0.32282296,0.5106499,0.56206805,0.0073144883,0.36876088,0.24966036,0.74148506,0.5555215,0.24535882,0.24420035,0.5533034,0.55386215,0.9051286,0.29441485,0.9359565,0.27719343,0.621131,0.5593045,0.23900753,0.0007403939,-0.056557875
0.031152273,0.029374039,0.016273942,0.016831234,0.9935197,0.99305445,0.18101004,0.17088316,0.29811963,0.29387826,0.38877654,0.32282305,0.5106499,0.5620681,0.0073144883,0.36876082,0.24966036,0.74148506,0.5555215,0.24535882,0.24420029,0.5533034,0.55386215,0.9051287,0.29441482,0.93595654,0.2771934,0.6211311,0.5593044,0.23900747,0.0007403939,-0.056557957
0.031152273,0.029374046,0.016273942,0.016831225,0.9935197,0.99305445,0.18101004,0.17088316,0.29811963,0.29387823,0.38877654,0.32282305,0.5106501,0.5620683,0.007314485,0.36876082,0.2496603,0.741485,0.5555215,0.24535882,0.24420029,0.5533034,0.55386215,0.9051287,0.29441482,0.93595654,0.27719334,0.6211311,0.5593044,0.23900756,0.0007403045,-0.05655798
0.03115228,0.029374046,0.016273942,0.016831234,0.9935197,0.99305445,0.18101004,0.17088315,0.29811963,0.29387817,0.38877657,0.32282305,0.5106502,0.56206834,0.007314485,0.36876082,0.24966036,0.741485,0.5555215,0.2453588,0.24420029,0.5533034,0.55386215,0.90512884,0.29441476,0.93595654,0.27719334,0.6211311,0.5593045,0.23900756,0.0007403343,-0.056557994
0.031152295,0.029374052,0.016273942,0.016831225,0.9935197,0.99305445,0.18101004,0.17088316,0.29811957,0.29387817,0.38877654,0.32282305,0.5106503,0.5620684,0.007314485,0.36876073,0.2496603,0.741485,0.5555215,0.24535882,0.24420029,0.5533034,0.55386215,0.9051289,0.29441476,0.93595666,0.27719328,0.6211311,0.5593044,0.23900759,0.0007403343,-0.05655804
0.03115228,0.02937406,0.016273942,0.016831225,0.9935197,0.99305445,0.18101004,0.17088318,0.29811954,0.29387814,0.38877654,0.32282305,0.51065034,0.56206846,0.007314482,0.36876068,0.24966036,0.74148494,0.5555215,0.24535882,0.24420029,0.5533034,0.55386215,0.9051289,0.29441473,0.93595666,0.27719325,0.6211311,0.5593044,0.2390076,0.0007403641,-0.056557987
0.031152295,0.02937406,0.016273957,0.016831234,0.9935197,0.99305445,0.18101004,0.17088318,0.29811952,0.2938781,0.3887765,0.3228231,0.5106504,0.5620685,0.007314485,0.36876068,0.24966036,0.74148494,0.5555215,0.24535882,0.24420029,0.5533034,0.55386215,0.9051289,0.29441467,0.93595666,0.27719325,0.6211311,0.5593044,0.23900756,0.0007403343,-0.056558017
0.031152295,0.02937406,0.016273942,0.016831225,0.9935197,0.99305445,0.18101004,0.17088318,0.2981195,0.2938781,0.38877645,0.32282314,0.51065046,0.5620686,0.007314485,0.36876065,0.24966036,0.74148494,0.5555215,0.2453588,0.24420029,0.5533034,0.55386215,0.9051289,0.29441467,0.9359568,0.2771932,0.6211311,0.5593045,0.2390076,0.0007403343,-0.056558024
0.031152295,0.02937406,0.016273942,0.016831225,0.9935197,0.99305445,0.18101008,0.17088322,0.2981195,0.29387805,0.38877645,0.32282317,0.5106505,0.5620687,0.0073144785,0.36876062,0.24966036,0.74148494,0.5555215,0.24535882,0.24420029,0.5533034,0.55386215,0.905129,0.29441467,0.9359568,0.2771932,0.6211311,0.55930436,0.2390075,0.0007403045,-0.05655803
0.031152295,0.02937406,0.016273942,0.016831225,0.9935197,0.99305445,0.18101004,0.17088322,0.2981195,0.29387808,0.3887764,0.32282317,0.5106506,0.56206876,0.007314482,0.36876062,0.24966039,0.74148494,0.5555215,0.2453588,0.24420029,0.5533034,0.55386215,0.905129,0.2944146,0.9359568,0.27719316,0.621131,0.5593045,0.23900759,0.0007403045,-0.056558076
0.031152287,0.029374065,0.016273942,0.016831225,0.9935197,0.99305445,0.18101007,0.17088322,0.2981195,0.29387805,0.3887764,0.3228232,0.51065063,0.5620688,0.0073144785,0.3687606,0.24966036,0.7414849,0.5555215,0.24535882,0.24420035,0.5533034,0.55386215,0.9051291,0.2944146,0.9359568,0.27719316,0.621131,0.55930454,0.23900756,0.0007403045,-0.056558087
0.03115228,0.02937406,0.016273942,0.016831225,0.9935197,0.99305445,0.18101004,0.17088318,0.2981195,0.29387808,0.38877645,0.32282314,0.51065063,0.5620689,0.0073144785,0.3687606,0.24966039,0.7414849,0.5555215,0.24535882,0.24420029,0.5533034,0.55386215,0.9051291,0.2944146,0.9359568,0.27719316,0.6211311,0.5593045,0.23900756,0.0007403045,-0.05655804
0.031152295,0.029374072,0.01627395,0.016831225,0.9935197,0.99305445,0.18101007,0.17088321,0.29811946,0.29387805,0.3887764,0.3228232,0.5106507,0.5620689,0.0073144785,0.36876056,0.24966042,0.7414849,0.5555215,0.24535882,0.24420035,0.5533034,0.5538622,0.9051291,0.29441458,0.9359569,0.2771931,0.6211311,0.5593045,0.23900759,0.0007403641,-0.05655798
0.031152287,0.029374078,0.01627395,0.016831225,0.9935197,0.99305445,0.18101007,0.17088322,0.29811946,0.29387805,0.38877636,0.3228232,0.51065075,0.56206894,0.0073144785,0.36876053,0.24966039,0.7414849,0.5555215,0.24535882,0.24420029,0.5533034,0.55386215,0.9051291,0.29441458,0.9359569,0.2771931,0.62113106,0.55930454,0.23900753,0.00074024487,-0.056557942
0.031152295,0.029374072,0.01627395,0.016831225,0.9935197,0.99305445,0.18101004,0.17088322,0.2981195,0.29387805,0.3887764,0.3228232,0.5106508,0.562069,0.0073144785,0.36876053,0.24966039,0.7414849,0.5555215,0.24535882,0.24420029,0.5533034,0.55386215,0.9051291,0.29441458,0.9359569,0.27719307,0.621131,0.5593044,0.23900753,0.0007403045,-0.056558
0.031152295,0.029374078,0.01627395,0.016831225,0.9935197,0.99305445,0.18101007,0.17088322,0.29811946,0.29387802,0.38877633,0.32282323,0.5106508,0.562069,0.0073144753,0.36876056,0.24966039,0.7414849,0.5555215,0.24535882,0.24420029,0.5533034,0.55386215,0.9051292,0.29441455,0.93595695,0.27719307,0.621131,0.55930454,0.23900756,0.00074027467,-0.056558017
0.031152295,0.029374078,0.016273942,0.016831225,0.9935197,0.99305445,0.18101004,0.17088322,0.29811946,0.29387802,0.38877633,0.3228233,0.5106509,0.562069,0.0073144785,0.3687605,0.24966039,0.7414849,0.5555215,0.24535882,0.24420035,0.5533034,0.55386215,0.9051292,0.29441455,0.93595695,0.27719304,0.621131,0.55930454,0.23900753,0.00074024487,-0.05655798
0.031152295,0.029374078,0.01627395,0.016831225,0.9935197,0.99305445,0.18101004,0.17088322,0.29811943,0.293878,0.38877624,0.3228233,0.51065093,0.5620691,0.0073144753,0.3687605,0.24966039,0.7414849,0.5555215,0.24535882,0.24420035,0.5533034,0.55386215,0.9051292,0.29441452,0.93595695,0.277193,0.621131,0.55930454,0.2390075,0.00074027467,-0.056558046
0.031152295,0.029374078,0.016273942,0.016831225,0.9935197,0.99305445,0.18101007,0.17088324,0.29811943,0.29387802,0.3887762,0.32282335,0.510651,0.5620691,0.007314471,0.3687605,0.24966042,0.7414849,0.5555215,0.24535882,0.24420035,0.5533034,0.55386215,0.9051293,0.29441452,0.93595695,0.277193,0.621131,0.55930454,0.23900753,0.00074027467,-0.056558024
0.031152295,0.02937409,0.01627395,0.016831225,0.9935197,0.99305445,0.18101007,0.17088322,0.29811946,0.29387802,0.38877618,0.32282335,0.51065105,0.5620692,0.0073144753,0.36876044,0.24966042,0.74148476,0.5555215,0.24535882,0.24420035,0.5533034,0.55386215,0.9051293,0.2944145,0.93595695,0.277193,0.621131,0.55930454,0.23900747,0.00074024487,-0.056558017
0.031152295,0.02937409,0.01627395,0.016831225,0.9935197,0.99305445,0.18101004,0.17088322,0.29811943,0.293878,0.38877624,0.32282332,0.510651,0.56206924,0.007314471,0.36876047,0.24966042,0.74148476,0.5555215,0.24535882,0.24420035,0.5533034,0.55386215,0.9051293,0.2944145,0.93595695,0.277193,0.62113094,0.55930454,0.23900753,0.00074024487,-0.056558046
0.031152295,0.029374078,0.01627395,0.016831225,0.9935197,0.99305445,0.18101008,0.17088324,0.29811943,0.293878,0.38877618,0.32282335,0.510651,0.5620692,0.0073144753,0.36876044,0.24966042,0.7414849,0.5555215,0.24535882,0.24420035,0.5533034,0.55386215,0.9051293,0.2944145,0.93595695,0.277193,0.621131,0.5593046,0.23900753,0.0007403045,-0.056558076
0.031152295,0.02937409,0.01627395,0.016831225,0.9935197,0.99305445,0.18101008,0.17088325,0.2981194,0.29387796,0.38877615,0.3228234,0.5106511,0.5620693,0.007314471,0.36876044,0.24966042,0.74148476,0.5555215,0.24535882,0.24420035,0.5533034,0.55386215,0.9051294,0.29441443,0.9359571,0.27719295,0.621131,0.55930454,0.23900753,0.00074018526,-0.05655806
0.0311523,0.02937409,0.01627395,0.016831225,0.9935197,0.99305445,0.18101008,0.17088325,0.2981194,0.29387796,0.38877624,0.3228234,0.51065123,0.5620694,0.007314471,0.36876044,0.24966042,0.7414847,0.55552155,0.24535882,0.24420029,0.5533034,0.5538622,0.9051294,0.29441443,0.9359571,0.27719295,0.621131,0.5593044,0.23900747,0.00074027467,-0.056557987
0.031152308,0.02937409,0.01627395,0.016831225,0.9935197,0.99305445,0.18101008,0.17088327,0.2981194,0.29387796,0.38877624,0.32282332,0.51065123,0.5620695,0.0073144645,0.36876044,0.24966042,0.7414847,0.55552155,0.24535882,0.24420029,0.5533034,0.5538622,0.9051294,0.29441443,0.9359571,0.27719295,0.621131,0.5593044,0.23900753,0.00074027467,-0.05655792
0.031152295,0.02937409,0.016273957,0.016831225,0.9935197,0.99305445,0.18101008,0.17088328,0.2981194,0.29387793,0.38877624,0.32282335,0.51065123,0.5620695,0.007314468,0.3687604,0.24966039,0.7414847,0.55552155,0.2453588,0.24420029,0.5533034,0.5538622,0.9051294,0.2944144,0.9359571,0.27719292,0.6211311,0.5593044,0.23900741,0.00074018526,-0.056557912
0.031152295,0.029374095,0.01627395,0.016831225,0.9935197,0.99305445,0.18101004,0.17088327,0.2981194,0.29387796,0.38877627,0.3228233,0.51065123,0.5620694,0.0073144645,0.36876044,0.24966039,0.7414847,0.55552155,0.24535882,0.24420029,0.5533034,0.5538622,0.9051294,0.29441443,0.9359571,0.27719295,0.6211311,0.55930436,0.23900738,0.00074015546,-0.056557927
0.031152295,0.02937409,0.01627395,0.016831225,0.9935197,0.99305445,0.18101007,0.17088325,0.29811943,0.293878,0.38877627,0.3228233,0.51065123,0.5620694,0.007314471,0.36876044,0.24966039,0.7414847,0.5555215,0.24535882,0.24420029,0.5533034,0.5538622,0.9051294,0.2944144,0.9359571,0.27719292,0.62113106,0.5593044,0.23900735,0.00074012566,-0.056557957
0.031152295,0.02937409,0.016273942,0.016831225,0.9935197,0.99305445,0.18101004,0.17088325,0.2981194,0.29387796,0.38877624,0.3228233,0.5106512,0.5620694,0.007314471,0.36876044,0.24966039,0.74148476,0.5555215,0.24535882,0.24420029,0.5533034,0.5538622,0.9051294,0.29441443,0.9359571,0.27719292,0.62113106,0.55930454,0.23900741,0.00074015546,-0.056557957
0.031152295,0.02937409,0.01627395,0.016831225,0.9935197,0.99305445,0.18101004,0.17088325,0.29811943,0.29387796,0.38877624,0.32282332,0.51065123,0.5620695,0.007314468,0.3687604,0.24966042,0.74148476,0.5555215,0.24535882,0.24420035,0.5533034,0.5538622,0.9051294,0.2944144,0.9359571,0.27719292,0.621131,0.5593045,0.23900741,0.00074024487,-0.056557972
0.031152295,0.02937409,0.016273942,0.016831225,0.9935197,0.99305445,0.18101004,0.17088325,0.2981194,0.29387796,0.38877618,0.32282335,0.5106512,0.5620694,0.0073144645,0.36876044,0.24966042,0.74148476,0.5555215,0.24535882,0.24420035,0.5533034,0.5538622,0.9051294,0.29441443,0.9359571,0.27719292,0.621131,0.55930454,0.23900741,0.00074015546,-0.056557912
0.031152295,0.029374095,0.01627395,0.016831225,0.9935197,0.99305445,0.18101004,0.17088327,0.2981194,0.29387796,0.38877618,0.32282335,0.51065123,0.5620694,0.007314468,0.3687604,0.24966039,0.74148476,0.55552155,0.24535882,0.24420029,0.5533034,0.5538622,0.9051294,0.29441443,0.9359571,0.27719292,0.621131,0.55930454,0.23900744,0.00074024487,-0.056557965
0.031152295,0.02937409,0.01627395,0.016831225,0.9935197,0.99305445,0.18101004,0.17088325,0.2981194,0.29387796,0.3887762,0.32282335,0.5106512,0.5620695,0.007314471,0.36876044,0.24966042,0.7414847,0.55552155,0.24535882,0.24420035,0.5533034,0.5538622,0.9051295,0.2944144,0.9359571,0.27719292,0.62113106,0.55930454,0.23900738,0.00074015546,-0.056557897
0.031152295,0.02937409,0.01627395,0.016831225,0.9935197,0.99305445,0.18101004,0.17088325,0.2981194,0.293878,0.3887762,0.32282335,0.51065123,0.5620695,0.007314468,0.3687604,0.24966039,0.7414847,0.55552155,0.2453588,0.24420029,0.5533034,0.5538622,0.9051295,0.29441443,0.9359572,0.27719292,0.6211311,0.5593044,0.23900744,0.00074018526,-0.056557912
0.031152308,0.029374102,0.01627395,0.016831225,0.9935197,0.99305445,0.18101007,0.17088325,0.29811946,0.293878,0.38877624,0.32282332,0.5106513,0.56206954,0.007314468,0.36876044,0.24966042,0.7414847,0.55552155,0.24535882,0.24420035,0.5533034,0.5538622,0.9051295,0.2944144,0.9359572,0.2771929,0.6211311,0.55930436,0.23900741,0.00074018526,-0.056557868
0.031152295,0.029374102,0.01627395,0.016831225,0.9935197,0.99305445,0.18101004,0.17088325,0.29811943,0.29387796,0.38877627,0.3228233,0.5106513,0.56206954,0.0073144645,0.36876038,0.24966042,0.7414847,0.55552155,0.24535882,0.24420029,0.5533034,0.5538622,0.9051295,0.2944144,0.9359572,0.2771929,0.6211311,0.5593044,0.23900738,0.00074027467,-0.056557853
0.031152308,0.029374095,0.01627395,0.016831225,0.9935197,0.99305445,0.18101004,0.17088328,0.29811943,0.29387796,0.38877624,0.32282332,0.51065135,0.5620696,0.0073144645,0.36876038,0.24966042,0.7414847,0.55552155,0.24535882,0.24420029,0.5533034,0.5538622,0.9051295,0.2944144,0.9359572,0.27719286,0.6211311,0.55930436,0.23900738,0.00074024487,-0.05655783
0.0311523,0.029374102,0.01627395,0.016831225,0.9935197,0.99305445,0.18101004,0.17088325,0.29811943,0.29387796,0.38877624,0.3228233,0.5106514,0.5620696,0.0073144645,0.36876038,0.24966039,0.7414847,0.55552155,0.24535882,0.24420029,0.5533034,0.5538622,0.9051295,0.2944144,0.9359572,0.27719286,0.6211311,0.55930436,0.23900741,0.00074021507,-0.05655783
0.031152308,0.029374102,0.016273957,0.016831225,0.9935197,0.99305445,0.18101002,0.17088327,0.29811943,0.293878,0.38877624,0.3228233,0.5106514,0.5620696,0.0073144645,0.36876038,0.24966039,0.7414847,0.55552155,0.24535882,0.24420029,0.5533034,0.5538622,0.9051295,0.29441437,0.9359572,0.27719286,0.6211311,0.55930436,0.23900734,0.00074015546,-0.05655778
0.031152308,0.029374102,0.016273957,0.016831225,0.9935197,0.99305445,0.18101002,0.17088328,0.2981194,0.29387796,0.38877624,0.3228233,0.51065135,0.5620696,0.0073144645,0.36876038,0.24966042,0.7414847,0.55552155,0.24535882,0.24420029,0.5533034,0.5538622,0.9051295,0.29441434,0.9359572,0.27719286,0.6211311,0.5593044,0.23900735,0.00074018526,-0.056557808
0.0311523,0.029374095,0.01627395,0.016831225,0.9935197,0.99305445,0.18101004,0.17088327,0.29811943,0.29387796,0.38877624,0.32282332,0.51065135,0.5620696,0.0073144645,0.36876038,0.24966042,0.7414847,0.55552155,0.24535882,0.24420035,0.5533034,0.5538622,0.9051295,0.2944144,0.9359572,0.27719286,0.621131,0.5593044,0.23900734,0.00074018526,-0.05655778
0.031152308,0.029374095,0.01627395,0.016831225,0.9935197,0.99305445,0.18101004,0.17088328,0.2981194,0.29387796,0.3887762,0.32282332,0.5106513,0.56206954,0.007314468,0.36876038,0.24966045,0.7414847,0.55552155,0.24535882,0.24420029,0.5533034,0.5538622,0.9051295,0.2944144,0.9359572,0.27719286,0.621131,0.55930454,0.23900738,0.00074015546,-0.05655778
0.0311523,0.029374102,0.01627395,0.016831225,0.9935197,0.99305445,0.18101004,0.17088325,0.29811943,0.29387796,0.38877618,0.32282344,0.51065135,0.5620696,0.0073144645,0.36876038,0.24966042,0.7414847,0.55552155,0.24535882,0.24420035,0.5533034,0.5538622,0.9051296,0.2944144,0.9359572,0.27719286,0.621131,0.55930454,0.23900735,0.00074012566,-0.056557868
0.031152308,0.029374095,0.01627395,0.016831225,0.9935197,0.99305445,0.18101004,0.17088328,0.2981194,0.293878,0.3887761,0.32282344,0.51065135,0.5620696,0.0073144645,0.36876038,0.24966042,0.7414847,0.55552155,0.24535882,0.24420029,0.5533034,0.5538622,0.9051296,0.29441434,0.9359572,0.27719286,0.62113106,0.55930465,0.23900731,0.00074012566,-0.056557883
0.0311523,0.029374102,0.01627395,0.016831217,0.9935197,0.99305445,0.18101004,0.17088327,0.29811943,0.293878,0.3887761,0.32282344,0.5106514,0.5620697,0.0073144645,0.36876038,0.24966042,0.7414847,0.55552155,0.24535882,0.24420029,0.5533034,0.5538622,0.9051296,0.29441434,0.9359572,0.27719286,0.6211311,0.55930454,0.23900731,0.00074009586,-0.056557942
0.0311523,0.029374102,0.016273942,0.016831217,0.9935197,0.99305445,0.18101002,0.17088327,0.29811946,0.293878,0.3887761,0.32282344,0.51065147,0.5620697,0.0073144645,0.36876038,0.24966039,0.7414847,0.55552155,0.2453588,0.24420029,0.5533034,0.5538622,0.9051296,0.29441434,0.9359572,0.27719286,0.621131,0.55930454,0.23900731,0.00074015546,-0.05655792
0.0311523,0.029374102,0.01627395,0.016831217,0.9935197,0.99305445,0.18101004,0.17088328,0.29811946,0.29387802,0.3887761,0.32282346,0.51065147,0.5620697,0.0073144645,0.36876038,0.24966042,0.7414847,0.55552155,0.2453588,0.24420035,0.5533034,0.5538622,0.9051296,0.29441434,0.9359573,0.27719283,0.621131,0.5593044,0.23900725,0.00074006605,-0.056557897
0.0311523,0.029374095,0.016273942,0.016831217,0.9935197,0.99305445,0.18101004,0.17088328,0.29811946,0.293878,0.3887761,0.32282346,0.51065147,0.5620697,0.0073144613,0.36876038,0.24966042,0.7414847,0.55552155,0.2453588,0.24420029,0.5533034,0.5538622,0.9051296,0.29441434,0.9359572,0.27719283,0.621131,0.5593044,0.23900731,0.00074009586,-0.056557912
0.0311523,0.029374102,0.016273942,0.016831217,0.9935197,0.99305445,0.18101004,0.17088327,0.29811946,0.293878,0.3887761,0.32282346,0.51065147,0.5620697,0.0073144645,0.36876035,0.24966042,0.7414847,0.55552155,0.2453588,0.24420029,0.5533034,0.5538622,0.9051296,0.29441434,0.9359573,0.27719283,0.62113106,0.5593044,0.23900725,0.00074012566,-0.056557883
0.0311523,0.029374102,0.01627395,0.016831225,0.9935197,0.99305445,0.18101004,0.17088328,0.29811946,0.29387802,0.3887761,0.32282344,0.51065147,0.5620697,0.0073144645,0.36876035,0.24966042,0.7414847,0.55552155,0.2453588,0.24420029,0.5533034,0.5538622,0.9051296,0.29441434,0.9359573,0.27719283,0.621131,0.5593044,0.23900725,0.00074012566,-0.056557897
0.031152308,0.029374102,0.01627395,0.016831225,0.9935197,0.99305445,0.18101004,0.17088325,0.29811946,0.293878,0.38877618,0.3228234,0.51065147,0.5620698,0.0073144613,0.36876035,0.24966042,0.7414847,0.55552155,0.2453588,0.24420029,0.5533034,0.5538622,0.9051297,0.29441434,0.9359573,0.27719283,0.621131,0.55930436,0.23900731,0.00074015546,-0.056557987
0.0311523,0.029374102,0.01627395,0.016831217,0.9935197,0.99305445,0.18101004,0.17088328,0.29811946,0.293878,0.38877618,0.3228234,0.5106515,0.5620698,0.0073144613,0.36876035,0.24966042,0.7414847,0.55552155,0.2453588,0.24420029,0.5533034,0.5538622,0.9051296,0.29441434,0.9359573,0.27719283,0.62113106,0.55930436,0.23900731,0.00074012566,-0.056557912
0.031152308,0.029374102,0.01627395,0.016831225,0.9935197,0.99305445,0.18101004,0.17088325,0.2981195,0.29387802,0.38877618,0.3228234,0.51065147,0.5620698,0.0073144645,0.36876035,0.24966042,0.7414847,0.55552155,0.24535882,0.24420029,0.5533034,0.5538622,0.9051297,0.29441434,0.9359573,0.27719283,0.621131,0.55930436,0.23900725,0.00074012566,-0.056557912
0.0311523,0.029374108,0.016273942,0.016831225,0.9935197,0.99305445,0.18101004,0.17088328,0.2981195,0.293878,0.38877618,0.32282335,0.5106516,0.5620697,0.0073144645,0.36876035,0.24966042,0.7414847,0.55552155,0.24535882,0.24420029,0.5533034,0.5538622,0.9051297,0.2944143,0.9359573,0.27719283,0.621131,0.55930436,0.23900731,0.00074015546,-0.056557912
0.0311523,0.029374102,0.01627395,0.016831225,0.9935197,0.99305445,0.18101004,0.17088328,0.29811946,0.293878,0.38877618,0.3228234,0.5106516,0.56206983,0.0073144613,0.36876035,0.24966042,0.7414847,0.55552155,0.24535882,0.24420029,0.5533034,0.5538622,0.9051297,0.2944143,0.9359573,0.2771928,0.621131,0.5593044,0.23900725,0.00074018526,-0.05655798
0.031152308,0.029374108,0.016273942,0.016831217,0.9935197,0.99305445,0.18101004,0.1708833,0.29811943,0.293878,0.3887761,0.32282346,0.5106516,0.56206983,0.0073144645,0.3687603,0.24966042,0.7414847,0.55552155,0.2453588,0.24420029,0.5533035,0.5538622,0.9051297,0.29441428,0.9359573,0.2771928,0.621131,0.55930436,0.23900716,0.00074018526,-0.056558024
0.031152308,0.029374115,0.01627395,0.016831225,0.9935197,0.99305445,0.18101004,0.17088325,0.29811946,0.29387796,0.3887761,0.32282344,0.5106516,0.56206983,0.0073144613,0.36876035,0.24966042,0.7414847,0.55552155,0.2453588,0.24420029,0.5533034,0.5538622,0.9051297,0.2944143,0.9359573,0.2771928,0.621131,0.55930436,0.23900722,0.00074018526,-0.05655801
0.031152308,0.029374115,0.01627395,0.016831225,0.9935197,0.99305445,0.18101004,0.17088328,0.29811943,0.29387796,0.3887761,0.32282344,0.51065165,0.56206983,0.0073144645,0.36876035,0.24966042,0.7414847,0.55552155,0.2453588,0.24420029,0.5533035,0.5538622,0.9051297,0.2944143,0.9359573,0.27719277,0.6211311,0.55930436,0.23900722,0.00074012566,-0.056557987
0.031152308,0.029374115,0.01627395,0.016831225,0.9935197,0.99305445,0.18101004,0.17088328,0.29811943,0.29387796,0.3887761,0.32282346,0.5106516,0.56206983,0.0073144613,0.3687603,0.24966042,0.7414847,0.55552155,0.2453588,0.24420029,0.5533035,0.5538622,0.9051297,0.29441434,0.9359573,0.27719277,0.6211311,0.5593044,0.23900731,0.00074021507,-0.05655803
0.031152308,0.029374115,0.01627395,0.016831225,0.9935197,0.99305445,0.18101002,0.17088328,0.29811943,0.293878,0.3887761,0.32282344,0.5106516,0.56206983,0.0073144645,0.36876035,0.24966042,0.7414847,0.55552155,0.2453588,0.24420029,0.5533035,0.5538622,0.9051297,0.2944143,0.9359573,0.2771928,0.6211311,0.5593044,0.23900725,0.00074018526,-0.056558017
0.031152308,0.029374115,0.016273942,0.016831225,0.9935197,0.99305445,0.18101004,0.17088327,0.29811946,0.293878,0.3887761,0.32282344,0.5106516,0.5620698,0.0073144613,0.3687603,0.24966042,0.7414847,0.55552155,0.2453588,0.24420029,0.5533034,0.5538622,0.9051297,0.29441434,0.9359573,0.2771928,0.6211311,0.55930436,0.23900725,0.00074015546,-0.05655806
0.031152308,0.029374108,0.016273942,0.016831225,0.9935197,0.99305445,0.18101004,0.17088325,0.29811946,0.293878,0.38877615,0.32282344,0.51065165,0.56206983,0.0073144645,0.36876035,0.24966042,0.7414847,0.55552155,0.24535882,0.24420035,0.5533034,0.5538622,0.9051297,0.2944143,0.9359573,0.27719277,0.6211311,0.55930436,0.23900716,0.00074021507,-0.056558087
0.031152308,0.029374115,0.016273942,0.016831225,0.9935197,0.99305445,0.18101004,0.17088328,0.29811943,0.29387796,0.3887761,0.32282346,0.5106516,0.56206983,0.0073144645,0.3687603,0.24966042,0.7414847,0.55552155,0.2453588,0.24420029,0.5533034,0.5538622,0.9051297,0.2944143,0.9359573,0.2771928,0.6211311,0.5593044,0.23900731,0.00074015546,-0.056558102
0.031152308,0.029374115,0.01627395,0.016831225,0.9935197,0.99305445,0.18101004,0.17088328,0.2981194,0.29387796,0.38877606,0.3228235,0.51065165,0.56206983,0.0073144645,0.36876035,0.24966042,0.7414847,0.55552155,0.2453588,0.24420029,0.5533035,0.5538622,0.9051297,0.29441428,0.9359573,0.2771928,0.6211312,0.55930436,0.23900725,0.00074012566,-0.056558076
0.031152312,0.029374115,0.01627395,0.016831217,0.9935197,0.99305445,0.18101001,0.17088327,0.29811946,0.293878,0.38877615,0.32282344,0.51065165,0.56206983,0.0073144613,0.36876035,0.24966042,0.7414847,0.55552155,0.2453588,0.24420029,0.55330354,0.5538622,0.9051297,0.2944143,0.9359573,0.2771928,0.6211311,0.5593043,0.23900722,0.00074015546,-0.056558054
0.031152308,0.029374115,0.01627395,0.016831225,0.9935197,0.99305445,0.18101004,0.17088327,0.29811943,0.29387796,0.38877618,0.32282344,0.5106516,0.56206983,0.0073144645,0.36876035,0.24966042,0.7414847,0.55552155,0.2453588,0.24420029,0.5533034,0.5538622,0.9051297,0.2944143,0.9359573,0.2771928,0.6211311,0.55930436,0.23900728,0.00074021507,-0.056558
0.031152312,0.029374115,0.016273957,0.016831225,0.9935197,0.99305445,0.18101004,0.17088328,0.29811946,0.293878,0.3887761,0.32282346,0.5106516,0.56206983,0.0073144645,0.36876035,0.24966042,0.7414847,0.55552155,0.24535882,0.24420035,0.5533035,0.5538622,0.9051297,0.29441434,0.9359573,0.2771928,0.6211312,0.55930436,0.23900725,0.00074015546,-0.05655801
0.031152308,0.029374115,0.01627395,0.016831225,0.9935197,0.99305445,0.18101002,0.17088327,0.2981194,0.29387796,0.38877603,0.32282355,0.5106516,0.56206983,0.0073144645,0.36876035,0.24966042,0.7414847,0.55552155,0.2453588,0.24420029,0.5533035,0.5538622,0.9051297,0.29441434,0.9359573,0.2771928,0.6211312,0.5593044,0.23900725,0.00074015546,-0.05655817
0.031152308,0.029374115,0.016273942,0.016831225,0.9935197,0.99305445,0.18101004,0.17088328,0.2981195,0.293878,0.38877603,0.32282355,0.51065165,0.56206983,0.0073144645,0.36876035,0.24966042,0.7414847,0.55552155,0.24535882,0.24420029,0.5533035,0.5538622,0.9051297,0.29441434,0.9359573,0.27719277,0.6211311,0.55930436,0.23900719,0.00074006605,-0.056558147
0.031152312,0.029374115,0.016273942,0.016831217,0.9935197,0.99305445,0.18101004,0.17088327,0.29811943,0.29387796,0.3887761,0.32282346,0.51065165,0.56206983,0.0073144645,0.3687603,0.24966039,0.7414847,0.55552155,0.2453588,0.24420035,0.5533034,0.5538622,0.9051297,0.2944143,0.9359573,0.27719277,0.6211312,0.55930436,0.23900731,0.00074015546,-0.056558102
0.031152308,0.029374115,0.01627395,0.016831217,0.9935197,0.99305445,0.18101001,0.17088328,0.2981195,0.293878,0.38877606,0.3228235,0.51065165,0.56206983,0.0073144645,0.3687603,0.24966042,0.7414847,0.55552155,0.24535882,0.24420035,0.5533035,0.5538622,0.9051297,0.2944143,0.9359573,0.27719277,0.6211312,0.55930436,0.23900719,0.00074009586,-0.05655811
0.031152308,0.029374115,0.01627395,0.016831217,0.9935197,0.99305445,0.18101002,0.17088327,0.29811946,0.29387796,0.38877606,0.32282352,0.5106516,0.56206983,0.007314468,0.3687603,0.24966042,0.7414847,0.55552155,0.24535882,0.24420035,0.5533035,0.5538622,0.9051297,0.2944143,0.9359573,0.2771928,0.6211312,0.55930436,0.23900725,0.00074012566,-0.05655811
0.03115232,0.029374115,0.01627395,0.016831225,0.9935197,0.99305445,0.18101004,0.17088328,0.29811943,0.29387796,0.38877603,0.32282352,0.5106516,0.5620698,0.0073144645,0.36876035,0.24966042,0.7414847,0.55552155,0.24535882,0.24420029,0.5533034,0.5538622,0.9051297,0.2944143,0.9359573,0.2771928,0.6211312,0.5593043,0.23900722,0.00074006605,-0.056558132
0.031152308,0.029374115,0.016273942,0.016831217,0.9935197,0.99305445,0.18101004,0.17088328,0.29811946,0.293878,0.3887761,0.32282346,0.5106516,0.56206983,0.0073144613,0.36876035,0.24966042,0.7414847,0.55552155,0.24535882,0.24420035,0.5533035,0.5538622,0.9051297,0.29441434,0.9359573,0.27719283,0.6211312,0.55930436,0.23900716,0.00074012566,-0.05655807
0.031152308,0.029374115,0.01627395,0.016831225,0.9935197,0.99305445,0.18101002,0.17088327,0.29811943,0.293878,0.3887761,0.32282346,0.5106516,0.56206983,0.0073144645,0.36876035,0.24966042,0.7414847,0.55552155,0.24535882,0.24420035,0.5533034,0.5538622,0.9051297,0.29441434,0.9359573,0.2771928,0.6211312,0.55930436,0.23900722,0.00074006605,-0.05655806
0.031152308,0.029374115,0.01627395,0.016831225,0.9935197,0.99305445,0.18101004,0.17088328,0.29811946,0.293878,0.3887761,0.32282346,0.5106516,0.56206983,0.0073144645,0.36876035,0.24966042,0.7414847,0.55552155,0.24535882,0.24420035,0.5533034,0.5538622,0.9051297,0.2944143,0.9359573,0.2771928,0.6211311,0.5593043,0.23900716,0.00074009586,-0.056558076
0.031152308,0.029374115,0.01627395,0.016831225,0.9935197,0.99305445,0.18101004,0.17088328,0.29811943,0.293878,0.3887761,0.3228235,0.5106516,0.56206983,0.0073144613,0.36876035,0.24966042,0.7414847,0.55552155,0.24535882,0.24420029,0.5533034,0.5538622,0.9051297,0.29441434,0.9359573,0.2771928,0.6211311,0.55930436,0.23900725,0.00074012566,-0.05655806
0.031152308,0.029374108,0.01627395,0.016831225,0.9935197,0.99305445,0.18101004,0.17088328,0.2981195,0.29387802,0.38877618,0.32282344,0.5106516,0.56206983,0.0073144645,0.36876038,0.24966042,0.7414847,0.55552155,0.2453588,0.24420029,0.55330354,0.5538622,0.9051297,0.29441434,0.9359573,0.2771928,0.6211311,0.5593043,0.23900716,0.00074012566,-0.05655803
0.031152308,0.029374108,0.016273957,0.016831225,0.9935197,0.99305445,0.18101004,0.17088328,0.29811946,0.293878,0.38877618,0.32282344,0.5106516,0.5620698,0.0073144645,0.36876035,0.24966042,0.7414847,0.55552155,0.24535882,0.24420035,0.5533034,0.5538622,0.9051297,0.29441434,0.9359573,0.27719283,0.6211312,0.55930436,0.23900722,0.00074012566,-0.056557972
0.031152308,0.029374115,0.01627395,0.016831225,0.9935197,0.99305445,0.18101002,0.17088327,0.29811946,0.29387802,0.38877618,0.32282344,0.51065147,0.5620698,0.0073144645,0.36876035,0.24966042,0.7414847,0.55552155,0.24535882,0.24420035,0.5533034,0.5538622,0.9051297,0.2944143,0.9359573,0.27719283,0.6211311,0.55930436,0.23900719,0.00074006605,-0.05655798
0.031152308,0.029374108,0.01627395,0.016831225,0.9935197,0.99305445,0.18101002,0.17088325,0.29811946,0.29387802,0.38877618,0.3228234,0.51065147,0.5620698,0.0073144645,0.36876035,0.24966042,0.7414847,0.55552155,0.24535882,0.24420035,0.5533035,0.5538622,0.9051297,0.29441434,0.9359573,0.2771928,0.6211311,0.55930436,0.23900716,0.00074015546,-0.056557972
0.031152308,0.029374115,0.01627395,0.016831225,0.9935197,0.99305445,0.18101004,0.17088328,0.2981195,0.29387802,0.38877618,0.3228234,0.51065147,0.5620698,0.0073144645,0.36876035,0.24966042,0.7414847,0.55552155,0.24535882,0.24420035,0.5533035,0.5538622,0.9051297,0.29441434,0.9359573,0.27719283,0.6211311,0.55930436,0.23900713,0.00074009586,-0.056558
0.031152308,0.029374108,0.01627395,0.016831225,0.9935197,0.99305445,0.18101001,0.17088327,0.29811946,0.29387802,0.38877615,0.32282344,0.51065147,0.5620697,0.007314468,0.36876038,0.24966042,0.7414847,0.55552155,0.24535882,0.24420029,0.5533034,0.5538622,0.9051297,0.29441434,0.9359573,0.27719283,0.6211311,0.5593044,0.23900713,0.00074012566,-0.056558017
0.031152308,0.029374108,0.016273942,0.016831225,0.9935197,0.99305445,0.18101004,0.17088327,0.2981195,0.29387802,0.38877618,0.32282338,0.51065147,0.5620698,0.0073144645,0.36876038,0.24966042,0.7414847,0.55552155,0.24535882,0.24420035,0.5533034,0.5538622,0.9051297,0.2944143,0.9359573,0.2771928,0.6211311,0.5593044,0.23900713,0.00074012566,-0.056558024
0.031152308,0.029374102,0.016273942,0.016831217,0.9935197,0.99305445,0.18101002,0.17088328,0.2981195,0.29387802,0.3887762,0.3228234,0.5106516,0.5620698,0.0073144645,0.36876035,0.24966042,0.7414847,0.55552155,0.24535882,0.24420035,0.5533034,0.5538622,0.9051297,0.29441434,0.9359573,0.27719286,0.6211311,0.5593044,0.23900716,0.00074012566,-0.056557942
0.031152308,0.029374102,0.01627395,0.016831225,0.9935197,0.99305445,0.18101001,0.17088325,0.2981195,0.29387802,0.38877618,0.3228234,0.51065147,0.5620698,0.007314468,0.36876038,0.24966045,0.7414847,0.55552155,0.24535882,0.24420035,0.5533034,0.5538622,0.9051297,0.29441434,0.9359573,0.27719283,0.6211311,0.5593044,0.23900713,0.00074012566,-0.056557994
0.031152308,0.029374115,0.016273942,0.016831225,0.9935197,0.99305445,0.18101004,0.17088328,0.2981195,0.29387802,0.38877618,0.3228234,0.5106516,0.5620698,0.0073144645,0.36876035,0.24966042,0.7414847,0.55552155,0.24535882,0.24420035,0.5533034,0.5538622,0.9051297,0.29441434,0.9359573,0.27719283,0.6211311,0.55930436,0.23900716,0.00074009586,-0.056558017
0.031152308,0.029374115,0.01627395,0.016831225,0.9935197,0.99305445,0.18101001,0.17088327,0.2981195,0.29387802,0.38877618,0.32282344,0.5106515,0.5620698,0.007314468,0.36876038,0.24966042,0.7414847,0.55552155,0.24535882,0.24420035,0.5533034,0.5538622,0.9051297,0.29441434,0.9359573,0.27719283,0.6211311,0.5593044,0.23900709,0.00074015546,-0.05655806
0.031152308,0.029374102,0.016273942,0.016831225,0.9935197,0.99305445,0.18101002,0.17088325,0.2981195,0.29387805,0.3887761,0.32282344,0.51065147,0.5620697,0.0073144645,0.36876038,0.24966045,0.7414847,0.55552155,0.24535882,0.24420035,0.5533034,0.5538622,0.9051297,0.29441434,0.9359573,0.27719283,0.621131,0.5593044,0.23900713,0.00074009586,-0.056558
0.031152308,0.029374102,0.016273942,0.016831225,0.9935197,0.99305445,0.18101002,0.17088328,0.2981195,0.29387805,0.38877606,0.3228235,0.51065147,0.5620698,0.007314468,0.36876038,0.24966042,0.7414847,0.55552155,0.24535882,0.24420035,0.5533034,0.5538622,0.9051297,0.29441434,0.9359573,0.27719283,0.621131,0.55930454,0.23900713,0.00074003625,-0.056557987
0.0311523,0.029374102,0.016273942,0.016831217,0.9935197,0.99305445,0.18101002,0.17088328,0.2981195,0.29387805,0.3887761,0.32282344,0.51065147,0.5620697,0.0073144645,0.36876038,0.24966045,0.7414847,0.55552155,0.24535882,0.24420035,0.5533034,0.5538622,0.9051297,0.29441434,0.9359573,0.27719283,0.621131,0.55930454,0.23900716,0.00074012566,-0.05655795
0.0311523,0.029374102,0.016273942,0.016831225,0.9935197,0.99305445,0.18101004,0.17088328,0.2981195,0.29387802,0.3887761,0.32282344,0.51065147,0.5620697,0.0073144645,0.36876038,0.24966042,0.7414847,0.55552155,0.24535885,0.24420035,0.5533034,0.5538622,0.9051297,0.29441434,0.9359573,0.2771928,0.621131,0.55930454,0.23900713,0.00074006605,-0.05655798
0.031152308,0.029374108,0.016273942,0.016831225,0.9935197,0.99305445,0.18101002,0.17088327,0.2981195,0.29387805,0.3887761,0.3228235,0.51065147,0.5620698,0.007314468,0.36876038,0.24966042,0.7414847,0.55552155,0.24535882,0.24420035,0.5533034,0.5538622,0.9051297,0.29441434,0.9359573,0.2771928,0.621131,0.5593044,0.23900709,0.00074012566,-0.05655803
0.031152308,0.029374102,0.016273942,0.016831217,0.9935197,0.99305445,0.18101004,0.17088328,0.2981195,0.29387805,0.3887761,0.3228235,0.5106515,0.5620698,0.007314468,0.36876038,0.24966048,0.7414847,0.55552155,0.24535882,0.24420035,0.5533034,0.5538622,0.9051297,0.29441434,0.9359573,0.2771928,0.621131,0.5593044,0.2390071,0.00074006605,-0.05655803
0.0311523,0.029374102,0.016273942,0.016831217,0.9935197,0.99305445,0.18101002,0.17088328,0.2981195,0.29387805,0.3887761,0.32282344,0.5106515,0.5620698,0.0073144645,0.36876035,0.24966042,0.7414847,0.55552155,0.24535882,0.24420035,0.5533034,0.5538622,0.9051297,0.29441434,0.9359573,0.2771928,0.621131,0.5593044,0.239007,0.00074012566,-0.056558046
0.031152308,0.029374102,0.01627395,0.016831225,0.9935197,0.99305445,0.18101004,0.17088328,0.29811952,0.29387805,0.3887761,0.32282344,0.51065147,0.56206983,0.0073144645,0.36876038,0.24966045,0.7414847,0.55552155,0.24535882,0.24420035,0.5533034,0.5538622,0.9051297,0.29441434,0.9359573,0.2771928,0.621131,0.5593044,0.23900703,0.00074015546,-0.05655806
0.0311523,0.029374102,0.016273942,0.016831217,0.9935197,0.99305445,0.18101002,0.17088327,0.2981195,0.29387805,0.3887761,0.32282344,0.51065147,0.5620697,0.0073144645,0.36876038,0.24966045,0.7414847,0.55552155,0.24535882,0.24420035,0.5533034,0.5538622,0.9051297,0.29441434,0.9359573,0.2771928,0.621131,0.55930454,0.23900716,0.00074015546,-0.05655806
0.031152308,0.029374108,0.01627395,0.016831217,0.9935197,0.99305445,0.18101002,0.17088328,0.2981195,0.29387805,0.38877606,0.3228235,0.5106516,0.5620698,0.0073144645,0.36876038,0.24966042,0.7414847,0.55552155,0.24535882,0.24420029,0.5533034,0.5538622,0.9051297,0.2944143,0.9359573,0.27719283,0.6211311,0.5593044,0.23900709,0.00074009586,-0.056558087
0.031152308,0.029374102,0.016273942,0.016831217,0.9935197,0.99305445,0.18101002,0.17088327,0.29811952,0.29387805,0.38877615,0.32282344,0.5106516,0.56206983,0.0073144645,0.36876038,0.24966042,0.7414847,0.55552155,0.24535882,0.24420035,0.5533034,0.5538622,0.9051297,0.2944143,0.9359573,0.2771928,0.6211311,0.5593044,0.2390071,0.00074009586,-0.056558162
0.031152308,0.029374115,0.016273942,0.016831225,0.9935197,0.99305445,0.18101004,0.17088328,0.2981195,0.29387805,0.38877615,0.32282344,0.5106516,0.56206983,0.0073144613,0.36876038,0.24966042,0.7414847,0.55552155,0.24535882,0.24420035,0.5533034,0.5538622,0.9051297,0.29441428,0.9359573,0.2771928,0.621131,0.5593044,0.23900713,0.00074012566,-0.056558147
0.031152308,0.029374102,0.016273942,0.016831225,0.9935197,0.99305445,0.18101004,0.17088328,0.2981195,0.29387805,0.3887761,0.32282344,0.5106516,0.56206983,0.0073144613,0.36876035,0.24966042,0.7414847,0.55552155,0.24535882,0.24420035,0.5533034,0.5538622,0.9051297,0.2944143,0.9359573,0.2771928,0.621131,0.5593045,0.23900713,0.00074015546,-0.056558132
0.031152308,0.029374102,0.01627395,0.016831225,0.9935197,0.99305445,0.18101004,0.17088327,0.2981195,0.29387805,0.38877606,0.3228235,0.5106516,0.5620698,0.007314468,0.36876038,0.24966045,0.7414847,0.55552155,0.2453588,0.24420035,0.5533034,0.5538622,0.9051297,0.2944143,0.9359573,0.2771928,0.6211311,0.5593045,0.23900716,0.00074009586,-0.0565582
0.031152308,0.029374108,0.016273942,0.016831225,0.9935197,0.99305445,0.18101002,0.17088327,0.2981195,0.29387802,0.38877606,0.3228235,0.5106516,0.5620698,0.0073144645,0.36876035,0.24966042,0.7414847,0.55552155,0.24535882,0.24420035,0.5533034,0.5538622,0.9051297,0.29441434,0.9359573,0.2771928,0.6211311,0.55930454,0.23900722,0.00074006605,-0.056558177
0.031152308,0.029374108,0.016273942,0.016831225,0.9935197,0.99305445,0.18101001,0.17088328,0.29811943,0.29387796,0.38877603,0.32282352,0.5106516,0.56206983,0.0073144645,0.36876035,0.24966045,0.7414847,0.55552155,0.24535882,0.24420035,0.5533034,0.5538622,0.9051297,0.2944143,0.9359573,0.2771928,0.6211311,0.5593045,0.23900713,0.00074003625,-0.056558177
0.031152308,0.029374108,0.016273942,0.016831225,0.9935197,0.99305445,0.18101004,0.17088327,0.29811946,0.29387802,0.38877603,0.32282355,0.5106516,0.56206983,0.0073144645,0.36876035,0.24966042,0.7414847,0.55552155,0.24535882,0.24420035,0.5533034,0.5538622,0.9051297,0.2944143,0.9359573,0.27719277,0.6211311,0.5593044,0.23900719,0.00074006605,-0.05655825
0.031152308,0.029374108,0.016273942,0.01683121,0.9935197,0.99305445,0.18101004,0.17088328,0.2981195,0.29387802,0.38877603,0.32282352,0.51065165,0.56206983,0.0073144645,0.36876038,0.24966042,0.7414847,0.55552155,0.2453588,0.24420029,0.5533034,0.5538622,0.9051297,0.29441428,0.9359573,0.27719277,0.6211311,0.5593044,0.23900713,0.00074003625,-0.056558214
0.031152308,0.029374108,0.016273942,0.016831217,0.9935197,0.99305445,0.18101002,0.17088327,0.2981195,0.29387802,0.3887761,0.32282344,0.51065165,0.56206983,0.0073144645,0.36876035,0.24966045,0.7414847,0.55552155,0.24535882,0.24420035,0.5533034,0.5538622,0.9051297,0.29441428,0.9359573,0.27719277,0.6211311,0.55930436,0.23900716,0.00074000645,-0.056558214
0.031152308,0.029374108,0.016273942,0.01683121,0.9935197,0.99305445,0.18101004,0.17088328,0.2981195,0.29387802,0.3887761,0.32282346,0.51065165,0.56206983,0.0073144645,0.36876035,0.24966042,0.7414847,0.55552155,0.2453588,0.24420035,0.5533034,0.5538622,0.9051297,0.2944143,0.9359573,0.2771928,0.6211311,0.55930436,0.23900713,0.00074012566,-0.056558147
0.031152308,0.029374115,0.01627395,0.016831217,0.9935197,0.99305445,0.18101001,0.17088325,0.2981195,0.29387802,0.3887761,0.32282344,0.5106516,0.56206983,0.0073144645,0.3687603,0.24966042,0.7414847,0.55552155,0.24535882,0.24420035,0.5533035,0.5538622,0.9051297,0.29441434,0.9359573,0.2771928,0.6211311,0.55930436,0.2390071,0.00074006605,-0.05655811
0.031152308,0.029374115,0.016273942,0.016831217,0.9935197,0.99305445,0.18101004,0.17088328,0.2981195,0.29387805,0.38877618,0.32282344,0.51065165,0.56206983,0.0073144613,0.36876038,0.24966042,0.7414847,0.55552155,0.2453588,0.24420035,0.5533034,0.5538622,0.9051297,0.29441428,0.9359573,0.2771928,0.6211311,0.5593043,0.23900716,0.00074000645,-0.056558102
0.031152308,0.029374108,0.01627395,0.016831225,0.9935197,0.99305445,0.18101004,0.17088327,0.29811952,0.29387805,0.38877618,0.3228234,0.5106516,0.5620698,0.0073144645,0.36876038,0.24966042,0.7414847,0.55552155,0.24535882,0.24420036,0.5533035,0.5538622,0.9051297,0.29441434,0.9359573,0.27719283,0.6211311,0.55930436,0.23900719,0.00074009586,-0.056558132
0.031152308,0.029374102,0.01627395,0.016831225,0.9935197,0.99305445,0.18101001,0.17088325,0.2981195,0.29387802,0.38877615,0.32282344,0.51065147,0.5620698,0.0073144645,0.36876035,0.24966042,0.7414847,0.55552155,0.24535882,0.24420035,0.5533034,0.5538622,0.9051297,0.29441434,0.9359573,0.2771928,0.6211311,0.5593044,0.23900719,0.00074009586,-0.056558076
0.031152308,0.029374115,0.016273957,0.016831225,0.9935197,0.99305445,0.18101004,0.17088327,0.2981195,0.29387802,0.3887761,0.32282344,0.51065147,0.5620697,0.007314468,0.36876038,0.24966042,0.7414847,0.55552155,0.24535882,0.24420035,0.5533034,0.5538622,0.9051297,0.29441434,0.9359573,0.27719283,0.6211311,0.55930436,0.23900719,0.00074009586,-0.056558076
0.031152308,0.029374115,0.016273942,0.016831225,0.9935197,0.99305445,0.18101001,0.17088327,0.2981195,0.29387802,0.3887761,0.32282344,0.51065147,0.5620697,0.0073144645,0.36876038,0.24966042,0.7414847,0.55552155,0.24535882,0.24420035,0.5533034,0.5538622,0.9051297,0.29441434,0.9359573,0.27719283,0.6211311,0.5593044,0.23900719,0.00074015546,-0.05655803
0.031152312,0.029374115,0.01627395,0.016831225,0.9935197,0.99305445,0.18101004,0.17088328,0.2981195,0.29387802,0.3887761,0.32282344,0.5106514,0.5620697,0.0073144645,0.36876038,0.24966042,0.7414847,0.55552155,0.24535882,0.24420035,0.5533035,0.5538622,0.9051297,0.29441434,0.9359573,0.27719283,0.6211311,0.55930436,0.23900722,0.00074015546,-0.056558076
0.031152308,0.029374108,0.016273942,0.016831225,0.9935197,0.99305445,0.18101002,0.17088325,0.29811943,0.293878,0.3887761,0.32282344,0.51065147,0.5620697,0.007314468,0.36876038,0.24966042,0.7414847,0.55552155,0.24535882,0.24420035,0.5533035,0.5538622,0.9051297,0.29441434,0.9359573,0.27719286,0.6211311,0.5593044,0.23900728,0.00074006605,-0.05655803
0.031152308,0.029374108,0.016273942,0.016831225,0.9935197,0.99305445,0.18101001,0.17088325,0.2981195,0.29387802,0.38877615,0.32282344,0.51065147,0.5620697,0.0073144645,0.36876038,0.24966042,0.7414847,0.55552155,0.24535882,0.24420035,0.5533035,0.5538622,0.9051297,0.29441434,0.9359573,0.27719283,0.6211312,0.5593044,0.23900725,0.00074006605,-0.056558046
0.031152308,0.029374108,0.01627395,0.016831225,0.9935197,0.99305445,0.18101002,0.17088325,0.2981195,0.29387802,0.38877615,0.32282344,0.5106515,0.5620698,0.007314468,0.36876038,0.24966042,0.7414847,0.55552155,0.24535882,0.24420029,0.5533035,0.5538622,0.9051297,0.29441434,0.9359573,0.27719283,0.6211312,0.55930436,0.23900716,0.00074009586,-0.05655801
0.031152308,0.029374108,0.01627395,0.016831217,0.9935197,0.99305445,0.18101004,0.17088327,0.2981195,0.29387802,0.38877618,0.32282344,0.5106516,0.56206983,0.0073144645,0.36876035,0.24966042,0.7414847,0.55552155,0.24535882,0.24420035,0.5533034,0.5538622,0.9051297,0.29441434,0.9359573,0.2771928,0.6211311,0.55930436,0.23900719,0.00074012566,-0.056558087
0.031152308,0.029374108,0.01627395,0.016831225,0.9935197,0.99305445,0.18101004,0.17088328,0.2981195,0.29387802,0.3887761,0.32282344,0.51065147,0.5620697,0.007314468,0.36876038,0.24966045,0.7414847,0.55552155,0.24535882,0.24420035,0.5533034,0.5538622,0.9051297,0.2944143,0.9359573,0.27719283,0.6211311,0.5593044,0.23900713,0.00074009586,-0.056558087
0.0311523,0.029374102,0.01627395,0.016831225,0.9935197,0.99305445,0.18101002,0.17088325,0.29811946,0.29387802,0.3887761,0.32282346,0.5106514,0.5620697,0.0073144645,0.36876035,0.24966042,0.7414847,0.55552155,0.24535882,0.24420035,0.5533034,0.5538622,0.9051296,0.29441434,0.9359573,0.27719283,0.6211311,0.5593044,0.23900719,0.00074015546,-0.056558084
0.031152308,0.029374108,0.016273942,0.016831225,0.9935197,0.99305445,0.18101002,0.17088325,0.2981195,0.29387805,0.3887761,0.32282344,0.51065147,0.5620697,0.0073144645,0.36876038,0.24966042,0.7414847,0.55552155,0.24535882,0.24420035,0.5533034,0.5538622,0.9051297,0.29441434,0.9359573,0.2771928,0.621131,0.5593045,0.23900713,0.00074009586,-0.056558102
0.0311523,0.029374102,0.016273942,0.016831225,0.9935197,0.99305445,0.18101002,0.17088327,0.2981195,0.29387805,0.38877615,0.32282344,0.51065147,0.5620698,0.0073144645,0.36876038,0.24966042,0.7414847,0.55552155,0.24535882,0.24420035,0.5533034,0.5538622,0.9051297,0.29441434,0.9359573,0.2771928,0.621131,0.5593044,0.23900713,0.00074015546,-0.05655811
0.0311523,0.029374102,0.016273942,0.016831217,0.9935197,0.99305445,0.18101002,0.17088327,0.2981195,0.29387805,0.38877618,0.3228234,0.51065147,0.5620697,0.007314468,0.36876038,0.24966042,0.7414847,0.55552155,0.24535882,0.24420029,0.5533034,0.5538622,0.9051296,0.29441434,0.9359573,0.27719286,0.621131,0.5593044,0.23900709,0.00074018526,-0.056558087
0.0311523,0.029374102,0.016273942,0.016831217,0.9935197,0.99305445,0.18101004,0.17088327,0.2981195,0.29387805,0.38877618,0.3228234,0.5106515,0.5620698,0.0073144645,0.36876038,0.24966042,0.7414847,0.55552155,0.24535882,0.24420035,0.5533034,0.5538622,0.9051297,0.29441434,0.9359573,0.2771928,0.621131,0.5593045,0.2390071,0.00074015546,-0.05655803
0.031152308,0.029374102,0.016273942,0.016831225,0.9935197,0.99305445,0.18101004,0.17088327,0.2981195,0.29387805,0.3887762,0.3228234,0.5106515,0.5620698,0.0073144645,0.36876035,0.24966042,0.7414847,0.55552155,0.24535882,0.24420035,0.5533034,0.5538622,0.9051296,0.29441434,0.9359573,0.27719286,0.6211311,0.5593044,0.23900716,0.00074012566,-0.056557987
0.031152308,0.029374102,0.01627395,0.016831225,0.9935197,0.99305445,0.18101002,0.17088328,0.29811946,0.29387802,0.3887761,0.32282344,0.51065147,0.5620697,0.007314468,0.36876038,0.24966048,0.7414847,0.55552155,0.24535882,0.24420035,0.5533034,0.5538622,0.9051297,0.29441434,0.9359573,0.27719283,0.6211311,0.5593044,0.2390071,0.00074009586,-0.05655803
0.031152308,0.029374102,0.016273942,0.016831225,0.9935197,0.99305445,0.18101002,0.17088328,0.29811952,0.29387805,0.3887761,0.32282344,0.51065147,0.5620698,0.007314468,0.36876038,0.24966045,0.7414847,0.55552155,0.24535882,0.24420035,0.5533034,0.5538622,0.9051297,0.29441434,0.9359573,0.27719283,0.62113106,0.5593044,0.23900706,0.00074012566,-0.056558084
0.031152308,0.029374102,0.016273942,0.016831225,0.9935197,0.99305445,0.18101001,0.17088327,0.29811952,0.29387805,0.38877618,0.3228234,0.5106516,0.5620698,0.007314468,0.36876038,0.24966045,0.7414847,0.55552155,0.24535882,0.24420029,0.5533034,0.5538622,0.9051297,0.2944143,0.9359573,0.2771928,0.62113106,0.5593044,0.2390071,0.00074015546,-0.05655806
0.0311523,0.029374102,0.016273942,0.016831217,0.9935197,0.99305445,0.18101004,0.17088328,0.2981195,0.29387805,0.3887762,0.32282338,0.5106516,0.56206983,0.0073144645,0.36876038,0.24966042,0.7414847,0.55552155,0.24535882,0.24420029,0.5533034,0.5538622,0.9051297,0.2944143,0.9359573,0.2771928,0.6211311,0.5593044,0.23900703,0.00074012566,-0.056558076
0.031152308,0.029374108,0.016273942,0.016831217,0.9935197,0.99305445,0.18101002,0.17088327,0.2981195,0.29387805,0.3887762,0.3228234,0.51065165,0.56206983,0.0073144613,0.36876035,0.24966042,0.7414847,0.55552155,0.2453588,0.24420029,0.5533034,0.5538622,0.9051297,0.29441434,0.9359573,0.2771928,0.6211311,0.55930436,0.23900713,0.00074009586,-0.05655807
0.031152308,0.029374108,0.016273942,0.016831217,0.9935197,0.99305445,0.18101004,0.17088328,0.2981195,0.29387805,0.38877618,0.32282338,0.5106516,0.5620698,0.0073144613,0.36876038,0.24966042,0.7414847,0.55552155,0.24535882,0.24420035,0.5533034,0.5538622,0.9051297,0.2944143,0.9359573,0.2771928,0.6211311,0.5593044,0.2390071,0.00074006605,-0.05655803
0.031152308,0.029374102,0.016273942,0.016831225,0.9935197,0.99305445,0.18101004,0.17088328,0.2981195,0.29387805,0.38877615,0.32282344,0.51065147,0.5620698,0.0073144645,0.36876038,0.24966042,0.7414847,0.55552155,0.24535882,0.24420035,0.5533034,0.5538622,0.9051297,0.2944143,0.9359573,0.2771928,0.6211311,0.5593044,0.23900713,0.00074009586,-0.056558046
0.031152308,0.029374108,0.01627395,0.016831225,0.9935197,0.99305445,0.18101002,0.17088328,0.2981195,0.29387802,0.3887761,0.32282344,0.5106516,0.5620698,0.0073144645,0.36876035,0.24966042,0.7414847,0.55552155,0.24535882,0.24420035,0.5533034,0.5538622,0.9051297,0.29441434,0.9359573,0.27719283,0.6211311,0.5593044,0.23900713,0.00074003625,-0.056558046
0.031152308,0.029374115,0.01627395,0.016831225,0.9935197,0.99305445,0.18101001,0.17088327,0.29811952,0.29387805,0.38877606,0.32282346,0.5106516,0.5620698,0.0073144645,0.36876038,0.24966042,0.7414847,0.55552155,0.24535882,0.24420029,0.5533034,0.5538622,0.9051297,0.29441434,0.9359573,0.2771928,0.6211311,0.55930436,0.2390071,0.00074009586,-0.056558054
0.031152308,0.029374108,0.016273942,0.016831217,0.9935197,0.99305445,0.18101004,0.17088328,0.2981195,0.29387805,0.3887761,0.32282346,0.5106516,0.5620698,0.0073144645,0.36876038,0.24966045,0.7414847,0.55552155,0.24535882,0.24420035,0.5533034,0.5538622,0.9051297,0.2944143,0.9359573,0.2771928,0.621131,0.5593043,0.23900716,0.00074012566,-0.056558046
0.031152308,0.029374108,0.01627395,0.016831225,0.9935197,0.99305445,0.18101004,0.17088327,0.2981195,0.29387802,0.3887761,0.32282346,0.5106516,0.56206983,0.007314468,0.36876038,0.24966042,0.7414847,0.55552155,0.24535882,0.24420035,0.5533034,0.5538622,0.9051297,0.2944143,0.9359573,0.27719277,0.621131,0.5593044,0.23900713,0.00074012566,-0.056558046
0.031152308,0.029374108,0.01627395,0.016831225,0.9935197,0.99305445,0.18101001,0.17088327,0.29811946,0.29387802,0.38877606,0.3228235,0.5106515,0.56206983,0.0073144645,0.36876035,0.24966042,0.7414847,0.55552155,0.24535882,0.24420035,0.5533035,0.5538622,0.9051297,0.29441434,0.9359573,0.27719283,0.621131,0.5593044,0.23900716,0.00074006605,-0.056557987
0.031152308,0.029374108,0.01627395,0.016831217,0.9935197,0.99305445,0.18101004,0.17088328,0.29811946,0.293878,0.38877603,0.32282352,0.5106516,0.5620698,0.0073144645,0.36876035,0.24966045,0.7414847,0.55552155,0.24535882,0.24420035,0.5533035,0.5538622,0.9051297,0.29441434,0.9359573,0.2771928,0.621131,0.5593044,0.23900719,0.00074006605,-0.056558
0.031152308,0.029374115,0.01627395,0.016831225,0.9935197,0.99305445,0.18101002,0.17088328,0.2981195,0.29387805,0.3887761,0.32282346,0.5106515,0.56206983,0.007314468,0.36876035,0.24966042,0.7414847,0.55552155,0.24535882,0.24420035,0.5533034,0.5538622,0.9051297,0.2944143,0.9359573,0.2771928,0.6211311,0.55930436,0.23900713,0.00074009586,-0.056558046
0.031152308,0.029374102,0.01627395,0.016831225,0.9935197,0.99305445,0.18101004,0.17088325,0.2981195,0.29387802,0.3887761,0.32282344,0.51065147,0.5620698,0.0073144645,0.36876038,0.24966042,0.7414847,0.55552155,0.24535882,0.24420035,0.5533034,0.5538622,0.9051297,0.29441434,0.9359573,0.2771928,0.6211311,0.5593044,0.23900713,0.00074009586,-0.056558087
0.031152308,0.029374115,0.01627395,0.016831225,0.9935197,0.99305445,0.18101004,0.17088328,0.2981195,0.29387805,0.3887761,0.32282344,0.51065147,0.5620698,0.0073144645,0.36876038,0.24966042,0.7414847,0.55552155,0.24535882,0.24420035,0.5533035,0.5538622,0.9051297,0.29441434,0.9359573,0.27719283,0.6211311,0.5593044,0.23900716,0.00074009586,-0.056558102
0.031152308,0.029374108,0.016273942,0.016831225,0.9935197,0.99305445,0.18101002,0.17088327,0.2981195,0.29387805,0.38877615,0.32282344,0.5106516,0.5620698,0.0073144645,0.36876038,0.24966042,0.7414847,0.55552155,0.24535882,0.24420035,0.5533034,0.5538622,0.9051297,0.29441434,0.9359573,0.2771928,0.6211311,0.55930436,0.23900706,0.00074003625,-0.056558117
0.0311523,0.029374102,0.016273942,0.016831225,0.9935197,0.99305445,0.18101004,0.17088327,0.2981195,0.29387805,0.38877618,0.32282344,0.5106516,0.56206983,0.0073144645,0.36876038,0.24966042,0.7414847,0.55552155,0.24535882,0.24420035,0.5533034,0.5538622,0.9051297,0.2944143,0.9359573,0.2771928,0.621131,0.5593044,0.2390071,0.00074009586,-0.056558132
0.031152308,0.029374108,0.01627395,0.016831225,0.9935197,0.99305445,0.18101004,0.17088327,0.2981195,0.29387802,0.38877618,0.32282344,0.5106516,0.56206983,0.0073144645,0.36876035,0.24966042,0.7414847,0.55552155,0.24535882,0.24420029,0.5533034,0.5538622,0.9051297,0.29441428,0.9359573,0.27719283,0.6211311,0.5593044,0.23900716,0.00074012566,-0.056558125
0.031152308,0.029374108,0.016273942,0.016831225,0.9935197,0.99305445,0.18101002,0.17088328,0.2981195,0.29387802,0.38877618,0.32282344,0.5106516,0.56206983,0.0073144645,0.36876035,0.24966042,0.7414847,0.55552155,0.24535882,0.24420029,0.5533034,0.5538622,0.9051297,0.2944143,0.9359573,0.2771928,0.6211311,0.5593044,0.23900716,0.00074006605,-0.05655817
0.031152308,0.029374108,0.01627395,0.016831225,0.9935197,0.99305445,0.18101002,0.17088328,0.2981195,0.29387805,0.38877615,0.32282344,0.5106516,0.5620698,0.0073144645,0.36876035,0.24966042,0.7414847,0.55552155,0.24535882,0.24420035,0.5533034,0.5538622,0.9051297,0.29441434,0.9359573,0.27719283,0.6211311,0.5593044,0.23900722,0.00074009586,-0.056558162
0.031152308,0.029374108,0.016273942,0.016831225,0.9935197,0.99305445,0.18101002,0.17088328,0.2981195,0.29387802,0.3887761,0.32282344,0.5106516,0.56206983,0.0073144645,0.36876035,0.24966042,0.7414847,0.55552155,0.2453588,0.24420035,0.5533034,0.5538622,0.9051297,0.2944143,0.9359573,0.2771928,0.6211311,0.55930436,0.2390071,0.00074015546,-0.05655819
0.031152312,0.029374108,0.016273942,0.01683121,0.9935197,0.99305445,0.18101004,0.17088328,0.2981195,0.29387802,0.38877615,0.32282344,0.51065165,0.56206983,0.0073144645,0.36876038,0.24966042,0.7414847,0.55552155,0.24535882,0.24420035,0.5533034,0.5538622,0.9051297,0.2944143,0.9359573,0.27719277,0.6211311,0.55930436,0.23900716,0.00074009586,-0.056558177
0.031152308,0.029374108,0.01627395,0.016831225,0.9935197,0.99305445,0.18101001,0.17088325,0.2981195,0.29387802,0.3887761,0.32282344,0.5106516,0.56206983,0.0073144645,0.36876035,0.24966042,0.7414847,0.55552155,0.24535882,0.24420035,0.5533034,0.5538622,0.9051297,0.2944143,0.9359573,0.2771928,0.6211311,0.55930436,0.23900716,0.00074009586,-0.056558147
0.031152308,0.029374108,0.01627395,0.016831225,0.9935197,0.99305445,0.18101002,0.17088325,0.2981195,0.29387802,0.3887761,0.32282344,0.5106515,0.5620698,0.0073144645,0.36876035,0.24966042,0.7414847,0.55552155,0.24535882,0.24420036,0.5533035,0.5538622,0.9051297,0.2944143,0.9359573,0.2771928,0.6211312,0.55930436,0.23900725,0.00074009586,-0.056558087
0.031152308,0.029374115,0.01627395,0.016831225,0.9935197,0.99305445,0.18101001,0.17088325,0.2981195,0.29387802,0.3887761,0.32282346,0.51065165,0.56206983,0.0073144645,0.36876035,0.24966042,0.7414847,0.55552155,0.2453588,0.24420029,0.5533034,0.5538622,0.9051297,0.2944143,0.9359573,0.2771928,0.6211312,0.55930436,0.23900713,0.00074015546,-0.056558087
0.031152308,0.029374115,0.016273942,0.016831217,0.9935197,0.99305445,0.18101004,0.17088328,0.2981195,0.29387802,0.38877618,0.32282344,0.51065165,0.56206983,0.0073144645,0.36876035,0.24966042,0.7414847,0.55552155,0.24535882,0.24420035,0.5533034,0.5538622,0.9051297,0.2944143,0.9359573,0.2771928,0.6211312,0.5593043,0.23900722,0.00074009586,-0.05655806
0.031152308,0.029374108,0.01627395,0.016831225,0.9935197,0.99305445,0.18101002,0.17088328,0.29811946,0.293878,0.38877615,0.32282344,0.51065147,0.5620698,0.007314468,0.36876038,0.24966048,0.7414847,0.55552155,0.24535882,0.24420035,0.5533034,0.5538622,0.9051297,0.29441434,0.9359573,0.2771928,0.6211311,0.5593044,0.23900719,0.00074012566,-0.056558046
0.031152308,0.029374108,0.01627395,0.016831225,0.9935197,0.99305445,0.18101001,0.17088327,0.29811946,0.293878,0.3887761,0.32282344,0.5106515,0.5620698,0.0073144645,0.36876035,0.24966042,0.7414847,0.55552155,0.24535882,0.24420035,0.5533034,0.5538622,0.9051297,0.2944143,0.9359573,0.27719283,0.6211311,0.5593044,0.23900716,0.00074009586,-0.056558046
0.031152308,0.029374108,0.01627395,0.016831225,0.9935197,0.99305445,0.18101001,0.17088327,0.29811946,0.29387802,0.3887761,0.32282344,0.51065147,0.5620697,0.0073144645,0.36876038,0.24966042,0.7414847,0.55552155,0.24535882,0.24420035,0.5533035,0.5538622,0.9051297,0.29441434,0.9359573,0.27719283,0.6211311,0.5593044,0.23900716,0.00074012566,-0.056558054
0.031152308,0.029374108,0.01627395,0.016831225,0.9935197,0.99305445,0.18101002,0.17088327,0.2981195,0.29387805,0.3887761,0.32282344,0.51065147,0.5620697,0.0073144645,0.36876038,0.24966042,0.7414847,0.55552155,0.24535882,0.24420035,0.5533035,0.5538622,0.9051297,0.29441434,0.9359573,0.27719283,0.6211312,0.55930436,0.23900716,0.00074018526,-0.056558046
0.031152308,0.029374115,0.01627395,0.016831225,0.9935197,0.99305445,0.18101004,0.17088327,0.2981195,0.29387805,0.3887761,0.32282344,0.5106515,0.5620698,0.0073144645,0.36876038,0.24966042,0.7414847,0.55552155,0.24535882,0.24420035,0.5533035,0.5538622,0.9051297,0.29441434,0.9359573,0.2771928,0.6211311,0.55930436,0.2390071,0.00074009586,-0.05655803
0.031152308,0.029374108,0.016273942,0.016831225,0.9935197,0.99305445,0.18101002,0.17088327,0.2981195,0.29387805,0.38877618,0.3228234,0.5106515,0.5620698,0.0073144645,0.36876035,0.24966042,0.7414847,0.55552155,0.24535882,0.24420035,0.5533034,0.5538622,0.9051297,0.29441434,0.9359573,0.27719283,0.6211311,0.55930436,0.23900716,0.00074012566,-0.056558017
0.031152308,0.029374108,0.016273942,0.016831225,0.9935197,0.99305445,0.18101004,0.17088328,0.2981195,0.29387805,0.38877618,0.3228234,0.5106514,0.5620697,0.0073144645,0.36876038,0.24966042,0.7414847,0.55552155,0.24535882,0.24420035,0.5533034,0.5538622,0.9051297,0.29441434,0.9359573,0.27719286,0.62113106,0.5593044,0.2390071,0.00074009586,-0.056558017
0.0311523,0.029374102,0.016273942,0.016831225,0.9935197,0.99305445,0.18101004,0.17088328,0.2981195,0.29387805,0.38877615,0.32282344,0.5106514,0.56206965,0.0073144645,0.36876038,0.24966045,0.7414847,0.55552155,0.24535885,0.24420035,0.5533034,0.5538622,0.9051296,0.29441434,0.9359573,0.27719283,0.621131,0.55930454,0.2390071,0.00074015546,-0.056558
0.0311523,0.029374102,0.016273942,0.016831225,0.9935197,0.99305445,0.18101004,0.17088328,0.2981195,0.29387805,0.3887761,0.32282344,0.51065147,0.5620697,0.0073144645,0.36876038,0.24966042,0.7414847,0.55552155,0.24535882,0.24420035,0.5533034,0.5538622,0.9051297,0.29441434,0.9359573,0.2771928,0.621131,0.5593045,0.23900709,0.00074015546,-0.05655806
0.0311523,0.029374102,0.016273942,0.016831225,0.9935197,0.99305445,0.18101002,0.17088327,0.2981195,0.29387805,0.38877615,0.32282344,0.51065147,0.5620697,0.007314468,0.36876038,0.24966042,0.7414847,0.55552155,0.24535882,0.24420035,0.5533034,0.5538622,0.9051297,0.29441434,0.9359573,0.2771928,0.6211311,0.5593044,0.23900713,0.00074015546,-0.056558102
0.031152308,0.029374108,0.016273942,0.016831225,0.9935197,0.99305445,0.18101002,0.17088328,0.2981195,0.29387802,0.38877615,0.32282344,0.5106516,0.5620698,0.0073144645,0.36876038,0.24966042,0.7414847,0.55552155,0.24535882,0.24420035,0.5533034,0.5538622,0.9051297,0.29441434,0.9359573,0.2771928,0.6211311,0.5593044,0.23900716,0.00074009586,-0.056558087
0.031152308,0.029374115,0.016273942,0.016831217,0.9935197,0.99305445,0.18101004,0.17088327,0.29811952,0.29387802,0.3887761,0.32282344,0.51065165,0.56206983,0.0073144645,0.36876038,0.24966042,0.7414847,0.55552155,0.24535882,0.24420029,0.5533034,0.5538622,0.9051297,0.2944143,0.9359573,0.2771928,0.6211311,0.55930436,0.23900716,0.00074012566,-0.056558054
0.031152308,0.029374115,0.016273942,0.016831217,0.9935197,0.99305445,0.18101004,0.17088325,0.29811952,0.29387805,0.38877618,0.32282344,0.51065165,0.56206983,0.0073144613,0.36876038,0.24966039,0.7414847,0.55552155,0.2453588,0.24420029,0.5533034,0.5538622,0.9051297,0.2944143,0.9359573,0.2771928,0.6211311,0.55930424,0.23900713,0.00074015546,-0.05655801
0.031152308,0.029374115,0.01627395,0.016831225,0.9935197,0.99305445,0.18101004,0.17088328,0.2981195,0.29387805,0.3887762,0.3228234,0.5106516,0.56206983,0.0073144645,0.36876038,0.24966042,0.7414847,0.55552155,0.24535882,0.24420035,0.5533034,0.5538622,0.9051297,0.2944143,0.9359573,0.2771928,0.6211311,0.5593043,0.2390071,0.00074009586,-0.056557965
0.031152308,0.029374108,0.016273942,0.016831225,0.9935197,0.99305445,0.18101002,0.17088328,0.2981195,0.29387805,0.38877615,0.32282344,0.51065147,0.5620697,0.0073144645,0.36876038,0.24966042,0.7414847,0.55552155,0.24535882,0.24420029,0.5533034,0.5538622,0.9051297,0.29441434,0.9359573,0.27719283,0.6211311,0.55930436,0.23900713,0.00074012566,-0.056557942
0.031152308,0.029374108,0.016273942,0.016831225,0.9935197,0.99305445,0.18101004,0.17088327,0.2981195,0.29387805,0.38877618,0.32282338,0.5106515,0.5620698,0.0073144645,0.36876038,0.24966042,0.7414847,0.55552155,0.24535882,0.24420035,0.5533034,0.5538622,0.9051297,0.29441434,0.9359573,0.27719283,0.6211311,0.55930436,0.2390071,0.00074015546,-0.056557972
0.031152308,0.029374108,0.01627395,0.016831225,0.9935197,0.99305445,0.18101002,0.17088328,0.2981195,0.29387805,0.3887762,0.32282335,0.51065147,0.5620698,0.0073144645,0.36876038,0.24966042,0.7414847,0.55552155,0.24535882,0.24420035,0.5533034,0.5538622,0.9051297,0.2944143,0.9359573,0.27719283,0.6211311,0.55930436,0.23900713,0.00074015546,-0.056557905
0.031152308,0.029374102,0.016273942,0.016831225,0.9935197,0.99305445,0.18101004,0.17088327,0.2981195,0.29387805,0.38877618,0.32282338,0.5106514,0.5620697,0.007314468,0.36876038,0.24966042,0.7414847,0.55552155,0.24535882,0.24420035,0.5533034,0.5538622,0.9051297,0.29441434,0.9359573,0.27719283,0.621131,0.5593044,0.23900706,0.00074015546,-0.056557957
0.031152308,0.029374102,0.01627395,0.016831225,0.9935197,0.99305445,0.18101004,0.17088327,0.2981195,0.29387805,0.3887761,0.32282344,0.51065147,0.5620697,0.007314468,0.36876038,0.24966045,0.7414847,0.55552155,0.24535882,0.24420035,0.5533034,0.5538622,0.9051297,0.29441434,0.9359573,0.27719283,0.621131,0.55930454,0.23900713,0.00074015546,-0.056557987
0.031152308,0.029374102,0.016273942,0.016831225,0.9935197,0.99305445,0.18101001,0.17088327,0.2981195,0.29387805,0.3887761,0.32282346,0.51065147,0.5620697,0.007314468,0.36876038,0.24966042,0.7414847,0.55552155,0.24535882,0.24420029,0.5533035,0.5538622,0.9051297,0.29441434,0.9359573,0.2771928,0.621131,0.5593045,0.23900713,0.00074009586,-0.05655792
0.031152308,0.029374102,0.016273942,0.016831217,0.9935197,0.99305445,0.18101002,0.17088328,0.2981195,0.29387805,0.3887761,0.32282346,0.5106514,0.5620697,0.0073144645,0.36876038,0.24966042,0.7414847,0.55552155,0.24535882,0.24420035,0.5533034,0.5538622,0.9051297,0.29441434,0.9359573,0.2771928,0.621131,0.55930454,0.23900709,0.00074006605,-0.05655803
0.031152308,0.029374102,0.016273942,0.016831225,0.9935197,0.99305445,0.18101004,0.17088328,0.29811952,0.29387805,0.3887761,0.32282346,0.5106515,0.5620698,0.0073144645,0.36876038,0.24966045,0.7414847,0.55552155,0.24535882,0.24420035,0.5533034,0.5538622,0.9051297,0.29441434,0.9359573,0.2771928,0.621131,0.5593045,0.23900706,0.00074009586,-0.05655803
0.0311523,0.029374102,0.016273942,0.016831225,0.9935197,0.99305445,0.18101004,0.17088327,0.2981195,0.29387805,0.3887761,0.3228235,0.5106515,0.5620698,0.007314468,0.36876038,0.24966042,0.7414847,0.55552155,0.24535882,0.24420035,0.5533035,0.5538622,0.9051297,0.29441434,0.9359573,0.2771928,0.6211311,0.55930454,0.2390071,0.00074006605,-0.05655803
0.031152308,0.029374108,0.016273942,0.01683121,0.9935197,0.99305445,0.18101004,0.17088328,0.29811952,0.29387808,0.3887761,0.32282346,0.51065165,0.56206983,0.0073144645,0.36876038,0.24966042,0.7414847,0.55552155,0.24535882,0.24420035,0.5533034,0.5538622,0.9051297,0.2944143,0.9359573,0.27719277,0.621131,0.5593044,0.23900713,0.00074006605,-0.05655807
0.031152308,0.029374108,0.016273942,0.016831217,0.9935197,0.99305445,0.18101004,0.17088327,0.29811952,0.29387805,0.38877615,0.32282344,0.51065165,0.56206983,0.0073144645,0.36876038,0.24966042,0.7414847,0.55552155,0.2453588,0.24420029,0.5533034,0.5538622,0.9051297,0.2944143,0.9359573,0.2771928,0.621131,0.5593044,0.23900716,0.00074009586,-0.05655803
0.031152308,0.029374102,0.016273942,0.016831217,0.9935197,0.99305445,0.18101004,0.17088327,0.29811952,0.29387805,0.38877618,0.32282344,0.51065165,0.56206983,0.0073144645,0.36876035,0.24966042,0.7414847,0.55552155,0.2453588,0.24420035,0.5533034,0.5538622,0.9051297,0.2944143,0.9359573,0.27719277,0.621131,0.55930436,0.23900716,0.00074006605,-0.056558084
0.031152308,0.029374102,0.016273942,0.01683121,0.9935197,0.99305445,0.18101004,0.17088328,0.2981195,0.29387805,0.38877615,0.32282344,0.5106517,0.56206983,0.0073144645,0.36876035,0.24966042,0.7414847,0.55552155,0.24535882,0.24420035,0.5533034,0.5538622,0.9051297,0.29441428,0.9359573,0.27719277,0.621131,0.5593044,0.23900713,0.00074012566,-0.05655806
0.031152308,0.029374108,0.01627395,0.016831217,0.9935197,0.99305445,0.18101004,0.17088328,0.2981195,0.29387805,0.3887761,0.32282346,0.5106516,0.5620698,0.007314468,0.36876035,0.24966042,0.7414847,0.55552155,0.24535882,0.24420035,0.5533034,0.5538622,0.9051297,0.2944143,0.9359573,0.2771928,0.621131,0.5593044,0.23900722,0.00074006605,-0.05655803
0.031152308,0.029374108,0.01627395,0.016831225,0.9935197,0.99305445,0.18101001,0.17088327,0.29811946,0.29387802,0.3887761,0.3228235,0.5106516,0.56206983,0.0073144645,0.36876035,0.24966042,0.7414847,0.55552155,0.24535882,0.24420029,0.5533034,0.5538622,0.9051297,0.2944143,0.9359573,0.2771928,0.62113106,0.5593044,0.23900722,0.00074012566,-0.056558024
0.031152308,0.029374108,0.01627395,0.016831225,0.9935197,0.99305445,0.18101004,0.17088327,0.29811943,0.293878,0.38877603,0.32282352,0.5106516,0.56206983,0.0073144645,0.36876035,0.24966042,0.7414847,0.55552155,0.24535882,0.24420029,0.5533034,0.5538622,0.9051297,0.2944143,0.9359573,0.2771928,0.62113106,0.5593044,0.23900719,0.00074009586,-0.056558017
0.031152308,0.029374115,0.01627395,0.016831225,0.9935197,0.99305445,0.18101004,0.17088328,0.29811943,0.29387796,0.38877603,0.32282352,0.5106516,0.56206983,0.0073144645,0.36876035,0.24966042,0.7414847,0.55552155,0.2453588,0.24420029,0.5533035,0.5538622,0.9051297,0.2944143,0.9359573,0.27719277,0.6211311,0.55930436,0.23900722,0.00074009586,-0.05655807
0.031152308,0.029374115,0.016273942,0.016831217,0.9935197,0.99305445,0.18101004,0.17088328,0.29811946,0.293878,0.38877606,0.3228235,0.51065165,0.5620699,0.0073144613,0.36876035,0.24966042,0.7414847,0.55552155,0.24535882,0.24420029,0.5533034,0.5538622,0.9051297,0.29441428,0.9359573,0.2771928,0.6211311,0.55930436,0.23900716,0.00074009586,-0.056558046
0.031152308,0.029374115,0.016273942,0.016831225,0.9935197,0.99305445,0.18101004,0.17088328,0.2981195,0.293878,0.38877615,0.32282344,0.51065165,0.56206983,0.0073144613,0.36876035,0.24966042,0.7414847,0.55552155,0.2453588,0.24420029,0.5533035,0.5538622,0.9051297,0.2944143,0.9359573,0.2771928,0.6211311,0.55930436,0.23900722,0.00074009586,-0.056558084
0.031152308,0.029374108,0.016273942,0.016831217,0.9935197,0.99305445,0.18101004,0.17088328,0.29811946,0.293878,0.3887761,0.32282344,0.51065165,0.56206983,0.0073144645,0.36876035,0.24966042,0.7414847,0.55552155,0.2453588,0.24420029,0.5533035,0.5538622,0.9051297,0.29441428,0.9359573,0.27719277,0.6211311,0.5593043,0.23900722,0.00074009586,-0.056558087
0.031152308,0.029374115,0.016273942,0.016831225,0.9935197,0.99305445,0.18101004,0.17088328,0.29811946,0.29387802,0.38877615,0.32282344,0.51065165,0.56206983,0.0073144645,0.36876035,0.24966042,0.7414847,0.55552155,0.2453588,0.24420035,0.5533034,0.5538622,0.9051297,0.29441428,0.9359573,0.27719277,0.6211311,0.5593043,0.23900725,0.00074012566,-0.05655814
0.031152308,0.029374115,0.01627395,0.016831225,0.9935197,0.99305445,0.18101002,0.17088327,0.29811943,0.293878,0.3887761,0.32282346,0.5106516,0.56206983,0.0073144645,0.36876035,0.24966042,0.7414847,0.55552155,0.24535882,0.24420029,0.5533034,0.5538622,0.9051297,0.29441434,0.9359573,0.2771928,0.6211311,0.55930436,0.23900719,0.00074009586,-0.056558102
0.031152308,0.029374115,0.01627395,0.016831225,0.9935197,0.99305445,0.18101004,0.17088327,0.2981195,0.29387802,0.3887761,0.32282346,0.5106516,0.56206983,0.0073144645,0.36876035,0.24966042,0.7414847,0.55552155,0.2453588,0.24420035,0.5533034,0.5538622,0.9051297,0.2944143,0.9359573,0.27719283,0.6211312,0.55930424,0.23900719,0.00074009586,-0.056558095
0.031152308,0.029374115,0.01627395,0.016831225,0.9935197,0.99305445,0.18101004,0.17088328,0.29811943,0.293878,0.3887762,0.3228234,0.5106516,0.56206983,0.0073144613,0.36876035,0.24966042,0.7414847,0.55552155,0.24535882,0.24420029,0.5533034,0.5538622,0.9051297,0.2944143,0.9359573,0.2771928,0.6211311,0.5593043,0.23900722,0.00074018526,-0.05655803
0.03115232,0.029374115,0.01627395,0.016831225,0.9935197,0.99305445,0.18101004,0.17088327,0.29811946,0.29387796,0.38877615,0.32282344,0.51065165,0.56206983,0.0073144645,0.36876035,0.24966042,0.7414847,0.55552155,0.2453588,0.24420029,0.5533034,0.5538622,0.9051297,0.2944143,0.9359573,0.2771928,0.6211311,0.5593043,0.23900713,0.00074012566,-0.05655806
0.031152308,0.029374115,0.016273942,0.016831225,0.9935197,0.99305445,0.18101002,0.17088327,0.29811946,0.293878,0.38877615,0.32282344,0.5106516,0.56206983,0.0073144645,0.36876035,0.24966042,0.7414847,0.55552155,0.2453588,0.24420035,0.5533034,0.5538622,0.9051297,0.2944143,0.9359573,0.2771928,0.6211311,0.5593043,0.23900716,0.00074009586,-0.05655806
0.031152308,0.029374115,0.01627395,0.016831225,0.9935197,0.99305445,0.18101002,0.17088328,0.29811946,0.293878,0.3887761,0.32282344,0.5106516,0.5620698,0.0073144645,0.36876035,0.24966042,0.7414847,0.55552155,0.2453588,0.24420029,0.5533034,0.5538622,0.9051297,0.29441434,0.9359573,0.27719283,0.6211311,0.55930436,0.23900719,0.00074009586,-0.056558076
0.031152308,0.029374108,0.01627395,0.016831225,0.9935197,0.99305445,0.18101002,0.17088325,0.29811946,0.293878,0.3887761,0.32282344,0.51065147,0.5620698,0.0073144645,0.36876035,0.24966042,0.7414847,0.55552155,0.24535882,0.24420035,0.5533034,0.5538622,0.9051297,0.29441434,0.9359573,0.27719283,0.6211311,0.5593044,0.23900719,0.00074015546,-0.056558117
0.031152308,0.029374102,0.01627395,0.016831225,0.9935197,0.99305445,0.18101002,0.17088328,0.29811946,0.29387802,0.3887761,0.32282344,0.51065147,0.5620698,0.0073144645,0.36876035,0.24966042,0.7414847,0.55552155,0.24535882,0.24420035,0.5533034,0.5538622,0.9051297,0.2944143,0.9359573,0.27719283,0.62113106,0.5593044,0.23900716,0.00074015546,-0.05655807
0.031152308,0.029374102,0.016273942,0.016831225,0.9935197,0.99305445,0.18101002,0.17088328,0.29811946,0.29387802,0.38877606,0.32282346,0.51065147,0.5620697,0.007314468,0.36876038,0.24966045,0.7414847,0.55552155,0.24535882,0.24420035,0.5533035,0.5538622,0.9051297,0.29441434,0.9359573,0.27719283,0.621131,0.5593045,0.23900722,0.00074006605,-0.056557987
0.031152308,0.029374102,0.01627395,0.016831225,0.9935197,0.99305445,0.18101004,0.17088328,0.2981195,0.29387802,0.3887761,0.32282346,0.5106515,0.5620698,0.0073144645,0.36876038,0.24966045,0.7414847,0.55552155,0.24535882,0.24420035,0.5533034,0.5538622,0.9051297,0.2944143,0.9359573,0.2771928,0.6211311,0.5593044,0.23900713,0.00074015546,-0.05655803
0.031152308,0.029374115,0.01627395,0.016831225,0.9935197,0.99305445,0.18101004,0.17088328,0.29811946,0.29387802,0.38877603,0.32282355,0.5106516,0.56206983,0.0073144645,0.36876035,0.24966042,0.7414847,0.55552155,0.24535882,0.24420035,0.5533035,0.5538622,0.9051297,0.2944143,0.9359573,0.2771928,0.6211312,0.5593044,0.23900713,0.00074006605,-0.056558076
0.031152308,0.029374108,0.01627395,0.016831225,0.9935197,0.99305445,0.18101002,0.17088327,0.29811946,0.29387802,0.3887761,0.32282346,0.5106516,0.5620698,0.0073144645,0.36876035,0.24966042,0.7414847,0.55552155,0.24535882,0.24420035,0.5533035,0.5538622,0.9051297,0.2944143,0.9359573,0.27719283,0.6211311,0.55930436,0.23900713,0.00074012566,-0.056558076
0.031152308,0.029374108,0.01627395,0.016831225,0.9935197,0.99305445,0.18101004,0.17088327,0.2981195,0.29387802,0.38877618,0.32282344,0.51065165,0.56206983,0.0073144645,0.36876035,0.24966042,0.7414847,0.55552155,0.2453588,0.24420035,0.5533034,0.5538622,0.9051297,0.2944143,0.9359573,0.27719277,0.6211311,0.55930436,0.23900716,0.00074009586,-0.05655806
0.031152308,0.029374115,0.016273942,0.016831225,0.9935197,0.99305445,0.18101002,0.17088327,0.2981195,0.29387802,0.38877615,0.32282344,0.51065165,0.56206983,0.0073144645,0.36876035,0.24966042,0.7414847,0.55552155,0.24535882,0.24420035,0.5533034,0.5538622,0.9051297,0.2944143,0.9359573,0.2771928,0.6211311,0.5593044,0.23900716,0.00074012566,-0.056558054
0.031152308,0.029374115,0.01627395,0.016831225,0.9935197,0.99305445,0.18101002,0.17088328,0.29811946,0.293878,0.3887761,0.32282344,0.51065147,0.5620698,0.0073144645,0.36876038,0.24966042,0.7414847,0.55552155,0.2453588,0.24420029,0.5533034,0.5538622,0.9051297,0.29441434,0.9359573,0.2771928,0.6211311,0.5593044,0.23900713,0.00074009586,-0.056558147
0.031152308,0.029374115,0.016273942,0.016831225,0.9935197,0.99305445,0.18101001,0.17088325,0.29811946,0.29387805,0.38877615,0.32282344,0.51065165,0.56206983,0.0073144645,0.36876035,0.24966042,0.7414847,0.55552155,0.24535882,0.24420035,0.5533035,0.5538622,0.9051297,0.2944143,0.9359573,0.27719277,0.6211311,0.5593044,0.2390071,0.00074012566,-0.056558125
0.031152308,0.029374108,0.016273942,0.016831225,0.9935197,0.99305445,0.18101002,0.17088327,0.2981195,0.29387805,0.38877615,0.32282344,0.5106516,0.56206983,0.0073144645,0.36876038,0.24966042,0.7414847,0.55552155,0.24535882,0.24420035,0.5533034,0.5538622,0.9051297,0.2944143,0.9359573,0.2771928,0.6211311,0.5593044,0.23900713,0.00074012566,-0.056558132
0.031152308,0.029374102,0.016273942,0.016831225,0.9935197,0.99305445,0.18101004,0.17088328,0.2981195,0.29387802,0.38877618,0.3228234,0.5106516,0.56206983,0.0073144645,0.36876038,0.24966042,0.7414847,0.55552155,0.24535882,0.24420035,0.5533034,0.5538622,0.9051297,0.2944143,0.9359573,0.2771928,0.6211311,0.55930436,0.23900722,0.00074012566,-0.056558117
0.031152308,0.029374108,0.016273942,0.016831225,0.9935197,0.99305445,0.18101004,0.17088328,0.2981195,0.29387802,0.38877618,0.32282344,0.5106516,0.56206983,0.007314468,0.36876035,0.24966042,0.7414847,0.55552155,0.24535882,0.24420035,0.5533034,0.5538622,0.9051297,0.2944143,0.9359573,0.27719283,0.6211311,0.55930436,0.23900725,0.00074009586,-0.056558017
0.031152308,0.029374108,0.01627395,0.016831225,0.9935197,0.99305445,0.18101002,0.17088327,0.29811946,0.29387802,0.3887761,0.32282344,0.5106516,0.5620698,0.0073144645,0.36876035,0.24966042,0.7414847,0.55552155,0.24535882,0.24420035,0.5533035,0.5538622,0.9051297,0.2944143,0.9359573,0.27719283,0.6211312,0.55930436,0.23900722,0.00074015546,-0.05655806
0.031152308,0.029374115,0.016273957,0.016831225,0.9935197,0.99305445,0.18101004,0.17088328,0.29811946,0.29387796,0.3887761,0.32282346,0.5106516,0.56206983,0.0073144645,0.36876035,0.24966042,0.7414847,0.55552155,0.2453588,0.24420029,0.5533034,0.5538622,0.9051297,0.29441434,0.9359573,0.2771928,0.6211312,0.55930436,0.23900725,0.00074015546,-0.056558147
0.031152308,0.029374108,0.016273942,0.016831225,0.9935197,0.99305445,0.18101002,0.17088328,0.2981195,0.29387796,0.38877606,0.3228235,0.51065165,0.56206983,0.0073144645,0.36876035,0.24966042,0.7414847,0.55552155,0.24535882,0.24420029,0.5533034,0.5538622,0.9051297,0.29441434,0.9359573,0.2771928,0.6211312,0.5593043,0.23900725,0.00074009586,-0.056558084
0.031152308,0.029374115,0.01627395,0.016831217,0.9935197,0.99305445,0.18101002,0.17088325,0.29811943,0.29387802,0.38877606,0.3228235,0.5106516,0.56206983,0.0073144645,0.3687603,0.24966042,0.7414847,0.55552155,0.24535882,0.24420035,0.5533034,0.5538622,0.9051297,0.29441434,0.9359573,0.2771928,0.6211312,0.55930436,0.23900719,0.00074009586,-0.056558147
0.031152308,0.029374115,0.01627395,0.016831217,0.9935197,0.99305445,0.18101004,0.17088327,0.29811946,0.293878,0.3887761,0.32282344,0.51065165,0.56206983,0.0073144645,0.3687603,0.24966042,0.7414847,0.55552155,0.2453588,0.24420029,0.5533035,0.5538622,0.9051297,0.29441428,0.9359573,0.27719277,0.6211311,0.55930436,0.23900722,0.00074012566,-0.056558087
0.031152308,0.029374108,0.016273942,0.016831225,0.9935197,0.99305445,0.18101002,0.17088327,0.2981195,0.29387802,0.3887761,0.32282344,0.51065165,0.56206983,0.0073144645,0.36876035,0.24966042,0.7414847,0.55552155,0.24535882,0.24420035,0.5533034,0.5538622,0.9051297,0.2944143,0.9359573,0.2771928,0.6211311,0.55930436,0.23900728,0.00074012566,-0.056558084
0.031152308,0.029374115,0.016273942,0.016831217,0.9935197,0.99305445,0.18101002,0.17088327,0.2981195,0.29387802,0.3887761,0.32282344,0.5106516,0.56206983,0.0073144645,0.36876035,0.24966042,0.7414847,0.55552155,0.2453588,0.24420035,0.5533035,0.5538622,0.9051297,0.2944143,0.9359573,0.27719283,0.6211311,0.55930436,0.23900716,0.00074009586,-0.056558095
0.031152308,0.029374108,0.016273957,0.016831225,0.9935197,0.99305445,0.18101001,0.17088325,0.2981195,0.29387802,0.3887761,0.32282344,0.5106516,0.5620698,0.0073144645,0.36876035,0.24966045,0.7414847,0.55552155,0.24535882,0.24420035,0.5533035,0.5538622,0.9051297,0.29441434,0.9359573,0.27719283,0.6211312,0.5593044,0.23900716,0.00074012566,-0.056558087
0.031152308,0.029374108,0.016273942,0.016831225,0.9935197,0.99305445,0.18101001,0.17088327,0.29811943,0.293878,0.3887761,0.32282344,0.51065147,0.5620698,0.0073144645,0.36876035,0.24966042,0.7414847,0.55552155,0.24535882,0.24420035,0.5533034,0.5538622,0.9051297,0.29441434,0.9359573,0.2771928,0.6211311,0.5593044,0.23900719,0.00074009586,-0.056558076
0.031152308,0.029374115,0.016273942,0.016831225,0.9935197,0.99305445,0.18101004,0.17088328,0.2981195,0.29387802,0.38877618,0.32282344,0.5106516,0.56206983,0.0073144645,0.36876035,0.24966045,0.7414847,0.55552155,0.24535882,0.24420035,0.5533034,0.5538622,0.9051297,0.2944143,0.9359573,0.27719283,0.6211311,0.5593044,0.23900716,0.00074012566,-0.056558102
0.031152308,0.029374115,0.016273942,0.016831225,0.9935197,0.99305445,0.18101004,0.17088327,0.2981195,0.29387802,0.3887761,0.32282344,0.5106516,0.56206983,0.0073144645,0.36876038,0.24966042,0.7414847,0.55552155,0.24535882,0.24420035,0.5533034,0.5538622,0.9051297,0.2944143,0.9359573,0.27719283,0.6211312,0.5593044,0.23900713,0.00074009586,-0.05655806
0.031152308,0.029374108,0.016273942,0.016831225,0.9935197,0.99305445,0.18101002,0.17088327,0.2981195,0.29387802,0.38877615,0.3228234,0.5106516,0.56206983,0.0073144645,0.36876038,0.24966042,0.7414847,0.55552155,0.24535882,0.24420035,0.5533034,0.5538622,0.9051297,0.2944143,0.9359573,0.2771928,0.6211311,0.55930436,0.23900713,0.00074018526,-0.056558087
0.031152312,0.029374115,0.01627395,0.016831225,0.9935197,0.99305445,0.18101004,0.17088328,0.2981195,0.29387802,0.3887761,0.32282344,0.51065165,0.56206983,0.0073144645,0.36876035,0.24966042,0.7414847,0.55552155,0.2453588,0.24420029,0.5533035,0.5538622,0.9051297,0.2944143,0.9359573,0.27719277,0.6211311,0.5593043,0.2390071,0.00074012566,-0.056558117
0.031152308,0.029374102,0.016273942,0.016831225,0.9935197,0.99305445,0.18101002,0.17088327,0.2981195,0.29387802,0.38877618,0.32282335,0.5106516,0.56206983,0.0073144645,0.36876035,0.24966045,0.7414847,0.55552155,0.24535882,0.24420035,0.5533034,0.5538622,0.9051297,0.2944143,0.9359573,0.2771928,0.6211311,0.55930436,0.23900716,0.00074021507,-0.05655803
0.03115232,0.029374115,0.016273957,0.016831225,0.9935197,0.99305445,0.18101004,0.17088328,0.2981195,0.29387802,0.3887761,0.32282344,0.5106516,0.56206983,0.0073144645,0.36876035,0.24966042,0.7414847,0.55552155,0.24535882,0.24420035,0.5533034,0.5538622,0.9051297,0.29441434,0.9359573,0.2771928,0.6211311,0.55930436,0.2390071,0.00074006605,-0.05655806
0.031152308,0.029374108,0.01627395,0.016831225,0.9935197,0.99305445,0.18101002,0.17088327,0.29811946,0.293878,0.3887761,0.32282344,0.5106516,0.5620698,0.0073144645,0.36876035,0.24966042,0.7414847,0.55552155,0.24535882,0.24420035,0.5533034,0.5538622,0.9051297,0.29441434,0.9359573,0.2771928,0.6211311,0.5593044,0.2390071,0.00074012566,-0.056558076
0.031152308,0.029374108,0.01627395,0.016831225,0.9935197,0.99305445,0.18101001,0.17088327,0.29811946,0.29387802,0.3887761,0.32282346,0.51065147,0.5620698,0.0073144645,0.36876038,0.24966042,0.7414847,0.55552155,0.24535882,0.24420035,0.5533034,0.5538622,0.9051297,0.2944143,0.9359573,0.2771928,0.6211311,0.5593044,0.23900709,0.00074012566,-0.05655806
0.031152308,0.029374115,0.016273942,0.016831225,0.9935197,0.99305445,0.18101001,0.17088325,0.2981195,0.29387805,0.3887761,0.32282344,0.5106515,0.5620698,0.0073144645,0.36876038,0.24966042,0.7414847,0.55552155,0.24535882,0.24420035,0.5533034,0.5538622,0.9051297,0.29441434,0.9359573,0.2771928,0.6211311,0.55930436,0.23900706,0.00074015546,-0.056558087
0.031152308,0.029374108,0.016273942,0.016831225,0.9935197,0.99305445,0.18101004,0.17088328,0.2981195,0.29387805,0.3887761,0.32282346,0.5106515,0.56206983,0.0073144645,0.36876038,0.24966042,0.7414847,0.55552155,0.24535882,0.24420035,0.5533034,0.5538622,0.9051297,0.29441434,0.9359573,0.27719283,0.6211311,0.5593044,0.23900709,0.00074012566,-0.056558087
0.031152308,0.029374108,0.016273942,0.016831225,0.9935197,0.99305445,0.18101004,0.17088328,0.2981195,0.29387805,0.3887761,0.32282344,0.5106516,0.56206983,0.0073144645,0.36876038,0.24966042,0.7414847,0.55552155,0.24535882,0.24420035,0.5533034,0.5538622,0.9051297,0.2944143,0.9359573,0.27719283,0.6211311,0.55930436,0.23900709,0.00074015546,-0.056558087
0.031152308,0.029374115,0.01627395,0.016831217,0.9935197,0.99305445,0.18101004,0.17088328,0.2981195,0.29387805,0.3887761,0.32282346,0.5106516,0.56206983,0.0073144645,0.36876038,0.24966042,0.7414847,0.55552155,0.24535882,0.24420029,0.5533035,0.5538622,0.9051297,0.2944143,0.9359573,0.27719277,0.6211311,0.55930436,0.23900709,0.00074009586,-0.05655803
0.031152308,0.029374115,0.01627395,0.016831217,0.9935197,0.99305445,0.18101004,0.17088328,0.29811952,0.29387805,0.38877618,0.32282344,0.51065165,0.56206983,0.0073144613,0.36876038,0.24966042,0.7414847,0.55552155,0.2453588,0.24420029,0.5533035,0.5538622,0.9051297,0.2944143,0.9359573,0.27719277,0.6211311,0.5593043,0.23900713,0.00074012566,-0.056558017
0.031152308,0.029374115,0.01627395,0.016831225,0.9935197,0.99305445,0.18101002,0.17088328,0.2981195,0.29387805,0.38877615,0.32282344,0.51065165,0.56206983,0.0073144613,0.36876035,0.24966042,0.7414847,0.55552155,0.24535882,0.24420029,0.5533035,0.5538622,0.9051297,0.2944143,0.9359573,0.2771928,0.6211311,0.5593043,0.23900716,0.00074006605,-0.056558017
0.031152308,0.029374115,0.01627395,0.016831225,0.9935197,0.99305445,0.18101001,0.17088327,0.2981195,0.29387805,0.38877618,0.32282344,0.5106516,0.5620698,0.0073144645,0.36876038,0.24966042,0.7414847,0.55552155,0.2453588,0.24420029,0.5533035,0.5538622,0.9051297,0.2944143,0.9359573,0.2771928,0.6211311,0.55930436,0.23900709,0.00074009586,-0.056558024
0.031152308,0.029374115,0.016273942,0.016831225,0.9935197,0.99305445,0.18101001,0.17088325,0.2981195,0.29387805,0.38877615,0.3228234,0.51065147,0.5620697,0.0073144645,0.36876038,0.24966042,0.7414847,0.55552155,0.24535882,0.24420035,0.5533034,0.5538622,0.9051297,0.29441434,0.9359573,0.27719283,0.6211311,0.5593044,0.2390071,0.00074009586,-0.056558024
0.031152308,0.029374102,0.01627395,0.016831225,0.9935197,0.99305445,0.18101001,0.17088328,0.2981195,0.29387805,0.38877618,0.32282344,0.51065147,0.5620697,0.0073144645,0.36876038,0.24966042,0.7414847,0.55552155,0.24535882,0.24420035,0.5533034,0.5538622,0.9051297,0.29441434,0.9359573,0.27719283,0.621131,0.5593044,0.23900716,0.00074009586,-0.056558
0.031152308,0.029374102,0.016273942,0.016831225,0.9935197,0.99305445,0.18101004,0.1708833,0.2981195,0.29387805,0.3887761,0.32282344,0.5106514,0.5620697,0.0073144645,0.36876038,0.24966048,0.7414847,0.55552155,0.24535887,0.24420035,0.5533034,0.5538622,0.9051297,0.29441434,0.9359573,0.27719283,0.621131,0.5593044,0.23900716,0.00074012566,-0.056557957
0.03115232,0.029374108,0.01627395,0.016831225,0.9935197,0.99305445,0.18101004,0.17088328,0.29811946,0.29387802,0.3887761,0.32282346,0.51065147,0.5620697,0.007314468,0.36876035,0.24966045,0.7414847,0.55552155,0.24535882,0.24420035,0.5533034,0.5538622,0.9051297,0.29441434,0.9359573,0.27719283,0.6211311,0.5593044,0.23900719,0.00074012566,-0.05655801
0.031152308,0.029374115,0.016273942,0.016831225,0.9935197,0.99305445,0.18101004,0.17088328,0.29811943,0.29387802,0.3887761,0.32282344,0.51065147,0.5620698,0.0073144645,0.36876038,0.24966042,0.7414847,0.55552155,0.24535882,0.24420035,0.5533034,0.5538622,0.9051297,0.29441434,0.9359573,0.2771928,0.6211311,0.5593045,0.23900719,0.00074012566,-0.05655804
0.031152308,0.029374115,0.016273942,0.016831225,0.9935197,0.99305445,0.18101001,0.17088327,0.2981195,0.29387805,0.3887761,0.32282344,0.51065147,0.5620698,0.0073144645,0.36876038,0.24966042,0.7414847,0.55552155,0.24535882,0.24420029,0.5533034,0.5538622,0.9051297,0.29441434,0.9359573,0.27719283,0.6211311,0.55930436,0.23900716,0.00074009586,-0.056557987
0.031152308,0.029374102,0.016273942,0.016831217,0.9935197,0.99305445,0.18101004,0.17088327,0.2981195,0.29387802,0.38877618,0.32282344,0.5106516,0.56206983,0.0073144645,0.36876038,0.24966042,0.7414847,0.55552155,0.24535882,0.24420035,0.5533034,0.5538622,0.9051297,0.29441434,0.9359573,0.2771928,0.621131,0.5593044,0.23900716,0.00074012566,-0.05655803
0.031152308,0.029374102,0.016273942,0.016831225,0.9935197,0.99305445,0.18101004,0.17088327,0.2981195,0.29387802,0.38877618,0.32282344,0.5106516,0.5620698,0.0073144645,0.36876035,0.24966042,0.7414847,0.55552155,0.24535882,0.24420029,0.5533035,0.5538622,0.9051297,0.2944143,0.9359573,0.2771928,0.621131,0.5593044,0.23900719,0.00074012566,-0.056558
0.031152308,0.029374102,0.01627395,0.016831225,0.9935197,0.99305445,0.18101004,0.17088328,0.2981195,0.29387805,0.38877615,0.32282344,0.5106515,0.5620698,0.0073144645,0.36876038,0.24966045,0.7414847,0.55552155,0.24535882,0.24420035,0.5533034,0.5538622,0.9051297,0.29441434,0.9359573,0.2771928,0.621131,0.55930436,0.23900719,0.00074012566,-0.056558
0.031152308,0.029374108,0.01627395,0.016831225,0.9935197,0.99305445,0.18101004,0.17088327,0.29811946,0.29387802,0.38877615,0.3228234,0.5106516,0.5620698,0.0073144645,0.36876035,0.24966045,0.7414847,0.55552155,0.24535882,0.24420035,0.5533034,0.5538622,0.9051297,0.2944143,0.9359573,0.2771928,0.6211311,0.5593044,0.23900709,0.00074015546,-0.056558017
0.031152308,0.029374115,0.016273942,0.016831217,0.9935197,0.99305445,0.18101004,0.17088328,0.2981195,0.29387802,0.3887761,0.32282344,0.5106516,0.56206983,0.0073144645,0.36876038,0.24966042,0.7414847,0.55552155,0.24535882,0.24420029,0.5533034,0.5538622,0.9051297,0.2944143,0.9359573,0.2771928,0.621131,0.55930436,0.23900713,0.00074012566,-0.056558
0.031152308,0.029374115,0.01627395,0.016831225,0.9935197,0.99305445,0.18101002,0.17088327,0.2981195,0.29387802,0.3887761,0.32282344,0.5106516,0.56206983,0.0073144645,0.36876035,0.24966042,0.7414847,0.55552155,0.24535882,0.24420029,0.5533034,0.5538622,0.9051297,0.2944143,0.9359573,0.2771928,0.62113106,0.55930436,0.23900716,0.00074015546,-0.056558076
0.031152308,0.029374115,0.016273942,0.01683121,0.9935197,0.99305445,0.18101004,0.17088327,0.2981195,0.29387805,0.38877618,0.3228234,0.51065165,0.56206983,0.0073144645,0.36876035,0.24966042,0.7414847,0.55552155,0.24535882,0.24420035,0.5533034,0.5538622,0.9051297,0.29441428,0.9359573,0.2771928,0.6211311,0.55930436,0.23900719,0.00074015546,-0.056558017
0.031152308,0.029374108,0.016273942,0.016831225,0.9935197,0.99305445,0.18101004,0.17088327,0.29811952,0.29387805,0.38877618,0.32282344,0.5106516,0.56206983,0.0073144645,0.36876038,0.24966042,0.7414847,0.55552155,0.24535882,0.24420035,0.5533034,0.5538622,0.9051297,0.2944143,0.9359573,0.27719277,0.6211311,0.5593044,0.23900716,0.00074015546,-0.05655806
0.031152308,0.029374102,0.01627395,0.016831225,0.9935197,0.99305445,0.18101002,0.17088328,0.2981195,0.29387805,0.38877615,0.32282344,0.5106516,0.5620698,0.0073144645,0.36876035,0.24966042,0.7414847,0.55552155,0.24535882,0.24420029,0.5533034,0.5538622,0.9051297,0.29441434,0.9359573,0.27719283,0.6211311,0.5593044,0.23900716,0.00074009586,-0.056558046
0.031152308,0.029374102,0.01627395,0.016831225,0.9935197,0.99305445,0.18101004,0.17088327,0.2981195,0.29387802,0.3887761,0.32282344,0.5106516,0.56206983,0.0073144645,0.36876038,0.24966042,0.7414847,0.55552155,0.24535882,0.24420029,0.5533034,0.5538622,0.9051297,0.2944143,0.9359573,0.2771928,0.6211311,0.5593044,0.23900709,0.00074009586,-0.056558084
0.031152312,0.029374115,0.016273942,0.016831225,0.9935197,0.99305445,0.18101002,0.17088328,0.2981195,0.29387802,0.3887761,0.32282352,0.51065165,0.56206983,0.007314468,0.36876035,0.24966042,0.7414847,0.55552155,0.2453588,0.24420029,0.5533034,0.5538622,0.9051297,0.2944143,0.9359573,0.2771928,0.6211311,0.5593044,0.23900713,0.00074009586,-0.056558076
0.031152308,0.029374115,0.016273942,0.016831217,0.9935197,0.99305445,0.18101002,0.17088327,0.29811952,0.29387805,0.38877606,0.32282346,0.51065165,0.56206983,0.0073144645,0.36876035,0.24966042,0.7414847,0.55552155,0.24535882,0.24420035,0.5533034,0.5538622,0.9051297,0.2944143,0.9359573,0.27719277,0.6211311,0.55930436,0.23900716,0.00074006605,-0.056558076
0.031152308,0.029374108,0.016273942,0.01683121,0.9935197,0.99305445,0.18101004,0.17088328,0.2981195,0.293878,0.38877606,0.32282346,0.51065165,0.5620699,0.0073144645,0.36876035,0.24966042,0.7414847,0.55552155,0.24535882,0.24420035,0.5533034,0.5538622,0.9051297,0.2944143,0.9359573,0.2771928,0.6211311,0.5593044,0.23900709,0.00074003625,-0.05655814
0.031152308,0.029374115,0.01627395,0.016831217,0.9935197,0.99305445,0.18101004,0.17088328,0.2981195,0.293878,0.38877603,0.32282352,0.51065165,0.56206983,0.0073144645,0.36876035,0.24966042,0.7414847,0.55552155,0.2453588,0.24420029,0.5533035,0.5538622,0.9051297,0.2944143,0.9359573,0.2771928,0.6211311,0.55930436,0.23900713,0.00074006605,-0.056558162
0.031152308,0.029374108,0.016273942,0.016831217,0.9935197,0.99305445,0.18101002,0.17088328,0.2981195,0.29387805,0.38877603,0.3228235,0.5106516,0.56206983,0.0073144645,0.36876035,0.24966042,0.7414847,0.55552155,0.2453588,0.24420029,0.5533034,0.5538622,0.9051297,0.2944143,0.9359573,0.2771928,0.6211311,0.5593044,0.23900716,0.00074006605,-0.056558155
0.031152308,0.029374108,0.01627395,0.01683121,0.9935197,0.99305445,0.18101004,0.17088328,0.29811946,0.29387802,0.38877603,0.32282352,0.5106516,0.56206983,0.0073144645,0.36876035,0.24966042,0.7414847,0.55552155,0.24535882,0.24420035,0.5533034,0.5538622,0.9051297,0.2944143,0.9359573,0.27719283,0.6211311,0.5593045,0.23900713,0.00074015546,-0.056558095
0.031152308,0.029374115,0.01627395,0.016831225,0.9935197,0.99305445,0.18101004,0.17088328,0.2981195,0.29387802,0.3887761,0.3228235,0.5106516,0.56206983,0.0073144613,0.36876035,0.24966042,0.7414847,0.55552155,0.2453588,0.24420029,0.5533034,0.5538622,0.9051297,0.2944143,0.9359573,0.27719277,0.6211311,0.55930436,0.23900719,0.00074009586,-0.056558084
0.031152308,0.029374115,0.01627395,0.016831225,0.9935197,0.99305445,0.18101004,0.17088328,0.2981195,0.29387802,0.3887761,0.3228235,0.51065165,0.56206983,0.0073144613,0.36876035,0.24966045,0.7414847,0.55552155,0.24535882,0.24420035,0.5533034,0.5538622,0.9051297,0.29441428,0.9359573,0.27719277,0.6211311,0.55930436,0.23900713,0.00074006605,-0.056558117
0.031152308,0.029374115,0.01627395,0.016831225,0.9935197,0.99305445,0.18101002,0.17088328,0.29811946,0.293878,0.3887761,0.32282346,0.5106516,0.56206983,0.0073144613,0.36876035,0.24966042,0.7414847,0.55552155,0.24535882,0.24420035,0.5533034,0.5538622,0.9051297,0.29441434,0.9359573,0.2771928,0.6211311,0.55930436,0.2390071,0.00074009586,-0.056558132
0.031152312,0.029374115,0.016273942,0.016831225,0.9935197,0.99305445,0.18101002,0.17088327,0.2981195,0.29387802,0.38877606,0.3228235,0.5106515,0.5620697,0.007314468,0.36876038,0.24966042,0.7414847,0.55552155,0.24535882,0.24420035,0.5533035,0.5538622,0.9051297,0.2944143,0.9359573,0.2771928,0.6211311,0.55930436,0.23900716,0.00074009586,-0.05655814
0.031152308,0.029374108,0.01627395,0.016831217,0.9935197,0.99305445,0.18101004,0.17088328,0.29811946,0.29387802,0.3887761,0.32282344,0.5106516,0.56206983,0.007314468,0.36876038,0.24966042,0.7414847,0.55552155,0.24535882,0.24420035,0.5533035,0.5538622,0.9051297,0.2944143,0.9359573,0.2771928,0.6211311,0.55930436,0.23900719,0.00074012566,-0.056558102
0.031152308,0.029374115,0.01627395,0.016831225,0.9935197,0.99305445,0.18101004,0.17088328,0.2981195,0.29387805,0.38877618,0.32282344,0.51065147,0.5620698,0.0073144645,0.36876038,0.24966042,0.7414847,0.55552155,0.24535882,0.24420035,0.5533035,0.5538622,0.9051297,0.29441434,0.9359573,0.27719286,0.6211311,0.55930436,0.23900716,0.00074009586,-0.05655806
0.031152308,0.029374108,0.01627395,0.016831225,0.9935197,0.99305445,0.18101001,0.17088328,0.2981195,0.29387802,0.3887761,0.32282346,0.51065147,0.5620697,0.007314468,0.36876035,0.24966045,0.7414847,0.55552155,0.24535882,0.24420035,0.5533035,0.5538622,0.9051297,0.29441434,0.9359573,0.27719283,0.6211312,0.55930436,0.23900719,0.00074012566,-0.05655803
0.031152312,0.029374108,0.01627395,0.016831225,0.9935197,0.99305445,0.18101004,0.17088328,0.29811946,0.29387802,0.3887761,0.32282346,0.5106515,0.5620697,0.007314468,0.36876038,0.24966042,0.7414847,0.55552155,0.24535882,0.24420035,0.5533034,0.5538622,0.9051297,0.29441434,0.9359573,0.2771928,0.6211311,0.5593044,0.23900716,0.00074009586,-0.056558076
0.031152308,0.029374108,0.016273942,0.016831225,0.9935197,0.99305445,0.18101001,0.17088327,0.2981195,0.29387805,0.3887761,0.32282344,0.51065147,0.5620697,0.0073144645,0.36876035,0.24966045,0.7414847,0.55552155,0.24535882,0.24420035,0.5533034,0.5538622,0.9051297,0.29441434,0.9359573,0.27719286,0.6211311,0.5593044,0.23900716,0.00074009586,-0.05655806
0.031152308,0.029374102,0.01627395,0.016831225,0.9935197,0.99305445,0.18101002,0.17088325,0.2981195,0.29387805,0.3887761,0.32282344,0.51065147,0.5620697,0.0073144645,0.36876038,0.24966042,0.7414847,0.55552155,0.24535882,0.24420035,0.5533034,0.5538622,0.9051297,0.29441434,0.9359573,0.27719286,0.6211311,0.5593044,0.23900716,0.00074009586,-0.05655803
0.031152308,0.029374108,0.01627395,0.016831225,0.9935197,0.99305445,0.18101002,0.17088328,0.29811952,0.29387805,0.38877618,0.3228234,0.51065147,0.5620697,0.0073144645,0.36876038,0.24966042,0.7414847,0.55552155,0.24535882,0.24420035,0.5533034,0.5538622,0.9051297,0.29441434,0.9359573,0.27719283,0.6211312,0.55930436,0.23900716,0.00074006605,-0.056558024
0.031152308,0.029374102,0.016273942,0.016831225,0.9935197,0.99305445,0.18101002,0.17088328,0.2981195,0.29387805,0.38877618,0.3228234,0.51065147,0.5620697,0.0073144645,0.36876038,0.24966042,0.7414847,0.55552155,0.24535882,0.24420035,0.5533034,0.5538622,0.9051296,0.29441434,0.9359573,0.27719283,0.6211311,0.55930436,0.23900716,0.00074009586,-0.056558
0.0311523,0.029374102,0.016273942,0.016831225,0.9935197,0.99305445,0.18101004,0.17088327,0.2981195,0.29387805,0.38877618,0.3228234,0.51065147,0.56206965,0.007314468,0.36876038,0.24966048,0.7414847,0.55552155,0.24535882,0.24420035,0.5533034,0.5538622,0.9051296,0.29441434,0.9359572,0.27719286,0.6211311,0.55930436,0.23900716,0.00074015546,-0.05655803
0.0311523,0.029374102,0.016273942,0.016831225,0.9935197,0.99305445,0.18101002,0.17088327,0.2981195,0.29387805,0.38877618,0.32282344,0.5106514,0.5620697,0.0073144645,0.36876038,0.24966048,0.7414847,0.55552155,0.24535885,0.24420035,0.5533034,0.5538622,0.9051296,0.29441434,0.9359573,0.27719286,0.6211311,0.55930436,0.23900716,0.00074009586,-0.05655803
0.031152308,0.029374102,0.016273942,0.016831225,0.9935197,0.99305445,0.18101002,0.17088327,0.2981195,0.29387802,0.38877618,0.3228234,0.51065147,0.5620697,0.0073144645,0.36876038,0.24966045,0.7414847,0.55552155,0.24535882,0.24420035,0.5533034,0.5538622,0.9051296,0.29441437,0.9359573,0.27719283,0.6211311,0.55930436,0.23900716,0.00074012566,-0.056558017
0.031152308,0.029374102,0.016273942,0.016831225,0.9935197,0.99305445,0.18101004,0.17088328,0.2981195,0.29387802,0.38877618,0.32282344,0.51065147,0.5620698,0.007314468,0.36876038,0.24966045,0.7414847,0.55552155,0.24535882,0.24420035,0.5533034,0.5538622,0.9051297,0.29441434,0.9359573,0.27719283,0.621131,0.55930436,0.23900719,0.00074018526,-0.056558087
0.031152308,0.029374108,0.016273942,0.016831225,0.9935197,0.99305445,0.18101004,0.17088328,0.2981195,0.29387805,0.3887761,0.32282344,0.51065147,0.5620697,0.007314468,0.36876038,0.24966048,0.7414847,0.55552155,0.24535882,0.24420035,0.5533034,0.5538622,0.9051297,0.29441434,0.9359573,0.2771928,0.621131,0.55930436,0.23900713,0.00074018526,-0.056558046
0.031152308,0.029374102,0.016273942,0.016831225,0.9935197,0.99305445,0.18101004,0.17088328,0.2981195,0.29387802,0.38877618,0.32282344,0.5106516,0.5620698,0.0073144645,0.36876038,0.24966042,0.7414847,0.55552155,0.24535882,0.24420035,0.5533034,0.5538622,0.9051297,0.29441434,0.9359573,0.27719283,0.621131,0.55930436,0.23900713,0.00074015546,-0.05655803
0.031152308,0.029374102,0.016273942,0.016831225,0.9935197,0.99305445,0.18101001,0.17088328,0.29811946,0.29387805,0.3887761,0.32282344,0.51065147,0.5620697,0.0073144645,0.36876038,0.24966042,0.7414847,0.55552155,0.24535882,0.24420029,0.5533034,0.5538622,0.9051297,0.29441434,0.9359573,0.27719283,0.621131,0.5593044,0.23900716,0.00074015546,-0.05655803
0.031152308,0.029374102,0.016273942,0.016831225,0.9935197,0.99305445,0.18101004,0.17088328,0.2981195,0.29387805,0.3887761,0.32282344,0.51065147,0.5620698,0.0073144645,0.36876038,0.24966042,0.7414847,0.55552155,0.24535882,0.24420029,0.5533034,0.5538622,0.9051297,0.29441434,0.9359573,0.27719283,0.6211311,0.5593044,0.23900713,0.00074012566,-0.056558017
0.031152308,0.029374102,0.016273942,0.016831225,0.9935197,0.99305445,0.18101004,0.17088328,0.2981195,0.29387805,0.3887761,0.32282344,0.51065147,0.5620698,0.0073144645,0.36876038,0.24966045,0.7414847,0.55552155,0.24535882,0.24420035,0.5533034,0.5538622,0.9051297,0.29441434,0.9359573,0.27719283,0.6211311,0.5593044,0.23900713,0.00074012566,-0.056558046
0.031152308,0.029374102,0.01627395,0.016831217,0.9935197,0.99305445,0.18101002,0.17088325,0.2981195,0.29387802,0.3887761,0.32282346,0.51065147,0.5620697,0.0073144645,0.36876038,0.24966042,0.7414847,0.55552155,0.24535882,0.24420035,0.5533035,0.5538622,0.9051297,0.29441434,0.9359573,0.27719283,0.6211311,0.5593044,0.23900713,0.00074018526,-0.056557972
0.031152308,0.029374108,0.01627395,0.016831225,0.9935197,0.99305445,0.18101004,0.17088328,0.2981195,0.29387805,0.38877615,0.32282344,0.5106515,0.5620698,0.0073144645,0.36876035,0.24966042,0.7414847,0.55552155,0.24535882,0.24420035,0.5533034,0.5538622,0.9051297,0.29441434,0.9359573,0.2771928,0.6211311,0.5593044,0.23900713,0.00074012566,-0.05655803
0.0311523,0.029374102,0.016273942,0.016831225,0.9935197,0.99305445,0.18101004,0.17088328,0.2981195,0.29387805,0.3887761,0.32282344,0.51065147,0.5620698,0.0073144645,0.36876038,0.24966045,0.7414847,0.55552155,0.24535882,0.24420035,0.5533034,0.5538622,0.9051297,0.29441434,0.9359573,0.27719283,0.62113106,0.5593044,0.23900709,0.00074012566,-0.056558046
0.031152308,0.029374108,0.016273942,0.016831225,0.9935197,0.99305445,0.18101004,0.17088328,0.2981195,0.29387802,0.3887761,0.32282344,0.51065147,0.5620698,0.0073144645,0.36876038,0.24966042,0.7414847,0.55552155,0.24535882,0.24420029,0.5533034,0.5538622,0.9051297,0.29441434,0.9359573,0.27719283,0.621131,0.5593044,0.2390071,0.00074012566,-0.056558017
0.0311523,0.029374102,0.016273942,0.016831225,0.9935197,0.99305445,0.18101004,0.17088328,0.2981195,0.29387802,0.38877606,0.32282346,0.5106515,0.5620698,0.007314468,0.36876038,0.24966042,0.7414847,0.55552155,0.24535882,0.24420035,0.5533034,0.5538622,0.9051297,0.29441434,0.9359573,0.27719283,0.621131,0.5593045,0.2390071,0.00074012566,-0.05655806
0.031152308,0.029374102,0.01627395,0.016831225,0.9935197,0.99305445,0.18101001,0.17088328,0.29811946,0.29387802,0.3887761,0.3228235,0.51065147,0.5620697,0.007314468,0.36876038,0.24966045,0.7414847,0.55552155,0.24535882,0.24420029,0.5533034,0.5538622,0.9051297,0.29441434,0.9359573,0.27719283,0.621131,0.55930454,0.23900716,0.00074012566,-0.056558054
0.031152308,0.029374102,0.01627395,0.016831217,0.9935197,0.99305445,0.18101001,0.17088325,0.29811946,0.29387805,0.38877606,0.3228235,0.51065147,0.5620697,0.0073144645,0.36876035,0.24966042,0.7414847,0.55552155,0.24535882,0.24420035,0.5533034,0.5538622,0.9051297,0.29441434,0.9359573,0.27719283,0.62113106,0.5593044,0.23900713,0.00074012566,-0.05655806
0.031152308,0.029374108,0.016273942,0.016831217,0.9935197,0.99305445,0.18101004,0.17088327,0.2981195,0.29387802,0.38877618,0.32282344,0.5106516,0.56206983,0.0073144613,0.36876035,0.24966042,0.7414847,0.55552155,0.24535882,0.24420035,0.5533034,0.5538622,0.9051296,0.29441434,0.9359573,0.2771928,0.621131,0.5593044,0.23900716,0.00074009586,-0.056558054
0.0311523,0.029374102,0.016273942,0.016831217,0.9935197,0.99305445,0.18101004,0.17088328,0.2981195,0.29387805,0.38877618,0.32282344,0.5106516,0.56206983,0.0073144613,0.36876038,0.24966042,0.7414847,0.55552155,0.2453588,0.24420029,0.5533034,0.5538622,0.9051297,0.2944143,0.9359573,0.2771928,0.621131,0.55930436,0.23900716,0.00074012566,-0.05655803
0.031152308,0.029374102,0.016273942,0.016831225,0.9935197,0.99305445,0.18101004,0.17088325,0.2981195,0.29387802,0.38877618,0.32282344,0.5106516,0.5620698,0.0073144645,0.36876035,0.24966045,0.7414847,0.55552155,0.24535882,0.24420035,0.5533034,0.5538622,0.9051297,0.2944143,0.9359573,0.2771928,0.621131,0.55930436,0.23900719,0.00074009586,-0.05655803
0.031152308,0.029374102,0.01627395,0.016831225,0.9935197,0.99305445,0.18101002,0.17088328,0.29811943,0.29387802,0.3887761,0.32282346,0.5106516,0.5620698,0.0073144645,0.36876038,0.24966042,0.7414847,0.55552155,0.24535882,0.24420035,0.5533034,0.5538622,0.9051297,0.2944143,0.9359573,0.2771928,0.621131,0.5593044,0.23900722,0.00074009586,-0.05655803
0.031152308,0.029374108,0.016273942,0.016831225,0.9935197,0.99305445,0.18101004,0.17088328,0.29811946,0.293878,0.38877606,0.32282346,0.5106516,0.56206983,0.0073144613,0.36876035,0.24966042,0.7414847,0.55552155,0.24535882,0.24420029,0.5533034,0.5538622,0.9051297,0.2944143,0.9359573,0.2771928,0.6211311,0.5593044,0.23900719,0.00074012566,-0.056558076
0.031152308,0.029374115,0.016273942,0.016831225,0.9935197,0.99305445,0.18101002,0.17088328,0.2981195,0.29387796,0.3887761,0.32282346,0.5106516,0.56206983,0.0073144645,0.36876035,0.24966042,0.7414847,0.55552155,0.2453588,0.24420029,0.5533034,0.5538622,0.9051297,0.2944143,0.9359573,0.2771928,0.6211311,0.55930436,0.23900719,0.00074012566,-0.056558076
0.031152308,0.029374108,0.016273942,0.016831225,0.9935197,0.99305445,0.18101004,0.17088327,0.2981195,0.29387802,0.3887761,0.32282344,0.5106516,0.56206983,0.0073144645,0.36876035,0.24966042,0.7414847,0.55552155,0.2453588,0.24420035,0.5533034,0.5538622,0.9051297,0.2944143,0.9359573,0.27719283,0.6211311,0.55930436,0.23900722,0.00074012566,-0.056558076
0.031152308,0.029374108,0.016273942,0.016831225,0.9935197,0.99305445,0.18101004,0.17088328,0.29811946,0.293878,0.3887761,0.32282344,0.51065165,0.56206983,0.0073144645,0.36876035,0.24966042,0.7414847,0.55552155,0.2453588,0.24420029,0.5533035,0.5538622,0.9051297,0.2944143,0.9359573,0.2771928,0.62113106,0.55930436,0.23900728,0.00074009586,-0.056558087
0.031152308,0.029374115,0.016273942,0.016831225,0.9935197,0.99305445,0.18101004,0.17088328,0.29811946,0.293878,0.38877615,0.32282344,0.5106516,0.56206983,0.0073144645,0.36876035,0.24966042,0.7414847,0.55552155,0.2453588,0.24420029,0.5533034,0.5538622,0.9051297,0.2944143,0.9359573,0.2771928,0.6211311,0.55930436,0.23900719,0.00074006605,-0.05655806
0.031152308,0.029374108,0.016273942,0.016831225,0.9935197,0.99305445,0.18101002,0.17088328,0.2981195,0.293878,0.3887761,0.32282344,0.5106516,0.56206983,0.0073144645,0.36876035,0.24966042,0.7414847,0.55552155,0.24535882,0.24420035,0.5533034,0.5538622,0.9051297,0.29441434,0.9359573,0.27719283,0.6211311,0.55930436,0.23900725,0.00074018526,-0.05655806
0.031152308,0.029374102,0.01627395,0.016831225,0.9935197,0.99305445,0.18101004,0.17088328,0.29811946,0.293878,0.3887761,0.32282346,0.5106516,0.5620698,0.0073144645,0.36876035,0.24966045,0.7414847,0.55552155,0.24535882,0.24420029,0.5533034,0.5538622,0.9051297,0.2944143,0.9359573,0.2771928,0.621131,0.5593044,0.23900719,0.00074012566,-0.056558147
0.031152308,0.029374115,0.01627395,0.016831225,0.9935197,0.99305445,0.18101004,0.17088328,0.29811946,0.293878,0.3887761,0.32282346,0.51065147,0.5620698,0.0073144645,0.36876035,0.24966042,0.7414847,0.55552155,0.24535882,0.24420029,0.5533034,0.5538622,0.9051297,0.2944143,0.9359573,0.2771928,0.62113106,0.5593044,0.23900716,0.00074012566,-0.056558117
0.0311523,0.029374102,0.01627395,0.016831225,0.9935197,0.99305445,0.18101004,0.17088328,0.29811943,0.293878,0.38877606,0.32282346,0.51065147,0.5620697,0.0073144613,0.36876035,0.24966042,0.7414847,0.55552155,0.24535882,0.24420035,0.5533034,0.5538622,0.9051297,0.29441434,0.9359573,0.27719283,0.621131,0.5593044,0.23900722,0.00074012566,-0.056558095
0.03115232,0.029374108,0.01627395,0.016831225,0.9935197,0.99305445,0.18101002,0.17088328,0.29811943,0.293878,0.38877603,0.32282352,0.51065147,0.5620697,0.007314468,0.36876035,0.24966045,0.7414847,0.55552155,0.24535882,0.24420035,0.5533034,0.5538622,0.9051297,0.29441434,0.9359573,0.2771928,0.6211311,0.55930454,0.23900719,0.00074009586,-0.056558102
0.031152308,0.029374115,0.01627395,0.016831225,0.9935197,0.99305445,0.18101004,0.1708833,0.29811946,0.29387796,0.38877603,0.32282358,0.5106516,0.5620698,0.0073144645,0.36876035,0.24966042,0.7414847,0.55552155,0.2453588,0.24420029,0.5533034,0.5538622,0.9051297,0.2944143,0.9359573,0.27719277,0.621131,0.5593044,0.23900716,0.00074003625,-0.056558184
0.031152308,0.029374102,0.016273942,0.016831217,0.9935197,0.99305445,0.18101004,0.17088328,0.29811946,0.293878,0.3887761,0.32282346,0.51065165,0.56206983,0.0073144645,0.36876035,0.24966042,0.7414847,0.55552155,0.2453588,0.24420029,0.5533034,0.5538622,0.9051297,0.29441428,0.9359573,0.27719277,0.6211311,0.55930436,0.23900719,0.00074006605,-0.056558132
0.031152308,0.029374108,0.01627395,0.016831225,0.9935197,0.99305445,0.18101004,0.17088327,0.29811946,0.29387796,0.3887761,0.32282346,0.5106516,0.56206983,0.0073144645,0.36876035,0.24966042,0.7414847,0.55552155,0.2453588,0.24420035,0.5533034,0.5538622,0.9051297,0.2944143,0.9359573,0.2771928,0.621131,0.55930436,0.23900722,0.00074009586,-0.056558087
0.03115232,0.029374115,0.01627395,0.016831225,0.9935197,0.99305445,0.18101004,0.1708833,0.29811943,0.293878,0.38877603,0.32282352,0.5106516,0.56206983,0.0073144645,0.36876035,0.24966042,0.7414847,0.55552155,0.24535882,0.24420035,0.5533034,0.5538622,0.9051297,0.29441434,0.9359573,0.2771928,0.621131,0.5593044,0.23900728,0.00074012566,-0.056558054
0.031152312,0.029374115,0.016273942,0.016831225,0.9935197,0.99305445,0.18101004,0.17088328,0.2981194,0.29387796,0.38877603,0.32282352,0.5106516,0.56206983,0.0073144645,0.36876035,0.24966042,0.7414847,0.55552155,0.24535882,0.24420035,0.5533035,0.5538622,0.9051297,0.2944143,0.9359573,0.2771928,0.6211311,0.55930436,0.23900722,0.00074012566,-0.056558084
0.03115232,0.029374115,0.016273957,0.016831225,0.9935197,0.99305445,0.18101004,0.1708833,0.29811943,0.29387796,0.38877603,0.32282355,0.5106516,0.56206983,0.0073144613,0.36876035,0.24966042,0.7414847,0.55552155,0.2453588,0.24420029,0.5533034,0.5538622,0.9051297,0.2944143,0.9359573,0.2771928,0.6211311,0.5593043,0.23900719,0.00074006605,-0.056558046
0.031152308,0.029374108,0.016273942,0.016831217,0.9935197,0.99305445,0.18101004,0.17088327,0.2981195,0.293878,0.3887761,0.3228235,0.5106516,0.56206983,0.0073144645,0.36876035,0.24966042,0.7414847,0.55552155,0.2453588,0.24420029,0.5533035,0.5538622,0.9051297,0.2944143,0.9359573,0.2771928,0.6211311,0.5593043,0.23900722,0.00074009586,-0.056558076
0.031152308,0.029374115,0.01627395,0.016831225,0.9935197,0.99305445,0.18101002,0.17088328,0.2981195,0.29387802,0.3887761,0.32282344,0.5106515,0.5620698,0.0073144645,0.36876035,0.24966042,0.7414847,0.55552155,0.24535882,0.24420035,0.5533034,0.5538622,0.9051297,0.29441434,0.9359573,0.2771928,0.6211311,0.55930436,0.23900722,0.00074012566,-0.056558076
0.031152308,0.029374115,0.016273942,0.016831225,0.9935197,0.99305445,0.18101002,0.17088328,0.29811946,0.293878,0.3887761,0.32282344,0.51065147,0.5620698,0.0073144645,0.36876035,0.24966042,0.7414847,0.55552155,0.24535882,0.24420029,0.5533034,0.5538622,0.9051297,0.29441434,0.9359573,0.27719283,0.6211311,0.55930436,0.23900719,0.00074012566,-0.056558054
0.031152308,0.029374108,0.01627395,0.016831225,0.9935197,0.99305445,0.18101004,0.17088328,0.29811946,0.29387802,0.38877618,0.3228234,0.5106515,0.5620698,0.0073144645,0.36876038,0.24966042,0.7414847,0.55552155,0.24535882,0.24420035,0.5533034,0.5538622,0.9051297,0.2944143,0.9359573,0.27719283,0.6211311,0.55930436,0.23900719,0.00074009586,-0.056558046
0.031152308,0.029374108,0.016273942,0.016831225,0.9935197,0.99305445,0.18101002,0.17088328,0.29811946,0.29387802,0.38877618,0.3228234,0.5106516,0.5620698,0.0073144645,0.36876038,0.24966042,0.7414847,0.55552155,0.24535882,0.24420035,0.5533034,0.5538622,0.9051297,0.2944143,0.9359573,0.2771928,0.6211311,0.55930436,0.23900719,0.00074012566,-0.05655804
