0.0,0.0,0.0,0.0,1.0,1.0,0.162,0.162,0.37,0.37,0.4,0.32,0.555,0.6,0.0,0.41,0.25,0.77,0.56,0.25,0.25,0.56,0.56,0.92,0.28,0.95,0.27,0.45,0.5,0.063,-0.008,-0.02
0.0,0.0,0.0,0.0,1.0,1.0,0.162,0.162,0.36,0.36,0.41,0.31,0.54,0.585,0.0,0.4,0.25,0.76,0.56,0.25,0.25,0.56,0.56,0.91,0.29,0.94,0.28,0.45,0.5,0.088,-0.001,-0.009
0.0,0.0,0.0,0.0,1.0,1.0,0.162,0.162,0.34,0.34,0.42,0.31,0.54,0.57,0.0,0.4,0.25,0.76,0.56,0.25,0.25,0.56,0.56,0.91,0.29,0.93,0.28,0.44,0.53,0.117,0.008,-0.008
0.0,0.0,0.0,0.0,1.0,1.0,0.162,0.162,0.34,0.34,0.42,0.3,0.465,0.495,0.0,0.4,0.25,0.76,0.56,0.25,0.25,0.56,0.56,0.86,0.31,0.88,0.3,0.41,0.64,0.131,0.015,-0.001
0.0,0.0,0.0,0.0,1.0,1.0,0.63065517,0.6011595,0.23,0.23,0.41,0.32,0.42,0.42,0.0,0.43,0.25,0.78,0.56,0.25,0.25,0.56,0.56,0.83,0.33,0.83,0.33,0.37,0.52,0.115,0.018,-0.0
0.0,0.0,0.0,0.0,1.0,1.0,0.162,0.162,0.36,0.36,0.44,0.29,0.345,0.315,0.0,0.45,0.25,0.8,0.56,0.25,0.25,0.56,0.56,0.78,0.35,0.76,0.36,0.32,0.38,0.105,0.019,0.009
0.0,0.0,0.0,0.0,1.0,1.0,0.162,0.162,0.42,0.42,0.44,0.28,0.27,0.225,0.0,0.44,0.25,0.79,0.56,0.25,0.25,0.56,0.56,0.73,0.37,0.7,0.38,0.24,0.26,0.091,0.025,0.012
0.07,0.07,0.0,0.0,1.0,1.0,0.162,0.162,0.44,0.44,0.45,0.27,0.21,0.165,0.5,0.43,0.43,0.78,0.56,0.43,0.43,0.56,0.56,0.69,0.39,0.66,0.4,0.17,0.17,0.055,0.021,0.014
0.14,0.14,0.08,0.08,1.0,1.0,0.162,0.162,0.44,0.44,0.44,0.29,0.18,0.15,0.75,0.42,0.54,0.78,0.56,0.54,0.54,0.56,0.56,0.67,0.4,0.65,0.41,0.14,0.17,0.038,0.021,0.012
0.17,0.17,0.16,0.16,1.0,1.0,0.162,0.162,0.48,0.48,0.38,0.34,0.165,0.135,0.75,0.42,0.62,0.78,0.56,0.62,0.62,0.56,0.56,0.66,0.4,0.64,0.41,0.12,0.18,0.019,0.022,-0.011
0.17,0.17,0.16,0.16,1.0,1.0,0.162,0.162,0.49,0.49,0.35,0.37,0.165,0.15,0.75,0.4,0.69,0.76,0.55,0.69,0.69,0.55,0.55,0.66,0.4,0.65,0.4,0.1,0.19,-0.013,0.018,-0.047
0.17,0.17,0.17,0.17,1.0,1.0,0.162,0.162,0.5,0.5,0.33,0.39,0.15,0.12,0.75,0.39,0.7,0.76,0.55,0.7,0.7,0.55,0.55,0.65,0.4,0.63,0.42,0.09,0.26,-0.014,0.014,-0.065
0.15,0.15,0.12,0.12,1.0,1.0,0.162,0.162,0.49,0.49,0.31,0.41,0.18,0.165,0.75,0.38,0.695,0.75,0.54,0.69,0.7,0.54,0.54,0.67,0.39,0.66,0.4,0.07,0.32,-0.025,0.007,-0.085
0.11,0.11,0.02,0.02,1.0,1.0,0.162,0.162,0.5,0.5,0.29,0.43,0.195,0.165,0.75,0.37,0.695,0.74,0.55,0.69,0.7,0.55,0.55,0.68,0.39,0.66,0.4,0.07,0.35,-0.025,-0.003,-0.091
0.11,0.11,0.03,0.03,1.0,1.0,0.162,0.162,0.51,0.51,0.27,0.45,0.36,0.255,0.75,0.34,0.825,0.72,0.47,0.82,0.83,0.47,0.47,0.79,0.34,0.72,0.37,0.06,0.35,-0.047,-0.018,-0.099
0.15,0.15,0.11,0.11,1.0,1.0,0.162,0.162,0.51,0.51,0.25,0.47,0.39,0.285,0.75,0.3,0.905,0.69,0.4,0.9,0.91,0.4,0.4,0.81,0.33,0.74,0.37,0.05,0.37,-0.069,-0.032,-0.111
0.24,0.24,0.33,0.33,1.0,1.0,0.162,0.162,0.52,0.52,0.25,0.47,0.345,0.255,0.75,0.29,0.935,0.68,0.37,0.93,0.94,0.37,0.37,0.78,0.35,0.72,0.38,0.05,0.41,-0.061,-0.041,-0.116
0.56,0.56,1.0,1.0,0.97,0.97,0.32804495,0.3202286,0.35,0.35,0.3,0.42,0.36,0.285,0.75,0.29,0.93,0.68,0.37,0.92,0.94,0.37,0.37,0.79,0.34,0.74,0.36,0.05,0.43,-0.051,-0.044,-0.113
0.56,0.56,1.0,1.0,0.97,0.97,0.162,0.162,0.44,0.44,0.31,0.41,0.33,0.21,0.75,0.28,0.93,0.67,0.36,0.92,0.94,0.36,0.36,0.77,0.35,0.69,0.39,0.05,0.45,-0.054,-0.048,-0.093
0.56,0.56,1.0,1.0,0.97,0.97,0.162,0.162,0.45,0.45,0.33,0.39,0.315,0.18,0.75,0.27,0.93,0.67,0.36,0.92,0.94,0.36,0.36,0.76,0.36,0.67,0.4,0.05,0.46,-0.039,-0.042,-0.073
0.5508869,0.36103594,0.63939285,0.8484005,1.0,0.95504165,0.26867333,0.19127692,0.42060703,0.44421673,0.34431267,0.42057455,0.33800212,0.1938741,0.7867404,0.37650263,0.97643965,0.19570306,0.30352813,0.9897938,0.85984325,0.3393679,0.27494258,0.78048325,0.4087388,0.6579762,0.374054,0.0,0.5381913,0.010049015,0.113794155,0.028593138
0.45311752,0.37704948,0.698321,0.7955683,0.9874369,0.96184087,0.13273889,0.11904269,0.3162137,0.4538856,0.3064459,0.50205445,0.12395952,0.039311543,0.7294398,0.2371776,0.83354455,0.55235946,0.34981003,1.0,0.8596351,0.11840834,0.35935366,0.73365307,0.43331233,0.5832238,0.54348034,0.07406004,0.47953236,0.12996557,0.02772916,0.004830193
0.2673424,0.35999075,0.9287448,0.6292473,1.0,1.0,0.34663278,0.023768425,0.370531,0.44712994,0.18769303,0.41045976,0.29390833,0.11401546,0.6840215,0.20348223,1.0,0.74549925,0.47618276,0.92449474,0.77543277,0.38195762,0.44882315,0.65425867,0.4743511,0.64491427,0.58226144,0.0,0.33135715,0.063472554,-0.03102314,0.023921257
0.42968524,0.53154206,0.5028174,0.7503623,1.0,0.8802783,0.10684303,0.13634753,0.36076972,0.30101693,0.32817426,0.6174927,0.17583685,0.0,0.69200796,0.32648337,0.83039546,0.70994115,0.35658523,0.77623653,1.0,0.2216978,0.21557212,0.8112922,0.37688524,0.59023494,0.52268624,0.0,0.4073405,0.20487854,0.076957814,0.005445894
0.40401497,0.47009727,0.54105484,0.75022495,0.94567174,0.9255996,0.26308763,0.14599842,0.4783382,0.27976173,0.165856,0.41355082,0.120597795,0.0,0.7086843,0.36090386,0.8824161,0.7716828,0.45819566,0.689871,0.86516315,0.33638588,0.14903982,0.5482955,0.529126,0.42799085,0.3641089,0.03403055,0.44635612,0.16174234,-0.07350838,0.0944109
0.46147892,0.34641796,0.50561446,0.68319356,0.99196136,1.0,0.18816122,0.20757735,0.32814422,0.32818455,0.40848854,0.48287693,0.29632366,0.078796916,0.7672045,0.58093643,0.77712077,0.8011728,0.4718201,0.6743205,0.8251165,0.49011505,0.40230456,0.5382412,0.3370301,0.5310328,0.66482854,0.0,0.6523363,0.22234179,-0.1610578,0.12075687
0.17591476,0.16009086,0.4474274,0.5551115,1.0,0.9189308,0.16780975,0.3031166,0.34022444,0.3072879,0.36516252,0.6190891,0.1589662,0.0,0.34298104,0.20969073,0.5108002,0.70251715,0.5070327,0.6428555,0.85952395,0.68954647,0.45900655,0.28954753,0.38691705,0.6112081,0.4590626,0.023244321,0.66323555,0.057988442,-0.124270245,-0.0484802
0.14486656,0.025055535,0.27587938,0.033564076,1.0,1.0,0.22676454,0.1857559,0.32506442,0.38561183,0.32718152,0.45535907,0.073437504,0.18953636,0.39707214,0.38828528,0.5042305,0.6628078,0.66200954,0.5902803,0.31188175,0.5511185,0.4656523,0.6196753,0.33116028,0.6672276,0.36377448,0.1159114,0.91589606,-0.021687582,-0.08461258,0.036430813
0.0,0.04408528,0.0,0.00951656,1.0,1.0,0.04391983,0.15403119,0.2759976,0.4212008,0.4182984,0.547251,0.24516091,0.27937287,0.18554166,0.43727106,0.37372258,0.95732504,0.4715819,0.45162487,0.35119396,0.64887196,0.5307204,0.5117661,0.3543982,0.6991603,0.36176082,0.0,0.9762334,0.16878399,0.008639,-0.069160044
0.0,0.0,0.0,0.0,0.9174501,0.9211575,0.2833631,0.095010646,0.32581908,0.37429118,0.39934477,0.43190432,0.1933315,0.44660813,0.07764426,0.5154236,0.18447973,0.6195396,0.45819223,0.29846433,0.36853895,0.63002485,0.4780453,0.787269,0.36846504,0.8047751,0.38543648,0.2849241,0.75999266,-0.11768917,-0.076160125,0.0045783073
0.0,0.0,0.10811342,0.027639825,1.0,1.0,0.25766468,0.2661388,0.5176368,0.3094672,0.4025287,0.36633545,0.4895356,0.33516842,0.0,0.5744004,0.112186536,0.7540466,0.5201974,0.2581403,0.16534516,0.5548399,0.69063205,0.84396243,0.38091558,0.8948873,0.24395223,0.19613889,0.81682825,0.05439983,0.0565151,0.26556015
0.039298665,0.0,0.0,0.0,0.8399314,1.0,0.31640646,0.2891442,0.2541291,0.24672231,0.6267014,0.44670218,0.43448812,0.37868094,0.0,0.43498647,0.38805324,0.6765206,0.62990147,0.48794737,0.03978768,0.43854818,0.43583733,0.77516663,0.43322003,0.9794241,0.25667408,0.16004048,0.7001909,-0.07967138,-0.02537449,0.022737093
0.03537884,0.06274242,0.0,0.0,1.0,0.908218,0.39166743,0.237451,0.5137428,0.30675793,0.41347885,0.12091799,0.32396537,0.44910374,0.014104791,0.35959962,0.308522,0.77312464,0.4165007,0.5631996,0.37940675,0.71204907,0.5930166,0.8220027,0.3181523,0.950123,0.35677257,0.4358649,0.78370535,0.13331062,0.12977843,0.2650141
0.114552625,0.0,0.0,0.0,1.0,0.971588,0.0886043,0.0,0.34828568,0.23389892,0.49463016,0.2038276,0.50940454,0.34668028,0.061578404,0.45024037,0.29766497,0.85943276,0.72597003,0.36501312,0.16455853,0.49520504,0.67685235,0.7409838,0.55982685,0.8553021,0.27887157,0.31321725,0.54682976,0.058843702,0.09439373,0.071440734
0.0,0.29815242,0.11459552,0.018313348,1.0,0.9510985,0.060678236,0.23715183,0.24355808,0.28775194,0.5280604,0.24171813,0.12496561,0.41517335,0.0,0.41661867,0.17716075,0.7041602,0.42914468,0.34191903,0.4244057,0.3944013,0.8747175,0.74528426,0.26415658,0.9759511,0.22336832,0.6249348,0.6271696,0.07380394,0.21730697,0.074797705
0.20647544,0.14288437,0.16710569,0.1657215,0.9773091,1.0,0.30569834,0.22535005,0.43188447,0.21193838,0.40192658,0.29724774,0.2817303,0.47030705,0.0,0.40885577,0.028704524,0.82173544,0.5359693,0.14752942,0.31653824,0.8013518,0.52389514,1.0,0.4866221,0.8848125,0.27592307,0.3562184,0.4334637,0.19523638,0.055460706,0.26140332
0.0,0.0,0.07599864,0.18337905,1.0,1.0,0.11644477,0.19566232,0.57776153,0.34422198,0.48975828,0.19444427,0.49916437,0.28965956,0.0,0.3435802,0.3250332,0.6823546,0.5781161,0.33439985,0.29000428,0.5062245,0.47618344,0.8833254,0.19354245,0.82269067,0.38133514,0.5698184,0.4416442,0.17529543,0.20160668,0.15894938
0.0,0.0,0.16822472,0.082271814,1.0,1.0,0.19802696,0.11415305,0.37168998,0.4000889,0.53715825,0.3974224,0.41363204,0.58384776,0.15757309,0.28508064,0.58889174,0.8860427,0.5285235,0.18732405,0.36133772,0.40268773,0.54662675,0.65610945,0.52027607,0.9348164,0.40621313,0.54306793,0.51514375,0.0072665215,0.14669508,0.030879356
0.0,0.044576995,0.085305505,0.0,1.0,1.0,0.13097003,0.10925747,0.36529186,0.22836995,0.31511447,0.3228278,0.27809638,0.43217912,0.1779135,0.29149407,0.32411638,0.8309238,0.3861374,0.5861166,0.34982094,0.46365532,0.58569574,0.92789686,0.13934232,0.8486289,0.29735652,0.48356643,0.7111273,0.09922865,0.08904979,0.0146498
0.0,0.030720033,0.0,0.07813786,0.7162874,1.0,0.12255049,0.26246458,0.4349896,0.4728701,0.39338613,0.40459582,0.42900527,0.5620732,0.310296,0.42142254,0.42079696,0.742981,0.35071188,0.44637123,0.49277934,0.45725837,0.33727586,0.653241,0.29358715,0.71367866,0.37909693,0.4497286,0.73950744,0.06505207,-0.12768537,-0.009802135
0.0745894,0.0,0.0,0.036052424,1.0,1.0,0.21526048,0.27588692,0.38960984,0.5446542,0.28420675,0.52420354,0.58035827,0.13201769,0.265118,0.488531,0.5055385,0.51452124,0.32617784,0.36884594,0.40125757,0.5130006,0.5369319,0.69526523,0.19703543,0.9267601,0.39601195,0.39475545,0.6959489,0.2556118,-0.07880409,-0.21082613
0.0,0.037328385,0.0,0.033399634,1.0,1.0,0.061941683,0.06613244,0.29620144,0.45899874,0.22202298,0.534997,0.48730803,0.4265454,0.39386737,0.4591851,0.4752898,0.7959433,0.53150064,0.29460093,0.5362243,0.632965,0.5436478,0.73402387,0.43849376,0.94361615,0.4858303,0.32835057,0.8319584,0.14839272,0.09079847,-0.30298746
0.05380916,0.15026885,0.0,0.0,1.0,0.9597105,0.17050312,0.06805707,0.5847872,0.36847207,0.29620308,0.508531,0.34771696,0.49336416,0.13018528,0.4474528,0.3958764,0.5952972,0.616116,0.37669608,0.45772886,0.5818703,0.77053803,0.7153726,0.55000246,0.903926,0.21063054,0.3408625,0.8887145,0.028393745,0.13044266,-0.3010901
0.1481959,0.06950095,0.0,0.0022917576,1.0,0.85620815,0.12233469,0.11561105,0.21101817,0.4729488,0.37844178,0.46730292,0.34408998,0.5560853,0.16097863,0.36857834,0.29682082,0.7467006,0.6078582,0.39931133,0.32921648,0.5597075,0.56485325,0.84257805,0.4556732,0.8486931,0.32870987,0.37213236,0.8721575,0.23754326,-0.055127203,-0.15835221
0.18193209,0.10449624,0.020506442,0.08481516,0.8322886,0.9403927,0.100279436,0.051562324,0.43255615,0.060230494,0.44268405,0.59726787,0.45848703,0.38424486,0.16354328,0.23093209,0.24482037,0.7455341,0.60612875,0.39465547,0.49204373,0.49500448,0.6567243,0.8009663,0.48670962,0.8358457,0.3399035,0.475085,0.6432688,0.17527758,-0.085242815,-0.11673987
0.25709486,0.0,0.0,0.15522178,1.0,0.99415034,0.0,0.18978713,0.36702338,0.256035,0.46829623,0.46470132,0.33123547,0.50163835,0.12538457,0.38104385,0.44989365,0.6516446,0.35141087,0.31736064,0.27627268,0.5020655,0.52384424,0.8760561,0.43979746,0.6603954,0.33842984,0.52774084,0.62098426,0.12976518,-0.14410007,-0.0046336614
0.26824427,0.16803804,0.08888609,0.3327766,0.9330926,0.9296538,0.44457,0.2963731,0.31260625,0.49616712,0.40321776,0.61528563,0.34215093,0.39068723,0.046821654,0.48651922,0.46023628,0.83140326,0.60020673,0.46407408,0.44688472,0.5840515,0.35434586,0.7547733,0.4651381,0.7050918,0.45068276,0.27430233,0.65524745,0.14903776,-0.054991424,0.1265564
0.06358312,0.19436455,0.2888603,0.29807568,1.0,0.9911025,0.48571795,0.32904023,0.30907157,0.34902626,0.17069644,0.50060576,0.21257856,0.39231965,0.23001437,0.36972013,0.47362322,0.745791,0.48360077,0.50014323,0.27499145,0.4922607,0.47340503,0.8444113,0.2176016,0.74933386,0.34928417,0.29646203,0.64875793,0.177834,0.0226889,0.046518028
0.13722962,0.017912675,0.073375106,0.21558,0.9185123,1.0,0.112093,0.27530032,0.4686478,0.3657589,0.23449136,0.367781,0.51812506,0.4069665,0.1311243,0.3858441,0.55479175,0.7948209,0.6094552,0.5439164,0.6226806,0.4593369,0.6166185,0.93129605,0.54041505,0.8728526,0.31153402,0.29759696,0.8031136,-0.0294296,-0.113575235,-0.040239275
0.056997932,0.0020959228,0.0,0.0,0.92486894,0.83860344,0.45348164,0.43002242,0.6036966,0.44415116,0.3476963,0.3694179,0.2252979,0.55962205,0.32022113,0.36281636,0.36592907,0.9224858,0.5324834,0.3414868,0.31785762,0.742896,0.43409353,0.9165939,0.23074736,0.68826085,0.33420557,0.27143154,0.9092411,0.13816682,-0.07514126,0.017442398
0.0,0.0,0.0,0.0,1.0,0.90671676,0.37750337,0.16102442,0.5755665,0.5382374,0.27953306,0.3111003,0.38914037,0.6306628,0.2891639,0.41949427,0.48919162,0.7669977,0.68397635,0.33515888,0.52863306,0.6346199,0.5056363,0.880674,0.48015064,0.9887672,0.22905731,0.18320566,0.7542888,-0.07248461,-0.03977527,-0.12648948
0.0378815,0.0,0.10237952,0.07729191,1.0,0.92696816,0.30416226,0.23945087,0.5731521,0.4324711,0.10740504,0.30255318,0.40123388,0.3693743,0.28844458,0.4406978,0.47007743,0.8360367,0.6416244,0.382005,0.42814127,0.48903063,0.4581905,0.81106365,0.23691005,0.7326614,0.21755005,0.16935635,0.59976596,0.006887622,-0.057775714,-0.08903818
0.0,0.15812297,0.027014825,0.09445646,1.0,0.9509266,0.18575409,0.31038642,0.51922345,0.41122618,0.44206613,0.5956842,0.45644653,0.40529138,0.35557422,0.48197484,0.7283689,0.7972847,0.5341863,0.46611023,0.42170924,0.34774423,0.4607316,0.7368423,0.18632585,0.7325841,0.12050001,0.17064337,0.7423166,-0.129729,-0.18476877,-0.18473172
0.16017076,0.0,0.0,0.0,1.0,0.8729433,0.09629518,0.41211346,0.5454795,0.56815106,0.37322187,0.45617253,0.63833994,0.4551124,0.33184737,0.3619994,0.59062755,0.7606088,0.59075856,0.46645808,0.42276183,0.56676984,0.42778838,0.5286881,0.38060963,0.7998773,0.3647238,0.10347431,0.53016394,0.024178728,-0.112753466,-0.19846386
0.0,0.17738388,0.0063585863,0.0,1.0,1.0,0.3104514,0.2102839,0.43096322,0.46289852,0.447538,0.5047381,0.69913465,0.49328434,0.56175655,0.44074312,0.5763266,0.7357842,0.43521568,0.63417345,0.55643386,0.5910849,0.73173326,0.7735677,0.23541458,0.8735159,0.38098782,0.05460324,0.641124,-0.06955494,-0.08357848,-0.053873107
0.03221388,0.0,0.034818042,0.0,1.0,0.9352147,0.21330704,0.30792367,0.47449642,0.61437047,0.1058722,0.444533,0.54934245,0.35426262,0.50432855,0.2895134,0.6181402,0.79779106,0.4573189,0.73993224,0.51967454,0.559796,0.45159906,0.94088376,0.36527148,0.79035795,0.65145546,0.0,0.48457682,-0.059534375,-0.025801573,-0.089835994
0.13600256,0.13837208,0.2862527,0.1640166,1.0,0.92182004,0.1988515,0.11904328,0.47545838,0.4669604,0.3217371,0.41266185,0.39667192,0.10313332,0.7006921,0.34247264,0.62676454,0.8267873,0.48452854,0.79266095,0.71347874,0.467917,0.55423576,0.7861758,0.36415273,0.81125134,0.45399034,0.14192876,0.3811199,-0.07829182,-0.13967499,-0.11198502
0.15483391,0.18161684,0.33083722,0.17352693,0.9889627,1.0,0.23216398,0.2604347,0.33047104,0.45895073,0.5095946,0.35391006,0.3835565,0.21693937,0.5612315,0.4523278,0.8261163,0.6855377,0.42858237,0.718848,0.8328016,0.3364032,0.5502522,0.7639689,0.17563187,0.7732704,0.36889863,0.0,0.39115763,-0.07792223,-0.114326075,-0.08657682
0.34364915,0.28619346,0.37473878,0.45823845,0.96342176,0.8074282,0.43827856,0.10251657,0.52816415,0.2981525,0.3162153,0.22734371,0.0995955,0.47077835,0.68375844,0.4404293,0.5593699,0.6802029,0.38919076,0.80964357,1.0,0.30964312,0.46044308,0.93488437,0.16178036,0.6928276,0.33660063,0.076735705,0.3653145,0.04051828,0.27453104,-0.18258996
0.08013122,0.16951972,0.3714702,0.5422288,1.0,0.9741017,0.36479855,0.35419637,0.47151157,0.35861504,0.4852303,0.2123686,0.46981466,0.25670254,0.7369712,0.14842582,0.7700258,0.8325435,0.43034256,0.79150605,0.85841227,0.43159544,0.435035,0.79953283,0.41616046,0.5709585,0.29124242,0.0,0.13669966,-0.04967513,0.03686773,-0.1627737
0.33439556,0.38940543,0.7039017,0.41160062,1.0,1.0,0.24693333,0.14326608,0.34013963,0.5090972,0.4366156,0.16431606,0.26895916,0.28810206,0.801438,0.29620907,0.9339756,0.83174944,0.35073927,0.8971865,0.892356,0.3198325,0.4289717,0.803081,0.20084831,0.6664825,0.4168816,0.0,0.12886783,0.052433126,-0.11637705,-0.022865556
0.41294685,0.30902764,0.52902955,0.57875925,1.0,1.0,0.02200146,0.056664944,0.42023155,0.40193665,0.5528546,0.15519182,0.27744898,0.22989224,0.98654044,0.22291148,0.7293386,0.8415087,0.29495156,0.8954934,1.0,0.3855606,0.5419755,0.846382,0.3679556,0.5534332,0.46564823,0.0,0.17705329,-0.007012563,-0.054518834,-0.080730796
0.28257304,0.480939,0.7451601,0.60861194,1.0,1.0,0.29938114,0.25603083,0.52142656,0.42652124,0.4693672,0.2271181,0.16071749,0.061410733,0.88786995,0.28928512,0.9212026,0.8140038,0.29579386,1.0,0.88081795,0.40290472,0.5952338,0.6864274,0.20200127,0.7606921,0.40674153,0.15896021,0.26234567,0.083124116,0.0058134682,-0.18182307
0.365195,0.41770354,0.7637576,0.6448246,0.9462799,1.0,0.24298559,0.054445192,0.4888783,0.37850848,0.3535565,0.29472628,0.22473732,0.16657901,0.75212866,0.44327503,1.0,0.6144934,0.34257674,0.84396654,0.82271814,0.5611792,0.39430034,0.7202607,0.40121162,0.6596134,0.49876326,0.11432568,0.33899185,-0.03866961,-0.02285551,-0.16157009
0.45665708,0.15520222,0.58986187,0.5555201,1.0,1.0,0.027018145,0.07030347,0.5822455,0.3567284,0.33545855,0.21604921,0.28712448,0.23402002,0.7778061,0.25665992,0.7157118,0.50335896,0.4597432,0.96265316,0.87866867,0.37139285,0.5905677,0.58391714,0.25399297,0.7414452,0.365418,0.13698713,0.35155118,0.06476307,-0.19169356,-0.0973321
0.24778676,0.20239717,0.506241,0.5380574,0.9699885,0.92466736,0.16687948,0.16959275,0.39896813,0.21619709,0.47059846,0.49798405,0.37672612,0.16965586,0.83025366,0.3743438,0.8436148,0.67128676,0.49439415,0.82165504,0.87362635,0.543565,0.5159983,0.72698355,0.4504513,0.833418,0.45253992,0.24797955,0.5410764,0.15529338,0.043508,-0.060771335
0.31505978,0.28069854,0.3684938,0.23927416,0.9349162,0.9677867,0.2848189,0.26581886,0.44805348,0.36642087,0.4131129,0.40254924,0.31665617,0.24044763,0.5794795,0.30651906,0.7071257,0.66924685,0.44684708,0.7237909,0.7552758,0.51035416,0.49121,0.69116646,0.37598282,0.516215,0.54539347,0.12077214,0.4137393,0.09860645,-0.14062588,0.08170592
0.30416706,0.2504334,0.5251228,0.3932082,1.0,0.92678565,0.21483709,0.14207172,0.33403,0.4360297,0.50453347,0.3858063,0.20155905,0.2907014,0.8625782,0.34701312,0.89685744,0.6995744,0.5988837,0.8416736,0.7217022,0.35412785,0.36257598,0.7222485,0.35973492,0.54885143,0.46345443,0.29329532,0.2841357,0.15193152,-0.0626321,-0.049231324
0.25508264,0.258679,0.3516607,0.54845816,1.0,1.0,0.10042006,0.25566092,0.24688618,0.55338174,0.5041585,0.43615425,0.26661375,0.17433429,0.7438992,0.30642557,0.7200992,0.74078953,0.48833424,0.9482735,0.77581203,0.6204804,0.58539563,0.7285848,0.27011114,0.47656977,0.432191,0.17398438,0.2293084,0.31150317,0.0667029,0.046511278
0.38353407,0.3954094,0.2624689,0.34975106,1.0,1.0,0.14417727,0.11276267,0.3203141,0.6862944,0.4496521,0.17673142,0.3179903,0.31182858,0.6677583,0.38373834,0.7845904,0.84188,0.5616276,0.6522625,0.56661767,0.6430806,0.37273404,0.84377307,0.39303574,0.5177889,0.29307616,0.06890122,0.17693152,0.17219527,-0.16695853,0.22054872
0.23071596,0.11048806,0.23858646,0.052899495,1.0,0.91078395,0.29563186,0.20294973,0.30696693,0.5257098,0.4553085,0.109160274,0.31138456,0.3059165,0.61162746,0.44330522,0.5829705,0.773021,0.415886,0.589624,0.7006833,0.5803712,0.502117,0.89674056,0.29724374,0.76533425,0.4503188,0.22593774,0.15758617,0.27841964,-0.03232177,0.116439775
0.12515341,0.21593839,0.25773773,0.18408123,0.9928066,0.97733784,0.22999646,0.24065101,0.43268663,0.32420847,0.38975906,0.19175896,0.37420762,0.2594341,0.34952104,0.2533943,0.46198452,0.7550638,0.4433354,0.536152,0.5967991,0.5092607,0.51317906,0.7552225,0.33789146,0.8860234,0.112148255,0.19678077,0.37003732,0.08832219,-0.071390055,0.16581286
0.0,0.016938828,0.0989969,0.061450116,0.8794647,0.9406115,0.068256706,0.16042903,0.33576196,0.5590258,0.510745,0.4546393,0.5481089,0.5990082,0.3606491,0.35511777,0.4823116,0.71189755,0.5179784,0.5428581,0.52748954,0.51384276,0.63734895,1.0,0.4505162,0.71806073,0.49533108,0.24594449,0.44046253,0.03867971,-0.011786565,0.18953198
0.06493393,0.1282875,0.12793474,0.008998313,0.96627784,0.9858256,0.19765437,0.17718796,0.47110754,0.3572235,0.24372454,0.23113264,0.52223945,0.68276715,0.5608104,0.42936775,0.32523713,0.9706429,0.70259494,0.36207736,0.49316156,0.59644747,0.5936756,0.88229066,0.45959094,0.8174995,0.24926461,0.1766873,0.52252036,0.1416492,-0.027243549,0.060691837
0.0,0.042306263,0.0,0.019112745,0.8502292,1.0,0.32369205,0.14226717,0.39788756,0.3494922,0.25309384,0.16221303,0.62505114,0.53654176,0.3312439,0.39957207,0.64196444,0.7566898,0.70691323,0.37425175,0.36136413,0.526475,0.61775523,0.7417015,0.2572961,0.7451499,0.22794631,0.34490475,0.56744015,-0.061780766,-0.046830036,0.2335287
0.0,0.0,0.0,0.069556564,1.0,1.0,0.20590192,0.20695327,0.35850096,0.35526448,0.40152597,0.41840285,0.4917598,0.5161459,0.14021881,0.33838603,0.28908718,0.6697623,0.59417343,0.35450637,0.39304924,0.64497554,0.7408556,0.8860746,0.40467992,0.8293987,0.41137496,0.4498636,0.48916063,0.09071088,0.03516896,0.15793289
0.12932587,0.054615237,0.070810385,0.0,0.83988816,0.9961405,0.21347497,0.20037921,0.42177907,0.277201,0.3429997,0.19750926,0.5577523,0.46218,0.20563896,0.4161322,0.38607714,0.7468559,0.5723498,0.39036074,0.5655068,0.46096975,0.52546704,0.69398445,0.27424103,0.7969947,0.5416901,0.490395,0.46604687,-0.014287237,0.034976665,0.13747866
0.0,0.14836422,0.19413742,0.014449187,0.8772562,1.0,0.0,0.17348088,0.35646346,0.4296195,0.4597824,0.23642737,0.55999374,0.44431144,0.22032447,0.29174513,0.39913347,0.62252957,0.51504505,0.35687843,0.47025043,0.5820151,0.70809674,0.757802,0.22445583,0.84037757,0.117964014,0.4603908,0.42079926,0.13241054,-0.18121263,0.30626512
0.12927964,0.06924617,0.2453641,0.0,1.0,1.0,0.3037148,0.1593316,0.33890736,0.44516867,0.6137354,0.34832868,0.62404066,0.5536885,0.1844137,0.2665364,0.3751118,0.8661322,0.6059011,0.22040273,0.4699549,0.4929434,0.53699094,0.8868869,0.21935143,0.72891045,0.34414443,0.4186498,0.39295694,0.085387796,0.05628342,0.2815725
0.09757687,0.06777486,0.09112683,0.24091998,0.9944087,1.0,0.2191863,0.1563459,0.37403196,0.41944227,0.6067527,0.2869168,0.5681762,0.7770688,0.18634889,0.3156031,0.33620164,0.92792296,0.46201703,0.5396103,0.32987598,0.3558054,0.5351127,0.6605954,0.42807484,0.93246096,0.22376949,0.5418673,0.73443806,0.0039444044,-0.011332774,0.11792349
0.17445785,0.10611816,0.08802205,0.16601166,0.9005818,1.0,0.3143308,0.24772047,0.295378,0.45833424,0.60361314,0.2707916,0.6095049,0.6238338,0.22283065,0.46858174,0.36948812,0.71867764,0.60062253,0.29008794,0.26524645,0.45111352,0.5319448,0.85106647,0.25515193,0.7199441,0.25615308,0.5997327,0.7266487,0.049785182,-0.029557992,-0.034724027
0.09643534,0.03327811,0.0,0.003703244,1.0,1.0,0.3655225,0.32845545,0.60813177,0.4116539,0.41325128,0.21630144,0.54610384,0.6216107,0.029606333,0.27725363,0.30715618,0.7550365,0.62144285,0.28869253,0.45118284,0.401927,0.58810514,0.93099475,0.2650461,0.9475279,0.06142378,0.7269202,0.7812015,0.069815695,-0.029392835,0.029035246
0.081654266,0.0,0.0,0.024880461,1.0,1.0,0.23336007,0.35606527,0.5915844,0.32034954,0.4178,0.23847836,0.5468051,0.5711332,0.09594264,0.45089385,0.3426761,0.6964029,0.55146426,0.15166056,0.2630032,0.6813158,0.5761108,0.8375848,0.3073348,1.0,0.33454233,0.6285437,0.7341099,0.071624205,-0.22504047,-0.11530077
0.06509828,0.0037372764,0.107673034,0.0,1.0,0.9931156,0.0,0.07560459,0.2714255,0.53641117,0.47266492,0.32794598,0.3835624,0.6117414,0.089601815,0.51247925,0.24787673,0.6653802,0.51303923,0.16200429,0.24917677,0.6191564,0.61989224,0.88870883,0.18352303,1.0,0.32345155,0.74345386,0.7264738,0.05182498,-0.067039,-0.13559075
0.0,0.0,0.06355965,0.026000597,1.0,1.0,0.2195478,0.1483696,0.41034448,0.3815248,0.4760781,0.3414727,0.6838325,0.62835264,0.10145147,0.61264694,0.1849879,0.8101589,0.63777864,0.1117364,0.14440721,0.6017905,0.46347356,0.98627496,0.29027987,1.0,0.36346942,0.7795922,0.7114695,0.0064827316,0.035407674,-0.11964588
0.0,0.0,0.0,0.011506491,1.0,1.0,0.21947008,0.20624095,0.2856206,0.22272816,0.4232052,0.38466337,0.57108027,0.64704716,0.0,0.39873818,0.0,0.77031964,0.57290834,0.0931514,0.09225498,0.46749792,0.7308986,0.8866097,0.28529382,1.0,0.2366024,0.6491594,0.36277705,-0.0011016317,-0.13195735,-0.2484521
0.0,0.106123865,0.011456702,0.0,0.86967695,1.0,0.22897726,0.06019467,0.3227065,0.16710244,0.42140317,0.50092834,0.53425515,0.7851472,0.14409178,0.25390738,0.15363783,0.721646,0.65493715,0.38571844,0.2552473,0.42209792,0.2908913,1.0,0.28986707,0.9103556,0.20972478,0.70606035,0.73744285,0.26366135,-0.3,-0.05111848
0.005563114,0.09200467,0.040885627,0.20452583,0.9013206,0.95797664,0.0,0.25983465,0.32197165,0.37907356,0.31710714,0.5413452,0.56608254,0.70796925,0.0,0.3076351,0.27625093,0.79446584,0.49833858,0.31066424,0.095993444,0.60904884,0.62620974,0.8192779,0.33616608,0.8986863,0.3835353,0.7277711,0.8131815,0.05101227,-0.05774401,-0.18368924
0.0,0.2602088,0.0,0.0,0.8960726,0.7938456,0.19438677,0.0,0.41585955,0.50525695,0.19694266,0.34407273,0.67440325,0.6945218,0.0,0.35189483,0.27582866,0.7600381,0.7628801,0.22889104,0.29198658,0.51075476,0.6623484,0.87352884,0.25014699,0.98860675,0.4068065,0.5594731,1.0,0.32533103,-0.09699229,-0.0021980405
0.33985087,0.0057194903,0.053969547,0.009422455,0.9960014,0.93353534,0.19285548,0.108000845,0.26135403,0.28306773,0.18001683,0.2746552,0.52415574,0.55867106,0.027797837,0.4238636,0.00612469,0.670317,0.68176997,0.030968532,0.14841044,0.7701707,0.61547387,0.90524566,0.20716202,0.9667997,0.24251795,0.624445,0.85390157,0.15106615,-0.16104434,0.14333779
0.073015764,0.014960684,0.15566328,0.0,1.0,0.9126598,0.0,0.057436764,0.4835407,0.22057875,0.32307178,0.18773825,0.4436585,0.7606583,0.0,0.56458694,0.16035993,0.8393369,0.5513069,0.10262102,0.0,0.5355553,0.606967,0.78828466,0.2301603,0.98247653,0.19847858,0.760803,0.72410434,0.026361838,0.02583994,-0.009838032
0.019212116,0.033703875,0.0,0.33299154,1.0,0.99062914,0.28044945,0.20345046,0.19333124,0.29097247,0.4568309,0.11037906,0.6446502,0.5725512,0.0,0.3298528,0.0,0.732399,0.5772081,0.04716023,0.09953982,0.5879403,0.57487994,0.6628617,0.23530096,0.9164998,0.3215963,0.8010738,0.5993796,0.09654382,-0.19989128,0.21490581
0.027242048,0.12440382,0.015493311,0.17714508,0.94208956,0.996362,0.24939409,0.39088416,0.34163848,0.4129577,0.5325932,0.11410597,0.4897701,0.744544,0.0,0.48808458,0.22849765,0.7341854,0.55273503,0.08286879,0.094748594,0.63662267,0.509295,0.97308725,0.47432375,0.9453207,0.17293763,0.740128,0.4683824,0.13970172,-0.039828796,0.11549986
0.0,0.0,0.14141826,0.0,1.0,0.8409651,0.14295337,0.3483301,0.33321422,0.42141062,0.48124593,0.05998733,0.7347699,0.57331026,0.037175804,0.35998282,0.17379965,0.72576416,0.5439487,0.09927621,0.23414105,0.4891689,0.46275896,0.85401094,0.25497156,0.78359365,0.34518027,0.6430694,0.354594,0.16165999,-0.099464126,0.063849084
1.5527068e-05,0.0,0.022227256,0.0,1.0,0.98952115,0.17978932,0.009586394,0.25239423,0.39221513,0.64714056,0.17435333,0.70895857,0.56279373,0.0,0.41627803,0.10496469,0.50774306,0.45247185,0.2785951,0.21030472,0.7498108,0.66286916,1.0,0.3006172,1.0,0.42447126,0.73916894,0.3769125,0.018662967,-0.036352124,0.13941967
0.12609719,0.05747055,0.013596203,0.0,0.95571816,0.8083824,0.21691401,0.031410754,0.35919437,0.49129742,0.49922872,0.04245545,0.5823722,0.4795097,0.13610616,0.3796357,0.15770337,0.6749642,0.41059545,0.3010466,0.19511056,0.4329251,0.5833574,0.92733413,0.23774877,0.88650143,0.3698843,0.66670734,0.29831633,0.14986885,-0.18989077,0.0039490983
0.061597906,0.13218346,0.09255125,0.20176038,1.0,0.9041261,0.29985303,0.2514242,0.5464709,0.48394465,0.5610524,0.027477652,0.38755122,0.5273024,0.23389122,0.42194107,0.09096299,0.97148156,0.4565575,0.33392355,0.26120055,0.39607304,0.43116617,0.82480496,0.20166078,0.87385744,0.21878162,0.68035835,0.49537602,0.093252316,-0.20641336,0.061156508
0.0054132715,0.0,0.03273642,0.040298942,0.8833463,1.0,0.1167057,0.22917731,0.43890166,0.5416107,0.50239706,0.014396921,0.49449635,0.7121288,0.068106286,0.53632873,0.1745108,0.8313616,0.48354432,0.2530285,0.069054276,0.46088094,0.5507139,0.9944512,0.19466937,1.0,0.09241311,0.5551003,0.48729205,0.07457615,-0.17273203,-0.041544884
0.0,0.0,0.0,0.0,1.0,1.0,0.35927385,0.15232512,0.16591999,0.41945502,0.7146737,0.25817916,0.4289871,0.59830296,0.0,0.4514709,0.11019195,0.48815084,0.7273906,0.4683077,0.18566158,0.50034106,0.47510707,0.93354875,0.370657,0.9742094,0.28948265,0.5430685,0.70663184,0.0026273578,-0.02191928,-0.19744426
0.0,0.098917075,0.089841664,0.0,0.9399247,0.8270632,0.24301085,0.23311614,0.522987,0.45864835,0.62525564,0.17858312,0.5545707,0.73529345,0.0,0.3670402,0.16505767,0.7311086,0.54378015,0.27176166,0.2677961,0.4402017,0.7391253,0.8506863,0.24826372,1.0,0.26721156,0.60833067,0.87690943,-0.086995736,-0.17410558,-0.12044807
0.0,0.10538806,0.117318824,0.04964438,0.9407869,0.94300705,0.12830108,0.20300703,0.5228617,0.42295027,0.40162623,0.029951796,0.6440107,0.667139,0.0,0.53976244,0.10079904,0.7945167,0.58134234,0.2920416,0.07137069,0.5941894,0.6777283,0.9118311,0.2916201,1.0,0.10924798,0.47441775,0.8824955,-0.0060567753,-0.026556022,-0.19306795
0.07949038,0.04479164,0.0,0.0,0.8911928,0.9724108,0.07758474,0.04591742,0.52138567,0.4741729,0.43718827,0.41388965,0.46545833,0.67166495,0.0,0.39833435,0.1556567,0.88380575,0.61979324,0.17883293,0.2852031,0.54622996,0.5772718,0.999443,0.3142486,1.0,0.103598714,0.6884154,0.7302189,0.03401031,-0.12660487,-0.047904328
0.13061118,0.06080506,0.0,0.0,1.0,0.8649998,0.2572743,0.33012617,0.52947205,0.53332627,0.36407825,0.34452215,0.6472862,0.73802346,0.0,0.3860523,0.19576201,0.685427,0.5115902,0.22167827,0.0,0.35319692,0.48475754,1.0,0.25824225,0.9728978,0.34521413,0.5287503,0.766906,0.059348386,-0.03041336,-0.056929383
0.026157834,0.0,0.22299115,0.0,1.0,0.96276265,0.2507336,0.0,0.48815385,0.3449535,0.36492074,0.33531195,0.49033028,0.604419,0.18977769,0.50122416,0.2541354,0.90635985,0.3430732,0.32941005,0.17954412,0.5979829,0.42273706,0.7225118,0.48558566,0.9598242,0.3308096,0.5851288,0.68643224,-0.11195441,-0.1657655,-0.2752757
0.1578963,0.06991296,0.15233827,0.12717246,0.8720715,0.86184996,0.15060988,0.27397498,0.574036,0.5111613,0.33949015,0.42100447,0.3598989,0.40717137,0.38984364,0.43129718,0.36330697,0.79699826,0.42432252,0.39899436,0.5508616,0.38033032,0.45725673,0.7157124,0.35459045,0.9651896,0.29959854,0.49535304,0.7707736,-0.062351845,-0.14303486,-0.0042713434
0.14261003,0.14035659,0.27208582,0.2613354,1.0,0.9004626,0.20643608,0.15183294,0.458076,0.54524267,0.24738364,0.41659635,0.34772465,0.29267052,0.31581384,0.4005791,0.4819572,0.75214756,0.548424,0.5946322,0.4744105,0.67227685,0.546884,0.8045874,0.27564746,0.89179635,0.41720703,0.40135086,0.5882064,0.10445996,0.17260794,-0.30583507
0.293188,0.2705878,0.24845545,0.09803635,1.0,0.89790285,0.19955231,0.31896386,0.643872,0.5941259,0.40212813,0.43317723,0.22144395,0.41235635,0.5740329,0.4745287,0.33854786,0.7956319,0.5179721,0.57881165,0.5524029,0.60343057,0.5610484,0.8016302,0.34068978,0.596403,0.5686765,0.46694022,0.6804175,-0.17288342,-0.22265334,-0.21907258
0.1400593,0.08111862,0.25305972,0.24944113,1.0,0.98039025,0.14583342,0.10719923,0.5033493,0.53445894,0.37264678,0.4087875,0.1935636,0.2539325,0.4051129,0.52684325,0.43561298,0.7861951,0.6561656,0.38081717,0.5892508,0.50673777,0.518997,0.54953855,0.29692736,0.5410017,0.47695082,0.54043365,0.78311294,-0.11963926,-0.22125736,-0.16629946
0.1791124,0.14394699,0.32614654,0.098862536,0.6445806,0.8670569,0.26194397,0.16695674,0.6049449,0.46517667,0.14556827,0.36222905,0.18055788,0.17021348,0.4766312,0.45572442,0.3131507,1.0,0.6009513,0.4060441,0.3962973,0.49596542,0.50121576,0.55012214,0.41834477,0.7415179,0.36159813,0.4913607,1.0,0.10069646,-0.099545985,-0.29997802
0.08631379,0.2834164,0.022676393,0.25924087,1.0,0.9410402,0.39273864,0.28744927,0.51470757,0.45216054,0.12244403,0.43032163,0.2629651,0.0,0.4239326,0.42787385,0.37162405,0.92760074,0.41456968,0.276317,0.38776803,0.56600523,0.50966597,0.67128676,0.3881169,0.7652212,0.6747606,0.5195188,0.9962133,-0.113823146,-0.22230169,-0.15347889
0.19308588,0.14859648,0.2722878,0.24045478,0.9695717,1.0,0.27287328,0.51344514,0.37838793,0.5188817,0.24821866,0.4437796,0.33339566,0.14510794,0.36541718,0.46477592,0.29211885,0.82196987,0.5476297,0.30818594,0.42020613,0.38815522,0.57905805,0.57567686,0.4009737,0.5792477,0.3033306,0.4007156,0.8895085,-0.02893921,0.024993703,-0.18927655
0.0,0.016499579,0.31483608,0.1009843,0.9956051,0.90464014,0.53038687,0.27501956,0.5260058,0.65524065,0.4660785,0.4678037,0.26776364,0.41692913,0.43941677,0.37515783,0.43593076,0.89391685,0.4408614,0.25413847,0.37003887,0.6014178,0.5908249,0.64246994,0.3259277,0.6811312,0.484859,0.3970067,0.8265754,-0.047518067,-0.095000565,-0.11147867
0.0,0.085745476,0.1356804,0.0,0.9812741,1.0,0.24599448,0.13480169,0.6540871,0.49603066,0.24078132,0.42004192,0.3501591,0.17808773,0.3593299,0.32671446,0.17543022,0.8606945,0.504346,0.3956189,0.4494637,0.6635781,0.5868657,0.6343245,0.35876307,0.7235953,0.47181785,0.43794543,0.7731267,-0.15145952,-0.05070167,0.17188202
0.02073615,0.039375126,0.07439092,0.0,1.0,1.0,0.08680835,0.17161673,0.6071462,0.20744076,0.34994847,0.14088568,0.28151315,0.27848223,0.4085554,0.48572707,0.2587461,0.9657268,0.6793613,0.32587734,0.15934034,0.58958614,0.782233,0.85396785,0.3954486,0.59929585,0.50398904,0.17705978,0.8120182,-0.03701065,-0.2400446,-0.0041096117
0.05734785,0.10837492,0.0,0.00456193,0.9227586,1.0,0.02468796,0.14644569,0.5784397,0.42815262,0.51675725,0.36849704,0.049797088,0.14237586,0.32835254,0.40271842,0.44715396,0.90339065,0.6923403,0.36580312,0.12957655,0.50118065,0.63901913,0.8651444,0.4380246,0.85365117,0.4334637,0.35031152,0.892087,-0.0293119,-0.10897778,0.01379204
0.015049102,0.06499764,0.0,0.05944674,0.96940243,1.0,0.20353584,0.07494764,0.3639705,0.6178851,0.29045886,0.41815335,0.18165936,0.40296906,0.3165005,0.30001682,0.27522403,0.7015909,0.5968037,0.36491013,0.455697,0.80483353,0.58016676,0.65985614,0.39243683,0.7702719,0.6297137,0.35811058,0.8122925,0.043393195,0.11294622,-0.16861752
0.015832748,0.040992234,0.0,0.0,1.0,1.0,0.099872924,0.18006775,0.4300483,0.50116634,0.29648873,0.6152204,0.16014394,0.25262484,0.33621296,0.38147026,0.3549602,0.802277,0.5864064,0.27044344,0.3476891,0.6298379,0.515537,0.84582686,0.3196142,0.8091537,0.44402316,0.23662141,0.71388763,0.10035951,-0.06567763,0.03823215
0.0,0.0,0.0,0.053886984,1.0,0.9972059,0.03542237,0.2743282,0.4580271,0.29516667,0.12808648,0.47165006,0.18488824,0.11367546,0.21511051,0.39536822,0.37485367,0.74893856,0.42845824,0.3523491,0.25773787,0.46963808,0.40354514,0.7308791,0.26079902,0.73313177,0.4122549,0.5308767,0.73088944,0.13310188,-0.17029229,0.073847994
0.05648117,0.0,0.030907826,0.0,0.9446308,1.0,0.19921078,0.17796521,0.48464397,0.49735272,0.2288013,0.63465,0.2408752,0.21681106,0.33631426,0.5219318,0.3941948,0.8288566,0.49949548,0.30943373,0.19627124,0.5301751,0.54656035,0.7520389,0.58053595,0.7079314,0.47598207,0.29887286,0.8593088,0.27257478,-0.05313211,-0.14772622
0.0,0.0,0.13840424,0.1595569,1.0,0.92389494,0.048977032,0.19324681,0.20588899,0.28987396,0.19739394,0.30067426,0.37093005,0.287819,0.29779905,0.37408608,0.34688944,0.628886,0.56414557,0.31830198,0.34276354,0.58804476,0.50691295,0.7310665,0.23088938,0.75524616,0.5552496,0.26489428,0.9051351,0.19380395,-0.08571438,-0.020254113
0.0,0.107185744,0.080676,0.0,1.0,1.0,0.23769048,0.28136238,0.36426246,0.33172187,0.3712557,0.3575127,0.2939465,0.34137782,0.32290977,0.44489712,0.3285061,0.70084274,0.48678336,0.3486172,0.26832905,0.63099635,0.4352191,0.46161264,0.29039413,0.64570755,0.4721523,0.13932665,0.76888794,0.34224543,-0.15523458,-0.121804126
0.0,0.02526904,0.0,0.0,0.9697165,1.0,0.16068113,0.28147328,0.37808958,0.43276578,0.26838985,0.2688542,0.35201412,0.2629477,0.27626383,0.5575589,0.11848989,0.66782594,0.7190914,0.3998626,0.38528392,0.56722224,0.52334744,0.59127384,0.36387786,0.7780239,0.54673254,0.20719385,0.8013153,0.22376947,-0.21315154,-0.19032747
0.08563838,0.0,0.06866248,0.0,0.9659394,1.0,0.31664056,0.35224885,0.36940944,0.3837536,0.54536027,0.6133647,0.34071392,0.32751903,0.43381226,0.48141775,0.49650514,0.70837134,0.51278037,0.14881267,0.27626133,0.4847371,0.59882486,0.67434394,0.23181172,0.7624731,0.27803195,0.35214788,0.9731726,0.16135114,-0.2125125,-0.18725659
0.10134161,0.0005840529,0.020238446,0.15062639,1.0,1.0,0.16779803,0.31208152,0.38830033,0.36500737,0.35709107,0.31307963,0.3472903,0.44985548,0.21327913,0.43990597,0.27485153,0.7066667,0.8420632,0.40890673,0.31696254,0.6299448,0.4039427,0.6046296,0.14045429,0.7268999,0.4266286,0.06245233,1.0,0.4165916,-0.20634922,-0.17843786
0.09246938,0.012841926,0.0,0.0,1.0,1.0,0.13787885,0.20397025,0.36007574,0.37026507,0.37179235,0.23655279,0.32144535,0.44147286,0.15684198,0.32971555,0.12442784,0.73152083,0.49964738,0.14309926,0.34832343,0.43836454,0.7359132,0.87159777,0.304173,0.61288226,0.50834596,0.28575286,0.8548873,0.2958154,-0.12926674,-0.28417262
0.062673025,0.14839499,0.046367012,0.0,0.99624676,0.9724095,0.16938435,0.10828656,0.2895684,0.11219062,0.55778617,0.1755743,0.4198204,0.37895948,0.28896993,0.468947,0.29792944,0.7921123,0.7880538,0.29592058,0.25801024,0.42544,0.65712905,1.0,0.29593405,0.82136893,0.22105026,0.31520206,0.83794993,0.40152377,-0.26445735,-0.092966415
0.0015277229,0.0,0.013930619,0.0,1.0,0.94917554,0.2018263,0.09061684,0.3426705,0.41423747,0.38843918,0.18244731,0.5708898,0.5798487,0.15266633,0.2685905,0.25180113,0.82931006,0.719575,0.039182276,0.23790233,0.6543688,0.6056429,0.8668321,0.16016355,0.81570363,0.1818243,0.35025492,0.75622994,0.39211607,-0.10764038,-0.14805654
0.03107557,0.054872796,0.0,0.0,1.0,1.0,0.22824766,0.20604318,0.28141132,0.37127173,0.7078649,0.12520143,0.4068361,0.46993473,0.050376207,0.4155293,0.11591523,0.81408626,0.6705221,0.34633112,0.34420627,0.59937453,0.58510107,1.0,0.27595443,0.88350356,0.21274889,0.34728324,0.61897373,0.08171409,-0.16499984,-0.069835484
0.0,0.0,0.0,0.124772504,1.0,1.0,0.12745084,0.31699127,0.54752254,0.40542978,0.6652819,0.0,0.35812908,0.5031375,0.18587387,0.37922058,0.2848423,0.6974186,0.6231883,0.24521932,0.10404238,0.6663636,0.43690562,0.89302176,0.42710564,0.88982666,0.26125327,0.39283597,0.5144318,0.21264014,-0.17494866,0.106706336
0.0627769,0.0,0.0,0.23880677,1.0,1.0,0.31539837,0.3502744,0.418373,0.28551528,0.5884938,0.21506444,0.45437145,0.49351314,0.1198457,0.41676107,0.13121729,0.6459415,0.5983756,0.51937675,0.046533316,0.61145157,0.60894245,0.7718754,0.3632506,1.0,0.3098492,0.3424891,0.32341236,0.29006198,0.13906774,-0.11815578
0.0,0.0049896818,0.1184285,0.0,0.8111001,0.8510583,0.23377061,0.16317217,0.35362184,0.42192936,0.70792395,0.08773707,0.5394959,0.55255723,0.20703426,0.40075296,0.450581,0.66245556,0.43274382,0.2797652,0.3329373,0.531085,0.4900941,1.0,0.26268,0.90685874,0.3043022,0.30062175,0.37865064,0.10597208,-0.017776964,-0.033196017
0.020061547,0.0,0.20863225,0.007112749,1.0,0.80499536,0.21368,0.22386308,0.37825596,0.33369362,0.50154585,0.18123257,0.5503659,0.41721052,0.37049004,0.50316197,0.27681813,0.8902333,0.6592338,0.28165215,0.27154562,0.47101945,0.72783834,0.9562195,0.23526691,1.0,0.2733403,0.36235666,0.2959939,0.23637575,0.014829429,-0.07932545
0.07285889,0.08169861,0.039577797,0.08768983,0.9382363,1.0,0.0659143,0.31526172,0.29921404,0.42747542,0.42437902,0.21698889,0.5666495,0.6014442,0.0966648,0.50156516,0.31807068,0.6765701,0.59788215,0.36584085,0.3015166,0.52485114,0.4801013,0.8238523,0.4077499,0.9630337,0.2960008,0.4520078,0.42428976,0.1716755,0.033602476,-0.092715845
0.10488254,0.052687358,0.0,0.057318434,0.82981306,0.8825906,0.2818425,0.31168848,0.40588486,0.15648744,0.16585037,0.30870536,0.4760617,0.47797063,0.13139868,0.39155203,0.33242393,0.7653128,0.48649076,0.25199082,0.23869587,0.30289552,0.43815684,0.89420545,0.26550972,0.8311318,0.25128657,0.24856098,0.46009225,0.1561066,0.19994576,0.109690756
0.17131373,0.11003299,0.1351044,0.1966196,1.0,0.9798862,0.253258,0.176559,0.44040278,0.39883173,0.4526354,0.49498385,0.555002,0.37988064,0.26031443,0.390819,0.3608701,0.7113527,0.6220406,0.3972552,0.27067664,0.53254104,0.5193129,0.808928,0.17933963,0.9216515,0.42727736,0.40991533,0.16728404,-0.002705574,0.13123417,0.13907412
0.16645363,0.038341753,0.19272894,0.18502502,1.0,0.94047326,0.084605366,0.32597765,0.52524155,0.44954962,0.48934436,0.29922763,0.486607,0.47597486,0.30257353,0.3127879,0.13894953,0.76656085,0.741706,0.3250903,0.4406405,0.50396657,0.66989076,0.9366153,0.33968627,0.9532769,0.44919878,0.24630177,0.040831067,0.27110288,0.18358287,0.074525915
0.076369196,0.03377331,0.0027182922,0.06705055,1.0,1.0,0.28553146,0.20006987,0.46207577,0.3916769,0.47464728,0.21815142,0.39764196,0.3703078,0.39831537,0.41766307,0.36139742,0.6507863,0.43925995,0.17743596,0.30864307,0.6467463,0.48773134,0.879065,0.42096633,0.9943827,0.19368109,0.1793601,0.033362716,0.020060118,0.1862857,0.26872507
0.0,0.17752486,0.123906285,0.17833613,0.8919826,1.0,0.21794705,0.17603041,0.6020466,0.57051754,0.5643001,0.16252235,0.34577024,0.5703263,0.54004455,0.36134776,0.35532263,0.84477425,0.6721094,0.29808992,0.24357052,0.48658523,0.63645196,0.75686425,0.30253413,0.7296054,0.5410137,0.33232975,0.0,0.08784513,0.18059048,0.22942601
0.0,0.21598296,0.06354419,0.0,1.0,1.0,0.24467528,0.047703356,0.48557022,0.4111344,0.53715086,0.043473557,0.51208115,0.61389375,0.34266114,0.43475932,0.3319379,0.7406162,0.5848399,0.29245514,0.284821,0.5178731,0.64551336,0.82388127,0.21479157,0.7485311,0.38718158,0.27585214,0.098696,-0.011729506,0.016425528,-0.04429461
0.030343749,0.0775855,0.0,0.0,0.99572,0.87934446,0.3053912,0.4515406,0.38300338,0.44425827,0.3484883,0.2449498,0.46472996,0.4849919,0.123456374,0.39725095,0.33372486,0.707703,0.6207626,0.29338804,0.22483249,0.39446765,0.49197876,0.89639366,0.24646911,0.90208936,0.32341343,0.22074924,0.29046914,-0.02188239,0.057467155,0.19310677
0.0,0.0,0.08194934,0.0,0.83429414,0.9527676,0.29110786,0.30104935,0.44106525,0.376855,0.40745175,0.29452324,0.54682994,0.4640319,0.3045401,0.4388946,0.31292215,0.7728034,0.51954794,0.2693472,0.4615909,0.47807476,0.627664,0.89304614,0.3605877,0.8316295,0.34741303,0.32062912,0.26385415,0.05142113,-0.05510488,-0.027663395
0.0,0.0066877753,0.0,0.039004833,1.0,1.0,0.2849319,0.09946585,0.4658261,0.56744117,0.43006226,0.20218726,0.43289176,0.39506707,0.2643984,0.3707955,0.4911498,0.80718976,0.65138805,0.30794603,0.5025956,0.48280695,0.65050316,0.8471108,0.4497816,0.99957454,0.34000582,0.23054205,0.4770131,0.021289688,0.062529415,-0.095104836
0.17160572,0.102597944,0.0,0.23877406,1.0,0.9302332,0.30560476,0.25436813,0.48221365,0.26710042,0.49221432,0.25842893,0.4871356,0.38395366,0.21192536,0.5298165,0.50342536,0.9413342,0.4928762,0.48702312,0.47081703,0.45951664,0.45969257,0.7572096,0.39295137,0.7702143,0.27601355,0.30005664,0.5787212,-0.10611157,0.12982896,-0.12774606
0.017115012,0.26940936,0.16136721,0.14824976,1.0,0.98449713,0.4786544,0.2396377,0.5718536,0.4331059,0.6364974,0.23893653,0.48268712,0.42656085,0.23952663,0.40507573,0.37217122,0.7654045,0.47322947,0.34753555,0.32118544,0.6384379,0.43092704,0.89669555,0.20006055,0.9196151,0.6588737,0.17414296,0.3485617,-0.16568063,-0.0092211375,-0.020232461
3.6325306e-05,0.028673965,0.02783528,0.12698758,0.960101,1.0,0.37701902,0.25001484,0.57844186,0.36783963,0.6874898,0.024527341,0.45118368,0.38285375,0.26255897,0.5239921,0.38418102,0.9419934,0.54967874,0.46847546,0.22590902,0.48683053,0.7597185,0.7567161,0.34405443,0.8551904,0.19336626,0.27084255,0.2071057,-0.17190933,-0.065782316,-0.058914155
0.05689316,0.0,0.10997231,0.09446497,0.9489864,1.0,0.35599348,0.30146134,0.5129093,0.44600788,0.85337096,0.0,0.519137,0.44847867,0.27349776,0.31825134,0.3666478,0.94311213,0.5547515,0.29775688,0.23289496,0.5726488,0.5579195,0.9995085,0.31065008,0.8154252,0.3440957,0.067290545,0.23711534,-0.066649154,0.07227692,-0.111539185
0.061039656,0.0,0.0002275277,0.0,1.0,0.95658827,0.13080415,0.12621641,0.4811148,0.39011914,0.63897616,0.11528604,0.49649072,0.50058687,0.35250115,0.52271163,0.68043077,0.7829295,0.6873263,0.4611503,0.2779954,0.5259336,0.6894199,1.0,0.3997759,0.8370249,0.3704103,0.38562334,0.29831964,-0.030699939,0.22508931,-0.17617054
0.10238914,0.0,0.10624985,0.0,0.9384391,0.90097713,0.32015502,0.24652955,0.39849368,0.4701385,0.56697565,0.044906914,0.5027138,0.45857236,0.31056938,0.31802896,0.2860989,0.67994213,0.66933,0.31791815,0.3091629,0.51161194,0.57655865,0.7010919,0.16420339,0.78371596,0.28242612,0.12102471,0.19642235,-0.003835857,0.09935415,-0.08484877
0.14101854,0.0,0.22270812,0.077608764,1.0,0.96803206,0.3581791,0.19703844,0.4152321,0.45764902,0.54020655,0.028293267,0.5404189,0.53908205,0.3225405,0.5070217,0.30033723,0.7937749,0.59107995,0.29668653,0.4991938,0.5335903,0.55161774,0.7868197,0.26802522,0.9127067,0.4477527,0.3171883,0.15553164,-0.09660749,0.14180577,0.11623952
0.102560356,0.18512765,0.08544421,0.015748046,1.0,1.0,0.33476964,0.20598873,0.4165183,0.57628435,0.5110403,0.13867544,0.40916973,0.18938842,0.18948452,0.38449505,0.30301452,0.6824185,0.48184764,0.38980854,0.18845573,0.42710918,0.64465946,0.8821995,0.4106905,0.78302735,0.38486594,0.18118566,0.0003629774,-0.115532145,0.048506565,0.01166903
0.0,0.031371728,0.10773708,0.03934557,0.9847847,0.99104977,0.2787433,0.24084337,0.53138876,0.34384948,0.62594825,0.036141247,0.25588396,0.19384669,0.35954177,0.3046761,0.3785071,0.85140157,0.5449175,0.45912498,0.43471813,0.5784345,0.63162184,0.80069935,0.43212372,0.88731235,0.37168795,0.0,0.20966733,-0.03128944,0.22823256,-0.021308761
0.0,0.20130482,0.011428297,0.054632418,0.99868923,0.8850543,0.27621415,0.4918726,0.43210965,0.5333768,0.622591,0.32750604,0.074775144,0.36701503,0.305384,0.4806507,0.52593493,0.8575386,0.51264375,0.4111915,0.49229658,0.61574143,0.6344199,0.67706424,0.30874804,0.71342826,0.5152462,0.14902031,0.28640607,-0.09065579,0.16145968,0.0307549
0.11225517,0.0,0.08292569,0.10103971,0.8589809,1.0,0.10926476,0.14323959,0.46518847,0.43560663,0.6613138,0.17006707,0.08478065,0.36100185,0.2978028,0.63027835,0.47308278,0.82177675,0.53525776,0.47872046,0.4439717,0.6128182,0.47381815,0.79391235,0.37307402,0.5491928,0.4223122,0.15660524,0.35919338,-0.009123765,-0.02270183,0.024925066
0.15139227,0.0,0.020197157,0.24118242,0.9297718,0.9967697,0.2307093,0.027120695,0.33609867,0.4227652,0.7374963,0.14993225,0.18070874,0.177115,0.5099139,0.5824325,0.39969477,0.66465014,0.467418,0.41757205,0.36837426,0.6826477,0.6485658,0.87614995,0.3031848,0.70455426,0.31249478,0.21812741,0.4327746,0.11465384,0.081716895,-0.0149844885
0.24323359,0.19199067,0.26456353,0.0,1.0,1.0,0.3339097,0.269759,0.38710934,0.4580793,0.61340225,0.03394085,0.012586385,0.41820192,0.1565768,0.43325016,0.636585,0.7845537,0.32532886,0.47773522,0.4047778,0.45762348,0.5360595,0.88261855,0.4061574,0.8202603,0.2127487,0.2255472,0.48981357,-0.17011906,-0.019946173,0.15812743
0.20214123,0.27577695,0.23355244,0.2151773,0.8865843,0.931502,0.32490787,0.09026039,0.38156635,0.2340208,0.7162782,0.17212734,0.28455278,0.22173777,0.18898736,0.4679486,0.52083206,0.6790125,0.6559101,0.5107383,0.4683295,0.36294872,0.706518,0.67484903,0.35582858,0.76435965,0.44904098,0.28323108,0.10464513,-0.013017084,-0.0018675495,-0.07449964
0.14235975,0.07302929,0.13147444,0.01892139,1.0,1.0,0.26088932,0.27798668,0.29867837,0.5192418,0.47215265,0.22648728,0.5146385,0.31686413,0.076575905,0.3031503,0.50067866,0.8312812,0.62736946,0.5125655,0.5280054,0.55184937,0.51635313,0.6632862,0.21487114,0.84042805,0.33100206,0.29844177,0.31760967,-0.11835149,-0.15843652,0.16558266
0.028334249,0.13421974,0.23994607,0.07517488,1.0,0.9013587,0.23080878,0.065563545,0.48607323,0.57951975,0.15061015,0.41274387,0.53198224,0.60252815,0.253773,0.24371198,0.41605264,0.78116614,0.50010866,0.66917706,0.27900594,0.6449882,0.6233722,1.0,0.398018,0.750223,0.22101006,0.30189618,0.37016115,-0.083917886,-0.020777436,0.04110245
0.15747896,0.045457423,0.0,0.0,0.8899638,0.9013335,0.20847198,0.1924337,0.34206298,0.4011509,0.26540416,0.62777114,0.3765214,0.4837788,0.3164037,0.33246988,0.28463593,0.7644418,0.48179966,0.4939109,0.35997579,0.7831592,0.6139755,0.8039587,0.29022485,0.9319389,0.36151457,0.39995205,0.44923797,0.104046166,0.011651938,0.0179502
0.016499296,0.0,0.11843091,0.19101182,0.99263984,0.9611535,0.30317512,0.299736,0.54106325,0.28259164,0.26384282,0.5201741,0.60392463,0.3554339,0.11300921,0.3354836,0.4491209,0.7715153,0.637316,0.20413005,0.5098512,0.58815557,0.55036134,0.79887074,0.47373742,0.88398266,0.26304495,0.46025187,0.5102657,-0.14780761,-0.107449934,-0.16352336
0.0,0.0134211145,0.14731225,0.102178544,0.9801289,1.0,0.2117715,0.086318865,0.4434049,0.5097912,0.19901757,0.5825148,0.50920206,0.6987374,0.10639964,0.39320183,0.19248284,0.89443976,0.59758246,0.354827,0.3016973,0.4396053,0.6336711,0.9428201,0.19011913,0.86894387,0.3894112,0.4514973,0.7111645,-0.19648348,0.15555586,-0.120450236
0.03725722,0.0,0.0,0.0,0.97225547,1.0,0.084694825,0.15312648,0.3882484,0.25797927,0.21664193,0.32757992,0.47061974,0.7975736,0.18275948,0.5675377,0.29025078,0.7775001,0.7289246,0.09303081,0.44303447,0.5308686,0.620864,0.94150275,0.22720364,1.0,0.2559748,0.4828075,0.575477,-0.06483257,-0.12402371,-0.12887275
0.11885054,0.0,0.0,0.0,0.7939034,1.0,0.08703627,0.0,0.6369228,0.43323392,0.26613802,0.3413842,0.5204869,0.72273797,0.0,0.465356,0.25632495,0.6813986,0.71599644,0.23291144,0.20322081,0.53508544,0.40688986,0.88616043,0.237732,1.0,0.32154524,0.64396286,0.6907983,-0.14051884,-0.10684337,-0.33459425
0.032401666,0.0063817147,0.104362234,0.0017608837,0.9167034,0.83195925,0.012127921,0.23818713,0.35927612,0.32656574,0.22228883,0.41684452,0.52635217,0.4657163,0.082374655,0.28044987,0.24124949,0.8502104,0.6098458,0.13734119,0.20432097,0.7026117,0.4860093,0.9908944,0.51467013,1.0,0.42977035,0.56396806,0.7948863,-0.14063697,0.0487604,-0.1265358
0.0956291,0.05062187,0.13414088,0.17031813,1.0,0.87978923,0.115707256,0.21144462,0.63163036,0.16695854,0.18486248,0.40405694,0.4140266,0.5209249,0.056139752,0.5062404,0.24616149,0.8605454,0.44611657,0.22728941,0.35220152,0.8447613,0.31568584,0.84711874,0.3296616,0.8804969,0.26665795,0.62991494,0.5174066,-0.018021785,-0.09712068,-0.20532148
0.0,0.0,0.05613868,0.16448456,0.84425366,0.99392647,0.13659398,0.23768586,0.39029264,0.34559748,0.3111318,0.43412778,0.57765377,0.3078933,0.16244762,0.45667082,0.15522414,0.8825593,0.49289906,0.26391503,0.31922525,0.57916504,0.522499,1.0,0.20702973,0.9304585,0.20716941,0.48886904,0.5828456,0.039563097,-0.0070076585,0.039424025
0.022616785,0.0,0.0,0.08596734,0.97309023,1.0,0.16493823,0.36893126,0.341281,0.44157568,0.34164017,0.36312288,0.56201726,0.503194,0.117238194,0.46907687,0.21505284,0.6414895,0.50041044,0.18024863,0.34465992,0.4667457,0.53991544,0.9280142,0.32089737,0.8662205,0.52379143,0.47662115,0.39060393,0.0060957707,-0.064690314,0.1412159
0.0,0.0,0.052674994,0.0,1.0,0.95956886,0.20130056,0.23276526,0.53014284,0.5168324,0.59645677,0.20051678,0.5051252,0.42114988,0.15211609,0.2586552,0.18601325,0.7999928,0.514584,0.37205005,0.27409205,0.67005175,0.44284108,0.9474135,0.26804906,0.7099848,0.2790054,0.6728185,0.44306207,0.02462912,-0.09060954,0.07225468
0.0,0.27678302,0.044472817,0.0,0.86333984,1.0,0.29112622,0.23302272,0.37418503,0.32988304,0.46260417,0.12685227,0.4265437,0.48667708,0.250079,0.44594327,0.4439023,0.7230054,0.47800094,0.30410138,0.271201,0.5269952,0.782593,0.90951467,0.2468827,1.0,0.05102274,0.46841702,0.57713795,-0.09994383,0.048801605,0.05010861
0.13411808,0.23278087,0.15405415,0.022211768,1.0,1.0,0.2954241,0.22266802,0.49282092,0.55927324,0.542668,0.29765147,0.43008643,0.39002717,0.17498891,0.5005922,0.17838117,0.7077359,0.57307345,0.38388297,0.15417564,0.69964844,0.5301929,0.7039013,0.34969202,0.90428203,0.25753406,0.58221453,0.49999315,-0.041775554,-0.02555487,0.17362908
0.0856909,0.0,0.17058372,0.06693513,0.9811797,1.0,0.1632872,0.24923654,0.2817877,0.44481415,0.6726162,0.09916951,0.47188765,0.32421637,0.042230446,0.46109602,0.36609668,0.7078342,0.73771566,0.19003779,0.31018183,0.4813794,0.64948845,0.7713117,0.3149837,0.8715764,0.3639266,0.706475,0.5456251,-0.08238094,-0.053816877,-0.09461307
0.0,0.104300424,0.21731788,0.0818568,1.0,0.9506283,0.17002366,0.3198623,0.47542882,0.33885068,0.5863741,0.16404963,0.395557,0.539799,0.17043693,0.40088743,0.21182014,0.7246929,0.7473692,0.23536634,0.18246667,0.62781334,0.6161358,0.77267504,0.2896822,0.84801066,0.32827437,0.5932228,0.76968765,-0.09906183,-0.12313712,0.07631321
0.009931669,0.08414024,0.03559668,0.0,1.0,1.0,0.14297837,0.036520213,0.40780988,0.4822674,0.650613,0.3613642,0.45778924,0.6247166,0.0,0.49641848,0.15271577,0.7016335,0.48465833,0.22371212,0.3523706,0.74041843,0.79205894,0.7557895,0.5211292,0.9070583,0.19147554,0.6174358,0.62995034,-0.11629075,-0.14255753,0.18792099
0.0,0.0,0.0,0.0,0.9095353,1.0,0.014806941,0.24283561,0.49496105,0.19469199,0.34293067,0.2755663,0.4000999,0.5917986,0.12571427,0.37925076,0.34998167,0.65656614,0.5766549,0.2849483,0.15652084,0.51947707,0.3972984,0.90708244,0.47388083,0.9191522,0.28568238,0.73729753,0.4408846,0.26187432,-0.038379006,-0.10244637
0.0086608045,0.2588074,0.0,0.0,1.0,0.8372246,0.09244002,0.18079132,0.4675203,0.33766752,0.3350823,0.27073622,0.15865421,0.45953962,0.09379763,0.3808733,0.12171613,0.6902642,0.48951334,0.33694977,0.11269231,0.45092827,0.63604033,0.8595127,0.35544446,0.879624,0.27617714,0.6106854,0.63229245,0.12905145,-0.18435705,0.032366432
0.058531426,0.1263395,0.09191269,0.07453884,0.90856564,1.0,0.06808097,0.16863729,0.33232826,0.36293292,0.38944003,0.30632877,0.34077153,0.35817912,0.15739238,0.36639136,0.12547295,0.7777595,0.6430601,0.45128798,0.2577152,0.60331947,0.5208903,0.8400519,0.51722735,0.7391774,0.36572218,0.7943684,0.59144723,0.045914218,-0.037301365,0.034161594
0.0,0.11801792,0.05988679,0.06411798,1.0,0.9179742,0.055044994,0.0,0.4725652,0.20598975,0.36920714,0.44672778,0.33528647,0.48134226,0.033616588,0.38156778,0.4329288,0.58170724,0.52005255,0.43602926,0.15404472,0.5573528,0.53507,0.8749707,0.4195532,0.9081245,0.545847,0.7495316,0.5002552,0.16394421,-0.18570486,0.07041925
0.1126355,0.0024425164,0.114847034,0.2660777,1.0,1.0,0.26265314,0.17775068,0.28474888,0.31422085,0.5198933,0.3610258,0.29289418,0.51973164,0.19533828,0.476523,0.20189609,0.85394245,0.6068192,0.23251684,0.4363203,0.5968714,0.5725161,0.85679555,0.38335466,0.8441559,0.4591924,0.70541114,0.3683032,0.2921795,-0.08879676,0.16270293
0.0,0.16056386,0.15247473,0.0,1.0,0.9622603,0.20372708,0.28686175,0.19311269,0.1404288,0.43341833,0.2599438,0.3691108,0.4431048,0.0,0.45864674,0.25677752,0.7454565,0.52896225,0.19729811,0.3849193,0.46409196,0.4640373,0.6744135,0.35525408,0.9255108,0.21115512,0.66035366,0.43224046,0.20944005,-0.051977657,0.19156182
0.21137188,0.036066465,0.0,0.007099338,0.92071235,1.0,0.11104484,0.2569457,0.32874727,0.19187614,0.44150212,0.24416405,0.42001167,0.43927723,0.0,0.49902552,0.44959295,0.74829537,0.29296538,0.33409524,0.18051249,0.4960435,0.43393573,0.7842262,0.4106174,0.68194485,0.19785152,0.46410412,0.43299147,0.45422596,-0.15185972,0.18040766
0.271941,0.14768244,0.0,0.21654871,1.0,0.8656287,0.109626554,0.06879653,0.276149,0.31044817,0.45064315,0.43393967,0.4528922,0.33966544,0.35069126,0.38715273,0.37045226,0.6193481,0.64740586,0.46816587,0.24229138,0.668516,0.5719172,0.8305199,0.31449568,0.7073925,0.49359596,0.38221294,0.3036531,0.24425349,-0.11845875,0.11561096
0.062222574,0.0,0.20788932,0.16275692,1.0,1.0,0.10003377,0.3207997,0.4179198,0.2662693,0.48878884,0.3021333,0.36350992,0.41077098,0.06285125,0.40609372,0.37122518,0.57833624,0.49953422,0.57861924,0.5410737,0.440332,0.30379778,0.80586845,0.6494281,0.6917164,0.26750207,0.38316566,0.25335672,0.4115307,-0.13076614,0.29227158
0.09220691,0.03221365,0.26135907,0.14030108,1.0,0.961687,0.10781386,0.4783848,0.2111764,0.2869369,0.54439443,0.5155576,0.22381419,0.3994777,0.174664,0.37233412,0.5570422,0.7527608,0.48726025,0.4579252,0.43068826,0.47746435,0.5672139,0.7770223,0.42390555,0.85625625,0.30118728,0.4737653,0.10992328,0.3583346,-0.11005739,0.25124544
0.02990035,0.010938384,0.2841072,0.041322723,1.0,0.9950149,0.21908946,0.1575236,0.4639383,0.21373202,0.23137768,0.3788044,0.29719695,0.12128016,0.27873093,0.39755553,0.48296976,0.75051457,0.5542366,0.48950404,0.4622466,0.51724875,0.4935978,0.83746874,0.4101485,0.74087864,0.29370463,0.5150909,0.117815055,0.27168673,-0.06720802,0.13419768
0.120744005,0.011105709,0.0,0.11293063,0.9004206,1.0,0.3256131,0.27989936,0.26963177,0.33046696,0.2138904,0.4906266,0.29920295,0.30949065,0.26869923,0.17144182,0.3639471,1.0,0.41437033,0.5596714,0.49820217,0.44837505,0.649815,0.89190954,0.17920619,0.77392334,0.28385922,0.3961108,0.25584567,0.35597146,-0.109540686,0.14995761
0.19751406,0.11734021,0.0,0.14040922,1.0,1.0,0.2708601,0.22685745,0.36916634,0.5012279,0.20185241,0.39537498,0.33794773,0.33510423,0.48005378,0.41654247,0.7233915,0.7970503,0.45811507,0.40578765,0.52844155,0.62071335,0.5320696,0.7979499,0.38803896,0.75845504,0.32698786,0.37365377,0.4861992,0.27097726,0.032718793,0.061242804
0.16330013,0.08840149,0.10460125,0.09240446,1.0,1.0,0.34686357,0.35671782,0.4722113,0.23863623,0.4503932,0.39272773,0.39234316,0.35466683,0.4532185,0.20261106,0.5671209,0.76792663,0.46363783,0.6706385,0.72209346,0.6320067,0.27698722,0.8648404,0.3382567,0.73530906,0.22755463,0.2731922,0.39305842,0.38082743,-0.010435488,-0.08816928
0.083540134,0.12600344,0.098268524,0.21320316,0.92815435,0.8809619,0.25074422,0.42839256,0.33765125,0.41884518,0.38644996,0.37980694,0.34836894,0.57609314,0.66622186,0.35532162,0.86257726,0.63191247,0.5994638,0.6679042,0.63929415,0.6345401,0.38905832,0.7816831,0.2396071,0.9618484,0.08995159,0.29011464,0.4192083,0.28483644,-0.06398543,0.06545258
0.2968497,0.22786796,0.33678335,0.05741722,1.0,1.0,0.26219553,0.24265137,0.4751789,0.24955186,0.35032085,0.4306019,0.4378866,0.6363635,0.44074422,0.3051645,0.74093217,0.69715,0.5229752,0.6351846,0.80636007,0.4712395,0.6445563,0.8767691,0.41872495,0.8997164,0.2996677,0.27095175,0.15551664,0.311771,-0.14903346,0.012650987
0.26516944,0.3119678,0.20181897,0.33842227,1.0,0.79059416,0.23715693,0.21299192,0.3004416,0.31971884,0.19045284,0.5004685,0.5770705,0.41942394,0.59909344,0.26869,0.69323206,0.6373204,0.7077797,0.9649174,0.68275505,0.5464865,0.5175966,0.87214077,0.31225598,0.7740477,0.26688054,0.37348768,0.19632782,0.25335407,-0.08733598,0.011519588
0.3751188,0.35737464,0.38066047,0.36537343,1.0,1.0,0.56786025,0.28285334,0.350683,0.49332234,0.23543632,0.48852345,0.41539106,0.5370149,0.77302885,0.33192247,0.8541063,0.67611146,0.6304944,0.77763116,0.67678094,0.53299344,0.5502418,0.7628749,0.39378586,0.94016325,0.30831328,0.20002894,0.20785743,0.18072194,0.08672859,-0.1195573
0.35579276,0.37690797,0.6058656,0.5669681,1.0,1.0,0.33926702,0.09035112,0.46820158,0.28880593,0.22215031,0.48745045,0.35392997,0.3638025,0.70912164,0.39082417,0.8261984,0.8352593,0.6147581,0.86392814,0.80897725,0.3081692,0.30804017,0.8184469,0.26270124,1.0,0.31743863,0.18983161,0.24047112,0.17747213,0.09527812,-0.003959953
0.3493534,0.4270697,0.6735593,0.5529408,1.0,1.0,0.2630752,0.11675855,0.3700364,0.4296176,0.30807143,0.51645964,0.34892473,0.36562955,0.7191218,0.32867384,0.8667629,0.5829633,0.41675073,1.0,1.0,0.58238935,0.5292119,0.8029344,0.18521596,0.85936654,0.45629805,0.0112582,0.26433465,0.12970528,0.032515533,-0.011725584
0.3295832,0.4584829,0.5410001,0.5612603,1.0,0.9437328,0.32514936,0.17759131,0.36150226,0.4617503,0.13921186,0.4961243,0.32041213,0.25185353,1.0,0.40574187,0.91774,0.674695,0.42539257,0.6615273,1.0,0.425565,0.38895273,0.7233071,0.33580482,0.7309576,0.3400015,0.0,0.2453366,0.2877164,0.00013656542,0.031793047
0.33060035,0.3646693,0.63985,0.7183765,1.0,0.9484891,0.4002876,0.20802219,0.38183624,0.45263833,0.0,0.5149406,0.4022227,0.15659696,0.80510026,0.35286334,1.0,0.80560863,0.3197502,1.0,0.9465576,0.34965613,0.14236598,0.845567,0.32729965,0.6563264,0.42667222,0.0,0.44336572,0.19179603,0.14297141,-0.016031912
0.26254734,0.240981,0.6160587,0.56225324,1.0,1.0,0.09486212,0.2179806,0.47058275,0.34980395,0.28023958,0.57152545,0.18021482,0.15024868,1.0,0.15825877,1.0,0.6527326,0.2677606,1.0,1.0,0.46080226,0.35228288,0.68372285,0.37765637,0.63324434,0.2791744,0.0,0.35388082,0.24218893,-0.03503077,0.03035567
0.29627612,0.31760547,0.6802569,0.5917008,0.9638211,0.87327826,0.26314366,0.2170868,0.36241543,0.33541155,0.28048632,0.40400785,0.19111264,0.009024516,0.787566,0.03403239,1.0,0.60771674,0.27381578,1.0,1.0,0.29350376,0.20420513,0.5696817,0.22297585,0.6788504,0.64677954,0.24842173,0.40316367,0.26815432,-0.05368964,0.07358949
0.37332317,0.49643117,0.5888731,0.5456661,1.0,1.0,0.45483127,0.3959884,0.26856923,0.38618234,0.42053622,0.27611148,0.2110092,0.085652925,0.8049539,0.3320832,0.9504567,0.563964,0.21972778,1.0,0.93293786,0.26114193,0.3789421,0.50391537,0.50829744,0.56740177,0.49460548,0.17069606,0.3812393,0.32540202,0.14590612,-0.039071232
0.5197941,0.53259516,0.75029683,0.6776097,1.0,1.0,0.38304925,0.28805092,0.41401365,0.25575384,0.2866999,0.18901633,0.0,0.0,0.8623357,0.2818231,1.0,0.60791504,0.30465394,0.7955207,0.91008466,0.38314778,0.28268215,0.6029579,0.43977025,0.5865791,0.5666491,0.22459316,0.4445069,0.31755936,0.020018635,0.17583771
0.34638304,0.5634486,0.5903882,0.8968253,0.95987654,1.0,0.3601506,0.29392165,0.382038,0.20537561,0.5419754,0.27344707,0.22177775,0.02506869,0.8562936,0.38671473,0.8057562,0.66809064,0.39147857,0.8444748,0.7451371,0.12502298,0.36167812,0.5818182,0.381764,0.6451539,0.7109282,0.15752295,0.20774761,0.27228624,0.15552425,0.13430326
0.3212169,0.36716715,0.7616282,0.8176946,1.0,1.0,0.30359906,0.31632125,0.32047772,0.40964407,0.43868738,0.4880454,0.22589089,0.012203924,0.7132705,0.43982124,0.8171852,0.7459822,0.37534994,0.7520361,0.6556997,0.40008733,0.44848657,0.7122595,0.4734603,0.50610006,0.36324054,0.0,0.08264069,0.16853519,0.07920982,0.23166627
0.27898592,0.19273956,0.52882516,0.63269293,0.9709244,1.0,0.19254032,0.22691628,0.36403358,0.3764676,0.40492225,0.31502628,0.20732915,0.28972247,0.4285115,0.32317892,0.6942359,0.8189842,0.43273714,0.7748596,0.7790395,0.3184778,0.53927416,0.84214437,0.4311623,0.5902592,0.33132827,0.0,0.03290192,0.23347129,0.23409599,0.15271619
0.22755367,0.2311552,0.24982032,0.048027843,1.0,1.0,0.20871904,0.32846066,0.49406582,0.41478318,0.44094184,0.3305814,0.32801807,0.3025301,0.58166796,0.4204078,0.5302927,0.7850178,0.3549527,0.7701487,0.69684935,0.2921391,0.42795405,0.8941964,0.2759012,0.77404,0.26222494,0.0664447,0.0,0.29972368,0.0514802,0.18311691
0.06140873,0.14467426,0.0,0.014070876,1.0,0.9671929,0.0696782,0.26491264,0.5805841,0.4490182,0.3924017,0.43287987,0.4289413,0.48505288,0.666821,0.31019828,0.7692524,0.7928144,0.53359103,0.58096534,0.73196167,0.28800088,0.5545592,0.64316833,0.48834884,0.90898377,0.38283178,0.04575815,0.13919997,0.15391015,0.20893313,0.075335056
0.319913,0.06046992,0.20017856,0.20543736,1.0,1.0,0.1407823,0.30643243,0.37218106,0.3333689,0.41115358,0.28898293,0.44960937,0.4083746,0.59909755,0.30950025,0.6953286,0.8062785,0.31456164,0.51344746,0.76473004,0.4782669,0.43597367,0.9274956,0.17244387,0.6165205,0.5308714,0.056949995,0.2219114,0.18195066,0.14268388,0.07892928
0.07544291,0.09587352,0.22303194,0.17830412,1.0,1.0,0.2892905,0.092003405,0.39731428,0.62562746,0.48342395,0.24962917,0.22774944,0.49131292,0.5196338,0.3292644,0.8067134,0.67692345,0.44499287,0.5454884,0.55328375,0.4171199,0.50891495,0.7415255,0.22028403,0.7453054,0.33007833,0.06767173,0.24792689,0.07991861,-0.05654908,-0.028871927
0.011199463,0.16764966,0.19899121,0.08166101,0.9629692,0.84279376,0.10306686,0.21741064,0.4136108,0.37327868,0.33211434,0.22714859,0.39791134,0.19542347,0.44654754,0.5533968,0.7993109,0.6502726,0.45145217,0.39776525,0.6998353,0.45571122,0.35375828,1.0,0.14278841,0.7882066,0.32437515,0.0022796318,0.42917275,-0.04675868,0.0370478,-0.11112394
0.011064582,0.0,0.059454884,0.17689472,1.0,1.0,0.30335036,0.0060898215,0.38735625,0.60277116,0.32035935,0.3417516,0.47303668,0.45491323,0.42117813,0.4552953,0.604208,0.61570656,0.48123932,0.7454536,0.6839166,0.36263025,0.63135815,0.96826947,0.15490003,0.832502,0.26059213,0.03161932,0.4727651,0.12686145,0.17411533,-0.0442945
0.113981046,0.17048477,0.1342308,0.0,1.0,0.9906599,0.18684271,0.21918069,0.43954146,0.5711657,0.3024524,0.22138062,0.5188452,0.46210238,0.3954654,0.328973,0.5045946,0.6824277,0.42590353,0.66782355,0.5354974,0.76914227,0.5274301,0.8953267,0.15060408,0.9092633,0.22899792,0.11143437,0.32974786,0.034408968,0.14223978,-0.015752397
0.08050375,0.102662355,0.0,0.0,0.96410805,1.0,0.22446871,0.049027488,0.45174724,0.3935548,0.34617352,0.2671746,0.57977986,0.48468414,0.31684858,0.48036844,0.5516937,0.8215972,0.56485695,0.44166502,0.67072815,0.5618217,0.48530385,1.0,0.3300154,0.8899206,0.35273823,0.2092323,0.44038644,0.029379806,-0.043357894,-0.02809102
0.15523219,0.0,0.0,0.12883827,0.8231112,0.8453422,0.0,0.40806603,0.36364242,0.4393561,0.68830705,0.3410022,0.5557418,0.70143104,0.37437138,0.3504489,0.460971,0.69641125,0.6140387,0.5877774,0.5579343,0.6136932,0.5969743,0.67681664,0.43632832,0.86803883,0.30030677,0.34160122,0.5029687,-0.08397136,0.096075654,-0.029050568
0.10047114,0.01653469,0.16323441,0.21446605,1.0,0.98695886,0.17558953,0.1167802,0.4764625,0.48721942,0.57375824,0.3028509,0.60166895,0.5210134,0.24746287,0.439359,0.48306036,0.7193575,0.51683694,0.46022478,0.524395,0.27988297,0.6049007,0.7788027,0.19044998,0.74952716,0.294723,0.17260082,0.52707905,0.060272764,-0.034239113,0.065460786
0.038034037,0.060803745,0.09864819,0.19300523,1.0,1.0,0.15866098,0.10107963,0.43448564,0.2992783,0.38983977,0.37578523,0.55976987,0.55144024,0.52392226,0.30905882,0.49292943,0.782312,0.5212583,0.2472474,0.76502436,0.4852688,0.4795814,0.95492005,0.26962456,0.9298405,0.2731406,0.26556146,0.35859007,-0.11779706,0.16453998,-0.01974826
0.0,0.0,0.16825283,0.0,0.9995385,0.85205865,0.2139232,0.08627193,0.4693951,0.31657827,0.3996967,0.32509455,0.6264787,0.6342609,0.25077927,0.22735481,0.44632906,0.77944475,0.4814749,0.44803497,0.47718433,0.66799784,0.5731219,0.96682495,0.13539003,0.84139067,0.39260417,0.1671021,0.3255484,0.059390422,-0.023500577,-0.16727005
0.06878413,0.0,0.05912156,0.06344406,1.0,1.0,0.27192342,0.2524292,0.51160884,0.41480675,0.24414608,0.56377584,0.58143044,0.77064663,0.23426227,0.4484737,0.36126536,0.7267752,0.5462308,0.36327642,0.47461966,0.5301929,0.54102355,0.8846302,0.23728321,0.99187374,0.3214451,0.16852963,0.6062257,0.12867996,-0.01912292,-0.053678088
0.1047592,0.0,0.030733772,0.0,0.9550753,0.99538374,0.25254858,0.45567226,0.37895793,0.32206747,0.29860333,0.47106364,0.60955393,0.7788151,0.2441118,0.303278,0.2805481,0.774825,0.64744467,0.6478057,0.3282776,0.6134673,0.63633066,0.9353439,0.31368607,1.0,0.3469455,0.3009187,0.60586,0.11686607,0.22947082,-0.115978345
0.0,0.033359364,0.0,0.2327153,1.0,0.98413336,0.31106454,0.20357168,0.51988155,0.22262499,0.33431792,0.3912621,0.56005996,0.5419167,0.29618627,0.38024947,0.20767055,0.7370946,0.724306,0.34848353,0.27264374,0.4047611,0.47345936,0.8536981,0.114297435,0.929566,0.23783801,0.29135174,0.4133868,0.07283418,0.058970235,-0.028147943
0.0,0.12897785,0.06747915,0.0,0.94232965,0.92871135,0.2717629,0.10608073,0.42087963,0.30103564,0.36827198,0.4297536,0.74125594,0.59911084,0.0,0.40142938,0.41687322,0.74408126,0.55335623,0.3284378,0.28521493,0.5991007,0.64698315,0.91573924,0.31424406,0.97847086,0.23712346,0.17900804,0.3358487,0.15727346,0.008013042,0.07426015
0.08756335,0.011308797,0.15415253,0.01864962,1.0,1.0,0.120315135,0.14253616,0.3099493,0.48796862,0.31835273,0.2960859,0.70417595,0.7640203,0.05657328,0.27162623,0.35353652,0.8403904,0.5640338,0.20044011,0.33922458,0.72806,0.5144421,0.8592549,0.24288738,0.9725972,0.24926156,0.29714915,0.4133761,0.18683699,0.15724629,0.009984265
0.0131768985,0.0,0.0,0.0,1.0,0.99203503,0.0,0.21806672,0.39751825,0.44259694,0.31354162,0.31028122,0.6886253,0.805858,0.1654004,0.40194196,0.27314806,0.73006356,0.46857226,0.13865216,0.3586957,0.49945986,0.6467458,0.68810415,0.38852364,0.8481879,0.21722937,0.35297966,0.43400934,0.17280743,-0.0199878,-0.1293039
0.007831075,0.13892677,0.35855722,0.14060453,0.8527516,1.0,0.19097492,0.40943733,0.2597462,0.36886525,0.26744634,0.28143886,0.5549843,0.5367187,0.03114339,0.31881917,0.35299233,0.65197176,0.4437279,0.22647241,0.3655591,0.3322028,0.4753468,0.93253374,0.1438438,0.96013725,0.26570696,0.32572818,0.43983108,0.34197378,0.15503904,-0.09483335
0.0,0.0,0.20414683,0.09172161,0.9656463,1.0,0.27281895,0.5008213,0.34990275,0.577662,0.4650595,0.28450504,0.59678394,0.3580876,0.30774587,0.3664746,0.33523667,0.8045077,0.3560777,0.41180086,0.5317478,0.5703236,0.56648326,0.9265953,0.30685794,0.948323,0.10277675,0.35713077,0.42297322,0.039126307,-0.010836486,0.043250263
0.2690314,0.17365088,0.0870857,0.023822859,0.94574606,1.0,0.025692388,0.3323463,0.47105765,0.58796966,0.5455757,0.19831528,0.5128921,0.5130291,0.3716224,0.3396044,0.5976253,0.67462385,0.6020776,0.3347771,0.4670636,0.5104402,0.5148184,0.9222813,0.3361988,0.93453354,0.282977,0.29849413,0.3699926,0.19075863,0.0384681,0.07487859
0.09970099,0.14942126,0.0,0.082405165,0.9007008,0.8472847,0.15745905,0.19227846,0.48637435,0.42257524,0.5462266,0.18077034,0.528882,0.44598383,0.39059597,0.32580587,0.53212017,0.85395473,0.3061056,0.39879477,0.63502264,0.4941885,0.6624017,0.9382533,0.36627808,0.84383464,0.37407172,0.27784783,0.17156836,0.060582556,0.03731545,0.16266353
0.0038172156,0.08740219,0.13464804,0.18047239,1.0,1.0,0.23971462,0.10194062,0.67079574,0.5026333,0.47546414,0.18053588,0.4898738,0.36834717,0.39883918,0.47432306,0.63071954,0.8575427,0.47366035,0.600556,0.6070227,0.49126115,0.56140065,0.72447884,0.4079886,0.7764187,0.30396286,0.20929971,0.10429537,0.18594421,0.113007665,0.09339896
0.07666969,0.21515076,0.02350156,0.33727878,1.0,1.0,0.3728584,0.3418455,0.60955685,0.45655608,0.38412678,0.3685063,0.40114024,0.3255155,0.47828913,0.33068952,0.56787604,0.62410474,0.6006669,0.727268,0.72737306,0.55493665,0.61193097,0.8936629,0.38381937,0.7549379,0.4963882,0.30150598,0.3014241,0.043148547,0.09236639,0.15505147
0.23122361,0.004353121,0.38209283,0.24083117,1.0,1.0,0.37170732,0.117571145,0.42748496,0.5038898,0.40010905,0.4029738,0.36006188,0.1700905,0.5656998,0.28139132,0.58089423,0.778982,0.3475208,0.85169256,0.58568335,0.44713652,0.7975129,0.86378807,0.43019798,0.8112712,0.2431116,0.416893,0.38472065,-0.087395,0.11354287,0.23687714
0.3347802,0.15671332,0.35985476,0.3207085,0.9170706,1.0,0.12306649,0.2106056,0.58129036,0.4705191,0.2578088,0.20462026,0.24125606,0.32194245,0.652546,0.5860816,0.5799233,0.7613488,0.41268915,0.89840996,0.7928164,0.44409677,0.58308905,0.77197206,0.36081913,0.65550816,0.43050846,0.37771738,0.5731123,-0.003513801,0.12310767,0.0769739
0.13451958,0.15329859,0.2448916,0.5082146,0.88592064,1.0,0.23890108,0.022195458,0.5066406,0.3380068,0.37223428,0.4834867,0.16228431,0.2474453,0.8534051,0.4921893,0.8141352,0.96913695,0.6053405,0.54899293,0.9264326,0.48922113,0.5576665,0.8307831,0.48214936,0.61886704,0.4759297,0.17673732,0.6909147,-0.042964816,-0.24162826,-0.0897702
0.14183086,0.19346033,0.41785538,0.42657846,0.8192757,1.0,0.0,0.36230248,0.356875,0.44930065,0.3280627,0.43072122,0.22904122,0.11842291,0.7110912,0.5345282,0.7200316,0.76392466,0.33088812,0.79282594,0.99217796,0.50032794,0.32944864,0.56600547,0.42642227,0.51248163,0.48441347,0.412538,0.91826135,-0.11834456,0.18315142,0.056255117
0.2144904,0.24449937,0.46585688,0.42743635,1.0,0.88854206,0.15038118,0.10277745,0.39927572,0.53995323,0.37042716,0.39333725,0.0,0.017190441,0.7278313,0.19149786,0.7465585,0.7445557,0.6855823,0.8450116,0.80611384,0.47943053,0.48805922,0.64140624,0.5185725,0.5542748,0.4902486,0.32816097,0.5377108,-0.051455885,-0.13033606,-0.092976496
0.33275253,0.1348945,0.44818175,0.4825993,0.99803394,0.9820381,0.24275503,0.32801497,0.47306275,0.5923312,0.035642266,0.31450987,0.20221695,0.0,0.80754566,0.39914665,0.7117821,0.8946141,0.49774548,0.6655326,0.7633241,0.69822764,0.50013673,0.6325442,0.5631657,0.44953132,0.6003846,0.44363528,0.5893457,-0.015412498,-0.131356,-0.077542454
0.24180973,0.3438645,0.34811598,0.26915655,0.9587071,1.0,0.163214,0.30216652,0.43011487,0.7892461,0.27589083,0.52746564,0.0,0.0,0.5013672,0.52372223,0.7735819,0.7142196,0.6191086,0.62778133,0.8161621,0.54765606,0.4584593,0.6922714,0.58931756,0.6286831,0.559222,0.21822771,0.7211072,-0.18538988,-0.1063336,-0.04587261
0.08524375,0.18310738,0.2650447,0.25492564,1.0,1.0,0.42123702,0.20540053,0.74437463,0.5263512,0.32551527,0.4107143,0.037493564,0.012045134,0.55489945,0.51043516,0.6257602,0.76295084,0.36436498,0.6022719,0.7782903,0.5789971,0.6662404,0.52482396,0.6265959,0.41976967,0.5360537,0.20897639,0.6212689,-0.16795403,-0.08001177,-0.25057107
0.0,0.0,0.1862413,0.12734102,1.0,1.0,0.33517134,0.24401826,0.5166894,0.62743294,0.46699727,0.49673572,0.0,0.0,0.66576236,0.5546889,0.612561,0.91369647,0.4749447,0.7106009,0.7632064,0.6525956,0.5199579,0.43682402,0.6472827,0.5406934,0.5292471,0.15930337,0.6461103,-0.26189974,-0.1476788,-0.11804463
0.0,0.088911384,0.13281125,0.075894564,0.89191294,0.97272474,0.2755299,0.025564015,0.6503756,0.69538033,0.3549789,0.41193104,0.015960168,0.0,0.6176514,0.29597858,0.66993654,0.79313856,0.48341376,0.7643181,0.57171535,0.32616806,0.46532503,0.63918674,0.40214774,0.43457198,0.47190258,0.28763655,0.73695964,-0.19987099,-0.16055383,-0.11653807
0.0,0.0,0.00876111,0.038466074,1.0,0.859727,0.16907445,0.35208988,0.652444,0.39228594,0.22531578,0.37126264,0.10304191,0.10213496,0.52871996,0.3669052,0.5444219,0.78429306,0.5174463,0.71900386,0.7173371,0.6766056,0.5380423,0.50462466,0.5459012,0.6293806,0.31482655,0.20207602,0.64452404,-0.4025858,-0.053493965,-0.1890639
0.0,0.12933129,0.0,0.04409357,0.95319694,1.0,0.2471584,0.3180137,0.6351892,0.53654957,0.15395322,0.29338557,0.22388801,0.025753818,0.5692672,0.553284,0.6109467,0.73718846,0.58153075,0.5577759,0.76889145,0.45394254,0.29278004,0.71920645,0.44490817,0.6723853,0.5039066,0.137539,0.65048325,-0.3406498,-0.115171,-0.17267257
0.034545466,0.0553953,0.0,0.011593888,1.0,0.9785345,0.1980102,0.269979,0.6294376,0.613574,0.3697601,0.44847846,0.043968678,0.21840261,0.32427287,0.35490972,0.50331974,0.9024894,0.496084,0.46934664,0.6197895,0.39115596,0.46979746,0.80718315,0.56979775,0.75726354,0.54445523,0.35165602,0.6994576,-0.3330379,-0.16931555,-0.17004186
0.057616394,0.24375433,0.11226615,0.0,1.0,1.0,0.18157223,0.14028817,0.52478224,0.45322144,0.43551797,0.29201287,0.33013168,0.18045016,0.22563617,0.4061545,0.6766215,0.98028517,0.5738912,0.5049908,0.6213782,0.4983741,0.4793035,0.662764,0.3893627,0.80672026,0.50586617,0.24393702,0.583392,-0.45039055,-0.1394234,-0.1863429
0.0,0.028477736,0.0,0.0,0.93831384,1.0,0.08535157,0.16814628,0.45600027,0.6436874,0.38001636,0.34966847,0.3885406,0.3997513,0.3841735,0.44663465,0.45247325,0.8239699,0.50605565,0.3991297,0.5375817,0.4953486,0.5750218,0.65752417,0.28881028,0.69599026,0.28219327,0.1404711,0.48873073,-0.49306256,0.10658024,-0.17290735
0.0,0.0,0.0,0.0,1.0,1.0,0.19479647,0.012481868,0.624573,0.52203476,0.27921715,0.4896701,0.7040423,0.32881328,0.22959106,0.29511005,0.4160637,0.8181342,0.49435195,0.6236193,0.31463817,0.3886673,0.6707065,0.80270034,0.44637018,0.87957674,0.3387675,0.26343167,0.51901555,-0.29707012,0.059871245,-0.07492904
0.0,0.0,0.0,0.0,1.0,0.90415347,0.27170113,0.19911277,0.6785737,0.34651357,0.2730895,0.43011427,0.4363995,0.45083395,0.15448211,0.5495512,0.36282972,0.8787789,0.30139083,0.28091484,0.41483468,0.39897978,0.6559807,0.8541536,0.302046,0.88580805,0.32816336,0.19636251,0.36975488,-0.2974319,-0.06943431,-0.101822704
0.15271679,0.0,0.0,0.12596035,0.8701085,1.0,0.36937428,0.32126316,0.44637072,0.42155096,0.18493688,0.4372098,0.41343737,0.3847301,0.28686795,0.5428131,0.30731174,0.9625481,0.381419,0.27512366,0.505229,0.6437764,0.4161686,0.7940428,0.42216432,1.0,0.23398906,0.2705766,0.4879097,-0.45048624,-0.077159226,0.03411773
0.02673422,0.34232163,0.012056798,0.0,1.0,1.0,0.06070909,0.2548301,0.4757563,0.5349365,0.29404074,0.5467428,0.5128139,0.47871134,0.21628323,0.25419593,0.29343647,0.80185485,0.5142915,0.5305605,0.3763707,0.4620283,0.64594173,0.9369438,0.22677279,0.8533723,0.5115014,0.29786018,0.70167065,-0.474118,0.05408176,0.0446762
0.14034197,0.11083285,0.04177628,0.043283727,1.0,1.0,0.016636059,0.11712966,0.59895605,0.21753982,0.1936472,0.53905886,0.44906786,0.28822517,0.0,0.49666932,0.34742275,0.87881947,0.61957705,0.45966753,0.28041637,0.4783125,0.5222768,0.89651525,0.3275871,0.7856757,0.29607543,0.2449187,0.5333937,-0.5700613,-0.027024921,0.083972484
0.0,0.14818141,0.0,0.064744435,0.9033188,0.7422488,0.22594823,0.163429,0.43351078,0.51920474,0.396258,0.48501948,0.46304056,0.4882794,0.018765926,0.7381872,0.31174117,0.56187284,0.40794814,0.2871798,0.39136836,0.47448206,0.5693085,0.9072871,0.28522632,0.9447325,0.21031053,0.38696778,0.5636145,-0.41621035,0.024049344,0.28862798
0.0,0.14687777,0.004042728,0.16660571,1.0,1.0,0.23628816,0.37515882,0.63074875,0.48786038,0.45644116,0.31568742,0.45684046,0.3861091,0.060583062,0.6543563,0.32462287,0.94297105,0.4968565,0.31710997,0.26377764,0.4724825,0.42281514,0.8310167,0.37086,0.9255848,0.25189975,0.41961718,0.35446534,-0.508035,-0.07158692,-0.019885004
0.15176725,0.10119505,0.0,0.20214695,0.96491796,0.982365,0.14786491,0.16985326,0.6354985,0.70783406,0.46032548,0.29313836,0.263712,0.43907297,0.026884183,0.43964192,0.42702368,0.75147814,0.5053839,0.35922533,0.35836768,0.38873804,0.5872071,0.91487104,0.4432748,0.93905985,0.23633185,0.32999176,0.6364517,-0.4155157,-0.013614211,0.11341074
0.0,0.0,0.100339755,0.013065331,0.94417554,1.0,0.3616646,0.2854446,0.33548316,0.6179211,0.45742968,0.24219409,0.38652858,0.4219675,0.29469308,0.46961707,0.37186095,0.86465955,0.67586976,0.40544003,0.50976586,0.6376711,0.5234999,0.80431145,0.24025455,0.8241869,0.40952685,0.23167962,0.56830895,-0.46529907,-0.13937278,0.13469146
0.10691194,0.0,0.0,0.02219489,0.77352333,0.8480208,0.2645802,0.07933395,0.42530155,0.5807735,0.4531382,0.37446326,0.30045712,0.38412833,0.29396844,0.3686656,0.43266782,0.7848914,0.4568683,0.49126855,0.5464926,0.49186602,0.62330526,0.82036674,0.5227308,0.5476724,0.13032775,0.5002335,0.4636137,-0.45063046,-0.07568916,-0.001116097
0.0,0.22881135,0.04575362,0.082110174,0.92593515,1.0,0.3066476,0.27565902,0.37801284,0.58084977,0.403506,0.19614115,0.43305036,0.26824218,0.18026459,0.56100047,0.5893166,1.0,0.59016716,0.5299368,0.5227706,0.5828735,0.43775856,0.75488687,0.51015246,0.8530737,0.41988528,0.3014296,0.41326094,-0.53475183,-0.23652665,-0.057473652
0.006232165,0.22846568,0.103424974,0.11547713,0.956454,1.0,0.21837611,0.37307554,0.53503114,0.66281044,0.50219196,0.20099732,0.15115334,0.23039035,0.44148603,0.42678356,0.63938594,0.7993445,0.3913877,0.40436274,0.7055124,0.5995573,0.58835006,0.77160877,0.38301095,0.71022284,0.418493,0.19932777,0.63031846,-0.4708315,0.003274627,0.15131857
0.18730715,0.25619,0.052501008,0.12757637,0.965173,1.0,0.3330011,0.23754118,0.3670013,0.59262717,0.5096397,0.11453069,0.32290792,0.015441954,0.42980343,0.43914527,0.7436399,1.0,0.39633423,0.6556324,0.80498815,0.3405239,0.35627243,0.6944641,0.50924814,0.56514037,0.48548213,0.16771363,0.62439656,-0.34066013,-0.2148467,0.19225329
0.42667502,0.113565594,0.23301986,0.14621836,1.0,0.9709177,0.19072036,0.27969536,0.54009086,0.665261,0.32795107,0.1625661,0.21862984,0.10789935,0.6429925,0.37961325,0.84164065,0.97204214,0.48497802,0.9241969,0.7613374,0.35271862,0.45783165,0.5869387,0.6906932,0.60634327,0.5520142,0.0,0.49089855,-0.60608053,-0.09280071,-0.08463703
0.14031261,0.2468827,0.39366898,0.3597337,1.0,1.0,0.33017823,0.19869693,0.5289245,0.68562293,0.19892876,0.33967537,0.39115316,0.13348557,0.6977004,0.43558812,0.91345537,0.7099423,0.2722343,0.770231,1.0,0.29862303,0.42123687,0.7091633,0.52330106,0.4708798,0.34957793,0.0,0.54055536,-0.479514,-0.06922086,0.05153396
0.17382613,0.31970775,0.26621637,0.55032885,1.0,1.0,0.26531217,0.27711684,0.7087817,0.6472217,0.27113888,0.4298756,0.13125177,0.07743031,0.6275734,0.2369268,1.0,0.943749,0.26992378,0.68159,1.0,0.32285804,0.59315044,0.7457724,0.35499504,0.69660676,0.3114336,0.0,0.4677394,-0.4926616,-0.27966166,0.07832471
0.14453082,0.26959968,0.3263007,0.33441582,0.92762935,0.86807686,0.3828733,0.23149477,0.36789608,0.5841939,0.38861942,0.57266945,0.02702859,0.24369612,0.7981202,0.39446416,0.8612859,0.6626021,0.38958138,1.0,0.79326737,0.47599024,0.24386165,0.5110963,0.47556138,0.6986563,0.34142235,0.030562036,0.56180114,-0.5774012,-0.10753023,-0.12982428
0.14465776,0.09021321,0.4266238,0.20179123,1.0,1.0,0.029382616,0.33155283,0.61914796,0.6598946,0.2727901,0.63243264,0.14460242,0.27345014,0.91851246,0.4484784,0.92549694,0.66740125,0.47389093,0.8057165,1.0,0.39924303,0.38325316,0.67829216,0.41493815,0.6072097,0.51384896,0.17036527,0.6297863,-0.6703307,-0.27714738,-0.22095135
0.16268517,0.21905385,0.16191185,0.27906185,0.92500657,0.99876434,0.14896521,0.39351773,0.6278464,0.58840406,0.21875043,0.66958797,0.0905239,0.012534179,0.630992,0.29476216,0.9187287,0.65791994,0.34410894,0.94300175,1.0,0.4376381,0.43271476,0.7409403,0.39491507,0.70933735,0.33014524,0.18981272,0.6418324,-0.38985205,-0.061982192,-0.05005092
0.16857985,0.39323485,0.36204824,0.36500746,0.99837685,1.0,0.06908168,0.31897518,0.58225656,0.53772604,0.283296,0.38392496,0.16606806,0.0,0.7463337,0.3857979,0.9235496,0.7334298,0.50255126,0.98842275,0.8507495,0.5259401,0.2620463,0.6004164,0.49214575,0.4898084,0.27655366,0.12228663,0.33291358,-0.51152873,-0.07116798,-0.13343072
0.24290197,0.3072744,0.2824263,0.5231856,1.0,0.94706327,0.07671892,0.32750478,0.6408945,0.5788372,0.3043815,0.2706937,0.18524294,0.27379912,0.766428,0.3580134,1.0,0.7096215,0.42480668,0.9242083,0.8153946,0.49273318,0.40271634,0.5911373,0.568361,0.5653266,0.46225974,0.16595358,0.26533478,-0.37711805,-0.107090116,-0.10274379
0.28591186,0.3286633,0.43245384,0.566883,1.0,1.0,0.13591087,0.29003602,0.3391134,0.7291131,0.38422236,0.28793478,0.1820096,0.19274892,0.649765,0.3575533,0.6659846,0.8054131,0.4916911,0.88751507,0.74237835,0.436271,0.24265109,0.70565724,0.33384678,0.76490843,0.4125058,0.18289313,0.38585317,-0.41157195,-0.05310602,0.112830974
0.33597028,0.25415802,0.39345473,0.29181665,0.95600677,0.8677128,0.27019274,0.25647315,0.4600979,0.52171534,0.2514743,0.298704,0.2859555,0.36010987,0.4868792,0.31911668,0.5963769,0.65866196,0.40609184,0.8418542,0.75933796,0.49040353,0.55063176,0.668901,0.43728977,0.8390224,0.40826562,0.077946804,0.23507756,-0.46939695,0.07278568,0.07466493
0.10519513,0.21906118,0.22270797,0.09630413,1.0,0.9931727,0.2199002,0.1113601,0.5587992,0.65313965,0.47674197,0.5888101,0.45938545,0.19909433,0.6088861,0.41728702,0.71966064,0.803528,0.49726817,0.72922176,0.58031374,0.49585742,0.4484614,0.8047058,0.24906091,0.9528224,0.22598608,0.02364184,0.35358748,-0.32166094,-0.09750469,0.11483932
0.01594106,0.0,0.04806431,0.0,1.0,1.0,0.48336327,0.09719107,0.67339873,0.5213049,0.22282675,0.6133289,0.37786373,0.29895148,0.44917703,0.48153564,0.50148374,0.9201722,0.334714,0.43611962,0.68166286,0.5474946,0.46846333,0.81880015,0.51457363,0.97757566,0.3441423,0.023718588,0.42436242,-0.47869754,-0.056373093,0.22746338
0.0,0.0,0.0,0.0,0.92969924,1.0,0.2084512,0.13117453,0.5903777,0.634293,0.32213214,0.36709917,0.36638483,0.3268873,0.5404396,0.39298713,0.5424425,0.8011081,0.43807676,0.5655509,0.5488817,0.5037646,0.5831066,0.7829542,0.40458864,0.8474582,0.27193874,0.03602498,0.5425814,-0.35708386,-0.12561096,-0.047790557
0.0,0.019672323,0.0,0.0,0.90043634,0.9686356,0.09309684,0.11557094,0.49599585,0.5229684,0.5289755,0.45445463,0.1874625,0.3217523,0.48651662,0.4838373,0.5998042,0.86489046,0.59437954,0.61528563,0.5935249,0.5766805,0.42827648,0.6476285,0.47695124,0.87964094,0.37715814,0.074154675,0.6758059,-0.39843866,-0.14090684,-0.027690168
0.0,0.15374292,0.022577077,0.041917913,0.92048544,1.0,0.08304119,0.066223115,0.460078,0.37935197,0.45772928,0.27893847,0.22845311,0.09057154,0.501015,0.4543635,0.43553734,0.6895243,0.44365278,0.5651168,0.4199574,0.5081187,0.42345983,0.77944285,0.5533777,0.68339187,0.3622429,0.06151423,0.9397578,-0.31009185,-0.0059214607,-0.11834171
0.056969516,0.0,0.26589033,0.017202292,1.0,0.8851597,0.35274285,0.34663382,0.41442677,0.41531944,0.38521138,0.17123455,0.21331805,0.2619208,0.5106724,0.45184448,0.41096526,0.9354437,0.48995364,0.47801828,0.5615501,0.50727725,0.6220406,0.57707864,0.4050874,0.64685977,0.4944691,0.19852217,1.0,-0.41149122,-0.18363124,-0.12181436
0.022789434,0.12790835,0.22965458,0.31302667,1.0,1.0,0.0,0.17724474,0.5422564,0.46790406,0.42906952,0.45146173,0.1820141,0.24591708,0.46644992,0.5298571,0.48334965,0.7155254,0.4937086,0.33137846,0.54535425,0.51886046,0.47710395,0.7426931,0.38147917,0.7827408,0.37569198,0.20995659,1.0,-0.30346626,-0.10089077,-0.089467056
0.098343834,0.14286609,0.2626645,0.0,1.0,1.0,0.15253226,0.39659518,0.58924437,0.38436472,0.48863995,0.57751924,0.17617917,0.25653848,0.29194948,0.35077626,0.17637782,0.9166043,0.61246246,0.35176122,0.3797748,0.6519975,0.50178313,0.599131,0.28385696,0.6336029,0.33976978,0.32157493,0.9125809,-0.1635452,-0.039552405,-0.3378461
0.0,0.08040832,0.06321053,0.0,1.0,0.96021175,0.025585115,0.12843809,0.26186177,0.40924233,0.37203464,0.5476437,0.24138838,0.3171102,0.28195953,0.42207265,0.27408183,0.7498653,0.5369189,0.3100807,0.24291863,0.67029345,0.5773932,0.7065135,0.30604148,0.86352736,0.5403626,0.19211051,1.0,-0.18079984,-0.15545988,-0.055474937
0.061101228,0.13369545,0.0,0.0,0.83274543,1.0,0.16193877,0.21105826,0.40875548,0.34197628,0.25922057,0.39851376,0.40314132,0.43464428,0.21043555,0.43702865,0.25782096,0.77788156,0.5816197,0.30807495,0.28521404,0.5570695,0.6111268,0.7379582,0.190565,0.71184933,0.31528574,0.22821182,0.7897009,-0.12112619,0.01992403,-0.18219674
0.18470383,0.0,0.009191774,0.0,1.0,1.0,0.25981173,0.21941242,0.20061861,0.38961956,0.3679122,0.36971688,0.35593882,0.5091086,0.17694966,0.5050862,0.4403725,0.662331,0.62896407,0.110614344,0.2776291,0.47584775,0.5741634,0.631191,0.41453534,0.86971456,0.2253024,0.39919162,0.5926957,0.05140321,0.0022156835,-0.33251673
0.09485614,0.031592883,0.13436261,0.051347505,0.9141277,0.91386193,0.24477561,0.22084433,0.56936455,0.46521625,0.39364183,0.2760858,0.5680413,0.51161134,0.2757344,0.5320683,0.2935711,0.74352586,0.45535615,0.14893708,0.23640192,0.41139555,0.4846944,0.9021727,0.292653,0.92559683,0.23828912,0.25481188,0.5811554,-0.079639986,0.19236532,-0.09192151
0.0,0.09649964,0.0,0.16897097,1.0,0.9968158,0.29619047,0.2858062,0.269763,0.4304198,0.65541935,0.16443537,0.48562497,0.5331061,0.22694448,0.259404,0.27247876,0.7410806,0.6455474,0.22037372,0.29736003,0.6657979,0.5348727,0.65656763,0.21069759,0.8759121,0.19129738,0.3758533,0.14429906,-0.014585052,-0.08733691,-0.03578316
0.0,0.12194544,0.06994432,0.053000584,0.8454112,0.91297764,0.26536897,0.24502204,0.40366086,0.3300991,0.476114,0.23985165,0.54603946,0.5605203,0.0791515,0.47548828,0.16055079,0.7100412,0.5678046,0.33192548,0.12349343,0.5295542,0.6639654,0.98460096,0.2189503,0.99397004,0.289342,0.20131436,0.25216675,-0.053525075,-0.06861359,0.11523232
0.11865104,0.0,0.011136306,0.07983506,1.0,1.0,0.37717742,0.24033508,0.1613693,0.19286413,0.5441565,0.2349225,0.58017385,0.68954366,0.0,0.52674645,0.22373481,0.7771389,0.5333848,0.093969315,0.22337429,0.65114,0.47759956,1.0,0.24575992,0.98955464,0.0,0.39334434,0.36141896,0.10516217,0.041179404,-0.017032616
0.08671391,0.0010499088,0.0,0.123657994,1.0,0.93109107,0.05351732,0.049195424,0.46938026,0.38503084,0.34083933,0.22313778,0.4936772,0.6073504,0.0,0.37267086,0.12398556,0.6869316,0.5890455,0.106856525,0.2497187,0.46393406,0.69326353,0.850547,0.33509293,1.0,0.2070653,0.43061277,0.40201244,0.09204508,-0.09706563,-0.10108712
0.11816038,0.046655193,0.0,0.0063718604,1.0,1.0,0.22916868,0.22495812,0.42546156,0.44841862,0.3235877,0.4682636,0.58618546,0.52626634,0.07547952,0.38076717,0.17525922,0.7324801,0.6915118,0.26477942,0.14222156,0.6186702,0.5475677,1.0,0.25834045,0.8607046,0.2512465,0.245882,0.5536782,0.16467653,-0.12234537,-0.13413821
0.0,0.0,0.12396984,0.06437887,0.9460007,1.0,0.06000424,0.08772557,0.34344235,0.21161489,0.19326526,0.3051017,0.4514188,0.6121908,0.19909663,0.32435548,0.28003594,0.6188409,0.6700047,0.2793135,0.29897422,0.7055793,0.5584549,0.9853358,0.080368176,0.7805437,0.19984657,0.37956804,0.46523774,-0.04447508,-0.12392427,-0.120991275
0.0,0.0,0.0,0.0,1.0,0.9591868,0.22301166,0.19021502,0.42866504,0.5169459,0.3269502,0.49723953,0.63646513,0.6535018,0.08696588,0.4581507,0.2178396,0.75768954,0.59370255,0.18580438,0.30690083,0.5234633,0.6339783,0.8827962,0.32853457,1.0,0.30289748,0.34077168,0.62466645,-0.0369784,-0.3,-0.022464745
0.0,0.072289586,0.039452784,0.009192023,0.967609,1.0,0.14127854,0.0,0.2740698,0.45064998,0.19985637,0.49553883,0.61073667,0.7964387,0.08565141,0.38251907,0.2929983,0.7951831,0.50150615,0.07194923,0.19828919,0.35886317,0.664751,0.9511993,0.1886855,1.0,0.30475473,0.6312387,0.6430034,-0.039114457,-0.23297627,-0.009359442
0.11647401,0.0020015435,0.0,0.0,1.0,1.0,0.18260989,0.322949,0.38927546,0.48898426,0.25895727,0.36775059,0.65256536,0.6931078,0.0063439496,0.3265015,0.17605008,0.7153221,0.4959457,0.15866344,0.16867271,0.60185534,0.5611425,0.8940915,0.29501486,0.93094033,0.3123186,0.51327384,0.5455844,0.013105493,-0.023183964,-0.06297127
0.13849619,0.2102317,0.09261446,0.26745814,1.0,1.0,0.18769608,0.19385847,0.37641943,0.48004842,0.49445698,0.20165384,0.4864175,0.7334789,0.04044693,0.28293246,0.2088033,0.65432525,0.48007256,0.36350688,0.117637515,0.6339313,0.62679666,0.951692,0.3566377,0.9758031,0.25658762,0.44031426,0.718694,0.057084132,0.014798567,0.06577356
0.017601293,0.27216804,0.17179877,0.1860257,0.92168665,1.0,0.28635147,0.18597734,0.4884256,0.56690234,0.44249973,0.17717175,0.47397378,0.49320027,0.021793652,0.5487061,0.36431697,0.6815654,0.57930857,0.22565319,0.06351496,0.4453187,0.57530427,1.0,0.2711531,0.81809294,0.2093323,0.5156819,0.42951187,0.05906637,-0.07045426,-0.082662985
0.06932884,0.14889649,0.10393709,0.2268001,0.887208,0.8953644,0.2142591,0.5004254,0.37986767,0.35964435,0.6514867,0.16541956,0.4725887,0.68526995,0.13164867,0.35635418,0.22096045,0.6643612,0.56246364,0.23652667,0.15321833,0.5906671,0.5942782,1.0,0.29299203,0.9009641,0.3563727,0.40982088,0.40904218,-0.026025835,0.02471999,0.061664846
0.08152468,0.0,0.2342042,0.042588823,0.7703643,0.8826928,0.06311181,0.33075437,0.18009342,0.3143882,0.5996664,0.040423848,0.5488286,0.62141836,0.048403524,0.5139593,0.2233719,0.723598,0.45760807,0.35006863,0.176682,0.41305447,0.6037135,0.90744466,0.33209628,1.0,0.33617836,0.44066164,0.2785425,0.07394758,0.030711442,0.3471042
0.19773874,0.011404794,0.0,0.0,1.0,0.9169359,0.21363023,0.1813788,0.52183384,0.18370761,0.6921921,0.0,0.53640974,0.59227216,0.04007536,0.43241075,0.44275647,0.76737666,0.4688936,0.40007165,0.2942969,0.507154,0.44747937,0.7080069,0.264666,0.84933275,0.18947992,0.510776,0.14831077,-0.06617696,-0.07018322,0.3247678
0.11940876,0.069434516,0.049990334,0.098074995,0.97561735,0.94930005,0.0,0.32984963,0.45748192,0.392832,0.78044987,0.21568674,0.41333345,0.21119861,0.22179921,0.4381616,0.24603862,0.8675149,0.66226596,0.4400683,0.4317275,0.6699395,0.6349153,1.0,0.2490663,0.67962396,0.5611272,0.46279436,0.14894086,0.179919,-0.056411117,0.29048792
0.13935359,0.0,0.13793993,0.07768365,0.9009814,0.76780343,0.01231128,0.023441792,0.36360165,0.36859313,0.55443317,0.15604077,0.4442969,0.480933,0.12657523,0.37371954,0.49434036,0.7783168,0.63108855,0.2588205,0.32854784,0.8738368,0.64515567,0.7747607,0.35030723,0.952713,0.3345978,0.47931522,0.10022622,-0.017891847,0.028137315,0.0909071
0.1444269,0.04602424,0.059250012,0.0,0.9920287,1.0,0.1351047,0.0,0.40159297,0.4496773,0.48765144,0.2996984,0.3513603,0.5928622,0.16382062,0.48979947,0.23375678,0.89102715,0.6097177,0.24918917,0.33917558,0.6426249,0.59019977,0.9645498,0.23563264,0.74492484,0.29431534,0.5287358,0.44132254,0.14625053,-0.058890596,0.2990811
0.0,0.10497306,0.0,0.03125715,1.0,0.909238,0.016738638,0.063530244,0.40822297,0.43259233,0.38476896,0.3402674,0.46325055,0.51577675,0.083439544,0.5598004,0.2719951,0.9481646,0.480378,0.28331175,0.30180463,0.6361748,0.59902835,0.7547487,0.36093566,0.8764599,0.34860075,0.630744,0.32686812,0.1822576,0.14060077,0.0069810674
0.0,0.0,0.06714759,0.2065965,1.0,0.9835469,0.3626132,0.13787717,0.3194631,0.34173483,0.37845382,0.26265603,0.41725963,0.64536715,0.0,0.48862922,0.2116577,0.76153946,0.7891542,0.29657632,0.31587934,0.6250113,0.61936826,0.97410345,0.19829299,0.82398325,0.32915893,0.3952492,0.60526955,0.24530953,0.006283395,0.005447883
0.0,0.055393845,0.0,0.009131756,0.95969987,1.0,0.081194416,0.18006559,0.28706288,0.2991314,0.38371396,0.26655447,0.57814455,0.69954276,0.0,0.19359282,0.18212888,0.66333807,0.5834048,0.042769283,0.30465153,0.56199706,0.68913275,0.91140527,0.19383103,0.88883877,0.12382506,0.48206773,0.42967957,0.22735545,-0.11078656,0.034459326
0.0,0.17595717,0.0,0.1170803,0.9458168,0.93700635,0.16953965,0.07496746,0.34865713,0.36461827,0.4175492,0.40824783,0.64623594,0.79068035,0.073903434,0.34912506,0.16347356,0.9353306,0.5597298,0.14430419,0.14952049,0.64535266,0.6174632,0.9886644,0.36129025,0.8935676,0.11778596,0.45744652,0.54834634,0.048110157,0.11465852,-0.027268726
0.06267138,0.0,0.0,0.0,0.98662835,1.0,0.2485756,0.04038106,0.44039476,0.4571953,0.29799992,0.4827065,0.484154,0.66392,0.026955768,0.22953074,0.003179565,0.6792996,0.53132725,0.33546242,0.2652623,0.51725626,0.5140076,1.0,0.18158957,0.88137823,0.2821141,0.5045509,0.4401389,0.20507562,0.009435103,0.020472363
0.0,0.14664586,0.07232322,0.03843941,0.91662425,0.97490156,0.18457551,0.29773635,0.23502532,0.22423826,0.20090558,0.4757063,0.5708927,0.5528822,0.0,0.24861047,0.45644164,0.64258206,0.5979026,0.15559795,0.23381425,0.5861353,0.36243546,0.78883773,0.26192465,0.99205077,0.21017301,0.69441605,0.2992531,0.12699142,0.028941866,-0.0045289444
0.0,0.0,0.21804856,0.13228625,1.0,1.0,0.13896568,0.106972374,0.43412226,0.1357099,0.2738665,0.41774127,0.4420685,0.76551896,0.05861801,0.3749282,0.38321766,0.64996666,0.5247983,0.18344107,0.32184756,0.5167463,0.64261687,0.8460572,0.2793492,0.8276708,0.28546882,0.556798,0.44406885,0.27224013,-0.03502414,-0.053393617
0.0,0.10530804,0.017740369,0.1340341,0.93977207,1.0,0.28140974,0.09885376,0.27384746,0.2777112,0.2958596,0.30702877,0.6619002,0.5892231,0.07755186,0.3849248,0.10266504,0.7634027,0.39923155,0.2961139,0.33873206,0.55218554,0.48747122,0.9046741,0.36399525,0.6625918,0.38073272,0.5337487,0.40732455,0.29588467,0.06313465,-0.2056701
0.22960499,0.13297251,0.028662473,0.0,1.0,1.0,0.26328093,0.17228618,0.33239424,0.36166096,0.32596144,0.4355818,0.630698,0.58032346,0.013173781,0.1659907,0.17930046,0.84856284,0.5131013,0.45518675,0.23132855,0.50537956,0.3675393,0.73638475,0.19419648,0.9233255,0.3262537,0.43177596,0.5431384,0.15533958,-0.051846303,-0.013364337
0.10866129,0.14176826,0.12038997,0.14191067,0.97515464,0.9833213,0.32869768,0.20094171,0.35006267,0.23645023,0.32621807,0.5375471,0.5586884,0.71011406,0.08917847,0.48026863,0.21297912,0.74350464,0.7265648,0.33130452,0.33264774,0.61744905,0.4323832,0.83724654,0.28340536,0.86024535,0.21692091,0.55664927,0.4580853,0.2037043,-0.10789526,-0.09276982
0.3072335,0.041468337,0.073206216,0.21478763,1.0,0.8357178,0.28390098,0.31954068,0.28629965,0.27314314,0.30141208,0.3508131,0.48074424,0.675314,0.039028004,0.43985367,0.2581677,0.69237465,0.6906044,0.3353024,0.32870388,0.50631326,0.6411811,0.9041747,0.37511542,0.8243074,0.35772055,0.5386375,0.30702037,0.15835443,0.22358067,-0.14864638
0.20950674,0.048145764,0.1559589,0.07969746,1.0,0.9983938,0.36286432,0.42301488,0.37989658,0.31080413,0.40291756,0.33665442,0.58436704,0.45891392,0.0,0.27593753,0.33480603,0.663721,0.5613344,0.32998183,0.254613,0.3357824,0.5114491,0.85586876,0.054221213,0.8022958,0.16810806,0.68435174,0.28080004,0.12796654,0.025601445,-0.0018837699
0.0,0.19481258,0.12551036,0.11498289,0.9320253,1.0,0.09530057,0.19922863,0.416509,0.32312748,0.4323147,0.29524478,0.5571595,0.4966941,0.0,0.40332776,0.20908225,0.7215385,0.31429243,0.46805573,0.33404374,0.51681817,0.4890286,0.84182525,0.29895067,0.8796439,0.24333812,0.501678,0.20196052,-0.16368565,0.10764809,0.027250713
0.0,0.0,0.15548483,0.14938624,0.9132532,1.0,0.24072361,0.19095133,0.32208052,0.5201569,0.5037626,0.41663,0.5602231,0.67409176,0.092377685,0.44876933,0.29078415,0.71350366,0.74634326,0.43324226,0.23164876,0.7024691,0.39202398,0.895936,0.33834624,0.9186835,0.20314538,0.5683602,0.21419732,-0.13054496,-0.011407543,0.16645399
0.029802363,0.14011616,0.06733334,0.0,1.0,1.0,0.16964053,0.060737044,0.35437706,0.4757106,0.31750077,0.30276093,0.5052349,0.60766315,0.12104586,0.3514635,0.09969397,0.7531109,0.49524504,0.25999117,0.25322163,0.4693848,0.60956365,0.8964939,0.3862212,0.93938434,0.20671496,0.48666832,0.34219262,-0.20131649,0.10687822,-0.004310347
0.1151133,0.10066907,0.3000313,0.11600708,1.0,1.0,0.14546482,0.11159469,0.66725993,0.54627174,0.23373014,0.35799843,0.48385662,0.5171685,0.0,0.45639688,0.3177982,0.7723272,0.39567572,0.29798278,0.17897041,0.42752117,0.49081862,0.75637865,0.25423267,0.9542402,0.20228443,0.46514526,0.47651434,-0.11549445,0.05175463,-0.16331747
0.14543031,0.0,0.17390308,0.0,0.9685191,0.89438415,0.3557905,0.18340908,0.53862417,0.55978405,0.3319597,0.5913093,0.55905473,0.50995165,0.20804471,0.20164874,0.3213018,0.60084623,0.69262207,0.2411398,0.21798202,0.5309164,0.51444715,0.96929395,0.3309879,0.9281042,0.42490596,0.3295709,0.54490274,-0.1936638,-0.0024239384,-0.39640552
0.2171433,0.0037837066,0.0,0.0,0.93287265,1.0,0.10427617,0.15554307,0.445211,0.4017027,0.23368257,0.55519027,0.51755947,0.7008016,0.023059867,0.4698667,0.3545323,0.91511875,0.5569166,0.5412879,0.26888347,0.47844878,0.67458874,0.97139883,0.07929316,0.93026465,0.33871,0.3476939,0.6525806,-0.36778033,0.030998293,-0.08043335
0.0,0.0064433976,0.0,0.0,0.759181,0.79420584,0.22732538,0.04878013,0.579228,0.3339586,0.25833046,0.5176809,0.4671908,0.6046837,0.31809703,0.45278075,0.47390157,0.6287341,0.652664,0.37451535,0.23330688,0.58799624,0.5437166,0.9708877,0.2702986,1.0,0.31700766,0.25287783,0.4087764,-0.10348855,0.1455031,-0.24057072
0.0,0.16058584,0.0,0.0,1.0,1.0,0.00038345158,0.095440924,0.4624055,0.42480943,0.26652837,0.4154428,0.5792482,0.46493095,0.0069690943,0.49728668,0.5968203,0.75135607,0.44081122,0.47491962,0.5114094,0.42936873,0.6494251,1.0,0.113002926,0.9697764,0.25203642,0.4906312,0.60172933,-0.22831954,-0.010131724,-0.29148006
0.12648837,0.1401449,0.08566296,0.0,0.9733996,1.0,0.27314997,0.25306064,0.66951495,0.6045494,0.34385127,0.23322323,0.6657016,0.5879464,0.306416,0.3549677,0.27023405,0.67211413,0.5860588,0.4176709,0.48059952,0.69459265,0.6019458,0.8851233,0.41342977,0.7269611,0.37887043,0.23197024,0.5274695,-0.094531484,-0.10554761,-0.21645275
0.0,0.0393332,0.0,0.33188087,1.0,1.0,0.17848742,0.06355447,0.4708998,0.5777461,0.43328944,0.22652848,0.422799,0.47916847,0.23809223,0.6131296,0.41098186,1.0,0.52644104,0.4477174,0.37010834,0.5685126,0.6330896,0.9142374,0.3328134,0.71575767,0.42364833,0.29247108,0.588242,-0.36185467,-0.09236819,-0.089978166
0.20628953,0.12113276,0.019658484,0.10133651,1.0,0.8517706,0.18792602,0.16651517,0.82664764,0.62415546,0.40735838,0.25983784,0.31934357,0.5598647,0.12159933,0.7603129,0.61262536,0.8193389,0.36670673,0.4781247,0.51367086,0.59496826,0.76218104,0.74900067,0.355508,0.82766277,0.3735775,0.37714505,0.43832976,-0.48007098,-0.19209728,-0.15232024
0.047868628,0.2297382,0.08030875,0.018391594,1.0,0.99874705,0.083103456,0.26223233,0.47218207,0.77572197,0.675779,0.11697814,0.35765967,0.4197719,0.3013294,0.45488602,0.4849787,0.9687225,0.55623573,0.5701172,0.43358833,0.48822486,0.40159053,0.81917435,0.35904887,0.77800006,0.34748685,0.27249235,0.58337826,-0.45447433,0.058994986,-0.10131547
0.0,0.15106508,0.15043333,0.0,1.0,1.0,0.23407483,0.20335811,0.6019045,0.5347733,0.4069184,0.24007045,0.29240283,0.25831157,0.30819154,0.56509703,0.52913976,0.79774046,0.5444871,0.6064119,0.7249239,0.26721185,0.43248412,0.8658059,0.30569392,0.9587462,0.22069168,0.31921232,0.38481325,-0.39592358,-0.018796803,-0.17632529
0.14123094,0.0589857,0.14048798,0.19643123,1.0,1.0,0.19518168,0.2615317,0.5409832,0.53249705,0.25796688,0.47474566,0.33941418,0.48565024,0.6309237,0.48881522,0.5478165,0.7671264,0.54166204,0.48001826,0.6162183,0.47898993,0.59399503,0.9024904,0.2361415,0.68011326,0.28164813,0.16158395,0.34074998,-0.6392883,-0.145378,-0.15379177
0.027703114,0.17309275,0.16747814,0.18764898,0.9854856,0.94324803,0.22861555,0.22941166,0.5908853,0.62457436,0.043659315,0.49643716,0.50689965,0.37248853,0.3836125,0.44543627,0.7159212,0.7002773,0.4474629,0.63485885,0.6442681,0.66897357,0.46318993,0.94974613,0.31732416,0.8419917,0.3227721,0.15249434,0.4375458,-0.4940389,-0.017936032,-0.14503582
0.0,0.23230329,0.16277668,0.21904726,0.93721145,0.6791136,0.31205222,0.32651758,0.54170746,0.53249216,0.034225643,0.47380072,0.4208794,0.43767363,0.5370366,0.5151537,0.6950857,0.75637525,0.4010446,0.6694779,0.6586972,0.66155344,0.52086294,0.6863104,0.34176344,0.98168397,0.25990212,0.1610762,0.4429087,-0.54395807,-0.13604125,-0.21209194
0.1362598,0.27723497,0.2805124,0.24641404,1.0,1.0,0.1304481,0.11437107,0.8943005,0.47814262,0.11096536,0.6365175,0.4358098,0.19046874,0.6227545,0.27118975,0.53806233,0.8955177,0.5449469,0.6869384,0.6045551,0.41584235,0.31937528,0.76277435,0.29010603,0.7849396,0.40226462,0.2658071,0.50455475,-0.6820783,-0.07872313,-0.36093158
0.20834537,0.2063884,0.1964508,0.37208337,1.0,0.93491983,0.32310712,0.27980906,0.74628735,0.6526514,0.2087335,0.5695567,0.39306244,0.25347456,0.6768066,0.41529447,0.7378567,0.843366,0.32773632,0.6333951,0.78570324,0.61645555,0.43411413,0.8619306,0.3297683,0.8622813,0.34972966,0.12919292,0.68989617,-0.40616646,0.036633603,-0.15363432
0.09599032,0.0010201335,0.26847103,0.41982803,1.0,0.93631494,0.21669857,0.37662303,0.57497066,0.5685096,0.1507254,0.28852847,0.35451275,0.20762601,0.71059793,0.2726715,0.8610595,0.86731315,0.6417138,0.69747126,0.86664957,0.55467385,0.5184276,0.66329443,0.38617927,0.7891628,0.36980423,0.0,0.6450273,-0.6293685,0.15543929,-0.21189897
0.22243983,0.37790957,0.32863542,0.25951162,0.812439,0.8916158,0.3076114,0.25085655,0.7879769,0.47307566,0.4174418,0.35822782,0.17549269,0.24325258,0.8547378,0.2757153,0.84976447,0.94077855,0.4277002,0.77466756,0.9672766,0.5196496,0.4689133,0.81918925,0.34786034,0.69583076,0.32410187,0.083226256,0.6176452,-0.6962076,0.040880818,-0.17765103
0.21572638,0.24009806,0.51363665,0.39844918,0.80724716,1.0,0.23066267,0.25452828,0.6306364,0.51594263,0.5070771,0.34101057,0.4774148,0.1585173,0.9111227,0.47482175,0.88399786,0.75286067,0.25656453,0.8620232,0.8444358,0.28873837,0.41615298,0.7955371,0.32650962,0.8694291,0.33906198,0.13490576,0.4699767,-0.5739087,0.11490585,-0.16871437
0.3362383,0.3788405,0.5223433,0.3725332,1.0,1.0,0.057624362,0.20405541,0.5485333,0.6038608,0.40553337,0.5221757,0.22296368,0.09038681,0.87210715,0.14353403,0.9239478,0.7345547,0.51855975,0.7458035,1.0,0.3738723,0.38866067,0.8582176,0.33157015,0.7340423,0.28779915,0.121435836,0.38664266,-0.3659683,0.1016601,-0.012067109
0.33281356,0.1967653,0.37319422,0.6120188,1.0,0.9766908,0.16750997,0.1823897,0.5736576,0.683553,0.2157791,0.3587452,0.1778225,0.29996535,0.8709322,0.29012513,0.9762517,0.59397817,0.33856985,0.9039942,0.92247015,0.43989885,0.34388378,0.79175115,0.297648,0.89172035,0.48662215,0.12186769,0.19170257,-0.49409524,-0.046270348,-0.08476573
0.37563694,0.2789846,0.49107137,0.45644924,0.92445225,0.93924034,0.2146175,0.20646094,0.671046,0.47355002,0.32670864,0.51907635,0.24053386,0.1385326,1.0,0.3302911,1.0,0.6055062,0.3736858,1.0,0.8796603,0.5080716,0.44859242,0.6924143,0.45168117,0.6746794,0.5947019,0.12063788,0.14462852,-0.40562677,0.16203791,0.081862465
0.4775758,0.42680678,0.5418092,0.45553488,1.0,0.8537264,0.24709052,0.08637861,0.7083957,0.45901793,0.27181435,0.11962256,0.105718285,0.30840775,0.8645949,0.22231698,0.80266297,0.5997493,0.28542253,0.8224642,0.9418211,0.47262675,0.4391365,0.5453284,0.50307316,0.6074856,0.37051895,0.047946546,0.11382042,-0.28390095,-0.17606328,0.28112638
0.21124269,0.2563933,0.58134586,0.50835466,1.0,0.9384903,0.37438363,0.24690636,0.5503637,0.48687294,0.44510037,0.31724697,0.19908422,0.042544093,1.0,0.39165953,0.98263204,0.7501226,0.3981675,0.7929982,0.86582214,0.4637183,0.39789653,0.49918872,0.29905248,0.47454596,0.33253664,0.14686844,0.16566703,-0.30998504,-0.034782097,0.30513734
0.35884514,0.39254615,0.63197803,0.53012586,1.0,0.9978998,0.04772699,0.28144258,0.40398553,0.52845067,0.4500807,0.40483537,0.061333038,0.1800862,0.77095705,0.37003633,0.9793067,0.6196637,0.38370615,0.8155815,0.84482485,0.578387,0.3150969,0.5714002,0.5968553,0.43232793,0.4825768,0.0,0.08302678,-0.29596537,0.06393836,0.31677002
0.17304818,0.23248814,0.4939092,0.45600855,1.0,0.9766887,0.06457412,0.2987548,0.4791905,0.5464031,0.3376046,0.37836105,0.024958719,0.0,0.83768314,0.4457937,0.86458814,0.7537649,0.22022012,0.94002026,0.6699301,0.3268534,0.44605425,0.69302976,0.49112654,0.36244893,0.5018948,0.14360982,0.16253313,-0.12027564,-0.09732207,0.39629525
0.26276508,0.22306144,0.35645175,0.4707861,1.0,1.0,0.22281572,0.3105388,0.39482573,0.41365206,0.31619796,0.5121079,0.026840808,0.033551563,0.7001968,0.63801897,0.71393335,0.823119,0.27965078,0.6735797,0.7368232,0.3314857,0.4517949,0.6471921,0.48116058,0.5514816,0.60774094,0.03383342,0.025117084,-0.30409658,0.021119436,0.49049932
0.29090175,0.2672729,0.26172146,0.38945407,0.93603414,0.9621895,0.1996344,0.40828732,0.3778374,0.52481896,0.20616469,0.2971631,0.09275037,0.09384057,0.63243765,0.47992718,0.86460125,0.8142359,0.5911476,0.81690997,0.86919767,0.4592497,0.4756873,0.6072018,0.28117332,0.5605396,0.60663193,0.02932395,0.13658664,-0.08043751,-0.11022829,0.18219785
0.013965957,0.13630395,0.26419994,0.41163963,0.91972286,1.0,0.08463929,0.3396818,0.46348503,0.4940694,0.11248651,0.4164793,0.14115664,0.18399501,0.56685174,0.44495094,0.85620445,0.918234,0.37359452,0.7158189,0.808959,0.6223287,0.5594854,0.6714081,0.41077563,0.5117381,0.3940339,0.0,0.3981528,-0.10235746,-0.016623706,0.28614044
0.0,0.0075272173,0.16685468,0.10477163,0.9956347,0.9595167,0.19956242,0.20982642,0.58299255,0.4994627,0.24946085,0.5579058,0.3003541,0.04871724,0.6559238,0.23271446,0.6070089,0.8472459,0.43551803,0.6144443,0.7242074,0.41757685,0.43613276,0.6385494,0.44187185,0.5153606,0.36742258,0.20268957,0.42119783,-0.08289473,-0.15214522,0.18006425
0.09123398,0.088036954,0.08998554,0.06586853,1.0,1.0,0.25751615,0.33233368,0.5400404,0.38672155,0.2355254,0.533051,0.22240324,0.08933593,0.6435548,0.35594165,0.4949978,0.76033884,0.5554859,0.75198114,0.61930686,0.47207585,0.33764058,0.9207636,0.3843639,0.7656923,0.4500039,0.17743798,0.49452496,-0.24916926,0.03986469,-0.015629575
0.0,0.05496441,0.045214023,0.0,1.0,1.0,0.1537387,0.33089414,0.5133677,0.4680069,0.27881116,0.5052385,0.39225358,0.17761198,0.6729001,0.39872512,0.67229813,0.8718824,0.5847233,0.72606474,0.5589237,0.52225786,0.51226395,0.67711955,0.45054275,0.61291194,0.31821904,0.13507286,0.41217768,-0.17725095,-0.12731665,-0.10555361
0.043621913,0.10682632,0.008310606,0.0,1.0,1.0,0.083857454,0.2305816,0.53209656,0.40337273,0.28234273,0.2912197,0.17953998,0.2771657,0.45642275,0.5571002,0.6285122,0.75933343,0.43891785,0.44303855,0.67956614,0.54066193,0.51479703,0.64593846,0.3635987,0.6834446,0.4032725,0.0,0.5511746,-0.12704018,-0.15978825,-0.038012814
0.0,0.059450664,0.0,0.0,1.0,1.0,0.26792446,0.03461635,0.4696738,0.39637834,0.42266136,0.33297947,0.19022712,0.10704594,0.68093437,0.34798917,0.5107464,0.83832145,0.35921428,0.77915394,0.44029495,0.51339483,0.4042567,0.76649994,0.3415669,0.8336911,0.5472316,0.04564508,0.6016653,-0.21292005,-0.07433531,-0.022830054
0.14552613,0.05436124,0.029897349,0.0,0.7996881,1.0,0.08170071,0.24460696,0.22950032,0.5644464,0.5201012,0.15024498,0.034812823,0.4210449,0.5238783,0.4860702,0.79772115,0.49447176,0.59272087,0.51741755,0.6303075,0.52897763,0.4115468,0.58129025,0.48880398,0.74847645,0.38914138,0.23258206,0.54178596,-0.17934985,-0.13543567,0.05685427
0.0011979858,0.0,0.0,0.0,0.85449684,1.0,0.2559078,0.15874615,0.6637223,0.39141196,0.5667838,0.2469815,0.106867924,0.20376328,0.4542762,0.26182473,0.43191338,0.7809851,0.48437697,0.47536692,0.65327656,0.43023577,0.45809755,0.6044991,0.42267156,0.63094527,0.34794977,0.0,0.5571189,-0.096806794,-0.040633112,-0.05497904
0.07451996,0.11323893,0.06387836,0.0,0.9584014,1.0,0.00803113,0.12368074,0.5242097,0.27763557,0.5056379,0.04171388,0.2177294,0.14886574,0.4974981,0.417069,0.58195794,0.6873043,0.48309985,0.58904105,0.55041593,0.52035886,0.3469261,0.6387663,0.30345595,0.599342,0.24410821,0.0,0.6696219,-0.23109347,-0.06453413,-0.12822974
0.0,0.0,0.17944258,0.09112923,0.98145705,1.0,0.0,0.17166929,0.30983812,0.37041727,0.4439896,0.26378518,0.23450086,0.124905184,0.5176215,0.32823533,0.5327994,0.83313733,0.42587537,0.7585221,0.60933834,0.45748538,0.5642564,0.7901352,0.25948146,0.82463306,0.16112034,0.034581427,0.68735087,-0.2920558,0.021975331,-0.100021325
0.0,0.0,0.12139832,0.0,0.95374644,0.8216986,0.34673712,0.29568487,0.42585093,0.6029536,0.34296024,0.5526564,0.37447304,0.3232348,0.41785097,0.37238514,0.4878184,0.8671524,0.474264,0.6298894,0.59062123,0.39129567,0.35361642,0.8922394,0.1847362,0.77737755,0.21565935,0.047858424,0.6758334,-0.10621782,-0.047764264,-0.2713151
0.10047179,0.093246356,0.0,0.037621215,0.9104465,1.0,0.20207992,0.36201885,0.38757807,0.43760562,0.32208246,0.42858887,0.48293376,0.39546946,0.48569086,0.1732123,0.3253405,0.7156308,0.60653776,0.3962529,0.43645608,0.44410464,0.6149095,0.6911551,0.14468102,0.8753712,0.24982908,0.15224014,0.78265107,-0.30463183,0.3,-0.25000802
0.08503972,0.06607242,0.0,0.0,0.97512835,1.0,0.07914451,0.21608663,0.63057834,0.35894358,0.5266574,0.22536841,0.4972902,0.5878086,0.11636582,0.38664666,0.14529574,0.90816873,0.5317685,0.27861756,0.3498304,0.76340854,0.4580328,0.87003535,0.39268562,0.95541173,0.37323254,0.13214949,0.5904214,-0.14493074,-0.102768406,-0.20401123
0.0,0.10105084,0.0,0.0,0.8797139,0.94085425,0.3076244,0.0,0.52441967,0.40243536,0.40281332,0.23576444,0.47623017,0.56400585,0.0,0.40296346,0.0787421,0.7660075,0.64775944,0.0,0.32640067,0.6413381,0.582518,0.75708663,0.48813388,1.0,0.15291251,0.13019413,0.6523908,-0.06677747,0.190157,-0.090935364
0.0,0.0,0.0074895676,0.15405661,1.0,1.0,0.14073753,0.13731399,0.22775537,0.61855215,0.3320638,0.1985622,0.67494076,0.656141,0.0,0.31958848,0.23459935,0.94679123,0.69602466,0.27818382,0.20829469,0.69653976,0.61579835,0.7859826,0.31620553,0.9743085,0.23088975,0.29448918,0.541011,-0.034345202,0.05262837,-0.13537551
0.054395758,0.0,0.10835427,0.03284938,0.95265293,1.0,0.26262245,0.10873008,0.31076783,0.41490233,0.42776594,0.25519273,0.48019925,0.60165155,0.16887182,0.545905,0.2607829,0.7647831,0.48144904,0.10214674,0.3011197,0.68216753,0.5913906,0.9960229,0.28782585,1.0,0.4001643,0.23656067,0.40103823,-0.08330867,0.0708902,-0.03615964
0.0,0.002278177,0.097720966,0.0,1.0,1.0,0.28957307,0.24084476,0.49539945,0.17863294,0.42722824,0.26403344,0.6893765,0.5063689,0.19577494,0.36417598,0.19584826,0.7032646,0.57105005,0.33725974,0.2740503,0.6755348,0.5187597,0.9604154,0.44275188,1.0,0.39538342,0.27467328,0.3917422,0.14458436,0.11573977,-0.006649917
0.0,0.14598697,0.025874192,0.1350865,0.9882796,1.0,0.19980773,0.15080756,0.31936195,0.2333832,0.39522433,0.40066144,0.5970896,0.3625115,0.14897008,0.5611598,0.40685064,0.7693068,0.7148783,0.35315165,0.39945334,0.5712859,0.45554864,0.7267938,0.263824,0.75157624,0.2747088,0.3383918,0.3920163,0.16765365,0.00017274171,0.22282384
0.040091604,0.04732459,0.036728784,0.22698358,0.9672237,0.92672384,0.37725502,0.11474206,0.4569767,0.30435076,0.29984066,0.36881885,0.31693608,0.2858064,0.14722243,0.5083952,0.30195698,0.69581795,0.5355614,0.2896942,0.37657875,0.47893235,0.72696316,0.8695698,0.2729136,0.7409498,0.26096866,0.21996969,0.25375697,0.15921398,0.04820851,-0.01906389
0.047485217,0.0174855,0.092087284,0.0,0.93529814,1.0,0.16598502,0.049194753,0.4006811,0.4160403,0.33649477,0.41952774,0.35710162,0.32113132,0.19211783,0.4675864,0.3067629,0.87117016,0.7642673,0.57196546,0.30360156,0.42771292,0.6606568,0.98865813,0.39754057,0.77699953,0.3056946,0.35370314,0.39672998,0.21700591,0.045333646,0.08024073
0.0,0.100296184,0.100537315,0.031523187,0.91919345,1.0,0.2350182,0.078101344,0.46167374,0.50375706,0.4589756,0.32174045,0.4730833,0.2953927,0.16814855,0.38239288,0.25354958,0.72574264,0.31326815,0.18801785,0.5292862,0.5231751,0.644774,0.8264311,0.3244801,0.87008727,0.52143806,0.46510312,0.37868816,0.21973318,-0.061169222,-0.0730481
0.09136486,0.0,0.040271327,0.0,0.88642114,1.0,0.18271984,0.049797893,0.32776955,0.45986527,0.5320373,0.27667287,0.44877896,0.33906436,0.0,0.3100661,0.3491751,0.8249332,0.46233317,0.28629804,0.2007324,0.62081665,0.7087526,0.8814917,0.38581946,0.7939624,0.27157113,0.4917575,0.59985906,0.32660958,-0.0069259293,-0.15374817
0.05702862,0.121631905,0.0,0.13877463,0.98190254,0.90180236,0.1964378,0.105748005,0.3728832,0.4213587,0.3257509,0.43261886,0.48876798,0.6027958,0.05060961,0.44681287,0.12321718,0.75782025,0.61092114,0.1529581,0.25971687,0.522365,0.44605374,0.5911362,0.1325177,0.82646155,0.2719939,0.3751408,0.50507116,0.20508826,0.047443427,0.14809889
0.0,0.11857276,0.055148486,0.08206573,0.9328631,1.0,0.28182262,0.11293603,0.36933675,0.37745106,0.45898712,0.47679693,0.5650253,0.40691525,0.031251233,0.4769526,0.34641358,0.8283665,0.6469208,0.07098535,0.034839615,0.6597449,0.6537233,0.85587496,0.42098874,0.75495183,0.23833042,0.61987376,0.3284524,0.20919645,0.1508474,0.0173627
0.4049279,0.09065219,0.0,0.09165746,0.9195022,0.8894178,0.13860933,0.0,0.20060295,0.23327892,0.5023675,0.19987515,0.41322476,0.33812296,0.0,0.47611916,0.14086977,0.89097387,0.488087,0.19007304,0.12516923,0.47946173,0.6287067,0.9178525,0.4427876,0.91675,0.4989062,0.56704324,0.11539774,0.26463914,-0.09934294,0.07498331
0.07653149,0.09239416,0.14138915,0.19442889,1.0,1.0,0.11440298,0.28177023,0.3733563,0.38452393,0.63987637,0.30794796,0.27639496,0.5619489,0.012944203,0.31798056,0.18723188,0.8179411,0.4250927,0.2474952,0.2553952,0.49243844,0.77841556,0.9397868,0.38486677,0.71027654,0.06272212,0.627085,0.3901655,0.17631517,-0.009885056,0.05894317
0.07997696,0.19120494,0.0,0.15211524,1.0,0.8755886,0.28550422,0.21736872,0.38773406,0.36413613,0.38986328,0.38818556,0.3895367,0.43205324,0.0,0.20535286,0.19475847,0.70138794,0.5307481,0.16081429,0.36461908,0.5910781,0.5796995,0.92013514,0.29286742,0.7744675,0.42435437,0.6566148,0.18512249,0.0001385212,-0.013783397,0.08087547
0.19775411,0.14697586,0.0,0.15111527,0.92588806,0.99239844,0.11483482,0.05042842,0.2896419,0.40533668,0.2731788,0.2570415,0.44419116,0.48789012,0.03583968,0.46262023,0.2366623,0.6178481,0.61596614,0.26539195,0.19345224,0.4584256,0.43102002,0.7838239,0.40433636,0.91123396,0.38171914,0.6202629,0.25889647,0.07441519,0.060399354,0.013079576
0.0,0.022338912,0.07326982,0.0,0.85897785,0.9371144,0.33653384,0.19401956,0.39514834,0.3745308,0.30736792,0.3137493,0.5194984,0.51536083,0.13159244,0.4307859,0.24576494,0.7302155,0.56671095,0.2662681,0.35670888,0.43008965,0.78590655,1.0,0.28390598,0.7673645,0.4071424,0.6142806,0.27594876,0.25662246,0.035299182,0.079899184
0.07689887,0.0,0.09332624,0.13281983,0.8829843,0.9638821,0.33867723,0.14134948,0.38821256,0.34773046,0.3679953,0.28699815,0.5235107,0.43217832,0.12931582,0.4308417,0.11596914,0.72237563,0.61763304,0.10699043,0.25797704,0.5916221,0.5112322,1.0,0.20310976,1.0,0.32447007,0.59351844,0.42773467,0.06378111,0.00074061565,-0.007303387
0.0,0.017089032,0.041216776,0.0,1.0,0.8916325,0.41308838,0.20386109,0.48230988,0.2796607,0.26962215,0.22083725,0.60747737,0.5695855,0.029886251,0.11315134,0.10100862,0.7382277,0.41061652,0.15382066,0.14558882,0.51413804,0.6164769,0.7490521,0.3649717,0.8915238,0.4021563,0.73984045,0.39382437,0.1344506,0.017136676,-0.0336464
0.0,0.0,0.0,0.13791396,1.0,1.0,0.13772258,0.19306242,0.2642609,0.42254487,0.47304943,0.5615208,0.5964086,0.5649164,0.0,0.28416193,0.22895555,0.73929125,0.64836603,0.23423083,0.14792025,0.5214319,0.55194056,0.7485697,0.3624217,1.0,0.25066194,0.69514894,0.5208171,-0.017886579,-0.08871236,-0.23717052
0.0,0.0,0.1593361,0.0,1.0,1.0,0.25760183,0.2631702,0.6226467,0.40589935,0.11360259,0.37292877,0.5011031,0.55199945,0.0,0.25297672,0.12643854,0.69121647,0.53395706,0.41317794,0.46942514,0.4421723,0.59319204,0.7317553,0.35625634,0.8932332,0.2554919,0.6960748,0.85720944,0.062823154,-0.08788054,-0.050472178
0.112620264,0.37989852,0.24107629,0.27217585,0.9762442,0.9048722,0.16022597,0.18020584,0.5096876,0.40752327,0.22916855,0.44747046,0.49063444,0.3514788,0.081394,0.36081547,0.2631371,0.78132856,0.5371113,0.27848572,0.31605273,0.5939058,0.70327353,0.77827907,0.3997923,0.9543979,0.40824562,0.7542169,0.9190162,0.067373864,-0.052055296,-0.31616563
0.0,0.25577837,0.2640239,0.025719382,1.0,1.0,0.2618876,0.22911389,0.5960284,0.38766083,0.2951702,0.56760544,0.24438101,0.44697225,0.04624822,0.29650778,0.3663415,0.9345532,0.52616453,0.20905635,0.2957122,0.6182309,0.5733139,0.8807521,0.1767727,0.8605452,0.38658062,0.56591237,0.8590037,-0.0043987,-0.15351923,-0.20788018
0.109169185,0.1894958,0.09388287,0.19481008,0.9573814,0.90976,0.19967157,0.33717197,0.5296135,0.18158036,0.16509709,0.48224849,0.4785753,0.6024486,0.09031984,0.44398543,0.17931303,0.8761386,0.7201472,0.10452984,0.105691105,0.67681044,0.53388387,0.7337003,0.0,1.0,0.19673978,0.6422304,0.8403396,-0.014320269,-0.084487416,-0.12007783
0.0,0.0,0.049931027,0.09567517,1.0,1.0,0.15925212,0.2026091,0.2255083,0.36985445,0.12767407,0.44464946,0.6364957,0.7267783,0.016695961,0.40844,0.0,0.74639124,0.56809103,0.0,0.1204301,0.8320007,0.7843118,1.0,0.44411957,0.9780062,0.20284674,0.6265981,0.83743906,0.1285642,-0.12004618,-0.017226316
0.061153516,0.033957217,0.0,0.019074723,0.8343134,1.0,0.19355437,0.20189859,0.44233286,0.37297502,0.0,0.34214222,0.50285053,0.59340626,0.016398668,0.31725663,0.24452582,0.796515,0.5511101,0.2421085,0.0,0.474413,0.44417363,0.92458075,0.29656604,0.835697,0.09195547,0.7465592,0.58322406,0.07055678,0.1780972,0.011306398
0.0,0.0,0.20177224,0.0,0.94833905,0.8646914,0.26529846,0.26623031,0.3471026,0.41280985,0.26712936,0.20253253,0.26970243,0.65417325,0.19529898,0.33599177,0.21491002,0.7325005,0.48875505,0.1634652,0.30569485,0.5564654,0.6366432,0.803458,0.30476308,0.9098695,0.48070097,0.4859972,0.35791478,0.092441246,0.04527899,-0.05841461
0.0010098368,0.0121714175,0.06991239,0.10228006,1.0,1.0,0.14708506,0.080805294,0.58956945,0.36958843,0.2936945,0.19609852,0.551683,0.4327569,0.24344936,0.478048,0.25508288,0.71830165,0.6318792,0.2975421,0.34289557,0.6369297,0.564758,0.9799888,0.34842086,0.8379465,0.40448594,0.46136636,0.2192876,-0.026765406,0.08126852,0.17433752
0.0859541,0.017159851,0.07085056,0.16777925,1.0,1.0,0.123442516,0.35500705,0.3873269,0.52017605,0.4463771,0.3034157,0.41330317,0.19953333,0.36876327,0.46032706,0.37596112,0.67774665,0.40227634,0.24057034,0.3031193,0.5359601,0.5658764,0.8810745,0.3042259,0.8804083,0.27942064,0.48512062,0.17129834,0.09470698,-0.09282708,0.11997044
0.0,0.0,0.065016896,0.16216427,0.96787155,1.0,0.18246065,0.16819955,0.35665643,0.59421486,0.40283498,0.30117047,0.090210676,0.3403804,0.026190639,0.29974914,0.32411313,0.79760087,0.5832869,0.30042493,0.41899773,0.52025485,0.47748607,1.0,0.35171562,0.7480406,0.4010888,0.480017,0.17375426,-0.07260688,0.13127196,0.036090605
0.018416472,0.038000595,0.092849284,0.0,0.97210455,0.9423151,0.047740504,0.2521015,0.30201042,0.56686676,0.2967525,0.42802542,0.3137618,0.42734918,0.2922226,0.32268855,0.24268103,0.8586154,0.48791906,0.30685633,0.32536808,0.556373,0.4431994,0.81482726,0.4210204,0.9061356,0.34915507,0.46587747,0.29758388,-0.0139214685,-0.10598864,-0.106414855
0.0334674,0.1792007,0.04377897,0.0,1.0,1.0,0.11596921,0.46405104,0.39001665,0.44230407,0.21960337,0.51084155,0.13929328,0.3770913,0.19901153,0.4945295,0.2068513,0.706357,0.6995796,0.29484126,0.502226,0.43331465,0.7674118,0.75745887,0.27663884,0.9659822,0.3687513,0.2837093,0.5335078,-0.05029104,-0.081169955,-0.13295637
0.0,0.15284508,0.0,0.0,1.0,0.95251244,0.16856425,0.2618681,0.52254003,0.43828142,0.37069362,0.49317893,0.61682355,0.41920534,0.22257641,0.6156616,0.3118577,0.7814611,0.5581921,0.33440545,0.32040483,0.53302866,0.70761526,0.88063264,0.23830132,0.76847696,0.15338323,0.52759385,0.6889967,-0.055058986,0.055010416,-0.2734465
0.0,0.0,0.036082823,0.071885005,0.97536755,0.95783776,0.19363737,0.33607417,0.47973356,0.617681,0.38353825,0.33941743,0.47013187,0.47941875,0.0,0.4119848,0.2712692,0.9163388,0.554594,0.17094502,0.10412416,0.6683263,0.72063917,0.88877004,0.13548172,1.0,0.38266814,0.47408095,0.6933515,0.04652473,-0.23261884,0.005467236
0.15036054,0.0,0.0,0.057585537,1.0,1.0,0.28551036,0.17129378,0.44179684,0.45056272,0.5217243,0.25945136,0.71887296,0.6624153,0.12451917,0.37520486,0.22911893,0.65967876,0.6622377,0.30325222,0.18043569,0.50818104,0.5259221,0.8560002,0.37136543,1.0,0.34050468,0.4848788,0.46595818,-0.108049765,-0.10046694,-0.23736951
0.22457069,0.0,0.0,0.025964193,1.0,0.9932643,0.29790798,0.20033997,0.42586726,0.3866217,0.5250219,0.22360624,0.3940838,0.5992421,0.14915001,0.4214846,0.23563461,0.9241619,0.60646135,0.20218351,0.16144039,0.6783113,0.3440073,0.9485166,0.19345096,1.0,0.39774215,0.31837738,0.5810141,0.011255175,-0.11588116,-0.025545008
0.08276928,0.0,0.037224192,0.04719623,1.0,0.99225026,0.13615908,0.15960285,0.45393863,0.6492325,0.44597933,0.19571094,0.49403217,0.7304331,0.031362668,0.37308213,0.34227228,0.8146614,0.45506305,0.2886573,0.07154374,0.5287077,0.5713412,0.9307345,0.23565319,1.0,0.30305296,0.4557345,0.2866601,0.04324463,0.076750375,-0.13537353
0.0,0.0,0.0,0.055213306,0.93531114,0.92405635,0.2094603,0.07308872,0.6022466,0.32791853,0.46994007,0.291766,0.6182736,0.596321,0.09968649,0.72077453,0.33513007,0.6880312,0.5346664,0.19024888,0.10288057,0.7258394,0.71500754,1.0,0.30862898,1.0,0.29454684,0.3581712,0.24920021,-0.046577066,-0.16182218,-0.21327369
0.028641127,0.0,0.0,0.0050314735,1.0,0.82615346,0.23083712,0.1651407,0.3756105,0.5301012,0.4914661,0.35121697,0.58207095,0.83917177,0.045678433,0.33722663,0.2964749,0.6871845,0.38466603,0.17944498,0.22167693,0.51583064,0.45721,0.9269157,0.2772665,1.0,0.26438358,0.30325246,0.36659253,0.07415734,-0.09868939,0.11278989
0.16464968,0.25397044,0.0,0.13561513,0.868196,0.93453914,0.05699657,0.1378265,0.38245097,0.41161892,0.46411106,0.4953586,0.50817066,0.46824872,0.1785823,0.26817244,0.40039235,0.84995323,0.69314253,0.22118658,0.28864968,0.49059922,0.6111404,0.9997821,0.18282084,1.0,0.28678635,0.12535377,0.40217417,0.05999194,-0.021204766,-0.18019205
0.0,0.0,0.14468811,0.31149733,0.96639895,1.0,0.37655655,0.056842975,0.33988953,0.26848733,0.2344757,0.4029328,0.47279683,0.30046415,0.224392,0.3829043,0.4746799,0.73158884,0.5630349,0.3966402,0.39301768,0.43434483,0.60356045,1.0,0.38174993,0.66723603,0.3485921,0.32975787,0.52209014,0.15349258,-0.007240355,-0.18953651
0.09702198,0.17629696,0.5007024,0.16984624,1.0,1.0,0.0855043,0.10180397,0.48458275,0.5852231,0.18843064,0.6544257,0.29992795,0.34136918,0.47976297,0.34629712,0.3762552,0.51914436,0.5325774,0.48842818,0.57764786,0.40839106,0.55610543,0.7331668,0.5162772,1.0,0.34427306,0.46052724,0.6718068,0.15552098,-0.061090186,-0.24403766
0.04514724,0.13531354,0.105967775,0.15076141,1.0,1.0,0.35214597,0.119441934,0.3472961,0.607947,0.17105669,0.62498236,0.38433003,0.19526419,0.29150137,0.47659886,0.44606268,0.87388015,0.4144491,0.6031502,0.5431517,0.5184352,0.8008671,0.90952086,0.3257837,0.97153944,0.36033997,0.28335428,0.72132653,0.09253022,-0.21564525,-0.2048052
0.0,0.09255148,0.080965236,0.012954168,0.8660075,0.9659945,0.16412215,0.1462812,0.46680397,0.4471445,0.31697834,0.6858431,0.2409155,0.40676323,0.40949497,0.34576687,0.40057075,0.597668,0.54369426,0.46676108,0.53170794,0.40011463,0.4983255,0.6582557,0.21748029,0.85676515,0.37890214,0.024828568,0.78047514,0.08031525,-0.3,-0.097334065
0.0,0.103238896,0.17496456,0.15812111,1.0,0.9314668,0.26046595,0.15513685,0.37762007,0.40425763,0.10464333,0.7195605,0.26347926,0.17007545,0.5871838,0.3016734,0.55798393,0.6483248,0.2882935,0.57577795,0.50500953,0.32211974,0.38684496,0.95071137,0.39263722,0.6909838,0.4423321,0.19893406,0.8099562,0.16032885,-0.11197466,-0.13783795
0.096998364,0.31364086,0.24298982,0.33384198,0.9154588,0.88208467,0.2283733,0.21242392,0.33744875,0.40052646,0.28986812,0.51438856,0.24066356,0.32172772,0.60231,0.32119206,0.69214207,0.63949513,0.6449467,0.7680122,0.7581811,0.3730237,0.46872956,0.75784814,0.52026075,0.8867495,0.36439985,0.0,0.6217937,0.083146535,-0.15422368,-0.1611649
0.13273239,0.334264,0.12991874,0.36207128,1.0,1.0,0.2694849,0.27230138,0.3693896,0.41437948,0.15376337,0.42599118,0.34897792,0.3188706,0.65836596,0.36938906,0.67365336,0.7233958,0.5879844,0.7974025,0.77706546,0.28238362,0.3650577,0.7383904,0.51777315,0.65661484,0.32021067,0.18952669,0.60131824,0.029016823,-0.20360619,-0.010165021
0.15232572,0.17425895,0.65749,0.36881706,0.98770595,1.0,0.30132902,0.32563046,0.6138501,0.61251587,0.32166618,0.65961033,0.070157036,0.22757132,0.57367235,0.119786605,0.8171361,0.568307,0.40925056,0.6842108,0.9678504,0.4725484,0.5713964,0.6569857,0.32089284,0.83203244,0.30864036,0.23403032,0.47769636,0.08739333,-0.10302049,0.1285497
0.2810423,0.09248972,0.4641056,0.48336023,1.0,1.0,0.16514075,0.11378703,0.62397736,0.46951607,0.055238053,0.53870946,0.23746501,0.27514005,0.7275284,0.29425,0.8713163,0.79506195,0.39813268,0.8497547,0.77522576,0.34967273,0.57963437,0.6939068,0.31270382,0.6087174,0.47826305,0.07207613,0.37963822,0.08001052,0.046381235,0.025733646
0.21482736,0.3424759,0.55600995,0.45332122,0.98674923,1.0,0.3374962,0.31316322,0.48504788,0.43777558,0.17642929,0.5592459,0.1393823,0.16099994,0.9291216,0.1250848,0.8567531,0.6532675,0.51517123,0.98999345,0.88399225,0.39374185,0.4075856,0.5200331,0.43163848,0.6884989,0.5066184,0.0,0.46105167,0.106932424,-0.19215287,-0.16225287
0.3383522,0.5168501,0.6261679,0.5914646,0.9061519,1.0,0.14078188,0.20450552,0.5554171,0.37383893,0.1022445,0.6672526,0.28561842,0.0,0.8278807,0.3525409,1.0,0.6635437,0.2064066,0.95531064,0.9756386,0.25563177,0.27640694,0.6166438,0.39073104,0.5533329,0.59798974,0.043431167,0.52845764,-0.05359085,0.114420824,0.030059654
0.4103819,0.27289394,0.69734716,0.5760309,0.90627086,0.87012106,0.17432457,0.16599533,0.59598315,0.54476464,0.1406509,0.45986193,0.034870803,0.14277858,0.89801806,0.44510457,1.0,0.67301106,0.2337347,1.0,0.87849295,0.32518893,0.3371713,0.6126728,0.37251666,0.6437818,0.42911035,0.15893382,0.38171402,0.04446442,0.05370746,0.08088701
0.42683116,0.43245775,0.57415354,0.5695588,0.8521305,0.8483721,0.16524884,0.40455878,0.49748877,0.40231967,0.28234816,0.5327502,0.12749863,0.29072887,0.96222913,0.2850886,0.8532536,0.7277078,0.4726561,0.6676899,1.0,0.34306067,0.33021262,0.34868258,0.5056162,0.64155465,0.24377745,0.13313958,0.3913913,0.079906,0.23821294,0.05587273
0.47084823,0.17936999,0.53035074,0.6431749,1.0,1.0,0.17970347,0.3752706,0.5828916,0.37517416,0.319322,0.42832252,0.12411784,0.24621007,0.8529235,0.48338103,0.78828526,0.8926725,0.5731551,0.81984997,0.7113663,0.4125384,0.52045864,0.76802826,0.39316228,0.49930683,0.6180111,0.17008471,0.29170424,0.10458537,0.18264665,0.16949959
0.40759706,0.60597223,0.4693549,0.50139725,0.8954444,0.97842604,0.07016032,0.039726734,0.5762797,0.5436864,0.35803738,0.40431598,0.11356743,0.13503517,0.85363036,0.2865878,0.96117914,0.6632212,0.4181404,0.56532145,0.65682465,0.5445687,0.48590067,0.6208173,0.46009168,0.54374784,0.35651562,0.17716782,0.24782822,-0.024468232,0.079691954,0.17536415
0.1626056,0.44602442,0.49707565,0.56576145,0.90353745,0.9073265,0.16428539,0.18450965,0.5558534,0.434135,0.2557192,0.44058174,0.22385703,0.036487035,0.7195806,0.58735555,0.7819115,0.7761784,0.46524438,0.8252807,0.58457506,0.3757715,0.40960473,0.5932179,0.42766348,0.5220171,0.35517204,0.31925252,0.15633065,0.24928686,-0.03222204,0.07486479
0.15055382,0.22196493,0.45259655,0.4304705,0.93307626,0.9432461,0.257773,0.46867448,0.5239653,0.42435506,0.23195168,0.54896754,0.21271808,0.14344743,0.6477975,0.45789188,0.63657284,0.74527174,0.52533674,0.6972719,0.61604166,0.58627176,0.46864724,0.71793234,0.45455384,0.54455805,0.3415391,0.2778219,0.23321319,0.14723337,0.12975155,0.23167777
0.0,0.069586776,0.34108347,0.35906214,0.8483444,0.96202123,0.17496318,0.26103672,0.42693484,0.6453347,0.29512164,0.5443605,0.29540783,0.17083785,0.39719573,0.43037298,0.7780516,0.79032016,0.49753064,0.46903718,0.61024,0.3968367,0.49897698,0.8899138,0.4263687,0.6121443,0.42933983,0.3250492,0.119073,-0.08615988,-0.21421672,-0.0353717
0.003242541,0.04943707,0.13134106,0.11555205,1.0,1.0,0.3868752,0.19028391,0.52191323,0.481553,0.3114887,0.40216303,0.0,0.25696847,0.4692387,0.39253372,0.6321471,1.0,0.50461906,0.60672444,0.6307866,0.7102753,0.5443334,0.73583066,0.45944053,0.79168177,0.47953472,0.2670939,0.47802207,0.027430292,-0.033212543,0.07757944
0.16654417,0.1025071,0.0,0.0,1.0,0.9877497,0.0,0.16763783,0.45441577,0.5343416,0.32740936,0.42811942,0.2322385,0.17207952,0.4183736,0.49941424,0.6395684,0.8557974,0.49059987,0.5008241,0.7382163,0.43573686,0.53673756,0.7028507,0.26839495,0.6846637,0.43893418,0.27711797,0.6123513,-0.17457193,0.007749308,0.14751437
0.0,0.069627844,0.032601316,0.0059966166,1.0,0.9243875,0.28385428,0.15129772,0.4205258,0.49710116,0.31325403,0.40506452,0.12574697,0.09300784,0.36869508,0.47180867,0.6841866,0.7896647,0.45003733,0.49201792,0.5900335,0.23861802,0.53650564,0.74365956,0.41626507,0.7363103,0.38433057,0.061895102,0.4847195,-0.12631287,-0.2611886,0.08954885
0.040792722,0.11352282,0.11900133,0.0,1.0,0.9518071,0.2587292,0.20512997,0.5680481,0.63494694,0.26366994,0.28218627,0.20914954,0.27183792,0.53938794,0.5728861,0.67428035,0.8756315,0.59822977,0.6749427,0.6886999,0.5469609,0.36038792,0.7027233,0.21264347,0.72911906,0.47107613,0.051030852,0.6876603,-0.021035574,0.05873373,-0.009179119
0.0,0.09303859,0.0,0.021094173,1.0,0.902224,0.23409891,0.21443793,0.5363592,0.48989335,0.42755422,0.4231338,0.22165191,0.25175437,0.542273,0.22773927,0.67422915,0.6649474,0.45391402,0.6401682,0.6344488,0.2570463,0.24787101,0.68044037,0.35156974,0.66414297,0.3374567,0.0,0.58169353,-0.2839443,0.083583325,0.06401992
0.022638876,0.08429752,0.25965995,0.0,1.0,0.73836845,0.15498883,0.21344206,0.68819326,0.41361967,0.3939003,0.120241,0.47673142,0.047730014,0.56154996,0.36080843,0.7708745,0.69533134,0.36558864,0.7070428,0.8381474,0.43078494,0.46847025,0.80254203,0.27367973,0.77075696,0.2801536,0.0,0.4107012,-0.32036948,-0.027778145,-0.027155386
0.0,0.09378421,0.0,0.0,0.82691133,0.9089371,0.3367304,0.20082474,0.4331895,0.4046948,0.6081464,0.34274635,0.22518046,0.39158672,0.7310521,0.22160946,0.8608357,0.7297028,0.3605819,0.9624642,0.7093981,0.45483723,0.48847243,0.77663684,0.26267153,0.8524369,0.36636615,0.19053243,0.43524942,-0.1366956,0.24903692,-0.083513126
0.1523736,0.062059376,0.03644524,0.0,1.0,0.9940691,0.0,0.20777722,0.49442273,0.42037302,0.48951492,0.25908777,0.25249922,0.38206023,0.5272702,0.5855767,0.99189955,0.78652215,0.38445276,0.8443498,0.76982373,0.48520666,0.42449927,0.76911193,0.41931668,0.8588348,0.26894653,0.14310417,0.3926224,-0.32571343,0.065007985,-0.3033296
0.13471317,0.07192272,0.11912953,0.14688095,0.7526915,1.0,0.3439277,0.38452107,0.60691303,0.5631655,0.44980258,0.22177064,0.28883567,0.17414108,0.6690812,0.27712554,0.82290155,0.81871146,0.51410306,0.6529133,0.66253656,0.44813275,0.32936764,0.7998511,0.4788604,0.74834454,0.39464912,0.3177457,0.60925853,-0.27787787,0.072756305,-0.1548075
0.17412633,0.27360892,0.34181362,0.23661828,0.97243786,1.0,0.2993307,0.24419789,0.48793828,0.42959738,0.51257974,0.52140135,0.30831012,0.15761882,0.4892666,0.38900807,0.7155271,0.75998616,0.45216465,0.7344624,0.45589834,0.53499603,0.3835872,0.7260514,0.38664657,0.77461493,0.36514825,0.0,0.6389847,-0.31744853,0.10647833,-0.31955692
0.13953847,0.1860042,0.20632932,0.14802985,0.98834705,1.0,0.24207914,0.3376783,0.32568192,0.48704895,0.28306487,0.44709238,0.40976295,0.3377513,0.38280833,0.37067652,0.6305223,0.9154786,0.5558713,0.54442775,0.67441237,0.59673464,0.48868173,0.7049426,0.26175046,0.6075294,0.4593044,0.20468386,0.79205877,-0.28280452,-0.009576911,-0.43999097
0.0,0.0,0.1669695,0.0,0.99104816,0.8920153,0.124404915,0.15958902,0.32756847,0.34823722,0.24798107,0.5733522,0.37296614,0.3181956,0.32163393,0.42143112,0.4036558,0.803749,0.45782804,0.48013654,0.7003554,0.46144736,0.56275076,0.8570478,0.40253118,0.79097337,0.21500082,0.12696992,0.83300734,-0.21314114,0.21280116,-0.27961236
0.098632075,0.12883626,0.0,0.0,0.85605645,1.0,0.21806104,0.25587004,0.30258137,0.5623106,0.1576589,0.3459305,0.2770756,0.24072655,0.41455975,0.21666868,0.35507065,0.85890734,0.334149,0.30083895,0.39071906,0.4747894,0.59685546,0.7523805,0.35542554,0.75894827,0.37613153,0.034351677,0.8906434,-0.09527472,-0.14268924,-0.34905192
0.060710724,0.0,0.027376305,0.0,1.0,1.0,0.2127355,0.21020375,0.33321762,0.3350459,0.10588045,0.35948235,0.30975685,0.3570724,0.19369486,0.46375376,0.27597016,0.6740272,0.6802033,0.43744937,0.56561416,0.39584708,0.6946205,0.7765518,0.3636117,0.9322036,0.34127846,0.22219515,1.0,-0.17306454,0.02323105,-0.41120347
0.22621055,0.009405259,0.0,0.071125165,1.0,0.89372647,0.045119435,0.1051279,0.48161322,0.5510676,0.24340183,0.5292264,0.4197057,0.4140494,0.09021311,0.30289418,0.35654444,1.0,0.67811704,0.11210118,0.35380447,0.6632311,0.40617728,0.6680348,0.1860227,0.7727506,0.1171795,0.15932792,0.8639066,-0.024338216,-0.20708963,-0.30783635
0.046260655,0.0,0.0,0.0,0.9281885,0.97723377,0.0034962445,0.025594339,0.3337005,0.36939302,0.2138961,0.33459598,0.2990079,0.58563083,0.080992565,0.46500844,0.026700154,0.7027001,0.59070194,0.2997387,0.33467472,0.6517248,0.69088846,0.8145489,0.29712647,0.87050265,0.20070979,0.39613205,0.86244196,-0.1467466,-0.01182008,-0.10085535
0.0,0.0,0.128701,0.0,1.0,0.95976716,0.09847321,0.12689763,0.46705818,0.20878808,0.27584857,0.32254222,0.5674312,0.60802144,0.0,0.48554504,0.332469,0.94768715,0.44929522,0.15787064,0.31486022,0.56421524,0.5148529,0.7544974,0.49646217,0.7907965,0.052661046,0.30278274,0.782676,0.013629705,-0.16209939,-0.071319826
0.0,0.0,0.0,0.12201759,0.89609414,1.0,0.12970918,0.30286518,0.0714522,0.36632043,0.301501,0.39344057,0.60115284,0.5361668,0.13054354,0.397032,0.2942204,0.54604363,0.604113,0.26829195,0.3141419,0.66033894,0.6880177,0.66785985,0.3326092,0.80084664,0.26955056,0.34711403,0.75831544,-0.107449405,0.100169316,-0.09008215
0.122965895,0.0,0.0,0.07989531,1.0,0.81783915,0.05375707,0.2714481,0.38168252,0.41289797,0.36170527,0.20979418,0.43092635,0.48729417,0.056767438,0.5285041,0.4302662,0.69959456,0.59493726,0.25833163,0.2972604,0.48874238,0.5830186,0.82249457,0.17880516,0.91212666,0.26389703,0.5007826,0.5833105,-0.18992504,-0.15279208,-0.07169771
0.043150365,0.08951318,0.0,0.0,0.9686316,0.96646714,0.16803291,0.0,0.37845936,0.32426026,0.4789964,0.0,0.35090783,0.82423353,0.017855734,0.5471084,0.31149143,0.7292783,0.74925715,0.2749763,0.43415844,0.5342912,0.59162813,1.0,0.3975597,0.8946415,0.37038797,0.321369,0.64404273,-0.113436505,-0.066434436,0.054349132
0.0,0.19573025,0.0,0.0,0.8381281,0.76891816,0.17474999,0.09580473,0.29593584,0.42316166,0.4188741,0.1895245,0.58072174,0.44170955,0.094383076,0.32569703,0.3415475,0.6803077,0.61661816,0.28738642,0.14779323,0.5679463,0.5728673,0.73982316,0.45075357,1.0,0.16502151,0.30285507,0.7484688,-0.03189764,0.05598253,0.20141578
0.06844775,0.0,0.025913054,0.17383072,1.0,1.0,0.2180705,0.20136029,0.38040966,0.32869777,0.49738508,0.21139863,0.41718674,0.2506951,0.30644304,0.38883686,0.1370723,0.62278557,0.4806431,0.3051478,0.3294237,0.58838844,0.5656749,0.66897154,0.34971386,0.9410745,0.47251052,0.46073556,0.72842443,0.020049106,-0.1748429,-0.09971179
0.10729433,0.14319038,0.100805216,0.011397585,0.8581994,1.0,0.24180898,0.07580841,0.4596932,0.55760384,0.22734538,0.18183967,0.25463742,0.45666265,0.06922032,0.44006503,0.26053476,0.6460101,0.38409948,0.27378857,0.34175128,0.57824475,0.56727487,0.6878489,0.42659107,0.8697577,0.3169052,0.37065002,0.8370642,-0.0369657,0.10315009,0.15247399
0.034336176,0.024261704,0.17617635,0.0333149,1.0,1.0,0.16095203,0.2925571,0.39467034,0.4063899,0.4654536,0.22116363,0.42208076,0.3753287,0.03888917,0.5331574,0.39053228,0.6350545,0.46474516,0.3595451,0.30598927,0.4746069,0.5085744,0.82215434,0.25825545,0.6551521,0.3857801,0.54496294,0.8519147,-0.124585286,0.012358043,0.14519157
0.06460493,0.0,0.0,0.24532363,0.9282993,1.0,0.24402785,0.27035177,0.52782905,0.34239557,0.64975643,0.1894455,0.41963556,0.3431458,0.11373812,0.5947843,0.11262366,0.74423534,0.515736,0.24939753,0.29512012,0.49934354,0.56209695,0.7604518,0.3233889,0.7976954,0.37928173,0.31166515,0.4897832,0.0947143,0.009677649,0.23916107
0.0027258098,0.0,0.08866857,0.0,1.0,1.0,0.08806612,0.21504201,0.30200708,0.31989673,0.7338409,0.08052846,0.41222,0.52824026,0.016904498,0.33407742,0.1752978,0.75694054,0.51071435,0.35307792,0.28539932,0.53826374,0.7230604,0.81347305,0.5985824,0.79072464,0.25875676,0.37042305,0.3888775,-0.16097781,0.2460849,0.23976731
0.0,0.0,0.0,0.07274152,1.0,1.0,0.12858695,0.23494227,0.38334146,0.104619116,0.70628065,0.14867622,0.5081979,0.4552734,0.1630713,0.54351217,0.26516682,0.77793366,0.51656604,0.25071046,0.47761485,0.5499548,0.7224629,0.8596438,0.22614983,0.78837675,0.35918432,0.3342468,0.21872798,-0.019790146,0.24357788,0.2677661
0.04452649,0.05804669,0.0,0.017789213,1.0,1.0,0.24774478,0.2267043,0.30377468,0.46099028,0.5577628,0.0688336,0.46521005,0.32917553,0.0,0.4338087,0.30488646,0.771894,0.6519262,0.2104811,0.15039775,0.6288323,0.54435426,0.7341204,0.33869058,0.96545583,0.31823957,0.4072009,0.18221213,0.040522046,0.058301672,0.2908315
0.040110152,0.0,0.052433778,0.0,0.9295952,1.0,0.079691485,0.32263148,0.41106376,0.20796661,0.5792633,0.14499879,0.30415004,0.46929938,0.0,0.25110632,0.3003136,0.67817616,0.46496662,0.3054753,0.24566117,0.5323547,0.6670813,0.8080164,0.44963416,0.8658698,0.28646043,0.3197123,0.15309164,-0.13018677,0.23234555,0.3044361
0.1891638,0.11836505,0.08115009,0.044116728,0.8748117,1.0,0.2623387,0.21850477,0.4028502,0.5874534,0.536568,0.123427436,0.5114671,0.49322432,0.0985812,0.33811286,0.33504352,0.8451592,0.54492944,0.32183263,0.17188394,0.502322,0.6597865,0.6572585,0.41732624,0.88271725,0.29913777,0.23808104,0.21538286,-0.1200572,0.22763345,0.2821693
0.09368151,0.020295868,0.14531612,0.24011031,1.0,1.0,0.2642051,0.17668958,0.3480956,0.5215573,0.6135549,0.21719441,0.39553744,0.38607138,0.013179235,0.6040449,0.35440606,0.77040386,0.4791856,0.39698473,0.40561754,0.6110842,0.6386192,0.9366081,0.26161748,0.8260088,0.24510875,0.4315518,0.1536234,-0.095758244,0.08963624,0.30453283
0.0,0.11330262,0.08308527,0.022422707,1.0,1.0,0.0,0.14279601,0.17603636,0.42739108,0.58061624,0.11276785,0.42159733,0.44989866,0.0,0.52140987,0.32867745,0.84106964,0.66055393,0.48343512,0.27779123,0.356924,0.5483396,0.7468833,0.45899525,0.7627817,0.41116923,0.44990808,0.3031921,-0.0026439354,0.2339918,0.12076454
0.08865095,0.0,0.0,0.16732007,1.0,0.8502352,0.11835223,0.20933254,0.26439333,0.5853102,0.44270322,0.11751632,0.30629632,0.39240515,0.024716422,0.44343203,0.3212746,0.85291165,0.5622903,0.24224313,0.30121884,0.6197194,0.48077878,0.7852608,0.50294185,0.66958714,0.39327484,0.48989105,0.48646194,-0.11782925,0.15034695,0.13460903
0.0,0.12277278,0.17955129,0.0,1.0,1.0,0.20260902,0.075918496,0.4000424,0.50341874,0.34933063,0.16297613,0.22732905,0.30885226,0.0892786,0.57987267,0.25993928,0.8655045,0.6195877,0.24813692,0.30164954,0.6096388,0.66246253,0.7589801,0.49271655,0.866334,0.47578412,0.45870784,0.71821296,-0.17815931,0.3,0.058764346
0.21579118,0.12604669,0.0015301108,0.06654805,0.90896535,0.93833274,0.2593217,0.20108542,0.6739465,0.44767246,0.52528614,0.017121032,0.31823498,0.25928253,0.077120304,0.4586285,0.33039093,0.84344834,0.4819628,0.4023226,0.22884142,0.400562,0.58032924,0.7360705,0.13565853,0.8128847,0.5080448,0.43496934,0.6630106,-0.010259382,0.085429884,-0.073591664
0.04703408,0.0,0.075878516,0.12419773,0.98980206,1.0,0.09412631,0.22108863,0.45537505,0.5503587,0.49401116,0.17719787,0.388748,0.34151703,0.08437834,0.55826813,0.36711875,0.8844119,0.5508453,0.20156568,0.19574443,0.50827366,0.5928315,0.8062623,0.3866048,0.7762762,0.21109727,0.62375504,0.6446831,-0.0160195,-0.01309146,0.090676926
0.23799868,0.050163794,0.0,0.13349782,1.0,0.9835103,0.22874264,0.08144673,0.47758618,0.38338605,0.6094672,0.13812524,0.30433646,0.5598143,0.0,0.6010559,0.32555762,0.6752538,0.5607791,0.087726876,0.16135085,0.66088676,0.5747067,0.70459324,0.23299307,0.82423043,0.40697896,0.43914542,0.492867,-0.07619894,0.020276345,-0.054996
0.11884405,0.11720984,0.0,0.07815219,1.0,0.9904827,0.06499689,0.11001621,0.5351391,0.38979524,0.6447647,0.1977517,0.27590293,0.4500419,0.0,0.32114384,0.147371,0.7824306,0.78154635,0.43522,0.2253797,0.7072097,0.3559604,0.89022803,0.3039675,0.8572044,0.44313213,0.58657813,0.71050686,-0.0008474253,0.07292533,0.041386202
0.0,0.03489666,0.16477965,0.059486188,1.0,1.0,0.106209345,0.1819891,0.4563067,0.46184608,0.5077087,0.26086396,0.25424665,0.31421417,0.0,0.5549506,0.21160834,0.9830132,0.7710652,0.24469028,0.1734643,0.46792042,0.36528647,0.755327,0.38798845,0.8605283,0.32402682,0.6367026,0.63762975,0.018827435,-0.011100307,-0.1626983
0.0,0.0,0.2062228,0.09765369,0.86560667,1.0,0.2871093,0.121499315,0.559904,0.3406581,0.43147603,0.11847478,0.36650178,0.5594483,0.10418406,0.46627182,0.108881176,0.89265573,0.46211255,0.28158218,0.14667255,0.6484825,0.618817,0.8211636,0.3542368,0.97010416,0.25923303,0.65135837,0.73362494,0.025092864,0.09342768,0.22225842
0.0,0.23020035,0.0,0.0,0.97597593,0.9211768,0.34141764,0.40281284,0.21572524,0.42290875,0.46113142,0.42882842,0.59051204,0.34847227,0.14127868,0.5263991,0.2306135,0.83733016,0.6382736,0.23134619,0.0894348,0.51942563,0.5309513,0.61167437,0.20448321,0.88737565,0.48154086,0.6011036,0.37493676,0.08584239,0.15124363,-0.22779568
0.036896028,0.05226233,0.0,0.0,0.8379772,0.97169566,0.06942872,0.0,0.33219427,0.40952677,0.2893701,0.41612443,0.3714057,0.63816166,0.0,0.47770953,0.25044397,0.72178346,0.55497015,0.20391367,0.29446173,0.76937014,0.632147,0.67262435,0.45259213,0.85991997,0.45066267,0.6359581,0.5405176,0.10837575,-0.09530803,-0.091932684
0.0,0.07859085,0.06637843,0.06452283,1.0,1.0,0.12526001,0.27137282,0.39794084,0.53374356,0.37673044,0.52586496,0.36097047,0.549606,0.09873226,0.4521059,0.19639915,0.8641984,0.49531728,0.124160595,0.23544282,0.43220514,0.47453466,0.86598605,0.08135903,0.828099,0.5540314,0.60752195,0.53934914,0.092998326,-0.040829033,0.027258448
0.26670933,0.0,0.047352646,0.29058662,1.0,1.0,0.0,0.18494901,0.55235976,0.20662574,0.20798849,0.30737165,0.25752336,0.2200195,0.041209973,0.2896378,0.06634751,0.67028165,0.59636337,0.32219577,0.31719404,0.55000305,0.388218,0.91964006,0.2691123,0.9182208,0.5542141,0.50361896,0.5690114,0.23299935,0.11597172,0.1652306
0.120750844,0.16696462,0.010212541,0.20028391,0.8769016,0.98693436,0.05551693,0.13985488,0.4331206,0.36728355,0.47703803,0.29292792,0.32102755,0.30951297,0.14856659,0.34765673,0.32229295,0.8747705,0.41700813,0.26860213,0.35213563,0.5509274,0.5995132,1.0,0.34433565,0.64746356,0.36709473,0.5700383,0.3149796,0.11252866,-0.043627076,-0.06849742
0.0,0.11604947,0.042909566,0.06561509,1.0,1.0,0.18582729,0.093226984,0.43631217,0.30515233,0.39640233,0.5048204,0.51710224,0.33991438,0.098248065,0.45076135,0.41546476,0.7624926,0.52178365,0.39892438,0.29379675,0.6099167,0.5694768,0.6273858,0.43782488,0.78475875,0.25726712,0.55827284,0.31684488,0.08564263,0.09715487,0.041029036
0.09887394,0.0,0.1150832,0.10823929,1.0,1.0,0.27327526,0.06270732,0.37267435,0.40309238,0.27234828,0.38404548,0.19882922,0.28001243,0.0,0.4180234,0.4013784,0.77853316,0.4346227,0.35328472,0.33689523,0.5694615,0.4692054,0.6947114,0.19423942,0.7959643,0.38493955,0.44805312,0.105382085,-1.2859702e-05,0.00611086,-0.09699944
0.015589312,0.016357645,0.10084687,0.0,1.0,1.0,0.38975513,0.32977843,0.6013542,0.49461842,0.32677534,0.5311118,0.431996,0.4213598,0.29824096,0.42505416,0.39009318,0.65855,0.5600932,0.27001095,0.47708914,0.58568203,0.57208085,0.83081836,0.32307738,0.6521173,0.4353516,0.42183334,0.36528996,0.0471587,-0.044539552,0.043000486
0.34414685,0.03453009,0.10350597,0.12603661,1.0,0.9937355,0.05741401,0.26519406,0.4676893,0.3250656,0.37624526,0.44132555,0.24451129,0.43126696,0.23787075,0.41581047,0.2922182,0.9755046,0.5352397,0.37133425,0.21544912,0.57097137,0.80407107,0.85366136,0.30563447,0.8374424,0.31343734,0.3387141,0.32244653,0.058776468,-0.025394008,0.060767755
0.18610194,0.0,0.0,0.12131213,1.0,1.0,0.2543133,0.13115463,0.4655493,0.5599951,0.1222589,0.49962953,0.34454715,0.4697355,0.13904232,0.2718795,0.20525102,0.71185267,0.5687032,0.37132654,0.39443648,0.3205725,0.640531,0.72916394,0.4055655,0.71428293,0.24930917,0.25693285,0.24067098,0.25620165,-0.052554607,0.11081407
0.1007841,0.13653192,0.1869155,0.14355853,0.94394076,1.0,0.114300765,0.26665092,0.47407785,0.581644,0.15618435,0.69388556,0.54355234,0.46997824,0.16384995,0.45253256,0.38777673,0.80718267,0.57376724,0.59226346,0.47104612,0.5278368,0.5067281,0.84111524,0.21936199,0.61212015,0.2655678,0.26577172,0.35769892,-0.10020304,0.029341096,0.05443362
0.08885279,0.0,0.0,0.0,1.0,1.0,0.18531945,0.11023655,0.48015705,0.45583206,0.17577866,0.67841643,0.43757284,0.32824385,0.26290226,0.37299585,0.334681,0.6296051,0.54373825,0.397434,0.27589536,0.51755095,0.7604107,1.0,0.38304803,0.7823263,0.35827386,0.2986326,0.17823201,0.06852438,-0.19654123,-0.1388256
0.0,0.103032455,0.0077283904,0.0,1.0,1.0,0.12015001,0.33155602,0.4139155,0.6153356,0.12795036,0.6429118,0.4717962,0.27871788,0.42244035,0.40606976,0.43742564,0.7915077,0.47387925,0.4122419,0.36058924,0.7985934,0.6570718,0.7782173,0.29288816,0.8531927,0.52658105,0.49193367,0.45481756,0.04461224,0.116025105,0.2238616
0.12730677,0.03179419,0.0,0.2167916,1.0,0.787507,0.1326085,0.20486136,0.52478474,0.43868774,0.2862766,0.5815085,0.26931113,0.3547089,0.4011253,0.47787464,0.42676213,0.96950155,0.56328464,0.49915078,0.4420937,0.42180064,0.45434666,0.59719694,0.3569095,0.71281856,0.50127655,0.36885214,0.22674417,-0.047796026,0.014222506,-0.0019506924
0.13008416,0.20864779,0.113560736,0.12038201,1.0,1.0,0.28260568,0.26618966,0.5638279,0.59826833,0.38585854,0.5092375,0.08754791,0.21137187,0.37984514,0.34059906,0.45304418,0.7027979,0.56771827,0.46412808,0.5611748,0.62261385,0.35890484,0.6079378,0.39792123,0.459351,0.30243218,0.12841861,0.29657793,-0.06934525,-0.21923673,0.1652385
0.20086321,0.18816558,0.012681901,0.1314,0.8486538,0.9909219,0.23769282,0.45867753,0.55787766,0.4299933,0.4158514,0.37844437,0.19561967,0.06898009,0.6580921,0.35841966,0.6839761,0.6461161,0.5049752,0.6734304,0.5758431,0.7289125,0.4172298,0.6766085,0.4611022,0.4972958,0.474313,0.2549221,0.21393895,-0.147369,-0.02462482,0.28834286
0.0,0.20141958,0.11422259,0.025469795,0.9319382,1.0,0.256844,0.27128223,0.41136137,0.64750206,0.54926294,0.23276097,0.1028124,0.06837183,0.63853306,0.4929762,0.6582074,0.7420786,0.38197336,0.71531904,0.8099073,0.3252265,0.48377514,0.5195306,0.48839942,0.71470135,0.36267114,0.0,0.077424094,-0.067294665,-0.023846034,0.26980793
0.2070835,0.10594393,0.005071223,0.30501285,1.0,0.9244289,0.17582555,0.061910093,0.46703932,0.4652624,0.5104582,0.20657077,0.25677654,0.11501649,0.7944612,0.44079006,0.8498012,0.76743615,0.5065259,0.8907778,0.8582465,0.530978,0.31228238,0.5557277,0.48280826,0.60535604,0.20894927,0.0,0.036138795,-0.03976118,-0.06876489,0.20437832
0.17991456,0.12560369,0.24313329,0.25374934,0.8531476,1.0,0.29618198,0.34875056,0.550905,0.55054253,0.6332801,0.27880096,0.14072526,0.16688706,0.83938605,0.25119144,0.85568637,0.50225574,0.38614592,0.8645344,1.0,0.23570189,0.43488708,0.628377,0.5764572,0.6277354,0.51572514,0.0,0.2220033,-0.037029665,0.010526922,0.1581173
0.11849736,0.40361884,0.28013298,0.35216883,1.0,1.0,0.14622892,0.2644948,0.3890586,0.6218998,0.64416856,0.32650548,0.20604658,0.13989669,1.0,0.28295046,1.0,0.49501607,0.42678517,1.0,1.0,0.2417396,0.3145802,0.48796955,0.14015189,0.7155934,0.56278527,0.09776888,0.45449957,-0.034931112,-0.12999165,0.25996944
0.3717056,0.36978495,0.34482577,0.2553929,1.0,1.0,0.24585496,0.2402988,0.53004587,0.41093093,0.51902497,0.34149367,0.2466296,0.009539738,0.8544007,0.12383251,0.99105364,0.6606747,0.1966349,0.9504591,0.8252197,0.26707864,0.38225845,0.7673442,0.33105484,0.8145077,0.49252507,0.0,0.32637984,-0.021281503,0.028234996,0.17517094
0.51925194,0.18416283,0.49717867,0.4119763,1.0,0.8882783,0.37853512,0.38768017,0.41718352,0.48454797,0.5345904,0.21817446,0.22337286,0.2819313,0.63414824,0.30102223,1.0,0.7538101,0.40152088,0.9597869,1.0,0.11025484,0.48698014,0.63783914,0.34911472,0.71883816,0.39275903,0.38219556,0.2816979,0.02867385,-0.11304569,0.2954411
0.49198622,0.34587106,0.54346627,0.70252424,1.0,0.8826743,0.13758434,0.38925427,0.45813435,0.51289684,0.5926685,0.14817312,0.29724967,0.20801575,0.69611186,0.27044234,0.9062811,0.72117156,0.41042158,0.9572187,0.74346894,0.35154307,0.40619454,0.8390095,0.4883718,0.57613516,0.401817,0.20300749,0.27986622,-0.045341898,0.015517952,0.2649542
0.34474435,0.48114356,0.43559158,0.5199852,1.0,0.9391465,0.18590757,0.2076453,0.35639226,0.2961183,0.38687187,0.03601995,0.030075893,0.21716024,0.6198951,0.2924673,0.8041436,0.5583195,0.43634224,0.7712036,0.7667327,0.39527825,0.596921,0.7743081,0.3533449,0.6574599,0.5060372,0.24890459,0.06929554,-0.1929903,0.05694543,0.2520798
0.22045323,0.34937266,0.5173082,0.42032817,1.0,0.9345587,0.27759925,0.39903295,0.32617778,0.43579912,0.4905577,0.1844954,0.22390425,0.30576718,0.607285,0.38937837,0.7460286,0.8098319,0.42141053,0.7879628,0.8184635,0.59062314,0.53691286,0.66699374,0.543593,0.7092804,0.3359332,0.10919893,0.0010656677,-0.20903745,0.10011179,0.24637742
0.16258965,0.19511852,0.33020473,0.261405,1.0,1.0,0.25559974,0.2465537,0.5434261,0.62278885,0.57301795,0.20869255,0.19440274,0.2657065,0.515614,0.47796714,0.63750756,0.80288154,0.4641992,0.49640912,0.6938966,0.5622237,0.48510122,0.78040314,0.3467871,0.7477232,0.47958502,0.045732863,0.22852129,-0.08780314,0.018633751,0.16716336
0.08695287,0.10299812,0.013773013,0.14592887,1.0,1.0,0.15704656,0.046775088,0.52793145,0.54706717,0.38103527,0.4017679,0.21124287,0.15153992,0.5608374,0.57707524,0.62983614,0.77445155,0.6729486,0.5488073,0.3546059,0.40959686,0.47685575,0.78249055,0.43761316,0.56302476,0.43795183,0.05766789,0.40931696,-0.25024727,0.08679825,0.040090725
0.0,0.0,0.13934314,0.0,1.0,1.0,0.22242846,0.30491585,0.64876485,0.44390702,0.41106662,0.46036592,0.2761824,0.0,0.39696744,0.40760905,0.43525338,0.77881104,0.61554986,0.42545798,0.5115984,0.6724847,0.21030965,0.7698219,0.26466444,0.72674155,0.3262795,0.10799557,0.56171453,-0.29135197,-0.025369909,0.19179487
0.04109526,0.015510725,0.0,0.0,1.0,1.0,0.3303948,0.15936543,0.6192236,0.2391135,0.31519076,0.2820542,0.37825477,0.30263957,0.35124665,0.37033242,0.3760252,0.57484055,0.6836438,0.3615159,0.5006168,0.5550513,0.5956299,0.7253255,0.3389603,0.829232,0.28254592,0.06028983,0.48447207,-0.2390443,-0.02101983,-0.06273692
0.0,0.0,0.01624012,0.0,1.0,0.93801254,0.14787105,0.07752886,0.5489057,0.34004903,0.426549,0.40198746,0.5283326,0.5062963,0.081368,0.53726876,0.40042025,0.7164618,0.5637217,0.3900353,0.41521722,0.5289817,0.6393828,0.8352859,0.29016507,0.7636689,0.30522645,0.14646488,0.52981544,-0.3110773,-0.10763853,0.07308064
0.0,0.0,0.0,0.0,0.87150115,1.0,0.12258287,0.2175572,0.481622,0.4545887,0.53696084,0.28146437,0.35902768,0.4299948,0.11679367,0.5985805,0.3536871,0.7931004,0.4568508,0.2486727,0.28278264,0.48642173,0.45632407,0.982179,0.17764923,0.9362614,0.3410444,0.122499004,0.4078555,-0.23802808,-0.010329378,0.09848248
0.0,0.00851031,0.037400283,0.0,1.0,1.0,0.21035355,0.07161662,0.48011234,0.45791918,0.55381674,0.27017912,0.4903578,0.42149508,0.07597174,0.3681635,0.28538492,0.9202131,0.70717025,0.3711703,0.33827808,0.70589185,0.8135908,1.0,0.31230834,0.89131653,0.42526948,0.10966335,0.29760066,-0.25384408,0.01402571,-0.15360895
0.18203473,0.22316353,0.0,0.0,1.0,1.0,0.083839424,0.022183493,0.52922595,0.22143473,0.4734444,0.036841348,0.44462067,0.60398656,0.027390882,0.5878743,0.18506779,0.9832311,0.5211523,0.25803345,0.36535817,0.32674995,0.5101032,1.0,0.3131881,0.8202468,0.21337959,0.2772356,0.42901027,-0.18960127,-0.09122211,0.19958137
0.22774124,0.084302776,0.0,0.033238817,1.0,1.0,0.19913389,0.09180263,0.22637968,0.30703864,0.68729573,0.16891116,0.6827608,0.5683399,0.0,0.3690742,0.104971305,0.96451944,0.7245479,0.2659166,0.2619571,0.713699,0.3633541,0.889,0.20629379,0.7630843,0.32914016,0.39696968,0.2728872,-0.30757123,0.019654293,0.0831664
0.0,0.0,0.14725932,0.0,0.9316642,1.0,0.12954462,0.18239415,0.3281876,0.32483488,0.5400244,0.17394567,0.7107064,0.5536063,0.0,0.43464768,0.306963,0.981622,0.5588124,0.12821467,0.24398494,0.5049643,0.5500559,0.78630674,0.24149477,0.94730264,0.07813969,0.45409256,0.21952471,-0.1650426,0.032085504,0.20104879
0.10605254,0.0,0.0,0.079893276,0.9035989,1.0,0.23744825,0.23065087,0.37969154,0.32024345,0.5736848,0.3437364,0.3819088,0.70093197,0.0,0.60173243,0.17314427,0.75405246,0.5630519,0.2448938,0.23932226,0.48184493,0.57128656,0.99474007,0.30706304,0.8472257,0.20009056,0.5290427,0.116998054,-0.14800337,0.15781389,-0.050405577
0.059661366,0.088787615,0.021441828,0.17150187,1.0,1.0,0.19492069,0.25012472,0.4641192,0.33511272,0.3555174,0.21323906,0.6207452,0.60450304,0.0,0.46159622,0.31456506,0.64805675,0.561143,0.14781035,0.47081384,0.58895713,0.61551046,0.953612,0.4162429,0.99833584,0.19866182,0.50233805,0.38581306,-0.09035154,0.0482023,0.06947621
0.24585766,0.115779266,0.080180205,0.03957127,0.9358379,1.0,0.22685444,0.20474388,0.39924848,0.34168753,0.3282408,0.13504027,0.66482747,0.6688292,0.0028536394,0.4550566,0.3260327,0.77532464,0.61903644,0.3498621,0.3186859,0.5472389,0.70395,0.9114192,0.36287495,0.76543224,0.25697505,0.4061548,0.2846977,-0.20587248,0.18162477,0.03812779
0.074351035,0.20130746,0.29410186,0.08246386,0.9028527,1.0,0.14587687,0.035212964,0.3475566,0.33384314,0.5368021,0.16572505,0.44899204,0.54812366,0.15632257,0.44538683,0.25686356,0.9880324,0.6777735,0.3326099,0.23499453,0.42035472,0.469304,0.85708016,0.3035571,0.94583166,0.4533288,0.72336024,0.3771693,-0.12855618,-0.0058681667,0.13471392
0.20427011,0.05320269,0.0,0.06534309,1.0,0.9001794,0.21399115,0.0,0.5411296,0.36182353,0.45797735,0.32471335,0.5010452,0.4163225,0.0,0.5418765,0.31068853,0.7491734,0.5077663,0.27126563,0.31541374,0.5989679,0.5967465,0.93789643,0.23523632,0.90478784,0.27004233,0.32473448,0.5012046,0.0006906763,0.14986359,0.16103208
0.1171223,0.31380305,0.0,0.24970332,1.0,0.93656605,0.0,0.3291517,0.49343053,0.48968086,0.5510357,0.175787,0.59345496,0.32197696,0.12125182,0.4112387,0.378052,0.86325437,0.43123487,0.29128322,0.40432924,0.52473414,0.5855214,0.750871,0.54871505,0.7116629,0.1968739,0.49445796,0.48382697,0.10761503,0.1747934,0.16131964
0.18219632,0.0,0.22793107,0.16737656,1.0,1.0,0.13365856,0.10987531,0.41436717,0.30008218,0.31817362,0.20789164,0.35648194,0.35886675,0.05651552,0.3643257,0.43286073,0.8747622,0.6454442,0.42301643,0.16676474,0.5222156,0.5618637,0.903491,0.35506037,0.87988085,0.44568178,0.47889,0.47439653,0.008471817,-0.12317954,0.3992791
0.08599399,0.039382495,0.0,0.21519452,1.0,1.0,0.013636693,0.046172768,0.23470537,0.45424545,0.45955256,0.50860584,0.35631484,0.33874765,0.087033495,0.39675504,0.3677156,0.9180532,0.54066885,0.21870482,0.50256157,0.65017724,0.5120176,0.723684,0.40107426,0.6913725,0.49386206,0.255952,0.47771177,0.12022192,0.04509621,0.026919842
0.0,0.18421869,0.0,0.14513183,0.9185811,1.0,0.19990395,0.2883507,0.31706557,0.28703648,0.30241722,0.41665754,0.15290019,0.3114487,0.20769304,0.5071221,0.3737202,0.92687047,0.6251372,0.35421568,0.3981454,0.71113443,0.45525718,0.6101406,0.4933294,0.7473232,0.26240748,0.30697924,0.7823194,0.0729192,0.036347896,0.20473455
0.06339616,0.07402687,0.14182658,0.010888316,1.0,0.99772763,0.24475928,0.15412046,0.33412793,0.33119538,0.33742344,0.32244024,0.12640104,0.10076289,0.21288581,0.59915364,0.20583726,0.83362144,0.5685103,0.278589,0.29677173,0.53512263,0.67841077,0.8579441,0.43473879,0.6660174,0.5766382,0.41308168,0.61224765,0.20080858,-0.04098245,0.03911222
0.0,0.19236404,0.20220783,0.18282408,1.0,0.9309377,0.26788396,0.17705649,0.2629946,0.40964147,0.41656512,0.27798665,0.19673721,0.21896511,0.06947475,0.36654612,0.31166315,0.9370306,0.47405034,0.37982324,0.3811339,0.41192293,0.57759166,0.55848914,0.47770557,0.62142855,0.3710782,0.4745671,0.6659501,0.17329769,0.009517655,0.014605209
0.016182166,0.16473171,0.2032696,0.12984318,0.8472726,0.9860379,0.24927539,0.1470384,0.45686072,0.5329871,0.33240372,0.2213788,0.15706147,0.13745415,0.085920446,0.465414,0.35976377,0.8542223,0.48057404,0.3217872,0.40074477,0.51104754,0.472401,0.7808443,0.348842,0.675341,0.46200785,0.29915878,0.8355491,0.12385812,-0.15339833,0.12597926
0.0,0.0,0.020952512,0.0,0.9468761,1.0,0.22430232,0.26380518,0.2875378,0.1463753,0.27563384,0.41666463,0.32204038,0.24071352,0.27871084,0.48232934,0.40353963,0.75229824,0.6486862,0.24657829,0.4633303,0.55701894,0.59586704,0.64273125,0.32288072,0.6651475,0.21338236,0.34347093,0.74974686,0.10221961,0.02864078,0.1802949
0.08271317,0.05751701,0.0934596,0.0,1.0,0.85358083,0.06386395,0.36794776,0.38222602,0.38538587,0.3222145,0.55112743,0.029633984,0.25084218,0.062085055,0.1395641,0.2600022,0.86557055,0.5534792,0.2964389,0.40625012,0.6876637,0.555902,0.59067535,0.48905584,0.9706301,0.4130246,0.28655058,0.5788287,0.03859178,-0.013341526,0.05154375
0.046192728,0.0,0.1905165,0.0,0.9638688,1.0,0.25257677,0.094860315,0.33722505,0.35423845,0.21951221,0.2856874,0.27071816,0.28147373,0.2886493,0.5644286,0.6364188,0.709932,0.5775536,0.4091081,0.56593955,0.4868126,0.5447798,0.55122596,0.40765086,0.62108576,0.23308407,0.17711867,0.96051276,0.106456794,-0.07082479,0.072946005
0.03543371,0.0,0.0,0.09030986,0.97841257,0.82798636,0.2780278,0.1958151,0.4286503,0.37179762,0.22861974,0.35144326,0.033472523,0.19316775,0.31653932,0.37943226,0.35574386,0.7580912,0.48012057,0.5982181,0.56289417,0.49882087,0.5463576,0.7517314,0.28800997,0.6224391,0.4641718,0.15966251,0.7980869,0.022478882,-0.05570159,0.023011705
0.09229807,0.0,0.103655845,0.21910307,0.8375968,1.0,0.029012084,0.3030308,0.4690469,0.28884152,0.3400823,0.47544575,0.18524265,0.18243761,0.5153216,0.19322385,0.4798151,0.6669061,0.4627297,0.4430557,0.43627894,0.49828202,0.53207856,0.6492172,0.3347387,0.63457346,0.3465653,0.22618337,0.8480855,-0.13539264,-0.1348285,0.118740946
0.09155781,0.19284871,0.0,0.19549063,1.0,0.9448732,0.24563083,0.0,0.3578027,0.44080028,0.32088414,0.5790814,0.39769095,0.08553493,0.50554144,0.40783933,0.4292029,0.7926471,0.58786106,0.723842,0.46378583,0.64404804,0.427422,0.84718233,0.2694728,0.5144166,0.23941539,0.14384621,0.6455543,-0.11425401,-0.1611966,0.056510292
0.0,0.06032322,0.10890694,0.10320997,1.0,0.9781892,0.39834338,0.24342051,0.50574386,0.4064431,0.2897984,0.32364765,0.3064187,0.31561902,0.60786647,0.26862097,0.7025034,0.7012069,0.6161156,0.55234194,0.5391471,0.4637345,0.52828014,0.8773731,0.23209202,0.64145434,0.42653903,0.11885017,0.55755603,-0.14926207,-0.10259107,0.26402548
0.0022571757,0.15607935,0.08363724,0.06865769,0.93913674,1.0,0.28122786,0.32885486,0.54769677,0.36835057,0.2798791,0.31426367,0.4861158,0.27625832,0.6392934,0.3598193,0.67357767,0.7628549,0.6750517,0.44705665,0.6313753,0.4908076,0.5517402,0.73733246,0.47142157,0.65846413,0.34348518,0.12407228,0.42967016,-0.00037641823,-0.11431834,0.22995085
0.093831986,0.027929287,0.3782525,0.14811803,1.0,1.0,0.28062898,0.23957653,0.57108426,0.6441865,0.2833004,0.39750046,0.32715726,0.2269444,0.43234652,0.30284113,0.7264862,0.61427796,0.5500826,0.637718,0.6967658,0.59076166,0.60225606,0.8463921,0.5189156,0.5322306,0.4249036,0.29604083,0.32602233,-0.1327246,-0.124705136,0.19193186
0.12887634,0.22036703,0.24595825,0.34191948,0.8265936,1.0,0.22997332,0.36273322,0.38812882,0.55425674,0.38141832,0.34636295,0.29092154,0.29827732,0.7691263,0.3993618,0.71126425,0.7771537,0.76312554,0.756826,0.68929386,0.69769794,0.54681873,0.80333245,0.5055297,0.7198077,0.48601508,0.06605841,0.3471838,-0.19298665,0.0075252354,0.34507543
0.29949102,0.21150514,0.14152057,0.41427556,1.0,0.9624485,0.38226914,0.26150033,0.5967942,0.43454844,0.30231375,0.37754822,0.25251928,0.1839649,0.7521967,0.60235673,0.786886,0.7252921,0.62172985,0.85986805,0.54475045,0.43397707,0.4543232,0.5877017,0.5099188,0.71078146,0.5418138,0.12113555,0.2604082,-0.18935612,-0.18671398,0.15154427
0.25236166,0.059478506,0.26651505,0.3228073,1.0,1.0,0.11833222,0.27090898,0.57099515,0.5598229,0.44289804,0.32964307,0.20681418,0.036229946,0.7574576,0.51416487,0.6668068,0.73773885,0.55324495,0.7084286,0.82048506,0.42143372,0.5891916,0.7455262,0.516514,0.5482739,0.4597841,0.056160748,0.56397647,-0.37908596,-0.0776754,0.043761894
0.12596671,0.0,0.1944765,0.18055953,0.93113637,1.0,0.23095018,0.26425993,0.42827824,0.3711411,0.18444549,0.34695363,0.10306933,0.0,0.7869898,0.40711138,0.74660265,0.75153035,0.66375685,0.86428756,0.7828318,0.3876869,0.49875617,0.69796133,0.50220406,0.6726172,0.5019482,0.022964716,0.49511236,-0.20462596,-0.077892266,-0.00092742965
0.12013726,0.1051238,0.1526314,0.034315094,0.91614795,1.0,0.3994244,0.2593572,0.5410867,0.57938886,0.28548265,0.46568453,0.2010987,0.08381307,0.98290825,0.59890217,0.78200567,0.71357244,0.5215681,0.8817314,0.8773518,0.38941312,0.36208537,0.7036583,0.42631152,0.59674215,0.47360352,0.12078385,0.6377293,-0.301869,-0.15732896,-0.067381695
0.14422928,0.08197539,0.33979294,0.14514132,1.0,0.9506146,0.1806438,0.30366933,0.5654992,0.4145747,0.25683054,0.2870825,0.11245862,0.10046919,0.8258675,0.5550024,0.7254848,0.7115574,0.4960879,0.6143913,1.0,0.40096554,0.5086657,0.70840836,0.35611063,0.79063857,0.39233744,0.055687558,0.6503646,-0.21965566,-0.25275102,-0.058270577
0.093791634,0.09078167,0.0,0.0,1.0,1.0,0.24060781,0.2935023,0.4262023,0.5775255,0.3557689,0.4257305,0.12054632,0.1635361,0.77922803,0.53604144,0.5320325,0.6816729,0.49771494,0.74270874,0.6272558,0.48283976,0.395436,0.8714292,0.5577564,0.70124966,0.3281642,0.1931211,0.5740903,-0.21224797,-0.06200321,0.019050628
0.016352424,0.116964534,0.08348362,0.0,0.849873,1.0,0.11100497,0.21608596,0.55556345,0.3634371,0.45083478,0.3180654,0.17975582,0.27029258,0.51563275,0.5382761,0.47500128,0.7879225,0.51037127,0.61211205,0.70392454,0.49750507,0.54327786,0.70124286,0.44150192,0.7995669,0.37065533,0.1552756,0.3843051,-0.15031746,-0.078448765,-0.11129379
0.20526248,0.0,0.0,0.0,0.94726896,0.9162048,0.40148118,0.3180648,0.36816517,0.3823525,0.48309106,0.28607994,0.24091862,0.30599827,0.4900375,0.5206075,0.4382302,0.8223342,0.5604465,0.51737887,0.39319137,0.56434983,0.45005587,0.79766357,0.15465085,0.80444026,0.3706047,0.2549895,0.5262126,-0.20508252,-0.1362816,-0.036024235
0.0023437,0.0,0.0,0.0,0.96337926,0.9715952,0.3030898,0.25585678,0.45485318,0.43319517,0.28246716,0.45949504,0.461537,0.42110273,0.37642244,0.56047827,0.4964886,0.8114284,0.58265054,0.39301834,0.5192704,0.5318339,0.5653826,0.7773768,0.44939494,0.7996856,0.21309271,0.2806539,0.6672975,-0.20439798,-0.24678263,0.045369476
0.04190522,0.0,0.02467838,0.0001264885,0.9634696,1.0,0.14821866,0.25683764,0.37654045,0.3024844,0.18162489,0.49334463,0.39374697,0.34533286,0.26469693,0.4376104,0.29747653,0.9432437,0.6876904,0.68920064,0.3579257,0.5027159,0.5190694,0.7349176,0.25144243,0.7859381,0.08100176,0.2455539,0.44298422,-0.19830474,-0.151757,-0.17948897
0.022473497,0.13067105,0.0,0.0,0.9949266,1.0,0.13477477,0.13054788,0.64862055,0.4553194,0.29009888,0.60260236,0.46402073,0.5891854,0.35839155,0.49140713,0.49546126,0.7918389,0.54618216,0.25878698,0.45723954,0.37822908,0.53175896,0.8537549,0.22658518,0.9224893,0.22117923,0.37823284,0.52472013,-0.21196675,-0.1902674,0.100726046
0.0,0.07629064,0.0,0.0,0.9217033,1.0,0.079318136,0.27338356,0.42691576,0.35336614,0.40944213,0.5734969,0.7391754,0.75424933,0.13196525,0.4096612,0.3221728,0.7532273,0.72736907,0.4117437,0.4311299,0.36757892,0.6608314,1.0,0.20534217,0.9284905,0.2722952,0.3261555,0.51602864,-0.13144453,-0.16816735,0.066231705
0.0,3.0621886e-06,0.0,0.0,0.8619949,1.0,0.28927314,0.0279928,0.33616146,0.6470835,0.41150492,0.4080757,0.54877853,0.8023744,0.0,0.35869324,0.2268072,0.64445,0.49065217,0.23192005,0.26390123,0.49181172,0.5061853,0.9907584,0.31588268,0.9656,0.3344195,0.49633878,0.62498474,-0.1318477,-0.08180635,-0.1569492
0.0,0.0,0.0,0.0,1.0,1.0,0.27742365,0.027172491,0.3878215,0.43390334,0.39766032,0.35327142,0.79263026,0.5764272,0.0011076983,0.41263482,0.18775846,0.81042594,0.5049306,0.11836569,0.45815957,0.51420844,0.4254927,0.83532375,0.20403384,1.0,0.30767643,0.53777266,0.58714193,-0.11370321,-0.026775114,0.097979926
0.0,0.0,0.11466861,0.0,0.8931454,0.7398087,0.15208083,0.13376743,0.41860297,0.3291118,0.5925645,0.4847967,0.67223907,0.7034256,0.08783771,0.3885756,0.38919187,0.8432492,0.51669097,0.21218108,0.181315,0.6256399,0.56270725,1.0,0.17039761,1.0,0.11780527,0.54365474,0.640177,-0.23413636,-0.073238984,0.05077393
0.0,0.036270652,0.10788587,0.0,1.0,0.86069643,0.26274198,0.34575295,0.52768624,0.38283682,0.49992487,0.272758,0.5690476,0.853989,0.0,0.5097035,0.23601116,0.7544283,0.6631627,0.13240978,0.27061495,0.6196015,0.6430792,0.8406957,0.31291455,1.0,0.12172747,0.5817646,0.62991846,-0.04308811,-0.047535457,0.14339057
0.0,0.04805797,0.085837245,0.17721131,0.869974,0.9574735,0.16386195,0.065051764,0.40322223,0.28644472,0.3841596,0.089135654,0.6970879,0.64808655,0.0,0.50302964,0.0,0.7695024,0.350437,0.0,0.15624875,0.42926145,0.5747277,0.9353481,0.21685956,1.0,0.07809304,0.6836528,0.4804024,-0.0657583,-0.016386688,0.111536995
0.13660672,0.0,0.0,0.14998849,0.9799678,1.0,0.25472838,0.31123596,0.57289416,0.3475937,0.47794923,0.21814135,0.72403806,0.6998087,0.031294294,0.48452294,0.1855376,0.76071686,0.5266737,0.21019125,0.14422894,0.50858223,0.54355544,0.9205465,0.17677099,1.0,0.0645289,0.69236845,0.3160937,-0.106056705,-0.094263546,0.16342014
