0.5,0.5,0.93,0.93,1.0,1.0,0.162,0.162,0.3,0.3,0.43,0.29,0.165,0.135,1.0,0.22,0.99,0.63,0.26,0.99,0.99,0.26,0.26,0.66,0.4,0.64,0.41,0.01,0.52,0.252,-0.071,0.165
0.5,0.5,0.92,0.92,1.0,1.0,0.162,0.162,0.3,0.3,0.41,0.31,0.165,0.135,1.0,0.22,0.99,0.63,0.25,0.99,0.99,0.25,0.25,0.66,0.4,0.64,0.41,0.01,0.54,0.246,-0.069,0.14
0.5,0.5,0.93,0.93,1.0,1.0,0.162,0.162,0.3,0.3,0.4,0.33,0.165,0.135,1.0,0.22,0.99,0.63,0.25,0.99,0.99,0.25,0.25,0.66,0.4,0.64,0.41,0.01,0.55,0.244,-0.071,0.121
0.5,0.5,0.94,0.94,1.0,1.0,0.162,0.162,0.3,0.3,0.38,0.34,0.165,0.15,1.0,0.22,0.99,0.62,0.25,0.99,0.99,0.25,0.25,0.66,0.4,0.65,0.41,0.01,0.56,0.243,-0.071,0.1
0.51,0.51,0.94,0.94,1.0,1.0,0.162,0.162,0.3,0.3,0.37,0.35,0.165,0.15,1.0,0.22,0.99,0.62,0.25,0.99,0.99,0.25,0.25,0.66,0.4,0.65,0.41,0.01,0.57,0.243,-0.069,0.08
0.5,0.5,0.94,0.94,1.0,1.0,0.162,0.162,0.3,0.3,0.35,0.37,0.165,0.15,1.0,0.22,0.99,0.62,0.25,0.99,0.99,0.25,0.25,0.66,0.4,0.65,0.41,0.01,0.58,0.239,-0.064,0.065
0.51,0.51,0.95,0.95,1.0,1.0,0.162,0.162,0.3,0.3,0.33,0.39,0.15,0.135,1.0,0.22,0.99,0.62,0.25,0.99,0.99,0.25,0.25,0.65,0.4,0.64,0.41,0.01,0.59,0.238,-0.056,0.05
0.5,0.5,0.92,0.92,1.0,1.0,0.34792042,0.3456472,0.2,0.2,0.33,0.4,0.15,0.15,1.0,0.22,0.99,0.63,0.26,0.99,0.99,0.26,0.26,0.65,0.4,0.65,0.41,0.01,0.59,0.229,-0.048,0.033
0.46,0.46,0.85,0.85,1.0,1.0,0.162,0.162,0.34,0.34,0.62,0.11,0.165,0.135,1.0,0.22,0.985,0.63,0.27,0.98,0.99,0.27,0.27,0.66,0.4,0.64,0.41,0.02,0.6,0.224,-0.04,0.006
0.47,0.47,0.86,0.86,1.0,1.0,0.162,0.162,0.41,0.41,0.61,0.13,0.135,0.12,1.0,0.22,0.99,0.63,0.26,0.99,0.99,0.26,0.26,0.64,0.41,0.63,0.41,0.02,0.6,0.222,-0.03,-0.016
0.49,0.49,0.91,0.91,1.0,1.0,0.162,0.162,0.42,0.42,0.56,0.17,0.135,0.105,1.0,0.22,0.99,0.63,0.26,0.99,0.99,0.26,0.26,0.64,0.41,0.62,0.42,0.02,0.63,0.229,-0.021,-0.033
0.5,0.5,0.94,0.94,1.0,1.0,0.162,0.162,0.43,0.43,0.55,0.19,0.12,0.09,1.0,0.22,0.99,0.63,0.26,0.99,0.99,0.26,0.26,0.63,0.41,0.61,0.42,0.02,0.63,0.216,-0.012,-0.066
0.51,0.51,0.95,0.95,1.0,1.0,0.162,0.162,0.42,0.42,0.62,0.11,0.12,0.09,1.0,0.22,0.99,0.63,0.26,0.99,0.99,0.26,0.26,0.63,0.41,0.61,0.42,0.02,0.63,0.22,0.001,-0.111
0.5,0.5,0.94,0.94,1.0,1.0,0.162,0.162,0.42,0.42,0.77,-0.03,0.135,0.09,1.0,0.22,0.99,0.63,0.26,0.99,0.99,0.26,0.26,0.64,0.41,0.61,0.43,0.02,0.63,0.234,0.016,-0.154
0.5,0.5,0.93,0.93,1.0,1.0,0.162,0.162,0.42,0.42,0.77,-0.03,0.135,0.075,1.0,0.22,0.99,0.63,0.26,0.99,0.99,0.26,0.26,0.64,0.41,0.6,0.43,0.02,0.63,0.243,0.022,-0.187
0.49,0.49,0.91,0.91,1.0,1.0,0.162,0.162,0.41,0.41,0.78,-0.03,0.165,0.105,1.0,0.23,0.985,0.64,0.28,0.98,0.99,0.28,0.28,0.66,0.4,0.62,0.42,0.03,0.62,0.254,0.022,-0.205
0.49,0.49,0.91,0.91,1.0,1.0,0.162,0.162,0.4,0.4,0.4,0.32,0.15,0.12,1.0,0.23,0.98,0.64,0.28,0.98,0.98,0.28,0.28,0.65,0.41,0.63,0.42,0.03,0.62,0.251,0.02,-0.217
0.48,0.48,0.89,0.89,1.0,1.0,0.162,0.162,0.41,0.41,0.43,0.3,0.15,0.12,1.0,0.24,0.975,0.64,0.28,0.97,0.98,0.28,0.28,0.65,0.41,0.63,0.42,0.03,0.62,0.233,0.02,-0.203
0.55,0.55,1.0,1.0,0.98,0.98,0.303019,0.29741764,0.32,0.32,0.26,0.46,0.165,0.15,1.0,0.26,0.955,0.65,0.33,0.95,0.96,0.33,0.33,0.66,0.4,0.65,0.4,0.04,0.62,0.176,0.008,-0.173
0.56,0.56,1.0,1.0,0.97,0.97,0.162,0.162,0.39,0.39,0.23,0.49,0.18,0.165,1.0,0.27,0.95,0.66,0.3,0.95,0.95,0.3,0.3,0.67,0.4,0.66,0.4,0.04,0.61,0.133,0.002,-0.16
0.5498905,0.55651706,0.95621485,0.9600563,0.9771917,0.9763451,0.19438076,0.19936487,0.37169337,0.3768784,0.27483568,0.44741234,0.1681185,0.14198978,0.9804239,0.25870016,0.9571446,0.6508791,0.29691973,0.95418245,0.95974755,0.2997867,0.29457763,0.6714795,0.39570785,0.6562722,0.40038428,0.045152396,0.6085608,0.19003382,0.008794156,-0.14405864
0.5753235,0.5731662,0.97359324,0.97479826,0.9701643,0.96913713,0.21635023,0.22139302,0.3550898,0.3619777,0.30963713,0.40274626,0.15609129,0.13806404,0.96580637,0.2690817,0.94463754,0.6640996,0.31708592,0.9416668,0.9478229,0.32116035,0.3180964,0.6683805,0.39258176,0.6538759,0.3975881,0.04761706,0.59924036,0.181535,0.0076884157,-0.1279735
0.60160613,0.59603435,0.9843387,0.9841547,0.9566816,0.955427,0.20961441,0.21290118,0.34914982,0.35741395,0.3169789,0.39748734,0.13769916,0.12530385,0.96012056,0.28841138,0.9293201,0.68139493,0.3548044,0.9263154,0.93314147,0.35898444,0.35868979,0.65979373,0.39576933,0.6493061,0.39863792,0.06606928,0.585364,0.19681855,0.008448191,-0.10206681
0.6304211,0.6241225,0.99103934,0.9901506,0.93649465,0.93433374,0.20374693,0.20593242,0.34181488,0.34909925,0.33906135,0.374458,0.115521915,0.10731479,0.9530736,0.31156296,0.9081786,0.7013097,0.40073308,0.9049505,0.91245353,0.40334588,0.40544122,0.647513,0.40428647,0.63837695,0.40812212,0.08920406,0.5748917,0.21063925,0.0055932268,-0.08087967
0.65943855,0.6550465,0.99492466,0.9938694,0.9076346,0.9027102,0.1897523,0.19253254,0.33768916,0.34362468,0.36984807,0.3425736,0.09139737,0.08637863,0.9418762,0.337196,0.87898403,0.7209706,0.45171598,0.87483126,0.8829029,0.45171872,0.45571405,0.6287832,0.41678324,0.6205578,0.42251042,0.11795411,0.58733493,0.22111328,-0.0020497115,-0.06291115
0.6738031,0.6713023,0.9963852,0.9954726,0.8898299,0.878934,0.169523,0.17431141,0.33910224,0.34379303,0.4116675,0.30110866,0.07398243,0.07070115,0.91956,0.3521107,0.84516156,0.732113,0.48783603,0.838627,0.8461614,0.48655865,0.49058437,0.6060135,0.42998913,0.60197604,0.43469462,0.13632151,0.6277987,0.23151718,-0.0093107065,-0.051090557
0.6713983,0.6703647,0.9965539,0.99576545,0.8904451,0.87492704,0.15181157,0.15799332,0.34367836,0.34598652,0.4402215,0.2761905,0.06662296,0.06432384,0.89004534,0.3573772,0.8135267,0.7369427,0.50675005,0.8043753,0.81144,0.50546193,0.5080802,0.58689266,0.43849465,0.5900596,0.43983284,0.14797354,0.68016607,0.24498299,-0.016403172,-0.042821594
0.6691497,0.66957676,0.9965771,0.99589694,0.8924568,0.87612486,0.14483169,0.15119702,0.3430601,0.34238696,0.44749096,0.2721247,0.06078153,0.060006958,0.87099665,0.36076063,0.7925637,0.7394893,0.52084374,0.7818299,0.7897372,0.51952785,0.52123916,0.5723453,0.44543555,0.58397704,0.44285813,0.15803395,0.7417896,0.25476304,-0.02001443,-0.0453881
0.6799908,0.68306714,0.99675095,0.9961377,0.8868596,0.8713552,0.14318286,0.14968266,0.33775648,0.3359651,0.4291288,0.29158682,0.054043762,0.05596105,0.8714019,0.3620592,0.7933422,0.73868597,0.53244174,0.7822065,0.79156184,0.52994496,0.53088814,0.5634311,0.45179033,0.58312404,0.4450764,0.16706349,0.8174678,0.26171243,-0.023580933,-0.053809565
0.6930886,0.6973583,0.99688834,0.9962154,0.87863845,0.86609465,0.14616701,0.15216587,0.33154318,0.3309479,0.3979319,0.3225767,0.05209305,0.05537712,0.8947938,0.3649309,0.8089242,0.7386985,0.5397051,0.79802233,0.8106317,0.5356102,0.5379886,0.56731063,0.45131546,0.5868305,0.44288433,0.17744744,0.847786,0.26933375,-0.03272854,-0.06736773
0.7046838,0.7078179,0.9969222,0.9961533,0.8697324,0.8619539,0.15651588,0.16049014,0.3225566,0.32259655,0.35928082,0.36339992,0.055309497,0.059609164,0.91807616,0.36676526,0.8233627,0.7390163,0.54354036,0.8138955,0.82970166,0.53863144,0.5434484,0.57762676,0.44630358,0.5943908,0.43610218,0.18185315,0.8570501,0.2694673,-0.042186815,-0.082088746
0.6920975,0.69304943,0.99659914,0.99577737,0.8753901,0.87040263,0.16636544,0.16772951,0.3219155,0.32109228,0.34540734,0.3770689,0.06341242,0.066471435,0.9310057,0.36588472,0.8262875,0.73931193,0.53961015,0.8177863,0.8356709,0.53461605,0.541156,0.5890432,0.44041133,0.60081434,0.4311164,0.17286167,0.8408524,0.26911277,-0.05853626,-0.09850214
0.67447627,0.671436,0.9960807,0.995182,0.88771164,0.88334674,0.1762966,0.17580824,0.32659054,0.3250589,0.37123588,0.34494275,0.07171073,0.071405225,0.93640393,0.36146078,0.8235612,0.7380122,0.531979,0.8154576,0.8331255,0.52782756,0.5348964,0.5966268,0.43741867,0.6031172,0.43161196,0.14926702,0.8039591,0.27034354,-0.07851341,-0.11454605
0.66575915,0.6588899,0.9956779,0.9946853,0.8993175,0.8933571,0.18116091,0.18145248,0.33764452,0.33761925,0.44462386,0.27169034,0.07090497,0.06667095,0.9340176,0.35830468,0.8169352,0.7375574,0.5254794,0.8090828,0.8249118,0.52354455,0.52999556,0.5926885,0.4426363,0.5927956,0.44184324,0.13182268,0.74889785,0.278764,-0.093089156,-0.12343514
0.66830146,0.6604932,0.99576473,0.9947383,0.89848053,0.89210844,0.18521188,0.18610464,0.33940107,0.34057423,0.48639345,0.23717767,0.07000057,0.0645632,0.93584734,0.35906526,0.8169986,0.73764724,0.52299565,0.8098085,0.8252528,0.5223884,0.52852666,0.5924317,0.44473746,0.58797354,0.44697395,0.13432659,0.7089175,0.28504387,-0.0955081,-0.116514586
0.6764844,0.66936994,0.9961338,0.995145,0.8891492,0.8844569,0.19295965,0.19311883,0.3293147,0.3301356,0.48262903,0.24054289,0.070285104,0.06567526,0.942488,0.35904485,0.8253128,0.7364549,0.5229281,0.8191539,0.83397305,0.5221609,0.52818245,0.5949235,0.4443293,0.59071326,0.44577926,0.13840635,0.70778775,0.28723934,-0.09632507,-0.10489481
0.686358,0.6826068,0.99649554,0.99555403,0.8777819,0.8759164,0.19662654,0.19606577,0.319867,0.32106638,0.4475277,0.2694444,0.066122174,0.06342348,0.9514026,0.3597995,0.8411711,0.73558694,0.5232343,0.8357219,0.8497416,0.5219252,0.52714604,0.5926925,0.4481048,0.5899325,0.44657063,0.14583787,0.7339939,0.29099995,-0.103145204,-0.09598724
0.69589126,0.6954024,0.9967527,0.9958528,0.8689154,0.8691315,0.19623034,0.19599709,0.31733084,0.31947395,0.41554546,0.2973067,0.058177054,0.057058323,0.9574445,0.36065975,0.8543976,0.7352983,0.52390623,0.8494421,0.8622935,0.5228138,0.5266152,0.58484703,0.45683515,0.5828688,0.45259947,0.15040185,0.7634705,0.296641,-0.11311889,-0.092197664
0.69960666,0.6995448,0.99691004,0.99603206,0.8663585,0.8664811,0.19597031,0.19631779,0.31889805,0.3214014,0.41954604,0.2924248,0.053020317,0.05205792,0.9563983,0.36097607,0.85439837,0.73566765,0.52584726,0.84915555,0.8615876,0.5250595,0.52816284,0.5779768,0.46337995,0.577301,0.45947844,0.1475467,0.780705,0.30152965,-0.124345854,-0.09710021
0.6988766,0.6977496,0.9969572,0.9960877,0.8675888,0.86640835,0.19653305,0.19708258,0.3205164,0.32273388,0.43932,0.27445528,0.051927347,0.05043624,0.95122135,0.36097994,0.84563553,0.73644483,0.52787524,0.83987236,0.8526852,0.52744466,0.53057355,0.5739922,0.46534693,0.57468504,0.46258986,0.14453532,0.785236,0.30653566,-0.13458587,-0.10385016
0.6986336,0.69663113,0.9969689,0.9961157,0.8686866,0.86600274,0.19611217,0.19679186,0.32063842,0.3224,0.45464572,0.26217085,0.051663768,0.04998174,0.9447911,0.36032024,0.83559346,0.7367682,0.5299589,0.82951283,0.84287983,0.53000355,0.5330759,0.5704289,0.46692166,0.5729854,0.4637458,0.14358477,0.79252076,0.31149173,-0.14250039,-0.107192345
0.70437396,0.70315063,0.99705017,0.9962064,0.86464924,0.86221457,0.19550972,0.19619875,0.3161979,0.31802514,0.44295785,0.27360582,0.050672453,0.049990207,0.9434675,0.3599992,0.8355718,0.7361945,0.5320674,0.8295978,0.84347713,0.5322736,0.5349187,0.56846875,0.46853545,0.5727725,0.46294716,0.14692076,0.8129178,0.31523612,-0.14887814,-0.105419025
0.71208066,0.71230334,0.99714166,0.9962913,0.859199,0.8579256,0.19531742,0.19604099,0.31158453,0.31392965,0.42379516,0.29153478,0.04874307,0.049209677,0.9457241,0.3601452,0.84174496,0.7355354,0.5334948,0.83598375,0.8501555,0.5336362,0.5357612,0.5667622,0.47142032,0.57187295,0.4636212,0.15089095,0.83345854,0.3195637,-0.15565678,-0.10293578
0.717344,0.71799,0.99719065,0.9963277,0.85550517,0.8551285,0.19684456,0.19745992,0.3088772,0.3115028,0.41458195,0.29988986,0.047538105,0.048424147,0.9478661,0.3598992,0.8459905,0.7351559,0.53400487,0.84041256,0.8546033,0.53411764,0.5358853,0.5653753,0.47423917,0.5703684,0.46552533,0.1512707,0.84291023,0.323988,-0.16326176,-0.10215735
0.7171536,0.7170083,0.99717474,0.99629945,0.8558536,0.85528946,0.19976594,0.20021324,0.30854928,0.311027,0.42565665,0.28893313,0.0481838,0.048545644,0.94738466,0.35894984,0.8441605,0.7350363,0.53353024,0.8384962,0.8527566,0.53361493,0.5352444,0.5654501,0.4748964,0.56985295,0.46716428,0.14770517,0.8402323,0.32866263,-0.17160767,-0.10383379
0.7182217,0.7173764,0.9971819,0.9963025,0.85528684,0.8542129,0.20202535,0.20243686,0.3074696,0.30978572,0.4392082,0.27668437,0.049054515,0.04906942,0.94503033,0.35798988,0.84002566,0.73480445,0.5337008,0.83418703,0.8486751,0.53391093,0.53539234,0.565377,0.4750992,0.56978405,0.4679246,0.14542834,0.8389224,0.33273,-0.17800246,-0.10375985
0.7223646,0.7217147,0.99722916,0.9963457,0.8520969,0.85111827,0.20274736,0.20323923,0.30503154,0.30757684,0.44235817,0.27415344,0.049142797,0.049383126,0.94415146,0.35745522,0.8396962,0.7342556,0.5341072,0.83379185,0.8483921,0.5344695,0.5356549,0.5651513,0.47585717,0.5696448,0.46823302,0.146098,0.8429402,0.3366297,-0.18283345,-0.10062081
0.7273338,0.72722,0.9972928,0.9964085,0.8481592,0.847679,0.20265542,0.20330322,0.30346003,0.30649143,0.4415742,0.2747204,0.0478983,0.048474133,0.9450936,0.3571311,0.8430209,0.7336252,0.5341532,0.8371996,0.85151994,0.53468233,0.535437,0.563867,0.47888267,0.5680987,0.47060958,0.14688884,0.8484844,0.34104994,-0.18735534,-0.09626097
0.73215204,0.7323087,0.997366,0.9964945,0.84445155,0.8442954,0.20285556,0.20367683,0.30298844,0.3064028,0.4443791,0.2718812,0.04573094,0.046523582,0.945557,0.35659835,0.8458136,0.7330157,0.53434867,0.8400935,0.8539167,0.5351564,0.5353636,0.56074995,0.48440534,0.5649108,0.47555292,0.1460161,0.854656,0.34532526,-0.19140527,-0.09184079
0.736175,0.73636156,0.9974343,0.99658245,0.8413793,0.84118843,0.20355108,0.20454869,0.30317748,0.30678993,0.45328304,0.26382405,0.04365608,0.044496097,0.9447189,0.35598734,0.8463288,0.7325378,0.5348287,0.84059757,0.8539761,0.5359739,0.5356108,0.5567799,0.49048626,0.5611261,0.48141986,0.14450285,0.8599446,0.34948316,-0.19477177,-0.087585576
0.74084026,0.7411171,0.997502,0.9966696,0.83785325,0.8375109,0.20446447,0.20558572,0.30268437,0.3064236,0.46320748,0.25531694,0.041949596,0.042928193,0.94282997,0.35537684,0.84549445,0.7320668,0.53579104,0.8396417,0.8527053,0.537285,0.5363579,0.5525317,0.49606824,0.5574356,0.48666006,0.14347628,0.86628443,0.35319915,-0.19692367,-0.08265965
0.74691546,0.74747205,0.9975714,0.99675435,0.8333025,0.8329608,0.20531183,0.20648056,0.30118817,0.30511305,0.4700245,0.24968633,0.040360186,0.0416732,0.94082963,0.35477614,0.8451882,0.73148525,0.5370453,0.83917063,0.85196173,0.5388687,0.53738004,0.54811376,0.50142735,0.55376804,0.49128288,0.14295438,0.8745926,0.35638925,-0.19786203,-0.07668422
0.753347,0.75413364,0.9976337,0.9968285,0.82851243,0.8283254,0.20612445,0.20722894,0.29916254,0.3032501,0.47416234,0.2462813,0.039002415,0.04067909,0.939186,0.35417178,0.8454689,0.7309151,0.5381848,0.83931446,0.85184634,0.5402884,0.5383661,0.5441202,0.5064198,0.5504175,0.49536613,0.1424675,0.88210946,0.3592996,-0.19810456,-0.07026612
0.7585467,0.7593367,0.9976839,0.9968924,0.8246144,0.8245414,0.2071732,0.2081186,0.2978249,0.30194503,0.4799099,0.24145791,0.0377463,0.039607294,0.9378,0.35353553,0.84559536,0.7304664,0.5389565,0.8393739,0.8515741,0.5413106,0.5390532,0.54036635,0.51171213,0.54708415,0.5000369,0.14136004,0.8871605,0.36220807,-0.19810608,-0.06417428
0.7626312,0.76328003,0.9977276,0.9969548,0.8214912,0.8214005,0.2086951,0.20941056,0.2973416,0.3013773,0.48935378,0.23369049,0.03641683,0.038296103,0.9362125,0.35286474,0.84507626,0.7300884,0.53953826,0.8388256,0.8505928,0.5421736,0.5395597,0.5362275,0.5178871,0.5433022,0.5059534,0.13966443,0.890757,0.36498204,-0.19766758,-0.058410764
0.7667789,0.7673151,0.99777126,0.99701774,0.81819254,0.81805694,0.21051939,0.21095383,0.29699197,0.30093968,0.5007179,0.22461672,0.035089258,0.036961157,0.9344137,0.35220626,0.8443402,0.72968376,0.5401388,0.83804303,0.84931487,0.5430913,0.54008746,0.53180885,0.5244532,0.5392614,0.51240695,0.13793714,0.89412194,0.36742783,-0.19637802,-0.052440625
0.77171487,0.7722221,0.99781775,0.9970799,0.8141481,0.81407404,0.21235043,0.21245968,0.2961067,0.30003417,0.5110548,0.2165646,0.03385261,0.035787843,0.9327834,0.3515793,0.84416544,0.7291951,0.54079354,0.8377946,0.8485652,0.54405516,0.54070103,0.52754384,0.5308106,0.5353473,0.518546,0.13642856,0.8977294,0.3694272,-0.19414368,-0.04586326
0.7772726,0.7777619,0.99786633,0.9971409,0.8094717,0.8095929,0.21405783,0.21379584,0.2947151,0.29866463,0.5194042,0.21012406,0.03268903,0.03473872,0.93160856,0.35096723,0.8448508,0.7286405,0.5414067,0.8384059,0.8486857,0.5449417,0.5413306,0.52360404,0.5369726,0.53165346,0.52433676,0.1349228,0.9012905,0.37100214,-0.19120485,-0.038801476
0.7829401,0.7833559,0.9979146,0.99720025,0.80449796,0.80490065,0.21563995,0.214967,0.29331142,0.29726616,0.52671725,0.2044738,0.031534202,0.033679184,0.9309281,0.35039002,0.8462219,0.7280999,0.5418705,0.83972967,0.8495037,0.5456528,0.54187274,0.51983684,0.5433279,0.5279791,0.530301,0.13323878,0.9043089,0.37230265,-0.18785971,-0.0315962
0.7884449,0.78873384,0.9979614,0.99725777,0.7994277,0.8001351,0.21722254,0.21609591,0.2921761,0.2960856,0.53424597,0.19870198,0.03035516,0.03254414,0.9304809,0.3498556,0.8478384,0.72762126,0.5421831,0.84132445,0.8505608,0.5462204,0.5423105,0.5159415,0.55017096,0.5240773,0.53683275,0.13136807,0.90678066,0.37338707,-0.18422239,-0.024445089
0.79392296,0.79408383,0.99800736,0.99731344,0.7941039,0.7951248,0.21872532,0.21712662,0.29131418,0.2951543,0.54231143,0.19262919,0.029152632,0.031347632,0.93014514,0.3494049,0.84960353,0.7272125,0.54239166,0.8430729,0.8517439,0.54671323,0.54268426,0.5118062,0.5574988,0.51985437,0.54395443,0.12955678,0.90888923,0.37432936,-0.18027948,-0.017297123
0.7994234,0.79947186,0.998052,0.9973667,0.7885192,0.78985006,0.22008744,0.21800646,0.29059383,0.29435235,0.55065596,0.18648894,0.027957834,0.030140804,0.92986697,0.34901997,0.8515035,0.72685444,0.54251647,0.8449552,0.85305494,0.54714274,0.54300773,0.50749004,0.565179,0.51539755,0.5514814,0.12786745,0.9108072,0.3751609,-0.17601058,-0.010080696
0.80505955,0.80499905,0.9980958,0.99741817,0.78264177,0.78427017,0.22135194,0.21875586,0.2898041,0.2934741,0.5588857,0.18056776,0.026769184,0.02893988,0.9295638,0.34864563,0.85350907,0.7265108,0.5425758,0.8469379,0.8544846,0.5475263,0.5433012,0.5029362,0.5732587,0.5106949,0.55936724,0.12620589,0.91283315,0.37582925,-0.1713966,-0.0028070882
0.81088823,0.81071997,0.9981389,0.99746823,0.77640307,0.7783185,0.2225399,0.21938618,0.28889087,0.29246858,0.5669833,0.17486444,0.025573228,0.027730484,0.9292195,0.34828004,0.8556249,0.72618264,0.54256463,0.84902,0.8560421,0.54786193,0.5435606,0.49804822,0.5818732,0.5056523,0.56773436,0.124547824,0.9150807,0.37636724,-0.16647838,0.0044094785
0.8169526,0.81667995,0.9981817,0.99751616,0.7697116,0.77190864,0.22364151,0.21989128,0.28776824,0.2912674,0.57483983,0.1694376,0.024405362,0.026550457,0.928885,0.3479319,0.8578701,0.72587246,0.54250455,0.85121155,0.85774964,0.5481569,0.5438089,0.49293825,0.59081537,0.50037193,0.57637906,0.12294047,0.9174579,0.37682888,-0.16131434,0.011466984
0.8232779,0.8229137,0.9982236,0.9975616,0.7625196,0.7649833,0.2246532,0.22027177,0.28635186,0.2898043,0.5822673,0.16439931,0.023281734,0.025424615,0.9285449,0.34757546,0.8602414,0.72555536,0.54241735,0.8535028,0.8596088,0.5484261,0.54405874,0.48764536,0.5999596,0.494907,0.58515704,0.12138009,0.92007387,0.37723652,-0.15595119,0.018316142
0.8294827,0.8290477,0.9982634,0.9976035,0.7549537,0.7576574,0.22549434,0.22047265,0.28546107,0.2888431,0.59079,0.1587939,0.022049882,0.024131674,0.9284084,0.34740356,0.86299753,0.72542024,0.5420879,0.85619813,0.8618719,0.54848814,0.5440791,0.48149237,0.610828,0.48846343,0.59580857,0.11981869,0.92275846,0.377826,-0.15053406,0.024572983
0.8356945,0.8351959,0.99830127,0.9976421,0.7468011,0.7497279,0.22625445,0.22054274,0.28519678,0.2885049,0.60130304,0.15215851,0.020647248,0.022586107,0.9283641,0.34754622,0.86608344,0.72561127,0.5414091,0.85924244,0.8644824,0.54828817,0.54383695,0.4738202,0.624603,0.48038435,0.60953647,0.1183212,0.92556024,0.37862846,-0.14503779,0.029933553
0.84208685,0.8415209,0.9983376,0.99767655,0.7378495,0.74100953,0.22683214,0.22037871,0.28523132,0.28854567,0.61319196,0.14499137,0.01914655,0.020882763,0.92846656,0.34806353,0.8695185,0.7261639,0.5403921,0.8626419,0.8674929,0.5478178,0.5434229,0.46470785,0.64125144,0.47077426,0.62620795,0.117079675,0.9283283,0.37968388,-0.1394524,0.03427118
0.8485453,0.8479234,0.99837106,0.99770457,0.72823095,0.73166245,0.22727136,0.22002661,0.28533572,0.2887986,0.6261142,0.13758259,0.017623227,0.019114194,0.92866963,0.34900722,0.873148,0.72711694,0.5390515,0.8662323,0.8707698,0.5470566,0.54288256,0.45424855,0.66065305,0.45980334,0.6456691,0.116174586,0.9310214,0.3810102,-0.13393582,0.0373738
0.85534555,0.854664,0.9984017,0.99772626,0.7176374,0.72143227,0.2278187,0.21965742,0.28496206,0.28880787,0.6393893,0.13035628,0.016097873,0.017329628,0.9287721,0.35033485,0.87681496,0.7284258,0.5374075,0.8698366,0.8741681,0.54604006,0.5423087,0.44217402,0.68301505,0.44732276,0.66798735,0.115495294,0.93406594,0.38237843,-0.12861943,0.03903854
0.86079276,0.8600644,0.99842477,0.99773765,0.70768243,0.7120443,0.22810204,0.21914652,0.28541473,0.28976473,0.6543158,0.12261113,0.014818221,0.015710646,0.9297106,0.35245967,0.8803635,0.7303244,0.53540605,0.87334067,0.8775068,0.54449666,0.54155487,0.43063745,0.70586526,0.43534946,0.6912874,0.11547006,0.9345899,0.38434154,-0.12437162,0.03887538
0.86530024,0.8645267,0.9984413,0.9977428,0.6985919,0.703677,0.22879577,0.2190508,0.285693,0.29065326,0.6696328,0.11500341,0.013807215,0.014354345,0.93060845,0.35491565,0.8831256,0.7324154,0.5332662,0.87601984,0.8800888,0.5426862,0.54075795,0.41992125,0.727549,0.42436516,0.7136448,0.1156898,0.9337673,0.38619456,-0.12109505,0.037169416
0.8701351,0.8693087,0.99845636,0.9977463,0.68942016,0.6951663,0.22955756,0.21902266,0.28453362,0.2902729,0.6812311,0.109545596,0.012898337,0.013200243,0.93127835,0.35702556,0.8857276,0.734119,0.5313331,0.87850636,0.88264686,0.541019,0.5400714,0.40954044,0.7475815,0.41385698,0.7339851,0.11588077,0.9343236,0.38734868,-0.11827162,0.03465306
0.8750793,0.87417614,0.9984706,0.99774903,0.6804115,0.6866505,0.22986826,0.21864693,0.28230247,0.28890455,0.6879167,0.10664384,0.012050475,0.012200246,0.9322459,0.35868138,0.8886337,0.7353497,0.52972484,0.8813167,0.8856868,0.5395697,0.53945374,0.39982674,0.76554435,0.40403232,0.75191534,0.11595426,0.9362477,0.38800004,-0.11598409,0.031529553
0.8794,0.87842286,0.9984811,0.99774915,0.6724269,0.67910063,0.23000576,0.21820372,0.27974406,0.28718302,0.691987,0.10504017,0.011337316,0.011367575,0.9333161,0.36008528,0.8912124,0.73633975,0.5283043,0.88382244,0.8884769,0.5382049,0.53882515,0.39125642,0.78104067,0.39540502,0.7673766,0.116120346,0.9381547,0.38848853,-0.11455064,0.027643953
0.8831327,0.8821006,0.998487,0.9977456,0.6653114,0.6724906,0.23041357,0.21802326,0.27694783,0.28521574,0.6950471,0.10392747,0.010721145,0.010644142,0.934109,0.36135158,0.8932322,0.7372236,0.52686334,0.8857869,0.890717,0.5368083,0.5381212,0.38311753,0.7951625,0.3873231,0.7815207,0.11629177,0.9400924,0.3887708,-0.11396585,0.02308751
0.88608646,0.8850366,0.9984884,0.99773705,0.6590889,0.66688526,0.23091348,0.21802491,0.27456445,0.28364253,0.6986967,0.10252401,0.0102220625,0.010022504,0.9348626,0.36276096,0.8947666,0.7381792,0.52534276,0.88725823,0.89243585,0.5353091,0.5373417,0.37576362,0.8078064,0.38003084,0.79443103,0.11676266,0.9410234,0.3890855,-0.114186786,0.017916074
0.888579,0.88753426,0.99848783,0.997727,0.6537269,0.6621245,0.23145692,0.2181672,0.27216238,0.2820076,0.702028,0.10125964,0.009826311,0.009516892,0.93543595,0.3640165,0.8958373,0.7389896,0.5239372,0.88826793,0.8936773,0.5339015,0.5365727,0.36944604,0.8183463,0.37377006,0.8052815,0.117489696,0.9415817,0.38922778,-0.11479663,0.012545568
0.89079857,0.88976336,0.9984871,0.997718,0.6492375,0.65807754,0.23179968,0.21823482,0.26950577,0.28004205,0.70367783,0.10078391,0.009505509,0.009121694,0.9359269,0.36489215,0.89666677,0.73947495,0.52286154,0.88906074,0.89470094,0.5327868,0.5359077,0.36428773,0.826552,0.3686473,0.8136839,0.11830756,0.9423685,0.38919398,-0.11546577,0.007362769
0.89270055,0.89166397,0.99848723,0.997712,0.6456514,0.65473133,0.231833,0.21812259,0.26675805,0.27787128,0.7034077,0.101199865,0.009263373,0.008836085,0.93642515,0.36537543,0.89732605,0.7396162,0.5221948,0.88970363,0.8955733,0.5320344,0.53540254,0.36049944,0.83235645,0.36486125,0.81958026,0.11907166,0.9431882,0.38919833,-0.1160716,0.0025280362
0.8943242,0.8932829,0.99848855,0.9977089,0.6427762,0.6519882,0.23177648,0.21798834,0.26398027,0.2755745,0.70203084,0.102120206,0.0090898685,0.008637618,0.9367986,0.36556882,0.89771354,0.73952055,0.5218195,0.8900853,0.8961701,0.5315602,0.5350393,0.3577715,0.83634555,0.36213997,0.8235961,0.11977556,0.9439511,0.38927004,-0.11666929,-0.0019438391
0.89569354,0.89466393,0.99848986,0.9977064,0.6404168,0.6497309,0.2316727,0.21786867,0.26133022,0.27333835,0.7004341,0.10312865,0.008967791,0.008498412,0.9370109,0.36561787,0.8978462,0.7393101,0.521587,0.8902132,0.89649475,0.5312388,0.53475636,0.35574645,0.8391834,0.36012927,0.826448,0.12051961,0.9445962,0.38946325,-0.11730737,-0.006033124
0.8967826,0.8957889,0.99849,0.99770194,0.63838696,0.64780945,0.23142219,0.21768355,0.25912863,0.27151188,0.6993296,0.10388933,0.0088778185,0.008388358,0.93720657,0.36572587,0.89790034,0.7391288,0.52137995,0.89025146,0.8967155,0.5309611,0.534506,0.35413045,0.84148103,0.35849825,0.82881886,0.12138255,0.9449012,0.38987032,-0.11799137,-0.0097508915
0.89768404,0.8967324,0.99848986,0.99769706,0.6366081,0.6461332,0.2311002,0.21746491,0.2572186,0.26993963,0.6984448,0.10453681,0.008805073,0.008297419,0.9373644,0.36584613,0.89791507,0.73895395,0.5212055,0.8902507,0.89687616,0.5307396,0.53429544,0.35275346,0.84341145,0.3570994,0.83083665,0.122248955,0.94506675,0.39040688,-0.11862634,-0.01299542
0.89845484,0.8975425,0.99848986,0.99769294,0.6350984,0.6446904,0.23068751,0.21718515,0.25548398,0.2685004,0.6973951,0.10526084,0.008741909,0.008223091,0.93749714,0.36592668,0.8979195,0.73875296,0.5211064,0.8902481,0.89701694,0.530611,0.5341461,0.35159275,0.84496534,0.355916,0.8324554,0.12308823,0.9452421,0.3910444,-0.11914667,-0.01568983
0.89908606,0.8982077,0.99848974,0.997689,0.63383484,0.6434604,0.23019212,0.21684346,0.25399187,0.26726037,0.6963001,0.105998464,0.008687583,0.008161554,0.9376348,0.3659996,0.89794314,0.73855525,0.52106386,0.89026743,0.89716464,0.5305498,0.5340449,0.35062605,0.8462226,0.35491645,0.83377045,0.12387004,0.94535834,0.39180225,-0.11956095,-0.017886698
0.8995898,0.8987405,0.99848974,0.99768555,0.63277125,0.64241946,0.22971074,0.21651343,0.25274074,0.26622134,0.69540817,0.10662029,0.008645682,0.00811312,0.93774235,0.366078,0.89794266,0.73838156,0.52105105,0.8902589,0.8972703,0.53052825,0.5339796,0.34984636,0.8472128,0.35409617,0.834823,0.12458543,0.94536614,0.3926324,-0.11989884,-0.019664211
0.9000003,0.8991756,0.99848986,0.9976828,0.63188136,0.64154404,0.2292872,0.21622945,0.251663,0.26531845,0.69469285,0.10713674,0.008616154,0.008078695,0.937795,0.36613467,0.8979,0.73821586,0.521068,0.89020604,0.89731675,0.5305433,0.5339444,0.34924716,0.8479398,0.3534574,0.83560526,0.12521969,0.9453372,0.39347723,-0.12016838,-0.021052826
0.9003384,0.8995332,0.9984901,0.9976808,0.63114965,0.6408137,0.22890884,0.21597996,0.2507246,0.2645226,0.694028,0.10761166,0.008595427,0.008055923,0.93781173,0.366159,0.8978408,0.73804873,0.521116,0.8901373,0.89733386,0.5305929,0.53393567,0.34879878,0.84844774,0.352974,0.83615434,0.12576509,0.94532937,0.39431608,-0.1203748,-0.022081422
0.9006103,0.89981914,0.99849033,0.9976793,0.63055205,0.6402093,0.22856928,0.21575664,0.24992855,0.2638436,0.6934004,0.108052574,0.008580718,0.008041038,0.9378147,0.36616415,0.89778656,0.7378895,0.52117896,0.8900736,0.89734375,0.53066,0.5339437,0.3484627,0.8488068,0.3526067,0.836545,0.12622602,0.94532907,0.3951432,-0.12053378,-0.022810554
0.90082157,0.90003914,0.9984906,0.9976781,0.6300605,0.6397133,0.22827998,0.21556689,0.24927452,0.26328778,0.69287515,0.108427234,0.0085708415,0.008031106,0.93780935,0.3661642,0.8977382,0.7377494,0.52123445,0.89001435,0.89734674,0.5307225,0.53395593,0.34820583,0.84907603,0.3523219,0.83684367,0.12661508,0.945305,0.3959479,-0.120660536,-0.023312159
0.9009852,0.9002074,0.9984908,0.99767715,0.62965167,0.63930494,0.22804369,0.21541378,0.24874534,0.26284263,0.69246894,0.1087286,0.0085645355,0.008024362,0.937802,0.366163,0.89769673,0.7376301,0.52127516,0.8899605,0.8973446,0.5307727,0.53396803,0.34800628,0.8492887,0.3520977,0.83708465,0.12694797,0.94525534,0.39671126,-0.12076255,-0.023636125
0.90111613,0.9003394,0.99849105,0.99767655,0.629311,0.63896465,0.22784314,0.21528646,0.24832049,0.262491,0.69213974,0.108979635,0.008560099,0.008019593,0.93780786,0.36616006,0.89767194,0.73752815,0.5213082,0.8899231,0.89735097,0.53081644,0.53398335,0.34785175,0.8494606,0.35192063,0.8372819,0.12723924,0.94519794,0.39741737,-0.12084273,-0.023809254
0.9012226,0.90044457,0.99849117,0.99767596,0.62902886,0.6386791,0.22766457,0.21517536,0.24798615,0.26222026,0.69186,0.10919499,0.00855645,0.0080160275,0.93783283,0.366155,0.8976705,0.7374407,0.52133757,0.88990927,0.89737415,0.5308563,0.5340013,0.34773248,0.8496049,0.35178024,0.83744705,0.12749064,0.94514734,0.39805782,-0.12090617,-0.023856627
0.9013064,0.90052545,0.9984913,0.9976755,0.62879395,0.63843924,0.22751102,0.21508217,0.2477356,0.26202497,0.69164765,0.109365515,0.008553594,0.008013252,0.9378711,0.36615127,0.8976879,0.73736924,0.52135974,0.88991445,0.89740986,0.5308884,0.5340178,0.34764042,0.84973246,0.35166806,0.8375932,0.12770125,0.94509655,0.39862868,-0.12095995,-0.023811711
0.90137047,0.9005855,0.9984913,0.997675,0.62859666,0.6382387,0.22738907,0.21501139,0.24755695,0.26189396,0.69151783,0.10948405,0.008551831,0.008011175,0.9379135,0.36615026,0.89771444,0.7373139,0.5213721,0.88992894,0.89744866,0.53091025,0.5340308,0.34757072,0.84984607,0.35157955,0.83772486,0.12787354,0.94503903,0.3991272,-0.12100879,-0.023705823
0.90142053,0.90063053,0.9984913,0.99767464,0.62843096,0.6380715,0.22729625,0.2149613,0.24743341,0.26181108,0.6914532,0.10956055,0.008550949,0.00800975,0.93795675,0.36615014,0.8977457,0.73727155,0.5213769,0.8899487,0.89748746,0.53092384,0.5340406,0.34751964,0.84994555,0.35151142,0.8378404,0.1280131,0.9449809,0.39955148,-0.12105464,-0.023559695
0.90146136,0.90066594,0.9984913,0.9976744,0.62829196,0.6379309,0.22722445,0.21492603,0.24735181,0.26176426,0.6914268,0.10960996,0.008550477,0.008008759,0.9380028,0.3661496,0.89778256,0.7372392,0.5213775,0.8899752,0.8975286,0.5309321,0.53404826,0.34748304,0.85003245,0.3514596,0.83794075,0.12812585,0.94493026,0.39990395,-0.12109964,-0.023387846
0.90149444,0.9006936,0.9984913,0.99767405,0.6281741,0.6378118,0.22716866,0.21490178,0.24730667,0.26174888,0.6914306,0.109637305,0.008550125,0.008007872,0.93805295,0.3661507,0.8978254,0.7372164,0.52137434,0.8900088,0.8975734,0.5309356,0.53405374,0.347456,0.8501123,0.3514185,0.8380319,0.12821682,0.9448858,0.40019026,-0.12114644,-0.023205778
0.9015209,0.90071476,0.9984913,0.9976738,0.6280721,0.6377098,0.22712855,0.21488811,0.24729277,0.26176074,0.6914674,0.109642155,0.008549899,0.008006932,0.9381054,0.36615518,0.8978716,0.7372033,0.52136666,0.8900466,0.8976195,0.5309335,0.5340566,0.34743464,0.8501884,0.35138395,0.8381184,0.12828998,0.9448432,0.40041596,-0.121196724,-0.023027103
0.9015427,0.9007315,0.99849117,0.9976736,0.6279823,0.63762146,0.22710238,0.21488385,0.24730246,0.26179266,0.6915309,0.10962847,0.008549745,0.008005898,0.9381589,0.3661627,0.8979187,0.7371983,0.5213554,0.8900862,0.89766514,0.53092706,0.53405744,0.34741697,0.8502611,0.3513541,0.8382007,0.12834975,0.94480246,0.4005868,-0.12125092,-0.022859555
0.90156174,0.900746,0.99849105,0.9976732,0.62790287,0.63754404,0.22708601,0.21488613,0.24732852,0.2618382,0.6916081,0.10960387,0.008549519,0.008004762,0.9382136,0.36617252,0.89796627,0.73719937,0.5213425,0.8901271,0.89771056,0.5309183,0.5340573,0.34740174,0.8503298,0.35132742,0.8382779,0.12839983,0.94476587,0.40070873,-0.121308796,-0.022706583
0.90157884,0.9007591,0.99849105,0.997673,0.62783176,0.637475,0.22707613,0.21489239,0.24736662,0.26189318,0.6916915,0.109572835,0.0085491305,0.008003483,0.9382693,0.36618444,0.89801407,0.7372053,0.5213293,0.89016926,0.89775604,0.5309083,0.5340567,0.3473879,0.850395,0.35130268,0.83835036,0.12844238,0.9447338,0.40078866,-0.12136964,-0.02257071
0.90159446,0.90077126,0.9984909,0.99767274,0.627767,0.637413,0.22707164,0.21490173,0.24741302,0.26195437,0.691779,0.109536916,0.0085486295,0.008002074,0.9383244,0.36619842,0.8980606,0.7372154,0.52131563,0.8902108,0.89780015,0.5308973,0.5340556,0.34737474,0.85045695,0.35127914,0.8384187,0.12847899,0.94470465,0.40083307,-0.12143353,-0.022454092
0.901609,0.9007829,0.9984909,0.9976724,0.6277076,0.6373568,0.22707209,0.21491371,0.24746394,0.26201814,0.691869,0.10949744,0.008548064,0.008000587,0.938377,0.36621395,0.8981041,0.73722863,0.5213019,0.8902502,0.89784116,0.5308858,0.5340541,0.34736165,0.85051525,0.35125625,0.8384828,0.12851089,0.94467765,0.40084803,-0.12149968,-0.022357984
0.90162265,0.9007942,0.9984908,0.99767214,0.6276528,0.6373058,0.22707613,0.2149274,0.24751623,0.26208162,0.69195753,0.10945697,0.008547446,0.00799905,0.9384267,0.36623058,0.8981439,0.7372439,0.52128863,0.8902866,0.8978788,0.5308743,0.5340524,0.34734857,0.8505694,0.35123396,0.83854204,0.12853941,0.9446533,0.40083927,-0.12156757,-0.022281699
0.9016361,0.9008058,0.9984907,0.9976719,0.62760204,0.63725907,0.22708222,0.21494173,0.24756745,0.26214263,0.6920405,0.10941782,0.008546763,0.007997507,0.93847305,0.36624765,0.89818,0.73726034,0.52127624,0.89031994,0.8979132,0.5308633,0.53405076,0.3473355,0.85061914,0.3512122,0.8385963,0.12856568,0.944632,0.4008119,-0.12163651,-0.022223866
0.90164924,0.9008174,0.9984907,0.99767166,0.6275547,0.637216,0.22708945,0.21495591,0.24761635,0.26220015,0.69211686,0.10938102,0.008546015,0.007995964,0.9385163,0.36626518,0.89821255,0.73727745,0.5212651,0.8903503,0.8979444,0.53085315,0.5340494,0.34732217,0.85066485,0.35119066,0.8386459,0.12859035,0.9446133,0.400771,-0.12170565,-0.022182968
0.901662,0.9008292,0.9984907,0.9976714,0.6275104,0.6371761,0.22709727,0.21496977,0.247662,0.26225337,0.69218606,0.109347075,0.008545232,0.007994432,0.93855613,0.3662829,0.89824116,0.73729473,0.52125496,0.8903772,0.89797217,0.53084385,0.53404826,0.34730867,0.85070664,0.35116932,0.83869094,0.12861414,0.9445967,0.40072042,-0.12177465,-0.02215744
0.9016745,0.9008411,0.9984906,0.9976712,0.6274689,0.6371391,0.22710524,0.21498293,0.24770342,0.26230153,0.69224757,0.109316565,0.008544419,0.007992938,0.9385923,0.36630043,0.8982662,0.73731184,0.52124614,0.89040095,0.89799666,0.5308356,0.53404737,0.34729502,0.8507446,0.35114828,0.8387318,0.12863733,0.944582,0.40066367,-0.121842794,-0.022144988
0.9016867,0.9008529,0.9984906,0.99767095,0.62742996,0.6371047,0.22711278,0.21499503,0.24774037,0.2623445,0.69230103,0.109289646,0.008543603,0.007991502,0.93862534,0.36631763,0.8982878,0.7373284,0.5212385,0.89042145,0.8980182,0.5308285,0.5340469,0.34728152,0.85077876,0.35112774,0.8387684,0.1286601,0.9445688,0.40060383,-0.12190947,-0.022143409
0.90169847,0.9008647,0.9984906,0.9976707,0.6273934,0.6370726,0.2271197,0.21500598,0.2477727,0.26238218,0.6923468,0.109266415,0.008542784,0.007990122,0.938655,0.36633438,0.89830613,0.7373441,0.521232,0.89043915,0.89803684,0.53082234,0.5340467,0.34726807,0.8508096,0.35110754,0.8388014,0.12868257,0.94455725,0.40054318,-0.12197433,-0.02215087
0.9017099,0.90087634,0.9984906,0.9976705,0.62735945,0.63704294,0.22712578,0.21501571,0.2478001,0.2624145,0.6923846,0.1092471,0.008541976,0.007988826,0.9386815,0.36635023,0.8983216,0.7373587,0.52122676,0.89045405,0.89805293,0.53081745,0.5340469,0.34725487,0.8508368,0.35108808,0.8388306,0.12870468,0.94454724,0.40048364,-0.12203692,-0.02216505
0.9017208,0.90088755,0.9984906,0.99767035,0.6273275,0.63701516,0.22713096,0.21502414,0.24782322,0.262442,0.69241583,0.109231174,0.008541188,0.007987609,0.9387049,0.36636543,0.8983344,0.7373723,0.5212224,0.8904666,0.8980666,0.53081334,0.5340472,0.34724206,0.85086143,0.35106918,0.83885676,0.12872638,0.9445382,0.4004267,-0.12209691,-0.022184651
0.9017312,0.90089846,0.9984906,0.9976701,0.6272978,0.6369896,0.2271353,0.21503146,0.24784197,0.26246473,0.6924407,0.1092184,0.008540434,0.007986479,0.93872553,0.36637968,0.8983448,0.7373847,0.521219,0.89047664,0.898078,0.5308101,0.5340478,0.34722957,0.8508831,0.35105106,0.8388798,0.12874758,0.9445303,0.40037322,-0.122154206,-0.022207959
0.9017412,0.90090895,0.9984906,0.9976699,0.62727016,0.63696575,0.22713874,0.21503769,0.24785689,0.2624833,0.69246006,0.1092085,0.008539719,0.007985441,0.9387435,0.366393,0.89835304,0.7373959,0.5212163,0.8904848,0.89808744,0.53080773,0.53404856,0.34721762,0.8509023,0.35103366,0.8389004,0.12876825,0.9445233,0.40032414,-0.1222086,-0.022233592
0.9017504,0.9009188,0.9984906,0.99766976,0.6272445,0.6369437,0.22714135,0.21504284,0.24786842,0.2624982,0.6924747,0.10920108,0.008539041,0.007984489,0.93875915,0.36640546,0.8983596,0.737406,0.5212142,0.8904913,0.8980953,0.5308059,0.5340494,0.34720623,0.8509194,0.35101727,0.8389186,0.12878816,0.9445169,0.40027985,-0.12225992,-0.022260608
0.90175915,0.9009281,0.99849045,0.99766964,0.62722075,0.63692343,0.22714329,0.21504712,0.24787688,0.26250973,0.6924853,0.1091958,0.008538411,0.007983613,0.9387727,0.3664169,0.8983646,0.7374151,0.5212127,0.8904962,0.8981016,0.53080463,0.53405035,0.34719527,0.8509347,0.35100168,0.8389347,0.12880728,0.9445113,0.4002404,-0.122308284,-0.02228779
0.90176725,0.9009369,0.99849045,0.9976695,0.6271986,0.6369046,0.22714448,0.21505049,0.24788284,0.26251853,0.69249237,0.109192386,0.008537813,0.007982812,0.93878436,0.36642745,0.8983685,0.73742306,0.52121156,0.8905,0.8981068,0.53080374,0.53405124,0.34718484,0.85094833,0.35098675,0.8389494,0.12882559,0.94450617,0.400206,-0.122353494,-0.022314584
0.90177476,0.900945,0.9984906,0.9976694,0.6271783,0.6368874,0.22714518,0.21505328,0.2478865,0.26252487,0.6924967,0.10919044,0.008537265,0.007982091,0.9387943,0.36643708,0.8983712,0.7374301,0.5212108,0.89050287,0.898111,0.53080326,0.53405225,0.34717506,0.8509606,0.3509728,0.8389623,0.12884293,0.9445016,0.40017632,-0.12239568,-0.022340335
0.9017816,0.90095246,0.9984906,0.9976693,0.6271596,0.6368714,0.22714543,0.21505545,0.24788843,0.26252925,0.6924986,0.10918979,0.008536752,0.0079814335,0.93880284,0.3664459,0.89837337,0.7374363,0.52121025,0.89050484,0.8981143,0.530803,0.5340532,0.34716576,0.85097164,0.35095966,0.83897406,0.12885928,0.94449747,0.40015125,-0.12243503,-0.022364642
0.901788,0.90095943,0.9984906,0.99766916,0.6271423,0.6368568,0.22714514,0.21505699,0.24788895,0.2625321,0.6924989,0.10919009,0.00853628,0.007980841,0.93881017,0.3664539,0.89837474,0.7374418,0.52120984,0.89050627,0.8981171,0.5308029,0.53405404,0.34715715,0.8509816,0.35094732,0.8389848,0.12887467,0.94449365,0.40013045,-0.12247146,-0.022387115
0.9017937,0.9009657,0.9984906,0.99766904,0.6271265,0.6368434,0.22714475,0.21505824,0.24788825,0.26253358,0.6924981,0.109191045,0.008535848,0.007980297,0.93881637,0.36646116,0.8983757,0.7374464,0.5212096,0.8905071,0.8981193,0.53080297,0.5340549,0.347149,0.8509907,0.35093582,0.83899456,0.12888901,0.94449,0.40011355,-0.12250534,-0.022407789
0.9017991,0.90097153,0.9984906,0.9976689,0.627112,0.6368311,0.22714412,0.21505912,0.2478867,0.262534,0.6924962,0.1091925,0.008535453,0.007979814,0.9388217,0.3664677,0.89837617,0.73745054,0.52120936,0.89050746,0.8981209,0.5308031,0.53405553,0.34714136,0.8509991,0.350925,0.83900344,0.1289023,0.9444868,0.40009993,-0.12253657,-0.022426227
0.9018038,0.90097666,0.9984906,0.9976688,0.6270986,0.6368198,0.22714321,0.21505971,0.24788457,0.26253378,0.6924938,0.10919431,0.008535089,0.0079793725,0.93882614,0.36647364,0.8983765,0.73745406,0.5212091,0.89050776,0.89812225,0.5308032,0.53405625,0.34713426,0.851007,0.35091496,0.8390119,0.12891461,0.94448376,0.40008956,-0.12256547,-0.022442788
0.9018082,0.90098137,0.9984906,0.9976688,0.62708634,0.63680947,0.22714242,0.21506022,0.24788187,0.2625329,0.69249094,0.10919635,0.008534762,0.007978969,0.93882996,0.36647895,0.89837664,0.73745716,0.5212088,0.89050776,0.89812326,0.53080326,0.5340567,0.34712765,0.8510142,0.35090563,0.83901966,0.12892587,0.9444809,0.4000817,-0.12259209,-0.022457415
0.9018121,0.90098554,0.9984906,0.9976687,0.6270752,0.63680017,0.22714154,0.21506053,0.24787912,0.2625318,0.692488,0.10919839,0.008534452,0.007978599,0.9388332,0.36648378,0.8983768,0.73745984,0.5212086,0.89050776,0.8981242,0.5308033,0.5340571,0.34712133,0.8510211,0.3508968,0.8390271,0.12893607,0.9444782,0.4000762,-0.12261671,-0.022470223
0.90181553,0.9009894,0.9984906,0.99766856,0.6270648,0.63679135,0.22714064,0.21506071,0.24787624,0.26253048,0.6924853,0.10920043,0.008534182,0.007978267,0.93883604,0.3664882,0.8983768,0.7374622,0.52120817,0.89050764,0.898125,0.5308033,0.5340573,0.34711543,0.85102767,0.3508886,0.83903414,0.12894548,0.94447565,0.40007257,-0.12263928,-0.022481259
0.90181863,0.9009928,0.9984906,0.99766856,0.62705535,0.6367834,0.22713988,0.21506096,0.24787323,0.26252893,0.69248265,0.109202355,0.008533923,0.007977958,0.9388385,0.36649215,0.8983768,0.7374643,0.52120775,0.8905076,0.8981256,0.5308032,0.5340575,0.34710997,0.851034,0.35088095,0.8390409,0.12895396,0.9444733,0.40007055,-0.12266017,-0.022490745
0.90182155,0.9009958,0.9984906,0.99766845,0.6270467,0.6367762,0.22713904,0.21506108,0.24787033,0.26252744,0.6924801,0.10920421,0.0085336855,0.007977667,0.93884057,0.36649573,0.89837694,0.73746616,0.5212073,0.8905074,0.89812624,0.5308031,0.5340577,0.3471048,0.85103995,0.35087383,0.83904743,0.12896174,0.94447106,0.40006965,-0.122679435,-0.022498848
0.90182406,0.90099853,0.9984906,0.99766845,0.62703884,0.63676953,0.22713834,0.21506123,0.24786751,0.26252595,0.69247776,0.109205954,0.008533471,0.007977403,0.9388425,0.36649895,0.898377,0.73746777,0.52120674,0.8905074,0.89812696,0.5308028,0.5340576,0.34710002,0.8510457,0.35086715,0.83905345,0.12896855,0.94446903,0.40006977,-0.12269711,-0.022505743
0.9018263,0.9010009,0.99849045,0.9976683,0.6270315,0.6367635,0.22713773,0.21506137,0.24786499,0.2625246,0.69247603,0.10920742,0.008533278,0.007977162,0.93884414,0.3665019,0.8983771,0.73746926,0.5212061,0.8905073,0.8981275,0.53080255,0.53405756,0.34709555,0.85105115,0.350861,0.8390594,0.12897481,0.94446695,0.40007073,-0.12271337,-0.022511464
0.90182835,0.9010032,0.99849045,0.9976683,0.62702477,0.6367579,0.22713731,0.21506156,0.24786253,0.26252326,0.6924745,0.10920867,0.008533092,0.007976931,0.9388455,0.36650452,0.8983773,0.73747057,0.5212054,0.8905073,0.898128,0.53080213,0.5340574,0.34709126,0.85105646,0.3508552,0.839065,0.12898031,0.9444651,0.40007222,-0.12272846,-0.022516305
0.9018303,0.9010051,0.99849045,0.9976683,0.6270185,0.63675267,0.22713678,0.21506168,0.24786025,0.26252207,0.69247293,0.10920995,0.008532923,0.007976715,0.9388469,0.36650693,0.8983775,0.73747176,0.5212047,0.8905073,0.89812845,0.5308017,0.5340572,0.34708738,0.8510615,0.35084984,0.83907056,0.1289855,0.94446343,0.40007406,-0.1227424,-0.02252016
0.9018319,0.9010068,0.99849045,0.9976682,0.62701297,0.6367481,0.22713643,0.2150619,0.2478582,0.26252103,0.69247174,0.10921099,0.008532769,0.007976516,0.938848,0.3665092,0.8983779,0.7374729,0.521204,0.8905074,0.89812905,0.53080124,0.53405696,0.34708366,0.85106635,0.35084486,0.83907574,0.12898996,0.9444618,0.40007627,-0.1227552,-0.022523573
0.9018334,0.90100837,0.99849045,0.9976682,0.6270076,0.6367436,0.22713621,0.21506216,0.24785638,0.26252016,0.69247115,0.10921168,0.008532625,0.007976328,0.9388491,0.36651123,0.8983782,0.7374739,0.5212031,0.8905076,0.8981295,0.5308007,0.5340566,0.34708014,0.85107106,0.35084012,0.8390808,0.12899402,0.94446015,0.40007865,-0.12276702,-0.022526328
0.90183485,0.90100986,0.99849045,0.9976682,0.62700284,0.6367397,0.22713609,0.21506245,0.24785471,0.26251933,0.6924706,0.109212376,0.008532495,0.007976154,0.93885005,0.3665131,0.8983785,0.7374748,0.5212023,0.89050764,0.89813,0.5308001,0.5340563,0.34707692,0.8510754,0.3508358,0.8390855,0.12899765,0.9444587,0.40008095,-0.12277795,-0.022528606
0.90183604,0.9010111,0.99849045,0.9976682,0.62699825,0.63673586,0.22713594,0.2150627,0.24785328,0.26251873,0.69247013,0.10921296,0.008532358,0.007975984,0.93885106,0.36651483,0.89837885,0.73747575,0.52120155,0.89050794,0.8981306,0.53079957,0.53405595,0.34707376,0.8510798,0.35083154,0.8390902,0.12900081,0.94445723,0.40008336,-0.1227881,-0.022530453
0.90183717,0.90101224,0.99849045,0.9976681,0.6269942,0.6367326,0.22713588,0.21506298,0.24785186,0.26251814,0.69246984,0.10921345,0.008532245,0.00797583,0.9388518,0.36651638,0.8983792,0.7374765,0.5212008,0.89050806,0.8981311,0.530799,0.5340556,0.34707096,0.8510838,0.3508278,0.83909446,0.1290038,0.9444561,0.40008575,-0.12279745,-0.022532135
0.9018381,0.9010133,0.99849045,0.9976681,0.6269904,0.6367294,0.22713588,0.2150633,0.24785076,0.2625177,0.6924699,0.10921367,0.008532149,0.007975686,0.93885255,0.36651787,0.8983796,0.7374773,0.52119994,0.8905083,0.89813155,0.5307983,0.5340552,0.3470683,0.8510877,0.35082433,0.8390987,0.1290064,0.9444548,0.40008807,-0.12280623,-0.022533506
0.90183914,0.90101427,0.99849045,0.9976681,0.62698674,0.6367264,0.22713599,0.21506362,0.24784976,0.26251736,0.69247,0.10921391,0.008532044,0.007975539,0.93885326,0.36651924,0.89838,0.7374781,0.5211991,0.89050853,0.898132,0.5307977,0.5340548,0.3470657,0.8510914,0.35082087,0.8391026,0.1290087,0.94445366,0.40009016,-0.1228142,-0.02253477
0.90184,0.90101516,0.99849045,0.9976681,0.6269835,0.63672376,0.22713602,0.21506393,0.2478488,0.26251698,0.69247,0.10921419,0.008531942,0.007975414,0.93885404,0.36652043,0.8983804,0.73747873,0.5211984,0.8905088,0.89813244,0.5307972,0.53405446,0.34706333,0.85109484,0.35081774,0.8391064,0.12901086,0.9444527,0.40009215,-0.122821726,-0.022535695
0.90184075,0.90101594,0.99849045,0.9976681,0.6269804,0.6367212,0.22713606,0.21506423,0.247848,0.2625168,0.6924702,0.109214276,0.008531846,0.007975278,0.93885463,0.3665217,0.8983809,0.7374794,0.5211976,0.89050907,0.898133,0.5307966,0.5340541,0.34706104,0.8510983,0.35081473,0.8391101,0.12901276,0.94445175,0.40009403,-0.122828715,-0.022536648
0.90184146,0.9010166,0.99849045,0.99766797,0.6269776,0.6367189,0.22713622,0.21506454,0.2478473,0.26251665,0.6924706,0.10921432,0.008531769,0.007975165,0.9388552,0.36652273,0.8983812,0.7374799,0.5211969,0.89050937,0.8981334,0.53079593,0.5340537,0.34705895,0.8511014,0.35081205,0.83911335,0.12901448,0.9444508,0.40009585,-0.12283516,-0.022537677
0.9018421,0.9010173,0.99849045,0.99766797,0.62697494,0.6367167,0.22713643,0.2150649,0.24784666,0.26251647,0.69247097,0.1092143,0.008531696,0.00797506,0.9388557,0.3665237,0.89838153,0.7374805,0.5211962,0.89050955,0.8981337,0.5307954,0.5340534,0.34705707,0.85110426,0.35080954,0.83911645,0.12901609,0.94444984,0.40009746,-0.12284113,-0.02253848
0.9018428,0.90101796,0.99849045,0.99766797,0.6269725,0.6367148,0.22713652,0.21506517,0.24784595,0.2625163,0.6924711,0.10921439,0.0085316235,0.007974962,0.9388561,0.36652467,0.8983818,0.73748106,0.52119553,0.8905097,0.89813405,0.53079486,0.534053,0.3470552,0.85110694,0.35080716,0.83911943,0.12901755,0.94444907,0.40009892,-0.12284662,-0.022539224
0.90184337,0.90101856,0.99849045,0.99766797,0.6269702,0.63671297,0.22713672,0.2150655,0.24784543,0.26251614,0.69247144,0.109214365,0.008531552,0.00797486,0.93885654,0.36652553,0.8983821,0.7374816,0.52119493,0.89051,0.89813435,0.5307944,0.53405267,0.34705344,0.8511096,0.35080492,0.8391221,0.12901881,0.9444484,0.40010026,-0.122851856,-0.022539984
0.90184397,0.90101904,0.99849045,0.99766797,0.6269681,0.63671124,0.2271369,0.21506573,0.2478449,0.26251602,0.6924717,0.10921442,0.008531491,0.007974773,0.93885696,0.36652637,0.8983824,0.737482,0.52119434,0.89051014,0.89813465,0.53079385,0.5340524,0.34705183,0.85111207,0.35080284,0.8391248,0.12902008,0.9444478,0.40010148,-0.12285659,-0.022540744
0.90184444,0.90101963,0.99849045,0.99766797,0.6269662,0.6367096,0.22713701,0.215066,0.24784446,0.262516,0.692472,0.109214365,0.008531431,0.007974682,0.9388574,0.36652708,0.8983827,0.7374825,0.52119374,0.8905104,0.898135,0.5307934,0.534052,0.3470503,0.8511144,0.35080084,0.8391273,0.12902111,0.94444704,0.40010276,-0.12286106,-0.022541475
0.9018449,0.90102,0.99849045,0.99766797,0.6269643,0.63670814,0.22713721,0.21506627,0.247844,0.26251584,0.6924722,0.109214365,0.008531378,0.007974607,0.9388577,0.36652783,0.8983829,0.73748285,0.5211932,0.8905105,0.8981352,0.530793,0.5340517,0.3470489,0.8511165,0.35079908,0.8391295,0.12902217,0.9444465,0.4001038,-0.122865245,-0.022542158
0.90184534,0.90102047,0.99849045,0.99766785,0.62696266,0.63670677,0.22713736,0.21506648,0.24784358,0.26251575,0.69247234,0.10921442,0.0085313255,0.0079745315,0.93885803,0.3665284,0.8983832,0.7374832,0.5211927,0.8905107,0.8981355,0.53079253,0.5340515,0.34704763,0.8511183,0.35079744,0.8391315,0.12902306,0.94444597,0.40010488,-0.12286909,-0.022542784
0.9018457,0.9010209,0.99849045,0.99766785,0.6269611,0.6367055,0.22713746,0.21506675,0.24784318,0.26251563,0.69247264,0.10921439,0.008531277,0.0079744635,0.93885833,0.36652902,0.8983834,0.73748356,0.52119225,0.8905108,0.89813566,0.5307922,0.53405124,0.34704638,0.8511202,0.3507959,0.8391335,0.12902397,0.94444543,0.40010566,-0.12287264,-0.022543484
0.9018461,0.90102124,0.99849045,0.99766785,0.6269596,0.6367044,0.22713766,0.21506697,0.24784282,0.2625156,0.6924729,0.109214365,0.008531232,0.0079743955,0.9388585,0.36652958,0.89838356,0.7374839,0.5211918,0.890511,0.8981359,0.5307918,0.534051,0.34704518,0.85112196,0.35079435,0.83913547,0.12902473,0.944445,0.40010658,-0.122876,-0.02254414
0.9018464,0.90102154,0.99849045,0.99766785,0.6269583,0.63670325,0.2271378,0.21506715,0.24784246,0.26251546,0.6924731,0.10921432,0.008531196,0.007974342,0.93885875,0.36653006,0.89838374,0.73748416,0.5211914,0.89051104,0.89813596,0.53079146,0.53405076,0.34704423,0.85112345,0.35079303,0.839137,0.12902544,0.9444446,0.40010735,-0.122879095,-0.022544721
0.90184677,0.90102196,0.99849045,0.99766785,0.626957,0.63670224,0.22713788,0.2150673,0.24784209,0.2625154,0.6924732,0.109214365,0.008531152,0.007974283,0.9388589,0.36653057,0.898384,0.7374845,0.52119106,0.89051116,0.8981362,0.53079116,0.5340505,0.3470431,0.85112506,0.35079175,0.83913875,0.12902613,0.9444442,0.4001081,-0.122881845,-0.022545421
0.90184706,0.90102226,0.99849045,0.99766785,0.6269558,0.6367013,0.22713795,0.21506742,0.24784179,0.26251528,0.69247323,0.10921447,0.008531116,0.00797423,0.93885916,0.36653095,0.89838415,0.73748475,0.5211907,0.89051133,0.8981364,0.5307909,0.53405035,0.3470422,0.8511264,0.35079065,0.8391402,0.12902677,0.9444439,0.40010878,-0.12288444,-0.022545837
0.90184724,0.90102255,0.99849045,0.99766785,0.6269548,0.6367004,0.2271381,0.21506758,0.24784154,0.26251522,0.69247335,0.10921442,0.008531087,0.007974185,0.93885934,0.3665314,0.89838415,0.73748493,0.5211904,0.89051133,0.89813656,0.5307906,0.53405017,0.3470414,0.85112756,0.35078952,0.8391415,0.1290273,0.94444346,0.40010956,-0.12288693,-0.022546418
0.90184754,0.90102273,0.99849045,0.99766785,0.6269538,0.6366996,0.22713825,0.21506779,0.24784118,0.26251504,0.69247353,0.109214365,0.008531059,0.007974147,0.93885934,0.3665318,0.8983842,0.7374852,0.52119005,0.89051133,0.89813656,0.5307903,0.53405,0.34704062,0.8511288,0.3507886,0.83914274,0.12902783,0.9444431,0.4001102,-0.12288918,-0.022547
0.90184784,0.90102303,0.99849045,0.99766785,0.6269529,0.63669884,0.22713827,0.21506785,0.24784091,0.26251495,0.69247353,0.10921447,0.008531027,0.007974106,0.9388596,0.36653212,0.89838433,0.73748535,0.5211898,0.89051145,0.89813673,0.53079015,0.5340498,0.34703988,0.85112983,0.35078764,0.8391439,0.12902838,0.9444429,0.40011072,-0.12289122,-0.02254749
0.901848,0.9010232,0.99849045,0.99766785,0.62695193,0.63669807,0.2271383,0.21506797,0.24784069,0.2625149,0.6924736,0.10921449,0.008530999,0.00797406,0.93885976,0.36653244,0.8983845,0.7374855,0.5211895,0.8905115,0.89813685,0.5307899,0.53404963,0.34703916,0.85113096,0.35078678,0.8391451,0.12902886,0.9444426,0.4001113,-0.122893184,-0.022547938
0.9018482,0.9010234,0.99849045,0.99766785,0.62695116,0.6366975,0.22713844,0.21506807,0.24784042,0.26251477,0.69247365,0.10921454,0.008530978,0.007974026,0.93885976,0.36653277,0.89838463,0.7374857,0.5211893,0.8905115,0.8981369,0.53078973,0.5340496,0.3470385,0.8511318,0.35078594,0.839146,0.12902929,0.9444424,0.40011185,-0.12289501,-0.02254828
0.90184844,0.90102357,0.99849045,0.99766785,0.62695044,0.63669693,0.22713855,0.21506825,0.24784015,0.26251468,0.6924738,0.109214514,0.008530955,0.007973996,0.9388599,0.366533,0.89838463,0.7374858,0.5211891,0.89051163,0.8981369,0.5307895,0.53404945,0.34703788,0.85113275,0.3507851,0.839147,0.12902963,0.94444203,0.40011233,-0.12289662,-0.022548623
0.9018486,0.9010238,0.99849045,0.99766785,0.6269498,0.6366964,0.22713856,0.2150683,0.24783991,0.2625146,0.69247395,0.10921449,0.008530934,0.0079739615,0.93886,0.3665333,0.8983847,0.737486,0.5211888,0.89051163,0.89813703,0.5307893,0.5340492,0.34703737,0.8511335,0.35078448,0.83914787,0.12903003,0.94444185,0.40011278,-0.12289818,-0.022548936
0.90184873,0.90102386,0.99849045,0.99766785,0.6269492,0.63669586,0.22713864,0.21506839,0.24783969,0.26251444,0.69247377,0.109214604,0.008530914,0.007973935,0.93886,0.3665335,0.8983847,0.7374861,0.5211887,0.89051163,0.89813715,0.53078926,0.5340492,0.3470368,0.8511343,0.3507838,0.83914864,0.12903032,0.94444174,0.40011328,-0.12289948,-0.022549234
0.9018489,0.90102404,0.99849045,0.99766785,0.62694854,0.63669544,0.2271387,0.21506843,0.24783948,0.26251435,0.6924738,0.109214604,0.008530898,0.007973913,0.9388601,0.36653373,0.8983848,0.73748624,0.5211885,0.89051163,0.89813715,0.530789,0.53404903,0.3470364,0.85113496,0.35078323,0.8391493,0.12903069,0.9444415,0.4001137,-0.12290082,-0.022549605
0.901849,0.90102416,0.99849045,0.99766785,0.62694806,0.63669497,0.22713874,0.21506849,0.24783933,0.26251432,0.69247377,0.10921468,0.008530882,0.007973887,0.93886024,0.36653394,0.8983849,0.7374863,0.5211883,0.89051175,0.8981372,0.5307889,0.534049,0.3470359,0.85113555,0.35078266,0.83914995,0.12903093,0.9444413,0.4001141,-0.12290208,-0.022549799
0.9018491,0.9010243,0.99849045,0.99766785,0.6269475,0.63669455,0.22713874,0.21506856,0.2478391,0.26251417,0.69247365,0.10921479,0.008530865,0.0079738675,0.93886024,0.3665341,0.8983849,0.7374864,0.52118814,0.89051175,0.89813733,0.5307888,0.53404886,0.34703556,0.85113615,0.3507822,0.83915055,0.12903121,0.9444412,0.40011448,-0.12290314,-0.022550067
0.9018492,0.90102446,0.99849045,0.99766785,0.6269471,0.6366942,0.22713879,0.21506862,0.24783896,0.26251408,0.69247365,0.10921479,0.008530853,0.007973845,0.9388603,0.3665343,0.898385,0.7374865,0.521188,0.89051175,0.89813733,0.5307887,0.5340488,0.34703514,0.85113674,0.3507817,0.83915114,0.12903145,0.9444411,0.40011492,-0.12290421,-0.022550395
0.90184927,0.9010246,0.99849045,0.99766785,0.6269467,0.63669395,0.22713882,0.21506864,0.24783881,0.26251408,0.69247377,0.10921477,0.008530834,0.007973822,0.9388604,0.3665344,0.898385,0.7374866,0.5211879,0.8905118,0.89813745,0.53078854,0.53404874,0.34703478,0.8511373,0.35078126,0.83915174,0.12903164,0.9444409,0.40011525,-0.122905165,-0.022550648
0.9018494,0.90102464,0.99849045,0.99766785,0.62694633,0.63669354,0.22713886,0.21506873,0.24783875,0.26251408,0.69247395,0.109214745,0.008530822,0.007973804,0.9388604,0.36653462,0.8983851,0.7374867,0.5211878,0.8905118,0.89813745,0.5307884,0.5340486,0.34703436,0.85113776,0.35078079,0.8391524,0.12903188,0.9444408,0.4001156,-0.122906,-0.022550886
0.90184957,0.90102476,0.99849045,0.99766785,0.62694585,0.63669324,0.22713889,0.21506873,0.2478386,0.262514,0.6924739,0.10921477,0.008530813,0.007973792,0.9388604,0.36653474,0.8983851,0.7374868,0.52118766,0.8905118,0.89813745,0.53078836,0.53404856,0.34703416,0.85113823,0.3507805,0.8391528,0.12903208,0.94444066,0.4001159,-0.12290689,-0.02255108
0.90184957,0.9010248,0.99849045,0.99766785,0.6269456,0.636693,0.22713889,0.21506877,0.2478384,0.26251388,0.6924739,0.10921481,0.008530805,0.007973777,0.93886054,0.36653483,0.8983851,0.73748684,0.52118754,0.8905118,0.8981375,0.5307883,0.53404856,0.34703392,0.85113853,0.35078016,0.8391532,0.12903228,0.94444054,0.40011615,-0.12290771,-0.022551185
0.9018497,0.90102494,0.99849045,0.99766773,0.62694526,0.6366927,0.22713894,0.21506885,0.24783827,0.2625138,0.69247377,0.10921488,0.0085307965,0.007973766,0.93886054,0.36653495,0.8983852,0.7374869,0.5211875,0.89051193,0.8981375,0.53078824,0.53404844,0.34703362,0.8511389,0.3507798,0.8391536,0.12903246,0.9444405,0.40011638,-0.1229083,-0.022551289
0.90184975,0.90102494,0.99849045,0.99766773,0.62694496,0.6366924,0.22713894,0.21506885,0.24783818,0.2625138,0.6924738,0.10921488,0.008530785,0.007973747,0.93886065,0.36653507,0.8983852,0.73748696,0.52118737,0.89051193,0.8981376,0.5307881,0.5340484,0.3470334,0.8511393,0.3507795,0.839154,0.12903258,0.94444036,0.40011677,-0.122908935,-0.022551393
0.90184987,0.90102506,0.99849045,0.99766773,0.6269447,0.6366923,0.22713901,0.21506894,0.24783814,0.26251376,0.6924738,0.10921488,0.008530777,0.007973736,0.93886054,0.36653516,0.8983852,0.737487,0.52118725,0.89051193,0.8981376,0.530788,0.5340483,0.3470331,0.85113966,0.3507792,0.83915436,0.1290327,0.94444025,0.40011692,-0.12290957,-0.022551542
0.90184987,0.90102506,0.99849045,0.99766773,0.6269444,0.6366921,0.22713904,0.21506895,0.24783802,0.2625137,0.69247395,0.10921486,0.0085307695,0.007973724,0.93886054,0.36653525,0.8983853,0.737487,0.5211872,0.89051193,0.8981376,0.53078794,0.53404826,0.34703293,0.85114,0.35077897,0.8391548,0.12903279,0.9444401,0.40011704,-0.12291002,-0.022551691
0.90185,0.9010251,0.99849045,0.99766773,0.62694424,0.63669187,0.22713909,0.21506895,0.24783793,0.26251364,0.69247395,0.10921488,0.008530761,0.007973717,0.93886054,0.36653534,0.8983852,0.737487,0.5211871,0.89051193,0.8981376,0.5307879,0.53404826,0.34703276,0.8511402,0.35077873,0.8391549,0.12903291,0.9444401,0.40011725,-0.12291051,-0.022551736
0.90185004,0.90102524,0.99849045,0.99766773,0.62694407,0.63669175,0.22713904,0.21506895,0.24783772,0.26251352,0.69247353,0.10921512,0.008530753,0.007973713,0.93886065,0.36653537,0.8983853,0.7374871,0.52118707,0.89051193,0.8981376,0.5307879,0.53404826,0.34703267,0.8511404,0.3507786,0.8391551,0.12903312,0.9444401,0.40011746,-0.12291092,-0.022551795
0.90185004,0.90102524,0.99849045,0.99766773,0.6269439,0.63669163,0.22713904,0.215069,0.24783766,0.26251346,0.6924734,0.10921521,0.008530744,0.007973702,0.93886065,0.36653545,0.8983853,0.7374871,0.521187,0.89051193,0.8981377,0.5307878,0.5340482,0.3470325,0.8511406,0.3507784,0.8391553,0.1290332,0.9444401,0.40011752,-0.12291143,-0.02255193
0.90185004,0.90102535,0.99849045,0.99766773,0.62694377,0.6366916,0.22713912,0.21506904,0.24783763,0.26251346,0.69247353,0.10921512,0.008530753,0.007973705,0.93886065,0.36653545,0.8983852,0.73748714,0.52118695,0.8905118,0.8981376,0.53078777,0.53404814,0.34703246,0.8511406,0.3507783,0.83915544,0.12903327,0.94444,0.40011773,-0.12291181,-0.022552123
0.90185016,0.90102535,0.99849045,0.99766773,0.6269436,0.6366914,0.22713913,0.21506909,0.24783751,0.2625134,0.69247353,0.10921514,0.008530749,0.007973698,0.93886065,0.36653548,0.8983853,0.73748714,0.52118695,0.8905118,0.8981376,0.53078777,0.53404814,0.3470323,0.8511409,0.35077813,0.8391556,0.12903328,0.94444,0.40011784,-0.12291225,-0.022552049
0.90185016,0.90102535,0.99849045,0.99766773,0.6269434,0.63669133,0.22713916,0.21506909,0.24783748,0.2625134,0.6924736,0.10921512,0.008530744,0.007973687,0.93886065,0.36653554,0.8983853,0.73748714,0.5211868,0.89051193,0.8981377,0.5307877,0.5340481,0.34703216,0.85114104,0.35077795,0.8391559,0.12903339,0.94443995,0.40011802,-0.12291254,-0.022552108
0.90185016,0.9010254,0.99849045,0.99766773,0.6269433,0.6366912,0.22713909,0.21506909,0.2478374,0.26251337,0.6924736,0.10921514,0.008530736,0.007973679,0.93886065,0.36653557,0.8983853,0.7374872,0.5211868,0.89051193,0.8981377,0.5307877,0.5340481,0.347032,0.8511412,0.35077778,0.8391561,0.12903348,0.94443995,0.4001181,-0.122912824,-0.022552153
0.9018503,0.9010254,0.99849045,0.99766773,0.6269432,0.6366911,0.22713909,0.21506909,0.2478374,0.26251337,0.69247365,0.10921512,0.0085307285,0.007973671,0.9388607,0.36653563,0.8983854,0.73748726,0.5211868,0.89051193,0.8981377,0.53078765,0.5340481,0.34703192,0.8511415,0.35077763,0.83915627,0.12903354,0.9444398,0.40011826,-0.122913085,-0.022552138
0.9018503,0.9010254,0.99849045,0.99766773,0.62694305,0.636691,0.22713912,0.21506909,0.2478374,0.26251334,0.6924737,0.10921507,0.0085307285,0.007973668,0.9388607,0.36653572,0.8983854,0.73748726,0.52118677,0.89051193,0.8981377,0.53078765,0.534048,0.34703177,0.8511417,0.3507775,0.8391565,0.12903357,0.9444397,0.40011844,-0.12291335,-0.022552064
0.9018503,0.9010254,0.99849045,0.99766773,0.62694293,0.63669086,0.22713912,0.21506912,0.24783745,0.26251343,0.6924738,0.10921505,0.00853072,0.007973656,0.9388607,0.36653584,0.8983854,0.7374873,0.52118665,0.890512,0.8981378,0.5307876,0.53404796,0.34703162,0.8511419,0.3507773,0.83915675,0.1290336,0.9444397,0.40011853,-0.12291364,-0.022552168
0.9018503,0.90102553,0.99849045,0.99766773,0.6269428,0.63669074,0.22713912,0.21506913,0.2478374,0.26251343,0.6924739,0.10921501,0.008530713,0.00797365,0.9388607,0.36653587,0.8983854,0.7374874,0.5211866,0.890512,0.8981378,0.5307875,0.53404796,0.34703153,0.851142,0.3507772,0.8391569,0.12903368,0.9444396,0.4001186,-0.12291388,-0.022552243
0.90185034,0.90102553,0.99849045,0.99766773,0.6269427,0.63669074,0.22713916,0.21506913,0.24783733,0.26251334,0.69247377,0.10921507,0.008530713,0.00797365,0.9388607,0.36653584,0.8983854,0.7374873,0.5211866,0.89051193,0.8981378,0.5307875,0.53404796,0.3470315,0.8511421,0.35077715,0.8391569,0.12903376,0.9444397,0.4001187,-0.12291405,-0.022552228
0.90185034,0.90102553,0.99849045,0.99766773,0.62694263,0.6366906,0.22713912,0.21506913,0.24783733,0.2625134,0.69247377,0.10921512,0.008530704,0.007973641,0.9388607,0.3665359,0.89838547,0.7374873,0.5211866,0.890512,0.8981379,0.53078747,0.5340479,0.34703138,0.8511423,0.35077703,0.8391571,0.12903379,0.9444396,0.40011874,-0.12291428,-0.022552228
0.90185034,0.90102553,0.99849045,0.99766773,0.6269426,0.63669056,0.22713919,0.21506916,0.2478374,0.26251346,0.692474,0.10921499,0.008530704,0.007973634,0.93886083,0.36653596,0.89838547,0.7374874,0.52118653,0.890512,0.8981378,0.5307874,0.5340479,0.34703127,0.85114247,0.35077688,0.83915734,0.12903379,0.94443953,0.4001188,-0.12291448,-0.022552392
0.90185034,0.90102553,0.99849045,0.99766773,0.6269424,0.6366905,0.22713919,0.21506917,0.24783736,0.26251346,0.6924741,0.10921495,0.008530704,0.00797363,0.9388607,0.36653602,0.89838547,0.7374875,0.5211865,0.890512,0.8981378,0.5307874,0.53404784,0.3470312,0.8511425,0.35077685,0.83915746,0.12903379,0.94443953,0.40011892,-0.12291461,-0.022552451
0.90185034,0.9010256,0.99849045,0.99766773,0.62694234,0.6366904,0.22713919,0.21506922,0.2478373,0.26251343,0.69247407,0.10921495,0.008530704,0.007973626,0.93886083,0.36653602,0.89838547,0.7374875,0.5211865,0.890512,0.8981379,0.5307874,0.53404784,0.34703118,0.85114264,0.35077673,0.8391575,0.12903386,0.9444394,0.40011895,-0.122914776,-0.022552436
0.90185034,0.9010256,0.99849045,0.99766773,0.6269423,0.6366904,0.22713919,0.21506919,0.2478373,0.2625134,0.6924739,0.10921501,0.008530696,0.007973626,0.93886083,0.36653605,0.89838547,0.7374875,0.5211865,0.8905121,0.8981379,0.5307874,0.53404784,0.34703112,0.8511427,0.35077667,0.8391576,0.12903391,0.94443953,0.40011898,-0.12291488,-0.022552421
0.90185046,0.9010256,0.99849045,0.99766773,0.6269423,0.63669026,0.22713919,0.21506922,0.24783729,0.26251343,0.692474,0.10921499,0.008530692,0.0079736225,0.93886083,0.36653605,0.89838547,0.7374875,0.5211864,0.8905121,0.8981379,0.53078735,0.53404784,0.34703106,0.85114276,0.3507766,0.8391577,0.12903394,0.94443953,0.400119,-0.12291502,-0.02255257
0.90185046,0.9010256,0.99849045,0.99766773,0.62694216,0.63669026,0.22713923,0.21506922,0.24783729,0.26251343,0.69247407,0.10921499,0.008530692,0.007973619,0.93886095,0.3665361,0.89838547,0.7374875,0.5211864,0.8905121,0.8981379,0.53078735,0.53404784,0.34703103,0.8511429,0.3507765,0.83915776,0.12903398,0.9444394,0.40011904,-0.122915156,-0.02255263
0.90185046,0.9010256,0.99849045,0.99766773,0.62694216,0.63669026,0.22713923,0.21506926,0.24783723,0.2625134,0.6924741,0.109214924,0.008530696,0.007973619,0.93886083,0.36653614,0.89838547,0.73748755,0.5211864,0.890512,0.8981379,0.53078735,0.53404784,0.347031,0.8511429,0.3507765,0.8391579,0.12903398,0.9444394,0.40011904,-0.12291535,-0.022552734
0.90185046,0.9010256,0.99849045,0.99766773,0.6269421,0.63669026,0.22713923,0.21506926,0.24783723,0.2625134,0.692474,0.10921499,0.008530692,0.007973619,0.93886083,0.36653614,0.89838547,0.73748755,0.5211864,0.890512,0.8981379,0.5307873,0.5340478,0.34703094,0.85114294,0.35077643,0.8391579,0.12903406,0.9444394,0.40011904,-0.12291538,-0.022552809
0.90185046,0.9010256,0.99849045,0.99766773,0.626942,0.6366901,0.22713923,0.21506926,0.24783723,0.26251346,0.6924741,0.10921497,0.0085306885,0.007973611,0.93886095,0.36653614,0.89838547,0.73748755,0.5211864,0.8905121,0.8981379,0.5307873,0.53404784,0.34703085,0.85114294,0.35077637,0.83915794,0.12903409,0.9444394,0.40011913,-0.12291549,-0.022552839
0.90185046,0.9010256,0.99849045,0.99766773,0.626942,0.63669014,0.22713923,0.21506926,0.2478372,0.2625134,0.692474,0.10921501,0.0085306885,0.007973611,0.93886095,0.36653614,0.89838547,0.73748755,0.52118635,0.8905121,0.8981379,0.5307873,0.5340478,0.34703082,0.85114306,0.3507763,0.83915806,0.12903412,0.9444394,0.40011913,-0.12291561,-0.022552898
0.90185046,0.9010256,0.99849045,0.99766773,0.626942,0.63669014,0.22713923,0.21506926,0.24783717,0.2625134,0.6924739,0.10921507,0.008530684,0.007973611,0.93886095,0.36653623,0.8983856,0.73748755,0.52118635,0.8905121,0.8981379,0.5307873,0.5340478,0.34703082,0.85114306,0.35077628,0.83915806,0.12903412,0.9444394,0.40011916,-0.12291564,-0.022552958
0.90185046,0.9010257,0.99849045,0.99766773,0.6269419,0.6366901,0.22713919,0.21506926,0.24783723,0.26251343,0.6924741,0.10921497,0.0085306885,0.007973608,0.93886095,0.36653623,0.8983856,0.73748755,0.52118635,0.8905121,0.8981379,0.5307873,0.5340478,0.34703082,0.8511431,0.3507763,0.8391581,0.12903416,0.9444393,0.40011925,-0.12291567,-0.022552988
0.90185046,0.9010257,0.99849045,0.99766773,0.6269418,0.6366901,0.22713923,0.21506931,0.24783711,0.2625134,0.69247407,0.10921499,0.0085306885,0.007973611,0.93886083,0.36653623,0.89838547,0.73748755,0.52118635,0.890512,0.8981379,0.5307873,0.5340478,0.34703082,0.8511431,0.35077628,0.83915806,0.12903422,0.9444393,0.40011922,-0.122915775,-0.022553045
0.9018506,0.9010257,0.99849045,0.99766773,0.62694186,0.6366901,0.22713925,0.21506931,0.24783708,0.26251334,0.692474,0.10921501,0.0085306885,0.007973611,0.93886083,0.3665362,0.89838547,0.73748755,0.52118635,0.890512,0.8981379,0.5307872,0.5340478,0.34703082,0.8511431,0.35077626,0.83915806,0.12903424,0.9444393,0.40011922,-0.122915804,-0.022553045
0.9018506,0.9010257,0.99849045,0.99766773,0.6269418,0.63668996,0.22713925,0.21506931,0.24783705,0.26251328,0.6924739,0.10921507,0.0085306885,0.007973611,0.93886083,0.36653623,0.89838547,0.73748755,0.52118635,0.890512,0.8981379,0.5307873,0.5340478,0.34703076,0.8511431,0.35077626,0.8391581,0.12903425,0.9444394,0.4001193,-0.1229159,-0.022553002
0.9018506,0.9010257,0.99849045,0.99766773,0.6269419,0.6366901,0.22713928,0.21506931,0.24783699,0.26251322,0.69247377,0.10921516,0.0085306885,0.007973611,0.93886083,0.36653614,0.89838547,0.7374875,0.52118635,0.890512,0.8981379,0.5307873,0.5340478,0.34703073,0.8511431,0.3507762,0.83915806,0.12903427,0.94443953,0.40011936,-0.1229159,-0.022552928
0.9018506,0.9010257,0.99849045,0.99766773,0.62694186,0.6366901,0.22713923,0.21506931,0.24783702,0.26251325,0.6924739,0.10921512,0.0085306885,0.007973611,0.93886083,0.36653623,0.89838547,0.73748755,0.52118635,0.890512,0.8981379,0.5307873,0.5340478,0.34703076,0.8511431,0.35077623,0.83915806,0.12903428,0.9444393,0.4001194,-0.12291593,-0.022553016
0.9018506,0.9010257,0.99849045,0.99766773,0.6269418,0.63669,0.22713928,0.21506931,0.24783699,0.26251325,0.6924739,0.10921512,0.0085306885,0.007973611,0.93886083,0.3665362,0.89838547,0.73748755,0.5211863,0.890512,0.8981379,0.5307872,0.5340477,0.34703076,0.8511431,0.35077623,0.8391581,0.1290343,0.9444394,0.40011945,-0.12291596,-0.022552988
0.9018506,0.9010257,0.99849045,0.99766773,0.6269418,0.63668996,0.22713923,0.21506931,0.24783699,0.26251325,0.6924738,0.10921514,0.0085306885,0.007973611,0.93886083,0.3665362,0.89838547,0.73748755,0.5211863,0.890512,0.8981379,0.5307872,0.5340478,0.34703076,0.8511431,0.35077623,0.8391581,0.12903431,0.9444393,0.4001195,-0.122916035,-0.022553045
0.9018506,0.9010257,0.99849045,0.99766773,0.62694174,0.6366899,0.22713923,0.21506926,0.24783705,0.26251328,0.6924739,0.109215096,0.0085306885,0.007973604,0.93886083,0.36653626,0.89838547,0.73748755,0.5211863,0.890512,0.8981379,0.5307872,0.5340477,0.3470307,0.85114324,0.35077617,0.8391582,0.1290343,0.9444393,0.4001194,-0.122916006,-0.022553045
0.9018506,0.9010257,0.99849045,0.99766773,0.62694174,0.63668984,0.22713923,0.21506926,0.24783699,0.26251328,0.69247395,0.10921507,0.0085306885,0.007973604,0.93886083,0.3665363,0.89838547,0.73748755,0.5211863,0.890512,0.8981379,0.5307872,0.5340477,0.34703067,0.8511433,0.3507761,0.8391583,0.12903431,0.9444393,0.4001194,-0.12291605,-0.022553105
0.9018506,0.90102583,0.99849045,0.99766773,0.62694174,0.6366899,0.22713923,0.21506926,0.24783699,0.26251325,0.6924739,0.10921514,0.0085306885,0.007973604,0.93886083,0.36653623,0.89838547,0.73748755,0.5211863,0.890512,0.8981379,0.5307872,0.5340477,0.34703073,0.8511433,0.35077614,0.8391582,0.12903431,0.9444393,0.4001195,-0.12291611,-0.022553075
0.9018506,0.90102583,0.99849045,0.99766773,0.62694174,0.6366899,0.22713923,0.21506931,0.24783699,0.26251325,0.6924739,0.10921514,0.00853068,0.007973604,0.93886083,0.36653626,0.89838547,0.73748755,0.5211863,0.890512,0.8981379,0.5307872,0.5340477,0.34703064,0.8511433,0.35077608,0.8391583,0.12903433,0.9444394,0.4001195,-0.122916095,-0.022553016
0.9018506,0.9010257,0.99849045,0.99766773,0.62694174,0.63668984,0.22713919,0.21506926,0.24783699,0.26251328,0.6924737,0.109215185,0.00853068,0.007973604,0.93886083,0.36653626,0.89838547,0.73748755,0.52118635,0.8905121,0.8981379,0.5307872,0.5340477,0.34703064,0.8511433,0.35077608,0.8391583,0.12903431,0.9444393,0.4001195,-0.122916095,-0.02255303
0.9018506,0.90102583,0.99849045,0.99766773,0.62694174,0.63668984,0.22713923,0.21506926,0.24783699,0.26251325,0.6924739,0.10921512,0.008530684,0.0079736,0.93886083,0.3665363,0.89838547,0.73748755,0.5211863,0.890512,0.8981379,0.5307872,0.5340477,0.34703058,0.8511433,0.35077608,0.8391583,0.12903434,0.9444393,0.40011948,-0.12291611,-0.02255303
0.9018506,0.90102583,0.99849045,0.99766773,0.6269417,0.63668984,0.22713923,0.21506926,0.24783699,0.26251325,0.6924739,0.10921512,0.00853068,0.007973604,0.93886083,0.3665363,0.89838547,0.73748755,0.52118623,0.890512,0.8981379,0.5307872,0.5340477,0.3470306,0.8511434,0.35077608,0.83915836,0.12903434,0.9444393,0.4001195,-0.12291614,-0.02255303
0.9018506,0.90102583,0.99849045,0.99766773,0.6269416,0.63668984,0.22713923,0.21506926,0.24783693,0.26251325,0.6924738,0.10921514,0.00853068,0.007973604,0.93886083,0.3665363,0.89838547,0.73748755,0.5211863,0.890512,0.8981379,0.5307872,0.5340477,0.34703064,0.8511433,0.35077608,0.83915836,0.12903441,0.9444393,0.4001195,-0.1229162,-0.02255306
0.9018506,0.90102583,0.99849045,0.99766773,0.6269417,0.63668984,0.22713923,0.21506926,0.24783699,0.26251325,0.69247377,0.109215185,0.00853068,0.007973604,0.93886083,0.3665363,0.89838547,0.73748755,0.5211863,0.890512,0.8981379,0.5307872,0.5340477,0.34703064,0.8511433,0.35077608,0.8391583,0.12903439,0.9444393,0.4001195,-0.122916155,-0.022553075
0.9018506,0.90102583,0.99849045,0.99766773,0.6269417,0.63668984,0.22713923,0.21506931,0.24783699,0.26251325,0.6924739,0.10921512,0.008530684,0.007973604,0.93886083,0.3665363,0.89838547,0.73748755,0.5211863,0.890512,0.8981379,0.5307872,0.5340477,0.34703067,0.8511433,0.35077608,0.8391583,0.12903436,0.9444393,0.40011954,-0.122916184,-0.022553016
0.9018506,0.9010257,0.99849045,0.99766773,0.6269417,0.63668984,0.22713928,0.21506931,0.24783699,0.26251328,0.6924739,0.109215096,0.00853068,0.007973604,0.93886083,0.3665363,0.89838547,0.73748755,0.52118623,0.890512,0.8981379,0.53078717,0.5340477,0.3470306,0.8511434,0.35077602,0.83915836,0.12903433,0.9444393,0.40011957,-0.12291626,-0.022553075
0.9018506,0.90102583,0.99849045,0.99766773,0.6269417,0.63668984,0.22713923,0.21506926,0.24783702,0.26251328,0.69247377,0.109215185,0.00853068,0.007973604,0.93886095,0.3665363,0.89838547,0.73748755,0.5211863,0.8905121,0.8981379,0.5307872,0.5340477,0.34703058,0.8511434,0.35077602,0.83915836,0.12903439,0.9444393,0.40011954,-0.12291629,-0.022553002
0.9018506,0.9010257,0.99849045,0.99766773,0.6269416,0.63668984,0.22713923,0.21506926,0.24783699,0.26251328,0.69247377,0.10921516,0.00853068,0.0079736,0.93886095,0.3665363,0.89838547,0.73748755,0.5211863,0.8905121,0.8981379,0.5307872,0.5340477,0.34703064,0.8511434,0.35077602,0.83915836,0.12903436,0.9444393,0.40011954,-0.122916244,-0.022553045
0.9018506,0.90102583,0.99849045,0.99766773,0.6269416,0.63668984,0.22713923,0.21506931,0.24783693,0.26251325,0.6924739,0.10921514,0.00853068,0.007973604,0.93886095,0.3665363,0.89838547,0.73748755,0.5211863,0.890512,0.8981379,0.5307872,0.5340477,0.34703064,0.8511433,0.35077608,0.8391583,0.1290344,0.9444393,0.4001195,-0.122916274,-0.022553016
0.9018506,0.90102583,0.99849045,0.99766773,0.6269417,0.63668984,0.22713923,0.21506931,0.24783693,0.26251316,0.69247377,0.10921521,0.008530684,0.007973608,0.93886083,0.36653626,0.89838547,0.73748755,0.5211863,0.890512,0.8981378,0.5307872,0.5340478,0.3470307,0.8511433,0.35077608,0.8391583,0.12903439,0.9444393,0.40011957,-0.12291629,-0.02255303
0.9018506,0.90102583,0.99849045,0.99766773,0.6269416,0.63668984,0.22713928,0.21506932,0.24783693,0.26251322,0.6924739,0.10921514,0.008530684,0.007973604,0.93886083,0.3665363,0.89838547,0.73748755,0.5211863,0.890512,0.8981379,0.5307872,0.5340477,0.34703064,0.8511433,0.35077602,0.8391583,0.12903437,0.9444393,0.4001196,-0.12291633,-0.022553075
0.9018506,0.9010257,0.99849045,0.99766773,0.6269416,0.63668984,0.22713923,0.21506926,0.24783702,0.26251328,0.69247395,0.109215096,0.008530684,0.0079736,0.93886095,0.3665363,0.89838547,0.73748755,0.52118623,0.890512,0.8981379,0.53078717,0.5340477,0.3470306,0.8511434,0.35077608,0.83915836,0.12903436,0.9444393,0.4001196,-0.12291638,-0.022553105
0.9018506,0.9010257,0.99849045,0.99766773,0.6269416,0.63668984,0.22713923,0.21506926,0.24783699,0.26251328,0.6924739,0.10921512,0.00853068,0.007973596,0.93886083,0.36653632,0.89838547,0.73748755,0.52118623,0.890512,0.8981379,0.53078717,0.5340477,0.34703058,0.8511434,0.35077602,0.83915836,0.12903436,0.9444393,0.40011963,-0.1229164,-0.022553165
0.9018506,0.90102583,0.99849045,0.99766773,0.6269416,0.63668984,0.22713919,0.21506926,0.24783699,0.26251328,0.69247377,0.109215185,0.00853068,0.0079736,0.93886095,0.3665363,0.89838547,0.73748755,0.5211863,0.8905121,0.8981379,0.5307872,0.5340477,0.34703064,0.8511434,0.35077608,0.83915836,0.12903436,0.9444393,0.4001196,-0.12291638,-0.022553075
0.9018506,0.90102583,0.99849045,0.99766773,0.6269416,0.63668984,0.22713919,0.21506926,0.24783693,0.26251322,0.69247377,0.10921516,0.00853068,0.007973596,0.93886095,0.3665363,0.89838547,0.73748755,0.5211863,0.8905121,0.8981379,0.5307872,0.5340477,0.34703058,0.8511434,0.35077602,0.83915836,0.12903439,0.9444393,0.4001196,-0.12291638,-0.022553045
0.9018506,0.90102583,0.99849045,0.99766773,0.6269416,0.63668984,0.22713923,0.21506931,0.24783699,0.26251328,0.6924739,0.10921516,0.00853068,0.007973596,0.93886095,0.3665363,0.89838547,0.7374876,0.5211863,0.8905121,0.8981379,0.5307872,0.5340477,0.34703058,0.8511434,0.35077602,0.83915836,0.12903439,0.9444393,0.40011966,-0.12291638,-0.022552958
0.9018506,0.9010257,0.99849045,0.99766773,0.62694156,0.63668984,0.22713928,0.21506931,0.24783693,0.26251325,0.69247395,0.109215096,0.0085306885,0.007973604,0.93886083,0.3665363,0.89838547,0.73748755,0.52118623,0.890512,0.8981378,0.53078717,0.5340477,0.34703064,0.8511433,0.35077608,0.83915836,0.12903436,0.9444392,0.40011966,-0.12291643,-0.02255303
0.9018506,0.90102583,0.99849045,0.99766773,0.6269416,0.63668984,0.22713928,0.21506932,0.2478369,0.2625132,0.6924738,0.10921516,0.008530684,0.007973604,0.93886083,0.36653626,0.89838547,0.73748755,0.52118623,0.890512,0.8981379,0.53078717,0.5340477,0.34703058,0.8511433,0.35077608,0.8391583,0.12903436,0.9444393,0.40011966,-0.12291635,-0.02255303
0.9018506,0.90102583,0.99849045,0.99766773,0.6269416,0.63668984,0.22713925,0.21506931,0.24783699,0.26251325,0.6924737,0.10921521,0.00853068,0.0079736,0.93886095,0.3665363,0.89838547,0.73748755,0.5211863,0.890512,0.8981379,0.5307872,0.5340477,0.34703058,0.8511434,0.35077602,0.83915836,0.12903436,0.9444393,0.40011966,-0.1229164,-0.022553002
0.9018506,0.9010257,0.99849045,0.99766773,0.6269416,0.63668984,0.22713919,0.21506926,0.24783699,0.26251325,0.69247377,0.10921521,0.00853068,0.007973604,0.93886095,0.3665363,0.89838547,0.73748755,0.5211863,0.8905121,0.8981379,0.5307872,0.5340477,0.3470306,0.8511434,0.35077602,0.83915836,0.12903437,0.9444393,0.40011966,-0.122916386,-0.022553002
0.9018506,0.9010257,0.99849045,0.99766773,0.62694156,0.63668984,0.22713928,0.21506931,0.24783693,0.26251325,0.692474,0.10921507,0.00853068,0.007973596,0.93886083,0.36653632,0.89838547,0.7374876,0.52118623,0.890512,0.8981379,0.53078717,0.5340477,0.34703058,0.8511435,0.35077596,0.8391585,0.12903436,0.9444392,0.40011966,-0.12291646,-0.022553045
0.9018506,0.9010257,0.99849045,0.99766773,0.6269416,0.63668984,0.22713928,0.21506931,0.24783693,0.26251325,0.6924739,0.109215096,0.00853068,0.007973596,0.93886083,0.3665363,0.89838547,0.73748755,0.52118623,0.890512,0.8981379,0.53078717,0.5340477,0.34703058,0.8511435,0.35077596,0.8391585,0.12903437,0.9444393,0.4001197,-0.12291646,-0.022553045
0.9018506,0.90102583,0.99849045,0.99766773,0.6269416,0.63668984,0.22713923,0.21506931,0.24783693,0.26251325,0.69247377,0.10921516,0.00853068,0.007973596,0.93886095,0.3665363,0.89838547,0.7374876,0.5211863,0.890512,0.8981379,0.5307872,0.5340477,0.34703058,0.8511435,0.35077596,0.8391585,0.12903441,0.9444393,0.40011966,-0.12291646,-0.022553016
0.9018506,0.90102583,0.99849045,0.99766773,0.6269416,0.63668984,0.22713923,0.21506926,0.2478369,0.26251322,0.6924737,0.10921521,0.00853068,0.0079736,0.93886095,0.3665363,0.89838547,0.73748755,0.5211863,0.890512,0.8981379,0.5307872,0.5340477,0.34703058,0.8511434,0.35077602,0.83915836,0.1290344,0.9444393,0.40011963,-0.12291646,-0.022553016
0.9018506,0.9010257,0.99849045,0.99766773,0.6269416,0.63668984,0.22713928,0.21506932,0.24783693,0.26251325,0.6924738,0.10921514,0.008530684,0.007973596,0.93886083,0.3665363,0.89838547,0.7374876,0.52118623,0.890512,0.8981379,0.53078717,0.5340477,0.34703055,0.8511434,0.35077596,0.83915836,0.12903437,0.9444393,0.4001197,-0.122916475,-0.022553105
0.9018506,0.90102583,0.99849045,0.99766773,0.6269416,0.63668984,0.22713925,0.21506931,0.24783693,0.26251322,0.6924739,0.10921512,0.00853068,0.0079736,0.93886083,0.36653632,0.89838547,0.73748755,0.52118623,0.890512,0.8981379,0.5307872,0.5340477,0.34703058,0.8511434,0.35077602,0.83915836,0.12903443,0.9444393,0.4001197,-0.12291649,-0.022553135
0.9018506,0.90102583,0.99849045,0.99766773,0.6269416,0.63668984,0.22713925,0.21506931,0.2478369,0.2625132,0.69247377,0.10921516,0.00853068,0.0079736,0.93886083,0.3665363,0.89838547,0.73748755,0.52118623,0.890512,0.8981379,0.5307872,0.5340477,0.34703058,0.8511434,0.35077596,0.83915836,0.12903439,0.9444393,0.40011972,-0.12291646,-0.02255303
0.9018506,0.90102583,0.99849045,0.99766773,0.6269416,0.63668984,0.22713923,0.21506931,0.24783687,0.2625132,0.69247377,0.109215185,0.00853068,0.0079736,0.93886083,0.3665363,0.89838547,0.73748755,0.52118623,0.890512,0.8981379,0.53078717,0.5340477,0.34703058,0.8511434,0.35077602,0.83915836,0.12903441,0.9444393,0.4001197,-0.12291643,-0.02255306
0.9018506,0.90102583,0.99849045,0.99766773,0.6269416,0.63668984,0.22713923,0.21506931,0.2478369,0.2625132,0.6924738,0.10921516,0.00853068,0.007973596,0.93886083,0.3665363,0.89838547,0.73748755,0.52118623,0.890512,0.8981379,0.53078717,0.5340477,0.34703058,0.8511434,0.35077596,0.83915836,0.12903441,0.9444393,0.4001197,-0.122916475,-0.022553105
0.9018506,0.90102583,0.99849045,0.99766773,0.6269416,0.6366898,0.22713923,0.21506931,0.2478369,0.26251322,0.6924738,0.10921516,0.00853068,0.007973596,0.93886083,0.36653632,0.89838547,0.7374876,0.52118623,0.890512,0.8981379,0.5307872,0.5340477,0.34703058,0.8511435,0.35077596,0.8391585,0.12903443,0.9444393,0.4001197,-0.12291646,-0.022553105
0.9018506,0.9010257,0.99849045,0.99766773,0.6269416,0.63668984,0.22713925,0.21506932,0.24783693,0.26251322,0.69247395,0.109215096,0.00853068,0.007973596,0.93886083,0.3665363,0.89838547,0.73748755,0.52118623,0.890512,0.8981379,0.53078717,0.5340477,0.34703058,0.8511434,0.35077596,0.8391585,0.12903439,0.9444393,0.4001198,-0.12291643,-0.02255309
0.9018506,0.90102583,0.99849045,0.99766773,0.6269416,0.63668984,0.22713923,0.21506931,0.24783693,0.26251328,0.6924739,0.10921512,0.00853068,0.007973596,0.93886095,0.36653635,0.89838547,0.73748755,0.52118623,0.890512,0.8981379,0.53078717,0.5340477,0.34703058,0.8511435,0.35077596,0.8391585,0.12903439,0.9444392,0.40011972,-0.12291646,-0.02255309
0.9018506,0.90102583,0.99849045,0.99766773,0.6269416,0.63668984,0.22713925,0.21506932,0.24783693,0.26251322,0.6924739,0.10921512,0.008530684,0.007973596,0.93886083,0.3665363,0.89838547,0.73748755,0.52118623,0.890512,0.8981379,0.53078717,0.5340477,0.34703058,0.8511434,0.35077602,0.83915836,0.12903444,0.9444393,0.40011975,-0.122916475,-0.02255306
0.9018506,0.90102583,0.99849045,0.99766773,0.62694156,0.6366898,0.22713923,0.21506931,0.2478369,0.26251322,0.6924738,0.10921516,0.00853068,0.007973596,0.93886083,0.3665363,0.89838547,0.73748755,0.52118623,0.890512,0.8981379,0.53078717,0.5340477,0.34703058,0.8511435,0.35077596,0.8391585,0.12903443,0.9444393,0.4001198,-0.12291643,-0.02255303
0.9018506,0.90102583,0.99849045,0.99766773,0.6269416,0.63668984,0.22713925,0.21506931,0.2478369,0.2625132,0.6924739,0.10921512,0.00853068,0.007973596,0.93886083,0.3665363,0.89838547,0.73748755,0.52118623,0.890512,0.8981379,0.53078717,0.53404766,0.34703058,0.8511435,0.35077596,0.8391585,0.12903441,0.9444393,0.4001198,-0.12291646,-0.02255309
0.9018506,0.90102583,0.99849045,0.99766773,0.62694156,0.63668984,0.22713925,0.21506931,0.24783693,0.26251322,0.6924739,0.10921512,0.00853068,0.007973596,0.93886083,0.36653632,0.89838547,0.73748755,0.52118623,0.890512,0.8981379,0.53078717,0.5340477,0.34703052,0.8511435,0.35077596,0.8391585,0.12903441,0.9444393,0.4001198,-0.12291646,-0.02255309
0.9018506,0.9010257,0.99849045,0.99766773,0.6269416,0.63668984,0.22713928,0.21506932,0.2478369,0.2625132,0.6924739,0.109215096,0.00853068,0.007973596,0.93886083,0.3665363,0.89838547,0.73748755,0.52118623,0.890512,0.8981379,0.53078717,0.5340477,0.34703052,0.8511435,0.3507759,0.8391585,0.12903439,0.9444392,0.4001198,-0.12291649,-0.02255309
0.9018506,0.90102583,0.99849045,0.99766773,0.6269415,0.63668984,0.22713928,0.21506931,0.2478369,0.2625132,0.6924738,0.10921514,0.00853068,0.0079736,0.93886083,0.36653632,0.89838547,0.73748755,0.52118623,0.890512,0.8981379,0.53078717,0.5340477,0.34703058,0.8511434,0.35077596,0.8391585,0.12903439,0.9444393,0.4001198,-0.122916505,-0.02255312
0.9018506,0.90102583,0.99849045,0.99766773,0.6269416,0.63668984,0.22713923,0.21506931,0.24783687,0.26251316,0.69247365,0.10921523,0.00853068,0.0079736,0.93886083,0.3665363,0.89838547,0.73748755,0.5211863,0.890512,0.8981379,0.5307872,0.5340477,0.34703058,0.8511434,0.35077602,0.83915836,0.12903443,0.9444393,0.40011978,-0.12291646,-0.022553105
0.9018506,0.90102583,0.99849045,0.99766773,0.6269416,0.63668984,0.22713923,0.21506932,0.24783687,0.26251316,0.6924738,0.10921516,0.008530684,0.007973604,0.93886083,0.3665363,0.89838547,0.73748755,0.52118623,0.890512,0.8981379,0.53078717,0.5340477,0.34703064,0.8511434,0.35077602,0.83915836,0.12903443,0.9444393,0.4001198,-0.12291649,-0.022553045
0.9018506,0.9010257,0.99849045,0.99766773,0.6269416,0.63668984,0.22713928,0.21506932,0.2478369,0.2625132,0.69247395,0.10921512,0.008530684,0.007973604,0.93886083,0.3665363,0.89838547,0.73748755,0.52118623,0.890512,0.8981379,0.53078717,0.5340477,0.34703058,0.8511434,0.35077602,0.83915836,0.12903439,0.9444392,0.4001198,-0.12291652,-0.02255303
0.9018506,0.90102583,0.99849045,0.99766773,0.62694156,0.63668984,0.22713928,0.21506931,0.24783687,0.2625132,0.6924739,0.10921514,0.00853068,0.007973596,0.93886083,0.36653632,0.89838547,0.73748755,0.52118623,0.890512,0.8981379,0.53078717,0.5340477,0.34703052,0.8511435,0.35077596,0.8391585,0.12903443,0.9444393,0.40011975,-0.12291652,-0.02255309
0.9018506,0.90102583,0.99849045,0.99766773,0.6269416,0.63668984,0.22713928,0.21506931,0.2478369,0.2625132,0.6924739,0.10921514,0.00853068,0.007973596,0.93886083,0.3665363,0.89838547,0.73748755,0.52118623,0.890512,0.8981379,0.53078717,0.5340477,0.34703055,0.8511435,0.35077596,0.8391585,0.12903441,0.9444393,0.4001198,-0.122916505,-0.02255306
0.9018506,0.90102583,0.99849045,0.99766773,0.6269416,0.63668984,0.22713925,0.21506931,0.2478369,0.2625132,0.6924739,0.10921514,0.00853068,0.007973596,0.93886083,0.3665363,0.89838547,0.73748755,0.52118623,0.890512,0.8981379,0.53078717,0.5340477,0.34703058,0.8511435,0.35077602,0.8391585,0.12903439,0.9444393,0.4001198,-0.12291649,-0.02255303
0.9018506,0.9010257,0.99849045,0.99766773,0.62694156,0.63668984,0.22713923,0.21506931,0.24783693,0.26251325,0.6924739,0.10921512,0.00853068,0.007973596,0.93886083,0.36653632,0.89838547,0.73748755,0.52118623,0.8905121,0.8981379,0.53078717,0.5340477,0.34703058,0.8511435,0.35077596,0.8391585,0.12903437,0.9444392,0.40011984,-0.12291652,-0.022553075
0.9018506,0.9010257,0.99849045,0.99766773,0.6269416,0.63668984,0.22713928,0.21506932,0.2478369,0.2625132,0.6924739,0.10921512,0.008530684,0.0079736,0.93886083,0.3665363,0.89838547,0.73748755,0.52118623,0.890512,0.8981379,0.53078717,0.53404766,0.34703058,0.8511434,0.35077602,0.8391585,0.12903439,0.9444392,0.40011984,-0.12291652,-0.02255303
0.9018506,0.9010257,0.99849045,0.99766773,0.6269416,0.63668984,0.22713923,0.21506931,0.24783693,0.26251322,0.6924739,0.10921512,0.00853068,0.0079736,0.93886083,0.3665363,0.89838547,0.73748755,0.52118623,0.890512,0.8981379,0.53078717,0.5340477,0.34703058,0.8511434,0.35077602,0.8391585,0.12903441,0.9444392,0.4001198,-0.122916594,-0.022553002
0.9018506,0.9010257,0.99849045,0.99766773,0.6269416,0.63668984,0.22713923,0.21506931,0.24783693,0.26251325,0.6924739,0.10921512,0.00853068,0.0079736,0.93886083,0.36653632,0.89838547,0.73748755,0.52118623,0.890512,0.8981379,0.53078717,0.5340477,0.34703058,0.8511434,0.35077596,0.8391585,0.1290344,0.9444392,0.4001198,-0.122916564,-0.022553016
0.9018506,0.9010257,0.99849045,0.99766773,0.6269416,0.63668984,0.22713923,0.21506931,0.2478369,0.2625132,0.6924739,0.10921514,0.008530684,0.007973596,0.93886083,0.3665363,0.89838547,0.73748755,0.52118623,0.890512,0.8981379,0.53078717,0.5340477,0.34703058,0.8511434,0.35077596,0.8391585,0.1290344,0.9444392,0.40011984,-0.12291655,-0.022553002
0.9018506,0.90102583,0.99849045,0.99766773,0.6269416,0.63668984,0.22713925,0.21506931,0.2478369,0.26251322,0.69247377,0.10921516,0.00853068,0.007973596,0.93886083,0.3665363,0.89838547,0.73748755,0.52118623,0.890512,0.8981379,0.53078717,0.5340477,0.34703058,0.8511435,0.35077596,0.8391585,0.12903439,0.9444392,0.4001198,-0.12291652,-0.022553002
0.9018506,0.9010257,0.99849045,0.99766773,0.6269416,0.63668984,0.22713923,0.21506931,0.2478369,0.2625132,0.6924739,0.10921514,0.00853068,0.007973593,0.93886083,0.36653635,0.89838547,0.7374876,0.52118623,0.890512,0.8981379,0.53078717,0.5340477,0.34703052,0.8511435,0.3507759,0.83915854,0.1290344,0.9444392,0.4001198,-0.122916505,-0.02255309
0.9018506,0.90102583,0.99849045,0.99766773,0.62694156,0.63668984,0.22713928,0.21506932,0.2478369,0.2625132,0.6924739,0.10921512,0.00853068,0.007973596,0.93886083,0.3665363,0.89838547,0.73748755,0.5211862,0.890512,0.8981379,0.53078717,0.5340477,0.34703052,0.8511435,0.35077596,0.8391585,0.12903439,0.9444393,0.40011978,-0.122916535,-0.02255306
0.9018506,0.9010257,0.99849045,0.99766773,0.62694156,0.6366898,0.22713923,0.21506931,0.24783693,0.26251322,0.6924739,0.10921512,0.00853068,0.007973596,0.93886083,0.36653632,0.89838547,0.73748755,0.52118623,0.890512,0.8981379,0.53078717,0.5340477,0.34703058,0.8511435,0.35077596,0.8391585,0.12903439,0.9444392,0.4001198,-0.12291655,-0.022553075
0.9018506,0.9010257,0.99849045,0.99766773,0.6269415,0.6366898,0.22713928,0.21506931,0.24783699,0.26251328,0.69247395,0.109215096,0.00853068,0.007973596,0.93886083,0.36653635,0.89838547,0.7374876,0.52118623,0.890512,0.8981379,0.53078717,0.5340477,0.34703058,0.8511435,0.3507759,0.8391585,0.12903437,0.94443905,0.4001198,-0.12291658,-0.022553075
0.9018506,0.90102583,0.99849045,0.99766773,0.62694156,0.6366898,0.22713928,0.21506931,0.2478369,0.26251316,0.69247377,0.10921516,0.00853068,0.0079736,0.93886083,0.3665363,0.89838547,0.73748755,0.52118623,0.890512,0.8981379,0.53078717,0.5340477,0.34703058,0.8511435,0.35077596,0.8391585,0.12903436,0.9444392,0.40011984,-0.12291652,-0.022553002
0.9018506,0.9010257,0.99849045,0.99766773,0.6269416,0.63668984,0.22713923,0.21506931,0.2478369,0.2625132,0.6924737,0.10921521,0.008530675,0.007973596,0.93886095,0.36653635,0.89838547,0.7374876,0.52118623,0.890512,0.8981379,0.53078717,0.5340477,0.34703052,0.8511435,0.3507759,0.8391585,0.12903441,0.9444393,0.40011978,-0.122916505,-0.02255303
0.9018506,0.9010257,0.99849045,0.99766773,0.6269416,0.63668984,0.22713928,0.21506931,0.2478369,0.2625132,0.69247377,0.10921516,0.00853068,0.007973596,0.93886083,0.36653632,0.89838547,0.73748755,0.52118623,0.890512,0.8981379,0.53078717,0.5340477,0.34703055,0.8511435,0.3507759,0.8391585,0.12903437,0.9444393,0.4001198,-0.12291652,-0.02255309
0.9018506,0.9010257,0.99849045,0.99766773,0.62694156,0.6366898,0.22713928,0.21506931,0.24783693,0.26251328,0.692474,0.10921507,0.00853068,0.007973596,0.93886083,0.36653635,0.89838547,0.7374876,0.5211862,0.890512,0.8981379,0.5307871,0.53404766,0.34703052,0.8511435,0.3507759,0.83915854,0.12903439,0.9444392,0.40011984,-0.12291661,-0.022553165
0.9018506,0.9010257,0.99849045,0.99766773,0.62694156,0.63668984,0.22713932,0.21506932,0.2478369,0.2625132,0.6924739,0.10921507,0.00853068,0.007973596,0.93886083,0.36653632,0.89838547,0.7374876,0.52118623,0.890512,0.8981379,0.53078717,0.5340477,0.34703058,0.8511435,0.35077596,0.8391585,0.12903437,0.9444392,0.4001198,-0.12291658,-0.02255315
0.9018506,0.9010257,0.99849045,0.99766773,0.6269416,0.63668984,0.22713925,0.21506931,0.24783693,0.26251325,0.6924739,0.10921512,0.00853068,0.0079736,0.93886083,0.36653635,0.89838547,0.73748755,0.52118623,0.890512,0.8981379,0.53078717,0.5340477,0.34703055,0.8511435,0.35077596,0.8391585,0.12903439,0.9444393,0.40011972,-0.12291652,-0.022553165
0.9018506,0.90102583,0.99849045,0.99766773,0.6269416,0.63668984,0.22713925,0.21506932,0.24783687,0.2625132,0.6924738,0.10921516,0.00853068,0.007973596,0.93886083,0.36653632,0.89838547,0.73748755,0.52118623,0.890512,0.8981379,0.53078717,0.5340477,0.34703052,0.8511435,0.3507759,0.8391585,0.12903441,0.9444393,0.4001198,-0.12291652,-0.02255306
0.9018506,0.90102583,0.99849045,0.99766773,0.6269416,0.63668984,0.22713925,0.21506931,0.2478369,0.2625132,0.69247377,0.109215185,0.00853068,0.007973596,0.93886083,0.36653635,0.89838547,0.73748755,0.52118623,0.890512,0.8981379,0.53078717,0.5340477,0.34703055,0.8511435,0.35077596,0.8391585,0.12903443,0.9444393,0.40011975,-0.122916505,-0.02255306
0.9018506,0.9010257,0.99849045,0.99766773,0.62694156,0.6366898,0.22713928,0.21506932,0.24783693,0.26251325,0.6924739,0.10921512,0.00853068,0.007973596,0.93886083,0.36653635,0.89838547,0.7374876,0.52118623,0.890512,0.8981379,0.53078717,0.53404766,0.34703052,0.8511435,0.35077596,0.8391585,0.1290344,0.9444392,0.40011975,-0.12291658,-0.022553165
0.9018506,0.90102583,0.99849045,0.99766773,0.6269416,0.6366898,0.22713928,0.21506931,0.2478369,0.26251322,0.6924739,0.10921514,0.00853068,0.007973596,0.93886083,0.36653635,0.89838547,0.7374876,0.52118623,0.890512,0.8981379,0.53078717,0.5340477,0.34703058,0.8511435,0.35077596,0.8391585,0.12903443,0.9444393,0.40011975,-0.122916535,-0.022553165
0.9018506,0.9010257,0.99849045,0.99766773,0.62694156,0.63668984,0.22713928,0.21506932,0.2478369,0.26251322,0.6924739,0.10921512,0.00853068,0.007973596,0.93886083,0.36653635,0.89838547,0.7374876,0.52118623,0.890512,0.8981379,0.53078717,0.5340477,0.34703052,0.8511435,0.3507759,0.83915854,0.1290344,0.9444393,0.40011978,-0.12291655,-0.022553075
0.9018506,0.9010257,0.99849045,0.99766773,0.62694156,0.6366898,0.22713928,0.21506932,0.24783693,0.26251328,0.692474,0.10921507,0.00853068,0.007973596,0.93886083,0.36653635,0.89838547,0.7374876,0.52118623,0.890512,0.8981379,0.53078717,0.53404766,0.34703058,0.8511435,0.35077596,0.83915854,0.12903439,0.9444392,0.40011975,-0.122916624,-0.02255318
0.9018506,0.9010257,0.99849045,0.99766773,0.62694156,0.6366898,0.22713928,0.21506932,0.2478369,0.2625132,0.6924739,0.10921512,0.00853068,0.0079736,0.93886083,0.3665363,0.89838547,0.73748755,0.52118623,0.890512,0.8981379,0.53078717,0.53404766,0.34703052,0.8511435,0.3507759,0.8391585,0.12903436,0.9444393,0.40011978,-0.122916505,-0.022553224
0.9018506,0.9010257,0.99849045,0.99766773,0.6269416,0.63668984,0.22713923,0.21506931,0.2478369,0.26251325,0.6924739,0.10921514,0.00853068,0.007973596,0.93886083,0.36653635,0.89838547,0.7374876,0.52118623,0.890512,0.8981379,0.53078717,0.5340477,0.34703052,0.8511435,0.35077596,0.8391585,0.12903441,0.9444393,0.4001198,-0.12291652,-0.02255318
0.9018506,0.9010257,0.99849045,0.99766773,0.62694156,0.63668984,0.22713928,0.21506932,0.2478369,0.2625132,0.69247395,0.10921512,0.00853068,0.007973596,0.93886083,0.36653635,0.89838547,0.7374876,0.52118623,0.890512,0.8981379,0.53078717,0.53404766,0.34703052,0.8511435,0.3507759,0.8391585,0.12903439,0.9444393,0.4001198,-0.122916535,-0.022553194
0.9018506,0.90102583,0.99849045,0.99766773,0.62694156,0.63668984,0.22713925,0.21506931,0.2478369,0.2625132,0.69247395,0.109215096,0.008530675,0.007973596,0.93886083,0.36653635,0.89838547,0.7374876,0.52118623,0.890512,0.8981379,0.53078717,0.5340477,0.34703055,0.8511435,0.3507759,0.83915854,0.12903443,0.9444392,0.4001198,-0.122916564,-0.022553224
0.9018506,0.9010257,0.99849045,0.99766773,0.62694156,0.63668984,0.22713928,0.21506931,0.24783687,0.2625132,0.6924739,0.10921512,0.00853068,0.007973596,0.93886083,0.36653635,0.89838547,0.7374876,0.52118623,0.890512,0.8981379,0.53078717,0.5340477,0.34703052,0.8511435,0.3507759,0.8391585,0.12903443,0.9444393,0.40011984,-0.122916505,-0.02255321
0.9018506,0.9010257,0.99849045,0.99766773,0.6269416,0.63668984,0.22713928,0.21506935,0.24783687,0.26251316,0.6924739,0.10921516,0.00853068,0.0079736,0.93886083,0.36653632,0.89838547,0.73748755,0.52118623,0.890512,0.8981379,0.53078717,0.5340477,0.34703052,0.8511435,0.35077596,0.8391585,0.12903439,0.9444393,0.40011987,-0.12291646,-0.022553194
0.9018506,0.9010257,0.99849045,0.99766773,0.6269416,0.63668984,0.22713928,0.21506931,0.2478369,0.26251322,0.69247395,0.109215096,0.00853068,0.007973596,0.93886083,0.36653635,0.89838547,0.7374876,0.52118623,0.890512,0.8981379,0.53078717,0.5340477,0.34703055,0.8511435,0.35077596,0.8391585,0.12903443,0.9444392,0.40011984,-0.12291652,-0.022553194
0.9018506,0.9010257,0.99849045,0.99766773,0.62694156,0.63668984,0.22713928,0.21506931,0.2478369,0.2625132,0.6924739,0.10921512,0.00853068,0.007973596,0.93886083,0.36653635,0.89838547,0.7374876,0.52118623,0.890512,0.8981379,0.53078717,0.5340477,0.34703052,0.8511435,0.3507759,0.8391585,0.12903441,0.9444392,0.4001198,-0.12291655,-0.02255315
0.9018506,0.9010257,0.99849045,0.99766773,0.6269416,0.63668984,0.22713928,0.21506932,0.24783684,0.26251316,0.6924739,0.10921512,0.00853068,0.007973596,0.9388607,0.36653632,0.89838547,0.73748755,0.52118623,0.89051193,0.8981378,0.53078717,0.53404766,0.34703058,0.8511435,0.35077596,0.8391585,0.1290344,0.9444392,0.40011984,-0.12291655,-0.02255318
0.9018506,0.9010257,0.99849045,0.99766773,0.6269416,0.63668984,0.22713925,0.21506932,0.24783681,0.26251316,0.6924738,0.10921516,0.008530684,0.007973596,0.93886083,0.36653632,0.89838547,0.73748755,0.52118623,0.890512,0.8981378,0.53078717,0.5340477,0.34703052,0.8511435,0.35077596,0.8391585,0.12903441,0.9444393,0.40011984,-0.12291649,-0.02255321
0.9018506,0.9010257,0.99849045,0.99766773,0.6269416,0.63668984,0.22713923,0.21506931,0.24783693,0.26251325,0.6924739,0.10921514,0.00853068,0.007973596,0.93886083,0.36653635,0.89838547,0.7374876,0.52118623,0.890512,0.8981379,0.53078717,0.5340477,0.34703058,0.8511435,0.35077596,0.8391585,0.12903443,0.9444392,0.40011984,-0.12291658,-0.022553239
0.9018506,0.9010257,0.99849045,0.99766773,0.6269416,0.63668984,0.22713928,0.21506931,0.2478369,0.26251325,0.6924739,0.10921512,0.00853068,0.0079736,0.93886083,0.36653632,0.89838547,0.7374876,0.52118623,0.890512,0.8981379,0.53078717,0.5340477,0.3470306,0.8511435,0.35077602,0.8391585,0.12903441,0.9444392,0.4001198,-0.12291652,-0.022553239
0.9018506,0.9010257,0.99849045,0.99766773,0.6269416,0.63668984,0.22713928,0.21506932,0.24783693,0.26251325,0.69247377,0.10921514,0.00853068,0.0079736,0.93886083,0.36653635,0.89838547,0.73748755,0.52118623,0.890512,0.8981379,0.53078717,0.5340477,0.34703058,0.8511435,0.35077596,0.8391585,0.12903441,0.9444393,0.40011984,-0.122916505,-0.02255318
0.9018506,0.9010257,0.99849045,0.99766773,0.6269416,0.63668984,0.22713923,0.21506931,0.2478369,0.26251322,0.6924738,0.10921516,0.00853068,0.007973596,0.93886095,0.36653635,0.89838547,0.7374876,0.52118623,0.890512,0.8981379,0.53078717,0.5340477,0.34703058,0.8511435,0.3507759,0.8391585,0.12903446,0.9444392,0.4001198,-0.12291652,-0.022553224
0.9018506,0.9010257,0.99849045,0.99766773,0.6269416,0.63668984,0.22713928,0.21506931,0.24783693,0.26251322,0.6924739,0.10921514,0.00853068,0.007973596,0.93886083,0.36653635,0.89838547,0.7374876,0.52118623,0.890512,0.8981379,0.53078717,0.5340477,0.34703058,0.8511435,0.35077596,0.8391585,0.12903443,0.9444393,0.4001198,-0.12291649,-0.022553135
0.9018506,0.9010257,0.99849045,0.99766773,0.6269416,0.63668984,0.22713928,0.21506937,0.24783693,0.26251322,0.69247395,0.10921507,0.00853068,0.007973596,0.93886083,0.36653632,0.89838547,0.7374876,0.52118623,0.890512,0.8981379,0.53078717,0.5340477,0.34703055,0.8511435,0.35077596,0.8391585,0.12903437,0.9444392,0.4001198,-0.12291646,-0.022553165
0.9018506,0.9010257,0.99849045,0.99766773,0.6269416,0.63668984,0.22713925,0.21506932,0.2478369,0.2625132,0.6924738,0.10921516,0.00853068,0.007973596,0.93886083,0.36653635,0.89838547,0.73748755,0.52118623,0.890512,0.8981379,0.53078717,0.53404766,0.34703058,0.8511435,0.35077602,0.8391585,0.1290344,0.9444392,0.40011984,-0.12291652,-0.02255318
0.9018506,0.9010257,0.99849045,0.99766773,0.6269416,0.63668984,0.22713923,0.21506932,0.2478369,0.26251322,0.69247377,0.109215185,0.008530675,0.007973596,0.93886083,0.36653635,0.89838547,0.73748755,0.52118623,0.890512,0.8981379,0.53078717,0.5340477,0.34703052,0.8511435,0.3507759,0.8391585,0.12903441,0.9444393,0.40011978,-0.12291646,-0.02255318
0.9018506,0.9010257,0.99849045,0.99766773,0.6269416,0.63668984,0.22713923,0.21506931,0.2478369,0.2625132,0.6924738,0.10921516,0.008530675,0.007973596,0.93886083,0.36653635,0.89838547,0.7374876,0.52118623,0.890512,0.8981379,0.53078717,0.5340477,0.34703052,0.8511435,0.35077596,0.8391585,0.12903444,0.9444392,0.40011987,-0.122916594,-0.022553165
0.9018506,0.9010257,0.99849045,0.99766773,0.6269416,0.63668984,0.22713928,0.21506931,0.2478369,0.26251322,0.69247395,0.109215096,0.00853068,0.007973596,0.93886083,0.36653635,0.89838547,0.73748755,0.52118623,0.890512,0.8981379,0.53078717,0.53404766,0.34703055,0.8511435,0.35077596,0.8391585,0.12903437,0.9444392,0.40011987,-0.122916564,-0.022553194
0.9018506,0.9010257,0.99849045,0.99766773,0.6269415,0.63668984,0.22713923,0.21506931,0.2478369,0.2625132,0.6924739,0.10921516,0.00853068,0.007973596,0.93886083,0.36653635,0.89838547,0.7374876,0.52118623,0.890512,0.8981379,0.53078717,0.5340477,0.34703058,0.8511435,0.35077596,0.8391585,0.12903443,0.9444392,0.40011984,-0.12291646,-0.022553254
0.9018506,0.90102583,0.99849045,0.99766773,0.6269416,0.63668984,0.22713923,0.21506931,0.24783684,0.26251313,0.69247377,0.10921521,0.00853068,0.0079736,0.93886083,0.3665363,0.89838547,0.73748755,0.52118623,0.890512,0.8981379,0.53078717,0.5340477,0.34703058,0.8511435,0.35077596,0.83915836,0.12903441,0.9444393,0.40011984,-0.12291643,-0.02255312
0.9018506,0.90102583,0.99849045,0.99766773,0.6269416,0.63668984,0.22713928,0.21506931,0.24783687,0.26251313,0.6924738,0.10921516,0.00853068,0.007973596,0.93886083,0.3665363,0.89838547,0.73748755,0.52118623,0.890512,0.8981379,0.53078717,0.5340477,0.34703052,0.8511435,0.35077596,0.8391585,0.12903443,0.9444393,0.40011987,-0.12291646,-0.022553135
0.9018506,0.9010257,0.99849045,0.99766773,0.62694156,0.63668984,0.22713928,0.21506931,0.24783687,0.2625132,0.6924739,0.10921514,0.00853068,0.007973596,0.93886083,0.36653635,0.89838547,0.7374876,0.52118623,0.890512,0.8981379,0.53078717,0.5340477,0.34703055,0.8511435,0.35077596,0.8391585,0.12903443,0.9444392,0.4001198,-0.12291643,-0.022553165
0.9018506,0.9010257,0.99849045,0.99766773,0.6269416,0.63668984,0.22713928,0.21506931,0.24783687,0.2625132,0.6924739,0.10921512,0.00853068,0.007973596,0.93886083,0.36653632,0.89838547,0.73748755,0.52118623,0.890512,0.8981379,0.53078717,0.5340477,0.34703058,0.8511435,0.35077596,0.8391585,0.12903436,0.9444392,0.40011984,-0.122916445,-0.02255312
0.9018506,0.9010257,0.99849045,0.99766773,0.6269416,0.63668984,0.22713925,0.21506931,0.24783687,0.26251316,0.6924738,0.10921514,0.00853068,0.007973604,0.93886083,0.3665363,0.89838547,0.73748755,0.52118623,0.890512,0.8981379,0.53078717,0.5340477,0.34703058,0.8511434,0.35077596,0.8391585,0.1290344,0.9444392,0.40011984,-0.1229164,-0.022553105
0.9018506,0.90102583,0.99849045,0.99766773,0.6269416,0.63668984,0.22713923,0.21506931,0.24783687,0.2625132,0.6924739,0.10921514,0.00853068,0.007973596,0.93886083,0.3665363,0.89838547,0.7374876,0.52118623,0.890512,0.8981379,0.53078717,0.5340477,0.34703058,0.8511435,0.35077596,0.8391585,0.12903443,0.9444392,0.40011984,-0.12291643,-0.022553016
0.9018506,0.9010257,0.99849045,0.99766773,0.6269416,0.63668984,0.22713925,0.21506931,0.2478369,0.2625132,0.69247395,0.10921512,0.00853068,0.007973596,0.93886083,0.36653632,0.89838547,0.73748755,0.52118623,0.890512,0.8981379,0.53078717,0.53404766,0.34703058,0.8511435,0.35077596,0.8391585,0.12903441,0.9444392,0.40011984,-0.12291643,-0.02255306
0.9018506,0.90102583,0.99849045,0.99766773,0.6269416,0.63668984,0.22713923,0.21506931,0.24783687,0.26251316,0.6924738,0.10921516,0.008530675,0.007973596,0.93886083,0.3665363,0.89838547,0.73748755,0.52118623,0.890512,0.8981379,0.53078717,0.5340477,0.34703052,0.8511435,0.3507759,0.8391585,0.12903439,0.9444393,0.4001198,-0.1229164,-0.022552988
0.9018506,0.90102583,0.99849045,0.99766773,0.6269416,0.63668984,0.22713923,0.21506931,0.2478369,0.26251316,0.6924739,0.10921514,0.00853068,0.007973596,0.93886083,0.3665363,0.89838547,0.73748755,0.52118623,0.890512,0.8981379,0.53078717,0.5340477,0.34703058,0.8511435,0.35077596,0.8391585,0.12903444,0.9444392,0.40011978,-0.122916386,-0.022553016
0.9018506,0.9010257,0.99849045,0.99766773,0.6269416,0.63668984,0.22713928,0.21506932,0.2478369,0.2625132,0.69247395,0.109215096,0.00853068,0.007973596,0.93886083,0.36653632,0.89838547,0.73748755,0.52118623,0.890512,0.8981379,0.53078717,0.5340477,0.34703058,0.8511435,0.35077596,0.8391585,0.12903441,0.9444392,0.40011984,-0.122916475,-0.02255309
0.9018506,0.9010257,0.99849045,0.99766773,0.62694156,0.6366898,0.22713928,0.21506931,0.2478369,0.2625132,0.692474,0.109215096,0.00853068,0.007973596,0.93886083,0.3665363,0.89838547,0.73748755,0.52118623,0.890512,0.8981379,0.53078717,0.5340477,0.34703058,0.8511435,0.35077596,0.8391585,0.12903443,0.9444392,0.40011975,-0.122916445,-0.022553075
0.9018506,0.9010257,0.99849045,0.99766773,0.6269416,0.63668984,0.22713925,0.21506932,0.2478369,0.2625132,0.6924739,0.10921512,0.00853068,0.007973596,0.93886083,0.3665363,0.89838547,0.7374876,0.52118623,0.890512,0.8981379,0.53078717,0.5340477,0.34703058,0.8511435,0.35077596,0.8391585,0.12903443,0.9444392,0.40011978,-0.12291643,-0.022553075
0.9018506,0.9010257,0.99849045,0.99766773,0.6269416,0.63668984,0.22713928,0.21506932,0.24783693,0.26251322,0.6924739,0.10921512,0.008530684,0.007973596,0.93886083,0.3665363,0.89838547,0.73748755,0.52118623,0.890512,0.8981379,0.53078717,0.5340477,0.34703058,0.8511434,0.35077596,0.8391585,0.12903439,0.9444393,0.4001198,-0.122916415,-0.02255303
0.9018506,0.9010257,0.99849045,0.99766773,0.62694156,0.63668984,0.22713923,0.21506931,0.24783693,0.26251325,0.6924739,0.109215096,0.00853068,0.0079736,0.93886095,0.36653632,0.89838547,0.7374876,0.52118623,0.890512,0.8981379,0.53078717,0.5340477,0.34703058,0.8511435,0.35077602,0.8391585,0.1290344,0.9444392,0.40011978,-0.12291652,-0.022553045
0.9018506,0.9010257,0.99849045,0.99766773,0.6269416,0.6366898,0.22713925,0.21506932,0.24783693,0.26251325,0.69247395,0.109215096,0.00853068,0.0079736,0.93886083,0.36653632,0.89838547,0.73748755,0.52118623,0.890512,0.8981379,0.53078717,0.5340477,0.34703064,0.8511434,0.35077602,0.83915836,0.12903443,0.9444392,0.4001198,-0.122916505,-0.022553002
0.9018506,0.9010257,0.99849045,0.99766773,0.6269416,0.63668984,0.22713928,0.21506932,0.24783693,0.26251325,0.69247395,0.109215096,0.00853068,0.007973596,0.93886083,0.36653632,0.89838547,0.73748755,0.52118623,0.890512,0.8981379,0.53078717,0.5340477,0.34703058,0.8511435,0.35077596,0.8391585,0.12903439,0.9444392,0.40011975,-0.12291652,-0.022553075
0.9018506,0.9010257,0.99849045,0.99766773,0.6269416,0.6366898,0.22713923,0.21506931,0.24783693,0.26251328,0.6924739,0.10921507,0.00853068,0.007973596,0.93886095,0.36653632,0.89838547,0.7374876,0.52118623,0.890512,0.8981379,0.53078717,0.5340477,0.34703058,0.8511435,0.35077602,0.8391585,0.12903439,0.9444392,0.4001198,-0.12291652,-0.022553075
0.9018506,0.90102583,0.99849045,0.99766773,0.6269416,0.63668984,0.22713928,0.21506931,0.24783693,0.26251325,0.6924739,0.10921512,0.00853068,0.007973596,0.93886083,0.3665363,0.89838547,0.73748755,0.52118623,0.890512,0.8981379,0.53078717,0.5340477,0.34703058,0.8511435,0.35077596,0.8391585,0.12903443,0.9444393,0.40011978,-0.12291649,-0.022553075
0.9018506,0.9010257,0.99849045,0.99766773,0.62694156,0.6366898,0.22713928,0.21506932,0.24783693,0.26251325,0.6924739,0.109215096,0.00853068,0.007973596,0.93886083,0.36653632,0.89838547,0.73748755,0.52118623,0.890512,0.8981379,0.53078717,0.5340477,0.34703058,0.8511435,0.35077596,0.8391585,0.12903439,0.9444393,0.40011978,-0.12291658,-0.022553135
0.9018506,0.9010257,0.99849045,0.99766773,0.6269416,0.63668984,0.22713928,0.21506932,0.24783693,0.26251325,0.69247395,0.10921512,0.00853068,0.007973596,0.93886083,0.36653632,0.89838547,0.7374876,0.52118623,0.890512,0.8981379,0.53078717,0.53404766,0.34703052,0.8511435,0.35077596,0.8391585,0.1290344,0.9444392,0.40011975,-0.12291661,-0.02255312
0.9018506,0.9010257,0.99849045,0.99766773,0.62694156,0.63668984,0.22713928,0.21506932,0.24783693,0.26251328,0.69247395,0.10921507,0.00853068,0.007973596,0.93886083,0.36653635,0.89838547,0.7374876,0.5211862,0.890512,0.8981379,0.53078717,0.53404766,0.34703055,0.8511435,0.35077596,0.83915854,0.1290344,0.9444392,0.4001198,-0.12291658,-0.022553165
0.9018506,0.9010257,0.99849045,0.99766773,0.6269416,0.63668984,0.22713923,0.21506931,0.24783693,0.26251328,0.6924739,0.10921512,0.008530675,0.007973596,0.93886095,0.36653635,0.89838547,0.7374876,0.52118623,0.8905121,0.8981379,0.53078717,0.5340477,0.34703058,0.8511435,0.35077596,0.83915854,0.12903441,0.9444392,0.4001197,-0.12291652,-0.02255318
0.9018506,0.9010257,0.99849045,0.99766773,0.62694156,0.63668984,0.22713925,0.21506931,0.24783693,0.26251328,0.6924739,0.10921512,0.008530675,0.007973593,0.93886095,0.36653635,0.89838547,0.7374876,0.52118623,0.890512,0.8981379,0.53078717,0.5340477,0.34703055,0.8511435,0.3507759,0.83915854,0.12903443,0.9444392,0.40011972,-0.122916535,-0.022553135
0.9018506,0.90102583,0.99849045,0.99766773,0.6269415,0.63668984,0.22713925,0.21506932,0.24783693,0.26251325,0.6924739,0.10921512,0.008530675,0.007973596,0.93886083,0.36653632,0.89838547,0.7374876,0.52118623,0.890512,0.8981379,0.53078717,0.53404766,0.34703052,0.85114354,0.3507759,0.83915854,0.12903443,0.9444392,0.4001197,-0.122916564,-0.02255309
0.9018506,0.90102583,0.99849045,0.99766773,0.6269415,0.63668984,0.22713932,0.21506935,0.24783693,0.26251325,0.6924739,0.10921512,0.00853068,0.007973596,0.93886083,0.36653635,0.89838547,0.7374876,0.52118623,0.890512,0.8981379,0.53078717,0.53404766,0.34703052,0.8511435,0.3507759,0.8391585,0.12903441,0.9444392,0.4001197,-0.122916535,-0.022553105
0.9018506,0.90102583,0.99849045,0.99766773,0.6269415,0.63668984,0.22713932,0.21506937,0.2478369,0.2625132,0.6924738,0.10921516,0.00853068,0.007973596,0.93886083,0.36653632,0.89838547,0.73748755,0.52118623,0.890512,0.8981379,0.53078717,0.5340477,0.3470305,0.8511435,0.3507759,0.8391585,0.12903443,0.9444393,0.40011972,-0.12291658,-0.022553135
0.9018506,0.90102583,0.99849045,0.99766773,0.62694156,0.63668984,0.22713928,0.21506931,0.24783693,0.26251322,0.6924739,0.10921514,0.00853068,0.007973596,0.93886083,0.36653635,0.89838547,0.73748755,0.52118623,0.890512,0.8981379,0.53078717,0.53404766,0.34703046,0.8511435,0.3507759,0.83915854,0.12903441,0.9444393,0.40011975,-0.12291658,-0.022553165
0.9018506,0.90102583,0.99849045,0.99766773,0.6269415,0.63668984,0.22713928,0.21506932,0.2478369,0.2625132,0.69247395,0.109215096,0.00853068,0.007973596,0.93886083,0.36653632,0.89838547,0.7374876,0.5211862,0.890512,0.8981379,0.53078717,0.53404766,0.34703058,0.8511435,0.35077596,0.8391585,0.12903439,0.9444393,0.40011975,-0.12291658,-0.02255321
0.9018506,0.9010257,0.99849045,0.99766773,0.6269416,0.63668984,0.22713928,0.21506931,0.24783693,0.26251325,0.6924739,0.10921514,0.008530675,0.007973596,0.93886083,0.36653635,0.89838547,0.7374876,0.52118623,0.890512,0.8981379,0.53078717,0.5340477,0.34703055,0.8511435,0.3507759,0.8391585,0.1290344,0.9444393,0.40011972,-0.122916535,-0.022553254
0.9018506,0.90102583,0.99849045,0.99766773,0.62694156,0.6366898,0.22713932,0.21506935,0.24783687,0.26251316,0.6924739,0.10921512,0.0085306885,0.007973604,0.93886083,0.36653632,0.89838547,0.73748755,0.52118623,0.89051193,0.8981378,0.53078717,0.53404766,0.34703055,0.8511435,0.35077596,0.8391585,0.12903443,0.9444393,0.40011975,-0.122916505,-0.022553224
0.9018506,0.90102583,0.99849045,0.99766773,0.6269416,0.63668984,0.22713928,0.21506932,0.24783687,0.26251316,0.6924738,0.10921516,0.008530684,0.0079736,0.93886083,0.3665363,0.89838547,0.73748755,0.52118623,0.890512,0.8981379,0.53078717,0.5340477,0.34703058,0.8511435,0.35077596,0.83915836,0.12903439,0.9444393,0.4001198,-0.12291646,-0.02255312
0.9018506,0.9010257,0.99849045,0.99766773,0.62694156,0.63668984,0.22713923,0.21506931,0.2478369,0.26251322,0.6924739,0.10921512,0.00853068,0.007973596,0.93886083,0.36653635,0.89838547,0.73748755,0.52118623,0.890512,0.8981379,0.53078717,0.53404766,0.34703055,0.8511435,0.35077596,0.8391585,0.12903441,0.9444392,0.40011978,-0.12291646,-0.022553165
0.9018506,0.9010257,0.99849045,0.99766773,0.6269416,0.63668984,0.22713928,0.21506931,0.24783687,0.26251316,0.6924738,0.10921514,0.00853068,0.007973596,0.93886083,0.3665363,0.89838547,0.73748755,0.52118623,0.890512,0.8981379,0.53078717,0.5340477,0.34703058,0.8511435,0.35077596,0.8391585,0.12903439,0.9444393,0.40011984,-0.122916475,-0.022553105
0.9018506,0.9010257,0.99849045,0.99766773,0.62694156,0.63668984,0.22713928,0.21506931,0.24783687,0.2625132,0.6924739,0.10921512,0.00853068,0.007973596,0.93886083,0.36653635,0.89838547,0.73748755,0.52118623,0.890512,0.8981379,0.53078717,0.53404766,0.34703058,0.8511435,0.35077596,0.8391585,0.12903441,0.9444392,0.4001198,-0.12291652,-0.022553135
0.9018506,0.9010257,0.99849045,0.99766773,0.6269416,0.63668984,0.22713928,0.21506931,0.24783687,0.2625132,0.6924739,0.10921512,0.00853068,0.007973596,0.93886083,0.36653632,0.89838547,0.73748755,0.52118623,0.890512,0.8981379,0.53078717,0.53404766,0.34703052,0.8511435,0.35077596,0.8391585,0.12903441,0.9444392,0.40011987,-0.122916594,-0.02255318
0.9018506,0.90102583,0.99849045,0.99766773,0.62694156,0.6366898,0.22713923,0.21506931,0.24783687,0.26251316,0.69247377,0.109215185,0.00853068,0.0079736,0.93886083,0.3665363,0.89838547,0.73748755,0.52118623,0.890512,0.8981379,0.53078717,0.5340477,0.34703052,0.8511435,0.35077596,0.8391585,0.12903443,0.9444393,0.4001199,-0.12291652,-0.022553165
0.9018506,0.90102583,0.99849045,0.99766773,0.6269416,0.63668984,0.22713923,0.21506931,0.24783687,0.2625132,0.69247377,0.10921516,0.00853068,0.007973596,0.93886083,0.36653632,0.89838547,0.73748755,0.52118623,0.890512,0.8981379,0.53078717,0.53404766,0.34703058,0.8511435,0.35077596,0.8391585,0.12903441,0.9444393,0.40011984,-0.12291649,-0.02255315
0.9018506,0.9010257,0.99849045,0.99766773,0.6269416,0.63668984,0.22713928,0.21506931,0.24783687,0.26251316,0.6924739,0.10921512,0.00853068,0.0079736,0.93886083,0.3665363,0.89838547,0.73748755,0.52118623,0.890512,0.8981379,0.53078717,0.53404766,0.34703058,0.8511435,0.35077596,0.8391585,0.1290344,0.9444393,0.40011987,-0.12291652,-0.02255315
0.9018506,0.9010257,0.99849045,0.99766773,0.6269416,0.63668984,0.22713925,0.21506931,0.2478369,0.2625132,0.6924739,0.10921512,0.00853068,0.007973596,0.93886083,0.36653635,0.89838547,0.7374876,0.52118623,0.890512,0.8981379,0.53078717,0.5340477,0.34703058,0.8511434,0.35077596,0.8391585,0.12903441,0.9444393,0.4001199,-0.122916505,-0.02255318
0.9018506,0.9010257,0.99849045,0.99766773,0.6269417,0.63668984,0.22713923,0.21506931,0.24783687,0.26251316,0.6924738,0.10921516,0.00853068,0.007973596,0.93886083,0.36653635,0.89838547,0.73748755,0.52118623,0.890512,0.8981379,0.53078717,0.5340477,0.34703058,0.8511435,0.35077596,0.8391585,0.12903444,0.9444393,0.40011984,-0.12291655,-0.02255318
0.9018506,0.90102583,0.99849045,0.99766773,0.6269416,0.63668984,0.22713928,0.21506932,0.24783687,0.26251316,0.6924738,0.10921516,0.00853068,0.0079736,0.93886083,0.3665363,0.89838547,0.73748755,0.52118623,0.890512,0.8981379,0.53078717,0.5340477,0.34703058,0.8511434,0.35077596,0.83915836,0.12903441,0.9444393,0.40011987,-0.122916475,-0.02255318
0.9018506,0.9010257,0.99849045,0.99766773,0.6269416,0.63668984,0.22713928,0.21506932,0.2478369,0.2625132,0.69247395,0.109215096,0.008530684,0.007973596,0.93886083,0.36653632,0.89838547,0.73748755,0.52118623,0.890512,0.8981379,0.53078717,0.5340477,0.34703058,0.8511435,0.35077596,0.8391585,0.12903439,0.9444392,0.4001199,-0.12291652,-0.02255312
0.9018506,0.90102583,0.99849045,0.99766773,0.6269416,0.6366898,0.22713923,0.21506931,0.24783687,0.26251322,0.6924738,0.10921516,0.00853068,0.007973596,0.93886083,0.36653632,0.89838547,0.73748755,0.52118623,0.890512,0.8981379,0.53078717,0.5340477,0.3470306,0.8511435,0.35077602,0.8391585,0.1290344,0.9444393,0.40011984,-0.122916535,-0.02255303
0.9018506,0.9010257,0.99849045,0.99766773,0.6269417,0.63668984,0.22713923,0.21506931,0.24783687,0.2625132,0.6924739,0.10921516,0.00853068,0.0079736,0.93886083,0.3665363,0.89838547,0.73748755,0.52118623,0.890512,0.8981379,0.53078717,0.5340477,0.3470306,0.8511434,0.35077596,0.83915836,0.12903441,0.9444393,0.40011993,-0.122916505,-0.022553075
0.9018506,0.90102583,0.99849045,0.99766773,0.6269416,0.63668984,0.22713928,0.21506932,0.24783687,0.26251316,0.6924738,0.10921516,0.008530684,0.007973604,0.93886083,0.3665363,0.89838547,0.73748755,0.52118623,0.890512,0.8981379,0.53078717,0.5340477,0.34703058,0.8511434,0.35077602,0.83915836,0.12903439,0.9444393,0.4001199,-0.12291646,-0.022553016
0.9018506,0.9010257,0.99849045,0.99766773,0.6269416,0.63668984,0.22713928,0.21506931,0.2478369,0.2625132,0.6924739,0.10921512,0.00853068,0.0079736,0.93886083,0.3665363,0.89838547,0.7374876,0.52118623,0.890512,0.8981379,0.53078717,0.5340477,0.34703058,0.8511435,0.35077596,0.8391585,0.12903436,0.9444393,0.4001199,-0.12291652,-0.022553016
0.9018506,0.9010257,0.99849045,0.99766773,0.6269416,0.63668984,0.22713923,0.21506931,0.24783693,0.26251325,0.6924738,0.10921516,0.00853068,0.007973596,0.93886095,0.3665363,0.89838547,0.73748755,0.52118623,0.890512,0.8981379,0.53078717,0.5340477,0.34703058,0.8511435,0.35077596,0.8391585,0.12903437,0.9444393,0.40011984,-0.122916505,-0.022552958
0.9018506,0.9010257,0.99849045,0.99766773,0.6269417,0.63668984,0.22713923,0.21506926,0.24783693,0.26251328,0.6924739,0.10921512,0.00853068,0.0079736,0.93886083,0.36653632,0.89838547,0.7374876,0.52118623,0.890512,0.8981379,0.53078717,0.5340477,0.34703058,0.8511435,0.35077596,0.8391585,0.1290344,0.9444392,0.4001199,-0.12291652,-0.022552988
0.9018506,0.9010257,0.99849045,0.99766773,0.6269416,0.63668984,0.22713928,0.21506932,0.2478369,0.26251325,0.6924738,0.10921514,0.00853068,0.007973596,0.93886083,0.3665363,0.89838547,0.73748755,0.52118623,0.890512,0.8981379,0.53078717,0.5340477,0.34703058,0.8511435,0.35077596,0.8391585,0.12903439,0.9444393,0.40011984,-0.12291649,-0.022553045
0.9018506,0.90102583,0.99849045,0.99766773,0.6269416,0.63668984,0.22713923,0.21506931,0.24783687,0.26251316,0.6924737,0.10921521,0.00853068,0.007973596,0.93886083,0.3665363,0.89838547,0.73748755,0.52118623,0.890512,0.8981379,0.53078717,0.5340477,0.34703052,0.8511435,0.35077596,0.8391585,0.12903441,0.9444393,0.4001198,-0.12291649,-0.022552973
0.9018506,0.9010257,0.99849045,0.99766773,0.6269416,0.63668984,0.22713923,0.21506931,0.24783693,0.2625132,0.6924738,0.10921514,0.00853068,0.007973596,0.93886095,0.3665363,0.89838547,0.73748755,0.52118623,0.890512,0.8981379,0.53078717,0.5340477,0.34703058,0.8511435,0.35077596,0.8391585,0.12903441,0.9444392,0.4001199,-0.12291652,-0.022552988
0.9018506,0.9010257,0.99849045,0.99766773,0.6269416,0.63668984,0.22713928,0.21506932,0.2478369,0.2625132,0.6924739,0.10921514,0.00853068,0.007973596,0.93886083,0.36653632,0.89838547,0.73748755,0.52118623,0.890512,0.8981379,0.53078717,0.5340477,0.34703058,0.8511435,0.35077596,0.8391585,0.12903439,0.9444393,0.4001198,-0.122916475,-0.022553045
0.9018506,0.9010257,0.99849045,0.99766773,0.62694156,0.63668984,0.22713928,0.21506932,0.24783699,0.26251328,0.69247395,0.10921505,0.00853068,0.007973596,0.93886083,0.36653635,0.89838547,0.7374876,0.52118623,0.890512,0.8981379,0.53078717,0.5340477,0.34703058,0.8511435,0.35077596,0.83915854,0.12903441,0.9444392,0.40011978,-0.12291655,-0.02255309
0.9018506,0.9010257,0.99849045,0.99766773,0.6269416,0.63668984,0.22713928,0.21506932,0.2478369,0.2625132,0.6924739,0.10921512,0.00853068,0.007973596,0.93886083,0.3665363,0.89838547,0.73748755,0.52118623,0.890512,0.8981379,0.53078717,0.5340477,0.34703058,0.8511434,0.35077596,0.8391585,0.12903441,0.9444393,0.40011978,-0.12291652,-0.022553135
0.9018506,0.90102583,0.99849045,0.99766773,0.6269416,0.63668984,0.22713925,0.21506931,0.24783693,0.26251325,0.69247377,0.109215185,0.00853068,0.007973596,0.93886095,0.36653632,0.89838547,0.73748755,0.5211863,0.890512,0.8981379,0.5307872,0.5340477,0.34703058,0.8511435,0.35077596,0.8391585,0.12903441,0.9444393,0.40011975,-0.12291649,-0.02255306
0.9018506,0.90102583,0.99849045,0.99766773,0.62694156,0.6366898,0.22713928,0.21506932,0.2478369,0.2625132,0.6924738,0.10921514,0.00853068,0.007973596,0.93886083,0.36653635,0.89838547,0.73748755,0.52118623,0.890512,0.8981379,0.53078717,0.5340477,0.34703052,0.8511435,0.3507759,0.8391585,0.12903441,0.9444393,0.40011975,-0.122916505,-0.02255306
0.9018506,0.9010257,0.99849045,0.99766773,0.6269415,0.63668984,0.22713928,0.21506931,0.24783693,0.2625132,0.692474,0.10921507,0.00853068,0.007973593,0.93886083,0.36653635,0.89838547,0.73748755,0.52118623,0.890512,0.8981379,0.53078717,0.53404766,0.34703052,0.85114354,0.3507759,0.83915854,0.12903439,0.9444392,0.4001198,-0.12291652,-0.022553105
0.9018506,0.9010257,0.99849045,0.99766773,0.6269415,0.6366898,0.22713928,0.21506932,0.24783699,0.26251328,0.692474,0.10921507,0.00853068,0.007973596,0.93886083,0.36653635,0.89838547,0.7374876,0.52118623,0.890512,0.8981379,0.53078717,0.5340477,0.34703055,0.8511435,0.35077596,0.83915854,0.1290344,0.9444392,0.40011978,-0.12291652,-0.02255309
0.9018506,0.90102583,0.99849045,0.99766773,0.6269416,0.63668984,0.22713923,0.21506931,0.24783693,0.26251325,0.6924739,0.10921512,0.00853068,0.007973596,0.93886083,0.36653635,0.89838547,0.7374876,0.52118623,0.890512,0.8981379,0.53078717,0.53404766,0.34703055,0.8511435,0.35077596,0.83915854,0.12903443,0.9444392,0.40011975,-0.12291652,-0.022553135
0.9018506,0.90102583,0.99849045,0.99766773,0.6269416,0.63668984,0.22713925,0.21506932,0.24783687,0.26251316,0.6924737,0.10921521,0.00853068,0.007973596,0.93886083,0.3665363,0.89838547,0.73748755,0.5211863,0.890512,0.8981379,0.5307872,0.5340477,0.34703058,0.8511435,0.35077596,0.83915836,0.12903441,0.9444393,0.40011975,-0.12291643,-0.02255312
0.9018506,0.9010257,0.99849045,0.99766773,0.62694156,0.63668984,0.22713925,0.21506931,0.24783693,0.26251322,0.6924739,0.10921512,0.00853068,0.007973593,0.93886083,0.36653635,0.89838547,0.7374876,0.52118623,0.890512,0.8981379,0.53078717,0.53404766,0.34703052,0.8511435,0.3507759,0.8391585,0.12903443,0.9444393,0.40011975,-0.12291652,-0.022553224
0.9018506,0.9010257,0.99849045,0.99766773,0.6269416,0.63668984,0.22713928,0.21506932,0.24783693,0.26251325,0.692474,0.10921501,0.008530675,0.007973593,0.93886083,0.36653635,0.89838547,0.7374876,0.52118623,0.890512,0.8981379,0.53078717,0.53404766,0.34703052,0.8511435,0.35077596,0.83915854,0.1290344,0.9444392,0.4001197,-0.12291658,-0.022553269
0.9018506,0.9010257,0.99849045,0.99766773,0.6269415,0.6366898,0.22713932,0.21506935,0.2478369,0.26251322,0.692474,0.10921507,0.00853068,0.007973604,0.93886083,0.3665363,0.89838547,0.73748755,0.52118623,0.890512,0.8981379,0.53078717,0.53404766,0.34703058,0.8511434,0.35077602,0.8391585,0.12903437,0.9444393,0.40011972,-0.122916594,-0.02255321
0.9018506,0.9010257,0.99849045,0.99766773,0.6269416,0.63668984,0.22713928,0.21506932,0.24783693,0.26251328,0.69247395,0.109215096,0.00853068,0.007973596,0.93886083,0.36653632,0.89838547,0.7374876,0.52118623,0.890512,0.8981379,0.53078717,0.5340477,0.34703058,0.8511435,0.35077596,0.8391585,0.12903436,0.9444393,0.4001198,-0.12291658,-0.02255318
0.9018506,0.90102583,0.99849045,0.99766773,0.62694156,0.6366898,0.22713925,0.21506931,0.24783693,0.26251325,0.6924739,0.10921512,0.008530675,0.007973596,0.93886083,0.36653635,0.89838547,0.7374876,0.52118623,0.890512,0.8981379,0.53078717,0.5340477,0.34703058,0.8511435,0.35077596,0.8391585,0.12903441,0.9444393,0.40011978,-0.122916594,-0.022553224
0.9018506,0.90102583,0.99849045,0.99766773,0.6269416,0.63668984,0.22713923,0.21506931,0.24783684,0.26251316,0.6924737,0.10921521,0.00853068,0.0079736,0.93886083,0.3665363,0.89838547,0.73748755,0.5211863,0.890512,0.8981379,0.5307872,0.5340477,0.34703058,0.8511434,0.35077596,0.83915836,0.12903443,0.9444393,0.40011978,-0.12291646,-0.022553105
0.9018506,0.9010257,0.99849045,0.99766773,0.6269416,0.63668984,0.22713923,0.21506931,0.24783687,0.26251316,0.69247377,0.109215185,0.00853068,0.007973596,0.93886083,0.36653632,0.89838547,0.73748755,0.52118623,0.890512,0.8981379,0.53078717,0.5340477,0.34703052,0.8511435,0.3507759,0.8391585,0.1290344,0.9444393,0.40011978,-0.122916445,-0.022553045
0.9018506,0.9010257,0.99849045,0.99766773,0.6269416,0.63668984,0.22713928,0.21506932,0.24783687,0.26251316,0.69247395,0.10921507,0.00853068,0.0079736,0.93886083,0.36653632,0.89838547,0.7374876,0.52118623,0.890512,0.8981379,0.53078717,0.5340477,0.34703058,0.8511435,0.35077596,0.8391585,0.12903439,0.9444392,0.40011984,-0.12291652,-0.02255309
0.9018506,0.9010257,0.99849045,0.99766773,0.62694156,0.63668984,0.22713923,0.21506931,0.2478369,0.2625132,0.69247395,0.109215096,0.00853068,0.007973593,0.93886083,0.36653635,0.89838547,0.7374876,0.52118623,0.890512,0.8981379,0.53078717,0.5340477,0.34703052,0.8511435,0.35077596,0.8391585,0.12903443,0.9444392,0.4001198,-0.12291652,-0.022553105
0.9018506,0.9010257,0.99849045,0.99766773,0.6269416,0.63668984,0.22713925,0.21506931,0.24783693,0.26251325,0.6924739,0.10921512,0.00853068,0.007973596,0.93886083,0.36653635,0.89838547,0.7374876,0.52118623,0.890512,0.8981379,0.53078717,0.5340477,0.34703052,0.8511435,0.3507759,0.8391585,0.1290344,0.9444393,0.4001198,-0.12291652,-0.02255306
0.9018506,0.9010257,0.99849045,0.99766773,0.6269416,0.63668984,0.22713923,0.21506931,0.24783693,0.26251325,0.6924739,0.10921512,0.00853068,0.007973596,0.93886083,0.36653635,0.89838547,0.7374876,0.52118623,0.890512,0.8981379,0.53078717,0.5340477,0.34703058,0.8511435,0.3507759,0.8391585,0.12903441,0.9444392,0.40011978,-0.12291649,-0.022553135
0.9018506,0.9010257,0.99849045,0.99766773,0.62694156,0.6366898,0.22713923,0.21506926,0.2478369,0.26251322,0.6924739,0.109215096,0.008530675,0.007973596,0.93886083,0.36653635,0.89838547,0.7374876,0.52118623,0.890512,0.8981379,0.53078717,0.5340477,0.34703055,0.8511435,0.35077596,0.83915854,0.12903441,0.9444392,0.4001198,-0.12291652,-0.02255318
0.9018506,0.9010257,0.99849045,0.99766773,0.6269416,0.63668984,0.22713928,0.21506932,0.24783687,0.26251316,0.6924738,0.10921516,0.0085306885,0.0079736,0.93886083,0.3665363,0.89838547,0.73748755,0.52118623,0.890512,0.8981378,0.53078717,0.5340477,0.34703058,0.8511434,0.35077596,0.83915836,0.12903443,0.9444393,0.40011984,-0.122916505,-0.02255312
0.9018506,0.9010257,0.99849045,0.99766773,0.6269416,0.63668984,0.22713928,0.21506932,0.24783687,0.2625132,0.6924738,0.10921514,0.008530684,0.0079736,0.93886083,0.36653632,0.89838547,0.73748755,0.52118623,0.890512,0.8981379,0.5307872,0.5340477,0.34703058,0.8511434,0.35077596,0.83915836,0.12903443,0.9444393,0.40011984,-0.122916475,-0.022553135
0.9018506,0.9010257,0.99849045,0.99766773,0.6269416,0.63668984,0.22713928,0.21506931,0.2478369,0.2625132,0.6924739,0.109215096,0.00853068,0.007973596,0.93886083,0.36653635,0.89838547,0.7374876,0.52118623,0.890512,0.8981379,0.53078717,0.53404766,0.34703058,0.8511435,0.35077596,0.8391585,0.1290344,0.9444392,0.40011987,-0.12291658,-0.022553075
0.9018506,0.9010257,0.99849045,0.99766773,0.6269416,0.63668984,0.22713928,0.21506935,0.2478369,0.26251325,0.69247395,0.10921507,0.00853068,0.007973596,0.93886083,0.36653632,0.89838547,0.73748755,0.52118623,0.890512,0.8981379,0.53078717,0.53404766,0.34703058,0.8511435,0.35077596,0.8391585,0.12903436,0.9444392,0.40011984,-0.12291655,-0.02255312
0.9018506,0.9010257,0.99849045,0.99766773,0.62694156,0.63668984,0.22713925,0.21506931,0.24783693,0.26251325,0.6924739,0.10921512,0.008530675,0.007973596,0.93886095,0.36653635,0.89838547,0.7374876,0.52118623,0.890512,0.8981379,0.53078717,0.5340477,0.34703058,0.8511435,0.35077596,0.8391585,0.12903443,0.9444392,0.40011984,-0.122916564,-0.022553045
0.9018506,0.90102583,0.99849045,0.99766773,0.6269416,0.6366898,0.22713925,0.21506931,0.24783687,0.2625132,0.69247377,0.10921521,0.008530675,0.007973596,0.93886083,0.36653632,0.89838547,0.73748755,0.52118623,0.890512,0.8981379,0.53078717,0.5340477,0.3470305,0.8511435,0.3507759,0.8391585,0.12903439,0.9444393,0.4001198,-0.12291646,-0.02255306
0.9018506,0.9010257,0.99849045,0.99766773,0.6269416,0.63668984,0.22713925,0.21506931,0.2478369,0.2625132,0.6924738,0.10921516,0.008530675,0.007973596,0.93886083,0.36653632,0.89838547,0.73748755,0.52118623,0.890512,0.8981379,0.53078717,0.5340477,0.34703058,0.8511435,0.35077596,0.8391585,0.12903443,0.9444393,0.40011987,-0.12291658,-0.022553016
0.9018506,0.9010257,0.99849045,0.99766773,0.6269416,0.63668984,0.22713928,0.21506932,0.2478369,0.26251322,0.6924739,0.109215096,0.00853068,0.007973596,0.93886083,0.3665363,0.89838547,0.7374876,0.5211862,0.890512,0.8981379,0.53078717,0.53404766,0.34703055,0.8511435,0.35077596,0.8391585,0.12903439,0.9444392,0.4001198,-0.12291658,-0.02255309
0.9018506,0.9010257,0.99849045,0.99766773,0.62694156,0.6366898,0.22713932,0.21506932,0.24783693,0.26251325,0.692474,0.10921507,0.00853068,0.007973596,0.93886083,0.36653632,0.89838547,0.7374876,0.52118623,0.890512,0.8981379,0.53078717,0.53404766,0.34703058,0.8511435,0.35077596,0.83915854,0.12903436,0.9444392,0.4001198,-0.122916624,-0.022553135
0.9018506,0.9010257,0.99849045,0.99766773,0.6269416,0.63668984,0.22713928,0.21506931,0.2478369,0.26251325,0.6924739,0.10921514,0.00853068,0.007973596,0.93886083,0.36653635,0.89838547,0.73748755,0.52118623,0.890512,0.8981379,0.53078717,0.5340477,0.34703055,0.8511435,0.35077596,0.8391585,0.12903441,0.9444393,0.4001198,-0.12291661,-0.02255312
0.9018506,0.90102583,0.99849045,0.99766773,0.6269416,0.63668984,0.22713928,0.21506932,0.24783687,0.26251316,0.69247377,0.10921521,0.008530672,0.007973596,0.93886083,0.36653632,0.89838547,0.73748755,0.52118623,0.890512,0.8981379,0.53078717,0.5340477,0.34703052,0.8511435,0.3507759,0.8391585,0.12903441,0.9444393,0.40011975,-0.122916505,-0.02255312
0.9018506,0.9010257,0.99849045,0.99766773,0.6269416,0.63668984,0.22713925,0.21506932,0.2478369,0.26251316,0.6924739,0.10921512,0.00853068,0.007973596,0.93886083,0.36653635,0.89838547,0.7374876,0.52118623,0.890512,0.8981379,0.53078717,0.5340477,0.34703052,0.8511435,0.3507759,0.83915854,0.1290344,0.9444393,0.40011975,-0.12291655,-0.022553135
0.9018506,0.9010257,0.99849045,0.99766773,0.6269416,0.63668984,0.22713932,0.21506937,0.24783693,0.26251325,0.6924741,0.10921501,0.008530684,0.007973596,0.93886083,0.36653635,0.89838547,0.73748755,0.5211862,0.890512,0.8981379,0.5307871,0.53404766,0.34703052,0.8511435,0.35077596,0.83915854,0.12903434,0.9444392,0.4001198,-0.122916505,-0.02255315
0.9018506,0.9010257,0.99849045,0.99766773,0.62694156,0.63668984,0.22713932,0.21506932,0.2478369,0.26251322,0.692474,0.10921505,0.00853068,0.007973593,0.93886083,0.36653632,0.89838547,0.7374876,0.52118623,0.890512,0.8981379,0.53078717,0.5340477,0.34703058,0.8511435,0.35077596,0.83915854,0.12903439,0.9444392,0.4001198,-0.12291652,-0.022553105
0.9018506,0.90102583,0.99849045,0.99766773,0.62694156,0.63668984,0.22713925,0.21506931,0.24783687,0.2625132,0.69247377,0.109215185,0.00853068,0.0079736,0.93886083,0.36653632,0.89838547,0.73748755,0.52118623,0.890512,0.8981379,0.53078717,0.5340477,0.34703058,0.8511434,0.35077596,0.83915836,0.12903439,0.9444393,0.40011984,-0.12291646,-0.022553016
0.9018506,0.90102583,0.99849045,0.99766773,0.6269416,0.63668984,0.22713923,0.21506931,0.24783687,0.26251316,0.6924737,0.10921523,0.00853068,0.007973596,0.93886083,0.3665363,0.89838547,0.73748755,0.52118623,0.890512,0.8981379,0.5307872,0.5340477,0.34703052,0.8511435,0.35077596,0.83915836,0.1290344,0.9444393,0.4001198,-0.12291646,-0.022553002
0.9018506,0.9010257,0.99849045,0.99766773,0.6269416,0.63668984,0.22713928,0.21506932,0.2478369,0.2625132,0.6924739,0.109215096,0.00853068,0.007973596,0.93886083,0.36653635,0.89838547,0.7374876,0.52118623,0.890512,0.8981378,0.53078717,0.5340477,0.34703052,0.8511435,0.35077596,0.8391585,0.12903441,0.9444392,0.4001198,-0.12291646,-0.022553045
0.9018506,0.90102583,0.99849045,0.99766773,0.6269416,0.63668984,0.22713928,0.21506932,0.24783687,0.26251316,0.6924738,0.10921516,0.00853068,0.007973604,0.93886083,0.3665363,0.89838547,0.73748755,0.52118623,0.890512,0.8981379,0.53078717,0.5340477,0.34703058,0.8511434,0.35077602,0.83915836,0.12903443,0.9444393,0.40011984,-0.12291649,-0.02255306
0.9018506,0.90102583,0.99849045,0.99766773,0.6269416,0.63668984,0.22713923,0.21506931,0.24783687,0.26251316,0.6924737,0.10921521,0.00853068,0.007973596,0.93886083,0.3665363,0.89838547,0.73748755,0.52118623,0.890512,0.8981379,0.53078717,0.5340477,0.34703052,0.8511435,0.35077596,0.8391585,0.12903437,0.9444393,0.4001198,-0.12291646,-0.022552988
0.9018506,0.9010257,0.99849045,0.99766773,0.6269416,0.63668984,0.22713925,0.21506931,0.2478369,0.2625132,0.6924739,0.10921512,0.00853068,0.0079736,0.93886083,0.3665363,0.89838547,0.73748755,0.52118623,0.890512,0.8981379,0.53078717,0.5340477,0.3470306,0.8511434,0.35077596,0.83915836,0.1290344,0.9444393,0.4001198,-0.122916445,-0.022553016
0.9018506,0.9010257,0.99849045,0.99766773,0.62694156,0.63668984,0.22713928,0.21506932,0.2478369,0.2625132,0.69247395,0.10921507,0.00853068,0.007973596,0.93886083,0.3665363,0.89838547,0.73748755,0.52118623,0.890512,0.8981379,0.53078717,0.53404766,0.34703052,0.8511435,0.35077596,0.8391585,0.12903436,0.9444392,0.40011984,-0.12291649,-0.022553045
0.9018506,0.9010257,0.99849045,0.99766773,0.6269416,0.63668984,0.22713925,0.21506931,0.24783693,0.26251322,0.6924739,0.10921512,0.00853068,0.007973596,0.93886083,0.36653635,0.89838547,0.7374876,0.52118623,0.890512,0.8981379,0.53078717,0.5340477,0.34703052,0.8511435,0.35077596,0.8391585,0.12903439,0.9444392,0.40011987,-0.12291652,-0.022553105
0.9018506,0.9010257,0.99849045,0.99766773,0.62694156,0.6366898,0.22713923,0.21506931,0.24783693,0.26251322,0.6924739,0.10921514,0.00853068,0.007973596,0.93886095,0.36653632,0.89838547,0.73748755,0.52118623,0.890512,0.8981379,0.53078717,0.53404766,0.34703052,0.8511435,0.35077596,0.8391585,0.12903443,0.9444392,0.4001198,-0.12291652,-0.02255309
0.9018506,0.9010257,0.99849045,0.99766773,0.6269416,0.63668984,0.22713923,0.21506931,0.24783693,0.26251325,0.6924739,0.10921514,0.00853068,0.007973596,0.93886095,0.36653635,0.89838547,0.7374876,0.52118623,0.890512,0.8981379,0.53078717,0.5340477,0.34703058,0.8511435,0.35077596,0.8391585,0.12903441,0.9444392,0.4001198,-0.12291652,-0.022553002
0.9018506,0.90102583,0.99849045,0.99766773,0.62694156,0.63668984,0.22713923,0.21506931,0.2478369,0.2625132,0.6924739,0.10921516,0.00853068,0.007973596,0.93886083,0.36653632,0.89838547,0.73748755,0.52118623,0.890512,0.8981379,0.53078717,0.5340477,0.34703052,0.8511435,0.35077596,0.8391585,0.12903443,0.9444393,0.40011978,-0.122916475,-0.02255306
0.9018506,0.9010257,0.99849045,0.99766773,0.62694156,0.63668984,0.22713923,0.21506931,0.24783693,0.26251325,0.6924739,0.10921512,0.00853068,0.007973596,0.93886095,0.36653635,0.89838547,0.7374876,0.52118623,0.890512,0.8981379,0.53078717,0.5340477,0.34703058,0.8511435,0.35077596,0.8391585,0.12903439,0.9444392,0.40011978,-0.12291652,-0.02255306
0.9018506,0.9010257,0.99849045,0.99766773,0.6269416,0.63668984,0.22713928,0.21506932,0.24783693,0.26251328,0.69247395,0.10921507,0.00853068,0.007973596,0.93886083,0.36653635,0.89838547,0.7374876,0.52118623,0.890512,0.8981379,0.53078717,0.53404766,0.34703052,0.8511435,0.35077596,0.8391585,0.12903441,0.9444392,0.40011978,-0.12291655,-0.022553105
0.9018506,0.90102583,0.99849045,0.99766773,0.62694156,0.63668984,0.22713925,0.21506932,0.24783693,0.26251325,0.6924738,0.10921516,0.00853068,0.007973596,0.93886095,0.36653632,0.89838547,0.73748755,0.52118623,0.890512,0.8981379,0.53078717,0.5340477,0.34703055,0.8511435,0.35077596,0.8391585,0.12903443,0.9444393,0.40011972,-0.12291649,-0.02255312
0.9018506,0.9010257,0.99849045,0.99766773,0.62694156,0.63668984,0.22713923,0.21506931,0.24783693,0.26251328,0.6924739,0.10921512,0.00853068,0.007973596,0.93886095,0.36653635,0.89838547,0.7374876,0.52118623,0.890512,0.8981379,0.53078717,0.5340477,0.34703052,0.8511435,0.3507759,0.8391585,0.12903443,0.9444393,0.40011972,-0.122916535,-0.02255315
0.9018506,0.9010257,0.99849045,0.99766773,0.6269416,0.63668984,0.22713928,0.21506932,0.24783693,0.26251325,0.692474,0.10921507,0.00853068,0.007973596,0.93886083,0.36653635,0.89838547,0.7374876,0.52118623,0.890512,0.8981379,0.53078717,0.53404766,0.34703052,0.8511435,0.3507759,0.8391585,0.12903441,0.9444392,0.40011975,-0.122916594,-0.022553165
0.9018506,0.90102583,0.99849045,0.99766773,0.6269416,0.63668984,0.22713928,0.21506935,0.2478369,0.26251322,0.6924739,0.10921512,0.00853068,0.0079736,0.93886083,0.36653632,0.89838547,0.73748755,0.52118623,0.890512,0.8981379,0.53078717,0.5340477,0.34703058,0.8511434,0.35077602,0.8391585,0.12903443,0.9444393,0.40011975,-0.12291658,-0.02255321
0.9018506,0.90102583,0.99849045,0.99766773,0.6269416,0.63668984,0.22713928,0.21506932,0.24783693,0.26251325,0.6924739,0.10921512,0.00853068,0.007973596,0.93886083,0.36653635,0.89838547,0.73748755,0.52118623,0.890512,0.8981379,0.53078717,0.5340477,0.34703058,0.8511435,0.35077596,0.8391585,0.12903441,0.9444393,0.4001198,-0.12291649,-0.02255321
0.9018506,0.9010257,0.99849045,0.99766773,0.6269416,0.63668984,0.22713928,0.21506932,0.24783693,0.26251322,0.69247395,0.10921507,0.00853068,0.007973596,0.93886083,0.36653635,0.89838547,0.7374876,0.52118623,0.890512,0.8981379,0.53078717,0.53404766,0.34703052,0.8511435,0.35077596,0.83915854,0.12903443,0.9444392,0.4001198,-0.12291661,-0.022553165
0.9018506,0.90102583,0.99849045,0.99766773,0.62694156,0.63668984,0.22713923,0.21506931,0.24783693,0.26251325,0.69247395,0.109215096,0.00853068,0.007973596,0.93886095,0.36653635,0.89838547,0.7374876,0.52118623,0.890512,0.8981379,0.53078717,0.5340477,0.34703058,0.8511435,0.35077596,0.8391585,0.12903443,0.9444392,0.40011978,-0.12291658,-0.022553135
0.9018506,0.9010257,0.99849045,0.99766773,0.6269416,0.63668984,0.22713923,0.21506931,0.2478369,0.2625132,0.6924739,0.10921516,0.008530675,0.007973596,0.93886095,0.36653635,0.89838547,0.7374876,0.52118623,0.890512,0.8981379,0.53078717,0.5340477,0.34703055,0.8511435,0.35077596,0.8391585,0.12903446,0.9444393,0.4001197,-0.122916564,-0.02255315
0.9018506,0.9010257,0.99849045,0.99766773,0.6269416,0.63668984,0.22713928,0.21506932,0.24783693,0.26251325,0.6924739,0.10921512,0.00853068,0.007973596,0.93886083,0.36653635,0.89838547,0.7374876,0.52118623,0.890512,0.8981379,0.53078717,0.5340477,0.34703058,0.8511435,0.35077596,0.8391585,0.12903441,0.9444392,0.4001198,-0.12291658,-0.022553135
0.9018506,0.9010257,0.99849045,0.99766773,0.6269416,0.63668984,0.22713928,0.21506935,0.24783693,0.26251325,0.6924739,0.10921512,0.00853068,0.0079736,0.93886083,0.36653635,0.89838547,0.7374876,0.52118623,0.890512,0.8981379,0.53078717,0.5340477,0.34703058,0.8511434,0.35077596,0.83915836,0.1290344,0.9444392,0.4001198,-0.12291655,-0.022553165
0.9018506,0.9010257,0.99849045,0.99766773,0.6269416,0.63668984,0.22713928,0.21506932,0.2478369,0.2625132,0.69247377,0.10921516,0.008530684,0.007973604,0.93886083,0.36653632,0.89838547,0.73748755,0.52118623,0.890512,0.8981379,0.5307872,0.5340477,0.34703058,0.8511434,0.35077596,0.83915836,0.1290344,0.9444393,0.40011975,-0.12291649,-0.02255318
0.9018506,0.9010257,0.99849045,0.99766773,0.6269416,0.63668984,0.22713925,0.21506931,0.2478369,0.26251322,0.6924739,0.10921514,0.00853068,0.007973596,0.93886083,0.36653635,0.89838547,0.7374876,0.52118623,0.890512,0.8981379,0.53078717,0.5340477,0.34703058,0.8511435,0.35077596,0.8391585,0.12903443,0.9444393,0.40011975,-0.122916594,-0.02255321
0.9018506,0.90102583,0.99849045,0.99766773,0.62694156,0.63668984,0.22713928,0.21506932,0.2478369,0.2625132,0.6924738,0.10921516,0.008530684,0.007973596,0.93886083,0.36653632,0.89838547,0.73748755,0.52118623,0.890512,0.8981378,0.53078717,0.53404766,0.34703058,0.8511434,0.35077596,0.83915836,0.12903441,0.9444393,0.4001198,-0.12291655,-0.022553224
0.9018506,0.90102583,0.99849045,0.99766773,0.6269416,0.63668984,0.22713925,0.21506931,0.24783687,0.2625132,0.69247377,0.10921516,0.00853068,0.007973604,0.93886083,0.36653632,0.89838547,0.73748755,0.52118623,0.890512,0.8981379,0.53078717,0.5340477,0.34703058,0.8511434,0.35077602,0.83915836,0.12903443,0.9444393,0.40011975,-0.122916535,-0.022553224
0.9018506,0.9010257,0.99849045,0.99766773,0.62694156,0.63668984,0.22713928,0.21506932,0.24783699,0.26251328,0.692474,0.10921507,0.00853068,0.007973596,0.93886083,0.36653635,0.89838547,0.7374876,0.5211862,0.890512,0.8981379,0.53078717,0.53404766,0.34703058,0.8511435,0.35077596,0.83915854,0.12903439,0.9444392,0.40011975,-0.122916624,-0.02255318
0.9018506,0.90102583,0.99849045,0.99766773,0.6269415,0.6366898,0.22713928,0.21506932,0.2478369,0.2625132,0.69247395,0.10921512,0.00853068,0.007973596,0.93886083,0.36653635,0.89838547,0.73748755,0.52118623,0.890512,0.8981379,0.53078717,0.5340477,0.34703052,0.8511435,0.35077596,0.8391585,0.12903443,0.9444393,0.40011978,-0.12291655,-0.02255321
0.9018506,0.90102583,0.99849045,0.99766773,0.6269416,0.63668984,0.22713923,0.21506931,0.24783687,0.26251316,0.69247365,0.10921523,0.008530672,0.007973596,0.93886095,0.36653632,0.89838547,0.73748755,0.52118623,0.890512,0.8981379,0.5307872,0.5340477,0.34703052,0.8511435,0.3507759,0.8391585,0.12903444,0.9444393,0.4001197,-0.12291643,-0.02255309
0.9018506,0.90102583,0.99849045,0.99766773,0.62694156,0.6366898,0.22713923,0.21506931,0.2478369,0.26251322,0.69247377,0.10921521,0.008530675,0.007973596,0.93886083,0.36653632,0.89838547,0.73748755,0.52118623,0.890512,0.8981379,0.53078717,0.5340477,0.34703052,0.8511435,0.35077596,0.8391585,0.12903441,0.9444393,0.40011978,-0.12291652,-0.02255306
0.9018506,0.9010257,0.99849045,0.99766773,0.62694156,0.63668984,0.22713928,0.21506932,0.24783693,0.26251322,0.69247395,0.10921512,0.00853068,0.007973593,0.93886083,0.36653635,0.89838547,0.7374876,0.52118623,0.890512,0.8981379,0.53078717,0.5340477,0.34703052,0.85114354,0.3507759,0.83915854,0.12903441,0.9444393,0.4001198,-0.12291655,-0.022553165
0.9018506,0.9010257,0.99849045,0.99766773,0.6269415,0.6366898,0.22713928,0.21506931,0.24783693,0.26251325,0.6924739,0.109215096,0.00853068,0.007973596,0.93886083,0.36653632,0.89838547,0.7374876,0.52118623,0.890512,0.8981379,0.53078717,0.5340477,0.34703058,0.8511435,0.35077596,0.8391585,0.12903439,0.9444393,0.40011975,-0.12291652,-0.02255315
0.9018506,0.9010257,0.99849045,0.99766773,0.62694156,0.63668984,0.22713928,0.21506932,0.24783687,0.26251316,0.6924739,0.10921514,0.00853068,0.007973596,0.93886083,0.3665363,0.89838547,0.73748755,0.5211862,0.890512,0.8981379,0.53078717,0.53404766,0.34703046,0.8511435,0.3507759,0.8391585,0.1290344,0.9444393,0.4001198,-0.122916475,-0.022553165
0.9018506,0.90102583,0.99849045,0.99766773,0.6269416,0.63668984,0.22713928,0.21506931,0.24783687,0.26251316,0.6924739,0.10921512,0.008530684,0.0079736,0.93886083,0.3665363,0.89838547,0.73748755,0.52118623,0.890512,0.8981379,0.53078717,0.5340477,0.34703058,0.8511434,0.35077602,0.8391585,0.12903443,0.9444393,0.4001199,-0.12291649,-0.022553165
0.9018506,0.90102583,0.99849045,0.99766773,0.6269416,0.63668984,0.22713923,0.21506931,0.24783687,0.26251316,0.69247377,0.10921521,0.008530675,0.007973596,0.93886083,0.36653632,0.89838547,0.73748755,0.52118623,0.890512,0.8981379,0.5307872,0.5340477,0.34703055,0.8511435,0.35077596,0.8391585,0.12903441,0.9444393,0.40011978,-0.12291643,-0.022553135
0.9018506,0.9010257,0.99849045,0.99766773,0.6269416,0.63668984,0.22713923,0.21506931,0.24783687,0.26251316,0.69247377,0.10921516,0.00853068,0.007973596,0.93886083,0.36653635,0.89838547,0.73748755,0.52118623,0.890512,0.8981379,0.53078717,0.5340477,0.34703052,0.8511435,0.35077596,0.8391585,0.12903443,0.9444393,0.40011987,-0.122916445,-0.022553165
0.9018506,0.90102583,0.99849045,0.99766773,0.6269416,0.63668984,0.22713928,0.21506931,0.24783687,0.26251316,0.6924738,0.10921516,0.00853068,0.007973596,0.93886083,0.3665363,0.89838547,0.73748755,0.52118623,0.890512,0.8981379,0.53078717,0.5340477,0.34703052,0.8511435,0.35077596,0.8391585,0.12903443,0.9444393,0.40011987,-0.122916445,-0.02255306
0.9018506,0.9010257,0.99849045,0.99766773,0.6269416,0.63668984,0.22713923,0.21506931,0.2478369,0.2625132,0.6924739,0.10921512,0.00853068,0.007973596,0.93886083,0.36653632,0.89838547,0.7374876,0.52118623,0.890512,0.8981379,0.5307872,0.5340477,0.34703058,0.8511435,0.35077602,0.8391585,0.12903443,0.9444393,0.40011987,-0.122916475,-0.022553045
0.9018506,0.9010257,0.99849045,0.99766773,0.6269416,0.63668984,0.22713928,0.21506932,0.2478369,0.26251322,0.69247395,0.10921507,0.008530684,0.0079736,0.93886083,0.36653635,0.89838547,0.73748755,0.52118623,0.890512,0.8981379,0.53078717,0.5340477,0.34703058,0.8511435,0.35077596,0.8391585,0.12903439,0.9444392,0.4001199,-0.122916475,-0.022553045
0.9018506,0.9010257,0.99849045,0.99766773,0.6269416,0.63668984,0.22713925,0.21506931,0.2478369,0.26251316,0.69247395,0.10921507,0.00853068,0.007973596,0.93886083,0.3665363,0.89838547,0.73748755,0.52118623,0.890512,0.8981379,0.53078717,0.5340477,0.34703055,0.8511435,0.35077596,0.8391585,0.12903439,0.9444393,0.4001199,-0.12291649,-0.022553075
0.9018506,0.9010257,0.99849045,0.99766773,0.6269416,0.63668984,0.22713928,0.21506931,0.24783687,0.2625132,0.6924739,0.10921512,0.00853068,0.0079736,0.93886083,0.3665363,0.89838547,0.73748755,0.52118623,0.890512,0.8981379,0.53078717,0.5340477,0.3470306,0.8511435,0.35077596,0.8391585,0.12903441,0.9444393,0.40011987,-0.12291646,-0.02255306
0.9018506,0.9010257,0.99849045,0.99766773,0.6269416,0.63668984,0.22713925,0.21506931,0.2478369,0.2625132,0.6924739,0.10921512,0.00853068,0.007973596,0.93886083,0.36653632,0.89838547,0.73748755,0.52118623,0.890512,0.8981379,0.53078717,0.5340477,0.34703058,0.8511435,0.35077602,0.8391585,0.12903439,0.9444393,0.40011984,-0.12291649,-0.02255309
0.9018506,0.9010257,0.99849045,0.99766773,0.6269416,0.63668984,0.22713928,0.21506932,0.2478369,0.2625132,0.6924739,0.10921512,0.00853068,0.007973596,0.93886083,0.3665363,0.89838547,0.73748755,0.52118623,0.890512,0.8981379,0.53078717,0.5340477,0.34703058,0.8511434,0.35077596,0.8391585,0.12903441,0.9444393,0.40011987,-0.122916535,-0.02255306
0.9018506,0.9010257,0.99849045,0.99766773,0.6269416,0.63668984,0.22713928,0.21506932,0.2478369,0.26251322,0.692474,0.109215096,0.00853068,0.007973596,0.93886083,0.3665363,0.89838547,0.73748755,0.5211862,0.890512,0.8981379,0.53078717,0.53404766,0.34703058,0.8511435,0.35077596,0.8391585,0.1290344,0.9444392,0.40011987,-0.12291655,-0.022553075
0.9018506,0.9010257,0.99849045,0.99766773,0.6269416,0.63668984,0.22713925,0.21506931,0.24783693,0.26251328,0.69247395,0.10921507,0.00853068,0.007973596,0.93886083,0.36653635,0.89838547,0.73748755,0.52118623,0.890512,0.8981379,0.53078717,0.5340477,0.34703055,0.8511435,0.35077596,0.8391585,0.12903439,0.9444392,0.40011984,-0.12291655,-0.022553105
0.9018506,0.9010257,0.99849045,0.99766773,0.62694156,0.63668984,0.22713928,0.21506932,0.24783693,0.26251325,0.6924739,0.10921512,0.00853068,0.007973596,0.93886095,0.36653632,0.89838547,0.73748755,0.52118623,0.890512,0.8981379,0.53078717,0.5340477,0.34703058,0.8511435,0.35077596,0.8391585,0.12903443,0.9444393,0.4001198,-0.12291655,-0.022553105
0.9018506,0.90102583,0.99849045,0.99766773,0.6269416,0.6366898,0.22713923,0.21506931,0.24783693,0.26251325,0.69247377,0.10921516,0.00853068,0.007973596,0.93886095,0.3665363,0.89838547,0.73748755,0.52118623,0.890512,0.8981379,0.53078717,0.5340477,0.34703058,0.8511435,0.35077596,0.8391585,0.12903441,0.9444392,0.4001198,-0.122916564,-0.02255312
0.9018506,0.9010257,0.99849045,0.99766773,0.6269416,0.63668984,0.22713925,0.21506931,0.2478369,0.2625132,0.69247377,0.109215185,0.008530684,0.0079736,0.93886083,0.3665363,0.89838547,0.73748755,0.52118623,0.890512,0.8981379,0.53078717,0.5340477,0.3470306,0.8511434,0.35077602,0.83915836,0.12903443,0.9444393,0.4001198,-0.122916535,-0.022553135
0.9018506,0.9010257,0.99849045,0.99766773,0.62694156,0.63668984,0.22713928,0.21506932,0.24783693,0.26251325,0.6924739,0.10921512,0.00853068,0.007973596,0.93886083,0.36653632,0.89838547,0.73748755,0.52118623,0.8905121,0.8981379,0.53078717,0.53404766,0.34703058,0.8511435,0.35077596,0.8391585,0.12903443,0.9444392,0.40011984,-0.12291652,-0.02255321
0.9018506,0.9010257,0.99849045,0.99766773,0.6269416,0.63668984,0.22713925,0.21506931,0.24783693,0.26251325,0.6924739,0.109215096,0.00853068,0.0079736,0.93886083,0.36653635,0.89838547,0.7374876,0.52118623,0.890512,0.8981379,0.53078717,0.5340477,0.34703058,0.8511435,0.35077596,0.8391585,0.12903441,0.9444392,0.4001198,-0.12291658,-0.022553165
0.9018506,0.9010257,0.99849045,0.99766773,0.62694156,0.63668984,0.22713928,0.21506932,0.24783693,0.26251322,0.69247395,0.10921512,0.00853068,0.007973596,0.93886083,0.36653635,0.89838547,0.73748755,0.5211862,0.890512,0.8981379,0.53078717,0.53404766,0.34703058,0.8511435,0.35077596,0.8391585,0.12903439,0.9444393,0.4001198,-0.12291652,-0.022553135
0.9018506,0.9010257,0.99849045,0.99766773,0.6269416,0.63668984,0.22713928,0.21506932,0.24783693,0.26251328,0.69247395,0.109215096,0.00853068,0.007973596,0.93886083,0.36653635,0.89838547,0.7374876,0.52118623,0.890512,0.8981379,0.53078717,0.5340477,0.34703055,0.8511435,0.35077596,0.83915854,0.12903437,0.9444392,0.40011984,-0.12291655,-0.022553165
0.9018506,0.9010257,0.99849045,0.99766773,0.6269416,0.63668984,0.22713928,0.21506932,0.2478369,0.2625132,0.6924739,0.10921512,0.00853068,0.0079736,0.93886083,0.36653632,0.89838547,0.73748755,0.5211862,0.890512,0.8981379,0.53078717,0.53404766,0.34703058,0.8511435,0.35077596,0.8391585,0.12903439,0.9444392,0.4001198,-0.12291658,-0.022553105
0.9018506,0.9010257,0.99849045,0.99766773,0.6269416,0.63668984,0.22713928,0.21506932,0.2478369,0.26251322,0.69247377,0.10921514,0.00853068,0.0079736,0.93886083,0.36653632,0.89838547,0.7374876,0.52118623,0.890512,0.8981379,0.53078717,0.5340477,0.34703058,0.8511435,0.35077596,0.8391585,0.12903439,0.9444393,0.40011984,-0.12291658,-0.022553105
0.9018506,0.9010257,0.99849045,0.99766773,0.6269416,0.63668984,0.22713928,0.21506932,0.24783687,0.2625132,0.69247377,0.109215185,0.00853068,0.007973596,0.93886083,0.36653632,0.89838547,0.73748755,0.52118623,0.890512,0.8981379,0.53078717,0.5340477,0.34703055,0.8511435,0.3507759,0.8391585,0.12903443,0.9444393,0.40011984,-0.12291655,-0.02255315
0.9018506,0.90102583,0.99849045,0.99766773,0.62694156,0.63668984,0.22713925,0.21506931,0.24783687,0.26251316,0.6924737,0.10921521,0.00853068,0.007973596,0.93886083,0.36653635,0.89838547,0.73748755,0.52118623,0.890512,0.8981379,0.53078717,0.5340477,0.34703052,0.8511435,0.3507759,0.8391585,0.12903443,0.9444393,0.40011984,-0.12291652,-0.022553135
0.9018506,0.9010257,0.99849045,0.99766773,0.6269416,0.63668984,0.22713923,0.21506931,0.2478369,0.26251325,0.6924738,0.10921514,0.00853068,0.007973596,0.93886083,0.36653635,0.89838547,0.7374876,0.52118623,0.890512,0.8981379,0.53078717,0.5340477,0.34703058,0.8511435,0.35077602,0.8391585,0.12903441,0.9444392,0.4001199,-0.12291652,-0.02255309
0.9018506,0.9010257,0.99849045,0.99766773,0.6269416,0.63668984,0.22713928,0.21506931,0.2478369,0.2625132,0.6924739,0.10921512,0.00853068,0.007973596,0.93886083,0.36653632,0.89838547,0.7374876,0.52118623,0.890512,0.8981379,0.53078717,0.5340477,0.34703058,0.8511434,0.35077602,0.8391585,0.12903439,0.9444392,0.40011984,-0.12291655,-0.02255309
0.9018506,0.9010257,0.99849045,0.99766773,0.62694156,0.63668984,0.22713928,0.21506935,0.24783687,0.26251316,0.6924738,0.10921516,0.00853068,0.0079736,0.93886083,0.36653632,0.89838547,0.73748755,0.52118623,0.890512,0.8981378,0.53078717,0.5340477,0.34703058,0.8511434,0.35077596,0.83915836,0.12903441,0.9444393,0.40011984,-0.12291655,-0.022553105
0.9018506,0.90102583,0.99849045,0.99766773,0.6269416,0.63668984,0.22713928,0.21506932,0.24783687,0.26251316,0.6924738,0.10921516,0.00853068,0.0079736,0.93886083,0.36653635,0.89838547,0.73748755,0.52118623,0.890512,0.8981378,0.53078717,0.5340477,0.34703052,0.8511435,0.35077596,0.8391585,0.12903439,0.9444393,0.4001198,-0.12291652,-0.02255315
0.9018506,0.9010257,0.99849045,0.99766773,0.6269416,0.63668984,0.22713928,0.21506932,0.2478369,0.2625132,0.6924739,0.10921512,0.00853068,0.007973596,0.93886083,0.36653632,0.89838547,0.73748755,0.52118623,0.890512,0.8981379,0.53078717,0.53404766,0.34703058,0.8511435,0.35077596,0.8391585,0.12903439,0.9444392,0.4001198,-0.12291655,-0.022553135
0.9018506,0.9010257,0.99849045,0.99766773,0.62694156,0.63668984,0.22713928,0.21506931,0.2478369,0.26251322,0.6924739,0.10921512,0.00853068,0.007973596,0.93886083,0.36653635,0.89838547,0.7374876,0.52118623,0.890512,0.8981379,0.53078717,0.5340477,0.34703052,0.8511435,0.3507759,0.83915854,0.12903437,0.9444392,0.40011984,-0.12291655,-0.022553165
0.9018506,0.9010257,0.99849045,0.99766773,0.62694156,0.63668984,0.22713925,0.21506931,0.24783693,0.26251322,0.6924738,0.10921514,0.00853068,0.007973596,0.93886083,0.36653635,0.89838547,0.7374876,0.52118623,0.890512,0.8981379,0.53078717,0.5340477,0.34703052,0.8511435,0.35077596,0.8391585,0.1290344,0.9444392,0.40011978,-0.12291658,-0.022553165
0.9018506,0.90102583,0.99849045,0.99766773,0.62694156,0.6366898,0.22713923,0.21506931,0.24783687,0.26251316,0.6924737,0.10921521,0.00853068,0.0079736,0.93886083,0.3665363,0.89838547,0.73748755,0.52118623,0.890512,0.8981379,0.53078717,0.5340477,0.34703058,0.8511435,0.35077596,0.83915836,0.12903441,0.9444393,0.40011987,-0.122916535,-0.02255309
0.9018506,0.90102583,0.99849045,0.99766773,0.6269416,0.63668984,0.22713923,0.21506931,0.2478369,0.2625132,0.6924738,0.10921516,0.00853068,0.007973596,0.93886083,0.36653635,0.89838547,0.73748755,0.52118623,0.890512,0.8981379,0.5307872,0.5340477,0.34703058,0.8511435,0.35077596,0.8391585,0.12903443,0.9444393,0.40011987,-0.12291652,-0.02255309
0.9018506,0.9010257,0.99849045,0.99766773,0.62694156,0.63668984,0.22713928,0.21506932,0.24783687,0.2625132,0.6924739,0.10921512,0.008530684,0.0079736,0.93886083,0.36653632,0.89838547,0.7374876,0.52118623,0.890512,0.8981379,0.53078717,0.5340477,0.34703058,0.8511435,0.35077596,0.8391585,0.1290344,0.9444392,0.40011984,-0.12291655,-0.02255309
0.9018506,0.9010257,0.99849045,0.99766773,0.6269415,0.63668984,0.22713928,0.21506931,0.24783693,0.26251322,0.6924739,0.10921512,0.00853068,0.007973593,0.93886083,0.36653635,0.89838547,0.7374876,0.52118623,0.890512,0.8981379,0.53078717,0.5340477,0.34703052,0.8511435,0.3507759,0.83915854,0.1290344,0.9444392,0.4001198,-0.122916564,-0.02255318
0.9018506,0.9010257,0.99849045,0.99766773,0.6269416,0.63668984,0.22713925,0.21506931,0.24783687,0.2625132,0.6924739,0.10921514,0.00853068,0.007973596,0.93886083,0.36653632,0.89838547,0.73748755,0.52118623,0.890512,0.8981379,0.53078717,0.5340477,0.34703058,0.8511435,0.35077596,0.8391585,0.12903443,0.9444393,0.4001199,-0.122916564,-0.022553194
0.9018506,0.9010257,0.99849045,0.99766773,0.6269416,0.63668984,0.22713928,0.21506931,0.24783687,0.2625132,0.6924738,0.10921514,0.008530684,0.007973596,0.93886083,0.36653632,0.89838547,0.7374876,0.52118623,0.890512,0.8981379,0.53078717,0.5340477,0.34703058,0.8511435,0.35077596,0.8391585,0.12903439,0.9444392,0.40011987,-0.12291658,-0.022553239
0.9018506,0.9010257,0.99849045,0.99766773,0.6269416,0.63668984,0.22713928,0.21506932,0.2478369,0.2625132,0.6924739,0.10921512,0.008530684,0.0079736,0.93886083,0.36653632,0.89838547,0.7374876,0.52118623,0.890512,0.8981379,0.53078717,0.53404766,0.3470306,0.8511434,0.35077602,0.8391585,0.12903439,0.9444392,0.40011987,-0.122916564,-0.02255321
0.9018506,0.90102583,0.99849045,0.99766773,0.6269416,0.63668984,0.22713928,0.21506931,0.24783687,0.2625132,0.69247377,0.109215185,0.00853068,0.007973596,0.93886083,0.3665363,0.89838547,0.73748755,0.52118623,0.890512,0.8981379,0.53078717,0.5340477,0.34703058,0.8511435,0.3507759,0.8391585,0.12903441,0.9444393,0.40011987,-0.12291652,-0.022553135
0.9018506,0.9010257,0.99849045,0.99766773,0.6269416,0.63668984,0.22713923,0.21506926,0.2478369,0.26251322,0.6924739,0.10921514,0.00853068,0.007973596,0.93886095,0.36653635,0.89838547,0.7374876,0.52118623,0.890512,0.8981379,0.53078717,0.5340477,0.34703058,0.8511435,0.35077596,0.8391585,0.12903443,0.9444392,0.40011984,-0.12291655,-0.022553135
0.9018506,0.9010257,0.99849045,0.99766773,0.6269416,0.63668984,0.22713928,0.21506931,0.24783699,0.26251328,0.692474,0.10921501,0.00853068,0.007973593,0.93886083,0.36653635,0.89838547,0.7374876,0.5211862,0.890512,0.8981379,0.53078717,0.5340477,0.34703052,0.8511435,0.3507759,0.83915854,0.1290344,0.9444392,0.4001198,-0.12291658,-0.02255315
0.9018506,0.9010257,0.99849045,0.99766773,0.6269415,0.63668984,0.22713932,0.21506937,0.24783687,0.26251316,0.69247395,0.109215096,0.008530684,0.007973596,0.93886083,0.3665363,0.89838547,0.73748755,0.52118623,0.890512,0.8981378,0.53078717,0.53404766,0.34703058,0.8511435,0.35077596,0.8391585,0.12903441,0.9444392,0.4001198,-0.12291649,-0.02255315
0.9018506,0.9010257,0.99849045,0.99766773,0.6269416,0.63668984,0.22713928,0.21506931,0.2478369,0.26251322,0.6924739,0.10921514,0.008530675,0.007973596,0.93886083,0.36653635,0.89838547,0.7374876,0.52118623,0.890512,0.8981379,0.53078717,0.5340477,0.34703052,0.8511435,0.3507759,0.8391585,0.12903444,0.9444393,0.4001198,-0.12291655,-0.02255312
0.9018506,0.9010257,0.99849045,0.99766773,0.6269416,0.63668984,0.22713928,0.21506932,0.2478369,0.2625132,0.6924739,0.10921512,0.00853068,0.007973596,0.93886083,0.36653632,0.89838547,0.73748755,0.52118623,0.890512,0.8981379,0.53078717,0.5340477,0.34703055,0.8511435,0.35077596,0.8391585,0.1290344,0.9444393,0.40011984,-0.122916535,-0.02255315
0.9018506,0.9010257,0.99849045,0.99766773,0.6269416,0.63668984,0.22713928,0.21506932,0.24783693,0.26251325,0.69247395,0.109215096,0.00853068,0.007973596,0.93886083,0.36653635,0.89838547,0.7374876,0.52118623,0.890512,0.8981379,0.53078717,0.53404766,0.34703052,0.8511435,0.3507759,0.83915854,0.12903439,0.9444392,0.40011987,-0.122916535,-0.022553194
0.9018506,0.9010257,0.99849045,0.99766773,0.62694156,0.63668984,0.22713928,0.21506932,0.24783693,0.26251325,0.692474,0.10921505,0.00853068,0.007973593,0.93886083,0.36653635,0.89838547,0.7374876,0.52118623,0.890512,0.8981379,0.53078717,0.53404766,0.3470305,0.85114354,0.3507759,0.83915854,0.12903441,0.9444392,0.4001198,-0.12291652,-0.02255321
0.9018506,0.90102583,0.99849045,0.99766773,0.62694156,0.63668984,0.22713928,0.21506932,0.24783687,0.26251316,0.6924739,0.10921514,0.00853068,0.0079736,0.93886083,0.36653632,0.89838547,0.73748755,0.52118623,0.890512,0.8981379,0.53078717,0.53404766,0.34703052,0.8511435,0.3507759,0.8391585,0.12903443,0.9444393,0.40011987,-0.122916415,-0.022553165
0.9018506,0.9010257,0.99849045,0.99766773,0.62694156,0.63668984,0.22713928,0.21506931,0.24783687,0.2625132,0.6924739,0.10921514,0.00853068,0.007973596,0.93886083,0.36653632,0.89838547,0.7374876,0.5211862,0.890512,0.8981379,0.53078717,0.5340477,0.34703052,0.8511435,0.3507759,0.8391585,0.12903441,0.9444392,0.4001199,-0.12291643,-0.02255312
0.9018506,0.9010257,0.99849045,0.99766773,0.6269416,0.63668984,0.22713928,0.21506932,0.2478369,0.2625132,0.6924739,0.10921512,0.008530675,0.007973596,0.93886083,0.36653635,0.89838547,0.7374876,0.52118623,0.890512,0.8981379,0.53078717,0.5340477,0.34703055,0.8511435,0.35077596,0.8391585,0.12903443,0.9444392,0.4001199,-0.122916475,-0.022553135
0.9018506,0.90102583,0.99849045,0.99766773,0.6269416,0.63668984,0.22713923,0.21506931,0.24783687,0.26251316,0.6924739,0.10921512,0.00853068,0.007973596,0.93886083,0.36653632,0.89838547,0.7374876,0.52118623,0.890512,0.8981379,0.53078717,0.5340477,0.34703055,0.8511435,0.3507759,0.8391585,0.12903447,0.9444392,0.40011984,-0.12291643,-0.02255312
0.9018506,0.9010257,0.99849045,0.99766773,0.6269416,0.63668984,0.22713923,0.21506931,0.24783687,0.2625132,0.6924739,0.10921512,0.00853068,0.007973596,0.93886083,0.36653632,0.89838547,0.7374876,0.52118623,0.890512,0.8981379,0.53078717,0.53404766,0.34703055,0.8511435,0.35077596,0.8391585,0.12903443,0.9444392,0.40011987,-0.122916475,-0.022553045
0.9018506,0.9010257,0.99849045,0.99766773,0.6269416,0.63668984,0.22713928,0.21506932,0.2478369,0.26251316,0.6924739,0.10921512,0.00853068,0.0079736,0.93886083,0.36653635,0.89838547,0.73748755,0.52118623,0.890512,0.8981379,0.53078717,0.5340477,0.34703058,0.8511435,0.35077596,0.8391585,0.1290344,0.9444392,0.40011987,-0.122916475,-0.022553105
0.9018506,0.9010257,0.99849045,0.99766773,0.6269416,0.63668984,0.22713928,0.21506932,0.2478369,0.2625132,0.6924739,0.10921514,0.00853068,0.0079736,0.93886083,0.36653632,0.89838547,0.73748755,0.52118623,0.890512,0.8981379,0.53078717,0.5340477,0.34703058,0.8511434,0.35077596,0.8391585,0.12903437,0.9444393,0.40011984,-0.12291652,-0.022553075
0.9018506,0.9010257,0.99849045,0.99766773,0.6269416,0.63668984,0.22713925,0.21506932,0.24783699,0.26251328,0.692474,0.109215096,0.00853068,0.007973596,0.93886095,0.36653635,0.89838547,0.7374876,0.52118623,0.890512,0.8981379,0.53078717,0.5340477,0.34703052,0.8511435,0.3507759,0.8391585,0.12903439,0.9444392,0.40011978,-0.122916535,-0.02255315
0.9018506,0.9010257,0.99849045,0.99766773,0.6269416,0.63668984,0.22713925,0.21506932,0.24783693,0.2625132,0.69247395,0.10921512,0.008530675,0.007973593,0.93886083,0.36653632,0.89838547,0.7374876,0.52118623,0.890512,0.8981379,0.53078717,0.5340477,0.34703052,0.85114354,0.3507759,0.83915854,0.12903443,0.9444392,0.40011978,-0.12291652,-0.022553165
0.9018506,0.90102583,0.99849045,0.99766773,0.6269415,0.6366898,0.22713923,0.21506931,0.24783693,0.26251325,0.6924739,0.10921512,0.008530675,0.007973596,0.93886095,0.36653635,0.89838547,0.7374876,0.52118623,0.890512,0.8981379,0.53078717,0.5340477,0.34703058,0.8511435,0.35077596,0.8391585,0.12903443,0.9444392,0.40011978,-0.122916564,-0.022553135
0.9018506,0.9010257,0.99849045,0.99766773,0.6269416,0.63668984,0.22713925,0.21506931,0.24783693,0.26251325,0.6924739,0.10921512,0.00853068,0.007973596,0.93886095,0.36653632,0.89838547,0.73748755,0.52118623,0.890512,0.8981379,0.53078717,0.5340477,0.34703058,0.8511435,0.35077602,0.8391585,0.12903441,0.9444393,0.4001198,-0.12291655,-0.022553135
0.9018506,0.9010257,0.99849045,0.99766773,0.62694156,0.63668984,0.22713928,0.21506931,0.24783693,0.26251325,0.69247395,0.109215096,0.00853068,0.007973596,0.93886083,0.36653635,0.89838547,0.7374876,0.52118623,0.890512,0.8981379,0.53078717,0.5340477,0.34703058,0.8511435,0.35077596,0.8391585,0.12903441,0.9444392,0.4001198,-0.122916594,-0.02255315
0.9018506,0.9010257,0.99849045,0.99766773,0.6269416,0.63668984,0.22713928,0.21506932,0.24783693,0.26251325,0.69247395,0.10921512,0.00853068,0.007973596,0.93886083,0.36653635,0.89838547,0.7374876,0.52118623,0.890512,0.8981379,0.53078717,0.5340477,0.34703058,0.8511435,0.35077596,0.8391585,0.12903441,0.9444393,0.4001198,-0.12291655,-0.022553239
0.9018506,0.9010257,0.99849045,0.99766773,0.6269416,0.63668984,0.22713928,0.21506931,0.24783693,0.26251325,0.6924739,0.10921512,0.00853068,0.007973596,0.93886083,0.36653632,0.89838547,0.73748755,0.5211862,0.890512,0.8981379,0.53078717,0.53404766,0.34703058,0.8511435,0.35077596,0.8391585,0.12903439,0.9444393,0.4001198,-0.122916535,-0.02255318
0.9018506,0.9010257,0.99849045,0.99766773,0.6269416,0.63668984,0.22713928,0.21506932,0.24783693,0.26251328,0.692474,0.10921507,0.00853068,0.007973596,0.93886083,0.36653635,0.89838547,0.7374876,0.52118623,0.890512,0.8981379,0.53078717,0.53404766,0.34703052,0.8511435,0.35077596,0.8391585,0.12903441,0.9444392,0.40011984,-0.12291661,-0.022553254
0.9018506,0.9010257,0.99849045,0.99766773,0.62694156,0.63668984,0.22713928,0.21506932,0.24783687,0.2625132,0.69247395,0.10921512,0.00853068,0.007973596,0.93886083,0.36653632,0.89838547,0.73748755,0.5211862,0.890512,0.8981379,0.53078717,0.53404766,0.34703052,0.8511435,0.3507759,0.83915854,0.12903439,0.9444393,0.40011984,-0.12291652,-0.02255321
0.9018506,0.9010257,0.99849045,0.99766773,0.6269416,0.6366898,0.22713928,0.21506931,0.24783693,0.26251325,0.69247395,0.10921507,0.008530675,0.007973588,0.93886083,0.36653635,0.89838547,0.7374876,0.52118623,0.890512,0.8981379,0.53078717,0.53404766,0.34703052,0.85114354,0.3507759,0.83915854,0.1290344,0.9444392,0.4001198,-0.12291661,-0.02255321
0.9018506,0.9010257,0.99849045,0.99766773,0.6269416,0.63668984,0.22713928,0.21506932,0.24783687,0.26251316,0.6924739,0.10921512,0.00853068,0.007973596,0.93886083,0.36653635,0.89838547,0.7374876,0.52118623,0.890512,0.8981379,0.53078717,0.5340477,0.34703052,0.8511435,0.3507759,0.8391585,0.12903441,0.9444393,0.40011984,-0.122916535,-0.022553254
0.9018506,0.9010257,0.99849045,0.99766773,0.6269416,0.63668984,0.22713928,0.21506932,0.24783687,0.26251316,0.6924738,0.10921516,0.00853068,0.007973596,0.93886083,0.36653632,0.89838547,0.73748755,0.52118623,0.890512,0.8981379,0.53078717,0.5340477,0.3470305,0.8511435,0.3507759,0.8391585,0.12903439,0.9444393,0.4001199,-0.12291649,-0.022553239
0.9018506,0.90102583,0.99849045,0.99766773,0.6269416,0.63668984,0.22713925,0.21506931,0.24783687,0.2625132,0.6924739,0.10921514,0.00853068,0.007973596,0.93886083,0.36653635,0.89838547,0.73748755,0.52118623,0.890512,0.8981379,0.53078717,0.5340477,0.34703052,0.8511435,0.3507759,0.8391585,0.12903443,0.9444393,0.40011984,-0.12291652,-0.02255321
0.9018506,0.9010257,0.99849045,0.99766773,0.62694156,0.63668984,0.22713925,0.21506931,0.24783687,0.26251316,0.6924739,0.10921514,0.00853068,0.007973596,0.93886083,0.36653635,0.89838547,0.73748755,0.5211862,0.890512,0.8981379,0.53078717,0.53404766,0.34703052,0.8511435,0.3507759,0.8391585,0.12903443,0.9444392,0.4001199,-0.12291649,-0.022553224
0.9018506,0.9010257,0.99849045,0.99766773,0.62694156,0.63668984,0.22713923,0.21506931,0.2478369,0.26251322,0.6924739,0.10921512,0.00853068,0.007973593,0.93886083,0.36653635,0.89838547,0.7374876,0.52118623,0.890512,0.8981379,0.53078717,0.5340477,0.34703052,0.85114354,0.3507759,0.83915854,0.12903441,0.9444392,0.40011987,-0.12291655,-0.022553224
0.9018506,0.90102583,0.99849045,0.99766773,0.62694156,0.63668984,0.22713925,0.21506931,0.24783687,0.2625132,0.6924739,0.10921514,0.00853068,0.007973596,0.93886083,0.36653635,0.89838547,0.7374876,0.52118623,0.890512,0.8981379,0.53078717,0.5340477,0.34703052,0.8511435,0.3507759,0.83915854,0.12903443,0.9444392,0.40011984,-0.12291655,-0.02255318
0.9018506,0.9010257,0.99849045,0.99766773,0.6269416,0.63668984,0.22713928,0.21506932,0.24783687,0.26251316,0.6924738,0.10921516,0.00853068,0.007973596,0.93886083,0.36653635,0.89838547,0.73748755,0.52118623,0.890512,0.8981379,0.53078717,0.5340477,0.34703052,0.8511435,0.3507759,0.8391585,0.12903443,0.9444393,0.40011984,-0.12291643,-0.022553135
0.9018506,0.9010257,0.99849045,0.99766773,0.6269416,0.63668984,0.22713928,0.21506932,0.24783687,0.26251316,0.69247377,0.10921514,0.00853068,0.007973596,0.93886083,0.36653632,0.89838547,0.73748755,0.52118623,0.890512,0.8981379,0.53078717,0.5340477,0.34703052,0.8511435,0.3507759,0.8391585,0.12903443,0.9444393,0.40011987,-0.122916445,-0.02255312
0.9018506,0.9010257,0.99849045,0.99766773,0.62694156,0.63668984,0.22713928,0.21506932,0.2478369,0.2625132,0.6924739,0.10921512,0.008530684,0.007973596,0.93886083,0.36653632,0.89838547,0.73748755,0.52118623,0.890512,0.8981379,0.53078717,0.5340477,0.34703058,0.8511435,0.35077596,0.8391585,0.12903441,0.9444392,0.40011987,-0.122916445,-0.02255309
0.9018506,0.9010257,0.99849045,0.99766773,0.6269416,0.63668984,0.22713928,0.21506932,0.24783684,0.26251316,0.6924739,0.10921516,0.008530684,0.007973604,0.93886083,0.3665363,0.89838547,0.73748755,0.52118623,0.890512,0.8981378,0.53078717,0.5340477,0.34703058,0.8511434,0.35077596,0.83915836,0.12903444,0.9444393,0.4001199,-0.12291646,-0.022553045
0.9018506,0.90102583,0.99849045,0.99766773,0.62694156,0.63668984,0.22713925,0.21506931,0.24783687,0.26251316,0.6924738,0.10921516,0.00853068,0.007973596,0.93886083,0.3665363,0.89838547,0.73748755,0.52118623,0.890512,0.8981379,0.53078717,0.5340477,0.34703052,0.8511435,0.35077596,0.8391585,0.1290344,0.9444393,0.40011987,-0.12291646,-0.022553045
0.9018506,0.9010257,0.99849045,0.99766773,0.6269416,0.63668984,0.22713923,0.21506931,0.24783693,0.26251322,0.69247395,0.109215096,0.00853068,0.007973596,0.93886083,0.36653632,0.89838547,0.73748755,0.52118623,0.890512,0.8981379,0.53078717,0.5340477,0.34703058,0.8511435,0.35077596,0.8391585,0.1290344,0.9444393,0.40011984,-0.122916535,-0.02255303
0.9018506,0.9010257,0.99849045,0.99766773,0.6269416,0.63668984,0.22713928,0.21506932,0.2478369,0.2625132,0.69247395,0.109215096,0.00853068,0.007973596,0.93886083,0.36653635,0.89838547,0.7374876,0.52118623,0.890512,0.8981379,0.53078717,0.5340477,0.34703058,0.8511434,0.35077602,0.8391585,0.12903441,0.9444392,0.40011978,-0.12291652,-0.022553075
0.9018506,0.9010257,0.99849045,0.99766773,0.6269416,0.63668984,0.22713923,0.21506931,0.24783693,0.26251328,0.6924739,0.10921514,0.00853068,0.007973596,0.93886095,0.36653635,0.89838547,0.7374876,0.52118623,0.890512,0.8981379,0.53078717,0.5340477,0.34703058,0.8511435,0.35077596,0.8391585,0.1290344,0.9444392,0.4001198,-0.122916505,-0.022553075
0.9018506,0.9010257,0.99849045,0.99766773,0.6269416,0.63668984,0.22713928,0.21506931,0.24783693,0.26251322,0.69247377,0.109215185,0.00853068,0.007973596,0.93886083,0.36653632,0.89838547,0.73748755,0.52118623,0.890512,0.8981379,0.53078717,0.5340477,0.34703052,0.8511435,0.3507759,0.8391585,0.12903439,0.9444393,0.40011972,-0.122916535,-0.02255303
0.9018506,0.9010257,0.99849045,0.99766773,0.6269416,0.63668984,0.22713925,0.21506932,0.24783693,0.26251325,0.6924739,0.10921512,0.00853068,0.007973596,0.93886095,0.36653632,0.89838547,0.73748755,0.52118623,0.890512,0.8981379,0.53078717,0.5340477,0.34703058,0.8511435,0.35077596,0.8391585,0.12903441,0.9444393,0.40011975,-0.122916505,-0.022553075
0.9018506,0.9010257,0.99849045,0.99766773,0.62694156,0.63668984,0.22713928,0.21506932,0.24783693,0.26251325,0.6924739,0.109215096,0.00853068,0.007973596,0.93886083,0.36653635,0.89838547,0.7374876,0.52118623,0.890512,0.8981379,0.53078717,0.5340477,0.34703058,0.8511434,0.35077596,0.8391585,0.1290344,0.9444393,0.4001197,-0.12291655,-0.02255312
0.9018506,0.9010257,0.99849045,0.99766773,0.6269416,0.63668984,0.22713932,0.21506932,0.24783699,0.26251328,0.6924739,0.10921512,0.00853068,0.0079736,0.93886083,0.36653635,0.89838547,0.7374876,0.52118623,0.890512,0.8981379,0.53078717,0.5340477,0.34703058,0.8511434,0.35077596,0.83915836,0.1290344,0.9444392,0.40011975,-0.12291658,-0.022553165
0.9018506,0.9010257,0.99849045,0.99766773,0.6269416,0.63668984,0.22713928,0.21506932,0.24783693,0.26251325,0.6924739,0.10921512,0.00853068,0.007973596,0.93886083,0.36653635,0.89838547,0.7374876,0.52118623,0.890512,0.8981379,0.53078717,0.5340477,0.34703055,0.8511434,0.35077596,0.8391585,0.12903441,0.9444393,0.4001197,-0.122916564,-0.02255315
0.9018506,0.9010257,0.99849045,0.99766773,0.6269416,0.63668984,0.22713923,0.21506931,0.24783693,0.26251328,0.69247395,0.109215096,0.00853068,0.007973596,0.93886095,0.36653635,0.89838547,0.7374876,0.52118623,0.890512,0.8981379,0.53078717,0.5340477,0.34703058,0.8511435,0.35077596,0.8391585,0.12903443,0.9444392,0.4001197,-0.12291658,-0.022553135
0.9018506,0.9010257,0.99849045,0.99766773,0.6269416,0.63668984,0.22713928,0.21506935,0.24783699,0.26251328,0.6924739,0.109215096,0.00853068,0.007973596,0.93886095,0.36653635,0.89838547,0.7374876,0.52118623,0.890512,0.8981379,0.53078717,0.5340477,0.34703058,0.8511435,0.35077602,0.8391585,0.12903437,0.9444392,0.4001197,-0.12291658,-0.022553135
0.9018506,0.9010257,0.99849045,0.99766773,0.6269415,0.6366898,0.22713928,0.21506932,0.24783699,0.26251328,0.6924739,0.109215096,0.00853068,0.007973596,0.93886095,0.36653635,0.8983856,0.7374876,0.52118623,0.8905121,0.8981379,0.53078717,0.53404766,0.34703058,0.8511435,0.35077596,0.8391585,0.12903439,0.9444392,0.40011975,-0.12291652,-0.02255315
0.9018506,0.9010257,0.99849045,0.99766773,0.6269416,0.63668984,0.22713923,0.21506931,0.24783699,0.26251328,0.6924738,0.10921514,0.008530675,0.007973593,0.93886095,0.36653635,0.8983856,0.7374876,0.52118623,0.8905121,0.8981379,0.53078717,0.5340477,0.34703058,0.85114354,0.3507759,0.83915854,0.12903439,0.9444392,0.40011963,-0.12291655,-0.02255312
0.9018506,0.9010257,0.99849045,0.99766773,0.62694156,0.63668984,0.22713928,0.21506932,0.24783699,0.26251328,0.69247395,0.10921507,0.008530675,0.007973593,0.93886083,0.36653635,0.89838547,0.7374876,0.52118623,0.890512,0.8981379,0.53078717,0.53404766,0.34703052,0.85114354,0.3507759,0.83915854,0.12903436,0.9444392,0.40011966,-0.122916654,-0.022553165
0.9018506,0.90102583,0.99849045,0.99766773,0.6269415,0.6366898,0.22713925,0.21506932,0.24783699,0.26251328,0.6924739,0.10921512,0.008530675,0.007973593,0.93886095,0.36653635,0.89838547,0.7374876,0.52118623,0.890512,0.8981379,0.53078717,0.5340477,0.34703052,0.85114354,0.3507759,0.83915854,0.12903443,0.9444392,0.40011963,-0.12291664,-0.022553269
0.9018506,0.90102583,0.99849045,0.99766773,0.6269415,0.63668984,0.22713928,0.21506931,0.2478369,0.26251322,0.6924737,0.10921521,0.00853068,0.007973596,0.93886083,0.36653635,0.89838547,0.73748755,0.52118623,0.890512,0.8981379,0.53078717,0.5340477,0.34703055,0.8511435,0.3507759,0.8391585,0.1290344,0.9444393,0.4001196,-0.12291652,-0.022553254
0.9018506,0.90102583,0.99849045,0.99766773,0.6269415,0.6366898,0.22713928,0.21506932,0.24783693,0.26251322,0.6924739,0.10921512,0.00853068,0.007973596,0.93886083,0.36653635,0.89838547,0.7374876,0.52118623,0.890512,0.8981379,0.53078717,0.5340477,0.34703052,0.8511435,0.3507759,0.8391585,0.12903443,0.9444393,0.4001197,-0.12291658,-0.022553284
0.9018506,0.90102583,0.99849045,0.99766773,0.62694156,0.6366898,0.22713932,0.21506932,0.2478369,0.2625132,0.6924739,0.109215096,0.00853068,0.007973596,0.93886083,0.36653632,0.89838547,0.7374876,0.52118623,0.890512,0.8981379,0.53078717,0.53404766,0.34703052,0.8511435,0.3507759,0.8391585,0.12903436,0.9444393,0.4001197,-0.122916594,-0.022553284
0.9018506,0.9010257,0.99849045,0.99766773,0.62694156,0.6366898,0.22713932,0.21506932,0.2478369,0.26251325,0.692474,0.10921507,0.00853068,0.007973596,0.93886083,0.36653635,0.89838547,0.7374876,0.52118623,0.890512,0.8981379,0.53078717,0.53404766,0.34703052,0.8511435,0.35077596,0.8391585,0.12903437,0.9444393,0.40011966,-0.12291661,-0.022553314
0.9018506,0.90102583,0.99849045,0.99766773,0.6269415,0.6366898,0.22713928,0.21506932,0.24783687,0.26251316,0.6924739,0.10921512,0.00853068,0.007973596,0.93886083,0.3665363,0.89838547,0.73748755,0.52118623,0.890512,0.8981379,0.53078717,0.5340477,0.34703052,0.8511435,0.35077596,0.8391585,0.12903441,0.9444393,0.4001198,-0.122916535,-0.02255321
0.9018506,0.90102583,0.99849045,0.99766773,0.62694156,0.6366898,0.22713923,0.21506931,0.24783687,0.26251316,0.6924739,0.10921512,0.00853068,0.007973596,0.93886083,0.36653632,0.89838547,0.73748755,0.52118623,0.890512,0.8981379,0.53078717,0.5340477,0.34703052,0.85114354,0.3507759,0.8391585,0.12903439,0.9444393,0.4001198,-0.12291652,-0.022553165
0.9018506,0.90102583,0.99849045,0.99766773,0.6269415,0.6366898,0.22713928,0.21506931,0.24783687,0.26251316,0.69247395,0.109215096,0.00853068,0.0079736,0.93886083,0.36653632,0.89838547,0.73748755,0.52118623,0.890512,0.8981379,0.53078717,0.5340477,0.34703055,0.8511435,0.35077596,0.8391585,0.12903439,0.9444393,0.40011984,-0.12291655,-0.022553165
0.9018506,0.90102583,0.99849045,0.99766773,0.62694156,0.63668984,0.22713925,0.21506931,0.2478369,0.26251316,0.6924739,0.10921514,0.00853068,0.007973596,0.93886083,0.36653632,0.89838547,0.73748755,0.52118623,0.890512,0.8981379,0.53078717,0.5340477,0.34703052,0.8511435,0.3507759,0.8391585,0.12903439,0.9444393,0.4001199,-0.12291643,-0.022553165
0.9018506,0.9010257,0.99849045,0.99766773,0.62694156,0.6366898,0.22713923,0.21506926,0.24783687,0.26251316,0.6924739,0.10921512,0.00853068,0.007973596,0.93886083,0.36653632,0.89838547,0.73748755,0.52118623,0.890512,0.8981379,0.53078717,0.5340477,0.34703058,0.8511435,0.35077602,0.8391585,0.12903439,0.9444392,0.4001199,-0.122916505,-0.02255309
0.9018506,0.9010257,0.99849045,0.99766773,0.62694156,0.6366898,0.22713925,0.21506931,0.2478369,0.2625132,0.692474,0.10921507,0.008530684,0.007973596,0.93886083,0.36653632,0.89838547,0.73748755,0.52118623,0.890512,0.8981379,0.53078717,0.5340477,0.34703058,0.8511435,0.35077596,0.8391585,0.12903436,0.9444392,0.4001199,-0.12291649,-0.022553075
0.9018506,0.9010257,0.99849045,0.99766773,0.6269416,0.63668984,0.22713923,0.21506931,0.24783687,0.26251316,0.6924739,0.10921514,0.008530684,0.0079736,0.93886083,0.3665363,0.89838547,0.73748755,0.52118623,0.890512,0.8981379,0.53078717,0.5340477,0.34703058,0.8511434,0.35077596,0.8391585,0.12903439,0.9444393,0.40012,-0.122916475,-0.022552958
0.9018506,0.90102583,0.99849045,0.99766773,0.62694156,0.63668984,0.22713923,0.21506931,0.24783687,0.26251316,0.69247377,0.109215185,0.00853068,0.0079736,0.93886083,0.3665363,0.89838547,0.73748755,0.52118623,0.890512,0.8981379,0.53078717,0.5340477,0.34703058,0.8511435,0.35077596,0.83915836,0.12903443,0.9444392,0.40011996,-0.12291646,-0.022552928
