0.5,0.5,0.92,0.92,1.0,1.0,0.162,0.162,0.34,0.34,0.31,0.41,0.06,0.06,1.0,0.22,0.99,0.63,0.25,0.99,0.99,0.25,0.25,0.59,0.43,0.59,0.43,0.02,0.58,0.195,-0.003,-0.037
0.49,0.49,0.92,0.92,1.0,1.0,0.162,0.162,0.35,0.35,0.31,0.41,0.06,0.06,1.0,0.22,0.99,0.63,0.25,0.99,0.99,0.25,0.25,0.59,0.43,0.59,0.43,0.01,0.59,0.206,-0.016,-0.038
0.48,0.48,0.88,0.88,1.0,1.0,0.23711695,0.23507987,0.29,0.29,0.32,0.4,0.09,0.075,1.0,0.22,0.99,0.63,0.27,0.99,0.99,0.27,0.27,0.61,0.42,0.6,0.43,0.01,0.6,0.203,-0.031,-0.039
0.42,0.42,0.75,0.75,1.0,1.0,0.162,0.162,0.3,0.3,0.36,0.36,0.135,0.105,1.0,0.24,0.97,0.64,0.28,0.97,0.97,0.28,0.28,0.64,0.41,0.62,0.42,0.02,0.59,0.187,-0.038,-0.031
0.43,0.43,0.77,0.77,1.0,1.0,0.162,0.162,0.37,0.37,0.41,0.31,0.135,0.105,1.0,0.23,0.98,0.64,0.26,0.98,0.98,0.26,0.26,0.64,0.41,0.62,0.42,0.02,0.57,0.18,-0.033,-0.001
0.44,0.44,0.8,0.8,1.0,1.0,0.162,0.162,0.38,0.38,0.44,0.29,0.12,0.105,1.0,0.23,0.98,0.63,0.26,0.98,0.98,0.26,0.26,0.63,0.41,0.62,0.42,0.02,0.55,0.177,-0.008,0.046
0.45,0.45,0.81,0.81,1.0,1.0,0.162,0.162,0.38,0.38,0.45,0.28,0.105,0.09,1.0,0.22,0.99,0.63,0.26,0.99,0.99,0.26,0.26,0.62,0.42,0.61,0.42,0.02,0.53,0.167,0.024,0.079
0.45,0.45,0.82,0.82,1.0,1.0,0.162,0.162,0.37,0.37,0.44,0.28,0.105,0.09,1.0,0.22,0.99,0.63,0.26,0.99,0.99,0.26,0.26,0.62,0.42,0.61,0.42,0.01,0.53,0.166,0.051,0.08
0.45,0.45,0.81,0.81,1.0,1.0,0.162,0.162,0.34,0.34,0.43,0.29,0.105,0.09,1.0,0.22,0.99,0.63,0.26,0.99,0.99,0.26,0.26,0.62,0.42,0.61,0.42,0.01,0.54,0.173,0.082,0.069
0.56,0.56,1.0,1.0,0.98,0.98,0.62709254,0.6239233,0.14,0.14,0.41,0.32,0.12,0.105,1.0,0.25,0.97,0.65,0.28,0.97,0.97,0.28,0.28,0.63,0.42,0.62,0.42,0.02,0.53,0.196,0.1,0.07
0.56,0.56,1.0,1.0,0.98,0.98,0.21250865,0.2121894,0.23,0.23,0.41,0.31,0.12,0.105,1.0,0.25,0.965,0.65,0.28,0.96,0.97,0.28,0.28,0.63,0.42,0.62,0.42,0.02,0.53,0.214,0.113,0.061
0.55,0.55,1.0,1.0,0.98,0.98,0.162,0.162,0.27,0.27,0.4,0.32,0.12,0.105,1.0,0.24,0.97,0.64,0.27,0.97,0.97,0.27,0.27,0.63,0.42,0.62,0.42,0.02,0.54,0.224,0.123,0.058
0.47,0.47,0.87,0.87,1.0,1.0,0.162,0.162,0.29,0.29,0.39,0.33,0.09,0.075,1.0,0.23,0.98,0.64,0.26,0.98,0.98,0.26,0.26,0.61,0.42,0.6,0.43,0.02,0.54,0.226,0.126,0.049
0.57,0.57,1.0,1.0,0.97,0.97,0.3196568,0.31914383,0.23,0.23,0.36,0.36,0.135,0.135,0.75,0.34,0.9,0.72,0.35,0.9,0.9,0.35,0.35,0.64,0.41,0.64,0.41,0.05,0.53,0.217,0.113,0.028
0.58,0.58,1.0,1.0,0.96,0.96,0.28207058,0.2818642,0.22,0.22,0.35,0.38,0.255,0.285,0.0,0.48,0.25,0.82,0.56,0.25,0.25,0.56,0.56,0.72,0.37,0.74,0.36,0.14,0.43,0.202,0.092,0.001
0.57,0.57,1.0,1.0,0.97,0.97,0.20967309,0.20960583,0.25,0.25,0.32,0.41,0.33,0.36,0.0,0.44,0.25,0.8,0.56,0.25,0.25,0.56,0.56,0.77,0.35,0.79,0.34,0.17,0.41,0.181,0.061,-0.022
0.57,0.57,1.0,1.0,0.97,0.97,0.1816242,0.18141331,0.27,0.27,0.3,0.42,0.33,0.375,0.0,0.44,0.25,0.8,0.56,0.25,0.25,0.56,0.56,0.77,0.35,0.8,0.34,0.21,0.41,0.163,0.033,-0.044
0.0,0.0,0.0,0.0,1.0,1.0,0.162,0.162,0.27,0.27,0.3,0.42,0.33,0.39,0.0,0.38,0.25,0.75,0.56,0.25,0.25,0.56,0.56,0.77,0.35,0.81,0.33,0.24,1.0,0.146,0.018,-0.058
0.0,0.0,0.0,0.0,1.0,1.0,0.162,0.162,0.29,0.29,0.32,0.4,0.36,0.42,0.0,0.36,0.25,0.73,0.56,0.25,0.25,0.56,0.56,0.79,0.34,0.83,0.32,0.27,1.0,0.152,-0.003,-0.045
0.0,0.0,0.0,0.0,1.0,1.0,0.162,0.162,0.3,0.3,0.32,0.4,0.405,0.465,0.0,0.35,0.25,0.73,0.56,0.25,0.25,0.56,0.56,0.82,0.33,0.86,0.31,0.31,1.0,0.141,-0.008,-0.02
0.0,0.0,0.27040616,0.27393818,0.9377269,0.9189224,0.18972135,0.27656743,0.08316332,0.116527826,0.47705656,0.38517824,0.42414418,0.49454874,0.048618503,0.43030223,0.21894233,0.5529816,0.5449694,0.15702957,0.25041127,0.47558087,0.6153858,0.8656105,0.28386799,0.8946086,0.27925524,0.2961899,1.0,0.19711521,0.012883671,-0.13459212
0.0037717503,0.0,0.0,0.0,1.0,0.9565848,0.20429821,0.12399143,0.18827052,0.44326034,0.30684158,0.19885893,0.27448088,0.4369642,0.0,0.4765495,0.3444222,0.66785204,0.42615092,0.18810993,0.40173542,0.5349929,0.5548398,0.81258434,0.4749708,0.78816694,0.35027298,0.39910376,0.8791276,-0.050898924,0.025430793,-0.07206369
0.0,0.3055777,0.0,0.0,0.9384868,0.8851872,0.2285792,0.20299953,0.115638584,0.2893781,0.36656564,0.38237965,0.49271128,0.34812456,0.0,0.22978583,0.3488056,0.7179689,0.5897753,0.30551434,0.24173605,0.6230368,0.58747506,0.7614278,0.3446802,0.9692644,0.18359172,0.4544693,0.7032596,0.069585964,-0.078840554,-0.059135128
0.043192226,0.05047922,0.13317321,0.0,0.88089573,0.9825695,0.18071702,0.38495362,0.21497421,0.27047664,0.41642788,0.3827698,0.40462074,0.4653019,0.0,0.2684042,0.35049272,0.81397676,0.53111213,0.15452193,0.2256101,0.5959452,0.7045815,1.0,0.37752107,0.60049105,0.2689075,0.51367617,0.5427912,0.10167471,-0.04308107,-0.15207407
0.10093296,0.0954913,0.0,0.0,1.0,1.0,0.27273446,0.15750149,0.48198426,0.5171178,0.46288133,0.25041512,0.32655227,0.5048887,0.17317247,0.36400947,0.36932102,0.60346454,0.49347645,0.092510715,0.25677794,0.50506014,0.65402937,0.73021084,0.4163217,0.72558284,0.19924304,0.44120038,0.41018268,0.27521762,0.0010599284,-0.026958026
0.11040444,0.0,0.0,0.1325511,0.87213844,0.98623353,0.090700805,0.04724685,0.10910216,0.64220524,0.554687,0.25656283,0.49541798,0.6404624,0.12818235,0.32800654,0.11711413,0.7695929,0.60271764,0.38623983,0.32962763,0.7101789,0.6298386,0.9551306,0.35044476,0.84350514,0.2914239,0.6735971,0.39917272,0.19134843,-0.029965479,-0.004013244
0.11627399,0.0,0.2596208,0.0,1.0,1.0,0.267885,0.25624228,0.3386647,0.30347314,0.7524964,0.17512603,0.5342098,0.5550019,0.020756813,0.33312938,0.13626686,0.86244726,0.3850726,0.31575006,0.19022065,0.6877174,0.4840046,0.88172954,0.28603646,1.0,0.22544594,0.5116129,0.6206677,0.13557974,-0.12878609,-0.09905842
0.018968988,0.0,0.19648169,0.24183476,0.9674534,1.0,0.23728025,0.1367911,0.16986068,0.23758031,0.769407,0.0,0.5902523,0.67044884,0.119141474,0.32385635,0.07790184,0.7375447,0.36796474,0.3648609,0.26506317,0.45481128,0.4039915,0.8514043,0.37445706,0.91289383,0.20742589,0.6055069,0.39530563,0.18583608,0.2234494,0.15681861
0.0,0.05616578,0.0,0.0,1.0,0.9837608,0.03650756,0.11520459,0.3215023,0.3769176,0.7590708,0.27065247,0.48523322,0.23337224,0.10953227,0.29310048,0.22134067,0.7252305,0.60939133,0.2400919,0.26732156,0.4950558,0.55903774,0.7081555,0.0523296,0.85203373,0.22313449,0.68043715,0.6238449,0.14260827,0.16581492,0.0048934966
0.064602256,0.0,0.0,0.12756565,0.96786183,1.0,0.06175057,0.28946298,0.28334457,0.4020017,0.48876926,0.10758572,0.6417824,0.28485978,0.00058165286,0.54570013,0.20134892,0.84752166,0.52747047,0.24060997,0.1570459,0.6069141,0.4704309,0.8708543,0.2362628,1.0,0.35642838,0.767557,0.36744654,0.08975187,0.19738099,0.029967438
0.042157084,0.043070138,0.11324632,0.13991803,1.0,0.8929996,0.30377883,0.128811,0.36406264,0.4374011,0.6175316,0.117016956,0.6990876,0.3588095,0.0,0.41030592,0.33785734,0.86369973,0.4948323,0.4126162,0.45658728,0.7805557,0.7028659,0.90153986,0.28455532,0.8689465,0.3586112,0.576884,0.4516119,0.23436683,0.12277482,0.24448067
0.0,0.10454244,0.0,0.0,0.9322408,0.8304862,0.13442668,0.14048226,0.29520553,0.32144845,0.54553497,0.17156976,0.560845,0.68003047,0.0,0.3139121,0.14220239,0.803355,0.7263006,0.33968204,0.16960761,0.5542118,0.64255416,0.9191549,0.22026825,0.94406664,0.24469227,0.6626852,0.39910975,0.18426587,-0.25228277,0.017663587
0.0,0.14090079,0.0,0.15410721,0.8658883,1.0,0.14938721,0.14276311,0.37586847,0.11900373,0.47859457,0.46144533,0.4899602,0.6901,0.065687634,0.29374927,0.26804182,0.75597686,0.4593895,0.25966996,0.26470405,0.56027776,0.74400413,1.0,0.1917599,0.6830589,0.2564224,0.72491956,0.46584135,0.20737384,-0.14149514,0.042175446
0.0,0.019042052,0.023399659,0.024298066,1.0,1.0,0.0,0.15384981,0.24018732,0.20849767,0.32541713,0.20518664,0.50293136,0.65310824,0.0,0.20925707,0.30412543,0.7540779,0.6839838,0.24113308,0.39602566,0.65257895,0.5233561,0.8591315,0.17833035,1.0,0.20665954,0.59474117,0.6763249,0.44407377,-0.035893884,0.060180165
0.0,0.0,0.0033602389,0.0,0.96321666,0.9022546,0.049133815,0.2011925,0.24232021,0.30712157,0.3198188,0.35571772,0.3935737,0.504977,0.0,0.35794094,0.3047456,0.84894544,0.4865778,0.30702236,0.23139396,0.52248174,0.48313752,0.8743496,0.42726377,0.69662344,0.452219,0.6759411,0.58773404,0.2226815,-0.043320373,0.07126077
0.15440167,0.0,0.054326985,0.21775685,1.0,0.9001732,0.22592354,0.075154476,0.4245219,0.32999024,0.32922453,0.38024485,0.52069694,0.57536376,0.0,0.07988396,0.21791688,0.7305717,0.6420086,0.45454246,0.27284852,0.6801295,0.56784064,0.9370741,0.39807424,0.9617727,0.08272877,0.6964939,0.41315427,0.12822886,0.017272914,0.02638968
0.0,0.0028393837,0.0,0.030750472,1.0,0.9933875,0.0,0.18669012,0.45557195,0.3419584,0.6531434,0.43752557,0.4589344,0.48504218,0.0,0.21535368,0.20913428,0.5812346,0.45202634,0.14499635,0.22729647,0.66372895,0.61347824,1.0,0.30492613,1.0,0.16384299,0.5027063,0.7449453,-0.038132086,-0.0467496,0.05901801
0.0,0.0,0.03858154,0.0,1.0,1.0,0.12327066,0.0020221919,0.5723279,0.46927655,0.41707066,0.35302833,0.51373184,0.48282206,0.104500145,0.3233629,0.3523698,0.7861747,0.50444496,0.2403403,0.3376889,0.5835874,0.38959235,0.9083945,0.46139172,1.0,0.29186141,0.5611112,0.67599016,0.17854933,0.044542003,0.13391188
0.16988859,0.0,0.0,0.18942298,0.8691369,1.0,0.04115081,0.08050762,0.36289665,0.29457426,0.44048175,0.44774377,0.52730525,0.4837107,0.031947054,0.43271267,0.14896387,0.5633583,0.6335997,0.34806943,0.3009265,0.514263,0.560643,1.0,0.33258778,0.86602616,0.2638173,0.55486494,0.75774634,0.18684898,0.04985247,-0.049695004
0.0,0.18521209,0.0,0.07724439,0.97959334,0.90796983,0.21804011,0.46276745,0.5626512,0.1796239,0.30454886,0.46317726,0.53953326,0.41341978,0.0,0.30349073,0.115766674,0.54994863,0.544339,0.2656855,0.5555421,0.5520317,0.5753357,0.93453765,0.46100026,0.97668225,0.35889298,0.35609043,0.7844325,0.04544604,-0.06811735,0.11674076
0.20208535,0.15968558,0.0,0.17250362,1.0,0.90490985,0.0935851,0.14632906,0.47989696,0.4865203,0.14449531,0.3872148,0.47960776,0.6469033,0.020170286,0.27440727,0.088824555,0.8559514,0.55671924,0.22456929,0.40397674,0.6805636,0.67918634,1.0,0.61045074,1.0,0.28967205,0.043339103,0.83572316,0.045548357,-0.05273738,0.15325153
0.0,0.0,0.09516192,0.06686682,1.0,0.9918127,0.20605284,0.1570697,0.56361735,0.4364345,0.36671275,0.27248397,0.36271486,0.6363022,0.2569574,0.581478,0.20924415,0.5995856,0.6115755,0.26355898,0.20335542,0.46447733,0.612311,0.8588663,0.27742743,1.0,0.47446394,0.43876812,1.0,0.16625112,-0.041145466,-0.046299238
0.07521489,0.0,0.0,0.02854789,0.8306218,1.0,0.3867111,0.48144087,0.2910554,0.5032886,0.40744314,0.51742154,0.33961096,0.41060656,0.067940734,0.5003199,0.12674448,0.8462436,0.6613035,0.052490786,0.37238318,0.63011867,0.41319954,0.89999586,0.43632153,1.0,0.24544051,0.23834784,0.8467124,0.08038376,0.17626789,-0.13439731
0.0,0.017824974,0.0,0.031076912,0.96180385,0.8291528,0.0,0.2299086,0.43868423,0.40751803,0.25569153,0.5845826,0.66380143,0.6090028,0.0986138,0.3479129,0.18638644,0.4898151,0.47799858,0.33142477,0.0,0.5212811,0.62451524,0.80633754,0.20994958,1.0,0.29012913,0.18344152,0.6013411,-0.088914,0.091201305,-0.05673194
0.07573968,0.0,0.055493623,0.0,1.0,1.0,0.02792418,0.15275845,0.43518117,0.47945428,0.4741173,0.08305016,0.53008986,0.5126077,0.05611519,0.5241873,0.30794558,0.63509196,0.6158149,0.16393326,0.1428687,0.36100966,0.3318374,0.8864054,0.26592883,0.9552373,0.3769903,0.042271882,0.5944859,0.050482854,-0.09996664,-0.0202783
0.0,0.0,0.033724766,0.0,0.9835559,1.0,0.45406145,0.1219247,0.30583102,0.45800057,0.431089,0.2635951,0.66154784,0.80298865,0.1398417,0.17497958,0.1677334,0.9105496,0.5135622,0.19482814,0.21766451,0.5668011,0.70258427,0.87456965,0.325575,1.0,0.28444204,0.4880499,0.43558604,-0.058728155,0.07254286,-0.05292937
0.0,0.0,0.05787568,0.0,0.9415219,1.0,0.045295388,0.2921559,0.4840386,0.47808033,0.58147985,0.3528872,0.72369426,0.6508463,0.0,0.3443972,0.06189297,0.62089735,0.44012517,0.24350664,0.20653896,0.554684,0.697043,0.8505679,0.35784644,1.0,0.24370123,0.49971777,0.37521744,-0.27656606,0.10290587,-0.15849425
0.0,0.32044274,0.0,0.058373816,1.0,1.0,0.21942122,0.35721618,0.64080393,0.4378657,0.6058462,0.27533087,0.7145281,0.53030133,0.0,0.53183776,0.0,0.7127209,0.66009134,0.22857875,0.14748678,0.67059195,0.9145626,1.0,0.49002254,0.9184547,0.48634845,0.35350016,0.54286283,-0.067266956,0.0862692,0.0017831735
0.0,0.08529173,0.050447136,0.0,0.76783323,1.0,0.31916052,0.12643945,0.4591716,0.58487207,0.45776662,0.12751918,0.5914165,0.4381606,0.0,0.31174073,0.19821307,0.7380781,0.6383541,0.14570901,0.20149961,0.5491704,0.7572167,0.826345,0.2773794,0.96709436,0.09113127,0.51490414,0.62638366,-0.08686044,0.013118009,0.23337314
0.1497893,0.054214694,0.018252155,0.0,1.0,0.91753,0.08889775,0.2027764,0.5015784,0.44964758,0.22763579,0.21155837,0.648705,0.5138211,0.0,0.38645804,0.40007502,0.6685055,0.4566321,0.33032206,0.19008796,0.67267704,0.55498075,1.0,0.29884884,0.9218925,0.2895684,0.61154044,0.65586114,0.094813906,0.057883058,0.02765857
0.0,0.0,0.20924659,0.0,0.7915809,0.92763716,0.06423685,0.35153958,0.46653998,0.52852213,0.35952315,0.092951775,0.49456763,0.68296754,0.121495485,0.29763776,0.23284881,0.90785,0.37174395,0.32282662,0.23960735,0.5044334,0.63909817,0.92213064,0.15060018,0.7542082,0.15002683,0.6320646,0.38846993,-0.008499671,0.054380752,-0.0076233186
0.0,0.14378324,0.0,0.19060792,0.9078623,0.91480863,0.26590976,0.111134365,0.39332578,0.45088598,0.41017753,0.34162754,0.6713981,0.5380233,0.0,0.47062087,0.19146109,0.735302,0.63471794,0.096893966,0.38946518,0.41884184,0.49649674,0.9789369,0.21286902,0.9108999,0.22475596,0.1818994,0.4096058,0.14151134,0.07484564,0.12206197
0.088153556,0.088208914,0.0,0.0,1.0,0.9524794,0.30861408,0.17189719,0.4425474,0.53792673,0.16130823,0.21996179,0.6059172,0.5317387,0.24044877,0.33672765,0.11319476,0.7225115,0.6132744,0.3246013,0.28951114,0.529422,0.37431088,1.0,0.29926908,0.9644478,0.3486486,0.5604385,0.53725445,-0.064121604,-0.0065453853,-0.091963455
0.0,0.05587907,0.0,0.0965873,0.90229505,1.0,0.19598356,0.35152876,0.40584826,0.1539998,0.39769852,0.5248416,0.2665799,0.67973864,0.0,0.32953545,0.048824817,0.74703115,0.46577618,0.30090907,0.12059951,0.5093433,0.8264152,0.86121047,0.41967696,0.9066477,0.25535077,0.5902495,0.61522985,0.13364394,-0.033417806,-0.066195466
0.0,0.14865243,0.055580214,0.11698958,0.966232,1.0,0.23065528,0.32302332,0.5136548,0.50436676,0.36654434,0.55660534,0.50336504,0.34618583,0.0,0.36241895,0.24656653,0.9206867,0.53741056,0.2607628,0.36786127,0.49272504,0.5335972,0.8350849,0.41065916,0.8486508,0.31019753,0.84278774,0.4655458,0.028487302,0.0068286583,-0.12077902
0.0042969976,0.041644238,0.1594239,0.0,0.8930172,0.97589546,0.0,0.21524441,0.39697835,0.51637924,0.14296027,0.18318354,0.42111403,0.4150737,0.0,0.59252006,0.44583076,0.6583447,0.38389343,0.24065012,0.032871887,0.46870708,0.61293614,0.7188184,0.24924189,0.8547747,0.45438293,0.29776853,0.7768795,-0.040885277,0.17468542,-0.06459128
0.16234797,0.0,0.0107438555,0.0,0.92729884,1.0,0.21842144,0.3262378,0.4484448,0.26299608,0.4205486,0.61038023,0.38523206,0.23477033,0.0,0.5440371,0.10429092,0.72861636,0.49878496,0.23089406,0.23266989,0.5749554,0.3462878,0.8355922,0.2944435,0.55916584,0.41325215,0.24386577,0.9714128,-0.042418383,0.054211088,-0.219111
0.028566018,0.064410344,0.1822799,0.0,1.0,0.9981462,0.12782109,0.19138439,0.5618448,0.386693,0.13032606,0.58279854,0.3298439,0.6089072,0.14196241,0.2907492,0.4918592,0.75926787,0.75436,0.39973366,0.26565105,0.5679344,0.5076573,0.6991629,0.54760134,0.7333439,0.18967392,0.3572438,0.7122956,0.05122621,0.20110932,-0.2681072
0.20648867,0.03710381,0.0,0.23206203,0.92269266,0.96952796,0.40889102,0.0,0.5550047,0.5125792,0.13573645,0.6427865,0.45620364,0.33128458,0.05052328,0.3190932,0.32211939,0.6903349,0.7908237,0.2571148,0.30600542,0.61183363,0.6357461,0.6368928,0.41753757,0.7327664,0.48780158,0.33927345,0.8148401,-0.13673906,-0.009553807,-0.19707334
0.0,0.018407827,0.13264316,0.1005175,0.82239455,1.0,0.0,0.26544976,0.36353168,0.4911526,0.47853813,0.49895853,0.3002616,0.4159949,0.1555464,0.34648222,0.17442618,0.6367854,0.5891482,0.18254873,0.31505322,0.696698,0.6777302,0.9052111,0.14971997,0.72836393,0.35879236,0.35930791,0.5359773,0.07720271,-0.09810501,-0.049363982
0.0,0.0,0.0,0.0033145342,0.79696184,1.0,0.32720965,0.12902401,0.2421287,0.4800065,0.29679897,0.25242698,0.3619444,0.50431514,0.0,0.3946625,0.34957713,0.7866203,0.37183574,0.09265232,0.08135636,0.51908326,0.6535737,0.66200686,0.37343997,0.9967501,0.11330645,0.2380144,0.8542616,0.035340086,-0.04666648,0.0901475
0.2189571,0.0,0.08744869,0.12759787,0.9930875,1.0,0.09488745,0.2248971,0.5501859,0.37218073,0.22810368,0.60316557,0.41784057,0.43702573,0.08539942,0.30986893,0.22381,0.7731454,0.35737574,0.3099801,0.116171286,0.40998113,0.4677886,0.9718182,0.0788444,0.6717348,0.21498969,0.4345625,0.5764503,0.14514902,-0.16107556,-0.14721563
0.019136708,0.10376033,0.056583554,0.0,1.0,1.0,0.11536501,0.07900601,0.32247305,0.3645632,0.40404573,0.47547594,0.47390154,0.6025833,0.07030088,0.28012174,0.29156226,0.8982195,0.48176846,0.3519632,0.46847308,0.61850214,0.65753824,0.77293915,0.07101858,0.89535296,0.4649967,0.54884887,0.20697919,0.18896265,-0.060201254,-0.1657162
0.02625858,0.0,0.15242368,0.0,0.95329386,0.9481931,0.23961546,0.1728422,0.43946028,0.20399565,0.33247685,0.29215452,0.4177913,0.48365733,0.0,0.4475784,0.31106594,0.67163163,0.76770884,0.3812834,0.4354484,0.58498245,0.6040948,0.7329049,0.26883087,0.7318795,0.228129,0.3312996,0.23952194,-0.026833273,0.022275377,0.14025214
0.009018082,0.035706133,0.0,0.0,1.0,0.96785116,0.0,0.24792382,0.40522385,0.4122795,0.3189307,0.32407248,0.60696363,0.30340308,0.14385979,0.51848656,0.12715964,0.6926016,0.55867344,0.37371635,0.47553167,0.5240168,0.71342844,0.8207496,0.29330134,0.91392314,0.40703103,0.40916175,0.2853785,-0.045539647,-0.08718081,-0.059016827
0.06155973,0.041102532,0.0,0.090680405,0.8861556,1.0,0.026742145,0.04735543,0.32623982,0.46214285,0.52827764,0.3375659,0.34593123,0.28610364,0.0,0.59021986,0.34688377,0.7817739,0.5413001,0.3099464,0.12827265,0.4751063,0.6609375,0.7158966,0.27909255,0.9625539,0.3908623,0.24365811,0.06563436,0.27299836,-0.19160736,-0.01853628
0.0,0.010266066,0.0,0.053500287,0.88999987,0.922881,0.07739797,0.29283342,0.31103894,0.042269826,0.68010354,0.1236305,0.5137746,0.5983201,0.21843924,0.43792385,0.37635893,0.7726072,0.7580666,0.46998116,0.37552762,0.6546625,0.5775242,0.8338948,0.18372545,0.76382643,0.113792,0.48861685,0.0,0.16623913,-0.057048842,0.019219391
0.0,0.0,0.0,0.0,1.0,1.0,0.10003421,0.32878935,0.28923494,0.4705462,0.5622107,0.3040434,0.55203325,0.35139441,0.0,0.3119998,0.22693655,0.9092474,0.42763805,0.17832467,0.08599225,0.5725089,0.55891687,0.75633955,0.31791726,0.9557839,0.3145931,0.22623187,0.0852209,0.08097564,0.19448096,-0.041712478
0.051937617,0.0,0.048331864,0.07941389,0.9483601,1.0,0.30681062,0.18766983,0.34507748,0.43860906,0.47684604,0.23229387,0.28444332,0.3809247,0.17215875,0.48050952,0.17082816,0.885702,0.644325,0.3898909,0.40207136,0.6094425,0.6096153,0.75156593,0.36693716,1.0,0.3031445,0.24915472,0.032091152,0.099993736,-0.21224287,0.0016969815
0.0,0.24080646,0.104647726,0.060172234,1.0,0.96672124,0.20297307,0.2620654,0.39459676,0.41935748,0.41620654,0.35050696,0.57701635,0.2495876,0.25118455,0.33358076,0.1324144,0.8824898,0.5371706,0.0587036,0.3526109,0.5577464,0.5573231,0.77771884,0.3738439,0.9691788,0.37205654,0.0,0.0,0.059230514,0.0092070885,0.037777353
0.059194,0.0,0.0,0.12626334,1.0,0.95608956,0.021475509,0.15426627,0.23913509,0.51975113,0.55923563,0.36043864,0.63563347,0.37636858,0.41782102,0.66977596,0.5612919,0.6712572,0.45365745,0.28378916,0.31671044,0.5236867,0.6005461,0.82022846,0.34159046,0.69880503,0.26687446,0.30208147,0.3002186,0.32422775,0.21393588,-0.0004891306
0.3477617,0.052855685,0.12227759,0.07401231,1.0,1.0,0.2692146,0.14341688,0.41127062,0.56705624,0.2966501,0.2078405,0.27741364,0.2594341,0.36156827,0.62659883,0.48559228,0.9109957,0.6554848,0.52615404,0.39541852,0.5056991,0.4772539,0.80915135,0.511198,0.69083333,0.2808355,0.24674153,0.40521467,0.020969708,0.09362867,0.24910115
0.20958504,0.0017488748,0.16548072,0.05321989,0.9941477,0.8257643,0.1985543,0.106656216,0.40739048,0.3597413,0.42025825,0.13780305,0.40984857,0.3128679,0.33740348,0.310673,0.36850223,0.5722781,0.7966358,0.31725824,0.66689885,0.5993422,0.5243803,0.8946604,0.4548402,0.6893823,0.34019217,0.21683873,0.44640136,0.15539548,-0.06312789,0.0035043508
0.2685693,0.10927116,0.24936046,0.20499523,0.871148,0.9364712,0.20649703,0.10180962,0.6187427,0.3783662,0.36050534,0.27106252,0.2866992,0.42044106,0.649037,0.43361634,0.3739897,0.70382535,0.57786703,0.7516027,0.7189621,0.57114476,0.61365366,0.6433952,0.21965015,0.62644756,0.21951349,0.008283891,0.4587683,0.035877332,0.3,-0.02585502
0.39521673,0.42505595,0.25934333,0.58455366,0.78792304,0.86634994,0.4231795,0.36961123,0.34361625,0.18006708,0.36126313,0.57005316,0.33412585,0.13843043,0.4048558,0.3881542,0.4111002,0.6673289,0.5222588,0.6516386,0.5301336,0.59698635,0.6350536,0.5430689,0.33264768,0.7241631,0.40442106,0.067824975,0.594,0.17302743,0.11562907,-0.09790975
0.0,0.0016886219,0.0,0.0,1.0,0.9936746,0.16598985,0.0,0.3257619,0.4977362,0.27494615,0.2667554,0.45267928,0.24649902,0.31758064,0.40655917,0.1668826,0.7386503,0.8459407,0.30279246,0.40973476,0.4190798,0.7225563,0.7377563,0.5312043,0.89896834,0.40783197,0.25466388,0.526156,-0.090219736,-0.0066707507,-0.12722303
0.41195986,0.26700842,0.6788131,0.43682456,0.918419,0.8707256,0.3187062,0.19293565,0.29367942,0.35888183,0.28017074,0.30120838,0.118059695,0.392183,0.5920843,0.38490444,0.6474217,0.76571274,0.6232379,0.43431967,0.41196358,0.8101595,0.52111673,0.6597228,0.30800676,0.87612796,0.19975737,0.10159026,0.2599929,0.15992492,0.13464399,0.0323274
0.43581843,0.59327114,0.9718864,0.995086,0.7705576,1.0,0.23621246,0.20737188,0.5462626,0.46465832,0.36197472,0.40419436,0.31050354,0.4444473,0.66741514,0.28556335,0.85399497,0.6614704,0.19023782,0.67998815,0.9019627,0.46085805,0.10143554,0.82370114,0.31291416,0.5429603,0.4591713,0.09894578,0.28138196,0.008089182,0.009250609,-0.13495705
0.0,0.14463076,0.019556483,0.0,1.0,0.869411,0.0,0.24153876,0.460622,0.5466154,0.47349972,0.5932024,0.43547648,0.4509222,0.94197345,0.27108958,1.0,0.67835814,0.40657127,0.92247427,0.87238115,0.44203556,0.63249177,0.67060584,0.30822077,0.6877663,0.5157655,0.0,0.5055278,-0.106006205,0.042806976,-0.04857509
0.06366767,0.32761186,0.17781545,0.15929607,0.84487057,0.9461377,0.22353546,0.16562442,0.6265317,0.40944868,0.4695283,0.3594125,0.3384007,0.14777449,0.9326753,0.19112061,0.96200246,0.5915547,0.49903595,1.0,1.0,0.27761558,0.22920492,0.6959822,0.2352988,0.7667207,0.39141005,0.0,0.30591065,0.0907084,-0.10890871,-0.036528446
0.38887635,0.2251938,0.1594103,0.2957263,0.844809,0.95866436,0.36604488,0.31373703,0.38857326,0.55990076,0.31695178,0.50641185,0.16374356,0.28757805,0.7674442,0.17566195,0.9948583,0.6205865,0.40420726,0.73445964,0.97330606,0.3291629,0.3302813,0.75027734,0.30989113,0.65317583,0.21263362,0.029183581,0.2960927,-0.2545035,-0.3,-0.18529159
0.24230042,0.122866146,0.19305174,0.18506593,0.81120765,0.89366806,0.28144708,0.14251488,0.3318286,0.67416906,0.26220155,0.40990615,0.06354278,0.22730619,0.7446366,0.3291104,0.870738,1.0,0.42512447,0.8411486,0.8354263,0.3076858,0.32414806,0.8319818,0.5224612,0.63690746,0.54328144,0.0,0.2214955,-0.00020487607,-0.125566,-0.09536477
0.099410966,0.1842162,0.086452216,0.026132777,1.0,1.0,0.32610786,0.15526783,0.44239104,0.4612447,0.24339356,0.37558937,0.32688487,0.037425265,0.8552461,0.29700774,0.78157425,0.60699636,0.21852514,0.9875256,0.82073367,0.22213876,0.35868853,0.8133788,0.16224115,0.7486891,0.51312023,0.0,0.24527662,-0.009258699,0.014397312,-0.21375448
0.31003582,0.14545481,0.29483944,0.16187912,0.9462612,0.8840457,0.25496578,0.057809047,0.5076652,0.49400106,0.14665437,0.43350047,0.4699814,0.24205232,0.7611473,0.12562138,1.0,0.77002656,0.44948897,0.8794547,0.9911604,0.30459142,0.3424893,0.9094073,0.37308893,0.5751138,0.45042077,0.19023727,0.5026153,-0.28051323,-0.09530054,-0.10740043
0.32437134,0.23459572,0.2472975,0.028351262,0.9907412,0.97958004,0.26332596,0.2374692,0.12362206,0.4205885,0.39082974,0.32321045,0.2900345,0.24671823,0.74139106,0.4806571,0.6903334,0.81773883,0.54198366,1.0,1.0,0.3653627,0.4726521,0.9640396,0.4121383,0.7674984,0.21934658,0.034219004,0.34811962,-0.031531572,-0.017643524,-0.11120322
0.053258028,0.0619926,0.0,0.0,0.9330206,1.0,0.1875115,0.2205271,0.4555773,0.636501,0.26620966,0.4604348,0.3769599,0.063884735,0.9973142,0.34639105,0.71073705,0.6956927,0.3099421,0.96541303,1.0,0.4928267,0.346818,0.6465354,0.58206916,0.81011975,0.49378845,0.06507604,0.29133618,-0.16807891,-0.1971614,-0.10057104
0.19332725,0.1912801,0.049140483,0.29539368,1.0,1.0,0.26932064,0.16563047,0.5586102,0.6310202,0.32387623,0.3761933,0.16634762,0.38558042,0.7304541,0.22552167,0.87617224,0.5595982,0.20765622,0.899455,0.87789744,0.58826923,0.32696086,0.62189275,0.39427683,0.6569937,0.22189336,0.04800646,0.2568959,-0.044845488,0.113716446,-0.13079807
0.0,0.18363956,0.08768065,0.04944109,1.0,1.0,0.20258653,0.12902823,0.26627365,0.3156695,0.30290058,0.20367385,0.28306618,0.12116602,0.93174934,0.28912488,0.9338458,0.6812263,0.36998457,0.90440166,1.0,0.37751812,0.51234674,0.6136407,0.3446149,0.7240876,0.19192064,0.019092705,0.4210046,-0.030916747,-0.07908772,0.06562315
0.0037353188,0.12798855,0.113317765,0.0,0.9718316,1.0,0.20391868,0.20744812,0.50292766,0.52154607,0.25873306,0.38849238,0.09745449,0.21019107,0.55107296,0.031622976,0.7807761,0.5126438,0.26816455,0.84098876,0.78313017,0.41412345,0.40764356,0.5855984,0.5823237,0.845837,0.33020374,0.0,0.33646223,-0.27596766,-0.1712337,0.015683204
0.16098563,0.14420973,0.3213892,0.16028818,0.854778,0.8618713,0.19624184,0.24518985,0.5898636,0.5437469,0.44478452,0.50251174,0.15700385,0.17773195,0.70792514,0.33445156,0.5578031,0.6615778,0.35290176,0.6911474,0.80612963,0.2345418,0.52448493,0.75505966,0.24723855,0.98707867,0.26701492,0.0,0.31796598,0.014569148,-0.06640766,-0.0630223
0.33009332,0.32683682,0.44605064,0.6810068,0.9958601,1.0,0.2685966,0.2429739,0.3517697,0.29218093,0.41246846,0.2798222,0.5225936,0.25366232,1.0,0.48332846,0.8900099,0.70931756,0.27155718,1.0,0.9024012,0.3829279,0.15920654,0.7327421,0.39472556,0.79568505,0.5116893,0.0,0.45751965,0.08479408,-0.045667406,0.050799575
0.7148677,0.5379041,0.9270455,0.83214486,0.98304135,1.0,0.3408802,0.0,0.31693435,0.39927655,0.42823946,0.52749366,0.23498076,0.15532514,1.0,0.28586677,0.91896164,0.719829,0.35733178,1.0,1.0,0.3459728,0.14218163,0.7898368,0.36940056,0.7119865,0.26611486,0.10182016,0.41633373,0.16649666,-0.013941351,0.015436683
0.39444545,0.34403276,0.972164,0.8428378,1.0,1.0,0.03233376,0.32061815,0.5672046,0.4089132,0.19308497,0.2089971,0.27238926,0.1755697,0.7303861,0.027685016,0.91342336,0.5479469,0.28441423,0.9437627,0.8201253,0.23767596,0.24985275,0.7891292,0.3478463,0.6096239,0.3958362,0.07697317,0.47781944,0.27263337,0.14612594,-0.10076083
0.28865993,0.33110833,0.70538217,0.8300334,1.0,0.9372296,0.158367,0.11856556,0.45409352,0.36092466,0.4630217,0.47568804,0.09025954,0.0,0.76008826,0.25717476,1.0,0.6511551,0.05711025,0.8181884,0.96248394,0.34687153,0.54266393,0.8948114,0.40503952,0.76960003,0.43633175,0.12358163,0.35503876,0.25562766,-0.035979405,0.09525132
0.7119162,0.26551726,0.7205805,0.82133967,1.0,0.91536266,0.14176245,0.26730925,0.43666145,0.38157597,0.4897474,0.38861522,0.22680101,0.087332204,0.8061005,0.3236698,0.97904855,0.70860296,0.26290858,0.9995092,0.9270518,0.38126442,0.20969813,0.6987918,0.29867354,0.67477447,0.37481117,0.21837187,0.50840354,0.14961798,-0.036037464,-0.066968605
0.44814688,0.45654047,0.8884002,0.9422008,0.98572654,1.0,0.1470435,0.0,0.2905668,0.39312297,0.30473787,0.32423568,0.21440966,0.34969884,0.81223834,0.2345707,0.8650765,0.6402604,0.3985172,1.0,1.0,0.32588243,0.40116957,0.7122507,0.47116238,0.9385034,0.5508381,0.049541753,0.4981333,0.256546,-0.03319837,0.07705425
0.40981445,0.52401733,0.94543475,0.89609265,1.0,1.0,0.22546625,0.15150827,0.503772,0.30833572,0.38517055,0.31014177,0.1345721,0.15234937,0.93916744,0.3753662,0.9962495,0.8013751,0.25021994,0.9745071,0.76241887,0.38799283,0.31539288,0.78239584,0.43939325,0.7527713,0.44454324,0.009964991,0.4100262,0.06706806,0.032520436,-0.033893272
0.39612305,0.37247735,0.9719806,0.8173773,0.9939561,1.0,0.19493577,0.29810894,0.5716388,0.16208205,0.3016088,0.49426022,0.12289961,0.20574766,0.64710647,0.15537196,1.0,0.60840625,0.43533054,1.0,0.9422423,0.28218722,0.33161414,0.75704914,0.6446565,0.5369642,0.33913168,0.0,0.35713908,0.08958757,-0.055129614,-0.15862179
0.634171,0.5611977,0.83432806,1.0,1.0,0.87807757,0.3342563,0.2143467,0.5000638,0.4697191,0.36163226,0.07383636,0.21692383,0.32553378,0.86076355,0.24568541,0.9651079,0.73847365,0.38456723,0.9235629,1.0,0.44338167,0.42614782,0.5341706,0.3252048,0.7444317,0.49992913,0.008044468,0.4719515,0.25977638,-0.048663143,-0.031706452
0.469019,0.25193673,0.8453653,0.66289526,0.9546296,1.0,0.4214726,0.18166643,0.5579656,0.3316801,0.3830406,0.563748,0.20729312,0.15681621,1.0,0.3857083,0.94432396,0.79699206,0.27510902,0.8267879,0.9886569,0.28153625,0.20868318,0.68831,0.30786997,0.65398043,0.31598917,0.0279042,0.40491614,-0.117885165,0.106780656,-0.04416306
0.17873007,0.08073056,0.07829334,0.30279452,1.0,0.9842139,0.13535509,0.2582336,0.4357352,0.5154968,0.34659454,0.5262118,0.086298496,0.3728588,0.64325416,0.28039154,0.9377894,0.70945555,0.3314938,0.97234666,0.83499,0.09923911,0.45530537,0.71754247,0.2939006,0.6910199,0.24253096,0.07009475,0.20530835,0.019340744,0.1749169,-0.07580597
0.058555603,0.0,0.036049604,0.11596094,0.80081224,0.9885217,0.34227398,0.17360392,0.5934331,0.42533007,0.26409286,0.60867286,0.3268625,0.36358604,0.6280985,0.16485164,0.85773665,0.47226328,0.34473604,0.66171443,0.9796563,0.54570025,0.26106644,0.5044378,0.5029346,0.6740308,0.38981712,0.079374574,0.43953174,-0.08909021,-0.09414564,-0.166536
0.08675799,0.19781867,0.18940689,0.0,1.0,0.9804948,0.10612494,0.06828526,0.5164759,0.22269268,0.38623208,0.50165236,0.36561307,0.12100114,0.80947506,0.31749666,0.5291447,0.68629503,0.33312485,0.60218155,0.58020973,0.39796856,0.34994093,0.608571,0.10031158,0.92980826,0.3965143,0.0,0.44104293,0.031225365,0.25520062,-0.05177544
0.09684263,0.084772766,0.17929077,0.07182716,1.0,1.0,0.17685558,0.20036522,0.5115833,0.45203397,0.3420712,0.41363773,0.38230565,0.2589047,0.5344574,0.5276775,0.56641614,0.7023409,0.407445,0.4075915,0.4142159,0.19603568,0.5575163,0.6092285,0.29277784,0.8917258,0.46785927,0.17601691,0.6570543,0.10343297,0.026251093,-0.139954
0.0084722005,0.08583915,0.0,0.060972743,0.8817249,0.98381597,0.27288598,0.25563025,0.3380084,0.46550977,0.30264357,0.56896406,0.3054493,0.48926044,0.5253454,0.31764087,0.35549206,0.7446189,0.44963804,0.26963747,0.6415801,0.3993861,0.54513186,0.9477803,0.29798082,0.7876768,0.3637426,0.020334058,0.6158624,-0.058746435,0.17164482,-0.0407917
0.0,0.28274655,0.0,0.11235924,1.0,0.8547823,0.26367947,0.2928045,0.43690538,0.7207735,0.3685878,0.20197567,0.26403418,0.2306563,0.7675961,0.2414101,0.7657862,0.74077284,0.33089083,0.7711362,0.85067356,0.25325787,0.05690646,0.65103745,0.3580062,0.6297349,0.50894517,0.05715595,0.3911079,0.0052333856,0.21649693,0.010992695
0.2024405,0.060989454,0.10727614,0.23169863,1.0,0.98466384,0.13069682,0.14748345,0.37713182,0.41235033,0.44144046,0.09962979,0.2552985,0.27075088,0.8638932,0.43983683,0.78570557,0.2893702,0.3038673,0.93357086,0.72618705,0.11179434,0.49099365,0.7379069,0.372508,0.40480733,0.20494144,0.082792416,0.34954908,-0.2624532,0.270659,-0.0799734
0.17473894,0.0,0.24077068,0.06699853,1.0,1.0,0.20646542,0.22297603,0.53164846,0.63150054,0.46567214,0.38508138,0.12161026,0.1321049,0.7647474,0.2372051,1.0,0.74493164,0.297229,0.9443338,0.9885362,0.5104047,0.31485537,0.6110629,0.24697393,0.58678186,0.29635963,0.0,0.42602974,-0.056390867,-0.10445687,0.024599425
0.14046681,0.17000161,0.21899828,0.12508415,0.995521,0.70015335,0.19786745,0.0,0.54369223,0.53022677,0.41536596,0.23394635,0.2851144,0.14307483,0.8870153,0.042316914,0.6705675,0.5473038,0.35893628,0.7510384,0.79507744,0.23188992,0.45626828,0.6500097,0.2574544,0.61784923,0.21992171,0.19282793,0.39189407,-0.020972539,0.12565313,-0.12247063
0.27027962,0.39938858,0.3688165,0.24794336,1.0,1.0,0.37368494,0.26663053,0.6435,0.7173948,0.49365216,0.23427576,0.3349509,0.111756206,0.7489307,0.3389351,0.7944742,0.71955067,0.5262697,0.71936613,0.8652948,0.5306675,0.40727073,0.7161933,0.25963402,0.68730444,0.42575467,0.21616507,0.3657754,-0.20229474,-0.09469155,0.06919709
0.0,0.10307695,0.07649566,0.0,1.0,1.0,0.07990755,0.090361245,0.6403361,0.538219,0.42732078,0.48617393,0.13193394,0.33393213,0.46619117,0.47960758,0.64303374,0.6560807,0.63397807,0.49341625,0.4315502,0.37656358,0.4183757,0.7272144,0.25699988,0.9402101,0.35125247,0.05006951,0.5583215,0.23209321,0.1241469,-0.040003773
0.0,0.0,0.0,0.13293596,0.95001525,1.0,0.12695204,0.0,0.4238733,0.64809275,0.50934476,0.50053394,0.2613942,0.30486876,0.458521,0.45778137,0.76783085,0.73602366,0.35677552,0.5560342,0.55997056,0.39569008,0.49515608,0.755036,0.51531076,0.7166789,0.48174226,0.0,0.3350407,-0.08345112,-0.014903517,-0.18544994
0.04486011,0.10659174,0.14638717,0.0,0.8544254,1.0,0.18216953,0.18351181,0.4274572,0.3217951,0.0,0.45315397,0.2847426,0.29501903,0.7312148,0.22575766,1.0,0.55969125,0.34096798,0.73909205,0.8709029,0.36115265,0.28803563,0.86677825,0.39837664,0.4875404,0.5366991,0.13880023,0.49237955,-0.11158015,0.11085515,-0.12855467
0.0,0.069619246,0.115072735,0.17867184,0.99049944,1.0,0.0039852634,0.39667195,0.41235632,0.5071852,0.34806198,0.46247184,0.37304038,0.3373245,0.69052094,0.39237705,0.830602,0.52282465,0.41524264,0.8675886,0.8846056,0.21877669,0.518762,0.8830017,0.62349415,0.4495889,0.36477977,0.0,0.564059,-0.30678618,-0.19816934,-0.17259884
0.17346857,0.049862273,0.001058571,0.06706676,1.0,0.6016728,0.16730107,0.18165532,0.5397466,0.325127,0.33582646,0.64030266,0.30054307,0.12235187,0.564938,0.31277195,0.9175096,0.69789636,0.2786844,0.8604938,0.9953116,0.42918894,0.24328849,0.9830976,0.5290591,0.60764396,0.50148726,0.16929254,0.45698586,0.07036108,-0.13243932,-0.22323729
0.0,0.0,0.085772075,0.24725255,0.86928815,1.0,0.16269861,0.09996414,0.78913677,0.5301273,0.12636259,0.41979682,0.34812465,0.06104815,0.7159146,0.1489291,0.8147058,0.82805276,0.40166467,1.0,0.53767854,0.4457041,0.28215107,0.7376039,0.53388697,0.52489585,0.28699487,0.001029619,0.39124298,-0.14133582,-0.059913643,-0.22759709
0.06609361,0.0,0.20118955,0.0,0.98037976,0.8940804,0.027772695,0.091996185,0.54227597,0.50023705,0.24278548,0.25617227,0.26001737,0.084469855,0.6197615,0.19790784,1.0,0.67476606,0.25862855,0.8178259,0.78844297,0.44446528,0.17840293,0.7054362,0.537812,0.76275337,0.47182226,0.0,0.22592875,-0.18773797,0.007938201,-0.12192201
0.0510972,0.01656913,0.0,0.09900839,1.0,0.9335678,0.16140608,0.10135238,0.67027724,0.5284092,0.54855615,0.2620766,0.25372136,0.1719663,0.85590833,0.32649153,0.92809206,0.53846586,0.29085806,0.9862507,0.8025837,0.31720102,0.47402775,0.6300559,0.4304295,0.7331585,0.34431317,0.0013445332,0.4166059,-0.40062013,-0.11725137,-0.06312433
0.081749275,0.23248065,0.02960086,0.04790139,0.8682649,1.0,0.12544562,0.22940059,0.67186224,0.49660882,0.6804519,0.14557847,0.28621015,0.2971509,0.8439839,0.20444557,0.9571848,0.80723774,0.26957616,0.75741655,0.7985718,0.20940585,0.19452003,0.5701265,0.36881423,0.66231734,0.32236093,0.036122315,0.2907053,-0.13475889,-0.14411993,-0.10325567
0.0,0.264275,0.10047586,0.0,0.9511096,1.0,0.09604709,0.33500272,0.5263678,0.5777303,0.54026973,0.36060172,0.33578658,0.15261325,0.63180536,0.38220128,0.94189847,0.7784376,0.32097623,0.8381682,0.79088354,0.31795692,0.27631772,0.7559633,0.32417068,0.6209657,0.36780143,0.0,0.46110103,-0.2043181,-0.1527721,-0.10198107
0.42172617,0.33432856,0.35104224,0.3546645,0.87042016,1.0,0.20955756,0.0142309815,0.24446186,0.6708817,0.30153304,0.3102956,0.3781275,0.16559076,0.77536815,0.23791975,1.0,0.7710944,0.35629267,0.95326984,0.7972334,0.4381604,0.21072282,0.59692544,0.5540668,0.6391306,0.3457943,0.06776978,0.3723144,-0.097213835,0.012539528,-0.07535178
0.2814361,0.25956845,0.2946964,0.4068181,0.71485186,0.8062277,0.30763298,0.22131968,0.59026116,0.5744805,0.32514578,0.3463632,0.26133722,0.29449537,0.86788017,0.5020026,0.8686864,0.6763296,0.12860754,0.71643174,0.8333229,0.22845823,0.38134843,0.8283309,0.29824254,0.6461386,0.22662935,0.0,0.4584742,-0.14895159,-0.021953862,-0.056130096
0.063993454,0.03804244,0.3538073,0.40116903,0.91206396,1.0,0.12965597,0.30022478,0.35628918,0.24338742,0.4172859,0.41888553,0.3534629,0.18117008,0.82284594,0.2521919,0.86015517,0.68201923,0.39185685,0.6381252,0.8018094,0.34862998,0.47510174,0.59951735,0.26560193,0.9166723,0.3296884,0.0,0.34979844,-0.13831314,-0.18431789,-0.1264907
0.35974082,0.45551467,0.7547404,0.7895902,0.9025987,0.9394241,0.14342985,0.18583108,0.28370994,0.16775832,0.31087568,0.36364856,0.39072195,0.37631702,0.52674973,0.3238291,0.83703834,0.60379076,0.32942745,0.71575713,0.74533963,0.19975871,0.4627514,0.7626761,0.3745924,0.7961162,0.41496733,0.0,0.53625464,-0.008941906,0.15688628,-0.027590035
0.46420795,0.4584683,0.6277338,0.6801289,1.0,0.8953616,0.41638768,0.08455846,0.37599546,0.53778267,0.30013588,0.23189995,0.29431662,0.20171514,0.83170944,0.50267303,0.77483535,0.7356429,0.59949636,0.9124401,0.75139004,0.3813459,0.41822854,0.78916955,0.2724222,1.0,0.3130092,0.0,0.31469774,0.26045465,-0.1530431,0.14770092
0.028446317,0.19081362,0.4327457,0.3049854,1.0,0.88673186,0.0474077,0.3303243,0.29504585,0.46937755,0.36935288,0.24825154,0.29351726,0.36496192,0.7337711,0.08530387,0.83270323,0.77246994,0.20343187,0.85183275,0.94472617,0.5627496,0.33230823,0.85539365,0.4909531,0.71039003,0.32129198,0.0,0.33503187,0.060166333,-0.0022691973,-0.018602451
0.36784834,0.37597612,0.3058378,0.294379,0.8889181,1.0,0.34331462,0.11622557,0.37534845,0.39711118,0.5183227,0.10697225,0.31412208,0.3038329,0.860362,0.39492536,0.8561976,0.75464535,0.4523347,0.65180284,0.90724534,0.6660161,0.37724593,0.761703,0.19959582,0.93164533,0.36023432,0.12517726,0.15361023,-0.04279942,-0.113458894,0.08651485
0.24674551,0.36518505,0.71265876,0.5774927,0.915153,0.9945897,0.11528591,0.30640772,0.26562327,0.25051212,0.32494602,0.34505668,0.4289165,0.5903266,0.42618138,0.1126215,0.5756078,0.62590677,0.42160988,0.48879132,0.779823,0.5821647,0.5607325,0.70851374,0.47464994,0.7315578,0.29006717,0.23197128,0.3657468,0.1964147,-0.00017276406,0.036337487
0.45206612,0.70006007,0.48885256,0.6755025,0.89725363,0.9877001,0.17156348,0.25980031,0.34396285,0.32537675,0.49856415,0.16229251,0.27421013,0.47379544,0.47040027,0.18141533,0.4747517,0.7052959,0.4407711,0.47278875,0.3253861,0.47948715,0.5789314,0.97735083,0.36480415,0.8908791,0.16175792,0.36315322,0.20621462,0.042551577,0.055593807,0.21951374
0.119144976,0.0,0.08302291,0.1635568,0.8969469,1.0,0.0,0.18735123,0.2800817,0.24988858,0.43743056,0.43007833,0.59564924,0.6246721,0.39257988,0.31268716,0.42622846,0.88085926,0.3916482,0.41006833,0.40781808,0.67067367,0.6322997,0.8897065,0.28738958,0.9392528,0.29266843,0.11475076,0.18776335,0.42505974,0.1688303,-0.040535554
0.0,0.13997182,0.040625207,0.0,1.0,0.96050817,0.031869456,0.24904981,0.24533567,0.20018166,0.30345148,0.46638697,0.2422807,0.19787864,0.66520053,0.47539246,0.51143503,0.6757524,0.47465882,0.48751724,0.7210627,0.511823,0.45160326,0.9989025,0.41524923,0.83845043,0.30204487,0.0,0.19294932,0.17535713,0.04256376,-0.08728127
0.0,0.045718,0.09170745,0.0,1.0,1.0,0.42926708,0.16919209,0.37639105,0.36317477,0.46190453,0.14383206,0.32644075,0.41417176,0.597706,0.3020869,0.70827806,0.66873145,0.5029806,0.8052301,0.64854103,0.340425,0.52561575,0.794978,0.3243283,0.77677524,0.26209262,0.18513313,0.5280476,0.05829625,0.13511753,0.00713381
0.0,0.08625938,0.012253491,0.0,0.64856887,0.9666248,0.0019500852,0.2059069,0.1622656,0.20120458,0.33676475,0.46194318,0.43944144,0.26961228,0.67118335,0.22080137,0.61916614,0.5925915,0.5998487,0.78971,0.7059679,0.5215769,0.31191266,0.9028114,0.34228775,1.0,0.06803933,0.39836693,0.5398151,0.23096113,0.15953551,-0.031180311
0.06287901,0.13605992,0.28233242,0.12489897,1.0,1.0,0.27323195,0.16907619,0.32637572,0.32666615,0.2437515,0.41806975,0.5748527,0.3850543,0.87471205,0.24591094,0.60714793,0.75784355,0.583417,0.6722326,0.63181305,0.40361333,0.5018017,0.7373456,0.33519062,1.0,0.34528533,0.34915844,0.66558886,0.30836293,0.23779957,-0.07864857
0.49518636,0.44721574,0.38676128,0.44094655,0.99382627,0.958543,0.20993865,0.25962552,0.23169465,0.3031656,0.43072054,0.5405442,0.634446,0.6610199,0.61428386,0.48928833,0.47177148,0.76978195,0.52575064,0.5665603,0.39413482,0.614613,0.5423709,0.71008813,0.24409679,0.86318624,0.15811396,0.43670574,0.55271155,0.042395726,-0.02774921,-0.06400268
0.039551195,0.0,0.04440016,0.028573493,1.0,1.0,0.2872865,0.21029943,0.4268129,0.5615462,0.4896285,0.37131274,0.57116807,0.5898096,0.0,0.16749701,0.39697212,0.63043666,0.40627253,0.34248513,0.17932166,0.571471,0.47924772,1.0,0.33744982,0.981065,0.36023605,0.17147857,0.9725472,-0.08745524,0.03468502,-0.06707252
0.07419888,0.0,0.0,0.04034029,1.0,1.0,0.17734782,0.100890584,0.408301,0.2516237,0.40911308,0.25543725,0.7370007,0.7446148,0.056840178,0.42862958,0.22404397,0.80450886,0.43952012,0.059159175,0.20532665,0.74907255,0.67253536,1.0,0.23630328,1.0,0.09303738,0.27181235,0.9298761,-0.039297223,0.0042078476,-0.033233084
0.0,0.002640149,0.0,0.0,1.0,0.87022483,0.06993086,0.16439873,0.27440843,0.7531245,0.39494067,0.3478139,0.5760575,0.7098886,0.0,0.3984468,0.1875398,0.752797,0.55573577,0.44894412,0.334167,0.57047373,0.72916275,0.74984956,0.36331928,0.9245834,0.053970203,0.5361079,0.8030138,0.047018185,-0.18125209,0.084013216
0.0,0.0,0.0,0.11589369,0.77860653,0.97530127,0.09157486,0.25325593,0.29173255,0.2932812,0.25322315,0.3583047,0.571543,0.772779,0.0,0.32921523,0.39928114,0.6374835,0.39948428,0.06371026,0.1963989,0.50563407,0.58242196,0.84326315,0.22724223,1.0,0.2720879,0.3424782,0.78074837,0.05248844,-0.013332473,0.19947946
0.0,0.1371024,0.0,0.0,1.0,0.983131,0.29334357,0.33642924,0.22942534,0.49319986,0.27397507,0.46426988,0.6858555,0.6258933,0.0,0.35030082,0.2756911,0.6280593,0.465722,0.060629725,0.2785907,0.49278817,0.61918855,1.0,0.34769306,0.8404982,0.09550573,0.48450267,0.6495825,-0.09919987,-0.016217707,-0.061837524
0.046044074,0.27061963,0.1937778,0.0,1.0,1.0,0.07001056,0.32340422,0.3818648,0.4476487,0.26503867,0.52870005,0.5194348,0.5595508,0.11527884,0.27215955,0.21929564,0.55709183,0.48595822,0.3195766,0.18174686,0.71712613,0.3875493,0.91181505,0.3087203,0.9888916,0.41205978,0.47234753,0.5282728,0.23525488,0.046184078,-0.14601123
0.20264158,0.0,0.031853013,0.25804397,0.857078,0.97024316,0.22651152,0.19766465,0.33309245,0.27136987,0.42836452,0.2391303,0.5136225,0.41936377,0.0,0.46777558,0.2880215,0.8354839,0.45955545,0.22548205,0.4251756,0.5035864,0.6204932,0.8323356,0.48504925,0.80088896,0.30437472,0.5033043,0.7656323,-0.008073583,-0.06709417,0.08225239
0.06357926,0.0,0.1242324,0.0,0.8421623,0.86184573,0.13999294,0.38997495,0.1773745,0.20275654,0.5383103,0.4931643,0.59192985,0.9499199,0.1425713,0.45656258,0.28476202,0.5738559,0.59753764,0.16571423,0.5357431,0.4581734,0.6969928,0.8981068,0.34426555,0.98104197,0.21242435,0.63784695,0.59989864,0.13457596,-0.030428983,0.042996865
0.14900628,0.24311924,0.0149786025,0.20285773,0.86965436,0.9858158,0.06771393,0.4691412,0.45778802,0.3769279,0.41504452,0.3078435,0.36224797,0.587662,0.095155954,0.5489495,0.26753008,0.84718865,0.614382,0.37181672,0.110350475,0.67402905,0.5705879,1.0,0.36467993,0.9305404,0.39363253,0.6052902,0.47951898,0.31930953,-0.095087275,0.2114844
0.24873653,0.0,0.03780754,0.18225493,1.0,1.0,0.22403315,0.026707798,0.2562256,0.31771487,0.47709328,0.21488424,0.5497162,0.60647166,0.0,0.3604452,0.27186525,0.5496797,0.4553691,0.24517955,0.28283876,0.6412834,0.5512419,0.78761876,0.27868256,0.9708729,0.39425442,0.5963986,0.4309238,0.0767366,0.040377818,0.05144587
0.2570419,0.20932683,0.29736543,0.18826333,1.0,0.9596607,0.22166172,0.20415583,0.4783372,0.6066495,0.50019366,0.34858474,0.605032,0.72565114,0.32397142,0.5085186,0.38042155,0.7280774,0.5727089,0.3492636,0.37412435,0.5956784,0.68104255,1.0,0.10543059,0.90489674,0.23029406,0.19048955,0.25495946,0.13376665,0.10988118,0.03450123
0.074541345,0.1717918,0.29371175,0.2244288,0.98294985,0.8450678,0.2120831,0.3597579,0.2568252,0.26880783,0.34569812,0.38662282,0.91035235,0.53674054,0.52861404,0.22689612,0.3911846,0.8204935,0.70174605,0.40569806,0.50471926,0.62072724,0.5443178,1.0,0.37125117,0.57120883,0.06774457,0.33695036,0.3499689,0.18153076,0.09896184,0.12975661
0.31737453,0.3993634,0.5384377,0.28226998,0.9202044,0.88146704,0.1471177,0.37514406,0.35709688,0.28279406,0.345243,0.33628774,0.41564235,0.5234735,0.6035329,0.314086,0.47085765,0.58787847,0.44308367,0.58716977,0.62179637,0.48235893,0.5234929,0.8352016,0.26110154,0.96474713,0.007928014,0.27896434,0.2924184,0.0027575493,-0.07210134,-0.010690078
0.63096184,0.53971267,1.0,1.0,0.9921333,1.0,0.18051115,0.31648374,0.32938555,0.15719983,0.24794613,0.43898797,0.5859441,0.7121165,0.46404514,0.4004326,0.56080246,0.86106783,0.67114234,0.46121684,0.6590229,0.5788984,0.5976852,0.7542744,0.03335923,0.7907528,0.46969694,0.41247928,0.6459887,0.17968526,-0.02223196,0.0198052
0.52225333,0.49430493,1.0,0.94586,1.0,1.0,0.23347409,0.30948734,0.28969684,0.34530905,0.36187518,0.451747,0.7785356,0.7512255,0.37150025,0.49407342,0.46506184,0.8578947,0.46470487,0.7578546,0.5790124,0.75752187,0.56871957,0.80360305,0.37298784,0.858444,0.59122396,0.2739393,0.7174408,0.1853028,0.13030043,-0.038825974
0.040159732,0.031559587,0.0,0.25529587,0.97214794,0.9530932,0.28014177,0.1503391,0.300394,0.30728793,0.20379633,0.2752185,0.5795542,0.65171385,0.02969496,0.2903214,0.22382186,0.6799326,0.48458946,0.3649856,0.14951211,0.5434206,0.6557174,0.8911855,0.27570415,0.9659283,0.102750435,0.44281727,0.73896587,-0.0055922866,0.051145058,-0.06427691
0.05099374,0.0,0.0,0.0034415266,1.0,0.8529804,0.13214146,0.14642374,0.23423551,0.3723134,0.36039862,0.34680182,0.8778527,0.69048035,0.027030174,0.1949569,0.37949705,0.6866008,0.47261712,0.40894094,0.20691197,0.64420515,0.6088957,1.0,0.115618125,0.9530678,0.36730996,0.755807,0.4298125,0.20641923,-0.0051704273,-0.31904408
0.0,0.057053465,0.0,0.046573974,1.0,0.99770427,0.21379012,0.092234865,0.43376955,0.23498815,0.6316493,0.30710843,0.5381286,0.6386474,0.058715887,0.44701546,0.33515456,0.5354368,0.5388324,0.271562,0.22280076,0.38106662,0.32790092,1.0,0.19379917,1.0,0.35588017,0.51297176,0.65235806,0.044524,-0.07322693,-0.18572517
0.0,0.070616044,0.17753643,0.0,0.904994,1.0,0.35561913,0.202947,0.478611,0.33363804,0.49705458,0.38241902,0.6249017,0.6432594,0.081274554,0.38579348,0.17102958,0.5131566,0.5740729,0.043460444,0.27419174,0.49226087,0.40701193,0.9598179,0.19400156,1.0,0.26259226,0.6502939,0.48258862,0.03970508,0.053910065,-0.26658967
0.28724647,0.18904726,0.20263197,0.10017473,0.9898077,0.91440886,0.40837264,0.26028076,0.543542,0.13874826,0.22711149,0.52275944,0.7655395,0.65564954,0.2239447,0.23615734,0.34229177,0.8038833,0.4427855,0.31246582,0.38982314,0.5116775,0.8056721,1.0,0.11290486,0.9654673,0.25358105,0.7037673,0.5422963,-0.027060568,0.0960336,-0.109660916
0.0,0.0,0.0,0.091987096,1.0,0.88616294,0.16722019,0.23820543,0.39968064,0.31026742,0.38382816,0.25853583,0.4858052,0.43454722,0.13936484,0.5261763,0.34221417,0.7723318,0.5415786,0.10892641,0.23061396,0.41415134,0.7846241,1.0,0.29008284,0.67168546,0.20855746,0.4260358,0.73618245,0.2365,0.106121406,-0.20167392
0.080672674,0.0,0.0,0.03781753,0.9452213,1.0,0.17490998,0.19199389,0.4517234,0.50539047,0.347947,0.34599552,0.6042791,0.6227829,0.0,0.16798607,0.14727992,0.7269549,0.5018142,0.11393081,0.33884937,0.5349668,0.515232,0.93716496,0.31572735,1.0,0.09618305,0.3256843,0.68113136,-0.012145743,-0.029786423,0.03201489
0.0,0.0,0.0,0.049896352,1.0,0.9544207,0.116485536,0.18802896,0.6473974,0.3826423,0.0,0.19571626,0.66158175,0.60745686,0.0,0.46963626,0.29763985,0.8103273,0.6084843,0.13694572,0.2700382,0.6525402,0.6148514,0.94927776,0.24541113,1.0,0.18597984,0.28957626,0.76842797,0.083739266,-0.02343195,-0.12178141
0.0,0.0,0.0,0.13052134,0.7957878,1.0,0.028121606,0.10409843,0.3009212,0.62528765,0.40904307,0.5482905,0.49775982,0.60769975,0.0,0.45375317,0.37331963,0.829874,0.68625283,0.18630135,0.4543261,0.44338125,0.62771577,0.76398695,0.22765934,0.91967964,0.26644394,0.24946883,0.86281276,0.039339885,-0.04688908,-0.15622261
0.0,0.07763642,0.0,0.053765975,1.0,0.95503795,0.20146692,0.092109926,0.36292434,0.36104515,0.3310735,0.3589021,0.46833023,0.67448914,0.0,0.2099336,0.3613292,0.7250281,0.7078364,0.37438247,0.2965974,0.7090113,0.37130052,1.0,0.2688846,0.72708493,0.14093405,0.19063377,0.6889238,0.05625377,-0.07049733,-0.20688581
0.16510552,0.0,0.0,0.0,0.85741365,1.0,0.16952054,0.12288891,0.49416813,0.3756298,0.3073328,0.3674568,0.5855819,0.7543982,0.0013776384,0.57664394,0.05462736,0.89134383,0.52685773,0.2119922,0.27245083,0.61504805,0.55411434,0.9923952,0.22992459,0.95116115,0.3050805,0.4531524,0.50699,0.07678346,0.046513796,0.020309784
0.0100027975,0.14320225,0.0,0.0,1.0,1.0,0.28664473,0.28805596,0.26901668,0.2858184,0.4420435,0.27060193,0.5759041,0.7105033,0.06794069,0.37662384,0.25247526,0.73918045,0.44860303,0.16980007,0.13049975,0.47167987,0.7219762,0.7209865,0.23291032,0.9175605,0.23607408,0.17835587,0.8337095,-0.026690172,0.11902496,0.09890993
0.18382089,0.19514602,0.0,0.13927141,0.85521007,0.8820254,0.168571,0.22165406,0.5034884,0.2610278,0.5776816,0.43365398,0.45228225,0.43026164,0.0,0.38180605,0.2337954,0.729214,0.42362165,0.35467154,0.30918825,0.5604689,0.5113163,1.0,0.4440878,0.7862445,0.46177077,0.20012367,0.5801899,-0.07303987,0.13388914,-0.07899427
0.092762746,0.24754664,0.0,0.13311072,0.9820529,1.0,0.14682275,0.333911,0.5139228,0.42164654,0.33506504,0.29443038,0.40075243,0.39261606,0.02963404,0.45662376,0.237789,0.8577896,0.6949629,0.18932419,0.20586433,0.6931932,0.46612278,0.94014597,0.18176645,0.9935473,0.20511077,0.25817809,0.9232774,-0.033289284,-0.021562196,0.07065842
0.21564403,0.0730927,0.01456766,0.101814464,1.0,1.0,0.069541216,0.013862416,0.24528268,0.39250988,0.3510886,0.16420169,0.5376742,0.3965868,0.13325545,0.41062242,0.34783491,0.7844615,0.4797681,0.47023663,0.29400748,0.599125,0.6217611,0.91348684,0.421601,0.8662764,0.38124388,0.21458596,0.337796,0.06512089,-0.15430966,-0.06756075
0.35865042,0.3083927,0.97908074,0.84641874,0.8438736,0.63565993,0.13000622,0.2222229,0.6201762,0.26439923,0.5631054,0.06966239,0.42293486,0.60214907,0.47154132,0.509427,0.58750516,0.79075927,0.59977007,0.52781004,0.57852966,0.44208607,0.60641956,0.8117767,0.5845562,0.86177224,0.35654783,0.2724078,0.25938743,-0.18088692,0.17938218,0.13251382
0.8015772,0.46089128,1.0,0.95293915,1.0,0.9079242,0.0,0.22590688,0.5049241,0.6576305,0.22933425,0.37146136,0.4438561,0.57065153,0.47326434,0.254825,0.6495435,0.90708655,0.3706396,0.20943314,0.4863825,0.6255138,0.7814623,0.759706,0.48221642,0.7580183,0.27188912,0.082743004,0.4111424,0.12716287,0.01802702,-0.17682327
0.15706494,0.0,0.31283683,0.25634316,0.9914797,1.0,0.42551428,0.27515674,0.28502208,0.68432313,0.31040832,0.27186292,0.09078622,0.5018486,0.39899296,0.32538906,0.52748644,0.8251008,0.5948965,0.6215313,0.61793435,0.528075,0.5261669,0.6788542,0.4670092,0.5713289,0.31974602,0.10490302,0.6603023,-0.030203894,0.055818494,-0.09264547
0.28408244,0.18582001,0.3444802,0.44981396,1.0,1.0,0.0,0.21332696,0.37714458,0.70499563,0.38417882,0.2829917,0.35369447,0.27484772,0.5881492,0.41814464,0.46642953,0.80105764,0.50279343,0.824035,0.51697546,0.48060122,0.20910534,0.7393513,0.30927595,0.91503054,0.52352995,0.09110438,0.5534586,0.10842775,-0.007444158,-0.05623522
0.17861989,0.18037707,0.76256704,0.8692641,0.82346326,1.0,0.0,0.26137218,0.52667516,0.43333447,0.42217195,0.34503958,0.35698745,0.40067118,0.4541829,0.47973263,0.45299232,0.7015625,0.39985505,0.7326157,0.5537432,0.47506198,0.4157497,0.63222444,0.40398437,0.77267134,0.6002452,0.11564042,0.63667697,0.34640372,-0.060940288,-0.007792197
0.4513713,0.32571623,0.54990727,0.60999787,1.0,0.86250114,0.0,0.13758436,0.5227021,0.30526033,0.50650626,0.47463056,0.5135851,0.5327069,0.50770575,0.31638274,0.6276302,0.81324744,0.7143351,0.67095685,0.4258159,0.60415953,0.5225543,0.95165414,0.29551926,0.79081374,0.36217624,0.06511413,0.23427749,-0.08482251,0.26121303,-0.097432256
0.7051765,0.80996627,0.9401053,1.0,0.98739815,0.95755655,0.096804656,0.090772115,0.3476952,0.63318384,0.48319006,0.4614695,0.46850172,0.2955749,0.6578666,0.35683796,0.5227873,0.8065736,0.527248,0.929417,0.57210314,0.4597296,0.28931016,0.9134165,0.35126588,0.9517208,0.20631216,0.0,0.0,-0.037660673,0.14608136,-0.080417424
0.50189716,0.66403294,1.0,0.83210206,1.0,1.0,0.0931993,0.23610796,0.45491174,0.72371674,0.24537045,0.37357116,0.37379432,0.37827003,0.7662757,0.2480623,0.73869413,0.693385,0.39597088,0.77199817,0.878389,0.5348551,0.47528714,0.8480067,0.40978318,0.9920895,0.6588689,0.0,0.31907582,0.13454242,-0.06886813,-0.02327567
0.3826222,0.40414715,0.49424076,0.62440735,0.9362848,0.92448175,0.30718017,0.17145112,0.40876424,0.311636,0.30475742,0.44564942,0.41424623,0.37281,0.9766728,0.28460482,0.7092933,0.5026514,0.38327464,0.60729676,0.7365579,0.52115977,0.3612022,0.772325,0.45409092,0.72753096,0.23007068,0.0,0.48234987,-0.13993837,-0.20370272,0.08680883
0.62944084,0.6319301,0.77347463,0.9416353,1.0,1.0,0.32783642,0.42742753,0.49524602,0.5018126,0.0,0.32140133,0.51173323,0.41915217,0.7741282,0.17296442,0.8350997,0.79930884,0.5153968,0.9810486,0.7390925,0.25393364,0.4004414,0.6868124,0.36358213,0.66951025,0.4260582,0.052624755,0.4346636,-0.16428864,0.14496517,-0.254862
0.06012521,0.15142965,0.18762316,0.22726637,1.0,1.0,0.321526,0.084915236,0.40598175,0.6246615,0.29879764,0.23437129,0.46021044,0.4694315,0.8200675,0.26945934,0.8344218,0.7753661,0.5300267,0.862565,0.8499749,0.348329,0.63989264,0.67270195,0.2134148,0.75403655,0.39899993,0.13513209,0.3139965,-0.13838002,0.06037075,-0.018870432
0.30897865,0.14030036,0.48526657,0.2775096,1.0,0.87813246,0.35688776,0.24312252,0.44710046,0.49665913,0.31796438,0.43073243,0.674127,0.5302079,1.0,0.34504443,0.8428312,0.8623449,0.43683466,0.84921503,0.81378984,0.528866,0.5372319,0.81472945,0.05657035,0.9065921,0.29483646,0.13263288,0.4941677,0.26761842,0.0022929655,0.07923962
0.30563352,0.31966937,0.3902584,0.44833544,0.92844284,0.8729836,0.09865375,0.2684015,0.39934152,0.5697893,0.30406922,0.07923037,0.30850214,0.40171874,0.8979308,0.19990227,0.9165056,0.53993154,0.39439487,1.0,0.9307813,0.57885814,0.38542992,0.6786306,0.21004286,0.81410503,0.42011815,0.0,0.36936653,-0.028355235,-0.14948522,-0.016842926
0.66120225,0.4519023,0.9453563,0.7213754,0.8812214,1.0,0.27088496,0.20681028,0.3585909,0.45800596,0.4320543,0.4004937,0.31307378,0.14539167,0.7546483,0.32264352,1.0,0.68631864,0.28807417,0.8608318,0.91322786,0.2544818,0.4693749,0.88392055,0.32989728,0.8319374,0.47273585,0.010669082,0.3936637,0.098407395,0.021531567,-0.09296502
0.50320154,0.46794346,0.8230375,0.8818734,0.84539884,0.977406,0.0,0.068095654,0.32288456,0.38094765,0.44740242,0.34800076,0.28159812,0.24164522,1.0,0.12851667,0.85412335,0.74788415,0.47761118,0.8797036,1.0,0.37595996,0.3085036,0.55722237,0.3000734,0.8612824,0.40107322,0.01857987,0.3427633,0.048690062,0.06900406,-0.0028527938
0.8280274,0.5859511,0.9699418,1.0,0.86173964,0.96691245,0.15819597,0.14459026,0.33229655,0.48929188,0.28952017,0.28544155,0.3993862,0.08701876,0.99488413,0.3382519,0.86588603,0.7619022,0.39045253,1.0,0.98401845,0.28115246,0.40630168,0.7575544,0.25576773,0.45455456,0.23565693,0.0,0.5850556,0.13155518,0.3,0.017541595
0.5726404,0.4554129,0.9460825,0.98275316,0.968733,0.9899646,0.23888646,0.11899906,0.34172198,0.5783205,0.43659803,0.4451264,0.30652213,0.28237268,0.8270688,0.26130664,0.8316325,0.7427268,0.3581029,0.9497647,0.7869681,0.48465684,0.31284496,0.65121937,0.28304642,0.66701066,0.48576155,0.014873911,0.4929189,-0.08954853,-0.12807222,0.08723792
0.6567239,0.49870262,1.0,0.8195145,0.99133754,1.0,0.32414088,0.2049792,0.3064499,0.5464084,0.41476277,0.18852758,0.3428204,0.14533679,0.7981378,0.18032615,0.8652632,0.45843256,0.2933405,1.0,1.0,0.31649268,0.4164945,0.9135185,0.3488813,0.59458697,0.33990493,0.0,0.44105896,0.4387046,-0.17176217,-0.088621914
0.7116741,0.6616258,0.9995592,1.0,1.0,0.8530592,0.22178453,0.16281103,0.42785203,0.5661428,0.3083509,0.14893988,0.24490416,0.17644206,1.0,0.19096422,0.9427778,0.6905894,0.39752364,1.0,1.0,0.5282402,0.29458368,0.6551779,0.54398245,0.7196009,0.5542919,0.104982495,0.3410354,0.1474826,0.08068481,-0.10080291
0.45029736,0.55635065,1.0,0.8996071,1.0,1.0,0.10260926,0.12128091,0.48237497,0.18277416,0.4389734,0.30207676,0.32422832,0.0877878,1.0,0.15145731,1.0,0.5723996,0.45099816,1.0,1.0,0.37105134,0.43749398,0.7771925,0.5207023,0.7697691,0.4283017,0.0,0.59353733,0.044173315,-0.0038730316,-0.15726085
0.6616827,0.5058174,1.0,1.0,1.0,1.0,0.21767789,0.14652732,0.4519938,0.4354556,0.34856364,0.42868477,0.2918868,0.26414475,0.9129044,0.23668945,1.0,0.5933865,0.1799198,1.0,0.9064735,0.2860725,0.43151668,0.9173778,0.43318552,0.810922,0.46304762,0.0,0.47186187,0.35805303,-0.11483176,-0.0736512
0.625493,0.5154093,0.9310527,0.99056864,0.9748657,0.7763625,0.26533008,0.30081716,0.4949833,0.55913424,0.2206707,0.38605258,0.33430332,0.21876618,0.93227094,0.17474288,0.8700133,0.7543589,0.3767877,1.0,0.9282048,0.19582517,0.33610296,0.6826176,0.3713353,0.66873395,0.37682092,0.11235884,0.53094506,-0.09895957,0.04541941,0.029200949
0.63882536,0.4111529,0.9603808,0.817128,1.0,1.0,0.24903099,0.17997262,0.50405395,0.33927268,0.37522072,0.3567233,0.070817344,0.137568,0.9706411,0.33522314,1.0,0.63963807,0.1419779,1.0,0.9872913,0.4423264,0.28858048,0.7644893,0.30221915,0.7322463,0.5731701,0.0,0.5970994,-0.023935985,0.004774932,-0.03927093
0.33115357,0.5967412,0.9221411,1.0,0.8209023,1.0,0.0,0.185472,0.38700435,0.48701897,0.43004853,0.3867364,0.029943883,0.1184268,1.0,0.4268772,0.98696816,0.71877867,0.38448647,1.0,0.9364505,0.3929918,0.21534404,0.57338035,0.57389915,0.5471615,0.52557385,0.1893151,0.5368941,0.07224698,0.016771212,0.02597329
0.5107711,0.4609645,0.94145256,0.9030369,0.82785785,0.9265064,0.1325313,0.16493261,0.41413492,0.4999798,0.26504484,0.46181813,0.10282232,0.17251226,0.96314,0.18045616,1.0,0.5891436,0.45966715,0.7775638,0.8956607,0.29614338,0.48884535,0.60353184,0.6155306,0.6730888,0.6371429,0.046902027,0.58152026,0.06898208,-0.08600801,-0.12288231
0.44331944,0.51906556,0.9686188,1.0,0.8975983,1.0,0.41153073,0.15502888,0.3905759,0.52991533,0.5633223,0.33246994,0.68062246,0.44860777,1.0,0.24402907,0.8285697,0.656983,0.31824744,0.658841,0.77485526,0.61193365,0.45443845,0.825723,0.38533592,0.8945385,0.081609875,0.06232445,0.5682581,0.29831254,-0.21107864,0.12991649
0.556129,0.4849589,1.0,1.0,0.85639215,1.0,0.10155439,0.19259319,0.46089822,0.38652158,0.3751223,0.19532245,0.4504882,0.60754144,0.637763,0.36867836,0.65065664,0.6787064,0.4596395,0.59378856,0.65723294,0.46841705,0.5073506,0.9454478,0.24263905,0.88124365,0.39826447,0.030880973,0.5645753,-0.006937675,0.058996685,0.0061748745
0.29284906,0.19502464,0.5433639,0.62372553,0.79532677,0.95083857,0.30808276,0.038135417,0.42969456,0.39304528,0.26954097,0.38437474,0.4087627,0.5350219,0.94121915,0.37928757,0.6713334,0.6766232,0.6598027,0.5048144,0.4784596,0.6697678,0.5962021,0.95469457,0.38260245,0.869084,0.33438662,0.23453972,0.3950209,0.23552041,-0.17918055,0.08895667
0.113851495,0.03811147,0.042357873,0.0,0.8207355,1.0,0.2268928,0.10421558,0.34679103,0.6621461,0.2543269,0.27123442,0.7576945,0.61307764,0.5279546,0.2072272,0.65577155,0.7052056,0.5358869,0.5649532,0.35951084,0.46250144,0.4430486,0.9944339,0.41246137,0.89652085,0.06097555,0.35767227,0.6319525,0.21096171,0.058485445,-0.03386947
0.27118725,0.004675865,0.06289745,0.2495977,1.0,1.0,0.037097976,0.1334515,0.36901417,0.4836977,0.22931987,0.4467708,0.5635716,0.6944645,0.69427824,0.17671552,0.2767868,0.6157369,0.73631096,0.47746646,0.4903379,0.30960166,0.6535646,0.98976934,0.113190174,0.9821342,0.23141386,0.28571314,0.56892437,0.14578757,0.05228708,0.036976088
0.70317036,0.63804865,0.6944185,0.7045702,0.86096597,1.0,0.25564304,0.21372259,0.32289717,0.32234928,0.36470273,0.437526,0.37566552,0.6053694,0.5807371,0.22584581,0.9751271,0.73612314,0.5177886,0.7908096,0.89455587,0.38162473,0.34856194,0.80690986,0.43896875,0.94296557,0.3189273,0.10893761,0.2752403,0.14479013,-0.26292676,-0.12999743
0.6428791,0.58311814,1.0,0.82452834,0.80365276,1.0,0.35299775,0.17890719,0.3197132,0.2256122,0.40094084,0.22698078,0.6941351,0.61089176,0.50656646,0.256513,0.7098543,0.8611851,0.71987295,0.6926438,0.6821413,0.5015475,0.5857864,0.95700145,0.21415868,0.85751534,0.22243732,0.002391994,0.42667127,0.09826091,-0.014200905,-0.029070685
0.71767133,0.47740135,1.0,0.95215243,0.7425174,1.0,0.24401048,0.13690254,0.44197536,0.32932007,0.4590044,0.47656608,0.6025709,0.4301166,0.6822511,0.18759531,0.73662996,0.8795804,0.44213456,0.5142413,0.5643026,0.6341151,0.76071215,1.0,0.11325961,1.0,0.016440779,0.17938845,0.5318348,0.19790429,0.07989698,0.03824673
0.33846053,0.5416229,0.7060932,0.7284107,1.0,0.9471066,0.15831706,0.16796656,0.53521013,0.5221794,0.26639223,0.52626014,0.6870751,0.70199275,0.50107414,0.35336575,0.50762177,0.66695553,0.46694928,0.61569357,0.61159587,0.5659766,0.3783219,0.9958635,0.1999765,0.92063063,0.24087392,0.019704998,0.42314017,0.13410063,0.13245681,-0.14373803
0.31632692,0.42594957,0.70322186,0.7229616,1.0,0.918436,0.06865789,0.1349514,0.5707072,0.23420039,0.29540455,0.38215047,0.5264043,0.49442238,0.878183,0.44742212,0.50280374,0.57305044,0.43215048,0.4150881,0.5623455,0.63875955,0.3858158,0.8603201,0.34103277,1.0,0.28593376,0.24182811,0.3594495,-0.048698485,0.12562478,-0.008773554
0.0,0.06992148,0.012871546,0.060140535,0.8568233,1.0,0.20343664,0.0,0.36636043,0.2930782,0.5276693,0.40930125,0.538074,0.6198478,0.11477898,0.37447926,0.2926891,0.9830828,0.44140628,0.3933233,0.33509582,0.6932539,0.49730116,0.93238467,0.05339773,0.99844164,0.34949905,0.18408374,0.5770638,-0.0067187473,0.16711956,0.14010984
0.0,0.11586511,0.0,0.048886243,0.85636044,1.0,0.41964045,0.39358628,0.37635905,0.55235386,0.5334533,0.23142874,0.74654865,0.6871178,0.20592783,0.2762468,0.4341157,0.76709294,0.47150385,0.48557857,0.3759565,0.553589,0.4310869,0.9956343,0.37488186,1.0,0.5546094,0.40838972,0.8182053,0.07654915,-0.029743755,-0.1389201
0.25325888,0.041821346,0.054200076,0.10757006,0.9861864,0.99734527,0.06733313,0.20206732,0.22682801,0.27393594,0.55106056,0.10917363,0.5678436,0.59373134,0.096779734,0.23358127,0.3825957,0.6146375,0.52934843,0.43607455,0.36958337,0.46960026,0.56539744,0.7634575,0.33393624,0.9859445,0.30234313,0.40767008,0.7013136,0.16872458,-0.1827663,0.020650186
0.18314525,0.0,0.018546797,0.0,0.9268214,0.89536214,0.14743607,0.26005352,0.49469095,0.25030944,0.5625194,0.20179236,0.5928509,0.56307083,0.21875122,0.3960731,0.3964357,0.74043703,0.47304767,0.42687243,0.23110758,0.5447014,0.6807703,0.84914815,0.2658614,0.7898637,0.09878901,0.46992612,0.46608698,0.20816241,-0.09257926,-0.12829508
0.02966813,0.0,0.12006983,0.084345326,0.993837,0.8977159,0.22935173,0.22106785,0.57791626,0.18570292,0.49614885,0.27437216,0.58776915,0.5561561,0.082774326,0.123233736,0.25755185,0.7977556,0.6670264,0.42240348,0.42688823,0.774676,0.6156005,0.81836474,0.3494907,0.7172586,0.42650318,0.3913228,0.5741398,-0.019420972,-0.013659626,-0.058096893
0.03987974,0.0,0.0044242274,0.19241579,1.0,1.0,0.37773687,0.23369327,0.41564435,0.43220252,0.2996598,0.584887,0.5599356,0.36617965,0.08229111,0.53097796,0.20588547,0.8961234,0.5779945,0.40170234,0.07619201,0.5557842,0.80339944,0.9515657,0.38599104,0.77090895,0.2927781,0.24999343,0.525711,0.20549004,-0.113514215,-0.17577486
0.0,0.11463373,0.0,0.0,1.0,1.0,0.11250211,0.3720804,0.5133079,0.44167644,0.30804443,0.36232004,0.7167997,0.59221035,0.14506559,0.52867424,0.43527454,0.7439342,0.6341668,0.2095479,0.17430371,0.6108948,0.6432544,1.0,0.1068771,0.8535566,0.42017537,0.5143874,0.40798235,-0.011893183,-0.25600174,-0.107289724
0.044763304,0.07423472,0.0,0.027626414,0.95787895,1.0,0.25245082,0.36707824,0.14448917,0.56653124,0.41253352,0.3497138,0.6072113,0.46731234,0.0,0.22226457,0.2761758,0.8943729,0.46674705,0.19847485,0.4575249,0.606574,0.58661103,0.9069513,0.10606633,0.92446893,0.2952468,0.40944874,0.7297153,0.17845616,0.057820246,0.049537137
0.13228005,0.07627864,0.0,0.13812207,1.0,1.0,0.18019976,0.18867433,0.4103163,0.37512106,0.50367874,0.16816479,0.43603504,0.35899097,0.0010398403,0.42448542,0.32452,0.6526969,0.5295538,0.25920323,0.37568587,0.5163189,0.65815306,1.0,0.17588928,1.0,0.11544791,0.53339595,0.4279896,-0.03232804,-0.12799937,0.15284133
0.1406775,0.19846255,0.028064467,0.0,0.9585107,1.0,0.12182117,0.15522599,0.31598836,0.38859057,0.3622591,0.24436173,0.48048833,0.6939164,0.0,0.45723176,0.24981463,0.5824102,0.6277063,0.11940454,0.18994138,0.4877615,0.62603563,0.7543926,0.37668902,1.0,0.20811407,0.46925187,0.7073265,0.08257611,-0.024252385,-0.003320085
0.6004633,0.6129139,0.93932956,0.8931138,0.93101114,0.9661978,0.0,0.28088495,0.55847657,0.5532211,0.4980002,0.45480278,0.496057,0.61248374,0.5255182,0.15625755,0.33906797,0.6992514,0.4988988,0.28600568,0.3674172,0.64201987,0.68326855,0.895545,0.25582635,0.94858146,0.31552434,0.30000693,0.37649307,0.29109353,0.084074795,-0.022585224
0.57192254,0.51721287,1.0,1.0,0.9911363,0.8662884,0.2710414,0.025200635,0.28788948,0.24205223,0.25949752,0.1598587,0.59870106,0.51924014,0.6434242,0.45332384,0.4666696,0.6106831,0.48651248,0.449562,0.62835974,0.4901037,0.69113016,1.0,0.22523111,1.0,0.32823545,0.1350312,0.122668326,0.37528867,0.17346144,-0.11868195
0.41799808,0.2893538,0.6386465,0.4734764,1.0,1.0,0.11256245,0.29537952,0.53271395,0.43076542,0.16294195,0.5987353,0.6634032,0.72397596,0.4533247,0.44061655,0.284146,0.79730004,0.5906541,0.79254764,0.5304692,0.5851296,0.5753522,1.0,0.35038134,1.0,0.3314404,0.08788208,0.21502861,0.22065417,0.09365017,0.08403536
0.3626329,0.09347698,0.24294621,0.3131221,1.0,0.9615063,0.20605376,0.15076022,0.5109409,0.52342653,0.5380523,0.47208488,0.5811101,0.4628645,0.43968397,0.45484897,0.5938906,0.5872849,0.39886254,0.3543409,0.55361396,0.47623384,0.5092786,1.0,0.43024394,1.0,0.35157475,0.13975306,0.21220881,0.27458414,0.1735352,-0.03438112
0.3082214,0.4728533,0.79135484,0.7943732,1.0,0.9637115,0.055549547,0.07733673,0.31728482,0.24863835,0.47282988,0.5084098,0.6742013,0.5961439,0.23488736,0.26831374,0.4811309,0.7715042,0.5474364,0.6392134,0.39132065,0.54677886,0.4211922,1.0,0.21008164,0.7878061,0.4452014,0.0,0.35322988,-0.011241287,0.19957289,0.016074002
0.13391508,0.23477165,0.60149455,0.45035356,1.0,1.0,0.037544698,0.25549755,0.45919204,0.518446,0.48549625,0.31895438,0.15707128,0.111009195,0.8267621,0.45854256,1.0,0.6999774,0.27819678,1.0,0.9441723,0.3423603,0.40466154,0.6674492,0.4073084,0.79917157,0.3373234,0.2146902,0.49377078,0.18263774,0.024928566,-0.0051160557
0.591556,0.62976813,1.0,1.0,0.9442781,0.8376644,0.1307148,0.37086755,0.20161423,0.35267752,0.3818427,0.29488245,0.2751167,0.31788126,0.58787096,0.31548834,1.0,0.8075813,0.48271388,0.79726356,0.73044676,0.39447466,0.27702737,0.8115725,0.33622858,0.8273073,0.37089553,0.0,0.54513776,0.1952741,0.10822509,-0.17843823
0.49554515,0.4256618,0.92253304,0.9651421,1.0,0.959974,0.043384463,0.1739174,0.33248806,0.26721922,0.31207913,0.33260074,0.37916598,0.12788498,0.6515102,0.22545348,0.96509284,0.8296405,0.5600418,0.8542013,0.8367462,0.28727385,0.26516515,0.48585176,0.407883,0.7555509,0.3344103,0.0,0.49989748,0.3481616,0.023418719,0.025664553
0.57664055,0.67136776,0.9530291,1.0,1.0,1.0,0.26870215,0.16738847,0.37412444,0.37112033,0.3954337,0.4711196,0.4045524,0.24031292,0.7180152,0.45591563,1.0,0.836357,0.34291917,1.0,0.8651471,0.24108967,0.371813,0.68454254,0.44509038,0.9353665,0.38003528,0.09317643,0.438683,0.2686906,-0.021713037,-0.25248396
0.57469445,0.65589744,0.8324848,1.0,0.91198635,0.9355568,0.252856,0.09254898,0.24313636,0.2866878,0.5137058,0.32043478,0.16633536,0.23820955,0.81249577,0.20168144,0.5316266,0.79644847,0.37449545,1.0,0.83646685,0.33931637,0.21508652,0.71846265,0.32326478,0.7005209,0.5531894,0.029769158,0.30906954,0.25635716,0.021319743,-0.20879747
0.51207227,0.36022437,0.58729786,0.59864014,1.0,0.9794902,0.21944927,0.15212709,0.2836696,0.45033124,0.3369503,0.36140442,0.5588919,0.4109663,0.6184619,0.33740935,0.95156425,0.7912349,0.38291487,0.94856346,0.6909055,0.385184,0.5029353,0.6018514,0.23255157,0.72833246,0.51398635,0.0,0.57245785,0.15056732,0.086042136,-0.03240463
0.46439764,0.41191655,0.82525265,0.93595785,0.9023035,0.8621699,0.3205529,0.2075805,0.539248,0.5559557,0.3618103,0.24040909,0.35323092,0.26446846,0.58622193,0.2329932,0.8465111,0.5978523,0.3313089,0.8704631,0.8426214,0.43453017,0.4393524,0.70861405,0.20779018,0.751881,0.30838716,0.07610966,0.15298411,0.0076057464,-0.016077437,0.027093522
0.43292513,0.5333957,0.75256556,0.66074926,0.9221066,0.71439683,0.23979735,0.28557163,0.42629665,0.37247476,0.39081687,0.5578519,0.44776738,0.31034434,0.65420246,0.2356129,0.87039363,0.5007974,0.43116528,0.6892591,0.8511175,0.27319115,0.25204438,0.8341979,0.4396392,0.6761657,0.4774838,0.0,0.44844273,0.2030525,-0.118431404,-0.074936494
0.34967795,0.42094958,0.7624135,0.6132474,1.0,0.9378063,0.19671148,0.12262932,0.45970038,0.45052898,0.26996082,0.20050964,0.42946804,0.237254,1.0,0.4719573,1.0,0.7243122,0.08147958,0.8845,0.87143147,0.20815524,0.39950493,0.589267,0.1654367,0.62123626,0.2631784,0.0,0.28731072,-0.07342971,-0.030580716,-0.0537835
0.56497467,0.41218072,1.0,0.8081843,1.0,0.8439859,0.30500224,0.21494703,0.4187288,0.563093,0.28376144,0.38966918,0.13409616,0.21269478,1.0,0.06371677,0.8198056,0.7373627,0.36801618,1.0,1.0,0.40110528,0.107523814,0.6415693,0.30910754,0.5871927,0.1406337,0.024965411,0.4752587,0.06597649,-0.12958302,-0.060512777
0.3821259,0.5345861,0.76151276,0.82746327,0.90311426,0.9933262,0.29948348,0.12248798,0.5689339,0.46534878,0.25610602,0.3568763,0.3561193,0.05824405,1.0,0.30038458,0.96568865,0.5438201,0.4399338,0.78008556,1.0,0.44441974,0.3096689,0.7455572,0.3296608,0.68563694,0.3357977,0.0,0.4900758,0.0137056075,0.07037353,-0.1215401
0.07230076,0.5151738,0.4868491,0.4787243,0.93057775,1.0,0.2570248,0.0071262717,0.4909296,0.6825824,0.4727695,0.47449458,0.08619127,0.1039106,1.0,0.24312449,0.9589586,0.50289524,0.47619662,1.0,0.8991836,0.25071153,0.27450407,0.85950243,0.36903015,0.6980074,0.43727008,0.0,0.605456,-0.1362634,-0.077352785,-0.1382632
0.37771434,0.3013306,0.7199376,0.58692306,0.9497803,0.84762317,0.21398556,0.036996394,0.66021836,0.5557678,0.2507267,0.1557422,0.43025845,0.4128334,1.0,0.13585588,0.86548966,0.8448883,0.21106443,1.0,1.0,0.4123479,0.31328422,0.84190995,0.328268,0.61163425,0.29876316,0.10335724,0.51998067,0.08278413,0.066754535,-0.020091577
0.44961882,0.62050164,0.65943325,1.0,0.9081705,0.9331605,0.0,0.11496869,0.46407092,0.6706218,0.23561347,0.46743575,0.4816736,0.30897808,1.0,0.34388822,1.0,0.63978827,0.31619596,0.98344725,1.0,0.37052128,0.19775476,0.81335086,0.33707348,0.66264415,0.42061567,0.08351946,0.4625261,0.08248123,0.117174,-0.18976751
0.3318379,0.21927808,0.8721756,0.84255296,0.9056363,0.91050863,0.21360135,0.2844662,0.4083733,0.6128966,0.2766262,0.39004594,0.39012322,0.09914805,0.84152865,0.53131205,0.7931957,0.6505693,0.4908848,0.83718836,1.0,0.23613924,0.40234357,0.8990562,0.22893566,0.6405888,0.5233949,0.0,0.42269504,-0.09608016,0.08116425,-0.30652586
0.5808181,0.47313616,1.0,0.87646115,0.9635363,1.0,0.26240522,0.012444243,0.32877576,0.2727373,0.40974525,0.27370355,0.24481696,0.1925858,0.92935723,0.20707229,0.679685,0.5380298,0.111237645,1.0,0.87706757,0.25334686,0.1474301,0.39344096,0.44238406,0.7654251,0.24215928,0.042875737,0.70359504,0.22940812,0.13357657,-0.045504093
0.5392733,0.64320064,0.9066182,0.8099841,0.9822855,0.84531754,0.24973038,0.19442427,0.3014975,0.38112146,0.32673112,0.44625604,0.18879157,0.087290086,1.0,0.2551621,0.9234334,0.7238476,0.13228834,0.93279684,0.8945322,0.16942286,0.2456829,0.90130365,0.39427122,0.6764486,0.57517004,0.27719024,0.41883105,0.31164628,-0.033036023,-0.018433549
0.5831278,0.62921095,1.0,1.0,0.84524715,0.9359016,0.32283124,0.21116854,0.33014914,0.38956255,0.28895262,0.32431597,0.4008247,0.14434657,1.0,0.27724198,1.0,0.5268628,0.16422477,1.0,1.0,0.22216003,0.36314896,0.49822634,0.42180994,0.78901935,0.27809078,0.08868112,0.6472509,0.191589,-0.17436142,-0.03654664
0.50915736,0.5287214,1.0,0.77198243,0.6824183,0.9336931,0.13615549,0.0,0.35384724,0.5406208,0.33595908,0.26605135,0.2862858,0.29186878,0.81106025,0.42651197,0.840387,0.59829175,0.3314101,0.9818345,0.9295794,0.14623696,0.17855108,0.6434046,0.34953266,0.71457946,0.3176853,0.0,0.44559437,0.29458815,0.06303964,-0.117923625
0.74179345,0.6504107,1.0,1.0,0.9161988,0.8162347,0.21847941,0.09451631,0.30529854,0.37015748,0.20844543,0.22714074,0.4275835,0.3297903,0.8820148,0.08539668,0.79012096,0.8222858,0.16091247,0.80351424,0.96806335,0.26348475,0.17989224,0.8196671,0.53626347,0.7835029,0.50233674,0.03149165,0.41021788,0.40872753,0.11359262,-0.17354514
0.43691856,0.543299,0.83627814,0.7315054,1.0,1.0,0.28307196,0.3056092,0.51830214,0.43263838,0.58967894,0.24924946,0.237248,0.043968096,1.0,0.35595402,0.9680659,0.5891601,0.28310674,1.0,1.0,0.16520607,0.37854022,0.6022991,0.4782699,0.59095395,0.16360092,0.36972553,0.31123757,0.12941316,0.027379602,-0.39156583
0.6666492,0.5107969,1.0,0.7465533,1.0,1.0,0.0007659644,0.24957353,0.4385214,0.25501245,0.39890984,0.20105049,0.1828625,0.26525873,0.7044002,0.43178856,0.7334768,0.7081909,0.36786294,0.91728014,0.6383031,0.41756234,0.3855774,0.4446808,0.36794874,0.4701011,0.57630813,0.18077908,0.5237993,0.12623154,-0.3,-0.05682335
0.63198435,0.63425624,1.0,0.7955294,1.0,0.81793463,0.057040446,0.21992014,0.4636482,0.5161599,0.29832405,0.167335,0.15638429,0.07372191,0.55930036,0.17764351,0.8499954,0.6460117,0.28635764,0.76088846,0.8760119,0.29979616,0.38581955,0.6568923,0.30231974,0.8970575,0.30589023,0.3175228,0.5337275,0.35897946,0.06880191,-0.25746244
0.67741853,0.47312212,1.0,0.8586435,1.0,1.0,0.31195846,0.07790621,0.32787955,0.50954044,0.15637417,0.4478156,0.23765326,0.2547185,0.7588045,0.3375939,0.60304624,0.6133787,0.518733,0.66567105,0.78723896,0.43924657,0.6253759,0.6885421,0.4093129,0.94587415,0.36035794,0.42642823,0.4464822,0.19737232,-0.1137978,0.05337295
0.24725185,0.14039826,0.3577839,0.466476,1.0,0.8491484,0.11242902,0.02093421,0.29591456,0.3584386,0.16765736,0.49390638,0.16981865,0.34192243,0.45216367,0.36190584,0.45836043,0.84398055,0.46361315,0.81002164,0.51090235,0.44304898,0.31344438,0.74527395,0.31541428,0.89055693,0.20904699,0.44702607,0.6849784,0.41696727,-0.07848112,-0.071184345
0.15260768,0.3838351,0.3159165,0.58954465,0.86924875,1.0,0.21525204,0.085263886,0.4109309,0.4578961,0.46622437,0.3696958,0.11993749,0.27649537,0.24210161,0.52543133,0.44241095,0.6040199,0.42170763,0.66673553,0.5288809,0.5825722,0.6134615,0.6928507,0.5362364,0.50615185,0.40834495,0.30355418,0.726293,0.20404622,0.12339965,-0.07425141
0.3994552,0.32607618,0.4586963,0.46983695,1.0,0.8891527,0.02274543,0.14092845,0.23586904,0.49317306,0.3518913,0.5664353,0.34691888,0.34806418,0.27882326,0.5332425,0.3493599,0.71340585,0.5943466,0.25133318,0.5357771,0.5455544,0.40462053,0.5364644,0.33599505,0.6869597,0.40062925,0.3985132,0.674936,0.22629629,0.017191064,-0.069602214
0.2792991,0.4304471,0.52438635,0.53062725,0.9990049,0.9374726,0.13021138,0.12124731,0.22626403,0.17301197,0.1844782,0.3739374,0.4561614,0.38763154,0.18898317,0.6744747,0.3102793,0.7709163,0.51296705,0.2529704,0.14607549,0.60532796,0.50218445,0.7145735,0.28022242,0.79279923,0.4351807,0.29794422,0.88436437,0.08718401,0.030261464,-0.071184255
0.0,0.07249396,0.0,0.15413918,0.8193128,0.87795144,0.0,0.21237344,0.33409348,0.28956643,0.13587834,0.38629588,0.20276842,0.5500309,0.08272781,0.6522835,0.41186193,0.9760638,0.544767,0.25257272,0.25241047,0.5572439,0.58544964,0.7154561,0.36736807,0.70006675,0.32652625,0.21558665,0.8927311,0.13433777,-0.13450243,-0.06635687
0.07291368,0.15485714,0.06020755,0.023140475,0.9748556,0.99416316,0.12156226,0.06389586,0.28369117,0.47020203,0.33558184,0.43009585,0.17924196,0.50481176,0.33805636,0.55417585,0.40985465,0.63762784,0.59230155,0.3596682,0.32239628,0.58203715,0.36524945,0.7145061,0.38601238,0.7519185,0.41446453,0.3774984,1.0,0.05572693,-0.007232038,-0.051853016
0.35540518,0.0,0.0,0.0,1.0,1.0,0.4526264,0.29357004,0.4827037,0.385291,0.25592738,0.30208316,0.47285426,0.46735442,0.062958054,0.32250828,0.17408085,0.9228982,0.62371886,0.19088131,0.35255995,0.3858047,0.5231809,0.74659026,0.4298892,0.89573455,0.32442364,0.2717258,0.5042571,0.1186616,-0.024790883,-0.29179677
0.0,0.0,0.17366038,0.0,0.9125664,1.0,0.0,0.26523355,0.53250307,0.3945455,0.3919609,0.3055896,0.35668522,0.39615837,0.0,0.29303026,0.3389989,0.8935401,0.7104219,0.48052618,0.44021958,0.5479974,0.5661725,0.84151304,0.32872823,0.7735571,0.28243473,0.43996012,0.75120586,0.100347266,-0.018258255,0.1106178
0.0010250658,0.19913808,0.06135571,0.13475114,0.88669246,1.0,0.13654254,0.17625375,0.24975505,0.5164197,0.4771491,0.2085535,0.47329527,0.4362414,0.0,0.3165306,0.30610153,0.70350045,0.5948641,0.33096242,0.29490697,0.43662626,0.5260102,0.80999243,0.42058802,0.8739648,0.5195208,0.2716465,0.64658326,0.1266014,-0.031189697,-0.18074712
0.14207055,0.0,0.0,0.0,1.0,0.8378438,0.32951146,0.13777195,0.49569505,0.6730982,0.63733405,0.56537473,0.35339892,0.3912589,0.06622856,0.41446918,0.384488,0.66337854,0.5845123,0.17037211,0.43259504,0.5580762,0.52575016,0.7646079,0.22210675,0.8784811,0.2450931,0.48035675,0.63800913,0.236254,-0.028493088,0.10243073
0.0,0.12621272,0.07995856,0.19567898,0.9512776,1.0,0.23501185,0.0,0.4875735,0.62206465,0.51930934,0.15129092,0.3659733,0.5682899,0.043457393,0.31220454,0.37352115,0.7007869,0.46180707,0.22285894,0.26224607,0.5431222,0.60458034,0.6978413,0.31940457,0.9414649,0.37780672,0.39906913,0.4812093,0.11771413,0.08407632,0.03368071
0.19224185,0.0,0.0,0.018958163,0.91078496,1.0,0.02260144,0.20315139,0.5017333,0.37476793,0.5929063,0.18677452,0.47343737,0.74630237,0.0,0.47533566,0.15321347,0.67005223,0.35478532,0.16502771,0.30462033,0.50350803,0.64480585,0.8381096,0.3101725,1.0,0.46119878,0.72947454,0.34102917,0.34199852,-0.07399587,-0.186789
0.10393935,0.0,0.0,0.03638051,1.0,1.0,0.15030763,0.2765285,0.5168921,0.49705482,0.56988823,0.24996698,0.42539364,0.6350263,0.004493855,0.36839417,0.39354604,0.53203166,0.49195814,0.25104067,0.45030877,0.65769553,0.56887853,0.8627249,0.2091062,0.9768268,0.3463985,0.7664145,0.44539002,0.09480259,-0.12373117,-0.0044645835
0.16323252,0.067535505,0.05961813,0.0,1.0,1.0,0.24667817,0.2041116,0.3294134,0.47246295,0.6694142,0.19200614,0.47524822,0.50754005,0.0,0.28456455,0.2933957,0.6359625,0.5287976,0.32282144,0.2674764,0.3814308,0.5054685,1.0,0.27095363,0.7886693,0.1977309,0.5752398,0.4672263,0.065364346,-0.115778014,0.018359702
0.0,0.0,0.0010668403,0.0,0.915869,0.8671691,0.119652726,0.42648244,0.27344397,0.3477042,0.60133314,0.14910217,0.47872835,0.2989023,0.0,0.34062165,0.3857748,0.802636,0.5419755,0.12405625,0.281346,0.5702715,0.616457,1.0,0.42581582,0.87214625,0.3001644,0.66747546,0.67517006,0.103813455,-0.23277509,-0.1777755
0.00531654,0.04780654,0.0,0.0,0.8164536,0.9111425,0.09014267,0.32979417,0.4036995,0.20039527,0.54769,0.2654581,0.48679188,0.7717463,0.0,0.47687265,0.24895337,0.9485918,0.8787868,0.36453447,0.342962,0.49626824,0.6352602,0.8847411,0.5091502,0.9235313,0.24791951,0.5680175,0.61503494,0.083809085,0.128797,0.056366306
0.0,0.0,0.0,0.0,0.9622003,0.9633231,0.08071264,0.16093351,0.5872276,0.25886172,0.5082235,0.5029942,0.42071855,0.485344,0.083626255,0.48921883,0.26368365,0.60040927,0.5146257,0.21932152,0.38325334,0.6427487,0.4328149,0.68397975,0.36940205,0.86059433,0.17301536,0.5404884,0.4360544,0.07702126,0.025189769,-0.07868875
0.0,0.029320516,0.05184062,0.033501916,0.9665698,0.7292745,0.14435849,0.0,0.32386562,0.38776782,0.46906474,0.29232857,0.45674542,0.44681263,0.0,0.2254424,0.26223135,0.7804565,0.57817096,0.105250895,0.15126249,0.5886834,0.5821173,0.7234728,0.27247584,0.88678545,0.3698172,0.54466516,0.32074326,0.033634387,0.06335338,-0.023151126
0.0,0.0,0.017735831,0.0,1.0,0.98539674,0.25028276,0.1800866,0.3985026,0.51737124,0.49040815,0.16644849,0.5391526,0.47894058,0.117733434,0.4383748,0.1508734,0.5747693,0.62560797,0.07702024,0.24537455,0.3158552,0.40830863,0.7252073,0.13661908,0.9117129,0.36691326,0.43845868,0.37299943,0.107456535,0.051552474,-0.087799236
0.0,0.0,0.0,0.07329228,1.0,1.0,0.03662294,0.0,0.22645745,0.20500575,0.12793368,0.5455568,0.31512398,0.2762226,0.0,0.15568143,0.13036856,0.66973394,0.5423815,0.061798483,0.28741115,0.6406319,0.5384086,0.65436846,0.26308766,0.9299493,0.44216058,0.49880093,0.78565156,0.2507693,-0.3,-0.06427744
0.0,0.023655668,0.0,0.0,0.81129813,1.0,0.10094673,0.06940441,0.46347678,0.27567637,0.31944537,0.32683346,0.43907177,0.50471395,0.0,0.28781417,0.27111027,0.6115302,0.58731514,0.1558212,0.12548716,0.29820076,0.5267725,0.81266826,0.3468043,0.7370557,0.546327,0.74288964,0.671088,-0.07035115,-0.16333687,-0.16172299
0.0,0.0,0.0,0.0,1.0,1.0,0.12695464,0.041045167,0.52821755,0.31181967,0.0802045,0.28828716,0.23620778,0.36415082,0.054403286,0.5252975,0.38789484,0.68477917,0.62557936,0.28378,0.2255689,0.738701,0.5943268,0.80790687,0.5548886,0.683801,0.47329265,0.3174947,0.95633596,-0.100496165,0.012101464,-0.1911023
0.04762301,0.07855472,0.0,0.0,0.93466496,0.85426897,0.25822282,0.21990344,0.4993841,0.49406785,0.3909825,0.32721272,0.18625155,0.28436205,0.004373405,0.22303429,0.20506522,0.7423642,0.5002472,0.32991216,0.18818328,0.4992399,0.4239362,0.7008707,0.40876225,0.71758837,0.07794359,0.29202673,0.9167868,-0.09996099,-0.16898328,0.061530694
0.0,0.0,0.10165559,0.0,0.9138934,0.9427178,0.3227104,0.39910978,0.6042044,0.4678392,0.3840702,0.29347378,0.11130021,0.18344884,0.08821637,0.4391379,0.2841737,0.6864328,0.4475351,0.29097438,0.33043563,0.38772607,0.43904194,0.55092573,0.24370468,0.5487639,0.26827097,0.38015792,0.7099342,-0.16688988,0.050492506,-0.05766113
0.0,0.053089984,0.049941536,0.0,1.0,1.0,0.19228464,0.21849589,0.5244778,0.57550323,0.25865632,0.4358684,0.07947459,0.27154344,0.13960236,0.2854122,0.3257854,0.85017145,0.5049744,0.3242035,0.42253536,0.6525043,0.33198667,0.54894274,0.31542987,0.63565874,0.4880658,0.34052625,0.9483953,-0.25983384,-0.0853142,-0.017641846
0.0,0.14336453,0.32995158,0.0,0.8584784,1.0,0.0,0.10693217,0.42160973,0.16717634,0.45694056,0.3580868,0.0,0.24289812,0.043451197,0.2602975,0.44312987,0.78190076,0.416017,0.43140388,0.21625452,0.33615917,0.2993698,0.7409974,0.3295914,0.5732741,0.28205234,0.034967214,0.74228776,0.15851772,-0.082042105,-0.07269995
0.02338651,0.1423268,0.03023059,0.0014890265,0.90366465,0.9736964,0.08220675,0.15585499,0.5157569,0.48550868,0.5087771,0.28088394,0.37425944,0.27466792,0.03819088,0.26683268,0.4184482,0.77435035,0.65286726,0.36141878,0.41211373,0.7108372,0.60561514,0.7876552,0.27309528,0.9549181,0.49949306,0.59504384,0.46998274,0.11164795,-0.11217347,-0.073184095
0.0,0.051387787,0.0,0.04061541,0.9445571,1.0,0.13210891,0.27659684,0.55906045,0.58161044,0.60594505,0.20926635,0.4122279,0.49747422,0.11310518,0.5070042,0.42249107,0.8644608,0.48519057,0.10596913,0.52306646,0.3879087,0.62880135,0.85810006,0.38264045,0.9604263,0.24947527,0.59436786,0.5297887,0.16769207,-0.025280442,0.03973034
0.14775722,0.079176605,0.0,0.14115287,1.0,0.9109159,0.0,0.27975875,0.52340627,0.36601597,0.39640805,0.08013213,0.43458283,0.5037504,0.20915124,0.43180057,0.40811247,0.75512266,0.58492655,0.29413557,0.5928578,0.3227902,0.5132749,0.7727308,0.3569517,0.8637638,0.5813912,0.5046971,0.5880442,0.046774898,0.12902889,-0.20526315
0.0032271668,0.11128839,0.15509571,0.16131085,0.88307047,0.8389953,0.062253557,0.3063137,0.29492557,0.55002725,0.38812092,0.37946397,0.258235,0.54763526,0.2424487,0.3441289,0.5608664,0.78281146,0.4040774,0.5300792,0.42487547,0.85011005,0.62860346,0.73918164,0.39917094,0.838462,0.43624654,0.55130345,0.64163065,0.037135616,0.07344957,-0.13980544
0.15974198,0.24808203,0.18086073,0.06216041,0.9962745,1.0,0.10918003,0.22091989,0.44677222,0.527372,0.4292499,0.21539688,0.16381559,0.34568042,0.24000497,0.113203734,0.4302221,0.7258884,0.41888022,0.4165402,0.41376555,0.46602768,0.59148824,0.6552415,0.4638156,0.7398352,0.46486428,0.31809014,0.33840078,0.05438514,-0.038908843,-0.12430446
0.25457084,0.20923157,0.0,0.045998987,0.974942,1.0,0.0,0.3288369,0.6636199,0.56687975,0.37172124,0.58836013,0.22935034,0.3512845,0.017950416,0.6140645,0.37411842,0.654393,0.55849344,0.2823078,0.3654889,0.6165307,0.6676221,0.7890925,0.4435727,0.8421996,0.2937023,0.64056355,0.52596146,0.04235127,-0.008414721,0.011175141
0.13767454,0.0,0.07247428,0.0,1.0,0.9078475,0.235066,0.054352492,0.5326451,0.3658417,0.4012465,0.1968029,0.33145723,0.40816674,0.027712915,0.6102088,0.38066852,0.905656,0.77278775,0.377343,0.16408929,0.25028467,0.65686744,0.8440378,0.29905578,0.8100964,0.24098554,0.4975195,0.23929544,-0.04213697,-0.16708462,0.051601097
0.21017577,0.07658628,0.1269876,0.0,1.0,0.9579725,0.103801064,0.37351257,0.5582055,0.4601662,0.34113637,0.30927616,0.34698603,0.29286808,0.07451095,0.32549092,0.09026842,0.7496357,0.44522405,0.34280425,0.322843,0.7283936,0.59416974,0.86856985,0.29704353,0.81979907,0.23062849,0.5648183,0.6988465,-0.09530179,-0.025976256,-0.3159172
0.038536698,0.0,0.093597576,0.09135087,1.0,0.99386835,0.275125,0.28847903,0.4310289,0.55335116,0.52988887,0.28194705,0.49248028,0.39037102,0.0,0.5400172,0.23525593,0.6664478,0.5988465,0.31190085,0.30240563,0.40077597,0.58769506,0.7587892,0.57998055,0.8902855,0.26100844,0.35466856,0.71266353,0.027152624,0.15148136,-0.08652176
0.0,0.0,0.0,0.0,1.0,0.8432696,0.033635125,0.14410459,0.34077924,0.40344384,0.42787164,0.16575794,0.0,0.36601448,0.0,0.609506,0.3362435,0.6684305,0.41561687,0.37815952,0.3222481,0.5970253,0.37488538,0.6858443,0.29826558,0.69332737,0.47269082,0.6024319,0.61220616,0.06334175,-0.19767867,-0.034188464
0.18143976,0.16572377,0.16135766,0.109029815,0.6236129,1.0,0.17704052,0.11526844,0.4311573,0.37258965,0.6510788,0.34331566,0.17038828,0.27981022,0.0,0.33181852,0.2533432,0.9056836,0.8152932,0.296192,0.3619431,0.65163463,0.7586082,0.7232696,0.27883697,0.7082723,0.4246034,0.49934515,0.6647751,0.06646267,-0.14944354,-0.24984068
0.024377905,0.0,0.0,0.0,1.0,1.0,0.31096017,0.20129815,0.41544154,0.53286463,0.32165462,0.31057614,0.3589975,0.27639675,0.0,0.36532786,0.44250023,0.6630543,0.6716978,0.12004785,0.4447022,0.5933687,0.5195032,0.8694201,0.61754304,0.80023205,0.39135426,0.46694833,0.45708138,0.08672469,-0.09608256,-0.052807067
0.21298097,0.039971463,0.0,0.0,1.0,1.0,0.12583059,0.14109583,0.32254213,0.57492423,0.25239497,0.45244858,0.40729326,0.32967424,0.0,0.38403922,0.14022873,0.7696045,0.53892684,0.22449774,0.3109001,0.52744615,0.48242277,0.7871872,0.3223293,0.6523962,0.60601914,0.67398477,0.41514117,0.13474056,0.119938016,0.08274634
0.17287387,0.24067193,0.122464836,0.06698152,1.0,1.0,0.22783923,0.07005657,0.513314,0.5953344,0.4142262,0.4347288,0.38785306,0.53159463,0.05235904,0.42334616,0.338868,0.84368026,0.6704892,0.3564277,0.328503,0.62518936,0.42888474,0.86702365,0.4537208,0.85664016,0.26408836,0.7436827,0.46906167,0.07389962,0.052732527,-0.2430913
0.09740282,0.10101014,0.0,0.08689761,1.0,0.9936674,0.21619245,0.12885512,0.5777659,0.3914618,0.53054255,0.37449422,0.61518717,0.47953993,0.0,0.3778646,0.29328638,0.55179465,0.54661506,0.21282947,0.24383172,0.61995727,0.53291506,1.0,0.42104828,0.8383274,0.25792074,0.7966618,0.60125566,0.033970855,0.074865974,0.1389733
0.10217332,0.04725174,0.12578955,0.0,1.0,1.0,0.30333883,0.24045782,0.3421312,0.3972723,0.4296209,0.59865713,0.49743623,0.61688685,0.02672194,0.3616347,0.15562728,0.8457446,0.72151136,0.3507641,0.41279447,0.49592686,0.58153695,0.69298446,0.34103537,1.0,0.33695883,0.6416765,0.70488024,-0.1556044,-0.065387286,-0.1088678
0.11634412,0.11188452,0.047539283,0.0,1.0,1.0,0.15459144,0.15503746,0.5033402,0.42983952,0.4601903,0.35849148,0.3096217,0.5048973,0.10437471,0.46471813,0.10840659,0.95967317,0.64132637,0.24750423,0.0,0.49076217,0.62644637,0.9089685,0.2638189,1.0,0.42604,0.600027,0.5601693,0.040322207,0.09082424,-0.01076374
0.07041868,0.0,0.0,0.0,0.9961927,1.0,0.07734652,0.24349445,0.63520306,0.4443726,0.28344828,0.37541097,0.58357227,0.39781928,0.025084425,0.4205919,0.46717107,0.9210491,0.6046798,0.44938865,0.34881383,0.5244359,0.45102856,0.8382473,0.15694483,0.8853764,0.20687678,0.68110216,0.3405199,-0.00061094016,-0.117269166,-0.057461064
0.0,0.10695992,0.0,0.052937426,0.8594816,0.95013916,0.05436147,0.21287847,0.38921052,0.5408911,0.44357064,0.20345338,0.45389587,0.46412715,0.0,0.43062744,0.19127366,1.0,0.61172414,0.086814925,0.3268698,0.6705998,0.3734296,0.83737826,0.43127748,0.83885914,0.5292231,0.5414877,0.6381551,-0.11666085,0.13457274,-0.14649951
0.024229087,0.0,0.0813503,0.0,0.98772544,1.0,0.13100488,0.16263734,0.5196543,0.5791349,0.3829735,0.23118812,0.19629054,0.55145985,0.10470122,0.38359535,0.3239162,0.6871604,0.5057781,0.25322416,0.10930276,0.83331263,0.36002755,0.8229834,0.20381667,0.8246985,0.0,0.60267913,0.41385895,-0.117740445,-0.17371869,0.1891189
0.08887242,0.057722878,0.0,0.0,1.0,0.96948063,0.083664425,0.24258846,0.35196984,0.54216313,0.33373553,0.30632466,0.23564534,0.4350963,0.0,0.5950906,0.34863916,0.8664507,0.5846269,0.25506112,0.2617836,0.6439564,0.60588443,1.0,0.39414695,0.8965514,0.4094534,0.6745298,0.7996274,-0.037259202,-0.0034591309,0.098901294
0.04961995,0.0,0.0,0.050245646,0.93710625,1.0,0.17725818,0.0,0.71126294,0.5290524,0.44547856,0.26205796,0.21873046,0.38376385,0.0,0.45839137,0.18581855,0.65033376,0.38266686,0.39501137,0.0,0.8934791,0.46173003,0.7921389,0.15379444,0.83951104,0.36432776,0.6472274,0.4357016,-0.06603292,-0.13632675,-0.11290283
0.09429389,0.15620798,0.001579728,0.0,1.0,1.0,0.022766069,0.21299961,0.53365636,0.54350215,0.50472856,0.44473326,0.24672696,0.33389908,0.0126330145,0.61421794,0.27243587,0.77656496,0.5402286,0.19090055,0.21320415,0.4248541,0.87452066,0.845348,0.2346201,0.6512971,0.2034097,0.81284297,0.33721977,0.2518883,-0.07913734,-0.17055155
0.06096103,0.045934647,0.06902972,0.028069291,0.70410526,1.0,0.17873134,0.090390556,0.5711433,0.6367332,0.60425824,0.07673532,0.20615146,0.62669885,0.11226739,0.44010344,0.17139718,0.9193485,0.5938759,0.20890209,0.19026168,0.4116212,0.32749158,0.6971624,0.45347697,0.9563389,0.114463896,0.5843512,0.49192244,0.020999864,0.08075082,0.15178049
0.17160448,0.043677203,0.0,0.0,1.0,0.88834363,0.15877457,0.24926348,0.37226978,0.4460774,0.55320925,0.23949927,0.55025196,0.41716138,0.3175922,0.5370887,0.18592763,0.6040842,0.6025725,0.28161034,0.21446551,0.62682575,0.4999687,0.6615063,0.23957887,0.7076412,0.40044376,0.63945925,0.5234568,-0.16028237,-0.0146445,0.15952691
0.010330914,0.12107383,0.0,0.0091492245,1.0,1.0,0.289881,0.13890274,0.6718697,0.48540616,0.5259669,0.28127635,0.38201356,0.5466123,0.28816223,0.49634257,0.16016285,0.85554355,0.61094993,0.1865143,0.3380466,0.70677286,0.60872597,0.71059525,0.3445027,0.89812165,0.29064697,0.72490925,0.54340297,0.010778766,0.019078858,0.06881461
0.11755469,0.0,0.0,0.0,0.8678415,1.0,0.32990068,0.25660506,0.309139,0.10770151,0.39342678,0.24106787,0.39791024,0.5617599,0.0,0.53724384,0.38390523,0.61936253,0.5536366,0.2057738,0.12847988,0.52062243,0.73443514,0.9694729,0.23874241,0.9134328,0.3754043,0.663032,0.3563525,-0.06882967,-0.13998371,-0.069933385
0.104031965,0.12090107,0.28865382,0.0,0.9338167,1.0,0.23603907,0.23022066,0.39921248,0.31951478,0.30813658,0.2811235,0.29196444,0.3776539,0.0,0.42546284,0.15537086,0.7931242,0.5732645,0.28163657,0.29244816,0.5929952,0.561559,0.6302459,0.32964218,1.0,0.36133927,0.3737676,0.5463147,-0.18006405,-0.06518181,0.05591706
0.11968132,0.018691514,0.0,0.095587485,1.0,0.940535,0.0,0.26019543,0.51914537,0.39426526,0.6265209,0.16003291,0.31719208,0.28388193,0.12667993,0.65864825,0.042134076,0.7576719,0.729452,0.31328154,0.23619996,0.5475439,0.6378246,0.7119896,0.18429603,0.8322029,0.33126792,0.7229902,0.5101145,-0.086944595,0.04630823,-0.03598626
0.0,0.0,0.0,0.0,0.9659718,1.0,0.008012116,0.06500649,0.6322185,0.4126747,0.39377922,0.41628695,0.28551817,0.3051501,0.14881459,0.6116534,0.21938168,0.90201944,0.6497551,0.26150844,0.1828824,0.6131667,0.6364801,0.7511217,0.44225442,0.6025511,0.5101736,0.5717895,0.7313083,0.038167834,-0.090013064,-0.11220798
0.1470024,0.0,0.0,0.17201565,0.97231185,1.0,0.21139377,0.1070983,0.5078712,0.4451296,0.2447078,0.49458203,0.41052508,0.37421933,0.055269472,0.672109,0.3154276,0.9689085,0.42395568,0.2900458,0.08675021,0.69851923,0.55751723,0.4920527,0.2682302,0.745272,0.36149302,0.4850258,0.78371376,-0.25726032,-0.018493533,-0.06859384
0.2611734,0.0,0.0,0.0,1.0,0.96848226,0.42303365,0.22310193,0.397486,0.43174088,0.3933571,0.2547984,0.3686483,0.5164385,0.072254285,0.59096014,0.13234928,0.9739542,0.47164163,0.33210585,0.40508538,0.39182997,0.5712376,0.8144065,0.3415557,0.69905365,0.33981857,0.4472819,0.7604822,-0.18603548,0.0045764013,-0.031659454
0.0,0.0,0.22151473,0.0769646,0.95963895,1.0,0.32359913,0.089515746,0.5319444,0.28142488,0.42554927,0.40575495,0.12901542,0.34493956,0.25936094,0.7117045,0.08309488,0.7953479,0.45348483,0.07604025,0.21595016,0.6555754,0.3907216,0.79855204,0.2510668,0.6603578,0.45312756,0.30940706,0.85559666,-0.09563607,0.0074856095,-0.19968846
0.044455223,0.2121687,0.0,0.18140547,0.9278512,1.0,0.07616505,0.1734102,0.42779657,0.4442939,0.34484595,0.36227188,0.26407927,0.3388691,0.18714951,0.38909805,0.10559277,1.0,0.61517733,0.34503987,0.23823428,0.44305962,0.5449588,0.73070556,0.3647535,0.7244747,0.19193313,0.509961,0.8374124,-0.07759143,0.007049855,0.010603152
0.11018652,0.17830952,0.0,0.10882699,1.0,0.92832744,0.0,0.21846953,0.35053533,0.4385698,0.09972182,0.4016603,0.16921884,0.24554135,0.3775015,0.43723097,0.20775858,0.8143491,0.42606738,0.45252472,0.38755324,0.351582,0.29755613,0.8271244,0.27416846,0.5257379,0.37670425,0.34719464,0.6613145,0.07665493,0.031303417,-0.015679823
0.08167867,0.07949462,0.24781387,0.0,1.0,1.0,0.006367728,0.24748424,0.38829926,0.41642496,0.5335675,0.4745509,0.3583981,0.33351144,0.0,0.4768067,0.2849285,0.7709959,0.6038242,0.36007717,0.36013055,0.44433177,0.47400895,0.6721664,0.27118152,0.73960775,0.19234858,0.3349818,0.65818995,0.029840998,0.034022372,-0.06464772
0.0,0.15298373,0.19878937,0.08917706,0.8139598,1.0,0.12359916,0.2275962,0.44826597,0.52702975,0.39913723,0.5324751,0.40326375,0.435094,0.22923441,0.4588552,0.3804416,0.60287833,0.42090762,0.32774782,0.3607479,0.64363426,0.71237195,0.57864046,0.4336409,0.7049155,0.2864243,0.34601316,0.56066525,-0.15025051,-0.12693311,-0.028966628
0.049899444,0.024712466,0.12245084,0.0,0.74908996,1.0,0.32979596,0.12090795,0.60427254,0.412457,0.175618,0.3752883,0.39092082,0.2725936,0.32544026,0.46611455,0.29771805,0.68695664,0.42237422,0.57670367,0.2308554,0.7047052,0.60500354,0.56308395,0.40125084,0.68538016,0.21131954,0.22131768,0.39413363,-0.055730682,-0.12404309,-0.10219509
0.049876675,0.41868886,0.2462086,0.10314554,0.8302626,0.9494249,0.2312254,0.10783868,0.3016752,0.43116036,0.35357442,0.56636083,0.17223549,0.3905235,0.45519352,0.4541024,0.38931072,0.73152006,0.62936497,0.30657938,0.44362628,0.44408584,0.21370313,0.9041754,0.51411015,0.5515752,0.54252845,0.28119385,0.21889073,-0.06121062,0.039752036,0.029234903
0.03588201,0.04354941,0.084129125,0.051647328,0.9970392,0.97419006,0.13267021,0.20451817,0.4447954,0.40117535,0.13525616,0.34488595,0.34348035,0.21206352,0.26201224,0.49625966,0.48086023,1.0,0.5799655,0.4773609,0.4189174,0.44584042,0.6742807,0.6632811,0.28842646,0.7640862,0.29376513,0.23574743,0.3454928,-0.009627324,0.0046477597,0.017974861
0.22168261,0.28696892,0.15167756,0.16908138,1.0,1.0,0.38496017,0.13506226,0.43587452,0.42675155,0.37917238,0.37645397,0.2531448,0.21031201,0.13637492,0.39065522,0.2795534,0.6153811,0.6155115,0.4645865,0.3282396,0.5908317,0.7238591,0.6009838,0.31499302,0.6504318,0.39988506,0.31108135,0.73383313,0.047833815,-0.0051346757,0.07153743
0.688357,0.5497485,0.8833012,1.0,1.0,0.9843011,0.22831371,0.17551936,0.31032038,0.4221538,0.32127666,0.50714827,0.26416034,0.2704407,0.5421164,0.5920597,0.27398401,0.9437797,0.6073004,0.4607097,0.4958313,0.49478903,0.55341506,0.85456896,0.46845195,0.60752714,0.30989465,0.16093236,0.66117066,0.12009402,-0.008678241,0.011869171
0.19330357,0.22932354,0.37687433,0.4070294,1.0,0.97224164,0.31287074,0.0,0.17950247,0.51088,0.13929172,0.5219796,0.26436058,0.20266946,0.5721446,0.27007788,0.39720166,0.6572823,0.48119023,0.5069153,0.64846647,0.4686402,0.5065927,0.82770514,0.5015715,0.47081256,0.38899225,0.02390705,0.4835103,-0.029637404,-0.17559473,-0.18626046
0.26776177,0.061571658,0.04924999,0.04561448,1.0,0.96839994,0.099854104,0.16649242,0.33067065,0.37627763,0.3389191,0.37109703,0.32180578,0.40203273,0.71147895,0.3124867,0.6705251,0.7195608,0.4800791,0.5850998,0.5773862,0.5884762,0.68848085,0.6286804,0.29434642,0.8617041,0.20338245,0.0,0.6472691,0.2547379,-0.23087832,-0.15415156
0.19621485,0.072233215,0.37943769,0.009222187,1.0,1.0,0.058301114,0.0,0.56227314,0.28415787,0.3799216,0.53986716,0.3230688,0.23078002,0.65241325,0.30514306,0.7343519,0.7272868,0.54520166,0.5617824,0.50111985,0.32912517,0.60941666,0.91206366,0.20923398,0.57156706,0.45359993,0.1991913,0.43282288,0.12317285,0.028698388,0.16402587
0.0,0.0,0.099031195,0.030007508,1.0,0.876312,0.185568,0.28613204,0.49373317,0.55245084,0.37051836,0.25133204,0.034640923,0.10288375,0.55332136,0.4234493,0.4149691,0.5596795,0.45802608,0.47434026,0.34449157,0.47495311,0.5184029,0.6238346,0.36613026,0.6042967,0.40847293,0.0,0.71921283,0.2956652,-0.3,-0.09428198
0.0,0.11487499,0.0,0.0,1.0,0.94800085,0.16714296,0.059599802,0.46701896,0.3481646,0.54510444,0.38128173,0.22939429,0.078214705,0.51323265,0.37057096,0.31361777,0.9691417,0.48804173,0.6910573,0.3670539,0.5289633,0.4309686,0.7722285,0.45001766,0.8272317,0.2722972,0.102363,0.89037246,-0.047465123,-0.038949475,-0.1319592
0.10930936,0.0027576983,0.28852797,0.026979724,0.96338004,0.98212045,0.26757458,0.3316205,0.26217097,0.32548067,0.40266094,0.09144744,0.13387801,0.07456723,0.41883686,0.41016936,0.5391652,0.89110434,0.6326271,0.5099205,0.4809852,0.5767521,0.5337669,0.8104391,0.37599087,0.8644707,0.3738783,0.06936219,0.74365824,-0.010959543,-0.0023563355,-0.27028802
0.036420554,0.017621502,0.1619829,0.04996635,0.9605974,1.0,0.2127852,0.31806904,0.30413413,0.41439265,0.40384728,0.18878683,0.30455726,0.22748098,0.6209543,0.49787387,0.46108815,0.7887007,0.4615713,0.6313179,0.5535876,0.27630287,0.5615606,0.53282523,0.44896954,0.69479436,0.47363424,0.14711449,0.72065246,0.094133,-0.0721849,-0.26712623
0.0,0.051065773,0.0,0.05774371,0.9083642,0.96958643,0.0660552,0.26388556,0.61026067,0.22015439,0.40609333,0.058642626,0.3195542,0.32444704,0.38677123,0.41088894,0.596084,0.6772853,0.4834618,0.68202865,0.620181,0.35237807,0.6301137,0.84260714,0.48210064,0.64463764,0.22677545,0.21844584,0.43837053,-0.047235206,-0.1746967,0.044954926
0.0,0.0,0.0,0.0,0.8761675,1.0,0.07700616,0.34126166,0.34772402,0.6696403,0.56121624,0.44952005,0.25211066,0.23314705,0.7531435,0.54801536,0.7064455,0.79566896,0.53097314,0.477741,0.70072806,0.41335243,0.67966366,0.6601911,0.32194754,0.63997996,0.4168628,0.0,0.77041185,-0.007512763,-0.17799908,0.11601563
0.0,0.13956195,0.10481777,0.1242286,1.0,0.94254744,0.1771314,0.31416303,0.25516993,0.26193166,0.2999659,0.19479747,0.25358263,0.28647345,0.6891484,0.54312325,0.6084443,0.6971597,0.34976494,0.59279364,0.6165959,0.629254,0.41955775,0.6186528,0.37328637,0.6068407,0.5010598,0.1798417,0.8702444,0.02843121,0.09963694,0.00334768
0.0,0.0,0.0,0.0,0.9395382,1.0,0.48586845,0.2823192,0.32481733,0.41602704,0.3360525,0.35596526,0.19873509,0.24165246,0.6644895,0.2866797,0.54217046,0.6414833,0.49900025,0.5800597,0.44579968,0.6891886,0.63981587,0.7260789,0.37207305,0.841956,0.5592905,0.099396616,0.73169565,0.107039526,0.040683754,-0.32468465
0.0,0.0,0.0,0.17592067,0.96990997,0.7527846,0.3149893,0.42543682,0.35826537,0.3954228,0.4409017,0.3132659,0.39432558,0.30161428,0.61262006,0.3271022,0.43482217,0.80541414,0.362153,0.62955534,0.58648396,0.5783916,0.40192026,0.70131326,0.39133227,0.7364678,0.18913738,0.43795282,0.61177325,0.20534313,-0.04363665,-0.1942217
0.0,0.099721394,0.038772505,0.092369415,0.9981018,0.9111743,0.23130146,0.17836075,0.29300898,0.27540195,0.44970456,0.27937156,0.2799856,0.30401865,0.41421005,0.28110367,0.41860694,0.9523853,0.6559088,0.45003986,0.5590321,0.5057501,0.5454678,0.81139594,0.48738593,0.761004,0.4337234,0.16609156,0.55521953,0.101430744,-0.011447529,0.03326851
0.07411374,0.076123,0.0,0.025132207,0.9129544,0.6590928,0.1915397,0.13090748,0.39778095,0.32832843,0.36565807,0.30891278,0.3118753,0.1980026,0.22383946,0.2720738,0.31456256,0.752175,0.3823932,0.16177006,0.17436852,0.45467356,0.3945638,0.82761407,0.1636967,0.70541906,0.43206894,0.10728978,0.65069133,-0.056498118,0.043117475,0.05418526
0.0,0.1567489,0.0,0.0,0.96744275,0.9871363,0.22234647,0.37103224,0.3305916,0.27428287,0.43706092,0.26050502,0.31189844,0.337185,0.0,0.4603128,0.5088247,0.8170761,0.76789486,0.4847747,0.13962413,0.4944249,0.4229533,0.81313056,0.30075878,0.72269,0.16048296,0.2624519,0.49040413,-0.07614848,0.13467659,0.023203429
0.0,0.0,0.0,0.0,0.93701845,1.0,0.16111708,0.2833523,0.37850073,0.2989592,0.2612396,0.30345798,0.2813661,0.23207632,0.05610964,0.5397002,0.27845773,0.93658257,0.62837154,0.44359958,0.22527665,0.6911587,0.39970362,0.7839916,0.25164956,1.0,0.4491251,0.13855323,0.7293334,0.06457949,0.022178246,0.027983958
0.0,0.06519511,0.14833452,0.061740763,1.0,0.86888504,0.20747288,0.32912523,0.19477892,0.186379,0.6480786,0.1799042,0.39993125,0.63431215,0.0,0.45160723,0.3479884,0.7173225,0.50722176,0.13515583,0.449371,0.53687847,0.8121171,0.913751,0.47458366,0.84958947,0.4209364,0.3678362,0.73267055,-0.17428401,0.02232984,-0.003669139
0.06945183,0.0,0.30862993,0.09772386,1.0,1.0,0.25941336,0.07949048,0.49912828,0.42116398,0.74238175,0.18906227,0.47200143,0.5005409,0.0,0.5245902,0.12913676,0.7453428,0.5642069,0.53174937,0.23976074,0.69952023,0.59054375,0.9094823,0.48007673,1.0,0.25397322,0.39255047,0.71124935,0.03136541,-0.045407068,-0.09447469
0.0,0.0,0.0,0.0,0.84488463,0.9890924,0.258104,0.06474154,0.57145005,0.3082643,0.5314332,0.35462135,0.48190546,0.5797308,0.0,0.37484616,0.45983064,0.66014785,0.51927,0.24237102,0.42336112,0.822503,0.6793431,0.7642994,0.33177567,0.737809,0.24226491,0.6645725,0.15254651,0.002130244,-0.12522504,0.2198346
0.0,0.057803452,0.0,0.08509266,1.0,1.0,0.066115454,0.32749444,0.4409728,0.33307344,0.60479623,0.22082154,0.6549151,0.41364574,0.0,0.54651916,0.0,0.66484857,0.51818985,0.120319694,0.2537843,0.6454023,0.5427376,0.8939525,0.31094807,1.0,0.19759893,0.4494285,0.25343278,0.085951075,0.10027776,0.050215896
0.0,0.0,0.0,0.0,0.94025534,0.8709816,0.14995515,0.22739463,0.37986088,0.5310709,0.3887008,0.23648712,0.5607127,0.50407267,0.0,0.37690988,0.22020267,0.66974807,0.5889255,0.0020146072,0.36009502,0.39506745,0.6264336,0.7939687,0.48731646,0.95440114,0.19085863,0.46025732,0.36478084,0.0063485587,0.08033727,0.16337171
0.0,0.0,0.0054600732,0.13413556,1.0,0.82638955,0.26464844,0.21256618,0.27086654,0.57112694,0.48788682,0.25282925,0.5875388,0.63562214,0.0,0.32405955,0.26220858,0.6420723,0.34191555,0.25853997,0.20704243,0.58679533,0.33969983,0.6939461,0.27089134,1.0,0.1261904,0.634248,0.27456897,-0.07249401,-0.05173253,-0.007935919
0.17846762,0.0,0.04114931,0.03234745,1.0,1.0,0.29209664,0.11789405,0.31140307,0.55617017,0.5311343,0.3666281,0.5242626,0.47547004,0.050676893,0.35951516,0.1541009,0.7296039,0.725804,0.35764548,0.37786838,0.42218685,0.392702,0.6989604,0.22842196,1.0,0.13004346,0.45121256,0.40555954,0.12698546,-0.051321894,-0.02622348
0.043585733,0.014878293,0.0,0.13509306,1.0,0.8283813,0.08727334,0.007067427,0.5381028,0.45033526,0.54038686,0.17863572,0.4419817,0.5026299,0.043610875,0.41246456,0.1918585,0.86624736,0.5213049,0.41023955,0.38629118,0.66535264,0.43599018,0.72061217,0.28939408,0.9253631,0.33905917,0.5935698,0.36195502,0.19388354,0.04558466,0.13255927
0.14171371,0.0067435307,0.0,0.09341049,1.0,0.8906042,0.272299,0.13686618,0.32967913,0.25629526,0.54928154,0.36363065,0.47860667,0.4886335,0.0726299,0.4806814,0.2892649,0.8897493,0.49545714,0.2364575,0.3793409,0.49728036,0.6385356,0.8066131,0.36453876,0.9853408,0.4844489,0.67966527,0.49779922,0.12615186,-0.01647171,-0.12644331
0.0,0.009094088,0.028186267,0.0,0.92981887,1.0,0.15559427,0.25946414,0.18755865,0.45659226,0.26366058,0.3182705,0.53636456,0.62196845,0.0,0.43432122,0.14817297,0.7641291,0.52672404,0.29756433,0.23006877,0.3324601,0.67222786,0.83445454,0.44956225,1.0,0.2654609,0.71958697,0.33794546,-7.935986e-05,0.06916565,-0.13146955
0.0,0.0,0.24265754,0.0051585063,1.0,0.81733465,0.07232718,0.29958588,0.21857715,0.42790994,0.3130135,0.34296656,0.24952534,0.4600865,0.0,0.44342372,0.34640864,0.71640146,0.54095024,0.021391481,0.45617712,0.56852883,0.40669584,0.9669463,0.46862543,0.88956857,0.43347025,0.8897938,0.5375064,0.034811687,-0.082332,-0.08507276
0.028808944,0.0028999047,0.0,0.124104366,0.96459746,0.9629742,0.31444302,0.29610762,0.43184772,0.2644707,0.26024184,0.21469128,0.31590006,0.56700134,0.0,0.5602458,0.19409928,0.76068664,0.4843061,0.17844132,0.3824679,0.506377,0.42098904,0.7384096,0.36042142,0.90640074,0.30709237,0.62883997,0.5324596,0.058548044,-0.08410207,0.012272194
0.182843,0.0,0.0,0.021777745,1.0,1.0,0.19504645,0.1940064,0.5800262,0.24421512,0.19934829,0.24729119,0.42390403,0.4090299,0.0,0.14793724,0.34384644,0.7307478,0.66579604,0.158519,0.20700762,0.4644905,0.5753385,0.7344166,0.17060265,0.65673816,0.22771649,0.6468356,0.4244101,-0.027930565,-0.016019754,-0.17924358
0.0,0.0,0.0,0.0,0.92700464,1.0,0.131917,0.22711559,0.3319386,0.42472875,0.30327672,0.55639637,0.46750963,0.14555496,0.07638632,0.26621315,0.23433244,0.8119566,0.57878155,0.15976791,0.22376958,0.54601556,0.5121239,0.5849607,0.35945344,0.90203446,0.31646037,0.64549667,0.49111962,-0.21577084,-0.07567577,-0.2918339
0.0,0.0,0.06985254,0.03168981,1.0,1.0,0.22544155,0.3892464,0.32910204,0.5011949,0.22772376,0.39554188,0.34327677,0.3161248,0.0,0.33008707,0.30912313,1.0,0.6156312,0.13653997,0.24660632,0.5554418,0.6235646,0.64703834,0.27770403,1.0,0.4466536,0.6039992,0.4626814,-0.062857896,-0.097742096,-0.05336024
0.0,0.03577987,0.0,0.041391604,1.0,0.88836867,0.07736844,0.0,0.3124348,0.44470325,0.3105781,0.48883355,0.45481187,0.58579004,0.09759621,0.3020041,0.272223,0.7255357,0.48611018,0.029170066,0.2997633,0.61936474,0.56317514,0.79565394,0.25114414,0.96723163,0.33546823,0.6661025,0.551469,0.039854605,-0.004393194,-0.105097346
0.0,0.022419648,0.0,0.16144212,1.0,1.0,0.3165581,0.09941067,0.38733497,0.43489566,0.18557727,0.24682796,0.11996585,0.60304743,0.0,0.4895128,0.13205247,0.7737954,0.57671475,0.4407987,0.32276163,0.6122874,0.47117794,0.6434593,0.3553277,0.88037694,0.23734218,0.5140511,0.6380813,0.108652875,-0.0177841,-0.0932689
0.0,0.0,0.09285015,0.05667449,0.9616482,1.0,0.32017082,0.15371962,0.25099242,0.34696135,0.5311321,0.26206654,0.3677795,0.6552876,0.1984181,0.33878392,0.2720947,0.6480422,0.5424224,0.2043983,0.19866672,0.45080024,0.58869666,0.7500922,0.115526885,1.0,0.32416606,0.48288342,0.41552258,0.20317797,-0.038458254,-0.020898836
0.111753225,0.0,0.0,0.0,1.0,0.9988936,0.25226068,0.2905978,0.3501781,0.39190894,0.27581078,0.38900766,0.50433654,0.7851038,0.0,0.2312091,0.25006473,0.82675874,0.8649294,0.23397419,0.31156886,0.47421032,0.5384118,0.8809693,0.3150639,0.87343854,0.09087926,0.5041099,0.3947597,0.18041292,-0.021822171,-0.07527994
0.0,0.0,0.0,0.15231082,1.0,0.8785954,0.33640814,0.37425148,0.3416509,0.45054632,0.17437726,0.33948606,0.44436115,0.35369372,0.0,0.28516006,0.10099299,0.8451836,0.66469085,0.28560713,0.18923777,0.7216123,0.5236581,0.9100511,0.2625619,0.99607277,0.36355197,0.61618763,0.69591725,0.24831705,-0.009082746,-0.095069885
0.0,0.0,0.038777605,0.07259741,0.90955275,1.0,0.0,0.34775224,0.38562325,0.4060659,0.38373923,0.36550274,0.3856697,0.5866342,0.0,0.4567817,0.34463534,0.6073815,0.61371505,0.14093533,0.35045534,0.52899694,0.517639,0.8974681,0.2169174,0.9188819,0.06753889,0.53485274,0.66110694,0.17127657,0.11856793,0.2607384
0.027074024,0.125062,0.0,0.0611308,1.0,0.9125586,0.15779933,0.29213646,0.24745272,0.2148382,0.337955,0.2583791,0.58251727,0.49713326,0.0,0.27338293,0.26797935,0.6150404,0.4361369,0.15408266,0.27444348,0.56956667,0.6522469,0.9856107,0.21173735,0.8914457,0.376742,0.37903592,0.54739827,0.23178762,-0.047384392,0.004512422
0.035180356,0.1397906,0.07548857,0.17869031,1.0,1.0,0.09535047,0.25251168,0.29262573,0.37296718,0.44304097,0.16097297,0.62031686,0.5305474,0.0,0.26769888,0.1710968,0.70497376,0.6526021,0.13571605,0.2234952,0.4994168,0.42115808,0.7806037,0.34844878,0.85823244,0.26243776,0.42790774,0.66078174,0.092591055,-0.022923972,0.071591705
0.0,0.0,0.06429419,0.0,1.0,1.0,0.2690532,0.24492598,0.15063903,0.27013242,0.5120738,0.20291908,0.5539487,0.48724788,0.0,0.45602068,0.1597076,0.76042604,0.17964283,0.19317901,0.15711877,0.6077957,0.5113876,0.73951465,0.3043904,0.82980096,0.3598087,0.41598478,0.46032465,0.35244584,0.16779433,0.10366504
0.1643902,0.08061029,0.007007841,0.0,0.86612946,1.0,0.2595998,0.23333324,0.32457033,0.50375134,0.4112237,0.07236545,0.50010294,0.53484994,0.0,0.33594593,0.35975003,0.83549815,0.54355043,0.19687471,0.105793536,0.70312214,0.53787875,1.0,0.4548424,0.9170773,0.23018408,0.47123006,0.67383003,0.2845146,-0.0014056005,0.13748449
0.0,0.15787607,0.08789836,0.1318504,0.99498487,1.0,0.054621436,0.23197725,0.30110586,0.41219276,0.46281296,0.3566592,0.6419959,0.49406874,0.0,0.45804253,0.25313422,0.67814523,0.2604474,0.24940145,0.11702077,0.3341685,0.4233443,0.8902307,0.19521615,0.88762397,0.48083398,0.49869502,0.6404173,0.35428905,-0.07765667,0.017059
0.0,0.0,0.0,0.064383484,0.952019,1.0,0.059168123,0.15720688,0.37091288,0.2681871,0.42095923,0.032680154,0.46203074,0.5434623,0.02736735,0.5624129,0.38652113,0.8050569,0.57959133,0.44283587,0.3840024,0.4117744,0.6411743,0.80892724,0.33169815,0.7393385,0.4326214,0.5167686,0.5222468,-0.046345085,0.08438367,-0.14682707
0.0,0.100191854,0.0,0.061656386,0.9925024,1.0,0.0,0.15650342,0.40767857,0.3111887,0.416406,0.15590283,0.06296784,0.35301548,0.11091837,0.47052652,0.17104656,0.99454874,0.49132705,0.33617705,0.24353662,0.7681705,0.6393285,0.5846293,0.32555768,0.88253,0.282455,0.35953796,0.9250761,0.22406515,0.030559957,-0.1692985
0.1044783,0.1465658,0.045848407,0.0,1.0,1.0,0.0,0.26719952,0.379654,0.3837505,0.4581771,0.54591703,0.40186095,0.15643185,0.22441933,0.43048534,0.31859404,0.54803383,0.47315603,0.23769554,0.3260845,0.6617685,0.60526156,0.69807285,0.47641623,0.559353,0.3969158,0.34888253,0.89570993,0.032153808,0.05309864,-0.08210051
0.015066894,0.16135707,0.0,0.0,0.952357,0.78589857,0.14804535,0.14107367,0.4209014,0.3082835,0.2416359,0.33139896,0.21876845,0.00059367716,0.45593122,0.5913539,0.4050749,0.7179808,0.59103745,0.25018758,0.46177927,0.4837073,0.57936424,0.6735636,0.30340353,0.6901143,0.51151794,0.32026848,0.93151516,0.18613812,-0.09028843,-0.10746982
0.17774361,0.032288007,0.0,0.0,1.0,0.898536,0.2837373,0.22403184,0.33206064,0.5403175,0.32468298,0.2175621,0.23876902,0.22908333,0.11319098,0.35159704,0.444078,0.7471271,0.6500081,0.34772265,0.32416606,0.55733967,0.70320344,0.87396234,0.37648448,0.6422755,0.66416305,0.30099213,0.6562038,0.19002828,0.036939863,0.10942212
0.054888222,0.06878043,0.0,0.024622438,0.9537315,1.0,0.35701537,0.24584322,0.4146191,0.28955823,0.37636656,0.42409253,0.28430405,0.36761117,0.4306073,0.46782017,0.2698067,0.9287169,0.5014887,0.16161305,0.42343742,0.43084973,0.53986096,0.73717725,0.47866058,0.73273635,0.24076785,0.36021462,0.73115706,0.1226841,-0.14807573,-0.15440127
0.026206993,0.0,0.0,0.0,1.0,1.0,0.0,0.032919012,0.6036762,0.3880114,0.30696183,0.32247388,0.2622856,0.44221243,0.0,0.43284094,0.36330232,0.8867303,0.6240207,0.3064787,0.47584614,0.5756621,0.6657303,0.76979315,0.47872096,0.7870477,0.3985714,0.26141405,1.0,0.09090783,-0.0028528194,-0.026573595
0.16778086,0.0,0.0,0.0,0.9073936,0.8971222,0.16407833,0.07916177,0.36205593,0.27981406,0.44638723,0.36175117,0.40285873,0.5471512,0.0,0.7117027,0.40031213,0.8496817,0.58948684,0.28203955,0.32555863,0.4243889,0.4647851,0.69704163,0.42813772,0.80943114,0.30724213,0.503855,0.9231024,0.041708596,-0.18666592,-0.20805988
0.03226344,0.0,0.0,0.054580748,0.89138186,0.90086955,0.05876276,0.20253855,0.07436502,0.52142483,0.36027437,0.5365055,0.4396242,0.49982238,0.0,0.59304214,0.17942548,0.7950684,0.44837105,0.16599354,0.24449997,0.80884206,0.6240735,0.8863691,0.34549984,0.69903684,0.3310277,0.3815164,0.96598667,-0.02183805,-0.11263971,0.0011082888
0.103127666,0.15555939,0.078429386,0.020372476,1.0,0.8816093,0.20834951,0.24320804,0.3810386,0.19923343,0.11721319,0.35106552,0.33824453,0.36461762,0.0,0.35115954,0.25678483,0.82139367,0.6034358,0.5547502,0.114024326,0.5470452,0.500235,0.7277854,0.37627625,0.83741,0.16664305,0.29792902,0.9140699,-0.029641844,-0.068284065,-0.14736375
0.070583545,0.15904458,0.0,0.090899795,1.0,1.0,0.19193603,0.048452362,0.5190459,0.35827768,0.24819964,0.4689101,0.23118612,0.59199387,0.0,0.32772258,0.23525375,0.8224634,0.47990918,0.24538125,0.27436996,0.35409284,0.6225373,0.5071975,0.37443185,0.86213934,0.42262647,0.401464,0.934497,0.15417746,0.09985973,-0.20601545
0.18914834,0.0,0.0,0.101074666,1.0,1.0,0.0,0.2321459,0.39789307,0.39910024,0.24025929,0.16702993,0.66332686,0.42744717,0.04015957,0.33702916,0.12982517,0.68851125,0.61199963,0.1402022,0.095493525,0.5166861,0.69599056,0.71944845,0.323769,0.7591357,0.32289666,0.26639646,0.7433158,-0.004864238,-0.037090644,-0.13817567
0.0,0.04364397,0.0024027596,0.0,0.8952723,0.8928457,0.1768869,0.05244994,0.28629723,0.05761257,0.34632695,0.15544103,0.4284776,0.42820826,0.0,0.5345234,0.44836897,0.7163436,0.55353117,0.12060542,0.24771895,0.52458096,0.5606139,0.9064378,0.43325433,0.845793,0.2996483,0.51110893,0.65121424,0.035979502,-0.10491436,-0.026058339
0.0,0.0055822628,0.0,0.0,1.0,1.0,0.23028027,0.15110713,0.43866932,0.20573848,0.3734886,0.23376456,0.30712008,0.29486543,0.0,0.16114095,0.37657437,0.97787005,0.7262068,0.40698856,0.104331605,0.5964897,0.6586988,0.7787166,0.19311811,0.84224,0.41861057,0.50627744,0.707306,0.12214335,0.258035,0.017874204
0.29306626,0.19002101,0.16931947,0.19052447,0.90919435,0.87270117,0.394395,0.12502576,0.50090224,0.4144548,0.55584896,0.36149842,0.40876925,0.41868603,0.13410804,0.39334983,0.1310379,0.8316657,0.6380051,0.20789056,0.26401192,0.38229695,0.51216996,0.7960627,0.46469247,1.0,0.2104846,0.47794804,0.77234846,0.021359492,0.019813273,-0.22679594
0.0,0.18217896,0.011647373,0.0,1.0,0.90143037,0.22821787,0.19961584,0.39048707,0.49378073,0.40927264,0.36225846,0.5628409,0.5186718,0.0,0.5016663,0.27338096,0.7252275,0.6461354,0.3264839,0.060228735,0.35985103,0.5195473,0.97650564,0.4980592,0.912972,0.15593559,0.37696826,0.6110376,0.004134506,-0.03348083,-0.098035425
0.0,0.0,0.016466327,0.0,0.8805463,1.0,0.021406919,0.24219555,0.39599207,0.31967145,0.5312382,0.57634497,0.3529986,0.36962605,0.017237145,0.2515977,0.35165802,0.8475983,0.54070777,0.28331065,0.3624292,0.5796964,0.5874177,0.80740714,0.122526616,0.65916646,0.20086472,0.39908573,0.35222998,0.027948517,-0.0494195,0.036960885
0.06442894,0.22361529,0.0,0.0,1.0,1.0,0.09400157,0.354904,0.19065301,0.7013847,0.5154982,0.30709097,0.3644368,0.5751178,0.04443807,0.3608411,0.3406926,0.7812923,0.5333512,0.19714381,0.011464864,0.53217345,0.42814544,0.9375049,0.22348197,0.80444705,0.2073822,0.5310921,0.38301927,0.1970594,-0.09344878,0.05562009
0.14415675,0.12006364,0.0,0.017021708,0.96991444,1.0,0.26391512,0.20651829,0.36402187,0.47999394,0.41419113,0.31870893,0.3707452,0.528541,0.0826963,0.2475056,0.2692613,0.8012307,0.6154038,0.24394213,0.17280105,0.32386425,0.72479564,1.0,0.16013241,0.64758337,0.3133155,0.4180449,0.47005394,0.061873205,0.25732243,0.12301343
0.14639696,0.10913026,0.027462557,0.1346843,0.9795588,1.0,0.4477114,0.09718332,0.4392748,0.38988563,0.68089694,0.26766828,0.32045195,0.39594197,0.0813745,0.36818928,0.30171216,0.9303296,0.53077173,0.40536505,0.3335501,0.609978,0.62840277,0.8324139,0.3983875,0.7459144,0.33375505,0.44663432,0.4308234,0.19950153,-0.04455975,0.04692107
0.0,0.047883894,0.0,0.18638574,0.8940686,0.7980896,0.016421288,0.23993719,0.50494075,0.49448827,0.52835333,0.1275653,0.5046179,0.46696237,0.044330064,0.290614,0.28881827,0.7045462,0.612943,0.24274075,0.16708533,0.42501926,0.5921838,1.0,0.31057632,0.8288679,0.43752643,0.5098244,0.39647242,0.01536837,0.24076378,0.077742234
0.0,0.0,0.0,0.15123846,0.78153676,0.7858657,0.10955781,0.1444706,0.55272937,0.58590066,0.6347568,0.32807338,0.40118834,0.52959764,0.0,0.6514646,0.22114787,0.8612235,0.48637527,0.34252754,0.26437622,0.5951265,0.47162616,0.8170544,0.39120623,0.7306655,0.4780415,0.5802211,0.3240443,0.20306396,0.10603587,-0.109725416
0.036545925,0.010037656,0.11815336,0.0,1.0,0.9048124,0.087158784,0.23732919,0.44603688,0.5607199,0.26257294,0.12366669,0.38578868,0.27404395,0.0,0.4093017,0.1243875,0.82398593,0.6334779,0.28143856,0.16087776,0.5931603,0.46347654,0.87778103,0.32085449,0.98761,0.502367,0.6751497,0.5908919,0.030206602,-0.0769821,-0.08262619
0.016481783,0.0,0.0,0.0,1.0,1.0,0.27386618,0.12821215,0.59076524,0.21654412,0.55011,0.025702447,0.19484004,0.35195893,0.2338143,0.25677514,0.20771703,0.70086557,0.53092265,0.27329525,0.19206044,0.59218854,0.7739456,0.64135325,0.4860082,0.8330249,0.22296722,0.43067175,0.68212456,-0.067262635,0.08991274,0.03951244
0.0,0.19674984,0.024310155,0.20953235,1.0,1.0,0.14623037,0.0,0.51378304,0.33624074,0.65711504,0.03214723,0.2049893,0.21793476,0.15157267,0.39996234,0.24453692,0.725899,0.58045125,0.36216432,0.41813958,0.49316514,0.3827297,0.58503,0.5398751,0.6933001,0.38774085,0.41150162,0.79825294,-0.097908296,-0.29440904,-0.08338376
0.22474048,0.104292944,0.23634644,0.12361753,0.8295514,1.0,0.334679,0.21706387,0.46212494,0.3450967,0.36590898,0.20910229,0.0,0.13120666,0.0,0.48574826,0.304158,0.8167927,0.6559337,0.09154825,0.16066049,0.5433053,0.5701037,0.7869271,0.318667,0.60532135,0.33231777,0.49677843,0.8873247,-0.0076125283,-0.10162832,-0.11938585
0.10724532,0.0,0.0,0.02508463,0.94322,1.0,0.1340043,0.34289116,0.3679544,0.5045252,0.3868165,0.3279832,0.2934845,0.42886132,0.0,0.56476265,0.34329784,0.8385632,0.50245094,0.17765963,0.050997406,0.53056395,0.46599522,0.74841154,0.13502535,0.7174174,0.33938068,0.4338277,1.0,-0.16525102,-0.034237735,-0.093543954
0.085949995,0.04384545,0.19586657,0.0,0.94047135,1.0,0.1297558,0.23584059,0.39422792,0.34014747,0.5613837,0.3415554,0.34372652,0.44170046,0.0,0.32657242,0.35591325,0.7755904,0.66497403,0.35309157,0.39465055,0.61223626,0.5077498,0.9253561,0.19688189,0.6428293,0.21502542,0.435782,0.93455595,-0.055736996,-0.13387838,-0.0058513433
0.0,0.0,0.0,0.012687419,0.8504847,0.9027909,0.2012382,0.048297666,0.4165242,0.48631638,0.2865501,0.5376417,0.45710638,0.5174474,0.22351417,0.66614276,0.21753177,0.759618,0.5777717,0.22899431,0.2859203,0.328323,0.511238,0.8142796,0.49644494,0.8247098,0.37359866,0.21776617,1.0,-0.03182101,-0.052794777,-0.004551314
0.0,0.0,0.0,0.20760308,1.0,0.9906768,0.15626757,0.07608636,0.38384864,0.34564543,0.46440643,0.51581967,0.593326,0.394416,0.0,0.38222316,0.18090388,0.7890586,0.67243487,0.3222493,0.31174067,0.4931902,0.60973454,0.6951493,0.28904337,0.8466666,0.24176142,0.56171685,0.75373524,-0.13651499,-0.0012589712,-0.14993756
0.04387665,0.0,0.0,0.0,0.93524253,0.9936955,0.3790689,0.4700395,0.26065835,0.27674705,0.27427045,0.4823538,0.5219576,0.41756052,0.010807034,0.65183246,0.23519818,0.87651813,0.5926187,0.06776744,0.1486288,0.40843284,0.50741047,0.9555117,0.3718328,1.0,0.4005921,0.31400234,0.68314815,-0.020599544,0.009135585,-0.12881294
0.0,0.0,0.0,0.106446415,0.7793537,1.0,0.22946659,0.13842385,0.30407125,0.32083046,0.43066955,0.3232131,0.33075583,0.5395286,0.09381667,0.42183805,0.22056939,0.8550899,0.6144612,0.16649029,0.0341343,0.6235333,0.6320484,0.87986296,0.16647854,0.5678135,0.34021825,0.4112195,0.959943,0.09331183,-0.06095364,-0.1600524
0.0,0.0,0.0,0.04491506,0.93778276,0.7902396,0.5110952,0.17776331,0.5245482,0.3350593,0.39119542,0.3814344,0.5760022,0.31703448,0.0,0.48171335,0.2698105,0.828046,0.5928479,0.38687074,0.16493158,0.58360887,0.5271963,0.6103684,0.45603478,0.7133849,0.49868092,0.42803943,1.0,0.021222375,-0.10120402,-0.043515995
0.0,0.005234997,0.0,0.0,0.97186977,1.0,0.10373419,0.10777948,0.50769603,0.29223925,0.28772756,0.53859687,0.48907053,0.3752283,0.0,0.74562645,0.35614476,0.74430853,0.71335465,0.08294687,0.0,0.64690256,0.5169121,0.7381439,0.39363822,0.78810006,0.33296865,0.37784073,0.82737714,0.060171016,0.1159296,0.1573782
0.0,0.07916357,0.0,0.0,0.95637685,1.0,0.11864741,0.35370454,0.4480601,0.23488791,0.17052221,0.357764,0.23369725,0.3925555,0.0,0.4494864,0.13979258,0.7014924,0.60065067,0.34277326,0.028154999,0.67766184,0.55878824,0.8362854,0.35861892,0.60229623,0.37637928,0.38950884,0.7971208,-0.005035311,0.1577412,0.011221431
0.0,0.0,0.037799038,0.0,1.0,0.9895889,0.15301464,0.24881633,0.34892896,0.6033637,0.16880472,0.46493393,0.45147678,0.40926778,0.0,0.38032663,0.17912884,0.69954604,0.7927385,0.2045294,0.090576865,0.5201573,0.6089689,1.0,0.4497062,0.6566131,0.20335644,0.07630338,0.7378894,-0.072536446,0.22207937,-0.121949896
0.09463645,0.17791303,0.0,0.0,0.8091951,1.0,0.24075803,0.105774835,0.24143972,0.39503676,0.3799013,0.36752343,0.34689385,0.24576,0.009257231,0.17127493,0.25142986,0.8505589,0.34183764,0.18922317,0.08844803,0.6972798,0.56365997,0.6310061,0.4568371,0.77083415,0.3147458,0.16808121,0.82482874,-0.02223983,-0.043394104,0.04676086
0.12130818,0.0,0.0,0.0,1.0,1.0,0.1739465,0.06558147,0.3308981,0.45718923,0.28611633,0.37323192,0.19126809,0.36476377,0.09363822,0.4271658,0.22207439,0.747482,0.39419505,0.12704712,0.34392896,0.51317155,0.5061112,0.8010205,0.35600916,0.6235373,0.44589323,0.22358781,0.9134029,-0.035473708,0.18257293,-0.055006184
0.0,0.25210488,0.195998,0.050066695,0.8910094,0.9687929,0.1614139,0.16737488,0.4764374,0.5237081,0.2570704,0.5233863,0.18248868,0.28107798,0.11481504,0.4698995,0.29766548,0.8755531,0.5574429,0.20896664,0.25249216,0.52406025,0.6745121,0.75239444,0.35111573,0.71960413,0.36187512,0.14204161,0.87844086,0.049864173,0.089129284,0.04745722
0.5349747,0.5784873,1.0,1.0,1.0,0.86221445,0.4429166,0.16709502,0.36670735,0.21954453,0.47297865,0.40382722,0.24536748,0.45043665,0.0,0.45327595,0.3084485,0.89703023,0.5352398,0.27555624,0.37614775,0.37504447,0.60111296,0.88211644,0.4283216,0.7571389,0.19707724,0.16080773,0.71832937,-0.045362994,-0.063195795,-0.066815466
0.0,0.039295595,0.0897816,0.0,1.0,0.9290932,0.25241935,0.3067652,0.46851534,0.39030746,0.5204675,0.33081645,0.4539003,0.61938345,0.06649022,0.67124057,0.09193748,0.76353276,0.69572574,0.22873524,0.3922559,0.34978393,0.5793561,0.7583821,0.31925398,0.7766066,0.42790064,0.24262455,0.660235,0.11257457,0.1119399,0.09313412
0.0,0.0,0.15008773,0.111288644,1.0,0.7725891,0.14805248,0.2589844,0.46171996,0.5777442,0.7147744,0.17935696,0.3848201,0.3110364,0.0,0.50133246,0.21992062,0.873044,0.6087179,0.17438352,0.21919394,0.5941485,0.5702284,0.5586878,0.39139956,0.66189456,0.2974499,0.41285866,0.6009,0.015552968,-0.11675175,-0.052203942
0.037021425,0.23789018,0.0,0.04706254,0.970062,0.9827289,0.03807226,0.17874397,0.42004743,0.70939755,0.5325283,0.10953053,0.1987522,0.43204856,0.027534373,0.58182406,0.16522548,0.94768554,0.65441155,0.2010023,0.17130694,0.6913732,0.5476555,0.6249625,0.18521264,0.44175777,0.3334566,0.3189067,0.6293817,0.081372775,0.17465162,0.06356484
0.013907992,0.0,0.0,0.0,1.0,1.0,0.29928634,0.2088047,0.48881924,0.2755034,0.6492255,0.20947142,0.3235446,0.5361127,0.118342295,0.5415365,0.1834712,0.59919435,0.3934554,0.43873075,0.3158288,0.65810597,0.5338865,0.7158847,0.3798239,0.7604687,0.38914588,0.5125074,1.0,-0.036364276,0.09668398,-0.078218766
0.11424611,0.0,0.01236809,0.0,0.9479244,0.92991567,0.12459035,0.020354658,0.1824053,0.47210646,0.2681066,0.16041972,0.3142374,0.3765335,0.30333024,0.58765924,0.341995,0.79681695,0.37630886,0.28090307,0.2760878,0.5782129,0.4853763,0.73872864,0.37657893,0.66544175,0.39258915,0.34109965,0.71280134,0.021163333,0.20393226,-0.1098756
0.0,0.0,0.0,0.11572183,1.0,0.9716099,0.07947862,0.39003724,0.3830626,0.35191777,0.40984562,0.4608631,0.122705564,0.5210427,0.14907226,0.5790346,0.31559947,0.8876446,0.47165293,0.13976231,0.37102458,0.44891116,0.7165071,0.582267,0.57996684,0.6826181,0.29635292,0.52685636,1.0,-0.0723817,0.04591846,-0.22930571
0.077298686,0.0,0.036659073,0.07474068,0.88512444,0.8698034,0.31986427,0.09222185,0.27947003,0.22485875,0.43822426,0.53760207,0.3158995,0.40552744,0.07795337,0.41627353,0.2288591,0.94713324,0.6197087,0.14867869,0.36212945,0.5679094,0.7452073,0.742341,0.37652624,0.63504446,0.576648,0.5339472,0.6131849,0.248946,-0.15149313,-0.06497154
0.0130129885,0.098736644,0.0,0.035667583,1.0,1.0,0.3141725,0.10443687,0.19989857,0.44954655,0.29662073,0.37031767,0.54286325,0.21636336,0.051751725,0.54345983,0.16455051,0.87348926,0.6282189,0.22741549,0.2848279,0.49574074,0.51546663,0.7372434,0.3399261,0.786944,0.4143355,0.42370993,0.7551103,0.019175678,-0.21731551,-0.1693983
0.116668954,0.0,0.0068727136,0.10212856,1.0,1.0,0.08256425,0.05133888,0.49936157,0.39153868,0.34633487,0.3138724,0.33305877,0.31790984,0.0,0.46287957,0.29985875,0.87680745,0.18923718,0.27768195,0.13573211,0.3571427,0.62931204,0.7287799,0.45067823,0.8681483,0.18913127,0.38043225,0.3351752,0.15726687,-0.20515601,-0.073177755
0.0,0.0,0.29099485,0.05010925,1.0,0.9389144,0.29903966,0.24020144,0.4676853,0.40541005,0.18296379,0.27061477,0.4190252,0.3729641,0.14968188,0.4141323,0.3267253,0.8244709,0.5629848,0.15860116,0.26922622,0.717102,0.6352,0.97467947,0.15507911,0.7834714,0.49675632,0.4780376,0.4043886,-0.09534223,-0.14352398,-0.2645072
0.19921213,0.0360032,0.04583405,0.0,1.0,0.9986254,0.15087402,0.19807106,0.395556,0.3889566,0.16693489,0.37774384,0.31977427,0.4188135,0.0,0.72255594,0.20296127,0.8158553,0.5920983,0.037223876,0.37971088,0.5513687,0.57973295,0.7170776,0.61203694,0.7233455,0.23443994,0.62808555,0.79023325,0.032901615,0.05124581,-0.09964049
0.10703427,0.0,0.020575501,0.0,1.0,0.9143774,0.083754346,0.22081438,0.50349736,0.312789,0.27276006,0.37024474,0.31962487,0.32096228,0.014786378,0.66087556,0.22415194,0.94884485,0.829,0.20640522,0.3725093,0.6928013,0.6594739,0.7825057,0.3047716,0.8579434,0.2879607,0.18075146,0.58563924,0.1310633,0.017624095,0.06995455
0.14401042,0.14337438,0.14582923,0.10163186,1.0,0.90847725,0.19239418,0.24343513,0.4471866,0.22702914,0.34577736,0.42220888,0.25510636,0.3070037,0.0,0.70641303,0.3491854,0.75280756,0.6399148,0.12438966,0.21697812,0.6968148,0.44930038,0.7803352,0.1495449,0.64363486,0.11439106,0.29971743,0.8342821,-0.23199299,-0.048415553,-0.20252648
0.13875192,0.0,0.0,0.0,1.0,1.0,0.0794794,0.23116632,0.5941863,0.504553,0.13155007,0.2760504,0.4176543,0.42306653,0.022949748,0.56580275,0.095559195,0.95980686,0.7281959,0.1568441,0.13829021,0.3977834,0.565209,0.9417211,0.514035,0.72971565,0.4619096,0.29441062,0.66765875,0.032392286,-0.18765819,-0.061383575
0.0,0.019196859,0.0,0.0,0.8136683,0.88951397,0.22520512,0.20669566,0.32713333,0.480924,0.2958778,0.35502547,0.3877931,0.2649904,0.0,0.6176727,0.5350305,0.99218965,0.56665957,0.31344095,0.28571385,0.5739929,0.6251031,0.9838488,0.41985238,0.75494826,0.34256253,0.36492953,0.47671607,-0.22602262,-0.12683108,0.2213018
0.0035323063,0.070939265,0.0,0.13895686,1.0,0.7554487,0.27673623,0.2593977,0.45951587,0.30158597,0.09680155,0.29702768,0.3554845,0.2586036,0.16518548,0.47354865,0.20251876,0.82282823,0.6032339,0.16508639,0.23012379,0.6050628,0.65087557,0.8659353,0.38255012,0.8429304,0.24512663,0.25427794,0.49553594,-0.22573698,-0.06915909,-0.15281254
0.027148183,0.17905883,0.13014084,0.08488677,1.0,0.90469533,0.36988068,0.034721076,0.52218026,0.33713457,0.51544744,0.28602737,0.5053846,0.3391167,0.078339376,0.37644732,0.20079151,0.91703147,0.63626814,0.25449094,0.1849809,0.48767596,0.4353305,0.72296244,0.1625815,0.99982,0.5585172,0.24386188,0.6302356,-0.26222527,-0.06197702,-0.10366088
0.059635248,0.006070354,0.42443568,0.027810141,0.9218861,1.0,0.23749499,0.1471731,0.41075006,0.68339765,0.5922763,0.13283986,0.50030345,0.4322494,0.12237597,0.46388775,0.2940452,0.7423637,0.7070632,0.0,0.02941686,0.6743806,0.5097948,0.86985284,0.4519654,0.9079238,0.3558923,0.27358654,0.4581319,-0.107146345,-0.05935875,-0.00051644444
0.0,0.16603476,0.2019419,0.0,1.0,1.0,0.09422298,0.035118043,0.44857594,0.2808322,0.5753208,0.23275898,0.49379778,0.26350802,0.057832055,0.76961,0.29350492,0.8616404,0.5718019,0.18840571,0.045603693,0.49700877,0.43167388,0.7661096,0.24895954,0.7980946,0.18153706,0.27648392,0.15989268,-0.16651946,0.016755907,0.12880704
0.0,0.0,0.082929045,0.0,1.0,0.95948166,0.13393156,0.16020152,0.42308307,0.60302806,0.5744262,0.39274696,0.48172855,0.42687953,0.033755403,0.71346766,0.26419967,0.849288,0.653345,0.14424187,0.17119011,0.5173414,0.5307374,0.7744594,0.37571475,0.82058513,0.3777187,0.15475647,0.21843724,-0.359052,0.13894396,0.11330496
0.19415392,0.03157836,0.03472931,0.0,0.8659693,1.0,0.073629804,0.12431137,0.5137521,0.61895466,0.39825833,0.06903708,0.31435826,0.54610765,0.0029335096,0.26853848,0.4869059,0.8513186,0.5893728,0.21380019,0.34972876,0.6346897,0.6925281,0.6764732,0.48257935,0.6973602,0.3301125,0.31902024,0.05678355,-0.28849518,0.055676274,0.27813816
0.010328997,0.0,0.0,0.0,1.0,0.91772705,0.13473003,0.14389947,0.4464024,0.4999584,0.46616372,0.29681084,0.44546905,0.39410275,0.037483837,0.5110879,0.2639172,0.91763264,0.42892307,0.19877194,0.21681988,0.5344684,0.69963664,0.68515563,0.3357951,0.6152879,0.43671665,0.048217848,0.2470282,0.021057501,0.06489891,-0.06330601
0.056229305,0.1458875,0.0,0.01452576,0.8717936,0.9675926,0.2818418,0.021913841,0.40979487,0.49568185,0.40273023,0.12901267,0.43007246,0.5464134,0.04707788,0.44880232,0.21379036,0.8182418,0.6628619,0.30271623,0.29544255,0.6215905,0.43378392,1.0,0.22430302,0.91197926,0.24620484,0.31145725,0.361794,-0.22145584,0.09133299,-0.047890432
0.13847837,0.054203458,0.0060838736,0.0,1.0,1.0,0.21500438,0.17243753,0.54778916,0.38645276,0.57346994,0.11787444,0.57822907,0.46793193,0.0,0.43820202,0.13853219,0.9308257,0.57662857,0.43231112,0.0,0.5400411,0.46175197,0.6103363,0.33171818,0.8747666,0.34284878,0.12618229,0.6153929,-0.27098617,-0.049742606,0.16857925
0.25388956,0.0,0.03985506,0.07416406,0.9160551,1.0,0.18290015,0.0,0.6242213,0.54073805,0.55362636,0.12554449,0.4654398,0.36154154,0.09802548,0.6836017,0.23209855,1.0,0.5573752,0.0,0.22900791,0.58203304,0.57279986,0.64439803,0.42840058,0.9340134,0.3526705,0.2524873,0.71331066,-0.3570366,-0.22496624,0.07774843
0.0,0.0,0.11196677,0.091631986,1.0,0.99803054,0.21989647,0.29751557,0.5305854,0.59114105,0.58599085,0.29254,0.28535262,0.35215375,0.0,0.5612776,0.06979865,0.8888049,0.53624743,0.17880341,0.18553141,0.6582835,0.52527356,0.5120826,0.3076265,0.6927192,0.51374817,0.25317413,0.6250017,-0.1931723,-0.064868644,-0.011540804
0.21228322,0.15908323,0.0,0.0,1.0,1.0,0.0,0.29892933,0.3963433,0.37539825,0.5613314,0.4184548,0.24071425,0.2636745,0.0,0.3475855,0.15702194,0.8940511,0.7340476,0.04717475,0.41901958,0.51351184,0.5502366,0.6733792,0.1201911,0.66990745,0.3234026,0.3416238,0.66405463,-0.11197241,-0.083537914,-0.16689755
0.0,0.0,0.06544841,0.0,0.7467965,0.7558925,0.24320641,0.15627243,0.56559354,0.50354743,0.6923256,0.39676303,0.32337737,0.39113456,0.117750764,0.46436,0.009228393,1.0,0.7145536,0.42755687,0.36183804,0.47921297,0.54622793,0.81342036,0.46234718,0.692928,0.17153795,0.5368175,0.7162511,0.0009512007,0.22775681,0.022922255
0.06211772,0.020999169,0.15233885,0.15054455,0.91695017,0.8714004,0.3881991,0.09280105,0.31923667,0.54794323,0.33210862,0.43251824,0.10820903,0.142602,0.0,0.75952524,0.4150607,0.9700721,0.58311194,0.30897692,0.35055387,0.6147658,0.582753,0.64473534,0.2564162,0.7510127,0.46660098,0.29639223,0.76703537,0.15797049,-0.123248115,-0.21396746
0.0,0.0,0.026129879,0.061388504,0.91013473,1.0,0.07734606,0.35603294,0.41784635,0.5086509,0.4905992,0.2530238,0.21903573,0.45506415,0.014533145,0.46258128,0.3073881,0.5578793,0.74031925,0.31141412,0.20287153,0.57772493,0.51572424,0.7905929,0.1582998,0.8359243,0.0038443208,0.35214505,0.68673265,-0.32588407,-0.3,-0.10204233
0.025617167,0.01861538,0.0,0.2274166,0.92977613,1.0,0.13311937,0.30944097,0.45757082,0.37634283,0.38602376,0.42979154,0.34576473,0.38103,0.0,0.56681794,0.0,0.89265835,0.6874043,0.27011552,0.120757066,0.67186916,0.38168737,0.7836143,0.16799496,0.73948616,0.33386973,0.3386446,0.73652226,-0.12884998,-0.17525084,-0.1122146
0.0,0.0,0.015988747,0.037547518,0.7964033,1.0,0.34949362,0.17797671,0.3831094,0.69816494,0.418482,0.24925013,0.61902267,0.33523512,0.091933645,0.6115996,0.35490716,0.587218,0.5686526,0.2215656,0.46879727,0.7780764,0.64509016,0.8447121,0.52152884,0.89175314,0.3007124,0.089307085,0.90542024,-0.109152526,0.06501621,-0.18876484
0.22325534,0.10970296,0.0,0.0,1.0,0.75407904,0.0,0.12812999,0.38351113,0.43952703,0.46273488,0.25164738,0.5151543,0.36761627,0.23677264,0.40743282,0.30198777,0.8283461,0.51011777,0.4006093,0.36139503,0.49066326,0.5079925,0.7962689,0.41548067,0.8452451,0.27539614,0.13150081,0.88024884,-0.046490148,0.008577073,-0.14917208
0.10865833,0.12359131,0.0009762421,0.0,0.87789774,1.0,0.3213848,0.24320593,0.25884247,0.23546551,0.20459628,0.3482349,0.33878595,0.42409694,0.19623977,0.5128939,0.37491438,0.7546508,0.47094855,0.31595266,0.5784771,0.58413655,0.60280377,0.9218867,0.2306459,0.812289,0.39414057,0.13319823,0.9577708,-0.10291033,-0.119384855,-0.20483811
0.039782546,0.21480304,0.002094213,0.049370576,0.98936075,1.0,0.23576269,0.038118526,0.414365,0.3886786,0.1953964,0.6129366,0.45997453,0.3231578,0.28638038,0.39262983,0.47312027,0.8857049,0.5975604,0.3245848,0.44573662,0.65382516,0.57896495,0.7481538,0.3617775,0.7892306,0.44595513,0.06178724,0.6678054,-0.211184,0.2852951,-0.24290068
0.0,0.0,0.0,0.0,1.0,0.9441138,0.112424076,0.27081692,0.36895454,0.32786268,0.25681123,0.3894191,0.17887533,0.27372247,0.59816146,0.32424888,0.4017031,0.7240323,0.5436647,0.4547524,0.14674571,0.50429004,0.7233167,0.8955543,0.51801914,0.66208124,0.2907925,0.18435092,0.8739791,-0.13480084,-0.15006977,0.031273514
0.0,0.0,0.0,0.1320546,1.0,0.96201086,0.0059770644,0.17482896,0.3818176,0.34217095,0.0456547,0.52294487,0.49344286,0.363646,0.5377969,0.34897304,0.3152875,0.97956085,0.57290035,0.44249633,0.618245,0.61412793,0.572005,0.7845589,0.40098768,0.82841945,0.24993399,0.061964825,0.8672063,-0.088750646,-0.16741577,-0.035753764
0.24855706,0.20694697,0.0777502,0.22803168,1.0,0.99459153,0.08596092,0.2985285,0.5183775,0.56637186,0.2353801,0.4779708,0.44925997,0.4786838,0.7697977,0.4866308,0.47374037,0.883636,0.4942763,0.4289123,0.3212924,0.48674896,0.33587718,0.83353376,0.13623863,0.50406915,0.49430275,0.13500024,0.7720235,0.008076701,-0.07871637,-0.0077960193
0.0,0.09122519,0.20779733,0.003918303,0.97575265,1.0,0.32504958,0.19774856,0.6093315,0.51710176,0.4244839,0.5691821,0.39411762,0.39677373,0.601106,0.56315744,0.48219916,0.8751136,0.7830438,0.41467515,0.5546787,0.47703803,0.6277826,0.7386021,0.35557732,0.87136185,0.40285915,0.19060966,0.61344016,0.045869812,-0.15755923,-0.26950803
0.0,0.16262797,0.03882091,0.0,0.8961533,0.9403475,0.18120214,0.28551525,0.6034307,0.7017763,0.38714516,0.43449676,0.48094243,0.3859895,0.63943654,0.36859125,0.55951965,0.75436926,0.5125399,0.5274643,0.5284219,0.50602615,0.63806367,0.82444096,0.29549238,0.8468221,0.38627344,0.2940933,0.5762604,0.13075271,0.12920934,-0.07521704
0.0,0.0,0.063626826,0.0,0.97988015,1.0,0.1767,0.13634399,0.5880119,0.5451934,0.28641003,0.56609994,0.55424404,0.53639865,0.46975565,0.40023267,0.50956386,0.77383804,0.33940387,0.35435086,0.42149976,0.68770784,0.4147976,1.0,0.22431627,0.9140791,0.43059587,0.10700245,0.41032323,-0.08765491,-0.13660994,0.085627005
0.08308625,0.0,0.0,0.0,1.0,0.87324286,0.18619202,0.13659036,0.44912994,0.6152237,0.40788642,0.46590543,0.38904867,0.24503131,0.11717218,0.1949187,0.4083661,0.7024509,0.58638567,0.5834145,0.3545373,0.8112355,0.4776795,0.91356665,0.3360026,0.7597016,0.3256831,0.21524131,0.88598835,-0.34009713,-0.16510303,-0.057608962
0.11117771,0.0,0.11860819,0.15997422,0.8726511,0.9410717,0.21518216,0.027729757,0.5450394,0.4343152,0.45237014,0.33251393,0.32890737,0.23122144,0.7710971,0.49173468,0.42580122,0.5924313,0.4741935,0.47846177,0.3579394,0.62476057,0.6057469,0.7316542,0.3062458,0.7662449,0.4940781,0.1427004,0.6895678,-0.14076197,0.07280347,-0.16039884
0.07310637,0.1176832,0.09404434,0.091866374,1.0,1.0,0.3414641,0.17191319,0.379233,0.6219422,0.41867694,0.25958288,0.44321764,0.42906603,0.5132708,0.4705476,0.50345045,0.54217297,0.6140635,0.4536106,0.4921704,0.60798997,0.6348665,0.817199,0.35908693,0.54746664,0.3381328,0.3407935,0.6372302,-0.04436071,0.024941016,0.056327842
0.32736012,0.121931165,0.21675415,0.15384741,1.0,1.0,0.098462254,0.0,0.5321027,0.6623287,0.32331663,0.41322502,0.2091005,0.4287943,0.4520412,0.57914567,0.55460525,0.8907223,0.5252078,0.6096562,0.51626533,0.6004802,0.48182982,0.9152684,0.54945385,0.55358464,0.36464193,0.050944343,0.48474473,0.12742162,-0.060187247,0.13517153
0.05816231,0.3144897,0.0,0.0,1.0,1.0,0.22808993,0.08336346,0.34140044,0.63510895,0.39270648,0.3371337,0.26378763,0.43882734,0.4238702,0.25653002,0.5680019,0.79873306,0.5001575,0.48406988,0.5211795,0.668618,0.5042343,0.6768179,0.4480984,0.5756272,0.21832144,0.13841316,0.70887965,-0.023005515,-0.06260908,-0.17299092
0.0,0.033891954,0.0,0.100112386,0.7739537,0.9527333,0.0,0.16771516,0.53051925,0.587264,0.26007336,0.42160147,0.31248555,0.2875911,0.68328285,0.37540022,0.69208086,0.681499,0.71617484,0.76019907,0.58338904,0.5554295,0.5631366,0.84436125,0.65568507,0.7348017,0.3639895,0.13438344,0.54222995,-0.08465802,0.07743479,0.020685658
0.117520824,0.0,0.0,0.0,0.9470639,1.0,0.13189244,0.27607408,0.5169177,0.5691335,0.41234985,0.1572549,0.24787858,0.28811485,0.425013,0.5008268,0.5570353,0.6810629,0.50564873,0.5682429,0.65952706,0.4983099,0.50453645,0.78221345,0.27953467,0.74566495,0.2636057,0.29922906,0.48084638,-0.13988283,-0.1778485,-0.042030793
0.11735457,0.0006014928,0.053162724,0.016340088,0.9385258,1.0,0.3394281,0.06420063,0.62739253,0.5628521,0.40132302,0.23640512,0.2228642,0.13751945,0.51044476,0.50849444,0.57958484,0.878815,0.45272794,0.6041446,0.6820741,0.6678236,0.50872684,0.65498126,0.24913156,0.63681483,0.30512333,0.1855813,0.35759202,-0.0435433,0.2536656,0.049463805
0.0,0.12925878,0.17519918,0.034420535,0.99581105,1.0,0.14493734,0.13025743,0.64353013,0.4581648,0.59944797,0.35252285,0.482503,0.1199221,0.631582,0.40024215,0.5656265,0.8116119,0.8467522,0.6478907,0.5549383,0.6316917,0.6006553,0.8976826,0.372915,0.72494805,0.5742328,0.2106685,0.422124,-0.08850528,0.051568985,-0.06446932
0.16597997,0.0,0.13962074,0.0,0.8858346,1.0,0.19736205,0.0,0.49337494,0.3547243,0.36637536,0.40437004,0.2824949,0.39723572,0.20856087,0.51979125,0.47976655,0.77630174,0.3986689,0.46565112,0.29539135,0.6849028,0.61172515,0.86972886,0.34298706,0.8104383,0.31128362,0.33026767,0.2874564,-0.07550546,-0.24991354,-0.101688325
0.0,0.0,0.1855124,0.073368,0.9527165,0.6859095,0.22668171,0.2693104,0.32967225,0.49711636,0.49103078,0.323634,0.3230372,0.4128712,0.56315637,0.36963663,0.6023519,0.93672645,0.32645583,0.5613044,0.31492874,0.6334524,0.5466277,0.85547286,0.21769333,0.66762614,0.29236484,0.13713454,0.38452864,-0.109163165,-0.11801713,-0.017231783
0.08373862,0.1258449,0.29635644,0.16840167,0.94086903,0.88286376,0.24339591,0.24373254,0.53151774,0.48841572,0.35973528,0.4652887,0.31845286,0.1989828,0.65979487,0.4634639,0.38008636,0.7221777,0.3504994,0.58118194,0.34459168,0.6512906,0.6972736,0.8516926,0.34048986,0.7903808,0.25264704,0.2410719,0.22040053,-0.1418117,-0.069026046,0.03688725
0.0,0.27808654,0.3519473,0.28173783,0.75080395,1.0,0.41176477,0.5087527,0.42311084,0.33564943,0.5358521,0.40903372,0.43512952,0.4225016,0.42257568,0.4258171,0.3223567,0.60167503,0.66989154,0.33220527,0.29807663,0.64100146,0.6585503,0.86896,0.24130177,0.8675264,0.31020755,0.19343537,0.4507967,-0.19423532,-0.012479026,-0.10214204
0.17555514,0.000569853,0.0,0.0,0.8397089,0.9704839,0.34816453,0.24765046,0.37847844,0.334705,0.41098502,0.43131557,0.2609805,0.5300632,0.25723904,0.52608025,0.34012297,0.7789318,0.47006318,0.1783987,0.364766,0.57489306,0.49721664,0.87246394,0.58265656,0.8781304,0.3558462,0.0,0.6723192,-0.22346985,0.07559085,0.03984807
0.0653263,0.08814032,0.07102116,0.091931716,1.0,1.0,0.41032147,0.19665116,0.46106562,0.58709437,0.5411706,0.39520314,0.39159042,0.26505655,0.27336934,0.4903694,0.28413394,0.78611404,0.3666839,0.4761839,0.33459306,0.58588886,0.54446816,0.7764923,0.42129683,0.87335414,0.3805359,0.1377236,0.8219299,-0.09874105,0.20163539,-0.030021016
0.16182236,0.14115389,0.0,0.0,1.0,1.0,0.21153812,0.035212442,0.35634878,0.533114,0.57093525,0.24361396,0.53272873,0.72420347,0.0,0.27953485,0.39065528,0.75278854,0.70416373,0.2609094,0.14988825,0.61659247,0.45608947,0.9152903,0.3382101,1.0,0.1565778,0.47458,0.6067141,0.025316108,0.11187301,-0.18579498
0.04149329,0.06106961,0.026561698,0.13487205,0.95547277,1.0,0.20857923,0.12994482,0.41445637,0.31215987,0.40033764,0.20846449,0.60891485,0.68058807,0.0,0.28373796,0.2084942,0.80400604,0.7088197,0.30648637,0.19389029,0.4820105,0.48893756,0.9309336,0.33162415,1.0,0.28756002,0.37382007,0.6753266,0.013907783,-0.18900838,-0.0029321006
0.04974321,0.0,0.0,0.07089822,1.0,0.9510739,0.17460993,0.0,0.470941,0.14123727,0.6267596,0.19063094,0.83490807,0.66157377,0.15827039,0.39450508,0.2767949,0.63553405,0.55667233,0.22082828,0.40272015,0.53784335,0.63103604,1.0,0.19412507,1.0,0.16026822,0.35072413,0.6917396,-0.01616399,0.2046905,0.06359682
0.18620303,0.0,0.1000766,0.22835393,1.0,1.0,0.26190817,0.045104407,0.53657544,0.45121163,0.38744172,0.38806432,0.7130829,0.6439402,0.18516898,0.28158617,0.2572826,0.8361232,0.5000004,0.061073825,0.25846562,0.48465747,0.54358196,0.93540764,0.28047642,1.0,0.24161763,0.34045288,0.440667,-0.047740877,0.11221225,-0.123500854
0.0,0.14021601,0.008373939,0.0,1.0,1.0,0.27111292,0.08595219,0.36297524,0.3467206,0.45440578,0.3691988,0.6736158,0.5965623,0.13361016,0.30900428,0.093012795,0.5638684,0.44072768,0.15068798,0.15760186,0.6740466,0.62302,1.0,0.287149,1.0,0.07152112,0.5810785,0.59420985,-0.12328824,0.19791582,-0.17557965
0.09590042,0.0,0.10686849,0.07512245,1.0,1.0,0.22957173,0.39056513,0.55729574,0.3451891,0.5475111,0.21510366,0.5116349,0.5358743,0.1781815,0.3615921,0.24570714,0.79388124,0.6015002,0.2518472,0.15855,0.43443072,0.53748864,0.9677977,0.29691297,1.0,0.21970138,0.3296608,0.46478,-0.023065522,-0.051908772,-0.15104544
0.2294323,0.016237358,0.05959851,0.10520872,0.9041613,1.0,0.22752178,0.20775627,0.3539859,0.27224836,0.4580029,0.3037722,0.35737577,0.6844398,0.14635704,0.3754252,0.20906164,0.66929674,0.6521578,0.2587602,0.29132897,0.44021142,0.5391218,0.9733901,0.387197,0.9892489,0.32467115,0.27478477,0.5330768,-0.118459925,0.13464938,-0.026041185
0.0,0.06375807,0.0,0.06691436,0.939994,1.0,0.103694975,0.0499333,0.1566455,0.300197,0.40513334,0.13448526,0.47311684,0.7475145,0.076532766,0.44404915,0.31056464,0.9392005,0.72200537,0.22259557,0.31826353,0.66318125,0.5124583,0.9797291,0.38483706,0.5895981,0.22441724,0.3754095,0.42621377,-0.011876252,0.06572878,0.043106697
0.0,0.22606811,0.0,0.02373553,1.0,1.0,0.09404938,0.117885135,0.40094277,0.27004945,0.13434464,0.34058815,0.57846975,0.5700489,0.080430955,0.56106305,0.2639359,0.77459556,0.6147595,0.45142776,0.34966588,0.70572436,0.5728876,0.8017754,0.36493924,1.0,0.0,0.22269857,0.53956294,0.026400372,-0.23282671,-0.04550037
0.0,0.05425611,0.0,0.0,1.0,1.0,0.30711216,0.14624007,0.5632556,0.38865113,0.30417502,0.33885157,0.47100726,0.6722121,0.10704187,0.38716605,0.058150157,0.78183645,0.44870913,0.14257103,0.39457256,0.8439454,0.5438979,0.79153955,0.48875797,0.94606376,0.0998372,0.21322829,0.631635,-0.2335239,-0.12918642,-0.21782023
0.0,0.0,0.08647445,0.051681835,0.93572825,0.95060486,0.04941827,0.19692719,0.5083605,0.621577,0.4516452,0.26854444,0.49348724,0.72384375,0.02904032,0.4185735,0.29595268,0.98527783,0.34994864,0.28184414,0.4655946,0.45786476,0.6616238,0.857036,0.25529322,1.0,0.33624166,0.315782,0.8771451,0.009383976,-0.06283393,0.08599857
0.06455453,0.111467294,0.0,0.0,0.96080214,1.0,0.0,0.34186342,0.32278463,0.485905,0.33386385,0.1762588,0.60113686,0.56935203,0.078888424,0.29756346,0.26648694,0.88411874,0.51361763,0.3121726,0.24949843,0.5825409,0.58320946,0.8975274,0.17334902,0.7939575,0.27430138,0.39891267,0.95641047,0.11726079,-0.017871797,0.04996951
0.0,0.034029838,0.20229343,0.13071325,1.0,0.9465228,0.19578117,0.39357868,0.28976113,0.4456525,0.28309315,0.4520469,0.58133024,0.6042103,0.06822193,0.6117333,0.21723661,0.85767514,0.56188273,0.31271467,0.22278851,0.5919941,0.4580914,1.0,0.064385116,0.882691,0.2901637,0.42915446,0.8583056,-0.24150036,0.15560436,-0.07399814
0.0013957592,0.0,0.0,0.045011472,1.0,1.0,0.23507035,0.29723704,0.6768008,0.5028049,0.31955674,0.38860047,0.62752813,0.65659136,0.10896534,0.528659,0.27266932,0.72631466,0.62247866,0.1971195,0.15774462,0.6225898,0.53631765,0.9296235,0.3670742,0.9146121,0.15935555,0.2590017,0.6009829,-0.12280333,-0.18330052,-0.14945662
0.11018037,0.15712076,0.0038174605,0.17553928,1.0,0.95431435,0.14532338,0.14905696,0.31929523,0.25591052,0.33830544,0.4606441,0.49332082,0.6082433,0.0,0.48267817,0.29874608,0.72453654,0.43968296,0.2724963,0.1700879,0.57078487,0.7388859,0.87331146,0.24408033,0.92511284,0.50979555,0.46981442,0.6520227,0.060322084,-0.12888691,-0.0050298646
0.1918945,0.0,0.0,0.0,1.0,1.0,0.14102367,0.17826056,0.40907985,0.46104538,0.46143478,0.40303963,0.67225313,0.50396866,0.0,0.36278844,0.39832497,0.80453485,0.45013556,0.2907869,0.16203363,0.7883552,0.71351844,0.78338176,0.18884863,0.8385764,0.29931942,0.22424076,0.929234,-0.042277317,-0.21328162,-0.070211835
0.0,0.0,0.044933364,0.08337139,0.91426235,1.0,0.2128201,0.2177868,0.64371514,0.36509982,0.36536685,0.35913214,0.37904778,0.45418343,0.12996379,0.6503941,0.2740286,0.62986326,0.574947,0.26363114,0.48134336,0.41075218,0.60548365,0.9572975,0.17340533,0.89657766,0.31728426,0.29668137,0.5511546,-0.06195771,0.006307315,0.063180216
0.0,0.0,0.0,0.0,0.90924144,0.9992143,0.1721319,0.20827274,0.41109002,0.2974154,0.33115262,0.42188874,0.5463368,0.643289,0.0743926,0.16349113,0.29725826,0.79873294,0.6811064,0.16586867,0.2935752,0.785957,0.5384996,0.97597057,0.16435853,1.0,0.40627176,0.53628045,0.7999281,0.006396871,-0.10654567,-0.15077692
0.12182354,0.17335284,0.12656926,0.0,1.0,0.95875555,0.20522833,0.032222614,0.37387198,0.53895426,0.5286939,0.46902576,0.5283743,0.6017505,0.0,0.37109396,0.25178975,0.77823514,0.6685787,0.3682697,0.11327605,0.52460015,0.48358968,0.8578106,0.3681577,1.0,0.30100864,0.31522468,0.64594734,0.015965385,0.17577797,0.103424065
0.27005848,0.09356395,0.07857948,0.0,0.91268456,1.0,0.2750011,0.069706984,0.37220702,0.47384387,0.47896957,0.36189163,0.55258614,0.729843,0.036059838,0.19238071,0.23439868,0.89985013,0.6031491,0.39748996,0.17386568,0.5995472,0.64731586,0.94499594,0.28689927,0.8711284,0.1422458,0.6270528,0.72073966,-0.0883751,-0.28600362,-0.044288278
0.079973035,0.20738626,0.0,0.15237962,1.0,1.0,0.25200656,0.20715913,0.46647227,0.39546663,0.39042914,0.2778757,0.5744677,0.50725436,0.03741063,0.5824376,0.21423341,0.45963812,0.5396073,0.1943381,0.3364855,0.53478897,0.5451242,0.8816681,0.3207074,0.7779633,0.12623219,0.25772446,0.1020782,0.14598289,-0.11633422,0.07823456
0.0,0.14410034,0.030330732,0.06733334,0.9104674,1.0,0.28627217,0.2884643,0.42569664,0.47870088,0.64657235,0.077277124,0.6198366,0.48804313,0.11938662,0.34879664,0.40078515,0.8745936,0.4220236,0.055796787,0.2670161,0.58191454,0.7354371,0.81027484,0.3321461,1.0,0.45460767,0.10485319,0.049213424,0.033557214,-0.031095637,0.15689732
0.0,0.0,0.107347324,0.0,1.0,1.0,0.100090355,0.0,0.34640396,0.4183682,0.43581527,0.30989733,0.54686666,0.6770123,0.028100677,0.4311803,0.19121455,0.8547871,0.5872388,0.20046547,0.200099,0.4071445,0.6650458,0.9629722,0.19722706,1.0,0.4010998,0.29358223,0.23038107,-0.046668597,0.2229423,0.13293146
0.04093552,0.04270119,0.10347961,0.1329237,1.0,0.9592404,0.19865556,0.18871456,0.51769507,0.4714718,0.57510734,0.3067295,0.6383701,0.59390044,0.20809475,0.34156558,0.35549027,0.676217,0.5794523,0.18329853,0.3149523,0.66486394,0.50086915,0.94691217,0.12845047,1.0,0.30895808,0.22824435,0.045305915,-0.050208047,0.1182362,0.14647713
0.30070972,0.0,0.0,0.0,0.89971334,1.0,0.11233398,0.3399548,0.29971188,0.37946004,0.5325701,0.25129044,0.49424207,0.57563484,0.24227387,0.28520793,0.22728086,0.872299,0.80071634,0.3918727,0.35201284,0.5341381,0.55244154,0.794401,0.036488205,0.96734536,0.18779477,0.14615251,0.0,-0.1354484,-0.17460038,0.06398341
0.0084145535,0.0,0.057192195,0.0,0.99498683,1.0,0.13955276,0.085972846,0.5833528,0.57458603,0.3958754,0.282213,0.56632763,0.63893265,0.032809716,0.2865422,0.29167074,0.5781388,0.5061378,0.3214391,0.36590588,0.70315325,0.37268057,0.9128577,0.26796365,1.0,0.30763257,0.05562806,0.4619763,-0.029504634,-0.05795362,-0.08575895
0.060431108,0.25433147,0.0,0.0,0.975419,0.8430676,0.15675882,0.2357511,0.23414946,0.44946614,0.4411313,0.4960336,0.4967912,0.7103534,0.105575025,0.31128442,0.053733587,0.67320335,0.7402739,0.4223307,0.37926292,0.50371385,0.53373045,1.0,0.2340877,0.9821975,0.32277527,0.2427199,0.36952657,0.07452133,-0.16658053,-0.18534587
0.3120436,0.0,0.0,0.0,0.8813912,1.0,0.3801452,0.07009006,0.3402691,0.49094325,0.3534096,0.47950274,0.5814644,0.5410834,0.019254765,0.36512136,0.23239061,0.62365294,0.57578295,0.28865755,0.2623713,0.3236524,0.5222745,0.89185995,0.31308103,0.8870564,0.43577242,0.21533787,0.39526334,-0.11696835,-0.09156875,0.019617647
0.12920508,0.12713109,0.07317023,0.20169438,1.0,1.0,0.16064547,0.0,0.18784595,0.703804,0.32123768,0.49987662,0.4490418,0.6860734,0.090901405,0.40182105,0.30975664,0.65519357,0.61689913,0.35664433,0.21946755,0.7589613,0.6904605,1.0,0.48482525,0.98409706,0.36403555,0.22796707,0.33744973,-0.061435357,0.027277313,-0.20514886
0.24162544,0.014524912,0.14341374,0.0,0.9637069,1.0,0.31641388,0.061043583,0.63955474,0.32199427,0.29626688,0.3495887,0.6643468,0.49973568,0.06064991,0.44218436,0.22164597,0.6844498,0.32292897,0.3274642,0.39207354,0.44292393,0.6367602,0.9021875,0.36088488,0.84124786,0.138207,0.22127809,0.29794016,0.09356164,-0.13687146,-0.1927292
0.046044625,0.08179708,0.0,0.0,0.98613906,0.7706914,0.1825159,0.02894558,0.50669795,0.44826984,0.32851806,0.37843755,0.45137906,0.5071771,0.07440752,0.5502809,0.43704775,0.56187993,0.7250011,0.37257227,0.29792756,0.72426033,0.4929328,0.6769203,0.17191131,0.70401675,0.36996058,0.22556554,0.7316763,0.09457785,-0.006817078,0.09246313
0.1089157,0.0,0.15156648,0.0,0.96687156,1.0,0.43407294,0.20572229,0.5910382,0.36196536,0.3761883,0.48849052,0.546687,0.41605347,0.10242859,0.33709028,0.25819096,0.8738878,0.55681413,0.30814686,0.0,0.6383241,0.4979445,0.898066,0.2744325,0.9215182,0.3717702,0.1699454,0.6043992,-0.008742608,0.016672606,-0.22488737
0.109566525,0.16618535,0.0,0.07883168,1.0,1.0,0.3620377,0.1919036,0.45117036,0.36004204,0.22341749,0.49823305,0.5827215,0.49797052,0.22105613,0.31533483,0.12894027,0.9666713,0.3968348,0.3097952,0.12148705,0.57810694,0.35588175,0.84359574,0.21718508,0.9684978,0.26026046,0.16040397,0.6197189,0.06872731,0.059235495,-0.2059469
0.15234578,0.0394973,0.1745669,0.013466058,0.95654136,0.9452518,0.015962437,0.28652173,0.41898176,0.5023446,0.168172,0.55137366,0.67054105,0.5805125,0.40909964,0.38765407,0.3199232,0.912204,0.5348256,0.33485803,0.15403575,0.68410665,0.4655647,0.7276602,0.30294657,1.0,0.14822803,0.1377429,0.42672652,-0.2890009,-0.09333286,0.07082303
0.037440415,0.09867482,0.0,0.0,0.96267325,1.0,0.12478056,0.3234344,0.43855765,0.40430543,0.2051318,0.34330434,0.6148915,0.35412577,0.19039427,0.14658007,0.2405737,0.9865347,0.6540027,0.27605134,0.5228589,0.72020763,0.4533804,1.0,0.15162703,1.0,0.3794251,0.19338849,0.5237373,0.019974492,-0.15694943,-0.08129133
0.0,0.0,0.072377086,0.0,0.84821415,0.91744864,0.30081204,0.40549085,0.48555538,0.60955346,0.4282985,0.38923872,0.32198554,0.3481103,0.029754367,0.39986724,0.22445609,0.79248077,0.5015659,0.21725456,0.19871598,0.65909123,0.4316334,0.8785413,0.26432294,0.6108073,0.2945732,0.2353406,0.47339162,-0.06524502,-0.16233933,-0.10007429
0.0,0.022304725,0.0,0.08174774,1.0,1.0,0.19493386,0.009200722,0.30580795,0.34618747,0.59114546,0.4317931,0.38593727,0.5621355,0.0,0.50927866,0.2698693,0.97172064,0.5364056,0.21538818,0.27063757,0.66532284,0.65174985,0.77587754,0.25022125,0.7433742,0.33833402,0.15123324,0.28078824,-0.10201719,0.14846693,-0.15082133
0.19118093,0.0,0.0,0.0,1.0,0.97308666,0.27604273,0.22150615,0.49353206,0.41731498,0.28205886,0.31611842,0.45525363,0.74086267,0.0,0.31864733,0.25841698,0.8573145,0.65419924,0.19054979,0.1972658,0.6365892,0.6810454,0.7947107,0.027579218,0.80002314,0.32732502,0.2327202,0.3429901,0.22798401,-0.002844707,-0.08380268
0.04891871,0.0,0.0,0.025718004,1.0,0.986614,0.0,0.24558225,0.25738734,0.5672244,0.45218152,0.5551432,0.42835075,0.5415957,0.27674866,0.15608118,0.5138283,0.88156134,0.42927033,0.27924627,0.44819885,0.5748137,0.5432051,1.0,0.43575257,0.7257139,0.31820548,0.21625192,0.19810055,0.12153659,-0.070819855,0.024039455
0.122493595,0.08411742,0.3043087,0.020102836,0.93619996,0.980485,0.23509294,0.3296162,0.3852083,0.4430397,0.589199,0.30445135,0.4937029,0.5014758,0.40128464,0.50086737,0.5671062,0.6584783,0.561597,0.56537515,0.7173685,0.5996865,0.49264935,0.67744327,0.29532105,0.90937704,0.08500904,0.032374337,0.20555964,-0.10056191,0.11729615,-0.05377689
0.39278936,0.30308056,0.8657943,0.98710966,0.95480406,0.99940133,0.25248608,0.0,0.2551607,0.40143794,0.35171917,0.4342726,0.4511096,0.46762827,0.09495516,0.41284806,0.36271814,0.78716815,0.5657994,0.5487731,0.41602492,0.3632155,0.40168998,0.6303785,0.34611315,0.8303076,0.30543414,0.23876242,0.11587973,0.18822983,0.05889383,0.0064791227
0.65326583,0.7887168,1.0,1.0,0.82882106,1.0,0.19414487,0.22676197,0.4017587,0.50973153,0.4716522,0.13079487,0.43400893,0.17053442,0.12655208,0.18748297,0.42591608,0.857862,0.5914197,0.48402998,0.38295427,0.3987765,0.4456951,0.8004305,0.4691745,0.7259906,0.3166846,0.018088855,0.35326213,0.17772454,0.12271086,-0.021699337
0.23225245,0.20272239,0.2334491,0.3669282,0.9342684,1.0,0.111827254,0.036120646,0.43685237,0.335227,0.25162628,0.090303585,0.41489673,0.2388963,0.35042334,0.12427609,0.48710093,0.5180619,0.61184597,0.45691425,0.27400053,0.69843954,0.42073607,0.60383356,0.24106632,0.80079424,0.5104203,0.17935188,0.22381805,0.2020135,0.056660283,-0.18713385
0.17305598,0.046091728,0.058361515,0.16877022,0.9738656,0.8659741,0.24309553,0.097029336,0.28543407,0.26428255,0.27065814,0.6315646,0.31558,0.4411776,0.14613777,0.41073683,0.33834627,0.7271004,0.70406103,0.2939274,0.28520757,0.48169547,0.46410817,0.83450174,0.29522076,1.0,0.29130253,0.20395061,0.3915744,-0.037031442,0.23744655,-0.02013596
0.6138384,0.38659438,0.83932143,0.87269825,0.9455002,0.9367907,0.11399837,0.080733076,0.2855153,0.24810418,0.52874434,0.3250885,0.41705605,0.06304014,0.23863737,0.3895729,0.49659008,0.6246082,0.48823264,0.3814966,0.5164017,0.6728023,0.52161366,0.6782484,0.3541495,0.7817185,0.42813295,0.43834808,0.26558286,0.27567416,0.010683309,-0.16862553
0.0,0.0,0.0,0.15712604,0.93200165,0.9690119,0.20247376,0.07291054,0.26392788,0.51497465,0.44217712,0.37459028,0.25199854,0.50312996,0.33052793,0.40996253,0.43270826,0.718127,0.63588554,0.25088733,0.45891878,0.63105696,0.6244245,0.7030736,0.50040257,0.96150124,0.14705865,0.33483392,0.49332082,0.048056014,0.047197822,0.08936129
0.0,0.030220024,0.03268432,0.0,1.0,0.79715955,0.006010294,0.04718201,0.4655147,0.35165137,0.41384703,0.3303562,0.38433468,0.37541807,0.098568276,0.36735103,0.4539606,0.646388,0.33464506,0.5038558,0.21228296,0.5581154,0.5865645,0.9507383,0.2517336,0.8360227,0.22854722,0.23944184,0.46719554,0.04872888,0.07193353,0.08591369
0.0,0.0,0.0,0.0,0.80167556,0.9083276,0.14451075,0.0,0.56677425,0.33044732,0.37803715,0.22053222,0.36651587,0.50415856,0.2740475,0.72298646,0.14899562,0.9597204,0.52393717,0.2326976,0.14459324,0.5793888,0.55337286,0.8577653,0.52583414,0.6043848,0.31208152,0.30872035,0.42127258,0.043068305,0.010415218,-0.0067886245
0.0,0.0,0.0,0.0,1.0,1.0,0.008889511,0.21530658,0.31575632,0.43221542,0.5275872,0.5374377,0.4131559,0.27961004,0.35224873,0.3094428,0.4622088,0.8126919,0.53631425,0.40901044,0.2568442,0.5454638,0.60420775,0.7476888,0.19972545,0.6137103,0.018761426,0.44579983,0.6696868,0.18967682,-0.15442285,-0.14005658
0.091043875,0.0,0.0,0.0,0.950936,0.82164246,0.20328312,0.1683285,0.38962552,0.22634071,0.24494058,0.49312603,0.47093645,0.31364948,0.0782031,0.35907206,0.14722693,0.7782966,0.55948627,0.3734276,0.14616497,0.5800486,0.55939513,0.65199053,0.35308027,0.7316709,0.34296244,0.22969109,0.628526,-0.04854884,0.026943509,0.01353468
0.25369298,0.0,0.025384797,0.03424658,0.89241934,1.0,0.20994607,0.33806002,0.48318183,0.45582783,0.21254656,0.62979186,0.3456654,0.47687632,0.39931375,0.37545073,0.40201426,0.7450482,0.5251031,0.42711616,0.34183648,0.50128114,0.70285857,0.5430635,0.2829869,0.68858546,0.4818409,0.3268948,0.29185134,-0.1678206,0.030900277,-0.18558677
0.0,0.07126802,0.0,0.0,1.0,0.85218054,0.10474017,0.21163853,0.5088522,0.40691325,0.23007353,0.5083537,0.29998258,0.5439689,0.44505286,0.53894055,0.5801632,0.64453286,0.5930479,0.40800312,0.30816057,0.5180427,0.7180972,0.5973608,0.2487317,0.8693494,0.29918343,0.017238982,0.39207593,-0.052474864,-0.13073751,-0.041738994
0.0,0.0,0.0,0.0,0.9799552,1.0,0.11558796,0.1299257,0.44546738,0.22700001,0.32460216,0.38874787,0.36262912,0.65416956,0.37357533,0.22647212,0.5259334,0.7717216,0.46915168,0.45432287,0.48720834,0.64807796,0.56005013,0.7728477,0.17072932,0.7014527,0.42873755,0.17863345,0.37442794,-0.06214062,-0.05557744,-0.4238187
0.0,0.109006554,0.0,0.0,0.9992155,0.9499446,0.2919565,0.14622506,0.67727125,0.25214073,0.26501107,0.2818927,0.18497965,0.38104025,0.45428136,0.3167972,0.4202143,0.75861454,0.7115985,0.48078844,0.40271166,0.6522188,0.49122578,0.855819,0.44035244,0.97267437,0.15159845,0.0,0.6007159,0.08276451,-0.029692259,0.041894242
0.18881659,0.1270262,0.11775476,0.17394915,0.96410215,0.8028528,0.07271355,0.14047275,0.57902694,0.50781596,0.38194948,0.52227896,0.21591717,0.4061897,0.25382876,0.3331158,0.46725765,0.7655969,0.57360727,0.6923785,0.35013938,0.5664902,0.55464965,0.8969594,0.3608257,0.9213915,0.23179491,0.0,0.5649717,-0.218252,0.009668298,-0.0433726
0.11156488,0.08217728,0.0,0.060705274,1.0,1.0,0.13629127,0.17438655,0.62736875,0.48167163,0.0,0.7026091,0.42485672,0.34458047,0.59301937,0.39402744,0.7385156,0.749523,0.6585059,0.57903,0.74864376,0.42194998,0.34439605,0.73473823,0.35808423,0.6056814,0.50757164,0.018559188,0.2287743,-0.2037585,0.11007234,-0.1282824
0.0346768,0.0044386163,0.12686686,0.0011620242,0.88102525,1.0,0.045492895,0.18179809,0.4372554,0.44711614,0.49304438,0.48031446,0.35977978,0.16637984,0.56425756,0.20115341,0.8727765,0.87359756,0.38186938,0.68585736,0.7802202,0.27475417,0.5949055,0.68366504,0.3794273,1.0,0.2148121,0.022945914,0.3236094,-0.14121461,0.030960677,-0.14302576
0.033218823,0.0,0.0,0.0,1.0,0.89471173,0.17016359,0.12579873,0.7926303,0.57398206,0.45719433,0.31368998,0.44022068,0.27819046,0.4970254,0.34999067,0.8262788,0.49352667,0.48183993,0.652951,0.7576155,0.43967193,0.6308282,0.74779254,0.23231098,0.7493101,0.30711082,0.09459816,0.3289463,-0.2512382,-0.1323782,-0.01653206
0.026021212,0.0,0.0,0.052191414,0.8746823,1.0,0.2605274,0.2790971,0.6942247,0.53197813,0.59998035,0.3754952,0.5092159,0.4734074,0.62048465,0.45282894,0.7308246,0.616536,0.42711854,0.6202004,0.688196,0.4754031,0.4113928,0.77588147,0.2986248,0.6605557,0.32355958,0.039656095,0.403441,-0.15154675,-0.10123359,-0.014515668
0.13591062,0.04811742,0.18402235,0.08414257,1.0,0.87125075,0.20218745,0.33242932,0.38964912,0.62264514,0.4929846,0.0,0.49300948,0.23606478,0.669865,0.38335487,0.881168,0.49713778,0.27708334,0.89865005,0.955661,0.28454795,0.19198224,0.9094059,0.25382817,0.85604405,0.43460146,0.044249818,0.44866544,-0.18695666,0.07521047,0.012743287
0.1756514,0.32998034,0.5141647,0.4021761,0.9812794,1.0,0.34395942,0.17015982,0.08840951,0.4727435,0.5621275,0.3458795,0.4237656,0.28677648,0.9046377,0.0,1.0,0.5250801,0.36185303,0.90735203,1.0,0.18776806,0.40048754,0.96185553,0.34876582,0.82470894,0.32118112,0.034130923,0.29572248,0.111774504,-0.17134404,0.087273344
0.30494732,0.14445367,0.46366304,0.28339273,0.91703004,1.0,0.04085566,0.09565789,0.4573956,0.4677472,0.53391576,0.34840173,0.4596931,0.33007795,0.84252435,0.45467228,0.9343324,0.59156543,0.29842848,0.8939396,0.77095735,0.4391883,0.32149234,0.98997223,0.17881858,0.9067028,0.58389175,0.12380965,0.39331874,0.08143416,0.0624573,0.11020311
0.5604998,0.49954683,0.6064035,0.8125975,1.0,0.71195257,0.09563121,0.14389607,0.28369522,0.3815523,0.38623926,0.5062367,0.4020143,0.16227682,0.82214856,0.51683664,0.8542568,0.59637165,0.33053094,0.97416663,0.68673486,0.5106044,0.36794677,0.67091703,0.2555745,0.8729923,0.28869748,0.0,0.5792636,-0.20042874,-0.13334969,-0.12901065
0.40663502,0.599046,1.0,1.0,1.0,1.0,0.07972647,0.0,0.58607054,0.25111362,0.43172058,0.17390725,0.42389303,0.1193726,1.0,0.38556325,0.95446974,0.60340047,0.2707025,1.0,0.7212502,0.40847996,0.31024146,0.7090201,0.43617743,0.7463157,0.35342088,0.0058122575,0.3373126,0.03490376,0.02506153,-0.08913192
0.73591244,0.5879887,0.94691426,0.7753185,0.89271975,1.0,0.22100732,0.11242272,0.28509244,0.32011175,0.4507564,0.36927804,0.37120897,0.43246627,0.88328695,0.38076305,0.83000517,0.65054846,0.29802257,0.9792007,0.848674,0.36789638,0.31312853,0.7740578,0.37902278,0.7609178,0.46613607,0.0,0.61718917,0.20683673,-0.06260797,-0.2821379
0.27972072,0.36377406,0.53528064,0.59866315,1.0,0.98453915,0.1430713,0.09864434,0.27511078,0.31483272,0.2795446,0.398564,0.2734051,0.33060378,0.93800074,0.03994727,0.7429542,0.73232675,0.54493475,0.9269224,0.7408888,0.28250086,0.44770488,0.6789845,0.25163028,0.8139821,0.38228548,0.0,0.33523238,-0.011589471,-0.014593527,-0.10188882
0.5540671,0.6593548,0.9667589,1.0,0.97157043,0.8423252,0.1590886,0.2233549,0.35070324,0.6552538,0.5202068,0.38807568,0.2509553,0.16801225,0.94253135,0.24717255,0.8976132,0.6298074,0.29016963,0.83860856,0.83149606,0.40634936,0.4918037,0.7137339,0.40394345,0.6817837,0.1677461,0.07354351,0.37850547,-0.20859756,0.07969463,-0.007288115
0.37315273,0.5237928,0.6182329,0.70006627,1.0,1.0,0.1892443,0.20146023,0.39397785,0.5569316,0.32874018,0.41604024,0.13914126,0.09877595,0.845184,0.03078717,0.7228409,0.6112399,0.16550824,0.95277274,0.8723102,0.29423863,0.21395369,0.8640737,0.34459805,0.78048015,0.36648884,0.0,0.41604775,0.08315921,0.077813216,-0.22632962
0.0298317,0.045269616,0.13733767,0.075481854,0.98477066,1.0,0.17465451,0.2336397,0.4383946,0.37257087,0.30061483,0.2796097,0.0,0.045799732,0.6078843,0.25640196,0.4285106,0.70628303,0.48087597,0.85945135,0.7897527,0.5405442,0.47990394,0.72837466,0.5367854,0.7747103,0.2967735,0.0,0.35506907,0.1581263,-0.03906759,-0.058712386
0.0,0.0,0.0,0.020800285,1.0,0.8586015,0.27827087,0.4043328,0.41008112,0.2917057,0.42992252,0.11490379,0.19815192,0.10867193,0.19439036,0.23572455,0.5243431,0.5288731,0.5951053,0.43638873,0.4831522,0.43221134,0.69519293,0.69249725,0.47698045,0.79593253,0.42147994,0.044414826,0.47822654,-0.035165213,0.041838095,-0.07741169
0.29627043,0.40432727,0.46993947,0.3557787,0.94779044,1.0,0.0,0.4129886,0.42341268,0.4120862,0.31216103,0.12238693,0.23150632,0.108291574,0.66070944,0.30333835,0.6964852,0.513305,0.5389463,0.761964,0.66061115,0.56188256,0.42088342,0.63710386,0.49345472,0.68723804,0.33363318,0.09949373,0.37520713,-0.07649513,0.20653126,-0.013241909
0.2935856,0.29110622,0.9667557,1.0,1.0,0.95914483,0.44287014,0.38297242,0.41476637,0.07402989,0.5945925,0.31896183,0.3411003,0.5602099,0.27469078,0.56121325,0.46405286,0.7736932,0.49167815,0.4994957,0.7034341,0.560212,0.86688566,0.7351406,0.11924629,0.8672356,0.17112714,0.2591228,0.22050579,-0.0832836,-0.08015118,0.14161429
0.007902954,0.0,0.0,0.0,0.9172734,1.0,0.11867503,0.22692387,0.28374562,0.4092906,0.25059956,0.40341723,0.39195997,0.63327974,0.1929474,0.30150783,0.16218938,0.7687197,0.78912824,0.2876047,0.19505315,0.75949794,0.539652,0.8423686,0.36887383,0.9120383,0.36911365,0.20459174,0.5719191,-0.07850985,-0.09412868,-0.013609166
0.02041151,0.15818349,0.0,0.0,0.9467907,1.0,0.05501841,0.18774042,0.29531986,0.38511628,0.56252295,0.3290426,0.4965166,0.62328774,0.064219095,0.41598025,0.11902446,0.79861486,0.65552706,0.20777474,0.096664764,0.5275316,0.5981831,0.6669605,0.310271,0.80372727,0.30990946,0.3949785,0.47660172,-0.04713834,-0.0005970448,0.016403804
0.0,0.0,0.0,0.20157072,0.7942779,1.0,0.0,0.2750613,0.19229636,0.3896246,0.44463792,0.28712642,0.45443904,0.5234211,0.1318985,0.24953072,0.17403148,0.67407227,0.6525632,0.092171,0.06417264,0.7484802,0.4890835,0.81892204,0.38689432,0.718013,0.45397067,0.2760067,0.61270547,-0.026128007,0.05902758,0.06387528
