0.45,0.45,0.82,0.82,1.0,1.0,0.162,0.162,0.46,0.46,0.37,0.35,0.135,0.135,1.0,0.23,0.98,0.63,0.27,0.98,0.98,0.27,0.27,0.64,0.41,0.64,0.41,0.03,0.5,0.06,0.11,-0.04
0.45,0.45,0.82,0.82,1.0,1.0,0.162,0.162,0.46,0.46,0.4,0.32,0.135,0.135,1.0,0.23,0.99,0.63,0.27,0.99,0.99,0.27,0.27,0.64,0.41,0.64,0.41,0.03,0.49,0.064,0.11,-0.019
0.47,0.47,0.86,0.86,1.0,1.0,0.162,0.162,0.47,0.47,0.44,0.29,0.12,0.105,1.0,0.22,0.99,0.63,0.27,0.99,0.99,0.27,0.27,0.63,0.41,0.62,0.42,0.03,0.48,0.068,0.101,-0.003
0.48,0.48,0.88,0.88,1.0,1.0,0.162,0.162,0.46,0.46,0.45,0.27,0.12,0.105,1.0,0.22,0.99,0.63,0.27,0.99,0.99,0.27,0.27,0.63,0.41,0.62,0.42,0.02,0.48,0.074,0.088,0.019
0.48,0.48,0.88,0.88,1.0,1.0,0.162,0.162,0.46,0.46,0.46,0.27,0.12,0.105,1.0,0.22,0.99,0.63,0.26,0.99,0.99,0.26,0.26,0.63,0.42,0.62,0.42,0.02,0.48,0.064,0.074,0.057
0.48,0.48,0.88,0.88,1.0,1.0,0.162,0.162,0.45,0.45,0.45,0.27,0.105,0.105,1.0,0.22,0.99,0.63,0.26,0.99,0.99,0.26,0.26,0.62,0.42,0.62,0.42,0.02,0.49,0.071,0.049,0.089
0.48,0.48,0.88,0.88,1.0,1.0,0.162,0.162,0.45,0.45,0.45,0.28,0.105,0.105,1.0,0.22,0.99,0.63,0.26,0.99,0.99,0.26,0.26,0.62,0.42,0.62,0.42,0.02,0.49,0.084,0.021,0.103
0.48,0.48,0.88,0.88,1.0,1.0,0.162,0.162,0.46,0.46,0.43,0.29,0.105,0.105,1.0,0.22,0.99,0.63,0.26,0.99,0.99,0.26,0.26,0.62,0.42,0.62,0.42,0.02,0.49,0.097,0.004,0.108
0.46,0.46,0.85,0.85,1.0,1.0,0.48757836,0.4848338,0.29,0.29,0.43,0.29,0.12,0.105,1.0,0.22,0.985,0.63,0.29,0.98,0.99,0.29,0.29,0.63,0.41,0.62,0.42,0.02,0.49,0.098,-0.011,0.104
0.45,0.45,0.82,0.82,1.0,1.0,0.162,0.162,0.41,0.41,0.44,0.28,0.135,0.12,1.0,0.23,0.98,0.63,0.29,0.98,0.98,0.29,0.29,0.64,0.41,0.63,0.41,0.03,0.49,0.096,-0.028,0.101
0.46,0.46,0.83,0.83,1.0,1.0,0.162,0.162,0.47,0.47,0.41,0.31,0.135,0.12,1.0,0.23,0.98,0.63,0.27,0.98,0.98,0.27,0.27,0.64,0.41,0.63,0.41,0.03,0.49,0.1,-0.037,0.105
0.46,0.46,0.84,0.84,1.0,1.0,0.162,0.162,0.47,0.47,0.41,0.32,0.135,0.12,1.0,0.22,0.98,0.63,0.27,0.98,0.98,0.27,0.27,0.64,0.41,0.63,0.41,0.02,0.49,0.089,-0.045,0.114
0.46,0.46,0.83,0.83,1.0,1.0,0.162,0.162,0.53,0.53,0.42,0.3,0.135,0.12,1.0,0.22,0.99,0.63,0.27,0.99,0.99,0.27,0.27,0.64,0.41,0.63,0.41,0.02,0.49,0.091,-0.047,0.097
0.47,0.47,0.85,0.85,1.0,1.0,0.162,0.162,0.54,0.54,0.44,0.28,0.135,0.12,1.0,0.22,0.99,0.63,0.27,0.99,0.99,0.27,0.27,0.64,0.41,0.63,0.42,0.02,0.49,0.087,-0.049,0.085
0.47,0.47,0.87,0.87,1.0,1.0,0.162,0.162,0.53,0.53,0.48,0.25,0.135,0.12,1.0,0.22,0.99,0.63,0.27,0.99,0.99,0.27,0.27,0.64,0.41,0.63,0.42,0.03,0.49,0.087,-0.045,0.103
0.48,0.48,0.88,0.88,1.0,1.0,0.162,0.162,0.5,0.5,0.45,0.27,0.135,0.12,1.0,0.22,0.99,0.63,0.27,0.99,0.99,0.27,0.27,0.64,0.41,0.63,0.42,0.03,0.48,0.088,-0.044,0.121
0.46,0.46,0.85,0.85,1.0,1.0,0.4028223,0.40109664,0.33,0.33,0.17,0.56,0.12,0.105,1.0,0.24,0.98,0.65,0.3,0.98,0.98,0.3,0.3,0.63,0.42,0.62,0.42,0.03,0.47,0.094,-0.045,0.141
0.47,0.47,0.85,0.85,1.0,1.0,0.162,0.162,0.45,0.45,0.11,0.63,0.09,0.09,1.0,0.24,0.98,0.65,0.28,0.98,0.98,0.28,0.28,0.61,0.42,0.61,0.42,0.04,0.46,0.108,-0.04,0.168
0.47,0.47,0.86,0.86,1.0,1.0,0.162,0.162,0.46,0.46,0.1,0.63,0.09,0.09,1.0,0.24,0.98,0.64,0.28,0.98,0.98,0.28,0.28,0.61,0.42,0.61,0.42,0.04,0.46,0.125,-0.036,0.213
0.47,0.47,0.87,0.87,1.0,1.0,0.162,0.162,0.47,0.47,0.13,0.61,0.09,0.09,1.0,0.24,0.98,0.64,0.28,0.98,0.98,0.28,0.28,0.61,0.42,0.61,0.42,0.04,0.45,0.145,-0.038,0.257
0.5073092,0.5106217,0.9090003,0.9138379,0.98153895,0.98333645,0.19087511,0.1940388,0.4246658,0.43146592,0.21577698,0.53580236,0.1138635,0.10241643,0.98574674,0.24606021,0.9699193,0.6481625,0.2869184,0.96964383,0.97037697,0.2869495,0.2888388,0.61411375,0.43063554,0.60592633,0.43046132,0.035595186,0.44511837,0.14956208,-0.037732888,0.25258985
0.5750576,0.56805533,0.9781462,0.97707206,0.9643938,0.96574867,0.21466123,0.22015494,0.38195044,0.39076796,0.3000642,0.41434866,0.13600217,0.13739592,0.9452119,0.2968585,0.9187842,0.6925452,0.38875082,0.91406405,0.91838825,0.3863578,0.39119226,0.6496057,0.40153363,0.6450994,0.40328872,0.06550436,0.38709426,0.16808052,-0.044422846,0.24714649
0.47868413,0.48276886,0.9505593,0.9512504,0.96721786,0.9709141,0.18099721,0.191068,0.33129498,0.3245229,0.33713615,0.34302962,0.333266,0.38096234,0.22042656,0.37676737,0.30499297,0.7480356,0.5879601,0.31305265,0.29783878,0.5746122,0.5669617,0.876191,0.32193658,0.9049916,0.32584783,0.17431958,0.4269094,0.19359386,0.0018362233,0.23008716
0.39385664,0.39459944,0.8903701,0.9006917,0.9778046,0.9795075,0.18634519,0.19371617,0.32461303,0.31446934,0.34257275,0.33676878,0.33166873,0.3982914,0.15283495,0.3881713,0.28270298,0.7553297,0.59567046,0.2898644,0.2743352,0.58274823,0.5769514,0.88671505,0.32181805,0.9130572,0.3192671,0.18047898,0.5151055,0.20454513,0.062044032,0.20641662
0.06938169,0.060848363,0.062351048,0.07455092,0.9942841,0.99420196,0.17251067,0.19223803,0.31744477,0.31099746,0.36317426,0.33439052,0.29028642,0.36219618,0.024204131,0.44269902,0.23931813,0.8037662,0.5909067,0.24927485,0.23487262,0.5903263,0.5868083,0.8367857,0.35532,0.86031985,0.33853382,0.26069266,0.7503774,0.18708813,0.06211778,0.18713166
0.032475226,0.027741926,0.015508257,0.021980915,0.99611557,0.99653256,0.17046596,0.17742577,0.33410633,0.3261942,0.36317745,0.3303614,0.2980866,0.36582437,0.016165268,0.4261752,0.24367745,0.79982907,0.5642418,0.2562536,0.25517845,0.5706257,0.56641346,0.8009409,0.3658676,0.83027107,0.35058028,0.25361156,0.82388467,0.232402,0.018409422,0.16730829
0.030481867,0.026502602,0.014491398,0.02054511,0.99627316,0.99666816,0.17216334,0.17899713,0.33059525,0.32716134,0.3234767,0.37136126,0.30672878,0.3734241,0.01627582,0.42607105,0.24442104,0.79765725,0.5692591,0.25252298,0.25282377,0.5752383,0.5721121,0.80965847,0.35838774,0.84004134,0.34208116,0.26762977,0.8454778,0.2385271,0.016828513,0.12985769
0.029203331,0.026008042,0.014643325,0.020004377,0.9961051,0.9964257,0.1663518,0.17076293,0.33359244,0.3294829,0.30350676,0.39480826,0.32895556,0.39990675,0.015881414,0.42024326,0.24567804,0.7902037,0.5752455,0.24927968,0.24847408,0.57855165,0.57641506,0.8294999,0.3497858,0.8608047,0.32921973,0.32923317,0.8206446,0.22903071,0.014579306,0.08200804
0.028185753,0.025666801,0.014397688,0.018869825,0.99580705,0.9959863,0.16385278,0.16594578,0.32981572,0.3274303,0.30113822,0.3989469,0.3661392,0.43999118,0.013457389,0.41048956,0.24313419,0.7802574,0.5766959,0.24219917,0.24248235,0.5778616,0.57534844,0.85359764,0.33775872,0.88575375,0.3138366,0.39162493,0.79006714,0.21532562,0.0057903924,0.041949704
0.027256684,0.025209373,0.013895275,0.017275898,0.9954556,0.99544406,0.16446766,0.163457,0.3246579,0.32327023,0.3157315,0.3847096,0.40813708,0.48069322,0.010629554,0.40092903,0.23915796,0.7709633,0.5728864,0.2351593,0.23726268,0.57260746,0.5697578,0.8739093,0.324146,0.90564185,0.30017883,0.448378,0.74388057,0.20654096,-0.004458294,0.005048478
0.026897391,0.025204843,0.013584578,0.016021455,0.9951139,0.994921,0.16708039,0.16232604,0.32078788,0.3192155,0.34222537,0.36055204,0.44608998,0.5134784,0.008756747,0.39362183,0.23660353,0.7632782,0.56763655,0.2309476,0.2343012,0.5659407,0.56397754,0.88636154,0.31237233,0.917073,0.29053387,0.48822916,0.69505835,0.2015224,-0.010593033,-0.02541114
0.027055157,0.025519406,0.013588054,0.0155179985,0.9948271,0.99452066,0.17149545,0.1635412,0.3158311,0.3150189,0.37184536,0.3355277,0.46868035,0.52888346,0.007818477,0.3898821,0.23569544,0.7587357,0.562606,0.22928038,0.23323642,0.5600948,0.5591263,0.88841385,0.3056778,0.9191466,0.28674152,0.50674266,0.6673659,0.20113605,-0.012825307,-0.042529143
0.027426086,0.025937581,0.013830954,0.015652977,0.9946319,0.9942841,0.175875,0.1654653,0.30942568,0.31013867,0.40032068,0.31252694,0.47646227,0.5289764,0.007562239,0.38801017,0.2359637,0.75623024,0.5585464,0.22947396,0.23331122,0.5554441,0.5549502,0.8835558,0.3036931,0.9154068,0.28713214,0.5082147,0.6595032,0.20670973,-0.010221677,-0.050999235
0.027945,0.026319334,0.014202924,0.015997095,0.9944718,0.99410594,0.17795148,0.16613522,0.30598134,0.3074296,0.418003,0.29843542,0.4771962,0.52509993,0.007673463,0.3869786,0.23737547,0.7552203,0.5563832,0.23125131,0.23451255,0.5528415,0.552484,0.87816143,0.3038841,0.9115481,0.2886415,0.51488864,0.6511966,0.21604034,-0.0063223145,-0.05599426
0.028753309,0.02684754,0.014822009,0.016480468,0.9942259,0.9938391,0.17916304,0.1663287,0.30290687,0.30504715,0.4235376,0.29508668,0.47715977,0.52315307,0.007849963,0.38602063,0.23903766,0.7539395,0.55520713,0.23336068,0.23584662,0.55161005,0.5510586,0.87520474,0.3039617,0.909922,0.28923148,0.5307956,0.63999426,0.22616595,-0.0024192734,-0.059283633
0.029290931,0.0272673,0.01533716,0.016797245,0.99403,0.99364775,0.17868134,0.16594766,0.30194154,0.30346113,0.42676774,0.29167604,0.47834903,0.5244868,0.0077403192,0.38483617,0.24044178,0.75320876,0.5545642,0.23556677,0.23707043,0.5509384,0.5507912,0.8768729,0.30350372,0.9117719,0.28896192,0.5515368,0.62035155,0.23209701,0.00065655995,-0.061361596
0.029701483,0.027633231,0.01568776,0.016965823,0.9938782,0.99350065,0.17873688,0.16619238,0.30053914,0.3013133,0.42697757,0.29083157,0.48123217,0.5280559,0.007553351,0.38275972,0.241641,0.751792,0.55417585,0.2374843,0.23810549,0.5504246,0.55055684,0.8801907,0.30255866,0.91489667,0.28794515,0.5677211,0.6034449,0.23695025,0.0030422863,-0.060930558
0.030025948,0.027964493,0.015936239,0.017057626,0.9937628,0.9933856,0.17906974,0.1666753,0.29955068,0.29944783,0.42456913,0.29233974,0.48450106,0.53219426,0.007408345,0.3804361,0.2427506,0.75012916,0.55410194,0.2391137,0.2390275,0.55031925,0.5506353,0.88395935,0.30168065,0.9182859,0.28676322,0.58044994,0.58874434,0.2406382,0.0049403356,-0.059406582
0.030306611,0.028283883,0.016128868,0.017130235,0.9936799,0.99330056,0.17945847,0.16729055,0.29879743,0.29784432,0.42035803,0.29547268,0.48755103,0.53608066,0.007315676,0.37819844,0.24367258,0.7485446,0.5542806,0.24034889,0.23967747,0.5505272,0.5509896,0.8876783,0.30095035,0.9215289,0.28559104,0.58999956,0.57713723,0.24332511,0.0063625462,-0.057774298
0.030566216,0.028588248,0.016289858,0.01720498,0.9936173,0.99323434,0.17976862,0.1679182,0.2982542,0.29657707,0.41509292,0.29967335,0.49019116,0.5394165,0.0072739567,0.37630758,0.24440463,0.74718845,0.5545613,0.24124683,0.24010368,0.5509095,0.55147684,0.8908945,0.30033225,0.9242863,0.28450337,0.5972438,0.5688267,0.2451284,0.007235863,-0.056517553
0.030823832,0.028884465,0.016440926,0.017291423,0.9935642,0.9931765,0.17994267,0.1685597,0.29774904,0.29553115,0.4091201,0.304632,0.49248376,0.5422861,0.0072577633,0.37477064,0.2449586,0.7460888,0.55484504,0.24183477,0.24029385,0.5513317,0.55198586,0.89369106,0.29973754,0.92665106,0.2834491,0.603209,0.5633494,0.24617073,0.007433233,-0.05586912
0.031053785,0.029145522,0.01656018,0.017355982,0.9935134,0.9931191,0.18003017,0.16908765,0.2974502,0.29478952,0.40344176,0.30957597,0.49473992,0.5449273,0.0072588213,0.37362063,0.24534188,0.74518615,0.55506444,0.24216986,0.24041717,0.5517429,0.5524614,0.8958626,0.2991472,0.92847747,0.28250244,0.60829836,0.5597257,0.24643105,0.0070463596,-0.055740375
0.0312075,0.029327234,0.016609635,0.017358802,0.99347395,0.99307173,0.18015347,0.16948354,0.2973664,0.29429838,0.39893267,0.31368697,0.49719062,0.54757607,0.007263372,0.37274587,0.24563201,0.7443964,0.55516607,0.24237975,0.24061696,0.5520699,0.5528234,0.8974405,0.2985051,0.9298011,0.28166506,0.6121199,0.55746365,0.24609761,0.0063792644,-0.055854637
0.0312878,0.02942938,0.016602518,0.017314028,0.9934522,0.99304116,0.18034716,0.16984054,0.29730418,0.29390642,0.3954122,0.3169719,0.49961418,0.55012995,0.0072667156,0.37200543,0.24597844,0.743694,0.5551744,0.242608,0.24091944,0.5523037,0.55304843,0.89869606,0.2978243,0.93085116,0.28088918,0.61475945,0.5565361,0.24549559,0.005609379,-0.05603453
0.031325415,0.029480219,0.016573744,0.017255994,0.99344605,0.99302614,0.18054065,0.17018405,0.2971562,0.29355165,0.3923729,0.31979027,0.5016716,0.5523168,0.0072744936,0.37134823,0.2464463,0.7431052,0.5551618,0.24290699,0.2412939,0.55248696,0.55318433,0.89980155,0.2971833,0.9317695,0.28018168,0.6165408,0.5568056,0.24487911,0.004766532,-0.056315307
0.03134949,0.02951533,0.016542576,0.01719824,0.9934477,0.9930184,0.1806994,0.17049915,0.29695198,0.29322,0.38963833,0.32231826,0.50352734,0.55431014,0.0072830217,0.3707319,0.24695864,0.74259603,0.55517596,0.24321075,0.24166808,0.5526509,0.5532896,0.90092874,0.29656976,0.9326915,0.27949107,0.6178577,0.55764717,0.24425909,0.0038107003,-0.05673948
0.031368736,0.029549709,0.016511854,0.017139856,0.99345064,0.99301153,0.180831,0.17075372,0.29679164,0.29294556,0.38741472,0.32441536,0.50539386,0.5562916,0.007288874,0.3701656,0.2474228,0.7421367,0.5552217,0.24346031,0.2420096,0.5528072,0.5534027,0.9020667,0.29596314,0.9336074,0.278808,0.6189257,0.55842745,0.24356095,0.0028215125,-0.05727962
0.03138545,0.02958448,0.016481796,0.017081067,0.9934523,0.9930034,0.18094844,0.17095082,0.29671207,0.29274598,0.3857768,0.3260219,0.50727856,0.5582632,0.00729024,0.36966747,0.2478104,0.74172693,0.55527985,0.24365127,0.24231231,0.5529512,0.5535201,0.9031574,0.2953741,0.934473,0.27815303,0.61985636,0.5589294,0.24279788,0.0018653997,-0.05781474
0.03140571,0.02962478,0.016458515,0.017029474,0.99345136,0.9929931,0.18104726,0.17111225,0.2966991,0.29261428,0.38463917,0.3271934,0.5091098,0.56016296,0.0072869905,0.36923426,0.24812718,0.7413706,0.5553488,0.24379563,0.2425654,0.5530852,0.553642,0.9041926,0.29482117,0.93528545,0.2775372,0.6207285,0.55911094,0.24200594,0.0009855177,-0.058258284
0.031428702,0.029667998,0.016443023,0.016987761,0.9934487,0.9929818,0.18112534,0.17124534,0.2967492,0.29255345,0.38393426,0.3279688,0.5107885,0.5618978,0.007281205,0.36886895,0.24839152,0.74107695,0.5554241,0.2439155,0.2427792,0.5532109,0.553765,0.9051329,0.2943304,0.9360166,0.276987,0.6215438,0.5590133,0.2412154,0.00021974742,-0.05856541
0.031453043,0.029711261,0.016435616,0.01695772,0.99344516,0.9929709,0.18117884,0.17135845,0.2968427,0.29255435,0.38355917,0.3284165,0.5122282,0.5633891,0.007274301,0.368568,0.2486213,0.7408519,0.55550206,0.24402831,0.24295995,0.55332583,0.55388236,0.90596175,0.29391852,0.936656,0.27651712,0.62228763,0.558736,0.24045748,-0.00042282042,-0.058732074
0.03147716,0.029752418,0.01643486,0.016938448,0.9934416,0.9929612,0.18120763,0.17145464,0.29696736,0.29260704,0.3834171,0.3286136,0.51340234,0.5646149,0.007267211,0.36832476,0.24882543,0.7406923,0.5555805,0.24414104,0.24311274,0.5534281,0.5539906,0.90667903,0.29358858,0.93720573,0.27612957,0.62294835,0.55835414,0.2397469,-0.00095157296,-0.058780868
0.031499453,0.029789904,0.01643842,0.01692743,0.99343854,0.99295336,0.18121523,0.17153497,0.29711485,0.29270032,0.3834363,0.32862502,0.51433194,0.565597,0.0072601344,0.36813113,0.24900536,0.7405892,0.5556565,0.24425353,0.24324146,0.55351585,0.55408746,0.9072942,0.29333168,0.93767434,0.27581605,0.6235203,0.55791783,0.2390845,-0.0013827523,-0.058744628
0.031518653,0.029822478,0.016444104,0.016922146,0.9934362,0.99294734,0.18120702,0.17160138,0.29727697,0.2928228,0.38356215,0.32850567,0.5150526,0.5663711,0.007253154,0.36798128,0.2491621,0.7405321,0.5557261,0.24436435,0.24334976,0.5535872,0.5541705,0.90781695,0.2931344,0.9380706,0.27556458,0.62400734,0.5574703,0.23846735,-0.0017331374,-0.058654897
0.0315345,0.029849727,0.016450405,0.016920464,0.99343467,0.9929431,0.18118776,0.1716541,0.2974519,0.29296806,0.383738,0.32831818,0.51560265,0.56697476,0.0072472375,0.36787015,0.24929917,0.7405107,0.555789,0.24447317,0.24344364,0.5536459,0.5542419,0.90825737,0.2929847,0.93840283,0.27536434,0.6244203,0.557042,0.23789161,-0.0020168247,-0.058539193
0.03154748,0.029872255,0.016456516,0.016921068,0.9934341,0.9929404,0.1811604,0.17169699,0.29762962,0.2931248,0.3839017,0.32812577,0.51601547,0.5674417,0.007242758,0.3677886,0.24942133,0.7405148,0.55584544,0.24457844,0.24352504,0.5536941,0.55430216,0.9086332,0.29287088,0.93868583,0.27520248,0.62476486,0.5566729,0.23735777,-0.0022553615,-0.05842361
0.031558245,0.02989095,0.01646165,0.016922448,0.9934344,0.9929391,0.18112816,0.17173208,0.2978058,0.29328582,0.38401178,0.32797468,0.51632994,0.5678096,0.00723981,0.3677287,0.24952994,0.74053514,0.5558961,0.244676,0.24359535,0.5537347,0.5543533,0.90896,0.29278216,0.93893164,0.2750679,0.6250496,0.5563799,0.23686083,-0.0024698176,-0.058329042
0.031567037,0.029906364,0.016464924,0.016923035,0.99343526,0.9929386,0.18109463,0.17175995,0.29798073,0.29344746,0.3840589,0.3278818,0.51658434,0.56811434,0.007238073,0.36768577,0.2496238,0.740564,0.5559406,0.24476124,0.24365577,0.55376965,0.5543971,0.9092462,0.29270935,0.93914694,0.27495262,0.625283,0.5561576,0.23639134,-0.0026742902,-0.058267068
0.031573873,0.02991884,0.016465813,0.016921766,0.99343646,0.99293834,0.181063,0.17178121,0.29815486,0.2936078,0.38405246,0.32784468,0.51680654,0.56838185,0.0072371066,0.3676565,0.24970219,0.7405961,0.5559785,0.24483147,0.24370764,0.5537998,0.5544347,0.90949696,0.29264584,0.9393356,0.27485174,0.6254697,0.5559936,0.23594253,-0.0028756629,-0.05823921
0.031578846,0.029928619,0.016464323,0.016918322,0.9934377,0.99293834,0.18103492,0.17179699,0.29832748,0.2937658,0.38400796,0.32785183,0.5170105,0.56862515,0.0072365245,0.36763883,0.2497664,0.74062896,0.5560096,0.244887,0.24375267,0.5538255,0.5544668,0.9097152,0.2925884,0.93949944,0.2747627,0.625613,0.5558755,0.23551163,-0.003074979,-0.058240406
0.031582143,0.029936012,0.016460933,0.01691309,0.993439,0.99293846,0.18101068,0.17180859,0.2984967,0.29392067,0.3839411,0.3278889,0.5171989,0.5688468,0.0072361026,0.36763147,0.24981917,0.7406619,0.55603456,0.24493024,0.24379236,0.5538473,0.5544938,0.90990305,0.29253623,0.9396401,0.2746847,0.62571657,0.5557941,0.23509887,-0.003270838,-0.058262985
0.03158415,0.029941449,0.016456362,0.016906723,0.99344033,0.99293846,0.18098979,0.17181718,0.29866052,0.29407182,0.38386402,0.32794327,0.5173691,0.5690449,0.0072357743,0.36763313,0.24986361,0.7406954,0.55605465,0.24496423,0.2438278,0.5538659,0.5545164,0.9100633,0.29248974,0.9397596,0.27461746,0.62578696,0.55574065,0.23470606,-0.0034606468,-0.05829962
0.03158527,0.029945383,0.016451262,0.016899902,0.9934416,0.9929386,0.18097138,0.17182355,0.29881763,0.29421875,0.38378647,0.32800406,0.51751804,0.5692175,0.007235514,0.36764276,0.24990223,0.7407298,0.5560711,0.24499182,0.24386021,0.5538818,0.5545353,0.9101993,0.29244965,0.9398602,0.2745607,0.6258315,0.5557061,0.23433448,-0.0036419916,-0.05834363
0.031585734,0.02994814,0.016446125,0.016893098,0.99344265,0.9929386,0.18095483,0.17182808,0.29896754,0.29436126,0.38371637,0.32806224,0.5176439,0.56936353,0.0072353086,0.36765933,0.2499366,0.7407656,0.5560849,0.24501511,0.24389002,0.55389583,0.5545514,0.91031396,0.29241633,0.93994427,0.2745139,0.6258573,0.55568165,0.23398483,-0.003812548,-0.058390133
0.03158576,0.029949995,0.016441273,0.01688666,0.9934436,0.99293846,0.18093975,0.17183097,0.2991104,0.29449937,0.38365984,0.32811093,0.5177468,0.56948406,0.0072351545,0.3676819,0.24996743,0.7408027,0.556097,0.24503562,0.24391754,0.5539082,0.5545652,0.9104101,0.29238984,0.9400139,0.27447635,0.62587065,0.5556591,0.23365715,-0.0039703785,-0.05843522
0.03158551,0.029951164,0.016436903,0.016880805,0.99344444,0.99293834,0.18092567,0.17183235,0.29924628,0.2946327,0.38362044,0.3281455,0.51782703,0.56958,0.0072350483,0.36770943,0.24999511,0.74084115,0.556108,0.24505427,0.24394296,0.5539194,0.55457723,0.91049016,0.29236996,0.9400709,0.27444726,0.6258768,0.5556328,0.23335117,-0.004114083,-0.058475956
0.0315851,0.029951807,0.016433109,0.01687566,0.99344504,0.9929382,0.18091233,0.17183237,0.29937544,0.29476112,0.3835991,0.32816434,0.51788574,0.5696532,0.0072350004,0.36774096,0.25001988,0.74088067,0.5561182,0.2450717,0.24396618,0.55392945,0.5545878,0.9105562,0.29235637,0.94011706,0.27442583,0.6258795,0.5555997,0.23306665,-0.004243095,-0.058510706
0.031584576,0.029952036,0.01642991,0.016871262,0.9934455,0.992938,0.18089947,0.17183113,0.29949796,0.2948845,0.38359478,0.3281677,0.5179247,0.5697054,0.0072350204,0.36777565,0.2500417,0.74092096,0.5561279,0.24508813,0.24398723,0.5539386,0.5545973,0.9106097,0.29234865,0.9401537,0.27441117,0.6258813,0.555559,0.23280278,-0.0043574446,-0.058538713
0.031583965,0.0299519,0.016427245,0.016867578,0.99344593,0.99293774,0.18088706,0.17182875,0.2996142,0.2950026,0.38360527,0.32815722,0.5179456,0.5697387,0.00723512,0.36781266,0.25006068,0.74096173,0.55613714,0.24510366,0.24400611,0.553947,0.5546057,0.91065234,0.29234615,0.94018185,0.27440262,0.6258834,0.55551136,0.23255874,-0.004457966,-0.05855997
0.031583272,0.029951427,0.016425041,0.016864534,0.9934462,0.9929376,0.18087502,0.17182529,0.29972428,0.2951154,0.3836284,0.3281347,0.51795053,0.5697553,0.007235294,0.3678514,0.25007683,0.7410027,0.5561458,0.24511822,0.2440228,0.5539544,0.55461335,0.91068476,0.29234836,0.9402023,0.27439943,0.6258865,0.5554583,0.23233335,-0.004545732,-0.058574647
0.03158246,0.029950604,0.016423164,0.016861996,0.9934464,0.9929374,0.18086344,0.1718209,0.2998286,0.2952229,0.38366157,0.32810244,0.5179418,0.5697574,0.0072355485,0.3678914,0.25009015,0.7410433,0.5561538,0.24513179,0.24403751,0.55396104,0.55462,0.91070783,0.29235452,0.94021577,0.27440098,0.62589043,0.5554017,0.23212555,-0.004621458,-0.05858361
0.031581506,0.029949412,0.016421553,0.01685991,0.99344665,0.99293727,0.18085226,0.17181568,0.29992726,0.29532507,0.38370192,0.32806298,0.5179209,0.5697468,0.0072358837,0.36793217,0.250101,0.74108356,0.55616105,0.24514434,0.24405041,0.5539668,0.5546258,0.9107224,0.2923642,0.94022286,0.27440664,0.62589484,0.5553441,0.23193401,-0.0046866937,-0.05858773
0.031580403,0.029947883,0.016420113,0.016858155,0.99344677,0.99293715,0.18084161,0.17180979,0.30002043,0.29542205,0.38374704,0.32801875,0.51788986,0.5697253,0.0072362944,0.36797336,0.25010955,0.74112314,0.55616754,0.24515595,0.24406165,0.55397177,0.55463076,0.91072905,0.29237667,0.94022423,0.27441588,0.6258994,0.55528754,0.23175764,-0.004742602,-0.05858788
0.031579137,0.029946025,0.01641878,0.016856669,0.9934469,0.99293715,0.18083148,0.17180339,0.3001081,0.29551366,0.38379434,0.32797205,0.5178503,0.5696946,0.007236788,0.36801457,0.25011626,0.7411618,0.55617315,0.24516667,0.24407154,0.5539759,0.5546349,0.910729,0.2923915,0.94022065,0.2744281,0.6259033,0.55523413,0.23159562,-0.0047904034,-0.05858508
0.031577736,0.02994385,0.01641751,0.016855374,0.993447,0.99293715,0.18082184,0.17179662,0.3001905,0.2956001,0.3838416,0.32792503,0.5178037,0.5696564,0.0072373636,0.36805552,0.2501214,0.7411994,0.556178,0.24517652,0.24408026,0.55397934,0.5546382,0.91072315,0.29240814,0.9402127,0.2744427,0.62590647,0.5551851,0.23144698,-0.0048313807,-0.058580127
0.031576198,0.029941428,0.016416293,0.01685422,0.9934471,0.99293715,0.1808128,0.17178959,0.30026782,0.29568148,0.3838876,0.3278791,0.5177521,0.5696123,0.0072380113,0.36809582,0.2501252,0.74123573,0.55618215,0.24518558,0.24408796,0.5539822,0.5546409,0.9107125,0.29242602,0.9402016,0.27445915,0.6259087,0.5551412,0.2313103,-0.0048665465,-0.05857413
0.031574544,0.029938782,0.016415061,0.016853161,0.99344724,0.99293727,0.18080431,0.17178237,0.30034018,0.29575792,0.38393113,0.32783535,0.5176967,0.56956387,0.00723872,0.3681353,0.25012794,0.7412706,0.55618554,0.24519375,0.24409477,0.5539845,0.5546429,0.91069776,0.2924448,0.94018745,0.27447698,0.62590957,0.55510265,0.23118493,-0.004896885,-0.058567766
0.031572793,0.029935958,0.01641383,0.01685215,0.99344736,0.9929374,0.18079647,0.17177509,0.30040783,0.29582953,0.38397208,0.32779425,0.51763904,0.5695126,0.0072394744,0.36817372,0.25012964,0.7413039,0.5561884,0.24520104,0.2441008,0.55398643,0.55464447,0.91067976,0.29246402,0.9401711,0.27449578,0.6259094,0.5550692,0.2310698,-0.0049230508,-0.058561344
0.031570964,0.02993302,0.016412582,0.01685116,0.9934475,0.9929375,0.1807893,0.17176782,0.30047107,0.2958966,0.38401023,0.3277559,0.5175802,0.5694596,0.007240259,0.368211,0.25013056,0.74133563,0.55619067,0.24520758,0.24410626,0.5539879,0.55464554,0.9106594,0.2924835,0.94015306,0.27451518,0.6259081,0.55504036,0.23096406,-0.0049458486,-0.058555152
0.03156904,0.029929908,0.016411329,0.016850222,0.9934476,0.99293774,0.18078268,0.1717605,0.30052996,0.29595938,0.3840454,0.3277204,0.51751935,0.56940395,0.007241106,0.3682472,0.25013113,0.74136597,0.55619246,0.2452136,0.24411125,0.5539892,0.55464613,0.91063637,0.29250327,0.94013315,0.2745354,0.625905,0.55501676,0.23086755,-0.0049652494,-0.058549434
0.031567022,0.029926652,0.016410073,0.016849305,0.99344784,0.992938,0.18077654,0.17175321,0.30058467,0.296018,0.38407794,0.3276874,0.5174568,0.56934613,0.007241983,0.36828226,0.25013134,0.74139494,0.55619377,0.24521916,0.24411598,0.55399007,0.5546464,0.91061103,0.29252332,0.94011176,0.27455622,0.62590027,0.55499804,0.23077966,-0.004981611,-0.05854453
0.031564973,0.029923318,0.016408842,0.016848437,0.99344796,0.9929382,0.18077087,0.17174602,0.30063543,0.29607266,0.3841084,0.32765654,0.51739395,0.5692874,0.0072428817,0.36831608,0.25013125,0.74142253,0.5561947,0.24522427,0.2441203,0.5539907,0.55464625,0.91058445,0.2925433,0.94008946,0.27457732,0.6258946,0.55498314,0.23069964,-0.0049953493,-0.058540195
0.03156289,0.02991998,0.01640761,0.016847568,0.9934482,0.99293846,0.18076578,0.17173894,0.30068257,0.29612356,0.38413745,0.32762727,0.5173317,0.5692289,0.0072437697,0.36834857,0.25013065,0.7414485,0.5561953,0.24522874,0.24412422,0.55399114,0.5546459,0.9105568,0.29256302,0.94006646,0.27459842,0.6258883,0.55497056,0.23062687,-0.005006793,-0.058536187
0.031560827,0.029916659,0.016406426,0.016846739,0.9934483,0.9929387,0.18076113,0.17173195,0.30072626,0.29617086,0.38416553,0.32759923,0.5172704,0.5691709,0.007244644,0.3683797,0.25012967,0.7414732,0.5561957,0.24523269,0.24412774,0.55399144,0.55464536,0.9105284,0.29258242,0.9400431,0.27461946,0.62588155,0.5549597,0.23056087,-0.005016121,-0.058532126
0.0315588,0.029913373,0.016405286,0.016845956,0.99344844,0.9929389,0.18075702,0.17172518,0.30076677,0.29621482,0.38419297,0.32757202,0.51721025,0.56911373,0.0072454917,0.3684095,0.25012842,0.7414964,0.55619586,0.24523622,0.24413092,0.55399156,0.55464464,0.91049975,0.2926014,0.9400195,0.2746402,0.6258748,0.5549498,0.23050101,-0.0050233626,-0.058527887
0.03155682,0.029910177,0.01640421,0.01684523,0.99344856,0.9929391,0.18075334,0.17171861,0.30080417,0.2962555,0.38421988,0.32754555,0.5171515,0.5690575,0.007246308,0.36843792,0.2501268,0.74151814,0.55619586,0.24523929,0.24413371,0.55399156,0.55464387,0.91047096,0.29262003,0.939996,0.2746607,0.6258682,0.55494064,0.23044698,-0.0050287866,-0.05852335
0.03155489,0.029907044,0.016403195,0.016844574,0.9934487,0.99293935,0.18075,0.17171226,0.30083877,0.2962933,0.38424665,0.3275194,0.517094,0.5690023,0.0072470964,0.36846507,0.25012493,0.74153876,0.5561957,0.24524204,0.24413621,0.5539915,0.554643,0.9104421,0.29263818,0.9399725,0.27468082,0.62586176,0.55493194,0.23039827,-0.005032482,-0.0585185
0.031553023,0.029904013,0.01640227,0.016843991,0.9934488,0.9929395,0.18074702,0.17170614,0.3008706,0.29632822,0.38427302,0.3274937,0.5170378,0.56894815,0.0072478545,0.36849087,0.25012293,0.7415581,0.5561955,0.2452445,0.24413842,0.5539913,0.55464196,0.91041344,0.29265594,0.9399492,0.27470055,0.6258556,0.55492383,0.2303547,-0.0050345683,-0.05851311
0.031551216,0.029901067,0.016401408,0.016843477,0.9934489,0.9929397,0.18074426,0.17170021,0.30089992,0.2963605,0.38429895,0.32746845,0.5169829,0.568895,0.007248589,0.36851543,0.25012073,0.7415763,0.5561951,0.24524672,0.24414027,0.5539911,0.55464095,0.9103849,0.29267323,0.93992627,0.2747199,0.6258498,0.5549164,0.23031574,-0.0050351345,-0.058507424
0.031549484,0.029898219,0.01640061,0.016843027,0.99344903,0.99293995,0.18074179,0.17169452,0.3009269,0.2963903,0.38432443,0.3274437,0.5169295,0.5688432,0.007249293,0.3685387,0.25011837,0.7415935,0.55619466,0.24524875,0.24414189,0.5539907,0.5546398,0.91035676,0.29269,0.93990356,0.27473876,0.6258442,0.55490935,0.23028107,-0.0050343894,-0.05850129
0.031547807,0.029895468,0.016399879,0.01684264,0.99344903,0.99294007,0.18073954,0.17168905,0.3009517,0.2964178,0.38434917,0.32741964,0.51687753,0.56879264,0.007249969,0.36856085,0.25011596,0.7416096,0.5561941,0.24525052,0.2441433,0.5539903,0.5546387,0.9103291,0.2927063,0.9398813,0.27475712,0.6258388,0.5549028,0.2302502,-0.005032482,-0.058494955
0.031546198,0.029892812,0.016399194,0.016842317,0.99344915,0.9929403,0.18073754,0.17168383,0.30097437,0.2964431,0.38437316,0.32739636,0.51682734,0.5687437,0.0072506275,0.36858174,0.2501135,0.7416248,0.55619353,0.24525219,0.24414451,0.5539898,0.5546375,0.91030204,0.29272205,0.9398596,0.27477485,0.6258338,0.55489695,0.23022304,-0.005029651,-0.05848836
0.031544667,0.029890265,0.016398579,0.016842032,0.99344915,0.9929404,0.18073566,0.17167883,0.30099517,0.2964664,0.38439602,0.32737416,0.516779,0.56869644,0.0072512557,0.3686015,0.25011095,0.7416389,0.556193,0.2452536,0.24414547,0.5539893,0.5546363,0.91027564,0.29273716,0.93983865,0.27479196,0.62582916,0.5548915,0.2301989,-0.0050259256,-0.058481857
0.031543195,0.029887833,0.016397994,0.01684178,0.9934493,0.99294066,0.180734,0.17167406,0.30101418,0.29648772,0.38441783,0.32735294,0.5167326,0.56865096,0.007251857,0.3686201,0.2501083,0.74165225,0.5561923,0.24525489,0.24414627,0.55398875,0.55463505,0.91025007,0.2927516,0.93981826,0.27480838,0.6258247,0.5548869,0.23017794,-0.0050218427,-0.05847521
0.03154179,0.029885499,0.016397448,0.016841566,0.9934493,0.9929408,0.18073249,0.17166956,0.30103144,0.2965072,0.38443843,0.32733288,0.51668805,0.5686072,0.007252434,0.36863753,0.25010577,0.7416645,0.55619156,0.245256,0.2441469,0.55398816,0.5546338,0.9102254,0.29276547,0.93979853,0.27482417,0.6258203,0.554883,0.23015954,-0.0050171344,-0.05846884
0.03154042,0.029883243,0.016396925,0.016841361,0.9934494,0.992941,0.18073118,0.17166525,0.30104718,0.29652503,0.3844581,0.3273137,0.51664525,0.56856513,0.007252983,0.36865398,0.2501032,0.7416761,0.5561907,0.245257,0.24414746,0.5539875,0.5546325,0.9102013,0.29277873,0.9397795,0.27483928,0.62581587,0.5548801,0.23014365,-0.0050119786,-0.0584625
0.0315391,0.029881073,0.016396433,0.016841186,0.9934494,0.99294114,0.18072997,0.17166112,0.3010614,0.29654127,0.38447648,0.3272957,0.51660436,0.56852484,0.007253512,0.3686694,0.25010064,0.74168676,0.55618995,0.24525787,0.24414787,0.55398685,0.55463123,0.9101782,0.29279134,0.93976104,0.2748538,0.62581146,0.554878,0.23012999,-0.005006495,-0.05845656
0.031537864,0.029879006,0.016395964,0.01684102,0.9934495,0.9929414,0.18072894,0.17165725,0.3010743,0.29655606,0.38449377,0.32727885,0.5165654,0.56848633,0.0072540157,0.36868384,0.2500982,0.7416968,0.5561891,0.24525861,0.24414822,0.5539861,0.55463,0.91015583,0.29280335,0.93974346,0.27486762,0.62580717,0.55487645,0.23011844,-0.0050008325,-0.058450792
0.031536672,0.029877039,0.016395526,0.016840879,0.9934495,0.9929415,0.18072802,0.17165358,0.30108592,0.29656947,0.38451004,0.327263,0.51652855,0.56844985,0.0072544897,0.36869732,0.25009575,0.74170595,0.5561882,0.24525928,0.2441485,0.55398536,0.55462873,0.91013455,0.2928147,0.93972665,0.27488074,0.6258031,0.55487543,0.23010874,-0.0049949917,-0.058445215
0.031535532,0.029875172,0.016395118,0.016840745,0.9934495,0.9929416,0.18072724,0.17165014,0.30109644,0.2965816,0.38452518,0.32724828,0.51649374,0.56841534,0.0072549465,0.3687099,0.25009337,0.7417145,0.55618745,0.24525973,0.24414863,0.5539847,0.55462754,0.9101141,0.29282537,0.93971056,0.2748932,0.6257992,0.5548748,0.2301005,-0.0049891206,-0.0584399
0.03153447,0.029873416,0.016394727,0.016840618,0.9934496,0.99294174,0.18072657,0.17164683,0.3011059,0.2965926,0.3845394,0.32723448,0.51646096,0.5683828,0.0072553656,0.3687216,0.25009102,0.7417223,0.5561866,0.2452601,0.24414872,0.553984,0.5546264,0.91009474,0.29283547,0.9396953,0.2749049,0.6257954,0.55487436,0.23009369,-0.0049832496,-0.05843475
0.03153347,0.029871743,0.016394373,0.016840523,0.9934496,0.992942,0.180726,0.17164378,0.30111432,0.29660243,0.38455263,0.32722163,0.51642996,0.56835204,0.0072557675,0.36873242,0.25008878,0.7417295,0.5561858,0.24526043,0.24414872,0.55398333,0.5546252,0.91007626,0.292845,0.9396809,0.27491596,0.62579185,0.55487436,0.23008828,-0.004977409,-0.05842994
0.03153252,0.029870182,0.016394027,0.01684043,0.9934496,0.9929421,0.18072549,0.1716409,0.30112186,0.29661134,0.384565,0.32720962,0.5164008,0.5683229,0.007256145,0.36874253,0.25008658,0.7417361,0.55618495,0.24526063,0.24414866,0.5539827,0.55462414,0.9100588,0.29285398,0.93966705,0.27492645,0.6257884,0.5548746,0.23008396,-0.0049715973,-0.058425345
0.031531617,0.02986871,0.016393727,0.016840342,0.99344975,0.9929422,0.18072511,0.17163824,0.30112863,0.29661927,0.38457662,0.32719842,0.51637346,0.5682956,0.0072565028,0.36875194,0.25008443,0.7417422,0.5561842,0.24526075,0.2441486,0.553982,0.5546231,0.9100422,0.29286236,0.9396541,0.2749363,0.6257852,0.55487484,0.23008062,-0.004965786,-0.05842095
0.031530794,0.029867323,0.016393442,0.01684028,0.99344975,0.99294233,0.1807248,0.17163572,0.3011346,0.29662642,0.38458744,0.327188,0.5163477,0.5682699,0.007256833,0.3687606,0.2500824,0.7417478,0.5561834,0.24526085,0.24414846,0.5539814,0.5546221,0.9100265,0.29287025,0.9396418,0.2749456,0.62578213,0.5548753,0.23007822,-0.004960094,-0.05841679
0.03153001,0.02986603,0.016393181,0.016840216,0.99344975,0.99294233,0.1807245,0.17163336,0.30113992,0.2966328,0.38459754,0.32717824,0.5163237,0.5682458,0.0072571384,0.3687686,0.2500805,0.74175286,0.5561827,0.24526088,0.24414831,0.5539808,0.55462116,0.9100117,0.29287764,0.9396302,0.27495426,0.62577933,0.55487585,0.23007661,-0.0049546403,-0.058412783
0.03152929,0.029864809,0.016392935,0.016840162,0.99344975,0.99294245,0.18072426,0.17163119,0.30114457,0.29663846,0.38460705,0.3271691,0.51630116,0.56822324,0.0072574266,0.368776,0.25007856,0.7417576,0.5561819,0.24526088,0.24414809,0.55398023,0.5546202,0.90999776,0.29288453,0.93961936,0.2749624,0.6257767,0.55487657,0.23007566,-0.0049491865,-0.058408875
0.031528596,0.029863682,0.016392719,0.01684012,0.99344975,0.9929426,0.18072411,0.17162915,0.30114868,0.29664347,0.384616,0.32716054,0.5162802,0.5682021,0.0072576953,0.36878288,0.2500768,0.7417618,0.55618125,0.2452608,0.24414787,0.55397964,0.5546194,0.90998465,0.29289097,0.93960905,0.27497002,0.6257742,0.5548771,0.23007534,-0.0049438225,-0.05840527
0.031527963,0.029862627,0.01639252,0.016840097,0.99344987,0.9929427,0.18072397,0.1716272,0.30115226,0.29664785,0.3846242,0.3271526,0.51626045,0.56818235,0.007257946,0.3687891,0.2500751,0.7417657,0.5561806,0.24526075,0.24414763,0.55397916,0.5546185,0.9099723,0.292897,0.9395995,0.27497715,0.6257718,0.55487794,0.2300756,-0.0049386965,-0.058401763
0.03152738,0.029861644,0.016392335,0.016840082,0.99344987,0.9929427,0.18072388,0.1716255,0.30115536,0.29665178,0.3846317,0.32714543,0.51624215,0.5681639,0.007258179,0.36879486,0.2500735,0.7417692,0.55618,0.24526063,0.2441474,0.5539787,0.55461776,0.90996075,0.29290256,0.9395906,0.2749838,0.6257696,0.55487883,0.23007625,-0.0049337195,-0.05839857
0.03152682,0.029860733,0.016392173,0.016840065,0.99344987,0.9929428,0.18072379,0.17162386,0.301158,0.29665515,0.38463867,0.32713872,0.51622516,0.5681467,0.007258395,0.3688001,0.250072,0.7417724,0.5561794,0.24526057,0.24414712,0.55397815,0.554617,0.90995,0.29290774,0.9395821,0.27498996,0.6257676,0.5548797,0.23007739,-0.0049290108,-0.05839557
0.031526312,0.029859882,0.01639202,0.01684005,0.99344987,0.99294287,0.18072379,0.17162235,0.3011603,0.2966581,0.38464516,0.32713255,0.5162093,0.5681308,0.007258602,0.36880493,0.2500705,0.74177533,0.5561788,0.2452604,0.24414684,0.5539777,0.5546163,0.90993994,0.29291257,0.93957436,0.27499565,0.62576574,0.55488056,0.23007871,-0.004924392,-0.05839271
0.031525843,0.029859103,0.01639188,0.01684005,0.99344987,0.99294287,0.18072376,0.17162098,0.30116227,0.29666063,0.38465106,0.3271269,0.51619476,0.56811607,0.0072587836,0.36880934,0.25006917,0.7417779,0.5561783,0.24526028,0.24414656,0.5539773,0.5546156,0.9099306,0.292917,0.9395671,0.275001,0.62576395,0.5548815,0.2300804,-0.0049201897,-0.058389906
0.0315254,0.029858358,0.01639175,0.016840035,0.99344987,0.992943,0.18072379,0.17161965,0.3011639,0.2966628,0.38465664,0.32712156,0.51618123,0.5681024,0.0072589586,0.36881334,0.25006783,0.7417802,0.55617774,0.24526006,0.2441463,0.5539769,0.55461496,0.90992177,0.29292113,0.93956023,0.27500594,0.62576234,0.5548824,0.2300822,-0.004915898,-0.058387417
0.031525,0.029857703,0.016391642,0.016840043,0.99344987,0.992943,0.18072382,0.17161852,0.30116522,0.29666463,0.38466144,0.3271169,0.5161688,0.5680897,0.007259114,0.36881706,0.25006664,0.7417823,0.55617726,0.24525985,0.24414599,0.5539765,0.5546144,0.90991366,0.29292494,0.93955404,0.2750105,0.62576085,0.5548836,0.23008431,-0.004911994,-0.058385048
0.031524643,0.02985708,0.016391544,0.01684005,0.99344987,0.9929431,0.18072386,0.17161743,0.3011663,0.29666618,0.38466612,0.32711253,0.5161574,0.5680781,0.0072592613,0.36882028,0.25006548,0.7417842,0.5561768,0.24525966,0.24414574,0.55397606,0.5546139,0.9099062,0.2929284,0.93954825,0.27501467,0.62575954,0.55488443,0.23008645,-0.0049083284,-0.058382917
0.0315243,0.02985652,0.01639145,0.01684005,0.99344987,0.9929431,0.18072392,0.17161644,0.30116725,0.29666755,0.3846703,0.32710853,0.5161468,0.5680674,0.0072593954,0.36882335,0.2500644,0.7417859,0.55617636,0.24525945,0.24414542,0.55397576,0.55461335,0.9098992,0.29293162,0.9395428,0.27501854,0.62575823,0.5548853,0.2300887,-0.0049047526,-0.058380883
0.031523988,0.029855996,0.01639136,0.01684005,0.99344987,0.9929431,0.180724,0.17161553,0.30116788,0.29666853,0.3846741,0.3271049,0.5161371,0.5680575,0.007259516,0.36882606,0.2500634,0.7417874,0.55617595,0.24525928,0.24414513,0.5539754,0.55461293,0.90989274,0.29293457,0.9395378,0.27502206,0.62575704,0.55488634,0.23009104,-0.0049014147,-0.058379013
0.031523697,0.029855506,0.016391281,0.016840065,0.99344987,0.9929432,0.18072411,0.1716147,0.30116838,0.2966694,0.38467762,0.32710156,0.51612824,0.5680485,0.0072596297,0.36882848,0.25006247,0.7417887,0.5561756,0.24525908,0.2441449,0.5539751,0.55461246,0.90988684,0.29293725,0.9395332,0.27502537,0.62575597,0.55488724,0.23009336,-0.004898226,-0.05837726
0.031523436,0.02985507,0.01639122,0.016840074,0.99344987,0.9929432,0.18072417,0.17161393,0.30116874,0.29667005,0.38468072,0.32709855,0.5161201,0.56804013,0.0072597326,0.36883068,0.2500616,0.7417899,0.5561752,0.24525885,0.24414462,0.5539748,0.554612,0.9098813,0.29293972,0.939529,0.27502835,0.62575495,0.5548882,0.2300958,-0.004895186,-0.058375567
0.031523194,0.02985467,0.016391166,0.016840082,0.99345,0.9929432,0.18072431,0.17161325,0.30116898,0.2966706,0.38468367,0.32709587,0.5161127,0.5680326,0.007259825,0.36883262,0.2500608,0.7417909,0.5561748,0.24525867,0.24414437,0.55397457,0.5546117,0.9098763,0.29294193,0.93952507,0.27503103,0.6257541,0.55488896,0.23009829,-0.004892355,-0.05837399
0.031522986,0.029854313,0.016391104,0.016840097,0.99345,0.99294335,0.18072438,0.17161268,0.30116907,0.29667088,0.38468617,0.32709348,0.5161059,0.56802565,0.007259914,0.36883438,0.25006005,0.7417918,0.5561746,0.24525845,0.24414414,0.55397433,0.5546113,0.90987176,0.292944,0.9395216,0.27503356,0.6257533,0.5548898,0.23010066,-0.0048896726,-0.058372583
0.031522788,0.02985398,0.016391065,0.016840113,0.99345,0.99294335,0.18072452,0.1716121,0.30116907,0.29667115,0.38468856,0.32709122,0.51609975,0.56801933,0.0072599896,0.36883596,0.2500593,0.74179256,0.5561742,0.2452583,0.24414393,0.5539741,0.55461097,0.9098675,0.2929459,0.93951833,0.27503583,0.6257525,0.5548906,0.23010297,-0.0048872586,-0.058371253
0.031522598,0.02985367,0.016391013,0.01684013,0.99345,0.99294335,0.18072459,0.17161156,0.30116898,0.29667124,0.38469067,0.32708922,0.5160941,0.56801355,0.0072600557,0.36883736,0.25005868,0.7417932,0.556174,0.24525811,0.24414371,0.55397385,0.55461067,0.90986353,0.29294753,0.9395153,0.27503794,0.6257518,0.5548914,0.23010527,-0.0048849047,-0.058370013
0.031522445,0.02985339,0.016390981,0.016840138,0.99345,0.99294335,0.18072468,0.17161113,0.30116883,0.29667124,0.38469243,0.32708755,0.516089,0.5680083,0.007260121,0.3688386,0.25005808,0.7417938,0.55617374,0.2452579,0.24414343,0.5539737,0.5546104,0.90986,0.2929491,0.93951267,0.2750398,0.62575114,0.55489224,0.2301075,-0.0048826993,-0.05836893
0.031522293,0.029853143,0.016390951,0.016840162,0.99345,0.99294335,0.18072481,0.17161071,0.3011686,0.29667124,0.38469413,0.32708594,0.51608443,0.56800354,0.007260183,0.36883968,0.25005752,0.74179435,0.5561735,0.2452577,0.2441432,0.5539735,0.55461013,0.90985686,0.29295048,0.93951017,0.2750415,0.62575066,0.5548929,0.23010969,-0.0048807026,-0.05836807
0.031522162,0.029852916,0.01639092,0.01684017,0.99345,0.99294347,0.18072492,0.17161033,0.30116838,0.29667112,0.38469562,0.32708457,0.5160803,0.56799936,0.007260234,0.36884066,0.25005698,0.7417947,0.55617326,0.24525759,0.24414308,0.5539733,0.5546099,0.9098539,0.2929517,0.93950796,0.27504304,0.6257502,0.5548937,0.23011181,-0.004878855,-0.058367148
0.031522032,0.029852707,0.016390897,0.016840177,0.99345,0.99294347,0.18072502,0.17161,0.30116802,0.2966709,0.384697,0.3270833,0.51607656,0.56799537,0.0072602783,0.3688415,0.25005654,0.74179506,0.556173,0.2452574,0.24414286,0.55397314,0.55460966,0.90985113,0.29295284,0.9395058,0.27504447,0.6257496,0.5548944,0.23011395,-0.0048770965,-0.05836633
0.03152192,0.029852532,0.016390873,0.016840192,0.99345,0.99294347,0.1807251,0.17160971,0.3011677,0.29667068,0.38469815,0.32708222,0.5160732,0.5679919,0.0072603268,0.36884224,0.25005612,0.74179536,0.5561729,0.24525724,0.24414268,0.55397296,0.5546095,0.90984875,0.29295385,0.939504,0.2750457,0.62574923,0.5548951,0.23011602,-0.0048754574,-0.05836569
0.031521834,0.029852372,0.016390858,0.016840208,0.99345,0.99294347,0.1807252,0.17160946,0.3011673,0.2966704,0.38469923,0.32708117,0.51607025,0.5679889,0.007260361,0.36884287,0.25005573,0.74179566,0.5561727,0.24525712,0.24414252,0.5539729,0.5546093,0.9098466,0.2929547,0.93950236,0.2750468,0.6257489,0.5548956,0.23011786,-0.004873997,-0.058365025
0.031521745,0.029852232,0.016390836,0.016840223,0.99345,0.99294347,0.1807253,0.17160921,0.30116695,0.2966701,0.38470012,0.32708037,0.5160676,0.5679861,0.0072603957,0.3688434,0.2500553,0.7417958,0.55617255,0.24525696,0.24414235,0.5539727,0.5546091,0.9098446,0.29295552,0.93950087,0.27504775,0.6257485,0.5548961,0.23011972,-0.0048725964,-0.05836443
0.031521667,0.029852096,0.01639082,0.01684023,0.99345,0.99294347,0.1807254,0.171609,0.30116647,0.2966697,0.38470098,0.3270796,0.51606524,0.56798357,0.00726042,0.36884388,0.25005502,0.7417959,0.5561724,0.24525678,0.2441422,0.5539726,0.55460894,0.90984285,0.29295626,0.9394995,0.2750487,0.62574816,0.5548967,0.23012155,-0.004871315,-0.058363777
0.031521607,0.029851984,0.01639082,0.016840247,0.99345,0.99294347,0.18072551,0.17160884,0.30116606,0.2966693,0.3847016,0.32707897,0.5160631,0.56798136,0.0072604506,0.3688443,0.2500547,0.74179596,0.55617225,0.24525669,0.24414206,0.55397254,0.5546088,0.90984124,0.2929569,0.93949836,0.2750495,0.6257479,0.5548972,0.23012316,-0.0048701824,-0.058363225
0.031521555,0.029851882,0.016390812,0.016840264,0.99345,0.99294347,0.18072559,0.17160866,0.3011656,0.29666898,0.3847022,0.32707846,0.5160612,0.56797945,0.0072604716,0.36884454,0.25005442,0.74179614,0.5561722,0.24525656,0.24414195,0.5539724,0.55460864,0.90983975,0.29295743,0.9394973,0.2750502,0.62574774,0.5548976,0.23012485,-0.00486905,-0.05836276
0.031521484,0.029851796,0.016390804,0.016840272,0.99345,0.99294347,0.18072565,0.17160852,0.3011652,0.29666856,0.38470277,0.32707796,0.5160596,0.5679776,0.0072604916,0.3688448,0.25005415,0.74179614,0.556172,0.24525644,0.2441418,0.5539723,0.5546086,0.9098385,0.29295793,0.9394963,0.27505085,0.62574756,0.554898,0.23012641,-0.004868096,-0.058362328
0.031521447,0.029851714,0.016390797,0.016840287,0.99345,0.99294347,0.18072575,0.1716084,0.30116475,0.29666817,0.38470325,0.32707748,0.51605815,0.5679761,0.0072605093,0.36884508,0.25005394,0.7417962,0.55617195,0.24525632,0.24414173,0.55397224,0.5546085,0.9098373,0.29295835,0.93949544,0.27505136,0.6257474,0.5548985,0.23012787,-0.004867232,-0.058361903
0.03152141,0.029851647,0.016390797,0.016840287,0.99345,0.9929436,0.18072584,0.17160828,0.3011643,0.29666775,0.38470367,0.32707718,0.51605695,0.56797487,0.007260523,0.36884522,0.25005373,0.74179614,0.55617183,0.24525622,0.24414155,0.5539722,0.5546084,0.9098363,0.2929587,0.93949467,0.27505183,0.6257472,0.5548988,0.2301292,-0.0048663383,-0.058361623
0.031521376,0.029851582,0.01639079,0.016840303,0.99345,0.9929436,0.18072592,0.17160822,0.30116385,0.29666734,0.38470393,0.32707688,0.5160558,0.5679737,0.007260537,0.36884534,0.25005352,0.741796,0.5561718,0.24525613,0.24414144,0.5539721,0.5546083,0.9098354,0.29295903,0.9394941,0.27505225,0.6257471,0.5548992,0.23013046,-0.004865474,-0.058361296
0.031521346,0.029851535,0.016390797,0.016840318,0.99345,0.9929436,0.18072598,0.17160812,0.30116346,0.29666698,0.38470423,0.32707664,0.5160549,0.5679727,0.0072605503,0.36884546,0.25005335,0.74179596,0.5561717,0.24525604,0.24414138,0.55397207,0.5546082,0.9098346,0.2929593,0.9394934,0.2750526,0.6257469,0.55489945,0.23013172,-0.004864848,-0.058361042
0.031521324,0.029851494,0.016390797,0.016840335,0.99345,0.9929436,0.18072604,0.17160806,0.30116305,0.29666656,0.38470444,0.32707644,0.51605403,0.56797177,0.007260561,0.3688455,0.25005323,0.74179596,0.5561716,0.24525592,0.24414127,0.55397207,0.55460817,0.909834,0.29295954,0.9394929,0.27505293,0.62574685,0.5548999,0.23013283,-0.0048642224,-0.058360774
0.031521294,0.02985146,0.016390797,0.016840335,0.99345,0.9929436,0.1807261,0.17160802,0.30116263,0.29666618,0.38470465,0.32707626,0.5160534,0.567971,0.007260567,0.3688455,0.25005308,0.7417959,0.55617154,0.24525586,0.2441412,0.55397195,0.5546081,0.9098334,0.29295975,0.93949246,0.2750532,0.62574685,0.55490017,0.23013397,-0.004863656,-0.058360644
0.03152128,0.029851416,0.016390797,0.01684035,0.99345,0.9929436,0.18072617,0.17160796,0.30116227,0.2966658,0.3847048,0.32707617,0.5160529,0.56797045,0.0072605745,0.36884552,0.25005296,0.7417958,0.5561715,0.24525581,0.24414115,0.5539719,0.55460805,0.90983284,0.2929599,0.93949205,0.2750534,0.6257467,0.5549004,0.23013498,-0.00486309,-0.058360405
0.03152127,0.029851396,0.016390797,0.016840357,0.99345,0.9929436,0.18072623,0.17160793,0.3011619,0.2966654,0.38470492,0.32707605,0.5160524,0.5679699,0.0072605778,0.36884552,0.2500528,0.7417957,0.5561714,0.24525572,0.24414104,0.5539719,0.554608,0.9098325,0.29296002,0.93949175,0.27505362,0.62574667,0.55490065,0.23013586,-0.004862643,-0.058360256
0.031521253,0.029851383,0.016390797,0.016840365,0.99345,0.9929436,0.18072627,0.17160793,0.30116153,0.29666504,0.38470498,0.32707605,0.5160521,0.56796956,0.0072605847,0.36884546,0.25005272,0.74179566,0.5561714,0.24525563,0.24414098,0.5539718,0.5546079,0.90983206,0.29296014,0.9394915,0.27505377,0.62574667,0.5549009,0.23013674,-0.004862196,-0.058360122
0.031521246,0.029851355,0.016390797,0.016840365,0.99345,0.9929436,0.18072636,0.17160793,0.3011612,0.2966647,0.384705,0.32707605,0.5160518,0.56796926,0.007260588,0.3688454,0.25005263,0.74179554,0.55617136,0.24525557,0.24414092,0.5539718,0.5546079,0.9098317,0.2929602,0.9394912,0.2750539,0.6257466,0.5549011,0.23013753,-0.004861838,-0.05836001
0.031521246,0.029851342,0.016390804,0.016840374,0.99345,0.9929436,0.18072638,0.1716079,0.30116087,0.2966644,0.384705,0.32707602,0.5160516,0.5679689,0.007260588,0.36884537,0.25005257,0.7417955,0.55617136,0.24525551,0.24414083,0.5539718,0.5546079,0.90983146,0.2929602,0.9394911,0.27505392,0.62574655,0.5549013,0.23013829,-0.0048615104,-0.05835987
0.031521227,0.029851342,0.016390804,0.016840382,0.99345,0.9929436,0.1807264,0.17160785,0.30116054,0.29666403,0.38470507,0.32707602,0.5160514,0.5679688,0.0072605913,0.36884525,0.2500525,0.7417953,0.5561713,0.24525547,0.24414083,0.55397177,0.55460787,0.9098313,0.29296026,0.9394909,0.27505404,0.62574655,0.5549015,0.23013899,-0.0048611527,-0.058359735
0.031521227,0.029851334,0.016390812,0.016840389,0.99345,0.9929436,0.18072644,0.17160787,0.30116025,0.29666373,0.38470504,0.32707602,0.51605123,0.56796855,0.007260588,0.36884522,0.25005245,0.74179524,0.5561713,0.24525541,0.24414076,0.55397177,0.55460787,0.9098311,0.29296035,0.9394908,0.2750541,0.6257465,0.5549016,0.23013967,-0.004860825,-0.058359608
0.031521227,0.029851327,0.016390812,0.016840398,0.99344987,0.9929436,0.1807265,0.1716079,0.30115995,0.29666343,0.384705,0.32707608,0.51605123,0.5679685,0.0072605945,0.3688451,0.25005242,0.7417951,0.5561713,0.24525541,0.2441407,0.55397177,0.55460787,0.90983087,0.29296035,0.9394907,0.27505413,0.6257464,0.5549018,0.23014027,-0.004860646,-0.0583596
0.03152124,0.029851327,0.01639082,0.016840406,0.99345,0.9929436,0.18072654,0.1716079,0.3011597,0.2966632,0.38470492,0.32707614,0.5160512,0.5679684,0.0072605913,0.36884505,0.2500524,0.741795,0.55617124,0.24525535,0.24414067,0.55397177,0.5546078,0.90983087,0.29296038,0.9394907,0.2750541,0.6257464,0.55490196,0.23014085,-0.0048604673,-0.058359545
0.031521227,0.029851327,0.016390828,0.016840406,0.99344987,0.9929436,0.18072656,0.1716079,0.30115944,0.2966629,0.38470486,0.32707623,0.5160512,0.5679685,0.0072605945,0.36884493,0.25005233,0.74179494,0.55617124,0.24525532,0.24414067,0.55397165,0.5546078,0.9098308,0.29296035,0.93949056,0.27505413,0.6257464,0.5549021,0.23014139,-0.004860229,-0.058359515
0.03152124,0.029851327,0.016390828,0.016840413,0.99344987,0.9929436,0.18072659,0.17160793,0.3011592,0.29666266,0.3847047,0.32707638,0.5160513,0.56796855,0.0072605913,0.3688448,0.25005233,0.7417948,0.55617124,0.24525529,0.24414064,0.55397165,0.5546078,0.9098307,0.29296032,0.93949056,0.27505413,0.6257464,0.55490214,0.23014182,-0.00486008,-0.058359418
0.03152124,0.029851342,0.016390836,0.016840413,0.99344987,0.9929436,0.18072662,0.17160794,0.30115896,0.2966624,0.38470453,0.32707652,0.51605135,0.56796855,0.007260588,0.3688447,0.25005227,0.7417947,0.55617124,0.24525523,0.24414058,0.55397165,0.5546078,0.9098308,0.29296026,0.93949056,0.27505407,0.62574655,0.5549023,0.23014227,-0.004859931,-0.058359455
0.031521253,0.029851342,0.016390836,0.016840423,0.99344987,0.9929436,0.18072666,0.17160796,0.30115873,0.29666218,0.38470444,0.3270766,0.5160515,0.5679687,0.007260588,0.36884463,0.25005227,0.7417946,0.55617124,0.24525517,0.24414052,0.55397165,0.5546078,0.9098307,0.29296026,0.93949056,0.27505407,0.6257465,0.5549025,0.23014261,-0.004859782,-0.058359426
0.031521253,0.029851347,0.016390843,0.016840423,0.99344987,0.9929436,0.18072668,0.17160796,0.30115855,0.29666194,0.38470444,0.3270766,0.5160517,0.5679688,0.0072605847,0.36884448,0.25005224,0.7417945,0.5561712,0.24525517,0.24414052,0.55397165,0.5546078,0.9098308,0.29296017,0.93949056,0.27505398,0.62574655,0.55490255,0.23014297,-0.004859722,-0.05835947
0.031521253,0.029851355,0.016390843,0.01684043,0.99344987,0.9929436,0.18072672,0.171608,0.30115834,0.29666173,0.3847043,0.32707673,0.51605177,0.5679689,0.0072605847,0.36884442,0.25005224,0.7417944,0.5561711,0.24525514,0.24414052,0.55397165,0.5546078,0.9098307,0.29296014,0.9394907,0.27505398,0.62574655,0.5549026,0.2301432,-0.004859603,-0.058359522
0.03152126,0.029851355,0.016390843,0.016840437,0.99344987,0.9929436,0.18072675,0.17160802,0.3011582,0.2966616,0.38470423,0.32707685,0.51605195,0.567969,0.0072605847,0.3688443,0.25005224,0.74179435,0.5561712,0.24525514,0.24414048,0.55397165,0.5546078,0.9098308,0.29296008,0.9394907,0.2750539,0.62574655,0.55490273,0.23014353,-0.0048595434,-0.058359545
0.03152126,0.029851368,0.016390843,0.01684043,0.99344987,0.9929436,0.18072675,0.17160803,0.301158,0.2966614,0.38470414,0.3270769,0.5160521,0.56796926,0.007260581,0.3688442,0.25005218,0.7417942,0.5561711,0.24525511,0.24414048,0.55397165,0.5546078,0.90983087,0.29296002,0.9394908,0.27505386,0.62574655,0.5549028,0.23014382,-0.0048595136,-0.058359608
0.03152127,0.029851383,0.01639085,0.01684043,0.99344987,0.9929436,0.18072678,0.17160805,0.30115786,0.2966613,0.38470408,0.32707706,0.51605225,0.5679693,0.007260581,0.36884412,0.25005218,0.74179417,0.5561711,0.24525511,0.24414048,0.55397165,0.55460775,0.90983087,0.29295996,0.9394908,0.2750538,0.62574655,0.5549028,0.23014396,-0.004859454,-0.05835959
0.031521276,0.029851388,0.01639085,0.016840437,0.99344987,0.9929436,0.18072678,0.17160806,0.3011577,0.2966611,0.38470393,0.32707712,0.5160524,0.56796944,0.0072605745,0.3688441,0.2500522,0.74179405,0.5561711,0.24525507,0.24414045,0.55397165,0.5546078,0.909831,0.29295996,0.9394908,0.27505377,0.6257466,0.5549029,0.23014425,-0.0048593646,-0.05835963
0.03152128,0.029851396,0.016390858,0.016840445,0.99344987,0.9929436,0.18072678,0.17160806,0.3011576,0.296661,0.38470381,0.32707724,0.51605254,0.5679696,0.0072605745,0.36884397,0.25005218,0.74179405,0.5561711,0.24525507,0.24414045,0.55397165,0.5546078,0.9098311,0.2929599,0.9394909,0.2750537,0.62574667,0.55490303,0.23014444,-0.004859335,-0.05835956
0.03152128,0.029851409,0.016390866,0.016840445,0.99344987,0.9929436,0.1807268,0.1716081,0.30115747,0.29666087,0.38470373,0.32707733,0.5160528,0.5679698,0.0072605712,0.36884388,0.25005218,0.74179393,0.5561711,0.24525507,0.24414042,0.55397165,0.5546078,0.90983117,0.2929598,0.939491,0.27505362,0.62574667,0.55490303,0.23014463,-0.0048593646,-0.05835963
0.03152128,0.029851409,0.016390866,0.016840445,0.99344987,0.9929436,0.1807268,0.17160812,0.30115741,0.29666078,0.38470367,0.32707742,0.5160529,0.5679699,0.007260567,0.36884382,0.25005218,0.7417939,0.5561711,0.24525504,0.24414042,0.55397165,0.5546078,0.90983117,0.29295978,0.939491,0.27505362,0.6257467,0.55490303,0.23014475,-0.004859335,-0.058359653
0.031521287,0.029851425,0.016390866,0.016840445,0.99344987,0.9929436,0.18072681,0.1716081,0.3011573,0.29666066,0.38470364,0.32707745,0.5160531,0.5679701,0.007260567,0.36884373,0.25005224,0.7417938,0.5561711,0.24525504,0.24414042,0.55397165,0.5546078,0.9098313,0.29295975,0.9394911,0.27505356,0.6257467,0.55490303,0.230145,-0.004859335,-0.058359616
0.031521294,0.029851433,0.016390873,0.016840445,0.99344987,0.9929436,0.18072684,0.17160815,0.30115724,0.29666054,0.38470364,0.3270775,0.5160532,0.5679702,0.007260561,0.36884364,0.25005224,0.74179375,0.5561711,0.24525501,0.24414042,0.55397165,0.5546078,0.9098314,0.2929597,0.9394911,0.27505347,0.6257467,0.554903,0.23014507,-0.004859305,-0.05835956
0.03152131,0.029851433,0.016390873,0.016840445,0.99344987,0.9929436,0.18072684,0.17160816,0.30115715,0.29666045,0.3847036,0.3270775,0.5160534,0.5679704,0.007260561,0.3688436,0.25005224,0.74179375,0.5561711,0.24525501,0.24414042,0.55397165,0.5546078,0.9098314,0.29295963,0.9394912,0.27505344,0.6257468,0.554903,0.2301452,-0.0048592454,-0.058359575
0.03152131,0.029851453,0.016390873,0.016840445,0.99344987,0.9929436,0.18072684,0.17160818,0.30115706,0.29666036,0.3847036,0.32707754,0.5160535,0.56797045,0.007260561,0.3688436,0.2500522,0.7417937,0.5561711,0.24525501,0.24414042,0.55397165,0.5546078,0.90983146,0.29295963,0.9394912,0.2750534,0.6257468,0.554903,0.23014536,-0.004859186,-0.058359485
0.031521317,0.029851466,0.01639088,0.016840452,0.99344987,0.9929436,0.18072684,0.1716082,0.30115697,0.29666027,0.38470343,0.32707766,0.5160536,0.56797063,0.007260561,0.36884344,0.25005224,0.74179363,0.5561711,0.24525501,0.24414036,0.55397165,0.5546078,0.9098316,0.2929596,0.93949133,0.27505338,0.6257468,0.55490303,0.23014542,-0.004859126,-0.05835953
0.031521317,0.02985146,0.016390873,0.016840452,0.99344987,0.9929436,0.18072684,0.1716082,0.3011569,0.29666018,0.38470337,0.3270777,0.5160538,0.56797075,0.007260561,0.36884338,0.25005224,0.7417936,0.5561711,0.24525501,0.24414036,0.55397165,0.5546078,0.9098317,0.29295954,0.9394914,0.27505332,0.62574685,0.55490303,0.23014551,-0.004859156,-0.058359616
0.031521317,0.029851466,0.01639088,0.01684046,0.99344987,0.9929436,0.1807269,0.17160824,0.30115685,0.2966601,0.38470325,0.3270778,0.51605386,0.56797093,0.007260557,0.36884335,0.25005224,0.7417936,0.5561711,0.24525501,0.24414036,0.55397165,0.5546078,0.9098317,0.29295948,0.9394914,0.27505326,0.6257468,0.55490303,0.2301456,-0.004859156,-0.058359575
0.03152133,0.029851481,0.01639089,0.016840452,0.99344987,0.9929436,0.1807269,0.17160827,0.30115676,0.29666004,0.38470316,0.32707793,0.5160541,0.5679711,0.0072605535,0.36884326,0.25005227,0.7417935,0.5561712,0.24525501,0.24414036,0.55397165,0.5546078,0.9098319,0.29295942,0.9394915,0.27505317,0.62574685,0.55490303,0.23014565,-0.004859156,-0.05835956
0.03152134,0.029851487,0.01639089,0.016840452,0.99344987,0.9929436,0.1807269,0.17160827,0.30115676,0.29666,0.3847031,0.32707798,0.5160542,0.5679712,0.0072605535,0.36884326,0.25005227,0.7417935,0.55617124,0.24525498,0.24414036,0.55397165,0.55460787,0.90983194,0.29295936,0.9394916,0.27505314,0.62574685,0.55490303,0.2301456,-0.0048592156,-0.058359597
0.03152134,0.029851494,0.01639089,0.016840452,0.99344987,0.9929436,0.1807269,0.17160827,0.3011567,0.29665995,0.38470304,0.32707804,0.51605433,0.5679714,0.0072605503,0.3688432,0.25005224,0.7417934,0.5561711,0.24525498,0.24414036,0.55397165,0.55460787,0.90983194,0.29295936,0.9394916,0.27505308,0.62574685,0.554903,0.23014568,-0.004859275,-0.058359616
0.031521346,0.029851507,0.01639089,0.01684046,0.99344987,0.9929436,0.1807269,0.1716083,0.30115667,0.2966599,0.38470304,0.327078,0.51605445,0.5679715,0.007260547,0.3688431,0.25005224,0.7417934,0.5561711,0.24525498,0.24414036,0.55397165,0.5546078,0.90983206,0.2929593,0.93949175,0.27505305,0.62574685,0.554903,0.23014571,-0.004859275,-0.0583596
0.03152134,0.029851507,0.01639089,0.01684046,0.99344987,0.9929436,0.1807269,0.1716083,0.3011566,0.29665986,0.3847029,0.32707816,0.5160546,0.5679716,0.007260547,0.36884308,0.25005227,0.74179333,0.5561712,0.24525501,0.24414036,0.55397165,0.55460787,0.9098322,0.29295927,0.93949175,0.27505302,0.62574685,0.55490303,0.23014577,-0.0048592156,-0.0583596
0.031521354,0.029851515,0.01639089,0.01684046,0.99344987,0.9929436,0.18072692,0.17160833,0.30115658,0.2966598,0.3847028,0.32707822,0.5160547,0.5679717,0.007260547,0.36884305,0.2500523,0.74179333,0.5561711,0.24525501,0.24414036,0.55397165,0.55460787,0.9098322,0.29295924,0.93949175,0.27505302,0.62574685,0.5549031,0.2301458,-0.004859275,-0.05835966
0.031521354,0.02985152,0.01639089,0.01684046,0.99344987,0.9929436,0.18072692,0.17160833,0.30115652,0.29665977,0.3847028,0.32707825,0.51605475,0.56797177,0.0072605433,0.368843,0.25005227,0.7417933,0.5561711,0.24525498,0.24414036,0.55397165,0.5546078,0.90983224,0.2929592,0.9394918,0.27505293,0.62574685,0.5549031,0.23014577,-0.004859335,-0.058359675
0.031521354,0.02985152,0.01639089,0.01684046,0.99344987,0.9929436,0.18072692,0.17160834,0.30115652,0.29665974,0.38470274,0.3270783,0.5160548,0.5679718,0.0072605433,0.368843,0.25005233,0.7417933,0.5561712,0.24525498,0.24414036,0.55397165,0.5546078,0.90983224,0.29295918,0.9394918,0.27505293,0.62574685,0.55490303,0.23014574,-0.004859275,-0.05835972
0.031521354,0.02985152,0.01639089,0.01684046,0.99344987,0.9929436,0.18072692,0.17160834,0.3011565,0.2966597,0.38470268,0.32707837,0.5160549,0.56797194,0.00726054,0.36884296,0.2500523,0.7417933,0.5561712,0.24525498,0.24414036,0.55397165,0.5546078,0.90983236,0.29295915,0.9394919,0.27505288,0.62574685,0.55490315,0.23014583,-0.004859335,-0.058359712
0.031521354,0.02985152,0.01639089,0.01684046,0.99344987,0.9929436,0.18072693,0.17160836,0.3011565,0.2966597,0.38470268,0.3270784,0.51605505,0.56797206,0.00726054,0.36884293,0.2500523,0.7417933,0.5561712,0.24525498,0.24414036,0.55397165,0.55460787,0.90983236,0.2929591,0.9394919,0.27505288,0.62574685,0.5549031,0.23014586,-0.004859305,-0.058359727
0.031521354,0.029851535,0.01639089,0.01684046,0.99344987,0.9929436,0.18072693,0.17160836,0.30115643,0.29665968,0.3847026,0.32707846,0.5160551,0.5679722,0.00726054,0.3688429,0.25005233,0.7417932,0.5561712,0.24525498,0.24414036,0.55397165,0.5546078,0.9098325,0.2929591,0.93949205,0.27505282,0.62574685,0.5549032,0.23014586,-0.0048593646,-0.05835978
0.03152137,0.029851535,0.01639089,0.01684046,0.99344987,0.9929436,0.18072693,0.17160839,0.30115643,0.29665965,0.38470253,0.32707852,0.5160552,0.56797224,0.00726054,0.36884287,0.25005233,0.7417932,0.5561711,0.24525498,0.24414036,0.55397165,0.5546078,0.9098325,0.29295906,0.93949205,0.2750528,0.62574685,0.5549032,0.23014586,-0.0048593646,-0.05835987
0.03152136,0.02985154,0.01639089,0.016840452,0.99344987,0.9929436,0.18072692,0.17160839,0.3011564,0.29665962,0.38470247,0.3270786,0.5160553,0.5679723,0.007260537,0.36884284,0.25005233,0.74179316,0.5561711,0.24525498,0.24414042,0.55397165,0.5546078,0.90983254,0.29295903,0.93949205,0.27505273,0.62574685,0.5549032,0.23014587,-0.004859484,-0.05835987
0.03152136,0.02985154,0.016390897,0.01684046,0.99344987,0.9929436,0.18072693,0.17160839,0.30115637,0.2966596,0.38470238,0.32707867,0.51605535,0.56797236,0.007260537,0.3688428,0.25005236,0.74179316,0.5561711,0.24525501,0.24414042,0.55397165,0.5546078,0.90983254,0.29295903,0.93949217,0.27505273,0.62574685,0.55490327,0.23014593,-0.0048595136,-0.05835993
0.03152137,0.029851548,0.01639089,0.016840452,0.99344987,0.9929436,0.18072693,0.1716084,0.30115637,0.29665956,0.38470238,0.3270787,0.5160554,0.5679725,0.007260537,0.36884278,0.25005236,0.74179316,0.5561711,0.24525498,0.24414042,0.55397165,0.5546078,0.90983266,0.292959,0.93949217,0.2750527,0.6257469,0.5549032,0.23014587,-0.0048595136,-0.05835993
0.031521376,0.029851561,0.016390897,0.016840452,0.99344987,0.9929436,0.18072692,0.17160839,0.30115634,0.29665956,0.38470232,0.32707876,0.5160555,0.56797254,0.007260537,0.36884278,0.25005242,0.74179316,0.5561711,0.24525498,0.24414042,0.55397165,0.5546078,0.90983266,0.29295897,0.93949217,0.27505264,0.62574685,0.55490327,0.23014593,-0.0048595136,-0.058359884
0.03152137,0.029851561,0.016390897,0.016840452,0.99344987,0.9929436,0.1807269,0.17160839,0.3011563,0.29665953,0.3847023,0.3270788,0.5160556,0.56797254,0.0072605335,0.36884272,0.25005236,0.74179316,0.5561712,0.24525498,0.24414036,0.55397165,0.55460787,0.90983266,0.29295897,0.9394923,0.2750527,0.6257469,0.5549032,0.23014593,-0.004859603,-0.058359854
0.031521384,0.029851561,0.016390897,0.01684046,0.99344987,0.9929436,0.1807269,0.1716084,0.30115634,0.29665953,0.38470235,0.3270787,0.51605564,0.5679726,0.0072605335,0.3688427,0.25005236,0.74179316,0.5561712,0.24525498,0.24414036,0.55397165,0.55460787,0.9098328,0.29295897,0.9394923,0.27505264,0.62574685,0.5549031,0.23014593,-0.004859633,-0.05835983
0.031521376,0.029851561,0.016390897,0.01684046,0.99344987,0.9929436,0.18072692,0.1716084,0.3011563,0.29665956,0.38470232,0.32707873,0.51605564,0.5679726,0.0072605335,0.36884266,0.25005236,0.74179316,0.55617124,0.24525498,0.24414036,0.55397165,0.5546078,0.9098328,0.29295897,0.9394923,0.27505264,0.6257469,0.5549031,0.23014599,-0.004859633,-0.058359772
0.03152137,0.029851561,0.016390897,0.016840452,0.99344987,0.9929436,0.18072693,0.1716084,0.3011563,0.29665953,0.3847023,0.32707873,0.51605564,0.5679726,0.0072605335,0.36884272,0.25005236,0.7417931,0.5561712,0.24525501,0.24414036,0.55397165,0.55460787,0.9098328,0.29295895,0.9394923,0.27505264,0.62574685,0.5549031,0.23014593,-0.004859633,-0.058359742
0.031521376,0.029851561,0.016390897,0.016840452,0.99344987,0.9929436,0.18072693,0.17160842,0.3011563,0.29665953,0.3847023,0.32707876,0.5160557,0.5679727,0.0072605335,0.36884266,0.25005242,0.7417931,0.5561712,0.24525501,0.24414042,0.55397165,0.55460787,0.90983284,0.29295892,0.9394923,0.2750526,0.6257469,0.5549031,0.2301459,-0.004859603,-0.05835984
0.031521376,0.029851569,0.016390897,0.01684046,0.99344987,0.9929436,0.18072692,0.1716084,0.3011563,0.29665953,0.3847023,0.3270788,0.51605576,0.5679728,0.0072605335,0.36884266,0.25005242,0.7417931,0.55617124,0.24525501,0.24414042,0.55397165,0.55460787,0.90983284,0.2929589,0.9394923,0.27505255,0.62574685,0.5549032,0.23014583,-0.0048596626,-0.05835987
0.031521376,0.029851561,0.016390897,0.016840452,0.99344987,0.9929436,0.18072693,0.1716084,0.3011563,0.29665956,0.38470232,0.32707873,0.5160558,0.5679728,0.0072605293,0.36884266,0.2500524,0.74179316,0.5561711,0.24525501,0.24414042,0.55397165,0.55460787,0.90983284,0.2929589,0.9394923,0.27505255,0.62574685,0.5549031,0.23014583,-0.004859573,-0.058359914
0.031521384,0.029851569,0.016390897,0.016840452,0.99344987,0.9929436,0.18072693,0.17160842,0.3011563,0.29665953,0.38470227,0.32707876,0.51605576,0.5679728,0.0072605335,0.36884266,0.25005242,0.7417931,0.55617124,0.24525501,0.24414042,0.55397165,0.55460787,0.90983284,0.29295886,0.93949234,0.27505258,0.62574685,0.5549032,0.23014574,-0.0048596924,-0.05835995
0.031521384,0.029851569,0.016390897,0.016840452,0.99344987,0.9929436,0.18072692,0.17160843,0.30115634,0.29665956,0.3847023,0.32707876,0.5160558,0.56797284,0.0072605335,0.36884266,0.25005242,0.74179316,0.5561712,0.24525501,0.24414042,0.55397165,0.55460787,0.90983284,0.29295886,0.93949234,0.27505255,0.62574685,0.5549032,0.23014571,-0.0048596924,-0.058359973
0.031521384,0.029851569,0.016390897,0.016840445,0.99344987,0.9929436,0.18072693,0.1716084,0.30115634,0.29665956,0.38470227,0.3270788,0.5160559,0.5679729,0.0072605335,0.36884266,0.25005242,0.7417931,0.5561712,0.24525501,0.24414042,0.55397165,0.55460787,0.90983284,0.29295886,0.93949234,0.27505255,0.62574685,0.5549032,0.23014574,-0.004859782,-0.05835995
0.031521384,0.029851576,0.016390897,0.016840452,0.99344987,0.9929436,0.18072693,0.17160843,0.30115634,0.29665956,0.38470227,0.32707882,0.51605594,0.5679729,0.0072605335,0.36884266,0.25005242,0.7417931,0.5561712,0.24525501,0.24414042,0.55397165,0.55460787,0.90983284,0.29295883,0.93949234,0.27505252,0.6257469,0.5549032,0.23014565,-0.0048596924,-0.058360018
0.031521384,0.029851576,0.016390897,0.016840445,0.99344987,0.9929436,0.18072693,0.17160842,0.30115637,0.29665953,0.38470227,0.3270788,0.516056,0.5679729,0.0072605335,0.36884266,0.25005242,0.7417931,0.5561712,0.24525501,0.24414042,0.55397165,0.55460787,0.90983295,0.29295883,0.93949234,0.27505252,0.6257469,0.5549032,0.23014571,-0.004859752,-0.058359973
0.031521384,0.029851569,0.016390897,0.016840452,0.99344987,0.9929436,0.18072692,0.17160843,0.30115637,0.29665956,0.3847022,0.32707885,0.51605594,0.5679729,0.0072605293,0.36884266,0.25005242,0.7417931,0.55617124,0.24525501,0.24414036,0.55397165,0.55460787,0.90983295,0.29295883,0.93949234,0.27505252,0.6257469,0.5549032,0.23014568,-0.004859752,-0.058360033
0.031521384,0.029851576,0.016390897,0.016840445,0.99344987,0.9929436,0.18072693,0.17160843,0.30115637,0.29665956,0.3847022,0.32707885,0.516056,0.567973,0.0072605293,0.36884266,0.25005242,0.7417931,0.5561712,0.24525501,0.24414042,0.55397165,0.55460787,0.90983295,0.29295883,0.93949234,0.27505252,0.6257469,0.5549032,0.23014574,-0.004859752,-0.05836004
0.031521384,0.029851576,0.016390905,0.016840452,0.99344987,0.9929436,0.1807269,0.17160843,0.30115637,0.29665956,0.38470218,0.32707885,0.516056,0.567973,0.0072605293,0.36884266,0.25005242,0.7417931,0.55617124,0.24525501,0.24414042,0.55397165,0.55460787,0.90983295,0.2929588,0.93949246,0.27505252,0.6257469,0.55490315,0.23014565,-0.004859782,-0.058360092
0.031521384,0.029851569,0.016390897,0.016840452,0.99344987,0.9929436,0.1807269,0.17160843,0.30115637,0.29665956,0.38470218,0.3270789,0.516056,0.56797296,0.0072605293,0.3688426,0.25005245,0.7417931,0.55617124,0.24525501,0.24414042,0.55397165,0.55460787,0.90983295,0.29295883,0.93949246,0.2750525,0.6257469,0.5549032,0.23014565,-0.004859752,-0.058360115
0.031521384,0.029851576,0.016390897,0.016840452,0.99344987,0.9929436,0.18072692,0.17160843,0.30115637,0.29665956,0.38470218,0.32707885,0.516056,0.567973,0.0072605293,0.36884266,0.25005245,0.7417931,0.55617124,0.24525504,0.24414042,0.55397165,0.55460787,0.9098331,0.2929588,0.93949246,0.27505246,0.6257469,0.5549032,0.23014568,-0.0048598116,-0.05836013
0.031521384,0.029851576,0.016390897,0.016840445,0.99344987,0.9929436,0.1807269,0.17160843,0.30115637,0.2966596,0.38470215,0.32707888,0.516056,0.567973,0.0072605293,0.36884263,0.25005242,0.7417931,0.55617124,0.24525501,0.24414042,0.5539717,0.55460787,0.90983295,0.29295877,0.93949246,0.27505246,0.6257469,0.5549032,0.2301456,-0.0048598116,-0.058360122
0.031521384,0.029851576,0.016390897,0.016840445,0.99344987,0.9929436,0.18072692,0.17160843,0.3011564,0.2966596,0.38470218,0.32707885,0.51605606,0.567973,0.0072605293,0.36884266,0.25005245,0.7417931,0.5561712,0.24525501,0.24414042,0.55397165,0.55460787,0.90983295,0.29295883,0.93949246,0.2750525,0.62574697,0.5549032,0.23014557,-0.0048598414,-0.05836018
0.031521384,0.029851569,0.016390897,0.016840452,0.99344987,0.9929436,0.1807269,0.17160843,0.30115637,0.29665956,0.3847022,0.32707882,0.516056,0.567973,0.0072605293,0.36884266,0.25005242,0.7417931,0.5561712,0.24525501,0.24414045,0.55397165,0.55460787,0.90983295,0.29295883,0.93949246,0.2750525,0.6257469,0.5549032,0.23014557,-0.004859871,-0.058360152
0.031521384,0.029851569,0.016390897,0.016840445,0.99344987,0.9929436,0.1807269,0.17160842,0.30115637,0.2966596,0.38470218,0.32707888,0.51605594,0.5679729,0.0072605335,0.36884266,0.25005242,0.7417931,0.5561712,0.24525501,0.24414042,0.55397165,0.55460787,0.90983295,0.29295883,0.93949246,0.27505255,0.62574685,0.5549032,0.2301456,-0.004859901,-0.05836016
0.031521384,0.029851576,0.016390897,0.016840445,0.99344987,0.9929436,0.1807269,0.17160843,0.30115637,0.2966596,0.38470218,0.32707888,0.516056,0.56797296,0.0072605335,0.36884266,0.25005245,0.7417931,0.5561712,0.24525504,0.24414045,0.55397165,0.55460787,0.90983295,0.29295883,0.93949246,0.27505252,0.6257469,0.5549032,0.23014565,-0.0048598116,-0.058360167
0.031521384,0.029851569,0.016390897,0.016840452,0.99344987,0.9929436,0.18072692,0.17160843,0.30115637,0.29665956,0.3847022,0.32707885,0.51605594,0.5679729,0.0072605293,0.36884266,0.25005245,0.7417931,0.5561712,0.24525504,0.24414045,0.55397165,0.55460787,0.90983295,0.29295883,0.93949246,0.27505252,0.62574685,0.5549032,0.23014565,-0.004859871,-0.058360167
0.031521384,0.029851569,0.016390897,0.016840445,0.99344987,0.9929436,0.1807269,0.17160843,0.30115637,0.2966596,0.38470218,0.32707888,0.51605594,0.5679729,0.0072605335,0.36884266,0.25005245,0.74179316,0.5561712,0.24525501,0.24414045,0.55397165,0.55460787,0.90983295,0.29295883,0.93949246,0.27505252,0.62574685,0.55490327,0.23014565,-0.0048598414,-0.058360197
0.031521384,0.029851569,0.016390897,0.016840452,0.99344987,0.9929436,0.18072692,0.17160843,0.30115637,0.2966596,0.3847022,0.32707885,0.516056,0.567973,0.0072605293,0.36884266,0.25005245,0.7417931,0.5561712,0.24525501,0.24414045,0.55397165,0.55460787,0.90983295,0.29295883,0.93949246,0.27505252,0.6257469,0.5549032,0.23014565,-0.0048598414,-0.05836018
0.031521384,0.029851576,0.016390897,0.016840445,0.99344987,0.9929436,0.1807269,0.17160843,0.30115637,0.29665956,0.38470227,0.32707882,0.516056,0.567973,0.0072605293,0.36884266,0.25005242,0.7417931,0.5561712,0.24525501,0.24414042,0.55397165,0.55460787,0.90983295,0.29295883,0.93949246,0.2750525,0.62574685,0.5549032,0.23014565,-0.004859871,-0.058360197
0.031521384,0.029851569,0.016390905,0.016840445,0.99344987,0.9929436,0.1807269,0.17160842,0.30115637,0.2966596,0.38470227,0.32707882,0.516056,0.567973,0.007260526,0.36884266,0.25005245,0.7417931,0.5561712,0.24525501,0.24414045,0.55397165,0.55460787,0.90983295,0.29295883,0.93949246,0.27505252,0.6257469,0.5549032,0.23014565,-0.004859931,-0.058360197
0.031521384,0.029851576,0.016390905,0.016840445,0.99344987,0.9929436,0.18072692,0.17160843,0.30115637,0.29665956,0.38470227,0.3270788,0.51605606,0.567973,0.007260526,0.36884266,0.25005245,0.7417931,0.5561712,0.24525504,0.24414042,0.55397165,0.55460787,0.90983295,0.29295883,0.93949246,0.27505252,0.6257469,0.5549031,0.23014565,-0.004859871,-0.05836018
0.031521384,0.029851576,0.016390905,0.016840452,0.99344987,0.9929436,0.1807269,0.17160842,0.30115637,0.29665956,0.3847023,0.3270788,0.516056,0.56797296,0.0072605335,0.36884266,0.25005245,0.7417931,0.5561712,0.24525501,0.24414045,0.55397165,0.55460787,0.90983295,0.29295883,0.93949246,0.27505252,0.6257469,0.5549032,0.23014568,-0.0048598414,-0.058360137
0.031521384,0.029851576,0.016390905,0.016840452,0.99344987,0.9929436,0.1807269,0.17160843,0.30115637,0.2966596,0.38470218,0.32707885,0.51605594,0.5679729,0.0072605293,0.36884266,0.25005245,0.7417931,0.5561712,0.24525501,0.24414042,0.55397165,0.55460787,0.90983295,0.29295883,0.93949246,0.27505252,0.6257469,0.5549032,0.23014571,-0.0048598414,-0.058360167
0.031521384,0.029851569,0.016390897,0.016840452,0.99344987,0.9929436,0.1807269,0.17160843,0.30115637,0.29665956,0.38470218,0.32707885,0.51605594,0.5679729,0.0072605293,0.36884266,0.25005245,0.74179316,0.5561712,0.24525501,0.24414045,0.55397165,0.55460787,0.90983295,0.29295883,0.93949246,0.27505252,0.6257469,0.5549032,0.23014568,-0.004859871,-0.058360197
0.031521384,0.029851569,0.016390897,0.016840445,0.99344987,0.9929436,0.1807269,0.17160843,0.30115637,0.2966596,0.38470227,0.32707882,0.51605594,0.56797284,0.0072605293,0.36884266,0.25005245,0.74179316,0.5561712,0.24525501,0.24414045,0.55397165,0.55460787,0.90983295,0.29295883,0.93949234,0.27505252,0.6257469,0.5549032,0.23014571,-0.004859901,-0.05836018
0.031521384,0.029851576,0.016390897,0.016840452,0.99344987,0.9929436,0.1807269,0.17160842,0.30115637,0.2966596,0.3847022,0.32707882,0.5160559,0.5679729,0.0072605335,0.36884266,0.25005245,0.7417931,0.55617124,0.24525501,0.24414045,0.55397165,0.55460787,0.90983295,0.29295883,0.93949234,0.27505252,0.6257469,0.5549032,0.23014574,-0.004859871,-0.05836021
0.031521384,0.029851576,0.016390897,0.016840452,0.99344987,0.9929436,0.18072692,0.17160842,0.30115634,0.29665953,0.38470227,0.3270788,0.51605594,0.5679729,0.0072605293,0.36884266,0.25005242,0.74179316,0.5561712,0.24525501,0.24414042,0.55397165,0.55460787,0.90983295,0.29295886,0.93949234,0.27505255,0.6257469,0.5549032,0.2301458,-0.0048598116,-0.05836016
0.031521384,0.029851569,0.016390897,0.016840452,0.99344987,0.9929436,0.1807269,0.17160842,0.30115637,0.29665956,0.3847022,0.32707885,0.51605594,0.5679729,0.0072605335,0.36884266,0.25005245,0.7417931,0.5561712,0.24525501,0.24414042,0.55397165,0.55460787,0.90983295,0.29295883,0.93949246,0.27505252,0.6257469,0.5549032,0.23014574,-0.004859871,-0.05836016
0.031521384,0.029851576,0.016390897,0.016840452,0.99344987,0.9929436,0.1807269,0.1716084,0.30115637,0.29665956,0.38470227,0.3270788,0.5160559,0.5679729,0.0072605335,0.36884266,0.25005245,0.7417931,0.55617124,0.24525501,0.24414045,0.55397165,0.55460787,0.90983295,0.29295886,0.93949234,0.27505255,0.6257469,0.5549032,0.23014571,-0.0048598116,-0.058360107
0.031521384,0.029851576,0.016390897,0.016840445,0.99344987,0.9929436,0.1807269,0.17160843,0.30115637,0.2966596,0.38470227,0.3270788,0.5160559,0.56797284,0.0072605293,0.36884266,0.25005245,0.7417931,0.5561712,0.24525504,0.24414045,0.55397165,0.55460787,0.90983295,0.29295886,0.93949234,0.27505255,0.6257469,0.5549032,0.23014568,-0.0048598414,-0.058360018
0.031521384,0.029851569,0.016390897,0.016840452,0.99344987,0.9929436,0.1807269,0.17160843,0.30115637,0.2966596,0.38470227,0.3270788,0.5160559,0.56797284,0.0072605335,0.36884266,0.25005245,0.74179316,0.55617124,0.24525504,0.24414045,0.55397165,0.55460787,0.90983295,0.29295886,0.93949234,0.27505255,0.62574685,0.5549032,0.23014571,-0.0048598116,-0.058360048
0.031521384,0.029851576,0.016390897,0.016840452,0.99344987,0.9929436,0.1807269,0.1716084,0.30115637,0.2966596,0.38470218,0.32707882,0.5160558,0.5679728,0.0072605335,0.36884266,0.25005245,0.74179316,0.55617124,0.24525507,0.24414045,0.55397165,0.55460787,0.90983295,0.29295886,0.93949234,0.27505255,0.6257469,0.5549032,0.23014577,-0.004859782,-0.058360092
0.031521384,0.029851576,0.016390897,0.016840452,0.99344987,0.9929436,0.1807269,0.17160842,0.30115637,0.29665956,0.3847022,0.32707882,0.5160559,0.5679729,0.0072605335,0.36884266,0.25005242,0.7417931,0.55617124,0.24525501,0.24414042,0.55397165,0.55460787,0.90983295,0.29295883,0.93949234,0.27505252,0.6257469,0.55490315,0.23014568,-0.0048598414,-0.058360092
0.031521384,0.029851576,0.016390897,0.016840452,0.99344987,0.9929436,0.1807269,0.17160842,0.30115643,0.2966596,0.3847022,0.32707882,0.51605594,0.56797296,0.007260526,0.36884266,0.25005245,0.7417931,0.5561712,0.24525504,0.24414045,0.55397165,0.55460787,0.90983295,0.29295883,0.93949246,0.27505252,0.6257469,0.5549031,0.23014568,-0.004859901,-0.058360077
0.031521384,0.029851576,0.016390897,0.016840445,0.99344987,0.9929436,0.1807269,0.17160842,0.3011564,0.2966596,0.38470227,0.3270788,0.51605594,0.5679729,0.007260526,0.36884266,0.25005242,0.7417931,0.5561712,0.24525501,0.24414045,0.55397165,0.55460787,0.90983295,0.29295883,0.93949234,0.27505255,0.62574685,0.5549031,0.23014565,-0.0048598116,-0.058360077
0.031521384,0.029851569,0.01639089,0.016840452,0.99344987,0.9929436,0.18072692,0.17160842,0.30115643,0.2966596,0.38470227,0.32707876,0.516056,0.5679729,0.0072605293,0.36884266,0.25005242,0.7417931,0.55617124,0.24525501,0.24414042,0.55397165,0.55460787,0.90983295,0.29295883,0.93949234,0.27505252,0.6257469,0.5549031,0.23014562,-0.0048598116,-0.058360055
0.031521384,0.029851576,0.016390905,0.016840452,0.99344987,0.9929436,0.1807269,0.17160842,0.30115643,0.29665962,0.38470227,0.32707876,0.516056,0.56797296,0.0072605293,0.36884266,0.25005242,0.7417931,0.55617124,0.24525501,0.24414045,0.55397165,0.55460787,0.90983295,0.29295883,0.93949246,0.27505252,0.6257469,0.5549031,0.23014562,-0.0048598414,-0.058360048
0.031521384,0.029851576,0.016390897,0.016840452,0.99344987,0.9929436,0.1807269,0.1716084,0.30115637,0.29665962,0.3847023,0.32707876,0.51605594,0.567973,0.0072605293,0.36884266,0.25005242,0.7417931,0.55617124,0.24525501,0.24414045,0.55397165,0.55460787,0.90983295,0.29295883,0.93949234,0.27505252,0.6257469,0.55490315,0.23014565,-0.0048598116,-0.058360018
0.031521384,0.029851569,0.016390905,0.01684046,0.99344987,0.9929436,0.1807269,0.17160843,0.30115637,0.2966596,0.38470227,0.32707882,0.5160559,0.5679729,0.0072605293,0.36884266,0.25005242,0.74179316,0.5561712,0.24525501,0.24414042,0.55397165,0.55460787,0.90983295,0.29295886,0.93949234,0.27505255,0.62574697,0.5549031,0.23014568,-0.004859871,-0.05836007
0.031521384,0.029851569,0.016390905,0.016840445,0.99344987,0.9929436,0.1807269,0.17160842,0.30115637,0.2966596,0.38470218,0.32707885,0.516056,0.56797296,0.0072605293,0.36884266,0.25005242,0.74179316,0.55617124,0.24525501,0.24414042,0.55397165,0.55460787,0.90983295,0.29295883,0.93949246,0.27505255,0.6257469,0.5549031,0.23014562,-0.004859871,-0.058360063
0.031521384,0.029851576,0.016390905,0.016840445,0.99344987,0.9929436,0.18072692,0.17160843,0.3011564,0.2966596,0.38470227,0.32707882,0.516056,0.567973,0.0072605293,0.36884266,0.25005242,0.7417931,0.5561712,0.24525501,0.24414042,0.55397165,0.55460787,0.90983295,0.29295883,0.93949246,0.27505252,0.6257469,0.5549031,0.23014562,-0.004859871,-0.058360122
0.031521384,0.029851576,0.01639089,0.016840445,0.99344987,0.9929436,0.1807269,0.17160843,0.3011564,0.29665962,0.38470227,0.3270788,0.516056,0.567973,0.007260526,0.36884266,0.25005245,0.7417931,0.5561712,0.24525501,0.24414042,0.55397165,0.55460787,0.90983295,0.29295883,0.93949246,0.2750525,0.6257469,0.55490315,0.23014565,-0.004859871,-0.058360115
0.031521384,0.029851576,0.016390905,0.016840452,0.99344987,0.9929436,0.18072693,0.17160843,0.30115637,0.2966596,0.38470227,0.32707882,0.516056,0.567973,0.0072605293,0.36884266,0.25005242,0.7417931,0.5561712,0.24525501,0.24414042,0.55397165,0.55460787,0.90983295,0.29295883,0.93949246,0.27505252,0.6257469,0.5549031,0.23014562,-0.0048598414,-0.058360063
0.031521384,0.029851576,0.016390905,0.016840452,0.99344987,0.9929436,0.18072692,0.17160843,0.30115643,0.29665962,0.38470227,0.32707882,0.516056,0.567973,0.0072605293,0.36884266,0.25005245,0.7417931,0.5561712,0.24525501,0.24414042,0.55397165,0.55460787,0.9098331,0.29295883,0.93949246,0.2750525,0.6257469,0.5549031,0.23014562,-0.0048598414,-0.058360077
0.031521384,0.029851576,0.016390905,0.016840452,0.99344987,0.9929436,0.18072692,0.17160843,0.30115637,0.2966596,0.38470218,0.32707885,0.516056,0.567973,0.007260526,0.36884266,0.25005245,0.7417931,0.5561712,0.24525501,0.24414045,0.55397165,0.55460787,0.90983295,0.29295883,0.93949246,0.2750525,0.6257469,0.5549031,0.2301456,-0.004859871,-0.058360107
0.031521384,0.029851576,0.016390905,0.016840445,0.99344987,0.9929436,0.1807269,0.17160843,0.30115643,0.29665962,0.38470227,0.3270788,0.516056,0.567973,0.007260526,0.36884266,0.25005245,0.7417931,0.5561712,0.24525501,0.24414042,0.55397165,0.55460787,0.9098331,0.29295883,0.93949246,0.2750525,0.6257469,0.5549031,0.23014554,-0.0048598116,-0.058360063
0.031521384,0.029851576,0.016390897,0.016840452,0.99344987,0.9929436,0.1807269,0.17160843,0.30115643,0.29665962,0.38470227,0.32707882,0.516056,0.567973,0.007260526,0.36884266,0.25005245,0.7417931,0.5561712,0.24525504,0.24414042,0.55397165,0.55460787,0.90983295,0.29295883,0.93949246,0.27505252,0.6257469,0.5549031,0.2301456,-0.004859871,-0.058360092
0.031521384,0.029851569,0.016390897,0.016840452,0.99344987,0.9929436,0.1807269,0.17160843,0.3011564,0.2966596,0.38470227,0.3270788,0.516056,0.567973,0.0072605293,0.36884266,0.25005245,0.7417931,0.55617124,0.24525504,0.24414042,0.55397165,0.55460787,0.90983295,0.29295883,0.93949246,0.27505252,0.6257469,0.5549031,0.2301456,-0.0048598116,-0.058360092
0.031521384,0.029851569,0.016390897,0.016840445,0.99344987,0.9929436,0.1807269,0.17160843,0.3011564,0.2966596,0.38470227,0.3270788,0.516056,0.567973,0.007260526,0.36884266,0.25005242,0.74179316,0.5561712,0.24525501,0.24414045,0.55397165,0.55460787,0.90983295,0.29295886,0.93949246,0.27505252,0.6257469,0.55490315,0.2301456,-0.0048598414,-0.058360077
0.031521384,0.029851576,0.016390905,0.016840452,0.99344987,0.9929436,0.18072692,0.17160843,0.30115643,0.29665962,0.38470218,0.32707882,0.516056,0.5679729,0.0072605335,0.36884266,0.25005245,0.74179316,0.5561712,0.24525504,0.24414045,0.55397165,0.55460787,0.90983295,0.29295883,0.93949246,0.27505252,0.62574685,0.5549031,0.23014557,-0.0048598116,-0.05836007
0.031521384,0.029851576,0.016390905,0.016840452,0.99344987,0.9929436,0.1807269,0.17160843,0.30115643,0.29665965,0.38470218,0.32707885,0.516056,0.567973,0.0072605293,0.36884263,0.25005245,0.7417931,0.55617124,0.24525501,0.24414042,0.55397165,0.55460787,0.9098331,0.2929588,0.93949246,0.2750525,0.62574685,0.5549031,0.23014557,-0.0048598116,-0.058360077
0.031521384,0.029851576,0.016390905,0.016840452,0.99344987,0.9929436,0.18072692,0.17160843,0.30115643,0.29665965,0.3847022,0.32707882,0.516056,0.567973,0.0072605335,0.36884266,0.25005245,0.7417931,0.55617124,0.24525507,0.24414045,0.55397165,0.55460787,0.90983295,0.29295883,0.93949246,0.27505252,0.62574685,0.5549031,0.23014557,-0.0048598116,-0.058360085
0.031521384,0.029851576,0.016390897,0.016840452,0.99344987,0.9929436,0.1807269,0.17160845,0.30115643,0.29665962,0.38470215,0.32707888,0.516056,0.567973,0.0072605293,0.36884263,0.25005245,0.7417931,0.5561712,0.24525501,0.24414042,0.55397165,0.55460787,0.9098331,0.29295883,0.93949246,0.2750525,0.62574685,0.5549031,0.23014554,-0.0048598116,-0.058360092
0.031521384,0.029851569,0.016390905,0.01684046,0.99344987,0.9929436,0.1807269,0.17160843,0.30115643,0.29665965,0.38470218,0.32707888,0.516056,0.567973,0.0072605293,0.36884266,0.25005245,0.74179316,0.55617124,0.24525501,0.24414042,0.5539717,0.55460787,0.9098331,0.29295883,0.93949246,0.2750525,0.62574685,0.5549031,0.2301456,-0.004859722,-0.058360115
0.031521384,0.029851576,0.016390897,0.016840452,0.99344987,0.9929436,0.1807269,0.17160843,0.30115643,0.29665962,0.38470218,0.32707888,0.516056,0.567973,0.0072605293,0.36884266,0.25005242,0.7417931,0.55617124,0.24525501,0.24414042,0.55397165,0.55460787,0.9098331,0.29295883,0.93949246,0.2750525,0.6257469,0.5549031,0.23014554,-0.004859782,-0.058360048
0.031521384,0.029851576,0.01639089,0.016840452,0.99344987,0.9929436,0.1807269,0.17160842,0.3011564,0.29665962,0.38470227,0.32707882,0.516056,0.567973,0.007260526,0.36884266,0.25005242,0.74179316,0.5561712,0.24525501,0.24414042,0.55397165,0.55460787,0.90983295,0.29295883,0.93949246,0.27505252,0.62574685,0.5549032,0.23014562,-0.0048598116,-0.058360077
0.031521384,0.029851576,0.016390905,0.016840452,0.99344987,0.9929436,0.1807269,0.17160842,0.30115643,0.2966596,0.38470227,0.3270788,0.516056,0.567973,0.0072605335,0.36884266,0.25005242,0.7417931,0.55617124,0.24525504,0.24414042,0.55397165,0.55460787,0.90983295,0.29295883,0.93949246,0.27505252,0.62574685,0.55490315,0.2301456,-0.004859752,-0.058360092
0.031521384,0.029851576,0.016390897,0.016840452,0.99344987,0.9929436,0.18072692,0.17160843,0.3011564,0.29665965,0.38470218,0.32707882,0.516056,0.567973,0.007260526,0.36884266,0.25005245,0.74179316,0.55617124,0.24525501,0.24414042,0.55397165,0.55460787,0.9098331,0.29295883,0.93949246,0.27505252,0.6257469,0.5549032,0.23014565,-0.004859752,-0.058360122
0.031521384,0.029851576,0.016390905,0.016840452,0.99344987,0.9929436,0.1807269,0.17160843,0.3011564,0.29665962,0.38470218,0.32707888,0.51605606,0.5679731,0.0072605293,0.36884263,0.25005245,0.7417931,0.55617124,0.24525501,0.24414042,0.55397165,0.55460787,0.9098331,0.2929588,0.93949246,0.27505246,0.6257469,0.5549031,0.2301456,-0.004859752,-0.058360077
0.031521384,0.029851576,0.016390897,0.016840452,0.99344987,0.9929436,0.18072689,0.17160842,0.30115643,0.2966596,0.3847022,0.32707882,0.516056,0.567973,0.0072605293,0.36884263,0.25005245,0.74179316,0.55617124,0.24525504,0.24414042,0.5539717,0.55460787,0.9098331,0.29295883,0.93949246,0.2750525,0.6257469,0.5549031,0.23014557,-0.0048598414,-0.058360018
0.031521384,0.029851576,0.016390897,0.016840452,0.99344987,0.9929436,0.1807269,0.17160843,0.30115643,0.29665962,0.38470227,0.32707882,0.51605606,0.567973,0.007260526,0.36884266,0.25005245,0.74179316,0.5561712,0.24525501,0.24414042,0.55397165,0.55460787,0.9098331,0.29295883,0.93949246,0.2750525,0.6257469,0.5549031,0.23014565,-0.0048598116,-0.058359995
0.031521384,0.029851576,0.016390897,0.016840452,0.99344987,0.9929436,0.18072692,0.17160843,0.3011564,0.2966596,0.38470227,0.3270788,0.516056,0.567973,0.007260526,0.36884266,0.25005245,0.7417931,0.55617124,0.24525504,0.24414045,0.55397165,0.55460787,0.9098331,0.29295883,0.93949246,0.2750525,0.6257469,0.5549031,0.23014562,-0.004859752,-0.058360033
0.031521384,0.029851576,0.016390905,0.01684046,0.99344987,0.9929436,0.1807269,0.17160843,0.30115637,0.2966596,0.38470218,0.32707885,0.516056,0.567973,0.0072605293,0.36884266,0.25005245,0.7417931,0.55617124,0.24525501,0.24414042,0.55397165,0.55460787,0.9098331,0.29295883,0.93949246,0.27505246,0.62574685,0.5549031,0.23014568,-0.0048598116,-0.058360055
0.031521384,0.029851576,0.016390897,0.016840452,0.99344987,0.9929436,0.1807269,0.17160842,0.3011564,0.29665962,0.38470227,0.3270788,0.516056,0.567973,0.007260526,0.36884263,0.25005245,0.7417931,0.5561712,0.24525507,0.24414042,0.55397165,0.55460787,0.9098331,0.29295883,0.93949246,0.2750525,0.62574685,0.5549031,0.23014562,-0.0048598116,-0.058360033
0.031521384,0.029851576,0.016390905,0.016840452,0.99344987,0.9929436,0.1807269,0.17160842,0.3011564,0.2966596,0.38470227,0.3270788,0.516056,0.567973,0.0072605335,0.36884263,0.25005245,0.7417931,0.55617124,0.24525501,0.24414045,0.55397165,0.55460787,0.90983295,0.29295883,0.93949246,0.2750525,0.62574685,0.5549031,0.23014565,-0.0048598116,-0.058360033
0.031521384,0.029851576,0.016390897,0.01684046,0.99344987,0.9929436,0.1807269,0.17160843,0.3011564,0.29665962,0.38470218,0.32707882,0.516056,0.567973,0.007260526,0.36884263,0.25005245,0.7417931,0.55617124,0.24525501,0.24414042,0.5539717,0.55460787,0.9098331,0.29295883,0.93949246,0.27505246,0.62574685,0.55490315,0.23014565,-0.0048598116,-0.05836007
0.031521384,0.029851576,0.016390905,0.016840445,0.99344987,0.9929436,0.1807269,0.17160843,0.30115643,0.2966596,0.38470227,0.32707882,0.51605606,0.567973,0.0072605293,0.36884266,0.25005245,0.7417931,0.55617124,0.24525501,0.24414042,0.55397165,0.55460787,0.9098331,0.29295883,0.93949246,0.2750525,0.6257469,0.5549031,0.2301456,-0.0048598116,-0.058360033
0.031521384,0.029851569,0.016390897,0.016840445,0.99344987,0.9929436,0.1807269,0.17160843,0.30115643,0.2966596,0.38470227,0.3270788,0.516056,0.567973,0.0072605293,0.36884266,0.25005242,0.7417931,0.5561712,0.24525504,0.24414042,0.55397165,0.55460787,0.90983295,0.29295883,0.93949246,0.27505252,0.6257469,0.55490315,0.23014557,-0.004859871,-0.058360063
0.031521384,0.029851576,0.01639089,0.016840445,0.99344987,0.9929436,0.1807269,0.1716084,0.30115643,0.29665962,0.38470227,0.3270788,0.51605594,0.567973,0.0072605293,0.36884266,0.25005242,0.74179316,0.5561712,0.24525501,0.24414045,0.55397165,0.55460787,0.90983295,0.29295886,0.93949246,0.27505252,0.62574685,0.55490315,0.23014562,-0.004859871,-0.058360137
0.031521384,0.029851569,0.016390897,0.016840445,0.99344987,0.9929436,0.18072692,0.17160843,0.3011564,0.2966596,0.38470227,0.3270788,0.516056,0.567973,0.007260526,0.36884266,0.25005242,0.7417931,0.5561712,0.24525501,0.24414042,0.55397165,0.55460787,0.90983295,0.29295883,0.93949246,0.2750525,0.62574685,0.5549032,0.23014562,-0.0048598116,-0.058360092
0.031521384,0.029851576,0.016390897,0.016840452,0.99344987,0.9929436,0.1807269,0.17160842,0.3011564,0.2966596,0.38470227,0.3270788,0.516056,0.567973,0.0072605293,0.36884266,0.25005245,0.7417931,0.5561712,0.24525504,0.24414045,0.55397165,0.55460787,0.90983295,0.29295883,0.93949246,0.2750525,0.62574685,0.5549032,0.2301456,-0.0048598116,-0.058360077
0.031521384,0.029851576,0.016390905,0.01684046,0.99344987,0.9929436,0.1807269,0.17160843,0.30115637,0.29665962,0.38470218,0.32707885,0.516056,0.567973,0.007260526,0.36884266,0.25005245,0.74179316,0.55617124,0.24525501,0.24414042,0.55397165,0.55460787,0.90983295,0.2929588,0.93949246,0.2750525,0.62574685,0.5549032,0.2301456,-0.0048598116,-0.058360137
0.031521384,0.029851576,0.016390897,0.016840445,0.99344987,0.9929436,0.1807269,0.17160843,0.30115643,0.2966596,0.38470227,0.32707882,0.51605606,0.5679731,0.007260526,0.36884263,0.25005242,0.7417931,0.5561712,0.24525504,0.24414045,0.55397165,0.55460787,0.9098331,0.29295883,0.93949246,0.2750525,0.62574685,0.55490315,0.2301456,-0.0048598414,-0.058360152
0.031521384,0.029851569,0.016390897,0.016840445,0.99344987,0.9929436,0.1807269,0.1716084,0.30115643,0.29665962,0.38470227,0.3270788,0.516056,0.567973,0.0072605293,0.36884266,0.25005242,0.74179316,0.55617124,0.24525501,0.24414042,0.55397165,0.55460787,0.90983295,0.29295883,0.93949246,0.27505252,0.62574685,0.5549032,0.23014562,-0.0048598116,-0.058360122
0.031521384,0.029851576,0.016390905,0.016840445,0.99344987,0.9929436,0.1807269,0.17160843,0.30115637,0.2966596,0.38470227,0.32707882,0.516056,0.56797296,0.0072605293,0.36884266,0.25005245,0.74179316,0.5561712,0.24525501,0.24414042,0.55397165,0.55460787,0.90983295,0.29295883,0.93949246,0.27505252,0.6257469,0.5549032,0.23014565,-0.004859752,-0.05836013
0.031521384,0.029851576,0.016390905,0.01684046,0.99344987,0.9929436,0.1807269,0.17160843,0.3011564,0.2966596,0.38470227,0.3270788,0.516056,0.567973,0.0072605293,0.36884266,0.25005245,0.7417931,0.5561712,0.24525501,0.24414042,0.55397165,0.55460787,0.90983295,0.29295883,0.93949246,0.27505252,0.6257469,0.5549031,0.23014562,-0.0048598116,-0.058360033
0.031521384,0.029851576,0.016390897,0.016840452,0.99344987,0.9929436,0.18072693,0.17160843,0.30115637,0.2966596,0.38470227,0.3270788,0.516056,0.567973,0.0072605335,0.36884266,0.25005245,0.74179316,0.55617124,0.24525501,0.24414042,0.55397165,0.55460787,0.9098331,0.29295883,0.93949246,0.27505252,0.6257469,0.5549031,0.23014562,-0.004859752,-0.058360115
0.031521384,0.029851576,0.016390897,0.016840445,0.99344987,0.9929436,0.1807269,0.17160842,0.3011564,0.2966596,0.3847023,0.32707876,0.516056,0.567973,0.007260526,0.36884266,0.25005242,0.7417931,0.55617124,0.24525501,0.24414042,0.5539717,0.55460787,0.9098331,0.29295883,0.93949246,0.27505252,0.6257469,0.55490303,0.23014557,-0.0048598116,-0.058360063
0.031521384,0.029851576,0.016390905,0.016840452,0.99344987,0.9929436,0.18072692,0.17160843,0.3011564,0.2966596,0.38470227,0.32707882,0.516056,0.567973,0.007260526,0.36884266,0.25005245,0.7417931,0.5561712,0.24525501,0.24414042,0.55397165,0.55460787,0.9098331,0.29295883,0.93949246,0.2750525,0.6257469,0.5549031,0.23014557,-0.004859782,-0.058360033
0.031521384,0.029851576,0.016390905,0.016840452,0.99344987,0.9929436,0.18072692,0.17160843,0.30115637,0.2966596,0.3847022,0.32707882,0.516056,0.567973,0.007260526,0.36884263,0.25005245,0.7417931,0.55617124,0.24525501,0.24414042,0.55397165,0.55460787,0.9098331,0.29295883,0.93949246,0.27505252,0.6257469,0.55490303,0.23014565,-0.004859722,-0.058360077
0.031521384,0.029851576,0.016390905,0.01684046,0.99344987,0.9929436,0.1807269,0.17160843,0.3011564,0.2966596,0.38470218,0.32707885,0.516056,0.567973,0.0072605293,0.36884263,0.25005245,0.7417931,0.55617124,0.24525501,0.24414042,0.55397165,0.55460787,0.9098331,0.29295883,0.93949246,0.2750525,0.62574685,0.5549031,0.23014568,-0.004859782,-0.058360063
0.031521384,0.029851576,0.016390905,0.01684046,0.99344987,0.9929436,0.18072692,0.17160843,0.30115637,0.2966596,0.38470218,0.32707885,0.516056,0.567973,0.007260526,0.3688426,0.25005245,0.7417931,0.55617124,0.24525501,0.24414042,0.55397165,0.55460787,0.9098331,0.29295883,0.93949246,0.2750525,0.6257469,0.5549031,0.23014565,-0.0048598414,-0.058360033
0.031521384,0.029851576,0.016390905,0.016840452,0.99344987,0.9929436,0.18072692,0.17160843,0.3011564,0.29665962,0.38470227,0.32707882,0.516056,0.567973,0.007260526,0.36884266,0.25005242,0.7417931,0.55617124,0.24525501,0.24414042,0.55397165,0.55460787,0.9098331,0.29295883,0.93949246,0.27505252,0.62574685,0.55490303,0.2301456,-0.004859782,-0.05835998
0.031521384,0.029851576,0.016390897,0.016840445,0.99344987,0.9929436,0.18072692,0.17160845,0.30115637,0.2966596,0.38470227,0.32707882,0.516056,0.567973,0.007260526,0.3688426,0.25005245,0.7417931,0.5561712,0.24525501,0.24414042,0.55397165,0.55460787,0.90983295,0.29295883,0.93949246,0.27505252,0.62574685,0.5549031,0.23014562,-0.004859782,-0.058359988
0.031521384,0.029851576,0.016390905,0.01684046,0.99344987,0.9929436,0.18072692,0.17160843,0.30115637,0.2966596,0.38470218,0.32707885,0.516056,0.567973,0.0072605293,0.36884263,0.25005245,0.74179316,0.55617124,0.24525504,0.24414045,0.55397165,0.55460787,0.9098331,0.29295883,0.93949246,0.27505252,0.6257469,0.5549031,0.2301456,-0.0048598116,-0.058360018
0.031521384,0.029851576,0.016390905,0.016840452,0.99344987,0.9929436,0.1807269,0.17160842,0.3011564,0.29665962,0.38470218,0.32707885,0.51605594,0.567973,0.0072605293,0.36884266,0.25005242,0.7417931,0.5561712,0.24525501,0.24414042,0.55397165,0.55460787,0.9098331,0.29295883,0.93949246,0.27505255,0.62574685,0.5549031,0.23014562,-0.0048598414,-0.058360033
0.031521384,0.029851576,0.016390905,0.016840452,0.99344987,0.9929436,0.1807269,0.17160843,0.30115637,0.2966596,0.38470218,0.32707888,0.516056,0.567973,0.0072605293,0.36884266,0.25005245,0.74179316,0.55617124,0.24525501,0.24414042,0.55397165,0.55460787,0.90983295,0.29295883,0.93949246,0.27505246,0.6257469,0.5549032,0.2301456,-0.0048598116,-0.058360063
0.031521384,0.029851576,0.016390897,0.016840445,0.99344987,0.9929436,0.18072692,0.17160843,0.3011564,0.29665962,0.38470218,0.32707885,0.51605606,0.5679731,0.007260526,0.36884266,0.25005242,0.7417931,0.5561712,0.24525501,0.24414042,0.55397165,0.55460787,0.90983295,0.29295883,0.93949246,0.2750525,0.62574685,0.55490315,0.2301456,-0.004859871,-0.058360107
0.031521384,0.029851569,0.016390897,0.016840445,0.99344987,0.9929436,0.1807269,0.17160843,0.3011564,0.2966596,0.38470218,0.32707888,0.516056,0.567973,0.0072605293,0.36884266,0.25005242,0.7417931,0.5561712,0.24525498,0.24414042,0.55397165,0.55460787,0.9098331,0.29295883,0.93949246,0.2750525,0.6257469,0.5549032,0.2301456,-0.0048598414,-0.05836013
0.031521384,0.029851576,0.016390897,0.016840445,0.99344987,0.9929436,0.1807269,0.17160843,0.30115643,0.29665962,0.38470218,0.32707888,0.51605606,0.567973,0.0072605293,0.36884266,0.25005242,0.74179316,0.5561712,0.24525501,0.24414042,0.55397165,0.55460787,0.9098331,0.29295877,0.93949246,0.2750525,0.6257469,0.5549032,0.23014562,-0.0048598116,-0.058360137
0.031521384,0.029851569,0.016390897,0.016840445,0.99344987,0.9929436,0.1807269,0.17160843,0.3011564,0.2966596,0.38470227,0.32707885,0.51605606,0.5679731,0.007260526,0.36884263,0.25005245,0.7417931,0.5561712,0.24525501,0.24414042,0.55397165,0.55460787,0.9098331,0.29295883,0.93949246,0.2750525,0.6257469,0.55490315,0.2301456,-0.0048598116,-0.05836013
0.031521384,0.029851576,0.016390897,0.016840452,0.99344987,0.9929436,0.1807269,0.17160843,0.30115637,0.2966596,0.38470227,0.32707882,0.51605606,0.5679731,0.007260526,0.36884263,0.25005245,0.7417931,0.55617124,0.24525501,0.24414042,0.5539717,0.55460787,0.9098331,0.29295883,0.93949246,0.2750525,0.62574685,0.5549031,0.2301456,-0.0048598116,-0.058360055
0.031521384,0.029851576,0.016390905,0.016840445,0.99344987,0.9929436,0.18072693,0.17160845,0.3011564,0.2966596,0.38470227,0.3270788,0.51605606,0.5679731,0.007260526,0.36884266,0.25005242,0.7417931,0.5561712,0.24525501,0.24414042,0.55397165,0.55460787,0.9098331,0.29295883,0.93949246,0.2750525,0.6257469,0.5549031,0.23014551,-0.0048598414,-0.058360033
0.031521384,0.029851576,0.016390905,0.01684046,0.99344987,0.9929436,0.1807269,0.17160843,0.3011564,0.29665962,0.38470227,0.32707882,0.516056,0.567973,0.0072605293,0.36884263,0.25005245,0.74179316,0.5561712,0.24525501,0.24414042,0.55397165,0.55460787,0.9098331,0.2929588,0.93949246,0.2750525,0.6257469,0.5549031,0.2301456,-0.004859782,-0.058360077
0.031521384,0.029851576,0.016390897,0.016840445,0.99344987,0.9929436,0.1807269,0.17160843,0.3011564,0.29665962,0.38470218,0.32707885,0.516056,0.567973,0.007260526,0.36884266,0.25005245,0.7417931,0.5561712,0.24525501,0.24414042,0.55397165,0.55460787,0.9098331,0.2929588,0.93949246,0.27505246,0.6257469,0.55490315,0.23014557,-0.004859782,-0.058360033
0.031521384,0.029851576,0.016390897,0.016840445,0.99344987,0.9929436,0.1807269,0.17160843,0.3011564,0.2966596,0.38470227,0.3270788,0.51605606,0.567973,0.007260526,0.36884263,0.25005242,0.7417931,0.5561712,0.24525501,0.24414042,0.55397165,0.55460787,0.9098331,0.29295883,0.93949246,0.27505252,0.6257469,0.5549031,0.23014557,-0.0048598116,-0.058360018
0.031521384,0.029851576,0.016390897,0.016840452,0.99344987,0.9929436,0.1807269,0.17160842,0.3011564,0.2966596,0.38470218,0.32707885,0.516056,0.567973,0.0072605293,0.36884266,0.25005245,0.74179316,0.55617124,0.24525501,0.24414042,0.5539717,0.55460787,0.9098331,0.29295883,0.93949246,0.2750525,0.6257469,0.5549031,0.2301456,-0.0048598116,-0.058360092
0.031521384,0.029851576,0.016390897,0.016840452,0.99344987,0.9929436,0.1807269,0.17160842,0.3011564,0.29665962,0.3847022,0.32707885,0.516056,0.567973,0.0072605293,0.36884266,0.25005245,0.74179316,0.55617124,0.24525501,0.24414045,0.55397165,0.55460787,0.9098331,0.29295883,0.93949246,0.27505252,0.6257469,0.5549031,0.23014557,-0.004859752,-0.058360092
0.031521384,0.029851576,0.016390897,0.01684046,0.99344987,0.9929436,0.18072692,0.17160843,0.3011564,0.29665962,0.38470218,0.32707888,0.516056,0.567973,0.007260526,0.36884266,0.25005245,0.7417931,0.55617124,0.24525501,0.24414042,0.55397165,0.55460787,0.9098331,0.2929588,0.93949246,0.2750525,0.6257469,0.5549031,0.23014562,-0.004859782,-0.058360063
0.031521384,0.029851576,0.016390905,0.016840452,0.99344987,0.9929436,0.1807269,0.17160843,0.30115643,0.29665962,0.38470218,0.32707888,0.516056,0.567973,0.0072605293,0.36884263,0.25005248,0.7417931,0.55617124,0.24525501,0.24414042,0.55397165,0.55460787,0.9098331,0.2929588,0.93949246,0.27505246,0.6257469,0.55490315,0.2301456,-0.0048598116,-0.058360077
0.031521384,0.029851576,0.016390897,0.016840445,0.99344987,0.9929436,0.1807269,0.17160843,0.3011564,0.2966596,0.38470227,0.3270788,0.516056,0.567973,0.0072605293,0.36884266,0.25005245,0.7417931,0.5561712,0.24525501,0.24414042,0.55397165,0.55460787,0.90983295,0.29295883,0.93949246,0.2750525,0.6257469,0.5549031,0.23014562,-0.0048598414,-0.058360092
0.031521384,0.029851569,0.016390897,0.016840445,0.99344987,0.9929436,0.1807269,0.17160842,0.30115637,0.2966596,0.38470232,0.32707876,0.51605606,0.5679731,0.007260526,0.36884263,0.25005245,0.7417931,0.55617124,0.24525501,0.24414042,0.55397165,0.55460787,0.9098331,0.29295883,0.93949246,0.2750525,0.62574685,0.5549031,0.2301456,-0.004859782,-0.058360085
0.031521384,0.029851569,0.01639089,0.016840445,0.99344987,0.9929436,0.1807269,0.17160843,0.3011564,0.2966596,0.38470232,0.32707876,0.516056,0.567973,0.007260526,0.36884263,0.25005242,0.7417931,0.55617124,0.24525504,0.24414042,0.55397165,0.55460787,0.9098331,0.29295883,0.93949246,0.27505252,0.6257469,0.5549031,0.23014565,-0.004859782,-0.058360077
0.031521384,0.029851576,0.016390905,0.016840452,0.99344987,0.9929436,0.1807269,0.17160843,0.30115637,0.2966596,0.38470227,0.32707882,0.516056,0.567973,0.0072605293,0.36884266,0.25005245,0.7417931,0.5561712,0.24525504,0.24414045,0.55397165,0.55460787,0.9098331,0.29295883,0.93949246,0.2750525,0.6257469,0.5549032,0.23014565,-0.004859871,-0.058360077
0.031521384,0.029851576,0.016390905,0.016840452,0.99344987,0.9929436,0.1807269,0.17160843,0.30115637,0.2966596,0.38470227,0.32707882,0.516056,0.567973,0.007260526,0.36884263,0.25005245,0.7417931,0.5561712,0.24525501,0.24414045,0.55397165,0.55460787,0.90983295,0.29295883,0.93949246,0.27505252,0.62574685,0.5549032,0.23014565,-0.004859871,-0.058360122
0.031521384,0.029851576,0.016390897,0.016840452,0.99344987,0.9929436,0.1807269,0.17160843,0.3011564,0.2966596,0.3847022,0.32707885,0.51605606,0.567973,0.0072605293,0.36884266,0.25005242,0.7417931,0.5561712,0.24525504,0.24414045,0.55397165,0.55460787,0.90983295,0.29295883,0.93949246,0.27505252,0.62574685,0.5549032,0.23014565,-0.0048598414,-0.058360152
0.031521384,0.029851576,0.016390897,0.016840452,0.99344987,0.9929436,0.1807269,0.17160843,0.30115637,0.2966596,0.38470212,0.3270789,0.516056,0.567973,0.0072605335,0.36884266,0.25005245,0.74179316,0.55617124,0.24525501,0.24414042,0.55397165,0.55460787,0.9098331,0.2929588,0.93949246,0.2750525,0.62574685,0.5549032,0.23014574,-0.0048598414,-0.058360137
0.031521384,0.029851576,0.016390905,0.016840445,0.99344987,0.9929436,0.1807269,0.17160843,0.30115637,0.29665956,0.38470215,0.32707888,0.516056,0.567973,0.007260526,0.3688426,0.25005245,0.7417931,0.5561712,0.24525501,0.24414042,0.55397165,0.55460787,0.9098331,0.29295883,0.93949246,0.2750525,0.6257469,0.5549031,0.23014562,-0.004859901,-0.058360092
0.031521384,0.029851576,0.016390897,0.016840445,0.99344987,0.9929436,0.1807269,0.17160843,0.30115637,0.2966596,0.3847022,0.32707882,0.51605606,0.567973,0.007260526,0.36884263,0.25005242,0.7417931,0.5561712,0.24525501,0.24414042,0.55397165,0.55460787,0.9098331,0.29295883,0.93949246,0.27505252,0.62574685,0.5549031,0.23014562,-0.0048598414,-0.058360122
0.031521384,0.029851569,0.016390897,0.016840452,0.99344987,0.9929436,0.1807269,0.17160843,0.30115637,0.2966596,0.38470218,0.32707885,0.516056,0.567973,0.0072605293,0.36884266,0.25005242,0.7417931,0.5561711,0.24525501,0.24414045,0.55397165,0.55460787,0.90983295,0.29295883,0.93949246,0.2750525,0.62574685,0.5549032,0.23014557,-0.004859871,-0.058360152
0.031521384,0.029851576,0.016390897,0.016840445,0.99344987,0.9929436,0.18072693,0.17160843,0.30115637,0.2966596,0.38470218,0.32707885,0.516056,0.567973,0.0072605293,0.36884263,0.25005242,0.7417931,0.5561712,0.24525501,0.24414042,0.55397165,0.55460787,0.9098331,0.2929588,0.93949246,0.27505246,0.62574685,0.55490315,0.23014557,-0.004859871,-0.058360152
0.031521384,0.029851576,0.016390897,0.016840445,0.99344987,0.9929436,0.18072692,0.17160843,0.3011564,0.2966596,0.3847022,0.32707882,0.516056,0.567973,0.0072605293,0.36884266,0.25005242,0.74179304,0.5561712,0.24525501,0.24414042,0.55397165,0.55460787,0.9098331,0.29295883,0.93949246,0.27505252,0.62574685,0.5549032,0.2301456,-0.004859871,-0.058360137
0.031521384,0.029851576,0.016390897,0.016840452,0.99344987,0.9929436,0.18072693,0.17160843,0.30115637,0.2966596,0.38470227,0.32707882,0.516056,0.567973,0.0072605293,0.36884266,0.25005245,0.7417931,0.5561712,0.24525501,0.24414045,0.55397165,0.55460787,0.90983295,0.29295883,0.93949246,0.27505252,0.6257469,0.55490315,0.23014562,-0.0048598414,-0.058360122
0.031521384,0.029851576,0.016390905,0.016840452,0.99344987,0.9929436,0.1807269,0.17160843,0.3011564,0.2966596,0.38470227,0.32707885,0.516056,0.5679729,0.0072605335,0.36884266,0.25005245,0.74179316,0.5561711,0.24525504,0.24414042,0.55397165,0.55460787,0.90983295,0.29295883,0.93949246,0.27505252,0.62574685,0.5549031,0.23014562,-0.004859871,-0.058360048
0.031521384,0.029851576,0.016390905,0.016840452,0.99344987,0.9929436,0.18072693,0.17160843,0.3011564,0.2966596,0.38470232,0.32707873,0.51605594,0.567973,0.0072605293,0.36884266,0.25005242,0.7417931,0.55617124,0.24525504,0.24414042,0.55397165,0.55460787,0.90983295,0.29295883,0.93949246,0.27505252,0.62574685,0.5549031,0.23014568,-0.004859782,-0.05836001
0.031521384,0.029851576,0.016390897,0.016840452,0.99344987,0.9929436,0.1807269,0.17160843,0.30115637,0.2966596,0.38470232,0.32707873,0.516056,0.567973,0.0072605293,0.36884266,0.25005245,0.7417931,0.55617124,0.24525504,0.24414045,0.55397165,0.55460787,0.90983295,0.29295883,0.93949246,0.27505252,0.62574685,0.5549031,0.23014568,-0.0048598116,-0.058359966
0.031521384,0.029851576,0.016390905,0.01684046,0.99344987,0.9929436,0.1807269,0.17160843,0.30115637,0.2966596,0.3847023,0.32707873,0.51605594,0.56797296,0.007260526,0.36884266,0.25005248,0.74179316,0.55617124,0.24525507,0.24414045,0.55397165,0.55460787,0.9098331,0.29295883,0.93949246,0.2750525,0.62574685,0.5549031,0.23014574,-0.004859782,-0.058359988
0.031521384,0.029851576,0.016390897,0.016840452,0.99344987,0.9929436,0.1807269,0.17160843,0.30115637,0.2966596,0.38470232,0.32707873,0.51605594,0.5679729,0.0072605335,0.36884266,0.25005245,0.7417931,0.5561712,0.24525507,0.24414042,0.55397165,0.55460787,0.90983295,0.29295886,0.93949234,0.27505252,0.62574685,0.5549031,0.23014568,-0.0048598116,-0.058359988
0.031521384,0.029851576,0.016390905,0.016840452,0.99344987,0.9929436,0.1807269,0.17160843,0.30115637,0.2966596,0.38470227,0.32707876,0.5160559,0.5679729,0.0072605293,0.36884266,0.25005245,0.74179316,0.55617124,0.24525504,0.24414045,0.55397165,0.55460787,0.90983295,0.29295883,0.93949246,0.27505252,0.62574685,0.5549032,0.23014574,-0.0048598116,-0.058360077
0.031521384,0.029851569,0.016390905,0.016840452,0.99344987,0.9929436,0.18072692,0.17160843,0.30115637,0.29665962,0.38470218,0.32707888,0.5160559,0.5679729,0.0072605293,0.36884266,0.25005245,0.74179316,0.55617124,0.24525501,0.24414045,0.55397165,0.55460787,0.90983295,0.29295883,0.93949246,0.27505252,0.6257469,0.5549032,0.23014574,-0.0048598414,-0.05836007
0.031521384,0.029851569,0.016390897,0.016840452,0.99344987,0.9929436,0.1807269,0.17160842,0.3011564,0.2966596,0.38470218,0.32707888,0.51605594,0.56797296,0.0072605293,0.36884266,0.25005245,0.7417931,0.5561712,0.24525501,0.24414042,0.55397165,0.55460787,0.90983295,0.29295883,0.93949246,0.27505252,0.6257469,0.5549032,0.23014568,-0.0048598414,-0.058360167
0.031521384,0.029851569,0.016390905,0.016840452,0.99344987,0.9929436,0.18072692,0.17160843,0.30115637,0.2966596,0.38470218,0.32707888,0.516056,0.56797296,0.0072605335,0.36884266,0.25005242,0.7417931,0.55617124,0.24525501,0.24414042,0.55397165,0.55460787,0.90983295,0.29295883,0.93949246,0.27505252,0.6257469,0.5549032,0.23014568,-0.004859782,-0.058360197
0.031521384,0.029851576,0.016390897,0.016840452,0.99344987,0.9929436,0.1807269,0.17160843,0.30115637,0.2966596,0.38470218,0.32707888,0.516056,0.567973,0.0072605293,0.36884266,0.25005245,0.7417931,0.5561712,0.24525501,0.24414042,0.55397165,0.55460787,0.90983295,0.29295883,0.93949246,0.2750525,0.6257469,0.5549032,0.23014565,-0.0048598116,-0.058360152
0.031521384,0.029851576,0.016390897,0.016840445,0.99344987,0.9929436,0.18072693,0.17160843,0.30115637,0.29665956,0.3847022,0.32707885,0.51605606,0.5679731,0.007260526,0.36884266,0.25005242,0.7417931,0.5561712,0.24525501,0.24414042,0.55397165,0.55460787,0.90983295,0.29295883,0.93949246,0.2750525,0.6257469,0.55490315,0.23014574,-0.0048598116,-0.0583601
0.031521384,0.029851576,0.016390905,0.016840452,0.99344987,0.9929436,0.1807269,0.17160843,0.30115637,0.29665956,0.38470227,0.32707885,0.516056,0.567973,0.0072605293,0.3688426,0.25005242,0.7417931,0.55617124,0.24525501,0.24414042,0.55397165,0.55460787,0.90983295,0.29295883,0.93949246,0.27505252,0.62574697,0.5549032,0.23014565,-0.0048598414,-0.058360122
0.031521384,0.029851576,0.016390897,0.016840445,0.99344987,0.9929436,0.1807269,0.17160843,0.3011564,0.2966596,0.38470227,0.32707882,0.516056,0.567973,0.0072605293,0.36884266,0.25005245,0.7417931,0.55617124,0.24525501,0.24414042,0.5539717,0.55460787,0.90983295,0.29295883,0.93949246,0.27505252,0.6257469,0.5549032,0.23014565,-0.0048598414,-0.058360137
0.031521384,0.029851569,0.016390905,0.016840452,0.99344987,0.9929436,0.1807269,0.17160843,0.30115637,0.29665956,0.38470227,0.32707885,0.51605594,0.5679729,0.0072605335,0.36884266,0.25005245,0.7417931,0.55617124,0.24525501,0.24414045,0.55397165,0.55460787,0.90983295,0.29295883,0.93949246,0.27505252,0.6257469,0.5549032,0.23014574,-0.004859782,-0.058360144
0.031521384,0.029851569,0.016390897,0.016840452,0.99344987,0.9929436,0.1807269,0.17160842,0.30115637,0.2966596,0.38470227,0.32707882,0.516056,0.567973,0.0072605293,0.36884266,0.25005245,0.7417931,0.5561712,0.24525501,0.24414042,0.55397165,0.55460787,0.90983295,0.29295883,0.93949246,0.27505252,0.6257469,0.5549032,0.23014568,-0.0048598116,-0.058360152
0.031521384,0.029851576,0.01639089,0.016840452,0.99344987,0.9929436,0.18072692,0.17160843,0.30115637,0.29665956,0.38470227,0.3270788,0.516056,0.567973,0.007260526,0.36884263,0.25005245,0.7417931,0.5561712,0.24525501,0.24414045,0.55397165,0.55460787,0.90983295,0.29295883,0.93949246,0.27505252,0.6257469,0.5549031,0.23014565,-0.0048598414,-0.05836007
0.031521384,0.029851576,0.016390905,0.016840452,0.99344987,0.9929436,0.1807269,0.17160842,0.30115637,0.29665956,0.38470227,0.3270788,0.51605594,0.56797296,0.0072605335,0.36884266,0.25005245,0.7417931,0.55617124,0.24525504,0.24414042,0.55397165,0.55460787,0.90983295,0.29295883,0.93949246,0.27505252,0.6257469,0.5549031,0.23014568,-0.004859782,-0.058360152
0.031521384,0.029851576,0.016390897,0.016840452,0.99344987,0.9929436,0.1807269,0.17160843,0.30115637,0.2966596,0.38470227,0.3270788,0.51605594,0.5679729,0.0072605335,0.36884266,0.25005242,0.7417931,0.55617124,0.24525501,0.24414045,0.55397165,0.55460787,0.90983295,0.29295883,0.93949234,0.27505252,0.6257469,0.5549032,0.23014571,-0.004859782,-0.058360063
0.031521384,0.029851569,0.016390905,0.01684046,0.99344987,0.9929436,0.18072692,0.17160843,0.30115637,0.2966596,0.38470227,0.32707882,0.5160559,0.5679729,0.0072605335,0.36884266,0.25005245,0.7417931,0.55617124,0.24525507,0.24414045,0.55397165,0.55460787,0.90983295,0.29295883,0.93949246,0.27505255,0.6257469,0.55490315,0.23014574,-0.0048598414,-0.058360092
0.031521384,0.029851576,0.016390897,0.016840452,0.99344987,0.9929436,0.1807269,0.17160843,0.30115637,0.29665956,0.3847022,0.32707882,0.51605594,0.5679729,0.0072605293,0.36884266,0.25005245,0.74179316,0.5561712,0.24525501,0.24414045,0.55397165,0.55460787,0.90983295,0.29295883,0.93949246,0.27505255,0.6257469,0.55490315,0.23014571,-0.0048598414,-0.058360107
0.031521384,0.029851569,0.016390897,0.016840452,0.99344987,0.9929436,0.1807269,0.17160843,0.30115637,0.2966596,0.38470218,0.32707882,0.51605594,0.5679729,0.0072605293,0.36884266,0.25005245,0.7417931,0.5561712,0.24525507,0.24414045,0.55397165,0.55460787,0.90983295,0.29295883,0.93949246,0.27505252,0.6257469,0.5549032,0.23014571,-0.0048598414,-0.05836018
0.031521384,0.029851576,0.016390897,0.016840445,0.99344987,0.9929436,0.1807269,0.17160843,0.30115637,0.2966596,0.38470218,0.32707888,0.51605594,0.5679729,0.0072605293,0.36884266,0.25005245,0.7417931,0.5561712,0.24525504,0.24414045,0.55397165,0.55460787,0.90983295,0.29295883,0.93949246,0.27505252,0.62574685,0.5549032,0.23014568,-0.0048598414,-0.05836021
0.031521384,0.029851576,0.016390897,0.016840452,0.99344987,0.9929436,0.18072693,0.17160843,0.30115637,0.29665956,0.38470218,0.32707888,0.51605594,0.5679729,0.0072605335,0.36884266,0.25005248,0.74179316,0.5561712,0.24525504,0.24414045,0.55397165,0.55460787,0.90983295,0.29295883,0.93949246,0.27505252,0.62574685,0.55490327,0.23014568,-0.004859901,-0.058360204
0.031521384,0.029851569,0.016390897,0.016840445,0.99344987,0.9929436,0.1807269,0.17160843,0.30115637,0.2966596,0.38470218,0.32707888,0.51605594,0.5679729,0.0072605335,0.36884266,0.25005245,0.7417931,0.5561712,0.24525501,0.24414045,0.55397165,0.55460787,0.90983295,0.29295883,0.93949246,0.2750525,0.6257469,0.5549032,0.23014568,-0.004859901,-0.05836025
0.031521384,0.029851569,0.016390897,0.016840445,0.99344987,0.9929436,0.18072692,0.1716084,0.30115637,0.2966596,0.38470218,0.32707885,0.51605594,0.56797296,0.0072605335,0.36884266,0.25005242,0.7417931,0.5561712,0.24525501,0.24414045,0.55397165,0.55460787,0.90983295,0.29295883,0.93949246,0.27505255,0.6257469,0.55490327,0.23014568,-0.004859901,-0.058360167
0.031521384,0.029851576,0.016390897,0.016840445,0.99344987,0.9929436,0.18072692,0.17160843,0.30115637,0.2966596,0.38470227,0.32707885,0.516056,0.567973,0.0072605293,0.36884266,0.25005245,0.7417931,0.5561712,0.24525501,0.24414045,0.55397165,0.55460787,0.90983295,0.29295883,0.93949246,0.27505252,0.62574685,0.55490327,0.23014571,-0.004859901,-0.058360144
0.031521384,0.029851569,0.016390897,0.016840452,0.99344987,0.9929436,0.1807269,0.17160843,0.30115637,0.2966596,0.38470218,0.32707885,0.51605594,0.5679729,0.0072605335,0.36884266,0.25005245,0.7417931,0.5561712,0.24525504,0.24414045,0.55397165,0.55460787,0.90983295,0.29295883,0.93949246,0.27505252,0.6257469,0.55490327,0.23014568,-0.0048598414,-0.058360167
0.031521384,0.029851576,0.016390897,0.016840452,0.99344987,0.9929436,0.1807269,0.17160842,0.30115637,0.2966596,0.38470218,0.32707882,0.516056,0.567973,0.0072605335,0.36884266,0.25005242,0.7417931,0.5561712,0.24525501,0.24414042,0.55397165,0.55460787,0.90983295,0.29295883,0.93949246,0.27505252,0.6257469,0.5549032,0.23014571,-0.0048598116,-0.058360197
0.031521384,0.029851576,0.016390905,0.016840452,0.99344987,0.9929436,0.1807269,0.1716084,0.30115637,0.29665956,0.38470227,0.3270788,0.516056,0.5679729,0.0072605293,0.36884266,0.25005242,0.7417931,0.5561712,0.24525501,0.24414042,0.55397165,0.55460787,0.90983295,0.29295883,0.93949246,0.27505252,0.62574685,0.5549032,0.23014571,-0.0048598414,-0.058360122
0.031521384,0.029851576,0.016390897,0.016840445,0.99344987,0.9929436,0.18072692,0.17160842,0.30115637,0.2966596,0.38470227,0.3270788,0.5160559,0.5679729,0.0072605293,0.36884266,0.25005245,0.7417931,0.5561712,0.24525504,0.24414042,0.55397165,0.55460787,0.90983295,0.29295883,0.93949246,0.27505255,0.6257469,0.55490315,0.23014568,-0.004859782,-0.058360137
0.031521384,0.029851569,0.016390897,0.016840452,0.99344987,0.9929436,0.1807269,0.17160842,0.30115637,0.2966596,0.38470232,0.3270787,0.51605594,0.5679729,0.0072605335,0.36884266,0.25005242,0.7417931,0.55617124,0.24525504,0.24414045,0.55397165,0.55460787,0.90983295,0.29295883,0.93949234,0.27505255,0.62574685,0.5549032,0.23014565,-0.0048598116,-0.058360092
0.031521384,0.029851576,0.016390897,0.016840452,0.99344987,0.9929436,0.1807269,0.17160842,0.30115637,0.2966596,0.38470227,0.32707882,0.5160559,0.5679729,0.0072605335,0.36884266,0.25005245,0.7417931,0.55617124,0.24525501,0.24414045,0.55397165,0.55460787,0.90983295,0.29295883,0.93949234,0.27505255,0.62574685,0.55490315,0.23014568,-0.004859782,-0.058360077
0.031521384,0.029851576,0.016390905,0.016840452,0.99344987,0.9929436,0.1807269,0.17160842,0.30115637,0.2966596,0.38470227,0.32707882,0.5160559,0.5679729,0.0072605335,0.36884266,0.25005245,0.74179316,0.55617124,0.24525501,0.24414045,0.55397165,0.55460787,0.90983295,0.29295886,0.93949246,0.27505255,0.6257469,0.5549031,0.23014571,-0.0048598116,-0.058360115
0.031521384,0.029851576,0.016390897,0.016840452,0.99344987,0.9929436,0.1807269,0.17160842,0.3011564,0.2966596,0.38470227,0.3270788,0.5160559,0.5679729,0.0072605293,0.36884266,0.25005245,0.74179316,0.5561712,0.24525501,0.24414045,0.55397165,0.55460787,0.90983295,0.2929589,0.93949234,0.27505255,0.6257469,0.5549031,0.23014568,-0.0048598116,-0.058360063
0.031521384,0.029851576,0.016390897,0.016840452,0.99344987,0.9929436,0.1807269,0.1716084,0.30115637,0.2966596,0.38470227,0.32707876,0.5160559,0.5679729,0.0072605335,0.36884266,0.25005245,0.7417931,0.55617124,0.24525501,0.24414045,0.5539717,0.55460787,0.90983295,0.29295886,0.93949234,0.27505255,0.62574685,0.55490315,0.23014562,-0.004859752,-0.058360077
0.031521384,0.029851569,0.016390897,0.016840452,0.99344987,0.9929436,0.1807269,0.17160843,0.30115637,0.2966596,0.3847022,0.32707882,0.5160559,0.5679729,0.0072605335,0.36884266,0.25005245,0.74179316,0.5561712,0.24525501,0.24414042,0.55397165,0.55460787,0.90983295,0.29295883,0.93949246,0.27505252,0.62574685,0.55490315,0.23014568,-0.0048598116,-0.058360122
0.031521384,0.029851576,0.016390897,0.016840452,0.99344987,0.9929436,0.18072692,0.17160842,0.3011564,0.2966596,0.38470227,0.32707882,0.51605594,0.5679729,0.0072605293,0.36884266,0.25005242,0.74179316,0.5561712,0.24525501,0.24414045,0.55397165,0.55460787,0.90983295,0.29295883,0.93949234,0.27505255,0.6257469,0.5549031,0.23014562,-0.0048598414,-0.058360092
0.031521384,0.029851576,0.01639089,0.016840445,0.99344987,0.9929436,0.18072692,0.17160843,0.30115637,0.2966596,0.38470218,0.32707885,0.5160559,0.5679729,0.0072605335,0.36884266,0.25005245,0.74179316,0.5561712,0.24525501,0.24414042,0.55397165,0.55460787,0.90983295,0.29295883,0.93949234,0.27505252,0.6257469,0.5549032,0.23014565,-0.0048598116,-0.058360137
0.031521384,0.029851569,0.016390897,0.016840445,0.99344987,0.9929436,0.1807269,0.17160843,0.3011564,0.2966596,0.38470218,0.32707888,0.5160558,0.5679729,0.0072605293,0.36884266,0.25005242,0.74179316,0.5561712,0.24525501,0.24414042,0.55397165,0.55460787,0.90983295,0.29295883,0.93949234,0.27505255,0.6257469,0.5549032,0.23014565,-0.0048598116,-0.05836019
0.031521384,0.029851576,0.016390897,0.016840452,0.99344987,0.9929436,0.1807269,0.1716084,0.30115637,0.2966596,0.38470218,0.32707888,0.5160559,0.56797284,0.0072605335,0.36884266,0.25005245,0.74179316,0.55617124,0.24525504,0.24414042,0.55397165,0.55460787,0.90983295,0.29295883,0.93949234,0.27505255,0.6257469,0.5549032,0.23014568,-0.004859871,-0.05836024
0.031521384,0.029851576,0.01639089,0.016840452,0.99344987,0.9929436,0.1807269,0.17160842,0.30115637,0.2966596,0.3847022,0.32707885,0.51605594,0.5679729,0.0072605335,0.36884266,0.25005245,0.74179316,0.5561712,0.24525501,0.24414045,0.55397165,0.55460787,0.90983295,0.29295883,0.93949234,0.27505252,0.6257469,0.5549032,0.23014565,-0.0048598414,-0.058360197
0.031521384,0.029851569,0.01639089,0.016840452,0.99344987,0.9929436,0.1807269,0.1716084,0.3011564,0.2966596,0.38470227,0.32707882,0.5160559,0.5679729,0.0072605293,0.36884266,0.25005245,0.74179316,0.5561712,0.24525501,0.24414045,0.55397165,0.55460787,0.90983295,0.29295883,0.93949234,0.27505255,0.6257469,0.5549032,0.23014565,-0.0048598414,-0.058360107
0.031521384,0.029851569,0.01639089,0.016840445,0.99344987,0.9929436,0.1807269,0.17160842,0.30115637,0.2966596,0.38470218,0.32707885,0.5160559,0.5679729,0.0072605335,0.36884266,0.25005242,0.7417931,0.5561712,0.24525501,0.24414045,0.55397165,0.55460787,0.90983295,0.29295883,0.93949234,0.27505255,0.6257469,0.5549032,0.23014568,-0.0048598414,-0.058360107
0.031521384,0.029851576,0.016390897,0.016840452,0.99344987,0.9929436,0.1807269,0.1716084,0.30115637,0.2966596,0.38470227,0.32707882,0.51605594,0.5679729,0.0072605335,0.36884266,0.25005245,0.7417931,0.5561712,0.24525501,0.24414045,0.55397165,0.55460787,0.90983295,0.29295886,0.93949234,0.27505255,0.62574685,0.5549032,0.23014571,-0.004859871,-0.058360122
0.03152139,0.029851576,0.016390905,0.016840452,0.99344987,0.9929436,0.1807269,0.1716084,0.30115637,0.2966596,0.38470218,0.32707888,0.5160559,0.56797284,0.0072605335,0.36884266,0.25005245,0.7417931,0.5561712,0.24525501,0.24414045,0.55397165,0.55460787,0.90983295,0.29295886,0.93949234,0.27505255,0.6257469,0.5549032,0.23014571,-0.004859871,-0.058360167
0.031521384,0.029851576,0.016390897,0.016840445,0.99344987,0.9929436,0.1807269,0.17160842,0.30115637,0.2966596,0.38470218,0.32707888,0.51605594,0.5679729,0.0072605335,0.36884266,0.25005245,0.74179316,0.5561712,0.24525501,0.24414042,0.55397165,0.55460787,0.90983295,0.29295883,0.93949234,0.27505252,0.6257469,0.55490327,0.23014577,-0.0048598414,-0.05836021
0.031521384,0.029851576,0.016390897,0.016840452,0.99344987,0.9929436,0.1807269,0.17160843,0.30115637,0.29665956,0.3847022,0.32707885,0.51605594,0.5679729,0.0072605293,0.36884266,0.25005242,0.7417931,0.55617124,0.24525501,0.24414045,0.55397165,0.55460787,0.90983295,0.29295883,0.93949234,0.27505252,0.6257469,0.5549032,0.23014574,-0.004859931,-0.058360167
0.031521384,0.029851576,0.016390897,0.016840452,0.99344987,0.9929436,0.1807269,0.17160842,0.30115637,0.29665956,0.38470227,0.3270788,0.5160559,0.5679729,0.0072605293,0.36884266,0.25005245,0.7417931,0.5561712,0.24525501,0.24414042,0.55397165,0.55460787,0.90983295,0.29295886,0.93949234,0.27505255,0.6257469,0.55490315,0.2301458,-0.0048598414,-0.058360122
0.031521384,0.029851569,0.016390897,0.016840445,0.99344987,0.9929436,0.18072693,0.17160843,0.30115637,0.29665956,0.38470232,0.32707873,0.51605594,0.5679729,0.0072605293,0.36884266,0.25005245,0.7417931,0.55617124,0.24525504,0.24414045,0.55397165,0.55460787,0.90983295,0.29295886,0.93949234,0.27505255,0.6257469,0.5549031,0.23014577,-0.0048598116,-0.058360025
0.031521384,0.029851561,0.016390897,0.016840445,0.99344987,0.9929436,0.18072692,0.17160842,0.30115637,0.29665956,0.38470232,0.3270787,0.5160559,0.5679729,0.007260526,0.36884266,0.25005245,0.7417931,0.55617124,0.24525501,0.24414045,0.55397165,0.55460787,0.90983295,0.29295886,0.93949234,0.27505255,0.62574685,0.5549031,0.23014574,-0.004859782,-0.058359988
0.031521384,0.029851576,0.016390897,0.016840452,0.99344987,0.9929436,0.18072692,0.17160843,0.30115637,0.2966596,0.38470235,0.3270787,0.5160559,0.5679729,0.0072605293,0.36884266,0.25005242,0.7417931,0.55617124,0.24525501,0.24414042,0.55397165,0.55460787,0.90983295,0.29295886,0.93949234,0.27505252,0.6257469,0.55490303,0.23014574,-0.0048598116,-0.05835993
0.031521384,0.029851576,0.016390897,0.016840452,0.99344987,0.9929436,0.1807269,0.17160843,0.30115637,0.29665956,0.38470232,0.32707873,0.5160559,0.5679729,0.0072605293,0.36884266,0.25005245,0.7417931,0.55617124,0.24525501,0.24414045,0.55397165,0.55460787,0.90983295,0.29295883,0.93949234,0.27505255,0.62574697,0.5549031,0.23014568,-0.004859722,-0.058360003
0.031521384,0.029851569,0.016390905,0.016840452,0.99344987,0.9929436,0.18072692,0.17160842,0.30115637,0.2966596,0.38470232,0.32707873,0.51605594,0.5679729,0.0072605335,0.36884266,0.25005242,0.7417931,0.55617124,0.24525501,0.24414042,0.5539717,0.55460787,0.90983295,0.29295883,0.93949234,0.27505252,0.6257469,0.55490315,0.23014574,-0.0048598116,-0.058360077
0.031521384,0.029851561,0.016390897,0.016840452,0.99344987,0.9929436,0.1807269,0.17160842,0.30115637,0.29665956,0.38470232,0.3270787,0.51605594,0.56797296,0.007260526,0.36884266,0.25005242,0.7417931,0.55617124,0.24525501,0.24414042,0.55397165,0.55460787,0.90983295,0.29295883,0.93949234,0.27505252,0.6257469,0.55490303,0.23014571,-0.004859782,-0.058360092
0.031521384,0.029851569,0.016390897,0.016840452,0.99344987,0.9929436,0.1807269,0.17160842,0.3011564,0.2966596,0.38470235,0.3270787,0.516056,0.5679729,0.0072605335,0.36884266,0.25005245,0.7417931,0.55617124,0.24525501,0.24414042,0.55397165,0.55460787,0.90983295,0.29295883,0.93949234,0.27505255,0.6257469,0.5549031,0.23014571,-0.004859782,-0.058360115
0.031521384,0.029851576,0.016390897,0.016840452,0.99344987,0.9929436,0.1807269,0.17160843,0.30115637,0.2966596,0.38470232,0.32707873,0.51605594,0.5679729,0.0072605293,0.36884266,0.25005242,0.7417931,0.5561712,0.24525501,0.24414042,0.55397165,0.55460787,0.90983295,0.29295883,0.93949234,0.27505255,0.62574685,0.5549031,0.23014565,-0.004859752,-0.058360055
0.031521384,0.029851576,0.016390897,0.016840445,0.99344987,0.9929436,0.18072693,0.17160843,0.30115637,0.2966596,0.38470227,0.3270788,0.516056,0.56797296,0.0072605335,0.36884266,0.25005242,0.7417931,0.55617124,0.24525501,0.24414042,0.55397165,0.55460787,0.90983295,0.29295883,0.93949246,0.27505252,0.6257469,0.5549031,0.23014577,-0.0048598116,-0.058360137
0.031521384,0.029851576,0.016390897,0.016840445,0.99344987,0.9929436,0.18072693,0.17160842,0.30115637,0.2966596,0.38470227,0.3270788,0.516056,0.56797296,0.0072605335,0.36884266,0.25005245,0.7417931,0.5561712,0.24525504,0.24414045,0.55397165,0.55460787,0.90983295,0.29295883,0.93949246,0.27505252,0.6257469,0.5549031,0.23014565,-0.0048598116,-0.058360137
0.031521384,0.029851576,0.01639089,0.016840452,0.99344987,0.9929436,0.1807269,0.17160842,0.3011564,0.2966596,0.38470218,0.32707885,0.516056,0.567973,0.0072605293,0.36884266,0.25005245,0.74179316,0.5561712,0.24525501,0.24414042,0.55397165,0.55460787,0.90983295,0.29295883,0.93949246,0.27505252,0.6257469,0.5549032,0.23014562,-0.0048598116,-0.058360152
0.031521384,0.029851576,0.016390905,0.01684046,0.99344987,0.9929436,0.18072692,0.17160843,0.30115637,0.2966596,0.38470212,0.32707888,0.516056,0.567973,0.0072605335,0.36884266,0.25005245,0.7417931,0.55617124,0.24525501,0.24414042,0.55397165,0.55460787,0.90983295,0.29295883,0.93949246,0.27505246,0.6257469,0.5549032,0.23014562,-0.0048598414,-0.05836018
0.031521384,0.029851576,0.016390897,0.016840452,0.99344987,0.9929436,0.1807269,0.17160843,0.30115637,0.2966596,0.38470215,0.32707888,0.516056,0.5679729,0.0072605293,0.36884266,0.25005242,0.74179316,0.5561712,0.24525501,0.24414042,0.55397165,0.55460787,0.90983295,0.29295883,0.93949246,0.27505252,0.6257469,0.5549032,0.23014562,-0.004859901,-0.058360137
0.031521384,0.029851569,0.016390897,0.016840445,0.99344987,0.9929436,0.1807269,0.17160843,0.30115637,0.2966596,0.38470218,0.32707888,0.51605594,0.567973,0.0072605335,0.36884266,0.25005245,0.7417931,0.5561712,0.24525501,0.24414045,0.55397165,0.55460787,0.90983295,0.29295883,0.93949246,0.27505252,0.6257469,0.5549032,0.23014562,-0.004859871,-0.05836018
0.031521384,0.029851569,0.016390897,0.016840445,0.99344987,0.9929436,0.1807269,0.1716084,0.30115637,0.2966596,0.38470218,0.32707888,0.51605594,0.5679729,0.0072605293,0.36884266,0.25005242,0.7417931,0.5561712,0.24525501,0.24414045,0.55397165,0.55460787,0.90983295,0.29295883,0.93949246,0.27505252,0.6257469,0.55490327,0.23014562,-0.004859871,-0.05836016
0.031521384,0.029851569,0.016390897,0.016840445,0.99344987,0.9929436,0.1807269,0.17160842,0.30115637,0.2966596,0.38470218,0.32707885,0.516056,0.56797296,0.0072605293,0.36884266,0.25005242,0.7417931,0.55617124,0.24525501,0.24414045,0.55397165,0.55460787,0.90983295,0.29295883,0.93949246,0.27505252,0.6257469,0.5549032,0.23014562,-0.004859871,-0.05836018
0.031521384,0.029851576,0.016390897,0.016840445,0.99344987,0.9929436,0.1807269,0.17160842,0.30115637,0.2966596,0.38470232,0.32707876,0.516056,0.567973,0.007260526,0.36884266,0.25005245,0.7417931,0.5561712,0.24525501,0.24414045,0.55397165,0.55460787,0.90983295,0.29295883,0.93949246,0.27505252,0.6257469,0.5549032,0.2301456,-0.0048598414,-0.058360167
0.031521384,0.029851569,0.016390897,0.016840452,0.99344987,0.9929436,0.1807269,0.1716084,0.30115637,0.2966596,0.38470232,0.32707873,0.516056,0.5679729,0.007260526,0.36884266,0.25005242,0.7417931,0.5561712,0.24525501,0.24414042,0.55397165,0.55460787,0.90983295,0.29295886,0.93949246,0.27505252,0.6257469,0.5549032,0.23014574,-0.0048598414,-0.058360167
0.031521384,0.029851576,0.01639089,0.016840452,0.99344987,0.9929436,0.1807269,0.1716084,0.30115637,0.29665962,0.3847023,0.32707876,0.516056,0.5679729,0.0072605293,0.36884266,0.25005245,0.7417931,0.55617124,0.24525504,0.24414045,0.55397165,0.55460787,0.90983295,0.29295883,0.93949246,0.27505252,0.62574685,0.5549032,0.23014565,-0.0048598414,-0.05836016
0.031521384,0.029851576,0.016390905,0.016840452,0.99344987,0.9929436,0.1807269,0.1716084,0.30115637,0.29665956,0.38470227,0.32707882,0.51605594,0.5679729,0.0072605335,0.36884266,0.25005245,0.7417931,0.55617124,0.24525501,0.24414045,0.55397165,0.55460787,0.90983295,0.29295883,0.93949234,0.27505252,0.62574685,0.5549032,0.23014571,-0.0048598414,-0.058360167
0.031521384,0.029851569,0.016390897,0.016840452,0.99344987,0.9929436,0.18072692,0.17160842,0.30115637,0.2966596,0.38470227,0.32707882,0.5160559,0.5679729,0.0072605335,0.36884266,0.25005245,0.7417931,0.5561712,0.24525501,0.24414045,0.55397165,0.55460787,0.90983295,0.29295883,0.93949234,0.27505252,0.6257469,0.55490327,0.23014571,-0.004859871,-0.05836018
0.031521384,0.029851561,0.016390897,0.016840452,0.99344987,0.9929436,0.1807269,0.17160842,0.30115637,0.2966596,0.38470227,0.3270788,0.5160559,0.5679729,0.0072605335,0.36884266,0.25005245,0.74179316,0.5561712,0.24525501,0.24414045,0.55397165,0.55460787,0.90983295,0.29295883,0.93949246,0.27505252,0.6257469,0.5549032,0.23014574,-0.004859931,-0.058360137
0.031521384,0.029851561,0.016390897,0.016840445,0.99344987,0.9929436,0.1807269,0.1716084,0.30115637,0.2966596,0.38470232,0.32707876,0.51605594,0.567973,0.007260526,0.36884266,0.25005242,0.7417931,0.5561712,0.24525501,0.24414045,0.55397165,0.55460787,0.90983295,0.29295883,0.93949246,0.2750525,0.62574685,0.5549032,0.23014568,-0.0048598414,-0.058360122
0.031521384,0.029851576,0.016390897,0.016840452,0.99344987,0.9929436,0.1807269,0.17160842,0.30115637,0.29665956,0.38470227,0.32707882,0.51605594,0.56797296,0.0072605335,0.36884263,0.25005245,0.7417931,0.5561712,0.24525504,0.24414045,0.55397165,0.55460787,0.90983295,0.29295883,0.93949246,0.27505252,0.62574685,0.5549032,0.23014574,-0.004859931,-0.058360092
0.031521384,0.029851569,0.016390897,0.016840452,0.99344987,0.9929436,0.1807269,0.17160842,0.30115637,0.29665956,0.38470218,0.32707885,0.516056,0.567973,0.0072605293,0.36884266,0.25005242,0.7417931,0.5561712,0.24525501,0.24414042,0.55397165,0.55460787,0.90983295,0.29295883,0.93949246,0.27505252,0.6257469,0.5549032,0.23014574,-0.004859931,-0.058360137
0.031521384,0.029851576,0.016390897,0.016840445,0.99344987,0.9929436,0.1807269,0.17160843,0.30115637,0.29665956,0.38470227,0.32707885,0.51605606,0.567973,0.007260526,0.36884263,0.25005245,0.7417931,0.5561712,0.24525501,0.24414045,0.55397165,0.55460787,0.90983295,0.29295883,0.93949246,0.27505252,0.6257469,0.5549031,0.23014565,-0.0048598414,-0.058360092
0.031521384,0.029851576,0.016390905,0.016840452,0.99344987,0.9929436,0.1807269,0.17160843,0.30115637,0.2966596,0.38470218,0.32707885,0.516056,0.567973,0.0072605293,0.36884263,0.25005245,0.7417931,0.55617124,0.24525501,0.24414042,0.55397165,0.55460787,0.9098331,0.29295883,0.93949246,0.2750525,0.6257469,0.5549031,0.23014571,-0.0048598414,-0.058360077
0.031521384,0.029851569,0.016390905,0.016840445,0.99344987,0.9929436,0.1807269,0.17160843,0.30115637,0.2966596,0.38470227,0.32707882,0.516056,0.56797296,0.0072605293,0.36884263,0.25005245,0.7417931,0.5561712,0.24525501,0.24414042,0.55397165,0.55460787,0.90983295,0.29295883,0.93949246,0.27505252,0.6257469,0.55490315,0.23014568,-0.004859871,-0.058360107
0.031521384,0.029851569,0.016390905,0.01684046,0.99344987,0.9929436,0.1807269,0.17160843,0.30115634,0.2966596,0.3847022,0.32707885,0.51605594,0.56797296,0.0072605293,0.36884266,0.25005245,0.7417931,0.55617124,0.24525501,0.24414042,0.55397165,0.55460787,0.90983295,0.29295883,0.93949246,0.27505252,0.6257469,0.5549032,0.23014571,-0.0048598414,-0.0583601
0.031521384,0.029851569,0.016390897,0.016840452,0.99344987,0.9929436,0.1807269,0.17160842,0.3011564,0.2966596,0.38470227,0.32707882,0.51605594,0.5679729,0.0072605293,0.36884266,0.25005245,0.7417931,0.5561712,0.24525501,0.24414042,0.55397165,0.55460787,0.90983295,0.29295883,0.93949246,0.27505252,0.62574685,0.5549032,0.23014568,-0.004859901,-0.058360137
0.031521384,0.029851561,0.016390897,0.016840452,0.99344987,0.9929436,0.18072692,0.17160842,0.30115637,0.2966596,0.38470227,0.32707882,0.5160559,0.5679729,0.0072605293,0.36884266,0.25005245,0.7417931,0.5561712,0.24525501,0.24414045,0.55397165,0.55460787,0.90983295,0.29295883,0.93949234,0.27505252,0.62574685,0.55490327,0.23014565,-0.004859871,-0.058360137
0.031521384,0.029851576,0.016390905,0.016840452,0.99344987,0.9929436,0.18072693,0.17160843,0.30115637,0.2966596,0.3847022,0.32707885,0.5160559,0.5679729,0.0072605335,0.36884266,0.25005245,0.7417931,0.5561712,0.24525501,0.24414045,0.55397165,0.55460787,0.90983295,0.29295886,0.93949234,0.27505255,0.62574685,0.55490327,0.23014571,-0.0048598414,-0.058360152
0.031521384,0.029851576,0.016390905,0.016840452,0.99344987,0.9929436,0.18072692,0.17160843,0.30115637,0.29665956,0.3847022,0.32707885,0.516056,0.56797296,0.0072605335,0.36884266,0.25005245,0.7417931,0.5561712,0.24525504,0.24414045,0.55397165,0.55460787,0.90983295,0.29295883,0.93949246,0.2750525,0.6257469,0.5549032,0.23014568,-0.0048598414,-0.058360137
0.031521384,0.029851576,0.016390897,0.016840445,0.99344987,0.9929436,0.18072693,0.17160842,0.30115637,0.29665956,0.38470227,0.3270788,0.51605594,0.567973,0.0072605293,0.36884266,0.25005245,0.7417931,0.5561712,0.24525504,0.24414045,0.55397165,0.55460787,0.90983295,0.29295883,0.93949246,0.27505252,0.62574685,0.5549032,0.23014565,-0.0048598414,-0.05836018
0.031521384,0.029851569,0.016390905,0.016840445,0.99344987,0.9929436,0.18072692,0.17160843,0.30115634,0.29665956,0.3847022,0.32707885,0.51605594,0.56797296,0.0072605293,0.36884266,0.25005242,0.7417931,0.5561712,0.24525501,0.24414042,0.55397165,0.55460787,0.90983295,0.29295883,0.93949246,0.27505252,0.62574685,0.55490327,0.23014568,-0.0048598414,-0.058360115
0.031521384,0.029851576,0.016390905,0.016840452,0.99344987,0.9929436,0.18072692,0.17160843,0.30115637,0.29665956,0.3847022,0.32707885,0.516056,0.567973,0.0072605293,0.36884263,0.25005245,0.7417931,0.5561712,0.24525504,0.24414045,0.5539717,0.55460787,0.90983295,0.29295883,0.93949246,0.27505252,0.6257469,0.5549032,0.23014568,-0.0048598414,-0.058360174
0.031521384,0.029851569,0.016390897,0.016840452,0.99344987,0.9929436,0.1807269,0.17160842,0.30115637,0.2966596,0.38470215,0.32707888,0.51605594,0.56797296,0.0072605293,0.36884263,0.25005245,0.7417931,0.5561712,0.24525501,0.24414042,0.55397165,0.55460787,0.90983295,0.29295883,0.93949246,0.2750525,0.6257469,0.5549032,0.23014574,-0.0048598414,-0.058360167
0.031521384,0.029851576,0.016390897,0.016840452,0.99344987,0.9929436,0.18072692,0.17160843,0.3011564,0.29665956,0.38470227,0.32707882,0.516056,0.567973,0.007260526,0.36884266,0.25005245,0.7417931,0.5561712,0.24525501,0.24414045,0.5539717,0.55460787,0.90983295,0.29295883,0.93949246,0.27505252,0.6257469,0.5549031,0.23014565,-0.0048598414,-0.058360137
0.031521384,0.029851576,0.016390905,0.016840452,0.99344987,0.9929436,0.1807269,0.17160842,0.30115637,0.2966596,0.38470227,0.32707882,0.516056,0.567973,0.0072605293,0.36884266,0.25005245,0.7417931,0.5561712,0.24525501,0.24414045,0.55397165,0.55460787,0.90983295,0.29295883,0.93949246,0.27505252,0.6257469,0.55490315,0.23014571,-0.0048598116,-0.058360137
0.031521384,0.029851576,0.016390897,0.016840452,0.99344987,0.9929436,0.18072693,0.17160843,0.30115637,0.2966596,0.38470227,0.32707882,0.51605594,0.5679729,0.0072605293,0.36884266,0.25005242,0.74179316,0.5561712,0.24525501,0.24414045,0.55397165,0.55460787,0.90983295,0.29295883,0.93949246,0.27505252,0.6257469,0.5549032,0.23014574,-0.0048598116,-0.058360167
0.031521384,0.029851569,0.016390897,0.016840452,0.99344987,0.9929436,0.1807269,0.17160843,0.30115637,0.29665956,0.3847023,0.32707876,0.5160559,0.5679729,0.0072605293,0.36884266,0.25005242,0.7417931,0.5561712,0.24525501,0.24414042,0.55397165,0.55460787,0.90983295,0.29295886,0.93949234,0.27505255,0.6257469,0.5549032,0.23014568,-0.0048598414,-0.05836013
0.031521384,0.029851576,0.016390897,0.016840452,0.99344987,0.9929436,0.18072692,0.17160843,0.30115637,0.2966596,0.3847023,0.32707876,0.5160559,0.5679729,0.0072605335,0.36884266,0.25005245,0.7417931,0.5561712,0.24525501,0.24414042,0.55397165,0.55460787,0.90983295,0.29295886,0.93949234,0.27505255,0.62574685,0.5549032,0.23014568,-0.0048598116,-0.05836007
0.031521384,0.029851569,0.016390905,0.016840452,0.99344987,0.9929436,0.18072693,0.17160842,0.30115637,0.2966596,0.38470227,0.3270788,0.5160559,0.5679729,0.0072605335,0.36884266,0.25005245,0.7417931,0.5561712,0.24525504,0.24414045,0.55397165,0.55460787,0.90983295,0.29295886,0.93949234,0.27505255,0.62574685,0.5549032,0.23014571,-0.004859782,-0.058360092
0.031521384,0.029851576,0.016390905,0.016840452,0.99344987,0.9929436,0.18072692,0.17160843,0.30115637,0.29665956,0.38470218,0.32707885,0.51605594,0.5679729,0.0072605335,0.36884266,0.25005245,0.7417931,0.5561712,0.24525504,0.24414045,0.55397165,0.55460787,0.90983295,0.29295883,0.93949246,0.2750525,0.62574685,0.5549032,0.23014574,-0.004859782,-0.058360167
0.031521384,0.029851569,0.016390897,0.016840452,0.99344987,0.9929436,0.1807269,0.17160843,0.30115637,0.2966596,0.38470218,0.32707888,0.51605594,0.5679729,0.0072605293,0.36884266,0.25005245,0.7417931,0.5561712,0.24525501,0.24414045,0.55397165,0.55460787,0.90983295,0.29295883,0.93949246,0.27505252,0.62574685,0.5549032,0.23014574,-0.004859871,-0.058360137
0.031521384,0.029851576,0.016390897,0.016840452,0.99344987,0.9929436,0.1807269,0.17160842,0.30115637,0.2966596,0.38470218,0.32707885,0.51605594,0.5679729,0.0072605335,0.36884266,0.25005245,0.74179316,0.5561712,0.24525501,0.24414045,0.55397165,0.55460787,0.90983295,0.29295883,0.93949246,0.27505252,0.6257469,0.5549032,0.23014571,-0.0048598414,-0.058360167
0.031521384,0.029851576,0.016390897,0.016840452,0.99344987,0.9929436,0.1807269,0.1716084,0.30115637,0.29665956,0.38470218,0.32707888,0.51605594,0.5679729,0.0072605335,0.36884266,0.25005242,0.74179316,0.5561712,0.24525501,0.24414045,0.55397165,0.55460787,0.90983295,0.29295883,0.93949246,0.27505252,0.6257469,0.5549032,0.23014574,-0.0048598116,-0.05836021
0.031521376,0.029851576,0.016390897,0.016840452,0.99344987,0.9929436,0.1807269,0.17160843,0.30115637,0.29665956,0.38470215,0.32707888,0.5160559,0.5679729,0.0072605293,0.36884266,0.25005245,0.74179316,0.5561712,0.24525501,0.24414042,0.55397165,0.55460787,0.90983295,0.29295883,0.93949246,0.27505252,0.6257469,0.5549032,0.23014568,-0.0048598414,-0.058360122
0.031521384,0.029851576,0.016390897,0.016840445,0.99344987,0.9929436,0.18072692,0.17160843,0.30115637,0.29665956,0.38470218,0.32707885,0.51605594,0.5679729,0.0072605335,0.36884266,0.25005242,0.7417931,0.5561712,0.24525501,0.24414042,0.55397165,0.55460787,0.90983295,0.29295883,0.93949246,0.27505252,0.6257469,0.55490315,0.23014562,-0.004859871,-0.058360122
0.031521384,0.029851576,0.016390897,0.016840445,0.99344987,0.9929436,0.1807269,0.17160842,0.30115637,0.2966596,0.38470227,0.32707882,0.51605594,0.567973,0.007260526,0.36884266,0.25005245,0.7417931,0.5561712,0.24525501,0.24414045,0.5539717,0.55460787,0.90983295,0.29295883,0.93949246,0.27505252,0.62574697,0.5549031,0.2301456,-0.0048598414,-0.058360077
0.031521384,0.029851576,0.016390897,0.016840445,0.99344987,0.9929436,0.18072693,0.17160843,0.3011564,0.2966596,0.38470227,0.32707882,0.516056,0.5679729,0.007260526,0.36884266,0.25005242,0.7417931,0.5561712,0.24525501,0.24414042,0.5539717,0.55460787,0.90983295,0.29295883,0.93949246,0.27505255,0.62574697,0.55490303,0.23014562,-0.0048598116,-0.058360077
0.031521384,0.029851576,0.016390897,0.016840452,0.99344987,0.9929436,0.1807269,0.17160843,0.30115643,0.2966596,0.3847023,0.32707876,0.51605594,0.5679729,0.007260526,0.36884266,0.25005242,0.7417931,0.55617124,0.24525501,0.24414045,0.55397165,0.55460787,0.90983295,0.29295883,0.93949246,0.27505255,0.6257469,0.5549031,0.23014562,-0.0048598414,-0.058360003
0.031521384,0.029851576,0.016390897,0.016840452,0.99344987,0.9929436,0.1807269,0.17160842,0.30115643,0.29665962,0.38470235,0.32707873,0.51605594,0.5679729,0.0072605293,0.36884266,0.25005245,0.7417931,0.55617124,0.24525507,0.24414045,0.55397165,0.55460787,0.90983295,0.29295886,0.93949234,0.27505255,0.62574685,0.55490315,0.23014562,-0.004859782,-0.058360077
0.031521384,0.029851576,0.016390905,0.016840452,0.99344987,0.9929436,0.1807269,0.17160842,0.30115637,0.2966596,0.3847023,0.3270788,0.51605594,0.5679729,0.0072605293,0.36884266,0.25005245,0.7417931,0.5561712,0.24525501,0.24414045,0.55397165,0.55460787,0.90983295,0.29295883,0.93949234,0.27505252,0.6257469,0.5549032,0.23014565,-0.0048598116,-0.058360077
0.031521384,0.029851576,0.016390905,0.016840445,0.99344987,0.9929436,0.1807269,0.17160842,0.3011564,0.29665962,0.3847023,0.32707876,0.516056,0.56797296,0.0072605335,0.36884266,0.25005242,0.74179316,0.5561712,0.24525501,0.24414045,0.55397165,0.55460787,0.90983295,0.29295883,0.93949246,0.27505252,0.6257469,0.55490315,0.23014565,-0.0048598414,-0.058360063
0.031521384,0.029851576,0.016390905,0.016840452,0.99344987,0.9929436,0.1807269,0.17160842,0.30115643,0.29665962,0.38470227,0.32707876,0.51605594,0.5679729,0.0072605293,0.36884266,0.25005245,0.74179316,0.55617124,0.24525501,0.24414042,0.55397165,0.55460787,0.90983295,0.29295883,0.93949246,0.27505255,0.6257469,0.5549031,0.23014568,-0.0048598116,-0.058360048
0.031521384,0.029851576,0.016390897,0.016840452,0.99344987,0.9929436,0.1807269,0.17160843,0.3011564,0.2966596,0.38470227,0.3270788,0.5160559,0.5679729,0.0072605335,0.36884266,0.25005245,0.7417931,0.5561712,0.24525507,0.24414045,0.55397165,0.55460787,0.90983295,0.29295886,0.93949234,0.27505255,0.6257469,0.5549032,0.23014562,-0.0048598414,-0.058360107
0.031521384,0.029851569,0.016390897,0.016840452,0.99344987,0.9929436,0.1807269,0.17160842,0.30115637,0.2966596,0.38470218,0.32707885,0.5160559,0.5679729,0.0072605335,0.36884266,0.25005245,0.74179316,0.55617124,0.24525501,0.24414045,0.55397165,0.55460787,0.90983295,0.29295883,0.93949234,0.27505252,0.6257469,0.55490327,0.23014565,-0.0048598414,-0.058360107
0.031521384,0.029851576,0.016390905,0.016840452,0.99344987,0.9929436,0.1807269,0.17160843,0.30115637,0.2966596,0.3847022,0.32707885,0.516056,0.567973,0.0072605293,0.36884266,0.25005245,0.7417931,0.5561712,0.24525501,0.24414042,0.55397165,0.55460787,0.90983295,0.29295883,0.93949246,0.27505252,0.6257469,0.5549031,0.23014562,-0.004859871,-0.058360055
0.031521384,0.029851576,0.016390897,0.016840445,0.99344987,0.9929436,0.18072692,0.17160843,0.3011564,0.2966596,0.3847022,0.32707885,0.516056,0.56797296,0.0072605293,0.36884266,0.25005245,0.7417931,0.55617124,0.24525501,0.24414045,0.55397165,0.55460787,0.90983295,0.29295883,0.93949246,0.27505255,0.6257469,0.5549032,0.2301456,-0.004859901,-0.058360077
0.031521384,0.029851576,0.016390897,0.016840452,0.99344987,0.9929436,0.1807269,0.17160843,0.30115643,0.2966596,0.38470218,0.32707885,0.516056,0.567973,0.0072605293,0.36884266,0.25005245,0.7417931,0.5561712,0.24525504,0.24414045,0.55397165,0.55460787,0.90983295,0.29295883,0.93949246,0.27505252,0.6257469,0.5549032,0.23014562,-0.004859871,-0.058360107
0.031521384,0.029851569,0.016390897,0.016840445,0.99344987,0.9929436,0.18072692,0.17160843,0.3011564,0.2966596,0.38470218,0.32707888,0.51605594,0.56797296,0.0072605335,0.36884266,0.25005245,0.74179316,0.5561712,0.24525501,0.24414045,0.55397165,0.55460787,0.90983295,0.29295883,0.93949246,0.27505252,0.6257469,0.5549032,0.23014565,-0.0048598414,-0.058360152
0.031521384,0.029851576,0.016390897,0.016840452,0.99344987,0.9929436,0.1807269,0.17160843,0.30115637,0.2966596,0.38470218,0.32707888,0.51605594,0.56797296,0.0072605335,0.36884266,0.25005245,0.74179316,0.55617124,0.24525501,0.24414045,0.5539717,0.55460787,0.90983295,0.29295883,0.93949246,0.27505252,0.6257469,0.5549032,0.23014562,-0.004859871,-0.05836013
0.031521384,0.029851569,0.016390897,0.016840445,0.99344987,0.9929436,0.1807269,0.17160842,0.3011564,0.2966596,0.38470227,0.32707882,0.516056,0.567973,0.007260526,0.36884266,0.25005245,0.7417931,0.5561712,0.24525501,0.24414042,0.55397165,0.55460787,0.90983295,0.29295883,0.93949246,0.27505252,0.6257469,0.5549032,0.2301456,-0.004859931,-0.058360152
0.031521384,0.029851569,0.016390897,0.016840445,0.99344987,0.9929436,0.1807269,0.1716084,0.3011564,0.2966596,0.38470232,0.32707873,0.516056,0.56797296,0.0072605293,0.36884266,0.25005242,0.7417931,0.5561712,0.24525501,0.24414042,0.55397165,0.55460787,0.90983295,0.29295883,0.93949234,0.27505252,0.6257469,0.5549032,0.23014565,-0.004859871,-0.058360092
0.031521384,0.029851561,0.016390897,0.016840445,0.99344987,0.9929436,0.1807269,0.17160842,0.30115637,0.29665962,0.3847023,0.32707876,0.516056,0.567973,0.0072605293,0.36884263,0.25005245,0.7417931,0.5561712,0.24525504,0.24414045,0.55397165,0.55460787,0.90983295,0.29295883,0.93949234,0.27505255,0.62574685,0.5549032,0.23014571,-0.0048598414,-0.058360107
0.031521384,0.029851569,0.016390897,0.016840452,0.99344987,0.9929436,0.18072692,0.17160843,0.30115637,0.2966596,0.38470227,0.32707882,0.51605594,0.5679729,0.0072605335,0.36884266,0.25005245,0.74179316,0.5561712,0.24525501,0.24414045,0.55397165,0.55460787,0.90983295,0.29295886,0.93949246,0.27505255,0.62574685,0.5549032,0.23014571,-0.0048598414,-0.058360063
0.031521384,0.029851569,0.016390897,0.016840452,0.99344987,0.9929436,0.1807269,0.17160843,0.30115637,0.2966596,0.38470227,0.32707876,0.5160559,0.5679729,0.0072605335,0.36884266,0.25005245,0.74179316,0.5561712,0.24525504,0.24414045,0.55397165,0.55460787,0.90983295,0.29295886,0.93949234,0.27505252,0.62574685,0.5549032,0.23014568,-0.0048598116,-0.058360048
0.031521384,0.029851569,0.016390905,0.016840452,0.99344987,0.9929436,0.18072692,0.17160842,0.30115637,0.2966596,0.38470218,0.32707885,0.51605594,0.5679729,0.0072605335,0.36884266,0.25005245,0.7417931,0.55617124,0.24525507,0.24414045,0.55397165,0.55460787,0.90983295,0.29295883,0.93949246,0.27505252,0.6257469,0.5549031,0.23014571,-0.0048598414,-0.05836013
0.031521384,0.029851569,0.016390905,0.016840445,0.99344987,0.9929436,0.18072692,0.17160842,0.30115637,0.2966596,0.38470227,0.32707876,0.516056,0.567973,0.0072605293,0.36884266,0.25005242,0.7417931,0.55617124,0.24525504,0.24414045,0.55397165,0.55460787,0.90983295,0.29295883,0.93949246,0.27505252,0.6257469,0.5549031,0.23014568,-0.004859782,-0.058360018
0.031521384,0.029851576,0.016390905,0.016840452,0.99344987,0.9929436,0.18072693,0.17160843,0.30115637,0.2966596,0.38470227,0.32707882,0.516056,0.567973,0.007260526,0.36884266,0.25005242,0.7417931,0.55617124,0.24525501,0.24414045,0.55397165,0.55460787,0.90983295,0.29295883,0.93949246,0.27505255,0.6257469,0.55490303,0.23014565,-0.0048598414,-0.058359966
0.031521384,0.029851576,0.016390905,0.016840445,0.99344987,0.9929436,0.18072693,0.17160843,0.30115637,0.2966596,0.38470227,0.3270788,0.51605594,0.567973,0.0072605293,0.36884263,0.25005242,0.7417931,0.55617124,0.24525504,0.24414045,0.55397165,0.55460787,0.90983295,0.29295883,0.93949246,0.27505255,0.6257469,0.55490303,0.23014565,-0.0048598116,-0.058359988
0.031521384,0.029851576,0.016390905,0.016840452,0.99344987,0.9929436,0.18072692,0.17160843,0.3011564,0.2966596,0.38470227,0.3270788,0.51605594,0.5679729,0.007260526,0.36884266,0.25005245,0.74179316,0.55617124,0.24525501,0.24414045,0.55397165,0.55460787,0.90983295,0.29295883,0.93949246,0.27505255,0.6257469,0.5549031,0.23014565,-0.004859871,-0.058359988
0.031521384,0.029851561,0.01639089,0.016840445,0.99344987,0.9929436,0.1807269,0.17160842,0.30115637,0.2966596,0.38470218,0.32707882,0.5160559,0.5679729,0.0072605335,0.36884266,0.25005245,0.7417931,0.5561712,0.24525501,0.24414045,0.55397165,0.55460787,0.90983295,0.29295886,0.93949246,0.27505252,0.62574685,0.5549032,0.23014568,-0.0048598414,-0.058360092
0.03152139,0.029851569,0.016390897,0.016840452,0.99344987,0.9929436,0.18072692,0.17160842,0.30115637,0.2966596,0.38470218,0.32707885,0.516056,0.5679729,0.0072605335,0.36884266,0.25005242,0.7417931,0.5561712,0.24525501,0.24414042,0.55397165,0.55460787,0.90983295,0.29295883,0.93949234,0.27505255,0.62574685,0.5549032,0.23014568,-0.0048598116,-0.058360107
0.031521384,0.029851569,0.016390897,0.016840452,0.99344987,0.9929436,0.18072692,0.17160843,0.30115637,0.2966596,0.38470215,0.32707888,0.5160559,0.5679729,0.0072605335,0.36884266,0.25005245,0.7417931,0.55617124,0.24525501,0.24414042,0.55397165,0.55460787,0.90983295,0.29295883,0.93949234,0.27505252,0.6257469,0.55490327,0.23014565,-0.0048598414,-0.058360144
0.031521384,0.029851576,0.016390905,0.016840452,0.99344987,0.9929436,0.1807269,0.17160842,0.30115637,0.2966596,0.38470218,0.32707888,0.516056,0.567973,0.0072605293,0.36884263,0.25005245,0.7417931,0.55617124,0.24525501,0.24414042,0.55397165,0.55460787,0.9098331,0.29295883,0.93949246,0.2750525,0.6257469,0.5549032,0.23014568,-0.004859901,-0.058360137
0.031521384,0.029851569,0.01639089,0.016840445,0.99344987,0.9929436,0.1807269,0.17160842,0.30115637,0.2966596,0.38470227,0.32707882,0.51605606,0.567973,0.007260526,0.36884266,0.25005242,0.7417931,0.5561712,0.24525501,0.24414042,0.55397165,0.55460787,0.90983295,0.29295883,0.93949246,0.2750525,0.6257469,0.5549032,0.23014565,-0.0048598414,-0.058360152
0.031521384,0.029851576,0.016390905,0.016840445,0.99344987,0.9929436,0.18072692,0.17160843,0.30115637,0.2966596,0.3847022,0.32707885,0.516056,0.567973,0.0072605293,0.36884263,0.25005245,0.7417931,0.5561712,0.24525501,0.24414045,0.55397165,0.55460787,0.9098331,0.29295883,0.93949246,0.2750525,0.6257469,0.5549032,0.23014562,-0.004859871,-0.058360167
0.031521384,0.029851569,0.016390897,0.016840445,0.99344987,0.9929436,0.1807269,0.17160843,0.30115637,0.2966596,0.38470218,0.32707888,0.51605594,0.567973,0.0072605293,0.36884263,0.25005242,0.74179316,0.55617124,0.24525501,0.24414042,0.55397165,0.55460787,0.90983295,0.29295883,0.93949246,0.27505252,0.6257469,0.5549032,0.2301456,-0.004859871,-0.058360167
0.031521384,0.029851569,0.016390897,0.016840445,0.99344987,0.9929436,0.1807269,0.17160842,0.30115637,0.2966596,0.38470227,0.32707882,0.516056,0.56797296,0.0072605293,0.36884266,0.25005242,0.7417931,0.5561712,0.24525501,0.24414045,0.55397165,0.55460787,0.90983295,0.29295883,0.93949246,0.27505252,0.62574685,0.55490327,0.2301456,-0.0048598414,-0.05836018
0.031521384,0.029851569,0.01639089,0.016840452,0.99344987,0.9929436,0.1807269,0.17160842,0.30115637,0.2966596,0.38470218,0.32707885,0.5160559,0.5679729,0.0072605335,0.36884266,0.25005248,0.7417931,0.5561712,0.24525507,0.24414042,0.55397165,0.55460787,0.90983295,0.29295883,0.93949246,0.27505252,0.62574685,0.5549033,0.23014565,-0.004859901,-0.05836018
0.031521384,0.029851569,0.016390897,0.016840452,0.99344987,0.9929436,0.1807269,0.17160843,0.30115634,0.29665956,0.38470227,0.32707882,0.51605594,0.5679729,0.0072605293,0.36884266,0.25005242,0.74179316,0.5561712,0.24525501,0.24414045,0.55397165,0.55460787,0.90983295,0.29295883,0.93949246,0.27505252,0.6257469,0.55490327,0.23014568,-0.0048598414,-0.05836019
0.031521384,0.029851576,0.01639089,0.016840452,0.99344987,0.9929436,0.1807269,0.17160842,0.30115637,0.2966596,0.3847023,0.3270788,0.516056,0.5679729,0.0072605335,0.36884266,0.25005245,0.7417931,0.5561712,0.24525507,0.24414045,0.55397165,0.55460787,0.90983295,0.29295883,0.93949246,0.27505255,0.62574685,0.55490327,0.23014565,-0.0048598116,-0.0583601
0.031521384,0.029851569,0.016390905,0.016840452,0.99344987,0.9929436,0.1807269,0.17160843,0.30115637,0.2966596,0.38470227,0.3270788,0.516056,0.567973,0.007260526,0.36884263,0.25005245,0.7417931,0.55617124,0.24525504,0.24414045,0.55397165,0.55460787,0.90983295,0.29295883,0.93949246,0.27505252,0.6257469,0.5549032,0.23014568,-0.004859782,-0.058360077
0.031521384,0.029851569,0.016390905,0.016840452,0.99344987,0.9929436,0.1807269,0.17160843,0.30115637,0.29665956,0.38470227,0.3270788,0.516056,0.56797296,0.007260526,0.36884266,0.25005245,0.7417931,0.5561712,0.24525501,0.24414045,0.55397165,0.55460787,0.90983295,0.29295883,0.93949246,0.27505252,0.6257469,0.5549031,0.23014568,-0.004859782,-0.058360092
0.031521384,0.029851576,0.016390905,0.01684046,0.99344987,0.9929436,0.18072692,0.17160843,0.30115637,0.29665956,0.38470227,0.3270788,0.516056,0.567973,0.0072605293,0.36884263,0.25005245,0.7417931,0.5561712,0.24525501,0.24414042,0.55397165,0.55460787,0.90983295,0.29295883,0.93949246,0.2750525,0.62574685,0.55490315,0.23014574,-0.004859752,-0.058360077
0.031521384,0.029851576,0.016390905,0.016840452,0.99344987,0.9929436,0.1807269,0.1716084,0.30115637,0.2966596,0.38470227,0.3270788,0.516056,0.5679729,0.0072605293,0.36884266,0.25005245,0.7417931,0.5561712,0.24525501,0.24414042,0.55397165,0.55460787,0.90983295,0.29295883,0.93949246,0.27505252,0.6257469,0.5549031,0.23014568,-0.004859752,-0.058360092
0.031521384,0.029851576,0.016390905,0.01684046,0.99344987,0.9929436,0.1807269,0.17160843,0.30115637,0.2966596,0.38470227,0.32707882,0.516056,0.56797296,0.0072605293,0.36884266,0.25005245,0.7417931,0.55617124,0.24525501,0.24414042,0.55397165,0.55460787,0.90983295,0.29295883,0.93949246,0.27505252,0.6257469,0.55490315,0.23014571,-0.0048598414,-0.058360085
0.031521384,0.029851576,0.016390897,0.016840452,0.99344987,0.9929436,0.1807269,0.17160843,0.30115637,0.2966596,0.38470227,0.32707876,0.516056,0.56797296,0.007260526,0.36884266,0.25005245,0.7417931,0.55617124,0.24525504,0.24414045,0.55397165,0.55460787,0.90983295,0.29295883,0.93949246,0.27505252,0.6257469,0.5549031,0.23014562,-0.004859782,-0.058360048
0.031521384,0.029851569,0.016390905,0.016840452,0.99344987,0.9929436,0.1807269,0.17160843,0.30115637,0.2966596,0.3847022,0.32707885,0.516056,0.567973,0.0072605335,0.36884266,0.25005245,0.7417931,0.5561712,0.24525504,0.24414042,0.55397165,0.55460787,0.90983295,0.29295883,0.93949246,0.27505252,0.6257469,0.5549031,0.23014565,-0.004859782,-0.058360063
0.031521384,0.029851576,0.016390897,0.01684046,0.99344987,0.9929436,0.18072692,0.17160843,0.3011564,0.2966596,0.38470227,0.32707882,0.516056,0.567973,0.007260526,0.36884263,0.25005242,0.7417931,0.5561712,0.24525501,0.24414045,0.55397165,0.55460787,0.9098331,0.29295883,0.93949246,0.27505252,0.6257469,0.5549031,0.23014562,-0.0048598116,-0.058360048
0.031521384,0.029851569,0.01639089,0.016840445,0.99344987,0.9929436,0.1807269,0.17160843,0.3011564,0.2966596,0.38470227,0.3270788,0.51605606,0.5679731,0.007260526,0.36884263,0.25005245,0.7417931,0.5561712,0.24525504,0.24414042,0.55397165,0.55460787,0.90983295,0.2929588,0.93949246,0.2750525,0.6257469,0.55490315,0.2301456,-0.0048598116,-0.0583601
0.031521384,0.029851576,0.016390897,0.016840445,0.99344987,0.9929436,0.1807269,0.17160843,0.3011564,0.2966596,0.38470227,0.32707882,0.516056,0.567973,0.0072605293,0.36884266,0.25005245,0.7417931,0.5561712,0.24525504,0.24414045,0.55397165,0.55460787,0.90983295,0.29295883,0.93949246,0.27505252,0.6257469,0.5549032,0.23014562,-0.0048598414,-0.058360063
0.031521384,0.029851576,0.016390905,0.01684046,0.99344987,0.9929436,0.18072692,0.17160843,0.30115637,0.2966596,0.38470218,0.32707885,0.516056,0.567973,0.0072605293,0.36884266,0.25005245,0.7417931,0.55617124,0.24525501,0.24414042,0.5539717,0.55460787,0.9098331,0.29295883,0.93949246,0.2750525,0.62574685,0.5549032,0.23014568,-0.004859782,-0.058360077
0.031521384,0.029851576,0.016390905,0.016840452,0.99344987,0.9929436,0.18072692,0.17160843,0.3011564,0.2966596,0.38470218,0.32707885,0.51605606,0.567973,0.007260526,0.36884266,0.25005245,0.7417931,0.55617124,0.24525501,0.24414042,0.55397165,0.55460787,0.9098331,0.29295883,0.93949246,0.27505246,0.6257469,0.55490315,0.23014562,-0.0048598414,-0.058360092
0.031521384,0.029851576,0.016390905,0.016840445,0.99344987,0.9929436,0.18072692,0.17160843,0.30115637,0.2966596,0.38470227,0.32707882,0.51605606,0.567973,0.007260526,0.36884266,0.25005242,0.7417931,0.5561712,0.24525501,0.24414042,0.55397165,0.55460787,0.90983295,0.29295883,0.93949246,0.2750525,0.6257469,0.55490315,0.2301456,-0.0048598414,-0.058360092
0.031521384,0.029851576,0.016390897,0.016840445,0.99344987,0.9929436,0.1807269,0.17160843,0.30115643,0.29665962,0.38470227,0.32707882,0.51605606,0.567973,0.0072605293,0.36884263,0.25005245,0.7417931,0.5561712,0.24525504,0.24414045,0.55397165,0.55460787,0.90983295,0.29295877,0.93949246,0.2750525,0.6257469,0.55490315,0.2301456,-0.0048598116,-0.058360077
0.031521384,0.029851569,0.01639089,0.016840452,0.99344987,0.9929436,0.18072693,0.17160843,0.30115637,0.2966596,0.38470227,0.3270788,0.51605606,0.5679731,0.007260526,0.36884266,0.25005245,0.7417931,0.5561712,0.24525501,0.24414042,0.5539717,0.55460787,0.9098331,0.29295883,0.93949246,0.2750525,0.62574685,0.5549031,0.23014565,-0.0048598414,-0.05836007
0.031521384,0.029851576,0.01639089,0.016840452,0.99344987,0.9929436,0.1807269,0.17160843,0.30115637,0.2966596,0.38470232,0.32707873,0.51605606,0.567973,0.007260526,0.3688426,0.25005242,0.7417931,0.5561712,0.24525501,0.24414045,0.55397165,0.55460787,0.9098331,0.29295883,0.93949246,0.2750525,0.62574685,0.5549031,0.23014565,-0.0048598414,-0.058360115
0.031521384,0.029851569,0.01639089,0.016840445,0.99344987,0.9929436,0.1807269,0.17160842,0.30115643,0.2966596,0.3847023,0.32707876,0.516056,0.5679729,0.0072605293,0.36884266,0.25005245,0.74179316,0.5561712,0.24525501,0.24414042,0.55397165,0.55460787,0.90983295,0.29295883,0.93949246,0.2750525,0.62574685,0.55490315,0.23014565,-0.004859871,-0.058360092
0.031521384,0.029851569,0.016390897,0.016840452,0.99344987,0.9929436,0.1807269,0.1716084,0.30115643,0.29665962,0.38470227,0.3270788,0.516056,0.567973,0.007260526,0.36884266,0.25005245,0.74179316,0.5561712,0.24525504,0.24414045,0.55397165,0.55460787,0.90983295,0.29295883,0.93949246,0.27505252,0.6257469,0.5549032,0.23014565,-0.004859782,-0.058360115
0.031521384,0.029851576,0.016390905,0.016840452,0.99344987,0.9929436,0.1807269,0.17160842,0.30115637,0.2966596,0.38470218,0.32707882,0.51605594,0.56797296,0.007260526,0.36884266,0.25005245,0.74179316,0.55617124,0.24525504,0.24414045,0.55397165,0.55460787,0.9098331,0.29295883,0.93949246,0.27505252,0.62574685,0.5549032,0.23014571,-0.0048598116,-0.058360092
0.031521384,0.029851576,0.016390905,0.016840452,0.99344987,0.9929436,0.1807269,0.17160843,0.30115637,0.2966596,0.3847022,0.32707885,0.516056,0.567973,0.0072605335,0.36884266,0.25005242,0.74179316,0.55617124,0.24525501,0.24414042,0.55397165,0.55460787,0.90983295,0.29295883,0.93949246,0.27505252,0.62574685,0.5549032,0.23014565,-0.0048598116,-0.058360144
0.031521384,0.029851576,0.016390905,0.016840452,0.99344987,0.9929436,0.18072692,0.17160843,0.30115637,0.2966596,0.38470218,0.32707882,0.516056,0.567973,0.007260526,0.36884266,0.25005245,0.7417931,0.55617124,0.24525501,0.24414042,0.55397165,0.55460787,0.9098331,0.29295883,0.93949246,0.2750525,0.6257469,0.5549032,0.23014571,-0.0048598116,-0.058360115
0.031521384,0.029851576,0.016390897,0.016840452,0.99344987,0.9929436,0.18072692,0.17160843,0.30115637,0.2966596,0.38470227,0.32707882,0.516056,0.567973,0.0072605293,0.3688426,0.25005245,0.7417931,0.5561712,0.24525501,0.24414042,0.55397165,0.55460787,0.9098331,0.29295883,0.93949246,0.27505252,0.6257469,0.5549031,0.23014557,-0.004859871,-0.058360092
0.031521384,0.029851569,0.01639089,0.016840445,0.99344987,0.9929436,0.1807269,0.17160842,0.30115643,0.2966596,0.38470227,0.32707876,0.516056,0.567973,0.0072605293,0.36884266,0.25005242,0.7417931,0.5561712,0.24525501,0.24414045,0.55397165,0.55460787,0.90983295,0.29295883,0.93949246,0.27505252,0.6257469,0.5549031,0.23014554,-0.004859871,-0.058360107
0.031521384,0.029851569,0.016390897,0.016840445,0.99344987,0.9929436,0.18072692,0.17160843,0.3011564,0.2966596,0.38470227,0.3270788,0.516056,0.567973,0.0072605293,0.36884266,0.25005245,0.7417931,0.5561712,0.24525501,0.24414042,0.55397165,0.55460787,0.90983295,0.29295883,0.93949246,0.27505252,0.62574685,0.55490315,0.23014565,-0.0048598414,-0.0583601
0.031521384,0.029851576,0.016390897,0.016840452,0.99344987,0.9929436,0.18072693,0.17160843,0.30115637,0.2966596,0.38470218,0.32707885,0.516056,0.567973,0.007260526,0.36884263,0.25005245,0.7417931,0.5561712,0.24525501,0.24414042,0.55397165,0.55460787,0.9098331,0.29295883,0.93949246,0.2750525,0.62574685,0.55490315,0.23014562,-0.0048598414,-0.058360137
0.031521384,0.029851576,0.016390897,0.016840452,0.99344987,0.9929436,0.18072692,0.17160843,0.3011564,0.2966596,0.3847022,0.32707885,0.516056,0.567973,0.0072605293,0.36884263,0.25005242,0.74179316,0.5561712,0.24525501,0.24414042,0.55397165,0.55460787,0.9098331,0.29295883,0.93949246,0.2750525,0.6257469,0.5549031,0.23014551,-0.004859782,-0.058360152
0.031521384,0.029851576,0.016390897,0.016840445,0.99344987,0.9929436,0.1807269,0.17160843,0.3011564,0.2966596,0.3847022,0.32707885,0.51605594,0.56797296,0.0072605335,0.36884266,0.25005245,0.7417931,0.5561712,0.24525501,0.24414045,0.55397165,0.55460787,0.90983295,0.29295883,0.93949246,0.2750525,0.62574685,0.5549032,0.2301456,-0.004859871,-0.058360107
0.031521384,0.029851576,0.016390905,0.016840452,0.99344987,0.9929436,0.1807269,0.17160843,0.3011564,0.29665962,0.38470218,0.32707885,0.516056,0.567973,0.0072605293,0.36884263,0.25005245,0.74179316,0.5561712,0.24525501,0.24414045,0.55397165,0.55460787,0.90983295,0.29295883,0.93949246,0.2750525,0.6257469,0.55490315,0.23014562,-0.0048598414,-0.058360077
0.031521384,0.029851576,0.016390897,0.016840452,0.99344987,0.9929436,0.1807269,0.17160843,0.3011564,0.29665962,0.38470218,0.32707885,0.516056,0.567973,0.0072605293,0.36884266,0.25005245,0.74179316,0.5561712,0.24525501,0.24414042,0.55397165,0.55460787,0.90983295,0.29295883,0.93949246,0.2750525,0.6257469,0.5549032,0.23014551,-0.0048598414,-0.058360144
0.031521384,0.029851576,0.01639089,0.016840452,0.99344987,0.9929436,0.18072689,0.17160843,0.30115643,0.29665965,0.38470218,0.32707885,0.516056,0.567973,0.0072605293,0.36884266,0.25005242,0.74179316,0.5561712,0.24525501,0.24414042,0.55397165,0.55460787,0.90983295,0.29295883,0.93949246,0.27505252,0.62574685,0.55490315,0.23014554,-0.004859871,-0.058360107
0.031521384,0.029851576,0.016390897,0.016840445,0.99344987,0.9929436,0.1807269,0.17160843,0.30115643,0.29665962,0.38470218,0.32707885,0.516056,0.567973,0.007260526,0.36884266,0.25005245,0.74179316,0.55617124,0.24525501,0.24414045,0.55397165,0.55460787,0.90983295,0.29295883,0.93949246,0.27505252,0.6257469,0.5549032,0.23014554,-0.004859901,-0.058360152
0.031521384,0.029851576,0.016390897,0.016840445,0.99344987,0.9929436,0.18072692,0.17160843,0.30115637,0.29665962,0.38470218,0.32707888,0.51605606,0.567973,0.007260526,0.36884266,0.25005242,0.7417931,0.5561712,0.24525501,0.24414042,0.55397165,0.55460787,0.9098331,0.29295877,0.93949246,0.2750525,0.6257469,0.5549032,0.23014554,-0.0048598414,-0.058360137
0.031521384,0.029851569,0.016390897,0.016840445,0.99344987,0.9929436,0.1807269,0.17160843,0.30115643,0.29665962,0.38470232,0.32707873,0.51605606,0.567973,0.0072605293,0.36884266,0.25005242,0.7417931,0.55617124,0.24525501,0.24414042,0.55397165,0.55460787,0.90983295,0.29295883,0.93949246,0.27505252,0.6257469,0.55490315,0.23014557,-0.0048598116,-0.058360167
0.031521384,0.029851569,0.01639089,0.016840452,0.99344987,0.9929436,0.1807269,0.1716084,0.3011564,0.2966596,0.38470235,0.3270787,0.51605606,0.567973,0.007260526,0.36884266,0.25005242,0.7417931,0.5561712,0.24525501,0.24414042,0.55397165,0.55460787,0.90983295,0.29295883,0.93949246,0.2750525,0.62574685,0.5549031,0.23014557,-0.0048598414,-0.058360077
0.031521384,0.029851569,0.016390897,0.016840452,0.99344987,0.9929436,0.1807269,0.17160843,0.30115637,0.2966596,0.38470238,0.3270787,0.51605606,0.567973,0.007260526,0.36884266,0.25005245,0.7417931,0.55617124,0.24525507,0.24414045,0.55397165,0.55460787,0.90983295,0.29295883,0.93949246,0.27505252,0.6257469,0.5549031,0.23014554,-0.0048598414,-0.058360018
0.031521384,0.029851576,0.016390905,0.016840452,0.99344987,0.9929436,0.1807269,0.17160843,0.3011564,0.2966596,0.38470232,0.32707876,0.516056,0.567973,0.007260526,0.36884266,0.25005245,0.7417931,0.55617124,0.24525504,0.24414045,0.5539717,0.55460787,0.90983295,0.29295883,0.93949246,0.27505252,0.62574685,0.55490315,0.23014557,-0.0048598116,-0.058360003
0.031521384,0.029851576,0.016390905,0.01684046,0.99344987,0.9929436,0.18072692,0.17160843,0.30115637,0.2966596,0.3847022,0.32707882,0.516056,0.567973,0.007260526,0.36884266,0.25005245,0.74179316,0.55617124,0.24525504,0.24414042,0.55397165,0.55460787,0.9098331,0.29295883,0.93949246,0.2750525,0.62574685,0.5549032,0.23014565,-0.0048598414,-0.058360107
0.031521384,0.029851576,0.016390905,0.016840452,0.99344987,0.9929436,0.1807269,0.17160842,0.30115637,0.2966596,0.38470227,0.3270788,0.516056,0.567973,0.0072605335,0.36884266,0.25005245,0.74179316,0.5561712,0.24525504,0.24414045,0.55397165,0.55460787,0.9098331,0.29295883,0.93949246,0.2750525,0.62574685,0.5549032,0.23014568,-0.0048598116,-0.058360137
0.031521384,0.029851569,0.016390897,0.016840445,0.99344987,0.9929436,0.1807269,0.17160843,0.3011564,0.2966596,0.38470227,0.32707882,0.516056,0.567973,0.0072605293,0.36884266,0.25005245,0.7417931,0.55617124,0.24525504,0.24414042,0.55397165,0.55460787,0.9098331,0.29295883,0.93949246,0.27505252,0.6257469,0.5549032,0.23014571,-0.004859782,-0.05836013
0.031521384,0.029851576,0.016390905,0.01684046,0.99344987,0.9929436,0.18072692,0.17160843,0.30115637,0.2966596,0.38470218,0.32707888,0.516056,0.567973,0.0072605293,0.36884263,0.25005245,0.7417931,0.5561712,0.24525501,0.24414042,0.55397165,0.55460787,0.9098331,0.29295883,0.93949246,0.2750525,0.6257469,0.5549031,0.23014574,-0.0048598116,-0.058360092
0.031521384,0.029851576,0.016390897,0.016840452,0.99344987,0.9929436,0.1807269,0.17160843,0.3011564,0.2966596,0.38470227,0.32707882,0.516056,0.567973,0.007260526,0.36884266,0.25005245,0.7417931,0.5561712,0.24525501,0.24414045,0.55397165,0.55460787,0.90983295,0.29295883,0.93949246,0.27505252,0.6257469,0.5549032,0.23014565,-0.0048598116,-0.05836007
0.031521384,0.029851576,0.016390897,0.016840452,0.99344987,0.9929436,0.1807269,0.17160843,0.30115637,0.2966596,0.38470218,0.32707885,0.516056,0.567973,0.0072605335,0.36884266,0.25005245,0.7417931,0.55617124,0.24525501,0.24414042,0.55397165,0.55460787,0.9098331,0.29295883,0.93949246,0.2750525,0.6257469,0.5549032,0.23014565,-0.0048598116,-0.058360048
0.031521384,0.029851576,0.016390905,0.016840452,0.99344987,0.9929436,0.18072692,0.17160843,0.30115637,0.2966596,0.38470218,0.32707888,0.516056,0.567973,0.0072605293,0.3688426,0.25005245,0.7417931,0.55617124,0.24525501,0.24414042,0.55397165,0.55460787,0.9098331,0.29295883,0.93949246,0.2750525,0.6257469,0.5549031,0.2301456,-0.0048598414,-0.0583601
0.031521384,0.029851576,0.016390905,0.016840452,0.99344987,0.9929436,0.1807269,0.17160843,0.30115637,0.2966596,0.38470227,0.32707882,0.516056,0.567973,0.0072605293,0.36884263,0.25005242,0.7417931,0.5561712,0.24525504,0.24414042,0.55397165,0.55460787,0.9098331,0.29295883,0.93949246,0.2750525,0.6257469,0.5549031,0.23014562,-0.004859871,-0.058360077
0.031521384,0.029851569,0.016390897,0.016840445,0.99344987,0.9929436,0.1807269,0.17160843,0.30115637,0.2966596,0.3847023,0.32707876,0.516056,0.567973,0.007260526,0.36884263,0.25005245,0.7417931,0.55617124,0.24525501,0.24414042,0.55397165,0.55460787,0.90983295,0.29295883,0.93949246,0.2750525,0.62574685,0.5549032,0.23014562,-0.0048598414,-0.058360107
0.031521384,0.029851576,0.016390897,0.016840452,0.99344987,0.9929436,0.1807269,0.17160842,0.3011564,0.2966596,0.3847023,0.32707876,0.516056,0.567973,0.0072605293,0.36884263,0.25005242,0.7417931,0.5561712,0.24525501,0.24414042,0.55397165,0.55460787,0.90983295,0.29295883,0.93949246,0.27505252,0.6257469,0.5549032,0.23014562,-0.004859871,-0.05836018
0.031521384,0.029851569,0.016390905,0.016840445,0.99344987,0.9929436,0.1807269,0.1716084,0.30115637,0.2966596,0.38470232,0.32707876,0.516056,0.567973,0.007260526,0.36884263,0.25005245,0.7417931,0.5561712,0.24525501,0.24414042,0.55397165,0.55460787,0.90983295,0.29295883,0.93949246,0.2750525,0.62574685,0.5549032,0.23014568,-0.0048598414,-0.058360122
0.031521384,0.029851576,0.016390897,0.016840452,0.99344987,0.9929436,0.1807269,0.17160842,0.30115637,0.2966596,0.3847022,0.3270788,0.516056,0.567973,0.0072605335,0.36884266,0.25005245,0.7417931,0.5561712,0.24525504,0.24414045,0.55397165,0.55460787,0.90983295,0.29295883,0.93949246,0.2750525,0.62574685,0.5549032,0.23014565,-0.0048598414,-0.058360152
0.031521384,0.029851569,0.016390897,0.016840452,0.99344987,0.9929436,0.1807269,0.17160842,0.30115637,0.2966596,0.38470227,0.32707882,0.516056,0.56797296,0.0072605293,0.36884266,0.25005245,0.7417931,0.5561712,0.24525504,0.24414045,0.5539717,0.55460787,0.90983295,0.29295883,0.93949246,0.27505252,0.62574685,0.5549032,0.23014565,-0.004859752,-0.058360092
0.031521384,0.029851569,0.016390897,0.016840452,0.99344987,0.9929436,0.18072692,0.17160843,0.30115637,0.2966596,0.38470218,0.32707885,0.516056,0.567973,0.0072605293,0.36884266,0.25005245,0.7417931,0.55617124,0.24525501,0.24414042,0.55397165,0.55460787,0.9098331,0.29295883,0.93949246,0.27505252,0.62574685,0.55490327,0.23014571,-0.004859782,-0.058360144
0.031521384,0.029851576,0.016390897,0.016840445,0.99344987,0.9929436,0.1807269,0.17160843,0.30115637,0.2966596,0.38470227,0.3270788,0.516056,0.567973,0.0072605293,0.36884263,0.25005242,0.7417931,0.5561712,0.24525501,0.24414042,0.55397165,0.55460787,0.9098331,0.29295883,0.93949246,0.2750525,0.6257469,0.55490315,0.23014562,-0.0048598116,-0.058360077
0.031521384,0.029851576,0.016390897,0.016840445,0.99344987,0.9929436,0.1807269,0.17160843,0.30115637,0.2966596,0.38470232,0.32707873,0.51605606,0.567973,0.0072605293,0.36884266,0.25005245,0.7417931,0.55617124,0.24525501,0.24414042,0.55397165,0.55460787,0.90983295,0.29295883,0.93949246,0.2750525,0.6257469,0.55490315,0.23014565,-0.004859782,-0.058360077
0.031521384,0.029851576,0.016390905,0.016840452,0.99344987,0.9929436,0.18072693,0.17160845,0.30115637,0.2966596,0.38470227,0.3270788,0.51605606,0.567973,0.007260526,0.36884263,0.25005245,0.7417931,0.5561712,0.24525501,0.24414042,0.55397165,0.55460787,0.9098331,0.2929588,0.93949246,0.2750525,0.6257469,0.5549031,0.23014565,-0.0048598116,-0.058360055
0.031521384,0.029851576,0.016390905,0.016840445,0.99344987,0.9929436,0.1807269,0.17160843,0.30115637,0.2966596,0.38470232,0.32707873,0.516056,0.567973,0.007260526,0.36884263,0.25005242,0.7417931,0.5561712,0.24525504,0.24414045,0.55397165,0.55460787,0.90983295,0.29295883,0.93949246,0.27505252,0.6257469,0.5549031,0.23014571,-0.0048598116,-0.058359988
0.031521384,0.029851569,0.016390897,0.016840445,0.99344987,0.9929436,0.1807269,0.17160843,0.3011564,0.29665962,0.38470227,0.32707873,0.51605594,0.5679729,0.0072605293,0.36884266,0.25005245,0.74179316,0.5561712,0.24525501,0.24414045,0.55397165,0.55460787,0.90983295,0.29295883,0.93949246,0.27505252,0.62574685,0.5549031,0.23014565,-0.004859782,-0.058360077
0.031521384,0.029851576,0.016390897,0.01684046,0.99344987,0.9929436,0.1807269,0.17160843,0.30115637,0.2966596,0.38470218,0.32707885,0.516056,0.5679729,0.0072605293,0.36884266,0.25005245,0.74179316,0.55617124,0.24525501,0.24414042,0.55397165,0.55460787,0.90983295,0.29295883,0.93949246,0.27505246,0.62574685,0.5549032,0.23014568,-0.0048598116,-0.058360092
0.031521384,0.029851576,0.016390897,0.016840445,0.99344987,0.9929436,0.1807269,0.17160843,0.3011564,0.2966596,0.38470227,0.3270788,0.516056,0.567973,0.0072605293,0.36884263,0.25005242,0.7417931,0.5561712,0.24525501,0.24414042,0.55397165,0.55460787,0.90983295,0.29295883,0.93949246,0.2750525,0.62574685,0.5549031,0.23014562,-0.004859871,-0.058360107
0.031521384,0.029851576,0.01639089,0.016840445,0.99344987,0.9929436,0.18072692,0.17160842,0.3011564,0.2966596,0.3847023,0.32707876,0.51605606,0.567973,0.007260526,0.36884263,0.25005242,0.7417931,0.55617124,0.24525501,0.24414042,0.55397165,0.55460787,0.90983295,0.29295883,0.93949246,0.2750525,0.6257469,0.5549031,0.23014562,-0.0048598414,-0.05836007
0.031521384,0.029851576,0.016390897,0.016840445,0.99344987,0.9929436,0.18072692,0.17160843,0.30115643,0.29665962,0.38470227,0.3270788,0.516056,0.567973,0.0072605335,0.36884266,0.25005242,0.7417931,0.5561712,0.24525501,0.24414042,0.55397165,0.55460787,0.90983295,0.29295883,0.93949246,0.27505252,0.6257469,0.5549032,0.2301456,-0.0048598116,-0.0583601
0.031521384,0.029851569,0.016390897,0.016840452,0.99344987,0.9929436,0.1807269,0.17160843,0.30115637,0.2966596,0.38470218,0.32707882,0.51605594,0.567973,0.007260526,0.36884266,0.25005242,0.74179316,0.5561712,0.24525501,0.24414042,0.5539717,0.55460787,0.90983295,0.29295883,0.93949246,0.27505252,0.62574685,0.5549032,0.23014568,-0.0048598116,-0.058360077
0.031521384,0.029851576,0.016390905,0.016840452,0.99344987,0.9929436,0.1807269,0.17160843,0.3011564,0.2966596,0.38470218,0.32707888,0.516056,0.567973,0.0072605335,0.36884266,0.25005245,0.74179316,0.5561712,0.24525507,0.24414045,0.55397165,0.55460787,0.90983295,0.29295883,0.93949246,0.2750525,0.6257469,0.5549032,0.23014565,-0.0048598414,-0.058360167
0.031521384,0.029851576,0.016390897,0.01684046,0.99344987,0.9929436,0.1807269,0.17160843,0.30115637,0.2966596,0.38470215,0.32707888,0.51605606,0.567973,0.0072605293,0.36884266,0.25005245,0.7417931,0.55617124,0.24525501,0.24414042,0.55397165,0.55460787,0.9098331,0.29295877,0.93949246,0.27505246,0.6257469,0.5549032,0.23014562,-0.0048598414,-0.058360197
0.031521384,0.029851576,0.016390897,0.016840452,0.99344987,0.9929436,0.1807269,0.17160843,0.30115643,0.29665962,0.38470218,0.32707888,0.51605606,0.567973,0.0072605293,0.36884266,0.25005245,0.74179316,0.55617124,0.24525501,0.24414042,0.55397165,0.55460787,0.9098331,0.29295883,0.93949246,0.2750525,0.6257469,0.5549031,0.2301456,-0.0048598414,-0.058360137
0.031521384,0.029851576,0.016390897,0.016840445,0.99344987,0.9929436,0.18072692,0.17160842,0.30115637,0.2966596,0.38470227,0.32707882,0.51605606,0.567973,0.0072605293,0.36884263,0.25005245,0.7417931,0.5561712,0.24525501,0.24414045,0.55397165,0.55460787,0.90983295,0.29295883,0.93949246,0.2750525,0.6257469,0.55490315,0.2301456,-0.0048598414,-0.05836013
0.031521384,0.029851569,0.016390897,0.016840445,0.99344987,0.9929436,0.1807269,0.17160843,0.30115637,0.2966596,0.3847023,0.3270788,0.516056,0.567973,0.007260526,0.36884266,0.25005242,0.7417931,0.5561712,0.24525501,0.24414045,0.55397165,0.55460787,0.90983295,0.29295883,0.93949246,0.2750525,0.6257469,0.5549032,0.23014565,-0.004859871,-0.058360122
0.031521384,0.029851576,0.016390897,0.016840445,0.99344987,0.9929436,0.1807269,0.17160842,0.30115637,0.2966596,0.38470227,0.3270788,0.516056,0.567973,0.007260526,0.36884266,0.25005245,0.7417931,0.5561712,0.24525501,0.24414045,0.55397165,0.55460787,0.90983295,0.29295883,0.93949246,0.27505252,0.6257469,0.5549032,0.23014565,-0.0048598414,-0.058360122
0.031521384,0.029851569,0.016390905,0.016840452,0.99344987,0.9929436,0.1807269,0.17160842,0.30115637,0.2966596,0.38470227,0.3270788,0.516056,0.567973,0.0072605335,0.36884266,0.25005245,0.7417931,0.5561712,0.24525507,0.24414045,0.55397165,0.55460787,0.90983295,0.29295883,0.93949246,0.27505252,0.6257469,0.5549032,0.23014571,-0.004859752,-0.058360107
0.031521384,0.029851576,0.016390905,0.016840452,0.99344987,0.9929436,0.1807269,0.17160843,0.30115637,0.2966596,0.38470227,0.32707882,0.516056,0.567973,0.0072605293,0.36884266,0.25005245,0.7417931,0.5561712,0.24525501,0.24414042,0.55397165,0.55460787,0.9098331,0.29295883,0.93949246,0.27505252,0.62574685,0.55490315,0.23014568,-0.0048598116,-0.058360122
0.031521384,0.029851576,0.016390905,0.016840452,0.99344987,0.9929436,0.1807269,0.17160843,0.30115637,0.2966596,0.38470227,0.3270788,0.516056,0.567973,0.0072605293,0.36884263,0.25005245,0.74179316,0.5561712,0.24525501,0.24414042,0.55397165,0.55460787,0.9098331,0.29295883,0.93949246,0.27505252,0.6257469,0.55490315,0.23014568,-0.0048598414,-0.058360107
0.031521384,0.029851576,0.016390905,0.016840452,0.99344987,0.9929436,0.1807269,0.17160842,0.30115637,0.2966596,0.3847023,0.32707876,0.516056,0.567973,0.0072605293,0.36884263,0.25005245,0.7417931,0.55617124,0.24525507,0.24414045,0.55397165,0.55460787,0.90983295,0.29295883,0.93949246,0.2750525,0.62574685,0.55490315,0.23014568,-0.0048598414,-0.058360077
0.031521384,0.029851576,0.016390905,0.016840445,0.99344987,0.9929436,0.1807269,0.17160842,0.30115637,0.29665956,0.38470227,0.3270788,0.516056,0.567973,0.0072605293,0.36884263,0.25005245,0.74179316,0.5561712,0.24525504,0.24414045,0.55397165,0.55460787,0.9098331,0.29295883,0.93949246,0.2750525,0.62574685,0.5549032,0.23014565,-0.0048598116,-0.0583601
0.031521384,0.029851576,0.016390905,0.016840452,0.99344987,0.9929436,0.18072692,0.17160843,0.30115637,0.2966596,0.3847023,0.3270788,0.516056,0.56797296,0.0072605335,0.36884266,0.25005245,0.7417931,0.5561712,0.24525501,0.24414042,0.55397165,0.55460787,0.9098331,0.29295883,0.93949246,0.27505252,0.6257469,0.5549032,0.23014562,-0.004859782,-0.058360152
0.031521384,0.029851576,0.016390905,0.016840452,0.99344987,0.9929436,0.1807269,0.17160843,0.30115637,0.2966596,0.38470227,0.32707882,0.516056,0.567973,0.0072605293,0.3688426,0.25005245,0.7417931,0.5561712,0.24525501,0.24414042,0.55397165,0.55460787,0.9098331,0.29295883,0.93949246,0.2750525,0.6257469,0.5549031,0.23014565,-0.004859782,-0.05836013
0.031521384,0.029851576,0.016390897,0.016840445,0.99344987,0.9929436,0.1807269,0.17160842,0.3011564,0.29665962,0.38470227,0.3270788,0.51605606,0.567973,0.007260526,0.36884266,0.25005245,0.7417931,0.5561712,0.24525504,0.24414045,0.55397165,0.55460787,0.90983295,0.29295883,0.93949246,0.2750525,0.6257469,0.5549032,0.23014562,-0.004859782,-0.058360137
0.031521384,0.029851569,0.016390905,0.016840452,0.99344987,0.9929436,0.1807269,0.17160842,0.30115637,0.2966596,0.38470227,0.32707876,0.516056,0.56797296,0.0072605293,0.36884266,0.25005245,0.74179316,0.55617124,0.24525501,0.24414045,0.5539717,0.55460787,0.90983295,0.29295883,0.93949246,0.2750525,0.6257469,0.55490315,0.23014565,-0.004859782,-0.05836007
0.031521384,0.029851576,0.016390905,0.016840445,0.99344987,0.9929436,0.1807269,0.17160843,0.30115637,0.2966596,0.38470227,0.32707876,0.516056,0.567973,0.0072605293,0.36884266,0.25005242,0.74179316,0.55617124,0.24525501,0.24414042,0.55397165,0.55460787,0.90983295,0.29295883,0.93949246,0.27505252,0.6257469,0.5549031,0.23014565,-0.004859782,-0.058360077
0.031521376,0.029851576,0.016390905,0.01684046,0.99344987,0.9929436,0.1807269,0.17160845,0.3011564,0.29665962,0.38470218,0.32707885,0.516056,0.567973,0.0072605335,0.36884263,0.25005245,0.74179316,0.5561712,0.24525501,0.24414045,0.55397165,0.55460787,0.9098331,0.29295883,0.93949246,0.2750525,0.6257469,0.5549032,0.23014568,-0.004859752,-0.058360092
0.031521384,0.029851576,0.016390905,0.016840452,0.99344987,0.9929436,0.1807269,0.17160843,0.30115637,0.2966596,0.38470227,0.32707885,0.516056,0.567973,0.0072605293,0.36884263,0.25005245,0.7417931,0.55617124,0.24525501,0.24414042,0.55397165,0.55460787,0.9098331,0.29295883,0.93949246,0.2750525,0.6257469,0.55490315,0.23014568,-0.0048598116,-0.058360122
0.031521384,0.029851576,0.016390897,0.016840445,0.99344987,0.9929436,0.1807269,0.17160843,0.30115637,0.2966596,0.3847022,0.32707882,0.516056,0.567973,0.007260526,0.36884266,0.25005245,0.7417931,0.55617124,0.24525504,0.24414045,0.55397165,0.55460787,0.90983295,0.29295883,0.93949246,0.2750525,0.6257469,0.5549032,0.23014562,-0.004859782,-0.058360122
0.031521384,0.029851576,0.016390897,0.016840452,0.99344987,0.9929436,0.1807269,0.17160843,0.3011564,0.29665962,0.3847022,0.32707882,0.516056,0.567973,0.0072605293,0.36884266,0.25005245,0.74179316,0.55617124,0.24525501,0.24414042,0.55397165,0.55460787,0.90983295,0.29295883,0.93949246,0.27505252,0.6257469,0.5549032,0.23014562,-0.004859782,-0.058360122
0.031521384,0.029851576,0.016390905,0.016840452,0.99344987,0.9929436,0.1807269,0.17160843,0.3011564,0.2966596,0.38470218,0.32707885,0.516056,0.567973,0.0072605293,0.36884266,0.25005245,0.74179316,0.55617124,0.24525504,0.24414042,0.55397165,0.55460787,0.90983295,0.29295883,0.93949246,0.2750525,0.6257469,0.5549032,0.23014565,-0.004859782,-0.058360077
0.031521384,0.029851576,0.016390905,0.016840445,0.99344987,0.9929436,0.1807269,0.17160843,0.30115637,0.2966596,0.38470218,0.32707888,0.516056,0.567973,0.0072605335,0.36884263,0.25005245,0.7417931,0.5561712,0.24525501,0.24414045,0.55397165,0.55460787,0.9098331,0.29295883,0.93949246,0.2750525,0.6257469,0.5549032,0.2301456,-0.0048598414,-0.058360144
