0.0,0.0,0.0,0.0,1.0,1.0,0.162,0.162,0.48,0.48,0.3,0.42,0.345,0.33,0.75,0.4,0.48,0.76,0.56,0.49,0.47,0.56,0.56,0.78,0.35,0.77,0.35,0.1,0.29,0.035,0.073,-0.043
0.0,0.0,0.0,0.0,1.0,1.0,0.162,0.162,0.48,0.48,0.29,0.43,0.36,0.33,0.5,0.4,0.435,0.76,0.56,0.44,0.43,0.56,0.56,0.79,0.34,0.77,0.35,0.11,0.46,0.012,0.009,-0.049
0.0,0.0,0.0,0.0,1.0,1.0,0.162,0.162,0.48,0.48,0.28,0.44,0.33,0.3,0.5,0.4,0.405,0.77,0.56,0.41,0.4,0.56,0.56,0.77,0.35,0.75,0.36,0.1,0.5,0.019,-0.031,-0.053
0.0,0.0,0.0,0.0,1.0,1.0,0.162,0.162,0.47,0.47,0.29,0.43,0.3,0.27,0.5,0.41,0.405,0.77,0.56,0.41,0.4,0.56,0.56,0.75,0.36,0.73,0.37,0.1,0.52,0.032,-0.06,-0.045
0.0,0.0,0.0,0.0,1.0,1.0,0.162,0.162,0.46,0.46,0.3,0.42,0.3,0.27,0.5,0.41,0.4,0.77,0.56,0.4,0.4,0.56,0.56,0.75,0.36,0.73,0.37,0.1,0.51,0.046,-0.087,-0.026
0.0,0.0,0.0,0.0,1.0,1.0,0.162,0.162,0.37,0.37,0.31,0.41,0.315,0.315,0.5,0.41,0.36,0.77,0.56,0.36,0.36,0.56,0.56,0.76,0.35,0.76,0.36,0.1,0.48,0.06,-0.117,-0.006
0.0,0.0,0.0,0.0,1.0,1.0,0.162,0.162,0.31,0.31,0.32,0.4,0.36,0.36,0.25,0.41,0.32,0.77,0.56,0.32,0.32,0.56,0.56,0.79,0.34,0.79,0.34,0.11,0.41,0.077,-0.138,0.012
0.0,0.0,0.0,0.0,1.0,1.0,0.162,0.162,0.35,0.35,0.35,0.37,0.375,0.36,0.25,0.39,0.315,0.76,0.56,0.32,0.31,0.56,0.56,0.8,0.34,0.79,0.34,0.1,0.39,0.097,-0.141,0.048
0.0,0.0,0.0,0.0,1.0,1.0,0.162,0.162,0.37,0.37,0.37,0.35,0.375,0.36,0.25,0.39,0.3,0.76,0.56,0.31,0.29,0.56,0.56,0.8,0.34,0.79,0.34,0.1,0.37,0.099,-0.136,0.077
0.0,0.0,0.0,0.0,1.0,1.0,0.162,0.162,0.39,0.39,0.39,0.33,0.405,0.39,0.25,0.39,0.3,0.76,0.56,0.31,0.29,0.56,0.56,0.82,0.33,0.81,0.33,0.1,0.32,0.071,-0.13,0.101
0.0,0.0,0.0,0.0,1.0,1.0,0.162,0.162,0.41,0.41,0.4,0.31,0.45,0.45,0.25,0.39,0.34,0.76,0.56,0.35,0.33,0.56,0.56,0.85,0.32,0.85,0.32,0.1,0.3,0.038,-0.122,0.119
0.0,0.0,0.0,0.0,1.0,1.0,0.162,0.162,0.38,0.38,0.42,0.3,0.435,0.435,0.25,0.39,0.35,0.76,0.56,0.36,0.34,0.56,0.56,0.84,0.32,0.84,0.32,0.09,0.28,0.012,-0.112,0.128
0.0,0.0,0.0,0.0,1.0,1.0,0.162,0.162,0.37,0.37,0.44,0.28,0.435,0.435,0.25,0.4,0.37,0.76,0.56,0.38,0.36,0.56,0.56,0.84,0.32,0.84,0.32,0.1,0.24,-0.016,-0.104,0.137
0.01,0.01,0.0,0.0,1.0,1.0,0.162,0.162,0.44,0.44,0.46,0.26,0.42,0.435,0.5,0.4,0.425,0.76,0.56,0.43,0.42,0.56,0.56,0.83,0.33,0.84,0.32,0.1,0.21,-0.049,-0.087,0.146
0.01,0.01,0.0,0.0,1.0,1.0,0.162,0.162,0.46,0.46,0.5,0.22,0.42,0.45,0.5,0.4,0.455,0.76,0.56,0.46,0.45,0.56,0.56,0.83,0.33,0.85,0.32,0.11,0.2,-0.082,-0.058,0.153
0.03,0.03,0.0,0.0,1.0,1.0,0.162,0.162,0.47,0.47,0.52,0.21,0.435,0.465,0.5,0.4,0.48,0.76,0.56,0.49,0.47,0.56,0.56,0.84,0.32,0.86,0.31,0.11,0.17,-0.104,-0.038,0.163
0.01,0.01,0.0,0.0,1.0,1.0,0.162,0.162,0.46,0.46,0.52,0.2,0.375,0.39,0.5,0.41,0.415,0.77,0.56,0.42,0.41,0.56,0.56,0.8,0.34,0.81,0.33,0.11,0.15,-0.083,-0.029,0.162
0.01,0.01,0.0,0.0,1.0,1.0,0.162,0.162,0.46,0.46,0.5,0.22,0.36,0.375,0.5,0.42,0.415,0.78,0.56,0.42,0.41,0.56,0.56,0.79,0.34,0.8,0.34,0.11,0.14,-0.073,-0.031,0.164
0.0,0.0,0.0,0.0,1.0,1.0,0.162,0.162,0.51,0.51,0.48,0.25,0.345,0.36,0.5,0.42,0.465,0.78,0.56,0.47,0.46,0.56,0.56,0.78,0.35,0.79,0.34,0.11,0.13,-0.062,-0.029,0.149
0.0,0.0,0.0,0.0,1.0,1.0,0.162,0.162,0.51,0.51,0.44,0.28,0.315,0.315,0.5,0.42,0.475,0.78,0.56,0.48,0.47,0.56,0.56,0.76,0.36,0.76,0.36,0.11,0.25,-0.074,-0.024,0.118
0.0,0.017945109,0.07092874,0.0,0.9976157,0.952948,0.13951226,0.35135794,0.45019582,0.6081986,0.28618184,0.40691704,0.44420227,0.4018843,0.7585981,0.5362558,0.5221668,1.0,0.54279333,0.54239243,0.42467406,0.67864215,0.67264104,0.9638499,0.2224494,0.68132687,0.25326234,0.15119031,0.4953136,-0.12910089,-0.047218576,0.026721884
0.0,0.0,0.0,0.0,0.9912137,1.0,0.08449536,0.12662573,0.62321603,0.62692976,0.35359833,0.52959096,0.49201763,0.18493131,0.48058844,0.41296837,0.6085953,0.8076048,0.7235236,0.43305856,0.45242423,0.4796887,0.7416256,0.81441706,0.29385737,0.6891329,0.20955762,0.15101264,0.4803086,-0.036466923,0.05065471,0.23479407
0.04179158,0.0,0.0,0.048554484,1.0,1.0,0.18661416,0.08612036,0.55387014,0.58609504,0.43884987,0.39848006,0.63518643,0.5165624,0.4506122,0.41828698,0.5187379,0.6944536,0.6222553,0.59628797,0.5145142,0.52240777,0.5066128,0.8041433,0.27407554,0.7403211,0.2868831,0.09972029,0.4775278,-0.053333487,0.18103965,0.07717577
0.0,0.0,0.0,0.0,1.0,0.95246387,0.22451486,0.28998396,0.58510065,0.5372482,0.0022210479,0.3677291,0.3129505,0.3250717,0.73492193,0.36571318,0.39458743,0.7945463,0.5818519,0.27848905,0.5480912,0.82344484,0.48667815,0.83791006,0.18844196,0.71780145,0.24967584,0.111884594,0.65837365,-0.07558543,-0.18106484,0.11446326
0.0,0.15235142,0.12448838,0.0,1.0,0.9339795,0.18263043,0.32682323,0.56138855,0.24372648,0.43571374,0.44323885,0.5427221,0.34887737,0.3203184,0.48787978,0.4434686,0.7590143,0.49634182,0.5041068,0.32140505,0.51422846,0.5264559,0.837804,0.16569947,0.71556926,0.29555544,0.1792257,0.4858294,-0.14860931,0.021227002,0.10887365
0.08474362,0.0,0.16044326,0.0,1.0,0.83305454,0.22357231,0.17802042,0.37837553,0.46650472,0.31909877,0.2986118,0.33104658,0.4429466,0.5451084,0.31990302,0.57324994,0.7004717,0.47367495,0.5920488,0.52366704,0.65926486,0.5171974,0.98094046,0.2678758,0.9014276,0.36065912,0.0,0.3234066,0.16505288,0.04633653,0.03628675
0.09304813,0.0,0.0,0.13786933,0.90267146,1.0,0.0,0.12991005,0.45158398,0.38861334,0.39440292,0.45931315,0.601592,0.4951673,0.5192324,0.4631271,0.54572517,0.9359979,0.5935102,0.49291468,0.74827856,0.53290856,0.48914647,1.0,0.43394184,0.9352973,0.25273782,0.10597484,0.19725382,-0.14552121,0.15557057,-0.07059546
0.017776432,0.057091136,0.0679905,0.0,1.0,1.0,0.17871226,0.0,0.49351668,0.69838285,0.22628485,0.419549,0.3613462,0.24466473,0.442914,0.31807137,0.45686325,0.7987227,0.63485175,0.58812803,0.4350045,0.41400346,0.7969643,0.8273532,0.519678,0.7335001,0.40607095,0.0,0.035539284,0.003939323,-0.0016362816,0.06006661
0.03272707,0.0020781737,0.075867474,0.0,0.905198,1.0,0.09930954,0.15698639,0.5676725,0.40028176,0.599066,0.54079485,0.29580185,0.4136364,0.70675224,0.37131828,0.65935326,0.69196635,0.5458563,0.7460969,0.56260926,0.5791707,0.6385378,0.69904476,0.31352806,0.9881618,0.4810624,0.045540933,0.2908406,-0.15230396,0.15522802,0.077540025
0.0,0.0,0.0,0.01894493,1.0,0.93608624,0.0,0.1933964,0.28787997,0.47554803,0.22490254,0.31051227,0.1709914,0.10122569,0.6634586,0.4077037,0.6659436,0.6959654,0.40224957,0.75643736,0.6599044,0.6073827,0.4806291,0.66466737,0.4784177,0.6725398,0.39219007,0.028829426,0.20113075,-0.22069106,-0.20049867,0.06497928
0.22134449,0.04904592,0.22857822,0.0110586025,0.8395273,1.0,0.07613049,0.18042238,0.56369644,0.6177101,0.6929296,0.3167284,0.13438062,0.17844215,0.6584859,0.16825998,0.57459164,0.7209517,0.4109456,0.5749535,0.5440608,0.5614902,0.66190726,0.73433787,0.44551557,0.8412663,0.4191161,0.1852963,0.22784385,-0.0696536,0.0982024,0.1663354
0.10378668,0.020062633,0.17335793,0.056890927,1.0,0.8893327,0.34899095,0.1800193,0.22631639,0.5269042,0.4331719,0.39197803,0.33109447,0.040735334,0.7793224,0.63200307,0.6412917,0.6960084,0.27009612,0.70520025,0.7500169,0.44337922,0.7373096,0.61845404,0.43889874,0.58845997,0.21860678,0.26154554,0.2255105,-0.025530087,-0.08929796,0.04374414
0.117965534,0.0722344,0.13519123,0.007435851,0.80288446,0.84153396,0.16914426,0.13587147,0.52864,0.5083734,0.26186287,0.3060086,0.31972533,0.0,0.68029207,0.41769448,0.6183162,0.74715006,0.4839269,0.78334564,0.8547438,0.59119356,0.5403056,0.8235893,0.16159049,0.75877804,0.23787786,0.19322968,0.20711572,-0.19304821,-0.11130765,0.060961477
0.0884947,0.1710588,0.0019142628,0.30688208,0.8762346,0.8849745,0.23370326,0.0701134,0.57905835,0.42047837,0.28766537,0.39808315,0.35235515,0.13136742,0.66177344,0.26562038,0.88489264,0.6516176,0.37654048,0.7823488,0.8112877,0.6509721,0.38358095,0.7187032,0.3892857,0.72083306,0.28047442,0.2957728,0.37304652,-0.4379396,0.077875674,-0.38137102
0.067536086,0.23926581,0.20586394,0.11574057,1.0,1.0,0.2473394,0.26987574,0.60887027,0.54785675,0.46863222,0.5428709,0.24767274,0.0,0.9425157,0.5378507,0.783978,0.66507596,0.64451885,0.81991917,0.56269205,0.43249872,0.62629056,0.69830364,0.3122256,0.74624217,0.53705615,0.13720769,0.2963746,-0.10180013,-0.013524815,-0.21604563
0.029951405,0.24821903,0.06746186,0.08914212,1.0,0.86639637,0.082740955,0.0,0.6274962,0.38808644,0.18211071,0.3773842,0.16650897,0.32155424,0.6890036,0.36017734,0.635523,0.5878948,0.56987226,0.44036928,0.640774,0.40673348,0.63868797,0.82205814,0.33386248,0.7479249,0.26593035,0.0,0.43542132,-0.021303888,0.01731988,0.06077467
0.022211902,0.13357612,0.0,0.0,0.9887993,1.0,0.15118982,0.17532957,0.48948362,0.4430566,0.45348272,0.20339167,0.21865943,0.05018495,0.5941004,0.5100319,0.4492234,0.8107386,0.68486124,0.5528947,0.4916317,0.7350536,0.63922304,0.6646585,0.31592405,0.96122634,0.33767498,0.06313928,0.5701418,-0.17277285,-0.0761825,0.00829491
0.09407903,0.09271602,0.15379682,0.0,1.0,0.98092943,0.13464123,0.05685399,0.28849334,0.55929077,0.45259953,0.37166482,0.27432963,0.04590805,0.6620343,0.35905486,0.7915531,0.68261486,0.6010826,0.6236506,0.8039983,0.6830548,0.55360883,0.6951185,0.38045323,0.71981174,0.24368052,0.05708511,0.5194528,-0.28796268,-0.15545595,-0.34335458
0.12009439,0.2305566,0.17255214,0.0,1.0,1.0,0.0,0.255267,0.43116271,0.53451955,0.13172261,0.46617007,0.29355964,0.385432,0.7109277,0.44122532,0.625784,0.7552984,0.41190147,0.87509006,0.68586975,0.43061966,0.4140614,0.78103864,0.27694982,0.6450811,0.37146232,0.0,0.50872993,-0.17039901,-0.13368857,-0.045993507
0.068723656,0.18316206,0.17659952,0.13397737,1.0,1.0,0.16378802,0.15430921,0.49613714,0.6831224,0.14608562,0.4261557,0.11856997,0.2824561,0.9445055,0.32355806,0.8732426,0.53092146,0.3719954,1.0,0.8284408,0.292161,0.44585502,0.5952315,0.3243937,0.70657957,0.29014128,0.117539674,0.2825693,-0.19600536,-0.21891046,-0.2610599
0.08690894,0.0,0.14499818,0.0,1.0,0.75782853,0.19754863,0.2997432,0.55705273,0.35612255,0.12055673,0.48364636,0.30230436,0.12097659,0.6500846,0.20687269,0.51224357,0.619375,0.5114819,0.7895788,0.38506866,0.4313647,0.45074502,0.8786056,0.379442,0.80971825,0.32469413,0.0,0.5645056,-0.2525157,-0.120353356,-0.26692408
0.12222039,0.0,0.1508205,0.33126682,1.0,1.0,0.20992771,0.19543234,0.569722,0.30930513,0.62525845,0.5189248,0.3002094,0.17365108,0.7192637,0.49984437,0.6924534,0.6963223,0.45141813,0.83704317,0.74322635,0.5206895,0.46887845,0.615178,0.4286378,0.7811254,0.28585052,0.04472801,0.32621133,-0.17221068,-0.10602454,-0.040919848
0.10373974,0.05556728,0.09014857,0.39920327,1.0,0.9896234,0.0,0.0,0.53048885,0.6312836,0.257848,0.4313832,0.4665981,0.1620727,0.9578078,0.14360987,0.87508124,0.89266694,0.49496132,1.0,0.92585725,0.4850679,0.56713074,0.8504698,0.42956448,0.8040963,0.44414002,0.23875906,0.39327934,-0.32629776,-0.27073988,-0.2618367
0.25276038,0.19785848,0.060465142,0.3311986,1.0,1.0,0.08429049,0.032902643,0.44891953,0.48252645,0.36638337,0.46747518,0.29755664,0.11889709,0.9299288,0.29335868,0.8549088,0.8295298,0.47711766,0.89621913,0.7348207,0.49791026,0.30235517,0.84907633,0.4166828,0.6181586,0.44404376,0.0,0.5005861,-0.17857902,-0.04087868,-0.011777252
0.26887986,0.13544706,0.21894778,0.29143566,1.0,0.9689904,0.21550861,0.2506797,0.21940209,0.37787473,0.5418714,0.28948662,0.469435,0.19990334,0.8955369,0.29423156,0.7597527,0.5530109,0.28116044,0.8819891,0.7998371,0.2731998,0.39136088,0.746311,0.37301847,0.8439003,0.4638089,0.027463686,0.34103787,0.036773384,0.15220255,-0.1264763
0.2603346,0.3174557,0.51416683,0.37706357,0.9119511,1.0,0.18082877,0.14471297,0.3341775,0.49535865,0.4510424,0.08775632,0.29662836,0.19846526,1.0,0.44617483,1.0,0.5805244,0.38850453,1.0,0.96817756,0.23507279,0.22623667,0.69681525,0.5328257,0.7613927,0.41673812,0.0,0.23315352,0.08171022,0.05787817,-0.05293129
0.41664976,0.21229011,0.46403837,0.55387986,1.0,1.0,0.074901186,0.14725813,0.4723596,0.35035923,0.45148402,0.18423207,0.054000434,0.0,0.9968104,0.37307048,1.0,0.7285954,0.13647513,1.0,0.8340201,0.13516717,0.3583322,0.5747561,0.57360375,0.55154246,0.2824934,0.0,0.5283491,-0.0058854837,0.033172607,-0.3122787
0.4866234,0.4916545,0.893063,0.71333176,1.0,1.0,0.11976904,0.027907781,0.3903655,0.38660917,0.4856156,0.16503695,0.0,0.1136882,0.8878817,0.2625708,0.95850873,0.6954545,0.50224274,0.89649105,0.9556832,0.37578303,0.34189242,0.45328492,0.4546323,0.41264486,0.4414589,0.0,0.34640688,-0.21620533,0.021398485,-0.15508085
0.66317946,0.50267196,0.8153165,0.87128764,1.0,1.0,0.24645814,0.16068934,0.34137598,0.2444886,0.33854726,0.42621848,0.15676819,0.27128625,0.91773564,0.23305838,0.8468561,0.79188204,0.3205192,0.8361751,0.84618306,0.4139799,0.4476552,0.584854,0.67474306,0.6520039,0.659027,0.03132371,0.25534672,-0.1557291,0.0924409,-0.1290605
0.4090569,0.45235434,0.8774179,0.8941831,0.9534519,0.8301203,0.20320518,0.0018675625,0.56556684,0.44923913,0.30840087,0.4463579,0.081188224,0.14052215,0.9017967,0.2520757,1.0,0.6549497,0.3736166,0.978394,0.88212913,0.2760828,0.41760612,0.61200786,0.5531705,0.4148283,0.6736125,0.0,0.36757407,0.029781817,-0.10815274,-0.117392555
0.6396413,0.5008734,0.9296464,0.9833133,0.9030904,1.0,0.2487931,0.09112102,0.33398587,0.42685997,0.34071657,0.2716025,0.1758315,0.22858435,0.9709536,0.25751093,1.0,0.7446945,0.15597376,1.0,1.0,0.3070481,0.28847998,0.53366697,0.4622172,0.46309364,0.3924277,0.0,0.35708013,0.04209111,-0.100520246,0.08919875
0.58313036,0.5562302,0.7826241,0.88369316,0.89182544,0.9901201,0.1321681,0.17122273,0.35794806,0.31317738,0.47480452,0.22911766,0.0,0.025102776,1.0,0.29938582,1.0,0.47443855,0.34562114,1.0,0.885631,0.21117178,0.2513949,0.586706,0.4064179,0.46685195,0.32494652,0.08018394,0.5241459,0.006367318,0.2117728,0.01307435
0.3349213,0.36985594,0.77167803,0.90616196,1.0,1.0,0.039560482,0.013731778,0.6073165,0.6217358,0.5353982,0.49508655,0.0,0.020888034,1.0,0.22261259,0.9377572,0.38690087,0.17865545,0.9589842,1.0,0.22613643,0.26193303,0.66064876,0.36694327,0.55385196,0.62714756,0.0,0.48585066,0.104539454,0.05422213,-0.07999019
0.5679175,0.482391,0.78520954,0.583225,0.96053064,0.9919982,0.34642887,0.19265354,0.38515398,0.352561,0.28876173,0.1374409,0.094248235,0.058658242,0.77187854,0.31493762,0.7993554,0.8811872,0.32276246,0.6790743,0.77213365,0.25316787,0.40011072,0.46817434,0.26774612,0.6344778,0.45786548,0.0,0.59855753,0.064087525,-0.016314868,-0.10926145
0.5382553,0.42479685,0.9906639,0.5631136,1.0,0.8879267,0.27581364,0.078143425,0.5337947,0.34818152,0.6228566,0.34724766,0.32547802,0.05999597,0.71592486,0.3011781,0.5540154,0.8881085,0.41842076,0.5080191,0.5542367,0.72028434,0.54697865,0.751082,0.36583954,0.57362205,0.3465636,0.09201282,0.5421828,0.19624722,-0.07247464,-0.032662358
0.35904616,0.4382015,0.9340594,0.8319978,1.0,0.9497759,0.2490591,0.36709514,0.3946046,0.28175387,0.32025313,0.3149416,0.25313926,0.07992832,0.6884711,0.30632734,0.634528,0.6800881,0.618525,0.44234413,0.2254641,0.4888942,0.514313,0.778856,0.5640386,0.6778542,0.2892717,0.08934748,0.33999795,-0.0027486272,0.2020025,-0.1448311
0.0,0.20311174,0.024118152,0.12704857,0.8920943,0.95291626,0.30195934,0.3773802,0.43940032,0.29258704,0.28346664,0.480458,0.20855723,0.30371916,0.47412333,0.47901335,0.23893078,0.4977259,0.52698576,0.48130873,0.3823982,0.4326461,0.37812307,0.68955356,0.54355925,0.7968703,0.29972982,0.0,0.35832983,0.2636942,0.064857446,-0.15446252
0.21522892,0.22991452,0.2605725,0.0,1.0,0.8817934,0.11808644,0.24466527,0.2819127,0.47964552,0.35043305,0.21529761,0.23700045,0.11508608,0.38544488,0.48101977,0.34784743,0.68220484,0.6236777,0.4066289,0.27956647,0.34280697,0.607871,0.5765192,0.68693024,0.34851328,0.33543864,0.018297777,0.7138535,-0.11975658,0.0012601614,-0.1368501
0.20442802,0.13222119,0.09361149,0.05833642,0.8922571,0.9858388,0.16646817,0.18939888,0.46628213,0.13487911,0.52240926,0.4227107,0.16523021,0.4702816,0.06857943,0.43834928,0.393028,0.64227504,0.70068705,0.5067332,0.2912655,0.5154673,0.66844594,0.56341857,0.29331937,0.7248294,0.19216275,0.033382848,0.8049235,0.09260381,-0.21985297,-0.17999417
0.03289791,0.2716773,0.01019693,0.0,1.0,0.91921604,0.1854478,0.0989445,0.5687864,0.37238812,0.34515148,0.16237597,0.13447528,0.37826395,0.05685854,0.39632633,0.4405536,0.75089496,0.74974513,0.034572035,0.48475704,0.4299104,0.45385945,0.68648326,0.5036592,0.9977093,0.16663048,0.26310697,0.84354585,-0.009237405,0.15205242,0.07544036
0.011809722,0.0,0.0,0.0,0.9992579,1.0,0.055724636,0.43155396,0.5182606,0.3808264,0.34723058,0.48428285,0.31232136,0.384902,0.04459039,0.34998924,0.24246225,0.9397948,0.48042923,0.29339087,0.19579235,0.7641746,0.5073199,0.7677909,0.38929373,0.71786,0.18961461,0.113041714,0.7769046,0.06141153,0.0016430086,0.06787921
6.639585e-05,0.18991685,0.0,0.14658058,0.9516424,1.0,0.2940092,0.08580808,0.29225495,0.3479855,0.28253293,0.3061486,0.36743128,0.15334511,0.0,0.29013193,0.25259662,0.76568526,0.4049397,0.09713408,0.37625343,0.5968535,0.64440197,0.8660132,0.29483837,0.80976856,0.45016378,0.13744147,0.63191414,0.14575666,-0.08786305,-0.015264034
0.059115596,0.0,0.0,0.073154114,0.98188305,1.0,0.07373054,0.14393577,0.33051378,0.44670674,0.4654377,0.42586917,0.28384587,0.41597444,0.0,0.39067084,0.2850893,0.5950244,0.51412666,0.3908313,0.4605423,0.534961,0.76081383,0.72495997,0.48783493,0.7846165,0.29521036,0.2241014,0.7147825,-0.118527904,-0.023187242,0.04184439
0.090914585,0.0,0.0,0.0,0.8591468,1.0,0.07333056,0.11986609,0.254314,0.42387757,0.45503315,0.23936644,0.38818815,0.4952949,0.10143675,0.3765533,0.0688725,0.59080696,0.63358754,0.12862657,0.3444872,0.5345616,0.47857964,0.9684589,0.32267138,0.75333756,0.46980202,0.22230658,0.8311481,0.01181951,-0.03178391,-0.0016694674
0.06778879,0.12044707,0.0,0.13289803,0.89647883,0.99492127,0.19072421,0.16035601,0.32093745,0.2956394,0.61134106,0.40872002,0.51108426,0.274324,0.0,0.4257659,0.44781297,0.8025601,0.7205888,0.3159264,0.39551076,0.6106289,0.42165136,0.8667383,0.21767224,0.87198013,0.4398052,0.14754575,0.60132164,-0.1008422,0.11588379,-0.0570777
0.20245299,0.0,0.017672185,0.0,0.9263954,1.0,0.17905599,0.123873636,0.3153711,0.29387078,0.34676167,0.43868148,0.32415023,0.3884852,0.04550516,0.32600674,0.40394205,0.90416986,0.58464915,0.31053773,0.080222964,0.48116237,0.5271022,0.95365155,0.30055797,0.8381709,0.32302043,0.15196322,0.41339114,-0.020530447,0.029558305,-0.09222874
0.15074858,0.0,0.18563275,0.0,0.96260625,0.91175056,0.39155504,0.23738186,0.31714988,0.39478624,0.53054535,0.20892936,0.3226685,0.517165,0.0,0.41450852,0.15100528,0.71412075,0.597049,0.2502859,0.2099522,0.6455206,0.5614859,0.9633221,0.28061017,0.88454944,0.21591714,0.13827617,0.3329878,-0.055355072,0.26962492,-0.0063840896
0.041079644,0.017653665,0.08120531,0.41212893,1.0,0.9613953,0.120987,0.27210104,0.23916456,0.5210175,0.49207324,0.32727253,0.33264464,0.23825528,0.033411063,0.36739707,0.24805047,1.0,0.62297636,0.4182582,0.039628208,0.62189764,0.6032686,0.9435998,0.34126616,0.80240977,0.4068606,0.31090835,0.36804238,-0.04569943,0.03487304,0.118811816
0.16072696,0.02329133,0.049553584,0.032195143,1.0,1.0,0.28973806,0.45353696,0.3939072,0.29767773,0.46827585,0.33306137,0.3925439,0.3639777,0.023581766,0.46341464,0.29921606,0.86570024,0.6351042,0.21003364,0.23392996,0.6389768,0.43436617,0.69169986,0.31784213,0.90721256,0.30623388,0.06436829,0.3157824,-0.22394195,0.041279033,0.2590896
0.10513753,0.0,0.03982054,0.007301789,1.0,1.0,0.25019422,0.2821787,0.23652685,0.5090787,0.7316556,0.12002323,0.30275422,0.3847348,0.20322634,0.35134566,0.4088167,0.8534292,0.83119744,0.34034368,0.16927531,0.7311893,0.52404314,0.77494943,0.40274858,0.88989115,0.31433827,0.22510824,0.3682233,-0.20152599,0.043846,0.040398996
0.0,0.0,0.13966323,0.060796425,1.0,1.0,0.0,0.12416947,0.46374425,0.46136487,0.5671461,0.40987426,0.55314326,0.26377332,0.0,0.48657066,0.47568005,1.0,0.63040084,0.18400875,0.2723955,0.423382,0.37086147,0.9516032,0.19626802,0.8523356,0.52475524,0.19202949,0.6876726,-0.062247634,-0.004741825,0.035943866
0.0,0.036011286,0.0006570143,0.055731595,0.9806206,0.81946874,0.5043482,0.28174406,0.53834784,0.35450688,0.45216367,0.31944585,0.34888715,0.44003916,0.10364279,0.5694205,0.21569191,0.849966,0.53579134,0.32029653,0.3472372,0.6447539,0.57502556,0.76313716,0.49240708,0.77535653,0.39822942,0.044529535,0.6485605,-0.03283428,-0.03152992,0.031854775
0.0,0.0,0.0,0.0,1.0,0.9892469,0.2103143,0.2683875,0.40173256,0.31909528,0.26638937,0.34054768,0.31923732,0.31479943,0.0631904,0.3958717,0.39864025,0.8446014,0.5862465,0.14004587,0.13239968,0.45213145,0.55073804,0.6810086,0.40380755,0.673621,0.38291246,0.072617814,0.71146613,-0.11383683,0.03187206,0.030071534
0.0,0.0,0.2231183,0.005670022,1.0,1.0,0.0,0.30579355,0.36435413,0.48880032,0.43127826,0.47997257,0.36613756,0.41859537,0.0,0.61510116,0.38651738,1.0,0.5625378,0.41989756,0.42469418,0.49597996,0.5715871,0.82168347,0.3120053,0.7713385,0.31753817,0.12936258,0.49307892,-0.032268554,-0.036743905,0.005764017
0.014189079,0.0,0.0,0.0,1.0,1.0,0.36183897,0.38009065,0.5227432,0.3283494,0.37575606,0.3216762,0.39221108,0.43838787,0.3155486,0.57064533,0.6195513,0.8528156,0.42244244,0.21789494,0.29297253,0.66042084,0.588385,0.8122943,0.17482303,0.6611948,0.45426184,0.0106005445,0.42670986,-0.06812031,0.05028016,-0.045500312
0.09804051,0.10003523,0.094138235,0.09979004,0.9585969,1.0,0.05518444,0.27223945,0.48285282,0.66872984,0.3856942,0.14213233,0.23645896,0.42937875,0.0,0.47513378,0.25099903,0.69650334,0.60658437,0.24405088,0.2552173,0.38904792,0.59558487,0.9048294,0.5230521,0.79383504,0.368994,0.0,0.5499026,0.008989848,0.15037678,0.12096444
0.0,0.102042496,0.0,0.0,1.0,0.85961753,0.037162364,0.27091697,0.47929174,0.513747,0.5458428,0.3643899,0.18417326,0.40719694,0.0,0.5969261,0.28333834,0.89916265,0.54472107,0.28621793,0.40284663,0.6349651,0.6153303,0.8350536,0.21738632,0.8936384,0.31397343,0.12402343,0.441854,0.02753998,-0.026993752,0.08660997
0.068642065,0.03148606,0.0,0.0,1.0,0.90055287,0.1527316,0.15680201,0.4740083,0.34960032,0.37828484,0.35812896,0.3282081,0.5112434,0.13080963,0.60767263,0.3006077,0.4899685,0.6272414,0.24314463,0.33102894,0.5641473,0.6043259,0.8713908,0.3444719,0.88774884,0.29855794,0.0,0.34683922,-0.0019405745,0.045989774,0.06376112
0.042927213,0.09388261,0.0,0.0,0.9569405,1.0,0.3121938,0.58077383,0.44912314,0.4447692,0.4766165,0.4843406,0.3546357,0.4619759,0.010072716,0.3489329,0.18205771,0.5986577,0.60086626,0.4271843,0.20814332,0.46525285,0.65074813,0.89599043,0.55498844,0.59930366,0.56267303,0.12473492,0.39341784,0.1856145,0.10441925,-0.08205074
0.14768836,0.03755837,0.308003,0.28108042,0.8796466,0.96069705,0.7627758,0.86636525,0.30924064,0.308101,0.46807274,0.3891827,0.2236949,0.37887454,0.26200646,0.5162956,0.47923797,0.89660907,0.5999909,0.23396417,0.27284566,0.68019825,0.67463243,0.89697486,0.27040464,0.64096886,0.41244227,0.0,0.27452928,0.10108136,0.18244177,-0.005682025
0.0,0.08692835,0.0,0.15307689,0.88345337,0.8558537,0.32581952,0.0,0.44593993,0.35984766,0.30403638,0.45072457,0.72993284,0.29401302,0.053020313,0.58434933,0.19792132,0.6758433,0.24642664,0.26685607,0.29024065,0.55826634,0.5543958,0.8376507,0.32463077,0.7126672,0.16134132,0.15609695,0.24211133,0.059627473,0.11427647,-0.15083607
0.013764407,0.0,0.0,0.0,1.0,0.9441592,0.0,0.26829425,0.40349448,0.43651366,0.3183427,0.56516635,0.25704938,0.32257867,0.2195684,0.45656458,0.46664727,0.77718586,0.63350755,0.45568413,0.34539053,0.502172,0.5696112,0.67979765,0.2799798,0.88672364,0.27041462,0.06273766,0.26167125,0.06854992,0.010185856,-0.0059734527
0.02004601,0.15697914,0.0,0.009574022,0.7395731,1.0,0.15363684,0.036860593,0.53888166,0.30925766,0.5527081,0.5661483,0.38361886,0.37834707,0.38595653,0.4519518,0.5639086,0.65492105,0.7366041,0.4873536,0.43849224,0.6172161,0.6401533,0.96319056,0.45631278,0.86747694,0.1978868,0.08636925,0.39979297,0.01614151,0.08359879,-0.034544736
0.0,0.0,0.0,0.0,1.0,1.0,0.2705226,0.23964325,0.3058576,0.46287802,0.13935444,0.36982495,0.39624453,0.27491763,0.3636362,0.7033721,0.3997848,0.7467795,0.7295219,0.41713306,0.40701717,0.6001538,0.4065032,0.8073554,0.43420655,0.81185186,0.31140995,0.0,0.48755407,-0.053770117,0.04425153,0.04060612
0.0,0.043588504,0.0,0.0,1.0,0.8700923,0.18493651,0.21492568,0.51539326,0.46772152,0.23407722,0.47989577,0.5297114,0.38147098,0.44854861,0.4714086,0.39977223,0.87996966,0.54060286,0.32655418,0.19345656,0.5114642,0.4984046,0.89123726,0.3901624,0.79777175,0.3617369,0.1349645,0.3831467,0.12656051,-0.06643585,-0.13261193
0.066493005,0.0,0.14657752,0.0,1.0,0.9569693,0.13964818,0.350448,0.4751314,0.27642125,0.2640549,0.63922536,0.38393164,0.40747616,0.0,0.25785482,0.29121664,0.60840213,0.42850924,0.4183817,0.32556596,0.47369236,0.71462935,0.8295426,0.5556733,0.5781957,0.39574906,0.008664273,0.59744585,0.071912766,0.026478887,-0.11941329
0.2299271,0.01035504,0.0,0.17140839,0.9907126,0.90285504,0.16897038,0.17624953,0.26897827,0.44378424,0.17447625,0.4211635,0.25496832,0.3016799,0.1079206,0.3664784,0.40297616,0.6718855,0.69526225,0.5690449,0.36302987,0.5596362,0.7532369,0.87564224,0.42309314,0.94582844,0.42758125,0.0,0.45116338,0.22952665,-0.11904453,-0.03369388
0.0,0.093522124,0.0,0.0,0.93999153,0.96981436,0.23818552,0.040781416,0.46975586,0.21770594,0.3819972,0.40045434,0.08814713,0.44601637,0.16985375,0.28119874,0.44573733,0.7666762,0.66247433,0.38029876,0.58606714,0.59023416,0.5675374,0.6241774,0.25530663,0.9167942,0.32418677,0.0,0.5453749,-0.008074008,-0.05849145,-0.22337338
0.05380431,0.0,0.0,0.0035949834,1.0,0.9214392,0.25412023,0.0,0.4317689,0.26080132,0.26858672,0.41418839,0.2783947,0.33631125,0.08917983,0.6139529,0.6663959,0.8493616,0.5446043,0.54106593,0.40379375,0.6052015,0.43228686,0.7071249,0.34318903,0.9934752,0.53023154,0.14211512,0.5000719,-0.1047615,-0.02712911,-0.21749783
0.0,0.12948462,0.0,0.0,0.98957664,1.0,0.071239576,0.10465921,0.35045943,0.28275293,0.33124116,0.5647992,0.33650512,0.3726035,0.5542059,0.33549744,0.404891,0.75338274,0.69703984,0.70047456,0.44269094,0.43504414,0.39239222,0.622756,0.3534694,0.8600283,0.115463555,0.2564163,0.38837463,-0.008601835,-0.25178143,0.10426746
0.05412473,0.03372172,0.1042476,0.0,0.8948154,0.9201075,0.3254251,0.12105128,0.3240468,0.16755122,0.3856993,0.44541967,0.39913383,0.36373144,0.0,0.6129891,0.35615188,0.74333054,0.81889534,0.5391889,0.32668138,0.44443467,0.56987226,0.75007707,0.24580812,0.81086004,0.32912642,0.084360175,0.4116789,0.028850447,-0.11083982,-0.14106484
0.0,0.18437403,0.0,0.0,1.0,0.9576933,0.21868396,0.10315956,0.24414119,0.48325858,0.3313688,0.4202506,0.32595998,0.25452396,0.065958306,0.24375246,0.2450634,0.88572586,0.6752178,0.300597,0.50706214,0.5894942,0.43016988,0.98803765,0.3514478,0.76666933,0.33445647,0.06377071,0.4701841,-0.03164743,-0.10334967,0.15463679
0.0,0.0,0.0,0.052669138,0.8450138,1.0,0.18499067,0.11167775,0.54483014,0.26444435,0.022399232,0.48250353,0.7831608,0.2808761,0.09743415,0.52554154,0.47993177,0.83081776,0.35888508,0.4617899,0.5344994,0.5439835,0.67659885,0.78223467,0.39388546,0.8087674,0.31412107,0.14822823,0.35702416,-0.006666187,0.0019409955,-0.14425379
0.0,0.0,0.0,0.040185925,0.8614989,0.87993973,0.07161422,0.24958232,0.55694157,0.47725752,0.21682136,0.40495664,0.43321744,0.4363602,0.39634448,0.43583024,0.35543802,0.63024175,0.61451066,0.10138178,0.43977216,0.7591336,0.67629063,0.6773013,0.30252087,0.9241356,0.28067046,0.0,0.10328542,0.11462392,-0.002138093,0.047403455
0.0066198045,0.07908823,0.0,0.040310584,0.88100964,0.9529088,0.33297795,0.29283172,0.32992613,0.37735304,0.38954458,0.26428348,0.4597923,0.33243123,0.40284318,0.60400355,0.31974608,0.78428566,0.49822187,0.5113891,0.39604977,0.43107,0.6785891,0.9531717,0.37962627,0.9015136,0.5080066,0.12756495,0.32980692,-0.022085018,-0.03829296,0.05974772
0.114090875,0.007533483,0.02311457,0.0,1.0,0.80654335,0.21817648,0.32847232,0.37942904,0.24549864,0.59830856,0.38686234,0.364805,0.2752031,0.052593216,0.37306362,0.45722404,0.8142929,0.40107125,0.40749526,0.3878309,0.536775,0.59290403,0.7936881,0.33751917,0.86835235,0.38939744,0.10145274,0.0,-0.05503349,-0.03537946,0.25086227
0.14680836,0.13827237,0.06242697,0.0,1.0,1.0,0.19821429,0.190186,0.2886759,0.4674578,0.36974925,0.40239885,0.4056334,0.3772478,0.12640917,0.52101344,0.16166593,0.7936018,0.5563925,0.4230855,0.48530978,0.45758578,0.42744544,0.78637993,0.35276073,0.82031196,0.35272303,0.18907687,0.009828359,0.070570916,0.26990792,0.08453412
0.22376186,0.0,0.0,0.015220739,0.96489716,0.9315813,0.07941442,0.02214393,0.28008994,0.26229858,0.61831,0.35444993,0.26310676,0.42027387,0.124727756,0.6116711,0.12004624,0.87214345,0.5331535,0.21006085,0.42538306,0.6053735,0.5451497,0.8413675,0.5642665,0.83087945,0.20779794,0.19103467,0.12525572,-0.05823156,0.078969784,0.29878607
0.0,0.0,0.0,0.14713031,1.0,0.81928295,0.4189803,0.19566545,0.20092674,0.4542499,0.32826957,0.38788214,0.5057876,0.2776924,0.23846018,0.23995869,0.3019149,0.75811034,0.2841224,0.3254559,0.23025042,0.42233205,0.7604618,0.85764503,0.37451765,0.77145666,0.18837261,0.021690927,0.34306332,0.15456209,0.24625404,0.17871973
0.07730818,0.18493906,0.06372675,0.0,1.0,1.0,0.0,0.18505666,0.41245338,0.3952514,0.4465217,0.27238196,0.045726538,0.12872827,0.18676244,0.51081467,0.39014947,0.85143375,0.4493888,0.25781223,0.31132284,0.39422613,0.58874875,0.69991136,0.37642437,0.6809402,0.13142256,0.074077964,0.24745218,-0.0070306435,0.10867695,-0.028282158
0.0,0.048085496,0.09186931,0.0,0.9658818,0.90335023,0.11311425,0.0,0.5238131,0.2699545,0.37368664,0.2960598,0.3880633,0.3660953,0.27948457,0.44487876,0.37590528,0.6562018,0.44766507,0.18832332,0.28539383,0.6957785,0.519231,0.7496147,0.37864637,0.95771736,0.22968961,0.07865845,0.0,-0.078178294,-0.0003212206,0.013066743
0.0,0.0007167449,0.03320067,0.11383711,1.0,0.7174808,0.23862423,0.18036948,0.27685505,0.60620207,0.41834992,0.2367867,0.52310437,0.25718546,0.1927516,0.47547823,0.17741528,1.0,0.41533235,0.2886761,0.0,0.6091408,0.55523163,0.7444845,0.58382106,0.7863677,0.5137879,0.0,0.32911322,0.2889706,0.12917584,-0.05542308
0.08861561,0.042902164,0.11361787,0.057400588,1.0,0.9092814,0.25431865,0.057704583,0.5148598,0.4167637,0.43906242,0.18427408,0.45566005,0.32494748,0.17502835,0.60727423,0.4726107,0.8368679,0.36957014,0.03062722,0.5771847,0.566509,0.7377568,0.9033701,0.29174176,0.78393286,0.3395687,0.20915896,0.4953991,-0.061630856,0.031824823,0.016017007
0.0,0.0,0.0,0.11900317,0.96965003,0.83071214,0.10190145,0.0,0.4831676,0.27617955,0.5879111,0.3916129,0.22621368,0.2513576,0.50445104,0.4908085,0.8036884,0.9023149,0.25406706,0.58148754,0.5616678,0.40425298,0.6150112,0.6874697,0.42265958,0.7113521,0.46249753,0.12610671,0.7211023,0.18856382,0.09391267,0.12440534
0.26219702,0.3751825,0.4614174,0.42952767,1.0,1.0,0.14310953,0.04954034,0.4314928,0.5203249,0.38812324,0.22267246,0.37675303,0.19709192,0.6220787,0.50402325,0.8392942,0.69008255,0.36766547,0.8533117,0.8977024,0.1911419,0.33643448,0.74289685,0.53706276,0.61397386,0.19701278,0.09960811,0.50216913,-0.04183037,-0.1186222,-0.13163352
0.04445546,0.072978355,0.0,0.0,1.0,1.0,0.029714487,0.073069826,0.30849576,0.41245425,0.235837,0.49409544,0.2982241,0.1590521,0.3161531,0.2915936,0.5476484,0.71731335,0.8519459,0.17287347,0.27818075,0.7041638,0.69219315,0.61734253,0.30021515,0.6929853,0.43710712,0.24658762,0.37855023,-0.03629303,-0.053938523,-0.061455347
0.0,0.16103159,0.0,0.0,0.8589774,0.89928645,0.101085275,0.20784357,0.62410367,0.42348054,0.30666912,0.38500887,0.14095052,0.31575862,0.4663711,0.40951422,0.36603272,0.63042855,0.47201556,0.50595754,0.6434945,0.5295306,0.72365767,0.72957826,0.4935655,0.6378102,0.42154244,0.03472668,0.57116306,0.20686442,-0.07694976,-0.25490686
0.23127337,0.4286353,0.41723478,0.4848462,0.7915645,0.97823036,0.23476219,0.27977654,0.29149133,0.34000322,0.1253595,0.33276117,0.3430155,0.10612574,0.76290756,0.27959737,0.5653278,0.6592737,0.50853896,0.64358044,0.64406985,0.50353724,0.48590955,0.79453427,0.10579471,0.7389608,0.38698733,0.2067997,0.3269597,0.06050929,-0.18625887,-0.41236985
0.0779963,0.074411206,0.21471223,0.3411418,0.97558886,1.0,0.1328232,0.1510111,0.41287202,0.61969054,0.21803588,0.523591,0.1285581,0.07122907,0.7603585,0.34576005,0.72117764,0.7191887,0.1563702,0.7582112,0.8065149,0.54959345,0.34851724,0.8332511,0.3899748,0.8381578,0.5591097,0.06801715,0.2747159,0.022405056,-0.14443675,-0.056743994
0.21998535,0.24611512,0.0,0.053214468,0.96492076,0.96595955,0.28349304,0.14849724,0.58193815,0.45361435,0.0,0.33506298,0.36057973,0.31547192,0.6997159,0.22151253,0.86747897,0.70695096,0.34065455,0.8199137,0.87284285,0.4784941,0.34778494,0.80719036,0.32046038,0.6611461,0.47353885,0.0,0.45608523,-0.08886524,-0.079328485,-0.2764287
0.0,0.19155875,0.05058759,0.004554473,1.0,0.96938074,0.21158354,0.25483173,0.31360292,0.5172057,0.43357304,0.35500932,0.45748183,0.47715983,0.6418267,0.3213991,0.71586955,0.6207511,0.59417754,0.74365646,0.85090333,0.55490994,0.4812025,0.82787734,0.2894883,0.7262952,0.48220614,0.3340024,0.56387746,-0.12660944,-0.19558509,-0.0035362989
0.0,0.2837299,0.07975183,0.11225965,1.0,1.0,0.38367188,0.3223303,0.34545976,0.4500941,0.42110264,0.52884287,0.32517186,0.33263788,0.57004994,0.3184447,0.7295447,0.7601711,0.27371144,0.88927996,0.72317094,0.4305303,0.5055485,0.87630385,0.3344785,0.7773756,0.1788545,0.0,0.590402,-0.07823716,-0.14557427,-0.19820483
0.0,0.18757737,0.0,0.24499404,1.0,0.96456474,0.25839284,0.11438422,0.2980625,0.39359778,0.4224561,0.27734864,0.35558927,0.27095446,0.85407215,0.1547867,0.8648257,0.5855453,0.48839468,0.93630755,0.71344095,0.3320681,0.30142066,0.965585,0.3555543,0.7796753,0.40705875,0.19345868,0.3796014,-0.08296561,0.07532136,-0.23512495
0.006483242,0.0,0.2877272,0.22989501,0.86828077,1.0,0.22639589,0.29891735,0.5038972,0.37695277,0.5471469,0.24339958,0.42799193,0.080599636,0.732189,0.39874506,1.0,0.56208247,0.2550883,1.0,0.6248779,0.45302165,0.33975342,0.85428023,0.2591833,0.6928518,0.34641054,0.0,0.39304093,-0.1059536,0.07325019,-0.11098803
0.4774272,0.42071086,0.8587929,0.74040306,1.0,1.0,0.16453023,0.27261013,0.47030646,0.25802702,0.3632733,0.109103456,0.37268972,0.11990544,0.92635363,0.24216981,0.7451054,0.69534236,0.5918696,0.8946272,0.86510384,0.35878417,0.2659923,0.7971304,0.50896865,0.628525,0.36028412,0.22005378,0.45820814,0.11576587,0.07713774,-0.17757845
0.19036365,0.34440154,0.116605245,0.1822003,1.0,0.83462346,0.24384052,0.120597735,0.43806362,0.5217798,0.20698093,0.29244632,0.39940387,0.2774766,0.7380311,0.23275,0.91969836,0.48218876,0.4503462,0.8827504,0.9800658,0.74151945,0.54778135,0.55201906,0.3375929,0.8560507,0.4003061,0.0,0.3991586,0.006088867,-0.21702847,-0.19148561
0.49257675,0.49454653,0.92613137,1.0,1.0,0.97234404,0.18330598,0.12707673,0.208705,0.27275974,0.07011521,0.3713684,0.3200355,0.40541402,0.89765525,0.26644766,0.90842927,0.61988705,0.4116944,0.78965884,0.92000973,0.43946135,0.3435201,0.7696886,0.40044168,0.7225955,0.15056829,0.0,0.2536975,0.022873461,0.12270288,0.057527833
0.5986465,0.7494732,1.0,0.99235797,1.0,0.80061203,0.22828746,0.09661972,0.4975309,0.53843266,0.4929658,0.2718867,0.08618122,0.21467492,0.81228584,0.37473541,0.8805522,0.83843946,0.6154147,0.8676098,0.93566114,0.49831107,0.559741,0.79890877,0.36340475,0.8318372,0.34525937,0.018510439,0.47872883,-0.048297495,-0.087132156,-0.07429348
0.56868875,0.6750919,0.95087314,0.95166826,0.9520737,0.9084979,0.23615617,0.21401024,0.3880528,0.3863872,0.33280617,0.27201417,0.27210668,0.21301039,0.7256886,0.4020272,0.8078415,0.6384842,0.21836033,0.71489966,0.63294375,0.4326957,0.43069085,0.61276597,0.33134946,0.62614626,0.4038301,0.0,0.3232111,0.026673984,0.015114471,-0.012011637
0.549111,0.3711773,1.0,0.8548706,0.8455539,1.0,0.14992501,0.40121138,0.35855305,0.661866,0.5626681,0.24895827,0.3762921,0.24878958,0.87900835,0.4173448,0.7692491,0.7906969,0.17693065,0.79453653,0.7459376,0.4202615,0.49124315,0.9511362,0.45250255,0.7397136,0.43433455,0.0,0.26893187,-0.016468735,0.19241694,-0.101155326
0.56712914,0.4156869,0.7466959,0.8725842,0.92849094,0.7593812,0.15861793,0.12149589,0.23868929,0.58407414,0.4718911,0.46993655,0.17842515,0.20848337,0.9219768,0.2945001,1.0,0.7441707,0.42143437,0.82222927,0.9063808,0.4343206,0.4425884,0.91849077,0.35139716,0.612367,0.36935875,0.0134707745,0.26116243,0.041206043,0.049987398,0.014315948
0.65637106,0.589761,0.78789747,1.0,1.0,1.0,0.16667242,0.14105362,0.3757719,0.37261677,0.49359342,0.2776662,0.098902956,0.121828556,0.86883533,0.1913069,1.0,0.6920524,0.22693129,0.85288346,1.0,0.48334906,0.46588206,0.9182213,0.56168723,0.44485205,0.32516164,0.20669274,0.5500507,0.21867502,0.10184903,-0.11403909
0.40525192,0.4418709,0.9803234,1.0,1.0,1.0,0.2082563,0.15128109,0.06733796,0.3260916,0.4105705,0.36920097,0.16811529,0.069840856,0.86794126,0.34552115,0.90048325,0.43135682,0.33753067,0.585868,0.93043905,0.18263455,0.42228112,0.5642639,0.5011867,0.732341,0.38230497,0.0,0.23490152,-0.10261203,-0.057135865,0.109711036
0.3535691,0.46290642,0.49635142,0.46202213,1.0,0.9699506,0.18207136,0.11844788,0.4349953,0.36141878,0.5041311,0.45914662,0.19390178,0.26402265,0.6729896,0.32042903,0.7188211,0.5965032,0.32512128,0.6746103,0.740863,0.3122276,0.41431168,0.7742039,0.37931412,0.7202887,0.5315983,0.0,0.07673435,-0.053783134,0.13478288,-0.11327029
0.23232558,0.23161814,0.29451105,0.2036722,0.89850235,1.0,0.33375508,0.13538541,0.48111796,0.43461668,0.35680443,0.44935656,0.22286844,0.20358047,0.4564831,0.2865885,0.67492807,0.77214694,0.5200941,0.63322854,0.47519842,0.3928293,0.6330768,0.60511154,0.1956103,0.80370283,0.14578855,0.0,0.15238473,-0.03084878,0.23376957,0.31181493
0.21647245,0.0,0.09497377,0.0016089492,1.0,1.0,0.32450855,0.3480127,0.3828925,0.45598406,0.39896762,0.21671787,0.33235252,0.38682178,0.28018093,0.42689076,0.26928878,0.83291686,0.46659797,0.30641782,0.26822054,0.7714401,0.5698587,0.80473435,0.40999165,0.8542875,0.34350014,0.0,0.18014523,-0.0049930103,0.16896154,0.011311423
0.0,0.0,0.0,0.09137997,1.0,0.81152886,0.092428565,0.23621038,0.3755236,0.4194498,0.33223805,0.26957834,0.37842304,0.48104787,0.20753618,0.4506474,0.42452413,0.5375432,0.61458737,0.5158048,0.23540218,0.5894674,0.3061414,0.6578305,0.24352044,0.82888067,0.2611294,0.0,0.46927598,-0.051681824,0.06002558,0.008661304
0.1535587,0.009263486,0.13651767,0.09912729,1.0,1.0,0.17936882,0.0,0.34688795,0.51934373,0.32295325,0.4035502,0.5423839,0.49610367,0.09790911,0.60119736,0.11873461,0.73447365,0.67096883,0.37728757,0.1943669,0.542858,0.60568666,0.6086875,0.45452216,0.9964491,0.3251612,0.11398902,0.4752949,-0.14961034,0.02817835,-0.021239633
0.007224582,0.0,0.13863054,0.0,0.976663,1.0,0.0,0.24050654,0.4032743,0.33266205,0.08742386,0.15233928,0.12216598,0.250543,0.08323644,0.6046721,0.29607514,0.82786214,0.6572509,0.3229752,0.25845277,0.4578792,0.6019189,0.91715807,0.3679518,0.8639726,0.45767576,0.0,0.7143716,0.18222786,0.01429062,0.07254547
0.09443308,0.029554684,0.35070264,0.07671982,1.0,0.915934,0.0,0.15078977,0.32698414,0.5303415,0.0,0.45525232,0.4301033,0.40472984,0.1678684,0.29562372,0.251335,0.68689597,0.51054335,0.34139046,0.25405437,0.56667817,0.48868024,0.6548257,0.29052913,0.7438434,0.27593097,0.07882371,0.7083954,0.06381276,-0.056853414,-0.18854523
0.0,0.165908,0.13502055,0.01892455,0.9126321,1.0,0.025704421,0.14935555,0.49396673,0.35627764,0.43462092,0.5273702,0.47981632,0.41536608,0.52314687,0.37400615,0.43454573,0.45786807,0.4714106,0.5866011,0.39519995,0.61674595,0.46117854,0.63190234,0.3881399,0.8992742,0.47146302,0.1698235,0.27664864,-0.08998364,-0.0030872943,-0.1693848
0.07627523,0.045350812,0.03990856,0.062206954,1.0,0.9262326,0.44521552,0.059087187,0.3563927,0.4443613,0.32283452,0.61315703,0.50684047,0.25797266,0.43087652,0.32429373,0.486648,0.8948932,0.507526,0.53783613,0.5314498,0.5542001,0.48223856,0.9385682,0.3889749,0.717843,0.33101696,0.18334848,0.24964073,0.013809495,0.052708946,-0.1172837
0.13750555,0.1067998,0.005679949,0.0025624367,1.0,0.896135,0.23828277,0.18675682,0.47556043,0.39297503,0.25889963,0.3251012,0.4487954,0.3096874,0.35957596,0.25543302,0.66539043,0.62059194,0.6640321,0.41765767,0.5638937,0.57935584,0.45794407,0.755471,0.34588867,0.87723666,0.29364026,0.3149176,0.658087,0.0865251,0.031615205,-0.1320729
0.6043902,0.32887,0.70454526,0.88473576,1.0,1.0,0.1616899,0.093281314,0.47734743,0.26908264,0.29220134,0.38031262,0.2681845,0.25137562,0.374225,0.28468913,0.58923393,0.7183079,0.3317679,0.60439956,0.4870174,0.35370612,0.5724168,0.7555415,0.46905074,0.634167,0.45189613,0.089882426,0.52449495,-0.14183013,0.055151213,-0.04629454
0.38403633,0.3246398,0.85175914,0.8729402,1.0,1.0,0.25007695,0.18804927,0.369859,0.5581229,0.2806758,0.6196741,0.40413684,0.52605826,0.37572148,0.3365315,0.64505154,0.7250662,0.42465767,0.5528491,0.48549482,0.45582905,0.59588933,0.6982822,0.5015209,0.8183696,0.46473107,0.26347578,0.7848379,-0.08257134,-0.008713246,-0.08775339
0.3457831,0.075970076,0.08811937,0.0,0.8448237,1.0,0.27149096,0.251787,0.47233862,0.4642853,0.40737808,0.33965588,0.38220367,0.43359596,0.22263524,0.4887439,0.4088955,0.654125,0.5277614,0.72003764,0.5309609,0.57666606,0.5860516,0.74522537,0.36468595,0.81333345,0.4080899,0.0,0.38446203,-0.0036446434,-0.023090385,-0.22105178
0.101678886,0.28633684,0.11449435,0.13679048,1.0,0.86866236,0.0,0.2974649,0.63659835,0.36856353,0.62955177,0.3492352,0.17863244,0.29805988,0.3553335,0.2452755,0.56862843,0.5317378,0.48739272,0.9975061,0.5038255,0.52146506,0.5732234,0.7530606,0.46953797,0.8959601,0.40048945,0.0,0.34830344,-0.11339766,0.17503104,0.08647515
0.24059968,0.0,0.0,0.10582016,1.0,1.0,0.018160835,0.13050523,0.47236356,0.44849378,0.39466095,0.3016804,0.35956627,0.10922292,0.43067414,0.41247237,0.60243326,0.72674465,0.6221198,0.5989799,0.56909925,0.5830359,0.6752963,0.81799734,0.5275701,0.810776,0.35923553,0.06340037,0.3506036,-0.14064139,-0.019524261,0.007398613
0.107646786,0.11461888,0.0,0.29715285,1.0,0.89874077,0.27536413,0.39737266,0.3987478,0.36363643,0.61717767,0.27315417,0.5630808,0.37318277,0.25706786,0.45955673,0.45934752,0.6902362,0.45113578,0.5773715,0.45753267,0.5297427,0.5177512,1.0,0.2680144,1.0,0.37653443,0.05304179,0.3751451,-0.048011906,0.22874781,0.018667497
0.0,0.039265968,0.033529773,0.1426348,1.0,1.0,0.0,0.1810374,0.3810219,0.28504616,0.49878305,0.2593782,0.4820689,0.29196388,0.2283097,0.32323417,0.6721972,0.65850645,0.33281478,0.4344976,0.33820802,0.39040393,0.71049815,0.7766944,0.47531784,0.7296273,0.22735041,0.0,0.09140588,0.05633855,0.3,-0.06853189
0.0,0.07969865,0.0,0.0,0.953496,1.0,0.19636518,0.22247244,0.3572812,0.464859,0.56135833,0.47907573,0.5310117,0.380801,0.30012992,0.45517558,0.37794447,0.7731872,0.6326456,0.43938738,0.36033624,0.48937497,0.5164393,0.921586,0.40114298,0.79345006,0.356781,0.0,0.19964437,0.0118098445,0.0032852888,0.13171038
0.019152544,0.26217076,0.0,0.07118085,1.0,1.0,0.20409203,0.35655588,0.53071624,0.4270179,0.40986124,0.32063597,0.51997745,0.51453334,0.32920048,0.4188121,0.3505758,0.8110776,0.59058666,0.5603998,0.41357723,0.63238853,0.51345986,0.87382114,0.1645536,0.79869676,0.32508308,0.08672162,0.27180874,0.11772093,0.06709864,0.041187584
0.38858172,0.3449611,0.78952944,0.6423635,1.0,1.0,0.032901287,0.2500181,0.30723476,0.22514568,0.16509521,0.4928014,0.52000827,0.38063535,0.59902906,0.4473274,0.49286643,0.71859896,0.5050471,0.63793683,0.4932549,0.78164804,0.531195,0.841233,0.05981314,0.82050884,0.30762967,0.0,0.23898107,0.025874788,-0.061191063,-0.09533522
0.44691262,0.5498905,1.0,0.8791038,1.0,0.858727,0.092600666,0.21547198,0.44193494,0.10683453,0.204429,0.574012,0.2890281,0.360232,0.5809805,0.38753375,0.51029164,0.5680952,0.5858853,0.6390795,0.69921046,0.4148767,0.53964037,0.915194,0.4175883,0.77234477,0.14726982,0.0027488098,0.33427405,-0.2008209,0.019142509,-0.21443173
0.29320008,0.45885664,0.54861724,0.62778807,0.79901695,0.7619746,0.110015616,0.2058074,0.5862406,0.39405304,0.16113624,0.4627866,0.36288798,0.5688279,0.6133145,0.26303944,0.80119026,0.7754107,0.5112331,0.72243166,0.84283215,0.39507204,0.4811182,0.8224827,0.45725456,0.7299932,0.3193515,0.17206866,0.36841697,0.046693485,0.075090274,-0.13941406
0.06322032,0.14949223,0.12485844,0.2729397,1.0,0.9654388,0.28035617,0.22004339,0.33061087,0.4306097,0.38957337,0.37983328,0.4043829,0.27265453,0.64178425,0.37507895,0.56792307,0.631045,0.32217014,0.40936327,0.58108234,0.45371762,0.3381787,0.8861785,0.3379635,0.77168715,0.23396753,0.2084822,0.25469354,-0.048014514,0.07229526,0.13274507
0.0,0.12151681,0.24668925,0.10727823,0.95003504,0.85958064,0.123304084,0.30850646,0.483688,0.4592426,0.4636433,0.36709774,0.36793798,0.15580095,0.7571679,0.26733708,0.7349862,0.7876446,0.49115425,0.69539696,0.6983825,0.319821,0.36178267,0.75212604,0.3343737,0.81664073,0.27419242,0.1381347,0.15127784,-0.024643488,-0.18062267,-0.12453754
0.050172932,0.4077385,0.3897264,0.20991722,1.0,1.0,0.0,0.109539144,0.48197287,0.67980975,0.16473015,0.52848786,0.40757948,0.18204266,0.9116252,0.14389291,0.8514362,0.7156988,0.3391043,0.7357946,0.8084513,0.2901882,0.19208771,0.88138324,0.3905458,0.818902,0.31440294,0.0,0.38045734,0.13390501,0.26405826,-0.15773746
0.44617724,0.43511593,0.5897817,0.84078646,0.960915,0.94459796,0.12150617,0.25466475,0.377424,0.25517914,0.23205389,0.7099425,0.39208716,0.28901654,0.75088704,0.4054739,1.0,0.64733577,0.13527347,0.9041401,0.99327046,0.2194165,0.29050457,0.66948116,0.24530333,0.6259461,0.34225625,0.18787423,0.54904526,-0.025789402,-0.016933538,-0.081423216
0.68930125,0.5908045,1.0,0.98032284,0.93970615,1.0,0.11027379,0.11051034,0.34623936,0.5705644,0.30064553,0.5919189,0.24715386,0.041693643,0.9883663,0.16591069,0.9341835,0.5788322,0.3799536,0.9604919,0.73753107,0.37929663,0.47450098,0.59593356,0.35521227,0.86037534,0.46373245,0.06682136,0.49255854,0.014114663,-0.009392705,-0.1060848
0.39350215,0.4352896,0.9828253,1.0,0.8904358,0.8410883,0.14647979,0.08225097,0.46236873,0.22463216,0.24812166,0.56537217,0.14108157,0.1720715,0.8097419,0.15025139,0.8048465,0.6217187,0.3795366,0.7431265,1.0,0.1168028,0.20884791,0.5749552,0.23482433,0.631507,0.21326506,0.21235949,0.38991535,0.015370585,-0.17578164,-0.16113472
0.5180795,0.57511216,0.8410571,0.85597104,1.0,0.9729232,0.3034535,0.0,0.37492427,0.53554666,0.22880624,0.5519861,0.16652319,0.2153678,0.7666781,0.23574452,0.72814894,0.75603926,0.26630068,0.95651156,1.0,0.43982652,0.40493983,0.7403604,0.31164873,0.5057776,0.26169196,0.01331301,0.6447568,0.27970552,-0.037645955,-0.070938945
0.5186746,0.5076205,1.0,0.9570446,1.0,0.8053041,0.17104468,0.100926004,0.48750973,0.4897059,0.31724137,0.088960916,0.30149806,0.08843229,1.0,0.21563016,0.91790015,0.5589348,0.39319757,0.93653333,0.8639296,0.30255735,0.40033743,0.6741359,0.41074485,0.8453396,0.43450052,0.0,0.6293776,0.058125973,-0.098712884,0.0419878
0.51442003,0.4905904,0.9788738,1.0,0.9173338,0.9078595,0.36309785,0.11504825,0.3433051,0.2912439,0.20496987,0.72660863,0.09497936,0.3000772,0.89404106,0.34380397,0.97787464,0.5262273,0.5162363,0.97594345,0.9275997,0.48533988,0.25905037,0.773651,0.48061603,0.76587933,0.3006742,0.07273265,0.61903757,0.23553698,-0.22037065,-0.11300451
0.41108724,0.77113736,1.0,0.9351624,1.0,0.98206776,0.15399091,0.023101538,0.28980178,0.22520296,0.22412701,0.422775,0.2709516,0.1184594,0.9921562,0.023359373,0.9367312,0.61953545,0.2801158,1.0,1.0,0.3925994,0.0918099,0.8109628,0.5285418,0.5935766,0.30495888,0.0,0.58445126,0.058782406,-0.15692818,-0.34423333
0.5529058,0.60696906,1.0,1.0,0.9404315,0.89995235,0.21728817,0.16655388,0.4913551,0.51995414,0.14634065,0.4842582,0.13679484,0.17021805,0.87272453,0.17579293,0.9723643,0.5872442,0.3440882,0.9563982,0.89725864,0.361797,0.09110558,0.65640986,0.331935,0.67370236,0.33224422,0.039407052,0.5632066,0.14743125,0.16451424,-0.21238497
0.69911516,0.6714343,0.90092677,0.99945396,0.8731997,1.0,0.22756356,0.28105962,0.62311876,0.61001265,0.14228755,0.30973637,0.14353284,0.3030489,0.788631,0.36503315,1.0,0.7599583,0.41035986,1.0,0.98185456,0.28569824,0.28191924,0.72437656,0.510842,0.55757135,0.4870659,0.15694676,0.70228475,0.27739865,0.0679615,-0.15513021
0.5393295,0.7138957,0.90444,0.94283164,0.89658254,0.9237744,0.23524047,0.03531353,0.28477794,0.2520916,0.15182409,0.5600899,0.30123597,0.22949332,0.8659541,0.10411866,0.8233759,0.63597506,0.21189335,0.8603394,0.84188086,0.31873173,0.41639963,0.6861304,0.338923,0.7205373,0.5545324,0.07949811,0.5598982,0.23133743,-0.13960288,-0.064144835
0.58564156,0.6164205,1.0,0.89775044,0.86145115,0.68213814,0.34977084,0.347261,0.4416487,0.38866124,0.47305053,0.36376137,0.17093886,0.14056265,0.8993972,0.24351953,1.0,0.64189684,0.13037398,1.0,0.80947065,0.27388382,0.29958984,0.7703917,0.4248752,0.636059,0.46214557,0.15637624,0.4656915,0.09538148,-0.23460557,-0.13996705
0.8287876,0.68018615,1.0,1.0,0.93574625,0.91158575,0.22760648,0.27688834,0.2255736,0.3664276,0.09751175,0.52535933,0.27132902,0.14515434,0.7095299,0.2361796,0.8047385,0.7430699,0.24669918,1.0,0.83975166,0.30253947,0.2683742,0.54564047,0.2992962,0.66888505,0.50248426,0.0,0.6537705,0.34443954,0.041511387,-0.13963442
0.601266,0.52609366,1.0,1.0,0.95786124,0.76322985,0.09451855,0.13432688,0.4377523,0.27715248,0.35602313,0.34211576,0.17257169,0.12847045,0.7872111,0.36981887,1.0,0.64303565,0.36353198,0.85087544,0.85513043,0.36932483,0.4579254,0.5103354,0.18413033,0.4511602,0.32613426,0.00032324716,0.657336,0.31277704,-0.22654659,-0.21522099
0.71608573,0.53815013,0.8809279,0.96323097,0.8473564,0.7232877,0.14560893,0.0,0.3639075,0.40574056,0.40647423,0.48585182,0.08696173,0.0,0.8285591,0.37404883,1.0,0.7600957,0.07642819,0.894765,1.0,0.1846367,0.20835108,0.5895257,0.6030767,0.49329174,0.40685904,0.09896252,0.30540884,0.23163421,-0.15569158,-0.036020197
0.6651462,0.7789681,0.9362772,0.9974644,0.98985523,0.8912957,0.18130004,0.3501113,0.5498739,0.30496803,0.18900563,0.32080516,0.10682005,0.055043824,0.8633234,0.17133892,0.9497873,0.6545914,0.30925548,0.8259948,0.8220411,0.23494738,0.44017395,0.47914606,0.46879798,0.61344635,0.38942623,0.0,0.5075954,0.23040684,-0.06294194,0.01951237
0.7842077,0.49393007,0.90724635,1.0,1.0,0.9758522,0.116723515,0.21209246,0.49133968,0.38827622,0.29785776,0.3772784,0.15981576,0.48205557,0.75750387,0.27252233,0.8450043,0.64546925,0.50024974,0.8959794,0.78312117,0.29741344,0.2712605,0.6921851,0.4079888,0.67082924,0.38285208,0.17064512,0.47218022,0.016616866,0.005621247,0.071390085
0.65848166,0.7241721,0.97589,0.96516013,1.0,0.9479265,0.0,0.058210492,0.30102903,0.34169447,0.31199485,0.35771802,0.30897743,0.31065413,0.6129026,0.3599118,0.5884018,0.5289893,0.52759993,0.77734214,0.88682956,0.44528374,0.30739287,0.76296455,0.42516816,0.76938856,0.2709844,0.26498902,0.5501092,0.16247095,0.11617293,-0.0030534863
0.8315035,0.7325607,0.9703787,1.0,0.8534955,1.0,0.19158813,0.2676779,0.28240827,0.38762727,0.54586923,0.3373508,0.15345259,0.2678262,0.56421363,0.36000922,0.77819794,0.77197134,0.5095946,0.88113016,0.5706247,0.4070644,0.54246557,0.6929795,0.47337613,0.8220751,0.53568506,0.0,0.5187971,0.23801528,0.16761824,-0.1714144
0.55410385,0.88392425,1.0,1.0,0.91290814,0.9034879,0.285289,0.059670478,0.44006506,0.37233907,0.38871092,0.17912468,0.2344893,0.16760665,0.6786651,0.45302793,0.8426739,0.684321,0.498284,0.83006203,0.7519132,0.47215277,0.40315464,0.6017078,0.31568927,0.5748721,0.29761863,0.08117059,0.6605667,0.06642006,0.057959363,0.07496526
0.41591465,0.45091397,0.83540624,1.0,0.7936548,0.8798691,0.3949604,0.2823668,0.33488172,0.36092612,0.57394844,0.2860639,0.19780515,0.17266586,0.6448786,0.36898783,0.79391605,0.8691575,0.37140387,0.89051527,0.7739517,0.5182833,0.52976674,0.7868774,0.10134581,0.77378947,0.3311881,0.09647873,0.26950783,0.047798052,-0.13445033,-0.013168028
0.6480861,0.6517587,1.0,1.0,0.8302891,1.0,0.061130606,0.15371308,0.41258866,0.39557144,0.56155515,0.05692847,0.36848092,0.06375401,0.5584903,0.5271542,0.6762769,0.7923132,0.6728547,0.64539313,0.6046412,0.618222,0.82162464,0.5933416,0.23381084,0.68957424,0.35856652,0.058728293,0.27074426,0.14623407,0.26028228,-0.05592154
0.0,0.20520641,0.08440695,0.0,0.8181122,0.86683065,0.12122472,0.26506862,0.33013692,0.6973778,0.42926726,0.117468804,0.35404223,0.27210745,0.13876525,0.5502193,0.45170295,0.40516463,0.46306187,0.33144203,0.45381063,0.624162,0.51445496,0.7263457,0.5172223,0.8929795,0.46594408,0.21932258,0.2667318,-0.034673706,0.08643395,0.24069975
0.095812574,0.34551373,0.0,0.0,1.0,0.86875653,0.2671155,0.19211431,0.53783673,0.30854857,0.43183875,0.2532084,0.14742975,0.4027694,0.31313303,0.35776967,0.30038005,0.65205544,0.71943307,0.42395237,0.398843,0.49045348,0.49842477,0.60834354,0.23911718,0.71826994,0.48159268,0.24150488,0.13500029,0.09799841,0.16928476,-0.013256533
0.11360788,0.15740496,0.121062025,0.0,1.0,1.0,0.05152116,0.20793936,0.38133207,0.35884905,0.44510615,0.2310312,0.11855593,0.2571681,0.28599092,0.38612586,0.26639858,0.7968398,0.86457694,0.21674351,0.3725344,0.6302014,0.55536443,0.6901847,0.27372286,0.75819004,0.256357,0.04214303,0.33637178,-0.038263734,0.18905821,0.11215803
0.08062786,0.0,0.044938378,0.0344214,1.0,0.93256664,0.14669593,0.22054175,0.2749296,0.3293764,0.3339562,0.3319718,0.21724145,0.484668,0.03996378,0.1956323,0.397769,0.6710766,0.6433158,0.22903977,0.41447827,0.701999,0.64007735,0.60185283,0.39937094,0.70065045,0.29491347,0.08019933,0.15784828,0.22165947,0.14601356,0.04827448
0.007862207,0.07916114,0.21106318,0.11077817,1.0,0.9538907,0.18324552,0.16675109,0.3860169,0.55662847,0.6811279,0.20281225,0.16604504,0.025589377,0.31101295,0.5111531,0.23257968,0.7889228,0.71803355,0.48995733,0.4676751,0.72509384,0.51759434,0.68686205,0.3534133,0.79888195,0.40143895,0.011715651,0.4352993,0.14520566,-0.0016761944,-0.060196362
0.15783378,0.48754632,0.44264913,0.5843141,0.879334,0.83855903,0.15779522,0.07735535,0.37821522,0.35452828,0.28634965,0.4495654,0.3974529,0.0,0.30084926,0.40013173,0.31327915,0.86146396,0.7103745,0.50645614,0.5777536,0.59367114,0.60893375,0.7587434,0.41563126,0.75683624,0.38876393,0.0002707988,0.47598532,-0.056241237,0.11172979,-0.35018903
0.16472498,0.061684687,0.0,0.0,0.8525202,1.0,0.082590856,0.3190158,0.5884992,0.3178304,0.53326774,0.37463406,0.21879514,0.3596193,0.26825833,0.22314425,0.38538432,0.97075665,0.7347845,0.4674548,0.34224737,0.55152875,0.54455805,0.78385097,0.39117593,0.733155,0.2698882,0.16300261,0.39321312,-0.0016078744,0.05593259,-0.072194085
0.11276996,0.094493866,0.0,0.1465598,1.0,0.78073776,0.09007425,0.19355613,0.2875477,0.44360894,0.4440775,0.027436346,0.2813392,0.3659575,0.0,0.439279,0.37099433,0.77207947,0.46724552,0.3261451,0.19786566,0.48837748,0.46487975,1.0,0.32860115,0.89274675,0.4224594,0.0,0.51152474,0.020123404,-0.12518851,-0.12199389
0.15407412,0.0,0.053220797,0.0,0.94324136,1.0,0.12117612,0.17178406,0.31228894,0.49730432,0.4157191,0.2770314,0.4039475,0.42871517,0.12411103,0.29211208,0.3187854,0.660276,0.63184726,0.38916206,0.5306583,0.51197755,0.64819294,0.80783737,0.38334882,0.84741753,0.020001471,0.034367204,0.56946605,0.11465744,0.07731935,-0.12103549
0.19305104,0.24024045,0.0759702,0.0,1.0,0.8083873,0.15686846,0.02858843,0.3681725,0.36919528,0.47977847,0.42055392,0.51762235,0.3537472,0.14446764,0.50312954,0.17819011,0.7231623,0.6284373,0.47227824,0.1289382,0.64869773,0.63431674,0.83186316,0.17109181,1.0,0.35013828,0.14747217,0.45623082,0.11305079,0.021370508,-0.11829265
0.117443316,0.028718252,0.16809037,0.16000669,1.0,0.8696331,0.0,0.044602253,0.4933873,0.4447357,0.31898296,0.2536325,0.48787582,0.52445704,0.14471823,0.4634577,0.32554406,0.7999307,0.80464834,0.33898687,0.30415446,0.3845866,0.6324273,1.0,0.33416995,0.84214056,0.266953,0.109499946,0.57534724,0.16541779,-0.04322285,0.07861163
0.0,0.0,0.07662964,0.0,0.94550186,0.96605974,0.21050578,0.31626344,0.56800795,0.63598645,0.33518595,0.36706418,0.34206027,0.44360065,0.0,0.46223053,0.32655436,0.6587097,0.570662,0.46257076,0.10526958,0.5785121,0.56303656,0.62849665,0.39310455,0.8659469,0.4027359,0.14358048,0.5436744,-0.15521093,0.18573561,0.009791471
0.02919448,0.044922076,0.047601953,0.07998887,1.0,1.0,0.047652915,0.28048468,0.37539417,0.23560365,0.43913305,0.2930771,0.3874165,0.5321567,0.112550244,0.5779569,0.1544716,0.71755415,0.5289136,0.3705605,0.34128436,0.44764593,0.5698,0.7992674,0.23880109,0.6780778,0.3759661,0.06383972,0.9300053,-0.065033704,0.11694784,-0.28431174
0.06749388,0.1500502,0.0,0.15373729,1.0,1.0,0.0,0.37793875,0.28366876,0.46375632,0.10858378,0.2722711,0.34023938,0.56518376,0.16023642,0.3810978,0.39845145,0.81005067,0.4754569,0.60460544,0.42704687,0.41763264,0.5597351,0.7907766,0.24585181,0.95315385,0.23303977,0.30110964,0.5915818,0.31413013,-0.022891121,-0.02786941
0.08368754,0.05396768,0.052234318,0.0,1.0,1.0,0.31403744,0.27159438,0.3842662,0.26554537,0.22462225,0.27484488,0.5088469,0.2899534,0.111372255,0.463583,0.41841015,0.9609043,0.7092645,0.5144968,0.4412886,0.38910878,0.4829026,0.90845835,0.4077599,1.0,0.21172675,0.1594714,0.23485215,-0.1827367,0.0732068,0.011716574
0.018691588,0.0,0.25587803,0.020157654,1.0,1.0,0.04380651,0.16229478,0.39925867,0.5878216,0.5971566,0.31565174,0.470742,0.47809535,0.2485005,0.58856237,0.2629415,0.7508594,0.80665886,0.30778164,0.25517547,0.6052727,0.54708445,1.0,0.4697255,0.95942605,0.117165014,0.0,0.35341308,0.016117297,0.14623523,-0.09559728
0.10461807,0.014062397,0.22428031,0.045971666,1.0,1.0,0.2855081,0.36370522,0.3680536,0.39723137,0.5660966,0.54356635,0.40418524,0.1567354,0.6305028,0.3901112,0.6779552,0.6906478,0.5846895,0.82106704,0.7293927,0.43898863,0.49356428,0.96883804,0.37636092,0.8319903,0.46062744,0.0,0.34690294,0.1578214,0.008456305,0.09466441
0.52835935,0.4203819,0.76855457,0.718601,1.0,0.95789903,0.09455908,0.0032055527,0.35000333,0.32624924,0.314627,0.1691971,0.44680437,0.27518535,0.9512243,0.18415433,0.86075854,0.66828823,0.4489514,0.83930916,0.5612769,0.36336944,0.66255426,0.80162823,0.379566,0.8425509,0.5274448,0.0,0.39836216,0.19899395,0.0060087666,-0.055438586
0.5377207,0.4909419,0.86341864,1.0,0.8418361,1.0,0.0,0.20507348,0.3967519,0.49104214,0.43318132,0.39875358,0.39845377,0.47170046,0.4011082,0.48894292,0.5671788,0.7418665,0.3077758,0.50047237,0.5871218,0.548959,0.5844683,0.74774253,0.22321844,0.88974255,0.14584845,0.22973822,0.5517819,0.18635887,-0.0023635775,-0.10797918
0.3943237,0.5927642,0.8544901,0.8513811,0.94342065,0.84039074,0.11208461,0.093732305,0.2479823,0.22390236,0.3510324,0.45297945,0.37711516,0.5165047,0.5956055,0.1613261,0.6509626,0.7895479,0.47378623,0.45500296,0.41398877,0.643138,0.5743087,0.83478993,0.5265163,0.9002589,0.38964847,0.0,0.391877,0.043212056,0.16215321,0.010196496
0.2800035,0.5342759,0.6017549,0.6244628,0.8468534,0.89083564,0.092840895,0.25557524,0.4322,0.15651998,0.29590112,0.36294714,0.35370195,0.40779978,0.5654736,0.23725909,0.36995935,0.7460786,0.68670464,0.70863956,0.41673562,0.20368981,0.70009273,0.8131227,0.087411344,0.68038076,0.3771736,0.14907682,0.49752313,0.100120805,0.018353079,0.0037254877
0.47781426,0.32185298,0.43940905,0.40209138,0.99933654,0.9152604,0.14404017,0.16329876,0.5762638,0.46254128,0.26919866,0.18335779,0.3250607,0.41136846,0.24301025,0.375869,0.3509658,0.72208846,0.5515305,0.29667294,0.23185262,0.61231965,0.5141103,0.9100256,0.29577315,0.52604616,0.15793154,0.0,0.24887937,0.04705657,0.13632151,-0.16594267
0.0,0.088753805,0.1433025,0.060159195,1.0,0.93535846,0.23201196,0.30801043,0.21960744,0.5308033,0.22787285,0.3825599,0.49337587,0.46787992,0.15565246,0.39439142,0.3375675,0.47885168,0.52253747,0.106646165,0.29434916,0.7363113,0.57740945,0.71178603,0.35567862,0.7179658,0.2959517,0.16542572,0.31903356,-0.002775535,0.15915413,-0.16067773
0.07379666,0.11214701,0.31401852,0.02134101,1.0,1.0,0.17265911,0.24524295,0.17014514,0.37117472,0.4102845,0.21152243,0.40491462,0.36964902,0.29708254,0.324397,0.27909857,0.80272657,0.4393062,0.48635942,0.090473145,0.62141925,0.40669394,0.6505892,0.2273399,0.89481884,0.2967372,0.31614628,0.32152453,0.1726534,0.056703545,-0.24863492
0.04257877,0.097188145,0.1127705,0.0,0.8636043,1.0,0.31999832,0.07707071,0.34736627,0.4414964,0.4432807,0.37935033,0.3853625,0.27520943,0.20593354,0.46811768,0.3742124,0.74263656,0.4896317,0.4453187,0.26454875,0.4889745,0.6309356,0.90159124,0.27026463,0.7954474,0.19436581,0.14338182,0.12742008,-0.018101439,0.07936322,0.0055318326
0.3708365,0.41993892,0.24183527,0.39016438,1.0,0.9394439,0.69221026,0.43599188,0.23182204,0.11746307,0.5389431,0.36234832,0.2598859,0.40028515,0.2681023,0.31857178,0.21161836,0.9560342,0.48877513,0.45822358,0.44715852,0.5126564,0.5091512,0.9536486,0.40962058,0.97221303,0.34654972,0.20833167,0.40084112,0.0035419762,0.060031123,-0.12831095
0.0,0.06709559,0.15173127,0.06544779,0.85657126,0.9357653,0.15454093,0.37239844,0.26631913,0.20778732,0.41334638,0.48586828,0.1939059,0.45100605,0.12795094,0.21588065,0.07277946,0.6744715,0.7364731,0.26731297,0.43768936,0.6143814,0.69434476,0.6803155,0.5143666,0.7906957,0.38537398,0.0,0.33541217,0.12038399,0.07607407,-0.11135499
0.037839524,0.032220703,0.0,0.059437726,0.9903513,1.0,0.3648529,0.18484621,0.44848034,0.421574,0.418009,0.3394943,0.41954958,0.4165411,0.018788973,0.4634153,0.2204835,0.7566462,0.46439284,0.1716204,0.39143178,0.74579996,0.5289518,0.74282473,0.042211294,0.5991461,0.13673754,0.0117511,0.17596173,-0.06510086,0.1749978,-0.14835188
0.19491316,0.0,0.32409453,0.31331933,0.9305177,1.0,0.26578087,0.10531407,0.2405653,0.32355478,0.35414433,0.54938537,0.3823725,0.60974765,0.23261309,0.22439599,0.3219738,0.77091384,0.6488671,0.5204067,0.4857341,0.5914477,0.3779341,1.0,0.24605423,0.6116888,0.31517082,0.0,0.38101503,-0.12874754,0.08692533,-0.07823671
0.67616206,0.40170842,0.88885576,1.0,0.9477659,1.0,0.63629067,0.2880459,0.20482074,0.1954121,0.3662846,0.43804944,0.630517,0.31127056,0.3781072,0.36672792,0.48131746,0.71309286,0.4162857,0.63306576,0.48746267,0.4842915,0.49959257,0.71824217,0.32536677,0.91601986,0.35885412,0.0,0.07479943,-0.118221916,0.19491789,0.048772156
0.70089823,0.6058794,1.0,1.0,0.8372441,1.0,0.08417632,0.10569523,0.29816926,0.35490564,0.08949834,0.32262248,0.42347845,0.25885758,0.4981666,0.47305843,0.66572696,0.6383673,0.3974738,0.65935075,0.56057537,0.51427543,0.44344953,0.73001087,0.29633635,0.9118738,0.38487178,0.029622639,0.23826484,0.005968295,-0.21563603,2.5957823e-05
0.27172688,0.66891,0.9451479,0.93519205,0.81194067,0.9275526,0.21478105,0.12998496,0.45636404,0.27572694,0.3663301,0.41421193,0.20627847,0.23489119,0.9114851,0.345235,0.52655625,0.6206898,0.35307908,0.56139886,0.8492597,0.67833894,0.5589494,0.7466775,0.39729902,0.77680707,0.166735,0.40094548,0.1702221,0.14013983,-0.16900662,-0.17319296
0.5690507,0.56897056,0.709116,0.97097576,0.909638,0.92961454,0.18382446,0.25083864,0.42248982,0.20599222,0.23257476,0.44158152,0.306708,0.15295763,0.8392164,0.4499919,0.87068844,0.7774916,0.48087543,0.9118836,0.8980726,0.47674698,0.47276628,0.69305897,0.429803,0.813339,0.3868588,0.066870324,0.28897268,-0.14125234,0.2703144,-0.29696947
0.57489383,0.52945966,0.98432785,1.0,1.0,0.69760954,0.25331053,0.09541138,0.34679815,0.4960154,0.3764213,0.095475346,0.15323164,0.20597091,0.97836965,0.40327033,0.71372074,0.72535694,0.3483331,0.8871133,0.79879564,0.32535583,0.36531353,0.80576515,0.43325686,0.5685179,0.6104561,0.0467264,0.48544174,0.08638479,0.18366334,-0.25468016
0.5900644,0.2456479,1.0,0.61142945,0.9478027,1.0,0.19063562,0.30538383,0.40124547,0.4541496,0.17872043,0.40349746,0.31195766,0.14371856,0.96592987,0.44896367,0.9376591,0.64290565,0.43487337,0.9959446,1.0,0.38018975,0.23165128,0.88489056,0.45329076,0.59857,0.30752465,0.24569213,0.44292495,0.148361,-0.18932097,0.026054442
0.31369418,0.42865855,0.7173238,0.83257055,1.0,1.0,0.1748756,0.17471856,0.27612013,0.29964843,0.22069451,0.4402756,0.3312957,0.30180174,0.8910098,0.33457777,0.91705793,0.69474316,0.34332576,1.0,0.8442276,0.3818196,0.4217087,0.66769755,0.19292238,0.6125303,0.44027552,0.13870066,0.19223231,0.36582106,-0.02665558,-0.1738704
0.47260076,0.519373,1.0,0.97799116,0.8892936,0.9734381,0.1848779,0.0,0.4439617,0.37736192,0.27601683,0.24646446,0.20806724,0.4468331,0.86382836,0.09067871,0.87788105,0.6304067,0.20308265,0.8619163,1.0,0.23389325,0.21065176,0.5599942,0.35648438,0.6928011,0.50648546,0.0,0.486816,0.14512295,0.11402651,0.10926137
0.8059933,0.46005547,1.0,0.9620642,0.8220197,0.9740306,0.0132333785,0.34228957,0.49539608,0.41843095,0.37987384,0.44909036,0.19812472,0.2594572,0.9607061,0.4134762,1.0,0.7276471,0.41431624,1.0,1.0,0.22656542,0.35009754,0.74163425,0.6123668,0.8050204,0.4147426,0.0,0.4989487,0.17463097,-0.033880897,-0.14794278
0.6674863,0.5383079,0.9485623,1.0,1.0,0.84987855,0.18450616,0.041044608,0.42825368,0.49322307,0.17383572,0.24063742,0.38627553,0.1818799,1.0,0.23250607,1.0,0.5591799,0.10020107,0.9669494,1.0,0.19371894,0.3086796,0.8175125,0.30252424,0.538575,0.42559537,0.026231498,0.46673888,0.17997223,0.17921291,0.054863483
0.39749074,0.5852484,0.71145904,0.8007258,1.0,0.9135852,0.20482755,0.08507841,0.5142692,0.35773784,0.4197081,0.34822425,0.32830337,0.06342423,0.98845,0.21306488,0.9708032,0.61941636,0.25709856,0.9491045,1.0,0.16989905,0.365552,0.6591667,0.34211823,0.89630336,0.34257767,0.0,0.5522792,0.13494663,0.037927877,0.00547494
0.40276465,0.5550172,0.75167274,0.85406995,0.91203356,0.91189015,0.25495896,0.06101115,0.4173637,0.6172749,0.34643024,0.21554585,0.30840313,0.2270501,1.0,0.28661084,1.0,0.7721902,0.25691026,1.0,1.0,0.1698176,0.3590504,0.83397126,0.5498827,0.75812644,0.5604941,0.14383963,0.5324859,0.20547885,0.26023185,-0.1355486
0.6314198,0.5475673,0.85464853,0.98920447,0.8702659,1.0,0.21429607,0.07850108,0.48106033,0.4006072,0.44874266,0.24186455,0.22869661,0.16521895,0.835188,0.43201157,1.0,0.6531722,0.19669831,1.0,0.88607895,0.41600436,0.2907079,0.52858627,0.38643223,0.47056466,0.2983341,0.36382008,0.43277085,-0.17249668,-0.06541153,0.20145822
0.7455466,0.38106942,0.7733389,0.8943373,0.9506412,0.75972223,0.04817225,0.18874885,0.329912,0.5517837,0.24426894,0.3637677,0.07259256,0.0,0.81210315,0.28138873,0.8505471,0.75992405,0.42304075,0.74413806,0.8467756,0.14771315,0.23015119,0.47854346,0.27819145,0.55164915,0.46758828,0.0,0.32541656,0.037045486,-0.103673354,-0.030058049
0.5735238,0.5989931,0.8980872,0.89570695,0.9594056,0.9758751,0.42681047,0.29789123,0.42581135,0.39339533,0.4123167,0.49083322,0.13457084,0.14542231,1.0,0.397224,0.98428255,0.6825432,0.31047207,0.8495636,0.83113116,0.20859167,0.09908977,0.5382413,0.4612031,0.7281902,0.5518298,0.0,0.6173588,0.091094434,0.03202729,0.07619245
0.7365761,0.54090387,1.0,1.0,0.9333985,0.9575192,0.47765347,0.5196777,0.3935969,0.39337155,0.28981704,0.39625245,0.115413256,0.095584035,1.0,0.23532106,0.8820002,0.79823744,0.25429717,0.8393858,0.8341614,0.1029758,0.33562034,0.8259188,0.37246192,0.4280303,0.57946044,0.03464959,0.42637554,0.00095430017,-0.18252553,0.0024312113
0.55135113,0.58903396,1.0,1.0,1.0,0.9448582,0.13072234,0.26382136,0.40967187,0.27562279,0.4599872,0.35228524,0.07722628,0.13297649,0.95112044,0.21225998,0.9916064,0.5977042,0.40242326,0.93326813,0.91578335,0.27365547,0.2891763,0.63226557,0.2881738,0.4379956,0.4199678,0.16656314,0.6103092,-0.19145921,0.01201005,-0.17236707
0.7299171,0.5081916,1.0,0.91132754,0.7864845,0.91743255,0.5884619,0.71808165,0.4679486,0.5312353,0.4744199,0.414891,0.0,0.2676121,1.0,0.42266142,1.0,0.6776132,0.34948954,0.76348317,0.9890276,0.23452532,0.1775339,0.6017283,0.40878943,0.68197435,0.34560406,0.0,0.5063793,0.0033973176,0.0267668,-0.091400295
0.55281323,0.67897713,0.8922159,0.92665833,0.7110131,0.66341555,0.255619,0.52902174,0.41177303,0.28052837,0.42192724,0.25567552,0.108680695,0.0,0.9790754,0.117646396,0.9328093,0.5861686,0.2291469,0.97073126,0.99610174,0.33534724,0.7136247,0.72646457,0.16222301,0.89361084,0.6237312,0.0,0.2710691,0.19640277,0.3,-0.014021225
0.7679106,0.71112233,0.9873114,0.78384924,1.0,0.93892664,0.024532363,0.0,0.4636255,0.45785043,0.45943055,0.5031635,0.2951614,0.046873286,0.915261,0.24526298,0.8444283,0.77568257,0.47461262,0.69809866,0.77823293,0.30295384,0.3096877,0.6149382,0.38100466,0.84763265,0.33185315,0.032452818,0.53538364,-0.09096211,0.18474293,-0.094809
0.4898882,0.7055216,0.9934304,1.0,0.83183247,0.91948813,0.18165383,0.15794866,0.2620374,0.27901745,0.2689181,0.22354081,0.17557506,0.17587857,0.79080814,0.23480828,0.43873268,0.5986914,0.3838919,0.42767382,0.43219888,0.47595954,0.23130149,0.7682576,0.25752497,0.8559365,0.3416714,0.0,0.33197683,-0.12119558,-0.040547386,-0.08148502
0.430136,0.5875838,0.9764605,1.0,0.83384836,0.63968354,0.21238376,0.0,0.4646964,0.36083537,0.3808055,0.29613328,0.25297183,0.04683712,0.49269387,0.40246195,0.4253618,0.69644135,0.33466837,0.6334913,0.24732666,0.48573133,0.29867697,0.86585075,0.43785095,0.5748812,0.6265872,0.0,0.6856519,0.10350826,0.24001014,-0.10809626
0.4752297,0.650035,1.0,0.95291275,0.9874313,0.85303885,0.038605675,0.24055776,0.4938888,0.3166177,0.49900436,0.065286815,0.13032068,0.0,0.8475702,0.4292033,0.79177904,0.74321,0.39896142,0.76362216,1.0,0.39486527,0.21536785,0.4167974,0.5890485,0.7884966,0.61748624,0.14245754,0.5360198,-0.011101015,0.11722377,-0.06224852
0.567314,0.5179286,1.0,0.9415037,0.9067381,0.8950506,0.2107833,0.32610944,0.579124,0.24616744,0.17820612,0.34527704,0.0,0.0,0.8467628,0.32684988,1.0,0.7297672,0.23076946,0.83102226,1.0,0.34952363,0.32234257,0.51081824,0.45370126,0.3993575,0.4287938,0.13751654,0.63192254,0.3558125,-0.070518315,-0.31989533
0.48783264,0.49903962,0.9459392,1.0,0.9945571,0.9229953,0.28377712,0.34973273,0.25084352,0.21341014,0.32019785,0.46259204,0.22037344,0.0,0.8061781,0.38245878,0.83481914,0.7573181,0.42582488,0.7788357,0.7417199,0.66965485,0.31866735,0.4252357,0.44872785,0.59897745,0.65129125,0.11913164,0.45487458,0.25013858,0.06616014,-0.05741459
0.73455054,0.7163538,1.0,1.0,1.0,0.9395203,0.20030776,0.28646794,0.23895831,0.30928862,0.36529538,0.2838115,0.14225966,0.3742144,0.6259764,0.35217905,0.7578454,0.66108435,0.3355063,0.66847587,0.69685,0.3255002,0.3934225,0.38030016,0.2337512,0.556259,0.32250482,0.0,0.62590957,0.03791391,0.092077374,-0.14094676
0.3355089,0.38298357,0.52576536,0.6607854,0.8869309,0.9471647,0.1430609,0.13905329,0.24693951,0.28133002,0.34543675,0.4954393,0.20036288,0.08693407,0.5424482,0.17543039,0.61791587,0.7263168,0.6452149,0.7213178,0.7211092,0.41956812,0.27522063,0.50392604,0.24291122,0.75177324,0.3471661,0.37412924,0.36943147,0.14467491,-0.0067222863,-0.19790348
0.07600418,0.074913934,0.08549762,0.16864985,1.0,1.0,0.055496365,0.03496653,0.45327225,0.51150215,0.427874,0.44106296,0.19865987,0.046318293,0.0017747388,0.3488656,0.41507104,0.85971606,0.4630255,0.36498395,0.40570283,0.5715868,0.3507922,0.8484318,0.37993693,0.72189873,0.08771595,0.16916713,0.52148473,0.14760804,0.13857135,-0.044061296
0.0,0.0,0.07167876,0.08325553,0.80345243,1.0,0.15306067,0.05516486,0.4364346,0.44016147,0.37228706,0.23193897,0.37150598,0.28767458,0.070002526,0.47685456,0.2694634,0.80446994,0.44578743,0.45288527,0.55760986,0.61302817,0.5598858,0.61763763,0.43356556,0.6516827,0.38008794,0.17887634,0.7029701,0.06703013,-0.2091923,-0.025105953
0.0021970198,0.0,0.0,0.0,0.768876,0.83043295,0.0,0.16642252,0.5170671,0.54554355,0.36741728,0.34406438,0.40679547,0.2620639,0.1511472,0.29231453,0.46893153,0.7506076,0.49723506,0.34421462,0.4392785,0.6355407,0.44905958,0.79023474,0.36149442,0.91741633,0.2981594,0.21020618,0.48789728,-0.004561452,0.07834796,-0.09776671
0.15478228,0.04388756,0.052906606,0.05280884,0.8921369,1.0,0.23938312,0.31446403,0.46619225,0.32135928,0.21354702,0.3831188,0.103094384,0.21233189,0.0,0.70892817,0.6769409,0.7573888,0.5668931,0.5690107,0.514421,0.5146617,0.62218267,0.5939574,0.48514676,0.6913699,0.5256819,0.01829099,0.36331445,-0.08558037,0.28717428,0.09160275
0.200743,0.20197219,0.0,0.0,0.8775971,0.94307196,0.20871705,0.10932228,0.51981264,0.18175118,0.43574166,0.49082136,0.35542136,0.21544227,0.47534695,0.089202404,0.49627608,0.6994392,0.44665915,0.66700757,0.566797,0.5373457,0.4916025,0.7894132,0.23958547,0.8216748,0.3653136,0.24598506,0.22561987,-0.014117309,-0.09745122,0.0014290735
0.074686125,0.19513896,0.023073819,0.07928227,0.98944503,0.8826024,0.22929582,0.28226376,0.49145097,0.41962823,0.43611088,0.25623694,0.26589364,0.16800213,0.2864663,0.41694033,0.76585525,0.5638083,0.67738444,0.8507853,0.5510695,0.42746162,0.55326945,0.743558,0.42551002,0.8011788,0.6503141,0.12310484,0.18533915,0.016501456,0.28865957,0.2024652
0.18226731,0.0,0.0,0.012554802,0.97978705,1.0,0.12626868,0.3366822,0.22102468,0.5059994,0.43112573,0.24737751,0.35958856,0.14846012,0.5227431,0.4792153,0.810693,0.73449636,0.44862315,0.86554086,0.6712453,0.30225742,0.51277304,0.7703104,0.3454224,0.92607117,0.4045571,0.0,0.24608448,-0.06564471,0.0070136413,-0.13028032
0.08198209,0.302106,0.5513084,0.51339835,0.96304363,0.98873746,0.3074356,0.44038367,0.3163967,0.6015793,0.6502057,0.15863644,0.37381896,0.27877763,0.42749584,0.4925636,0.6240869,0.8072735,0.54182756,0.584404,0.5978499,0.45861983,0.440238,0.74935883,0.48356688,0.604485,0.31194437,0.035949294,0.48506624,0.009975553,0.07005346,0.054119986
0.30245444,0.49126872,0.87941873,0.66191965,0.81130785,0.88941455,0.015600532,0.26218283,0.5925944,0.7701937,0.5188893,0.16082838,0.2682006,0.33168215,0.50088245,0.22572264,0.5004633,0.70865726,0.6297953,0.7186399,0.67741895,0.46378237,0.5749183,0.58728087,0.37178427,0.99487174,0.32331333,0.097719416,0.3300243,-0.060848746,0.017098159,0.10585018
0.3991158,0.18716422,0.52239317,0.53289175,0.96401715,1.0,0.13695386,0.07458096,0.49358973,0.4135991,0.6543851,0.2194651,0.19219242,0.11714772,0.5217516,0.38328257,0.70137376,0.7740082,0.35822582,0.747665,0.8719549,0.2882598,0.35279995,0.8357488,0.4404326,0.7725737,0.51647747,0.0,0.15857318,-0.2278896,0.14884785,-0.18929058
0.6057978,0.6439964,0.7519016,0.86116594,0.8849411,0.97376513,0.27750975,0.13859454,0.3058647,0.32858944,0.546965,0.11085135,0.14423539,0.1474217,0.63004905,0.27747336,0.77369946,0.6312115,0.48572415,0.7284236,0.77016604,0.42901677,0.3607278,0.5874446,0.43830636,0.77339786,0.23714082,0.123036385,0.5406159,-0.035651248,0.16164204,-0.016788425
0.40195832,0.4455377,0.7612389,0.7567747,1.0,1.0,0.17824025,0.3274294,0.39151067,0.47482944,0.58242655,0.31783223,0.22891584,0.08583682,0.61668724,0.029304832,0.70732707,0.81034565,0.46365565,0.7091728,0.7880114,0.22771625,0.4232449,0.7735617,0.43348008,0.5255725,0.5463241,0.0,0.4139947,0.039700516,0.13714805,-0.15296058
0.0,0.04413081,0.19036426,0.13080102,1.0,1.0,0.2312213,0.21436134,0.48764554,0.5192247,0.3954039,0.36217594,0.37446553,0.18219057,0.7603748,0.24225879,0.81235385,0.7815893,0.5382856,0.6745455,0.744623,0.42253473,0.23991968,0.6652746,0.3919231,0.5103621,0.53127486,0.0,0.6571502,-0.004498787,0.05474929,-0.06763658
0.60326624,0.41961524,0.97904056,0.7291415,1.0,1.0,0.37225986,0.0,0.3913135,0.5288754,0.45977208,0.2658484,0.108372375,0.24522008,0.5121861,0.29563674,0.53854877,0.6377499,0.4242588,0.69281024,0.7720127,0.4958875,0.22974657,0.7980726,0.49914426,0.79818344,0.37095094,0.06886668,0.46917993,-0.10829675,0.3,-0.24087125
0.12538105,0.12872806,0.33049703,0.25551215,1.0,1.0,0.0,0.28514594,0.46798658,0.43445274,0.48378104,0.49604088,0.3970942,0.24833138,0.4953967,0.47355223,0.4884252,0.7724627,0.41364792,0.78578264,0.53221726,0.5271856,0.46989596,0.73860884,0.19024234,0.5654958,0.53360337,0.0,0.52107805,-0.083535545,0.06979118,0.043603096
0.13856566,0.1193449,0.0,0.113313824,1.0,0.84129286,0.0,0.03471999,0.48928264,0.56310517,0.0029542148,0.61666024,0.26709968,0.42988464,0.35650763,0.4400022,0.6558382,0.6934945,0.65352046,0.45981055,0.60921085,0.7044484,0.63029623,0.7852,0.3161958,0.904943,0.21199858,0.15599659,0.4965132,-0.120166555,-0.003901518,-0.21207818
0.1364901,0.0,0.0,0.0,1.0,0.9411034,0.25170636,0.18250774,0.44132635,0.22038786,0.2592766,0.42483935,0.4490813,0.30045557,0.4348063,0.15326126,0.69769394,0.85172,0.6334611,0.5002673,0.75164413,0.5957855,0.6194373,0.78146267,0.21735922,0.5914004,0.55526024,0.1543394,0.449706,-0.07599131,-0.10753961,-0.18828556
0.060037415,0.0,0.04076943,0.058610406,1.0,0.9289084,0.13071123,0.22029535,0.51398253,0.2169741,0.32269943,0.41483638,0.42291328,0.31769624,0.58606213,0.34246904,0.62088495,0.7474368,0.5355272,0.7330743,0.8242169,0.4416599,0.49647757,0.89188546,0.28781486,0.661177,0.26525852,0.0,0.36723694,-0.1677857,0.08038609,-0.16471486
0.0966389,0.17496142,0.058409445,0.011239395,0.93178993,0.9684037,0.17063947,0.1114273,0.58117443,0.33614767,0.2525932,0.5151721,0.48142755,0.4958137,0.87912196,0.52306825,0.984581,0.7147661,0.47502616,0.6049187,0.7399868,0.3442446,0.30868298,0.87105453,0.36113816,0.81571925,0.3837095,0.0,0.42798826,-0.019534819,-0.02732357,-0.14124909
0.0921113,0.0,0.0,0.0,1.0,1.0,0.087660395,0.34243754,0.40760976,0.39539772,0.3209173,0.61008203,0.43910646,0.3626115,0.9063536,0.27655116,0.82980394,0.46716323,0.29655653,1.0,1.0,0.36713976,0.3445813,0.6300775,0.49667025,0.77352625,0.05076891,0.045964252,0.28534096,-0.074858844,-0.1484617,-0.09635663
0.6914076,0.55193365,1.0,0.7184564,1.0,0.8493959,0.0,0.20980176,0.4112125,0.42297107,0.16580254,0.46834803,0.4039348,0.12178991,0.91878545,0.23949906,1.0,0.6271786,0.41259798,0.9700211,0.9384955,0.29735196,0.41590005,0.6799734,0.3733822,0.7135033,0.5848934,0.0,0.39840475,-0.06786283,0.04459145,-0.20712487
0.5081631,0.54928076,0.85082066,0.868536,0.9451405,1.0,0.28923568,0.04725367,0.50204307,0.5076864,0.38115704,0.5211746,0.1538969,0.1787147,0.9114607,0.49454454,0.96400523,0.6334761,0.32562765,0.9634735,0.7363609,0.43811277,0.28363147,0.51005983,0.49160054,0.6024734,0.59764946,0.0,0.5531904,-0.013748517,-0.09601488,-0.07032896
0.45209497,0.36393094,0.837083,0.8082359,0.8815972,0.82966995,0.15361716,0.2552902,0.63122606,0.39062455,0.5208141,0.40454143,0.2642236,0.23999262,0.69986725,0.12987101,0.89382297,0.91900283,0.22689363,0.722119,0.9265243,0.20925161,0.35194173,0.6342474,0.4623688,0.76039743,0.30339673,0.10840167,0.3041582,-0.07510804,-0.11040212,0.13292935
0.49147943,0.5073463,0.9727009,0.63843507,1.0,0.9077995,0.19245677,0.21407995,0.572324,0.45061314,0.40832183,0.38394728,0.26947498,0.16265339,0.94967806,0.24106288,0.94632715,0.59006536,0.36878943,0.89458954,0.94316036,0.2987004,0.25207376,0.6036185,0.62210757,0.76582956,0.41189286,0.0,0.45439696,-0.040072218,-0.071512215,-0.23347643
0.43945977,0.5741599,0.70094514,0.9655171,0.88521826,1.0,0.2903438,0.029839814,0.43253726,0.32825503,0.20172517,0.2547311,0.27290177,0.04647737,0.9043149,0.29314312,0.8330974,0.5878145,0.5335998,0.82485914,0.9594739,0.39721274,0.26766735,0.88619137,0.41743255,0.69824946,0.5042531,0.0,0.3160423,0.14453511,0.081476435,-0.004937757
0.5552134,0.6996427,0.8669933,1.0,1.0,1.0,0.050623015,0.3344534,0.4844979,0.38564023,0.43630224,0.19803753,0.23674121,0.11266588,0.82322854,0.42591727,0.953006,0.87249976,0.26124766,1.0,1.0,0.32161543,0.3764447,0.7674422,0.21418071,0.7384988,0.47158968,0.04417895,0.48995334,0.03240098,0.01589775,-0.14007217
0.6099702,0.76398957,0.86761826,0.9080043,1.0,0.83294463,0.3270967,0.18209991,0.4225803,0.16933516,0.33808255,0.24471678,0.101665325,0.0,0.9147363,0.21394795,0.7810195,0.42182758,0.35546988,1.0,0.8717396,0.41731897,0.33376506,0.72296935,0.15208891,0.6748212,0.23760669,0.17491326,0.45979825,-0.03414599,0.04123549,0.13707213
0.6338287,0.60729825,0.91585124,1.0,0.9360029,1.0,0.33485126,0.30187967,0.43145278,0.25958657,0.51016444,0.37194666,0.17267038,0.26340234,0.6394495,0.16988012,0.9342302,0.711056,0.4278839,1.0,0.7199389,0.3366208,0.39269608,0.69268817,0.27521145,0.59200794,0.38952667,0.04711597,0.4646109,0.28789747,-0.050360475,0.09818622
0.6412705,0.5951722,1.0,0.92558986,0.87363774,1.0,0.14609942,0.0,0.36628106,0.30266744,0.24095418,0.42278197,0.35178003,0.03964539,0.8216974,0.2210638,0.81661165,0.6263759,0.41694772,0.7897973,0.7696973,0.3901556,0.25370285,0.45535797,0.3937264,0.68003887,0.3639685,0.28883016,0.65387595,-0.07663758,0.03867726,-0.057610765
0.621939,0.729304,1.0,1.0,1.0,1.0,0.31409296,0.16408797,0.5202055,0.4241726,0.41978753,0.4971539,0.14828834,0.36942422,0.8671675,0.4840998,0.7497566,0.5190542,0.26922745,1.0,1.0,0.4047874,0.46877497,0.5558254,0.33821073,0.6147105,0.56118864,0.0,0.3479585,0.09591924,-0.12958974,-0.008466192
0.22350036,0.27741066,0.4358665,0.5428866,0.95275587,0.97439986,0.048400223,0.22782508,0.32159778,0.44903725,0.5492737,0.5123866,0.1407646,0.29568222,0.9078606,0.2705249,0.7964627,0.4847867,0.4036062,0.98916906,0.84035075,0.5741874,0.43891102,0.7751113,0.46989447,0.9133349,0.57554054,0.0,0.35846242,0.20716444,-0.11624935,-0.086718
0.61253256,0.46927315,1.0,1.0,0.9692967,1.0,0.120053574,0.2172008,0.42160106,0.40745875,0.21456978,0.46746767,0.38907003,0.33679405,0.7364015,0.4377493,0.57681656,0.8629188,0.39053154,0.5532639,0.6998453,0.46543193,0.62906915,0.6208,0.50198007,0.85572577,0.37513047,0.29701647,0.5941142,-0.051716425,0.041946426,-0.093562335
0.5375688,0.3834294,0.84902954,0.7000686,0.96131456,0.80030173,0.16000009,0.23798081,0.35842463,0.3267988,0.2143342,0.4899795,0.15828426,0.19260985,0.53613883,0.31135237,0.4930973,0.8315211,0.49428934,0.79695076,0.6821569,0.57389206,0.58650583,0.87481034,0.27851227,0.69017214,0.4035806,0.03997101,0.48281825,-0.19071329,-0.09281927,0.2023587
0.5473428,0.49747452,1.0,0.8841884,1.0,1.0,0.3475444,0.21388951,0.44096592,0.29389223,0.27570337,0.5698831,0.2247097,0.37679958,0.30894196,0.46062216,0.4766772,0.7493872,0.49760792,0.40952012,0.4470513,0.697211,0.4613694,0.81185216,0.2542203,0.7277278,0.24998845,0.031261474,0.5818702,-0.0881553,0.10341479,-0.031112745
0.15593775,0.0,0.0,0.0,0.95253575,1.0,0.3962486,0.1907229,0.17388177,0.36019656,0.25021368,0.35300896,0.50961226,0.18662706,0.5255864,0.44263968,0.3537568,0.7787042,0.5242525,0.4700217,0.46713233,0.5945163,0.4538951,0.86432916,0.30406606,0.6627993,0.4914386,0.13539314,0.5731471,0.120772414,0.124365,0.06233245
0.082275055,0.0,0.086033136,0.0,1.0,1.0,0.25900605,0.0055573136,0.7048059,0.53387666,0.4203531,0.3986093,0.18022567,0.10662646,0.4885241,0.33145022,0.5502428,0.9298826,0.64679873,0.7164458,0.7877588,0.46495008,0.38841373,0.7692021,0.3319935,0.8271806,0.3107145,0.062577,0.3791155,0.26504463,0.021887265,0.02421175
0.069593295,0.296484,0.16562685,0.0,0.91755694,0.9905319,0.24916582,0.121033445,0.41911283,0.57031256,0.48858112,0.2212007,0.13063668,0.3189891,0.7230599,0.39400226,0.62351257,0.77166045,0.5673012,0.6089468,0.68648875,0.36351055,0.6227129,0.7880464,0.44430593,0.70764565,0.37169692,0.0,0.5295493,0.060640648,0.3,-0.17276952
0.0,0.15432543,0.0,0.0,0.8462981,1.0,0.29392785,0.16147806,0.5531472,0.42329898,0.5581456,0.31623843,0.34573698,0.22569057,0.30518034,0.39846838,0.5388277,0.75006145,0.53687316,0.52424824,0.50007826,0.64509094,0.39846975,0.6997346,0.33523887,0.84045005,0.30495286,0.13278693,0.56109554,-0.051516566,0.1042558,-0.039084084
0.15888089,0.20501299,0.30855253,0.23691547,1.0,0.8712708,0.28631675,0.21897006,0.41909242,0.44558895,0.57886684,0.34899914,0.11284812,0.20275775,0.30964407,0.3526153,0.5916493,0.73804986,0.5572185,0.62726843,0.76718974,0.47721112,0.62544894,0.6354732,0.3910197,0.7431858,0.4012907,0.0,0.26508886,-0.02635848,-0.07493885,0.11774853
0.505831,0.41918102,0.7438213,0.84551007,1.0,0.9481299,0.075697824,0.2604508,0.34877753,0.42980763,0.30267903,0.31499076,0.50017285,0.16943124,0.37876096,0.41523045,0.8553858,0.6972608,0.44002953,0.5110985,0.58109784,0.5086429,0.45871422,0.6200735,0.535123,0.77194947,0.3447852,0.16286108,0.23826553,0.03599099,0.18554923,-0.10913451
0.13242525,0.0,0.08089304,0.036056694,0.9788403,0.90213495,0.027917221,0.014640525,0.3680625,0.19789079,0.51524216,0.28457916,0.709064,0.20639679,0.06841427,0.5151702,0.34189856,0.7776187,0.47119623,0.38357845,0.41954994,0.56420696,0.5081786,0.8384004,0.5251719,0.7359103,0.24912646,0.0,0.28942174,-0.07926809,0.053884868,0.051950615
0.0475107,0.08089394,0.041932322,0.0,0.8658248,0.9777525,0.034201965,0.23912457,0.44407004,0.49987367,0.46709937,0.34234062,0.4771961,0.1322194,0.0,0.39623514,0.3099854,0.77965564,0.59833246,0.24647002,0.34848377,0.5855947,0.5800793,0.7581366,0.26799434,0.912434,0.43034643,0.1273805,0.6055652,0.029172428,0.030172838,-0.19565322
0.041511774,0.0,0.3090186,0.21176372,1.0,0.74529105,0.26015407,0.22694243,0.66507685,0.1888566,0.37513855,0.35625502,0.4528088,0.40033796,0.0,0.5943525,0.4034692,0.55981123,0.70047534,0.30891877,0.51317,0.49638307,0.4455172,0.74984205,0.36931288,0.8193768,0.46170568,0.13874082,0.46004108,0.0682596,0.1500632,-0.090354264
0.09855644,0.0,0.15457268,0.2717524,0.9190431,0.9195176,0.061353847,0.11737315,0.44565737,0.51214236,0.44100547,0.31039163,0.49927634,0.52601737,0.24876666,0.5027143,0.36095858,0.76619947,0.62388265,0.42800906,0.15727407,0.7496344,0.7534453,0.94034255,0.30295384,1.0,0.3777158,0.12091249,0.21324399,0.03534867,-0.0137380995,0.0847905
0.0,0.10457216,0.0,0.01085992,1.0,1.0,0.1942294,0.17233375,0.29283684,0.3548919,0.435561,0.40404183,0.39657372,0.30508667,0.15374498,0.44025764,0.33333218,0.8331412,0.54036623,0.25246426,0.46374023,0.15125027,0.40450972,0.8235884,0.36095214,0.91936916,0.18077809,0.1478138,0.20780434,-0.02399528,0.06404783,0.008663449
0.031035183,0.1291715,0.08572024,0.0,0.9425208,0.90884054,0.07113575,0.18497287,0.5102841,0.3362707,0.46349785,0.44609946,0.6290869,0.4841951,0.19567484,0.2439524,0.2687926,0.83829063,0.6810067,0.31402138,0.4349375,0.5844716,0.6013053,0.8218402,0.4595386,0.99858487,0.3593867,0.0,0.24855472,0.13994381,0.039095618,-0.0064852163
0.10423289,0.006949965,0.0,0.079902776,1.0,0.9060105,0.0970185,0.016786277,0.8206307,0.62036085,0.59087396,0.4464639,0.33905843,0.37379983,0.45675784,0.4070138,0.6145859,0.76457894,0.58486557,0.123464316,0.45983827,0.628241,0.6868099,0.88585216,0.53150696,1.0,0.35275942,0.1783188,0.32798243,0.07242618,0.029325921,-0.12319231
0.0,0.10097029,0.12941268,0.0,1.0,1.0,0.25706837,0.0,0.43802425,0.35347435,0.46031514,0.1980274,0.4494388,0.45634347,0.5281994,0.36905104,0.52819294,0.76629776,0.4575537,0.5489619,0.77294266,0.45346308,0.15011385,0.90322423,0.36981633,0.9494504,0.23649049,0.101459496,0.3331783,-0.28057206,0.12970409,-0.25960293
0.15487203,0.0,0.203813,0.21684995,0.84938616,0.9977275,0.13357437,0.3819116,0.2636758,0.4722566,0.31736615,0.15845156,0.31930748,0.45174897,0.7618668,0.49776715,0.51336247,0.76701856,0.3501072,0.580368,0.7881617,0.6100277,0.5045146,0.8270798,0.3189161,0.7152206,0.44970942,0.0,0.14038825,-0.12614533,0.00060600415,-0.15229
0.25630563,0.15438999,0.16638002,0.1736016,0.7287914,0.9939202,0.26206237,0.19136073,0.59506994,0.6329986,0.40802076,0.34100783,0.44212145,0.37628362,0.7059856,0.48070103,0.9066669,0.72819126,0.4201078,0.9095235,0.92960083,0.31718144,0.40681955,0.6480187,0.5178535,0.75358427,0.22371973,0.11370219,0.42665437,-0.21537128,0.044203028,-0.1017212
0.0,0.0,0.02351673,0.0067790635,0.9776972,1.0,0.43005496,0.46166372,0.106690735,0.42803228,0.22454643,0.30426255,0.67545545,0.34444046,0.53520894,0.10418317,0.9651391,0.83209634,0.15819071,0.7691432,0.7934551,0.29657006,0.24714747,0.9329766,0.30182672,0.52662265,0.3735503,0.0,0.25787643,-0.04492683,0.23539636,0.0014032333
0.49321547,0.45983464,1.0,0.91525793,1.0,0.9196924,0.3464198,0.23407212,0.55355585,0.3981377,0.4300508,0.44439077,0.40067902,0.28136346,0.7007656,0.30753794,0.92123497,0.72695434,0.591256,0.9020405,0.87858284,0.25545707,0.11833565,0.8470656,0.3716788,1.0,0.39591482,0.0,0.15587708,0.12579665,-0.045293055,-0.052170433
0.31669423,0.37186107,0.86833054,0.50720257,1.0,1.0,0.11497321,0.17929986,0.337563,0.28767174,0.26458365,0.032093555,0.54435426,0.3040617,0.78671676,0.20077945,0.8555128,0.41383123,0.31505167,0.942095,1.0,0.29240045,0.40148833,0.80691326,0.19149138,0.80872625,0.363769,0.0,0.39274997,0.03704836,0.015564807,-0.1666315
0.0,0.16257305,0.11089273,0.0,1.0,1.0,0.05490628,0.0,0.5577369,0.33984172,0.40872353,0.28790832,0.3400401,0.26189944,0.72043824,0.25098047,0.9125818,0.84485,0.21331993,0.77249265,0.67056316,0.39391422,0.3378094,0.80002826,0.27963263,0.727228,0.2961564,0.0,0.26238343,0.21497005,0.24287364,-0.05396997
0.5037808,0.3222732,0.7127538,0.776065,0.9700443,0.96306956,0.18700427,0.29233083,0.25551653,0.2961123,0.26990056,0.29799291,0.28055274,0.28293443,0.77049315,0.14070624,0.8399122,0.7448277,0.2592845,0.9994363,0.79834217,0.40264744,0.31334683,0.98082185,0.45208594,0.71564204,0.37647083,0.22662655,0.30185083,0.20174314,-0.19053617,0.08400504
0.38215968,0.5027464,0.6472419,0.7034657,1.0,0.98468703,0.26114172,0.34923327,0.5250553,0.38456234,0.37718403,0.22016084,0.40821716,0.24186599,0.6700791,0.1540137,0.87861925,0.7323925,0.3134538,0.7250307,0.951982,0.3813237,0.4978196,0.87390184,0.1932633,0.534304,0.43882412,0.0,0.6483046,-0.010602888,0.04994321,0.037997562
0.7279669,0.63600206,1.0,1.0,0.928112,0.99816275,0.13736464,0.08583347,0.1908089,0.58926857,0.58793616,0.48014867,0.311084,0.3283087,0.8322574,0.241086,0.9268475,0.9164377,0.23924488,0.812877,1.0,0.37957618,0.46569854,0.82436156,0.24754983,0.87764543,0.3116293,0.14738101,0.531307,0.08087759,0.08960367,-0.09655811
0.4407048,0.61996365,0.90402746,0.47712576,0.8605257,0.86989903,0.2856407,0.22458637,0.51842684,0.4557492,0.28014597,0.34299755,0.35846907,0.08891429,0.81254435,0.2862059,0.8218106,0.7564664,0.32304385,0.9215014,0.88358414,0.49826214,0.3363483,0.8771498,0.29955703,0.6722681,0.36338028,0.050056916,0.27497005,0.029277815,0.18640365,-0.17435436
0.3723361,0.14477117,0.20239897,0.17955858,0.7505535,1.0,0.2289396,0.12022133,0.5789968,0.35748646,0.33682224,0.29551965,0.07667984,0.31107798,0.89502096,0.37022945,0.8943167,0.679438,0.5411831,0.92749196,1.0,0.36696696,0.4062418,0.6067376,0.43862092,0.80199766,0.37362027,0.008032123,0.46763435,0.14143759,0.07964225,-0.11460318
0.5165361,0.45188597,0.8916302,0.8957674,1.0,1.0,0.07121886,0.22342156,0.52765137,0.3018305,0.18453693,0.33716732,0.44580066,0.17533909,0.6768643,0.32269904,0.7166954,0.89881456,0.4950858,0.67409426,0.8708393,0.31608102,0.50414306,0.61484534,0.35676876,0.62470174,0.21229886,0.14612694,0.47438252,0.22126971,0.21677262,-0.058837615
0.5819207,0.4186347,0.9938868,1.0,0.8197757,1.0,0.17851588,0.28594393,0.5947035,0.42196256,0.07026848,0.51583767,0.3947981,0.10197666,0.71927965,0.2991229,1.0,0.8599649,0.5700071,0.9332509,0.8001643,0.44770026,0.38971975,0.820364,0.45471078,0.71966946,0.45108643,0.11445272,0.37821928,0.046423867,0.099969916,-0.13222036
0.78117245,0.3671187,0.9449718,1.0,0.76888216,0.9443741,0.0,0.40191573,0.2974543,0.39470047,0.055940196,0.47978976,0.39443445,0.20182717,0.9202889,0.39241883,0.6656947,0.6748963,0.47592556,0.8457411,0.81237656,0.33355343,0.397879,0.7199246,0.2345763,0.57028717,0.36505887,0.0,0.44321087,0.2665663,0.06718352,-0.026739022
0.46726006,0.8497171,0.8862041,1.0,1.0,1.0,0.20311888,0.31393224,0.5041397,0.27908254,0.363892,0.56113327,0.27986997,0.24244061,0.8605041,0.11464125,1.0,0.553998,0.4994499,0.6964409,1.0,0.3758788,0.28256443,0.5591381,0.5584029,0.4823103,0.43653345,0.0013550073,0.41334867,0.31458837,0.03725795,-0.08204155
0.601824,0.6056826,0.8770535,1.0,0.9523909,1.0,0.4251315,0.27096564,0.577098,0.4592833,0.39471442,0.32869932,0.0,0.026000455,0.8237452,0.21200141,0.8222156,0.67566645,0.2875149,0.7561689,0.7371993,0.3529892,0.217587,0.7055602,0.2398951,0.5687309,0.22467507,0.18423803,0.33337173,-0.13073976,-0.009458136,0.018289533
0.48270696,0.571389,0.9721972,0.9254761,0.9837919,0.9758168,0.34471035,0.10722662,0.4651022,0.45057327,0.3236789,0.45412856,0.15793498,0.26041767,0.52671355,0.2913056,0.7840922,0.6536791,0.3300599,0.84659624,0.8197596,0.49417073,0.38767266,0.6426409,0.2659144,0.75850964,0.35365272,0.020852555,0.42749202,-0.042380616,0.088247985,0.006638404
0.5375687,0.5408032,0.98340935,1.0,1.0,0.9513638,0.014109194,0.15991406,0.5193846,0.5289956,0.4131796,0.5423535,0.084498495,0.074883945,0.9651343,0.46742052,0.9834211,0.48046163,0.13232078,0.62729645,0.7759352,0.5032854,0.48697612,0.56646687,0.38015443,0.398323,0.34782654,0.06786652,0.32831275,-0.047770977,0.005052991,0.0034751147
0.5782505,0.5638173,0.90117157,0.9340167,1.0,1.0,0.0,0.100112736,0.22387482,0.6079743,0.48214132,0.38835806,0.15395263,0.00027514994,1.0,0.21143645,1.0,0.76815397,0.3644262,1.0,0.9624315,0.2602359,0.34634465,0.8396477,0.29724267,0.61586934,0.4378644,0.11566942,0.36325014,0.10149854,-0.08287488,0.11196387
0.45570025,0.54180926,0.92388755,1.0,1.0,0.9477498,0.29278374,0.11177092,0.3095582,0.42638478,0.38940912,0.48276153,0.13614877,0.1417455,0.8969705,0.0,0.9798704,0.7821169,0.41619134,0.8451912,1.0,0.32771775,0.35308725,0.5918756,0.44206136,0.6496897,0.3921477,0.0,0.35638914,0.06931028,0.030306175,-0.10539315
0.50228477,0.6250405,0.9477009,1.0,0.9139224,0.8924609,0.28771752,0.12256944,0.64693063,0.62936604,0.36489546,0.44469407,0.10754648,0.3270771,0.9753641,0.248243,0.90667546,0.79885596,0.4639578,0.9081447,0.93257433,0.27141178,0.32762554,0.5252749,0.5050364,0.6196681,0.35295898,0.05968638,0.5085067,-0.10541177,0.12930228,-0.2983244
0.6187649,0.360367,0.762231,0.9900839,0.85960376,1.0,0.20640627,0.24492106,0.343381,0.5674515,0.43959075,0.40547633,0.17124704,0.19795223,0.8940141,0.381717,1.0,0.68150026,0.42750552,0.9268886,0.74840707,0.24820012,0.2835358,0.6833435,0.4594389,0.7612946,0.1005646,0.0,0.6546345,-0.06468829,0.1042643,0.086340874
0.42014155,0.5734458,1.0,1.0,1.0,0.81156737,0.2671581,0.04562688,0.6120961,0.5590511,0.32817477,0.36687776,0.38776502,0.18744916,1.0,0.41687846,0.89372027,0.7342047,0.16283807,0.82711685,0.968522,0.30079252,0.10412443,0.71403235,0.18586789,0.71361387,0.6582218,0.10348046,0.6113224,-0.03299983,-0.060730316,0.093590714
0.7460623,0.5893181,0.9908543,0.91966194,0.9604659,1.0,0.40691173,0.17215122,0.4776729,0.3482482,0.37237805,0.5311808,0.35740137,0.16043803,0.8027412,0.2838269,0.9847999,0.71993166,0.35202998,0.91929746,1.0,0.2737562,0.4687462,0.6373988,0.39196855,0.5529759,0.48236823,0.0,0.49502897,0.073840514,-0.061267473,0.093042485
0.32302672,0.5916812,0.69905424,0.77166295,1.0,0.92457294,0.09392327,0.05384457,0.62400204,0.4702676,0.32834443,0.5133997,0.22942792,0.11179832,1.0,0.23525634,1.0,0.5099183,0.32792068,1.0,0.99031824,0.23021251,0.28068158,0.78946483,0.34336448,0.5699243,0.3761728,0.0,0.67337465,0.25087819,-0.15732694,0.16490823
0.4991367,0.32086715,1.0,0.74834263,0.8568709,1.0,0.12279984,0.090464376,0.5166835,0.63209504,0.44077465,0.48164743,0.18576555,0.13275336,0.949971,0.24921359,1.0,0.5864305,0.33973968,1.0,0.8274235,0.029739022,0.23448122,0.59845257,0.54448116,0.629373,0.39703742,0.0,0.7109735,0.052292183,-0.17881383,0.06915697
0.4477215,0.43376455,0.7142181,0.6739522,0.9851417,1.0,0.3830045,0.16631863,0.59371835,0.6756348,0.52306384,0.36321658,0.29675978,0.18220446,1.0,0.24419004,1.0,0.6112801,0.29592896,0.82489693,0.9812528,0.33439088,0.33475947,0.60423005,0.3827482,0.57208085,0.5876692,0.0,0.607083,0.08793652,-0.013323848,-0.014406281
0.5489525,0.4276986,1.0,1.0,0.8503897,0.9923193,0.066399656,0.22109401,0.41634575,0.41546273,0.2750391,0.4178515,0.13156177,0.2248272,0.9496484,0.3491999,1.0,0.7070973,0.20303042,1.0,1.0,0.19327107,0.35710755,0.6170801,0.28418067,0.6783428,0.46935758,0.098822474,0.4465139,0.27905145,0.083746254,-0.161176
0.45272112,0.45070118,1.0,1.0,0.97969526,0.99189967,0.04708609,0.087799795,0.5451041,0.49508184,0.20144227,0.2371835,0.351826,0.30833706,0.932214,0.19753596,0.94482124,0.36235893,0.17571738,0.96258354,1.0,0.33019176,0.29234108,0.52214414,0.34796375,0.6887697,0.37755328,0.1509611,0.5465456,-0.014477223,-0.054267723,0.0024962462
0.43563747,0.6065284,0.9169925,1.0,1.0,0.9162344,0.03457594,0.0,0.3548505,0.547636,0.33148602,0.4527136,0.1946694,0.024148442,0.95144206,0.11672914,0.77672464,0.64617103,0.25806674,0.96221364,1.0,0.32293546,0.21397735,0.68114316,0.60218483,0.6959924,0.33218494,0.09627822,0.48407212,0.11554603,-0.11084364,0.08432775
0.5635556,0.60673225,0.76112777,1.0,1.0,1.0,0.13741414,0.23155393,0.321666,0.22305296,0.26499552,0.32853436,0.19090757,0.0,1.0,0.26416227,0.93377113,0.45499855,0.20745161,0.97038203,1.0,0.16118161,0.14834192,0.7819014,0.4525873,0.6369398,0.24339607,0.06910133,0.62799716,0.305411,-0.14232023,0.22223485
0.4663167,0.51871675,0.93793446,0.8621431,1.0,1.0,0.28200206,0.13457167,0.5313678,0.48562637,0.2803021,0.35174948,0.0,0.0,0.84717715,0.20327482,0.9832792,0.6545793,0.0,0.97772765,0.99507004,0.49825475,0.23491937,0.6302152,0.3979298,0.5380172,0.44949308,0.24467607,0.7506123,0.24878514,-0.1246271,0.09230229
0.33539408,0.3657425,0.9390336,0.7622283,0.9751183,0.99919516,0.26954585,0.31277257,0.4158448,0.47408736,0.22437629,0.37604526,0.31037065,0.13421805,1.0,0.31803048,0.8296685,0.5275661,0.27892217,0.9597666,1.0,0.13410033,0.25315285,0.5540337,0.19213423,0.60902834,0.48238662,0.041722387,0.53175837,0.09723991,-0.3,0.09767004
0.45678964,0.22785345,0.78224885,0.88059926,0.8891388,1.0,0.30749893,0.042923428,0.603363,0.51696086,0.42186627,0.3576121,0.07615184,0.16872847,0.92232525,0.18409228,0.99832976,0.5138881,0.38218898,1.0,0.94750184,0.2386096,0.31491724,0.5406228,0.38318765,0.5323204,0.30862075,0.0,0.44595313,0.17631897,-0.09505187,0.05349998
0.5122692,0.3293844,0.8188845,0.95306593,1.0,1.0,0.26276168,0.46468586,0.26563814,0.441774,0.47371766,0.5084882,0.23241557,0.046113625,1.0,0.24394904,1.0,0.5179055,0.23594537,0.9171755,1.0,0.16638976,0.17777318,0.6663901,0.4906793,0.6982307,0.34765682,0.14297028,0.5359901,0.14684439,0.014725897,0.03963389
0.6932987,0.48918566,0.9365802,0.7563249,1.0,0.9040277,0.3273913,0.16052277,0.40158373,0.24120553,0.20553127,0.30304,0.20671844,0.2022224,0.94916666,0.20310965,0.879824,0.560657,0.215119,0.9309454,1.0,0.2227822,0.35622182,0.6605401,0.20475839,0.5791932,0.44623178,0.12930264,0.4712916,0.010425389,0.044215463,-0.13356861
0.6601652,0.5080223,1.0,0.9261013,1.0,0.8968491,0.214182,0.10638338,0.3601632,0.26062042,0.09543824,0.3103897,0.26546228,0.27669466,0.80457515,0.21220437,0.9415474,0.61931187,0.49691188,0.9750681,0.8941894,0.33721784,0.34838247,0.59040034,0.21390197,0.72827494,0.39032096,0.06557184,0.5002313,0.1494496,-0.20490143,-0.118774906
0.43118578,0.7516821,0.9581926,0.97837144,0.8620651,1.0,0.17656052,0.15912706,0.5341102,0.44568953,0.34032848,0.4611893,0.06420917,0.17175911,0.84775555,0.3377705,0.8461349,0.75563794,0.3084026,0.78437734,0.8233836,0.6567715,0.3383825,0.530874,0.4948677,0.73142743,0.5603182,0.15149894,0.5534595,0.26644883,-0.12184473,0.04553961
0.4441579,0.5845124,0.9251193,1.0,1.0,0.87489355,0.3041702,0.2513132,0.4341131,0.2970243,0.50833416,0.15620689,0.27165383,0.098428525,0.55495894,0.27387995,0.6504561,0.6990407,0.53623736,0.76558995,0.5968645,0.6633413,0.5287345,0.78036547,0.6283552,0.7263898,0.2742648,0.0,0.64268243,0.01150801,0.15576695,-0.3001145
0.45976225,0.5050779,0.9144979,1.0,0.85665727,0.9573595,0.26916474,0.059348613,0.395412,0.40025443,0.4038659,0.27168593,0.23448351,0.37296817,0.54365,0.22414339,0.40618196,0.7541304,0.5170057,0.43743342,0.5601679,0.44456792,0.63432956,0.8479852,0.2542559,0.55452996,0.44630378,0.1400632,0.6835043,-0.025941871,0.11311035,0.07503164
0.21146452,0.4276182,0.46741983,0.49002495,1.0,1.0,0.2755727,0.052941203,0.43244714,0.35231662,0.59945786,0.31025252,0.37187144,0.54111993,0.24774191,0.46960264,0.31458327,0.7124699,0.6812857,0.4147315,0.4686969,0.5211612,0.62531185,0.8623505,0.5271708,0.8034796,0.2061032,0.0,0.72200775,0.2582815,0.15726954,0.30984655
0.0,0.04987462,0.0,0.10955299,1.0,1.0,0.07059374,0.07920965,0.44238213,0.47110254,0.5237825,0.27539635,0.49986678,0.54212266,0.37473872,0.31318936,0.30287364,0.7402108,0.7164277,0.28357995,0.20548254,0.6868645,0.75731266,0.9600167,0.27819425,0.6281699,0.2026796,0.10713027,0.93663365,-0.026061364,0.06284807,0.05479966
0.14409047,0.06698854,0.036588896,0.10312339,0.89633024,1.0,0.33673376,0.2946126,0.24661237,0.33061537,0.3713524,0.35303393,0.49876842,0.56679386,0.24280365,0.2802917,0.11549692,0.79530346,0.69324183,0.22776297,0.41478863,0.5924356,0.6817678,0.8680835,0.31151935,0.8180388,0.32826683,0.18403563,0.3018343,-0.038020443,0.18802878,0.053126283
0.10142543,0.014048424,0.0,0.0,1.0,1.0,0.06711453,0.14983247,0.2512772,0.46880832,0.48248696,0.30389702,0.46626034,0.3881892,0.22354838,0.4394238,0.14773288,0.72243387,0.4472505,0.32339442,0.17360255,0.6314135,0.3651682,0.83386797,0.42069966,0.9981906,0.23701626,0.27388683,0.3062338,0.13038245,-0.09781103,-0.064578086
0.06864375,0.0,0.0,0.017624706,1.0,0.9458261,0.07676896,0.46621847,0.32154995,0.5395817,0.28921872,0.42415947,0.60908663,0.43708143,0.0,0.42638364,0.21375439,0.75358003,0.61350983,0.27993613,0.42007262,0.7623247,0.5678238,0.6896926,0.26143968,1.0,0.62365687,0.19103546,0.31067657,-0.079099745,-0.08235887,0.07186464
0.0,0.0,0.08984527,0.026807997,1.0,1.0,0.07458194,0.008294582,0.34841514,0.5234014,0.4267388,0.4462375,0.39181688,0.2988277,0.0,0.51910317,0.1936481,0.96235716,0.5927184,0.34486774,0.23687147,0.761296,0.6359799,0.6681551,0.12250346,0.81293106,0.22833362,0.37533316,0.22374092,0.18200013,0.118444964,-0.03500474
0.0,0.03666489,0.051587317,0.22205713,0.8645846,0.9593508,0.084880196,0.18015733,0.5327356,0.39758277,0.56433934,0.17816587,0.5456962,0.6898679,0.23442243,0.29823834,0.3394267,0.8175135,0.3931046,0.21183088,0.49215782,0.5816734,0.5526358,0.70989674,0.24761069,0.9531915,0.34498924,0.18130481,0.26106933,-0.045566685,-0.0063580945,-0.060521048
0.14879024,0.014606427,0.106396526,0.14668092,1.0,0.84203446,0.12375273,0.047370836,0.23485626,0.36129084,0.38080835,0.49803877,0.36120027,0.7513405,0.0,0.41274554,0.3310151,0.8399576,0.55607826,0.16758312,0.26938564,0.40419602,0.47577298,0.8305362,0.20078678,0.7522842,0.16801174,0.37571758,0.5770451,-0.19403306,0.06642401,0.093961604
0.0,0.09592599,0.14436087,0.22574836,1.0,0.91711795,0.22246052,0.31134418,0.35692146,0.46110556,0.41365343,0.26135787,0.34459358,0.5418514,0.14119017,0.30828154,0.32237765,0.8121576,0.53400606,0.48964515,0.3693592,0.39599526,0.5384247,0.8138696,0.32873693,1.0,0.37154528,0.0015481412,0.19591233,0.07105907,-0.085080825,-0.09571599
0.0,0.18921474,0.15227416,0.0,0.9613311,1.0,0.18102783,0.14305033,0.36095056,0.5092051,0.44837478,0.2570746,0.5835655,0.43383008,0.05367758,0.32925496,0.2302639,0.84399354,0.7141789,0.08946514,0.12246183,0.5331608,0.2683774,0.7614607,0.19090542,0.74813414,0.37245646,0.30363676,0.29468647,-0.1345175,-0.05706648,0.11199605
0.0,0.0,0.0,0.08331782,1.0,0.93758106,0.06861755,0.23761375,0.25843006,0.31546143,0.48001152,0.3616911,0.69019556,0.47195995,0.18232006,0.40351203,0.23389299,0.90709233,0.76290995,0.15641996,0.24101922,0.6108318,0.49758616,1.0,0.14091125,1.0,0.13339151,0.07840602,0.206508,-0.022882577,-0.060507704,0.11531336
0.0,0.0,0.0,0.024692016,1.0,0.77856916,0.1843111,0.2066857,0.50365996,0.5665789,0.47834262,0.19869876,0.57689685,0.5504,0.012981445,0.33765084,0.17796272,0.6764928,0.72228307,0.32057777,0.044138074,0.5979779,0.60667264,1.0,0.17175671,0.949927,0.34360301,0.2046754,0.19259655,0.05348421,-0.03586401,0.26592696
0.08609657,0.13937919,0.20641099,0.06150697,0.96113837,1.0,0.1951016,0.1858713,0.29075646,0.39665863,0.41038713,0.058257833,0.44091076,0.6299787,0.13782915,0.46398064,0.10495821,0.6479732,0.6333768,0.24419251,0.22270475,0.6553032,0.6742953,0.93951356,0.3588393,1.0,0.44304895,0.16291113,0.24131504,-0.12333833,-0.021626763,0.16157843
0.0,0.09780079,0.04368649,0.017117254,1.0,0.98427236,0.06566379,0.062047794,0.5400542,0.3215811,0.30332863,0.5661856,0.84842575,0.665501,0.051340282,0.45336196,0.41515195,0.7748007,0.60549,0.34971192,0.1768833,0.501461,0.4605361,0.7664699,0.23137218,1.0,0.07872167,0.1721641,0.16338392,-0.10806537,0.0055190697,0.053819835
0.112148345,0.08720725,0.0,0.0,0.88662386,1.0,0.07688531,0.2515599,0.37460297,0.35742784,0.4112909,0.39545575,0.78003204,0.45120314,0.02484059,0.4579942,0.27779734,0.79259133,0.48673356,0.38089043,0.120241396,0.44785643,0.63756734,0.929417,0.26108348,0.917043,0.27232236,0.19816042,0.34602258,-0.21435617,0.18889123,0.08551067
0.042358994,0.0,0.0,0.06366774,1.0,1.0,0.08825802,0.18708234,0.6415541,0.3543708,0.3969779,0.20255674,0.54689056,0.59616023,0.15400353,0.610177,0.043385252,0.8493433,0.61441773,0.09698443,0.20525052,0.63026035,0.80108815,1.0,0.12989886,0.8818432,0.44404098,0.24149212,0.12593684,0.03220585,0.2925747,0.05491946
0.0,0.0,0.0,0.0,0.9878489,1.0,0.16672544,0.15254559,0.31007707,0.6707353,0.41726786,0.31308284,0.5999165,0.39467075,0.0,0.47629875,0.08464077,0.89894885,0.4480598,0.065789506,0.50256395,0.4852215,0.42417872,0.66341925,0.26944104,0.94366884,0.3844037,0.22754644,0.0,-0.07328301,0.3,0.021173816
0.10231511,0.14240828,0.0,0.15409763,0.8821759,1.0,0.041246057,0.2263869,0.5970501,0.47563535,0.27823156,0.1336182,0.47637752,0.5197246,0.1589101,0.59395665,0.44382954,0.8592648,0.83866954,0.6122139,0.43499756,0.5849305,0.63215303,0.8752162,0.3491794,0.9821904,0.17274395,0.040795594,0.18483245,-0.027830094,-0.016763046,0.14596158
0.0,0.055929057,0.0,0.0,0.83624107,0.8966217,0.027966201,0.154477,0.43086132,0.5367101,0.41994572,0.37660122,0.4992592,0.58753926,0.25561967,0.52541417,0.21646863,0.8796174,0.46308762,0.25997156,0.4356377,0.5889157,0.55061036,0.96988136,0.35036895,0.8051907,0.24489023,0.27071297,0.0,-0.05736873,-0.03761947,0.15656774
0.053490557,0.02606263,0.12995407,0.2118972,1.0,0.9097425,0.38812742,0.1133502,0.5122282,0.5227974,0.22672655,0.5396129,0.85858417,0.52420413,0.35619637,0.40682667,0.18368535,0.85820115,0.5980509,0.30189168,0.27347112,0.7353441,0.6373235,0.79614246,0.4018195,0.727618,0.42906696,0.0,0.021106996,-0.24362177,-0.010750502,0.09204095
0.0,0.1155788,0.11915648,0.072479956,0.9642298,0.87915313,0.12954658,0.34670725,0.6089305,0.43520775,0.23612705,0.5241198,0.5732673,0.80896056,0.5695484,0.5631561,0.35960144,0.74128157,0.54170746,0.25885263,0.26230687,0.5925267,0.5890293,1.0,0.37405464,0.81359214,0.25517344,0.18265247,0.031676985,-0.22760604,-0.13940902,0.091961734
0.12270992,0.0012976034,0.0,0.097021475,1.0,1.0,0.13998711,0.047493592,0.4057539,0.5069031,0.35335213,0.50578487,0.61513895,0.36912265,0.25027913,0.45746326,0.273067,0.84891224,0.5113433,0.19005626,0.37026992,0.3866776,0.70098686,0.90312773,0.16880247,0.88360494,0.22007325,0.027876616,0.20762853,-0.36935785,0.3,-0.06717537
0.10978649,0.1129244,0.0014941408,0.13649239,0.9563912,1.0,0.0,0.09445965,0.4830565,0.64337564,0.4290442,0.4573381,0.40499696,0.7052629,0.114022315,0.42830256,0.18796018,0.71830225,0.41128027,0.3292763,0.31245458,0.744723,0.50929207,0.8477199,0.13210526,0.82369995,0.27787232,0.29628426,0.28731003,-0.046363797,0.20067209,-0.048687723
0.0,0.041573253,0.0,0.0,0.8435768,0.96771353,0.0,0.008489177,0.3219872,0.4237315,0.48042822,0.3722826,0.28409594,0.4619893,0.06761538,0.38138065,0.4006706,0.9296475,0.4109288,0.25293425,0.23724729,0.69380367,0.45805088,0.81517214,0.27464598,0.8754065,0.3082962,0.0,0.24390356,-0.18587482,0.21823561,0.0013299845
0.052212957,0.02230756,0.22945601,0.0734533,1.0,0.87551385,0.062392212,0.36167526,0.36401197,0.41424346,0.2720445,0.15489586,0.5722047,0.5669799,0.27340868,0.34341893,0.28222921,0.6601319,0.61917615,0.32756022,0.45737803,0.37189704,0.66456324,0.77221256,0.29040468,0.805172,0.2663879,0.15894645,0.23391563,-0.088402994,0.09088546,-0.22172017
0.0,0.29121602,0.0,0.07815051,0.86346465,1.0,0.1637642,0.17959163,0.3761196,0.6924318,0.46989882,0.24937618,0.48775962,0.52278745,0.24010979,0.4536661,0.2363239,0.73153913,0.54466605,0.20239447,0.23506309,0.7486907,0.75225204,0.9787118,0.3382569,0.8532493,0.40603137,0.12610884,0.42087775,0.08652498,-0.07459557,-0.029163985
0.0,0.20617504,0.014556012,0.0,1.0,1.0,0.42514485,0.25274184,0.41192964,0.377052,0.5597632,0.17476618,0.48191953,0.34020966,0.1056081,0.4094724,0.45314932,0.6642277,0.5004418,0.39286885,0.33654338,0.56182456,0.70302993,1.0,0.18940645,0.81448996,0.41068348,0.28325403,0.42469832,0.019193493,-0.018385291,-0.301711
0.011040069,0.0,0.03649947,0.0035828035,1.0,0.8091105,0.12066915,0.34944803,0.38199124,0.36509037,0.45576906,0.43422312,0.5403267,0.45194808,0.14181066,0.35266563,0.34751025,0.7972164,0.5360596,0.4093175,0.16636579,0.47198516,0.57944196,0.9788303,0.25393477,0.7643745,0.44282532,0.12803537,0.47881848,-0.5222506,-0.0488347,0.0012918636
0.0,0.0,0.0,0.0,0.8485544,0.97261894,0.31342787,0.2961892,0.26682457,0.71684337,0.27845892,0.63845336,0.49034953,0.5525707,0.0,0.30411938,0.32060012,0.8281413,0.59291303,0.45122752,0.29978967,0.580864,0.4485326,0.89828044,0.3108903,1.0,0.23832646,0.04844047,0.53515434,-0.24795473,-0.09937836,-0.11573291
0.04219555,0.15920883,0.0,0.0,1.0,1.0,0.16183895,0.00076799095,0.4915063,0.5428551,0.30266875,0.31983075,0.7724427,0.60232145,0.039844707,0.2990768,0.24691632,0.6969213,0.34536427,0.4164703,0.42622626,0.78307056,0.53005934,0.8361999,0.33718377,1.0,0.38089207,0.14773954,0.35020423,-0.12663922,-0.022871338,-0.15212119
0.0070785163,0.034333013,0.008653708,0.042233862,0.79255456,0.79769665,0.13439849,0.24424191,0.47417313,0.51086867,0.21922933,0.4409618,0.62915087,0.37985727,0.0,0.51216346,0.30874252,0.7888934,0.55427593,0.31638965,0.40542975,0.6639421,0.7360423,0.9115661,0.15223151,1.0,0.27020097,0.26272705,0.28066212,-0.54740804,0.02035603,-0.015407532
0.09364187,0.0,0.0,0.0,1.0,0.8510668,0.23969421,0.035353348,0.6261426,0.6161397,0.34942186,0.47093207,0.5908516,0.6318573,0.042584814,0.37820423,0.30732515,0.9859828,0.53953314,0.2940501,0.54038423,0.5536042,0.47782326,1.0,0.21630843,1.0,0.05780652,0.36299804,0.26877356,-0.39821205,0.13699892,0.25044078
0.0,0.03400179,0.057972703,0.057749063,1.0,0.92651546,0.14840636,0.4962053,0.40124902,0.32878482,0.40510392,0.5473336,0.5089718,0.19008258,0.4925279,0.48392788,0.40100712,0.6713635,0.42520303,0.40874946,0.518014,0.7540753,0.42825824,0.7724945,0.36901116,0.8247654,0.30739474,0.1464892,0.23636992,-0.17538486,0.04549896,-0.06461751
0.21062392,0.10165741,0.0,0.18195698,1.0,1.0,0.21925418,0.21789339,0.36597627,0.39681527,0.39396665,0.5251886,0.36220524,0.49796352,0.5316537,0.3313596,0.67313755,0.6409407,0.61701167,0.6684962,0.53248936,0.27230135,0.3183464,0.9488673,0.2774324,0.8640205,0.34204498,0.3579194,0.4036259,-0.44025195,0.083464645,0.18812834
0.14512436,0.13680497,0.11675082,0.1624227,0.9391677,0.97977746,0.26720667,0.33056414,0.2719436,0.34783018,0.37814498,0.6143495,0.5128869,0.63504565,0.5438678,0.27505222,0.7853124,0.5855819,0.5453183,0.5527958,0.586428,0.5952747,0.442932,0.84513944,0.25053868,0.78417206,0.1712775,0.19890848,0.41909835,-0.43516678,-0.030398514,0.042603638
0.109140635,0.14075923,0.01730398,0.0,1.0,0.8341023,0.033873722,0.21846502,0.6306381,0.5419933,0.3918636,0.42875654,0.27947685,0.5641614,0.6275791,0.5102634,0.7249614,0.6678999,0.47592145,0.6444017,0.6877968,0.40156913,0.59863067,0.9829467,0.33869937,0.91352725,0.35901663,0.33507043,0.3920914,-0.23627278,-0.028225217,0.07230352
0.23880869,0.27381825,0.1042282,0.0,1.0,0.8022416,0.2948496,0.16356866,0.3962628,0.31235188,0.4774715,0.45500875,0.60380095,0.3228483,0.52928656,0.31682155,0.8921204,0.76041096,0.39878902,0.68053913,0.6700639,0.6925215,0.44632843,0.76632714,0.2569797,0.7696279,0.23538439,0.14135778,0.18966393,-0.30119908,-0.06105277,-0.14055024
0.04608869,0.0,0.04081579,0.043521896,1.0,1.0,0.17446232,0.008266509,0.5807452,0.49418792,0.38149926,0.30071783,0.42390078,0.41994858,0.45967892,0.36226118,0.5747742,0.78168213,0.5847072,0.63340765,0.36914933,0.6146083,0.4163776,0.9641742,0.22885281,0.83844626,0.38980365,0.036971465,0.4092267,-0.100012064,-0.06999309,0.0619049
0.18025759,0.059824426,0.112855025,0.17489697,0.9555432,0.9381056,0.060056843,0.2627343,0.55296713,0.5358346,0.20574921,0.3869397,0.38900268,0.2861064,0.47672102,0.5822827,0.56315774,0.8389686,0.55996877,0.59834945,0.6624072,0.666127,0.52598965,1.0,0.32741377,0.8991322,0.33783126,0.060351454,0.5167652,-0.23459771,-0.15413009,0.15461741
0.11814425,0.0843836,0.0848103,0.0,1.0,1.0,0.20137334,0.11169999,0.23477413,0.4608108,0.28757873,0.5093987,0.48698664,0.35642362,0.5102351,0.2898566,0.51944,0.67381716,0.50934905,0.68588966,0.49540967,0.69659185,0.7385,0.95695484,0.25436407,0.82053393,0.37175912,0.2269994,0.25314072,-0.15751444,0.12348147,-0.28150666
0.10182494,0.02410841,0.016797274,0.0033143163,1.0,1.0,0.14823386,0.20893267,0.5781899,0.27443606,0.12877809,0.4053423,0.35875797,0.39935547,0.5647034,0.486459,0.72341794,0.99304974,0.6284278,0.6236474,0.62725806,0.3754185,0.46637562,0.7146748,0.20158659,0.94998443,0.09992671,0.0,0.11689749,-0.27637818,-0.09170641,-0.0027301917
0.48630857,0.41380063,0.617784,0.82326484,0.8794496,1.0,0.46289736,0.40347898,0.39965755,0.55785537,0.31690234,0.39948246,0.5540046,0.4247643,0.63131857,0.30956885,0.70613927,0.81608766,0.49488646,0.46879768,0.54067373,0.35064977,0.5111209,0.9155457,0.41318008,0.7879036,0.15728396,0.029222049,0.47044498,-0.1663557,0.27530792,-0.16312607
0.3461822,0.40780193,0.624562,0.52857256,1.0,0.86835873,0.28215688,0.26816356,0.4468183,0.26017573,0.46192285,0.3104096,0.3299664,0.28575224,0.54497,0.23828453,0.3648199,0.8173658,0.48607963,0.6331122,0.6172247,0.53233206,0.49348515,0.9330274,0.2715746,0.7824988,0.36422688,0.21495396,0.48920697,-0.32012874,0.0454973,-0.16644886
0.34971428,0.46042213,0.96174693,1.0,0.9493162,0.94580173,0.2961965,0.21074146,0.5581689,0.34745103,0.52850425,0.22818507,0.26165217,0.17804724,0.4328527,0.26871437,0.71790296,0.73495704,0.51706064,0.62871134,0.59960425,0.5153715,0.7734377,0.8753598,0.19573279,0.88763386,0.31712633,0.0,0.13510835,-0.2045659,0.12155342,-0.18814169
0.15426473,0.23264363,0.01353419,0.0,0.93148243,1.0,0.0,0.13755852,0.54596335,0.39222416,0.31508178,0.14700389,0.5118017,0.4176789,0.6092163,0.43883795,0.6844803,0.7146293,0.5121381,0.51788086,0.6536031,0.5766924,0.53688,0.8986096,0.07565755,1.0,0.44448406,0.07223064,0.104745254,-0.088714465,0.3,-0.09102248
0.21458733,0.024595065,0.0,0.0,0.97429526,0.99867505,0.19389904,0.044503324,0.5425131,0.33313414,0.26909006,0.4324998,0.2505037,0.3094951,0.37085357,0.35126242,0.6572668,0.75874335,0.51093847,0.4825559,0.38392788,0.37406033,0.53455365,0.8604253,0.35841942,1.0,0.20637928,0.024018187,0.25228083,-0.12581354,0.17146972,-0.16617972
0.06359103,0.11448012,0.13488701,0.09111344,1.0,1.0,0.035699084,0.048240595,0.47347024,0.44731528,0.18206859,0.28306744,0.48301935,0.29661232,0.34351712,0.40075633,0.4627946,0.9231345,0.33739868,0.24528989,0.37527424,0.7063741,0.6979362,0.8273543,0.21901314,0.8393172,0.17051011,0.38815865,0.29757842,-0.22574306,0.053579334,0.0067640096
0.22750494,0.0,0.0,0.17247084,1.0,1.0,0.0,0.06465789,0.36662164,0.61678,0.4957051,0.3020243,0.54137117,0.47471514,0.32687095,0.6939623,0.25668064,0.85223985,0.59187996,0.32809067,0.36840898,0.60158163,0.4580352,1.0,0.35394594,0.69666183,0.37065464,0.004011549,0.5293045,-0.3701144,0.18132395,-0.22590831
0.054346945,0.0,0.0,0.016552666,1.0,1.0,0.057619706,0.299568,0.3873471,0.6187905,0.5007711,0.3143919,0.37825394,0.29896128,0.34449148,0.2631168,0.34770808,0.775031,0.6526868,0.5007974,0.306028,0.6504219,0.5670764,0.85130614,0.38142338,0.81270754,0.39052194,0.11649565,0.23949969,-0.32675156,0.06508264,-0.26910582
0.0,0.17944196,0.0,0.0,0.93724227,1.0,0.29441977,0.28108615,0.5398311,0.44712698,0.5325476,0.25562704,0.4480801,0.56390285,0.21302426,0.21797147,0.45905453,0.6272624,0.5025419,0.34596252,0.26717013,0.7493663,0.6507261,1.0,0.35915875,0.88351303,0.4460047,0.2084513,0.39594358,-0.3737631,0.20688187,-0.09418775
0.081895106,0.0,0.0,0.088635504,1.0,1.0,0.07772834,0.14873464,0.5468126,0.5153848,0.4305302,0.46894324,0.29499352,0.4427277,0.1449416,0.55375385,0.23427458,0.72966564,0.62356687,0.1828858,0.32595086,0.4362036,0.7194898,0.81502914,0.28711852,0.714452,0.510425,0.28077728,0.37153363,-0.33967608,-0.093146786,-0.24226944
0.022567114,0.0005422253,0.21729122,0.301163,1.0,0.9712727,0.19016811,0.3061911,0.44035816,0.41977245,0.28385693,0.4902013,0.4110945,0.44663584,0.081534594,0.5169397,0.31436443,0.9271757,0.731229,0.24661742,0.13755783,0.46384412,0.79502666,0.9147177,0.2799494,0.8286846,0.407193,0.27484015,0.33587325,-0.27914,0.06627201,-0.11054448
0.050050966,0.28460044,0.07014236,0.086988725,1.0,1.0,0.06277426,0.08469344,0.49654332,0.5546878,0.41087177,0.3753629,0.42174277,0.40845183,0.26177076,0.36272052,0.20652491,0.7012914,0.5519496,0.14645094,0.39137834,0.44682345,0.5889895,0.89008313,0.2919103,0.7935208,0.42255577,0.12104069,0.3892592,-0.4625807,0.08775016,-0.15786535
0.0,0.063573204,0.0,0.0,1.0,0.95044464,0.13892014,0.07794014,0.51929104,0.25345498,0.52335507,0.3034924,0.5346138,0.3539139,0.1618686,0.28234765,0.28574994,0.7988915,0.43096012,0.3329358,0.32481,0.61590135,0.591854,0.9491858,0.38326976,0.93870074,0.4040466,0.2440713,0.6056164,-0.14163527,-0.06003391,-0.08529714
0.38795578,0.2799658,0.71317995,0.70815384,1.0,1.0,0.30721146,0.09562568,0.41071293,0.20490067,0.31777734,0.15858074,0.5701149,0.39900357,0.1851837,0.48861247,0.41645104,1.0,0.6867282,0.23823959,0.18988457,0.428405,0.7273617,0.9157683,0.25150183,0.8654901,0.27252024,0.2549886,0.36390096,-0.4236955,-0.07056104,-0.18054646
0.0,0.08707018,0.13284756,0.105787896,1.0,0.9132042,0.3780353,0.31171352,0.37808236,0.55584455,0.36637405,0.3976503,0.36478058,0.47616893,0.4546144,0.36110336,0.3666343,0.83350074,0.64684474,0.2464788,0.2645444,0.5879964,0.28657812,0.88312393,0.45764416,0.9001728,0.4768326,0.0,0.3186792,-0.21596533,0.18434416,-0.14064561
0.020002585,0.09715073,0.0,0.051654905,0.93952703,0.868169,0.16485356,0.12900996,0.31601158,0.5190551,0.47740507,0.30622482,0.71017087,0.4563193,0.11239402,0.577491,0.3064343,0.8422248,0.5731889,0.48827523,0.30986363,0.49914765,0.45452356,0.7400874,0.32635018,0.8330893,0.18575937,0.24979396,0.21414876,-0.43135217,0.1096742,-0.27526605
0.10123272,0.007888183,0.086488694,0.11328389,1.0,0.9520128,0.08548617,0.076139905,0.5086587,0.4442111,0.2147098,0.29840094,0.66778433,0.49349445,0.15177988,0.40166175,0.5168361,0.816785,0.5450937,0.5670398,0.48298216,0.74020076,0.60685265,0.76285297,0.13401897,1.0,0.3792761,0.098940834,0.426569,-0.40338427,0.10195733,-0.14477564
0.06055327,0.082680985,0.036100432,0.10531967,1.0,0.96665984,0.56086814,0.39363733,0.5871749,0.30473486,0.13914417,0.49750957,0.49230242,0.71842766,0.33907223,0.25805694,0.52655697,0.68112576,0.5457594,0.6401192,0.736879,0.3879758,0.54437244,1.0,0.0378322,1.0,0.5110544,0.04632788,0.27008343,-0.34609875,-0.12740478,-0.013241932
0.0,0.0,0.25643176,0.32217142,1.0,1.0,0.10549212,0.15009712,0.5273781,0.29770637,0.27213204,0.5215714,0.7609228,0.50726926,0.5278521,0.5759303,0.66908866,0.89823794,0.5034255,0.64342433,0.7149436,0.40488583,0.542932,1.0,0.23917904,0.9625345,0.2547848,0.0,0.44663686,-0.25631428,0.041364957,-0.046540692
0.0056966953,0.14544204,0.15954706,0.05151425,1.0,0.82475424,0.22100662,0.31647837,0.33723265,0.37157926,0.20167074,0.3469825,0.3892467,0.4224754,0.64623696,0.43921632,0.81696707,0.7743134,0.4975734,0.6801314,0.61069465,0.6333171,0.6540191,0.8272925,0.3702266,0.75676656,0.2263842,0.1536386,0.29801932,-0.32863814,-0.17233257,0.06949776
0.26892015,0.04798548,0.06635113,0.33636108,1.0,1.0,0.17495126,0.03657998,0.47344616,0.35200012,0.4656062,0.4119399,0.47262374,0.58765936,0.6734316,0.49682403,0.64260566,0.6351863,0.5131613,0.65985495,0.9558449,0.45932838,0.2713596,0.89962775,0.47319704,0.7633877,0.5332523,0.10605742,0.16836147,-0.31353822,0.025188487,-0.18962495
0.18744977,0.53711754,0.58809644,0.70394444,1.0,1.0,0.11659928,0.2666214,0.5812619,0.5494353,0.27946433,0.42850703,0.42995813,0.3413551,0.9428357,0.24416591,0.93454444,0.6025938,0.5438075,1.0,0.9339328,0.34985033,0.34226555,0.62658787,0.3602934,0.9100072,0.28209746,0.043355383,0.24378085,-0.093360856,-0.11309892,0.06376545
0.49351344,0.6364402,1.0,0.9170951,1.0,1.0,0.37377837,0.1352139,0.6311054,0.6193577,0.19921418,0.41614598,0.56985533,0.37064704,0.8936324,0.20653474,0.9771282,0.72061497,0.36149624,0.8753415,0.82235783,0.3833789,0.34944943,0.63681114,0.57222986,0.71464723,0.43441173,0.036801964,0.37506706,-0.35039085,-0.009570951,0.0070743933
0.36889982,0.500917,1.0,0.75483555,1.0,0.8932585,0.11443821,0.11897108,0.5069353,0.7719765,0.28223848,0.41054928,0.30494028,0.30436388,0.87177306,0.18928921,1.0,0.58818716,0.42854238,1.0,0.83995765,0.5540526,0.24558027,0.7697197,0.55750585,0.59564024,0.3060539,0.13251926,0.53008217,-0.44093537,0.13898925,-0.17008533
0.45860457,0.35803664,0.92462516,0.9045498,1.0,1.0,0.19525395,0.11286573,0.47648156,0.50917107,0.43269622,0.541483,0.36550382,0.30830786,0.84923,0.33286056,0.9373918,0.5879969,0.3375756,0.87714934,1.0,0.2983935,0.4367788,0.7718244,0.528366,0.518876,0.51040554,0.07718931,0.33269912,-0.20860365,0.17406613,-0.035258207
0.40475112,0.409128,0.7851467,0.92852473,1.0,1.0,0.36260378,0.043055028,0.38496906,0.6084783,0.28983837,0.37259716,0.16538005,0.26393563,1.0,0.05049099,0.9836732,0.67359644,0.3212386,0.9749925,0.77427375,0.31340277,0.37336707,0.6063008,0.51977634,0.7995787,0.5057451,0.0,0.26724303,-0.24649957,0.097712524,0.3391386
0.0,0.083510354,0.0009996146,0.0,0.90947187,1.0,0.0,0.18828772,0.48059618,0.384859,0.35926625,0.54206705,0.28998023,0.2707975,0.9348283,0.13550398,0.92578405,0.7179264,0.4749986,0.8245644,0.92831194,0.5490625,0.45449585,0.7939823,0.45146757,0.81648254,0.49708533,0.11159338,0.26791066,-0.52976096,0.27536538,0.0135889985
0.4410553,0.5156774,1.0,0.9639143,0.86753017,1.0,0.25308436,0.04051836,0.3562325,0.5458993,0.40616792,0.40155402,0.24121909,0.15547344,0.8517153,0.020639569,0.80643594,0.5763916,0.49265078,0.9630195,0.8784978,0.4648738,0.39227358,0.6503808,0.34847456,0.63787425,0.20966254,0.0,0.063282,-0.24035923,0.19560273,-0.016101198
0.3596894,0.5403254,1.0,0.83227104,0.98350704,0.96973526,0.27435437,0.09485705,0.5206317,0.41196,0.54856086,0.38404846,0.12683403,0.23515141,0.8346586,0.1564021,0.90586555,0.9294609,0.41742927,0.66313624,0.8424525,0.36780512,0.3127556,0.683034,0.4611563,0.7561803,0.47432342,0.0,0.37147337,-0.09228123,0.0036980994,-0.047463022
0.4836737,0.7790608,0.9691512,1.0,0.9705907,1.0,0.3173756,0.38044983,0.43629745,0.4027863,0.51305383,0.2571721,0.34148782,0.18258455,0.8232226,0.26327842,0.776379,0.67265344,0.4946015,0.7831425,0.7328501,0.36268342,0.41066414,0.74808216,0.20334919,0.8029305,0.32873625,0.25741044,0.45962393,-0.2977817,0.046512336,0.06644264
0.2933737,0.37319285,0.79193616,0.88246304,0.85499024,0.86421233,0.0,0.0,0.5993519,0.42991304,0.5397634,0.3334869,0.39215335,0.26101398,0.9749619,0.26839453,0.96836567,0.7052097,0.52970684,0.79086983,0.92224574,0.42593938,0.3225467,0.7916075,0.17801228,0.73235875,0.20024464,0.0,0.51567435,-0.30160162,0.106332056,-0.04718147
0.71252775,0.6251231,1.0,0.9471673,0.98115814,0.90789133,0.4169498,0.3073672,0.49766168,0.57914805,0.44241908,0.4724562,0.50444126,0.16485909,0.72949666,0.33780372,0.77938795,0.61121315,0.39136174,0.8168096,0.7955761,0.37376225,0.46314207,0.6633839,0.24462518,0.41510186,0.2837785,0.19401816,0.27025697,-0.15919048,-0.027029734,-0.20361194
0.16145325,0.25626332,0.1811255,0.3626582,0.8942562,1.0,0.10451515,0.06667019,0.5845808,0.5402321,0.26262784,0.4597504,0.31466135,0.49220425,0.7502278,0.2958663,0.6659211,0.68541276,0.3964912,0.554727,0.5139193,0.43792418,0.42720515,0.66832584,0.1791355,0.8532679,0.37301847,0.0,0.38925022,-0.20262899,0.053292193,-0.0013899133
0.0,0.0,0.072374605,0.23757842,1.0,1.0,0.16376057,0.28730503,0.47425783,0.44125554,0.25593928,0.29086882,0.5029136,0.50419986,0.5684855,0.42569417,0.54252166,0.6518819,0.43449137,0.4151549,0.5859493,0.5294337,0.5252283,0.7944515,0.18973726,0.61684895,0.41189858,0.013721384,0.7419629,-0.12754378,0.069792286,0.0013844594
0.085480295,0.0,0.06813629,0.09402563,1.0,1.0,0.17644066,0.37172282,0.50796723,0.38276732,0.19353627,0.5161234,0.39030433,0.41237056,0.17466953,0.3192777,0.5346034,0.594978,0.698096,0.40470833,0.3410757,0.4340901,0.5614218,0.6798916,0.29436117,0.8219741,0.29966998,0.22941099,0.44617087,-0.20582058,0.21827605,-0.22742411
0.2100707,0.0854917,0.13270351,0.23183027,1.0,0.7436807,0.21257754,0.21696703,0.45621803,0.36661154,0.13881162,0.51040477,0.30956772,0.4028936,0.22115758,0.29744786,0.3838179,0.8360802,0.49621263,0.34713557,0.15750562,0.4204015,0.6798606,0.8279831,0.25906938,0.96242166,0.30805057,0.10148098,0.6165517,-0.43862033,-0.13642627,-0.24004942
0.10240617,0.20035858,0.025112357,0.0,1.0,1.0,0.16908845,0.0,0.44094518,0.61426806,0.39277208,0.33105358,0.50759554,0.44982046,0.0,0.21806768,0.31865168,0.7826642,0.55055946,0.29296193,0.5210262,0.70585304,0.50653636,1.0,0.40291458,1.0,0.439646,0.021532547,0.62159455,-0.5221402,-0.11115705,-0.12059468
0.0,0.02078467,0.0,0.0,0.9060281,0.89089686,0.15997204,0.2694358,0.43266982,0.50325197,0.50472176,0.48794323,0.7749034,0.8551606,0.0,0.45385075,0.34875384,0.8101355,0.53673035,0.20896968,0.16802771,0.46178687,0.55976415,0.8771067,0.20009795,0.8059078,0.31455627,0.17977582,0.46851608,-0.051691532,-0.1140266,-0.071359284
0.0,0.09101312,0.21039982,0.1435324,0.980565,0.876433,0.3207221,0.13052902,0.4076755,0.5906572,0.31017777,0.21402854,0.5072135,0.47088397,0.0,0.50063837,0.34380263,0.8302837,0.5492055,0.49394268,0.3974129,0.5192722,0.59458464,0.9439612,0.25446394,0.7753024,0.11366817,0.2668342,0.40638953,-0.32054237,-0.08400868,0.017152928
0.089816034,0.0,0.0,0.0,0.98956597,0.9890662,0.24891779,0.1670138,0.5192566,0.52029157,0.5753521,0.20815536,0.62815416,0.6400682,0.0,0.46211576,0.27063605,0.6613905,0.65457356,0.22171976,0.40096426,0.6636779,0.620415,0.86369395,0.0,0.91788507,0.3419545,0.18120298,0.39304408,-0.5141996,0.07040351,-0.23359957
0.121603206,0.023156166,0.04872706,0.08539538,1.0,1.0,0.069088876,0.18119062,0.53417367,0.6245981,0.37505466,0.27066365,0.6792304,0.40009046,0.0,0.4572417,0.4247071,0.75424546,0.56172854,0.041274548,0.40878254,0.6162074,0.54010296,1.0,0.47560465,0.8401444,0.24594636,0.0,0.48637474,-0.31199375,0.051783666,-0.1035486
0.0,0.0,0.068842545,0.0,0.96139807,0.90448916,0.00567092,0.27702588,0.52218664,0.4982074,0.4255336,0.2762486,0.57498085,0.6836744,0.12585685,0.3843905,0.4064495,0.7334112,0.43917224,0.20326352,0.2470734,0.44566363,0.55121315,1.0,0.25781614,0.9102174,0.31389296,0.050936155,0.4356345,-0.09797038,0.070620954,-0.048900217
0.0223239,0.16888009,0.0,0.0,1.0,0.938052,0.29716778,0.0,0.3466039,0.5133084,0.47046146,0.2907817,0.4988745,0.482401,0.06545468,0.4587643,0.4183206,0.85611534,0.62988234,0.41557777,0.10351606,0.63158715,0.56269187,0.87857926,0.31360877,0.85150605,0.25988594,0.0,0.109995395,-0.083154544,0.06362421,0.07419635
0.18204427,0.0,0.10962765,0.0,0.9301848,0.96422803,0.14760707,0.28479713,0.30130947,0.55625206,0.6911712,0.16126382,0.65250295,0.6223933,0.0,0.57517385,0.23014091,0.6339973,0.3926276,0.27138433,0.389306,0.615848,0.6932304,0.91404665,0.40028852,0.98777276,0.25639585,0.23019996,0.19297604,-0.45936102,0.0654342,0.053465303
0.14201367,0.0,0.039094653,0.0,1.0,0.89784986,0.49473462,0.10276485,0.39901865,0.38733992,0.4632858,0.032742545,0.7242378,0.7410564,0.0,0.554795,0.3726654,0.94416404,0.67029047,0.34317696,0.32560247,0.74641895,0.5234768,0.77667934,0.03979042,0.95997924,0.3907991,0.10822016,0.0,-0.29898334,0.26999563,0.18418252
0.0,0.0,0.0,0.0,1.0,0.8841597,0.0,0.18079917,0.4884886,0.34925312,0.382109,0.07924645,0.36537746,0.65588427,0.008181345,0.39870772,0.33351186,0.8611933,0.51203,0.27677235,0.39695358,0.5865924,0.42534146,1.0,0.27944437,1.0,0.385941,0.17847425,0.007638285,-0.010487437,0.096050024,0.023447923
0.04060829,0.21592294,0.0198913,0.0,1.0,1.0,0.24627256,0.15182413,0.5328741,0.36173433,0.39498436,0.16684544,0.6354851,0.6167747,0.057698637,0.47487825,0.37930605,0.7083272,0.49757296,0.42220378,0.49452978,0.47550952,0.4498628,1.0,0.21043944,1.0,0.25991696,0.2710521,0.0041289553,-0.2513758,0.14249569,0.06363015
0.12206248,0.05308087,0.0,0.08102131,0.86048937,0.8959618,0.20689088,0.32517287,0.26847845,0.5919036,0.35052133,0.074833795,0.6768574,0.5071432,0.19849998,0.3892107,0.43772006,0.78088945,0.4856258,0.27971777,0.41962564,0.41256946,0.7051861,0.91520303,0.43231022,1.0,0.10337959,0.09682536,0.0668382,-0.015986487,-0.028154433,-0.04417687
0.042722914,0.0,0.013204715,0.0,1.0,1.0,0.24472746,0.12638196,0.31798142,0.36840546,0.25985166,0.39979547,0.43020582,0.5569089,0.22381368,0.4873665,0.32396102,0.9175673,0.36279446,0.31214482,0.2874265,0.25547078,0.47766173,1.0,0.16199905,0.8099261,0.22645195,0.3150651,0.06879243,-0.029249877,0.15781836,0.10935694
0.055153262,0.10273184,0.0,0.0,1.0,1.0,0.18456537,0.36358702,0.7060926,0.35727885,0.50411063,0.18609811,0.45616668,0.61985826,0.14445515,0.26688886,0.27206704,0.8318117,0.47902548,0.33510002,0.2699221,0.37350532,0.472,0.97912025,0.32997882,0.9687848,0.2657341,0.05433543,0.009283267,-0.31684387,-0.009189382,0.052357562
0.11705194,0.08653228,0.0,0.0837227,0.9638033,1.0,0.04166118,0.017630562,0.5493544,0.339406,0.4033348,0.42889795,0.47984844,0.62553704,0.21591437,0.5436593,0.3256979,0.9244401,0.55609196,0.24996094,0.3292625,0.6779116,0.4883554,0.7610819,0.42692646,0.87965107,0.27563325,0.19562572,0.30914235,-0.0988779,0.13876694,-0.005071979
0.077877566,0.09137895,0.0,0.0,1.0,1.0,0.19363876,0.18373019,0.353463,0.38732773,0.22945586,0.39504218,0.3776222,0.45027617,0.009740025,0.31171048,0.08298455,0.7094835,0.47094032,0.3858211,0.28778115,0.59888715,0.5737269,0.84796435,0.2794922,0.87217224,0.29261595,0.41143292,0.15564868,-0.082698554,0.03628834,0.10426107
0.013754788,0.0,0.08416032,0.0,0.9851895,0.9716008,0.25626582,0.1334,0.44827056,0.5125136,0.22859499,0.44507766,0.367802,0.35057265,0.21823595,0.4855628,0.16377206,0.83457386,0.39306188,0.32362616,0.28826502,0.5223997,0.46008116,0.5957917,0.28672197,0.94446325,0.22519562,0.19973978,0.15869185,0.15049258,0.057296976,-0.08358373
0.0,0.102861576,0.0,0.08662556,0.88168824,1.0,0.18106681,0.29400897,0.4024258,0.24515104,0.1537315,0.4843557,0.27433214,0.518301,0.24835163,0.48992002,0.24609002,0.7942692,0.7630699,0.51301354,0.17452474,0.5972451,0.4411072,0.78818244,0.40969628,0.8413039,0.60226417,0.0,0.5108228,-0.07836151,0.11233716,0.060726717
0.11404543,0.0,0.0,0.0,0.6495515,1.0,0.11823689,0.20155017,0.57265735,0.35726035,0.23673499,0.7149787,0.6332699,0.29430306,0.02464664,0.20836888,0.32759437,0.8536122,0.61962306,0.29020253,0.46021906,0.66836196,0.6768262,1.0,0.39786097,0.9128149,0.47524086,0.16339505,0.516625,-0.20379132,0.2001178,-0.07820605
0.0019938117,0.0,0.041635074,0.0,1.0,1.0,0.012916766,0.17108448,0.44647697,0.5176319,0.067777395,0.31226057,0.4237015,0.40993512,0.24855743,0.48226935,0.48240316,0.7112699,0.51885515,0.41999155,0.45689434,0.63762057,0.56660676,0.9459578,0.3556144,0.6418035,0.2941505,0.21477951,0.4266164,-0.06363946,-0.08081775,0.008418761
0.12299202,0.0,0.0,0.015837885,1.0,0.9240066,0.46691877,0.07866064,0.32022017,0.23257028,0.29178944,0.42804033,0.25761676,0.45310074,0.10159092,0.28109747,0.43600428,0.7040966,0.6178755,0.4055918,0.36354858,0.49626538,0.5287133,0.9953423,0.3011413,0.91738766,0.438034,0.1388157,0.39531854,-0.15934458,-0.060842432,-0.091915876
0.05245176,0.0,0.101424985,0.0,0.9778671,1.0,0.10148083,0.14692476,0.54169583,0.45618102,0.31502873,0.46233055,0.33699283,0.4411668,0.234261,0.62126696,0.22425175,0.84179616,0.5600804,0.5321015,0.4015538,0.560526,0.44007406,0.9381993,0.5746312,0.8397911,0.28733972,0.22090623,0.4717421,0.012843087,0.040377863,-0.14616632
0.083194256,0.0,0.0,0.0,1.0,1.0,0.109328896,0.23323381,0.54481524,0.39692813,0.5835438,0.531059,0.40969214,0.35477284,0.30232248,0.31839797,0.421064,0.82294345,0.57594645,0.5472887,0.43968034,0.4572764,0.6590373,0.73428583,0.3069307,0.7441849,0.34988278,0.17474148,0.4100631,0.09736486,-0.13244835,0.073963135
0.18877175,0.0,0.0,0.082292244,0.9105581,0.9501726,0.20040259,0.108660266,0.5056078,0.45218205,0.2961727,0.6005046,0.6878806,0.40290493,0.37627432,0.45175973,0.6010859,0.7318819,0.35379967,0.9043186,0.65839785,0.47034764,0.4407423,0.8707196,0.21046275,0.7994248,0.56215245,0.16770428,0.22103953,-0.012742311,-0.1405106,0.034362722
0.14977716,0.17609167,0.0,0.2400941,1.0,1.0,0.28525582,0.11981624,0.33886448,0.40665346,0.24258368,0.4006104,0.4758857,0.4124701,0.65158945,0.29578325,0.608464,0.6597499,0.6527467,0.7068443,0.6840846,0.4151351,0.4852214,1.0,0.24785851,0.6859811,0.3646484,0.19549757,0.25126788,-0.099844426,-0.03891638,0.23848423
0.059475176,0.0,0.0,0.0,1.0,0.9543316,0.0,0.0,0.3865381,0.46293664,0.48012385,0.23973566,0.48011345,0.5613068,0.32674962,0.29411748,0.59053034,0.42831075,0.49117732,0.47020173,0.6405266,0.4654284,0.8004099,0.9031855,0.40704733,0.97200924,0.24874473,0.26115954,0.44200218,-0.17911936,0.0067354487,0.012555461
0.03674855,0.039858393,0.26184005,0.06702351,0.9081229,1.0,0.61548,0.60939217,0.21624309,0.12641674,0.25651842,0.5649178,0.36257562,0.45495227,0.4053475,0.28857604,0.63128823,0.7341381,0.5965765,0.78662086,0.7664815,0.66722876,0.55135417,0.850865,0.20443118,0.9697625,0.5210427,0.09406788,0.4580685,-0.17017412,0.127354,0.007037431
0.28931177,0.6023071,0.89345825,0.98857415,1.0,0.9716086,0.26311326,0.09223156,0.5721415,0.39025807,0.41910565,0.36578727,0.6273917,0.5498016,0.6783234,0.24910595,0.6426916,0.7495542,0.6267412,0.7875289,0.68142843,0.38657418,0.42469028,0.8543708,0.40888178,0.8984787,0.28169116,0.005882688,0.46852922,0.13228944,0.043671094,0.097672686
0.0,0.18606353,0.0,0.13800254,1.0,0.82770765,0.10354735,0.28819466,0.66610545,0.7287247,0.26707074,0.34609228,0.2814606,0.40979412,0.5634109,0.29497916,0.74186295,0.36095777,0.5525427,0.66046435,0.682923,0.4209868,0.4907955,0.70803934,0.39213756,0.9005253,0.54413384,0.082138084,0.37058395,0.069097765,-0.054224107,0.06218767
0.0,0.03233102,0.0,0.26663598,1.0,0.9337526,0.0,0.21036173,0.36379963,0.6152521,0.40554363,0.57950485,0.022625685,0.2929733,0.5044676,0.36931956,0.7243358,0.79416925,0.4309347,0.81583995,0.7814981,0.42486537,0.3637378,0.7570574,0.3268766,0.8583033,0.029729038,0.0,0.3800084,-0.03345235,-0.07448032,0.039088115
0.08818237,0.21088867,0.0,0.031409208,0.97549736,1.0,0.0945486,0.26005635,0.44267207,0.423814,0.24772516,0.44365728,0.30508,0.06445867,0.571713,0.3893651,0.6687413,0.7889441,0.4805374,0.48956797,0.3955326,0.48259598,0.44728106,0.6492111,0.24898806,0.79857486,0.37996173,0.0,0.27592626,0.023540668,-0.17498848,-0.010092638
0.089478165,0.009231808,0.0,0.0,1.0,1.0,0.31863195,0.0,0.3928674,0.4468114,0.0875701,0.32304728,0.33044574,0.26060757,0.7416031,0.38978243,0.11645758,0.7281524,0.6713441,0.5573669,0.38741228,0.6018561,0.64053726,0.82746696,0.48951834,0.8219979,0.34111887,0.1709801,0.4909194,-0.0024021417,-0.0054073464,0.068441026
0.0,0.07512155,0.0,0.0,1.0,1.0,0.029450268,0.110306665,0.42295048,0.55709857,0.31474718,0.4502318,0.30475175,0.16463296,0.6203802,0.35110182,0.6124884,0.6526668,0.54856765,0.14581856,0.31711152,0.608067,0.4907048,0.7249881,0.38030258,0.8269266,0.3557706,0.011226181,0.6020817,-0.15431732,-0.16629513,-0.1726959
0.0,0.01822165,0.0,0.11332801,0.9577802,0.862035,0.25375926,0.2671222,0.40809685,0.42504653,0.30897754,0.4439537,0.46173716,0.056854337,0.14981359,0.29195186,0.41842532,0.68818223,0.7950334,0.22727536,0.44382158,0.77247417,0.49056214,0.91700816,0.47596127,0.6692038,0.40032354,0.0,0.5247508,-0.2827604,-0.036388826,0.0052608773
0.12882686,0.6121024,0.6242202,0.40940934,0.747093,1.0,0.10555735,0.11914124,0.41397026,0.5881833,0.29878983,0.50630736,0.3681495,0.2799142,0.48922858,0.42603147,0.48086607,0.91508394,0.5159321,0.40483215,0.40310866,0.5582869,0.4735938,0.7738868,0.45857668,0.5855932,0.3640125,0.15172243,0.46745372,-0.00955122,-0.056410857,-0.1579602
0.70513564,0.46709502,1.0,1.0,0.9205361,0.87302196,0.36780375,0.3248939,0.3548952,0.3035769,0.44830343,0.054906964,0.2765993,0.39956823,0.6879373,0.47051156,0.7710639,0.7569521,0.37270615,0.6869057,0.64905953,0.38576156,0.44758728,0.75588083,0.28802365,0.71476465,0.5231754,0.114300504,0.45409513,-0.122412354,-0.19454178,-0.1632972
0.43681282,0.7660372,1.0,1.0,0.8551533,0.82332426,0.13065219,0.19574222,0.534822,0.39878887,0.28023392,0.24641095,0.5540371,0.64478034,0.6234373,0.22313488,0.6442178,0.65889406,0.42962998,0.78164274,0.5612202,0.45966798,0.56940645,0.91673106,0.3910527,1.0,0.31793386,0.09164167,0.3982759,-0.26864827,-0.06453328,0.02063866
0.0043156445,0.08751715,0.38516045,0.2888472,1.0,1.0,0.01603745,0.08179262,0.37265676,0.33170208,0.13722517,0.52458966,0.4977895,0.4668161,0.7150494,0.33541632,0.63248163,0.89684635,0.62805575,0.39999866,0.6840427,0.58584666,0.5524134,0.9382912,0.31465125,0.8776607,0.20785806,0.12694806,0.4263239,-0.141318,-0.00030757487,-0.09985507
0.090773724,0.068082586,0.20436364,0.0,1.0,1.0,0.12724592,0.40414366,0.5816914,0.36594945,0.28645688,0.30607396,0.43833178,0.41049567,0.54986435,0.2366497,0.34005624,0.6831472,0.64625376,0.5150934,0.5825552,0.6962784,0.5163986,0.8031129,0.4555846,0.6806948,0.3552063,0.0,0.4097281,-0.023083393,-0.13079582,-0.20172659
0.06371272,0.08634815,0.0,0.0,1.0,0.93221223,0.16719025,0.029638216,0.5405638,0.47624457,0.2975116,0.39561728,0.3712364,0.31470343,0.41623923,0.5493612,0.4242461,0.66847587,0.5267196,0.7160965,0.35919565,0.44645312,0.59243965,0.9860168,0.22442935,0.64972544,0.4053931,0.250859,0.523871,-0.061083805,-0.032055452,-0.22976017
0.44968516,0.7350432,1.0,1.0,1.0,1.0,0.05202271,0.3997571,0.14257497,0.5067663,0.40628374,0.3302036,0.46111888,0.4712914,0.89014655,0.25423557,0.5848229,0.84986216,0.51080704,0.723321,0.61255115,0.4815907,0.33694354,0.74583733,0.43103814,0.9014646,0.37323672,0.09219622,0.20126611,0.09953879,-0.0034584156,-0.16695794
0.45679408,0.40530902,0.44763094,0.37725112,0.83145714,0.93553615,0.038074583,0.05028344,0.3978021,0.55505186,0.39624673,0.6519789,0.16704349,0.5034131,0.7391987,0.46522844,0.74291366,0.60469776,0.6041501,0.751963,0.56671023,0.532919,0.56495494,0.8971957,0.17543916,0.84430486,0.23122835,0.0,0.44563937,0.03008609,-0.05937568,-0.064908035
0.21550186,0.18098831,0.45284778,0.5307826,1.0,1.0,0.0651389,0.0,0.46752524,0.41996965,0.42846516,0.4061248,0.44622016,0.19112316,0.94365215,0.32163283,0.61672807,0.70808524,0.3895248,0.65142727,0.92338014,0.41861343,0.5166734,0.78075796,0.39540872,0.86791605,0.36800218,0.05702256,0.47354302,0.043378033,-0.053126622,-0.06335947
0.5764836,0.6018696,1.0,0.90669674,1.0,1.0,0.24827328,0.16148284,0.5840285,0.57651675,0.45788044,0.24994132,0.26584774,0.40740803,1.0,0.42666146,0.8410597,0.66904944,0.4350861,0.78972226,0.77432877,0.3555341,0.628287,0.7932368,0.26324975,0.8529507,0.3254934,0.22921583,0.69833666,0.17470549,-0.108495116,-0.029299472
0.6040705,0.55464375,0.9738831,1.0,0.97382283,0.8956231,0.27901796,0.16428226,0.5355302,0.31451267,0.48076645,0.19425684,0.2800637,0.19550233,0.9177618,0.65204275,0.91581506,0.6325692,0.6061013,0.8260119,0.78509325,0.50947464,0.2588719,0.72018355,0.4787199,0.47321564,0.29233024,0.0,0.58621055,0.00092566013,0.13989934,-0.030616462
0.5684386,0.24196136,0.7198623,0.4018339,0.9775037,1.0,0.035207175,0.17705712,0.4430132,0.27653193,0.4372045,0.3210098,0.39372778,0.63850915,0.45794764,0.27201974,0.38843796,0.7466817,0.59034413,0.35304198,0.63299704,0.48583257,0.63596904,1.0,0.30944133,0.99720556,0.1390005,0.08601836,0.0,-0.092379354,-0.0067937756,-0.15018085
0.68185943,0.7761984,1.0,0.68265843,0.90811515,0.8693388,0.13147399,0.20534101,0.4317521,0.47126338,0.45562154,0.36972696,0.33793584,0.44053608,0.6689483,0.38527605,0.5166934,0.6611832,0.6472562,0.46203253,0.39952368,0.42714995,0.382043,0.8579964,0.21940628,0.6774205,0.33924407,0.0,0.21425107,0.0020818152,-0.10946403,-0.0430921
0.3306477,0.35973138,0.7359485,0.7117942,1.0,0.96101755,0.34641504,0.104031354,0.66776633,0.65663785,0.38333708,0.3979464,0.6133497,0.38719594,0.69194925,0.28467697,0.7492795,0.71575797,0.5921666,0.64752764,0.6957681,0.55186534,0.48287213,0.9314983,0.3710186,0.9015616,0.2970193,0.033523038,0.2315516,-0.00086808205,-0.006436567,-0.053193904
0.2575537,0.28483567,0.3978678,0.61870086,0.941491,1.0,0.2302556,0.051356927,0.48658714,0.55734575,0.4107102,0.185032,0.2164833,0.29549366,0.8825971,0.23798116,0.51154375,0.7938701,0.4599828,0.69318944,0.8181082,0.48018423,0.501384,0.6626552,0.2965123,0.65800965,0.12123817,0.23920828,0.15881737,-0.12123595,0.019970177,-0.014210641
0.57178646,0.5238696,0.9809924,0.8963515,1.0,0.85568655,0.3220126,0.18542118,0.5799004,0.42419145,0.41593158,0.18257672,0.03108859,0.24638645,0.90840733,0.2767561,0.7821745,0.85344934,0.49426493,0.92227685,0.9705606,0.48868814,0.5390327,0.54393864,0.48292372,0.5605299,0.39332065,0.1989463,0.4666443,-0.0603633,-0.027656218,-0.042467676
0.56356806,0.43553305,1.0,1.0,1.0,0.92966735,0.13021816,0.25952002,0.4729115,0.4556458,0.4486407,0.30974343,0.2542134,0.13014783,1.0,0.4215593,0.85759914,0.56731284,0.51732403,0.7756394,0.87452906,0.3033669,0.2586827,0.6223895,0.32472754,0.7798571,0.40129873,0.073057875,0.41270024,-0.1057595,-0.14993021,-0.19892436
0.42652842,0.51435727,1.0,0.9068407,1.0,0.8260606,0.15967807,0.26088563,0.69639623,0.53426015,0.48957288,0.27776957,0.5206232,0.4138109,0.6459824,0.17248352,0.77440894,0.47800928,0.29614526,0.9918324,0.7862919,0.29327974,0.44071805,0.6520414,0.49776578,0.78382456,0.35959283,0.0,0.33580524,-0.082991585,-0.040928617,0.025655068
0.4945048,0.5568334,0.8947556,0.85760516,0.9429552,1.0,0.33214742,0.39995688,0.41021043,0.5716016,0.3228016,0.24506775,0.36086214,0.2758909,1.0,0.41069582,0.8875597,0.62093973,0.5032861,0.80117744,0.99007434,0.37447923,0.46025285,0.9420578,0.45401686,0.86509436,0.48888898,0.0,0.4429767,-0.11230398,-0.026840914,-0.17789659
0.47736016,0.57958734,0.9371197,0.8943614,0.9718728,1.0,0.31132343,0.26057464,0.481138,0.47874457,0.44374397,0.19199705,0.29519668,0.3545658,0.8328898,0.18313628,0.9475633,0.5439963,0.43652627,0.7448806,0.84000134,0.50853145,0.5177651,0.69830394,0.4375201,0.8925619,0.3213337,0.068129055,0.27854082,-0.24543558,-0.011092383,-0.08162945
0.47876412,0.5031952,0.95470744,0.89065516,0.96190363,0.90113014,0.111418284,0.20653586,0.49283093,0.624505,0.45461953,0.30559254,0.5451012,0.1903497,0.72250605,0.19686326,0.7422308,0.6253464,0.60394126,0.8852932,0.82161784,0.227473,0.26481986,0.68853164,0.196805,0.733889,0.310206,0.27209866,0.32016551,-0.003701359,0.18511981,0.11228895
0.48021442,0.5840769,1.0,1.0,1.0,0.9414783,0.20743129,0.27205375,0.4123821,0.37853366,0.5189537,0.31867453,0.37604833,0.24251838,0.888095,0.32894838,0.68490237,0.47740784,0.3667821,0.8238276,0.84948885,0.5785068,0.46577308,0.8689528,0.27474213,0.85370153,0.28331932,0.0,0.30949047,0.07964739,0.048715066,-0.16037534
0.28835565,0.3299268,0.67434454,0.5529421,1.0,0.819516,0.21518746,0.21401717,0.59678584,0.32533598,0.3766385,0.12203775,0.53183305,0.4475376,0.7778548,0.20533277,0.93020105,0.50495315,0.36949515,0.8739903,0.62347794,0.47217476,0.44377428,0.74881047,0.24095008,1.0,0.45617974,0.0,0.49998683,-0.07982953,-0.03620621,-0.1303659
0.36934152,0.4430554,0.98203874,0.7398995,0.89337087,0.8828537,0.2917305,0.12926039,0.32023856,0.26903048,0.3230691,0.4952836,0.50288916,0.26836264,0.94235635,0.12040678,1.0,0.72720164,0.22923735,0.9261246,0.9185801,0.34308377,0.49924397,0.47636566,0.33233336,0.71908766,0.22966212,0.0,0.20871231,0.13555795,-0.057589035,-0.15112644
0.4031514,0.9114866,0.78589475,0.98653656,0.91901416,1.0,0.0501938,0.07207673,0.61554825,0.27034473,0.35459676,0.29769695,0.1647436,0.3172685,0.94996727,0.18266399,0.8060806,0.45298958,0.4717111,0.78082067,0.9128476,0.21548912,0.51406115,0.79308176,0.30275965,0.89374787,0.60720706,0.0,0.4223195,0.11918477,-0.052809242,-0.17991632
0.5162787,0.56395584,0.96944016,1.0,1.0,0.94995475,0.13111465,0.034024395,0.45152545,0.4582389,0.4354419,0.34298843,0.37045988,0.2593124,0.9641367,0.19179465,0.9091468,0.5947705,0.39772868,0.9636779,0.8135273,0.47266906,0.2862253,0.67476267,0.35030636,0.7978314,0.4883606,0.06807428,0.5103106,-0.09351266,0.1494599,0.019916877
0.500654,0.4190852,0.7979263,1.0,0.83692765,1.0,0.2850992,0.32105994,0.37947613,0.39540744,0.43582377,0.21258457,0.032283768,0.20697454,0.8600508,0.3153354,0.8903489,0.792104,0.22703864,0.9318768,0.86262286,0.38968775,0.18306246,0.68191326,0.28877312,0.79096127,0.31596047,0.08358711,0.512231,0.08066535,-0.15707704,0.13657138
0.41763437,0.38665313,0.8238134,1.0,0.8706424,0.82551825,0.22476229,0.10541419,0.5790675,0.40812093,0.10941145,0.22277746,0.15380378,0.25007036,0.9271564,0.34217292,0.9764773,0.64478004,0.3454572,1.0,0.9356114,0.27589422,0.10471988,0.8318172,0.3468422,0.65358853,0.56359506,0.033999667,0.66773015,0.0018577594,0.078475185,0.057724766
0.4386562,0.5768529,0.9021159,0.7001628,1.0,0.83302784,0.27229834,0.15291801,0.44392133,0.41799027,0.36552432,0.17181595,0.33392483,0.2473841,1.0,0.15884222,0.93165267,0.5257099,0.41805124,0.99482954,0.90780026,0.34098765,0.057693645,0.38931742,0.26807117,0.6157646,0.23644261,0.0,0.63027227,-0.061170314,-0.12018186,-0.08458809
0.61412215,0.69477224,0.9952726,0.83452433,0.7722028,1.0,0.14334722,0.16802832,0.45786357,0.42420644,0.39411777,0.5712855,0.11192438,0.15655428,0.9417501,0.12939373,1.0,0.65797824,0.15438154,0.82617676,1.0,0.3699137,0.31683427,0.6994473,0.583476,0.7062055,0.42274833,0.0,0.6304374,-0.18063979,0.007940527,0.14944682
0.6420101,0.63147926,0.7844393,1.0,0.84763736,1.0,0.014007956,0.12427911,0.6414679,0.3635745,0.40042514,0.5396606,0.09742728,0.0,0.956564,0.24861427,1.0,0.48027104,0.0,1.0,0.9198486,0.36766943,0.2635538,0.54478383,0.6350119,0.63663006,0.51400673,0.070751466,0.30405176,-0.030802974,-0.037516758,0.044415653
0.44794422,0.25843453,0.9708126,1.0,0.8230488,0.94934136,0.11452705,0.15576112,0.35188308,0.44075543,0.47611454,0.32595217,0.0,0.11641712,0.92537296,0.13580167,1.0,0.6659857,0.42350268,1.0,0.84670115,0.35479724,0.34146315,0.7435832,0.35692197,0.7381711,0.33028856,0.041745376,0.65378046,-0.091891006,0.010370523,-0.18203187
0.57200134,0.746104,0.97807133,1.0,0.89801955,0.9893072,0.176053,0.19884576,0.5475516,0.42316368,0.29646412,0.3522605,0.2833229,0.14784166,1.0,0.33054352,0.85646904,0.54014385,0.19118845,1.0,1.0,0.109210104,0.23451208,0.71776074,0.32628152,0.8144093,0.33258355,0.17686595,0.5464675,-0.048619155,-0.13257185,-0.025048835
0.60156655,0.41356176,1.0,0.98653436,0.8386171,1.0,0.33134216,0.19615024,0.44000718,0.49369264,0.38436326,0.35277528,0.23305523,0.0,0.91050124,0.32267287,1.0,0.50162876,0.270817,0.8661435,1.0,0.26872015,0.10438405,0.39461488,0.34566247,0.49624896,0.23451416,0.0,0.45115,-0.114157856,-0.047837336,0.2327788
0.4106694,0.3412526,0.95799065,1.0,1.0,0.92461836,0.3052854,0.022834644,0.6311296,0.5538807,0.505915,0.3037693,0.33217877,0.26730832,0.7924886,0.42807817,1.0,0.51893103,0.30470502,0.8580074,0.89495414,0.4380389,0.39231235,0.9625474,0.4843799,0.9018866,0.41371694,0.14094135,0.42904133,0.103475325,0.05154052,0.042384997
0.40994665,0.26671624,0.70118487,0.9713928,0.8338113,1.0,0.14546719,0.023370467,0.58572966,0.38972405,0.47479808,0.20356794,0.13612124,0.26298347,0.85047615,0.0,0.92186034,0.715581,0.16529402,0.9398965,1.0,0.20841992,0.32444587,0.5797074,0.06597501,0.74194175,0.36470538,0.027498893,0.5169227,-0.06191712,0.010182925,0.12577502
0.52578187,0.31400687,0.8771724,0.8132243,0.86516845,0.976391,0.1330617,0.03621775,0.53489923,0.518062,0.47496328,0.16188613,0.32682276,0.0611406,1.0,0.23631048,0.971946,0.5984701,0.3430585,0.99816275,0.8298246,0.3667179,0.30777165,0.7000885,0.34689587,0.53959256,0.4336654,0.008259101,0.36923915,0.016869716,0.16512588,0.18869814
0.6594922,0.4440796,0.79236215,1.0,1.0,0.9617609,0.19053179,0.11988298,0.5094016,0.4495877,0.24072711,0.26962164,0.23054692,0.24514443,1.0,0.33932108,0.9785806,0.76476353,0.1356799,0.99214584,1.0,0.17515728,0.34221792,0.814522,0.5148975,0.70013124,0.40958977,0.0,0.6105608,-0.20345756,0.10085414,0.23931125
0.45839584,0.64669013,0.8849882,0.9503038,0.98862976,1.0,0.0,0.14524719,0.45500806,0.3420367,0.42126387,0.4434261,0.006466761,0.18472408,0.955395,0.0,0.89469105,0.49530992,0.22495238,0.7575306,1.0,0.41966295,0.33453375,0.51312435,0.41802743,0.5358773,0.29003868,0.0,0.6799122,-0.0061022043,0.07289374,0.21892746
0.6802189,0.60977167,0.94230837,0.92353964,1.0,1.0,0.26302245,0.11371182,0.36222684,0.47107467,0.4345085,0.19013175,0.26537022,0.114688635,0.8708308,0.34615427,0.9480011,0.36327365,0.36148268,0.832674,0.8496623,0.34293807,0.31006086,0.8036829,0.35435262,0.7296335,0.43602517,0.14843792,0.45557842,0.020816058,-0.054597545,0.36916435
0.47237304,0.5554979,0.85964966,1.0,0.88692284,0.83533615,0.16868556,0.09447328,0.59383345,0.5282344,0.45867062,0.35667667,0.114839956,0.35106918,1.0,0.38288313,0.8636449,0.65793693,0.34041145,0.90800625,0.88117117,0.50576454,0.3067867,0.59212756,0.4996886,0.68719095,0.62847733,0.07461957,0.45916635,0.21412444,-0.06597621,0.19047064
0.49877375,0.53676456,0.73841,0.77083546,1.0,0.84863317,0.24241824,0.3458442,0.53570694,0.6542312,0.57347023,0.12175949,0.0008677393,0.19536187,1.0,0.26377693,0.9742975,0.6376525,0.46837163,0.8482933,0.965722,0.29464728,0.49928215,0.7221132,0.4539202,0.6895334,0.43084073,0.0,0.4619073,0.015756872,0.048643425,0.11002213
0.5474318,0.6147237,0.88821924,1.0,0.928766,0.82982534,0.30320066,0.16875316,0.26642823,0.23155767,0.39306533,0.15721641,0.22651386,0.08071325,0.9908201,0.33873716,0.7744489,0.7859906,0.28748932,0.93322647,0.88949394,0.33429456,0.44672418,0.7424352,0.40505916,0.5467006,0.3573595,0.0,0.33129752,-0.12443519,-0.001126159,0.016388576
0.54640484,0.52801585,0.90293777,1.0,1.0,1.0,0.3828482,0.031580545,0.26628512,0.49378395,0.40816805,0.2449624,0.30284938,0.0,0.9359978,0.26324004,1.0,0.5293379,0.45353535,0.853902,0.99108046,0.16754311,0.5328316,0.8207385,0.33317327,0.90700066,0.39736697,0.01742258,0.41060877,-0.15913706,0.14329639,0.00039462745
0.25421506,0.4350236,1.0,0.718606,0.9914436,1.0,0.03812006,0.3478667,0.59605086,0.3309018,0.36706296,0.35623145,0.35376114,0.38106087,1.0,0.073279455,0.8925885,0.55849385,0.3195714,0.93949425,0.99486077,0.23374769,0.28206658,0.9387386,0.19112362,0.8363396,0.3644999,0.035618216,0.64597255,0.03503602,0.014401842,-0.14650065
0.6103581,0.5005394,0.8315927,1.0,1.0,1.0,0.1305768,0.06260908,0.45274097,0.45848027,0.32080808,0.47389165,0.32497856,0.53409135,0.85167974,0.20140268,0.9055696,0.5802165,0.32828233,0.87021506,0.9019449,0.22864988,0.06523493,0.7254201,0.19015278,0.73875284,0.4104731,0.09583847,0.3757612,-0.034856364,0.026440818,-0.050633516
0.53514814,0.5894744,0.9666054,1.0,1.0,0.86855495,0.26178795,0.14341766,0.73609006,0.5365425,0.49023557,0.22586204,0.43992049,0.3047501,1.0,0.21894842,0.8441336,0.7749996,0.3317179,1.0,0.97323847,0.32239652,0.36881417,0.65177715,0.52130127,0.77887475,0.44312847,0.00761424,0.557342,-0.13115472,0.07937266,-0.053232428
0.66549194,0.56969106,0.99704397,1.0,0.97119886,0.9753002,0.15919337,0.39111197,0.5556466,0.4987522,0.30870163,0.40079424,0.3533037,0.25205147,0.97039926,0.085062206,0.8108852,0.40120786,0.34040004,0.88176274,1.0,0.076903105,0.13644266,0.66693115,0.57557654,0.9838246,0.65211076,0.17781177,0.38266274,-0.09007806,-0.023710608,-0.15690376
0.4695707,0.55529517,0.6444384,0.8655575,1.0,1.0,0.15619132,0.13025954,0.37416494,0.72878456,0.19535933,0.34140646,0.1555188,0.12661403,0.81027436,0.24799268,0.839326,0.4709773,0.38106686,1.0,0.9835204,0.28195003,0.31195912,0.8792157,0.53571016,0.5570902,0.26810646,0.11135621,0.45143077,-0.122062415,0.03366351,0.027661353
0.4205516,0.55440724,0.7546306,0.6400798,1.0,0.9605789,0.10784325,0.22030823,0.59842086,0.6527644,0.39577344,0.3088346,0.22539786,0.0,0.8658117,0.20950827,0.86436063,0.6140084,0.15828733,0.7194982,1.0,0.33546117,0.26241004,0.70362675,0.30921233,0.51265776,0.32762882,0.10177097,0.42903686,-0.022938684,-0.04473737,-0.21243882
0.58473057,0.4193393,0.89748657,0.9715463,1.0,0.9991516,0.18234156,0.015328661,0.5996535,0.61512256,0.3452991,0.54961205,0.32291728,0.15365103,1.0,0.21950279,1.0,0.5516009,0.1992087,0.7817284,0.73538977,0.20388311,0.285164,0.6038067,0.34955004,0.73978007,0.3209433,0.006935224,0.48927683,0.03626196,-0.045684777,0.07660423
0.6007572,0.5609066,0.79625034,1.0,1.0,0.96637315,0.17327973,0.17397986,0.49164397,0.43008167,0.37197354,0.32915246,0.41599882,0.107810915,1.0,0.462209,0.9387974,0.6007147,0.2556606,0.8629128,0.98833543,0.46867263,0.27685064,0.657426,0.5010534,0.75542015,0.4231131,0.0,0.49000767,-0.042832926,0.17099574,0.23031244
0.53374326,0.51929307,1.0,0.9079026,1.0,0.94449955,0.18645735,0.16854383,0.45832664,0.5425651,0.28935248,0.46598125,0.23157808,0.16432673,1.0,0.20828047,0.7719962,0.58114636,0.36836687,0.94217724,0.9911185,0.4594951,0.49271312,0.92064947,0.35263804,0.6879164,0.2550224,0.0,0.50093085,-0.36442828,-0.11619152,-0.102440305
0.5373889,0.4792535,0.87283903,0.9319125,1.0,1.0,0.3146567,0.1714481,0.59682894,0.382027,0.28931272,0.20074926,0.36895186,0.46351936,0.70683753,0.28779382,0.7000653,0.63923675,0.48812506,0.86921453,0.86212367,0.50236106,0.12932849,0.81154734,0.42760664,0.8729411,0.59680337,0.15042792,0.5942455,-0.24918705,0.087941706,0.21476136
0.4715432,0.4803228,0.88030386,0.8223462,1.0,1.0,0.2763775,0.009202138,0.62168455,0.45060903,0.30382487,0.34894353,0.4459643,0.6027982,0.60175127,0.19647175,0.4796783,0.9332068,0.66620684,0.68123263,0.3733886,0.64961606,0.28778613,0.98196924,0.44240075,0.9821336,0.15085821,0.0486071,0.4888556,-0.22564611,0.12498063,0.029858023
0.32432365,0.47728994,0.47726715,0.49659783,0.6687849,1.0,0.19723761,0.26952842,0.09416169,0.45205495,0.27770793,0.11110288,0.6148395,0.61886054,0.37673312,0.51856476,0.45129907,0.7908346,0.5663825,0.26698238,0.29494303,0.3929432,0.6704885,0.9040053,0.23343389,0.911717,0.33091015,0.13259736,0.33628377,-0.076780945,0.21973112,0.1126475
0.3956136,0.28171137,0.6307651,0.5487021,1.0,0.88268614,0.07713407,0.22535902,0.44842458,0.75312173,0.5839565,0.24589184,0.7337966,0.7334724,0.56304413,0.5454885,0.59665316,0.74443156,0.6089507,0.49583364,0.3101547,0.5450052,0.6101725,1.0,0.28586057,0.97718656,0.3542281,0.04722117,0.43628603,-0.21961088,0.04120305,0.23554155
0.11273478,0.19967404,0.060780443,0.23936436,1.0,0.951882,0.0,0.19668879,0.48342317,0.5477188,0.6110228,0.38861656,0.44477254,0.46294194,0.321168,0.43133923,0.27217138,0.8332979,0.525442,0.34355333,0.4882956,0.6915294,0.62368715,0.9391947,0.29912734,1.0,0.15629098,0.0,0.2815183,-0.18475896,-0.12560189,-0.07181805
0.13692696,0.07498622,0.1364693,0.16859734,0.85385525,1.0,0.1604793,0.20334762,0.5476992,0.56293476,0.47773507,0.2929598,0.7618401,0.65975875,0.42290542,0.54892087,0.39730477,0.6155591,0.59475666,0.39947164,0.37536246,0.6815304,0.5453198,0.92060584,0.2538535,1.0,0.31983727,0.0,0.16811754,-0.20589751,0.028409272,-0.03170457
0.50580436,0.33959642,0.8626696,1.0,1.0,1.0,0.061650902,0.35576057,0.3174522,0.50654054,0.2696673,0.31705034,0.6105939,0.5693943,0.32536831,0.34857306,0.38627124,0.8451773,0.80719775,0.2883659,0.3133491,0.52590513,0.6144823,1.0,0.34457096,0.88045263,0.21173376,0.06286864,0.30813387,-0.16289847,0.002781842,-0.013723409
0.52856994,0.57786906,0.7945885,0.9701948,0.9970884,0.8811732,0.044400908,0.060212933,0.5713931,0.26400352,0.082217544,0.6503087,0.43262058,0.7889043,0.27258503,0.5016575,0.35453212,0.9721266,0.8264119,0.11068781,0.36475888,0.7492009,0.53619206,0.8117768,0.3363018,1.0,0.49934122,0.056174822,0.26187775,-0.119168505,-0.0040671304,0.06887202
0.13138792,0.0,0.33430517,0.4196416,1.0,0.9399581,0.100112446,0.26013032,0.5546058,0.4659871,0.39253277,0.44305348,0.6040207,0.83808,0.46980676,0.52418107,0.1544911,0.5111783,0.6515537,0.23948193,0.33288735,0.48336872,0.4788236,1.0,0.44397467,0.88996285,0.1771759,0.10106022,0.6925771,0.06712291,-0.23895633,0.1402275
0.534718,0.51394796,1.0,0.9335372,0.8818565,1.0,0.34794724,0.0,0.4340016,0.5060811,0.42374718,0.46384987,0.874108,0.67890584,0.25820464,0.4082664,0.29430193,0.5582569,0.59313935,0.28960806,0.6020783,0.50209475,0.37092903,1.0,0.36890206,1.0,0.26929635,0.29122102,0.19282684,-0.2402871,0.19467686,-0.112137996
0.61267245,0.46424967,0.85879356,0.93262994,0.9686378,0.9522372,0.2504891,0.15515335,0.34845576,0.53540486,0.3962942,0.23874602,0.75330764,0.7042198,0.55238307,0.31718868,0.3110661,0.63608766,0.6849375,0.32210305,0.43909004,0.5902357,0.46541193,0.9808723,0.1957881,1.0,0.21721333,0.1467818,0.34500143,-0.29324538,0.009873569,-0.03092374
0.23006532,0.49094057,0.42054263,0.5655754,0.9238041,1.0,0.22332475,0.142386,0.4303441,0.55767524,0.2539186,0.13841015,0.64005154,0.741263,0.4522182,0.28067318,0.46726853,0.8069053,0.43368125,0.5123009,0.40888762,0.6616429,0.6759427,0.9681361,0.33134407,1.0,0.16734782,0.074049346,0.21371499,-0.1956699,-0.17539842,-0.21153124
0.21764214,0.17814976,0.17272462,0.21619189,1.0,0.9320376,0.1253317,0.17560801,0.471625,0.4877,0.59756577,0.31389186,0.69876045,0.70389295,0.5108347,0.5675277,0.27305067,0.77122295,0.5752416,0.45767015,0.14198953,0.64226264,0.84630245,0.9446125,0.5314886,1.0,0.30306852,0.09472143,0.23702239,-0.21527556,0.17955676,0.06537001
0.0,0.0,0.12294845,0.31364048,1.0,0.8527906,0.11676305,0.24907699,0.53719276,0.5668267,0.33342093,0.26833078,0.84147906,0.68165946,0.10365404,0.44554785,0.22200577,0.6123087,0.48292005,0.4978579,0.21639669,0.48268956,0.4765221,0.8181011,0.39542556,0.97091335,0.21388268,0.18236859,0.5743044,-0.35744512,-0.020050101,-0.06815006
0.0677731,0.07555845,0.062796384,0.1024944,0.9878297,0.8748493,0.20781957,0.10099932,0.4232469,0.7224916,0.5207716,0.17287791,0.6209451,0.6376473,0.14531946,0.5304504,0.25559375,0.863786,0.7428123,0.32984567,0.0857701,0.6068817,0.45124918,1.0,0.19392087,1.0,0.15266716,0.28185996,0.4729174,-0.18473183,0.10713472,-0.11676866
0.04036031,0.0,0.0,0.0,0.9786266,1.0,0.11361025,0.20561838,0.6162348,0.5258802,0.4281013,0.12789929,0.856883,0.7336638,0.051480513,0.33219197,0.07137698,0.8105676,0.6211156,0.2236106,0.30153427,0.5392829,0.5498237,1.0,0.33128524,1.0,0.15393905,0.05871824,0.48766446,-0.440845,0.19903336,0.11026062
0.0,0.053618714,0.0,0.0,1.0,1.0,0.14721218,0.23452264,0.47532558,0.4617695,0.49855292,0.1958033,0.7333564,0.5855279,0.15124933,0.39387092,0.18702747,0.85766673,0.56147563,0.21546446,0.24677113,0.67434627,0.5272131,0.9773247,0.34871086,1.0,0.29450738,0.1718877,0.20113645,-0.19983774,0.073482186,0.20950383
0.0,0.045678955,0.0,0.09189202,0.9296564,0.9373038,0.24102898,0.0860234,0.603488,0.66448724,0.41897285,0.2319952,0.6105751,0.7617503,0.03386631,0.40757445,0.42227018,0.9265504,0.3550913,0.18017113,0.033509135,0.7095245,0.5477874,1.0,0.24392498,0.9419341,0.35686308,0.05636315,0.3017637,-0.24559776,0.07957053,0.059834767
0.0,0.0,0.15451671,0.0,1.0,1.0,0.14868866,0.27792016,0.5821345,0.43034273,0.39363673,0.28562674,0.63784564,0.8914077,0.0,0.5508317,0.21667612,0.6970661,0.61731756,0.21527962,0.4844939,0.67897916,0.5716173,0.8352133,0.34909403,1.0,0.1291017,0.16798185,0.15380898,-0.3118537,0.07052525,-0.0071465224
0.0,0.18639913,0.039146718,0.0,1.0,0.95340055,0.324311,0.1927824,0.45162854,0.3702647,0.58897287,0.21912545,0.8368759,0.6667636,0.045767635,0.27492142,0.14361474,0.5811194,0.5216692,0.31456324,0.21036334,0.48038334,0.45093292,1.0,0.3270718,1.0,0.08740324,0.11927949,0.1918101,-0.49397284,0.21513754,0.113697
0.0,0.0,0.011078758,0.08691087,0.8981991,0.98920375,0.124225035,0.2135946,0.48805523,0.5146894,0.30741793,0.40915418,0.79885125,1.0,0.0,0.47184902,0.23389202,0.84771395,0.5963357,0.4028151,0.3010992,0.49669087,0.39560825,1.0,0.2054973,1.0,0.25755253,0.33588934,0.118578196,-0.3764611,0.11120775,-0.07514235
0.08771936,0.034252234,0.090758,0.19037798,1.0,1.0,0.29645485,0.2995782,0.33260554,0.59061295,0.57341635,0.23398246,0.49292248,0.7573951,0.0041879267,0.5086611,0.31731975,0.5094116,0.63997227,0.2253071,0.3708406,0.33482718,0.5163092,0.92697805,0.39953125,1.0,0.16725463,0.0837532,0.25289366,-0.33416456,0.19956614,0.15407822
0.0,0.0,0.25156918,0.07240416,0.8127236,0.8982985,0.25579017,0.0,0.46169502,0.59513074,0.41999426,0.2603162,0.6805066,0.6078047,0.0,0.3957819,0.18091136,0.54865587,0.4316736,0.3311628,0.27344847,0.45203996,0.5669481,0.86386645,0.36292297,0.932965,0.10718042,0.06356498,0.25847393,-0.24827357,0.15648708,0.0178231
0.1450836,0.0,0.1309894,0.0,1.0,1.0,0.25164008,0.25809234,0.6327768,0.37347385,0.4789289,0.1686705,0.53513294,0.72992116,0.19519861,0.5289644,0.2653857,0.88846505,0.46322498,0.28386465,0.29298577,0.42932868,0.44686705,0.9859471,0.3997481,0.8941174,0.27819192,0.37226155,0.04291273,-0.34358788,0.16918495,-0.058978185
0.0,0.054267984,0.0,0.0011092797,0.7734672,1.0,0.43563554,0.16355577,0.557594,0.3387934,0.3778236,0.25498077,0.48131147,0.62278116,0.06371713,0.3550931,0.320307,0.84672904,0.43856978,0.22630285,0.36015683,0.6402528,0.4869914,0.831307,0.15699051,1.0,0.17398582,0.28734213,0.1262545,-0.35705876,0.043502618,-0.15271486
0.29126275,0.0,0.13651577,0.0,0.9924505,0.80823255,0.10332981,0.08311281,0.4649898,0.54601383,0.41371024,0.2442659,0.8612323,0.6032586,0.0,0.46171695,0.31572983,0.7163161,0.68653864,0.30545014,0.1437231,0.5350238,0.50370854,0.8321401,0.19850875,1.0,0.09742479,0.390018,0.15534444,-0.29835242,0.1989729,-0.20376217
0.0845774,0.0,0.0,0.0,0.9887071,1.0,0.26529193,0.10820392,0.5110941,0.4273225,0.3269154,0.4196661,0.64428043,0.81127053,0.16424124,0.29079556,0.024483562,0.70373404,0.5401125,0.23447761,0.16453415,0.5546447,0.68967974,1.0,0.048692346,1.0,0.0,0.39863288,0.17393667,-0.4219659,0.08922453,-0.05835192
0.0,0.0,0.13332416,0.17135993,0.8312285,1.0,0.105417535,0.28406507,0.55985856,0.3972909,0.25364396,0.5769385,0.5737484,0.8890643,0.0,0.50541323,0.29430526,0.7675485,0.6700567,0.2630365,0.3677173,0.4015885,0.55081314,1.0,0.25728953,0.8554364,0.18542296,0.0905559,0.16790754,-0.4252487,0.025612045,-0.11897747
0.12234258,0.0,0.07977539,0.0,0.9548753,0.8854727,0.2097905,0.17370185,0.5494133,0.5091814,0.454135,0.3789235,0.5832407,0.69626105,0.050412685,0.52899086,0.417438,0.682942,0.3163992,0.3065039,0.30511773,0.6729881,0.6174115,1.0,0.33398828,1.0,0.24376193,0.28212422,0.19626953,-0.3588997,-0.09261709,-0.09830285
0.0,0.0,0.18140742,0.0,0.76900494,1.0,0.04341556,0.1684058,0.56105006,0.5342939,0.38844645,0.34365267,0.41198182,0.53017837,0.22534429,0.54011947,0.21572955,0.81408536,0.6163856,0.30866155,0.33410937,0.4243394,0.470485,0.89835674,0.40430513,0.9316582,0.20655605,0.048705794,0.22714253,-0.31613025,0.12648019,-0.07615741
0.074963875,0.1464243,0.0,0.09073671,1.0,1.0,0.14494759,0.09175881,0.5092128,0.50506145,0.26012087,0.31884935,0.72314847,0.577162,0.29127198,0.4122474,0.382967,0.8462498,0.6552612,0.31242824,0.34812838,0.4589882,0.5623525,0.9942976,0.20878196,0.95596844,0.28823793,0.18227059,0.33461717,-0.23772427,-0.16412096,0.06055727
0.0,0.054006387,0.06281936,0.0,0.961767,1.0,0.13706358,0.13528211,0.3851874,0.3360912,0.26796535,0.42698175,0.6073226,0.45745564,0.0,0.7153167,0.24312443,0.90281636,0.45539874,0.19805181,0.16442987,0.56743187,0.4048718,0.94662136,0.34734887,0.7461301,0.30188462,0.07712997,0.33433688,-0.36537603,-0.010144344,-0.27215394
0.0,0.0,0.0,0.0,0.8301934,0.9791652,0.30029193,0.07043099,0.7167995,0.46659654,0.25928485,0.3956911,0.7411827,0.64493835,0.0,0.4625073,0.2368632,0.7774712,0.4726731,0.17160168,0.39600682,0.4820644,0.55145425,0.9151066,0.32681948,0.7731375,0.03024964,0.15515456,0.3329762,-0.41093543,-0.14897755,-0.06680069
0.20797306,0.04274308,0.0,0.44259983,1.0,1.0,0.11737608,0.26080796,0.2420949,0.380416,0.28870296,0.4113872,0.5528685,0.5934883,0.0,0.5766606,0.27890125,0.786138,0.55273515,0.28891352,0.29872602,0.33637702,0.54338,1.0,0.29226518,0.87873197,0.32310247,0.0686972,0.4988835,-0.22629634,-0.0042042453,-0.15094721
0.003981689,0.0,0.0,0.11415399,0.96395427,1.0,0.29206434,0.03856808,0.53613055,0.55191755,0.4417507,0.4665507,0.6943393,0.6636009,0.0,0.46445343,0.2019302,0.8619841,0.353122,0.3231058,0.06998496,0.618305,0.46723711,0.8268093,0.25336662,1.0,0.109574646,0.08443516,0.4167581,-0.12919845,-0.042956132,-0.07092913
0.24078919,0.018527383,0.042822916,0.0956479,1.0,0.95238245,0.2818669,0.3662345,0.39207923,0.40067595,0.36344108,0.34209877,0.61634254,0.6351663,0.13168761,0.39143276,0.20407031,1.0,0.6426655,0.19279893,0.29531416,0.3309021,0.59732884,1.0,0.20495747,1.0,0.28509477,0.057123274,0.32142535,-0.3598769,0.031136345,-0.08699606
0.137134,0.086056456,0.10550077,0.06646791,0.9980561,0.9818309,0.08349945,0.24854526,0.5365732,0.38930625,0.5503375,0.46342587,0.58451855,0.698053,0.29739353,0.35857642,0.5300491,0.9046904,0.5242144,0.5651346,0.49442118,0.4789979,0.45883912,0.91770124,0.13452105,1.0,0.24878792,0.21777904,0.23352122,-0.26533377,-0.12672873,0.018696668
0.104340345,0.0,0.0,0.07928145,0.87604284,1.0,0.10869758,0.38953146,0.5084475,0.69913685,0.4784826,0.16945878,0.63978,0.69784415,0.29077998,0.48675856,0.543918,0.71815795,0.46437162,0.42717892,0.72696495,0.6022474,0.60485864,0.93677735,0.21988936,0.82477254,0.26114413,0.10317926,0.48561126,-0.16014841,-0.20766494,0.092296585
0.25823647,0.078003004,0.0806168,0.31752202,0.95835024,0.7692753,0.08322266,0.09869613,0.4567861,0.50443506,0.3437915,0.3775551,0.37578323,0.31869924,0.4496665,0.16363545,0.71070987,0.46963388,0.5146578,0.5512404,0.7959762,0.50496244,0.2758432,0.8101168,0.37084517,0.8628961,0.36402926,0.25198343,0.15386333,-0.13646388,0.17509605,-0.24065351
0.6651429,0.47172117,1.0,0.9735671,0.91558075,0.9387285,0.34428912,0.41591305,0.5009214,0.35288563,0.3965721,0.3455259,0.4591289,0.6033447,0.43749434,0.3866226,0.494074,0.85759157,0.54312235,0.9676118,0.63946116,0.40546614,0.402138,0.91556746,0.43141073,0.6220512,0.3371813,0.09636309,0.27256238,-0.16077197,-0.063458905,0.20794299
0.4385966,0.47641623,0.907074,0.88010037,0.96726173,0.98994684,0.2277027,0.17253882,0.45673054,0.65961957,0.26992443,0.50432086,0.5149027,0.46102083,0.6943104,0.299009,0.73621273,0.53070575,0.36780334,0.8930814,0.7494883,0.46197394,0.39387637,0.66429234,0.3580841,0.8408385,0.06666659,0.061270963,0.4735634,-0.11126672,0.035588462,-0.11411757
0.0,0.0,0.3129732,0.19651178,1.0,0.8382781,0.0,0.17877276,0.6054745,0.32770026,0.26509666,0.5069729,0.43381315,0.26142186,0.38699895,0.20567934,0.8314673,0.7219572,0.40339842,1.0,1.0,0.50694466,0.6505353,0.76879746,0.31985295,0.81589365,0.21058625,0.14370716,0.09624627,-0.13825007,-0.07418439,-0.09738085
0.0,0.23631237,0.19290197,0.0,0.96533036,0.85862327,0.096576154,0.005823061,0.59538865,0.5134163,0.18012749,0.34366244,0.5387153,0.46686777,0.586883,0.44045216,0.8145531,0.5656074,0.30899775,0.65202063,0.8876847,0.40285116,0.61154866,0.63023627,0.4608448,0.9361639,0.32670134,0.08507333,0.41258866,-0.2804308,0.1089107,-0.07543337
