face_1,face_2,face_3,face_4,face_5,face_6,face_7,face_8,face_9,face_10,face_11,face_12,face_13,face_14,face_15,face_16,face_17,face_18,face_19,face_20,face_21,face_22,face_23,face_24,face_25,face_26,face_27,face_28,face_29,neck_1,neck_2,neck_3
0.39,0.39,0.68,0.68,1.0,1.0,0.16199999999999998,0.16199999999999998,0.5,0.5,0.35,0.37,0.11999999999999994,0.0749999999999999,1.0,0.23,0.99,0.63,0.27,0.99,0.99,0.27,0.27,0.63,0.41,0.6,0.43,0.02,0.56,-0.047,0.022,-0.055
0.56,0.56,1.0,1.0,0.98,0.98,0.16199999999999998,0.16199999999999998,0.53,0.53,0.36,0.37,0.0,0.0,1.0,0.22,0.985,0.63,0.25,0.99,0.98,0.25,0.25,0.54,0.48,0.52,0.52,0.01,0.53,-0.099,0.015,-0.045
0.56,0.56,1.0,1.0,0.98,0.98,0.2622819352149963,0.26143540024757383,0.34,0.34,0.35,0.37,0.11999999999999994,0.08999999999999991,1.0,0.24,0.97,0.64,0.3,0.97,0.97,0.3,0.3,0.63,0.41,0.61,0.42,0.02,0.54,-0.046,0.015,-0.026
0.4,0.4,0.7,0.7,1.0,1.0,0.16199999999999998,0.16199999999999998,0.43,0.43,0.35,0.37,0.13499999999999995,0.10499999999999993,1.0,0.24,0.97,0.64,0.28,0.97,0.97,0.28,0.28,0.64,0.41,0.62,0.42,0.02,0.53,-0.018,0.024,-0.027
0.4,0.4,0.71,0.71,1.0,1.0,0.16199999999999998,0.16199999999999998,0.45,0.45,0.35,0.37,0.13499999999999995,0.08999999999999991,1.0,0.23,0.98,0.64,0.27,0.98,0.98,0.27,0.27,0.64,0.41,0.61,0.42,0.02,0.53,-0.0,0.025,-0.027
0.39,0.39,0.68,0.68,1.0,1.0,0.16199999999999998,0.16199999999999998,0.44,0.44,0.34,0.38,0.13499999999999995,0.08999999999999991,1.0,0.23,0.98,0.63,0.28,0.98,0.98,0.28,0.28,0.64,0.41,0.61,0.42,0.02,0.51,-0.035,0.017,-0.019
0.3,0.3,0.47,0.47,1.0,1.0,0.16199999999999998,0.16199999999999998,0.43,0.43,0.33,0.39,0.14999999999999997,0.11999999999999994,1.0,0.25,0.95,0.65,0.31,0.95,0.95,0.31,0.31,0.65,0.4,0.63,0.41,0.03,0.49,-0.067,0.005,-0.024
0.31,0.31,0.48,0.48,1.0,1.0,0.16199999999999998,0.16199999999999998,0.49,0.49,0.31,0.41,0.16499999999999998,0.11999999999999994,1.0,0.25,0.95,0.65,0.31,0.95,0.95,0.31,0.31,0.66,0.4,0.63,0.41,0.03,0.48,-0.113,-0.014,-0.03
0.38,0.38,0.66,0.66,1.0,1.0,0.16199999999999998,0.16199999999999998,0.5,0.5,0.31,0.41,0.14999999999999997,0.08999999999999991,1.0,0.25,0.96,0.65,0.3,0.96,0.96,0.3,0.3,0.65,0.4,0.61,0.43,0.03,0.47,-0.13,-0.02,-0.031
0.33,0.33,0.54,0.54,1.0,1.0,0.16199999999999998,0.16199999999999998,0.42,0.42,0.42,0.3,0.13499999999999995,0.11999999999999994,1.0,0.25,0.95,0.65,0.32,0.95,0.95,0.32,0.32,0.64,0.41,0.63,0.42,0.03,0.45,-0.124,-0.016,-0.03
0.36,0.36,0.61,0.61,1.0,1.0,0.16199999999999998,0.16199999999999998,0.47,0.47,0.45,0.27,0.08999999999999991,0.0749999999999999,1.0,0.25,0.955,0.65,0.31,0.95,0.96,0.31,0.31,0.61,0.42,0.6,0.43,0.03,0.44,-0.109,0.004,0.021
0.32,0.32,0.51,0.51,1.0,1.0,0.16199999999999998,0.16199999999999998,0.48,0.48,0.45,0.27,0.08999999999999991,0.0749999999999999,1.0,0.25,0.96,0.65,0.3,0.96,0.96,0.3,0.3,0.61,0.43,0.6,0.43,0.03,0.44,-0.089,0.02,0.059
0.34,0.34,0.55,0.55,1.0,1.0,0.16199999999999998,0.16199999999999998,0.47,0.47,0.45,0.26,0.0749999999999999,0.0749999999999999,1.0,0.24,0.96,0.65,0.3,0.96,0.96,0.3,0.3,0.6,0.43,0.6,0.43,0.03,0.44,-0.079,0.036,0.06
0.31,0.31,0.48,0.48,1.0,1.0,0.16199999999999998,0.16199999999999998,0.51,0.51,0.46,0.26,0.0749999999999999,0.05999999999999989,1.0,0.25,0.96,0.65,0.3,0.96,0.96,0.3,0.3,0.6,0.43,0.59,0.43,0.03,0.44,-0.064,0.045,0.061
0.3,0.3,0.47,0.47,1.0,1.0,0.16199999999999998,0.16199999999999998,0.53,0.53,0.45,0.27,0.0749999999999999,0.05999999999999989,1.0,0.24,0.97,0.65,0.29,0.97,0.97,0.29,0.29,0.6,0.43,0.59,0.43,0.03,0.46,-0.055,0.051,0.059
0.4,0.4,0.71,0.71,1.0,1.0,0.16199999999999998,0.16199999999999998,0.49,0.49,0.37,0.35,0.08999999999999991,0.0749999999999999,1.0,0.24,0.97,0.64,0.28,0.97,0.97,0.28,0.28,0.61,0.42,0.6,0.43,0.03,0.47,-0.041,0.057,0.046
0.3,0.3,0.48,0.48,1.0,1.0,0.16199999999999998,0.16199999999999998,0.44,0.44,0.28,0.44,0.10499999999999993,0.08999999999999991,1.0,0.26,0.96,0.66,0.3,0.96,0.96,0.3,0.3,0.62,0.42,0.61,0.42,0.03,0.48,-0.015,0.065,0.006
0.22,0.22,0.28,0.28,1.0,1.0,0.16199999999999998,0.16199999999999998,0.49,0.49,0.21,0.51,0.14999999999999997,0.10499999999999993,1.0,0.26,0.96,0.65,0.3,0.96,0.96,0.3,0.3,0.65,0.41,0.62,0.42,0.03,0.48,-0.038,0.059,-0.051
0.21,0.21,0.25,0.25,1.0,1.0,0.16199999999999998,0.16199999999999998,0.49,0.49,0.21,0.52,0.14999999999999997,0.10499999999999993,1.0,0.25,0.96,0.65,0.3,0.96,0.96,0.3,0.3,0.65,0.4,0.62,0.42,0.03,0.5,-0.016,0.043,-0.139
0.14,0.14,0.09,0.09,1.0,1.0,0.4015174317359924,0.3989985394477844,0.31,0.31,0.27,0.46,0.13499999999999995,0.10499999999999993,1.0,0.25,0.95,0.65,0.3,0.95,0.95,0.3,0.3,0.64,0.41,0.62,0.42,0.03,0.51,0.008,0.031,-0.172
0.18,0.18,0.18,0.18,1.0,1.0,0.16199999999999998,0.16199999999999998,0.41,0.41,0.47,0.25,0.13499999999999995,0.08999999999999991,1.0,0.26,0.95,0.65,0.32,0.95,0.95,0.32,0.32,0.64,0.41,0.61,0.42,0.03,0.47,0.005,0.014,-0.16
0.22,0.22,0.28,0.28,1.0,1.0,0.16199999999999998,0.16199999999999998,0.42,0.42,0.59,0.13,0.05999999999999989,0.015000000000000013,1.0,0.26,0.95,0.66,0.31,0.95,0.95,0.31,0.31,0.59,0.43,0.56,0.45,0.03,0.4,0.024,-0.01,-0.073
0.22,0.22,0.28,0.28,1.0,1.0,0.16199999999999998,0.16199999999999998,0.42,0.42,0.59,0.13,0.05999999999999989,0.015000000000000013,1.0,0.26,0.95,0.66,0.3,0.95,0.95,0.3,0.3,0.59,0.43,0.56,0.44,0.02,0.39,0.085,-0.036,0.146
0.15,0.15,0.12,0.12,1.0,1.0,0.16199999999999998,0.16199999999999998,0.42,0.42,0.43,0.29,0.11999999999999994,0.0749999999999999,1.0,0.24,0.96,0.65,0.29,0.96,0.96,0.29,0.29,0.63,0.42,0.6,0.43,0.02,0.42,0.1,-0.035,0.214
0.21,0.21,0.26,0.26,1.0,1.0,0.16199999999999998,0.16199999999999998,0.42,0.42,0.28,0.44,0.11999999999999994,0.0749999999999999,1.0,0.24,0.965,0.64,0.29,0.96,0.97,0.29,0.29,0.63,0.41,0.6,0.43,0.02,0.46,0.099,-0.033,0.185
0.26,0.26,0.36,0.36,1.0,1.0,0.16199999999999998,0.16199999999999998,0.42,0.42,0.15,0.58,0.16499999999999998,0.11999999999999994,1.0,0.24,0.97,0.64,0.31,0.97,0.97,0.31,0.31,0.66,0.4,0.63,0.42,0.02,0.49,0.088,-0.01,0.044
0.22,0.22,0.27,0.27,1.0,1.0,0.16199999999999998,0.16199999999999998,0.44,0.44,0.09,0.64,0.14999999999999997,0.10499999999999993,1.0,0.24,0.96,0.65,0.29,0.96,0.96,0.29,0.29,0.65,0.41,0.62,0.42,0.03,0.55,0.062,0.003,-0.081
0.21,0.21,0.25,0.25,1.0,1.0,0.16199999999999998,0.16199999999999998,0.48,0.48,0.1,0.63,0.14999999999999997,0.10499999999999993,1.0,0.25,0.96,0.65,0.3,0.96,0.96,0.3,0.3,0.65,0.41,0.62,0.42,0.03,0.57,0.07,0.026,-0.188
0.22,0.22,0.28,0.28,1.0,1.0,0.20966882586479185,0.20881649434566496,0.42,0.42,0.15,0.58,0.14999999999999997,0.10499999999999993,1.0,0.25,0.96,0.65,0.31,0.96,0.96,0.31,0.31,0.65,0.41,0.62,0.42,0.03,0.56,0.061,0.035,-0.237
0.3,0.3,0.48,0.48,1.0,1.0,0.16199999999999998,0.16199999999999998,0.48,0.48,0.22,0.5,0.195,0.18,1.0,0.25,0.96,0.65,0.31,0.96,0.96,0.31,0.31,0.68,0.39,0.67,0.4,0.04,0.53,0.017,0.025,-0.23
0.33,0.33,0.53,0.53,1.0,1.0,0.16199999999999998,0.16199999999999998,0.54,0.54,0.3,0.42,0.22499999999999987,0.20999999999999985,1.0,0.26,0.96,0.65,0.31,0.96,0.96,0.31,0.31,0.7,0.39,0.69,0.39,0.04,0.5,-0.073,0.009,-0.196
0.28,0.28,0.42,0.42,1.0,1.0,0.16199999999999998,0.16199999999999998,0.51,0.51,0.38,0.34,0.18,0.14999999999999997,1.0,0.26,0.955,0.65,0.32,0.95,0.96,0.32,0.32,0.67,0.4,0.65,0.41,0.04,0.42,-0.197,-0.018,-0.108
0.26,0.26,0.38,0.38,1.0,1.0,0.16199999999999998,0.16199999999999998,0.5,0.5,0.4,0.32,0.16499999999999998,0.10499999999999993,1.0,0.25,0.955,0.65,0.32,0.95,0.96,0.32,0.32,0.66,0.4,0.62,0.42,0.04,0.39,-0.218,-0.037,-0.033
0.27,0.27,0.39,0.39,1.0,1.0,0.5046484875679016,0.5016533541679382,0.29,0.29,0.35,0.37,0.14999999999999997,0.11999999999999994,1.0,0.26,0.95,0.65,0.32,0.95,0.95,0.32,0.32,0.65,0.41,0.63,0.42,0.04,0.4,-0.142,-0.052,0.044
0.38,0.38,0.65,0.65,1.0,1.0,0.16199999999999998,0.16199999999999998,0.46,0.46,0.28,0.44,0.11999999999999994,0.08999999999999991,1.0,0.26,0.95,0.66,0.29,0.95,0.95,0.29,0.29,0.63,0.41,0.61,0.42,0.04,0.46,-0.108,-0.053,0.066
0.28,0.28,0.43,0.43,1.0,1.0,0.16199999999999998,0.16199999999999998,0.47,0.47,0.25,0.47,0.11999999999999994,0.08999999999999991,1.0,0.25,0.96,0.65,0.28,0.96,0.96,0.28,0.28,0.63,0.41,0.61,0.42,0.03,0.47,-0.085,-0.033,0.015
0.34,0.34,0.56,0.56,1.0,1.0,0.16199999999999998,0.16199999999999998,0.46,0.46,0.27,0.45,0.11999999999999994,0.08999999999999991,1.0,0.24,0.97,0.64,0.28,0.97,0.97,0.28,0.28,0.63,0.42,0.61,0.42,0.03,0.48,-0.078,-0.009,-0.061
0.56,0.56,1.0,1.0,0.98,0.98,0.46056545853614805,0.46043590784072874,0.23,0.23,0.35,0.38,0.32999999999999996,0.375,0.25,0.44,0.37,0.79,0.56,0.38,0.36,0.56,0.56,0.77,0.35,0.8,0.34,0.08,0.46,-0.036,0.007,-0.097
0.0,0.0,0.0,0.0,1.0,1.0,0.21399695754051207,0.2135425019264221,0.31,0.31,0.43,0.29,0.4499999999999999,0.51,0.0,0.43,0.25,0.79,0.56,0.25,0.25,0.56,0.56,0.85,0.32,0.89,0.3,0.17,0.49,-0.004,0.01,-0.081
0.0,0.0,0.0,0.0,1.0,1.0,0.16199999999999998,0.16199999999999998,0.33,0.33,0.51,0.21,0.4499999999999999,0.51,0.0,0.4,0.25,0.76,0.56,0.25,0.25,0.56,0.56,0.85,0.32,0.89,0.3,0.17,0.26,0.018,0.01,-0.025
0.0,0.0,0.0,0.0,1.0,1.0,0.16199999999999998,0.16199999999999998,0.32,0.32,0.55,0.18,0.49499999999999994,0.5549999999999999,0.0,0.38,0.25,0.75,0.56,0.25,0.25,0.56,0.56,0.88,0.3,0.92,0.29,0.22,0.12,0.049,0.002,0.059
0.0,0.0,0.0,0.0,1.0,1.0,0.16199999999999998,0.16199999999999998,0.34,0.34,0.54,0.19,0.54,0.5999999999999999,0.0,0.37,0.25,0.74,0.56,0.25,0.25,0.56,0.56,0.91,0.29,0.95,0.27,0.22,0.0,0.083,-0.015,0.127
0.0,0.0,0.0,0.0,1.0,1.0,0.16199999999999998,0.16199999999999998,0.33,0.33,0.45,0.27,0.54,0.5849999999999999,0.0,0.36,0.25,0.73,0.56,0.25,0.25,0.56,0.56,0.91,0.29,0.94,0.28,0.21,0.42,0.097,-0.023,0.147
0.0,0.0,0.0,0.0,1.0,1.0,0.16199999999999998,0.16199999999999998,0.38,0.38,0.42,0.31,0.6299999999999999,0.72,0.0,0.35,0.25,0.73,0.56,0.25,0.25,0.56,0.56,0.97,0.26,1.03,0.24,0.29,1.0,0.081,-0.024,0.141
0.0,0.0,0.0,0.0,1.0,1.0,0.16199999999999998,0.16199999999999998,0.41,0.41,0.45,0.28,0.6749999999999999,0.75,0.0,0.37,0.25,0.74,0.56,0.25,0.25,0.56,0.56,1.0,0.25,1.05,0.23,0.39,1.0,0.069,-0.017,0.075
0.0,0.0,0.0,0.0,1.0,1.0,0.16199999999999998,0.16199999999999998,0.41,0.41,0.45,0.27,0.6299999999999999,0.705,0.0,0.39,0.25,0.75,0.56,0.25,0.25,0.56,0.56,0.97,0.26,1.02,0.24,0.47,0.5,0.062,-0.016,-0.003
0.0,0.0,0.0,0.0,1.0,1.0,0.16199999999999998,0.16199999999999998,0.42,0.42,0.51,0.22,0.6149999999999999,0.705,0.0,0.42,0.25,0.77,0.56,0.25,0.25,0.56,0.56,0.96,0.27,1.02,0.24,0.5,0.5,0.045,-0.014,-0.045
0.0,0.0,0.0,0.0,1.0,1.0,0.16199999999999998,0.16199999999999998,0.37,0.37,0.44,0.29,0.6149999999999999,0.6599999999999999,0.0,0.4,0.25,0.76,0.56,0.25,0.25,0.56,0.56,0.96,0.27,0.99,0.25,0.45,0.5,0.052,-0.012,-0.034
0.0,0.0,0.0,0.0,1.0,1.0,0.16199999999999998,0.16199999999999998,0.37,0.37,0.44,0.28,0.6449999999999999,0.705,0.0,0.38,0.25,0.75,0.56,0.25,0.25,0.56,0.56,0.98,0.26,1.02,0.24,0.46,0.5,0.029,-0.012,0.006
0.0,0.0,0.0,0.0,1.0,1.0,0.16199999999999998,0.16199999999999998,0.39,0.39,0.42,0.3,0.5999999999999999,0.6749999999999999,0.0,0.38,0.25,0.75,0.56,0.25,0.25,0.56,0.56,0.95,0.27,1.0,0.25,0.45,0.5,0.04,-0.007,0.05
0.0,0.0,0.0,0.0,1.0,1.0,0.16199999999999998,0.16199999999999998,0.39,0.39,0.4,0.32,0.5999999999999999,0.6749999999999999,0.0,0.38,0.25,0.75,0.56,0.25,0.25,0.56,0.56,0.95,0.27,1.0,0.25,0.47,0.5,0.052,-0.004,0.069
0.0,0.0,0.0,0.0,1.0,1.0,0.16199999999999998,0.16199999999999998,0.39,0.39,0.38,0.34,0.5849999999999999,0.6449999999999999,0.0,0.38,0.25,0.75,0.56,0.25,0.25,0.56,0.56,0.94,0.28,0.98,0.26,0.49,0.5,0.031,0.005,0.048
0.0,0.0,0.0,0.0,1.0,1.0,0.16199999999999998,0.16199999999999998,0.39,0.39,0.37,0.35,0.5849999999999999,0.6449999999999999,0.0,0.38,0.25,0.75,0.56,0.25,0.25,0.56,0.56,0.94,0.28,0.98,0.26,0.52,0.5,0.026,0.01,0.028
0.0,0.0,0.0,0.0,1.0,1.0,0.16199999999999998,0.16199999999999998,0.39,0.39,0.36,0.37,0.54,0.6149999999999999,0.0,0.38,0.25,0.75,0.56,0.25,0.25,0.56,0.56,0.91,0.29,0.96,0.27,0.52,0.5,0.024,0.014,0.01
0.0,0.0,0.0,0.0,1.0,1.0,0.16199999999999998,0.16199999999999998,0.38,0.38,0.32,0.4,0.54,0.5999999999999999,0.0,0.38,0.25,0.75,0.56,0.25,0.25,0.56,0.56,0.91,0.29,0.95,0.27,0.55,0.5,0.037,0.01,-0.0
0.0,0.0,0.0,0.0,1.0,1.0,0.16199999999999998,0.16199999999999998,0.37,0.37,0.28,0.44,0.49499999999999994,0.5700000000000001,0.0,0.38,0.25,0.75,0.56,0.25,0.25,0.56,0.56,0.88,0.3,0.93,0.28,0.52,0.5,0.039,0.005,-0.007
0.0,0.0,0.0,0.0,1.0,1.0,0.16199999999999998,0.16199999999999998,0.38,0.38,0.24,0.48,0.5249999999999999,0.5849999999999999,0.0,0.38,0.25,0.75,0.56,0.25,0.25,0.56,0.56,0.9,0.29,0.94,0.28,0.52,0.5,0.046,-0.002,-0.033
0.0,0.0,0.0,0.0,1.0,1.0,0.16199999999999998,0.16199999999999998,0.37,0.37,0.3,0.42,0.6149999999999999,0.6749999999999999,0.0,0.37,0.25,0.74,0.56,0.25,0.25,0.56,0.56,0.96,0.27,1.0,0.25,0.5,0.5,0.06,-0.011,-0.069
0.0,0.0,0.0,0.0,1.0,1.0,0.16199999999999998,0.16199999999999998,0.37,0.37,0.42,0.3,0.5849999999999999,0.6299999999999999,0.0,0.37,0.25,0.74,0.56,0.25,0.25,0.56,0.56,0.94,0.28,0.97,0.26,0.49,0.5,0.063,-0.023,-0.09
0.0,0.0,0.0,0.0,1.0,1.0,0.16199999999999998,0.16199999999999998,0.37,0.37,0.43,0.29,0.54,0.5700000000000001,0.0,0.37,0.25,0.74,0.56,0.25,0.25,0.56,0.56,0.91,0.29,0.93,0.28,0.43,0.21,0.068,-0.033,-0.052
0.0,0.0,0.0,0.0,1.0,1.0,0.16199999999999998,0.16199999999999998,0.38,0.38,0.39,0.34,0.54,0.5849999999999999,0.0,0.38,0.25,0.75,0.56,0.25,0.25,0.56,0.56,0.91,0.29,0.94,0.28,0.46,0.5,0.072,-0.034,0.007
0.0,0.0,0.0,0.0,1.0,1.0,0.16199999999999998,0.16199999999999998,0.38,0.38,0.4,0.32,0.54,0.5700000000000001,0.0,0.38,0.25,0.75,0.56,0.25,0.25,0.56,0.56,0.91,0.29,0.93,0.28,0.47,0.5,0.079,-0.026,0.074
0.0,0.0,0.0,0.0,1.0,1.0,0.16199999999999998,0.16199999999999998,0.38,0.38,0.44,0.28,0.54,0.5700000000000001,0.0,0.38,0.25,0.75,0.56,0.25,0.25,0.56,0.56,0.91,0.29,0.93,0.28,0.51,0.5,0.089,-0.006,0.095
0.0,0.0,0.0,0.0,1.0,1.0,0.16199999999999998,0.16199999999999998,0.39,0.39,0.44,0.29,0.5700000000000001,0.5999999999999999,0.0,0.39,0.25,0.75,0.56,0.25,0.25,0.56,0.56,0.93,0.28,0.95,0.27,0.53,0.5,0.102,0.007,0.105
0.0,0.0,0.0,0.0,1.0,1.0,0.16199999999999998,0.16199999999999998,0.38,0.38,0.36,0.37,0.5700000000000001,0.6149999999999999,0.0,0.39,0.25,0.75,0.56,0.25,0.25,0.56,0.56,0.93,0.28,0.96,0.27,0.53,0.5,0.104,0.023,0.11
0.0,0.0,0.0,0.0,1.0,1.0,0.16199999999999998,0.16199999999999998,0.39,0.39,0.37,0.35,0.54,0.6149999999999999,0.0,0.38,0.25,0.75,0.56,0.25,0.25,0.56,0.56,0.91,0.29,0.96,0.27,0.52,0.5,0.102,0.027,0.109
0.0,0.0,0.0,0.0,1.0,1.0,0.16199999999999998,0.16199999999999998,0.38,0.38,0.37,0.35,0.5249999999999999,0.6149999999999999,0.0,0.38,0.25,0.75,0.56,0.25,0.25,0.56,0.56,0.9,0.29,0.96,0.27,0.48,0.5,0.102,0.032,0.087
0.0,0.0,0.0,0.0,1.0,1.0,0.16199999999999998,0.16199999999999998,0.39,0.39,0.33,0.39,0.5700000000000001,0.6599999999999999,0.0,0.38,0.25,0.75,0.56,0.25,0.25,0.56,0.56,0.93,0.28,0.99,0.26,0.47,0.5,0.091,0.031,0.032
0.0,0.0,0.0,0.0,1.0,1.0,0.16199999999999998,0.16199999999999998,0.39,0.39,0.33,0.39,0.5849999999999999,0.6599999999999999,0.0,0.38,0.25,0.75,0.56,0.25,0.25,0.56,0.56,0.94,0.28,0.99,0.26,0.48,0.5,0.086,0.022,-0.008
0.0,0.0,0.0,0.0,1.0,1.0,0.16199999999999998,0.16199999999999998,0.38,0.38,0.32,0.4,0.5999999999999999,0.6599999999999999,0.0,0.38,0.25,0.75,0.56,0.25,0.25,0.56,0.56,0.95,0.27,0.99,0.25,0.5,0.5,0.079,0.011,-0.025
0.0,0.0,0.0,0.0,1.0,1.0,0.16199999999999998,0.16199999999999998,0.37,0.37,0.34,0.38,0.5999999999999999,0.6599999999999999,0.0,0.38,0.25,0.75,0.56,0.25,0.25,0.56,0.56,0.95,0.27,0.99,0.25,0.47,0.5,0.064,0.002,-0.035
0.0,0.0,0.0,0.0,1.0,1.0,0.16199999999999998,0.16199999999999998,0.37,0.37,0.36,0.36,0.6299999999999999,0.69,0.0,0.38,0.25,0.75,0.56,0.25,0.25,0.56,0.56,0.97,0.26,1.01,0.24,0.47,0.5,0.057,-0.005,-0.034
0.0,0.0,0.0,0.0,1.0,1.0,0.16199999999999998,0.16199999999999998,0.39,0.39,0.37,0.35,0.69,0.75,0.0,0.38,0.25,0.75,0.56,0.25,0.25,0.56,0.56,1.01,0.25,1.05,0.23,0.46,0.5,0.067,-0.006,-0.024
0.0,0.0,0.0,0.0,1.0,1.0,0.16199999999999998,0.16199999999999998,0.42,0.42,0.38,0.34,0.6599999999999999,0.735,0.0,0.41,0.25,0.77,0.56,0.25,0.25,0.56,0.56,0.99,0.26,1.04,0.23,0.34,0.95,0.063,-0.002,-0.017
0.0,0.0,0.0,0.0,1.0,1.0,0.16199999999999998,0.16199999999999998,0.43,0.43,0.38,0.34,0.5849999999999999,0.6749999999999999,0.0,0.45,0.25,0.8,0.56,0.25,0.25,0.56,0.56,0.94,0.28,1.0,0.25,0.34,1.0,0.045,0.006,-0.009
0.0,0.0,0.0,0.0,1.0,1.0,0.16199999999999998,0.16199999999999998,0.44,0.44,0.4,0.32,0.5549999999999999,0.6749999999999999,0.0,0.46,0.25,0.81,0.56,0.25,0.25,0.56,0.56,0.92,0.29,1.0,0.25,0.37,1.0,-0.033,0.015,-0.009
0.0,0.0,0.0,0.0,1.0,1.0,0.16199999999999998,0.16199999999999998,0.45,0.45,0.51,0.21,0.54,0.6749999999999999,0.0,0.49,0.25,0.83,0.56,0.25,0.25,0.56,0.56,0.91,0.29,1.0,0.25,0.43,1.0,-0.053,0.013,-0.018
0.0,0.0,0.0,0.0,1.0,1.0,0.16199999999999998,0.16199999999999998,0.46,0.46,0.49,0.24,0.6299999999999999,0.72,0.0,0.49,0.25,0.83,0.56,0.25,0.25,0.56,0.56,0.97,0.27,1.03,0.24,0.52,0.5,-0.061,0.001,-0.021
0.0,0.0,0.0,0.0,1.0,1.0,0.16199999999999998,0.16199999999999998,0.48,0.48,0.43,0.3,0.6299999999999999,0.72,0.0,0.48,0.25,0.82,0.56,0.25,0.25,0.56,0.56,0.97,0.27,1.03,0.24,0.54,0.5,-0.073,-0.008,-0.028
0.0,0.0,0.0,0.0,1.0,1.0,0.16199999999999998,0.16199999999999998,0.48,0.48,0.42,0.31,0.6749999999999999,0.75,0.0,0.46,0.25,0.8,0.56,0.25,0.25,0.56,0.56,1.0,0.25,1.05,0.23,0.54,0.5,-0.055,-0.026,-0.047
0.0,0.0,0.0,0.0,1.0,1.0,0.16199999999999998,0.16199999999999998,0.48,0.48,0.41,0.32,0.69,0.75,0.0,0.45,0.25,0.8,0.56,0.25,0.25,0.56,0.56,1.01,0.25,1.05,0.23,0.55,0.5,-0.042,-0.037,-0.056
0.0,0.0,0.0,0.0,1.0,1.0,0.16199999999999998,0.16199999999999998,0.48,0.48,0.39,0.34,0.6749999999999999,0.75,0.0,0.44,0.25,0.79,0.56,0.25,0.25,0.56,0.56,1.0,0.25,1.05,0.23,0.58,0.5,-0.02,-0.043,-0.056
0.0,0.0,0.0,0.0,1.0,1.0,0.16199999999999998,0.16199999999999998,0.48,0.48,0.37,0.35,0.6749999999999999,0.75,0.0,0.43,0.25,0.79,0.56,0.25,0.25,0.56,0.56,1.0,0.25,1.05,0.23,0.62,0.5,-0.013,-0.052,-0.052
0.0,0.0,0.0,0.0,1.0,1.0,0.16199999999999998,0.16199999999999998,0.44,0.44,0.42,0.3,0.6599999999999999,0.72,0.0,0.43,0.25,0.78,0.56,0.25,0.25,0.56,0.56,0.99,0.25,1.03,0.24,0.62,0.5,-0.007,-0.061,-0.047
0.0,0.0,0.0,0.0,1.0,1.0,0.16199999999999998,0.16199999999999998,0.44,0.44,0.43,0.3,0.5999999999999999,0.6749999999999999,0.0,0.42,0.25,0.78,0.56,0.25,0.25,0.56,0.56,0.95,0.27,1.0,0.25,0.56,0.5,-0.011,-0.071,-0.038
0.0,0.0,0.0,0.0,1.0,1.0,0.16199999999999998,0.16199999999999998,0.45,0.45,0.41,0.31,0.6149999999999999,0.6749999999999999,0.0,0.41,0.25,0.77,0.56,0.25,0.25,0.56,0.56,0.96,0.27,1.0,0.25,0.61,0.5,-0.012,-0.068,-0.04
0.0,0.0,0.0,0.0,1.0,1.0,0.16199999999999998,0.16199999999999998,0.44,0.44,0.41,0.31,0.5999999999999999,0.6449999999999999,0.0,0.39,0.25,0.76,0.56,0.25,0.25,0.56,0.56,0.95,0.27,0.98,0.26,0.62,0.5,-0.021,-0.063,-0.038
0.0,0.0,0.0,0.0,1.0,1.0,0.16199999999999998,0.16199999999999998,0.44,0.43,0.42,0.31,0.5700000000000001,0.6299999999999999,0.0,0.39,0.25,0.76,0.56,0.25,0.25,0.56,0.56,0.93,0.28,0.97,0.26,0.62,0.5,-0.018,-0.054,-0.042
0.0,0.0,0.0,0.0,1.0,1.0,0.16199999999999998,0.16199999999999998,0.43,0.43,0.43,0.3,0.5700000000000001,0.6299999999999999,0.0,0.39,0.25,0.76,0.56,0.25,0.25,0.56,0.56,0.93,0.28,0.97,0.26,0.62,0.5,0.022,-0.05,-0.043
0.0,0.0,0.0,0.0,1.0,1.0,0.16199999999999998,0.16199999999999998,0.43,0.43,0.38,0.35,0.5700000000000001,0.6449999999999999,0.0,0.4,0.25,0.76,0.56,0.25,0.25,0.56,0.56,0.93,0.28,0.98,0.26,0.62,0.5,0.021,-0.048,-0.045
0.0,0.0,0.0,0.0,1.0,1.0,0.16199999999999998,0.16199999999999998,0.42,0.42,0.37,0.35,0.54,0.6299999999999999,0.0,0.42,0.25,0.78,0.56,0.25,0.25,0.56,0.56,0.91,0.29,0.97,0.26,0.61,0.5,0.014,-0.049,-0.053
0.0,0.0,0.0,0.0,1.0,1.0,0.16199999999999998,0.16199999999999998,0.44,0.44,0.35,0.37,0.6599999999999999,0.75,0.0,0.41,0.25,0.77,0.56,0.25,0.25,0.56,0.56,0.99,0.25,1.05,0.23,0.61,0.5,0.029,-0.049,-0.063
0.0,0.0,0.0,0.0,1.0,1.0,0.16199999999999998,0.16199999999999998,0.44,0.44,0.37,0.35,0.6599999999999999,0.75,0.0,0.4,0.25,0.76,0.56,0.25,0.25,0.56,0.56,0.99,0.25,1.05,0.23,0.63,0.5,0.034,-0.054,-0.068
0.0,0.0,0.0,0.0,1.0,1.0,0.16199999999999998,0.16199999999999998,0.43,0.43,0.35,0.37,0.6599999999999999,0.75,0.0,0.4,0.25,0.76,0.56,0.25,0.25,0.56,0.56,0.99,0.26,1.05,0.23,0.64,0.5,0.014,-0.052,-0.062
0.0,0.0,0.0,0.0,1.0,1.0,0.16199999999999998,0.16199999999999998,0.43,0.43,0.35,0.37,0.6299999999999999,0.735,0.0,0.4,0.25,0.76,0.56,0.25,0.25,0.56,0.56,0.97,0.26,1.04,0.23,0.62,0.5,0.013,-0.054,-0.062
0.0,0.0,0.0,0.0,1.0,1.0,0.16199999999999998,0.16199999999999998,0.44,0.44,0.35,0.37,0.795,0.81,0.0,0.38,0.25,0.75,0.56,0.25,0.25,0.56,0.56,1.08,0.22,1.09,0.21,0.59,0.5,0.011,-0.051,-0.062
0.0,0.0,0.0,0.0,1.0,1.0,0.16199999999999998,0.16199999999999998,0.45,0.45,0.35,0.37,0.81,0.81,0.0,0.37,0.25,0.74,0.56,0.25,0.25,0.56,0.56,1.09,0.21,1.09,0.21,0.68,0.5,0.017,-0.051,-0.066
0.0,0.0,0.0,0.0,1.0,1.0,0.16199999999999998,0.16199999999999998,0.45,0.45,0.36,0.37,0.81,0.81,0.0,0.36,0.25,0.74,0.56,0.25,0.25,0.56,0.56,1.09,0.21,1.09,0.21,0.68,0.5,0.03,-0.048,-0.065
0.0,0.0,0.0,0.0,1.0,1.0,0.16199999999999998,0.16199999999999998,0.44,0.44,0.37,0.36,0.81,0.81,0.0,0.36,0.25,0.73,0.56,0.25,0.25,0.56,0.56,1.09,0.21,1.09,0.21,0.68,0.5,0.047,-0.042,-0.062
0.0,0.0,0.0,0.0,1.0,1.0,0.16199999999999998,0.16199999999999998,0.43,0.43,0.38,0.34,0.81,0.81,0.0,0.36,0.25,0.73,0.56,0.25,0.25,0.56,0.56,1.09,0.21,1.09,0.21,0.65,0.5,0.048,-0.037,-0.061
0.0,0.0,0.0,0.0,1.0,1.0,0.16199999999999998,0.16199999999999998,0.37,0.37,0.37,0.35,0.81,0.81,0.0,0.36,0.25,0.73,0.56,0.25,0.25,0.56,0.56,1.09,0.21,1.09,0.21,0.53,0.5,0.052,-0.024,-0.059
0.0,0.0,0.0,0.0,1.0,1.0,0.16199999999999998,0.16199999999999998,0.35,0.35,0.38,0.35,0.78,0.81,0.0,0.36,0.25,0.73,0.56,0.25,0.25,0.56,0.56,1.07,0.22,1.09,0.21,0.53,0.5,0.054,-0.011,-0.056
0.0,0.0,0.0,0.0,1.0,1.0,0.16199999999999998,0.16199999999999998,0.37,0.37,0.39,0.33,0.6749999999999999,0.75,0.0,0.36,0.25,0.73,0.56,0.25,0.25,0.56,0.56,1.0,0.25,1.05,0.23,0.54,0.5,0.047,0.009,-0.048
0.0,0.0,0.0,0.0,1.0,1.0,0.16199999999999998,0.16199999999999998,0.38,0.38,0.4,0.32,0.6449999999999999,0.735,0.0,0.36,0.25,0.73,0.56,0.25,0.25,0.56,0.56,0.98,0.26,1.04,0.23,0.56,0.5,0.055,0.031,-0.035
0.0,0.0,0.0,0.0,1.0,1.0,0.16199999999999998,0.16199999999999998,0.39,0.39,0.4,0.32,0.6149999999999999,0.72,0.0,0.38,0.25,0.75,0.56,0.25,0.25,0.56,0.56,0.96,0.27,1.03,0.24,0.57,0.5,0.044,0.036,-0.023
0.0,0.0,0.0,0.0,1.0,1.0,0.16199999999999998,0.16199999999999998,0.39,0.39,0.39,0.33,0.54,0.6599999999999999,0.0,0.4,0.25,0.76,0.56,0.25,0.25,0.56,0.56,0.91,0.29,0.99,0.25,0.57,0.5,0.026,0.041,-0.018
0.0,0.0,0.0,0.0,1.0,1.0,0.16199999999999998,0.16199999999999998,0.4,0.4,0.37,0.35,0.51,0.6299999999999999,0.0,0.41,0.25,0.77,0.56,0.25,0.25,0.56,0.56,0.89,0.3,0.97,0.26,0.58,0.5,0.008,0.04,-0.016
0.0,0.0,0.0,0.0,1.0,1.0,0.16199999999999998,0.16199999999999998,0.39,0.39,0.36,0.37,0.49499999999999994,0.5999999999999999,0.0,0.41,0.25,0.77,0.56,0.25,0.25,0.56,0.56,0.88,0.3,0.95,0.27,0.59,0.5,-0.024,0.036,-0.024
0.0,0.0,0.0,0.0,1.0,1.0,0.16199999999999998,0.16199999999999998,0.39,0.39,0.34,0.39,0.49499999999999994,0.5849999999999999,0.0,0.41,0.25,0.77,0.56,0.25,0.25,0.56,0.56,0.88,0.3,0.94,0.28,0.61,0.5,-0.055,0.029,-0.039
0.0,0.0,0.0,0.0,1.0,1.0,0.16199999999999998,0.16199999999999998,0.39,0.39,0.34,0.39,0.4499999999999999,0.51,0.0,0.42,0.25,0.78,0.56,0.25,0.25,0.56,0.56,0.85,0.32,0.89,0.3,0.61,0.5,-0.046,0.02,-0.048
0.0,0.0,0.0,0.0,1.0,1.0,0.16199999999999998,0.16199999999999998,0.4,0.4,0.38,0.34,0.4349999999999999,0.51,0.0,0.46,0.25,0.81,0.56,0.25,0.25,0.56,0.56,0.84,0.32,0.89,0.3,0.67,0.5,-0.021,0.009,-0.056
0.0,0.0,0.0,0.0,1.0,1.0,0.16199999999999998,0.16199999999999998,0.4,0.4,0.38,0.34,0.4199999999999999,0.51,0.0,0.46,0.25,0.81,0.56,0.25,0.25,0.56,0.56,0.83,0.32,0.89,0.3,0.68,0.5,0.0,-0.003,-0.06
0.0,0.0,0.0,0.0,1.0,1.0,0.16199999999999998,0.16199999999999998,0.4,0.4,0.4,0.33,0.4199999999999999,0.51,0.0,0.46,0.25,0.8,0.56,0.25,0.25,0.56,0.56,0.83,0.32,0.89,0.3,0.68,0.5,0.011,-0.012,-0.075
0.0,0.0,0.0,0.0,1.0,1.0,0.16199999999999998,0.16199999999999998,0.41,0.41,0.4,0.33,0.40499999999999986,0.49499999999999994,0.0,0.45,0.25,0.8,0.56,0.25,0.25,0.56,0.56,0.82,0.33,0.88,0.3,0.73,0.5,0.026,-0.017,-0.077
0.0,0.0,0.0,0.0,1.0,1.0,0.16199999999999998,0.16199999999999998,0.43,0.43,0.42,0.3,0.4199999999999999,0.51,0.0,0.46,0.25,0.8,0.56,0.25,0.25,0.56,0.56,0.83,0.32,0.89,0.3,0.71,0.5,0.035,-0.018,-0.071
0.0,0.0,0.0,0.0,1.0,1.0,0.16199999999999998,0.16199999999999998,0.43,0.43,0.44,0.28,0.39,0.4349999999999999,0.0,0.54,0.25,0.87,0.56,0.25,0.25,0.56,0.56,0.81,0.33,0.84,0.32,0.46,0.5,0.035,-0.015,-0.067
0.0,0.0,0.0,0.0,1.0,1.0,0.18996981859207152,0.18910426974296568,0.34,0.34,0.36,0.36,0.36,0.32999999999999996,0.0,0.54,0.25,0.87,0.56,0.25,0.25,0.56,0.56,0.79,0.34,0.77,0.35,0.29,0.62,0.027,-0.008,-0.058
0.0,0.0,0.0,0.0,1.0,1.0,0.16199999999999998,0.16199999999999998,0.37,0.37,0.39,0.33,0.31499999999999995,0.29999999999999993,0.0,0.54,0.25,0.87,0.56,0.25,0.25,0.56,0.56,0.76,0.36,0.75,0.36,0.25,0.51,0.02,-0.007,-0.053
0.0,0.0,0.0,0.0,1.0,1.0,0.16199999999999998,0.16199999999999998,0.36,0.36,0.45,0.27,0.36,0.375,0.0,0.54,0.25,0.86,0.56,0.25,0.25,0.56,0.56,0.79,0.34,0.8,0.34,0.25,0.14,0.033,0.004,-0.042
0.0,0.0,0.0,0.0,1.0,1.0,0.16199999999999998,0.16199999999999998,0.39,0.39,0.5,0.22,0.375,0.39,0.0,0.53,0.25,0.86,0.56,0.25,0.25,0.56,0.56,0.8,0.34,0.81,0.34,0.3,0.0,0.048,0.018,-0.017
0.0,0.0,0.0,0.0,1.0,1.0,0.16199999999999998,0.16199999999999998,0.39,0.39,0.55,0.17,0.375,0.39,0.0,0.54,0.25,0.86,0.56,0.25,0.25,0.56,0.56,0.8,0.34,0.81,0.33,0.31,0.0,0.046,0.029,0.017
0.0,0.0,0.0,0.0,1.0,1.0,0.16199999999999998,0.16199999999999998,0.39,0.39,0.55,0.17,0.40499999999999986,0.40499999999999986,0.0,0.52,0.25,0.86,0.56,0.25,0.25,0.56,0.56,0.82,0.33,0.82,0.33,0.33,0.0,0.028,0.042,0.068
0.0,0.0,0.0,0.0,1.0,1.0,0.16199999999999998,0.16199999999999998,0.4,0.4,0.54,0.18,0.29999999999999993,0.2849999999999999,0.0,0.52,0.25,0.85,0.56,0.25,0.25,0.56,0.56,0.75,0.36,0.74,0.36,0.25,0.0,0.031,0.047,0.095
0.0,0.0,0.0,0.0,1.0,1.0,0.16199999999999998,0.16199999999999998,0.4,0.4,0.5,0.22,0.2849999999999999,0.2549999999999999,0.0,0.49,0.25,0.83,0.56,0.25,0.25,0.56,0.56,0.74,0.36,0.72,0.38,0.18,0.04,0.032,0.051,0.099
0.0,0.0,0.0,0.0,1.0,1.0,0.5864890027046203,0.5687205004692077,0.24,0.24,0.43,0.3,0.345,0.32999999999999996,0.0,0.49,0.25,0.83,0.56,0.25,0.25,0.56,0.56,0.78,0.35,0.77,0.35,0.14,0.39,0.056,0.044,0.087
0.0,0.0,0.0,0.0,1.0,1.0,0.16199999999999998,0.16199999999999998,0.39,0.39,0.39,0.33,0.22499999999999987,0.195,0.0,0.53,0.25,0.86,0.56,0.25,0.25,0.56,0.56,0.7,0.38,0.68,0.39,0.14,0.48,0.071,0.037,0.075
0.55,0.55,1.0,1.0,0.98,0.98,0.7471884894371033,0.7217947053909302,0.22,0.22,0.32,0.41,0.2699999999999999,0.22499999999999987,0.0,0.48,0.355,0.82,0.56,0.35,0.36,0.56,0.56,0.73,0.37,0.7,0.38,0.12,0.42,0.086,0.019,0.039
0.56,0.56,1.0,1.0,0.98,0.98,0.16199999999999998,0.16199999999999998,0.38,0.38,0.28,0.45,0.20999999999999985,0.14999999999999997,0.5,0.37,0.635,0.74,0.51,0.63,0.64,0.51,0.51,0.69,0.39,0.65,0.4,0.06,0.43,0.076,0.004,-0.001
0.56,0.56,1.0,1.0,0.98,0.98,0.16199999999999998,0.16199999999999998,0.41,0.41,0.25,0.48,0.195,0.14999999999999997,0.75,0.33,0.85,0.71,0.4,0.85,0.85,0.4,0.4,0.68,0.39,0.65,0.41,0.05,0.43,0.073,-0.011,-0.046
0.06,0.06,0.0,0.0,1.0,1.0,0.16199999999999998,0.16199999999999998,0.41,0.41,0.24,0.48,0.195,0.13499999999999995,0.75,0.32,0.855,0.7,0.39,0.85,0.86,0.39,0.39,0.68,0.39,0.64,0.41,0.05,0.45,0.048,-0.028,-0.095
0.55,0.55,1.0,1.0,0.98,0.98,0.16199999999999998,0.16199999999999998,0.41,0.41,0.24,0.48,0.195,0.13499999999999995,0.75,0.32,0.855,0.7,0.39,0.85,0.86,0.39,0.39,0.68,0.39,0.64,0.41,0.05,0.46,0.051,-0.041,-0.115
0.56,0.56,1.0,1.0,0.98,0.98,0.6362317013740539,0.6244087624549866,0.25,0.25,0.28,0.44,0.16499999999999998,0.13499999999999995,0.75,0.3,0.885,0.69,0.33,0.88,0.89,0.33,0.33,0.66,0.4,0.64,0.41,0.04,0.48,0.051,-0.049,-0.117
0.56,0.56,1.0,1.0,0.98,0.98,0.16199999999999998,0.16199999999999998,0.42,0.42,0.3,0.42,0.16499999999999998,0.13499999999999995,0.75,0.29,0.9,0.68,0.34,0.9,0.9,0.34,0.34,0.66,0.4,0.64,0.41,0.03,0.47,0.038,-0.059,-0.114
0.02,0.02,0.0,0.0,1.0,1.0,0.16199999999999998,0.16199999999999998,0.44,0.44,0.34,0.38,0.14999999999999997,0.11999999999999994,0.75,0.28,0.915,0.67,0.34,0.91,0.92,0.34,0.34,0.65,0.41,0.63,0.42,0.03,0.46,0.005,-0.057,-0.081
0.06,0.06,0.0,0.0,1.0,1.0,0.16199999999999998,0.16199999999999998,0.44,0.44,0.37,0.35,0.14999999999999997,0.11999999999999994,0.75,0.27,0.92,0.66,0.33,0.92,0.92,0.33,0.33,0.65,0.4,0.63,0.41,0.03,0.44,0.001,-0.049,-0.047
0.12,0.12,0.05,0.05,1.0,1.0,0.16199999999999998,0.16199999999999998,0.44,0.44,0.41,0.31,0.16499999999999998,0.11999999999999994,0.75,0.26,0.92,0.66,0.35,0.92,0.92,0.35,0.35,0.66,0.4,0.63,0.41,0.03,0.42,0.0,-0.042,-0.021
0.05,0.05,0.0,0.0,1.0,1.0,0.16199999999999998,0.16199999999999998,0.45,0.45,0.45,0.28,0.16499999999999998,0.11999999999999994,0.75,0.27,0.92,0.66,0.35,0.92,0.92,0.35,0.35,0.66,0.4,0.63,0.41,0.03,0.4,0.013,-0.026,0.002
0.07,0.07,0.0,0.0,1.0,1.0,0.7328488039970398,0.7009334373474121,0.25,0.25,0.45,0.27,0.16499999999999998,0.13499999999999995,0.75,0.28,0.895,0.67,0.36,0.89,0.9,0.36,0.36,0.66,0.4,0.64,0.41,0.03,0.38,0.011,-0.005,0.021
0.01,0.01,0.0,0.0,1.0,1.0,0.16199999999999998,0.16199999999999998,0.43,0.43,0.5,0.22,0.16499999999999998,0.10499999999999993,0.75,0.3,0.885,0.69,0.37,0.88,0.89,0.37,0.37,0.66,0.4,0.62,0.42,0.03,0.35,0.007,0.011,0.048
0.03,0.03,0.0,0.0,1.0,1.0,0.16199999999999998,0.16199999999999998,0.45,0.45,0.52,0.2,0.13499999999999995,0.0749999999999999,0.75,0.3,0.89,0.69,0.36,0.88,0.9,0.36,0.36,0.64,0.41,0.6,0.43,0.03,0.33,0.0,0.024,0.081
0.06,0.06,0.0,0.0,1.0,1.0,0.16199999999999998,0.16199999999999998,0.46,0.46,0.53,0.19,0.11999999999999994,0.05999999999999989,0.75,0.3,0.89,0.69,0.36,0.88,0.9,0.36,0.36,0.63,0.41,0.59,0.43,0.03,0.31,-0.005,0.033,0.1
0.01,0.01,0.0,0.0,1.0,1.0,0.16199999999999998,0.16199999999999998,0.46,0.46,0.52,0.21,0.16499999999999998,0.11999999999999994,0.75,0.31,0.875,0.69,0.38,0.87,0.88,0.38,0.38,0.66,0.4,0.63,0.42,0.03,0.3,-0.002,0.043,0.112
0.0,0.0,0.0,0.0,1.0,1.0,0.16199999999999998,0.16199999999999998,0.43,0.43,0.47,0.25,0.16499999999999998,0.11999999999999994,0.5,0.32,0.795,0.7,0.41,0.79,0.8,0.41,0.41,0.66,0.4,0.63,0.41,0.03,0.29,0.002,0.044,0.113
0.59,0.59,1.0,1.0,0.95,0.95,0.9495581793785095,0.9495402383804321,0.33,0.33,0.38,0.35,0.22499999999999987,0.20999999999999985,0.5,0.34,0.735,0.72,0.33,0.74,0.73,0.33,0.33,0.7,0.38,0.69,0.39,0.03,0.32,0.006,0.041,0.074
0.6,0.6,1.0,1.0,0.94,0.94,0.9456921029090881,0.9456758904457092,0.39,0.39,0.32,0.41,0.23999999999999988,0.22499999999999987,0.25,0.34,0.795,0.72,0.3,0.8,0.79,0.3,0.3,0.71,0.38,0.7,0.38,0.03,0.42,-0.008,0.033,0.024
0.58,0.58,1.0,1.0,0.96,0.96,0.8292392897605896,0.827567617893219,0.33,0.33,0.28,0.44,0.2549999999999999,0.2549999999999999,0.5,0.33,0.715,0.71,0.37,0.72,0.71,0.37,0.37,0.72,0.37,0.72,0.37,0.03,0.43,-0.043,0.03,-0.039
0.0,0.0,0.0,0.0,1.0,1.0,0.16199999999999998,0.16199999999999998,0.46,0.46,0.17,0.55,0.23999999999999988,0.20999999999999985,0.75,0.33,0.765,0.71,0.39,0.77,0.76,0.39,0.39,0.71,0.38,0.69,0.39,0.03,0.44,-0.081,0.021,-0.087
0.0,0.0,0.0,0.0,1.0,1.0,0.16199999999999998,0.16199999999999998,0.47,0.47,0.14,0.58,0.2549999999999999,0.20999999999999985,0.5,0.33,0.75,0.71,0.41,0.75,0.75,0.41,0.41,0.72,0.37,0.69,0.39,0.03,0.46,-0.082,0.001,-0.151
0.0,0.0,0.0,0.0,1.0,1.0,0.16199999999999998,0.16199999999999998,0.46,0.46,0.14,0.58,0.2549999999999999,0.195,0.75,0.33,0.75,0.71,0.42,0.75,0.75,0.42,0.42,0.72,0.37,0.68,0.39,0.04,0.47,-0.073,-0.011,-0.184
0.0,0.0,0.0,0.0,1.0,1.0,0.16199999999999998,0.16199999999999998,0.46,0.46,0.16,0.56,0.2699999999999999,0.20999999999999985,0.75,0.32,0.77,0.7,0.41,0.77,0.77,0.41,0.41,0.73,0.37,0.69,0.39,0.04,0.48,-0.061,-0.021,-0.201
0.0,0.0,0.0,0.0,1.0,1.0,0.16199999999999998,0.16199999999999998,0.46,0.46,0.25,0.47,0.2699999999999999,0.20999999999999985,0.75,0.32,0.785,0.7,0.4,0.78,0.79,0.4,0.4,0.73,0.37,0.69,0.39,0.04,0.48,-0.07,-0.029,-0.183
0.0,0.0,0.0,0.0,1.0,1.0,0.16199999999999998,0.16199999999999998,0.45,0.45,0.37,0.35,0.2849999999999999,0.20999999999999985,0.75,0.32,0.795,0.7,0.39,0.79,0.8,0.39,0.39,0.74,0.37,0.69,0.39,0.04,0.47,-0.081,-0.032,-0.172
0.0,0.0,0.0,0.0,1.0,1.0,0.16199999999999998,0.16199999999999998,0.37,0.37,0.13,0.6,0.2549999999999999,0.20999999999999985,0.75,0.32,0.775,0.7,0.37,0.78,0.77,0.37,0.37,0.72,0.38,0.69,0.39,0.04,0.47,-0.085,-0.034,-0.18
0.0,0.0,0.0,0.0,1.0,1.0,0.16199999999999998,0.16199999999999998,0.43,0.43,0.04,0.69,0.20999999999999985,0.195,0.75,0.32,0.72,0.7,0.44,0.72,0.72,0.44,0.44,0.69,0.39,0.68,0.39,0.03,0.46,-0.094,-0.033,-0.165
0.02,0.02,0.0,0.0,1.0,1.0,0.16199999999999998,0.16199999999999998,0.44,0.44,0.08,0.65,0.20999999999999985,0.18,0.75,0.32,0.78,0.71,0.41,0.77,0.79,0.41,0.41,0.69,0.39,0.67,0.4,0.03,0.4,-0.066,-0.029,-0.071
0.02,0.02,0.0,0.0,1.0,1.0,0.16199999999999998,0.16199999999999998,0.42,0.42,0.08,0.65,0.20999999999999985,0.18,0.75,0.33,0.775,0.71,0.43,0.77,0.78,0.43,0.43,0.69,0.39,0.67,0.4,0.03,0.37,0.018,-0.031,0.04
0.05,0.05,0.0,0.0,1.0,1.0,0.16199999999999998,0.16199999999999998,0.44,0.44,0.18,0.55,0.20999999999999985,0.18,0.75,0.33,0.8,0.71,0.43,0.79,0.81,0.43,0.43,0.69,0.39,0.67,0.4,0.03,0.34,0.037,-0.03,0.102
0.05,0.05,0.0,0.0,1.0,1.0,0.16199999999999998,0.16199999999999998,0.44,0.44,0.21,0.52,0.195,0.13499999999999995,0.75,0.34,0.81,0.72,0.43,0.8,0.82,0.43,0.43,0.68,0.39,0.64,0.41,0.03,0.31,0.066,-0.031,0.139
0.06,0.06,0.0,0.0,1.0,1.0,0.16199999999999998,0.16199999999999998,0.44,0.44,0.18,0.54,0.18,0.13499999999999995,0.75,0.34,0.81,0.72,0.42,0.8,0.82,0.42,0.42,0.67,0.4,0.64,0.41,0.03,0.31,0.071,-0.033,0.154
0.06,0.06,0.0,0.0,1.0,1.0,0.16199999999999998,0.16199999999999998,0.44,0.44,0.17,0.56,0.18,0.14999999999999997,0.75,0.34,0.8200000000000001,0.71,0.41,0.81,0.83,0.41,0.41,0.67,0.39,0.65,0.41,0.03,0.31,0.077,-0.03,0.166
0.07,0.07,0.0,0.0,1.0,1.0,0.16199999999999998,0.16199999999999998,0.45,0.45,0.15,0.58,0.195,0.14999999999999997,0.75,0.33,0.835,0.71,0.41,0.83,0.84,0.41,0.41,0.68,0.39,0.65,0.4,0.03,0.31,0.072,-0.03,0.165
0.08,0.08,0.0,0.0,1.0,1.0,0.16199999999999998,0.16199999999999998,0.44,0.44,0.12,0.61,0.195,0.16499999999999998,0.75,0.33,0.825,0.71,0.41,0.82,0.83,0.41,0.41,0.68,0.39,0.66,0.4,0.03,0.31,0.065,-0.032,0.154
0.0,0.0,0.0,0.0,1.0,1.0,0.16199999999999998,0.16199999999999998,0.4,0.4,0.44,0.28,0.18,0.13499999999999995,0.75,0.33,0.815,0.71,0.4,0.81,0.82,0.4,0.4,0.67,0.4,0.64,0.41,0.03,0.32,0.058,-0.035,0.146
0.0,0.0,0.0,0.0,1.0,1.0,0.16199999999999998,0.16199999999999998,0.39,0.39,0.58,0.15,0.195,0.14999999999999997,0.75,0.34,0.8,0.72,0.37,0.8,0.8,0.37,0.37,0.68,0.39,0.65,0.41,0.03,0.34,0.056,-0.036,0.122
0.07,0.07,0.0,0.0,1.0,1.0,0.16199999999999998,0.16199999999999998,0.43,0.43,0.62,0.11,0.195,0.14999999999999997,0.75,0.33,0.84,0.71,0.37,0.84,0.84,0.37,0.37,0.68,0.39,0.65,0.41,0.03,0.39,0.041,-0.034,0.061
0.09,0.09,0.0,0.0,1.0,1.0,0.16199999999999998,0.16199999999999998,0.44,0.44,0.56,0.17,0.23999999999999988,0.16499999999999998,0.75,0.32,0.845,0.7,0.39,0.84,0.85,0.39,0.39,0.71,0.38,0.66,0.4,0.03,0.43,-0.021,-0.03,-0.046
0.09,0.09,0.0,0.0,1.0,1.0,0.16199999999999998,0.16199999999999998,0.43,0.43,0.57,0.16,0.2549999999999999,0.16499999999999998,0.75,0.31,0.855,0.7,0.39,0.85,0.86,0.39,0.39,0.72,0.38,0.66,0.4,0.04,0.45,-0.018,-0.023,-0.112
0.19,0.19,0.2,0.2,1.0,1.0,0.16199999999999998,0.16199999999999998,0.38,0.38,0.86,-0.11,0.2849999999999999,0.18,0.75,0.31,0.86,0.7,0.36,0.85,0.87,0.36,0.36,0.74,0.37,0.67,0.4,0.04,0.48,-0.023,-0.018,-0.162
0.2,0.2,0.23,0.23,1.0,1.0,0.16199999999999998,0.16199999999999998,0.38,0.38,0.84,-0.09,0.2849999999999999,0.18,0.75,0.31,0.86,0.7,0.36,0.85,0.87,0.36,0.36,0.74,0.37,0.67,0.4,0.04,0.52,-0.001,-0.018,-0.207
0.12,0.12,0.05,0.05,1.0,1.0,0.3239468741416931,0.32293529391288756,0.31,0.31,0.37,0.36,0.2699999999999999,0.18,0.75,0.33,0.84,0.71,0.38,0.83,0.85,0.38,0.38,0.73,0.37,0.67,0.4,0.04,0.53,0.012,-0.012,-0.23
0.56,0.56,1.0,1.0,0.97,0.97,0.48047862529754637,0.47526810646057127,0.28,0.28,0.22,0.5,0.23999999999999988,0.195,0.5,0.35,0.705,0.72,0.41,0.7,0.71,0.41,0.41,0.71,0.38,0.68,0.39,0.04,0.53,0.007,-0.01,-0.232
0.0,0.0,0.0,0.0,1.0,1.0,0.16199999999999998,0.16199999999999998,0.39,0.39,0.29,0.43,0.20999999999999985,0.16499999999999998,0.25,0.41,0.33999999999999997,0.77,0.56,0.33999999999999997,0.33999999999999997,0.56,0.56,0.69,0.39,0.66,0.4,0.06,0.51,-0.039,-0.008,-0.181
0.0,0.0,0.0,0.0,1.0,1.0,0.20001075744628904,0.19914167702198027,0.31,0.31,0.34,0.38,0.39,0.4349999999999999,0.0,0.48,0.25,0.82,0.56,0.25,0.25,0.56,0.56,0.81,0.33,0.84,0.32,0.15,0.79,-0.011,-0.01,-0.097
0.0,0.0,0.0,0.0,1.0,1.0,0.16199999999999998,0.16199999999999998,0.34,0.34,0.38,0.34,0.4199999999999999,0.4649999999999999,0.0,0.44,0.25,0.79,0.56,0.25,0.25,0.56,0.56,0.83,0.32,0.86,0.31,0.22,0.78,0.021,-0.0,-0.045
0.0,0.0,0.0,0.0,1.0,1.0,0.16199999999999998,0.16199999999999998,0.33,0.33,0.4,0.32,0.40499999999999986,0.4499999999999999,0.0,0.42,0.25,0.77,0.56,0.25,0.25,0.56,0.56,0.82,0.33,0.85,0.32,0.25,0.67,0.085,0.021,-0.02
0.0,0.0,0.0,0.0,1.0,1.0,0.16199999999999998,0.16199999999999998,0.32,0.32,0.42,0.31,0.4199999999999999,0.4649999999999999,0.0,0.4,0.25,0.76,0.56,0.25,0.25,0.56,0.56,0.83,0.32,0.86,0.31,0.28,0.57,0.111,0.032,-0.0
0.0,0.0,0.0,0.0,1.0,1.0,0.16199999999999998,0.16199999999999998,0.32,0.32,0.44,0.29,0.4349999999999999,0.4799999999999999,0.0,0.4,0.25,0.76,0.56,0.25,0.25,0.56,0.56,0.84,0.32,0.87,0.31,0.32,0.5,0.121,0.033,0.017
0.0,0.0,0.0,0.0,1.0,1.0,0.16199999999999998,0.16199999999999998,0.34,0.34,0.49,0.23,0.4649999999999999,0.49499999999999994,0.0,0.4,0.25,0.76,0.56,0.25,0.25,0.56,0.56,0.86,0.31,0.88,0.3,0.37,0.04,0.114,0.033,0.033
0.0,0.0,0.0,0.0,1.0,1.0,0.16199999999999998,0.16199999999999998,0.35,0.35,0.52,0.2,0.4799999999999999,0.51,0.0,0.42,0.25,0.78,0.56,0.25,0.25,0.56,0.56,0.87,0.31,0.89,0.3,0.39,0.0,0.093,0.027,0.073
0.0,0.0,0.0,0.0,1.0,1.0,0.16199999999999998,0.16199999999999998,0.36,0.36,0.61,0.12,0.4349999999999999,0.49499999999999994,0.0,0.42,0.25,0.78,0.56,0.25,0.25,0.56,0.56,0.84,0.32,0.88,0.3,0.38,0.0,0.076,0.026,0.1
0.0,0.0,0.0,0.0,1.0,1.0,0.16199999999999998,0.16199999999999998,0.37,0.37,0.57,0.16,0.4799999999999999,0.54,0.0,0.43,0.25,0.78,0.56,0.25,0.25,0.56,0.56,0.87,0.31,0.91,0.29,0.43,0.4,0.079,0.021,0.101
0.0,0.0,0.0,0.0,1.0,1.0,0.16199999999999998,0.16199999999999998,0.36,0.36,0.52,0.21,0.4649999999999999,0.54,0.0,0.43,0.25,0.79,0.56,0.25,0.25,0.56,0.56,0.86,0.31,0.91,0.29,0.47,0.5,0.088,0.007,0.066
0.0,0.0,0.0,0.0,1.0,1.0,0.16199999999999998,0.16199999999999998,0.36,0.36,0.5,0.22,0.4799999999999999,0.54,0.0,0.43,0.25,0.79,0.56,0.25,0.25,0.56,0.56,0.87,0.31,0.91,0.29,0.48,0.5,0.093,-0.008,0.012
0.0,0.0,0.0,0.0,1.0,1.0,0.16199999999999998,0.16199999999999998,0.37,0.37,0.47,0.26,0.51,0.5700000000000001,0.0,0.41,0.25,0.77,0.56,0.25,0.25,0.56,0.56,0.89,0.3,0.93,0.28,0.53,0.5,0.106,-0.024,-0.02
0.0,0.0,0.0,0.0,1.0,1.0,0.16199999999999998,0.16199999999999998,0.38,0.38,0.44,0.29,0.49499999999999994,0.5700000000000001,0.0,0.4,0.25,0.76,0.56,0.25,0.25,0.56,0.56,0.88,0.3,0.93,0.28,0.61,0.5,0.102,-0.037,-0.037
0.0,0.0,0.0,0.0,1.0,1.0,0.16199999999999998,0.16199999999999998,0.39,0.39,0.43,0.29,0.49499999999999994,0.5549999999999999,0.0,0.4,0.25,0.76,0.56,0.25,0.25,0.56,0.56,0.88,0.3,0.92,0.29,0.62,0.5,0.098,-0.044,-0.043
0.0,0.0,0.0,0.0,1.0,1.0,0.16199999999999998,0.16199999999999998,0.4,0.4,0.44,0.28,0.4799999999999999,0.54,0.0,0.39,0.25,0.76,0.56,0.25,0.25,0.56,0.56,0.87,0.31,0.91,0.29,0.62,0.5,0.095,-0.047,-0.039
0.0,0.0,0.0,0.0,1.0,1.0,0.16199999999999998,0.16199999999999998,0.41,0.41,0.43,0.29,0.4349999999999999,0.4799999999999999,0.0,0.39,0.25,0.76,0.56,0.25,0.25,0.56,0.56,0.84,0.32,0.87,0.31,0.65,0.5,0.087,-0.047,-0.038
0.0,0.0,0.0,0.0,1.0,1.0,0.16199999999999998,0.16199999999999998,0.42,0.42,0.42,0.3,0.4199999999999999,0.4649999999999999,0.0,0.39,0.25,0.76,0.56,0.25,0.25,0.56,0.56,0.83,0.33,0.86,0.31,0.65,0.5,0.078,-0.044,-0.043
0.0,0.0,0.0,0.0,1.0,1.0,0.16199999999999998,0.16199999999999998,0.37,0.37,0.33,0.39,0.4199999999999999,0.4349999999999999,0.0,0.39,0.25,0.76,0.56,0.25,0.25,0.56,0.56,0.83,0.33,0.84,0.32,0.61,0.5,0.062,-0.042,-0.034
0.0,0.0,0.0,0.0,1.0,1.0,0.16199999999999998,0.16199999999999998,0.38,0.38,0.34,0.38,0.29999999999999993,0.32999999999999996,0.0,0.44,0.25,0.79,0.56,0.25,0.25,0.56,0.56,0.75,0.36,0.77,0.35,0.29,1.0,0.076,-0.033,-0.036
0.0,0.0,0.0,0.0,1.0,1.0,0.16199999999999998,0.16199999999999998,0.38,0.38,0.34,0.38,0.2549999999999999,0.2849999999999999,0.0,0.45,0.25,0.8,0.56,0.25,0.25,0.56,0.56,0.72,0.37,0.74,0.37,0.21,1.0,0.054,-0.024,-0.037
0.0,0.0,0.0,0.0,1.0,1.0,0.16199999999999998,0.16199999999999998,0.41,0.41,0.36,0.36,0.22499999999999987,0.23999999999999988,0.0,0.44,0.25,0.79,0.56,0.25,0.25,0.56,0.56,0.7,0.39,0.71,0.38,0.21,1.0,0.051,-0.017,-0.043
0.0,0.0,0.0,0.0,1.0,1.0,0.16199999999999998,0.16199999999999998,0.41,0.41,0.36,0.36,0.195,0.20999999999999985,0.0,0.43,0.26,0.78,0.56,0.27,0.25,0.56,0.56,0.68,0.39,0.69,0.39,0.15,1.0,0.053,-0.023,-0.042
0.0,0.0,0.0,0.0,1.0,1.0,0.16199999999999998,0.16199999999999998,0.41,0.41,0.37,0.36,0.195,0.20999999999999985,0.0,0.41,0.255,0.77,0.56,0.26,0.25,0.56,0.56,0.68,0.39,0.69,0.39,0.15,1.0,0.053,-0.023,-0.04
0.0,0.0,0.0,0.0,1.0,1.0,0.16199999999999998,0.16199999999999998,0.41,0.41,0.38,0.35,0.11999999999999994,0.08999999999999991,0.0,0.45,0.45499999999999996,0.8,0.51,0.45999999999999996,0.45,0.51,0.51,0.63,0.42,0.61,0.42,0.11,0.99,0.061,-0.022,-0.041
0.0,0.0,0.0,0.0,1.0,1.0,0.16199999999999998,0.16199999999999998,0.41,0.41,0.38,0.34,0.0,0.0,0.0,0.4,0.715,0.76,0.39,0.72,0.71,0.39,0.39,0.48,0.6,0.46,0.62,0.08,0.6,0.071,-0.015,-0.03
0.0,0.0,0.0,0.0,1.0,1.0,0.16199999999999998,0.16199999999999998,0.42,0.42,0.38,0.34,0.0,0.0,0.0,0.39,0.7,0.75,0.4,0.7,0.7,0.4,0.4,0.51,0.52,0.5,0.55,0.08,0.58,0.068,-0.012,-0.033
0.0,0.0,0.0,0.0,1.0,1.0,0.16199999999999998,0.16199999999999998,0.42,0.42,0.38,0.34,0.20999999999999985,0.20999999999999985,0.0,0.46,0.28500000000000003,0.81,0.56,0.29,0.28,0.56,0.56,0.69,0.39,0.69,0.39,0.15,0.98,0.064,-0.009,-0.036
0.0,0.0,0.0,0.0,1.0,1.0,0.16199999999999998,0.16199999999999998,0.43,0.43,0.5,0.22,0.23999999999999988,0.23999999999999988,0.0,0.49,0.25,0.83,0.56,0.25,0.25,0.56,0.56,0.71,0.38,0.71,0.38,0.22,1.0,0.061,-0.01,-0.035
0.0,0.0,0.0,0.0,1.0,1.0,0.16199999999999998,0.16199999999999998,0.43,0.43,0.5,0.22,0.2849999999999999,0.2849999999999999,0.0,0.5,0.25,0.84,0.56,0.25,0.25,0.56,0.56,0.74,0.36,0.74,0.37,0.46,0.5,0.056,-0.01,-0.028
0.0,0.0,0.0,0.0,1.0,1.0,0.16199999999999998,0.16199999999999998,0.44,0.44,0.49,0.23,0.345,0.32999999999999996,0.0,0.48,0.25,0.82,0.56,0.25,0.25,0.56,0.56,0.78,0.35,0.77,0.35,0.53,0.5,0.049,-0.011,-0.035
0.0,0.0,0.0,0.0,1.0,1.0,0.16199999999999998,0.16199999999999998,0.44,0.44,0.48,0.25,0.345,0.36,0.0,0.45,0.25,0.8,0.56,0.25,0.25,0.56,0.56,0.78,0.35,0.79,0.34,0.6,0.5,0.052,-0.014,-0.036
0.0,0.0,0.0,0.0,1.0,1.0,0.16199999999999998,0.16199999999999998,0.45,0.45,0.46,0.26,0.375,0.40499999999999986,0.0,0.44,0.25,0.79,0.56,0.25,0.25,0.56,0.56,0.8,0.34,0.82,0.33,0.64,0.5,0.053,-0.014,-0.04
0.0,0.0,0.0,0.0,1.0,1.0,0.16199999999999998,0.16199999999999998,0.43,0.43,0.47,0.25,0.375,0.4199999999999999,0.0,0.43,0.25,0.79,0.56,0.25,0.25,0.56,0.56,0.8,0.34,0.83,0.33,0.65,0.5,0.051,-0.014,-0.035
0.0,0.0,0.0,0.0,1.0,1.0,0.16199999999999998,0.16199999999999998,0.42,0.42,0.46,0.26,0.39,0.4349999999999999,0.0,0.42,0.25,0.78,0.56,0.25,0.25,0.56,0.56,0.81,0.33,0.84,0.32,0.66,0.5,0.061,-0.016,-0.036
0.0,0.0,0.0,0.0,1.0,1.0,0.16199999999999998,0.16199999999999998,0.41,0.41,0.44,0.28,0.39,0.4349999999999999,0.0,0.4,0.25,0.76,0.56,0.25,0.25,0.56,0.56,0.81,0.33,0.84,0.32,0.65,0.5,0.074,-0.02,-0.037
0.0,0.0,0.0,0.0,1.0,1.0,0.33858136415481566,0.336760561466217,0.29,0.29,0.36,0.36,0.4199999999999999,0.4649999999999999,0.0,0.39,0.25,0.75,0.56,0.25,0.25,0.56,0.56,0.83,0.33,0.86,0.31,0.66,0.5,0.082,-0.024,-0.038
0.0,0.0,0.0,0.0,1.0,1.0,0.16199999999999998,0.16199999999999998,0.39,0.39,0.35,0.37,0.40499999999999986,0.4349999999999999,0.0,0.37,0.25,0.74,0.56,0.25,0.25,0.56,0.56,0.82,0.33,0.84,0.32,0.66,0.5,0.071,-0.023,-0.037
0.0,0.0,0.0,0.0,1.0,1.0,0.16199999999999998,0.16199999999999998,0.4,0.4,0.35,0.38,0.39,0.4199999999999999,0.0,0.37,0.25,0.74,0.56,0.25,0.25,0.56,0.56,0.81,0.33,0.83,0.32,0.67,0.5,0.065,-0.026,-0.039
0.0,0.0,0.0,0.0,1.0,1.0,0.16199999999999998,0.16199999999999998,0.4,0.4,0.34,0.38,0.39,0.40499999999999986,0.0,0.36,0.25,0.74,0.56,0.25,0.25,0.56,0.56,0.81,0.34,0.82,0.33,0.67,0.5,0.05,-0.032,-0.04
0.0,0.0,0.0,0.0,1.0,1.0,0.16199999999999998,0.16199999999999998,0.37,0.37,0.35,0.37,0.375,0.39,0.0,0.36,0.25,0.73,0.56,0.25,0.25,0.56,0.56,0.8,0.34,0.81,0.33,0.73,0.5,0.04,-0.031,-0.035
0.0,0.0,0.0,0.0,1.0,1.0,0.16199999999999998,0.16199999999999998,0.36,0.36,0.35,0.37,0.375,0.39,0.0,0.35,0.255,0.72,0.56,0.26,0.25,0.56,0.56,0.8,0.34,0.81,0.33,0.74,0.5,0.081,-0.019,-0.033
0.0,0.0,0.0,0.0,1.0,1.0,0.16199999999999998,0.16199999999999998,0.38,0.38,0.36,0.36,0.36,0.375,0.0,0.35,0.25,0.72,0.56,0.25,0.25,0.56,0.56,0.79,0.34,0.8,0.34,0.74,0.5,0.087,-0.015,-0.034
0.0,0.0,0.0,0.0,1.0,1.0,0.16199999999999998,0.16199999999999998,0.4,0.4,0.41,0.31,0.36,0.39,0.0,0.36,0.25,0.73,0.56,0.25,0.25,0.56,0.56,0.79,0.34,0.81,0.34,0.71,0.5,0.072,-0.012,-0.023
0.0,0.0,0.0,0.0,1.0,1.0,0.16199999999999998,0.16199999999999998,0.41,0.41,0.56,0.17,0.36,0.39,0.0,0.39,0.25,0.75,0.56,0.25,0.25,0.56,0.56,0.79,0.34,0.81,0.33,0.7,0.5,0.061,-0.003,-0.019
0.0,0.0,0.0,0.0,1.0,1.0,0.16199999999999998,0.16199999999999998,0.4,0.4,0.57,0.16,0.345,0.39,0.0,0.39,0.25,0.76,0.56,0.25,0.25,0.56,0.56,0.78,0.35,0.81,0.33,0.69,0.5,0.05,0.004,-0.018
0.0,0.0,0.0,0.0,1.0,1.0,0.16199999999999998,0.16199999999999998,0.41,0.41,0.52,0.21,0.345,0.4199999999999999,0.0,0.4,0.25,0.76,0.56,0.25,0.25,0.56,0.56,0.78,0.35,0.83,0.33,0.69,0.5,0.058,0.012,-0.012
0.0,0.0,0.0,0.0,1.0,1.0,0.16199999999999998,0.16199999999999998,0.42,0.42,0.55,0.18,0.36,0.4199999999999999,0.0,0.4,0.25,0.77,0.56,0.25,0.25,0.56,0.56,0.79,0.34,0.83,0.32,0.7,0.5,0.065,0.018,-0.004
0.0,0.0,0.0,0.0,1.0,1.0,0.16199999999999998,0.16199999999999998,0.4,0.4,0.45,0.27,0.39,0.4349999999999999,0.0,0.4,0.25,0.77,0.56,0.25,0.25,0.56,0.56,0.81,0.33,0.84,0.32,0.69,0.5,0.069,0.02,0.012
0.0,0.0,0.0,0.0,1.0,1.0,0.16199999999999998,0.16199999999999998,0.42,0.42,0.37,0.35,0.4499999999999999,0.4799999999999999,0.0,0.4,0.25,0.76,0.56,0.25,0.25,0.56,0.56,0.85,0.32,0.87,0.31,0.7,0.5,0.073,0.027,0.038
0.0,0.0,0.0,0.0,1.0,1.0,0.16199999999999998,0.16199999999999998,0.43,0.43,0.39,0.33,0.4349999999999999,0.4799999999999999,0.0,0.4,0.25,0.77,0.56,0.25,0.25,0.56,0.56,0.84,0.32,0.87,0.31,0.72,0.5,0.075,0.034,0.056
0.0,0.0,0.0,0.0,1.0,1.0,0.16199999999999998,0.16199999999999998,0.45,0.45,0.44,0.28,0.40499999999999986,0.4499999999999999,0.0,0.41,0.25,0.77,0.56,0.25,0.25,0.56,0.56,0.82,0.33,0.85,0.32,0.72,0.5,0.059,0.047,0.079
0.0,0.0,0.0,0.0,1.0,1.0,0.16199999999999998,0.16199999999999998,0.45,0.45,0.49,0.24,0.40499999999999986,0.4499999999999999,0.0,0.4,0.255,0.76,0.56,0.26,0.25,0.56,0.56,0.82,0.33,0.85,0.32,0.73,0.5,0.048,0.055,0.085
0.0,0.0,0.0,0.0,1.0,1.0,0.16199999999999998,0.16199999999999998,0.47,0.47,0.56,0.17,0.345,0.36,0.0,0.39,0.28,0.76,0.56,0.31,0.25,0.56,0.56,0.78,0.35,0.79,0.34,0.74,0.5,0.038,0.061,0.102
0.0,0.0,0.0,0.0,1.0,1.0,0.16199999999999998,0.16199999999999998,0.47,0.47,0.57,0.15,0.2849999999999999,0.2849999999999999,0.0,0.38,0.29500000000000004,0.75,0.56,0.32,0.27,0.56,0.56,0.74,0.37,0.74,0.36,0.76,0.5,0.04,0.072,0.131
0.0,0.0,0.0,0.0,1.0,1.0,0.16199999999999998,0.16199999999999998,0.48,0.48,0.57,0.15,0.29999999999999993,0.345,0.0,0.38,0.28500000000000003,0.75,0.56,0.31,0.26,0.56,0.56,0.75,0.36,0.78,0.35,0.76,0.5,0.039,0.076,0.141
0.0,0.0,0.0,0.0,1.0,1.0,0.16199999999999998,0.16199999999999998,0.49,0.49,0.55,0.17,0.345,0.40499999999999986,0.0,0.38,0.27,0.75,0.56,0.29,0.25,0.56,0.56,0.78,0.35,0.82,0.33,0.77,0.5,0.038,0.071,0.14
0.0,0.0,0.0,0.0,1.0,1.0,0.16199999999999998,0.16199999999999998,0.47,0.47,0.47,0.26,0.4199999999999999,0.49499999999999994,0.0,0.39,0.25,0.76,0.56,0.25,0.25,0.56,0.56,0.83,0.33,0.88,0.31,0.73,0.5,0.035,0.064,0.125
0.0,0.0,0.0,0.0,1.0,1.0,0.16199999999999998,0.16199999999999998,0.45,0.45,0.37,0.35,0.5249999999999999,0.5999999999999999,0.0,0.41,0.25,0.77,0.56,0.25,0.25,0.56,0.56,0.9,0.3,0.95,0.27,0.71,0.5,0.05,0.054,0.099
0.0,0.0,0.0,0.0,1.0,1.0,0.16199999999999998,0.16199999999999998,0.45,0.45,0.34,0.38,0.54,0.6299999999999999,0.0,0.4,0.25,0.76,0.56,0.25,0.25,0.56,0.56,0.91,0.29,0.97,0.26,0.69,0.5,0.082,0.038,0.053
0.0,0.0,0.0,0.0,1.0,1.0,0.16199999999999998,0.16199999999999998,0.38,0.38,0.39,0.33,0.5249999999999999,0.6149999999999999,0.0,0.4,0.25,0.76,0.56,0.25,0.25,0.56,0.56,0.9,0.3,0.96,0.27,0.65,0.5,0.073,0.021,0.03
0.0,0.0,0.0,0.0,1.0,1.0,0.16199999999999998,0.16199999999999998,0.36,0.36,0.37,0.35,0.51,0.5849999999999999,0.0,0.4,0.25,0.76,0.56,0.25,0.25,0.56,0.56,0.89,0.3,0.94,0.28,0.64,0.5,0.061,0.001,0.015
0.05,0.05,0.0,0.0,1.0,1.0,0.16199999999999998,0.16199999999999998,0.35,0.35,0.37,0.35,0.51,0.5849999999999999,0.0,0.4,0.25,0.76,0.56,0.25,0.25,0.56,0.56,0.89,0.3,0.94,0.28,0.64,0.5,0.051,-0.014,0.001
0.24,0.24,0.32,0.32,1.0,1.0,0.16199999999999998,0.16199999999999998,0.33,0.33,0.36,0.36,0.5249999999999999,0.5849999999999999,0.0,0.4,0.25,0.76,0.56,0.25,0.25,0.56,0.56,0.9,0.3,0.94,0.28,0.68,0.5,0.057,-0.016,-0.006
0.35,0.35,0.57,0.57,1.0,1.0,0.16199999999999998,0.16199999999999998,0.31,0.31,0.36,0.36,0.5249999999999999,0.5849999999999999,0.0,0.4,0.255,0.76,0.56,0.26,0.25,0.56,0.56,0.9,0.3,0.94,0.28,0.69,0.5,0.058,-0.024,-0.009
0.35,0.35,0.59,0.59,1.0,1.0,0.16199999999999998,0.16199999999999998,0.31,0.31,0.36,0.36,0.51,0.5700000000000001,0.0,0.4,0.26,0.76,0.56,0.27,0.25,0.56,0.56,0.89,0.3,0.93,0.28,0.7,0.5,0.066,-0.028,-0.014
0.36,0.36,0.6,0.6,1.0,1.0,0.16199999999999998,0.16199999999999998,0.31,0.31,0.36,0.37,0.49499999999999994,0.5549999999999999,0.0,0.4,0.26,0.76,0.56,0.27,0.25,0.56,0.56,0.88,0.3,0.92,0.29,0.7,0.5,0.071,-0.031,-0.017
0.35,0.35,0.57,0.57,1.0,1.0,0.16199999999999998,0.16199999999999998,0.31,0.31,0.35,0.37,0.49499999999999994,0.5549999999999999,0.0,0.4,0.26,0.76,0.56,0.27,0.25,0.56,0.56,0.88,0.3,0.92,0.29,0.71,0.5,0.071,-0.034,-0.016
0.17,0.17,0.15,0.15,1.0,1.0,0.16199999999999998,0.16199999999999998,0.38,0.38,0.49,0.24,0.49499999999999994,0.5549999999999999,0.0,0.4,0.25,0.76,0.56,0.25,0.25,0.56,0.56,0.88,0.3,0.92,0.29,0.71,0.5,0.071,-0.039,-0.019
0.15,0.15,0.11,0.11,1.0,1.0,0.16199999999999998,0.16199999999999998,0.38,0.38,0.47,0.25,0.4799999999999999,0.54,0.0,0.41,0.25,0.77,0.56,0.25,0.25,0.56,0.56,0.87,0.31,0.91,0.29,0.7,0.5,0.064,-0.048,-0.024
0.14,0.14,0.1,0.1,1.0,1.0,0.16199999999999998,0.16199999999999998,0.4,0.4,0.48,0.25,0.4649999999999999,0.5249999999999999,0.0,0.41,0.25,0.77,0.56,0.25,0.25,0.56,0.56,0.86,0.31,0.9,0.29,0.71,0.5,0.07,-0.055,-0.036
0.11,0.11,0.02,0.02,1.0,1.0,0.16199999999999998,0.16199999999999998,0.41,0.41,0.44,0.28,0.4499999999999999,0.51,0.0,0.4,0.25,0.77,0.56,0.25,0.25,0.56,0.56,0.85,0.32,0.89,0.3,0.71,0.5,0.079,-0.061,-0.034
0.07,0.07,0.0,0.0,1.0,1.0,0.16199999999999998,0.16199999999999998,0.39,0.39,0.35,0.37,0.4349999999999999,0.49499999999999994,0.0,0.4,0.25,0.76,0.56,0.25,0.25,0.56,0.56,0.84,0.32,0.88,0.3,0.71,0.5,0.086,-0.07,-0.041
0.0,0.0,0.0,0.0,1.0,1.0,0.16199999999999998,0.16199999999999998,0.38,0.38,0.29,0.43,0.4349999999999999,0.49499999999999994,0.0,0.4,0.25,0.76,0.56,0.25,0.25,0.56,0.56,0.84,0.32,0.88,0.3,0.68,0.5,0.08,-0.086,-0.044
0.0,0.0,0.0,0.0,1.0,1.0,0.16199999999999998,0.16199999999999998,0.39,0.39,0.3,0.42,0.4499999999999999,0.51,0.0,0.4,0.25,0.76,0.56,0.25,0.25,0.56,0.56,0.85,0.32,0.89,0.3,0.69,0.5,0.068,-0.101,-0.038
0.0,0.0,0.0,0.0,1.0,1.0,0.16199999999999998,0.16199999999999998,0.42,0.42,0.3,0.42,0.4499999999999999,0.51,0.0,0.41,0.25,0.77,0.56,0.25,0.25,0.56,0.56,0.85,0.32,0.89,0.3,0.68,0.5,0.068,-0.107,-0.037
0.0,0.0,0.0,0.0,1.0,1.0,0.16199999999999998,0.16199999999999998,0.45,0.45,0.34,0.38,0.4499999999999999,0.54,0.0,0.45,0.25,0.8,0.56,0.25,0.25,0.56,0.56,0.85,0.32,0.91,0.29,0.67,0.5,0.055,-0.11,-0.02
0.0,0.0,0.0,0.0,1.0,1.0,0.16199999999999998,0.16199999999999998,0.5,0.5,0.36,0.36,0.4799999999999999,0.5849999999999999,0.0,0.5,0.25,0.84,0.56,0.25,0.25,0.56,0.56,0.87,0.31,0.94,0.28,0.66,0.5,0.017,-0.101,-0.001
0.0,0.0,0.0,0.0,1.0,1.0,0.16199999999999998,0.16199999999999998,0.48,0.48,0.39,0.33,0.5549999999999999,0.6299999999999999,0.0,0.51,0.25,0.85,0.56,0.25,0.25,0.56,0.56,0.92,0.28,0.97,0.26,0.56,0.5,-0.042,-0.085,0.003
0.0,0.0,0.0,0.0,1.0,1.0,0.16199999999999998,0.16199999999999998,0.5,0.5,0.4,0.32,0.6599999999999999,0.72,0.0,0.5,0.25,0.84,0.56,0.25,0.25,0.56,0.56,0.99,0.25,1.03,0.24,0.53,0.5,-0.123,-0.061,0.01
0.0,0.0,0.0,0.0,1.0,1.0,0.16199999999999998,0.16199999999999998,0.48,0.48,0.42,0.3,0.5549999999999999,0.6149999999999999,0.0,0.5,0.25,0.84,0.56,0.25,0.25,0.56,0.56,0.92,0.29,0.96,0.27,0.45,0.5,-0.177,-0.045,0.005
0.0,0.0,0.0,0.0,1.0,1.0,0.16199999999999998,0.16199999999999998,0.47,0.47,0.44,0.28,0.5549999999999999,0.6149999999999999,0.0,0.51,0.25,0.84,0.56,0.25,0.25,0.56,0.56,0.92,0.28,0.96,0.27,0.45,0.5,-0.187,-0.03,0.004
0.56,0.56,1.0,1.0,0.97,0.97,0.16199999999999998,0.16199999999999998,0.51,0.51,0.47,0.26,0.5999999999999999,0.6599999999999999,0.0,0.5,0.25,0.84,0.56,0.25,0.25,0.56,0.56,0.95,0.27,0.99,0.26,0.53,0.5,-0.156,-0.013,0.01
0.0,0.0,0.0,0.0,1.0,1.0,0.16199999999999998,0.16199999999999998,0.5,0.5,0.49,0.24,0.5549999999999999,0.6299999999999999,0.0,0.5,0.25,0.84,0.56,0.25,0.25,0.56,0.56,0.92,0.28,0.97,0.27,0.45,0.5,-0.177,0.007,0.015
0.01,0.01,0.0,0.0,1.0,1.0,0.16199999999999998,0.16199999999999998,0.5,0.5,0.5,0.23,0.5999999999999999,0.6749999999999999,0.0,0.5,0.25,0.84,0.56,0.25,0.25,0.56,0.56,0.95,0.27,1.0,0.25,0.46,0.5,-0.197,0.028,0.024
0.04,0.04,0.0,0.0,1.0,1.0,0.16199999999999998,0.16199999999999998,0.49,0.49,0.5,0.22,0.6299999999999999,0.69,0.0,0.5,0.25,0.84,0.56,0.25,0.25,0.56,0.56,0.97,0.27,1.01,0.24,0.48,0.5,-0.182,0.042,0.016
0.02,0.02,0.0,0.0,1.0,1.0,0.16199999999999998,0.16199999999999998,0.49,0.49,0.5,0.22,0.6299999999999999,0.69,0.0,0.5,0.25,0.84,0.56,0.25,0.25,0.56,0.56,0.97,0.26,1.01,0.24,0.48,0.5,-0.179,0.047,0.025
0.0,0.0,0.0,0.0,1.0,1.0,0.16199999999999998,0.16199999999999998,0.48,0.48,0.49,0.24,0.5999999999999999,0.6599999999999999,0.0,0.51,0.25,0.84,0.56,0.25,0.25,0.56,0.56,0.95,0.27,0.99,0.25,0.45,0.5,-0.171,0.048,0.025
0.06,0.06,0.0,0.0,1.0,1.0,0.16199999999999998,0.16199999999999998,0.48,0.48,0.47,0.25,0.4349999999999999,0.4649999999999999,0.0,0.53,0.25,0.86,0.56,0.25,0.25,0.56,0.56,0.84,0.32,0.86,0.31,0.37,0.24,-0.173,0.048,0.015
0.06,0.06,0.0,0.0,1.0,1.0,0.16199999999999998,0.16199999999999998,0.44,0.44,0.43,0.29,0.36,0.40499999999999986,0.0,0.55,0.25,0.87,0.56,0.25,0.25,0.56,0.56,0.79,0.34,0.82,0.33,0.3,0.43,-0.173,0.041,0.007
0.06,0.06,0.0,0.0,1.0,1.0,0.16199999999999998,0.16199999999999998,0.41,0.41,0.4,0.32,0.36,0.36,0.0,0.5,0.25,0.84,0.56,0.25,0.25,0.56,0.56,0.79,0.34,0.79,0.34,0.31,0.81,-0.151,0.027,-0.006
0.02,0.02,0.0,0.0,1.0,1.0,0.16199999999999998,0.16199999999999998,0.48,0.48,0.36,0.36,0.22499999999999987,0.22499999999999987,0.0,0.5,0.25,0.84,0.56,0.25,0.25,0.56,0.56,0.7,0.38,0.7,0.38,0.21,0.91,-0.164,0.01,-0.006
0.05,0.05,0.0,0.0,1.0,1.0,0.16199999999999998,0.16199999999999998,0.49,0.49,0.34,0.38,0.23999999999999988,0.23999999999999988,0.25,0.41,0.505,0.77,0.56,0.51,0.5,0.56,0.56,0.71,0.38,0.71,0.38,0.12,0.59,-0.18,-0.016,-0.012
0.17,0.17,0.16,0.16,1.0,1.0,0.16199999999999998,0.16199999999999998,0.5,0.5,0.33,0.4,0.31499999999999995,0.2549999999999999,0.75,0.34,0.73,0.72,0.51,0.72,0.74,0.51,0.51,0.76,0.36,0.72,0.37,0.09,0.44,-0.19,-0.039,-0.026
0.18,0.18,0.19,0.19,1.0,1.0,0.16199999999999998,0.16199999999999998,0.5,0.5,0.32,0.4,0.2849999999999999,0.22499999999999987,0.75,0.32,0.865,0.7,0.39,0.86,0.87,0.39,0.39,0.74,0.37,0.7,0.38,0.06,0.4,-0.179,-0.046,-0.033
0.31,0.31,0.49,0.49,1.0,1.0,0.16199999999999998,0.16199999999999998,0.53,0.53,0.31,0.41,0.20999999999999985,0.18,1.0,0.3,0.92,0.69,0.37,0.92,0.92,0.37,0.37,0.69,0.39,0.67,0.4,0.05,0.39,-0.157,-0.05,-0.051
0.3,0.3,0.46,0.46,1.0,1.0,0.16199999999999998,0.16199999999999998,0.53,0.53,0.31,0.41,0.22499999999999987,0.18,1.0,0.29,0.93,0.68,0.38,0.93,0.93,0.38,0.38,0.7,0.38,0.67,0.4,0.05,0.4,-0.151,-0.061,-0.053
0.38,0.38,0.65,0.65,1.0,1.0,0.16199999999999998,0.16199999999999998,0.52,0.52,0.31,0.41,0.195,0.14999999999999997,1.0,0.3,0.935,0.68,0.37,0.93,0.94,0.37,0.37,0.68,0.39,0.65,0.4,0.06,0.4,-0.1,-0.066,-0.053
0.33,0.33,0.54,0.54,1.0,1.0,0.16199999999999998,0.16199999999999998,0.51,0.51,0.31,0.41,0.18,0.14999999999999997,1.0,0.29,0.95,0.68,0.34,0.95,0.95,0.34,0.34,0.67,0.4,0.65,0.4,0.06,0.42,-0.053,-0.064,-0.05
0.34,0.34,0.57,0.57,1.0,1.0,0.16199999999999998,0.16199999999999998,0.5,0.5,0.31,0.41,0.18,0.14999999999999997,1.0,0.28,0.95,0.67,0.34,0.95,0.95,0.34,0.34,0.67,0.4,0.65,0.4,0.05,0.44,-0.019,-0.062,-0.052
0.31,0.31,0.49,0.49,1.0,1.0,0.16199999999999998,0.16199999999999998,0.49,0.49,0.32,0.4,0.18,0.16499999999999998,1.0,0.28,0.95,0.67,0.34,0.95,0.95,0.34,0.34,0.67,0.39,0.66,0.4,0.05,0.46,0.009,-0.056,-0.056
0.32,0.32,0.52,0.52,1.0,1.0,0.16199999999999998,0.16199999999999998,0.46,0.46,0.35,0.37,0.195,0.16499999999999998,1.0,0.28,0.95,0.68,0.36,0.95,0.95,0.36,0.36,0.68,0.39,0.66,0.4,0.05,0.48,0.029,-0.05,-0.054
0.56,0.56,1.0,1.0,0.97,0.97,0.32341341257095335,0.3230356383323669,0.3,0.3,0.37,0.35,0.195,0.16499999999999998,1.0,0.31,0.915,0.69,0.38,0.91,0.92,0.38,0.38,0.68,0.39,0.66,0.4,0.05,0.47,0.038,-0.04,-0.046
0.57,0.57,1.0,1.0,0.96,0.96,0.1964948284626007,0.19611684560775755,0.33,0.32,0.4,0.33,0.195,0.14999999999999997,0.75,0.32,0.895,0.7,0.39,0.89,0.9,0.39,0.39,0.68,0.39,0.65,0.4,0.05,0.43,0.055,-0.025,-0.035
0.57,0.57,1.0,1.0,0.97,0.97,0.16199999999999998,0.16199999999999998,0.36,0.36,0.43,0.3,0.16499999999999998,0.13499999999999995,0.75,0.32,0.9,0.7,0.39,0.9,0.9,0.39,0.39,0.66,0.4,0.64,0.41,0.05,0.41,0.072,-0.009,-0.018
0.56,0.56,1.0,1.0,0.97,0.97,0.16199999999999998,0.16199999999999998,0.36,0.36,0.44,0.28,0.14999999999999997,0.11999999999999994,0.75,0.33,0.855,0.71,0.45,0.85,0.86,0.45,0.45,0.65,0.4,0.63,0.41,0.05,0.34,0.103,0.012,0.009
0.56,0.56,1.0,1.0,0.97,0.97,0.16199999999999998,0.16199999999999998,0.36,0.36,0.46,0.26,0.14999999999999997,0.11999999999999994,0.75,0.36,0.78,0.73,0.52,0.77,0.79,0.52,0.52,0.65,0.4,0.63,0.42,0.07,0.29,0.119,0.029,0.025
0.56,0.56,1.0,1.0,0.98,0.98,0.16199999999999998,0.16199999999999998,0.37,0.37,0.47,0.26,0.14999999999999997,0.11999999999999994,0.75,0.38,0.745,0.74,0.54,0.74,0.75,0.54,0.54,0.65,0.4,0.63,0.42,0.08,0.25,0.116,0.04,0.034
0.56,0.56,1.0,1.0,0.97,0.97,0.2240025359392166,0.22379391968250273,0.3,0.3,0.45,0.27,0.20999999999999985,0.16499999999999998,0.75,0.46,0.6,0.81,0.56,0.6,0.6,0.56,0.56,0.69,0.39,0.66,0.4,0.09,0.14,0.101,0.048,0.042
0.56,0.56,1.0,1.0,0.97,0.97,0.16199999999999998,0.16199999999999998,0.4,0.4,0.41,0.31,0.16499999999999998,0.13499999999999995,0.75,0.5,0.525,0.83,0.56,0.53,0.52,0.56,0.56,0.66,0.4,0.64,0.41,0.1,0.13,0.081,0.049,0.04
0.56,0.56,1.0,1.0,0.98,0.98,0.16199999999999998,0.16199999999999998,0.41,0.41,0.37,0.35,0.16499999999999998,0.16499999999999998,0.75,0.48,0.535,0.82,0.56,0.54,0.53,0.56,0.56,0.66,0.4,0.66,0.4,0.1,0.16,0.046,0.046,-0.003
0.0,0.0,0.0,0.0,1.0,1.0,0.16199999999999998,0.16199999999999998,0.41,0.41,0.34,0.39,0.22499999999999987,0.23999999999999988,0.25,0.5,0.25,0.84,0.56,0.25,0.25,0.56,0.56,0.7,0.38,0.71,0.38,0.13,0.38,0.017,0.035,-0.039
0.0,0.0,0.0,0.0,1.0,1.0,0.16199999999999998,0.16199999999999998,0.41,0.41,0.31,0.41,0.31499999999999995,0.345,0.0,0.5,0.25,0.83,0.56,0.25,0.25,0.56,0.56,0.76,0.36,0.78,0.35,0.16,0.87,0.013,0.027,-0.06
0.0,0.0,0.0,0.0,1.0,1.0,0.16199999999999998,0.16199999999999998,0.4,0.4,0.3,0.42,0.36,0.40499999999999986,0.0,0.48,0.25,0.82,0.56,0.25,0.25,0.56,0.56,0.79,0.34,0.82,0.33,0.21,0.99,0.01,0.018,-0.082
0.0,0.0,0.0,0.0,1.0,1.0,0.16199999999999998,0.16199999999999998,0.39,0.39,0.3,0.42,0.4349999999999999,0.49499999999999994,0.0,0.46,0.25,0.81,0.56,0.25,0.25,0.56,0.56,0.84,0.32,0.88,0.3,0.27,1.0,0.017,0.011,-0.085
0.0,0.0,0.0,0.0,1.0,1.0,0.16199999999999998,0.16199999999999998,0.39,0.39,0.3,0.42,0.49499999999999994,0.5549999999999999,0.0,0.45,0.25,0.8,0.56,0.25,0.25,0.56,0.56,0.88,0.3,0.92,0.29,0.28,1.0,0.03,0.005,-0.083
0.0,0.0,0.0,0.0,1.0,1.0,0.16199999999999998,0.16199999999999998,0.39,0.39,0.3,0.42,0.49499999999999994,0.5549999999999999,0.0,0.45,0.25,0.8,0.56,0.25,0.25,0.56,0.56,0.88,0.3,0.92,0.29,0.3,1.0,0.03,-0.007,-0.075
0.0,0.0,0.0,0.0,1.0,1.0,0.16199999999999998,0.16199999999999998,0.39,0.39,0.31,0.41,0.5249999999999999,0.5849999999999999,0.0,0.44,0.25,0.79,0.56,0.25,0.25,0.56,0.56,0.9,0.3,0.94,0.28,0.34,1.0,0.035,-0.017,-0.069
0.0,0.0,0.0,0.0,1.0,1.0,0.16199999999999998,0.16199999999999998,0.39,0.39,0.32,0.4,0.54,0.5999999999999999,0.0,0.45,0.25,0.8,0.56,0.25,0.25,0.56,0.56,0.91,0.29,0.95,0.27,0.36,0.92,0.024,-0.024,-0.059
0.0,0.0,0.0,0.0,1.0,1.0,0.16199999999999998,0.16199999999999998,0.43,0.43,0.45,0.27,0.4199999999999999,0.4799999999999999,0.0,0.5,0.25,0.83,0.56,0.25,0.25,0.56,0.56,0.83,0.32,0.87,0.31,0.34,0.74,0.031,-0.02,-0.051
0.0,0.0,0.0,0.0,1.0,1.0,0.16199999999999998,0.16199999999999998,0.43,0.43,0.44,0.28,0.40499999999999986,0.4349999999999999,0.0,0.52,0.25,0.85,0.56,0.25,0.25,0.56,0.56,0.82,0.33,0.84,0.32,0.26,0.68,0.021,-0.016,-0.042
0.0,0.0,0.0,0.0,1.0,1.0,0.16199999999999998,0.16199999999999998,0.42,0.42,0.44,0.28,0.39,0.4199999999999999,0.0,0.52,0.25,0.85,0.56,0.25,0.25,0.56,0.56,0.81,0.33,0.83,0.33,0.2,0.62,0.009,-0.014,-0.037
0.0,0.0,0.0,0.0,1.0,1.0,0.16199999999999998,0.16199999999999998,0.43,0.43,0.44,0.29,0.4199999999999999,0.4499999999999999,0.0,0.47,0.25,0.82,0.56,0.25,0.25,0.56,0.56,0.83,0.33,0.85,0.32,0.16,0.56,0.001,-0.007,-0.036
0.0,0.0,0.0,0.0,1.0,1.0,0.16199999999999998,0.16199999999999998,0.43,0.43,0.45,0.28,0.4349999999999999,0.4649999999999999,0.0,0.44,0.25,0.8,0.56,0.25,0.25,0.56,0.56,0.84,0.32,0.86,0.31,0.16,0.52,-0.01,-0.005,-0.04
0.0,0.0,0.0,0.0,1.0,1.0,0.16199999999999998,0.16199999999999998,0.43,0.43,0.49,0.23,0.39,0.40499999999999986,0.25,0.44,0.25,0.79,0.56,0.25,0.25,0.56,0.56,0.81,0.33,0.82,0.33,0.15,0.64,-0.016,0.001,-0.041
0.0,0.0,0.0,0.0,1.0,1.0,0.16199999999999998,0.16199999999999998,0.45,0.45,0.57,0.15,0.0,0.0,0.0,0.4,0.8,0.76,0.32,0.82,0.78,0.32,0.32,0.47,0.61,0.48,0.58,0.06,0.47,-0.017,0.003,-0.042
0.0,0.0,0.0,0.0,1.0,1.0,0.16199999999999998,0.16199999999999998,0.47,0.47,0.59,0.14,0.02999999999999986,0.04499999999999987,0.25,0.38,0.73,0.75,0.37,0.74,0.72,0.37,0.37,0.57,0.44,0.58,0.44,0.06,0.53,-0.025,-0.002,-0.039
0.0,0.0,0.0,0.0,1.0,1.0,0.16199999999999998,0.16199999999999998,0.46,0.46,0.54,0.18,0.22499999999999987,0.23999999999999988,0.25,0.49,0.3,0.83,0.56,0.31,0.29,0.56,0.56,0.7,0.38,0.71,0.38,0.16,0.99,-0.012,-0.0,-0.045
0.0,0.0,0.0,0.0,1.0,1.0,0.16199999999999998,0.16199999999999998,0.46,0.46,0.53,0.19,0.2549999999999999,0.2699999999999999,0.25,0.49,0.26,0.83,0.56,0.27,0.25,0.56,0.56,0.72,0.38,0.73,0.37,0.17,0.97,-0.03,-0.007,-0.053
0.0,0.0,0.0,0.0,1.0,1.0,0.16199999999999998,0.16199999999999998,0.46,0.46,0.52,0.2,0.2549999999999999,0.2849999999999999,0.25,0.49,0.25,0.83,0.56,0.25,0.25,0.56,0.56,0.72,0.37,0.74,0.37,0.19,1.0,-0.027,-0.008,-0.052
0.0,0.0,0.0,0.0,1.0,1.0,0.16199999999999998,0.16199999999999998,0.46,0.46,0.51,0.22,0.2699999999999999,0.31499999999999995,0.0,0.49,0.25,0.83,0.56,0.25,0.25,0.56,0.56,0.73,0.37,0.76,0.36,0.21,1.0,-0.026,-0.012,-0.053
0.0,0.0,0.0,0.0,1.0,1.0,0.16199999999999998,0.16199999999999998,0.47,0.47,0.48,0.25,0.2849999999999999,0.31499999999999995,0.0,0.5,0.25,0.84,0.56,0.25,0.25,0.56,0.56,0.74,0.37,0.76,0.36,0.29,1.0,-0.013,-0.02,-0.055
0.0,0.0,0.0,0.0,1.0,1.0,0.6074572014808655,0.5874340939521789,0.28,0.28,0.32,0.4,0.36,0.39,0.0,0.47,0.25,0.81,0.56,0.25,0.25,0.56,0.56,0.79,0.34,0.81,0.34,0.42,1.0,-0.013,-0.031,-0.061
0.0,0.0,0.0,0.0,1.0,1.0,0.16199999999999998,0.16199999999999998,0.38,0.38,0.31,0.41,0.4199999999999999,0.4649999999999999,0.0,0.45,0.25,0.8,0.56,0.25,0.25,0.56,0.56,0.83,0.32,0.86,0.31,0.5,0.5,-0.004,-0.038,-0.066
0.0,0.0,0.0,0.0,1.0,1.0,0.16199999999999998,0.16199999999999998,0.42,0.42,0.3,0.42,0.4349999999999999,0.4649999999999999,0.0,0.42,0.25,0.78,0.56,0.25,0.25,0.56,0.56,0.84,0.32,0.86,0.31,0.55,0.5,0.015,-0.037,-0.064
0.0,0.0,0.0,0.0,1.0,1.0,0.16199999999999998,0.16199999999999998,0.42,0.42,0.3,0.42,0.4349999999999999,0.4799999999999999,0.0,0.42,0.25,0.78,0.56,0.25,0.25,0.56,0.56,0.84,0.32,0.87,0.31,0.52,0.5,0.017,-0.039,-0.069
0.0,0.0,0.0,0.0,1.0,1.0,0.16199999999999998,0.16199999999999998,0.42,0.42,0.3,0.42,0.4349999999999999,0.4799999999999999,0.0,0.43,0.25,0.79,0.56,0.25,0.25,0.56,0.56,0.84,0.32,0.87,0.31,0.44,0.89,0.009,-0.044,-0.07
0.0,0.0,0.0,0.0,1.0,1.0,0.16199999999999998,0.16199999999999998,0.42,0.42,0.34,0.38,0.39,0.4349999999999999,0.0,0.46,0.25,0.81,0.56,0.25,0.25,0.56,0.56,0.81,0.34,0.84,0.32,0.33,0.71,-0.01,-0.045,-0.068
0.0,0.0,0.0,0.0,1.0,1.0,0.16199999999999998,0.16199999999999998,0.42,0.42,0.38,0.34,0.375,0.40499999999999986,0.0,0.49,0.25,0.83,0.56,0.25,0.25,0.56,0.56,0.8,0.34,0.82,0.33,0.3,0.62,-0.03,-0.036,-0.059
0.0,0.0,0.0,0.0,1.0,1.0,0.16199999999999998,0.16199999999999998,0.42,0.42,0.42,0.3,0.32999999999999996,0.375,0.0,0.49,0.25,0.83,0.56,0.25,0.25,0.56,0.56,0.77,0.35,0.8,0.34,0.22,0.27,-0.032,-0.012,-0.031
0.0,0.0,0.0,0.0,1.0,1.0,0.16199999999999998,0.16199999999999998,0.42,0.42,0.48,0.24,0.345,0.39,0.0,0.49,0.25,0.83,0.56,0.25,0.25,0.56,0.56,0.78,0.35,0.81,0.33,0.22,0.04,-0.044,0.016,-0.005
0.0,0.0,0.0,0.0,1.0,1.0,0.16199999999999998,0.16199999999999998,0.42,0.42,0.5,0.22,0.36,0.40499999999999986,0.0,0.5,0.25,0.84,0.56,0.25,0.25,0.56,0.56,0.79,0.34,0.82,0.33,0.28,0.0,-0.048,0.03,0.019
0.0,0.0,0.0,0.0,1.0,1.0,0.16199999999999998,0.16199999999999998,0.42,0.42,0.51,0.22,0.36,0.40499999999999986,0.0,0.51,0.25,0.85,0.56,0.25,0.25,0.56,0.56,0.79,0.34,0.82,0.33,0.32,0.04,-0.037,0.046,0.054
0.0,0.0,0.0,0.0,1.0,1.0,0.16199999999999998,0.16199999999999998,0.42,0.42,0.5,0.22,0.345,0.40499999999999986,0.0,0.52,0.25,0.85,0.56,0.25,0.25,0.56,0.56,0.78,0.35,0.82,0.33,0.32,0.16,-0.017,0.053,0.062
0.0,0.0,0.0,0.0,1.0,1.0,0.16199999999999998,0.16199999999999998,0.42,0.42,0.49,0.24,0.32999999999999996,0.40499999999999986,0.0,0.52,0.25,0.85,0.56,0.25,0.25,0.56,0.56,0.77,0.35,0.82,0.33,0.32,0.32,0.001,0.06,0.059
0.0,0.0,0.0,0.0,1.0,1.0,0.16199999999999998,0.16199999999999998,0.45,0.45,0.57,0.15,0.32999999999999996,0.40499999999999986,0.0,0.53,0.25,0.86,0.56,0.25,0.25,0.56,0.56,0.77,0.35,0.82,0.33,0.32,0.65,0.003,0.062,0.043
0.0,0.0,0.0,0.0,1.0,1.0,0.16199999999999998,0.16199999999999998,0.44,0.44,0.51,0.21,0.32999999999999996,0.40499999999999986,0.0,0.57,0.25,0.89,0.56,0.25,0.25,0.56,0.56,0.77,0.35,0.82,0.33,0.31,0.85,-0.001,0.061,0.027
0.0,0.0,0.0,0.0,1.0,1.0,0.16199999999999998,0.16199999999999998,0.44,0.44,0.49,0.23,0.2849999999999999,0.375,0.0,0.59,0.25,0.91,0.56,0.25,0.25,0.56,0.56,0.74,0.37,0.8,0.34,0.33,1.0,-0.015,0.053,0.016
0.0,0.0,0.0,0.0,1.0,1.0,0.16199999999999998,0.16199999999999998,0.44,0.44,0.5,0.23,0.2699999999999999,0.345,0.0,0.6,0.25,0.91,0.56,0.25,0.25,0.56,0.56,0.73,0.37,0.78,0.35,0.33,1.0,-0.001,0.039,-0.019
0.0,0.0,0.0,0.0,1.0,1.0,0.16199999999999998,0.16199999999999998,0.44,0.44,0.46,0.26,0.2849999999999999,0.345,0.0,0.6,0.25,0.91,0.56,0.25,0.25,0.56,0.56,0.74,0.37,0.78,0.35,0.33,1.0,-0.028,0.025,-0.046
0.0,0.0,0.0,0.0,1.0,1.0,0.16199999999999998,0.16199999999999998,0.44,0.44,0.44,0.28,0.29999999999999993,0.345,0.0,0.57,0.25,0.89,0.56,0.25,0.25,0.56,0.56,0.75,0.36,0.78,0.35,0.35,1.0,-0.015,0.011,-0.065
0.0,0.0,0.0,0.0,1.0,1.0,0.16199999999999998,0.16199999999999998,0.44,0.44,0.45,0.27,0.31499999999999995,0.345,0.0,0.55,0.25,0.87,0.56,0.25,0.25,0.56,0.56,0.76,0.36,0.78,0.35,0.35,0.96,-0.002,-0.001,-0.08
0.0,0.0,0.0,0.0,1.0,1.0,0.16199999999999998,0.16199999999999998,0.44,0.44,0.44,0.28,0.31499999999999995,0.32999999999999996,0.0,0.55,0.25,0.87,0.56,0.25,0.25,0.56,0.56,0.76,0.35,0.77,0.35,0.34,0.96,-0.007,-0.012,-0.093
0.0,0.0,0.0,0.0,1.0,1.0,0.2905681836605072,0.2844007420539856,0.35,0.35,0.28,0.45,0.375,0.375,0.0,0.54,0.25,0.87,0.56,0.25,0.25,0.56,0.56,0.8,0.34,0.8,0.34,0.36,0.93,0.009,-0.025,-0.1
0.0,0.0,0.0,0.0,1.0,1.0,0.16199999999999998,0.16199999999999998,0.41,0.41,0.32,0.4,0.39,0.375,0.0,0.51,0.25,0.84,0.56,0.25,0.25,0.56,0.56,0.81,0.33,0.8,0.34,0.36,0.77,0.01,-0.04,-0.113
0.0,0.0,0.0,0.0,1.0,1.0,0.16199999999999998,0.16199999999999998,0.45,0.45,0.37,0.35,0.32999999999999996,0.29999999999999993,0.0,0.51,0.25,0.84,0.56,0.25,0.25,0.56,0.56,0.77,0.35,0.75,0.36,0.34,0.72,0.01,-0.048,-0.13
0.0,0.0,0.0,0.0,1.0,1.0,0.7296423721313476,0.6634266185760498,0.29,0.29,0.21,0.52,0.39,0.375,0.0,0.49,0.25,0.83,0.56,0.25,0.25,0.56,0.56,0.81,0.34,0.8,0.34,0.35,1.0,0.021,-0.056,-0.137
0.0,0.0,0.0,0.0,1.0,1.0,0.16199999999999998,0.16199999999999998,0.36,0.36,0.17,0.56,0.345,0.31499999999999995,0.0,0.49,0.25,0.83,0.56,0.25,0.25,0.56,0.56,0.78,0.35,0.76,0.36,0.32,0.75,0.027,-0.061,-0.143
0.0,0.0,0.0,0.0,1.0,1.0,0.16199999999999998,0.16199999999999998,0.37,0.37,0.17,0.55,0.31499999999999995,0.29999999999999993,0.0,0.49,0.25,0.83,0.56,0.25,0.25,0.56,0.56,0.76,0.36,0.75,0.36,0.31,0.75,0.04,-0.06,-0.151
0.0,0.0,0.0,0.0,1.0,1.0,0.16199999999999998,0.16199999999999998,0.38,0.38,0.16,0.57,0.2699999999999999,0.2849999999999999,0.0,0.49,0.25,0.83,0.56,0.25,0.25,0.56,0.56,0.73,0.37,0.74,0.37,0.26,0.93,0.049,-0.061,-0.152
0.0,0.0,0.0,0.0,1.0,1.0,0.16199999999999998,0.16199999999999998,0.39,0.39,0.05,0.68,0.23999999999999988,0.2549999999999999,0.0,0.49,0.25,0.83,0.56,0.25,0.25,0.56,0.56,0.71,0.38,0.72,0.37,0.23,1.0,0.037,-0.065,-0.143
0.0,0.0,0.0,0.0,1.0,1.0,0.16199999999999998,0.16199999999999998,0.41,0.41,0.08,0.65,0.23999999999999988,0.2699999999999999,0.0,0.49,0.25,0.83,0.56,0.25,0.25,0.56,0.56,0.71,0.38,0.73,0.37,0.24,1.0,0.039,-0.066,-0.124
0.0,0.0,0.0,0.0,1.0,1.0,0.16199999999999998,0.16199999999999998,0.38,0.38,0.17,0.56,0.2699999999999999,0.31499999999999995,0.0,0.49,0.25,0.83,0.56,0.25,0.25,0.56,0.56,0.73,0.37,0.76,0.36,0.24,1.0,0.024,-0.063,-0.102
0.56,0.56,1.0,1.0,0.97,0.97,0.8658675360679626,0.8648555088043213,0.33,0.33,0.3,0.43,0.31499999999999995,0.375,0.0,0.49,0.25,0.83,0.56,0.25,0.25,0.56,0.56,0.76,0.36,0.8,0.34,0.24,1.0,0.011,-0.061,-0.077
0.56,0.56,1.0,1.0,0.98,0.98,0.16199999999999998,0.16199999999999998,0.37,0.37,0.29,0.43,0.31499999999999995,0.32999999999999996,0.0,0.53,0.25,0.86,0.56,0.25,0.25,0.56,0.56,0.76,0.36,0.77,0.35,0.22,1.0,-0.019,-0.06,-0.061
0.0,0.0,0.0,0.0,1.0,1.0,0.16199999999999998,0.16199999999999998,0.4,0.4,0.31,0.41,0.29999999999999993,0.31499999999999995,0.0,0.52,0.25,0.86,0.56,0.25,0.25,0.56,0.56,0.75,0.36,0.76,0.36,0.21,0.85,-0.017,-0.052,-0.057
0.0,0.0,0.0,0.0,1.0,1.0,0.16199999999999998,0.16199999999999998,0.4,0.4,0.31,0.41,0.29999999999999993,0.31499999999999995,0.0,0.52,0.25,0.85,0.56,0.25,0.25,0.56,0.56,0.75,0.36,0.76,0.36,0.25,0.68,-0.001,-0.047,-0.056
0.0,0.0,0.0,0.0,1.0,1.0,0.16199999999999998,0.16199999999999998,0.39,0.39,0.32,0.41,0.31499999999999995,0.31499999999999995,0.0,0.52,0.25,0.85,0.56,0.25,0.25,0.56,0.56,0.76,0.36,0.76,0.36,0.28,0.54,0.021,-0.038,-0.053
0.0,0.0,0.0,0.0,1.0,1.0,0.16199999999999998,0.16199999999999998,0.4,0.4,0.32,0.4,0.32999999999999996,0.345,0.0,0.52,0.25,0.85,0.56,0.25,0.25,0.56,0.56,0.77,0.35,0.78,0.35,0.3,0.48,0.036,-0.037,-0.056
0.0,0.0,0.0,0.0,1.0,1.0,0.16199999999999998,0.16199999999999998,0.42,0.42,0.33,0.39,0.36,0.36,0.0,0.52,0.25,0.85,0.56,0.25,0.25,0.56,0.56,0.79,0.35,0.79,0.34,0.36,0.4,0.034,-0.035,-0.053
0.0,0.0,0.0,0.0,1.0,1.0,0.16199999999999998,0.16199999999999998,0.45,0.45,0.32,0.4,0.39,0.40499999999999986,0.0,0.49,0.25,0.83,0.56,0.25,0.25,0.56,0.56,0.81,0.34,0.82,0.33,0.47,0.5,0.03,-0.035,-0.049
0.0,0.0,0.0,0.0,1.0,1.0,0.16199999999999998,0.16199999999999998,0.46,0.46,0.32,0.4,0.375,0.39,0.25,0.46,0.25,0.81,0.56,0.25,0.25,0.56,0.56,0.8,0.34,0.81,0.33,0.57,0.5,0.018,-0.036,-0.054
0.02,0.02,0.0,0.0,1.0,1.0,0.16199999999999998,0.16199999999999998,0.47,0.47,0.32,0.4,0.345,0.375,0.25,0.44,0.25,0.8,0.56,0.25,0.25,0.56,0.56,0.78,0.35,0.8,0.34,0.61,0.5,0.001,-0.036,-0.054
0.02,0.02,0.0,0.0,1.0,1.0,0.16199999999999998,0.16199999999999998,0.48,0.48,0.33,0.4,0.31499999999999995,0.36,0.25,0.44,0.25,0.79,0.56,0.25,0.25,0.56,0.56,0.76,0.35,0.79,0.34,0.62,0.5,-0.009,-0.034,-0.053
0.05,0.05,0.0,0.0,1.0,1.0,0.16199999999999998,0.16199999999999998,0.48,0.48,0.34,0.38,0.31499999999999995,0.36,0.25,0.43,0.28,0.79,0.56,0.29,0.27,0.56,0.56,0.76,0.35,0.79,0.35,0.66,0.5,-0.015,-0.028,-0.054
0.04,0.04,0.0,0.0,1.0,1.0,0.16199999999999998,0.16199999999999998,0.49,0.49,0.35,0.37,0.2849999999999999,0.345,0.25,0.45,0.255,0.8,0.56,0.26,0.25,0.56,0.56,0.74,0.36,0.78,0.35,0.64,0.5,-0.021,-0.013,-0.051
0.03,0.03,0.0,0.0,1.0,1.0,0.16199999999999998,0.16199999999999998,0.51,0.51,0.35,0.37,0.29999999999999993,0.345,0.25,0.45,0.26,0.8,0.56,0.27,0.25,0.56,0.56,0.75,0.36,0.78,0.35,0.63,0.5,-0.047,-0.009,-0.057
0.05,0.05,0.0,0.0,1.0,1.0,0.16199999999999998,0.16199999999999998,0.47,0.47,0.36,0.36,0.29999999999999993,0.36,0.0,0.48,0.25,0.82,0.56,0.25,0.25,0.56,0.56,0.75,0.36,0.79,0.35,0.61,0.5,-0.078,-0.005,-0.057
0.07,0.07,0.0,0.0,1.0,1.0,0.16199999999999998,0.16199999999999998,0.48,0.48,0.36,0.36,0.375,0.4199999999999999,0.0,0.5,0.25,0.84,0.56,0.25,0.25,0.56,0.56,0.8,0.34,0.83,0.32,0.6,0.5,-0.094,-0.001,-0.048
0.04,0.04,0.0,0.0,1.0,1.0,0.16199999999999998,0.16199999999999998,0.51,0.51,0.38,0.34,0.39,0.4499999999999999,0.0,0.51,0.25,0.85,0.56,0.25,0.25,0.56,0.56,0.81,0.33,0.85,0.32,0.58,0.5,-0.126,0.005,-0.043
0.01,0.01,0.0,0.0,1.0,1.0,0.16199999999999998,0.16199999999999998,0.52,0.52,0.4,0.32,0.4349999999999999,0.51,0.0,0.5,0.25,0.84,0.56,0.25,0.25,0.56,0.56,0.84,0.32,0.89,0.3,0.53,0.5,-0.164,0.014,-0.037
0.01,0.01,0.0,0.0,1.0,1.0,0.16199999999999998,0.16199999999999998,0.52,0.52,0.4,0.32,0.4499999999999999,0.51,0.0,0.51,0.25,0.84,0.56,0.25,0.25,0.56,0.56,0.85,0.32,0.89,0.3,0.46,0.5,-0.2,0.023,-0.031
0.0,0.0,0.0,0.0,1.0,1.0,0.16199999999999998,0.16199999999999998,0.53,0.53,0.41,0.31,0.40499999999999986,0.4649999999999999,0.0,0.52,0.25,0.85,0.56,0.25,0.25,0.56,0.56,0.82,0.33,0.86,0.31,0.36,0.62,-0.211,0.03,-0.029
0.0,0.0,0.0,0.0,1.0,1.0,0.16199999999999998,0.16199999999999998,0.53,0.53,0.42,0.3,0.36,0.4349999999999999,0.0,0.54,0.25,0.87,0.56,0.25,0.25,0.56,0.56,0.79,0.34,0.84,0.32,0.35,0.68,-0.233,0.031,-0.03
0.03,0.03,0.0,0.0,1.0,1.0,0.16199999999999998,0.16199999999999998,0.53,0.53,0.41,0.31,0.32999999999999996,0.40499999999999986,0.0,0.56,0.25,0.88,0.56,0.25,0.25,0.56,0.56,0.77,0.35,0.82,0.33,0.37,0.7,-0.241,0.03,-0.027
0.01,0.01,0.0,0.0,1.0,1.0,0.16199999999999998,0.16199999999999998,0.56,0.56,0.42,0.3,0.23999999999999988,0.31499999999999995,0.0,0.59,0.25,0.9,0.56,0.25,0.25,0.56,0.56,0.71,0.38,0.76,0.36,0.37,0.72,-0.23,0.025,-0.021
0.03,0.03,0.0,0.0,1.0,1.0,0.16199999999999998,0.16199999999999998,0.55,0.55,0.45,0.27,0.0,0.0,0.0,0.61,0.25,0.92,0.56,0.25,0.25,0.56,0.56,0.38,0.7,0.38,0.7,0.37,0.58,-0.2,0.025,-0.005
0.02,0.02,0.0,0.0,1.0,1.0,0.16199999999999998,0.16199999999999998,0.53,0.53,0.47,0.25,0.0,0.0,0.0,0.61,0.25,0.92,0.56,0.25,0.25,0.56,0.56,0.38,0.7,0.38,0.7,0.38,0.54,-0.176,0.028,0.014
0.07,0.07,0.0,0.0,1.0,1.0,0.16199999999999998,0.16199999999999998,0.53,0.53,0.49,0.24,0.0,0.0,0.0,0.61,0.25,0.92,0.56,0.25,0.25,0.56,0.56,0.38,0.7,0.38,0.7,0.4,0.46,-0.149,0.033,0.04
0.07,0.07,0.0,0.0,1.0,1.0,0.16199999999999998,0.16199999999999998,0.52,0.52,0.49,0.23,0.20999999999999985,0.2699999999999999,0.0,0.6,0.25,0.91,0.56,0.25,0.25,0.56,0.56,0.69,0.39,0.73,0.37,0.41,0.36,-0.149,0.036,0.05
0.12,0.12,0.05,0.05,1.0,1.0,0.5593938636779785,0.5296999025344848,0.29,0.29,0.43,0.29,0.345,0.4199999999999999,0.0,0.53,0.25,0.86,0.56,0.25,0.25,0.56,0.56,0.78,0.35,0.83,0.33,0.4,0.39,-0.136,0.038,0.058
0.07,0.07,0.0,0.0,1.0,1.0,0.16199999999999998,0.16199999999999998,0.43,0.43,0.41,0.31,0.2699999999999999,0.345,0.0,0.59,0.25,0.9,0.56,0.25,0.25,0.56,0.56,0.73,0.37,0.78,0.35,0.35,0.29,-0.119,0.036,0.041
0.0,0.0,0.0,0.0,1.0,1.0,0.16199999999999998,0.16199999999999998,0.45,0.45,0.34,0.38,0.22499999999999987,0.2849999999999999,0.0,0.6,0.25,0.91,0.56,0.25,0.25,0.56,0.56,0.7,0.38,0.74,0.37,0.34,0.49,-0.108,0.037,0.015
0.0,0.0,0.0,0.0,1.0,1.0,0.16199999999999998,0.16199999999999998,0.45,0.45,0.31,0.41,0.22499999999999987,0.2699999999999999,0.0,0.6,0.25,0.91,0.56,0.25,0.25,0.56,0.56,0.7,0.38,0.73,0.37,0.32,0.66,-0.115,0.025,-0.035
0.0,0.0,0.0,0.0,1.0,1.0,0.16199999999999998,0.16199999999999998,0.46,0.46,0.29,0.44,0.23999999999999988,0.2699999999999999,0.0,0.6,0.25,0.92,0.56,0.25,0.25,0.56,0.56,0.71,0.38,0.73,0.37,0.32,0.75,-0.137,0.015,-0.067
0.01,0.01,0.0,0.0,1.0,1.0,0.16199999999999998,0.16199999999999998,0.46,0.46,0.27,0.45,0.23999999999999988,0.2549999999999999,0.0,0.6,0.25,0.91,0.56,0.25,0.25,0.56,0.56,0.71,0.38,0.72,0.38,0.32,0.79,-0.148,0.003,-0.077
0.0,0.0,0.0,0.0,1.0,1.0,0.16199999999999998,0.16199999999999998,0.46,0.46,0.26,0.46,0.23999999999999988,0.22499999999999987,0.0,0.59,0.25,0.91,0.56,0.25,0.25,0.56,0.56,0.71,0.38,0.7,0.38,0.29,0.79,-0.136,-0.007,-0.089
0.0,0.0,0.0,0.0,1.0,1.0,0.16199999999999998,0.16199999999999998,0.45,0.45,0.24,0.48,0.23999999999999988,0.22499999999999987,0.0,0.56,0.25,0.88,0.56,0.25,0.25,0.56,0.56,0.71,0.38,0.7,0.38,0.27,0.94,-0.117,-0.016,-0.094
0.0,0.0,0.0,0.0,1.0,1.0,0.16199999999999998,0.16199999999999998,0.49,0.49,0.44,0.28,0.29999999999999993,0.31499999999999995,0.25,0.49,0.25,0.83,0.56,0.25,0.25,0.56,0.56,0.75,0.36,0.76,0.36,0.26,1.0,-0.11,-0.025,-0.099
0.0,0.0,0.0,0.0,1.0,1.0,0.16199999999999998,0.16199999999999998,0.48,0.48,0.43,0.29,0.36,0.345,0.25,0.45,0.25,0.8,0.56,0.25,0.25,0.56,0.56,0.79,0.35,0.78,0.35,0.19,1.0,-0.118,-0.036,-0.111
0.0,0.0,0.0,0.0,1.0,1.0,0.16199999999999998,0.16199999999999998,0.47,0.47,0.44,0.29,0.4199999999999999,0.40499999999999986,0.25,0.42,0.305,0.78,0.56,0.3,0.31,0.56,0.56,0.83,0.33,0.82,0.33,0.15,1.0,-0.107,-0.041,-0.122
0.0,0.0,0.0,0.0,1.0,1.0,0.16199999999999998,0.16199999999999998,0.46,0.46,0.44,0.29,0.4499999999999999,0.4199999999999999,0.25,0.4,0.355,0.76,0.56,0.35,0.36,0.56,0.56,0.85,0.32,0.83,0.32,0.13,0.99,-0.096,-0.05,-0.126
0.02,0.02,0.0,0.0,1.0,1.0,0.16199999999999998,0.16199999999999998,0.46,0.46,0.42,0.3,0.4649999999999999,0.4349999999999999,0.5,0.39,0.42000000000000004,0.76,0.56,0.41000000000000003,0.43,0.56,0.56,0.86,0.31,0.84,0.32,0.12,0.82,-0.076,-0.054,-0.119
0.03,0.03,0.0,0.0,1.0,1.0,0.16199999999999998,0.16199999999999998,0.47,0.47,0.42,0.3,0.4499999999999999,0.39,0.5,0.39,0.45999999999999996,0.75,0.56,0.45,0.47,0.56,0.56,0.85,0.32,0.81,0.33,0.11,0.74,-0.069,-0.06,-0.117
0.04,0.04,0.0,0.0,1.0,1.0,0.16199999999999998,0.16199999999999998,0.47,0.47,0.37,0.35,0.40499999999999986,0.345,0.5,0.38,0.54,0.75,0.56,0.53,0.55,0.56,0.56,0.82,0.33,0.78,0.35,0.1,0.56,-0.056,-0.065,-0.126
0.03,0.03,0.0,0.0,1.0,1.0,0.16199999999999998,0.16199999999999998,0.4,0.4,0.31,0.42,0.40499999999999986,0.345,0.75,0.37,0.5800000000000001,0.74,0.56,0.5700000000000001,0.5900000000000001,0.56,0.56,0.82,0.33,0.78,0.35,0.09,0.51,-0.055,-0.068,-0.138
0.02,0.02,0.0,0.0,1.0,1.0,0.16199999999999998,0.16199999999999998,0.5,0.5,0.37,0.35,0.375,0.2849999999999999,0.75,0.37,0.6000000000000001,0.74,0.56,0.5800000000000001,0.62,0.56,0.56,0.8,0.34,0.74,0.36,0.09,0.5,-0.057,-0.069,-0.148
0.04,0.04,0.0,0.0,1.0,1.0,0.16199999999999998,0.16199999999999998,0.5,0.5,0.37,0.35,0.375,0.2849999999999999,0.75,0.37,0.615,0.74,0.56,0.6,0.63,0.56,0.56,0.8,0.34,0.74,0.37,0.09,0.51,-0.044,-0.072,-0.147
0.04,0.04,0.0,0.0,1.0,1.0,0.16199999999999998,0.16199999999999998,0.49,0.49,0.37,0.36,0.39,0.31499999999999995,0.75,0.37,0.615,0.74,0.56,0.6,0.63,0.56,0.56,0.81,0.33,0.76,0.36,0.09,0.51,-0.035,-0.074,-0.143
0.05,0.05,0.0,0.0,1.0,1.0,0.16199999999999998,0.16199999999999998,0.49,0.49,0.38,0.35,0.40499999999999986,0.31499999999999995,0.75,0.37,0.575,0.74,0.56,0.55,0.6,0.56,0.56,0.82,0.33,0.76,0.35,0.09,0.53,-0.032,-0.076,-0.138
0.06,0.06,0.0,0.0,1.0,1.0,0.16199999999999998,0.16199999999999998,0.5,0.5,0.41,0.32,0.39,0.29999999999999993,0.75,0.37,0.5800000000000001,0.74,0.56,0.56,0.6,0.56,0.56,0.81,0.33,0.75,0.36,0.09,0.66,-0.033,-0.075,-0.13
0.06,0.06,0.0,0.0,1.0,1.0,0.16199999999999998,0.16199999999999998,0.5,0.5,0.44,0.29,0.375,0.31499999999999995,0.75,0.37,0.5700000000000001,0.74,0.56,0.55,0.5900000000000001,0.56,0.56,0.8,0.34,0.76,0.36,0.09,0.7,-0.045,-0.07,-0.106
0.04,0.04,0.0,0.0,1.0,1.0,0.16199999999999998,0.16199999999999998,0.49,0.49,0.49,0.23,0.39,0.32999999999999996,0.75,0.37,0.5650000000000001,0.74,0.56,0.55,0.5800000000000001,0.56,0.56,0.81,0.34,0.77,0.35,0.09,0.67,-0.056,-0.06,-0.078
0.05,0.05,0.0,0.0,1.0,1.0,0.16199999999999998,0.16199999999999998,0.5,0.5,0.52,0.21,0.375,0.32999999999999996,0.75,0.37,0.5850000000000001,0.74,0.56,0.5800000000000001,0.5900000000000001,0.56,0.56,0.8,0.34,0.77,0.35,0.1,0.55,-0.071,-0.052,-0.066
0.05,0.05,0.0,0.0,1.0,1.0,0.16199999999999998,0.16199999999999998,0.5,0.5,0.55,0.18,0.36,0.31499999999999995,0.75,0.37,0.595,0.74,0.56,0.5900000000000001,0.6,0.56,0.56,0.79,0.35,0.76,0.35,0.1,0.51,-0.093,-0.042,-0.06
0.07,0.07,0.0,0.0,1.0,1.0,0.16199999999999998,0.16199999999999998,0.5,0.5,0.56,0.17,0.36,0.345,0.75,0.37,0.595,0.74,0.56,0.5900000000000001,0.6,0.56,0.56,0.79,0.34,0.78,0.35,0.11,0.47,-0.101,-0.031,-0.055
0.06,0.06,0.0,0.0,1.0,1.0,0.16199999999999998,0.16199999999999998,0.46,0.46,0.46,0.26,0.375,0.36,0.75,0.38,0.5700000000000001,0.75,0.56,0.5700000000000001,0.5700000000000001,0.56,0.56,0.8,0.34,0.79,0.35,0.11,0.42,-0.102,-0.021,-0.059
0.1,0.1,0.0,0.0,1.0,1.0,0.16199999999999998,0.16199999999999998,0.39,0.39,0.39,0.33,0.39,0.375,0.5,0.39,0.555,0.75,0.56,0.56,0.55,0.56,0.56,0.81,0.33,0.8,0.34,0.12,0.3,-0.1,-0.01,-0.053
0.09,0.09,0.0,0.0,1.0,1.0,0.16199999999999998,0.16199999999999998,0.44,0.44,0.41,0.31,0.40499999999999986,0.39,0.75,0.36,0.6,0.73,0.56,0.6,0.6,0.56,0.56,0.82,0.33,0.81,0.34,0.09,0.26,-0.077,0.008,-0.039
0.04,0.04,0.0,0.0,1.0,1.0,0.16199999999999998,0.16199999999999998,0.45,0.45,0.41,0.31,0.4199999999999999,0.40499999999999986,0.5,0.33,0.695,0.71,0.55,0.7,0.69,0.55,0.55,0.83,0.32,0.82,0.33,0.07,0.24,-0.066,0.013,-0.03
0.02,0.02,0.0,0.0,1.0,1.0,0.16199999999999998,0.16199999999999998,0.45,0.45,0.42,0.3,0.31499999999999995,0.2849999999999999,0.75,0.29,0.87,0.68,0.4,0.87,0.87,0.4,0.4,0.76,0.36,0.74,0.36,0.05,0.25,-0.068,0.02,-0.022
0.56,0.56,1.0,1.0,0.98,0.98,0.5935680079460144,0.5896274256706238,0.24,0.24,0.42,0.3,0.375,0.36,0.25,0.33,0.51,0.71,0.55,0.52,0.5,0.55,0.55,0.8,0.34,0.79,0.34,0.04,0.27,-0.067,0.026,-0.017
0.0,0.0,0.0,0.0,1.0,1.0,0.16199999999999998,0.16199999999999998,0.38,0.38,0.46,0.27,0.54,0.5849999999999999,0.0,0.38,0.25,0.75,0.56,0.25,0.25,0.56,0.56,0.91,0.29,0.94,0.28,0.13,0.32,-0.042,0.032,0.001
0.0,0.0,0.0,0.0,1.0,1.0,0.16199999999999998,0.16199999999999998,0.38,0.38,0.46,0.26,0.6599999999999999,0.705,0.0,0.38,0.25,0.75,0.56,0.25,0.25,0.56,0.56,0.99,0.25,1.02,0.24,0.25,0.21,0.024,0.047,0.011
0.0,0.0,0.0,0.0,1.0,1.0,0.16199999999999998,0.16199999999999998,0.38,0.38,0.46,0.26,0.705,0.75,0.0,0.38,0.25,0.75,0.56,0.25,0.25,0.56,0.56,1.02,0.24,1.05,0.23,0.28,0.37,0.056,0.059,0.012
0.0,0.0,0.0,0.0,1.0,1.0,0.16199999999999998,0.16199999999999998,0.38,0.38,0.46,0.26,0.705,0.765,0.0,0.38,0.25,0.74,0.56,0.25,0.25,0.56,0.56,1.02,0.24,1.06,0.22,0.31,0.47,0.061,0.062,0.009
0.0,0.0,0.0,0.0,1.0,1.0,0.16199999999999998,0.16199999999999998,0.38,0.38,0.45,0.27,0.705,0.78,0.0,0.37,0.25,0.74,0.56,0.25,0.25,0.56,0.56,1.02,0.24,1.07,0.22,0.37,0.64,0.062,0.062,0.011
0.0,0.0,0.0,0.0,1.0,1.0,0.16199999999999998,0.16199999999999998,0.38,0.38,0.43,0.29,0.6749999999999999,0.75,0.0,0.37,0.25,0.74,0.56,0.25,0.25,0.56,0.56,1.0,0.25,1.05,0.23,0.39,0.79,0.065,0.058,-0.001
0.0,0.0,0.0,0.0,1.0,1.0,0.16199999999999998,0.16199999999999998,0.38,0.38,0.4,0.32,0.6749999999999999,0.75,0.0,0.37,0.25,0.74,0.56,0.25,0.25,0.56,0.56,1.0,0.25,1.05,0.23,0.51,0.5,0.065,0.056,-0.016
0.0,0.0,0.0,0.0,1.0,1.0,0.16199999999999998,0.16199999999999998,0.4,0.4,0.39,0.33,0.6599999999999999,0.75,0.0,0.38,0.25,0.74,0.56,0.25,0.25,0.56,0.56,0.99,0.25,1.05,0.23,0.6,0.5,0.069,0.046,-0.036
0.0,0.0,0.0,0.0,1.0,1.0,0.16199999999999998,0.16199999999999998,0.39,0.39,0.42,0.31,0.6449999999999999,0.735,0.0,0.38,0.25,0.75,0.56,0.25,0.25,0.56,0.56,0.98,0.26,1.04,0.23,0.62,0.5,0.058,0.024,-0.061
0.0,0.0,0.0,0.0,1.0,1.0,0.16199999999999998,0.16199999999999998,0.4,0.4,0.41,0.32,0.6599999999999999,0.75,0.0,0.37,0.25,0.74,0.56,0.25,0.25,0.56,0.56,0.99,0.25,1.05,0.23,0.65,0.5,0.053,0.01,-0.081
0.0,0.0,0.0,0.0,1.0,1.0,0.16199999999999998,0.16199999999999998,0.4,0.4,0.41,0.32,0.6599999999999999,0.75,0.0,0.37,0.25,0.74,0.56,0.25,0.25,0.56,0.56,0.99,0.25,1.05,0.23,0.66,0.5,0.065,-0.004,-0.094
0.0,0.0,0.0,0.0,1.0,1.0,0.16199999999999998,0.16199999999999998,0.41,0.41,0.39,0.34,0.6299999999999999,0.705,0.0,0.37,0.25,0.74,0.56,0.25,0.25,0.56,0.56,0.97,0.26,1.02,0.24,0.66,0.5,0.066,-0.014,-0.103
0.0,0.0,0.0,0.0,1.0,1.0,0.16199999999999998,0.16199999999999998,0.39,0.39,0.31,0.41,0.6149999999999999,0.69,0.0,0.37,0.25,0.74,0.56,0.25,0.25,0.56,0.56,0.96,0.27,1.01,0.24,0.67,0.5,0.069,-0.023,-0.102
0.0,0.0,0.0,0.0,1.0,1.0,0.16199999999999998,0.16199999999999998,0.38,0.38,0.31,0.42,0.6449999999999999,0.705,0.0,0.37,0.25,0.74,0.56,0.25,0.25,0.56,0.56,0.98,0.26,1.02,0.24,0.67,0.5,0.066,-0.033,-0.1
0.0,0.0,0.0,0.0,1.0,1.0,0.16199999999999998,0.16199999999999998,0.37,0.37,0.32,0.41,0.6449999999999999,0.705,0.0,0.36,0.25,0.73,0.56,0.25,0.25,0.56,0.56,0.98,0.26,1.02,0.24,0.66,0.5,0.08,-0.04,-0.09
0.0,0.0,0.0,0.0,1.0,1.0,0.16199999999999998,0.16199999999999998,0.37,0.37,0.33,0.4,0.6149999999999999,0.6749999999999999,0.0,0.36,0.25,0.73,0.56,0.25,0.25,0.56,0.56,0.96,0.27,1.0,0.25,0.66,0.5,0.073,-0.038,-0.079
0.0,0.0,0.0,0.0,1.0,1.0,0.16199999999999998,0.16199999999999998,0.37,0.37,0.34,0.38,0.5999999999999999,0.6449999999999999,0.0,0.36,0.25,0.73,0.56,0.25,0.25,0.56,0.56,0.95,0.27,0.98,0.26,0.66,0.5,0.081,-0.034,-0.069
0.0,0.0,0.0,0.0,1.0,1.0,0.16199999999999998,0.16199999999999998,0.37,0.37,0.37,0.36,0.5549999999999999,0.5999999999999999,0.0,0.37,0.25,0.74,0.56,0.25,0.25,0.56,0.56,0.92,0.29,0.95,0.27,0.57,0.5,0.082,-0.024,-0.061
0.0,0.0,0.0,0.0,1.0,1.0,0.16199999999999998,0.16199999999999998,0.39,0.39,0.38,0.34,0.6299999999999999,0.705,0.0,0.4,0.25,0.76,0.56,0.25,0.25,0.56,0.56,0.97,0.26,1.02,0.24,0.55,0.5,0.057,-0.011,-0.046
0.0,0.0,0.0,0.0,1.0,1.0,0.16199999999999998,0.16199999999999998,0.39,0.39,0.4,0.32,0.6299999999999999,0.69,0.0,0.4,0.25,0.77,0.56,0.25,0.25,0.56,0.56,0.97,0.26,1.01,0.24,0.57,0.5,0.028,0.004,-0.037
0.0,0.0,0.0,0.0,1.0,1.0,0.16199999999999998,0.16199999999999998,0.4,0.4,0.42,0.3,0.6299999999999999,0.69,0.0,0.41,0.25,0.77,0.56,0.25,0.25,0.56,0.56,0.97,0.26,1.01,0.24,0.57,0.5,0.028,0.018,-0.032
0.0,0.0,0.0,0.0,1.0,1.0,0.16199999999999998,0.16199999999999998,0.4,0.4,0.44,0.29,0.6599999999999999,0.735,0.0,0.41,0.25,0.77,0.56,0.25,0.25,0.56,0.56,0.99,0.26,1.04,0.23,0.58,0.5,0.017,0.031,-0.02
0.0,0.0,0.0,0.0,1.0,1.0,0.16199999999999998,0.16199999999999998,0.4,0.4,0.45,0.27,0.6449999999999999,0.735,0.0,0.44,0.25,0.79,0.56,0.25,0.25,0.56,0.56,0.98,0.26,1.04,0.23,0.59,0.5,0.008,0.04,-0.012
0.0,0.0,0.0,0.0,1.0,1.0,0.16199999999999998,0.16199999999999998,0.4,0.4,0.49,0.24,0.6599999999999999,0.75,0.0,0.44,0.25,0.8,0.56,0.25,0.25,0.56,0.56,0.99,0.25,1.05,0.23,0.59,0.5,0.007,0.052,-0.006
0.0,0.0,0.0,0.0,1.0,1.0,0.16199999999999998,0.16199999999999998,0.44,0.44,0.52,0.21,0.6449999999999999,0.735,0.0,0.44,0.25,0.8,0.56,0.25,0.25,0.56,0.56,0.98,0.26,1.04,0.23,0.6,0.5,0.003,0.06,0.012
0.01,0.01,0.0,0.0,1.0,1.0,0.16199999999999998,0.16199999999999998,0.44,0.44,0.48,0.24,0.6299999999999999,0.72,0.0,0.45,0.25,0.8,0.56,0.25,0.25,0.56,0.56,0.97,0.26,1.03,0.24,0.61,0.5,-0.014,0.064,0.023
0.0,0.0,0.0,0.0,1.0,1.0,0.16199999999999998,0.16199999999999998,0.44,0.44,0.42,0.3,0.6449999999999999,0.735,0.0,0.45,0.25,0.8,0.56,0.25,0.25,0.56,0.56,0.98,0.26,1.04,0.23,0.62,0.5,-0.019,0.056,0.009
0.0,0.0,0.0,0.0,1.0,1.0,0.16199999999999998,0.16199999999999998,0.45,0.45,0.38,0.34,0.6149999999999999,0.72,0.0,0.44,0.25,0.79,0.56,0.25,0.25,0.56,0.56,0.96,0.27,1.03,0.24,0.62,0.5,-0.018,0.033,-0.022
0.0,0.0,0.0,0.0,1.0,1.0,0.16199999999999998,0.16199999999999998,0.44,0.44,0.27,0.46,0.5700000000000001,0.6599999999999999,0.0,0.43,0.25,0.79,0.56,0.25,0.25,0.56,0.56,0.93,0.28,0.99,0.26,0.61,0.5,-0.034,0.013,-0.044
0.01,0.01,0.0,0.0,1.0,1.0,0.16199999999999998,0.16199999999999998,0.44,0.44,0.26,0.46,0.5849999999999999,0.6749999999999999,0.0,0.44,0.25,0.79,0.56,0.25,0.25,0.56,0.56,0.94,0.28,1.0,0.25,0.61,0.5,-0.057,0.008,-0.051
0.0,0.0,0.0,0.0,1.0,1.0,0.16199999999999998,0.16199999999999998,0.44,0.44,0.24,0.48,0.5849999999999999,0.6749999999999999,0.0,0.44,0.25,0.79,0.56,0.25,0.25,0.56,0.56,0.94,0.28,1.0,0.25,0.6,0.5,-0.062,-0.001,-0.056
0.0,0.0,0.0,0.0,1.0,1.0,0.16199999999999998,0.16199999999999998,0.44,0.44,0.24,0.48,0.5849999999999999,0.6749999999999999,0.0,0.44,0.25,0.79,0.56,0.25,0.25,0.56,0.56,0.94,0.28,1.0,0.25,0.58,0.5,-0.066,-0.013,-0.06
0.0,0.0,0.0,0.0,1.0,1.0,0.16199999999999998,0.16199999999999998,0.44,0.44,0.22,0.5,0.5849999999999999,0.6599999999999999,0.0,0.44,0.25,0.8,0.56,0.25,0.25,0.56,0.56,0.94,0.28,0.99,0.25,0.57,0.5,-0.063,-0.024,-0.058
0.0,0.0,0.0,0.0,1.0,1.0,0.16199999999999998,0.16199999999999998,0.46,0.46,0.26,0.47,0.5700000000000001,0.6599999999999999,0.0,0.45,0.25,0.8,0.56,0.25,0.25,0.56,0.56,0.93,0.28,0.99,0.25,0.6,0.5,-0.068,-0.033,-0.051
0.0,0.0,0.0,0.0,1.0,1.0,0.16199999999999998,0.16199999999999998,0.47,0.47,0.26,0.46,0.5700000000000001,0.6599999999999999,0.0,0.45,0.25,0.8,0.56,0.25,0.25,0.56,0.56,0.93,0.28,0.99,0.25,0.58,0.5,-0.094,-0.041,-0.041
0.0,0.0,0.0,0.0,1.0,1.0,0.16199999999999998,0.16199999999999998,0.48,0.48,0.32,0.4,0.5849999999999999,0.6749999999999999,0.0,0.45,0.25,0.8,0.56,0.25,0.25,0.56,0.56,0.94,0.28,1.0,0.25,0.6,0.5,-0.107,-0.044,-0.033
0.06,0.06,0.0,0.0,1.0,1.0,0.16199999999999998,0.16199999999999998,0.48,0.48,0.42,0.31,0.5999999999999999,0.69,0.0,0.46,0.25,0.81,0.56,0.25,0.25,0.56,0.56,0.95,0.27,1.01,0.24,0.59,0.5,-0.123,-0.046,-0.005
0.09,0.09,0.0,0.0,1.0,1.0,0.16199999999999998,0.16199999999999998,0.47,0.47,0.52,0.2,0.5849999999999999,0.6749999999999999,0.0,0.47,0.25,0.81,0.56,0.25,0.25,0.56,0.56,0.94,0.28,1.0,0.25,0.56,0.5,-0.118,-0.046,0.03
0.1,0.1,0.0,0.0,1.0,1.0,0.16199999999999998,0.16199999999999998,0.46,0.46,0.53,0.19,0.5849999999999999,0.6749999999999999,0.0,0.48,0.25,0.82,0.56,0.25,0.25,0.56,0.56,0.94,0.27,1.0,0.25,0.54,0.5,-0.096,-0.044,0.075
0.09,0.09,0.0,0.0,1.0,1.0,0.16199999999999998,0.16199999999999998,0.48,0.48,0.54,0.19,0.5999999999999999,0.69,0.0,0.48,0.25,0.82,0.56,0.25,0.25,0.56,0.56,0.95,0.27,1.01,0.25,0.54,0.5,-0.077,-0.04,0.088
0.07,0.07,0.0,0.0,1.0,1.0,0.16199999999999998,0.16199999999999998,0.49,0.49,0.5,0.22,0.5700000000000001,0.6599999999999999,0.0,0.48,0.25,0.82,0.56,0.25,0.25,0.56,0.56,0.93,0.28,0.99,0.26,0.54,0.5,-0.076,-0.035,0.084
0.01,0.01,0.0,0.0,1.0,1.0,0.16199999999999998,0.16199999999999998,0.5,0.5,0.45,0.27,0.5999999999999999,0.69,0.0,0.46,0.25,0.81,0.56,0.25,0.25,0.56,0.56,0.95,0.27,1.01,0.25,0.55,0.5,-0.076,-0.026,0.066
0.0,0.0,0.0,0.0,1.0,1.0,0.16199999999999998,0.16199999999999998,0.51,0.51,0.42,0.3,0.5700000000000001,0.6749999999999999,0.0,0.46,0.25,0.81,0.56,0.25,0.25,0.56,0.56,0.93,0.28,1.0,0.25,0.53,0.5,-0.091,-0.015,0.019
0.0,0.0,0.0,0.0,1.0,1.0,0.16199999999999998,0.16199999999999998,0.46,0.46,0.36,0.36,0.5700000000000001,0.6449999999999999,0.0,0.48,0.25,0.82,0.56,0.25,0.25,0.56,0.56,0.93,0.28,0.98,0.26,0.46,0.5,-0.115,-0.008,-0.019
0.0,0.0,0.0,0.0,1.0,1.0,0.16199999999999998,0.16199999999999998,0.47,0.47,0.32,0.41,0.54,0.6149999999999999,0.0,0.5,0.25,0.84,0.56,0.25,0.25,0.56,0.56,0.91,0.29,0.96,0.27,0.42,1.0,-0.131,-0.008,-0.053
0.0,0.0,0.0,0.0,1.0,1.0,0.16199999999999998,0.16199999999999998,0.47,0.47,0.29,0.44,0.5549999999999999,0.6299999999999999,0.0,0.5,0.25,0.84,0.56,0.25,0.25,0.56,0.56,0.92,0.29,0.97,0.27,0.41,1.0,-0.134,-0.015,-0.078
0.0,0.0,0.0,0.0,1.0,1.0,0.16199999999999998,0.16199999999999998,0.47,0.47,0.25,0.48,0.5249999999999999,0.5849999999999999,0.0,0.51,0.25,0.84,0.56,0.25,0.25,0.56,0.56,0.9,0.3,0.94,0.28,0.41,1.0,-0.15,-0.016,-0.099
0.0,0.0,0.0,0.0,1.0,1.0,0.16199999999999998,0.16199999999999998,0.46,0.46,0.24,0.49,0.51,0.5700000000000001,0.0,0.5,0.25,0.84,0.56,0.25,0.25,0.56,0.56,0.89,0.3,0.93,0.28,0.46,0.5,-0.162,-0.022,-0.12
0.0,0.0,0.0,0.0,1.0,1.0,0.16199999999999998,0.16199999999999998,0.46,0.46,0.24,0.49,0.54,0.5999999999999999,0.0,0.49,0.25,0.83,0.56,0.25,0.25,0.56,0.56,0.91,0.29,0.95,0.27,0.49,0.5,-0.15,-0.024,-0.126
0.0,0.0,0.0,0.0,1.0,1.0,0.16199999999999998,0.16199999999999998,0.45,0.45,0.26,0.46,0.5700000000000001,0.6299999999999999,0.0,0.46,0.25,0.81,0.56,0.25,0.25,0.56,0.56,0.93,0.28,0.97,0.26,0.52,0.5,-0.143,-0.026,-0.121
0.0,0.0,0.0,0.0,1.0,1.0,0.16199999999999998,0.16199999999999998,0.45,0.45,0.28,0.44,0.6299999999999999,0.6749999999999999,0.0,0.45,0.25,0.8,0.56,0.25,0.25,0.56,0.56,0.97,0.26,1.0,0.25,0.55,0.5,-0.135,-0.032,-0.095
0.0,0.0,0.0,0.0,1.0,1.0,0.16199999999999998,0.16199999999999998,0.44,0.44,0.3,0.43,0.6299999999999999,0.6749999999999999,0.0,0.42,0.25,0.78,0.56,0.25,0.25,0.56,0.56,0.97,0.27,1.0,0.25,0.57,0.5,-0.128,-0.037,-0.078
0.0,0.0,0.0,0.0,1.0,1.0,0.16199999999999998,0.16199999999999998,0.41,0.41,0.33,0.4,0.6149999999999999,0.6599999999999999,0.0,0.41,0.25,0.77,0.56,0.25,0.25,0.56,0.56,0.96,0.27,0.99,0.25,0.54,0.5,-0.05,-0.039,-0.062
0.0,0.0,0.0,0.0,1.0,1.0,0.5127950716018677,0.5110591459274292,0.26,0.26,0.37,0.36,0.6149999999999999,0.69,0.0,0.4,0.25,0.77,0.56,0.25,0.25,0.56,0.56,0.96,0.27,1.01,0.25,0.52,0.5,0.007,-0.033,-0.048
0.0,0.0,0.0,0.0,1.0,1.0,0.16199999999999998,0.16199999999999998,0.38,0.38,0.38,0.34,0.5999999999999999,0.6449999999999999,0.0,0.41,0.25,0.77,0.56,0.25,0.25,0.56,0.56,0.95,0.27,0.98,0.26,0.48,0.5,0.029,-0.025,-0.027
0.0,0.0,0.0,0.0,1.0,1.0,0.16199999999999998,0.16199999999999998,0.37,0.37,0.4,0.32,0.5549999999999999,0.5999999999999999,0.0,0.41,0.25,0.77,0.56,0.25,0.25,0.56,0.56,0.92,0.28,0.95,0.27,0.45,0.5,0.063,-0.008,-0.02
0.0,0.0,0.0,0.0,1.0,1.0,0.16199999999999998,0.16199999999999998,0.36,0.36,0.41,0.31,0.54,0.5849999999999999,0.0,0.4,0.25,0.76,0.56,0.25,0.25,0.56,0.56,0.91,0.29,0.94,0.28,0.45,0.5,0.088,-0.001,-0.009
0.0,0.0,0.0,0.0,1.0,1.0,0.16199999999999998,0.16199999999999998,0.34,0.34,0.42,0.31,0.54,0.5700000000000001,0.0,0.4,0.25,0.76,0.56,0.25,0.25,0.56,0.56,0.91,0.29,0.93,0.28,0.44,0.53,0.117,0.008,-0.008
0.0,0.0,0.0,0.0,1.0,1.0,0.16199999999999998,0.16199999999999998,0.34,0.34,0.42,0.3,0.4649999999999999,0.49499999999999994,0.0,0.4,0.25,0.76,0.56,0.25,0.25,0.56,0.56,0.86,0.31,0.88,0.3,0.41,0.64,0.131,0.015,-0.001
0.0,0.0,0.0,0.0,1.0,1.0,0.6306551504135132,0.6011594939231872,0.23,0.23,0.41,0.32,0.4199999999999999,0.4199999999999999,0.0,0.43,0.25,0.78,0.56,0.25,0.25,0.56,0.56,0.83,0.33,0.83,0.33,0.37,0.52,0.115,0.018,-0.0
0.0,0.0,0.0,0.0,1.0,1.0,0.16199999999999998,0.16199999999999998,0.36,0.36,0.44,0.29,0.345,0.31499999999999995,0.0,0.45,0.25,0.8,0.56,0.25,0.25,0.56,0.56,0.78,0.35,0.76,0.36,0.32,0.38,0.105,0.019,0.009
0.0,0.0,0.0,0.0,1.0,1.0,0.16199999999999998,0.16199999999999998,0.42,0.42,0.44,0.28,0.2699999999999999,0.22499999999999987,0.0,0.44,0.25,0.79,0.56,0.25,0.25,0.56,0.56,0.73,0.37,0.7,0.38,0.24,0.26,0.091,0.025,0.012
0.07,0.07,0.0,0.0,1.0,1.0,0.16199999999999998,0.16199999999999998,0.44,0.44,0.45,0.27,0.20999999999999985,0.16499999999999998,0.5,0.43,0.43,0.78,0.56,0.43,0.43,0.56,0.56,0.69,0.39,0.66,0.4,0.17,0.17,0.055,0.021,0.014
0.14,0.14,0.08,0.08,1.0,1.0,0.16199999999999998,0.16199999999999998,0.44,0.44,0.44,0.29,0.18,0.14999999999999997,0.75,0.42,0.54,0.78,0.56,0.54,0.54,0.56,0.56,0.67,0.4,0.65,0.41,0.14,0.17,0.038,0.021,0.012
0.17,0.17,0.16,0.16,1.0,1.0,0.16199999999999998,0.16199999999999998,0.48,0.48,0.38,0.34,0.16499999999999998,0.13499999999999995,0.75,0.42,0.62,0.78,0.56,0.62,0.62,0.56,0.56,0.66,0.4,0.64,0.41,0.12,0.18,0.019,0.022,-0.011
0.17,0.17,0.16,0.16,1.0,1.0,0.16199999999999998,0.16199999999999998,0.49,0.49,0.35,0.37,0.16499999999999998,0.14999999999999997,0.75,0.4,0.69,0.76,0.55,0.69,0.69,0.55,0.55,0.66,0.4,0.65,0.4,0.1,0.19,-0.013,0.018,-0.047
0.17,0.17,0.17,0.17,1.0,1.0,0.16199999999999998,0.16199999999999998,0.5,0.5,0.33,0.39,0.14999999999999997,0.11999999999999994,0.75,0.39,0.7,0.76,0.55,0.7,0.7,0.55,0.55,0.65,0.4,0.63,0.42,0.09,0.26,-0.014,0.014,-0.065
0.15,0.15,0.12,0.12,1.0,1.0,0.16199999999999998,0.16199999999999998,0.49,0.49,0.31,0.41,0.18,0.16499999999999998,0.75,0.38,0.695,0.75,0.54,0.69,0.7,0.54,0.54,0.67,0.39,0.66,0.4,0.07,0.32,-0.025,0.007,-0.085
0.11,0.11,0.02,0.02,1.0,1.0,0.16199999999999998,0.16199999999999998,0.5,0.5,0.29,0.43,0.195,0.16499999999999998,0.75,0.37,0.695,0.74,0.55,0.69,0.7,0.55,0.55,0.68,0.39,0.66,0.4,0.07,0.35,-0.025,-0.003,-0.091
0.11,0.11,0.03,0.03,1.0,1.0,0.16199999999999998,0.16199999999999998,0.51,0.51,0.27,0.45,0.36,0.2549999999999999,0.75,0.34,0.825,0.72,0.47,0.82,0.83,0.47,0.47,0.79,0.34,0.72,0.37,0.06,0.35,-0.047,-0.018,-0.099
0.15,0.15,0.11,0.11,1.0,1.0,0.16199999999999998,0.16199999999999998,0.51,0.51,0.25,0.47,0.39,0.2849999999999999,0.75,0.3,0.905,0.69,0.4,0.9,0.91,0.4,0.4,0.81,0.33,0.74,0.37,0.05,0.37,-0.069,-0.032,-0.111
0.24,0.24,0.33,0.33,1.0,1.0,0.16199999999999998,0.16199999999999998,0.52,0.52,0.25,0.47,0.345,0.2549999999999999,0.75,0.29,0.935,0.68,0.37,0.93,0.94,0.37,0.37,0.78,0.35,0.72,0.38,0.05,0.41,-0.061,-0.041,-0.116
0.56,0.56,1.0,1.0,0.97,0.97,0.3280449616909027,0.3202286171913147,0.35,0.35,0.3,0.42,0.36,0.2849999999999999,0.75,0.29,0.9299999999999999,0.68,0.37,0.92,0.94,0.37,0.37,0.79,0.34,0.74,0.36,0.05,0.43,-0.051,-0.044,-0.113
0.56,0.56,1.0,1.0,0.97,0.97,0.16199999999999998,0.16199999999999998,0.44,0.44,0.31,0.41,0.32999999999999996,0.20999999999999985,0.75,0.28,0.9299999999999999,0.67,0.36,0.92,0.94,0.36,0.36,0.77,0.35,0.69,0.39,0.05,0.45,-0.054,-0.048,-0.093
0.56,0.56,1.0,1.0,0.97,0.97,0.16199999999999998,0.16199999999999998,0.45,0.45,0.33,0.39,0.31499999999999995,0.18,0.75,0.27,0.9299999999999999,0.67,0.36,0.92,0.94,0.36,0.36,0.76,0.36,0.67,0.4,0.05,0.46,-0.039,-0.042,-0.073
0.56,0.56,1.0,1.0,0.98,0.98,0.16199999999999998,0.16199999999999998,0.45,0.45,0.36,0.36,0.29999999999999993,0.18,0.75,0.27,0.9299999999999999,0.67,0.36,0.92,0.94,0.36,0.36,0.75,0.36,0.67,0.4,0.04,0.47,-0.015,-0.034,-0.056
0.56,0.56,1.0,1.0,0.98,0.98,0.16199999999999998,0.16199999999999998,0.44,0.44,0.39,0.33,0.29999999999999993,0.18,0.75,0.27,0.9299999999999999,0.66,0.36,0.92,0.94,0.36,0.36,0.75,0.36,0.67,0.4,0.04,0.46,-0.0,-0.023,-0.041
0.56,0.56,1.0,1.0,0.98,0.98,0.16199999999999998,0.16199999999999998,0.44,0.44,0.41,0.32,0.2699999999999999,0.16499999999999998,0.75,0.26,0.9299999999999999,0.66,0.35,0.92,0.94,0.35,0.35,0.73,0.37,0.66,0.4,0.04,0.46,0.003,-0.012,-0.029
0.12,0.12,0.04,0.04,1.0,1.0,0.16199999999999998,0.16199999999999998,0.44,0.44,0.42,0.3,0.2549999999999999,0.14999999999999997,0.75,0.27,0.915,0.66,0.36,0.91,0.92,0.36,0.36,0.72,0.38,0.65,0.4,0.04,0.44,0.012,0.001,-0.018
0.09,0.09,0.0,0.0,1.0,1.0,0.16199999999999998,0.16199999999999998,0.44,0.44,0.43,0.29,0.20999999999999985,0.11999999999999994,0.75,0.27,0.905,0.67,0.33,0.9,0.91,0.33,0.33,0.69,0.39,0.63,0.41,0.04,0.42,0.023,0.011,-0.009
0.03,0.03,0.0,0.0,1.0,1.0,0.16199999999999998,0.16199999999999998,0.35,0.35,0.44,0.28,0.20999999999999985,0.16499999999999998,0.5,0.28,0.865,0.68,0.34,0.86,0.87,0.34,0.34,0.69,0.39,0.66,0.4,0.04,0.4,0.025,0.021,-0.0
0.56,0.56,1.0,1.0,0.98,0.98,0.16199999999999998,0.16199999999999998,0.37,0.37,0.45,0.27,0.2849999999999999,0.2699999999999999,0.25,0.42,0.39,0.78,0.56,0.39,0.39,0.56,0.56,0.74,0.36,0.73,0.37,0.09,0.24,0.019,0.025,0.01
0.01,0.01,0.0,0.0,1.0,1.0,0.16199999999999998,0.16199999999999998,0.42,0.42,0.46,0.26,0.31499999999999995,0.32999999999999996,0.0,0.45,0.25,0.8,0.56,0.25,0.25,0.56,0.56,0.76,0.36,0.77,0.35,0.13,0.25,0.01,0.029,0.019
0.0,0.0,0.0,0.0,1.0,1.0,0.16199999999999998,0.16199999999999998,0.42,0.42,0.45,0.27,0.29999999999999993,0.345,0.0,0.45,0.25,0.8,0.56,0.25,0.25,0.56,0.56,0.75,0.36,0.78,0.35,0.14,0.45,-0.008,0.033,0.012
0.0,0.0,0.0,0.0,1.0,1.0,0.16199999999999998,0.16199999999999998,0.42,0.42,0.42,0.3,0.345,0.40499999999999986,0.0,0.46,0.25,0.81,0.56,0.25,0.25,0.56,0.56,0.78,0.35,0.82,0.33,0.16,0.4,-0.009,0.037,-0.012
0.0,0.0,0.0,0.0,1.0,1.0,0.16199999999999998,0.16199999999999998,0.43,0.43,0.38,0.34,0.36,0.4199999999999999,0.0,0.48,0.25,0.82,0.56,0.25,0.25,0.56,0.56,0.79,0.34,0.83,0.33,0.24,0.64,-0.01,0.036,-0.036
0.0,0.0,0.0,0.0,1.0,1.0,0.16199999999999998,0.16199999999999998,0.42,0.42,0.35,0.37,0.36,0.4199999999999999,0.0,0.48,0.25,0.83,0.56,0.25,0.25,0.56,0.56,0.79,0.34,0.83,0.32,0.27,0.76,-0.016,0.033,-0.064
0.02,0.02,0.0,0.0,1.0,1.0,0.16199999999999998,0.16199999999999998,0.42,0.42,0.34,0.38,0.36,0.4199999999999999,0.0,0.49,0.25,0.83,0.56,0.25,0.25,0.56,0.56,0.79,0.34,0.83,0.32,0.3,0.78,-0.006,0.029,-0.076
0.0,0.0,0.0,0.0,1.0,1.0,0.16199999999999998,0.16199999999999998,0.42,0.42,0.33,0.39,0.36,0.4199999999999999,0.0,0.49,0.25,0.83,0.56,0.25,0.25,0.56,0.56,0.79,0.35,0.83,0.33,0.3,0.85,-0.008,0.024,-0.08
0.0,0.0,0.0,0.0,1.0,1.0,0.16199999999999998,0.16199999999999998,0.41,0.41,0.31,0.41,0.36,0.4199999999999999,0.0,0.49,0.25,0.83,0.56,0.25,0.25,0.56,0.56,0.79,0.34,0.83,0.33,0.31,0.93,-0.013,0.015,-0.086
0.0,0.0,0.0,0.0,1.0,1.0,0.16199999999999998,0.16199999999999998,0.43,0.43,0.35,0.37,0.36,0.4199999999999999,0.0,0.49,0.25,0.83,0.56,0.25,0.25,0.56,0.56,0.79,0.34,0.83,0.33,0.32,1.0,-0.011,0.004,-0.093
0.0,0.0,0.0,0.0,1.0,1.0,0.16199999999999998,0.16199999999999998,0.43,0.43,0.4,0.33,0.40499999999999986,0.4349999999999999,0.0,0.5,0.25,0.84,0.56,0.25,0.25,0.56,0.56,0.82,0.33,0.84,0.32,0.33,1.0,-0.01,-0.015,-0.096
0.0,0.0,0.0,0.0,1.0,1.0,0.16199999999999998,0.16199999999999998,0.45,0.45,0.45,0.28,0.4499999999999999,0.4799999999999999,0.0,0.5,0.25,0.84,0.56,0.25,0.25,0.56,0.56,0.85,0.32,0.87,0.31,0.35,1.0,0.021,-0.03,-0.106
0.0,0.0,0.0,0.0,1.0,1.0,0.16199999999999998,0.16199999999999998,0.45,0.45,0.46,0.27,0.51,0.54,0.0,0.45,0.25,0.8,0.56,0.25,0.25,0.56,0.56,0.89,0.3,0.91,0.29,0.55,0.5,0.023,-0.041,-0.108
0.01,0.01,0.0,0.0,1.0,1.0,0.16199999999999998,0.16199999999999998,0.46,0.46,0.45,0.28,0.51,0.54,0.0,0.44,0.25,0.79,0.56,0.25,0.25,0.56,0.56,0.89,0.3,0.91,0.29,0.57,0.5,0.027,-0.055,-0.109
0.0,0.0,0.0,0.0,1.0,1.0,0.16199999999999998,0.16199999999999998,0.48,0.48,0.42,0.3,0.51,0.54,0.0,0.43,0.25,0.78,0.56,0.25,0.25,0.56,0.56,0.89,0.3,0.91,0.29,0.62,0.5,0.036,-0.061,-0.112
0.02,0.02,0.0,0.0,1.0,1.0,0.16199999999999998,0.16199999999999998,0.49,0.49,0.42,0.3,0.51,0.54,0.0,0.41,0.25,0.77,0.56,0.25,0.25,0.56,0.56,0.89,0.3,0.91,0.29,0.65,0.5,0.027,-0.065,-0.113
0.04,0.04,0.0,0.0,1.0,1.0,0.16199999999999998,0.16199999999999998,0.49,0.49,0.42,0.3,0.4649999999999999,0.54,0.0,0.39,0.25,0.76,0.56,0.25,0.25,0.56,0.56,0.86,0.31,0.91,0.29,0.68,0.5,0.014,-0.066,-0.107
0.04,0.04,0.0,0.0,1.0,1.0,0.16199999999999998,0.16199999999999998,0.43,0.43,0.3,0.42,0.4649999999999999,0.5249999999999999,0.0,0.39,0.25,0.75,0.56,0.25,0.25,0.56,0.56,0.86,0.31,0.9,0.3,0.65,0.5,0.025,-0.065,-0.086
0.04,0.04,0.0,0.0,1.0,1.0,0.16199999999999998,0.16199999999999998,0.43,0.43,0.3,0.42,0.4799999999999999,0.5249999999999999,0.0,0.38,0.25,0.75,0.56,0.25,0.25,0.56,0.56,0.87,0.31,0.9,0.29,0.67,0.5,0.028,-0.054,-0.073
0.06,0.06,0.0,0.0,1.0,1.0,0.16199999999999998,0.16199999999999998,0.43,0.43,0.31,0.41,0.51,0.54,0.0,0.38,0.25,0.75,0.56,0.25,0.25,0.56,0.56,0.89,0.3,0.91,0.29,0.68,0.5,0.027,-0.046,-0.071
0.07,0.07,0.0,0.0,1.0,1.0,0.16199999999999998,0.16199999999999998,0.47,0.47,0.54,0.19,0.51,0.54,0.25,0.38,0.25,0.75,0.56,0.25,0.25,0.56,0.56,0.89,0.3,0.91,0.29,0.68,0.5,0.017,-0.04,-0.072
0.11,0.11,0.03,0.03,1.0,1.0,0.16199999999999998,0.16199999999999998,0.47,0.47,0.53,0.2,0.49499999999999994,0.5249999999999999,0.25,0.4,0.25,0.76,0.56,0.25,0.25,0.56,0.56,0.88,0.31,0.9,0.29,0.68,0.5,0.006,-0.037,-0.07
0.12,0.12,0.05,0.05,1.0,1.0,0.16199999999999998,0.16199999999999998,0.46,0.46,0.53,0.2,0.49499999999999994,0.5549999999999999,0.0,0.41,0.25,0.77,0.56,0.25,0.25,0.56,0.56,0.88,0.3,0.92,0.29,0.66,0.5,0.001,-0.03,-0.066
0.12,0.12,0.04,0.04,1.0,1.0,0.16199999999999998,0.16199999999999998,0.46,0.46,0.54,0.19,0.49499999999999994,0.54,0.0,0.42,0.25,0.77,0.56,0.25,0.25,0.56,0.56,0.88,0.3,0.91,0.29,0.64,0.5,-0.006,-0.022,-0.056
0.11,0.11,0.01,0.01,1.0,1.0,0.16199999999999998,0.16199999999999998,0.46,0.46,0.54,0.18,0.4799999999999999,0.54,0.0,0.43,0.25,0.78,0.56,0.25,0.25,0.56,0.56,0.87,0.31,0.91,0.29,0.64,0.5,-0.017,-0.012,-0.046
0.08,0.08,0.0,0.0,1.0,1.0,0.16199999999999998,0.16199999999999998,0.44,0.44,0.38,0.34,0.5249999999999999,0.5849999999999999,0.0,0.43,0.25,0.79,0.56,0.25,0.25,0.56,0.56,0.9,0.3,0.94,0.28,0.66,0.5,-0.028,-0.002,-0.036
0.1,0.1,0.0,0.0,1.0,1.0,0.16199999999999998,0.16199999999999998,0.47,0.47,0.39,0.33,0.51,0.5849999999999999,0.0,0.43,0.25,0.78,0.56,0.25,0.25,0.56,0.56,0.89,0.3,0.94,0.28,0.66,0.5,-0.011,0.004,-0.034
0.11,0.11,0.01,0.01,1.0,1.0,0.16199999999999998,0.16199999999999998,0.5,0.5,0.38,0.34,0.49499999999999994,0.5700000000000001,0.0,0.43,0.255,0.78,0.56,0.26,0.25,0.56,0.56,0.88,0.3,0.93,0.28,0.67,0.5,-0.019,0.005,-0.034
0.1,0.1,0.01,0.01,1.0,1.0,0.16199999999999998,0.16199999999999998,0.51,0.51,0.33,0.39,0.4649999999999999,0.54,0.0,0.42,0.275,0.78,0.56,0.3,0.25,0.56,0.56,0.86,0.31,0.91,0.29,0.71,0.5,-0.034,0.009,-0.062
0.12,0.12,0.05,0.05,1.0,1.0,0.16199999999999998,0.16199999999999998,0.51,0.51,0.3,0.42,0.4199999999999999,0.51,0.0,0.43,0.28,0.78,0.56,0.3,0.26,0.56,0.56,0.83,0.32,0.89,0.3,0.69,0.5,-0.052,0.011,-0.092
0.14,0.14,0.09,0.09,1.0,1.0,0.16199999999999998,0.16199999999999998,0.51,0.51,0.29,0.44,0.4199999999999999,0.49499999999999994,0.0,0.42,0.28,0.78,0.56,0.29,0.27,0.56,0.56,0.83,0.33,0.88,0.3,0.7,0.5,-0.072,0.009,-0.107
0.12,0.12,0.05,0.05,1.0,1.0,0.16199999999999998,0.16199999999999998,0.43,0.43,0.27,0.45,0.51,0.5999999999999999,0.0,0.42,0.25,0.78,0.56,0.25,0.25,0.56,0.56,0.89,0.3,0.95,0.27,0.7,0.5,-0.083,-0.004,-0.114
0.11,0.11,0.03,0.03,1.0,1.0,0.16199999999999998,0.16199999999999998,0.46,0.46,0.3,0.43,0.4799999999999999,0.54,0.0,0.42,0.25,0.78,0.56,0.25,0.25,0.56,0.56,0.87,0.31,0.91,0.29,0.69,0.5,-0.077,-0.016,-0.102
0.13,0.13,0.08,0.08,1.0,1.0,0.16199999999999998,0.16199999999999998,0.5,0.5,0.43,0.29,0.4649999999999999,0.5249999999999999,0.0,0.41,0.29,0.77,0.56,0.29,0.29,0.56,0.56,0.86,0.31,0.9,0.3,0.67,0.5,-0.058,-0.036,-0.07
0.15,0.15,0.11,0.11,1.0,1.0,0.16199999999999998,0.16199999999999998,0.48,0.48,0.56,0.17,0.4649999999999999,0.5249999999999999,0.25,0.41,0.31,0.77,0.56,0.31,0.31,0.56,0.56,0.86,0.31,0.9,0.3,0.67,0.5,-0.043,-0.048,-0.053
0.14,0.14,0.1,0.1,1.0,1.0,0.16199999999999998,0.16199999999999998,0.49,0.49,0.55,0.18,0.4799999999999999,0.54,0.25,0.41,0.295,0.77,0.56,0.3,0.29,0.56,0.56,0.87,0.31,0.91,0.29,0.66,0.5,-0.041,-0.052,-0.053
0.12,0.12,0.06,0.06,1.0,1.0,0.16199999999999998,0.16199999999999998,0.44,0.44,0.34,0.38,0.4499999999999999,0.51,0.0,0.42,0.25,0.78,0.56,0.25,0.25,0.56,0.56,0.85,0.32,0.89,0.3,0.64,0.5,-0.058,-0.046,-0.041
0.12,0.12,0.05,0.05,1.0,1.0,0.16199999999999998,0.16199999999999998,0.45,0.45,0.36,0.36,0.375,0.4499999999999999,0.0,0.42,0.25,0.78,0.56,0.25,0.25,0.56,0.56,0.8,0.34,0.85,0.32,0.61,0.5,-0.036,-0.04,-0.033
0.14,0.14,0.1,0.1,1.0,1.0,0.16199999999999998,0.16199999999999998,0.45,0.45,0.37,0.36,0.345,0.40499999999999986,0.0,0.43,0.25,0.79,0.56,0.25,0.25,0.56,0.56,0.78,0.35,0.82,0.33,0.6,0.5,-0.025,-0.032,-0.024
0.11,0.11,0.01,0.01,1.0,1.0,0.16199999999999998,0.16199999999999998,0.45,0.45,0.39,0.33,0.32999999999999996,0.39,0.0,0.45,0.25,0.8,0.56,0.25,0.25,0.56,0.56,0.77,0.35,0.81,0.33,0.57,0.5,-0.015,-0.018,-0.013
0.08,0.08,0.0,0.0,1.0,1.0,0.16199999999999998,0.16199999999999998,0.45,0.45,0.41,0.31,0.2849999999999999,0.36,0.0,0.49,0.25,0.83,0.56,0.25,0.25,0.56,0.56,0.74,0.36,0.79,0.34,0.51,0.5,-0.015,-0.006,-0.006
0.06,0.06,0.0,0.0,1.0,1.0,0.16199999999999998,0.16199999999999998,0.45,0.45,0.42,0.3,0.2549999999999999,0.31499999999999995,0.0,0.52,0.25,0.85,0.56,0.25,0.25,0.56,0.56,0.72,0.38,0.76,0.36,0.47,0.5,-0.013,0.009,0.003
0.11,0.11,0.02,0.02,1.0,1.0,0.16199999999999998,0.16199999999999998,0.44,0.44,0.41,0.31,0.2549999999999999,0.31499999999999995,0.0,0.52,0.25,0.85,0.56,0.25,0.25,0.56,0.56,0.72,0.37,0.76,0.36,0.44,1.0,-0.006,0.017,0.002
0.14,0.14,0.09,0.09,1.0,1.0,0.16199999999999998,0.16199999999999998,0.44,0.44,0.38,0.34,0.2549999999999999,0.29999999999999993,0.0,0.52,0.25,0.85,0.56,0.25,0.25,0.56,0.56,0.72,0.37,0.75,0.36,0.43,1.0,-0.008,0.027,-0.021
0.14,0.14,0.09,0.09,1.0,1.0,0.16199999999999998,0.16199999999999998,0.45,0.45,0.36,0.36,0.2549999999999999,0.29999999999999993,0.0,0.52,0.25,0.85,0.56,0.25,0.25,0.56,0.56,0.72,0.37,0.75,0.36,0.41,1.0,-0.011,0.032,-0.047
0.13,0.13,0.07,0.07,1.0,1.0,0.16199999999999998,0.16199999999999998,0.45,0.45,0.36,0.37,0.2549999999999999,0.29999999999999993,0.0,0.51,0.25,0.85,0.56,0.25,0.25,0.56,0.56,0.72,0.38,0.75,0.36,0.36,1.0,-0.016,0.034,-0.054
0.09,0.09,0.0,0.0,1.0,1.0,0.16199999999999998,0.16199999999999998,0.45,0.45,0.35,0.37,0.2699999999999999,0.29999999999999993,0.0,0.5,0.25,0.84,0.56,0.25,0.25,0.56,0.56,0.73,0.37,0.75,0.36,0.23,0.6,-0.023,0.037,-0.054
0.07,0.07,0.0,0.0,1.0,1.0,0.16199999999999998,0.16199999999999998,0.42,0.42,0.36,0.37,0.2849999999999999,0.29999999999999993,0.75,0.46,0.44999999999999996,0.81,0.56,0.45999999999999996,0.44,0.56,0.56,0.74,0.36,0.75,0.36,0.16,0.41,-0.031,0.036,-0.053
0.08,0.08,0.0,0.0,1.0,1.0,0.16199999999999998,0.16199999999999998,0.49,0.49,0.34,0.38,0.2549999999999999,0.23999999999999988,0.75,0.43,0.495,0.79,0.56,0.5,0.49,0.56,0.56,0.72,0.38,0.71,0.38,0.13,0.38,-0.034,0.03,-0.055
0.1,0.1,0.0,0.0,1.0,1.0,0.16199999999999998,0.16199999999999998,0.49,0.49,0.33,0.39,0.20999999999999985,0.195,0.75,0.42,0.555,0.77,0.56,0.56,0.55,0.56,0.56,0.69,0.39,0.68,0.39,0.09,0.39,-0.009,0.023,-0.059
0.15,0.15,0.12,0.12,1.0,1.0,0.16199999999999998,0.16199999999999998,0.5,0.5,0.33,0.39,0.20999999999999985,0.18,0.75,0.38,0.715,0.75,0.56,0.71,0.72,0.56,0.56,0.69,0.39,0.67,0.4,0.07,0.39,-0.001,0.015,-0.068
0.22,0.22,0.29,0.29,1.0,1.0,0.16199999999999998,0.16199999999999998,0.5,0.5,0.33,0.39,0.20999999999999985,0.18,1.0,0.34,0.87,0.72,0.43,0.87,0.87,0.43,0.43,0.69,0.39,0.67,0.4,0.05,0.38,0.014,0.015,-0.072
0.28,0.28,0.41,0.41,1.0,1.0,0.16199999999999998,0.16199999999999998,0.5,0.5,0.33,0.39,0.195,0.14999999999999997,1.0,0.31,0.915,0.7,0.38,0.91,0.92,0.38,0.38,0.68,0.39,0.65,0.4,0.05,0.38,0.032,0.012,-0.069
0.31,0.31,0.49,0.49,1.0,1.0,0.16199999999999998,0.16199999999999998,0.48,0.47,0.33,0.39,0.18,0.13499999999999995,1.0,0.29,0.935,0.68,0.34,0.93,0.94,0.34,0.34,0.67,0.4,0.64,0.41,0.04,0.39,0.033,0.007,-0.065
0.56,0.56,1.0,1.0,0.98,0.98,0.16199999999999998,0.16199999999999998,0.37,0.37,0.35,0.38,0.195,0.16499999999999998,1.0,0.3,0.935,0.68,0.36,0.93,0.94,0.36,0.36,0.68,0.39,0.66,0.4,0.04,0.41,0.069,0.0,-0.058
0.56,0.56,1.0,1.0,0.98,0.98,0.16199999999999998,0.16199999999999998,0.43,0.43,0.33,0.39,0.195,0.14999999999999997,1.0,0.29,0.945,0.68,0.35,0.94,0.95,0.35,0.35,0.68,0.39,0.65,0.41,0.04,0.43,0.094,0.0,-0.054
0.56,0.56,1.0,1.0,0.97,0.97,0.16199999999999998,0.16199999999999998,0.44,0.44,0.33,0.39,0.20999999999999985,0.13499999999999995,1.0,0.27,0.955,0.67,0.33,0.95,0.96,0.33,0.33,0.69,0.39,0.64,0.41,0.04,0.47,0.115,0.003,-0.06
0.56,0.56,1.0,1.0,0.98,0.98,0.16199999999999998,0.16199999999999998,0.45,0.45,0.34,0.39,0.20999999999999985,0.11999999999999994,1.0,0.26,0.965,0.65,0.31,0.96,0.97,0.31,0.31,0.69,0.39,0.63,0.41,0.04,0.49,0.105,0.004,-0.056
0.56,0.56,1.0,1.0,0.98,0.98,0.16199999999999998,0.16199999999999998,0.46,0.46,0.34,0.38,0.195,0.11999999999999994,1.0,0.25,0.97,0.65,0.3,0.97,0.97,0.3,0.3,0.68,0.39,0.63,0.41,0.03,0.5,0.102,0.004,-0.057
0.56,0.56,1.0,1.0,0.98,0.98,0.16199999999999998,0.16199999999999998,0.48,0.48,0.33,0.39,0.18,0.11999999999999994,1.0,0.25,0.975,0.65,0.3,0.97,0.98,0.3,0.3,0.67,0.39,0.63,0.42,0.03,0.51,0.07,-0.001,-0.062
0.35,0.35,0.58,0.58,1.0,1.0,0.16199999999999998,0.16199999999999998,0.53,0.53,0.59,0.14,0.18,0.08999999999999991,1.0,0.25,0.975,0.65,0.31,0.97,0.98,0.31,0.31,0.67,0.4,0.61,0.42,0.03,0.5,0.004,-0.004,-0.066
0.31,0.31,0.48,0.48,1.0,1.0,0.16199999999999998,0.16199999999999998,0.54,0.54,0.58,0.15,0.16499999999999998,0.08999999999999991,1.0,0.25,0.975,0.65,0.31,0.97,0.98,0.31,0.31,0.66,0.4,0.61,0.42,0.04,0.5,-0.028,-0.004,-0.067
0.28,0.28,0.42,0.42,1.0,1.0,0.16199999999999998,0.16199999999999998,0.55,0.55,0.6,0.13,0.195,0.10499999999999993,1.0,0.25,0.975,0.65,0.32,0.97,0.98,0.32,0.32,0.68,0.39,0.62,0.42,0.04,0.49,-0.078,-0.008,-0.062
0.3,0.3,0.47,0.47,1.0,1.0,0.16199999999999998,0.16199999999999998,0.58,0.58,0.33,0.4,0.16499999999999998,0.08999999999999991,1.0,0.25,0.975,0.65,0.31,0.97,0.98,0.31,0.31,0.66,0.4,0.61,0.42,0.04,0.48,-0.1,-0.004,-0.06
0.23,0.23,0.31,0.31,1.0,1.0,0.16199999999999998,0.16199999999999998,0.58,0.58,0.33,0.39,0.18,0.13499999999999995,1.0,0.25,0.97,0.65,0.32,0.97,0.97,0.32,0.32,0.67,0.4,0.64,0.41,0.04,0.44,-0.123,-0.001,-0.06
0.22,0.22,0.29,0.29,1.0,1.0,0.16199999999999998,0.16199999999999998,0.59,0.59,0.33,0.39,0.18,0.13499999999999995,1.0,0.25,0.97,0.65,0.32,0.97,0.97,0.32,0.32,0.67,0.4,0.64,0.41,0.04,0.43,-0.136,-0.001,-0.064
0.23,0.23,0.3,0.3,1.0,1.0,0.16199999999999998,0.16199999999999998,0.61,0.61,0.33,0.39,0.18,0.11999999999999994,1.0,0.25,0.97,0.65,0.31,0.97,0.97,0.31,0.31,0.67,0.4,0.63,0.41,0.04,0.44,-0.157,0.001,-0.071
0.2,0.2,0.24,0.24,1.0,1.0,0.16199999999999998,0.16199999999999998,0.63,0.63,0.33,0.39,0.18,0.11999999999999994,1.0,0.25,0.97,0.65,0.32,0.97,0.97,0.32,0.32,0.67,0.4,0.63,0.41,0.05,0.45,-0.173,0.002,-0.069
0.21,0.21,0.25,0.25,1.0,1.0,0.16199999999999998,0.16199999999999998,0.62,0.62,0.33,0.39,0.16499999999999998,0.13499999999999995,1.0,0.25,0.97,0.65,0.32,0.97,0.97,0.32,0.32,0.66,0.4,0.64,0.41,0.05,0.44,-0.157,-0.003,-0.062
0.31,0.31,0.49,0.49,1.0,1.0,0.16199999999999998,0.16199999999999998,0.64,0.64,0.34,0.38,0.10499999999999993,0.10499999999999993,1.0,0.25,0.97,0.65,0.3,0.97,0.97,0.3,0.3,0.62,0.42,0.62,0.42,0.05,0.45,-0.177,-0.001,-0.06
0.24,0.24,0.32,0.32,1.0,1.0,0.16199999999999998,0.16199999999999998,0.63,0.63,0.34,0.38,0.13499999999999995,0.10499999999999993,1.0,0.25,0.97,0.65,0.31,0.97,0.97,0.31,0.31,0.64,0.41,0.62,0.42,0.05,0.45,-0.15,-0.001,-0.056
0.35,0.35,0.58,0.58,1.0,1.0,0.16199999999999998,0.16199999999999998,0.63,0.63,0.34,0.38,0.0749999999999999,0.02999999999999986,1.0,0.25,0.975,0.65,0.31,0.97,0.98,0.31,0.31,0.6,0.43,0.57,0.44,0.05,0.47,-0.157,-0.0,-0.054
0.35,0.35,0.59,0.59,1.0,1.0,0.16199999999999998,0.16199999999999998,0.63,0.63,0.34,0.39,0.0749999999999999,0.02999999999999986,1.0,0.25,0.98,0.65,0.3,0.98,0.98,0.3,0.3,0.6,0.43,0.57,0.44,0.05,0.48,-0.167,0.001,-0.055
0.35,0.35,0.58,0.58,1.0,1.0,0.16199999999999998,0.16199999999999998,0.62,0.62,0.34,0.38,0.10499999999999993,0.05999999999999989,1.0,0.25,0.98,0.65,0.3,0.98,0.98,0.3,0.3,0.62,0.42,0.59,0.43,0.05,0.48,-0.195,0.01,-0.063
