A0
A1
A2
A3
A4
A5
A6
A7
A8
A9
A10
A11
A12
A13
A14
A15
A16
A17
A18
A19
A20
A21
A22
A23
A24
A25
A26
A27
A28
--- [0.87, 0.67, 1.0, 1.0, 0.24, 0.24, 0.05, 0.13, 0.51, 0.54, 0.4, 0.38, 0.0, -0.0, 1.0, 0.21, 0.75, 0.6, 0.49, 0.8, 0.75, 0.46, 0.86, 0.55, 0.43, 0.55, 0.45, 0.0, 0.5, 99, 99, 99]
into servo loop...
start test new
list:  [0.39, 0.39, 0.68, 0.68, 1, 1, 0.16199999999999998, 0.16199999999999998, 0.5, 0.5, 0.35, 0.37, 0.11999999999999994, 0.0749999999999999, 1, 0.23, 0.99, 0.63, 0.27, 0.99, 0.99, 0.27, 0.27, 0.63, 0.41, 0.6, 0.43, 0.02, 0.56, 99, 99, 99]
--- num:  29
list:  [0.56, 0.56, 1, 1, 0.98, 0.98, 0.16199999999999998, 0.16199999999999998, 0.53, 0.53, 0.36, 0.37, 0, 0, 1, 0.22, 0.985, 0.63, 0.25, 0.99, 0.98, 0.25, 0.25, 0.54, 0.48, 0.52, 0.52, 0.01, 0.53, 99, 99, 99]
--- num:  29
list:  [0.56, 0.56, 1, 1, 0.98, 0.98, 0.2622819352149963, 0.26143540024757383, 0.34, 0.34, 0.35, 0.37, 0.11999999999999994, 0.08999999999999991, 1, 0.24, 0.97, 0.64, 0.3, 0.97, 0.97, 0.3, 0.3, 0.63, 0.41, 0.61, 0.42, 0.02, 0.54, 99, 99, 99]
--- num:  29
list:  [0.4, 0.4, 0.7, 0.7, 1, 1, 0.16199999999999998, 0.16199999999999998, 0.43, 0.43, 0.35, 0.37, 0.13499999999999995, 0.10499999999999993, 1, 0.24, 0.97, 0.64, 0.28, 0.97, 0.97, 0.28, 0.28, 0.64, 0.41, 0.62, 0.42, 0.02, 0.53, 99, 99, 99]
--- num:  29
list:  [0.4, 0.4, 0.71, 0.71, 1, 1, 0.16199999999999998, 0.16199999999999998, 0.45, 0.45, 0.35, 0.37, 0.13499999999999995, 0.08999999999999991, 1, 0.23, 0.98, 0.64, 0.27, 0.98, 0.98, 0.27, 0.27, 0.64, 0.41, 0.61, 0.42, 0.02, 0.53, 99, 99, 99]
--- num:  29
list:  [0.39, 0.39, 0.68, 0.68, 1, 1, 0.16199999999999998, 0.16199999999999998, 0.44, 0.44, 0.34, 0.38, 0.13499999999999995, 0.08999999999999991, 1, 0.23, 0.98, 0.63, 0.28, 0.98, 0.98, 0.28, 0.28, 0.64, 0.41, 0.61, 0.42, 0.02, 0.51, 99, 99, 99]
--- num:  29
list:  [0.3, 0.3, 0.47, 0.47, 1, 1, 0.16199999999999998, 0.16199999999999998, 0.43, 0.43, 0.33, 0.39, 0.14999999999999997, 0.11999999999999994, 1, 0.25, 0.95, 0.65, 0.31, 0.95, 0.95, 0.31, 0.31, 0.65, 0.4, 0.63, 0.41, 0.03, 0.49, 99, 99, 99]
--- num:  29
list:  [0.31, 0.31, 0.48, 0.48, 1, 1, 0.16199999999999998, 0.16199999999999998, 0.49, 0.49, 0.31, 0.41, 0.16499999999999998, 0.11999999999999994, 1, 0.25, 0.95, 0.65, 0.31, 0.95, 0.95, 0.31, 0.31, 0.66, 0.4, 0.63, 0.41, 0.03, 0.48, 99, 99, 99]
--- num:  29
list:  [0.38, 0.38, 0.66, 0.66, 1, 1, 0.16199999999999998, 0.16199999999999998, 0.5, 0.5, 0.31, 0.41, 0.14999999999999997, 0.08999999999999991, 1, 0.25, 0.96, 0.65, 0.3, 0.96, 0.96, 0.3, 0.3, 0.65, 0.4, 0.61, 0.43, 0.03, 0.47, 99, 99, 99]
--- num:  29
list:  [0.33, 0.33, 0.54, 0.54, 1, 1, 0.16199999999999998, 0.16199999999999998, 0.42, 0.42, 0.42, 0.3, 0.13499999999999995, 0.11999999999999994, 1, 0.25, 0.95, 0.65, 0.32, 0.95, 0.95, 0.32, 0.32, 0.64, 0.41, 0.63, 0.42, 0.03, 0.45, 99, 99, 99]
--- num:  29
list:  [0.36, 0.36, 0.61, 0.61, 1, 1, 0.16199999999999998, 0.16199999999999998, 0.47, 0.47, 0.45, 0.27, 0.08999999999999991, 0.0749999999999999, 1, 0.25, 0.955, 0.65, 0.31, 0.95, 0.96, 0.31, 0.31, 0.61, 0.42, 0.6, 0.43, 0.03, 0.44, 99, 99, 99]
--- num:  29
list:  [0.32, 0.32, 0.51, 0.51, 1, 1, 0.16199999999999998, 0.16199999999999998, 0.48, 0.48, 0.45, 0.27, 0.08999999999999991, 0.0749999999999999, 1, 0.25, 0.96, 0.65, 0.3, 0.96, 0.96, 0.3, 0.3, 0.61, 0.43, 0.6, 0.43, 0.03, 0.44, 99, 99, 99]
--- num:  29
list:  [0.34, 0.34, 0.55, 0.55, 1, 1, 0.16199999999999998, 0.16199999999999998, 0.47, 0.47, 0.45, 0.26, 0.0749999999999999, 0.0749999999999999, 1, 0.24, 0.96, 0.65, 0.3, 0.96, 0.96, 0.3, 0.3, 0.6, 0.43, 0.6, 0.43, 0.03, 0.44, 99, 99, 99]
--- num:  29
list:  [0.31, 0.31, 0.48, 0.48, 1, 1, 0.16199999999999998, 0.16199999999999998, 0.51, 0.51, 0.46, 0.26, 0.0749999999999999, 0.05999999999999989, 1, 0.25, 0.96, 0.65, 0.3, 0.96, 0.96, 0.3, 0.3, 0.6, 0.43, 0.59, 0.43, 0.03, 0.44, 99, 99, 99]
--- num:  29
list:  [0.3, 0.3, 0.47, 0.47, 1, 1, 0.16199999999999998, 0.16199999999999998, 0.53, 0.53, 0.45, 0.27, 0.0749999999999999, 0.05999999999999989, 1, 0.24, 0.97, 0.65, 0.29, 0.97, 0.97, 0.29, 0.29, 0.6, 0.43, 0.59, 0.43, 0.03, 0.46, 99, 99, 99]
--- num:  29
list:  [0.4, 0.4, 0.71, 0.71, 1, 1, 0.16199999999999998, 0.16199999999999998, 0.49, 0.49, 0.37, 0.35, 0.08999999999999991, 0.0749999999999999, 1, 0.24, 0.97, 0.64, 0.28, 0.97, 0.97, 0.28, 0.28, 0.61, 0.42, 0.6, 0.43, 0.03, 0.47, 99, 99, 99]
--- num:  29
list:  [0.3, 0.3, 0.48, 0.48, 1, 1, 0.16199999999999998, 0.16199999999999998, 0.44, 0.44, 0.28, 0.44, 0.10499999999999993, 0.08999999999999991, 1, 0.26, 0.96, 0.66, 0.3, 0.96, 0.96, 0.3, 0.3, 0.62, 0.42, 0.61, 0.42, 0.03, 0.48, 99, 99, 99]
--- num:  29
list:  [0.22, 0.22, 0.28, 0.28, 1, 1, 0.16199999999999998, 0.16199999999999998, 0.49, 0.49, 0.21, 0.51, 0.14999999999999997, 0.10499999999999993, 1, 0.26, 0.96, 0.65, 0.3, 0.96, 0.96, 0.3, 0.3, 0.65, 0.41, 0.62, 0.42, 0.03, 0.48, 99, 99, 99]
--- num:  29
list:  [0.21, 0.21, 0.25, 0.25, 1, 1, 0.16199999999999998, 0.16199999999999998, 0.49, 0.49, 0.21, 0.52, 0.14999999999999997, 0.10499999999999993, 1, 0.25, 0.96, 0.65, 0.3, 0.96, 0.96, 0.3, 0.3, 0.65, 0.4, 0.62, 0.42, 0.03, 0.5, 99, 99, 99]
--- num:  29
list:  [0.14, 0.14, 0.09, 0.09, 1, 1, 0.4015174317359924, 0.3989985394477844, 0.31, 0.31, 0.27, 0.46, 0.13499999999999995, 0.10499999999999993, 1, 0.25, 0.95, 0.65, 0.3, 0.95, 0.95, 0.3, 0.3, 0.64, 0.41, 0.62, 0.42, 0.03, 0.51, 99, 99, 99]
--- num:  29
list:  [0.18, 0.18, 0.18, 0.18, 1, 1, 0.16199999999999998, 0.16199999999999998, 0.41, 0.41, 0.47, 0.25, 0.13499999999999995, 0.08999999999999991, 1, 0.26, 0.95, 0.65, 0.32, 0.95, 0.95, 0.32, 0.32, 0.64, 0.41, 0.61, 0.42, 0.03, 0.47, 99, 99, 99]
--- num:  29
list:  [0.22, 0.22, 0.28, 0.28, 1, 1, 0.16199999999999998, 0.16199999999999998, 0.42, 0.42, 0.59, 0.13, 0.05999999999999989, 0.015000000000000013, 1, 0.26, 0.95, 0.66, 0.31, 0.95, 0.95, 0.31, 0.31, 0.59, 0.43, 0.56, 0.45, 0.03, 0.4, 99, 99, 99]
--- num:  29
list:  [0.22, 0.22, 0.28, 0.28, 1, 1, 0.16199999999999998, 0.16199999999999998, 0.42, 0.42, 0.59, 0.13, 0.05999999999999989, 0.015000000000000013, 1, 0.26, 0.95, 0.66, 0.3, 0.95, 0.95, 0.3, 0.3, 0.59, 0.43, 0.56, 0.44, 0.02, 0.39, 99, 99, 99]
--- num:  29
list:  [0.15, 0.15, 0.12, 0.12, 1, 1, 0.16199999999999998, 0.16199999999999998, 0.42, 0.42, 0.43, 0.29, 0.11999999999999994, 0.0749999999999999, 1, 0.24, 0.96, 0.65, 0.29, 0.96, 0.96, 0.29, 0.29, 0.63, 0.42, 0.6, 0.43, 0.02, 0.42, 99, 99, 99]
--- num:  29
list:  [0.21, 0.21, 0.26, 0.26, 1, 1, 0.16199999999999998, 0.16199999999999998, 0.42, 0.42, 0.28, 0.44, 0.11999999999999994, 0.0749999999999999, 1, 0.24, 0.965, 0.64, 0.29, 0.96, 0.97, 0.29, 0.29, 0.63, 0.41, 0.6, 0.43, 0.02, 0.46, 99, 99, 99]
--- num:  29
list:  [0.26, 0.26, 0.36, 0.36, 1, 1, 0.16199999999999998, 0.16199999999999998, 0.42, 0.42, 0.15, 0.58, 0.16499999999999998, 0.11999999999999994, 1, 0.24, 0.97, 0.64, 0.31, 0.97, 0.97, 0.31, 0.31, 0.66, 0.4, 0.63, 0.42, 0.02, 0.49, 99, 99, 99]
--- num:  29
list:  [0.22, 0.22, 0.27, 0.27, 1, 1, 0.16199999999999998, 0.16199999999999998, 0.44, 0.44, 0.09, 0.64, 0.14999999999999997, 0.10499999999999993, 1, 0.24, 0.96, 0.65, 0.29, 0.96, 0.96, 0.29, 0.29, 0.65, 0.41, 0.62, 0.42, 0.03, 0.55, 99, 99, 99]
--- num:  29
list:  [0.21, 0.21, 0.25, 0.25, 1, 1, 0.16199999999999998, 0.16199999999999998, 0.48, 0.48, 0.1, 0.63, 0.14999999999999997, 0.10499999999999993, 1, 0.25, 0.96, 0.65, 0.3, 0.96, 0.96, 0.3, 0.3, 0.65, 0.41, 0.62, 0.42, 0.03, 0.57, 99, 99, 99]
--- num:  29
list:  [0.22, 0.22, 0.28, 0.28, 1, 1, 0.20966882586479185, 0.20881649434566496, 0.42, 0.42, 0.15, 0.58, 0.14999999999999997, 0.10499999999999993, 1, 0.25, 0.96, 0.65, 0.31, 0.96, 0.96, 0.31, 0.31, 0.65, 0.41, 0.62, 0.42, 0.03, 0.56, 99, 99, 99]
--- num:  29
list:  [0.3, 0.3, 0.48, 0.48, 1, 1, 0.16199999999999998, 0.16199999999999998, 0.48, 0.48, 0.22, 0.5, 0.195, 0.18, 1, 0.25, 0.96, 0.65, 0.31, 0.96, 0.96, 0.31, 0.31, 0.68, 0.39, 0.67, 0.4, 0.04, 0.53, 99, 99, 99]
--- num:  29
list:  [0.33, 0.33, 0.53, 0.53, 1, 1, 0.16199999999999998, 0.16199999999999998, 0.54, 0.54, 0.3, 0.42, 0.22499999999999987, 0.20999999999999985, 1, 0.26, 0.96, 0.65, 0.31, 0.96, 0.96, 0.31, 0.31, 0.7, 0.39, 0.69, 0.39, 0.04, 0.5, 99, 99, 99]
--- num:  29
list:  [0.28, 0.28, 0.42, 0.42, 1, 1, 0.16199999999999998, 0.16199999999999998, 0.51, 0.51, 0.38, 0.34, 0.18, 0.14999999999999997, 1, 0.26, 0.955, 0.65, 0.32, 0.95, 0.96, 0.32, 0.32, 0.67, 0.4, 0.65, 0.41, 0.04, 0.42, 99, 99, 99]
--- num:  29
list:  [0.26, 0.26, 0.38, 0.38, 1, 1, 0.16199999999999998, 0.16199999999999998, 0.5, 0.5, 0.4, 0.32, 0.16499999999999998, 0.10499999999999993, 1, 0.25, 0.955, 0.65, 0.32, 0.95, 0.96, 0.32, 0.32, 0.66, 0.4, 0.62, 0.42, 0.04, 0.39, 99, 99, 99]
--- num:  29
list:  [0.27, 0.27, 0.39, 0.39, 1, 1, 0.5046484875679016, 0.5016533541679382, 0.29, 0.29, 0.35, 0.37, 0.14999999999999997, 0.11999999999999994, 1, 0.26, 0.95, 0.65, 0.32, 0.95, 0.95, 0.32, 0.32, 0.65, 0.41, 0.63, 0.42, 0.04, 0.4, 99, 99, 99]
--- num:  29
list:  [0.38, 0.38, 0.65, 0.65, 1, 1, 0.16199999999999998, 0.16199999999999998, 0.46, 0.46, 0.28, 0.44, 0.11999999999999994, 0.08999999999999991, 1, 0.26, 0.95, 0.66, 0.29, 0.95, 0.95, 0.29, 0.29, 0.63, 0.41, 0.61, 0.42, 0.04, 0.46, 99, 99, 99]
--- num:  29
list:  [0.28, 0.28, 0.43, 0.43, 1, 1, 0.16199999999999998, 0.16199999999999998, 0.47, 0.47, 0.25, 0.47, 0.11999999999999994, 0.08999999999999991, 1, 0.25, 0.96, 0.65, 0.28, 0.96, 0.96, 0.28, 0.28, 0.63, 0.41, 0.61, 0.42, 0.03, 0.47, 99, 99, 99]
--- num:  29
list:  [0.34, 0.34, 0.56, 0.56, 1, 1, 0.16199999999999998, 0.16199999999999998, 0.46, 0.46, 0.27, 0.45, 0.11999999999999994, 0.08999999999999991, 1, 0.24, 0.97, 0.64, 0.28, 0.97, 0.97, 0.28, 0.28, 0.63, 0.42, 0.61, 0.42, 0.03, 0.48, 99, 99, 99]
--- num:  29
list:  [0.56, 0.56, 1, 1, 0.98, 0.98, 0.46056545853614805, 0.46043590784072874, 0.23, 0.23, 0.35, 0.38, 0.32999999999999996, 0.375, 0.25, 0.44, 0.37, 0.79, 0.56, 0.38, 0.36, 0.56, 0.56, 0.77, 0.35, 0.8, 0.34, 0.08, 0.46, 99, 99, 99]
--- num:  29
list:  [0, 0, 0, 0, 1, 1, 0.21399695754051207, 0.2135425019264221, 0.31, 0.31, 0.43, 0.29, 0.4499999999999999, 0.51, 0, 0.43, 0.25, 0.79, 0.56, 0.25, 0.25, 0.56, 0.56, 0.85, 0.32, 0.89, 0.3, 0.17, 0.49, 99, 99, 99]
--- num:  29
list:  [0, 0, 0, 0, 1, 1, 0.16199999999999998, 0.16199999999999998, 0.33, 0.33, 0.51, 0.21, 0.4499999999999999, 0.51, 0, 0.4, 0.25, 0.76, 0.56, 0.25, 0.25, 0.56, 0.56, 0.85, 0.32, 0.89, 0.3, 0.17, 0.26, 99, 99, 99]
--- num:  29
list:  [0, 0, 0, 0, 1, 1, 0.16199999999999998, 0.16199999999999998, 0.32, 0.32, 0.55, 0.18, 0.49499999999999994, 0.5549999999999999, 0, 0.38, 0.25, 0.75, 0.56, 0.25, 0.25, 0.56, 0.56, 0.88, 0.3, 0.92, 0.29, 0.22, 0.12, 99, 99, 99]
--- num:  29
list:  [0, 0, 0, 0, 1, 1, 0.16199999999999998, 0.16199999999999998, 0.34, 0.34, 0.54, 0.19, 0.54, 0.5999999999999999, 0, 0.37, 0.25, 0.74, 0.56, 0.25, 0.25, 0.56, 0.56, 0.91, 0.29, 0.95, 0.27, 0.22, 0, 99, 99, 99]
--- num:  29
list:  [0, 0, 0, 0, 1, 1, 0.16199999999999998, 0.16199999999999998, 0.33, 0.33, 0.45, 0.27, 0.54, 0.5849999999999999, 0, 0.36, 0.25, 0.73, 0.56, 0.25, 0.25, 0.56, 0.56, 0.91, 0.29, 0.94, 0.28, 0.21, 0.42, 99, 99, 99]
--- num:  29
list:  [0, 0, 0, 0, 1, 1, 0.16199999999999998, 0.16199999999999998, 0.38, 0.38, 0.42, 0.31, 0.6299999999999999, 0.72, 0, 0.35, 0.25, 0.73, 0.56, 0.25, 0.25, 0.56, 0.56, 0.97, 0.26, 1.03, 0.24, 0.29, 1, 99, 99, 99]
--- num:  29
list:  [0, 0, 0, 0, 1, 1, 0.16199999999999998, 0.16199999999999998, 0.41, 0.41, 0.45, 0.28, 0.6749999999999999, 0.75, 0, 0.37, 0.25, 0.74, 0.56, 0.25, 0.25, 0.56, 0.56, 1.0, 0.25, 1.05, 0.23, 0.39, 1, 99, 99, 99]
--- num:  29
list:  [0, 0, 0, 0, 1, 1, 0.16199999999999998, 0.16199999999999998, 0.41, 0.41, 0.45, 0.27, 0.6299999999999999, 0.705, 0, 0.39, 0.25, 0.75, 0.56, 0.25, 0.25, 0.56, 0.56, 0.97, 0.26, 1.02, 0.24, 0.47, 0.5, 99, 99, 99]
--- num:  29
list:  [0, 0, 0, 0, 1, 1, 0.16199999999999998, 0.16199999999999998, 0.42, 0.42, 0.51, 0.22, 0.6149999999999999, 0.705, 0, 0.42, 0.25, 0.77, 0.56, 0.25, 0.25, 0.56, 0.56, 0.96, 0.27, 1.02, 0.24, 0.5, 0.5, 99, 99, 99]
--- num:  29
list:  [0, 0, 0, 0, 1, 1, 0.16199999999999998, 0.16199999999999998, 0.37, 0.37, 0.44, 0.29, 0.6149999999999999, 0.6599999999999999, 0, 0.4, 0.25, 0.76, 0.56, 0.25, 0.25, 0.56, 0.56, 0.96, 0.27, 0.99, 0.25, 0.45, 0.5, 99, 99, 99]
--- num:  29
list:  [0, 0, 0, 0, 1, 1, 0.16199999999999998, 0.16199999999999998, 0.37, 0.37, 0.44, 0.28, 0.6449999999999999, 0.705, 0, 0.38, 0.25, 0.75, 0.56, 0.25, 0.25, 0.56, 0.56, 0.98, 0.26, 1.02, 0.24, 0.46, 0.5, 99, 99, 99]
--- num:  29
list:  [0, 0, 0, 0, 1, 1, 0.16199999999999998, 0.16199999999999998, 0.39, 0.39, 0.42, 0.3, 0.5999999999999999, 0.6749999999999999, 0, 0.38, 0.25, 0.75, 0.56, 0.25, 0.25, 0.56, 0.56, 0.95, 0.27, 1.0, 0.25, 0.45, 0.5, 99, 99, 99]
--- num:  29
list:  [0, 0, 0, 0, 1, 1, 0.16199999999999998, 0.16199999999999998, 0.39, 0.39, 0.4, 0.32, 0.5999999999999999, 0.6749999999999999, 0, 0.38, 0.25, 0.75, 0.56, 0.25, 0.25, 0.56, 0.56, 0.95, 0.27, 1.0, 0.25, 0.47, 0.5, 99, 99, 99]
--- num:  29
list:  [0, 0, 0, 0, 1, 1, 0.16199999999999998, 0.16199999999999998, 0.39, 0.39, 0.38, 0.34, 0.5849999999999999, 0.6449999999999999, 0, 0.38, 0.25, 0.75, 0.56, 0.25, 0.25, 0.56, 0.56, 0.94, 0.28, 0.98, 0.26, 0.49, 0.5, 99, 99, 99]
--- num:  29
list:  [0, 0, 0, 0, 1, 1, 0.16199999999999998, 0.16199999999999998, 0.39, 0.39, 0.37, 0.35, 0.5849999999999999, 0.6449999999999999, 0, 0.38, 0.25, 0.75, 0.56, 0.25, 0.25, 0.56, 0.56, 0.94, 0.28, 0.98, 0.26, 0.52, 0.5, 99, 99, 99]
--- num:  29
list:  [0, 0, 0, 0, 1, 1, 0.16199999999999998, 0.16199999999999998, 0.39, 0.39, 0.36, 0.37, 0.54, 0.6149999999999999, 0, 0.38, 0.25, 0.75, 0.56, 0.25, 0.25, 0.56, 0.56, 0.91, 0.29, 0.96, 0.27, 0.52, 0.5, 99, 99, 99]
--- num:  29
list:  [0, 0, 0, 0, 1, 1, 0.16199999999999998, 0.16199999999999998, 0.38, 0.38, 0.32, 0.4, 0.54, 0.5999999999999999, 0, 0.38, 0.25, 0.75, 0.56, 0.25, 0.25, 0.56, 0.56, 0.91, 0.29, 0.95, 0.27, 0.55, 0.5, 99, 99, 99]
--- num:  29
list:  [0, 0, 0, 0, 1, 1, 0.16199999999999998, 0.16199999999999998, 0.37, 0.37, 0.28, 0.44, 0.49499999999999994, 0.5700000000000001, 0, 0.38, 0.25, 0.75, 0.56, 0.25, 0.25, 0.56, 0.56, 0.88, 0.3, 0.93, 0.28, 0.52, 0.5, 99, 99, 99]
--- num:  29
list:  [0, 0, 0, 0, 1, 1, 0.16199999999999998, 0.16199999999999998, 0.38, 0.38, 0.24, 0.48, 0.5249999999999999, 0.5849999999999999, 0, 0.38, 0.25, 0.75, 0.56, 0.25, 0.25, 0.56, 0.56, 0.9, 0.29, 0.94, 0.28, 0.52, 0.5, 99, 99, 99]
--- num:  29
list:  [0, 0, 0, 0, 1, 1, 0.16199999999999998, 0.16199999999999998, 0.37, 0.37, 0.3, 0.42, 0.6149999999999999, 0.6749999999999999, 0, 0.37, 0.25, 0.74, 0.56, 0.25, 0.25, 0.56, 0.56, 0.96, 0.27, 1.0, 0.25, 0.5, 0.5, 99, 99, 99]
--- num:  29
list:  [0, 0, 0, 0, 1, 1, 0.16199999999999998, 0.16199999999999998, 0.37, 0.37, 0.42, 0.3, 0.5849999999999999, 0.6299999999999999, 0, 0.37, 0.25, 0.74, 0.56, 0.25, 0.25, 0.56, 0.56, 0.94, 0.28, 0.97, 0.26, 0.49, 0.5, 99, 99, 99]
--- num:  29
list:  [0, 0, 0, 0, 1, 1, 0.16199999999999998, 0.16199999999999998, 0.37, 0.37, 0.43, 0.29, 0.54, 0.5700000000000001, 0, 0.37, 0.25, 0.74, 0.56, 0.25, 0.25, 0.56, 0.56, 0.91, 0.29, 0.93, 0.28, 0.43, 0.21, 99, 99, 99]
--- num:  29
list:  [0, 0, 0, 0, 1, 1, 0.16199999999999998, 0.16199999999999998, 0.38, 0.38, 0.39, 0.34, 0.54, 0.5849999999999999, 0, 0.38, 0.25, 0.75, 0.56, 0.25, 0.25, 0.56, 0.56, 0.91, 0.29, 0.94, 0.28, 0.46, 0.5, 99, 99, 99]
--- num:  29
list:  [0, 0, 0, 0, 1, 1, 0.16199999999999998, 0.16199999999999998, 0.38, 0.38, 0.4, 0.32, 0.54, 0.5700000000000001, 0, 0.38, 0.25, 0.75, 0.56, 0.25, 0.25, 0.56, 0.56, 0.91, 0.29, 0.93, 0.28, 0.47, 0.5, 99, 99, 99]
--- num:  29
list:  [0, 0, 0, 0, 1, 1, 0.16199999999999998, 0.16199999999999998, 0.38, 0.38, 0.44, 0.28, 0.54, 0.5700000000000001, 0, 0.38, 0.25, 0.75, 0.56, 0.25, 0.25, 0.56, 0.56, 0.91, 0.29, 0.93, 0.28, 0.51, 0.5, 99, 99, 99]
--- num:  29
list:  [0, 0, 0, 0, 1, 1, 0.16199999999999998, 0.16199999999999998, 0.39, 0.39, 0.44, 0.29, 0.5700000000000001, 0.5999999999999999, 0, 0.39, 0.25, 0.75, 0.56, 0.25, 0.25, 0.56, 0.56, 0.93, 0.28, 0.95, 0.27, 0.53, 0.5, 99, 99, 99]
--- num:  29
list:  [0, 0, 0, 0, 1, 1, 0.16199999999999998, 0.16199999999999998, 0.38, 0.38, 0.36, 0.37, 0.5700000000000001, 0.6149999999999999, 0, 0.39, 0.25, 0.75, 0.56, 0.25, 0.25, 0.56, 0.56, 0.93, 0.28, 0.96, 0.27, 0.53, 0.5, 99, 99, 99]
--- num:  29
list:  [0, 0, 0, 0, 1, 1, 0.16199999999999998, 0.16199999999999998, 0.39, 0.39, 0.37, 0.35, 0.54, 0.6149999999999999, 0, 0.38, 0.25, 0.75, 0.56, 0.25, 0.25, 0.56, 0.56, 0.91, 0.29, 0.96, 0.27, 0.52, 0.5, 99, 99, 99]
--- num:  29
list:  [0, 0, 0, 0, 1, 1, 0.16199999999999998, 0.16199999999999998, 0.38, 0.38, 0.37, 0.35, 0.5249999999999999, 0.6149999999999999, 0, 0.38, 0.25, 0.75, 0.56, 0.25, 0.25, 0.56, 0.56, 0.9, 0.29, 0.96, 0.27, 0.48, 0.5, 99, 99, 99]
--- num:  29
list:  [0, 0, 0, 0, 1, 1, 0.16199999999999998, 0.16199999999999998, 0.39, 0.39, 0.33, 0.39, 0.5700000000000001, 0.6599999999999999, 0, 0.38, 0.25, 0.75, 0.56, 0.25, 0.25, 0.56, 0.56, 0.93, 0.28, 0.99, 0.26, 0.47, 0.5, 99, 99, 99]
--- num:  29
list:  [0, 0, 0, 0, 1, 1, 0.16199999999999998, 0.16199999999999998, 0.39, 0.39, 0.33, 0.39, 0.5849999999999999, 0.6599999999999999, 0, 0.38, 0.25, 0.75, 0.56, 0.25, 0.25, 0.56, 0.56, 0.94, 0.28, 0.99, 0.26, 0.48, 0.5, 99, 99, 99]
--- num:  29
list:  [0, 0, 0, 0, 1, 1, 0.16199999999999998, 0.16199999999999998, 0.38, 0.38, 0.32, 0.4, 0.5999999999999999, 0.6599999999999999, 0, 0.38, 0.25, 0.75, 0.56, 0.25, 0.25, 0.56, 0.56, 0.95, 0.27, 0.99, 0.25, 0.5, 0.5, 99, 99, 99]
--- num:  29
list:  [0, 0, 0, 0, 1, 1, 0.16199999999999998, 0.16199999999999998, 0.37, 0.37, 0.34, 0.38, 0.5999999999999999, 0.6599999999999999, 0, 0.38, 0.25, 0.75, 0.56, 0.25, 0.25, 0.56, 0.56, 0.95, 0.27, 0.99, 0.25, 0.47, 0.5, 99, 99, 99]
--- num:  29
list:  [0, 0, 0, 0, 1, 1, 0.16199999999999998, 0.16199999999999998, 0.37, 0.37, 0.36, 0.36, 0.6299999999999999, 0.69, 0, 0.38, 0.25, 0.75, 0.56, 0.25, 0.25, 0.56, 0.56, 0.97, 0.26, 1.01, 0.24, 0.47, 0.5, 99, 99, 99]
--- num:  29
list:  [0, 0, 0, 0, 1, 1, 0.16199999999999998, 0.16199999999999998, 0.39, 0.39, 0.37, 0.35, 0.69, 0.75, 0, 0.38, 0.25, 0.75, 0.56, 0.25, 0.25, 0.56, 0.56, 1.01, 0.25, 1.05, 0.23, 0.46, 0.5, 99, 99, 99]
--- num:  29
list:  [0, 0, 0, 0, 1, 1, 0.16199999999999998, 0.16199999999999998, 0.42, 0.42, 0.38, 0.34, 0.6599999999999999, 0.735, 0, 0.41, 0.25, 0.77, 0.56, 0.25, 0.25, 0.56, 0.56, 0.99, 0.26, 1.04, 0.23, 0.34, 0.95, 99, 99, 99]
--- num:  29
list:  [0, 0, 0, 0, 1, 1, 0.16199999999999998, 0.16199999999999998, 0.43, 0.43, 0.38, 0.34, 0.5849999999999999, 0.6749999999999999, 0, 0.45, 0.25, 0.8, 0.56, 0.25, 0.25, 0.56, 0.56, 0.94, 0.28, 1.0, 0.25, 0.34, 1.0, 99, 99, 99]
--- num:  29
list:  [0, 0, 0, 0, 1, 1, 0.16199999999999998, 0.16199999999999998, 0.44, 0.44, 0.4, 0.32, 0.5549999999999999, 0.6749999999999999, 0, 0.46, 0.25, 0.81, 0.56, 0.25, 0.25, 0.56, 0.56, 0.92, 0.29, 1.0, 0.25, 0.37, 1, 99, 99, 99]
--- num:  29
list:  [0, 0, 0, 0, 1, 1, 0.16199999999999998, 0.16199999999999998, 0.45, 0.45, 0.51, 0.21, 0.54, 0.6749999999999999, 0, 0.49, 0.25, 0.83, 0.56, 0.25, 0.25, 0.56, 0.56, 0.91, 0.29, 1.0, 0.25, 0.43, 1, 99, 99, 99]
--- num:  29
list:  [0, 0, 0, 0, 1, 1, 0.16199999999999998, 0.16199999999999998, 0.46, 0.46, 0.49, 0.24, 0.6299999999999999, 0.72, 0, 0.49, 0.25, 0.83, 0.56, 0.25, 0.25, 0.56, 0.56, 0.97, 0.27, 1.03, 0.24, 0.52, 0.5, 99, 99, 99]
--- num:  29
list:  [0, 0, 0, 0, 1, 1, 0.16199999999999998, 0.16199999999999998, 0.48, 0.48, 0.43, 0.3, 0.6299999999999999, 0.72, 0, 0.48, 0.25, 0.82, 0.56, 0.25, 0.25, 0.56, 0.56, 0.97, 0.27, 1.03, 0.24, 0.54, 0.5, 99, 99, 99]
--- num:  29
list:  [0, 0, 0, 0, 1, 1, 0.16199999999999998, 0.16199999999999998, 0.48, 0.48, 0.42, 0.31, 0.6749999999999999, 0.75, 0, 0.46, 0.25, 0.8, 0.56, 0.25, 0.25, 0.56, 0.56, 1.0, 0.25, 1.05, 0.23, 0.54, 0.5, 99, 99, 99]
--- num:  29
list:  [0, 0, 0, 0, 1, 1, 0.16199999999999998, 0.16199999999999998, 0.48, 0.48, 0.41, 0.32, 0.69, 0.75, 0, 0.45, 0.25, 0.8, 0.56, 0.25, 0.25, 0.56, 0.56, 1.01, 0.25, 1.05, 0.23, 0.55, 0.5, 99, 99, 99]
--- num:  29
list:  [0, 0, 0, 0, 1, 1, 0.16199999999999998, 0.16199999999999998, 0.48, 0.48, 0.39, 0.34, 0.6749999999999999, 0.75, 0, 0.44, 0.25, 0.79, 0.56, 0.25, 0.25, 0.56, 0.56, 1.0, 0.25, 1.05, 0.23, 0.58, 0.5, 99, 99, 99]
--- num:  29
list:  [0, 0, 0, 0, 1, 1, 0.16199999999999998, 0.16199999999999998, 0.48, 0.48, 0.37, 0.35, 0.6749999999999999, 0.75, 0, 0.43, 0.25, 0.79, 0.56, 0.25, 0.25, 0.56, 0.56, 1.0, 0.25, 1.05, 0.23, 0.62, 0.5, 99, 99, 99]
--- num:  29
list:  [0, 0, 0, 0, 1, 1, 0.16199999999999998, 0.16199999999999998, 0.44, 0.44, 0.42, 0.3, 0.6599999999999999, 0.72, 0, 0.43, 0.25, 0.78, 0.56, 0.25, 0.25, 0.56, 0.56, 0.99, 0.25, 1.03, 0.24, 0.62, 0.5, 99, 99, 99]
--- num:  29
list:  [0, 0, 0, 0, 1, 1, 0.16199999999999998, 0.16199999999999998, 0.44, 0.44, 0.43, 0.3, 0.5999999999999999, 0.6749999999999999, 0, 0.42, 0.25, 0.78, 0.56, 0.25, 0.25, 0.56, 0.56, 0.95, 0.27, 1.0, 0.25, 0.56, 0.5, 99, 99, 99]
--- num:  29
list:  [0, 0, 0, 0, 1, 1, 0.16199999999999998, 0.16199999999999998, 0.45, 0.45, 0.41, 0.31, 0.6149999999999999, 0.6749999999999999, 0, 0.41, 0.25, 0.77, 0.56, 0.25, 0.25, 0.56, 0.56, 0.96, 0.27, 1.0, 0.25, 0.61, 0.5, 99, 99, 99]
--- num:  29
list:  [0, 0, 0, 0, 1, 1, 0.16199999999999998, 0.16199999999999998, 0.44, 0.44, 0.41, 0.31, 0.5999999999999999, 0.6449999999999999, 0, 0.39, 0.25, 0.76, 0.56, 0.25, 0.25, 0.56, 0.56, 0.95, 0.27, 0.98, 0.26, 0.62, 0.5, 99, 99, 99]
--- num:  29
list:  [0, 0, 0, 0, 1, 1, 0.16199999999999998, 0.16199999999999998, 0.44, 0.43, 0.42, 0.31, 0.5700000000000001, 0.6299999999999999, 0, 0.39, 0.25, 0.76, 0.56, 0.25, 0.25, 0.56, 0.56, 0.93, 0.28, 0.97, 0.26, 0.62, 0.5, 99, 99, 99]
--- num:  29
list:  [0, 0, 0, 0, 1, 1, 0.16199999999999998, 0.16199999999999998, 0.43, 0.43, 0.43, 0.3, 0.5700000000000001, 0.6299999999999999, 0, 0.39, 0.25, 0.76, 0.56, 0.25, 0.25, 0.56, 0.56, 0.93, 0.28, 0.97, 0.26, 0.62, 0.5, 99, 99, 99]
--- num:  29
list:  [0, 0, 0, 0, 1, 1, 0.16199999999999998, 0.16199999999999998, 0.43, 0.43, 0.38, 0.35, 0.5700000000000001, 0.6449999999999999, 0, 0.4, 0.25, 0.76, 0.56, 0.25, 0.25, 0.56, 0.56, 0.93, 0.28, 0.98, 0.26, 0.62, 0.5, 99, 99, 99]
--- num:  29
list:  [0, 0, 0, 0, 1, 1, 0.16199999999999998, 0.16199999999999998, 0.42, 0.42, 0.37, 0.35, 0.54, 0.6299999999999999, 0, 0.42, 0.25, 0.78, 0.56, 0.25, 0.25, 0.56, 0.56, 0.91, 0.29, 0.97, 0.26, 0.61, 0.5, 99, 99, 99]
--- num:  29
list:  [0, 0, 0, 0, 1, 1, 0.16199999999999998, 0.16199999999999998, 0.44, 0.44, 0.35, 0.37, 0.6599999999999999, 0.75, 0, 0.41, 0.25, 0.77, 0.56, 0.25, 0.25, 0.56, 0.56, 0.99, 0.25, 1.05, 0.23, 0.61, 0.5, 99, 99, 99]
--- num:  29
list:  [0, 0, 0, 0, 1, 1, 0.16199999999999998, 0.16199999999999998, 0.44, 0.44, 0.37, 0.35, 0.6599999999999999, 0.75, 0, 0.4, 0.25, 0.76, 0.56, 0.25, 0.25, 0.56, 0.56, 0.99, 0.25, 1.05, 0.23, 0.63, 0.5, 99, 99, 99]
--- num:  29
list:  [0, 0, 0, 0, 1, 1, 0.16199999999999998, 0.16199999999999998, 0.43, 0.43, 0.35, 0.37, 0.6599999999999999, 0.75, 0, 0.4, 0.25, 0.76, 0.56, 0.25, 0.25, 0.56, 0.56, 0.99, 0.26, 1.05, 0.23, 0.64, 0.5, 99, 99, 99]
--- num:  29
list:  [0, 0, 0, 0, 1, 1, 0.16199999999999998, 0.16199999999999998, 0.43, 0.43, 0.35, 0.37, 0.6299999999999999, 0.735, 0, 0.4, 0.25, 0.76, 0.56, 0.25, 0.25, 0.56, 0.56, 0.97, 0.26, 1.04, 0.23, 0.62, 0.5, 99, 99, 99]
--- num:  29
list:  [0, 0, 0, 0, 1, 1, 0.16199999999999998, 0.16199999999999998, 0.44, 0.44, 0.35, 0.37, 0.795, 0.81, 0, 0.38, 0.25, 0.75, 0.56, 0.25, 0.25, 0.56, 0.56, 1.08, 0.22, 1.09, 0.21, 0.59, 0.5, 99, 99, 99]
--- num:  29
list:  [0, 0, 0, 0, 1, 1, 0.16199999999999998, 0.16199999999999998, 0.45, 0.45, 0.35, 0.37, 0.81, 0.81, 0, 0.37, 0.25, 0.74, 0.56, 0.25, 0.25, 0.56, 0.56, 1.09, 0.21, 1.09, 0.21, 0.68, 0.5, 99, 99, 99]
--- num:  29
list:  [0, 0, 0, 0, 1, 1, 0.16199999999999998, 0.16199999999999998, 0.45, 0.45, 0.36, 0.37, 0.81, 0.81, 0, 0.36, 0.25, 0.74, 0.56, 0.25, 0.25, 0.56, 0.56, 1.09, 0.21, 1.09, 0.21, 0.68, 0.5, 99, 99, 99]
--- num:  29
list:  [0, 0, 0, 0, 1, 1, 0.16199999999999998, 0.16199999999999998, 0.44, 0.44, 0.37, 0.36, 0.81, 0.81, 0, 0.36, 0.25, 0.73, 0.56, 0.25, 0.25, 0.56, 0.56, 1.09, 0.21, 1.09, 0.21, 0.68, 0.5, 99, 99, 99]
--- num:  29
list:  [0, 0, 0, 0, 1, 1, 0.16199999999999998, 0.16199999999999998, 0.43, 0.43, 0.38, 0.34, 0.81, 0.81, 0, 0.36, 0.25, 0.73, 0.56, 0.25, 0.25, 0.56, 0.56, 1.09, 0.21, 1.09, 0.21, 0.65, 0.5, 99, 99, 99]
--- num:  29
list:  [0, 0, 0, 0, 1, 1, 0.16199999999999998, 0.16199999999999998, 0.37, 0.37, 0.37, 0.35, 0.81, 0.81, 0, 0.36, 0.25, 0.73, 0.56, 0.25, 0.25, 0.56, 0.56, 1.09, 0.21, 1.09, 0.21, 0.53, 0.5, 99, 99, 99]
--- num:  29
list:  [0, 0, 0, 0, 1, 1, 0.16199999999999998, 0.16199999999999998, 0.35, 0.35, 0.38, 0.35, 0.78, 0.81, 0, 0.36, 0.25, 0.73, 0.56, 0.25, 0.25, 0.56, 0.56, 1.07, 0.22, 1.09, 0.21, 0.53, 0.5, 99, 99, 99]
--- num:  29
list:  [0, 0, 0, 0, 1, 1, 0.16199999999999998, 0.16199999999999998, 0.37, 0.37, 0.39, 0.33, 0.6749999999999999, 0.75, 0, 0.36, 0.25, 0.73, 0.56, 0.25, 0.25, 0.56, 0.56, 1.0, 0.25, 1.05, 0.23, 0.54, 0.5, 99, 99, 99]
--- num:  29
list:  [0, 0, 0, 0, 1, 1, 0.16199999999999998, 0.16199999999999998, 0.38, 0.38, 0.4, 0.32, 0.6449999999999999, 0.735, 0, 0.36, 0.25, 0.73, 0.56, 0.25, 0.25, 0.56, 0.56, 0.98, 0.26, 1.04, 0.23, 0.56, 0.5, 99, 99, 99]
--- num:  29
list:  [0, 0, 0, 0, 1, 1, 0.16199999999999998, 0.16199999999999998, 0.39, 0.39, 0.4, 0.32, 0.6149999999999999, 0.72, 0, 0.38, 0.25, 0.75, 0.56, 0.25, 0.25, 0.56, 0.56, 0.96, 0.27, 1.03, 0.24, 0.57, 0.5, 99, 99, 99]
--- num:  29
list:  [0, 0, 0, 0, 1, 1, 0.16199999999999998, 0.16199999999999998, 0.39, 0.39, 0.39, 0.33, 0.54, 0.6599999999999999, 0, 0.4, 0.25, 0.76, 0.56, 0.25, 0.25, 0.56, 0.56, 0.91, 0.29, 0.99, 0.25, 0.57, 0.5, 99, 99, 99]
--- num:  29
list:  [0, 0, 0, 0, 1, 1, 0.16199999999999998, 0.16199999999999998, 0.4, 0.4, 0.37, 0.35, 0.51, 0.6299999999999999, 0, 0.41, 0.25, 0.77, 0.56, 0.25, 0.25, 0.56, 0.56, 0.89, 0.3, 0.97, 0.26, 0.58, 0.5, 99, 99, 99]
--- num:  29
list:  [0, 0, 0, 0, 1, 1, 0.16199999999999998, 0.16199999999999998, 0.39, 0.39, 0.36, 0.37, 0.49499999999999994, 0.5999999999999999, 0, 0.41, 0.25, 0.77, 0.56, 0.25, 0.25, 0.56, 0.56, 0.88, 0.3, 0.95, 0.27, 0.59, 0.5, 99, 99, 99]
--- num:  29
list:  [0, 0, 0, 0, 1, 1, 0.16199999999999998, 0.16199999999999998, 0.39, 0.39, 0.34, 0.39, 0.49499999999999994, 0.5849999999999999, 0, 0.41, 0.25, 0.77, 0.56, 0.25, 0.25, 0.56, 0.56, 0.88, 0.3, 0.94, 0.28, 0.61, 0.5, 99, 99, 99]
--- num:  29
list:  [0, 0, 0, 0, 1, 1, 0.16199999999999998, 0.16199999999999998, 0.39, 0.39, 0.34, 0.39, 0.4499999999999999, 0.51, 0, 0.42, 0.25, 0.78, 0.56, 0.25, 0.25, 0.56, 0.56, 0.85, 0.32, 0.89, 0.3, 0.61, 0.5, 99, 99, 99]
--- num:  29
list:  [0, 0, 0, 0, 1, 1, 0.16199999999999998, 0.16199999999999998, 0.4, 0.4, 0.38, 0.34, 0.4349999999999999, 0.51, 0, 0.46, 0.25, 0.81, 0.56, 0.25, 0.25, 0.56, 0.56, 0.84, 0.32, 0.89, 0.3, 0.67, 0.5, 99, 99, 99]
--- num:  29
list:  [0, 0, 0, 0, 1, 1, 0.16199999999999998, 0.16199999999999998, 0.4, 0.4, 0.38, 0.34, 0.4199999999999999, 0.51, 0, 0.46, 0.25, 0.81, 0.56, 0.25, 0.25, 0.56, 0.56, 0.83, 0.32, 0.89, 0.3, 0.68, 0.5, 99, 99, 99]
--- num:  29
list:  [0, 0, 0, 0, 1, 1, 0.16199999999999998, 0.16199999999999998, 0.4, 0.4, 0.4, 0.33, 0.4199999999999999, 0.51, 0, 0.46, 0.25, 0.8, 0.56, 0.25, 0.25, 0.56, 0.56, 0.83, 0.32, 0.89, 0.3, 0.68, 0.5, 99, 99, 99]
--- num:  29
list:  [0, 0, 0, 0, 1, 1, 0.16199999999999998, 0.16199999999999998, 0.41, 0.41, 0.4, 0.33, 0.40499999999999986, 0.49499999999999994, 0, 0.45, 0.25, 0.8, 0.56, 0.25, 0.25, 0.56, 0.56, 0.82, 0.33, 0.88, 0.3, 0.73, 0.5, 99, 99, 99]
--- num:  29
list:  [0, 0, 0, 0, 1, 1, 0.16199999999999998, 0.16199999999999998, 0.43, 0.43, 0.42, 0.3, 0.4199999999999999, 0.51, 0, 0.46, 0.25, 0.8, 0.56, 0.25, 0.25, 0.56, 0.56, 0.83, 0.32, 0.89, 0.3, 0.71, 0.5, 99, 99, 99]
--- num:  29
list:  [0, 0, 0, 0, 1, 1, 0.16199999999999998, 0.16199999999999998, 0.43, 0.43, 0.44, 0.28, 0.39, 0.4349999999999999, 0, 0.54, 0.25, 0.87, 0.56, 0.25, 0.25, 0.56, 0.56, 0.81, 0.33, 0.84, 0.32, 0.46, 0.5, 99, 99, 99]
--- num:  29
list:  [0, 0, 0, 0, 1, 1, 0.18996981859207152, 0.18910426974296568, 0.34, 0.34, 0.36, 0.36, 0.36, 0.32999999999999996, 0, 0.54, 0.25, 0.87, 0.56, 0.25, 0.25, 0.56, 0.56, 0.79, 0.34, 0.77, 0.35, 0.29, 0.62, 99, 99, 99]
--- num:  29
list:  [0, 0, 0, 0, 1, 1, 0.16199999999999998, 0.16199999999999998, 0.37, 0.37, 0.39, 0.33, 0.31499999999999995, 0.29999999999999993, 0, 0.54, 0.25, 0.87, 0.56, 0.25, 0.25, 0.56, 0.56, 0.76, 0.36, 0.75, 0.36, 0.25, 0.51, 99, 99, 99]
--- num:  29
list:  [0, 0, 0, 0, 1, 1, 0.16199999999999998, 0.16199999999999998, 0.36, 0.36, 0.45, 0.27, 0.36, 0.375, 0, 0.54, 0.25, 0.86, 0.56, 0.25, 0.25, 0.56, 0.56, 0.79, 0.34, 0.8, 0.34, 0.25, 0.14, 99, 99, 99]
--- num:  29
list:  [0, 0, 0, 0, 1, 1, 0.16199999999999998, 0.16199999999999998, 0.39, 0.39, 0.5, 0.22, 0.375, 0.39, 0, 0.53, 0.25, 0.86, 0.56, 0.25, 0.25, 0.56, 0.56, 0.8, 0.34, 0.81, 0.34, 0.3, 0, 99, 99, 99]
--- num:  29
list:  [0, 0, 0, 0, 1, 1, 0.16199999999999998, 0.16199999999999998, 0.39, 0.39, 0.55, 0.17, 0.375, 0.39, 0, 0.54, 0.25, 0.86, 0.56, 0.25, 0.25, 0.56, 0.56, 0.8, 0.34, 0.81, 0.33, 0.31, 0, 99, 99, 99]
--- num:  29
list:  [0, 0, 0, 0, 1, 1, 0.16199999999999998, 0.16199999999999998, 0.39, 0.39, 0.55, 0.17, 0.40499999999999986, 0.40499999999999986, 0, 0.52, 0.25, 0.86, 0.56, 0.25, 0.25, 0.56, 0.56, 0.82, 0.33, 0.82, 0.33, 0.33, 0, 99, 99, 99]
--- num:  29
list:  [0, 0, 0, 0, 1, 1, 0.16199999999999998, 0.16199999999999998, 0.4, 0.4, 0.54, 0.18, 0.29999999999999993, 0.2849999999999999, 0, 0.52, 0.25, 0.85, 0.56, 0.25, 0.25, 0.56, 0.56, 0.75, 0.36, 0.74, 0.36, 0.25, 0, 99, 99, 99]
--- num:  29
list:  [0, 0, 0, 0, 1, 1, 0.16199999999999998, 0.16199999999999998, 0.4, 0.4, 0.5, 0.22, 0.2849999999999999, 0.2549999999999999, 0, 0.49, 0.25, 0.83, 0.56, 0.25, 0.25, 0.56, 0.56, 0.74, 0.36, 0.72, 0.38, 0.18, 0.04, 99, 99, 99]
--- num:  29
list:  [0, 0, 0, 0, 1, 1, 0.5864890027046203, 0.5687205004692077, 0.24, 0.24, 0.43, 0.3, 0.345, 0.32999999999999996, 0, 0.49, 0.25, 0.83, 0.56, 0.25, 0.25, 0.56, 0.56, 0.78, 0.35, 0.77, 0.35, 0.14, 0.39, 99, 99, 99]
--- num:  29
list:  [0, 0, 0, 0, 1, 1, 0.16199999999999998, 0.16199999999999998, 0.39, 0.39, 0.39, 0.33, 0.22499999999999987, 0.195, 0, 0.53, 0.25, 0.86, 0.56, 0.25, 0.25, 0.56, 0.56, 0.7, 0.38, 0.68, 0.39, 0.14, 0.48, 99, 99, 99]
--- num:  29
list:  [0.55, 0.55, 1, 1, 0.98, 0.98, 0.7471884894371033, 0.7217947053909302, 0.22, 0.22, 0.32, 0.41, 0.2699999999999999, 0.22499999999999987, 0, 0.48, 0.355, 0.82, 0.56, 0.35, 0.36, 0.56, 0.56, 0.73, 0.37, 0.7, 0.38, 0.12, 0.42, 99, 99, 99]
--- num:  29
list:  [0.56, 0.56, 1, 1, 0.98, 0.98, 0.16199999999999998, 0.16199999999999998, 0.38, 0.38, 0.28, 0.45, 0.20999999999999985, 0.14999999999999997, 0.5, 0.37, 0.635, 0.74, 0.51, 0.63, 0.64, 0.51, 0.51, 0.69, 0.39, 0.65, 0.4, 0.06, 0.43, 99, 99, 99]
--- num:  29
list:  [0.56, 0.56, 1, 1, 0.98, 0.98, 0.16199999999999998, 0.16199999999999998, 0.41, 0.41, 0.25, 0.48, 0.195, 0.14999999999999997, 0.75, 0.33, 0.85, 0.71, 0.4, 0.85, 0.85, 0.4, 0.4, 0.68, 0.39, 0.65, 0.41, 0.05, 0.43, 99, 99, 99]
--- num:  29
list:  [0.06, 0.06, 0, 0, 1, 1, 0.16199999999999998, 0.16199999999999998, 0.41, 0.41, 0.24, 0.48, 0.195, 0.13499999999999995, 0.75, 0.32, 0.855, 0.7, 0.39, 0.85, 0.86, 0.39, 0.39, 0.68, 0.39, 0.64, 0.41, 0.05, 0.45, 99, 99, 99]
--- num:  29
list:  [0.55, 0.55, 1, 1, 0.98, 0.98, 0.16199999999999998, 0.16199999999999998, 0.41, 0.41, 0.24, 0.48, 0.195, 0.13499999999999995, 0.75, 0.32, 0.855, 0.7, 0.39, 0.85, 0.86, 0.39, 0.39, 0.68, 0.39, 0.64, 0.41, 0.05, 0.46, 99, 99, 99]
--- num:  29
list:  [0.56, 0.56, 1, 1, 0.98, 0.98, 0.6362317013740539, 0.6244087624549866, 0.25, 0.25, 0.28, 0.44, 0.16499999999999998, 0.13499999999999995, 0.75, 0.3, 0.885, 0.69, 0.33, 0.88, 0.89, 0.33, 0.33, 0.66, 0.4, 0.64, 0.41, 0.04, 0.48, 99, 99, 99]
--- num:  29
list:  [0.56, 0.56, 1, 1, 0.98, 0.98, 0.16199999999999998, 0.16199999999999998, 0.42, 0.42, 0.3, 0.42, 0.16499999999999998, 0.13499999999999995, 0.75, 0.29, 0.9, 0.68, 0.34, 0.9, 0.9, 0.34, 0.34, 0.66, 0.4, 0.64, 0.41, 0.03, 0.47, 99, 99, 99]
--- num:  29
list:  [0.02, 0.02, 0, 0, 1, 1, 0.16199999999999998, 0.16199999999999998, 0.44, 0.44, 0.34, 0.38, 0.14999999999999997, 0.11999999999999994, 0.75, 0.28, 0.915, 0.67, 0.34, 0.91, 0.92, 0.34, 0.34, 0.65, 0.41, 0.63, 0.42, 0.03, 0.46, 99, 99, 99]
--- num:  29
list:  [0.06, 0.06, 0, 0, 1, 1, 0.16199999999999998, 0.16199999999999998, 0.44, 0.44, 0.37, 0.35, 0.14999999999999997, 0.11999999999999994, 0.75, 0.27, 0.92, 0.66, 0.33, 0.92, 0.92, 0.33, 0.33, 0.65, 0.4, 0.63, 0.41, 0.03, 0.44, 99, 99, 99]
--- num:  29
list:  [0.12, 0.12, 0.05, 0.05, 1, 1, 0.16199999999999998, 0.16199999999999998, 0.44, 0.44, 0.41, 0.31, 0.16499999999999998, 0.11999999999999994, 0.75, 0.26, 0.92, 0.66, 0.35, 0.92, 0.92, 0.35, 0.35, 0.66, 0.4, 0.63, 0.41, 0.03, 0.42, 99, 99, 99]
--- num:  29
list:  [0.05, 0.05, 0, 0, 1, 1, 0.16199999999999998, 0.16199999999999998, 0.45, 0.45, 0.45, 0.28, 0.16499999999999998, 0.11999999999999994, 0.75, 0.27, 0.92, 0.66, 0.35, 0.92, 0.92, 0.35, 0.35, 0.66, 0.4, 0.63, 0.41, 0.03, 0.4, 99, 99, 99]
--- num:  29
list:  [0.07, 0.07, 0, 0, 1, 1, 0.7328488039970398, 0.7009334373474121, 0.25, 0.25, 0.45, 0.27, 0.16499999999999998, 0.13499999999999995, 0.75, 0.28, 0.895, 0.67, 0.36, 0.89, 0.9, 0.36, 0.36, 0.66, 0.4, 0.64, 0.41, 0.03, 0.38, 99, 99, 99]
--- num:  29
list:  [0.01, 0.01, 0, 0, 1, 1, 0.16199999999999998, 0.16199999999999998, 0.43, 0.43, 0.5, 0.22, 0.16499999999999998, 0.10499999999999993, 0.75, 0.3, 0.885, 0.69, 0.37, 0.88, 0.89, 0.37, 0.37, 0.66, 0.4, 0.62, 0.42, 0.03, 0.35, 99, 99, 99]
--- num:  29
list:  [0.03, 0.03, 0, 0, 1, 1, 0.16199999999999998, 0.16199999999999998, 0.45, 0.45, 0.52, 0.2, 0.13499999999999995, 0.0749999999999999, 0.75, 0.3, 0.89, 0.69, 0.36, 0.88, 0.9, 0.36, 0.36, 0.64, 0.41, 0.6, 0.43, 0.03, 0.33, 99, 99, 99]
--- num:  29
list:  [0.06, 0.06, 0, 0, 1, 1, 0.16199999999999998, 0.16199999999999998, 0.46, 0.46, 0.53, 0.19, 0.11999999999999994, 0.05999999999999989, 0.75, 0.3, 0.89, 0.69, 0.36, 0.88, 0.9, 0.36, 0.36, 0.63, 0.41, 0.59, 0.43, 0.03, 0.31, 99, 99, 99]
--- num:  29
list:  [0.01, 0.01, 0, 0, 1, 1, 0.16199999999999998, 0.16199999999999998, 0.46, 0.46, 0.52, 0.21, 0.16499999999999998, 0.11999999999999994, 0.75, 0.31, 0.875, 0.69, 0.38, 0.87, 0.88, 0.38, 0.38, 0.66, 0.4, 0.63, 0.42, 0.03, 0.3, 99, 99, 99]
--- num:  29
list:  [0, 0, 0, 0, 1, 1, 0.16199999999999998, 0.16199999999999998, 0.43, 0.43, 0.47, 0.25, 0.16499999999999998, 0.11999999999999994, 0.5, 0.32, 0.795, 0.7, 0.41, 0.79, 0.8, 0.41, 0.41, 0.66, 0.4, 0.63, 0.41, 0.03, 0.29, 99, 99, 99]
--- num:  29
list:  [0.59, 0.59, 1, 1, 0.95, 0.95, 0.9495581793785095, 0.9495402383804321, 0.33, 0.33, 0.38, 0.35, 0.22499999999999987, 0.20999999999999985, 0.5, 0.34, 0.735, 0.72, 0.33, 0.74, 0.73, 0.33, 0.33, 0.7, 0.38, 0.69, 0.39, 0.03, 0.32, 99, 99, 99]
--- num:  29
list:  [0.6, 0.6, 1, 1, 0.94, 0.94, 0.9456921029090881, 0.9456758904457092, 0.39, 0.39, 0.32, 0.41, 0.23999999999999988, 0.22499999999999987, 0.25, 0.34, 0.795, 0.72, 0.3, 0.8, 0.79, 0.3, 0.3, 0.71, 0.38, 0.7, 0.38, 0.03, 0.42, 99, 99, 99]
--- num:  29
list:  [0.58, 0.58, 1, 1, 0.96, 0.96, 0.8292392897605896, 0.827567617893219, 0.33, 0.33, 0.28, 0.44, 0.2549999999999999, 0.2549999999999999, 0.5, 0.33, 0.715, 0.71, 0.37, 0.72, 0.71, 0.37, 0.37, 0.72, 0.37, 0.72, 0.37, 0.03, 0.43, 99, 99, 99]
--- num:  29
list:  [0, 0, 0, 0, 1, 1, 0.16199999999999998, 0.16199999999999998, 0.46, 0.46, 0.17, 0.55, 0.23999999999999988, 0.20999999999999985, 0.75, 0.33, 0.765, 0.71, 0.39, 0.77, 0.76, 0.39, 0.39, 0.71, 0.38, 0.69, 0.39, 0.03, 0.44, 99, 99, 99]
--- num:  29
list:  [0, 0, 0, 0, 1, 1, 0.16199999999999998, 0.16199999999999998, 0.47, 0.47, 0.14, 0.58, 0.2549999999999999, 0.20999999999999985, 0.5, 0.33, 0.75, 0.71, 0.41, 0.75, 0.75, 0.41, 0.41, 0.72, 0.37, 0.69, 0.39, 0.03, 0.46, 99, 99, 99]
--- num:  29
list:  [0, 0, 0, 0, 1, 1, 0.16199999999999998, 0.16199999999999998, 0.46, 0.46, 0.14, 0.58, 0.2549999999999999, 0.195, 0.75, 0.33, 0.75, 0.71, 0.42, 0.75, 0.75, 0.42, 0.42, 0.72, 0.37, 0.68, 0.39, 0.04, 0.47, 99, 99, 99]
--- num:  29
list:  [0, 0, 0, 0, 1, 1, 0.16199999999999998, 0.16199999999999998, 0.46, 0.46, 0.16, 0.56, 0.2699999999999999, 0.20999999999999985, 0.75, 0.32, 0.77, 0.7, 0.41, 0.77, 0.77, 0.41, 0.41, 0.73, 0.37, 0.69, 0.39, 0.04, 0.48, 99, 99, 99]
--- num:  29
list:  [0, 0, 0, 0, 1, 1, 0.16199999999999998, 0.16199999999999998, 0.46, 0.46, 0.25, 0.47, 0.2699999999999999, 0.20999999999999985, 0.75, 0.32, 0.785, 0.7, 0.4, 0.78, 0.79, 0.4, 0.4, 0.73, 0.37, 0.69, 0.39, 0.04, 0.48, 99, 99, 99]
--- num:  29
list:  [0, 0, 0, 0, 1, 1, 0.16199999999999998, 0.16199999999999998, 0.45, 0.45, 0.37, 0.35, 0.2849999999999999, 0.20999999999999985, 0.75, 0.32, 0.795, 0.7, 0.39, 0.79, 0.8, 0.39, 0.39, 0.74, 0.37, 0.69, 0.39, 0.04, 0.47, 99, 99, 99]
--- num:  29
list:  [0, 0, 0, 0, 1, 1, 0.16199999999999998, 0.16199999999999998, 0.37, 0.37, 0.13, 0.6, 0.2549999999999999, 0.20999999999999985, 0.75, 0.32, 0.775, 0.7, 0.37, 0.78, 0.77, 0.37, 0.37, 0.72, 0.38, 0.69, 0.39, 0.04, 0.47, 99, 99, 99]
--- num:  29
list:  [0, 0, 0, 0, 1, 1, 0.16199999999999998, 0.16199999999999998, 0.43, 0.43, 0.04, 0.69, 0.20999999999999985, 0.195, 0.75, 0.32, 0.72, 0.7, 0.44, 0.72, 0.72, 0.44, 0.44, 0.69, 0.39, 0.68, 0.39, 0.03, 0.46, 99, 99, 99]
--- num:  29
list:  [0.02, 0.02, 0, 0, 1, 1, 0.16199999999999998, 0.16199999999999998, 0.44, 0.44, 0.08, 0.65, 0.20999999999999985, 0.18, 0.75, 0.32, 0.78, 0.71, 0.41, 0.77, 0.79, 0.41, 0.41, 0.69, 0.39, 0.67, 0.4, 0.03, 0.4, 99, 99, 99]
--- num:  29
list:  [0.02, 0.02, 0, 0, 1, 1, 0.16199999999999998, 0.16199999999999998, 0.42, 0.42, 0.08, 0.65, 0.20999999999999985, 0.18, 0.75, 0.33, 0.775, 0.71, 0.43, 0.77, 0.78, 0.43, 0.43, 0.69, 0.39, 0.67, 0.4, 0.03, 0.37, 99, 99, 99]
--- num:  29
list:  [0.05, 0.05, 0, 0, 1, 1, 0.16199999999999998, 0.16199999999999998, 0.44, 0.44, 0.18, 0.55, 0.20999999999999985, 0.18, 0.75, 0.33, 0.8, 0.71, 0.43, 0.79, 0.81, 0.43, 0.43, 0.69, 0.39, 0.67, 0.4, 0.03, 0.34, 99, 99, 99]
--- num:  29
list:  [0.05, 0.05, 0, 0, 1, 1, 0.16199999999999998, 0.16199999999999998, 0.44, 0.44, 0.21, 0.52, 0.195, 0.13499999999999995, 0.75, 0.34, 0.81, 0.72, 0.43, 0.8, 0.82, 0.43, 0.43, 0.68, 0.39, 0.64, 0.41, 0.03, 0.31, 99, 99, 99]
--- num:  29
list:  [0.06, 0.06, 0, 0, 1, 1, 0.16199999999999998, 0.16199999999999998, 0.44, 0.44, 0.18, 0.54, 0.18, 0.13499999999999995, 0.75, 0.34, 0.81, 0.72, 0.42, 0.8, 0.82, 0.42, 0.42, 0.67, 0.4, 0.64, 0.41, 0.03, 0.31, 99, 99, 99]
--- num:  29
list:  [0.06, 0.06, 0, 0, 1, 1, 0.16199999999999998, 0.16199999999999998, 0.44, 0.44, 0.17, 0.56, 0.18, 0.14999999999999997, 0.75, 0.34, 0.8200000000000001, 0.71, 0.41, 0.81, 0.83, 0.41, 0.41, 0.67, 0.39, 0.65, 0.41, 0.03, 0.31, 99, 99, 99]
--- num:  29
list:  [0.07, 0.07, 0, 0, 1, 1, 0.16199999999999998, 0.16199999999999998, 0.45, 0.45, 0.15, 0.58, 0.195, 0.14999999999999997, 0.75, 0.33, 0.835, 0.71, 0.41, 0.83, 0.84, 0.41, 0.41, 0.68, 0.39, 0.65, 0.4, 0.03, 0.31, 99, 99, 99]
--- num:  29
list:  [0.08, 0.08, 0, 0, 1, 1, 0.16199999999999998, 0.16199999999999998, 0.44, 0.44, 0.12, 0.61, 0.195, 0.16499999999999998, 0.75, 0.33, 0.825, 0.71, 0.41, 0.82, 0.83, 0.41, 0.41, 0.68, 0.39, 0.66, 0.4, 0.03, 0.31, 99, 99, 99]
--- num:  29
list:  [0, 0, 0, 0, 1, 1, 0.16199999999999998, 0.16199999999999998, 0.4, 0.4, 0.44, 0.28, 0.18, 0.13499999999999995, 0.75, 0.33, 0.815, 0.71, 0.4, 0.81, 0.82, 0.4, 0.4, 0.67, 0.4, 0.64, 0.41, 0.03, 0.32, 99, 99, 99]
--- num:  29
list:  [0, 0, 0, 0, 1, 1, 0.16199999999999998, 0.16199999999999998, 0.39, 0.39, 0.58, 0.15, 0.195, 0.14999999999999997, 0.75, 0.34, 0.8, 0.72, 0.37, 0.8, 0.8, 0.37, 0.37, 0.68, 0.39, 0.65, 0.41, 0.03, 0.34, 99, 99, 99]
--- num:  29
list:  [0.07, 0.07, 0, 0, 1, 1, 0.16199999999999998, 0.16199999999999998, 0.43, 0.43, 0.62, 0.11, 0.195, 0.14999999999999997, 0.75, 0.33, 0.84, 0.71, 0.37, 0.84, 0.84, 0.37, 0.37, 0.68, 0.39, 0.65, 0.41, 0.03, 0.39, 99, 99, 99]
--- num:  29
list:  [0.09, 0.09, 0, 0, 1, 1, 0.16199999999999998, 0.16199999999999998, 0.44, 0.44, 0.56, 0.17, 0.23999999999999988, 0.16499999999999998, 0.75, 0.32, 0.845, 0.7, 0.39, 0.84, 0.85, 0.39, 0.39, 0.71, 0.38, 0.66, 0.4, 0.03, 0.43, 99, 99, 99]
--- num:  29
list:  [0.09, 0.09, 0, 0, 1, 1, 0.16199999999999998, 0.16199999999999998, 0.43, 0.43, 0.57, 0.16, 0.2549999999999999, 0.16499999999999998, 0.75, 0.31, 0.855, 0.7, 0.39, 0.85, 0.86, 0.39, 0.39, 0.72, 0.38, 0.66, 0.4, 0.04, 0.45, 99, 99, 99]
--- num:  29
list:  [0.19, 0.19, 0.2, 0.2, 1, 1, 0.16199999999999998, 0.16199999999999998, 0.38, 0.38, 0.86, -0.11, 0.2849999999999999, 0.18, 0.75, 0.31, 0.86, 0.7, 0.36, 0.85, 0.87, 0.36, 0.36, 0.74, 0.37, 0.67, 0.4, 0.04, 0.48, 99, 99, 99]
--- num:  29
list:  [0.2, 0.2, 0.23, 0.23, 1, 1, 0.16199999999999998, 0.16199999999999998, 0.38, 0.38, 0.84, -0.09, 0.2849999999999999, 0.18, 0.75, 0.31, 0.86, 0.7, 0.36, 0.85, 0.87, 0.36, 0.36, 0.74, 0.37, 0.67, 0.4, 0.04, 0.52, 99, 99, 99]
--- num:  29
list:  [0.12, 0.12, 0.05, 0.05, 1, 1, 0.3239468741416931, 0.32293529391288756, 0.31, 0.31, 0.37, 0.36, 0.2699999999999999, 0.18, 0.75, 0.33, 0.84, 0.71, 0.38, 0.83, 0.85, 0.38, 0.38, 0.73, 0.37, 0.67, 0.4, 0.04, 0.53, 99, 99, 99]
--- num:  29
list:  [0.56, 0.56, 1, 1, 0.97, 0.97, 0.48047862529754637, 0.47526810646057127, 0.28, 0.28, 0.22, 0.5, 0.23999999999999988, 0.195, 0.5, 0.35, 0.705, 0.72, 0.41, 0.7, 0.71, 0.41, 0.41, 0.71, 0.38, 0.68, 0.39, 0.04, 0.53, 99, 99, 99]
--- num:  29
list:  [0, 0, 0, 0, 1, 1, 0.16199999999999998, 0.16199999999999998, 0.39, 0.39, 0.29, 0.43, 0.20999999999999985, 0.16499999999999998, 0.25, 0.41, 0.33999999999999997, 0.77, 0.56, 0.33999999999999997, 0.33999999999999997, 0.56, 0.56, 0.69, 0.39, 0.66, 0.4, 0.06, 0.51, 99, 99, 99]
--- num:  29
list:  [0, 0, 0, 0, 1, 1, 0.20001075744628904, 0.19914167702198027, 0.31, 0.31, 0.34, 0.38, 0.39, 0.4349999999999999, 0, 0.48, 0.25, 0.82, 0.56, 0.25, 0.25, 0.56, 0.56, 0.81, 0.33, 0.84, 0.32, 0.15, 0.79, 99, 99, 99]
--- num:  29
list:  [0, 0, 0, 0, 1, 1, 0.16199999999999998, 0.16199999999999998, 0.34, 0.34, 0.38, 0.34, 0.4199999999999999, 0.4649999999999999, 0, 0.44, 0.25, 0.79, 0.56, 0.25, 0.25, 0.56, 0.56, 0.83, 0.32, 0.86, 0.31, 0.22, 0.78, 99, 99, 99]
--- num:  29
list:  [0, 0, 0, 0, 1, 1, 0.16199999999999998, 0.16199999999999998, 0.33, 0.33, 0.4, 0.32, 0.40499999999999986, 0.4499999999999999, 0, 0.42, 0.25, 0.77, 0.56, 0.25, 0.25, 0.56, 0.56, 0.82, 0.33, 0.85, 0.32, 0.25, 0.67, 99, 99, 99]
--- num:  29
list:  [0, 0, 0, 0, 1, 1, 0.16199999999999998, 0.16199999999999998, 0.32, 0.32, 0.42, 0.31, 0.4199999999999999, 0.4649999999999999, 0, 0.4, 0.25, 0.76, 0.56, 0.25, 0.25, 0.56, 0.56, 0.83, 0.32, 0.86, 0.31, 0.28, 0.57, 99, 99, 99]
--- num:  29
list:  [0, 0, 0, 0, 1, 1, 0.16199999999999998, 0.16199999999999998, 0.32, 0.32, 0.44, 0.29, 0.4349999999999999, 0.4799999999999999, 0, 0.4, 0.25, 0.76, 0.56, 0.25, 0.25, 0.56, 0.56, 0.84, 0.32, 0.87, 0.31, 0.32, 0.5, 99, 99, 99]
--- num:  29
list:  [0, 0, 0, 0, 1, 1, 0.16199999999999998, 0.16199999999999998, 0.34, 0.34, 0.49, 0.23, 0.4649999999999999, 0.49499999999999994, 0, 0.4, 0.25, 0.76, 0.56, 0.25, 0.25, 0.56, 0.56, 0.86, 0.31, 0.88, 0.3, 0.37, 0.04, 99, 99, 99]
--- num:  29
list:  [0, 0, 0, 0, 1, 1, 0.16199999999999998, 0.16199999999999998, 0.35, 0.35, 0.52, 0.2, 0.4799999999999999, 0.51, 0, 0.42, 0.25, 0.78, 0.56, 0.25, 0.25, 0.56, 0.56, 0.87, 0.31, 0.89, 0.3, 0.39, 0, 99, 99, 99]
--- num:  29
list:  [0, 0, 0, 0, 1, 1, 0.16199999999999998, 0.16199999999999998, 0.36, 0.36, 0.61, 0.12, 0.4349999999999999, 0.49499999999999994, 0, 0.42, 0.25, 0.78, 0.56, 0.25, 0.25, 0.56, 0.56, 0.84, 0.32, 0.88, 0.3, 0.38, 0, 99, 99, 99]
--- num:  29
list:  [0, 0, 0, 0, 1, 1, 0.16199999999999998, 0.16199999999999998, 0.37, 0.37, 0.57, 0.16, 0.4799999999999999, 0.54, 0, 0.43, 0.25, 0.78, 0.56, 0.25, 0.25, 0.56, 0.56, 0.87, 0.31, 0.91, 0.29, 0.43, 0.4, 99, 99, 99]
--- num:  29
list:  [0, 0, 0, 0, 1, 1, 0.16199999999999998, 0.16199999999999998, 0.36, 0.36, 0.52, 0.21, 0.4649999999999999, 0.54, 0, 0.43, 0.25, 0.79, 0.56, 0.25, 0.25, 0.56, 0.56, 0.86, 0.31, 0.91, 0.29, 0.47, 0.5, 99, 99, 99]
--- num:  29
list:  [0, 0, 0, 0, 1, 1, 0.16199999999999998, 0.16199999999999998, 0.36, 0.36, 0.5, 0.22, 0.4799999999999999, 0.54, 0, 0.43, 0.25, 0.79, 0.56, 0.25, 0.25, 0.56, 0.56, 0.87, 0.31, 0.91, 0.29, 0.48, 0.5, 99, 99, 99]
--- num:  29
list:  [0, 0, 0, 0, 1, 1, 0.16199999999999998, 0.16199999999999998, 0.37, 0.37, 0.47, 0.26, 0.51, 0.5700000000000001, 0, 0.41, 0.25, 0.77, 0.56, 0.25, 0.25, 0.56, 0.56, 0.89, 0.3, 0.93, 0.28, 0.53, 0.5, 99, 99, 99]
--- num:  29
list:  [0, 0, 0, 0, 1, 1, 0.16199999999999998, 0.16199999999999998, 0.38, 0.38, 0.44, 0.29, 0.49499999999999994, 0.5700000000000001, 0, 0.4, 0.25, 0.76, 0.56, 0.25, 0.25, 0.56, 0.56, 0.88, 0.3, 0.93, 0.28, 0.61, 0.5, 99, 99, 99]
--- num:  29
list:  [0, 0, 0, 0, 1, 1, 0.16199999999999998, 0.16199999999999998, 0.39, 0.39, 0.43, 0.29, 0.49499999999999994, 0.5549999999999999, 0, 0.4, 0.25, 0.76, 0.56, 0.25, 0.25, 0.56, 0.56, 0.88, 0.3, 0.92, 0.29, 0.62, 0.5, 99, 99, 99]
--- num:  29
list:  [0, 0, 0, 0, 1, 1, 0.16199999999999998, 0.16199999999999998, 0.4, 0.4, 0.44, 0.28, 0.4799999999999999, 0.54, 0, 0.39, 0.25, 0.76, 0.56, 0.25, 0.25, 0.56, 0.56, 0.87, 0.31, 0.91, 0.29, 0.62, 0.5, 99, 99, 99]
--- num:  29
list:  [0, 0, 0, 0, 1, 1, 0.16199999999999998, 0.16199999999999998, 0.41, 0.41, 0.43, 0.29, 0.4349999999999999, 0.4799999999999999, 0, 0.39, 0.25, 0.76, 0.56, 0.25, 0.25, 0.56, 0.56, 0.84, 0.32, 0.87, 0.31, 0.65, 0.5, 99, 99, 99]
--- num:  29
list:  [0, 0, 0, 0, 1, 1, 0.16199999999999998, 0.16199999999999998, 0.42, 0.42, 0.42, 0.3, 0.4199999999999999, 0.4649999999999999, 0, 0.39, 0.25, 0.76, 0.56, 0.25, 0.25, 0.56, 0.56, 0.83, 0.33, 0.86, 0.31, 0.65, 0.5, 99, 99, 99]
--- num:  29
list:  [0, 0, 0, 0, 1, 1, 0.16199999999999998, 0.16199999999999998, 0.37, 0.37, 0.33, 0.39, 0.4199999999999999, 0.4349999999999999, 0, 0.39, 0.25, 0.76, 0.56, 0.25, 0.25, 0.56, 0.56, 0.83, 0.33, 0.84, 0.32, 0.61, 0.5, 99, 99, 99]
--- num:  29
list:  [0, 0, 0, 0, 1, 1, 0.16199999999999998, 0.16199999999999998, 0.38, 0.38, 0.34, 0.38, 0.29999999999999993, 0.32999999999999996, 0, 0.44, 0.25, 0.79, 0.56, 0.25, 0.25, 0.56, 0.56, 0.75, 0.36, 0.77, 0.35, 0.29, 1, 99, 99, 99]
--- num:  29
list:  [0, 0, 0, 0, 1, 1, 0.16199999999999998, 0.16199999999999998, 0.38, 0.38, 0.34, 0.38, 0.2549999999999999, 0.2849999999999999, 0, 0.45, 0.25, 0.8, 0.56, 0.25, 0.25, 0.56, 0.56, 0.72, 0.37, 0.74, 0.37, 0.21, 1, 99, 99, 99]
--- num:  29
list:  [0, 0, 0, 0, 1, 1, 0.16199999999999998, 0.16199999999999998, 0.41, 0.41, 0.36, 0.36, 0.22499999999999987, 0.23999999999999988, 0, 0.44, 0.25, 0.79, 0.56, 0.25, 0.25, 0.56, 0.56, 0.7, 0.39, 0.71, 0.38, 0.21, 1, 99, 99, 99]
--- num:  29
list:  [0, 0, 0, 0, 1, 1, 0.16199999999999998, 0.16199999999999998, 0.41, 0.41, 0.36, 0.36, 0.195, 0.20999999999999985, 0, 0.43, 0.26, 0.78, 0.56, 0.27, 0.25, 0.56, 0.56, 0.68, 0.39, 0.69, 0.39, 0.15, 1, 99, 99, 99]
--- num:  29
list:  [0, 0, 0, 0, 1, 1, 0.16199999999999998, 0.16199999999999998, 0.41, 0.41, 0.37, 0.36, 0.195, 0.20999999999999985, 0, 0.41, 0.255, 0.77, 0.56, 0.26, 0.25, 0.56, 0.56, 0.68, 0.39, 0.69, 0.39, 0.15, 1, 99, 99, 99]
--- num:  29
list:  [0, 0, 0, 0, 1, 1, 0.16199999999999998, 0.16199999999999998, 0.41, 0.41, 0.38, 0.35, 0.11999999999999994, 0.08999999999999991, 0, 0.45, 0.45499999999999996, 0.8, 0.51, 0.45999999999999996, 0.45, 0.51, 0.51, 0.63, 0.42, 0.61, 0.42, 0.11, 0.99, 99, 99, 99]
--- num:  29
list:  [0, 0, 0, 0, 1, 1, 0.16199999999999998, 0.16199999999999998, 0.41, 0.41, 0.38, 0.34, 0, 0, 0, 0.4, 0.715, 0.76, 0.39, 0.72, 0.71, 0.39, 0.39, 0.48, 0.6, 0.46, 0.62, 0.08, 0.6, 99, 99, 99]
--- num:  29
list:  [0, 0, 0, 0, 1, 1, 0.16199999999999998, 0.16199999999999998, 0.42, 0.42, 0.38, 0.34, 0, 0, 0, 0.39, 0.7, 0.75, 0.4, 0.7, 0.7, 0.4, 0.4, 0.51, 0.52, 0.5, 0.55, 0.08, 0.58, 99, 99, 99]
--- num:  29
list:  [0, 0, 0, 0, 1, 1, 0.16199999999999998, 0.16199999999999998, 0.42, 0.42, 0.38, 0.34, 0.20999999999999985, 0.20999999999999985, 0, 0.46, 0.28500000000000003, 0.81, 0.56, 0.29, 0.28, 0.56, 0.56, 0.69, 0.39, 0.69, 0.39, 0.15, 0.98, 99, 99, 99]
--- num:  29
list:  [0, 0, 0, 0, 1, 1, 0.16199999999999998, 0.16199999999999998, 0.43, 0.43, 0.5, 0.22, 0.23999999999999988, 0.23999999999999988, 0, 0.49, 0.25, 0.83, 0.56, 0.25, 0.25, 0.56, 0.56, 0.71, 0.38, 0.71, 0.38, 0.22, 1, 99, 99, 99]
--- num:  29
list:  [0, 0, 0, 0, 1, 1, 0.16199999999999998, 0.16199999999999998, 0.43, 0.43, 0.5, 0.22, 0.2849999999999999, 0.2849999999999999, 0, 0.5, 0.25, 0.84, 0.56, 0.25, 0.25, 0.56, 0.56, 0.74, 0.36, 0.74, 0.37, 0.46, 0.5, 99, 99, 99]
--- num:  29
list:  [0, 0, 0, 0, 1, 1, 0.16199999999999998, 0.16199999999999998, 0.44, 0.44, 0.49, 0.23, 0.345, 0.32999999999999996, 0, 0.48, 0.25, 0.82, 0.56, 0.25, 0.25, 0.56, 0.56, 0.78, 0.35, 0.77, 0.35, 0.53, 0.5, 99, 99, 99]
--- num:  29
list:  [0, 0, 0, 0, 1, 1, 0.16199999999999998, 0.16199999999999998, 0.44, 0.44, 0.48, 0.25, 0.345, 0.36, 0, 0.45, 0.25, 0.8, 0.56, 0.25, 0.25, 0.56, 0.56, 0.78, 0.35, 0.79, 0.34, 0.6, 0.5, 99, 99, 99]
--- num:  29
list:  [0, 0, 0, 0, 1, 1, 0.16199999999999998, 0.16199999999999998, 0.45, 0.45, 0.46, 0.26, 0.375, 0.40499999999999986, 0, 0.44, 0.25, 0.79, 0.56, 0.25, 0.25, 0.56, 0.56, 0.8, 0.34, 0.82, 0.33, 0.64, 0.5, 99, 99, 99]
--- num:  29
list:  [0, 0, 0, 0, 1, 1, 0.16199999999999998, 0.16199999999999998, 0.43, 0.43, 0.47, 0.25, 0.375, 0.4199999999999999, 0, 0.43, 0.25, 0.79, 0.56, 0.25, 0.25, 0.56, 0.56, 0.8, 0.34, 0.83, 0.33, 0.65, 0.5, 99, 99, 99]
--- num:  29
list:  [0, 0, 0, 0, 1, 1, 0.16199999999999998, 0.16199999999999998, 0.42, 0.42, 0.46, 0.26, 0.39, 0.4349999999999999, 0, 0.42, 0.25, 0.78, 0.56, 0.25, 0.25, 0.56, 0.56, 0.81, 0.33, 0.84, 0.32, 0.66, 0.5, 99, 99, 99]
--- num:  29
list:  [0, 0, 0, 0, 1, 1, 0.16199999999999998, 0.16199999999999998, 0.41, 0.41, 0.44, 0.28, 0.39, 0.4349999999999999, 0, 0.4, 0.25, 0.76, 0.56, 0.25, 0.25, 0.56, 0.56, 0.81, 0.33, 0.84, 0.32, 0.65, 0.5, 99, 99, 99]
--- num:  29
list:  [0, 0, 0, 0, 1, 1, 0.33858136415481566, 0.336760561466217, 0.29, 0.29, 0.36, 0.36, 0.4199999999999999, 0.4649999999999999, 0, 0.39, 0.25, 0.75, 0.56, 0.25, 0.25, 0.56, 0.56, 0.83, 0.33, 0.86, 0.31, 0.66, 0.5, 99, 99, 99]
--- num:  29
list:  [0, 0, 0, 0, 1, 1, 0.16199999999999998, 0.16199999999999998, 0.39, 0.39, 0.35, 0.37, 0.40499999999999986, 0.4349999999999999, 0, 0.37, 0.25, 0.74, 0.56, 0.25, 0.25, 0.56, 0.56, 0.82, 0.33, 0.84, 0.32, 0.66, 0.5, 99, 99, 99]
--- num:  29
list:  [0, 0, 0, 0, 1, 1, 0.16199999999999998, 0.16199999999999998, 0.4, 0.4, 0.35, 0.38, 0.39, 0.4199999999999999, 0, 0.37, 0.25, 0.74, 0.56, 0.25, 0.25, 0.56, 0.56, 0.81, 0.33, 0.83, 0.32, 0.67, 0.5, 99, 99, 99]
--- num:  29
list:  [0, 0, 0, 0, 1, 1, 0.16199999999999998, 0.16199999999999998, 0.4, 0.4, 0.34, 0.38, 0.39, 0.40499999999999986, 0, 0.36, 0.25, 0.74, 0.56, 0.25, 0.25, 0.56, 0.56, 0.81, 0.34, 0.82, 0.33, 0.67, 0.5, 99, 99, 99]
--- num:  29
list:  [0, 0, 0, 0, 1, 1, 0.16199999999999998, 0.16199999999999998, 0.37, 0.37, 0.35, 0.37, 0.375, 0.39, 0, 0.36, 0.25, 0.73, 0.56, 0.25, 0.25, 0.56, 0.56, 0.8, 0.34, 0.81, 0.33, 0.73, 0.5, 99, 99, 99]
--- num:  29
list:  [0, 0, 0, 0, 1, 1, 0.16199999999999998, 0.16199999999999998, 0.36, 0.36, 0.35, 0.37, 0.375, 0.39, 0, 0.35, 0.255, 0.72, 0.56, 0.26, 0.25, 0.56, 0.56, 0.8, 0.34, 0.81, 0.33, 0.74, 0.5, 99, 99, 99]
--- num:  29
list:  [0, 0, 0, 0, 1, 1, 0.16199999999999998, 0.16199999999999998, 0.38, 0.38, 0.36, 0.36, 0.36, 0.375, 0, 0.35, 0.25, 0.72, 0.56, 0.25, 0.25, 0.56, 0.56, 0.79, 0.34, 0.8, 0.34, 0.74, 0.5, 99, 99, 99]
--- num:  29
list:  [0, 0, 0, 0, 1, 1, 0.16199999999999998, 0.16199999999999998, 0.4, 0.4, 0.41, 0.31, 0.36, 0.39, 0, 0.36, 0.25, 0.73, 0.56, 0.25, 0.25, 0.56, 0.56, 0.79, 0.34, 0.81, 0.34, 0.71, 0.5, 99, 99, 99]
--- num:  29
list:  [0, 0, 0, 0, 1, 1, 0.16199999999999998, 0.16199999999999998, 0.41, 0.41, 0.56, 0.17, 0.36, 0.39, 0, 0.39, 0.25, 0.75, 0.56, 0.25, 0.25, 0.56, 0.56, 0.79, 0.34, 0.81, 0.33, 0.7, 0.5, 99, 99, 99]
--- num:  29
list:  [0, 0, 0, 0, 1, 1, 0.16199999999999998, 0.16199999999999998, 0.4, 0.4, 0.57, 0.16, 0.345, 0.39, 0, 0.39, 0.25, 0.76, 0.56, 0.25, 0.25, 0.56, 0.56, 0.78, 0.35, 0.81, 0.33, 0.69, 0.5, 99, 99, 99]
--- num:  29
list:  [0, 0, 0, 0, 1, 1, 0.16199999999999998, 0.16199999999999998, 0.41, 0.41, 0.52, 0.21, 0.345, 0.4199999999999999, 0, 0.4, 0.25, 0.76, 0.56, 0.25, 0.25, 0.56, 0.56, 0.78, 0.35, 0.83, 0.33, 0.69, 0.5, 99, 99, 99]
--- num:  29
list:  [0, 0, 0, 0, 1, 1, 0.16199999999999998, 0.16199999999999998, 0.42, 0.42, 0.55, 0.18, 0.36, 0.4199999999999999, 0, 0.4, 0.25, 0.77, 0.56, 0.25, 0.25, 0.56, 0.56, 0.79, 0.34, 0.83, 0.32, 0.7, 0.5, 99, 99, 99]
--- num:  29
list:  [0, 0, 0, 0, 1, 1, 0.16199999999999998, 0.16199999999999998, 0.4, 0.4, 0.45, 0.27, 0.39, 0.4349999999999999, 0, 0.4, 0.25, 0.77, 0.56, 0.25, 0.25, 0.56, 0.56, 0.81, 0.33, 0.84, 0.32, 0.69, 0.5, 99, 99, 99]
--- num:  29
list:  [0, 0, 0, 0, 1, 1, 0.16199999999999998, 0.16199999999999998, 0.42, 0.42, 0.37, 0.35, 0.4499999999999999, 0.4799999999999999, 0, 0.4, 0.25, 0.76, 0.56, 0.25, 0.25, 0.56, 0.56, 0.85, 0.32, 0.87, 0.31, 0.7, 0.5, 99, 99, 99]
--- num:  29
list:  [0, 0, 0, 0, 1, 1, 0.16199999999999998, 0.16199999999999998, 0.43, 0.43, 0.39, 0.33, 0.4349999999999999, 0.4799999999999999, 0, 0.4, 0.25, 0.77, 0.56, 0.25, 0.25, 0.56, 0.56, 0.84, 0.32, 0.87, 0.31, 0.72, 0.5, 99, 99, 99]
--- num:  29
list:  [0, 0, 0, 0, 1, 1, 0.16199999999999998, 0.16199999999999998, 0.45, 0.45, 0.44, 0.28, 0.40499999999999986, 0.4499999999999999, 0, 0.41, 0.25, 0.77, 0.56, 0.25, 0.25, 0.56, 0.56, 0.82, 0.33, 0.85, 0.32, 0.72, 0.5, 99, 99, 99]
--- num:  29
list:  [0, 0, 0, 0, 1, 1, 0.16199999999999998, 0.16199999999999998, 0.45, 0.45, 0.49, 0.24, 0.40499999999999986, 0.4499999999999999, 0, 0.4, 0.255, 0.76, 0.56, 0.26, 0.25, 0.56, 0.56, 0.82, 0.33, 0.85, 0.32, 0.73, 0.5, 99, 99, 99]
--- num:  29
list:  [0, 0, 0, 0, 1, 1, 0.16199999999999998, 0.16199999999999998, 0.47, 0.47, 0.56, 0.17, 0.345, 0.36, 0, 0.39, 0.28, 0.76, 0.56, 0.31, 0.25, 0.56, 0.56, 0.78, 0.35, 0.79, 0.34, 0.74, 0.5, 99, 99, 99]
--- num:  29
list:  [0, 0, 0, 0, 1, 1, 0.16199999999999998, 0.16199999999999998, 0.47, 0.47, 0.57, 0.15, 0.2849999999999999, 0.2849999999999999, 0, 0.38, 0.29500000000000004, 0.75, 0.56, 0.32, 0.27, 0.56, 0.56, 0.74, 0.37, 0.74, 0.36, 0.76, 0.5, 99, 99, 99]
--- num:  29
list:  [0, 0, 0, 0, 1, 1, 0.16199999999999998, 0.16199999999999998, 0.48, 0.48, 0.57, 0.15, 0.29999999999999993, 0.345, 0, 0.38, 0.28500000000000003, 0.75, 0.56, 0.31, 0.26, 0.56, 0.56, 0.75, 0.36, 0.78, 0.35, 0.76, 0.5, 99, 99, 99]
--- num:  29
list:  [0, 0, 0, 0, 1, 1, 0.16199999999999998, 0.16199999999999998, 0.49, 0.49, 0.55, 0.17, 0.345, 0.40499999999999986, 0, 0.38, 0.27, 0.75, 0.56, 0.29, 0.25, 0.56, 0.56, 0.78, 0.35, 0.82, 0.33, 0.77, 0.5, 99, 99, 99]
--- num:  29
list:  [0, 0, 0, 0, 1, 1, 0.16199999999999998, 0.16199999999999998, 0.47, 0.47, 0.47, 0.26, 0.4199999999999999, 0.49499999999999994, 0, 0.39, 0.25, 0.76, 0.56, 0.25, 0.25, 0.56, 0.56, 0.83, 0.33, 0.88, 0.31, 0.73, 0.5, 99, 99, 99]
--- num:  29
list:  [0, 0, 0, 0, 1, 1, 0.16199999999999998, 0.16199999999999998, 0.45, 0.45, 0.37, 0.35, 0.5249999999999999, 0.5999999999999999, 0, 0.41, 0.25, 0.77, 0.56, 0.25, 0.25, 0.56, 0.56, 0.9, 0.3, 0.95, 0.27, 0.71, 0.5, 99, 99, 99]
--- num:  29
list:  [0, 0, 0, 0, 1, 1, 0.16199999999999998, 0.16199999999999998, 0.45, 0.45, 0.34, 0.38, 0.54, 0.6299999999999999, 0, 0.4, 0.25, 0.76, 0.56, 0.25, 0.25, 0.56, 0.56, 0.91, 0.29, 0.97, 0.26, 0.69, 0.5, 99, 99, 99]
--- num:  29
list:  [0, 0, 0, 0, 1, 1, 0.16199999999999998, 0.16199999999999998, 0.38, 0.38, 0.39, 0.33, 0.5249999999999999, 0.6149999999999999, 0, 0.4, 0.25, 0.76, 0.56, 0.25, 0.25, 0.56, 0.56, 0.9, 0.3, 0.96, 0.27, 0.65, 0.5, 99, 99, 99]
--- num:  29
list:  [0, 0, 0, 0, 1, 1, 0.16199999999999998, 0.16199999999999998, 0.36, 0.36, 0.37, 0.35, 0.51, 0.5849999999999999, 0, 0.4, 0.25, 0.76, 0.56, 0.25, 0.25, 0.56, 0.56, 0.89, 0.3, 0.94, 0.28, 0.64, 0.5, 99, 99, 99]
--- num:  29
list:  [0.05, 0.05, 0, 0, 1, 1, 0.16199999999999998, 0.16199999999999998, 0.35, 0.35, 0.37, 0.35, 0.51, 0.5849999999999999, 0, 0.4, 0.25, 0.76, 0.56, 0.25, 0.25, 0.56, 0.56, 0.89, 0.3, 0.94, 0.28, 0.64, 0.5, 99, 99, 99]
--- num:  29
list:  [0.24, 0.24, 0.32, 0.32, 1, 1, 0.16199999999999998, 0.16199999999999998, 0.33, 0.33, 0.36, 0.36, 0.5249999999999999, 0.5849999999999999, 0, 0.4, 0.25, 0.76, 0.56, 0.25, 0.25, 0.56, 0.56, 0.9, 0.3, 0.94, 0.28, 0.68, 0.5, 99, 99, 99]
--- num:  29
list:  [0.35, 0.35, 0.57, 0.57, 1, 1, 0.16199999999999998, 0.16199999999999998, 0.31, 0.31, 0.36, 0.36, 0.5249999999999999, 0.5849999999999999, 0, 0.4, 0.255, 0.76, 0.56, 0.26, 0.25, 0.56, 0.56, 0.9, 0.3, 0.94, 0.28, 0.69, 0.5, 99, 99, 99]
--- num:  29
list:  [0.35, 0.35, 0.59, 0.59, 1, 1, 0.16199999999999998, 0.16199999999999998, 0.31, 0.31, 0.36, 0.36, 0.51, 0.5700000000000001, 0, 0.4, 0.26, 0.76, 0.56, 0.27, 0.25, 0.56, 0.56, 0.89, 0.3, 0.93, 0.28, 0.7, 0.5, 99, 99, 99]
--- num:  29
list:  [0.36, 0.36, 0.6, 0.6, 1, 1, 0.16199999999999998, 0.16199999999999998, 0.31, 0.31, 0.36, 0.37, 0.49499999999999994, 0.5549999999999999, 0, 0.4, 0.26, 0.76, 0.56, 0.27, 0.25, 0.56, 0.56, 0.88, 0.3, 0.92, 0.29, 0.7, 0.5, 99, 99, 99]
--- num:  29
list:  [0.35, 0.35, 0.57, 0.57, 1, 1, 0.16199999999999998, 0.16199999999999998, 0.31, 0.31, 0.35, 0.37, 0.49499999999999994, 0.5549999999999999, 0, 0.4, 0.26, 0.76, 0.56, 0.27, 0.25, 0.56, 0.56, 0.88, 0.3, 0.92, 0.29, 0.71, 0.5, 99, 99, 99]
--- num:  29
list:  [0.17, 0.17, 0.15, 0.15, 1, 1, 0.16199999999999998, 0.16199999999999998, 0.38, 0.38, 0.49, 0.24, 0.49499999999999994, 0.5549999999999999, 0, 0.4, 0.25, 0.76, 0.56, 0.25, 0.25, 0.56, 0.56, 0.88, 0.3, 0.92, 0.29, 0.71, 0.5, 99, 99, 99]
--- num:  29
list:  [0.15, 0.15, 0.11, 0.11, 1, 1, 0.16199999999999998, 0.16199999999999998, 0.38, 0.38, 0.47, 0.25, 0.4799999999999999, 0.54, 0, 0.41, 0.25, 0.77, 0.56, 0.25, 0.25, 0.56, 0.56, 0.87, 0.31, 0.91, 0.29, 0.7, 0.5, 99, 99, 99]
--- num:  29
list:  [0.14, 0.14, 0.1, 0.1, 1, 1, 0.16199999999999998, 0.16199999999999998, 0.4, 0.4, 0.48, 0.25, 0.4649999999999999, 0.5249999999999999, 0, 0.41, 0.25, 0.77, 0.56, 0.25, 0.25, 0.56, 0.56, 0.86, 0.31, 0.9, 0.29, 0.71, 0.5, 99, 99, 99]
--- num:  29
list:  [0.11, 0.11, 0.02, 0.02, 1, 1, 0.16199999999999998, 0.16199999999999998, 0.41, 0.41, 0.44, 0.28, 0.4499999999999999, 0.51, 0, 0.4, 0.25, 0.77, 0.56, 0.25, 0.25, 0.56, 0.56, 0.85, 0.32, 0.89, 0.3, 0.71, 0.5, 99, 99, 99]
--- num:  29
list:  [0.07, 0.07, 0, 0, 1, 1, 0.16199999999999998, 0.16199999999999998, 0.39, 0.39, 0.35, 0.37, 0.4349999999999999, 0.49499999999999994, 0, 0.4, 0.25, 0.76, 0.56, 0.25, 0.25, 0.56, 0.56, 0.84, 0.32, 0.88, 0.3, 0.71, 0.5, 99, 99, 99]
--- num:  29
list:  [0, 0, 0, 0, 1, 1, 0.16199999999999998, 0.16199999999999998, 0.38, 0.38, 0.29, 0.43, 0.4349999999999999, 0.49499999999999994, 0, 0.4, 0.25, 0.76, 0.56, 0.25, 0.25, 0.56, 0.56, 0.84, 0.32, 0.88, 0.3, 0.68, 0.5, 99, 99, 99]
--- num:  29
list:  [0, 0, 0, 0, 1, 1, 0.16199999999999998, 0.16199999999999998, 0.39, 0.39, 0.3, 0.42, 0.4499999999999999, 0.51, 0, 0.4, 0.25, 0.76, 0.56, 0.25, 0.25, 0.56, 0.56, 0.85, 0.32, 0.89, 0.3, 0.69, 0.5, 99, 99, 99]
--- num:  29
list:  [0, 0, 0, 0, 1, 1, 0.16199999999999998, 0.16199999999999998, 0.42, 0.42, 0.3, 0.42, 0.4499999999999999, 0.51, 0, 0.41, 0.25, 0.77, 0.56, 0.25, 0.25, 0.56, 0.56, 0.85, 0.32, 0.89, 0.3, 0.68, 0.5, 99, 99, 99]
--- num:  29
list:  [0, 0, 0, 0, 1, 1, 0.16199999999999998, 0.16199999999999998, 0.45, 0.45, 0.34, 0.38, 0.4499999999999999, 0.54, 0, 0.45, 0.25, 0.8, 0.56, 0.25, 0.25, 0.56, 0.56, 0.85, 0.32, 0.91, 0.29, 0.67, 0.5, 99, 99, 99]
--- num:  29
list:  [0, 0, 0, 0, 1, 1, 0.16199999999999998, 0.16199999999999998, 0.5, 0.5, 0.36, 0.36, 0.4799999999999999, 0.5849999999999999, 0, 0.5, 0.25, 0.84, 0.56, 0.25, 0.25, 0.56, 0.56, 0.87, 0.31, 0.94, 0.28, 0.66, 0.5, 99, 99, 99]
--- num:  29
list:  [0, 0, 0, 0, 1, 1, 0.16199999999999998, 0.16199999999999998, 0.48, 0.48, 0.39, 0.33, 0.5549999999999999, 0.6299999999999999, 0, 0.51, 0.25, 0.85, 0.56, 0.25, 0.25, 0.56, 0.56, 0.92, 0.28, 0.97, 0.26, 0.56, 0.5, 99, 99, 99]
--- num:  29
list:  [0, 0, 0, 0, 1, 1, 0.16199999999999998, 0.16199999999999998, 0.5, 0.5, 0.4, 0.32, 0.6599999999999999, 0.72, 0, 0.5, 0.25, 0.84, 0.56, 0.25, 0.25, 0.56, 0.56, 0.99, 0.25, 1.03, 0.24, 0.53, 0.5, 99, 99, 99]
--- num:  29
list:  [0, 0, 0, 0, 1, 1, 0.16199999999999998, 0.16199999999999998, 0.48, 0.48, 0.42, 0.3, 0.5549999999999999, 0.6149999999999999, 0, 0.5, 0.25, 0.84, 0.56, 0.25, 0.25, 0.56, 0.56, 0.92, 0.29, 0.96, 0.27, 0.45, 0.5, 99, 99, 99]
--- num:  29
list:  [0, 0, 0, 0, 1, 1, 0.16199999999999998, 0.16199999999999998, 0.47, 0.47, 0.44, 0.28, 0.5549999999999999, 0.6149999999999999, 0, 0.51, 0.25, 0.84, 0.56, 0.25, 0.25, 0.56, 0.56, 0.92, 0.28, 0.96, 0.27, 0.45, 0.5, 99, 99, 99]
--- num:  29
list:  [0.56, 0.56, 1, 1, 0.97, 0.97, 0.16199999999999998, 0.16199999999999998, 0.51, 0.51, 0.47, 0.26, 0.5999999999999999, 0.6599999999999999, 0, 0.5, 0.25, 0.84, 0.56, 0.25, 0.25, 0.56, 0.56, 0.95, 0.27, 0.99, 0.26, 0.53, 0.5, 99, 99, 99]
--- num:  29
list:  [0, 0, 0, 0, 1, 1, 0.16199999999999998, 0.16199999999999998, 0.5, 0.5, 0.49, 0.24, 0.5549999999999999, 0.6299999999999999, 0, 0.5, 0.25, 0.84, 0.56, 0.25, 0.25, 0.56, 0.56, 0.92, 0.28, 0.97, 0.27, 0.45, 0.5, 99, 99, 99]
--- num:  29
list:  [0.01, 0.01, 0, 0, 1, 1, 0.16199999999999998, 0.16199999999999998, 0.5, 0.5, 0.5, 0.23, 0.5999999999999999, 0.6749999999999999, 0, 0.5, 0.25, 0.84, 0.56, 0.25, 0.25, 0.56, 0.56, 0.95, 0.27, 1.0, 0.25, 0.46, 0.5, 99, 99, 99]
--- num:  29
list:  [0.04, 0.04, 0, 0, 1, 1, 0.16199999999999998, 0.16199999999999998, 0.49, 0.49, 0.5, 0.22, 0.6299999999999999, 0.69, 0, 0.5, 0.25, 0.84, 0.56, 0.25, 0.25, 0.56, 0.56, 0.97, 0.27, 1.01, 0.24, 0.48, 0.5, 99, 99, 99]
--- num:  29
list:  [0.02, 0.02, 0, 0, 1, 1, 0.16199999999999998, 0.16199999999999998, 0.49, 0.49, 0.5, 0.22, 0.6299999999999999, 0.69, 0, 0.5, 0.25, 0.84, 0.56, 0.25, 0.25, 0.56, 0.56, 0.97, 0.26, 1.01, 0.24, 0.48, 0.5, 99, 99, 99]
--- num:  29
list:  [0, 0, 0, 0, 1, 1, 0.16199999999999998, 0.16199999999999998, 0.48, 0.48, 0.49, 0.24, 0.5999999999999999, 0.6599999999999999, 0, 0.51, 0.25, 0.84, 0.56, 0.25, 0.25, 0.56, 0.56, 0.95, 0.27, 0.99, 0.25, 0.45, 0.5, 99, 99, 99]
--- num:  29
list:  [0.06, 0.06, 0, 0, 1, 1, 0.16199999999999998, 0.16199999999999998, 0.48, 0.48, 0.47, 0.25, 0.4349999999999999, 0.4649999999999999, 0, 0.53, 0.25, 0.86, 0.56, 0.25, 0.25, 0.56, 0.56, 0.84, 0.32, 0.86, 0.31, 0.37, 0.24, 99, 99, 99]
--- num:  29
list:  [0.06, 0.06, 0, 0, 1, 1, 0.16199999999999998, 0.16199999999999998, 0.44, 0.44, 0.43, 0.29, 0.36, 0.40499999999999986, 0, 0.55, 0.25, 0.87, 0.56, 0.25, 0.25, 0.56, 0.56, 0.79, 0.34, 0.82, 0.33, 0.3, 0.43, 99, 99, 99]
--- num:  29
list:  [0.06, 0.06, 0, 0, 1, 1, 0.16199999999999998, 0.16199999999999998, 0.41, 0.41, 0.4, 0.32, 0.36, 0.36, 0, 0.5, 0.25, 0.84, 0.56, 0.25, 0.25, 0.56, 0.56, 0.79, 0.34, 0.79, 0.34, 0.31, 0.81, 99, 99, 99]
--- num:  29
list:  [0.02, 0.02, 0, 0, 1, 1, 0.16199999999999998, 0.16199999999999998, 0.48, 0.48, 0.36, 0.36, 0.22499999999999987, 0.22499999999999987, 0, 0.5, 0.25, 0.84, 0.56, 0.25, 0.25, 0.56, 0.56, 0.7, 0.38, 0.7, 0.38, 0.21, 0.91, 99, 99, 99]
--- num:  29
list:  [0.05, 0.05, 0, 0, 1, 1, 0.16199999999999998, 0.16199999999999998, 0.49, 0.49, 0.34, 0.38, 0.23999999999999988, 0.23999999999999988, 0.25, 0.41, 0.505, 0.77, 0.56, 0.51, 0.5, 0.56, 0.56, 0.71, 0.38, 0.71, 0.38, 0.12, 0.59, 99, 99, 99]
--- num:  29
list:  [0.17, 0.17, 0.16, 0.16, 1, 1, 0.16199999999999998, 0.16199999999999998, 0.5, 0.5, 0.33, 0.4, 0.31499999999999995, 0.2549999999999999, 0.75, 0.34, 0.73, 0.72, 0.51, 0.72, 0.74, 0.51, 0.51, 0.76, 0.36, 0.72, 0.37, 0.09, 0.44, 99, 99, 99]
--- num:  29
list:  [0.18, 0.18, 0.19, 0.19, 1, 1, 0.16199999999999998, 0.16199999999999998, 0.5, 0.5, 0.32, 0.4, 0.2849999999999999, 0.22499999999999987, 0.75, 0.32, 0.865, 0.7, 0.39, 0.86, 0.87, 0.39, 0.39, 0.74, 0.37, 0.7, 0.38, 0.06, 0.4, 99, 99, 99]
--- num:  29
list:  [0.31, 0.31, 0.49, 0.49, 1, 1, 0.16199999999999998, 0.16199999999999998, 0.53, 0.53, 0.31, 0.41, 0.20999999999999985, 0.18, 1, 0.3, 0.92, 0.69, 0.37, 0.92, 0.92, 0.37, 0.37, 0.69, 0.39, 0.67, 0.4, 0.05, 0.39, 99, 99, 99]
--- num:  29
list:  [0.3, 0.3, 0.46, 0.46, 1, 1, 0.16199999999999998, 0.16199999999999998, 0.53, 0.53, 0.31, 0.41, 0.22499999999999987, 0.18, 1, 0.29, 0.93, 0.68, 0.38, 0.93, 0.93, 0.38, 0.38, 0.7, 0.38, 0.67, 0.4, 0.05, 0.4, 99, 99, 99]
--- num:  29
list:  [0.38, 0.38, 0.65, 0.65, 1, 1, 0.16199999999999998, 0.16199999999999998, 0.52, 0.52, 0.31, 0.41, 0.195, 0.14999999999999997, 1, 0.3, 0.935, 0.68, 0.37, 0.93, 0.94, 0.37, 0.37, 0.68, 0.39, 0.65, 0.4, 0.06, 0.4, 99, 99, 99]
--- num:  29
list:  [0.33, 0.33, 0.54, 0.54, 1, 1, 0.16199999999999998, 0.16199999999999998, 0.51, 0.51, 0.31, 0.41, 0.18, 0.14999999999999997, 1, 0.29, 0.95, 0.68, 0.34, 0.95, 0.95, 0.34, 0.34, 0.67, 0.4, 0.65, 0.4, 0.06, 0.42, 99, 99, 99]
--- num:  29
list:  [0.34, 0.34, 0.57, 0.57, 1, 1, 0.16199999999999998, 0.16199999999999998, 0.5, 0.5, 0.31, 0.41, 0.18, 0.14999999999999997, 1, 0.28, 0.95, 0.67, 0.34, 0.95, 0.95, 0.34, 0.34, 0.67, 0.4, 0.65, 0.4, 0.05, 0.44, 99, 99, 99]
--- num:  29
list:  [0.31, 0.31, 0.49, 0.49, 1, 1, 0.16199999999999998, 0.16199999999999998, 0.49, 0.49, 0.32, 0.4, 0.18, 0.16499999999999998, 1, 0.28, 0.95, 0.67, 0.34, 0.95, 0.95, 0.34, 0.34, 0.67, 0.39, 0.66, 0.4, 0.05, 0.46, 99, 99, 99]
--- num:  29
list:  [0.32, 0.32, 0.52, 0.52, 1, 1, 0.16199999999999998, 0.16199999999999998, 0.46, 0.46, 0.35, 0.37, 0.195, 0.16499999999999998, 1, 0.28, 0.95, 0.68, 0.36, 0.95, 0.95, 0.36, 0.36, 0.68, 0.39, 0.66, 0.4, 0.05, 0.48, 99, 99, 99]
--- num:  29
list:  [0.56, 0.56, 1, 1, 0.97, 0.97, 0.32341341257095335, 0.3230356383323669, 0.3, 0.3, 0.37, 0.35, 0.195, 0.16499999999999998, 1, 0.31, 0.915, 0.69, 0.38, 0.91, 0.92, 0.38, 0.38, 0.68, 0.39, 0.66, 0.4, 0.05, 0.47, 99, 99, 99]
--- num:  29
list:  [0.57, 0.57, 1, 1, 0.96, 0.96, 0.1964948284626007, 0.19611684560775755, 0.33, 0.32, 0.4, 0.33, 0.195, 0.14999999999999997, 0.75, 0.32, 0.895, 0.7, 0.39, 0.89, 0.9, 0.39, 0.39, 0.68, 0.39, 0.65, 0.4, 0.05, 0.43, 99, 99, 99]
--- num:  29
list:  [0.57, 0.57, 1, 1, 0.97, 0.97, 0.16199999999999998, 0.16199999999999998, 0.36, 0.36, 0.43, 0.3, 0.16499999999999998, 0.13499999999999995, 0.75, 0.32, 0.9, 0.7, 0.39, 0.9, 0.9, 0.39, 0.39, 0.66, 0.4, 0.64, 0.41, 0.05, 0.41, 99, 99, 99]
--- num:  29
list:  [0.56, 0.56, 1, 1, 0.97, 0.97, 0.16199999999999998, 0.16199999999999998, 0.36, 0.36, 0.44, 0.28, 0.14999999999999997, 0.11999999999999994, 0.75, 0.33, 0.855, 0.71, 0.45, 0.85, 0.86, 0.45, 0.45, 0.65, 0.4, 0.63, 0.41, 0.05, 0.34, 99, 99, 99]
--- num:  29
list:  [0.56, 0.56, 1, 1, 0.97, 0.97, 0.16199999999999998, 0.16199999999999998, 0.36, 0.36, 0.46, 0.26, 0.14999999999999997, 0.11999999999999994, 0.75, 0.36, 0.78, 0.73, 0.52, 0.77, 0.79, 0.52, 0.52, 0.65, 0.4, 0.63, 0.42, 0.07, 0.29, 99, 99, 99]
--- num:  29
list:  [0.56, 0.56, 1, 1, 0.98, 0.98, 0.16199999999999998, 0.16199999999999998, 0.37, 0.37, 0.47, 0.26, 0.14999999999999997, 0.11999999999999994, 0.75, 0.38, 0.745, 0.74, 0.54, 0.74, 0.75, 0.54, 0.54, 0.65, 0.4, 0.63, 0.42, 0.08, 0.25, 99, 99, 99]
--- num:  29
list:  [0.56, 0.56, 1, 1, 0.97, 0.97, 0.2240025359392166, 0.22379391968250273, 0.3, 0.3, 0.45, 0.27, 0.20999999999999985, 0.16499999999999998, 0.75, 0.46, 0.6, 0.81, 0.56, 0.6, 0.6, 0.56, 0.56, 0.69, 0.39, 0.66, 0.4, 0.09, 0.14, 99, 99, 99]
--- num:  29
list:  [0.56, 0.56, 1, 1, 0.97, 0.97, 0.16199999999999998, 0.16199999999999998, 0.4, 0.4, 0.41, 0.31, 0.16499999999999998, 0.13499999999999995, 0.75, 0.5, 0.525, 0.83, 0.56, 0.53, 0.52, 0.56, 0.56, 0.66, 0.4, 0.64, 0.41, 0.1, 0.13, 99, 99, 99]
--- num:  29
list:  [0.56, 0.56, 1, 1, 0.98, 0.98, 0.16199999999999998, 0.16199999999999998, 0.41, 0.41, 0.37, 0.35, 0.16499999999999998, 0.16499999999999998, 0.75, 0.48, 0.535, 0.82, 0.56, 0.54, 0.53, 0.56, 0.56, 0.66, 0.4, 0.66, 0.4, 0.1, 0.16, 99, 99, 99]
--- num:  29
list:  [0, 0, 0, 0, 1, 1, 0.16199999999999998, 0.16199999999999998, 0.41, 0.41, 0.34, 0.39, 0.22499999999999987, 0.23999999999999988, 0.25, 0.5, 0.25, 0.84, 0.56, 0.25, 0.25, 0.56, 0.56, 0.7, 0.38, 0.71, 0.38, 0.13, 0.38, 99, 99, 99]
--- num:  29
list:  [0, 0, 0, 0, 1, 1, 0.16199999999999998, 0.16199999999999998, 0.41, 0.41, 0.31, 0.41, 0.31499999999999995, 0.345, 0, 0.5, 0.25, 0.83, 0.56, 0.25, 0.25, 0.56, 0.56, 0.76, 0.36, 0.78, 0.35, 0.16, 0.87, 99, 99, 99]
--- num:  29
list:  [0, 0, 0, 0, 1, 1, 0.16199999999999998, 0.16199999999999998, 0.4, 0.4, 0.3, 0.42, 0.36, 0.40499999999999986, 0, 0.48, 0.25, 0.82, 0.56, 0.25, 0.25, 0.56, 0.56, 0.79, 0.34, 0.82, 0.33, 0.21, 0.99, 99, 99, 99]
--- num:  29
list:  [0, 0, 0, 0, 1, 1, 0.16199999999999998, 0.16199999999999998, 0.39, 0.39, 0.3, 0.42, 0.4349999999999999, 0.49499999999999994, 0, 0.46, 0.25, 0.81, 0.56, 0.25, 0.25, 0.56, 0.56, 0.84, 0.32, 0.88, 0.3, 0.27, 1, 99, 99, 99]
--- num:  29
list:  [0, 0, 0, 0, 1, 1, 0.16199999999999998, 0.16199999999999998, 0.39, 0.39, 0.3, 0.42, 0.49499999999999994, 0.5549999999999999, 0, 0.45, 0.25, 0.8, 0.56, 0.25, 0.25, 0.56, 0.56, 0.88, 0.3, 0.92, 0.29, 0.28, 1, 99, 99, 99]
--- num:  29
list:  [0, 0, 0, 0, 1, 1, 0.16199999999999998, 0.16199999999999998, 0.39, 0.39, 0.3, 0.42, 0.49499999999999994, 0.5549999999999999, 0, 0.45, 0.25, 0.8, 0.56, 0.25, 0.25, 0.56, 0.56, 0.88, 0.3, 0.92, 0.29, 0.3, 1, 99, 99, 99]
--- num:  29
list:  [0, 0, 0, 0, 1, 1, 0.16199999999999998, 0.16199999999999998, 0.39, 0.39, 0.31, 0.41, 0.5249999999999999, 0.5849999999999999, 0, 0.44, 0.25, 0.79, 0.56, 0.25, 0.25, 0.56, 0.56, 0.9, 0.3, 0.94, 0.28, 0.34, 1, 99, 99, 99]
--- num:  29
list:  [0, 0, 0, 0, 1, 1, 0.16199999999999998, 0.16199999999999998, 0.39, 0.39, 0.32, 0.4, 0.54, 0.5999999999999999, 0, 0.45, 0.25, 0.8, 0.56, 0.25, 0.25, 0.56, 0.56, 0.91, 0.29, 0.95, 0.27, 0.36, 0.92, 99, 99, 99]
--- num:  29
list:  [0, 0, 0, 0, 1, 1, 0.16199999999999998, 0.16199999999999998, 0.43, 0.43, 0.45, 0.27, 0.4199999999999999, 0.4799999999999999, 0, 0.5, 0.25, 0.83, 0.56, 0.25, 0.25, 0.56, 0.56, 0.83, 0.32, 0.87, 0.31, 0.34, 0.74, 99, 99, 99]
--- num:  29
list:  [0, 0, 0, 0, 1, 1, 0.16199999999999998, 0.16199999999999998, 0.43, 0.43, 0.44, 0.28, 0.40499999999999986, 0.4349999999999999, 0, 0.52, 0.25, 0.85, 0.56, 0.25, 0.25, 0.56, 0.56, 0.82, 0.33, 0.84, 0.32, 0.26, 0.68, 99, 99, 99]
--- num:  29
list:  [0, 0, 0, 0, 1, 1, 0.16199999999999998, 0.16199999999999998, 0.42, 0.42, 0.44, 0.28, 0.39, 0.4199999999999999, 0, 0.52, 0.25, 0.85, 0.56, 0.25, 0.25, 0.56, 0.56, 0.81, 0.33, 0.83, 0.33, 0.2, 0.62, 99, 99, 99]
--- num:  29
list:  [0, 0, 0, 0, 1, 1, 0.16199999999999998, 0.16199999999999998, 0.43, 0.43, 0.44, 0.29, 0.4199999999999999, 0.4499999999999999, 0, 0.47, 0.25, 0.82, 0.56, 0.25, 0.25, 0.56, 0.56, 0.83, 0.33, 0.85, 0.32, 0.16, 0.56, 99, 99, 99]
--- num:  29
list:  [0, 0, 0, 0, 1, 1, 0.16199999999999998, 0.16199999999999998, 0.43, 0.43, 0.45, 0.28, 0.4349999999999999, 0.4649999999999999, 0, 0.44, 0.25, 0.8, 0.56, 0.25, 0.25, 0.56, 0.56, 0.84, 0.32, 0.86, 0.31, 0.16, 0.52, 99, 99, 99]
--- num:  29
list:  [0, 0, 0, 0, 1, 1, 0.16199999999999998, 0.16199999999999998, 0.43, 0.43, 0.49, 0.23, 0.39, 0.40499999999999986, 0.25, 0.44, 0.25, 0.79, 0.56, 0.25, 0.25, 0.56, 0.56, 0.81, 0.33, 0.82, 0.33, 0.15, 0.64, 99, 99, 99]
--- num:  29
list:  [0, 0, 0, 0, 1, 1, 0.16199999999999998, 0.16199999999999998, 0.45, 0.45, 0.57, 0.15, 0, 0, 0, 0.4, 0.8, 0.76, 0.32, 0.82, 0.78, 0.32, 0.32, 0.47, 0.61, 0.48, 0.58, 0.06, 0.47, 99, 99, 99]
--- num:  29
list:  [0, 0, 0, 0, 1, 1, 0.16199999999999998, 0.16199999999999998, 0.47, 0.47, 0.59, 0.14, 0.02999999999999986, 0.04499999999999987, 0.25, 0.38, 0.73, 0.75, 0.37, 0.74, 0.72, 0.37, 0.37, 0.57, 0.44, 0.58, 0.44, 0.06, 0.53, 99, 99, 99]
--- num:  29
list:  [0, 0, 0, 0, 1, 1, 0.16199999999999998, 0.16199999999999998, 0.46, 0.46, 0.54, 0.18, 0.22499999999999987, 0.23999999999999988, 0.25, 0.49, 0.3, 0.83, 0.56, 0.31, 0.29, 0.56, 0.56, 0.7, 0.38, 0.71, 0.38, 0.16, 0.99, 99, 99, 99]
--- num:  29
list:  [0, 0, 0, 0, 1, 1, 0.16199999999999998, 0.16199999999999998, 0.46, 0.46, 0.53, 0.19, 0.2549999999999999, 0.2699999999999999, 0.25, 0.49, 0.26, 0.83, 0.56, 0.27, 0.25, 0.56, 0.56, 0.72, 0.38, 0.73, 0.37, 0.17, 0.97, 99, 99, 99]
--- num:  29
list:  [0, 0, 0, 0, 1, 1, 0.16199999999999998, 0.16199999999999998, 0.46, 0.46, 0.52, 0.2, 0.2549999999999999, 0.2849999999999999, 0.25, 0.49, 0.25, 0.83, 0.56, 0.25, 0.25, 0.56, 0.56, 0.72, 0.37, 0.74, 0.37, 0.19, 1, 99, 99, 99]
--- num:  29
list:  [0, 0, 0, 0, 1, 1, 0.16199999999999998, 0.16199999999999998, 0.46, 0.46, 0.51, 0.22, 0.2699999999999999, 0.31499999999999995, 0, 0.49, 0.25, 0.83, 0.56, 0.25, 0.25, 0.56, 0.56, 0.73, 0.37, 0.76, 0.36, 0.21, 1, 99, 99, 99]
--- num:  29
list:  [0, 0, 0, 0, 1, 1, 0.16199999999999998, 0.16199999999999998, 0.47, 0.47, 0.48, 0.25, 0.2849999999999999, 0.31499999999999995, 0, 0.5, 0.25, 0.84, 0.56, 0.25, 0.25, 0.56, 0.56, 0.74, 0.37, 0.76, 0.36, 0.29, 1, 99, 99, 99]
--- num:  29
list:  [0, 0, 0, 0, 1, 1, 0.6074572014808655, 0.5874340939521789, 0.28, 0.28, 0.32, 0.4, 0.36, 0.39, 0, 0.47, 0.25, 0.81, 0.56, 0.25, 0.25, 0.56, 0.56, 0.79, 0.34, 0.81, 0.34, 0.42, 1, 99, 99, 99]
--- num:  29
list:  [0, 0, 0, 0, 1, 1, 0.16199999999999998, 0.16199999999999998, 0.38, 0.38, 0.31, 0.41, 0.4199999999999999, 0.4649999999999999, 0, 0.45, 0.25, 0.8, 0.56, 0.25, 0.25, 0.56, 0.56, 0.83, 0.32, 0.86, 0.31, 0.5, 0.5, 99, 99, 99]
--- num:  29
list:  [0, 0, 0, 0, 1, 1, 0.16199999999999998, 0.16199999999999998, 0.42, 0.42, 0.3, 0.42, 0.4349999999999999, 0.4649999999999999, 0, 0.42, 0.25, 0.78, 0.56, 0.25, 0.25, 0.56, 0.56, 0.84, 0.32, 0.86, 0.31, 0.55, 0.5, 99, 99, 99]
--- num:  29
list:  [0, 0, 0, 0, 1, 1, 0.16199999999999998, 0.16199999999999998, 0.42, 0.42, 0.3, 0.42, 0.4349999999999999, 0.4799999999999999, 0, 0.42, 0.25, 0.78, 0.56, 0.25, 0.25, 0.56, 0.56, 0.84, 0.32, 0.87, 0.31, 0.52, 0.5, 99, 99, 99]
--- num:  29
list:  [0, 0, 0, 0, 1, 1, 0.16199999999999998, 0.16199999999999998, 0.42, 0.42, 0.3, 0.42, 0.4349999999999999, 0.4799999999999999, 0, 0.43, 0.25, 0.79, 0.56, 0.25, 0.25, 0.56, 0.56, 0.84, 0.32, 0.87, 0.31, 0.44, 0.89, 99, 99, 99]
--- num:  29
list:  [0, 0, 0, 0, 1, 1, 0.16199999999999998, 0.16199999999999998, 0.42, 0.42, 0.34, 0.38, 0.39, 0.4349999999999999, 0, 0.46, 0.25, 0.81, 0.56, 0.25, 0.25, 0.56, 0.56, 0.81, 0.34, 0.84, 0.32, 0.33, 0.71, 99, 99, 99]
--- num:  29
list:  [0, 0, 0, 0, 1, 1, 0.16199999999999998, 0.16199999999999998, 0.42, 0.42, 0.38, 0.34, 0.375, 0.40499999999999986, 0, 0.49, 0.25, 0.83, 0.56, 0.25, 0.25, 0.56, 0.56, 0.8, 0.34, 0.82, 0.33, 0.3, 0.62, 99, 99, 99]
--- num:  29
list:  [0, 0, 0, 0, 1, 1, 0.16199999999999998, 0.16199999999999998, 0.42, 0.42, 0.42, 0.3, 0.32999999999999996, 0.375, 0, 0.49, 0.25, 0.83, 0.56, 0.25, 0.25, 0.56, 0.56, 0.77, 0.35, 0.8, 0.34, 0.22, 0.27, 99, 99, 99]
--- num:  29
list:  [0, 0, 0, 0, 1, 1, 0.16199999999999998, 0.16199999999999998, 0.42, 0.42, 0.48, 0.24, 0.345, 0.39, 0, 0.49, 0.25, 0.83, 0.56, 0.25, 0.25, 0.56, 0.56, 0.78, 0.35, 0.81, 0.33, 0.22, 0.04, 99, 99, 99]
--- num:  29
list:  [0, 0, 0, 0, 1, 1, 0.16199999999999998, 0.16199999999999998, 0.42, 0.42, 0.5, 0.22, 0.36, 0.40499999999999986, 0, 0.5, 0.25, 0.84, 0.56, 0.25, 0.25, 0.56, 0.56, 0.79, 0.34, 0.82, 0.33, 0.28, 0, 99, 99, 99]
--- num:  29
list:  [0, 0, 0, 0, 1, 1, 0.16199999999999998, 0.16199999999999998, 0.42, 0.42, 0.51, 0.22, 0.36, 0.40499999999999986, 0, 0.51, 0.25, 0.85, 0.56, 0.25, 0.25, 0.56, 0.56, 0.79, 0.34, 0.82, 0.33, 0.32, 0.04, 99, 99, 99]
--- num:  29
list:  [0, 0, 0, 0, 1, 1, 0.16199999999999998, 0.16199999999999998, 0.42, 0.42, 0.5, 0.22, 0.345, 0.40499999999999986, 0, 0.52, 0.25, 0.85, 0.56, 0.25, 0.25, 0.56, 0.56, 0.78, 0.35, 0.82, 0.33, 0.32, 0.16, 99, 99, 99]
--- num:  29
list:  [0, 0, 0, 0, 1, 1, 0.16199999999999998, 0.16199999999999998, 0.42, 0.42, 0.49, 0.24, 0.32999999999999996, 0.40499999999999986, 0, 0.52, 0.25, 0.85, 0.56, 0.25, 0.25, 0.56, 0.56, 0.77, 0.35, 0.82, 0.33, 0.32, 0.32, 99, 99, 99]
--- num:  29
list:  [0, 0, 0, 0, 1, 1, 0.16199999999999998, 0.16199999999999998, 0.45, 0.45, 0.57, 0.15, 0.32999999999999996, 0.40499999999999986, 0, 0.53, 0.25, 0.86, 0.56, 0.25, 0.25, 0.56, 0.56, 0.77, 0.35, 0.82, 0.33, 0.32, 0.65, 99, 99, 99]
--- num:  29
list:  [0, 0, 0, 0, 1, 1, 0.16199999999999998, 0.16199999999999998, 0.44, 0.44, 0.51, 0.21, 0.32999999999999996, 0.40499999999999986, 0, 0.57, 0.25, 0.89, 0.56, 0.25, 0.25, 0.56, 0.56, 0.77, 0.35, 0.82, 0.33, 0.31, 0.85, 99, 99, 99]
--- num:  29
list:  [0, 0, 0, 0, 1, 1, 0.16199999999999998, 0.16199999999999998, 0.44, 0.44, 0.49, 0.23, 0.2849999999999999, 0.375, 0, 0.59, 0.25, 0.91, 0.56, 0.25, 0.25, 0.56, 0.56, 0.74, 0.37, 0.8, 0.34, 0.33, 1, 99, 99, 99]
--- num:  29
list:  [0, 0, 0, 0, 1, 1, 0.16199999999999998, 0.16199999999999998, 0.44, 0.44, 0.5, 0.23, 0.2699999999999999, 0.345, 0, 0.6, 0.25, 0.91, 0.56, 0.25, 0.25, 0.56, 0.56, 0.73, 0.37, 0.78, 0.35, 0.33, 1, 99, 99, 99]
--- num:  29
list:  [0, 0, 0, 0, 1, 1, 0.16199999999999998, 0.16199999999999998, 0.44, 0.44, 0.46, 0.26, 0.2849999999999999, 0.345, 0, 0.6, 0.25, 0.91, 0.56, 0.25, 0.25, 0.56, 0.56, 0.74, 0.37, 0.78, 0.35, 0.33, 1, 99, 99, 99]
--- num:  29
list:  [0, 0, 0, 0, 1, 1, 0.16199999999999998, 0.16199999999999998, 0.44, 0.44, 0.44, 0.28, 0.29999999999999993, 0.345, 0, 0.57, 0.25, 0.89, 0.56, 0.25, 0.25, 0.56, 0.56, 0.75, 0.36, 0.78, 0.35, 0.35, 1, 99, 99, 99]
--- num:  29
list:  [0, 0, 0, 0, 1, 1, 0.16199999999999998, 0.16199999999999998, 0.44, 0.44, 0.45, 0.27, 0.31499999999999995, 0.345, 0, 0.55, 0.25, 0.87, 0.56, 0.25, 0.25, 0.56, 0.56, 0.76, 0.36, 0.78, 0.35, 0.35, 0.96, 99, 99, 99]
--- num:  29
list:  [0, 0, 0, 0, 1, 1, 0.16199999999999998, 0.16199999999999998, 0.44, 0.44, 0.44, 0.28, 0.31499999999999995, 0.32999999999999996, 0, 0.55, 0.25, 0.87, 0.56, 0.25, 0.25, 0.56, 0.56, 0.76, 0.35, 0.77, 0.35, 0.34, 0.96, 99, 99, 99]
--- num:  29
list:  [0, 0, 0, 0, 1, 1, 0.2905681836605072, 0.2844007420539856, 0.35, 0.35, 0.28, 0.45, 0.375, 0.375, 0, 0.54, 0.25, 0.87, 0.56, 0.25, 0.25, 0.56, 0.56, 0.8, 0.34, 0.8, 0.34, 0.36, 0.93, 99, 99, 99]
--- num:  29
list:  [0, 0, 0, 0, 1, 1, 0.16199999999999998, 0.16199999999999998, 0.41, 0.41, 0.32, 0.4, 0.39, 0.375, 0, 0.51, 0.25, 0.84, 0.56, 0.25, 0.25, 0.56, 0.56, 0.81, 0.33, 0.8, 0.34, 0.36, 0.77, 99, 99, 99]
--- num:  29
list:  [0, 0, 0, 0, 1, 1, 0.16199999999999998, 0.16199999999999998, 0.45, 0.45, 0.37, 0.35, 0.32999999999999996, 0.29999999999999993, 0, 0.51, 0.25, 0.84, 0.56, 0.25, 0.25, 0.56, 0.56, 0.77, 0.35, 0.75, 0.36, 0.34, 0.72, 99, 99, 99]
--- num:  29
list:  [0, 0, 0, 0, 1, 1, 0.7296423721313476, 0.6634266185760498, 0.29, 0.29, 0.21, 0.52, 0.39, 0.375, 0, 0.49, 0.25, 0.83, 0.56, 0.25, 0.25, 0.56, 0.56, 0.81, 0.34, 0.8, 0.34, 0.35, 1, 99, 99, 99]
--- num:  29
list:  [0, 0, 0, 0, 1, 1, 0.16199999999999998, 0.16199999999999998, 0.36, 0.36, 0.17, 0.56, 0.345, 0.31499999999999995, 0, 0.49, 0.25, 0.83, 0.56, 0.25, 0.25, 0.56, 0.56, 0.78, 0.35, 0.76, 0.36, 0.32, 0.75, 99, 99, 99]
--- num:  29
list:  [0, 0, 0, 0, 1, 1, 0.16199999999999998, 0.16199999999999998, 0.37, 0.37, 0.17, 0.55, 0.31499999999999995, 0.29999999999999993, 0, 0.49, 0.25, 0.83, 0.56, 0.25, 0.25, 0.56, 0.56, 0.76, 0.36, 0.75, 0.36, 0.31, 0.75, 99, 99, 99]
--- num:  29
list:  [0, 0, 0, 0, 1, 1, 0.16199999999999998, 0.16199999999999998, 0.38, 0.38, 0.16, 0.57, 0.2699999999999999, 0.2849999999999999, 0, 0.49, 0.25, 0.83, 0.56, 0.25, 0.25, 0.56, 0.56, 0.73, 0.37, 0.74, 0.37, 0.26, 0.93, 99, 99, 99]
--- num:  29
list:  [0, 0, 0, 0, 1, 1, 0.16199999999999998, 0.16199999999999998, 0.39, 0.39, 0.05, 0.68, 0.23999999999999988, 0.2549999999999999, 0, 0.49, 0.25, 0.83, 0.56, 0.25, 0.25, 0.56, 0.56, 0.71, 0.38, 0.72, 0.37, 0.23, 1, 99, 99, 99]
--- num:  29
list:  [0, 0, 0, 0, 1, 1, 0.16199999999999998, 0.16199999999999998, 0.41, 0.41, 0.08, 0.65, 0.23999999999999988, 0.2699999999999999, 0, 0.49, 0.25, 0.83, 0.56, 0.25, 0.25, 0.56, 0.56, 0.71, 0.38, 0.73, 0.37, 0.24, 1, 99, 99, 99]
--- num:  29
list:  [0, 0, 0, 0, 1, 1, 0.16199999999999998, 0.16199999999999998, 0.38, 0.38, 0.17, 0.56, 0.2699999999999999, 0.31499999999999995, 0, 0.49, 0.25, 0.83, 0.56, 0.25, 0.25, 0.56, 0.56, 0.73, 0.37, 0.76, 0.36, 0.24, 1, 99, 99, 99]
--- num:  29
list:  [0.56, 0.56, 1, 1, 0.97, 0.97, 0.8658675360679626, 0.8648555088043213, 0.33, 0.33, 0.3, 0.43, 0.31499999999999995, 0.375, 0, 0.49, 0.25, 0.83, 0.56, 0.25, 0.25, 0.56, 0.56, 0.76, 0.36, 0.8, 0.34, 0.24, 1, 99, 99, 99]
--- num:  29
list:  [0.56, 0.56, 1, 1, 0.98, 0.98, 0.16199999999999998, 0.16199999999999998, 0.37, 0.37, 0.29, 0.43, 0.31499999999999995, 0.32999999999999996, 0, 0.53, 0.25, 0.86, 0.56, 0.25, 0.25, 0.56, 0.56, 0.76, 0.36, 0.77, 0.35, 0.22, 1, 99, 99, 99]
--- num:  29
list:  [0, 0, 0, 0, 1, 1, 0.16199999999999998, 0.16199999999999998, 0.4, 0.4, 0.31, 0.41, 0.29999999999999993, 0.31499999999999995, 0, 0.52, 0.25, 0.86, 0.56, 0.25, 0.25, 0.56, 0.56, 0.75, 0.36, 0.76, 0.36, 0.21, 0.85, 99, 99, 99]
--- num:  29
list:  [0, 0, 0, 0, 1, 1, 0.16199999999999998, 0.16199999999999998, 0.4, 0.4, 0.31, 0.41, 0.29999999999999993, 0.31499999999999995, 0, 0.52, 0.25, 0.85, 0.56, 0.25, 0.25, 0.56, 0.56, 0.75, 0.36, 0.76, 0.36, 0.25, 0.68, 99, 99, 99]
--- num:  29
list:  [0, 0, 0, 0, 1, 1, 0.16199999999999998, 0.16199999999999998, 0.39, 0.39, 0.32, 0.41, 0.31499999999999995, 0.31499999999999995, 0, 0.52, 0.25, 0.85, 0.56, 0.25, 0.25, 0.56, 0.56, 0.76, 0.36, 0.76, 0.36, 0.28, 0.54, 99, 99, 99]
--- num:  29
list:  [0, 0, 0, 0, 1, 1, 0.16199999999999998, 0.16199999999999998, 0.4, 0.4, 0.32, 0.4, 0.32999999999999996, 0.345, 0, 0.52, 0.25, 0.85, 0.56, 0.25, 0.25, 0.56, 0.56, 0.77, 0.35, 0.78, 0.35, 0.3, 0.48, 99, 99, 99]
--- num:  29
list:  [0, 0, 0, 0, 1, 1, 0.16199999999999998, 0.16199999999999998, 0.42, 0.42, 0.33, 0.39, 0.36, 0.36, 0, 0.52, 0.25, 0.85, 0.56, 0.25, 0.25, 0.56, 0.56, 0.79, 0.35, 0.79, 0.34, 0.36, 0.4, 99, 99, 99]
--- num:  29
list:  [0, 0, 0, 0, 1, 1, 0.16199999999999998, 0.16199999999999998, 0.45, 0.45, 0.32, 0.4, 0.39, 0.40499999999999986, 0, 0.49, 0.25, 0.83, 0.56, 0.25, 0.25, 0.56, 0.56, 0.81, 0.34, 0.82, 0.33, 0.47, 0.5, 99, 99, 99]
--- num:  29
list:  [0, 0, 0, 0, 1, 1, 0.16199999999999998, 0.16199999999999998, 0.46, 0.46, 0.32, 0.4, 0.375, 0.39, 0.25, 0.46, 0.25, 0.81, 0.56, 0.25, 0.25, 0.56, 0.56, 0.8, 0.34, 0.81, 0.33, 0.57, 0.5, 99, 99, 99]
--- num:  29
list:  [0.02, 0.02, 0, 0, 1, 1, 0.16199999999999998, 0.16199999999999998, 0.47, 0.47, 0.32, 0.4, 0.345, 0.375, 0.25, 0.44, 0.25, 0.8, 0.56, 0.25, 0.25, 0.56, 0.56, 0.78, 0.35, 0.8, 0.34, 0.61, 0.5, 99, 99, 99]
--- num:  29
list:  [0.02, 0.02, 0, 0, 1, 1, 0.16199999999999998, 0.16199999999999998, 0.48, 0.48, 0.33, 0.4, 0.31499999999999995, 0.36, 0.25, 0.44, 0.25, 0.79, 0.56, 0.25, 0.25, 0.56, 0.56, 0.76, 0.35, 0.79, 0.34, 0.62, 0.5, 99, 99, 99]
--- num:  29
list:  [0.05, 0.05, 0, 0, 1, 1, 0.16199999999999998, 0.16199999999999998, 0.48, 0.48, 0.34, 0.38, 0.31499999999999995, 0.36, 0.25, 0.43, 0.28, 0.79, 0.56, 0.29, 0.27, 0.56, 0.56, 0.76, 0.35, 0.79, 0.35, 0.66, 0.5, 99, 99, 99]
--- num:  29
list:  [0.04, 0.04, 0, 0, 1, 1, 0.16199999999999998, 0.16199999999999998, 0.49, 0.49, 0.35, 0.37, 0.2849999999999999, 0.345, 0.25, 0.45, 0.255, 0.8, 0.56, 0.26, 0.25, 0.56, 0.56, 0.74, 0.36, 0.78, 0.35, 0.64, 0.5, 99, 99, 99]
--- num:  29
list:  [0.03, 0.03, 0, 0, 1, 1, 0.16199999999999998, 0.16199999999999998, 0.51, 0.51, 0.35, 0.37, 0.29999999999999993, 0.345, 0.25, 0.45, 0.26, 0.8, 0.56, 0.27, 0.25, 0.56, 0.56, 0.75, 0.36, 0.78, 0.35, 0.63, 0.5, 99, 99, 99]
--- num:  29
list:  [0.05, 0.05, 0, 0, 1, 1, 0.16199999999999998, 0.16199999999999998, 0.47, 0.47, 0.36, 0.36, 0.29999999999999993, 0.36, 0, 0.48, 0.25, 0.82, 0.56, 0.25, 0.25, 0.56, 0.56, 0.75, 0.36, 0.79, 0.35, 0.61, 0.5, 99, 99, 99]
--- num:  29
list:  [0.07, 0.07, 0, 0, 1, 1, 0.16199999999999998, 0.16199999999999998, 0.48, 0.48, 0.36, 0.36, 0.375, 0.4199999999999999, 0, 0.5, 0.25, 0.84, 0.56, 0.25, 0.25, 0.56, 0.56, 0.8, 0.34, 0.83, 0.32, 0.6, 0.5, 99, 99, 99]
--- num:  29
list:  [0.04, 0.04, 0, 0, 1, 1, 0.16199999999999998, 0.16199999999999998, 0.51, 0.51, 0.38, 0.34, 0.39, 0.4499999999999999, 0, 0.51, 0.25, 0.85, 0.56, 0.25, 0.25, 0.56, 0.56, 0.81, 0.33, 0.85, 0.32, 0.58, 0.5, 99, 99, 99]
--- num:  29
list:  [0.01, 0.01, 0, 0, 1, 1, 0.16199999999999998, 0.16199999999999998, 0.52, 0.52, 0.4, 0.32, 0.4349999999999999, 0.51, 0, 0.5, 0.25, 0.84, 0.56, 0.25, 0.25, 0.56, 0.56, 0.84, 0.32, 0.89, 0.3, 0.53, 0.5, 99, 99, 99]
--- num:  29
list:  [0.01, 0.01, 0, 0, 1, 1, 0.16199999999999998, 0.16199999999999998, 0.52, 0.52, 0.4, 0.32, 0.4499999999999999, 0.51, 0, 0.51, 0.25, 0.84, 0.56, 0.25, 0.25, 0.56, 0.56, 0.85, 0.32, 0.89, 0.3, 0.46, 0.5, 99, 99, 99]
--- num:  29
list:  [0, 0, 0, 0, 1, 1, 0.16199999999999998, 0.16199999999999998, 0.53, 0.53, 0.41, 0.31, 0.40499999999999986, 0.4649999999999999, 0, 0.52, 0.25, 0.85, 0.56, 0.25, 0.25, 0.56, 0.56, 0.82, 0.33, 0.86, 0.31, 0.36, 0.62, 99, 99, 99]
--- num:  29
list:  [0, 0, 0, 0, 1, 1, 0.16199999999999998, 0.16199999999999998, 0.53, 0.53, 0.42, 0.3, 0.36, 0.4349999999999999, 0, 0.54, 0.25, 0.87, 0.56, 0.25, 0.25, 0.56, 0.56, 0.79, 0.34, 0.84, 0.32, 0.35, 0.68, 99, 99, 99]
--- num:  29
list:  [0.03, 0.03, 0, 0, 1, 1, 0.16199999999999998, 0.16199999999999998, 0.53, 0.53, 0.41, 0.31, 0.32999999999999996, 0.40499999999999986, 0, 0.56, 0.25, 0.88, 0.56, 0.25, 0.25, 0.56, 0.56, 0.77, 0.35, 0.82, 0.33, 0.37, 0.7, 99, 99, 99]
--- num:  29
list:  [0.01, 0.01, 0, 0, 1, 1, 0.16199999999999998, 0.16199999999999998, 0.56, 0.56, 0.42, 0.3, 0.23999999999999988, 0.31499999999999995, 0, 0.59, 0.25, 0.9, 0.56, 0.25, 0.25, 0.56, 0.56, 0.71, 0.38, 0.76, 0.36, 0.37, 0.72, 99, 99, 99]
--- num:  29
list:  [0.03, 0.03, 0, 0, 1, 1, 0.16199999999999998, 0.16199999999999998, 0.55, 0.55, 0.45, 0.27, 0, 0, 0, 0.61, 0.25, 0.92, 0.56, 0.25, 0.25, 0.56, 0.56, 0.38, 0.7, 0.38, 0.7, 0.37, 0.58, 99, 99, 99]
--- num:  29
list:  [0.02, 0.02, 0, 0, 1, 1, 0.16199999999999998, 0.16199999999999998, 0.53, 0.53, 0.47, 0.25, 0, 0, 0, 0.61, 0.25, 0.92, 0.56, 0.25, 0.25, 0.56, 0.56, 0.38, 0.7, 0.38, 0.7, 0.38, 0.54, 99, 99, 99]
--- num:  29
list:  [0.07, 0.07, 0, 0, 1, 1, 0.16199999999999998, 0.16199999999999998, 0.53, 0.53, 0.49, 0.24, 0, 0, 0, 0.61, 0.25, 0.92, 0.56, 0.25, 0.25, 0.56, 0.56, 0.38, 0.7, 0.38, 0.7, 0.4, 0.46, 99, 99, 99]
--- num:  29
list:  [0.07, 0.07, 0, 0, 1, 1, 0.16199999999999998, 0.16199999999999998, 0.52, 0.52, 0.49, 0.23, 0.20999999999999985, 0.2699999999999999, 0, 0.6, 0.25, 0.91, 0.56, 0.25, 0.25, 0.56, 0.56, 0.69, 0.39, 0.73, 0.37, 0.41, 0.36, 99, 99, 99]
--- num:  29
list:  [0.12, 0.12, 0.05, 0.05, 1, 1, 0.5593938636779785, 0.5296999025344848, 0.29, 0.29, 0.43, 0.29, 0.345, 0.4199999999999999, 0, 0.53, 0.25, 0.86, 0.56, 0.25, 0.25, 0.56, 0.56, 0.78, 0.35, 0.83, 0.33, 0.4, 0.39, 99, 99, 99]
--- num:  29
list:  [0.07, 0.07, 0, 0, 1, 1, 0.16199999999999998, 0.16199999999999998, 0.43, 0.43, 0.41, 0.31, 0.2699999999999999, 0.345, 0, 0.59, 0.25, 0.9, 0.56, 0.25, 0.25, 0.56, 0.56, 0.73, 0.37, 0.78, 0.35, 0.35, 0.29, 99, 99, 99]
--- num:  29
list:  [0, 0, 0, 0, 1, 1, 0.16199999999999998, 0.16199999999999998, 0.45, 0.45, 0.34, 0.38, 0.22499999999999987, 0.2849999999999999, 0, 0.6, 0.25, 0.91, 0.56, 0.25, 0.25, 0.56, 0.56, 0.7, 0.38, 0.74, 0.37, 0.34, 0.49, 99, 99, 99]
--- num:  29
list:  [0, 0, 0, 0, 1, 1, 0.16199999999999998, 0.16199999999999998, 0.45, 0.45, 0.31, 0.41, 0.22499999999999987, 0.2699999999999999, 0, 0.6, 0.25, 0.91, 0.56, 0.25, 0.25, 0.56, 0.56, 0.7, 0.38, 0.73, 0.37, 0.32, 0.66, 99, 99, 99]
--- num:  29
list:  [0, 0, 0, 0, 1, 1, 0.16199999999999998, 0.16199999999999998, 0.46, 0.46, 0.29, 0.44, 0.23999999999999988, 0.2699999999999999, 0, 0.6, 0.25, 0.92, 0.56, 0.25, 0.25, 0.56, 0.56, 0.71, 0.38, 0.73, 0.37, 0.32, 0.75, 99, 99, 99]
--- num:  29
list:  [0.01, 0.01, 0, 0, 1, 1, 0.16199999999999998, 0.16199999999999998, 0.46, 0.46, 0.27, 0.45, 0.23999999999999988, 0.2549999999999999, 0, 0.6, 0.25, 0.91, 0.56, 0.25, 0.25, 0.56, 0.56, 0.71, 0.38, 0.72, 0.38, 0.32, 0.79, 99, 99, 99]
--- num:  29
list:  [0, 0, 0, 0, 1, 1, 0.16199999999999998, 0.16199999999999998, 0.46, 0.46, 0.26, 0.46, 0.23999999999999988, 0.22499999999999987, 0, 0.59, 0.25, 0.91, 0.56, 0.25, 0.25, 0.56, 0.56, 0.71, 0.38, 0.7, 0.38, 0.29, 0.79, 99, 99, 99]
--- num:  29
list:  [0, 0, 0, 0, 1, 1, 0.16199999999999998, 0.16199999999999998, 0.45, 0.45, 0.24, 0.48, 0.23999999999999988, 0.22499999999999987, 0, 0.56, 0.25, 0.88, 0.56, 0.25, 0.25, 0.56, 0.56, 0.71, 0.38, 0.7, 0.38, 0.27, 0.94, 99, 99, 99]
--- num:  29
list:  [0, 0, 0, 0, 1, 1, 0.16199999999999998, 0.16199999999999998, 0.49, 0.49, 0.44, 0.28, 0.29999999999999993, 0.31499999999999995, 0.25, 0.49, 0.25, 0.83, 0.56, 0.25, 0.25, 0.56, 0.56, 0.75, 0.36, 0.76, 0.36, 0.26, 1, 99, 99, 99]
--- num:  29
list:  [0, 0, 0, 0, 1, 1, 0.16199999999999998, 0.16199999999999998, 0.48, 0.48, 0.43, 0.29, 0.36, 0.345, 0.25, 0.45, 0.25, 0.8, 0.56, 0.25, 0.25, 0.56, 0.56, 0.79, 0.35, 0.78, 0.35, 0.19, 1, 99, 99, 99]
--- num:  29
list:  [0, 0, 0, 0, 1, 1, 0.16199999999999998, 0.16199999999999998, 0.47, 0.47, 0.44, 0.29, 0.4199999999999999, 0.40499999999999986, 0.25, 0.42, 0.305, 0.78, 0.56, 0.3, 0.31, 0.56, 0.56, 0.83, 0.33, 0.82, 0.33, 0.15, 1, 99, 99, 99]
--- num:  29
list:  [0, 0, 0, 0, 1, 1, 0.16199999999999998, 0.16199999999999998, 0.46, 0.46, 0.44, 0.29, 0.4499999999999999, 0.4199999999999999, 0.25, 0.4, 0.355, 0.76, 0.56, 0.35, 0.36, 0.56, 0.56, 0.85, 0.32, 0.83, 0.32, 0.13, 0.99, 99, 99, 99]
--- num:  29
list:  [0.02, 0.02, 0, 0, 1, 1, 0.16199999999999998, 0.16199999999999998, 0.46, 0.46, 0.42, 0.3, 0.4649999999999999, 0.4349999999999999, 0.5, 0.39, 0.42000000000000004, 0.76, 0.56, 0.41000000000000003, 0.43, 0.56, 0.56, 0.86, 0.31, 0.84, 0.32, 0.12, 0.82, 99, 99, 99]
--- num:  29
list:  [0.03, 0.03, 0, 0, 1, 1, 0.16199999999999998, 0.16199999999999998, 0.47, 0.47, 0.42, 0.3, 0.4499999999999999, 0.39, 0.5, 0.39, 0.45999999999999996, 0.75, 0.56, 0.45, 0.47, 0.56, 0.56, 0.85, 0.32, 0.81, 0.33, 0.11, 0.74, 99, 99, 99]
--- num:  29
list:  [0.04, 0.04, 0, 0, 1, 1, 0.16199999999999998, 0.16199999999999998, 0.47, 0.47, 0.37, 0.35, 0.40499999999999986, 0.345, 0.5, 0.38, 0.54, 0.75, 0.56, 0.53, 0.55, 0.56, 0.56, 0.82, 0.33, 0.78, 0.35, 0.1, 0.56, 99, 99, 99]
--- num:  29
list:  [0.03, 0.03, 0, 0, 1, 1, 0.16199999999999998, 0.16199999999999998, 0.4, 0.4, 0.31, 0.42, 0.40499999999999986, 0.345, 0.75, 0.37, 0.5800000000000001, 0.74, 0.56, 0.5700000000000001, 0.5900000000000001, 0.56, 0.56, 0.82, 0.33, 0.78, 0.35, 0.09, 0.51, 99, 99, 99]
--- num:  29
list:  [0.02, 0.02, 0, 0, 1, 1, 0.16199999999999998, 0.16199999999999998, 0.5, 0.5, 0.37, 0.35, 0.375, 0.2849999999999999, 0.75, 0.37, 0.6000000000000001, 0.74, 0.56, 0.5800000000000001, 0.62, 0.56, 0.56, 0.8, 0.34, 0.74, 0.36, 0.09, 0.5, 99, 99, 99]
--- num:  29
list:  [0.04, 0.04, 0, 0, 1, 1, 0.16199999999999998, 0.16199999999999998, 0.5, 0.5, 0.37, 0.35, 0.375, 0.2849999999999999, 0.75, 0.37, 0.615, 0.74, 0.56, 0.6, 0.63, 0.56, 0.56, 0.8, 0.34, 0.74, 0.37, 0.09, 0.51, 99, 99, 99]
--- num:  29
list:  [0.04, 0.04, 0, 0, 1, 1, 0.16199999999999998, 0.16199999999999998, 0.49, 0.49, 0.37, 0.36, 0.39, 0.31499999999999995, 0.75, 0.37, 0.615, 0.74, 0.56, 0.6, 0.63, 0.56, 0.56, 0.81, 0.33, 0.76, 0.36, 0.09, 0.51, 99, 99, 99]
--- num:  29
list:  [0.05, 0.05, 0, 0, 1, 1, 0.16199999999999998, 0.16199999999999998, 0.49, 0.49, 0.38, 0.35, 0.40499999999999986, 0.31499999999999995, 0.75, 0.37, 0.575, 0.74, 0.56, 0.55, 0.6, 0.56, 0.56, 0.82, 0.33, 0.76, 0.35, 0.09, 0.53, 99, 99, 99]
--- num:  29
list:  [0.06, 0.06, 0, 0, 1, 1, 0.16199999999999998, 0.16199999999999998, 0.5, 0.5, 0.41, 0.32, 0.39, 0.29999999999999993, 0.75, 0.37, 0.5800000000000001, 0.74, 0.56, 0.56, 0.6, 0.56, 0.56, 0.81, 0.33, 0.75, 0.36, 0.09, 0.66, 99, 99, 99]
--- num:  29
list:  [0.06, 0.06, 0, 0, 1, 1, 0.16199999999999998, 0.16199999999999998, 0.5, 0.5, 0.44, 0.29, 0.375, 0.31499999999999995, 0.75, 0.37, 0.5700000000000001, 0.74, 0.56, 0.55, 0.5900000000000001, 0.56, 0.56, 0.8, 0.34, 0.76, 0.36, 0.09, 0.7, 99, 99, 99]
--- num:  29
list:  [0.04, 0.04, 0, 0, 1, 1, 0.16199999999999998, 0.16199999999999998, 0.49, 0.49, 0.49, 0.23, 0.39, 0.32999999999999996, 0.75, 0.37, 0.5650000000000001, 0.74, 0.56, 0.55, 0.5800000000000001, 0.56, 0.56, 0.81, 0.34, 0.77, 0.35, 0.09, 0.67, 99, 99, 99]
--- num:  29
list:  [0.05, 0.05, 0, 0, 1, 1, 0.16199999999999998, 0.16199999999999998, 0.5, 0.5, 0.52, 0.21, 0.375, 0.32999999999999996, 0.75, 0.37, 0.5850000000000001, 0.74, 0.56, 0.5800000000000001, 0.5900000000000001, 0.56, 0.56, 0.8, 0.34, 0.77, 0.35, 0.1, 0.55, 99, 99, 99]
--- num:  29
list:  [0.05, 0.05, 0, 0, 1, 1, 0.16199999999999998, 0.16199999999999998, 0.5, 0.5, 0.55, 0.18, 0.36, 0.31499999999999995, 0.75, 0.37, 0.595, 0.74, 0.56, 0.5900000000000001, 0.6, 0.56, 0.56, 0.79, 0.35, 0.76, 0.35, 0.1, 0.51, 99, 99, 99]
--- num:  29
list:  [0.07, 0.07, 0, 0, 1, 1, 0.16199999999999998, 0.16199999999999998, 0.5, 0.5, 0.56, 0.17, 0.36, 0.345, 0.75, 0.37, 0.595, 0.74, 0.56, 0.5900000000000001, 0.6, 0.56, 0.56, 0.79, 0.34, 0.78, 0.35, 0.11, 0.47, 99, 99, 99]
--- num:  29
list:  [0.06, 0.06, 0, 0, 1, 1, 0.16199999999999998, 0.16199999999999998, 0.46, 0.46, 0.46, 0.26, 0.375, 0.36, 0.75, 0.38, 0.5700000000000001, 0.75, 0.56, 0.5700000000000001, 0.5700000000000001, 0.56, 0.56, 0.8, 0.34, 0.79, 0.35, 0.11, 0.42, 99, 99, 99]
--- num:  29
list:  [0.1, 0.1, 0, 0, 1, 1, 0.16199999999999998, 0.16199999999999998, 0.39, 0.39, 0.39, 0.33, 0.39, 0.375, 0.5, 0.39, 0.555, 0.75, 0.56, 0.56, 0.55, 0.56, 0.56, 0.81, 0.33, 0.8, 0.34, 0.12, 0.3, 99, 99, 99]
--- num:  29
list:  [0.09, 0.09, 0, 0, 1, 1, 0.16199999999999998, 0.16199999999999998, 0.44, 0.44, 0.41, 0.31, 0.40499999999999986, 0.39, 0.75, 0.36, 0.6, 0.73, 0.56, 0.6, 0.6, 0.56, 0.56, 0.82, 0.33, 0.81, 0.34, 0.09, 0.26, 99, 99, 99]
--- num:  29
list:  [0.04, 0.04, 0, 0, 1, 1, 0.16199999999999998, 0.16199999999999998, 0.45, 0.45, 0.41, 0.31, 0.4199999999999999, 0.40499999999999986, 0.5, 0.33, 0.695, 0.71, 0.55, 0.7, 0.69, 0.55, 0.55, 0.83, 0.32, 0.82, 0.33, 0.07, 0.24, 99, 99, 99]
--- num:  29
list:  [0.02, 0.02, 0, 0, 1, 1, 0.16199999999999998, 0.16199999999999998, 0.45, 0.45, 0.42, 0.3, 0.31499999999999995, 0.2849999999999999, 0.75, 0.29, 0.87, 0.68, 0.4, 0.87, 0.87, 0.4, 0.4, 0.76, 0.36, 0.74, 0.36, 0.05, 0.25, 99, 99, 99]
--- num:  29
list:  [0.56, 0.56, 1, 1, 0.98, 0.98, 0.5935680079460144, 0.5896274256706238, 0.24, 0.24, 0.42, 0.3, 0.375, 0.36, 0.25, 0.33, 0.51, 0.71, 0.55, 0.52, 0.5, 0.55, 0.55, 0.8, 0.34, 0.79, 0.34, 0.04, 0.27, 99, 99, 99]
--- num:  29
list:  [0, 0, 0, 0, 1, 1, 0.16199999999999998, 0.16199999999999998, 0.38, 0.38, 0.46, 0.27, 0.54, 0.5849999999999999, 0, 0.38, 0.25, 0.75, 0.56, 0.25, 0.25, 0.56, 0.56, 0.91, 0.29, 0.94, 0.28, 0.13, 0.32, 99, 99, 99]
--- num:  29
list:  [0, 0, 0, 0, 1, 1, 0.16199999999999998, 0.16199999999999998, 0.38, 0.38, 0.46, 0.26, 0.6599999999999999, 0.705, 0, 0.38, 0.25, 0.75, 0.56, 0.25, 0.25, 0.56, 0.56, 0.99, 0.25, 1.02, 0.24, 0.25, 0.21, 99, 99, 99]
--- num:  29
list:  [0, 0, 0, 0, 1, 1, 0.16199999999999998, 0.16199999999999998, 0.38, 0.38, 0.46, 0.26, 0.705, 0.75, 0, 0.38, 0.25, 0.75, 0.56, 0.25, 0.25, 0.56, 0.56, 1.02, 0.24, 1.05, 0.23, 0.28, 0.37, 99, 99, 99]
--- num:  29
list:  [0, 0, 0, 0, 1, 1, 0.16199999999999998, 0.16199999999999998, 0.38, 0.38, 0.46, 0.26, 0.705, 0.765, 0, 0.38, 0.25, 0.74, 0.56, 0.25, 0.25, 0.56, 0.56, 1.02, 0.24, 1.06, 0.22, 0.31, 0.47, 99, 99, 99]
--- num:  29
list:  [0, 0, 0, 0, 1, 1, 0.16199999999999998, 0.16199999999999998, 0.38, 0.38, 0.45, 0.27, 0.705, 0.78, 0, 0.37, 0.25, 0.74, 0.56, 0.25, 0.25, 0.56, 0.56, 1.02, 0.24, 1.07, 0.22, 0.37, 0.64, 99, 99, 99]
--- num:  29
list:  [0, 0, 0, 0, 1, 1, 0.16199999999999998, 0.16199999999999998, 0.38, 0.38, 0.43, 0.29, 0.6749999999999999, 0.75, 0, 0.37, 0.25, 0.74, 0.56, 0.25, 0.25, 0.56, 0.56, 1.0, 0.25, 1.05, 0.23, 0.39, 0.79, 99, 99, 99]
--- num:  29
list:  [0, 0, 0, 0, 1, 1, 0.16199999999999998, 0.16199999999999998, 0.38, 0.38, 0.4, 0.32, 0.6749999999999999, 0.75, 0, 0.37, 0.25, 0.74, 0.56, 0.25, 0.25, 0.56, 0.56, 1.0, 0.25, 1.05, 0.23, 0.51, 0.5, 99, 99, 99]
--- num:  29
list:  [0, 0, 0, 0, 1, 1, 0.16199999999999998, 0.16199999999999998, 0.4, 0.4, 0.39, 0.33, 0.6599999999999999, 0.75, 0, 0.38, 0.25, 0.74, 0.56, 0.25, 0.25, 0.56, 0.56, 0.99, 0.25, 1.05, 0.23, 0.6, 0.5, 99, 99, 99]
--- num:  29
list:  [0, 0, 0, 0, 1, 1, 0.16199999999999998, 0.16199999999999998, 0.39, 0.39, 0.42, 0.31, 0.6449999999999999, 0.735, 0, 0.38, 0.25, 0.75, 0.56, 0.25, 0.25, 0.56, 0.56, 0.98, 0.26, 1.04, 0.23, 0.62, 0.5, 99, 99, 99]
--- num:  29
list:  [0, 0, 0, 0, 1, 1, 0.16199999999999998, 0.16199999999999998, 0.4, 0.4, 0.41, 0.32, 0.6599999999999999, 0.75, 0, 0.37, 0.25, 0.74, 0.56, 0.25, 0.25, 0.56, 0.56, 0.99, 0.25, 1.05, 0.23, 0.65, 0.5, 99, 99, 99]
--- num:  29
list:  [0, 0, 0, 0, 1, 1, 0.16199999999999998, 0.16199999999999998, 0.4, 0.4, 0.41, 0.32, 0.6599999999999999, 0.75, 0, 0.37, 0.25, 0.74, 0.56, 0.25, 0.25, 0.56, 0.56, 0.99, 0.25, 1.05, 0.23, 0.66, 0.5, 99, 99, 99]
--- num:  29
list:  [0, 0, 0, 0, 1, 1, 0.16199999999999998, 0.16199999999999998, 0.41, 0.41, 0.39, 0.34, 0.6299999999999999, 0.705, 0, 0.37, 0.25, 0.74, 0.56, 0.25, 0.25, 0.56, 0.56, 0.97, 0.26, 1.02, 0.24, 0.66, 0.5, 99, 99, 99]
--- num:  29
list:  [0, 0, 0, 0, 1, 1, 0.16199999999999998, 0.16199999999999998, 0.39, 0.39, 0.31, 0.41, 0.6149999999999999, 0.69, 0, 0.37, 0.25, 0.74, 0.56, 0.25, 0.25, 0.56, 0.56, 0.96, 0.27, 1.01, 0.24, 0.67, 0.5, 99, 99, 99]
--- num:  29
list:  [0, 0, 0, 0, 1, 1, 0.16199999999999998, 0.16199999999999998, 0.38, 0.38, 0.31, 0.42, 0.6449999999999999, 0.705, 0, 0.37, 0.25, 0.74, 0.56, 0.25, 0.25, 0.56, 0.56, 0.98, 0.26, 1.02, 0.24, 0.67, 0.5, 99, 99, 99]
--- num:  29
list:  [0, 0, 0, 0, 1, 1, 0.16199999999999998, 0.16199999999999998, 0.37, 0.37, 0.32, 0.41, 0.6449999999999999, 0.705, 0, 0.36, 0.25, 0.73, 0.56, 0.25, 0.25, 0.56, 0.56, 0.98, 0.26, 1.02, 0.24, 0.66, 0.5, 99, 99, 99]
--- num:  29
list:  [0, 0, 0, 0, 1, 1, 0.16199999999999998, 0.16199999999999998, 0.37, 0.37, 0.33, 0.4, 0.6149999999999999, 0.6749999999999999, 0, 0.36, 0.25, 0.73, 0.56, 0.25, 0.25, 0.56, 0.56, 0.96, 0.27, 1.0, 0.25, 0.66, 0.5, 99, 99, 99]
--- num:  29
list:  [0, 0, 0, 0, 1, 1, 0.16199999999999998, 0.16199999999999998, 0.37, 0.37, 0.34, 0.38, 0.5999999999999999, 0.6449999999999999, 0, 0.36, 0.25, 0.73, 0.56, 0.25, 0.25, 0.56, 0.56, 0.95, 0.27, 0.98, 0.26, 0.66, 0.5, 99, 99, 99]
--- num:  29
list:  [0, 0, 0, 0, 1, 1, 0.16199999999999998, 0.16199999999999998, 0.37, 0.37, 0.37, 0.36, 0.5549999999999999, 0.5999999999999999, 0, 0.37, 0.25, 0.74, 0.56, 0.25, 0.25, 0.56, 0.56, 0.92, 0.29, 0.95, 0.27, 0.57, 0.5, 99, 99, 99]
--- num:  29
list:  [0, 0, 0, 0, 1, 1, 0.16199999999999998, 0.16199999999999998, 0.39, 0.39, 0.38, 0.34, 0.6299999999999999, 0.705, 0, 0.4, 0.25, 0.76, 0.56, 0.25, 0.25, 0.56, 0.56, 0.97, 0.26, 1.02, 0.24, 0.55, 0.5, 99, 99, 99]
--- num:  29
list:  [0, 0, 0, 0, 1, 1, 0.16199999999999998, 0.16199999999999998, 0.39, 0.39, 0.4, 0.32, 0.6299999999999999, 0.69, 0, 0.4, 0.25, 0.77, 0.56, 0.25, 0.25, 0.56, 0.56, 0.97, 0.26, 1.01, 0.24, 0.57, 0.5, 99, 99, 99]
--- num:  29
list:  [0, 0, 0, 0, 1, 1, 0.16199999999999998, 0.16199999999999998, 0.4, 0.4, 0.42, 0.3, 0.6299999999999999, 0.69, 0, 0.41, 0.25, 0.77, 0.56, 0.25, 0.25, 0.56, 0.56, 0.97, 0.26, 1.01, 0.24, 0.57, 0.5, 99, 99, 99]
--- num:  29
list:  [0, 0, 0, 0, 1, 1, 0.16199999999999998, 0.16199999999999998, 0.4, 0.4, 0.44, 0.29, 0.6599999999999999, 0.735, 0, 0.41, 0.25, 0.77, 0.56, 0.25, 0.25, 0.56, 0.56, 0.99, 0.26, 1.04, 0.23, 0.58, 0.5, 99, 99, 99]
--- num:  29
list:  [0, 0, 0, 0, 1, 1, 0.16199999999999998, 0.16199999999999998, 0.4, 0.4, 0.45, 0.27, 0.6449999999999999, 0.735, 0, 0.44, 0.25, 0.79, 0.56, 0.25, 0.25, 0.56, 0.56, 0.98, 0.26, 1.04, 0.23, 0.59, 0.5, 99, 99, 99]
--- num:  29
list:  [0, 0, 0, 0, 1, 1, 0.16199999999999998, 0.16199999999999998, 0.4, 0.4, 0.49, 0.24, 0.6599999999999999, 0.75, 0, 0.44, 0.25, 0.8, 0.56, 0.25, 0.25, 0.56, 0.56, 0.99, 0.25, 1.05, 0.23, 0.59, 0.5, 99, 99, 99]
--- num:  29
list:  [0, 0, 0, 0, 1, 1, 0.16199999999999998, 0.16199999999999998, 0.44, 0.44, 0.52, 0.21, 0.6449999999999999, 0.735, 0, 0.44, 0.25, 0.8, 0.56, 0.25, 0.25, 0.56, 0.56, 0.98, 0.26, 1.04, 0.23, 0.6, 0.5, 99, 99, 99]
--- num:  29
list:  [0.01, 0.01, 0, 0, 1, 1, 0.16199999999999998, 0.16199999999999998, 0.44, 0.44, 0.48, 0.24, 0.6299999999999999, 0.72, 0, 0.45, 0.25, 0.8, 0.56, 0.25, 0.25, 0.56, 0.56, 0.97, 0.26, 1.03, 0.24, 0.61, 0.5, 99, 99, 99]
--- num:  29
list:  [0, 0, 0, 0, 1, 1, 0.16199999999999998, 0.16199999999999998, 0.44, 0.44, 0.42, 0.3, 0.6449999999999999, 0.735, 0, 0.45, 0.25, 0.8, 0.56, 0.25, 0.25, 0.56, 0.56, 0.98, 0.26, 1.04, 0.23, 0.62, 0.5, 99, 99, 99]
--- num:  29
list:  [0, 0, 0, 0, 1, 1, 0.16199999999999998, 0.16199999999999998, 0.45, 0.45, 0.38, 0.34, 0.6149999999999999, 0.72, 0, 0.44, 0.25, 0.79, 0.56, 0.25, 0.25, 0.56, 0.56, 0.96, 0.27, 1.03, 0.24, 0.62, 0.5, 99, 99, 99]
--- num:  29
list:  [0, 0, 0, 0, 1, 1, 0.16199999999999998, 0.16199999999999998, 0.44, 0.44, 0.27, 0.46, 0.5700000000000001, 0.6599999999999999, 0, 0.43, 0.25, 0.79, 0.56, 0.25, 0.25, 0.56, 0.56, 0.93, 0.28, 0.99, 0.26, 0.61, 0.5, 99, 99, 99]
--- num:  29
list:  [0.01, 0.01, 0, 0, 1, 1, 0.16199999999999998, 0.16199999999999998, 0.44, 0.44, 0.26, 0.46, 0.5849999999999999, 0.6749999999999999, 0, 0.44, 0.25, 0.79, 0.56, 0.25, 0.25, 0.56, 0.56, 0.94, 0.28, 1.0, 0.25, 0.61, 0.5, 99, 99, 99]
--- num:  29
list:  [0, 0, 0, 0, 1, 1, 0.16199999999999998, 0.16199999999999998, 0.44, 0.44, 0.24, 0.48, 0.5849999999999999, 0.6749999999999999, 0, 0.44, 0.25, 0.79, 0.56, 0.25, 0.25, 0.56, 0.56, 0.94, 0.28, 1.0, 0.25, 0.6, 0.5, 99, 99, 99]
--- num:  29
list:  [0, 0, 0, 0, 1, 1, 0.16199999999999998, 0.16199999999999998, 0.44, 0.44, 0.24, 0.48, 0.5849999999999999, 0.6749999999999999, 0, 0.44, 0.25, 0.79, 0.56, 0.25, 0.25, 0.56, 0.56, 0.94, 0.28, 1.0, 0.25, 0.58, 0.5, 99, 99, 99]
--- num:  29
list:  [0, 0, 0, 0, 1, 1, 0.16199999999999998, 0.16199999999999998, 0.44, 0.44, 0.22, 0.5, 0.5849999999999999, 0.6599999999999999, 0, 0.44, 0.25, 0.8, 0.56, 0.25, 0.25, 0.56, 0.56, 0.94, 0.28, 0.99, 0.25, 0.57, 0.5, 99, 99, 99]
--- num:  29
list:  [0, 0, 0, 0, 1, 1, 0.16199999999999998, 0.16199999999999998, 0.46, 0.46, 0.26, 0.47, 0.5700000000000001, 0.6599999999999999, 0, 0.45, 0.25, 0.8, 0.56, 0.25, 0.25, 0.56, 0.56, 0.93, 0.28, 0.99, 0.25, 0.6, 0.5, 99, 99, 99]
--- num:  29
list:  [0, 0, 0, 0, 1, 1, 0.16199999999999998, 0.16199999999999998, 0.47, 0.47, 0.26, 0.46, 0.5700000000000001, 0.6599999999999999, 0, 0.45, 0.25, 0.8, 0.56, 0.25, 0.25, 0.56, 0.56, 0.93, 0.28, 0.99, 0.25, 0.58, 0.5, 99, 99, 99]
--- num:  29
list:  [0, 0, 0, 0, 1, 1, 0.16199999999999998, 0.16199999999999998, 0.48, 0.48, 0.32, 0.4, 0.5849999999999999, 0.6749999999999999, 0, 0.45, 0.25, 0.8, 0.56, 0.25, 0.25, 0.56, 0.56, 0.94, 0.28, 1.0, 0.25, 0.6, 0.5, 99, 99, 99]
--- num:  29
list:  [0.06, 0.06, 0, 0, 1, 1, 0.16199999999999998, 0.16199999999999998, 0.48, 0.48, 0.42, 0.31, 0.5999999999999999, 0.69, 0, 0.46, 0.25, 0.81, 0.56, 0.25, 0.25, 0.56, 0.56, 0.95, 0.27, 1.01, 0.24, 0.59, 0.5, 99, 99, 99]
--- num:  29
list:  [0.09, 0.09, 0, 0, 1, 1, 0.16199999999999998, 0.16199999999999998, 0.47, 0.47, 0.52, 0.2, 0.5849999999999999, 0.6749999999999999, 0, 0.47, 0.25, 0.81, 0.56, 0.25, 0.25, 0.56, 0.56, 0.94, 0.28, 1.0, 0.25, 0.56, 0.5, 99, 99, 99]
--- num:  29
list:  [0.1, 0.1, 0, 0, 1, 1, 0.16199999999999998, 0.16199999999999998, 0.46, 0.46, 0.53, 0.19, 0.5849999999999999, 0.6749999999999999, 0, 0.48, 0.25, 0.82, 0.56, 0.25, 0.25, 0.56, 0.56, 0.94, 0.27, 1.0, 0.25, 0.54, 0.5, 99, 99, 99]
--- num:  29
list:  [0.09, 0.09, 0, 0, 1, 1, 0.16199999999999998, 0.16199999999999998, 0.48, 0.48, 0.54, 0.19, 0.5999999999999999, 0.69, 0, 0.48, 0.25, 0.82, 0.56, 0.25, 0.25, 0.56, 0.56, 0.95, 0.27, 1.01, 0.25, 0.54, 0.5, 99, 99, 99]
--- num:  29
list:  [0.07, 0.07, 0, 0, 1, 1, 0.16199999999999998, 0.16199999999999998, 0.49, 0.49, 0.5, 0.22, 0.5700000000000001, 0.6599999999999999, 0, 0.48, 0.25, 0.82, 0.56, 0.25, 0.25, 0.56, 0.56, 0.93, 0.28, 0.99, 0.26, 0.54, 0.5, 99, 99, 99]
--- num:  29
list:  [0.01, 0.01, 0, 0, 1, 1, 0.16199999999999998, 0.16199999999999998, 0.5, 0.5, 0.45, 0.27, 0.5999999999999999, 0.69, 0, 0.46, 0.25, 0.81, 0.56, 0.25, 0.25, 0.56, 0.56, 0.95, 0.27, 1.01, 0.25, 0.55, 0.5, 99, 99, 99]
--- num:  29
list:  [0, 0, 0, 0, 1, 1, 0.16199999999999998, 0.16199999999999998, 0.51, 0.51, 0.42, 0.3, 0.5700000000000001, 0.6749999999999999, 0, 0.46, 0.25, 0.81, 0.56, 0.25, 0.25, 0.56, 0.56, 0.93, 0.28, 1.0, 0.25, 0.53, 0.5, 99, 99, 99]
--- num:  29
list:  [0, 0, 0, 0, 1, 1, 0.16199999999999998, 0.16199999999999998, 0.46, 0.46, 0.36, 0.36, 0.5700000000000001, 0.6449999999999999, 0, 0.48, 0.25, 0.82, 0.56, 0.25, 0.25, 0.56, 0.56, 0.93, 0.28, 0.98, 0.26, 0.46, 0.5, 99, 99, 99]
--- num:  29
list:  [0, 0, 0, 0, 1, 1, 0.16199999999999998, 0.16199999999999998, 0.47, 0.47, 0.32, 0.41, 0.54, 0.6149999999999999, 0, 0.5, 0.25, 0.84, 0.56, 0.25, 0.25, 0.56, 0.56, 0.91, 0.29, 0.96, 0.27, 0.42, 1, 99, 99, 99]
--- num:  29
list:  [0, 0, 0, 0, 1, 1, 0.16199999999999998, 0.16199999999999998, 0.47, 0.47, 0.29, 0.44, 0.5549999999999999, 0.6299999999999999, 0, 0.5, 0.25, 0.84, 0.56, 0.25, 0.25, 0.56, 0.56, 0.92, 0.29, 0.97, 0.27, 0.41, 1, 99, 99, 99]
--- num:  29
list:  [0, 0, 0, 0, 1, 1, 0.16199999999999998, 0.16199999999999998, 0.47, 0.47, 0.25, 0.48, 0.5249999999999999, 0.5849999999999999, 0, 0.51, 0.25, 0.84, 0.56, 0.25, 0.25, 0.56, 0.56, 0.9, 0.3, 0.94, 0.28, 0.41, 1, 99, 99, 99]
--- num:  29
list:  [0, 0, 0, 0, 1, 1, 0.16199999999999998, 0.16199999999999998, 0.46, 0.46, 0.24, 0.49, 0.51, 0.5700000000000001, 0, 0.5, 0.25, 0.84, 0.56, 0.25, 0.25, 0.56, 0.56, 0.89, 0.3, 0.93, 0.28, 0.46, 0.5, 99, 99, 99]
--- num:  29
list:  [0, 0, 0, 0, 1, 1, 0.16199999999999998, 0.16199999999999998, 0.46, 0.46, 0.24, 0.49, 0.54, 0.5999999999999999, 0, 0.49, 0.25, 0.83, 0.56, 0.25, 0.25, 0.56, 0.56, 0.91, 0.29, 0.95, 0.27, 0.49, 0.5, 99, 99, 99]
--- num:  29
list:  [0, 0, 0, 0, 1, 1, 0.16199999999999998, 0.16199999999999998, 0.45, 0.45, 0.26, 0.46, 0.5700000000000001, 0.6299999999999999, 0, 0.46, 0.25, 0.81, 0.56, 0.25, 0.25, 0.56, 0.56, 0.93, 0.28, 0.97, 0.26, 0.52, 0.5, 99, 99, 99]
--- num:  29
list:  [0, 0, 0, 0, 1, 1, 0.16199999999999998, 0.16199999999999998, 0.45, 0.45, 0.28, 0.44, 0.6299999999999999, 0.6749999999999999, 0, 0.45, 0.25, 0.8, 0.56, 0.25, 0.25, 0.56, 0.56, 0.97, 0.26, 1.0, 0.25, 0.55, 0.5, 99, 99, 99]
--- num:  29
list:  [0, 0, 0, 0, 1, 1, 0.16199999999999998, 0.16199999999999998, 0.44, 0.44, 0.3, 0.43, 0.6299999999999999, 0.6749999999999999, 0, 0.42, 0.25, 0.78, 0.56, 0.25, 0.25, 0.56, 0.56, 0.97, 0.27, 1.0, 0.25, 0.57, 0.5, 99, 99, 99]
--- num:  29
list:  [0, 0, 0, 0, 1, 1, 0.16199999999999998, 0.16199999999999998, 0.41, 0.41, 0.33, 0.4, 0.6149999999999999, 0.6599999999999999, 0, 0.41, 0.25, 0.77, 0.56, 0.25, 0.25, 0.56, 0.56, 0.96, 0.27, 0.99, 0.25, 0.54, 0.5, 99, 99, 99]
--- num:  29
list:  [0, 0, 0, 0, 1, 1, 0.5127950716018677, 0.5110591459274292, 0.26, 0.26, 0.37, 0.36, 0.6149999999999999, 0.69, 0, 0.4, 0.25, 0.77, 0.56, 0.25, 0.25, 0.56, 0.56, 0.96, 0.27, 1.01, 0.25, 0.52, 0.5, 99, 99, 99]
--- num:  29
list:  [0, 0, 0, 0, 1, 1, 0.16199999999999998, 0.16199999999999998, 0.38, 0.38, 0.38, 0.34, 0.5999999999999999, 0.6449999999999999, 0, 0.41, 0.25, 0.77, 0.56, 0.25, 0.25, 0.56, 0.56, 0.95, 0.27, 0.98, 0.26, 0.48, 0.5, 99, 99, 99]
--- num:  29
list:  [0, 0, 0, 0, 1, 1, 0.16199999999999998, 0.16199999999999998, 0.37, 0.37, 0.4, 0.32, 0.5549999999999999, 0.5999999999999999, 0, 0.41, 0.25, 0.77, 0.56, 0.25, 0.25, 0.56, 0.56, 0.92, 0.28, 0.95, 0.27, 0.45, 0.5, 99, 99, 99]
--- num:  29
list:  [0, 0, 0, 0, 1, 1, 0.16199999999999998, 0.16199999999999998, 0.36, 0.36, 0.41, 0.31, 0.54, 0.5849999999999999, 0, 0.4, 0.25, 0.76, 0.56, 0.25, 0.25, 0.56, 0.56, 0.91, 0.29, 0.94, 0.28, 0.45, 0.5, 99, 99, 99]
--- num:  29
list:  [0, 0, 0, 0, 1, 1, 0.16199999999999998, 0.16199999999999998, 0.34, 0.34, 0.42, 0.31, 0.54, 0.5700000000000001, 0, 0.4, 0.25, 0.76, 0.56, 0.25, 0.25, 0.56, 0.56, 0.91, 0.29, 0.93, 0.28, 0.44, 0.53, 99, 99, 99]
--- num:  29
list:  [0, 0, 0, 0, 1, 1, 0.16199999999999998, 0.16199999999999998, 0.34, 0.34, 0.42, 0.3, 0.4649999999999999, 0.49499999999999994, 0, 0.4, 0.25, 0.76, 0.56, 0.25, 0.25, 0.56, 0.56, 0.86, 0.31, 0.88, 0.3, 0.41, 0.64, 99, 99, 99]
--- num:  29
list:  [0, 0, 0, 0, 1, 1, 0.6306551504135132, 0.6011594939231872, 0.23, 0.23, 0.41, 0.32, 0.4199999999999999, 0.4199999999999999, 0, 0.43, 0.25, 0.78, 0.56, 0.25, 0.25, 0.56, 0.56, 0.83, 0.33, 0.83, 0.33, 0.37, 0.52, 99, 99, 99]
--- num:  29
list:  [0, 0, 0, 0, 1, 1, 0.16199999999999998, 0.16199999999999998, 0.36, 0.36, 0.44, 0.29, 0.345, 0.31499999999999995, 0, 0.45, 0.25, 0.8, 0.56, 0.25, 0.25, 0.56, 0.56, 0.78, 0.35, 0.76, 0.36, 0.32, 0.38, 99, 99, 99]
--- num:  29
list:  [0, 0, 0, 0, 1, 1, 0.16199999999999998, 0.16199999999999998, 0.42, 0.42, 0.44, 0.28, 0.2699999999999999, 0.22499999999999987, 0, 0.44, 0.25, 0.79, 0.56, 0.25, 0.25, 0.56, 0.56, 0.73, 0.37, 0.7, 0.38, 0.24, 0.26, 99, 99, 99]
--- num:  29
list:  [0.07, 0.07, 0, 0, 1, 1, 0.16199999999999998, 0.16199999999999998, 0.44, 0.44, 0.45, 0.27, 0.20999999999999985, 0.16499999999999998, 0.5, 0.43, 0.43, 0.78, 0.56, 0.43, 0.43, 0.56, 0.56, 0.69, 0.39, 0.66, 0.4, 0.17, 0.17, 99, 99, 99]
--- num:  29
list:  [0.14, 0.14, 0.08, 0.08, 1, 1, 0.16199999999999998, 0.16199999999999998, 0.44, 0.44, 0.44, 0.29, 0.18, 0.14999999999999997, 0.75, 0.42, 0.54, 0.78, 0.56, 0.54, 0.54, 0.56, 0.56, 0.67, 0.4, 0.65, 0.41, 0.14, 0.17, 99, 99, 99]
--- num:  29
list:  [0.17, 0.17, 0.16, 0.16, 1, 1, 0.16199999999999998, 0.16199999999999998, 0.48, 0.48, 0.38, 0.34, 0.16499999999999998, 0.13499999999999995, 0.75, 0.42, 0.62, 0.78, 0.56, 0.62, 0.62, 0.56, 0.56, 0.66, 0.4, 0.64, 0.41, 0.12, 0.18, 99, 99, 99]
--- num:  29
list:  [0.17, 0.17, 0.16, 0.16, 1, 1, 0.16199999999999998, 0.16199999999999998, 0.49, 0.49, 0.35, 0.37, 0.16499999999999998, 0.14999999999999997, 0.75, 0.4, 0.69, 0.76, 0.55, 0.69, 0.69, 0.55, 0.55, 0.66, 0.4, 0.65, 0.4, 0.1, 0.19, 99, 99, 99]
--- num:  29
list:  [0.17, 0.17, 0.17, 0.17, 1, 1, 0.16199999999999998, 0.16199999999999998, 0.5, 0.5, 0.33, 0.39, 0.14999999999999997, 0.11999999999999994, 0.75, 0.39, 0.7, 0.76, 0.55, 0.7, 0.7, 0.55, 0.55, 0.65, 0.4, 0.63, 0.42, 0.09, 0.26, 99, 99, 99]
--- num:  29
list:  [0.15, 0.15, 0.12, 0.12, 1, 1, 0.16199999999999998, 0.16199999999999998, 0.49, 0.49, 0.31, 0.41, 0.18, 0.16499999999999998, 0.75, 0.38, 0.695, 0.75, 0.54, 0.69, 0.7, 0.54, 0.54, 0.67, 0.39, 0.66, 0.4, 0.07, 0.32, 99, 99, 99]
--- num:  29
list:  [0.11, 0.11, 0.02, 0.02, 1, 1, 0.16199999999999998, 0.16199999999999998, 0.5, 0.5, 0.29, 0.43, 0.195, 0.16499999999999998, 0.75, 0.37, 0.695, 0.74, 0.55, 0.69, 0.7, 0.55, 0.55, 0.68, 0.39, 0.66, 0.4, 0.07, 0.35, 99, 99, 99]
--- num:  29
list:  [0.11, 0.11, 0.03, 0.03, 1, 1, 0.16199999999999998, 0.16199999999999998, 0.51, 0.51, 0.27, 0.45, 0.36, 0.2549999999999999, 0.75, 0.34, 0.825, 0.72, 0.47, 0.82, 0.83, 0.47, 0.47, 0.79, 0.34, 0.72, 0.37, 0.06, 0.35, 99, 99, 99]
--- num:  29
list:  [0.15, 0.15, 0.11, 0.11, 1, 1, 0.16199999999999998, 0.16199999999999998, 0.51, 0.51, 0.25, 0.47, 0.39, 0.2849999999999999, 0.75, 0.3, 0.905, 0.69, 0.4, 0.9, 0.91, 0.4, 0.4, 0.81, 0.33, 0.74, 0.37, 0.05, 0.37, 99, 99, 99]
--- num:  29
list:  [0.24, 0.24, 0.33, 0.33, 1, 1, 0.16199999999999998, 0.16199999999999998, 0.52, 0.52, 0.25, 0.47, 0.345, 0.2549999999999999, 0.75, 0.29, 0.935, 0.68, 0.37, 0.93, 0.94, 0.37, 0.37, 0.78, 0.35, 0.72, 0.38, 0.05, 0.41, 99, 99, 99]
--- num:  29
list:  [0.56, 0.56, 1, 1, 0.97, 0.97, 0.3280449616909027, 0.3202286171913147, 0.35, 0.35, 0.3, 0.42, 0.36, 0.2849999999999999, 0.75, 0.29, 0.9299999999999999, 0.68, 0.37, 0.92, 0.94, 0.37, 0.37, 0.79, 0.34, 0.74, 0.36, 0.05, 0.43, 99, 99, 99]
--- num:  29
list:  [0.56, 0.56, 1, 1, 0.97, 0.97, 0.16199999999999998, 0.16199999999999998, 0.44, 0.44, 0.31, 0.41, 0.32999999999999996, 0.20999999999999985, 0.75, 0.28, 0.9299999999999999, 0.67, 0.36, 0.92, 0.94, 0.36, 0.36, 0.77, 0.35, 0.69, 0.39, 0.05, 0.45, 99, 99, 99]
--- num:  29
list:  [0.56, 0.56, 1, 1, 0.97, 0.97, 0.16199999999999998, 0.16199999999999998, 0.45, 0.45, 0.33, 0.39, 0.31499999999999995, 0.18, 0.75, 0.27, 0.9299999999999999, 0.67, 0.36, 0.92, 0.94, 0.36, 0.36, 0.76, 0.36, 0.67, 0.4, 0.05, 0.46, 99, 99, 99]
--- num:  29
list:  [0.56, 0.56, 1, 1, 0.98, 0.98, 0.16199999999999998, 0.16199999999999998, 0.45, 0.45, 0.36, 0.36, 0.29999999999999993, 0.18, 0.75, 0.27, 0.9299999999999999, 0.67, 0.36, 0.92, 0.94, 0.36, 0.36, 0.75, 0.36, 0.67, 0.4, 0.04, 0.47, 99, 99, 99]
--- num:  29
list:  [0.56, 0.56, 1, 1, 0.98, 0.98, 0.16199999999999998, 0.16199999999999998, 0.44, 0.44, 0.39, 0.33, 0.29999999999999993, 0.18, 0.75, 0.27, 0.9299999999999999, 0.66, 0.36, 0.92, 0.94, 0.36, 0.36, 0.75, 0.36, 0.67, 0.4, 0.04, 0.46, 99, 99, 99]
--- num:  29
list:  [0.56, 0.56, 1, 1, 0.98, 0.98, 0.16199999999999998, 0.16199999999999998, 0.44, 0.44, 0.41, 0.32, 0.2699999999999999, 0.16499999999999998, 0.75, 0.26, 0.9299999999999999, 0.66, 0.35, 0.92, 0.94, 0.35, 0.35, 0.73, 0.37, 0.66, 0.4, 0.04, 0.46, 99, 99, 99]
--- num:  29
list:  [0.12, 0.12, 0.04, 0.04, 1, 1, 0.16199999999999998, 0.16199999999999998, 0.44, 0.44, 0.42, 0.3, 0.2549999999999999, 0.14999999999999997, 0.75, 0.27, 0.915, 0.66, 0.36, 0.91, 0.92, 0.36, 0.36, 0.72, 0.38, 0.65, 0.4, 0.04, 0.44, 99, 99, 99]
--- num:  29
list:  [0.09, 0.09, 0, 0, 1, 1, 0.16199999999999998, 0.16199999999999998, 0.44, 0.44, 0.43, 0.29, 0.20999999999999985, 0.11999999999999994, 0.75, 0.27, 0.905, 0.67, 0.33, 0.9, 0.91, 0.33, 0.33, 0.69, 0.39, 0.63, 0.41, 0.04, 0.42, 99, 99, 99]
--- num:  29
list:  [0.03, 0.03, 0, 0, 1, 1, 0.16199999999999998, 0.16199999999999998, 0.35, 0.35, 0.44, 0.28, 0.20999999999999985, 0.16499999999999998, 0.5, 0.28, 0.865, 0.68, 0.34, 0.86, 0.87, 0.34, 0.34, 0.69, 0.39, 0.66, 0.4, 0.04, 0.4, 99, 99, 99]
--- num:  29
list:  [0.56, 0.56, 1, 1, 0.98, 0.98, 0.16199999999999998, 0.16199999999999998, 0.37, 0.37, 0.45, 0.27, 0.2849999999999999, 0.2699999999999999, 0.25, 0.42, 0.39, 0.78, 0.56, 0.39, 0.39, 0.56, 0.56, 0.74, 0.36, 0.73, 0.37, 0.09, 0.24, 99, 99, 99]
--- num:  29
list:  [0.01, 0.01, 0, 0, 1, 1, 0.16199999999999998, 0.16199999999999998, 0.42, 0.42, 0.46, 0.26, 0.31499999999999995, 0.32999999999999996, 0, 0.45, 0.25, 0.8, 0.56, 0.25, 0.25, 0.56, 0.56, 0.76, 0.36, 0.77, 0.35, 0.13, 0.25, 99, 99, 99]
--- num:  29
list:  [0, 0, 0, 0, 1, 1, 0.16199999999999998, 0.16199999999999998, 0.42, 0.42, 0.45, 0.27, 0.29999999999999993, 0.345, 0, 0.45, 0.25, 0.8, 0.56, 0.25, 0.25, 0.56, 0.56, 0.75, 0.36, 0.78, 0.35, 0.14, 0.45, 99, 99, 99]
--- num:  29
list:  [0, 0, 0, 0, 1, 1, 0.16199999999999998, 0.16199999999999998, 0.42, 0.42, 0.42, 0.3, 0.345, 0.40499999999999986, 0, 0.46, 0.25, 0.81, 0.56, 0.25, 0.25, 0.56, 0.56, 0.78, 0.35, 0.82, 0.33, 0.16, 0.4, 99, 99, 99]
--- num:  29
list:  [0, 0, 0, 0, 1, 1, 0.16199999999999998, 0.16199999999999998, 0.43, 0.43, 0.38, 0.34, 0.36, 0.4199999999999999, 0, 0.48, 0.25, 0.82, 0.56, 0.25, 0.25, 0.56, 0.56, 0.79, 0.34, 0.83, 0.33, 0.24, 0.64, 99, 99, 99]
--- num:  29
list:  [0, 0, 0, 0, 1, 1, 0.16199999999999998, 0.16199999999999998, 0.42, 0.42, 0.35, 0.37, 0.36, 0.4199999999999999, 0, 0.48, 0.25, 0.83, 0.56, 0.25, 0.25, 0.56, 0.56, 0.79, 0.34, 0.83, 0.32, 0.27, 0.76, 99, 99, 99]
--- num:  29
list:  [0.02, 0.02, 0, 0, 1, 1, 0.16199999999999998, 0.16199999999999998, 0.42, 0.42, 0.34, 0.38, 0.36, 0.4199999999999999, 0, 0.49, 0.25, 0.83, 0.56, 0.25, 0.25, 0.56, 0.56, 0.79, 0.34, 0.83, 0.32, 0.3, 0.78, 99, 99, 99]
--- num:  29
list:  [0, 0, 0, 0, 1, 1, 0.16199999999999998, 0.16199999999999998, 0.42, 0.42, 0.33, 0.39, 0.36, 0.4199999999999999, 0, 0.49, 0.25, 0.83, 0.56, 0.25, 0.25, 0.56, 0.56, 0.79, 0.35, 0.83, 0.33, 0.3, 0.85, 99, 99, 99]
--- num:  29
list:  [0, 0, 0, 0, 1, 1, 0.16199999999999998, 0.16199999999999998, 0.41, 0.41, 0.31, 0.41, 0.36, 0.4199999999999999, 0, 0.49, 0.25, 0.83, 0.56, 0.25, 0.25, 0.56, 0.56, 0.79, 0.34, 0.83, 0.33, 0.31, 0.93, 99, 99, 99]
--- num:  29
list:  [0, 0, 0, 0, 1, 1, 0.16199999999999998, 0.16199999999999998, 0.43, 0.43, 0.35, 0.37, 0.36, 0.4199999999999999, 0, 0.49, 0.25, 0.83, 0.56, 0.25, 0.25, 0.56, 0.56, 0.79, 0.34, 0.83, 0.33, 0.32, 1, 99, 99, 99]
--- num:  29
list:  [0, 0, 0, 0, 1, 1, 0.16199999999999998, 0.16199999999999998, 0.43, 0.43, 0.4, 0.33, 0.40499999999999986, 0.4349999999999999, 0, 0.5, 0.25, 0.84, 0.56, 0.25, 0.25, 0.56, 0.56, 0.82, 0.33, 0.84, 0.32, 0.33, 1, 99, 99, 99]
--- num:  29
list:  [0, 0, 0, 0, 1, 1, 0.16199999999999998, 0.16199999999999998, 0.45, 0.45, 0.45, 0.28, 0.4499999999999999, 0.4799999999999999, 0, 0.5, 0.25, 0.84, 0.56, 0.25, 0.25, 0.56, 0.56, 0.85, 0.32, 0.87, 0.31, 0.35, 1, 99, 99, 99]
--- num:  29
list:  [0, 0, 0, 0, 1, 1, 0.16199999999999998, 0.16199999999999998, 0.45, 0.45, 0.46, 0.27, 0.51, 0.54, 0, 0.45, 0.25, 0.8, 0.56, 0.25, 0.25, 0.56, 0.56, 0.89, 0.3, 0.91, 0.29, 0.55, 0.5, 99, 99, 99]
--- num:  29
list:  [0.01, 0.01, 0, 0, 1, 1, 0.16199999999999998, 0.16199999999999998, 0.46, 0.46, 0.45, 0.28, 0.51, 0.54, 0, 0.44, 0.25, 0.79, 0.56, 0.25, 0.25, 0.56, 0.56, 0.89, 0.3, 0.91, 0.29, 0.57, 0.5, 99, 99, 99]
--- num:  29
list:  [0, 0, 0, 0, 1, 1, 0.16199999999999998, 0.16199999999999998, 0.48, 0.48, 0.42, 0.3, 0.51, 0.54, 0, 0.43, 0.25, 0.78, 0.56, 0.25, 0.25, 0.56, 0.56, 0.89, 0.3, 0.91, 0.29, 0.62, 0.5, 99, 99, 99]
--- num:  29
list:  [0.02, 0.02, 0, 0, 1, 1, 0.16199999999999998, 0.16199999999999998, 0.49, 0.49, 0.42, 0.3, 0.51, 0.54, 0, 0.41, 0.25, 0.77, 0.56, 0.25, 0.25, 0.56, 0.56, 0.89, 0.3, 0.91, 0.29, 0.65, 0.5, 99, 99, 99]
--- num:  29
list:  [0.04, 0.04, 0, 0, 1, 1, 0.16199999999999998, 0.16199999999999998, 0.49, 0.49, 0.42, 0.3, 0.4649999999999999, 0.54, 0, 0.39, 0.25, 0.76, 0.56, 0.25, 0.25, 0.56, 0.56, 0.86, 0.31, 0.91, 0.29, 0.68, 0.5, 99, 99, 99]
--- num:  29
list:  [0.04, 0.04, 0, 0, 1, 1, 0.16199999999999998, 0.16199999999999998, 0.43, 0.43, 0.3, 0.42, 0.4649999999999999, 0.5249999999999999, 0, 0.39, 0.25, 0.75, 0.56, 0.25, 0.25, 0.56, 0.56, 0.86, 0.31, 0.9, 0.3, 0.65, 0.5, 99, 99, 99]
--- num:  29
list:  [0.04, 0.04, 0, 0, 1, 1, 0.16199999999999998, 0.16199999999999998, 0.43, 0.43, 0.3, 0.42, 0.4799999999999999, 0.5249999999999999, 0, 0.38, 0.25, 0.75, 0.56, 0.25, 0.25, 0.56, 0.56, 0.87, 0.31, 0.9, 0.29, 0.67, 0.5, 99, 99, 99]
--- num:  29
list:  [0.06, 0.06, 0, 0, 1, 1, 0.16199999999999998, 0.16199999999999998, 0.43, 0.43, 0.31, 0.41, 0.51, 0.54, 0, 0.38, 0.25, 0.75, 0.56, 0.25, 0.25, 0.56, 0.56, 0.89, 0.3, 0.91, 0.29, 0.68, 0.5, 99, 99, 99]
--- num:  29
list:  [0.07, 0.07, 0, 0, 1, 1, 0.16199999999999998, 0.16199999999999998, 0.47, 0.47, 0.54, 0.19, 0.51, 0.54, 0.25, 0.38, 0.25, 0.75, 0.56, 0.25, 0.25, 0.56, 0.56, 0.89, 0.3, 0.91, 0.29, 0.68, 0.5, 99, 99, 99]
--- num:  29
list:  [0.11, 0.11, 0.03, 0.03, 1, 1, 0.16199999999999998, 0.16199999999999998, 0.47, 0.47, 0.53, 0.2, 0.49499999999999994, 0.5249999999999999, 0.25, 0.4, 0.25, 0.76, 0.56, 0.25, 0.25, 0.56, 0.56, 0.88, 0.31, 0.9, 0.29, 0.68, 0.5, 99, 99, 99]
--- num:  29
list:  [0.12, 0.12, 0.05, 0.05, 1, 1, 0.16199999999999998, 0.16199999999999998, 0.46, 0.46, 0.53, 0.2, 0.49499999999999994, 0.5549999999999999, 0, 0.41, 0.25, 0.77, 0.56, 0.25, 0.25, 0.56, 0.56, 0.88, 0.3, 0.92, 0.29, 0.66, 0.5, 99, 99, 99]
--- num:  29
list:  [0.12, 0.12, 0.04, 0.04, 1, 1, 0.16199999999999998, 0.16199999999999998, 0.46, 0.46, 0.54, 0.19, 0.49499999999999994, 0.54, 0, 0.42, 0.25, 0.77, 0.56, 0.25, 0.25, 0.56, 0.56, 0.88, 0.3, 0.91, 0.29, 0.64, 0.5, 99, 99, 99]
--- num:  29
list:  [0.11, 0.11, 0.01, 0.01, 1, 1, 0.16199999999999998, 0.16199999999999998, 0.46, 0.46, 0.54, 0.18, 0.4799999999999999, 0.54, 0, 0.43, 0.25, 0.78, 0.56, 0.25, 0.25, 0.56, 0.56, 0.87, 0.31, 0.91, 0.29, 0.64, 0.5, 99, 99, 99]
--- num:  29
list:  [0.08, 0.08, 0, 0, 1, 1, 0.16199999999999998, 0.16199999999999998, 0.44, 0.44, 0.38, 0.34, 0.5249999999999999, 0.5849999999999999, 0, 0.43, 0.25, 0.79, 0.56, 0.25, 0.25, 0.56, 0.56, 0.9, 0.3, 0.94, 0.28, 0.66, 0.5, 99, 99, 99]
--- num:  29
list:  [0.1, 0.1, 0, 0, 1, 1, 0.16199999999999998, 0.16199999999999998, 0.47, 0.47, 0.39, 0.33, 0.51, 0.5849999999999999, 0, 0.43, 0.25, 0.78, 0.56, 0.25, 0.25, 0.56, 0.56, 0.89, 0.3, 0.94, 0.28, 0.66, 0.5, 99, 99, 99]
--- num:  29
list:  [0.11, 0.11, 0.01, 0.01, 1, 1, 0.16199999999999998, 0.16199999999999998, 0.5, 0.5, 0.38, 0.34, 0.49499999999999994, 0.5700000000000001, 0, 0.43, 0.255, 0.78, 0.56, 0.26, 0.25, 0.56, 0.56, 0.88, 0.3, 0.93, 0.28, 0.67, 0.5, 99, 99, 99]
--- num:  29
list:  [0.1, 0.1, 0.01, 0.01, 1, 1, 0.16199999999999998, 0.16199999999999998, 0.51, 0.51, 0.33, 0.39, 0.4649999999999999, 0.54, 0, 0.42, 0.275, 0.78, 0.56, 0.3, 0.25, 0.56, 0.56, 0.86, 0.31, 0.91, 0.29, 0.71, 0.5, 99, 99, 99]
--- num:  29
list:  [0.12, 0.12, 0.05, 0.05, 1, 1, 0.16199999999999998, 0.16199999999999998, 0.51, 0.51, 0.3, 0.42, 0.4199999999999999, 0.51, 0, 0.43, 0.28, 0.78, 0.56, 0.3, 0.26, 0.56, 0.56, 0.83, 0.32, 0.89, 0.3, 0.69, 0.5, 99, 99, 99]
--- num:  29
list:  [0.14, 0.14, 0.09, 0.09, 1, 1, 0.16199999999999998, 0.16199999999999998, 0.51, 0.51, 0.29, 0.44, 0.4199999999999999, 0.49499999999999994, 0, 0.42, 0.28, 0.78, 0.56, 0.29, 0.27, 0.56, 0.56, 0.83, 0.33, 0.88, 0.3, 0.7, 0.5, 99, 99, 99]
--- num:  29
list:  [0.12, 0.12, 0.05, 0.05, 1, 1, 0.16199999999999998, 0.16199999999999998, 0.43, 0.43, 0.27, 0.45, 0.51, 0.5999999999999999, 0, 0.42, 0.25, 0.78, 0.56, 0.25, 0.25, 0.56, 0.56, 0.89, 0.3, 0.95, 0.27, 0.7, 0.5, 99, 99, 99]
--- num:  29
list:  [0.11, 0.11, 0.03, 0.03, 1, 1, 0.16199999999999998, 0.16199999999999998, 0.46, 0.46, 0.3, 0.43, 0.4799999999999999, 0.54, 0, 0.42, 0.25, 0.78, 0.56, 0.25, 0.25, 0.56, 0.56, 0.87, 0.31, 0.91, 0.29, 0.69, 0.5, 99, 99, 99]
--- num:  29
list:  [0.13, 0.13, 0.08, 0.08, 1, 1, 0.16199999999999998, 0.16199999999999998, 0.5, 0.5, 0.43, 0.29, 0.4649999999999999, 0.5249999999999999, 0, 0.41, 0.29, 0.77, 0.56, 0.29, 0.29, 0.56, 0.56, 0.86, 0.31, 0.9, 0.3, 0.67, 0.5, 99, 99, 99]
--- num:  29
list:  [0.15, 0.15, 0.11, 0.11, 1, 1, 0.16199999999999998, 0.16199999999999998, 0.48, 0.48, 0.56, 0.17, 0.4649999999999999, 0.5249999999999999, 0.25, 0.41, 0.31, 0.77, 0.56, 0.31, 0.31, 0.56, 0.56, 0.86, 0.31, 0.9, 0.3, 0.67, 0.5, 99, 99, 99]
--- num:  29
list:  [0.14, 0.14, 0.1, 0.1, 1, 1, 0.16199999999999998, 0.16199999999999998, 0.49, 0.49, 0.55, 0.18, 0.4799999999999999, 0.54, 0.25, 0.41, 0.295, 0.77, 0.56, 0.3, 0.29, 0.56, 0.56, 0.87, 0.31, 0.91, 0.29, 0.66, 0.5, 99, 99, 99]
--- num:  29
list:  [0.12, 0.12, 0.06, 0.06, 1, 1, 0.16199999999999998, 0.16199999999999998, 0.44, 0.44, 0.34, 0.38, 0.4499999999999999, 0.51, 0, 0.42, 0.25, 0.78, 0.56, 0.25, 0.25, 0.56, 0.56, 0.85, 0.32, 0.89, 0.3, 0.64, 0.5, 99, 99, 99]
--- num:  29
list:  [0.12, 0.12, 0.05, 0.05, 1, 1, 0.16199999999999998, 0.16199999999999998, 0.45, 0.45, 0.36, 0.36, 0.375, 0.4499999999999999, 0, 0.42, 0.25, 0.78, 0.56, 0.25, 0.25, 0.56, 0.56, 0.8, 0.34, 0.85, 0.32, 0.61, 0.5, 99, 99, 99]
--- num:  29
list:  [0.14, 0.14, 0.1, 0.1, 1, 1, 0.16199999999999998, 0.16199999999999998, 0.45, 0.45, 0.37, 0.36, 0.345, 0.40499999999999986, 0, 0.43, 0.25, 0.79, 0.56, 0.25, 0.25, 0.56, 0.56, 0.78, 0.35, 0.82, 0.33, 0.6, 0.5, 99, 99, 99]
--- num:  29
list:  [0.11, 0.11, 0.01, 0.01, 1, 1, 0.16199999999999998, 0.16199999999999998, 0.45, 0.45, 0.39, 0.33, 0.32999999999999996, 0.39, 0, 0.45, 0.25, 0.8, 0.56, 0.25, 0.25, 0.56, 0.56, 0.77, 0.35, 0.81, 0.33, 0.57, 0.5, 99, 99, 99]
--- num:  29
list:  [0.08, 0.08, 0, 0, 1, 1, 0.16199999999999998, 0.16199999999999998, 0.45, 0.45, 0.41, 0.31, 0.2849999999999999, 0.36, 0, 0.49, 0.25, 0.83, 0.56, 0.25, 0.25, 0.56, 0.56, 0.74, 0.36, 0.79, 0.34, 0.51, 0.5, 99, 99, 99]
--- num:  29
list:  [0.06, 0.06, 0, 0, 1, 1, 0.16199999999999998, 0.16199999999999998, 0.45, 0.45, 0.42, 0.3, 0.2549999999999999, 0.31499999999999995, 0, 0.52, 0.25, 0.85, 0.56, 0.25, 0.25, 0.56, 0.56, 0.72, 0.38, 0.76, 0.36, 0.47, 0.5, 99, 99, 99]
--- num:  29
list:  [0.11, 0.11, 0.02, 0.02, 1, 1, 0.16199999999999998, 0.16199999999999998, 0.44, 0.44, 0.41, 0.31, 0.2549999999999999, 0.31499999999999995, 0, 0.52, 0.25, 0.85, 0.56, 0.25, 0.25, 0.56, 0.56, 0.72, 0.37, 0.76, 0.36, 0.44, 1, 99, 99, 99]
--- num:  29
list:  [0.14, 0.14, 0.09, 0.09, 1, 1, 0.16199999999999998, 0.16199999999999998, 0.44, 0.44, 0.38, 0.34, 0.2549999999999999, 0.29999999999999993, 0, 0.52, 0.25, 0.85, 0.56, 0.25, 0.25, 0.56, 0.56, 0.72, 0.37, 0.75, 0.36, 0.43, 1, 99, 99, 99]
--- num:  29
list:  [0.14, 0.14, 0.09, 0.09, 1, 1, 0.16199999999999998, 0.16199999999999998, 0.45, 0.45, 0.36, 0.36, 0.2549999999999999, 0.29999999999999993, 0, 0.52, 0.25, 0.85, 0.56, 0.25, 0.25, 0.56, 0.56, 0.72, 0.37, 0.75, 0.36, 0.41, 1, 99, 99, 99]
--- num:  29
list:  [0.13, 0.13, 0.07, 0.07, 1, 1, 0.16199999999999998, 0.16199999999999998, 0.45, 0.45, 0.36, 0.37, 0.2549999999999999, 0.29999999999999993, 0, 0.51, 0.25, 0.85, 0.56, 0.25, 0.25, 0.56, 0.56, 0.72, 0.38, 0.75, 0.36, 0.36, 1, 99, 99, 99]
--- num:  29
list:  [0.09, 0.09, 0, 0, 1, 1, 0.16199999999999998, 0.16199999999999998, 0.45, 0.45, 0.35, 0.37, 0.2699999999999999, 0.29999999999999993, 0, 0.5, 0.25, 0.84, 0.56, 0.25, 0.25, 0.56, 0.56, 0.73, 0.37, 0.75, 0.36, 0.23, 0.6, 99, 99, 99]
--- num:  29
list:  [0.07, 0.07, 0, 0, 1, 1, 0.16199999999999998, 0.16199999999999998, 0.42, 0.42, 0.36, 0.37, 0.2849999999999999, 0.29999999999999993, 0.75, 0.46, 0.44999999999999996, 0.81, 0.56, 0.45999999999999996, 0.44, 0.56, 0.56, 0.74, 0.36, 0.75, 0.36, 0.16, 0.41, 99, 99, 99]
--- num:  29
list:  [0.08, 0.08, 0, 0, 1, 1, 0.16199999999999998, 0.16199999999999998, 0.49, 0.49, 0.34, 0.38, 0.2549999999999999, 0.23999999999999988, 0.75, 0.43, 0.495, 0.79, 0.56, 0.5, 0.49, 0.56, 0.56, 0.72, 0.38, 0.71, 0.38, 0.13, 0.38, 99, 99, 99]
--- num:  29
list:  [0.1, 0.1, 0, 0, 1, 1, 0.16199999999999998, 0.16199999999999998, 0.49, 0.49, 0.33, 0.39, 0.20999999999999985, 0.195, 0.75, 0.42, 0.555, 0.77, 0.56, 0.56, 0.55, 0.56, 0.56, 0.69, 0.39, 0.68, 0.39, 0.09, 0.39, 99, 99, 99]
--- num:  29
list:  [0.15, 0.15, 0.12, 0.12, 1, 1, 0.16199999999999998, 0.16199999999999998, 0.5, 0.5, 0.33, 0.39, 0.20999999999999985, 0.18, 0.75, 0.38, 0.715, 0.75, 0.56, 0.71, 0.72, 0.56, 0.56, 0.69, 0.39, 0.67, 0.4, 0.07, 0.39, 99, 99, 99]
--- num:  29
list:  [0.22, 0.22, 0.29, 0.29, 1, 1, 0.16199999999999998, 0.16199999999999998, 0.5, 0.5, 0.33, 0.39, 0.20999999999999985, 0.18, 1, 0.34, 0.87, 0.72, 0.43, 0.87, 0.87, 0.43, 0.43, 0.69, 0.39, 0.67, 0.4, 0.05, 0.38, 99, 99, 99]
--- num:  29
list:  [0.28, 0.28, 0.41, 0.41, 1, 1, 0.16199999999999998, 0.16199999999999998, 0.5, 0.5, 0.33, 0.39, 0.195, 0.14999999999999997, 1, 0.31, 0.915, 0.7, 0.38, 0.91, 0.92, 0.38, 0.38, 0.68, 0.39, 0.65, 0.4, 0.05, 0.38, 99, 99, 99]
--- num:  29
list:  [0.31, 0.31, 0.49, 0.49, 1, 1, 0.16199999999999998, 0.16199999999999998, 0.48, 0.47, 0.33, 0.39, 0.18, 0.13499999999999995, 1, 0.29, 0.935, 0.68, 0.34, 0.93, 0.94, 0.34, 0.34, 0.67, 0.4, 0.64, 0.41, 0.04, 0.39, 99, 99, 99]
--- num:  29
list:  [0.56, 0.56, 1, 1, 0.98, 0.98, 0.16199999999999998, 0.16199999999999998, 0.37, 0.37, 0.35, 0.38, 0.195, 0.16499999999999998, 1, 0.3, 0.935, 0.68, 0.36, 0.93, 0.94, 0.36, 0.36, 0.68, 0.39, 0.66, 0.4, 0.04, 0.41, 99, 99, 99]
--- num:  29
list:  [0.56, 0.56, 1, 1, 0.98, 0.98, 0.16199999999999998, 0.16199999999999998, 0.43, 0.43, 0.33, 0.39, 0.195, 0.14999999999999997, 1, 0.29, 0.945, 0.68, 0.35, 0.94, 0.95, 0.35, 0.35, 0.68, 0.39, 0.65, 0.41, 0.04, 0.43, 99, 99, 99]
--- num:  29
list:  [0.56, 0.56, 1, 1, 0.97, 0.97, 0.16199999999999998, 0.16199999999999998, 0.44, 0.44, 0.33, 0.39, 0.20999999999999985, 0.13499999999999995, 1, 0.27, 0.955, 0.67, 0.33, 0.95, 0.96, 0.33, 0.33, 0.69, 0.39, 0.64, 0.41, 0.04, 0.47, 99, 99, 99]
--- num:  29
list:  [0.56, 0.56, 1, 1, 0.98, 0.98, 0.16199999999999998, 0.16199999999999998, 0.45, 0.45, 0.34, 0.39, 0.20999999999999985, 0.11999999999999994, 1, 0.26, 0.965, 0.65, 0.31, 0.96, 0.97, 0.31, 0.31, 0.69, 0.39, 0.63, 0.41, 0.04, 0.49, 99, 99, 99]
--- num:  29
list:  [0.56, 0.56, 1, 1, 0.98, 0.98, 0.16199999999999998, 0.16199999999999998, 0.46, 0.46, 0.34, 0.38, 0.195, 0.11999999999999994, 1, 0.25, 0.97, 0.65, 0.3, 0.97, 0.97, 0.3, 0.3, 0.68, 0.39, 0.63, 0.41, 0.03, 0.5, 99, 99, 99]
--- num:  29
list:  [0.56, 0.56, 1, 1, 0.98, 0.98, 0.16199999999999998, 0.16199999999999998, 0.48, 0.48, 0.33, 0.39, 0.18, 0.11999999999999994, 1, 0.25, 0.975, 0.65, 0.3, 0.97, 0.98, 0.3, 0.3, 0.67, 0.39, 0.63, 0.42, 0.03, 0.51, 99, 99, 99]
--- num:  29
list:  [0.35, 0.35, 0.58, 0.58, 1, 1, 0.16199999999999998, 0.16199999999999998, 0.53, 0.53, 0.59, 0.14, 0.18, 0.08999999999999991, 1, 0.25, 0.975, 0.65, 0.31, 0.97, 0.98, 0.31, 0.31, 0.67, 0.4, 0.61, 0.42, 0.03, 0.5, 99, 99, 99]
--- num:  29
list:  [0.31, 0.31, 0.48, 0.48, 1, 1, 0.16199999999999998, 0.16199999999999998, 0.54, 0.54, 0.58, 0.15, 0.16499999999999998, 0.08999999999999991, 1, 0.25, 0.975, 0.65, 0.31, 0.97, 0.98, 0.31, 0.31, 0.66, 0.4, 0.61, 0.42, 0.04, 0.5, 99, 99, 99]
--- num:  29
list:  [0.28, 0.28, 0.42, 0.42, 1, 1, 0.16199999999999998, 0.16199999999999998, 0.55, 0.55, 0.6, 0.13, 0.195, 0.10499999999999993, 1, 0.25, 0.975, 0.65, 0.32, 0.97, 0.98, 0.32, 0.32, 0.68, 0.39, 0.62, 0.42, 0.04, 0.49, 99, 99, 99]
--- num:  29
list:  [0.3, 0.3, 0.47, 0.47, 1, 1, 0.16199999999999998, 0.16199999999999998, 0.58, 0.58, 0.33, 0.4, 0.16499999999999998, 0.08999999999999991, 1, 0.25, 0.975, 0.65, 0.31, 0.97, 0.98, 0.31, 0.31, 0.66, 0.4, 0.61, 0.42, 0.04, 0.48, 99, 99, 99]
--- num:  29
list:  [0.23, 0.23, 0.31, 0.31, 1, 1, 0.16199999999999998, 0.16199999999999998, 0.58, 0.58, 0.33, 0.39, 0.18, 0.13499999999999995, 1, 0.25, 0.97, 0.65, 0.32, 0.97, 0.97, 0.32, 0.32, 0.67, 0.4, 0.64, 0.41, 0.04, 0.44, 99, 99, 99]
--- num:  29
list:  [0.22, 0.22, 0.29, 0.29, 1, 1, 0.16199999999999998, 0.16199999999999998, 0.59, 0.59, 0.33, 0.39, 0.18, 0.13499999999999995, 1, 0.25, 0.97, 0.65, 0.32, 0.97, 0.97, 0.32, 0.32, 0.67, 0.4, 0.64, 0.41, 0.04, 0.43, 99, 99, 99]
--- num:  29
list:  [0.23, 0.23, 0.3, 0.3, 1, 1, 0.16199999999999998, 0.16199999999999998, 0.61, 0.61, 0.33, 0.39, 0.18, 0.11999999999999994, 1, 0.25, 0.97, 0.65, 0.31, 0.97, 0.97, 0.31, 0.31, 0.67, 0.4, 0.63, 0.41, 0.04, 0.44, 99, 99, 99]
--- num:  29
list:  [0.2, 0.2, 0.24, 0.24, 1, 1, 0.16199999999999998, 0.16199999999999998, 0.63, 0.63, 0.33, 0.39, 0.18, 0.11999999999999994, 1, 0.25, 0.97, 0.65, 0.32, 0.97, 0.97, 0.32, 0.32, 0.67, 0.4, 0.63, 0.41, 0.05, 0.45, 99, 99, 99]
--- num:  29
list:  [0.21, 0.21, 0.25, 0.25, 1, 1, 0.16199999999999998, 0.16199999999999998, 0.62, 0.62, 0.33, 0.39, 0.16499999999999998, 0.13499999999999995, 1, 0.25, 0.97, 0.65, 0.32, 0.97, 0.97, 0.32, 0.32, 0.66, 0.4, 0.64, 0.41, 0.05, 0.44, 99, 99, 99]
--- num:  29
list:  [0.31, 0.31, 0.49, 0.49, 1, 1, 0.16199999999999998, 0.16199999999999998, 0.64, 0.64, 0.34, 0.38, 0.10499999999999993, 0.10499999999999993, 1, 0.25, 0.97, 0.65, 0.3, 0.97, 0.97, 0.3, 0.3, 0.62, 0.42, 0.62, 0.42, 0.05, 0.45, 99, 99, 99]
--- num:  29
list:  [0.24, 0.24, 0.32, 0.32, 1, 1, 0.16199999999999998, 0.16199999999999998, 0.63, 0.63, 0.34, 0.38, 0.13499999999999995, 0.10499999999999993, 1, 0.25, 0.97, 0.65, 0.31, 0.97, 0.97, 0.31, 0.31, 0.64, 0.41, 0.62, 0.42, 0.05, 0.45, 99, 99, 99]
--- num:  29
list:  [0.35, 0.35, 0.58, 0.58, 1, 1, 0.16199999999999998, 0.16199999999999998, 0.63, 0.63, 0.34, 0.38, 0.0749999999999999, 0.02999999999999986, 1, 0.25, 0.975, 0.65, 0.31, 0.97, 0.98, 0.31, 0.31, 0.6, 0.43, 0.57, 0.44, 0.05, 0.47, 99, 99, 99]
--- num:  29
list:  [0.35, 0.35, 0.59, 0.59, 1, 1, 0.16199999999999998, 0.16199999999999998, 0.63, 0.63, 0.34, 0.39, 0.0749999999999999, 0.02999999999999986, 1, 0.25, 0.98, 0.65, 0.3, 0.98, 0.98, 0.3, 0.3, 0.6, 0.43, 0.57, 0.44, 0.05, 0.48, 99, 99, 99]
--- num:  29
list:  [0.35, 0.35, 0.58, 0.58, 1, 1, 0.16199999999999998, 0.16199999999999998, 0.62, 0.62, 0.34, 0.38, 0.10499999999999993, 0.05999999999999989, 1, 0.25, 0.98, 0.65, 0.3, 0.98, 0.98, 0.3, 0.3, 0.62, 0.42, 0.59, 0.43, 0.05, 0.48, 99, 99, 99]
--- num:  29
