A0
A1
A2
A3
A4
A5
A6
A7
A8
A9
A10
A11
A12
A13
A14
A15
A16
A17
A18
A19
A20
A21
A22
A23
A24
A25
A26
A27
A28
--- [0.87, 0.67, 1.0, 1.0, 0.24, 0.24, 0.05, 0.13, 0.51, 0.54, 0.4, 0.38, 0.0, -0.0, 1.0, 0.21, 0.75, 0.6, 0.49, 0.8, 0.75, 0.46, 0.86, 0.55, 0.43, 0.55, 0.45, 0.0, 0.5, 99, 99, 99]
into servo loop...
start test new
list:  [0.4, 0.4, 0.69, 0.69, 1, 1, 0.16199999999999998, 0.16199999999999998, 0.42, 0.42, 0.37, 0.35, 0.11999999999999994, 0.08999999999999991, 1, 0.23, 0.97, 0.64, 0.28, 0.97, 0.97, 0.28, 0.28, 0.63, 0.42, 0.61, 0.42, 0.02, 0.51, 99, 99, 99]
--- num:  29
list:  [0.39, 0.39, 0.67, 0.67, 1, 1, 0.16199999999999998, 0.16199999999999998, 0.42, 0.42, 0.36, 0.35, 0.11999999999999994, 0.08999999999999991, 1, 0.23, 0.97, 0.64, 0.28, 0.97, 0.97, 0.28, 0.28, 0.63, 0.42, 0.61, 0.42, 0.02, 0.5, 99, 99, 99]
--- num:  29
list:  [0.39, 0.39, 0.68, 0.68, 1, 1, 0.2211774694919586, 0.22044881761074064, 0.33, 0.33, 0.36, 0.36, 0.11999999999999994, 0.10499999999999993, 1, 0.24, 0.955, 0.64, 0.29, 0.95, 0.96, 0.29, 0.29, 0.63, 0.42, 0.62, 0.42, 0.02, 0.5, 99, 99, 99]
--- num:  29
list:  [0.43, 0.43, 0.77, 0.77, 1, 1, 0.16199999999999998, 0.16199999999999998, 0.39, 0.39, 0.37, 0.35, 0.11999999999999994, 0.10499999999999993, 1, 0.24, 0.96, 0.64, 0.28, 0.96, 0.96, 0.28, 0.28, 0.63, 0.42, 0.62, 0.42, 0.02, 0.5, 99, 99, 99]
--- num:  29
list:  [0.39, 0.39, 0.69, 0.69, 1, 1, 0.25686807513237, 0.2564412462711334, 0.31, 0.31, 0.38, 0.34, 0.10499999999999993, 0.10499999999999993, 1, 0.25, 0.95, 0.65, 0.31, 0.95, 0.95, 0.31, 0.31, 0.62, 0.42, 0.62, 0.42, 0.02, 0.5, 99, 99, 99]
--- num:  29
list:  [0.37, 0.37, 0.63, 0.63, 1, 1, 0.16199999999999998, 0.16199999999999998, 0.33, 0.33, 0.39, 0.33, 0.11999999999999994, 0.10499999999999993, 1, 0.26, 0.945, 0.66, 0.3, 0.94, 0.95, 0.3, 0.3, 0.63, 0.42, 0.62, 0.42, 0.02, 0.49, 99, 99, 99]
--- num:  29
list:  [0.26, 0.26, 0.38, 0.38, 1, 1, 0.16199999999999998, 0.16199999999999998, 0.38, 0.38, 0.42, 0.3, 0.11999999999999994, 0.10499999999999993, 1, 0.24, 0.96, 0.65, 0.29, 0.96, 0.96, 0.29, 0.29, 0.63, 0.41, 0.62, 0.42, 0.02, 0.48, 99, 99, 99]
--- num:  29
list:  [0.26, 0.26, 0.36, 0.36, 1, 1, 0.16199999999999998, 0.16199999999999998, 0.39, 0.39, 0.43, 0.29, 0.11999999999999994, 0.10499999999999993, 1, 0.24, 0.96, 0.64, 0.28, 0.96, 0.96, 0.28, 0.28, 0.63, 0.42, 0.62, 0.42, 0.02, 0.48, 99, 99, 99]
--- num:  29
list:  [0.29, 0.29, 0.45, 0.45, 1, 1, 0.40013433575630186, 0.39966807842254637, 0.27, 0.27, 0.43, 0.29, 0.13499999999999995, 0.13499999999999995, 1, 0.27, 0.915, 0.66, 0.34, 0.91, 0.92, 0.34, 0.34, 0.64, 0.41, 0.64, 0.41, 0.02, 0.45, 99, 99, 99]
--- num:  29
list:  [0.28, 0.28, 0.41, 0.41, 1, 1, 0.16199999999999998, 0.16199999999999998, 0.42, 0.42, 0.41, 0.31, 0.13499999999999995, 0.11999999999999994, 1, 0.27, 0.94, 0.66, 0.32, 0.94, 0.94, 0.32, 0.32, 0.64, 0.41, 0.63, 0.41, 0.02, 0.44, 99, 99, 99]
--- num:  29
list:  [0.28, 0.28, 0.42, 0.42, 1, 1, 0.16199999999999998, 0.16199999999999998, 0.45, 0.45, 0.39, 0.33, 0.11999999999999994, 0.11999999999999994, 1, 0.26, 0.94, 0.66, 0.33, 0.94, 0.94, 0.33, 0.33, 0.63, 0.41, 0.63, 0.41, 0.03, 0.42, 99, 99, 99]
--- num:  29
list:  [0.29, 0.29, 0.44, 0.44, 1, 1, 0.16199999999999998, 0.16199999999999998, 0.46, 0.46, 0.37, 0.35, 0.13499999999999995, 0.11999999999999994, 1, 0.26, 0.94, 0.66, 0.32, 0.94, 0.94, 0.32, 0.32, 0.64, 0.41, 0.63, 0.42, 0.03, 0.4, 99, 99, 99]
--- num:  29
list:  [0.27, 0.27, 0.4, 0.4, 1, 1, 0.16199999999999998, 0.16199999999999998, 0.46, 0.46, 0.32, 0.39, 0.13499999999999995, 0.10499999999999993, 1, 0.26, 0.94, 0.66, 0.32, 0.94, 0.94, 0.32, 0.32, 0.64, 0.41, 0.62, 0.42, 0.03, 0.4, 99, 99, 99]
--- num:  29
list:  [0.37, 0.37, 0.63, 0.63, 1, 1, 0.7244501519203186, 0.6757321166992187, 0.25, 0.25, 0.31, 0.41, 0.13499999999999995, 0.11999999999999994, 1, 0.26, 0.925, 0.66, 0.34, 0.92, 0.93, 0.34, 0.34, 0.64, 0.41, 0.63, 0.42, 0.03, 0.42, 99, 99, 99]
--- num:  29
list:  [0.39, 0.39, 0.68, 0.68, 1, 1, 0.16199999999999998, 0.16199999999999998, 0.44, 0.44, 0.25, 0.47, 0.14999999999999997, 0.11999999999999994, 1, 0.26, 0.935, 0.66, 0.32, 0.93, 0.94, 0.32, 0.32, 0.65, 0.41, 0.63, 0.42, 0.03, 0.46, 99, 99, 99]
--- num:  29
list:  [0.39, 0.39, 0.68, 0.68, 1, 1, 0.16199999999999998, 0.16199999999999998, 0.45, 0.45, 0.19, 0.54, 0.14999999999999997, 0.11999999999999994, 1, 0.26, 0.94, 0.66, 0.31, 0.94, 0.94, 0.31, 0.31, 0.65, 0.41, 0.63, 0.42, 0.03, 0.5, 99, 99, 99]
--- num:  29
list:  [0.55, 0.55, 1, 1, 0.98, 0.98, 0.4782679188251495, 0.4768202710151672, 0.28, 0.28, 0.32, 0.4, 0.16499999999999998, 0.13499999999999995, 1, 0.27, 0.935, 0.67, 0.34, 0.93, 0.94, 0.34, 0.34, 0.66, 0.4, 0.64, 0.41, 0.03, 0.54, 99, 99, 99]
--- num:  29
list:  [0.56, 0.56, 1, 1, 0.97, 0.97, 0.16199999999999998, 0.16199999999999998, 0.34, 0.34, 0.66, 0.08, 0.16499999999999998, 0.11999999999999994, 1, 0.28, 0.945, 0.67, 0.33, 0.94, 0.95, 0.33, 0.33, 0.66, 0.4, 0.63, 0.41, 0.04, 0.64, 99, 99, 99]
--- num:  29
list:  [0.56, 0.56, 1, 1, 0.98, 0.98, 0.16199999999999998, 0.16199999999999998, 0.39, 0.39, 0.65, 0.08, 0.14999999999999997, 0.10499999999999993, 1, 0.27, 0.96, 0.67, 0.31, 0.96, 0.96, 0.31, 0.31, 0.65, 0.4, 0.62, 0.42, 0.04, 0.68, 99, 99, 99]
--- num:  29
list:  [0.56, 0.56, 1, 1, 0.98, 0.98, 0.16199999999999998, 0.16199999999999998, 0.4, 0.4, 0.61, 0.12, 0.11999999999999994, 0.08999999999999991, 1, 0.27, 0.96, 0.66, 0.31, 0.96, 0.96, 0.31, 0.31, 0.63, 0.42, 0.61, 0.42, 0.05, 0.71, 99, 99, 99]
--- num:  29
list:  [0.56, 0.56, 1, 1, 0.98, 0.98, 0.16199999999999998, 0.16199999999999998, 0.4, 0.4, 0.66, 0.07, 0.10499999999999993, 0.0749999999999999, 1, 0.27, 0.965, 0.66, 0.31, 0.96, 0.97, 0.31, 0.31, 0.62, 0.42, 0.6, 0.43, 0.05, 0.71, 99, 99, 99]
--- num:  29
list:  [0.56, 0.56, 1, 1, 0.97, 0.97, 0.656002562046051, 0.6381273674964905, 0.25, 0.25, 0.18, 0.55, 0.14999999999999997, 0.11999999999999994, 1, 0.28, 0.935, 0.68, 0.34, 0.93, 0.94, 0.34, 0.34, 0.65, 0.4, 0.63, 0.42, 0.05, 0.69, 99, 99, 99]
--- num:  29
list:  [0.42, 0.42, 0.74, 0.74, 1, 1, 0.16199999999999998, 0.16199999999999998, 0.42, 0.42, 0.27, 0.45, 0.13499999999999995, 0.10499999999999993, 1, 0.26, 0.94, 0.66, 0.29, 0.94, 0.94, 0.29, 0.29, 0.64, 0.41, 0.62, 0.42, 0.03, 0.61, 99, 99, 99]
--- num:  29
list:  [0.38, 0.38, 0.66, 0.66, 1, 1, 0.16199999999999998, 0.16199999999999998, 0.42, 0.42, 0.32, 0.4, 0.13499999999999995, 0.10499999999999993, 1, 0.25, 0.95, 0.65, 0.3, 0.95, 0.95, 0.3, 0.3, 0.64, 0.41, 0.62, 0.42, 0.03, 0.54, 99, 99, 99]
--- num:  29
list:  [0.2, 0.2, 0.22, 0.22, 1, 1, 0.6003203201293945, 0.5993104982376098, 0.22, 0.22, 0.33, 0.39, 0.13499999999999995, 0.13499999999999995, 0.75, 0.27, 0.875, 0.67, 0.35, 0.87, 0.88, 0.35, 0.35, 0.64, 0.41, 0.64, 0.41, 0.03, 0.5, 99, 99, 99]
--- num:  29
list:  [0.56, 0.56, 1, 1, 0.98, 0.98, 0.16199999999999998, 0.16199999999999998, 0.38, 0.38, 0.34, 0.38, 0.13499999999999995, 0.11999999999999994, 0.75, 0.28, 0.86, 0.68, 0.36, 0.86, 0.86, 0.36, 0.36, 0.64, 0.41, 0.63, 0.41, 0.03, 0.45, 99, 99, 99]
--- num:  29
list:  [0.59, 0.59, 1, 1, 0.95, 0.95, 0.16199999999999998, 0.16199999999999998, 0.39, 0.39, 0.36, 0.36, 0.13499999999999995, 0.11999999999999994, 0.75, 0.3, 0.82, 0.68, 0.4, 0.82, 0.82, 0.4, 0.4, 0.64, 0.41, 0.63, 0.42, 0.03, 0.42, 99, 99, 99]
--- num:  29
list:  [0.61, 0.61, 1, 1, 0.93, 0.93, 0.16199999999999998, 0.16199999999999998, 0.39, 0.39, 0.36, 0.36, 0.13499999999999995, 0.11999999999999994, 0.75, 0.31, 0.82, 0.69, 0.39, 0.82, 0.82, 0.39, 0.39, 0.64, 0.41, 0.63, 0.42, 0.03, 0.4, 99, 99, 99]
--- num:  29
list:  [0.65, 0.65, 1, 1, 0.9, 0.9, 0.3332174825668335, 0.33290509462356566, 0.28, 0.28, 0.39, 0.33, 0.16499999999999998, 0.14999999999999997, 0.75, 0.35, 0.76, 0.73, 0.38, 0.75, 0.77, 0.38, 0.38, 0.66, 0.4, 0.65, 0.41, 0.03, 0.39, 99, 99, 99]
--- num:  29
list:  [0.69, 0.69, 1, 1, 0.87, 0.87, 0.16199999999999998, 0.16199999999999998, 0.55, 0.55, 0.54, 0.19, 0.05999999999999989, 0.015000000000000013, 1, 0.4, 0.84, 0.76, 0.39, 0.83, 0.85, 0.39, 0.39, 0.59, 0.43, 0.56, 0.44, 0.04, 0.38, 99, 99, 99]
--- num:  29
list:  [0.74, 0.74, 1, 1, 0.83, 0.83, 0.16199999999999998, 0.16199999999999998, 0.55, 0.55, 0.52, 0.2, 0.04499999999999987, 0, 1, 0.43, 0.8, 0.79, 0.43, 0.79, 0.81, 0.43, 0.43, 0.58, 0.44, 0.55, 0.45, 0.05, 0.37, 99, 99, 99]
--- num:  29
list:  [0.75, 0.75, 1, 1, 0.83, 0.83, 0.16199999999999998, 0.16199999999999998, 0.55, 0.55, 0.53, 0.2, 0.05999999999999989, 0, 1, 0.44, 0.78, 0.79, 0.44, 0.77, 0.79, 0.44, 0.44, 0.59, 0.43, 0.55, 0.45, 0.05, 0.36, 99, 99, 99]
--- num:  29
list:  [0.66, 0.66, 1, 1, 0.9, 0.9, 0.16199999999999998, 0.16199999999999998, 0.49, 0.49, 0.47, 0.25, 0.18, 0.11999999999999994, 0.75, 0.5, 0.475, 0.84, 0.56, 0.45999999999999996, 0.49, 0.56, 0.56, 0.67, 0.4, 0.63, 0.41, 0.06, 0.48, 99, 99, 99]
--- num:  29
list:  [0.59, 0.59, 1, 1, 0.95, 0.95, 0.16199999999999998, 0.16199999999999998, 0.46, 0.46, 0.42, 0.3, 0.23999999999999988, 0.195, 0.5, 0.45, 0.395, 0.8, 0.56, 0.38, 0.41000000000000003, 0.56, 0.56, 0.71, 0.38, 0.68, 0.39, 0.07, 0.54, 99, 99, 99]
--- num:  29
list:  [0.57, 0.57, 1, 1, 0.97, 0.97, 0.16199999999999998, 0.16199999999999998, 0.46, 0.46, 0.43, 0.29, 0.29999999999999993, 0.2699999999999999, 0.5, 0.44, 0.32999999999999996, 0.79, 0.56, 0.32, 0.33999999999999997, 0.56, 0.56, 0.75, 0.36, 0.73, 0.37, 0.07, 0.58, 99, 99, 99]
--- num:  29
list:  [0.57, 0.57, 1, 1, 0.97, 0.97, 0.16199999999999998, 0.16199999999999998, 0.49, 0.49, 0.43, 0.29, 0.29999999999999993, 0.2849999999999999, 0.5, 0.4, 0.39, 0.76, 0.56, 0.38, 0.4, 0.56, 0.56, 0.75, 0.36, 0.74, 0.37, 0.07, 0.62, 99, 99, 99]
--- num:  29
list:  [0.57, 0.57, 1, 1, 0.97, 0.97, 0.6338094878196716, 0.6310726809501648, 0.25, 0.25, 0.35, 0.38, 0.39, 0.36, 0.25, 0.39, 0.275, 0.76, 0.56, 0.27, 0.28, 0.56, 0.56, 0.81, 0.33, 0.79, 0.34, 0.07, 0.57, 99, 99, 99]
--- num:  29
list:  [0.57, 0.57, 1, 1, 0.97, 0.97, 0.2297221827507019, 0.2293634223937988, 0.36, 0.36, 0.35, 0.37, 0.375, 0.375, 0, 0.41, 0.25, 0.77, 0.56, 0.25, 0.25, 0.56, 0.56, 0.8, 0.34, 0.8, 0.34, 0.07, 0.43, 99, 99, 99]
--- num:  29
list:  [0, 0, 0, 0, 1, 1, 0.16199999999999998, 0.16199999999999998, 0.41, 0.41, 0.35, 0.37, 0.31499999999999995, 0.29999999999999993, 0, 0.4, 0.25, 0.76, 0.56, 0.25, 0.25, 0.56, 0.56, 0.76, 0.36, 0.75, 0.36, 0.06, 0.4, 99, 99, 99]
--- num:  29
list:  [0, 0, 0, 0, 1, 1, 0.16199999999999998, 0.16199999999999998, 0.43, 0.43, 0.36, 0.36, 0.36, 0.32999999999999996, 0, 0.38, 0.27, 0.75, 0.56, 0.26, 0.28, 0.56, 0.56, 0.79, 0.34, 0.77, 0.35, 0.06, 0.39, 99, 99, 99]
--- num:  29
list:  [0, 0, 0, 0, 1, 1, 0.16199999999999998, 0.16199999999999998, 0.43, 0.43, 0.37, 0.35, 0.39, 0.36, 0, 0.35, 0.375, 0.73, 0.56, 0.38, 0.37, 0.56, 0.56, 0.81, 0.34, 0.79, 0.34, 0.06, 0.37, 99, 99, 99]
--- num:  29
list:  [0, 0, 0, 0, 1, 1, 0.16199999999999998, 0.16199999999999998, 0.4, 0.4, 0.37, 0.35, 0.345, 0.345, 0, 0.35, 0.405, 0.72, 0.54, 0.41000000000000003, 0.4, 0.54, 0.54, 0.78, 0.35, 0.78, 0.35, 0.05, 0.36, 99, 99, 99]
--- num:  29
list:  [0, 0, 0, 0, 1, 1, 0.16199999999999998, 0.16199999999999998, 0.46, 0.46, 0.38, 0.34, 0.345, 0.36, 0.25, 0.33, 0.475, 0.71, 0.5, 0.48, 0.47, 0.5, 0.5, 0.78, 0.35, 0.79, 0.34, 0.05, 0.34, 99, 99, 99]
--- num:  29
list:  [0, 0, 0, 0, 1, 1, 0.16199999999999998, 0.16199999999999998, 0.49, 0.49, 0.57, 0.16, 0.36, 0.36, 0.25, 0.33, 0.49, 0.71, 0.51, 0.49, 0.49, 0.51, 0.51, 0.79, 0.34, 0.79, 0.34, 0.04, 0.33, 99, 99, 99]
--- num:  29
list:  [0, 0, 0, 0, 1, 1, 0.16199999999999998, 0.16199999999999998, 0.49, 0.49, 0.54, 0.19, 0.36, 0.36, 0.25, 0.32, 0.505, 0.7, 0.52, 0.5, 0.51, 0.52, 0.52, 0.79, 0.34, 0.79, 0.34, 0.04, 0.33, 99, 99, 99]
--- num:  29
list:  [0, 0, 0, 0, 1, 1, 0.16199999999999998, 0.16199999999999998, 0.48, 0.48, 0.54, 0.18, 0.36, 0.345, 0.25, 0.32, 0.515, 0.7, 0.52, 0.51, 0.52, 0.52, 0.52, 0.79, 0.35, 0.78, 0.35, 0.04, 0.33, 99, 99, 99]
--- num:  29
list:  [0, 0, 0, 0, 1, 1, 0.16199999999999998, 0.16199999999999998, 0.49, 0.49, 0.55, 0.17, 0.39, 0.40499999999999986, 0.5, 0.32, 0.5800000000000001, 0.7, 0.46, 0.5800000000000001, 0.5800000000000001, 0.46, 0.46, 0.81, 0.33, 0.82, 0.33, 0.04, 0.33, 99, 99, 99]
--- num:  29
list:  [0, 0, 0, 0, 1, 1, 0.16199999999999998, 0.16199999999999998, 0.49, 0.49, 0.56, 0.17, 0.39, 0.40499999999999986, 0.25, 0.31, 0.61, 0.7, 0.46, 0.61, 0.61, 0.46, 0.46, 0.81, 0.33, 0.82, 0.33, 0.04, 0.33, 99, 99, 99]
--- num:  29
list:  [0, 0, 0, 0, 1, 1, 0.16199999999999998, 0.16199999999999998, 0.49, 0.49, 0.57, 0.15, 0.39, 0.40499999999999986, 0.25, 0.31, 0.615, 0.69, 0.46, 0.61, 0.62, 0.46, 0.46, 0.81, 0.33, 0.82, 0.33, 0.04, 0.33, 99, 99, 99]
--- num:  29
list:  [0, 0, 0, 0, 1, 1, 0.16199999999999998, 0.16199999999999998, 0.49, 0.49, 0.59, 0.14, 0.39, 0.39, 0.25, 0.31, 0.61, 0.69, 0.47, 0.61, 0.61, 0.47, 0.47, 0.81, 0.34, 0.81, 0.33, 0.04, 0.33, 99, 99, 99]
--- num:  29
list:  [0, 0, 0, 0, 1, 1, 0.16199999999999998, 0.16199999999999998, 0.48, 0.48, 0.39, 0.33, 0.375, 0.39, 0.25, 0.31, 0.605, 0.69, 0.48, 0.61, 0.6, 0.48, 0.48, 0.8, 0.34, 0.81, 0.34, 0.04, 0.32, 99, 99, 99]
--- num:  29
list:  [0, 0, 0, 0, 1, 1, 0.16199999999999998, 0.16199999999999998, 0.47, 0.47, 0.41, 0.31, 0.36, 0.375, 0.25, 0.31, 0.555, 0.69, 0.51, 0.56, 0.55, 0.51, 0.51, 0.79, 0.34, 0.8, 0.34, 0.04, 0.31, 99, 99, 99]
--- num:  29
list:  [0, 0, 0, 0, 1, 1, 0.16199999999999998, 0.16199999999999998, 0.46, 0.46, 0.42, 0.3, 0.36, 0.36, 0.25, 0.31, 0.515, 0.7, 0.53, 0.52, 0.51, 0.53, 0.53, 0.79, 0.34, 0.79, 0.34, 0.04, 0.29, 99, 99, 99]
--- num:  29
list:  [0, 0, 0, 0, 1, 1, 0.16199999999999998, 0.16199999999999998, 0.45, 0.45, 0.5, 0.22, 0.39, 0.375, 0.25, 0.34, 0.48, 0.71, 0.55, 0.48, 0.48, 0.55, 0.55, 0.81, 0.34, 0.8, 0.34, 0.05, 0.23, 99, 99, 99]
--- num:  29
list:  [0, 0, 0, 0, 1, 1, 0.16199999999999998, 0.16199999999999998, 0.46, 0.46, 0.54, 0.18, 0.39, 0.375, 0.25, 0.36, 0.45999999999999996, 0.73, 0.56, 0.45999999999999996, 0.45999999999999996, 0.56, 0.56, 0.81, 0.34, 0.8, 0.34, 0.06, 0.18, 99, 99, 99]
--- num:  29
list:  [0, 0, 0, 0, 1, 1, 0.16199999999999998, 0.16199999999999998, 0.46, 0.46, 0.53, 0.19, 0.375, 0.375, 0.25, 0.38, 0.41000000000000003, 0.75, 0.56, 0.42000000000000004, 0.4, 0.56, 0.56, 0.8, 0.34, 0.8, 0.34, 0.07, 0.14, 99, 99, 99]
--- num:  29
list:  [0.56, 0.56, 1, 1, 0.97, 0.97, 0.8636168050765991, 0.86254314661026, 0.31, 0.31, 0.41, 0.32, 0.4349999999999999, 0.4349999999999999, 0.25, 0.37, 0.41000000000000003, 0.74, 0.56, 0.43, 0.39, 0.56, 0.56, 0.84, 0.32, 0.84, 0.32, 0.08, 0.13, 99, 99, 99]
--- num:  29
list:  [0, 0, 0, 0, 1, 1, 0.16199999999999998, 0.16199999999999998, 0.5, 0.5, 0.26, 0.47, 0.375, 0.40499999999999986, 0.5, 0.36, 0.475, 0.73, 0.56, 0.49, 0.45999999999999996, 0.56, 0.56, 0.8, 0.34, 0.82, 0.33, 0.08, 0.2, 99, 99, 99]
--- num:  29
list:  [0, 0, 0, 0, 1, 1, 0.16199999999999998, 0.16199999999999998, 0.51, 0.51, 0.24, 0.48, 0.375, 0.40499999999999986, 0.5, 0.36, 0.495, 0.73, 0.56, 0.51, 0.48, 0.56, 0.56, 0.8, 0.34, 0.82, 0.33, 0.08, 0.25, 99, 99, 99]
--- num:  29
list:  [0, 0, 0, 0, 1, 1, 0.16199999999999998, 0.16199999999999998, 0.51, 0.51, 0.16, 0.57, 0.36, 0.40499999999999986, 0.5, 0.36, 0.47, 0.73, 0.56, 0.49, 0.45, 0.56, 0.56, 0.79, 0.34, 0.82, 0.33, 0.08, 0.31, 99, 99, 99]
--- num:  29
list:  [0, 0, 0, 0, 1, 1, 0.16199999999999998, 0.16199999999999998, 0.48, 0.48, 0.05, 0.68, 0.36, 0.40499999999999986, 0.25, 0.35, 0.43500000000000005, 0.73, 0.56, 0.45, 0.42000000000000004, 0.56, 0.56, 0.79, 0.34, 0.82, 0.33, 0.07, 0.37, 99, 99, 99]
--- num:  29
list:  [0, 0, 0, 0, 1, 1, 0.6841949033737182, 0.6840274739265442, 0.25, 0.25, 0.3, 0.43, 0.40499999999999986, 0.4349999999999999, 0.5, 0.38, 0.375, 0.75, 0.56, 0.39, 0.36, 0.56, 0.56, 0.82, 0.33, 0.84, 0.32, 0.08, 0.38, 99, 99, 99]
--- num:  29
list:  [0, 0, 0, 0, 1, 1, 0.16199999999999998, 0.16199999999999998, 0.45, 0.45, 0.27, 0.45, 0.39, 0.40499999999999986, 0.25, 0.39, 0.355, 0.76, 0.56, 0.37, 0.33999999999999997, 0.56, 0.56, 0.81, 0.34, 0.82, 0.33, 0.08, 0.39, 99, 99, 99]
--- num:  29
list:  [0, 0, 0, 0, 1, 1, 0.16199999999999998, 0.16199999999999998, 0.46, 0.46, 0.26, 0.46, 0.375, 0.375, 0.25, 0.36, 0.33499999999999996, 0.74, 0.56, 0.35, 0.32, 0.56, 0.56, 0.8, 0.34, 0.8, 0.34, 0.08, 0.39, 99, 99, 99]
--- num:  29
list:  [0, 0, 0, 0, 1, 1, 0.16199999999999998, 0.16199999999999998, 0.46, 0.46, 0.26, 0.46, 0.375, 0.375, 0.25, 0.36, 0.33499999999999996, 0.73, 0.56, 0.35, 0.32, 0.56, 0.56, 0.8, 0.34, 0.8, 0.34, 0.08, 0.4, 99, 99, 99]
--- num:  29
list:  [0, 0, 0, 0, 1, 1, 0.16199999999999998, 0.16199999999999998, 0.51, 0.51, 0.41, 0.31, 0.40499999999999986, 0.39, 0.5, 0.36, 0.41000000000000003, 0.73, 0.56, 0.41000000000000003, 0.41000000000000003, 0.56, 0.56, 0.82, 0.33, 0.81, 0.33, 0.08, 0.48, 99, 99, 99]
--- num:  29
list:  [0, 0, 0, 0, 1, 1, 0.16199999999999998, 0.16199999999999998, 0.51, 0.51, 0.41, 0.32, 0.4199999999999999, 0.39, 0.5, 0.36, 0.47, 0.73, 0.56, 0.45999999999999996, 0.48, 0.56, 0.56, 0.83, 0.33, 0.81, 0.34, 0.08, 0.47, 99, 99, 99]
--- num:  29
list:  [0, 0, 0, 0, 1, 1, 0.16199999999999998, 0.16199999999999998, 0.52, 0.52, 0.34, 0.38, 0.4349999999999999, 0.36, 0.5, 0.35, 0.505, 0.72, 0.56, 0.5, 0.51, 0.56, 0.56, 0.84, 0.32, 0.79, 0.34, 0.08, 0.45, 99, 99, 99]
--- num:  29
list:  [0, 0, 0, 0, 1, 1, 0.16199999999999998, 0.16199999999999998, 0.52, 0.52, 0.31, 0.42, 0.40499999999999986, 0.345, 0.5, 0.35, 0.535, 0.72, 0.56, 0.53, 0.54, 0.56, 0.56, 0.82, 0.33, 0.78, 0.35, 0.08, 0.45, 99, 99, 99]
--- num:  29
list:  [0, 0, 0, 0, 1, 1, 0.16199999999999998, 0.16199999999999998, 0.51, 0.51, 0.27, 0.45, 0.39, 0.31499999999999995, 0.5, 0.35, 0.505, 0.72, 0.56, 0.5, 0.51, 0.56, 0.56, 0.81, 0.33, 0.76, 0.35, 0.08, 0.47, 99, 99, 99]
--- num:  29
list:  [0, 0, 0, 0, 1, 1, 0.16199999999999998, 0.16199999999999998, 0.5, 0.5, 0.24, 0.48, 0.375, 0.31499999999999995, 0.5, 0.36, 0.495, 0.74, 0.56, 0.49, 0.5, 0.56, 0.56, 0.8, 0.34, 0.76, 0.36, 0.08, 0.5, 99, 99, 99]
--- num:  29
list:  [0, 0, 0, 0, 1, 1, 0.16199999999999998, 0.16199999999999998, 0.5, 0.5, 0.2, 0.52, 0.32999999999999996, 0.2549999999999999, 0.5, 0.38, 0.525, 0.75, 0.56, 0.52, 0.53, 0.56, 0.56, 0.77, 0.35, 0.72, 0.37, 0.08, 0.53, 99, 99, 99]
--- num:  29
list:  [0, 0, 0, 0, 1, 1, 0.16199999999999998, 0.16199999999999998, 0.43, 0.43, 0.47, 0.26, 0.32999999999999996, 0.2549999999999999, 0.5, 0.39, 0.55, 0.76, 0.55, 0.54, 0.56, 0.55, 0.55, 0.77, 0.35, 0.72, 0.38, 0.07, 0.6, 99, 99, 99]
--- num:  29
list:  [0, 0, 0, 0, 1, 1, 0.16199999999999998, 0.16199999999999998, 0.39, 0.39, 0.69, 0.04, 0.36, 0.2699999999999999, 0.5, 0.37, 0.56, 0.74, 0.53, 0.55, 0.5700000000000001, 0.53, 0.53, 0.79, 0.34, 0.73, 0.37, 0.07, 0.63, 99, 99, 99]
--- num:  29
list:  [0, 0, 0, 0, 1, 1, 0.16199999999999998, 0.16199999999999998, 0.38, 0.38, 0.77, -0.02, 0.39, 0.31499999999999995, 0.5, 0.36, 0.54, 0.73, 0.55, 0.53, 0.55, 0.55, 0.55, 0.81, 0.34, 0.76, 0.36, 0.06, 0.62, 99, 99, 99]
--- num:  29
list:  [0, 0, 0, 0, 1, 1, 0.16199999999999998, 0.16199999999999998, 0.46, 0.46, 0.04, 0.69, 0.36, 0.2849999999999999, 0.5, 0.37, 0.48, 0.74, 0.56, 0.48, 0.48, 0.56, 0.56, 0.79, 0.34, 0.74, 0.36, 0.07, 0.61, 99, 99, 99]
--- num:  29
list:  [0, 0, 0, 0, 1, 1, 0.16199999999999998, 0.16199999999999998, 0.46, 0.46, 0.11, 0.61, 0.39, 0.32999999999999996, 0.5, 0.36, 0.46499999999999997, 0.73, 0.56, 0.47, 0.45999999999999996, 0.56, 0.56, 0.81, 0.33, 0.77, 0.35, 0.07, 0.56, 99, 99, 99]
--- num:  29
list:  [0, 0, 0, 0, 1, 1, 0.16199999999999998, 0.16199999999999998, 0.46, 0.46, 0.2, 0.53, 0.4199999999999999, 0.36, 0.5, 0.34, 0.46499999999999997, 0.72, 0.56, 0.47, 0.45999999999999996, 0.56, 0.56, 0.83, 0.33, 0.79, 0.34, 0.07, 0.47, 99, 99, 99]
--- num:  29
list:  [0, 0, 0, 0, 1, 1, 0.16199999999999998, 0.16199999999999998, 0.46, 0.46, 0.25, 0.47, 0.39, 0.36, 0.5, 0.34, 0.475, 0.72, 0.56, 0.48, 0.47, 0.56, 0.56, 0.81, 0.33, 0.79, 0.34, 0.07, 0.42, 99, 99, 99]
--- num:  29
list:  [0, 0, 0, 0, 1, 1, 0.16199999999999998, 0.16199999999999998, 0.46, 0.46, 0.29, 0.43, 0.36, 0.36, 0.5, 0.34, 0.48, 0.72, 0.56, 0.49, 0.47, 0.56, 0.56, 0.79, 0.34, 0.79, 0.34, 0.06, 0.39, 99, 99, 99]
--- num:  29
list:  [0.56, 0.56, 1, 1, 0.97, 0.97, 0.8947793650627136, 0.8946249890327453, 0.34, 0.34, 0.33, 0.39, 0.36, 0.39, 0.25, 0.34, 0.475, 0.72, 0.52, 0.49, 0.45999999999999996, 0.52, 0.52, 0.79, 0.34, 0.81, 0.33, 0.06, 0.36, 99, 99, 99]
--- num:  29
list:  [0, 0, 0, 0, 1, 1, 0.16199999999999998, 0.16199999999999998, 0.45, 0.45, 0.35, 0.37, 0.345, 0.36, 0.5, 0.36, 0.45999999999999996, 0.73, 0.56, 0.47, 0.45, 0.56, 0.56, 0.78, 0.35, 0.79, 0.34, 0.06, 0.34, 99, 99, 99]
--- num:  29
list:  [0, 0, 0, 0, 1, 1, 0.16199999999999998, 0.16199999999999998, 0.44, 0.44, 0.36, 0.36, 0.36, 0.36, 0.5, 0.36, 0.495, 0.73, 0.56, 0.5, 0.49, 0.56, 0.56, 0.79, 0.35, 0.79, 0.34, 0.06, 0.33, 99, 99, 99]
--- num:  29
list:  [0, 0, 0, 0, 1, 1, 0.16199999999999998, 0.16199999999999998, 0.44, 0.44, 0.36, 0.36, 0.36, 0.36, 0.25, 0.36, 0.495, 0.73, 0.56, 0.5, 0.49, 0.56, 0.56, 0.79, 0.34, 0.79, 0.34, 0.07, 0.32, 99, 99, 99]
--- num:  29
list:  [0, 0, 0, 0, 1, 1, 0.16199999999999998, 0.16199999999999998, 0.43, 0.43, 0.37, 0.35, 0.36, 0.36, 0.25, 0.37, 0.49, 0.74, 0.56, 0.49, 0.49, 0.56, 0.56, 0.79, 0.34, 0.79, 0.34, 0.07, 0.31, 99, 99, 99]
--- num:  29
list:  [0, 0, 0, 0, 1, 1, 0.16199999999999998, 0.16199999999999998, 0.44, 0.44, 0.38, 0.34, 0.36, 0.36, 0.5, 0.37, 0.475, 0.74, 0.56, 0.48, 0.47, 0.56, 0.56, 0.79, 0.34, 0.79, 0.34, 0.07, 0.29, 99, 99, 99]
--- num:  29
list:  [0.57, 0.57, 1, 1, 0.97, 0.97, 0.6335883545875549, 0.6335065770149231, 0.23, 0.23, 0.39, 0.34, 0.4349999999999999, 0.4349999999999999, 0.5, 0.37, 0.44, 0.74, 0.56, 0.45, 0.43, 0.56, 0.56, 0.84, 0.32, 0.84, 0.32, 0.08, 0.15, 99, 99, 99]
--- num:  29
list:  [0, 0, 0, 0, 1, 1, 0.16199999999999998, 0.16199999999999998, 0.41, 0.41, 0.02, 0.72, 0.4199999999999999, 0.40499999999999986, 0.5, 0.37, 0.49, 0.74, 0.56, 0.49, 0.49, 0.56, 0.56, 0.83, 0.32, 0.82, 0.33, 0.08, 0.14, 99, 99, 99]
--- num:  29
list:  [0, 0, 0, 0, 1, 1, 0.16199999999999998, 0.16199999999999998, 0.4, 0.4, -0.03, 0.77, 0.4199999999999999, 0.4349999999999999, 0.5, 0.37, 0.5, 0.74, 0.56, 0.5, 0.5, 0.56, 0.56, 0.83, 0.32, 0.84, 0.32, 0.08, 0.18, 99, 99, 99]
--- num:  29
list:  [0, 0, 0, 0, 1, 1, 0.16199999999999998, 0.16199999999999998, 0.41, 0.41, 0.15, 0.58, 0.4199999999999999, 0.40499999999999986, 0.5, 0.37, 0.44, 0.74, 0.56, 0.44, 0.44, 0.56, 0.56, 0.83, 0.33, 0.82, 0.33, 0.08, 0.18, 99, 99, 99]
--- num:  29
list:  [0.56, 0.56, 1, 1, 0.98, 0.98, 0.21538237810134886, 0.21537456989288328, 0.38, 0.38, 0.43, 0.29, 0.375, 0.375, 0.5, 0.39, 0.42500000000000004, 0.75, 0.56, 0.43, 0.42000000000000004, 0.56, 0.56, 0.8, 0.34, 0.8, 0.34, 0.08, 0.17, 99, 99, 99]
--- num:  29
list:  [0, 0, 0, 0, 1, 1, 0.16199999999999998, 0.16199999999999998, 0.47, 0.47, 0.4, 0.32, 0.345, 0.345, 0.5, 0.39, 0.485, 0.76, 0.56, 0.49, 0.48, 0.56, 0.56, 0.78, 0.35, 0.78, 0.35, 0.08, 0.17, 99, 99, 99]
--- num:  29
list:  [0, 0, 0, 0, 1, 1, 0.16199999999999998, 0.16199999999999998, 0.48, 0.48, 0.39, 0.33, 0.345, 0.345, 0.5, 0.39, 0.48, 0.75, 0.56, 0.49, 0.47, 0.56, 0.56, 0.78, 0.35, 0.78, 0.35, 0.08, 0.2, 99, 99, 99]
--- num:  29
list:  [0, 0, 0, 0, 1, 1, 0.16199999999999998, 0.16199999999999998, 0.48, 0.48, 0.37, 0.35, 0.345, 0.345, 0.5, 0.39, 0.45999999999999996, 0.76, 0.56, 0.47, 0.45, 0.56, 0.56, 0.78, 0.35, 0.78, 0.35, 0.08, 0.22, 99, 99, 99]
--- num:  29
list:  [0, 0, 0, 0, 1, 1, 0.16199999999999998, 0.16199999999999998, 0.41, 0.41, 0.35, 0.37, 0.36, 0.36, 0.5, 0.4, 0.47, 0.76, 0.56, 0.48, 0.45999999999999996, 0.56, 0.56, 0.79, 0.34, 0.79, 0.34, 0.09, 0.23, 99, 99, 99]
--- num:  29
list:  [0.01, 0.01, 0, 0, 1, 1, 0.16199999999999998, 0.16199999999999998, 0.39, 0.39, 0.33, 0.39, 0.375, 0.375, 0.5, 0.4, 0.45499999999999996, 0.76, 0.56, 0.45999999999999996, 0.45, 0.56, 0.56, 0.8, 0.34, 0.8, 0.34, 0.09, 0.28, 99, 99, 99]
--- num:  29
list:  [0, 0, 0, 0, 1, 1, 0.16199999999999998, 0.16199999999999998, 0.44, 0.44, 0.31, 0.41, 0.32999999999999996, 0.31499999999999995, 0.5, 0.38, 0.45499999999999996, 0.75, 0.56, 0.45999999999999996, 0.45, 0.56, 0.56, 0.77, 0.35, 0.76, 0.36, 0.07, 0.31, 99, 99, 99]
--- num:  29
list:  [0, 0, 0, 0, 1, 1, 0.16199999999999998, 0.16199999999999998, 0.46, 0.46, 0.29, 0.44, 0.345, 0.31499999999999995, 0.75, 0.32, 0.69, 0.7, 0.49, 0.69, 0.69, 0.49, 0.49, 0.78, 0.35, 0.76, 0.36, 0.07, 0.32, 99, 99, 99]
--- num:  29
list:  [0.56, 0.56, 1, 1, 0.98, 0.98, 0.3957300591468811, 0.39261222958564757, 0.33, 0.33, 0.28, 0.44, 0.32999999999999996, 0.31499999999999995, 0.75, 0.29, 0.85, 0.68, 0.41, 0.85, 0.85, 0.41, 0.41, 0.77, 0.35, 0.76, 0.36, 0.06, 0.33, 99, 99, 99]
--- num:  29
list:  [0.56, 0.56, 1, 1, 0.98, 0.98, 0.16199999999999998, 0.16199999999999998, 0.48, 0.48, 0.26, 0.46, 0.2699999999999999, 0.23999999999999988, 1, 0.28, 0.93, 0.67, 0.37, 0.93, 0.93, 0.37, 0.37, 0.73, 0.37, 0.71, 0.38, 0.05, 0.34, 99, 99, 99]
--- num:  29
list:  [0.57, 0.57, 1, 1, 0.97, 0.97, 0.16199999999999998, 0.16199999999999998, 0.49, 0.49, 0.25, 0.47, 0.2549999999999999, 0.20999999999999985, 1, 0.27, 0.94, 0.66, 0.35, 0.94, 0.94, 0.35, 0.35, 0.72, 0.37, 0.69, 0.39, 0.05, 0.39, 99, 99, 99]
--- num:  29
list:  [0.62, 0.62, 1, 1, 0.93, 0.93, 0.16199999999999998, 0.16199999999999998, 0.48, 0.48, 0.25, 0.47, 0.20999999999999985, 0.18, 1, 0.27, 0.955, 0.66, 0.35, 0.95, 0.96, 0.35, 0.35, 0.69, 0.39, 0.67, 0.4, 0.05, 0.44, 99, 99, 99]
--- num:  29
list:  [0.58, 0.58, 1, 1, 0.96, 0.96, 0.5359152364730835, 0.5344702410697937, 0.27, 0.27, 0.27, 0.46, 0.20999999999999985, 0.20999999999999985, 1, 0.26, 0.95, 0.66, 0.36, 0.95, 0.95, 0.36, 0.36, 0.69, 0.39, 0.69, 0.39, 0.05, 0.45, 99, 99, 99]
--- num:  29
list:  [0.57, 0.57, 1, 1, 0.97, 0.97, 0.16199999999999998, 0.16199999999999998, 0.44, 0.44, 0.25, 0.47, 0.22499999999999987, 0.20999999999999985, 1, 0.26, 0.95, 0.66, 0.34, 0.95, 0.95, 0.34, 0.34, 0.7, 0.38, 0.69, 0.39, 0.05, 0.46, 99, 99, 99]
--- num:  29
list:  [0.56, 0.56, 1, 1, 0.97, 0.97, 0.16199999999999998, 0.16199999999999998, 0.46, 0.46, 0.26, 0.46, 0.20999999999999985, 0.195, 1, 0.26, 0.96, 0.65, 0.32, 0.96, 0.96, 0.32, 0.32, 0.69, 0.39, 0.68, 0.39, 0.05, 0.46, 99, 99, 99]
--- num:  29
list:  [0.56, 0.56, 1, 1, 0.97, 0.97, 0.16199999999999998, 0.16199999999999998, 0.42, 0.42, 0.28, 0.45, 0.20999999999999985, 0.18, 1, 0.25, 0.965, 0.65, 0.31, 0.96, 0.97, 0.31, 0.31, 0.69, 0.39, 0.67, 0.4, 0.04, 0.47, 99, 99, 99]
--- num:  29
list:  [0.56, 0.56, 1, 1, 0.97, 0.97, 0.33936346650123594, 0.3372396636009216, 0.33, 0.33, 0.3, 0.42, 0.22499999999999987, 0.20999999999999985, 1, 0.25, 0.955, 0.65, 0.32, 0.95, 0.96, 0.32, 0.32, 0.7, 0.38, 0.69, 0.39, 0.04, 0.47, 99, 99, 99]
--- num:  29
list:  [0.59, 0.59, 1, 1, 0.95, 0.95, 0.16199999999999998, 0.16199999999999998, 0.44, 0.44, 0.31, 0.41, 0.20999999999999985, 0.18, 1, 0.25, 0.96, 0.65, 0.32, 0.96, 0.96, 0.32, 0.32, 0.69, 0.39, 0.67, 0.4, 0.04, 0.48, 99, 99, 99]
--- num:  29
list:  [0.85, 0.85, 1, 1, 0.74, 0.74, 0.16199999999999998, 0.16199999999999998, 0.44, 0.44, 0.32, 0.4, 0.18, 0.16499999999999998, 1, 0.25, 0.97, 0.65, 0.35, 0.97, 0.97, 0.35, 0.35, 0.67, 0.39, 0.66, 0.4, 0.04, 0.49, 99, 99, 99]
--- num:  29
list:  [0.85, 0.85, 1, 1, 0.74, 0.74, 0.39899165511131285, 0.3976661968231201, 0.29, 0.29, 0.35, 0.38, 0.18, 0.18, 1, 0.26, 0.97, 0.66, 0.37, 0.97, 0.97, 0.37, 0.37, 0.67, 0.4, 0.67, 0.4, 0.05, 0.49, 99, 99, 99]
--- num:  29
list:  [0.65, 0.65, 1, 1, 0.9, 0.9, 0.16199999999999998, 0.16199999999999998, 0.43, 0.43, 0.34, 0.38, 0.18, 0.18, 1, 0.26, 0.97, 0.66, 0.33, 0.97, 0.97, 0.33, 0.33, 0.67, 0.4, 0.67, 0.39, 0.05, 0.5, 99, 99, 99]
--- num:  29
list:  [0.6, 0.6, 1, 1, 0.94, 0.94, 0.16199999999999998, 0.16199999999999998, 0.45, 0.45, 0.35, 0.37, 0.18, 0.18, 1, 0.25, 0.975, 0.65, 0.31, 0.97, 0.98, 0.31, 0.31, 0.67, 0.4, 0.67, 0.4, 0.04, 0.5, 99, 99, 99]
--- num:  29
list:  [0.58, 0.58, 1, 1, 0.96, 0.96, 0.16199999999999998, 0.16199999999999998, 0.46, 0.46, 0.37, 0.35, 0.18, 0.16499999999999998, 1, 0.25, 0.975, 0.65, 0.31, 0.97, 0.98, 0.31, 0.31, 0.67, 0.4, 0.66, 0.4, 0.04, 0.49, 99, 99, 99]
--- num:  29
list:  [0.58, 0.58, 1, 1, 0.96, 0.96, 0.16199999999999998, 0.16199999999999998, 0.46, 0.46, 0.39, 0.33, 0.18, 0.16499999999999998, 1, 0.24, 0.975, 0.64, 0.31, 0.97, 0.98, 0.31, 0.31, 0.67, 0.4, 0.66, 0.4, 0.04, 0.49, 99, 99, 99]
--- num:  29
list:  [0.57, 0.57, 1, 1, 0.96, 0.96, 0.16199999999999998, 0.16199999999999998, 0.45, 0.45, 0.4, 0.32, 0.18, 0.18, 1, 0.24, 0.98, 0.64, 0.31, 0.98, 0.98, 0.31, 0.31, 0.67, 0.4, 0.67, 0.4, 0.04, 0.49, 99, 99, 99]
--- num:  29
list:  [0.57, 0.57, 1, 1, 0.97, 0.97, 0.16199999999999998, 0.16199999999999998, 0.45, 0.45, 0.42, 0.3, 0.18, 0.18, 1, 0.24, 0.97, 0.64, 0.31, 0.97, 0.97, 0.31, 0.31, 0.67, 0.4, 0.67, 0.4, 0.04, 0.48, 99, 99, 99]
--- num:  29
list:  [0.56, 0.56, 1, 1, 0.98, 0.98, 0.16199999999999998, 0.16199999999999998, 0.46, 0.46, 0.46, 0.26, 0.2699999999999999, 0.2849999999999999, 1, 0.24, 0.97, 0.64, 0.31, 0.97, 0.97, 0.31, 0.31, 0.73, 0.37, 0.74, 0.37, 0.04, 0.49, 99, 99, 99]
--- num:  29
list:  [0.56, 0.56, 1, 1, 0.98, 0.98, 0.3222400951385498, 0.31956217765808104, 0.34, 0.34, 0.47, 0.25, 0.31499999999999995, 0.32999999999999996, 1, 0.24, 0.97, 0.64, 0.32, 0.97, 0.97, 0.32, 0.32, 0.76, 0.35, 0.77, 0.35, 0.04, 0.5, 99, 99, 99]
--- num:  29
list:  [0.56, 0.56, 1, 1, 0.98, 0.98, 0.16199999999999998, 0.16199999999999998, 0.46, 0.46, 0.47, 0.25, 0.2699999999999999, 0.2699999999999999, 1, 0.24, 0.97, 0.64, 0.32, 0.97, 0.97, 0.32, 0.32, 0.73, 0.37, 0.73, 0.37, 0.04, 0.49, 99, 99, 99]
--- num:  29
list:  [0.09, 0.09, 0, 0, 1, 1, 0.16199999999999998, 0.16199999999999998, 0.48, 0.48, 0.44, 0.28, 0.2849999999999999, 0.2849999999999999, 0.75, 0.24, 0.95, 0.64, 0.34, 0.95, 0.95, 0.34, 0.34, 0.74, 0.37, 0.74, 0.37, 0.04, 0.43, 99, 99, 99]
--- num:  29
list:  [0, 0, 0, 0, 1, 1, 0.16199999999999998, 0.16199999999999998, 0.47, 0.47, 0.41, 0.31, 0.2699999999999999, 0.2549999999999999, 0.75, 0.25, 0.94, 0.65, 0.34, 0.94, 0.94, 0.34, 0.34, 0.73, 0.37, 0.72, 0.37, 0.03, 0.4, 99, 99, 99]
--- num:  29
list:  [0, 0, 0, 0, 1, 1, 0.16199999999999998, 0.16199999999999998, 0.46, 0.46, 0.38, 0.34, 0.2699999999999999, 0.2549999999999999, 0.75, 0.28, 0.84, 0.67, 0.42, 0.84, 0.84, 0.42, 0.42, 0.73, 0.37, 0.72, 0.37, 0.04, 0.3, 99, 99, 99]
--- num:  29
list:  [0.6, 0.6, 1, 1, 0.95, 0.95, 0.16199999999999998, 0.16199999999999998, 0.47, 0.47, 0.34, 0.38, 0.2549999999999999, 0.23999999999999988, 0.75, 0.29, 0.825, 0.68, 0.45, 0.83, 0.82, 0.45, 0.45, 0.72, 0.37, 0.71, 0.38, 0.04, 0.29, 99, 99, 99]
--- num:  29
list:  [0.65, 0.65, 1, 1, 0.9, 0.9, 0.16199999999999998, 0.16199999999999998, 0.47, 0.47, 0.32, 0.4, 0.2699999999999999, 0.2549999999999999, 0.75, 0.29, 0.82, 0.68, 0.45, 0.82, 0.82, 0.45, 0.45, 0.73, 0.37, 0.72, 0.37, 0.04, 0.3, 99, 99, 99]
--- num:  29
list:  [0.67, 0.67, 1, 1, 0.89, 0.89, 0.16199999999999998, 0.16199999999999998, 0.47, 0.47, 0.31, 0.41, 0.2699999999999999, 0.2699999999999999, 0.75, 0.31, 0.79, 0.69, 0.46, 0.79, 0.79, 0.46, 0.46, 0.73, 0.37, 0.73, 0.37, 0.04, 0.31, 99, 99, 99]
--- num:  29
list:  [0.65, 0.65, 1, 1, 0.9, 0.9, 0.16199999999999998, 0.16199999999999998, 0.47, 0.47, 0.3, 0.42, 0.2849999999999999, 0.2849999999999999, 0.75, 0.31, 0.74, 0.7, 0.49, 0.74, 0.74, 0.49, 0.49, 0.74, 0.37, 0.74, 0.37, 0.05, 0.33, 99, 99, 99]
--- num:  29
list:  [0.64, 0.64, 1, 1, 0.91, 0.91, 0.16199999999999998, 0.16199999999999998, 0.5, 0.5, 0.33, 0.39, 0.2849999999999999, 0.2699999999999999, 0.75, 0.31, 0.775, 0.7, 0.46, 0.77, 0.78, 0.46, 0.46, 0.74, 0.37, 0.73, 0.37, 0.05, 0.35, 99, 99, 99]
--- num:  29
list:  [0.64, 0.64, 1, 1, 0.91, 0.91, 0.16199999999999998, 0.16199999999999998, 0.52, 0.52, 0.37, 0.35, 0.2849999999999999, 0.2699999999999999, 0.75, 0.32, 0.765, 0.7, 0.46, 0.76, 0.77, 0.46, 0.46, 0.74, 0.37, 0.73, 0.37, 0.05, 0.38, 99, 99, 99]
--- num:  29
list:  [0.68, 0.68, 1, 1, 0.88, 0.88, 0.16199999999999998, 0.16199999999999998, 0.54, 0.54, 0.36, 0.36, 0.29999999999999993, 0.2549999999999999, 0.75, 0.34, 0.75, 0.72, 0.5, 0.74, 0.76, 0.5, 0.5, 0.75, 0.36, 0.72, 0.37, 0.06, 0.38, 99, 99, 99]
--- num:  29
list:  [0.64, 0.64, 1, 1, 0.91, 0.91, 0.16199999999999998, 0.16199999999999998, 0.5, 0.5, 0.36, 0.36, 0.39, 0.345, 0.75, 0.35, 0.545, 0.72, 0.56, 0.53, 0.56, 0.56, 0.56, 0.81, 0.33, 0.78, 0.35, 0.07, 0.38, 99, 99, 99]
--- num:  29
list:  [0.61, 0.61, 1, 1, 0.94, 0.94, 0.16199999999999998, 0.16199999999999998, 0.49, 0.49, 0.35, 0.37, 0.40499999999999986, 0.375, 0.75, 0.35, 0.46499999999999997, 0.72, 0.56, 0.45999999999999996, 0.47, 0.56, 0.56, 0.82, 0.33, 0.8, 0.34, 0.07, 0.39, 99, 99, 99]
--- num:  29
list:  [0.58, 0.58, 1, 1, 0.96, 0.96, 0.16199999999999998, 0.16199999999999998, 0.48, 0.48, 0.35, 0.37, 0.4499999999999999, 0.4499999999999999, 0.5, 0.34, 0.365, 0.72, 0.56, 0.37, 0.36, 0.56, 0.56, 0.85, 0.32, 0.85, 0.32, 0.08, 0.44, 99, 99, 99]
--- num:  29
list:  [0.57, 0.57, 1, 1, 0.97, 0.97, 0.16199999999999998, 0.16199999999999998, 0.46, 0.46, 0.35, 0.37, 0.4649999999999999, 0.4799999999999999, 0.5, 0.34, 0.315, 0.72, 0.56, 0.32, 0.31, 0.56, 0.56, 0.86, 0.31, 0.87, 0.31, 0.08, 0.49, 99, 99, 99]
--- num:  29
list:  [0.57, 0.57, 1, 1, 0.97, 0.97, 0.16199999999999998, 0.16199999999999998, 0.46, 0.46, 0.37, 0.35, 0.4799999999999999, 0.49499999999999994, 0.5, 0.35, 0.28500000000000003, 0.72, 0.56, 0.29, 0.28, 0.56, 0.56, 0.87, 0.31, 0.88, 0.3, 0.08, 0.49, 99, 99, 99]
--- num:  29
list:  [0.56, 0.56, 1, 1, 0.98, 0.98, 0.16199999999999998, 0.16199999999999998, 0.46, 0.46, 0.38, 0.34, 0.51, 0.5249999999999999, 0, 0.35, 0.25, 0.73, 0.56, 0.25, 0.25, 0.56, 0.56, 0.89, 0.3, 0.9, 0.3, 0.08, 0.76, 99, 99, 99]
--- num:  29
list:  [0, 0, 0, 0, 1, 1, 0.16199999999999998, 0.16199999999999998, 0.46, 0.46, 0.4, 0.33, 0.49499999999999994, 0.54, 0, 0.38, 0.25, 0.75, 0.56, 0.25, 0.25, 0.56, 0.56, 0.88, 0.3, 0.91, 0.29, 0.08, 0.81, 99, 99, 99]
--- num:  29
list:  [0, 0, 0, 0, 1, 1, 0.16199999999999998, 0.16199999999999998, 0.47, 0.47, 0.41, 0.31, 0.49499999999999994, 0.5249999999999999, 0, 0.38, 0.25, 0.75, 0.56, 0.25, 0.25, 0.56, 0.56, 0.88, 0.3, 0.9, 0.29, 0.08, 0.6, 99, 99, 99]
--- num:  29
list:  [0, 0, 0, 0, 1, 1, 0.16199999999999998, 0.16199999999999998, 0.49, 0.49, 0.44, 0.29, 0.5249999999999999, 0.5549999999999999, 0.25, 0.38, 0.25, 0.75, 0.56, 0.25, 0.25, 0.56, 0.56, 0.9, 0.29, 0.92, 0.28, 0.08, 0.53, 99, 99, 99]
--- num:  29
list:  [0, 0, 0, 0, 1, 1, 0.16199999999999998, 0.16199999999999998, 0.49, 0.49, 0.44, 0.28, 0.5549999999999999, 0.5849999999999999, 0.25, 0.38, 0.25, 0.75, 0.56, 0.25, 0.25, 0.56, 0.56, 0.92, 0.28, 0.94, 0.28, 0.08, 0.51, 99, 99, 99]
--- num:  29
list:  [0, 0, 0, 0, 1, 1, 0.16199999999999998, 0.16199999999999998, 0.48, 0.48, 0.46, 0.26, 0.5700000000000001, 0.5849999999999999, 0.25, 0.38, 0.265, 0.74, 0.56, 0.26, 0.27, 0.56, 0.56, 0.93, 0.28, 0.94, 0.28, 0.07, 0.46, 99, 99, 99]
--- num:  29
list:  [0, 0, 0, 0, 1, 1, 0.16199999999999998, 0.16199999999999998, 0.48, 0.48, 0.47, 0.25, 0.5549999999999999, 0.54, 0.25, 0.35, 0.345, 0.73, 0.56, 0.33999999999999997, 0.35, 0.56, 0.56, 0.92, 0.29, 0.91, 0.29, 0.06, 0.29, 99, 99, 99]
--- num:  29
list:  [0, 0, 0, 0, 1, 1, 0.16199999999999998, 0.16199999999999998, 0.49, 0.49, 0.46, 0.26, 0.5249999999999999, 0.54, 0.25, 0.34, 0.41000000000000003, 0.72, 0.55, 0.41000000000000003, 0.41000000000000003, 0.55, 0.55, 0.9, 0.29, 0.91, 0.29, 0.05, 0.27, 99, 99, 99]
--- num:  29
list:  [0.55, 0.55, 1, 1, 0.98, 0.98, 0.16199999999999998, 0.16199999999999998, 0.49, 0.49, 0.4, 0.32, 0.5549999999999999, 0.5549999999999999, 0.25, 0.33, 0.45, 0.71, 0.54, 0.45, 0.45, 0.54, 0.54, 0.92, 0.28, 0.92, 0.28, 0.05, 0.26, 99, 99, 99]
--- num:  29
list:  [0.56, 0.56, 1, 1, 0.98, 0.98, 0.16199999999999998, 0.16199999999999998, 0.5, 0.5, 0.4, 0.31, 0.54, 0.5549999999999999, 0.25, 0.32, 0.475, 0.7, 0.54, 0.48, 0.47, 0.54, 0.54, 0.91, 0.29, 0.92, 0.28, 0.04, 0.26, 99, 99, 99]
--- num:  29
list:  [0.56, 0.56, 1, 1, 0.98, 0.98, 0.16199999999999998, 0.16199999999999998, 0.48, 0.48, 0.39, 0.33, 0.54, 0.5549999999999999, 0.25, 0.32, 0.495, 0.7, 0.51, 0.5, 0.49, 0.51, 0.51, 0.91, 0.29, 0.92, 0.28, 0.04, 0.25, 99, 99, 99]
--- num:  29
list:  [0.56, 0.56, 1, 1, 0.97, 0.97, 0.16199999999999998, 0.16199999999999998, 0.47, 0.47, 0.39, 0.33, 0.5249999999999999, 0.54, 0.25, 0.32, 0.55, 0.7, 0.44, 0.55, 0.55, 0.44, 0.44, 0.9, 0.29, 0.91, 0.29, 0.04, 0.25, 99, 99, 99]
--- num:  29
list:  [0.56, 0.56, 1, 1, 0.97, 0.97, 0.16199999999999998, 0.16199999999999998, 0.48, 0.48, 0.38, 0.34, 0.5249999999999999, 0.54, 0.25, 0.32, 0.5850000000000001, 0.7, 0.42, 0.5900000000000001, 0.5800000000000001, 0.42, 0.42, 0.9, 0.29, 0.91, 0.29, 0.04, 0.24, 99, 99, 99]
--- num:  29
list:  [0.56, 0.56, 1, 1, 0.97, 0.97, 0.16199999999999998, 0.16199999999999998, 0.47, 0.47, 0.38, 0.34, 0.54, 0.54, 0.25, 0.31, 0.64, 0.7, 0.39, 0.64, 0.64, 0.39, 0.39, 0.91, 0.29, 0.91, 0.29, 0.04, 0.24, 99, 99, 99]
--- num:  29
list:  [0.56, 0.56, 1, 1, 0.98, 0.98, 0.16199999999999998, 0.16199999999999998, 0.47, 0.47, 0.36, 0.35, 0.54, 0.54, 0.25, 0.31, 0.595, 0.7, 0.41, 0.6, 0.5900000000000001, 0.41, 0.41, 0.91, 0.29, 0.91, 0.29, 0.04, 0.24, 99, 99, 99]
--- num:  29
list:  [0.56, 0.56, 1, 1, 0.98, 0.98, 0.16199999999999998, 0.16199999999999998, 0.47, 0.47, 0.35, 0.37, 0.5249999999999999, 0.5249999999999999, 0.25, 0.31, 0.62, 0.7, 0.41, 0.62, 0.62, 0.41, 0.41, 0.9, 0.29, 0.9, 0.29, 0.03, 0.26, 99, 99, 99]
--- num:  29
list:  [0.56, 0.56, 1, 1, 0.98, 0.98, 0.16199999999999998, 0.16199999999999998, 0.48, 0.48, 0.34, 0.38, 0.5249999999999999, 0.5249999999999999, 0.25, 0.31, 0.635, 0.7, 0.4, 0.64, 0.63, 0.4, 0.4, 0.9, 0.29, 0.9, 0.29, 0.03, 0.26, 99, 99, 99]
--- num:  29
list:  [0.57, 0.57, 1, 1, 0.97, 0.97, 0.16199999999999998, 0.16199999999999998, 0.48, 0.48, 0.5, 0.22, 0.5249999999999999, 0.54, 0.5, 0.3, 0.69, 0.69, 0.38, 0.69, 0.69, 0.38, 0.38, 0.9, 0.29, 0.91, 0.29, 0.03, 0.28, 99, 99, 99]
--- num:  29
list:  [0.57, 0.57, 1, 1, 0.96, 0.96, 0.16199999999999998, 0.16199999999999998, 0.49, 0.49, 0.5, 0.22, 0.5249999999999999, 0.54, 0.5, 0.29, 0.745, 0.68, 0.37, 0.74, 0.75, 0.37, 0.37, 0.9, 0.29, 0.91, 0.29, 0.03, 0.32, 99, 99, 99]
--- num:  29
list:  [0.57, 0.57, 1, 1, 0.97, 0.97, 0.16199999999999998, 0.16199999999999998, 0.49, 0.49, 0.41, 0.3, 0.5249999999999999, 0.54, 0.25, 0.28, 0.75, 0.68, 0.37, 0.75, 0.75, 0.37, 0.37, 0.9, 0.29, 0.91, 0.29, 0.03, 0.34, 99, 99, 99]
--- num:  29
list:  [0.57, 0.57, 1, 1, 0.97, 0.97, 0.16199999999999998, 0.16199999999999998, 0.48, 0.48, 0.33, 0.38, 0.54, 0.5549999999999999, 0.25, 0.28, 0.79, 0.67, 0.33, 0.79, 0.79, 0.33, 0.33, 0.91, 0.29, 0.92, 0.28, 0.03, 0.44, 99, 99, 99]
--- num:  29
list:  [0.57, 0.57, 1, 1, 0.97, 0.97, 0.16199999999999998, 0.16199999999999998, 0.48, 0.48, 0.31, 0.41, 0.6149999999999999, 0.6299999999999999, 0.25, 0.28, 0.78, 0.67, 0.32, 0.78, 0.78, 0.32, 0.32, 0.96, 0.27, 0.97, 0.26, 0.03, 0.48, 99, 99, 99]
--- num:  29
list:  [0.56, 0.56, 1, 1, 0.97, 0.97, 0.16199999999999998, 0.16199999999999998, 0.51, 0.51, 0.34, 0.39, 0.5849999999999999, 0.5999999999999999, 0.25, 0.28, 0.79, 0.67, 0.32, 0.79, 0.79, 0.32, 0.32, 0.94, 0.27, 0.95, 0.27, 0.03, 0.49, 99, 99, 99]
--- num:  29
list:  [0.56, 0.56, 1, 1, 0.98, 0.98, 0.16199999999999998, 0.16199999999999998, 0.52, 0.52, 0.35, 0.38, 0.5999999999999999, 0.5999999999999999, 0.25, 0.28, 0.8, 0.67, 0.31, 0.8, 0.8, 0.31, 0.31, 0.95, 0.27, 0.95, 0.27, 0.03, 0.5, 99, 99, 99]
--- num:  29
list:  [0.56, 0.56, 1, 1, 0.98, 0.98, 0.16199999999999998, 0.16199999999999998, 0.51, 0.51, 0.37, 0.35, 0.6299999999999999, 0.6299999999999999, 0.25, 0.27, 0.79, 0.67, 0.33, 0.79, 0.79, 0.33, 0.33, 0.97, 0.26, 0.97, 0.26, 0.03, 0.48, 99, 99, 99]
--- num:  29
list:  [0.56, 0.56, 1, 1, 0.98, 0.98, 0.16199999999999998, 0.16199999999999998, 0.52, 0.52, 0.38, 0.35, 0.69, 0.705, 0.25, 0.27, 0.78, 0.67, 0.33, 0.78, 0.78, 0.33, 0.33, 1.01, 0.25, 1.02, 0.24, 0.03, 0.46, 99, 99, 99]
--- num:  29
list:  [0, 0, 0, 0, 1, 1, 0.16199999999999998, 0.16199999999999998, 0.56, 0.56, 0.39, 0.34, 0.78, 0.795, 0.25, 0.28, 0.765, 0.67, 0.34, 0.77, 0.76, 0.34, 0.34, 1.07, 0.22, 1.08, 0.22, 0.04, 0.44, 99, 99, 99]
--- num:  29
list:  [0, 0, 0, 0, 1, 1, 0.16199999999999998, 0.16199999999999998, 0.58, 0.58, 0.4, 0.33, 0.795, 0.795, 0.25, 0.28, 0.77, 0.67, 0.36, 0.77, 0.77, 0.36, 0.36, 1.08, 0.21, 1.08, 0.21, 0.04, 0.41, 99, 99, 99]
--- num:  29
list:  [0, 0, 0, 0, 1, 1, 0.16199999999999998, 0.16199999999999998, 0.55, 0.55, 0.42, 0.3, 0.75, 0.75, 0.25, 0.28, 0.775, 0.67, 0.35, 0.78, 0.77, 0.35, 0.35, 1.05, 0.23, 1.05, 0.23, 0.04, 0.39, 99, 99, 99]
--- num:  29
list:  [0.57, 0.57, 1, 1, 0.96, 0.96, 0.16199999999999998, 0.16199999999999998, 0.53, 0.53, 0.41, 0.31, 0.6449999999999999, 0.6599999999999999, 0.5, 0.28, 0.83, 0.67, 0.33, 0.83, 0.83, 0.33, 0.33, 0.98, 0.26, 0.99, 0.25, 0.04, 0.42, 99, 99, 99]
--- num:  29
list:  [0.59, 0.59, 1, 1, 0.95, 0.95, 0.16199999999999998, 0.16199999999999998, 0.51, 0.51, 0.41, 0.31, 0.6449999999999999, 0.6449999999999999, 0.5, 0.28, 0.795, 0.67, 0.35, 0.79, 0.8, 0.35, 0.35, 0.98, 0.26, 0.98, 0.26, 0.04, 0.43, 99, 99, 99]
--- num:  29
list:  [0.6, 0.6, 1, 1, 0.95, 0.95, 0.16199999999999998, 0.16199999999999998, 0.5, 0.5, 0.43, 0.29, 0.6749999999999999, 0.6749999999999999, 0.5, 0.3, 0.715, 0.69, 0.39, 0.71, 0.72, 0.39, 0.39, 1.0, 0.25, 1.0, 0.25, 0.04, 0.36, 99, 99, 99]
--- num:  29
list:  [0.6, 0.6, 1, 1, 0.94, 0.94, 0.16199999999999998, 0.16199999999999998, 0.51, 0.51, 0.42, 0.3, 0.6449999999999999, 0.6599999999999999, 0.5, 0.31, 0.705, 0.69, 0.4, 0.7, 0.71, 0.4, 0.4, 0.98, 0.26, 0.99, 0.26, 0.04, 0.34, 99, 99, 99]
--- num:  29
list:  [0.6, 0.6, 1, 1, 0.94, 0.94, 0.16199999999999998, 0.16199999999999998, 0.51, 0.51, 0.42, 0.3, 0.6449999999999999, 0.6449999999999999, 0.5, 0.31, 0.695, 0.7, 0.41, 0.69, 0.7, 0.41, 0.41, 0.98, 0.26, 0.98, 0.26, 0.04, 0.33, 99, 99, 99]
--- num:  29
list:  [0.6, 0.6, 1, 1, 0.94, 0.94, 0.16199999999999998, 0.16199999999999998, 0.51, 0.51, 0.4, 0.32, 0.69, 0.705, 0.5, 0.33, 0.61, 0.71, 0.46, 0.61, 0.61, 0.46, 0.46, 1.01, 0.25, 1.02, 0.24, 0.04, 0.31, 99, 99, 99]
--- num:  29
list:  [0.6, 0.6, 1, 1, 0.94, 0.94, 0.16199999999999998, 0.16199999999999998, 0.52, 0.52, 0.38, 0.34, 0.69, 0.705, 0.5, 0.34, 0.635, 0.71, 0.46, 0.63, 0.64, 0.46, 0.46, 1.01, 0.25, 1.02, 0.24, 0.04, 0.3, 99, 99, 99]
--- num:  29
list:  [0.59, 0.59, 1, 1, 0.95, 0.95, 0.16199999999999998, 0.16199999999999998, 0.52, 0.52, 0.37, 0.35, 0.78, 0.795, 0.5, 0.33, 0.54, 0.71, 0.48, 0.54, 0.54, 0.48, 0.48, 1.07, 0.22, 1.08, 0.21, 0.04, 0.29, 99, 99, 99]
--- num:  29
list:  [0, 0, 0, 0, 1, 1, 0.16199999999999998, 0.16199999999999998, 0.47, 0.47, 0.4, 0.33, 0.81, 0.81, 0, 0.33, 0.28500000000000003, 0.71, 0.54, 0.28, 0.29, 0.54, 0.54, 1.09, 0.21, 1.09, 0.21, 0.06, 0.43, 99, 99, 99]
--- num:  29
list:  [0, 0, 0, 0, 1, 1, 0.16199999999999998, 0.16199999999999998, 0.46, 0.46, 0.35, 0.37, 0.81, 0.81, 0, 0.35, 0.25, 0.72, 0.56, 0.25, 0.25, 0.56, 0.56, 1.09, 0.21, 1.09, 0.21, 0.06, 0.38, 99, 99, 99]
--- num:  29
list:  [0, 0, 0, 0, 1, 1, 0.16199999999999998, 0.16199999999999998, 0.43, 0.43, 0.34, 0.38, 0.81, 0.81, 0, 0.35, 0.25, 0.73, 0.56, 0.25, 0.25, 0.56, 0.56, 1.09, 0.21, 1.09, 0.21, 0.06, 0.3, 99, 99, 99]
--- num:  29
list:  [0, 0, 0, 0, 1, 1, 0.16199999999999998, 0.16199999999999998, 0.43, 0.43, 0.35, 0.37, 0.81, 0.81, 0, 0.35, 0.255, 0.73, 0.55, 0.26, 0.25, 0.55, 0.55, 1.09, 0.21, 1.09, 0.21, 0.06, 0.28, 99, 99, 99]
--- num:  29
list:  [0, 0, 0, 0, 1, 1, 0.16199999999999998, 0.16199999999999998, 0.43, 0.43, 0.37, 0.35, 0.78, 0.795, 0, 0.35, 0.28500000000000003, 0.73, 0.53, 0.29, 0.28, 0.53, 0.53, 1.07, 0.22, 1.08, 0.22, 0.06, 0.27, 99, 99, 99]
--- num:  29
list:  [0, 0, 0, 0, 1, 1, 0.16199999999999998, 0.16199999999999998, 0.43, 0.43, 0.38, 0.34, 0.6749999999999999, 0.69, 0, 0.35, 0.4, 0.72, 0.46, 0.41000000000000003, 0.39, 0.46, 0.46, 1.0, 0.25, 1.01, 0.25, 0.05, 0.26, 99, 99, 99]
--- num:  29
list:  [0, 0, 0, 0, 1, 1, 0.16199999999999998, 0.16199999999999998, 0.45, 0.45, 0.39, 0.33, 0.6299999999999999, 0.6449999999999999, 0, 0.33, 0.555, 0.71, 0.38, 0.56, 0.55, 0.38, 0.38, 0.97, 0.26, 0.98, 0.26, 0.04, 0.27, 99, 99, 99]
--- num:  29
list:  [0, 0, 0, 0, 1, 1, 0.16199999999999998, 0.16199999999999998, 0.46, 0.46, 0.41, 0.32, 0.5849999999999999, 0.5849999999999999, 0, 0.32, 0.5650000000000001, 0.7, 0.38, 0.5700000000000001, 0.56, 0.38, 0.38, 0.94, 0.28, 0.94, 0.28, 0.04, 0.27, 99, 99, 99]
--- num:  29
list:  [0, 0, 0, 0, 1, 1, 0.16199999999999998, 0.16199999999999998, 0.47, 0.47, 0.43, 0.29, 0.5700000000000001, 0.5700000000000001, 0, 0.32, 0.555, 0.7, 0.42, 0.56, 0.55, 0.42, 0.42, 0.93, 0.28, 0.93, 0.28, 0.04, 0.26, 99, 99, 99]
--- num:  29
list:  [0, 0, 0, 0, 1, 1, 0.16199999999999998, 0.16199999999999998, 0.49, 0.48, 0.47, 0.25, 0.5700000000000001, 0.5549999999999999, 0, 0.33, 0.505, 0.71, 0.46, 0.51, 0.5, 0.46, 0.46, 0.93, 0.28, 0.92, 0.28, 0.04, 0.23, 99, 99, 99]
--- num:  29
list:  [0, 0, 0, 0, 1, 1, 0.16199999999999998, 0.16199999999999998, 0.49, 0.49, 0.53, 0.19, 0.6149999999999999, 0.6299999999999999, 0, 0.36, 0.355, 0.73, 0.53, 0.36, 0.35, 0.53, 0.53, 0.96, 0.27, 0.97, 0.26, 0.06, 0.15, 99, 99, 99]
--- num:  29
list:  [0, 0, 0, 0, 1, 1, 0.16199999999999998, 0.16199999999999998, 0.48, 0.48, 0.55, 0.18, 0.6749999999999999, 0.72, 0, 0.38, 0.25, 0.75, 0.56, 0.25, 0.25, 0.56, 0.56, 1.0, 0.25, 1.03, 0.24, 0.08, 0.09, 99, 99, 99]
--- num:  29
list:  [0, 0, 0, 0, 1, 1, 0.16199999999999998, 0.16199999999999998, 0.48, 0.48, 0.55, 0.18, 0.69, 0.735, 0, 0.38, 0.25, 0.75, 0.56, 0.25, 0.25, 0.56, 0.56, 1.01, 0.24, 1.04, 0.23, 0.1, 0.08, 99, 99, 99]
--- num:  29
list:  [0, 0, 0, 0, 1, 1, 0.16199999999999998, 0.16199999999999998, 0.47, 0.47, 0.47, 0.25, 0.75, 0.765, 0, 0.39, 0.25, 0.75, 0.56, 0.25, 0.25, 0.56, 0.56, 1.05, 0.23, 1.06, 0.22, 0.11, 0.08, 99, 99, 99]
--- num:  29
list:  [0, 0, 0, 0, 1, 1, 0.16199999999999998, 0.16199999999999998, 0.44, 0.44, 0.51, 0.21, 0.69, 0.705, 0, 0.41, 0.25, 0.77, 0.56, 0.25, 0.25, 0.56, 0.56, 1.01, 0.25, 1.02, 0.24, 0.11, 0.15, 99, 99, 99]
--- num:  29
list:  [0, 0, 0, 0, 1, 1, 0.16199999999999998, 0.16199999999999998, 0.44, 0.44, 0.46, 0.27, 0.75, 0.78, 0, 0.39, 0.25, 0.75, 0.56, 0.25, 0.25, 0.56, 0.56, 1.05, 0.23, 1.07, 0.22, 0.1, 0.21, 99, 99, 99]
--- num:  29
list:  [0, 0, 0, 0, 1, 1, 0.16199999999999998, 0.16199999999999998, 0.46, 0.46, 0.38, 0.34, 0.795, 0.795, 0, 0.37, 0.25, 0.74, 0.56, 0.25, 0.25, 0.56, 0.56, 1.08, 0.22, 1.08, 0.21, 0.1, 0.31, 99, 99, 99]
--- num:  29
list:  [0, 0, 0, 0, 1, 1, 0.16199999999999998, 0.16199999999999998, 0.48, 0.48, 0.31, 0.41, 0.765, 0.735, 0, 0.36, 0.25, 0.74, 0.56, 0.25, 0.25, 0.56, 0.56, 1.06, 0.22, 1.04, 0.23, 0.11, 0.46, 99, 99, 99]
--- num:  29
list:  [0, 0, 0, 0, 1, 1, 0.16199999999999998, 0.16199999999999998, 0.48, 0.48, 0.25, 0.47, 0.6749999999999999, 0.6449999999999999, 0, 0.37, 0.25, 0.74, 0.56, 0.25, 0.25, 0.56, 0.56, 1.0, 0.25, 0.98, 0.26, 0.11, 0.56, 99, 99, 99]
--- num:  29
list:  [0, 0, 0, 0, 1, 1, 0.16199999999999998, 0.16199999999999998, 0.48, 0.48, 0.21, 0.52, 0.69, 0.6299999999999999, 0, 0.39, 0.255, 0.76, 0.56, 0.25, 0.26, 0.56, 0.56, 1.01, 0.25, 0.97, 0.26, 0.11, 0.54, 99, 99, 99]
--- num:  29
list:  [0, 0, 0, 0, 1, 1, 0.16199999999999998, 0.16199999999999998, 0.4, 0.4, 0.46, 0.27, 0.69, 0.6149999999999999, 0, 0.39, 0.28, 0.76, 0.56, 0.27, 0.29, 0.56, 0.56, 1.01, 0.25, 0.96, 0.27, 0.12, 0.53, 99, 99, 99]
--- num:  29
list:  [0.56, 0.56, 1, 1, 0.98, 0.98, 0.20826524078845976, 0.1911302763223648, 0.28, 0.28, 0.75, -0.01, 0.6299999999999999, 0.5700000000000001, 0, 0.39, 0.25, 0.75, 0.56, 0.25, 0.25, 0.56, 0.56, 0.97, 0.26, 0.93, 0.28, 0.12, 0.52, 99, 99, 99]
--- num:  29
list:  [0, 0, 0, 0, 1, 1, 0.16199999999999998, 0.16199999999999998, 0.33, 0.33, 0.74, -0.0, 0.6299999999999999, 0.5549999999999999, 0, 0.39, 0.305, 0.75, 0.56, 0.3, 0.31, 0.56, 0.56, 0.97, 0.26, 0.92, 0.29, 0.12, 0.5, 99, 99, 99]
--- num:  29
list:  [0, 0, 0, 0, 1, 1, 0.16199999999999998, 0.16199999999999998, 0.34, 0.34, 0.74, -0.0, 0.6449999999999999, 0.5549999999999999, 0, 0.39, 0.315, 0.75, 0.56, 0.31, 0.32, 0.56, 0.56, 0.98, 0.26, 0.92, 0.28, 0.12, 0.49, 99, 99, 99]
--- num:  29
list:  [0, 0, 0, 0, 1, 1, 0.6649117875099182, 0.5746641564369201, 0.38, 0.38, 0.21, 0.52, 0.6299999999999999, 0.5999999999999999, 0, 0.41, 0.265, 0.77, 0.56, 0.26, 0.27, 0.56, 0.56, 0.97, 0.26, 0.95, 0.27, 0.14, 0.68, 99, 99, 99]
--- num:  29
list:  [0, 0, 0, 0, 1, 1, 0.16199999999999998, 0.16199999999999998, 0.45, 0.45, 0.27, 0.46, 0.6599999999999999, 0.6599999999999999, 0, 0.4, 0.25, 0.76, 0.56, 0.25, 0.25, 0.56, 0.56, 0.99, 0.25, 0.99, 0.26, 0.13, 0.63, 99, 99, 99]
--- num:  29
list:  [0, 0, 0, 0, 1, 1, 0.16199999999999998, 0.16199999999999998, 0.46, 0.46, 0.32, 0.4, 0.6599999999999999, 0.6599999999999999, 0, 0.4, 0.25, 0.76, 0.56, 0.25, 0.25, 0.56, 0.56, 0.99, 0.25, 0.99, 0.25, 0.12, 0.47, 99, 99, 99]
--- num:  29
list:  [0, 0, 0, 0, 1, 1, 0.16199999999999998, 0.16199999999999998, 0.46, 0.46, 0.33, 0.39, 0.69, 0.69, 0, 0.39, 0.25, 0.75, 0.56, 0.25, 0.25, 0.56, 0.56, 1.01, 0.25, 1.01, 0.25, 0.11, 0.37, 99, 99, 99]
--- num:  29
list:  [0, 0, 0, 0, 1, 1, 0.16199999999999998, 0.16199999999999998, 0.46, 0.46, 0.36, 0.37, 0.6449999999999999, 0.6599999999999999, 0, 0.39, 0.25, 0.75, 0.56, 0.25, 0.25, 0.56, 0.56, 0.98, 0.26, 0.99, 0.25, 0.11, 0.32, 99, 99, 99]
--- num:  29
list:  [0, 0, 0, 0, 1, 1, 0.16199999999999998, 0.16199999999999998, 0.46, 0.46, 0.38, 0.34, 0.6299999999999999, 0.6599999999999999, 0, 0.39, 0.25, 0.76, 0.56, 0.25, 0.25, 0.56, 0.56, 0.97, 0.26, 0.99, 0.26, 0.11, 0.28, 99, 99, 99]
--- num:  29
list:  [0, 0, 0, 0, 1, 1, 0.16199999999999998, 0.16199999999999998, 0.46, 0.46, 0.41, 0.32, 0.6449999999999999, 0.6749999999999999, 0, 0.39, 0.25, 0.76, 0.56, 0.25, 0.25, 0.56, 0.56, 0.98, 0.26, 1.0, 0.25, 0.11, 0.25, 99, 99, 99]
--- num:  29
list:  [0, 0, 0, 0, 1, 1, 0.16199999999999998, 0.16199999999999998, 0.47, 0.47, 0.46, 0.27, 0.69, 0.705, 0, 0.39, 0.25, 0.76, 0.56, 0.25, 0.25, 0.56, 0.56, 1.01, 0.25, 1.02, 0.24, 0.12, 0.18, 99, 99, 99]
--- num:  29
list:  [0, 0, 0, 0, 1, 1, 0.16199999999999998, 0.16199999999999998, 0.47, 0.47, 0.48, 0.24, 0.6299999999999999, 0.6749999999999999, 0, 0.39, 0.25, 0.76, 0.56, 0.25, 0.25, 0.56, 0.56, 0.97, 0.26, 1.0, 0.25, 0.13, 0.14, 99, 99, 99]
--- num:  29
list:  [0, 0, 0, 0, 1, 1, 0.16199999999999998, 0.16199999999999998, 0.47, 0.47, 0.49, 0.23, 0.6599999999999999, 0.705, 0, 0.39, 0.25, 0.75, 0.56, 0.25, 0.25, 0.56, 0.56, 0.99, 0.25, 1.02, 0.24, 0.14, 0.12, 99, 99, 99]
--- num:  29
list:  [0, 0, 0, 0, 1, 1, 0.16199999999999998, 0.16199999999999998, 0.47, 0.47, 0.5, 0.22, 0.6449999999999999, 0.69, 0, 0.39, 0.25, 0.76, 0.56, 0.25, 0.25, 0.56, 0.56, 0.98, 0.26, 1.01, 0.25, 0.15, 0.11, 99, 99, 99]
--- num:  29
list:  [0, 0, 0, 0, 1, 1, 0.16199999999999998, 0.16199999999999998, 0.47, 0.47, 0.5, 0.22, 0.6599999999999999, 0.705, 0, 0.39, 0.25, 0.76, 0.56, 0.25, 0.25, 0.56, 0.56, 0.99, 0.26, 1.02, 0.24, 0.15, 0.09, 99, 99, 99]
--- num:  29
list:  [0, 0, 0, 0, 1, 1, 0.16199999999999998, 0.16199999999999998, 0.47, 0.47, 0.49, 0.23, 0.6749999999999999, 0.72, 0, 0.39, 0.25, 0.76, 0.56, 0.25, 0.25, 0.56, 0.56, 1.0, 0.25, 1.03, 0.24, 0.15, 0.09, 99, 99, 99]
--- num:  29
list:  [0, 0, 0, 0, 1, 1, 0.16199999999999998, 0.16199999999999998, 0.48, 0.48, 0.5, 0.22, 0.6599999999999999, 0.705, 0, 0.39, 0.25, 0.76, 0.56, 0.25, 0.25, 0.56, 0.56, 0.99, 0.25, 1.02, 0.24, 0.16, 0.09, 99, 99, 99]
--- num:  29
list:  [0.02, 0.02, 0, 0, 1, 1, 0.16199999999999998, 0.16199999999999998, 0.48, 0.48, 0.46, 0.27, 0.6299999999999999, 0.6749999999999999, 0, 0.4, 0.25, 0.76, 0.56, 0.25, 0.25, 0.56, 0.56, 0.97, 0.26, 1.0, 0.25, 0.16, 0.08, 99, 99, 99]
--- num:  29
list:  [0.02, 0.02, 0, 0, 1, 1, 0.16199999999999998, 0.16199999999999998, 0.5, 0.5, 0.36, 0.37, 0.6299999999999999, 0.6749999999999999, 0, 0.4, 0.265, 0.76, 0.56, 0.28, 0.25, 0.56, 0.56, 0.97, 0.26, 1.0, 0.25, 0.18, 0.06, 99, 99, 99]
--- num:  29
list:  [0.05, 0.05, 0, 0, 1, 1, 0.16199999999999998, 0.16199999999999998, 0.5, 0.5, 0.37, 0.36, 0.6149999999999999, 0.6749999999999999, 0, 0.41, 0.25, 0.77, 0.56, 0.25, 0.25, 0.56, 0.56, 0.96, 0.27, 1.0, 0.25, 0.21, 0.04, 99, 99, 99]
--- num:  29
list:  [0.07, 0.07, 0, 0, 1, 1, 0.16199999999999998, 0.16199999999999998, 0.5, 0.5, 0.39, 0.33, 0.6149999999999999, 0.6749999999999999, 0, 0.41, 0.25, 0.77, 0.56, 0.25, 0.25, 0.56, 0.56, 0.96, 0.27, 1.0, 0.25, 0.21, 0.01, 99, 99, 99]
--- num:  29
list:  [0.06, 0.06, 0, 0, 1, 1, 0.16199999999999998, 0.16199999999999998, 0.48, 0.48, 0.44, 0.28, 0.6149999999999999, 0.69, 0, 0.41, 0.255, 0.77, 0.56, 0.26, 0.25, 0.56, 0.56, 0.96, 0.27, 1.01, 0.25, 0.21, 0, 99, 99, 99]
--- num:  29
list:  [0.56, 0.56, 1, 1, 0.98, 0.98, 0.19340633928775786, 0.19252016723155974, 0.41, 0.41, 0.58, 0.15, 0.6749999999999999, 0.72, 0, 0.4, 0.25, 0.76, 0.56, 0.25, 0.25, 0.56, 0.56, 1.0, 0.25, 1.03, 0.24, 0.17, 0, 99, 99, 99]
--- num:  29
list:  [0.08, 0.08, 0, 0, 1, 1, 0.16199999999999998, 0.16199999999999998, 0.48, 0.48, 0.56, 0.17, 0.6299999999999999, 0.69, 0, 0.4, 0.25, 0.76, 0.56, 0.25, 0.25, 0.56, 0.56, 0.97, 0.26, 1.01, 0.25, 0.16, 0, 99, 99, 99]
--- num:  29
list:  [0.07, 0.07, 0, 0, 1, 1, 0.16199999999999998, 0.16199999999999998, 0.47, 0.47, 0.52, 0.2, 0.6449999999999999, 0.69, 0, 0.41, 0.25, 0.77, 0.56, 0.25, 0.25, 0.56, 0.56, 0.98, 0.26, 1.01, 0.24, 0.17, 0.03, 99, 99, 99]
--- num:  29
list:  [0.01, 0.01, 0, 0, 1, 1, 0.16199999999999998, 0.16199999999999998, 0.47, 0.47, 0.51, 0.21, 0.6749999999999999, 0.735, 0, 0.4, 0.25, 0.77, 0.56, 0.25, 0.25, 0.56, 0.56, 1.0, 0.25, 1.04, 0.23, 0.17, 0.1, 99, 99, 99]
--- num:  29
list:  [0, 0, 0, 0, 1, 1, 0.16199999999999998, 0.16199999999999998, 0.47, 0.47, 0.54, 0.18, 0.69, 0.735, 0, 0.41, 0.25, 0.77, 0.56, 0.25, 0.25, 0.56, 0.56, 1.01, 0.25, 1.04, 0.23, 0.15, 0.37, 99, 99, 99]
--- num:  29
list:  [0, 0, 0, 0, 1, 1, 0.16199999999999998, 0.16199999999999998, 0.48, 0.48, 0.53, 0.19, 0.735, 0.765, 0, 0.4, 0.25, 0.76, 0.56, 0.25, 0.25, 0.56, 0.56, 1.04, 0.23, 1.06, 0.22, 0.15, 0.43, 99, 99, 99]
--- num:  29
list:  [0, 0, 0, 0, 1, 1, 0.16199999999999998, 0.16199999999999998, 0.48, 0.48, 0.53, 0.19, 0.765, 0.795, 0, 0.39, 0.25, 0.75, 0.56, 0.25, 0.25, 0.56, 0.56, 1.06, 0.22, 1.08, 0.22, 0.14, 0.42, 99, 99, 99]
--- num:  29
list:  [0, 0, 0, 0, 1, 1, 0.16199999999999998, 0.16199999999999998, 0.5, 0.5, 0.47, 0.25, 0.765, 0.78, 0, 0.38, 0.25, 0.75, 0.56, 0.25, 0.25, 0.56, 0.56, 1.06, 0.22, 1.07, 0.22, 0.14, 0.43, 99, 99, 99]
--- num:  29
list:  [0, 0, 0, 0, 1, 1, 0.16199999999999998, 0.16199999999999998, 0.5, 0.5, 0.42, 0.31, 0.78, 0.78, 0, 0.37, 0.25, 0.74, 0.56, 0.25, 0.25, 0.56, 0.56, 1.07, 0.22, 1.07, 0.22, 0.14, 0.48, 99, 99, 99]
--- num:  29
list:  [0, 0, 0, 0, 1, 1, 0.16199999999999998, 0.16199999999999998, 0.52, 0.52, 0.31, 0.41, 0.72, 0.6749999999999999, 0, 0.37, 0.265, 0.74, 0.56, 0.26, 0.27, 0.56, 0.56, 1.03, 0.24, 1.0, 0.25, 0.16, 0.7, 99, 99, 99]
--- num:  29
list:  [0, 0, 0, 0, 1, 1, 0.16199999999999998, 0.16199999999999998, 0.53, 0.53, 0.26, 0.46, 0.6599999999999999, 0.5999999999999999, 0, 0.4, 0.28500000000000003, 0.76, 0.56, 0.27, 0.3, 0.56, 0.56, 0.99, 0.25, 0.95, 0.27, 0.2, 0.81, 99, 99, 99]
--- num:  29
list:  [0, 0, 0, 0, 1, 1, 0.16199999999999998, 0.16199999999999998, 0.54, 0.54, 0.25, 0.47, 0.6599999999999999, 0.5999999999999999, 0, 0.4, 0.29500000000000004, 0.77, 0.56, 0.28, 0.31, 0.56, 0.56, 0.99, 0.25, 0.95, 0.27, 0.2, 0.84, 99, 99, 99]
--- num:  29
list:  [0, 0, 0, 0, 1, 1, 0.16199999999999998, 0.16199999999999998, 0.55, 0.55, 0.22, 0.51, 0.6299999999999999, 0.54, 0, 0.41, 0.30000000000000004, 0.77, 0.56, 0.28, 0.32, 0.56, 0.56, 0.97, 0.27, 0.91, 0.29, 0.22, 0.86, 99, 99, 99]
--- num:  29
list:  [0, 0, 0, 0, 1, 1, 0.16199999999999998, 0.16199999999999998, 0.55, 0.55, 0.22, 0.5, 0.6149999999999999, 0.5249999999999999, 0, 0.42, 0.30000000000000004, 0.78, 0.56, 0.28, 0.32, 0.56, 0.56, 0.96, 0.27, 0.9, 0.29, 0.22, 0.87, 99, 99, 99]
--- num:  29
list:  [0, 0, 0, 0, 1, 1, 0.16199999999999998, 0.16199999999999998, 0.54, 0.54, 0.23, 0.5, 0.5999999999999999, 0.5549999999999999, 0, 0.42, 0.31, 0.78, 0.56, 0.3, 0.32, 0.56, 0.56, 0.95, 0.27, 0.92, 0.29, 0.22, 0.86, 99, 99, 99]
--- num:  29
list:  [0.56, 0.56, 1, 1, 0.98, 0.98, 0.24658374071121214, 0.2281110095977783, 0.38, 0.38, 0.2, 0.52, 0.6599999999999999, 0.6599999999999999, 0, 0.42, 0.295, 0.78, 0.56, 0.3, 0.29, 0.56, 0.56, 0.99, 0.25, 0.99, 0.26, 0.2, 0.7, 99, 99, 99]
--- num:  29
list:  [0.55, 0.55, 1, 1, 0.98, 0.98, 0.16199999999999998, 0.16199999999999998, 0.49, 0.49, 0.19, 0.54, 0.69, 0.6599999999999999, 0, 0.42, 0.29, 0.78, 0.56, 0.29, 0.29, 0.56, 0.56, 1.01, 0.25, 0.99, 0.26, 0.19, 0.4, 99, 99, 99]
--- num:  29
list:  [0.05, 0.05, 0, 0, 1, 1, 0.16199999999999998, 0.16199999999999998, 0.5, 0.5, 0.21, 0.52, 0.705, 0.6749999999999999, 0, 0.42, 0.295, 0.78, 0.56, 0.3, 0.29, 0.56, 0.56, 1.02, 0.24, 1.0, 0.25, 0.19, 0.32, 99, 99, 99]
--- num:  29
list:  [0.05, 0.05, 0, 0, 1, 1, 0.16199999999999998, 0.16199999999999998, 0.5, 0.5, 0.22, 0.5, 0.705, 0.69, 0, 0.42, 0.29000000000000004, 0.78, 0.56, 0.3, 0.28, 0.56, 0.56, 1.02, 0.24, 1.01, 0.25, 0.19, 0.29, 99, 99, 99]
--- num:  29
list:  [0.03, 0.03, 0, 0, 1, 1, 0.16199999999999998, 0.16199999999999998, 0.51, 0.51, 0.24, 0.49, 0.705, 0.69, 0, 0.42, 0.28500000000000003, 0.78, 0.56, 0.29, 0.28, 0.56, 0.56, 1.02, 0.24, 1.01, 0.25, 0.19, 0.26, 99, 99, 99]
--- num:  29
list:  [0.03, 0.03, 0, 0, 1, 1, 0.16199999999999998, 0.16199999999999998, 0.51, 0.51, 0.25, 0.47, 0.69, 0.6749999999999999, 0, 0.42, 0.28, 0.78, 0.56, 0.29, 0.27, 0.56, 0.56, 1.01, 0.25, 1.0, 0.25, 0.19, 0.25, 99, 99, 99]
--- num:  29
list:  [0, 0, 0, 0, 1, 1, 0.16199999999999998, 0.16199999999999998, 0.5, 0.5, 0.28, 0.45, 0.6749999999999999, 0.6749999999999999, 0, 0.42, 0.27, 0.78, 0.56, 0.28, 0.26, 0.56, 0.56, 1.0, 0.25, 1.0, 0.25, 0.19, 0.22, 99, 99, 99]
--- num:  29
list:  [0, 0, 0, 0, 1, 1, 0.16199999999999998, 0.16199999999999998, 0.52, 0.52, 0.29, 0.43, 0.6749999999999999, 0.6599999999999999, 0, 0.42, 0.27, 0.78, 0.56, 0.28, 0.26, 0.56, 0.56, 1.0, 0.25, 0.99, 0.25, 0.19, 0.2, 99, 99, 99]
--- num:  29
list:  [0, 0, 0, 0, 1, 1, 0.16199999999999998, 0.16199999999999998, 0.52, 0.52, 0.3, 0.42, 0.6599999999999999, 0.6449999999999999, 0, 0.42, 0.29000000000000004, 0.78, 0.56, 0.3, 0.28, 0.56, 0.56, 0.99, 0.26, 0.98, 0.26, 0.19, 0.19, 99, 99, 99]
--- num:  29
list:  [0, 0, 0, 0, 1, 1, 0.16199999999999998, 0.16199999999999998, 0.55, 0.55, 0.33, 0.4, 0.6299999999999999, 0.6449999999999999, 0.25, 0.42, 0.32999999999999996, 0.78, 0.56, 0.33999999999999997, 0.32, 0.56, 0.56, 0.97, 0.26, 0.98, 0.26, 0.2, 0.17, 99, 99, 99]
--- num:  29
list:  [0, 0, 0, 0, 1, 1, 0.16199999999999998, 0.16199999999999998, 0.57, 0.57, 0.35, 0.37, 0.6149999999999999, 0.6299999999999999, 0.25, 0.42, 0.365, 0.78, 0.56, 0.38, 0.35, 0.56, 0.56, 0.96, 0.27, 0.97, 0.26, 0.21, 0.14, 99, 99, 99]
--- num:  29
list:  [0.05, 0.05, 0, 0, 1, 1, 0.16199999999999998, 0.16199999999999998, 0.56, 0.56, 0.36, 0.37, 0.5849999999999999, 0.6149999999999999, 0.25, 0.43, 0.37, 0.78, 0.56, 0.38, 0.36, 0.56, 0.56, 0.94, 0.28, 0.96, 0.27, 0.22, 0.12, 99, 99, 99]
--- num:  29
list:  [0.12, 0.12, 0.05, 0.05, 1, 1, 0.16199999999999998, 0.16199999999999998, 0.56, 0.56, 0.38, 0.34, 0.5549999999999999, 0.5700000000000001, 0.25, 0.45, 0.385, 0.8, 0.56, 0.4, 0.37, 0.56, 0.56, 0.92, 0.28, 0.93, 0.28, 0.23, 0.08, 99, 99, 99]
--- num:  29
list:  [0.11, 0.11, 0.03, 0.03, 1, 1, 0.3597299563884735, 0.3593218433856964, 0.35, 0.35, 0.41, 0.31, 0.5549999999999999, 0.5549999999999999, 0.25, 0.47, 0.315, 0.81, 0.56, 0.33, 0.3, 0.56, 0.56, 0.92, 0.29, 0.92, 0.28, 0.21, 0.03, 99, 99, 99]
--- num:  29
list:  [0.56, 0.56, 1, 1, 0.98, 0.98, 0.16199999999999998, 0.16199999999999998, 0.47, 0.47, 0.43, 0.29, 0.5700000000000001, 0.5700000000000001, 0, 0.46, 0.31, 0.81, 0.56, 0.32, 0.3, 0.56, 0.56, 0.93, 0.28, 0.93, 0.28, 0.2, 0.0, 99, 99, 99]
--- num:  29
list:  [0.15, 0.15, 0.11, 0.11, 1, 1, 0.16199999999999998, 0.16199999999999998, 0.5, 0.5, 0.47, 0.25, 0.5549999999999999, 0.5700000000000001, 0.25, 0.45, 0.32499999999999996, 0.8, 0.56, 0.33999999999999997, 0.31, 0.56, 0.56, 0.92, 0.28, 0.93, 0.28, 0.2, 0, 99, 99, 99]
--- num:  29
list:  [0.15, 0.15, 0.11, 0.11, 1, 1, 0.16199999999999998, 0.16199999999999998, 0.5, 0.5, 0.48, 0.24, 0.54, 0.5549999999999999, 0.25, 0.45, 0.32499999999999996, 0.8, 0.56, 0.33999999999999997, 0.31, 0.56, 0.56, 0.91, 0.29, 0.92, 0.28, 0.2, 0, 99, 99, 99]
--- num:  29
list:  [0.15, 0.15, 0.11, 0.11, 1, 1, 0.16199999999999998, 0.16199999999999998, 0.5, 0.5, 0.47, 0.25, 0.5549999999999999, 0.5700000000000001, 0.25, 0.45, 0.32999999999999996, 0.8, 0.56, 0.33999999999999997, 0.32, 0.56, 0.56, 0.92, 0.28, 0.93, 0.28, 0.2, 0, 99, 99, 99]
--- num:  29
list:  [0.15, 0.15, 0.11, 0.11, 1, 1, 0.16199999999999998, 0.16199999999999998, 0.5, 0.5, 0.47, 0.25, 0.5700000000000001, 0.5849999999999999, 0.25, 0.45, 0.345, 0.8, 0.56, 0.36, 0.33, 0.56, 0.56, 0.93, 0.28, 0.94, 0.28, 0.2, 0, 99, 99, 99]
--- num:  29
list:  [0.08, 0.08, 0, 0, 1, 1, 0.16199999999999998, 0.16199999999999998, 0.5, 0.5, 0.43, 0.29, 0.49499999999999994, 0.5249999999999999, 0.25, 0.46, 0.33499999999999996, 0.81, 0.56, 0.35, 0.32, 0.56, 0.56, 0.88, 0.3, 0.9, 0.3, 0.2, 0, 99, 99, 99]
--- num:  29
list:  [0.07, 0.07, 0, 0, 1, 1, 0.16199999999999998, 0.16199999999999998, 0.5, 0.5, 0.38, 0.34, 0.54, 0.54, 0.25, 0.45, 0.36, 0.8, 0.56, 0.37, 0.35, 0.56, 0.56, 0.91, 0.29, 0.91, 0.29, 0.19, 0.03, 99, 99, 99]
--- num:  29
list:  [0.02, 0.02, 0, 0, 1, 1, 0.16199999999999998, 0.16199999999999998, 0.51, 0.51, 0.36, 0.37, 0.54, 0.54, 0.25, 0.43, 0.365, 0.79, 0.56, 0.37, 0.36, 0.56, 0.56, 0.91, 0.29, 0.91, 0.29, 0.18, 0.1, 99, 99, 99]
--- num:  29
list:  [0.02, 0.02, 0, 0, 1, 1, 0.16199999999999998, 0.16199999999999998, 0.51, 0.51, 0.34, 0.38, 0.5849999999999999, 0.5700000000000001, 0.25, 0.43, 0.365, 0.78, 0.56, 0.37, 0.36, 0.56, 0.56, 0.94, 0.28, 0.93, 0.28, 0.18, 0.12, 99, 99, 99]
--- num:  29
list:  [0.02, 0.02, 0, 0, 1, 1, 0.16199999999999998, 0.16199999999999998, 0.52, 0.52, 0.34, 0.38, 0.5849999999999999, 0.5700000000000001, 0.25, 0.42, 0.39, 0.78, 0.56, 0.4, 0.38, 0.56, 0.56, 0.94, 0.28, 0.93, 0.28, 0.18, 0.15, 99, 99, 99]
--- num:  29
list:  [0.03, 0.03, 0, 0, 1, 1, 0.16199999999999998, 0.16199999999999998, 0.51, 0.51, 0.35, 0.37, 0.5700000000000001, 0.5700000000000001, 0.25, 0.43, 0.39, 0.78, 0.56, 0.4, 0.38, 0.56, 0.56, 0.93, 0.28, 0.93, 0.28, 0.17, 0.16, 99, 99, 99]
--- num:  29
list:  [0.05, 0.05, 0, 0, 1, 1, 0.3471061098575592, 0.34611849069595335, 0.35, 0.35, 0.37, 0.35, 0.5849999999999999, 0.6149999999999999, 0.5, 0.44, 0.38, 0.79, 0.56, 0.39, 0.37, 0.56, 0.56, 0.94, 0.28, 0.96, 0.27, 0.16, 0.19, 99, 99, 99]
--- num:  29
list:  [0.05, 0.05, 0, 0, 1, 1, 0.16199999999999998, 0.16199999999999998, 0.5, 0.5, 0.34, 0.39, 0.4799999999999999, 0.49499999999999994, 0.25, 0.44, 0.475, 0.79, 0.56, 0.48, 0.47, 0.56, 0.56, 0.87, 0.31, 0.88, 0.3, 0.13, 0.21, 99, 99, 99]
--- num:  29
list:  [0.02, 0.02, 0, 0, 1, 1, 0.16199999999999998, 0.16199999999999998, 0.54, 0.54, 0.33, 0.39, 0.4499999999999999, 0.4199999999999999, 0.5, 0.34, 0.745, 0.72, 0.44, 0.74, 0.75, 0.44, 0.44, 0.85, 0.32, 0.83, 0.32, 0.06, 0.25, 99, 99, 99]
--- num:  29
list:  [0.02, 0.02, 0, 0, 1, 1, 0.16199999999999998, 0.16199999999999998, 0.54, 0.54, 0.32, 0.4, 0.4349999999999999, 0.39, 0.5, 0.32, 0.79, 0.71, 0.42, 0.78, 0.8, 0.42, 0.42, 0.84, 0.32, 0.81, 0.34, 0.05, 0.3, 99, 99, 99]
--- num:  29
list:  [0.09, 0.09, 0, 0, 1, 1, 0.16199999999999998, 0.16199999999999998, 0.55, 0.55, 0.31, 0.41, 0.4349999999999999, 0.39, 0.75, 0.31, 0.84, 0.7, 0.39, 0.84, 0.84, 0.39, 0.39, 0.84, 0.32, 0.81, 0.34, 0.05, 0.32, 99, 99, 99]
--- num:  29
list:  [0.58, 0.58, 1, 1, 0.96, 0.96, 0.28956456065177916, 0.28113810300827025, 0.37, 0.37, 0.31, 0.41, 0.345, 0.345, 0.75, 0.28, 0.92, 0.67, 0.33, 0.92, 0.92, 0.33, 0.33, 0.78, 0.35, 0.78, 0.35, 0.05, 0.46, 99, 99, 99]
--- num:  29
list:  [0.57, 0.57, 1, 1, 0.97, 0.97, 0.16199999999999998, 0.16199999999999998, 0.53, 0.53, 0.3, 0.42, 0.36, 0.32999999999999996, 0.75, 0.27, 0.925, 0.67, 0.33, 0.92, 0.93, 0.33, 0.33, 0.79, 0.34, 0.77, 0.35, 0.05, 0.47, 99, 99, 99]
--- num:  29
list:  [0.57, 0.57, 1, 1, 0.97, 0.97, 0.16199999999999998, 0.16199999999999998, 0.54, 0.54, 0.31, 0.41, 0.39, 0.345, 0.75, 0.27, 0.93, 0.66, 0.34, 0.93, 0.93, 0.34, 0.34, 0.81, 0.33, 0.78, 0.35, 0.05, 0.47, 99, 99, 99]
--- num:  29
list:  [0.57, 0.57, 1, 1, 0.97, 0.97, 0.16199999999999998, 0.16199999999999998, 0.54, 0.54, 0.31, 0.41, 0.39, 0.345, 0.75, 0.26, 0.935, 0.66, 0.34, 0.93, 0.94, 0.34, 0.34, 0.81, 0.33, 0.78, 0.35, 0.05, 0.46, 99, 99, 99]
--- num:  29
list:  [0.57, 0.57, 1, 1, 0.97, 0.97, 0.16199999999999998, 0.16199999999999998, 0.55, 0.55, 0.31, 0.41, 0.39, 0.345, 0.75, 0.26, 0.935, 0.66, 0.34, 0.93, 0.94, 0.34, 0.34, 0.81, 0.33, 0.78, 0.35, 0.05, 0.45, 99, 99, 99]
--- num:  29
list:  [0.57, 0.57, 1, 1, 0.97, 0.97, 0.16199999999999998, 0.16199999999999998, 0.55, 0.55, 0.33, 0.39, 0.375, 0.345, 0.75, 0.27, 0.94, 0.66, 0.34, 0.94, 0.94, 0.34, 0.34, 0.8, 0.34, 0.78, 0.35, 0.06, 0.44, 99, 99, 99]
--- num:  29
list:  [0.56, 0.56, 1, 1, 0.97, 0.97, 0.16199999999999998, 0.16199999999999998, 0.55, 0.55, 0.37, 0.35, 0.375, 0.345, 0.75, 0.27, 0.94, 0.66, 0.35, 0.94, 0.94, 0.35, 0.35, 0.8, 0.34, 0.78, 0.35, 0.06, 0.41, 99, 99, 99]
--- num:  29
list:  [0.56, 0.56, 1, 1, 0.97, 0.97, 0.2284021633863449, 0.22683564901351927, 0.39, 0.39, 0.42, 0.3, 0.39, 0.39, 0.75, 0.27, 0.925, 0.66, 0.35, 0.92, 0.93, 0.35, 0.35, 0.81, 0.34, 0.81, 0.34, 0.06, 0.4, 99, 99, 99]
--- num:  29
list:  [0.56, 0.56, 1, 1, 0.98, 0.98, 0.16199999999999998, 0.16199999999999998, 0.52, 0.52, 0.43, 0.29, 0.36, 0.345, 0.75, 0.28, 0.915, 0.67, 0.36, 0.91, 0.92, 0.36, 0.36, 0.79, 0.35, 0.78, 0.35, 0.06, 0.36, 99, 99, 99]
--- num:  29
list:  [0.56, 0.56, 1, 1, 0.98, 0.98, 0.16199999999999998, 0.16199999999999998, 0.53, 0.53, 0.5, 0.23, 0.4199999999999999, 0.40499999999999986, 0.75, 0.28, 0.915, 0.67, 0.37, 0.91, 0.92, 0.37, 0.37, 0.83, 0.33, 0.82, 0.33, 0.06, 0.33, 99, 99, 99]
--- num:  29
list:  [0.56, 0.56, 1, 1, 0.97, 0.97, 0.16199999999999998, 0.16199999999999998, 0.54, 0.54, 0.55, 0.18, 0.375, 0.375, 0.75, 0.28, 0.915, 0.68, 0.38, 0.91, 0.92, 0.38, 0.38, 0.8, 0.34, 0.8, 0.34, 0.08, 0.29, 99, 99, 99]
--- num:  29
list:  [0.56, 0.56, 1, 1, 0.97, 0.97, 0.16199999999999998, 0.16199999999999998, 0.54, 0.54, 0.55, 0.17, 0.36, 0.32999999999999996, 0.75, 0.29, 0.915, 0.68, 0.38, 0.91, 0.92, 0.38, 0.38, 0.79, 0.35, 0.77, 0.35, 0.08, 0.27, 99, 99, 99]
--- num:  29
list:  [0.56, 0.56, 1, 1, 0.98, 0.98, 0.16199999999999998, 0.16199999999999998, 0.54, 0.54, 0.55, 0.17, 0.32999999999999996, 0.31499999999999995, 0.75, 0.29, 0.92, 0.68, 0.37, 0.92, 0.92, 0.37, 0.37, 0.77, 0.35, 0.76, 0.36, 0.08, 0.27, 99, 99, 99]
--- num:  29
list:  [0.56, 0.56, 1, 1, 0.98, 0.98, 0.16199999999999998, 0.16199999999999998, 0.53, 0.53, 0.53, 0.2, 0.345, 0.29999999999999993, 0.75, 0.28, 0.925, 0.67, 0.36, 0.92, 0.93, 0.36, 0.36, 0.78, 0.35, 0.75, 0.36, 0.07, 0.29, 99, 99, 99]
--- num:  29
list:  [0.56, 0.56, 1, 1, 0.98, 0.98, 0.16199999999999998, 0.16199999999999998, 0.53, 0.53, 0.5, 0.22, 0.36, 0.32999999999999996, 0.75, 0.28, 0.915, 0.67, 0.37, 0.91, 0.92, 0.37, 0.37, 0.79, 0.34, 0.77, 0.35, 0.07, 0.29, 99, 99, 99]
--- num:  29
list:  [0.56, 0.56, 1, 1, 0.98, 0.98, 0.16199999999999998, 0.16199999999999998, 0.52, 0.52, 0.48, 0.24, 0.5700000000000001, 0.5849999999999999, 0.75, 0.35, 0.71, 0.73, 0.52, 0.71, 0.71, 0.52, 0.52, 0.93, 0.28, 0.94, 0.28, 0.11, 0.25, 99, 99, 99]
--- num:  29
list:  [0.56, 0.56, 1, 1, 0.98, 0.98, 0.16199999999999998, 0.16199999999999998, 0.51, 0.51, 0.46, 0.26, 0.6599999999999999, 0.705, 0.5, 0.4, 0.5750000000000001, 0.76, 0.56, 0.5800000000000001, 0.5700000000000001, 0.56, 0.56, 0.99, 0.25, 1.02, 0.24, 0.15, 0.2, 99, 99, 99]
--- num:  29
list:  [0.07, 0.07, 0, 0, 1, 1, 0.16199999999999998, 0.16199999999999998, 0.5, 0.5, 0.44, 0.28, 0.6749999999999999, 0.705, 0.5, 0.43, 0.485, 0.78, 0.56, 0.49, 0.48, 0.56, 0.56, 1.0, 0.25, 1.02, 0.24, 0.15, 0.18, 99, 99, 99]
--- num:  29
list:  [0, 0, 0, 0, 1, 1, 0.16199999999999998, 0.16199999999999998, 0.5, 0.5, 0.42, 0.3, 0.69, 0.72, 0.25, 0.44, 0.375, 0.79, 0.56, 0.39, 0.36, 0.56, 0.56, 1.01, 0.24, 1.03, 0.24, 0.16, 0.16, 99, 99, 99]
--- num:  29
list:  [0, 0, 0, 0, 1, 1, 0.16199999999999998, 0.16199999999999998, 0.5, 0.5, 0.41, 0.31, 0.78, 0.81, 0.25, 0.43, 0.28500000000000003, 0.78, 0.56, 0.3, 0.27, 0.56, 0.56, 1.07, 0.22, 1.09, 0.21, 0.17, 0.15, 99, 99, 99]
--- num:  29
list:  [0, 0, 0, 0, 1, 1, 0.16199999999999998, 0.16199999999999998, 0.48, 0.48, 0.4, 0.32, 0.795, 0.81, 0.25, 0.42, 0.25, 0.78, 0.56, 0.25, 0.25, 0.56, 0.56, 1.08, 0.21, 1.09, 0.21, 0.18, 0.13, 99, 99, 99]
--- num:  29
list:  [0, 0, 0, 0, 1, 1, 0.16199999999999998, 0.16199999999999998, 0.46, 0.46, 0.39, 0.33, 0.81, 0.81, 0, 0.41, 0.25, 0.77, 0.56, 0.25, 0.25, 0.56, 0.56, 1.09, 0.21, 1.09, 0.21, 0.18, 0.14, 99, 99, 99]
--- num:  29
list:  [0, 0, 0, 0, 1, 1, 0.16199999999999998, 0.16199999999999998, 0.46, 0.46, 0.38, 0.34, 0.81, 0.81, 0, 0.41, 0.25, 0.77, 0.56, 0.25, 0.25, 0.56, 0.56, 1.09, 0.21, 1.09, 0.21, 0.18, 0.15, 99, 99, 99]
--- num:  29
list:  [0, 0, 0, 0, 1, 1, 0.16199999999999998, 0.16199999999999998, 0.46, 0.46, 0.38, 0.35, 0.78, 0.81, 0, 0.41, 0.25, 0.77, 0.56, 0.25, 0.25, 0.56, 0.56, 1.07, 0.22, 1.09, 0.21, 0.18, 0.17, 99, 99, 99]
--- num:  29
list:  [0, 0, 0, 0, 1, 1, 0.16199999999999998, 0.16199999999999998, 0.45, 0.45, 0.41, 0.32, 0.75, 0.795, 0, 0.41, 0.25, 0.77, 0.56, 0.25, 0.25, 0.56, 0.56, 1.05, 0.23, 1.08, 0.21, 0.17, 0.19, 99, 99, 99]
--- num:  29
list:  [0, 0, 0, 0, 1, 1, 0.16199999999999998, 0.16199999999999998, 0.45, 0.45, 0.41, 0.32, 0.75, 0.795, 0, 0.41, 0.25, 0.77, 0.56, 0.25, 0.25, 0.56, 0.56, 1.05, 0.23, 1.08, 0.22, 0.18, 0.26, 99, 99, 99]
--- num:  29
list:  [0, 0, 0, 0, 1, 1, 0.16199999999999998, 0.16199999999999998, 0.45, 0.45, 0.39, 0.33, 0.78, 0.81, 0, 0.41, 0.25, 0.77, 0.56, 0.25, 0.25, 0.56, 0.56, 1.07, 0.22, 1.09, 0.21, 0.17, 0.33, 99, 99, 99]
--- num:  29
list:  [0, 0, 0, 0, 1, 1, 0.16199999999999998, 0.16199999999999998, 0.46, 0.46, 0.4, 0.33, 0.765, 0.795, 0, 0.41, 0.25, 0.77, 0.56, 0.25, 0.25, 0.56, 0.56, 1.06, 0.22, 1.08, 0.21, 0.17, 0.45, 99, 99, 99]
--- num:  29
list:  [0, 0, 0, 0, 1, 1, 0.16199999999999998, 0.16199999999999998, 0.47, 0.47, 0.39, 0.33, 0.735, 0.78, 0, 0.41, 0.25, 0.77, 0.56, 0.25, 0.25, 0.56, 0.56, 1.04, 0.23, 1.07, 0.22, 0.17, 0.48, 99, 99, 99]
--- num:  29
list:  [0, 0, 0, 0, 1, 1, 0.16199999999999998, 0.16199999999999998, 0.47, 0.47, 0.4, 0.32, 0.735, 0.78, 0, 0.42, 0.25, 0.77, 0.56, 0.25, 0.25, 0.56, 0.56, 1.04, 0.23, 1.07, 0.22, 0.17, 0.51, 99, 99, 99]
--- num:  29
list:  [0, 0, 0, 0, 1, 1, 0.16199999999999998, 0.16199999999999998, 0.46, 0.46, 0.4, 0.32, 0.705, 0.765, 0, 0.42, 0.25, 0.78, 0.56, 0.25, 0.25, 0.56, 0.56, 1.02, 0.24, 1.06, 0.22, 0.17, 0.51, 99, 99, 99]
--- num:  29
list:  [0, 0, 0, 0, 1, 1, 0.16199999999999998, 0.16199999999999998, 0.46, 0.46, 0.36, 0.36, 0.705, 0.75, 0, 0.42, 0.25, 0.78, 0.56, 0.25, 0.25, 0.56, 0.56, 1.02, 0.24, 1.05, 0.23, 0.18, 0.37, 99, 99, 99]
--- num:  29
list:  [0, 0, 0, 0, 1, 1, 0.16199999999999998, 0.16199999999999998, 0.46, 0.46, 0.37, 0.36, 0.69, 0.72, 0, 0.42, 0.25, 0.78, 0.56, 0.25, 0.25, 0.56, 0.56, 1.01, 0.24, 1.03, 0.24, 0.18, 0.26, 99, 99, 99]
--- num:  29
list:  [0, 0, 0, 0, 1, 1, 0.16199999999999998, 0.16199999999999998, 0.46, 0.46, 0.39, 0.33, 0.6599999999999999, 0.69, 0, 0.42, 0.25, 0.78, 0.56, 0.25, 0.25, 0.56, 0.56, 0.99, 0.25, 1.01, 0.24, 0.18, 0.21, 99, 99, 99]
--- num:  29
list:  [0, 0, 0, 0, 1, 1, 0.16199999999999998, 0.16199999999999998, 0.46, 0.46, 0.19, 0.53, 0.69, 0.75, 0, 0.42, 0.25, 0.78, 0.56, 0.25, 0.25, 0.56, 0.56, 1.01, 0.25, 1.05, 0.23, 0.22, 0.12, 99, 99, 99]
--- num:  29
list:  [0, 0, 0, 0, 1, 1, 0.16199999999999998, 0.16199999999999998, 0.47, 0.47, 0.23, 0.5, 0.69, 0.75, 0, 0.42, 0.25, 0.78, 0.56, 0.25, 0.25, 0.56, 0.56, 1.01, 0.25, 1.05, 0.23, 0.24, 0.06, 99, 99, 99]
--- num:  29
list:  [0.03, 0.03, 0, 0, 1, 1, 0.16199999999999998, 0.16199999999999998, 0.49, 0.49, 0.28, 0.45, 0.6299999999999999, 0.72, 0, 0.42, 0.25, 0.78, 0.56, 0.25, 0.25, 0.56, 0.56, 0.97, 0.26, 1.03, 0.24, 0.26, 0, 99, 99, 99]
--- num:  29
list:  [0.05, 0.05, 0, 0, 1, 1, 0.16199999999999998, 0.16199999999999998, 0.5, 0.5, 0.27, 0.46, 0.6299999999999999, 0.705, 0, 0.44, 0.25, 0.79, 0.56, 0.25, 0.25, 0.56, 0.56, 0.97, 0.26, 1.02, 0.24, 0.28, 0, 99, 99, 99]
--- num:  29
list:  [0.08, 0.08, 0, 0, 1, 1, 0.16199999999999998, 0.16199999999999998, 0.51, 0.51, 0.3, 0.43, 0.6299999999999999, 0.705, 0, 0.45, 0.25, 0.8, 0.56, 0.25, 0.25, 0.56, 0.56, 0.97, 0.26, 1.02, 0.24, 0.29, 0, 99, 99, 99]
--- num:  29
list:  [0.05, 0.05, 0, 0, 1, 1, 0.16199999999999998, 0.16199999999999998, 0.5, 0.5, 0.31, 0.42, 0.6299999999999999, 0.69, 0, 0.44, 0.25, 0.8, 0.56, 0.25, 0.25, 0.56, 0.56, 0.97, 0.27, 1.01, 0.25, 0.29, 0, 99, 99, 99]
--- num:  29
list:  [0.07, 0.07, 0, 0, 1, 1, 0.16199999999999998, 0.16199999999999998, 0.5, 0.5, 0.33, 0.4, 0.6149999999999999, 0.6749999999999999, 0, 0.45, 0.25, 0.8, 0.56, 0.25, 0.25, 0.56, 0.56, 0.96, 0.27, 1.0, 0.25, 0.29, 0, 99, 99, 99]
--- num:  29
list:  [0.1, 0.1, 0, 0, 1, 1, 0.16199999999999998, 0.16199999999999998, 0.47, 0.47, 0.54, 0.18, 0.5999999999999999, 0.6749999999999999, 0, 0.44, 0.25, 0.8, 0.56, 0.25, 0.25, 0.56, 0.56, 0.95, 0.27, 1.0, 0.25, 0.27, 0, 99, 99, 99]
--- num:  29
list:  [0.06, 0.06, 0, 0, 1, 1, 0.16199999999999998, 0.16199999999999998, 0.46, 0.46, 0.58, 0.14, 0.5849999999999999, 0.6599999999999999, 0, 0.45, 0.25, 0.8, 0.56, 0.25, 0.25, 0.56, 0.56, 0.94, 0.28, 0.99, 0.25, 0.22, 0, 99, 99, 99]
--- num:  29
list:  [0.03, 0.03, 0, 0, 1, 1, 0.16199999999999998, 0.16199999999999998, 0.46, 0.46, 0.57, 0.15, 0.5849999999999999, 0.6449999999999999, 0, 0.46, 0.25, 0.81, 0.56, 0.25, 0.25, 0.56, 0.56, 0.94, 0.28, 0.98, 0.26, 0.22, 0, 99, 99, 99]
--- num:  29
list:  [0, 0, 0, 0, 1, 1, 0.16199999999999998, 0.16199999999999998, 0.47, 0.47, 0.51, 0.21, 0.6149999999999999, 0.6749999999999999, 0, 0.46, 0.25, 0.81, 0.56, 0.25, 0.25, 0.56, 0.56, 0.96, 0.27, 1.0, 0.25, 0.22, 0, 99, 99, 99]
--- num:  29
list:  [0, 0, 0, 0, 1, 1, 0.16199999999999998, 0.16199999999999998, 0.45, 0.45, 0.46, 0.27, 0.5849999999999999, 0.6299999999999999, 0, 0.46, 0.25, 0.81, 0.56, 0.25, 0.25, 0.56, 0.56, 0.94, 0.28, 0.97, 0.26, 0.19, 0, 99, 99, 99]
--- num:  29
list:  [0, 0, 0, 0, 1, 1, 0.16199999999999998, 0.16199999999999998, 0.45, 0.45, 0.41, 0.32, 0.5849999999999999, 0.6299999999999999, 0, 0.46, 0.25, 0.81, 0.56, 0.25, 0.25, 0.56, 0.56, 0.94, 0.28, 0.97, 0.27, 0.17, 0.26, 99, 99, 99]
--- num:  29
list:  [0, 0, 0, 0, 1, 1, 0.16199999999999998, 0.16199999999999998, 0.45, 0.45, 0.35, 0.37, 0.5849999999999999, 0.6299999999999999, 0, 0.44, 0.25, 0.79, 0.56, 0.25, 0.25, 0.56, 0.56, 0.94, 0.28, 0.97, 0.27, 0.17, 0.48, 99, 99, 99]
--- num:  29
list:  [0, 0, 0, 0, 1, 1, 0.16199999999999998, 0.16199999999999998, 0.45, 0.45, 0.33, 0.39, 0.54, 0.5849999999999999, 0, 0.43, 0.25, 0.79, 0.56, 0.25, 0.25, 0.56, 0.56, 0.91, 0.29, 0.94, 0.28, 0.16, 0.78, 99, 99, 99]
--- num:  29
list:  [0, 0, 0, 0, 1, 1, 0.5734203863143921, 0.5731718349456787, 0.39, 0.39, 0.33, 0.39, 0.5549999999999999, 0.6149999999999999, 0, 0.41, 0.25, 0.77, 0.56, 0.25, 0.25, 0.56, 0.56, 0.92, 0.29, 0.96, 0.27, 0.17, 0.92, 99, 99, 99]
--- num:  29
list:  [0, 0, 0, 0, 1, 1, 0.16199999999999998, 0.16199999999999998, 0.42, 0.42, 0.3, 0.42, 0.5849999999999999, 0.6599999999999999, 0, 0.42, 0.25, 0.78, 0.56, 0.25, 0.25, 0.56, 0.56, 0.94, 0.27, 0.99, 0.25, 0.18, 0.94, 99, 99, 99]
--- num:  29
list:  [0, 0, 0, 0, 1, 1, 0.16199999999999998, 0.16199999999999998, 0.46, 0.46, 0.28, 0.45, 0.5999999999999999, 0.6599999999999999, 0, 0.43, 0.25, 0.78, 0.56, 0.25, 0.25, 0.56, 0.56, 0.95, 0.27, 0.99, 0.26, 0.17, 0.93, 99, 99, 99]
--- num:  29
list:  [0, 0, 0, 0, 1, 1, 0.16199999999999998, 0.16199999999999998, 0.45, 0.45, 0.25, 0.47, 0.5549999999999999, 0.5849999999999999, 0, 0.45, 0.25, 0.8, 0.56, 0.25, 0.25, 0.56, 0.56, 0.92, 0.28, 0.94, 0.28, 0.17, 1, 99, 99, 99]
--- num:  29
list:  [0, 0, 0, 0, 1, 1, 0.7290367889404297, 0.7233026432991028, 0.4, 0.4, 0.27, 0.45, 0.5849999999999999, 0.6449999999999999, 0, 0.43, 0.25, 0.79, 0.56, 0.25, 0.25, 0.56, 0.56, 0.94, 0.28, 0.98, 0.26, 0.22, 1, 99, 99, 99]
--- num:  29
list:  [0, 0, 0, 0, 1, 1, 0.16199999999999998, 0.16199999999999998, 0.4, 0.4, 0.56, 0.17, 0.5999999999999999, 0.6449999999999999, 0, 0.45, 0.25, 0.8, 0.56, 0.25, 0.25, 0.56, 0.56, 0.95, 0.27, 0.98, 0.26, 0.18, 1, 99, 99, 99]
--- num:  29
list:  [0, 0, 0, 0, 1, 1, 0.16199999999999998, 0.16199999999999998, 0.4, 0.4, 0.6, 0.13, 0.5999999999999999, 0.6449999999999999, 0, 0.46, 0.25, 0.81, 0.56, 0.25, 0.25, 0.56, 0.56, 0.95, 0.27, 0.98, 0.26, 0.18, 1, 99, 99, 99]
--- num:  29
list:  [0, 0, 0, 0, 1, 1, 0.16199999999999998, 0.16199999999999998, 0.4, 0.4, 0.59, 0.14, 0.6449999999999999, 0.6749999999999999, 0, 0.46, 0.25, 0.81, 0.56, 0.25, 0.25, 0.56, 0.56, 0.98, 0.26, 1.0, 0.25, 0.18, 1, 99, 99, 99]
--- num:  29
list:  [0, 0, 0, 0, 1, 1, 0.16199999999999998, 0.16199999999999998, 0.37, 0.37, 0.39, 0.34, 0.5700000000000001, 0.6299999999999999, 0, 0.45, 0.25, 0.8, 0.56, 0.25, 0.25, 0.56, 0.56, 0.93, 0.28, 0.97, 0.26, 0.18, 1, 99, 99, 99]
--- num:  29
list:  [0.56, 0.56, 1, 1, 0.98, 0.98, 0.3802043008804321, 0.3789489674568176, 0.32, 0.32, 0.31, 0.41, 0.5849999999999999, 0.6599999999999999, 0, 0.42, 0.25, 0.77, 0.56, 0.25, 0.25, 0.56, 0.56, 0.94, 0.27, 0.99, 0.25, 0.18, 1, 99, 99, 99]
--- num:  29
list:  [0, 0, 0, 0, 1, 1, 0.16199999999999998, 0.16199999999999998, 0.46, 0.46, 0.31, 0.41, 0.5549999999999999, 0.5999999999999999, 0, 0.44, 0.25, 0.79, 0.56, 0.25, 0.25, 0.56, 0.56, 0.92, 0.29, 0.95, 0.27, 0.16, 0.93, 99, 99, 99]
--- num:  29
list:  [0, 0, 0, 0, 1, 1, 0.16199999999999998, 0.16199999999999998, 0.46, 0.46, 0.32, 0.4, 0.5549999999999999, 0.5849999999999999, 0, 0.44, 0.25, 0.79, 0.56, 0.25, 0.25, 0.56, 0.56, 0.92, 0.29, 0.94, 0.28, 0.16, 0.91, 99, 99, 99]
--- num:  29
list:  [0, 0, 0, 0, 1, 1, 0.16199999999999998, 0.16199999999999998, 0.47, 0.47, 0.32, 0.41, 0.5549999999999999, 0.5849999999999999, 0, 0.44, 0.25, 0.79, 0.56, 0.25, 0.25, 0.56, 0.56, 0.92, 0.29, 0.94, 0.28, 0.17, 0.84, 99, 99, 99]
--- num:  29
list:  [0, 0, 0, 0, 1, 1, 0.9043700504302978, 0.9038131046295166, 0.46, 0.46, 0.33, 0.39, 0.5549999999999999, 0.6299999999999999, 0, 0.38, 0.25, 0.75, 0.56, 0.25, 0.25, 0.56, 0.56, 0.92, 0.29, 0.97, 0.27, 0.18, 0.88, 99, 99, 99]
--- num:  29
list:  [0, 0, 0, 0, 1, 1, 0.16199999999999998, 0.16199999999999998, 0.42, 0.42, 0.5, 0.23, 0.5849999999999999, 0.6449999999999999, 0, 0.42, 0.25, 0.78, 0.56, 0.25, 0.25, 0.56, 0.56, 0.94, 0.28, 0.98, 0.26, 0.17, 0.89, 99, 99, 99]
--- num:  29
list:  [0, 0, 0, 0, 1, 1, 0.16199999999999998, 0.16199999999999998, 0.42, 0.42, 0.54, 0.18, 0.6149999999999999, 0.6449999999999999, 0, 0.43, 0.25, 0.78, 0.56, 0.25, 0.25, 0.56, 0.56, 0.96, 0.27, 0.98, 0.26, 0.16, 0.9, 99, 99, 99]
--- num:  29
list:  [0, 0, 0, 0, 1, 1, 0.16199999999999998, 0.16199999999999998, 0.43, 0.43, 0.53, 0.19, 0.6449999999999999, 0.6749999999999999, 0, 0.42, 0.25, 0.78, 0.56, 0.25, 0.25, 0.56, 0.56, 0.98, 0.26, 1.0, 0.25, 0.16, 0.89, 99, 99, 99]
--- num:  29
list:  [0, 0, 0, 0, 1, 1, 0.16199999999999998, 0.16199999999999998, 0.43, 0.43, 0.54, 0.18, 0.6599999999999999, 0.69, 0, 0.41, 0.25, 0.77, 0.56, 0.25, 0.25, 0.56, 0.56, 0.99, 0.26, 1.01, 0.25, 0.17, 0.88, 99, 99, 99]
--- num:  29
list:  [0, 0, 0, 0, 1, 1, 0.16199999999999998, 0.16199999999999998, 0.43, 0.43, 0.55, 0.18, 0.6449999999999999, 0.6749999999999999, 0, 0.42, 0.25, 0.78, 0.56, 0.25, 0.25, 0.56, 0.56, 0.98, 0.26, 1.0, 0.25, 0.17, 0.88, 99, 99, 99]
--- num:  29
list:  [0, 0, 0, 0, 1, 1, 0.16199999999999998, 0.16199999999999998, 0.43, 0.43, 0.54, 0.19, 0.6449999999999999, 0.6749999999999999, 0, 0.42, 0.25, 0.78, 0.56, 0.25, 0.25, 0.56, 0.56, 0.98, 0.26, 1.0, 0.25, 0.17, 0.91, 99, 99, 99]
--- num:  29
list:  [0, 0, 0, 0, 1, 1, 0.16199999999999998, 0.16199999999999998, 0.4, 0.4, 0.67, 0.07, 0.5999999999999999, 0.5999999999999999, 0, 0.42, 0.25, 0.78, 0.56, 0.25, 0.25, 0.56, 0.56, 0.95, 0.27, 0.95, 0.27, 0.18, 1, 99, 99, 99]
--- num:  29
list:  [0.02, 0.02, 0, 0, 1, 1, 0.16199999999999998, 0.16199999999999998, 0.35, 0.35, 0.83, -0.08, 0.5999999999999999, 0.5999999999999999, 0, 0.42, 0.25, 0.78, 0.56, 0.25, 0.25, 0.56, 0.56, 0.95, 0.27, 0.95, 0.27, 0.21, 1, 99, 99, 99]
--- num:  29
list:  [0.56, 0.56, 1, 1, 0.98, 0.98, 0.16199999999999998, 0.16199999999999998, 0.33, 0.33, 0.81, -0.07, 0.6149999999999999, 0.5700000000000001, 0, 0.43, 0.25, 0.79, 0.56, 0.25, 0.25, 0.56, 0.56, 0.96, 0.27, 0.93, 0.28, 0.23, 0.86, 99, 99, 99]
--- num:  29
list:  [0.56, 0.56, 1, 1, 0.98, 0.98, 0.16199999999999998, 0.16199999999999998, 0.34, 0.34, 0.79, -0.05, 0.5849999999999999, 0.54, 0, 0.45, 0.25, 0.8, 0.56, 0.25, 0.25, 0.56, 0.56, 0.94, 0.28, 0.91, 0.29, 0.23, 0.9, 99, 99, 99]
--- num:  29
list:  [0.56, 0.56, 1, 1, 0.98, 0.98, 0.16199999999999998, 0.16199999999999998, 0.34, 0.34, 0.79, -0.04, 0.5849999999999999, 0.5249999999999999, 0, 0.45, 0.25, 0.8, 0.56, 0.25, 0.25, 0.56, 0.56, 0.94, 0.28, 0.9, 0.29, 0.22, 0.87, 99, 99, 99]
--- num:  29
list:  [0.56, 0.56, 1, 1, 0.98, 0.98, 0.16199999999999998, 0.16199999999999998, 0.4, 0.4, 0.53, 0.2, 0.6299999999999999, 0.5700000000000001, 0, 0.45, 0.25, 0.8, 0.56, 0.25, 0.25, 0.56, 0.56, 0.97, 0.26, 0.93, 0.28, 0.2, 0.91, 99, 99, 99]
--- num:  29
list:  [0, 0, 0, 0, 1, 1, 0.16199999999999998, 0.16199999999999998, 0.38, 0.38, 0.63, 0.1, 0.6149999999999999, 0.5999999999999999, 0, 0.42, 0.25, 0.78, 0.56, 0.25, 0.25, 0.56, 0.56, 0.96, 0.27, 0.95, 0.27, 0.17, 0.92, 99, 99, 99]
--- num:  29
list:  [0, 0, 0, 0, 1, 1, 0.16199999999999998, 0.16199999999999998, 0.44, 0.44, 0.32, 0.4, 0.5549999999999999, 0.5549999999999999, 0, 0.42, 0.25, 0.78, 0.56, 0.25, 0.25, 0.56, 0.56, 0.92, 0.29, 0.92, 0.29, 0.17, 0.95, 99, 99, 99]
--- num:  29
list:  [0, 0, 0, 0, 1, 1, 0.16199999999999998, 0.16199999999999998, 0.45, 0.45, 0.33, 0.39, 0.51, 0.5249999999999999, 0, 0.42, 0.25, 0.78, 0.56, 0.25, 0.25, 0.56, 0.56, 0.89, 0.3, 0.9, 0.29, 0.16, 1, 99, 99, 99]
--- num:  29
list:  [0, 0, 0, 0, 1, 1, 0.16199999999999998, 0.16199999999999998, 0.45, 0.45, 0.35, 0.37, 0.51, 0.5249999999999999, 0, 0.42, 0.25, 0.78, 0.56, 0.25, 0.25, 0.56, 0.56, 0.89, 0.3, 0.9, 0.29, 0.16, 1, 99, 99, 99]
--- num:  29
list:  [0, 0, 0, 0, 1, 1, 0.16199999999999998, 0.16199999999999998, 0.44, 0.44, 0.37, 0.35, 0.49499999999999994, 0.5249999999999999, 0, 0.43, 0.25, 0.78, 0.56, 0.25, 0.25, 0.56, 0.56, 0.88, 0.3, 0.9, 0.3, 0.15, 1, 99, 99, 99]
--- num:  29
list:  [0, 0, 0, 0, 1, 1, 0.16199999999999998, 0.16199999999999998, 0.38, 0.38, 0.75, -0.01, 0.5700000000000001, 0.5849999999999999, 0, 0.41, 0.25, 0.77, 0.56, 0.25, 0.25, 0.56, 0.56, 0.93, 0.28, 0.94, 0.28, 0.14, 1, 99, 99, 99]
--- num:  29
list:  [0, 0, 0, 0, 1, 1, 0.16199999999999998, 0.16199999999999998, 0.36, 0.36, 0.78, -0.04, 0.5549999999999999, 0.5700000000000001, 0, 0.41, 0.25, 0.77, 0.56, 0.25, 0.25, 0.56, 0.56, 0.92, 0.28, 0.93, 0.28, 0.14, 0.99, 99, 99, 99]
--- num:  29
list:  [0, 0, 0, 0, 1, 1, 0.16199999999999998, 0.16199999999999998, 0.42, 0.42, 0.38, 0.34, 0.54, 0.5549999999999999, 0, 0.4, 0.25, 0.76, 0.56, 0.25, 0.25, 0.56, 0.56, 0.91, 0.29, 0.92, 0.28, 0.14, 0.98, 99, 99, 99]
--- num:  29
list:  [0, 0, 0, 0, 1, 1, 0.16199999999999998, 0.16199999999999998, 0.46, 0.46, 0.29, 0.43, 0.51, 0.5249999999999999, 0, 0.41, 0.25, 0.77, 0.56, 0.25, 0.25, 0.56, 0.56, 0.89, 0.3, 0.9, 0.29, 0.14, 0.86, 99, 99, 99]
--- num:  29
list:  [0, 0, 0, 0, 1, 1, 0.16199999999999998, 0.16199999999999998, 0.46, 0.46, 0.29, 0.43, 0.51, 0.5249999999999999, 0, 0.41, 0.25, 0.77, 0.56, 0.25, 0.25, 0.56, 0.56, 0.89, 0.3, 0.9, 0.3, 0.14, 0.84, 99, 99, 99]
--- num:  29
list:  [0, 0, 0, 0, 1, 1, 0.16199999999999998, 0.16199999999999998, 0.45, 0.45, 0.31, 0.41, 0.51, 0.5249999999999999, 0, 0.41, 0.25, 0.77, 0.56, 0.25, 0.25, 0.56, 0.56, 0.89, 0.3, 0.9, 0.3, 0.14, 0.82, 99, 99, 99]
--- num:  29
list:  [0, 0, 0, 0, 1, 1, 0.16199999999999998, 0.16199999999999998, 0.46, 0.45, 0.34, 0.38, 0.49499999999999994, 0.5249999999999999, 0, 0.41, 0.25, 0.77, 0.56, 0.25, 0.25, 0.56, 0.56, 0.88, 0.3, 0.9, 0.29, 0.14, 0.75, 99, 99, 99]
--- num:  29
list:  [0, 0, 0, 0, 1, 1, 0.16199999999999998, 0.16199999999999998, 0.46, 0.46, 0.39, 0.33, 0.5249999999999999, 0.5549999999999999, 0, 0.42, 0.25, 0.78, 0.56, 0.25, 0.25, 0.56, 0.56, 0.9, 0.3, 0.92, 0.28, 0.14, 0.57, 99, 99, 99]
--- num:  29
list:  [0.02, 0.02, 0, 0, 1, 1, 0.27280701279640196, 0.2727310764789581, 0.36, 0.36, 0.42, 0.3, 0.54, 0.6149999999999999, 0, 0.43, 0.25, 0.78, 0.56, 0.25, 0.25, 0.56, 0.56, 0.91, 0.29, 0.96, 0.27, 0.15, 0.49, 99, 99, 99]
--- num:  29
list:  [0.56, 0.56, 1, 1, 0.97, 0.97, 0.20659622132778166, 0.2064905124902725, 0.4, 0.4, 0.45, 0.28, 0.5700000000000001, 0.6299999999999999, 0, 0.4, 0.25, 0.76, 0.56, 0.25, 0.25, 0.56, 0.56, 0.93, 0.28, 0.97, 0.27, 0.15, 0.29, 99, 99, 99]
--- num:  29
list:  [0.03, 0.03, 0, 0, 1, 1, 0.16199999999999998, 0.16199999999999998, 0.45, 0.45, 0.46, 0.26, 0.51, 0.5549999999999999, 0, 0.41, 0.25, 0.77, 0.56, 0.25, 0.25, 0.56, 0.56, 0.89, 0.3, 0.92, 0.28, 0.14, 0.2, 99, 99, 99]
--- num:  29
list:  [0.03, 0.03, 0, 0, 1, 1, 0.16199999999999998, 0.16199999999999998, 0.45, 0.45, 0.47, 0.25, 0.4799999999999999, 0.51, 0, 0.41, 0.25, 0.77, 0.56, 0.25, 0.25, 0.56, 0.56, 0.87, 0.31, 0.89, 0.3, 0.13, 0.17, 99, 99, 99]
--- num:  29
list:  [0.03, 0.03, 0, 0, 1, 1, 0.16199999999999998, 0.16199999999999998, 0.46, 0.46, 0.47, 0.26, 0.51, 0.54, 0, 0.42, 0.25, 0.77, 0.56, 0.25, 0.25, 0.56, 0.56, 0.89, 0.3, 0.91, 0.29, 0.13, 0.16, 99, 99, 99]
--- num:  29
list:  [0.03, 0.03, 0, 0, 1, 1, 0.16199999999999998, 0.16199999999999998, 0.45, 0.45, 0.45, 0.27, 0.4799999999999999, 0.51, 0, 0.42, 0.25, 0.77, 0.56, 0.25, 0.25, 0.56, 0.56, 0.87, 0.31, 0.89, 0.3, 0.13, 0.23, 99, 99, 99]
--- num:  29
list:  [0.03, 0.03, 0, 0, 1, 1, 0.16199999999999998, 0.16199999999999998, 0.45, 0.45, 0.42, 0.3, 0.4649999999999999, 0.4799999999999999, 0, 0.41, 0.25, 0.77, 0.56, 0.25, 0.25, 0.56, 0.56, 0.86, 0.31, 0.87, 0.31, 0.12, 0.34, 99, 99, 99]
--- num:  29
list:  [0.01, 0.01, 0, 0, 1, 1, 0.16199999999999998, 0.16199999999999998, 0.47, 0.47, 0.42, 0.3, 0.49499999999999994, 0.5249999999999999, 0, 0.41, 0.25, 0.77, 0.56, 0.25, 0.25, 0.56, 0.56, 0.88, 0.3, 0.9, 0.3, 0.12, 0.37, 99, 99, 99]
--- num:  29
list:  [0, 0, 0, 0, 1, 1, 0.16199999999999998, 0.16199999999999998, 0.48, 0.48, 0.41, 0.31, 0.4649999999999999, 0.49499999999999994, 0, 0.42, 0.25, 0.78, 0.56, 0.25, 0.25, 0.56, 0.56, 0.86, 0.31, 0.88, 0.3, 0.13, 0.46, 99, 99, 99]
--- num:  29
list:  [0.02, 0.02, 0, 0, 1, 1, 0.16199999999999998, 0.16199999999999998, 0.48, 0.48, 0.43, 0.29, 0.4499999999999999, 0.4799999999999999, 0, 0.42, 0.25, 0.78, 0.56, 0.25, 0.25, 0.56, 0.56, 0.85, 0.32, 0.87, 0.31, 0.13, 0.55, 99, 99, 99]
--- num:  29
list:  [0.01, 0.01, 0, 0, 1, 1, 0.16199999999999998, 0.16199999999999998, 0.48, 0.48, 0.43, 0.29, 0.4499999999999999, 0.4799999999999999, 0, 0.43, 0.25, 0.79, 0.56, 0.25, 0.25, 0.56, 0.56, 0.85, 0.32, 0.87, 0.31, 0.13, 0.58, 99, 99, 99]
--- num:  29
list:  [0.02, 0.02, 0, 0, 1, 1, 0.16199999999999998, 0.16199999999999998, 0.47, 0.47, 0.43, 0.29, 0.4349999999999999, 0.4649999999999999, 0, 0.44, 0.25, 0.79, 0.56, 0.25, 0.25, 0.56, 0.56, 0.84, 0.32, 0.86, 0.31, 0.13, 0.59, 99, 99, 99]
--- num:  29
list:  [0.05, 0.05, 0, 0, 1, 1, 0.16199999999999998, 0.16199999999999998, 0.48, 0.48, 0.43, 0.29, 0.4799999999999999, 0.49499999999999994, 0, 0.44, 0.25, 0.79, 0.56, 0.25, 0.25, 0.56, 0.56, 0.87, 0.31, 0.88, 0.3, 0.14, 0.59, 99, 99, 99]
--- num:  29
list:  [0.09, 0.09, 0, 0, 1, 1, 0.16199999999999998, 0.16199999999999998, 0.48, 0.48, 0.45, 0.28, 0.49499999999999994, 0.5249999999999999, 0, 0.44, 0.25, 0.79, 0.56, 0.25, 0.25, 0.56, 0.56, 0.88, 0.3, 0.9, 0.3, 0.15, 0.54, 99, 99, 99]
--- num:  29
list:  [0.55, 0.55, 1, 1, 0.98, 0.98, 0.6026073503494263, 0.5502134370803833, 0.3, 0.3, 0.42, 0.3, 0.49499999999999994, 0.51, 0, 0.41, 0.25, 0.77, 0.56, 0.25, 0.25, 0.56, 0.56, 0.88, 0.3, 0.89, 0.3, 0.14, 0.32, 99, 99, 99]
--- num:  29
list:  [0.05, 0.05, 0, 0, 1, 1, 0.16199999999999998, 0.16199999999999998, 0.49, 0.49, 0.45, 0.27, 0.4499999999999999, 0.4799999999999999, 0, 0.43, 0.25, 0.79, 0.56, 0.25, 0.25, 0.56, 0.56, 0.85, 0.32, 0.87, 0.31, 0.12, 0.27, 99, 99, 99]
--- num:  29
list:  [0.04, 0.04, 0, 0, 1, 1, 0.16199999999999998, 0.16199999999999998, 0.48, 0.48, 0.45, 0.28, 0.4499999999999999, 0.4799999999999999, 0, 0.43, 0.27, 0.78, 0.56, 0.28, 0.26, 0.56, 0.56, 0.85, 0.32, 0.87, 0.31, 0.12, 0.32, 99, 99, 99]
--- num:  29
list:  [0.08, 0.08, 0, 0, 1, 1, 0.16199999999999998, 0.16199999999999998, 0.5, 0.49, 0.44, 0.29, 0.4499999999999999, 0.4799999999999999, 0.25, 0.43, 0.32, 0.78, 0.56, 0.33, 0.31, 0.56, 0.56, 0.85, 0.32, 0.87, 0.31, 0.12, 0.33, 99, 99, 99]
--- num:  29
list:  [0.09, 0.09, 0, 0, 1, 1, 0.3798506665229797, 0.3791819322109222, 0.32, 0.32, 0.41, 0.32, 0.4499999999999999, 0.4499999999999999, 0.25, 0.44, 0.32999999999999996, 0.79, 0.56, 0.33999999999999997, 0.32, 0.56, 0.56, 0.85, 0.32, 0.85, 0.32, 0.12, 0.35, 99, 99, 99]
--- num:  29
list:  [0.56, 0.56, 1, 1, 0.98, 0.98, 0.16199999999999998, 0.16199999999999998, 0.44, 0.44, 0.41, 0.32, 0.4349999999999999, 0.4499999999999999, 0.25, 0.38, 0.5700000000000001, 0.75, 0.53, 0.5800000000000001, 0.56, 0.53, 0.53, 0.84, 0.32, 0.85, 0.32, 0.08, 0.3, 99, 99, 99]
--- num:  29
list:  [0.56, 0.56, 1, 1, 0.98, 0.98, 0.16199999999999998, 0.16199999999999998, 0.48, 0.48, 0.41, 0.31, 0.4199999999999999, 0.4199999999999999, 0.5, 0.28, 0.89, 0.67, 0.35, 0.89, 0.89, 0.35, 0.35, 0.83, 0.33, 0.83, 0.33, 0.05, 0.3, 99, 99, 99]
--- num:  29
list:  [0.56, 0.56, 1, 1, 0.98, 0.98, 0.16199999999999998, 0.16199999999999998, 0.48, 0.48, 0.41, 0.32, 0.4199999999999999, 0.40499999999999986, 0.75, 0.27, 0.905, 0.67, 0.35, 0.9, 0.91, 0.35, 0.35, 0.83, 0.33, 0.82, 0.33, 0.04, 0.32, 99, 99, 99]
--- num:  29
list:  [0.57, 0.57, 1, 1, 0.96, 0.96, 0.24584282517433165, 0.24418757438659666, 0.35, 0.35, 0.41, 0.32, 0.4199999999999999, 0.4199999999999999, 0.75, 0.27, 0.9, 0.66, 0.36, 0.9, 0.9, 0.36, 0.36, 0.83, 0.33, 0.83, 0.33, 0.04, 0.33, 99, 99, 99]
--- num:  29
list:  [0.56, 0.56, 1, 1, 0.97, 0.97, 0.16199999999999998, 0.16199999999999998, 0.49, 0.49, 0.4, 0.32, 0.36, 0.375, 0.75, 0.26, 0.92, 0.66, 0.35, 0.92, 0.92, 0.35, 0.35, 0.79, 0.34, 0.8, 0.34, 0.04, 0.35, 99, 99, 99]
--- num:  29
list:  [0.56, 0.56, 1, 1, 0.98, 0.98, 0.16199999999999998, 0.16199999999999998, 0.51, 0.5, 0.4, 0.33, 0.375, 0.39, 0.75, 0.26, 0.93, 0.66, 0.35, 0.93, 0.93, 0.35, 0.35, 0.8, 0.34, 0.81, 0.34, 0.04, 0.35, 99, 99, 99]
--- num:  29
list:  [0.56, 0.56, 1, 1, 0.98, 0.98, 0.16199999999999998, 0.16199999999999998, 0.51, 0.51, 0.39, 0.33, 0.36, 0.36, 0.75, 0.25, 0.94, 0.65, 0.34, 0.94, 0.94, 0.34, 0.34, 0.79, 0.34, 0.79, 0.34, 0.04, 0.36, 99, 99, 99]
--- num:  29
list:  [0.29, 0.29, 0.44, 0.44, 1, 1, 0.16199999999999998, 0.16199999999999998, 0.52, 0.52, 0.39, 0.33, 0.375, 0.36, 0.75, 0.25, 0.94, 0.65, 0.35, 0.94, 0.94, 0.35, 0.35, 0.8, 0.34, 0.79, 0.34, 0.04, 0.35, 99, 99, 99]
--- num:  29
list:  [0.35, 0.35, 0.58, 0.58, 1, 1, 0.16199999999999998, 0.16199999999999998, 0.52, 0.52, 0.38, 0.34, 0.375, 0.36, 0.75, 0.25, 0.94, 0.65, 0.35, 0.94, 0.94, 0.35, 0.35, 0.8, 0.34, 0.79, 0.34, 0.04, 0.35, 99, 99, 99]
--- num:  29
list:  [0.56, 0.56, 1, 1, 0.98, 0.98, 0.16199999999999998, 0.16199999999999998, 0.45, 0.45, 0.38, 0.34, 0.345, 0.36, 1, 0.25, 0.94, 0.65, 0.35, 0.94, 0.94, 0.35, 0.35, 0.78, 0.35, 0.79, 0.34, 0.04, 0.38, 99, 99, 99]
--- num:  29
list:  [0.57, 0.57, 1, 1, 0.97, 0.97, 0.16199999999999998, 0.16199999999999998, 0.51, 0.51, 0.38, 0.34, 0.31499999999999995, 0.31499999999999995, 1, 0.25, 0.95, 0.65, 0.34, 0.95, 0.95, 0.34, 0.34, 0.76, 0.36, 0.76, 0.36, 0.05, 0.39, 99, 99, 99]
--- num:  29
list:  [0.57, 0.57, 1, 1, 0.97, 0.97, 0.16199999999999998, 0.16199999999999998, 0.51, 0.51, 0.38, 0.34, 0.29999999999999993, 0.29999999999999993, 1, 0.24, 0.96, 0.65, 0.34, 0.96, 0.96, 0.34, 0.34, 0.75, 0.36, 0.75, 0.36, 0.05, 0.41, 99, 99, 99]
--- num:  29
list:  [0.58, 0.58, 1, 1, 0.96, 0.96, 0.16199999999999998, 0.16199999999999998, 0.51, 0.51, 0.38, 0.35, 0.29999999999999993, 0.29999999999999993, 1, 0.24, 0.96, 0.65, 0.34, 0.96, 0.96, 0.34, 0.34, 0.75, 0.36, 0.75, 0.36, 0.05, 0.41, 99, 99, 99]
--- num:  29
list:  [0.58, 0.58, 1, 1, 0.96, 0.96, 0.16199999999999998, 0.16199999999999998, 0.51, 0.51, 0.37, 0.35, 0.29999999999999993, 0.29999999999999993, 1, 0.24, 0.96, 0.65, 0.34, 0.96, 0.96, 0.34, 0.34, 0.75, 0.36, 0.75, 0.36, 0.05, 0.42, 99, 99, 99]
--- num:  29
list:  [0.58, 0.58, 1, 1, 0.96, 0.96, 0.16199999999999998, 0.16199999999999998, 0.5, 0.5, 0.38, 0.34, 0.29999999999999993, 0.29999999999999993, 1, 0.25, 0.96, 0.65, 0.35, 0.96, 0.96, 0.35, 0.35, 0.75, 0.36, 0.75, 0.36, 0.05, 0.42, 99, 99, 99]
--- num:  29
list:  [0.57, 0.57, 1, 1, 0.97, 0.97, 0.16199999999999998, 0.16199999999999998, 0.58, 0.58, 0.57, 0.16, 0.2849999999999999, 0.29999999999999993, 1, 0.25, 0.96, 0.65, 0.35, 0.96, 0.96, 0.35, 0.35, 0.74, 0.36, 0.75, 0.36, 0.05, 0.43, 99, 99, 99]
--- num:  29
list:  [0.56, 0.56, 1, 1, 0.98, 0.98, 0.16199999999999998, 0.16199999999999998, 0.58, 0.58, 0.59, 0.14, 0.29999999999999993, 0.31499999999999995, 1, 0.25, 0.96, 0.65, 0.35, 0.96, 0.96, 0.35, 0.35, 0.75, 0.36, 0.76, 0.36, 0.05, 0.43, 99, 99, 99]
--- num:  29
list:  [0.56, 0.56, 1, 1, 0.98, 0.98, 0.16199999999999998, 0.16199999999999998, 0.57, 0.57, 0.58, 0.15, 0.32999999999999996, 0.32999999999999996, 1, 0.26, 0.94, 0.66, 0.37, 0.94, 0.94, 0.37, 0.37, 0.77, 0.35, 0.77, 0.35, 0.05, 0.42, 99, 99, 99]
--- num:  29
list:  [0.6, 0.6, 1, 1, 0.94, 0.94, 0.16199999999999998, 0.16199999999999998, 0.54, 0.54, 0.53, 0.19, 0.39, 0.40499999999999986, 0.75, 0.35, 0.78, 0.72, 0.49, 0.78, 0.78, 0.49, 0.49, 0.81, 0.33, 0.82, 0.33, 0.05, 0.34, 99, 99, 99]
--- num:  29
list:  [0.69, 0.69, 1, 1, 0.87, 0.87, 0.16199999999999998, 0.16199999999999998, 0.53, 0.53, 0.49, 0.24, 0.51, 0.5249999999999999, 0.75, 0.42, 0.45999999999999996, 0.78, 0.56, 0.45999999999999996, 0.45999999999999996, 0.56, 0.56, 0.89, 0.3, 0.9, 0.29, 0.09, 0.29, 99, 99, 99]
--- num:  29
list:  [0.65, 0.65, 1, 1, 0.9, 0.9, 0.16199999999999998, 0.16199999999999998, 0.51, 0.51, 0.46, 0.26, 0.54, 0.5700000000000001, 0.5, 0.45, 0.33999999999999997, 0.8, 0.56, 0.33999999999999997, 0.33999999999999997, 0.56, 0.56, 0.91, 0.29, 0.93, 0.28, 0.12, 0.36, 99, 99, 99]
--- num:  29
list:  [0.57, 0.57, 1, 1, 0.96, 0.96, 0.16199999999999998, 0.16199999999999998, 0.47, 0.47, 0.46, 0.27, 0.5999999999999999, 0.6449999999999999, 0, 0.47, 0.25, 0.82, 0.56, 0.25, 0.25, 0.56, 0.56, 0.95, 0.27, 0.98, 0.26, 0.14, 0.52, 99, 99, 99]
--- num:  29
list:  [0, 0, 0, 0, 1, 1, 0.16199999999999998, 0.16199999999999998, 0.47, 0.47, 0.46, 0.26, 0.5999999999999999, 0.6449999999999999, 0, 0.47, 0.25, 0.81, 0.56, 0.25, 0.25, 0.56, 0.56, 0.95, 0.27, 0.98, 0.26, 0.16, 0.66, 99, 99, 99]
--- num:  29
list:  [0, 0, 0, 0, 1, 1, 0.16199999999999998, 0.16199999999999998, 0.47, 0.47, 0.47, 0.26, 0.5999999999999999, 0.6599999999999999, 0, 0.46, 0.25, 0.81, 0.56, 0.25, 0.25, 0.56, 0.56, 0.95, 0.27, 0.99, 0.26, 0.17, 0.71, 99, 99, 99]
--- num:  29
list:  [0, 0, 0, 0, 1, 1, 0.16199999999999998, 0.16199999999999998, 0.48, 0.48, 0.47, 0.25, 0.5999999999999999, 0.6599999999999999, 0, 0.46, 0.25, 0.81, 0.56, 0.25, 0.25, 0.56, 0.56, 0.95, 0.27, 0.99, 0.25, 0.17, 0.73, 99, 99, 99]
--- num:  29
list:  [0, 0, 0, 0, 1, 1, 0.16199999999999998, 0.16199999999999998, 0.48, 0.48, 0.48, 0.24, 0.6149999999999999, 0.6749999999999999, 0, 0.45, 0.25, 0.8, 0.56, 0.25, 0.25, 0.56, 0.56, 0.96, 0.27, 1.0, 0.25, 0.17, 0.73, 99, 99, 99]
--- num:  29
list:  [0, 0, 0, 0, 1, 1, 0.16199999999999998, 0.16199999999999998, 0.48, 0.48, 0.49, 0.23, 0.6299999999999999, 0.705, 0, 0.45, 0.25, 0.8, 0.56, 0.25, 0.25, 0.56, 0.56, 0.97, 0.26, 1.02, 0.24, 0.17, 0.72, 99, 99, 99]
--- num:  29
list:  [0, 0, 0, 0, 1, 1, 0.16199999999999998, 0.16199999999999998, 0.48, 0.47, 0.51, 0.22, 0.6599999999999999, 0.735, 0, 0.44, 0.25, 0.79, 0.56, 0.25, 0.25, 0.56, 0.56, 0.99, 0.25, 1.04, 0.23, 0.17, 0.63, 99, 99, 99]
--- num:  29
list:  [0, 0, 0, 0, 1, 1, 0.16199999999999998, 0.16199999999999998, 0.48, 0.48, 0.53, 0.2, 0.69, 0.75, 0, 0.44, 0.25, 0.79, 0.56, 0.25, 0.25, 0.56, 0.56, 1.01, 0.24, 1.05, 0.23, 0.16, 0.5, 99, 99, 99]
--- num:  29
list:  [0, 0, 0, 0, 1, 1, 0.16199999999999998, 0.16199999999999998, 0.47, 0.47, 0.51, 0.22, 0.69, 0.75, 0, 0.43, 0.25, 0.79, 0.56, 0.25, 0.25, 0.56, 0.56, 1.01, 0.24, 1.05, 0.23, 0.16, 0.42, 99, 99, 99]
--- num:  29
list:  [0, 0, 0, 0, 1, 1, 0.16199999999999998, 0.16199999999999998, 0.46, 0.46, 0.47, 0.25, 0.69, 0.735, 0, 0.43, 0.25, 0.78, 0.56, 0.25, 0.25, 0.56, 0.56, 1.01, 0.25, 1.04, 0.23, 0.16, 0.22, 99, 99, 99]
--- num:  29
list:  [0, 0, 0, 0, 1, 1, 0.16199999999999998, 0.16199999999999998, 0.45, 0.45, 0.48, 0.25, 0.6749999999999999, 0.72, 0, 0.43, 0.25, 0.78, 0.56, 0.25, 0.25, 0.56, 0.56, 1.0, 0.25, 1.03, 0.24, 0.16, 0.16, 99, 99, 99]
--- num:  29
list:  [0, 0, 0, 0, 1, 1, 0.16199999999999998, 0.16199999999999998, 0.44, 0.44, 0.47, 0.25, 0.705, 0.735, 0, 0.43, 0.25, 0.78, 0.56, 0.25, 0.25, 0.56, 0.56, 1.02, 0.24, 1.04, 0.23, 0.16, 0.12, 99, 99, 99]
--- num:  29
list:  [0, 0, 0, 0, 1, 1, 0.16199999999999998, 0.16199999999999998, 0.44, 0.44, 0.47, 0.25, 0.705, 0.75, 0, 0.43, 0.25, 0.79, 0.56, 0.25, 0.25, 0.56, 0.56, 1.02, 0.24, 1.05, 0.23, 0.16, 0.09, 99, 99, 99]
--- num:  29
list:  [0, 0, 0, 0, 1, 1, 0.16199999999999998, 0.16199999999999998, 0.46, 0.46, 0.46, 0.27, 0.735, 0.765, 0, 0.44, 0.25, 0.79, 0.56, 0.25, 0.25, 0.56, 0.56, 1.04, 0.23, 1.06, 0.22, 0.17, 0.07, 99, 99, 99]
--- num:  29
list:  [0, 0, 0, 0, 1, 1, 0.16199999999999998, 0.16199999999999998, 0.47, 0.47, 0.45, 0.27, 0.78, 0.81, 0, 0.44, 0.25, 0.8, 0.56, 0.25, 0.25, 0.56, 0.56, 1.07, 0.22, 1.09, 0.21, 0.19, 0.06, 99, 99, 99]
--- num:  29
list:  [0, 0, 0, 0, 1, 1, 0.16199999999999998, 0.16199999999999998, 0.48, 0.48, 0.44, 0.28, 0.81, 0.81, 0, 0.45, 0.25, 0.8, 0.56, 0.25, 0.25, 0.56, 0.56, 1.09, 0.21, 1.09, 0.21, 0.18, 0.05, 99, 99, 99]
--- num:  29
list:  [0, 0, 0, 0, 1, 1, 0.16199999999999998, 0.16199999999999998, 0.48, 0.48, 0.42, 0.31, 0.81, 0.81, 0, 0.44, 0.25, 0.79, 0.56, 0.25, 0.25, 0.56, 0.56, 1.09, 0.21, 1.09, 0.21, 0.18, 0.07, 99, 99, 99]
--- num:  29
list:  [0, 0, 0, 0, 1, 1, 0.16199999999999998, 0.16199999999999998, 0.48, 0.48, 0.4, 0.32, 0.81, 0.81, 0, 0.41, 0.25, 0.77, 0.56, 0.25, 0.25, 0.56, 0.56, 1.09, 0.21, 1.09, 0.21, 0.17, 0.11, 99, 99, 99]
--- num:  29
list:  [0, 0, 0, 0, 1, 1, 0.16199999999999998, 0.16199999999999998, 0.48, 0.48, 0.39, 0.33, 0.81, 0.81, 0, 0.41, 0.25, 0.77, 0.56, 0.25, 0.25, 0.56, 0.56, 1.09, 0.21, 1.09, 0.21, 0.17, 0.12, 99, 99, 99]
--- num:  29
list:  [0, 0, 0, 0, 1, 1, 0.16199999999999998, 0.16199999999999998, 0.5, 0.5, 0.37, 0.35, 0.81, 0.81, 0, 0.42, 0.25, 0.78, 0.56, 0.25, 0.25, 0.56, 0.56, 1.09, 0.21, 1.09, 0.21, 0.17, 0.13, 99, 99, 99]
--- num:  29
list:  [0, 0, 0, 0, 1, 1, 0.16199999999999998, 0.16199999999999998, 0.49, 0.49, 0.36, 0.37, 0.81, 0.81, 0, 0.42, 0.25, 0.78, 0.56, 0.25, 0.25, 0.56, 0.56, 1.09, 0.21, 1.09, 0.21, 0.18, 0.15, 99, 99, 99]
--- num:  29
list:  [0, 0, 0, 0, 1, 1, 0.16199999999999998, 0.16199999999999998, 0.48, 0.48, 0.33, 0.39, 0.81, 0.81, 0, 0.42, 0.25, 0.78, 0.56, 0.25, 0.25, 0.56, 0.56, 1.09, 0.21, 1.09, 0.21, 0.18, 0.16, 99, 99, 99]
--- num:  29
list:  [0, 0, 0, 0, 1, 1, 0.16199999999999998, 0.16199999999999998, 0.48, 0.48, 0.29, 0.43, 0.795, 0.795, 0, 0.43, 0.25, 0.79, 0.56, 0.25, 0.25, 0.56, 0.56, 1.08, 0.22, 1.08, 0.21, 0.19, 0.18, 99, 99, 99]
--- num:  29
list:  [0, 0, 0, 0, 1, 1, 0.16199999999999998, 0.16199999999999998, 0.48, 0.48, 0.26, 0.47, 0.75, 0.75, 0, 0.45, 0.25, 0.8, 0.56, 0.25, 0.25, 0.56, 0.56, 1.05, 0.23, 1.05, 0.23, 0.2, 0.19, 99, 99, 99]
--- num:  29
list:  [0, 0, 0, 0, 1, 1, 0.16199999999999998, 0.16199999999999998, 0.5, 0.5, 0.24, 0.49, 0.735, 0.72, 0, 0.45, 0.25, 0.8, 0.56, 0.25, 0.25, 0.56, 0.56, 1.04, 0.23, 1.03, 0.24, 0.22, 0.23, 99, 99, 99]
--- num:  29
list:  [0, 0, 0, 0, 1, 1, 0.16199999999999998, 0.16199999999999998, 0.49, 0.49, 0.24, 0.48, 0.72, 0.705, 0, 0.45, 0.25, 0.8, 0.56, 0.25, 0.25, 0.56, 0.56, 1.03, 0.24, 1.02, 0.24, 0.22, 0.3, 99, 99, 99]
--- num:  29
list:  [0, 0, 0, 0, 1, 1, 0.16199999999999998, 0.16199999999999998, 0.49, 0.49, 0.25, 0.47, 0.735, 0.735, 0, 0.45, 0.25, 0.8, 0.56, 0.25, 0.25, 0.56, 0.56, 1.04, 0.23, 1.04, 0.23, 0.23, 0.27, 99, 99, 99]
--- num:  29
list:  [0, 0, 0, 0, 1, 1, 0.16199999999999998, 0.16199999999999998, 0.48, 0.48, 0.29, 0.43, 0.75, 0.765, 0, 0.46, 0.25, 0.81, 0.56, 0.25, 0.25, 0.56, 0.56, 1.05, 0.23, 1.06, 0.22, 0.24, 0.25, 99, 99, 99]
--- num:  29
list:  [0, 0, 0, 0, 1, 1, 0.16199999999999998, 0.16199999999999998, 0.52, 0.52, 0.36, 0.36, 0.765, 0.795, 0, 0.46, 0.25, 0.81, 0.56, 0.25, 0.25, 0.56, 0.56, 1.06, 0.23, 1.08, 0.22, 0.23, 0.16, 99, 99, 99]
--- num:  29
list:  [0, 0, 0, 0, 1, 1, 0.16199999999999998, 0.16199999999999998, 0.5, 0.5, 0.43, 0.3, 0.81, 0.81, 0, 0.43, 0.25, 0.79, 0.56, 0.25, 0.25, 0.56, 0.56, 1.09, 0.21, 1.09, 0.21, 0.24, 0.13, 99, 99, 99]
--- num:  29
list:  [0.06, 0.06, 0, 0, 1, 1, 0.16199999999999998, 0.16199999999999998, 0.39, 0.39, 0.46, 0.26, 0.78, 0.81, 0, 0.43, 0.25, 0.78, 0.56, 0.25, 0.25, 0.56, 0.56, 1.07, 0.22, 1.09, 0.21, 0.26, 0.06, 99, 99, 99]
--- num:  29
list:  [0.07, 0.07, 0, 0, 1, 1, 0.16199999999999998, 0.16199999999999998, 0.5, 0.5, 0.5, 0.23, 0.78, 0.81, 0, 0.43, 0.25, 0.79, 0.56, 0.25, 0.25, 0.56, 0.56, 1.07, 0.22, 1.09, 0.21, 0.25, 0.02, 99, 99, 99]
--- num:  29
list:  [0.14, 0.14, 0.1, 0.1, 1, 1, 0.16199999999999998, 0.16199999999999998, 0.51, 0.51, 0.5, 0.22, 0.78, 0.81, 0, 0.43, 0.25, 0.79, 0.56, 0.25, 0.25, 0.56, 0.56, 1.07, 0.22, 1.09, 0.21, 0.25, 0.01, 99, 99, 99]
--- num:  29
list:  [0.18, 0.18, 0.19, 0.19, 1, 1, 0.16199999999999998, 0.16199999999999998, 0.5, 0.5, 0.5, 0.23, 0.75, 0.81, 0, 0.44, 0.25, 0.8, 0.56, 0.25, 0.25, 0.56, 0.56, 1.05, 0.23, 1.09, 0.21, 0.25, 0, 99, 99, 99]
--- num:  29
list:  [0.58, 0.58, 1, 1, 0.96, 0.96, 0.9459717082977295, 0.9459385681152344, 0.48, 0.48, 0.48, 0.25, 0.75, 0.81, 0, 0.42, 0.25, 0.78, 0.56, 0.25, 0.25, 0.56, 0.56, 1.05, 0.23, 1.09, 0.21, 0.27, 0.01, 99, 99, 99]
--- num:  29
list:  [0.56, 0.56, 1, 1, 0.97, 0.97, 0.16199999999999998, 0.16199999999999998, 0.43, 0.43, 0.46, 0.26, 0.735, 0.795, 0, 0.42, 0.25, 0.78, 0.56, 0.25, 0.25, 0.56, 0.56, 1.04, 0.23, 1.08, 0.21, 0.24, 0.04, 99, 99, 99]
--- num:  29
list:  [0.1, 0.1, 0, 0, 1, 1, 0.16199999999999998, 0.16199999999999998, 0.47, 0.47, 0.43, 0.29, 0.6149999999999999, 0.6599999999999999, 0, 0.48, 0.25, 0.82, 0.56, 0.25, 0.25, 0.56, 0.56, 0.96, 0.27, 0.99, 0.26, 0.21, 0.05, 99, 99, 99]
--- num:  29
list:  [0.11, 0.11, 0.02, 0.02, 1, 1, 0.16199999999999998, 0.16199999999999998, 0.46, 0.46, 0.41, 0.31, 0.5849999999999999, 0.6299999999999999, 0, 0.49, 0.25, 0.83, 0.56, 0.25, 0.25, 0.56, 0.56, 0.94, 0.28, 0.97, 0.26, 0.22, 0.08, 99, 99, 99]
--- num:  29
list:  [0.56, 0.56, 1, 1, 0.98, 0.98, 0.38018528699874876, 0.3787321853637695, 0.3, 0.3, 0.39, 0.34, 0.5999999999999999, 0.6599999999999999, 0, 0.46, 0.25, 0.81, 0.56, 0.25, 0.25, 0.56, 0.56, 0.95, 0.27, 0.99, 0.26, 0.23, 0.45, 99, 99, 99]
--- num:  29
list:  [0.05, 0.05, 0, 0, 1, 1, 0.16199999999999998, 0.16199999999999998, 0.45, 0.45, 0.34, 0.38, 0.5999999999999999, 0.6299999999999999, 0, 0.48, 0.25, 0.82, 0.56, 0.25, 0.25, 0.56, 0.56, 0.95, 0.27, 0.97, 0.26, 0.21, 0.43, 99, 99, 99]
--- num:  29
list:  [0.05, 0.05, 0, 0, 1, 1, 0.16199999999999998, 0.16199999999999998, 0.46, 0.46, 0.32, 0.4, 0.5849999999999999, 0.6149999999999999, 0, 0.47, 0.25, 0.82, 0.56, 0.25, 0.25, 0.56, 0.56, 0.94, 0.28, 0.96, 0.27, 0.19, 0.46, 99, 99, 99]
--- num:  29
list:  [0.03, 0.03, 0, 0, 1, 1, 0.16199999999999998, 0.16199999999999998, 0.47, 0.47, 0.31, 0.42, 0.5849999999999999, 0.5999999999999999, 0, 0.47, 0.25, 0.82, 0.56, 0.25, 0.25, 0.56, 0.56, 0.94, 0.28, 0.95, 0.27, 0.19, 0.51, 99, 99, 99]
--- num:  29
list:  [0.01, 0.01, 0, 0, 1, 1, 0.16199999999999998, 0.16199999999999998, 0.48, 0.48, 0.27, 0.45, 0.6299999999999999, 0.6299999999999999, 0, 0.47, 0.25, 0.81, 0.56, 0.25, 0.25, 0.56, 0.56, 0.97, 0.26, 0.97, 0.27, 0.19, 0.6, 99, 99, 99]
--- num:  29
list:  [0.04, 0.04, 0, 0, 1, 1, 0.3650729465484619, 0.35368345260620115, 0.33, 0.33, 0.27, 0.46, 0.69, 0.72, 0, 0.47, 0.25, 0.81, 0.56, 0.25, 0.25, 0.56, 0.56, 1.01, 0.25, 1.03, 0.24, 0.22, 0.94, 99, 99, 99]
--- num:  29
list:  [0.03, 0.03, 0, 0, 1, 1, 0.16199999999999998, 0.16199999999999998, 0.5, 0.5, 0.3, 0.42, 0.6749999999999999, 0.6749999999999999, 0, 0.46, 0.25, 0.81, 0.56, 0.25, 0.25, 0.56, 0.56, 1.0, 0.25, 1.0, 0.25, 0.24, 1, 99, 99, 99]
--- num:  29
list:  [0.01, 0.01, 0, 0, 1, 1, 0.16199999999999998, 0.16199999999999998, 0.5, 0.5, 0.3, 0.43, 0.6449999999999999, 0.6299999999999999, 0, 0.45, 0.25, 0.8, 0.56, 0.25, 0.25, 0.56, 0.56, 0.98, 0.26, 0.97, 0.26, 0.24, 1, 99, 99, 99]
--- num:  29
list:  [0.02, 0.02, 0, 0, 1, 1, 0.16199999999999998, 0.16199999999999998, 0.51, 0.51, 0.25, 0.47, 0.5999999999999999, 0.5549999999999999, 0, 0.45, 0.25, 0.8, 0.56, 0.25, 0.25, 0.56, 0.56, 0.95, 0.27, 0.92, 0.28, 0.23, 1, 99, 99, 99]
--- num:  29
list:  [0.02, 0.02, 0, 0, 1, 1, 0.16199999999999998, 0.16199999999999998, 0.52, 0.52, 0.23, 0.49, 0.5849999999999999, 0.54, 0, 0.46, 0.25, 0.81, 0.56, 0.25, 0.25, 0.56, 0.56, 0.94, 0.28, 0.91, 0.29, 0.23, 1, 99, 99, 99]
--- num:  29
list:  [0.04, 0.04, 0, 0, 1, 1, 0.16199999999999998, 0.16199999999999998, 0.52, 0.52, 0.24, 0.49, 0.5849999999999999, 0.5249999999999999, 0, 0.47, 0.25, 0.81, 0.56, 0.25, 0.25, 0.56, 0.56, 0.94, 0.28, 0.9, 0.3, 0.23, 1, 99, 99, 99]
--- num:  29
list:  [0.03, 0.03, 0, 0, 1, 1, 0.16199999999999998, 0.16199999999999998, 0.53, 0.53, 0.26, 0.47, 0.5849999999999999, 0.5249999999999999, 0, 0.47, 0.25, 0.82, 0.56, 0.25, 0.25, 0.56, 0.56, 0.94, 0.28, 0.9, 0.3, 0.23, 1, 99, 99, 99]
--- num:  29
list:  [0.02, 0.02, 0, 0, 1, 1, 0.16199999999999998, 0.16199999999999998, 0.53, 0.53, 0.25, 0.47, 0.5849999999999999, 0.5549999999999999, 0, 0.48, 0.25, 0.82, 0.56, 0.25, 0.25, 0.56, 0.56, 0.94, 0.28, 0.92, 0.28, 0.23, 1, 99, 99, 99]
--- num:  29
list:  [0.56, 0.56, 1, 1, 0.98, 0.98, 0.3162627625465393, 0.25367782592773436, 0.36, 0.36, 0.23, 0.5, 0.5999999999999999, 0.5999999999999999, 0, 0.46, 0.25, 0.81, 0.56, 0.25, 0.25, 0.56, 0.56, 0.95, 0.27, 0.95, 0.27, 0.24, 1, 99, 99, 99]
--- num:  29
list:  [0.06, 0.06, 0, 0, 1, 1, 0.16199999999999998, 0.16199999999999998, 0.49, 0.49, 0.24, 0.48, 0.5849999999999999, 0.5700000000000001, 0, 0.48, 0.25, 0.82, 0.56, 0.25, 0.25, 0.56, 0.56, 0.94, 0.28, 0.93, 0.28, 0.24, 1, 99, 99, 99]
--- num:  29
list:  [0.06, 0.06, 0, 0, 1, 1, 0.16199999999999998, 0.16199999999999998, 0.5, 0.5, 0.24, 0.49, 0.5849999999999999, 0.5549999999999999, 0, 0.48, 0.25, 0.82, 0.56, 0.25, 0.25, 0.56, 0.56, 0.94, 0.28, 0.92, 0.28, 0.23, 1, 99, 99, 99]
--- num:  29
list:  [0.08, 0.08, 0, 0, 1, 1, 0.16199999999999998, 0.16199999999999998, 0.51, 0.51, 0.23, 0.49, 0.5700000000000001, 0.54, 0, 0.48, 0.25, 0.82, 0.56, 0.25, 0.25, 0.56, 0.56, 0.93, 0.28, 0.91, 0.29, 0.23, 1, 99, 99, 99]
--- num:  29
list:  [0.07, 0.07, 0, 0, 1, 1, 0.16199999999999998, 0.16199999999999998, 0.51, 0.51, 0.23, 0.49, 0.5700000000000001, 0.5249999999999999, 0, 0.48, 0.25, 0.82, 0.56, 0.25, 0.25, 0.56, 0.56, 0.93, 0.28, 0.9, 0.29, 0.23, 1, 99, 99, 99]
--- num:  29
list:  [0.07, 0.07, 0, 0, 1, 1, 0.16199999999999998, 0.16199999999999998, 0.51, 0.51, 0.26, 0.46, 0.5849999999999999, 0.5549999999999999, 0, 0.48, 0.25, 0.82, 0.56, 0.25, 0.25, 0.56, 0.56, 0.94, 0.28, 0.92, 0.28, 0.22, 0.95, 99, 99, 99]
--- num:  29
list:  [0.06, 0.06, 0, 0, 1, 1, 0.7265129494667053, 0.7259118962287903, 0.34, 0.34, 0.32, 0.4, 0.6149999999999999, 0.6449999999999999, 0, 0.45, 0.25, 0.8, 0.56, 0.25, 0.25, 0.56, 0.56, 0.96, 0.27, 0.98, 0.26, 0.2, 0.73, 99, 99, 99]
--- num:  29
list:  [0.04, 0.04, 0, 0, 1, 1, 0.16199999999999998, 0.16199999999999998, 0.45, 0.45, 0.35, 0.37, 0.5999999999999999, 0.6299999999999999, 0, 0.45, 0.25, 0.8, 0.56, 0.25, 0.25, 0.56, 0.56, 0.95, 0.27, 0.97, 0.26, 0.21, 0.66, 99, 99, 99]
--- num:  29
list:  [0.05, 0.05, 0, 0, 1, 1, 0.16199999999999998, 0.16199999999999998, 0.51, 0.51, 0.36, 0.36, 0.5999999999999999, 0.6149999999999999, 0, 0.46, 0.25, 0.81, 0.56, 0.25, 0.25, 0.56, 0.56, 0.95, 0.27, 0.96, 0.27, 0.18, 0.53, 99, 99, 99]
--- num:  29
list:  [0.06, 0.06, 0, 0, 1, 1, 0.16199999999999998, 0.16199999999999998, 0.51, 0.51, 0.38, 0.34, 0.5849999999999999, 0.5999999999999999, 0, 0.46, 0.25, 0.8, 0.56, 0.25, 0.25, 0.56, 0.56, 0.94, 0.28, 0.95, 0.27, 0.17, 0.39, 99, 99, 99]
--- num:  29
list:  [0.08, 0.08, 0, 0, 1, 1, 0.16199999999999998, 0.16199999999999998, 0.51, 0.51, 0.4, 0.33, 0.5849999999999999, 0.5999999999999999, 0, 0.45, 0.25, 0.8, 0.56, 0.25, 0.25, 0.56, 0.56, 0.94, 0.28, 0.95, 0.27, 0.16, 0.33, 99, 99, 99]
--- num:  29
list:  [0.07, 0.07, 0, 0, 1, 1, 0.16199999999999998, 0.16199999999999998, 0.5, 0.5, 0.42, 0.31, 0.5700000000000001, 0.5700000000000001, 0, 0.45, 0.25, 0.8, 0.56, 0.25, 0.25, 0.56, 0.56, 0.93, 0.28, 0.93, 0.28, 0.15, 0.21, 99, 99, 99]
--- num:  29
list:  [0.09, 0.09, 0, 0, 1, 1, 0.16199999999999998, 0.16199999999999998, 0.5, 0.5, 0.44, 0.28, 0.5249999999999999, 0.54, 0, 0.46, 0.25, 0.8, 0.56, 0.25, 0.25, 0.56, 0.56, 0.9, 0.3, 0.91, 0.29, 0.15, 0.16, 99, 99, 99]
--- num:  29
list:  [0.09, 0.09, 0, 0, 1, 1, 0.16199999999999998, 0.16199999999999998, 0.51, 0.51, 0.46, 0.26, 0.5849999999999999, 0.6149999999999999, 0, 0.45, 0.25, 0.8, 0.56, 0.25, 0.25, 0.56, 0.56, 0.94, 0.28, 0.96, 0.27, 0.17, 0.13, 99, 99, 99]
--- num:  29
list:  [0.08, 0.08, 0, 0, 1, 1, 0.16199999999999998, 0.16199999999999998, 0.53, 0.53, 0.46, 0.26, 0.5849999999999999, 0.6149999999999999, 0, 0.45, 0.25, 0.8, 0.56, 0.25, 0.25, 0.56, 0.56, 0.94, 0.28, 0.96, 0.27, 0.18, 0.11, 99, 99, 99]
--- num:  29
list:  [0.12, 0.12, 0.04, 0.04, 1, 1, 0.16199999999999998, 0.16199999999999998, 0.53, 0.53, 0.44, 0.28, 0.54, 0.5700000000000001, 0, 0.46, 0.25, 0.81, 0.56, 0.25, 0.25, 0.56, 0.56, 0.91, 0.29, 0.93, 0.28, 0.19, 0.27, 99, 99, 99]
--- num:  29
list:  [0.11, 0.11, 0.02, 0.02, 1, 1, 0.16199999999999998, 0.16199999999999998, 0.53, 0.53, 0.44, 0.29, 0.54, 0.5700000000000001, 0, 0.47, 0.25, 0.81, 0.56, 0.25, 0.25, 0.56, 0.56, 0.91, 0.29, 0.93, 0.28, 0.2, 0.29, 99, 99, 99]
--- num:  29
list:  [0.11, 0.11, 0.03, 0.03, 1, 1, 0.16199999999999998, 0.16199999999999998, 0.53, 0.53, 0.43, 0.29, 0.54, 0.5700000000000001, 0, 0.47, 0.25, 0.82, 0.56, 0.25, 0.25, 0.56, 0.56, 0.91, 0.29, 0.93, 0.28, 0.2, 0.29, 99, 99, 99]
--- num:  29
list:  [0.12, 0.12, 0.04, 0.04, 1, 1, 0.16199999999999998, 0.16199999999999998, 0.52, 0.52, 0.44, 0.28, 0.5549999999999999, 0.5849999999999999, 0, 0.47, 0.25, 0.82, 0.56, 0.25, 0.25, 0.56, 0.56, 0.92, 0.29, 0.94, 0.28, 0.2, 0.21, 99, 99, 99]
--- num:  29
list:  [0.56, 0.56, 1, 1, 0.98, 0.98, 0.18941853523254393, 0.18936855673789976, 0.41, 0.41, 0.44, 0.29, 0.5999999999999999, 0.6299999999999999, 0, 0.48, 0.25, 0.82, 0.56, 0.25, 0.25, 0.56, 0.56, 0.95, 0.27, 0.97, 0.26, 0.19, 0.09, 99, 99, 99]
--- num:  29
list:  [0.1, 0.1, 0.01, 0.01, 1, 1, 0.16199999999999998, 0.16199999999999998, 0.48, 0.48, 0.44, 0.28, 0.5849999999999999, 0.6149999999999999, 0, 0.48, 0.25, 0.83, 0.56, 0.25, 0.25, 0.56, 0.56, 0.94, 0.28, 0.96, 0.27, 0.18, 0.09, 99, 99, 99]
--- num:  29
list:  [0.12, 0.12, 0.04, 0.04, 1, 1, 0.16199999999999998, 0.16199999999999998, 0.49, 0.49, 0.42, 0.3, 0.5700000000000001, 0.5999999999999999, 0, 0.48, 0.25, 0.82, 0.56, 0.25, 0.25, 0.56, 0.56, 0.93, 0.28, 0.95, 0.27, 0.18, 0.14, 99, 99, 99]
--- num:  29
list:  [0.11, 0.11, 0.02, 0.02, 1, 1, 0.16199999999999998, 0.16199999999999998, 0.51, 0.51, 0.39, 0.33, 0.5999999999999999, 0.6149999999999999, 0, 0.47, 0.28, 0.81, 0.56, 0.29, 0.27, 0.56, 0.56, 0.95, 0.27, 0.96, 0.27, 0.18, 0.19, 99, 99, 99]
--- num:  29
list:  [0.08, 0.08, 0, 0, 1, 1, 0.16199999999999998, 0.16199999999999998, 0.51, 0.51, 0.37, 0.35, 0.5999999999999999, 0.6149999999999999, 0, 0.45, 0.28, 0.8, 0.56, 0.29, 0.27, 0.56, 0.56, 0.95, 0.27, 0.96, 0.27, 0.18, 0.27, 99, 99, 99]
--- num:  29
list:  [0.06, 0.06, 0, 0, 1, 1, 0.16199999999999998, 0.16199999999999998, 0.51, 0.51, 0.34, 0.38, 0.5999999999999999, 0.6149999999999999, 0, 0.45, 0.26, 0.8, 0.56, 0.27, 0.25, 0.56, 0.56, 0.95, 0.27, 0.96, 0.27, 0.18, 0.33, 99, 99, 99]
--- num:  29
list:  [0.04, 0.04, 0, 0, 1, 1, 0.16199999999999998, 0.16199999999999998, 0.51, 0.51, 0.33, 0.4, 0.6299999999999999, 0.6149999999999999, 0, 0.45, 0.25, 0.8, 0.56, 0.25, 0.25, 0.56, 0.56, 0.97, 0.27, 0.96, 0.27, 0.18, 0.43, 99, 99, 99]
--- num:  29
list:  [0.02, 0.02, 0, 0, 1, 1, 0.16199999999999998, 0.16199999999999998, 0.51, 0.51, 0.3, 0.43, 0.6149999999999999, 0.6149999999999999, 0, 0.45, 0.25, 0.8, 0.56, 0.25, 0.25, 0.56, 0.56, 0.96, 0.27, 0.96, 0.27, 0.18, 0.48, 99, 99, 99]
--- num:  29
list:  [0.02, 0.02, 0, 0, 1, 1, 0.16199999999999998, 0.16199999999999998, 0.51, 0.51, 0.27, 0.45, 0.6149999999999999, 0.5999999999999999, 0, 0.45, 0.25, 0.8, 0.56, 0.25, 0.25, 0.56, 0.56, 0.96, 0.27, 0.95, 0.27, 0.18, 0.65, 99, 99, 99]
--- num:  29
list:  [0.02, 0.02, 0, 0, 1, 1, 0.16199999999999998, 0.16199999999999998, 0.5, 0.5, 0.26, 0.46, 0.6299999999999999, 0.6149999999999999, 0, 0.45, 0.25, 0.8, 0.56, 0.25, 0.25, 0.56, 0.56, 0.97, 0.26, 0.96, 0.27, 0.18, 0.75, 99, 99, 99]
--- num:  29
list:  [0.01, 0.01, 0, 0, 1, 1, 0.16199999999999998, 0.16199999999999998, 0.51, 0.51, 0.26, 0.47, 0.6299999999999999, 0.5999999999999999, 0, 0.45, 0.25, 0.8, 0.56, 0.25, 0.25, 0.56, 0.56, 0.97, 0.26, 0.95, 0.27, 0.18, 0.81, 99, 99, 99]
--- num:  29
list:  [0.03, 0.03, 0, 0, 1, 1, 0.16199999999999998, 0.16199999999999998, 0.51, 0.51, 0.26, 0.47, 0.6299999999999999, 0.5849999999999999, 0, 0.45, 0.25, 0.8, 0.56, 0.25, 0.25, 0.56, 0.56, 0.97, 0.26, 0.94, 0.28, 0.18, 0.81, 99, 99, 99]
--- num:  29
list:  [0.04, 0.04, 0, 0, 1, 1, 0.16199999999999998, 0.16199999999999998, 0.51, 0.51, 0.26, 0.46, 0.5999999999999999, 0.5549999999999999, 0, 0.45, 0.25, 0.8, 0.56, 0.25, 0.25, 0.56, 0.56, 0.95, 0.27, 0.92, 0.29, 0.18, 0.78, 99, 99, 99]
--- num:  29
list:  [0.04, 0.04, 0, 0, 1, 1, 0.16199999999999998, 0.16199999999999998, 0.51, 0.51, 0.3, 0.42, 0.5999999999999999, 0.5700000000000001, 0, 0.45, 0.25, 0.8, 0.56, 0.25, 0.25, 0.56, 0.56, 0.95, 0.27, 0.93, 0.28, 0.18, 0.61, 99, 99, 99]
--- num:  29
list:  [0.07, 0.07, 0, 0, 1, 1, 0.16199999999999998, 0.16199999999999998, 0.45, 0.45, 0.35, 0.38, 0.5999999999999999, 0.5849999999999999, 0, 0.44, 0.25, 0.79, 0.56, 0.25, 0.25, 0.56, 0.56, 0.95, 0.27, 0.94, 0.28, 0.15, 0.32, 99, 99, 99]
--- num:  29
list:  [0.11, 0.11, 0.03, 0.03, 1, 1, 0.16199999999999998, 0.16199999999999998, 0.45, 0.45, 0.37, 0.35, 0.5999999999999999, 0.5999999999999999, 0, 0.44, 0.25, 0.79, 0.56, 0.25, 0.25, 0.56, 0.56, 0.95, 0.27, 0.95, 0.27, 0.15, 0.27, 99, 99, 99]
--- num:  29
list:  [0.12, 0.12, 0.04, 0.04, 1, 1, 0.16199999999999998, 0.16199999999999998, 0.45, 0.45, 0.39, 0.33, 0.6149999999999999, 0.6299999999999999, 0, 0.44, 0.25, 0.79, 0.56, 0.25, 0.25, 0.56, 0.56, 0.96, 0.27, 0.97, 0.26, 0.16, 0.24, 99, 99, 99]
--- num:  29
list:  [0.09, 0.09, 0, 0, 1, 1, 0.16199999999999998, 0.16199999999999998, 0.45, 0.45, 0.41, 0.31, 0.5700000000000001, 0.5849999999999999, 0, 0.44, 0.25, 0.79, 0.56, 0.25, 0.25, 0.56, 0.56, 0.93, 0.28, 0.94, 0.28, 0.16, 0.2, 99, 99, 99]
--- num:  29
list:  [0.12, 0.12, 0.05, 0.05, 1, 1, 0.16199999999999998, 0.16199999999999998, 0.44, 0.44, 0.42, 0.3, 0.5700000000000001, 0.5849999999999999, 0, 0.44, 0.25, 0.79, 0.56, 0.25, 0.25, 0.56, 0.56, 0.93, 0.28, 0.94, 0.28, 0.15, 0.17, 99, 99, 99]
--- num:  29
list:  [0.11, 0.11, 0.03, 0.03, 1, 1, 0.16199999999999998, 0.16199999999999998, 0.44, 0.44, 0.42, 0.3, 0.5700000000000001, 0.5999999999999999, 0, 0.46, 0.25, 0.81, 0.56, 0.25, 0.25, 0.56, 0.56, 0.93, 0.28, 0.95, 0.27, 0.16, 0.18, 99, 99, 99]
--- num:  29
list:  [0.08, 0.08, 0, 0, 1, 1, 0.16199999999999998, 0.16199999999999998, 0.47, 0.47, 0.42, 0.3, 0.5700000000000001, 0.5849999999999999, 0, 0.47, 0.25, 0.82, 0.56, 0.25, 0.25, 0.56, 0.56, 0.93, 0.28, 0.94, 0.28, 0.17, 0.17, 99, 99, 99]
--- num:  29
list:  [0.09, 0.09, 0, 0, 1, 1, 0.16199999999999998, 0.16199999999999998, 0.48, 0.48, 0.43, 0.29, 0.5700000000000001, 0.5849999999999999, 0, 0.47, 0.25, 0.82, 0.56, 0.25, 0.25, 0.56, 0.56, 0.93, 0.28, 0.94, 0.28, 0.17, 0.18, 99, 99, 99]
--- num:  29
list:  [0.08, 0.08, 0, 0, 1, 1, 0.16199999999999998, 0.16199999999999998, 0.47, 0.47, 0.42, 0.3, 0.5700000000000001, 0.5849999999999999, 0, 0.47, 0.25, 0.82, 0.56, 0.25, 0.25, 0.56, 0.56, 0.93, 0.28, 0.94, 0.28, 0.16, 0.18, 99, 99, 99]
--- num:  29
list:  [0.07, 0.07, 0, 0, 1, 1, 0.16199999999999998, 0.16199999999999998, 0.46, 0.46, 0.4, 0.33, 0.5249999999999999, 0.54, 0, 0.47, 0.25, 0.81, 0.56, 0.25, 0.25, 0.56, 0.56, 0.9, 0.29, 0.91, 0.29, 0.14, 0.21, 99, 99, 99]
--- num:  29
list:  [0.06, 0.06, 0, 0, 1, 1, 0.16199999999999998, 0.16199999999999998, 0.46, 0.46, 0.38, 0.34, 0.5549999999999999, 0.5700000000000001, 0, 0.45, 0.25, 0.8, 0.56, 0.25, 0.25, 0.56, 0.56, 0.92, 0.29, 0.93, 0.28, 0.14, 0.27, 99, 99, 99]
--- num:  29
list:  [0.05, 0.05, 0, 0, 1, 1, 0.16199999999999998, 0.16199999999999998, 0.47, 0.47, 0.36, 0.36, 0.5549999999999999, 0.5700000000000001, 0, 0.44, 0.25, 0.79, 0.56, 0.25, 0.25, 0.56, 0.56, 0.92, 0.29, 0.93, 0.28, 0.14, 0.32, 99, 99, 99]
--- num:  29
list:  [0.01, 0.01, 0, 0, 1, 1, 0.16199999999999998, 0.16199999999999998, 0.48, 0.48, 0.31, 0.42, 0.5549999999999999, 0.5549999999999999, 0, 0.42, 0.265, 0.78, 0.56, 0.27, 0.26, 0.56, 0.56, 0.92, 0.28, 0.92, 0.28, 0.14, 0.38, 99, 99, 99]
--- num:  29
list:  [0.07, 0.07, 0, 0, 1, 1, 0.16199999999999998, 0.16199999999999998, 0.48, 0.48, 0.23, 0.49, 0.54, 0.5249999999999999, 0, 0.41, 0.315, 0.77, 0.56, 0.32, 0.31, 0.56, 0.56, 0.91, 0.29, 0.9, 0.29, 0.15, 0.46, 99, 99, 99]
--- num:  29
list:  [0.02, 0.02, 0, 0, 1, 1, 0.16199999999999998, 0.16199999999999998, 0.49, 0.49, 0.2, 0.52, 0.54, 0.51, 0, 0.4, 0.27, 0.76, 0.56, 0.27, 0.27, 0.56, 0.56, 0.91, 0.29, 0.89, 0.3, 0.15, 0.59, 99, 99, 99]
--- num:  29
list:  [0.01, 0.01, 0, 0, 1, 1, 0.16199999999999998, 0.16199999999999998, 0.49, 0.49, 0.19, 0.54, 0.5549999999999999, 0.51, 0, 0.38, 0.27, 0.75, 0.56, 0.27, 0.27, 0.56, 0.56, 0.92, 0.29, 0.89, 0.3, 0.15, 0.64, 99, 99, 99]
--- num:  29
list:  [0, 0, 0, 0, 1, 1, 0.16199999999999998, 0.16199999999999998, 0.49, 0.49, 0.18, 0.54, 0.54, 0.4799999999999999, 0, 0.38, 0.28, 0.75, 0.56, 0.28, 0.28, 0.56, 0.56, 0.91, 0.29, 0.87, 0.31, 0.13, 0.62, 99, 99, 99]
--- num:  29
list:  [0, 0, 0, 0, 1, 1, 0.28866530537605284, 0.275983225107193, 0.36, 0.36, 0.2, 0.53, 0.54, 0.51, 0.25, 0.36, 0.445, 0.73, 0.56, 0.45, 0.44, 0.56, 0.56, 0.91, 0.29, 0.89, 0.3, 0.11, 0.56, 99, 99, 99]
--- num:  29
list:  [0, 0, 0, 0, 1, 1, 0.16199999999999998, 0.16199999999999998, 0.49, 0.49, 0.21, 0.51, 0.51, 0.49499999999999994, 0.25, 0.33, 0.6599999999999999, 0.71, 0.46, 0.6699999999999999, 0.65, 0.46, 0.46, 0.89, 0.3, 0.88, 0.3, 0.07, 0.52, 99, 99, 99]
--- num:  29
list:  [0.05, 0.05, 0, 0, 1, 1, 0.16199999999999998, 0.16199999999999998, 0.51, 0.51, 0.26, 0.47, 0.49499999999999994, 0.4799999999999999, 0.25, 0.32, 0.81, 0.7, 0.37, 0.81, 0.81, 0.37, 0.37, 0.88, 0.3, 0.87, 0.31, 0.06, 0.49, 99, 99, 99]
--- num:  29
list:  [0.02, 0.02, 0, 0, 1, 1, 0.16199999999999998, 0.16199999999999998, 0.51, 0.51, 0.3, 0.42, 0.4649999999999999, 0.4349999999999999, 0.25, 0.28, 0.865, 0.67, 0.35, 0.87, 0.86, 0.35, 0.35, 0.86, 0.31, 0.84, 0.32, 0.05, 0.46, 99, 99, 99]
--- num:  29
list:  [0.05, 0.05, 0, 0, 1, 1, 0.16199999999999998, 0.16199999999999998, 0.51, 0.51, 0.33, 0.39, 0.4349999999999999, 0.39, 0.5, 0.28, 0.88, 0.67, 0.34, 0.88, 0.88, 0.34, 0.34, 0.84, 0.32, 0.81, 0.34, 0.05, 0.43, 99, 99, 99]
--- num:  29
list:  [0.09, 0.09, 0, 0, 1, 1, 0.16199999999999998, 0.16199999999999998, 0.52, 0.52, 0.36, 0.36, 0.4199999999999999, 0.375, 0.5, 0.27, 0.885, 0.66, 0.34, 0.88, 0.89, 0.34, 0.34, 0.83, 0.33, 0.8, 0.34, 0.04, 0.41, 99, 99, 99]
--- num:  29
list:  [0.56, 0.56, 1, 1, 0.97, 0.97, 0.36380774855613707, 0.36268786668777464, 0.34, 0.34, 0.38, 0.34, 0.4199999999999999, 0.375, 0.75, 0.27, 0.885, 0.66, 0.35, 0.88, 0.89, 0.35, 0.35, 0.83, 0.33, 0.8, 0.34, 0.04, 0.39, 99, 99, 99]
--- num:  29
list:  [0.56, 0.56, 1, 1, 0.97, 0.97, 0.16199999999999998, 0.16199999999999998, 0.48, 0.48, 0.39, 0.33, 0.345, 0.345, 0.75, 0.27, 0.92, 0.66, 0.35, 0.92, 0.92, 0.35, 0.35, 0.78, 0.35, 0.78, 0.35, 0.04, 0.37, 99, 99, 99]
--- num:  29
list:  [0.56, 0.56, 1, 1, 0.97, 0.97, 0.16199999999999998, 0.16199999999999998, 0.48, 0.48, 0.37, 0.35, 0.2699999999999999, 0.2549999999999999, 1, 0.26, 0.95, 0.66, 0.34, 0.95, 0.95, 0.34, 0.34, 0.73, 0.37, 0.72, 0.37, 0.04, 0.38, 99, 99, 99]
--- num:  29
list:  [0.58, 0.58, 1, 1, 0.96, 0.96, 0.16199999999999998, 0.16199999999999998, 0.39, 0.39, 0.37, 0.35, 0.2549999999999999, 0.2549999999999999, 1, 0.26, 0.95, 0.66, 0.34, 0.95, 0.95, 0.34, 0.34, 0.72, 0.38, 0.72, 0.38, 0.04, 0.42, 99, 99, 99]
--- num:  29
list:  [0.58, 0.58, 1, 1, 0.96, 0.96, 0.16199999999999998, 0.16199999999999998, 0.48, 0.48, 0.36, 0.36, 0.23999999999999988, 0.22499999999999987, 1, 0.25, 0.96, 0.65, 0.33, 0.96, 0.96, 0.33, 0.33, 0.71, 0.38, 0.7, 0.38, 0.04, 0.44, 99, 99, 99]
--- num:  29
list:  [0.58, 0.58, 1, 1, 0.96, 0.96, 0.16199999999999998, 0.16199999999999998, 0.48, 0.48, 0.37, 0.35, 0.29999999999999993, 0.2849999999999999, 1, 0.25, 0.96, 0.65, 0.33, 0.96, 0.96, 0.33, 0.33, 0.75, 0.36, 0.74, 0.36, 0.04, 0.44, 99, 99, 99]
--- num:  29
list:  [0.57, 0.57, 1, 1, 0.97, 0.97, 0.19948517858982084, 0.198080535531044, 0.37, 0.37, 0.38, 0.34, 0.36, 0.375, 0.75, 0.26, 0.89, 0.65, 0.36, 0.89, 0.89, 0.36, 0.36, 0.79, 0.34, 0.8, 0.34, 0.04, 0.43, 99, 99, 99]
--- num:  29
list:  [0.09, 0.09, 0, 0, 1, 1, 0.16199999999999998, 0.16199999999999998, 0.46, 0.46, 0.37, 0.36, 0.4499999999999999, 0.4649999999999999, 0.25, 0.35, 0.535, 0.72, 0.52, 0.54, 0.53, 0.52, 0.52, 0.85, 0.31, 0.86, 0.31, 0.05, 0.36, 99, 99, 99]
--- num:  29
list:  [0, 0, 0, 0, 1, 1, 0.16199999999999998, 0.16199999999999998, 0.46, 0.46, 0.37, 0.35, 0.49499999999999994, 0.51, 0.25, 0.4, 0.33499999999999996, 0.76, 0.56, 0.33999999999999997, 0.33, 0.56, 0.56, 0.88, 0.3, 0.89, 0.3, 0.09, 0.35, 99, 99, 99]
--- num:  29
list:  [0, 0, 0, 0, 1, 1, 0.16199999999999998, 0.16199999999999998, 0.46, 0.46, 0.38, 0.35, 0.51, 0.54, 0, 0.43, 0.27, 0.79, 0.56, 0.28, 0.26, 0.56, 0.56, 0.89, 0.3, 0.91, 0.29, 0.13, 0.36, 99, 99, 99]
--- num:  29
list:  [0, 0, 0, 0, 1, 1, 0.16199999999999998, 0.16199999999999998, 0.46, 0.46, 0.38, 0.34, 0.51, 0.54, 0, 0.47, 0.25, 0.82, 0.56, 0.25, 0.25, 0.56, 0.56, 0.89, 0.3, 0.91, 0.29, 0.16, 0.39, 99, 99, 99]
--- num:  29
list:  [0, 0, 0, 0, 1, 1, 0.16199999999999998, 0.16199999999999998, 0.46, 0.46, 0.39, 0.33, 0.49499999999999994, 0.54, 0, 0.48, 0.25, 0.82, 0.56, 0.25, 0.25, 0.56, 0.56, 0.88, 0.3, 0.91, 0.29, 0.16, 0.39, 99, 99, 99]
--- num:  29
list:  [0.02, 0.02, 0, 0, 1, 1, 0.16199999999999998, 0.16199999999999998, 0.46, 0.46, 0.39, 0.33, 0.49499999999999994, 0.54, 0, 0.49, 0.25, 0.83, 0.56, 0.25, 0.25, 0.56, 0.56, 0.88, 0.3, 0.91, 0.29, 0.17, 0.41, 99, 99, 99]
--- num:  29
list:  [0.02, 0.02, 0, 0, 1, 1, 0.16199999999999998, 0.16199999999999998, 0.46, 0.46, 0.4, 0.32, 0.51, 0.5549999999999999, 0, 0.49, 0.25, 0.83, 0.56, 0.25, 0.25, 0.56, 0.56, 0.89, 0.3, 0.92, 0.29, 0.17, 0.42, 99, 99, 99]
--- num:  29
list:  [0.01, 0.01, 0, 0, 1, 1, 0.16199999999999998, 0.16199999999999998, 0.46, 0.46, 0.43, 0.3, 0.5549999999999999, 0.6149999999999999, 0, 0.5, 0.25, 0.84, 0.56, 0.25, 0.25, 0.56, 0.56, 0.92, 0.28, 0.96, 0.27, 0.19, 0.32, 99, 99, 99]
--- num:  29
list:  [0.02, 0.02, 0, 0, 1, 1, 0.16199999999999998, 0.16199999999999998, 0.46, 0.46, 0.45, 0.27, 0.6149999999999999, 0.6599999999999999, 0, 0.5, 0.25, 0.84, 0.56, 0.25, 0.25, 0.56, 0.56, 0.96, 0.27, 0.99, 0.25, 0.21, 0.18, 99, 99, 99]
--- num:  29
list:  [0.03, 0.03, 0, 0, 1, 1, 0.16199999999999998, 0.16199999999999998, 0.48, 0.48, 0.5, 0.22, 0.6149999999999999, 0.6749999999999999, 0, 0.48, 0.25, 0.83, 0.56, 0.25, 0.25, 0.56, 0.56, 0.96, 0.27, 1.0, 0.25, 0.22, 0.07, 99, 99, 99]
--- num:  29
list:  [0.12, 0.12, 0.06, 0.06, 1, 1, 0.16199999999999998, 0.16199999999999998, 0.48, 0.48, 0.57, 0.15, 0.54, 0.6149999999999999, 0, 0.5, 0.25, 0.84, 0.56, 0.25, 0.25, 0.56, 0.56, 0.91, 0.29, 0.96, 0.27, 0.23, 0, 99, 99, 99]
--- num:  29
list:  [0.14, 0.14, 0.1, 0.1, 1, 1, 0.16199999999999998, 0.16199999999999998, 0.48, 0.48, 0.62, 0.11, 0.54, 0.6149999999999999, 0, 0.5, 0.25, 0.84, 0.56, 0.25, 0.25, 0.56, 0.56, 0.91, 0.29, 0.96, 0.27, 0.23, 0, 99, 99, 99]
--- num:  29
list:  [0.15, 0.15, 0.12, 0.12, 1, 1, 0.16199999999999998, 0.16199999999999998, 0.48, 0.48, 0.62, 0.11, 0.5700000000000001, 0.6449999999999999, 0, 0.49, 0.25, 0.83, 0.56, 0.25, 0.25, 0.56, 0.56, 0.93, 0.28, 0.98, 0.26, 0.23, 0, 99, 99, 99]
--- num:  29
list:  [0.15, 0.15, 0.12, 0.12, 1, 1, 0.16199999999999998, 0.16199999999999998, 0.49, 0.49, 0.61, 0.11, 0.5700000000000001, 0.6599999999999999, 0, 0.48, 0.25, 0.83, 0.56, 0.25, 0.25, 0.56, 0.56, 0.93, 0.28, 0.99, 0.26, 0.24, 0, 99, 99, 99]
--- num:  29
list:  [0.15, 0.15, 0.12, 0.12, 1, 1, 0.16199999999999998, 0.16199999999999998, 0.49, 0.49, 0.58, 0.15, 0.6149999999999999, 0.6749999999999999, 0, 0.47, 0.25, 0.82, 0.56, 0.25, 0.25, 0.56, 0.56, 0.96, 0.27, 1.0, 0.25, 0.24, 0, 99, 99, 99]
--- num:  29
list:  [0.13, 0.13, 0.07, 0.07, 1, 1, 0.24574134826660154, 0.24575312018394468, 0.38, 0.38, 0.51, 0.21, 0.5999999999999999, 0.6449999999999999, 0, 0.47, 0.25, 0.81, 0.56, 0.25, 0.25, 0.56, 0.56, 0.95, 0.27, 0.98, 0.26, 0.22, 0, 99, 99, 99]
--- num:  29
list:  [0.05, 0.05, 0, 0, 1, 1, 0.16199999999999998, 0.16199999999999998, 0.49, 0.49, 0.46, 0.26, 0.5999999999999999, 0.6599999999999999, 0, 0.47, 0.25, 0.82, 0.56, 0.25, 0.25, 0.56, 0.56, 0.95, 0.27, 0.99, 0.25, 0.22, 0.0, 99, 99, 99]
--- num:  29
list:  [0, 0, 0, 0, 1, 1, 0.16199999999999998, 0.16199999999999998, 0.5, 0.5, 0.42, 0.3, 0.6449999999999999, 0.69, 0, 0.47, 0.26, 0.81, 0.56, 0.27, 0.25, 0.56, 0.56, 0.98, 0.26, 1.01, 0.25, 0.22, 0.06, 99, 99, 99]
--- num:  29
list:  [0, 0, 0, 0, 1, 1, 0.16199999999999998, 0.16199999999999998, 0.5, 0.5, 0.38, 0.34, 0.5849999999999999, 0.6299999999999999, 0, 0.46, 0.26, 0.8, 0.56, 0.27, 0.25, 0.56, 0.56, 0.94, 0.28, 0.97, 0.26, 0.21, 0.38, 99, 99, 99]
--- num:  29
list:  [0, 0, 0, 0, 1, 1, 0.16199999999999998, 0.16199999999999998, 0.5, 0.5, 0.36, 0.36, 0.6599999999999999, 0.6749999999999999, 0, 0.45, 0.25, 0.8, 0.56, 0.25, 0.25, 0.56, 0.56, 0.99, 0.26, 1.0, 0.25, 0.2, 0.38, 99, 99, 99]
--- num:  29
list:  [0, 0, 0, 0, 1, 1, 0.16199999999999998, 0.16199999999999998, 0.5, 0.5, 0.34, 0.39, 0.6449999999999999, 0.6449999999999999, 0, 0.46, 0.25, 0.81, 0.56, 0.25, 0.25, 0.56, 0.56, 0.98, 0.26, 0.98, 0.26, 0.2, 0.3, 99, 99, 99]
--- num:  29
list:  [0, 0, 0, 0, 1, 1, 0.16199999999999998, 0.16199999999999998, 0.5, 0.5, 0.32, 0.41, 0.6299999999999999, 0.6299999999999999, 0, 0.46, 0.25, 0.81, 0.56, 0.25, 0.25, 0.56, 0.56, 0.97, 0.26, 0.97, 0.26, 0.2, 0.26, 99, 99, 99]
--- num:  29
list:  [0.02, 0.02, 0, 0, 1, 1, 0.16199999999999998, 0.16199999999999998, 0.51, 0.51, 0.31, 0.41, 0.6299999999999999, 0.6299999999999999, 0, 0.48, 0.25, 0.82, 0.56, 0.25, 0.25, 0.56, 0.56, 0.97, 0.26, 0.97, 0.26, 0.2, 0.25, 99, 99, 99]
--- num:  29
list:  [0.07, 0.07, 0, 0, 1, 1, 0.16199999999999998, 0.16199999999999998, 0.54, 0.54, 0.31, 0.41, 0.6749999999999999, 0.69, 0, 0.48, 0.26, 0.82, 0.56, 0.27, 0.25, 0.56, 0.56, 1.0, 0.25, 1.01, 0.25, 0.21, 0.19, 99, 99, 99]
--- num:  29
list:  [0.05, 0.05, 0, 0, 1, 1, 0.16199999999999998, 0.16199999999999998, 0.56, 0.56, 0.34, 0.38, 0.69, 0.72, 0, 0.47, 0.25, 0.82, 0.56, 0.25, 0.25, 0.56, 0.56, 1.01, 0.24, 1.03, 0.24, 0.21, 0.18, 99, 99, 99]
--- num:  29
list:  [0.04, 0.04, 0, 0, 1, 1, 0.16199999999999998, 0.16199999999999998, 0.56, 0.56, 0.42, 0.31, 0.72, 0.765, 0, 0.47, 0.25, 0.81, 0.56, 0.25, 0.25, 0.56, 0.56, 1.03, 0.24, 1.06, 0.22, 0.22, 0.19, 99, 99, 99]
--- num:  29
list:  [0.06, 0.06, 0, 0, 1, 1, 0.16199999999999998, 0.16199999999999998, 0.56, 0.56, 0.42, 0.31, 0.75, 0.795, 0, 0.47, 0.25, 0.81, 0.56, 0.25, 0.25, 0.56, 0.56, 1.05, 0.23, 1.08, 0.21, 0.22, 0.19, 99, 99, 99]
--- num:  29
list:  [0.07, 0.07, 0, 0, 1, 1, 0.16199999999999998, 0.16199999999999998, 0.55, 0.55, 0.44, 0.28, 0.75, 0.78, 0, 0.47, 0.25, 0.82, 0.56, 0.25, 0.25, 0.56, 0.56, 1.05, 0.23, 1.07, 0.22, 0.22, 0.2, 99, 99, 99]
--- num:  29
list:  [0.06, 0.06, 0, 0, 1, 1, 0.16199999999999998, 0.16199999999999998, 0.57, 0.57, 0.33, 0.39, 0.72, 0.75, 0, 0.47, 0.25, 0.82, 0.56, 0.25, 0.25, 0.56, 0.56, 1.03, 0.24, 1.05, 0.23, 0.22, 0.2, 99, 99, 99]
--- num:  29
list:  [0.07, 0.07, 0, 0, 1, 1, 0.16199999999999998, 0.16199999999999998, 0.56, 0.56, 0.33, 0.39, 0.6599999999999999, 0.69, 0, 0.48, 0.25, 0.82, 0.56, 0.25, 0.25, 0.56, 0.56, 0.99, 0.25, 1.01, 0.25, 0.23, 0.21, 99, 99, 99]
--- num:  29
list:  [0.08, 0.08, 0, 0, 1, 1, 0.16199999999999998, 0.16199999999999998, 0.55, 0.55, 0.34, 0.39, 0.6599999999999999, 0.69, 0, 0.48, 0.25, 0.83, 0.56, 0.25, 0.25, 0.56, 0.56, 0.99, 0.25, 1.01, 0.24, 0.23, 0.26, 99, 99, 99]
--- num:  29
list:  [0.1, 0.1, 0, 0, 1, 1, 0.16199999999999998, 0.16199999999999998, 0.55, 0.55, 0.34, 0.39, 0.6749999999999999, 0.69, 0, 0.48, 0.275, 0.82, 0.56, 0.28, 0.27, 0.56, 0.56, 1.0, 0.25, 1.01, 0.25, 0.2, 0.34, 99, 99, 99]
--- num:  29
list:  [0.22, 0.22, 0.27, 0.27, 1, 1, 0.16199999999999998, 0.16199999999999998, 0.58, 0.58, 0.33, 0.39, 0.54, 0.5249999999999999, 0.25, 0.47, 0.405, 0.82, 0.56, 0.39, 0.42000000000000004, 0.56, 0.56, 0.91, 0.29, 0.9, 0.3, 0.18, 0.74, 99, 99, 99]
--- num:  29
list:  [0.26, 0.26, 0.36, 0.36, 1, 1, 0.24034799218177794, 0.2390677738189697, 0.41, 0.41, 0.35, 0.38, 0.51, 0.5249999999999999, 0.5, 0.39, 0.65, 0.75, 0.53, 0.65, 0.65, 0.53, 0.53, 0.89, 0.3, 0.9, 0.3, 0.11, 0.42, 99, 99, 99]
--- num:  29
list:  [0.33, 0.33, 0.53, 0.53, 1, 1, 0.16199999999999998, 0.16199999999999998, 0.6, 0.6, 0.35, 0.38, 0.4649999999999999, 0.4799999999999999, 0.75, 0.36, 0.785, 0.74, 0.49, 0.79, 0.78, 0.49, 0.49, 0.86, 0.31, 0.87, 0.31, 0.09, 0.31, 99, 99, 99]
--- num:  29
list:  [0.56, 0.56, 1, 1, 0.98, 0.98, 0.16199999999999998, 0.16199999999999998, 0.61, 0.61, 0.35, 0.38, 0.345, 0.345, 0.75, 0.32, 0.905, 0.7, 0.41, 0.91, 0.9, 0.41, 0.41, 0.78, 0.35, 0.78, 0.35, 0.07, 0.32, 99, 99, 99]
--- num:  29
list:  [0.56, 0.56, 1, 1, 0.97, 0.97, 0.16199999999999998, 0.16199999999999998, 0.6, 0.6, 0.35, 0.37, 0.2699999999999999, 0.29999999999999993, 1, 0.29, 0.94, 0.68, 0.37, 0.94, 0.94, 0.37, 0.37, 0.73, 0.37, 0.75, 0.36, 0.07, 0.34, 99, 99, 99]
--- num:  29
list:  [0.56, 0.56, 1, 1, 0.97, 0.97, 0.16199999999999998, 0.16199999999999998, 0.59, 0.59, 0.36, 0.37, 0.23999999999999988, 0.2549999999999999, 1, 0.28, 0.95, 0.67, 0.34, 0.95, 0.95, 0.34, 0.34, 0.71, 0.38, 0.72, 0.37, 0.06, 0.37, 99, 99, 99]
--- num:  29
list:  [0.56, 0.56, 1, 1, 0.97, 0.97, 0.16199999999999998, 0.16199999999999998, 0.53, 0.53, 0.35, 0.37, 0.23999999999999988, 0.23999999999999988, 1, 0.27, 0.96, 0.67, 0.34, 0.96, 0.96, 0.34, 0.34, 0.71, 0.38, 0.71, 0.38, 0.06, 0.4, 99, 99, 99]
--- num:  29
list:  [0.56, 0.56, 1, 1, 0.97, 0.97, 0.16199999999999998, 0.16199999999999998, 0.61, 0.61, 0.34, 0.38, 0.20999999999999985, 0.195, 1, 0.27, 0.96, 0.66, 0.33, 0.96, 0.96, 0.33, 0.33, 0.69, 0.39, 0.68, 0.39, 0.05, 0.41, 99, 99, 99]
--- num:  29
list:  [0.56, 0.56, 1, 1, 0.98, 0.98, 0.16199999999999998, 0.16199999999999998, 0.6, 0.6, 0.35, 0.38, 0.20999999999999985, 0.195, 1, 0.26, 0.965, 0.66, 0.33, 0.96, 0.97, 0.33, 0.33, 0.69, 0.39, 0.68, 0.39, 0.05, 0.42, 99, 99, 99]
--- num:  29
list:  [0.56, 0.56, 1, 1, 0.98, 0.98, 0.16199999999999998, 0.16199999999999998, 0.59, 0.59, 0.52, 0.21, 0.22499999999999987, 0.195, 1, 0.26, 0.97, 0.66, 0.33, 0.97, 0.97, 0.33, 0.33, 0.7, 0.39, 0.68, 0.39, 0.05, 0.44, 99, 99, 99]
--- num:  29
list:  [0.56, 0.56, 1, 1, 0.98, 0.98, 0.16199999999999998, 0.16199999999999998, 0.57, 0.57, 0.62, 0.11, 0.20999999999999985, 0.195, 1, 0.26, 0.97, 0.66, 0.32, 0.97, 0.97, 0.32, 0.32, 0.69, 0.39, 0.68, 0.39, 0.05, 0.45, 99, 99, 99]
--- num:  29
list:  [0.56, 0.56, 1, 1, 0.98, 0.98, 0.16199999999999998, 0.16199999999999998, 0.57, 0.57, 0.62, 0.11, 0.195, 0.18, 1, 0.26, 0.97, 0.65, 0.32, 0.97, 0.97, 0.32, 0.32, 0.68, 0.39, 0.67, 0.4, 0.05, 0.46, 99, 99, 99]
--- num:  29
list:  [0.56, 0.56, 1, 1, 0.98, 0.98, 0.16199999999999998, 0.16199999999999998, 0.57, 0.57, 0.59, 0.14, 0.18, 0.18, 1, 0.26, 0.97, 0.65, 0.32, 0.97, 0.97, 0.32, 0.32, 0.67, 0.4, 0.67, 0.4, 0.05, 0.46, 99, 99, 99]
--- num:  29
list:  [0.56, 0.56, 1, 1, 0.98, 0.98, 0.16199999999999998, 0.16199999999999998, 0.59, 0.59, 0.54, 0.19, 0.16499999999999998, 0.16499999999999998, 1, 0.26, 0.97, 0.66, 0.32, 0.97, 0.97, 0.32, 0.32, 0.66, 0.4, 0.66, 0.4, 0.05, 0.47, 99, 99, 99]
--- num:  29
list:  [0.56, 0.56, 1, 1, 0.98, 0.98, 0.16199999999999998, 0.16199999999999998, 0.59, 0.59, 0.47, 0.26, 0.16499999999999998, 0.14999999999999997, 1, 0.26, 0.97, 0.66, 0.33, 0.97, 0.97, 0.33, 0.33, 0.66, 0.4, 0.65, 0.4, 0.05, 0.48, 99, 99, 99]
--- num:  29
list:  [0.56, 0.56, 1, 1, 0.98, 0.98, 0.16199999999999998, 0.16199999999999998, 0.59, 0.59, 0.47, 0.26, 0.16499999999999998, 0.14999999999999997, 1, 0.26, 0.97, 0.66, 0.34, 0.97, 0.97, 0.34, 0.34, 0.66, 0.4, 0.65, 0.4, 0.06, 0.48, 99, 99, 99]
--- num:  29
list:  [0.56, 0.56, 1, 1, 0.98, 0.98, 0.16199999999999998, 0.16199999999999998, 0.59, 0.59, 0.45, 0.28, 0.18, 0.14999999999999997, 1, 0.26, 0.97, 0.66, 0.34, 0.97, 0.97, 0.34, 0.34, 0.67, 0.4, 0.65, 0.4, 0.06, 0.49, 99, 99, 99]
--- num:  29
list:  [0.56, 0.56, 1, 1, 0.98, 0.98, 0.16199999999999998, 0.16199999999999998, 0.58, 0.58, 0.27, 0.45, 0.18, 0.14999999999999997, 1, 0.26, 0.97, 0.66, 0.33, 0.97, 0.97, 0.33, 0.33, 0.67, 0.4, 0.65, 0.4, 0.06, 0.5, 99, 99, 99]
--- num:  29
list:  [0.56, 0.56, 1, 1, 0.98, 0.98, 0.16199999999999998, 0.16199999999999998, 0.58, 0.58, 0.28, 0.45, 0.16499999999999998, 0.14999999999999997, 1, 0.27, 0.97, 0.66, 0.33, 0.97, 0.97, 0.33, 0.33, 0.66, 0.4, 0.65, 0.4, 0.06, 0.5, 99, 99, 99]
--- num:  29
list:  [0.56, 0.56, 1, 1, 0.98, 0.98, 0.16199999999999998, 0.16199999999999998, 0.58, 0.58, 0.27, 0.45, 0.16499999999999998, 0.14999999999999997, 1, 0.27, 0.97, 0.66, 0.33, 0.97, 0.97, 0.33, 0.33, 0.66, 0.4, 0.65, 0.4, 0.06, 0.5, 99, 99, 99]
--- num:  29
list:  [0.56, 0.56, 1, 1, 0.97, 0.97, 0.16199999999999998, 0.16199999999999998, 0.58, 0.58, 0.27, 0.45, 0.16499999999999998, 0.14999999999999997, 1, 0.27, 0.97, 0.66, 0.32, 0.97, 0.97, 0.32, 0.32, 0.66, 0.4, 0.65, 0.4, 0.06, 0.49, 99, 99, 99]
--- num:  29
list:  [0.56, 0.56, 1, 1, 0.97, 0.97, 0.16199999999999998, 0.16199999999999998, 0.59, 0.59, 0.28, 0.44, 0.16499999999999998, 0.14999999999999997, 1, 0.27, 0.97, 0.66, 0.32, 0.97, 0.97, 0.32, 0.32, 0.66, 0.4, 0.65, 0.41, 0.06, 0.49, 99, 99, 99]
--- num:  29
