face_1,face_2,face_3,face_4,face_5,face_6,face_7,face_8,face_9,face_10,face_11,face_12,face_13,face_14,face_15,face_16,face_17,face_18,face_19,face_20,face_21,face_22,face_23,face_24,face_25,face_26,face_27,face_28,face_29,neck_1,neck_2,neck_3
0.46,0.46,0.83,0.83,1.0,1.0,0.16199999999999998,0.16199999999999998,0.46,0.46,0.33,0.39,0.14999999999999997,0.13499999999999995,1.0,0.23,0.98,0.63,0.27,0.98,0.98,0.27,0.27,0.65,0.41,0.64,0.41,0.02,0.54,-0.191,0.004,-0.095
0.36,0.36,0.61,0.61,1.0,1.0,0.16199999999999998,0.16199999999999998,0.44,0.44,0.36,0.36,0.2549999999999999,0.22499999999999987,1.0,0.24,0.915,0.65,0.28,0.92,0.91,0.28,0.28,0.72,0.38,0.7,0.38,0.04,0.43,-0.163,0.0,-0.095
0.46,0.46,0.83,0.83,1.0,1.0,0.16199999999999998,0.16199999999999998,0.46,0.46,0.34,0.37,0.13499999999999995,0.11999999999999994,1.0,0.23,0.99,0.64,0.26,0.99,0.99,0.26,0.26,0.64,0.41,0.63,0.41,0.02,0.48,-0.123,0.007,-0.057
0.45,0.45,0.82,0.82,1.0,1.0,0.16199999999999998,0.16199999999999998,0.42,0.42,0.35,0.37,0.14999999999999997,0.13499999999999995,1.0,0.23,0.985,0.64,0.27,0.99,0.98,0.27,0.27,0.65,0.41,0.64,0.41,0.02,0.5,-0.107,0.006,-0.051
0.43,0.43,0.76,0.76,1.0,1.0,0.16199999999999998,0.16199999999999998,0.34,0.34,0.35,0.37,0.18,0.18,1.0,0.25,0.96,0.65,0.29,0.96,0.96,0.29,0.29,0.67,0.4,0.67,0.4,0.02,0.49,-0.064,0.01,-0.045
0.45,0.45,0.82,0.82,1.0,1.0,0.16199999999999998,0.16199999999999998,0.43,0.43,0.35,0.37,0.13499999999999995,0.13499999999999995,1.0,0.24,0.97,0.64,0.27,0.97,0.97,0.27,0.27,0.64,0.41,0.64,0.41,0.02,0.49,-0.044,0.013,-0.037
0.45,0.45,0.82,0.82,1.0,1.0,0.16199999999999998,0.16199999999999998,0.43,0.43,0.35,0.37,0.13499999999999995,0.13499999999999995,1.0,0.23,0.98,0.64,0.27,0.98,0.98,0.27,0.27,0.64,0.41,0.64,0.41,0.02,0.5,-0.016,0.018,-0.033
0.56,0.56,1.0,1.0,0.97,0.97,0.8196064639091492,0.8186658430099487,0.19,0.19,0.39,0.34,0.16499999999999998,0.18,1.0,0.26,0.93,0.66,0.29,0.93,0.93,0.29,0.29,0.66,0.4,0.67,0.4,0.02,0.49,0.003,0.018,-0.026
0.45,0.45,0.81,0.81,1.0,1.0,0.16199999999999998,0.16199999999999998,0.33,0.33,0.41,0.32,0.16499999999999998,0.16499999999999998,1.0,0.24,0.97,0.64,0.27,0.97,0.97,0.27,0.27,0.66,0.4,0.66,0.4,0.02,0.49,0.028,0.028,0.021
0.45,0.45,0.82,0.82,1.0,1.0,0.16199999999999998,0.16199999999999998,0.34,0.34,0.41,0.31,0.16499999999999998,0.14999999999999997,1.0,0.23,0.98,0.64,0.26,0.98,0.98,0.26,0.26,0.66,0.4,0.65,0.4,0.02,0.49,0.061,0.039,0.039
0.47,0.47,0.86,0.86,1.0,1.0,0.16199999999999998,0.16199999999999998,0.34,0.34,0.42,0.3,0.16499999999999998,0.14999999999999997,1.0,0.23,0.98,0.63,0.26,0.98,0.98,0.26,0.26,0.66,0.4,0.65,0.41,0.01,0.5,0.095,0.046,0.05
0.47,0.47,0.86,0.86,1.0,1.0,0.16199999999999998,0.16199999999999998,0.32,0.32,0.43,0.29,0.16499999999999998,0.14999999999999997,1.0,0.22,0.98,0.63,0.25,0.98,0.98,0.25,0.25,0.66,0.4,0.65,0.41,0.01,0.51,0.125,0.051,0.071
0.47,0.47,0.86,0.86,1.0,1.0,0.16199999999999998,0.16199999999999998,0.32,0.32,0.42,0.3,0.16499999999999998,0.13499999999999995,1.0,0.22,0.98,0.63,0.25,0.98,0.98,0.25,0.25,0.66,0.4,0.64,0.41,0.01,0.51,0.152,0.05,0.079
0.56,0.56,1.0,1.0,0.98,0.98,0.9526097583770752,0.952501277923584,0.29,0.29,0.39,0.33,0.14999999999999997,0.13499999999999995,1.0,0.24,0.945,0.64,0.28,0.94,0.95,0.28,0.28,0.65,0.4,0.64,0.41,0.01,0.5,0.143,0.045,0.071
0.47,0.47,0.85,0.85,1.0,1.0,0.16199999999999998,0.16199999999999998,0.31,0.31,0.35,0.37,0.11999999999999994,0.10499999999999993,1.0,0.24,0.98,0.64,0.26,0.98,0.98,0.26,0.26,0.63,0.41,0.62,0.42,0.01,0.51,0.116,0.019,0.055
0.48,0.48,0.88,0.88,1.0,1.0,0.16199999999999998,0.16199999999999998,0.34,0.34,0.35,0.37,0.10499999999999993,0.10499999999999993,1.0,0.23,0.98,0.63,0.26,0.98,0.98,0.26,0.26,0.62,0.42,0.62,0.42,0.01,0.53,0.124,0.014,0.026
0.47,0.47,0.85,0.85,1.0,1.0,0.16199999999999998,0.16199999999999998,0.35,0.35,0.34,0.38,0.10499999999999993,0.08999999999999991,1.0,0.23,0.98,0.63,0.26,0.98,0.98,0.26,0.26,0.62,0.42,0.61,0.42,0.01,0.54,0.093,0.009,-0.01
0.56,0.56,1.0,1.0,0.97,0.97,0.28952069163322447,0.2891994225978851,0.27,0.27,0.33,0.39,0.0,0.0,1.0,0.25,0.96,0.65,0.29,0.96,0.96,0.29,0.29,0.46,0.62,0.47,0.6,0.02,0.56,0.097,-0.006,-0.026
0.61,0.61,1.0,1.0,0.93,0.93,0.22103294312953947,0.2203164356946945,0.28,0.28,0.33,0.39,0.0,0.0,0.75,0.29,0.92,0.68,0.32,0.92,0.92,0.32,0.32,0.5,0.56,0.5,0.54,0.02,0.55,0.089,-0.013,-0.035
0.62,0.62,1.0,1.0,0.93,0.93,0.16199999999999998,0.16199999999999998,0.33,0.33,0.33,0.39,0.0,0.0,0.75,0.28,0.92,0.67,0.33,0.92,0.92,0.33,0.33,0.48,0.58,0.49,0.57,0.02,0.53,0.099,-0.019,-0.038
0.63,0.63,1.0,1.0,0.92,0.92,0.16199999999999998,0.16199999999999998,0.33,0.33,0.34,0.38,0.08999999999999991,0.10499999999999993,0.75,0.28,0.885,0.67,0.37,0.89,0.88,0.37,0.37,0.61,0.42,0.62,0.42,0.02,0.5,0.108,-0.023,-0.039
0.61,0.61,1.0,1.0,0.93,0.93,0.16199999999999998,0.16199999999999998,0.32,0.32,0.38,0.34,0.0,0.015000000000000013,0.5,0.31,0.75,0.69,0.54,0.76,0.74,0.54,0.54,0.54,0.47,0.56,0.44,0.02,0.48,0.115,-0.017,-0.016
0.6,0.6,1.0,1.0,0.94,0.94,0.16199999999999998,0.16199999999999998,0.31,0.31,0.41,0.31,0.05999999999999989,0.10499999999999993,0.5,0.33,0.5800000000000001,0.71,0.56,0.5900000000000001,0.5700000000000001,0.56,0.56,0.59,0.43,0.62,0.42,0.04,0.52,0.12,0.003,0.028
0.59,0.59,1.0,1.0,0.95,0.95,0.16199999999999998,0.16199999999999998,0.29,0.29,0.42,0.3,0.2849999999999999,0.32999999999999996,0.25,0.33,0.28500000000000003,0.71,0.56,0.31,0.26,0.56,0.56,0.74,0.37,0.77,0.35,0.06,0.51,0.14,0.02,0.052
0.59,0.59,1.0,1.0,0.95,0.95,0.16199999999999998,0.16199999999999998,0.28,0.28,0.43,0.29,0.32999999999999996,0.39,0.25,0.3,0.25,0.69,0.56,0.25,0.25,0.56,0.56,0.77,0.35,0.81,0.33,0.08,0.43,0.166,0.032,0.068
0.59,0.59,1.0,1.0,0.95,0.95,0.16199999999999998,0.16199999999999998,0.29,0.29,0.43,0.3,0.31499999999999995,0.39,0.25,0.29,0.25,0.68,0.56,0.25,0.25,0.56,0.56,0.76,0.36,0.81,0.33,0.09,0.6,0.182,0.039,0.075
0.59,0.59,1.0,1.0,0.95,0.95,0.16199999999999998,0.16199999999999998,0.29,0.29,0.45,0.27,0.31499999999999995,0.39,0.25,0.29,0.25,0.68,0.56,0.25,0.25,0.56,0.56,0.76,0.36,0.81,0.33,0.09,0.55,0.18,0.041,0.073
0.59,0.59,1.0,1.0,0.95,0.95,0.16199999999999998,0.16199999999999998,0.28,0.28,0.52,0.2,0.2849999999999999,0.32999999999999996,0.25,0.29,0.25,0.68,0.56,0.25,0.25,0.56,0.56,0.74,0.36,0.77,0.35,0.09,0.31,0.171,0.042,0.096
0.61,0.61,1.0,1.0,0.93,0.93,0.4485815870761871,0.44850958466529844,0.19,0.19,0.51,0.21,0.20999999999999985,0.23999999999999988,0.25,0.33,0.4,0.71,0.56,0.42000000000000004,0.38,0.56,0.56,0.69,0.39,0.71,0.38,0.08,0.14,0.154,0.048,0.154
0.59,0.59,1.0,1.0,0.95,0.95,0.16199999999999998,0.16199999999999998,0.32,0.32,0.49,0.23,0.0,0.0,0.5,0.36,0.6000000000000001,0.73,0.56,0.62,0.5800000000000001,0.56,0.56,0.38,0.78,0.39,0.76,0.05,0.44,0.157,0.045,0.172
0.58,0.58,1.0,1.0,0.96,0.96,0.16199999999999998,0.16199999999999998,0.32,0.32,0.45,0.27,0.0,0.0,0.5,0.37,0.6000000000000001,0.74,0.56,0.62,0.5800000000000001,0.56,0.56,0.4,0.74,0.43,0.68,0.05,0.84,0.152,0.039,0.142
0.58,0.58,1.0,1.0,0.96,0.96,0.16199999999999998,0.16199999999999998,0.3,0.3,0.39,0.33,0.0,0.0,0.5,0.37,0.615,0.74,0.56,0.63,0.6,0.56,0.56,0.41,0.72,0.45,0.65,0.05,1.0,0.164,0.028,0.095
0.58,0.58,1.0,1.0,0.96,0.96,0.16199999999999998,0.16199999999999998,0.3,0.3,0.33,0.39,0.0,0.0,0.5,0.37,0.615,0.74,0.56,0.62,0.61,0.56,0.56,0.45,0.65,0.49,0.57,0.05,1.0,0.177,0.016,0.049
0.58,0.58,1.0,1.0,0.96,0.96,0.16199999999999998,0.16199999999999998,0.29,0.29,0.29,0.43,0.0,0.0,0.5,0.35,0.645,0.73,0.56,0.64,0.65,0.56,0.56,0.45,0.65,0.49,0.58,0.05,1.0,0.185,-0.001,-0.005
0.58,0.58,1.0,1.0,0.96,0.96,0.16199999999999998,0.16199999999999998,0.31,0.31,0.3,0.43,0.0,0.0,0.5,0.35,0.645,0.72,0.56,0.64,0.65,0.56,0.56,0.46,0.62,0.5,0.54,0.06,1.0,0.191,-0.013,-0.046
0.57,0.57,1.0,1.0,0.96,0.96,0.16199999999999998,0.16199999999999998,0.43,0.43,0.5,0.23,0.0,0.0,0.75,0.35,0.6799999999999999,0.73,0.56,0.6699999999999999,0.69,0.56,0.56,0.38,0.79,0.41,0.71,0.06,1.0,0.196,-0.025,-0.072
0.57,0.57,1.0,1.0,0.97,0.97,0.16199999999999998,0.16199999999999998,0.45,0.45,0.46,0.26,0.0,0.0,0.75,0.36,0.6699999999999999,0.73,0.56,0.6599999999999999,0.6799999999999999,0.56,0.56,0.41,0.71,0.46,0.63,0.06,1.0,0.167,-0.036,-0.078
0.57,0.57,1.0,1.0,0.97,0.97,0.16199999999999998,0.16199999999999998,0.44,0.44,0.48,0.24,0.0,0.0,0.75,0.36,0.61,0.73,0.56,0.6,0.62,0.56,0.56,0.48,0.58,0.53,0.49,0.06,1.0,0.159,-0.05,-0.092
0.56,0.56,1.0,1.0,0.97,0.97,0.16199999999999998,0.16199999999999998,0.43,0.43,0.59,0.14,0.08999999999999991,0.195,0.5,0.37,0.525,0.74,0.56,0.53,0.52,0.56,0.56,0.61,0.42,0.68,0.39,0.07,1.0,0.151,-0.053,-0.08
0.56,0.56,1.0,1.0,0.97,0.97,0.16199999999999998,0.16199999999999998,0.4,0.4,0.6,0.13,0.2549999999999999,0.32999999999999996,0.5,0.36,0.315,0.73,0.56,0.32,0.31,0.56,0.56,0.72,0.37,0.77,0.35,0.07,1.0,0.177,-0.034,-0.035
0.57,0.57,1.0,1.0,0.97,0.97,0.16199999999999998,0.16199999999999998,0.38,0.38,0.59,0.14,0.36,0.4199999999999999,0.5,0.33,0.25,0.71,0.56,0.25,0.25,0.56,0.56,0.79,0.34,0.83,0.33,0.08,1.0,0.181,-0.015,0.008
0.57,0.57,1.0,1.0,0.97,0.97,0.16199999999999998,0.16199999999999998,0.38,0.38,0.61,0.12,0.345,0.40499999999999986,0.5,0.32,0.25,0.71,0.56,0.25,0.25,0.56,0.56,0.78,0.35,0.82,0.33,0.08,1.0,0.178,0.003,0.037
0.63,0.63,1.0,1.0,0.92,0.92,0.16199999999999998,0.16199999999999998,0.33,0.33,0.46,0.27,0.40499999999999986,0.4499999999999999,0.5,0.32,0.25,0.7,0.56,0.25,0.25,0.56,0.56,0.82,0.33,0.85,0.32,0.08,1.0,0.149,0.011,0.055
0.68,0.68,1.0,1.0,0.88,0.88,0.16199999999999998,0.16199999999999998,0.32,0.32,0.42,0.3,0.4199999999999999,0.4649999999999999,0.5,0.31,0.25,0.7,0.56,0.25,0.25,0.56,0.56,0.83,0.33,0.86,0.31,0.08,0.9,0.135,0.018,0.058
0.7,0.7,1.0,1.0,0.86,0.86,0.16199999999999998,0.16199999999999998,0.33,0.33,0.42,0.3,0.36,0.4349999999999999,0.5,0.32,0.25,0.7,0.56,0.25,0.25,0.56,0.56,0.79,0.34,0.84,0.32,0.07,0.89,0.141,0.017,0.055
0.7,0.7,1.0,1.0,0.86,0.86,0.16199999999999998,0.16199999999999998,0.34,0.34,0.41,0.31,0.32999999999999996,0.40499999999999986,0.5,0.32,0.25,0.7,0.56,0.25,0.25,0.56,0.56,0.77,0.35,0.82,0.33,0.07,0.93,0.114,0.02,0.055
0.7,0.7,1.0,1.0,0.86,0.86,0.16199999999999998,0.16199999999999998,0.37,0.37,0.42,0.3,0.22499999999999987,0.29999999999999993,0.5,0.33,0.25,0.71,0.56,0.25,0.25,0.56,0.56,0.7,0.38,0.75,0.36,0.07,0.93,0.077,0.025,0.052
0.71,0.71,1.0,1.0,0.86,0.86,0.16199999999999998,0.16199999999999998,0.39,0.39,0.43,0.29,0.195,0.2849999999999999,0.5,0.34,0.255,0.72,0.56,0.26,0.25,0.56,0.56,0.68,0.39,0.74,0.37,0.06,0.93,0.012,0.03,0.048
0.72,0.72,1.0,1.0,0.85,0.85,0.92005286693573,0.9193627047538757,0.27,0.27,0.46,0.26,0.4199999999999999,0.4349999999999999,0.5,0.39,0.25,0.75,0.56,0.25,0.25,0.56,0.56,0.83,0.32,0.84,0.32,0.06,0.18,-0.02,0.035,0.059
0.69,0.69,1.0,1.0,0.87,0.87,0.16199999999999998,0.16199999999999998,0.35,0.35,0.58,0.14,0.31499999999999995,0.29999999999999993,0.5,0.39,0.25,0.76,0.56,0.25,0.25,0.56,0.56,0.76,0.36,0.75,0.36,0.07,0.0,-0.024,0.037,0.075
0.64,0.64,1.0,1.0,0.91,0.91,0.16199999999999998,0.16199999999999998,0.36,0.36,0.65,0.07,0.22499999999999987,0.195,0.5,0.36,0.25,0.73,0.56,0.25,0.25,0.56,0.56,0.7,0.38,0.68,0.39,0.07,0.0,0.005,0.046,0.166
0.63,0.63,1.0,1.0,0.92,0.92,0.16199999999999998,0.16199999999999998,0.37,0.37,0.69,0.04,0.04499999999999987,0.015000000000000013,0.25,0.34,0.255,0.72,0.56,0.26,0.25,0.56,0.56,0.58,0.44,0.56,0.44,0.08,0.0,0.003,0.066,0.223
0.61,0.61,1.0,1.0,0.94,0.94,0.16199999999999998,0.16199999999999998,0.35,0.35,0.68,0.04,0.16499999999999998,0.14999999999999997,0.25,0.34,0.255,0.72,0.56,0.26,0.25,0.56,0.56,0.66,0.4,0.65,0.41,0.08,0.0,0.006,0.075,0.25
0.6,0.6,1.0,1.0,0.94,0.94,0.16199999999999998,0.16199999999999998,0.34,0.34,0.66,0.06,0.2849999999999999,0.2699999999999999,0.25,0.33,0.25,0.71,0.56,0.25,0.25,0.56,0.56,0.74,0.36,0.73,0.37,0.08,0.0,0.022,0.08,0.249
0.63,0.63,1.0,1.0,0.92,0.92,0.49917749643325804,0.4996107029914856,0.21,0.21,0.62,0.11,0.4649999999999999,0.4349999999999999,0.25,0.34,0.25,0.72,0.56,0.25,0.25,0.56,0.56,0.86,0.31,0.84,0.32,0.08,0.0,0.024,0.08,0.232
0.62,0.62,1.0,1.0,0.93,0.93,0.16199999999999998,0.16199999999999998,0.28,0.28,0.64,0.09,0.31499999999999995,0.29999999999999993,0.25,0.33,0.25,0.71,0.56,0.25,0.25,0.56,0.56,0.76,0.36,0.75,0.36,0.07,0.0,0.039,0.076,0.223
0.61,0.61,1.0,1.0,0.93,0.93,0.16199999999999998,0.16199999999999998,0.28,0.28,0.63,0.09,0.29999999999999993,0.2849999999999999,0.25,0.33,0.25,0.71,0.56,0.25,0.25,0.56,0.56,0.75,0.36,0.74,0.36,0.07,0.0,0.094,0.07,0.236
0.61,0.61,1.0,1.0,0.93,0.93,0.16199999999999998,0.16199999999999998,0.28,0.28,0.62,0.11,0.2549999999999999,0.23999999999999988,0.25,0.32,0.25,0.71,0.56,0.25,0.25,0.56,0.56,0.72,0.38,0.71,0.38,0.07,0.0,0.11,0.07,0.223
0.59,0.59,1.0,1.0,0.95,0.95,0.16199999999999998,0.16199999999999998,0.28,0.28,0.63,0.09,0.2699999999999999,0.2699999999999999,0.25,0.32,0.25,0.71,0.56,0.25,0.25,0.56,0.56,0.73,0.37,0.73,0.37,0.07,0.0,0.134,0.067,0.231
0.59,0.59,1.0,1.0,0.95,0.95,0.16199999999999998,0.16199999999999998,0.28,0.28,0.73,0.0,0.10499999999999993,0.04499999999999987,0.25,0.32,0.275,0.7,0.56,0.29,0.26,0.56,0.56,0.62,0.42,0.58,0.44,0.08,0.0,0.131,0.073,0.247
0.59,0.59,1.0,1.0,0.95,0.95,0.8754454064369201,0.875550787448883,0.23,0.23,0.59,0.14,0.39,0.36,0.25,0.33,0.25,0.71,0.56,0.25,0.25,0.56,0.56,0.81,0.33,0.79,0.34,0.08,0.0,0.125,0.081,0.3
0.6,0.6,1.0,1.0,0.94,0.94,0.18759709179401396,0.18760537683963774,0.28,0.28,0.51,0.22,0.39,0.40499999999999986,0.25,0.33,0.25,0.71,0.56,0.25,0.25,0.56,0.56,0.81,0.33,0.82,0.33,0.07,0.07,0.107,0.079,0.282
0.6,0.6,1.0,1.0,0.94,0.94,0.16199999999999998,0.16199999999999998,0.31,0.31,0.39,0.33,0.2699999999999999,0.32999999999999996,0.25,0.33,0.25,0.71,0.56,0.25,0.25,0.56,0.56,0.73,0.37,0.77,0.35,0.07,0.71,0.116,0.061,0.159
0.61,0.61,1.0,1.0,0.93,0.93,0.16199999999999998,0.16199999999999998,0.32,0.32,0.24,0.48,0.22499999999999987,0.29999999999999993,0.5,0.33,0.255,0.71,0.56,0.26,0.25,0.56,0.56,0.7,0.38,0.75,0.36,0.06,1.0,0.112,0.036,0.047
0.59,0.59,1.0,1.0,0.95,0.95,0.16199999999999998,0.16199999999999998,0.32,0.32,0.11,0.62,0.16499999999999998,0.2699999999999999,0.25,0.33,0.255,0.71,0.56,0.25,0.26,0.56,0.56,0.66,0.4,0.73,0.37,0.06,1.0,0.08,0.006,-0.082
0.6,0.6,1.0,1.0,0.94,0.94,0.16199999999999998,0.16199999999999998,0.3,0.3,0.06,0.67,0.16499999999999998,0.2549999999999999,0.25,0.33,0.25,0.71,0.56,0.25,0.25,0.56,0.56,0.66,0.4,0.72,0.37,0.06,1.0,0.071,-0.007,-0.181
0.61,0.61,1.0,1.0,0.93,0.93,0.16199999999999998,0.16199999999999998,0.3,0.3,0.16,0.57,0.195,0.29999999999999993,0.25,0.33,0.25,0.71,0.56,0.25,0.25,0.56,0.56,0.68,0.39,0.75,0.36,0.06,1.0,0.066,-0.027,-0.227
0.6,0.6,1.0,1.0,0.95,0.95,0.16199999999999998,0.16199999999999998,0.29,0.29,0.31,0.42,0.36,0.4349999999999999,0.25,0.32,0.25,0.7,0.56,0.25,0.25,0.56,0.56,0.79,0.35,0.84,0.32,0.07,1.0,0.072,-0.04,-0.178
0.57,0.57,1.0,1.0,0.97,0.97,0.16199999999999998,0.16199999999999998,0.4,0.4,0.54,0.18,0.31499999999999995,0.40499999999999986,0.5,0.31,0.25,0.7,0.56,0.25,0.25,0.56,0.56,0.76,0.36,0.82,0.33,0.08,1.0,0.111,-0.029,-0.044
0.57,0.57,1.0,1.0,0.97,0.97,0.16199999999999998,0.16199999999999998,0.41,0.41,0.67,0.06,0.2699999999999999,0.32999999999999996,0.5,0.33,0.25,0.71,0.56,0.25,0.25,0.56,0.56,0.73,0.37,0.77,0.35,0.09,0.8,0.101,-0.011,0.043
0.57,0.57,1.0,1.0,0.97,0.97,0.16199999999999998,0.16199999999999998,0.41,0.41,0.74,-0.0,0.31499999999999995,0.36,0.25,0.34,0.25,0.72,0.56,0.25,0.25,0.56,0.56,0.76,0.36,0.79,0.34,0.09,0.55,0.087,0.013,0.131
0.57,0.57,1.0,1.0,0.97,0.97,0.16199999999999998,0.16199999999999998,0.4,0.4,0.77,-0.04,0.32999999999999996,0.375,0.25,0.33,0.25,0.71,0.56,0.25,0.25,0.56,0.56,0.77,0.35,0.8,0.34,0.09,0.36,0.076,0.031,0.179
0.57,0.57,1.0,1.0,0.97,0.97,0.16199999999999998,0.16199999999999998,0.3,0.3,0.66,0.07,0.4649999999999999,0.4649999999999999,0.25,0.33,0.25,0.71,0.56,0.25,0.25,0.56,0.56,0.86,0.31,0.86,0.31,0.08,0.02,0.075,0.039,0.192
0.58,0.58,1.0,1.0,0.96,0.96,0.16199999999999998,0.16199999999999998,0.27,0.27,0.66,0.07,0.4349999999999999,0.40499999999999986,0.25,0.32,0.25,0.7,0.56,0.25,0.25,0.56,0.56,0.84,0.32,0.82,0.33,0.08,0.0,0.089,0.043,0.212
0.57,0.57,1.0,1.0,0.97,0.97,0.16199999999999998,0.16199999999999998,0.3,0.3,0.68,0.05,0.2849999999999999,0.2549999999999999,0.25,0.32,0.25,0.7,0.56,0.25,0.25,0.56,0.56,0.74,0.36,0.72,0.37,0.08,0.0,0.115,0.05,0.245
0.57,0.57,1.0,1.0,0.97,0.97,0.16199999999999998,0.16199999999999998,0.3,0.3,0.67,0.06,0.2549999999999999,0.2549999999999999,0.25,0.32,0.25,0.7,0.56,0.25,0.25,0.56,0.56,0.72,0.37,0.72,0.38,0.08,0.0,0.102,0.061,0.262
0.58,0.58,1.0,1.0,0.96,0.96,0.16199999999999998,0.16199999999999998,0.29,0.29,0.55,0.18,0.345,0.39,0.25,0.31,0.25,0.7,0.56,0.25,0.25,0.56,0.56,0.78,0.35,0.81,0.34,0.08,0.33,0.118,0.066,0.245
0.6,0.6,1.0,1.0,0.94,0.94,0.16199999999999998,0.16199999999999998,0.28,0.28,0.43,0.3,0.31499999999999995,0.36,0.25,0.32,0.265,0.7,0.56,0.28,0.25,0.56,0.56,0.76,0.36,0.79,0.34,0.07,0.67,0.158,0.062,0.165
0.59,0.59,1.0,1.0,0.95,0.95,0.16199999999999998,0.16199999999999998,0.4,0.4,0.15,0.58,0.14999999999999997,0.23999999999999988,0.25,0.34,0.26,0.72,0.56,0.27,0.25,0.56,0.56,0.65,0.4,0.71,0.38,0.07,1.0,0.189,0.057,0.074
0.59,0.59,1.0,1.0,0.96,0.96,0.16199999999999998,0.16199999999999998,0.39,0.39,0.13,0.6,0.0,0.015000000000000013,0.5,0.34,0.295,0.72,0.56,0.3,0.29,0.56,0.56,0.5,0.54,0.56,0.45,0.07,1.0,0.157,0.054,-0.006
0.58,0.58,1.0,1.0,0.96,0.96,0.16199999999999998,0.16199999999999998,0.42,0.42,0.12,0.61,0.16499999999999998,0.23999999999999988,0.25,0.34,0.255,0.72,0.56,0.26,0.25,0.56,0.56,0.66,0.4,0.71,0.38,0.07,1.0,0.138,0.05,-0.042
0.57,0.57,1.0,1.0,0.97,0.97,0.16199999999999998,0.16199999999999998,0.37,0.37,0.16,0.57,0.23999999999999988,0.31499999999999995,0.25,0.34,0.26,0.72,0.56,0.27,0.25,0.56,0.56,0.71,0.38,0.76,0.36,0.08,1.0,0.159,0.04,0.002
0.57,0.57,1.0,1.0,0.97,0.97,0.16199999999999998,0.16199999999999998,0.38,0.38,0.28,0.45,0.23999999999999988,0.2849999999999999,0.25,0.34,0.265,0.72,0.56,0.28,0.25,0.56,0.56,0.71,0.38,0.74,0.37,0.08,0.47,0.141,0.041,0.102
0.57,0.57,1.0,1.0,0.97,0.97,0.16199999999999998,0.16199999999999998,0.38,0.38,0.37,0.35,0.195,0.195,0.25,0.34,0.265,0.72,0.56,0.28,0.25,0.56,0.56,0.68,0.39,0.68,0.39,0.08,0.19,0.127,0.053,0.187
0.57,0.57,1.0,1.0,0.97,0.97,0.16199999999999998,0.16199999999999998,0.38,0.38,0.39,0.33,0.14999999999999997,0.14999999999999997,0.25,0.33,0.265,0.71,0.56,0.28,0.25,0.56,0.56,0.65,0.4,0.65,0.41,0.08,0.07,0.121,0.069,0.249
0.57,0.57,1.0,1.0,0.96,0.96,0.16199999999999998,0.16199999999999998,0.38,0.38,0.39,0.33,0.16499999999999998,0.16499999999999998,0.25,0.33,0.27,0.71,0.56,0.29,0.25,0.56,0.56,0.66,0.4,0.66,0.4,0.08,0.06,0.119,0.083,0.274
0.58,0.58,1.0,1.0,0.96,0.96,0.8244692492485046,0.8243685173988342,0.19,0.19,0.52,0.21,0.4199999999999999,0.4199999999999999,0.25,0.33,0.25,0.71,0.56,0.25,0.25,0.56,0.56,0.83,0.33,0.83,0.33,0.08,0.06,0.111,0.091,0.264
0.59,0.59,1.0,1.0,0.95,0.95,0.24600047945976256,0.2459471035003662,0.24,0.24,0.5,0.23,0.4499999999999999,0.4649999999999999,0.25,0.32,0.25,0.7,0.56,0.25,0.25,0.56,0.56,0.85,0.32,0.86,0.31,0.08,0.1,0.14,0.095,0.212
0.59,0.59,1.0,1.0,0.95,0.95,0.16199999999999998,0.16199999999999998,0.29,0.29,0.46,0.27,0.375,0.4349999999999999,0.25,0.32,0.25,0.7,0.56,0.25,0.25,0.56,0.56,0.8,0.34,0.84,0.32,0.07,0.55,0.157,0.089,0.141
0.58,0.58,1.0,1.0,0.96,0.96,0.16199999999999998,0.16199999999999998,0.28,0.28,0.41,0.31,0.345,0.4199999999999999,0.25,0.32,0.25,0.7,0.56,0.25,0.25,0.56,0.56,0.78,0.35,0.83,0.33,0.07,0.78,0.166,0.083,0.1
0.59,0.59,1.0,1.0,0.95,0.95,0.9142093467712402,0.9140934753417969,0.24,0.24,0.39,0.34,0.36,0.4199999999999999,0.25,0.33,0.25,0.71,0.56,0.25,0.25,0.56,0.56,0.79,0.34,0.83,0.32,0.07,0.62,0.169,0.076,0.054
0.6,0.6,1.0,1.0,0.95,0.95,0.9618801283836365,0.9618812608718872,0.26,0.26,0.38,0.34,0.36,0.4499999999999999,0.0,0.33,0.25,0.71,0.56,0.25,0.25,0.56,0.56,0.79,0.34,0.85,0.32,0.07,0.57,0.154,0.065,0.044
0.59,0.59,1.0,1.0,0.95,0.95,0.23281271338462828,0.23277179479598997,0.23,0.23,0.42,0.31,0.375,0.4499999999999999,0.25,0.33,0.25,0.71,0.56,0.25,0.25,0.56,0.56,0.8,0.34,0.85,0.32,0.07,0.64,0.153,0.064,0.049
0.58,0.58,1.0,1.0,0.96,0.96,0.16199999999999998,0.16199999999999998,0.29,0.29,0.51,0.22,0.375,0.40499999999999986,0.25,0.32,0.25,0.7,0.56,0.25,0.25,0.56,0.56,0.8,0.34,0.82,0.33,0.07,0.41,0.161,0.063,0.074
0.57,0.57,1.0,1.0,0.97,0.97,0.16199999999999998,0.16199999999999998,0.3,0.3,0.62,0.1,0.31499999999999995,0.31499999999999995,0.25,0.32,0.25,0.7,0.56,0.25,0.25,0.56,0.56,0.76,0.36,0.76,0.36,0.07,0.1,0.148,0.065,0.156
0.57,0.57,1.0,1.0,0.97,0.97,0.16199999999999998,0.16199999999999998,0.3,0.3,0.69,0.04,0.2699999999999999,0.22499999999999987,0.25,0.32,0.25,0.7,0.56,0.25,0.25,0.56,0.56,0.73,0.37,0.7,0.39,0.07,0.0,0.129,0.078,0.229
0.57,0.57,1.0,1.0,0.97,0.97,0.16199999999999998,0.16199999999999998,0.3,0.3,0.69,0.04,0.2849999999999999,0.2699999999999999,0.25,0.32,0.25,0.7,0.56,0.25,0.25,0.56,0.56,0.74,0.36,0.73,0.37,0.08,0.0,0.115,0.098,0.277
0.58,0.58,1.0,1.0,0.96,0.96,0.6595204877853393,0.6586032915115356,0.15,0.15,0.54,0.19,0.4199999999999999,0.40499999999999986,0.25,0.32,0.25,0.7,0.56,0.25,0.25,0.56,0.56,0.83,0.33,0.82,0.33,0.08,0.0,0.097,0.109,0.271
0.59,0.59,1.0,1.0,0.95,0.95,0.22966736137866972,0.22968382716178892,0.25,0.25,0.48,0.25,0.4349999999999999,0.4649999999999999,0.25,0.32,0.25,0.7,0.56,0.25,0.25,0.56,0.56,0.84,0.32,0.86,0.31,0.07,0.15,0.123,0.098,0.213
0.57,0.57,1.0,1.0,0.96,0.96,0.16199999999999998,0.16199999999999998,0.3,0.3,0.39,0.33,0.32999999999999996,0.39,0.25,0.33,0.25,0.71,0.56,0.25,0.25,0.56,0.56,0.77,0.35,0.81,0.34,0.07,0.7,0.139,0.082,0.118
0.57,0.57,1.0,1.0,0.96,0.96,0.16199999999999998,0.16199999999999998,0.31,0.31,0.32,0.4,0.2699999999999999,0.345,0.25,0.33,0.25,0.71,0.56,0.25,0.25,0.56,0.56,0.73,0.37,0.78,0.35,0.06,0.94,0.146,0.064,0.049
0.58,0.58,1.0,1.0,0.96,0.96,0.16199999999999998,0.16199999999999998,0.31,0.31,0.28,0.44,0.22499999999999987,0.31499999999999995,0.25,0.33,0.25,0.71,0.56,0.25,0.25,0.56,0.56,0.7,0.38,0.76,0.36,0.06,1.0,0.126,0.05,-0.018
0.58,0.58,1.0,1.0,0.96,0.96,0.16199999999999998,0.16199999999999998,0.32,0.32,0.26,0.46,0.22499999999999987,0.31499999999999995,0.25,0.33,0.25,0.71,0.56,0.25,0.25,0.56,0.56,0.7,0.38,0.76,0.36,0.06,1.0,0.113,0.035,-0.06
0.58,0.58,1.0,1.0,0.96,0.96,0.16199999999999998,0.16199999999999998,0.32,0.32,0.24,0.49,0.22499999999999987,0.31499999999999995,0.25,0.33,0.25,0.71,0.56,0.25,0.25,0.56,0.56,0.7,0.38,0.76,0.36,0.06,1.0,0.1,0.017,-0.076
0.58,0.58,1.0,1.0,0.96,0.96,0.16199999999999998,0.16199999999999998,0.31,0.31,0.23,0.49,0.23999999999999988,0.32999999999999996,0.25,0.34,0.25,0.71,0.56,0.25,0.25,0.56,0.56,0.71,0.38,0.77,0.35,0.07,1.0,0.094,-0.008,-0.094
0.58,0.58,1.0,1.0,0.96,0.96,0.16199999999999998,0.16199999999999998,0.31,0.31,0.23,0.49,0.2549999999999999,0.32999999999999996,0.25,0.34,0.25,0.71,0.56,0.25,0.25,0.56,0.56,0.72,0.38,0.77,0.35,0.07,1.0,0.095,-0.039,-0.094
0.57,0.57,1.0,1.0,0.96,0.96,0.16199999999999998,0.16199999999999998,0.29,0.29,0.31,0.42,0.2549999999999999,0.32999999999999996,0.25,0.34,0.25,0.71,0.56,0.25,0.25,0.56,0.56,0.72,0.37,0.77,0.35,0.07,1.0,0.106,-0.057,-0.093
0.57,0.57,1.0,1.0,0.97,0.97,0.16199999999999998,0.16199999999999998,0.27,0.27,0.39,0.33,0.29999999999999993,0.345,0.25,0.33,0.25,0.71,0.56,0.25,0.25,0.56,0.56,0.75,0.36,0.78,0.35,0.07,0.56,0.145,-0.069,-0.041
0.58,0.58,1.0,1.0,0.96,0.96,0.567007462978363,0.5671741771697998,0.17,0.17,0.47,0.25,0.36,0.39,0.25,0.36,0.25,0.73,0.56,0.25,0.25,0.56,0.56,0.79,0.34,0.81,0.34,0.07,0.16,0.164,-0.065,0.06
0.57,0.57,1.0,1.0,0.97,0.97,0.16199999999999998,0.16199999999999998,0.29,0.29,0.57,0.15,0.32999999999999996,0.345,0.25,0.35,0.25,0.72,0.56,0.25,0.25,0.56,0.56,0.77,0.35,0.78,0.35,0.07,0.06,0.165,-0.044,0.148
0.56,0.56,1.0,1.0,0.97,0.97,0.16199999999999998,0.16199999999999998,0.3,0.3,0.61,0.12,0.29999999999999993,0.29999999999999993,0.25,0.34,0.25,0.72,0.56,0.25,0.25,0.56,0.56,0.75,0.36,0.75,0.36,0.07,0.04,0.156,-0.029,0.208
0.57,0.57,1.0,1.0,0.97,0.97,0.3407693612575531,0.340722541809082,0.2,0.2,0.57,0.15,0.4199999999999999,0.40499999999999986,0.25,0.34,0.25,0.71,0.56,0.25,0.25,0.56,0.56,0.83,0.33,0.82,0.33,0.07,0.03,0.161,-0.023,0.238
0.58,0.58,1.0,1.0,0.96,0.96,0.4024761426448822,0.40244669795036314,0.19,0.19,0.49,0.23,0.4349999999999999,0.4499999999999999,0.25,0.33,0.25,0.71,0.56,0.25,0.25,0.56,0.56,0.84,0.32,0.85,0.32,0.07,0.14,0.173,-0.024,0.232
0.58,0.58,1.0,1.0,0.96,0.96,0.16199999999999998,0.16199999999999998,0.27,0.27,0.42,0.3,0.375,0.4199999999999999,0.25,0.33,0.25,0.71,0.56,0.25,0.25,0.56,0.56,0.8,0.34,0.83,0.33,0.07,0.44,0.191,-0.039,0.161
0.58,0.58,1.0,1.0,0.96,0.96,0.16199999999999998,0.16199999999999998,0.28,0.28,0.33,0.39,0.29999999999999993,0.375,0.25,0.33,0.25,0.71,0.56,0.25,0.25,0.56,0.56,0.75,0.36,0.8,0.34,0.06,1.0,0.179,-0.042,0.073
0.58,0.58,1.0,1.0,0.96,0.96,0.16199999999999998,0.16199999999999998,0.3,0.3,0.29,0.44,0.2849999999999999,0.36,0.25,0.33,0.25,0.71,0.56,0.25,0.25,0.56,0.56,0.74,0.36,0.79,0.34,0.06,1.0,0.162,-0.039,0.007
0.58,0.58,1.0,1.0,0.96,0.96,0.16199999999999998,0.16199999999999998,0.3,0.3,0.26,0.47,0.2699999999999999,0.345,0.5,0.33,0.25,0.71,0.56,0.25,0.25,0.56,0.56,0.73,0.37,0.78,0.35,0.07,1.0,0.126,-0.042,-0.043
0.58,0.58,1.0,1.0,0.96,0.96,0.16199999999999998,0.16199999999999998,0.3,0.3,0.25,0.47,0.23999999999999988,0.32999999999999996,0.5,0.33,0.25,0.71,0.56,0.25,0.25,0.56,0.56,0.71,0.38,0.77,0.35,0.07,1.0,0.109,-0.05,-0.072
0.58,0.58,1.0,1.0,0.96,0.96,0.16199999999999998,0.16199999999999998,0.29,0.29,0.24,0.48,0.2549999999999999,0.32999999999999996,0.5,0.33,0.255,0.71,0.56,0.25,0.26,0.56,0.56,0.72,0.38,0.77,0.35,0.07,1.0,0.112,-0.061,-0.077
0.58,0.58,1.0,1.0,0.96,0.96,0.16199999999999998,0.16199999999999998,0.26,0.26,0.2,0.53,0.29999999999999993,0.375,0.25,0.33,0.26,0.71,0.56,0.25,0.27,0.56,0.56,0.75,0.36,0.8,0.34,0.07,1.0,0.129,-0.071,-0.092
0.58,0.58,1.0,1.0,0.96,0.96,0.16199999999999998,0.16199999999999998,0.24,0.24,0.18,0.55,0.32999999999999996,0.39,0.25,0.33,0.27,0.71,0.56,0.25,0.29,0.56,0.56,0.77,0.35,0.81,0.33,0.08,1.0,0.165,-0.078,-0.133
0.58,0.58,1.0,1.0,0.96,0.96,0.16199999999999998,0.16199999999999998,0.22,0.22,0.17,0.56,0.345,0.40499999999999986,0.25,0.32,0.265,0.71,0.56,0.25,0.28,0.56,0.56,0.78,0.35,0.82,0.33,0.07,1.0,0.208,-0.085,-0.165
0.58,0.58,1.0,1.0,0.96,0.96,0.16199999999999998,0.16199999999999998,0.19,0.19,0.16,0.56,0.39,0.4349999999999999,0.25,0.32,0.26,0.7,0.56,0.25,0.27,0.56,0.56,0.81,0.34,0.84,0.32,0.08,1.0,0.233,-0.091,-0.187
0.58,0.58,1.0,1.0,0.96,0.96,0.16199999999999998,0.16199999999999998,0.19,0.19,0.16,0.57,0.40499999999999986,0.4499999999999999,0.25,0.32,0.26,0.7,0.56,0.25,0.27,0.56,0.56,0.82,0.33,0.85,0.32,0.08,1.0,0.269,-0.097,-0.193
0.58,0.58,1.0,1.0,0.96,0.96,0.18660690963268278,0.18642781257629393,0.18,0.18,0.16,0.57,0.4349999999999999,0.4799999999999999,0.25,0.32,0.255,0.7,0.56,0.25,0.26,0.56,0.56,0.84,0.32,0.87,0.31,0.08,0.98,0.295,-0.104,-0.197
0.58,0.58,1.0,1.0,0.96,0.96,0.1999711352586746,0.19988599002361296,0.17,0.17,0.15,0.58,0.4499999999999999,0.4799999999999999,0.25,0.32,0.255,0.7,0.56,0.25,0.26,0.56,0.56,0.85,0.32,0.87,0.31,0.08,0.89,0.313,-0.106,-0.204
0.58,0.58,1.0,1.0,0.96,0.96,0.21331497609615324,0.2132070618867874,0.16,0.16,0.16,0.57,0.4799999999999999,0.51,0.25,0.32,0.255,0.7,0.56,0.25,0.26,0.56,0.56,0.87,0.31,0.89,0.3,0.07,0.79,0.321,-0.108,-0.211
0.59,0.59,1.0,1.0,0.96,0.96,0.21619808256626127,0.2160885739326477,0.16,0.16,0.16,0.56,0.4799999999999999,0.51,0.25,0.32,0.25,0.7,0.56,0.25,0.25,0.56,0.56,0.87,0.31,0.89,0.3,0.07,0.78,0.343,-0.11,-0.205
0.58,0.58,1.0,1.0,0.96,0.96,0.6570138144493103,0.6556907701492309,0.09,0.09,0.22,0.51,0.4799999999999999,0.5249999999999999,0.25,0.32,0.25,0.7,0.56,0.25,0.25,0.56,0.56,0.87,0.31,0.9,0.29,0.08,0.79,0.345,-0.108,-0.198
0.58,0.58,1.0,1.0,0.96,0.96,0.4090732145309448,0.4082640516757965,0.13,0.13,0.23,0.5,0.4799999999999999,0.5249999999999999,0.25,0.32,0.255,0.7,0.56,0.25,0.26,0.56,0.56,0.87,0.31,0.9,0.3,0.09,0.89,0.334,-0.106,-0.189
0.58,0.58,1.0,1.0,0.96,0.96,0.20069078683853148,0.20035787999629973,0.19,0.19,0.28,0.44,0.4199999999999999,0.4649999999999999,0.25,0.32,0.25,0.7,0.56,0.25,0.25,0.56,0.56,0.83,0.33,0.86,0.31,0.08,0.91,0.348,-0.099,-0.158
0.59,0.59,1.0,1.0,0.96,0.96,0.16199999999999998,0.16199999999999998,0.2,0.2,0.33,0.4,0.36,0.4199999999999999,0.25,0.32,0.255,0.7,0.56,0.25,0.26,0.56,0.56,0.79,0.34,0.83,0.32,0.08,1.0,0.328,-0.092,-0.096
0.58,0.58,1.0,1.0,0.96,0.96,0.16199999999999998,0.16199999999999998,0.31,0.31,0.53,0.19,0.345,0.40499999999999986,0.5,0.33,0.305,0.71,0.56,0.3,0.31,0.56,0.56,0.78,0.35,0.82,0.33,0.08,1.0,0.326,-0.083,-0.051
0.58,0.58,1.0,1.0,0.96,0.96,0.16199999999999998,0.16199999999999998,0.34,0.34,0.54,0.19,0.32999999999999996,0.39,0.5,0.36,0.32,0.73,0.56,0.32,0.32,0.56,0.56,0.77,0.35,0.81,0.33,0.09,1.0,0.293,-0.069,-0.028
0.57,0.57,1.0,1.0,0.97,0.97,0.16199999999999998,0.16199999999999998,0.37,0.37,0.57,0.16,0.31499999999999995,0.39,0.5,0.36,0.33,0.74,0.56,0.33,0.33,0.56,0.56,0.76,0.36,0.81,0.34,0.09,1.0,0.273,-0.066,-0.021
0.57,0.57,1.0,1.0,0.97,0.97,0.16199999999999998,0.16199999999999998,0.37,0.37,0.56,0.17,0.29999999999999993,0.375,0.5,0.37,0.315,0.74,0.56,0.31,0.32,0.56,0.56,0.75,0.36,0.8,0.34,0.09,1.0,0.255,-0.062,-0.018
0.58,0.58,1.0,1.0,0.96,0.96,0.7997135925292969,0.798104088306427,0.13,0.13,0.33,0.4,0.40499999999999986,0.4799999999999999,0.25,0.33,0.25,0.71,0.56,0.25,0.25,0.56,0.56,0.82,0.33,0.87,0.31,0.09,1.0,0.236,-0.063,-0.018
0.58,0.58,1.0,1.0,0.96,0.96,0.24391360163688658,0.24309365034103392,0.22,0.22,0.29,0.43,0.40499999999999986,0.49499999999999994,0.25,0.33,0.25,0.71,0.56,0.25,0.25,0.56,0.56,0.82,0.33,0.88,0.31,0.08,1.0,0.246,-0.068,-0.031
0.57,0.57,1.0,1.0,0.97,0.97,0.16199999999999998,0.16199999999999998,0.24,0.24,0.27,0.45,0.31499999999999995,0.40499999999999986,0.25,0.33,0.25,0.71,0.56,0.25,0.25,0.56,0.56,0.76,0.36,0.82,0.33,0.08,1.0,0.235,-0.072,-0.053
0.57,0.57,1.0,1.0,0.97,0.97,0.16199999999999998,0.16199999999999998,0.25,0.25,0.27,0.46,0.2849999999999999,0.375,0.25,0.33,0.25,0.71,0.56,0.25,0.25,0.56,0.56,0.74,0.37,0.8,0.34,0.07,1.0,0.216,-0.081,-0.067
0.57,0.57,1.0,1.0,0.97,0.97,0.16199999999999998,0.16199999999999998,0.26,0.26,0.26,0.46,0.2549999999999999,0.345,0.5,0.33,0.38,0.71,0.56,0.37,0.39,0.56,0.56,0.72,0.37,0.78,0.35,0.07,1.0,0.202,-0.084,-0.076
0.57,0.57,1.0,1.0,0.97,0.97,0.16199999999999998,0.16199999999999998,0.26,0.26,0.26,0.46,0.22499999999999987,0.32999999999999996,0.5,0.33,0.49,0.71,0.56,0.48,0.5,0.56,0.56,0.7,0.38,0.77,0.35,0.08,1.0,0.196,-0.088,-0.081
0.57,0.57,1.0,1.0,0.97,0.97,0.16199999999999998,0.16199999999999998,0.37,0.37,0.43,0.3,0.11999999999999994,0.20999999999999985,0.5,0.33,0.51,0.71,0.56,0.5,0.52,0.56,0.56,0.63,0.42,0.69,0.39,0.08,1.0,0.19,-0.086,-0.078
0.56,0.56,1.0,1.0,0.97,0.97,0.16199999999999998,0.16199999999999998,0.41,0.41,0.46,0.27,0.05999999999999989,0.16499999999999998,0.5,0.35,0.6000000000000001,0.72,0.56,0.5900000000000001,0.61,0.56,0.56,0.59,0.43,0.66,0.4,0.08,1.0,0.187,-0.087,-0.078
0.56,0.56,1.0,1.0,0.97,0.97,0.16199999999999998,0.16199999999999998,0.42,0.42,0.46,0.27,0.05999999999999989,0.16499999999999998,0.5,0.35,0.5750000000000001,0.73,0.56,0.56,0.5900000000000001,0.56,0.56,0.59,0.43,0.66,0.4,0.09,1.0,0.17,-0.087,-0.065
0.56,0.56,1.0,1.0,0.98,0.98,0.16199999999999998,0.16199999999999998,0.42,0.42,0.46,0.26,0.08999999999999991,0.195,0.5,0.35,0.545,0.73,0.56,0.53,0.56,0.56,0.56,0.61,0.42,0.68,0.39,0.08,1.0,0.169,-0.09,-0.062
0.56,0.56,1.0,1.0,0.98,0.98,0.16199999999999998,0.16199999999999998,0.44,0.44,0.5,0.23,0.11999999999999994,0.20999999999999985,0.5,0.36,0.5,0.73,0.56,0.48,0.52,0.56,0.56,0.63,0.42,0.69,0.39,0.08,1.0,0.163,-0.092,-0.062
0.56,0.56,1.0,1.0,0.98,0.98,0.16199999999999998,0.16199999999999998,0.42,0.42,0.51,0.22,0.10499999999999993,0.195,0.5,0.36,0.485,0.73,0.56,0.47,0.5,0.56,0.56,0.62,0.42,0.68,0.39,0.08,1.0,0.163,-0.093,-0.062
0.56,0.56,1.0,1.0,0.98,0.98,0.16199999999999998,0.16199999999999998,0.41,0.41,0.49,0.24,0.16499999999999998,0.2549999999999999,0.5,0.36,0.345,0.73,0.56,0.33,0.36,0.56,0.56,0.66,0.4,0.72,0.37,0.07,1.0,0.168,-0.093,-0.064
0.56,0.56,1.0,1.0,0.98,0.98,0.16199999999999998,0.16199999999999998,0.4,0.4,0.49,0.24,0.2849999999999999,0.36,0.5,0.36,0.26,0.73,0.56,0.25,0.27,0.56,0.56,0.74,0.37,0.79,0.34,0.07,1.0,0.172,-0.093,-0.063
0.62,0.62,1.0,1.0,0.93,0.93,0.16199999999999998,0.16199999999999998,0.41,0.41,0.44,0.29,0.39,0.4499999999999999,0.5,0.35,0.25,0.72,0.56,0.25,0.25,0.56,0.56,0.81,0.33,0.85,0.32,0.08,1.0,0.175,-0.092,-0.066
0.72,0.72,1.0,1.0,0.85,0.85,0.16199999999999998,0.16199999999999998,0.42,0.42,0.45,0.28,0.4349999999999999,0.49499999999999994,0.5,0.34,0.25,0.72,0.56,0.25,0.25,0.56,0.56,0.84,0.32,0.88,0.3,0.09,1.0,0.189,-0.09,-0.067
0.75,0.75,1.0,1.0,0.82,0.82,0.16199999999999998,0.16199999999999998,0.45,0.45,0.45,0.27,0.4349999999999999,0.4799999999999999,0.5,0.34,0.25,0.71,0.56,0.25,0.25,0.56,0.56,0.84,0.32,0.87,0.31,0.1,1.0,0.192,-0.091,-0.071
0.75,0.75,1.0,1.0,0.82,0.82,0.16199999999999998,0.16199999999999998,0.45,0.45,0.45,0.27,0.40499999999999986,0.4649999999999999,0.5,0.34,0.25,0.71,0.56,0.25,0.25,0.56,0.56,0.82,0.33,0.86,0.31,0.1,1.0,0.181,-0.094,-0.075
0.75,0.75,1.0,1.0,0.83,0.83,0.16199999999999998,0.16199999999999998,0.45,0.45,0.42,0.31,0.4349999999999999,0.49499999999999994,0.5,0.33,0.25,0.71,0.56,0.25,0.25,0.56,0.56,0.84,0.32,0.88,0.3,0.1,1.0,0.16,-0.094,-0.074
0.71,0.71,1.0,1.0,0.85,0.85,0.16199999999999998,0.16199999999999998,0.43,0.43,0.41,0.32,0.4349999999999999,0.51,0.5,0.33,0.25,0.71,0.56,0.25,0.25,0.56,0.56,0.84,0.32,0.89,0.3,0.1,1.0,0.136,-0.088,-0.071
0.69,0.69,1.0,1.0,0.87,0.87,0.16199999999999998,0.16199999999999998,0.41,0.41,0.39,0.33,0.4349999999999999,0.51,0.5,0.33,0.25,0.71,0.56,0.25,0.25,0.56,0.56,0.84,0.32,0.89,0.3,0.1,1.0,0.091,-0.085,-0.066
0.69,0.69,1.0,1.0,0.87,0.87,0.16199999999999998,0.16199999999999998,0.42,0.42,0.41,0.31,0.4499999999999999,0.51,0.5,0.34,0.25,0.71,0.56,0.25,0.25,0.56,0.56,0.85,0.32,0.89,0.3,0.1,1.0,0.068,-0.077,-0.056
0.7,0.7,1.0,1.0,0.86,0.86,0.16199999999999998,0.16199999999999998,0.43,0.43,0.42,0.3,0.4349999999999999,0.51,0.5,0.34,0.25,0.72,0.56,0.25,0.25,0.56,0.56,0.84,0.32,0.89,0.3,0.1,1.0,0.05,-0.072,-0.048
0.71,0.71,1.0,1.0,0.85,0.85,0.16199999999999998,0.16199999999999998,0.46,0.46,0.45,0.28,0.4349999999999999,0.49499999999999994,0.5,0.34,0.25,0.72,0.56,0.25,0.25,0.56,0.56,0.84,0.32,0.88,0.3,0.1,1.0,0.033,-0.069,-0.043
0.71,0.71,1.0,1.0,0.85,0.85,0.16199999999999998,0.16199999999999998,0.48,0.48,0.46,0.26,0.4199999999999999,0.49499999999999994,0.5,0.35,0.25,0.72,0.56,0.25,0.25,0.56,0.56,0.83,0.33,0.88,0.3,0.1,1.0,0.02,-0.069,-0.038
0.71,0.71,1.0,1.0,0.85,0.85,0.16199999999999998,0.16199999999999998,0.48,0.48,0.47,0.26,0.4199999999999999,0.49499999999999994,0.5,0.35,0.25,0.73,0.56,0.25,0.25,0.56,0.56,0.83,0.33,0.88,0.31,0.1,1.0,0.01,-0.067,-0.032
0.71,0.71,1.0,1.0,0.85,0.85,0.16199999999999998,0.16199999999999998,0.53,0.53,0.49,0.24,0.39,0.4499999999999999,0.5,0.36,0.25,0.73,0.56,0.25,0.25,0.56,0.56,0.81,0.34,0.85,0.32,0.1,1.0,0.002,-0.067,-0.029
0.64,0.64,1.0,1.0,0.91,0.91,0.16199999999999998,0.16199999999999998,0.63,0.63,0.54,0.19,0.40499999999999986,0.39,1.0,0.38,0.775,0.75,0.55,0.76,0.79,0.55,0.55,0.82,0.33,0.81,0.33,0.08,1.0,0.008,-0.066,-0.03
0.6,0.6,1.0,1.0,0.94,0.94,0.16199999999999998,0.16199999999999998,0.65,0.65,0.57,0.17,0.4349999999999999,0.40499999999999986,1.0,0.33,0.91,0.71,0.41,0.9,0.92,0.41,0.41,0.84,0.32,0.82,0.33,0.06,0.64,-0.026,-0.073,-0.033
0.63,0.63,1.0,1.0,0.92,0.92,0.16199999999999998,0.16199999999999998,0.65,0.65,0.6,0.14,0.375,0.32999999999999996,1.0,0.3,0.95,0.69,0.35,0.95,0.95,0.35,0.35,0.8,0.34,0.77,0.35,0.05,0.55,-0.031,-0.068,-0.036
0.69,0.69,1.0,1.0,0.87,0.87,0.16199999999999998,0.16199999999999998,0.64,0.64,0.65,0.08,0.2549999999999999,0.22499999999999987,1.0,0.28,0.965,0.67,0.31,0.96,0.97,0.31,0.31,0.72,0.38,0.7,0.38,0.04,0.55,-0.011,-0.059,-0.034
0.76,0.76,1.0,1.0,0.81,0.81,0.16199999999999998,0.16199999999999998,0.6,0.6,0.68,0.05,0.20999999999999985,0.18,1.0,0.27,0.97,0.66,0.31,0.97,0.97,0.31,0.31,0.69,0.39,0.67,0.4,0.04,0.55,0.013,-0.04,-0.017
0.6,0.6,1.0,1.0,0.94,0.94,0.16199999999999998,0.16199999999999998,0.5,0.5,0.63,0.1,0.2549999999999999,0.195,1.0,0.25,0.975,0.65,0.28,0.97,0.98,0.28,0.28,0.72,0.38,0.68,0.39,0.03,0.55,0.025,-0.02,-0.005
0.56,0.56,1.0,1.0,0.97,0.97,0.3284240472316742,0.32799608588218687,0.27,0.27,0.45,0.28,0.2849999999999999,0.2549999999999999,1.0,0.25,0.965,0.65,0.27,0.96,0.97,0.27,0.27,0.74,0.37,0.72,0.37,0.03,0.54,0.031,-0.003,0.017
0.44,0.44,0.78,0.78,1.0,1.0,0.16199999999999998,0.16199999999999998,0.39,0.39,0.48,0.24,0.2849999999999999,0.23999999999999988,1.0,0.23,0.975,0.64,0.26,0.97,0.98,0.26,0.26,0.74,0.37,0.71,0.38,0.02,0.54,0.029,0.025,0.046
0.6,0.6,1.0,1.0,0.95,0.95,0.16199999999999998,0.16199999999999998,0.36,0.36,0.46,0.26,0.23999999999999988,0.195,1.0,0.23,0.96,0.64,0.28,0.96,0.96,0.28,0.28,0.71,0.38,0.68,0.39,0.02,0.52,0.043,0.04,0.072
0.77,0.77,1.0,1.0,0.8,0.8,0.16199999999999998,0.16199999999999998,0.35,0.35,0.46,0.26,0.2549999999999999,0.195,0.75,0.34,0.735,0.72,0.38,0.73,0.74,0.38,0.38,0.72,0.38,0.68,0.39,0.02,0.31,0.039,0.053,0.077
0.77,0.77,1.0,1.0,0.81,0.81,0.16199999999999998,0.16199999999999998,0.37,0.37,0.46,0.26,0.2549999999999999,0.195,0.75,0.39,0.63,0.75,0.43,0.62,0.64,0.43,0.43,0.72,0.37,0.68,0.39,0.04,0.23,0.063,0.059,0.076
0.75,0.75,1.0,1.0,0.82,0.82,0.16199999999999998,0.16199999999999998,0.39,0.39,0.46,0.26,0.31499999999999995,0.2549999999999999,0.75,0.39,0.475,0.76,0.48,0.47,0.48,0.48,0.48,0.76,0.36,0.72,0.37,0.04,0.21,0.036,0.065,0.071
0.72,0.72,1.0,1.0,0.85,0.85,0.16199999999999998,0.16199999999999998,0.4,0.4,0.46,0.26,0.375,0.31499999999999995,0.75,0.4,0.405,0.77,0.52,0.4,0.41000000000000003,0.52,0.52,0.8,0.34,0.76,0.35,0.05,0.19,0.001,0.068,0.063
0.71,0.71,1.0,1.0,0.86,0.86,0.16199999999999998,0.16199999999999998,0.41,0.41,0.45,0.27,0.31499999999999995,0.2849999999999999,0.75,0.41,0.485,0.77,0.48,0.48,0.49,0.48,0.48,0.76,0.35,0.74,0.37,0.05,0.17,-0.064,0.069,0.057
0.7,0.7,1.0,1.0,0.86,0.86,0.16199999999999998,0.16199999999999998,0.42,0.42,0.45,0.27,0.32999999999999996,0.2849999999999999,0.75,0.4,0.49,0.76,0.48,0.48,0.5,0.48,0.48,0.77,0.35,0.74,0.37,0.05,0.17,-0.112,0.069,0.053
0.7,0.7,1.0,1.0,0.86,0.86,0.16199999999999998,0.16199999999999998,0.42,0.42,0.46,0.26,0.32999999999999996,0.2849999999999999,0.75,0.4,0.505,0.76,0.47,0.5,0.51,0.47,0.47,0.77,0.35,0.74,0.36,0.05,0.16,-0.134,0.07,0.05
0.69,0.69,1.0,1.0,0.87,0.87,0.16199999999999998,0.16199999999999998,0.42,0.42,0.47,0.25,0.4199999999999999,0.375,0.5,0.4,0.32,0.76,0.56,0.31,0.33,0.56,0.56,0.83,0.33,0.8,0.34,0.05,0.15,-0.146,0.072,0.048
0.67,0.67,1.0,1.0,0.89,0.89,0.16199999999999998,0.16199999999999998,0.42,0.42,0.48,0.24,0.49499999999999994,0.4649999999999999,0.5,0.4,0.25,0.76,0.56,0.25,0.25,0.56,0.56,0.88,0.31,0.86,0.31,0.05,0.13,-0.147,0.074,0.053
0.68,0.68,1.0,1.0,0.87,0.87,0.16199999999999998,0.16199999999999998,0.41,0.41,0.49,0.23,0.39,0.4199999999999999,0.25,0.39,0.25,0.76,0.56,0.25,0.25,0.56,0.56,0.81,0.33,0.83,0.33,0.05,0.18,-0.165,0.078,0.061
0.69,0.69,1.0,1.0,0.87,0.87,0.16199999999999998,0.16199999999999998,0.4,0.4,0.5,0.22,0.375,0.40499999999999986,0.25,0.39,0.25,0.76,0.56,0.25,0.25,0.56,0.56,0.8,0.34,0.82,0.33,0.05,0.12,-0.15,0.084,0.067
0.69,0.69,1.0,1.0,0.87,0.87,0.16199999999999998,0.16199999999999998,0.4,0.4,0.5,0.22,0.345,0.375,0.25,0.38,0.25,0.75,0.56,0.25,0.25,0.56,0.56,0.78,0.35,0.8,0.34,0.05,0.16,-0.115,0.09,0.075
0.69,0.69,1.0,1.0,0.87,0.87,0.16199999999999998,0.16199999999999998,0.4,0.4,0.51,0.21,0.32999999999999996,0.36,0.25,0.38,0.25,0.75,0.56,0.25,0.25,0.56,0.56,0.77,0.35,0.79,0.34,0.05,0.18,-0.091,0.094,0.081
0.68,0.68,1.0,1.0,0.87,0.87,0.16199999999999998,0.16199999999999998,0.39,0.39,0.51,0.21,0.31499999999999995,0.345,0.25,0.37,0.25,0.74,0.56,0.25,0.25,0.56,0.56,0.76,0.36,0.78,0.35,0.05,0.2,-0.071,0.098,0.085
0.68,0.68,1.0,1.0,0.88,0.88,0.16199999999999998,0.16199999999999998,0.39,0.39,0.51,0.21,0.2699999999999999,0.29999999999999993,0.25,0.37,0.25,0.74,0.56,0.25,0.25,0.56,0.56,0.73,0.37,0.75,0.36,0.05,0.2,-0.06,0.1,0.09
0.68,0.68,1.0,1.0,0.88,0.88,0.16199999999999998,0.16199999999999998,0.36,0.36,0.51,0.21,0.2699999999999999,0.29999999999999993,0.25,0.37,0.25,0.74,0.56,0.25,0.25,0.56,0.56,0.73,0.37,0.75,0.36,0.06,0.19,-0.041,0.102,0.094
0.67,0.67,1.0,1.0,0.88,0.88,0.16199999999999998,0.16199999999999998,0.35,0.35,0.51,0.21,0.2849999999999999,0.29999999999999993,0.25,0.37,0.25,0.74,0.56,0.25,0.25,0.56,0.56,0.74,0.37,0.75,0.36,0.06,0.2,-0.009,0.103,0.1
0.66,0.66,1.0,1.0,0.89,0.89,0.16199999999999998,0.16199999999999998,0.34,0.34,0.5,0.22,0.2849999999999999,0.29999999999999993,0.25,0.37,0.25,0.74,0.56,0.25,0.25,0.56,0.56,0.74,0.37,0.75,0.36,0.06,0.22,0.009,0.104,0.103
0.64,0.64,1.0,1.0,0.91,0.91,0.16199999999999998,0.16199999999999998,0.35,0.35,0.54,0.18,0.2849999999999999,0.29999999999999993,0.25,0.36,0.25,0.73,0.56,0.25,0.25,0.56,0.56,0.74,0.37,0.75,0.36,0.06,0.33,0.024,0.106,0.103
0.63,0.63,1.0,1.0,0.92,0.92,0.16199999999999998,0.16199999999999998,0.37,0.37,0.69,0.05,0.2699999999999999,0.2699999999999999,0.25,0.37,0.25,0.74,0.56,0.25,0.25,0.56,0.56,0.73,0.37,0.73,0.37,0.07,0.31,0.042,0.104,0.102
0.63,0.63,1.0,1.0,0.92,0.92,0.16199999999999998,0.16199999999999998,0.37,0.37,0.69,0.04,0.2549999999999999,0.2699999999999999,0.25,0.37,0.25,0.74,0.56,0.25,0.25,0.56,0.56,0.72,0.37,0.73,0.37,0.07,0.35,0.044,0.102,0.119
0.64,0.64,1.0,1.0,0.91,0.91,0.16199999999999998,0.16199999999999998,0.39,0.39,0.74,-0.01,0.2699999999999999,0.2849999999999999,0.25,0.39,0.25,0.75,0.56,0.25,0.25,0.56,0.56,0.73,0.37,0.74,0.37,0.08,0.41,0.046,0.102,0.115
0.64,0.64,1.0,1.0,0.91,0.91,0.24725324988365172,0.24732289791107176,0.3,0.3,0.6,0.13,0.4199999999999999,0.40499999999999986,0.25,0.39,0.25,0.76,0.56,0.25,0.25,0.56,0.56,0.83,0.32,0.82,0.33,0.08,0.0,0.053,0.108,0.131
0.63,0.63,1.0,1.0,0.92,0.92,0.16199999999999998,0.16199999999999998,0.32,0.32,0.66,0.07,0.345,0.36,0.25,0.35,0.25,0.73,0.56,0.25,0.25,0.56,0.56,0.78,0.35,0.79,0.35,0.08,0.0,0.056,0.115,0.157
0.62,0.62,1.0,1.0,0.92,0.92,0.16199999999999998,0.16199999999999998,0.33,0.33,0.63,0.09,0.32999999999999996,0.32999999999999996,0.25,0.35,0.25,0.73,0.56,0.25,0.25,0.56,0.56,0.77,0.35,0.77,0.35,0.08,0.0,0.054,0.124,0.2
0.61,0.61,1.0,1.0,0.94,0.94,0.16199999999999998,0.16199999999999998,0.34,0.34,0.57,0.16,0.31499999999999995,0.31499999999999995,0.25,0.35,0.25,0.73,0.56,0.25,0.25,0.56,0.56,0.76,0.36,0.76,0.36,0.08,0.0,0.045,0.129,0.207
0.6,0.6,1.0,1.0,0.94,0.94,0.16199999999999998,0.16199999999999998,0.34,0.34,0.51,0.21,0.29999999999999993,0.29999999999999993,0.25,0.35,0.25,0.73,0.56,0.25,0.25,0.56,0.56,0.75,0.36,0.75,0.36,0.08,0.28,0.049,0.128,0.181
0.6,0.6,1.0,1.0,0.94,0.94,0.24077380776405333,0.24070052385330198,0.25,0.25,0.46,0.27,0.4349999999999999,0.4649999999999999,0.0,0.35,0.25,0.72,0.56,0.25,0.25,0.56,0.56,0.84,0.32,0.86,0.31,0.07,0.35,0.067,0.12,0.141
0.59,0.59,1.0,1.0,0.95,0.95,0.16199999999999998,0.16199999999999998,0.3,0.3,0.4,0.32,0.345,0.39,0.0,0.35,0.25,0.72,0.56,0.25,0.25,0.56,0.56,0.78,0.35,0.81,0.33,0.06,0.77,0.075,0.108,0.107
0.59,0.59,1.0,1.0,0.95,0.95,0.16199999999999998,0.16199999999999998,0.3,0.3,0.35,0.37,0.31499999999999995,0.375,0.25,0.35,0.25,0.72,0.56,0.25,0.25,0.56,0.56,0.76,0.36,0.8,0.34,0.06,1.0,0.1,0.095,0.065
0.59,0.59,1.0,1.0,0.95,0.95,0.16199999999999998,0.16199999999999998,0.3,0.3,0.36,0.37,0.29999999999999993,0.375,0.25,0.35,0.25,0.73,0.56,0.25,0.25,0.56,0.56,0.75,0.36,0.8,0.34,0.06,1.0,0.109,0.08,0.014
0.58,0.58,1.0,1.0,0.96,0.96,0.16199999999999998,0.16199999999999998,0.38,0.38,0.59,0.14,0.2699999999999999,0.36,0.25,0.36,0.25,0.74,0.56,0.25,0.25,0.56,0.56,0.73,0.37,0.79,0.34,0.06,1.0,0.117,0.073,-0.017
0.58,0.58,1.0,1.0,0.96,0.96,0.16199999999999998,0.16199999999999998,0.38,0.38,0.63,0.1,0.2699999999999999,0.36,0.25,0.37,0.25,0.74,0.56,0.25,0.25,0.56,0.56,0.73,0.37,0.79,0.34,0.07,1.0,0.116,0.068,-0.014
0.58,0.58,1.0,1.0,0.96,0.96,0.16199999999999998,0.16199999999999998,0.37,0.37,0.68,0.05,0.2849999999999999,0.32999999999999996,0.25,0.36,0.25,0.73,0.56,0.25,0.25,0.56,0.56,0.74,0.37,0.77,0.35,0.07,0.79,0.109,0.067,0.003
0.57,0.57,1.0,1.0,0.97,0.97,0.16199999999999998,0.16199999999999998,0.37,0.37,0.71,0.02,0.2699999999999999,0.29999999999999993,0.25,0.36,0.25,0.73,0.56,0.25,0.25,0.56,0.56,0.73,0.37,0.75,0.36,0.07,0.51,0.11,0.066,0.05
0.57,0.57,1.0,1.0,0.97,0.97,0.16199999999999998,0.16199999999999998,0.37,0.37,0.71,0.03,0.2849999999999999,0.29999999999999993,0.25,0.36,0.25,0.73,0.56,0.25,0.25,0.56,0.56,0.74,0.37,0.75,0.36,0.08,0.36,0.1,0.073,0.106
0.57,0.57,1.0,1.0,0.97,0.97,0.16199999999999998,0.16199999999999998,0.38,0.38,0.69,0.05,0.2849999999999999,0.29999999999999993,0.25,0.35,0.25,0.73,0.56,0.25,0.25,0.56,0.56,0.74,0.37,0.75,0.36,0.08,0.48,0.099,0.08,0.12
0.57,0.57,1.0,1.0,0.97,0.97,0.16199999999999998,0.16199999999999998,0.38,0.38,0.68,0.06,0.2849999999999999,0.32999999999999996,0.25,0.36,0.25,0.73,0.56,0.25,0.25,0.56,0.56,0.74,0.36,0.77,0.35,0.08,0.61,0.098,0.083,0.109
0.57,0.57,1.0,1.0,0.97,0.97,0.23816935300827025,0.23755178928375242,0.25,0.25,0.39,0.33,0.36,0.40499999999999986,0.25,0.36,0.25,0.74,0.56,0.25,0.25,0.56,0.56,0.79,0.34,0.82,0.33,0.07,0.58,0.105,0.087,0.076
0.59,0.59,1.0,1.0,0.95,0.95,0.3372062849998474,0.3370672869682312,0.21,0.21,0.38,0.34,0.4199999999999999,0.4649999999999999,0.25,0.36,0.25,0.73,0.56,0.25,0.25,0.56,0.56,0.83,0.33,0.86,0.31,0.07,0.47,0.112,0.089,0.025
0.59,0.59,1.0,1.0,0.95,0.95,0.16199999999999998,0.16199999999999998,0.26,0.26,0.41,0.32,0.4349999999999999,0.4649999999999999,0.25,0.34,0.25,0.72,0.56,0.25,0.25,0.56,0.56,0.84,0.32,0.86,0.31,0.07,0.25,0.112,0.086,0.01
0.58,0.58,1.0,1.0,0.96,0.96,0.16199999999999998,0.16199999999999998,0.26,0.26,0.42,0.31,0.4199999999999999,0.4499999999999999,0.25,0.33,0.25,0.71,0.56,0.25,0.25,0.56,0.56,0.83,0.32,0.85,0.32,0.07,0.26,0.14,0.088,0.037
0.58,0.58,1.0,1.0,0.96,0.96,0.16199999999999998,0.16199999999999998,0.25,0.25,0.43,0.29,0.4199999999999999,0.4499999999999999,0.25,0.32,0.25,0.7,0.56,0.25,0.25,0.56,0.56,0.83,0.32,0.85,0.32,0.07,0.25,0.151,0.088,0.062
0.58,0.58,1.0,1.0,0.96,0.96,0.16199999999999998,0.16199999999999998,0.24,0.24,0.44,0.28,0.4349999999999999,0.4499999999999999,0.0,0.31,0.25,0.7,0.56,0.25,0.25,0.56,0.56,0.84,0.32,0.85,0.32,0.07,0.24,0.165,0.09,0.074
0.6,0.6,1.0,1.0,0.94,0.94,0.9559830236434936,0.9559840965270996,0.22,0.22,0.43,0.3,0.4499999999999999,0.49499999999999994,0.0,0.31,0.25,0.7,0.56,0.25,0.25,0.56,0.56,0.85,0.31,0.88,0.3,0.08,0.23,0.173,0.091,0.085
0.61,0.61,1.0,1.0,0.94,0.94,0.7490839767456055,0.749104540348053,0.11,0.11,0.44,0.29,0.49499999999999994,0.5249999999999999,0.25,0.31,0.25,0.69,0.56,0.25,0.25,0.56,0.56,0.88,0.3,0.9,0.3,0.08,0.22,0.189,0.089,0.095
0.61,0.61,1.0,1.0,0.94,0.94,0.37532893896102903,0.37533305168151854,0.17,0.17,0.45,0.27,0.51,0.5249999999999999,0.25,0.31,0.25,0.69,0.56,0.25,0.25,0.56,0.56,0.89,0.3,0.9,0.3,0.08,0.22,0.197,0.088,0.095
0.6,0.6,1.0,1.0,0.94,0.94,0.2906706440448761,0.2906374740600586,0.19,0.19,0.46,0.27,0.49499999999999994,0.49499999999999994,0.25,0.3,0.25,0.69,0.56,0.25,0.25,0.56,0.56,0.88,0.3,0.88,0.3,0.08,0.22,0.22,0.089,0.101
0.6,0.6,1.0,1.0,0.94,0.94,0.2705791103839874,0.2704902398586273,0.19,0.19,0.46,0.27,0.4649999999999999,0.4649999999999999,0.25,0.3,0.25,0.69,0.56,0.25,0.25,0.56,0.56,0.86,0.31,0.86,0.31,0.08,0.22,0.228,0.088,0.107
0.6,0.6,1.0,1.0,0.94,0.94,0.24694440841674803,0.24681911945343016,0.18,0.18,0.46,0.27,0.4649999999999999,0.4649999999999999,0.0,0.3,0.25,0.69,0.56,0.25,0.25,0.56,0.56,0.86,0.31,0.86,0.31,0.07,0.21,0.247,0.088,0.115
0.6,0.6,1.0,1.0,0.94,0.94,0.2457436430454254,0.2456353414058685,0.18,0.18,0.48,0.25,0.4649999999999999,0.4499999999999999,0.0,0.31,0.25,0.69,0.56,0.25,0.25,0.56,0.56,0.86,0.31,0.85,0.32,0.07,0.2,0.268,0.089,0.125
0.6,0.6,1.0,1.0,0.94,0.94,0.23749051570892332,0.23740739703178404,0.17,0.17,0.5,0.23,0.49499999999999994,0.4799999999999999,0.0,0.31,0.25,0.69,0.56,0.25,0.25,0.56,0.56,0.88,0.3,0.87,0.31,0.07,0.18,0.279,0.091,0.14
0.6,0.6,1.0,1.0,0.94,0.94,0.2585384953022003,0.2583900797367096,0.17,0.17,0.5,0.23,0.4799999999999999,0.4649999999999999,0.0,0.31,0.25,0.69,0.56,0.25,0.25,0.56,0.56,0.87,0.31,0.86,0.31,0.07,0.17,0.272,0.095,0.166
0.6,0.6,1.0,1.0,0.95,0.95,0.2533018696308136,0.2532102870941162,0.17,0.17,0.5,0.23,0.4799999999999999,0.4649999999999999,0.0,0.31,0.25,0.69,0.56,0.25,0.25,0.56,0.56,0.87,0.31,0.86,0.31,0.07,0.17,0.279,0.097,0.167
0.6,0.6,1.0,1.0,0.95,0.95,0.25582255005836485,0.2557568061351776,0.17,0.17,0.5,0.23,0.51,0.49499999999999994,0.0,0.31,0.25,0.69,0.56,0.25,0.25,0.56,0.56,0.89,0.3,0.88,0.31,0.07,0.16,0.293,0.095,0.167
0.6,0.6,1.0,1.0,0.95,0.95,0.2649508225917816,0.26488212823867796,0.16,0.16,0.5,0.23,0.51,0.4799999999999999,0.0,0.31,0.25,0.69,0.56,0.25,0.25,0.56,0.56,0.89,0.3,0.87,0.31,0.07,0.16,0.28,0.1,0.174
0.6,0.6,1.0,1.0,0.94,0.94,0.2855533170700073,0.2852403628826141,0.16,0.16,0.47,0.26,0.4649999999999999,0.4499999999999999,0.25,0.31,0.25,0.69,0.56,0.25,0.25,0.56,0.56,0.86,0.31,0.85,0.32,0.07,0.21,0.287,0.099,0.177
0.61,0.61,1.0,1.0,0.93,0.93,0.2841819930076599,0.28378881096839903,0.17,0.17,0.42,0.31,0.4799999999999999,0.4799999999999999,0.25,0.31,0.25,0.69,0.56,0.25,0.25,0.56,0.56,0.87,0.31,0.87,0.31,0.07,0.27,0.296,0.096,0.161
0.61,0.61,1.0,1.0,0.94,0.94,0.27007643461227415,0.2698129820823669,0.17,0.17,0.38,0.35,0.49499999999999994,0.51,0.25,0.31,0.25,0.69,0.56,0.25,0.25,0.56,0.56,0.88,0.3,0.89,0.3,0.07,0.43,0.314,0.076,0.128
0.62,0.62,1.0,1.0,0.93,0.93,0.29937167048454283,0.298885862827301,0.17,0.17,0.32,0.41,0.4649999999999999,0.4799999999999999,0.25,0.32,0.25,0.7,0.56,0.25,0.25,0.56,0.56,0.86,0.31,0.87,0.31,0.08,0.57,0.323,0.042,0.064
0.62,0.62,1.0,1.0,0.93,0.93,0.2790746796131134,0.2786088991165161,0.18,0.18,0.25,0.48,0.4499999999999999,0.4499999999999999,0.25,0.32,0.25,0.7,0.56,0.25,0.25,0.56,0.56,0.85,0.32,0.85,0.31,0.08,0.54,0.343,0.021,0.01
0.62,0.62,1.0,1.0,0.93,0.93,0.26287717700004576,0.26237849473953245,0.18,0.18,0.24,0.49,0.4649999999999999,0.4799999999999999,0.25,0.32,0.25,0.7,0.56,0.25,0.25,0.56,0.56,0.86,0.31,0.87,0.31,0.08,0.65,0.351,-0.006,-0.063
0.6,0.6,1.0,1.0,0.94,0.94,0.2550241160392761,0.2547273743152618,0.18,0.18,0.33,0.4,0.4349999999999999,0.4649999999999999,0.25,0.32,0.25,0.7,0.56,0.25,0.25,0.56,0.56,0.84,0.32,0.86,0.31,0.08,0.55,0.346,-0.024,-0.117
0.6,0.6,1.0,1.0,0.94,0.94,0.24790204644203184,0.24776391267776487,0.18,0.18,0.47,0.26,0.4649999999999999,0.4799999999999999,0.25,0.31,0.25,0.7,0.56,0.25,0.25,0.56,0.56,0.86,0.31,0.87,0.31,0.08,0.37,0.342,-0.028,-0.107
0.59,0.59,1.0,1.0,0.95,0.95,0.2442332911491394,0.2440981078147888,0.19,0.19,0.58,0.15,0.51,0.51,0.0,0.31,0.25,0.7,0.56,0.25,0.25,0.56,0.56,0.89,0.3,0.89,0.3,0.08,0.24,0.323,-0.032,-0.0
0.58,0.58,1.0,1.0,0.96,0.96,0.2257190155982971,0.22558368325233458,0.19,0.19,0.61,0.12,0.49499999999999994,0.49499999999999994,0.0,0.31,0.25,0.7,0.56,0.25,0.25,0.56,0.56,0.88,0.31,0.88,0.3,0.08,0.21,0.318,-0.032,0.125
0.58,0.58,1.0,1.0,0.96,0.96,0.19787838637828825,0.19766017377376555,0.21,0.21,0.53,0.2,0.4649999999999999,0.4799999999999999,0.0,0.31,0.25,0.7,0.56,0.25,0.25,0.56,0.56,0.86,0.31,0.87,0.31,0.08,0.21,0.299,-0.024,0.22
0.6,0.6,1.0,1.0,0.94,0.94,0.20495390474796293,0.20458553314208983,0.2,0.2,0.43,0.3,0.4349999999999999,0.4499999999999999,0.0,0.31,0.25,0.7,0.56,0.25,0.25,0.56,0.56,0.84,0.32,0.85,0.32,0.07,0.39,0.287,-0.018,0.239
0.61,0.61,1.0,1.0,0.94,0.94,0.9557518768310547,0.9557249355316162,0.22,0.22,0.34,0.38,0.4499999999999999,0.51,0.0,0.32,0.25,0.71,0.56,0.25,0.25,0.56,0.56,0.85,0.31,0.89,0.3,0.08,0.38,0.279,-0.024,0.182
0.6,0.6,1.0,1.0,0.94,0.94,0.3083036649227142,0.3078130292892456,0.2,0.2,0.24,0.48,0.4349999999999999,0.4799999999999999,0.25,0.33,0.25,0.71,0.56,0.25,0.25,0.56,0.56,0.84,0.32,0.87,0.31,0.09,0.72,0.268,-0.035,0.07
0.59,0.59,1.0,1.0,0.95,0.95,0.16199999999999998,0.16199999999999998,0.23,0.23,0.18,0.54,0.40499999999999986,0.4499999999999999,0.25,0.33,0.25,0.71,0.56,0.25,0.25,0.56,0.56,0.82,0.33,0.85,0.32,0.09,0.99,0.245,-0.058,-0.041
0.57,0.57,1.0,1.0,0.96,0.96,0.16199999999999998,0.16199999999999998,0.25,0.25,0.15,0.58,0.375,0.4349999999999999,0.0,0.33,0.25,0.71,0.56,0.25,0.25,0.56,0.56,0.8,0.34,0.84,0.32,0.08,1.0,0.204,-0.073,-0.124
0.58,0.58,1.0,1.0,0.96,0.96,0.16199999999999998,0.16199999999999998,0.25,0.25,0.22,0.5,0.375,0.4349999999999999,0.25,0.32,0.25,0.71,0.56,0.25,0.25,0.56,0.56,0.8,0.34,0.84,0.32,0.08,0.93,0.171,-0.09,-0.169
0.58,0.58,1.0,1.0,0.96,0.96,0.16199999999999998,0.16199999999999998,0.24,0.24,0.33,0.39,0.375,0.4199999999999999,0.25,0.33,0.25,0.71,0.56,0.25,0.25,0.56,0.56,0.8,0.34,0.83,0.32,0.08,0.8,0.15,-0.102,-0.18
0.58,0.58,1.0,1.0,0.96,0.96,0.16199999999999998,0.16199999999999998,0.25,0.25,0.39,0.34,0.39,0.4199999999999999,0.25,0.33,0.25,0.71,0.56,0.25,0.25,0.56,0.56,0.81,0.34,0.83,0.33,0.08,0.45,0.177,-0.109,-0.1
0.57,0.57,1.0,1.0,0.97,0.97,0.16199999999999998,0.16199999999999998,0.26,0.26,0.43,0.29,0.4349999999999999,0.4349999999999999,0.0,0.32,0.25,0.7,0.56,0.25,0.25,0.56,0.56,0.84,0.32,0.84,0.32,0.08,0.27,0.209,-0.105,-0.002
0.57,0.57,1.0,1.0,0.97,0.97,0.16199999999999998,0.16199999999999998,0.26,0.26,0.42,0.3,0.4349999999999999,0.4499999999999999,0.0,0.32,0.25,0.7,0.56,0.25,0.25,0.56,0.56,0.84,0.32,0.85,0.32,0.08,0.26,0.213,-0.104,0.067
0.58,0.58,1.0,1.0,0.96,0.96,0.16199999999999998,0.16199999999999998,0.25,0.25,0.32,0.4,0.4199999999999999,0.4499999999999999,0.25,0.32,0.25,0.7,0.56,0.25,0.25,0.56,0.56,0.83,0.32,0.85,0.32,0.07,0.84,0.207,-0.109,0.098
0.58,0.58,1.0,1.0,0.96,0.96,0.16199999999999998,0.16199999999999998,0.27,0.27,0.21,0.52,0.36,0.4199999999999999,0.25,0.32,0.25,0.7,0.56,0.25,0.25,0.56,0.56,0.79,0.34,0.83,0.33,0.08,1.0,0.218,-0.12,0.047
0.57,0.57,1.0,1.0,0.96,0.96,0.16199999999999998,0.16199999999999998,0.26,0.26,0.15,0.58,0.31499999999999995,0.39,0.25,0.33,0.25,0.71,0.56,0.25,0.25,0.56,0.56,0.76,0.36,0.81,0.34,0.07,1.0,0.159,-0.135,-0.089
0.57,0.57,1.0,1.0,0.96,0.96,0.16199999999999998,0.16199999999999998,0.26,0.26,0.14,0.58,0.31499999999999995,0.39,0.25,0.33,0.25,0.71,0.56,0.25,0.25,0.56,0.56,0.76,0.36,0.81,0.34,0.07,1.0,0.125,-0.133,-0.149
0.57,0.57,1.0,1.0,0.96,0.96,0.16199999999999998,0.16199999999999998,0.27,0.27,0.19,0.53,0.345,0.39,0.25,0.33,0.25,0.71,0.56,0.25,0.25,0.56,0.56,0.78,0.35,0.81,0.33,0.08,0.97,0.112,-0.129,-0.184
0.58,0.58,1.0,1.0,0.96,0.96,0.16199999999999998,0.16199999999999998,0.25,0.25,0.26,0.47,0.375,0.4199999999999999,0.25,0.33,0.25,0.71,0.56,0.25,0.25,0.56,0.56,0.8,0.34,0.83,0.33,0.08,0.99,0.118,-0.128,-0.173
0.58,0.58,1.0,1.0,0.96,0.96,0.16199999999999998,0.16199999999999998,0.25,0.25,0.34,0.39,0.375,0.4199999999999999,0.25,0.33,0.25,0.71,0.56,0.25,0.25,0.56,0.56,0.8,0.34,0.83,0.33,0.08,0.75,0.136,-0.13,-0.133
0.58,0.58,1.0,1.0,0.96,0.96,0.16199999999999998,0.16199999999999998,0.25,0.25,0.4,0.32,0.39,0.4199999999999999,0.25,0.33,0.25,0.71,0.56,0.25,0.25,0.56,0.56,0.81,0.33,0.83,0.32,0.07,0.44,0.186,-0.132,-0.053
0.57,0.57,1.0,1.0,0.96,0.96,0.16199999999999998,0.16199999999999998,0.26,0.26,0.48,0.25,0.39,0.39,0.0,0.33,0.25,0.71,0.56,0.25,0.25,0.56,0.56,0.81,0.33,0.81,0.33,0.07,0.25,0.213,-0.129,0.022
0.57,0.57,1.0,1.0,0.97,0.97,0.16199999999999998,0.16199999999999998,0.25,0.25,0.53,0.2,0.39,0.375,0.0,0.33,0.25,0.71,0.56,0.25,0.25,0.56,0.56,0.81,0.34,0.8,0.34,0.07,0.2,0.227,-0.124,0.108
0.57,0.57,1.0,1.0,0.97,0.97,0.16199999999999998,0.16199999999999998,0.25,0.25,0.55,0.17,0.36,0.345,0.0,0.33,0.25,0.71,0.56,0.25,0.25,0.56,0.56,0.79,0.34,0.78,0.35,0.07,0.17,0.232,-0.113,0.174
0.58,0.58,1.0,1.0,0.96,0.96,0.854047577381134,0.8536129403114319,0.16,0.16,0.48,0.24,0.4199999999999999,0.4349999999999999,0.0,0.33,0.25,0.71,0.56,0.25,0.25,0.56,0.56,0.83,0.32,0.84,0.32,0.07,0.15,0.227,-0.105,0.204
0.58,0.58,1.0,1.0,0.96,0.96,0.22491024017333983,0.22479953944683073,0.22,0.22,0.44,0.28,0.4349999999999999,0.4499999999999999,0.0,0.33,0.25,0.71,0.56,0.25,0.25,0.56,0.56,0.84,0.32,0.85,0.32,0.07,0.16,0.22,-0.094,0.198
0.58,0.58,1.0,1.0,0.96,0.96,0.16199999999999998,0.16199999999999998,0.26,0.26,0.37,0.35,0.40499999999999986,0.4349999999999999,0.0,0.33,0.25,0.71,0.56,0.25,0.25,0.56,0.56,0.82,0.33,0.84,0.32,0.07,0.35,0.218,-0.08,0.15
0.57,0.57,1.0,1.0,0.96,0.96,0.16199999999999998,0.16199999999999998,0.28,0.28,0.31,0.41,0.375,0.4199999999999999,0.25,0.35,0.25,0.72,0.56,0.25,0.25,0.56,0.56,0.8,0.34,0.83,0.32,0.07,0.8,0.204,-0.062,0.072
0.57,0.57,1.0,1.0,0.96,0.96,0.16199999999999998,0.16199999999999998,0.29,0.29,0.25,0.48,0.36,0.4199999999999999,0.25,0.34,0.25,0.72,0.56,0.25,0.25,0.56,0.56,0.79,0.34,0.83,0.33,0.07,0.91,0.19,-0.045,-0.001
0.57,0.57,1.0,1.0,0.97,0.97,0.16199999999999998,0.16199999999999998,0.29,0.29,0.18,0.55,0.2849999999999999,0.36,0.25,0.33,0.25,0.71,0.56,0.25,0.25,0.56,0.56,0.74,0.36,0.79,0.34,0.07,1.0,0.15,-0.034,-0.071
0.57,0.57,1.0,1.0,0.97,0.97,0.16199999999999998,0.16199999999999998,0.28,0.28,0.14,0.58,0.2699999999999999,0.36,0.25,0.33,0.25,0.71,0.56,0.25,0.25,0.56,0.56,0.73,0.37,0.79,0.34,0.06,1.0,0.132,-0.033,-0.127
0.57,0.57,1.0,1.0,0.97,0.97,0.16199999999999998,0.16199999999999998,0.28,0.28,0.11,0.62,0.2699999999999999,0.36,0.25,0.33,0.25,0.71,0.56,0.25,0.25,0.56,0.56,0.73,0.37,0.79,0.34,0.06,1.0,0.122,-0.039,-0.173
0.57,0.57,1.0,1.0,0.97,0.97,0.16199999999999998,0.16199999999999998,0.28,0.28,0.1,0.63,0.2699999999999999,0.375,0.25,0.33,0.25,0.71,0.56,0.25,0.25,0.56,0.56,0.73,0.37,0.8,0.34,0.06,1.0,0.12,-0.048,-0.202
0.57,0.57,1.0,1.0,0.97,0.97,0.16199999999999998,0.16199999999999998,0.27,0.27,0.12,0.61,0.29999999999999993,0.39,0.25,0.33,0.25,0.71,0.56,0.25,0.25,0.56,0.56,0.75,0.36,0.81,0.34,0.06,1.0,0.122,-0.058,-0.212
0.58,0.58,1.0,1.0,0.96,0.96,0.16199999999999998,0.16199999999999998,0.26,0.26,0.19,0.54,0.32999999999999996,0.39,0.25,0.32,0.25,0.71,0.56,0.25,0.25,0.56,0.56,0.77,0.35,0.81,0.33,0.06,1.0,0.126,-0.07,-0.211
0.59,0.59,1.0,1.0,0.95,0.95,0.6252198028564453,0.6249045538902283,0.12,0.12,0.31,0.41,0.375,0.4499999999999999,0.25,0.33,0.25,0.71,0.56,0.25,0.25,0.56,0.56,0.8,0.34,0.85,0.32,0.08,0.98,0.145,-0.083,-0.19
0.6,0.6,1.0,1.0,0.95,0.95,0.23953879952430723,0.2394092786312103,0.21,0.21,0.38,0.34,0.39,0.4499999999999999,0.25,0.33,0.25,0.71,0.56,0.25,0.25,0.56,0.56,0.81,0.33,0.85,0.32,0.09,0.74,0.198,-0.101,-0.111
0.58,0.58,1.0,1.0,0.96,0.96,0.16199999999999998,0.16199999999999998,0.23,0.23,0.45,0.28,0.40499999999999986,0.4349999999999999,0.25,0.32,0.25,0.7,0.56,0.25,0.25,0.56,0.56,0.82,0.33,0.84,0.32,0.07,0.38,0.248,-0.101,-0.001
0.58,0.58,1.0,1.0,0.96,0.96,0.16199999999999998,0.16199999999999998,0.24,0.24,0.48,0.25,0.40499999999999986,0.4349999999999999,0.25,0.32,0.25,0.7,0.56,0.25,0.25,0.56,0.56,0.82,0.33,0.84,0.32,0.07,0.29,0.257,-0.093,0.074
0.58,0.58,1.0,1.0,0.96,0.96,0.16199999999999998,0.16199999999999998,0.23,0.23,0.49,0.24,0.40499999999999986,0.4349999999999999,0.0,0.32,0.25,0.71,0.56,0.25,0.25,0.56,0.56,0.82,0.33,0.84,0.32,0.07,0.27,0.255,-0.087,0.117
0.58,0.58,1.0,1.0,0.96,0.96,0.16199999999999998,0.16199999999999998,0.23,0.23,0.52,0.21,0.40499999999999986,0.4199999999999999,0.0,0.33,0.25,0.71,0.56,0.25,0.25,0.56,0.56,0.82,0.33,0.83,0.32,0.07,0.25,0.257,-0.069,0.138
0.58,0.58,1.0,1.0,0.96,0.96,0.24305514574050902,0.24264736056327818,0.19,0.19,0.57,0.16,0.4199999999999999,0.4199999999999999,0.0,0.33,0.25,0.71,0.56,0.25,0.25,0.56,0.56,0.83,0.33,0.83,0.32,0.07,0.21,0.269,-0.053,0.167
0.58,0.58,1.0,1.0,0.96,0.96,0.5467102336883545,0.5464538741111755,0.12,0.12,0.55,0.18,0.39,0.39,0.0,0.33,0.255,0.71,0.56,0.26,0.25,0.56,0.56,0.81,0.34,0.81,0.33,0.07,0.17,0.289,-0.024,0.209
0.58,0.58,1.0,1.0,0.96,0.96,0.2117763417959213,0.21133538663387297,0.21,0.21,0.6,0.13,0.375,0.36,0.0,0.33,0.255,0.71,0.56,0.26,0.25,0.56,0.56,0.8,0.34,0.79,0.34,0.07,0.15,0.289,0.008,0.25
0.58,0.58,1.0,1.0,0.96,0.96,0.16199999999999998,0.16199999999999998,0.32,0.32,0.38,0.34,0.32999999999999996,0.345,0.25,0.34,0.29000000000000004,0.72,0.56,0.31,0.27,0.56,0.56,0.77,0.35,0.78,0.35,0.07,0.15,0.276,0.028,0.26
0.58,0.58,1.0,1.0,0.96,0.96,0.16199999999999998,0.16199999999999998,0.33,0.33,0.31,0.42,0.345,0.36,0.25,0.35,0.28,0.72,0.56,0.3,0.26,0.56,0.56,0.78,0.35,0.79,0.34,0.07,0.16,0.251,0.039,0.254
0.58,0.58,1.0,1.0,0.96,0.96,0.16199999999999998,0.16199999999999998,0.34,0.34,0.26,0.47,0.36,0.40499999999999986,0.25,0.35,0.27,0.72,0.56,0.29,0.25,0.56,0.56,0.79,0.34,0.82,0.33,0.07,0.2,0.235,0.039,0.206
0.59,0.59,1.0,1.0,0.95,0.95,0.6524114418029785,0.651936571598053,0.12,0.12,0.42,0.31,0.375,0.4349999999999999,0.25,0.34,0.255,0.72,0.56,0.26,0.25,0.56,0.56,0.8,0.34,0.84,0.32,0.07,0.29,0.234,0.043,0.159
0.59,0.59,1.0,1.0,0.95,0.95,0.2073801565170288,0.2070003706216812,0.23,0.23,0.34,0.39,0.4199999999999999,0.4799999999999999,0.25,0.35,0.25,0.72,0.56,0.25,0.25,0.56,0.56,0.83,0.32,0.87,0.31,0.07,0.56,0.241,0.05,0.094
0.59,0.59,1.0,1.0,0.95,0.95,0.16199999999999998,0.16199999999999998,0.26,0.26,0.26,0.46,0.345,0.39,0.25,0.35,0.25,0.72,0.56,0.25,0.25,0.56,0.56,0.78,0.35,0.81,0.33,0.06,0.63,0.237,0.052,-0.01
0.59,0.59,1.0,1.0,0.95,0.95,0.16199999999999998,0.16199999999999998,0.27,0.27,0.2,0.52,0.29999999999999993,0.345,0.25,0.35,0.25,0.73,0.56,0.25,0.25,0.56,0.56,0.75,0.36,0.78,0.35,0.06,0.77,0.223,0.05,-0.073
0.59,0.59,1.0,1.0,0.95,0.95,0.16199999999999998,0.16199999999999998,0.27,0.27,0.15,0.58,0.2849999999999999,0.345,0.25,0.35,0.25,0.73,0.56,0.25,0.25,0.56,0.56,0.74,0.37,0.78,0.35,0.06,0.98,0.21,0.046,-0.144
0.58,0.58,1.0,1.0,0.96,0.96,0.16199999999999998,0.16199999999999998,0.28,0.28,0.18,0.55,0.2699999999999999,0.345,0.25,0.35,0.25,0.72,0.56,0.25,0.25,0.56,0.56,0.73,0.37,0.78,0.35,0.05,1.0,0.2,0.034,-0.174
0.58,0.58,1.0,1.0,0.96,0.96,0.16199999999999998,0.16199999999999998,0.28,0.28,0.26,0.46,0.2699999999999999,0.36,0.25,0.34,0.25,0.72,0.56,0.25,0.25,0.56,0.56,0.73,0.37,0.79,0.34,0.07,1.0,0.186,0.021,-0.179
0.58,0.58,1.0,1.0,0.96,0.96,0.16199999999999998,0.16199999999999998,0.27,0.27,0.36,0.37,0.29999999999999993,0.375,0.25,0.34,0.25,0.72,0.56,0.25,0.25,0.56,0.56,0.75,0.36,0.8,0.34,0.07,1.0,0.175,0.005,-0.115
0.59,0.59,1.0,1.0,0.95,0.95,0.9118206310272217,0.9118007826805115,0.2,0.2,0.44,0.29,0.375,0.4649999999999999,0.25,0.34,0.25,0.72,0.56,0.25,0.25,0.56,0.56,0.8,0.34,0.86,0.31,0.07,0.45,0.199,-0.001,-0.014
0.58,0.58,1.0,1.0,0.96,0.96,0.20951655089855192,0.20945247590541838,0.24,0.24,0.49,0.23,0.40499999999999986,0.4349999999999999,0.25,0.33,0.25,0.71,0.56,0.25,0.25,0.56,0.56,0.82,0.33,0.84,0.32,0.07,0.27,0.2,0.006,0.062
0.57,0.57,1.0,1.0,0.97,0.97,0.16199999999999998,0.16199999999999998,0.26,0.26,0.51,0.21,0.36,0.375,0.25,0.33,0.25,0.71,0.56,0.25,0.25,0.56,0.56,0.79,0.34,0.8,0.34,0.07,0.22,0.195,0.028,0.142
0.57,0.57,1.0,1.0,0.96,0.96,0.16199999999999998,0.16199999999999998,0.26,0.26,0.49,0.23,0.375,0.4199999999999999,0.25,0.32,0.26,0.7,0.56,0.27,0.25,0.56,0.56,0.8,0.34,0.83,0.33,0.07,0.31,0.186,0.051,0.167
0.59,0.59,1.0,1.0,0.96,0.96,0.16199999999999998,0.16199999999999998,0.26,0.26,0.39,0.33,0.36,0.40499999999999986,0.25,0.33,0.26,0.71,0.56,0.27,0.25,0.56,0.56,0.79,0.34,0.82,0.33,0.06,0.57,0.19,0.058,0.15
0.58,0.58,1.0,1.0,0.96,0.96,0.16199999999999998,0.16199999999999998,0.27,0.27,0.26,0.47,0.2849999999999999,0.36,0.25,0.33,0.265,0.71,0.56,0.27,0.26,0.56,0.56,0.74,0.37,0.79,0.35,0.06,0.77,0.212,0.055,0.063
0.58,0.58,1.0,1.0,0.96,0.96,0.16199999999999998,0.16199999999999998,0.27,0.27,0.17,0.55,0.2549999999999999,0.31499999999999995,0.25,0.35,0.25,0.72,0.56,0.25,0.25,0.56,0.56,0.72,0.37,0.76,0.36,0.06,1.0,0.206,0.06,-0.05
0.58,0.58,1.0,1.0,0.96,0.96,0.16199999999999998,0.16199999999999998,0.28,0.28,0.2,0.53,0.2549999999999999,0.31499999999999995,0.25,0.35,0.25,0.72,0.56,0.25,0.25,0.56,0.56,0.72,0.38,0.76,0.36,0.06,1.0,0.201,0.055,-0.142
0.58,0.58,1.0,1.0,0.96,0.96,0.16199999999999998,0.16199999999999998,0.27,0.27,0.3,0.42,0.31499999999999995,0.375,0.25,0.35,0.25,0.72,0.56,0.25,0.25,0.56,0.56,0.76,0.36,0.8,0.34,0.06,0.89,0.191,0.053,-0.152
0.58,0.58,1.0,1.0,0.96,0.96,0.16199999999999998,0.16199999999999998,0.27,0.27,0.39,0.33,0.31499999999999995,0.39,0.25,0.35,0.255,0.72,0.56,0.26,0.25,0.56,0.56,0.76,0.35,0.81,0.34,0.06,0.71,0.196,0.054,-0.096
0.58,0.58,1.0,1.0,0.96,0.96,0.16199999999999998,0.16199999999999998,0.27,0.27,0.47,0.25,0.345,0.39,0.25,0.33,0.26,0.71,0.56,0.27,0.25,0.56,0.56,0.78,0.35,0.81,0.34,0.06,0.39,0.2,0.055,0.02
0.57,0.57,1.0,1.0,0.97,0.97,0.16199999999999998,0.16199999999999998,0.26,0.26,0.53,0.19,0.32999999999999996,0.345,0.0,0.33,0.265,0.71,0.56,0.28,0.25,0.56,0.56,0.77,0.35,0.78,0.35,0.06,0.18,0.178,0.064,0.11
0.57,0.57,1.0,1.0,0.97,0.97,0.16199999999999998,0.16199999999999998,0.27,0.27,0.57,0.16,0.31499999999999995,0.32999999999999996,0.25,0.33,0.26,0.71,0.56,0.27,0.25,0.56,0.56,0.76,0.36,0.77,0.35,0.06,0.16,0.178,0.074,0.179
0.57,0.57,1.0,1.0,0.97,0.97,0.16199999999999998,0.16199999999999998,0.27,0.27,0.57,0.16,0.31499999999999995,0.32999999999999996,0.25,0.33,0.255,0.71,0.56,0.26,0.25,0.56,0.56,0.76,0.36,0.77,0.35,0.07,0.14,0.175,0.088,0.207
0.57,0.57,1.0,1.0,0.96,0.96,0.16199999999999998,0.16199999999999998,0.26,0.26,0.49,0.24,0.375,0.40499999999999986,0.25,0.32,0.255,0.7,0.56,0.26,0.25,0.56,0.56,0.8,0.34,0.82,0.33,0.07,0.46,0.171,0.099,0.21
0.58,0.58,1.0,1.0,0.96,0.96,0.16199999999999998,0.16199999999999998,0.26,0.26,0.36,0.36,0.345,0.39,0.25,0.33,0.25,0.71,0.56,0.25,0.25,0.56,0.56,0.78,0.35,0.81,0.33,0.07,0.71,0.195,0.093,0.157
0.58,0.58,1.0,1.0,0.96,0.96,0.16199999999999998,0.16199999999999998,0.27,0.27,0.28,0.45,0.29999999999999993,0.36,0.25,0.33,0.25,0.71,0.56,0.25,0.25,0.56,0.56,0.75,0.36,0.79,0.34,0.07,0.74,0.225,0.075,0.043
0.58,0.58,1.0,1.0,0.96,0.96,0.16199999999999998,0.16199999999999998,0.27,0.27,0.28,0.45,0.29999999999999993,0.36,0.25,0.33,0.25,0.71,0.56,0.25,0.25,0.56,0.56,0.75,0.36,0.79,0.34,0.07,0.91,0.215,0.062,-0.053
0.58,0.58,1.0,1.0,0.96,0.96,0.16199999999999998,0.16199999999999998,0.26,0.26,0.36,0.37,0.29999999999999993,0.375,0.25,0.34,0.25,0.72,0.56,0.25,0.25,0.56,0.56,0.75,0.36,0.8,0.34,0.07,0.96,0.205,0.056,-0.075
0.57,0.57,1.0,1.0,0.96,0.96,0.16199999999999998,0.16199999999999998,0.25,0.25,0.48,0.25,0.345,0.39,0.25,0.33,0.25,0.71,0.56,0.25,0.25,0.56,0.56,0.78,0.35,0.81,0.33,0.07,0.53,0.217,0.051,-0.014
0.57,0.57,1.0,1.0,0.97,0.97,0.16199999999999998,0.16199999999999998,0.26,0.26,0.57,0.15,0.31499999999999995,0.32999999999999996,0.25,0.34,0.255,0.71,0.56,0.26,0.25,0.56,0.56,0.76,0.36,0.77,0.35,0.07,0.21,0.209,0.058,0.101
0.57,0.57,1.0,1.0,0.97,0.97,0.16199999999999998,0.16199999999999998,0.25,0.25,0.65,0.08,0.31499999999999995,0.29999999999999993,0.25,0.34,0.26,0.71,0.56,0.27,0.25,0.56,0.56,0.76,0.36,0.75,0.36,0.07,0.12,0.2,0.068,0.191
0.57,0.57,1.0,1.0,0.97,0.97,0.16199999999999998,0.16199999999999998,0.26,0.26,0.6,0.13,0.29999999999999993,0.2849999999999999,0.25,0.34,0.26,0.72,0.56,0.27,0.25,0.56,0.56,0.75,0.36,0.74,0.36,0.07,0.1,0.202,0.075,0.262
0.57,0.57,1.0,1.0,0.96,0.96,0.16199999999999998,0.16199999999999998,0.26,0.26,0.49,0.23,0.345,0.36,0.0,0.33,0.26,0.71,0.56,0.27,0.25,0.56,0.56,0.78,0.35,0.79,0.34,0.07,0.19,0.192,0.079,0.258
0.58,0.58,1.0,1.0,0.96,0.96,0.16199999999999998,0.16199999999999998,0.26,0.26,0.39,0.34,0.36,0.40499999999999986,0.0,0.34,0.255,0.72,0.56,0.26,0.25,0.56,0.56,0.79,0.34,0.82,0.33,0.07,0.59,0.198,0.069,0.154
0.58,0.58,1.0,1.0,0.96,0.96,0.16199999999999998,0.16199999999999998,0.27,0.27,0.28,0.44,0.32999999999999996,0.375,0.25,0.34,0.255,0.72,0.56,0.26,0.25,0.56,0.56,0.77,0.35,0.8,0.34,0.07,0.62,0.22,0.056,0.061
0.57,0.57,1.0,1.0,0.96,0.96,0.16199999999999998,0.16199999999999998,0.27,0.27,0.21,0.51,0.2699999999999999,0.32999999999999996,0.25,0.34,0.26,0.72,0.56,0.26,0.26,0.56,0.56,0.73,0.37,0.77,0.35,0.06,0.98,0.205,0.054,-0.033
0.57,0.57,1.0,1.0,0.96,0.96,0.16199999999999998,0.16199999999999998,0.27,0.27,0.14,0.59,0.2699999999999999,0.32999999999999996,0.25,0.34,0.25,0.72,0.56,0.25,0.25,0.56,0.56,0.73,0.37,0.77,0.35,0.06,1.0,0.203,0.036,-0.113
0.57,0.57,1.0,1.0,0.97,0.97,0.16199999999999998,0.16199999999999998,0.27,0.27,0.12,0.61,0.29999999999999993,0.375,0.25,0.34,0.25,0.72,0.56,0.25,0.25,0.56,0.56,0.75,0.36,0.8,0.34,0.06,1.0,0.183,0.016,-0.169
0.59,0.59,1.0,1.0,0.95,0.95,0.9118873286247253,0.9117677021026611,0.24,0.24,0.23,0.5,0.29999999999999993,0.39,0.25,0.34,0.25,0.72,0.56,0.25,0.25,0.56,0.56,0.75,0.36,0.81,0.33,0.06,1.0,0.184,0.001,-0.198
0.58,0.58,1.0,1.0,0.96,0.96,0.33589221119880674,0.3354781377315521,0.18,0.18,0.22,0.51,0.32999999999999996,0.40499999999999986,0.25,0.35,0.25,0.73,0.56,0.25,0.25,0.56,0.56,0.77,0.35,0.82,0.33,0.07,0.89,0.176,-0.023,-0.205
0.57,0.57,1.0,1.0,0.96,0.96,0.16199999999999998,0.16199999999999998,0.24,0.24,0.3,0.43,0.345,0.40499999999999986,0.25,0.34,0.255,0.72,0.56,0.25,0.26,0.56,0.56,0.78,0.35,0.82,0.33,0.07,1.0,0.181,-0.053,-0.16
0.58,0.58,1.0,1.0,0.96,0.96,0.16199999999999998,0.16199999999999998,0.24,0.24,0.36,0.36,0.29999999999999993,0.36,0.25,0.34,0.255,0.72,0.56,0.25,0.26,0.56,0.56,0.75,0.36,0.79,0.34,0.07,0.81,0.197,-0.078,-0.083
0.58,0.58,1.0,1.0,0.96,0.96,0.16199999999999998,0.16199999999999998,0.25,0.25,0.44,0.28,0.345,0.375,0.25,0.34,0.25,0.72,0.56,0.25,0.25,0.56,0.56,0.78,0.35,0.8,0.34,0.07,0.35,0.223,-0.094,0.005
0.57,0.57,1.0,1.0,0.96,0.96,0.16199999999999998,0.16199999999999998,0.25,0.25,0.5,0.22,0.345,0.36,0.0,0.34,0.25,0.72,0.56,0.25,0.25,0.56,0.56,0.78,0.35,0.79,0.34,0.07,0.25,0.235,-0.106,0.088
0.57,0.57,1.0,1.0,0.97,0.97,0.16199999999999998,0.16199999999999998,0.25,0.25,0.56,0.17,0.32999999999999996,0.32999999999999996,0.0,0.34,0.255,0.72,0.56,0.26,0.25,0.56,0.56,0.77,0.35,0.77,0.35,0.07,0.2,0.243,-0.107,0.154
0.57,0.57,1.0,1.0,0.97,0.97,0.16199999999999998,0.16199999999999998,0.24,0.24,0.59,0.14,0.2849999999999999,0.2849999999999999,0.0,0.34,0.25,0.72,0.56,0.25,0.25,0.56,0.56,0.74,0.36,0.74,0.37,0.06,0.16,0.245,-0.098,0.211
0.57,0.57,1.0,1.0,0.97,0.97,0.16199999999999998,0.16199999999999998,0.25,0.25,0.53,0.19,0.375,0.375,0.0,0.34,0.25,0.71,0.56,0.25,0.25,0.56,0.56,0.8,0.34,0.8,0.34,0.06,0.14,0.245,-0.094,0.232
0.57,0.57,1.0,1.0,0.97,0.97,0.16199999999999998,0.16199999999999998,0.25,0.25,0.42,0.3,0.39,0.4199999999999999,0.0,0.33,0.25,0.71,0.56,0.25,0.25,0.56,0.56,0.81,0.33,0.83,0.33,0.07,0.32,0.23,-0.091,0.198
0.57,0.57,1.0,1.0,0.97,0.97,0.16199999999999998,0.16199999999999998,0.26,0.26,0.32,0.4,0.39,0.4349999999999999,0.25,0.33,0.25,0.71,0.56,0.25,0.25,0.56,0.56,0.81,0.34,0.84,0.32,0.07,1.0,0.224,-0.089,0.097
0.57,0.57,1.0,1.0,0.97,0.97,0.16199999999999998,0.16199999999999998,0.27,0.27,0.25,0.47,0.375,0.4349999999999999,0.25,0.32,0.255,0.7,0.56,0.25,0.26,0.56,0.56,0.8,0.34,0.84,0.32,0.08,1.0,0.203,-0.088,-0.017
0.57,0.57,1.0,1.0,0.97,0.97,0.16199999999999998,0.16199999999999998,0.28,0.28,0.19,0.53,0.32999999999999996,0.4199999999999999,0.25,0.32,0.255,0.7,0.56,0.25,0.26,0.56,0.56,0.77,0.35,0.83,0.33,0.08,1.0,0.173,-0.088,-0.086
0.57,0.57,1.0,1.0,0.97,0.97,0.16199999999999998,0.16199999999999998,0.28,0.28,0.15,0.58,0.31499999999999995,0.40499999999999986,0.25,0.32,0.25,0.7,0.56,0.25,0.25,0.56,0.56,0.76,0.36,0.82,0.33,0.08,1.0,0.139,-0.093,-0.149
0.57,0.57,1.0,1.0,0.97,0.97,0.16199999999999998,0.16199999999999998,0.27,0.27,0.13,0.59,0.29999999999999993,0.39,0.25,0.32,0.25,0.71,0.56,0.25,0.25,0.56,0.56,0.75,0.36,0.81,0.33,0.07,1.0,0.127,-0.097,-0.175
0.57,0.57,1.0,1.0,0.97,0.97,0.16199999999999998,0.16199999999999998,0.25,0.25,0.13,0.6,0.36,0.4349999999999999,0.25,0.32,0.25,0.7,0.56,0.25,0.25,0.56,0.56,0.79,0.35,0.84,0.32,0.08,1.0,0.13,-0.103,-0.195
0.57,0.57,1.0,1.0,0.97,0.97,0.16199999999999998,0.16199999999999998,0.25,0.25,0.13,0.59,0.36,0.4349999999999999,0.25,0.32,0.25,0.7,0.56,0.25,0.25,0.56,0.56,0.79,0.34,0.84,0.32,0.08,1.0,0.159,-0.106,-0.207
0.58,0.58,1.0,1.0,0.96,0.96,0.16199999999999998,0.16199999999999998,0.24,0.24,0.15,0.58,0.36,0.4199999999999999,0.25,0.32,0.25,0.7,0.56,0.25,0.25,0.56,0.56,0.79,0.34,0.83,0.32,0.08,1.0,0.174,-0.106,-0.209
0.59,0.59,1.0,1.0,0.96,0.96,0.16199999999999998,0.16199999999999998,0.23,0.23,0.27,0.46,0.4349999999999999,0.4799999999999999,0.25,0.32,0.25,0.7,0.56,0.25,0.25,0.56,0.56,0.84,0.32,0.87,0.31,0.09,1.0,0.198,-0.104,-0.195
0.59,0.59,1.0,1.0,0.95,0.95,0.16199999999999998,0.16199999999999998,0.22,0.22,0.34,0.38,0.39,0.4499999999999999,0.25,0.32,0.25,0.7,0.56,0.25,0.25,0.56,0.56,0.81,0.34,0.85,0.32,0.09,1.0,0.24,-0.099,-0.094
0.59,0.59,1.0,1.0,0.95,0.95,0.16199999999999998,0.16199999999999998,0.21,0.21,0.38,0.34,0.40499999999999986,0.4649999999999999,0.25,0.31,0.25,0.7,0.56,0.25,0.25,0.56,0.56,0.82,0.33,0.86,0.31,0.09,0.83,0.264,-0.096,-0.024
0.6,0.6,1.0,1.0,0.95,0.95,0.16199999999999998,0.16199999999999998,0.2,0.2,0.43,0.3,0.4349999999999999,0.4649999999999999,0.25,0.31,0.25,0.69,0.56,0.25,0.25,0.56,0.56,0.84,0.32,0.86,0.31,0.09,0.69,0.283,-0.096,0.022
0.6,0.6,1.0,1.0,0.95,0.95,0.16199999999999998,0.16199999999999998,0.2,0.2,0.42,0.31,0.4349999999999999,0.4649999999999999,0.25,0.3,0.25,0.69,0.56,0.25,0.25,0.56,0.56,0.84,0.32,0.86,0.31,0.08,0.74,0.312,-0.105,0.063
0.59,0.59,1.0,1.0,0.95,0.95,0.16199999999999998,0.16199999999999998,0.19,0.19,0.33,0.39,0.4499999999999999,0.49499999999999994,0.25,0.31,0.25,0.69,0.56,0.25,0.25,0.56,0.56,0.85,0.32,0.88,0.31,0.08,1.0,0.312,-0.104,0.047
0.6,0.6,1.0,1.0,0.94,0.94,0.18388047397136686,0.18292770862579344,0.21,0.21,0.26,0.47,0.4349999999999999,0.49499999999999994,0.25,0.31,0.25,0.69,0.56,0.25,0.25,0.56,0.56,0.84,0.32,0.88,0.3,0.08,1.0,0.302,-0.102,-0.031
0.59,0.59,1.0,1.0,0.95,0.95,0.18238497853279112,0.18136868953704832,0.22,0.22,0.19,0.54,0.40499999999999986,0.4799999999999999,0.25,0.31,0.25,0.7,0.56,0.25,0.25,0.56,0.56,0.82,0.33,0.87,0.31,0.08,1.0,0.265,-0.109,-0.123
0.58,0.58,1.0,1.0,0.96,0.96,0.16199999999999998,0.16199999999999998,0.23,0.23,0.17,0.56,0.375,0.4499999999999999,0.25,0.32,0.25,0.7,0.56,0.25,0.25,0.56,0.56,0.8,0.34,0.85,0.31,0.08,1.0,0.235,-0.108,-0.166
0.58,0.58,1.0,1.0,0.96,0.96,0.16199999999999998,0.16199999999999998,0.23,0.23,0.16,0.56,0.375,0.4499999999999999,0.25,0.32,0.25,0.7,0.56,0.25,0.25,0.56,0.56,0.8,0.34,0.85,0.32,0.08,1.0,0.201,-0.112,-0.195
0.58,0.58,1.0,1.0,0.96,0.96,0.16199999999999998,0.16199999999999998,0.22,0.22,0.25,0.47,0.4349999999999999,0.49499999999999994,0.25,0.32,0.25,0.7,0.56,0.25,0.25,0.56,0.56,0.84,0.32,0.88,0.3,0.08,1.0,0.216,-0.113,-0.179
0.58,0.58,1.0,1.0,0.96,0.96,0.16199999999999998,0.16199999999999998,0.21,0.21,0.35,0.38,0.4349999999999999,0.4799999999999999,0.25,0.32,0.25,0.7,0.56,0.25,0.25,0.56,0.56,0.84,0.32,0.87,0.31,0.08,1.0,0.246,-0.115,-0.111
0.59,0.59,1.0,1.0,0.95,0.95,0.16199999999999998,0.16199999999999998,0.2,0.2,0.41,0.31,0.4649999999999999,0.51,0.25,0.31,0.25,0.7,0.56,0.25,0.25,0.56,0.56,0.86,0.31,0.89,0.3,0.08,0.76,0.284,-0.116,-0.01
0.59,0.59,1.0,1.0,0.95,0.95,0.16199999999999998,0.16199999999999998,0.2,0.2,0.43,0.3,0.4799999999999999,0.51,0.25,0.31,0.25,0.69,0.56,0.25,0.25,0.56,0.56,0.87,0.31,0.89,0.3,0.07,0.54,0.303,-0.118,0.061
0.58,0.58,1.0,1.0,0.96,0.96,0.16199999999999998,0.16199999999999998,0.2,0.2,0.35,0.37,0.4199999999999999,0.4649999999999999,0.25,0.31,0.25,0.69,0.56,0.25,0.25,0.56,0.56,0.83,0.32,0.86,0.31,0.07,0.95,0.303,-0.122,0.06
0.58,0.58,1.0,1.0,0.96,0.96,0.16199999999999998,0.16199999999999998,0.21,0.21,0.22,0.51,0.4199999999999999,0.4649999999999999,0.25,0.31,0.25,0.7,0.56,0.25,0.25,0.56,0.56,0.83,0.33,0.86,0.31,0.07,1.0,0.29,-0.119,-0.029
0.58,0.58,1.0,1.0,0.96,0.96,0.16199999999999998,0.16199999999999998,0.22,0.22,0.14,0.59,0.36,0.4199999999999999,0.25,0.31,0.25,0.7,0.56,0.25,0.25,0.56,0.56,0.79,0.34,0.83,0.33,0.07,1.0,0.26,-0.119,-0.134
0.58,0.58,1.0,1.0,0.96,0.96,0.16199999999999998,0.16199999999999998,0.22,0.22,0.12,0.61,0.39,0.4499999999999999,0.25,0.32,0.25,0.7,0.56,0.25,0.25,0.56,0.56,0.81,0.33,0.85,0.31,0.07,1.0,0.22,-0.119,-0.21
0.58,0.58,1.0,1.0,0.96,0.96,0.661979238986969,0.6613129186630249,0.11,0.11,0.19,0.55,0.40499999999999986,0.4799999999999999,0.25,0.31,0.25,0.7,0.56,0.25,0.25,0.56,0.56,0.82,0.33,0.87,0.31,0.07,1.0,0.208,-0.114,-0.234
0.59,0.59,1.0,1.0,0.95,0.95,0.5158583927154541,0.515021960735321,0.17,0.17,0.24,0.49,0.4499999999999999,0.49499999999999994,0.5,0.32,0.25,0.7,0.56,0.25,0.25,0.56,0.56,0.85,0.32,0.88,0.3,0.09,1.0,0.215,-0.112,-0.227
0.57,0.57,1.0,1.0,0.97,0.97,0.16199999999999998,0.16199999999999998,0.32,0.32,0.38,0.35,0.375,0.4499999999999999,0.5,0.32,0.25,0.71,0.56,0.25,0.25,0.56,0.56,0.8,0.34,0.85,0.32,0.09,1.0,0.25,-0.106,-0.16
0.57,0.57,1.0,1.0,0.97,0.97,0.16199999999999998,0.16199999999999998,0.37,0.37,0.54,0.18,0.32999999999999996,0.40499999999999986,0.5,0.34,0.27,0.72,0.56,0.27,0.27,0.56,0.56,0.77,0.35,0.82,0.33,0.1,1.0,0.262,-0.092,-0.048
0.57,0.57,1.0,1.0,0.97,0.97,0.16199999999999998,0.16199999999999998,0.37,0.37,0.61,0.12,0.375,0.4349999999999999,0.5,0.34,0.255,0.72,0.56,0.26,0.25,0.56,0.56,0.8,0.34,0.84,0.32,0.09,1.0,0.258,-0.067,0.014
0.57,0.57,1.0,1.0,0.97,0.97,0.3567935037612915,0.35190422415733336,0.18,0.18,0.5,0.23,0.51,0.5700000000000001,0.25,0.32,0.25,0.7,0.56,0.25,0.25,0.56,0.56,0.89,0.3,0.93,0.28,0.09,0.71,0.259,-0.037,0.064
0.57,0.57,1.0,1.0,0.97,0.97,0.6551242876052856,0.6536615300178528,0.11,0.11,0.46,0.26,0.54,0.5849999999999999,0.25,0.31,0.25,0.7,0.56,0.25,0.25,0.56,0.56,0.91,0.29,0.94,0.28,0.09,0.42,0.266,-0.013,0.094
0.57,0.57,1.0,1.0,0.97,0.97,0.23626611709594725,0.23600165128707884,0.2,0.2,0.51,0.22,0.5700000000000001,0.5849999999999999,0.25,0.3,0.25,0.69,0.56,0.25,0.25,0.56,0.56,0.93,0.28,0.94,0.28,0.08,0.3,0.28,0.008,0.125
0.57,0.57,1.0,1.0,0.97,0.97,0.16199999999999998,0.16199999999999998,0.21,0.21,0.51,0.22,0.49499999999999994,0.49499999999999994,0.25,0.3,0.25,0.69,0.56,0.25,0.25,0.56,0.56,0.88,0.3,0.88,0.3,0.08,0.26,0.275,0.037,0.157
0.57,0.57,1.0,1.0,0.96,0.96,0.16199999999999998,0.16199999999999998,0.21,0.21,0.51,0.22,0.4799999999999999,0.49499999999999994,0.25,0.3,0.25,0.69,0.56,0.25,0.25,0.56,0.56,0.87,0.31,0.88,0.3,0.08,0.25,0.263,0.057,0.166
0.58,0.58,1.0,1.0,0.96,0.96,0.16199999999999998,0.16199999999999998,0.22,0.22,0.47,0.25,0.4649999999999999,0.4799999999999999,0.25,0.3,0.25,0.69,0.56,0.25,0.25,0.56,0.56,0.86,0.31,0.87,0.31,0.08,0.3,0.266,0.06,0.157
0.59,0.59,1.0,1.0,0.96,0.96,0.16199999999999998,0.16199999999999998,0.22,0.22,0.41,0.31,0.4199999999999999,0.4499999999999999,0.25,0.31,0.25,0.69,0.56,0.25,0.25,0.56,0.56,0.83,0.33,0.85,0.32,0.07,0.52,0.27,0.06,0.114
0.58,0.58,1.0,1.0,0.96,0.96,0.16199999999999998,0.16199999999999998,0.22,0.22,0.35,0.37,0.4199999999999999,0.4649999999999999,0.25,0.31,0.25,0.7,0.56,0.25,0.25,0.56,0.56,0.83,0.33,0.86,0.31,0.07,0.79,0.281,0.061,0.058
0.58,0.58,1.0,1.0,0.96,0.96,0.16199999999999998,0.16199999999999998,0.21,0.21,0.33,0.4,0.4199999999999999,0.4649999999999999,0.25,0.32,0.25,0.7,0.56,0.25,0.25,0.56,0.56,0.83,0.32,0.86,0.31,0.07,0.94,0.285,0.059,0.003
0.58,0.58,1.0,1.0,0.96,0.96,0.5726346182823181,0.5721648740768432,0.12,0.12,0.33,0.4,0.4499999999999999,0.5249999999999999,0.25,0.32,0.25,0.7,0.56,0.25,0.25,0.56,0.56,0.85,0.32,0.9,0.3,0.08,1.0,0.293,0.062,-0.031
0.58,0.58,1.0,1.0,0.96,0.96,0.23770956277847288,0.23685280561447142,0.2,0.2,0.33,0.39,0.40499999999999986,0.4799999999999999,0.25,0.32,0.25,0.7,0.56,0.25,0.25,0.56,0.56,0.82,0.33,0.87,0.31,0.08,1.0,0.292,0.06,-0.033
0.58,0.58,1.0,1.0,0.96,0.96,0.16199999999999998,0.16199999999999998,0.23,0.23,0.4,0.33,0.375,0.4499999999999999,0.25,0.32,0.25,0.7,0.56,0.25,0.25,0.56,0.56,0.8,0.34,0.85,0.32,0.08,0.98,0.266,0.056,-0.011
0.57,0.57,1.0,1.0,0.97,0.97,0.16199999999999998,0.16199999999999998,0.24,0.24,0.46,0.26,0.36,0.40499999999999986,0.25,0.32,0.25,0.7,0.56,0.25,0.25,0.56,0.56,0.79,0.34,0.82,0.33,0.12,0.59,0.237,0.057,0.062
0.57,0.57,1.0,1.0,0.97,0.97,0.16199999999999998,0.16199999999999998,0.27,0.27,0.5,0.22,0.0,0.0,0.25,0.34,0.25,0.72,0.56,0.25,0.25,0.56,0.56,0.43,0.68,0.43,0.68,0.18,0.52,0.216,0.064,0.127
0.57,0.57,1.0,1.0,0.97,0.97,0.16199999999999998,0.16199999999999998,0.27,0.27,0.5,0.22,0.0,0.0,0.5,0.35,0.31,0.73,0.56,0.32,0.3,0.56,0.56,0.31,0.92,0.31,0.91,0.19,0.73,0.202,0.072,0.153
0.57,0.57,1.0,1.0,0.97,0.97,0.16199999999999998,0.16199999999999998,0.27,0.27,0.49,0.24,0.0,0.0,0.5,0.35,0.33999999999999997,0.72,0.56,0.35,0.33,0.56,0.56,0.33,0.87,0.35,0.84,0.17,0.85,0.206,0.071,0.143
0.57,0.57,1.0,1.0,0.97,0.97,0.16199999999999998,0.16199999999999998,0.27,0.27,0.47,0.25,0.0,0.0,0.5,0.35,0.345,0.72,0.56,0.36,0.33,0.56,0.56,0.37,0.8,0.39,0.76,0.16,1.0,0.215,0.07,0.131
0.58,0.58,1.0,1.0,0.96,0.96,0.16199999999999998,0.16199999999999998,0.26,0.26,0.44,0.28,0.0,0.0,0.5,0.35,0.31,0.72,0.56,0.32,0.3,0.56,0.56,0.42,0.71,0.44,0.66,0.15,1.0,0.226,0.07,0.11
0.58,0.58,1.0,1.0,0.96,0.96,0.16199999999999998,0.16199999999999998,0.25,0.25,0.42,0.3,0.0,0.0,0.5,0.35,0.32,0.72,0.56,0.33,0.31,0.56,0.56,0.39,0.77,0.41,0.71,0.16,1.0,0.244,0.073,0.089
0.56,0.56,1.0,1.0,0.97,0.97,0.16199999999999998,0.16199999999999998,0.38,0.38,0.71,0.03,0.0,0.0,0.5,0.36,0.4,0.73,0.56,0.41000000000000003,0.39,0.56,0.56,0.31,0.92,0.32,0.89,0.16,1.0,0.251,0.075,0.076
0.56,0.56,1.0,1.0,0.97,0.97,0.16199999999999998,0.16199999999999998,0.36,0.36,0.72,0.02,0.0,0.0,0.5,0.37,0.405,0.74,0.56,0.41000000000000003,0.4,0.56,0.56,0.31,0.92,0.32,0.89,0.2,1.0,0.248,0.079,0.077
0.56,0.56,1.0,1.0,0.97,0.97,0.16199999999999998,0.16199999999999998,0.35,0.35,0.79,-0.05,0.0,0.0,0.5,0.38,0.395,0.75,0.56,0.41000000000000003,0.38,0.56,0.56,0.31,0.92,0.31,0.92,0.18,1.0,0.27,0.092,0.111
0.57,0.57,1.0,1.0,0.97,0.97,0.16199999999999998,0.16199999999999998,0.24,0.24,0.66,0.07,0.0,0.0,0.5,0.37,0.39,0.74,0.56,0.4,0.38,0.56,0.56,0.31,0.92,0.31,0.92,0.19,0.8,0.27,0.107,0.178
0.57,0.57,1.0,1.0,0.96,0.96,0.3170107114315033,0.3168343412876129,0.19,0.19,0.63,0.1,0.0,0.0,0.5,0.37,0.375,0.74,0.56,0.39,0.36,0.56,0.56,0.36,0.81,0.36,0.83,0.22,0.56,0.273,0.115,0.241
0.57,0.57,1.0,1.0,0.96,0.96,0.16199999999999998,0.16199999999999998,0.28,0.28,0.76,-0.02,0.0,0.0,0.5,0.37,0.41000000000000003,0.74,0.56,0.43,0.39,0.56,0.56,0.32,0.89,0.31,0.91,0.21,0.4,0.271,0.12,0.278
0.58,0.58,1.0,1.0,0.96,0.96,0.16199999999999998,0.16199999999999998,0.28,0.28,0.78,-0.04,0.0,0.0,0.5,0.37,0.4,0.74,0.56,0.42000000000000004,0.38,0.56,0.56,0.33,0.89,0.31,0.91,0.22,0.23,0.254,0.128,0.318
0.58,0.58,1.0,1.0,0.96,0.96,0.16199999999999998,0.16199999999999998,0.29,0.29,0.71,0.02,0.0,0.0,0.5,0.37,0.39,0.74,0.56,0.41000000000000003,0.37,0.56,0.56,0.32,0.89,0.33,0.88,0.2,0.67,0.254,0.135,0.323
0.57,0.57,1.0,1.0,0.97,0.97,0.16199999999999998,0.16199999999999998,0.3,0.3,0.7,0.03,0.0,0.0,0.5,0.37,0.32999999999999996,0.74,0.56,0.33999999999999997,0.32,0.56,0.56,0.41,0.73,0.42,0.71,0.19,0.88,0.27,0.125,0.247
0.57,0.57,1.0,1.0,0.97,0.97,0.16199999999999998,0.16199999999999998,0.31,0.31,0.66,0.07,0.0,0.0,0.5,0.38,0.305,0.75,0.56,0.31,0.3,0.56,0.56,0.45,0.65,0.46,0.62,0.16,0.96,0.29,0.108,0.136
0.57,0.57,1.0,1.0,0.97,0.97,0.16199999999999998,0.16199999999999998,0.3,0.3,0.69,0.05,0.0,0.0,0.5,0.38,0.305,0.75,0.56,0.31,0.3,0.56,0.56,0.41,0.71,0.42,0.7,0.17,0.91,0.287,0.108,0.085
0.57,0.57,1.0,1.0,0.97,0.97,0.4925031471252441,0.49154202222824095,0.15,0.15,0.56,0.17,0.13499999999999995,0.11999999999999994,0.5,0.35,0.31999999999999995,0.73,0.56,0.33999999999999997,0.3,0.56,0.56,0.64,0.41,0.63,0.41,0.17,0.15,0.268,0.116,0.156
0.58,0.58,1.0,1.0,0.96,0.96,0.26388407826423643,0.2630512821674347,0.18,0.18,0.66,0.07,0.16499999999999998,0.13499999999999995,0.25,0.35,0.305,0.72,0.56,0.32,0.29,0.56,0.56,0.66,0.4,0.64,0.41,0.16,0.0,0.272,0.118,0.272
0.58,0.58,1.0,1.0,0.96,0.96,0.21941975831985472,0.21850224912166594,0.2,0.2,0.62,0.11,0.2849999999999999,0.2699999999999999,0.25,0.35,0.28500000000000003,0.72,0.56,0.3,0.27,0.56,0.56,0.74,0.37,0.73,0.37,0.15,0.06,0.266,0.12,0.308
0.58,0.58,1.0,1.0,0.96,0.96,0.19817840635776518,0.19711158752441404,0.2,0.2,0.51,0.21,0.23999999999999988,0.23999999999999988,0.25,0.34,0.255,0.72,0.56,0.26,0.25,0.56,0.56,0.71,0.38,0.71,0.38,0.14,0.26,0.282,0.122,0.266
0.58,0.58,1.0,1.0,0.96,0.96,0.1918241935968399,0.1908480632305145,0.19,0.19,0.46,0.27,0.20999999999999985,0.2549999999999999,0.25,0.34,0.255,0.72,0.56,0.26,0.25,0.56,0.56,0.69,0.39,0.72,0.38,0.12,0.62,0.304,0.115,0.183
0.58,0.58,1.0,1.0,0.96,0.96,0.18607431232929228,0.18508934557437895,0.19,0.19,0.42,0.31,0.20999999999999985,0.2699999999999999,0.25,0.34,0.25,0.72,0.56,0.25,0.25,0.56,0.56,0.69,0.39,0.73,0.37,0.12,0.79,0.318,0.108,0.11
0.58,0.58,1.0,1.0,0.96,0.96,0.16199999999999998,0.16199999999999998,0.2,0.2,0.43,0.3,0.22499999999999987,0.2699999999999999,0.25,0.35,0.25,0.72,0.56,0.25,0.25,0.56,0.56,0.7,0.39,0.73,0.37,0.12,0.71,0.32,0.108,0.081
0.58,0.58,1.0,1.0,0.96,0.96,0.16199999999999998,0.16199999999999998,0.2,0.2,0.49,0.23,0.195,0.22499999999999987,0.25,0.34,0.265,0.72,0.56,0.28,0.25,0.56,0.56,0.68,0.39,0.7,0.38,0.12,0.54,0.302,0.108,0.111
0.58,0.58,1.0,1.0,0.96,0.96,0.16199999999999998,0.16199999999999998,0.2,0.2,0.59,0.14,0.23999999999999988,0.22499999999999987,0.25,0.34,0.32499999999999996,0.72,0.56,0.33999999999999997,0.31,0.56,0.56,0.71,0.38,0.7,0.38,0.11,0.24,0.276,0.112,0.215
0.58,0.58,1.0,1.0,0.96,0.96,0.16199999999999998,0.16199999999999998,0.21,0.21,0.63,0.1,0.23999999999999988,0.22499999999999987,0.25,0.34,0.32499999999999996,0.71,0.56,0.33999999999999997,0.31,0.56,0.56,0.71,0.38,0.7,0.39,0.1,0.18,0.269,0.109,0.26
0.58,0.58,1.0,1.0,0.96,0.96,0.16199999999999998,0.16199999999999998,0.21,0.21,0.61,0.12,0.22499999999999987,0.20999999999999985,0.25,0.34,0.395,0.71,0.56,0.41000000000000003,0.38,0.56,0.56,0.7,0.38,0.69,0.39,0.09,0.16,0.272,0.107,0.284
0.59,0.59,1.0,1.0,0.95,0.95,0.19665737032890318,0.19533769369125364,0.21,0.21,0.54,0.19,0.015000000000000013,0.015000000000000013,0.5,0.27,0.92,0.67,0.32,0.93,0.91,0.32,0.32,0.56,0.44,0.56,0.45,0.03,0.31,0.26,0.107,0.244
0.59,0.59,1.0,1.0,0.95,0.95,0.2295598644018173,0.2285946863889694,0.21,0.21,0.5,0.22,0.0,0.0,0.5,0.25,0.925,0.65,0.3,0.93,0.92,0.3,0.3,0.45,0.65,0.45,0.64,0.03,0.36,0.253,0.102,0.213
0.59,0.59,1.0,1.0,0.95,0.95,0.23280693173408507,0.23178965926170347,0.2,0.2,0.48,0.25,0.0,0.0,0.5,0.25,0.92,0.65,0.3,0.93,0.91,0.3,0.3,0.38,0.78,0.39,0.76,0.03,0.37,0.254,0.101,0.173
0.58,0.58,1.0,1.0,0.96,0.96,0.1977750915288925,0.1961128669977188,0.24,0.24,0.49,0.24,0.0,0.0,0.5,0.25,0.915,0.65,0.3,0.92,0.91,0.3,0.3,0.31,0.92,0.31,0.92,0.02,0.46,0.252,0.092,0.124
0.57,0.57,1.0,1.0,0.97,0.97,0.16199999999999998,0.16199999999999998,0.31,0.31,0.66,0.07,0.0,0.0,0.5,0.26,0.915,0.66,0.3,0.92,0.91,0.3,0.3,0.31,0.92,0.31,0.92,0.02,0.48,0.241,0.08,0.094
0.57,0.57,1.0,1.0,0.97,0.97,0.16199999999999998,0.16199999999999998,0.33,0.33,0.69,0.04,0.0,0.0,0.5,0.26,0.915,0.66,0.29,0.92,0.91,0.29,0.29,0.31,0.92,0.31,0.92,0.02,0.51,0.238,0.069,0.061
0.56,0.56,1.0,1.0,0.97,0.97,0.16199999999999998,0.16199999999999998,0.33,0.33,0.7,0.04,0.0,0.0,0.5,0.26,0.92,0.66,0.29,0.92,0.92,0.29,0.29,0.31,0.92,0.31,0.92,0.02,0.52,0.224,0.076,0.073
0.56,0.56,1.0,1.0,0.98,0.98,0.16199999999999998,0.16199999999999998,0.33,0.33,0.78,-0.04,0.0,0.0,0.5,0.26,0.93,0.66,0.29,0.93,0.93,0.29,0.29,0.31,0.92,0.31,0.92,0.02,0.47,0.221,0.09,0.13
0.56,0.56,1.0,1.0,0.98,0.98,0.16199999999999998,0.16199999999999998,0.32,0.32,0.79,-0.05,0.0,0.0,0.5,0.26,0.935,0.66,0.29,0.94,0.93,0.29,0.29,0.31,0.92,0.31,0.92,0.02,0.41,0.223,0.11,0.192
0.56,0.56,1.0,1.0,0.97,0.97,0.549112479686737,0.5458615827560425,0.14,0.14,0.54,0.19,0.0,0.0,0.5,0.26,0.935,0.66,0.29,0.94,0.93,0.29,0.29,0.31,0.92,0.31,0.92,0.02,0.38,0.224,0.123,0.21
0.57,0.57,1.0,1.0,0.97,0.97,0.361394624710083,0.36105732202529905,0.17,0.17,0.59,0.14,0.0,0.0,0.5,0.26,0.915,0.66,0.29,0.93,0.9,0.29,0.29,0.31,0.92,0.31,0.92,0.02,0.29,0.236,0.132,0.237
0.57,0.57,1.0,1.0,0.96,0.96,0.223785485625267,0.22184928834438322,0.2,0.2,0.67,0.07,0.0,0.0,0.5,0.26,0.92,0.65,0.29,0.93,0.91,0.29,0.29,0.31,0.92,0.31,0.92,0.02,0.24,0.208,0.144,0.316
0.58,0.58,1.0,1.0,0.96,0.96,0.21594439029693602,0.21396499454975126,0.21,0.21,0.57,0.16,0.0,0.0,0.5,0.25,0.92,0.65,0.29,0.93,0.91,0.29,0.29,0.31,0.92,0.31,0.92,0.02,0.27,0.22,0.145,0.304
0.58,0.58,1.0,1.0,0.96,0.96,0.22803389608860014,0.22667051434516905,0.2,0.2,0.48,0.25,0.0,0.0,0.5,0.25,0.92,0.65,0.29,0.93,0.91,0.29,0.29,0.31,0.92,0.31,0.92,0.02,0.39,0.254,0.127,0.221
0.57,0.57,1.0,1.0,0.96,0.96,0.2309867250919342,0.22960257112979887,0.2,0.2,0.42,0.3,0.0,0.0,0.5,0.25,0.925,0.65,0.29,0.93,0.92,0.29,0.29,0.31,0.92,0.31,0.92,0.02,0.46,0.277,0.102,0.136
0.58,0.58,1.0,1.0,0.96,0.96,0.22857664108276365,0.2270148205757141,0.22,0.22,0.41,0.32,0.0,0.0,0.5,0.25,0.925,0.65,0.3,0.93,0.92,0.3,0.3,0.31,0.92,0.31,0.92,0.02,0.55,0.275,0.084,0.088
0.63,0.63,1.0,1.0,0.92,0.92,0.2626796174049377,0.26129976987838743,0.22,0.22,0.39,0.34,0.0,0.0,0.5,0.26,0.92,0.66,0.3,0.93,0.91,0.3,0.3,0.31,0.92,0.31,0.92,0.02,0.58,0.283,0.067,0.048
0.68,0.68,1.0,1.0,0.88,0.88,0.3010911750793457,0.299940447807312,0.21,0.21,0.37,0.35,0.0,0.0,0.5,0.28,0.915,0.67,0.31,0.92,0.91,0.31,0.31,0.31,0.92,0.31,0.92,0.02,0.59,0.29,0.056,0.019
0.71,0.71,1.0,1.0,0.86,0.86,0.3070294964313507,0.30593071460723875,0.23,0.23,0.39,0.33,0.0,0.0,0.5,0.29,0.91,0.68,0.31,0.92,0.9,0.31,0.31,0.31,0.92,0.31,0.92,0.03,0.57,0.281,0.053,0.029
0.72,0.72,1.0,1.0,0.85,0.85,0.34131808161735533,0.3404163825511932,0.22,0.22,0.45,0.27,0.0,0.0,0.25,0.29,0.91,0.68,0.31,0.92,0.9,0.31,0.31,0.31,0.92,0.31,0.92,0.03,0.51,0.262,0.062,0.077
0.72,0.72,1.0,1.0,0.84,0.84,0.37406532049179075,0.373001914024353,0.24,0.24,0.51,0.21,0.0,0.0,0.25,0.3,0.91,0.69,0.31,0.92,0.9,0.31,0.31,0.31,0.92,0.31,0.92,0.03,0.41,0.232,0.078,0.139
0.72,0.72,1.0,1.0,0.84,0.84,0.3749942886829376,0.37399993419647215,0.24,0.24,0.52,0.21,0.0,0.0,0.25,0.31,0.91,0.69,0.3,0.92,0.9,0.3,0.3,0.31,0.92,0.31,0.92,0.03,0.35,0.218,0.083,0.164
0.71,0.71,1.0,1.0,0.85,0.85,0.3518673586845398,0.35030592560768126,0.23,0.23,0.48,0.25,0.0,0.0,0.25,0.32,0.9,0.7,0.31,0.91,0.89,0.31,0.31,0.34,0.85,0.34,0.85,0.03,0.34,0.231,0.078,0.156
0.71,0.71,1.0,1.0,0.85,0.85,0.3182454216480255,0.3162690210342407,0.24,0.24,0.4,0.32,0.0,0.0,0.5,0.32,0.905,0.7,0.31,0.91,0.9,0.31,0.31,0.31,0.92,0.31,0.92,0.03,0.44,0.241,0.063,0.096
0.68,0.68,1.0,1.0,0.87,0.87,0.2681687879562378,0.2670560586452484,0.25,0.25,0.31,0.41,0.0,0.0,0.5,0.31,0.915,0.7,0.31,0.92,0.91,0.31,0.31,0.31,0.92,0.31,0.92,0.03,0.51,0.237,0.05,0.007
0.68,0.68,1.0,1.0,0.88,0.88,0.25011671662330626,0.24893353462219237,0.26,0.26,0.21,0.51,0.0,0.0,0.5,0.31,0.93,0.69,0.3,0.93,0.93,0.3,0.3,0.31,0.92,0.31,0.92,0.03,0.64,0.252,0.018,-0.108
0.65,0.65,1.0,1.0,0.9,0.9,0.22519033730030058,0.22409654736518858,0.26,0.26,0.17,0.56,0.0,0.0,0.5,0.3,0.93,0.69,0.29,0.93,0.93,0.29,0.29,0.31,0.92,0.31,0.92,0.03,0.74,0.238,-0.007,-0.175
0.66,0.66,1.0,1.0,0.9,0.9,0.18866519212722777,0.1879876661300659,0.26,0.26,0.11,0.62,0.0,0.0,0.75,0.29,0.935,0.68,0.29,0.93,0.94,0.29,0.29,0.31,0.92,0.31,0.92,0.03,0.81,0.242,-0.032,-0.23
0.64,0.64,1.0,1.0,0.91,0.91,0.16199999999999998,0.16199999999999998,0.27,0.27,0.14,0.59,0.0,0.0,0.5,0.29,0.94,0.68,0.29,0.94,0.94,0.29,0.29,0.31,0.92,0.31,0.92,0.03,0.84,0.226,-0.053,-0.235
0.65,0.65,1.0,1.0,0.91,0.91,0.45826182842254637,0.4575238037109375,0.21,0.21,0.25,0.48,0.0,0.0,0.5,0.3,0.935,0.68,0.3,0.93,0.94,0.3,0.3,0.33,0.87,0.35,0.83,0.03,0.78,0.223,-0.07,-0.166
0.62,0.62,1.0,1.0,0.92,0.92,0.16199999999999998,0.16199999999999998,0.34,0.34,0.49,0.23,0.0,0.0,0.5,0.3,0.94,0.68,0.3,0.94,0.94,0.3,0.3,0.31,0.92,0.31,0.92,0.03,0.75,0.227,-0.085,-0.078
0.62,0.62,1.0,1.0,0.93,0.93,0.16199999999999998,0.16199999999999998,0.41,0.41,0.61,0.12,0.0,0.0,0.5,0.31,0.935,0.7,0.31,0.94,0.93,0.31,0.31,0.31,0.92,0.31,0.92,0.03,0.79,0.247,-0.104,0.014
0.61,0.61,1.0,1.0,0.94,0.94,0.16199999999999998,0.16199999999999998,0.41,0.41,0.68,0.06,0.0,0.0,0.5,0.31,0.935,0.7,0.31,0.94,0.93,0.31,0.31,0.31,0.92,0.31,0.92,0.03,0.57,0.264,-0.107,0.083
0.6,0.6,1.0,1.0,0.95,0.95,0.16199999999999998,0.16199999999999998,0.41,0.41,0.71,0.03,0.0,0.0,0.5,0.31,0.935,0.7,0.3,0.94,0.93,0.3,0.3,0.31,0.92,0.31,0.92,0.03,0.54,0.254,-0.107,0.106
0.6,0.6,1.0,1.0,0.94,0.94,0.16199999999999998,0.16199999999999998,0.42,0.42,0.71,0.03,0.0,0.0,0.5,0.33,0.91,0.71,0.33,0.91,0.91,0.33,0.33,0.31,0.92,0.31,0.92,0.03,0.58,0.238,-0.104,0.059
0.6,0.6,1.0,1.0,0.94,0.94,0.16199999999999998,0.16199999999999998,0.33,0.33,0.44,0.28,0.0,0.0,0.5,0.32,0.92,0.7,0.31,0.92,0.92,0.31,0.31,0.31,0.92,0.31,0.92,0.03,0.8,0.232,-0.11,-0.012
0.63,0.63,1.0,1.0,0.92,0.92,0.16199999999999998,0.16199999999999998,0.26,0.26,0.26,0.47,0.0,0.0,0.5,0.29,0.93,0.68,0.3,0.93,0.93,0.3,0.3,0.31,0.92,0.31,0.92,0.03,0.76,0.239,-0.115,-0.087
0.62,0.62,1.0,1.0,0.93,0.93,0.16199999999999998,0.16199999999999998,0.27,0.27,0.21,0.51,0.0,0.0,0.5,0.28,0.93,0.67,0.3,0.93,0.93,0.3,0.3,0.31,0.92,0.31,0.92,0.03,0.76,0.208,-0.126,-0.135
0.61,0.61,1.0,1.0,0.94,0.94,0.16199999999999998,0.16199999999999998,0.27,0.27,0.21,0.52,0.0,0.0,0.5,0.27,0.93,0.67,0.3,0.93,0.93,0.3,0.3,0.31,0.92,0.31,0.92,0.03,0.79,0.198,-0.132,-0.151
0.6,0.6,1.0,1.0,0.94,0.94,0.16199999999999998,0.16199999999999998,0.26,0.26,0.28,0.45,0.0,0.0,0.5,0.27,0.93,0.67,0.3,0.93,0.93,0.3,0.3,0.31,0.92,0.31,0.92,0.03,0.79,0.209,-0.127,-0.103
0.62,0.62,1.0,1.0,0.93,0.93,0.16199999999999998,0.16199999999999998,0.25,0.25,0.35,0.37,0.0,0.0,0.5,0.27,0.93,0.67,0.31,0.93,0.93,0.31,0.31,0.31,0.92,0.31,0.92,0.03,0.72,0.245,-0.12,-0.017
0.62,0.62,1.0,1.0,0.93,0.93,0.16199999999999998,0.16199999999999998,0.25,0.25,0.4,0.33,0.0,0.0,0.5,0.28,0.925,0.67,0.31,0.93,0.92,0.31,0.31,0.31,0.92,0.31,0.92,0.03,0.62,0.242,-0.119,0.037
0.61,0.61,1.0,1.0,0.93,0.93,0.18320139825344084,0.181868399977684,0.25,0.25,0.41,0.32,0.0,0.0,0.5,0.28,0.905,0.67,0.31,0.91,0.9,0.31,0.31,0.33,0.88,0.34,0.85,0.03,0.57,0.248,-0.121,0.053
0.62,0.62,1.0,1.0,0.93,0.93,0.2007881212234497,0.1994148004055023,0.24,0.24,0.36,0.36,0.0,0.0,0.5,0.28,0.895,0.67,0.31,0.9,0.89,0.31,0.31,0.31,0.92,0.31,0.92,0.03,0.64,0.241,-0.12,-0.003
0.62,0.62,1.0,1.0,0.92,0.92,0.613865475654602,0.6134686279296875,0.14,0.14,0.29,0.44,0.0,0.0,0.5,0.29,0.89,0.68,0.31,0.89,0.89,0.31,0.31,0.45,0.64,0.49,0.57,0.03,0.66,0.223,-0.126,-0.073
0.63,0.63,1.0,1.0,0.92,0.92,0.43507287979125975,0.4342694091796875,0.18,0.18,0.23,0.5,0.0,0.0,0.5,0.3,0.88,0.69,0.32,0.88,0.88,0.32,0.32,0.42,0.7,0.47,0.61,0.03,0.71,0.203,-0.134,-0.121
0.61,0.61,1.0,1.0,0.93,0.93,0.27512971639633177,0.27434019327163695,0.23,0.23,0.23,0.5,0.0,0.0,0.5,0.29,0.885,0.68,0.33,0.88,0.89,0.33,0.33,0.38,0.78,0.41,0.72,0.03,0.85,0.192,-0.139,-0.131
0.6,0.6,1.0,1.0,0.95,0.95,0.23895997881889341,0.23834223628044127,0.24,0.24,0.27,0.45,0.0,0.0,0.5,0.28,0.89,0.67,0.32,0.89,0.89,0.32,0.32,0.41,0.72,0.45,0.65,0.03,0.83,0.209,-0.14,-0.097
0.6,0.6,1.0,1.0,0.94,0.94,0.21373202979564665,0.21303012549877165,0.24,0.24,0.34,0.38,0.0,0.0,0.5,0.27,0.9,0.66,0.31,0.9,0.9,0.31,0.31,0.33,0.87,0.36,0.81,0.03,0.74,0.239,-0.134,-0.015
0.61,0.61,1.0,1.0,0.93,0.93,0.20939781844615935,0.2086398410797119,0.23,0.23,0.39,0.34,0.0,0.0,0.5,0.27,0.87,0.67,0.32,0.88,0.86,0.32,0.32,0.38,0.79,0.4,0.74,0.03,0.64,0.265,-0.123,0.033
0.61,0.61,1.0,1.0,0.93,0.93,0.20842785716056822,0.2075630086660385,0.23,0.23,0.42,0.3,0.0,0.0,0.5,0.27,0.875,0.67,0.31,0.88,0.87,0.31,0.31,0.32,0.9,0.33,0.87,0.02,0.55,0.277,-0.118,0.065
0.61,0.61,1.0,1.0,0.93,0.93,0.19898455917835234,0.19785904467105864,0.22,0.22,0.44,0.28,0.0,0.0,0.5,0.27,0.88,0.66,0.31,0.89,0.87,0.31,0.31,0.34,0.86,0.35,0.84,0.02,0.52,0.281,-0.105,0.088
0.61,0.61,1.0,1.0,0.93,0.93,0.18110507309436796,0.18028348267078398,0.24,0.24,0.49,0.24,0.0,0.0,0.5,0.27,0.88,0.66,0.31,0.89,0.87,0.31,0.31,0.35,0.85,0.36,0.83,0.02,0.49,0.273,-0.09,0.111
0.59,0.59,1.0,1.0,0.96,0.96,0.16199999999999998,0.16199999999999998,0.36,0.36,0.73,0.01,0.0,0.0,0.5,0.27,0.895,0.67,0.3,0.9,0.89,0.3,0.3,0.31,0.92,0.31,0.92,0.02,0.47,0.243,-0.065,0.121
0.59,0.59,1.0,1.0,0.95,0.95,0.16199999999999998,0.16199999999999998,0.41,0.41,0.71,0.02,0.0,0.0,0.5,0.28,0.895,0.67,0.32,0.9,0.89,0.32,0.32,0.31,0.92,0.31,0.91,0.02,0.47,0.238,-0.051,0.078
0.59,0.59,1.0,1.0,0.95,0.95,0.16199999999999998,0.16199999999999998,0.39,0.39,0.68,0.05,0.0,0.0,0.5,0.3,0.88,0.69,0.32,0.89,0.87,0.32,0.32,0.31,0.92,0.31,0.92,0.02,0.5,0.246,-0.06,0.024
0.6,0.6,1.0,1.0,0.94,0.94,0.16199999999999998,0.16199999999999998,0.39,0.39,0.61,0.12,0.0,0.0,0.5,0.3,0.89,0.69,0.31,0.89,0.89,0.31,0.31,0.35,0.85,0.36,0.81,0.03,0.55,0.249,-0.066,-0.019
0.6,0.6,1.0,1.0,0.95,0.95,0.16199999999999998,0.16199999999999998,0.4,0.4,0.67,0.06,0.0,0.0,0.5,0.3,0.89,0.69,0.32,0.89,0.89,0.32,0.32,0.32,0.9,0.34,0.86,0.03,0.58,0.242,-0.07,0.015
0.59,0.59,1.0,1.0,0.95,0.95,0.633876006603241,0.629861991405487,0.14,0.14,0.46,0.27,0.0,0.0,0.5,0.29,0.885,0.68,0.31,0.89,0.88,0.31,0.31,0.35,0.84,0.36,0.81,0.03,0.55,0.268,-0.059,0.11
0.59,0.59,1.0,1.0,0.95,0.95,0.30070398330688475,0.30004806399345396,0.21,0.21,0.53,0.2,0.0,0.0,0.5,0.28,0.895,0.67,0.29,0.9,0.89,0.29,0.29,0.31,0.92,0.31,0.92,0.03,0.43,0.262,-0.046,0.172
0.59,0.59,1.0,1.0,0.95,0.95,0.22320966005325316,0.22226370453834532,0.22,0.22,0.52,0.21,0.0,0.0,0.5,0.27,0.895,0.67,0.3,0.9,0.89,0.3,0.3,0.31,0.92,0.31,0.92,0.03,0.39,0.274,-0.04,0.135
0.62,0.62,1.0,1.0,0.93,0.93,0.2528765308856964,0.25126425504684446,0.22,0.22,0.44,0.28,0.0,0.0,0.5,0.27,0.89,0.66,0.3,0.9,0.88,0.3,0.3,0.31,0.92,0.31,0.91,0.02,0.44,0.28,-0.054,0.078
0.6,0.6,1.0,1.0,0.94,0.94,0.2498264718055725,0.24856073737144468,0.22,0.22,0.38,0.35,0.0,0.0,0.5,0.27,0.895,0.66,0.3,0.9,0.89,0.3,0.3,0.31,0.92,0.31,0.92,0.02,0.51,0.264,-0.075,-0.008
0.6,0.6,1.0,1.0,0.94,0.94,0.2510786163806915,0.24994326710700987,0.23,0.23,0.32,0.41,0.0,0.0,0.5,0.27,0.905,0.66,0.31,0.91,0.9,0.31,0.31,0.35,0.84,0.38,0.78,0.02,0.58,0.255,-0.098,-0.066
0.61,0.61,1.0,1.0,0.94,0.94,0.24059526205062864,0.23973922014236448,0.23,0.23,0.27,0.45,0.0,0.0,0.5,0.27,0.905,0.66,0.3,0.91,0.9,0.3,0.3,0.34,0.87,0.36,0.81,0.02,0.63,0.242,-0.122,-0.093
0.61,0.61,1.0,1.0,0.94,0.94,0.2196229952573776,0.2188196289539337,0.24,0.24,0.26,0.47,0.0,0.0,0.5,0.26,0.905,0.66,0.3,0.91,0.9,0.3,0.3,0.34,0.86,0.37,0.81,0.02,0.67,0.231,-0.136,-0.1
0.59,0.59,1.0,1.0,0.95,0.95,0.21046207427978514,0.20989621758460997,0.23,0.23,0.28,0.44,0.0,0.0,0.5,0.26,0.91,0.66,0.3,0.91,0.91,0.3,0.3,0.36,0.82,0.39,0.75,0.02,0.69,0.236,-0.137,-0.061
0.58,0.58,1.0,1.0,0.96,0.96,0.2084257262945175,0.2078485745191574,0.23,0.23,0.33,0.4,0.0,0.0,0.5,0.26,0.91,0.66,0.29,0.91,0.91,0.29,0.29,0.31,0.92,0.31,0.92,0.02,0.7,0.25,-0.148,-0.014
0.61,0.61,1.0,1.0,0.93,0.93,0.2129357862472534,0.21211656510829924,0.24,0.24,0.38,0.35,0.0,0.0,0.5,0.26,0.905,0.66,0.3,0.91,0.9,0.3,0.3,0.31,0.92,0.33,0.88,0.02,0.69,0.234,-0.151,0.051
0.64,0.64,1.0,1.0,0.91,0.91,0.22588234722614287,0.2249163347482681,0.26,0.26,0.43,0.29,0.0,0.0,0.5,0.27,0.905,0.66,0.3,0.91,0.9,0.3,0.3,0.31,0.92,0.31,0.92,0.02,0.53,0.203,-0.145,0.086
0.68,0.68,1.0,1.0,0.88,0.88,0.19296799182891844,0.1923042047023773,0.3,0.3,0.42,0.31,0.0,0.0,0.5,0.29,0.895,0.68,0.31,0.9,0.89,0.31,0.31,0.31,0.92,0.31,0.92,0.02,0.5,0.133,-0.13,0.071
0.69,0.69,1.0,1.0,0.87,0.87,0.16199999999999998,0.16199999999999998,0.32,0.32,0.39,0.33,0.0,0.0,0.5,0.29,0.88,0.68,0.32,0.89,0.87,0.32,0.32,0.31,0.92,0.31,0.92,0.02,0.64,0.076,-0.122,0.038
0.68,0.68,1.0,1.0,0.88,0.88,0.16199999999999998,0.16199999999999998,0.35,0.35,0.34,0.38,0.0,0.0,0.5,0.29,0.905,0.68,0.3,0.91,0.9,0.3,0.3,0.31,0.92,0.31,0.92,0.02,0.8,0.024,-0.123,0.002
0.65,0.65,1.0,1.0,0.9,0.9,0.16199999999999998,0.16199999999999998,0.38,0.38,0.26,0.46,0.0,0.0,0.5,0.29,0.885,0.68,0.33,0.89,0.88,0.33,0.33,0.4,0.75,0.42,0.7,0.02,0.95,-0.029,-0.132,-0.046
0.65,0.65,1.0,1.0,0.91,0.91,0.16199999999999998,0.16199999999999998,0.39,0.39,0.23,0.49,0.0,0.0,0.75,0.29,0.885,0.68,0.34,0.89,0.88,0.34,0.34,0.38,0.77,0.41,0.73,0.02,1.0,-0.032,-0.136,-0.073
0.63,0.63,1.0,1.0,0.92,0.92,0.16199999999999998,0.16199999999999998,0.38,0.38,0.23,0.5,0.0,0.0,0.75,0.29,0.89,0.68,0.33,0.89,0.89,0.33,0.33,0.31,0.92,0.31,0.92,0.02,1.0,-0.004,-0.133,-0.043
0.66,0.66,1.0,1.0,0.9,0.9,0.16199999999999998,0.16199999999999998,0.36,0.36,0.33,0.39,0.0,0.0,0.5,0.29,0.895,0.68,0.34,0.9,0.89,0.34,0.34,0.31,0.92,0.31,0.92,0.02,0.94,0.068,-0.127,0.061
0.65,0.65,1.0,1.0,0.9,0.9,0.16199999999999998,0.16199999999999998,0.36,0.36,0.47,0.26,0.0,0.0,0.5,0.28,0.915,0.68,0.3,0.92,0.91,0.3,0.3,0.31,0.92,0.31,0.92,0.02,0.55,0.108,-0.126,0.155
0.62,0.62,1.0,1.0,0.92,0.92,0.16199999999999998,0.16199999999999998,0.36,0.36,0.55,0.18,0.0,0.0,0.5,0.28,0.925,0.67,0.3,0.93,0.92,0.3,0.3,0.31,0.92,0.31,0.92,0.02,0.38,0.121,-0.129,0.194
0.61,0.61,1.0,1.0,0.93,0.93,0.16199999999999998,0.16199999999999998,0.35,0.35,0.54,0.19,0.0,0.0,0.5,0.28,0.92,0.67,0.3,0.93,0.91,0.3,0.3,0.31,0.92,0.31,0.92,0.02,0.35,0.115,-0.132,0.155
0.61,0.61,1.0,1.0,0.94,0.94,0.16199999999999998,0.16199999999999998,0.35,0.35,0.43,0.29,0.0,0.0,0.5,0.28,0.915,0.67,0.3,0.92,0.91,0.3,0.3,0.31,0.92,0.31,0.92,0.02,0.46,0.085,-0.132,0.071
0.61,0.61,1.0,1.0,0.94,0.94,0.16199999999999998,0.16199999999999998,0.38,0.38,0.34,0.38,0.0,0.0,0.5,0.28,0.915,0.68,0.3,0.92,0.91,0.3,0.3,0.31,0.92,0.31,0.92,0.02,0.82,0.055,-0.132,0.02
0.6,0.6,1.0,1.0,0.94,0.94,0.16199999999999998,0.16199999999999998,0.39,0.39,0.31,0.41,0.0,0.0,0.5,0.29,0.915,0.68,0.29,0.92,0.91,0.29,0.29,0.31,0.92,0.31,0.92,0.02,1.0,0.048,-0.122,0.0
0.6,0.6,1.0,1.0,0.94,0.94,0.16199999999999998,0.16199999999999998,0.39,0.39,0.31,0.41,0.0,0.0,0.5,0.29,0.905,0.68,0.31,0.91,0.9,0.31,0.31,0.31,0.92,0.31,0.92,0.02,1.0,0.067,-0.094,0.02
0.62,0.62,1.0,1.0,0.92,0.92,0.9498508977890014,0.9491839814186096,0.26,0.26,0.35,0.37,0.0,0.0,0.25,0.32,0.87,0.7,0.3,0.88,0.86,0.3,0.3,0.38,0.78,0.41,0.72,0.02,0.62,0.083,-0.059,0.049
0.61,0.61,1.0,1.0,0.93,0.93,0.24965951919555662,0.24920121908187864,0.31,0.31,0.43,0.3,0.0,0.0,0.5,0.3,0.905,0.69,0.29,0.91,0.9,0.29,0.29,0.31,0.92,0.31,0.92,0.02,0.55,0.085,-0.016,0.106
0.6,0.6,1.0,1.0,0.95,0.95,0.16199999999999998,0.16199999999999998,0.36,0.36,0.49,0.24,0.0,0.0,0.5,0.28,0.925,0.67,0.29,0.93,0.92,0.29,0.29,0.31,0.92,0.31,0.92,0.02,0.45,0.078,0.017,0.133
0.59,0.59,1.0,1.0,0.95,0.95,0.16199999999999998,0.16199999999999998,0.37,0.37,0.51,0.21,0.0,0.0,0.5,0.28,0.925,0.67,0.29,0.93,0.92,0.29,0.29,0.31,0.92,0.31,0.92,0.02,0.37,0.068,0.042,0.145
0.59,0.59,1.0,1.0,0.95,0.95,0.16199999999999998,0.16199999999999998,0.37,0.37,0.54,0.18,0.0,0.0,0.5,0.27,0.925,0.67,0.29,0.93,0.92,0.29,0.29,0.31,0.92,0.31,0.92,0.02,0.3,0.059,0.07,0.156
0.59,0.59,1.0,1.0,0.95,0.95,0.16199999999999998,0.16199999999999998,0.37,0.37,0.55,0.17,0.0,0.0,0.5,0.27,0.92,0.67,0.29,0.93,0.91,0.29,0.29,0.31,0.92,0.31,0.92,0.02,0.27,0.064,0.08,0.136
0.59,0.59,1.0,1.0,0.95,0.95,0.16199999999999998,0.16199999999999998,0.36,0.36,0.5,0.23,0.0,0.0,0.5,0.27,0.92,0.67,0.29,0.93,0.91,0.29,0.29,0.31,0.92,0.31,0.92,0.02,0.27,0.078,0.093,0.084
0.6,0.6,1.0,1.0,0.94,0.94,0.8387411046028137,0.8386986660957336,0.21,0.21,0.43,0.29,0.0,0.0,0.25,0.3,0.875,0.68,0.29,0.89,0.86,0.29,0.29,0.31,0.92,0.31,0.92,0.02,0.34,0.079,0.093,0.023
0.61,0.61,1.0,1.0,0.93,0.93,0.4239674615859985,0.4236894357204437,0.23,0.23,0.38,0.34,0.0,0.0,0.5,0.33,0.88,0.71,0.3,0.89,0.87,0.3,0.3,0.31,0.92,0.31,0.91,0.02,0.46,0.118,0.095,-0.022
0.6,0.6,1.0,1.0,0.94,0.94,0.16199999999999998,0.16199999999999998,0.33,0.33,0.33,0.4,0.0,0.0,0.5,0.3,0.915,0.69,0.3,0.92,0.91,0.3,0.3,0.31,0.92,0.31,0.92,0.02,0.55,0.13,0.096,-0.047
0.6,0.6,1.0,1.0,0.94,0.94,0.16199999999999998,0.16199999999999998,0.33,0.33,0.31,0.41,0.0,0.0,0.5,0.29,0.925,0.68,0.29,0.93,0.92,0.29,0.29,0.31,0.92,0.31,0.92,0.02,0.58,0.128,0.097,-0.048
0.59,0.59,1.0,1.0,0.95,0.95,0.16199999999999998,0.16199999999999998,0.37,0.37,0.33,0.39,0.0,0.0,0.5,0.29,0.925,0.68,0.29,0.93,0.92,0.29,0.29,0.31,0.92,0.31,0.92,0.02,0.61,0.118,0.099,-0.009
0.59,0.59,1.0,1.0,0.95,0.95,0.16199999999999998,0.16199999999999998,0.38,0.38,0.4,0.32,0.0,0.0,0.5,0.29,0.925,0.68,0.29,0.93,0.92,0.29,0.29,0.31,0.92,0.31,0.92,0.02,0.59,0.119,0.103,0.075
0.58,0.58,1.0,1.0,0.96,0.96,0.16199999999999998,0.16199999999999998,0.37,0.37,0.49,0.23,0.0,0.0,0.5,0.29,0.925,0.68,0.3,0.93,0.92,0.3,0.3,0.31,0.92,0.31,0.92,0.02,0.49,0.111,0.11,0.139
0.58,0.58,1.0,1.0,0.96,0.96,0.16199999999999998,0.16199999999999998,0.37,0.37,0.54,0.18,0.0,0.0,0.5,0.29,0.91,0.68,0.31,0.92,0.9,0.31,0.31,0.31,0.92,0.31,0.92,0.02,0.37,0.115,0.11,0.152
0.58,0.58,1.0,1.0,0.96,0.96,0.16199999999999998,0.16199999999999998,0.37,0.37,0.57,0.16,0.0,0.0,0.5,0.28,0.915,0.68,0.3,0.92,0.91,0.3,0.3,0.31,0.92,0.31,0.92,0.02,0.33,0.126,0.112,0.138
0.58,0.58,1.0,1.0,0.96,0.96,0.16199999999999998,0.16199999999999998,0.36,0.36,0.54,0.19,0.0,0.0,0.25,0.29,0.905,0.68,0.3,0.91,0.9,0.3,0.3,0.31,0.92,0.31,0.92,0.02,0.32,0.127,0.113,0.11
0.58,0.58,1.0,1.0,0.96,0.96,0.16199999999999998,0.16199999999999998,0.36,0.36,0.5,0.22,0.0,0.0,0.25,0.29,0.9,0.68,0.31,0.91,0.89,0.31,0.31,0.31,0.92,0.31,0.92,0.02,0.33,0.154,0.113,0.067
0.59,0.59,1.0,1.0,0.95,0.95,0.16199999999999998,0.16199999999999998,0.34,0.34,0.43,0.29,0.0,0.0,0.5,0.29,0.9,0.68,0.31,0.91,0.89,0.31,0.31,0.31,0.92,0.31,0.92,0.02,0.42,0.165,0.113,0.007
0.6,0.6,1.0,1.0,0.94,0.94,0.16199999999999998,0.16199999999999998,0.34,0.34,0.39,0.33,0.0,0.0,0.5,0.3,0.915,0.68,0.3,0.92,0.91,0.3,0.3,0.31,0.92,0.31,0.92,0.02,0.49,0.167,0.115,-0.007
0.6,0.6,1.0,1.0,0.94,0.94,0.16199999999999998,0.16199999999999998,0.34,0.34,0.38,0.34,0.0,0.0,0.5,0.3,0.915,0.68,0.3,0.92,0.91,0.3,0.3,0.31,0.92,0.31,0.92,0.02,0.52,0.153,0.118,0.028
0.59,0.59,1.0,1.0,0.95,0.95,0.16199999999999998,0.16199999999999998,0.35,0.35,0.39,0.33,0.0,0.0,0.5,0.29,0.915,0.68,0.3,0.92,0.91,0.3,0.3,0.31,0.92,0.31,0.92,0.02,0.52,0.142,0.126,0.079
0.59,0.59,1.0,1.0,0.95,0.95,0.16199999999999998,0.16199999999999998,0.35,0.35,0.45,0.28,0.0,0.0,0.5,0.29,0.915,0.68,0.3,0.92,0.91,0.3,0.3,0.31,0.92,0.31,0.92,0.02,0.47,0.134,0.132,0.114
0.59,0.59,1.0,1.0,0.95,0.95,0.16199999999999998,0.16199999999999998,0.35,0.35,0.48,0.24,0.0,0.0,0.5,0.28,0.905,0.68,0.3,0.91,0.9,0.3,0.3,0.31,0.92,0.31,0.92,0.02,0.41,0.13,0.134,0.124
0.58,0.58,1.0,1.0,0.96,0.96,0.16199999999999998,0.16199999999999998,0.35,0.35,0.48,0.24,0.0,0.0,0.5,0.28,0.905,0.67,0.3,0.91,0.9,0.3,0.3,0.31,0.92,0.31,0.92,0.02,0.36,0.131,0.133,0.111
0.58,0.58,1.0,1.0,0.96,0.96,0.16199999999999998,0.16199999999999998,0.35,0.35,0.46,0.27,0.0,0.0,0.5,0.29,0.9,0.68,0.31,0.91,0.89,0.31,0.31,0.31,0.92,0.31,0.92,0.02,0.36,0.146,0.123,0.072
0.61,0.61,1.0,1.0,0.94,0.94,0.898006420135498,0.8979738163948059,0.18,0.18,0.41,0.32,0.0,0.0,0.25,0.31,0.89,0.69,0.3,0.9,0.88,0.3,0.3,0.36,0.82,0.39,0.76,0.02,0.41,0.163,0.117,-0.007
0.61,0.61,1.0,1.0,0.93,0.93,0.2409855532646179,0.24067617535591124,0.28,0.28,0.34,0.38,0.0,0.0,0.5,0.31,0.905,0.7,0.31,0.91,0.9,0.31,0.31,0.31,0.92,0.31,0.92,0.02,0.49,0.17,0.113,-0.043
0.61,0.61,1.0,1.0,0.94,0.94,0.16199999999999998,0.16199999999999998,0.31,0.31,0.33,0.4,0.0,0.0,0.5,0.29,0.915,0.68,0.3,0.92,0.91,0.3,0.3,0.31,0.92,0.31,0.92,0.02,0.55,0.174,0.113,-0.059
0.61,0.61,1.0,1.0,0.94,0.94,0.16199999999999998,0.16199999999999998,0.31,0.31,0.31,0.41,0.0,0.0,0.5,0.28,0.925,0.68,0.3,0.93,0.92,0.3,0.3,0.31,0.92,0.31,0.92,0.02,0.58,0.181,0.112,-0.059
0.6,0.6,1.0,1.0,0.94,0.94,0.16199999999999998,0.16199999999999998,0.31,0.31,0.31,0.41,0.0,0.0,0.5,0.28,0.925,0.67,0.29,0.93,0.92,0.29,0.29,0.31,0.92,0.31,0.92,0.02,0.61,0.176,0.111,-0.04
0.6,0.6,1.0,1.0,0.94,0.94,0.16199999999999998,0.16199999999999998,0.32,0.32,0.33,0.4,0.0,0.0,0.5,0.28,0.925,0.67,0.29,0.93,0.92,0.29,0.29,0.31,0.92,0.31,0.92,0.02,0.62,0.175,0.112,-0.021
0.6,0.6,1.0,1.0,0.94,0.94,0.16199999999999998,0.16199999999999998,0.31,0.31,0.35,0.37,0.0,0.0,0.5,0.28,0.915,0.68,0.3,0.92,0.91,0.3,0.3,0.31,0.92,0.31,0.92,0.02,0.6,0.182,0.117,-0.01
0.61,0.61,1.0,1.0,0.94,0.94,0.16199999999999998,0.16199999999999998,0.31,0.31,0.36,0.37,0.0,0.0,0.5,0.29,0.915,0.68,0.3,0.92,0.91,0.3,0.3,0.31,0.92,0.31,0.92,0.02,0.59,0.194,0.119,0.002
0.61,0.61,1.0,1.0,0.94,0.94,0.8715941119194031,0.8715541172027588,0.19,0.19,0.38,0.34,0.0,0.0,0.25,0.31,0.88,0.7,0.3,0.89,0.87,0.3,0.3,0.34,0.86,0.38,0.78,0.02,0.56,0.19,0.117,0.022
0.63,0.63,1.0,1.0,0.92,0.92,0.9358946490287781,0.9358831453323364,0.2,0.2,0.39,0.34,0.0,0.0,0.25,0.32,0.85,0.71,0.29,0.86,0.84,0.29,0.29,0.36,0.82,0.39,0.76,0.02,0.53,0.215,0.119,0.027
0.62,0.62,1.0,1.0,0.93,0.93,0.27198595881462095,0.2715273010730743,0.24,0.24,0.39,0.34,0.0,0.0,0.25,0.32,0.885,0.7,0.31,0.89,0.88,0.31,0.31,0.31,0.92,0.32,0.9,0.03,0.5,0.233,0.11,0.04
0.61,0.61,1.0,1.0,0.93,0.93,0.20260347008705137,0.20183448076248167,0.24,0.24,0.39,0.33,0.0,0.0,0.5,0.3,0.895,0.68,0.3,0.9,0.89,0.3,0.3,0.31,0.92,0.31,0.92,0.03,0.48,0.235,0.093,0.026
0.61,0.61,1.0,1.0,0.94,0.94,0.1983331400156021,0.1973093408346176,0.25,0.25,0.38,0.35,0.0,0.0,0.5,0.29,0.905,0.68,0.3,0.91,0.9,0.3,0.3,0.31,0.92,0.31,0.92,0.02,0.49,0.25,0.063,-0.011
0.62,0.62,1.0,1.0,0.93,0.93,0.7595752882957458,0.7593853878974914,0.14,0.14,0.35,0.38,0.0,0.0,0.5,0.3,0.89,0.69,0.3,0.9,0.88,0.3,0.3,0.42,0.7,0.45,0.64,0.02,0.5,0.24,0.026,-0.045
0.65,0.65,1.0,1.0,0.91,0.91,0.524184684753418,0.5230039167404175,0.16,0.16,0.32,0.41,0.0,0.0,0.5,0.31,0.885,0.7,0.31,0.89,0.88,0.31,0.31,0.46,0.62,0.49,0.56,0.03,0.54,0.244,-0.007,-0.074
0.61,0.61,1.0,1.0,0.93,0.93,0.16199999999999998,0.16199999999999998,0.28,0.28,0.28,0.45,0.0,0.0,0.5,0.3,0.915,0.68,0.3,0.92,0.91,0.3,0.3,0.33,0.88,0.34,0.86,0.03,0.58,0.248,-0.038,-0.095
0.6,0.6,1.0,1.0,0.94,0.94,0.16199999999999998,0.16199999999999998,0.29,0.29,0.25,0.47,0.0,0.0,0.5,0.28,0.92,0.67,0.3,0.92,0.92,0.3,0.3,0.31,0.92,0.31,0.92,0.02,0.64,0.22,-0.066,-0.111
0.6,0.6,1.0,1.0,0.94,0.94,0.16199999999999998,0.16199999999999998,0.29,0.29,0.24,0.49,0.0,0.0,0.5,0.27,0.92,0.67,0.29,0.92,0.92,0.29,0.29,0.31,0.92,0.31,0.91,0.02,0.67,0.216,-0.085,-0.122
0.59,0.59,1.0,1.0,0.95,0.95,0.16199999999999998,0.16199999999999998,0.3,0.3,0.21,0.51,0.0,0.0,0.75,0.27,0.92,0.66,0.31,0.92,0.92,0.31,0.31,0.38,0.78,0.4,0.73,0.02,0.71,0.208,-0.101,-0.132
0.58,0.58,1.0,1.0,0.96,0.96,0.16199999999999998,0.16199999999999998,0.3,0.3,0.21,0.52,0.18,0.16499999999999998,0.75,0.26,0.935,0.66,0.32,0.93,0.94,0.32,0.32,0.67,0.4,0.66,0.4,0.02,0.73,0.213,-0.106,-0.13
0.58,0.58,1.0,1.0,0.96,0.96,0.6528143692016601,0.6489015030860901,0.13,0.13,0.25,0.48,0.20999999999999985,0.195,0.75,0.25,0.945,0.65,0.31,0.94,0.95,0.31,0.31,0.69,0.39,0.68,0.39,0.02,0.71,0.213,-0.107,-0.131
0.57,0.57,1.0,1.0,0.96,0.96,0.19754176914691923,0.19615941822528837,0.23,0.23,0.23,0.5,0.22499999999999987,0.195,1.0,0.25,0.955,0.65,0.29,0.95,0.96,0.29,0.29,0.7,0.38,0.68,0.39,0.03,0.69,0.205,-0.108,-0.126
0.41,0.41,0.72,0.72,1.0,1.0,0.16199999999999998,0.16199999999999998,0.28,0.28,0.22,0.5,0.20999999999999985,0.18,1.0,0.23,0.98,0.64,0.26,0.98,0.98,0.26,0.26,0.69,0.39,0.67,0.4,0.02,0.69,0.206,-0.107,-0.118
0.47,0.47,0.85,0.85,1.0,1.0,0.3754641819000244,0.3734238851070404,0.16,0.16,0.24,0.49,0.18,0.16499999999999998,1.0,0.23,0.98,0.63,0.27,0.98,0.98,0.27,0.27,0.67,0.4,0.66,0.4,0.02,0.7,0.226,-0.105,-0.09
0.56,0.56,1.0,1.0,0.97,0.97,0.24590698957443236,0.2446704316139221,0.19,0.19,0.27,0.45,0.18,0.16499999999999998,1.0,0.23,0.975,0.64,0.27,0.97,0.98,0.27,0.27,0.67,0.4,0.66,0.4,0.02,0.71,0.228,-0.105,-0.036
0.39,0.39,0.67,0.67,1.0,1.0,0.16199999999999998,0.16199999999999998,0.25,0.25,0.32,0.41,0.195,0.18,1.0,0.23,0.98,0.63,0.26,0.98,0.98,0.26,0.26,0.68,0.39,0.67,0.4,0.02,0.69,0.213,-0.106,-0.004
0.39,0.39,0.67,0.67,1.0,1.0,0.16199999999999998,0.16199999999999998,0.27,0.27,0.34,0.38,0.20999999999999985,0.18,1.0,0.22,0.985,0.63,0.25,0.98,0.99,0.25,0.25,0.69,0.39,0.67,0.4,0.01,0.66,0.146,-0.115,0.02
0.35,0.35,0.57,0.57,1.0,1.0,0.7190338778495788,0.7177834916114807,0.18,0.18,0.36,0.37,0.0,0.0,1.0,0.24,0.97,0.64,0.26,0.97,0.97,0.26,0.26,0.31,0.92,0.31,0.92,0.01,0.67,0.102,-0.119,0.026
0.56,0.56,1.0,1.0,0.98,0.98,0.16199999999999998,0.16199999999999998,0.34,0.34,0.36,0.37,0.0,0.0,0.75,0.26,0.97,0.66,0.27,0.97,0.97,0.27,0.27,0.31,0.92,0.31,0.92,0.01,0.66,0.092,-0.125,0.014
0.56,0.56,1.0,1.0,0.98,0.98,0.16199999999999998,0.16199999999999998,0.37,0.37,0.34,0.38,0.0,0.0,0.75,0.27,0.97,0.66,0.27,0.97,0.97,0.27,0.27,0.31,0.92,0.31,0.92,0.02,0.68,0.091,-0.135,-0.016
0.56,0.56,1.0,1.0,0.98,0.98,0.16199999999999998,0.16199999999999998,0.38,0.38,0.31,0.41,0.0,0.0,0.75,0.27,0.97,0.67,0.28,0.97,0.97,0.28,0.28,0.31,0.92,0.31,0.92,0.02,0.79,0.09,-0.147,-0.065
0.57,0.57,1.0,1.0,0.97,0.97,0.16199999999999998,0.16199999999999998,0.37,0.37,0.26,0.46,0.0,0.0,0.75,0.28,0.97,0.67,0.28,0.97,0.97,0.28,0.28,0.31,0.92,0.31,0.92,0.02,0.93,0.078,-0.156,-0.114
0.58,0.58,1.0,1.0,0.96,0.96,0.16199999999999998,0.16199999999999998,0.36,0.36,0.2,0.53,0.0,0.0,0.75,0.29,0.975,0.68,0.28,0.97,0.98,0.28,0.28,0.31,0.92,0.31,0.92,0.02,1.0,0.098,-0.16,-0.161
0.57,0.57,1.0,1.0,0.96,0.96,0.16199999999999998,0.16199999999999998,0.35,0.35,0.14,0.58,0.0,0.0,0.75,0.29,0.98,0.68,0.28,0.98,0.98,0.28,0.28,0.31,0.92,0.31,0.92,0.03,1.0,0.114,-0.164,-0.184
0.57,0.57,1.0,1.0,0.96,0.96,0.16199999999999998,0.16199999999999998,0.32,0.32,0.12,0.61,0.0,0.0,0.75,0.29,0.975,0.68,0.29,0.97,0.98,0.29,0.29,0.31,0.92,0.31,0.92,0.03,1.0,0.142,-0.169,-0.181
0.58,0.58,1.0,1.0,0.96,0.96,0.16199999999999998,0.16199999999999998,0.31,0.31,0.13,0.6,0.0,0.0,0.75,0.29,0.975,0.68,0.28,0.97,0.98,0.28,0.28,0.31,0.92,0.31,0.92,0.03,1.0,0.201,-0.165,-0.124
0.58,0.58,1.0,1.0,0.96,0.96,0.16199999999999998,0.16199999999999998,0.28,0.28,0.22,0.51,0.0,0.0,0.75,0.28,0.97,0.67,0.29,0.97,0.97,0.29,0.29,0.31,0.92,0.31,0.92,0.03,1.0,0.247,-0.161,-0.068
0.58,0.58,1.0,1.0,0.96,0.96,0.16199999999999998,0.16199999999999998,0.26,0.26,0.29,0.43,0.0,0.0,0.75,0.28,0.955,0.67,0.3,0.95,0.96,0.3,0.3,0.31,0.92,0.31,0.92,0.03,0.87,0.281,-0.157,-0.028
0.59,0.59,1.0,1.0,0.96,0.96,0.16199999999999998,0.16199999999999998,0.23,0.23,0.33,0.4,0.0,0.0,0.5,0.32,0.755,0.7,0.45,0.76,0.75,0.45,0.45,0.32,0.9,0.34,0.87,0.03,0.99,0.307,-0.155,-0.004
0.59,0.59,1.0,1.0,0.95,0.95,0.16199999999999998,0.16199999999999998,0.22,0.22,0.35,0.38,0.0749999999999999,0.14999999999999997,0.5,0.34,0.395,0.72,0.56,0.4,0.39,0.56,0.56,0.6,0.43,0.65,0.41,0.05,1.0,0.313,-0.155,-0.002
0.59,0.59,1.0,1.0,0.95,0.95,0.16199999999999998,0.16199999999999998,0.22,0.22,0.35,0.37,0.05999999999999989,0.11999999999999994,0.5,0.34,0.38,0.72,0.56,0.39,0.37,0.56,0.56,0.59,0.43,0.63,0.41,0.05,1.0,0.296,-0.154,-0.059
0.58,0.58,1.0,1.0,0.96,0.96,0.16199999999999998,0.16199999999999998,0.21,0.21,0.34,0.39,0.14999999999999997,0.20999999999999985,0.5,0.33,0.385,0.71,0.56,0.39,0.38,0.56,0.56,0.65,0.4,0.69,0.39,0.05,1.0,0.259,-0.147,-0.132
0.58,0.58,1.0,1.0,0.96,0.96,0.16199999999999998,0.16199999999999998,0.23,0.23,0.24,0.49,0.14999999999999997,0.20999999999999985,0.5,0.33,0.44,0.71,0.56,0.44,0.44,0.56,0.56,0.65,0.41,0.69,0.39,0.05,1.0,0.224,-0.143,-0.186
0.58,0.58,1.0,1.0,0.96,0.96,0.16199999999999998,0.16199999999999998,0.24,0.24,0.16,0.57,0.13499999999999995,0.195,0.5,0.33,0.42500000000000004,0.71,0.56,0.41000000000000003,0.44,0.56,0.56,0.64,0.41,0.68,0.39,0.05,1.0,0.211,-0.14,-0.196
0.57,0.57,1.0,1.0,0.96,0.96,0.16199999999999998,0.16199999999999998,0.25,0.25,0.13,0.6,0.0749999999999999,0.14999999999999997,0.5,0.33,0.44499999999999995,0.71,0.56,0.43,0.45999999999999996,0.56,0.56,0.6,0.43,0.65,0.4,0.05,1.0,0.222,-0.133,-0.143
0.57,0.57,1.0,1.0,0.97,0.97,0.16199999999999998,0.16199999999999998,0.26,0.26,0.18,0.55,0.02999999999999986,0.11999999999999994,0.5,0.33,0.44499999999999995,0.71,0.56,0.43,0.45999999999999996,0.56,0.56,0.57,0.44,0.63,0.42,0.05,1.0,0.229,-0.138,-0.042
0.57,0.57,1.0,1.0,0.97,0.97,0.16199999999999998,0.16199999999999998,0.35,0.35,0.4,0.33,0.0,0.015000000000000013,0.5,0.33,0.505,0.71,0.56,0.5,0.51,0.56,0.56,0.52,0.52,0.56,0.44,0.06,1.0,0.248,-0.133,0.035
0.56,0.56,1.0,1.0,0.97,0.97,0.16199999999999998,0.16199999999999998,0.43,0.43,0.56,0.17,0.0,0.0,0.5,0.35,0.51,0.73,0.56,0.51,0.51,0.56,0.56,0.5,0.55,0.53,0.49,0.06,1.0,0.248,-0.129,0.07
0.56,0.56,1.0,1.0,0.97,0.97,0.16199999999999998,0.16199999999999998,0.43,0.43,0.63,0.1,0.0,0.0,0.5,0.37,0.505,0.74,0.56,0.51,0.5,0.56,0.56,0.47,0.6,0.5,0.56,0.06,1.0,0.242,-0.128,0.056
0.56,0.56,1.0,1.0,0.97,0.97,0.16199999999999998,0.16199999999999998,0.44,0.44,0.65,0.09,0.0,0.0,0.5,0.38,0.5,0.75,0.56,0.51,0.49,0.56,0.56,0.48,0.59,0.51,0.54,0.06,1.0,0.236,-0.131,-0.006
0.56,0.56,1.0,1.0,0.97,0.97,0.16199999999999998,0.16199999999999998,0.42,0.42,0.59,0.14,0.0,0.0,0.5,0.38,0.5,0.74,0.56,0.51,0.49,0.56,0.56,0.48,0.58,0.52,0.5,0.06,1.0,0.249,-0.129,-0.07
0.56,0.56,1.0,1.0,0.97,0.97,0.16199999999999998,0.16199999999999998,0.4,0.4,0.49,0.24,0.0,0.0,0.5,0.37,0.545,0.74,0.56,0.55,0.54,0.56,0.56,0.5,0.54,0.55,0.45,0.06,1.0,0.251,-0.13,-0.123
0.57,0.57,1.0,1.0,0.97,0.97,0.5325256395339966,0.5301590371131897,0.15,0.15,0.26,0.47,0.11999999999999994,0.18,0.5,0.36,0.495,0.73,0.56,0.49,0.5,0.56,0.56,0.63,0.41,0.67,0.4,0.06,1.0,0.223,-0.137,-0.159
0.58,0.58,1.0,1.0,0.96,0.96,0.2049343991279602,0.204367156624794,0.24,0.24,0.18,0.55,0.05999999999999989,0.11999999999999994,0.5,0.35,0.45999999999999996,0.73,0.56,0.45,0.47,0.56,0.56,0.59,0.43,0.63,0.42,0.06,1.0,0.23,-0.143,-0.16
0.57,0.57,1.0,1.0,0.96,0.96,0.16199999999999998,0.16199999999999998,0.25,0.25,0.17,0.55,0.015000000000000013,0.10499999999999993,0.5,0.34,0.45999999999999996,0.72,0.56,0.45,0.47,0.56,0.56,0.56,0.44,0.62,0.42,0.05,1.0,0.237,-0.143,-0.139
0.57,0.57,1.0,1.0,0.97,0.97,0.16199999999999998,0.16199999999999998,0.24,0.24,0.2,0.52,0.13499999999999995,0.22499999999999987,0.5,0.33,0.43000000000000005,0.71,0.56,0.42000000000000004,0.44,0.56,0.56,0.64,0.41,0.7,0.38,0.05,1.0,0.26,-0.145,-0.115
0.57,0.57,1.0,1.0,0.97,0.97,0.16199999999999998,0.16199999999999998,0.24,0.24,0.24,0.49,0.05999999999999989,0.13499999999999995,0.5,0.33,0.43000000000000005,0.71,0.56,0.42000000000000004,0.44,0.56,0.56,0.59,0.43,0.64,0.41,0.06,1.0,0.269,-0.144,-0.103
0.57,0.57,1.0,1.0,0.97,0.97,0.16199999999999998,0.16199999999999998,0.23,0.23,0.25,0.48,0.0,0.0,0.5,0.33,0.475,0.71,0.56,0.47,0.48,0.56,0.56,0.51,0.53,0.54,0.48,0.07,1.0,0.276,-0.143,-0.099
0.57,0.57,1.0,1.0,0.96,0.96,0.16199999999999998,0.16199999999999998,0.24,0.24,0.26,0.47,0.0,0.0,0.5,0.33,0.605,0.71,0.56,0.6,0.61,0.56,0.56,0.31,0.91,0.33,0.87,0.08,1.0,0.28,-0.141,-0.095
0.57,0.57,1.0,1.0,0.96,0.96,0.16199999999999998,0.16199999999999998,0.24,0.24,0.26,0.46,0.0,0.0,0.5,0.33,0.635,0.71,0.56,0.63,0.64,0.56,0.56,0.31,0.91,0.34,0.86,0.09,1.0,0.285,-0.139,-0.09
0.58,0.58,1.0,1.0,0.96,0.96,0.16199999999999998,0.16199999999999998,0.24,0.24,0.27,0.46,0.0,0.0,0.5,0.33,0.62,0.71,0.56,0.61,0.63,0.56,0.56,0.34,0.86,0.37,0.81,0.11,1.0,0.294,-0.13,-0.048
0.58,0.58,1.0,1.0,0.96,0.96,0.16199999999999998,0.16199999999999998,0.24,0.24,0.31,0.42,0.0,0.0,0.5,0.33,0.615,0.71,0.56,0.61,0.62,0.56,0.56,0.31,0.92,0.32,0.89,0.11,1.0,0.286,-0.122,0.016
0.59,0.59,1.0,1.0,0.95,0.95,0.16199999999999998,0.16199999999999998,0.24,0.24,0.36,0.36,0.0,0.0,0.5,0.33,0.595,0.71,0.56,0.5900000000000001,0.6,0.56,0.56,0.35,0.83,0.38,0.77,0.12,1.0,0.296,-0.115,0.045
0.59,0.59,1.0,1.0,0.95,0.95,0.16199999999999998,0.16199999999999998,0.24,0.24,0.4,0.32,0.0,0.0,0.5,0.33,0.535,0.71,0.56,0.54,0.53,0.56,0.56,0.4,0.75,0.42,0.7,0.12,1.0,0.303,-0.112,0.034
0.6,0.6,1.0,1.0,0.95,0.95,0.16199999999999998,0.16199999999999998,0.24,0.24,0.39,0.33,0.0,0.0,0.5,0.33,0.525,0.71,0.56,0.53,0.52,0.56,0.56,0.36,0.82,0.39,0.77,0.11,1.0,0.283,-0.113,-0.043
0.58,0.58,1.0,1.0,0.96,0.96,0.16199999999999998,0.16199999999999998,0.37,0.37,0.54,0.18,0.0,0.0,0.75,0.34,0.615,0.72,0.56,0.61,0.62,0.56,0.56,0.31,0.92,0.31,0.92,0.11,1.0,0.261,-0.119,-0.119
0.57,0.57,1.0,1.0,0.96,0.96,0.16199999999999998,0.16199999999999998,0.41,0.41,0.46,0.27,0.0,0.0,0.75,0.39,0.675,0.75,0.56,0.65,0.7,0.56,0.56,0.31,0.92,0.31,0.92,0.12,1.0,0.246,-0.122,-0.166
0.57,0.57,1.0,1.0,0.97,0.97,0.16199999999999998,0.16199999999999998,0.43,0.43,0.39,0.34,0.0,0.0,0.75,0.42,0.695,0.78,0.55,0.6699999999999999,0.72,0.55,0.55,0.31,0.92,0.32,0.9,0.12,1.0,0.246,-0.123,-0.143
0.57,0.57,1.0,1.0,0.97,0.97,0.16199999999999998,0.16199999999999998,0.42,0.42,0.41,0.32,0.0,0.0,0.75,0.42,0.69,0.78,0.55,0.6699999999999999,0.71,0.55,0.55,0.32,0.9,0.33,0.87,0.12,1.0,0.295,-0.126,-0.068
0.57,0.57,1.0,1.0,0.97,0.97,0.6289647626876831,0.622585813999176,0.16,0.16,0.3,0.43,0.0,0.0,0.5,0.35,0.5900000000000001,0.73,0.56,0.5800000000000001,0.6,0.56,0.56,0.39,0.76,0.42,0.7,0.13,1.0,0.306,-0.129,-0.025
0.58,0.58,1.0,1.0,0.96,0.96,0.3568610060214996,0.3561145174503326,0.19,0.19,0.34,0.39,0.0,0.0,0.5,0.35,0.535,0.72,0.56,0.53,0.54,0.56,0.56,0.43,0.69,0.46,0.62,0.13,1.0,0.299,-0.13,-0.052
0.58,0.58,1.0,1.0,0.96,0.96,0.2130718785524368,0.21232166469097136,0.23,0.23,0.32,0.41,0.0,0.0,0.5,0.35,0.525,0.72,0.56,0.52,0.53,0.56,0.56,0.42,0.7,0.45,0.64,0.12,1.0,0.29,-0.128,-0.123
0.58,0.58,1.0,1.0,0.96,0.96,0.184072967171669,0.18329454541206358,0.24,0.24,0.22,0.5,0.0,0.0,0.5,0.35,0.56,0.72,0.56,0.54,0.5800000000000001,0.56,0.56,0.37,0.8,0.39,0.76,0.12,1.0,0.265,-0.128,-0.194
0.58,0.58,1.0,1.0,0.96,0.96,0.16199999999999998,0.16199999999999998,0.23,0.23,0.14,0.58,0.0,0.0,0.5,0.37,0.56,0.74,0.56,0.53,0.5900000000000001,0.56,0.56,0.35,0.84,0.37,0.79,0.11,1.0,0.255,-0.128,-0.2
0.57,0.57,1.0,1.0,0.96,0.96,0.16199999999999998,0.16199999999999998,0.23,0.23,0.14,0.58,0.0,0.0,0.5,0.38,0.555,0.74,0.56,0.53,0.5800000000000001,0.56,0.56,0.39,0.77,0.41,0.71,0.11,1.0,0.272,-0.128,-0.157
0.57,0.57,1.0,1.0,0.96,0.96,0.16199999999999998,0.16199999999999998,0.23,0.23,0.19,0.53,0.0,0.0,0.5,0.37,0.5800000000000001,0.74,0.56,0.56,0.6,0.56,0.56,0.36,0.82,0.39,0.76,0.11,1.0,0.298,-0.135,-0.106
0.57,0.57,1.0,1.0,0.97,0.97,0.16199999999999998,0.16199999999999998,0.23,0.23,0.26,0.47,0.0,0.0,0.5,0.36,0.55,0.73,0.56,0.54,0.56,0.56,0.56,0.43,0.69,0.46,0.63,0.12,1.0,0.32,-0.14,-0.04
0.57,0.57,1.0,1.0,0.96,0.96,0.16199999999999998,0.16199999999999998,0.22,0.22,0.33,0.4,0.0,0.0,0.5,0.35,0.515,0.73,0.56,0.51,0.52,0.56,0.56,0.43,0.69,0.46,0.63,0.12,1.0,0.321,-0.143,-0.0
0.59,0.59,1.0,1.0,0.95,0.95,0.18381698012351988,0.1829273360967636,0.22,0.22,0.36,0.37,0.0,0.0,0.5,0.35,0.52,0.72,0.56,0.52,0.52,0.56,0.56,0.46,0.63,0.48,0.58,0.11,1.0,0.32,-0.143,-0.037
0.59,0.59,1.0,1.0,0.95,0.95,0.19472369134426115,0.19387869119644163,0.22,0.22,0.33,0.39,0.0,0.0,0.5,0.34,0.515,0.72,0.56,0.51,0.52,0.56,0.56,0.45,0.65,0.48,0.59,0.11,1.0,0.31,-0.142,-0.112
0.58,0.58,1.0,1.0,0.96,0.96,0.19505010128021238,0.1941948342323303,0.23,0.23,0.24,0.48,0.0,0.0,0.5,0.35,0.545,0.73,0.56,0.53,0.56,0.56,0.56,0.4,0.74,0.42,0.7,0.12,1.0,0.28,-0.144,-0.183
0.58,0.58,1.0,1.0,0.96,0.96,0.1894689607620239,0.18869456231594084,0.22,0.22,0.18,0.54,0.0,0.0,0.5,0.38,0.56,0.74,0.56,0.54,0.5800000000000001,0.56,0.56,0.37,0.81,0.39,0.76,0.11,1.0,0.27,-0.145,-0.181
0.58,0.58,1.0,1.0,0.96,0.96,0.16199999999999998,0.16199999999999998,0.22,0.22,0.17,0.55,0.0,0.0,0.5,0.38,0.575,0.75,0.56,0.55,0.6,0.56,0.56,0.36,0.82,0.38,0.77,0.11,1.0,0.275,-0.138,-0.116
0.57,0.57,1.0,1.0,0.97,0.97,0.16199999999999998,0.16199999999999998,0.23,0.23,0.26,0.46,0.0,0.0,0.5,0.36,0.53,0.73,0.56,0.52,0.54,0.56,0.56,0.41,0.73,0.44,0.67,0.11,1.0,0.291,-0.117,-0.016
0.58,0.58,1.0,1.0,0.96,0.96,0.16199999999999998,0.16199999999999998,0.23,0.23,0.35,0.38,0.0,0.0,0.5,0.35,0.525,0.73,0.56,0.52,0.53,0.56,0.56,0.42,0.69,0.45,0.65,0.12,1.0,0.296,-0.079,0.058
0.58,0.58,1.0,1.0,0.96,0.96,0.16199999999999998,0.16199999999999998,0.22,0.22,0.42,0.31,0.0,0.0,0.5,0.34,0.52,0.72,0.56,0.52,0.52,0.56,0.56,0.39,0.77,0.41,0.73,0.12,1.0,0.303,-0.039,0.113
0.58,0.58,1.0,1.0,0.96,0.96,0.16199999999999998,0.16199999999999998,0.23,0.23,0.47,0.26,0.0,0.0,0.5,0.34,0.51,0.72,0.56,0.52,0.5,0.56,0.56,0.43,0.68,0.45,0.64,0.12,0.93,0.306,0.003,0.164
0.59,0.59,1.0,1.0,0.95,0.95,0.16199999999999998,0.16199999999999998,0.22,0.22,0.51,0.22,0.0,0.0,0.5,0.34,0.47,0.71,0.56,0.49,0.45,0.56,0.56,0.49,0.56,0.51,0.52,0.12,0.79,0.303,0.041,0.18
0.59,0.59,1.0,1.0,0.95,0.95,0.16199999999999998,0.16199999999999998,0.22,0.22,0.52,0.21,0.0,0.0,0.25,0.33,0.46499999999999997,0.71,0.56,0.49,0.44,0.56,0.56,0.48,0.58,0.5,0.55,0.12,0.68,0.309,0.075,0.187
0.59,0.59,1.0,1.0,0.95,0.95,0.16199999999999998,0.16199999999999998,0.22,0.22,0.52,0.21,0.0,0.0,0.25,0.33,0.52,0.71,0.56,0.54,0.5,0.56,0.56,0.52,0.52,0.53,0.48,0.11,0.66,0.307,0.11,0.131
0.59,0.59,1.0,1.0,0.95,0.95,0.16199999999999998,0.16199999999999998,0.21,0.21,0.47,0.26,0.0,0.0,0.25,0.33,0.49,0.71,0.56,0.51,0.47,0.56,0.56,0.52,0.51,0.54,0.47,0.11,0.68,0.332,0.119,0.022
0.59,0.59,1.0,1.0,0.95,0.95,0.1979162949323654,0.19694414317607878,0.21,0.21,0.36,0.37,0.0,0.0,0.25,0.34,0.495,0.72,0.56,0.51,0.48,0.56,0.56,0.42,0.71,0.45,0.65,0.09,1.0,0.353,0.131,-0.061
0.59,0.59,1.0,1.0,0.95,0.95,0.18320333540439604,0.1825143504142761,0.24,0.24,0.27,0.45,0.0,0.0,0.5,0.34,0.56,0.72,0.56,0.56,0.56,0.56,0.56,0.31,0.91,0.34,0.86,0.09,1.0,0.352,0.143,-0.1
0.59,0.59,1.0,1.0,0.95,0.95,0.16199999999999998,0.16199999999999998,0.24,0.24,0.25,0.48,0.0,0.0,0.5,0.35,0.56,0.73,0.56,0.56,0.56,0.56,0.56,0.33,0.88,0.37,0.81,0.09,1.0,0.321,0.15,-0.016
0.58,0.58,1.0,1.0,0.96,0.96,0.16199999999999998,0.16199999999999998,0.23,0.23,0.33,0.39,0.0,0.0,0.5,0.35,0.505,0.73,0.56,0.52,0.49,0.56,0.56,0.4,0.73,0.44,0.66,0.1,0.89,0.285,0.159,0.074
0.58,0.58,1.0,1.0,0.96,0.96,0.18751942694187163,0.18676665008068083,0.21,0.21,0.44,0.29,0.0,0.0,0.5,0.35,0.525,0.72,0.56,0.54,0.51,0.56,0.56,0.47,0.61,0.49,0.57,0.09,0.69,0.267,0.165,0.153
0.59,0.59,1.0,1.0,0.96,0.96,0.16199999999999998,0.16199999999999998,0.22,0.22,0.5,0.23,0.0,0.0,0.25,0.34,0.49,0.72,0.56,0.51,0.47,0.56,0.56,0.49,0.57,0.49,0.56,0.1,0.55,0.279,0.145,0.133
0.59,0.59,1.0,1.0,0.95,0.95,0.18103310048580168,0.18002591609954832,0.23,0.23,0.46,0.26,0.0,0.0,0.5,0.34,0.52,0.72,0.56,0.54,0.5,0.56,0.56,0.47,0.6,0.49,0.58,0.1,0.52,0.284,0.111,0.05
0.58,0.58,1.0,1.0,0.96,0.96,0.16199999999999998,0.16199999999999998,0.23,0.23,0.39,0.33,0.0,0.0,0.5,0.35,0.525,0.72,0.56,0.54,0.51,0.56,0.56,0.42,0.71,0.44,0.66,0.09,0.6,0.307,0.073,-0.05
0.59,0.59,1.0,1.0,0.95,0.95,0.16199999999999998,0.16199999999999998,0.25,0.25,0.3,0.43,0.0,0.0,0.5,0.35,0.545,0.72,0.56,0.55,0.54,0.56,0.56,0.37,0.8,0.4,0.75,0.09,0.95,0.309,0.044,-0.111
0.59,0.59,1.0,1.0,0.96,0.96,0.16199999999999998,0.16199999999999998,0.24,0.24,0.24,0.48,0.0,0.0,0.5,0.35,0.56,0.73,0.56,0.55,0.5700000000000001,0.56,0.56,0.43,0.68,0.46,0.63,0.09,0.97,0.309,0.018,-0.13
0.58,0.58,1.0,1.0,0.96,0.96,0.16199999999999998,0.16199999999999998,0.24,0.24,0.23,0.49,0.0,0.0,0.5,0.35,0.56,0.73,0.56,0.55,0.5700000000000001,0.56,0.56,0.43,0.68,0.46,0.63,0.09,0.94,0.307,0.009,-0.034
0.58,0.58,1.0,1.0,0.96,0.96,0.16199999999999998,0.16199999999999998,0.23,0.23,0.34,0.39,0.0,0.0,0.5,0.33,0.545,0.71,0.56,0.55,0.54,0.56,0.56,0.49,0.57,0.52,0.5,0.11,0.97,0.292,0.015,0.066
0.59,0.59,1.0,1.0,0.95,0.95,0.21537468910217283,0.21506079614162443,0.22,0.22,0.45,0.27,0.0,0.0,0.5,0.32,0.52,0.7,0.56,0.54,0.5,0.56,0.56,0.49,0.56,0.51,0.52,0.11,1.0,0.267,0.036,0.152
0.59,0.59,1.0,1.0,0.95,0.95,0.16199999999999998,0.16199999999999998,0.24,0.24,0.52,0.21,0.0,0.0,0.5,0.31,0.49,0.7,0.56,0.51,0.47,0.56,0.56,0.48,0.58,0.51,0.53,0.11,0.83,0.269,0.064,0.164
0.58,0.58,1.0,1.0,0.96,0.96,0.16199999999999998,0.16199999999999998,0.23,0.23,0.52,0.2,0.0,0.0,0.25,0.31,0.49,0.7,0.56,0.51,0.47,0.56,0.56,0.48,0.58,0.5,0.56,0.11,0.71,0.273,0.068,0.126
0.6,0.6,1.0,1.0,0.95,0.95,0.9295874047279358,0.9294491815567016,0.21,0.21,0.44,0.29,0.0,0.0,0.25,0.33,0.435,0.71,0.56,0.45999999999999996,0.41000000000000003,0.56,0.56,0.51,0.53,0.55,0.45,0.11,0.77,0.275,0.074,0.018
0.58,0.58,1.0,1.0,0.96,0.96,0.25861857414245604,0.25818810939788817,0.22,0.22,0.36,0.36,0.0,0.0,0.5,0.35,0.5,0.72,0.56,0.51,0.49,0.56,0.56,0.46,0.62,0.49,0.56,0.11,0.88,0.29,0.071,-0.066
0.58,0.58,1.0,1.0,0.96,0.96,0.16199999999999998,0.16199999999999998,0.27,0.27,0.27,0.46,0.0,0.0,0.5,0.34,0.525,0.72,0.56,0.53,0.52,0.56,0.56,0.38,0.78,0.41,0.72,0.11,1.0,0.28,0.054,-0.12
0.58,0.58,1.0,1.0,0.96,0.96,0.16199999999999998,0.16199999999999998,0.28,0.28,0.22,0.5,0.0,0.0,0.5,0.35,0.54,0.73,0.56,0.53,0.55,0.56,0.56,0.37,0.8,0.39,0.76,0.1,1.0,0.259,0.032,-0.165
0.58,0.58,1.0,1.0,0.96,0.96,0.16199999999999998,0.16199999999999998,0.28,0.28,0.15,0.57,0.0,0.0,0.5,0.35,0.5,0.73,0.56,0.49,0.51,0.56,0.56,0.43,0.68,0.46,0.62,0.1,1.0,0.256,-0.012,-0.175
0.57,0.57,1.0,1.0,0.96,0.96,0.16199999999999998,0.16199999999999998,0.28,0.28,0.14,0.58,0.0,0.0,0.5,0.35,0.49,0.73,0.56,0.48,0.5,0.56,0.56,0.42,0.71,0.45,0.64,0.1,1.0,0.278,-0.028,-0.141
0.6,0.6,1.0,1.0,0.95,0.95,0.9354138779640198,0.9344686079025268,0.23,0.23,0.26,0.47,0.0,0.0,0.5,0.38,0.42000000000000004,0.75,0.56,0.4,0.44,0.56,0.56,0.49,0.56,0.53,0.48,0.12,1.0,0.284,-0.046,-0.038
0.58,0.58,1.0,1.0,0.96,0.96,0.28851152539253233,0.2883309531211853,0.21,0.21,0.32,0.4,0.0,0.0,0.5,0.37,0.52,0.74,0.56,0.52,0.52,0.56,0.56,0.51,0.54,0.55,0.45,0.13,1.0,0.279,-0.053,0.047
0.58,0.58,1.0,1.0,0.96,0.96,0.16199999999999998,0.16199999999999998,0.25,0.25,0.41,0.32,0.0,0.015000000000000013,0.5,0.33,0.495,0.71,0.56,0.5,0.49,0.56,0.56,0.52,0.5,0.56,0.45,0.13,1.0,0.291,-0.059,0.107
0.58,0.58,1.0,1.0,0.96,0.96,0.16199999999999998,0.16199999999999998,0.25,0.25,0.45,0.27,0.0,0.0,0.5,0.32,0.46499999999999997,0.7,0.56,0.48,0.45,0.56,0.56,0.47,0.6,0.5,0.55,0.12,0.89,0.287,-0.065,0.141
0.58,0.58,1.0,1.0,0.96,0.96,0.16199999999999998,0.16199999999999998,0.32,0.32,0.24,0.49,0.0,0.0,0.5,0.33,0.49,0.71,0.56,0.51,0.47,0.56,0.56,0.46,0.62,0.49,0.57,0.12,0.87,0.273,-0.058,0.116
0.58,0.58,1.0,1.0,0.96,0.96,0.16199999999999998,0.16199999999999998,0.33,0.33,0.19,0.53,0.0,0.0,0.5,0.35,0.47,0.72,0.56,0.49,0.45,0.56,0.56,0.51,0.53,0.54,0.46,0.11,0.95,0.269,-0.033,0.05
0.59,0.59,1.0,1.0,0.95,0.95,0.16199999999999998,0.16199999999999998,0.33,0.33,0.1,0.64,0.0,0.0,0.5,0.36,0.475,0.74,0.56,0.49,0.45999999999999996,0.56,0.56,0.48,0.59,0.52,0.52,0.11,1.0,0.255,-0.01,-0.015
0.59,0.59,1.0,1.0,0.95,0.95,0.16199999999999998,0.16199999999999998,0.32,0.32,0.06,0.67,0.0,0.0,0.5,0.37,0.5,0.74,0.56,0.51,0.49,0.56,0.56,0.46,0.62,0.5,0.55,0.11,1.0,0.246,-0.006,-0.06
0.59,0.59,1.0,1.0,0.95,0.95,0.16199999999999998,0.16199999999999998,0.32,0.32,0.06,0.67,0.0,0.0,0.5,0.37,0.525,0.74,0.56,0.53,0.52,0.56,0.56,0.34,0.86,0.37,0.8,0.11,1.0,0.243,-0.015,-0.07
0.58,0.58,1.0,1.0,0.96,0.96,0.4161258745193481,0.41599769473075865,0.21,0.21,0.27,0.46,0.0,0.0,0.5,0.37,0.5,0.74,0.56,0.5,0.5,0.56,0.56,0.47,0.6,0.51,0.52,0.11,0.96,0.248,-0.034,-0.0
0.58,0.58,1.0,1.0,0.96,0.96,0.42438320398330687,0.4239988136291504,0.19,0.19,0.37,0.36,0.0,0.0749999999999999,0.5,0.38,0.45499999999999996,0.75,0.56,0.45,0.45999999999999996,0.56,0.56,0.54,0.47,0.6,0.43,0.12,1.0,0.24,-0.05,0.081
0.58,0.58,1.0,1.0,0.96,0.96,0.16199999999999998,0.16199999999999998,0.28,0.28,0.46,0.26,0.0,0.0,0.25,0.33,0.4,0.71,0.56,0.41000000000000003,0.39,0.56,0.56,0.46,0.63,0.47,0.6,0.12,0.83,0.25,-0.056,0.144
0.57,0.57,1.0,1.0,0.97,0.97,0.16199999999999998,0.16199999999999998,0.28,0.28,0.49,0.23,0.0,0.0,0.25,0.34,0.385,0.71,0.56,0.4,0.37,0.56,0.56,0.45,0.65,0.46,0.63,0.11,0.65,0.248,-0.058,0.137
0.57,0.57,1.0,1.0,0.97,0.97,0.574413161277771,0.572827558517456,0.16,0.16,0.44,0.28,0.0749999999999999,0.13499999999999995,0.25,0.34,0.365,0.72,0.56,0.37,0.36,0.56,0.56,0.6,0.43,0.64,0.41,0.11,0.65,0.246,-0.062,0.083
0.58,0.58,1.0,1.0,0.96,0.96,0.16199999999999998,0.16199999999999998,0.27,0.27,0.38,0.34,0.0,0.0,0.5,0.36,0.41000000000000003,0.73,0.56,0.41000000000000003,0.41000000000000003,0.56,0.56,0.49,0.56,0.53,0.49,0.11,0.86,0.215,-0.066,-0.001
0.57,0.57,1.0,1.0,0.97,0.97,0.16199999999999998,0.16199999999999998,0.32,0.32,0.29,0.43,0.0,0.0,0.5,0.36,0.46499999999999997,0.73,0.56,0.45999999999999996,0.47,0.56,0.56,0.41,0.71,0.45,0.65,0.12,1.0,0.191,-0.07,-0.064
0.57,0.57,1.0,1.0,0.97,0.97,0.16199999999999998,0.16199999999999998,0.33,0.33,0.25,0.47,0.0,0.0,0.5,0.36,0.495,0.73,0.56,0.49,0.5,0.56,0.56,0.42,0.7,0.45,0.64,0.12,1.0,0.19,-0.08,-0.086
0.57,0.57,1.0,1.0,0.97,0.97,0.16199999999999998,0.16199999999999998,0.32,0.32,0.25,0.47,0.0,0.0,0.5,0.37,0.505,0.74,0.56,0.5,0.51,0.56,0.56,0.4,0.74,0.43,0.69,0.12,1.0,0.186,-0.085,-0.071
0.57,0.57,1.0,1.0,0.97,0.97,0.16199999999999998,0.16199999999999998,0.32,0.32,0.29,0.43,0.0,0.0,0.5,0.37,0.49,0.74,0.56,0.49,0.49,0.56,0.56,0.44,0.67,0.46,0.62,0.12,1.0,0.225,-0.098,0.006
0.57,0.57,1.0,1.0,0.97,0.97,0.16199999999999998,0.16199999999999998,0.33,0.33,0.39,0.33,0.0,0.0,0.5,0.37,0.495,0.74,0.56,0.5,0.49,0.56,0.56,0.4,0.74,0.44,0.66,0.11,1.0,0.219,-0.098,0.075
0.56,0.56,1.0,1.0,0.97,0.97,0.16199999999999998,0.16199999999999998,0.32,0.32,0.47,0.26,0.0,0.0,0.5,0.36,0.45999999999999996,0.73,0.56,0.47,0.45,0.56,0.56,0.35,0.83,0.37,0.79,0.11,1.0,0.23,-0.096,0.133
0.56,0.56,1.0,1.0,0.97,0.97,0.16199999999999998,0.16199999999999998,0.32,0.32,0.51,0.22,0.0,0.0,0.25,0.37,0.44499999999999995,0.74,0.56,0.45999999999999996,0.43,0.56,0.56,0.33,0.87,0.35,0.83,0.1,0.78,0.256,-0.098,0.17
0.56,0.56,1.0,1.0,0.97,0.97,0.16199999999999998,0.16199999999999998,0.32,0.32,0.55,0.18,0.0,0.0,0.5,0.37,0.44999999999999996,0.74,0.56,0.47,0.43,0.56,0.56,0.32,0.89,0.33,0.87,0.1,0.8,0.26,-0.097,0.19
0.56,0.56,1.0,1.0,0.97,0.97,0.16199999999999998,0.16199999999999998,0.32,0.32,0.55,0.17,0.0,0.0,0.5,0.37,0.45999999999999996,0.74,0.56,0.48,0.44,0.56,0.56,0.31,0.91,0.32,0.9,0.1,0.73,0.254,-0.087,0.186
0.56,0.56,1.0,1.0,0.97,0.97,0.16199999999999998,0.16199999999999998,0.32,0.32,0.54,0.19,0.0,0.0,0.5,0.37,0.475,0.74,0.56,0.5,0.45,0.56,0.56,0.33,0.88,0.34,0.86,0.1,0.69,0.247,-0.071,0.173
0.56,0.56,1.0,1.0,0.97,0.97,0.16199999999999998,0.16199999999999998,0.31,0.31,0.52,0.2,0.0,0.0,0.5,0.37,0.5,0.74,0.56,0.52,0.48,0.56,0.56,0.32,0.89,0.34,0.86,0.1,0.81,0.252,-0.048,0.154
0.57,0.57,1.0,1.0,0.97,0.97,0.9244699287414551,0.9244996118545532,0.22,0.22,0.47,0.26,0.0,0.0,0.25,0.36,0.395,0.73,0.56,0.41000000000000003,0.38,0.56,0.56,0.49,0.56,0.52,0.51,0.1,0.61,0.274,-0.018,0.136
0.58,0.58,1.0,1.0,0.96,0.96,0.31146733045578,0.3112820196151733,0.18,0.18,0.46,0.26,0.0,0.015000000000000013,0.25,0.34,0.47,0.72,0.56,0.48,0.45999999999999996,0.56,0.56,0.53,0.48,0.56,0.44,0.12,0.64,0.286,0.002,0.112
0.58,0.58,1.0,1.0,0.96,0.96,0.16199999999999998,0.16199999999999998,0.23,0.23,0.44,0.28,0.0,0.0,0.5,0.32,0.51,0.7,0.56,0.52,0.5,0.56,0.56,0.52,0.51,0.54,0.47,0.11,0.73,0.28,0.026,0.087
0.58,0.58,1.0,1.0,0.96,0.96,0.16199999999999998,0.16199999999999998,0.24,0.24,0.44,0.29,0.015000000000000013,0.0749999999999999,0.5,0.32,0.52,0.7,0.56,0.53,0.51,0.56,0.56,0.56,0.44,0.6,0.43,0.11,0.84,0.275,0.043,0.075
0.58,0.58,1.0,1.0,0.96,0.96,0.16199999999999998,0.16199999999999998,0.24,0.24,0.42,0.3,0.0,0.0,0.5,0.32,0.535,0.7,0.56,0.55,0.52,0.56,0.56,0.5,0.55,0.55,0.46,0.1,0.99,0.278,0.054,0.051
0.58,0.58,1.0,1.0,0.96,0.96,0.16199999999999998,0.16199999999999998,0.25,0.25,0.38,0.34,0.0,0.0,0.5,0.33,0.525,0.71,0.56,0.54,0.51,0.56,0.56,0.43,0.67,0.47,0.6,0.09,1.0,0.284,0.06,0.007
0.58,0.58,1.0,1.0,0.96,0.96,0.7766825366020202,0.7729983735084534,0.14,0.14,0.34,0.39,0.0,0.015000000000000013,0.5,0.34,0.515,0.72,0.56,0.52,0.51,0.56,0.56,0.51,0.53,0.56,0.45,0.09,1.0,0.284,0.062,-0.032
0.58,0.58,1.0,1.0,0.96,0.96,0.2732811379432678,0.27194045066833494,0.22,0.22,0.28,0.45,0.0,0.0,0.5,0.35,0.535,0.72,0.56,0.53,0.54,0.56,0.56,0.43,0.69,0.46,0.62,0.09,1.0,0.29,0.057,-0.099
0.58,0.58,1.0,1.0,0.96,0.96,0.16199999999999998,0.16199999999999998,0.27,0.27,0.22,0.51,0.0,0.0,0.5,0.35,0.55,0.73,0.56,0.54,0.56,0.56,0.56,0.4,0.74,0.44,0.67,0.09,1.0,0.268,0.053,-0.15
0.58,0.58,1.0,1.0,0.96,0.96,0.16199999999999998,0.16199999999999998,0.29,0.29,0.17,0.55,0.0,0.0,0.5,0.36,0.555,0.73,0.56,0.54,0.5700000000000001,0.56,0.56,0.38,0.78,0.41,0.72,0.08,1.0,0.244,0.047,-0.178
0.57,0.57,1.0,1.0,0.96,0.96,0.16199999999999998,0.16199999999999998,0.29,0.29,0.15,0.58,0.0,0.0,0.5,0.36,0.555,0.73,0.56,0.54,0.5700000000000001,0.56,0.56,0.39,0.76,0.42,0.7,0.07,1.0,0.233,0.047,-0.191
0.57,0.57,1.0,1.0,0.96,0.96,0.16199999999999998,0.16199999999999998,0.31,0.31,0.17,0.56,0.0,0.0,0.5,0.36,0.655,0.73,0.56,0.65,0.6599999999999999,0.56,0.56,0.35,0.84,0.39,0.77,0.06,1.0,0.213,0.042,-0.163
0.57,0.57,1.0,1.0,0.96,0.96,0.16199999999999998,0.16199999999999998,0.31,0.31,0.23,0.49,0.0,0.0,0.5,0.36,0.6599999999999999,0.73,0.56,0.6599999999999999,0.6599999999999999,0.56,0.56,0.37,0.81,0.41,0.73,0.06,1.0,0.203,0.041,-0.107
0.57,0.57,1.0,1.0,0.97,0.97,0.16199999999999998,0.16199999999999998,0.31,0.31,0.3,0.42,0.0,0.0,0.5,0.36,0.655,0.73,0.56,0.6599999999999999,0.65,0.56,0.56,0.41,0.73,0.44,0.67,0.06,1.0,0.194,0.047,-0.039
0.57,0.57,1.0,1.0,0.97,0.97,0.16199999999999998,0.16199999999999998,0.31,0.31,0.38,0.34,0.0,0.0,0.5,0.36,0.6799999999999999,0.73,0.56,0.69,0.6699999999999999,0.56,0.56,0.39,0.75,0.43,0.68,0.04,0.94,0.183,0.053,0.045
0.57,0.57,1.0,1.0,0.97,0.97,0.16199999999999998,0.16199999999999998,0.3,0.3,0.45,0.27,0.0,0.0,0.5,0.35,0.6699999999999999,0.72,0.56,0.69,0.65,0.56,0.56,0.41,0.72,0.43,0.68,0.04,0.44,0.178,0.06,0.118
0.57,0.57,1.0,1.0,0.97,0.97,0.16199999999999998,0.16199999999999998,0.3,0.3,0.51,0.21,0.0,0.0,0.5,0.34,0.69,0.72,0.53,0.71,0.6699999999999999,0.53,0.53,0.41,0.71,0.42,0.71,0.03,0.32,0.177,0.064,0.149
0.57,0.57,1.0,1.0,0.97,0.97,0.16199999999999998,0.16199999999999998,0.3,0.3,0.52,0.2,0.015000000000000013,0.015000000000000013,0.5,0.33,0.6699999999999999,0.71,0.56,0.6799999999999999,0.6599999999999999,0.56,0.56,0.56,0.44,0.56,0.45,0.03,0.29,0.194,0.059,0.144
0.58,0.58,1.0,1.0,0.96,0.96,0.8299561548233032,0.8288057851791382,0.16,0.16,0.45,0.27,0.32999999999999996,0.345,0.75,0.32,0.78,0.7,0.46,0.78,0.78,0.46,0.46,0.77,0.35,0.78,0.35,0.03,0.31,0.199,0.047,0.124
0.57,0.57,1.0,1.0,0.96,0.96,0.20972306609153746,0.2092462885379791,0.23,0.23,0.44,0.28,0.31499999999999995,0.2849999999999999,0.75,0.3,0.83,0.69,0.48,0.83,0.83,0.48,0.48,0.76,0.36,0.74,0.36,0.03,0.34,0.207,0.031,0.081
0.57,0.57,1.0,1.0,0.97,0.97,0.16199999999999998,0.16199999999999998,0.27,0.27,0.39,0.33,0.345,0.31499999999999995,0.75,0.3,0.855,0.69,0.42,0.85,0.86,0.42,0.42,0.78,0.35,0.76,0.36,0.03,0.36,0.211,0.009,0.008
0.57,0.57,1.0,1.0,0.97,0.97,0.16199999999999998,0.16199999999999998,0.28,0.28,0.34,0.38,0.29999999999999993,0.2699999999999999,1.0,0.27,0.93,0.67,0.34,0.93,0.93,0.34,0.34,0.75,0.36,0.73,0.37,0.03,0.41,0.198,-0.017,-0.039
0.56,0.56,1.0,1.0,0.98,0.98,0.22938218295574186,0.2284844774007797,0.24,0.24,0.31,0.42,0.22499999999999987,0.20999999999999985,1.0,0.24,0.97,0.64,0.28,0.97,0.97,0.28,0.28,0.7,0.38,0.69,0.39,0.03,0.48,0.203,-0.036,-0.059
0.56,0.56,1.0,1.0,0.98,0.98,0.3194135236740112,0.3174730348587036,0.19,0.19,0.29,0.43,0.18,0.18,1.0,0.25,0.96,0.65,0.28,0.96,0.96,0.28,0.28,0.67,0.4,0.67,0.39,0.03,0.56,0.194,-0.057,-0.081
0.31,0.31,0.49,0.49,1.0,1.0,0.16199999999999998,0.16199999999999998,0.26,0.26,0.28,0.45,0.195,0.18,1.0,0.23,0.98,0.64,0.27,0.98,0.98,0.27,0.27,0.68,0.39,0.67,0.4,0.02,0.62,0.197,-0.073,-0.091
0.29,0.29,0.45,0.45,1.0,1.0,0.16199999999999998,0.16199999999999998,0.27,0.27,0.27,0.46,0.195,0.18,1.0,0.23,0.98,0.63,0.26,0.98,0.98,0.26,0.26,0.68,0.39,0.67,0.4,0.02,0.65,0.192,-0.09,-0.104
0.32,0.32,0.52,0.52,1.0,1.0,0.16199999999999998,0.16199999999999998,0.28,0.28,0.25,0.47,0.04499999999999987,0.05999999999999989,1.0,0.22,0.98,0.63,0.26,0.98,0.98,0.26,0.26,0.58,0.44,0.59,0.43,0.01,0.67,0.18,-0.098,-0.101
0.38,0.38,0.65,0.65,1.0,1.0,0.16199999999999998,0.16199999999999998,0.31,0.31,0.27,0.45,0.0,0.0,1.0,0.22,0.98,0.63,0.27,0.98,0.98,0.27,0.27,0.31,0.92,0.31,0.92,0.01,0.77,0.183,-0.098,-0.074
0.37,0.37,0.63,0.63,1.0,1.0,0.268041353225708,0.26762584924697874,0.25,0.25,0.31,0.42,0.0,0.0,0.75,0.23,0.97,0.63,0.27,0.97,0.97,0.27,0.27,0.31,0.92,0.31,0.92,0.01,0.78,0.222,-0.089,-0.042
0.56,0.56,1.0,1.0,0.97,0.97,0.38588942170143126,0.38537017583847044,0.19,0.19,0.34,0.39,0.0,0.0,0.75,0.25,0.91,0.65,0.29,0.91,0.91,0.29,0.29,0.31,0.92,0.31,0.92,0.02,0.74,0.228,-0.078,-0.005
0.56,0.56,1.0,1.0,0.97,0.97,0.21372259736061094,0.2132428842782974,0.25,0.25,0.36,0.37,0.0,0.0,0.75,0.25,0.92,0.65,0.29,0.92,0.92,0.29,0.29,0.31,0.92,0.31,0.92,0.02,0.7,0.23,-0.069,0.024
0.57,0.57,1.0,1.0,0.97,0.97,0.16199999999999998,0.16199999999999998,0.27,0.27,0.39,0.33,0.0,0.04499999999999987,0.5,0.34,0.55,0.72,0.56,0.56,0.54,0.56,0.56,0.54,0.47,0.58,0.43,0.03,0.76,0.22,-0.048,0.067
0.57,0.57,1.0,1.0,0.97,0.97,0.16199999999999998,0.16199999999999998,0.27,0.27,0.43,0.3,0.18,0.2549999999999999,0.25,0.33,0.33999999999999997,0.71,0.56,0.35,0.33,0.56,0.56,0.67,0.39,0.72,0.37,0.07,0.76,0.237,-0.021,0.091
0.57,0.57,1.0,1.0,0.97,0.97,0.16199999999999998,0.16199999999999998,0.26,0.26,0.44,0.28,0.20999999999999985,0.2699999999999999,0.25,0.33,0.29000000000000004,0.71,0.56,0.3,0.28,0.56,0.56,0.69,0.39,0.73,0.37,0.09,0.69,0.257,0.001,0.106
0.57,0.57,1.0,1.0,0.97,0.97,0.16199999999999998,0.16199999999999998,0.25,0.25,0.47,0.25,0.195,0.2549999999999999,0.25,0.32,0.3,0.7,0.56,0.31,0.29,0.56,0.56,0.68,0.39,0.72,0.38,0.11,0.71,0.265,0.027,0.136
0.57,0.57,1.0,1.0,0.97,0.97,0.16199999999999998,0.16199999999999998,0.24,0.24,0.5,0.22,0.16499999999999998,0.22499999999999987,0.25,0.32,0.32499999999999996,0.7,0.56,0.33999999999999997,0.31,0.56,0.56,0.66,0.4,0.7,0.38,0.12,0.74,0.272,0.056,0.159
0.57,0.57,1.0,1.0,0.97,0.97,0.16199999999999998,0.16199999999999998,0.24,0.24,0.52,0.2,0.0749999999999999,0.11999999999999994,0.25,0.31,0.33999999999999997,0.7,0.56,0.36,0.32,0.56,0.56,0.6,0.43,0.63,0.41,0.12,0.67,0.276,0.084,0.198
0.57,0.57,1.0,1.0,0.96,0.96,0.16199999999999998,0.16199999999999998,0.24,0.24,0.56,0.17,0.015000000000000013,0.015000000000000013,0.25,0.32,0.36,0.7,0.56,0.38,0.33999999999999997,0.56,0.56,0.56,0.45,0.56,0.44,0.12,0.57,0.276,0.104,0.234
0.57,0.57,1.0,1.0,0.96,0.96,0.16199999999999998,0.16199999999999998,0.23,0.23,0.61,0.12,0.015000000000000013,0.02999999999999986,0.25,0.32,0.395,0.7,0.56,0.41000000000000003,0.38,0.56,0.56,0.56,0.44,0.57,0.44,0.11,0.4,0.265,0.112,0.248
0.58,0.58,1.0,1.0,0.96,0.96,0.16199999999999998,0.16199999999999998,0.23,0.23,0.6,0.13,0.0,0.0,0.25,0.32,0.41500000000000004,0.7,0.56,0.43,0.4,0.56,0.56,0.53,0.49,0.54,0.48,0.12,0.42,0.281,0.108,0.216
0.58,0.58,1.0,1.0,0.96,0.96,0.16199999999999998,0.16199999999999998,0.23,0.23,0.53,0.2,0.0,0.0,0.25,0.32,0.43000000000000005,0.71,0.56,0.45,0.41000000000000003,0.56,0.56,0.53,0.48,0.55,0.45,0.12,0.57,0.3,0.091,0.136
0.58,0.58,1.0,1.0,0.96,0.96,0.16199999999999998,0.16199999999999998,0.23,0.23,0.45,0.27,0.0,0.0,0.25,0.32,0.44499999999999995,0.71,0.56,0.45999999999999996,0.43,0.56,0.56,0.53,0.49,0.54,0.46,0.1,0.95,0.302,0.081,0.06
0.58,0.58,1.0,1.0,0.96,0.96,0.16199999999999998,0.16199999999999998,0.23,0.23,0.37,0.35,0.0,0.0,0.25,0.33,0.435,0.71,0.56,0.44,0.43,0.56,0.56,0.51,0.53,0.55,0.46,0.09,1.0,0.308,0.075,0.001
0.58,0.58,1.0,1.0,0.96,0.96,0.16199999999999998,0.16199999999999998,0.24,0.24,0.36,0.36,0.0,0.0,0.25,0.34,0.435,0.71,0.56,0.44,0.43,0.56,0.56,0.5,0.55,0.54,0.47,0.1,1.0,0.288,0.069,0.012
0.57,0.57,1.0,1.0,0.97,0.97,0.16199999999999998,0.16199999999999998,0.36,0.36,0.61,0.12,0.0,0.0,0.5,0.34,0.5,0.72,0.56,0.51,0.49,0.56,0.56,0.41,0.72,0.45,0.65,0.1,1.0,0.26,0.066,0.059
0.56,0.56,1.0,1.0,0.97,0.97,0.16199999999999998,0.16199999999999998,0.4,0.4,0.7,0.03,0.0,0.0,0.5,0.35,0.49,0.72,0.56,0.5,0.48,0.56,0.56,0.51,0.53,0.54,0.48,0.1,1.0,0.247,0.059,0.121
0.56,0.56,1.0,1.0,0.97,0.97,0.16199999999999998,0.16199999999999998,0.41,0.41,0.72,0.02,0.0,0.0,0.5,0.35,0.485,0.73,0.56,0.5,0.47,0.56,0.56,0.41,0.73,0.43,0.69,0.1,1.0,0.249,0.058,0.138
0.56,0.56,1.0,1.0,0.97,0.97,0.6354607152938843,0.6287292051315307,0.15,0.15,0.48,0.25,0.0749999999999999,0.14999999999999997,0.5,0.35,0.42500000000000004,0.72,0.56,0.43,0.42000000000000004,0.56,0.56,0.6,0.43,0.65,0.41,0.1,1.0,0.255,0.057,0.109
0.58,0.58,1.0,1.0,0.96,0.96,0.25672424912452696,0.255653600692749,0.23,0.23,0.42,0.3,0.0,0.015000000000000013,0.5,0.33,0.44999999999999996,0.71,0.56,0.45999999999999996,0.44,0.56,0.56,0.51,0.52,0.56,0.44,0.11,1.0,0.248,0.063,0.032
0.57,0.57,1.0,1.0,0.96,0.96,0.16199999999999998,0.16199999999999998,0.27,0.27,0.36,0.36,0.0,0.0,0.5,0.33,0.44999999999999996,0.71,0.56,0.45999999999999996,0.44,0.56,0.56,0.47,0.61,0.51,0.53,0.1,1.0,0.247,0.066,-0.006
0.57,0.57,1.0,1.0,0.97,0.97,0.16199999999999998,0.16199999999999998,0.26,0.26,0.35,0.38,0.0,0.0,0.25,0.34,0.45499999999999996,0.72,0.56,0.45999999999999996,0.45,0.56,0.56,0.43,0.69,0.47,0.6,0.1,1.0,0.246,0.07,0.006
0.58,0.58,1.0,1.0,0.96,0.96,0.16199999999999998,0.16199999999999998,0.26,0.26,0.37,0.35,0.0,0.0,0.5,0.35,0.49,0.72,0.56,0.5,0.48,0.56,0.56,0.46,0.63,0.5,0.55,0.09,1.0,0.258,0.071,0.088
0.61,0.61,1.0,1.0,0.94,0.94,0.16199999999999998,0.16199999999999998,0.25,0.25,0.45,0.27,0.0,0.0,0.25,0.34,0.485,0.72,0.56,0.5,0.47,0.56,0.56,0.51,0.52,0.55,0.45,0.09,1.0,0.26,0.078,0.132
0.65,0.65,1.0,1.0,0.9,0.9,0.16199999999999998,0.16199999999999998,0.24,0.24,0.49,0.23,0.0,0.0,0.25,0.34,0.52,0.72,0.56,0.53,0.51,0.56,0.56,0.49,0.57,0.5,0.55,0.09,0.93,0.258,0.08,0.14
0.65,0.65,1.0,1.0,0.9,0.9,0.18435312390327452,0.18380471646785734,0.25,0.25,0.49,0.23,0.0,0.0,0.25,0.34,0.49,0.72,0.56,0.51,0.47,0.56,0.56,0.51,0.52,0.53,0.49,0.09,0.86,0.249,0.079,0.13
0.65,0.65,1.0,1.0,0.9,0.9,0.18473407208919523,0.1840576636791229,0.26,0.26,0.49,0.24,0.0,0.0,0.25,0.34,0.5,0.72,0.56,0.52,0.48,0.56,0.56,0.53,0.5,0.54,0.47,0.09,0.94,0.239,0.078,0.097
0.64,0.64,1.0,1.0,0.91,0.91,0.16199999999999998,0.16199999999999998,0.28,0.28,0.43,0.29,0.0,0.0,0.25,0.35,0.49,0.72,0.56,0.51,0.47,0.56,0.56,0.44,0.67,0.46,0.63,0.08,1.0,0.224,0.081,0.033
0.65,0.65,1.0,1.0,0.9,0.9,0.16199999999999998,0.16199999999999998,0.29,0.29,0.35,0.37,0.0,0.0,0.25,0.37,0.475,0.74,0.56,0.48,0.47,0.56,0.56,0.41,0.72,0.44,0.67,0.07,1.0,0.209,0.077,-0.043
0.67,0.67,1.0,1.0,0.89,0.89,0.16199999999999998,0.16199999999999998,0.31,0.31,0.3,0.42,0.0,0.0,0.5,0.37,0.49,0.74,0.56,0.49,0.49,0.56,0.56,0.41,0.72,0.44,0.67,0.07,1.0,0.204,0.072,-0.07
0.67,0.67,1.0,1.0,0.88,0.88,0.16199999999999998,0.16199999999999998,0.32,0.32,0.26,0.46,0.0,0.0,0.5,0.37,0.495,0.74,0.56,0.49,0.5,0.56,0.56,0.42,0.7,0.45,0.65,0.07,1.0,0.193,0.064,-0.09
0.67,0.67,1.0,1.0,0.88,0.88,0.16199999999999998,0.16199999999999998,0.32,0.32,0.25,0.47,0.0,0.0,0.5,0.36,0.485,0.73,0.56,0.49,0.48,0.56,0.56,0.44,0.67,0.47,0.61,0.07,1.0,0.177,0.049,-0.086
0.67,0.67,1.0,1.0,0.89,0.89,0.16199999999999998,0.16199999999999998,0.33,0.33,0.25,0.47,0.0,0.0,0.5,0.36,0.45,0.73,0.56,0.45,0.45,0.56,0.56,0.46,0.62,0.49,0.57,0.06,1.0,0.167,0.026,-0.061
0.67,0.67,1.0,1.0,0.89,0.89,0.16199999999999998,0.16199999999999998,0.32,0.32,0.3,0.42,0.0,0.0,0.5,0.35,0.475,0.73,0.56,0.47,0.48,0.56,0.56,0.48,0.58,0.5,0.54,0.06,1.0,0.191,-0.005,0.007
0.65,0.65,1.0,1.0,0.9,0.9,0.16199999999999998,0.16199999999999998,0.32,0.32,0.38,0.34,0.0,0.0,0.5,0.36,0.49,0.73,0.56,0.49,0.49,0.56,0.56,0.47,0.61,0.49,0.57,0.06,1.0,0.186,-0.024,0.116
0.64,0.64,1.0,1.0,0.91,0.91,0.16199999999999998,0.16199999999999998,0.35,0.35,0.48,0.24,0.0,0.0,0.5,0.36,0.51,0.73,0.56,0.52,0.5,0.56,0.56,0.4,0.74,0.41,0.73,0.06,1.0,0.177,-0.029,0.162
0.63,0.63,1.0,1.0,0.92,0.92,0.16199999999999998,0.16199999999999998,0.38,0.38,0.53,0.2,0.0,0.0,0.5,0.37,0.525,0.74,0.56,0.54,0.51,0.56,0.56,0.34,0.86,0.34,0.85,0.07,0.78,0.17,-0.036,0.145
0.61,0.61,1.0,1.0,0.94,0.94,0.16199999999999998,0.16199999999999998,0.38,0.38,0.47,0.25,0.0,0.0,0.5,0.38,0.54,0.74,0.56,0.55,0.53,0.56,0.56,0.38,0.79,0.39,0.77,0.07,0.97,0.15,-0.045,0.047
0.6,0.6,1.0,1.0,0.94,0.94,0.16199999999999998,0.16199999999999998,0.38,0.38,0.35,0.37,0.0,0.0,0.5,0.37,0.54,0.74,0.56,0.54,0.54,0.56,0.56,0.38,0.77,0.41,0.73,0.07,1.0,0.131,-0.064,-0.033
0.61,0.61,1.0,1.0,0.93,0.93,0.16199999999999998,0.16199999999999998,0.39,0.39,0.26,0.46,0.0,0.0,0.5,0.36,0.5650000000000001,0.73,0.56,0.56,0.5700000000000001,0.56,0.56,0.42,0.7,0.45,0.65,0.07,1.0,0.114,-0.083,-0.078
0.62,0.62,1.0,1.0,0.93,0.93,0.16199999999999998,0.16199999999999998,0.38,0.38,0.23,0.5,0.0,0.0,0.5,0.35,0.5650000000000001,0.73,0.56,0.56,0.5700000000000001,0.56,0.56,0.38,0.78,0.41,0.73,0.07,1.0,0.121,-0.094,-0.082
0.61,0.61,1.0,1.0,0.94,0.94,0.16199999999999998,0.16199999999999998,0.37,0.37,0.24,0.48,0.0,0.0,0.5,0.35,0.56,0.73,0.56,0.55,0.5700000000000001,0.56,0.56,0.41,0.73,0.43,0.69,0.07,1.0,0.138,-0.1,-0.044
0.59,0.59,1.0,1.0,0.95,0.95,0.16199999999999998,0.16199999999999998,0.37,0.37,0.32,0.4,0.0,0.0,0.5,0.36,0.52,0.73,0.56,0.51,0.53,0.56,0.56,0.44,0.66,0.47,0.6,0.07,1.0,0.181,-0.094,0.03
0.59,0.59,1.0,1.0,0.95,0.95,0.16199999999999998,0.16199999999999998,0.35,0.35,0.39,0.33,0.0,0.0,0.5,0.36,0.54,0.73,0.56,0.54,0.54,0.56,0.56,0.41,0.73,0.43,0.69,0.07,1.0,0.201,-0.076,0.081
0.59,0.59,1.0,1.0,0.95,0.95,0.16199999999999998,0.16199999999999998,0.36,0.36,0.43,0.29,0.0,0.0,0.5,0.37,0.505,0.74,0.56,0.51,0.5,0.56,0.56,0.4,0.74,0.42,0.7,0.07,1.0,0.21,-0.059,0.09
0.59,0.59,1.0,1.0,0.95,0.95,0.16199999999999998,0.16199999999999998,0.35,0.35,0.44,0.29,0.0,0.0,0.25,0.38,0.5,0.74,0.56,0.51,0.49,0.56,0.56,0.42,0.69,0.44,0.67,0.07,1.0,0.211,-0.036,0.066
0.59,0.59,1.0,1.0,0.95,0.95,0.16199999999999998,0.16199999999999998,0.36,0.36,0.42,0.31,0.0,0.0,0.5,0.38,0.51,0.74,0.56,0.52,0.5,0.56,0.56,0.44,0.67,0.46,0.63,0.07,0.94,0.228,-0.016,0.027
0.58,0.58,1.0,1.0,0.96,0.96,0.16199999999999998,0.16199999999999998,0.35,0.35,0.37,0.35,0.22499999999999987,0.2549999999999999,0.5,0.37,0.485,0.74,0.56,0.49,0.48,0.56,0.56,0.7,0.39,0.72,0.37,0.07,0.78,0.238,-0.005,-0.001
0.58,0.58,1.0,1.0,0.96,0.96,0.16199999999999998,0.16199999999999998,0.33,0.33,0.34,0.39,0.36,0.32999999999999996,0.75,0.32,0.725,0.71,0.56,0.72,0.73,0.56,0.56,0.79,0.34,0.77,0.35,0.07,0.51,0.232,0.0,-0.016
0.57,0.57,1.0,1.0,0.96,0.96,0.16199999999999998,0.16199999999999998,0.34,0.34,0.34,0.39,0.31499999999999995,0.2849999999999999,0.75,0.31,0.815,0.69,0.53,0.81,0.82,0.53,0.53,0.76,0.36,0.74,0.37,0.06,0.45,0.237,0.002,-0.011
0.56,0.56,1.0,1.0,0.97,0.97,0.16199999999999998,0.16199999999999998,0.34,0.34,0.34,0.38,0.2549999999999999,0.22499999999999987,1.0,0.28,0.91,0.67,0.37,0.91,0.91,0.37,0.37,0.72,0.37,0.7,0.38,0.04,0.45,0.235,0.008,-0.011
0.13,0.13,0.07,0.07,1.0,1.0,0.16199999999999998,0.16199999999999998,0.34,0.34,0.34,0.38,0.22499999999999987,0.195,1.0,0.24,0.96,0.64,0.28,0.96,0.96,0.28,0.28,0.7,0.38,0.68,0.39,0.02,0.47,0.239,0.022,-0.009
0.16,0.16,0.13,0.13,1.0,1.0,0.16199999999999998,0.16199999999999998,0.33,0.33,0.35,0.38,0.20999999999999985,0.195,1.0,0.23,0.97,0.64,0.27,0.97,0.97,0.27,0.27,0.69,0.39,0.68,0.39,0.02,0.5,0.246,0.024,-0.008
0.26,0.26,0.38,0.38,1.0,1.0,0.16199999999999998,0.16199999999999998,0.33,0.33,0.35,0.37,0.14999999999999997,0.13499999999999995,1.0,0.23,0.98,0.63,0.26,0.98,0.98,0.26,0.26,0.65,0.4,0.64,0.41,0.01,0.53,0.258,0.031,0.001
0.28,0.28,0.43,0.43,1.0,1.0,0.16199999999999998,0.16199999999999998,0.31,0.31,0.36,0.37,0.11999999999999994,0.11999999999999994,1.0,0.22,0.98,0.63,0.25,0.98,0.98,0.25,0.25,0.63,0.41,0.63,0.42,0.01,0.56,0.271,0.046,0.009
0.28,0.28,0.41,0.41,1.0,1.0,0.16199999999999998,0.16199999999999998,0.3,0.3,0.36,0.36,0.13499999999999995,0.11999999999999994,1.0,0.22,0.99,0.63,0.25,0.99,0.99,0.25,0.25,0.64,0.41,0.63,0.41,0.01,0.58,0.269,0.054,0.014
0.27,0.27,0.41,0.41,1.0,1.0,0.16199999999999998,0.16199999999999998,0.31,0.31,0.37,0.35,0.14999999999999997,0.13499999999999995,1.0,0.22,0.99,0.62,0.25,0.99,0.99,0.25,0.25,0.65,0.41,0.64,0.41,0.01,0.59,0.265,0.053,0.005
0.32,0.32,0.5,0.5,1.0,1.0,0.16199999999999998,0.16199999999999998,0.32,0.32,0.36,0.36,0.13499999999999995,0.11999999999999994,1.0,0.22,0.99,0.62,0.25,0.99,0.99,0.25,0.25,0.64,0.41,0.63,0.41,0.01,0.59,0.244,0.046,-0.026
0.31,0.31,0.5,0.5,1.0,1.0,0.16199999999999998,0.16199999999999998,0.32,0.32,0.34,0.38,0.13499999999999995,0.11999999999999994,1.0,0.21,0.99,0.62,0.25,0.99,0.99,0.25,0.25,0.64,0.41,0.63,0.41,0.01,0.6,0.243,0.04,-0.035
0.33,0.33,0.53,0.53,1.0,1.0,0.16199999999999998,0.16199999999999998,0.32,0.32,0.33,0.39,0.13499999999999995,0.13499999999999995,1.0,0.21,0.99,0.62,0.25,0.99,0.99,0.25,0.25,0.64,0.41,0.64,0.41,0.01,0.6,0.236,0.029,-0.038
0.34,0.34,0.55,0.55,1.0,1.0,0.16199999999999998,0.16199999999999998,0.33,0.33,0.33,0.39,0.13499999999999995,0.13499999999999995,1.0,0.21,0.99,0.62,0.25,0.99,0.99,0.25,0.25,0.64,0.41,0.64,0.41,0.01,0.61,0.241,0.029,-0.031
0.36,0.36,0.59,0.59,1.0,1.0,0.16199999999999998,0.16199999999999998,0.32,0.32,0.33,0.39,0.13499999999999995,0.13499999999999995,1.0,0.21,0.99,0.62,0.25,0.99,0.99,0.25,0.25,0.64,0.41,0.64,0.41,0.01,0.62,0.243,0.032,-0.024
0.37,0.37,0.63,0.63,1.0,1.0,0.16199999999999998,0.16199999999999998,0.32,0.32,0.34,0.38,0.13499999999999995,0.13499999999999995,1.0,0.21,0.99,0.62,0.25,0.99,0.99,0.25,0.25,0.64,0.41,0.64,0.41,0.01,0.62,0.235,0.029,-0.024
0.33,0.33,0.54,0.54,1.0,1.0,0.16199999999999998,0.16199999999999998,0.4,0.4,0.57,0.16,0.13499999999999995,0.11999999999999994,1.0,0.21,0.99,0.62,0.25,0.99,0.99,0.25,0.25,0.64,0.41,0.63,0.41,0.01,0.61,0.227,0.03,-0.023
0.38,0.38,0.66,0.66,1.0,1.0,0.16199999999999998,0.16199999999999998,0.42,0.42,0.58,0.15,0.13499999999999995,0.11999999999999994,1.0,0.22,0.99,0.62,0.25,0.99,0.99,0.25,0.25,0.64,0.41,0.63,0.41,0.01,0.61,0.231,0.031,-0.024
0.39,0.39,0.68,0.68,1.0,1.0,0.16199999999999998,0.16199999999999998,0.41,0.41,0.57,0.16,0.13499999999999995,0.11999999999999994,1.0,0.22,0.99,0.62,0.25,0.99,0.99,0.25,0.25,0.64,0.41,0.63,0.41,0.01,0.61,0.233,0.037,-0.017
0.4,0.4,0.7,0.7,1.0,1.0,0.16199999999999998,0.16199999999999998,0.42,0.42,0.59,0.14,0.13499999999999995,0.11999999999999994,1.0,0.22,0.99,0.63,0.25,0.99,0.99,0.25,0.25,0.64,0.41,0.63,0.41,0.01,0.61,0.235,0.059,0.004
0.33,0.33,0.54,0.54,1.0,1.0,0.16199999999999998,0.16199999999999998,0.4,0.4,0.61,0.12,0.13499999999999995,0.11999999999999994,1.0,0.22,0.99,0.63,0.25,0.99,0.99,0.25,0.25,0.64,0.41,0.63,0.42,0.01,0.6,0.242,0.073,0.013
0.34,0.34,0.57,0.57,1.0,1.0,0.16199999999999998,0.16199999999999998,0.4,0.4,0.62,0.12,0.11999999999999994,0.10499999999999993,1.0,0.22,0.99,0.63,0.25,0.99,0.99,0.25,0.25,0.63,0.41,0.62,0.42,0.01,0.6,0.249,0.074,0.012
0.36,0.36,0.61,0.61,1.0,1.0,0.16199999999999998,0.16199999999999998,0.39,0.39,0.61,0.12,0.11999999999999994,0.10499999999999993,1.0,0.22,0.99,0.63,0.25,0.99,0.99,0.25,0.25,0.63,0.42,0.62,0.42,0.01,0.59,0.252,0.073,0.011
0.35,0.35,0.59,0.59,1.0,1.0,0.16199999999999998,0.16199999999999998,0.39,0.39,0.6,0.13,0.11999999999999994,0.10499999999999993,1.0,0.22,0.99,0.63,0.25,0.99,0.99,0.25,0.25,0.63,0.42,0.62,0.42,0.01,0.59,0.256,0.075,0.01
0.36,0.36,0.61,0.61,1.0,1.0,0.16199999999999998,0.16199999999999998,0.3,0.3,0.38,0.34,0.10499999999999993,0.10499999999999993,1.0,0.22,0.99,0.62,0.25,0.99,0.99,0.25,0.25,0.62,0.42,0.62,0.42,0.01,0.59,0.256,0.074,0.009
0.38,0.38,0.65,0.65,1.0,1.0,0.16199999999999998,0.16199999999999998,0.31,0.31,0.38,0.35,0.10499999999999993,0.10499999999999993,1.0,0.22,0.99,0.62,0.25,0.99,0.99,0.25,0.25,0.62,0.42,0.62,0.42,0.01,0.6,0.252,0.073,0.007
0.38,0.38,0.66,0.66,1.0,1.0,0.16199999999999998,0.16199999999999998,0.31,0.31,0.37,0.35,0.08999999999999991,0.08999999999999991,1.0,0.21,0.99,0.62,0.25,0.99,0.99,0.25,0.25,0.61,0.42,0.61,0.42,0.01,0.6,0.251,0.073,0.007
0.38,0.38,0.64,0.64,1.0,1.0,0.16199999999999998,0.16199999999999998,0.31,0.31,0.37,0.35,0.10499999999999993,0.10499999999999993,1.0,0.21,0.99,0.62,0.25,0.99,0.99,0.25,0.25,0.62,0.42,0.62,0.42,0.01,0.6,0.246,0.054,-0.008
0.36,0.36,0.61,0.61,1.0,1.0,0.16199999999999998,0.16199999999999998,0.31,0.31,0.36,0.36,0.11999999999999994,0.10499999999999993,1.0,0.21,0.99,0.62,0.25,0.99,0.99,0.25,0.25,0.63,0.42,0.62,0.42,0.01,0.59,0.248,0.027,-0.03
0.35,0.35,0.58,0.58,1.0,1.0,0.16199999999999998,0.16199999999999998,0.31,0.31,0.33,0.39,0.10499999999999993,0.08999999999999991,1.0,0.21,0.99,0.62,0.25,0.99,0.99,0.25,0.25,0.62,0.42,0.61,0.42,0.01,0.59,0.241,-0.0,-0.046
0.37,0.37,0.63,0.63,1.0,1.0,0.16199999999999998,0.16199999999999998,0.31,0.31,0.32,0.4,0.10499999999999993,0.08999999999999991,1.0,0.21,0.99,0.62,0.25,0.99,0.99,0.25,0.25,0.62,0.42,0.61,0.42,0.01,0.6,0.236,-0.017,-0.051
0.39,0.39,0.67,0.67,1.0,1.0,0.16199999999999998,0.16199999999999998,0.31,0.31,0.32,0.41,0.10499999999999993,0.08999999999999991,1.0,0.21,0.99,0.62,0.25,0.99,0.99,0.25,0.25,0.62,0.42,0.61,0.42,0.01,0.6,0.233,-0.031,-0.054
0.39,0.39,0.68,0.68,1.0,1.0,0.16199999999999998,0.16199999999999998,0.31,0.31,0.32,0.41,0.10499999999999993,0.08999999999999991,1.0,0.21,0.99,0.62,0.25,0.99,0.99,0.25,0.25,0.62,0.42,0.61,0.42,0.01,0.6,0.229,-0.041,-0.054
0.42,0.42,0.75,0.75,1.0,1.0,0.16199999999999998,0.16199999999999998,0.32,0.32,0.31,0.41,0.08999999999999991,0.08999999999999991,1.0,0.21,0.99,0.62,0.25,0.99,0.99,0.25,0.25,0.61,0.42,0.61,0.42,0.01,0.61,0.24,-0.038,-0.045
0.42,0.42,0.75,0.75,1.0,1.0,0.16199999999999998,0.16199999999999998,0.32,0.32,0.32,0.41,0.08999999999999991,0.08999999999999991,1.0,0.21,0.99,0.62,0.25,0.99,0.99,0.25,0.25,0.61,0.42,0.61,0.42,0.01,0.62,0.232,-0.036,-0.039
0.42,0.42,0.74,0.74,1.0,1.0,0.16199999999999998,0.16199999999999998,0.32,0.32,0.32,0.4,0.08999999999999991,0.08999999999999991,1.0,0.21,0.99,0.62,0.25,0.99,0.99,0.25,0.25,0.61,0.42,0.61,0.42,0.01,0.61,0.231,-0.03,-0.038
0.41,0.41,0.72,0.72,1.0,1.0,0.16199999999999998,0.16199999999999998,0.32,0.32,0.32,0.4,0.08999999999999991,0.08999999999999991,1.0,0.21,0.99,0.62,0.25,0.99,0.99,0.25,0.25,0.61,0.42,0.61,0.42,0.01,0.61,0.225,-0.025,-0.039
0.44,0.44,0.79,0.79,1.0,1.0,0.16199999999999998,0.16199999999999998,0.32,0.32,0.32,0.4,0.08999999999999991,0.08999999999999991,1.0,0.21,0.99,0.62,0.25,0.99,0.99,0.25,0.25,0.61,0.42,0.61,0.42,0.01,0.61,0.229,-0.023,-0.038
0.41,0.41,0.72,0.72,1.0,1.0,0.16199999999999998,0.16199999999999998,0.32,0.32,0.32,0.4,0.08999999999999991,0.08999999999999991,1.0,0.21,0.99,0.62,0.25,0.99,0.99,0.25,0.25,0.61,0.42,0.61,0.42,0.01,0.61,0.229,-0.017,-0.041
0.45,0.45,0.81,0.81,1.0,1.0,0.16199999999999998,0.16199999999999998,0.32,0.32,0.32,0.4,0.08999999999999991,0.08999999999999991,1.0,0.21,0.99,0.62,0.25,0.99,0.99,0.25,0.25,0.61,0.42,0.61,0.42,0.01,0.61,0.205,-0.013,-0.049
