start livelink
[0.01, 0.042, -0.067]
[0.014, 0.04, -0.069]
[0.014, 0.04, -0.069]
[0.016, 0.039, -0.068]
[0.016, 0.039, -0.066]
[0.025, 0.045, -0.064]
[0.027, 0.042, -0.037]
[0.022, 0.04, -0.051]
[0.02, 0.039, -0.058]
[0.019, 0.038, -0.061]
[0.019, 0.037, -0.066]
[0.02, 0.037, -0.064]
[0.021, 0.036, -0.061]
[0.022, 0.036, -0.057]
[0.022, 0.036, -0.053]
[0.022, 0.036, -0.052]
[0.023, 0.036, -0.051]
[0.024, 0.036, -0.052]
[0.026, 0.037, -0.052]
[0.027, 0.038, -0.052]
[0.026, 0.039, -0.051]
[0.027, 0.04, -0.049]
[0.027, 0.04, -0.049]
[0.027, 0.04, -0.048]
[0.029, 0.041, -0.047]
[0.03, 0.041, -0.046]
[0.032, 0.041, -0.046]
[0.033, 0.042, -0.044]
[0.037, 0.042, -0.041]
[0.034, 0.042, -0.036]
[0.034, 0.042, -0.036]
[0.03, 0.042, -0.033]
[0.032, 0.044, -0.032]
[0.043, 0.048, -0.03]
[0.043, 0.048, -0.03]
[0.048, 0.049, -0.029]
[0.048, 0.05, -0.029]
[0.043, 0.052, -0.028]
[0.043, 0.052, -0.028]
[0.04, 0.053, -0.027]
[0.037, 0.053, -0.025]
[0.036, 0.055, -0.019]
[0.036, 0.055, -0.019]
[0.036, 0.055, -0.015]
[0.036, 0.055, -0.011]
[0.039, 0.055, 0.001]
[0.039, 0.055, 0.001]
[0.041, 0.055, 0.007]
[0.042, 0.056, 0.012]
[0.043, 0.057, 0.016]
[0.042, 0.058, 0.019]
[0.039, 0.058, 0.021]
[0.036, 0.059, 0.024]
[0.034, 0.06, 0.028]
[0.035, 0.061, 0.032]
[0.037, 0.062, 0.035]
[0.039, 0.063, 0.037]
[0.04, 0.063, 0.039]
[0.04, 0.064, 0.04]
[0.04, 0.064, 0.042]
[0.04, 0.064, 0.042]
[0.041, 0.063, 0.042]
[0.042, 0.063, 0.042]
[0.04, 0.062, 0.041]
[0.04, 0.062, 0.041]
[0.038, 0.062, 0.041]
[0.036, 0.061, 0.04]
[0.034, 0.06, 0.04]
[0.034, 0.06, 0.04]
[0.034, 0.059, 0.04]
[0.035, 0.059, 0.039]
[0.037, 0.058, 0.039]
[0.038, 0.057, 0.038]
[0.041, 0.055, 0.036]
[0.041, 0.055, 0.036]
[0.042, 0.055, 0.035]
[0.043, 0.053, 0.034]
[0.049, 0.051, 0.032]
[0.049, 0.051, 0.032]
[0.051, 0.05, 0.031]
[0.052, 0.048, 0.029]
[0.057, 0.046, 0.026]
[0.057, 0.046, 0.026]
[0.054, 0.045, 0.023]
[0.049, 0.044, 0.022]
[0.045, 0.04, 0.016]
[0.051, 0.039, 0.013]
[0.051, 0.039, 0.013]
[0.058, 0.037, 0.01]
[0.068, 0.035, 0.005]
[0.068, 0.035, 0.005]
[0.07, 0.034, 0.002]
[0.07, 0.032, -0.0]
[0.071, 0.031, -0.002]
[0.072, 0.029, -0.004]
[0.074, 0.028, -0.006]
[0.077, 0.026, -0.007]
[0.08, 0.022, -0.009]
[0.08, 0.022, -0.009]
[0.08, 0.02, -0.011]
[0.079, 0.018, -0.014]
[0.078, 0.016, -0.017]
[0.077, 0.013, -0.02]
[0.076, 0.012, -0.023]
[0.075, 0.01, -0.026]
[0.071, 0.006, -0.031]
[0.071, 0.006, -0.031]
[0.069, 0.005, -0.033]
[0.066, 0.004, -0.034]
[0.06, 0.001, -0.037]
[0.06, 0.001, -0.037]
[0.057, -0.0, -0.038]
[0.055, -0.001, -0.041]
[0.049, -0.002, -0.045]
[0.049, -0.002, -0.045]
[0.047, -0.003, -0.047]
[0.041, -0.004, -0.048]
[0.03, -0.007, -0.051]
[0.025, -0.008, -0.052]
[0.025, -0.008, -0.052]
[0.021, -0.008, -0.054]
[0.016, -0.008, -0.054]
[0.016, -0.008, -0.054]
[0.016, -0.008, -0.054]
[0.016, -0.008, -0.053]
[0.015, -0.007, -0.052]
[0.015, -0.007, -0.052]
[0.013, -0.007, -0.051]
[0.011, -0.006, -0.051]
[0.003, -0.007, -0.051]
[0.003, -0.007, -0.051]
[-0.003, -0.009, -0.051]
[-0.011, -0.01, -0.051]
[-0.016, -0.011, -0.051]
[-0.018, -0.011, -0.052]
[-0.019, -0.011, -0.052]
[-0.017, -0.011, -0.053]
[-0.012, -0.012, -0.054]
[-0.012, -0.012, -0.054]
[-0.008, -0.012, -0.055]
[-0.006, -0.013, -0.055]
[-0.005, -0.014, -0.054]
[-0.005, -0.014, -0.054]
[-0.008, -0.015, -0.053]
[-0.009, -0.015, -0.053]
[-0.003, -0.014, -0.055]
[-0.003, -0.014, -0.055]
[0.002, -0.014, -0.055]
[0.006, -0.014, -0.055]
[0.012, -0.013, -0.053]
[0.012, -0.013, -0.053]
[0.015, -0.013, -0.053]
[0.016, -0.013, -0.052]
[0.02, -0.012, -0.052]
[0.02, -0.012, -0.052]
[0.022, -0.012, -0.052]
[0.024, -0.012, -0.053]
[0.032, -0.012, -0.053]
[0.032, -0.012, -0.053]
[0.039, -0.012, -0.053]
[0.043, -0.012, -0.054]
[0.047, -0.012, -0.053]
[0.05, -0.011, -0.054]
[0.055, -0.01, -0.053]
[0.062, -0.008, -0.052]
[0.071, -0.006, -0.052]
[0.078, -0.005, -0.052]
[0.082, -0.003, -0.054]
[0.084, -0.002, -0.054]
[0.084, -0.001, -0.055]
[0.083, 0.0, -0.055]
[0.083, 0.002, -0.054]
[0.083, 0.003, -0.055]
[0.082, 0.005, -0.055]
[0.082, 0.006, -0.056]
[0.082, 0.007, -0.056]
[0.084, 0.008, -0.057]
[0.086, 0.009, -0.057]
[0.089, 0.009, -0.056]
[0.089, 0.009, -0.056]
[0.088, 0.009, -0.056]
[0.086, 0.009, -0.056]
[0.085, 0.01, -0.056]
[0.084, 0.01, -0.055]
[0.085, 0.01, -0.054]
[0.086, 0.01, -0.053]
[0.086, 0.011, -0.052]
[0.086, 0.011, -0.05]
[0.087, 0.012, -0.049]
[0.087, 0.012, -0.047]
[0.089, 0.013, -0.044]
[0.09, 0.013, -0.042]
[0.091, 0.014, -0.04]
[0.094, 0.014, -0.037]
[0.094, 0.014, -0.037]
[0.097, 0.015, -0.035]
[0.1, 0.016, -0.032]
[0.101, 0.017, -0.031]
[0.101, 0.018, -0.03]
[0.099, 0.019, -0.029]
[0.096, 0.02, -0.027]
[0.096, 0.02, -0.027]
[0.094, 0.021, -0.026]
[0.094, 0.022, -0.026]
[0.092, 0.023, -0.026]
[0.093, 0.023, -0.025]
[0.094, 0.024, -0.025]
[0.096, 0.024, -0.024]
[0.098, 0.024, -0.023]
[0.099, 0.024, -0.023]
[0.099, 0.025, -0.022]
[0.099, 0.025, -0.022]
[0.098, 0.025, -0.022]
[0.098, 0.026, -0.022]
[0.097, 0.026, -0.022]
[0.096, 0.027, -0.022]
[0.097, 0.027, -0.023]
[0.096, 0.028, -0.023]
[0.096, 0.028, -0.023]
[0.095, 0.028, -0.022]
[0.092, 0.028, -0.022]
[0.087, 0.029, -0.022]
[0.081, 0.029, -0.022]
[0.077, 0.029, -0.022]
[0.071, 0.03, -0.023]
[0.067, 0.03, -0.024]
[0.062, 0.03, -0.025]
[0.055, 0.03, -0.025]
[0.047, 0.031, -0.025]
[0.036, 0.03, -0.026]
[0.025, 0.03, -0.025]
[0.017, 0.03, -0.023]
[0.012, 0.03, -0.021]
[0.004, 0.03, -0.018]
[0.004, 0.03, -0.018]
[0.001, 0.03, -0.018]
[-0.004, 0.03, -0.018]
[-0.007, 0.03, -0.019]
[-0.01, 0.031, -0.019]
[-0.011, 0.032, -0.02]
[-0.007, 0.033, -0.019]
[-0.001, 0.033, -0.02]
[0.003, 0.034, -0.02]
[0.006, 0.034, -0.021]
[0.007, 0.034, -0.023]
[0.008, 0.034, -0.024]
[0.009, 0.034, -0.025]
[0.01, 0.033, -0.026]
[0.011, 0.033, -0.027]
[0.011, 0.032, -0.027]
[0.012, 0.032, -0.027]
[0.014, 0.031, -0.028]
[0.016, 0.03, -0.03]
[0.018, 0.029, -0.031]
[0.019, 0.028, -0.032]
[0.018, 0.028, -0.033]
[0.016, 0.027, -0.035]
[0.012, 0.025, -0.038]
[0.01, 0.024, -0.041]
[0.013, 0.021, -0.046]
[0.015, 0.019, -0.052]
[0.02, 0.015, -0.062]
[0.02, 0.015, -0.062]
[0.021, 0.011, -0.064]
[0.025, 0.008, -0.066]
[0.027, 0.006, -0.068]
[0.029, 0.003, -0.07]
[0.029, 0.001, -0.072]
[0.029, -0.002, -0.074]
[0.03, -0.004, -0.076]
[0.031, -0.007, -0.078]
[0.031, -0.01, -0.08]
[0.033, -0.013, -0.083]
[0.034, -0.015, -0.085]
[0.036, -0.018, -0.086]
[0.037, -0.019, -0.088]
[0.037, -0.021, -0.088]
[0.037, -0.023, -0.089]
[0.037, -0.024, -0.09]
[0.037, -0.026, -0.091]
[0.037, -0.03, -0.093]
[0.037, -0.03, -0.093]
[0.037, -0.031, -0.094]
[0.038, -0.033, -0.095]
[0.038, -0.036, -0.098]
[0.038, -0.036, -0.098]
[0.038, -0.038, -0.099]
[0.039, -0.04, -0.1]
[0.039, -0.042, -0.101]
[0.039, -0.044, -0.101]
[0.039, -0.045, -0.102]
[0.038, -0.046, -0.103]
[0.037, -0.048, -0.104]
[0.037, -0.048, -0.104]
[0.037, -0.049, -0.103]
[0.036, -0.051, -0.104]
[0.036, -0.051, -0.104]
[0.036, -0.052, -0.104]
[0.036, -0.053, -0.104]
[0.036, -0.054, -0.105]
[0.037, -0.054, -0.104]
[0.037, -0.054, -0.104]
[0.037, -0.055, -0.103]
[0.037, -0.055, -0.103]
[0.036, -0.056, -0.103]
[0.037, -0.056, -0.102]
[0.038, -0.056, -0.101]
[0.039, -0.056, -0.1]
[0.042, -0.056, -0.096]
[0.042, -0.056, -0.096]
[0.041, -0.056, -0.094]
[0.039, -0.056, -0.092]
[0.035, -0.056, -0.09]
[0.031, -0.056, -0.087]
[0.027, -0.055, -0.084]
[0.025, -0.054, -0.081]
[0.023, -0.052, -0.078]
[0.022, -0.049, -0.075]
[0.022, -0.047, -0.071]
[0.023, -0.045, -0.067]
[0.025, -0.043, -0.064]
[0.026, -0.041, -0.061]
[0.029, -0.039, -0.059]
[0.032, -0.036, -0.057]
[0.035, -0.033, -0.054]
[0.038, -0.031, -0.053]
[0.041, -0.028, -0.05]
[0.041, -0.025, -0.048]
[0.043, -0.023, -0.046]
[0.043, -0.02, -0.044]
[0.043, -0.018, -0.042]
[0.043, -0.016, -0.04]
[0.043, -0.013, -0.038]
[0.044, -0.011, -0.036]
[0.045, -0.009, -0.034]
[0.046, -0.007, -0.032]
[0.047, -0.004, -0.029]
[0.049, -0.003, -0.026]
[0.051, -0.001, -0.024]
[0.053, 0.001, -0.021]
[0.059, 0.004, -0.019]
[0.067, 0.008, -0.018]
[0.067, 0.012, -0.016]
[0.068, 0.015, -0.015]
[0.068, 0.017, -0.012]
[0.069, 0.019, -0.01]
[0.074, 0.02, -0.007]
[0.08, 0.022, -0.005]
[0.091, 0.026, -0.001]
[0.091, 0.026, -0.001]
[0.093, 0.027, 0.001]
[0.094, 0.028, 0.004]
[0.094, 0.029, 0.006]
[0.093, 0.03, 0.009]
[0.093, 0.031, 0.012]
[0.093, 0.033, 0.013]
[0.093, 0.034, 0.015]
[0.093, 0.035, 0.016]
[0.093, 0.036, 0.017]
[0.093, 0.036, 0.018]
[0.092, 0.037, 0.022]
[0.092, 0.037, 0.022]
[0.091, 0.038, 0.025]
[0.09, 0.039, 0.028]
[0.09, 0.039, 0.031]
[0.09, 0.04, 0.034]
[0.091, 0.041, 0.038]
[0.091, 0.042, 0.041]
[0.092, 0.043, 0.044]
[0.092, 0.043, 0.046]
[0.092, 0.044, 0.048]
[0.092, 0.045, 0.05]
[0.093, 0.045, 0.051]
[0.094, 0.045, 0.052]
[0.095, 0.045, 0.053]
[0.097, 0.045, 0.054]
[0.099, 0.046, 0.055]
[0.098, 0.046, 0.056]
[0.097, 0.045, 0.058]
[0.095, 0.045, 0.059]
[0.093, 0.045, 0.058]
[0.095, 0.045, 0.056]
[0.097, 0.045, 0.055]
[0.096, 0.045, 0.053]
[0.094, 0.044, 0.05]
[0.09, 0.041, 0.047]
[0.086, 0.039, 0.044]
[0.082, 0.037, 0.041]
[0.077, 0.035, 0.036]
[0.077, 0.035, 0.036]
[0.074, 0.035, 0.034]
[0.072, 0.034, 0.033]
[0.07, 0.034, 0.031]
[0.068, 0.033, 0.03]
[0.067, 0.033, 0.028]
[0.067, 0.032, 0.026]
[0.067, 0.031, 0.025]
[0.067, 0.03, 0.023]
[0.067, 0.029, 0.022]
[0.066, 0.028, 0.02]
[0.064, 0.027, 0.017]
[0.064, 0.027, 0.017]
[0.063, 0.026, 0.017]
[0.064, 0.026, 0.016]
[0.063, 0.025, 0.015]
[0.063, 0.025, 0.015]
[0.063, 0.024, 0.013]
[0.063, 0.024, 0.012]
[0.063, 0.023, 0.011]
[0.063, 0.021, 0.011]
[0.063, 0.02, 0.011]
[0.064, 0.019, 0.011]
[0.064, 0.019, 0.011]
[0.064, 0.018, 0.01]
[0.064, 0.017, 0.009]
[0.064, 0.016, 0.007]
[0.064, 0.015, 0.006]
[0.065, 0.013, 0.004]
[0.065, 0.013, 0.004]
[0.067, 0.012, 0.003]
[0.07, 0.009, 0.001]
[0.07, 0.009, 0.001]
[0.072, 0.008, 0.001]
[0.074, 0.006, 0.0]
[0.076, 0.005, -0.0]
[0.077, 0.004, -0.001]
[0.078, 0.002, -0.002]
[0.078, 0.001, -0.003]
[0.078, -0.0, -0.005]
[0.079, -0.002, -0.006]
[0.08, -0.003, -0.007]
[0.079, -0.004, -0.008]
[0.079, -0.005, -0.009]
[0.079, -0.006, -0.01]
[0.078, -0.008, -0.011]
[0.078, -0.009, -0.013]
[0.079, -0.011, -0.014]
[0.08, -0.013, -0.015]
[0.08, -0.014, -0.017]
[0.081, -0.015, -0.018]
[0.081, -0.017, -0.022]
[0.081, -0.017, -0.022]
[0.081, -0.018, -0.025]
[0.081, -0.019, -0.028]
[0.08, -0.021, -0.031]
[0.08, -0.023, -0.032]
[0.079, -0.024, -0.033]
[0.078, -0.027, -0.036]
[0.078, -0.027, -0.036]
[0.077, -0.029, -0.037]
[0.076, -0.03, -0.04]
[0.074, -0.031, -0.042]
[0.072, -0.032, -0.044]
[0.071, -0.033, -0.046]
[0.069, -0.034, -0.047]
[0.067, -0.035, -0.048]
[0.067, -0.036, -0.05]
[0.066, -0.036, -0.052]
[0.064, -0.037, -0.054]
[0.063, -0.038, -0.056]
[0.062, -0.038, -0.056]
[0.061, -0.039, -0.057]
[0.06, -0.039, -0.057]
[0.059, -0.04, -0.058]
[0.058, -0.041, -0.059]
[0.058, -0.041, -0.059]
[0.058, -0.042, -0.06]
[0.058, -0.043, -0.06]
[0.058, -0.043, -0.061]
[0.058, -0.043, -0.061]
[0.058, -0.044, -0.061]
[0.058, -0.044, -0.062]
[0.058, -0.043, -0.062]
[0.059, -0.043, -0.061]
[0.06, -0.043, -0.06]
[0.061, -0.042, -0.059]
[0.062, -0.042, -0.058]
[0.064, -0.041, -0.056]
[0.065, -0.041, -0.054]
[0.065, -0.04, -0.053]
[0.065, -0.039, -0.052]
[0.065, -0.039, -0.051]
[0.065, -0.038, -0.05]
[0.066, -0.038, -0.049]
[0.067, -0.037, -0.049]
[0.068, -0.036, -0.048]
[0.068, -0.035, -0.048]
[0.068, -0.033, -0.047]
[0.068, -0.033, -0.047]
[0.069, -0.032, -0.047]
[0.069, -0.03, -0.046]
[0.069, -0.029, -0.045]
[0.071, -0.024, -0.042]
[0.071, -0.024, -0.042]
[0.072, -0.022, -0.041]
[0.075, -0.021, -0.041]
[0.078, -0.019, -0.04]
[0.081, -0.017, -0.039]
[0.082, -0.015, -0.038]
[0.083, -0.014, -0.036]
[0.084, -0.013, -0.035]
[0.085, -0.012, -0.034]
[0.087, -0.01, -0.032]
[0.087, -0.009, -0.031]
[0.086, -0.007, -0.03]
[0.085, -0.006, -0.03]
[0.086, -0.004, -0.029]
[0.087, -0.003, -0.028]
[0.089, -0.001, -0.027]
[0.09, -0.0, -0.025]
[0.091, 0.001, -0.024]
[0.09, 0.002, -0.022]
[0.09, 0.003, -0.02]
[0.089, 0.004, -0.018]
[0.089, 0.006, -0.016]
[0.087, 0.007, -0.013]
[0.086, 0.01, -0.007]
[0.086, 0.01, -0.007]
[0.085, 0.011, -0.004]
[0.085, 0.012, 0.0]
[0.084, 0.013, 0.004]
[0.082, 0.016, 0.009]
[0.077, 0.019, 0.014]
[0.074, 0.022, 0.019]
[0.072, 0.024, 0.025]
[0.071, 0.026, 0.03]
[0.073, 0.028, 0.035]
[0.074, 0.029, 0.039]
[0.075, 0.03, 0.042]
[0.076, 0.032, 0.044]
[0.076, 0.033, 0.045]
[0.077, 0.035, 0.046]
[0.077, 0.035, 0.046]
[0.078, 0.036, 0.046]
[0.079, 0.037, 0.045]
[0.079, 0.038, 0.045]
[0.079, 0.038, 0.044]
[0.079, 0.039, 0.043]
[0.08, 0.039, 0.043]
[0.08, 0.04, 0.042]
[0.08, 0.04, 0.042]
[0.08, 0.039, 0.042]
[0.08, 0.039, 0.042]
[0.079, 0.039, 0.042]
[0.079, 0.039, 0.042]
[0.078, 0.038, 0.042]
[0.077, 0.038, 0.041]
[0.077, 0.038, 0.041]
[0.076, 0.038, 0.04]
[0.076, 0.037, 0.04]
[0.077, 0.035, 0.039]
[0.077, 0.034, 0.038]
[0.077, 0.032, 0.036]
[0.077, 0.031, 0.033]
[0.076, 0.029, 0.029]
[0.076, 0.028, 0.026]
[0.076, 0.027, 0.023]
[0.077, 0.026, 0.021]
[0.077, 0.025, 0.019]
[0.077, 0.024, 0.017]
[0.075, 0.021, 0.013]
[0.075, 0.021, 0.013]
[0.075, 0.02, 0.011]
[0.076, 0.018, 0.009]
[0.078, 0.016, 0.006]
[0.078, 0.016, 0.006]
[0.079, 0.014, 0.004]
[0.078, 0.013, 0.001]
[0.078, 0.011, -0.002]
[0.077, 0.01, -0.005]
[0.075, 0.008, -0.008]
[0.075, 0.007, -0.01]
[0.074, 0.005, -0.013]
[0.074, 0.004, -0.015]
[0.074, 0.003, -0.017]
[0.074, 0.002, -0.02]
[0.073, 0.001, -0.023]
[0.072, -0.0, -0.026]
[0.071, -0.002, -0.028]
[0.071, -0.003, -0.03]
[0.07, -0.004, -0.032]
[0.069, -0.006, -0.035]
[0.069, -0.009, -0.038]
[0.069, -0.009, -0.038]
[0.069, -0.01, -0.039]
[0.069, -0.011, -0.041]
[0.068, -0.012, -0.041]
[0.067, -0.013, -0.042]
[0.063, -0.015, -0.043]
[0.061, -0.016, -0.044]
[0.059, -0.017, -0.045]
[0.057, -0.018, -0.047]
[0.056, -0.019, -0.048]
[0.055, -0.02, -0.049]
[0.054, -0.02, -0.049]
[0.054, -0.021, -0.049]
[0.055, -0.022, -0.049]
[0.056, -0.022, -0.049]
[0.057, -0.023, -0.049]
[0.059, -0.023, -0.05]
[0.06, -0.023, -0.051]
[0.06, -0.023, -0.051]
[0.06, -0.023, -0.051]
[0.059, -0.023, -0.049]
[0.06, -0.021, -0.045]
[0.06, -0.021, -0.045]
[0.062, -0.021, -0.044]
[0.064, -0.02, -0.043]
[0.066, -0.02, -0.043]
[0.068, -0.019, -0.042]
[0.069, -0.019, -0.041]
[0.069, -0.019, -0.04]
[0.069, -0.019, -0.039]
[0.069, -0.018, -0.038]
[0.068, -0.018, -0.038]
[0.068, -0.018, -0.038]
[0.068, -0.017, -0.039]
[0.069, -0.017, -0.038]
[0.071, -0.017, -0.037]
[0.072, -0.016, -0.036]
[0.073, -0.016, -0.035]
[0.074, -0.015, -0.034]
[0.074, -0.015, -0.033]
[0.074, -0.015, -0.033]
[0.074, -0.014, -0.031]
[0.075, -0.014, -0.03]
[0.075, -0.013, -0.029]
[0.076, -0.012, -0.026]
[0.076, -0.011, -0.023]
[0.076, -0.01, -0.02]
[0.076, -0.009, -0.018]
[0.076, -0.008, -0.016]
[0.076, -0.007, -0.014]
[0.078, -0.006, -0.012]
[0.079, -0.005, -0.01]
[0.08, -0.004, -0.01]
[0.083, -0.001, -0.011]
[0.083, -0.001, -0.011]
[0.085, -0.0, -0.011]
[0.087, 0.0, -0.012]
[0.089, 0.001, -0.012]
[0.089, 0.001, -0.012]
[0.089, 0.002, -0.013]
[0.089, 0.002, -0.013]
[0.089, 0.002, -0.014]
[0.089, 0.002, -0.014]
[0.089, 0.002, -0.015]
[0.088, 0.002, -0.015]
[0.088, 0.002, -0.016]
[0.088, 0.002, -0.017]
[0.087, 0.002, -0.018]
[0.086, 0.002, -0.02]
[0.086, 0.002, -0.02]
[0.085, 0.002, -0.021]
[0.085, 0.002, -0.022]
[0.085, 0.001, -0.024]
[0.085, 0.0, -0.025]
[0.087, -0.001, -0.026]
[0.088, -0.001, -0.027]
[0.089, -0.002, -0.027]
[0.09, -0.003, -0.027]
[0.089, -0.003, -0.027]
[0.089, -0.004, -0.028]
[0.09, -0.005, -0.028]
[0.091, -0.005, -0.028]
[0.092, -0.007, -0.03]
[0.091, -0.008, -0.032]
[0.091, -0.01, -0.034]
[0.09, -0.011, -0.038]
[0.092, -0.012, -0.041]
[0.094, -0.012, -0.044]
[0.095, -0.013, -0.048]
[0.096, -0.014, -0.052]
[0.095, -0.015, -0.055]
[0.094, -0.016, -0.058]
[0.094, -0.017, -0.061]
[0.094, -0.018, -0.063]
[0.093, -0.018, -0.064]
[0.092, -0.019, -0.065]
[0.091, -0.02, -0.066]
[0.09, -0.02, -0.067]
[0.09, -0.021, -0.068]
[0.09, -0.022, -0.069]
[0.091, -0.022, -0.07]
[0.091, -0.023, -0.07]
[0.091, -0.023, -0.071]
[0.091, -0.023, -0.071]
[0.091, -0.023, -0.071]
[0.089, -0.024, -0.071]
[0.089, -0.024, -0.071]
[0.088, -0.023, -0.071]
[0.088, -0.023, -0.071]
[0.088, -0.023, -0.07]
[0.088, -0.023, -0.071]
[0.088, -0.023, -0.071]
[0.086, -0.023, -0.07]
[0.085, -0.023, -0.07]
[0.084, -0.023, -0.07]
[0.084, -0.024, -0.07]
[0.085, -0.024, -0.071]
[0.085, -0.024, -0.071]
[0.086, -0.024, -0.072]
[0.086, -0.024, -0.074]
[0.086, -0.024, -0.076]
[0.086, -0.024, -0.081]
[0.086, -0.024, -0.081]
[0.086, -0.025, -0.084]
[0.084, -0.024, -0.088]
[0.081, -0.024, -0.092]
[0.073, -0.023, -0.104]
[0.073, -0.023, -0.104]
[0.07, -0.023, -0.113]
[0.068, -0.023, -0.122]
[0.065, -0.022, -0.129]
[0.061, -0.022, -0.135]
[0.058, -0.022, -0.14]
[0.056, -0.022, -0.143]
[0.055, -0.022, -0.146]
[0.056, -0.022, -0.148]
[0.057, -0.022, -0.151]
[0.058, -0.022, -0.153]
[0.06, -0.022, -0.155]
[0.062, -0.022, -0.156]
[0.064, -0.022, -0.157]
[0.066, -0.021, -0.157]
[0.066, -0.021, -0.157]
[0.066, -0.021, -0.156]
[0.066, -0.021, -0.155]
[0.064, -0.02, -0.153]
[0.063, -0.02, -0.152]
[0.063, -0.02, -0.152]
[0.064, -0.019, -0.152]
[0.065, -0.019, -0.151]
[0.066, -0.019, -0.151]
[0.067, -0.02, -0.15]
[0.066, -0.02, -0.148]
[0.065, -0.02, -0.145]
[0.063, -0.019, -0.14]
[0.057, -0.019, -0.131]
[0.05, -0.019, -0.12]
[0.045, -0.018, -0.107]
[0.043, -0.017, -0.093]
[0.045, -0.016, -0.081]
[0.048, -0.015, -0.071]
[0.057, -0.014, -0.047]
[0.057, -0.014, -0.047]
[0.063, -0.015, -0.031]
[0.071, -0.015, -0.014]
[0.074, -0.014, 0.001]
[0.077, -0.013, 0.011]
[0.079, -0.012, 0.018]
[0.079, -0.011, 0.025]
[0.083, -0.009, 0.037]
[0.083, -0.009, 0.037]
[0.084, -0.008, 0.043]
[0.085, -0.006, 0.048]
[0.087, -0.003, 0.056]
[0.087, -0.003, 0.056]
[0.088, -0.002, 0.059]
[0.089, -0.001, 0.063]
[0.09, 0.001, 0.071]
[0.09, 0.001, 0.071]
[0.09, 0.003, 0.075]
[0.09, 0.003, 0.079]
[0.09, 0.006, 0.087]
[0.09, 0.006, 0.087]
[0.091, 0.007, 0.09]
[0.092, 0.009, 0.093]
[0.093, 0.011, 0.095]
[0.092, 0.012, 0.097]
[0.092, 0.013, 0.1]
[0.092, 0.015, 0.102]
[0.092, 0.016, 0.105]
[0.094, 0.017, 0.108]
[0.095, 0.018, 0.111]
[0.097, 0.019, 0.115]
[0.1, 0.019, 0.119]
[0.103, 0.019, 0.124]
[0.105, 0.019, 0.131]
[0.105, 0.018, 0.136]
[0.105, 0.018, 0.142]
[0.104, 0.018, 0.147]
[0.104, 0.018, 0.151]
[0.104, 0.018, 0.154]
[0.103, 0.018, 0.157]
[0.1, 0.018, 0.16]
[0.099, 0.018, 0.162]
[0.097, 0.018, 0.165]
[0.097, 0.018, 0.167]
[0.097, 0.017, 0.168]
[0.097, 0.017, 0.169]
[0.097, 0.017, 0.171]
[0.097, 0.017, 0.172]
[0.097, 0.017, 0.173]
[0.097, 0.017, 0.174]
[0.097, 0.017, 0.174]
[0.098, 0.017, 0.174]
[0.098, 0.017, 0.173]
[0.098, 0.017, 0.172]
[0.098, 0.017, 0.171]
[0.098, 0.017, 0.17]
[0.099, 0.016, 0.17]
[0.1, 0.016, 0.169]
[0.101, 0.016, 0.168]
[0.103, 0.015, 0.168]
[0.104, 0.015, 0.167]
[0.105, 0.014, 0.167]
[0.104, 0.014, 0.166]
[0.104, 0.013, 0.164]
[0.103, 0.013, 0.163]
[0.103, 0.013, 0.16]
[0.102, 0.012, 0.158]
[0.101, 0.012, 0.156]
[0.101, 0.011, 0.154]
[0.101, 0.011, 0.152]
[0.103, 0.01, 0.149]
[0.106, 0.009, 0.145]
[0.108, 0.009, 0.14]
[0.109, 0.007, 0.133]
[0.111, 0.006, 0.128]
[0.111, 0.005, 0.124]
[0.111, 0.003, 0.12]
[0.11, 0.001, 0.114]
[0.11, 0.001, 0.114]
[0.11, -0.001, 0.109]
[0.11, -0.002, 0.106]
[0.11, -0.003, 0.102]
[0.111, -0.004, 0.099]
[0.11, -0.006, 0.097]
[0.11, -0.007, 0.094]
[0.11, -0.008, 0.093]
[0.109, -0.009, 0.091]
[0.11, -0.009, 0.088]
[0.11, -0.01, 0.086]
[0.11, -0.011, 0.084]
[0.11, -0.011, 0.081]
[0.109, -0.012, 0.079]
[0.109, -0.013, 0.077]
[0.108, -0.013, 0.076]
[0.108, -0.014, 0.074]
[0.107, -0.015, 0.072]
[0.107, -0.015, 0.071]
[0.107, -0.016, 0.07]
[0.107, -0.017, 0.068]
[0.108, -0.018, 0.065]
[0.108, -0.018, 0.062]
[0.108, -0.019, 0.058]
[0.106, -0.019, 0.053]
[0.104, -0.019, 0.047]
[0.103, -0.02, 0.042]
[0.103, -0.02, 0.036]
[0.103, -0.019, 0.03]
[0.103, -0.019, 0.025]
[0.103, -0.019, 0.018]
[0.102, -0.018, 0.012]
[0.102, -0.018, 0.006]
[0.1, -0.018, -0.001]
[0.101, -0.018, -0.007]
[0.102, -0.018, -0.012]
[0.101, -0.018, -0.016]
[0.1, -0.018, -0.02]
[0.098, -0.018, -0.024]
[0.096, -0.019, -0.028]
[0.094, -0.018, -0.034]
[0.091, -0.018, -0.04]
[0.089, -0.018, -0.046]
[0.084, -0.017, -0.055]
[0.084, -0.017, -0.055]
[0.083, -0.017, -0.059]
[0.082, -0.016, -0.064]
[0.082, -0.016, -0.064]
[0.08, -0.016, -0.066]
[0.078, -0.015, -0.067]
[0.077, -0.015, -0.068]
[0.076, -0.015, -0.068]
[0.077, -0.015, -0.068]
[0.077, -0.015, -0.068]
[0.079, -0.015, -0.067]
[0.081, -0.015, -0.066]
[0.083, -0.014, -0.064]
[0.083, -0.013, -0.063]
[0.08, -0.01, -0.059]
[0.08, -0.01, -0.059]
[0.078, -0.009, -0.056]
[0.078, -0.007, -0.054]
[0.078, -0.006, -0.052]
[0.081, -0.005, -0.05]
[0.084, -0.004, -0.048]
[0.086, -0.003, -0.045]
[0.09, -0.002, -0.042]
[0.091, -0.001, -0.039]
[0.092, -0.0, -0.036]
[0.093, 0.001, -0.034]
[0.092, 0.002, -0.032]
[0.092, 0.004, -0.03]
[0.092, 0.005, -0.028]
[0.093, 0.006, -0.026]
[0.093, 0.008, -0.024]
[0.092, 0.01, -0.022]
[0.09, 0.012, -0.019]
[0.088, 0.013, -0.017]
[0.086, 0.015, -0.015]
[0.084, 0.016, -0.013]
[0.084, 0.017, -0.01]
[0.084, 0.018, -0.007]
[0.085, 0.019, -0.004]
[0.088, 0.021, 0.002]
[0.088, 0.021, 0.002]
[0.089, 0.022, 0.004]
[0.091, 0.024, 0.007]
[0.092, 0.025, 0.01]
[0.093, 0.026, 0.014]
[0.094, 0.027, 0.017]
[0.094, 0.029, 0.023]
[0.094, 0.029, 0.023]
[0.095, 0.03, 0.026]
[0.095, 0.031, 0.029]
[0.096, 0.033, 0.034]
[0.096, 0.033, 0.034]
[0.097, 0.033, 0.036]
[0.098, 0.034, 0.039]
[0.098, 0.036, 0.043]
[0.098, 0.036, 0.043]
[0.098, 0.036, 0.044]
[0.097, 0.037, 0.046]
[0.097, 0.037, 0.047]
[0.097, 0.038, 0.047]
[0.097, 0.039, 0.047]
[0.096, 0.04, 0.047]
[0.097, 0.041, 0.049]
[0.098, 0.042, 0.052]
[0.099, 0.042, 0.057]
[0.101, 0.042, 0.063]
[0.103, 0.042, 0.068]
[0.103, 0.042, 0.073]
[0.104, 0.043, 0.076]
[0.104, 0.044, 0.079]
[0.104, 0.044, 0.08]
[0.105, 0.045, 0.082]
[0.106, 0.046, 0.084]
[0.107, 0.046, 0.085]
[0.108, 0.046, 0.086]
[0.108, 0.047, 0.086]
[0.108, 0.047, 0.086]
[0.108, 0.047, 0.088]
[0.109, 0.047, 0.089]
[0.11, 0.047, 0.09]
[0.11, 0.047, 0.09]
[0.111, 0.047, 0.089]
[0.11, 0.047, 0.087]
[0.11, 0.047, 0.085]
[0.109, 0.047, 0.084]
[0.11, 0.047, 0.083]
[0.115, 0.046, 0.082]
[0.125, 0.043, 0.08]
[0.125, 0.043, 0.08]
[0.127, 0.042, 0.08]
[0.127, 0.04, 0.078]
[0.126, 0.039, 0.077]
[0.127, 0.038, 0.074]
[0.129, 0.037, 0.071]
[0.132, 0.037, 0.067]
[0.135, 0.037, 0.063]
[0.137, 0.037, 0.059]
[0.137, 0.036, 0.055]
[0.136, 0.036, 0.051]
[0.134, 0.035, 0.047]
[0.132, 0.033, 0.043]
[0.129, 0.032, 0.039]
[0.128, 0.031, 0.035]
[0.127, 0.03, 0.031]
[0.126, 0.028, 0.028]
[0.126, 0.026, 0.023]
[0.124, 0.024, 0.019]
[0.123, 0.022, 0.015]
[0.119, 0.018, 0.008]
[0.119, 0.018, 0.008]
[0.118, 0.015, 0.004]
[0.117, 0.013, 0.002]
[0.116, 0.011, -0.001]
[0.116, 0.009, -0.006]
[0.116, 0.007, -0.01]
[0.116, 0.006, -0.016]
[0.117, 0.004, -0.021]
[0.118, 0.002, -0.026]
[0.12, -0.001, -0.029]
[0.122, -0.003, -0.033]
[0.123, -0.005, -0.036]
[0.124, -0.008, -0.041]
[0.123, -0.012, -0.048]
[0.123, -0.012, -0.048]
[0.123, -0.014, -0.051]
[0.122, -0.017, -0.056]
[0.122, -0.017, -0.056]
[0.121, -0.019, -0.058]
[0.12, -0.02, -0.061]
[0.12, -0.022, -0.064]
[0.12, -0.024, -0.067]
[0.12, -0.026, -0.071]
[0.121, -0.028, -0.074]
[0.121, -0.03, -0.077]
[0.121, -0.033, -0.08]
[0.12, -0.035, -0.082]
[0.12, -0.037, -0.085]
[0.119, -0.04, -0.088]
[0.119, -0.042, -0.09]
[0.12, -0.044, -0.092]
[0.12, -0.046, -0.095]
[0.119, -0.047, -0.097]
[0.117, -0.05, -0.099]
[0.115, -0.052, -0.102]
[0.114, -0.054, -0.104]
[0.114, -0.056, -0.106]
[0.114, -0.058, -0.108]
[0.114, -0.059, -0.109]
[0.113, -0.062, -0.113]
[0.113, -0.062, -0.113]
[0.111, -0.063, -0.114]
[0.11, -0.064, -0.115]
[0.107, -0.065, -0.116]
[0.104, -0.066, -0.116]
[0.102, -0.066, -0.116]
[0.1, -0.067, -0.116]
[0.099, -0.067, -0.115]
[0.098, -0.067, -0.113]
[0.097, -0.067, -0.111]
[0.092, -0.066, -0.109]
[0.092, -0.066, -0.109]
[0.086, -0.064, -0.107]
[0.079, -0.063, -0.103]
[0.074, -0.061, -0.099]
[0.071, -0.06, -0.095]
[0.073, -0.058, -0.093]
[0.085, -0.055, -0.088]
[0.085, -0.055, -0.088]
[0.091, -0.054, -0.084]
[0.093, -0.052, -0.079]
[0.094, -0.048, -0.069]
[0.094, -0.048, -0.069]
[0.094, -0.045, -0.064]
[0.095, -0.043, -0.059]
[0.096, -0.041, -0.055]
[0.097, -0.038, -0.05]
[0.099, -0.036, -0.046]
[0.1, -0.033, -0.043]
[0.101, -0.03, -0.04]
[0.101, -0.028, -0.036]
[0.102, -0.025, -0.033]
[0.103, -0.022, -0.03]
[0.104, -0.02, -0.027]
[0.105, -0.018, -0.025]
[0.107, -0.015, -0.022]
[0.11, -0.012, -0.019]
[0.113, -0.01, -0.016]
[0.115, -0.008, -0.013]
[0.116, -0.006, -0.009]
[0.115, -0.004, -0.006]
[0.113, -0.001, -0.003]
[0.111, 0.001, -0.0]
[0.11, 0.003, 0.001]
[0.11, 0.005, 0.004]
[0.11, 0.007, 0.005]
[0.111, 0.009, 0.006]
[0.113, 0.012, 0.009]
[0.113, 0.014, 0.01]
[0.114, 0.016, 0.011]
[0.114, 0.021, 0.013]
[0.114, 0.021, 0.013]
[0.114, 0.024, 0.013]
[0.113, 0.027, 0.015]
[0.114, 0.03, 0.015]
[0.115, 0.033, 0.017]
[0.117, 0.037, 0.018]
[0.117, 0.04, 0.02]
[0.117, 0.042, 0.022]
[0.117, 0.045, 0.024]
[0.116, 0.046, 0.026]
[0.116, 0.048, 0.027]
[0.118, 0.049, 0.028]
[0.119, 0.05, 0.028]
[0.121, 0.052, 0.029]
[0.124, 0.054, 0.03]
[0.125, 0.055, 0.031]
[0.126, 0.057, 0.032]
[0.125, 0.058, 0.033]
[0.124, 0.059, 0.034]
[0.124, 0.06, 0.036]
[0.124, 0.061, 0.037]
[0.126, 0.062, 0.038]
[0.127, 0.062, 0.039]
[0.127, 0.063, 0.038]
[0.127, 0.063, 0.038]
[0.126, 0.063, 0.038]
[0.125, 0.064, 0.037]
[0.125, 0.064, 0.037]
[0.123, 0.064, 0.037]
[0.122, 0.064, 0.036]
[0.121, 0.064, 0.034]
[0.119, 0.064, 0.032]
[0.117, 0.064, 0.03]
[0.113, 0.064, 0.028]
[0.109, 0.064, 0.026]
[0.105, 0.063, 0.024]
[0.101, 0.063, 0.021]
[0.098, 0.062, 0.019]
[0.096, 0.061, 0.016]
[0.094, 0.06, 0.013]
[0.092, 0.058, 0.01]
[0.092, 0.057, 0.007]
[0.091, 0.055, 0.004]
[0.09, 0.053, -0.0]
[0.089, 0.051, -0.005]
[0.089, 0.049, -0.01]
[0.088, 0.048, -0.015]
[0.088, 0.046, -0.019]
[0.086, 0.044, -0.023]
[0.086, 0.042, -0.027]
[0.083, 0.039, -0.036]
[0.083, 0.039, -0.036]
[0.082, 0.037, -0.041]
[0.08, 0.035, -0.045]
[0.079, 0.032, -0.056]
[0.079, 0.032, -0.056]
[0.08, 0.031, -0.062]
[0.081, 0.029, -0.067]
[0.082, 0.028, -0.071]
[0.083, 0.027, -0.074]
[0.083, 0.025, -0.078]
[0.084, 0.024, -0.082]
[0.085, 0.022, -0.086]
[0.087, 0.02, -0.09]
[0.089, 0.019, -0.094]
[0.091, 0.017, -0.098]
[0.091, 0.016, -0.102]
[0.091, 0.014, -0.105]
[0.089, 0.013, -0.11]
[0.085, 0.011, -0.114]
[0.083, 0.01, -0.119]
[0.08, 0.009, -0.123]
[0.079, 0.008, -0.126]
[0.078, 0.007, -0.129]
[0.077, 0.006, -0.132]
[0.076, 0.004, -0.135]
[0.075, 0.003, -0.138]
[0.075, 0.002, -0.14]
[0.075, 0.0, -0.142]
[0.074, -0.001, -0.145]
[0.073, -0.002, -0.147]
[0.072, -0.002, -0.149]
[0.069, -0.004, -0.152]
[0.069, -0.004, -0.152]
[0.068, -0.005, -0.154]
[0.067, -0.005, -0.157]
[0.067, -0.007, -0.162]
[0.067, -0.007, -0.162]
[0.068, -0.007, -0.165]
[0.067, -0.008, -0.167]
[0.068, -0.009, -0.172]
[0.068, -0.009, -0.172]
[0.068, -0.01, -0.175]
[0.067, -0.01, -0.177]
[0.067, -0.011, -0.179]
[0.067, -0.012, -0.181]
[0.067, -0.014, -0.183]
[0.067, -0.015, -0.186]
[0.065, -0.015, -0.189]
[0.063, -0.016, -0.192]
[0.061, -0.017, -0.194]
[0.059, -0.017, -0.195]
[0.059, -0.018, -0.197]
[0.058, -0.018, -0.199]
[0.06, -0.018, -0.202]
[0.06, -0.019, -0.204]
[0.061, -0.019, -0.205]
[0.061, -0.02, -0.206]
[0.06, -0.02, -0.206]
[0.06, -0.02, -0.206]
[0.061, -0.021, -0.205]
[0.063, -0.021, -0.204]
[0.066, -0.021, -0.203]
[0.067, -0.021, -0.202]
[0.068, -0.021, -0.201]
[0.068, -0.021, -0.201]
[0.069, -0.021, -0.2]
[0.069, -0.021, -0.198]
[0.067, -0.021, -0.196]
[0.063, -0.02, -0.193]
[0.06, -0.02, -0.19]
[0.059, -0.019, -0.188]
[0.059, -0.018, -0.183]
[0.06, -0.017, -0.178]
[0.061, -0.016, -0.173]
[0.064, -0.015, -0.167]
[0.066, -0.014, -0.159]
[0.068, -0.014, -0.152]
[0.07, -0.013, -0.143]
[0.069, -0.012, -0.134]
[0.072, -0.009, -0.119]
[0.072, -0.009, -0.119]
[0.074, -0.008, -0.112]
[0.078, -0.007, -0.106]
[0.08, -0.005, -0.1]
[0.08, -0.004, -0.095]
[0.079, -0.003, -0.089]
[0.078, -0.002, -0.084]
[0.077, -0.0, -0.078]
[0.077, 0.001, -0.074]
[0.077, 0.003, -0.069]
[0.077, 0.005, -0.066]
[0.08, 0.007, -0.057]
[0.08, 0.007, -0.057]
[0.081, 0.008, -0.054]
[0.081, 0.01, -0.049]
[0.082, 0.012, -0.045]
[0.083, 0.015, -0.041]
[0.086, 0.017, -0.038]
[0.088, 0.018, -0.036]
[0.09, 0.02, -0.034]
[0.092, 0.021, -0.03]
[0.092, 0.022, -0.027]
[0.093, 0.023, -0.023]
[0.094, 0.024, -0.02]
[0.095, 0.025, -0.018]
[0.095, 0.026, -0.016]
[0.094, 0.027, -0.014]
[0.094, 0.027, -0.013]
[0.093, 0.028, -0.011]
[0.094, 0.028, -0.009]
[0.095, 0.029, -0.008]
[0.096, 0.031, -0.005]
[0.096, 0.031, -0.005]
[0.096, 0.031, -0.003]
[0.096, 0.032, -0.002]
[0.096, 0.033, -0.001]
[0.096, 0.033, -0.0]
[0.096, 0.034, 0.001]
[0.095, 0.035, 0.003]
[0.095, 0.035, 0.005]
[0.095, 0.035, 0.005]
[0.096, 0.035, 0.005]
[0.097, 0.035, 0.006]
[0.096, 0.035, 0.006]
[0.095, 0.036, 0.007]
[0.094, 0.036, 0.008]
[0.093, 0.037, 0.009]
[0.093, 0.037, 0.009]
[0.093, 0.038, 0.01]
[0.094, 0.038, 0.01]
[0.095, 0.039, 0.011]
[0.096, 0.04, 0.013]
[0.096, 0.04, 0.015]
[0.098, 0.04, 0.017]
[0.098, 0.04, 0.02]
[0.097, 0.04, 0.023]
[0.097, 0.041, 0.027]
[0.097, 0.041, 0.031]
[0.098, 0.041, 0.035]
[0.101, 0.042, 0.041]
[0.101, 0.042, 0.041]
[0.102, 0.043, 0.043]
[0.103, 0.043, 0.045]
[0.103, 0.044, 0.047]
[0.103, 0.044, 0.048]
[0.102, 0.045, 0.049]
[0.102, 0.045, 0.049]
[0.102, 0.046, 0.049]
[0.102, 0.046, 0.049]
[0.101, 0.046, 0.049]
[0.101, 0.046, 0.048]
[0.101, 0.046, 0.048]
[0.101, 0.046, 0.048]
[0.103, 0.046, 0.048]
[0.107, 0.045, 0.048]
[0.11, 0.044, 0.048]
[0.112, 0.043, 0.048]
[0.114, 0.043, 0.047]
[0.114, 0.042, 0.047]
[0.113, 0.043, 0.047]
[0.113, 0.043, 0.046]
[0.11, 0.044, 0.046]
[0.107, 0.045, 0.045]
[0.104, 0.045, 0.044]
[0.102, 0.045, 0.043]
[0.101, 0.046, 0.043]
[0.101, 0.045, 0.042]
[0.1, 0.044, 0.041]
[0.1, 0.044, 0.041]
[0.099, 0.043, 0.041]
[0.099, 0.042, 0.041]
[0.099, 0.042, 0.039]
[0.101, 0.041, 0.037]
[0.104, 0.041, 0.035]
[0.106, 0.041, 0.033]
[0.107, 0.04, 0.031]
[0.108, 0.039, 0.03]
[0.108, 0.038, 0.027]
[0.108, 0.038, 0.027]
[0.107, 0.037, 0.026]
[0.107, 0.037, 0.024]
[0.106, 0.036, 0.022]
[0.106, 0.036, 0.021]
[0.106, 0.035, 0.02]
[0.107, 0.035, 0.018]
[0.107, 0.034, 0.016]
[0.107, 0.034, 0.014]
[0.106, 0.033, 0.012]
[0.106, 0.033, 0.01]
[0.107, 0.032, 0.006]
[0.107, 0.032, 0.006]
[0.108, 0.032, 0.005]
[0.108, 0.031, 0.004]
[0.107, 0.03, 0.003]
[0.106, 0.029, 0.002]
[0.106, 0.029, -0.002]
[0.106, 0.029, -0.002]
[0.106, 0.029, -0.005]
[0.106, 0.028, -0.008]
[0.107, 0.028, -0.014]
[0.107, 0.028, -0.014]
[0.107, 0.028, -0.016]
[0.106, 0.029, -0.019]
[0.105, 0.029, -0.021]
[0.105, 0.029, -0.024]
[0.105, 0.028, -0.026]
[0.105, 0.028, -0.028]
[0.106, 0.027, -0.029]
[0.106, 0.027, -0.03]
[0.105, 0.026, -0.031]
[0.105, 0.026, -0.032]
[0.11, 0.026, -0.032]
[0.11, 0.026, -0.032]
[0.113, 0.026, -0.033]
[0.116, 0.026, -0.033]
[0.118, 0.025, -0.035]
[0.118, 0.026, -0.036]
[0.115, 0.026, -0.039]
[0.115, 0.026, -0.039]
[0.113, 0.026, -0.041]
[0.111, 0.026, -0.044]
[0.109, 0.026, -0.047]
[0.109, 0.026, -0.047]
[0.109, 0.026, -0.048]
[0.11, 0.026, -0.05]
[0.11, 0.026, -0.051]
[0.109, 0.026, -0.053]
[0.108, 0.026, -0.055]
[0.108, 0.025, -0.057]
[0.108, 0.025, -0.059]
[0.108, 0.025, -0.06]
[0.109, 0.025, -0.062]
[0.11, 0.024, -0.063]
[0.112, 0.024, -0.065]
[0.113, 0.024, -0.067]
[0.114, 0.023, -0.07]
[0.116, 0.023, -0.075]
[0.117, 0.022, -0.08]
[0.118, 0.021, -0.085]
[0.119, 0.02, -0.09]
[0.118, 0.02, -0.093]
[0.117, 0.02, -0.096]
[0.116, 0.019, -0.099]
[0.113, 0.019, -0.104]
[0.113, 0.019, -0.104]
[0.112, 0.019, -0.107]
[0.111, 0.019, -0.11]
[0.11, 0.02, -0.113]
[0.11, 0.02, -0.115]
[0.11, 0.02, -0.116]
[0.109, 0.019, -0.116]
[0.109, 0.019, -0.116]
[0.109, 0.019, -0.115]
[0.108, 0.019, -0.114]
[0.108, 0.018, -0.113]
[0.108, 0.017, -0.113]
[0.108, 0.017, -0.112]
[0.108, 0.017, -0.112]
[0.108, 0.017, -0.112]
[0.107, 0.017, -0.113]
[0.107, 0.017, -0.113]
[0.107, 0.017, -0.113]
[0.107, 0.018, -0.113]
[0.104, 0.018, -0.112]
[0.104, 0.018, -0.112]
[0.1, 0.017, -0.11]
[0.094, 0.017, -0.108]
[0.091, 0.017, -0.107]
[0.092, 0.017, -0.107]
[0.095, 0.017, -0.108]
[0.099, 0.018, -0.109]
[0.102, 0.019, -0.11]
[0.102, 0.019, -0.111]
[0.101, 0.019, -0.111]
[0.1, 0.019, -0.112]
[0.1, 0.019, -0.112]
[0.102, 0.019, -0.112]
[0.104, 0.019, -0.112]
[0.105, 0.019, -0.112]
[0.105, 0.019, -0.112]
[0.104, 0.019, -0.111]
[0.103, 0.02, -0.111]
[0.103, 0.02, -0.11]
[0.103, 0.02, -0.109]
[0.103, 0.02, -0.108]
[0.103, 0.02, -0.106]
[0.103, 0.02, -0.104]
[0.103, 0.021, -0.1]
[0.101, 0.021, -0.096]
[0.097, 0.022, -0.092]
[0.096, 0.023, -0.088]
[0.097, 0.024, -0.084]
[0.098, 0.025, -0.081]
[0.101, 0.026, -0.079]
[0.103, 0.027, -0.077]
[0.103, 0.027, -0.073]
[0.104, 0.028, -0.07]
[0.105, 0.028, -0.067]
[0.105, 0.028, -0.063]
[0.106, 0.029, -0.06]
[0.105, 0.029, -0.058]
[0.105, 0.029, -0.056]
[0.105, 0.03, -0.054]
[0.105, 0.03, -0.052]
[0.104, 0.03, -0.05]
[0.103, 0.031, -0.047]
[0.102, 0.031, -0.043]
[0.101, 0.032, -0.039]
[0.102, 0.032, -0.033]
[0.102, 0.033, -0.028]
[0.102, 0.033, -0.022]
[0.102, 0.034, -0.017]
[0.102, 0.035, -0.011]
[0.103, 0.036, -0.006]
[0.102, 0.036, -0.002]
[0.102, 0.037, 0.003]
[0.102, 0.037, 0.007]
[0.102, 0.038, 0.01]
[0.103, 0.039, 0.014]
[0.104, 0.039, 0.017]
[0.105, 0.04, 0.019]
[0.106, 0.04, 0.021]
[0.107, 0.041, 0.023]
[0.108, 0.041, 0.026]
[0.108, 0.041, 0.026]
[0.109, 0.041, 0.028]
[0.11, 0.042, 0.03]
[0.111, 0.042, 0.032]
[0.111, 0.042, 0.034]
[0.112, 0.042, 0.036]
[0.112, 0.043, 0.037]
[0.113, 0.043, 0.038]
[0.113, 0.043, 0.04]
[0.113, 0.044, 0.041]
[0.113, 0.044, 0.042]
[0.113, 0.044, 0.044]
[0.113, 0.045, 0.046]
[0.113, 0.045, 0.047]
[0.113, 0.046, 0.049]
[0.114, 0.046, 0.051]
[0.115, 0.046, 0.053]
[0.116, 0.046, 0.056]
[0.117, 0.046, 0.059]
[0.119, 0.045, 0.062]
[0.121, 0.045, 0.065]
[0.122, 0.044, 0.068]
[0.123, 0.043, 0.071]
[0.123, 0.043, 0.074]
[0.124, 0.042, 0.077]
[0.125, 0.042, 0.079]
[0.126, 0.041, 0.081]
[0.128, 0.041, 0.082]
[0.129, 0.04, 0.083]
[0.13, 0.04, 0.084]
[0.131, 0.039, 0.085]
[0.131, 0.039, 0.085]
[0.132, 0.038, 0.085]
[0.132, 0.037, 0.085]
[0.133, 0.036, 0.086]
[0.133, 0.034, 0.086]
[0.133, 0.034, 0.086]
[0.133, 0.033, 0.086]
[0.133, 0.032, 0.086]
[0.135, 0.03, 0.086]
[0.135, 0.03, 0.086]
[0.136, 0.029, 0.086]
[0.136, 0.028, 0.085]
[0.136, 0.026, 0.084]
[0.136, 0.026, 0.084]
[0.137, 0.025, 0.084]
[0.137, 0.024, 0.084]
[0.138, 0.022, 0.084]
[0.137, 0.021, 0.084]
[0.138, 0.019, 0.085]
[0.14, 0.018, 0.084]
[0.143, 0.017, 0.084]
[0.145, 0.015, 0.086]
[0.145, 0.015, 0.086]
[0.146, 0.014, 0.088]
[0.147, 0.013, 0.09]
[0.151, 0.01, 0.096]
[0.151, 0.01, 0.096]
[0.153, 0.009, 0.1]
[0.155, 0.008, 0.104]
[0.156, 0.007, 0.108]
[0.157, 0.006, 0.112]
[0.159, 0.006, 0.115]
[0.16, 0.005, 0.118]
[0.162, 0.004, 0.119]
[0.163, 0.004, 0.12]
[0.163, 0.004, 0.12]
[0.162, 0.004, 0.121]
[0.162, 0.003, 0.121]
[0.162, 0.003, 0.121]
[0.163, 0.003, 0.121]
[0.164, 0.003, 0.121]
[0.164, 0.004, 0.12]
[0.164, 0.004, 0.12]
[0.163, 0.004, 0.119]
[0.163, 0.005, 0.118]
[0.162, 0.005, 0.118]
[0.162, 0.005, 0.117]
[0.162, 0.005, 0.116]
[0.162, 0.005, 0.115]
[0.161, 0.006, 0.113]
[0.161, 0.006, 0.113]
[0.16, 0.006, 0.112]
[0.16, 0.007, 0.11]
[0.159, 0.007, 0.109]
[0.159, 0.007, 0.108]
[0.159, 0.008, 0.107]
[0.159, 0.008, 0.107]
[0.158, 0.008, 0.106]
[0.157, 0.008, 0.105]
[0.154, 0.008, 0.103]
[0.154, 0.008, 0.103]
[0.152, 0.008, 0.101]
[0.15, 0.008, 0.099]
[0.148, 0.008, 0.097]
[0.146, 0.008, 0.096]
[0.144, 0.008, 0.095]
[0.143, 0.008, 0.093]
[0.142, 0.008, 0.091]
[0.142, 0.008, 0.088]
[0.142, 0.008, 0.085]
[0.145, 0.007, 0.08]
[0.146, 0.007, 0.076]
[0.145, 0.006, 0.072]
[0.144, 0.006, 0.066]
[0.144, 0.007, 0.057]
[0.142, 0.008, 0.048]
[0.14, 0.01, 0.038]
[0.136, 0.01, 0.03]
[0.134, 0.01, 0.022]
[0.132, 0.009, 0.015]
[0.132, 0.008, 0.009]
[0.132, 0.008, 0.004]
[0.133, 0.008, -0.001]
[0.132, 0.008, -0.005]
[0.13, 0.009, -0.009]
[0.127, 0.009, -0.013]
[0.125, 0.009, -0.017]
[0.124, 0.01, -0.02]
[0.123, 0.01, -0.024]
[0.123, 0.011, -0.027]
[0.124, 0.011, -0.03]
[0.125, 0.011, -0.033]
[0.125, 0.011, -0.035]
[0.125, 0.011, -0.037]
[0.125, 0.011, -0.038]
[0.125, 0.011, -0.04]
[0.125, 0.011, -0.043]
[0.127, 0.012, -0.045]
[0.127, 0.012, -0.047]
[0.127, 0.012, -0.05]
[0.125, 0.013, -0.054]
[0.122, 0.013, -0.057]
[0.121, 0.013, -0.061]
[0.119, 0.014, -0.065]
[0.118, 0.014, -0.069]
[0.119, 0.014, -0.072]
[0.12, 0.015, -0.075]
[0.122, 0.015, -0.078]
[0.124, 0.015, -0.081]
[0.124, 0.015, -0.084]
[0.123, 0.015, -0.087]
[0.121, 0.015, -0.09]
[0.116, 0.015, -0.097]
[0.116, 0.015, -0.097]
[0.113, 0.015, -0.099]
[0.111, 0.016, -0.102]
[0.11, 0.016, -0.105]
[0.109, 0.016, -0.107]
[0.108, 0.016, -0.11]
[0.108, 0.016, -0.112]
[0.107, 0.016, -0.114]
[0.107, 0.017, -0.115]
[0.107, 0.016, -0.116]
[0.107, 0.016, -0.117]
[0.106, 0.016, -0.118]
[0.105, 0.016, -0.118]
[0.105, 0.016, -0.119]
[0.104, 0.017, -0.121]
[0.104, 0.017, -0.121]
[0.104, 0.018, -0.123]
[0.104, 0.018, -0.126]
[0.104, 0.018, -0.128]
[0.105, 0.018, -0.131]
[0.105, 0.018, -0.134]
[0.106, 0.017, -0.136]
[0.107, 0.017, -0.14]
[0.106, 0.017, -0.143]
[0.099, 0.016, -0.145]
[0.093, 0.015, -0.147]
[0.089, 0.014, -0.147]
[0.086, 0.013, -0.148]
[0.087, 0.013, -0.149]
[0.093, 0.014, -0.151]
[0.098, 0.014, -0.151]
[0.1, 0.014, -0.153]
[0.101, 0.014, -0.153]
[0.098, 0.013, -0.155]
[0.097, 0.014, -0.155]
[0.096, 0.014, -0.156]
[0.098, 0.014, -0.156]
[0.1, 0.015, -0.156]
[0.102, 0.014, -0.156]
[0.103, 0.014, -0.157]
[0.105, 0.013, -0.157]
[0.107, 0.012, -0.157]
[0.108, 0.012, -0.158]
[0.108, 0.012, -0.159]
[0.108, 0.012, -0.16]
[0.106, 0.012, -0.161]
[0.104, 0.012, -0.162]
[0.104, 0.012, -0.163]
[0.104, 0.012, -0.163]
[0.104, 0.011, -0.163]
[0.104, 0.011, -0.163]
[0.104, 0.01, -0.163]
[0.104, 0.01, -0.162]
[0.103, 0.01, -0.163]
[0.1, 0.01, -0.165]
[0.1, 0.01, -0.165]
[0.099, 0.01, -0.167]
[0.098, 0.01, -0.168]
[0.098, 0.01, -0.168]
[0.1, 0.01, -0.169]
[0.102, 0.01, -0.169]
[0.103, 0.01, -0.169]
[0.105, 0.009, -0.168]
[0.106, 0.009, -0.168]
[0.107, 0.009, -0.167]
[0.108, 0.009, -0.166]
[0.108, 0.009, -0.166]
[0.107, 0.009, -0.166]
[0.105, 0.009, -0.166]
[0.102, 0.009, -0.166]
[0.1, 0.009, -0.166]
[0.099, 0.01, -0.166]
[0.099, 0.01, -0.165]
[0.099, 0.01, -0.165]
[0.099, 0.011, -0.164]
[0.099, 0.011, -0.163]
[0.099, 0.012, -0.162]
[0.099, 0.012, -0.161]
[0.099, 0.012, -0.161]
[0.099, 0.012, -0.161]
[0.098, 0.012, -0.162]
[0.099, 0.013, -0.162]
[0.099, 0.013, -0.162]
[0.1, 0.013, -0.161]
[0.102, 0.013, -0.16]
[0.103, 0.013, -0.159]
[0.104, 0.013, -0.158]
[0.104, 0.014, -0.157]
[0.105, 0.014, -0.155]
[0.105, 0.014, -0.152]
[0.102, 0.014, -0.143]
[0.102, 0.014, -0.143]
[0.103, 0.014, -0.136]
[0.105, 0.014, -0.129]
[0.107, 0.013, -0.119]
[0.111, 0.013, -0.109]
[0.114, 0.014, -0.099]
[0.116, 0.015, -0.091]
[0.117, 0.018, -0.084]
[0.116, 0.019, -0.077]
[0.116, 0.021, -0.071]
[0.118, 0.022, -0.064]
[0.12, 0.023, -0.059]
[0.121, 0.024, -0.053]
[0.122, 0.025, -0.049]
[0.123, 0.026, -0.044]
[0.123, 0.027, -0.04]
[0.123, 0.028, -0.038]
[0.124, 0.029, -0.035]
[0.124, 0.029, -0.033]
[0.124, 0.03, -0.031]
[0.124, 0.03, -0.028]
[0.125, 0.03, -0.025]
[0.127, 0.03, -0.021]
[0.129, 0.03, -0.018]
[0.129, 0.03, -0.016]
[0.128, 0.031, -0.014]
[0.126, 0.031, -0.012]
[0.124, 0.031, -0.009]
[0.124, 0.031, -0.006]
[0.126, 0.031, -0.002]
[0.128, 0.032, 0.002]
[0.129, 0.032, 0.005]
[0.13, 0.032, 0.008]
[0.131, 0.033, 0.011]
[0.131, 0.033, 0.014]
[0.131, 0.033, 0.016]
[0.128, 0.034, 0.02]
[0.128, 0.034, 0.02]
[0.127, 0.035, 0.021]
[0.128, 0.035, 0.022]
[0.128, 0.035, 0.023]
[0.129, 0.035, 0.024]
[0.128, 0.035, 0.024]
[0.128, 0.035, 0.025]
[0.128, 0.036, 0.026]
[0.128, 0.036, 0.027]
[0.129, 0.036, 0.028]
[0.133, 0.035, 0.031]
[0.133, 0.035, 0.031]
[0.135, 0.035, 0.033]
[0.14, 0.036, 0.04]
[0.14, 0.036, 0.04]
[0.14, 0.035, 0.043]
[0.139, 0.035, 0.045]
[0.137, 0.035, 0.047]
[0.136, 0.035, 0.048]
[0.136, 0.034, 0.049]
[0.139, 0.034, 0.052]
[0.143, 0.033, 0.055]
[0.147, 0.033, 0.058]
[0.149, 0.032, 0.062]
[0.151, 0.03, 0.066]
[0.153, 0.029, 0.069]
[0.156, 0.028, 0.072]
[0.159, 0.028, 0.075]
[0.161, 0.027, 0.077]
[0.16, 0.027, 0.079]
[0.159, 0.026, 0.082]
[0.156, 0.026, 0.084]
[0.153, 0.026, 0.084]
[0.151, 0.026, 0.085]
[0.149, 0.025, 0.085]
[0.148, 0.025, 0.084]
[0.148, 0.025, 0.084]
[0.148, 0.025, 0.082]
[0.149, 0.025, 0.081]
[0.149, 0.024, 0.079]
[0.15, 0.023, 0.077]
[0.151, 0.022, 0.076]
[0.153, 0.021, 0.074]
[0.153, 0.02, 0.072]
[0.153, 0.019, 0.069]
[0.152, 0.018, 0.066]
[0.151, 0.017, 0.064]
[0.15, 0.016, 0.062]
[0.149, 0.015, 0.06]
[0.15, 0.014, 0.058]
[0.151, 0.013, 0.056]
[0.152, 0.012, 0.054]
[0.153, 0.011, 0.052]
[0.153, 0.01, 0.051]
[0.153, 0.008, 0.049]
[0.154, 0.007, 0.049]
[0.155, 0.005, 0.048]
[0.156, 0.004, 0.047]
[0.157, 0.003, 0.046]
[0.159, 0.003, 0.045]
[0.162, 0.002, 0.043]
[0.167, 0.001, 0.042]
[0.168, 0.0, 0.041]
[0.167, -0.001, 0.041]
[0.167, -0.002, 0.04]
[0.167, -0.004, 0.038]
[0.168, -0.005, 0.035]
[0.169, -0.006, 0.033]
[0.168, -0.007, 0.03]
[0.168, -0.009, 0.029]
[0.167, -0.01, 0.028]
[0.165, -0.012, 0.026]
[0.163, -0.014, 0.024]
[0.162, -0.016, 0.023]
[0.161, -0.018, 0.021]
[0.161, -0.02, 0.019]
[0.161, -0.022, 0.017]
[0.16, -0.024, 0.015]
[0.16, -0.025, 0.013]
[0.16, -0.027, 0.011]
[0.159, -0.029, 0.009]
[0.16, -0.03, 0.007]
[0.161, -0.032, 0.005]
[0.162, -0.035, 0.003]
[0.164, -0.037, 0.002]
[0.164, -0.039, 0.0]
[0.165, -0.041, -0.002]
[0.165, -0.044, -0.004]
[0.165, -0.046, -0.006]
[0.165, -0.047, -0.008]
[0.165, -0.049, -0.009]
[0.166, -0.051, -0.011]
[0.168, -0.053, -0.011]
[0.169, -0.054, -0.012]
[0.17, -0.055, -0.012]
[0.17, -0.056, -0.012]
[0.168, -0.056, -0.014]
[0.167, -0.056, -0.015]
[0.167, -0.056, -0.017]
[0.166, -0.056, -0.018]
[0.166, -0.056, -0.018]
[0.166, -0.057, -0.018]
[0.166, -0.057, -0.017]
[0.167, -0.058, -0.016]
[0.17, -0.058, -0.016]
[0.172, -0.059, -0.016]
[0.177, -0.058, -0.016]
[0.183, -0.057, -0.018]
[0.193, -0.055, -0.021]
[0.205, -0.051, -0.021]
[0.22, -0.048, -0.02]
[0.233, -0.044, -0.019]
[0.244, -0.04, -0.016]
[0.255, -0.035, -0.013]
[0.264, -0.03, -0.01]
[0.27, -0.026, -0.008]
[0.276, -0.023, -0.007]
[0.282, -0.02, -0.007]
[0.287, -0.017, -0.006]
[0.292, -0.014, -0.006]
[0.297, -0.011, -0.005]
[0.3, -0.009, -0.004]
[0.305, -0.007, -0.003]
[0.31, -0.005, -0.001]
[0.314, -0.003, 0.001]
[0.318, -0.002, 0.003]
[0.32, 0.0, 0.004]
[0.322, 0.002, 0.004]
[0.323, 0.004, 0.005]
[0.324, 0.005, 0.006]
[0.324, 0.007, 0.006]
[0.323, 0.008, 0.007]
[0.321, 0.01, 0.008]
[0.319, 0.011, 0.01]
[0.317, 0.012, 0.012]
[0.315, 0.013, 0.015]
[0.313, 0.015, 0.017]
[0.311, 0.016, 0.019]
[0.309, 0.018, 0.021]
[0.306, 0.019, 0.024]
[0.302, 0.021, 0.028]
[0.297, 0.022, 0.031]
[0.292, 0.023, 0.035]
[0.289, 0.025, 0.038]
[0.287, 0.026, 0.04]
[0.285, 0.028, 0.043]
[0.281, 0.03, 0.045]
[0.277, 0.033, 0.047]
[0.274, 0.035, 0.051]
[0.271, 0.037, 0.053]
[0.268, 0.039, 0.055]
[0.264, 0.041, 0.056]
[0.26, 0.042, 0.057]
[0.255, 0.044, 0.06]
[0.251, 0.046, 0.062]
[0.246, 0.048, 0.063]
[0.241, 0.05, 0.065]
[0.235, 0.051, 0.066]
[0.228, 0.053, 0.066]
[0.221, 0.055, 0.067]
[0.215, 0.056, 0.067]
[0.208, 0.058, 0.068]
[0.193, 0.06, 0.067]
[0.193, 0.06, 0.067]
[0.187, 0.061, 0.067]
[0.182, 0.062, 0.066]
[0.178, 0.063, 0.066]
[0.176, 0.065, 0.067]
[0.172, 0.066, 0.067]
[0.166, 0.067, 0.068]
[0.158, 0.067, 0.067]
[0.152, 0.068, 0.066]
[0.148, 0.069, 0.064]
[0.145, 0.071, 0.063]
[0.14, 0.072, 0.06]
[0.136, 0.073, 0.058]
[0.131, 0.073, 0.055]
[0.128, 0.073, 0.052]
[0.125, 0.072, 0.048]
[0.121, 0.072, 0.045]
[0.117, 0.071, 0.041]
[0.113, 0.07, 0.037]
[0.109, 0.068, 0.034]
[0.107, 0.067, 0.03]
[0.105, 0.065, 0.028]
[0.103, 0.063, 0.025]
[0.101, 0.061, 0.022]
[0.1, 0.059, 0.019]
[0.098, 0.057, 0.016]
[0.097, 0.055, 0.014]
[0.096, 0.053, 0.011]
[0.093, 0.052, 0.009]
[0.09, 0.051, 0.006]
[0.086, 0.049, 0.003]
[0.083, 0.048, 0.0]
[0.08, 0.046, -0.003]
[0.078, 0.045, -0.007]
[0.077, 0.043, -0.011]
[0.076, 0.042, -0.015]
[0.076, 0.041, -0.019]
[0.075, 0.04, -0.022]
[0.074, 0.039, -0.024]
[0.073, 0.038, -0.027]
[0.074, 0.036, -0.029]
[0.075, 0.035, -0.031]
[0.076, 0.034, -0.034]
[0.076, 0.034, -0.037]
[0.076, 0.033, -0.04]
[0.075, 0.033, -0.042]
[0.074, 0.033, -0.045]
[0.073, 0.033, -0.048]
[0.073, 0.032, -0.051]
[0.074, 0.032, -0.054]
[0.075, 0.03, -0.061]
[0.075, 0.03, -0.061]
[0.076, 0.03, -0.064]
[0.076, 0.029, -0.068]
[0.077, 0.029, -0.071]
[0.078, 0.029, -0.075]
[0.078, 0.028, -0.078]
[0.079, 0.028, -0.081]
[0.079, 0.027, -0.084]
[0.079, 0.027, -0.086]
[0.079, 0.026, -0.088]
[0.081, 0.025, -0.09]
[0.082, 0.025, -0.092]
[0.083, 0.024, -0.094]
[0.084, 0.023, -0.096]
[0.083, 0.022, -0.098]
[0.082, 0.021, -0.1]
[0.08, 0.02, -0.102]
[0.077, 0.02, -0.105]
[0.076, 0.019, -0.107]
[0.076, 0.019, -0.109]
[0.078, 0.018, -0.112]
[0.08, 0.017, -0.115]
[0.082, 0.016, -0.117]
[0.084, 0.015, -0.118]
[0.084, 0.014, -0.12]
[0.085, 0.012, -0.121]
[0.085, 0.011, -0.124]
[0.084, 0.009, -0.127]
[0.082, 0.008, -0.13]
[0.079, 0.006, -0.133]
[0.077, 0.005, -0.136]
[0.077, 0.003, -0.139]
[0.08, -0.001, -0.149]
[0.08, -0.001, -0.149]
[0.081, -0.003, -0.153]
[0.082, -0.004, -0.158]
[0.081, -0.006, -0.163]
[0.081, -0.007, -0.168]
[0.081, -0.008, -0.172]
[0.081, -0.009, -0.176]
[0.082, -0.01, -0.179]
[0.084, -0.012, -0.182]
[0.085, -0.013, -0.183]
[0.084, -0.015, -0.186]
[0.084, -0.015, -0.186]
[0.083, -0.015, -0.189]
[0.082, -0.015, -0.191]
[0.08, -0.016, -0.194]
[0.08, -0.016, -0.194]
[0.079, -0.016, -0.196]
[0.079, -0.017, -0.198]
[0.078, -0.017, -0.2]
[0.079, -0.017, -0.201]
[0.079, -0.017, -0.201]
[0.081, -0.017, -0.2]
[0.081, -0.017, -0.199]
[0.081, -0.017, -0.198]
[0.081, -0.017, -0.198]
[0.081, -0.016, -0.197]
[0.08, -0.016, -0.197]
[0.081, -0.016, -0.196]
[0.081, -0.016, -0.195]
[0.082, -0.015, -0.194]
[0.084, -0.015, -0.192]
[0.085, -0.014, -0.19]
[0.086, -0.014, -0.189]
[0.087, -0.014, -0.187]
[0.088, -0.014, -0.185]
[0.09, -0.013, -0.182]
[0.09, -0.013, -0.18]
[0.089, -0.012, -0.177]
[0.086, -0.011, -0.174]
[0.083, -0.011, -0.17]
[0.08, -0.01, -0.167]
[0.081, -0.009, -0.163]
[0.085, -0.009, -0.155]
[0.089, -0.008, -0.145]
[0.094, -0.007, -0.135]
[0.097, -0.006, -0.125]
[0.099, -0.005, -0.118]
[0.101, -0.004, -0.111]
[0.101, -0.003, -0.105]
[0.103, -0.001, -0.099]
[0.103, 0.001, -0.094]
[0.104, 0.003, -0.088]
[0.106, 0.005, -0.083]
[0.107, 0.006, -0.078]
[0.108, 0.007, -0.073]
[0.109, 0.009, -0.069]
[0.109, 0.01, -0.066]
[0.11, 0.012, -0.064]
[0.11, 0.013, -0.062]
[0.111, 0.014, -0.06]
[0.111, 0.016, -0.058]
[0.113, 0.017, -0.054]
[0.113, 0.017, -0.054]
[0.114, 0.018, -0.053]
[0.114, 0.019, -0.052]
[0.114, 0.02, -0.052]
[0.114, 0.02, -0.051]
[0.115, 0.021, -0.051]
[0.116, 0.021, -0.05]
[0.116, 0.021, -0.049]
[0.117, 0.021, -0.049]
[0.117, 0.022, -0.048]
[0.119, 0.022, -0.047]
[0.12, 0.021, -0.047]
[0.12, 0.022, -0.047]
[0.12, 0.022, -0.047]
[0.12, 0.022, -0.048]
[0.12, 0.022, -0.049]
[0.121, 0.022, -0.049]
[0.121, 0.022, -0.049]
[0.122, 0.022, -0.049]
[0.122, 0.023, -0.049]
[0.122, 0.023, -0.048]
[0.123, 0.023, -0.048]
[0.123, 0.022, -0.047]
[0.123, 0.022, -0.047]
[0.122, 0.022, -0.047]
[0.121, 0.022, -0.048]
[0.119, 0.022, -0.049]
[0.117, 0.022, -0.049]
[0.116, 0.023, -0.049]
[0.116, 0.023, -0.049]
[0.115, 0.023, -0.049]
[0.115, 0.023, -0.049]
[0.115, 0.024, -0.048]
[0.115, 0.024, -0.048]
[0.114, 0.024, -0.048]
[0.114, 0.024, -0.048]
[0.115, 0.024, -0.048]
[0.116, 0.024, -0.047]
[0.116, 0.024, -0.047]
[0.116, 0.024, -0.046]
[0.116, 0.024, -0.046]
[0.116, 0.024, -0.045]
[0.116, 0.024, -0.045]
[0.116, 0.024, -0.044]
[0.116, 0.024, -0.044]
[0.116, 0.024, -0.043]
[0.117, 0.024, -0.043]
[0.118, 0.024, -0.043]
[0.119, 0.024, -0.042]
[0.119, 0.024, -0.042]
[0.12, 0.025, -0.041]
[0.12, 0.025, -0.039]
[0.121, 0.025, -0.037]
[0.121, 0.025, -0.036]
[0.122, 0.026, -0.034]
[0.122, 0.026, -0.032]
[0.122, 0.026, -0.031]
[0.121, 0.026, -0.029]
[0.12, 0.026, -0.027]
[0.119, 0.026, -0.026]
[0.118, 0.027, -0.024]
[0.118, 0.027, -0.022]
[0.118, 0.028, -0.021]
[0.119, 0.028, -0.02]
[0.119, 0.029, -0.019]
[0.118, 0.029, -0.018]
[0.117, 0.029, -0.017]
[0.117, 0.029, -0.015]
[0.117, 0.029, -0.013]
[0.118, 0.029, -0.011]
[0.119, 0.029, -0.01]
[0.119, 0.029, -0.008]
[0.119, 0.029, -0.008]
[0.119, 0.029, -0.007]
[0.119, 0.029, -0.006]
[0.12, 0.029, -0.005]
[0.12, 0.029, -0.005]
[0.119, 0.029, -0.004]
[0.119, 0.029, -0.004]
[0.119, 0.029, -0.004]
[0.119, 0.029, -0.004]
[0.119, 0.029, -0.003]
[0.118, 0.029, -0.003]
[0.118, 0.029, -0.003]
[0.117, 0.029, -0.003]
[0.117, 0.029, -0.003]
[0.117, 0.029, -0.003]
[0.117, 0.029, -0.004]
[0.118, 0.029, -0.004]
[0.119, 0.028, -0.005]
[0.119, 0.028, -0.005]
[0.12, 0.028, -0.005]
[0.12, 0.029, -0.004]
[0.12, 0.029, -0.004]
[0.119, 0.029, -0.004]
[0.118, 0.029, -0.004]
[0.117, 0.029, -0.005]
[0.117, 0.029, -0.005]
[0.119, 0.028, -0.005]
[0.119, 0.028, -0.005]
[0.121, 0.028, -0.005]
[0.123, 0.027, -0.005]
[0.124, 0.026, -0.007]
[0.125, 0.025, -0.009]
[0.128, 0.025, -0.011]
[0.129, 0.025, -0.012]
[0.13, 0.025, -0.014]
[0.129, 0.025, -0.014]
[0.128, 0.025, -0.016]
[0.127, 0.025, -0.016]
[0.126, 0.025, -0.016]
[0.126, 0.025, -0.017]
[0.125, 0.025, -0.017]
[0.125, 0.024, -0.017]
[0.125, 0.024, -0.017]
[0.124, 0.024, -0.017]
[0.123, 0.024, -0.016]
[0.123, 0.023, -0.016]
[0.125, 0.023, -0.016]
[0.126, 0.023, -0.014]
[0.126, 0.023, -0.014]
[0.126, 0.023, -0.013]
[0.124, 0.023, -0.011]
[0.124, 0.023, -0.005]
[0.124, 0.023, -0.005]
[0.125, 0.024, -0.001]
[0.125, 0.024, 0.005]
[0.125, 0.025, 0.011]
[0.125, 0.026, 0.018]
[0.123, 0.026, 0.024]
[0.121, 0.027, 0.03]
[0.119, 0.028, 0.034]
[0.117, 0.029, 0.038]
[0.116, 0.03, 0.042]
[0.116, 0.031, 0.046]
[0.117, 0.032, 0.051]
[0.118, 0.033, 0.055]
[0.12, 0.033, 0.058]
[0.12, 0.034, 0.061]
[0.121, 0.035, 0.063]
[0.121, 0.035, 0.065]
[0.121, 0.035, 0.066]
[0.121, 0.036, 0.068]
[0.121, 0.036, 0.068]
[0.121, 0.036, 0.068]
[0.121, 0.036, 0.068]
[0.121, 0.036, 0.068]
[0.12, 0.036, 0.067]
[0.119, 0.036, 0.067]
[0.119, 0.036, 0.067]
[0.118, 0.036, 0.066]
[0.117, 0.036, 0.066]
[0.116, 0.036, 0.065]
[0.115, 0.036, 0.065]
[0.115, 0.035, 0.065]
[0.117, 0.034, 0.063]
[0.118, 0.034, 0.061]
[0.118, 0.034, 0.061]
[0.117, 0.035, 0.062]
[0.121, 0.035, 0.065]
[0.121, 0.035, 0.065]
[0.127, 0.036, 0.065]
[0.131, 0.036, 0.064]
[0.131, 0.036, 0.063]
[0.131, 0.036, 0.063]
[0.129, 0.035, 0.061]
[0.126, 0.034, 0.06]
[0.125, 0.032, 0.057]
[0.123, 0.031, 0.054]
[0.121, 0.03, 0.051]
[0.121, 0.029, 0.047]
[0.121, 0.028, 0.043]
[0.12, 0.027, 0.038]
[0.12, 0.026, 0.032]
[0.117, 0.025, 0.026]
[0.115, 0.025, 0.019]
[0.113, 0.024, 0.014]
[0.113, 0.024, 0.009]
[0.115, 0.023, 0.005]
[0.117, 0.022, 0.001]
[0.12, 0.021, -0.002]
[0.122, 0.02, -0.009]
[0.123, 0.019, -0.016]
[0.124, 0.017, -0.024]
[0.123, 0.016, -0.031]
[0.121, 0.015, -0.038]
[0.119, 0.014, -0.043]
[0.116, 0.013, -0.048]
[0.115, 0.012, -0.052]
[0.113, 0.011, -0.056]
[0.111, 0.01, -0.06]
[0.107, 0.009, -0.069]
[0.107, 0.009, -0.069]
[0.106, 0.009, -0.073]
[0.104, 0.008, -0.078]
[0.103, 0.007, -0.082]
[0.101, 0.006, -0.085]
[0.098, 0.005, -0.089]
[0.098, 0.004, -0.093]
[0.096, 0.004, -0.096]
[0.095, 0.003, -0.099]
[0.096, 0.002, -0.103]
[0.095, 0.002, -0.106]
[0.095, 0.001, -0.109]
[0.094, 0.0, -0.112]
[0.092, -0.0, -0.116]
[0.091, -0.001, -0.118]
[0.092, -0.001, -0.121]
[0.092, -0.002, -0.122]
[0.094, -0.004, -0.123]
[0.094, -0.005, -0.126]
[0.094, -0.005, -0.126]
[0.094, -0.005, -0.129]
[0.093, -0.005, -0.133]
[0.094, -0.006, -0.138]
[0.094, -0.006, -0.138]
[0.094, -0.006, -0.14]
[0.093, -0.006, -0.143]
[0.09, -0.006, -0.148]
[0.09, -0.006, -0.148]
[0.089, -0.006, -0.151]
[0.091, -0.006, -0.152]
[0.092, -0.006, -0.153]
[0.093, -0.007, -0.153]
[0.094, -0.007, -0.152]
[0.094, -0.007, -0.152]
[0.094, -0.007, -0.153]
[0.093, -0.007, -0.153]
[0.094, -0.007, -0.154]
[0.094, -0.007, -0.154]
[0.094, -0.008, -0.154]
[0.095, -0.008, -0.154]
[0.096, -0.008, -0.154]
[0.097, -0.008, -0.154]
[0.097, -0.007, -0.155]
[0.097, -0.007, -0.155]
[0.096, -0.007, -0.155]
[0.096, -0.007, -0.155]
[0.096, -0.007, -0.154]
[0.096, -0.007, -0.154]
[0.096, -0.007, -0.153]
[0.096, -0.007, -0.152]
[0.095, -0.007, -0.151]
[0.095, -0.007, -0.151]
[0.095, -0.007, -0.15]
[0.094, -0.006, -0.149]
[0.094, -0.006, -0.148]
[0.093, -0.006, -0.146]
[0.092, -0.005, -0.143]
[0.092, -0.004, -0.14]
[0.092, -0.004, -0.136]
[0.092, -0.003, -0.131]
[0.092, -0.002, -0.125]
[0.092, -0.001, -0.12]
[0.092, 0.001, -0.115]
[0.094, 0.002, -0.109]
[0.096, 0.004, -0.103]
[0.099, 0.005, -0.097]
[0.105, 0.008, -0.085]
[0.105, 0.008, -0.085]
[0.107, 0.01, -0.081]
[0.109, 0.011, -0.075]
[0.112, 0.012, -0.071]
[0.115, 0.013, -0.066]
[0.117, 0.014, -0.062]
[0.117, 0.015, -0.058]
[0.117, 0.018, -0.051]
[0.117, 0.018, -0.051]
[0.118, 0.019, -0.046]
[0.119, 0.021, -0.041]
[0.118, 0.022, -0.035]
[0.117, 0.023, -0.03]
[0.116, 0.025, -0.023]
[0.116, 0.025, -0.023]
[0.116, 0.026, -0.02]
[0.117, 0.026, -0.016]
[0.118, 0.026, -0.012]
[0.118, 0.027, -0.007]
[0.118, 0.028, -0.002]
[0.118, 0.029, 0.002]
[0.118, 0.029, 0.006]
[0.118, 0.031, 0.012]
[0.12, 0.032, 0.019]
[0.122, 0.033, 0.023]
[0.123, 0.034, 0.028]
[0.124, 0.035, 0.032]
[0.125, 0.036, 0.036]
[0.127, 0.037, 0.046]
[0.127, 0.037, 0.046]
[0.128, 0.037, 0.052]
[0.128, 0.038, 0.057]
[0.13, 0.038, 0.066]
[0.13, 0.038, 0.066]
[0.13, 0.038, 0.069]
[0.131, 0.038, 0.073]
[0.131, 0.038, 0.077]
[0.133, 0.038, 0.08]
[0.134, 0.039, 0.083]
[0.135, 0.038, 0.086]
[0.137, 0.039, 0.089]
[0.138, 0.039, 0.092]
[0.138, 0.039, 0.094]
[0.14, 0.04, 0.1]
[0.14, 0.04, 0.1]
[0.14, 0.041, 0.102]
[0.142, 0.041, 0.104]
[0.142, 0.041, 0.106]
[0.142, 0.042, 0.108]
[0.14, 0.042, 0.11]
[0.138, 0.043, 0.112]
[0.137, 0.043, 0.114]
[0.136, 0.044, 0.115]
[0.136, 0.044, 0.116]
[0.136, 0.045, 0.116]
[0.136, 0.045, 0.117]
[0.136, 0.045, 0.117]
[0.136, 0.045, 0.118]
[0.136, 0.045, 0.118]
[0.136, 0.045, 0.119]
[0.136, 0.045, 0.118]
[0.135, 0.045, 0.118]
[0.135, 0.045, 0.118]
[0.134, 0.045, 0.117]
[0.136, 0.043, 0.118]
[0.138, 0.042, 0.118]
[0.139, 0.042, 0.119]
[0.141, 0.041, 0.12]
[0.142, 0.041, 0.12]
[0.143, 0.041, 0.12]
[0.145, 0.04, 0.119]
[0.142, 0.04, 0.118]
[0.142, 0.04, 0.118]
[0.141, 0.04, 0.118]
[0.139, 0.041, 0.118]
[0.138, 0.041, 0.118]
[0.138, 0.041, 0.118]
[0.138, 0.04, 0.118]
[0.138, 0.04, 0.117]
[0.138, 0.04, 0.116]
[0.138, 0.04, 0.115]
[0.138, 0.039, 0.114]
[0.137, 0.038, 0.114]
[0.136, 0.037, 0.114]
[0.134, 0.035, 0.116]
[0.135, 0.032, 0.117]
[0.136, 0.029, 0.117]
[0.138, 0.027, 0.116]
[0.139, 0.025, 0.115]
[0.14, 0.024, 0.115]
[0.139, 0.022, 0.115]
[0.139, 0.021, 0.116]
[0.139, 0.021, 0.116]
[0.14, 0.02, 0.117]
[0.143, 0.019, 0.117]
[0.149, 0.016, 0.122]
[0.149, 0.016, 0.122]
[0.149, 0.014, 0.126]
[0.15, 0.012, 0.129]
[0.155, 0.011, 0.131]
[0.158, 0.01, 0.132]
[0.161, 0.008, 0.131]
[0.163, 0.007, 0.13]
[0.162, 0.006, 0.129]
[0.162, 0.005, 0.129]
[0.162, 0.004, 0.131]
[0.163, 0.003, 0.133]
[0.163, 0.002, 0.134]
[0.164, 0.0, 0.135]
[0.164, -0.001, 0.137]
[0.165, -0.002, 0.138]
[0.165, -0.002, 0.139]
[0.164, -0.003, 0.14]
[0.163, -0.004, 0.14]
[0.162, -0.005, 0.139]
[0.16, -0.006, 0.137]
[0.16, -0.006, 0.137]
[0.159, -0.006, 0.136]
[0.158, -0.007, 0.134]
[0.155, -0.009, 0.13]
[0.155, -0.009, 0.13]
[0.153, -0.01, 0.126]
[0.151, -0.011, 0.122]
[0.15, -0.011, 0.118]
[0.149, -0.011, 0.113]
[0.148, -0.012, 0.108]
[0.147, -0.012, 0.103]
[0.14, -0.013, 0.093]
[0.14, -0.013, 0.093]
[0.137, -0.014, 0.087]
[0.133, -0.014, 0.081]
[0.129, -0.015, 0.075]
[0.126, -0.015, 0.069]
[0.123, -0.015, 0.064]
[0.12, -0.016, 0.058]
[0.115, -0.016, 0.05]
[0.115, -0.016, 0.05]
[0.113, -0.016, 0.047]
[0.112, -0.017, 0.044]
[0.111, -0.017, 0.038]
[0.111, -0.017, 0.038]
[0.11, -0.018, 0.035]
[0.111, -0.018, 0.032]
[0.111, -0.018, 0.03]
[0.112, -0.019, 0.029]
[0.111, -0.019, 0.027]
[0.11, -0.019, 0.024]
[0.107, -0.019, 0.018]
[0.107, -0.019, 0.018]
[0.106, -0.019, 0.014]
[0.107, -0.019, 0.011]
[0.109, -0.019, 0.006]
[0.109, -0.019, 0.006]
[0.111, -0.019, 0.002]
[0.111, -0.019, -0.001]
[0.107, -0.018, -0.01]
[0.107, -0.018, -0.01]
[0.106, -0.018, -0.014]
[0.106, -0.018, -0.018]
[0.106, -0.018, -0.025]
[0.106, -0.018, -0.025]
[0.105, -0.018, -0.029]
[0.105, -0.018, -0.032]
[0.104, -0.017, -0.036]
[0.104, -0.017, -0.036]
[0.104, -0.018, -0.038]
[0.104, -0.018, -0.039]
[0.104, -0.018, -0.041]
[0.103, -0.018, -0.044]
[0.104, -0.018, -0.046]
[0.105, -0.018, -0.048]
[0.108, -0.018, -0.051]
[0.109, -0.018, -0.054]
[0.11, -0.018, -0.056]
[0.11, -0.018, -0.059]
[0.108, -0.018, -0.061]
[0.106, -0.017, -0.063]
[0.104, -0.017, -0.066]
[0.101, -0.017, -0.068]
[0.099, -0.016, -0.07]
[0.096, -0.016, -0.073]
[0.093, -0.016, -0.076]
[0.091, -0.016, -0.078]
[0.09, -0.015, -0.08]
[0.089, -0.015, -0.083]
[0.087, -0.014, -0.085]
[0.087, -0.013, -0.088]
[0.086, -0.012, -0.089]
[0.084, -0.011, -0.09]
[0.08, -0.011, -0.091]
[0.076, -0.01, -0.091]
[0.073, -0.009, -0.092]
[0.07, -0.008, -0.093]
[0.069, -0.007, -0.095]
[0.068, -0.005, -0.098]
[0.068, -0.005, -0.099]
[0.067, -0.004, -0.102]
[0.067, -0.004, -0.105]
[0.068, -0.005, -0.11]
[0.069, -0.006, -0.115]
[0.069, -0.007, -0.119]
[0.07, -0.007, -0.122]
[0.07, -0.007, -0.125]
[0.068, -0.007, -0.128]
[0.068, -0.007, -0.131]
[0.066, -0.006, -0.136]
[0.064, -0.006, -0.141]
[0.062, -0.006, -0.146]
[0.062, -0.005, -0.151]
[0.061, -0.005, -0.154]
[0.062, -0.005, -0.157]
[0.062, -0.006, -0.16]
[0.062, -0.006, -0.162]
[0.062, -0.006, -0.164]
[0.061, -0.006, -0.166]
[0.06, -0.006, -0.168]
[0.059, -0.006, -0.169]
[0.059, -0.006, -0.171]
[0.058, -0.006, -0.172]
[0.056, -0.006, -0.173]
[0.052, -0.006, -0.173]
[0.05, -0.006, -0.174]
[0.05, -0.006, -0.174]
[0.051, -0.006, -0.174]
[0.052, -0.006, -0.173]
[0.051, -0.005, -0.174]
[0.049, -0.004, -0.174]
[0.046, -0.002, -0.176]
[0.046, -0.002, -0.176]
[0.045, -0.002, -0.177]
[0.044, -0.002, -0.178]
[0.043, -0.002, -0.178]
[0.043, -0.002, -0.178]
[0.043, -0.002, -0.178]
[0.044, -0.002, -0.177]
[0.047, -0.002, -0.176]
[0.047, -0.002, -0.176]
[0.048, -0.002, -0.175]
[0.05, -0.002, -0.175]
[0.051, -0.001, -0.175]
[0.052, -0.001, -0.175]
[0.053, -0.001, -0.174]
[0.054, -0.0, -0.174]
[0.056, 0.0, -0.174]
[0.056, 0.0, -0.174]
[0.057, 0.001, -0.174]
[0.057, 0.001, -0.174]
[0.06, 0.001, -0.173]
[0.06, 0.001, -0.173]
[0.061, 0.001, -0.173]
[0.062, 0.001, -0.172]
[0.062, 0.002, -0.171]
[0.063, 0.003, -0.171]
[0.063, 0.003, -0.169]
[0.064, 0.003, -0.168]
[0.064, 0.004, -0.167]
[0.065, 0.004, -0.165]
[0.067, 0.004, -0.164]
[0.067, 0.005, -0.163]
[0.063, 0.006, -0.162]
[0.063, 0.006, -0.162]
[0.059, 0.007, -0.161]
[0.056, 0.007, -0.157]
[0.054, 0.008, -0.154]
[0.051, 0.008, -0.15]
[0.05, 0.008, -0.145]
[0.05, 0.009, -0.141]
[0.052, 0.009, -0.131]
[0.052, 0.009, -0.131]
[0.053, 0.009, -0.127]
[0.054, 0.01, -0.122]
[0.054, 0.011, -0.116]
[0.053, 0.012, -0.109]
[0.054, 0.013, -0.103]
[0.055, 0.014, -0.097]
[0.058, 0.015, -0.092]
[0.059, 0.016, -0.086]
[0.061, 0.017, -0.082]
[0.061, 0.018, -0.077]
[0.061, 0.02, -0.068]
[0.061, 0.02, -0.068]
[0.06, 0.021, -0.064]
[0.06, 0.023, -0.061]
[0.056, 0.025, -0.054]
[0.056, 0.025, -0.054]
[0.054, 0.026, -0.05]
[0.054, 0.027, -0.047]
[0.056, 0.028, -0.04]
[0.056, 0.028, -0.04]
[0.057, 0.029, -0.039]
[0.057, 0.029, -0.037]
[0.057, 0.03, -0.036]
[0.057, 0.03, -0.034]
[0.058, 0.03, -0.033]
[0.058, 0.03, -0.031]
[0.057, 0.031, -0.029]
[0.057, 0.031, -0.029]
[0.057, 0.031, -0.027]
[0.056, 0.031, -0.025]
[0.055, 0.032, -0.02]
[0.055, 0.032, -0.02]
[0.055, 0.032, -0.017]
[0.055, 0.032, -0.014]
[0.056, 0.033, -0.008]
[0.056, 0.033, -0.008]
[0.057, 0.033, -0.006]
[0.057, 0.034, -0.004]
[0.056, 0.034, -0.001]
[0.056, 0.034, -0.001]
[0.056, 0.035, -0.0]
[0.057, 0.035, 0.001]
[0.058, 0.036, 0.007]
[0.058, 0.036, 0.007]
[0.059, 0.037, 0.011]
[0.06, 0.038, 0.016]
[0.062, 0.042, 0.029]
[0.062, 0.042, 0.029]
[0.066, 0.043, 0.036]
[0.07, 0.044, 0.044]
[0.081, 0.046, 0.06]
[0.081, 0.046, 0.06]
[0.084, 0.046, 0.067]
[0.085, 0.047, 0.073]
[0.088, 0.048, 0.083]
[0.088, 0.048, 0.083]
[0.09, 0.049, 0.087]
[0.091, 0.05, 0.09]
[0.092, 0.051, 0.093]
[0.092, 0.052, 0.096]
[0.092, 0.052, 0.099]
[0.092, 0.053, 0.102]
[0.092, 0.053, 0.104]
[0.094, 0.053, 0.113]
[0.094, 0.053, 0.113]
[0.094, 0.053, 0.117]
[0.095, 0.052, 0.122]
[0.096, 0.052, 0.127]
[0.097, 0.052, 0.134]
[0.099, 0.052, 0.14]
[0.1, 0.053, 0.145]
[0.101, 0.054, 0.15]
[0.101, 0.055, 0.154]
[0.099, 0.055, 0.16]
[0.097, 0.054, 0.165]
[0.096, 0.054, 0.169]
[0.095, 0.054, 0.172]
[0.094, 0.054, 0.175]
[0.093, 0.054, 0.177]
[0.093, 0.055, 0.178]
[0.092, 0.055, 0.179]
[0.092, 0.056, 0.179]
[0.091, 0.056, 0.178]
[0.09, 0.056, 0.177]
[0.09, 0.056, 0.176]
[0.09, 0.056, 0.175]
[0.089, 0.056, 0.172]
[0.089, 0.056, 0.172]
[0.089, 0.055, 0.17]
[0.088, 0.055, 0.168]
[0.088, 0.055, 0.163]
[0.088, 0.055, 0.163]
[0.088, 0.054, 0.159]
[0.089, 0.054, 0.155]
[0.091, 0.054, 0.149]
[0.094, 0.053, 0.143]
[0.097, 0.052, 0.14]
[0.099, 0.051, 0.137]
[0.101, 0.05, 0.135]
[0.104, 0.049, 0.132]
[0.109, 0.048, 0.126]
[0.111, 0.048, 0.119]
[0.111, 0.048, 0.113]
[0.108, 0.048, 0.106]
[0.104, 0.048, 0.1]
[0.099, 0.048, 0.095]
[0.094, 0.048, 0.09]
[0.091, 0.047, 0.085]
[0.088, 0.047, 0.081]
[0.086, 0.047, 0.078]
[0.084, 0.046, 0.075]
[0.083, 0.046, 0.073]
[0.082, 0.046, 0.071]
[0.082, 0.045, 0.07]
[0.082, 0.044, 0.069]
[0.081, 0.044, 0.069]
[0.08, 0.044, 0.067]
[0.079, 0.044, 0.066]
[0.077, 0.043, 0.065]
[0.074, 0.043, 0.059]
[0.074, 0.043, 0.059]
[0.072, 0.043, 0.056]
[0.071, 0.043, 0.053]
[0.07, 0.042, 0.05]
[0.07, 0.042, 0.047]
[0.071, 0.042, 0.045]
[0.071, 0.041, 0.043]
[0.074, 0.041, 0.041]
[0.074, 0.041, 0.038]
[0.068, 0.041, 0.036]
[0.065, 0.041, 0.034]
[0.061, 0.041, 0.03]
[0.061, 0.041, 0.03]
[0.066, 0.041, 0.027]
[0.069, 0.041, 0.024]
[0.072, 0.041, 0.021]
[0.072, 0.041, 0.018]
[0.069, 0.041, 0.015]
[0.065, 0.041, 0.012]
[0.062, 0.041, 0.008]
[0.06, 0.041, 0.004]
[0.058, 0.041, 0.0]
[0.057, 0.041, -0.004]
[0.056, 0.04, -0.009]
[0.055, 0.039, -0.013]
[0.053, 0.039, -0.017]
[0.053, 0.039, -0.02]
[0.052, 0.038, -0.023]
[0.052, 0.038, -0.026]
[0.052, 0.037, -0.028]
[0.053, 0.037, -0.03]
[0.053, 0.037, -0.032]
[0.054, 0.036, -0.034]
[0.054, 0.036, -0.036]
[0.055, 0.036, -0.039]
[0.055, 0.036, -0.041]
[0.055, 0.036, -0.043]
[0.054, 0.036, -0.045]
[0.053, 0.036, -0.047]
[0.052, 0.036, -0.049]
[0.052, 0.036, -0.05]
[0.052, 0.035, -0.051]
[0.051, 0.035, -0.053]
[0.052, 0.035, -0.054]
[0.052, 0.034, -0.056]
[0.052, 0.034, -0.057]
[0.054, 0.034, -0.059]
[0.057, 0.034, -0.06]
[0.062, 0.033, -0.062]
[0.066, 0.032, -0.064]
[0.066, 0.031, -0.065]
[0.065, 0.029, -0.068]
[0.068, 0.029, -0.072]
[0.072, 0.029, -0.077]
[0.074, 0.028, -0.084]
[0.076, 0.028, -0.091]
[0.076, 0.028, -0.098]
[0.075, 0.028, -0.105]
[0.073, 0.028, -0.111]
[0.069, 0.026, -0.123]
[0.069, 0.026, -0.123]
[0.067, 0.025, -0.129]
[0.067, 0.024, -0.133]
[0.067, 0.022, -0.137]
[0.067, 0.02, -0.141]
[0.067, 0.019, -0.144]
[0.065, 0.018, -0.147]
[0.063, 0.017, -0.15]
[0.062, 0.016, -0.152]
[0.062, 0.015, -0.155]
[0.064, 0.013, -0.158]
[0.067, 0.012, -0.162]
[0.068, 0.011, -0.166]
[0.07, 0.01, -0.17]
[0.069, 0.008, -0.173]
[0.065, 0.007, -0.179]
[0.065, 0.007, -0.179]
[0.063, 0.006, -0.182]
[0.063, 0.006, -0.186]
[0.062, 0.005, -0.19]
[0.062, 0.004, -0.193]
[0.063, 0.004, -0.196]
[0.064, 0.003, -0.198]
[0.07, 0.001, -0.197]
[0.07, 0.001, -0.197]
[0.07, 0.0, -0.197]
[0.069, -0.001, -0.198]
[0.069, -0.003, -0.2]
[0.069, -0.004, -0.202]
[0.07, -0.006, -0.204]
[0.07, -0.01, -0.207]
[0.07, -0.01, -0.207]
[0.069, -0.011, -0.209]
[0.068, -0.013, -0.211]
[0.068, -0.014, -0.212]
[0.071, -0.016, -0.214]
[0.074, -0.017, -0.215]
[0.079, -0.019, -0.216]
[0.084, -0.021, -0.217]
[0.089, -0.023, -0.218]
[0.094, -0.024, -0.219]
[0.097, -0.025, -0.219]
[0.1, -0.026, -0.219]
[0.106, -0.029, -0.22]
[0.106, -0.029, -0.22]
[0.107, -0.03, -0.221]
[0.108, -0.03, -0.221]
[0.109, -0.031, -0.221]
[0.11, -0.032, -0.22]
[0.113, -0.032, -0.22]
[0.116, -0.032, -0.22]
[0.119, -0.033, -0.219]
[0.12, -0.033, -0.219]
[0.123, -0.032, -0.217]
[0.126, -0.031, -0.218]
[0.127, -0.03, -0.218]
[0.127, -0.029, -0.218]
[0.125, -0.03, -0.219]
[0.125, -0.03, -0.217]
[0.129, -0.03, -0.214]
[0.135, -0.03, -0.209]
[0.139, -0.03, -0.203]
[0.142, -0.031, -0.197]
[0.144, -0.031, -0.189]
[0.147, -0.032, -0.182]
[0.149, -0.032, -0.174]
[0.15, -0.031, -0.167]
[0.151, -0.031, -0.161]
[0.152, -0.031, -0.155]
[0.158, -0.029, -0.141]
[0.158, -0.029, -0.141]
[0.163, -0.028, -0.135]
[0.167, -0.027, -0.129]
[0.169, -0.025, -0.123]
[0.171, -0.023, -0.118]
[0.172, -0.021, -0.114]
[0.173, -0.019, -0.11]
[0.177, -0.017, -0.105]
[0.181, -0.015, -0.099]
[0.184, -0.013, -0.094]
[0.186, -0.012, -0.089]
[0.188, -0.01, -0.084]
[0.188, -0.008, -0.079]
[0.188, -0.006, -0.074]
[0.188, -0.005, -0.069]
[0.188, -0.003, -0.065]
[0.188, -0.002, -0.062]
[0.189, -0.001, -0.059]
[0.19, 0.001, -0.054]
[0.19, 0.001, -0.054]
[0.192, 0.002, -0.052]
[0.192, 0.003, -0.05]
[0.193, 0.004, -0.048]
[0.193, 0.005, -0.046]
[0.192, 0.006, -0.044]
[0.191, 0.008, -0.042]
[0.19, 0.009, -0.04]
[0.188, 0.01, -0.039]
[0.188, 0.012, -0.037]
[0.189, 0.013, -0.035]
[0.189, 0.014, -0.032]
[0.189, 0.015, -0.03]
[0.187, 0.016, -0.027]
[0.185, 0.017, -0.025]
[0.183, 0.018, -0.023]
[0.18, 0.021, -0.021]
[0.18, 0.021, -0.021]
[0.177, 0.022, -0.019]
[0.173, 0.023, -0.018]
[0.166, 0.024, -0.017]
[0.166, 0.024, -0.017]
[0.163, 0.025, -0.018]
[0.161, 0.026, -0.018]
[0.158, 0.027, -0.018]
[0.155, 0.028, -0.018]
[0.152, 0.029, -0.019]
[0.149, 0.029, -0.019]
[0.142, 0.027, -0.02]
[0.142, 0.027, -0.02]
[0.14, 0.027, -0.021]
[0.137, 0.026, -0.022]
[0.135, 0.026, -0.024]
[0.135, 0.026, -0.024]
[0.134, 0.026, -0.025]
[0.133, 0.025, -0.027]
[0.131, 0.025, -0.028]
[0.131, 0.025, -0.028]
[0.13, 0.026, -0.028]
[0.128, 0.026, -0.026]
[0.125, 0.027, -0.025]
[0.122, 0.027, -0.024]
[0.119, 0.027, -0.024]
[0.118, 0.026, -0.023]
[0.116, 0.025, -0.023]
[0.114, 0.025, -0.021]
[0.114, 0.025, -0.021]
[0.112, 0.026, -0.019]
[0.102, 0.025, -0.015]
[0.084, 0.024, -0.007]
[0.084, 0.024, -0.007]
[0.082, 0.025, -0.007]
[0.086, 0.026, -0.007]
[0.089, 0.027, -0.008]
[0.091, 0.028, -0.008]
[0.087, 0.028, -0.008]
[0.081, 0.028, -0.007]
[0.075, 0.028, -0.007]
[0.07, 0.028, -0.007]
[0.066, 0.029, -0.007]
[0.063, 0.029, -0.008]
[0.06, 0.029, -0.008]
[0.058, 0.029, -0.009]
[0.056, 0.029, -0.01]
[0.054, 0.03, -0.011]
[0.052, 0.03, -0.012]
[0.049, 0.03, -0.013]
[0.047, 0.029, -0.013]
[0.045, 0.028, -0.014]
[0.044, 0.028, -0.015]
[0.042, 0.027, -0.016]
[0.041, 0.027, -0.017]
[0.041, 0.027, -0.019]
[0.04, 0.026, -0.022]
[0.04, 0.026, -0.025]
[0.039, 0.025, -0.028]
[0.039, 0.024, -0.031]
[0.038, 0.024, -0.035]
[0.038, 0.024, -0.039]
[0.038, 0.024, -0.042]
[0.037, 0.023, -0.046]
[0.037, 0.023, -0.05]
[0.037, 0.023, -0.055]
[0.036, 0.023, -0.06]
[0.036, 0.023, -0.065]
[0.036, 0.023, -0.07]
[0.035, 0.023, -0.074]
[0.036, 0.023, -0.079]
[0.037, 0.022, -0.083]
[0.038, 0.022, -0.087]
[0.04, 0.022, -0.091]
[0.042, 0.021, -0.094]
[0.043, 0.021, -0.097]
[0.043, 0.02, -0.1]
[0.044, 0.019, -0.103]
[0.044, 0.018, -0.105]
[0.045, 0.016, -0.109]
[0.045, 0.016, -0.109]
[0.045, 0.016, -0.111]
[0.044, 0.015, -0.114]
[0.043, 0.014, -0.119]
[0.043, 0.014, -0.119]
[0.042, 0.013, -0.121]
[0.042, 0.012, -0.123]
[0.041, 0.011, -0.127]
[0.041, 0.011, -0.127]
[0.041, 0.011, -0.128]
[0.04, 0.011, -0.129]
[0.038, 0.011, -0.13]
[0.036, 0.012, -0.131]
[0.035, 0.011, -0.132]
[0.033, 0.011, -0.132]
[0.033, 0.011, -0.132]
[0.033, 0.01, -0.132]
[0.034, 0.009, -0.131]
[0.034, 0.008, -0.13]
[0.034, 0.007, -0.13]
[0.033, 0.007, -0.13]
[0.033, 0.007, -0.13]
[0.033, 0.007, -0.13]
[0.034, 0.007, -0.13]
[0.035, 0.007, -0.131]
[0.036, 0.007, -0.131]
[0.036, 0.007, -0.131]
[0.037, 0.007, -0.131]
[0.037, 0.007, -0.13]
[0.037, 0.007, -0.13]
[0.037, 0.007, -0.129]
[0.036, 0.007, -0.129]
[0.036, 0.006, -0.129]
[0.036, 0.006, -0.129]
[0.037, 0.006, -0.129]
[0.037, 0.006, -0.13]
[0.037, 0.006, -0.13]
[0.037, 0.006, -0.131]
[0.038, 0.005, -0.132]
[0.038, 0.005, -0.133]
[0.038, 0.004, -0.135]
[0.038, 0.004, -0.136]
[0.037, 0.003, -0.138]
[0.036, 0.002, -0.139]
[0.036, 0.002, -0.14]
[0.036, 0.002, -0.143]
[0.038, 0.001, -0.146]
[0.038, -0.0, -0.152]
[0.037, -0.001, -0.161]
[0.037, -0.003, -0.17]
[0.034, -0.005, -0.179]
[0.034, -0.006, -0.187]
[0.034, -0.006, -0.194]
[0.032, -0.006, -0.199]
[0.033, -0.006, -0.204]
[0.034, -0.006, -0.21]
[0.036, -0.007, -0.218]
[0.039, -0.008, -0.225]
[0.04, -0.008, -0.231]
[0.042, -0.008, -0.235]
[0.041, -0.008, -0.239]
[0.041, -0.008, -0.241]
[0.041, -0.009, -0.244]
[0.041, -0.01, -0.245]
[0.041, -0.011, -0.247]
[0.041, -0.011, -0.247]
[0.041, -0.012, -0.247]
[0.04, -0.012, -0.248]
[0.038, -0.012, -0.248]
[0.036, -0.012, -0.248]
[0.035, -0.011, -0.248]
[0.035, -0.011, -0.247]
[0.036, -0.011, -0.246]
[0.036, -0.011, -0.246]
[0.037, -0.011, -0.246]
[0.036, -0.011, -0.246]
[0.036, -0.011, -0.245]
[0.036, -0.011, -0.245]
[0.037, -0.011, -0.245]
[0.038, -0.011, -0.245]
[0.038, -0.011, -0.245]
[0.038, -0.01, -0.244]
[0.037, -0.01, -0.243]
[0.036, -0.009, -0.242]
[0.035, -0.008, -0.241]
[0.033, -0.008, -0.239]
[0.031, -0.007, -0.237]
[0.03, -0.006, -0.235]
[0.03, -0.006, -0.233]
[0.03, -0.005, -0.23]
[0.03, -0.005, -0.226]
[0.029, -0.004, -0.222]
[0.027, -0.003, -0.218]
[0.024, -0.002, -0.214]
[0.022, -0.002, -0.21]
[0.019, -0.001, -0.206]
[0.018, 0.0, -0.202]
[0.017, 0.0, -0.197]
[0.02, 0.001, -0.191]
[0.026, -0.0, -0.183]
[0.033, -0.001, -0.176]
[0.037, 0.0, -0.168]
[0.037, 0.002, -0.161]
[0.037, 0.003, -0.152]
[0.038, 0.005, -0.145]
[0.038, 0.006, -0.137]
[0.04, 0.007, -0.129]
[0.04, 0.008, -0.12]
[0.041, 0.008, -0.113]
[0.042, 0.009, -0.106]
[0.044, 0.009, -0.099]
[0.046, 0.01, -0.094]
[0.048, 0.011, -0.088]
[0.05, 0.011, -0.083]
[0.051, 0.012, -0.079]
[0.051, 0.013, -0.076]
[0.051, 0.014, -0.072]
[0.05, 0.015, -0.069]
[0.05, 0.016, -0.066]
[0.05, 0.017, -0.063]
[0.05, 0.018, -0.06]
[0.05, 0.019, -0.058]
[0.05, 0.02, -0.055]
[0.051, 0.02, -0.053]
[0.052, 0.02, -0.05]
[0.053, 0.021, -0.048]
[0.053, 0.021, -0.045]
[0.054, 0.022, -0.043]
[0.054, 0.022, -0.041]
[0.054, 0.022, -0.04]
[0.052, 0.022, -0.039]
[0.052, 0.022, -0.038]
[0.052, 0.023, -0.037]
[0.053, 0.023, -0.036]
[0.055, 0.024, -0.035]
[0.056, 0.024, -0.034]
[0.055, 0.025, -0.034]
[0.055, 0.025, -0.034]
[0.055, 0.025, -0.033]
[0.055, 0.025, -0.033]
[0.055, 0.025, -0.032]
[0.054, 0.025, -0.032]
[0.054, 0.025, -0.031]
[0.053, 0.025, -0.031]
[0.053, 0.025, -0.03]
[0.052, 0.025, -0.029]
[0.052, 0.026, -0.027]
[0.052, 0.026, -0.026]
[0.053, 0.026, -0.024]
[0.053, 0.027, -0.022]
[0.053, 0.027, -0.021]
[0.053, 0.027, -0.019]
[0.052, 0.028, -0.017]
[0.051, 0.028, -0.016]
[0.051, 0.028, -0.014]
[0.051, 0.029, -0.012]
[0.051, 0.029, -0.01]
[0.049, 0.029, -0.008]
[0.044, 0.03, -0.006]
[0.039, 0.032, -0.003]
[0.035, 0.033, -0.001]
[0.033, 0.034, 0.0]
[0.036, 0.034, 0.001]
[0.047, 0.033, 0.005]
[0.047, 0.033, 0.005]
[0.051, 0.033, 0.008]
[0.052, 0.033, 0.01]
[0.052, 0.033, 0.011]
[0.051, 0.034, 0.013]
[0.051, 0.034, 0.014]
[0.05, 0.034, 0.017]
[0.05, 0.034, 0.019]
[0.051, 0.034, 0.022]
[0.052, 0.034, 0.024]
[0.052, 0.034, 0.026]
[0.053, 0.034, 0.029]
[0.053, 0.034, 0.031]
[0.053, 0.034, 0.034]
[0.053, 0.033, 0.037]
[0.052, 0.033, 0.04]
[0.051, 0.033, 0.045]
[0.048, 0.033, 0.049]
[0.045, 0.033, 0.053]
[0.044, 0.033, 0.057]
[0.043, 0.033, 0.06]
[0.044, 0.033, 0.064]
[0.045, 0.033, 0.067]
[0.046, 0.032, 0.07]
[0.048, 0.032, 0.073]
[0.048, 0.032, 0.075]
[0.049, 0.032, 0.076]
[0.049, 0.032, 0.078]
[0.05, 0.032, 0.079]
[0.051, 0.032, 0.08]
[0.051, 0.032, 0.08]
[0.051, 0.032, 0.08]
[0.05, 0.032, 0.08]
[0.049, 0.032, 0.08]
[0.049, 0.032, 0.08]
[0.049, 0.032, 0.079]
[0.049, 0.032, 0.079]
[0.05, 0.032, 0.078]
[0.05, 0.032, 0.078]
[0.05, 0.031, 0.078]
[0.051, 0.031, 0.078]
[0.051, 0.031, 0.078]
[0.05, 0.031, 0.077]
[0.05, 0.031, 0.077]
[0.05, 0.031, 0.076]
[0.05, 0.031, 0.076]
[0.05, 0.03, 0.075]
[0.051, 0.03, 0.075]
[0.051, 0.03, 0.073]
[0.053, 0.03, 0.071]
[0.054, 0.029, 0.069]
[0.056, 0.029, 0.067]
[0.057, 0.028, 0.066]
[0.057, 0.028, 0.065]
[0.058, 0.027, 0.066]
[0.056, 0.027, 0.066]
[0.056, 0.026, 0.066]
[0.054, 0.026, 0.067]
[0.053, 0.026, 0.068]
[0.052, 0.026, 0.069]
[0.05, 0.026, 0.071]
[0.049, 0.026, 0.071]
[0.047, 0.026, 0.071]
[0.046, 0.026, 0.071]
[0.045, 0.026, 0.07]
[0.044, 0.026, 0.07]
[0.042, 0.025, 0.069]
[0.041, 0.025, 0.068]
[0.041, 0.025, 0.066]
[0.042, 0.024, 0.064]
[0.043, 0.024, 0.063]
[0.043, 0.024, 0.062]
[0.044, 0.024, 0.061]
[0.043, 0.023, 0.059]
[0.043, 0.023, 0.058]
[0.042, 0.022, 0.056]
[0.042, 0.022, 0.055]
[0.043, 0.021, 0.053]
[0.043, 0.021, 0.051]
[0.042, 0.019, 0.047]
[0.042, 0.019, 0.047]
[0.042, 0.019, 0.045]
[0.042, 0.018, 0.043]
[0.045, 0.018, 0.039]
[0.045, 0.018, 0.039]
[0.047, 0.017, 0.036]
[0.048, 0.017, 0.034]
[0.046, 0.016, 0.028]
[0.046, 0.016, 0.028]
[0.045, 0.016, 0.025]
[0.045, 0.015, 0.022]
[0.05, 0.013, 0.014]
[0.05, 0.013, 0.014]
[0.052, 0.012, 0.008]
[0.047, 0.01, 0.002]
[0.038, 0.008, -0.001]
[0.03, 0.007, -0.002]
[0.025, 0.006, -0.004]
[0.024, 0.005, -0.009]
[0.029, 0.004, -0.015]
[0.035, 0.003, -0.02]
[0.046, 0.002, -0.027]
[0.046, 0.002, -0.027]
[0.049, 0.002, -0.03]
[0.05, 0.002, -0.033]
[0.051, 0.002, -0.036]
[0.052, 0.001, -0.039]
[0.052, 0.001, -0.043]
[0.052, 0.001, -0.047]
[0.053, 0.001, -0.051]
[0.051, 0.001, -0.055]
[0.048, 0.0, -0.06]
[0.043, -0.0, -0.064]
[0.039, -0.0, -0.068]
[0.038, -0.001, -0.073]
[0.037, -0.002, -0.078]
[0.035, -0.003, -0.082]
[0.034, -0.003, -0.086]
[0.033, -0.003, -0.09]
[0.031, -0.004, -0.096]
[0.031, -0.004, -0.096]
[0.031, -0.005, -0.098]
[0.03, -0.006, -0.1]
[0.03, -0.006, -0.101]
[0.03, -0.006, -0.103]
[0.03, -0.006, -0.105]
[0.029, -0.006, -0.108]
[0.027, -0.006, -0.11]
[0.026, -0.006, -0.113]
[0.025, -0.006, -0.116]
[0.025, -0.007, -0.119]
[0.025, -0.007, -0.122]
[0.025, -0.007, -0.126]
[0.027, -0.008, -0.13]
[0.028, -0.009, -0.135]
[0.029, -0.01, -0.141]
[0.028, -0.011, -0.145]
[0.026, -0.011, -0.149]
[0.024, -0.012, -0.154]
[0.023, -0.012, -0.158]
[0.022, -0.012, -0.164]
[0.021, -0.012, -0.17]
[0.02, -0.011, -0.177]
[0.019, -0.011, -0.183]
[0.019, -0.011, -0.187]
[0.021, -0.012, -0.192]
[0.024, -0.012, -0.196]
[0.026, -0.012, -0.199]
[0.028, -0.012, -0.204]
[0.028, -0.012, -0.207]
[0.028, -0.012, -0.211]
[0.028, -0.012, -0.214]
[0.029, -0.012, -0.217]
[0.03, -0.012, -0.22]
[0.029, -0.012, -0.222]
[0.027, -0.012, -0.224]
[0.024, -0.012, -0.225]
[0.023, -0.012, -0.226]
[0.023, -0.012, -0.226]
[0.023, -0.012, -0.226]
[0.023, -0.012, -0.226]
[0.022, -0.011, -0.226]
[0.022, -0.011, -0.226]
[0.022, -0.011, -0.226]
[0.023, -0.01, -0.226]
[0.024, -0.01, -0.226]
[0.024, -0.01, -0.225]
[0.023, -0.01, -0.225]
[0.022, -0.01, -0.225]
[0.021, -0.01, -0.224]
[0.019, -0.009, -0.224]
[0.019, -0.009, -0.224]
[0.019, -0.009, -0.223]
[0.019, -0.008, -0.223]
[0.021, -0.008, -0.223]
[0.023, -0.008, -0.222]
[0.023, -0.008, -0.221]
[0.024, -0.008, -0.219]
[0.023, -0.007, -0.218]
[0.024, -0.007, -0.217]
[0.025, -0.007, -0.216]
[0.025, -0.007, -0.215]
[0.026, -0.006, -0.213]
[0.027, -0.006, -0.212]
[0.026, -0.006, -0.212]
[0.025, -0.006, -0.21]
[0.025, -0.006, -0.21]
[0.024, -0.005, -0.208]
[0.024, -0.005, -0.205]
[0.025, -0.004, -0.202]
[0.027, -0.004, -0.198]
[0.029, -0.004, -0.195]
[0.032, -0.003, -0.192]
[0.034, -0.003, -0.189]
[0.035, -0.002, -0.186]
[0.036, -0.002, -0.183]
[0.036, -0.002, -0.18]
[0.036, -0.001, -0.175]
[0.037, -0.001, -0.17]
[0.038, -0.001, -0.164]
[0.038, -0.001, -0.156]
[0.036, -0.001, -0.148]
[0.035, -0.001, -0.139]
[0.036, 0.001, -0.129]
[0.038, 0.002, -0.118]
[0.043, 0.003, -0.11]
[0.047, 0.005, -0.102]
[0.052, 0.006, -0.094]
[0.056, 0.007, -0.087]
[0.058, 0.007, -0.079]
[0.06, 0.008, -0.071]
[0.059, 0.008, -0.065]
[0.061, 0.009, -0.059]
[0.062, 0.009, -0.055]
[0.063, 0.011, -0.052]
[0.064, 0.012, -0.049]
[0.064, 0.013, -0.048]
[0.063, 0.014, -0.046]
[0.062, 0.015, -0.045]
[0.063, 0.016, -0.044]
[0.064, 0.016, -0.043]
[0.066, 0.017, -0.041]
[0.067, 0.017, -0.04]
[0.068, 0.018, -0.038]
[0.069, 0.018, -0.036]
[0.068, 0.02, -0.034]
[0.068, 0.02, -0.034]
[0.068, 0.02, -0.033]
[0.067, 0.021, -0.032]
[0.068, 0.022, -0.032]
[0.068, 0.022, -0.03]
[0.067, 0.023, -0.029]
[0.065, 0.023, -0.028]
[0.062, 0.024, -0.026]
[0.061, 0.025, -0.023]
[0.061, 0.026, -0.02]
[0.061, 0.027, -0.016]
[0.061, 0.027, -0.013]
[0.061, 0.028, -0.009]
[0.062, 0.028, -0.005]
[0.063, 0.029, -0.002]
[0.064, 0.029, 0.001]
[0.063, 0.03, 0.004]
[0.062, 0.03, 0.005]
[0.06, 0.031, 0.006]
[0.059, 0.031, 0.008]
[0.059, 0.032, 0.009]
[0.059, 0.032, 0.011]
[0.059, 0.032, 0.012]
[0.059, 0.032, 0.012]
[0.06, 0.032, 0.012]
[0.061, 0.032, 0.012]
[0.063, 0.032, 0.012]
[0.064, 0.032, 0.012]
[0.065, 0.032, 0.012]
[0.067, 0.031, 0.013]
[0.068, 0.031, 0.014]
[0.069, 0.031, 0.015]
[0.068, 0.03, 0.016]
[0.067, 0.03, 0.017]
[0.066, 0.03, 0.019]
[0.065, 0.03, 0.021]
[0.065, 0.03, 0.023]
[0.069, 0.03, 0.027]
[0.069, 0.03, 0.031]
[0.068, 0.031, 0.035]
[0.066, 0.032, 0.038]
[0.065, 0.032, 0.041]
[0.067, 0.032, 0.043]
[0.073, 0.031, 0.045]
[0.077, 0.03, 0.047]
[0.079, 0.03, 0.049]
[0.08, 0.03, 0.052]
[0.078, 0.03, 0.056]
[0.077, 0.03, 0.059]
[0.076, 0.03, 0.063]
[0.075, 0.03, 0.072]
[0.075, 0.03, 0.072]
[0.075, 0.03, 0.077]
[0.075, 0.029, 0.081]
[0.075, 0.029, 0.086]
[0.074, 0.029, 0.09]
[0.074, 0.029, 0.093]
[0.074, 0.029, 0.096]
[0.075, 0.029, 0.1]
[0.075, 0.029, 0.103]
[0.074, 0.029, 0.106]
[0.071, 0.029, 0.109]
[0.069, 0.029, 0.112]
[0.066, 0.028, 0.115]
[0.064, 0.028, 0.117]
[0.063, 0.027, 0.12]
[0.061, 0.027, 0.123]
[0.061, 0.027, 0.123]
[0.061, 0.028, 0.124]
[0.061, 0.028, 0.125]
[0.062, 0.028, 0.126]
[0.062, 0.028, 0.126]
[0.062, 0.027, 0.126]
[0.061, 0.027, 0.126]
[0.061, 0.027, 0.126]
[0.061, 0.027, 0.126]
[0.061, 0.027, 0.126]
[0.061, 0.027, 0.126]
[0.06, 0.026, 0.126]
[0.06, 0.026, 0.126]
[0.059, 0.026, 0.127]
[0.059, 0.025, 0.127]
[0.059, 0.025, 0.128]
[0.059, 0.024, 0.129]
[0.059, 0.023, 0.13]
[0.058, 0.023, 0.131]
[0.058, 0.023, 0.132]
[0.056, 0.023, 0.134]
[0.056, 0.023, 0.134]
[0.056, 0.023, 0.134]
[0.057, 0.023, 0.133]
[0.057, 0.023, 0.132]
[0.058, 0.023, 0.131]
[0.058, 0.023, 0.13]
[0.057, 0.022, 0.131]
[0.057, 0.022, 0.131]
[0.057, 0.022, 0.132]
[0.057, 0.022, 0.132]
[0.056, 0.022, 0.132]
[0.056, 0.022, 0.132]
[0.056, 0.022, 0.131]
[0.055, 0.022, 0.131]
[0.055, 0.022, 0.13]
[0.055, 0.022, 0.129]
[0.054, 0.021, 0.128]
[0.055, 0.021, 0.128]
[0.056, 0.021, 0.127]
[0.058, 0.021, 0.126]
[0.061, 0.02, 0.126]
[0.063, 0.02, 0.125]
[0.064, 0.02, 0.124]
[0.063, 0.019, 0.123]
[0.062, 0.019, 0.122]
[0.061, 0.019, 0.121]
[0.062, 0.018, 0.12]
[0.064, 0.018, 0.116]
[0.064, 0.018, 0.116]
[0.065, 0.017, 0.114]
[0.065, 0.017, 0.113]
[0.068, 0.015, 0.112]
[0.068, 0.015, 0.112]
[0.069, 0.014, 0.112]
[0.069, 0.012, 0.112]
[0.068, 0.011, 0.111]
[0.067, 0.01, 0.111]
[0.066, 0.01, 0.11]
[0.065, 0.009, 0.11]
[0.066, 0.008, 0.11]
[0.066, 0.007, 0.11]
[0.066, 0.006, 0.11]
[0.066, 0.006, 0.111]
[0.066, 0.005, 0.113]
[0.067, 0.005, 0.114]
[0.068, 0.005, 0.114]
[0.068, 0.005, 0.115]
[0.068, 0.004, 0.114]
[0.068, 0.004, 0.114]
[0.068, 0.003, 0.115]
[0.067, 0.002, 0.115]
[0.067, 0.002, 0.115]
[0.065, 0.002, 0.114]
[0.064, 0.001, 0.114]
[0.063, 0.001, 0.114]
[0.063, 0.001, 0.115]
[0.063, 0.001, 0.116]
[0.063, 0.0, 0.116]
[0.063, 0.0, 0.117]
[0.064, -0.0, 0.118]
[0.065, -0.0, 0.117]
[0.066, -0.001, 0.117]
[0.066, -0.001, 0.117]
[0.066, -0.001, 0.116]
[0.066, -0.001, 0.116]
[0.066, -0.001, 0.115]
[0.066, -0.002, 0.115]
[0.065, -0.002, 0.114]
[0.065, -0.002, 0.114]
[0.065, -0.002, 0.114]
[0.064, -0.002, 0.115]
[0.064, -0.002, 0.115]
[0.064, -0.002, 0.115]
[0.065, -0.003, 0.115]
[0.068, -0.003, 0.115]
[0.068, -0.003, 0.115]
[0.073, -0.003, 0.114]
[0.079, -0.003, 0.114]
[0.093, -0.003, 0.114]
[0.093, -0.003, 0.114]
[0.098, -0.003, 0.115]
[0.105, -0.004, 0.115]
[0.116, -0.006, 0.116]
[0.116, -0.006, 0.116]
[0.122, -0.007, 0.116]
[0.129, -0.008, 0.115]
[0.135, -0.009, 0.115]
[0.141, -0.01, 0.115]
[0.147, -0.011, 0.115]
[0.152, -0.012, 0.116]
[0.16, -0.013, 0.118]
[0.16, -0.013, 0.118]
[0.163, -0.014, 0.118]
[0.167, -0.014, 0.118]
[0.17, -0.015, 0.117]
[0.174, -0.015, 0.116]
[0.177, -0.016, 0.115]
[0.179, -0.017, 0.114]
[0.181, -0.017, 0.113]
[0.182, -0.017, 0.114]
[0.184, -0.017, 0.114]
[0.185, -0.017, 0.114]
[0.187, -0.017, 0.114]
[0.188, -0.017, 0.114]
[0.189, -0.017, 0.113]
[0.19, -0.017, 0.113]
[0.19, -0.016, 0.112]
[0.19, -0.016, 0.111]
[0.189, -0.015, 0.11]
[0.189, -0.015, 0.107]
[0.191, -0.015, 0.104]
[0.192, -0.014, 0.096]
[0.192, -0.014, 0.096]
[0.192, -0.014, 0.092]
[0.19, -0.014, 0.087]
[0.19, -0.016, 0.083]
[0.194, -0.017, 0.075]
[0.194, -0.017, 0.075]
[0.198, -0.017, 0.07]
[0.195, -0.018, 0.06]
[0.195, -0.018, 0.06]
[0.193, -0.018, 0.054]
[0.189, -0.019, 0.047]
[0.185, -0.02, 0.035]
[0.185, -0.02, 0.035]
[0.183, -0.02, 0.029]
[0.18, -0.021, 0.024]
[0.178, -0.021, 0.019]
[0.176, -0.022, 0.014]
[0.174, -0.022, 0.01]
[0.171, -0.023, 0.006]
[0.17, -0.024, 0.001]
[0.171, -0.025, -0.002]
[0.173, -0.026, -0.006]
[0.173, -0.027, -0.007]
[0.173, -0.027, -0.008]
[0.172, -0.028, -0.01]
[0.171, -0.029, -0.013]
[0.171, -0.029, -0.018]
[0.17, -0.03, -0.023]
[0.166, -0.03, -0.028]
[0.162, -0.031, -0.032]
[0.159, -0.032, -0.035]
[0.156, -0.033, -0.038]
[0.154, -0.034, -0.041]
[0.15, -0.035, -0.043]
[0.147, -0.036, -0.046]
[0.143, -0.037, -0.048]
[0.139, -0.039, -0.051]
[0.135, -0.041, -0.053]
[0.131, -0.042, -0.055]
[0.128, -0.043, -0.056]
[0.126, -0.045, -0.058]
[0.123, -0.045, -0.06]
[0.119, -0.046, -0.061]
[0.113, -0.048, -0.066]
[0.113, -0.048, -0.066]
[0.111, -0.048, -0.068]
[0.109, -0.049, -0.071]
[0.109, -0.049, -0.073]
[0.108, -0.049, -0.077]
[0.109, -0.05, -0.08]
[0.109, -0.051, -0.083]
[0.108, -0.052, -0.086]
[0.105, -0.052, -0.089]
[0.102, -0.053, -0.092]
[0.098, -0.055, -0.099]
[0.098, -0.055, -0.099]
[0.096, -0.056, -0.103]
[0.096, -0.056, -0.107]
[0.095, -0.057, -0.111]
[0.094, -0.057, -0.115]
[0.093, -0.059, -0.119]
[0.09, -0.059, -0.123]
[0.087, -0.06, -0.127]
[0.084, -0.06, -0.131]
[0.08, -0.06, -0.136]
[0.077, -0.06, -0.139]
[0.075, -0.06, -0.145]
[0.075, -0.06, -0.145]
[0.075, -0.06, -0.147]
[0.074, -0.06, -0.148]
[0.072, -0.06, -0.15]
[0.069, -0.06, -0.151]
[0.069, -0.06, -0.152]
[0.069, -0.06, -0.154]
[0.07, -0.059, -0.156]
[0.07, -0.059, -0.156]
[0.069, -0.059, -0.157]
[0.067, -0.059, -0.157]
[0.065, -0.059, -0.158]
[0.064, -0.059, -0.159]
[0.064, -0.059, -0.159]
[0.065, -0.059, -0.16]
[0.066, -0.059, -0.159]
[0.066, -0.06, -0.159]
[0.066, -0.06, -0.159]
[0.064, -0.06, -0.159]
[0.062, -0.06, -0.159]
[0.06, -0.059, -0.159]
[0.059, -0.059, -0.159]
[0.057, -0.059, -0.16]
[0.056, -0.059, -0.16]
[0.055, -0.058, -0.16]
[0.054, -0.058, -0.16]
[0.053, -0.058, -0.16]
[0.052, -0.057, -0.16]
[0.052, -0.057, -0.159]
[0.053, -0.057, -0.159]
[0.055, -0.057, -0.159]
[0.056, -0.057, -0.158]
[0.057, -0.056, -0.158]
[0.057, -0.056, -0.158]
[0.056, -0.055, -0.157]
[0.055, -0.055, -0.156]
[0.053, -0.054, -0.155]
[0.049, -0.053, -0.154]
[0.047, -0.052, -0.155]
[0.043, -0.051, -0.155]
[0.039, -0.05, -0.155]
[0.033, -0.049, -0.155]
[0.027, -0.047, -0.155]
[0.023, -0.046, -0.153]
[0.022, -0.045, -0.15]
[0.022, -0.044, -0.147]
[0.024, -0.043, -0.142]
[0.025, -0.042, -0.137]
[0.025, -0.04, -0.132]
[0.026, -0.038, -0.128]
[0.027, -0.037, -0.123]
[0.029, -0.033, -0.115]
[0.029, -0.033, -0.115]
[0.029, -0.03, -0.111]
[0.027, -0.028, -0.107]
[0.025, -0.026, -0.102]
[0.024, -0.024, -0.099]
[0.022, -0.022, -0.095]
[0.021, -0.02, -0.091]
[0.023, -0.015, -0.085]
[0.023, -0.015, -0.085]
[0.025, -0.013, -0.082]
[0.028, -0.011, -0.079]
[0.033, -0.008, -0.072]
[0.033, -0.008, -0.072]
[0.034, -0.006, -0.069]
[0.035, -0.004, -0.066]
[0.034, -0.002, -0.064]
[0.035, -0.001, -0.061]
[0.035, 0.0, -0.058]
[0.036, 0.002, -0.056]
[0.037, 0.003, -0.054]
[0.037, 0.005, -0.052]
[0.036, 0.006, -0.051]
[0.036, 0.007, -0.05]
[0.036, 0.008, -0.049]
[0.037, 0.009, -0.047]
[0.037, 0.01, -0.045]
[0.037, 0.011, -0.044]
[0.037, 0.012, -0.042]
[0.038, 0.012, -0.041]
[0.038, 0.013, -0.039]
[0.038, 0.014, -0.038]
[0.038, 0.015, -0.036]
[0.038, 0.015, -0.034]
[0.038, 0.016, -0.031]
[0.037, 0.016, -0.03]
[0.036, 0.017, -0.028]
[0.034, 0.017, -0.027]
[0.034, 0.018, -0.026]
[0.034, 0.019, -0.024]
[0.034, 0.019, -0.022]
[0.033, 0.02, -0.02]
[0.033, 0.021, -0.018]
[0.031, 0.022, -0.016]
[0.027, 0.023, -0.014]
[0.027, 0.023, -0.014]
[0.026, 0.024, -0.013]
[0.026, 0.024, -0.012]
[0.029, 0.025, -0.013]
[0.029, 0.025, -0.013]
[0.031, 0.025, -0.013]
[0.032, 0.025, -0.013]
[0.033, 0.025, -0.013]
[0.033, 0.025, -0.013]
[0.034, 0.025, -0.013]
[0.035, 0.025, -0.013]
[0.038, 0.025, -0.014]
[0.038, 0.025, -0.014]
[0.04, 0.026, -0.015]
[0.041, 0.026, -0.016]
[0.042, 0.026, -0.016]
[0.043, 0.026, -0.017]
[0.043, 0.026, -0.017]
[0.044, 0.026, -0.017]
[0.044, 0.026, -0.017]
[0.044, 0.026, -0.017]
[0.045, 0.026, -0.017]
[0.044, 0.026, -0.017]
[0.043, 0.026, -0.017]
[0.042, 0.025, -0.017]
[0.041, 0.025, -0.017]
[0.04, 0.025, -0.017]
[0.04, 0.025, -0.017]
[0.039, 0.025, -0.017]
[0.039, 0.025, -0.017]
[0.039, 0.025, -0.017]
[0.038, 0.025, -0.017]
[0.038, 0.025, -0.017]
[0.037, 0.025, -0.017]
[0.036, 0.026, -0.016]
[0.034, 0.027, -0.014]
[0.034, 0.029, -0.013]
[0.037, 0.03, -0.009]
[0.037, 0.032, -0.007]
[0.038, 0.033, -0.005]
[0.04, 0.033, -0.002]
[0.042, 0.034, -0.0]
[0.045, 0.034, 0.001]
[0.049, 0.033, 0.003]
[0.051, 0.033, 0.005]
[0.051, 0.033, 0.008]
[0.053, 0.034, 0.01]
[0.054, 0.034, 0.012]
[0.055, 0.034, 0.013]
[0.055, 0.035, 0.014]
[0.054, 0.035, 0.015]
[0.053, 0.035, 0.016]
[0.052, 0.035, 0.016]
[0.051, 0.036, 0.016]
[0.05, 0.036, 0.016]
[0.05, 0.036, 0.015]
[0.05, 0.035, 0.015]
[0.05, 0.035, 0.015]
[0.051, 0.035, 0.015]
[0.052, 0.036, 0.016]
[0.054, 0.036, 0.016]
[0.056, 0.036, 0.017]
[0.056, 0.037, 0.017]
[0.055, 0.037, 0.017]
[0.054, 0.037, 0.017]
[0.053, 0.036, 0.017]
[0.054, 0.036, 0.018]
[0.055, 0.035, 0.018]
[0.055, 0.035, 0.017]
[0.053, 0.035, 0.017]
[0.052, 0.036, 0.016]
[0.051, 0.036, 0.015]
[0.052, 0.036, 0.015]
[0.052, 0.035, 0.015]
[0.051, 0.035, 0.015]
[0.052, 0.035, 0.016]
[0.052, 0.035, 0.016]
[0.052, 0.035, 0.015]
[0.052, 0.036, 0.015]
[0.051, 0.035, 0.015]
[0.05, 0.036, 0.014]
[0.05, 0.036, 0.015]
[0.05, 0.036, 0.015]
[0.05, 0.036, 0.015]
[0.05, 0.036, 0.016]
[0.049, 0.036, 0.016]
[0.049, 0.036, 0.016]
[0.051, 0.036, 0.018]
[0.051, 0.036, 0.018]
[0.051, 0.037, 0.018]
[0.048, 0.038, 0.018]
[0.039, 0.04, 0.018]
[0.039, 0.04, 0.018]
[0.038, 0.04, 0.02]
[0.04, 0.04, 0.021]
[0.044, 0.039, 0.022]
[0.048, 0.039, 0.024]
[0.051, 0.038, 0.026]
[0.051, 0.039, 0.029]
[0.05, 0.039, 0.032]
[0.048, 0.039, 0.035]
[0.046, 0.04, 0.038]
[0.045, 0.04, 0.041]
[0.044, 0.04, 0.044]
[0.044, 0.04, 0.047]
[0.044, 0.04, 0.051]
[0.045, 0.04, 0.055]
[0.046, 0.039, 0.058]
[0.047, 0.039, 0.062]
[0.048, 0.04, 0.065]
[0.049, 0.04, 0.067]
[0.054, 0.041, 0.072]
[0.054, 0.041, 0.072]
[0.06, 0.04, 0.073]
[0.064, 0.039, 0.075]
[0.065, 0.039, 0.077]
[0.064, 0.039, 0.079]
[0.063, 0.038, 0.081]
[0.061, 0.038, 0.082]
[0.066, 0.038, 0.083]
[0.066, 0.038, 0.083]
[0.068, 0.039, 0.084]
[0.069, 0.039, 0.085]
[0.067, 0.04, 0.086]
[0.067, 0.04, 0.086]
[0.067, 0.041, 0.086]
[0.067, 0.042, 0.086]
[0.067, 0.042, 0.085]
[0.067, 0.042, 0.085]
[0.067, 0.042, 0.084]
[0.066, 0.042, 0.082]
[0.067, 0.042, 0.08]
[0.069, 0.041, 0.079]
[0.073, 0.04, 0.079]
[0.077, 0.04, 0.079]
[0.087, 0.038, 0.079]
[0.087, 0.038, 0.079]
[0.091, 0.038, 0.077]
[0.095, 0.038, 0.074]
[0.095, 0.037, 0.068]
[0.095, 0.037, 0.068]
[0.094, 0.037, 0.065]
[0.092, 0.037, 0.063]
[0.09, 0.037, 0.061]
[0.088, 0.036, 0.06]
[0.086, 0.035, 0.057]
[0.085, 0.035, 0.055]
[0.083, 0.034, 0.053]
[0.082, 0.033, 0.05]
[0.08, 0.033, 0.045]
[0.08, 0.033, 0.045]
[0.079, 0.032, 0.044]
[0.074, 0.031, 0.042]
[0.067, 0.03, 0.039]
[0.062, 0.028, 0.035]
[0.059, 0.026, 0.029]
[0.061, 0.024, 0.022]
[0.063, 0.021, 0.006]
[0.063, 0.021, 0.006]
[0.063, 0.019, -0.001]
[0.062, 0.016, -0.008]
[0.062, 0.013, -0.014]
[0.063, 0.011, -0.021]
[0.063, 0.008, -0.027]
[0.063, 0.006, -0.034]
[0.062, 0.004, -0.04]
[0.06, 0.002, -0.046]
[0.058, -0.001, -0.052]
[0.055, -0.002, -0.058]
[0.054, -0.005, -0.064]
[0.052, -0.007, -0.069]
[0.048, -0.008, -0.075]
[0.044, -0.01, -0.081]
[0.039, -0.012, -0.086]
[0.035, -0.015, -0.092]
[0.032, -0.017, -0.098]
[0.029, -0.019, -0.104]
[0.027, -0.021, -0.109]
[0.025, -0.023, -0.113]
[0.023, -0.024, -0.116]
[0.02, -0.026, -0.12]
[0.018, -0.027, -0.123]
[0.017, -0.029, -0.126]
[0.016, -0.03, -0.129]
[0.014, -0.032, -0.133]
[0.012, -0.033, -0.136]
[0.01, -0.034, -0.141]
[0.009, -0.035, -0.144]
[0.007, -0.037, -0.149]
[0.005, -0.038, -0.153]
[0.003, -0.04, -0.158]
[0.006, -0.041, -0.163]
[0.008, -0.041, -0.168]
[0.006, -0.043, -0.174]
[0.002, -0.045, -0.181]
[-0.0, -0.046, -0.188]
[0.005, -0.047, -0.198]
[0.005, -0.047, -0.198]
[0.007, -0.046, -0.202]
[0.008, -0.046, -0.207]
[0.007, -0.048, -0.217]
[0.007, -0.048, -0.217]
[0.007, -0.049, -0.222]
[0.006, -0.05, -0.228]
[0.005, -0.051, -0.232]
[0.003, -0.051, -0.238]
[0.002, -0.051, -0.242]
[0.001, -0.052, -0.246]
[0.001, -0.052, -0.254]
[0.001, -0.052, -0.254]
[0.001, -0.053, -0.257]
[0.001, -0.053, -0.26]
[0.0, -0.053, -0.262]
[-0.001, -0.053, -0.263]
[-0.002, -0.054, -0.263]
[-0.002, -0.053, -0.262]
[-0.004, -0.053, -0.26]
[-0.004, -0.053, -0.26]
[-0.006, -0.053, -0.258]
[-0.009, -0.052, -0.255]
[-0.012, -0.052, -0.252]
[-0.012, -0.05, -0.248]
[-0.01, -0.048, -0.244]
[-0.008, -0.046, -0.241]
[-0.01, -0.045, -0.24]
[-0.019, -0.045, -0.239]
[-0.029, -0.045, -0.238]
[-0.031, -0.045, -0.233]
[-0.034, -0.041, -0.216]
[-0.034, -0.041, -0.216]
[-0.03, -0.04, -0.207]
[-0.024, -0.038, -0.196]
[-0.018, -0.036, -0.184]
[-0.015, -0.033, -0.172]
[-0.009, -0.032, -0.161]
[-0.004, -0.03, -0.149]
[0.001, -0.029, -0.139]
[0.007, -0.028, -0.13]
[0.013, -0.026, -0.122]
[0.019, -0.025, -0.116]
[0.025, -0.023, -0.11]
[0.03, -0.022, -0.105]
[0.034, -0.021, -0.1]
[0.038, -0.021, -0.096]
[0.039, -0.019, -0.092]
[0.039, -0.018, -0.089]
[0.038, -0.017, -0.085]
[0.037, -0.015, -0.082]
[0.038, -0.014, -0.078]
[0.04, -0.012, -0.074]
[0.043, -0.011, -0.069]
[0.044, -0.009, -0.064]
[0.045, -0.008, -0.06]
[0.046, -0.006, -0.056]
[0.046, -0.005, -0.052]
[0.047, -0.004, -0.049]
[0.045, -0.003, -0.046]
[0.043, -0.002, -0.043]
[0.04, -0.001, -0.041]
[0.038, 0.001, -0.038]
[0.039, 0.002, -0.035]
[0.04, 0.003, -0.031]
[0.04, 0.005, -0.027]
[0.04, 0.005, -0.024]
[0.04, 0.006, -0.021]
[0.039, 0.007, -0.018]
[0.038, 0.008, -0.016]
[0.037, 0.009, -0.013]
[0.037, 0.01, -0.011]
[0.037, 0.011, -0.009]
[0.038, 0.012, -0.007]
[0.039, 0.013, -0.006]
[0.039, 0.014, -0.004]
[0.039, 0.015, -0.003]
[0.039, 0.015, -0.002]
[0.038, 0.016, -0.001]
[0.038, 0.016, 0.0]
[0.038, 0.017, 0.001]
[0.038, 0.018, 0.002]
[0.038, 0.018, 0.002]
[0.037, 0.019, 0.003]
[0.037, 0.02, 0.004]
[0.037, 0.021, 0.005]
[0.038, 0.021, 0.006]
[0.039, 0.022, 0.007]
[0.039, 0.023, 0.008]
[0.04, 0.024, 0.009]
[0.04, 0.025, 0.009]
[0.039, 0.025, 0.01]
[0.038, 0.026, 0.011]
[0.037, 0.027, 0.013]
[0.036, 0.028, 0.016]
[0.036, 0.028, 0.016]
[0.035, 0.029, 0.018]
[0.036, 0.03, 0.02]
[0.036, 0.03, 0.022]
[0.037, 0.031, 0.023]
[0.037, 0.031, 0.025]
[0.037, 0.032, 0.027]
[0.036, 0.032, 0.028]
[0.036, 0.033, 0.03]
[0.035, 0.033, 0.031]
[0.034, 0.033, 0.031]
[0.033, 0.034, 0.031]
[0.032, 0.034, 0.031]
[0.031, 0.035, 0.032]
[0.031, 0.035, 0.032]
[0.032, 0.035, 0.032]
[0.032, 0.036, 0.033]
[0.031, 0.036, 0.032]
[0.03, 0.036, 0.031]
[0.028, 0.036, 0.031]
[0.026, 0.036, 0.031]
[0.024, 0.036, 0.032]
[0.023, 0.036, 0.033]
[0.023, 0.037, 0.034]
[0.024, 0.037, 0.034]
[0.024, 0.037, 0.034]
[0.025, 0.037, 0.035]
[0.025, 0.037, 0.035]
[0.025, 0.037, 0.035]
[0.025, 0.036, 0.036]
[0.025, 0.036, 0.037]
[0.026, 0.036, 0.037]
[0.027, 0.035, 0.038]
[0.026, 0.035, 0.039]
[0.023, 0.035, 0.041]
[0.02, 0.035, 0.044]
[0.017, 0.035, 0.047]
[0.015, 0.035, 0.052]
[0.013, 0.034, 0.058]
[0.013, 0.033, 0.063]
[0.014, 0.032, 0.07]
[0.016, 0.031, 0.077]
[0.018, 0.03, 0.083]
[0.019, 0.03, 0.089]
[0.02, 0.03, 0.094]
[0.02, 0.03, 0.097]
[0.02, 0.03, 0.099]
[0.021, 0.03, 0.101]
[0.022, 0.03, 0.101]
[0.024, 0.03, 0.101]
[0.025, 0.03, 0.1]
[0.025, 0.03, 0.099]
[0.024, 0.03, 0.098]
[0.023, 0.029, 0.097]
[0.022, 0.029, 0.095]
[0.022, 0.028, 0.094]
[0.022, 0.028, 0.094]
[0.025, 0.028, 0.093]
[0.033, 0.027, 0.091]
[0.04, 0.025, 0.091]
[0.043, 0.024, 0.09]
[0.044, 0.023, 0.088]
[0.042, 0.023, 0.088]
[0.041, 0.022, 0.087]
[0.044, 0.022, 0.084]
[0.048, 0.022, 0.081]
[0.05, 0.022, 0.078]
[0.05, 0.022, 0.076]
[0.049, 0.023, 0.073]
[0.045, 0.023, 0.07]
[0.043, 0.023, 0.067]
[0.041, 0.023, 0.064]
[0.039, 0.022, 0.061]
[0.037, 0.022, 0.059]
[0.036, 0.021, 0.057]
[0.035, 0.021, 0.054]
[0.034, 0.021, 0.052]
[0.034, 0.02, 0.05]
[0.034, 0.02, 0.047]
[0.035, 0.019, 0.045]
[0.036, 0.019, 0.043]
[0.039, 0.018, 0.04]
[0.04, 0.018, 0.038]
[0.041, 0.017, 0.036]
[0.041, 0.017, 0.034]
[0.04, 0.017, 0.031]
[0.04, 0.016, 0.029]
[0.04, 0.016, 0.028]
[0.041, 0.015, 0.026]
[0.042, 0.015, 0.024]
[0.041, 0.015, 0.022]
[0.039, 0.014, 0.019]
[0.037, 0.014, 0.015]
[0.035, 0.013, 0.012]
[0.033, 0.013, 0.008]
[0.033, 0.012, 0.005]
[0.033, 0.012, 0.002]
[0.032, 0.012, -0.002]
[0.03, 0.012, -0.006]
[0.029, 0.012, -0.01]
[0.028, 0.011, -0.013]
[0.027, 0.011, -0.016]
[0.026, 0.01, -0.018]
[0.027, 0.01, -0.024]
[0.027, 0.01, -0.024]
[0.028, 0.009, -0.026]
[0.028, 0.009, -0.028]
[0.03, 0.009, -0.03]
[0.03, 0.009, -0.032]
[0.031, 0.009, -0.035]
[0.031, 0.009, -0.037]
[0.031, 0.009, -0.04]
[0.03, 0.008, -0.043]
[0.029, 0.008, -0.046]
[0.028, 0.007, -0.049]
[0.027, 0.007, -0.051]
[0.026, 0.007, -0.054]
[0.025, 0.006, -0.058]
[0.025, 0.005, -0.062]
[0.026, 0.004, -0.067]
[0.028, 0.003, -0.072]
[0.03, 0.002, -0.076]
[0.031, 0.002, -0.081]
[0.03, 0.001, -0.086]
[0.031, 0.0, -0.091]
[0.031, -0.001, -0.097]
[0.03, -0.002, -0.103]
[0.029, -0.003, -0.109]
[0.029, -0.005, -0.116]
[0.019, -0.011, -0.138]
[0.019, -0.011, -0.138]
[0.013, -0.013, -0.147]
[0.01, -0.013, -0.154]
[0.01, -0.013, -0.162]
[0.013, -0.014, -0.17]
[0.018, -0.014, -0.177]
[0.02, -0.014, -0.185]
[0.019, -0.014, -0.192]
[0.018, -0.015, -0.199]
[0.018, -0.016, -0.204]
[0.018, -0.017, -0.209]
[0.019, -0.018, -0.215]
[0.018, -0.02, -0.22]
[0.016, -0.021, -0.226]
[0.014, -0.022, -0.231]
[0.011, -0.023, -0.237]
[0.009, -0.025, -0.242]
[0.006, -0.026, -0.248]
[0.003, -0.028, -0.253]
[-0.003, -0.029, -0.257]
[-0.01, -0.031, -0.26]
[-0.02, -0.033, -0.263]
[-0.025, -0.035, -0.267]
[-0.028, -0.036, -0.272]
[-0.028, -0.038, -0.277]
[-0.024, -0.039, -0.282]
[-0.02, -0.04, -0.286]
[-0.017, -0.041, -0.29]
[-0.016, -0.043, -0.295]
[-0.018, -0.044, -0.299]
[-0.022, -0.046, -0.303]
[-0.025, -0.046, -0.307]
[-0.031, -0.047, -0.311]
[-0.034, -0.048, -0.315]
[-0.038, -0.049, -0.319]
[-0.042, -0.051, -0.325]
[-0.042, -0.051, -0.325]
[-0.044, -0.052, -0.328]
[-0.044, -0.054, -0.33]
[-0.045, -0.055, -0.334]
[-0.047, -0.056, -0.336]
[-0.053, -0.056, -0.339]
[-0.056, -0.056, -0.341]
[-0.059, -0.057, -0.343]
[-0.059, -0.057, -0.344]
[-0.057, -0.057, -0.345]
[-0.055, -0.057, -0.346]
[-0.054, -0.057, -0.346]
[-0.055, -0.057, -0.347]
[-0.057, -0.057, -0.348]
[-0.058, -0.058, -0.348]
[-0.06, -0.058, -0.348]
[-0.059, -0.058, -0.349]
[-0.059, -0.059, -0.349]
[-0.06, -0.059, -0.35]
[-0.061, -0.059, -0.352]
[-0.063, -0.059, -0.353]
[-0.063, -0.059, -0.354]
[-0.063, -0.059, -0.354]
[-0.061, -0.059, -0.355]
[-0.06, -0.058, -0.354]
[-0.059, -0.058, -0.354]
[-0.058, -0.058, -0.354]
[-0.058, -0.058, -0.354]
[-0.057, -0.058, -0.354]
[-0.056, -0.058, -0.355]
[-0.056, -0.058, -0.356]
[-0.055, -0.058, -0.357]
[-0.055, -0.058, -0.359]
[-0.055, -0.057, -0.361]
[-0.056, -0.057, -0.362]
[-0.056, -0.058, -0.363]
[-0.056, -0.058, -0.364]
[-0.058, -0.057, -0.365]
[-0.058, -0.057, -0.364]
[-0.055, -0.056, -0.363]
[-0.052, -0.055, -0.362]
[-0.048, -0.055, -0.361]
[-0.044, -0.055, -0.359]
[-0.042, -0.055, -0.356]
[-0.039, -0.055, -0.353]
[-0.036, -0.055, -0.35]
[-0.034, -0.055, -0.346]
[-0.032, -0.055, -0.342]
[-0.028, -0.054, -0.337]
[-0.025, -0.053, -0.331]
[-0.023, -0.053, -0.325]
[-0.016, -0.052, -0.318]
[-0.008, -0.05, -0.311]
[-0.003, -0.049, -0.304]
[0.004, -0.047, -0.298]
[0.008, -0.046, -0.29]
[0.009, -0.044, -0.283]
[0.01, -0.043, -0.274]
[0.007, -0.041, -0.264]
[0.005, -0.039, -0.257]
[0.003, -0.037, -0.249]
[0.003, -0.035, -0.242]
[0.008, -0.033, -0.232]
[0.014, -0.032, -0.222]
[0.018, -0.031, -0.211]
[0.021, -0.03, -0.201]
[0.024, -0.029, -0.191]
[0.028, -0.028, -0.179]
[0.034, -0.028, -0.168]
[0.041, -0.027, -0.156]
[0.047, -0.025, -0.145]
[0.054, -0.024, -0.135]
[0.059, -0.022, -0.125]
[0.063, -0.019, -0.116]
[0.067, -0.016, -0.109]
[0.071, -0.014, -0.102]
[0.075, -0.013, -0.096]
[0.078, -0.013, -0.092]
[0.081, -0.013, -0.089]
[0.085, -0.012, -0.083]
[0.085, -0.012, -0.083]
[0.085, -0.011, -0.081]
[0.085, -0.01, -0.079]
[0.085, -0.009, -0.078]
[0.086, -0.008, -0.077]
[0.088, -0.008, -0.076]
[0.09, -0.007, -0.074]
[0.091, -0.007, -0.073]
[0.092, -0.006, -0.072]
[0.092, -0.005, -0.072]
[0.092, -0.004, -0.071]
[0.092, -0.003, -0.07]
[0.092, -0.002, -0.069]
[0.093, -0.001, -0.068]
[0.095, 0.0, -0.067]
[0.095, 0.001, -0.065]
[0.094, 0.001, -0.064]
[0.093, 0.002, -0.062]
[0.092, 0.002, -0.06]
[0.092, 0.002, -0.058]
[0.092, 0.003, -0.056]
[0.093, 0.003, -0.054]
[0.093, 0.004, -0.052]
[0.092, 0.004, -0.051]
[0.091, 0.005, -0.049]
[0.09, 0.005, -0.048]
[0.088, 0.006, -0.047]
[0.087, 0.006, -0.046]
[0.086, 0.007, -0.045]
[0.085, 0.007, -0.044]
[0.085, 0.008, -0.042]
[0.084, 0.008, -0.04]
[0.083, 0.008, -0.039]
[0.082, 0.008, -0.037]
[0.081, 0.008, -0.035]
[0.081, 0.008, -0.033]
[0.081, 0.008, -0.032]
[0.081, 0.008, -0.03]
[0.08, 0.009, -0.027]
[0.079, 0.01, -0.025]
[0.078, 0.01, -0.023]
[0.078, 0.011, -0.021]
[0.078, 0.011, -0.017]
[0.079, 0.01, -0.008]
[0.079, 0.01, -0.008]
[0.079, 0.01, -0.004]
[0.08, 0.01, -0.001]
[0.08, 0.01, 0.002]
[0.079, 0.01, 0.005]
[0.078, 0.011, 0.008]
[0.076, 0.012, 0.011]
[0.075, 0.013, 0.014]
[0.074, 0.014, 0.017]
[0.073, 0.015, 0.023]
[0.073, 0.015, 0.023]
[0.073, 0.016, 0.026]
[0.072, 0.016, 0.028]
[0.071, 0.017, 0.03]
[0.07, 0.017, 0.033]
[0.07, 0.018, 0.036]
[0.072, 0.018, 0.04]
[0.073, 0.018, 0.044]
[0.075, 0.019, 0.047]
[0.076, 0.019, 0.05]
[0.077, 0.019, 0.052]
[0.078, 0.019, 0.054]
[0.077, 0.019, 0.056]
[0.077, 0.019, 0.058]
[0.075, 0.019, 0.059]
[0.074, 0.02, 0.061]
[0.074, 0.02, 0.062]
[0.074, 0.021, 0.062]
[0.075, 0.021, 0.063]
[0.075, 0.021, 0.063]
[0.075, 0.021, 0.063]
[0.076, 0.021, 0.063]
[0.076, 0.022, 0.064]
[0.077, 0.022, 0.064]
[0.078, 0.022, 0.065]
[0.078, 0.022, 0.064]
[0.078, 0.022, 0.064]
[0.077, 0.022, 0.064]
[0.077, 0.022, 0.063]
[0.077, 0.021, 0.062]
[0.077, 0.021, 0.062]
[0.078, 0.022, 0.059]
[0.081, 0.023, 0.057]
[0.082, 0.023, 0.056]
[0.083, 0.024, 0.054]
[0.085, 0.023, 0.054]
[0.083, 0.023, 0.052]
[0.081, 0.022, 0.049]
[0.079, 0.022, 0.047]
[0.077, 0.021, 0.045]
[0.076, 0.02, 0.043]
[0.075, 0.02, 0.041]
[0.075, 0.019, 0.039]
[0.073, 0.018, 0.036]
[0.071, 0.017, 0.034]
[0.07, 0.016, 0.032]
[0.068, 0.015, 0.029]
[0.068, 0.015, 0.026]
[0.067, 0.014, 0.023]
[0.066, 0.014, 0.019]
[0.067, 0.013, 0.014]
[0.068, 0.012, 0.01]
[0.07, 0.011, 0.006]
[0.071, 0.01, 0.002]
[0.071, 0.009, -0.003]
[0.07, 0.008, -0.007]
[0.069, 0.007, -0.012]
[0.068, 0.006, -0.015]
[0.067, 0.004, -0.023]
[0.067, 0.004, -0.023]
[0.066, 0.003, -0.027]
[0.064, 0.002, -0.031]
[0.061, 0.0, -0.039]
[0.061, 0.0, -0.039]
[0.059, -0.001, -0.043]
[0.058, -0.002, -0.047]
[0.057, -0.004, -0.051]
[0.057, -0.005, -0.056]
[0.056, -0.007, -0.06]
[0.055, -0.008, -0.064]
[0.054, -0.009, -0.069]
[0.054, -0.009, -0.074]
[0.053, -0.01, -0.079]
[0.048, -0.012, -0.087]
[0.042, -0.015, -0.099]
[0.036, -0.018, -0.11]
[0.032, -0.02, -0.12]
[0.028, -0.022, -0.13]
[0.025, -0.024, -0.141]
[0.021, -0.023, -0.152]
[0.023, -0.023, -0.162]
[0.026, -0.023, -0.173]
[0.032, -0.024, -0.183]
[0.037, -0.024, -0.192]
[0.038, -0.025, -0.202]
[0.037, -0.027, -0.211]
[0.036, -0.028, -0.219]
[0.035, -0.03, -0.226]
[0.035, -0.032, -0.233]
[0.035, -0.034, -0.238]
[0.035, -0.035, -0.243]
[0.035, -0.036, -0.248]
[0.033, -0.038, -0.252]
[0.032, -0.039, -0.256]
[0.03, -0.041, -0.263]
[0.03, -0.041, -0.263]
[0.031, -0.041, -0.266]
[0.032, -0.042, -0.267]
[0.033, -0.041, -0.267]
[0.033, -0.041, -0.267]
[0.033, -0.04, -0.266]
[0.033, -0.04, -0.265]
[0.034, -0.041, -0.263]
[0.034, -0.041, -0.263]
[0.034, -0.041, -0.262]
[0.034, -0.04, -0.261]
[0.033, -0.04, -0.259]
[0.031, -0.039, -0.257]
[0.03, -0.039, -0.256]
[0.029, -0.038, -0.254]
[0.028, -0.037, -0.253]
[0.029, -0.037, -0.252]
[0.03, -0.037, -0.25]
[0.03, -0.036, -0.248]
[0.029, -0.036, -0.246]
[0.03, -0.035, -0.243]
[0.029, -0.034, -0.241]
[0.03, -0.033, -0.238]
[0.027, -0.031, -0.234]
[0.027, -0.031, -0.234]
[0.026, -0.03, -0.232]
[0.023, -0.029, -0.23]
[0.021, -0.027, -0.226]
[0.021, -0.027, -0.226]
[0.019, -0.027, -0.223]
[0.018, -0.026, -0.22]
[0.016, -0.025, -0.216]
[0.014, -0.025, -0.212]
[0.014, -0.025, -0.209]
[0.015, -0.025, -0.206]
[0.009, -0.024, -0.197]
[0.009, -0.024, -0.197]
[0.005, -0.023, -0.188]
[0.003, -0.022, -0.178]
[0.008, -0.018, -0.162]
[0.008, -0.018, -0.162]
[0.01, -0.015, -0.152]
[0.013, -0.013, -0.141]
[0.017, -0.009, -0.121]
[0.017, -0.009, -0.121]
[0.02, -0.007, -0.112]
[0.022, -0.005, -0.103]
[0.026, -0.002, -0.09]
[0.026, -0.002, -0.09]
[0.027, -0.0, -0.085]
[0.028, 0.001, -0.081]
[0.029, 0.003, -0.078]
[0.03, 0.004, -0.075]
[0.03, 0.005, -0.071]
[0.029, 0.006, -0.068]
[0.029, 0.008, -0.062]
[0.029, 0.008, -0.062]
[0.028, 0.009, -0.06]
[0.028, 0.01, -0.059]
[0.027, 0.011, -0.058]
[0.027, 0.011, -0.057]
[0.024, 0.012, -0.055]
[0.022, 0.012, -0.053]
[0.019, 0.012, -0.051]
[0.016, 0.011, -0.05]
[0.014, 0.011, -0.049]
[0.014, 0.012, -0.048]
[0.014, 0.012, -0.047]
[0.014, 0.013, -0.046]
[0.015, 0.013, -0.045]
[0.016, 0.013, -0.045]
[0.016, 0.013, -0.046]
[0.016, 0.013, -0.046]
[0.017, 0.013, -0.046]
[0.016, 0.012, -0.046]
[0.015, 0.012, -0.046]
[0.015, 0.012, -0.045]
[0.013, 0.011, -0.045]
[0.014, 0.011, -0.046]
[0.019, 0.009, -0.044]
[0.019, 0.009, -0.044]
[0.022, 0.008, -0.042]
[0.026, 0.008, -0.04]
[0.031, 0.006, -0.037]
[0.031, 0.006, -0.037]
[0.034, 0.005, -0.037]
[0.036, 0.004, -0.035]
[0.037, 0.004, -0.035]
[0.039, 0.003, -0.036]
[0.041, 0.002, -0.037]
[0.044, 0.0, -0.04]
[0.048, -0.001, -0.042]
[0.054, -0.001, -0.044]
[0.059, -0.002, -0.044]
[0.065, -0.002, -0.043]
[0.074, -0.002, -0.042]
[0.083, -0.002, -0.039]
[0.09, -0.002, -0.038]
[0.094, -0.002, -0.037]
[0.096, -0.003, -0.036]
[0.098, -0.003, -0.036]
[0.101, -0.003, -0.036]
[0.106, -0.003, -0.035]
[0.112, -0.003, -0.035]
[0.117, -0.003, -0.035]
[0.122, -0.002, -0.036]
[0.128, -0.002, -0.036]
[0.134, -0.002, -0.036]
[0.141, -0.001, -0.035]
[0.149, -0.0, -0.035]
[0.157, 0.0, -0.034]
[0.167, 0.0, -0.034]
[0.175, 0.001, -0.034]
[0.181, 0.001, -0.033]
[0.188, 0.002, -0.033]
[0.193, 0.002, -0.032]
[0.198, 0.003, -0.031]
[0.203, 0.003, -0.031]
[0.205, 0.004, -0.03]
[0.208, 0.004, -0.029]
[0.21, 0.005, -0.028]
[0.214, 0.005, -0.026]
[0.217, 0.006, -0.025]
[0.221, 0.007, -0.023]
[0.223, 0.007, -0.022]
[0.225, 0.008, -0.022]
[0.227, 0.009, -0.021]
[0.228, 0.009, -0.021]
[0.231, 0.009, -0.021]
[0.236, 0.009, -0.021]
[0.243, 0.009, -0.02]
[0.248, 0.01, -0.019]
[0.251, 0.01, -0.018]
[0.252, 0.011, -0.018]
[0.252, 0.012, -0.018]
[0.252, 0.013, -0.018]
[0.253, 0.014, -0.017]
[0.253, 0.015, -0.016]
[0.254, 0.015, -0.015]
[0.255, 0.016, -0.014]
[0.256, 0.017, -0.013]
[0.258, 0.019, -0.011]
[0.258, 0.019, -0.011]
[0.259, 0.02, -0.011]
[0.26, 0.021, -0.009]
[0.262, 0.022, -0.007]
[0.264, 0.024, -0.005]
[0.266, 0.026, -0.002]
[0.269, 0.028, 0.001]
[0.272, 0.03, 0.004]
[0.275, 0.031, 0.006]
[0.28, 0.032, 0.008]
[0.285, 0.032, 0.009]
[0.29, 0.033, 0.01]
[0.295, 0.033, 0.012]
[0.301, 0.034, 0.013]
[0.309, 0.035, 0.015]
[0.318, 0.035, 0.016]
[0.324, 0.036, 0.018]
[0.329, 0.036, 0.019]
[0.332, 0.036, 0.019]
[0.336, 0.037, 0.021]
[0.34, 0.038, 0.022]
[0.343, 0.039, 0.024]
[0.345, 0.041, 0.026]
[0.347, 0.041, 0.028]
[0.349, 0.042, 0.029]
[0.351, 0.042, 0.031]
[0.351, 0.042, 0.033]
[0.352, 0.043, 0.035]
[0.352, 0.043, 0.037]
[0.351, 0.044, 0.039]
[0.35, 0.046, 0.041]
[0.349, 0.047, 0.042]
[0.349, 0.048, 0.043]
[0.35, 0.049, 0.043]
[0.351, 0.049, 0.043]
[0.353, 0.049, 0.044]
[0.353, 0.05, 0.044]
[0.353, 0.05, 0.045]
[0.354, 0.051, 0.045]
[0.354, 0.051, 0.045]
[0.354, 0.051, 0.045]
[0.354, 0.052, 0.045]
[0.354, 0.053, 0.046]
[0.354, 0.054, 0.047]
[0.353, 0.056, 0.049]
[0.352, 0.057, 0.049]
[0.351, 0.059, 0.05]
[0.351, 0.061, 0.05]
[0.35, 0.062, 0.051]
[0.349, 0.063, 0.052]
[0.35, 0.064, 0.053]
[0.349, 0.065, 0.056]
[0.347, 0.066, 0.06]
[0.343, 0.067, 0.065]
[0.34, 0.068, 0.069]
[0.336, 0.069, 0.073]
[0.332, 0.071, 0.076]
[0.329, 0.072, 0.08]
[0.325, 0.073, 0.083]
[0.323, 0.074, 0.085]
[0.323, 0.075, 0.087]
[0.322, 0.075, 0.089]
[0.321, 0.075, 0.089]
[0.319, 0.076, 0.09]
[0.317, 0.076, 0.091]
[0.315, 0.076, 0.091]
[0.314, 0.077, 0.092]
[0.312, 0.077, 0.093]
[0.31, 0.076, 0.093]
[0.306, 0.076, 0.095]
[0.301, 0.075, 0.095]
[0.297, 0.075, 0.095]
[0.294, 0.075, 0.095]
[0.292, 0.075, 0.094]
[0.29, 0.074, 0.093]
[0.288, 0.074, 0.093]
[0.285, 0.074, 0.092]
[0.285, 0.074, 0.092]
[0.284, 0.074, 0.091]
[0.284, 0.074, 0.09]
[0.284, 0.073, 0.089]
[0.283, 0.073, 0.088]
[0.283, 0.073, 0.088]
[0.282, 0.073, 0.087]
[0.281, 0.073, 0.087]
[0.281, 0.072, 0.087]
[0.28, 0.072, 0.086]
[0.28, 0.072, 0.086]
[0.279, 0.071, 0.085]
[0.279, 0.071, 0.084]
[0.281, 0.068, 0.082]
[0.281, 0.068, 0.082]
[0.282, 0.067, 0.081]
[0.282, 0.066, 0.079]
[0.279, 0.064, 0.076]
[0.279, 0.064, 0.076]
[0.277, 0.064, 0.074]
[0.276, 0.063, 0.071]
[0.275, 0.062, 0.069]
[0.274, 0.061, 0.067]
[0.273, 0.06, 0.065]
[0.272, 0.06, 0.064]
[0.272, 0.059, 0.061]
[0.272, 0.058, 0.058]
[0.272, 0.057, 0.055]
[0.271, 0.057, 0.052]
[0.27, 0.057, 0.049]
[0.269, 0.056, 0.046]
[0.268, 0.056, 0.043]
[0.267, 0.055, 0.04]
[0.266, 0.054, 0.037]
[0.264, 0.053, 0.034]
[0.262, 0.052, 0.031]
[0.258, 0.05, 0.029]
[0.254, 0.048, 0.028]
[0.25, 0.046, 0.027]
[0.247, 0.044, 0.026]
[0.246, 0.042, 0.024]
[0.246, 0.04, 0.021]
[0.246, 0.039, 0.019]
[0.247, 0.038, 0.017]
[0.247, 0.037, 0.014]
[0.246, 0.037, 0.012]
[0.246, 0.036, 0.009]
[0.246, 0.035, 0.006]
[0.246, 0.034, 0.004]
[0.246, 0.033, 0.003]
[0.245, 0.032, 0.003]
[0.244, 0.03, 0.004]
[0.242, 0.029, 0.006]
[0.239, 0.026, 0.006]
[0.238, 0.024, 0.006]
[0.241, 0.023, 0.006]
[0.246, 0.022, 0.007]
[0.247, 0.022, 0.008]
[0.248, 0.022, 0.01]
[0.248, 0.022, 0.01]
[0.246, 0.02, 0.009]
[0.246, 0.019, 0.006]
[0.244, 0.017, 0.005]
[0.239, 0.016, 0.003]
[0.234, 0.015, 0.002]
[0.229, 0.014, 0.0]
[0.225, 0.013, -0.001]
[0.222, 0.012, -0.003]
[0.22, 0.011, -0.004]
[0.22, 0.011, -0.007]
[0.221, 0.011, -0.01]
[0.222, 0.011, -0.012]
[0.223, 0.011, -0.014]
[0.224, 0.011, -0.014]
[0.223, 0.011, -0.014]
[0.223, 0.01, -0.014]
[0.223, 0.01, -0.014]
[0.223, 0.009, -0.014]
[0.223, 0.008, -0.014]
[0.222, 0.008, -0.014]
[0.221, 0.007, -0.015]
[0.221, 0.006, -0.017]
[0.222, 0.005, -0.021]
[0.222, 0.005, -0.021]
[0.222, 0.004, -0.024]
[0.221, 0.004, -0.028]
[0.217, 0.001, -0.039]
[0.217, 0.001, -0.039]
[0.217, -0.0, -0.045]
[0.217, -0.002, -0.049]
[0.222, -0.005, -0.06]
[0.222, -0.005, -0.06]
[0.225, -0.006, -0.063]
[0.228, -0.007, -0.066]
[0.229, -0.008, -0.067]
[0.229, -0.01, -0.069]
[0.226, -0.012, -0.071]
[0.223, -0.013, -0.073]
[0.22, -0.015, -0.074]
[0.219, -0.016, -0.075]
[0.217, -0.018, -0.076]
[0.216, -0.018, -0.076]
[0.215, -0.019, -0.076]
[0.213, -0.019, -0.076]
[0.213, -0.019, -0.076]
[0.213, -0.019, -0.076]
[0.214, -0.019, -0.077]
[0.215, -0.018, -0.077]
[0.217, -0.018, -0.077]
[0.217, -0.018, -0.078]
[0.216, -0.019, -0.079]
[0.213, -0.019, -0.08]
[0.209, -0.02, -0.08]
[0.198, -0.021, -0.08]
[0.198, -0.021, -0.08]
[0.193, -0.021, -0.08]
[0.188, -0.022, -0.08]
[0.183, -0.023, -0.08]
[0.179, -0.024, -0.08]
[0.175, -0.025, -0.081]
[0.172, -0.026, -0.081]
[0.169, -0.027, -0.081]
[0.164, -0.028, -0.082]
[0.158, -0.028, -0.081]
[0.153, -0.028, -0.081]
[0.147, -0.027, -0.081]
[0.142, -0.027, -0.08]
[0.139, -0.026, -0.078]
[0.139, -0.024, -0.076]
[0.143, -0.022, -0.072]
[0.143, -0.02, -0.067]
[0.142, -0.019, -0.062]
[0.141, -0.018, -0.059]
[0.14, -0.018, -0.057]
[0.139, -0.017, -0.057]
[0.136, -0.016, -0.055]
[0.131, -0.015, -0.052]
[0.121, -0.015, -0.045]
[0.121, -0.015, -0.045]
[0.119, -0.015, -0.043]
[0.119, -0.015, -0.041]
[0.118, -0.013, -0.039]
[0.118, -0.013, -0.039]
[0.117, -0.012, -0.038]
[0.115, -0.012, -0.037]
[0.111, -0.012, -0.036]
[0.107, -0.013, -0.035]
[0.104, -0.014, -0.035]
[0.102, -0.015, -0.034]
[0.101, -0.016, -0.034]
[0.1, -0.017, -0.034]
[0.1, -0.017, -0.033]
[0.099, -0.016, -0.032]
[0.093, -0.015, -0.03]
[0.093, -0.015, -0.03]
[0.088, -0.014, -0.031]
[0.084, -0.013, -0.031]
[0.08, -0.014, -0.031]
[0.078, -0.014, -0.03]
[0.077, -0.015, -0.03]
[0.076, -0.016, -0.03]
[0.074, -0.017, -0.031]
[0.073, -0.017, -0.032]
[0.071, -0.017, -0.032]
[0.07, -0.016, -0.031]
[0.068, -0.015, -0.029]
[0.067, -0.013, -0.028]
[0.067, -0.012, -0.027]
[0.066, -0.012, -0.027]
[0.066, -0.012, -0.027]
[0.065, -0.01, -0.026]
[0.065, -0.01, -0.026]
[0.065, -0.01, -0.026]
[0.065, -0.009, -0.025]
[0.067, -0.008, -0.024]
[0.068, -0.008, -0.023]
[0.069, -0.006, -0.022]
[0.068, -0.005, -0.021]
[0.068, -0.004, -0.021]
[0.067, -0.003, -0.02]
[0.066, -0.003, -0.02]
[0.066, -0.0, -0.019]
[0.066, -0.0, -0.019]
[0.065, 0.0, -0.019]
[0.064, 0.001, -0.018]
[0.063, 0.001, -0.018]
[0.063, 0.002, -0.018]
[0.062, 0.002, -0.018]
[0.061, 0.003, -0.018]
[0.061, 0.003, -0.019]
[0.061, 0.004, -0.019]
[0.062, 0.004, -0.019]
[0.063, 0.005, -0.018]
[0.064, 0.005, -0.018]
[0.068, 0.007, -0.018]
[0.068, 0.007, -0.018]
[0.069, 0.007, -0.018]
[0.071, 0.007, -0.018]
[0.072, 0.007, -0.017]
[0.074, 0.007, -0.017]
[0.077, 0.007, -0.017]
[0.08, 0.007, -0.017]
[0.083, 0.006, -0.017]
[0.087, 0.007, -0.018]
[0.089, 0.007, -0.017]
[0.091, 0.008, -0.017]
[0.091, 0.009, -0.016]
[0.09, 0.01, -0.016]
[0.089, 0.011, -0.017]
[0.088, 0.011, -0.018]
[0.086, 0.011, -0.018]
[0.086, 0.011, -0.018]
[0.085, 0.012, -0.017]
[0.083, 0.012, -0.017]
