A0
A1
A2
A3
A4
A5
A6
A7
A8
A9
A10
A11
A12
A13
A14
A15
A16
A17
A18
A19
A20
A21
A22
A23
A24
A25
A26
A27
A28
--- [0.87, 0.67, 1.0, 1.0, 0.24, 0.24, 0.05, 0.13, 0.51, 0.54, 0.4, 0.38, 0.0, -0.0, 1.0, 0.21, 0.75, 0.6, 0.49, 0.8, 0.75, 0.46, 0.86, 0.55, 0.43, 0.55, 0.45, 0.0, 0.5, 99, 99, 99]
into servo loop...
start test new
list:  [0.45, 0.45, 0.82, 0.82, 1, 1, 0.16199999999999998, 0.16199999999999998, 0.46, 0.46, 0.34, 0.38, 0.16499999999999998, 0.13499999999999995, 1, 0.24, 0.97, 0.64, 0.29, 0.97, 0.97, 0.29, 0.29, 0.66, 0.4, 0.64, 0.41, 0.02, 0.5, 99, 99, 99]
--- num:  29
list:  [0.46, 0.46, 0.83, 0.83, 1, 1, 0.16199999999999998, 0.16199999999999998, 0.46, 0.46, 0.35, 0.37, 0.2849999999999999, 0.20999999999999985, 1, 0.24, 0.97, 0.64, 0.3, 0.97, 0.97, 0.3, 0.3, 0.74, 0.36, 0.69, 0.39, 0.03, 0.49, 99, 99, 99]
--- num:  29
list:  [0.47, 0.47, 0.86, 0.86, 1, 1, 0.16199999999999998, 0.16199999999999998, 0.46, 0.46, 0.35, 0.37, 0.18, 0.13499999999999995, 1, 0.22, 0.99, 0.63, 0.27, 0.99, 0.99, 0.27, 0.27, 0.67, 0.4, 0.64, 0.41, 0.03, 0.42, 99, 99, 99]
--- num:  29
list:  [0.46, 0.46, 0.84, 0.84, 1, 1, 0.16199999999999998, 0.16199999999999998, 0.46, 0.46, 0.36, 0.36, 0.14999999999999997, 0.11999999999999994, 1, 0.22, 0.985, 0.63, 0.27, 0.98, 0.99, 0.27, 0.27, 0.65, 0.41, 0.63, 0.41, 0.02, 0.42, 99, 99, 99]
--- num:  29
list:  [0.46, 0.46, 0.83, 0.83, 1, 1, 0.16199999999999998, 0.16199999999999998, 0.42, 0.42, 0.35, 0.36, 0.13499999999999995, 0.10499999999999993, 1, 0.25, 0.965, 0.65, 0.28, 0.96, 0.97, 0.28, 0.28, 0.64, 0.41, 0.62, 0.42, 0.02, 0.49, 99, 99, 99]
--- num:  29
list:  [0.56, 0.56, 1, 1, 0.98, 0.98, 0.8995774793624878, 0.8995064306259155, 0.3, 0.3, 0.37, 0.35, 0.13499999999999995, 0.14999999999999997, 1, 0.27, 0.925, 0.66, 0.31, 0.92, 0.93, 0.31, 0.31, 0.64, 0.41, 0.65, 0.41, 0.02, 0.5, 99, 99, 99]
--- num:  29
list:  [0.57, 0.57, 1, 1, 0.97, 0.97, 0.7409186172485351, 0.7408733773231506, 0.17, 0.17, 0.38, 0.35, 0.14999999999999997, 0.14999999999999997, 1, 0.29, 0.915, 0.68, 0.29, 0.91, 0.92, 0.29, 0.29, 0.65, 0.41, 0.65, 0.41, 0.02, 0.5, 99, 99, 99]
--- num:  29
list:  [0.47, 0.47, 0.85, 0.85, 1, 1, 0.16199999999999998, 0.16199999999999998, 0.31, 0.31, 0.38, 0.34, 0.13499999999999995, 0.11999999999999994, 1, 0.24, 0.97, 0.64, 0.27, 0.97, 0.97, 0.27, 0.27, 0.64, 0.41, 0.63, 0.41, 0.02, 0.51, 99, 99, 99]
--- num:  29
list:  [0.49, 0.49, 0.9, 0.9, 1, 1, 0.16199999999999998, 0.16199999999999998, 0.31, 0.31, 0.38, 0.34, 0.13499999999999995, 0.11999999999999994, 1, 0.23, 0.98, 0.64, 0.26, 0.98, 0.98, 0.26, 0.26, 0.64, 0.41, 0.63, 0.42, 0.02, 0.53, 99, 99, 99]
--- num:  29
list:  [0.5, 0.5, 0.93, 0.93, 1, 1, 0.16199999999999998, 0.16199999999999998, 0.31, 0.31, 0.38, 0.34, 0.11999999999999994, 0.08999999999999991, 1, 0.23, 0.98, 0.63, 0.26, 0.98, 0.98, 0.26, 0.26, 0.63, 0.42, 0.61, 0.42, 0.01, 0.55, 99, 99, 99]
--- num:  29
list:  [0.56, 0.56, 1, 1, 0.97, 0.97, 0.9533567237854004, 0.9533604788780212, 0.23, 0.23, 0.39, 0.34, 0.11999999999999994, 0.10499999999999993, 1, 0.26, 0.945, 0.66, 0.28, 0.94, 0.95, 0.28, 0.28, 0.63, 0.42, 0.62, 0.42, 0.01, 0.56, 99, 99, 99]
--- num:  29
list:  [0.49, 0.49, 0.91, 0.91, 1, 1, 0.18255853235721586, 0.1819858658313751, 0.26, 0.26, 0.38, 0.34, 0.11999999999999994, 0.10499999999999993, 1, 0.24, 0.97, 0.65, 0.27, 0.97, 0.97, 0.27, 0.27, 0.63, 0.41, 0.62, 0.42, 0.02, 0.56, 99, 99, 99]
--- num:  29
list:  [0.51, 0.51, 0.95, 0.95, 1, 1, 0.16199999999999998, 0.16199999999999998, 0.3, 0.3, 0.38, 0.35, 0.11999999999999994, 0.08999999999999991, 1, 0.23, 0.975, 0.64, 0.27, 0.97, 0.98, 0.27, 0.27, 0.63, 0.42, 0.61, 0.42, 0.02, 0.54, 99, 99, 99]
--- num:  29
list:  [0.53, 0.53, 1.0, 1.0, 1, 1, 0.16199999999999998, 0.16199999999999998, 0.3, 0.3, 0.38, 0.34, 0.10499999999999993, 0.08999999999999991, 1, 0.23, 0.98, 0.64, 0.28, 0.98, 0.98, 0.28, 0.28, 0.62, 0.42, 0.61, 0.42, 0.02, 0.54, 99, 99, 99]
--- num:  29
list:  [0.92, 0.92, 1, 1, 0.68, 0.68, 0.16199999999999998, 0.16199999999999998, 0.26, 0.26, 0.38, 0.35, 0, 0, 1, 0.41, 0.94, 0.77, 0.55, 0.94, 0.94, 0.55, 0.55, 0.39, 0.77, 0.4, 0.74, 0.09, 1, 99, 99, 99]
--- num:  29
list:  [0.92, 0.92, 1, 1, 0.68, 0.68, 0.16199999999999998, 0.16199999999999998, 0.26, 0.26, 0.38, 0.35, 0, 0, 1, 0.46, 0.97, 0.81, 0.51, 0.97, 0.97, 0.51, 0.51, 0.31, 0.92, 0.31, 0.92, 0.1, 1, 99, 99, 99]
--- num:  29
list:  [0.92, 0.92, 1, 1, 0.68, 0.68, 0.16199999999999998, 0.16199999999999998, 0.25, 0.25, 0.38, 0.34, 0, 0, 1, 0.43, 0.98, 0.79, 0.48, 0.98, 0.98, 0.48, 0.48, 0.31, 0.92, 0.31, 0.92, 0.1, 1, 99, 99, 99]
--- num:  29
list:  [0.92, 0.92, 1, 1, 0.68, 0.68, 0.16199999999999998, 0.16199999999999998, 0.25, 0.25, 0.37, 0.35, 0, 0, 1, 0.4, 0.98, 0.76, 0.47, 0.98, 0.98, 0.47, 0.47, 0.31, 0.92, 0.31, 0.92, 0.1, 1, 99, 99, 99]
--- num:  29
list:  [0.92, 0.92, 1, 1, 0.68, 0.68, 0.16199999999999998, 0.16199999999999998, 0.24, 0.24, 0.37, 0.36, 0, 0, 1, 0.37, 0.985, 0.74, 0.47, 0.98, 0.99, 0.47, 0.47, 0.31, 0.92, 0.31, 0.92, 0.1, 1, 99, 99, 99]
--- num:  29
list:  [0.92, 0.92, 1, 1, 0.68, 0.68, 0.16199999999999998, 0.16199999999999998, 0.23, 0.23, 0.36, 0.36, 0, 0, 1, 0.36, 0.99, 0.73, 0.47, 0.99, 0.99, 0.47, 0.47, 0.31, 0.92, 0.31, 0.92, 0.1, 1, 99, 99, 99]
--- num:  29
list:  [0.92, 0.92, 1, 1, 0.68, 0.68, 0.16199999999999998, 0.16199999999999998, 0.27, 0.27, 0.44, 0.28, 0, 0, 1, 0.39, 0.99, 0.75, 0.51, 0.99, 0.99, 0.51, 0.51, 0.31, 0.92, 0.31, 0.92, 0.11, 1, 99, 99, 99]
--- num:  29
list:  [0.92, 0.92, 1, 1, 0.68, 0.68, 0.16199999999999998, 0.16199999999999998, 0.36, 0.36, 0.66, 0.08, 0, 0, 1, 0.4, 0.99, 0.76, 0.53, 0.99, 0.99, 0.53, 0.53, 0.31, 0.92, 0.32, 0.89, 0.11, 1, 99, 99, 99]
--- num:  29
list:  [0.92, 0.92, 1, 1, 0.68, 0.68, 0.16199999999999998, 0.16199999999999998, 0.36, 0.36, 0.69, 0.04, 0, 0, 1, 0.41, 0.99, 0.77, 0.54, 0.99, 0.99, 0.54, 0.54, 0.31, 0.92, 0.33, 0.89, 0.11, 1, 99, 99, 99]
--- num:  29
list:  [0.92, 0.92, 1, 1, 0.68, 0.68, 0.16199999999999998, 0.16199999999999998, 0.39, 0.39, 0.7, 0.03, 0, 0, 1, 0.4, 0.99, 0.76, 0.55, 0.99, 0.99, 0.55, 0.55, 0.31, 0.91, 0.33, 0.87, 0.11, 1, 99, 99, 99]
--- num:  29
list:  [0.92, 0.92, 1, 1, 0.68, 0.68, 0.16199999999999998, 0.16199999999999998, 0.39, 0.39, 0.72, 0.02, 0, 0, 1, 0.4, 0.98, 0.76, 0.56, 0.98, 0.98, 0.56, 0.56, 0.31, 0.91, 0.33, 0.87, 0.11, 1, 99, 99, 99]
--- num:  29
list:  [0.92, 0.92, 1, 1, 0.68, 0.68, 0.16199999999999998, 0.16199999999999998, 0.38, 0.38, 0.71, 0.02, 0, 0, 1, 0.41, 0.98, 0.77, 0.56, 0.98, 0.98, 0.56, 0.56, 0.31, 0.91, 0.33, 0.88, 0.1, 1, 99, 99, 99]
--- num:  29
list:  [0.92, 0.92, 1, 1, 0.68, 0.68, 0.16199999999999998, 0.16199999999999998, 0.39, 0.39, 0.73, 0.01, 0, 0, 1, 0.41, 0.98, 0.77, 0.56, 0.98, 0.98, 0.56, 0.56, 0.31, 0.92, 0.33, 0.88, 0.1, 1, 99, 99, 99]
--- num:  29
list:  [0.92, 0.92, 1, 1, 0.68, 0.68, 0.16199999999999998, 0.16199999999999998, 0.22, 0.22, 0.41, 0.31, 0, 0, 1, 0.4, 0.98, 0.76, 0.56, 0.98, 0.98, 0.56, 0.56, 0.31, 0.92, 0.31, 0.92, 0.12, 1, 99, 99, 99]
--- num:  29
list:  [0.92, 0.92, 1, 1, 0.68, 0.68, 0.16199999999999998, 0.16199999999999998, 0.21, 0.21, 0.42, 0.31, 0, 0, 1, 0.37, 0.98, 0.74, 0.56, 0.98, 0.98, 0.56, 0.56, 0.31, 0.92, 0.31, 0.92, 0.13, 1, 99, 99, 99]
--- num:  29
list:  [0.92, 0.92, 1, 1, 0.68, 0.68, 0.16199999999999998, 0.16199999999999998, 0.21, 0.21, 0.42, 0.31, 0, 0, 1, 0.37, 0.98, 0.74, 0.56, 0.98, 0.98, 0.56, 0.56, 0.31, 0.92, 0.31, 0.92, 0.13, 1, 99, 99, 99]
--- num:  29
list:  [0.92, 0.92, 1, 1, 0.68, 0.68, 0.16199999999999998, 0.16199999999999998, 0.22, 0.22, 0.44, 0.29, 0, 0, 1, 0.36, 0.975, 0.74, 0.56, 0.97, 0.98, 0.56, 0.56, 0.31, 0.92, 0.32, 0.9, 0.12, 1, 99, 99, 99]
--- num:  29
list:  [0.92, 0.92, 1, 1, 0.68, 0.68, 0.16199999999999998, 0.16199999999999998, 0.23, 0.23, 0.48, 0.24, 0, 0, 1, 0.38, 0.97, 0.75, 0.56, 0.97, 0.97, 0.56, 0.56, 0.31, 0.92, 0.31, 0.91, 0.12, 1, 99, 99, 99]
--- num:  29
list:  [0.92, 0.92, 1, 1, 0.68, 0.68, 0.16199999999999998, 0.16199999999999998, 0.23, 0.23, 0.51, 0.22, 0, 0, 1, 0.39, 0.97, 0.75, 0.56, 0.97, 0.97, 0.56, 0.56, 0.31, 0.92, 0.32, 0.9, 0.11, 0.92, 99, 99, 99]
--- num:  29
list:  [0.92, 0.92, 1, 1, 0.68, 0.68, 0.16199999999999998, 0.16199999999999998, 0.35, 0.35, 0.31, 0.42, 0, 0, 1, 0.4, 0.96, 0.76, 0.56, 0.96, 0.96, 0.56, 0.56, 0.31, 0.92, 0.33, 0.88, 0.1, 0.87, 99, 99, 99]
--- num:  29
list:  [0.92, 0.92, 1, 1, 0.68, 0.68, 0.16199999999999998, 0.16199999999999998, 0.43, 0.43, 0.2, 0.53, 0, 0, 1, 0.42, 0.965, 0.78, 0.56, 0.97, 0.96, 0.56, 0.56, 0.31, 0.92, 0.33, 0.89, 0.11, 0.89, 99, 99, 99]
--- num:  29
list:  [0.92, 0.92, 1, 1, 0.68, 0.68, 0.16199999999999998, 0.16199999999999998, 0.48, 0.48, 0.19, 0.54, 0, 0, 1, 0.43, 0.965, 0.78, 0.56, 0.97, 0.96, 0.56, 0.56, 0.31, 0.92, 0.33, 0.88, 0.11, 0.95, 99, 99, 99]
--- num:  29
list:  [0.92, 0.92, 1, 1, 0.68, 0.68, 0.16199999999999998, 0.16199999999999998, 0.48, 0.48, 0.13, 0.6, 0, 0, 1, 0.43, 0.96, 0.78, 0.56, 0.96, 0.96, 0.56, 0.56, 0.32, 0.89, 0.35, 0.85, 0.11, 1, 99, 99, 99]
--- num:  29
list:  [0.92, 0.92, 1, 1, 0.68, 0.68, 0.16199999999999998, 0.16199999999999998, 0.48, 0.48, 0.12, 0.61, 0, 0, 1, 0.42, 0.96, 0.78, 0.56, 0.96, 0.96, 0.56, 0.56, 0.33, 0.87, 0.36, 0.83, 0.11, 1, 99, 99, 99]
--- num:  29
list:  [0.92, 0.92, 1, 1, 0.68, 0.68, 0.16199999999999998, 0.16199999999999998, 0.33, 0.33, 0.34, 0.38, 0, 0, 1, 0.42, 0.94, 0.78, 0.56, 0.94, 0.94, 0.56, 0.56, 0.4, 0.74, 0.42, 0.69, 0.1, 1, 99, 99, 99]
--- num:  29
list:  [0.92, 0.92, 1, 1, 0.68, 0.68, 0.16199999999999998, 0.16199999999999998, 0.26, 0.26, 0.38, 0.34, 0, 0, 1, 0.4, 0.93, 0.77, 0.56, 0.93, 0.93, 0.56, 0.56, 0.35, 0.85, 0.38, 0.78, 0.1, 1, 99, 99, 99]
--- num:  29
list:  [0.92, 0.92, 1, 1, 0.68, 0.68, 0.16199999999999998, 0.16199999999999998, 0.26, 0.26, 0.38, 0.34, 0, 0, 1, 0.4, 0.93, 0.76, 0.56, 0.93, 0.93, 0.56, 0.56, 0.34, 0.86, 0.37, 0.79, 0.1, 1, 99, 99, 99]
--- num:  29
list:  [0.92, 0.92, 1, 1, 0.68, 0.68, 0.3124764370918274, 0.3120432901382446, 0.24, 0.24, 0.36, 0.36, 0, 0, 1, 0.41, 0.905, 0.77, 0.56, 0.9, 0.91, 0.56, 0.56, 0.46, 0.62, 0.49, 0.57, 0.1, 1, 99, 99, 99]
--- num:  29
list:  [0.92, 0.92, 1, 1, 0.68, 0.68, 0.16199999999999998, 0.16199999999999998, 0.26, 0.26, 0.37, 0.35, 0, 0, 1, 0.43, 0.9, 0.78, 0.56, 0.9, 0.9, 0.56, 0.56, 0.41, 0.72, 0.44, 0.66, 0.1, 1, 99, 99, 99]
--- num:  29
list:  [0.92, 0.92, 1, 1, 0.68, 0.68, 0.16199999999999998, 0.16199999999999998, 0.27, 0.27, 0.38, 0.34, 0, 0, 1, 0.42, 0.91, 0.78, 0.56, 0.91, 0.91, 0.56, 0.56, 0.38, 0.78, 0.41, 0.73, 0.09, 1, 99, 99, 99]
--- num:  29
list:  [0.92, 0.92, 1, 1, 0.68, 0.68, 0.16199999999999998, 0.16199999999999998, 0.26, 0.26, 0.38, 0.35, 0, 0, 1, 0.41, 0.905, 0.77, 0.56, 0.91, 0.9, 0.56, 0.56, 0.41, 0.73, 0.44, 0.66, 0.09, 1, 99, 99, 99]
--- num:  29
list:  [0.92, 0.92, 1, 1, 0.68, 0.68, 0.16199999999999998, 0.16199999999999998, 0.25, 0.25, 0.38, 0.35, 0, 0, 1, 0.4, 0.85, 0.77, 0.56, 0.85, 0.85, 0.56, 0.56, 0.49, 0.56, 0.53, 0.49, 0.1, 1, 99, 99, 99]
--- num:  29
list:  [0.92, 0.92, 1, 1, 0.68, 0.68, 0.16199999999999998, 0.16199999999999998, 0.26, 0.26, 0.37, 0.35, 0, 0.015000000000000013, 1, 0.4, 0.805, 0.76, 0.56, 0.8, 0.81, 0.56, 0.56, 0.52, 0.51, 0.56, 0.45, 0.1, 1, 99, 99, 99]
--- num:  29
list:  [0.92, 0.92, 1, 1, 0.68, 0.68, 0.16199999999999998, 0.16199999999999998, 0.26, 0.26, 0.37, 0.35, 0, 0, 0.75, 0.4, 0.815, 0.76, 0.56, 0.81, 0.82, 0.56, 0.56, 0.52, 0.51, 0.55, 0.45, 0.1, 1, 99, 99, 99]
--- num:  29
list:  [0.92, 0.92, 1, 1, 0.68, 0.68, 0.16199999999999998, 0.16199999999999998, 0.26, 0.26, 0.37, 0.35, 0, 0, 0.75, 0.4, 0.825, 0.76, 0.56, 0.82, 0.83, 0.56, 0.56, 0.51, 0.53, 0.54, 0.47, 0.1, 1, 99, 99, 99]
--- num:  29
list:  [0.92, 0.92, 1, 1, 0.68, 0.68, 0.16199999999999998, 0.16199999999999998, 0.38, 0.38, 0.67, 0.06, 0, 0, 1, 0.41, 0.835, 0.77, 0.56, 0.83, 0.84, 0.56, 0.56, 0.47, 0.61, 0.5, 0.55, 0.1, 1, 99, 99, 99]
--- num:  29
list:  [0.92, 0.92, 1, 1, 0.68, 0.68, 0.16199999999999998, 0.16199999999999998, 0.39, 0.39, 0.66, 0.07, 0, 0, 1, 0.41, 0.835, 0.77, 0.56, 0.83, 0.84, 0.56, 0.56, 0.44, 0.65, 0.47, 0.61, 0.1, 1, 99, 99, 99]
--- num:  29
list:  [0.92, 0.92, 1, 1, 0.68, 0.68, 0.16199999999999998, 0.16199999999999998, 0.39, 0.39, 0.66, 0.07, 0, 0, 1, 0.41, 0.845, 0.77, 0.56, 0.84, 0.85, 0.56, 0.56, 0.43, 0.68, 0.46, 0.63, 0.1, 1, 99, 99, 99]
--- num:  29
list:  [0.92, 0.92, 1, 1, 0.68, 0.68, 0.16199999999999998, 0.16199999999999998, 0.4, 0.4, 0.66, 0.07, 0, 0, 1, 0.41, 0.855, 0.77, 0.56, 0.85, 0.86, 0.56, 0.56, 0.4, 0.74, 0.43, 0.68, 0.1, 1, 99, 99, 99]
--- num:  29
list:  [0.92, 0.92, 1, 1, 0.68, 0.68, 0.16199999999999998, 0.16199999999999998, 0.41, 0.41, 0.65, 0.08, 0, 0, 1, 0.41, 0.88, 0.77, 0.56, 0.88, 0.88, 0.56, 0.56, 0.39, 0.76, 0.42, 0.71, 0.1, 1, 99, 99, 99]
--- num:  29
list:  [0.92, 0.92, 1, 1, 0.68, 0.68, 0.16199999999999998, 0.16199999999999998, 0.41, 0.41, 0.65, 0.08, 0, 0, 1, 0.41, 0.905, 0.77, 0.56, 0.9, 0.91, 0.56, 0.56, 0.37, 0.81, 0.39, 0.76, 0.09, 1, 99, 99, 99]
--- num:  29
list:  [0.92, 0.92, 1, 1, 0.68, 0.68, 0.16199999999999998, 0.16199999999999998, 0.42, 0.42, 0.64, 0.09, 0, 0, 1, 0.41, 0.915, 0.77, 0.56, 0.91, 0.92, 0.56, 0.56, 0.34, 0.86, 0.36, 0.81, 0.09, 1, 99, 99, 99]
--- num:  29
list:  [0.92, 0.92, 1, 1, 0.68, 0.68, 0.16199999999999998, 0.16199999999999998, 0.44, 0.44, 0.64, 0.09, 0, 0, 1, 0.4, 0.935, 0.77, 0.56, 0.93, 0.94, 0.56, 0.56, 0.32, 0.89, 0.34, 0.86, 0.11, 1, 99, 99, 99]
--- num:  29
list:  [0.92, 0.92, 1, 1, 0.68, 0.68, 0.16199999999999998, 0.16199999999999998, 0.43, 0.43, 0.64, 0.09, 0, 0, 1, 0.41, 0.935, 0.77, 0.56, 0.93, 0.94, 0.56, 0.56, 0.31, 0.91, 0.33, 0.88, 0.12, 1, 99, 99, 99]
--- num:  29
list:  [0.92, 0.92, 1, 1, 0.68, 0.68, 0.16199999999999998, 0.16199999999999998, 0.5, 0.5, 0.66, 0.07, 0, 0, 1, 0.41, 0.935, 0.77, 0.56, 0.93, 0.94, 0.56, 0.56, 0.32, 0.91, 0.33, 0.87, 0.11, 1, 99, 99, 99]
--- num:  29
list:  [0.92, 0.92, 1, 1, 0.68, 0.68, 0.16199999999999998, 0.16199999999999998, 0.49, 0.49, 0.67, 0.07, 0, 0, 1, 0.4, 0.935, 0.77, 0.56, 0.93, 0.94, 0.56, 0.56, 0.31, 0.91, 0.33, 0.87, 0.11, 1, 99, 99, 99]
--- num:  29
list:  [0.92, 0.92, 1, 1, 0.68, 0.68, 0.16199999999999998, 0.16199999999999998, 0.48, 0.48, 0.69, 0.05, 0, 0, 1, 0.4, 0.93, 0.76, 0.56, 0.93, 0.93, 0.56, 0.56, 0.32, 0.9, 0.34, 0.86, 0.11, 1, 99, 99, 99]
--- num:  29
list:  [0.92, 0.92, 1, 1, 0.68, 0.68, 0.16199999999999998, 0.16199999999999998, 0.48, 0.48, 0.71, 0.02, 0, 0, 1, 0.4, 0.925, 0.76, 0.56, 0.92, 0.93, 0.56, 0.56, 0.32, 0.89, 0.34, 0.85, 0.1, 1, 99, 99, 99]
--- num:  29
list:  [0.92, 0.92, 1, 1, 0.68, 0.68, 0.16199999999999998, 0.16199999999999998, 0.37, 0.37, 0.46, 0.26, 0, 0, 1, 0.4, 0.925, 0.76, 0.56, 0.92, 0.93, 0.56, 0.56, 0.31, 0.91, 0.34, 0.86, 0.1, 1, 99, 99, 99]
--- num:  29
list:  [0.92, 0.92, 1, 1, 0.68, 0.68, 0.16199999999999998, 0.16199999999999998, 0.3, 0.3, 0.44, 0.28, 0, 0, 1, 0.35, 0.895, 0.72, 0.56, 0.9, 0.89, 0.56, 0.56, 0.35, 0.84, 0.37, 0.79, 0.13, 1, 99, 99, 99]
--- num:  29
list:  [0.92, 0.92, 1, 1, 0.68, 0.68, 0.16199999999999998, 0.16199999999999998, 0.3, 0.3, 0.44, 0.28, 0, 0, 1, 0.34, 0.89, 0.72, 0.56, 0.89, 0.89, 0.56, 0.56, 0.38, 0.78, 0.41, 0.73, 0.14, 1, 99, 99, 99]
--- num:  29
list:  [0.91, 0.91, 1, 1, 0.69, 0.69, 0.16199999999999998, 0.16199999999999998, 0.3, 0.3, 0.44, 0.28, 0, 0, 1, 0.33, 0.89, 0.71, 0.56, 0.89, 0.89, 0.56, 0.56, 0.39, 0.75, 0.41, 0.72, 0.16, 1, 99, 99, 99]
--- num:  29
list:  [0.92, 0.92, 1, 1, 0.69, 0.69, 0.16199999999999998, 0.16199999999999998, 0.3, 0.3, 0.43, 0.29, 0, 0, 1, 0.33, 0.89, 0.71, 0.56, 0.89, 0.89, 0.56, 0.56, 0.37, 0.8, 0.39, 0.76, 0.17, 1, 99, 99, 99]
--- num:  29
list:  [0.91, 0.91, 1, 1, 0.69, 0.69, 0.16199999999999998, 0.16199999999999998, 0.31, 0.31, 0.41, 0.31, 0, 0, 1, 0.33, 0.89, 0.71, 0.56, 0.89, 0.89, 0.56, 0.56, 0.37, 0.81, 0.39, 0.76, 0.17, 1, 99, 99, 99]
--- num:  29
list:  [0.91, 0.91, 1, 1, 0.69, 0.69, 0.16199999999999998, 0.16199999999999998, 0.33, 0.33, 0.4, 0.32, 0, 0, 1, 0.33, 0.89, 0.71, 0.56, 0.89, 0.89, 0.56, 0.56, 0.37, 0.81, 0.39, 0.76, 0.17, 1, 99, 99, 99]
--- num:  29
list:  [0.89, 0.89, 1, 1, 0.71, 0.71, 0.25280193567276, 0.2520597684383392, 0.27, 0.27, 0.39, 0.33, 0, 0, 1, 0.37, 0.83, 0.74, 0.56, 0.82, 0.84, 0.56, 0.56, 0.48, 0.59, 0.5, 0.55, 0.16, 1, 99, 99, 99]
--- num:  29
list:  [0.89, 0.89, 1, 1, 0.71, 0.71, 0.16199999999999998, 0.16199999999999998, 0.35, 0.35, 0.39, 0.33, 0, 0, 1, 0.36, 0.855, 0.73, 0.56, 0.85, 0.86, 0.56, 0.56, 0.41, 0.72, 0.43, 0.68, 0.16, 1, 99, 99, 99]
--- num:  29
list:  [0.88, 0.88, 1, 1, 0.72, 0.72, 0.16199999999999998, 0.16199999999999998, 0.39, 0.39, 0.33, 0.39, 0, 0, 1, 0.36, 0.895, 0.73, 0.56, 0.89, 0.9, 0.56, 0.56, 0.39, 0.75, 0.42, 0.7, 0.14, 1, 99, 99, 99]
--- num:  29
list:  [0.87, 0.87, 1, 1, 0.72, 0.72, 0.16199999999999998, 0.16199999999999998, 0.4, 0.4, 0.29, 0.44, 0, 0, 1, 0.36, 0.905, 0.73, 0.56, 0.9, 0.91, 0.56, 0.56, 0.42, 0.71, 0.44, 0.67, 0.14, 1, 99, 99, 99]
--- num:  29
list:  [0.87, 0.87, 1, 1, 0.73, 0.73, 0.16199999999999998, 0.16199999999999998, 0.4, 0.4, 0.28, 0.44, 0, 0, 1, 0.35, 0.905, 0.73, 0.56, 0.9, 0.91, 0.56, 0.56, 0.4, 0.74, 0.42, 0.71, 0.15, 1, 99, 99, 99]
--- num:  29
list:  [0.87, 0.87, 1, 1, 0.73, 0.73, 0.16199999999999998, 0.16199999999999998, 0.39, 0.39, 0.3, 0.43, 0, 0, 1, 0.34, 0.915, 0.72, 0.56, 0.91, 0.92, 0.56, 0.56, 0.36, 0.81, 0.4, 0.74, 0.15, 1, 99, 99, 99]
--- num:  29
list:  [0.89, 0.89, 1, 1, 0.71, 0.71, 0.16199999999999998, 0.16199999999999998, 0.37, 0.37, 0.33, 0.39, 0, 0, 1, 0.33, 0.915, 0.71, 0.56, 0.91, 0.92, 0.56, 0.56, 0.39, 0.76, 0.41, 0.72, 0.15, 1, 99, 99, 99]
--- num:  29
list:  [0.89, 0.89, 1, 1, 0.71, 0.71, 0.16199999999999998, 0.16199999999999998, 0.36, 0.36, 0.35, 0.38, 0, 0, 1, 0.33, 0.915, 0.71, 0.56, 0.91, 0.92, 0.56, 0.56, 0.38, 0.77, 0.4, 0.74, 0.15, 1, 99, 99, 99]
--- num:  29
list:  [0.89, 0.89, 1, 1, 0.71, 0.71, 0.16199999999999998, 0.16199999999999998, 0.35, 0.35, 0.35, 0.37, 0, 0, 1, 0.33, 0.915, 0.71, 0.56, 0.91, 0.92, 0.56, 0.56, 0.38, 0.77, 0.4, 0.74, 0.15, 1, 99, 99, 99]
--- num:  29
list:  [0.91, 0.91, 1, 1, 0.69, 0.69, 0.16199999999999998, 0.16199999999999998, 0.16, 0.16, 0.36, 0.37, 0, 0, 0.75, 0.33, 0.88, 0.71, 0.56, 0.88, 0.88, 0.56, 0.56, 0.38, 0.79, 0.39, 0.76, 0.15, 1, 99, 99, 99]
--- num:  29
list:  [0.91, 0.91, 1, 1, 0.69, 0.69, 0.16199999999999998, 0.16199999999999998, 0.16, 0.16, 0.36, 0.37, 0, 0, 0.75, 0.34, 0.875, 0.72, 0.56, 0.87, 0.88, 0.56, 0.56, 0.38, 0.78, 0.39, 0.75, 0.15, 1, 99, 99, 99]
--- num:  29
list:  [0.9, 0.9, 1, 1, 0.7, 0.7, 0.16199999999999998, 0.16199999999999998, 0.15, 0.15, 0.36, 0.37, 0, 0, 0.75, 0.34, 0.85, 0.72, 0.56, 0.85, 0.85, 0.56, 0.56, 0.39, 0.75, 0.41, 0.73, 0.15, 0.99, 99, 99, 99]
--- num:  29
list:  [0.9, 0.9, 1, 1, 0.7, 0.7, 0.16199999999999998, 0.16199999999999998, 0.15, 0.15, 0.37, 0.36, 0, 0, 0.75, 0.34, 0.85, 0.72, 0.56, 0.85, 0.85, 0.56, 0.56, 0.41, 0.73, 0.42, 0.69, 0.16, 0.95, 99, 99, 99]
--- num:  29
list:  [0.9, 0.9, 1, 1, 0.7, 0.7, 0.16199999999999998, 0.16199999999999998, 0.16, 0.16, 0.37, 0.36, 0, 0, 0.75, 0.34, 0.845, 0.72, 0.56, 0.84, 0.85, 0.56, 0.56, 0.4, 0.74, 0.42, 0.71, 0.15, 0.98, 99, 99, 99]
--- num:  29
list:  [0.89, 0.89, 1, 1, 0.7, 0.7, 0.16199999999999998, 0.16199999999999998, 0.16, 0.16, 0.39, 0.34, 0, 0, 0.75, 0.34, 0.83, 0.72, 0.56, 0.83, 0.83, 0.56, 0.56, 0.44, 0.67, 0.45, 0.64, 0.15, 0.97, 99, 99, 99]
--- num:  29
list:  [0.89, 0.89, 1, 1, 0.71, 0.71, 0.16199999999999998, 0.16199999999999998, 0.16, 0.16, 0.4, 0.32, 0, 0, 0.75, 0.34, 0.82, 0.72, 0.56, 0.82, 0.82, 0.56, 0.56, 0.44, 0.67, 0.45, 0.64, 0.15, 0.92, 99, 99, 99]
--- num:  29
list:  [0.87, 0.87, 1, 1, 0.73, 0.73, 0.16199999999999998, 0.16199999999999998, 0.18, 0.18, 0.42, 0.31, 0, 0, 0.75, 0.32, 0.82, 0.71, 0.56, 0.82, 0.82, 0.56, 0.56, 0.46, 0.63, 0.47, 0.6, 0.16, 0.9, 99, 99, 99]
--- num:  29
list:  [0.87, 0.87, 1, 1, 0.73, 0.73, 0.16199999999999998, 0.16199999999999998, 0.18, 0.18, 0.42, 0.31, 0, 0, 0.75, 0.32, 0.825, 0.7, 0.56, 0.82, 0.83, 0.56, 0.56, 0.45, 0.64, 0.47, 0.61, 0.15, 0.93, 99, 99, 99]
--- num:  29
list:  [0.87, 0.87, 1, 1, 0.73, 0.73, 0.16199999999999998, 0.16199999999999998, 0.19, 0.19, 0.42, 0.31, 0, 0, 0.75, 0.32, 0.83, 0.7, 0.56, 0.83, 0.83, 0.56, 0.56, 0.45, 0.64, 0.47, 0.61, 0.16, 0.96, 99, 99, 99]
--- num:  29
list:  [0.87, 0.87, 1, 1, 0.73, 0.73, 0.3408466386795044, 0.34063933372497557, 0.18, 0.18, 0.42, 0.31, 0, 0, 0.75, 0.32, 0.83, 0.7, 0.56, 0.83, 0.83, 0.56, 0.56, 0.52, 0.51, 0.53, 0.48, 0.16, 0.78, 99, 99, 99]
--- num:  29
list:  [0.84, 0.84, 1, 1, 0.75, 0.75, 0.16199999999999998, 0.16199999999999998, 0.23, 0.23, 0.44, 0.29, 0, 0, 0.75, 0.32, 0.83, 0.7, 0.56, 0.82, 0.84, 0.56, 0.56, 0.51, 0.52, 0.52, 0.51, 0.15, 0.73, 99, 99, 99]
--- num:  29
list:  [0.82, 0.82, 1, 1, 0.77, 0.77, 0.16199999999999998, 0.16199999999999998, 0.27, 0.27, 0.5, 0.22, 0, 0, 0.75, 0.31, 0.825, 0.69, 0.56, 0.82, 0.83, 0.56, 0.56, 0.54, 0.47, 0.55, 0.45, 0.13, 0.72, 99, 99, 99]
--- num:  29
list:  [0.82, 0.82, 1, 1, 0.77, 0.77, 0.16199999999999998, 0.16199999999999998, 0.28, 0.28, 0.55, 0.18, 0, 0, 0.75, 0.3, 0.825, 0.69, 0.56, 0.82, 0.83, 0.56, 0.56, 0.53, 0.5, 0.53, 0.49, 0.13, 0.56, 99, 99, 99]
--- num:  29
list:  [0.81, 0.81, 1, 1, 0.78, 0.78, 0.16199999999999998, 0.16199999999999998, 0.3, 0.3, 0.54, 0.19, 0, 0, 0.75, 0.31, 0.835, 0.69, 0.56, 0.83, 0.84, 0.56, 0.56, 0.5, 0.54, 0.51, 0.53, 0.12, 0.51, 99, 99, 99]
--- num:  29
list:  [0.75, 0.75, 1, 1, 0.82, 0.82, 0.47381297826766966, 0.4734870600700378, 0.2, 0.2, 0.44, 0.28, 0.02999999999999986, 0.02999999999999986, 1, 0.31, 0.825, 0.7, 0.56, 0.82, 0.83, 0.56, 0.56, 0.57, 0.44, 0.57, 0.44, 0.11, 0.68, 99, 99, 99]
--- num:  29
list:  [0.73, 0.73, 1, 1, 0.84, 0.84, 0.16199999999999998, 0.16199999999999998, 0.32, 0.32, 0.37, 0.36, 0, 0, 1, 0.32, 0.855, 0.7, 0.56, 0.85, 0.86, 0.56, 0.56, 0.52, 0.5, 0.54, 0.47, 0.11, 1, 99, 99, 99]
--- num:  29
list:  [0.73, 0.73, 1, 1, 0.84, 0.84, 0.16199999999999998, 0.16199999999999998, 0.35, 0.35, 0.32, 0.4, 0, 0, 1, 0.32, 0.865, 0.7, 0.56, 0.86, 0.87, 0.56, 0.56, 0.49, 0.56, 0.51, 0.53, 0.12, 1, 99, 99, 99]
--- num:  29
list:  [0.74, 0.74, 1, 1, 0.83, 0.83, 0.16199999999999998, 0.16199999999999998, 0.34, 0.34, 0.3, 0.43, 0, 0, 1, 0.32, 0.86, 0.7, 0.56, 0.85, 0.87, 0.56, 0.56, 0.47, 0.61, 0.49, 0.58, 0.12, 1, 99, 99, 99]
--- num:  29
list:  [0.74, 0.74, 1, 1, 0.83, 0.83, 0.16199999999999998, 0.16199999999999998, 0.34, 0.34, 0.29, 0.43, 0, 0, 1, 0.31, 0.86, 0.7, 0.56, 0.85, 0.87, 0.56, 0.56, 0.46, 0.63, 0.48, 0.59, 0.12, 1, 99, 99, 99]
--- num:  29
list:  [0.74, 0.74, 1, 1, 0.83, 0.83, 0.16199999999999998, 0.16199999999999998, 0.33, 0.33, 0.3, 0.42, 0, 0, 1, 0.31, 0.855, 0.7, 0.56, 0.85, 0.86, 0.56, 0.56, 0.46, 0.62, 0.48, 0.58, 0.12, 1, 99, 99, 99]
--- num:  29
list:  [0.75, 0.75, 1, 1, 0.82, 0.82, 0.16199999999999998, 0.16199999999999998, 0.33, 0.33, 0.3, 0.42, 0, 0, 1, 0.31, 0.855, 0.7, 0.56, 0.85, 0.86, 0.56, 0.56, 0.49, 0.57, 0.5, 0.55, 0.12, 1, 99, 99, 99]
--- num:  29
list:  [0.75, 0.75, 1, 1, 0.82, 0.82, 0.16199999999999998, 0.16199999999999998, 0.32, 0.32, 0.3, 0.42, 0, 0, 1, 0.31, 0.855, 0.7, 0.56, 0.85, 0.86, 0.56, 0.56, 0.49, 0.56, 0.51, 0.53, 0.12, 1, 99, 99, 99]
--- num:  29
list:  [0.61, 0.61, 1, 1, 0.93, 0.93, 0.7043107557296753, 0.702922146320343, 0.16, 0.16, 0.38, 0.35, 0.08999999999999991, 0.13499999999999995, 1, 0.31, 0.8, 0.7, 0.56, 0.79, 0.81, 0.56, 0.56, 0.61, 0.42, 0.64, 0.41, 0.1, 0.78, 99, 99, 99]
--- num:  29
list:  [0.59, 0.59, 1, 1, 0.95, 0.95, 0.23431251525878904, 0.23433942675590513, 0.27, 0.27, 0.39, 0.34, 0.04499999999999987, 0.0749999999999999, 1, 0.32, 0.805, 0.7, 0.56, 0.8, 0.81, 0.56, 0.56, 0.58, 0.44, 0.6, 0.43, 0.1, 0.84, 99, 99, 99]
--- num:  29
list:  [0.58, 0.58, 1, 1, 0.96, 0.96, 0.16199999999999998, 0.16199999999999998, 0.34, 0.34, 0.38, 0.34, 0.14999999999999997, 0.14999999999999997, 1, 0.3, 0.825, 0.69, 0.56, 0.82, 0.83, 0.56, 0.56, 0.65, 0.41, 0.65, 0.41, 0.08, 0.78, 99, 99, 99]
--- num:  29
list:  [0.56, 0.56, 1, 1, 0.97, 0.97, 0.16199999999999998, 0.16199999999999998, 0.36, 0.36, 0.37, 0.35, 0.18, 0.16499999999999998, 1, 0.26, 0.95, 0.66, 0.33, 0.95, 0.95, 0.33, 0.33, 0.67, 0.4, 0.66, 0.4, 0.04, 0.51, 99, 99, 99]
--- num:  29
list:  [0.55, 0.55, 1, 1, 0.98, 0.98, 0.16199999999999998, 0.16199999999999998, 0.37, 0.37, 0.37, 0.35, 0.18, 0.16499999999999998, 1, 0.24, 0.975, 0.64, 0.27, 0.97, 0.98, 0.27, 0.27, 0.67, 0.4, 0.66, 0.4, 0.02, 0.5, 99, 99, 99]
--- num:  29
list:  [0.52, 0.52, 0.98, 0.98, 1, 1, 0.16199999999999998, 0.16199999999999998, 0.39, 0.39, 0.36, 0.36, 0.18, 0.14999999999999997, 1, 0.23, 0.98, 0.63, 0.26, 0.98, 0.98, 0.26, 0.26, 0.67, 0.4, 0.65, 0.4, 0.02, 0.51, 99, 99, 99]
--- num:  29
list:  [0.5, 0.5, 0.94, 0.94, 1, 1, 0.16199999999999998, 0.16199999999999998, 0.41, 0.41, 0.34, 0.38, 0.16499999999999998, 0.14999999999999997, 1, 0.22, 0.98, 0.63, 0.26, 0.98, 0.98, 0.26, 0.26, 0.66, 0.4, 0.65, 0.41, 0.02, 0.52, 99, 99, 99]
--- num:  29
list:  [0.5, 0.5, 0.93, 0.93, 1, 1, 0.16199999999999998, 0.16199999999999998, 0.43, 0.43, 0.33, 0.39, 0.14999999999999997, 0.11999999999999994, 1, 0.22, 0.99, 0.63, 0.26, 0.99, 0.99, 0.26, 0.26, 0.65, 0.41, 0.63, 0.41, 0.02, 0.53, 99, 99, 99]
--- num:  29
list:  [0.49, 0.49, 0.91, 0.91, 1, 1, 0.16199999999999998, 0.16199999999999998, 0.45, 0.45, 0.32, 0.4, 0.16499999999999998, 0.13499999999999995, 1, 0.22, 0.99, 0.63, 0.26, 0.99, 0.99, 0.26, 0.26, 0.66, 0.4, 0.64, 0.41, 0.02, 0.53, 99, 99, 99]
--- num:  29
list:  [0.49, 0.49, 0.91, 0.91, 1, 1, 0.16199999999999998, 0.16199999999999998, 0.45, 0.45, 0.32, 0.4, 0.16499999999999998, 0.13499999999999995, 1, 0.22, 0.99, 0.63, 0.26, 0.99, 0.99, 0.26, 0.26, 0.66, 0.4, 0.64, 0.41, 0.02, 0.53, 99, 99, 99]
--- num:  29
list:  [0.5, 0.5, 0.93, 0.93, 1, 1, 0.44645307540893553, 0.4431525874137878, 0.25, 0.25, 0.34, 0.38, 0.14999999999999997, 0.11999999999999994, 1, 0.22, 0.99, 0.63, 0.27, 0.99, 0.99, 0.27, 0.27, 0.65, 0.41, 0.63, 0.42, 0.02, 0.58, 99, 99, 99]
--- num:  29
list:  [0.5, 0.5, 0.92, 0.92, 1, 1, 0.16199999999999998, 0.16199999999999998, 0.35, 0.35, 0.33, 0.39, 0.13499999999999995, 0.10499999999999993, 1, 0.22, 0.99, 0.63, 0.26, 0.99, 0.99, 0.26, 0.26, 0.64, 0.41, 0.62, 0.42, 0.02, 0.59, 99, 99, 99]
--- num:  29
list:  [0.51, 0.51, 0.96, 0.96, 1, 1, 0.16199999999999998, 0.16199999999999998, 0.38, 0.38, 0.33, 0.39, 0.11999999999999994, 0.0749999999999999, 1, 0.22, 0.99, 0.63, 0.25, 0.99, 0.99, 0.25, 0.25, 0.63, 0.42, 0.6, 0.43, 0.01, 0.6, 99, 99, 99]
--- num:  29
list:  [0.52, 0.52, 0.97, 0.97, 1, 1, 0.16199999999999998, 0.16199999999999998, 0.37, 0.37, 0.33, 0.39, 0.10499999999999993, 0.0749999999999999, 1, 0.22, 0.99, 0.62, 0.25, 0.99, 0.99, 0.25, 0.25, 0.62, 0.42, 0.6, 0.43, 0.01, 0.6, 99, 99, 99]
--- num:  29
list:  [0.52, 0.52, 0.98, 0.98, 1, 1, 0.16199999999999998, 0.16199999999999998, 0.35, 0.35, 0.35, 0.38, 0.10499999999999993, 0.0749999999999999, 1, 0.21, 0.99, 0.62, 0.25, 0.99, 0.99, 0.25, 0.25, 0.62, 0.42, 0.6, 0.43, 0.01, 0.61, 99, 99, 99]
--- num:  29
list:  [0.52, 0.52, 0.99, 0.99, 1, 1, 0.16199999999999998, 0.16199999999999998, 0.33, 0.33, 0.36, 0.36, 0.10499999999999993, 0.0749999999999999, 1, 0.21, 0.99, 0.62, 0.25, 0.99, 0.99, 0.25, 0.25, 0.62, 0.42, 0.6, 0.43, 0.01, 0.61, 99, 99, 99]
--- num:  29
list:  [0.53, 0.53, 0.99, 0.99, 1, 1, 0.16199999999999998, 0.16199999999999998, 0.32, 0.32, 0.37, 0.36, 0.08999999999999991, 0.05999999999999989, 1, 0.21, 0.99, 0.62, 0.25, 0.99, 0.99, 0.25, 0.25, 0.61, 0.42, 0.59, 0.43, 0.01, 0.61, 99, 99, 99]
--- num:  29
list:  [0.53, 0.53, 1.0, 1.0, 1, 1, 0.16199999999999998, 0.16199999999999998, 0.3, 0.3, 0.37, 0.35, 0.05999999999999989, 0.02999999999999986, 1, 0.21, 0.99, 0.62, 0.25, 0.99, 0.99, 0.25, 0.25, 0.59, 0.43, 0.57, 0.44, 0.01, 0.61, 99, 99, 99]
--- num:  29
list:  [0.53, 0.53, 1.0, 1.0, 1, 1, 0.16199999999999998, 0.16199999999999998, 0.35, 0.35, 0.65, 0.09, 0.04499999999999987, 0.02999999999999986, 1, 0.21, 0.99, 0.62, 0.25, 0.99, 0.99, 0.25, 0.25, 0.58, 0.43, 0.57, 0.44, 0.01, 0.6, 99, 99, 99]
--- num:  29
list:  [0.53, 0.53, 0.99, 0.99, 1, 1, 0.16199999999999998, 0.16199999999999998, 0.33, 0.33, 0.64, 0.09, 0.05999999999999989, 0.02999999999999986, 1, 0.21, 0.99, 0.62, 0.25, 0.99, 0.99, 0.25, 0.25, 0.59, 0.43, 0.57, 0.44, 0.01, 0.6, 99, 99, 99]
--- num:  29
list:  [0.52, 0.52, 0.99, 0.99, 1, 1, 0.16199999999999998, 0.16199999999999998, 0.32, 0.32, 0.62, 0.11, 0.05999999999999989, 0.02999999999999986, 1, 0.22, 0.99, 0.62, 0.25, 0.99, 0.99, 0.25, 0.25, 0.59, 0.43, 0.57, 0.44, 0.01, 0.61, 99, 99, 99]
--- num:  29
list:  [0.52, 0.52, 0.98, 0.98, 1, 1, 0.16199999999999998, 0.16199999999999998, 0.34, 0.34, 0.62, 0.11, 0.05999999999999989, 0.04499999999999987, 1, 0.22, 0.99, 0.62, 0.25, 0.99, 0.99, 0.25, 0.25, 0.59, 0.43, 0.58, 0.44, 0.01, 0.61, 99, 99, 99]
--- num:  29
list:  [0.52, 0.52, 0.98, 0.98, 1, 1, 0.16199999999999998, 0.16199999999999998, 0.27, 0.27, 0.38, 0.34, 0.08999999999999991, 0.05999999999999989, 1, 0.22, 0.99, 0.62, 0.25, 0.99, 0.99, 0.25, 0.25, 0.61, 0.43, 0.59, 0.43, 0.01, 0.61, 99, 99, 99]
--- num:  29
list:  [0.51, 0.51, 0.96, 0.96, 1, 1, 0.16199999999999998, 0.16199999999999998, 0.33, 0.33, 0.37, 0.35, 0.11999999999999994, 0.10499999999999993, 1, 0.22, 0.99, 0.62, 0.25, 0.99, 0.99, 0.25, 0.25, 0.63, 0.41, 0.62, 0.42, 0.01, 0.58, 99, 99, 99]
--- num:  29
list:  [0.71, 0.71, 1, 1, 0.86, 0.86, 0.4860107707977295, 0.48485700368881224, 0.19, 0.19, 0.36, 0.37, 0.015000000000000013, 0.015000000000000013, 1, 0.39, 0.9299999999999999, 0.75, 0.43, 0.92, 0.94, 0.43, 0.43, 0.56, 0.45, 0.56, 0.45, 0.03, 0.6, 99, 99, 99]
--- num:  29
list:  [0.92, 0.92, 1, 1, 0.68, 0.68, 0.16199999999999998, 0.16199999999999998, 0.33, 0.33, 0.38, 0.34, 0, 0, 1, 0.46, 0.95, 0.81, 0.53, 0.95, 0.95, 0.53, 0.53, 0.38, 0.79, 0.39, 0.76, 0.08, 0.99, 99, 99, 99]
--- num:  29
list:  [0.92, 0.92, 1, 1, 0.68, 0.68, 0.16199999999999998, 0.16199999999999998, 0.32, 0.32, 0.39, 0.34, 0, 0, 1, 0.46, 0.95, 0.81, 0.55, 0.95, 0.95, 0.55, 0.55, 0.34, 0.85, 0.36, 0.82, 0.09, 1, 99, 99, 99]
--- num:  29
list:  [0.92, 0.92, 1, 1, 0.68, 0.68, 0.16199999999999998, 0.16199999999999998, 0.29, 0.29, 0.4, 0.33, 0, 0, 1, 0.45, 0.95, 0.8, 0.56, 0.95, 0.95, 0.56, 0.56, 0.31, 0.92, 0.33, 0.88, 0.12, 1, 99, 99, 99]
--- num:  29
list:  [0.92, 0.92, 1, 1, 0.68, 0.68, 0.16199999999999998, 0.16199999999999998, 0.28, 0.28, 0.4, 0.32, 0, 0, 1, 0.43, 0.95, 0.79, 0.56, 0.95, 0.95, 0.56, 0.56, 0.31, 0.92, 0.33, 0.88, 0.12, 1, 99, 99, 99]
--- num:  29
list:  [0.92, 0.92, 1, 1, 0.68, 0.68, 0.16199999999999998, 0.16199999999999998, 0.25, 0.25, 0.4, 0.32, 0, 0, 1, 0.4, 0.95, 0.76, 0.56, 0.95, 0.95, 0.56, 0.56, 0.31, 0.92, 0.33, 0.88, 0.13, 1, 99, 99, 99]
--- num:  29
list:  [0.92, 0.92, 1, 1, 0.68, 0.68, 0.16199999999999998, 0.16199999999999998, 0.25, 0.25, 0.4, 0.32, 0, 0, 1, 0.39, 0.95, 0.76, 0.56, 0.95, 0.95, 0.56, 0.56, 0.31, 0.92, 0.33, 0.87, 0.12, 1, 99, 99, 99]
--- num:  29
list:  [0.92, 0.92, 1, 1, 0.68, 0.68, 0.16199999999999998, 0.16199999999999998, 0.25, 0.25, 0.41, 0.32, 0, 0, 1, 0.39, 0.95, 0.76, 0.56, 0.95, 0.95, 0.56, 0.56, 0.31, 0.92, 0.34, 0.87, 0.11, 1, 99, 99, 99]
--- num:  29
list:  [0.92, 0.92, 1, 1, 0.68, 0.68, 0.16199999999999998, 0.16199999999999998, 0.24, 0.24, 0.41, 0.32, 0, 0, 1, 0.39, 0.95, 0.75, 0.56, 0.95, 0.95, 0.56, 0.56, 0.31, 0.91, 0.34, 0.86, 0.11, 1, 99, 99, 99]
--- num:  29
list:  [0.92, 0.92, 1, 1, 0.68, 0.68, 0.16199999999999998, 0.16199999999999998, 0.23, 0.23, 0.41, 0.31, 0, 0, 1, 0.39, 0.94, 0.75, 0.56, 0.94, 0.94, 0.56, 0.56, 0.32, 0.89, 0.35, 0.84, 0.11, 1, 99, 99, 99]
--- num:  29
list:  [0.92, 0.92, 1, 1, 0.68, 0.68, 0.16199999999999998, 0.16199999999999998, 0.21, 0.21, 0.42, 0.3, 0, 0, 0.75, 0.36, 0.93, 0.73, 0.56, 0.93, 0.93, 0.56, 0.56, 0.33, 0.88, 0.36, 0.83, 0.11, 1, 99, 99, 99]
--- num:  29
list:  [0.92, 0.92, 1, 1, 0.68, 0.68, 0.16199999999999998, 0.16199999999999998, 0.2, 0.2, 0.42, 0.31, 0, 0, 0.75, 0.36, 0.91, 0.73, 0.56, 0.91, 0.91, 0.56, 0.56, 0.35, 0.85, 0.37, 0.8, 0.11, 1, 99, 99, 99]
--- num:  29
list:  [0.92, 0.92, 1, 1, 0.68, 0.68, 0.16199999999999998, 0.16199999999999998, 0.2, 0.2, 0.42, 0.31, 0, 0, 0.75, 0.36, 0.9, 0.73, 0.56, 0.9, 0.9, 0.56, 0.56, 0.35, 0.84, 0.38, 0.79, 0.11, 1, 99, 99, 99]
--- num:  29
list:  [0.9, 0.9, 1, 1, 0.7, 0.7, 0.16199999999999998, 0.16199999999999998, 0.2, 0.2, 0.42, 0.3, 0, 0, 0.75, 0.36, 0.89, 0.73, 0.56, 0.89, 0.89, 0.56, 0.56, 0.37, 0.81, 0.39, 0.76, 0.11, 1, 99, 99, 99]
--- num:  29
list:  [0.89, 0.89, 1, 1, 0.71, 0.71, 0.16199999999999998, 0.16199999999999998, 0.2, 0.2, 0.42, 0.3, 0, 0, 0.75, 0.35, 0.88, 0.73, 0.56, 0.88, 0.88, 0.56, 0.56, 0.38, 0.77, 0.41, 0.72, 0.1, 1, 99, 99, 99]
--- num:  29
list:  [0.88, 0.88, 1, 1, 0.71, 0.71, 0.16199999999999998, 0.16199999999999998, 0.2, 0.2, 0.43, 0.3, 0, 0, 0.75, 0.35, 0.88, 0.72, 0.56, 0.88, 0.88, 0.56, 0.56, 0.39, 0.76, 0.42, 0.71, 0.1, 1, 99, 99, 99]
--- num:  29
list:  [0.88, 0.88, 1, 1, 0.71, 0.71, 0.16199999999999998, 0.16199999999999998, 0.21, 0.21, 0.44, 0.29, 0, 0, 0.75, 0.34, 0.87, 0.72, 0.56, 0.87, 0.87, 0.56, 0.56, 0.42, 0.7, 0.44, 0.66, 0.1, 1, 99, 99, 99]
--- num:  29
list:  [0.87, 0.87, 1, 1, 0.72, 0.72, 0.16199999999999998, 0.16199999999999998, 0.23, 0.23, 0.48, 0.24, 0, 0, 0.75, 0.34, 0.87, 0.72, 0.56, 0.87, 0.87, 0.56, 0.56, 0.43, 0.68, 0.45, 0.65, 0.1, 1, 99, 99, 99]
--- num:  29
list:  [0.87, 0.87, 1, 1, 0.72, 0.72, 0.16199999999999998, 0.16199999999999998, 0.25, 0.25, 0.53, 0.2, 0, 0, 0.75, 0.34, 0.86, 0.72, 0.56, 0.86, 0.86, 0.56, 0.56, 0.46, 0.63, 0.47, 0.6, 0.11, 0.99, 99, 99, 99]
--- num:  29
list:  [0.86, 0.86, 1, 1, 0.73, 0.73, 0.16199999999999998, 0.16199999999999998, 0.24, 0.24, 0.49, 0.24, 0, 0, 0.75, 0.34, 0.85, 0.72, 0.56, 0.85, 0.85, 0.56, 0.56, 0.44, 0.66, 0.47, 0.61, 0.1, 1, 99, 99, 99]
--- num:  29
list:  [0.85, 0.85, 1, 1, 0.74, 0.74, 0.16199999999999998, 0.16199999999999998, 0.25, 0.25, 0.39, 0.34, 0, 0, 0.75, 0.34, 0.865, 0.72, 0.56, 0.86, 0.87, 0.56, 0.56, 0.4, 0.73, 0.42, 0.7, 0.09, 1, 99, 99, 99]
--- num:  29
list:  [0.83, 0.83, 1, 1, 0.76, 0.76, 0.16199999999999998, 0.16199999999999998, 0.26, 0.26, 0.32, 0.4, 0, 0, 0.75, 0.35, 0.865, 0.72, 0.56, 0.86, 0.87, 0.56, 0.56, 0.45, 0.65, 0.46, 0.62, 0.09, 1, 99, 99, 99]
--- num:  29
list:  [0.81, 0.81, 1, 1, 0.77, 0.77, 0.16199999999999998, 0.16199999999999998, 0.27, 0.27, 0.29, 0.43, 0, 0, 0.75, 0.35, 0.87, 0.72, 0.56, 0.86, 0.88, 0.56, 0.56, 0.45, 0.64, 0.47, 0.6, 0.1, 1, 99, 99, 99]
--- num:  29
list:  [0.8, 0.8, 1, 1, 0.78, 0.78, 0.16199999999999998, 0.16199999999999998, 0.27, 0.27, 0.27, 0.46, 0, 0, 0.75, 0.35, 0.88, 0.72, 0.56, 0.87, 0.89, 0.56, 0.56, 0.48, 0.58, 0.5, 0.55, 0.1, 1, 99, 99, 99]
--- num:  29
list:  [0.78, 0.78, 1, 1, 0.8, 0.8, 0.16199999999999998, 0.16199999999999998, 0.27, 0.27, 0.26, 0.46, 0, 0, 0.75, 0.34, 0.88, 0.72, 0.56, 0.87, 0.89, 0.56, 0.56, 0.49, 0.56, 0.5, 0.54, 0.1, 1, 99, 99, 99]
--- num:  29
list:  [0.78, 0.78, 1, 1, 0.8, 0.8, 0.16199999999999998, 0.16199999999999998, 0.28, 0.28, 0.26, 0.46, 0, 0, 0.75, 0.34, 0.88, 0.72, 0.56, 0.87, 0.89, 0.56, 0.56, 0.49, 0.58, 0.5, 0.55, 0.1, 1, 99, 99, 99]
--- num:  29
list:  [0.79, 0.79, 1, 1, 0.79, 0.79, 0.16199999999999998, 0.16199999999999998, 0.29, 0.29, 0.33, 0.4, 0, 0, 0.75, 0.34, 0.89, 0.72, 0.56, 0.88, 0.9, 0.56, 0.56, 0.48, 0.59, 0.49, 0.56, 0.1, 1, 99, 99, 99]
--- num:  29
list:  [0.79, 0.79, 1, 1, 0.79, 0.79, 0.16199999999999998, 0.16199999999999998, 0.29, 0.29, 0.34, 0.38, 0, 0, 1, 0.34, 0.9, 0.72, 0.56, 0.89, 0.91, 0.56, 0.56, 0.47, 0.6, 0.49, 0.57, 0.1, 1, 99, 99, 99]
--- num:  29
list:  [0.79, 0.79, 1, 1, 0.79, 0.79, 0.16199999999999998, 0.16199999999999998, 0.29, 0.29, 0.4, 0.32, 0, 0, 1, 0.34, 0.895, 0.71, 0.56, 0.89, 0.9, 0.56, 0.56, 0.47, 0.61, 0.48, 0.58, 0.1, 1, 99, 99, 99]
--- num:  29
list:  [0.79, 0.79, 1, 1, 0.79, 0.79, 0.5557415294647217, 0.5551184821128845, 0.14, 0.14, 0.41, 0.31, 0.05999999999999989, 0.10499999999999993, 1, 0.35, 0.855, 0.73, 0.56, 0.84, 0.87, 0.56, 0.56, 0.59, 0.43, 0.62, 0.42, 0.1, 1, 99, 99, 99]
--- num:  29
list:  [0.79, 0.79, 1, 1, 0.79, 0.79, 0.16199999999999998, 0.16199999999999998, 0.27, 0.27, 0.44, 0.28, 0, 0.02999999999999986, 1, 0.36, 0.86, 0.73, 0.56, 0.85, 0.87, 0.56, 0.56, 0.55, 0.45, 0.57, 0.44, 0.1, 0.96, 99, 99, 99]
--- num:  29
list:  [0.78, 0.78, 1, 1, 0.79, 0.79, 0.16199999999999998, 0.16199999999999998, 0.3, 0.3, 0.46, 0.26, 0, 0, 1, 0.34, 0.865, 0.72, 0.56, 0.86, 0.87, 0.56, 0.56, 0.52, 0.5, 0.54, 0.48, 0.1, 1, 99, 99, 99]
--- num:  29
list:  [0.79, 0.79, 1, 1, 0.79, 0.79, 0.16199999999999998, 0.16199999999999998, 0.3, 0.3, 0.47, 0.26, 0, 0, 0.75, 0.34, 0.865, 0.71, 0.56, 0.86, 0.87, 0.56, 0.56, 0.52, 0.51, 0.53, 0.48, 0.1, 1, 99, 99, 99]
--- num:  29
list:  [0.8, 0.8, 1, 1, 0.78, 0.78, 0.16199999999999998, 0.16199999999999998, 0.29, 0.3, 0.46, 0.26, 0, 0, 0.75, 0.33, 0.87, 0.71, 0.56, 0.86, 0.88, 0.56, 0.56, 0.5, 0.55, 0.51, 0.52, 0.09, 1, 99, 99, 99]
--- num:  29
list:  [0.8, 0.8, 1, 1, 0.78, 0.78, 0.16199999999999998, 0.16199999999999998, 0.29, 0.29, 0.46, 0.27, 0, 0, 0.75, 0.33, 0.875, 0.71, 0.56, 0.87, 0.88, 0.56, 0.56, 0.5, 0.56, 0.51, 0.52, 0.09, 1, 99, 99, 99]
--- num:  29
list:  [0.76, 0.76, 1, 1, 0.82, 0.82, 0.9339207220077514, 0.9338748264312744, 0.22, 0.22, 0.42, 0.31, 0.0749999999999999, 0.11999999999999994, 1, 0.37, 0.8200000000000001, 0.74, 0.56, 0.81, 0.83, 0.56, 0.56, 0.6, 0.43, 0.63, 0.41, 0.09, 1, 99, 99, 99]
--- num:  29
list:  [0.76, 0.76, 1, 1, 0.81, 0.81, 0.16199999999999998, 0.16199999999999998, 0.29, 0.29, 0.41, 0.31, 0, 0, 1, 0.34, 0.865, 0.72, 0.56, 0.86, 0.87, 0.56, 0.56, 0.51, 0.53, 0.52, 0.5, 0.09, 1, 99, 99, 99]
--- num:  29
list:  [0.77, 0.77, 1, 1, 0.81, 0.81, 0.16199999999999998, 0.16199999999999998, 0.31, 0.31, 0.4, 0.32, 0, 0, 1, 0.34, 0.875, 0.72, 0.56, 0.87, 0.88, 0.56, 0.56, 0.5, 0.55, 0.51, 0.52, 0.09, 1, 99, 99, 99]
--- num:  29
list:  [0.78, 0.78, 1, 1, 0.79, 0.79, 0.16199999999999998, 0.16199999999999998, 0.34, 0.34, 0.39, 0.33, 0, 0, 1, 0.33, 0.88, 0.71, 0.56, 0.87, 0.89, 0.56, 0.56, 0.46, 0.62, 0.48, 0.59, 0.1, 1, 99, 99, 99]
--- num:  29
list:  [0.79, 0.79, 1, 1, 0.79, 0.79, 0.16199999999999998, 0.16199999999999998, 0.34, 0.34, 0.39, 0.33, 0, 0, 1, 0.33, 0.885, 0.71, 0.56, 0.88, 0.89, 0.56, 0.56, 0.45, 0.64, 0.47, 0.6, 0.1, 1, 99, 99, 99]
--- num:  29
list:  [0.79, 0.79, 1, 1, 0.79, 0.79, 0.16199999999999998, 0.16199999999999998, 0.33, 0.33, 0.38, 0.34, 0, 0, 1, 0.33, 0.895, 0.71, 0.56, 0.89, 0.9, 0.56, 0.56, 0.42, 0.71, 0.43, 0.67, 0.1, 1, 99, 99, 99]
--- num:  29
list:  [0.79, 0.79, 1, 1, 0.79, 0.79, 0.16199999999999998, 0.16199999999999998, 0.33, 0.33, 0.37, 0.35, 0, 0, 1, 0.33, 0.895, 0.71, 0.56, 0.89, 0.9, 0.56, 0.56, 0.43, 0.69, 0.44, 0.66, 0.1, 1, 99, 99, 99]
--- num:  29
list:  [0.79, 0.79, 1, 1, 0.79, 0.79, 0.16199999999999998, 0.16199999999999998, 0.35, 0.35, 0.62, 0.11, 0, 0, 1, 0.33, 0.895, 0.71, 0.56, 0.89, 0.9, 0.56, 0.56, 0.43, 0.69, 0.44, 0.66, 0.09, 1, 99, 99, 99]
--- num:  29
list:  [0.81, 0.81, 1, 1, 0.78, 0.78, 0.16199999999999998, 0.16199999999999998, 0.34, 0.34, 0.62, 0.11, 0, 0, 0.75, 0.34, 0.9, 0.71, 0.56, 0.9, 0.9, 0.56, 0.56, 0.42, 0.71, 0.43, 0.68, 0.09, 1, 99, 99, 99]
--- num:  29
list:  [0.86, 0.86, 1, 1, 0.73, 0.73, 0.16199999999999998, 0.16199999999999998, 0.37, 0.37, 0.65, 0.08, 0, 0, 0.75, 0.34, 0.905, 0.72, 0.56, 0.9, 0.91, 0.56, 0.56, 0.38, 0.77, 0.4, 0.75, 0.09, 1, 99, 99, 99]
--- num:  29
list:  [0.92, 0.92, 1, 1, 0.68, 0.68, 0.16199999999999998, 0.16199999999999998, 0.36, 0.36, 0.7, 0.03, 0, 0, 1, 0.36, 0.935, 0.74, 0.56, 0.93, 0.94, 0.56, 0.56, 0.34, 0.86, 0.35, 0.83, 0.1, 1, 99, 99, 99]
--- num:  29
list:  [0.92, 0.92, 1, 1, 0.68, 0.68, 0.16199999999999998, 0.16199999999999998, 0.34, 0.34, 0.71, 0.03, 0, 0, 1, 0.37, 0.94, 0.74, 0.56, 0.94, 0.94, 0.56, 0.56, 0.32, 0.9, 0.33, 0.87, 0.12, 1, 99, 99, 99]
--- num:  29
list:  [0.92, 0.92, 1, 1, 0.68, 0.68, 0.16199999999999998, 0.16199999999999998, 0.33, 0.33, 0.7, 0.03, 0, 0, 1, 0.37, 0.95, 0.74, 0.56, 0.95, 0.95, 0.56, 0.56, 0.31, 0.91, 0.33, 0.88, 0.12, 1, 99, 99, 99]
--- num:  29
list:  [0.92, 0.92, 1, 1, 0.68, 0.68, 0.16199999999999998, 0.16199999999999998, 0.33, 0.33, 0.69, 0.05, 0, 0, 1, 0.36, 0.95, 0.74, 0.56, 0.95, 0.95, 0.56, 0.56, 0.31, 0.91, 0.33, 0.88, 0.12, 1, 99, 99, 99]
--- num:  29
list:  [0.92, 0.92, 1, 1, 0.68, 0.68, 0.16199999999999998, 0.16199999999999998, 0.31, 0.31, 0.67, 0.06, 0, 0, 1, 0.36, 0.95, 0.73, 0.56, 0.95, 0.95, 0.56, 0.56, 0.31, 0.92, 0.33, 0.88, 0.13, 1, 99, 99, 99]
--- num:  29
list:  [0.92, 0.92, 1, 1, 0.68, 0.68, 0.16199999999999998, 0.16199999999999998, 0.32, 0.32, 0.68, 0.05, 0, 0, 1, 0.36, 0.95, 0.73, 0.56, 0.95, 0.95, 0.56, 0.56, 0.31, 0.92, 0.33, 0.87, 0.13, 1, 99, 99, 99]
--- num:  29
list:  [0.92, 0.92, 1, 1, 0.68, 0.68, 0.16199999999999998, 0.16199999999999998, 0.31, 0.31, 0.65, 0.09, 0, 0, 1, 0.35, 0.95, 0.73, 0.56, 0.95, 0.95, 0.56, 0.56, 0.31, 0.92, 0.33, 0.87, 0.13, 1, 99, 99, 99]
--- num:  29
list:  [0.92, 0.92, 1, 1, 0.68, 0.68, 0.16199999999999998, 0.16199999999999998, 0.31, 0.31, 0.65, 0.08, 0, 0, 1, 0.35, 0.95, 0.72, 0.56, 0.95, 0.95, 0.56, 0.56, 0.31, 0.92, 0.34, 0.87, 0.13, 1, 99, 99, 99]
--- num:  29
list:  [0.92, 0.92, 1, 1, 0.68, 0.68, 0.16199999999999998, 0.16199999999999998, 0.32, 0.32, 0.67, 0.07, 0, 0, 1, 0.34, 0.95, 0.72, 0.56, 0.95, 0.95, 0.56, 0.56, 0.32, 0.9, 0.34, 0.85, 0.12, 1, 99, 99, 99]
--- num:  29
list:  [0.92, 0.92, 1, 1, 0.68, 0.68, 0.16199999999999998, 0.16199999999999998, 0.32, 0.32, 0.68, 0.05, 0, 0, 1, 0.34, 0.95, 0.71, 0.56, 0.95, 0.95, 0.56, 0.56, 0.32, 0.9, 0.35, 0.84, 0.12, 1, 99, 99, 99]
--- num:  29
list:  [0.92, 0.92, 1, 1, 0.68, 0.68, 0.16199999999999998, 0.16199999999999998, 0.32, 0.32, 0.69, 0.05, 0, 0, 1, 0.34, 0.945, 0.71, 0.56, 0.95, 0.94, 0.56, 0.56, 0.33, 0.89, 0.35, 0.84, 0.12, 1, 99, 99, 99]
--- num:  29
list:  [0.92, 0.92, 1, 1, 0.68, 0.68, 0.16199999999999998, 0.16199999999999998, 0.24, 0.24, 0.44, 0.28, 0, 0, 1, 0.32, 0.94, 0.7, 0.56, 0.94, 0.94, 0.56, 0.56, 0.33, 0.87, 0.36, 0.82, 0.12, 1, 99, 99, 99]
--- num:  29
list:  [0.92, 0.92, 1, 1, 0.68, 0.68, 0.16199999999999998, 0.16199999999999998, 0.21, 0.21, 0.42, 0.3, 0, 0, 1, 0.3, 0.94, 0.69, 0.56, 0.94, 0.94, 0.56, 0.56, 0.36, 0.83, 0.38, 0.79, 0.12, 1, 99, 99, 99]
--- num:  29
list:  [0.92, 0.92, 1, 1, 0.68, 0.68, 0.16199999999999998, 0.16199999999999998, 0.21, 0.21, 0.42, 0.3, 0, 0, 1, 0.29, 0.94, 0.68, 0.56, 0.94, 0.94, 0.56, 0.56, 0.37, 0.8, 0.4, 0.75, 0.12, 1, 99, 99, 99]
--- num:  29
list:  [0.92, 0.92, 1, 1, 0.68, 0.68, 0.16199999999999998, 0.16199999999999998, 0.21, 0.21, 0.42, 0.31, 0, 0, 1, 0.29, 0.935, 0.68, 0.56, 0.94, 0.93, 0.56, 0.56, 0.36, 0.82, 0.38, 0.78, 0.13, 1, 99, 99, 99]
--- num:  29
list:  [0.92, 0.92, 1, 1, 0.68, 0.68, 0.16199999999999998, 0.16199999999999998, 0.22, 0.22, 0.42, 0.31, 0, 0, 1, 0.29, 0.94, 0.68, 0.56, 0.94, 0.94, 0.56, 0.56, 0.35, 0.84, 0.37, 0.8, 0.13, 1, 99, 99, 99]
--- num:  29
list:  [0.92, 0.92, 1, 1, 0.68, 0.68, 0.16199999999999998, 0.16199999999999998, 0.22, 0.22, 0.41, 0.32, 0, 0, 1, 0.28, 0.94, 0.68, 0.56, 0.94, 0.94, 0.56, 0.56, 0.35, 0.85, 0.37, 0.81, 0.12, 1, 99, 99, 99]
--- num:  29
list:  [0.92, 0.92, 1, 1, 0.68, 0.68, 0.16199999999999998, 0.16199999999999998, 0.22, 0.22, 0.4, 0.32, 0, 0, 1, 0.28, 0.94, 0.68, 0.56, 0.94, 0.94, 0.56, 0.56, 0.36, 0.81, 0.38, 0.77, 0.12, 1, 99, 99, 99]
--- num:  29
list:  [0.92, 0.92, 1, 1, 0.68, 0.68, 0.16199999999999998, 0.16199999999999998, 0.37, 0.37, 0.74, -0.0, 0, 0, 1, 0.3, 0.935, 0.69, 0.56, 0.94, 0.93, 0.56, 0.56, 0.39, 0.76, 0.41, 0.71, 0.11, 1, 99, 99, 99]
--- num:  29
list:  [0.92, 0.92, 1, 1, 0.68, 0.68, 0.16199999999999998, 0.16199999999999998, 0.37, 0.37, 0.76, -0.02, 0, 0, 1, 0.31, 0.93, 0.69, 0.56, 0.93, 0.93, 0.56, 0.56, 0.39, 0.77, 0.41, 0.72, 0.1, 1, 99, 99, 99]
--- num:  29
list:  [0.92, 0.92, 1, 1, 0.68, 0.68, 0.16199999999999998, 0.16199999999999998, 0.37, 0.37, 0.74, -0.0, 0, 0, 1, 0.32, 0.93, 0.7, 0.56, 0.93, 0.93, 0.56, 0.56, 0.37, 0.8, 0.4, 0.75, 0.1, 1, 99, 99, 99]
--- num:  29
list:  [0.92, 0.92, 1, 1, 0.68, 0.68, 0.16199999999999998, 0.16199999999999998, 0.38, 0.38, 0.72, 0.02, 0, 0, 1, 0.32, 0.925, 0.7, 0.56, 0.93, 0.92, 0.56, 0.56, 0.37, 0.79, 0.39, 0.76, 0.1, 1, 99, 99, 99]
--- num:  29
list:  [0.92, 0.92, 1, 1, 0.68, 0.68, 0.16199999999999998, 0.16199999999999998, 0.38, 0.38, 0.72, 0.02, 0, 0, 1, 0.32, 0.93, 0.7, 0.56, 0.93, 0.93, 0.56, 0.56, 0.36, 0.81, 0.38, 0.78, 0.1, 1, 99, 99, 99]
--- num:  29
list:  [0.92, 0.92, 1, 1, 0.68, 0.68, 0.16199999999999998, 0.16199999999999998, 0.41, 0.41, 0.7, 0.04, 0, 0, 1, 0.31, 0.93, 0.69, 0.56, 0.93, 0.93, 0.56, 0.56, 0.37, 0.8, 0.39, 0.76, 0.11, 1, 99, 99, 99]
--- num:  29
list:  [0.92, 0.92, 1, 1, 0.68, 0.68, 0.16199999999999998, 0.16199999999999998, 0.36, 0.36, 0.54, 0.18, 0, 0, 1, 0.3, 0.94, 0.69, 0.56, 0.94, 0.94, 0.56, 0.56, 0.39, 0.76, 0.42, 0.7, 0.11, 1, 99, 99, 99]
--- num:  29
list:  [0.92, 0.92, 1, 1, 0.68, 0.68, 0.16199999999999998, 0.16199999999999998, 0.25, 0.25, 0.37, 0.36, 0, 0, 1, 0.29, 0.95, 0.68, 0.56, 0.95, 0.95, 0.56, 0.56, 0.38, 0.78, 0.41, 0.73, 0.12, 1, 99, 99, 99]
--- num:  29
list:  [0.92, 0.92, 1, 1, 0.68, 0.68, 0.16199999999999998, 0.16199999999999998, 0.26, 0.26, 0.36, 0.36, 0, 0, 1, 0.29, 0.95, 0.68, 0.56, 0.95, 0.95, 0.56, 0.56, 0.4, 0.74, 0.43, 0.69, 0.12, 1, 99, 99, 99]
--- num:  29
list:  [0.92, 0.92, 1, 1, 0.68, 0.68, 0.16199999999999998, 0.16199999999999998, 0.24, 0.24, 0.34, 0.39, 0, 0, 1, 0.28, 0.95, 0.68, 0.56, 0.95, 0.95, 0.56, 0.56, 0.38, 0.78, 0.41, 0.73, 0.12, 1, 99, 99, 99]
--- num:  29
list:  [0.92, 0.92, 1, 1, 0.68, 0.68, 0.16199999999999998, 0.16199999999999998, 0.26, 0.26, 0.34, 0.38, 0, 0, 1, 0.28, 0.945, 0.68, 0.56, 0.94, 0.95, 0.56, 0.56, 0.49, 0.58, 0.52, 0.52, 0.12, 1, 99, 99, 99]
--- num:  29
list:  [0.92, 0.92, 1, 1, 0.68, 0.68, 0.16199999999999998, 0.16199999999999998, 0.3, 0.3, 0.8, -0.05, 0, 0, 1, 0.29, 0.925, 0.68, 0.56, 0.92, 0.93, 0.56, 0.56, 0.48, 0.59, 0.5, 0.54, 0.11, 1, 99, 99, 99]
--- num:  29
list:  [0.92, 0.92, 1, 1, 0.68, 0.68, 0.16199999999999998, 0.16199999999999998, 0.33, 0.33, 0.82, -0.08, 0, 0, 1, 0.29, 0.925, 0.68, 0.56, 0.92, 0.93, 0.56, 0.56, 0.44, 0.67, 0.46, 0.62, 0.11, 1, 99, 99, 99]
--- num:  29
list:  [0.92, 0.92, 1, 1, 0.68, 0.68, 0.16199999999999998, 0.16199999999999998, 0.37, 0.37, 0.89, -0.13, 0, 0, 1, 0.29, 0.935, 0.68, 0.56, 0.93, 0.94, 0.56, 0.56, 0.45, 0.64, 0.48, 0.6, 0.11, 1, 99, 99, 99]
--- num:  29
list:  [0.92, 0.92, 1, 1, 0.68, 0.68, 0.16199999999999998, 0.16199999999999998, 0.37, 0.37, 0.88, -0.13, 0, 0, 1, 0.3, 0.93, 0.68, 0.56, 0.93, 0.93, 0.56, 0.56, 0.46, 0.62, 0.48, 0.58, 0.11, 1, 99, 99, 99]
--- num:  29
list:  [0.92, 0.92, 1, 1, 0.68, 0.68, 0.16199999999999998, 0.16199999999999998, 0.36, 0.36, 0.88, -0.13, 0, 0, 1, 0.3, 0.93, 0.68, 0.56, 0.93, 0.93, 0.56, 0.56, 0.47, 0.6, 0.49, 0.56, 0.11, 1, 99, 99, 99]
--- num:  29
list:  [0.9, 0.9, 1, 1, 0.7, 0.7, 0.8940529036521911, 0.8938422012329101, 0.22, 0.22, 0.32, 0.41, 0.22499999999999987, 0.29999999999999993, 1, 0.31, 0.87, 0.69, 0.56, 0.86, 0.88, 0.56, 0.56, 0.7, 0.38, 0.75, 0.36, 0.14, 1, 99, 99, 99]
--- num:  29
list:  [0.92, 0.92, 1, 1, 0.68, 0.68, 0.16199999999999998, 0.16199999999999998, 0.32, 0.32, 0.17, 0.56, 0.04499999999999987, 0.13499999999999995, 1, 0.29, 0.91, 0.68, 0.56, 0.91, 0.91, 0.56, 0.56, 0.58, 0.44, 0.64, 0.41, 0.13, 1, 99, 99, 99]
--- num:  29
list:  [0.92, 0.92, 1, 1, 0.68, 0.68, 0.16199999999999998, 0.16199999999999998, 0.32, 0.32, 0.16, 0.57, 0, 0.08999999999999991, 1, 0.28, 0.915, 0.67, 0.56, 0.92, 0.91, 0.56, 0.56, 0.54, 0.46, 0.61, 0.42, 0.13, 1, 99, 99, 99]
--- num:  29
list:  [0.92, 0.92, 1, 1, 0.68, 0.68, 0.16199999999999998, 0.16199999999999998, 0.32, 0.32, 0.15, 0.58, 0, 0.08999999999999991, 1, 0.28, 0.92, 0.67, 0.56, 0.92, 0.92, 0.56, 0.56, 0.55, 0.46, 0.61, 0.42, 0.13, 1, 99, 99, 99]
--- num:  29
list:  [0.92, 0.92, 1, 1, 0.68, 0.68, 0.16199999999999998, 0.16199999999999998, 0.33, 0.33, 0.18, 0.54, 0.02999999999999986, 0.11999999999999994, 1, 0.27, 0.92, 0.67, 0.56, 0.92, 0.92, 0.56, 0.56, 0.57, 0.44, 0.63, 0.41, 0.12, 1, 99, 99, 99]
--- num:  29
list:  [0.92, 0.92, 1, 1, 0.68, 0.68, 0.16199999999999998, 0.16199999999999998, 0.3, 0.31, 0.28, 0.45, 0.18, 0.2699999999999999, 1, 0.27, 0.905, 0.67, 0.56, 0.91, 0.9, 0.56, 0.56, 0.67, 0.4, 0.73, 0.37, 0.13, 0.88, 99, 99, 99]
--- num:  29
list:  [0.91, 0.91, 1, 1, 0.69, 0.69, 0.3323236513137817, 0.33121506452560423, 0.21, 0.21, 0.03, 0.71, 0.31499999999999995, 0.40499999999999986, 1, 0.27, 0.85, 0.67, 0.56, 0.85, 0.85, 0.56, 0.56, 0.76, 0.35, 0.82, 0.33, 0.14, 0.55, 99, 99, 99]
--- num:  29
list:  [0.92, 0.92, 1, 1, 0.68, 0.68, 0.16199999999999998, 0.16199999999999998, 0.29, 0.29, -0.04, 0.79, 0.2549999999999999, 0.36, 1, 0.27, 0.88, 0.67, 0.56, 0.89, 0.87, 0.56, 0.56, 0.72, 0.38, 0.79, 0.35, 0.15, 0.57, 99, 99, 99]
--- num:  29
list:  [0.92, 0.92, 1, 1, 0.68, 0.68, 0.16199999999999998, 0.16199999999999998, 0.3, 0.3, -0.04, 0.79, 0.2699999999999999, 0.36, 1, 0.27, 0.885, 0.66, 0.56, 0.89, 0.88, 0.56, 0.56, 0.73, 0.37, 0.79, 0.34, 0.15, 0.57, 99, 99, 99]
--- num:  29
list:  [0.92, 0.92, 1, 1, 0.69, 0.69, 0.16199999999999998, 0.16199999999999998, 0.28, 0.28, -0.06, 0.8, 0.2699999999999999, 0.375, 1, 0.27, 0.885, 0.66, 0.56, 0.89, 0.88, 0.56, 0.56, 0.73, 0.37, 0.8, 0.34, 0.15, 0.63, 99, 99, 99]
--- num:  29
list:  [0.92, 0.92, 1, 1, 0.69, 0.69, 0.16199999999999998, 0.16199999999999998, 0.28, 0.28, -0.05, 0.79, 0.2699999999999999, 0.375, 1, 0.26, 0.885, 0.66, 0.56, 0.89, 0.88, 0.56, 0.56, 0.73, 0.37, 0.8, 0.34, 0.15, 0.67, 99, 99, 99]
--- num:  29
list:  [0.91, 0.91, 1, 1, 0.69, 0.69, 0.16199999999999998, 0.16199999999999998, 0.28, 0.28, -0.06, 0.81, 0.2699999999999999, 0.375, 1, 0.26, 0.885, 0.66, 0.56, 0.89, 0.88, 0.56, 0.56, 0.73, 0.37, 0.8, 0.34, 0.15, 0.69, 99, 99, 99]
--- num:  29
list:  [0.91, 0.91, 1, 1, 0.69, 0.69, 0.16199999999999998, 0.16199999999999998, 0.29, 0.29, -0.06, 0.8, 0.2849999999999999, 0.39, 1, 0.26, 0.885, 0.66, 0.56, 0.89, 0.88, 0.56, 0.56, 0.74, 0.37, 0.81, 0.34, 0.15, 0.7, 99, 99, 99]
--- num:  29
list:  [0.91, 0.91, 1, 1, 0.7, 0.7, 0.16199999999999998, 0.16199999999999998, 0.24, 0.24, 0.18, 0.56, 0.31499999999999995, 0.39, 1, 0.26, 0.865, 0.66, 0.56, 0.87, 0.86, 0.56, 0.56, 0.76, 0.36, 0.81, 0.33, 0.14, 0.58, 99, 99, 99]
--- num:  29
list:  [0.84, 0.84, 1, 1, 0.75, 0.75, 0.8211363363265991, 0.8229316878318786, 0.16, 0.16, 0.46, 0.27, 0.345, 0.4199999999999999, 1, 0.27, 0.82, 0.67, 0.56, 0.82, 0.82, 0.56, 0.56, 0.78, 0.35, 0.83, 0.33, 0.13, 0.69, 99, 99, 99]
--- num:  29
list:  [0.87, 0.87, 1, 1, 0.73, 0.73, 0.16199999999999998, 0.16199999999999998, 0.31, 0.31, 0.68, 0.05, 0.2849999999999999, 0.345, 1, 0.28, 0.87, 0.67, 0.56, 0.87, 0.87, 0.56, 0.56, 0.74, 0.37, 0.78, 0.35, 0.11, 0.92, 99, 99, 99]
--- num:  29
list:  [0.87, 0.87, 1, 1, 0.73, 0.73, 0.16199999999999998, 0.16199999999999998, 0.35, 0.35, 0.66, 0.07, 0.20999999999999985, 0.2849999999999999, 1, 0.28, 0.885, 0.67, 0.56, 0.88, 0.89, 0.56, 0.56, 0.69, 0.39, 0.74, 0.37, 0.11, 1, 99, 99, 99]
--- num:  29
list:  [0.87, 0.87, 1, 1, 0.73, 0.73, 0.16199999999999998, 0.16199999999999998, 0.35, 0.35, 0.66, 0.08, 0.18, 0.2549999999999999, 1, 0.29, 0.89, 0.68, 0.56, 0.89, 0.89, 0.56, 0.56, 0.67, 0.4, 0.72, 0.37, 0.11, 1, 99, 99, 99]
--- num:  29
list:  [0.85, 0.85, 1, 1, 0.74, 0.74, 0.16199999999999998, 0.16199999999999998, 0.34, 0.34, 0.59, 0.14, 0.20999999999999985, 0.2699999999999999, 1, 0.29, 0.895, 0.68, 0.56, 0.89, 0.9, 0.56, 0.56, 0.69, 0.39, 0.73, 0.37, 0.11, 1, 99, 99, 99]
--- num:  29
list:  [0.77, 0.77, 1, 1, 0.8, 0.8, 0.4564646291732788, 0.45472187876701353, 0.22, 0.22, 0.25, 0.48, 0.23999999999999988, 0.32999999999999996, 1, 0.29, 0.875, 0.68, 0.56, 0.87, 0.88, 0.56, 0.56, 0.71, 0.38, 0.77, 0.35, 0.11, 1, 99, 99, 99]
--- num:  29
list:  [0.84, 0.84, 1, 1, 0.75, 0.75, 0.16199999999999998, 0.16199999999999998, 0.33, 0.33, 0.24, 0.48, 0.20999999999999985, 0.2699999999999999, 1, 0.29, 0.895, 0.68, 0.56, 0.89, 0.9, 0.56, 0.56, 0.69, 0.39, 0.73, 0.37, 0.12, 1, 99, 99, 99]
--- num:  29
list:  [0.85, 0.85, 1, 1, 0.74, 0.74, 0.16199999999999998, 0.16199999999999998, 0.34, 0.34, 0.23, 0.5, 0.195, 0.2699999999999999, 1, 0.28, 0.895, 0.67, 0.56, 0.89, 0.9, 0.56, 0.56, 0.68, 0.39, 0.73, 0.37, 0.12, 1, 99, 99, 99]
--- num:  29
list:  [0.85, 0.85, 1, 1, 0.74, 0.74, 0.16199999999999998, 0.16199999999999998, 0.34, 0.34, 0.22, 0.51, 0.195, 0.2549999999999999, 1, 0.28, 0.9, 0.67, 0.56, 0.9, 0.9, 0.56, 0.56, 0.68, 0.39, 0.72, 0.37, 0.12, 1, 99, 99, 99]
--- num:  29
list:  [0.85, 0.85, 1, 1, 0.74, 0.74, 0.16199999999999998, 0.16199999999999998, 0.34, 0.34, 0.21, 0.51, 0.20999999999999985, 0.2549999999999999, 1, 0.28, 0.9, 0.67, 0.56, 0.9, 0.9, 0.56, 0.56, 0.69, 0.39, 0.72, 0.37, 0.12, 1, 99, 99, 99]
--- num:  29
list:  [0.83, 0.83, 1, 1, 0.75, 0.75, 0.16199999999999998, 0.16199999999999998, 0.38, 0.38, 0.21, 0.51, 0.195, 0.23999999999999988, 1, 0.28, 0.91, 0.67, 0.56, 0.91, 0.91, 0.56, 0.56, 0.68, 0.39, 0.71, 0.38, 0.12, 1, 99, 99, 99]
--- num:  29
list:  [0.82, 0.82, 1, 1, 0.76, 0.76, 0.16199999999999998, 0.16199999999999998, 0.37, 0.37, 0.23, 0.49, 0.2549999999999999, 0.2849999999999999, 1, 0.28, 0.91, 0.67, 0.56, 0.91, 0.91, 0.56, 0.56, 0.72, 0.37, 0.74, 0.37, 0.13, 1, 99, 99, 99]
--- num:  29
list:  [0.69, 0.69, 1, 1, 0.87, 0.87, 0.480526487827301, 0.4619410443305969, 0.23, 0.23, 0.31, 0.42, 0.375, 0.36, 1, 0.28, 0.905, 0.67, 0.56, 0.9, 0.91, 0.56, 0.56, 0.8, 0.34, 0.79, 0.34, 0.14, 0.9, 99, 99, 99]
--- num:  29
list:  [0.63, 0.63, 1, 1, 0.92, 0.92, 0.16199999999999998, 0.16199999999999998, 0.37, 0.37, 0.32, 0.41, 0.375, 0.345, 1, 0.28, 0.915, 0.67, 0.55, 0.91, 0.92, 0.55, 0.55, 0.8, 0.34, 0.78, 0.35, 0.13, 0.88, 99, 99, 99]
--- num:  29
list:  [0.62, 0.62, 1, 1, 0.93, 0.93, 0.16199999999999998, 0.16199999999999998, 0.36, 0.36, 0.33, 0.39, 0.29999999999999993, 0.2549999999999999, 1, 0.28, 0.945, 0.67, 0.45, 0.94, 0.95, 0.45, 0.45, 0.75, 0.36, 0.72, 0.38, 0.08, 0.78, 99, 99, 99]
--- num:  29
list:  [0.57, 0.57, 1, 1, 0.97, 0.97, 0.16199999999999998, 0.16199999999999998, 0.33, 0.33, 0.36, 0.37, 0.22499999999999987, 0.16499999999999998, 1, 0.24, 0.98, 0.64, 0.29, 0.98, 0.98, 0.29, 0.29, 0.7, 0.38, 0.66, 0.4, 0.04, 0.61, 99, 99, 99]
--- num:  29
list:  [0.53, 0.53, 1.0, 1.0, 1, 1, 0.16199999999999998, 0.16199999999999998, 0.31, 0.31, 0.38, 0.35, 0.22499999999999987, 0.18, 1, 0.23, 0.98, 0.63, 0.26, 0.98, 0.98, 0.26, 0.26, 0.7, 0.38, 0.67, 0.4, 0.02, 0.6, 99, 99, 99]
--- num:  29
list:  [0.53, 0.53, 1.0, 1.0, 1, 1, 0.16199999999999998, 0.16199999999999998, 0.3, 0.3, 0.39, 0.33, 0.18, 0.16499999999999998, 1, 0.22, 0.99, 0.63, 0.26, 0.99, 0.99, 0.26, 0.26, 0.67, 0.4, 0.66, 0.4, 0.02, 0.58, 99, 99, 99]
--- num:  29
list:  [0.53, 0.53, 1.0, 1.0, 1, 1, 0.16199999999999998, 0.16199999999999998, 0.28, 0.28, 0.39, 0.33, 0.18, 0.16499999999999998, 1, 0.22, 0.99, 0.63, 0.26, 0.99, 0.99, 0.26, 0.26, 0.67, 0.4, 0.66, 0.4, 0.01, 0.57, 99, 99, 99]
--- num:  29
list:  [0.53, 0.53, 1.0, 1.0, 1, 1, 0.16199999999999998, 0.16199999999999998, 0.28, 0.28, 0.39, 0.33, 0.18, 0.16499999999999998, 1, 0.22, 0.99, 0.63, 0.25, 0.99, 0.99, 0.25, 0.25, 0.67, 0.4, 0.66, 0.4, 0.01, 0.57, 99, 99, 99]
--- num:  29
list:  [0.51, 0.51, 0.96, 0.96, 1, 1, 0.36232022523880003, 0.361886750459671, 0.2, 0.2, 0.4, 0.32, 0.18, 0.16499999999999998, 1, 0.22, 0.99, 0.63, 0.27, 0.99, 0.99, 0.27, 0.27, 0.67, 0.4, 0.66, 0.4, 0.01, 0.56, 99, 99, 99]
--- num:  29
list:  [0.48, 0.48, 0.89, 0.89, 1, 1, 0.19454302966594694, 0.19355719864368437, 0.27, 0.27, 0.41, 0.32, 0.18, 0.16499999999999998, 1, 0.23, 0.97, 0.63, 0.27, 0.97, 0.97, 0.27, 0.27, 0.67, 0.4, 0.66, 0.4, 0.01, 0.54, 99, 99, 99]
--- num:  29
list:  [0.5, 0.5, 0.93, 0.93, 1, 1, 0.16199999999999998, 0.16199999999999998, 0.36, 0.36, 0.38, 0.34, 0.14999999999999997, 0.13499999999999995, 1, 0.23, 0.98, 0.63, 0.26, 0.98, 0.98, 0.26, 0.26, 0.65, 0.41, 0.64, 0.41, 0.01, 0.53, 99, 99, 99]
--- num:  29
list:  [0.5, 0.5, 0.94, 0.94, 1, 1, 0.16199999999999998, 0.16199999999999998, 0.38, 0.38, 0.36, 0.36, 0.13499999999999995, 0.11999999999999994, 1, 0.22, 0.98, 0.63, 0.26, 0.98, 0.98, 0.26, 0.26, 0.64, 0.41, 0.63, 0.42, 0.01, 0.53, 99, 99, 99]
--- num:  29
list:  [0.5, 0.5, 0.93, 0.93, 1, 1, 0.16199999999999998, 0.16199999999999998, 0.41, 0.41, 0.34, 0.38, 0.13499999999999995, 0.11999999999999994, 1, 0.22, 0.99, 0.63, 0.26, 0.99, 0.99, 0.26, 0.26, 0.64, 0.41, 0.63, 0.42, 0.01, 0.54, 99, 99, 99]
--- num:  29
list:  [0.5, 0.5, 0.93, 0.93, 1, 1, 0.16199999999999998, 0.16199999999999998, 0.42, 0.42, 0.33, 0.39, 0.13499999999999995, 0.08999999999999991, 1, 0.22, 0.99, 0.63, 0.26, 0.99, 0.99, 0.26, 0.26, 0.64, 0.41, 0.61, 0.42, 0.02, 0.55, 99, 99, 99]
--- num:  29
list:  [0.5, 0.5, 0.92, 0.92, 1, 1, 0.16199999999999998, 0.16199999999999998, 0.43, 0.43, 0.33, 0.39, 0.13499999999999995, 0.08999999999999991, 1, 0.22, 0.99, 0.63, 0.27, 0.99, 0.99, 0.27, 0.27, 0.64, 0.41, 0.61, 0.43, 0.02, 0.57, 99, 99, 99]
--- num:  29
list:  [0.49, 0.49, 0.9, 0.9, 1, 1, 0.16199999999999998, 0.16199999999999998, 0.42, 0.42, 0.34, 0.38, 0.13499999999999995, 0.08999999999999991, 1, 0.22, 0.99, 0.63, 0.27, 0.99, 0.99, 0.27, 0.27, 0.64, 0.41, 0.61, 0.43, 0.02, 0.58, 99, 99, 99]
--- num:  29
list:  [0.49, 0.49, 0.9, 0.9, 1, 1, 0.16199999999999998, 0.16199999999999998, 0.42, 0.42, 0.35, 0.37, 0.11999999999999994, 0.0749999999999999, 1, 0.22, 0.99, 0.63, 0.27, 0.99, 0.99, 0.27, 0.27, 0.63, 0.41, 0.6, 0.43, 0.02, 0.59, 99, 99, 99]
--- num:  29
list:  [0.49, 0.49, 0.9, 0.9, 1, 1, 0.16199999999999998, 0.16199999999999998, 0.41, 0.41, 0.36, 0.36, 0.11999999999999994, 0.0749999999999999, 1, 0.22, 0.99, 0.63, 0.26, 0.99, 0.99, 0.26, 0.26, 0.63, 0.42, 0.6, 0.43, 0.02, 0.6, 99, 99, 99]
--- num:  29
list:  [0.49, 0.49, 0.9, 0.9, 1, 1, 0.16199999999999998, 0.16199999999999998, 0.41, 0.41, 0.36, 0.36, 0.11999999999999994, 0.0749999999999999, 1, 0.22, 0.99, 0.63, 0.26, 0.99, 0.99, 0.26, 0.26, 0.63, 0.42, 0.6, 0.43, 0.02, 0.6, 99, 99, 99]
--- num:  29
list:  [0.48, 0.48, 0.89, 0.89, 1, 1, 0.16199999999999998, 0.16199999999999998, 0.39, 0.39, 0.37, 0.35, 0.11999999999999994, 0.10499999999999993, 1, 0.25, 0.925, 0.65, 0.46, 0.92, 0.93, 0.46, 0.46, 0.63, 0.41, 0.62, 0.42, 0.06, 0.57, 99, 99, 99]
--- num:  29
list:  [0.56, 0.56, 1, 1, 0.98, 0.98, 0.16199999999999998, 0.16199999999999998, 0.37, 0.37, 0.37, 0.35, 0.11999999999999994, 0.11999999999999994, 1, 0.27, 0.835, 0.67, 0.56, 0.83, 0.84, 0.56, 0.56, 0.63, 0.41, 0.63, 0.42, 0.09, 0.77, 99, 99, 99]
--- num:  29
list:  [0.58, 0.58, 1, 1, 0.96, 0.96, 0.9730412173271179, 0.9730415749549866, 0.38, 0.38, 0.37, 0.36, 0.05999999999999989, 0.16499999999999998, 0.75, 0.32, 0.73, 0.71, 0.56, 0.72, 0.74, 0.56, 0.56, 0.59, 0.43, 0.66, 0.4, 0.07, 1, 99, 99, 99]
--- num:  29
list:  [0.92, 0.92, 1, 1, 0.68, 0.68, 0.16199999999999998, 0.16199999999999998, 0.33, 0.33, 0.37, 0.35, 0, 0, 1, 0.36, 0.905, 0.73, 0.56, 0.9, 0.91, 0.56, 0.56, 0.37, 0.8, 0.38, 0.78, 0.08, 1, 99, 99, 99]
--- num:  29
list:  [0.92, 0.92, 1, 1, 0.68, 0.68, 0.16199999999999998, 0.16199999999999998, 0.32, 0.32, 0.37, 0.35, 0, 0, 1, 0.37, 0.93, 0.74, 0.56, 0.93, 0.93, 0.56, 0.56, 0.33, 0.88, 0.35, 0.84, 0.09, 1, 99, 99, 99]
--- num:  29
list:  [0.92, 0.92, 1, 1, 0.68, 0.68, 0.16199999999999998, 0.16199999999999998, 0.28, 0.28, 0.37, 0.36, 0, 0, 1, 0.34, 0.94, 0.72, 0.56, 0.94, 0.94, 0.56, 0.56, 0.32, 0.9, 0.35, 0.85, 0.1, 1, 99, 99, 99]
--- num:  29
list:  [0.92, 0.92, 1, 1, 0.68, 0.68, 0.16199999999999998, 0.16199999999999998, 0.26, 0.26, 0.37, 0.36, 0, 0, 1, 0.33, 0.945, 0.71, 0.56, 0.94, 0.95, 0.56, 0.56, 0.32, 0.9, 0.34, 0.85, 0.11, 1, 99, 99, 99]
--- num:  29
list:  [0.92, 0.92, 1, 1, 0.68, 0.68, 0.16199999999999998, 0.16199999999999998, 0.23, 0.23, 0.36, 0.37, 0, 0, 1, 0.32, 0.95, 0.7, 0.56, 0.95, 0.95, 0.56, 0.56, 0.31, 0.92, 0.33, 0.87, 0.13, 1, 99, 99, 99]
--- num:  29
list:  [0.92, 0.92, 1, 1, 0.68, 0.68, 0.16199999999999998, 0.16199999999999998, 0.2, 0.2, 0.35, 0.38, 0, 0, 1, 0.31, 0.95, 0.7, 0.56, 0.95, 0.95, 0.56, 0.56, 0.31, 0.92, 0.32, 0.89, 0.14, 1, 99, 99, 99]
--- num:  29
list:  [0.92, 0.92, 1, 1, 0.68, 0.68, 0.16199999999999998, 0.16199999999999998, 0.16, 0.16, 0.35, 0.38, 0, 0, 1, 0.31, 0.95, 0.69, 0.56, 0.95, 0.95, 0.56, 0.56, 0.31, 0.92, 0.33, 0.88, 0.14, 1, 99, 99, 99]
--- num:  29
list:  [0.92, 0.92, 1, 1, 0.68, 0.68, 0.16199999999999998, 0.16199999999999998, 0.14, 0.14, 0.35, 0.38, 0, 0, 1, 0.3, 0.95, 0.69, 0.56, 0.95, 0.95, 0.56, 0.56, 0.31, 0.91, 0.34, 0.86, 0.15, 1, 99, 99, 99]
--- num:  29
list:  [0.92, 0.92, 1, 1, 0.68, 0.68, 0.16199999999999998, 0.16199999999999998, 0.14, 0.14, 0.35, 0.38, 0, 0, 1, 0.3, 0.945, 0.69, 0.56, 0.95, 0.94, 0.56, 0.56, 0.32, 0.9, 0.34, 0.85, 0.14, 1, 99, 99, 99]
--- num:  29
list:  [0.92, 0.92, 1, 1, 0.68, 0.68, 0.16199999999999998, 0.16199999999999998, 0.14, 0.14, 0.36, 0.37, 0, 0, 1, 0.3, 0.94, 0.69, 0.56, 0.94, 0.94, 0.56, 0.56, 0.32, 0.91, 0.34, 0.86, 0.14, 1, 99, 99, 99]
--- num:  29
list:  [0.92, 0.92, 1, 1, 0.68, 0.68, 0.16199999999999998, 0.16199999999999998, 0.14, 0.14, 0.36, 0.37, 0, 0, 1, 0.3, 0.94, 0.69, 0.56, 0.94, 0.94, 0.56, 0.56, 0.32, 0.9, 0.34, 0.85, 0.14, 1, 99, 99, 99]
--- num:  29
list:  [0.92, 0.92, 1, 1, 0.68, 0.68, 0.16199999999999998, 0.16199999999999998, 0.15, 0.15, 0.36, 0.36, 0, 0, 1, 0.3, 0.94, 0.69, 0.56, 0.94, 0.94, 0.56, 0.56, 0.33, 0.89, 0.35, 0.84, 0.14, 1, 99, 99, 99]
--- num:  29
list:  [0.92, 0.92, 1, 1, 0.68, 0.68, 0.16199999999999998, 0.16199999999999998, 0.16, 0.16, 0.39, 0.33, 0, 0, 1, 0.3, 0.94, 0.69, 0.56, 0.94, 0.94, 0.56, 0.56, 0.33, 0.88, 0.35, 0.84, 0.14, 1, 99, 99, 99]
--- num:  29
list:  [0.92, 0.92, 1, 1, 0.68, 0.68, 0.16199999999999998, 0.16199999999999998, 0.16, 0.16, 0.44, 0.29, 0, 0, 1, 0.3, 0.935, 0.69, 0.56, 0.94, 0.93, 0.56, 0.56, 0.35, 0.84, 0.37, 0.79, 0.14, 1, 99, 99, 99]
--- num:  29
list:  [0.92, 0.92, 1, 1, 0.68, 0.68, 0.16199999999999998, 0.16199999999999998, 0.16, 0.16, 0.49, 0.24, 0, 0, 1, 0.3, 0.93, 0.68, 0.56, 0.93, 0.93, 0.56, 0.56, 0.38, 0.79, 0.39, 0.77, 0.14, 1, 99, 99, 99]
--- num:  29
list:  [0.92, 0.92, 1, 1, 0.68, 0.68, 0.16199999999999998, 0.16199999999999998, 0.16, 0.16, 0.52, 0.21, 0, 0, 1, 0.29, 0.925, 0.68, 0.56, 0.93, 0.92, 0.56, 0.56, 0.4, 0.75, 0.41, 0.72, 0.14, 1, 99, 99, 99]
--- num:  29
list:  [0.92, 0.92, 1, 1, 0.68, 0.68, 0.16199999999999998, 0.16199999999999998, 0.16, 0.16, 0.53, 0.2, 0, 0, 1, 0.29, 0.92, 0.68, 0.56, 0.92, 0.92, 0.56, 0.56, 0.42, 0.71, 0.43, 0.68, 0.15, 1, 99, 99, 99]
--- num:  29
list:  [0.92, 0.92, 1, 1, 0.68, 0.68, 0.16199999999999998, 0.16199999999999998, 0.15, 0.15, 0.52, 0.2, 0, 0, 1, 0.29, 0.915, 0.68, 0.56, 0.92, 0.91, 0.56, 0.56, 0.44, 0.67, 0.45, 0.65, 0.15, 1, 99, 99, 99]
--- num:  29
list:  [0.92, 0.92, 1, 1, 0.68, 0.68, 0.27289451241493223, 0.27284387826919554, 0.15, 0.15, 0.5, 0.22, 0, 0, 0.75, 0.29, 0.86, 0.68, 0.56, 0.86, 0.86, 0.56, 0.56, 0.52, 0.5, 0.54, 0.48, 0.15, 0.65, 99, 99, 99]
--- num:  29
list:  [0.92, 0.92, 1, 1, 0.68, 0.68, 0.16199999999999998, 0.16199999999999998, 0.17, 0.17, 0.51, 0.22, 0, 0, 0.75, 0.3, 0.865, 0.68, 0.56, 0.87, 0.86, 0.56, 0.56, 0.47, 0.6, 0.48, 0.58, 0.15, 0.77, 99, 99, 99]
--- num:  29
list:  [0.92, 0.92, 1, 1, 0.68, 0.68, 0.16199999999999998, 0.16199999999999998, 0.17, 0.17, 0.51, 0.22, 0, 0, 0.75, 0.3, 0.885, 0.69, 0.56, 0.89, 0.88, 0.56, 0.56, 0.45, 0.65, 0.46, 0.62, 0.14, 0.97, 99, 99, 99]
--- num:  29
list:  [0.92, 0.92, 1, 1, 0.68, 0.68, 0.16199999999999998, 0.16199999999999998, 0.18, 0.18, 0.36, 0.37, 0, 0, 1, 0.29, 0.905, 0.68, 0.56, 0.91, 0.9, 0.56, 0.56, 0.41, 0.72, 0.44, 0.67, 0.14, 1, 99, 99, 99]
--- num:  29
list:  [0.92, 0.92, 1, 1, 0.68, 0.68, 0.16199999999999998, 0.16199999999999998, 0.18, 0.18, 0.05, 0.69, 0, 0, 1, 0.29, 0.915, 0.68, 0.56, 0.92, 0.91, 0.56, 0.56, 0.37, 0.8, 0.41, 0.72, 0.14, 1, 99, 99, 99]
--- num:  29
list:  [0.92, 0.92, 1, 1, 0.68, 0.68, 0.16199999999999998, 0.16199999999999998, 0.19, 0.19, 0.04, 0.7, 0, 0, 1, 0.29, 0.925, 0.68, 0.56, 0.93, 0.92, 0.56, 0.56, 0.37, 0.79, 0.42, 0.71, 0.13, 1, 99, 99, 99]
--- num:  29
list:  [0.92, 0.92, 1, 1, 0.68, 0.68, 0.16199999999999998, 0.16199999999999998, 0.19, 0.19, -0.05, 0.79, 0, 0, 1, 0.29, 0.925, 0.68, 0.56, 0.93, 0.92, 0.56, 0.56, 0.37, 0.8, 0.41, 0.72, 0.12, 1, 99, 99, 99]
--- num:  29
list:  [0.92, 0.92, 1, 1, 0.68, 0.68, 0.16199999999999998, 0.16199999999999998, 0.19, 0.19, -0.04, 0.78, 0, 0, 1, 0.29, 0.925, 0.68, 0.56, 0.93, 0.92, 0.56, 0.56, 0.37, 0.8, 0.41, 0.72, 0.12, 1, 99, 99, 99]
--- num:  29
list:  [0.92, 0.92, 1, 1, 0.68, 0.68, 0.16199999999999998, 0.16199999999999998, 0.19, 0.19, -0.04, 0.78, 0, 0, 1, 0.29, 0.925, 0.68, 0.56, 0.93, 0.92, 0.56, 0.56, 0.37, 0.79, 0.42, 0.71, 0.12, 1, 99, 99, 99]
--- num:  29
list:  [0.92, 0.92, 1, 1, 0.68, 0.68, 0.16199999999999998, 0.16199999999999998, 0.19, 0.19, -0.04, 0.78, 0, 0, 1, 0.29, 0.935, 0.68, 0.56, 0.94, 0.93, 0.56, 0.56, 0.37, 0.8, 0.41, 0.72, 0.12, 1, 99, 99, 99]
--- num:  29
list:  [0.92, 0.92, 1, 1, 0.68, 0.68, 0.16199999999999998, 0.16199999999999998, 0.2, 0.2, -0.04, 0.79, 0, 0, 1, 0.29, 0.935, 0.68, 0.56, 0.94, 0.93, 0.56, 0.56, 0.37, 0.79, 0.41, 0.71, 0.11, 1, 99, 99, 99]
--- num:  29
list:  [0.92, 0.92, 1, 1, 0.68, 0.68, 0.16199999999999998, 0.16199999999999998, 0.2, 0.2, -0.04, 0.78, 0, 0, 1, 0.29, 0.935, 0.68, 0.56, 0.94, 0.93, 0.56, 0.56, 0.38, 0.78, 0.42, 0.7, 0.11, 1, 99, 99, 99]
--- num:  29
list:  [0.92, 0.92, 1, 1, 0.68, 0.68, 0.16199999999999998, 0.16199999999999998, 0.2, 0.2, -0.04, 0.78, 0, 0, 1, 0.29, 0.935, 0.68, 0.56, 0.94, 0.93, 0.56, 0.56, 0.38, 0.78, 0.42, 0.7, 0.11, 1, 99, 99, 99]
--- num:  29
list:  [0.92, 0.92, 1, 1, 0.68, 0.68, 0.16199999999999998, 0.16199999999999998, 0.21, 0.21, -0.04, 0.79, 0, 0, 1, 0.29, 0.935, 0.68, 0.56, 0.94, 0.93, 0.56, 0.56, 0.4, 0.75, 0.43, 0.67, 0.11, 1, 99, 99, 99]
--- num:  29
list:  [0.92, 0.92, 1, 1, 0.68, 0.68, 0.42971361756324766, 0.42974219799041746, 0.15, 0.15, 0.34, 0.39, 0, 0.04499999999999987, 1, 0.3, 0.895, 0.68, 0.56, 0.89, 0.9, 0.56, 0.56, 0.54, 0.47, 0.58, 0.44, 0.12, 1, 99, 99, 99]
--- num:  29
list:  [0.9, 0.9, 1, 1, 0.7, 0.7, 0.46929587006568907, 0.46931720852851866, 0.19, 0.19, 0.51, 0.22, 0, 0.05999999999999989, 1, 0.32, 0.88, 0.71, 0.56, 0.87, 0.89, 0.56, 0.56, 0.55, 0.46, 0.59, 0.43, 0.13, 1, 99, 99, 99]
--- num:  29
list:  [0.91, 0.91, 1, 1, 0.69, 0.69, 0.16199999999999998, 0.16199999999999998, 0.28, 0.28, 0.77, -0.03, 0, 0, 1, 0.32, 0.885, 0.71, 0.56, 0.88, 0.89, 0.56, 0.56, 0.5, 0.55, 0.52, 0.51, 0.11, 1, 99, 99, 99]
--- num:  29
list:  [0.9, 0.9, 1, 1, 0.7, 0.7, 0.16199999999999998, 0.16199999999999998, 0.31, 0.31, 0.86, -0.1, 0, 0, 1, 0.32, 0.895, 0.7, 0.56, 0.89, 0.9, 0.56, 0.56, 0.48, 0.59, 0.49, 0.57, 0.1, 1, 99, 99, 99]
--- num:  29
list:  [0.89, 0.89, 1, 1, 0.71, 0.71, 0.16199999999999998, 0.16199999999999998, 0.33, 0.33, 0.87, -0.12, 0, 0, 1, 0.32, 0.905, 0.7, 0.56, 0.9, 0.91, 0.56, 0.56, 0.47, 0.61, 0.47, 0.61, 0.09, 0.9, 99, 99, 99]
--- num:  29
list:  [0.89, 0.89, 1, 1, 0.71, 0.71, 0.16199999999999998, 0.16199999999999998, 0.33, 0.33, 0.86, -0.11, 0, 0, 1, 0.32, 0.905, 0.7, 0.56, 0.9, 0.91, 0.56, 0.56, 0.46, 0.62, 0.46, 0.63, 0.09, 0.92, 99, 99, 99]
--- num:  29
list:  [0.88, 0.88, 1, 1, 0.71, 0.71, 0.16199999999999998, 0.16199999999999998, 0.35, 0.35, 0.93, -0.17, 0, 0, 1, 0.32, 0.9, 0.7, 0.56, 0.89, 0.91, 0.56, 0.56, 0.45, 0.65, 0.44, 0.67, 0.09, 0.96, 99, 99, 99]
--- num:  29
list:  [0.88, 0.88, 1, 1, 0.72, 0.72, 0.16199999999999998, 0.16199999999999998, 0.36, 0.36, 0.93, -0.17, 0, 0, 1, 0.32, 0.9, 0.7, 0.56, 0.89, 0.91, 0.56, 0.56, 0.45, 0.64, 0.44, 0.66, 0.09, 0.95, 99, 99, 99]
--- num:  29
list:  [0.87, 0.87, 1, 1, 0.72, 0.72, 0.16199999999999998, 0.16199999999999998, 0.37, 0.37, 0.92, -0.16, 0, 0, 1, 0.32, 0.895, 0.7, 0.56, 0.88, 0.91, 0.56, 0.56, 0.45, 0.64, 0.44, 0.65, 0.1, 1, 99, 99, 99]
--- num:  29
list:  [0.87, 0.87, 1, 1, 0.73, 0.73, 0.16199999999999998, 0.16199999999999998, 0.37, 0.37, 0.94, -0.18, 0, 0, 1, 0.33, 0.895, 0.71, 0.56, 0.88, 0.91, 0.56, 0.56, 0.46, 0.62, 0.45, 0.64, 0.1, 0.98, 99, 99, 99]
--- num:  29
list:  [0.86, 0.86, 1, 1, 0.73, 0.73, 0.16199999999999998, 0.16199999999999998, 0.35, 0.35, 0.91, -0.15, 0, 0, 1, 0.32, 0.89, 0.71, 0.56, 0.88, 0.9, 0.56, 0.56, 0.46, 0.62, 0.45, 0.64, 0.1, 0.97, 99, 99, 99]
--- num:  29
list:  [0.83, 0.83, 1, 1, 0.76, 0.76, 0.9184012222290039, 0.9182287859916687, 0.24, 0.24, 0.26, 0.46, 0, 0.04499999999999987, 1, 0.37, 0.875, 0.74, 0.56, 0.86, 0.89, 0.56, 0.56, 0.53, 0.49, 0.58, 0.44, 0.12, 1, 99, 99, 99]
--- num:  29
list:  [0.88, 0.88, 1, 1, 0.72, 0.72, 0.16199999999999998, 0.16199999999999998, 0.31, 0.31, 0.46, 0.27, 0, 0, 1, 0.36, 0.91, 0.73, 0.56, 0.9, 0.92, 0.56, 0.56, 0.48, 0.58, 0.51, 0.52, 0.13, 1, 99, 99, 99]
--- num:  29
list:  [0.91, 0.91, 1, 1, 0.69, 0.69, 0.16199999999999998, 0.16199999999999998, 0.34, 0.34, 0.62, 0.11, 0, 0, 1, 0.34, 0.92, 0.72, 0.56, 0.91, 0.93, 0.56, 0.56, 0.43, 0.68, 0.46, 0.63, 0.12, 1, 99, 99, 99]
--- num:  29
list:  [0.91, 0.91, 1, 1, 0.69, 0.69, 0.16199999999999998, 0.16199999999999998, 0.33, 0.33, 0.66, 0.08, 0, 0, 1, 0.33, 0.925, 0.71, 0.56, 0.92, 0.93, 0.56, 0.56, 0.43, 0.69, 0.45, 0.64, 0.11, 1, 99, 99, 99]
--- num:  29
list:  [0.9, 0.9, 1, 1, 0.7, 0.7, 0.16199999999999998, 0.16199999999999998, 0.32, 0.32, 0.69, 0.04, 0, 0, 1, 0.32, 0.925, 0.71, 0.56, 0.92, 0.93, 0.56, 0.56, 0.41, 0.72, 0.44, 0.67, 0.11, 1, 99, 99, 99]
--- num:  29
list:  [0.9, 0.9, 1, 1, 0.7, 0.7, 0.16199999999999998, 0.16199999999999998, 0.3, 0.3, 0.72, 0.02, 0, 0, 1, 0.32, 0.92, 0.7, 0.56, 0.92, 0.92, 0.56, 0.56, 0.41, 0.73, 0.43, 0.68, 0.1, 1, 99, 99, 99]
--- num:  29
list:  [0.91, 0.91, 1, 1, 0.7, 0.7, 0.16199999999999998, 0.16199999999999998, 0.29, 0.29, 0.72, 0.02, 0, 0, 1, 0.33, 0.915, 0.71, 0.56, 0.91, 0.92, 0.56, 0.56, 0.41, 0.73, 0.43, 0.69, 0.1, 1, 99, 99, 99]
--- num:  29
list:  [0.91, 0.91, 1, 1, 0.69, 0.69, 0.16199999999999998, 0.16199999999999998, 0.3, 0.3, 0.66, 0.08, 0, 0, 1, 0.33, 0.915, 0.71, 0.56, 0.91, 0.92, 0.56, 0.56, 0.41, 0.72, 0.43, 0.68, 0.1, 1, 99, 99, 99]
--- num:  29
list:  [0.91, 0.91, 1, 1, 0.69, 0.69, 0.16199999999999998, 0.16199999999999998, 0.3, 0.3, 0.67, 0.07, 0, 0, 1, 0.33, 0.91, 0.71, 0.56, 0.91, 0.91, 0.56, 0.56, 0.4, 0.75, 0.42, 0.71, 0.1, 1, 99, 99, 99]
--- num:  29
list:  [0.91, 0.91, 1, 1, 0.69, 0.69, 0.16199999999999998, 0.16199999999999998, 0.3, 0.3, 0.68, 0.06, 0, 0, 0.75, 0.34, 0.91, 0.72, 0.56, 0.91, 0.91, 0.56, 0.56, 0.4, 0.74, 0.42, 0.7, 0.09, 1, 99, 99, 99]
--- num:  29
list:  [0.91, 0.91, 1, 1, 0.69, 0.69, 0.16199999999999998, 0.16199999999999998, 0.31, 0.31, 0.66, 0.07, 0, 0, 0.75, 0.34, 0.91, 0.72, 0.56, 0.91, 0.91, 0.56, 0.56, 0.4, 0.75, 0.42, 0.71, 0.1, 1, 99, 99, 99]
--- num:  29
list:  [0.91, 0.91, 1, 1, 0.69, 0.69, 0.16199999999999998, 0.16199999999999998, 0.33, 0.33, 0.69, 0.05, 0, 0, 0.75, 0.33, 0.91, 0.71, 0.56, 0.91, 0.91, 0.56, 0.56, 0.38, 0.77, 0.41, 0.73, 0.1, 1, 99, 99, 99]
--- num:  29
list:  [0.88, 0.88, 1, 1, 0.71, 0.71, 0.16199999999999998, 0.16199999999999998, 0.35, 0.35, 0.71, 0.02, 0, 0, 0.75, 0.32, 0.91, 0.7, 0.56, 0.91, 0.91, 0.56, 0.56, 0.42, 0.71, 0.44, 0.67, 0.11, 1, 99, 99, 99]
--- num:  29
list:  [0.88, 0.88, 1, 1, 0.72, 0.72, 0.16199999999999998, 0.16199999999999998, 0.26, 0.26, 0.49, 0.24, 0, 0, 0.75, 0.31, 0.91, 0.7, 0.56, 0.91, 0.91, 0.56, 0.56, 0.45, 0.65, 0.47, 0.6, 0.1, 1, 99, 99, 99]
--- num:  29
list:  [0.9, 0.9, 1, 1, 0.7, 0.7, 0.16199999999999998, 0.16199999999999998, 0.22, 0.22, 0.47, 0.26, 0, 0, 0.75, 0.3, 0.89, 0.69, 0.56, 0.89, 0.89, 0.56, 0.56, 0.5, 0.54, 0.53, 0.49, 0.1, 1, 99, 99, 99]
--- num:  29
list:  [0.9, 0.9, 1, 1, 0.7, 0.7, 0.16199999999999998, 0.16199999999999998, 0.21, 0.21, 0.45, 0.27, 0, 0, 0.75, 0.29, 0.88, 0.68, 0.56, 0.88, 0.88, 0.56, 0.56, 0.51, 0.54, 0.54, 0.48, 0.1, 1, 99, 99, 99]
--- num:  29
list:  [0.91, 0.91, 1, 1, 0.69, 0.69, 0.16199999999999998, 0.16199999999999998, 0.23, 0.23, 0.35, 0.38, 0, 0, 0.75, 0.29, 0.88, 0.68, 0.56, 0.88, 0.88, 0.56, 0.56, 0.52, 0.5, 0.55, 0.45, 0.11, 1, 99, 99, 99]
--- num:  29
list:  [0.91, 0.91, 1, 1, 0.69, 0.69, 0.16199999999999998, 0.16199999999999998, 0.23, 0.23, 0.34, 0.38, 0, 0.02999999999999986, 0.75, 0.28, 0.875, 0.68, 0.56, 0.88, 0.87, 0.56, 0.56, 0.54, 0.47, 0.57, 0.44, 0.11, 1, 99, 99, 99]
--- num:  29
list:  [0.91, 0.91, 1, 1, 0.69, 0.69, 0.16199999999999998, 0.16199999999999998, 0.23, 0.23, 0.34, 0.38, 0, 0, 0.75, 0.28, 0.875, 0.67, 0.56, 0.88, 0.87, 0.56, 0.56, 0.51, 0.53, 0.55, 0.46, 0.11, 1, 99, 99, 99]
--- num:  29
list:  [0.91, 0.91, 1, 1, 0.69, 0.69, 0.16199999999999998, 0.16199999999999998, 0.23, 0.23, 0.19, 0.54, 0, 0, 0.75, 0.28, 0.88, 0.67, 0.56, 0.88, 0.88, 0.56, 0.56, 0.52, 0.51, 0.55, 0.45, 0.11, 1, 99, 99, 99]
--- num:  29
list:  [0.91, 0.91, 1, 1, 0.69, 0.69, 0.16199999999999998, 0.16199999999999998, 0.23, 0.23, 0.19, 0.54, 0, 0, 0.75, 0.28, 0.885, 0.67, 0.56, 0.89, 0.88, 0.56, 0.56, 0.52, 0.51, 0.55, 0.45, 0.12, 1, 99, 99, 99]
--- num:  29
list:  [0.91, 0.91, 1, 1, 0.69, 0.69, 0.16199999999999998, 0.16199999999999998, 0.23, 0.23, 0.17, 0.56, 0, 0, 0.75, 0.28, 0.895, 0.67, 0.56, 0.9, 0.89, 0.56, 0.56, 0.51, 0.53, 0.55, 0.45, 0.12, 1, 99, 99, 99]
--- num:  29
list:  [0.91, 0.91, 1, 1, 0.69, 0.69, 0.16199999999999998, 0.16199999999999998, 0.22, 0.22, 0.08, 0.65, 0, 0, 0.75, 0.28, 0.895, 0.67, 0.56, 0.9, 0.89, 0.56, 0.56, 0.5, 0.55, 0.54, 0.48, 0.12, 1, 99, 99, 99]
--- num:  29
list:  [0.92, 0.92, 1, 1, 0.69, 0.69, 0.16199999999999998, 0.16199999999999998, 0.2, 0.2, -0.08, 0.82, 0, 0.02999999999999986, 0.75, 0.27, 0.895, 0.67, 0.56, 0.9, 0.89, 0.56, 0.56, 0.53, 0.49, 0.57, 0.44, 0.12, 1, 99, 99, 99]
--- num:  29
list:  [0.92, 0.92, 1, 1, 0.69, 0.69, 0.16199999999999998, 0.16199999999999998, 0.2, 0.2, -0.08, 0.83, 0, 0.05999999999999989, 0.75, 0.27, 0.895, 0.67, 0.56, 0.9, 0.89, 0.56, 0.56, 0.54, 0.47, 0.59, 0.43, 0.12, 1, 99, 99, 99]
--- num:  29
list:  [0.92, 0.92, 1, 1, 0.69, 0.69, 0.16199999999999998, 0.16199999999999998, 0.2, 0.2, -0.08, 0.83, 0, 0.04499999999999987, 0.75, 0.27, 0.9, 0.67, 0.56, 0.91, 0.89, 0.56, 0.56, 0.53, 0.49, 0.58, 0.44, 0.12, 1, 99, 99, 99]
--- num:  29
list:  [0.91, 0.91, 1, 1, 0.69, 0.69, 0.23508084893226622, 0.23369626283645628, 0.19, 0.19, 0.04, 0.7, 0.04499999999999987, 0.10499999999999993, 1, 0.28, 0.875, 0.67, 0.56, 0.88, 0.87, 0.56, 0.56, 0.58, 0.44, 0.62, 0.42, 0.12, 0.85, 99, 99, 99]
--- num:  29
list:  [0.92, 0.92, 1, 1, 0.69, 0.69, 0.16199999999999998, 0.16199999999999998, 0.23, 0.23, -0.02, 0.76, 0, 0, 1, 0.28, 0.905, 0.67, 0.56, 0.91, 0.9, 0.56, 0.56, 0.49, 0.56, 0.53, 0.49, 0.12, 0.97, 99, 99, 99]
--- num:  29
list:  [0.91, 0.91, 1, 1, 0.7, 0.7, 0.16199999999999998, 0.16199999999999998, 0.24, 0.24, -0.05, 0.79, 0, 0, 0.75, 0.27, 0.905, 0.67, 0.56, 0.91, 0.9, 0.56, 0.56, 0.49, 0.56, 0.53, 0.49, 0.11, 1, 99, 99, 99]
--- num:  29
list:  [0.89, 0.89, 1, 1, 0.71, 0.71, 0.16199999999999998, 0.16199999999999998, 0.22, 0.22, 0.41, 0.32, 0, 0, 0.75, 0.28, 0.915, 0.67, 0.56, 0.92, 0.91, 0.56, 0.56, 0.42, 0.69, 0.45, 0.65, 0.11, 1, 99, 99, 99]
--- num:  29
list:  [0.88, 0.88, 1, 1, 0.71, 0.71, 0.16199999999999998, 0.16199999999999998, 0.22, 0.22, 0.4, 0.32, 0, 0, 1, 0.28, 0.93, 0.67, 0.56, 0.93, 0.93, 0.56, 0.56, 0.39, 0.76, 0.41, 0.72, 0.11, 1, 99, 99, 99]
--- num:  29
list:  [0.88, 0.88, 1, 1, 0.72, 0.72, 0.16199999999999998, 0.16199999999999998, 0.22, 0.22, 0.4, 0.33, 0, 0, 1, 0.28, 0.935, 0.67, 0.56, 0.94, 0.93, 0.56, 0.56, 0.39, 0.75, 0.41, 0.71, 0.11, 1, 99, 99, 99]
--- num:  29
list:  [0.88, 0.88, 1, 1, 0.71, 0.71, 0.16199999999999998, 0.16199999999999998, 0.22, 0.22, 0.39, 0.34, 0, 0, 1, 0.28, 0.94, 0.67, 0.56, 0.94, 0.94, 0.56, 0.56, 0.39, 0.76, 0.41, 0.71, 0.11, 1, 99, 99, 99]
--- num:  29
list:  [0.89, 0.89, 1, 1, 0.71, 0.71, 0.16199999999999998, 0.16199999999999998, 0.22, 0.22, 0.38, 0.35, 0, 0, 1, 0.28, 0.94, 0.67, 0.56, 0.94, 0.94, 0.56, 0.56, 0.4, 0.75, 0.41, 0.71, 0.11, 1, 99, 99, 99]
--- num:  29
list:  [0.87, 0.87, 1, 1, 0.72, 0.72, 0.16199999999999998, 0.16199999999999998, 0.34, 0.34, 0.39, 0.33, 0, 0, 1, 0.29, 0.94, 0.68, 0.56, 0.94, 0.94, 0.56, 0.56, 0.45, 0.65, 0.47, 0.61, 0.11, 1, 99, 99, 99]
--- num:  29
list:  [0.86, 0.86, 1, 1, 0.73, 0.73, 0.16199999999999998, 0.16199999999999998, 0.34, 0.34, 0.39, 0.34, 0, 0, 1, 0.29, 0.94, 0.68, 0.56, 0.94, 0.94, 0.56, 0.56, 0.44, 0.66, 0.47, 0.61, 0.12, 1, 99, 99, 99]
--- num:  29
list:  [0.85, 0.85, 1, 1, 0.74, 0.74, 0.16199999999999998, 0.16199999999999998, 0.34, 0.34, 0.38, 0.34, 0, 0, 1, 0.29, 0.94, 0.68, 0.56, 0.94, 0.94, 0.56, 0.56, 0.45, 0.64, 0.48, 0.59, 0.12, 1, 99, 99, 99]
--- num:  29
list:  [0.85, 0.85, 1, 1, 0.74, 0.74, 0.16199999999999998, 0.16199999999999998, 0.35, 0.35, 0.37, 0.35, 0, 0, 1, 0.29, 0.94, 0.68, 0.56, 0.94, 0.94, 0.56, 0.56, 0.46, 0.62, 0.49, 0.58, 0.12, 1, 99, 99, 99]
--- num:  29
list:  [0.85, 0.85, 1, 1, 0.74, 0.74, 0.16199999999999998, 0.16199999999999998, 0.36, 0.36, 0.36, 0.36, 0.02999999999999986, 0.11999999999999994, 1, 0.29, 0.93, 0.68, 0.56, 0.93, 0.93, 0.56, 0.56, 0.57, 0.44, 0.63, 0.42, 0.12, 1, 99, 99, 99]
--- num:  29
list:  [0.88, 0.88, 1, 1, 0.71, 0.71, 0.16199999999999998, 0.16199999999999998, 0.29, 0.29, 0.36, 0.37, 0, 0, 1, 0.29, 0.92, 0.68, 0.56, 0.92, 0.92, 0.56, 0.56, 0.49, 0.57, 0.52, 0.51, 0.12, 1, 99, 99, 99]
--- num:  29
list:  [0.88, 0.88, 1, 1, 0.72, 0.72, 0.16199999999999998, 0.16199999999999998, 0.28, 0.28, 0.35, 0.37, 0, 0, 1, 0.29, 0.93, 0.68, 0.56, 0.93, 0.93, 0.56, 0.56, 0.51, 0.53, 0.53, 0.49, 0.12, 1, 99, 99, 99]
--- num:  29
list:  [0.87, 0.87, 1, 1, 0.72, 0.72, 0.16199999999999998, 0.16199999999999998, 0.29, 0.29, 0.35, 0.37, 0, 0, 1, 0.29, 0.93, 0.68, 0.56, 0.93, 0.93, 0.56, 0.56, 0.52, 0.51, 0.54, 0.47, 0.12, 1, 99, 99, 99]
--- num:  29
list:  [0.86, 0.86, 1, 1, 0.73, 0.73, 0.16199999999999998, 0.16199999999999998, 0.28, 0.28, 0.35, 0.37, 0, 0, 1, 0.29, 0.92, 0.68, 0.56, 0.92, 0.92, 0.56, 0.56, 0.54, 0.48, 0.55, 0.46, 0.12, 1, 99, 99, 99]
--- num:  29
list:  [0.78, 0.78, 1, 1, 0.8, 0.8, 0.16199999999999998, 0.16199999999999998, 0.28, 0.28, 0.35, 0.38, 0.16499999999999998, 0.195, 1, 0.29, 0.885, 0.68, 0.56, 0.88, 0.89, 0.56, 0.56, 0.66, 0.4, 0.68, 0.39, 0.12, 0.99, 99, 99, 99]
--- num:  29
list:  [0.65, 0.65, 1, 1, 0.91, 0.91, 0.16199999999999998, 0.16199999999999998, 0.26, 0.26, 0.35, 0.37, 0.16499999999999998, 0.22499999999999987, 0.75, 0.28, 0.825, 0.67, 0.56, 0.82, 0.83, 0.56, 0.56, 0.66, 0.4, 0.7, 0.39, 0.1, 0.92, 99, 99, 99]
--- num:  29
list:  [0.63, 0.63, 1, 1, 0.92, 0.92, 0.16199999999999998, 0.16199999999999998, 0.28, 0.28, 0.35, 0.38, 0.29999999999999993, 0.29999999999999993, 0.75, 0.28, 0.84, 0.67, 0.56, 0.84, 0.84, 0.56, 0.56, 0.75, 0.36, 0.75, 0.36, 0.09, 0.57, 99, 99, 99]
--- num:  29
list:  [0.58, 0.58, 1, 1, 0.96, 0.96, 0.8232813882827759, 0.8206309485435486, 0.17, 0.17, 0.35, 0.37, 0.345, 0.32999999999999996, 1, 0.26, 0.96, 0.66, 0.34, 0.96, 0.96, 0.34, 0.34, 0.78, 0.35, 0.77, 0.35, 0.04, 0.48, 99, 99, 99]
--- num:  29
list:  [0.56, 0.56, 1, 1, 0.97, 0.97, 0.16199999999999998, 0.16199999999999998, 0.28, 0.28, 0.34, 0.38, 0.29999999999999993, 0.2849999999999999, 1, 0.24, 0.97, 0.64, 0.29, 0.97, 0.97, 0.29, 0.29, 0.75, 0.36, 0.74, 0.37, 0.03, 0.51, 99, 99, 99]
--- num:  29
list:  [0.56, 0.56, 1, 1, 0.98, 0.98, 0.16199999999999998, 0.16199999999999998, 0.31, 0.31, 0.34, 0.39, 0.2849999999999999, 0.2849999999999999, 1, 0.23, 0.98, 0.64, 0.28, 0.98, 0.98, 0.28, 0.28, 0.74, 0.36, 0.74, 0.37, 0.02, 0.52, 99, 99, 99]
--- num:  29
list:  [0.51, 0.51, 0.96, 0.96, 1, 1, 0.16199999999999998, 0.16199999999999998, 0.33, 0.33, 0.33, 0.39, 0.2699999999999999, 0.2549999999999999, 1, 0.23, 0.98, 0.63, 0.27, 0.98, 0.98, 0.27, 0.27, 0.73, 0.37, 0.72, 0.37, 0.02, 0.54, 99, 99, 99]
--- num:  29
list:  [0.52, 0.52, 0.97, 0.97, 1, 1, 0.16199999999999998, 0.16199999999999998, 0.38, 0.38, 0.34, 0.38, 0.23999999999999988, 0.22499999999999987, 1, 0.22, 0.99, 0.63, 0.26, 0.99, 0.99, 0.26, 0.26, 0.71, 0.38, 0.7, 0.38, 0.02, 0.55, 99, 99, 99]
--- num:  29
list:  [0.51, 0.51, 0.96, 0.96, 1, 1, 0.16199999999999998, 0.16199999999999998, 0.4, 0.4, 0.34, 0.38, 0.23999999999999988, 0.18, 1, 0.22, 0.99, 0.63, 0.26, 0.99, 0.99, 0.26, 0.26, 0.71, 0.38, 0.67, 0.4, 0.02, 0.56, 99, 99, 99]
--- num:  29
list:  [0.51, 0.51, 0.95, 0.95, 1, 1, 0.16199999999999998, 0.16199999999999998, 0.42, 0.42, 0.35, 0.37, 0.22499999999999987, 0.16499999999999998, 1, 0.22, 0.99, 0.63, 0.26, 0.99, 0.99, 0.26, 0.26, 0.7, 0.39, 0.66, 0.4, 0.02, 0.55, 99, 99, 99]
--- num:  29
list:  [0.48, 0.48, 0.89, 0.89, 1, 1, 0.16199999999999998, 0.16199999999999998, 0.36, 0.36, 0.35, 0.37, 0.20999999999999985, 0.16499999999999998, 1, 0.22, 0.99, 0.63, 0.29, 0.99, 0.99, 0.29, 0.29, 0.69, 0.39, 0.66, 0.4, 0.02, 0.54, 99, 99, 99]
--- num:  29
list:  [0.46, 0.46, 0.83, 0.83, 1, 1, 0.18493838191032408, 0.18413973927497862, 0.32, 0.32, 0.37, 0.35, 0.195, 0.18, 1, 0.24, 0.965, 0.64, 0.28, 0.96, 0.97, 0.28, 0.28, 0.68, 0.39, 0.67, 0.4, 0.02, 0.53, 99, 99, 99]
--- num:  29
list:  [0.49, 0.49, 0.91, 0.91, 1, 1, 0.16199999999999998, 0.16199999999999998, 0.42, 0.42, 0.38, 0.34, 0.13499999999999995, 0.08999999999999991, 1, 0.23, 0.98, 0.64, 0.26, 0.98, 0.98, 0.26, 0.26, 0.64, 0.41, 0.61, 0.42, 0.02, 0.53, 99, 99, 99]
--- num:  29
list:  [0.5, 0.5, 0.93, 0.93, 1, 1, 0.16199999999999998, 0.16199999999999998, 0.42, 0.42, 0.37, 0.35, 0.10499999999999993, 0.05999999999999989, 1, 0.23, 0.98, 0.63, 0.26, 0.98, 0.98, 0.26, 0.26, 0.62, 0.42, 0.59, 0.43, 0.02, 0.53, 99, 99, 99]
--- num:  29
list:  [0.51, 0.51, 0.95, 0.95, 1, 1, 0.16199999999999998, 0.16199999999999998, 0.41, 0.41, 0.36, 0.36, 0.11999999999999994, 0.08999999999999991, 1, 0.22, 0.99, 0.63, 0.26, 0.99, 0.99, 0.26, 0.26, 0.63, 0.41, 0.61, 0.42, 0.02, 0.54, 99, 99, 99]
--- num:  29
list:  [0.56, 0.56, 1, 1, 0.98, 0.98, 0.9549358296394348, 0.9544910597801208, 0.32, 0.32, 0.36, 0.37, 0.14999999999999997, 0.18, 1, 0.23, 0.97, 0.63, 0.28, 0.97, 0.97, 0.28, 0.28, 0.65, 0.4, 0.67, 0.4, 0.02, 0.55, 99, 99, 99]
--- num:  29
list:  [0.48, 0.48, 0.88, 0.88, 1, 1, 0.16199999999999998, 0.16199999999999998, 0.36, 0.36, 0.36, 0.37, 0.18, 0.16499999999999998, 1, 0.23, 0.98, 0.63, 0.27, 0.98, 0.98, 0.27, 0.27, 0.67, 0.4, 0.66, 0.4, 0.02, 0.56, 99, 99, 99]
--- num:  29
list:  [0.49, 0.49, 0.9, 0.9, 1, 1, 0.16199999999999998, 0.16199999999999998, 0.4, 0.4, 0.37, 0.35, 0.20999999999999985, 0.18, 1, 0.23, 0.98, 0.63, 0.26, 0.98, 0.98, 0.26, 0.26, 0.69, 0.39, 0.67, 0.4, 0.02, 0.55, 99, 99, 99]
--- num:  29
list:  [0.49, 0.49, 0.9, 0.9, 1, 1, 0.16199999999999998, 0.16199999999999998, 0.41, 0.41, 0.39, 0.34, 0.20999999999999985, 0.18, 1, 0.22, 0.98, 0.63, 0.26, 0.98, 0.98, 0.26, 0.26, 0.69, 0.39, 0.67, 0.4, 0.02, 0.54, 99, 99, 99]
--- num:  29
list:  [0.5, 0.5, 0.93, 0.93, 1, 1, 0.16199999999999998, 0.16199999999999998, 0.4, 0.4, 0.39, 0.33, 0.16499999999999998, 0.16499999999999998, 1, 0.22, 0.99, 0.63, 0.26, 0.99, 0.99, 0.26, 0.26, 0.66, 0.4, 0.66, 0.4, 0.02, 0.54, 99, 99, 99]
--- num:  29
list:  [0.5, 0.5, 0.94, 0.94, 1, 1, 0.16199999999999998, 0.16199999999999998, 0.38, 0.38, 0.38, 0.35, 0.14999999999999997, 0.14999999999999997, 1, 0.22, 0.99, 0.63, 0.26, 0.99, 0.99, 0.26, 0.26, 0.65, 0.4, 0.65, 0.41, 0.01, 0.53, 99, 99, 99]
--- num:  29
list:  [0.5, 0.5, 0.92, 0.92, 1, 1, 0.16199999999999998, 0.16199999999999998, 0.36, 0.36, 0.35, 0.37, 0.14999999999999997, 0.14999999999999997, 1, 0.22, 0.99, 0.63, 0.26, 0.99, 0.99, 0.26, 0.26, 0.65, 0.4, 0.65, 0.41, 0.01, 0.53, 99, 99, 99]
--- num:  29
list:  [0.49, 0.49, 0.91, 0.91, 1, 1, 0.16199999999999998, 0.16199999999999998, 0.35, 0.35, 0.32, 0.4, 0.16499999999999998, 0.16499999999999998, 1, 0.22, 0.99, 0.63, 0.26, 0.99, 0.99, 0.26, 0.26, 0.66, 0.4, 0.66, 0.4, 0.01, 0.55, 99, 99, 99]
--- num:  29
list:  [0.49, 0.49, 0.91, 0.91, 1, 1, 0.16199999999999998, 0.16199999999999998, 0.34, 0.34, 0.3, 0.42, 0.16499999999999998, 0.16499999999999998, 1, 0.22, 0.99, 0.62, 0.26, 0.99, 0.99, 0.26, 0.26, 0.66, 0.4, 0.66, 0.4, 0.01, 0.58, 99, 99, 99]
--- num:  29
list:  [0.5, 0.5, 0.93, 0.93, 1, 1, 0.16199999999999998, 0.16199999999999998, 0.34, 0.34, 0.29, 0.43, 0.16499999999999998, 0.16499999999999998, 1, 0.22, 0.99, 0.62, 0.25, 0.99, 0.99, 0.25, 0.25, 0.66, 0.4, 0.66, 0.4, 0.01, 0.6, 99, 99, 99]
--- num:  29
list:  [0.5, 0.5, 0.94, 0.94, 1, 1, 0.19850600838661192, 0.1970419245958328, 0.28, 0.28, 0.3, 0.42, 0.18, 0.16499999999999998, 1, 0.22, 0.99, 0.62, 0.26, 0.99, 0.99, 0.26, 0.26, 0.67, 0.4, 0.66, 0.4, 0.01, 0.62, 99, 99, 99]
--- num:  29
list:  [0.49, 0.49, 0.9, 0.9, 1, 1, 0.16199999999999998, 0.16199999999999998, 0.29, 0.29, 0.31, 0.41, 0.13499999999999995, 0.13499999999999995, 1, 0.22, 0.98, 0.63, 0.27, 0.98, 0.98, 0.27, 0.27, 0.64, 0.41, 0.64, 0.41, 0.01, 0.63, 99, 99, 99]
--- num:  29
list:  [0.61, 0.61, 1, 1, 0.94, 0.94, 0.16199999999999998, 0.16199999999999998, 0.32, 0.32, 0.33, 0.39, 0.10499999999999993, 0.08999999999999991, 1, 0.33, 0.9, 0.71, 0.54, 0.89, 0.91, 0.54, 0.54, 0.62, 0.42, 0.61, 0.42, 0.07, 0.85, 99, 99, 99]
--- num:  29
list:  [0.92, 0.92, 1, 1, 0.68, 0.68, 0.16199999999999998, 0.16199999999999998, 0.25, 0.25, 0.36, 0.36, 0, 0, 1, 0.39, 0.925, 0.76, 0.56, 0.92, 0.93, 0.56, 0.56, 0.41, 0.71, 0.42, 0.7, 0.1, 1, 99, 99, 99]
--- num:  29
list:  [0.92, 0.92, 1, 1, 0.68, 0.68, 0.16199999999999998, 0.16199999999999998, 0.22, 0.22, 0.37, 0.35, 0, 0, 1, 0.38, 0.935, 0.74, 0.56, 0.93, 0.94, 0.56, 0.56, 0.35, 0.83, 0.37, 0.8, 0.11, 1, 99, 99, 99]
--- num:  29
list:  [0.92, 0.92, 1, 1, 0.68, 0.68, 0.16199999999999998, 0.16199999999999998, 0.21, 0.21, 0.38, 0.35, 0, 0, 1, 0.35, 0.94, 0.73, 0.56, 0.94, 0.94, 0.56, 0.56, 0.33, 0.87, 0.35, 0.84, 0.13, 1, 99, 99, 99]
--- num:  29
list:  [0.92, 0.92, 1, 1, 0.68, 0.68, 0.16199999999999998, 0.16199999999999998, 0.19, 0.19, 0.39, 0.34, 0, 0, 1, 0.34, 0.94, 0.72, 0.56, 0.94, 0.94, 0.56, 0.56, 0.33, 0.88, 0.35, 0.84, 0.13, 1, 99, 99, 99]
--- num:  29
list:  [0.92, 0.92, 1, 1, 0.68, 0.68, 0.16199999999999998, 0.16199999999999998, 0.17, 0.17, 0.38, 0.34, 0, 0, 1, 0.34, 0.945, 0.72, 0.56, 0.94, 0.95, 0.56, 0.56, 0.32, 0.9, 0.34, 0.85, 0.13, 1, 99, 99, 99]
--- num:  29
list:  [0.92, 0.92, 1, 1, 0.68, 0.68, 0.16199999999999998, 0.16199999999999998, 0.15, 0.15, 0.38, 0.35, 0, 0, 1, 0.34, 0.94, 0.72, 0.56, 0.94, 0.94, 0.56, 0.56, 0.32, 0.9, 0.34, 0.86, 0.13, 1, 99, 99, 99]
--- num:  29
list:  [0.92, 0.92, 1, 1, 0.68, 0.68, 0.16199999999999998, 0.16199999999999998, 0.14, 0.14, 0.38, 0.35, 0, 0, 1, 0.34, 0.94, 0.71, 0.56, 0.94, 0.94, 0.56, 0.56, 0.32, 0.89, 0.34, 0.85, 0.13, 1, 99, 99, 99]
--- num:  29
list:  [0.92, 0.92, 1, 1, 0.68, 0.68, 0.16199999999999998, 0.16199999999999998, 0.14, 0.14, 0.38, 0.35, 0, 0, 1, 0.33, 0.93, 0.71, 0.56, 0.93, 0.93, 0.56, 0.56, 0.33, 0.88, 0.35, 0.85, 0.13, 1, 99, 99, 99]
--- num:  29
list:  [0.92, 0.92, 1, 1, 0.68, 0.68, 0.16199999999999998, 0.16199999999999998, 0.14, 0.14, 0.38, 0.35, 0, 0, 1, 0.33, 0.93, 0.71, 0.56, 0.93, 0.93, 0.56, 0.56, 0.33, 0.88, 0.35, 0.84, 0.13, 1, 99, 99, 99]
--- num:  29
list:  [0.92, 0.92, 1, 1, 0.68, 0.68, 0.16199999999999998, 0.16199999999999998, 0.14, 0.14, 0.37, 0.35, 0, 0, 1, 0.33, 0.93, 0.71, 0.56, 0.93, 0.93, 0.56, 0.56, 0.33, 0.87, 0.35, 0.83, 0.13, 1, 99, 99, 99]
--- num:  29
list:  [0.92, 0.92, 1, 1, 0.68, 0.68, 0.16199999999999998, 0.16199999999999998, 0.14, 0.14, 0.37, 0.36, 0, 0, 1, 0.33, 0.93, 0.71, 0.56, 0.93, 0.93, 0.56, 0.56, 0.34, 0.87, 0.36, 0.83, 0.13, 1, 99, 99, 99]
--- num:  29
list:  [0.92, 0.92, 1, 1, 0.68, 0.68, 0.16199999999999998, 0.16199999999999998, 0.14, 0.14, 0.37, 0.36, 0, 0, 1, 0.33, 0.93, 0.71, 0.56, 0.93, 0.93, 0.56, 0.56, 0.33, 0.87, 0.35, 0.83, 0.14, 1, 99, 99, 99]
--- num:  29
list:  [0.92, 0.92, 1, 1, 0.68, 0.68, 0.16199999999999998, 0.16199999999999998, 0.14, 0.14, 0.37, 0.36, 0, 0, 1, 0.33, 0.92, 0.71, 0.56, 0.92, 0.92, 0.56, 0.56, 0.33, 0.87, 0.35, 0.83, 0.13, 1, 99, 99, 99]
--- num:  29
list:  [0.92, 0.92, 1, 1, 0.68, 0.68, 0.16199999999999998, 0.16199999999999998, 0.15, 0.15, 0.37, 0.36, 0, 0, 1, 0.33, 0.92, 0.71, 0.56, 0.92, 0.92, 0.56, 0.56, 0.33, 0.87, 0.35, 0.83, 0.13, 1, 99, 99, 99]
--- num:  29
list:  [0.92, 0.92, 1, 1, 0.68, 0.68, 0.16199999999999998, 0.16199999999999998, 0.14, 0.14, 0.37, 0.36, 0, 0, 1, 0.33, 0.92, 0.71, 0.56, 0.92, 0.92, 0.56, 0.56, 0.32, 0.89, 0.35, 0.85, 0.13, 1, 99, 99, 99]
--- num:  29
list:  [0.92, 0.92, 1, 1, 0.68, 0.68, 0.16199999999999998, 0.16199999999999998, 0.14, 0.14, 0.37, 0.36, 0, 0, 1, 0.33, 0.93, 0.71, 0.56, 0.93, 0.93, 0.56, 0.56, 0.31, 0.91, 0.34, 0.87, 0.13, 1, 99, 99, 99]
--- num:  29
list:  [0.92, 0.92, 1, 1, 0.68, 0.68, 0.16199999999999998, 0.16199999999999998, 0.14, 0.14, 0.37, 0.36, 0, 0, 1, 0.33, 0.94, 0.71, 0.56, 0.94, 0.94, 0.56, 0.56, 0.31, 0.92, 0.32, 0.89, 0.13, 1, 99, 99, 99]
--- num:  29
list:  [0.92, 0.92, 1, 1, 0.68, 0.68, 0.16199999999999998, 0.16199999999999998, 0.14, 0.14, 0.38, 0.35, 0, 0, 1, 0.33, 0.94, 0.71, 0.56, 0.94, 0.94, 0.56, 0.56, 0.31, 0.92, 0.32, 0.9, 0.14, 1, 99, 99, 99]
--- num:  29
list:  [0.92, 0.92, 1, 1, 0.68, 0.68, 0.16199999999999998, 0.16199999999999998, 0.14, 0.14, 0.42, 0.31, 0, 0, 1, 0.32, 0.94, 0.71, 0.56, 0.94, 0.94, 0.56, 0.56, 0.31, 0.92, 0.33, 0.88, 0.14, 1, 99, 99, 99]
--- num:  29
list:  [0.92, 0.92, 1, 1, 0.68, 0.68, 0.16199999999999998, 0.16199999999999998, 0.15, 0.15, 0.46, 0.26, 0, 0, 1, 0.32, 0.94, 0.7, 0.56, 0.94, 0.94, 0.56, 0.56, 0.33, 0.89, 0.34, 0.86, 0.14, 1, 99, 99, 99]
--- num:  29
list:  [0.92, 0.92, 1, 1, 0.68, 0.68, 0.16199999999999998, 0.16199999999999998, 0.14, 0.14, 0.48, 0.25, 0, 0, 1, 0.31, 0.945, 0.69, 0.56, 0.95, 0.94, 0.56, 0.56, 0.33, 0.88, 0.34, 0.86, 0.15, 1, 99, 99, 99]
--- num:  29
list:  [0.92, 0.92, 1, 1, 0.68, 0.68, 0.16199999999999998, 0.16199999999999998, 0.14, 0.14, 0.48, 0.25, 0, 0, 1, 0.31, 0.945, 0.69, 0.56, 0.95, 0.94, 0.56, 0.56, 0.33, 0.88, 0.34, 0.86, 0.15, 1, 99, 99, 99]
--- num:  29
list:  [0.92, 0.92, 1, 1, 0.68, 0.68, 0.16199999999999998, 0.16199999999999998, 0.13, 0.13, 0.47, 0.26, 0, 0, 1, 0.3, 0.945, 0.69, 0.56, 0.95, 0.94, 0.56, 0.56, 0.32, 0.89, 0.34, 0.87, 0.15, 1, 99, 99, 99]
--- num:  29
list:  [0.92, 0.92, 1, 1, 0.68, 0.68, 0.16199999999999998, 0.16199999999999998, 0.16, 0.16, 0.39, 0.34, 0, 0, 1, 0.32, 0.91, 0.7, 0.56, 0.91, 0.91, 0.56, 0.56, 0.34, 0.86, 0.36, 0.83, 0.14, 1, 99, 99, 99]
--- num:  29
list:  [0.92, 0.92, 1, 1, 0.68, 0.68, 0.16199999999999998, 0.16199999999999998, 0.14, 0.14, 0.33, 0.4, 0, 0, 1, 0.33, 0.92, 0.71, 0.56, 0.92, 0.92, 0.56, 0.56, 0.34, 0.86, 0.36, 0.82, 0.14, 1, 99, 99, 99]
--- num:  29
list:  [0.92, 0.92, 1, 1, 0.68, 0.68, 0.16199999999999998, 0.16199999999999998, 0.14, 0.14, 0.32, 0.41, 0, 0, 1, 0.33, 0.925, 0.71, 0.56, 0.92, 0.93, 0.56, 0.56, 0.32, 0.89, 0.35, 0.84, 0.14, 1, 99, 99, 99]
--- num:  29
list:  [0.92, 0.92, 1, 1, 0.68, 0.68, 0.16199999999999998, 0.16199999999999998, 0.13, 0.13, 0.27, 0.46, 0, 0, 1, 0.33, 0.92, 0.71, 0.56, 0.92, 0.92, 0.56, 0.56, 0.33, 0.88, 0.35, 0.83, 0.14, 1, 99, 99, 99]
--- num:  29
list:  [0.92, 0.92, 1, 1, 0.68, 0.68, 0.16199999999999998, 0.16199999999999998, 0.14, 0.14, 0.23, 0.5, 0, 0, 1, 0.33, 0.92, 0.71, 0.56, 0.92, 0.92, 0.56, 0.56, 0.33, 0.88, 0.36, 0.82, 0.14, 1, 99, 99, 99]
--- num:  29
list:  [0.92, 0.92, 1, 1, 0.68, 0.68, 0.16199999999999998, 0.16199999999999998, 0.15, 0.15, 0.21, 0.52, 0, 0, 1, 0.33, 0.925, 0.71, 0.56, 0.92, 0.93, 0.56, 0.56, 0.34, 0.86, 0.36, 0.81, 0.14, 1, 99, 99, 99]
--- num:  29
list:  [0.92, 0.92, 1, 1, 0.68, 0.68, 0.16199999999999998, 0.16199999999999998, 0.19, 0.19, 0.18, 0.55, 0, 0, 1, 0.32, 0.945, 0.7, 0.56, 0.94, 0.95, 0.56, 0.56, 0.33, 0.88, 0.35, 0.83, 0.13, 1, 99, 99, 99]
--- num:  29
list:  [0.92, 0.92, 1, 1, 0.68, 0.68, 0.16199999999999998, 0.16199999999999998, 0.25, 0.25, 0.18, 0.55, 0, 0, 1, 0.33, 0.95, 0.71, 0.56, 0.95, 0.95, 0.56, 0.56, 0.31, 0.92, 0.33, 0.87, 0.13, 1, 99, 99, 99]
--- num:  29
list:  [0.92, 0.92, 1, 1, 0.68, 0.68, 0.16199999999999998, 0.16199999999999998, 0.27, 0.27, 0.16, 0.56, 0, 0, 1, 0.33, 0.955, 0.71, 0.56, 0.95, 0.96, 0.56, 0.56, 0.31, 0.91, 0.34, 0.86, 0.13, 1, 99, 99, 99]
--- num:  29
list:  [0.92, 0.92, 1, 1, 0.68, 0.68, 0.16199999999999998, 0.16199999999999998, 0.29, 0.29, 0.15, 0.57, 0, 0, 1, 0.35, 0.96, 0.73, 0.56, 0.96, 0.96, 0.56, 0.56, 0.31, 0.92, 0.32, 0.89, 0.13, 1, 99, 99, 99]
--- num:  29
list:  [0.92, 0.92, 1, 1, 0.68, 0.68, 0.16199999999999998, 0.16199999999999998, 0.3, 0.3, 0.17, 0.56, 0, 0, 1, 0.36, 0.96, 0.73, 0.56, 0.96, 0.96, 0.56, 0.56, 0.31, 0.92, 0.32, 0.89, 0.14, 1, 99, 99, 99]
--- num:  29
list:  [0.92, 0.92, 1, 1, 0.68, 0.68, 0.16199999999999998, 0.16199999999999998, 0.32, 0.32, 0.19, 0.54, 0, 0, 1, 0.36, 0.96, 0.73, 0.56, 0.96, 0.96, 0.56, 0.56, 0.33, 0.89, 0.34, 0.87, 0.13, 1, 99, 99, 99]
--- num:  29
list:  [0.92, 0.92, 1, 1, 0.68, 0.68, 0.16199999999999998, 0.16199999999999998, 0.33, 0.33, 0.2, 0.53, 0, 0, 1, 0.37, 0.96, 0.74, 0.56, 0.96, 0.96, 0.56, 0.56, 0.32, 0.89, 0.34, 0.86, 0.13, 1, 99, 99, 99]
--- num:  29
list:  [0.92, 0.92, 1, 1, 0.68, 0.68, 0.16199999999999998, 0.16199999999999998, 0.36, 0.36, 0.39, 0.34, 0, 0, 1, 0.38, 0.955, 0.75, 0.56, 0.95, 0.96, 0.56, 0.56, 0.32, 0.89, 0.34, 0.85, 0.13, 1, 99, 99, 99]
--- num:  29
list:  [0.92, 0.92, 1, 1, 0.68, 0.68, 0.16199999999999998, 0.16199999999999998, 0.35, 0.35, 0.85, -0.1, 0, 0, 1, 0.41, 0.945, 0.77, 0.56, 0.94, 0.95, 0.56, 0.56, 0.36, 0.82, 0.38, 0.78, 0.11, 1, 99, 99, 99]
--- num:  29
list:  [0.92, 0.92, 1, 1, 0.68, 0.68, 0.16199999999999998, 0.16199999999999998, 0.36, 0.36, 0.87, -0.12, 0, 0, 1, 0.42, 0.945, 0.78, 0.56, 0.94, 0.95, 0.56, 0.56, 0.34, 0.85, 0.36, 0.81, 0.11, 1, 99, 99, 99]
--- num:  29
list:  [0.92, 0.92, 1, 1, 0.68, 0.68, 0.16199999999999998, 0.16199999999999998, 0.35, 0.35, 0.85, -0.1, 0, 0, 1, 0.42, 0.945, 0.78, 0.56, 0.94, 0.95, 0.56, 0.56, 0.35, 0.85, 0.36, 0.81, 0.11, 1, 99, 99, 99]
--- num:  29
list:  [0.92, 0.92, 1, 1, 0.68, 0.68, 0.16199999999999998, 0.16199999999999998, 0.35, 0.35, 0.86, -0.11, 0, 0, 1, 0.41, 0.935, 0.77, 0.56, 0.93, 0.94, 0.56, 0.56, 0.35, 0.84, 0.36, 0.81, 0.11, 1, 99, 99, 99]
--- num:  29
list:  [0.92, 0.92, 1, 1, 0.68, 0.68, 0.49006317138671873, 0.49015442609786986, 0.27, 0.27, 0.62, 0.11, 0, 0, 1, 0.42, 0.92, 0.78, 0.56, 0.91, 0.93, 0.56, 0.56, 0.42, 0.71, 0.44, 0.67, 0.11, 1, 99, 99, 99]
--- num:  29
list:  [0.92, 0.92, 1, 1, 0.68, 0.68, 0.16199999999999998, 0.16199999999999998, 0.36, 0.36, 0.84, -0.09, 0, 0, 1, 0.41, 0.915, 0.77, 0.56, 0.91, 0.92, 0.56, 0.56, 0.39, 0.76, 0.41, 0.73, 0.11, 1, 99, 99, 99]
--- num:  29
list:  [0.92, 0.92, 1, 1, 0.68, 0.68, 0.16199999999999998, 0.16199999999999998, 0.35, 0.35, 0.85, -0.1, 0, 0, 1, 0.37, 0.905, 0.74, 0.56, 0.9, 0.91, 0.56, 0.56, 0.41, 0.72, 0.43, 0.69, 0.1, 1, 99, 99, 99]
--- num:  29
list:  [0.92, 0.92, 1, 1, 0.68, 0.68, 0.16199999999999998, 0.16199999999999998, 0.3, 0.3, 0.67, 0.06, 0, 0, 1, 0.37, 0.89, 0.74, 0.56, 0.88, 0.9, 0.56, 0.56, 0.47, 0.61, 0.48, 0.59, 0.1, 0.98, 99, 99, 99]
--- num:  29
list:  [0.92, 0.92, 1, 1, 0.68, 0.68, 0.19323706209659575, 0.1931991386413574, 0.27, 0.27, 0.24, 0.48, 0, 0, 1, 0.38, 0.88, 0.74, 0.56, 0.87, 0.89, 0.56, 0.56, 0.5, 0.55, 0.52, 0.51, 0.11, 0.52, 99, 99, 99]
--- num:  29
list:  [0.92, 0.92, 1, 1, 0.68, 0.68, 0.16199999999999998, 0.16199999999999998, 0.31, 0.31, -0.05, 0.79, 0, 0, 1, 0.35, 0.88, 0.72, 0.56, 0.88, 0.88, 0.56, 0.56, 0.48, 0.59, 0.5, 0.54, 0.11, 0.46, 99, 99, 99]
--- num:  29
list:  [0.92, 0.92, 1, 1, 0.68, 0.68, 0.16199999999999998, 0.16199999999999998, 0.31, 0.31, -0.05, 0.8, 0, 0, 1, 0.34, 0.885, 0.72, 0.56, 0.89, 0.88, 0.56, 0.56, 0.46, 0.63, 0.49, 0.56, 0.12, 0.36, 99, 99, 99]
--- num:  29
list:  [0.92, 0.92, 1, 1, 0.68, 0.68, 0.16199999999999998, 0.16199999999999998, 0.32, 0.32, -0.04, 0.78, 0, 0, 1, 0.34, 0.885, 0.72, 0.56, 0.89, 0.88, 0.56, 0.56, 0.48, 0.58, 0.51, 0.52, 0.12, 0.31, 99, 99, 99]
--- num:  29
list:  [0.92, 0.92, 1, 1, 0.68, 0.68, 0.16199999999999998, 0.16199999999999998, 0.33, 0.33, -0.09, 0.84, 0, 0, 1, 0.34, 0.875, 0.72, 0.56, 0.88, 0.87, 0.56, 0.56, 0.49, 0.56, 0.52, 0.51, 0.12, 0.32, 99, 99, 99]
--- num:  29
list:  [0.92, 0.92, 1, 1, 0.68, 0.68, 0.5882816123962402, 0.5881291437149048, 0.21, 0.21, 0.17, 0.56, 0.02999999999999986, 0.0749999999999999, 1, 0.38, 0.84, 0.75, 0.56, 0.84, 0.84, 0.56, 0.56, 0.57, 0.44, 0.6, 0.43, 0.12, 0.29, 99, 99, 99]
--- num:  29
list:  [0.92, 0.92, 1, 1, 0.68, 0.68, 0.16199999999999998, 0.16199999999999998, 0.34, 0.34, -0.08, 0.83, 0, 0, 1, 0.34, 0.855, 0.72, 0.56, 0.86, 0.85, 0.56, 0.56, 0.49, 0.57, 0.51, 0.53, 0.11, 0.3, 99, 99, 99]
--- num:  29
list:  [0.92, 0.92, 1, 1, 0.68, 0.68, 0.16199999999999998, 0.16199999999999998, 0.33, 0.33, -0.13, 0.88, 0, 0, 1, 0.33, 0.885, 0.71, 0.56, 0.89, 0.88, 0.56, 0.56, 0.44, 0.67, 0.47, 0.6, 0.11, 0.57, 99, 99, 99]
--- num:  29
list:  [0.92, 0.92, 1, 1, 0.68, 0.68, 0.16199999999999998, 0.16199999999999998, 0.32, 0.32, -0.13, 0.88, 0, 0, 1, 0.32, 0.895, 0.71, 0.56, 0.9, 0.89, 0.56, 0.56, 0.47, 0.6, 0.5, 0.54, 0.1, 0.62, 99, 99, 99]
--- num:  29
list:  [0.92, 0.92, 1, 1, 0.68, 0.68, 0.16199999999999998, 0.16199999999999998, 0.29, 0.29, -0.16, 0.91, 0, 0, 1, 0.32, 0.895, 0.7, 0.56, 0.9, 0.89, 0.56, 0.56, 0.44, 0.65, 0.48, 0.59, 0.1, 0.75, 99, 99, 99]
--- num:  29
list:  [0.92, 0.92, 1, 1, 0.68, 0.68, 0.16199999999999998, 0.16199999999999998, 0.29, 0.29, -0.14, 0.89, 0, 0, 1, 0.31, 0.905, 0.69, 0.56, 0.91, 0.9, 0.56, 0.56, 0.44, 0.67, 0.47, 0.6, 0.1, 0.79, 99, 99, 99]
--- num:  29
list:  [0.92, 0.92, 1, 1, 0.68, 0.68, 0.1985249179601669, 0.19833905577659605, 0.25, 0.25, 0.05, 0.69, 0, 0.0749999999999999, 1, 0.31, 0.875, 0.69, 0.56, 0.88, 0.87, 0.56, 0.56, 0.54, 0.46, 0.6, 0.43, 0.11, 0.6, 99, 99, 99]
--- num:  29
list:  [0.92, 0.92, 1, 1, 0.69, 0.69, 0.35941008806228636, 0.35940451502799986, 0.23, 0.23, 0.4, 0.33, 0, 0, 1, 0.36, 0.865, 0.73, 0.56, 0.86, 0.87, 0.56, 0.56, 0.52, 0.52, 0.55, 0.45, 0.11, 0.87, 99, 99, 99]
--- num:  29
list:  [0.92, 0.92, 1, 1, 0.68, 0.68, 0.16199999999999998, 0.16199999999999998, 0.33, 0.33, 0.35, 0.37, 0, 0, 1, 0.34, 0.895, 0.71, 0.56, 0.89, 0.9, 0.56, 0.56, 0.45, 0.64, 0.47, 0.6, 0.12, 1, 99, 99, 99]
--- num:  29
list:  [0.91, 0.91, 1, 1, 0.69, 0.69, 0.16199999999999998, 0.16199999999999998, 0.32, 0.32, 0.31, 0.41, 0, 0, 1, 0.33, 0.895, 0.71, 0.56, 0.89, 0.9, 0.56, 0.56, 0.46, 0.62, 0.48, 0.58, 0.12, 1, 99, 99, 99]
--- num:  29
list:  [0.86, 0.86, 1, 1, 0.73, 0.73, 0.8137182402610779, 0.8138962197303772, 0.18, 0.18, 0.31, 0.42, 0, 0.02999999999999986, 1, 0.36, 0.87, 0.74, 0.56, 0.86, 0.88, 0.56, 0.56, 0.52, 0.5, 0.57, 0.44, 0.12, 1, 99, 99, 99]
--- num:  29
list:  [0.88, 0.88, 1, 1, 0.72, 0.72, 0.16199999999999998, 0.16199999999999998, 0.36, 0.36, 0.82, -0.07, 0, 0, 1, 0.36, 0.89, 0.73, 0.56, 0.88, 0.9, 0.56, 0.56, 0.46, 0.62, 0.48, 0.59, 0.11, 1, 99, 99, 99]
--- num:  29
list:  [0.88, 0.88, 1, 1, 0.72, 0.72, 0.16199999999999998, 0.16199999999999998, 0.35, 0.35, 0.84, -0.09, 0, 0, 1, 0.35, 0.895, 0.73, 0.56, 0.89, 0.9, 0.56, 0.56, 0.45, 0.65, 0.45, 0.64, 0.11, 1, 99, 99, 99]
--- num:  29
list:  [0.88, 0.88, 1, 1, 0.72, 0.72, 0.16199999999999998, 0.16199999999999998, 0.36, 0.36, 0.81, -0.06, 0, 0, 1, 0.36, 0.9, 0.73, 0.56, 0.89, 0.91, 0.56, 0.56, 0.44, 0.67, 0.45, 0.65, 0.11, 1, 99, 99, 99]
--- num:  29
list:  [0.88, 0.88, 1, 1, 0.72, 0.72, 0.16199999999999998, 0.16199999999999998, 0.35, 0.35, 0.84, -0.09, 0, 0, 1, 0.36, 0.9, 0.73, 0.56, 0.89, 0.91, 0.56, 0.56, 0.42, 0.69, 0.43, 0.68, 0.11, 1, 99, 99, 99]
--- num:  29
list:  [0.79, 0.79, 1, 1, 0.79, 0.79, 0.906573634147644, 0.906537275314331, 0.25, 0.25, 0.28, 0.45, 0, 0.11999999999999994, 1, 0.37, 0.855, 0.74, 0.56, 0.84, 0.87, 0.56, 0.56, 0.55, 0.46, 0.63, 0.42, 0.13, 1, 99, 99, 99]
--- num:  29
list:  [0.88, 0.88, 1, 1, 0.72, 0.72, 0.16199999999999998, 0.16199999999999998, 0.34, 0.34, 0.02, 0.72, 0, 0, 1, 0.33, 0.88, 0.71, 0.56, 0.88, 0.88, 0.56, 0.56, 0.47, 0.61, 0.51, 0.54, 0.12, 1, 99, 99, 99]
--- num:  29
list:  [0.9, 0.9, 1, 1, 0.7, 0.7, 0.16199999999999998, 0.16199999999999998, 0.36, 0.36, 0.1, 0.64, 0, 0, 1, 0.32, 0.885, 0.7, 0.56, 0.89, 0.88, 0.56, 0.56, 0.45, 0.65, 0.48, 0.59, 0.12, 1, 99, 99, 99]
--- num:  29
list:  [0.9, 0.9, 1, 1, 0.7, 0.7, 0.16199999999999998, 0.16199999999999998, 0.34, 0.34, 0.13, 0.6, 0, 0, 1, 0.32, 0.885, 0.7, 0.56, 0.89, 0.88, 0.56, 0.56, 0.48, 0.59, 0.51, 0.53, 0.11, 0.9, 99, 99, 99]
--- num:  29
list:  [0.9, 0.9, 1, 1, 0.7, 0.7, 0.16199999999999998, 0.16199999999999998, 0.33, 0.33, 0.14, 0.59, 0, 0, 0.75, 0.31, 0.88, 0.69, 0.56, 0.89, 0.87, 0.56, 0.56, 0.47, 0.61, 0.5, 0.54, 0.11, 0.91, 99, 99, 99]
--- num:  29
list:  [0.9, 0.9, 1, 1, 0.7, 0.7, 0.16199999999999998, 0.16199999999999998, 0.31, 0.31, 0.15, 0.58, 0, 0, 0.75, 0.3, 0.895, 0.69, 0.56, 0.9, 0.89, 0.56, 0.56, 0.44, 0.66, 0.48, 0.59, 0.11, 1, 99, 99, 99]
--- num:  29
list:  [0.9, 0.9, 1, 1, 0.7, 0.7, 0.16199999999999998, 0.16199999999999998, 0.28, 0.28, 0.14, 0.59, 0, 0, 0.75, 0.3, 0.895, 0.69, 0.56, 0.9, 0.89, 0.56, 0.56, 0.44, 0.67, 0.48, 0.59, 0.11, 1, 99, 99, 99]
--- num:  29
list:  [0.9, 0.9, 1, 1, 0.7, 0.7, 0.16199999999999998, 0.16199999999999998, 0.27, 0.27, 0.13, 0.6, 0, 0, 0.75, 0.29, 0.895, 0.68, 0.56, 0.9, 0.89, 0.56, 0.56, 0.44, 0.67, 0.48, 0.59, 0.11, 1, 99, 99, 99]
--- num:  29
list:  [0.91, 0.91, 1, 1, 0.7, 0.7, 0.16199999999999998, 0.16199999999999998, 0.26, 0.26, 0.13, 0.6, 0, 0, 0.75, 0.29, 0.885, 0.68, 0.56, 0.89, 0.88, 0.56, 0.56, 0.46, 0.62, 0.5, 0.55, 0.11, 1, 99, 99, 99]
--- num:  29
list:  [0.91, 0.91, 1, 1, 0.69, 0.69, 0.2844390082359314, 0.28443862080574034, 0.19, 0.19, 0.45, 0.27, 0, 0.02999999999999986, 0.75, 0.3, 0.83, 0.69, 0.56, 0.83, 0.83, 0.56, 0.56, 0.53, 0.49, 0.57, 0.44, 0.12, 0.75, 99, 99, 99]
--- num:  29
list:  [0.9, 0.9, 1, 1, 0.7, 0.7, 0.16199999999999998, 0.16199999999999998, 0.24, 0.24, 0.45, 0.27, 0, 0, 0.75, 0.3, 0.855, 0.69, 0.56, 0.86, 0.85, 0.56, 0.56, 0.45, 0.65, 0.47, 0.6, 0.12, 1, 99, 99, 99]
--- num:  29
list:  [0.89, 0.89, 1, 1, 0.71, 0.71, 0.16199999999999998, 0.16199999999999998, 0.25, 0.25, 0.44, 0.29, 0, 0, 0.75, 0.3, 0.855, 0.69, 0.56, 0.86, 0.85, 0.56, 0.56, 0.45, 0.64, 0.48, 0.58, 0.11, 1, 99, 99, 99]
--- num:  29
list:  [0.89, 0.89, 1, 1, 0.71, 0.71, 0.16199999999999998, 0.16199999999999998, 0.26, 0.26, 0.42, 0.3, 0, 0, 0.75, 0.3, 0.875, 0.69, 0.56, 0.88, 0.87, 0.56, 0.56, 0.47, 0.61, 0.49, 0.56, 0.11, 1, 99, 99, 99]
--- num:  29
list:  [0.87, 0.87, 1, 1, 0.72, 0.72, 0.16199999999999998, 0.16199999999999998, 0.28, 0.28, 0.4, 0.33, 0, 0, 0.75, 0.3, 0.88, 0.69, 0.56, 0.88, 0.88, 0.56, 0.56, 0.52, 0.51, 0.54, 0.47, 0.1, 1, 99, 99, 99]
--- num:  29
list:  [0.73, 0.73, 1, 1, 0.84, 0.84, 0.5471567916870117, 0.5464452314376831, 0.14, 0.14, 0.37, 0.36, 0.2849999999999999, 0.2849999999999999, 1, 0.3, 0.855, 0.69, 0.56, 0.85, 0.86, 0.56, 0.56, 0.74, 0.36, 0.74, 0.37, 0.11, 0.4, 99, 99, 99]
--- num:  29
list:  [0.62, 0.62, 1, 1, 0.93, 0.93, 0.16199999999999998, 0.16199999999999998, 0.28, 0.28, 0.34, 0.38, 0.2549999999999999, 0.23999999999999988, 1, 0.31, 0.88, 0.69, 0.52, 0.88, 0.88, 0.52, 0.52, 0.72, 0.37, 0.71, 0.38, 0.1, 0.35, 99, 99, 99]
--- num:  29
list:  [0.61, 0.61, 1, 1, 0.93, 0.93, 0.16199999999999998, 0.16199999999999998, 0.3, 0.3, 0.33, 0.39, 0.20999999999999985, 0.195, 1, 0.31, 0.89, 0.69, 0.49, 0.89, 0.89, 0.49, 0.49, 0.69, 0.39, 0.68, 0.39, 0.09, 0.36, 99, 99, 99]
--- num:  29
list:  [0.57, 0.57, 1, 1, 0.97, 0.97, 0.16199999999999998, 0.16199999999999998, 0.35, 0.35, 0.42, 0.3, 0.195, 0.18, 1, 0.29, 0.935, 0.68, 0.37, 0.93, 0.94, 0.37, 0.37, 0.68, 0.39, 0.67, 0.4, 0.06, 0.4, 99, 99, 99]
--- num:  29
list:  [0.56, 0.56, 1, 1, 0.98, 0.98, 0.16199999999999998, 0.16199999999999998, 0.41, 0.41, 0.57, 0.16, 0.16499999999999998, 0.14999999999999997, 1, 0.25, 0.965, 0.65, 0.3, 0.96, 0.97, 0.3, 0.3, 0.66, 0.4, 0.65, 0.41, 0.03, 0.46, 99, 99, 99]
--- num:  29
list:  [0.53, 0.53, 1.0, 1.0, 1, 1, 0.16199999999999998, 0.16199999999999998, 0.42, 0.42, 0.57, 0.16, 0.14999999999999997, 0.13499999999999995, 1, 0.24, 0.98, 0.64, 0.27, 0.98, 0.98, 0.27, 0.27, 0.65, 0.41, 0.64, 0.41, 0.03, 0.51, 99, 99, 99]
--- num:  29
list:  [0.5, 0.5, 0.92, 0.92, 1, 1, 0.3553193914890289, 0.3532289969921112, 0.24, 0.24, 0.34, 0.38, 0.14999999999999997, 0.13499999999999995, 1, 0.24, 0.98, 0.64, 0.27, 0.98, 0.98, 0.27, 0.27, 0.65, 0.41, 0.64, 0.41, 0.02, 0.54, 99, 99, 99]
--- num:  29
list:  [0.51, 0.51, 0.96, 0.96, 1, 1, 0.16199999999999998, 0.16199999999999998, 0.35, 0.35, 0.33, 0.39, 0.13499999999999995, 0.11999999999999994, 1, 0.23, 0.98, 0.64, 0.26, 0.98, 0.98, 0.26, 0.26, 0.64, 0.41, 0.63, 0.41, 0.02, 0.56, 99, 99, 99]
--- num:  29
list:  [0.52, 0.52, 0.98, 0.98, 1, 1, 0.16199999999999998, 0.16199999999999998, 0.37, 0.37, 0.34, 0.38, 0.11999999999999994, 0.10499999999999993, 1, 0.22, 0.99, 0.63, 0.26, 0.99, 0.99, 0.26, 0.26, 0.63, 0.41, 0.62, 0.42, 0.02, 0.57, 99, 99, 99]
--- num:  29
list:  [0.53, 0.53, 0.99, 0.99, 1, 1, 0.16199999999999998, 0.16199999999999998, 0.38, 0.38, 0.35, 0.37, 0.11999999999999994, 0.08999999999999991, 1, 0.22, 0.99, 0.63, 0.25, 0.99, 0.99, 0.25, 0.25, 0.63, 0.42, 0.61, 0.42, 0.01, 0.57, 99, 99, 99]
--- num:  29
list:  [0.53, 0.53, 0.99, 0.99, 1, 1, 0.16199999999999998, 0.16199999999999998, 0.39, 0.39, 0.34, 0.38, 0.10499999999999993, 0.0749999999999999, 1, 0.22, 0.99, 0.63, 0.25, 0.99, 0.99, 0.25, 0.25, 0.62, 0.42, 0.6, 0.43, 0.01, 0.58, 99, 99, 99]
--- num:  29
list:  [0.53, 0.53, 0.99, 0.99, 1, 1, 0.16199999999999998, 0.16199999999999998, 0.39, 0.39, 0.33, 0.39, 0.10499999999999993, 0.0749999999999999, 1, 0.22, 0.99, 0.63, 0.25, 0.99, 0.99, 0.25, 0.25, 0.62, 0.42, 0.6, 0.43, 0.01, 0.58, 99, 99, 99]
--- num:  29
list:  [0.52, 0.52, 0.98, 0.98, 1, 1, 0.16199999999999998, 0.16199999999999998, 0.39, 0.39, 0.33, 0.39, 0.10499999999999993, 0.0749999999999999, 1, 0.22, 0.99, 0.62, 0.25, 0.99, 0.99, 0.25, 0.25, 0.62, 0.42, 0.6, 0.43, 0.01, 0.59, 99, 99, 99]
--- num:  29
list:  [0.52, 0.52, 0.98, 0.98, 1, 1, 0.16199999999999998, 0.16199999999999998, 0.38, 0.38, 0.33, 0.39, 0.10499999999999993, 0.0749999999999999, 1, 0.22, 0.99, 0.62, 0.25, 0.99, 0.99, 0.25, 0.25, 0.62, 0.42, 0.6, 0.43, 0.01, 0.6, 99, 99, 99]
--- num:  29
list:  [0.52, 0.52, 0.98, 0.98, 1, 1, 0.16199999999999998, 0.16199999999999998, 0.39, 0.39, 0.33, 0.39, 0.10499999999999993, 0.0749999999999999, 1, 0.21, 0.99, 0.62, 0.25, 0.99, 0.99, 0.25, 0.25, 0.62, 0.42, 0.6, 0.43, 0.01, 0.61, 99, 99, 99]
--- num:  29
list:  [0.52, 0.52, 0.98, 0.98, 1, 1, 0.16199999999999998, 0.16199999999999998, 0.4, 0.4, 0.33, 0.39, 0.10499999999999993, 0.0749999999999999, 1, 0.21, 0.99, 0.62, 0.25, 0.99, 0.99, 0.25, 0.25, 0.62, 0.42, 0.6, 0.43, 0.01, 0.62, 99, 99, 99]
--- num:  29
list:  [0.52, 0.52, 0.97, 0.97, 1, 1, 0.16199999999999998, 0.16199999999999998, 0.4, 0.4, 0.33, 0.39, 0.10499999999999993, 0.0749999999999999, 1, 0.21, 0.99, 0.62, 0.25, 0.99, 0.99, 0.25, 0.25, 0.62, 0.42, 0.6, 0.43, 0.01, 0.61, 99, 99, 99]
--- num:  29
list:  [0.51, 0.51, 0.97, 0.97, 1, 1, 0.16199999999999998, 0.16199999999999998, 0.4, 0.4, 0.33, 0.4, 0.10499999999999993, 0.0749999999999999, 1, 0.21, 0.99, 0.62, 0.25, 0.99, 0.99, 0.25, 0.25, 0.62, 0.42, 0.6, 0.43, 0.01, 0.62, 99, 99, 99]
--- num:  29
list:  [0.52, 0.52, 0.98, 0.98, 1, 1, 0.16199999999999998, 0.16199999999999998, 0.4, 0.4, 0.33, 0.39, 0.08999999999999991, 0.0749999999999999, 1, 0.21, 0.99, 0.62, 0.25, 0.99, 0.99, 0.25, 0.25, 0.61, 0.42, 0.6, 0.43, 0.01, 0.62, 99, 99, 99]
--- num:  29
list:  [0.52, 0.52, 0.98, 0.98, 1, 1, 0.16199999999999998, 0.16199999999999998, 0.4, 0.4, 0.33, 0.39, 0.08999999999999991, 0.0749999999999999, 1, 0.21, 0.99, 0.62, 0.25, 0.99, 0.99, 0.25, 0.25, 0.61, 0.42, 0.6, 0.43, 0.01, 0.62, 99, 99, 99]
--- num:  29
list:  [0.52, 0.52, 0.98, 0.98, 1, 1, 0.16199999999999998, 0.16199999999999998, 0.4, 0.4, 0.34, 0.38, 0.10499999999999993, 0.0749999999999999, 1, 0.21, 0.99, 0.62, 0.25, 0.99, 0.99, 0.25, 0.25, 0.62, 0.42, 0.6, 0.43, 0.01, 0.62, 99, 99, 99]
--- num:  29
list:  [0.53, 0.53, 0.99, 0.99, 1, 1, 0.16199999999999998, 0.16199999999999998, 0.4, 0.4, 0.34, 0.38, 0.08999999999999991, 0.0749999999999999, 1, 0.21, 1.0, 0.62, 0.25, 1.0, 1.0, 0.25, 0.25, 0.61, 0.42, 0.6, 0.43, 0.01, 0.62, 99, 99, 99]
--- num:  29
list:  [0.53, 0.53, 0.99, 0.99, 1, 1, 0.16199999999999998, 0.16199999999999998, 0.4, 0.4, 0.34, 0.38, 0.08999999999999991, 0.0749999999999999, 1, 0.21, 1.0, 0.62, 0.25, 1.0, 1.0, 0.25, 0.25, 0.61, 0.42, 0.6, 0.43, 0.01, 0.62, 99, 99, 99]
--- num:  29
list:  [0.53, 0.53, 1.0, 1.0, 1, 1, 0.16199999999999998, 0.16199999999999998, 0.4, 0.4, 0.34, 0.38, 0.08999999999999991, 0.0749999999999999, 1, 0.21, 1.0, 0.62, 0.25, 1.0, 1.0, 0.25, 0.25, 0.61, 0.42, 0.6, 0.43, 0.01, 0.63, 99, 99, 99]
--- num:  29
list:  [0.53, 0.53, 1.0, 1.0, 1, 1, 0.16199999999999998, 0.16199999999999998, 0.4, 0.4, 0.34, 0.38, 0.08999999999999991, 0.0749999999999999, 1, 0.21, 1.0, 0.62, 0.25, 1.0, 1.0, 0.25, 0.25, 0.61, 0.42, 0.6, 0.43, 0.01, 0.63, 99, 99, 99]
--- num:  29
list:  [0.53, 0.53, 1.0, 1.0, 1, 1, 0.16199999999999998, 0.16199999999999998, 0.39, 0.39, 0.34, 0.38, 0.08999999999999991, 0.0749999999999999, 1, 0.21, 1.0, 0.62, 0.25, 1.0, 1.0, 0.25, 0.25, 0.61, 0.42, 0.6, 0.43, 0.01, 0.62, 99, 99, 99]
--- num:  29
