face_1,face_2,face_3,face_4,face_5,face_6,face_7,face_8,face_9,face_10,face_11,face_12,face_13,face_14,face_15,face_16,face_17,face_18,face_19,face_20,face_21,face_22,face_23,face_24,face_25,face_26,face_27,face_28,face_29,neck_1,neck_2,neck_3
0.58,0.58,1.0,1.0,0.96,0.96,0.16199999999999998,0.16199999999999998,0.47,0.47,0.36,0.36,0.0,0.0,1.0,0.41,0.93,0.77,0.54,0.93,0.93,0.54,0.54,0.41,0.72,0.41,0.72,0.1,0.89,0.01,0.042,-0.067
0.57,0.57,1.0,1.0,0.97,0.97,0.16199999999999998,0.16199999999999998,0.46,0.46,0.39,0.33,0.18,0.10499999999999993,1.0,0.3,0.94,0.69,0.28,0.94,0.94,0.28,0.28,0.67,0.4,0.62,0.42,0.08,0.68,0.027,0.042,-0.037
0.57,0.57,1.0,1.0,0.97,0.97,0.16199999999999998,0.16199999999999998,0.48,0.48,0.36,0.36,0.0,0.0,1.0,0.4,0.94,0.76,0.5,0.94,0.94,0.5,0.5,0.43,0.69,0.43,0.68,0.1,0.86,0.022,0.036,-0.057
0.57,0.57,1.0,1.0,0.97,0.97,0.16199999999999998,0.16199999999999998,0.48,0.48,0.36,0.36,0.0,0.0,1.0,0.42,0.94,0.78,0.52,0.94,0.94,0.52,0.52,0.41,0.71,0.41,0.71,0.1,0.81,0.027,0.038,-0.052
0.58,0.58,1.0,1.0,0.96,0.96,0.8869203734397888,0.886852662563324,0.32,0.32,0.36,0.36,0.0,0.0,1.0,0.41,0.9,0.77,0.51,0.9,0.9,0.51,0.51,0.46,0.63,0.47,0.61,0.1,0.42,0.032,0.041,-0.046
0.61,0.61,1.0,1.0,0.93,0.93,0.16199999999999998,0.16199999999999998,0.42,0.42,0.37,0.35,0.0,0.0,1.0,0.42,0.92,0.78,0.53,0.92,0.92,0.53,0.53,0.43,0.69,0.43,0.69,0.1,0.59,0.043,0.048,-0.03
0.68,0.68,1.0,1.0,0.88,0.88,0.16199999999999998,0.16199999999999998,0.43,0.43,0.41,0.31,0.0,0.0,1.0,0.42,0.93,0.78,0.55,0.93,0.93,0.55,0.55,0.42,0.71,0.42,0.71,0.12,0.63,0.04,0.053,-0.027
0.73,0.73,1.0,1.0,0.84,0.84,0.16199999999999998,0.16199999999999998,0.42,0.42,0.44,0.28,0.0,0.0,1.0,0.43,0.935,0.78,0.56,0.93,0.94,0.56,0.56,0.4,0.75,0.4,0.74,0.15,0.85,0.039,0.055,0.001
0.8,0.8,1.0,1.0,0.78,0.78,0.16199999999999998,0.16199999999999998,0.4,0.4,0.45,0.27,0.0,0.0,1.0,0.43,0.94,0.78,0.56,0.94,0.94,0.56,0.56,0.39,0.76,0.4,0.75,0.17,0.85,0.034,0.06,0.028
0.92,0.92,1.0,1.0,0.68,0.68,0.16199999999999998,0.16199999999999998,0.34,0.34,0.44,0.28,0.0,0.0,1.0,0.45,0.96,0.8,0.56,0.96,0.96,0.56,0.56,0.34,0.86,0.35,0.84,0.2,0.86,0.04,0.064,0.042
0.92,0.92,1.0,1.0,0.68,0.68,0.16199999999999998,0.16199999999999998,0.33,0.33,0.43,0.3,0.0,0.0,1.0,0.44,0.97,0.79,0.56,0.97,0.97,0.56,0.56,0.34,0.85,0.35,0.84,0.2,0.93,0.036,0.061,0.04
0.92,0.92,1.0,1.0,0.68,0.68,0.6090849447250366,0.6070047426223755,0.22,0.22,0.39,0.33,0.0,0.0,1.0,0.5,0.925,0.84,0.54,0.92,0.93,0.54,0.54,0.45,0.65,0.44,0.66,0.17,0.29,0.041,0.055,0.036
0.88,0.88,1.0,1.0,0.71,0.71,0.16199999999999998,0.16199999999999998,0.37,0.37,0.38,0.34,0.0,0.0,1.0,0.5,0.925,0.84,0.56,0.92,0.93,0.56,0.56,0.42,0.71,0.42,0.71,0.16,0.64,0.051,0.05,0.031
0.76,0.76,1.0,1.0,0.81,0.81,0.16199999999999998,0.16199999999999998,0.38,0.38,0.37,0.35,0.0,0.0,1.0,0.46,0.925,0.81,0.56,0.92,0.93,0.56,0.56,0.42,0.71,0.42,0.71,0.16,0.76,0.051,0.039,0.013
0.63,0.63,1.0,1.0,0.92,0.92,0.16199999999999998,0.16199999999999998,0.41,0.41,0.35,0.37,0.0,0.0,1.0,0.43,0.925,0.78,0.56,0.92,0.93,0.56,0.56,0.42,0.71,0.42,0.71,0.14,0.72,0.07,0.032,-0.0
0.62,0.62,1.0,1.0,0.93,0.93,0.16199999999999998,0.16199999999999998,0.42,0.42,0.34,0.38,0.0,0.0,1.0,0.42,0.925,0.78,0.56,0.92,0.93,0.56,0.56,0.41,0.72,0.41,0.72,0.15,0.97,0.08,0.02,-0.011
0.62,0.62,1.0,1.0,0.93,0.93,0.16199999999999998,0.16199999999999998,0.44,0.44,0.33,0.39,0.0,0.0,1.0,0.4,0.89,0.76,0.56,0.88,0.9,0.56,0.56,0.32,0.9,0.32,0.89,0.15,1.0,0.071,0.006,-0.031
0.61,0.61,1.0,1.0,0.94,0.94,0.16199999999999998,0.16199999999999998,0.46,0.46,0.34,0.38,0.0,0.0,1.0,0.41,0.88,0.77,0.56,0.87,0.89,0.56,0.56,0.31,0.92,0.31,0.91,0.16,1.0,0.055,-0.001,-0.041
0.6,0.6,1.0,1.0,0.95,0.95,0.16199999999999998,0.16199999999999998,0.55,0.55,0.49,0.24,0.0,0.0,1.0,0.41,0.88,0.77,0.56,0.87,0.89,0.56,0.56,0.31,0.92,0.31,0.92,0.17,1.0,0.025,-0.008,-0.052
0.6,0.6,1.0,1.0,0.94,0.94,0.16199999999999998,0.16199999999999998,0.55,0.55,0.49,0.24,0.0,0.0,1.0,0.41,0.88,0.77,0.56,0.87,0.89,0.56,0.56,0.32,0.9,0.32,0.9,0.18,1.0,0.015,-0.007,-0.052
0.6,0.6,1.0,1.0,0.94,0.94,0.16199999999999998,0.16199999999999998,0.58,0.58,0.55,0.18,0.0,0.0,1.0,0.43,0.88,0.78,0.56,0.87,0.89,0.56,0.56,0.31,0.92,0.31,0.92,0.19,1.0,-0.011,-0.01,-0.051
0.6,0.6,1.0,1.0,0.94,0.94,0.16199999999999998,0.16199999999999998,0.58,0.58,0.56,0.17,0.0,0.0,1.0,0.43,0.885,0.78,0.56,0.88,0.89,0.56,0.56,0.32,0.89,0.33,0.88,0.19,1.0,-0.008,-0.012,-0.055
0.61,0.61,1.0,1.0,0.94,0.94,0.16199999999999998,0.16199999999999998,0.47,0.47,0.38,0.34,0.0,0.0,1.0,0.42,0.88,0.78,0.56,0.87,0.89,0.56,0.56,0.31,0.91,0.32,0.9,0.19,1.0,-0.003,-0.014,-0.055
0.61,0.61,1.0,1.0,0.94,0.94,0.16199999999999998,0.16199999999999998,0.44,0.44,0.36,0.36,0.0,0.0,1.0,0.4,0.87,0.76,0.56,0.86,0.88,0.56,0.56,0.35,0.84,0.35,0.83,0.19,1.0,0.016,-0.013,-0.052
0.61,0.61,1.0,1.0,0.93,0.93,0.16199999999999998,0.16199999999999998,0.44,0.44,0.35,0.37,0.0,0.0,1.0,0.39,0.87,0.76,0.56,0.86,0.88,0.56,0.56,0.37,0.8,0.37,0.79,0.19,1.0,0.039,-0.012,-0.053
0.61,0.61,1.0,1.0,0.93,0.93,0.16199999999999998,0.16199999999999998,0.44,0.44,0.36,0.36,0.0,0.0,1.0,0.39,0.86,0.76,0.56,0.85,0.87,0.56,0.56,0.4,0.74,0.41,0.73,0.19,1.0,0.078,-0.005,-0.052
0.61,0.61,1.0,1.0,0.94,0.94,0.16199999999999998,0.16199999999999998,0.44,0.44,0.37,0.36,0.0,0.0,1.0,0.39,0.86,0.76,0.56,0.85,0.87,0.56,0.56,0.4,0.74,0.41,0.73,0.19,0.91,0.083,0.003,-0.055
0.59,0.59,1.0,1.0,0.95,0.95,0.1824150788784027,0.18171381533145903,0.37,0.37,0.37,0.35,0.0,0.0,1.0,0.39,0.835,0.76,0.56,0.83,0.84,0.56,0.56,0.45,0.65,0.46,0.63,0.16,0.61,0.089,0.009,-0.056
0.58,0.58,1.0,1.0,0.96,0.96,0.30214799523353575,0.3014002251625061,0.31,0.31,0.38,0.34,0.0,0.0,1.0,0.39,0.815,0.75,0.56,0.81,0.82,0.56,0.56,0.46,0.62,0.47,0.6,0.13,0.72,0.086,0.01,-0.053
0.58,0.58,1.0,1.0,0.96,0.96,0.2784632849693298,0.2777980375289917,0.31,0.31,0.39,0.33,0.0,0.0,1.0,0.39,0.815,0.75,0.56,0.81,0.82,0.56,0.56,0.47,0.61,0.47,0.6,0.12,0.72,0.091,0.014,-0.04
0.58,0.58,1.0,1.0,0.96,0.96,0.2661258089542389,0.2655008542537689,0.32,0.32,0.39,0.33,0.0,0.0,1.0,0.39,0.805,0.75,0.56,0.8,0.81,0.56,0.56,0.46,0.62,0.47,0.6,0.12,0.64,0.099,0.019,-0.029
0.58,0.58,1.0,1.0,0.96,0.96,0.26289660811424254,0.26224524855613707,0.32,0.32,0.39,0.33,0.0,0.0,1.0,0.38,0.81,0.75,0.56,0.81,0.81,0.56,0.56,0.48,0.58,0.49,0.57,0.12,0.63,0.093,0.023,-0.025
0.57,0.57,1.0,1.0,0.97,0.97,0.4440149176120758,0.4429945158958435,0.31,0.31,0.39,0.33,0.0,0.0,1.0,0.38,0.83,0.75,0.54,0.83,0.83,0.54,0.54,0.49,0.56,0.5,0.55,0.13,0.55,0.098,0.025,-0.022
0.58,0.58,1.0,1.0,0.96,0.96,0.9768316555023193,0.9768286156654358,0.43,0.43,0.38,0.34,0.0,0.015000000000000013,1.0,0.38,0.81,0.75,0.5,0.81,0.81,0.5,0.5,0.53,0.48,0.56,0.45,0.12,0.6,0.095,0.028,-0.022
0.57,0.57,1.0,1.0,0.97,0.97,0.24282519102096556,0.2421849775314331,0.36,0.36,0.4,0.32,0.0,0.0,1.0,0.37,0.85,0.74,0.53,0.85,0.85,0.53,0.53,0.51,0.54,0.51,0.52,0.12,0.56,0.067,0.03,-0.024
0.56,0.56,1.0,1.0,0.97,0.97,0.16199999999999998,0.16199999999999998,0.43,0.43,0.4,0.32,0.0,0.0,1.0,0.37,0.86,0.74,0.55,0.86,0.86,0.55,0.55,0.49,0.57,0.5,0.56,0.12,0.54,0.012,0.03,-0.021
0.56,0.56,1.0,1.0,0.97,0.97,0.36359272480010985,0.3621638226509094,0.35,0.35,0.39,0.33,0.0,0.0,1.0,0.37,0.86,0.74,0.53,0.86,0.86,0.53,0.53,0.49,0.58,0.49,0.56,0.13,0.57,-0.011,0.032,-0.02
0.56,0.56,1.0,1.0,0.97,0.97,0.20960902750492094,0.2084470349550247,0.38,0.38,0.35,0.38,0.0,0.0,1.0,0.39,0.86,0.76,0.54,0.86,0.86,0.54,0.54,0.46,0.63,0.47,0.6,0.12,0.81,0.008,0.034,-0.024
0.56,0.56,1.0,1.0,0.97,0.97,0.16199999999999998,0.16199999999999998,0.45,0.45,0.32,0.4,0.0,0.0,1.0,0.39,0.865,0.76,0.56,0.86,0.87,0.56,0.56,0.47,0.61,0.48,0.58,0.12,0.86,0.016,0.03,-0.03
0.56,0.56,1.0,1.0,0.97,0.97,0.16199999999999998,0.16199999999999998,0.45,0.45,0.3,0.42,0.0,0.0,1.0,0.39,0.875,0.76,0.56,0.87,0.88,0.56,0.56,0.47,0.6,0.48,0.59,0.14,1.0,0.013,0.021,-0.046
0.56,0.56,1.0,1.0,0.97,0.97,0.16199999999999998,0.16199999999999998,0.45,0.45,0.29,0.43,0.0,0.0,1.0,0.39,0.875,0.76,0.56,0.87,0.88,0.56,0.56,0.48,0.59,0.48,0.59,0.15,1.0,0.027,0.006,-0.068
0.56,0.56,1.0,1.0,0.97,0.97,0.16199999999999998,0.16199999999999998,0.45,0.45,0.28,0.44,0.0,0.0,1.0,0.38,0.875,0.75,0.56,0.87,0.88,0.56,0.56,0.49,0.56,0.49,0.56,0.16,1.0,0.033,-0.013,-0.083
0.56,0.56,1.0,1.0,0.97,0.97,0.16199999999999998,0.16199999999999998,0.45,0.45,0.27,0.45,0.0,0.0,1.0,0.38,0.875,0.75,0.56,0.87,0.88,0.56,0.56,0.49,0.56,0.5,0.55,0.17,1.0,0.037,-0.024,-0.09
0.56,0.56,1.0,1.0,0.97,0.97,0.16199999999999998,0.16199999999999998,0.45,0.45,0.26,0.46,0.0,0.0,1.0,0.39,0.88,0.75,0.56,0.87,0.89,0.56,0.56,0.5,0.55,0.5,0.55,0.17,1.0,0.038,-0.036,-0.098
0.56,0.56,1.0,1.0,0.97,0.97,0.16199999999999998,0.16199999999999998,0.46,0.46,0.28,0.44,0.0,0.0,1.0,0.39,0.88,0.76,0.56,0.87,0.89,0.56,0.56,0.49,0.57,0.49,0.56,0.17,1.0,0.037,-0.048,-0.104
0.56,0.56,1.0,1.0,0.98,0.98,0.16199999999999998,0.16199999999999998,0.57,0.57,0.49,0.24,0.0,0.0,1.0,0.43,0.895,0.79,0.56,0.89,0.9,0.56,0.56,0.43,0.69,0.44,0.67,0.17,1.0,0.036,-0.053,-0.104
0.56,0.56,1.0,1.0,0.98,0.98,0.16199999999999998,0.16199999999999998,0.59,0.59,0.58,0.15,0.0,0.0,1.0,0.41,0.9,0.77,0.56,0.89,0.91,0.56,0.56,0.41,0.72,0.42,0.71,0.18,1.0,0.037,-0.056,-0.102
0.56,0.56,1.0,1.0,0.98,0.98,0.16199999999999998,0.16199999999999998,0.58,0.58,0.59,0.14,0.0,0.0,1.0,0.42,0.9,0.78,0.56,0.89,0.91,0.56,0.56,0.4,0.75,0.4,0.73,0.18,1.0,0.035,-0.056,-0.09
0.56,0.56,1.0,1.0,0.98,0.98,0.16199999999999998,0.16199999999999998,0.58,0.58,0.61,0.12,0.0,0.0,1.0,0.42,0.895,0.78,0.56,0.89,0.9,0.56,0.56,0.39,0.76,0.4,0.74,0.18,1.0,0.022,-0.047,-0.071
0.56,0.56,1.0,1.0,0.97,0.97,0.9296785998344421,0.9296632218360901,0.32,0.32,0.37,0.35,0.0,0.0,1.0,0.39,0.845,0.75,0.55,0.84,0.85,0.55,0.55,0.46,0.62,0.47,0.61,0.14,0.65,0.038,-0.031,-0.053
0.56,0.56,1.0,1.0,0.97,0.97,0.21261542618274687,0.21207533359527586,0.36,0.36,0.41,0.32,0.0,0.0,1.0,0.38,0.85,0.75,0.56,0.85,0.85,0.56,0.56,0.47,0.61,0.47,0.6,0.14,0.51,0.043,-0.013,-0.038
0.56,0.56,1.0,1.0,0.97,0.97,0.16199999999999998,0.16199999999999998,0.43,0.43,0.42,0.3,0.0,0.0,1.0,0.39,0.86,0.75,0.56,0.86,0.86,0.56,0.56,0.45,0.65,0.45,0.64,0.13,0.51,0.051,-0.001,-0.024
0.57,0.57,1.0,1.0,0.97,0.97,0.16199999999999998,0.16199999999999998,0.44,0.44,0.43,0.29,0.0,0.0,1.0,0.39,0.86,0.76,0.56,0.86,0.86,0.56,0.56,0.44,0.67,0.44,0.66,0.13,0.5,0.069,0.019,-0.01
0.57,0.57,1.0,1.0,0.97,0.97,0.16199999999999998,0.16199999999999998,0.44,0.44,0.44,0.28,0.0,0.0,1.0,0.39,0.87,0.76,0.56,0.87,0.87,0.56,0.56,0.43,0.67,0.44,0.67,0.12,0.48,0.094,0.029,0.006
0.57,0.57,1.0,1.0,0.97,0.97,0.19219564974308012,0.19199013292789457,0.37,0.37,0.45,0.27,0.0,0.0,1.0,0.39,0.88,0.75,0.56,0.88,0.88,0.56,0.56,0.44,0.66,0.44,0.66,0.13,0.35,0.093,0.036,0.017
0.68,0.68,1.0,1.0,0.88,0.88,0.16199999999999998,0.16199999999999998,0.39,0.39,0.46,0.26,0.0,0.0,1.0,0.41,0.9,0.77,0.56,0.9,0.9,0.56,0.56,0.44,0.67,0.44,0.67,0.13,0.38,0.09,0.04,0.034
0.92,0.92,1.0,1.0,0.68,0.68,0.16199999999999998,0.16199999999999998,0.39,0.39,0.45,0.27,0.0,0.0,1.0,0.46,0.96,0.8,0.56,0.96,0.96,0.56,0.56,0.36,0.81,0.37,0.8,0.19,0.67,0.092,0.045,0.05
0.92,0.92,1.0,1.0,0.68,0.68,0.16199999999999998,0.16199999999999998,0.39,0.39,0.44,0.28,0.0,0.0,1.0,0.45,0.97,0.8,0.56,0.97,0.97,0.56,0.56,0.36,0.82,0.36,0.81,0.23,0.75,0.097,0.045,0.058
0.92,0.92,1.0,1.0,0.68,0.68,0.16199999999999998,0.16199999999999998,0.39,0.39,0.43,0.29,0.0,0.0,1.0,0.44,0.97,0.79,0.56,0.97,0.97,0.56,0.56,0.36,0.83,0.36,0.82,0.23,0.86,0.09,0.041,0.047
0.92,0.92,1.0,1.0,0.68,0.68,0.16199999999999998,0.16199999999999998,0.39,0.39,0.42,0.3,0.0,0.0,1.0,0.43,0.975,0.79,0.56,0.97,0.98,0.56,0.56,0.36,0.83,0.36,0.82,0.23,0.89,0.072,0.034,0.033
0.92,0.92,1.0,1.0,0.68,0.68,0.16199999999999998,0.16199999999999998,0.39,0.39,0.41,0.31,0.0,0.0,1.0,0.43,0.98,0.79,0.56,0.98,0.98,0.56,0.56,0.36,0.82,0.36,0.81,0.23,0.9,0.067,0.029,0.022
0.92,0.92,1.0,1.0,0.68,0.68,0.16199999999999998,0.16199999999999998,0.39,0.39,0.39,0.33,0.0,0.0,1.0,0.43,0.98,0.79,0.56,0.98,0.98,0.56,0.56,0.37,0.79,0.38,0.79,0.23,0.91,0.063,0.025,0.015
0.92,0.92,1.0,1.0,0.68,0.68,0.16199999999999998,0.16199999999999998,0.39,0.39,0.38,0.34,0.0,0.0,1.0,0.43,0.975,0.79,0.56,0.97,0.98,0.56,0.56,0.38,0.77,0.38,0.77,0.22,0.91,0.064,0.019,0.011
0.92,0.92,1.0,1.0,0.68,0.68,0.16199999999999998,0.16199999999999998,0.4,0.4,0.36,0.36,0.0,0.0,1.0,0.43,0.97,0.79,0.56,0.97,0.97,0.56,0.56,0.4,0.74,0.4,0.73,0.21,0.85,0.065,0.013,0.004
0.92,0.92,1.0,1.0,0.68,0.68,0.16199999999999998,0.16199999999999998,0.36,0.36,0.34,0.38,0.0,0.0,1.0,0.47,0.96,0.81,0.54,0.96,0.96,0.54,0.54,0.42,0.7,0.43,0.69,0.19,0.61,0.077,0.004,-0.001
0.91,0.91,1.0,1.0,0.69,0.69,0.16199999999999998,0.16199999999999998,0.39,0.39,0.33,0.39,0.0,0.0,1.0,0.49,0.955,0.83,0.53,0.95,0.96,0.53,0.53,0.43,0.68,0.43,0.68,0.19,0.66,0.079,-0.004,-0.008
0.91,0.91,1.0,1.0,0.69,0.69,0.16199999999999998,0.16199999999999998,0.41,0.41,0.31,0.41,0.0,0.0,1.0,0.48,0.955,0.82,0.54,0.95,0.96,0.54,0.54,0.42,0.7,0.43,0.69,0.19,0.81,0.08,-0.014,-0.017
0.92,0.92,1.0,1.0,0.69,0.69,0.16199999999999998,0.16199999999999998,0.41,0.41,0.3,0.42,0.0,0.0,1.0,0.46,0.96,0.81,0.54,0.96,0.96,0.54,0.54,0.42,0.7,0.42,0.69,0.2,0.85,0.08,-0.023,-0.032
0.92,0.92,1.0,1.0,0.69,0.69,0.16199999999999998,0.16199999999999998,0.41,0.41,0.29,0.43,0.0,0.0,1.0,0.45,0.96,0.8,0.54,0.96,0.96,0.54,0.54,0.42,0.7,0.43,0.69,0.2,0.89,0.074,-0.031,-0.042
0.92,0.92,1.0,1.0,0.69,0.69,0.16199999999999998,0.16199999999999998,0.41,0.41,0.3,0.43,0.0,0.0,1.0,0.45,0.96,0.8,0.53,0.96,0.96,0.53,0.53,0.42,0.7,0.43,0.69,0.2,0.91,0.064,-0.037,-0.054
0.91,0.91,1.0,1.0,0.69,0.69,0.16199999999999998,0.16199999999999998,0.41,0.41,0.31,0.42,0.0,0.0,1.0,0.45,0.965,0.8,0.54,0.96,0.97,0.54,0.54,0.42,0.69,0.43,0.69,0.21,0.9,0.058,-0.041,-0.059
0.91,0.91,1.0,1.0,0.69,0.69,0.16199999999999998,0.16199999999999998,0.41,0.41,0.31,0.41,0.0,0.0,1.0,0.45,0.965,0.8,0.54,0.96,0.97,0.54,0.54,0.42,0.7,0.43,0.69,0.21,0.87,0.058,-0.044,-0.062
0.91,0.91,1.0,1.0,0.69,0.69,0.16199999999999998,0.16199999999999998,0.41,0.41,0.32,0.4,0.0,0.0,1.0,0.45,0.965,0.8,0.54,0.96,0.97,0.54,0.54,0.42,0.7,0.43,0.69,0.21,0.85,0.065,-0.041,-0.054
0.91,0.91,1.0,1.0,0.69,0.69,0.16199999999999998,0.16199999999999998,0.4,0.4,0.33,0.39,0.0,0.0,1.0,0.45,0.965,0.8,0.55,0.96,0.97,0.55,0.55,0.42,0.7,0.42,0.7,0.21,0.85,0.067,-0.037,-0.049
0.91,0.91,1.0,1.0,0.69,0.69,0.16199999999999998,0.16199999999999998,0.4,0.4,0.34,0.38,0.0,0.0,1.0,0.45,0.96,0.8,0.55,0.96,0.96,0.55,0.55,0.42,0.71,0.42,0.7,0.2,0.82,0.069,-0.029,-0.045
0.91,0.91,1.0,1.0,0.69,0.69,0.16199999999999998,0.16199999999999998,0.4,0.4,0.36,0.36,0.0,0.0,1.0,0.45,0.96,0.8,0.56,0.96,0.96,0.56,0.56,0.42,0.7,0.42,0.7,0.2,0.68,0.082,-0.015,-0.038
0.91,0.91,1.0,1.0,0.7,0.7,0.16199999999999998,0.16199999999999998,0.41,0.41,0.39,0.33,0.0,0.0,1.0,0.43,0.96,0.78,0.56,0.96,0.96,0.56,0.56,0.42,0.7,0.42,0.7,0.21,0.66,0.086,-0.007,-0.03
0.88,0.88,1.0,1.0,0.72,0.72,0.16199999999999998,0.16199999999999998,0.48,0.48,0.45,0.27,0.0,0.0,1.0,0.48,0.96,0.82,0.56,0.96,0.96,0.56,0.56,0.4,0.75,0.4,0.74,0.22,0.65,0.09,0.002,-0.022
0.88,0.88,1.0,1.0,0.72,0.72,0.16199999999999998,0.16199999999999998,0.47,0.47,0.46,0.26,0.0,0.0,1.0,0.47,0.96,0.81,0.56,0.96,0.96,0.56,0.56,0.39,0.76,0.4,0.74,0.22,0.66,0.085,0.011,-0.004
0.88,0.88,1.0,1.0,0.72,0.72,0.16199999999999998,0.16199999999999998,0.46,0.46,0.46,0.26,0.0,0.0,1.0,0.45,0.96,0.8,0.56,0.96,0.96,0.56,0.56,0.4,0.75,0.4,0.74,0.22,0.66,0.072,0.024,0.025
0.88,0.88,1.0,1.0,0.72,0.72,0.16199999999999998,0.16199999999999998,0.46,0.46,0.46,0.26,0.0,0.0,1.0,0.44,0.96,0.8,0.56,0.96,0.96,0.56,0.56,0.4,0.74,0.41,0.73,0.23,0.63,0.077,0.035,0.046
0.83,0.83,1.0,1.0,0.76,0.76,0.16199999999999998,0.16199999999999998,0.51,0.51,0.67,0.06,0.0,0.0,1.0,0.44,0.96,0.79,0.56,0.96,0.96,0.56,0.56,0.41,0.73,0.41,0.73,0.21,0.53,0.08,0.039,0.043
0.81,0.81,1.0,1.0,0.77,0.77,0.16199999999999998,0.16199999999999998,0.52,0.52,0.66,0.08,0.0,0.0,1.0,0.45,0.955,0.8,0.56,0.95,0.96,0.56,0.56,0.41,0.73,0.41,0.73,0.2,0.52,0.079,0.039,0.042
0.81,0.81,1.0,1.0,0.77,0.77,0.16199999999999998,0.16199999999999998,0.55,0.55,0.66,0.08,0.0,0.0,1.0,0.45,0.955,0.8,0.56,0.95,0.96,0.56,0.56,0.41,0.72,0.41,0.73,0.19,0.56,0.077,0.034,0.038
0.81,0.81,1.0,1.0,0.77,0.77,0.16199999999999998,0.16199999999999998,0.57,0.57,0.64,0.09,0.0,0.0,1.0,0.46,0.955,0.81,0.55,0.95,0.96,0.55,0.55,0.42,0.7,0.41,0.72,0.19,0.6,0.077,0.026,0.021
0.8,0.8,1.0,1.0,0.78,0.78,0.16199999999999998,0.16199999999999998,0.57,0.57,0.61,0.12,0.0,0.0,1.0,0.47,0.955,0.81,0.53,0.95,0.96,0.53,0.53,0.42,0.7,0.41,0.71,0.21,0.62,0.078,0.016,0.006
0.8,0.8,1.0,1.0,0.78,0.78,0.16199999999999998,0.16199999999999998,0.58,0.58,0.58,0.15,0.0,0.0,1.0,0.47,0.955,0.81,0.52,0.95,0.96,0.52,0.52,0.43,0.69,0.42,0.7,0.21,0.63,0.075,0.007,-0.01
0.8,0.8,1.0,1.0,0.78,0.78,0.16199999999999998,0.16199999999999998,0.58,0.58,0.57,0.16,0.0,0.0,1.0,0.47,0.955,0.82,0.53,0.95,0.96,0.53,0.53,0.43,0.69,0.42,0.7,0.22,0.64,0.072,-0.0,-0.026
0.8,0.8,1.0,1.0,0.78,0.78,0.16199999999999998,0.16199999999999998,0.57,0.57,0.57,0.16,0.0,0.0,1.0,0.47,0.955,0.82,0.53,0.95,0.96,0.53,0.53,0.42,0.69,0.42,0.7,0.22,0.66,0.069,-0.01,-0.039
0.84,0.84,1.0,1.0,0.75,0.75,0.16199999999999998,0.16199999999999998,0.43,0.43,0.32,0.4,0.0,0.0,1.0,0.44,0.955,0.79,0.55,0.95,0.96,0.55,0.55,0.43,0.69,0.43,0.69,0.24,0.75,0.057,-0.018,-0.047
0.85,0.85,1.0,1.0,0.74,0.74,0.16199999999999998,0.16199999999999998,0.43,0.43,0.32,0.4,0.0,0.0,1.0,0.43,0.955,0.79,0.55,0.95,0.96,0.55,0.55,0.44,0.67,0.43,0.68,0.24,0.75,0.056,-0.022,-0.049
0.85,0.85,1.0,1.0,0.74,0.74,0.16199999999999998,0.16199999999999998,0.42,0.42,0.32,0.4,0.0,0.0,1.0,0.43,0.96,0.78,0.55,0.96,0.96,0.55,0.55,0.44,0.67,0.43,0.68,0.23,0.75,0.06,-0.021,-0.045
0.85,0.85,1.0,1.0,0.74,0.74,0.16199999999999998,0.16199999999999998,0.41,0.41,0.33,0.39,0.0,0.0,1.0,0.42,0.96,0.78,0.56,0.96,0.96,0.56,0.56,0.44,0.67,0.43,0.68,0.23,0.83,0.069,-0.019,-0.04
0.84,0.84,1.0,1.0,0.74,0.74,0.16199999999999998,0.16199999999999998,0.41,0.41,0.35,0.37,0.0,0.0,1.0,0.42,0.96,0.78,0.56,0.96,0.96,0.56,0.56,0.43,0.68,0.43,0.68,0.23,0.84,0.069,-0.017,-0.038
0.84,0.84,1.0,1.0,0.75,0.75,0.16199999999999998,0.16199999999999998,0.4,0.4,0.36,0.36,0.0,0.0,1.0,0.42,0.955,0.77,0.56,0.95,0.96,0.56,0.56,0.43,0.68,0.43,0.68,0.22,0.77,0.074,-0.014,-0.031
0.84,0.84,1.0,1.0,0.75,0.75,0.16199999999999998,0.16199999999999998,0.4,0.4,0.36,0.36,0.0,0.0,1.0,0.41,0.955,0.77,0.56,0.95,0.96,0.56,0.56,0.43,0.68,0.43,0.68,0.21,0.73,0.076,-0.008,-0.016
0.84,0.84,1.0,1.0,0.75,0.75,0.16199999999999998,0.16199999999999998,0.41,0.41,0.35,0.37,0.0,0.0,1.0,0.42,0.955,0.77,0.55,0.95,0.96,0.55,0.55,0.44,0.67,0.43,0.68,0.21,0.7,0.083,-0.001,-0.011
0.83,0.83,1.0,1.0,0.75,0.75,0.16199999999999998,0.16199999999999998,0.41,0.41,0.35,0.37,0.0,0.0,1.0,0.42,0.955,0.78,0.55,0.95,0.96,0.55,0.55,0.44,0.66,0.44,0.66,0.2,0.68,0.089,0.002,-0.014
0.76,0.76,1.0,1.0,0.81,0.81,0.4716572272777557,0.47105983972549437,0.26,0.26,0.46,0.27,0.0,0.0,1.0,0.44,0.935,0.8,0.47,0.93,0.94,0.47,0.47,0.47,0.6,0.47,0.6,0.16,0.49,0.087,0.002,-0.018
0.77,0.77,1.0,1.0,0.8,0.8,0.16199999999999998,0.16199999999999998,0.4,0.4,0.72,0.02,0.0,0.0,1.0,0.45,0.935,0.8,0.49,0.93,0.94,0.49,0.49,0.48,0.59,0.48,0.59,0.15,0.49,0.087,-0.001,-0.026
0.79,0.79,1.0,1.0,0.79,0.79,0.16199999999999998,0.16199999999999998,0.4,0.4,0.72,0.02,0.0,0.0,1.0,0.44,0.935,0.79,0.51,0.93,0.94,0.51,0.51,0.47,0.6,0.47,0.61,0.16,0.66,0.091,-0.005,-0.028
0.79,0.79,1.0,1.0,0.79,0.79,0.16199999999999998,0.16199999999999998,0.41,0.41,0.73,0.01,0.0,0.0,1.0,0.44,0.94,0.79,0.52,0.94,0.94,0.52,0.52,0.47,0.61,0.46,0.62,0.16,0.75,0.094,-0.012,-0.044
0.79,0.79,1.0,1.0,0.79,0.79,0.16199999999999998,0.16199999999999998,0.41,0.41,0.74,-0.0,0.0,0.0,1.0,0.43,0.945,0.79,0.52,0.94,0.95,0.52,0.52,0.47,0.61,0.46,0.62,0.16,0.76,0.093,-0.018,-0.064
0.79,0.79,1.0,1.0,0.79,0.79,0.16199999999999998,0.16199999999999998,0.41,0.41,0.74,-0.0,0.0,0.0,1.0,0.43,0.945,0.78,0.52,0.94,0.95,0.52,0.52,0.47,0.61,0.46,0.62,0.16,0.74,0.091,-0.023,-0.07
0.79,0.79,1.0,1.0,0.79,0.79,0.16199999999999998,0.16199999999999998,0.41,0.41,0.74,0.0,0.0,0.0,1.0,0.42,0.945,0.78,0.52,0.94,0.95,0.52,0.52,0.47,0.61,0.46,0.62,0.16,0.76,0.088,-0.023,-0.071
0.79,0.79,1.0,1.0,0.79,0.79,0.16199999999999998,0.16199999999999998,0.39,0.39,0.8,-0.06,0.0,0.0,1.0,0.42,0.945,0.78,0.5,0.94,0.95,0.5,0.5,0.48,0.59,0.47,0.61,0.16,0.76,0.084,-0.023,-0.07
0.78,0.78,1.0,1.0,0.79,0.79,0.16199999999999998,0.16199999999999998,0.41,0.41,0.79,-0.05,0.0,0.0,1.0,0.43,0.945,0.79,0.51,0.94,0.95,0.51,0.51,0.49,0.57,0.47,0.61,0.16,0.8,0.086,-0.024,-0.081
0.79,0.79,1.0,1.0,0.79,0.79,0.16199999999999998,0.16199999999999998,0.39,0.39,0.82,-0.07,0.0,0.0,1.0,0.44,0.945,0.79,0.51,0.94,0.95,0.51,0.51,0.49,0.57,0.47,0.61,0.16,0.87,0.073,-0.023,-0.104
0.78,0.78,1.0,1.0,0.79,0.79,0.16199999999999998,0.16199999999999998,0.39,0.39,0.82,-0.07,0.0,0.0,1.0,0.44,0.945,0.79,0.5,0.94,0.95,0.5,0.5,0.49,0.57,0.47,0.6,0.16,0.87,0.055,-0.022,-0.146
0.72,0.72,1.0,1.0,0.84,0.84,0.878086130619049,0.8720181393623352,0.31,0.31,0.27,0.45,0.0,0.0,1.0,0.46,0.9299999999999999,0.8,0.45,0.92,0.94,0.45,0.45,0.5,0.56,0.51,0.52,0.14,0.95,0.064,-0.022,-0.157
0.69,0.69,1.0,1.0,0.87,0.87,0.8203589725494385,0.8087902474403381,0.24,0.24,0.29,0.44,0.0,0.0,1.0,0.42,0.92,0.78,0.47,0.91,0.93,0.47,0.47,0.47,0.6,0.48,0.58,0.12,0.78,0.063,-0.02,-0.152
0.78,0.78,1.0,1.0,0.8,0.8,0.16199999999999998,0.16199999999999998,0.44,0.44,0.16,0.57,0.0,0.0,1.0,0.42,0.93,0.78,0.55,0.93,0.93,0.55,0.55,0.45,0.64,0.46,0.63,0.15,0.6,0.063,-0.019,-0.14
0.79,0.79,1.0,1.0,0.79,0.79,0.16199999999999998,0.16199999999999998,0.44,0.44,0.16,0.56,0.0,0.0,1.0,0.43,0.94,0.78,0.55,0.94,0.94,0.55,0.55,0.44,0.67,0.44,0.65,0.15,0.58,0.048,-0.015,-0.071
0.79,0.79,1.0,1.0,0.79,0.79,0.16199999999999998,0.16199999999999998,0.44,0.44,0.17,0.56,0.0,0.0,1.0,0.43,0.94,0.79,0.56,0.94,0.94,0.56,0.56,0.43,0.68,0.44,0.66,0.16,0.54,0.079,-0.012,0.018
0.8,0.8,1.0,1.0,0.78,0.78,0.16199999999999998,0.16199999999999998,0.45,0.45,0.19,0.54,0.0,0.0,1.0,0.44,0.94,0.79,0.55,0.94,0.94,0.55,0.55,0.43,0.68,0.44,0.66,0.16,0.46,0.087,-0.003,0.056
0.8,0.8,1.0,1.0,0.78,0.78,0.16199999999999998,0.16199999999999998,0.44,0.44,0.17,0.56,0.0,0.0,1.0,0.48,0.94,0.82,0.55,0.94,0.94,0.55,0.55,0.43,0.69,0.43,0.68,0.16,0.38,0.09,0.003,0.079
0.8,0.8,1.0,1.0,0.78,0.78,0.16199999999999998,0.16199999999999998,0.44,0.44,0.08,0.65,0.0,0.0,1.0,0.48,0.935,0.83,0.55,0.93,0.94,0.55,0.55,0.42,0.7,0.43,0.68,0.15,0.32,0.092,0.013,0.1
0.81,0.81,1.0,1.0,0.78,0.78,0.16199999999999998,0.16199999999999998,0.43,0.43,-0.0,0.74,0.0,0.0,1.0,0.49,0.94,0.83,0.54,0.94,0.94,0.54,0.54,0.41,0.72,0.42,0.71,0.15,0.29,0.103,0.019,0.124
0.81,0.81,1.0,1.0,0.77,0.77,0.16199999999999998,0.16199999999999998,0.42,0.42,-0.02,0.76,0.0,0.0,1.0,0.49,0.94,0.83,0.53,0.94,0.94,0.53,0.53,0.41,0.73,0.42,0.71,0.16,0.27,0.104,0.018,0.154
0.81,0.81,1.0,1.0,0.77,0.77,0.16199999999999998,0.16199999999999998,0.43,0.43,-0.01,0.75,0.0,0.0,1.0,0.48,0.94,0.83,0.54,0.94,0.94,0.54,0.54,0.41,0.72,0.42,0.71,0.17,0.27,0.097,0.017,0.169
0.81,0.81,1.0,1.0,0.78,0.78,0.16199999999999998,0.16199999999999998,0.42,0.42,-0.02,0.76,0.0,0.0,1.0,0.48,0.94,0.82,0.55,0.94,0.94,0.55,0.55,0.41,0.72,0.42,0.71,0.16,0.29,0.098,0.017,0.173
0.78,0.78,1.0,1.0,0.8,0.8,0.16199999999999998,0.16199999999999998,0.43,0.43,0.49,0.23,0.0,0.0,1.0,0.47,0.94,0.82,0.55,0.94,0.94,0.55,0.55,0.44,0.67,0.44,0.66,0.17,0.34,0.101,0.016,0.168
0.76,0.76,1.0,1.0,0.82,0.82,0.16199999999999998,0.16199999999999998,0.42,0.42,0.5,0.22,0.0,0.0,1.0,0.46,0.94,0.8,0.56,0.94,0.94,0.56,0.56,0.43,0.68,0.44,0.66,0.16,0.45,0.103,0.013,0.16
0.75,0.75,1.0,1.0,0.82,0.82,0.16199999999999998,0.16199999999999998,0.42,0.42,0.48,0.24,0.0,0.0,1.0,0.44,0.94,0.8,0.56,0.94,0.94,0.56,0.56,0.43,0.67,0.44,0.66,0.17,0.61,0.106,0.009,0.145
0.74,0.74,1.0,1.0,0.83,0.83,0.16199999999999998,0.16199999999999998,0.42,0.42,0.47,0.25,0.0,0.0,1.0,0.44,0.935,0.79,0.56,0.93,0.94,0.56,0.56,0.44,0.67,0.44,0.66,0.16,0.64,0.11,0.001,0.114
0.73,0.73,1.0,1.0,0.83,0.83,0.16199999999999998,0.16199999999999998,0.42,0.42,0.45,0.27,0.0,0.0,1.0,0.42,0.935,0.78,0.56,0.93,0.94,0.56,0.56,0.44,0.67,0.44,0.66,0.16,0.65,0.11,-0.008,0.093
0.72,0.72,1.0,1.0,0.85,0.85,0.16199999999999998,0.16199999999999998,0.41,0.41,0.42,0.3,0.0,0.0,1.0,0.42,0.93,0.77,0.54,0.93,0.93,0.54,0.54,0.44,0.65,0.45,0.65,0.15,0.71,0.109,-0.012,0.079
0.67,0.67,1.0,1.0,0.89,0.89,0.32486910700798033,0.32437474608421324,0.31,0.31,0.51,0.21,0.0,0.0,1.0,0.42,0.915,0.78,0.48,0.91,0.92,0.48,0.48,0.48,0.58,0.49,0.57,0.12,0.54,0.107,-0.017,0.068
0.67,0.67,1.0,1.0,0.89,0.89,0.16199999999999998,0.16199999999999998,0.43,0.43,0.6,0.13,0.0,0.0,1.0,0.43,0.92,0.79,0.49,0.92,0.92,0.49,0.49,0.47,0.6,0.47,0.6,0.12,0.62,0.103,-0.02,0.036
0.68,0.68,1.0,1.0,0.88,0.88,0.16199999999999998,0.16199999999999998,0.43,0.43,0.6,0.13,0.0,0.0,1.0,0.43,0.925,0.79,0.5,0.92,0.93,0.5,0.5,0.47,0.6,0.47,0.61,0.13,0.78,0.1,-0.018,-0.001
0.68,0.68,1.0,1.0,0.88,0.88,0.16199999999999998,0.16199999999999998,0.43,0.43,0.59,0.14,0.0,0.0,1.0,0.43,0.925,0.78,0.5,0.92,0.93,0.5,0.5,0.48,0.6,0.47,0.6,0.14,0.78,0.094,-0.018,-0.034
0.65,0.65,1.0,1.0,0.9,0.9,0.5777328419685364,0.5513234543800354,0.25,0.25,0.33,0.4,0.0,0.0,1.0,0.4,0.915,0.77,0.45,0.91,0.92,0.45,0.45,0.5,0.55,0.5,0.55,0.13,0.82,0.082,-0.016,-0.064
0.68,0.68,1.0,1.0,0.88,0.88,0.16199999999999998,0.16199999999999998,0.42,0.42,0.33,0.39,0.0,0.0,1.0,0.41,0.915,0.77,0.52,0.91,0.92,0.52,0.52,0.47,0.61,0.47,0.61,0.13,0.8,0.077,-0.015,-0.068
0.68,0.68,1.0,1.0,0.88,0.88,0.16199999999999998,0.16199999999999998,0.44,0.44,0.35,0.37,0.0,0.0,1.0,0.42,0.925,0.77,0.53,0.92,0.93,0.53,0.53,0.46,0.62,0.46,0.62,0.15,0.78,0.078,-0.009,-0.056
0.67,0.67,1.0,1.0,0.88,0.88,0.16199999999999998,0.16199999999999998,0.48,0.48,0.39,0.33,0.0,0.0,1.0,0.42,0.93,0.78,0.55,0.93,0.93,0.55,0.55,0.44,0.66,0.45,0.65,0.16,0.81,0.091,-0.001,-0.039
0.68,0.68,1.0,1.0,0.88,0.88,0.16199999999999998,0.16199999999999998,0.47,0.47,0.42,0.3,0.0,0.0,1.0,0.42,0.93,0.78,0.55,0.93,0.93,0.55,0.55,0.44,0.67,0.45,0.65,0.16,0.81,0.093,0.006,-0.026
0.67,0.67,1.0,1.0,0.88,0.88,0.16199999999999998,0.16199999999999998,0.47,0.47,0.45,0.27,0.0,0.0,1.0,0.43,0.935,0.79,0.55,0.93,0.94,0.55,0.55,0.44,0.67,0.44,0.66,0.17,0.77,0.084,0.017,-0.01
0.68,0.68,1.0,1.0,0.88,0.88,0.16199999999999998,0.16199999999999998,0.48,0.48,0.47,0.26,0.0,0.0,1.0,0.44,0.94,0.79,0.55,0.94,0.94,0.55,0.55,0.43,0.68,0.44,0.67,0.17,0.73,0.091,0.024,0.007
0.73,0.73,1.0,1.0,0.84,0.84,0.16199999999999998,0.16199999999999998,0.44,0.44,0.16,0.57,0.0,0.0,1.0,0.44,0.94,0.79,0.55,0.94,0.94,0.55,0.55,0.44,0.67,0.44,0.66,0.18,0.56,0.095,0.031,0.029
0.73,0.73,1.0,1.0,0.84,0.84,0.16199999999999998,0.16199999999999998,0.44,0.44,0.17,0.56,0.0,0.0,1.0,0.43,0.935,0.79,0.56,0.93,0.94,0.56,0.56,0.44,0.66,0.45,0.65,0.18,0.49,0.098,0.036,0.044
0.74,0.74,1.0,1.0,0.83,0.83,0.16199999999999998,0.16199999999999998,0.45,0.45,0.18,0.54,0.0,0.0,1.0,0.43,0.935,0.79,0.56,0.93,0.94,0.56,0.56,0.44,0.66,0.45,0.65,0.17,0.45,0.097,0.041,0.049
0.74,0.74,1.0,1.0,0.83,0.83,0.16199999999999998,0.16199999999999998,0.45,0.45,0.19,0.54,0.0,0.0,1.0,0.43,0.935,0.79,0.56,0.93,0.94,0.56,0.56,0.44,0.66,0.45,0.65,0.17,0.45,0.104,0.044,0.079
0.66,0.66,1.0,1.0,0.89,0.89,0.9639180111885071,0.96392254114151,0.34,0.34,0.46,0.27,0.0,0.0,1.0,0.43,0.89,0.78,0.48,0.89,0.89,0.48,0.48,0.49,0.56,0.52,0.51,0.11,0.31,0.108,0.047,0.086
0.65,0.65,1.0,1.0,0.9,0.9,0.16199999999999998,0.16199999999999998,0.34,0.34,0.46,0.27,0.0,0.0,1.0,0.42,0.88,0.78,0.54,0.88,0.88,0.54,0.54,0.51,0.52,0.52,0.52,0.12,0.31,0.11,0.047,0.087
0.64,0.64,1.0,1.0,0.91,0.91,0.16199999999999998,0.16199999999999998,0.39,0.39,0.43,0.29,0.14999999999999997,0.13499999999999995,1.0,0.34,0.94,0.72,0.45,0.94,0.94,0.45,0.45,0.65,0.4,0.64,0.41,0.11,0.32,0.127,0.042,0.08
0.59,0.59,1.0,1.0,0.95,0.95,0.6002218532562256,0.5987906265258789,0.21,0.21,0.39,0.34,0.14999999999999997,0.13499999999999995,1.0,0.29,0.96,0.68,0.36,0.96,0.96,0.36,0.36,0.65,0.4,0.64,0.41,0.07,0.4,0.137,0.037,0.059
0.57,0.57,1.0,1.0,0.97,0.97,0.16199999999999998,0.16199999999999998,0.34,0.34,0.36,0.36,0.13499999999999995,0.11999999999999994,1.0,0.25,0.97,0.65,0.29,0.97,0.97,0.29,0.29,0.64,0.41,0.63,0.42,0.04,0.45,0.128,0.031,0.035
0.56,0.56,1.0,1.0,0.98,0.98,0.16199999999999998,0.16199999999999998,0.38,0.38,0.33,0.39,0.13499999999999995,0.10499999999999993,1.0,0.23,0.98,0.64,0.27,0.98,0.98,0.27,0.27,0.64,0.41,0.62,0.42,0.03,0.48,0.119,0.018,0.008
0.53,0.53,0.99,0.99,1.0,1.0,0.16199999999999998,0.16199999999999998,0.39,0.39,0.31,0.41,0.11999999999999994,0.08999999999999991,1.0,0.23,0.99,0.63,0.27,0.99,0.99,0.27,0.27,0.63,0.41,0.61,0.42,0.03,0.51,0.117,0.004,-0.021
0.53,0.53,0.99,0.99,1.0,1.0,0.16199999999999998,0.16199999999999998,0.39,0.39,0.29,0.43,0.11999999999999994,0.08999999999999991,1.0,0.22,0.99,0.63,0.26,0.99,0.99,0.26,0.26,0.63,0.41,0.61,0.43,0.03,0.55,0.123,-0.012,-0.048
0.51,0.51,0.96,0.96,1.0,1.0,0.6818331885337829,0.63431809425354,0.23,0.23,0.28,0.45,0.13499999999999995,0.10499999999999993,1.0,0.22,0.99,0.63,0.27,0.99,0.99,0.27,0.27,0.64,0.41,0.62,0.42,0.02,0.59,0.12,-0.022,-0.064
0.5,0.5,0.93,0.93,1.0,1.0,0.16199999999999998,0.16199999999999998,0.35,0.35,0.27,0.45,0.13499999999999995,0.10499999999999993,1.0,0.22,0.99,0.63,0.27,0.99,0.99,0.27,0.27,0.64,0.41,0.62,0.42,0.03,0.62,0.12,-0.035,-0.082
0.51,0.51,0.95,0.95,1.0,1.0,0.16199999999999998,0.16199999999999998,0.41,0.41,0.27,0.46,0.13499999999999995,0.0749999999999999,1.0,0.22,0.99,0.63,0.26,0.99,0.99,0.26,0.26,0.64,0.41,0.6,0.43,0.02,0.63,0.117,-0.05,-0.099
0.5,0.5,0.94,0.94,1.0,1.0,0.9396320986747742,0.9391724276542663,0.33,0.33,0.28,0.44,0.13499999999999995,0.13499999999999995,1.0,0.23,0.98,0.63,0.28,0.98,0.98,0.28,0.28,0.64,0.41,0.64,0.41,0.03,0.62,0.113,-0.062,-0.113
0.48,0.48,0.89,0.89,1.0,1.0,0.16199999999999998,0.16199999999999998,0.36,0.36,0.31,0.41,0.13499999999999995,0.10499999999999993,1.0,0.23,0.98,0.63,0.27,0.98,0.98,0.27,0.27,0.64,0.41,0.62,0.42,0.02,0.59,0.1,-0.067,-0.116
0.49,0.49,0.91,0.91,1.0,1.0,0.16199999999999998,0.16199999999999998,0.4,0.4,0.34,0.38,0.13499999999999995,0.05999999999999989,1.0,0.22,0.985,0.63,0.26,0.98,0.99,0.26,0.26,0.64,0.41,0.59,0.43,0.02,0.58,0.079,-0.063,-0.103
0.5,0.5,0.92,0.92,1.0,1.0,0.16199999999999998,0.16199999999999998,0.41,0.41,0.36,0.36,0.14999999999999997,0.05999999999999989,1.0,0.22,0.99,0.63,0.26,0.99,0.99,0.26,0.26,0.65,0.41,0.59,0.43,0.02,0.57,0.093,-0.052,-0.079
0.5,0.5,0.92,0.92,1.0,1.0,0.16199999999999998,0.16199999999999998,0.43,0.43,0.39,0.33,0.13499999999999995,0.0749999999999999,1.0,0.22,0.99,0.63,0.26,0.99,0.99,0.26,0.26,0.64,0.41,0.6,0.43,0.02,0.56,0.097,-0.038,-0.05
0.49,0.49,0.92,0.92,1.0,1.0,0.16199999999999998,0.16199999999999998,0.45,0.45,0.41,0.31,0.11999999999999994,0.05999999999999989,1.0,0.22,0.99,0.63,0.26,0.99,0.99,0.26,0.26,0.63,0.41,0.59,0.43,0.02,0.55,0.104,-0.02,-0.027
0.49,0.49,0.92,0.92,1.0,1.0,0.16199999999999998,0.16199999999999998,0.45,0.45,0.43,0.29,0.11999999999999994,0.05999999999999989,1.0,0.22,0.99,0.62,0.26,0.99,0.99,0.26,0.26,0.63,0.41,0.59,0.43,0.02,0.54,0.115,-0.004,-0.006
0.48,0.48,0.88,0.88,1.0,1.0,0.21699647188186644,0.21618966341018675,0.33,0.33,0.44,0.29,0.11999999999999994,0.0749999999999999,1.0,0.22,0.99,0.63,0.26,0.99,0.99,0.26,0.26,0.63,0.42,0.6,0.43,0.02,0.52,0.111,0.009,0.006
0.47,0.47,0.85,0.85,1.0,1.0,0.16199999999999998,0.16199999999999998,0.35,0.35,0.45,0.28,0.11999999999999994,0.08999999999999991,1.0,0.22,0.99,0.63,0.27,0.99,0.99,0.27,0.27,0.63,0.41,0.61,0.42,0.02,0.5,0.113,0.027,0.015
0.47,0.47,0.87,0.87,1.0,1.0,0.16199999999999998,0.16199999999999998,0.4,0.4,0.46,0.26,0.11999999999999994,0.08999999999999991,1.0,0.24,0.98,0.64,0.33,0.98,0.98,0.33,0.33,0.63,0.41,0.61,0.42,0.03,0.46,0.116,0.046,0.026
0.56,0.56,1.0,1.0,0.98,0.98,0.16199999999999998,0.16199999999999998,0.41,0.41,0.46,0.26,0.10499999999999993,0.08999999999999991,1.0,0.3,0.94,0.69,0.46,0.94,0.94,0.46,0.46,0.62,0.42,0.61,0.42,0.07,0.44,0.125,0.055,0.031
0.6,0.6,1.0,1.0,0.95,0.95,0.16199999999999998,0.16199999999999998,0.42,0.42,0.45,0.27,0.10499999999999993,0.08999999999999991,1.0,0.34,0.93,0.72,0.53,0.93,0.93,0.53,0.53,0.62,0.42,0.61,0.42,0.15,0.52,0.127,0.062,0.039
0.63,0.63,1.0,1.0,0.92,0.92,0.16199999999999998,0.16199999999999998,0.42,0.42,0.42,0.3,0.10499999999999993,0.08999999999999991,1.0,0.36,0.925,0.73,0.55,0.92,0.93,0.55,0.55,0.62,0.42,0.61,0.42,0.19,0.67,0.123,0.064,0.037
0.63,0.63,1.0,1.0,0.92,0.92,0.16199999999999998,0.16199999999999998,0.42,0.42,0.39,0.33,0.05999999999999989,0.05999999999999989,1.0,0.37,0.925,0.74,0.55,0.92,0.93,0.55,0.55,0.59,0.43,0.59,0.43,0.18,0.69,0.105,0.063,0.024
0.64,0.64,1.0,1.0,0.91,0.91,0.16199999999999998,0.16199999999999998,0.42,0.42,0.34,0.38,0.015000000000000013,0.015000000000000013,1.0,0.37,0.925,0.74,0.56,0.92,0.93,0.56,0.56,0.56,0.45,0.56,0.45,0.17,0.97,0.091,0.055,0.004
0.66,0.66,1.0,1.0,0.9,0.9,0.16199999999999998,0.16199999999999998,0.42,0.42,0.3,0.42,0.02999999999999986,0.015000000000000013,1.0,0.37,0.925,0.74,0.56,0.92,0.93,0.56,0.56,0.57,0.44,0.56,0.45,0.19,1.0,0.086,0.044,-0.023
0.66,0.66,1.0,1.0,0.9,0.9,0.16199999999999998,0.16199999999999998,0.42,0.42,0.26,0.46,0.08999999999999991,0.05999999999999989,1.0,0.37,0.925,0.74,0.56,0.92,0.93,0.56,0.56,0.61,0.42,0.59,0.43,0.19,1.0,0.079,0.032,-0.056
0.66,0.66,1.0,1.0,0.89,0.89,0.16199999999999998,0.16199999999999998,0.42,0.42,0.24,0.48,0.08999999999999991,0.05999999999999989,1.0,0.37,0.925,0.74,0.55,0.92,0.93,0.55,0.55,0.61,0.42,0.59,0.43,0.2,1.0,0.085,0.022,-0.086
0.66,0.66,1.0,1.0,0.89,0.89,0.16199999999999998,0.16199999999999998,0.42,0.42,0.21,0.51,0.0749999999999999,0.02999999999999986,1.0,0.37,0.9299999999999999,0.74,0.55,0.92,0.94,0.55,0.55,0.6,0.43,0.57,0.44,0.2,1.0,0.089,0.013,-0.11
0.66,0.66,1.0,1.0,0.89,0.89,0.16199999999999998,0.16199999999999998,0.42,0.42,0.19,0.53,0.05999999999999989,0.015000000000000013,1.0,0.38,0.9299999999999999,0.74,0.56,0.92,0.94,0.56,0.56,0.59,0.43,0.56,0.45,0.2,1.0,0.076,0.004,-0.135
0.65,0.65,1.0,1.0,0.9,0.9,0.16199999999999998,0.16199999999999998,0.43,0.43,0.27,0.45,0.08999999999999991,0.02999999999999986,1.0,0.37,0.935,0.74,0.56,0.93,0.94,0.56,0.56,0.61,0.42,0.57,0.44,0.2,1.0,0.069,-0.004,-0.152
0.63,0.63,1.0,1.0,0.92,0.92,0.16199999999999998,0.16199999999999998,0.41,0.41,0.73,0.01,0.13499999999999995,0.05999999999999989,1.0,0.37,0.935,0.74,0.56,0.93,0.94,0.56,0.56,0.64,0.41,0.59,0.43,0.18,0.92,0.068,-0.007,-0.165
0.63,0.63,1.0,1.0,0.92,0.92,0.16199999999999998,0.16199999999999998,0.41,0.41,0.72,0.02,0.11999999999999994,0.04499999999999987,1.0,0.37,0.935,0.74,0.56,0.93,0.94,0.56,0.56,0.63,0.42,0.58,0.44,0.18,0.97,0.067,-0.012,-0.181
0.63,0.63,1.0,1.0,0.92,0.92,0.16199999999999998,0.16199999999999998,0.41,0.41,0.73,0.01,0.10499999999999993,0.02999999999999986,1.0,0.37,0.935,0.74,0.55,0.93,0.94,0.55,0.55,0.62,0.42,0.57,0.44,0.18,0.97,0.059,-0.018,-0.197
0.62,0.62,1.0,1.0,0.92,0.92,0.16199999999999998,0.16199999999999998,0.49,0.49,0.45,0.27,0.04499999999999987,0.015000000000000013,1.0,0.39,0.935,0.76,0.53,0.93,0.94,0.53,0.53,0.58,0.44,0.56,0.45,0.18,1.0,0.06,-0.02,-0.206
0.62,0.62,1.0,1.0,0.93,0.93,0.16199999999999998,0.16199999999999998,0.52,0.52,0.46,0.26,0.02999999999999986,0.015000000000000013,1.0,0.4,0.935,0.77,0.49,0.93,0.94,0.49,0.49,0.57,0.44,0.56,0.45,0.17,0.99,0.068,-0.021,-0.201
0.62,0.62,1.0,1.0,0.93,0.93,0.16199999999999998,0.16199999999999998,0.53,0.53,0.52,0.2,0.015000000000000013,0.0,1.0,0.41,0.935,0.77,0.51,0.93,0.94,0.51,0.51,0.56,0.44,0.55,0.45,0.17,0.82,0.059,-0.019,-0.188
0.62,0.62,1.0,1.0,0.92,0.92,0.16199999999999998,0.16199999999999998,0.54,0.54,0.56,0.16,0.0,0.0,1.0,0.41,0.935,0.77,0.52,0.93,0.94,0.52,0.52,0.53,0.49,0.51,0.52,0.16,0.65,0.07,-0.013,-0.143
0.65,0.65,1.0,1.0,0.9,0.9,0.16199999999999998,0.16199999999999998,0.43,0.43,0.36,0.36,0.0,0.0,1.0,0.39,0.935,0.76,0.56,0.93,0.94,0.56,0.56,0.53,0.48,0.52,0.51,0.18,0.81,0.08,-0.004,-0.095
0.66,0.66,1.0,1.0,0.89,0.89,0.16199999999999998,0.16199999999999998,0.43,0.43,0.37,0.35,0.0,0.0,1.0,0.39,0.935,0.75,0.56,0.93,0.94,0.56,0.56,0.55,0.46,0.54,0.47,0.18,0.77,0.077,0.005,-0.066
0.66,0.66,1.0,1.0,0.9,0.9,0.16199999999999998,0.16199999999999998,0.43,0.43,0.38,0.34,0.0,0.0,1.0,0.38,0.93,0.75,0.56,0.93,0.93,0.56,0.56,0.55,0.45,0.54,0.47,0.18,0.61,0.086,0.017,-0.038
0.66,0.66,1.0,1.0,0.9,0.9,0.16199999999999998,0.16199999999999998,0.43,0.43,0.4,0.32,0.0,0.0,1.0,0.38,0.925,0.74,0.56,0.92,0.93,0.56,0.56,0.55,0.45,0.54,0.48,0.19,0.52,0.095,0.025,-0.018
0.66,0.66,1.0,1.0,0.9,0.9,0.16199999999999998,0.16199999999999998,0.43,0.43,0.4,0.32,0.0,0.0,1.0,0.38,0.925,0.74,0.56,0.92,0.93,0.56,0.56,0.54,0.47,0.53,0.49,0.19,0.51,0.095,0.029,-0.008
0.66,0.66,1.0,1.0,0.9,0.9,0.16199999999999998,0.16199999999999998,0.43,0.43,0.42,0.3,0.0,0.0,1.0,0.38,0.925,0.74,0.56,0.92,0.93,0.56,0.56,0.54,0.48,0.52,0.5,0.19,0.42,0.096,0.034,0.001
0.67,0.67,1.0,1.0,0.89,0.89,0.16199999999999998,0.16199999999999998,0.42,0.42,0.13,0.59,0.0,0.0,1.0,0.37,0.925,0.74,0.56,0.92,0.93,0.56,0.56,0.54,0.47,0.53,0.49,0.2,0.3,0.095,0.036,0.007
0.68,0.68,1.0,1.0,0.88,0.88,0.16199999999999998,0.16199999999999998,0.42,0.42,0.15,0.58,0.0,0.0,1.0,0.37,0.925,0.74,0.56,0.92,0.93,0.56,0.56,0.54,0.47,0.53,0.48,0.19,0.28,0.095,0.039,0.011
0.68,0.68,1.0,1.0,0.88,0.88,0.16199999999999998,0.16199999999999998,0.42,0.42,0.14,0.59,0.0,0.0,1.0,0.37,0.925,0.74,0.56,0.92,0.93,0.56,0.56,0.54,0.47,0.53,0.49,0.19,0.28,0.097,0.041,0.031
0.62,0.62,1.0,1.0,0.92,0.92,0.16199999999999998,0.16199999999999998,0.37,0.37,0.17,0.56,0.05999999999999989,0.04499999999999987,1.0,0.37,0.9,0.74,0.52,0.9,0.9,0.52,0.52,0.59,0.43,0.58,0.44,0.15,0.26,0.103,0.044,0.048
0.66,0.66,1.0,1.0,0.89,0.89,0.16199999999999998,0.16199999999999998,0.44,0.44,0.19,0.54,0.0,0.0,1.0,0.37,0.91,0.74,0.56,0.91,0.91,0.56,0.56,0.54,0.47,0.54,0.47,0.17,0.27,0.101,0.046,0.048
0.68,0.68,1.0,1.0,0.88,0.88,0.16199999999999998,0.16199999999999998,0.43,0.43,0.17,0.55,0.0,0.0,1.0,0.37,0.92,0.74,0.56,0.92,0.92,0.56,0.56,0.54,0.47,0.54,0.48,0.19,0.28,0.114,0.043,0.047
0.69,0.69,1.0,1.0,0.87,0.87,0.16199999999999998,0.16199999999999998,0.4,0.4,0.43,0.29,0.0,0.0,1.0,0.37,0.92,0.74,0.56,0.92,0.92,0.56,0.56,0.53,0.48,0.52,0.51,0.19,0.32,0.104,0.045,0.044
0.69,0.69,1.0,1.0,0.87,0.87,0.16199999999999998,0.16199999999999998,0.4,0.4,0.42,0.3,0.0,0.0,1.0,0.37,0.92,0.74,0.56,0.92,0.92,0.56,0.56,0.53,0.48,0.52,0.51,0.19,0.41,0.099,0.042,0.041
0.69,0.69,1.0,1.0,0.87,0.87,0.16199999999999998,0.16199999999999998,0.4,0.4,0.41,0.31,0.0,0.0,1.0,0.37,0.925,0.74,0.56,0.92,0.93,0.56,0.56,0.53,0.48,0.52,0.51,0.19,0.45,0.108,0.038,0.027
0.69,0.69,1.0,1.0,0.87,0.87,0.16199999999999998,0.16199999999999998,0.4,0.4,0.4,0.32,0.0,0.0,1.0,0.38,0.925,0.74,0.55,0.92,0.93,0.55,0.55,0.53,0.48,0.52,0.51,0.19,0.44,0.106,0.035,0.02
0.69,0.69,1.0,1.0,0.87,0.87,0.16199999999999998,0.16199999999999998,0.4,0.4,0.38,0.34,0.0,0.0,1.0,0.38,0.925,0.75,0.53,0.92,0.93,0.53,0.53,0.53,0.49,0.52,0.52,0.18,0.43,0.107,0.032,0.006
0.67,0.67,1.0,1.0,0.89,0.89,0.16199999999999998,0.16199999999999998,0.4,0.4,0.36,0.36,0.0,0.0,1.0,0.39,0.93,0.76,0.52,0.93,0.93,0.52,0.52,0.55,0.45,0.55,0.46,0.18,0.4,0.106,0.029,-0.005
0.65,0.65,1.0,1.0,0.9,0.9,0.16199999999999998,0.16199999999999998,0.37,0.37,0.35,0.37,0.05999999999999989,0.0749999999999999,1.0,0.4,0.92,0.76,0.48,0.92,0.92,0.48,0.48,0.59,0.43,0.6,0.43,0.15,0.35,0.105,0.029,-0.021
0.68,0.68,1.0,1.0,0.88,0.88,0.16199999999999998,0.16199999999999998,0.41,0.41,0.34,0.38,0.015000000000000013,0.015000000000000013,1.0,0.4,0.925,0.76,0.5,0.92,0.93,0.5,0.5,0.56,0.45,0.56,0.45,0.15,0.36,0.105,0.026,-0.032
0.68,0.68,1.0,1.0,0.88,0.88,0.16199999999999998,0.16199999999999998,0.41,0.41,0.33,0.39,0.02999999999999986,0.015000000000000013,1.0,0.4,0.925,0.77,0.5,0.92,0.93,0.5,0.5,0.57,0.44,0.56,0.45,0.16,0.37,0.115,0.026,-0.039
0.64,0.64,1.0,1.0,0.91,0.91,0.16199999999999998,0.16199999999999998,0.39,0.39,0.63,0.1,0.05999999999999989,0.04499999999999987,1.0,0.4,0.93,0.76,0.49,0.93,0.93,0.49,0.49,0.59,0.43,0.58,0.44,0.16,0.44,0.109,0.026,-0.048
0.63,0.63,1.0,1.0,0.92,0.92,0.16199999999999998,0.16199999999999998,0.4,0.4,0.66,0.07,0.05999999999999989,0.04499999999999987,1.0,0.4,0.93,0.76,0.49,0.93,0.93,0.49,0.49,0.59,0.43,0.58,0.44,0.14,0.46,0.108,0.025,-0.06
0.64,0.64,1.0,1.0,0.91,0.91,0.16199999999999998,0.16199999999999998,0.4,0.4,0.66,0.07,0.05999999999999989,0.02999999999999986,1.0,0.39,0.93,0.76,0.5,0.93,0.93,0.5,0.5,0.59,0.43,0.57,0.44,0.15,0.47,0.117,0.022,-0.08
0.64,0.64,1.0,1.0,0.91,0.91,0.16199999999999998,0.16199999999999998,0.4,0.4,0.66,0.07,0.04499999999999987,0.015000000000000013,1.0,0.39,0.93,0.76,0.5,0.93,0.93,0.5,0.5,0.58,0.44,0.56,0.44,0.15,0.49,0.113,0.019,-0.104
0.64,0.64,1.0,1.0,0.91,0.91,0.16199999999999998,0.16199999999999998,0.4,0.4,0.66,0.07,0.02999999999999986,0.015000000000000013,1.0,0.39,0.935,0.76,0.5,0.93,0.94,0.5,0.5,0.57,0.44,0.56,0.45,0.15,0.5,0.109,0.019,-0.116
0.63,0.63,1.0,1.0,0.92,0.92,0.6325958180427551,0.6322285342216492,0.24,0.24,0.43,0.29,0.0749999999999999,0.10499999999999993,1.0,0.39,0.915,0.76,0.44,0.91,0.92,0.44,0.44,0.6,0.43,0.62,0.42,0.14,0.52,0.108,0.017,-0.112
0.63,0.63,1.0,1.0,0.92,0.92,0.16199999999999998,0.16199999999999998,0.4,0.4,0.66,0.07,0.04499999999999987,0.02999999999999986,1.0,0.4,0.925,0.76,0.47,0.92,0.93,0.47,0.47,0.58,0.44,0.57,0.44,0.14,0.52,0.104,0.018,-0.112
0.63,0.63,1.0,1.0,0.92,0.92,0.16199999999999998,0.16199999999999998,0.41,0.41,0.65,0.08,0.02999999999999986,0.015000000000000013,1.0,0.4,0.925,0.76,0.48,0.92,0.93,0.48,0.48,0.57,0.44,0.56,0.45,0.14,0.52,0.099,0.018,-0.109
0.62,0.62,1.0,1.0,0.92,0.92,0.554953019618988,0.549734513759613,0.23,0.23,0.35,0.38,0.0749999999999999,0.0749999999999999,1.0,0.4,0.925,0.76,0.44,0.92,0.93,0.44,0.44,0.6,0.43,0.6,0.43,0.14,0.52,0.102,0.019,-0.112
0.62,0.62,1.0,1.0,0.92,0.92,0.16199999999999998,0.16199999999999998,0.37,0.37,0.33,0.39,0.05999999999999989,0.02999999999999986,1.0,0.4,0.915,0.76,0.47,0.91,0.92,0.47,0.47,0.59,0.43,0.57,0.44,0.13,0.54,0.103,0.02,-0.109
0.64,0.64,1.0,1.0,0.91,0.91,0.16199999999999998,0.16199999999999998,0.41,0.41,0.34,0.38,0.015000000000000013,0.0,1.0,0.41,0.925,0.77,0.49,0.92,0.93,0.49,0.49,0.56,0.45,0.55,0.45,0.13,0.49,0.096,0.023,-0.088
0.64,0.64,1.0,1.0,0.91,0.91,0.16199999999999998,0.16199999999999998,0.41,0.41,0.37,0.35,0.0,0.0,1.0,0.4,0.925,0.76,0.52,0.92,0.93,0.52,0.52,0.54,0.47,0.53,0.49,0.13,0.47,0.104,0.028,-0.07
0.64,0.64,1.0,1.0,0.91,0.91,0.16199999999999998,0.16199999999999998,0.41,0.41,0.41,0.31,0.0,0.0,1.0,0.38,0.925,0.75,0.55,0.92,0.93,0.55,0.55,0.55,0.45,0.54,0.47,0.13,0.46,0.105,0.03,-0.052
0.65,0.65,1.0,1.0,0.9,0.9,0.16199999999999998,0.16199999999999998,0.41,0.41,0.43,0.29,0.0,0.0,1.0,0.38,0.92,0.75,0.56,0.92,0.92,0.56,0.56,0.54,0.46,0.53,0.48,0.13,0.45,0.102,0.033,-0.022
0.65,0.65,1.0,1.0,0.9,0.9,0.16199999999999998,0.16199999999999998,0.4,0.4,0.45,0.27,0.0,0.0,1.0,0.38,0.915,0.74,0.56,0.91,0.92,0.56,0.56,0.54,0.47,0.53,0.49,0.16,0.45,0.102,0.037,0.007
0.65,0.65,1.0,1.0,0.9,0.9,0.16199999999999998,0.16199999999999998,0.41,0.41,0.46,0.26,0.0,0.0,1.0,0.38,0.915,0.74,0.56,0.91,0.92,0.56,0.56,0.52,0.51,0.51,0.52,0.17,0.43,0.108,0.041,0.026
0.65,0.65,1.0,1.0,0.9,0.9,0.16199999999999998,0.16199999999999998,0.41,0.41,0.48,0.24,0.0,0.0,1.0,0.38,0.915,0.75,0.56,0.91,0.92,0.56,0.56,0.51,0.53,0.5,0.54,0.17,0.41,0.112,0.042,0.036
0.66,0.66,1.0,1.0,0.9,0.9,0.16199999999999998,0.16199999999999998,0.4,0.4,0.51,0.22,0.0,0.0,1.0,0.38,0.905,0.75,0.56,0.9,0.91,0.56,0.56,0.5,0.55,0.5,0.55,0.17,0.39,0.113,0.045,0.046
0.66,0.66,1.0,1.0,0.89,0.89,0.16199999999999998,0.16199999999999998,0.39,0.39,0.51,0.21,0.0,0.0,1.0,0.38,0.905,0.75,0.56,0.9,0.91,0.56,0.56,0.5,0.55,0.5,0.55,0.16,0.35,0.119,0.045,0.062
0.67,0.67,1.0,1.0,0.89,0.89,0.16199999999999998,0.16199999999999998,0.39,0.39,0.51,0.21,0.0,0.0,1.0,0.38,0.905,0.75,0.56,0.9,0.91,0.56,0.56,0.5,0.55,0.5,0.56,0.16,0.37,0.125,0.042,0.079
0.67,0.67,1.0,1.0,0.89,0.89,0.16199999999999998,0.16199999999999998,0.4,0.4,0.51,0.21,0.0,0.0,1.0,0.39,0.9,0.75,0.56,0.9,0.9,0.56,0.56,0.49,0.57,0.49,0.57,0.16,0.4,0.132,0.038,0.085
0.66,0.66,1.0,1.0,0.89,0.89,0.16199999999999998,0.16199999999999998,0.39,0.39,0.51,0.22,0.0,0.0,1.0,0.39,0.895,0.75,0.56,0.89,0.9,0.56,0.56,0.49,0.56,0.49,0.56,0.16,0.46,0.135,0.03,0.086
0.66,0.66,1.0,1.0,0.89,0.89,0.16199999999999998,0.16199999999999998,0.39,0.39,0.51,0.21,0.0,0.0,1.0,0.39,0.895,0.75,0.56,0.89,0.9,0.56,0.56,0.49,0.56,0.5,0.55,0.16,0.5,0.137,0.025,0.084
0.66,0.66,1.0,1.0,0.89,0.89,0.16199999999999998,0.16199999999999998,0.38,0.38,0.53,0.19,0.0,0.0,1.0,0.39,0.895,0.76,0.56,0.89,0.9,0.56,0.56,0.47,0.61,0.48,0.59,0.15,0.54,0.145,0.015,0.086
0.68,0.68,1.0,1.0,0.88,0.88,0.16199999999999998,0.16199999999999998,0.39,0.39,0.25,0.47,0.0,0.0,1.0,0.39,0.89,0.76,0.56,0.89,0.89,0.56,0.56,0.5,0.54,0.51,0.54,0.15,0.51,0.155,0.008,0.104
0.68,0.68,1.0,1.0,0.88,0.88,0.16199999999999998,0.16199999999999998,0.39,0.39,0.24,0.48,0.0,0.0,1.0,0.39,0.885,0.76,0.56,0.88,0.89,0.56,0.56,0.5,0.55,0.51,0.53,0.15,0.49,0.163,0.004,0.12
0.68,0.68,1.0,1.0,0.88,0.88,0.16199999999999998,0.16199999999999998,0.39,0.39,0.23,0.5,0.0,0.0,1.0,0.4,0.88,0.76,0.56,0.88,0.88,0.56,0.56,0.5,0.55,0.5,0.54,0.14,0.48,0.164,0.004,0.12
0.68,0.68,1.0,1.0,0.88,0.88,0.16199999999999998,0.16199999999999998,0.39,0.39,0.26,0.47,0.0,0.0,1.0,0.39,0.875,0.75,0.56,0.87,0.88,0.56,0.56,0.5,0.55,0.5,0.54,0.14,0.48,0.162,0.005,0.115
0.67,0.67,1.0,1.0,0.89,0.89,0.16199999999999998,0.16199999999999998,0.4,0.4,0.26,0.46,0.0,0.0,1.0,0.38,0.88,0.75,0.56,0.88,0.88,0.56,0.56,0.5,0.54,0.51,0.53,0.14,0.49,0.159,0.007,0.108
0.63,0.63,1.0,1.0,0.92,0.92,0.9019998121261597,0.9016018915176391,0.25,0.25,0.44,0.28,0.0,0.04499999999999987,1.0,0.38,0.865,0.75,0.52,0.86,0.87,0.52,0.52,0.55,0.45,0.58,0.44,0.13,0.43,0.152,0.008,0.101
0.62,0.62,1.0,1.0,0.93,0.93,0.16199999999999998,0.16199999999999998,0.38,0.38,0.4,0.32,0.0,0.0,1.0,0.38,0.875,0.75,0.56,0.87,0.88,0.56,0.56,0.53,0.48,0.53,0.5,0.14,0.54,0.142,0.008,0.091
0.64,0.64,1.0,1.0,0.91,0.91,0.16199999999999998,0.16199999999999998,0.39,0.39,0.37,0.35,0.0,0.0,1.0,0.39,0.885,0.75,0.56,0.88,0.89,0.56,0.56,0.51,0.53,0.5,0.55,0.15,0.75,0.144,0.007,0.057
0.64,0.64,1.0,1.0,0.91,0.91,0.16199999999999998,0.16199999999999998,0.4,0.4,0.35,0.37,0.0,0.0,1.0,0.39,0.895,0.75,0.56,0.89,0.9,0.56,0.56,0.52,0.51,0.52,0.51,0.15,0.83,0.132,0.008,0.004
0.64,0.64,1.0,1.0,0.91,0.91,0.16199999999999998,0.16199999999999998,0.4,0.4,0.34,0.38,0.0,0.0,1.0,0.39,0.905,0.76,0.55,0.9,0.91,0.55,0.55,0.53,0.48,0.53,0.49,0.16,0.83,0.124,0.01,-0.02
0.64,0.64,1.0,1.0,0.91,0.91,0.16199999999999998,0.16199999999999998,0.4,0.4,0.31,0.41,0.0,0.0,1.0,0.4,0.905,0.77,0.54,0.9,0.91,0.54,0.54,0.53,0.48,0.53,0.49,0.17,0.91,0.125,0.011,-0.038
0.64,0.64,1.0,1.0,0.91,0.91,0.16199999999999998,0.16199999999999998,0.4,0.4,0.28,0.44,0.0,0.0,1.0,0.4,0.905,0.76,0.54,0.9,0.91,0.54,0.54,0.55,0.46,0.54,0.46,0.18,0.92,0.122,0.013,-0.057
0.64,0.64,1.0,1.0,0.91,0.91,0.16199999999999998,0.16199999999999998,0.4,0.4,0.26,0.46,0.0,0.0,1.0,0.4,0.91,0.76,0.54,0.9,0.92,0.54,0.54,0.54,0.46,0.54,0.47,0.19,0.93,0.122,0.015,-0.078
0.64,0.64,1.0,1.0,0.91,0.91,0.16199999999999998,0.16199999999999998,0.4,0.4,0.25,0.47,0.0,0.0,1.0,0.39,0.91,0.76,0.55,0.9,0.92,0.55,0.55,0.54,0.46,0.54,0.47,0.19,0.96,0.113,0.015,-0.099
0.64,0.64,1.0,1.0,0.91,0.91,0.16199999999999998,0.16199999999999998,0.4,0.4,0.25,0.47,0.0,0.0,1.0,0.39,0.91,0.76,0.55,0.9,0.92,0.55,0.55,0.54,0.46,0.54,0.47,0.19,0.95,0.107,0.017,-0.115
0.63,0.63,1.0,1.0,0.92,0.92,0.9584156084060669,0.9583735871315002,0.35,0.35,0.25,0.48,0.05999999999999989,0.10499999999999993,1.0,0.4,0.88,0.76,0.47,0.87,0.89,0.47,0.47,0.59,0.43,0.62,0.42,0.14,0.86,0.104,0.017,-0.121
0.63,0.63,1.0,1.0,0.92,0.92,0.16199999999999998,0.16199999999999998,0.37,0.37,0.22,0.5,0.015000000000000013,0.015000000000000013,1.0,0.41,0.895,0.77,0.52,0.89,0.9,0.52,0.52,0.56,0.45,0.56,0.45,0.16,0.91,0.106,0.017,-0.136
0.63,0.63,1.0,1.0,0.92,0.92,0.16199999999999998,0.16199999999999998,0.41,0.41,0.21,0.51,0.015000000000000013,0.0,1.0,0.41,0.905,0.77,0.53,0.9,0.91,0.53,0.53,0.56,0.45,0.55,0.46,0.17,0.88,0.087,0.013,-0.149
0.63,0.63,1.0,1.0,0.92,0.92,0.16199999999999998,0.16199999999999998,0.41,0.41,0.21,0.51,0.015000000000000013,0.0,1.0,0.41,0.91,0.77,0.54,0.9,0.92,0.54,0.54,0.56,0.45,0.55,0.45,0.18,1.0,0.097,0.014,-0.155
0.63,0.63,1.0,1.0,0.92,0.92,0.16199999999999998,0.16199999999999998,0.4,0.4,0.48,0.25,0.0,0.0,1.0,0.41,0.91,0.77,0.54,0.9,0.92,0.54,0.54,0.55,0.45,0.54,0.47,0.18,0.98,0.107,0.012,-0.157
0.63,0.63,1.0,1.0,0.92,0.92,0.16199999999999998,0.16199999999999998,0.4,0.4,0.49,0.24,0.0,0.0,1.0,0.41,0.91,0.77,0.55,0.9,0.92,0.55,0.55,0.55,0.46,0.53,0.49,0.17,0.95,0.104,0.012,-0.163
0.63,0.63,1.0,1.0,0.92,0.92,0.16199999999999998,0.16199999999999998,0.4,0.4,0.49,0.23,0.0,0.0,1.0,0.4,0.91,0.77,0.54,0.9,0.92,0.54,0.54,0.55,0.45,0.54,0.48,0.17,0.96,0.1,0.01,-0.165
0.63,0.63,1.0,1.0,0.92,0.92,0.16199999999999998,0.16199999999999998,0.4,0.4,0.49,0.23,0.0,0.0,1.0,0.4,0.91,0.76,0.54,0.9,0.92,0.54,0.54,0.55,0.45,0.53,0.49,0.17,0.93,0.103,0.01,-0.169
0.63,0.63,1.0,1.0,0.92,0.92,0.16199999999999998,0.16199999999999998,0.4,0.4,0.5,0.22,0.0,0.0,1.0,0.4,0.91,0.77,0.54,0.9,0.92,0.54,0.54,0.55,0.45,0.53,0.48,0.17,0.92,0.107,0.009,-0.166
0.63,0.63,1.0,1.0,0.92,0.92,0.16199999999999998,0.16199999999999998,0.4,0.4,0.52,0.21,0.0,0.0,1.0,0.41,0.91,0.77,0.54,0.9,0.92,0.54,0.54,0.55,0.45,0.54,0.47,0.16,0.92,0.099,0.011,-0.164
0.62,0.62,1.0,1.0,0.93,0.93,0.5711012887954712,0.5636688876152038,0.22,0.22,0.31,0.41,0.0749999999999999,0.08999999999999991,1.0,0.41,0.895,0.77,0.48,0.89,0.9,0.48,0.48,0.6,0.43,0.61,0.42,0.16,0.88,0.099,0.013,-0.162
0.61,0.61,1.0,1.0,0.93,0.93,0.16199999999999998,0.16199999999999998,0.36,0.36,0.32,0.4,0.0,0.0,1.0,0.41,0.885,0.77,0.53,0.88,0.89,0.53,0.53,0.55,0.45,0.55,0.45,0.16,0.87,0.104,0.014,-0.157
0.62,0.62,1.0,1.0,0.93,0.93,0.16199999999999998,0.16199999999999998,0.39,0.39,0.36,0.36,0.0,0.0,1.0,0.4,0.895,0.76,0.55,0.89,0.9,0.55,0.55,0.52,0.51,0.52,0.52,0.15,0.7,0.107,0.013,-0.119
0.62,0.62,1.0,1.0,0.92,0.92,0.16199999999999998,0.16199999999999998,0.4,0.4,0.37,0.35,0.0,0.0,1.0,0.4,0.895,0.76,0.54,0.89,0.9,0.54,0.54,0.52,0.52,0.51,0.52,0.15,0.55,0.118,0.022,-0.064
0.62,0.62,1.0,1.0,0.92,0.92,0.16199999999999998,0.16199999999999998,0.4,0.4,0.38,0.34,0.0,0.0,1.0,0.4,0.9,0.76,0.56,0.9,0.9,0.56,0.56,0.51,0.52,0.51,0.53,0.15,0.56,0.123,0.028,-0.038
0.62,0.62,1.0,1.0,0.93,0.93,0.16199999999999998,0.16199999999999998,0.4,0.4,0.41,0.31,0.0,0.0,1.0,0.39,0.895,0.75,0.56,0.89,0.9,0.56,0.56,0.52,0.5,0.52,0.51,0.15,0.66,0.129,0.03,-0.018
0.62,0.62,1.0,1.0,0.93,0.93,0.16199999999999998,0.16199999999999998,0.4,0.4,0.42,0.31,0.0,0.0,1.0,0.38,0.895,0.75,0.56,0.89,0.9,0.56,0.56,0.53,0.49,0.52,0.5,0.14,0.62,0.128,0.032,0.002
0.62,0.62,1.0,1.0,0.93,0.93,0.16199999999999998,0.16199999999999998,0.39,0.39,0.42,0.3,0.0,0.0,1.0,0.38,0.895,0.74,0.56,0.89,0.9,0.56,0.56,0.53,0.5,0.52,0.5,0.14,0.59,0.128,0.034,0.02
0.62,0.62,1.0,1.0,0.93,0.93,0.16199999999999998,0.16199999999999998,0.4,0.4,0.43,0.29,0.0,0.0,1.0,0.37,0.89,0.74,0.56,0.89,0.89,0.56,0.56,0.52,0.51,0.52,0.52,0.14,0.54,0.128,0.035,0.025
0.6,0.6,1.0,1.0,0.94,0.94,0.7782850670814514,0.7678270149230957,0.18,0.18,0.44,0.29,0.0749999999999999,0.11999999999999994,1.0,0.37,0.855,0.74,0.51,0.85,0.86,0.51,0.51,0.6,0.43,0.63,0.41,0.13,0.46,0.135,0.035,0.033
0.6,0.6,1.0,1.0,0.94,0.94,0.16199999999999998,0.16199999999999998,0.36,0.36,0.47,0.25,0.0,0.0,1.0,0.37,0.855,0.74,0.56,0.85,0.86,0.56,0.56,0.53,0.48,0.54,0.47,0.13,0.4,0.136,0.034,0.049
0.6,0.6,1.0,1.0,0.94,0.94,0.16199999999999998,0.16199999999999998,0.38,0.38,0.47,0.25,0.0,0.0,1.0,0.37,0.865,0.74,0.56,0.86,0.87,0.56,0.56,0.52,0.5,0.52,0.5,0.14,0.39,0.156,0.028,0.072
0.61,0.61,1.0,1.0,0.94,0.94,0.16199999999999998,0.16199999999999998,0.38,0.38,0.45,0.27,0.0,0.0,1.0,0.36,0.87,0.74,0.56,0.87,0.87,0.56,0.56,0.52,0.51,0.52,0.51,0.14,0.41,0.153,0.026,0.084
0.61,0.61,1.0,1.0,0.94,0.94,0.16199999999999998,0.16199999999999998,0.38,0.38,0.43,0.29,0.0,0.0,1.0,0.36,0.875,0.73,0.56,0.87,0.88,0.56,0.56,0.53,0.49,0.52,0.5,0.14,0.46,0.149,0.024,0.079
0.61,0.61,1.0,1.0,0.94,0.94,0.16199999999999998,0.16199999999999998,0.38,0.38,0.42,0.3,0.0,0.0,1.0,0.36,0.875,0.73,0.56,0.87,0.88,0.56,0.56,0.53,0.48,0.53,0.49,0.14,0.5,0.151,0.017,0.064
0.59,0.59,1.0,1.0,0.95,0.95,0.8320916700363159,0.8267049598693847,0.18,0.18,0.4,0.33,0.10499999999999993,0.11999999999999994,1.0,0.35,0.885,0.73,0.41,0.88,0.89,0.41,0.41,0.62,0.42,0.63,0.42,0.1,0.42,0.153,0.011,0.052
0.57,0.57,1.0,1.0,0.97,0.97,0.16199999999999998,0.16199999999999998,0.33,0.33,0.39,0.33,0.10499999999999993,0.08999999999999991,1.0,0.28,0.95,0.67,0.34,0.95,0.95,0.34,0.34,0.62,0.42,0.61,0.42,0.06,0.42,0.159,0.003,0.045
0.56,0.56,1.0,1.0,0.98,0.98,0.16199999999999998,0.16199999999999998,0.35,0.35,0.37,0.35,0.10499999999999993,0.0749999999999999,1.0,0.24,0.98,0.64,0.28,0.98,0.98,0.28,0.28,0.62,0.42,0.6,0.43,0.03,0.43,0.168,-0.005,0.035
0.53,0.53,1.0,1.0,1.0,1.0,0.16199999999999998,0.16199999999999998,0.36,0.36,0.36,0.36,0.10499999999999993,0.0749999999999999,1.0,0.23,0.98,0.64,0.27,0.98,0.98,0.27,0.27,0.62,0.42,0.6,0.43,0.03,0.45,0.163,-0.014,0.024
0.53,0.53,1.0,1.0,1.0,1.0,0.16199999999999998,0.16199999999999998,0.36,0.36,0.35,0.37,0.10499999999999993,0.0749999999999999,1.0,0.23,0.99,0.63,0.26,0.99,0.99,0.26,0.26,0.62,0.42,0.6,0.43,0.02,0.48,0.16,-0.027,0.011
0.53,0.53,1.0,1.0,1.0,1.0,0.16199999999999998,0.16199999999999998,0.36,0.36,0.34,0.38,0.10499999999999993,0.0749999999999999,1.0,0.22,0.99,0.63,0.26,0.99,0.99,0.26,0.26,0.62,0.42,0.6,0.43,0.02,0.52,0.165,-0.041,-0.002
0.53,0.53,1.0,1.0,1.0,1.0,0.16199999999999998,0.16199999999999998,0.36,0.36,0.33,0.39,0.13499999999999995,0.0749999999999999,1.0,0.22,0.99,0.63,0.26,0.99,0.99,0.26,0.26,0.64,0.41,0.6,0.43,0.02,0.56,0.168,-0.053,-0.011
0.5,0.5,0.93,0.93,1.0,1.0,0.5292514967918396,0.5254525351524353,0.17,0.17,0.34,0.38,0.13499999999999995,0.11999999999999994,1.0,0.22,0.99,0.63,0.26,0.99,0.99,0.26,0.26,0.64,0.41,0.63,0.42,0.02,0.59,0.166,-0.056,-0.018
0.52,0.52,0.98,0.98,1.0,1.0,0.16199999999999998,0.16199999999999998,0.25,0.25,0.36,0.36,0.13499999999999995,0.10499999999999993,1.0,0.22,0.99,0.63,0.25,0.99,0.99,0.25,0.25,0.64,0.41,0.62,0.42,0.02,0.59,0.172,-0.059,-0.016
0.53,0.53,1.0,1.0,1.0,1.0,0.16199999999999998,0.16199999999999998,0.25,0.25,0.36,0.36,0.10499999999999993,0.08999999999999991,1.0,0.22,0.99,0.62,0.25,0.99,0.99,0.25,0.25,0.62,0.42,0.61,0.42,0.01,0.59,0.244,-0.04,-0.016
0.53,0.53,1.0,1.0,1.0,1.0,0.16199999999999998,0.16199999999999998,0.25,0.25,0.37,0.36,0.11999999999999994,0.10499999999999993,1.0,0.22,0.99,0.62,0.25,0.99,0.99,0.25,0.25,0.63,0.41,0.62,0.42,0.01,0.59,0.292,-0.014,-0.006
0.53,0.53,0.99,0.99,1.0,1.0,0.16199999999999998,0.16199999999999998,0.25,0.25,0.38,0.34,0.13499999999999995,0.10499999999999993,1.0,0.21,0.99,0.62,0.25,0.99,0.99,0.25,0.25,0.64,0.41,0.62,0.42,0.01,0.59,0.318,-0.002,0.003
0.5,0.5,0.92,0.92,1.0,1.0,0.5330470609664917,0.5308679151535034,0.12,0.12,0.41,0.32,0.14999999999999997,0.11999999999999994,1.0,0.22,0.99,0.63,0.26,0.99,0.99,0.26,0.26,0.65,0.41,0.63,0.41,0.01,0.58,0.321,0.01,0.008
0.5,0.5,0.93,0.93,1.0,1.0,0.16199999999999998,0.16199999999999998,0.25,0.25,0.43,0.29,0.14999999999999997,0.11999999999999994,1.0,0.22,0.99,0.63,0.25,0.99,0.99,0.25,0.25,0.65,0.41,0.63,0.41,0.01,0.57,0.306,0.019,0.024
0.5,0.5,0.94,0.94,1.0,1.0,0.16199999999999998,0.16199999999999998,0.29,0.29,0.45,0.28,0.14999999999999997,0.11999999999999994,1.0,0.22,0.99,0.63,0.25,0.99,0.99,0.25,0.25,0.65,0.41,0.63,0.41,0.01,0.55,0.285,0.028,0.043
0.5,0.5,0.93,0.93,1.0,1.0,0.16199999999999998,0.16199999999999998,0.33,0.33,0.46,0.26,0.14999999999999997,0.11999999999999994,1.0,0.22,0.99,0.62,0.25,0.99,0.99,0.25,0.25,0.65,0.4,0.63,0.41,0.01,0.54,0.26,0.042,0.057
0.49,0.49,0.9,0.9,1.0,1.0,0.42709977507591246,0.4243373084068298,0.23,0.23,0.46,0.27,0.13499999999999995,0.11999999999999994,1.0,0.22,0.99,0.63,0.26,0.99,0.99,0.26,0.26,0.64,0.41,0.63,0.42,0.01,0.52,0.221,0.055,0.067
0.46,0.46,0.84,0.84,1.0,1.0,0.16199999999999998,0.16199999999999998,0.33,0.33,0.46,0.26,0.13499999999999995,0.10499999999999993,1.0,0.22,0.985,0.63,0.27,0.98,0.99,0.27,0.27,0.64,0.41,0.62,0.42,0.02,0.51,0.182,0.062,0.066
0.48,0.48,0.89,0.89,1.0,1.0,0.16199999999999998,0.16199999999999998,0.42,0.42,0.44,0.28,0.11999999999999994,0.08999999999999991,1.0,0.22,0.99,0.63,0.26,0.99,0.99,0.26,0.26,0.63,0.42,0.61,0.42,0.02,0.5,0.148,0.069,0.064
0.56,0.56,1.0,1.0,0.98,0.98,0.16199999999999998,0.16199999999999998,0.43,0.43,0.43,0.29,0.11999999999999994,0.08999999999999991,1.0,0.28,0.97,0.67,0.38,0.97,0.97,0.38,0.38,0.63,0.42,0.61,0.42,0.06,0.47,0.121,0.072,0.045
0.58,0.58,1.0,1.0,0.96,0.96,0.16199999999999998,0.16199999999999998,0.43,0.43,0.41,0.31,0.10499999999999993,0.10499999999999993,1.0,0.36,0.905,0.74,0.51,0.9,0.91,0.51,0.51,0.62,0.42,0.62,0.42,0.16,0.63,0.103,0.063,0.025
0.79,0.79,1.0,1.0,0.79,0.79,0.16199999999999998,0.16199999999999998,0.4,0.4,0.38,0.34,0.0,0.0,1.0,0.38,0.925,0.75,0.53,0.92,0.93,0.53,0.53,0.53,0.49,0.53,0.49,0.17,0.91,0.09,0.051,0.006
0.79,0.79,1.0,1.0,0.79,0.79,0.16199999999999998,0.16199999999999998,0.39,0.39,0.36,0.36,0.0,0.0,1.0,0.39,0.935,0.76,0.54,0.93,0.94,0.54,0.54,0.51,0.53,0.51,0.53,0.2,1.0,0.076,0.042,-0.015
0.76,0.76,1.0,1.0,0.82,0.82,0.16199999999999998,0.16199999999999998,0.39,0.39,0.32,0.4,0.0,0.0,1.0,0.41,0.935,0.77,0.54,0.93,0.94,0.54,0.54,0.51,0.53,0.5,0.54,0.2,1.0,0.076,0.034,-0.034
0.75,0.75,1.0,1.0,0.82,0.82,0.16199999999999998,0.16199999999999998,0.39,0.39,0.29,0.43,0.0,0.0,1.0,0.41,0.9299999999999999,0.77,0.55,0.92,0.94,0.55,0.55,0.5,0.54,0.49,0.57,0.21,1.0,0.074,0.032,-0.054
0.75,0.75,1.0,1.0,0.82,0.82,0.16199999999999998,0.16199999999999998,0.39,0.39,0.28,0.45,0.0,0.0,1.0,0.41,0.925,0.77,0.55,0.92,0.93,0.55,0.55,0.51,0.52,0.5,0.55,0.21,1.0,0.078,0.029,-0.075
0.74,0.74,1.0,1.0,0.83,0.83,0.16199999999999998,0.16199999999999998,0.39,0.39,0.25,0.47,0.0,0.0,1.0,0.4,0.92,0.77,0.56,0.91,0.93,0.56,0.56,0.53,0.48,0.51,0.53,0.21,1.0,0.082,0.025,-0.092
0.71,0.71,1.0,1.0,0.85,0.85,0.16199999999999998,0.16199999999999998,0.4,0.4,0.59,0.14,0.0,0.0,1.0,0.4,0.915,0.77,0.56,0.9,0.93,0.56,0.56,0.54,0.46,0.53,0.48,0.2,1.0,0.076,0.019,-0.107
0.7,0.7,1.0,1.0,0.86,0.86,0.16199999999999998,0.16199999999999998,0.4,0.4,0.62,0.11,0.0,0.0,1.0,0.4,0.91,0.76,0.56,0.9,0.92,0.56,0.56,0.55,0.45,0.53,0.48,0.19,1.0,0.084,0.014,-0.12
0.71,0.71,1.0,1.0,0.86,0.86,0.16199999999999998,0.16199999999999998,0.4,0.4,0.59,0.14,0.015000000000000013,0.0,1.0,0.4,0.91,0.76,0.56,0.9,0.92,0.56,0.56,0.56,0.45,0.54,0.48,0.19,1.0,0.077,0.003,-0.139
0.71,0.71,1.0,1.0,0.86,0.86,0.16199999999999998,0.16199999999999998,0.37,0.37,0.78,-0.04,0.02999999999999986,0.0,1.0,0.4,0.91,0.76,0.56,0.9,0.92,0.56,0.56,0.57,0.44,0.54,0.47,0.2,1.0,0.081,-0.008,-0.172
0.71,0.71,1.0,1.0,0.86,0.86,0.16199999999999998,0.16199999999999998,0.37,0.37,0.78,-0.04,0.02999999999999986,0.0,1.0,0.4,0.91,0.76,0.56,0.9,0.92,0.56,0.56,0.57,0.44,0.54,0.48,0.2,1.0,0.084,-0.015,-0.186
0.71,0.71,1.0,1.0,0.86,0.86,0.16199999999999998,0.16199999999999998,0.37,0.37,0.79,-0.05,0.015000000000000013,0.0,1.0,0.4,0.91,0.76,0.56,0.9,0.92,0.56,0.56,0.56,0.45,0.53,0.5,0.19,1.0,0.078,-0.017,-0.2
0.7,0.7,1.0,1.0,0.86,0.86,0.16199999999999998,0.16199999999999998,0.38,0.38,0.79,-0.05,0.015000000000000013,0.0,1.0,0.4,0.91,0.76,0.56,0.9,0.92,0.56,0.56,0.56,0.44,0.53,0.49,0.19,1.0,0.081,-0.016,-0.197
0.7,0.7,1.0,1.0,0.86,0.86,0.16199999999999998,0.16199999999999998,0.39,0.39,0.58,0.15,0.05999999999999989,0.0,1.0,0.41,0.905,0.77,0.56,0.89,0.92,0.56,0.56,0.59,0.43,0.55,0.45,0.18,1.0,0.085,-0.014,-0.19
0.7,0.7,1.0,1.0,0.86,0.86,0.16199999999999998,0.16199999999999998,0.39,0.39,0.27,0.46,0.0,0.0,1.0,0.41,0.905,0.77,0.56,0.89,0.92,0.56,0.56,0.53,0.49,0.52,0.51,0.18,1.0,0.086,-0.011,-0.174
0.72,0.72,1.0,1.0,0.85,0.85,0.16199999999999998,0.16199999999999998,0.39,0.39,0.3,0.42,0.0,0.0,1.0,0.41,0.91,0.77,0.56,0.9,0.92,0.56,0.56,0.52,0.52,0.51,0.53,0.18,1.0,0.094,-0.007,-0.135
0.73,0.73,1.0,1.0,0.84,0.84,0.16199999999999998,0.16199999999999998,0.38,0.38,0.32,0.4,0.0,0.0,1.0,0.41,0.91,0.77,0.56,0.9,0.92,0.56,0.56,0.5,0.55,0.49,0.56,0.18,1.0,0.104,0.003,-0.088
0.72,0.72,1.0,1.0,0.84,0.84,0.16199999999999998,0.16199999999999998,0.38,0.38,0.32,0.4,0.0,0.0,1.0,0.41,0.91,0.77,0.56,0.9,0.92,0.56,0.56,0.5,0.56,0.49,0.56,0.18,1.0,0.11,0.013,-0.062
0.65,0.65,1.0,1.0,0.9,0.9,0.5555459666252136,0.5531076002120972,0.22,0.22,0.33,0.39,0.0,0.02999999999999986,1.0,0.41,0.88,0.77,0.52,0.87,0.89,0.52,0.52,0.55,0.45,0.57,0.44,0.14,0.79,0.114,0.019,-0.052
0.67,0.67,1.0,1.0,0.89,0.89,0.16199999999999998,0.16199999999999998,0.38,0.38,0.32,0.4,0.0,0.0,1.0,0.41,0.885,0.77,0.53,0.88,0.89,0.53,0.53,0.55,0.45,0.55,0.45,0.14,0.8,0.117,0.022,-0.048
0.67,0.67,1.0,1.0,0.88,0.88,0.16199999999999998,0.16199999999999998,0.39,0.39,0.32,0.4,0.0,0.0,1.0,0.41,0.895,0.77,0.55,0.89,0.9,0.55,0.55,0.53,0.5,0.53,0.5,0.14,0.88,0.121,0.022,-0.049
0.68,0.68,1.0,1.0,0.88,0.88,0.16199999999999998,0.16199999999999998,0.4,0.4,0.32,0.4,0.0,0.0,1.0,0.41,0.895,0.77,0.56,0.89,0.9,0.56,0.56,0.51,0.52,0.51,0.52,0.15,0.95,0.123,0.022,-0.047
0.69,0.69,1.0,1.0,0.87,0.87,0.16199999999999998,0.16199999999999998,0.4,0.4,0.33,0.4,0.0,0.0,1.0,0.41,0.9,0.77,0.56,0.89,0.91,0.56,0.56,0.51,0.53,0.51,0.53,0.15,0.98,0.116,0.023,-0.049
0.7,0.7,1.0,1.0,0.87,0.87,0.16199999999999998,0.16199999999999998,0.4,0.4,0.33,0.39,0.0,0.0,1.0,0.42,0.905,0.78,0.56,0.9,0.91,0.56,0.56,0.5,0.55,0.5,0.55,0.15,0.98,0.115,0.024,-0.048
0.72,0.72,1.0,1.0,0.85,0.85,0.16199999999999998,0.16199999999999998,0.38,0.38,0.23,0.49,0.0,0.0,1.0,0.42,0.905,0.77,0.56,0.9,0.91,0.56,0.56,0.52,0.51,0.52,0.51,0.15,0.9,0.116,0.024,-0.045
0.73,0.73,1.0,1.0,0.84,0.84,0.16199999999999998,0.16199999999999998,0.38,0.38,0.22,0.5,0.0,0.0,1.0,0.41,0.905,0.77,0.56,0.9,0.91,0.56,0.56,0.52,0.51,0.52,0.52,0.15,0.96,0.119,0.024,-0.042
0.73,0.73,1.0,1.0,0.83,0.83,0.16199999999999998,0.16199999999999998,0.38,0.38,0.13,0.6,0.0,0.0,1.0,0.41,0.895,0.77,0.56,0.89,0.9,0.56,0.56,0.52,0.51,0.51,0.52,0.14,1.0,0.122,0.026,-0.032
0.73,0.73,1.0,1.0,0.84,0.84,0.16199999999999998,0.16199999999999998,0.38,0.38,0.11,0.62,0.0,0.0,1.0,0.4,0.895,0.76,0.56,0.89,0.9,0.56,0.56,0.52,0.52,0.51,0.53,0.14,1.0,0.118,0.028,-0.021
0.73,0.73,1.0,1.0,0.83,0.83,0.16199999999999998,0.16199999999999998,0.38,0.38,0.09,0.64,0.0,0.0,1.0,0.39,0.89,0.76,0.56,0.88,0.9,0.56,0.56,0.52,0.51,0.51,0.53,0.13,1.0,0.118,0.029,-0.011
0.74,0.74,1.0,1.0,0.83,0.83,0.16199999999999998,0.16199999999999998,0.38,0.38,0.08,0.65,0.0,0.0,1.0,0.39,0.89,0.76,0.56,0.88,0.9,0.56,0.56,0.52,0.51,0.51,0.53,0.13,1.0,0.12,0.029,-0.005
0.74,0.74,1.0,1.0,0.83,0.83,0.16199999999999998,0.16199999999999998,0.38,0.38,0.09,0.64,0.0,0.0,1.0,0.39,0.89,0.75,0.56,0.88,0.9,0.56,0.56,0.52,0.52,0.51,0.53,0.13,1.0,0.118,0.029,-0.003
0.74,0.74,1.0,1.0,0.83,0.83,0.16199999999999998,0.16199999999999998,0.38,0.38,0.09,0.64,0.0,0.0,1.0,0.39,0.89,0.76,0.56,0.88,0.9,0.56,0.56,0.52,0.51,0.51,0.53,0.13,0.95,0.119,0.028,-0.005
0.65,0.65,1.0,1.0,0.9,0.9,0.337185959815979,0.3357925820350647,0.28,0.28,0.36,0.36,0.02999999999999986,0.04499999999999987,1.0,0.41,0.875,0.77,0.52,0.87,0.88,0.52,0.52,0.57,0.44,0.58,0.44,0.13,0.69,0.118,0.029,-0.004
0.68,0.68,1.0,1.0,0.88,0.88,0.16199999999999998,0.16199999999999998,0.38,0.38,0.36,0.36,0.0,0.0,1.0,0.41,0.88,0.77,0.56,0.87,0.89,0.56,0.56,0.52,0.51,0.52,0.51,0.13,0.73,0.124,0.026,-0.007
0.7,0.7,1.0,1.0,0.86,0.86,0.16199999999999998,0.16199999999999998,0.38,0.38,0.36,0.36,0.0,0.0,1.0,0.42,0.905,0.77,0.55,0.9,0.91,0.55,0.55,0.51,0.53,0.51,0.54,0.14,0.8,0.127,0.025,-0.016
0.71,0.71,1.0,1.0,0.86,0.86,0.16199999999999998,0.16199999999999998,0.38,0.38,0.38,0.34,0.0,0.0,1.0,0.4,0.905,0.77,0.56,0.9,0.91,0.56,0.56,0.5,0.54,0.5,0.55,0.14,0.86,0.124,0.024,-0.017
0.71,0.71,1.0,1.0,0.86,0.86,0.16199999999999998,0.16199999999999998,0.39,0.39,0.2,0.53,0.0,0.0,1.0,0.39,0.895,0.76,0.56,0.89,0.9,0.56,0.56,0.52,0.51,0.52,0.51,0.14,0.65,0.124,0.023,-0.011
0.72,0.72,1.0,1.0,0.84,0.84,0.16199999999999998,0.16199999999999998,0.39,0.39,0.16,0.57,0.0,0.0,1.0,0.38,0.895,0.75,0.56,0.89,0.9,0.56,0.56,0.53,0.49,0.53,0.5,0.14,0.59,0.123,0.026,0.024
0.72,0.72,1.0,1.0,0.84,0.84,0.16199999999999998,0.16199999999999998,0.39,0.39,0.15,0.57,0.0,0.0,1.0,0.38,0.895,0.75,0.56,0.89,0.9,0.56,0.56,0.53,0.49,0.53,0.5,0.13,0.59,0.117,0.032,0.051
0.71,0.71,1.0,1.0,0.85,0.85,0.16199999999999998,0.16199999999999998,0.38,0.38,0.15,0.58,0.0,0.0,1.0,0.37,0.885,0.74,0.56,0.88,0.89,0.56,0.56,0.53,0.49,0.53,0.49,0.13,0.61,0.121,0.036,0.068
0.65,0.65,1.0,1.0,0.9,0.9,0.9565231013298034,0.9561499166488647,0.31,0.31,0.42,0.3,0.08999999999999991,0.13499999999999995,1.0,0.38,0.825,0.75,0.54,0.82,0.83,0.54,0.54,0.61,0.43,0.64,0.41,0.1,0.54,0.119,0.036,0.067
0.65,0.65,1.0,1.0,0.91,0.91,0.16199999999999998,0.16199999999999998,0.37,0.37,0.44,0.29,0.0,0.0,1.0,0.38,0.865,0.75,0.56,0.86,0.87,0.56,0.56,0.53,0.48,0.54,0.47,0.11,0.57,0.117,0.034,0.063
0.67,0.67,1.0,1.0,0.88,0.88,0.16199999999999998,0.16199999999999998,0.39,0.39,0.41,0.31,0.0,0.0,1.0,0.38,0.895,0.75,0.56,0.89,0.9,0.56,0.56,0.51,0.52,0.51,0.53,0.12,0.6,0.131,0.036,0.064
0.67,0.67,1.0,1.0,0.89,0.89,0.16199999999999998,0.16199999999999998,0.38,0.38,0.38,0.34,0.0,0.0,1.0,0.4,0.9,0.76,0.55,0.9,0.9,0.55,0.55,0.53,0.5,0.53,0.5,0.13,0.74,0.123,0.031,0.054
0.63,0.63,1.0,1.0,0.92,0.92,0.16199999999999998,0.16199999999999998,0.37,0.37,0.66,0.08,0.0,0.0,1.0,0.4,0.905,0.76,0.53,0.9,0.91,0.53,0.53,0.55,0.45,0.55,0.45,0.13,0.78,0.115,0.025,0.019
0.65,0.65,1.0,1.0,0.9,0.9,0.16199999999999998,0.16199999999999998,0.37,0.37,0.66,0.08,0.0,0.0,1.0,0.4,0.9,0.76,0.55,0.89,0.91,0.55,0.55,0.54,0.46,0.54,0.48,0.13,0.93,0.123,0.019,-0.016
0.66,0.66,1.0,1.0,0.9,0.9,0.16199999999999998,0.16199999999999998,0.38,0.38,0.64,0.09,0.015000000000000013,0.0,1.0,0.4,0.9,0.76,0.56,0.89,0.91,0.56,0.56,0.56,0.45,0.55,0.46,0.14,0.99,0.115,0.012,-0.052
0.67,0.67,1.0,1.0,0.89,0.89,0.16199999999999998,0.16199999999999998,0.38,0.38,0.61,0.12,0.0,0.0,1.0,0.4,0.9,0.76,0.56,0.89,0.91,0.56,0.56,0.55,0.45,0.54,0.48,0.15,1.0,0.103,0.007,-0.082
0.67,0.67,1.0,1.0,0.88,0.88,0.16199999999999998,0.16199999999999998,0.38,0.38,0.6,0.13,0.0,0.0,1.0,0.4,0.9,0.76,0.56,0.89,0.91,0.56,0.56,0.55,0.45,0.53,0.48,0.15,1.0,0.095,0.002,-0.106
0.67,0.67,1.0,1.0,0.88,0.88,0.16199999999999998,0.16199999999999998,0.36,0.36,0.76,-0.02,0.0,0.0,1.0,0.4,0.9,0.76,0.56,0.89,0.91,0.56,0.56,0.54,0.46,0.52,0.5,0.15,1.0,0.092,-0.002,-0.122
0.65,0.65,1.0,1.0,0.9,0.9,0.16199999999999998,0.16199999999999998,0.37,0.37,0.73,0.01,0.015000000000000013,0.0,1.0,0.4,0.9,0.76,0.56,0.89,0.91,0.56,0.56,0.56,0.44,0.54,0.47,0.15,1.0,0.094,-0.006,-0.138
0.65,0.65,1.0,1.0,0.9,0.9,0.16199999999999998,0.16199999999999998,0.36,0.36,0.74,-0.0,0.015000000000000013,0.0,1.0,0.4,0.895,0.76,0.56,0.88,0.91,0.56,0.56,0.56,0.44,0.54,0.47,0.15,1.0,0.092,-0.006,-0.153
0.66,0.66,1.0,1.0,0.9,0.9,0.16199999999999998,0.16199999999999998,0.37,0.37,0.75,-0.01,0.015000000000000013,0.0,1.0,0.4,0.895,0.76,0.56,0.88,0.91,0.56,0.56,0.56,0.45,0.53,0.49,0.15,1.0,0.094,-0.007,-0.154
0.66,0.66,1.0,1.0,0.9,0.9,0.16199999999999998,0.16199999999999998,0.37,0.37,0.76,-0.02,0.015000000000000013,0.0,1.0,0.4,0.895,0.76,0.56,0.88,0.91,0.56,0.56,0.56,0.45,0.53,0.49,0.15,1.0,0.097,-0.007,-0.155
0.66,0.66,1.0,1.0,0.9,0.9,0.16199999999999998,0.16199999999999998,0.39,0.39,0.58,0.15,0.0,0.0,1.0,0.4,0.895,0.77,0.55,0.88,0.91,0.55,0.55,0.55,0.45,0.53,0.48,0.14,0.99,0.096,-0.007,-0.152
0.65,0.65,1.0,1.0,0.9,0.9,0.16199999999999998,0.16199999999999998,0.38,0.38,0.6,0.13,0.0,0.0,1.0,0.4,0.895,0.77,0.56,0.88,0.91,0.56,0.56,0.53,0.49,0.52,0.51,0.14,0.99,0.092,-0.005,-0.143
0.64,0.64,1.0,1.0,0.91,0.91,0.16199999999999998,0.16199999999999998,0.38,0.38,0.61,0.12,0.0,0.0,1.0,0.4,0.89,0.76,0.56,0.88,0.9,0.56,0.56,0.54,0.48,0.53,0.49,0.13,0.94,0.094,0.002,-0.109
0.64,0.64,1.0,1.0,0.91,0.91,0.16199999999999998,0.16199999999999998,0.38,0.38,0.5,0.22,0.0,0.0,1.0,0.4,0.89,0.76,0.56,0.88,0.9,0.56,0.56,0.53,0.48,0.53,0.5,0.12,0.87,0.109,0.011,-0.075
0.64,0.64,1.0,1.0,0.91,0.91,0.16199999999999998,0.16199999999999998,0.38,0.38,0.52,0.21,0.0,0.0,1.0,0.39,0.88,0.76,0.56,0.87,0.89,0.56,0.56,0.53,0.49,0.52,0.51,0.11,0.66,0.118,0.019,-0.046
0.63,0.63,1.0,1.0,0.92,0.92,0.16199999999999998,0.16199999999999998,0.36,0.36,0.39,0.33,0.0,0.0,1.0,0.38,0.875,0.75,0.56,0.87,0.88,0.56,0.56,0.54,0.47,0.54,0.47,0.11,0.55,0.117,0.026,-0.016
0.63,0.63,1.0,1.0,0.92,0.92,0.16199999999999998,0.16199999999999998,0.37,0.37,0.42,0.3,0.0,0.0,1.0,0.38,0.875,0.75,0.56,0.87,0.88,0.56,0.56,0.52,0.52,0.51,0.52,0.11,0.52,0.118,0.031,0.012
0.64,0.64,1.0,1.0,0.91,0.91,0.16199999999999998,0.16199999999999998,0.37,0.37,0.45,0.27,0.0,0.0,1.0,0.38,0.875,0.75,0.56,0.87,0.88,0.56,0.56,0.5,0.55,0.5,0.55,0.12,0.52,0.127,0.037,0.046
0.65,0.65,1.0,1.0,0.91,0.91,0.16199999999999998,0.16199999999999998,0.36,0.36,0.46,0.26,0.0,0.0,1.0,0.38,0.875,0.74,0.56,0.87,0.88,0.56,0.56,0.5,0.55,0.5,0.55,0.12,0.4,0.131,0.038,0.077
0.67,0.67,1.0,1.0,0.89,0.89,0.16199999999999998,0.16199999999999998,0.37,0.37,0.22,0.5,0.0,0.0,1.0,0.37,0.87,0.74,0.56,0.87,0.87,0.56,0.56,0.52,0.52,0.51,0.52,0.12,0.4,0.138,0.039,0.094
0.69,0.69,1.0,1.0,0.87,0.87,0.16199999999999998,0.16199999999999998,0.38,0.38,0.23,0.5,0.0,0.0,1.0,0.37,0.865,0.74,0.56,0.86,0.87,0.56,0.56,0.51,0.52,0.51,0.52,0.12,0.41,0.14,0.042,0.11
0.64,0.64,1.0,1.0,0.91,0.91,0.8027603435516357,0.7902033734321594,0.18,0.18,0.4,0.33,0.0,0.015000000000000013,1.0,0.38,0.84,0.75,0.55,0.84,0.84,0.55,0.55,0.55,0.46,0.56,0.45,0.11,0.42,0.136,0.045,0.117
0.64,0.64,1.0,1.0,0.91,0.91,0.16199999999999998,0.16199999999999998,0.37,0.37,0.23,0.49,0.0,0.0,1.0,0.39,0.85,0.75,0.56,0.85,0.85,0.56,0.56,0.53,0.48,0.54,0.47,0.11,0.35,0.135,0.045,0.118
0.66,0.66,1.0,1.0,0.9,0.9,0.16199999999999998,0.16199999999999998,0.39,0.39,0.24,0.49,0.0,0.0,1.0,0.38,0.855,0.75,0.56,0.85,0.86,0.56,0.56,0.53,0.5,0.53,0.49,0.11,0.37,0.143,0.041,0.12
0.67,0.67,1.0,1.0,0.89,0.89,0.16199999999999998,0.16199999999999998,0.39,0.39,0.18,0.55,0.0,0.0,1.0,0.37,0.86,0.74,0.56,0.86,0.86,0.56,0.56,0.53,0.49,0.53,0.49,0.11,0.39,0.138,0.041,0.118
0.65,0.65,1.0,1.0,0.9,0.9,0.16199999999999998,0.16199999999999998,0.34,0.34,0.28,0.45,0.0,0.0,1.0,0.37,0.865,0.74,0.56,0.86,0.87,0.56,0.56,0.53,0.49,0.53,0.49,0.11,0.44,0.137,0.038,0.114
0.63,0.63,1.0,1.0,0.92,0.92,0.4440480279922485,0.44394941210746763,0.23,0.23,0.47,0.26,0.05999999999999989,0.05999999999999989,1.0,0.39,0.8200000000000001,0.75,0.56,0.81,0.83,0.56,0.56,0.59,0.43,0.59,0.43,0.1,0.35,0.14,0.024,0.115
0.62,0.62,1.0,1.0,0.93,0.93,0.16199999999999998,0.16199999999999998,0.34,0.34,0.49,0.24,0.0,0.0,1.0,0.38,0.84,0.75,0.56,0.84,0.84,0.56,0.56,0.54,0.48,0.54,0.47,0.1,0.34,0.149,0.016,0.122
0.62,0.62,1.0,1.0,0.93,0.93,0.16199999999999998,0.16199999999999998,0.35,0.35,0.49,0.24,0.0,0.0,1.0,0.38,0.845,0.75,0.56,0.84,0.85,0.56,0.56,0.53,0.5,0.53,0.49,0.1,0.37,0.163,0.007,0.13
0.62,0.62,1.0,1.0,0.93,0.93,0.16199999999999998,0.16199999999999998,0.36,0.36,0.48,0.24,0.0,0.0,1.0,0.38,0.845,0.74,0.56,0.84,0.85,0.56,0.56,0.52,0.5,0.53,0.5,0.1,0.45,0.164,-0.001,0.137
0.62,0.62,1.0,1.0,0.93,0.93,0.16199999999999998,0.16199999999999998,0.36,0.36,0.45,0.28,0.0,0.0,1.0,0.37,0.85,0.74,0.56,0.85,0.85,0.56,0.56,0.54,0.48,0.53,0.49,0.11,0.49,0.16,-0.006,0.137
0.62,0.62,1.0,1.0,0.93,0.93,0.16199999999999998,0.16199999999999998,0.42,0.42,0.39,0.33,0.0,0.0,1.0,0.37,0.88,0.74,0.56,0.87,0.89,0.56,0.56,0.51,0.52,0.5,0.55,0.12,0.82,0.151,-0.011,0.122
0.64,0.64,1.0,1.0,0.91,0.91,0.16199999999999998,0.16199999999999998,0.42,0.42,0.37,0.35,0.0,0.0,1.0,0.37,0.89,0.74,0.56,0.88,0.9,0.56,0.56,0.5,0.54,0.49,0.57,0.16,0.89,0.137,-0.014,0.087
0.64,0.64,1.0,1.0,0.91,0.91,0.16199999999999998,0.16199999999999998,0.42,0.42,0.35,0.37,0.0,0.0,1.0,0.38,0.89,0.74,0.56,0.88,0.9,0.56,0.56,0.48,0.58,0.47,0.61,0.16,1.0,0.115,-0.016,0.05
0.64,0.64,1.0,1.0,0.91,0.91,0.16199999999999998,0.16199999999999998,0.42,0.42,0.33,0.39,0.0,0.0,1.0,0.38,0.9,0.75,0.56,0.89,0.91,0.56,0.56,0.47,0.61,0.46,0.63,0.16,1.0,0.111,-0.018,0.032
0.64,0.64,1.0,1.0,0.91,0.91,0.16199999999999998,0.16199999999999998,0.42,0.42,0.3,0.42,0.0,0.0,1.0,0.38,0.9,0.75,0.56,0.89,0.91,0.56,0.56,0.46,0.63,0.45,0.64,0.17,1.0,0.106,-0.019,0.014
0.64,0.64,1.0,1.0,0.91,0.91,0.16199999999999998,0.16199999999999998,0.42,0.42,0.28,0.44,0.0,0.0,1.0,0.38,0.9,0.75,0.56,0.89,0.91,0.56,0.56,0.47,0.61,0.46,0.62,0.17,1.0,0.107,-0.018,-0.01
0.66,0.66,1.0,1.0,0.89,0.89,0.16199999999999998,0.16199999999999998,0.38,0.38,0.26,0.46,0.0,0.0,1.0,0.39,0.9,0.75,0.56,0.89,0.91,0.56,0.56,0.49,0.57,0.48,0.59,0.17,1.0,0.105,-0.018,-0.032
0.67,0.67,1.0,1.0,0.89,0.89,0.16199999999999998,0.16199999999999998,0.38,0.38,0.25,0.47,0.0,0.0,1.0,0.39,0.9,0.76,0.56,0.89,0.91,0.56,0.56,0.48,0.59,0.47,0.61,0.16,1.0,0.103,-0.018,-0.044
0.67,0.67,1.0,1.0,0.89,0.89,0.16199999999999998,0.16199999999999998,0.38,0.38,0.25,0.48,0.0,0.0,1.0,0.39,0.9,0.76,0.56,0.89,0.91,0.56,0.56,0.48,0.58,0.47,0.6,0.16,1.0,0.108,-0.018,-0.061
0.68,0.68,1.0,1.0,0.88,0.88,0.16199999999999998,0.16199999999999998,0.39,0.39,0.24,0.48,0.0,0.0,1.0,0.4,0.9,0.76,0.56,0.89,0.91,0.56,0.56,0.51,0.54,0.48,0.58,0.16,1.0,0.091,-0.016,-0.078
0.65,0.65,1.0,1.0,0.9,0.9,0.16199999999999998,0.16199999999999998,0.35,0.35,0.68,0.06,0.02999999999999986,0.02999999999999986,1.0,0.41,0.885,0.77,0.54,0.87,0.9,0.54,0.54,0.57,0.44,0.57,0.44,0.14,1.0,0.084,-0.011,-0.09
0.64,0.64,1.0,1.0,0.91,0.91,0.16199999999999998,0.16199999999999998,0.39,0.39,0.74,0.0,0.0,0.0,1.0,0.41,0.89,0.77,0.56,0.88,0.9,0.56,0.56,0.52,0.5,0.5,0.54,0.14,1.0,0.068,-0.005,-0.099
0.64,0.64,1.0,1.0,0.91,0.91,0.16199999999999998,0.16199999999999998,0.4,0.4,0.73,0.01,0.0,0.0,1.0,0.41,0.895,0.77,0.56,0.88,0.91,0.56,0.56,0.53,0.48,0.51,0.53,0.15,1.0,0.07,-0.007,-0.125
0.64,0.64,1.0,1.0,0.91,0.91,0.16199999999999998,0.16199999999999998,0.4,0.4,0.74,-0.0,0.0,0.0,1.0,0.41,0.895,0.77,0.56,0.88,0.91,0.56,0.56,0.52,0.52,0.49,0.56,0.15,1.0,0.062,-0.005,-0.151
0.64,0.64,1.0,1.0,0.91,0.91,0.16199999999999998,0.16199999999999998,0.37,0.37,0.82,-0.07,0.0,0.0,1.0,0.4,0.9,0.77,0.56,0.89,0.91,0.56,0.56,0.53,0.48,0.5,0.54,0.15,1.0,0.06,-0.006,-0.168
0.64,0.64,1.0,1.0,0.91,0.91,0.16199999999999998,0.16199999999999998,0.37,0.37,0.82,-0.07,0.0,0.0,1.0,0.4,0.9,0.76,0.56,0.89,0.91,0.56,0.56,0.54,0.47,0.5,0.54,0.15,1.0,0.05,-0.006,-0.174
0.64,0.64,1.0,1.0,0.91,0.91,0.16199999999999998,0.16199999999999998,0.37,0.37,0.82,-0.07,0.0,0.0,1.0,0.4,0.895,0.76,0.56,0.88,0.91,0.56,0.56,0.55,0.45,0.52,0.5,0.15,1.0,0.046,-0.002,-0.176
0.64,0.64,1.0,1.0,0.91,0.91,0.16199999999999998,0.16199999999999998,0.37,0.37,0.82,-0.07,0.02999999999999986,0.0,1.0,0.4,0.89,0.76,0.56,0.87,0.91,0.56,0.56,0.57,0.44,0.53,0.49,0.16,1.0,0.047,-0.002,-0.176
0.64,0.64,1.0,1.0,0.91,0.91,0.16199999999999998,0.16199999999999998,0.37,0.37,0.82,-0.07,0.02999999999999986,0.0,1.0,0.4,0.89,0.76,0.56,0.87,0.91,0.56,0.56,0.57,0.44,0.53,0.48,0.16,1.0,0.054,-0.0,-0.174
0.64,0.64,1.0,1.0,0.91,0.91,0.16199999999999998,0.16199999999999998,0.49,0.49,0.45,0.28,0.0,0.0,1.0,0.41,0.885,0.77,0.56,0.87,0.9,0.56,0.56,0.54,0.48,0.51,0.54,0.17,1.0,0.06,0.001,-0.173
0.63,0.63,1.0,1.0,0.92,0.92,0.16199999999999998,0.16199999999999998,0.51,0.51,0.47,0.26,0.0,0.0,1.0,0.43,0.895,0.78,0.56,0.88,0.91,0.56,0.56,0.5,0.55,0.48,0.58,0.19,1.0,0.064,0.004,-0.167
0.63,0.63,1.0,1.0,0.92,0.92,0.16199999999999998,0.16199999999999998,0.54,0.54,0.55,0.18,0.0,0.0,1.0,0.43,0.9,0.78,0.56,0.89,0.91,0.56,0.56,0.47,0.6,0.46,0.62,0.19,1.0,0.059,0.007,-0.161
0.62,0.62,1.0,1.0,0.92,0.92,0.16199999999999998,0.16199999999999998,0.53,0.53,0.59,0.14,0.0,0.0,1.0,0.42,0.9,0.78,0.56,0.89,0.91,0.56,0.56,0.46,0.62,0.46,0.63,0.18,1.0,0.052,0.009,-0.131
0.62,0.62,1.0,1.0,0.92,0.92,0.16199999999999998,0.16199999999999998,0.54,0.54,0.62,0.11,0.0,0.0,1.0,0.42,0.895,0.78,0.56,0.89,0.9,0.56,0.56,0.43,0.68,0.42,0.7,0.18,0.8,0.058,0.015,-0.092
0.62,0.62,1.0,1.0,0.93,0.93,0.16199999999999998,0.16199999999999998,0.54,0.54,0.64,0.09,0.0,0.0,1.0,0.42,0.89,0.77,0.56,0.88,0.9,0.56,0.56,0.43,0.69,0.42,0.71,0.18,0.68,0.06,0.021,-0.064
0.62,0.62,1.0,1.0,0.93,0.93,0.16199999999999998,0.16199999999999998,0.53,0.53,0.65,0.08,0.0,0.0,1.0,0.41,0.885,0.77,0.56,0.88,0.89,0.56,0.56,0.43,0.69,0.42,0.71,0.18,0.56,0.056,0.028,-0.04
0.62,0.62,1.0,1.0,0.93,0.93,0.16199999999999998,0.16199999999999998,0.53,0.53,0.68,0.06,0.0,0.0,1.0,0.41,0.875,0.77,0.56,0.87,0.88,0.56,0.56,0.43,0.68,0.42,0.71,0.18,0.54,0.057,0.031,-0.029
0.62,0.62,1.0,1.0,0.93,0.93,0.16199999999999998,0.16199999999999998,0.53,0.53,0.7,0.03,0.0,0.0,1.0,0.4,0.875,0.76,0.56,0.87,0.88,0.56,0.56,0.43,0.69,0.42,0.7,0.18,0.54,0.055,0.032,-0.017
0.64,0.64,1.0,1.0,0.91,0.91,0.16199999999999998,0.16199999999999998,0.4,0.4,0.48,0.24,0.0,0.0,1.0,0.37,0.885,0.74,0.56,0.88,0.89,0.56,0.56,0.43,0.69,0.42,0.7,0.2,0.41,0.056,0.034,-0.001
0.65,0.65,1.0,1.0,0.9,0.9,0.16199999999999998,0.16199999999999998,0.4,0.4,0.51,0.21,0.0,0.0,1.0,0.37,0.875,0.74,0.56,0.87,0.88,0.56,0.56,0.45,0.65,0.45,0.65,0.2,0.3,0.062,0.042,0.029
0.65,0.65,1.0,1.0,0.9,0.9,0.16199999999999998,0.16199999999999998,0.39,0.39,0.36,0.36,0.0,0.0,1.0,0.37,0.865,0.74,0.56,0.86,0.87,0.56,0.56,0.49,0.58,0.48,0.59,0.2,0.21,0.084,0.046,0.067
0.68,0.68,1.0,1.0,0.88,0.88,0.16199999999999998,0.16199999999999998,0.38,0.38,0.15,0.58,0.0,0.0,1.0,0.37,0.84,0.74,0.56,0.84,0.84,0.56,0.56,0.52,0.52,0.51,0.52,0.2,0.18,0.092,0.052,0.096
0.73,0.73,1.0,1.0,0.83,0.83,0.16199999999999998,0.16199999999999998,0.4,0.4,0.14,0.59,0.0,0.0,1.0,0.38,0.86,0.75,0.56,0.86,0.86,0.56,0.56,0.48,0.59,0.48,0.58,0.21,0.17,0.095,0.052,0.122
0.73,0.73,1.0,1.0,0.83,0.83,0.16199999999999998,0.16199999999999998,0.4,0.4,0.14,0.59,0.0,0.0,1.0,0.37,0.86,0.74,0.56,0.86,0.86,0.56,0.56,0.5,0.54,0.5,0.54,0.22,0.17,0.101,0.055,0.154
0.73,0.73,1.0,1.0,0.83,0.83,0.16199999999999998,0.16199999999999998,0.4,0.4,0.11,0.62,0.0,0.0,1.0,0.37,0.86,0.74,0.56,0.86,0.86,0.56,0.56,0.51,0.53,0.51,0.54,0.22,0.17,0.093,0.055,0.178
0.65,0.65,1.0,1.0,0.91,0.91,0.8050311017036438,0.8044616389274597,0.2,0.2,0.49,0.24,0.0,0.0,1.0,0.38,0.825,0.74,0.56,0.82,0.83,0.56,0.56,0.5,0.54,0.51,0.53,0.17,0.16,0.09,0.056,0.175
0.63,0.63,1.0,1.0,0.91,0.91,0.16199999999999998,0.16199999999999998,0.36,0.36,0.51,0.22,0.0,0.0,1.0,0.37,0.85,0.74,0.56,0.85,0.85,0.56,0.56,0.53,0.49,0.52,0.51,0.17,0.16,0.088,0.054,0.159
0.65,0.65,1.0,1.0,0.9,0.9,0.16199999999999998,0.16199999999999998,0.39,0.39,0.49,0.24,0.0,0.0,1.0,0.35,0.875,0.73,0.56,0.87,0.88,0.56,0.56,0.48,0.58,0.48,0.59,0.19,0.18,0.104,0.049,0.132
0.66,0.66,1.0,1.0,0.89,0.89,0.16199999999999998,0.16199999999999998,0.4,0.4,0.48,0.24,0.0,0.0,1.0,0.35,0.875,0.72,0.56,0.87,0.88,0.56,0.56,0.47,0.61,0.46,0.62,0.19,0.22,0.099,0.048,0.095
0.67,0.67,1.0,1.0,0.89,0.89,0.16199999999999998,0.16199999999999998,0.4,0.4,0.46,0.26,0.0,0.0,1.0,0.35,0.88,0.73,0.56,0.88,0.88,0.56,0.56,0.46,0.62,0.46,0.63,0.19,0.32,0.082,0.046,0.071
0.61,0.61,1.0,1.0,0.93,0.93,0.9533004570007324,0.9531709957122803,0.33,0.33,0.4,0.32,0.0749999999999999,0.08999999999999991,1.0,0.36,0.78,0.74,0.53,0.78,0.78,0.53,0.53,0.6,0.43,0.61,0.42,0.14,0.29,0.074,0.043,0.059
0.62,0.62,1.0,1.0,0.93,0.93,0.16199999999999998,0.16199999999999998,0.43,0.43,0.4,0.32,0.0,0.0,1.0,0.38,0.87,0.74,0.56,0.87,0.87,0.56,0.56,0.48,0.58,0.48,0.59,0.17,0.29,0.071,0.042,0.045
0.64,0.64,1.0,1.0,0.91,0.91,0.16199999999999998,0.16199999999999998,0.45,0.45,0.38,0.34,0.0,0.0,1.0,0.39,0.89,0.76,0.56,0.89,0.89,0.56,0.56,0.45,0.65,0.44,0.66,0.19,0.43,0.061,0.041,0.03
0.64,0.64,1.0,1.0,0.91,0.91,0.16199999999999998,0.16199999999999998,0.45,0.45,0.36,0.36,0.0,0.0,1.0,0.39,0.895,0.76,0.56,0.89,0.9,0.56,0.56,0.47,0.61,0.46,0.63,0.2,0.44,0.062,0.041,0.008
0.64,0.64,1.0,1.0,0.91,0.91,0.16199999999999998,0.16199999999999998,0.45,0.45,0.34,0.38,0.0,0.0,1.0,0.39,0.905,0.76,0.56,0.9,0.91,0.56,0.56,0.48,0.59,0.47,0.61,0.2,0.46,0.053,0.039,-0.017
0.64,0.64,1.0,1.0,0.91,0.91,0.16199999999999998,0.16199999999999998,0.45,0.45,0.33,0.39,0.0,0.0,1.0,0.39,0.905,0.76,0.55,0.9,0.91,0.55,0.55,0.5,0.55,0.49,0.57,0.2,0.57,0.054,0.036,-0.034
0.61,0.61,1.0,1.0,0.93,0.93,0.9158069896697998,0.9113467741012573,0.32,0.32,0.32,0.4,0.04499999999999987,0.0749999999999999,1.0,0.39,0.87,0.76,0.48,0.86,0.88,0.48,0.48,0.58,0.44,0.6,0.43,0.17,0.52,0.052,0.036,-0.049
0.61,0.61,1.0,1.0,0.94,0.94,0.16199999999999998,0.16199999999999998,0.36,0.36,0.61,0.12,0.0749999999999999,0.05999999999999989,1.0,0.39,0.87,0.76,0.51,0.86,0.88,0.51,0.51,0.6,0.43,0.59,0.43,0.16,0.49,0.052,0.034,-0.057
0.6,0.6,1.0,1.0,0.94,0.94,0.16199999999999998,0.16199999999999998,0.4,0.4,0.61,0.12,0.04499999999999987,0.015000000000000013,1.0,0.39,0.88,0.76,0.53,0.87,0.89,0.53,0.53,0.58,0.44,0.56,0.45,0.15,0.49,0.068,0.029,-0.072
0.59,0.59,1.0,1.0,0.95,0.95,0.16199999999999998,0.16199999999999998,0.42,0.42,0.58,0.15,0.10499999999999993,0.05999999999999989,1.0,0.39,0.89,0.76,0.52,0.88,0.9,0.52,0.52,0.62,0.42,0.59,0.43,0.15,0.5,0.073,0.028,-0.111
0.59,0.59,1.0,1.0,0.95,0.95,0.16199999999999998,0.16199999999999998,0.4,0.4,0.55,0.18,0.18,0.11999999999999994,1.0,0.36,0.92,0.73,0.42,0.91,0.93,0.42,0.42,0.67,0.4,0.63,0.41,0.1,0.52,0.067,0.019,-0.144
0.58,0.58,1.0,1.0,0.96,0.96,0.40201486229896544,0.39915827989578245,0.27,0.27,0.55,0.18,0.195,0.14999999999999997,1.0,0.32,0.935,0.71,0.4,0.93,0.94,0.4,0.4,0.68,0.39,0.65,0.41,0.09,0.59,0.068,0.011,-0.166
0.57,0.57,1.0,1.0,0.96,0.96,0.16199999999999998,0.16199999999999998,0.39,0.39,0.63,0.1,0.195,0.11999999999999994,1.0,0.32,0.935,0.7,0.37,0.93,0.94,0.37,0.37,0.68,0.39,0.63,0.41,0.08,0.6,0.063,0.006,-0.186
0.56,0.56,1.0,1.0,0.98,0.98,0.16199999999999998,0.16199999999999998,0.4,0.4,0.62,0.12,0.18,0.10499999999999993,1.0,0.26,0.97,0.66,0.3,0.97,0.97,0.3,0.3,0.67,0.4,0.62,0.42,0.05,0.6,0.07,0.0,-0.197
0.49,0.49,0.91,0.91,1.0,1.0,0.16199999999999998,0.16199999999999998,0.39,0.39,0.59,0.15,0.18,0.10499999999999993,1.0,0.24,0.98,0.64,0.27,0.98,0.98,0.27,0.27,0.67,0.4,0.62,0.42,0.04,0.63,0.069,-0.011,-0.209
0.49,0.49,0.91,0.91,1.0,1.0,0.16199999999999998,0.16199999999999998,0.38,0.38,0.6,0.13,0.16499999999999998,0.08999999999999991,1.0,0.23,0.985,0.63,0.26,0.98,0.99,0.26,0.26,0.66,0.4,0.61,0.42,0.03,0.65,0.084,-0.021,-0.217
0.56,0.56,1.0,1.0,0.98,0.98,0.4319011676311493,0.4229537057876587,0.23,0.23,0.35,0.37,0.18,0.08999999999999991,1.0,0.23,0.985,0.63,0.28,0.98,0.99,0.28,0.28,0.67,0.4,0.61,0.42,0.03,0.67,0.107,-0.03,-0.221
0.56,0.56,1.0,1.0,0.97,0.97,0.26445073962211607,0.26186869621276854,0.25,0.25,0.17,0.56,0.18,0.10499999999999993,1.0,0.23,0.98,0.64,0.28,0.98,0.98,0.28,0.28,0.67,0.4,0.62,0.42,0.03,0.71,0.12,-0.033,-0.219
0.5,0.5,0.93,0.93,1.0,1.0,0.16199999999999998,0.16199999999999998,0.31,0.31,0.22,0.5,0.195,0.13499999999999995,1.0,0.23,0.985,0.63,0.26,0.98,0.99,0.26,0.26,0.68,0.39,0.64,0.41,0.02,0.71,0.125,-0.03,-0.217
0.5,0.5,0.93,0.93,1.0,1.0,0.16199999999999998,0.16199999999999998,0.3,0.3,0.26,0.46,0.195,0.14999999999999997,1.0,0.22,0.99,0.63,0.26,0.99,0.99,0.26,0.26,0.68,0.39,0.65,0.41,0.02,0.7,0.149,-0.032,-0.174
0.5,0.5,0.94,0.94,1.0,1.0,0.16199999999999998,0.16199999999999998,0.3,0.3,0.29,0.43,0.195,0.14999999999999997,1.0,0.22,0.99,0.63,0.25,0.99,0.99,0.25,0.25,0.68,0.39,0.65,0.41,0.01,0.68,0.163,-0.028,-0.135
0.51,0.51,0.95,0.95,1.0,1.0,0.16199999999999998,0.16199999999999998,0.3,0.3,0.32,0.41,0.18,0.14999999999999997,1.0,0.22,0.99,0.62,0.25,0.99,0.99,0.25,0.25,0.67,0.39,0.65,0.41,0.01,0.66,0.181,-0.015,-0.099
0.51,0.51,0.95,0.95,1.0,1.0,0.16199999999999998,0.16199999999999998,0.3,0.3,0.33,0.39,0.195,0.14999999999999997,1.0,0.22,0.99,0.62,0.25,0.99,0.99,0.25,0.25,0.68,0.39,0.65,0.4,0.01,0.64,0.188,-0.003,-0.065
0.47,0.47,0.86,0.86,1.0,1.0,0.7157808947563171,0.70446209192276,0.14,0.14,0.35,0.37,0.18,0.14999999999999997,1.0,0.22,0.99,0.62,0.26,0.99,0.99,0.26,0.26,0.67,0.4,0.65,0.4,0.01,0.62,0.192,0.003,-0.05
0.47,0.47,0.85,0.85,1.0,1.0,0.16199999999999998,0.16199999999999998,0.28,0.28,0.36,0.36,0.18,0.14999999999999997,1.0,0.22,0.99,0.63,0.26,0.99,0.99,0.26,0.26,0.67,0.4,0.65,0.4,0.01,0.59,0.188,0.012,-0.037
0.48,0.48,0.9,0.9,1.0,1.0,0.16199999999999998,0.16199999999999998,0.32,0.32,0.36,0.36,0.18,0.13499999999999995,1.0,0.22,0.99,0.63,0.26,0.99,0.99,0.26,0.26,0.67,0.4,0.64,0.41,0.01,0.57,0.18,0.021,-0.021
0.49,0.49,0.9,0.9,1.0,1.0,0.16199999999999998,0.16199999999999998,0.34,0.34,0.36,0.36,0.16499999999999998,0.13499999999999995,1.0,0.22,0.99,0.63,0.25,0.99,0.99,0.25,0.25,0.66,0.4,0.64,0.41,0.01,0.54,0.163,0.025,-0.018
0.49,0.49,0.9,0.9,1.0,1.0,0.16199999999999998,0.16199999999999998,0.35,0.35,0.36,0.37,0.16499999999999998,0.10499999999999993,1.0,0.22,0.99,0.62,0.25,0.99,0.99,0.25,0.25,0.66,0.4,0.62,0.42,0.01,0.53,0.142,0.027,-0.02
0.49,0.49,0.9,0.9,1.0,1.0,0.16199999999999998,0.16199999999999998,0.36,0.36,0.36,0.36,0.14999999999999997,0.0749999999999999,1.0,0.22,0.99,0.62,0.25,0.99,0.99,0.25,0.25,0.65,0.41,0.6,0.43,0.01,0.53,0.131,0.025,-0.028
0.45,0.45,0.81,0.81,1.0,1.0,0.2048784303665161,0.20353795170783995,0.3,0.3,0.37,0.35,0.13499999999999995,0.11999999999999994,1.0,0.22,0.98,0.63,0.29,0.98,0.98,0.29,0.29,0.64,0.41,0.63,0.41,0.02,0.52,0.119,0.027,-0.024
0.57,0.57,1.0,1.0,0.96,0.96,0.16199999999999998,0.16199999999999998,0.41,0.41,0.38,0.34,0.13499999999999995,0.11999999999999994,1.0,0.34,0.86,0.72,0.56,0.85,0.87,0.56,0.56,0.64,0.41,0.63,0.41,0.2,0.67,0.084,0.024,-0.007
0.58,0.58,1.0,1.0,0.96,0.96,0.16199999999999998,0.16199999999999998,0.41,0.41,0.38,0.34,0.0,0.0,1.0,0.34,0.8200000000000001,0.72,0.56,0.81,0.83,0.56,0.56,0.54,0.47,0.54,0.47,0.23,0.72,0.081,0.028,-0.007
0.59,0.59,1.0,1.0,0.95,0.95,0.16199999999999998,0.16199999999999998,0.42,0.42,0.37,0.35,0.0,0.0,1.0,0.35,0.8200000000000001,0.72,0.56,0.81,0.83,0.56,0.56,0.5,0.54,0.5,0.54,0.23,0.8,0.058,0.029,-0.009
0.6,0.6,1.0,1.0,0.94,0.94,0.16199999999999998,0.16199999999999998,0.42,0.42,0.34,0.38,0.0,0.0,1.0,0.35,0.84,0.72,0.56,0.83,0.85,0.56,0.56,0.51,0.52,0.5,0.54,0.23,0.96,0.044,0.028,-0.015
0.61,0.61,1.0,1.0,0.94,0.94,0.16199999999999998,0.16199999999999998,0.42,0.42,0.3,0.42,0.0,0.0,1.0,0.35,0.865,0.72,0.56,0.85,0.88,0.56,0.56,0.52,0.51,0.5,0.54,0.22,1.0,0.039,0.025,-0.028
0.62,0.62,1.0,1.0,0.93,0.93,0.16199999999999998,0.16199999999999998,0.4,0.4,0.27,0.45,0.0,0.0,1.0,0.35,0.87,0.72,0.56,0.85,0.89,0.56,0.56,0.54,0.47,0.51,0.53,0.23,1.0,0.037,0.023,-0.055
0.63,0.63,1.0,1.0,0.92,0.92,0.16199999999999998,0.16199999999999998,0.4,0.4,0.25,0.47,0.0,0.0,1.0,0.34,0.875,0.72,0.56,0.86,0.89,0.56,0.56,0.55,0.45,0.52,0.5,0.23,1.0,0.038,0.022,-0.087
0.64,0.64,1.0,1.0,0.91,0.91,0.16199999999999998,0.16199999999999998,0.4,0.4,0.23,0.49,0.015000000000000013,0.0,1.0,0.34,0.88,0.72,0.56,0.86,0.9,0.56,0.56,0.56,0.45,0.52,0.51,0.23,1.0,0.044,0.018,-0.105
0.87,0.87,1.0,1.0,0.73,0.73,0.16199999999999998,0.16199999999999998,0.37,0.37,0.23,0.49,0.0,0.0,1.0,0.36,0.915,0.73,0.56,0.9,0.93,0.56,0.56,0.5,0.54,0.46,0.62,0.23,1.0,0.042,0.013,-0.121
0.92,0.92,1.0,1.0,0.68,0.68,0.16199999999999998,0.16199999999999998,0.35,0.35,0.23,0.49,0.0,0.0,1.0,0.38,0.9299999999999999,0.75,0.56,0.92,0.94,0.56,0.56,0.46,0.63,0.43,0.69,0.23,1.0,0.036,0.012,-0.131
0.92,0.92,1.0,1.0,0.68,0.68,0.16199999999999998,0.16199999999999998,0.35,0.35,0.23,0.49,0.0,0.0,1.0,0.38,0.9299999999999999,0.75,0.56,0.92,0.94,0.56,0.56,0.46,0.63,0.42,0.7,0.22,1.0,0.034,0.008,-0.13
0.92,0.92,1.0,1.0,0.68,0.68,0.16199999999999998,0.16199999999999998,0.35,0.35,0.23,0.49,0.0,0.0,1.0,0.37,0.935,0.74,0.56,0.92,0.95,0.56,0.56,0.46,0.63,0.42,0.71,0.21,1.0,0.036,0.007,-0.131
0.92,0.92,1.0,1.0,0.68,0.68,0.16199999999999998,0.16199999999999998,0.35,0.35,0.22,0.5,0.0,0.0,1.0,0.38,0.935,0.74,0.56,0.92,0.95,0.56,0.56,0.46,0.63,0.42,0.71,0.21,1.0,0.036,0.006,-0.129
0.91,0.91,1.0,1.0,0.69,0.69,0.25334287762641905,0.24187255978584288,0.32,0.32,0.44,0.28,0.0,0.0,1.0,0.4,0.91,0.76,0.56,0.89,0.93,0.56,0.56,0.51,0.53,0.49,0.57,0.18,1.0,0.038,0.005,-0.132
0.89,0.89,1.0,1.0,0.71,0.71,0.16199999999999998,0.16199999999999998,0.39,0.39,0.82,-0.07,0.0,0.0,1.0,0.4,0.91,0.77,0.56,0.9,0.92,0.56,0.56,0.53,0.49,0.5,0.55,0.17,1.0,0.036,0.002,-0.143
0.9,0.9,1.0,1.0,0.7,0.7,0.16199999999999998,0.16199999999999998,0.4,0.4,0.84,-0.09,0.0,0.0,1.0,0.39,0.92,0.75,0.56,0.91,0.93,0.56,0.56,0.5,0.55,0.46,0.62,0.19,1.0,0.034,-0.006,-0.194
0.89,0.89,1.0,1.0,0.71,0.71,0.16199999999999998,0.16199999999999998,0.39,0.39,0.83,-0.09,0.0,0.0,1.0,0.38,0.9299999999999999,0.75,0.56,0.92,0.94,0.56,0.56,0.5,0.55,0.46,0.63,0.19,1.0,0.04,-0.008,-0.231
0.88,0.88,1.0,1.0,0.72,0.72,0.16199999999999998,0.16199999999999998,0.39,0.39,0.84,-0.09,0.0,0.0,1.0,0.37,0.9299999999999999,0.74,0.56,0.92,0.94,0.56,0.56,0.5,0.55,0.46,0.62,0.19,1.0,0.041,-0.011,-0.247
0.88,0.88,1.0,1.0,0.72,0.72,0.16199999999999998,0.16199999999999998,0.39,0.39,0.83,-0.09,0.0,0.0,1.0,0.37,0.9299999999999999,0.74,0.56,0.92,0.94,0.56,0.56,0.5,0.54,0.47,0.62,0.19,1.0,0.035,-0.011,-0.247
0.87,0.87,1.0,1.0,0.72,0.72,0.16199999999999998,0.16199999999999998,0.38,0.38,0.87,-0.12,0.0,0.0,1.0,0.37,0.9299999999999999,0.74,0.56,0.92,0.94,0.56,0.56,0.51,0.52,0.46,0.62,0.19,1.0,0.037,-0.011,-0.245
0.85,0.85,1.0,1.0,0.74,0.74,0.16199999999999998,0.16199999999999998,0.38,0.38,0.88,-0.13,0.0,0.0,1.0,0.37,0.925,0.74,0.56,0.91,0.94,0.56,0.56,0.52,0.51,0.47,0.61,0.18,1.0,0.033,-0.008,-0.239
0.84,0.84,1.0,1.0,0.75,0.75,0.16199999999999998,0.16199999999999998,0.38,0.38,0.25,0.47,0.0,0.0,1.0,0.38,0.915,0.74,0.56,0.9,0.93,0.56,0.56,0.49,0.57,0.47,0.62,0.18,1.0,0.029,-0.004,-0.222
0.84,0.84,1.0,1.0,0.75,0.75,0.16199999999999998,0.16199999999999998,0.39,0.39,0.29,0.44,0.0,0.0,1.0,0.38,0.915,0.75,0.56,0.9,0.93,0.56,0.56,0.48,0.59,0.46,0.63,0.18,1.0,0.02,0.001,-0.191
0.83,0.83,1.0,1.0,0.75,0.75,0.16199999999999998,0.16199999999999998,0.39,0.39,0.3,0.42,0.0,0.0,1.0,0.38,0.915,0.75,0.56,0.9,0.93,0.56,0.56,0.48,0.59,0.47,0.6,0.18,1.0,0.038,0.006,-0.137
0.83,0.83,1.0,1.0,0.76,0.76,0.16199999999999998,0.16199999999999998,0.38,0.38,0.32,0.4,0.0,0.0,1.0,0.38,0.91,0.75,0.56,0.9,0.92,0.56,0.56,0.47,0.6,0.47,0.61,0.18,1.0,0.046,0.01,-0.094
0.83,0.83,1.0,1.0,0.75,0.75,0.16199999999999998,0.16199999999999998,0.38,0.38,0.34,0.38,0.0,0.0,1.0,0.38,0.91,0.74,0.56,0.9,0.92,0.56,0.56,0.47,0.6,0.47,0.61,0.18,1.0,0.05,0.016,-0.066
0.84,0.84,1.0,1.0,0.75,0.75,0.16199999999999998,0.16199999999999998,0.38,0.38,0.35,0.37,0.0,0.0,1.0,0.37,0.915,0.74,0.56,0.91,0.92,0.56,0.56,0.47,0.6,0.47,0.61,0.18,1.0,0.053,0.021,-0.048
0.84,0.84,1.0,1.0,0.75,0.75,0.16199999999999998,0.16199999999999998,0.38,0.38,0.35,0.37,0.0,0.0,1.0,0.37,0.915,0.74,0.56,0.91,0.92,0.56,0.56,0.47,0.6,0.47,0.61,0.18,1.0,0.052,0.022,-0.038
0.83,0.83,1.0,1.0,0.75,0.75,0.16199999999999998,0.16199999999999998,0.38,0.38,0.36,0.36,0.0,0.0,1.0,0.37,0.915,0.74,0.56,0.91,0.92,0.56,0.56,0.47,0.6,0.47,0.61,0.18,0.99,0.055,0.025,-0.033
0.82,0.82,1.0,1.0,0.77,0.77,0.21671299219131468,0.21630173504352568,0.33,0.33,0.38,0.34,0.0,0.0,1.0,0.38,0.895,0.74,0.56,0.89,0.9,0.56,0.56,0.51,0.54,0.51,0.52,0.16,0.71,0.052,0.025,-0.029
0.79,0.79,1.0,1.0,0.79,0.79,0.16199999999999998,0.16199999999999998,0.34,0.34,0.36,0.36,0.0,0.0,1.0,0.4,0.865,0.76,0.56,0.86,0.87,0.56,0.56,0.51,0.53,0.51,0.52,0.13,0.64,0.053,0.027,-0.019
0.81,0.81,1.0,1.0,0.77,0.77,0.16199999999999998,0.16199999999999998,0.4,0.4,0.4,0.32,0.0,0.0,1.0,0.39,0.89,0.75,0.56,0.89,0.89,0.56,0.56,0.47,0.6,0.48,0.59,0.15,0.73,0.044,0.03,-0.006
0.82,0.82,1.0,1.0,0.76,0.76,0.16199999999999998,0.16199999999999998,0.4,0.4,0.4,0.32,0.0,0.0,1.0,0.38,0.895,0.74,0.56,0.89,0.9,0.56,0.56,0.46,0.62,0.47,0.61,0.15,0.78,0.047,0.033,0.005
0.83,0.83,1.0,1.0,0.75,0.75,0.16199999999999998,0.16199999999999998,0.39,0.39,0.11,0.62,0.0,0.0,1.0,0.37,0.9,0.74,0.56,0.9,0.9,0.56,0.56,0.47,0.6,0.48,0.59,0.16,0.68,0.05,0.034,0.019
0.83,0.83,1.0,1.0,0.75,0.75,0.16199999999999998,0.16199999999999998,0.39,0.39,0.11,0.62,0.0,0.0,1.0,0.37,0.905,0.74,0.56,0.9,0.91,0.56,0.56,0.47,0.6,0.48,0.59,0.16,0.63,0.053,0.033,0.037
0.83,0.83,1.0,1.0,0.75,0.75,0.16199999999999998,0.16199999999999998,0.39,0.39,0.13,0.6,0.0,0.0,1.0,0.37,0.905,0.74,0.56,0.9,0.91,0.56,0.56,0.46,0.62,0.47,0.61,0.16,0.61,0.043,0.033,0.06
0.84,0.84,1.0,1.0,0.75,0.75,0.16199999999999998,0.16199999999999998,0.39,0.39,0.12,0.61,0.0,0.0,1.0,0.37,0.905,0.74,0.56,0.9,0.91,0.56,0.56,0.47,0.6,0.48,0.59,0.16,0.61,0.049,0.032,0.078
0.83,0.83,1.0,1.0,0.76,0.76,0.16199999999999998,0.16199999999999998,0.39,0.39,0.12,0.61,0.0,0.0,1.0,0.37,0.905,0.74,0.56,0.9,0.91,0.56,0.56,0.47,0.6,0.48,0.59,0.16,0.61,0.049,0.032,0.08
0.74,0.74,1.0,1.0,0.83,0.83,0.5690582203865051,0.5653269100189209,0.25,0.25,0.33,0.39,0.0,0.0,1.0,0.38,0.875,0.75,0.56,0.87,0.88,0.56,0.56,0.51,0.52,0.52,0.51,0.12,0.54,0.051,0.031,0.078
0.79,0.79,1.0,1.0,0.79,0.79,0.16199999999999998,0.16199999999999998,0.38,0.38,0.04,0.7,0.0,0.0,1.0,0.38,0.885,0.75,0.56,0.88,0.89,0.56,0.56,0.49,0.56,0.5,0.56,0.12,0.51,0.051,0.03,0.075
0.8,0.8,1.0,1.0,0.78,0.78,0.16199999999999998,0.16199999999999998,0.38,0.38,0.02,0.72,0.0,0.0,1.0,0.38,0.89,0.75,0.56,0.89,0.89,0.56,0.56,0.48,0.58,0.49,0.57,0.13,0.53,0.058,0.027,0.066
0.8,0.8,1.0,1.0,0.78,0.78,0.16199999999999998,0.16199999999999998,0.38,0.38,-0.0,0.74,0.0,0.0,1.0,0.37,0.895,0.74,0.56,0.89,0.9,0.56,0.56,0.5,0.54,0.51,0.53,0.14,0.57,0.05,0.026,0.071
0.79,0.79,1.0,1.0,0.79,0.79,0.16199999999999998,0.16199999999999998,0.38,0.38,-0.02,0.76,0.0,0.0,1.0,0.36,0.9,0.73,0.56,0.9,0.9,0.56,0.56,0.51,0.53,0.51,0.53,0.14,0.66,0.041,0.025,0.068
0.78,0.78,1.0,1.0,0.8,0.8,0.16199999999999998,0.16199999999999998,0.38,0.38,-0.02,0.76,0.0,0.0,1.0,0.36,0.9,0.73,0.56,0.9,0.9,0.56,0.56,0.5,0.54,0.51,0.53,0.13,0.72,0.043,0.023,0.058
0.7,0.7,1.0,1.0,0.86,0.86,0.5408190894126892,0.5404304671287536,0.24,0.24,0.36,0.36,0.0,0.0,1.0,0.39,0.885,0.75,0.55,0.88,0.89,0.55,0.55,0.51,0.53,0.52,0.52,0.12,0.55,0.042,0.019,0.047
0.68,0.68,1.0,1.0,0.87,0.87,0.26065305948257445,0.2596017229557037,0.31,0.31,0.35,0.38,0.0,0.0,1.0,0.41,0.865,0.77,0.54,0.86,0.87,0.54,0.54,0.51,0.52,0.52,0.5,0.11,0.8,0.046,0.016,0.028
0.72,0.72,1.0,1.0,0.85,0.85,0.16199999999999998,0.16199999999999998,0.39,0.39,0.31,0.41,0.0,0.0,1.0,0.41,0.89,0.77,0.55,0.88,0.9,0.55,0.55,0.52,0.52,0.52,0.51,0.12,1.0,0.052,0.012,0.008
0.73,0.73,1.0,1.0,0.84,0.84,0.16199999999999998,0.16199999999999998,0.4,0.4,0.28,0.44,0.0,0.0,1.0,0.41,0.895,0.77,0.56,0.89,0.9,0.56,0.56,0.5,0.54,0.5,0.56,0.14,1.0,0.035,0.003,-0.02
0.73,0.73,1.0,1.0,0.84,0.84,0.16199999999999998,0.16199999999999998,0.39,0.39,0.26,0.46,0.0,0.0,1.0,0.4,0.9,0.77,0.56,0.89,0.91,0.56,0.56,0.51,0.53,0.5,0.56,0.14,1.0,0.052,0.001,-0.043
0.73,0.73,1.0,1.0,0.84,0.84,0.16199999999999998,0.16199999999999998,0.39,0.39,0.25,0.48,0.0,0.0,1.0,0.4,0.9,0.77,0.56,0.89,0.91,0.56,0.56,0.51,0.53,0.49,0.56,0.14,1.0,0.039,-0.0,-0.068
0.7,0.7,1.0,1.0,0.86,0.86,0.16199999999999998,0.16199999999999998,0.39,0.39,0.39,0.33,0.0,0.0,1.0,0.41,0.895,0.77,0.56,0.88,0.91,0.56,0.56,0.52,0.51,0.5,0.56,0.14,1.0,0.031,-0.004,-0.096
0.69,0.69,1.0,1.0,0.87,0.87,0.16199999999999998,0.16199999999999998,0.4,0.4,0.59,0.14,0.0,0.0,1.0,0.4,0.885,0.76,0.56,0.87,0.9,0.56,0.56,0.53,0.48,0.51,0.52,0.13,1.0,0.027,-0.006,-0.11
0.69,0.69,1.0,1.0,0.87,0.87,0.16199999999999998,0.16199999999999998,0.41,0.41,0.57,0.16,0.0,0.0,1.0,0.4,0.895,0.76,0.56,0.88,0.91,0.56,0.56,0.55,0.46,0.53,0.49,0.14,1.0,0.027,-0.008,-0.13
0.69,0.69,1.0,1.0,0.87,0.87,0.16199999999999998,0.16199999999999998,0.4,0.4,0.61,0.13,0.0,0.0,1.0,0.4,0.895,0.76,0.56,0.88,0.91,0.56,0.56,0.55,0.45,0.54,0.48,0.14,1.0,0.022,-0.012,-0.164
0.69,0.69,1.0,1.0,0.87,0.87,0.16199999999999998,0.16199999999999998,0.36,0.36,0.75,-0.01,0.015000000000000013,0.0,1.0,0.39,0.895,0.76,0.56,0.88,0.91,0.56,0.56,0.56,0.44,0.54,0.48,0.15,1.0,0.026,-0.012,-0.199
0.69,0.69,1.0,1.0,0.87,0.87,0.16199999999999998,0.16199999999999998,0.36,0.36,0.76,-0.02,0.02999999999999986,0.0,1.0,0.39,0.895,0.76,0.56,0.88,0.91,0.56,0.56,0.57,0.44,0.54,0.48,0.15,1.0,0.03,-0.012,-0.22
0.68,0.68,1.0,1.0,0.88,0.88,0.16199999999999998,0.16199999999999998,0.38,0.38,0.63,0.11,0.02999999999999986,0.0,1.0,0.39,0.895,0.76,0.56,0.88,0.91,0.56,0.56,0.57,0.44,0.54,0.48,0.15,1.0,0.023,-0.012,-0.226
0.68,0.68,1.0,1.0,0.88,0.88,0.16199999999999998,0.16199999999999998,0.38,0.38,0.65,0.09,0.02999999999999986,0.0,1.0,0.39,0.885,0.76,0.56,0.87,0.9,0.56,0.56,0.57,0.44,0.54,0.48,0.15,1.0,0.023,-0.01,-0.225
0.68,0.68,1.0,1.0,0.87,0.87,0.16199999999999998,0.16199999999999998,0.38,0.38,0.64,0.1,0.02999999999999986,0.0,1.0,0.4,0.88,0.76,0.56,0.86,0.9,0.56,0.56,0.57,0.44,0.53,0.48,0.16,1.0,0.019,-0.008,-0.223
0.69,0.69,1.0,1.0,0.87,0.87,0.16199999999999998,0.16199999999999998,0.36,0.36,0.67,0.07,0.015000000000000013,0.0,1.0,0.39,0.88,0.76,0.56,0.86,0.9,0.56,0.56,0.56,0.44,0.53,0.49,0.16,1.0,0.025,-0.007,-0.216
0.68,0.68,1.0,1.0,0.88,0.88,0.30094404101371763,0.2945473599433899,0.3,0.3,0.4,0.32,0.0749999999999999,0.0749999999999999,1.0,0.39,0.85,0.76,0.56,0.83,0.87,0.56,0.56,0.6,0.43,0.6,0.43,0.16,1.0,0.025,-0.006,-0.21
0.64,0.64,1.0,1.0,0.91,0.91,0.19206580102443693,0.18846267044544218,0.35,0.35,0.27,0.45,0.0,0.02999999999999986,1.0,0.39,0.855,0.76,0.55,0.84,0.87,0.55,0.55,0.55,0.45,0.57,0.44,0.16,1.0,0.034,-0.003,-0.189
0.66,0.66,1.0,1.0,0.9,0.9,0.16199999999999998,0.16199999999999998,0.39,0.39,0.31,0.41,0.0,0.0,1.0,0.39,0.865,0.75,0.56,0.85,0.88,0.56,0.56,0.51,0.53,0.51,0.52,0.16,1.0,0.038,-0.001,-0.156
0.67,0.67,1.0,1.0,0.89,0.89,0.16199999999999998,0.16199999999999998,0.39,0.39,0.33,0.4,0.0,0.0,1.0,0.38,0.87,0.75,0.56,0.86,0.88,0.56,0.56,0.5,0.54,0.51,0.53,0.17,1.0,0.047,0.005,-0.102
0.66,0.66,1.0,1.0,0.89,0.89,0.16199999999999998,0.16199999999999998,0.4,0.4,0.34,0.39,0.0,0.0,1.0,0.38,0.87,0.75,0.56,0.86,0.88,0.56,0.56,0.5,0.54,0.5,0.54,0.17,1.0,0.062,0.009,-0.055
0.67,0.67,1.0,1.0,0.89,0.89,0.16199999999999998,0.16199999999999998,0.4,0.4,0.35,0.37,0.0,0.0,1.0,0.38,0.87,0.75,0.56,0.86,0.88,0.56,0.56,0.5,0.56,0.5,0.55,0.17,1.0,0.064,0.016,-0.043
0.67,0.67,1.0,1.0,0.89,0.89,0.16199999999999998,0.16199999999999998,0.4,0.4,0.38,0.34,0.0,0.0,1.0,0.37,0.87,0.74,0.56,0.86,0.88,0.56,0.56,0.48,0.59,0.48,0.59,0.17,1.0,0.068,0.02,-0.034
0.68,0.68,1.0,1.0,0.88,0.88,0.16199999999999998,0.16199999999999998,0.4,0.4,0.4,0.32,0.0,0.0,1.0,0.37,0.87,0.74,0.56,0.86,0.88,0.56,0.56,0.47,0.6,0.48,0.59,0.17,1.0,0.062,0.024,-0.026
0.68,0.68,1.0,1.0,0.88,0.88,0.16199999999999998,0.16199999999999998,0.4,0.4,0.4,0.32,0.0,0.0,1.0,0.37,0.865,0.74,0.56,0.86,0.87,0.56,0.56,0.47,0.61,0.47,0.6,0.17,0.97,0.063,0.029,-0.002
0.68,0.68,1.0,1.0,0.88,0.88,0.16199999999999998,0.16199999999999998,0.39,0.39,0.41,0.31,0.0,0.0,1.0,0.37,0.865,0.74,0.56,0.86,0.87,0.56,0.56,0.47,0.61,0.47,0.61,0.17,0.94,0.059,0.032,0.009
0.64,0.64,1.0,1.0,0.91,0.91,0.8801820683479309,0.8797287154197693,0.27,0.27,0.41,0.32,0.0,0.0,1.0,0.37,0.81,0.74,0.56,0.8,0.82,0.56,0.56,0.54,0.48,0.54,0.46,0.13,0.66,0.064,0.032,0.012
0.63,0.63,1.0,1.0,0.92,0.92,0.16199999999999998,0.16199999999999998,0.36,0.36,0.45,0.28,0.0,0.0,1.0,0.37,0.845,0.74,0.56,0.84,0.85,0.56,0.56,0.49,0.58,0.49,0.56,0.13,0.55,0.066,0.03,0.019
0.65,0.65,1.0,1.0,0.9,0.9,0.16199999999999998,0.16199999999999998,0.38,0.38,0.48,0.24,0.0,0.0,1.0,0.37,0.85,0.74,0.56,0.85,0.85,0.56,0.56,0.45,0.64,0.46,0.63,0.15,0.52,0.066,0.032,0.038
0.65,0.65,1.0,1.0,0.9,0.9,0.16199999999999998,0.16199999999999998,0.38,0.38,0.51,0.21,0.0,0.0,1.0,0.37,0.85,0.74,0.56,0.85,0.85,0.56,0.56,0.48,0.59,0.48,0.58,0.16,0.43,0.078,0.03,0.056
0.68,0.68,1.0,1.0,0.88,0.88,0.16199999999999998,0.16199999999999998,0.38,0.38,0.16,0.57,0.0,0.0,1.0,0.37,0.85,0.74,0.56,0.85,0.85,0.56,0.56,0.5,0.54,0.51,0.54,0.17,0.38,0.075,0.029,0.081
0.7,0.7,1.0,1.0,0.86,0.86,0.16199999999999998,0.16199999999999998,0.38,0.38,0.15,0.58,0.0,0.0,1.0,0.36,0.85,0.74,0.56,0.85,0.85,0.56,0.56,0.51,0.53,0.51,0.53,0.17,0.31,0.074,0.029,0.106
0.7,0.7,1.0,1.0,0.86,0.86,0.16199999999999998,0.16199999999999998,0.37,0.37,0.05,0.69,0.0,0.0,1.0,0.36,0.85,0.73,0.56,0.85,0.85,0.56,0.56,0.51,0.53,0.51,0.53,0.17,0.28,0.061,0.027,0.123
0.7,0.7,1.0,1.0,0.86,0.86,0.16199999999999998,0.16199999999999998,0.37,0.37,0.05,0.69,0.0,0.0,1.0,0.36,0.85,0.73,0.56,0.85,0.85,0.56,0.56,0.51,0.53,0.51,0.53,0.17,0.26,0.061,0.027,0.126
0.7,0.7,1.0,1.0,0.86,0.86,0.16199999999999998,0.16199999999999998,0.37,0.37,0.05,0.69,0.0,0.0,1.0,0.36,0.85,0.73,0.56,0.85,0.85,0.56,0.56,0.5,0.54,0.5,0.54,0.17,0.25,0.059,0.026,0.127
0.7,0.7,1.0,1.0,0.86,0.86,0.16199999999999998,0.16199999999999998,0.37,0.37,0.04,0.7,0.0,0.0,1.0,0.36,0.845,0.73,0.56,0.84,0.85,0.56,0.56,0.51,0.53,0.51,0.53,0.17,0.24,0.056,0.023,0.134
0.69,0.69,1.0,1.0,0.87,0.87,0.16199999999999998,0.16199999999999998,0.37,0.37,0.04,0.69,0.0,0.0,1.0,0.36,0.85,0.73,0.56,0.85,0.85,0.56,0.56,0.51,0.53,0.51,0.53,0.16,0.24,0.058,0.023,0.13
0.64,0.64,1.0,1.0,0.91,0.91,0.6069140839576721,0.6065100240707397,0.25,0.25,0.38,0.35,0.0,0.0,1.0,0.38,0.815,0.75,0.56,0.81,0.82,0.56,0.56,0.51,0.54,0.5,0.54,0.13,0.24,0.056,0.022,0.131
0.66,0.66,1.0,1.0,0.9,0.9,0.16199999999999998,0.16199999999999998,0.42,0.42,0.23,0.49,0.0,0.0,1.0,0.37,0.86,0.74,0.56,0.86,0.86,0.56,0.56,0.5,0.56,0.49,0.56,0.14,0.25,0.058,0.021,0.126
0.69,0.69,1.0,1.0,0.87,0.87,0.16199999999999998,0.16199999999999998,0.42,0.42,0.22,0.5,0.0,0.0,1.0,0.37,0.86,0.74,0.56,0.86,0.86,0.56,0.56,0.49,0.57,0.49,0.56,0.15,0.34,0.061,0.019,0.121
0.69,0.69,1.0,1.0,0.87,0.87,0.16199999999999998,0.16199999999999998,0.42,0.42,0.23,0.49,0.0,0.0,1.0,0.37,0.87,0.74,0.56,0.87,0.87,0.56,0.56,0.49,0.57,0.49,0.57,0.16,0.46,0.068,0.015,0.112
0.67,0.67,1.0,1.0,0.89,0.89,0.16199999999999998,0.16199999999999998,0.45,0.45,0.31,0.41,0.0,0.0,1.0,0.36,0.88,0.74,0.56,0.88,0.88,0.56,0.56,0.47,0.61,0.47,0.6,0.17,0.52,0.065,0.009,0.11
0.67,0.67,1.0,1.0,0.89,0.89,0.16199999999999998,0.16199999999999998,0.45,0.45,0.32,0.41,0.0,0.0,1.0,0.36,0.885,0.74,0.56,0.88,0.89,0.56,0.56,0.46,0.62,0.47,0.61,0.17,0.6,0.068,0.005,0.114
0.66,0.66,1.0,1.0,0.89,0.89,0.16199999999999998,0.16199999999999998,0.45,0.45,0.32,0.4,0.0,0.0,1.0,0.36,0.885,0.74,0.56,0.88,0.89,0.56,0.56,0.45,0.63,0.46,0.63,0.17,0.61,0.065,0.002,0.114
0.66,0.66,1.0,1.0,0.89,0.89,0.16199999999999998,0.16199999999999998,0.45,0.45,0.32,0.4,0.0,0.0,1.0,0.36,0.885,0.73,0.56,0.88,0.89,0.56,0.56,0.45,0.64,0.46,0.63,0.17,0.62,0.063,0.0,0.117
0.66,0.66,1.0,1.0,0.89,0.89,0.16199999999999998,0.16199999999999998,0.44,0.44,0.32,0.41,0.0,0.0,1.0,0.36,0.875,0.73,0.56,0.87,0.88,0.56,0.56,0.47,0.61,0.47,0.6,0.17,0.63,0.066,-0.001,0.115
0.68,0.68,1.0,1.0,0.88,0.88,0.16199999999999998,0.16199999999999998,0.4,0.4,0.32,0.41,0.0,0.0,1.0,0.36,0.855,0.73,0.56,0.85,0.86,0.56,0.56,0.47,0.6,0.48,0.58,0.15,0.67,0.064,-0.002,0.115
0.7,0.7,1.0,1.0,0.86,0.86,0.16199999999999998,0.16199999999999998,0.37,0.37,0.32,0.41,0.0,0.0,1.0,0.35,0.855,0.73,0.56,0.85,0.86,0.56,0.56,0.48,0.58,0.49,0.56,0.16,0.76,0.093,-0.003,0.114
0.7,0.7,1.0,1.0,0.86,0.86,0.16199999999999998,0.16199999999999998,0.36,0.36,0.31,0.41,0.0,0.0,1.0,0.34,0.855,0.72,0.56,0.85,0.86,0.56,0.56,0.49,0.57,0.49,0.56,0.17,0.83,0.129,-0.008,0.115
0.7,0.7,1.0,1.0,0.86,0.86,0.16199999999999998,0.16199999999999998,0.35,0.35,0.31,0.41,0.0,0.0,1.0,0.34,0.855,0.71,0.56,0.85,0.86,0.56,0.56,0.49,0.57,0.5,0.55,0.17,0.85,0.163,-0.014,0.118
0.67,0.67,1.0,1.0,0.88,0.88,0.2392501938343048,0.23883635878562925,0.29,0.29,0.34,0.39,0.0,0.0,1.0,0.33,0.845,0.71,0.56,0.84,0.85,0.56,0.56,0.54,0.46,0.54,0.46,0.17,0.6,0.181,-0.017,0.113
0.64,0.64,1.0,1.0,0.91,0.91,0.6002464699745178,0.5996866631507873,0.16,0.16,0.44,0.29,0.05999999999999989,0.0749999999999999,1.0,0.35,0.785,0.73,0.56,0.77,0.8,0.56,0.56,0.59,0.43,0.6,0.43,0.16,0.56,0.19,-0.017,0.113
0.65,0.65,1.0,1.0,0.9,0.9,0.16199999999999998,0.16199999999999998,0.29,0.29,0.4,0.32,0.0,0.0,1.0,0.33,0.83,0.71,0.56,0.82,0.84,0.56,0.56,0.55,0.45,0.54,0.47,0.17,0.81,0.192,-0.014,0.096
0.66,0.66,1.0,1.0,0.89,0.89,0.16199999999999998,0.16199999999999998,0.3,0.3,0.37,0.35,0.0,0.0,1.0,0.33,0.83,0.71,0.56,0.82,0.84,0.56,0.56,0.54,0.47,0.53,0.48,0.17,0.84,0.198,-0.017,0.07
0.63,0.63,1.0,1.0,0.92,0.92,0.6189302015304565,0.6169097232818603,0.18,0.18,0.35,0.38,0.08999999999999991,0.11999999999999994,1.0,0.35,0.785,0.72,0.56,0.77,0.8,0.56,0.56,0.61,0.43,0.63,0.42,0.16,0.87,0.183,-0.02,0.029
0.64,0.64,1.0,1.0,0.91,0.91,0.16199999999999998,0.16199999999999998,0.32,0.32,0.32,0.41,0.0,0.0,1.0,0.35,0.83,0.72,0.56,0.82,0.84,0.56,0.56,0.55,0.45,0.55,0.45,0.17,0.88,0.17,-0.024,0.001
0.64,0.64,1.0,1.0,0.91,0.91,0.16199999999999998,0.16199999999999998,0.37,0.37,0.3,0.43,0.0,0.0,1.0,0.34,0.85,0.72,0.56,0.84,0.86,0.56,0.56,0.52,0.5,0.53,0.49,0.21,1.0,0.171,-0.029,-0.018
0.65,0.65,1.0,1.0,0.91,0.91,0.16199999999999998,0.16199999999999998,0.38,0.38,0.28,0.44,0.0,0.0,1.0,0.34,0.855,0.71,0.56,0.84,0.87,0.56,0.56,0.5,0.55,0.5,0.54,0.21,1.0,0.15,-0.035,-0.043
0.66,0.66,1.0,1.0,0.89,0.89,0.16199999999999998,0.16199999999999998,0.38,0.38,0.26,0.46,0.0,0.0,1.0,0.34,0.875,0.72,0.56,0.86,0.89,0.56,0.56,0.5,0.54,0.5,0.54,0.21,1.0,0.128,-0.043,-0.056
0.65,0.65,1.0,1.0,0.91,0.91,0.16199999999999998,0.16199999999999998,0.37,0.37,0.47,0.26,0.0,0.0,1.0,0.34,0.87,0.72,0.56,0.85,0.89,0.56,0.56,0.55,0.46,0.54,0.47,0.2,1.0,0.109,-0.049,-0.071
0.64,0.64,1.0,1.0,0.91,0.91,0.16199999999999998,0.16199999999999998,0.37,0.37,0.7,0.04,0.04499999999999987,0.0,1.0,0.35,0.86,0.72,0.56,0.84,0.88,0.56,0.56,0.58,0.44,0.55,0.45,0.18,0.99,0.102,-0.053,-0.092
0.63,0.63,1.0,1.0,0.92,0.92,0.16199999999999998,0.16199999999999998,0.38,0.38,0.69,0.04,0.015000000000000013,0.0,1.0,0.35,0.86,0.73,0.56,0.84,0.88,0.56,0.56,0.56,0.44,0.54,0.46,0.17,0.95,0.094,-0.057,-0.115
0.62,0.62,1.0,1.0,0.93,0.93,0.16199999999999998,0.16199999999999998,0.35,0.35,0.77,-0.03,0.015000000000000013,0.0,1.0,0.36,0.855,0.73,0.56,0.84,0.87,0.56,0.56,0.56,0.44,0.54,0.47,0.16,0.96,0.075,-0.06,-0.145
0.62,0.62,1.0,1.0,0.93,0.93,0.16199999999999998,0.16199999999999998,0.36,0.36,0.77,-0.03,0.02999999999999986,0.0,1.0,0.36,0.855,0.73,0.56,0.84,0.87,0.56,0.56,0.57,0.44,0.54,0.46,0.15,0.95,0.069,-0.06,-0.154
0.62,0.62,1.0,1.0,0.93,0.93,0.16199999999999998,0.16199999999999998,0.36,0.36,0.78,-0.03,0.015000000000000013,0.0,1.0,0.36,0.855,0.73,0.56,0.84,0.87,0.56,0.56,0.56,0.45,0.53,0.48,0.15,0.96,0.064,-0.059,-0.159
0.62,0.62,1.0,1.0,0.93,0.93,0.16199999999999998,0.16199999999999998,0.35,0.35,0.8,-0.05,0.02999999999999986,0.0,1.0,0.37,0.855,0.74,0.56,0.84,0.87,0.56,0.56,0.57,0.44,0.54,0.47,0.15,0.95,0.062,-0.06,-0.159
0.62,0.62,1.0,1.0,0.93,0.93,0.16199999999999998,0.16199999999999998,0.4,0.4,0.69,0.05,0.0,0.0,1.0,0.37,0.855,0.74,0.56,0.84,0.87,0.56,0.56,0.55,0.45,0.53,0.48,0.15,1.0,0.053,-0.058,-0.16
0.61,0.61,1.0,1.0,0.93,0.93,0.16199999999999998,0.16199999999999998,0.53,0.53,0.46,0.27,0.0,0.0,1.0,0.43,0.885,0.79,0.53,0.87,0.9,0.53,0.53,0.52,0.5,0.52,0.51,0.17,1.0,0.057,-0.056,-0.158
0.62,0.62,1.0,1.0,0.93,0.93,0.16199999999999998,0.16199999999999998,0.56,0.56,0.53,0.2,0.0,0.0,1.0,0.42,0.895,0.78,0.56,0.88,0.91,0.56,0.56,0.48,0.58,0.47,0.6,0.18,1.0,0.043,-0.051,-0.155
0.61,0.61,1.0,1.0,0.93,0.93,0.16199999999999998,0.16199999999999998,0.56,0.56,0.58,0.15,0.0,0.0,1.0,0.41,0.9,0.77,0.56,0.89,0.91,0.56,0.56,0.48,0.59,0.47,0.61,0.18,1.0,0.022,-0.044,-0.147
0.61,0.61,1.0,1.0,0.93,0.93,0.16199999999999998,0.16199999999999998,0.56,0.56,0.61,0.12,0.0,0.0,1.0,0.41,0.895,0.77,0.56,0.88,0.91,0.56,0.56,0.47,0.61,0.46,0.63,0.17,1.0,0.029,-0.033,-0.115
0.61,0.61,1.0,1.0,0.93,0.93,0.16199999999999998,0.16199999999999998,0.55,0.55,0.63,0.11,0.0,0.0,1.0,0.41,0.89,0.77,0.56,0.88,0.9,0.56,0.56,0.45,0.64,0.44,0.66,0.17,0.9,0.023,-0.015,-0.085
0.61,0.61,1.0,1.0,0.93,0.93,0.16199999999999998,0.16199999999999998,0.54,0.54,0.65,0.09,0.0,0.0,1.0,0.41,0.885,0.77,0.56,0.88,0.89,0.56,0.56,0.46,0.63,0.44,0.66,0.18,0.78,0.034,-0.006,-0.069
0.61,0.61,1.0,1.0,0.93,0.93,0.16199999999999998,0.16199999999999998,0.54,0.54,0.66,0.07,0.0,0.0,1.0,0.41,0.88,0.77,0.56,0.87,0.89,0.56,0.56,0.45,0.65,0.43,0.67,0.18,0.69,0.037,0.005,-0.052
0.71,0.71,1.0,1.0,0.85,0.85,0.16199999999999998,0.16199999999999998,0.53,0.53,0.58,0.15,0.0,0.0,1.0,0.4,0.885,0.77,0.56,0.88,0.89,0.56,0.56,0.42,0.7,0.42,0.71,0.2,0.73,0.037,0.012,-0.042
0.8,0.8,1.0,1.0,0.78,0.78,0.16199999999999998,0.16199999999999998,0.53,0.53,0.59,0.14,0.0,0.0,1.0,0.4,0.905,0.76,0.56,0.9,0.91,0.56,0.56,0.41,0.73,0.4,0.73,0.22,0.74,0.038,0.016,-0.031
0.83,0.83,1.0,1.0,0.76,0.76,0.16199999999999998,0.16199999999999998,0.53,0.53,0.6,0.13,0.0,0.0,1.0,0.4,0.905,0.76,0.56,0.9,0.91,0.56,0.56,0.4,0.73,0.4,0.75,0.22,0.74,0.033,0.02,-0.02
0.88,0.88,1.0,1.0,0.72,0.72,0.16199999999999998,0.16199999999999998,0.57,0.57,0.68,0.05,0.0,0.0,1.0,0.4,0.915,0.76,0.56,0.91,0.92,0.56,0.56,0.4,0.74,0.39,0.75,0.21,0.83,0.029,0.025,-0.013
0.92,0.92,1.0,1.0,0.68,0.68,0.16199999999999998,0.16199999999999998,0.56,0.56,0.69,0.05,0.0,0.0,1.0,0.42,0.925,0.78,0.56,0.92,0.93,0.56,0.56,0.4,0.75,0.39,0.77,0.2,0.91,0.034,0.025,-0.013
0.92,0.92,1.0,1.0,0.68,0.68,0.16199999999999998,0.16199999999999998,0.57,0.57,0.69,0.05,0.0,0.0,1.0,0.42,0.925,0.78,0.56,0.92,0.93,0.56,0.56,0.39,0.76,0.38,0.78,0.2,0.92,0.043,0.026,-0.017
0.92,0.92,1.0,1.0,0.68,0.68,0.16199999999999998,0.16199999999999998,0.53,0.53,0.68,0.06,0.0,0.0,1.0,0.43,0.925,0.78,0.56,0.92,0.93,0.56,0.56,0.39,0.76,0.38,0.78,0.2,0.88,0.043,0.026,-0.017
0.92,0.92,1.0,1.0,0.68,0.68,0.50169269323349,0.46131316900253294,0.28,0.28,0.41,0.32,0.0,0.0,1.0,0.46,0.895,0.81,0.56,0.89,0.9,0.56,0.56,0.45,0.65,0.44,0.67,0.2,0.61,0.039,0.025,-0.017
0.92,0.92,1.0,1.0,0.68,0.68,0.16199999999999998,0.16199999999999998,0.38,0.38,0.42,0.3,0.0,0.0,1.0,0.42,0.905,0.78,0.56,0.9,0.91,0.56,0.56,0.42,0.69,0.42,0.7,0.2,0.53,0.034,0.029,-0.013
0.92,0.92,1.0,1.0,0.68,0.68,0.16199999999999998,0.16199999999999998,0.4,0.4,0.43,0.29,0.0,0.0,1.0,0.4,0.92,0.76,0.56,0.92,0.92,0.56,0.56,0.41,0.72,0.41,0.73,0.2,0.54,0.045,0.034,0.001
0.92,0.92,1.0,1.0,0.68,0.68,0.16199999999999998,0.16199999999999998,0.39,0.39,0.43,0.29,0.0,0.0,1.0,0.39,0.92,0.76,0.56,0.92,0.92,0.56,0.56,0.42,0.71,0.41,0.71,0.2,0.55,0.055,0.035,0.014
0.92,0.92,1.0,1.0,0.68,0.68,0.16199999999999998,0.16199999999999998,0.33,0.33,0.41,0.31,0.0,0.0,1.0,0.42,0.89,0.78,0.56,0.89,0.89,0.56,0.56,0.45,0.63,0.45,0.64,0.19,0.36,0.05,0.035,0.015
0.92,0.92,1.0,1.0,0.68,0.68,0.16199999999999998,0.16199999999999998,0.37,0.37,0.42,0.3,0.0,0.0,1.0,0.41,0.9,0.77,0.56,0.9,0.9,0.56,0.56,0.43,0.68,0.43,0.68,0.19,0.46,0.056,0.037,0.017
0.92,0.92,1.0,1.0,0.68,0.68,0.16199999999999998,0.16199999999999998,0.38,0.38,0.42,0.3,0.0,0.0,1.0,0.4,0.91,0.76,0.56,0.91,0.91,0.56,0.56,0.42,0.71,0.42,0.7,0.19,0.5,0.053,0.035,0.017
0.92,0.92,1.0,1.0,0.68,0.68,0.16199999999999998,0.16199999999999998,0.33,0.33,0.37,0.35,0.0,0.0,1.0,0.4,0.905,0.77,0.56,0.9,0.91,0.56,0.56,0.46,0.62,0.46,0.62,0.19,0.39,0.052,0.035,0.016
0.91,0.91,1.0,1.0,0.69,0.69,0.16199999999999998,0.16199999999999998,0.34,0.34,0.14,0.6,0.0,0.0,1.0,0.43,0.875,0.78,0.56,0.87,0.88,0.56,0.56,0.48,0.58,0.49,0.57,0.18,0.38,0.05,0.036,0.015
0.92,0.92,1.0,1.0,0.68,0.68,0.16199999999999998,0.16199999999999998,0.39,0.39,0.11,0.62,0.0,0.0,1.0,0.39,0.9,0.75,0.56,0.9,0.9,0.56,0.56,0.46,0.63,0.46,0.62,0.18,0.32,0.051,0.037,0.018
0.92,0.92,1.0,1.0,0.68,0.68,0.16199999999999998,0.16199999999999998,0.39,0.39,0.11,0.62,0.0,0.0,1.0,0.38,0.91,0.75,0.56,0.91,0.91,0.56,0.56,0.44,0.66,0.44,0.66,0.19,0.39,0.048,0.039,0.024
0.85,0.85,1.0,1.0,0.74,0.74,0.6706741857528686,0.6708630132675171,0.23,0.23,0.35,0.38,0.0,0.0,1.0,0.41,0.895,0.77,0.56,0.89,0.9,0.56,0.56,0.51,0.52,0.52,0.5,0.16,0.33,0.045,0.04,0.041
0.81,0.81,1.0,1.0,0.77,0.77,0.16199999999999998,0.16199999999999998,0.38,0.38,0.12,0.62,0.0,0.0,1.0,0.41,0.89,0.77,0.56,0.89,0.89,0.56,0.56,0.5,0.55,0.5,0.54,0.14,0.26,0.048,0.04,0.065
0.79,0.79,1.0,1.0,0.79,0.79,0.16199999999999998,0.16199999999999998,0.4,0.4,0.11,0.62,0.0,0.0,1.0,0.39,0.9,0.76,0.56,0.9,0.9,0.56,0.56,0.5,0.55,0.5,0.54,0.14,0.26,0.064,0.039,0.079
0.59,0.59,1.0,1.0,0.95,0.95,0.6497068810462951,0.6496829199790954,0.21,0.21,0.45,0.28,0.0749999999999999,0.08999999999999991,1.0,0.37,0.855,0.74,0.56,0.85,0.86,0.56,0.56,0.6,0.43,0.61,0.42,0.12,0.26,0.069,0.039,0.085
0.58,0.58,1.0,1.0,0.96,0.96,0.16199999999999998,0.16199999999999998,0.36,0.36,0.46,0.26,0.10499999999999993,0.11999999999999994,1.0,0.35,0.85,0.72,0.56,0.85,0.85,0.56,0.56,0.62,0.42,0.63,0.42,0.1,0.28,0.067,0.042,0.084
0.57,0.57,1.0,1.0,0.97,0.97,0.16199999999999998,0.16199999999999998,0.38,0.38,0.45,0.27,0.13499999999999995,0.11999999999999994,1.0,0.34,0.87,0.72,0.55,0.87,0.87,0.55,0.55,0.64,0.41,0.63,0.42,0.1,0.3,0.087,0.038,0.079
0.57,0.57,1.0,1.0,0.97,0.97,0.8074122476577759,0.8027948546409607,0.2,0.2,0.41,0.32,0.22499999999999987,0.23999999999999988,1.0,0.32,0.9,0.7,0.41,0.9,0.9,0.41,0.41,0.7,0.38,0.71,0.38,0.09,0.35,0.092,0.037,0.063
0.56,0.56,1.0,1.0,0.98,0.98,0.16199999999999998,0.16199999999999998,0.36,0.36,0.37,0.36,0.22499999999999987,0.20999999999999985,1.0,0.27,0.96,0.67,0.32,0.96,0.96,0.32,0.32,0.7,0.38,0.69,0.39,0.05,0.37,0.08,0.033,0.045
0.45,0.45,0.82,0.82,1.0,1.0,0.16199999999999998,0.16199999999999998,0.4,0.4,0.32,0.4,0.22499999999999987,0.18,1.0,0.25,0.97,0.65,0.28,0.97,0.97,0.28,0.28,0.7,0.38,0.67,0.4,0.04,0.46,0.059,0.026,0.029
0.46,0.46,0.83,0.83,1.0,1.0,0.16199999999999998,0.16199999999999998,0.45,0.45,0.27,0.45,0.22499999999999987,0.16499999999999998,1.0,0.24,0.98,0.64,0.27,0.98,0.98,0.27,0.27,0.7,0.39,0.66,0.4,0.03,0.49,0.063,0.011,-0.021
0.46,0.46,0.83,0.83,1.0,1.0,0.16199999999999998,0.16199999999999998,0.46,0.46,0.24,0.48,0.2699999999999999,0.16499999999999998,1.0,0.23,0.98,0.64,0.27,0.98,0.98,0.27,0.27,0.73,0.37,0.66,0.4,0.03,0.53,0.054,-0.005,-0.064
0.46,0.46,0.84,0.84,1.0,1.0,0.16199999999999998,0.16199999999999998,0.47,0.47,0.21,0.51,0.2849999999999999,0.14999999999999997,1.0,0.23,0.99,0.63,0.27,0.99,0.99,0.27,0.27,0.74,0.37,0.65,0.4,0.03,0.58,0.032,-0.017,-0.098
0.45,0.45,0.81,0.81,1.0,1.0,0.7908901977539062,0.7650754261016846,0.3,0.3,0.24,0.48,0.2699999999999999,0.16499999999999998,1.0,0.23,0.98,0.64,0.3,0.98,0.98,0.3,0.3,0.73,0.37,0.66,0.4,0.04,0.6,0.017,-0.029,-0.126
0.56,0.56,1.0,1.0,0.98,0.98,0.16199999999999998,0.16199999999999998,0.36,0.36,0.72,0.02,0.2549999999999999,0.16499999999999998,1.0,0.23,0.975,0.64,0.29,0.97,0.98,0.29,0.29,0.72,0.37,0.66,0.4,0.04,0.61,0.005,-0.038,-0.153
0.44,0.44,0.8,0.8,1.0,1.0,0.16199999999999998,0.16199999999999998,0.39,0.39,0.73,0.01,0.2549999999999999,0.14999999999999997,1.0,0.23,0.98,0.64,0.28,0.98,0.98,0.28,0.28,0.72,0.38,0.65,0.4,0.04,0.62,-0.0,-0.046,-0.188
0.45,0.45,0.82,0.82,1.0,1.0,0.16199999999999998,0.16199999999999998,0.4,0.4,0.74,-0.0,0.23999999999999988,0.14999999999999997,1.0,0.23,0.98,0.64,0.29,0.98,0.98,0.29,0.29,0.71,0.38,0.65,0.41,0.04,0.63,0.007,-0.049,-0.222
0.46,0.46,0.83,0.83,1.0,1.0,0.16199999999999998,0.16199999999999998,0.41,0.41,0.75,-0.01,0.23999999999999988,0.14999999999999997,1.0,0.28,0.955,0.67,0.39,0.95,0.96,0.39,0.39,0.71,0.38,0.65,0.41,0.06,0.63,0.001,-0.052,-0.254
0.58,0.58,1.0,1.0,0.96,0.96,0.18075726509094237,0.16199999999999998,0.38,0.38,0.15,0.58,0.18,0.14999999999999997,1.0,0.32,0.91,0.7,0.48,0.9,0.92,0.48,0.48,0.67,0.4,0.65,0.41,0.11,0.81,-0.002,-0.053,-0.262
0.77,0.77,1.0,1.0,0.8,0.8,0.16199999999999998,0.16199999999999998,0.41,0.41,0.2,0.52,0.16499999999999998,0.08999999999999991,1.0,0.37,0.92,0.74,0.53,0.91,0.93,0.53,0.53,0.66,0.4,0.61,0.42,0.16,1.0,-0.01,-0.048,-0.244
0.78,0.78,1.0,1.0,0.8,0.8,0.16199999999999998,0.16199999999999998,0.39,0.39,0.25,0.47,0.13499999999999995,0.0749999999999999,1.0,0.38,0.925,0.75,0.54,0.92,0.93,0.54,0.54,0.64,0.41,0.6,0.43,0.17,1.0,-0.034,-0.041,-0.216
0.79,0.79,1.0,1.0,0.79,0.79,0.16199999999999998,0.16199999999999998,0.39,0.39,0.28,0.44,0.05999999999999989,0.015000000000000013,1.0,0.38,0.92,0.74,0.56,0.91,0.93,0.56,0.56,0.59,0.43,0.56,0.45,0.2,1.0,-0.004,-0.03,-0.149
0.79,0.79,1.0,1.0,0.79,0.79,0.16199999999999998,0.16199999999999998,0.38,0.38,0.31,0.41,0.015000000000000013,0.0,1.0,0.37,0.92,0.74,0.56,0.91,0.93,0.56,0.56,0.56,0.45,0.53,0.48,0.19,1.0,0.034,-0.021,-0.1
0.81,0.81,1.0,1.0,0.78,0.78,0.16199999999999998,0.16199999999999998,0.38,0.38,0.33,0.39,0.0,0.0,1.0,0.37,0.92,0.74,0.56,0.91,0.93,0.56,0.56,0.54,0.46,0.52,0.5,0.19,1.0,0.038,-0.014,-0.078
0.8,0.8,1.0,1.0,0.78,0.78,0.16199999999999998,0.16199999999999998,0.39,0.39,0.36,0.36,0.0,0.0,1.0,0.36,0.915,0.74,0.56,0.91,0.92,0.56,0.56,0.54,0.47,0.53,0.49,0.19,1.0,0.047,-0.004,-0.049
0.81,0.81,1.0,1.0,0.77,0.77,0.16199999999999998,0.16199999999999998,0.39,0.39,0.38,0.34,0.0,0.0,1.0,0.36,0.915,0.73,0.56,0.91,0.92,0.56,0.56,0.52,0.5,0.52,0.52,0.19,1.0,0.04,0.005,-0.027
0.81,0.81,1.0,1.0,0.77,0.77,0.16199999999999998,0.16199999999999998,0.39,0.39,0.39,0.33,0.0,0.0,1.0,0.36,0.915,0.73,0.56,0.91,0.92,0.56,0.56,0.52,0.5,0.52,0.52,0.18,1.0,0.037,0.01,-0.011
0.81,0.81,1.0,1.0,0.77,0.77,0.16199999999999998,0.16199999999999998,0.39,0.39,0.4,0.32,0.0,0.0,1.0,0.36,0.915,0.73,0.56,0.91,0.92,0.56,0.56,0.51,0.53,0.51,0.53,0.18,1.0,0.038,0.016,-0.001
0.81,0.81,1.0,1.0,0.78,0.78,0.16199999999999998,0.16199999999999998,0.4,0.4,0.41,0.31,0.0,0.0,1.0,0.36,0.915,0.73,0.56,0.91,0.92,0.56,0.56,0.5,0.54,0.5,0.55,0.17,0.95,0.037,0.021,0.005
0.79,0.79,1.0,1.0,0.79,0.79,0.16199999999999998,0.16199999999999998,0.4,0.4,0.43,0.29,0.0,0.0,1.0,0.36,0.915,0.73,0.56,0.91,0.92,0.56,0.56,0.48,0.59,0.48,0.59,0.17,0.95,0.039,0.025,0.01
0.78,0.78,1.0,1.0,0.79,0.79,0.16199999999999998,0.16199999999999998,0.41,0.41,0.44,0.28,0.0,0.0,1.0,0.36,0.91,0.73,0.56,0.91,0.91,0.56,0.56,0.48,0.59,0.48,0.59,0.16,0.9,0.036,0.03,0.022
0.79,0.79,1.0,1.0,0.79,0.79,0.16199999999999998,0.16199999999999998,0.41,0.41,0.31,0.42,0.0,0.0,1.0,0.36,0.905,0.73,0.56,0.9,0.91,0.56,0.56,0.47,0.61,0.47,0.6,0.15,0.82,0.034,0.033,0.031
0.79,0.79,1.0,1.0,0.79,0.79,0.16199999999999998,0.16199999999999998,0.41,0.41,0.31,0.42,0.0,0.0,1.0,0.37,0.9,0.74,0.56,0.9,0.9,0.56,0.56,0.46,0.62,0.47,0.61,0.14,0.8,0.032,0.036,0.033
0.83,0.83,1.0,1.0,0.76,0.76,0.16199999999999998,0.16199999999999998,0.41,0.41,0.21,0.52,0.0,0.0,1.0,0.37,0.9,0.74,0.56,0.9,0.9,0.56,0.56,0.44,0.66,0.45,0.65,0.13,0.77,0.023,0.037,0.034
0.84,0.84,1.0,1.0,0.75,0.75,0.16199999999999998,0.16199999999999998,0.4,0.4,0.16,0.57,0.0,0.0,1.0,0.37,0.9,0.74,0.56,0.9,0.9,0.56,0.56,0.44,0.67,0.44,0.66,0.13,0.76,0.025,0.036,0.036
0.84,0.84,1.0,1.0,0.75,0.75,0.16199999999999998,0.16199999999999998,0.4,0.4,0.17,0.56,0.0,0.0,1.0,0.38,0.905,0.75,0.56,0.9,0.91,0.56,0.56,0.44,0.66,0.45,0.65,0.12,0.54,0.017,0.035,0.047
0.84,0.84,1.0,1.0,0.75,0.75,0.16199999999999998,0.16199999999999998,0.41,0.41,0.15,0.58,0.0,0.0,1.0,0.38,0.9,0.75,0.56,0.9,0.9,0.56,0.56,0.47,0.61,0.47,0.6,0.12,0.48,0.019,0.03,0.089
0.79,0.79,1.0,1.0,0.79,0.79,0.5283942627906799,0.5282046604156494,0.25,0.25,0.46,0.26,0.0,0.0,1.0,0.38,0.865,0.75,0.56,0.86,0.87,0.56,0.56,0.49,0.57,0.5,0.56,0.11,0.36,0.024,0.03,0.101
0.78,0.78,1.0,1.0,0.8,0.8,0.16199999999999998,0.16199999999999998,0.37,0.37,0.46,0.26,0.0,0.0,1.0,0.39,0.88,0.75,0.56,0.88,0.88,0.56,0.56,0.46,0.63,0.47,0.62,0.11,0.44,0.022,0.028,0.094
0.79,0.79,1.0,1.0,0.79,0.79,0.16199999999999998,0.16199999999999998,0.4,0.4,0.45,0.27,0.0,0.0,1.0,0.38,0.885,0.75,0.56,0.88,0.89,0.56,0.56,0.43,0.69,0.43,0.68,0.11,0.7,0.041,0.022,0.087
0.79,0.79,1.0,1.0,0.79,0.79,0.16199999999999998,0.16199999999999998,0.4,0.4,0.44,0.28,0.0,0.0,1.0,0.38,0.89,0.75,0.56,0.89,0.89,0.56,0.56,0.42,0.71,0.43,0.69,0.11,0.86,0.045,0.023,0.07
0.79,0.79,1.0,1.0,0.79,0.79,0.16199999999999998,0.16199999999999998,0.4,0.4,0.42,0.3,0.0,0.0,1.0,0.38,0.89,0.75,0.56,0.89,0.89,0.56,0.56,0.43,0.69,0.43,0.68,0.11,0.91,0.034,0.021,0.052
0.78,0.78,1.0,1.0,0.79,0.79,0.16199999999999998,0.16199999999999998,0.39,0.39,0.41,0.31,0.0,0.0,1.0,0.39,0.885,0.75,0.56,0.88,0.89,0.56,0.56,0.43,0.68,0.44,0.67,0.11,0.95,0.041,0.017,0.036
0.78,0.78,1.0,1.0,0.8,0.8,0.16199999999999998,0.16199999999999998,0.39,0.39,0.38,0.34,0.0,0.0,1.0,0.39,0.875,0.75,0.56,0.87,0.88,0.56,0.56,0.43,0.67,0.44,0.66,0.14,1.0,0.042,0.015,0.024
0.78,0.78,1.0,1.0,0.8,0.8,0.16199999999999998,0.16199999999999998,0.4,0.4,0.36,0.36,0.0,0.0,1.0,0.39,0.86,0.75,0.56,0.85,0.87,0.56,0.56,0.41,0.71,0.42,0.7,0.19,1.0,0.033,0.012,0.002
0.78,0.78,1.0,1.0,0.79,0.79,0.16199999999999998,0.16199999999999998,0.39,0.39,0.33,0.39,0.0,0.0,1.0,0.37,0.85,0.74,0.56,0.84,0.86,0.56,0.56,0.39,0.77,0.39,0.76,0.21,1.0,0.027,0.01,-0.024
0.79,0.79,1.0,1.0,0.79,0.79,0.16199999999999998,0.16199999999999998,0.39,0.39,0.31,0.41,0.0,0.0,1.0,0.36,0.84,0.74,0.56,0.83,0.85,0.56,0.56,0.37,0.8,0.38,0.79,0.22,1.0,0.031,0.009,-0.035
0.78,0.78,1.0,1.0,0.79,0.79,0.16199999999999998,0.16199999999999998,0.39,0.39,0.27,0.45,0.0,0.0,1.0,0.36,0.84,0.74,0.56,0.82,0.86,0.56,0.56,0.41,0.72,0.4,0.74,0.23,1.0,0.026,0.007,-0.054
0.71,0.71,1.0,1.0,0.85,0.85,0.4750003623962402,0.4684662330150604,0.28,0.28,0.29,0.44,0.0,0.0,1.0,0.38,0.8049999999999999,0.74,0.56,0.78,0.83,0.56,0.56,0.49,0.58,0.49,0.57,0.23,1.0,0.031,0.002,-0.081
0.68,0.68,1.0,1.0,0.88,0.88,0.21557731509208677,0.2125252294540405,0.37,0.37,0.59,0.14,0.0,0.0,1.0,0.38,0.815,0.75,0.56,0.79,0.84,0.56,0.56,0.51,0.52,0.51,0.53,0.21,1.0,0.019,-0.011,-0.138
0.73,0.73,1.0,1.0,0.84,0.84,0.16199999999999998,0.16199999999999998,0.44,0.44,0.66,0.08,0.0,0.0,1.0,0.38,0.855,0.75,0.56,0.84,0.87,0.56,0.56,0.49,0.56,0.48,0.59,0.25,1.0,0.02,-0.014,-0.185
0.73,0.73,1.0,1.0,0.84,0.84,0.16199999999999998,0.16199999999999998,0.5,0.5,0.43,0.3,0.0,0.0,1.0,0.4,0.865,0.76,0.56,0.85,0.88,0.56,0.56,0.43,0.68,0.42,0.7,0.26,1.0,0.018,-0.02,-0.22
0.71,0.71,1.0,1.0,0.85,0.85,0.16199999999999998,0.16199999999999998,0.56,0.56,0.31,0.42,0.0,0.0,1.0,0.43,0.895,0.79,0.56,0.88,0.91,0.56,0.56,0.41,0.72,0.4,0.75,0.31,1.0,-0.003,-0.029,-0.257
0.71,0.71,1.0,1.0,0.86,0.86,0.16199999999999998,0.16199999999999998,0.56,0.56,0.29,0.43,0.0,0.0,1.0,0.44,0.9,0.79,0.56,0.89,0.91,0.56,0.56,0.42,0.71,0.41,0.73,0.32,1.0,-0.02,-0.04,-0.286
0.71,0.71,1.0,1.0,0.85,0.85,0.16199999999999998,0.16199999999999998,0.55,0.55,0.26,0.47,0.0,0.0,1.0,0.44,0.9,0.79,0.56,0.89,0.91,0.56,0.56,0.41,0.72,0.4,0.73,0.31,1.0,-0.031,-0.047,-0.311
0.7,0.7,1.0,1.0,0.86,0.86,0.16199999999999998,0.16199999999999998,0.55,0.55,0.26,0.47,0.0,0.0,1.0,0.45,0.9,0.8,0.56,0.89,0.91,0.56,0.56,0.41,0.72,0.41,0.73,0.31,1.0,-0.045,-0.055,-0.334
0.7,0.7,1.0,1.0,0.86,0.86,0.16199999999999998,0.16199999999999998,0.55,0.55,0.25,0.47,0.0,0.0,1.0,0.45,0.91,0.8,0.56,0.9,0.92,0.56,0.56,0.42,0.71,0.41,0.73,0.31,1.0,-0.055,-0.057,-0.346
0.7,0.7,1.0,1.0,0.86,0.86,0.16199999999999998,0.16199999999999998,0.57,0.57,0.22,0.5,0.0,0.0,1.0,0.45,0.91,0.8,0.56,0.9,0.92,0.56,0.56,0.41,0.72,0.41,0.73,0.32,1.0,-0.059,-0.058,-0.349
0.7,0.7,1.0,1.0,0.86,0.86,0.16199999999999998,0.16199999999999998,0.57,0.57,0.23,0.5,0.0,0.0,1.0,0.46,0.91,0.8,0.55,0.9,0.92,0.55,0.55,0.41,0.72,0.41,0.73,0.32,1.0,-0.061,-0.059,-0.355
0.71,0.71,1.0,1.0,0.85,0.85,0.16199999999999998,0.16199999999999998,0.57,0.57,0.22,0.5,0.0,0.0,1.0,0.46,0.91,0.81,0.56,0.9,0.92,0.56,0.56,0.41,0.72,0.4,0.73,0.32,1.0,-0.056,-0.058,-0.355
0.72,0.72,1.0,1.0,0.85,0.85,0.16199999999999998,0.16199999999999998,0.59,0.59,0.24,0.48,0.0,0.0,1.0,0.46,0.915,0.81,0.55,0.91,0.92,0.55,0.55,0.42,0.71,0.41,0.73,0.37,1.0,-0.056,-0.058,-0.364
0.75,0.75,1.0,1.0,0.82,0.82,0.16199999999999998,0.16199999999999998,0.62,0.62,0.26,0.47,0.0,0.0,1.0,0.47,0.92,0.82,0.53,0.91,0.93,0.53,0.53,0.4,0.75,0.39,0.76,0.37,1.0,-0.042,-0.055,-0.356
0.78,0.78,1.0,1.0,0.8,0.8,0.16199999999999998,0.16199999999999998,0.59,0.59,0.28,0.44,0.0,0.0,1.0,0.49,0.925,0.83,0.53,0.92,0.93,0.53,0.53,0.4,0.75,0.39,0.76,0.37,1.0,-0.025,-0.053,-0.331
0.78,0.78,1.0,1.0,0.8,0.8,0.16199999999999998,0.16199999999999998,0.6,0.6,0.33,0.4,0.0,0.0,1.0,0.47,0.9299999999999999,0.82,0.55,0.92,0.94,0.55,0.55,0.38,0.78,0.38,0.78,0.33,1.0,0.009,-0.044,-0.283
0.79,0.79,1.0,1.0,0.79,0.79,0.16199999999999998,0.16199999999999998,0.62,0.62,0.46,0.27,0.0,0.0,1.0,0.44,0.9299999999999999,0.79,0.56,0.92,0.94,0.56,0.56,0.38,0.78,0.38,0.78,0.3,1.0,0.014,-0.032,-0.222
0.8,0.8,1.0,1.0,0.78,0.78,0.16199999999999998,0.16199999999999998,0.59,0.59,0.56,0.17,0.0,0.0,1.0,0.44,0.915,0.79,0.56,0.91,0.92,0.56,0.56,0.38,0.78,0.38,0.79,0.29,0.66,0.041,-0.027,-0.156
0.8,0.8,1.0,1.0,0.78,0.78,0.16199999999999998,0.16199999999999998,0.53,0.53,0.59,0.14,0.0,0.0,1.0,0.44,0.905,0.79,0.56,0.9,0.91,0.56,0.56,0.38,0.78,0.37,0.79,0.28,0.51,0.075,-0.013,-0.096
0.8,0.8,1.0,1.0,0.78,0.78,0.16199999999999998,0.16199999999999998,0.52,0.52,0.62,0.12,0.0,0.0,1.0,0.44,0.895,0.79,0.56,0.89,0.9,0.56,0.56,0.38,0.78,0.37,0.79,0.27,0.36,0.085,-0.009,-0.078
0.8,0.8,1.0,1.0,0.78,0.78,0.16199999999999998,0.16199999999999998,0.52,0.52,0.63,0.1,0.0,0.0,1.0,0.44,0.895,0.79,0.56,0.89,0.9,0.56,0.56,0.39,0.77,0.37,0.79,0.28,0.29,0.092,-0.005,-0.072
0.8,0.8,1.0,1.0,0.78,0.78,0.16199999999999998,0.16199999999999998,0.52,0.52,0.64,0.09,0.0,0.0,1.0,0.43,0.895,0.79,0.56,0.89,0.9,0.56,0.56,0.39,0.76,0.38,0.79,0.28,0.2,0.094,0.001,-0.064
0.79,0.79,1.0,1.0,0.79,0.79,0.16199999999999998,0.16199999999999998,0.52,0.52,0.65,0.08,0.0,0.0,1.0,0.43,0.89,0.78,0.56,0.89,0.89,0.56,0.56,0.39,0.76,0.37,0.79,0.29,0.15,0.092,0.004,-0.051
0.78,0.78,1.0,1.0,0.8,0.8,0.16199999999999998,0.16199999999999998,0.53,0.53,0.66,0.07,0.0,0.0,1.0,0.42,0.885,0.78,0.56,0.88,0.89,0.56,0.56,0.39,0.75,0.38,0.79,0.29,0.0,0.085,0.007,-0.044
0.77,0.77,1.0,1.0,0.8,0.8,0.16199999999999998,0.16199999999999998,0.52,0.52,0.67,0.06,0.0,0.0,1.0,0.42,0.875,0.78,0.56,0.87,0.88,0.56,0.56,0.39,0.75,0.37,0.79,0.29,0.0,0.081,0.008,-0.032
0.81,0.81,1.0,1.0,0.77,0.77,0.16199999999999998,0.16199999999999998,0.34,0.34,0.37,0.35,0.0,0.0,1.0,0.4,0.89,0.76,0.56,0.89,0.89,0.56,0.56,0.36,0.81,0.36,0.82,0.33,0.0,0.078,0.011,-0.017
0.84,0.84,1.0,1.0,0.75,0.75,0.16199999999999998,0.16199999999999998,0.35,0.35,0.39,0.33,0.0,0.0,1.0,0.39,0.895,0.76,0.56,0.9,0.89,0.56,0.56,0.37,0.81,0.36,0.82,0.33,0.0,0.078,0.011,0.008
0.85,0.85,1.0,1.0,0.74,0.74,0.16199999999999998,0.16199999999999998,0.35,0.35,0.41,0.31,0.0,0.0,1.0,0.38,0.895,0.75,0.56,0.9,0.89,0.56,0.56,0.36,0.81,0.36,0.82,0.34,0.0,0.072,0.016,0.028
0.85,0.85,1.0,1.0,0.74,0.74,0.16199999999999998,0.16199999999999998,0.34,0.34,0.42,0.3,0.0,0.0,1.0,0.37,0.9,0.74,0.56,0.9,0.9,0.56,0.56,0.37,0.8,0.36,0.82,0.34,0.0,0.075,0.019,0.047
0.85,0.85,1.0,1.0,0.74,0.74,0.16199999999999998,0.16199999999999998,0.34,0.34,0.43,0.29,0.0,0.0,1.0,0.37,0.9,0.74,0.56,0.9,0.9,0.56,0.56,0.37,0.8,0.36,0.81,0.34,0.0,0.074,0.02,0.061
0.85,0.85,1.0,1.0,0.74,0.74,0.16199999999999998,0.16199999999999998,0.34,0.34,0.44,0.28,0.0,0.0,1.0,0.36,0.9,0.74,0.56,0.9,0.9,0.56,0.56,0.38,0.79,0.37,0.81,0.33,0.0,0.076,0.022,0.064
0.85,0.85,1.0,1.0,0.74,0.74,0.16199999999999998,0.16199999999999998,0.34,0.34,0.44,0.28,0.0,0.0,1.0,0.36,0.9,0.73,0.56,0.9,0.9,0.56,0.56,0.38,0.79,0.37,0.8,0.33,0.0,0.077,0.022,0.063
0.86,0.86,1.0,1.0,0.74,0.74,0.16199999999999998,0.16199999999999998,0.36,0.36,0.43,0.29,0.0,0.0,1.0,0.37,0.835,0.74,0.56,0.83,0.84,0.56,0.56,0.43,0.68,0.42,0.7,0.32,0.0,0.085,0.023,0.054
0.87,0.87,1.0,1.0,0.72,0.72,0.16199999999999998,0.16199999999999998,0.36,0.36,0.41,0.31,0.0,0.0,1.0,0.37,0.88,0.74,0.56,0.88,0.88,0.56,0.56,0.4,0.75,0.39,0.77,0.32,0.0,0.075,0.019,0.039
0.88,0.88,1.0,1.0,0.72,0.72,0.16199999999999998,0.16199999999999998,0.35,0.35,0.38,0.34,0.0,0.0,1.0,0.37,0.895,0.74,0.56,0.9,0.89,0.56,0.56,0.39,0.77,0.38,0.79,0.32,0.0,0.067,0.014,0.023
0.87,0.87,1.0,1.0,0.72,0.72,0.16199999999999998,0.16199999999999998,0.35,0.35,0.35,0.37,0.0,0.0,1.0,0.38,0.905,0.74,0.56,0.9,0.91,0.56,0.56,0.39,0.76,0.38,0.78,0.32,0.07,0.07,0.008,-0.007
0.87,0.87,1.0,1.0,0.73,0.73,0.16199999999999998,0.16199999999999998,0.37,0.37,0.31,0.41,0.0,0.0,1.0,0.38,0.915,0.75,0.56,0.91,0.92,0.56,0.56,0.39,0.75,0.39,0.76,0.31,0.16,0.061,0.0,-0.039
0.9,0.9,1.0,1.0,0.7,0.7,0.16199999999999998,0.16199999999999998,0.36,0.36,0.27,0.45,0.0,0.0,1.0,0.38,0.92,0.75,0.56,0.92,0.92,0.56,0.56,0.4,0.73,0.4,0.75,0.31,0.26,0.056,-0.007,-0.06
0.83,0.83,1.0,1.0,0.75,0.75,0.8566474723815918,0.8559117126464844,0.27,0.27,0.28,0.44,0.0,0.0,1.0,0.44,0.845,0.79,0.53,0.83,0.86,0.53,0.53,0.46,0.63,0.46,0.63,0.24,0.35,0.036,-0.018,-0.11
0.83,0.83,1.0,1.0,0.75,0.75,0.5343106198310852,0.5343100237846374,0.27,0.27,0.56,0.17,0.0,0.0,1.0,0.44,0.87,0.79,0.51,0.85,0.89,0.51,0.51,0.45,0.65,0.45,0.65,0.3,0.53,0.026,-0.023,-0.173
0.89,0.89,1.0,1.0,0.71,0.71,0.16199999999999998,0.16199999999999998,0.38,0.38,0.8,-0.06,0.0,0.0,1.0,0.43,0.9,0.79,0.52,0.89,0.91,0.52,0.52,0.46,0.62,0.44,0.66,0.34,0.66,0.035,-0.032,-0.233
0.88,0.88,1.0,1.0,0.71,0.71,0.16199999999999998,0.16199999999999998,0.4,0.4,0.8,-0.06,0.0,0.0,1.0,0.44,0.91,0.79,0.52,0.9,0.92,0.52,0.52,0.45,0.65,0.43,0.69,0.36,0.68,0.03,-0.041,-0.263
0.88,0.88,1.0,1.0,0.71,0.71,0.16199999999999998,0.16199999999999998,0.4,0.4,0.79,-0.04,0.0,0.0,1.0,0.45,0.92,0.8,0.52,0.91,0.93,0.52,0.52,0.45,0.65,0.42,0.69,0.37,0.7,0.033,-0.04,-0.265
0.88,0.88,1.0,1.0,0.72,0.72,0.16199999999999998,0.16199999999999998,0.39,0.39,0.81,-0.06,0.0,0.0,1.0,0.45,0.92,0.8,0.52,0.91,0.93,0.52,0.52,0.45,0.65,0.42,0.7,0.37,0.7,0.03,-0.039,-0.256
0.87,0.87,1.0,1.0,0.72,0.72,0.16199999999999998,0.16199999999999998,0.39,0.39,0.83,-0.08,0.0,0.0,1.0,0.46,0.92,0.8,0.52,0.91,0.93,0.52,0.52,0.45,0.64,0.42,0.7,0.37,0.69,0.03,-0.035,-0.243
0.86,0.86,1.0,1.0,0.73,0.73,0.16199999999999998,0.16199999999999998,0.39,0.39,0.85,-0.1,0.0,0.0,1.0,0.45,0.925,0.8,0.53,0.92,0.93,0.53,0.53,0.45,0.64,0.42,0.7,0.37,0.65,0.023,-0.029,-0.23
0.82,0.82,1.0,1.0,0.76,0.76,0.7858209419250488,0.7735042977333069,0.26,0.26,0.23,0.49,0.0,0.0,1.0,0.45,0.875,0.8,0.49,0.86,0.89,0.49,0.49,0.47,0.61,0.46,0.63,0.34,0.63,0.014,-0.025,-0.209
0.83,0.83,1.0,1.0,0.76,0.76,0.16199999999999998,0.16199999999999998,0.37,0.37,0.21,0.51,0.0,0.0,1.0,0.45,0.87,0.8,0.52,0.86,0.88,0.52,0.52,0.45,0.64,0.44,0.66,0.3,0.53,0.008,-0.018,-0.162
0.84,0.84,1.0,1.0,0.75,0.75,0.16199999999999998,0.16199999999999998,0.41,0.41,0.25,0.47,0.0,0.0,1.0,0.43,0.905,0.79,0.56,0.9,0.91,0.56,0.56,0.42,0.7,0.42,0.71,0.33,0.39,0.022,-0.005,-0.103
0.84,0.84,1.0,1.0,0.75,0.75,0.16199999999999998,0.16199999999999998,0.41,0.41,0.28,0.44,0.0,0.0,1.0,0.41,0.91,0.77,0.56,0.91,0.91,0.56,0.56,0.42,0.7,0.42,0.71,0.33,0.33,0.03,0.005,-0.071
0.84,0.84,1.0,1.0,0.75,0.75,0.16199999999999998,0.16199999999999998,0.41,0.41,0.3,0.42,0.0,0.0,1.0,0.4,0.915,0.77,0.56,0.91,0.92,0.56,0.56,0.42,0.71,0.41,0.72,0.34,0.3,0.027,0.011,-0.057
0.83,0.83,1.0,1.0,0.75,0.75,0.16199999999999998,0.16199999999999998,0.41,0.41,0.31,0.41,0.0,0.0,1.0,0.4,0.92,0.76,0.56,0.92,0.92,0.56,0.56,0.42,0.71,0.41,0.72,0.35,0.27,0.014,0.012,-0.048
0.87,0.87,1.0,1.0,0.73,0.73,0.16199999999999998,0.16199999999999998,0.4,0.4,0.31,0.41,0.0,0.0,1.0,0.39,0.92,0.76,0.56,0.92,0.92,0.56,0.56,0.41,0.72,0.41,0.73,0.35,0.27,0.017,0.013,-0.046
0.87,0.87,1.0,1.0,0.72,0.72,0.16199999999999998,0.16199999999999998,0.39,0.39,0.32,0.41,0.0,0.0,1.0,0.4,0.93,0.76,0.56,0.93,0.93,0.56,0.56,0.39,0.77,0.39,0.77,0.35,0.27,0.019,0.009,-0.044
0.9,0.9,1.0,1.0,0.7,0.7,0.16199999999999998,0.16199999999999998,0.38,0.38,0.32,0.4,0.0,0.0,1.0,0.41,0.93,0.77,0.56,0.93,0.93,0.56,0.56,0.36,0.82,0.36,0.82,0.35,0.28,0.036,0.004,-0.035
0.92,0.92,1.0,1.0,0.69,0.69,0.16199999999999998,0.16199999999999998,0.35,0.35,0.32,0.4,0.0,0.0,1.0,0.4,0.93,0.77,0.56,0.93,0.93,0.56,0.56,0.34,0.86,0.34,0.85,0.34,0.36,0.059,-0.002,-0.044
0.92,0.92,1.0,1.0,0.68,0.68,0.16199999999999998,0.16199999999999998,0.33,0.33,0.33,0.4,0.0,0.0,1.0,0.4,0.93,0.76,0.56,0.93,0.93,0.56,0.56,0.34,0.87,0.34,0.86,0.34,0.38,0.096,-0.003,-0.036
0.92,0.92,1.0,1.0,0.68,0.68,0.16199999999999998,0.16199999999999998,0.3,0.3,0.33,0.39,0.0,0.0,1.0,0.39,0.93,0.76,0.56,0.93,0.93,0.56,0.56,0.34,0.87,0.34,0.86,0.35,0.37,0.128,-0.002,-0.036
0.92,0.92,1.0,1.0,0.68,0.68,0.16199999999999998,0.16199999999999998,0.26,0.26,0.33,0.4,0.0,0.0,1.0,0.38,0.93,0.75,0.56,0.93,0.93,0.56,0.56,0.34,0.85,0.35,0.84,0.36,0.3,0.181,0.001,-0.033
0.92,0.92,1.0,1.0,0.68,0.68,0.16199999999999998,0.16199999999999998,0.25,0.25,0.34,0.39,0.0,0.0,1.0,0.38,0.925,0.75,0.56,0.92,0.93,0.56,0.56,0.34,0.85,0.35,0.85,0.36,0.29,0.208,0.004,-0.029
0.92,0.92,1.0,1.0,0.68,0.68,0.16199999999999998,0.16199999999999998,0.23,0.23,0.34,0.39,0.0,0.0,1.0,0.38,0.925,0.75,0.56,0.92,0.93,0.56,0.56,0.35,0.85,0.35,0.84,0.36,0.27,0.227,0.009,-0.021
0.92,0.92,1.0,1.0,0.68,0.68,0.16199999999999998,0.16199999999999998,0.23,0.23,0.34,0.38,0.0,0.0,1.0,0.38,0.92,0.74,0.56,0.92,0.92,0.56,0.56,0.34,0.85,0.35,0.85,0.35,0.26,0.252,0.011,-0.018
0.92,0.92,1.0,1.0,0.68,0.68,0.16199999999999998,0.16199999999999998,0.22,0.22,0.34,0.38,0.0,0.0,1.0,0.37,0.92,0.74,0.56,0.92,0.92,0.56,0.56,0.34,0.86,0.34,0.85,0.34,0.26,0.255,0.016,-0.014
0.92,0.92,1.0,1.0,0.68,0.68,0.16199999999999998,0.16199999999999998,0.21,0.21,0.36,0.37,0.0,0.0,1.0,0.37,0.92,0.74,0.56,0.92,0.92,0.56,0.56,0.34,0.85,0.35,0.85,0.34,0.25,0.264,0.024,-0.005
0.92,0.92,1.0,1.0,0.68,0.68,0.16199999999999998,0.16199999999999998,0.19,0.19,0.37,0.36,0.0,0.0,1.0,0.37,0.91,0.74,0.56,0.91,0.91,0.56,0.56,0.36,0.83,0.36,0.83,0.34,0.24,0.29,0.033,0.01
0.92,0.92,1.0,1.0,0.68,0.68,0.16199999999999998,0.16199999999999998,0.17,0.17,0.38,0.35,0.0,0.0,1.0,0.37,0.91,0.74,0.56,0.91,0.91,0.56,0.56,0.37,0.8,0.37,0.81,0.33,0.23,0.329,0.036,0.019
0.92,0.92,1.0,1.0,0.68,0.68,0.16199999999999998,0.16199999999999998,0.16,0.16,0.39,0.34,0.0,0.0,1.0,0.36,0.9,0.73,0.56,0.9,0.9,0.56,0.56,0.38,0.79,0.37,0.79,0.32,0.23,0.349,0.042,0.029
0.92,0.92,1.0,1.0,0.68,0.68,0.16199999999999998,0.16199999999999998,0.16,0.16,0.4,0.33,0.0,0.0,1.0,0.36,0.895,0.73,0.56,0.9,0.89,0.56,0.56,0.38,0.79,0.38,0.79,0.32,0.23,0.35,0.046,0.041
0.92,0.92,1.0,1.0,0.68,0.68,0.16199999999999998,0.16199999999999998,0.16,0.16,0.4,0.33,0.0,0.0,1.0,0.36,0.89,0.73,0.56,0.89,0.89,0.56,0.56,0.38,0.78,0.38,0.79,0.31,0.22,0.353,0.05,0.045
0.92,0.92,1.0,1.0,0.68,0.68,0.16199999999999998,0.16199999999999998,0.18,0.18,0.4,0.32,0.0,0.0,1.0,0.36,0.86,0.73,0.56,0.86,0.86,0.56,0.56,0.4,0.73,0.4,0.74,0.31,0.23,0.353,0.056,0.049
0.92,0.92,1.0,1.0,0.68,0.68,0.4143802034854889,0.4143965947628021,0.14,0.14,0.4,0.32,0.0,0.0,1.0,0.36,0.8,0.73,0.56,0.79,0.81,0.56,0.56,0.48,0.58,0.47,0.6,0.35,0.23,0.35,0.064,0.053
0.92,0.92,1.0,1.0,0.69,0.69,0.16199999999999998,0.16199999999999998,0.21,0.21,0.45,0.28,0.0,0.0,1.0,0.36,0.82,0.73,0.56,0.82,0.82,0.56,0.56,0.43,0.68,0.42,0.69,0.34,0.22,0.329,0.072,0.08
0.92,0.92,1.0,1.0,0.69,0.69,0.16199999999999998,0.16199999999999998,0.22,0.22,0.45,0.28,0.0,0.0,1.0,0.34,0.845,0.72,0.56,0.85,0.84,0.56,0.56,0.4,0.73,0.4,0.74,0.33,0.2,0.317,0.076,0.091
0.91,0.91,1.0,1.0,0.69,0.69,0.16199999999999998,0.16199999999999998,0.27,0.27,0.56,0.17,0.0,0.0,1.0,0.34,0.85,0.72,0.56,0.85,0.85,0.56,0.56,0.4,0.74,0.4,0.75,0.33,0.19,0.301,0.075,0.095
0.88,0.88,1.0,1.0,0.72,0.72,0.16199999999999998,0.16199999999999998,0.34,0.34,0.78,-0.04,0.0,0.0,1.0,0.34,0.85,0.72,0.56,0.85,0.85,0.56,0.56,0.41,0.71,0.4,0.74,0.3,0.18,0.285,0.074,0.092
0.88,0.88,1.0,1.0,0.72,0.72,0.16199999999999998,0.16199999999999998,0.35,0.35,0.78,-0.03,0.0,0.0,1.0,0.34,0.845,0.72,0.56,0.85,0.84,0.56,0.56,0.42,0.71,0.41,0.73,0.3,0.16,0.281,0.073,0.087
0.88,0.88,1.0,1.0,0.72,0.72,0.16199999999999998,0.16199999999999998,0.35,0.35,0.78,-0.04,0.0,0.0,1.0,0.34,0.85,0.72,0.56,0.85,0.85,0.56,0.56,0.41,0.72,0.4,0.74,0.29,0.16,0.281,0.068,0.082
0.88,0.88,1.0,1.0,0.72,0.72,0.16199999999999998,0.16199999999999998,0.39,0.39,0.77,-0.03,0.0,0.0,1.0,0.34,0.85,0.72,0.56,0.85,0.85,0.56,0.56,0.42,0.7,0.41,0.73,0.3,0.16,0.276,0.063,0.071
0.87,0.87,1.0,1.0,0.72,0.72,0.16199999999999998,0.16199999999999998,0.4,0.4,0.76,-0.02,0.0,0.0,1.0,0.34,0.86,0.72,0.56,0.86,0.86,0.56,0.56,0.42,0.71,0.4,0.74,0.3,0.17,0.272,0.057,0.055
0.88,0.88,1.0,1.0,0.72,0.72,0.16199999999999998,0.16199999999999998,0.41,0.41,0.73,0.0,0.0,0.0,1.0,0.35,0.86,0.72,0.56,0.86,0.86,0.56,0.56,0.42,0.71,0.4,0.73,0.3,0.19,0.266,0.054,0.037
0.89,0.89,1.0,1.0,0.71,0.71,0.16199999999999998,0.16199999999999998,0.25,0.25,0.38,0.35,0.0,0.0,1.0,0.35,0.885,0.73,0.56,0.88,0.89,0.56,0.56,0.37,0.81,0.37,0.81,0.34,0.22,0.246,0.042,0.024
0.9,0.9,1.0,1.0,0.7,0.7,0.16199999999999998,0.16199999999999998,0.26,0.26,0.36,0.36,0.0,0.0,1.0,0.35,0.885,0.73,0.56,0.88,0.89,0.56,0.56,0.37,0.79,0.37,0.79,0.34,0.25,0.246,0.036,0.009
0.89,0.89,1.0,1.0,0.71,0.71,0.16199999999999998,0.16199999999999998,0.27,0.27,0.36,0.36,0.0,0.0,1.0,0.35,0.89,0.73,0.56,0.89,0.89,0.56,0.56,0.38,0.79,0.38,0.78,0.34,0.27,0.239,0.026,0.006
0.86,0.86,1.0,1.0,0.73,0.73,0.3570802617073059,0.3570146369934082,0.2,0.2,0.35,0.37,0.0,0.0,1.0,0.38,0.84,0.75,0.55,0.83,0.85,0.55,0.55,0.47,0.6,0.46,0.62,0.35,0.29,0.246,0.02,0.009
0.85,0.85,1.0,1.0,0.74,0.74,0.16199999999999998,0.16199999999999998,0.32,0.32,0.34,0.38,0.0,0.0,1.0,0.37,0.865,0.74,0.56,0.86,0.87,0.56,0.56,0.41,0.72,0.41,0.72,0.36,0.29,0.225,0.013,-0.001
0.85,0.85,1.0,1.0,0.74,0.74,0.16199999999999998,0.16199999999999998,0.32,0.32,0.34,0.38,0.0,0.0,1.0,0.36,0.875,0.74,0.56,0.87,0.88,0.56,0.56,0.41,0.73,0.41,0.73,0.35,0.3,0.224,0.011,-0.014
0.85,0.85,1.0,1.0,0.74,0.74,0.16199999999999998,0.16199999999999998,0.31,0.31,0.34,0.39,0.0,0.0,1.0,0.36,0.875,0.73,0.56,0.87,0.88,0.56,0.56,0.4,0.75,0.4,0.75,0.35,0.31,0.221,0.007,-0.015
0.85,0.85,1.0,1.0,0.74,0.74,0.16199999999999998,0.16199999999999998,0.31,0.31,0.31,0.42,0.0,0.0,1.0,0.36,0.885,0.73,0.56,0.88,0.89,0.56,0.56,0.39,0.76,0.39,0.76,0.35,0.33,0.217,0.001,-0.039
0.86,0.86,1.0,1.0,0.73,0.73,0.16199999999999998,0.16199999999999998,0.3,0.3,0.27,0.45,0.0,0.0,1.0,0.36,0.895,0.73,0.56,0.89,0.9,0.56,0.56,0.39,0.76,0.39,0.76,0.36,0.37,0.228,-0.007,-0.066
0.86,0.86,1.0,1.0,0.73,0.73,0.16199999999999998,0.16199999999999998,0.3,0.3,0.27,0.46,0.0,0.0,1.0,0.36,0.895,0.74,0.56,0.89,0.9,0.56,0.56,0.38,0.78,0.39,0.76,0.37,0.43,0.217,-0.018,-0.076
0.83,0.83,1.0,1.0,0.76,0.76,0.16199999999999998,0.16199999999999998,0.39,0.39,0.58,0.15,0.0,0.0,1.0,0.37,0.895,0.74,0.56,0.89,0.9,0.56,0.56,0.41,0.73,0.4,0.73,0.36,0.44,0.214,-0.019,-0.077
0.81,0.81,1.0,1.0,0.77,0.77,0.16199999999999998,0.16199999999999998,0.4,0.4,0.57,0.16,0.0,0.0,1.0,0.36,0.895,0.74,0.56,0.89,0.9,0.56,0.56,0.44,0.66,0.44,0.67,0.35,0.46,0.198,-0.021,-0.08
0.8,0.8,1.0,1.0,0.78,0.78,0.16199999999999998,0.16199999999999998,0.42,0.42,0.57,0.16,0.0,0.0,1.0,0.36,0.895,0.73,0.56,0.89,0.9,0.56,0.56,0.49,0.56,0.48,0.58,0.32,0.47,0.172,-0.026,-0.081
0.67,0.67,1.0,1.0,0.89,0.89,0.16199999999999998,0.16199999999999998,0.42,0.42,0.56,0.17,0.08999999999999991,0.0749999999999999,1.0,0.35,0.9,0.73,0.51,0.89,0.91,0.51,0.51,0.61,0.42,0.6,0.43,0.23,0.48,0.142,-0.027,-0.08
0.59,0.59,1.0,1.0,0.95,0.95,0.6840155529975891,0.6655784654617309,0.18,0.18,0.31,0.42,0.13499999999999995,0.14999999999999997,1.0,0.35,0.845,0.73,0.44,0.84,0.85,0.44,0.44,0.64,0.41,0.65,0.4,0.13,0.48,0.14,-0.018,-0.057
0.57,0.57,1.0,1.0,0.97,0.97,0.16199999999999998,0.16199999999999998,0.35,0.35,0.3,0.42,0.13499999999999995,0.11999999999999994,1.0,0.3,0.93,0.69,0.35,0.93,0.93,0.35,0.35,0.64,0.41,0.63,0.41,0.08,0.48,0.119,-0.015,-0.043
0.5,0.5,0.93,0.93,1.0,1.0,0.16199999999999998,0.16199999999999998,0.38,0.38,0.31,0.41,0.11999999999999994,0.10499999999999993,1.0,0.26,0.96,0.66,0.3,0.96,0.96,0.3,0.3,0.63,0.41,0.62,0.42,0.04,0.48,0.107,-0.013,-0.035
0.51,0.51,0.95,0.95,1.0,1.0,0.16199999999999998,0.16199999999999998,0.4,0.4,0.31,0.41,0.11999999999999994,0.08999999999999991,1.0,0.24,0.98,0.65,0.27,0.98,0.98,0.27,0.27,0.63,0.42,0.61,0.42,0.03,0.49,0.093,-0.015,-0.03
0.51,0.51,0.95,0.95,1.0,1.0,0.16199999999999998,0.16199999999999998,0.4,0.4,0.32,0.41,0.14999999999999997,0.08999999999999991,1.0,0.23,0.98,0.64,0.26,0.98,0.98,0.26,0.26,0.65,0.41,0.61,0.42,0.02,0.52,0.077,-0.015,-0.03
0.51,0.51,0.95,0.95,1.0,1.0,0.16199999999999998,0.16199999999999998,0.42,0.42,0.32,0.4,0.18,0.10499999999999993,1.0,0.23,0.99,0.63,0.26,0.99,0.99,0.26,0.26,0.67,0.4,0.62,0.42,0.02,0.54,0.067,-0.013,-0.028
0.5,0.5,0.93,0.93,1.0,1.0,0.16199999999999998,0.16199999999999998,0.43,0.43,0.32,0.4,0.195,0.10499999999999993,1.0,0.22,0.99,0.63,0.26,0.99,0.99,0.26,0.26,0.68,0.39,0.62,0.42,0.02,0.56,0.065,-0.009,-0.025
0.5,0.5,0.93,0.93,1.0,1.0,0.16199999999999998,0.16199999999999998,0.43,0.43,0.33,0.39,0.195,0.10499999999999993,1.0,0.22,0.99,0.63,0.26,0.99,0.99,0.26,0.26,0.68,0.39,0.62,0.42,0.02,0.57,0.067,-0.003,-0.02
0.5,0.5,0.92,0.92,1.0,1.0,0.16199999999999998,0.16199999999999998,0.43,0.43,0.34,0.38,0.16499999999999998,0.08999999999999991,1.0,0.22,0.99,0.63,0.25,0.99,0.99,0.25,0.25,0.66,0.4,0.61,0.42,0.02,0.58,0.063,0.002,-0.018
0.5,0.5,0.92,0.92,1.0,1.0,0.16199999999999998,0.16199999999999998,0.43,0.43,0.34,0.38,0.14999999999999997,0.08999999999999991,1.0,0.22,0.99,0.63,0.25,0.99,0.99,0.25,0.25,0.65,0.41,0.61,0.43,0.01,0.58,0.064,0.005,-0.018
0.49,0.49,0.92,0.92,1.0,1.0,0.16199999999999998,0.16199999999999998,0.42,0.42,0.34,0.38,0.14999999999999997,0.08999999999999991,1.0,0.22,0.99,0.63,0.25,0.99,0.99,0.25,0.25,0.65,0.41,0.61,0.43,0.01,0.58,0.074,0.007,-0.017
0.49,0.49,0.91,0.91,1.0,1.0,0.16199999999999998,0.16199999999999998,0.41,0.41,0.34,0.38,0.13499999999999995,0.08999999999999991,1.0,0.22,0.99,0.62,0.25,0.99,0.99,0.25,0.25,0.64,0.41,0.61,0.42,0.01,0.59,0.091,0.009,-0.016
0.49,0.49,0.91,0.91,1.0,1.0,0.16199999999999998,0.16199999999999998,0.41,0.41,0.35,0.38,0.14999999999999997,0.08999999999999991,1.0,0.22,0.99,0.62,0.25,0.99,0.99,0.25,0.25,0.65,0.41,0.61,0.42,0.01,0.59,0.083,0.012,-0.017
