A0
A1
A2
A3
A4
A5
A6
A7
A8
A9
A10
A11
A12
A13
A14
A15
A16
A17
A18
A19
A20
A21
A22
A23
A24
A25
A26
A27
A28
--- [0.87, 0.67, 1.0, 1.0, 0.24, 0.24, 0.05, 0.13, 0.51, 0.54, 0.4, 0.38, 0.0, -0.0, 1.0, 0.21, 0.75, 0.6, 0.49, 0.8, 0.75, 0.46, 0.86, 0.55, 0.43, 0.55, 0.45, 0.0, 0.5, 99, 99, 99]
into servo loop...
start test new
list:  [0.49, 0.49, 0.9, 0.9, 1, 1, 0.16199999999999998, 0.16199999999999998, 0.42, 0.42, 0.34, 0.38, 0.015000000000000013, 0.015000000000000013, 1, 0.23, 0.98, 0.63, 0.26, 0.98, 0.98, 0.26, 0.26, 0.56, 0.44, 0.56, 0.45, 0.01, 0.54, 99, 99, 99]
--- num:  29
list:  [0.46, 0.46, 0.85, 0.85, 1, 1, 0.16199999999999998, 0.16199999999999998, 0.41, 0.41, 0.35, 0.37, 0.04499999999999987, 0.02999999999999986, 1, 0.24, 0.98, 0.64, 0.26, 0.98, 0.98, 0.26, 0.26, 0.58, 0.44, 0.57, 0.44, 0.02, 0.62, 99, 99, 99]
--- num:  29
list:  [0.47, 0.47, 0.86, 0.86, 1, 1, 0.16199999999999998, 0.16199999999999998, 0.43, 0.43, 0.34, 0.38, 0.02999999999999986, 0, 1, 0.23, 0.98, 0.64, 0.26, 0.98, 0.98, 0.26, 0.26, 0.57, 0.44, 0.55, 0.45, 0.02, 0.59, 99, 99, 99]
--- num:  29
list:  [0.47, 0.47, 0.85, 0.85, 1, 1, 0.16199999999999998, 0.16199999999999998, 0.37, 0.37, 0.34, 0.38, 0.08999999999999991, 0.04499999999999987, 1, 0.23, 0.98, 0.64, 0.27, 0.98, 0.98, 0.27, 0.27, 0.61, 0.42, 0.58, 0.43, 0.02, 0.56, 99, 99, 99]
--- num:  29
list:  [0.48, 0.48, 0.89, 0.89, 1, 1, 0.16199999999999998, 0.16199999999999998, 0.37, 0.37, 0.34, 0.38, 0.05999999999999989, 0.02999999999999986, 1, 0.23, 0.98, 0.64, 0.27, 0.98, 0.98, 0.27, 0.27, 0.59, 0.43, 0.57, 0.44, 0.02, 0.54, 99, 99, 99]
--- num:  29
list:  [0.56, 0.56, 1, 1, 0.98, 0.98, 0.6857796120643616, 0.6758298087120056, 0.18, 0.18, 0.35, 0.37, 0.05999999999999989, 0.04499999999999987, 1, 0.28, 0.935, 0.67, 0.32, 0.93, 0.94, 0.32, 0.32, 0.59, 0.43, 0.58, 0.43, 0.02, 0.53, 99, 99, 99]
--- num:  29
list:  [0.56, 0.56, 1, 1, 0.98, 0.98, 0.4955092477798462, 0.4934095549583435, 0.22, 0.22, 0.35, 0.38, 0.05999999999999989, 0.05999999999999989, 1, 0.28, 0.93, 0.68, 0.3, 0.93, 0.93, 0.3, 0.3, 0.59, 0.43, 0.59, 0.43, 0.02, 0.53, 99, 99, 99]
--- num:  29
list:  [0.45, 0.45, 0.82, 0.82, 1, 1, 0.16199999999999998, 0.16199999999999998, 0.38, 0.38, 0.37, 0.35, 0.08999999999999991, 0.05999999999999989, 1, 0.24, 0.97, 0.64, 0.27, 0.97, 0.97, 0.27, 0.27, 0.61, 0.43, 0.59, 0.43, 0.02, 0.51, 99, 99, 99]
--- num:  29
list:  [0.43, 0.43, 0.78, 0.78, 1, 1, 0.16199999999999998, 0.16199999999999998, 0.39, 0.39, 0.41, 0.31, 0.0749999999999999, 0.05999999999999989, 1, 0.23, 0.97, 0.64, 0.27, 0.97, 0.97, 0.27, 0.27, 0.6, 0.43, 0.59, 0.43, 0.02, 0.5, 99, 99, 99]
--- num:  29
list:  [0.43, 0.43, 0.78, 0.78, 1, 1, 0.16199999999999998, 0.16199999999999998, 0.4, 0.4, 0.41, 0.31, 0.08999999999999991, 0.05999999999999989, 1, 0.23, 0.97, 0.64, 0.28, 0.97, 0.97, 0.28, 0.28, 0.61, 0.42, 0.59, 0.43, 0.02, 0.49, 99, 99, 99]
--- num:  29
list:  [0.41, 0.41, 0.73, 0.73, 1, 1, 0.4463374125957489, 0.4446584391593933, 0.27, 0.27, 0.43, 0.29, 0.0749999999999999, 0.05999999999999989, 1, 0.26, 0.96, 0.65, 0.32, 0.96, 0.96, 0.32, 0.32, 0.6, 0.43, 0.59, 0.43, 0.02, 0.48, 99, 99, 99]
--- num:  29
list:  [0.57, 0.57, 1, 1, 0.97, 0.97, 0.4249130892753601, 0.42369488954544066, 0.26, 0.26, 0.5, 0.22, 0.08999999999999991, 0.08999999999999991, 1, 0.3, 0.91, 0.69, 0.34, 0.91, 0.91, 0.34, 0.34, 0.61, 0.42, 0.61, 0.42, 0.03, 0.44, 99, 99, 99]
--- num:  29
list:  [0.56, 0.56, 1, 1, 0.97, 0.97, 0.16199999999999998, 0.16199999999999998, 0.37, 0.37, 0.56, 0.16, 0.015000000000000013, 0, 1, 0.31, 0.935, 0.69, 0.33, 0.93, 0.94, 0.33, 0.33, 0.56, 0.45, 0.55, 0.45, 0.03, 0.37, 99, 99, 99]
--- num:  29
list:  [0.56, 0.56, 1, 1, 0.98, 0.98, 0.16199999999999998, 0.16199999999999998, 0.39, 0.39, 0.57, 0.15, 0.015000000000000013, 0, 1, 0.29, 0.945, 0.68, 0.32, 0.94, 0.95, 0.32, 0.32, 0.56, 0.45, 0.55, 0.45, 0.03, 0.37, 99, 99, 99]
--- num:  29
list:  [0.56, 0.56, 1, 1, 0.97, 0.97, 0.733111720085144, 0.7339570927619934, 0.23, 0.23, 0.48, 0.25, 0.04499999999999987, 0.05999999999999989, 1, 0.29, 0.935, 0.68, 0.32, 0.93, 0.94, 0.32, 0.32, 0.58, 0.44, 0.59, 0.43, 0.03, 0.38, 99, 99, 99]
--- num:  29
list:  [0.58, 0.58, 1, 1, 0.96, 0.96, 0.9535010266304016, 0.9534383821487427, 0.3, 0.3, 0.46, 0.27, 0.0749999999999999, 0.08999999999999991, 0.75, 0.31, 0.91, 0.7, 0.32, 0.91, 0.91, 0.32, 0.32, 0.6, 0.43, 0.61, 0.42, 0.03, 0.39, 99, 99, 99]
--- num:  29
list:  [0.56, 0.56, 1, 1, 0.98, 0.98, 0.16199999999999998, 0.16199999999999998, 0.35, 0.35, 0.45, 0.27, 0.08999999999999991, 0.0749999999999999, 1, 0.26, 0.955, 0.66, 0.29, 0.95, 0.96, 0.29, 0.29, 0.61, 0.42, 0.6, 0.43, 0.03, 0.42, 99, 99, 99]
--- num:  29
list:  [0.46, 0.46, 0.83, 0.83, 1, 1, 0.16199999999999998, 0.16199999999999998, 0.37, 0.37, 0.4, 0.32, 0.04499999999999987, 0.02999999999999986, 1, 0.24, 0.97, 0.65, 0.27, 0.97, 0.97, 0.27, 0.27, 0.58, 0.44, 0.57, 0.44, 0.02, 0.44, 99, 99, 99]
--- num:  29
list:  [0.47, 0.47, 0.86, 0.86, 1, 1, 0.16199999999999998, 0.16199999999999998, 0.36, 0.36, 0.36, 0.36, 0.04499999999999987, 0.02999999999999986, 1, 0.23, 0.98, 0.64, 0.26, 0.98, 0.98, 0.26, 0.26, 0.58, 0.44, 0.57, 0.44, 0.02, 0.47, 99, 99, 99]
--- num:  29
list:  [0.47, 0.47, 0.86, 0.86, 1, 1, 0.7310756850242615, 0.7223023581504822, 0.18, 0.18, 0.34, 0.39, 0.02999999999999986, 0.02999999999999986, 1, 0.24, 0.965, 0.65, 0.28, 0.96, 0.97, 0.28, 0.28, 0.57, 0.44, 0.57, 0.44, 0.02, 0.5, 99, 99, 99]
--- num:  29
list:  [0.47, 0.47, 0.87, 0.87, 1, 1, 0.2076114672422409, 0.20637407481670378, 0.3, 0.3, 0.33, 0.39, 0.02999999999999986, 0.04499999999999987, 1, 0.24, 0.97, 0.64, 0.27, 0.97, 0.97, 0.27, 0.27, 0.57, 0.44, 0.58, 0.44, 0.02, 0.52, 99, 99, 99]
--- num:  29
list:  [0.48, 0.48, 0.89, 0.89, 1, 1, 0.16199999999999998, 0.16199999999999998, 0.32, 0.32, 0.33, 0.39, 0.04499999999999987, 0.02999999999999986, 1, 0.23, 0.98, 0.64, 0.26, 0.98, 0.98, 0.26, 0.26, 0.58, 0.44, 0.57, 0.44, 0.02, 0.54, 99, 99, 99]
--- num:  29
list:  [0.49, 0.49, 0.91, 0.91, 1, 1, 0.16199999999999998, 0.16199999999999998, 0.33, 0.33, 0.32, 0.4, 0.02999999999999986, 0.02999999999999986, 1, 0.23, 0.98, 0.63, 0.26, 0.98, 0.98, 0.26, 0.26, 0.57, 0.44, 0.57, 0.44, 0.01, 0.55, 99, 99, 99]
--- num:  29
list:  [0.49, 0.49, 0.91, 0.91, 1, 1, 0.16199999999999998, 0.16199999999999998, 0.35, 0.35, 0.32, 0.4, 0.04499999999999987, 0.02999999999999986, 1, 0.22, 0.98, 0.63, 0.26, 0.98, 0.98, 0.26, 0.26, 0.58, 0.44, 0.57, 0.44, 0.01, 0.55, 99, 99, 99]
--- num:  29
list:  [0.46, 0.46, 0.84, 0.84, 1, 1, 0.16199999999999998, 0.16199999999999998, 0.36, 0.36, 0.32, 0.4, 0.10499999999999993, 0.0749999999999999, 1, 0.31, 0.925, 0.69, 0.39, 0.92, 0.93, 0.39, 0.39, 0.62, 0.42, 0.6, 0.43, 0.06, 0.52, 99, 99, 99]
--- num:  29
list:  [0.57, 0.57, 1, 1, 0.97, 0.97, 0.8708888101577759, 0.8687280225753784, 0.2, 0.2, 0.33, 0.39, 0.4799999999999999, 0.4799999999999999, 0.75, 0.34, 0.765, 0.72, 0.51, 0.76, 0.77, 0.51, 0.51, 0.87, 0.31, 0.87, 0.31, 0.12, 0.5, 99, 99, 99]
--- num:  29
list:  [0.56, 0.56, 1, 1, 0.97, 0.97, 0.2996465969085693, 0.29931063532829283, 0.3, 0.3, 0.35, 0.37, 0.78, 0.75, 0.75, 0.3, 0.715, 0.68, 0.56, 0.71, 0.72, 0.56, 0.56, 1.07, 0.22, 1.05, 0.23, 0.13, 0.42, 99, 99, 99]
--- num:  29
list:  [0.56, 0.56, 1, 1, 0.97, 0.97, 0.22638977646827696, 0.22628318846225737, 0.33, 0.33, 0.36, 0.36, 0.81, 0.81, 0.75, 0.27, 0.71, 0.67, 0.56, 0.71, 0.71, 0.56, 0.56, 1.09, 0.21, 1.09, 0.21, 0.13, 0.39, 99, 99, 99]
--- num:  29
list:  [0.56, 0.56, 1, 1, 0.98, 0.98, 0.20294594347476957, 0.20290721535682676, 0.33, 0.33, 0.36, 0.36, 0.81, 0.81, 0.75, 0.26, 0.645, 0.66, 0.56, 0.65, 0.64, 0.56, 0.56, 1.09, 0.21, 1.09, 0.21, 0.12, 0.37, 99, 99, 99]
--- num:  29
list:  [0.56, 0.56, 1, 1, 0.98, 0.98, 0.20114665806293486, 0.2011063653230667, 0.32, 0.32, 0.37, 0.35, 0.81, 0.81, 0.75, 0.25, 0.615, 0.65, 0.56, 0.62, 0.61, 0.56, 0.56, 1.09, 0.21, 1.09, 0.21, 0.1, 0.35, 99, 99, 99]
--- num:  29
list:  [0.56, 0.56, 1, 1, 0.98, 0.98, 0.2012569862604141, 0.20121927142143248, 0.32, 0.32, 0.37, 0.35, 0.81, 0.81, 0.75, 0.25, 0.61, 0.65, 0.56, 0.62, 0.6, 0.56, 0.56, 1.09, 0.21, 1.09, 0.21, 0.1, 0.34, 99, 99, 99]
--- num:  29
list:  [0.56, 0.56, 1, 1, 0.98, 0.98, 0.19285875141620634, 0.19282942593097685, 0.32, 0.32, 0.38, 0.34, 0.81, 0.81, 0.75, 0.25, 0.605, 0.65, 0.56, 0.61, 0.6, 0.56, 0.56, 1.09, 0.21, 1.09, 0.21, 0.09, 0.33, 99, 99, 99]
--- num:  29
list:  [0.56, 0.56, 1, 1, 0.98, 0.98, 0.19051816642284392, 0.1904920148849487, 0.32, 0.32, 0.4, 0.32, 0.81, 0.81, 0.75, 0.24, 0.5750000000000001, 0.65, 0.56, 0.5800000000000001, 0.5700000000000001, 0.56, 0.56, 1.09, 0.21, 1.09, 0.21, 0.09, 0.31, 99, 99, 99]
--- num:  29
list:  [0.56, 0.56, 1, 1, 0.98, 0.98, 0.19317680180072783, 0.19313540637493132, 0.32, 0.32, 0.43, 0.29, 0.81, 0.81, 0.75, 0.24, 0.53, 0.64, 0.56, 0.54, 0.52, 0.56, 0.56, 1.09, 0.21, 1.09, 0.21, 0.09, 0.3, 99, 99, 99]
--- num:  29
list:  [0.56, 0.56, 1, 1, 0.98, 0.98, 0.1946991044282913, 0.1946359086036682, 0.32, 0.32, 0.46, 0.26, 0.81, 0.81, 0.75, 0.24, 0.49, 0.64, 0.56, 0.5, 0.48, 0.56, 0.56, 1.09, 0.21, 1.09, 0.21, 0.09, 0.29, 99, 99, 99]
--- num:  29
list:  [0.32, 0.32, 0.51, 0.51, 1, 1, 0.19521726250648497, 0.19512697637081144, 0.32, 0.32, 0.46, 0.26, 0.81, 0.81, 0.75, 0.24, 0.48, 0.64, 0.56, 0.49, 0.47, 0.56, 0.56, 1.09, 0.21, 1.09, 0.21, 0.09, 0.27, 99, 99, 99]
--- num:  29
list:  [0.31, 0.31, 0.5, 0.5, 1, 1, 0.16199999999999998, 0.16199999999999998, 0.34, 0.34, 0.49, 0.23, 0.81, 0.81, 0.75, 0.24, 0.495, 0.64, 0.56, 0.5, 0.49, 0.56, 0.56, 1.09, 0.21, 1.09, 0.21, 0.08, 0.27, 99, 99, 99]
--- num:  29
list:  [0.3, 0.3, 0.46, 0.46, 1, 1, 0.16199999999999998, 0.16199999999999998, 0.49, 0.49, 0.65, 0.08, 0.81, 0.81, 0.75, 0.24, 0.5650000000000001, 0.64, 0.56, 0.5700000000000001, 0.56, 0.56, 0.56, 1.09, 0.21, 1.09, 0.21, 0.08, 0.28, 99, 99, 99]
--- num:  29
list:  [0.31, 0.31, 0.49, 0.49, 1, 1, 0.16199999999999998, 0.16199999999999998, 0.49, 0.49, 0.6, 0.13, 0.81, 0.81, 0.75, 0.24, 0.62, 0.64, 0.56, 0.62, 0.62, 0.56, 0.56, 1.09, 0.21, 1.09, 0.21, 0.09, 0.28, 99, 99, 99]
--- num:  29
list:  [0.31, 0.31, 0.5, 0.5, 1, 1, 0.16199999999999998, 0.16199999999999998, 0.49, 0.49, 0.55, 0.18, 0.81, 0.81, 0.75, 0.24, 0.635, 0.64, 0.56, 0.64, 0.63, 0.56, 0.56, 1.09, 0.21, 1.09, 0.21, 0.09, 0.28, 99, 99, 99]
--- num:  29
list:  [0.32, 0.32, 0.51, 0.51, 1, 1, 0.16199999999999998, 0.16199999999999998, 0.48, 0.48, 0.52, 0.21, 0.81, 0.81, 0.75, 0.24, 0.63, 0.64, 0.56, 0.64, 0.62, 0.56, 0.56, 1.09, 0.21, 1.09, 0.21, 0.09, 0.29, 99, 99, 99]
--- num:  29
list:  [0.32, 0.32, 0.51, 0.51, 1, 1, 0.16199999999999998, 0.16199999999999998, 0.48, 0.48, 0.46, 0.27, 0.81, 0.81, 0.75, 0.24, 0.605, 0.64, 0.56, 0.61, 0.6, 0.56, 0.56, 1.09, 0.21, 1.09, 0.21, 0.09, 0.29, 99, 99, 99]
--- num:  29
list:  [0.31, 0.31, 0.48, 0.48, 1, 1, 0.16199999999999998, 0.16199999999999998, 0.48, 0.48, 0.49, 0.23, 0.81, 0.81, 0.75, 0.24, 0.55, 0.64, 0.56, 0.55, 0.55, 0.56, 0.56, 1.09, 0.21, 1.09, 0.21, 0.1, 0.31, 99, 99, 99]
--- num:  29
list:  [0.3, 0.3, 0.46, 0.46, 1, 1, 0.16199999999999998, 0.16199999999999998, 0.47, 0.47, 0.53, 0.2, 0.81, 0.81, 0.75, 0.24, 0.53, 0.64, 0.56, 0.53, 0.53, 0.56, 0.56, 1.09, 0.21, 1.09, 0.21, 0.11, 0.33, 99, 99, 99]
--- num:  29
list:  [0.29, 0.29, 0.44, 0.44, 1, 1, 0.16199999999999998, 0.16199999999999998, 0.47, 0.47, 0.54, 0.19, 0.81, 0.81, 0.75, 0.24, 0.51, 0.64, 0.56, 0.51, 0.51, 0.56, 0.56, 1.09, 0.21, 1.09, 0.21, 0.11, 0.34, 99, 99, 99]
--- num:  29
list:  [0.27, 0.27, 0.4, 0.4, 1, 1, 0.16199999999999998, 0.16199999999999998, 0.45, 0.45, 0.57, 0.16, 0.81, 0.81, 0.75, 0.24, 0.48, 0.64, 0.56, 0.48, 0.48, 0.56, 0.56, 1.09, 0.21, 1.09, 0.21, 0.1, 0.33, 99, 99, 99]
--- num:  29
list:  [0.23, 0.23, 0.31, 0.31, 1, 1, 0.16199999999999998, 0.16199999999999998, 0.44, 0.44, 0.59, 0.13, 0.81, 0.81, 0.75, 0.24, 0.43, 0.64, 0.56, 0.43, 0.43, 0.56, 0.56, 1.09, 0.21, 1.09, 0.21, 0.1, 0.31, 99, 99, 99]
--- num:  29
list:  [0.22, 0.22, 0.28, 0.28, 1, 1, 0.16199999999999998, 0.16199999999999998, 0.43, 0.43, 0.6, 0.13, 0.81, 0.81, 0.75, 0.24, 0.405, 0.64, 0.56, 0.4, 0.41000000000000003, 0.56, 0.56, 1.09, 0.21, 1.09, 0.21, 0.1, 0.29, 99, 99, 99]
--- num:  29
list:  [0.22, 0.22, 0.28, 0.28, 1, 1, 0.16199999999999998, 0.16199999999999998, 0.42, 0.42, 0.6, 0.13, 0.81, 0.81, 0.75, 0.24, 0.395, 0.64, 0.56, 0.39, 0.4, 0.56, 0.56, 1.09, 0.21, 1.09, 0.21, 0.1, 0.28, 99, 99, 99]
--- num:  29
list:  [0.19, 0.19, 0.22, 0.22, 1, 1, 0.16199999999999998, 0.16199999999999998, 0.42, 0.42, 0.63, 0.1, 0.81, 0.81, 0.75, 0.24, 0.345, 0.64, 0.56, 0.33999999999999997, 0.35, 0.56, 0.56, 1.09, 0.21, 1.09, 0.21, 0.1, 0.27, 99, 99, 99]
--- num:  29
list:  [0.18, 0.18, 0.18, 0.18, 1, 1, 0.16199999999999998, 0.16199999999999998, 0.42, 0.42, 0.61, 0.12, 0.81, 0.81, 0.75, 0.24, 0.325, 0.64, 0.56, 0.32, 0.33, 0.56, 0.56, 1.09, 0.21, 1.09, 0.21, 0.1, 0.27, 99, 99, 99]
--- num:  29
list:  [0.17, 0.17, 0.16, 0.16, 1, 1, 0.16199999999999998, 0.16199999999999998, 0.42, 0.42, 0.62, 0.11, 0.81, 0.81, 0.75, 0.24, 0.325, 0.64, 0.56, 0.32, 0.33, 0.56, 0.56, 1.09, 0.21, 1.09, 0.21, 0.1, 0.26, 99, 99, 99]
--- num:  29
list:  [0.12, 0.12, 0.05, 0.05, 1, 1, 0.2165639954805374, 0.21625366389751433, 0.34, 0.34, 0.45, 0.27, 0.81, 0.81, 0.75, 0.24, 0.27, 0.64, 0.56, 0.27, 0.27, 0.56, 0.56, 1.09, 0.21, 1.09, 0.21, 0.1, 0.26, 99, 99, 99]
--- num:  29
list:  [0.22, 0.22, 0.27, 0.27, 1, 1, 0.42197189807891844, 0.42178655743598936, 0.23, 0.23, 0.39, 0.33, 0.81, 0.81, 0.75, 0.24, 0.255, 0.64, 0.56, 0.26, 0.25, 0.56, 0.56, 1.09, 0.21, 1.09, 0.21, 0.1, 0.25, 99, 99, 99]
--- num:  29
list:  [0.24, 0.24, 0.32, 0.32, 1, 1, 0.2589940536022186, 0.25898156642913817, 0.29, 0.29, 0.41, 0.31, 0.81, 0.81, 0.75, 0.24, 0.26, 0.64, 0.56, 0.27, 0.25, 0.56, 0.56, 1.09, 0.21, 1.09, 0.21, 0.1, 0.22, 99, 99, 99]
--- num:  29
list:  [0.66, 0.66, 1, 1, 0.89, 0.89, 0.7714886474609375, 0.7702255654335022, 0.14, 0.14, 0.42, 0.3, 0.81, 0.81, 0.75, 0.24, 0.325, 0.64, 0.56, 0.33, 0.32, 0.56, 0.56, 1.09, 0.21, 1.09, 0.21, 0.1, 0.24, 99, 99, 99]
--- num:  29
list:  [0.59, 0.59, 1, 1, 0.95, 0.95, 0.3326795208454132, 0.33248243808746336, 0.25, 0.25, 0.44, 0.29, 0.81, 0.81, 0.75, 0.24, 0.33499999999999996, 0.64, 0.56, 0.33999999999999997, 0.33, 0.56, 0.56, 1.09, 0.21, 1.09, 0.21, 0.11, 0.25, 99, 99, 99]
--- num:  29
list:  [0.58, 0.58, 1, 1, 0.96, 0.96, 0.2038187938928604, 0.20371350228786467, 0.3, 0.3, 0.42, 0.3, 0.81, 0.81, 0.75, 0.24, 0.33499999999999996, 0.64, 0.56, 0.33999999999999997, 0.33, 0.56, 0.56, 1.09, 0.21, 1.09, 0.21, 0.11, 0.25, 99, 99, 99]
--- num:  29
list:  [0.58, 0.58, 1, 1, 0.96, 0.96, 0.18090986788272856, 0.18085293054580687, 0.32, 0.32, 0.4, 0.32, 0.81, 0.81, 0.75, 0.24, 0.365, 0.64, 0.56, 0.37, 0.36, 0.56, 0.56, 1.09, 0.21, 1.09, 0.21, 0.1, 0.25, 99, 99, 99]
--- num:  29
list:  [0.58, 0.58, 1, 1, 0.96, 0.96, 0.16199999999999998, 0.16199999999999998, 0.33, 0.33, 0.39, 0.33, 0.81, 0.81, 0.75, 0.24, 0.375, 0.64, 0.56, 0.38, 0.37, 0.56, 0.56, 1.09, 0.21, 1.09, 0.21, 0.1, 0.25, 99, 99, 99]
--- num:  29
list:  [0.61, 0.61, 1, 1, 0.93, 0.93, 0.16199999999999998, 0.16199999999999998, 0.34, 0.34, 0.36, 0.36, 0.81, 0.81, 0.75, 0.24, 0.41000000000000003, 0.64, 0.56, 0.41000000000000003, 0.41000000000000003, 0.56, 0.56, 1.09, 0.21, 1.09, 0.21, 0.1, 0.26, 99, 99, 99]
--- num:  29
list:  [0.64, 0.64, 1, 1, 0.91, 0.91, 0.16199999999999998, 0.16199999999999998, 0.34, 0.34, 0.33, 0.39, 0.81, 0.81, 0.75, 0.24, 0.435, 0.64, 0.56, 0.44, 0.43, 0.56, 0.56, 1.09, 0.21, 1.09, 0.21, 0.11, 0.27, 99, 99, 99]
--- num:  29
list:  [0.64, 0.64, 1, 1, 0.91, 0.91, 0.16199999999999998, 0.16199999999999998, 0.35, 0.35, 0.32, 0.4, 0.81, 0.81, 0.75, 0.24, 0.45, 0.64, 0.56, 0.45, 0.45, 0.56, 0.56, 1.09, 0.21, 1.09, 0.21, 0.11, 0.27, 99, 99, 99]
--- num:  29
list:  [0.75, 0.75, 1, 1, 0.82, 0.82, 0.16199999999999998, 0.16199999999999998, 0.36, 0.36, 0.32, 0.4, 0.81, 0.81, 0.75, 0.24, 0.515, 0.64, 0.56, 0.51, 0.52, 0.56, 0.56, 1.09, 0.21, 1.09, 0.21, 0.12, 0.28, 99, 99, 99]
--- num:  29
list:  [0.87, 0.87, 1, 1, 0.72, 0.72, 0.16199999999999998, 0.16199999999999998, 0.33, 0.33, 0.33, 0.39, 0.81, 0.81, 0.75, 0.24, 0.5900000000000001, 0.64, 0.56, 0.5900000000000001, 0.5900000000000001, 0.56, 0.56, 1.09, 0.21, 1.09, 0.21, 0.12, 0.3, 99, 99, 99]
--- num:  29
list:  [0.89, 0.89, 1, 1, 0.71, 0.71, 0.16199999999999998, 0.16199999999999998, 0.35, 0.35, 0.34, 0.39, 0.81, 0.81, 0.75, 0.24, 0.61, 0.64, 0.56, 0.61, 0.61, 0.56, 0.56, 1.09, 0.21, 1.09, 0.21, 0.13, 0.31, 99, 99, 99]
--- num:  29
list:  [0.87, 0.87, 1, 1, 0.73, 0.73, 0.16199999999999998, 0.16199999999999998, 0.36, 0.36, 0.34, 0.38, 0.81, 0.81, 0.75, 0.24, 0.6, 0.64, 0.56, 0.6, 0.6, 0.56, 0.56, 1.09, 0.21, 1.09, 0.21, 0.13, 0.31, 99, 99, 99]
--- num:  29
list:  [0.83, 0.83, 1, 1, 0.75, 0.75, 0.16199999999999998, 0.16199999999999998, 0.36, 0.36, 0.35, 0.37, 0.81, 0.81, 0.75, 0.24, 0.6, 0.64, 0.56, 0.6, 0.6, 0.56, 0.56, 1.09, 0.21, 1.09, 0.21, 0.13, 0.3, 99, 99, 99]
--- num:  29
list:  [0.67, 0.67, 1, 1, 0.88, 0.88, 0.9733096170425415, 0.9733069944381714, 0.3, 0.3, 0.38, 0.35, 0.81, 0.81, 0.75, 0.24, 0.33999999999999997, 0.64, 0.56, 0.35, 0.33, 0.56, 0.56, 1.09, 0.21, 1.09, 0.21, 0.11, 0.34, 99, 99, 99]
--- num:  29
list:  [0.61, 0.61, 1, 1, 0.93, 0.93, 0.9652770566940307, 0.9652669239044189, 0.3, 0.3, 0.37, 0.36, 0.81, 0.81, 0.75, 0.24, 0.32, 0.64, 0.56, 0.33, 0.31, 0.56, 0.56, 1.09, 0.21, 1.09, 0.21, 0.1, 0.33, 99, 99, 99]
--- num:  29
list:  [0.61, 0.61, 1, 1, 0.94, 0.94, 0.18743791759014128, 0.18739705860614775, 0.32, 0.32, 0.35, 0.37, 0.81, 0.81, 0.75, 0.24, 0.445, 0.64, 0.56, 0.45, 0.44, 0.56, 0.56, 1.09, 0.21, 1.09, 0.21, 0.11, 0.32, 99, 99, 99]
--- num:  29
list:  [0.61, 0.61, 1, 1, 0.93, 0.93, 0.16199999999999998, 0.16199999999999998, 0.38, 0.38, 0.35, 0.37, 0.81, 0.81, 0.75, 0.24, 0.46499999999999997, 0.64, 0.56, 0.47, 0.45999999999999996, 0.56, 0.56, 1.09, 0.21, 1.09, 0.21, 0.11, 0.3, 99, 99, 99]
--- num:  29
list:  [0.62, 0.62, 1, 1, 0.92, 0.92, 0.9703206825256347, 0.970310788154602, 0.29, 0.29, 0.4, 0.32, 0.81, 0.81, 0.75, 0.24, 0.32999999999999996, 0.64, 0.56, 0.35, 0.31, 0.56, 0.56, 1.09, 0.21, 1.09, 0.21, 0.1, 0.3, 99, 99, 99]
--- num:  29
list:  [0.62, 0.62, 1, 1, 0.93, 0.93, 0.965273003578186, 0.9652691888809204, 0.29, 0.29, 0.46, 0.27, 0.81, 0.81, 0.75, 0.24, 0.33999999999999997, 0.64, 0.56, 0.36, 0.32, 0.56, 0.56, 1.09, 0.21, 1.09, 0.21, 0.1, 0.3, 99, 99, 99]
--- num:  29
list:  [0.57, 0.57, 1, 1, 0.97, 0.97, 0.25218025922775267, 0.2519505429267883, 0.32, 0.32, 0.52, 0.21, 0.81, 0.81, 0.75, 0.24, 0.37, 0.64, 0.56, 0.38, 0.36, 0.56, 0.56, 1.09, 0.21, 1.09, 0.21, 0.1, 0.26, 99, 99, 99]
--- num:  29
list:  [0.57, 0.57, 1, 1, 0.97, 0.97, 0.16199999999999998, 0.16199999999999998, 0.36, 0.36, 0.55, 0.17, 0.81, 0.81, 0.75, 0.24, 0.375, 0.64, 0.56, 0.38, 0.37, 0.56, 0.56, 1.09, 0.21, 1.09, 0.21, 0.1, 0.23, 99, 99, 99]
--- num:  29
list:  [0.56, 0.56, 1, 1, 0.97, 0.97, 0.16199999999999998, 0.16199999999999998, 0.37, 0.37, 0.56, 0.17, 0.81, 0.81, 0.75, 0.24, 0.38, 0.64, 0.56, 0.39, 0.37, 0.56, 0.56, 1.09, 0.21, 1.09, 0.21, 0.1, 0.21, 99, 99, 99]
--- num:  29
list:  [0.56, 0.56, 1, 1, 0.98, 0.98, 0.16199999999999998, 0.16199999999999998, 0.37, 0.37, 0.54, 0.18, 0.81, 0.81, 0.75, 0.24, 0.4, 0.64, 0.56, 0.41000000000000003, 0.39, 0.56, 0.56, 1.09, 0.21, 1.09, 0.21, 0.09, 0.21, 99, 99, 99]
--- num:  29
list:  [0.56, 0.56, 1, 1, 0.98, 0.98, 0.16199999999999998, 0.16199999999999998, 0.37, 0.37, 0.53, 0.19, 0.81, 0.81, 0.75, 0.24, 0.4, 0.64, 0.56, 0.41000000000000003, 0.39, 0.56, 0.56, 1.09, 0.21, 1.09, 0.21, 0.09, 0.2, 99, 99, 99]
--- num:  29
list:  [0.55, 0.55, 1, 1, 0.98, 0.98, 0.16199999999999998, 0.16199999999999998, 0.38, 0.38, 0.53, 0.19, 0.81, 0.81, 0.75, 0.24, 0.4, 0.64, 0.56, 0.41000000000000003, 0.39, 0.56, 0.56, 1.09, 0.21, 1.09, 0.21, 0.09, 0.21, 99, 99, 99]
--- num:  29
list:  [0.33, 0.33, 0.53, 0.53, 1, 1, 0.16199999999999998, 0.16199999999999998, 0.38, 0.38, 0.59, 0.14, 0.81, 0.81, 0.75, 0.23, 0.4, 0.64, 0.56, 0.41000000000000003, 0.39, 0.56, 0.56, 1.09, 0.21, 1.09, 0.21, 0.09, 0.2, 99, 99, 99]
--- num:  29
list:  [0.31, 0.31, 0.49, 0.49, 1, 1, 0.16199999999999998, 0.16199999999999998, 0.36, 0.36, 0.69, 0.04, 0.81, 0.81, 0.75, 0.23, 0.4, 0.64, 0.56, 0.41000000000000003, 0.39, 0.56, 0.56, 1.09, 0.21, 1.09, 0.21, 0.08, 0.22, 99, 99, 99]
--- num:  29
list:  [0.3, 0.3, 0.47, 0.47, 1, 1, 0.16199999999999998, 0.16199999999999998, 0.36, 0.36, 0.67, 0.06, 0.81, 0.81, 0.75, 0.23, 0.395, 0.64, 0.56, 0.4, 0.39, 0.56, 0.56, 1.09, 0.21, 1.09, 0.21, 0.08, 0.22, 99, 99, 99]
--- num:  29
list:  [0.31, 0.31, 0.48, 0.48, 1, 1, 0.16199999999999998, 0.16199999999999998, 0.36, 0.36, 0.62, 0.11, 0.81, 0.81, 0.75, 0.23, 0.4, 0.64, 0.56, 0.41000000000000003, 0.39, 0.56, 0.56, 1.09, 0.21, 1.09, 0.21, 0.08, 0.21, 99, 99, 99]
--- num:  29
list:  [0.27, 0.27, 0.4, 0.4, 1, 1, 0.6105947303771972, 0.5990428733825683, 0.21, 0.21, 0.51, 0.22, 0.81, 0.81, 0.75, 0.23, 0.385, 0.64, 0.56, 0.39, 0.38, 0.56, 0.56, 1.09, 0.21, 1.09, 0.21, 0.08, 0.2, 99, 99, 99]
--- num:  29
list:  [0.29, 0.29, 0.44, 0.44, 1, 1, 0.16199999999999998, 0.16199999999999998, 0.34, 0.34, 0.47, 0.25, 0.81, 0.81, 0.75, 0.23, 0.405, 0.64, 0.56, 0.41000000000000003, 0.4, 0.56, 0.56, 1.09, 0.21, 1.09, 0.21, 0.08, 0.2, 99, 99, 99]
--- num:  29
list:  [0.31, 0.31, 0.49, 0.49, 1, 1, 0.16199999999999998, 0.16199999999999998, 0.33, 0.33, 0.36, 0.37, 0.81, 0.81, 0.75, 0.24, 0.405, 0.64, 0.56, 0.41000000000000003, 0.4, 0.56, 0.56, 1.09, 0.21, 1.09, 0.21, 0.08, 0.21, 99, 99, 99]
--- num:  29
list:  [0.31, 0.31, 0.48, 0.48, 1, 1, 0.16199999999999998, 0.16199999999999998, 0.33, 0.33, 0.31, 0.41, 0.81, 0.81, 0.75, 0.24, 0.435, 0.64, 0.56, 0.44, 0.43, 0.56, 0.56, 1.09, 0.21, 1.09, 0.21, 0.08, 0.23, 99, 99, 99]
--- num:  29
list:  [0.31, 0.31, 0.5, 0.5, 1, 1, 0.16199999999999998, 0.16199999999999998, 0.33, 0.33, 0.29, 0.43, 0.81, 0.81, 0.75, 0.24, 0.45, 0.64, 0.56, 0.45, 0.45, 0.56, 0.56, 1.09, 0.21, 1.09, 0.21, 0.09, 0.25, 99, 99, 99]
--- num:  29
list:  [0.32, 0.32, 0.52, 0.52, 1, 1, 0.16199999999999998, 0.16199999999999998, 0.33, 0.33, 0.28, 0.44, 0.81, 0.81, 0.75, 0.24, 0.45499999999999996, 0.64, 0.56, 0.45999999999999996, 0.45, 0.56, 0.56, 1.09, 0.21, 1.09, 0.21, 0.1, 0.27, 99, 99, 99]
--- num:  29
list:  [0.32, 0.32, 0.52, 0.52, 1, 1, 0.16199999999999998, 0.16199999999999998, 0.33, 0.33, 0.27, 0.45, 0.81, 0.81, 0.75, 0.24, 0.46499999999999997, 0.64, 0.56, 0.47, 0.45999999999999996, 0.56, 0.56, 1.09, 0.21, 1.09, 0.21, 0.1, 0.28, 99, 99, 99]
--- num:  29
list:  [0.31, 0.31, 0.48, 0.48, 1, 1, 0.5039366292953491, 0.5017000842094421, 0.21, 0.21, 0.27, 0.45, 0.81, 0.81, 0.75, 0.24, 0.4, 0.64, 0.56, 0.4, 0.4, 0.56, 0.56, 1.09, 0.21, 1.09, 0.21, 0.1, 0.31, 99, 99, 99]
--- num:  29
list:  [0.31, 0.31, 0.48, 0.48, 1, 1, 0.1983905094861984, 0.19832357347011564, 0.32, 0.32, 0.25, 0.47, 0.81, 0.81, 0.75, 0.24, 0.41000000000000003, 0.64, 0.56, 0.41000000000000003, 0.41000000000000003, 0.56, 0.56, 1.09, 0.21, 1.09, 0.21, 0.11, 0.3, 99, 99, 99]
--- num:  29
list:  [0.31, 0.31, 0.49, 0.49, 1, 1, 0.16199999999999998, 0.16199999999999998, 0.33, 0.33, 0.24, 0.48, 0.81, 0.81, 0.75, 0.24, 0.41500000000000004, 0.64, 0.56, 0.42000000000000004, 0.41000000000000003, 0.56, 0.56, 1.09, 0.21, 1.09, 0.21, 0.11, 0.29, 99, 99, 99]
--- num:  29
list:  [0.31, 0.31, 0.49, 0.49, 1, 1, 0.16199999999999998, 0.16199999999999998, 0.34, 0.34, 0.25, 0.48, 0.81, 0.81, 0.75, 0.24, 0.42500000000000004, 0.64, 0.56, 0.43, 0.42000000000000004, 0.56, 0.56, 1.09, 0.21, 1.09, 0.21, 0.11, 0.28, 99, 99, 99]
--- num:  29
list:  [0.31, 0.31, 0.49, 0.49, 1, 1, 0.16199999999999998, 0.16199999999999998, 0.35, 0.35, 0.25, 0.47, 0.81, 0.81, 0.75, 0.24, 0.43, 0.64, 0.56, 0.43, 0.43, 0.56, 0.56, 1.09, 0.21, 1.09, 0.21, 0.11, 0.27, 99, 99, 99]
--- num:  29
list:  [0.32, 0.32, 0.52, 0.52, 1, 1, 0.16199999999999998, 0.16199999999999998, 0.35, 0.35, 0.28, 0.45, 0.81, 0.81, 0.75, 0.24, 0.435, 0.64, 0.56, 0.44, 0.43, 0.56, 0.56, 1.09, 0.21, 1.09, 0.21, 0.11, 0.26, 99, 99, 99]
--- num:  29
list:  [0.32, 0.32, 0.52, 0.52, 1, 1, 0.16199999999999998, 0.16199999999999998, 0.36, 0.36, 0.3, 0.42, 0.81, 0.81, 0.75, 0.24, 0.435, 0.64, 0.56, 0.44, 0.43, 0.56, 0.56, 1.09, 0.21, 1.09, 0.21, 0.11, 0.26, 99, 99, 99]
--- num:  29
list:  [0.29, 0.29, 0.44, 0.44, 1, 1, 0.16199999999999998, 0.16199999999999998, 0.36, 0.36, 0.32, 0.4, 0.81, 0.81, 0.75, 0.24, 0.42500000000000004, 0.64, 0.56, 0.43, 0.42000000000000004, 0.56, 0.56, 1.09, 0.21, 1.09, 0.21, 0.12, 0.25, 99, 99, 99]
--- num:  29
list:  [0.29, 0.29, 0.44, 0.44, 1, 1, 0.16199999999999998, 0.16199999999999998, 0.35, 0.35, 0.34, 0.38, 0.81, 0.81, 0.75, 0.24, 0.41500000000000004, 0.64, 0.56, 0.42000000000000004, 0.41000000000000003, 0.56, 0.56, 1.09, 0.21, 1.09, 0.21, 0.12, 0.21, 99, 99, 99]
--- num:  29
list:  [0.3, 0.3, 0.45, 0.45, 1, 1, 0.16199999999999998, 0.16199999999999998, 0.35, 0.35, 0.37, 0.35, 0.81, 0.81, 0.75, 0.24, 0.38, 0.64, 0.56, 0.39, 0.37, 0.56, 0.56, 1.09, 0.21, 1.09, 0.21, 0.12, 0.18, 99, 99, 99]
--- num:  29
list:  [0.29, 0.29, 0.45, 0.45, 1, 1, 0.16199999999999998, 0.16199999999999998, 0.34, 0.34, 0.4, 0.32, 0.81, 0.81, 0.75, 0.24, 0.37, 0.64, 0.56, 0.38, 0.36, 0.56, 0.56, 1.09, 0.21, 1.09, 0.21, 0.12, 0.15, 99, 99, 99]
--- num:  29
list:  [0.29, 0.29, 0.44, 0.44, 1, 1, 0.16199999999999998, 0.16199999999999998, 0.34, 0.34, 0.41, 0.31, 0.81, 0.81, 0.75, 0.24, 0.37, 0.64, 0.56, 0.38, 0.36, 0.56, 0.56, 1.09, 0.21, 1.09, 0.21, 0.12, 0.14, 99, 99, 99]
--- num:  29
list:  [0.27, 0.27, 0.39, 0.39, 1, 1, 0.16199999999999998, 0.16199999999999998, 0.38, 0.38, 0.43, 0.29, 0.81, 0.81, 0.75, 0.24, 0.385, 0.64, 0.56, 0.39, 0.38, 0.56, 0.56, 1.09, 0.21, 1.09, 0.21, 0.12, 0.13, 99, 99, 99]
--- num:  29
list:  [0.26, 0.26, 0.37, 0.37, 1, 1, 0.16199999999999998, 0.16199999999999998, 0.4, 0.4, 0.44, 0.28, 0.81, 0.81, 0.75, 0.24, 0.38, 0.64, 0.56, 0.39, 0.37, 0.56, 0.56, 1.09, 0.21, 1.09, 0.21, 0.12, 0.13, 99, 99, 99]
--- num:  29
list:  [0.26, 0.26, 0.37, 0.37, 1, 1, 0.16199999999999998, 0.16199999999999998, 0.4, 0.4, 0.45, 0.27, 0.81, 0.81, 0.75, 0.24, 0.38, 0.64, 0.56, 0.39, 0.37, 0.56, 0.56, 1.09, 0.21, 1.09, 0.21, 0.12, 0.13, 99, 99, 99]
--- num:  29
list:  [0.25, 0.25, 0.34, 0.34, 1, 1, 0.16199999999999998, 0.16199999999999998, 0.4, 0.4, 0.46, 0.26, 0.81, 0.81, 0.75, 0.24, 0.385, 0.64, 0.56, 0.4, 0.37, 0.56, 0.56, 1.09, 0.21, 1.09, 0.21, 0.12, 0.14, 99, 99, 99]
--- num:  29
list:  [0.26, 0.26, 0.38, 0.38, 1, 1, 0.16199999999999998, 0.16199999999999998, 0.4, 0.4, 0.49, 0.24, 0.81, 0.81, 0.75, 0.24, 0.41000000000000003, 0.64, 0.56, 0.42000000000000004, 0.4, 0.56, 0.56, 1.09, 0.21, 1.09, 0.21, 0.12, 0.14, 99, 99, 99]
--- num:  29
list:  [0.26, 0.26, 0.37, 0.37, 1, 1, 0.16199999999999998, 0.16199999999999998, 0.39, 0.39, 0.5, 0.23, 0.81, 0.81, 0.75, 0.24, 0.4, 0.64, 0.56, 0.41000000000000003, 0.39, 0.56, 0.56, 1.09, 0.21, 1.09, 0.21, 0.11, 0.14, 99, 99, 99]
--- num:  29
list:  [0.26, 0.26, 0.37, 0.37, 1, 1, 0.16199999999999998, 0.16199999999999998, 0.38, 0.38, 0.5, 0.22, 0.81, 0.81, 0.75, 0.24, 0.4, 0.64, 0.56, 0.41000000000000003, 0.39, 0.56, 0.56, 1.09, 0.21, 1.09, 0.21, 0.1, 0.13, 99, 99, 99]
--- num:  29
list:  [0.28, 0.28, 0.42, 0.42, 1, 1, 0.16199999999999998, 0.16199999999999998, 0.38, 0.38, 0.5, 0.22, 0.81, 0.81, 0.75, 0.24, 0.42000000000000004, 0.64, 0.56, 0.43, 0.41000000000000003, 0.56, 0.56, 1.09, 0.21, 1.09, 0.21, 0.1, 0.15, 99, 99, 99]
--- num:  29
list:  [0.29, 0.29, 0.43, 0.43, 1, 1, 0.16199999999999998, 0.16199999999999998, 0.38, 0.38, 0.49, 0.23, 0.81, 0.81, 0.75, 0.24, 0.47, 0.64, 0.56, 0.48, 0.45999999999999996, 0.56, 0.56, 1.09, 0.21, 1.09, 0.21, 0.08, 0.21, 99, 99, 99]
--- num:  29
list:  [0.29, 0.29, 0.44, 0.44, 1, 1, 0.16199999999999998, 0.16199999999999998, 0.38, 0.38, 0.48, 0.25, 0.81, 0.81, 0.75, 0.24, 0.44, 0.64, 0.56, 0.45, 0.43, 0.56, 0.56, 1.09, 0.21, 1.09, 0.21, 0.08, 0.23, 99, 99, 99]
--- num:  29
list:  [0.29, 0.29, 0.45, 0.45, 1, 1, 0.16199999999999998, 0.16199999999999998, 0.38, 0.38, 0.44, 0.28, 0.81, 0.81, 0.75, 0.24, 0.42000000000000004, 0.64, 0.56, 0.43, 0.41000000000000003, 0.56, 0.56, 1.09, 0.21, 1.09, 0.21, 0.08, 0.23, 99, 99, 99]
--- num:  29
list:  [0.3, 0.3, 0.46, 0.46, 1, 1, 0.16199999999999998, 0.16199999999999998, 0.38, 0.38, 0.37, 0.35, 0.81, 0.81, 0.75, 0.24, 0.42000000000000004, 0.64, 0.56, 0.43, 0.41000000000000003, 0.56, 0.56, 1.09, 0.21, 1.09, 0.21, 0.08, 0.23, 99, 99, 99]
--- num:  29
list:  [0.3, 0.3, 0.45, 0.45, 1, 1, 0.16199999999999998, 0.16199999999999998, 0.39, 0.39, 0.31, 0.41, 0.81, 0.81, 0.75, 0.24, 0.43000000000000005, 0.64, 0.56, 0.44, 0.42000000000000004, 0.56, 0.56, 1.09, 0.21, 1.09, 0.21, 0.09, 0.22, 99, 99, 99]
--- num:  29
list:  [0.3, 0.3, 0.46, 0.46, 1, 1, 0.16199999999999998, 0.16199999999999998, 0.4, 0.4, 0.29, 0.43, 0.81, 0.81, 0.75, 0.24, 0.44, 0.64, 0.56, 0.45, 0.43, 0.56, 0.56, 1.09, 0.21, 1.09, 0.21, 0.1, 0.22, 99, 99, 99]
--- num:  29
list:  [0.31, 0.31, 0.49, 0.49, 1, 1, 0.16199999999999998, 0.16199999999999998, 0.34, 0.34, 0.28, 0.44, 0.81, 0.81, 0.75, 0.24, 0.39, 0.64, 0.56, 0.4, 0.38, 0.56, 0.56, 1.09, 0.21, 1.09, 0.21, 0.11, 0.23, 99, 99, 99]
--- num:  29
list:  [0.31, 0.31, 0.49, 0.49, 1, 1, 0.16199999999999998, 0.16199999999999998, 0.34, 0.34, 0.28, 0.44, 0.81, 0.81, 0.75, 0.24, 0.375, 0.64, 0.56, 0.38, 0.37, 0.56, 0.56, 1.09, 0.21, 1.09, 0.21, 0.12, 0.25, 99, 99, 99]
--- num:  29
list:  [0.26, 0.26, 0.38, 0.38, 1, 1, 0.16199999999999998, 0.16199999999999998, 0.37, 0.37, 0.32, 0.4, 0.81, 0.81, 0.75, 0.24, 0.375, 0.64, 0.56, 0.38, 0.37, 0.56, 0.56, 1.09, 0.21, 1.09, 0.21, 0.13, 0.26, 99, 99, 99]
--- num:  29
list:  [0.24, 0.24, 0.32, 0.32, 1, 1, 0.16199999999999998, 0.16199999999999998, 0.45, 0.45, 0.45, 0.28, 0.81, 0.81, 0.75, 0.24, 0.42000000000000004, 0.64, 0.56, 0.42000000000000004, 0.42000000000000004, 0.56, 0.56, 1.09, 0.21, 1.09, 0.21, 0.13, 0.35, 99, 99, 99]
--- num:  29
list:  [0.25, 0.25, 0.34, 0.34, 1, 1, 0.16199999999999998, 0.16199999999999998, 0.45, 0.45, 0.44, 0.29, 0.81, 0.81, 0.75, 0.24, 0.43, 0.64, 0.56, 0.43, 0.43, 0.56, 0.56, 1.09, 0.21, 1.09, 0.21, 0.14, 0.34, 99, 99, 99]
--- num:  29
list:  [0.25, 0.25, 0.35, 0.35, 1, 1, 0.16199999999999998, 0.16199999999999998, 0.45, 0.45, 0.46, 0.26, 0.81, 0.81, 0.75, 0.24, 0.42500000000000004, 0.64, 0.56, 0.42000000000000004, 0.43, 0.56, 0.56, 1.09, 0.21, 1.09, 0.21, 0.17, 0.34, 99, 99, 99]
--- num:  29
list:  [0.25, 0.25, 0.34, 0.34, 1, 1, 0.16199999999999998, 0.16199999999999998, 0.44, 0.44, 0.47, 0.26, 0.81, 0.81, 0.75, 0.24, 0.41500000000000004, 0.64, 0.56, 0.41000000000000003, 0.42000000000000004, 0.56, 0.56, 1.09, 0.21, 1.09, 0.21, 0.18, 0.33, 99, 99, 99]
--- num:  29
list:  [0.24, 0.24, 0.33, 0.33, 1, 1, 0.16199999999999998, 0.16199999999999998, 0.43, 0.43, 0.47, 0.26, 0.81, 0.81, 0.75, 0.24, 0.405, 0.65, 0.56, 0.4, 0.41000000000000003, 0.56, 0.56, 1.09, 0.21, 1.09, 0.21, 0.19, 0.39, 99, 99, 99]
--- num:  29
list:  [0.22, 0.22, 0.29, 0.29, 1, 1, 0.16199999999999998, 0.16199999999999998, 0.41, 0.41, 0.46, 0.27, 0.81, 0.81, 0.75, 0.24, 0.395, 0.65, 0.56, 0.39, 0.4, 0.56, 0.56, 1.09, 0.21, 1.09, 0.21, 0.18, 0.41, 99, 99, 99]
--- num:  29
list:  [0.22, 0.22, 0.29, 0.29, 1, 1, 0.16199999999999998, 0.16199999999999998, 0.41, 0.41, 0.46, 0.27, 0.81, 0.81, 0.75, 0.24, 0.395, 0.65, 0.56, 0.39, 0.4, 0.56, 0.56, 1.09, 0.21, 1.09, 0.21, 0.17, 0.4, 99, 99, 99]
--- num:  29
list:  [0.23, 0.23, 0.3, 0.3, 1, 1, 0.16199999999999998, 0.16199999999999998, 0.42, 0.42, 0.46, 0.26, 0.81, 0.81, 0.75, 0.24, 0.4, 0.65, 0.56, 0.4, 0.4, 0.56, 0.56, 1.09, 0.21, 1.09, 0.21, 0.17, 0.4, 99, 99, 99]
--- num:  29
list:  [0.24, 0.24, 0.31, 0.31, 1, 1, 0.16199999999999998, 0.16199999999999998, 0.42, 0.42, 0.47, 0.26, 0.81, 0.81, 0.75, 0.24, 0.42000000000000004, 0.65, 0.56, 0.42000000000000004, 0.42000000000000004, 0.56, 0.56, 1.09, 0.21, 1.09, 0.21, 0.16, 0.37, 99, 99, 99]
--- num:  29
list:  [0.22, 0.22, 0.29, 0.29, 1, 1, 0.16199999999999998, 0.16199999999999998, 0.46, 0.46, 0.43, 0.3, 0.81, 0.81, 0.75, 0.24, 0.45499999999999996, 0.64, 0.56, 0.45, 0.45999999999999996, 0.56, 0.56, 1.09, 0.21, 1.09, 0.21, 0.14, 0.36, 99, 99, 99]
--- num:  29
list:  [0.27, 0.27, 0.39, 0.39, 1, 1, 0.27232960939407347, 0.2722355234622955, 0.33, 0.33, 0.29, 0.43, 0.81, 0.81, 0.75, 0.24, 0.41000000000000003, 0.64, 0.56, 0.42000000000000004, 0.4, 0.56, 0.56, 1.09, 0.21, 1.09, 0.21, 0.13, 0.28, 99, 99, 99]
--- num:  29
list:  [0.29, 0.29, 0.43, 0.43, 1, 1, 0.18017038285732268, 0.16199999999999998, 0.36, 0.36, 0.3, 0.42, 0.81, 0.81, 0.75, 0.24, 0.435, 0.64, 0.56, 0.44, 0.43, 0.56, 0.56, 1.09, 0.21, 1.09, 0.21, 0.13, 0.24, 99, 99, 99]
--- num:  29
list:  [0.29, 0.29, 0.45, 0.45, 1, 1, 0.16199999999999998, 0.16199999999999998, 0.39, 0.39, 0.32, 0.41, 0.81, 0.81, 0.75, 0.24, 0.41000000000000003, 0.64, 0.56, 0.42000000000000004, 0.4, 0.56, 0.56, 1.09, 0.21, 1.09, 0.21, 0.13, 0.23, 99, 99, 99]
--- num:  29
list:  [0.3, 0.3, 0.46, 0.46, 1, 1, 0.16199999999999998, 0.16199999999999998, 0.4, 0.4, 0.33, 0.4, 0.81, 0.81, 0.75, 0.24, 0.44999999999999996, 0.64, 0.56, 0.45999999999999996, 0.44, 0.56, 0.56, 1.09, 0.21, 1.09, 0.21, 0.12, 0.21, 99, 99, 99]
--- num:  29
list:  [0.31, 0.31, 0.48, 0.48, 1, 1, 0.16199999999999998, 0.16199999999999998, 0.43, 0.43, 0.34, 0.39, 0.81, 0.81, 0.75, 0.24, 0.43000000000000005, 0.64, 0.56, 0.44, 0.42000000000000004, 0.56, 0.56, 1.09, 0.21, 1.09, 0.21, 0.14, 0.2, 99, 99, 99]
--- num:  29
list:  [0.31, 0.31, 0.49, 0.49, 1, 1, 0.16199999999999998, 0.16199999999999998, 0.42, 0.42, 0.34, 0.38, 0.81, 0.81, 0.75, 0.24, 0.43500000000000005, 0.64, 0.56, 0.45, 0.42000000000000004, 0.56, 0.56, 1.09, 0.21, 1.09, 0.21, 0.14, 0.18, 99, 99, 99]
--- num:  29
list:  [0.31, 0.31, 0.5, 0.5, 1, 1, 0.16199999999999998, 0.16199999999999998, 0.42, 0.42, 0.35, 0.37, 0.81, 0.81, 0.75, 0.24, 0.43000000000000005, 0.64, 0.56, 0.44, 0.42000000000000004, 0.56, 0.56, 1.09, 0.21, 1.09, 0.21, 0.13, 0.17, 99, 99, 99]
--- num:  29
list:  [0.27, 0.27, 0.4, 0.4, 1, 1, 0.16199999999999998, 0.16199999999999998, 0.45, 0.45, 0.48, 0.24, 0.81, 0.81, 0.75, 0.24, 0.43000000000000005, 0.64, 0.56, 0.44, 0.42000000000000004, 0.56, 0.56, 1.09, 0.21, 1.09, 0.21, 0.13, 0.16, 99, 99, 99]
--- num:  29
list:  [0.26, 0.26, 0.38, 0.38, 1, 1, 0.16199999999999998, 0.16199999999999998, 0.48, 0.48, 0.54, 0.19, 0.81, 0.81, 0.75, 0.24, 0.43000000000000005, 0.64, 0.56, 0.44, 0.42000000000000004, 0.56, 0.56, 1.09, 0.21, 1.09, 0.21, 0.12, 0.17, 99, 99, 99]
--- num:  29
list:  [0.3, 0.3, 0.47, 0.47, 1, 1, 0.16199999999999998, 0.16199999999999998, 0.47, 0.47, 0.54, 0.18, 0.81, 0.81, 0.75, 0.24, 0.45999999999999996, 0.64, 0.56, 0.47, 0.45, 0.56, 0.56, 1.09, 0.21, 1.09, 0.21, 0.12, 0.17, 99, 99, 99]
--- num:  29
list:  [0.31, 0.31, 0.49, 0.49, 1, 1, 0.16199999999999998, 0.16199999999999998, 0.48, 0.48, 0.56, 0.16, 0.81, 0.81, 0.75, 0.24, 0.48, 0.64, 0.56, 0.49, 0.47, 0.56, 0.56, 1.09, 0.21, 1.09, 0.21, 0.12, 0.17, 99, 99, 99]
--- num:  29
list:  [0.34, 0.34, 0.57, 0.57, 1, 1, 0.16199999999999998, 0.16199999999999998, 0.47, 0.47, 0.57, 0.16, 0.81, 0.81, 0.75, 0.24, 0.48, 0.64, 0.56, 0.49, 0.47, 0.56, 0.56, 1.09, 0.21, 1.09, 0.21, 0.12, 0.17, 99, 99, 99]
--- num:  29
list:  [0.37, 0.37, 0.62, 0.62, 1, 1, 0.16199999999999998, 0.16199999999999998, 0.47, 0.47, 0.55, 0.18, 0.81, 0.81, 0.75, 0.24, 0.48, 0.64, 0.56, 0.49, 0.47, 0.56, 0.56, 1.09, 0.21, 1.09, 0.21, 0.12, 0.18, 99, 99, 99]
--- num:  29
list:  [0.35, 0.35, 0.59, 0.59, 1, 1, 0.16199999999999998, 0.16199999999999998, 0.46, 0.46, 0.53, 0.19, 0.81, 0.81, 0.75, 0.24, 0.49, 0.64, 0.56, 0.5, 0.48, 0.56, 0.56, 1.09, 0.21, 1.09, 0.21, 0.12, 0.18, 99, 99, 99]
--- num:  29
list:  [0.56, 0.56, 1, 1, 0.98, 0.98, 0.37966219663619993, 0.37847829937934874, 0.32, 0.32, 0.38, 0.34, 0.75, 0.75, 0.75, 0.26, 0.61, 0.66, 0.56, 0.61, 0.61, 0.56, 0.56, 1.05, 0.23, 1.05, 0.23, 0.14, 0.23, 99, 99, 99]
--- num:  29
list:  [0.56, 0.56, 1, 1, 0.97, 0.97, 0.16199999999999998, 0.16199999999999998, 0.4, 0.4, 0.36, 0.36, 0.2699999999999999, 0.23999999999999988, 1, 0.31, 0.785, 0.7, 0.5, 0.78, 0.79, 0.5, 0.5, 0.73, 0.37, 0.71, 0.38, 0.08, 0.27, 99, 99, 99]
--- num:  29
list:  [0.56, 0.56, 1, 1, 0.98, 0.98, 0.16199999999999998, 0.16199999999999998, 0.41, 0.41, 0.36, 0.36, 0.23999999999999988, 0.20999999999999985, 1, 0.32, 0.86, 0.7, 0.42, 0.86, 0.86, 0.42, 0.42, 0.71, 0.38, 0.69, 0.39, 0.05, 0.31, 99, 99, 99]
--- num:  29
list:  [0.56, 0.56, 1, 1, 0.98, 0.98, 0.3940093922615051, 0.39198784112930296, 0.31, 0.31, 0.38, 0.34, 0.23999999999999988, 0.20999999999999985, 1, 0.29, 0.93, 0.68, 0.34, 0.93, 0.93, 0.34, 0.34, 0.71, 0.38, 0.69, 0.39, 0.04, 0.34, 99, 99, 99]
--- num:  29
list:  [0.56, 0.56, 1, 1, 0.98, 0.98, 0.16199999999999998, 0.16199999999999998, 0.38, 0.38, 0.42, 0.31, 0.2699999999999999, 0.2549999999999999, 1, 0.26, 0.95, 0.66, 0.3, 0.95, 0.95, 0.3, 0.3, 0.73, 0.37, 0.72, 0.38, 0.04, 0.42, 99, 99, 99]
--- num:  29
list:  [0.56, 0.56, 1, 1, 0.98, 0.98, 0.16199999999999998, 0.16199999999999998, 0.42, 0.42, 0.43, 0.29, 0.29999999999999993, 0.2849999999999999, 1, 0.25, 0.96, 0.65, 0.3, 0.96, 0.96, 0.3, 0.3, 0.75, 0.36, 0.74, 0.37, 0.03, 0.44, 99, 99, 99]
--- num:  29
list:  [0.55, 0.55, 1, 1, 0.98, 0.98, 0.16199999999999998, 0.16199999999999998, 0.43, 0.43, 0.45, 0.27, 0.29999999999999993, 0.2849999999999999, 1, 0.25, 0.96, 0.65, 0.3, 0.96, 0.96, 0.3, 0.3, 0.75, 0.36, 0.74, 0.37, 0.03, 0.45, 99, 99, 99]
--- num:  29
list:  [0.42, 0.42, 0.74, 0.74, 1, 1, 0.2554938006401062, 0.25382174134254454, 0.37, 0.37, 0.48, 0.24, 0.2849999999999999, 0.2699999999999999, 1, 0.25, 0.96, 0.65, 0.33, 0.96, 0.96, 0.33, 0.33, 0.74, 0.37, 0.73, 0.37, 0.04, 0.45, 99, 99, 99]
--- num:  29
list:  [0.57, 0.57, 1, 1, 0.97, 0.97, 0.7642224836349487, 0.7300680685043335, 0.26, 0.26, 0.47, 0.25, 0.2699999999999999, 0.2849999999999999, 0.75, 0.27, 0.93, 0.66, 0.33, 0.93, 0.93, 0.33, 0.33, 0.73, 0.37, 0.74, 0.37, 0.04, 0.45, 99, 99, 99]
--- num:  29
list:  [0.56, 0.56, 1, 1, 0.98, 0.98, 0.16199999999999998, 0.16199999999999998, 0.43, 0.43, 0.56, 0.16, 0.29999999999999993, 0.29999999999999993, 1, 0.27, 0.945, 0.66, 0.33, 0.94, 0.95, 0.33, 0.33, 0.75, 0.36, 0.75, 0.36, 0.04, 0.42, 99, 99, 99]
--- num:  29
list:  [0.41, 0.41, 0.71, 0.71, 1, 1, 0.16199999999999998, 0.16199999999999998, 0.45, 0.45, 0.6, 0.13, 0.23999999999999988, 0.22499999999999987, 1, 0.26, 0.955, 0.66, 0.31, 0.95, 0.96, 0.31, 0.31, 0.71, 0.38, 0.7, 0.38, 0.04, 0.42, 99, 99, 99]
--- num:  29
list:  [0.41, 0.41, 0.73, 0.73, 1, 1, 0.16199999999999998, 0.16199999999999998, 0.46, 0.46, 0.61, 0.11, 0.195, 0.195, 1, 0.26, 0.96, 0.66, 0.31, 0.96, 0.96, 0.31, 0.31, 0.68, 0.39, 0.68, 0.39, 0.04, 0.41, 99, 99, 99]
--- num:  29
list:  [0.42, 0.42, 0.75, 0.75, 1, 1, 0.16199999999999998, 0.16199999999999998, 0.47, 0.47, 0.59, 0.13, 0.13499999999999995, 0.13499999999999995, 1, 0.26, 0.965, 0.65, 0.31, 0.96, 0.97, 0.31, 0.31, 0.64, 0.41, 0.64, 0.41, 0.04, 0.41, 99, 99, 99]
--- num:  29
list:  [0.41, 0.41, 0.72, 0.72, 1, 1, 0.16199999999999998, 0.16199999999999998, 0.52, 0.52, 0.74, -0.01, 0.08999999999999991, 0.08999999999999991, 1, 0.26, 0.965, 0.66, 0.3, 0.96, 0.97, 0.3, 0.3, 0.61, 0.42, 0.61, 0.42, 0.04, 0.44, 99, 99, 99]
--- num:  29
list:  [0.41, 0.41, 0.72, 0.72, 1, 1, 0.16199999999999998, 0.16199999999999998, 0.53, 0.53, 0.75, -0.02, 0, 0, 1, 0.25, 0.97, 0.65, 0.29, 0.97, 0.97, 0.29, 0.29, 0.55, 0.46, 0.55, 0.46, 0.04, 0.48, 99, 99, 99]
--- num:  29
list:  [0.41, 0.41, 0.72, 0.72, 1, 1, 0.16199999999999998, 0.16199999999999998, 0.54, 0.54, 0.73, 0.01, 0, 0, 1, 0.25, 0.975, 0.65, 0.29, 0.97, 0.98, 0.29, 0.29, 0.53, 0.49, 0.52, 0.51, 0.04, 0.5, 99, 99, 99]
--- num:  29
list:  [0.4, 0.4, 0.69, 0.69, 1, 1, 0.16199999999999998, 0.16199999999999998, 0.53, 0.53, 0.7, 0.03, 0, 0, 1, 0.24, 0.98, 0.64, 0.28, 0.98, 0.98, 0.28, 0.28, 0.55, 0.45, 0.53, 0.49, 0.04, 0.51, 99, 99, 99]
--- num:  29
list:  [0.38, 0.38, 0.66, 0.66, 1, 1, 0.16199999999999998, 0.16199999999999998, 0.54, 0.54, 0.65, 0.08, 0.0749999999999999, 0, 1, 0.24, 0.975, 0.64, 0.28, 0.97, 0.98, 0.28, 0.28, 0.6, 0.43, 0.54, 0.46, 0.04, 0.53, 99, 99, 99]
--- num:  29
list:  [0.39, 0.39, 0.67, 0.67, 1, 1, 0.16199999999999998, 0.16199999999999998, 0.55, 0.55, 0.61, 0.12, 0.16499999999999998, 0.04499999999999987, 1, 0.23, 0.975, 0.64, 0.28, 0.97, 0.98, 0.28, 0.28, 0.66, 0.4, 0.58, 0.44, 0.04, 0.55, 99, 99, 99]
--- num:  29
list:  [0.4, 0.4, 0.7, 0.7, 1, 1, 0.723899405002594, 0.6393884229660034, 0.28, 0.28, 0.34, 0.38, 0.195, 0.10499999999999993, 1, 0.23, 0.975, 0.64, 0.28, 0.97, 0.98, 0.28, 0.28, 0.68, 0.39, 0.62, 0.42, 0.04, 0.56, 99, 99, 99]
--- num:  29
list:  [0.56, 0.56, 1, 1, 0.98, 0.98, 0.16199999999999998, 0.16199999999999998, 0.41, 0.41, 0.34, 0.38, 0.20999999999999985, 0.11999999999999994, 1, 0.24, 0.97, 0.64, 0.29, 0.97, 0.97, 0.29, 0.29, 0.69, 0.39, 0.63, 0.41, 0.04, 0.54, 99, 99, 99]
--- num:  29
list:  [0.42, 0.42, 0.75, 0.75, 1, 1, 0.16199999999999998, 0.16199999999999998, 0.43, 0.43, 0.36, 0.36, 0.195, 0.11999999999999994, 1, 0.23, 0.975, 0.64, 0.28, 0.97, 0.98, 0.28, 0.28, 0.68, 0.39, 0.63, 0.41, 0.03, 0.51, 99, 99, 99]
--- num:  29
list:  [0.44, 0.44, 0.78, 0.78, 1, 1, 0.16199999999999998, 0.16199999999999998, 0.43, 0.43, 0.38, 0.34, 0.14999999999999997, 0.10499999999999993, 1, 0.23, 0.975, 0.64, 0.28, 0.97, 0.98, 0.28, 0.28, 0.65, 0.4, 0.62, 0.42, 0.03, 0.49, 99, 99, 99]
--- num:  29
list:  [0.44, 0.44, 0.8, 0.8, 1, 1, 0.16199999999999998, 0.16199999999999998, 0.43, 0.43, 0.4, 0.32, 0.14999999999999997, 0.08999999999999991, 1, 0.23, 0.98, 0.64, 0.27, 0.98, 0.98, 0.27, 0.27, 0.65, 0.41, 0.61, 0.42, 0.03, 0.48, 99, 99, 99]
--- num:  29
list:  [0.45, 0.45, 0.82, 0.82, 1, 1, 0.16199999999999998, 0.16199999999999998, 0.43, 0.43, 0.42, 0.3, 0.13499999999999995, 0.08999999999999991, 1, 0.23, 0.98, 0.63, 0.27, 0.98, 0.98, 0.27, 0.27, 0.64, 0.41, 0.61, 0.42, 0.02, 0.47, 99, 99, 99]
--- num:  29
list:  [0.45, 0.45, 0.82, 0.82, 1, 1, 0.16199999999999998, 0.16199999999999998, 0.43, 0.43, 0.44, 0.28, 0.10499999999999993, 0.05999999999999989, 1, 0.23, 0.98, 0.63, 0.27, 0.98, 0.98, 0.27, 0.27, 0.62, 0.42, 0.59, 0.43, 0.02, 0.47, 99, 99, 99]
--- num:  29
list:  [0.45, 0.45, 0.82, 0.82, 1, 1, 0.16199999999999998, 0.16199999999999998, 0.43, 0.43, 0.45, 0.27, 0.08999999999999991, 0.05999999999999989, 1, 0.23, 0.98, 0.64, 0.27, 0.98, 0.98, 0.27, 0.27, 0.61, 0.42, 0.59, 0.43, 0.02, 0.47, 99, 99, 99]
--- num:  29
list:  [0.45, 0.45, 0.82, 0.82, 1, 1, 0.16199999999999998, 0.16199999999999998, 0.42, 0.42, 0.45, 0.27, 0.08999999999999991, 0.05999999999999989, 1, 0.23, 0.98, 0.63, 0.27, 0.98, 0.98, 0.27, 0.27, 0.61, 0.42, 0.59, 0.43, 0.02, 0.47, 99, 99, 99]
--- num:  29
list:  [0.41, 0.41, 0.72, 0.72, 1, 1, 0.5518987584114075, 0.5489772367477417, 0.25, 0.25, 0.41, 0.31, 0.14999999999999997, 0.13499999999999995, 1, 0.24, 0.965, 0.64, 0.3, 0.96, 0.97, 0.3, 0.3, 0.65, 0.41, 0.64, 0.41, 0.03, 0.47, 99, 99, 99]
--- num:  29
list:  [0.56, 0.56, 1, 1, 0.98, 0.98, 0.20278161346912382, 0.20212930023670195, 0.37, 0.37, 0.35, 0.37, 0.81, 0.81, 0.75, 0.28, 0.785, 0.67, 0.56, 0.78, 0.79, 0.56, 0.56, 1.09, 0.21, 1.09, 0.21, 0.11, 0.35, 99, 99, 99]
--- num:  29
list:  [0.56, 0.56, 1, 1, 0.98, 0.98, 0.16199999999999998, 0.16199999999999998, 0.38, 0.38, 0.31, 0.42, 0.81, 0.81, 0.75, 0.25, 0.6000000000000001, 0.65, 0.56, 0.61, 0.5900000000000001, 0.56, 0.56, 1.09, 0.21, 1.09, 0.21, 0.13, 0.28, 99, 99, 99]
--- num:  29
list:  [0.35, 0.35, 0.59, 0.59, 1, 1, 0.16199999999999998, 0.16199999999999998, 0.38, 0.38, 0.28, 0.45, 0.81, 0.81, 0.75, 0.25, 0.535, 0.65, 0.56, 0.54, 0.53, 0.56, 0.56, 1.09, 0.21, 1.09, 0.21, 0.13, 0.26, 99, 99, 99]
--- num:  29
list:  [0.33, 0.33, 0.53, 0.53, 1, 1, 0.16199999999999998, 0.16199999999999998, 0.44, 0.44, 0.39, 0.33, 0.81, 0.81, 0.75, 0.24, 0.525, 0.64, 0.56, 0.53, 0.52, 0.56, 0.56, 1.09, 0.21, 1.09, 0.21, 0.13, 0.26, 99, 99, 99]
--- num:  29
list:  [0.32, 0.32, 0.5, 0.5, 1, 1, 0.16199999999999998, 0.16199999999999998, 0.46, 0.46, 0.41, 0.32, 0.81, 0.81, 0.75, 0.24, 0.525, 0.64, 0.56, 0.53, 0.52, 0.56, 0.56, 1.09, 0.21, 1.09, 0.21, 0.13, 0.26, 99, 99, 99]
--- num:  29
list:  [0.31, 0.31, 0.5, 0.5, 1, 1, 0.16199999999999998, 0.16199999999999998, 0.46, 0.46, 0.38, 0.34, 0.81, 0.81, 0.75, 0.24, 0.525, 0.64, 0.56, 0.53, 0.52, 0.56, 0.56, 1.09, 0.21, 1.09, 0.21, 0.14, 0.26, 99, 99, 99]
--- num:  29
list:  [0.31, 0.31, 0.5, 0.5, 1, 1, 0.16199999999999998, 0.16199999999999998, 0.46, 0.46, 0.37, 0.35, 0.81, 0.81, 0.75, 0.24, 0.515, 0.64, 0.56, 0.52, 0.51, 0.56, 0.56, 1.09, 0.21, 1.09, 0.21, 0.15, 0.27, 99, 99, 99]
--- num:  29
list:  [0.31, 0.31, 0.49, 0.49, 1, 1, 0.16199999999999998, 0.16199999999999998, 0.46, 0.46, 0.38, 0.35, 0.81, 0.81, 0.75, 0.24, 0.485, 0.65, 0.56, 0.49, 0.48, 0.56, 0.56, 1.09, 0.21, 1.09, 0.21, 0.18, 0.27, 99, 99, 99]
--- num:  29
list:  [0.3, 0.3, 0.48, 0.48, 1, 1, 0.16199999999999998, 0.16199999999999998, 0.46, 0.46, 0.4, 0.32, 0.81, 0.81, 0.75, 0.25, 0.46499999999999997, 0.65, 0.56, 0.47, 0.45999999999999996, 0.56, 0.56, 1.09, 0.21, 1.09, 0.21, 0.18, 0.37, 99, 99, 99]
--- num:  29
list:  [0.3, 0.3, 0.46, 0.46, 1, 1, 0.16199999999999998, 0.16199999999999998, 0.46, 0.46, 0.45, 0.27, 0.81, 0.81, 0.75, 0.25, 0.45999999999999996, 0.65, 0.56, 0.45999999999999996, 0.45999999999999996, 0.56, 0.56, 1.09, 0.21, 1.09, 0.21, 0.18, 0.46, 99, 99, 99]
--- num:  29
list:  [0.28, 0.28, 0.42, 0.42, 1, 1, 0.16199999999999998, 0.16199999999999998, 0.46, 0.46, 0.5, 0.23, 0.81, 0.81, 0.75, 0.25, 0.45499999999999996, 0.65, 0.56, 0.45999999999999996, 0.45, 0.56, 0.56, 1.09, 0.21, 1.09, 0.21, 0.15, 0.44, 99, 99, 99]
--- num:  29
list:  [0.28, 0.28, 0.42, 0.42, 1, 1, 0.16199999999999998, 0.16199999999999998, 0.46, 0.46, 0.53, 0.2, 0.81, 0.81, 0.75, 0.25, 0.445, 0.65, 0.56, 0.45, 0.44, 0.56, 0.56, 1.09, 0.21, 1.09, 0.21, 0.14, 0.36, 99, 99, 99]
--- num:  29
list:  [0.28, 0.28, 0.42, 0.42, 1, 1, 0.16199999999999998, 0.16199999999999998, 0.45, 0.45, 0.57, 0.16, 0.81, 0.81, 0.75, 0.25, 0.395, 0.65, 0.56, 0.41000000000000003, 0.38, 0.56, 0.56, 1.09, 0.21, 1.09, 0.21, 0.13, 0.24, 99, 99, 99]
--- num:  29
list:  [0.26, 0.26, 0.37, 0.37, 1, 1, 0.16199999999999998, 0.16199999999999998, 0.47, 0.47, 0.6, 0.13, 0.81, 0.81, 0.75, 0.25, 0.33499999999999996, 0.65, 0.56, 0.35, 0.32, 0.56, 0.56, 1.09, 0.21, 1.09, 0.21, 0.18, 0.19, 99, 99, 99]
--- num:  29
list:  [0.24, 0.24, 0.32, 0.32, 1, 1, 0.16199999999999998, 0.16199999999999998, 0.47, 0.47, 0.63, 0.1, 0.81, 0.81, 0.75, 0.25, 0.32499999999999996, 0.65, 0.56, 0.33999999999999997, 0.31, 0.56, 0.56, 1.09, 0.21, 1.09, 0.21, 0.2, 0.16, 99, 99, 99]
--- num:  29
list:  [0.24, 0.24, 0.33, 0.33, 1, 1, 0.16199999999999998, 0.16199999999999998, 0.47, 0.47, 0.63, 0.1, 0.81, 0.81, 0.75, 0.25, 0.32499999999999996, 0.65, 0.56, 0.33999999999999997, 0.31, 0.56, 0.56, 1.09, 0.21, 1.09, 0.21, 0.22, 0.12, 99, 99, 99]
--- num:  29
list:  [0.25, 0.25, 0.35, 0.35, 1, 1, 0.16199999999999998, 0.16199999999999998, 0.46, 0.46, 0.65, 0.08, 0.81, 0.81, 0.75, 0.26, 0.31, 0.65, 0.56, 0.33, 0.29, 0.56, 0.56, 1.09, 0.21, 1.09, 0.21, 0.23, 0.11, 99, 99, 99]
--- num:  29
list:  [0.25, 0.25, 0.35, 0.35, 1, 1, 0.16199999999999998, 0.16199999999999998, 0.46, 0.46, 0.65, 0.08, 0.81, 0.81, 0.75, 0.26, 0.31, 0.66, 0.56, 0.33, 0.29, 0.56, 0.56, 1.09, 0.21, 1.09, 0.21, 0.28, 0.11, 99, 99, 99]
--- num:  29
list:  [0.25, 0.25, 0.34, 0.34, 1, 1, 0.16199999999999998, 0.16199999999999998, 0.47, 0.47, 0.62, 0.11, 0.81, 0.81, 0.75, 0.26, 0.31, 0.66, 0.56, 0.33, 0.29, 0.56, 0.56, 1.09, 0.21, 1.09, 0.21, 0.3, 0.13, 99, 99, 99]
--- num:  29
list:  [0.24, 0.24, 0.33, 0.33, 1, 1, 0.16199999999999998, 0.16199999999999998, 0.42, 0.42, 0.58, 0.15, 0.81, 0.81, 0.75, 0.26, 0.31, 0.66, 0.56, 0.33, 0.29, 0.56, 0.56, 1.09, 0.21, 1.09, 0.21, 0.28, 0.14, 99, 99, 99]
--- num:  29
list:  [0.25, 0.25, 0.34, 0.34, 1, 1, 0.16199999999999998, 0.16199999999999998, 0.46, 0.46, 0.6, 0.13, 0.81, 0.81, 0.75, 0.26, 0.32499999999999996, 0.66, 0.56, 0.33999999999999997, 0.31, 0.56, 0.56, 1.09, 0.21, 1.09, 0.21, 0.28, 0.16, 99, 99, 99]
--- num:  29
list:  [0.25, 0.25, 0.35, 0.35, 1, 1, 0.16199999999999998, 0.16199999999999998, 0.46, 0.46, 0.61, 0.12, 0.81, 0.81, 0.75, 0.26, 0.33499999999999996, 0.66, 0.56, 0.35, 0.32, 0.56, 0.56, 1.09, 0.21, 1.09, 0.21, 0.27, 0.18, 99, 99, 99]
--- num:  29
list:  [0.26, 0.26, 0.37, 0.37, 1, 1, 0.16199999999999998, 0.16199999999999998, 0.45, 0.45, 0.62, 0.11, 0.81, 0.81, 0.75, 0.26, 0.345, 0.66, 0.56, 0.36, 0.33, 0.56, 0.56, 1.09, 0.21, 1.09, 0.21, 0.27, 0.2, 99, 99, 99]
--- num:  29
list:  [0.26, 0.26, 0.37, 0.37, 1, 1, 0.21116692900657652, 0.21079849779605864, 0.36, 0.36, 0.53, 0.2, 0.81, 0.81, 0.75, 0.26, 0.345, 0.66, 0.56, 0.36, 0.33, 0.56, 0.56, 1.09, 0.21, 1.09, 0.21, 0.23, 0.21, 99, 99, 99]
--- num:  29
list:  [0.28, 0.28, 0.41, 0.41, 1, 1, 0.2864080774784088, 0.2858730363845825, 0.31, 0.31, 0.53, 0.19, 0.81, 0.81, 0.75, 0.26, 0.30000000000000004, 0.66, 0.56, 0.32, 0.28, 0.56, 0.56, 1.09, 0.21, 1.09, 0.21, 0.24, 0.18, 99, 99, 99]
--- num:  29
list:  [0.3, 0.3, 0.47, 0.47, 1, 1, 0.16199999999999998, 0.16199999999999998, 0.35, 0.35, 0.56, 0.16, 0.81, 0.81, 0.75, 0.25, 0.31, 0.65, 0.56, 0.32, 0.3, 0.56, 0.56, 1.09, 0.21, 1.09, 0.21, 0.24, 0.15, 99, 99, 99]
--- num:  29
list:  [0.31, 0.31, 0.49, 0.49, 1, 1, 0.16199999999999998, 0.16199999999999998, 0.35, 0.35, 0.56, 0.16, 0.81, 0.81, 0.75, 0.25, 0.32, 0.65, 0.56, 0.33, 0.31, 0.56, 0.56, 1.09, 0.21, 1.09, 0.21, 0.23, 0.14, 99, 99, 99]
--- num:  29
list:  [0.32, 0.32, 0.5, 0.5, 1, 1, 0.16199999999999998, 0.16199999999999998, 0.36, 0.36, 0.55, 0.17, 0.81, 0.81, 0.75, 0.25, 0.32999999999999996, 0.65, 0.56, 0.33999999999999997, 0.32, 0.56, 0.56, 1.09, 0.21, 1.09, 0.21, 0.22, 0.14, 99, 99, 99]
--- num:  29
list:  [0.31, 0.31, 0.48, 0.48, 1, 1, 0.16199999999999998, 0.16199999999999998, 0.43, 0.43, 0.35, 0.37, 0.81, 0.81, 0.75, 0.25, 0.375, 0.65, 0.56, 0.39, 0.36, 0.56, 0.56, 1.09, 0.21, 1.09, 0.21, 0.22, 0.14, 99, 99, 99]
--- num:  29
list:  [0.3, 0.3, 0.47, 0.47, 1, 1, 0.16199999999999998, 0.16199999999999998, 0.45, 0.45, 0.3, 0.42, 0.81, 0.81, 0.75, 0.25, 0.365, 0.65, 0.56, 0.38, 0.35, 0.56, 0.56, 1.09, 0.21, 1.09, 0.21, 0.23, 0.15, 99, 99, 99]
--- num:  29
list:  [0.31, 0.31, 0.49, 0.49, 1, 1, 0.16199999999999998, 0.16199999999999998, 0.45, 0.45, 0.24, 0.48, 0.81, 0.81, 0.75, 0.25, 0.405, 0.65, 0.56, 0.43, 0.38, 0.56, 0.56, 1.09, 0.21, 1.09, 0.21, 0.26, 0.14, 99, 99, 99]
--- num:  29
list:  [0.29, 0.29, 0.44, 0.44, 1, 1, 0.16199999999999998, 0.16199999999999998, 0.46, 0.46, 0.19, 0.54, 0.81, 0.81, 0.75, 0.25, 0.435, 0.65, 0.56, 0.45999999999999996, 0.41000000000000003, 0.56, 0.56, 1.09, 0.21, 1.09, 0.21, 0.26, 0.15, 99, 99, 99]
--- num:  29
list:  [0.29, 0.29, 0.44, 0.44, 1, 1, 0.16199999999999998, 0.16199999999999998, 0.46, 0.46, 0.17, 0.56, 0.81, 0.81, 0.75, 0.25, 0.45999999999999996, 0.65, 0.56, 0.48, 0.44, 0.56, 0.56, 1.09, 0.21, 1.09, 0.21, 0.26, 0.16, 99, 99, 99]
--- num:  29
list:  [0.31, 0.31, 0.48, 0.48, 1, 1, 0.16199999999999998, 0.16199999999999998, 0.42, 0.42, 0.26, 0.46, 0.81, 0.81, 0.75, 0.25, 0.43000000000000005, 0.65, 0.56, 0.44, 0.42000000000000004, 0.56, 0.56, 1.09, 0.21, 1.09, 0.21, 0.25, 0.16, 99, 99, 99]
--- num:  29
list:  [0.32, 0.32, 0.52, 0.52, 1, 1, 0.16199999999999998, 0.16199999999999998, 0.41, 0.41, 0.23, 0.49, 0.81, 0.81, 0.75, 0.25, 0.42500000000000004, 0.65, 0.56, 0.43, 0.42000000000000004, 0.56, 0.56, 1.09, 0.21, 1.09, 0.21, 0.24, 0.17, 99, 99, 99]
--- num:  29
list:  [0.33, 0.33, 0.52, 0.52, 1, 1, 0.16199999999999998, 0.16199999999999998, 0.41, 0.41, 0.23, 0.49, 0.81, 0.81, 0.75, 0.25, 0.42500000000000004, 0.65, 0.56, 0.43, 0.42000000000000004, 0.56, 0.56, 1.09, 0.21, 1.09, 0.21, 0.23, 0.19, 99, 99, 99]
--- num:  29
list:  [0.31, 0.31, 0.49, 0.49, 1, 1, 0.47366888403892515, 0.4722303259372711, 0.28, 0.28, 0.26, 0.46, 0.81, 0.81, 0.75, 0.25, 0.41500000000000004, 0.65, 0.56, 0.42000000000000004, 0.41000000000000003, 0.56, 0.56, 1.09, 0.21, 1.09, 0.21, 0.23, 0.2, 99, 99, 99]
--- num:  29
list:  [0.29, 0.29, 0.44, 0.44, 1, 1, 0.16199999999999998, 0.16199999999999998, 0.41, 0.41, 0.34, 0.38, 0.81, 0.81, 0.75, 0.25, 0.42500000000000004, 0.65, 0.56, 0.42000000000000004, 0.43, 0.56, 0.56, 1.09, 0.21, 1.09, 0.21, 0.24, 0.23, 99, 99, 99]
--- num:  29
list:  [0.3, 0.3, 0.47, 0.47, 1, 1, 0.16199999999999998, 0.16199999999999998, 0.46, 0.46, 0.37, 0.36, 0.81, 0.81, 0.75, 0.25, 0.45999999999999996, 0.65, 0.56, 0.45999999999999996, 0.45999999999999996, 0.56, 0.56, 1.09, 0.21, 1.09, 0.21, 0.24, 0.22, 99, 99, 99]
--- num:  29
list:  [0.31, 0.31, 0.49, 0.49, 1, 1, 0.16199999999999998, 0.16199999999999998, 0.45, 0.45, 0.38, 0.34, 0.81, 0.81, 0.75, 0.25, 0.45999999999999996, 0.65, 0.56, 0.45999999999999996, 0.45999999999999996, 0.56, 0.56, 1.09, 0.21, 1.09, 0.21, 0.24, 0.22, 99, 99, 99]
--- num:  29
list:  [0.31, 0.31, 0.49, 0.49, 1, 1, 0.16199999999999998, 0.16199999999999998, 0.45, 0.45, 0.4, 0.32, 0.81, 0.81, 0.75, 0.25, 0.46499999999999997, 0.65, 0.56, 0.47, 0.45999999999999996, 0.56, 0.56, 1.09, 0.21, 1.09, 0.21, 0.25, 0.21, 99, 99, 99]
--- num:  29
list:  [0.57, 0.57, 1, 1, 0.97, 0.97, 0.9760240125656128, 0.9760246086120605, 0.33, 0.33, 0.34, 0.38, 0.81, 0.81, 0.75, 0.25, 0.32, 0.65, 0.56, 0.33, 0.31, 0.56, 0.56, 1.09, 0.21, 1.09, 0.21, 0.25, 0.24, 99, 99, 99]
--- num:  29
list:  [0.57, 0.57, 1, 1, 0.97, 0.97, 0.6727938461303711, 0.6678564953804016, 0.22, 0.22, 0.34, 0.38, 0.81, 0.81, 0.75, 0.26, 0.365, 0.65, 0.56, 0.37, 0.36, 0.56, 0.56, 1.09, 0.21, 1.09, 0.21, 0.24, 0.25, 99, 99, 99]
--- num:  29
list:  [0.56, 0.56, 1, 1, 0.97, 0.97, 0.16199999999999998, 0.16199999999999998, 0.37, 0.37, 0.34, 0.38, 0.81, 0.81, 0.75, 0.26, 0.39, 0.66, 0.56, 0.4, 0.38, 0.56, 0.56, 1.09, 0.21, 1.09, 0.21, 0.24, 0.16, 99, 99, 99]
--- num:  29
list:  [0.56, 0.56, 1, 1, 0.98, 0.98, 0.7213917779922485, 0.7215945529937744, 0.2, 0.2, 0.37, 0.36, 0.81, 0.81, 0.75, 0.26, 0.35, 0.66, 0.56, 0.36, 0.33999999999999997, 0.56, 0.56, 1.09, 0.21, 1.09, 0.21, 0.25, 0.13, 99, 99, 99]
--- num:  29
list:  [0.57, 0.57, 1, 1, 0.97, 0.97, 0.6773155736923218, 0.6761948275566101, 0.2, 0.2, 0.39, 0.33, 0.81, 0.81, 0.75, 0.26, 0.35, 0.66, 0.56, 0.36, 0.33999999999999997, 0.56, 0.56, 1.09, 0.21, 1.09, 0.21, 0.24, 0.19, 99, 99, 99]
--- num:  29
list:  [0.56, 0.56, 1, 1, 0.97, 0.97, 0.16199999999999998, 0.16199999999999998, 0.36, 0.36, 0.41, 0.31, 0.81, 0.81, 0.75, 0.26, 0.4, 0.66, 0.56, 0.41000000000000003, 0.39, 0.56, 0.56, 1.09, 0.21, 1.09, 0.21, 0.24, 0.16, 99, 99, 99]
--- num:  29
list:  [0.56, 0.56, 1, 1, 0.98, 0.98, 0.16199999999999998, 0.16199999999999998, 0.38, 0.38, 0.44, 0.28, 0.81, 0.81, 0.75, 0.26, 0.4, 0.66, 0.56, 0.41000000000000003, 0.39, 0.56, 0.56, 1.09, 0.21, 1.09, 0.21, 0.25, 0.14, 99, 99, 99]
--- num:  29
list:  [0.56, 0.56, 1, 1, 0.98, 0.98, 0.16199999999999998, 0.16199999999999998, 0.38, 0.38, 0.45, 0.27, 0.81, 0.81, 0.75, 0.26, 0.4, 0.66, 0.56, 0.41000000000000003, 0.39, 0.56, 0.56, 1.09, 0.21, 1.09, 0.21, 0.25, 0.14, 99, 99, 99]
--- num:  29
list:  [0.56, 0.56, 1, 1, 0.98, 0.98, 0.35415555119514464, 0.3535055327415466, 0.31, 0.31, 0.5, 0.22, 0.81, 0.81, 0.75, 0.26, 0.385, 0.66, 0.56, 0.4, 0.37, 0.56, 0.56, 1.09, 0.21, 1.09, 0.21, 0.25, 0.13, 99, 99, 99]
--- num:  29
list:  [0.56, 0.56, 1, 1, 0.97, 0.97, 0.7309651184082031, 0.7050428795814514, 0.22, 0.22, 0.49, 0.23, 0.81, 0.81, 0.75, 0.26, 0.375, 0.66, 0.56, 0.39, 0.36, 0.56, 0.56, 1.09, 0.21, 1.09, 0.21, 0.24, 0.15, 99, 99, 99]
--- num:  29
list:  [0.56, 0.56, 1, 1, 0.98, 0.98, 0.16199999999999998, 0.16199999999999998, 0.35, 0.35, 0.57, 0.16, 0.81, 0.81, 0.75, 0.26, 0.4, 0.66, 0.56, 0.41000000000000003, 0.39, 0.56, 0.56, 1.09, 0.21, 1.09, 0.21, 0.24, 0.11, 99, 99, 99]
--- num:  29
list:  [0.56, 0.56, 1, 1, 0.98, 0.98, 0.16199999999999998, 0.16199999999999998, 0.36, 0.36, 0.57, 0.15, 0.81, 0.81, 0.75, 0.26, 0.375, 0.65, 0.56, 0.39, 0.36, 0.56, 0.56, 1.09, 0.21, 1.09, 0.21, 0.23, 0.09, 99, 99, 99]
--- num:  29
list:  [0.56, 0.56, 1, 1, 0.98, 0.98, 0.16199999999999998, 0.16199999999999998, 0.37, 0.37, 0.55, 0.18, 0.81, 0.81, 0.75, 0.25, 0.375, 0.65, 0.56, 0.39, 0.36, 0.56, 0.56, 1.09, 0.21, 1.09, 0.21, 0.22, 0.09, 99, 99, 99]
--- num:  29
list:  [0.55, 0.55, 1, 1, 0.98, 0.98, 0.16199999999999998, 0.16199999999999998, 0.38, 0.38, 0.49, 0.23, 0.81, 0.81, 0.75, 0.25, 0.365, 0.65, 0.56, 0.38, 0.35, 0.56, 0.56, 1.09, 0.21, 1.09, 0.21, 0.21, 0.11, 99, 99, 99]
--- num:  29
list:  [0.55, 0.55, 1, 1, 0.98, 0.98, 0.16199999999999998, 0.16199999999999998, 0.37, 0.37, 0.43, 0.29, 0.81, 0.81, 0.75, 0.25, 0.345, 0.65, 0.56, 0.36, 0.33, 0.56, 0.56, 1.09, 0.21, 1.09, 0.21, 0.22, 0.11, 99, 99, 99]
--- num:  29
list:  [0.56, 0.56, 1, 1, 0.98, 0.98, 0.16199999999999998, 0.16199999999999998, 0.37, 0.37, 0.37, 0.35, 0.81, 0.81, 0.75, 0.25, 0.345, 0.65, 0.56, 0.36, 0.33, 0.56, 0.56, 1.09, 0.21, 1.09, 0.21, 0.22, 0.11, 99, 99, 99]
--- num:  29
list:  [0.56, 0.56, 1, 1, 0.98, 0.98, 0.16199999999999998, 0.16199999999999998, 0.37, 0.37, 0.32, 0.4, 0.81, 0.81, 0.75, 0.25, 0.37, 0.65, 0.56, 0.38, 0.36, 0.56, 0.56, 1.09, 0.21, 1.09, 0.21, 0.22, 0.11, 99, 99, 99]
--- num:  29
list:  [0.56, 0.56, 1, 1, 0.98, 0.98, 0.16199999999999998, 0.16199999999999998, 0.37, 0.37, 0.3, 0.42, 0.81, 0.81, 0.75, 0.25, 0.39, 0.65, 0.56, 0.4, 0.38, 0.56, 0.56, 1.09, 0.21, 1.09, 0.21, 0.21, 0.13, 99, 99, 99]
--- num:  29
list:  [0.56, 0.56, 1, 1, 0.98, 0.98, 0.16199999999999998, 0.16199999999999998, 0.37, 0.37, 0.28, 0.44, 0.81, 0.81, 0.75, 0.24, 0.405, 0.65, 0.56, 0.41000000000000003, 0.4, 0.56, 0.56, 1.09, 0.21, 1.09, 0.21, 0.21, 0.18, 99, 99, 99]
--- num:  29
list:  [0.33, 0.33, 0.53, 0.53, 1, 1, 0.16199999999999998, 0.16199999999999998, 0.39, 0.39, 0.26, 0.46, 0.81, 0.81, 0.75, 0.24, 0.43, 0.65, 0.56, 0.43, 0.43, 0.56, 0.56, 1.09, 0.21, 1.09, 0.21, 0.21, 0.2, 99, 99, 99]
--- num:  29
list:  [0.33, 0.33, 0.52, 0.52, 1, 1, 0.16199999999999998, 0.16199999999999998, 0.39, 0.39, 0.23, 0.49, 0.81, 0.81, 0.75, 0.24, 0.43, 0.64, 0.56, 0.43, 0.43, 0.56, 0.56, 1.09, 0.21, 1.09, 0.21, 0.21, 0.22, 99, 99, 99]
--- num:  29
list:  [0.33, 0.33, 0.53, 0.53, 1, 1, 0.16199999999999998, 0.16199999999999998, 0.39, 0.39, 0.19, 0.54, 0.81, 0.81, 0.75, 0.24, 0.41500000000000004, 0.64, 0.56, 0.41000000000000003, 0.42000000000000004, 0.56, 0.56, 1.09, 0.21, 1.09, 0.21, 0.21, 0.25, 99, 99, 99]
--- num:  29
list:  [0.33, 0.33, 0.54, 0.54, 1, 1, 0.16199999999999998, 0.16199999999999998, 0.41, 0.41, 0.18, 0.55, 0.81, 0.81, 0.75, 0.24, 0.44999999999999996, 0.64, 0.56, 0.44, 0.45999999999999996, 0.56, 0.56, 1.09, 0.21, 1.09, 0.21, 0.23, 0.28, 99, 99, 99]
--- num:  29
list:  [0.34, 0.34, 0.55, 0.55, 1, 1, 0.16199999999999998, 0.16199999999999998, 0.42, 0.42, 0.18, 0.54, 0.81, 0.81, 0.75, 0.24, 0.45999999999999996, 0.64, 0.56, 0.45, 0.47, 0.56, 0.56, 1.09, 0.21, 1.09, 0.21, 0.23, 0.3, 99, 99, 99]
--- num:  29
list:  [0.34, 0.34, 0.55, 0.55, 1, 1, 0.16199999999999998, 0.16199999999999998, 0.42, 0.42, 0.19, 0.53, 0.81, 0.81, 0.75, 0.24, 0.49, 0.65, 0.56, 0.48, 0.5, 0.56, 0.56, 1.09, 0.21, 1.09, 0.21, 0.24, 0.31, 99, 99, 99]
--- num:  29
list:  [0.34, 0.34, 0.55, 0.55, 1, 1, 0.16199999999999998, 0.16199999999999998, 0.41, 0.41, 0.23, 0.5, 0.81, 0.81, 0.75, 0.25, 0.495, 0.65, 0.56, 0.49, 0.5, 0.56, 0.56, 1.09, 0.21, 1.09, 0.21, 0.24, 0.32, 99, 99, 99]
--- num:  29
list:  [0.34, 0.34, 0.55, 0.55, 1, 1, 0.16199999999999998, 0.16199999999999998, 0.4, 0.4, 0.31, 0.42, 0.81, 0.81, 0.75, 0.25, 0.485, 0.65, 0.56, 0.48, 0.49, 0.56, 0.56, 1.09, 0.21, 1.09, 0.21, 0.24, 0.33, 99, 99, 99]
--- num:  29
list:  [0.33, 0.33, 0.54, 0.54, 1, 1, 0.16199999999999998, 0.16199999999999998, 0.39, 0.39, 0.33, 0.39, 0.81, 0.81, 0.75, 0.25, 0.48, 0.65, 0.56, 0.47, 0.49, 0.56, 0.56, 1.09, 0.21, 1.09, 0.21, 0.24, 0.33, 99, 99, 99]
--- num:  29
list:  [0.33, 0.33, 0.54, 0.54, 1, 1, 0.16199999999999998, 0.16199999999999998, 0.38, 0.38, 0.36, 0.36, 0.81, 0.81, 0.75, 0.25, 0.485, 0.65, 0.56, 0.48, 0.49, 0.56, 0.56, 1.09, 0.21, 1.09, 0.21, 0.25, 0.4, 99, 99, 99]
--- num:  29
list:  [0.34, 0.34, 0.55, 0.55, 1, 1, 0.16199999999999998, 0.16199999999999998, 0.38, 0.38, 0.38, 0.34, 0.81, 0.81, 0.75, 0.26, 0.485, 0.65, 0.56, 0.48, 0.49, 0.56, 0.56, 1.09, 0.21, 1.09, 0.21, 0.25, 0.33, 99, 99, 99]
--- num:  29
list:  [0.34, 0.34, 0.55, 0.55, 1, 1, 0.16199999999999998, 0.16199999999999998, 0.37, 0.37, 0.4, 0.32, 0.81, 0.81, 0.75, 0.26, 0.485, 0.66, 0.56, 0.48, 0.49, 0.56, 0.56, 1.09, 0.21, 1.09, 0.21, 0.26, 0.3, 99, 99, 99]
--- num:  29
list:  [0.34, 0.34, 0.56, 0.56, 1, 1, 0.16199999999999998, 0.16199999999999998, 0.32, 0.32, 0.44, 0.28, 0.81, 0.81, 0.75, 0.26, 0.47, 0.66, 0.56, 0.47, 0.47, 0.56, 0.56, 1.09, 0.21, 1.09, 0.21, 0.26, 0.3, 99, 99, 99]
--- num:  29
list:  [0.56, 0.56, 1, 1, 0.98, 0.98, 0.16199999999999998, 0.16199999999999998, 0.31, 0.31, 0.47, 0.26, 0.81, 0.81, 0.75, 0.26, 0.45999999999999996, 0.66, 0.56, 0.45999999999999996, 0.45999999999999996, 0.56, 0.56, 1.09, 0.21, 1.09, 0.21, 0.26, 0.29, 99, 99, 99]
--- num:  29
list:  [0.56, 0.56, 1, 1, 0.98, 0.98, 0.16199999999999998, 0.16199999999999998, 0.28, 0.28, 0.47, 0.25, 0.81, 0.81, 0.75, 0.26, 0.45999999999999996, 0.66, 0.56, 0.45999999999999996, 0.45999999999999996, 0.56, 0.56, 1.09, 0.21, 1.09, 0.21, 0.26, 0.28, 99, 99, 99]
--- num:  29
list:  [0.56, 0.56, 1, 1, 0.98, 0.98, 0.16199999999999998, 0.16199999999999998, 0.28, 0.28, 0.48, 0.24, 0.81, 0.81, 0.75, 0.26, 0.45999999999999996, 0.66, 0.56, 0.45999999999999996, 0.45999999999999996, 0.56, 0.56, 1.09, 0.21, 1.09, 0.21, 0.26, 0.25, 99, 99, 99]
--- num:  29
list:  [0.56, 0.56, 1, 1, 0.98, 0.98, 0.1805171775817871, 0.18005920529365538, 0.27, 0.27, 0.5, 0.22, 0.81, 0.81, 0.75, 0.26, 0.45999999999999996, 0.66, 0.56, 0.45999999999999996, 0.45999999999999996, 0.56, 0.56, 1.09, 0.21, 1.09, 0.21, 0.26, 0.21, 99, 99, 99]
--- num:  29
list:  [0.56, 0.56, 1, 1, 0.97, 0.97, 0.18124314725399016, 0.18072986185550688, 0.27, 0.27, 0.52, 0.21, 0.81, 0.81, 0.75, 0.27, 0.47, 0.66, 0.56, 0.47, 0.47, 0.56, 0.56, 1.09, 0.21, 1.09, 0.21, 0.26, 0.19, 99, 99, 99]
--- num:  29
list:  [0.56, 0.56, 1, 1, 0.97, 0.97, 0.18237642526626585, 0.1818400579690933, 0.27, 0.27, 0.52, 0.2, 0.81, 0.81, 0.75, 0.27, 0.48, 0.66, 0.56, 0.48, 0.48, 0.56, 0.56, 1.09, 0.21, 1.09, 0.21, 0.26, 0.19, 99, 99, 99]
--- num:  29
list:  [0.56, 0.56, 1, 1, 0.97, 0.97, 0.18139233767986296, 0.18081745088100432, 0.27, 0.27, 0.53, 0.2, 0.81, 0.81, 0.75, 0.27, 0.48, 0.66, 0.56, 0.48, 0.48, 0.56, 0.56, 1.09, 0.21, 1.09, 0.21, 0.25, 0.19, 99, 99, 99]
--- num:  29
list:  [0.56, 0.56, 1, 1, 0.97, 0.97, 0.18168153941631315, 0.18110687613487242, 0.27, 0.27, 0.54, 0.18, 0.81, 0.81, 0.75, 0.27, 0.49, 0.66, 0.56, 0.49, 0.49, 0.56, 0.56, 1.09, 0.21, 1.09, 0.21, 0.23, 0.18, 99, 99, 99]
--- num:  29
list:  [0.56, 0.56, 1, 1, 0.98, 0.98, 0.1838205713033676, 0.1833039182424545, 0.28, 0.28, 0.58, 0.15, 0.81, 0.81, 0.75, 0.26, 0.46499999999999997, 0.66, 0.56, 0.47, 0.45999999999999996, 0.56, 0.56, 1.09, 0.21, 1.09, 0.21, 0.2, 0.16, 99, 99, 99]
--- num:  29
list:  [0.56, 0.56, 1, 1, 0.98, 0.98, 0.16199999999999998, 0.16199999999999998, 0.28, 0.28, 0.61, 0.12, 0.81, 0.81, 0.75, 0.26, 0.43000000000000005, 0.66, 0.56, 0.44, 0.42000000000000004, 0.56, 0.56, 1.09, 0.21, 1.09, 0.21, 0.19, 0.15, 99, 99, 99]
--- num:  29
list:  [0.56, 0.56, 1, 1, 0.98, 0.98, 0.16199999999999998, 0.16199999999999998, 0.31, 0.31, 0.63, 0.09, 0.81, 0.81, 0.75, 0.25, 0.405, 0.65, 0.56, 0.41000000000000003, 0.4, 0.56, 0.56, 1.09, 0.21, 1.09, 0.21, 0.19, 0.15, 99, 99, 99]
--- num:  29
list:  [0.56, 0.56, 1, 1, 0.98, 0.98, 0.16199999999999998, 0.16199999999999998, 0.34, 0.34, 0.64, 0.09, 0.81, 0.81, 0.75, 0.25, 0.4, 0.65, 0.56, 0.41000000000000003, 0.39, 0.56, 0.56, 1.09, 0.21, 1.09, 0.21, 0.21, 0.11, 99, 99, 99]
--- num:  29
list:  [0.28, 0.28, 0.43, 0.43, 1, 1, 0.16199999999999998, 0.16199999999999998, 0.35, 0.35, 0.62, 0.1, 0.81, 0.81, 0.75, 0.25, 0.395, 0.65, 0.56, 0.4, 0.39, 0.56, 0.56, 1.09, 0.21, 1.09, 0.21, 0.21, 0.08, 99, 99, 99]
--- num:  29
list:  [0.63, 0.63, 1, 1, 0.92, 0.92, 0.16199999999999998, 0.16199999999999998, 0.35, 0.35, 0.59, 0.13, 0.81, 0.81, 0.75, 0.25, 0.45999999999999996, 0.65, 0.56, 0.45999999999999996, 0.45999999999999996, 0.56, 0.56, 1.09, 0.21, 1.09, 0.21, 0.22, 0.07, 99, 99, 99]
--- num:  29
list:  [0.69, 0.69, 1, 1, 0.87, 0.87, 0.16199999999999998, 0.16199999999999998, 0.35, 0.35, 0.56, 0.17, 0.81, 0.81, 0.75, 0.25, 0.48, 0.65, 0.56, 0.48, 0.48, 0.56, 0.56, 1.09, 0.21, 1.09, 0.21, 0.23, 0.09, 99, 99, 99]
--- num:  29
list:  [0.62, 0.62, 1, 1, 0.92, 0.92, 0.7440097737312317, 0.7331589865684509, 0.16, 0.16, 0.46, 0.26, 0.81, 0.81, 0.75, 0.26, 0.435, 0.65, 0.56, 0.44, 0.43, 0.56, 0.56, 1.09, 0.21, 1.09, 0.21, 0.22, 0.11, 99, 99, 99]
--- num:  29
list:  [0.63, 0.63, 1, 1, 0.92, 0.92, 0.2940325844287872, 0.2938443827629089, 0.26, 0.26, 0.42, 0.3, 0.81, 0.81, 0.75, 0.26, 0.43, 0.65, 0.56, 0.43, 0.43, 0.56, 0.56, 1.09, 0.21, 1.09, 0.21, 0.23, 0.1, 99, 99, 99]
--- num:  29
list:  [0.62, 0.62, 1, 1, 0.93, 0.93, 0.18010428130626677, 0.18001371204853056, 0.31, 0.31, 0.36, 0.36, 0.81, 0.81, 0.75, 0.26, 0.43, 0.65, 0.56, 0.43, 0.43, 0.56, 0.56, 1.09, 0.21, 1.09, 0.21, 0.24, 0.08, 99, 99, 99]
--- num:  29
list:  [0.62, 0.62, 1, 1, 0.93, 0.93, 0.16199999999999998, 0.16199999999999998, 0.32, 0.32, 0.31, 0.41, 0.81, 0.81, 0.75, 0.25, 0.47, 0.65, 0.56, 0.47, 0.47, 0.56, 0.56, 1.09, 0.21, 1.09, 0.21, 0.24, 0.11, 99, 99, 99]
--- num:  29
list:  [0.62, 0.62, 1, 1, 0.93, 0.93, 0.16199999999999998, 0.16199999999999998, 0.33, 0.33, 0.27, 0.45, 0.81, 0.81, 0.75, 0.25, 0.48, 0.65, 0.56, 0.48, 0.48, 0.56, 0.56, 1.09, 0.21, 1.09, 0.21, 0.24, 0.19, 99, 99, 99]
--- num:  29
list:  [0.62, 0.62, 1, 1, 0.93, 0.93, 0.16199999999999998, 0.16199999999999998, 0.34, 0.34, 0.25, 0.47, 0.81, 0.81, 0.75, 0.25, 0.485, 0.65, 0.56, 0.48, 0.49, 0.56, 0.56, 1.09, 0.21, 1.09, 0.21, 0.24, 0.23, 99, 99, 99]
--- num:  29
list:  [0.7, 0.7, 1, 1, 0.87, 0.87, 0.16199999999999998, 0.16199999999999998, 0.35, 0.35, 0.24, 0.48, 0.81, 0.81, 0.75, 0.25, 0.525, 0.65, 0.56, 0.51, 0.54, 0.56, 0.56, 1.09, 0.21, 1.09, 0.21, 0.25, 0.27, 99, 99, 99]
--- num:  29
list:  [0.88, 0.88, 1, 1, 0.72, 0.72, 0.16199999999999998, 0.16199999999999998, 0.34, 0.34, 0.24, 0.49, 0.81, 0.81, 0.75, 0.25, 0.605, 0.65, 0.56, 0.5900000000000001, 0.62, 0.56, 0.56, 1.09, 0.21, 1.09, 0.21, 0.27, 0.33, 99, 99, 99]
--- num:  29
list:  [0.87, 0.87, 1, 1, 0.73, 0.73, 0.16199999999999998, 0.16199999999999998, 0.34, 0.34, 0.24, 0.48, 0.81, 0.81, 0.75, 0.25, 0.6100000000000001, 0.65, 0.56, 0.5900000000000001, 0.63, 0.56, 0.56, 1.09, 0.21, 1.09, 0.21, 0.28, 0.34, 99, 99, 99]
--- num:  29
list:  [0.92, 0.92, 1, 1, 0.68, 0.68, 0.16199999999999998, 0.16199999999999998, 0.34, 0.34, 0.26, 0.47, 0.81, 0.81, 0.75, 0.25, 0.6699999999999999, 0.65, 0.56, 0.6599999999999999, 0.6799999999999999, 0.56, 0.56, 1.09, 0.21, 1.09, 0.21, 0.3, 0.35, 99, 99, 99]
--- num:  29
list:  [0.92, 0.92, 1, 1, 0.69, 0.69, 0.16199999999999998, 0.16199999999999998, 0.35, 0.35, 0.28, 0.45, 0.81, 0.81, 0.75, 0.26, 0.6799999999999999, 0.65, 0.56, 0.6699999999999999, 0.69, 0.56, 0.56, 1.09, 0.21, 1.09, 0.21, 0.31, 0.34, 99, 99, 99]
--- num:  29
list:  [0.89, 0.89, 1, 1, 0.71, 0.71, 0.16199999999999998, 0.16199999999999998, 0.37, 0.37, 0.33, 0.39, 0.81, 0.81, 0.75, 0.26, 0.6799999999999999, 0.66, 0.56, 0.6699999999999999, 0.69, 0.56, 0.56, 1.09, 0.21, 1.09, 0.21, 0.32, 0.33, 99, 99, 99]
--- num:  29
list:  [0.84, 0.84, 1, 1, 0.75, 0.75, 0.16199999999999998, 0.16199999999999998, 0.42, 0.42, 0.52, 0.21, 0.81, 0.81, 0.75, 0.26, 0.6799999999999999, 0.66, 0.56, 0.6699999999999999, 0.69, 0.56, 0.56, 1.09, 0.21, 1.09, 0.21, 0.32, 0.32, 99, 99, 99]
--- num:  29
list:  [0.8, 0.8, 1, 1, 0.78, 0.78, 0.16199999999999998, 0.16199999999999998, 0.43, 0.43, 0.56, 0.17, 0.81, 0.81, 0.75, 0.26, 0.645, 0.66, 0.56, 0.64, 0.65, 0.56, 0.56, 1.09, 0.21, 1.09, 0.21, 0.31, 0.3, 99, 99, 99]
--- num:  29
list:  [0.79, 0.79, 1, 1, 0.79, 0.79, 0.16199999999999998, 0.16199999999999998, 0.44, 0.44, 0.61, 0.12, 0.81, 0.81, 0.75, 0.26, 0.64, 0.66, 0.56, 0.64, 0.64, 0.56, 0.56, 1.09, 0.21, 1.09, 0.21, 0.31, 0.29, 99, 99, 99]
--- num:  29
list:  [0.74, 0.74, 1, 1, 0.83, 0.83, 0.2647525179386139, 0.26199481964111326, 0.34, 0.34, 0.54, 0.18, 0.81, 0.81, 0.75, 0.27, 0.555, 0.66, 0.56, 0.55, 0.56, 0.56, 0.56, 1.09, 0.21, 1.09, 0.21, 0.28, 0.29, 99, 99, 99]
--- num:  29
list:  [0.75, 0.75, 1, 1, 0.82, 0.82, 0.16199999999999998, 0.16199999999999998, 0.43, 0.43, 0.63, 0.1, 0.81, 0.81, 0.75, 0.27, 0.56, 0.66, 0.56, 0.56, 0.56, 0.56, 0.56, 1.09, 0.21, 1.09, 0.21, 0.29, 0.24, 99, 99, 99]
--- num:  29
list:  [0.74, 0.74, 1, 1, 0.83, 0.83, 0.16199999999999998, 0.16199999999999998, 0.43, 0.43, 0.63, 0.1, 0.81, 0.81, 0.75, 0.27, 0.5650000000000001, 0.67, 0.56, 0.56, 0.5700000000000001, 0.56, 0.56, 1.09, 0.21, 1.09, 0.21, 0.3, 0.21, 99, 99, 99]
--- num:  29
list:  [0.65, 0.65, 1, 1, 0.9, 0.9, 0.16199999999999998, 0.16199999999999998, 0.43, 0.43, 0.61, 0.12, 0.81, 0.81, 0.75, 0.27, 0.665, 0.67, 0.56, 0.65, 0.6799999999999999, 0.56, 0.56, 1.09, 0.21, 1.09, 0.21, 0.22, 0.21, 99, 99, 99]
--- num:  29
list:  [0.59, 0.59, 1, 1, 0.95, 0.95, 0.16199999999999998, 0.16199999999999998, 0.39, 0.39, 0.57, 0.16, 0.81, 0.81, 1, 0.27, 0.725, 0.66, 0.56, 0.71, 0.74, 0.56, 0.56, 1.09, 0.21, 1.09, 0.21, 0.15, 0.34, 99, 99, 99]
--- num:  29
list:  [0.58, 0.58, 1, 1, 0.96, 0.96, 0.16199999999999998, 0.16199999999999998, 0.43, 0.43, 0.55, 0.18, 0.78, 0.735, 1, 0.27, 0.795, 0.67, 0.56, 0.79, 0.8, 0.56, 0.56, 1.07, 0.22, 1.04, 0.23, 0.12, 0.34, 99, 99, 99]
--- num:  29
list:  [0.57, 0.57, 1, 1, 0.97, 0.97, 0.16199999999999998, 0.16199999999999998, 0.43, 0.43, 0.55, 0.18, 0.6299999999999999, 0.5700000000000001, 1, 0.29, 0.845, 0.68, 0.52, 0.84, 0.85, 0.52, 0.52, 0.97, 0.26, 0.93, 0.28, 0.09, 0.34, 99, 99, 99]
--- num:  29
list:  [0.57, 0.57, 1, 1, 0.97, 0.97, 0.16199999999999998, 0.16199999999999998, 0.43, 0.43, 0.53, 0.2, 0.51, 0.4349999999999999, 1, 0.29, 0.93, 0.68, 0.38, 0.93, 0.93, 0.38, 0.38, 0.89, 0.3, 0.84, 0.32, 0.06, 0.39, 99, 99, 99]
--- num:  29
list:  [0.57, 0.57, 1, 1, 0.96, 0.96, 0.16199999999999998, 0.16199999999999998, 0.42, 0.42, 0.51, 0.21, 0.375, 0.29999999999999993, 1, 0.26, 0.97, 0.66, 0.31, 0.97, 0.97, 0.31, 0.31, 0.8, 0.34, 0.75, 0.36, 0.05, 0.48, 99, 99, 99]
--- num:  29
list:  [0.57, 0.57, 1, 1, 0.97, 0.97, 0.16199999999999998, 0.16199999999999998, 0.35, 0.35, 0.35, 0.37, 0.375, 0.2699999999999999, 1, 0.25, 0.975, 0.65, 0.3, 0.97, 0.98, 0.3, 0.3, 0.8, 0.34, 0.73, 0.37, 0.04, 0.55, 99, 99, 99]
--- num:  29
list:  [0.58, 0.58, 1, 1, 0.96, 0.96, 0.16199999999999998, 0.16199999999999998, 0.31, 0.31, 0.33, 0.4, 0.40499999999999986, 0.29999999999999993, 1, 0.25, 0.975, 0.65, 0.3, 0.97, 0.98, 0.3, 0.3, 0.82, 0.33, 0.75, 0.36, 0.04, 0.57, 99, 99, 99]
--- num:  29
list:  [0.58, 0.58, 1, 1, 0.96, 0.96, 0.16199999999999998, 0.16199999999999998, 0.31, 0.31, 0.33, 0.39, 0.39, 0.2849999999999999, 1, 0.25, 0.97, 0.65, 0.3, 0.97, 0.97, 0.3, 0.3, 0.81, 0.34, 0.74, 0.37, 0.04, 0.58, 99, 99, 99]
--- num:  29
list:  [0.58, 0.58, 1, 1, 0.96, 0.96, 0.16199999999999998, 0.16199999999999998, 0.3, 0.3, 0.33, 0.39, 0.39, 0.2849999999999999, 1, 0.25, 0.97, 0.65, 0.3, 0.97, 0.97, 0.3, 0.3, 0.81, 0.34, 0.74, 0.37, 0.04, 0.59, 99, 99, 99]
--- num:  29
list:  [0.58, 0.58, 1, 1, 0.96, 0.96, 0.16199999999999998, 0.16199999999999998, 0.31, 0.31, 0.34, 0.38, 0.36, 0.23999999999999988, 1, 0.25, 0.97, 0.65, 0.31, 0.97, 0.97, 0.31, 0.31, 0.79, 0.34, 0.71, 0.38, 0.04, 0.6, 99, 99, 99]
--- num:  29
list:  [0.58, 0.58, 1, 1, 0.96, 0.96, 0.16199999999999998, 0.16199999999999998, 0.32, 0.32, 0.36, 0.36, 0.345, 0.23999999999999988, 1, 0.24, 0.97, 0.65, 0.31, 0.97, 0.97, 0.31, 0.31, 0.78, 0.35, 0.71, 0.38, 0.03, 0.6, 99, 99, 99]
--- num:  29
list:  [0.58, 0.58, 1, 1, 0.96, 0.96, 0.16199999999999998, 0.16199999999999998, 0.33, 0.33, 0.38, 0.34, 0.345, 0.23999999999999988, 1, 0.24, 0.975, 0.64, 0.31, 0.97, 0.98, 0.31, 0.31, 0.78, 0.35, 0.71, 0.38, 0.03, 0.58, 99, 99, 99]
--- num:  29
list:  [0.58, 0.58, 1, 1, 0.96, 0.96, 0.16199999999999998, 0.16199999999999998, 0.33, 0.33, 0.41, 0.32, 0.29999999999999993, 0.22499999999999987, 1, 0.24, 0.975, 0.64, 0.3, 0.97, 0.98, 0.3, 0.3, 0.75, 0.36, 0.7, 0.38, 0.03, 0.57, 99, 99, 99]
--- num:  29
list:  [0.58, 0.58, 1, 1, 0.96, 0.96, 0.31797717094421385, 0.316542010307312, 0.28, 0.28, 0.42, 0.3, 0.2849999999999999, 0.20999999999999985, 1, 0.24, 0.975, 0.64, 0.31, 0.97, 0.98, 0.31, 0.31, 0.74, 0.37, 0.69, 0.39, 0.03, 0.56, 99, 99, 99]
--- num:  29
list:  [0.59, 0.59, 1, 1, 0.95, 0.95, 0.4094510781764984, 0.4074812936782837, 0.25, 0.25, 0.44, 0.28, 0.2849999999999999, 0.23999999999999988, 1, 0.25, 0.965, 0.65, 0.32, 0.96, 0.97, 0.32, 0.32, 0.74, 0.37, 0.71, 0.38, 0.04, 0.54, 99, 99, 99]
--- num:  29
list:  [0.59, 0.59, 1, 1, 0.95, 0.95, 0.20382527589797972, 0.20112536430358885, 0.32, 0.32, 0.44, 0.28, 0.2849999999999999, 0.23999999999999988, 1, 0.25, 0.965, 0.65, 0.32, 0.96, 0.97, 0.32, 0.32, 0.74, 0.37, 0.71, 0.38, 0.04, 0.53, 99, 99, 99]
--- num:  29
list:  [0.58, 0.58, 1, 1, 0.96, 0.96, 0.16199999999999998, 0.16199999999999998, 0.43, 0.43, 0.43, 0.29, 0.29999999999999993, 0.23999999999999988, 1, 0.25, 0.97, 0.65, 0.31, 0.97, 0.97, 0.31, 0.31, 0.75, 0.36, 0.71, 0.38, 0.04, 0.52, 99, 99, 99]
--- num:  29
list:  [0.58, 0.58, 1, 1, 0.96, 0.96, 0.16199999999999998, 0.16199999999999998, 0.46, 0.46, 0.41, 0.31, 0.29999999999999993, 0.22499999999999987, 1, 0.25, 0.97, 0.65, 0.31, 0.97, 0.97, 0.31, 0.31, 0.75, 0.36, 0.7, 0.38, 0.04, 0.51, 99, 99, 99]
--- num:  29
list:  [0.58, 0.58, 1, 1, 0.96, 0.96, 0.16199999999999998, 0.16199999999999998, 0.46, 0.46, 0.39, 0.34, 0.29999999999999993, 0.20999999999999985, 1, 0.25, 0.97, 0.65, 0.31, 0.97, 0.97, 0.31, 0.31, 0.75, 0.36, 0.69, 0.39, 0.04, 0.49, 99, 99, 99]
--- num:  29
list:  [0.57, 0.57, 1, 1, 0.97, 0.97, 0.16199999999999998, 0.16199999999999998, 0.46, 0.46, 0.36, 0.36, 0.2849999999999999, 0.20999999999999985, 1, 0.25, 0.97, 0.65, 0.31, 0.97, 0.97, 0.31, 0.31, 0.74, 0.37, 0.69, 0.39, 0.04, 0.47, 99, 99, 99]
--- num:  29
list:  [0.57, 0.57, 1, 1, 0.97, 0.97, 0.16199999999999998, 0.16199999999999998, 0.46, 0.46, 0.35, 0.37, 0.2849999999999999, 0.20999999999999985, 1, 0.25, 0.97, 0.65, 0.31, 0.97, 0.97, 0.31, 0.31, 0.74, 0.37, 0.69, 0.39, 0.04, 0.46, 99, 99, 99]
--- num:  29
list:  [0.57, 0.57, 1, 1, 0.97, 0.97, 0.16199999999999998, 0.16199999999999998, 0.46, 0.46, 0.33, 0.39, 0.29999999999999993, 0.23999999999999988, 1, 0.25, 0.97, 0.65, 0.31, 0.97, 0.97, 0.31, 0.31, 0.75, 0.36, 0.71, 0.38, 0.04, 0.46, 99, 99, 99]
--- num:  29
list:  [0.57, 0.57, 1, 1, 0.97, 0.97, 0.2535413014888763, 0.2523233103752136, 0.36, 0.36, 0.49, 0.24, 0.4649999999999999, 0.4499999999999999, 1, 0.26, 0.94, 0.66, 0.38, 0.94, 0.94, 0.38, 0.38, 0.86, 0.31, 0.85, 0.31, 0.04, 0.45, 99, 99, 99]
--- num:  29
list:  [0.56, 0.56, 1, 1, 0.97, 0.97, 0.16199999999999998, 0.16199999999999998, 0.46, 0.46, 0.45, 0.28, 0.54, 0.49499999999999994, 1, 0.28, 0.92, 0.67, 0.43, 0.92, 0.92, 0.43, 0.43, 0.91, 0.29, 0.88, 0.3, 0.07, 0.41, 99, 99, 99]
--- num:  29
list:  [0.56, 0.56, 1, 1, 0.97, 0.97, 0.16199999999999998, 0.16199999999999998, 0.47, 0.47, 0.44, 0.29, 0.5249999999999999, 0.4649999999999999, 1, 0.28, 0.92, 0.67, 0.41, 0.92, 0.92, 0.41, 0.41, 0.9, 0.3, 0.86, 0.31, 0.06, 0.4, 99, 99, 99]
--- num:  29
list:  [0.56, 0.56, 1, 1, 0.97, 0.97, 0.16199999999999998, 0.16199999999999998, 0.48, 0.48, 0.41, 0.32, 0.51, 0.4499999999999999, 1, 0.3, 0.875, 0.68, 0.54, 0.87, 0.88, 0.54, 0.54, 0.89, 0.3, 0.85, 0.32, 0.11, 0.4, 99, 99, 99]
--- num:  29
list:  [0.56, 0.56, 1, 1, 0.97, 0.97, 0.16199999999999998, 0.16199999999999998, 0.46, 0.46, 0.38, 0.35, 0.72, 0.6599999999999999, 1, 0.3, 0.835, 0.69, 0.56, 0.83, 0.84, 0.56, 0.56, 1.03, 0.23, 0.99, 0.25, 0.18, 0.39, 99, 99, 99]
--- num:  29
list:  [0.56, 0.56, 1, 1, 0.97, 0.97, 0.16199999999999998, 0.16199999999999998, 0.46, 0.46, 0.33, 0.39, 0.81, 0.81, 0.75, 0.27, 0.745, 0.66, 0.56, 0.74, 0.75, 0.56, 0.56, 1.09, 0.21, 1.09, 0.21, 0.21, 0.38, 99, 99, 99]
--- num:  29
list:  [0.56, 0.56, 1, 1, 0.97, 0.97, 0.16199999999999998, 0.16199999999999998, 0.44, 0.44, 0.31, 0.41, 0.81, 0.81, 0.75, 0.26, 0.615, 0.65, 0.56, 0.61, 0.62, 0.56, 0.56, 1.09, 0.21, 1.09, 0.21, 0.19, 0.36, 99, 99, 99]
--- num:  29
list:  [0.56, 0.56, 1, 1, 0.97, 0.97, 0.16199999999999998, 0.16199999999999998, 0.44, 0.44, 0.3, 0.42, 0.81, 0.81, 0.75, 0.25, 0.5800000000000001, 0.65, 0.56, 0.5800000000000001, 0.5800000000000001, 0.56, 0.56, 1.09, 0.21, 1.09, 0.21, 0.19, 0.35, 99, 99, 99]
--- num:  29
list:  [0.56, 0.56, 1, 1, 0.98, 0.98, 0.16199999999999998, 0.16199999999999998, 0.43, 0.43, 0.3, 0.42, 0.81, 0.81, 0.75, 0.25, 0.5750000000000001, 0.65, 0.56, 0.5700000000000001, 0.5800000000000001, 0.56, 0.56, 1.09, 0.21, 1.09, 0.21, 0.24, 0.34, 99, 99, 99]
--- num:  29
list:  [0.56, 0.56, 1, 1, 0.98, 0.98, 0.16199999999999998, 0.16199999999999998, 0.43, 0.43, 0.3, 0.43, 0.81, 0.81, 0.75, 0.25, 0.5650000000000001, 0.65, 0.56, 0.55, 0.5800000000000001, 0.56, 0.56, 1.09, 0.21, 1.09, 0.21, 0.29, 0.35, 99, 99, 99]
--- num:  29
list:  [0.56, 0.56, 1, 1, 0.98, 0.98, 0.16199999999999998, 0.16199999999999998, 0.42, 0.42, 0.32, 0.4, 0.81, 0.81, 0.75, 0.25, 0.545, 0.65, 0.56, 0.53, 0.56, 0.56, 0.56, 1.09, 0.21, 1.09, 0.21, 0.31, 0.34, 99, 99, 99]
--- num:  29
list:  [0.56, 0.56, 1, 1, 0.98, 0.98, 0.16199999999999998, 0.16199999999999998, 0.41, 0.41, 0.35, 0.38, 0.81, 0.81, 0.75, 0.25, 0.515, 0.65, 0.56, 0.5, 0.53, 0.56, 0.56, 1.09, 0.21, 1.09, 0.21, 0.33, 0.33, 99, 99, 99]
--- num:  29
list:  [0.56, 0.56, 1, 1, 0.98, 0.98, 0.16199999999999998, 0.16199999999999998, 0.41, 0.41, 0.36, 0.36, 0.81, 0.81, 0.75, 0.25, 0.5, 0.65, 0.56, 0.49, 0.51, 0.56, 0.56, 1.09, 0.21, 1.09, 0.21, 0.33, 0.31, 99, 99, 99]
--- num:  29
list:  [0.56, 0.56, 1, 1, 0.98, 0.98, 0.16199999999999998, 0.16199999999999998, 0.41, 0.41, 0.41, 0.31, 0.81, 0.81, 0.75, 0.25, 0.495, 0.65, 0.56, 0.48, 0.51, 0.56, 0.56, 1.09, 0.21, 1.09, 0.21, 0.33, 0.27, 99, 99, 99]
--- num:  29
list:  [0.56, 0.56, 1, 1, 0.98, 0.98, 0.16199999999999998, 0.16199999999999998, 0.41, 0.41, 0.46, 0.27, 0.81, 0.81, 0.75, 0.25, 0.46499999999999997, 0.65, 0.56, 0.45999999999999996, 0.47, 0.56, 0.56, 1.09, 0.21, 1.09, 0.21, 0.31, 0.23, 99, 99, 99]
--- num:  29
list:  [0.32, 0.32, 0.52, 0.52, 1, 1, 0.16199999999999998, 0.16199999999999998, 0.41, 0.41, 0.49, 0.24, 0.81, 0.81, 0.75, 0.25, 0.45999999999999996, 0.65, 0.56, 0.45999999999999996, 0.45999999999999996, 0.56, 0.56, 1.09, 0.21, 1.09, 0.21, 0.3, 0.19, 99, 99, 99]
--- num:  29
list:  [0.32, 0.32, 0.51, 0.51, 1, 1, 0.16199999999999998, 0.16199999999999998, 0.41, 0.41, 0.49, 0.23, 0.81, 0.81, 0.75, 0.25, 0.44, 0.65, 0.56, 0.44, 0.44, 0.56, 0.56, 1.09, 0.21, 1.09, 0.21, 0.3, 0.15, 99, 99, 99]
--- num:  29
list:  [0.34, 0.34, 0.55, 0.55, 1, 1, 0.16199999999999998, 0.16199999999999998, 0.42, 0.42, 0.49, 0.23, 0.81, 0.81, 0.75, 0.25, 0.45, 0.65, 0.56, 0.45, 0.45, 0.56, 0.56, 1.09, 0.21, 1.09, 0.21, 0.31, 0.13, 99, 99, 99]
--- num:  29
list:  [0.55, 0.55, 1, 1, 0.98, 0.98, 0.16199999999999998, 0.16199999999999998, 0.41, 0.41, 0.45, 0.27, 0.81, 0.81, 0.75, 0.25, 0.45499999999999996, 0.65, 0.56, 0.45999999999999996, 0.45, 0.56, 0.56, 1.09, 0.21, 1.09, 0.21, 0.31, 0.11, 99, 99, 99]
--- num:  29
list:  [0.56, 0.56, 1, 1, 0.98, 0.98, 0.16199999999999998, 0.16199999999999998, 0.41, 0.41, 0.46, 0.26, 0.81, 0.81, 0.75, 0.25, 0.45, 0.65, 0.56, 0.45, 0.45, 0.56, 0.56, 1.09, 0.21, 1.09, 0.21, 0.29, 0.1, 99, 99, 99]
--- num:  29
list:  [0.56, 0.56, 1, 1, 0.97, 0.97, 0.16199999999999998, 0.16199999999999998, 0.37, 0.37, 0.39, 0.33, 0.81, 0.81, 0.75, 0.25, 0.45499999999999996, 0.65, 0.56, 0.45999999999999996, 0.45, 0.56, 0.56, 1.09, 0.21, 1.09, 0.21, 0.29, 0.1, 99, 99, 99]
--- num:  29
list:  [0.57, 0.57, 1, 1, 0.97, 0.97, 0.16199999999999998, 0.16199999999999998, 0.33, 0.33, 0.37, 0.35, 0.81, 0.81, 0.75, 0.25, 0.42000000000000004, 0.65, 0.56, 0.43, 0.41000000000000003, 0.56, 0.56, 1.09, 0.21, 1.09, 0.21, 0.3, 0.08, 99, 99, 99]
--- num:  29
list:  [0.57, 0.57, 1, 1, 0.97, 0.97, 0.16199999999999998, 0.16199999999999998, 0.32, 0.32, 0.37, 0.36, 0.81, 0.81, 0.75, 0.25, 0.41000000000000003, 0.65, 0.56, 0.42000000000000004, 0.4, 0.56, 0.56, 1.09, 0.21, 1.09, 0.21, 0.3, 0.07, 99, 99, 99]
--- num:  29
list:  [0.57, 0.57, 1, 1, 0.97, 0.97, 0.16199999999999998, 0.16199999999999998, 0.31, 0.31, 0.35, 0.37, 0.81, 0.81, 0.75, 0.25, 0.41000000000000003, 0.65, 0.56, 0.42000000000000004, 0.4, 0.56, 0.56, 1.09, 0.21, 1.09, 0.21, 0.32, 0.05, 99, 99, 99]
--- num:  29
list:  [0.57, 0.57, 1, 1, 0.97, 0.97, 0.18977492630481718, 0.18975013077259062, 0.3, 0.3, 0.36, 0.36, 0.81, 0.81, 0.75, 0.25, 0.395, 0.65, 0.56, 0.4, 0.39, 0.56, 0.56, 1.09, 0.21, 1.09, 0.21, 0.34, 0.02, 99, 99, 99]
--- num:  29
list:  [0.57, 0.57, 1, 1, 0.97, 0.97, 0.20294244170188902, 0.20294017672538756, 0.28, 0.28, 0.36, 0.36, 0.81, 0.81, 0.75, 0.26, 0.385, 0.65, 0.56, 0.39, 0.38, 0.56, 0.56, 1.09, 0.21, 1.09, 0.21, 0.36, 0, 99, 99, 99]
--- num:  29
list:  [0.57, 0.57, 1, 1, 0.97, 0.97, 0.21028230667114256, 0.21028117418289183, 0.27, 0.27, 0.36, 0.36, 0.81, 0.81, 0.75, 0.26, 0.375, 0.65, 0.56, 0.38, 0.37, 0.56, 0.56, 1.09, 0.21, 1.09, 0.21, 0.37, 0, 99, 99, 99]
--- num:  29
list:  [0.57, 0.57, 1, 1, 0.96, 0.96, 0.21506176471710203, 0.21506221175193785, 0.26, 0.26, 0.36, 0.36, 0.81, 0.81, 0.75, 0.26, 0.38, 0.65, 0.56, 0.38, 0.38, 0.56, 0.56, 1.09, 0.21, 1.09, 0.21, 0.37, 0, 99, 99, 99]
--- num:  29
list:  [0.57, 0.57, 1, 1, 0.96, 0.96, 0.22143917858600615, 0.2214390742778778, 0.24, 0.24, 0.37, 0.35, 0.81, 0.81, 0.75, 0.26, 0.385, 0.66, 0.56, 0.39, 0.38, 0.56, 0.56, 1.09, 0.21, 1.09, 0.21, 0.38, 0, 99, 99, 99]
--- num:  29
list:  [0.58, 0.58, 1, 1, 0.96, 0.96, 0.22977524578571318, 0.2297621327638626, 0.24, 0.24, 0.4, 0.33, 0.81, 0.81, 0.75, 0.26, 0.4, 0.66, 0.56, 0.4, 0.4, 0.56, 0.56, 1.09, 0.21, 1.09, 0.21, 0.39, 0, 99, 99, 99]
--- num:  29
list:  [0.58, 0.58, 1, 1, 0.96, 0.96, 0.24045906543731688, 0.24041823625564573, 0.23, 0.23, 0.42, 0.3, 0.81, 0.81, 0.75, 0.26, 0.385, 0.66, 0.56, 0.39, 0.38, 0.56, 0.56, 1.09, 0.21, 1.09, 0.21, 0.38, 0, 99, 99, 99]
--- num:  29
list:  [0.57, 0.57, 1, 1, 0.97, 0.97, 0.2287695515155792, 0.22863138794898985, 0.25, 0.25, 0.43, 0.29, 0.81, 0.81, 0.75, 0.27, 0.38, 0.66, 0.56, 0.39, 0.37, 0.56, 0.56, 1.09, 0.21, 1.09, 0.21, 0.38, 0, 99, 99, 99]
--- num:  29
list:  [0.57, 0.57, 1, 1, 0.97, 0.97, 0.20666473686695097, 0.20638358175754545, 0.28, 0.28, 0.44, 0.28, 0.81, 0.81, 0.75, 0.26, 0.375, 0.66, 0.56, 0.39, 0.36, 0.56, 0.56, 1.09, 0.21, 1.09, 0.21, 0.37, 0, 99, 99, 99]
--- num:  29
list:  [0.57, 0.57, 1, 1, 0.97, 0.97, 0.16199999999999998, 0.16199999999999998, 0.3, 0.3, 0.45, 0.27, 0.81, 0.81, 0.75, 0.26, 0.39, 0.66, 0.56, 0.4, 0.38, 0.56, 0.56, 1.09, 0.21, 1.09, 0.21, 0.36, 0.02, 99, 99, 99]
--- num:  29
list:  [0.57, 0.57, 1, 1, 0.97, 0.97, 0.16199999999999998, 0.16199999999999998, 0.33, 0.33, 0.47, 0.26, 0.81, 0.81, 0.75, 0.26, 0.4, 0.66, 0.56, 0.41000000000000003, 0.39, 0.56, 0.56, 1.09, 0.21, 1.09, 0.21, 0.34, 0.07, 99, 99, 99]
--- num:  29
list:  [0.56, 0.56, 1, 1, 0.97, 0.97, 0.16199999999999998, 0.16199999999999998, 0.35, 0.35, 0.5, 0.22, 0.81, 0.81, 0.75, 0.26, 0.44, 0.66, 0.56, 0.45, 0.43, 0.56, 0.56, 1.09, 0.21, 1.09, 0.21, 0.33, 0.1, 99, 99, 99]
--- num:  29
list:  [0.56, 0.56, 1, 1, 0.97, 0.97, 0.16199999999999998, 0.16199999999999998, 0.35, 0.35, 0.55, 0.17, 0.81, 0.81, 0.75, 0.26, 0.47, 0.66, 0.56, 0.48, 0.45999999999999996, 0.56, 0.56, 1.09, 0.21, 1.09, 0.21, 0.3, 0.12, 99, 99, 99]
--- num:  29
list:  [0.56, 0.56, 1, 1, 0.98, 0.98, 0.16199999999999998, 0.16199999999999998, 0.35, 0.35, 0.58, 0.15, 0.81, 0.81, 0.75, 0.26, 0.49, 0.66, 0.56, 0.5, 0.48, 0.56, 0.56, 1.09, 0.21, 1.09, 0.21, 0.3, 0.14, 99, 99, 99]
--- num:  29
list:  [0.56, 0.56, 1, 1, 0.98, 0.98, 0.16199999999999998, 0.16199999999999998, 0.35, 0.35, 0.58, 0.14, 0.81, 0.81, 0.75, 0.26, 0.515, 0.66, 0.56, 0.52, 0.51, 0.56, 0.56, 1.09, 0.21, 1.09, 0.21, 0.3, 0.15, 99, 99, 99]
--- num:  29
list:  [0.56, 0.56, 1, 1, 0.98, 0.98, 0.16199999999999998, 0.16199999999999998, 0.36, 0.36, 0.55, 0.17, 0.81, 0.81, 0.75, 0.27, 0.515, 0.66, 0.56, 0.52, 0.51, 0.56, 0.56, 1.09, 0.21, 1.09, 0.21, 0.3, 0.18, 99, 99, 99]
--- num:  29
list:  [0.56, 0.56, 1, 1, 0.98, 0.98, 0.16199999999999998, 0.16199999999999998, 0.35, 0.35, 0.48, 0.24, 0.81, 0.81, 0.75, 0.27, 0.525, 0.66, 0.56, 0.53, 0.52, 0.56, 0.56, 1.09, 0.21, 1.09, 0.21, 0.3, 0.23, 99, 99, 99]
--- num:  29
list:  [0.56, 0.56, 1, 1, 0.98, 0.98, 0.16199999999999998, 0.16199999999999998, 0.36, 0.36, 0.41, 0.31, 0.81, 0.81, 0.75, 0.27, 0.495, 0.66, 0.56, 0.5, 0.49, 0.56, 0.56, 1.09, 0.21, 1.09, 0.21, 0.3, 0.25, 99, 99, 99]
--- num:  29
list:  [0.56, 0.56, 1, 1, 0.98, 0.98, 0.16199999999999998, 0.16199999999999998, 0.36, 0.36, 0.35, 0.37, 0.81, 0.81, 0.75, 0.27, 0.51, 0.66, 0.56, 0.5, 0.52, 0.56, 0.56, 1.09, 0.21, 1.09, 0.21, 0.31, 0.3, 99, 99, 99]
--- num:  29
list:  [0.56, 0.56, 1, 1, 0.98, 0.98, 0.16199999999999998, 0.16199999999999998, 0.37, 0.37, 0.32, 0.41, 0.81, 0.81, 0.75, 0.27, 0.555, 0.66, 0.56, 0.54, 0.5700000000000001, 0.56, 0.56, 1.09, 0.21, 1.09, 0.21, 0.34, 0.45, 99, 99, 99]
--- num:  29
list:  [0.56, 0.56, 1, 1, 0.98, 0.98, 0.16199999999999998, 0.16199999999999998, 0.37, 0.37, 0.29, 0.43, 0.81, 0.81, 0.75, 0.26, 0.56, 0.66, 0.56, 0.54, 0.5800000000000001, 0.56, 0.56, 1.09, 0.21, 1.09, 0.21, 0.36, 0.56, 99, 99, 99]
--- num:  29
list:  [0.56, 0.56, 1, 1, 0.98, 0.98, 0.16199999999999998, 0.16199999999999998, 0.37, 0.37, 0.28, 0.44, 0.81, 0.81, 0.75, 0.26, 0.545, 0.66, 0.56, 0.53, 0.56, 0.56, 0.56, 1.09, 0.21, 1.09, 0.21, 0.41, 0.6, 99, 99, 99]
--- num:  29
list:  [0.56, 0.56, 1, 1, 0.98, 0.98, 0.16199999999999998, 0.16199999999999998, 0.37, 0.37, 0.28, 0.44, 0.81, 0.81, 0.75, 0.26, 0.525, 0.66, 0.56, 0.51, 0.54, 0.56, 0.56, 1.09, 0.21, 1.09, 0.21, 0.39, 0.66, 99, 99, 99]
--- num:  29
list:  [0.56, 0.56, 1, 1, 0.98, 0.98, 0.16199999999999998, 0.16199999999999998, 0.36, 0.36, 0.29, 0.44, 0.81, 0.81, 0.75, 0.26, 0.48, 0.65, 0.56, 0.47, 0.49, 0.56, 0.56, 1.09, 0.21, 1.09, 0.21, 0.34, 0.56, 99, 99, 99]
--- num:  29
list:  [0.56, 0.56, 1, 1, 0.98, 0.98, 0.16199999999999998, 0.16199999999999998, 0.35, 0.35, 0.3, 0.43, 0.81, 0.81, 0.75, 0.25, 0.43500000000000005, 0.65, 0.56, 0.42000000000000004, 0.45, 0.56, 0.56, 1.09, 0.21, 1.09, 0.21, 0.3, 0.52, 99, 99, 99]
--- num:  29
list:  [0.56, 0.56, 1, 1, 0.98, 0.98, 0.1971056419610977, 0.19697370707988737, 0.35, 0.35, 0.31, 0.42, 0.81, 0.81, 0.75, 0.25, 0.43000000000000005, 0.65, 0.56, 0.42000000000000004, 0.44, 0.56, 0.56, 1.09, 0.21, 1.09, 0.21, 0.3, 0.53, 99, 99, 99]
--- num:  29
list:  [0.56, 0.56, 1, 1, 0.98, 0.98, 0.16199999999999998, 0.16199999999999998, 0.37, 0.37, 0.32, 0.4, 0.81, 0.81, 0.75, 0.25, 0.435, 0.65, 0.56, 0.43, 0.44, 0.56, 0.56, 1.09, 0.21, 1.09, 0.21, 0.3, 0.44, 99, 99, 99]
--- num:  29
list:  [0.56, 0.56, 1, 1, 0.98, 0.98, 0.16199999999999998, 0.16199999999999998, 0.39, 0.39, 0.33, 0.39, 0.81, 0.81, 0.75, 0.26, 0.46499999999999997, 0.65, 0.56, 0.45999999999999996, 0.47, 0.56, 0.56, 1.09, 0.21, 1.09, 0.21, 0.32, 0.3, 99, 99, 99]
--- num:  29
list:  [0.56, 0.56, 1, 1, 0.98, 0.98, 0.16199999999999998, 0.16199999999999998, 0.38, 0.38, 0.33, 0.39, 0.81, 0.81, 0.75, 0.26, 0.47, 0.65, 0.56, 0.47, 0.47, 0.56, 0.56, 1.09, 0.21, 1.09, 0.21, 0.33, 0.27, 99, 99, 99]
--- num:  29
list:  [0.57, 0.57, 1, 1, 0.97, 0.97, 0.9655585694313049, 0.9655486750602722, 0.29, 0.29, 0.35, 0.37, 0.81, 0.81, 0.5, 0.26, 0.33999999999999997, 0.66, 0.56, 0.33999999999999997, 0.33999999999999997, 0.56, 0.56, 1.09, 0.21, 1.09, 0.21, 0.33, 0.26, 99, 99, 99]
--- num:  29
list:  [0.57, 0.57, 1, 1, 0.97, 0.97, 0.2528680372238159, 0.252761732339859, 0.3, 0.3, 0.33, 0.4, 0.81, 0.81, 0.75, 0.26, 0.44999999999999996, 0.66, 0.56, 0.44, 0.45999999999999996, 0.56, 0.56, 1.09, 0.21, 1.09, 0.21, 0.34, 0.25, 99, 99, 99]
--- num:  29
list:  [0.56, 0.56, 1, 1, 0.97, 0.97, 0.16199999999999998, 0.16199999999999998, 0.34, 0.34, 0.31, 0.42, 0.81, 0.81, 0.75, 0.26, 0.47, 0.66, 0.56, 0.45999999999999996, 0.48, 0.56, 0.56, 1.09, 0.21, 1.09, 0.21, 0.36, 0.24, 99, 99, 99]
--- num:  29
list:  [0.56, 0.56, 1, 1, 0.98, 0.98, 0.16199999999999998, 0.16199999999999998, 0.34, 0.34, 0.29, 0.43, 0.81, 0.81, 0.75, 0.26, 0.47, 0.66, 0.56, 0.45999999999999996, 0.48, 0.56, 0.56, 1.09, 0.21, 1.09, 0.21, 0.38, 0.24, 99, 99, 99]
--- num:  29
list:  [0.56, 0.56, 1, 1, 0.98, 0.98, 0.16199999999999998, 0.16199999999999998, 0.34, 0.34, 0.26, 0.46, 0.81, 0.81, 0.75, 0.26, 0.525, 0.66, 0.56, 0.51, 0.54, 0.56, 0.56, 1.09, 0.21, 1.09, 0.21, 0.43, 0.26, 99, 99, 99]
--- num:  29
list:  [0.56, 0.56, 1, 1, 0.97, 0.97, 0.16199999999999998, 0.16199999999999998, 0.33, 0.33, 0.25, 0.47, 0.81, 0.81, 0.75, 0.26, 0.54, 0.66, 0.56, 0.52, 0.56, 0.56, 0.56, 1.09, 0.21, 1.09, 0.21, 0.44, 0.29, 99, 99, 99]
--- num:  29
list:  [0.56, 0.56, 1, 1, 0.97, 0.97, 0.16199999999999998, 0.16199999999999998, 0.33, 0.33, 0.24, 0.48, 0.81, 0.81, 0.75, 0.26, 0.55, 0.66, 0.56, 0.53, 0.5700000000000001, 0.56, 0.56, 1.09, 0.21, 1.09, 0.21, 0.44, 0.31, 99, 99, 99]
--- num:  29
list:  [0.57, 0.57, 1, 1, 0.97, 0.97, 0.16199999999999998, 0.16199999999999998, 0.32, 0.32, 0.22, 0.51, 0.81, 0.81, 0.75, 0.26, 0.555, 0.66, 0.56, 0.53, 0.5800000000000001, 0.56, 0.56, 1.09, 0.21, 1.09, 0.21, 0.46, 0.5, 99, 99, 99]
--- num:  29
list:  [0.57, 0.57, 1, 1, 0.97, 0.97, 0.16199999999999998, 0.16199999999999998, 0.31, 0.31, 0.21, 0.51, 0.81, 0.81, 0.75, 0.26, 0.5650000000000001, 0.66, 0.56, 0.54, 0.5900000000000001, 0.56, 0.56, 1.09, 0.21, 1.09, 0.21, 0.47, 0.5, 99, 99, 99]
--- num:  29
list:  [0.57, 0.57, 1, 1, 0.97, 0.97, 0.16199999999999998, 0.16199999999999998, 0.31, 0.31, 0.21, 0.51, 0.81, 0.81, 0.75, 0.27, 0.5800000000000001, 0.66, 0.56, 0.55, 0.61, 0.56, 0.56, 1.09, 0.21, 1.09, 0.21, 0.47, 0.5, 99, 99, 99]
--- num:  29
list:  [0.57, 0.57, 1, 1, 0.97, 0.97, 0.16199999999999998, 0.16199999999999998, 0.31, 0.31, 0.22, 0.51, 0.81, 0.81, 0.75, 0.27, 0.585, 0.66, 0.56, 0.56, 0.61, 0.56, 0.56, 1.09, 0.21, 1.09, 0.21, 0.48, 0.5, 99, 99, 99]
--- num:  29
list:  [0.59, 0.59, 1, 1, 0.95, 0.95, 0.9764424967765808, 0.9764406490325928, 0.28, 0.28, 0.31, 0.42, 0.81, 0.81, 0.5, 0.27, 0.41500000000000004, 0.67, 0.56, 0.39, 0.44, 0.56, 0.56, 1.09, 0.21, 1.09, 0.21, 0.44, 0.36, 99, 99, 99]
--- num:  29
list:  [0.6, 0.6, 1, 1, 0.94, 0.94, 0.965557496547699, 0.9655456352233887, 0.26, 0.26, 0.36, 0.36, 0.81, 0.81, 0.5, 0.28, 0.44, 0.67, 0.56, 0.43, 0.45, 0.56, 0.56, 1.09, 0.21, 1.09, 0.21, 0.42, 0.26, 99, 99, 99]
--- num:  29
list:  [0.61, 0.61, 1, 1, 0.94, 0.94, 0.9636789965629577, 0.9636698770523071, 0.27, 0.27, 0.41, 0.32, 0.81, 0.81, 0.5, 0.28, 0.43, 0.67, 0.56, 0.43, 0.43, 0.56, 0.56, 1.09, 0.21, 1.09, 0.21, 0.43, 0.23, 99, 99, 99]
--- num:  29
list:  [0.58, 0.58, 1, 1, 0.96, 0.96, 0.24414659619331358, 0.24410979032516478, 0.26, 0.26, 0.43, 0.29, 0.81, 0.81, 0.75, 0.28, 0.555, 0.67, 0.56, 0.55, 0.56, 0.56, 0.56, 1.09, 0.21, 1.09, 0.21, 0.42, 0.1, 99, 99, 99]
--- num:  29
list:  [0.57, 0.57, 1, 1, 0.97, 0.97, 0.16199999999999998, 0.16199999999999998, 0.33, 0.33, 0.43, 0.29, 0.81, 0.81, 0.75, 0.28, 0.5800000000000001, 0.67, 0.56, 0.5800000000000001, 0.5800000000000001, 0.56, 0.56, 1.09, 0.21, 1.09, 0.21, 0.42, 0.09, 99, 99, 99]
--- num:  29
list:  [0.57, 0.57, 1, 1, 0.97, 0.97, 0.16199999999999998, 0.16199999999999998, 0.33, 0.33, 0.38, 0.34, 0.81, 0.81, 0.75, 0.28, 0.5900000000000001, 0.67, 0.56, 0.5800000000000001, 0.6, 0.56, 0.56, 1.09, 0.21, 1.09, 0.21, 0.42, 0.12, 99, 99, 99]
--- num:  29
list:  [0.57, 0.57, 1, 1, 0.97, 0.97, 0.16199999999999998, 0.16199999999999998, 0.33, 0.33, 0.33, 0.39, 0.81, 0.81, 0.75, 0.28, 0.575, 0.67, 0.56, 0.55, 0.6, 0.56, 0.56, 1.09, 0.21, 1.09, 0.21, 0.42, 0.16, 99, 99, 99]
--- num:  29
list:  [0.57, 0.57, 1, 1, 0.97, 0.97, 0.9013919639587402, 0.9012962985038757, 0.25, 0.25, 0.3, 0.43, 0.81, 0.81, 0.75, 0.28, 0.525, 0.68, 0.56, 0.5, 0.55, 0.56, 0.56, 1.09, 0.21, 1.09, 0.21, 0.46, 0.5, 99, 99, 99]
--- num:  29
list:  [0.58, 0.58, 1, 1, 0.96, 0.96, 0.4169315207004547, 0.4155296194553375, 0.22, 0.22, 0.24, 0.49, 0.81, 0.81, 0.75, 0.29, 0.5900000000000001, 0.68, 0.56, 0.56, 0.62, 0.56, 0.56, 1.09, 0.21, 1.09, 0.21, 0.48, 0.5, 99, 99, 99]
--- num:  29
list:  [0.57, 0.57, 1, 1, 0.97, 0.97, 0.16199999999999998, 0.16199999999999998, 0.32, 0.32, 0.21, 0.52, 0.81, 0.81, 0.75, 0.28, 0.6299999999999999, 0.68, 0.56, 0.6, 0.6599999999999999, 0.56, 0.56, 1.09, 0.21, 1.09, 0.21, 0.48, 0.5, 99, 99, 99]
--- num:  29
list:  [0.57, 0.57, 1, 1, 0.97, 0.97, 0.16199999999999998, 0.16199999999999998, 0.33, 0.33, 0.21, 0.52, 0.81, 0.81, 0.75, 0.28, 0.6399999999999999, 0.67, 0.56, 0.61, 0.6699999999999999, 0.56, 0.56, 1.09, 0.21, 1.09, 0.21, 0.48, 0.5, 99, 99, 99]
--- num:  29
list:  [0.57, 0.57, 1, 1, 0.97, 0.97, 0.16199999999999998, 0.16199999999999998, 0.33, 0.33, 0.2, 0.52, 0.81, 0.81, 0.75, 0.28, 0.645, 0.67, 0.56, 0.61, 0.6799999999999999, 0.56, 0.56, 1.09, 0.21, 1.09, 0.21, 0.49, 0.5, 99, 99, 99]
--- num:  29
list:  [0.59, 0.59, 1, 1, 0.95, 0.95, 0.9696352291107178, 0.9696358847618103, 0.28, 0.28, 0.25, 0.47, 0.81, 0.81, 0.5, 0.28, 0.51, 0.67, 0.56, 0.47, 0.55, 0.56, 0.56, 1.09, 0.21, 1.09, 0.21, 0.47, 0.5, 99, 99, 99]
--- num:  29
list:  [0.6, 0.6, 1, 1, 0.95, 0.95, 0.9729879307746887, 0.9729875135421753, 0.29, 0.29, 0.28, 0.44, 0.81, 0.81, 0.5, 0.29, 0.495, 0.68, 0.56, 0.45999999999999996, 0.53, 0.56, 0.56, 1.09, 0.21, 1.09, 0.21, 0.45, 0.5, 99, 99, 99]
--- num:  29
list:  [0.58, 0.58, 1, 1, 0.96, 0.96, 0.7561945128440857, 0.7546381759643555, 0.17, 0.17, 0.33, 0.39, 0.81, 0.81, 0.75, 0.3, 0.545, 0.69, 0.56, 0.51, 0.5800000000000001, 0.56, 0.56, 1.09, 0.21, 1.09, 0.21, 0.41, 0.38, 99, 99, 99]
--- num:  29
list:  [0.57, 0.57, 1, 1, 0.97, 0.97, 0.2085175025463104, 0.20811897099018095, 0.32, 0.32, 0.35, 0.37, 0.81, 0.75, 0.75, 0.3, 0.625, 0.69, 0.56, 0.5900000000000001, 0.6599999999999999, 0.56, 0.56, 1.09, 0.21, 1.05, 0.23, 0.42, 0.3, 99, 99, 99]
--- num:  29
list:  [0.57, 0.57, 1, 1, 0.97, 0.97, 0.16199999999999998, 0.16199999999999998, 0.34, 0.34, 0.37, 0.35, 0.81, 0.72, 0.75, 0.3, 0.655, 0.69, 0.56, 0.62, 0.69, 0.56, 0.56, 1.09, 0.21, 1.03, 0.23, 0.42, 0.25, 99, 99, 99]
--- num:  29
list:  [0.57, 0.57, 1, 1, 0.97, 0.97, 0.16199999999999998, 0.16199999999999998, 0.34, 0.34, 0.37, 0.35, 0.81, 0.81, 0.75, 0.29, 0.6599999999999999, 0.68, 0.56, 0.64, 0.6799999999999999, 0.56, 0.56, 1.09, 0.21, 1.09, 0.21, 0.42, 0.24, 99, 99, 99]
--- num:  29
list:  [0.57, 0.57, 1, 1, 0.97, 0.97, 0.16199999999999998, 0.16199999999999998, 0.34, 0.34, 0.38, 0.34, 0.81, 0.81, 0.75, 0.28, 0.6, 0.68, 0.56, 0.6, 0.6, 0.56, 0.56, 1.09, 0.21, 1.09, 0.21, 0.4, 0.23, 99, 99, 99]
--- num:  29
list:  [0.56, 0.56, 1, 1, 0.97, 0.97, 0.16199999999999998, 0.16199999999999998, 0.35, 0.35, 0.39, 0.33, 0.81, 0.81, 0.75, 0.28, 0.5650000000000001, 0.67, 0.56, 0.5700000000000001, 0.56, 0.56, 0.56, 1.09, 0.21, 1.09, 0.21, 0.41, 0.2, 99, 99, 99]
--- num:  29
list:  [0.56, 0.56, 1, 1, 0.97, 0.97, 0.16199999999999998, 0.16199999999999998, 0.35, 0.35, 0.41, 0.31, 0.81, 0.81, 0.75, 0.27, 0.56, 0.67, 0.56, 0.5700000000000001, 0.55, 0.56, 0.56, 1.09, 0.21, 1.09, 0.21, 0.42, 0.19, 99, 99, 99]
--- num:  29
list:  [0.56, 0.56, 1, 1, 0.97, 0.97, 0.16199999999999998, 0.16199999999999998, 0.35, 0.35, 0.42, 0.3, 0.81, 0.81, 0.75, 0.27, 0.53, 0.66, 0.56, 0.54, 0.52, 0.56, 0.56, 1.09, 0.21, 1.09, 0.21, 0.41, 0.18, 99, 99, 99]
--- num:  29
list:  [0.57, 0.57, 1, 1, 0.97, 0.97, 0.3989217984676361, 0.39891750693321226, 0.23, 0.23, 0.4, 0.32, 0.81, 0.81, 0.75, 0.26, 0.475, 0.66, 0.56, 0.47, 0.48, 0.56, 0.56, 1.09, 0.21, 1.09, 0.21, 0.41, 0.17, 99, 99, 99]
--- num:  29
list:  [0.57, 0.57, 1, 1, 0.96, 0.96, 0.27437652230262755, 0.27432681202888487, 0.26, 0.26, 0.39, 0.33, 0.81, 0.81, 0.75, 0.26, 0.48, 0.66, 0.56, 0.48, 0.48, 0.56, 0.56, 1.09, 0.21, 1.09, 0.21, 0.4, 0.17, 99, 99, 99]
--- num:  29
list:  [0.6, 0.6, 1, 1, 0.94, 0.94, 0.19045713126659392, 0.19037244796752928, 0.29, 0.29, 0.37, 0.35, 0.81, 0.81, 0.75, 0.27, 0.535, 0.66, 0.56, 0.53, 0.54, 0.56, 0.56, 1.09, 0.21, 1.09, 0.21, 0.4, 0.16, 99, 99, 99]
--- num:  29
list:  [0.62, 0.62, 1, 1, 0.92, 0.92, 0.16199999999999998, 0.16199999999999998, 0.3, 0.3, 0.36, 0.36, 0.81, 0.81, 0.75, 0.27, 0.545, 0.66, 0.56, 0.54, 0.55, 0.56, 0.56, 1.09, 0.21, 1.09, 0.21, 0.41, 0.16, 99, 99, 99]
--- num:  29
list:  [0.61, 0.61, 1, 1, 0.93, 0.93, 0.16199999999999998, 0.16199999999999998, 0.3, 0.3, 0.36, 0.37, 0.81, 0.81, 0.75, 0.27, 0.545, 0.66, 0.56, 0.54, 0.55, 0.56, 0.56, 1.09, 0.21, 1.09, 0.21, 0.4, 0.17, 99, 99, 99]
--- num:  29
list:  [0.76, 0.76, 1, 1, 0.82, 0.82, 0.32163516759872435, 0.3216885137557983, 0.2, 0.2, 0.34, 0.38, 0.81, 0.81, 0.75, 0.27, 0.595, 0.67, 0.56, 0.5800000000000001, 0.61, 0.56, 0.56, 1.09, 0.21, 1.09, 0.21, 0.4, 0.23, 99, 99, 99]
--- num:  29
list:  [0.9, 0.9, 1, 1, 0.7, 0.7, 0.16199999999999998, 0.16199999999999998, 0.26, 0.26, 0.32, 0.4, 0.81, 0.81, 0.75, 0.27, 0.6699999999999999, 0.67, 0.56, 0.65, 0.69, 0.56, 0.56, 1.09, 0.21, 1.09, 0.21, 0.42, 0.25, 99, 99, 99]
--- num:  29
list:  [0.89, 0.89, 1, 1, 0.71, 0.71, 0.16199999999999998, 0.16199999999999998, 0.28, 0.28, 0.32, 0.4, 0.81, 0.81, 0.75, 0.27, 0.6799999999999999, 0.67, 0.56, 0.6599999999999999, 0.7, 0.56, 0.56, 1.09, 0.21, 1.09, 0.21, 0.43, 0.28, 99, 99, 99]
--- num:  29
list:  [0.83, 0.83, 1, 1, 0.76, 0.76, 0.16199999999999998, 0.16199999999999998, 0.29, 0.29, 0.32, 0.4, 0.81, 0.81, 0.75, 0.27, 0.675, 0.67, 0.56, 0.65, 0.7, 0.56, 0.56, 1.09, 0.21, 1.09, 0.21, 0.43, 0.3, 99, 99, 99]
--- num:  29
list:  [0.76, 0.76, 1, 1, 0.81, 0.81, 0.49264488697052, 0.4917855072021484, 0.19, 0.19, 0.35, 0.37, 0.81, 0.81, 0.75, 0.28, 0.615, 0.67, 0.56, 0.5900000000000001, 0.64, 0.56, 0.56, 1.09, 0.21, 1.09, 0.21, 0.43, 0.31, 99, 99, 99]
--- num:  29
list:  [0.76, 0.76, 1, 1, 0.82, 0.82, 0.2141799587011337, 0.21365336656570433, 0.27, 0.27, 0.34, 0.39, 0.81, 0.81, 0.75, 0.28, 0.63, 0.67, 0.56, 0.61, 0.65, 0.56, 0.56, 1.09, 0.21, 1.09, 0.21, 0.43, 0.31, 99, 99, 99]
--- num:  29
list:  [0.64, 0.64, 1, 1, 0.91, 0.91, 0.16199999999999998, 0.16199999999999998, 0.32, 0.32, 0.35, 0.37, 0.81, 0.81, 0.75, 0.28, 0.61, 0.67, 0.56, 0.6, 0.62, 0.56, 0.56, 1.09, 0.21, 1.09, 0.21, 0.42, 0.26, 99, 99, 99]
--- num:  29
list:  [0.58, 0.58, 1, 1, 0.96, 0.96, 0.16199999999999998, 0.16199999999999998, 0.32, 0.32, 0.35, 0.37, 0.81, 0.81, 0.75, 0.28, 0.5850000000000001, 0.67, 0.56, 0.5800000000000001, 0.5900000000000001, 0.56, 0.56, 1.09, 0.21, 1.09, 0.21, 0.42, 0.23, 99, 99, 99]
--- num:  29
list:  [0.58, 0.58, 1, 1, 0.96, 0.96, 0.5089438366889953, 0.5085011529922485, 0.21, 0.21, 0.37, 0.35, 0.81, 0.81, 0.75, 0.28, 0.5750000000000001, 0.67, 0.56, 0.56, 0.5900000000000001, 0.56, 0.56, 1.09, 0.21, 1.09, 0.21, 0.42, 0.23, 99, 99, 99]
--- num:  29
list:  [0.76, 0.76, 1, 1, 0.81, 0.81, 0.16199999999999998, 0.16199999999999998, 0.31, 0.31, 0.35, 0.37, 0.81, 0.81, 0.75, 0.28, 0.6849999999999999, 0.67, 0.56, 0.6699999999999999, 0.7, 0.56, 0.56, 1.09, 0.21, 1.09, 0.21, 0.42, 0.23, 99, 99, 99]
--- num:  29
list:  [0.92, 0.92, 1, 1, 0.68, 0.68, 0.16199999999999998, 0.16199999999999998, 0.3, 0.3, 0.35, 0.37, 0.81, 0.81, 0.75, 0.28, 0.775, 0.67, 0.56, 0.76, 0.79, 0.56, 0.56, 1.09, 0.21, 1.09, 0.21, 0.43, 0.24, 99, 99, 99]
--- num:  29
list:  [0.92, 0.92, 1, 1, 0.68, 0.68, 0.16199999999999998, 0.16199999999999998, 0.29, 0.29, 0.35, 0.37, 0.81, 0.81, 1, 0.29, 0.795, 0.68, 0.56, 0.78, 0.81, 0.56, 0.56, 1.09, 0.21, 1.09, 0.21, 0.45, 0.5, 99, 99, 99]
--- num:  29
list:  [0.91, 0.91, 1, 1, 0.7, 0.7, 0.16199999999999998, 0.16199999999999998, 0.3, 0.3, 0.35, 0.37, 0.81, 0.81, 1, 0.29, 0.79, 0.68, 0.56, 0.77, 0.81, 0.56, 0.56, 1.09, 0.21, 1.09, 0.21, 0.41, 0.28, 99, 99, 99]
--- num:  29
list:  [0.6, 0.6, 1, 1, 0.94, 0.94, 0.5664582657814026, 0.5661822962760925, 0.19, 0.19, 0.36, 0.36, 0.81, 0.81, 0.75, 0.28, 0.6499999999999999, 0.68, 0.56, 0.63, 0.6699999999999999, 0.56, 0.56, 1.09, 0.21, 1.09, 0.21, 0.36, 0.3, 99, 99, 99]
--- num:  29
list:  [0.57, 0.57, 1, 1, 0.97, 0.97, 0.23915461778640745, 0.23900974869728087, 0.31, 0.31, 0.35, 0.37, 0.81, 0.81, 0.75, 0.28, 0.69, 0.68, 0.56, 0.6799999999999999, 0.7, 0.56, 0.56, 1.09, 0.21, 1.09, 0.21, 0.33, 0.28, 99, 99, 99]
--- num:  29
list:  [0.57, 0.57, 1, 1, 0.97, 0.97, 0.19649654209613798, 0.1963536250591278, 0.32, 0.32, 0.34, 0.38, 0.81, 0.765, 0.75, 0.28, 0.725, 0.67, 0.56, 0.72, 0.73, 0.56, 0.56, 1.09, 0.21, 1.06, 0.22, 0.19, 0.25, 99, 99, 99]
--- num:  29
list:  [0.56, 0.56, 1, 1, 0.97, 0.97, 0.18134651660919188, 0.1810877877473831, 0.33, 0.33, 0.34, 0.38, 0.75, 0.705, 0.75, 0.28, 0.755, 0.67, 0.56, 0.75, 0.76, 0.56, 0.56, 1.05, 0.23, 1.02, 0.24, 0.14, 0.27, 99, 99, 99]
--- num:  29
list:  [0.56, 0.56, 1, 1, 0.98, 0.98, 0.16199999999999998, 0.16199999999999998, 0.36, 0.36, 0.34, 0.38, 0.705, 0.6599999999999999, 0.75, 0.29, 0.815, 0.68, 0.49, 0.81, 0.82, 0.49, 0.49, 1.02, 0.24, 0.99, 0.25, 0.09, 0.3, 99, 99, 99]
--- num:  29
list:  [0.56, 0.56, 1, 1, 0.98, 0.98, 0.16199999999999998, 0.16199999999999998, 0.4, 0.4, 0.34, 0.38, 0.6449999999999999, 0.5700000000000001, 1, 0.28, 0.92, 0.67, 0.35, 0.92, 0.92, 0.35, 0.35, 0.98, 0.26, 0.93, 0.28, 0.05, 0.36, 99, 99, 99]
--- num:  29
list:  [0.33, 0.33, 0.54, 0.54, 1, 1, 0.16199999999999998, 0.16199999999999998, 0.41, 0.41, 0.35, 0.37, 0.6749999999999999, 0.54, 1, 0.25, 0.945, 0.65, 0.31, 0.94, 0.95, 0.31, 0.31, 1.0, 0.25, 0.91, 0.29, 0.04, 0.45, 99, 99, 99]
--- num:  29
list:  [0.34, 0.34, 0.55, 0.55, 1, 1, 0.16199999999999998, 0.16199999999999998, 0.41, 0.41, 0.37, 0.36, 0.6299999999999999, 0.4649999999999999, 1, 0.25, 0.95, 0.65, 0.3, 0.94, 0.96, 0.3, 0.3, 0.97, 0.26, 0.86, 0.31, 0.04, 0.48, 99, 99, 99]
--- num:  29
list:  [0.35, 0.35, 0.57, 0.57, 1, 1, 0.16199999999999998, 0.16199999999999998, 0.41, 0.41, 0.39, 0.33, 0.5549999999999999, 0.4349999999999999, 1, 0.24, 0.955, 0.64, 0.3, 0.95, 0.96, 0.3, 0.3, 0.92, 0.29, 0.84, 0.32, 0.03, 0.48, 99, 99, 99]
--- num:  29
list:  [0.37, 0.37, 0.62, 0.62, 1, 1, 0.16199999999999998, 0.16199999999999998, 0.42, 0.42, 0.4, 0.32, 0.5249999999999999, 0.40499999999999986, 1, 0.24, 0.955, 0.64, 0.3, 0.95, 0.96, 0.3, 0.3, 0.9, 0.29, 0.82, 0.33, 0.03, 0.48, 99, 99, 99]
--- num:  29
list:  [0.35, 0.35, 0.59, 0.59, 1, 1, 0.19959830820560454, 0.19854497492313383, 0.33, 0.33, 0.41, 0.31, 0.4499999999999999, 0.40499999999999986, 1, 0.25, 0.955, 0.65, 0.31, 0.95, 0.96, 0.31, 0.31, 0.85, 0.32, 0.82, 0.33, 0.03, 0.46, 99, 99, 99]
--- num:  29
list:  [0.55, 0.55, 1, 1, 0.98, 0.98, 0.16199999999999998, 0.16199999999999998, 0.38, 0.38, 0.4, 0.33, 0.4649999999999999, 0.40499999999999986, 1, 0.26, 0.945, 0.65, 0.31, 0.94, 0.95, 0.31, 0.31, 0.86, 0.31, 0.82, 0.33, 0.03, 0.44, 99, 99, 99]
--- num:  29
list:  [0.35, 0.35, 0.59, 0.59, 1, 1, 0.16199999999999998, 0.16199999999999998, 0.41, 0.41, 0.37, 0.35, 0.4649999999999999, 0.40499999999999986, 1, 0.25, 0.95, 0.65, 0.31, 0.95, 0.95, 0.31, 0.31, 0.86, 0.31, 0.82, 0.33, 0.03, 0.43, 99, 99, 99]
--- num:  29
list:  [0.37, 0.37, 0.62, 0.62, 1, 1, 0.16199999999999998, 0.16199999999999998, 0.42, 0.42, 0.34, 0.38, 0.4349999999999999, 0.39, 1, 0.25, 0.96, 0.65, 0.3, 0.96, 0.96, 0.3, 0.3, 0.84, 0.32, 0.81, 0.33, 0.03, 0.43, 99, 99, 99]
--- num:  29
list:  [0.37, 0.37, 0.64, 0.64, 1, 1, 0.16199999999999998, 0.16199999999999998, 0.38, 0.38, 0.32, 0.41, 0.40499999999999986, 0.36, 1, 0.25, 0.96, 0.65, 0.34, 0.96, 0.96, 0.34, 0.34, 0.82, 0.33, 0.79, 0.34, 0.03, 0.44, 99, 99, 99]
--- num:  29
list:  [0.56, 0.56, 1, 1, 0.98, 0.98, 0.26881478309631346, 0.26794384002685545, 0.29, 0.29, 0.29, 0.43, 0.4349999999999999, 0.40499999999999986, 1, 0.29, 0.89, 0.68, 0.39, 0.89, 0.89, 0.39, 0.39, 0.84, 0.32, 0.82, 0.33, 0.04, 0.43, 99, 99, 99]
--- num:  29
list:  [0.56, 0.56, 1, 1, 0.98, 0.98, 0.16199999999999998, 0.16199999999999998, 0.35, 0.35, 0.26, 0.47, 0.5999999999999999, 0.54, 1, 0.29, 0.89, 0.68, 0.41, 0.89, 0.89, 0.41, 0.41, 0.95, 0.27, 0.91, 0.29, 0.05, 0.42, 99, 99, 99]
--- num:  29
list:  [0.55, 0.55, 1, 1, 0.98, 0.98, 0.16199999999999998, 0.16199999999999998, 0.36, 0.36, 0.24, 0.48, 0.81, 0.81, 0.75, 0.29, 0.84, 0.68, 0.49, 0.84, 0.84, 0.49, 0.49, 1.09, 0.21, 1.09, 0.21, 0.07, 0.4, 99, 99, 99]
--- num:  29
list:  [0.55, 0.55, 1, 1, 0.98, 0.98, 0.6095248866081238, 0.6089154887199402, 0.2, 0.2, 0.26, 0.46, 0.81, 0.81, 0.75, 0.27, 0.6599999999999999, 0.67, 0.56, 0.65, 0.6699999999999999, 0.56, 0.56, 1.09, 0.21, 1.09, 0.21, 0.1, 0.39, 99, 99, 99]
--- num:  29
list:  [0.35, 0.35, 0.57, 0.57, 1, 1, 0.1857758867740631, 0.18577496290206907, 0.32, 0.32, 0.24, 0.48, 0.81, 0.81, 0.75, 0.26, 0.6, 0.66, 0.56, 0.6, 0.6, 0.56, 0.56, 1.09, 0.21, 1.09, 0.21, 0.11, 0.31, 99, 99, 99]
--- num:  29
list:  [0.34, 0.34, 0.57, 0.57, 1, 1, 0.16199999999999998, 0.16199999999999998, 0.32, 0.32, 0.25, 0.47, 0.81, 0.81, 0.75, 0.26, 0.515, 0.65, 0.56, 0.52, 0.51, 0.56, 0.56, 1.09, 0.21, 1.09, 0.21, 0.16, 0.23, 99, 99, 99]
--- num:  29
list:  [0.34, 0.34, 0.55, 0.55, 1, 1, 0.16199999999999998, 0.16199999999999998, 0.32, 0.32, 0.26, 0.47, 0.81, 0.81, 0.75, 0.25, 0.505, 0.65, 0.56, 0.51, 0.5, 0.56, 0.56, 1.09, 0.21, 1.09, 0.21, 0.27, 0.21, 99, 99, 99]
--- num:  29
list:  [0.56, 0.56, 1, 1, 0.98, 0.98, 0.16199999999999998, 0.16199999999999998, 0.36, 0.36, 0.1, 0.63, 0.81, 0.81, 0.75, 0.25, 0.495, 0.65, 0.56, 0.5, 0.49, 0.56, 0.56, 1.09, 0.21, 1.09, 0.21, 0.35, 0.21, 99, 99, 99]
--- num:  29
list:  [0.56, 0.56, 1, 1, 0.98, 0.98, 0.16199999999999998, 0.16199999999999998, 0.36, 0.36, 0.1, 0.63, 0.81, 0.81, 0.75, 0.25, 0.5, 0.65, 0.56, 0.51, 0.49, 0.56, 0.56, 1.09, 0.21, 1.09, 0.21, 0.38, 0.21, 99, 99, 99]
--- num:  29
list:  [0.56, 0.56, 1, 1, 0.98, 0.98, 0.16199999999999998, 0.16199999999999998, 0.36, 0.36, 0.1, 0.63, 0.81, 0.81, 0.75, 0.25, 0.5, 0.65, 0.56, 0.51, 0.49, 0.56, 0.56, 1.09, 0.21, 1.09, 0.21, 0.39, 0.22, 99, 99, 99]
--- num:  29
list:  [0.56, 0.56, 1, 1, 0.98, 0.98, 0.16199999999999998, 0.16199999999999998, 0.35, 0.35, 0.1, 0.63, 0.81, 0.81, 0.75, 0.26, 0.485, 0.65, 0.56, 0.49, 0.48, 0.56, 0.56, 1.09, 0.21, 1.09, 0.21, 0.44, 0.21, 99, 99, 99]
--- num:  29
list:  [0.56, 0.56, 1, 1, 0.98, 0.98, 0.16199999999999998, 0.16199999999999998, 0.34, 0.34, 0.1, 0.63, 0.81, 0.81, 0.75, 0.26, 0.475, 0.66, 0.56, 0.48, 0.47, 0.56, 0.56, 1.09, 0.21, 1.09, 0.21, 0.45, 0.5, 99, 99, 99]
--- num:  29
list:  [0.56, 0.56, 1, 1, 0.97, 0.97, 0.16199999999999998, 0.16199999999999998, 0.34, 0.34, 0.11, 0.62, 0.81, 0.81, 0.75, 0.26, 0.475, 0.66, 0.56, 0.48, 0.47, 0.56, 0.56, 1.09, 0.21, 1.09, 0.21, 0.47, 0.5, 99, 99, 99]
--- num:  29
list:  [0.56, 0.56, 1, 1, 0.97, 0.97, 0.16199999999999998, 0.16199999999999998, 0.33, 0.33, 0.12, 0.61, 0.81, 0.81, 0.75, 0.26, 0.495, 0.66, 0.56, 0.49, 0.5, 0.56, 0.56, 1.09, 0.21, 1.09, 0.21, 0.5, 0.5, 99, 99, 99]
--- num:  29
list:  [0.56, 0.56, 1, 1, 0.97, 0.97, 0.16199999999999998, 0.16199999999999998, 0.33, 0.33, 0.12, 0.61, 0.81, 0.81, 0.75, 0.26, 0.515, 0.65, 0.56, 0.51, 0.52, 0.56, 0.56, 1.09, 0.21, 1.09, 0.21, 0.53, 0.5, 99, 99, 99]
--- num:  29
list:  [0.57, 0.57, 1, 1, 0.97, 0.97, 0.16199999999999998, 0.16199999999999998, 0.32, 0.32, 0.13, 0.6, 0.81, 0.81, 0.75, 0.25, 0.515, 0.65, 0.56, 0.5, 0.53, 0.56, 0.56, 1.09, 0.21, 1.09, 0.21, 0.56, 0.5, 99, 99, 99]
--- num:  29
list:  [0.57, 0.57, 1, 1, 0.97, 0.97, 0.16199999999999998, 0.16199999999999998, 0.29, 0.29, 0.27, 0.45, 0.81, 0.81, 0.75, 0.26, 0.48, 0.65, 0.56, 0.45999999999999996, 0.5, 0.56, 0.56, 1.09, 0.21, 1.09, 0.21, 0.55, 0.5, 99, 99, 99]
--- num:  29
list:  [0.57, 0.57, 1, 1, 0.97, 0.97, 0.19185149252414702, 0.19177335083484648, 0.29, 0.29, 0.28, 0.45, 0.81, 0.81, 0.75, 0.26, 0.44999999999999996, 0.66, 0.56, 0.43, 0.47, 0.56, 0.56, 1.09, 0.21, 1.09, 0.21, 0.54, 0.5, 99, 99, 99]
--- num:  29
list:  [0.57, 0.57, 1, 1, 0.97, 0.97, 0.20126543521881102, 0.20113724052906035, 0.29, 0.29, 0.31, 0.41, 0.81, 0.81, 0.75, 0.26, 0.44999999999999996, 0.66, 0.56, 0.43, 0.47, 0.56, 0.56, 1.09, 0.21, 1.09, 0.21, 0.54, 0.5, 99, 99, 99]
--- num:  29
list:  [0.57, 0.57, 1, 1, 0.97, 0.97, 0.20112049162387846, 0.20093988955020903, 0.29, 0.29, 0.35, 0.37, 0.81, 0.81, 0.75, 0.26, 0.44, 0.66, 0.56, 0.43, 0.45, 0.56, 0.56, 1.09, 0.21, 1.09, 0.21, 0.51, 0.5, 99, 99, 99]
--- num:  29
list:  [0.57, 0.57, 1, 1, 0.97, 0.97, 0.1970685678720474, 0.1966614085435867, 0.3, 0.3, 0.39, 0.34, 0.81, 0.81, 0.75, 0.26, 0.44, 0.66, 0.56, 0.43, 0.45, 0.56, 0.56, 1.09, 0.21, 1.09, 0.21, 0.46, 0.5, 99, 99, 99]
--- num:  29
list:  [0.57, 0.57, 1, 1, 0.97, 0.97, 0.1929070460796356, 0.1924202102422714, 0.29, 0.29, 0.39, 0.33, 0.81, 0.81, 0.75, 0.26, 0.41500000000000004, 0.66, 0.56, 0.42000000000000004, 0.41000000000000003, 0.56, 0.56, 1.09, 0.21, 1.09, 0.21, 0.46, 0.5, 99, 99, 99]
--- num:  29
list:  [0.57, 0.57, 1, 1, 0.97, 0.97, 0.19044518053531645, 0.19000796556472777, 0.3, 0.3, 0.39, 0.33, 0.81, 0.81, 0.75, 0.26, 0.41500000000000004, 0.66, 0.56, 0.42000000000000004, 0.41000000000000003, 0.56, 0.56, 1.09, 0.21, 1.09, 0.21, 0.42, 0.41, 99, 99, 99]
--- num:  29
list:  [0.57, 0.57, 1, 1, 0.97, 0.97, 0.1855530101060867, 0.18530934631824492, 0.3, 0.3, 0.39, 0.33, 0.81, 0.81, 0.75, 0.26, 0.42500000000000004, 0.66, 0.56, 0.43, 0.42000000000000004, 0.56, 0.56, 1.09, 0.21, 1.09, 0.21, 0.4, 0.28, 99, 99, 99]
--- num:  29
list:  [0.6, 0.6, 1, 1, 0.95, 0.95, 0.18257826149463652, 0.18230901241302488, 0.29, 0.29, 0.4, 0.32, 0.81, 0.81, 0.75, 0.26, 0.45499999999999996, 0.66, 0.56, 0.45999999999999996, 0.45, 0.56, 0.56, 1.09, 0.21, 1.09, 0.21, 0.42, 0.21, 99, 99, 99]
--- num:  29
list:  [0.59, 0.59, 1, 1, 0.95, 0.95, 0.5316380071640014, 0.5312435436248779, 0.18, 0.18, 0.4, 0.33, 0.81, 0.81, 0.75, 0.26, 0.45, 0.66, 0.56, 0.45, 0.45, 0.56, 0.56, 1.09, 0.21, 1.09, 0.21, 0.43, 0.18, 99, 99, 99]
--- num:  29
list:  [0.59, 0.59, 1, 1, 0.95, 0.95, 0.31885902166366575, 0.31874636888504027, 0.24, 0.24, 0.4, 0.32, 0.81, 0.81, 0.75, 0.26, 0.46499999999999997, 0.66, 0.56, 0.45999999999999996, 0.47, 0.56, 0.56, 1.09, 0.21, 1.09, 0.21, 0.44, 0.17, 99, 99, 99]
--- num:  29
list:  [0.59, 0.59, 1, 1, 0.95, 0.95, 0.21122426867485045, 0.21100998997688292, 0.29, 0.29, 0.4, 0.33, 0.81, 0.81, 0.75, 0.27, 0.48, 0.66, 0.56, 0.48, 0.48, 0.56, 0.56, 1.09, 0.21, 1.09, 0.21, 0.44, 0.16, 99, 99, 99]
--- num:  29
list:  [0.6, 0.6, 1, 1, 0.95, 0.95, 0.16199999999999998, 0.16199999999999998, 0.29, 0.29, 0.39, 0.33, 0.81, 0.81, 0.75, 0.27, 0.49, 0.66, 0.56, 0.49, 0.49, 0.56, 0.56, 1.09, 0.21, 1.09, 0.21, 0.45, 0.5, 99, 99, 99]
--- num:  29
list:  [0.6, 0.6, 1, 1, 0.95, 0.95, 0.16199999999999998, 0.16199999999999998, 0.3, 0.3, 0.37, 0.35, 0.81, 0.81, 0.75, 0.27, 0.48, 0.66, 0.56, 0.48, 0.48, 0.56, 0.56, 1.09, 0.21, 1.09, 0.21, 0.46, 0.5, 99, 99, 99]
--- num:  29
list:  [0.59, 0.59, 1, 1, 0.95, 0.95, 0.16199999999999998, 0.16199999999999998, 0.3, 0.3, 0.35, 0.37, 0.81, 0.81, 0.75, 0.27, 0.475, 0.67, 0.56, 0.47, 0.48, 0.56, 0.56, 1.09, 0.21, 1.09, 0.21, 0.46, 0.5, 99, 99, 99]
--- num:  29
list:  [0.58, 0.58, 1, 1, 0.96, 0.96, 0.2711403477191925, 0.27104945063591, 0.27, 0.27, 0.33, 0.39, 0.81, 0.81, 0.75, 0.27, 0.5, 0.67, 0.56, 0.49, 0.51, 0.56, 0.56, 1.09, 0.21, 1.09, 0.21, 0.46, 0.5, 99, 99, 99]
--- num:  29
list:  [0.58, 0.58, 1, 1, 0.96, 0.96, 0.16199999999999998, 0.16199999999999998, 0.34, 0.34, 0.29, 0.43, 0.81, 0.81, 0.75, 0.27, 0.54, 0.66, 0.56, 0.53, 0.55, 0.56, 0.56, 1.09, 0.21, 1.09, 0.21, 0.45, 0.5, 99, 99, 99]
--- num:  29
list:  [0.58, 0.58, 1, 1, 0.96, 0.96, 0.16199999999999998, 0.16199999999999998, 0.34, 0.34, 0.29, 0.43, 0.81, 0.81, 0.75, 0.26, 0.56, 0.66, 0.56, 0.55, 0.5700000000000001, 0.56, 0.56, 1.09, 0.21, 1.09, 0.21, 0.45, 0.5, 99, 99, 99]
--- num:  29
list:  [0.58, 0.58, 1, 1, 0.96, 0.96, 0.16199999999999998, 0.16199999999999998, 0.34, 0.34, 0.3, 0.42, 0.81, 0.81, 0.75, 0.26, 0.555, 0.66, 0.56, 0.55, 0.56, 0.56, 0.56, 1.09, 0.21, 1.09, 0.21, 0.45, 0.5, 99, 99, 99]
--- num:  29
list:  [0.57, 0.57, 1, 1, 0.96, 0.96, 0.16199999999999998, 0.16199999999999998, 0.33, 0.33, 0.31, 0.41, 0.81, 0.81, 0.75, 0.26, 0.535, 0.66, 0.56, 0.53, 0.54, 0.56, 0.56, 1.09, 0.21, 1.09, 0.21, 0.45, 0.5, 99, 99, 99]
--- num:  29
list:  [0.57, 0.57, 1, 1, 0.97, 0.97, 0.16199999999999998, 0.16199999999999998, 0.33, 0.33, 0.33, 0.39, 0.81, 0.81, 0.75, 0.26, 0.525, 0.66, 0.56, 0.52, 0.53, 0.56, 0.56, 1.09, 0.21, 1.09, 0.21, 0.45, 0.5, 99, 99, 99]
--- num:  29
list:  [0.57, 0.57, 1, 1, 0.97, 0.97, 0.16199999999999998, 0.16199999999999998, 0.33, 0.33, 0.34, 0.38, 0.81, 0.81, 0.75, 0.26, 0.515, 0.66, 0.56, 0.51, 0.52, 0.56, 0.56, 1.09, 0.21, 1.09, 0.21, 0.44, 0.05, 99, 99, 99]
--- num:  29
list:  [0.57, 0.57, 1, 1, 0.97, 0.97, 0.16199999999999998, 0.16199999999999998, 0.33, 0.33, 0.34, 0.38, 0.81, 0.81, 0.75, 0.26, 0.51, 0.66, 0.56, 0.51, 0.51, 0.56, 0.56, 1.09, 0.21, 1.09, 0.21, 0.43, 0.03, 99, 99, 99]
--- num:  29
list:  [0.56, 0.56, 1, 1, 0.97, 0.97, 0.16199999999999998, 0.16199999999999998, 0.33, 0.33, 0.35, 0.37, 0.81, 0.81, 0.75, 0.26, 0.5, 0.66, 0.56, 0.5, 0.5, 0.56, 0.56, 1.09, 0.21, 1.09, 0.21, 0.43, 0.01, 99, 99, 99]
--- num:  29
list:  [0.56, 0.56, 1, 1, 0.97, 0.97, 0.16199999999999998, 0.16199999999999998, 0.33, 0.33, 0.36, 0.36, 0.81, 0.81, 0.75, 0.26, 0.5, 0.66, 0.56, 0.5, 0.5, 0.56, 0.56, 1.09, 0.21, 1.09, 0.21, 0.42, 0.0, 99, 99, 99]
--- num:  29
list:  [0.56, 0.56, 1, 1, 0.97, 0.97, 0.16199999999999998, 0.16199999999999998, 0.33, 0.33, 0.37, 0.36, 0.81, 0.81, 0.75, 0.26, 0.495, 0.66, 0.56, 0.5, 0.49, 0.56, 0.56, 1.09, 0.21, 1.09, 0.21, 0.41, 0.01, 99, 99, 99]
--- num:  29
list:  [0.56, 0.56, 1, 1, 0.97, 0.97, 0.16199999999999998, 0.16199999999999998, 0.33, 0.33, 0.38, 0.34, 0.81, 0.81, 0.75, 0.26, 0.475, 0.66, 0.56, 0.48, 0.47, 0.56, 0.56, 1.09, 0.21, 1.09, 0.21, 0.37, 0.06, 99, 99, 99]
--- num:  29
list:  [0.56, 0.56, 1, 1, 0.97, 0.97, 0.35539505958557127, 0.3550878572463989, 0.25, 0.25, 0.43, 0.3, 0.81, 0.81, 0.75, 0.26, 0.45999999999999996, 0.66, 0.56, 0.45999999999999996, 0.45999999999999996, 0.56, 0.56, 1.09, 0.21, 1.09, 0.21, 0.35, 0.11, 99, 99, 99]
--- num:  29
list:  [0.56, 0.56, 1, 1, 0.97, 0.97, 0.16199999999999998, 0.16199999999999998, 0.34, 0.34, 0.52, 0.21, 0.81, 0.81, 0.75, 0.27, 0.45999999999999996, 0.66, 0.56, 0.45999999999999996, 0.45999999999999996, 0.56, 0.56, 1.09, 0.21, 1.09, 0.21, 0.34, 0.14, 99, 99, 99]
--- num:  29
list:  [0.56, 0.56, 1, 1, 0.98, 0.98, 0.16199999999999998, 0.16199999999999998, 0.36, 0.36, 0.53, 0.19, 0.81, 0.81, 0.75, 0.27, 0.47, 0.66, 0.56, 0.47, 0.47, 0.56, 0.56, 1.09, 0.21, 1.09, 0.21, 0.34, 0.16, 99, 99, 99]
--- num:  29
list:  [0.56, 0.56, 1, 1, 0.98, 0.98, 0.16199999999999998, 0.16199999999999998, 0.36, 0.36, 0.55, 0.18, 0.81, 0.81, 0.75, 0.27, 0.49, 0.66, 0.56, 0.49, 0.49, 0.56, 0.56, 1.09, 0.21, 1.09, 0.21, 0.34, 0.2, 99, 99, 99]
--- num:  29
list:  [0.56, 0.56, 1, 1, 0.98, 0.98, 0.16199999999999998, 0.16199999999999998, 0.37, 0.37, 0.55, 0.17, 0.81, 0.81, 0.75, 0.27, 0.475, 0.66, 0.56, 0.47, 0.48, 0.56, 0.56, 1.09, 0.21, 1.09, 0.21, 0.35, 0.25, 99, 99, 99]
--- num:  29
list:  [0.56, 0.56, 1, 1, 0.98, 0.98, 0.16199999999999998, 0.16199999999999998, 0.39, 0.39, 0.53, 0.2, 0.81, 0.81, 0.75, 0.27, 0.505, 0.67, 0.56, 0.5, 0.51, 0.56, 0.56, 1.09, 0.21, 1.09, 0.21, 0.37, 0.27, 99, 99, 99]
--- num:  29
list:  [0.56, 0.56, 1, 1, 0.98, 0.98, 0.16199999999999998, 0.16199999999999998, 0.39, 0.39, 0.48, 0.25, 0.81, 0.81, 0.75, 0.27, 0.51, 0.67, 0.56, 0.5, 0.52, 0.56, 0.56, 1.09, 0.21, 1.09, 0.21, 0.37, 0.28, 99, 99, 99]
--- num:  29
list:  [0.56, 0.56, 1, 1, 0.98, 0.98, 0.4372423696517944, 0.43660534501075743, 0.25, 0.25, 0.34, 0.38, 0.81, 0.81, 0.75, 0.27, 0.44999999999999996, 0.66, 0.56, 0.44, 0.45999999999999996, 0.56, 0.56, 1.09, 0.21, 1.09, 0.21, 0.32, 0.4, 99, 99, 99]
--- num:  29
list:  [0.56, 0.56, 1, 1, 0.98, 0.98, 0.2118780720233917, 0.21183239996433256, 0.32, 0.32, 0.33, 0.4, 0.81, 0.81, 0.75, 0.26, 0.49, 0.66, 0.56, 0.49, 0.49, 0.56, 0.56, 1.09, 0.21, 1.09, 0.21, 0.21, 0.32, 99, 99, 99]
--- num:  29
list:  [0.56, 0.56, 1, 1, 0.98, 0.98, 0.16199999999999998, 0.16199999999999998, 0.34, 0.34, 0.32, 0.4, 0.81, 0.81, 0.75, 0.26, 0.45499999999999996, 0.65, 0.56, 0.45999999999999996, 0.45, 0.56, 0.56, 1.09, 0.21, 1.09, 0.21, 0.15, 0.28, 99, 99, 99]
--- num:  29
list:  [0.55, 0.55, 1, 1, 0.98, 0.98, 0.16199999999999998, 0.16199999999999998, 0.35, 0.35, 0.3, 0.42, 0.81, 0.81, 0.75, 0.25, 0.45499999999999996, 0.65, 0.56, 0.45999999999999996, 0.45, 0.56, 0.56, 1.09, 0.21, 1.09, 0.21, 0.14, 0.26, 99, 99, 99]
--- num:  29
list:  [0.31, 0.31, 0.49, 0.49, 1, 1, 0.16199999999999998, 0.16199999999999998, 0.36, 0.36, 0.27, 0.45, 0.81, 0.81, 0.75, 0.25, 0.445, 0.65, 0.56, 0.45, 0.44, 0.56, 0.56, 1.09, 0.21, 1.09, 0.21, 0.14, 0.26, 99, 99, 99]
--- num:  29
list:  [0.32, 0.32, 0.5, 0.5, 1, 1, 0.16199999999999998, 0.16199999999999998, 0.4, 0.4, 0.25, 0.47, 0.81, 0.81, 0.75, 0.24, 0.45499999999999996, 0.65, 0.56, 0.45999999999999996, 0.45, 0.56, 0.56, 1.09, 0.21, 1.09, 0.21, 0.15, 0.26, 99, 99, 99]
--- num:  29
list:  [0.33, 0.33, 0.53, 0.53, 1, 1, 0.16199999999999998, 0.16199999999999998, 0.42, 0.42, 0.25, 0.48, 0.81, 0.81, 0.75, 0.24, 0.475, 0.64, 0.56, 0.48, 0.47, 0.56, 0.56, 1.09, 0.21, 1.09, 0.21, 0.15, 0.25, 99, 99, 99]
--- num:  29
list:  [0.33, 0.33, 0.53, 0.53, 1, 1, 0.16199999999999998, 0.16199999999999998, 0.44, 0.44, 0.27, 0.45, 0.81, 0.81, 0.75, 0.24, 0.51, 0.64, 0.56, 0.52, 0.5, 0.56, 0.56, 1.09, 0.21, 1.09, 0.21, 0.17, 0.24, 99, 99, 99]
--- num:  29
list:  [0.33, 0.33, 0.53, 0.53, 1, 1, 0.16199999999999998, 0.16199999999999998, 0.46, 0.46, 0.3, 0.43, 0.81, 0.81, 0.75, 0.24, 0.52, 0.64, 0.56, 0.53, 0.51, 0.56, 0.56, 1.09, 0.21, 1.09, 0.21, 0.19, 0.23, 99, 99, 99]
--- num:  29
list:  [0.31, 0.31, 0.49, 0.49, 1, 1, 0.16199999999999998, 0.16199999999999998, 0.51, 0.51, 0.38, 0.34, 0.81, 0.81, 0.75, 0.25, 0.5750000000000001, 0.65, 0.56, 0.5800000000000001, 0.5700000000000001, 0.56, 0.56, 1.09, 0.21, 1.09, 0.21, 0.22, 0.22, 99, 99, 99]
--- num:  29
list:  [0.31, 0.31, 0.49, 0.49, 1, 1, 0.16199999999999998, 0.16199999999999998, 0.5, 0.5, 0.39, 0.33, 0.81, 0.81, 0.75, 0.25, 0.5750000000000001, 0.65, 0.56, 0.5800000000000001, 0.5700000000000001, 0.56, 0.56, 1.09, 0.21, 1.09, 0.21, 0.24, 0.22, 99, 99, 99]
--- num:  29
list:  [0.31, 0.31, 0.49, 0.49, 1, 1, 0.16199999999999998, 0.16199999999999998, 0.5, 0.5, 0.46, 0.27, 0.81, 0.81, 0.75, 0.25, 0.5750000000000001, 0.65, 0.56, 0.5800000000000001, 0.5700000000000001, 0.56, 0.56, 1.09, 0.21, 1.09, 0.21, 0.27, 0.21, 99, 99, 99]
--- num:  29
list:  [0.3, 0.3, 0.47, 0.47, 1, 1, 0.16199999999999998, 0.16199999999999998, 0.51, 0.51, 0.47, 0.25, 0.81, 0.81, 0.75, 0.25, 0.5800000000000001, 0.65, 0.56, 0.5900000000000001, 0.5700000000000001, 0.56, 0.56, 1.09, 0.21, 1.09, 0.21, 0.28, 0.2, 99, 99, 99]
--- num:  29
list:  [0.29, 0.29, 0.43, 0.43, 1, 1, 0.16199999999999998, 0.16199999999999998, 0.47, 0.47, 0.5, 0.22, 0.81, 0.81, 0.75, 0.25, 0.545, 0.65, 0.56, 0.56, 0.53, 0.56, 0.56, 1.09, 0.21, 1.09, 0.21, 0.28, 0.19, 99, 99, 99]
--- num:  29
list:  [0.28, 0.28, 0.43, 0.43, 1, 1, 0.35764495611190794, 0.3536531138420105, 0.31, 0.31, 0.37, 0.35, 0.81, 0.81, 0.75, 0.25, 0.45999999999999996, 0.65, 0.56, 0.47, 0.45, 0.56, 0.56, 1.09, 0.21, 1.09, 0.21, 0.29, 0.21, 99, 99, 99]
--- num:  29
list:  [0.56, 0.56, 1, 1, 0.98, 0.98, 0.16199999999999998, 0.16199999999999998, 0.4, 0.4, 0.38, 0.34, 0.81, 0.81, 0.75, 0.25, 0.46499999999999997, 0.65, 0.56, 0.48, 0.45, 0.56, 0.56, 1.09, 0.21, 1.09, 0.21, 0.31, 0.15, 99, 99, 99]
--- num:  29
list:  [0.56, 0.56, 1, 1, 0.98, 0.98, 0.16199999999999998, 0.16199999999999998, 0.41, 0.41, 0.39, 0.33, 0.81, 0.81, 0.75, 0.25, 0.475, 0.65, 0.56, 0.49, 0.45999999999999996, 0.56, 0.56, 1.09, 0.21, 1.09, 0.21, 0.31, 0.13, 99, 99, 99]
--- num:  29
list:  [0.56, 0.56, 1, 1, 0.98, 0.98, 0.16199999999999998, 0.16199999999999998, 0.42, 0.42, 0.39, 0.33, 0.81, 0.81, 0.75, 0.26, 0.47, 0.65, 0.56, 0.49, 0.45, 0.56, 0.56, 1.09, 0.21, 1.09, 0.21, 0.32, 0.12, 99, 99, 99]
--- num:  29
list:  [0.56, 0.56, 1, 1, 0.98, 0.98, 0.16199999999999998, 0.16199999999999998, 0.42, 0.42, 0.38, 0.34, 0.81, 0.81, 0.75, 0.26, 0.5, 0.65, 0.56, 0.52, 0.48, 0.56, 0.56, 1.09, 0.21, 1.09, 0.21, 0.32, 0.11, 99, 99, 99]
--- num:  29
list:  [0.56, 0.56, 1, 1, 0.98, 0.98, 0.16199999999999998, 0.16199999999999998, 0.42, 0.42, 0.35, 0.37, 0.81, 0.81, 0.75, 0.25, 0.515, 0.65, 0.56, 0.53, 0.5, 0.56, 0.56, 1.09, 0.21, 1.09, 0.21, 0.32, 0.11, 99, 99, 99]
--- num:  29
list:  [0.56, 0.56, 1, 1, 0.98, 0.98, 0.16199999999999998, 0.16199999999999998, 0.43, 0.43, 0.33, 0.39, 0.81, 0.81, 0.75, 0.25, 0.535, 0.65, 0.56, 0.55, 0.52, 0.56, 0.56, 1.09, 0.21, 1.09, 0.21, 0.32, 0.12, 99, 99, 99]
--- num:  29
list:  [0.56, 0.56, 1, 1, 0.98, 0.98, 0.16199999999999998, 0.16199999999999998, 0.44, 0.44, 0.31, 0.41, 0.81, 0.81, 0.75, 0.26, 0.54, 0.65, 0.56, 0.55, 0.53, 0.56, 0.56, 1.09, 0.21, 1.09, 0.21, 0.31, 0.13, 99, 99, 99]
--- num:  29
list:  [0.56, 0.56, 1, 1, 0.98, 0.98, 0.16199999999999998, 0.16199999999999998, 0.45, 0.45, 0.3, 0.42, 0.81, 0.81, 0.75, 0.26, 0.5650000000000001, 0.66, 0.56, 0.5800000000000001, 0.55, 0.56, 0.56, 1.09, 0.21, 1.09, 0.21, 0.32, 0.13, 99, 99, 99]
--- num:  29
list:  [0.56, 0.56, 1, 1, 0.98, 0.98, 0.16199999999999998, 0.16199999999999998, 0.46, 0.46, 0.3, 0.42, 0.81, 0.81, 0.75, 0.26, 0.5750000000000001, 0.66, 0.56, 0.5900000000000001, 0.56, 0.56, 0.56, 1.09, 0.21, 1.09, 0.21, 0.32, 0.13, 99, 99, 99]
--- num:  29
list:  [0.56, 0.56, 1, 1, 0.98, 0.98, 0.16199999999999998, 0.16199999999999998, 0.48, 0.48, 0.31, 0.41, 0.81, 0.81, 0.75, 0.26, 0.5750000000000001, 0.66, 0.56, 0.5900000000000001, 0.56, 0.56, 0.56, 1.09, 0.21, 1.09, 0.21, 0.33, 0.14, 99, 99, 99]
--- num:  29
list:  [0.55, 0.55, 1, 1, 0.98, 0.98, 0.16199999999999998, 0.16199999999999998, 0.52, 0.52, 0.36, 0.37, 0.81, 0.81, 0.75, 0.26, 0.6100000000000001, 0.66, 0.56, 0.63, 0.5900000000000001, 0.56, 0.56, 1.09, 0.21, 1.09, 0.21, 0.34, 0.14, 99, 99, 99]
--- num:  29
list:  [0.29, 0.29, 0.43, 0.43, 1, 1, 0.16199999999999998, 0.16199999999999998, 0.56, 0.56, 0.41, 0.31, 0.81, 0.81, 0.75, 0.26, 0.6100000000000001, 0.66, 0.56, 0.63, 0.5900000000000001, 0.56, 0.56, 1.09, 0.21, 1.09, 0.21, 0.34, 0.15, 99, 99, 99]
--- num:  29
list:  [0.29, 0.29, 0.44, 0.44, 1, 1, 0.16199999999999998, 0.16199999999999998, 0.56, 0.56, 0.41, 0.31, 0.81, 0.81, 0.75, 0.27, 0.5900000000000001, 0.66, 0.56, 0.61, 0.5700000000000001, 0.56, 0.56, 1.09, 0.21, 1.09, 0.21, 0.33, 0.18, 99, 99, 99]
--- num:  29
list:  [0.3, 0.3, 0.45, 0.45, 1, 1, 0.16199999999999998, 0.16199999999999998, 0.55, 0.55, 0.38, 0.34, 0.81, 0.81, 0.75, 0.27, 0.62, 0.66, 0.56, 0.64, 0.6, 0.56, 0.56, 1.09, 0.21, 1.09, 0.21, 0.34, 0.2, 99, 99, 99]
--- num:  29
list:  [0.32, 0.32, 0.5, 0.5, 1, 1, 0.16199999999999998, 0.16199999999999998, 0.55, 0.55, 0.33, 0.39, 0.81, 0.81, 0.75, 0.27, 0.6499999999999999, 0.66, 0.56, 0.6699999999999999, 0.63, 0.56, 0.56, 1.09, 0.21, 1.09, 0.21, 0.38, 0.19, 99, 99, 99]
--- num:  29
list:  [0.32, 0.32, 0.52, 0.52, 1, 1, 0.16199999999999998, 0.16199999999999998, 0.55, 0.55, 0.28, 0.44, 0.81, 0.81, 0.75, 0.27, 0.665, 0.66, 0.56, 0.6799999999999999, 0.65, 0.56, 0.56, 1.09, 0.21, 1.09, 0.21, 0.39, 0.19, 99, 99, 99]
--- num:  29
list:  [0.35, 0.35, 0.58, 0.58, 1, 1, 0.16199999999999998, 0.16199999999999998, 0.53, 0.53, 0.25, 0.47, 0.81, 0.81, 0.75, 0.27, 0.69, 0.66, 0.56, 0.7, 0.6799999999999999, 0.56, 0.56, 1.09, 0.21, 1.09, 0.21, 0.4, 0.36, 99, 99, 99]
--- num:  29
list:  [0.35, 0.35, 0.57, 0.57, 1, 1, 0.16199999999999998, 0.16199999999999998, 0.53, 0.53, 0.24, 0.48, 0.81, 0.81, 0.75, 0.27, 0.6799999999999999, 0.66, 0.56, 0.69, 0.6699999999999999, 0.56, 0.56, 1.09, 0.21, 1.09, 0.21, 0.41, 0.41, 99, 99, 99]
--- num:  29
list:  [0.33, 0.33, 0.53, 0.53, 1, 1, 0.16199999999999998, 0.16199999999999998, 0.53, 0.53, 0.25, 0.48, 0.81, 0.81, 0.75, 0.27, 0.645, 0.66, 0.56, 0.65, 0.64, 0.56, 0.56, 1.09, 0.21, 1.09, 0.21, 0.4, 0.42, 99, 99, 99]
--- num:  29
list:  [0.31, 0.31, 0.5, 0.5, 1, 1, 0.22884118139743803, 0.22821820855140684, 0.38, 0.38, 0.27, 0.45, 0.81, 0.81, 0.75, 0.27, 0.5700000000000001, 0.66, 0.56, 0.5700000000000001, 0.5700000000000001, 0.56, 0.56, 1.09, 0.21, 1.09, 0.21, 0.35, 0.39, 99, 99, 99]
--- num:  29
list:  [0.32, 0.32, 0.52, 0.52, 1, 1, 0.16199999999999998, 0.16199999999999998, 0.44, 0.44, 0.29, 0.43, 0.81, 0.81, 0.75, 0.26, 0.605, 0.66, 0.56, 0.61, 0.6, 0.56, 0.56, 1.09, 0.21, 1.09, 0.21, 0.34, 0.37, 99, 99, 99]
--- num:  29
list:  [0.33, 0.33, 0.53, 0.53, 1, 1, 0.16199999999999998, 0.16199999999999998, 0.45, 0.45, 0.3, 0.42, 0.81, 0.81, 0.75, 0.26, 0.61, 0.66, 0.56, 0.61, 0.61, 0.56, 0.56, 1.09, 0.21, 1.09, 0.21, 0.34, 0.36, 99, 99, 99]
--- num:  29
list:  [0.31, 0.31, 0.49, 0.49, 1, 1, 0.16199999999999998, 0.16199999999999998, 0.45, 0.45, 0.33, 0.39, 0.81, 0.81, 0.75, 0.26, 0.5800000000000001, 0.66, 0.56, 0.5800000000000001, 0.5800000000000001, 0.56, 0.56, 1.09, 0.21, 1.09, 0.21, 0.33, 0.31, 99, 99, 99]
--- num:  29
list:  [0.31, 0.31, 0.48, 0.48, 1, 1, 0.16199999999999998, 0.16199999999999998, 0.44, 0.44, 0.35, 0.37, 0.81, 0.81, 0.75, 0.26, 0.5800000000000001, 0.66, 0.56, 0.5800000000000001, 0.5800000000000001, 0.56, 0.56, 1.09, 0.21, 1.09, 0.21, 0.31, 0.34, 99, 99, 99]
--- num:  29
list:  [0.31, 0.31, 0.5, 0.5, 1, 1, 0.3237538146972656, 0.3235680270195007, 0.32, 0.32, 0.38, 0.34, 0.81, 0.81, 0.75, 0.26, 0.53, 0.66, 0.56, 0.53, 0.53, 0.56, 0.56, 1.09, 0.21, 1.09, 0.21, 0.27, 0.33, 99, 99, 99]
--- num:  29
list:  [0.28, 0.28, 0.42, 0.42, 1, 1, 0.16199999999999998, 0.16199999999999998, 0.38, 0.38, 0.38, 0.34, 0.81, 0.81, 0.75, 0.26, 0.54, 0.66, 0.56, 0.54, 0.54, 0.56, 0.56, 1.09, 0.21, 1.09, 0.21, 0.25, 0.36, 99, 99, 99]
--- num:  29
list:  [0.3, 0.3, 0.47, 0.47, 1, 1, 0.16199999999999998, 0.16199999999999998, 0.43, 0.43, 0.37, 0.35, 0.81, 0.81, 0.75, 0.26, 0.55, 0.66, 0.56, 0.55, 0.55, 0.56, 0.56, 1.09, 0.21, 1.09, 0.21, 0.25, 0.31, 99, 99, 99]
--- num:  29
list:  [0.34, 0.34, 0.55, 0.55, 1, 1, 0.16199999999999998, 0.16199999999999998, 0.43, 0.43, 0.37, 0.35, 0.81, 0.81, 0.75, 0.26, 0.5650000000000001, 0.66, 0.56, 0.5700000000000001, 0.56, 0.56, 0.56, 1.09, 0.21, 1.09, 0.21, 0.25, 0.26, 99, 99, 99]
--- num:  29
list:  [0.34, 0.34, 0.56, 0.56, 1, 1, 0.16199999999999998, 0.16199999999999998, 0.43, 0.43, 0.38, 0.34, 0.81, 0.81, 0.75, 0.26, 0.56, 0.66, 0.56, 0.5700000000000001, 0.55, 0.56, 0.56, 1.09, 0.21, 1.09, 0.21, 0.25, 0.18, 99, 99, 99]
--- num:  29
list:  [0.34, 0.34, 0.57, 0.57, 1, 1, 0.16199999999999998, 0.16199999999999998, 0.43, 0.43, 0.38, 0.34, 0.81, 0.81, 0.75, 0.26, 0.56, 0.66, 0.56, 0.5700000000000001, 0.55, 0.56, 0.56, 1.09, 0.21, 1.09, 0.21, 0.25, 0.16, 99, 99, 99]
--- num:  29
list:  [0.34, 0.34, 0.57, 0.57, 1, 1, 0.16199999999999998, 0.16199999999999998, 0.43, 0.43, 0.37, 0.35, 0.81, 0.81, 0.75, 0.26, 0.555, 0.66, 0.56, 0.56, 0.55, 0.56, 0.56, 1.09, 0.21, 1.09, 0.21, 0.25, 0.15, 99, 99, 99]
--- num:  29
list:  [0.31, 0.31, 0.49, 0.49, 1, 1, 0.16199999999999998, 0.16199999999999998, 0.45, 0.45, 0.35, 0.37, 0.81, 0.81, 0.75, 0.26, 0.54, 0.66, 0.56, 0.55, 0.53, 0.56, 0.56, 1.09, 0.21, 1.09, 0.21, 0.25, 0.13, 99, 99, 99]
--- num:  29
list:  [0.31, 0.31, 0.49, 0.49, 1, 1, 0.16199999999999998, 0.16199999999999998, 0.46, 0.46, 0.31, 0.41, 0.81, 0.81, 0.75, 0.26, 0.545, 0.66, 0.56, 0.55, 0.54, 0.56, 0.56, 1.09, 0.21, 1.09, 0.21, 0.25, 0.12, 99, 99, 99]
--- num:  29
list:  [0.31, 0.31, 0.5, 0.5, 1, 1, 0.16199999999999998, 0.16199999999999998, 0.47, 0.47, 0.28, 0.44, 0.81, 0.81, 0.75, 0.26, 0.5650000000000001, 0.66, 0.56, 0.5700000000000001, 0.56, 0.56, 0.56, 1.09, 0.21, 1.09, 0.21, 0.25, 0.13, 99, 99, 99]
--- num:  29
list:  [0.3, 0.3, 0.47, 0.47, 1, 1, 0.16199999999999998, 0.16199999999999998, 0.47, 0.47, 0.28, 0.44, 0.81, 0.81, 0.75, 0.26, 0.5850000000000001, 0.66, 0.56, 0.5900000000000001, 0.5800000000000001, 0.56, 0.56, 1.09, 0.21, 1.09, 0.21, 0.27, 0.15, 99, 99, 99]
--- num:  29
list:  [0.3, 0.3, 0.46, 0.46, 1, 1, 0.16199999999999998, 0.16199999999999998, 0.48, 0.48, 0.28, 0.45, 0.81, 0.81, 0.75, 0.26, 0.605, 0.66, 0.56, 0.61, 0.6, 0.56, 0.56, 1.09, 0.21, 1.09, 0.21, 0.29, 0.16, 99, 99, 99]
--- num:  29
list:  [0.3, 0.3, 0.47, 0.47, 1, 1, 0.16199999999999998, 0.16199999999999998, 0.49, 0.49, 0.26, 0.46, 0.81, 0.81, 0.75, 0.26, 0.625, 0.66, 0.56, 0.63, 0.62, 0.56, 0.56, 1.09, 0.21, 1.09, 0.21, 0.28, 0.18, 99, 99, 99]
--- num:  29
list:  [0.3, 0.3, 0.48, 0.48, 1, 1, 0.16199999999999998, 0.16199999999999998, 0.51, 0.51, 0.26, 0.46, 0.81, 0.81, 0.75, 0.26, 0.64, 0.66, 0.56, 0.64, 0.64, 0.56, 0.56, 1.09, 0.21, 1.09, 0.21, 0.28, 0.18, 99, 99, 99]
--- num:  29
list:  [0.31, 0.31, 0.49, 0.49, 1, 1, 0.16199999999999998, 0.16199999999999998, 0.52, 0.52, 0.32, 0.4, 0.81, 0.81, 0.75, 0.26, 0.645, 0.66, 0.56, 0.65, 0.64, 0.56, 0.56, 1.09, 0.21, 1.09, 0.21, 0.27, 0.2, 99, 99, 99]
--- num:  29
list:  [0.28, 0.28, 0.42, 0.42, 1, 1, 0.16199999999999998, 0.16199999999999998, 0.52, 0.52, 0.47, 0.26, 0.81, 0.81, 0.75, 0.27, 0.655, 0.66, 0.56, 0.6599999999999999, 0.65, 0.56, 0.56, 1.09, 0.21, 1.09, 0.21, 0.23, 0.21, 99, 99, 99]
--- num:  29
list:  [0.28, 0.28, 0.41, 0.41, 1, 1, 0.16199999999999998, 0.16199999999999998, 0.52, 0.52, 0.49, 0.24, 0.81, 0.81, 0.75, 0.27, 0.69, 0.66, 0.56, 0.69, 0.69, 0.56, 0.56, 1.09, 0.21, 1.09, 0.21, 0.22, 0.21, 99, 99, 99]
--- num:  29
list:  [0.3, 0.3, 0.45, 0.45, 1, 1, 0.16199999999999998, 0.16199999999999998, 0.53, 0.53, 0.52, 0.2, 0.81, 0.75, 1, 0.27, 0.765, 0.67, 0.56, 0.76, 0.77, 0.56, 0.56, 1.09, 0.21, 1.05, 0.23, 0.17, 0.23, 99, 99, 99]
--- num:  29
list:  [0.34, 0.34, 0.55, 0.55, 1, 1, 0.425494145154953, 0.4196512508392334, 0.32, 0.32, 0.35, 0.37, 0.69, 0.6449999999999999, 1, 0.27, 0.75, 0.67, 0.56, 0.74, 0.76, 0.56, 0.56, 1.01, 0.24, 0.98, 0.26, 0.14, 0.27, 99, 99, 99]
--- num:  29
list:  [0.37, 0.37, 0.63, 0.63, 1, 1, 0.16199999999999998, 0.16199999999999998, 0.46, 0.46, 0.33, 0.39, 0.5549999999999999, 0.4499999999999999, 1, 0.29, 0.81, 0.68, 0.52, 0.8, 0.82, 0.52, 0.52, 0.92, 0.28, 0.85, 0.32, 0.11, 0.29, 99, 99, 99]
--- num:  29
list:  [0.39, 0.39, 0.67, 0.67, 1, 1, 0.16199999999999998, 0.16199999999999998, 0.47, 0.47, 0.34, 0.39, 0.54, 0.40499999999999986, 1, 0.28, 0.9299999999999999, 0.67, 0.36, 0.92, 0.94, 0.36, 0.36, 0.91, 0.29, 0.82, 0.33, 0.05, 0.33, 99, 99, 99]
--- num:  29
list:  [0.41, 0.41, 0.71, 0.71, 1, 1, 0.16199999999999998, 0.16199999999999998, 0.46, 0.46, 0.33, 0.39, 0.4799999999999999, 0.36, 1, 0.25, 0.96, 0.65, 0.31, 0.96, 0.96, 0.31, 0.31, 0.87, 0.31, 0.79, 0.34, 0.04, 0.42, 99, 99, 99]
--- num:  29
list:  [0.41, 0.41, 0.73, 0.73, 1, 1, 0.16199999999999998, 0.16199999999999998, 0.43, 0.43, 0.33, 0.39, 0.4799999999999999, 0.32999999999999996, 1, 0.24, 0.965, 0.64, 0.29, 0.96, 0.97, 0.29, 0.29, 0.87, 0.31, 0.77, 0.35, 0.03, 0.47, 99, 99, 99]
--- num:  29
list:  [0.43, 0.43, 0.76, 0.76, 1, 1, 0.16199999999999998, 0.16199999999999998, 0.42, 0.42, 0.33, 0.39, 0.39, 0.22499999999999987, 1, 0.24, 0.97, 0.64, 0.28, 0.97, 0.97, 0.28, 0.28, 0.81, 0.33, 0.7, 0.39, 0.03, 0.5, 99, 99, 99]
--- num:  29
list:  [0.46, 0.46, 0.83, 0.83, 1, 1, 0.16199999999999998, 0.16199999999999998, 0.41, 0.41, 0.32, 0.4, 0.29999999999999993, 0.18, 1, 0.23, 0.98, 0.63, 0.27, 0.98, 0.98, 0.27, 0.27, 0.75, 0.36, 0.67, 0.4, 0.02, 0.54, 99, 99, 99]
--- num:  29
list:  [0.47, 0.47, 0.86, 0.86, 1, 1, 0.16199999999999998, 0.16199999999999998, 0.4, 0.4, 0.33, 0.4, 0.20999999999999985, 0.10499999999999993, 1, 0.22, 0.985, 0.63, 0.26, 0.98, 0.99, 0.26, 0.26, 0.69, 0.39, 0.62, 0.42, 0.02, 0.57, 99, 99, 99]
--- num:  29
list:  [0.46, 0.46, 0.83, 0.83, 1, 1, 0.16199999999999998, 0.16199999999999998, 0.43, 0.43, 0.54, 0.19, 0.195, 0.08999999999999991, 1, 0.22, 0.99, 0.63, 0.26, 0.99, 0.99, 0.26, 0.26, 0.68, 0.39, 0.61, 0.42, 0.02, 0.59, 99, 99, 99]
--- num:  29
list:  [0.45, 0.45, 0.82, 0.82, 1, 1, 0.16199999999999998, 0.16199999999999998, 0.47, 0.47, 0.56, 0.17, 0.195, 0.08999999999999991, 1, 0.22, 0.99, 0.63, 0.26, 0.99, 0.99, 0.26, 0.26, 0.68, 0.39, 0.61, 0.42, 0.02, 0.6, 99, 99, 99]
--- num:  29
list:  [0.45, 0.45, 0.82, 0.82, 1, 1, 0.16199999999999998, 0.16199999999999998, 0.51, 0.51, 0.56, 0.16, 0.195, 0.08999999999999991, 1, 0.22, 0.99, 0.63, 0.26, 0.99, 0.99, 0.26, 0.26, 0.68, 0.39, 0.61, 0.42, 0.02, 0.6, 99, 99, 99]
--- num:  29
list:  [0.45, 0.45, 0.82, 0.82, 1, 1, 0.16199999999999998, 0.16199999999999998, 0.52, 0.52, 0.48, 0.25, 0.195, 0.08999999999999991, 1, 0.22, 0.99, 0.63, 0.27, 0.99, 0.99, 0.27, 0.27, 0.68, 0.39, 0.61, 0.42, 0.02, 0.59, 99, 99, 99]
--- num:  29
list:  [0.45, 0.45, 0.82, 0.82, 1, 1, 0.16199999999999998, 0.16199999999999998, 0.51, 0.51, 0.32, 0.41, 0.195, 0.10499999999999993, 1, 0.22, 0.99, 0.63, 0.27, 0.99, 0.99, 0.27, 0.27, 0.68, 0.39, 0.62, 0.42, 0.02, 0.57, 99, 99, 99]
--- num:  29
list:  [0.45, 0.45, 0.81, 0.81, 1, 1, 0.16199999999999998, 0.16199999999999998, 0.52, 0.52, 0.31, 0.41, 0.195, 0.10499999999999993, 1, 0.22, 0.99, 0.63, 0.27, 0.99, 0.99, 0.27, 0.27, 0.68, 0.39, 0.62, 0.42, 0.02, 0.56, 99, 99, 99]
--- num:  29
list:  [0.46, 0.46, 0.84, 0.84, 1, 1, 0.16199999999999998, 0.16199999999999998, 0.53, 0.53, 0.31, 0.41, 0.18, 0.08999999999999991, 1, 0.22, 0.99, 0.63, 0.27, 0.99, 0.99, 0.27, 0.27, 0.67, 0.39, 0.61, 0.42, 0.02, 0.57, 99, 99, 99]
--- num:  29
list:  [0.46, 0.46, 0.84, 0.84, 1, 1, 0.16199999999999998, 0.16199999999999998, 0.53, 0.53, 0.31, 0.41, 0.16499999999999998, 0.0749999999999999, 1, 0.22, 0.99, 0.63, 0.27, 0.99, 0.99, 0.27, 0.27, 0.66, 0.4, 0.6, 0.43, 0.02, 0.58, 99, 99, 99]
--- num:  29
list:  [0.47, 0.47, 0.85, 0.85, 1, 1, 0.16199999999999998, 0.16199999999999998, 0.53, 0.53, 0.31, 0.41, 0.16499999999999998, 0.0749999999999999, 1, 0.22, 0.99, 0.63, 0.27, 0.99, 0.99, 0.27, 0.27, 0.66, 0.4, 0.6, 0.43, 0.02, 0.58, 99, 99, 99]
--- num:  29
list:  [0.46, 0.46, 0.85, 0.85, 1, 1, 0.16199999999999998, 0.16199999999999998, 0.53, 0.53, 0.31, 0.41, 0.16499999999999998, 0.08999999999999991, 1, 0.22, 0.99, 0.63, 0.27, 0.99, 0.99, 0.27, 0.27, 0.66, 0.4, 0.61, 0.43, 0.02, 0.59, 99, 99, 99]
--- num:  29
list:  [0.47, 0.47, 0.85, 0.85, 1, 1, 0.16199999999999998, 0.16199999999999998, 0.53, 0.53, 0.31, 0.41, 0.16499999999999998, 0.0749999999999999, 1, 0.22, 0.99, 0.63, 0.27, 0.99, 0.99, 0.27, 0.27, 0.66, 0.4, 0.6, 0.43, 0.02, 0.58, 99, 99, 99]
--- num:  29
