A0
A1
A2
A3
A4
A5
A6
A7
A8
A9
A10
A11
A12
A13
A14
A15
A16
A17
A18
A19
A20
A21
A22
A23
A24
A25
A26
A27
A28
--- [0.87, 0.67, 1.0, 1.0, 0.24, 0.24, 0.05, 0.13, 0.51, 0.54, 0.4, 0.38, 0.0, -0.0, 1.0, 0.21, 0.75, 0.6, 0.49, 0.8, 0.75, 0.46, 0.86, 0.55, 0.43, 0.55, 0.45, 0.0, 0.5, 99, 99, 99]
into servo loop...
start test new
list:  [0.32, 0.32, 0.51, 0.51, 1, 1, 0.16199999999999998, 0.16199999999999998, 0.37, 0.37, 0.35, 0.37, 0.05999999999999989, 0.02999999999999986, 1, 0.28, 0.935, 0.67, 0.33, 0.93, 0.94, 0.33, 0.33, 0.59, 0.43, 0.57, 0.44, 0.04, 0.39, 99, 99, 99]
--- num:  29
list:  [0.56, 0.56, 1, 1, 0.97, 0.97, 0.16199999999999998, 0.16199999999999998, 0.43, 0.43, 0.38, 0.35, 0.015000000000000013, 0, 1, 0.33, 0.955, 0.71, 0.3, 0.95, 0.96, 0.3, 0.3, 0.56, 0.45, 0.55, 0.45, 0.04, 0.51, 99, 99, 99]
--- num:  29
list:  [0.57, 0.57, 1, 1, 0.97, 0.97, 0.37056843519210814, 0.3689859318733215, 0.23, 0.23, 0.37, 0.35, 0.16499999999999998, 0.14999999999999997, 1, 0.34, 0.925, 0.72, 0.36, 0.92, 0.93, 0.36, 0.36, 0.66, 0.4, 0.65, 0.41, 0.04, 0.49, 99, 99, 99]
--- num:  29
list:  [0.57, 0.57, 1, 1, 0.97, 0.97, 0.16199999999999998, 0.16199999999999998, 0.32, 0.32, 0.36, 0.35, 0.4349999999999999, 0.39, 1, 0.3, 0.9, 0.69, 0.41, 0.9, 0.9, 0.41, 0.41, 0.84, 0.32, 0.81, 0.34, 0.05, 0.42, 99, 99, 99]
--- num:  29
list:  [0.57, 0.57, 1, 1, 0.97, 0.97, 0.16199999999999998, 0.16199999999999998, 0.32, 0.32, 0.36, 0.36, 0.6299999999999999, 0.5849999999999999, 1, 0.29, 0.85, 0.68, 0.47, 0.85, 0.85, 0.47, 0.47, 0.97, 0.27, 0.94, 0.28, 0.06, 0.38, 99, 99, 99]
--- num:  29
list:  [0.57, 0.57, 1, 1, 0.97, 0.97, 0.16199999999999998, 0.16199999999999998, 0.32, 0.32, 0.35, 0.37, 0.6749999999999999, 0.6449999999999999, 1, 0.29, 0.805, 0.68, 0.52, 0.8, 0.81, 0.52, 0.52, 1.0, 0.25, 0.98, 0.26, 0.08, 0.36, 99, 99, 99]
--- num:  29
list:  [0.57, 0.57, 1, 1, 0.97, 0.97, 0.28038335919380186, 0.2801923561096191, 0.3, 0.3, 0.35, 0.37, 0.6749999999999999, 0.6449999999999999, 0.75, 0.29, 0.755, 0.68, 0.52, 0.75, 0.76, 0.52, 0.52, 1.0, 0.25, 0.98, 0.26, 0.08, 0.35, 99, 99, 99]
--- num:  29
list:  [0.56, 0.56, 1, 1, 0.98, 0.98, 0.16199999999999998, 0.16199999999999998, 0.39, 0.39, 0.33, 0.39, 0.705, 0.6599999999999999, 0.75, 0.29, 0.795, 0.68, 0.53, 0.79, 0.8, 0.53, 0.53, 1.02, 0.24, 0.99, 0.25, 0.08, 0.33, 99, 99, 99]
--- num:  29
list:  [0.56, 0.56, 1, 1, 0.98, 0.98, 0.16199999999999998, 0.16199999999999998, 0.4, 0.4, 0.33, 0.39, 0.795, 0.765, 0.75, 0.29, 0.785, 0.68, 0.53, 0.78, 0.79, 0.53, 0.53, 1.08, 0.21, 1.06, 0.23, 0.08, 0.32, 99, 99, 99]
--- num:  29
list:  [0.56, 0.56, 1, 1, 0.98, 0.98, 0.16199999999999998, 0.16199999999999998, 0.41, 0.41, 0.34, 0.38, 0.81, 0.78, 0.75, 0.28, 0.765, 0.67, 0.56, 0.76, 0.77, 0.56, 0.56, 1.09, 0.21, 1.07, 0.22, 0.1, 0.32, 99, 99, 99]
--- num:  29
list:  [0.34, 0.34, 0.56, 0.56, 1, 1, 0.259703676700592, 0.25930080890655516, 0.34, 0.34, 0.38, 0.34, 0.81, 0.78, 0.75, 0.28, 0.755, 0.67, 0.56, 0.75, 0.76, 0.56, 0.56, 1.09, 0.21, 1.07, 0.22, 0.1, 0.31, 99, 99, 99]
--- num:  29
list:  [0.56, 0.56, 1, 1, 0.98, 0.98, 0.381729941368103, 0.38093207359313963, 0.29, 0.29, 0.41, 0.31, 0.81, 0.81, 0.75, 0.27, 0.6849999999999999, 0.67, 0.56, 0.6799999999999999, 0.69, 0.56, 0.56, 1.09, 0.21, 1.09, 0.21, 0.1, 0.32, 99, 99, 99]
--- num:  29
list:  [0.56, 0.56, 1, 1, 0.98, 0.98, 0.16199999999999998, 0.16199999999999998, 0.36, 0.36, 0.43, 0.29, 0.81, 0.81, 0.75, 0.27, 0.695, 0.67, 0.56, 0.69, 0.7, 0.56, 0.56, 1.09, 0.21, 1.09, 0.21, 0.1, 0.31, 99, 99, 99]
--- num:  29
list:  [0.27, 0.27, 0.39, 0.39, 1, 1, 0.16199999999999998, 0.16199999999999998, 0.37, 0.37, 0.48, 0.24, 0.81, 0.81, 0.75, 0.27, 0.69, 0.67, 0.56, 0.6799999999999999, 0.7, 0.56, 0.56, 1.09, 0.21, 1.09, 0.21, 0.09, 0.31, 99, 99, 99]
--- num:  29
list:  [0.24, 0.24, 0.33, 0.33, 1, 1, 0.16199999999999998, 0.16199999999999998, 0.37, 0.37, 0.5, 0.22, 0.81, 0.81, 0.75, 0.27, 0.6649999999999999, 0.67, 0.56, 0.6599999999999999, 0.6699999999999999, 0.56, 0.56, 1.09, 0.21, 1.09, 0.21, 0.09, 0.31, 99, 99, 99]
--- num:  29
list:  [0.29, 0.29, 0.45, 0.45, 1, 1, 0.16199999999999998, 0.16199999999999998, 0.37, 0.37, 0.5, 0.22, 0.81, 0.81, 0.75, 0.27, 0.6849999999999999, 0.67, 0.56, 0.6799999999999999, 0.69, 0.56, 0.56, 1.09, 0.21, 1.09, 0.21, 0.09, 0.32, 99, 99, 99]
--- num:  29
list:  [0.3, 0.3, 0.47, 0.47, 1, 1, 0.16199999999999998, 0.16199999999999998, 0.36, 0.36, 0.47, 0.25, 0.81, 0.81, 0.75, 0.27, 0.6749999999999999, 0.67, 0.56, 0.6699999999999999, 0.6799999999999999, 0.56, 0.56, 1.09, 0.21, 1.09, 0.21, 0.09, 0.33, 99, 99, 99]
--- num:  29
list:  [0.56, 0.56, 1, 1, 0.98, 0.98, 0.6107575106620788, 0.5881469655036926, 0.21, 0.22, 0.44, 0.28, 0.81, 0.81, 0.75, 0.27, 0.64, 0.67, 0.56, 0.64, 0.64, 0.56, 0.56, 1.09, 0.21, 1.09, 0.21, 0.09, 0.33, 99, 99, 99]
--- num:  29
list:  [0.56, 0.56, 1, 1, 0.98, 0.98, 0.3821387994289398, 0.3813001024723053, 0.25, 0.25, 0.4, 0.32, 0.81, 0.81, 0.75, 0.27, 0.645, 0.67, 0.56, 0.64, 0.65, 0.56, 0.56, 1.09, 0.21, 1.09, 0.21, 0.09, 0.33, 99, 99, 99]
--- num:  29
list:  [0.56, 0.56, 1, 1, 0.98, 0.98, 0.18550690591335295, 0.18536234974861143, 0.33, 0.33, 0.35, 0.37, 0.81, 0.81, 0.75, 0.27, 0.6799999999999999, 0.67, 0.56, 0.6799999999999999, 0.6799999999999999, 0.56, 0.56, 1.09, 0.21, 1.09, 0.21, 0.1, 0.32, 99, 99, 99]
--- num:  29
list:  [0.56, 0.56, 1, 1, 0.98, 0.98, 0.16199999999999998, 0.16199999999999998, 0.47, 0.47, 0.37, 0.35, 0.81, 0.81, 0.75, 0.27, 0.75, 0.66, 0.56, 0.75, 0.75, 0.56, 0.56, 1.09, 0.21, 1.09, 0.21, 0.14, 0.37, 99, 99, 99]
--- num:  29
list:  [0.56, 0.56, 1, 1, 0.98, 0.98, 0.16199999999999998, 0.16199999999999998, 0.46, 0.46, 0.37, 0.35, 0.81, 0.81, 0.75, 0.27, 0.735, 0.66, 0.56, 0.73, 0.74, 0.56, 0.56, 1.09, 0.21, 1.09, 0.21, 0.29, 0.6, 99, 99, 99]
--- num:  29
list:  [0.56, 0.56, 1, 1, 0.98, 0.98, 0.16199999999999998, 0.16199999999999998, 0.44, 0.45, 0.37, 0.35, 0.81, 0.81, 0.75, 0.27, 0.71, 0.67, 0.56, 0.7, 0.72, 0.56, 0.56, 1.09, 0.21, 1.09, 0.21, 0.43, 0.78, 99, 99, 99]
--- num:  29
list:  [0.56, 0.56, 1, 1, 0.97, 0.97, 0.16199999999999998, 0.16199999999999998, 0.44, 0.44, 0.37, 0.35, 0.81, 0.81, 0.75, 0.27, 0.635, 0.67, 0.56, 0.62, 0.65, 0.56, 0.56, 1.09, 0.21, 1.09, 0.21, 0.49, 0.5, 99, 99, 99]
--- num:  29
list:  [0.57, 0.57, 1, 1, 0.97, 0.97, 0.16199999999999998, 0.16199999999999998, 0.42, 0.42, 0.37, 0.35, 0.81, 0.81, 0.75, 0.27, 0.585, 0.67, 0.56, 0.5700000000000001, 0.6, 0.56, 0.56, 1.09, 0.21, 1.09, 0.21, 0.53, 0.5, 99, 99, 99]
--- num:  29
list:  [0.57, 0.57, 1, 1, 0.97, 0.97, 0.16199999999999998, 0.16199999999999998, 0.42, 0.42, 0.35, 0.37, 0.81, 0.81, 0.75, 0.27, 0.5750000000000001, 0.67, 0.56, 0.56, 0.5900000000000001, 0.56, 0.56, 1.09, 0.21, 1.09, 0.21, 0.59, 0.5, 99, 99, 99]
--- num:  29
list:  [0.57, 0.57, 1, 1, 0.97, 0.97, 0.16199999999999998, 0.16199999999999998, 0.47, 0.47, 0.33, 0.39, 0.81, 0.81, 0.75, 0.27, 0.635, 0.66, 0.56, 0.64, 0.63, 0.56, 0.56, 1.09, 0.21, 1.09, 0.21, 0.68, 0.5, 99, 99, 99]
--- num:  29
list:  [0.57, 0.57, 1, 1, 0.97, 0.97, 0.16199999999999998, 0.16199999999999998, 0.5, 0.5, 0.31, 0.41, 0.81, 0.81, 0.75, 0.26, 0.635, 0.66, 0.56, 0.64, 0.63, 0.56, 0.56, 1.09, 0.21, 1.09, 0.21, 0.7, 0.5, 99, 99, 99]
--- num:  29
list:  [0.57, 0.57, 1, 1, 0.97, 0.97, 0.2890773820877075, 0.2870287704467773, 0.32, 0.32, 0.29, 0.43, 0.81, 0.81, 0.75, 0.26, 0.545, 0.66, 0.56, 0.55, 0.54, 0.56, 0.56, 1.09, 0.21, 1.09, 0.21, 0.63, 0.5, 99, 99, 99]
--- num:  29
list:  [0.57, 0.57, 1, 1, 0.97, 0.97, 0.16199999999999998, 0.16199999999999998, 0.41, 0.41, 0.27, 0.45, 0.81, 0.81, 0.75, 0.26, 0.5900000000000001, 0.66, 0.56, 0.6, 0.5800000000000001, 0.56, 0.56, 1.09, 0.21, 1.09, 0.21, 0.62, 0.5, 99, 99, 99]
--- num:  29
list:  [0.57, 0.57, 1, 1, 0.97, 0.97, 0.16199999999999998, 0.16199999999999998, 0.42, 0.42, 0.26, 0.45, 0.81, 0.81, 0.75, 0.26, 0.62, 0.66, 0.56, 0.63, 0.61, 0.56, 0.56, 1.09, 0.21, 1.09, 0.21, 0.6, 0.5, 99, 99, 99]
--- num:  29
list:  [0.57, 0.57, 1, 1, 0.97, 0.97, 0.16199999999999998, 0.16199999999999998, 0.42, 0.42, 0.27, 0.44, 0.81, 0.81, 0.75, 0.26, 0.615, 0.66, 0.56, 0.62, 0.61, 0.56, 0.56, 1.09, 0.21, 1.09, 0.21, 0.6, 0.5, 99, 99, 99]
--- num:  29
list:  [0.56, 0.56, 1, 1, 0.97, 0.97, 0.16199999999999998, 0.16199999999999998, 0.43, 0.43, 0.29, 0.43, 0.81, 0.81, 0.75, 0.26, 0.5750000000000001, 0.66, 0.56, 0.5900000000000001, 0.56, 0.56, 0.56, 1.09, 0.21, 1.09, 0.21, 0.59, 0.5, 99, 99, 99]
--- num:  29
list:  [0.56, 0.56, 1, 1, 0.98, 0.98, 0.16199999999999998, 0.16199999999999998, 0.47, 0.47, 0.33, 0.39, 0.81, 0.81, 0.75, 0.27, 0.525, 0.66, 0.56, 0.54, 0.51, 0.56, 0.56, 1.09, 0.21, 1.09, 0.21, 0.56, 0.5, 99, 99, 99]
--- num:  29
list:  [0.3, 0.3, 0.47, 0.47, 1, 1, 0.16199999999999998, 0.16199999999999998, 0.5, 0.5, 0.34, 0.38, 0.81, 0.81, 0.75, 0.27, 0.615, 0.67, 0.56, 0.64, 0.5900000000000001, 0.56, 0.56, 1.09, 0.21, 1.09, 0.21, 0.56, 0.5, 99, 99, 99]
--- num:  29
list:  [0.56, 0.56, 1, 1, 0.98, 0.98, 0.16199999999999998, 0.16199999999999998, 0.51, 0.51, 0.34, 0.38, 0.81, 0.81, 0.75, 0.28, 0.615, 0.67, 0.56, 0.64, 0.5900000000000001, 0.56, 0.56, 1.09, 0.21, 1.09, 0.21, 0.52, 0.5, 99, 99, 99]
--- num:  29
list:  [0.56, 0.56, 1, 1, 0.98, 0.98, 0.16199999999999998, 0.16199999999999998, 0.53, 0.53, 0.32, 0.39, 0.81, 0.81, 0.75, 0.28, 0.635, 0.67, 0.56, 0.6599999999999999, 0.61, 0.56, 0.56, 1.09, 0.21, 1.09, 0.21, 0.53, 0.5, 99, 99, 99]
--- num:  29
list:  [0.56, 0.56, 1, 1, 0.98, 0.98, 0.16199999999999998, 0.16199999999999998, 0.52, 0.52, 0.31, 0.41, 0.81, 0.81, 0.75, 0.28, 0.6399999999999999, 0.67, 0.56, 0.6599999999999999, 0.62, 0.56, 0.56, 1.09, 0.21, 1.09, 0.21, 0.53, 0.5, 99, 99, 99]
--- num:  29
list:  [0.56, 0.56, 1, 1, 0.98, 0.98, 0.16199999999999998, 0.16199999999999998, 0.52, 0.52, 0.31, 0.41, 0.81, 0.81, 0.75, 0.28, 0.69, 0.67, 0.56, 0.71, 0.6699999999999999, 0.56, 0.56, 1.09, 0.21, 1.09, 0.21, 0.54, 0.5, 99, 99, 99]
--- num:  29
list:  [0.56, 0.56, 1, 1, 0.98, 0.98, 0.16199999999999998, 0.16199999999999998, 0.52, 0.52, 0.31, 0.41, 0.81, 0.81, 0.75, 0.28, 0.6499999999999999, 0.67, 0.56, 0.6699999999999999, 0.63, 0.56, 0.56, 1.09, 0.21, 1.09, 0.21, 0.54, 0.5, 99, 99, 99]
--- num:  29
list:  [0.56, 0.56, 1, 1, 0.98, 0.98, 0.16199999999999998, 0.16199999999999998, 0.52, 0.52, 0.31, 0.41, 0.81, 0.81, 0.75, 0.28, 0.6849999999999999, 0.67, 0.56, 0.7, 0.6699999999999999, 0.56, 0.56, 1.09, 0.21, 1.09, 0.21, 0.58, 0.5, 99, 99, 99]
--- num:  29
list:  [0.56, 0.56, 1, 1, 0.98, 0.98, 0.693917076587677, 0.50162766456604, 0.34, 0.34, 0.32, 0.41, 0.81, 0.81, 0.75, 0.28, 0.6100000000000001, 0.67, 0.56, 0.63, 0.5900000000000001, 0.56, 0.56, 1.09, 0.21, 1.09, 0.21, 0.56, 0.5, 99, 99, 99]
--- num:  29
list:  [0.56, 0.56, 1, 1, 0.97, 0.97, 0.16199999999999998, 0.16199999999999998, 0.45, 0.45, 0.31, 0.42, 0.81, 0.81, 0.75, 0.28, 0.655, 0.67, 0.56, 0.6599999999999999, 0.65, 0.56, 0.56, 1.09, 0.21, 1.09, 0.21, 0.59, 0.5, 99, 99, 99]
--- num:  29
list:  [0.57, 0.57, 1, 1, 0.97, 0.97, 0.16199999999999998, 0.16199999999999998, 0.45, 0.45, 0.3, 0.42, 0.81, 0.81, 0.75, 0.27, 0.625, 0.66, 0.56, 0.63, 0.62, 0.56, 0.56, 1.09, 0.21, 1.09, 0.21, 0.63, 0.5, 99, 99, 99]
--- num:  29
list:  [0.57, 0.57, 1, 1, 0.97, 0.97, 0.16199999999999998, 0.16199999999999998, 0.44, 0.44, 0.3, 0.42, 0.81, 0.81, 0.75, 0.26, 0.5800000000000001, 0.66, 0.56, 0.5700000000000001, 0.5900000000000001, 0.56, 0.56, 1.09, 0.21, 1.09, 0.21, 0.62, 0.5, 99, 99, 99]
--- num:  29
list:  [0.57, 0.57, 1, 1, 0.97, 0.97, 0.16199999999999998, 0.16199999999999998, 0.43, 0.43, 0.31, 0.41, 0.81, 0.81, 0.75, 0.26, 0.5650000000000001, 0.66, 0.56, 0.56, 0.5700000000000001, 0.56, 0.56, 1.09, 0.21, 1.09, 0.21, 0.61, 0.5, 99, 99, 99]
--- num:  29
list:  [0.58, 0.58, 1, 1, 0.96, 0.96, 0.16199999999999998, 0.16199999999999998, 0.4, 0.4, 0.32, 0.41, 0.81, 0.81, 0.75, 0.26, 0.54, 0.66, 0.56, 0.54, 0.54, 0.56, 0.56, 1.09, 0.21, 1.09, 0.21, 0.59, 0.5, 99, 99, 99]
--- num:  29
list:  [0.57, 0.57, 1, 1, 0.96, 0.96, 0.16199999999999998, 0.16199999999999998, 0.4, 0.4, 0.32, 0.4, 0.81, 0.81, 0.75, 0.26, 0.525, 0.65, 0.56, 0.52, 0.53, 0.56, 0.56, 1.09, 0.21, 1.09, 0.21, 0.57, 0.5, 99, 99, 99]
--- num:  29
list:  [0.57, 0.57, 1, 1, 0.97, 0.97, 0.16199999999999998, 0.16199999999999998, 0.45, 0.45, 0.37, 0.35, 0.81, 0.81, 0.75, 0.25, 0.56, 0.65, 0.56, 0.56, 0.56, 0.56, 0.56, 1.09, 0.21, 1.09, 0.21, 0.55, 0.5, 99, 99, 99]
--- num:  29
list:  [0.56, 0.56, 1, 1, 0.97, 0.97, 0.16199999999999998, 0.16199999999999998, 0.47, 0.47, 0.37, 0.36, 0.81, 0.81, 0.75, 0.25, 0.5800000000000001, 0.65, 0.56, 0.5800000000000001, 0.5800000000000001, 0.56, 0.56, 1.09, 0.21, 1.09, 0.21, 0.54, 0.5, 99, 99, 99]
--- num:  29
list:  [0.56, 0.56, 1, 1, 0.98, 0.98, 0.16199999999999998, 0.16199999999999998, 0.51, 0.51, 0.32, 0.4, 0.81, 0.81, 0.75, 0.26, 0.5750000000000001, 0.65, 0.56, 0.5800000000000001, 0.5700000000000001, 0.56, 0.56, 1.09, 0.21, 1.09, 0.21, 0.51, 0.5, 99, 99, 99]
--- num:  29
list:  [0.56, 0.56, 1, 1, 0.98, 0.98, 0.16199999999999998, 0.16199999999999998, 0.53, 0.53, 0.31, 0.41, 0.81, 0.81, 0.75, 0.26, 0.5750000000000001, 0.66, 0.56, 0.5800000000000001, 0.5700000000000001, 0.56, 0.56, 1.09, 0.21, 1.09, 0.21, 0.5, 0.5, 99, 99, 99]
--- num:  29
list:  [0.26, 0.26, 0.38, 0.38, 1, 1, 0.16199999999999998, 0.16199999999999998, 0.54, 0.54, 0.3, 0.42, 0.81, 0.81, 0.75, 0.26, 0.595, 0.66, 0.56, 0.5900000000000001, 0.6, 0.56, 0.56, 1.09, 0.21, 1.09, 0.21, 0.49, 0.5, 99, 99, 99]
--- num:  29
list:  [0.23, 0.23, 0.31, 0.31, 1, 1, 0.16199999999999998, 0.16199999999999998, 0.55, 0.55, 0.31, 0.42, 0.81, 0.81, 0.75, 0.26, 0.5750000000000001, 0.66, 0.56, 0.5800000000000001, 0.5700000000000001, 0.56, 0.56, 1.09, 0.21, 1.09, 0.21, 0.46, 0.5, 99, 99, 99]
--- num:  29
list:  [0.56, 0.56, 1, 1, 0.98, 0.98, 0.16199999999999998, 0.16199999999999998, 0.45, 0.45, 0.3, 0.42, 0.81, 0.81, 0.75, 0.26, 0.495, 0.66, 0.56, 0.51, 0.48, 0.56, 0.56, 1.09, 0.21, 1.09, 0.21, 0.44, 0.28, 99, 99, 99]
--- num:  29
list:  [0.25, 0.25, 0.36, 0.36, 1, 1, 0.16199999999999998, 0.16199999999999998, 0.5, 0.5, 0.35, 0.37, 0.81, 0.81, 0.75, 0.26, 0.51, 0.66, 0.56, 0.53, 0.49, 0.56, 0.56, 1.09, 0.21, 1.09, 0.21, 0.43, 0.22, 99, 99, 99]
--- num:  29
list:  [0.25, 0.25, 0.35, 0.35, 1, 1, 0.16199999999999998, 0.16199999999999998, 0.5, 0.5, 0.4, 0.32, 0.81, 0.81, 0.75, 0.26, 0.51, 0.66, 0.56, 0.53, 0.49, 0.56, 0.56, 1.09, 0.21, 1.09, 0.21, 0.4, 0.21, 99, 99, 99]
--- num:  29
list:  [0.24, 0.24, 0.33, 0.33, 1, 1, 0.16199999999999998, 0.16199999999999998, 0.48, 0.48, 0.44, 0.28, 0.81, 0.81, 0.75, 0.26, 0.5, 0.66, 0.56, 0.52, 0.48, 0.56, 0.56, 1.09, 0.21, 1.09, 0.21, 0.37, 0.21, 99, 99, 99]
--- num:  29
list:  [0.25, 0.25, 0.35, 0.35, 1, 1, 0.16199999999999998, 0.16199999999999998, 0.48, 0.48, 0.46, 0.26, 0.81, 0.81, 0.75, 0.26, 0.5, 0.66, 0.56, 0.52, 0.48, 0.56, 0.56, 1.09, 0.21, 1.09, 0.21, 0.37, 0.21, 99, 99, 99]
--- num:  29
list:  [0.25, 0.25, 0.35, 0.35, 1, 1, 0.16199999999999998, 0.16199999999999998, 0.48, 0.48, 0.41, 0.31, 0.81, 0.81, 0.75, 0.26, 0.53, 0.66, 0.56, 0.55, 0.51, 0.56, 0.56, 1.09, 0.21, 1.09, 0.21, 0.41, 0.21, 99, 99, 99]
--- num:  29
list:  [0.26, 0.26, 0.37, 0.37, 1, 1, 0.16199999999999998, 0.16199999999999998, 0.48, 0.48, 0.41, 0.31, 0.81, 0.81, 0.75, 0.26, 0.55, 0.66, 0.56, 0.5700000000000001, 0.53, 0.56, 0.56, 1.09, 0.21, 1.09, 0.21, 0.41, 0.21, 99, 99, 99]
--- num:  29
list:  [0.25, 0.25, 0.36, 0.36, 1, 1, 0.16199999999999998, 0.16199999999999998, 0.48, 0.48, 0.44, 0.28, 0.81, 0.81, 0.75, 0.26, 0.535, 0.66, 0.56, 0.56, 0.51, 0.56, 0.56, 1.09, 0.21, 1.09, 0.21, 0.42, 0.21, 99, 99, 99]
--- num:  29
list:  [0.56, 0.56, 1, 1, 0.98, 0.98, 0.781986813545227, 0.7193220067024231, 0.28, 0.28, 0.44, 0.28, 0.81, 0.81, 0.75, 0.26, 0.45999999999999996, 0.66, 0.56, 0.49, 0.43, 0.56, 0.56, 1.09, 0.21, 1.09, 0.21, 0.42, 0.21, 99, 99, 99]
--- num:  29
list:  [0.56, 0.56, 1, 1, 0.98, 0.98, 0.16199999999999998, 0.16199999999999998, 0.43, 0.43, 0.49, 0.23, 0.81, 0.81, 0.75, 0.26, 0.46499999999999997, 0.66, 0.56, 0.49, 0.44, 0.56, 0.56, 1.09, 0.21, 1.09, 0.21, 0.45, 0.5, 99, 99, 99]
--- num:  29
list:  [0.55, 0.55, 1, 1, 0.98, 0.98, 0.16199999999999998, 0.16199999999999998, 0.44, 0.44, 0.49, 0.23, 0.81, 0.81, 0.75, 0.26, 0.475, 0.66, 0.56, 0.5, 0.45, 0.56, 0.56, 1.09, 0.21, 1.09, 0.21, 0.45, 0.5, 99, 99, 99]
--- num:  29
list:  [0.26, 0.26, 0.36, 0.36, 1, 1, 0.16199999999999998, 0.16199999999999998, 0.45, 0.45, 0.49, 0.23, 0.81, 0.81, 0.75, 0.26, 0.505, 0.66, 0.56, 0.53, 0.48, 0.56, 0.56, 1.09, 0.21, 1.09, 0.21, 0.45, 0.5, 99, 99, 99]
--- num:  29
list:  [0.27, 0.27, 0.4, 0.4, 1, 1, 0.16199999999999998, 0.16199999999999998, 0.45, 0.45, 0.49, 0.23, 0.81, 0.81, 0.75, 0.26, 0.515, 0.65, 0.56, 0.54, 0.49, 0.56, 0.56, 1.09, 0.21, 1.09, 0.21, 0.45, 0.5, 99, 99, 99]
--- num:  29
list:  [0.28, 0.28, 0.42, 0.42, 1, 1, 0.16199999999999998, 0.16199999999999998, 0.45, 0.45, 0.48, 0.24, 0.81, 0.81, 0.75, 0.25, 0.555, 0.65, 0.56, 0.5800000000000001, 0.53, 0.56, 0.56, 1.09, 0.21, 1.09, 0.21, 0.46, 0.5, 99, 99, 99]
--- num:  29
list:  [0.56, 0.56, 1, 1, 0.98, 0.98, 0.4888266134262085, 0.48492888689041136, 0.29, 0.29, 0.45, 0.27, 0.81, 0.81, 0.75, 0.25, 0.54, 0.65, 0.56, 0.5700000000000001, 0.51, 0.56, 0.56, 1.09, 0.21, 1.09, 0.21, 0.44, 0.2, 99, 99, 99]
--- num:  29
list:  [0.58, 0.58, 1, 1, 0.96, 0.96, 0.9214358139038086, 0.9212221908569336, 0.35, 0.35, 0.4, 0.32, 0.81, 0.81, 0.75, 0.25, 0.5, 0.65, 0.56, 0.53, 0.47, 0.56, 0.56, 1.09, 0.21, 1.09, 0.21, 0.43, 0.25, 99, 99, 99]
--- num:  29
list:  [0.57, 0.57, 1, 1, 0.97, 0.97, 0.16199999999999998, 0.16199999999999998, 0.44, 0.44, 0.36, 0.36, 0.81, 0.81, 0.75, 0.26, 0.585, 0.65, 0.56, 0.6, 0.5700000000000001, 0.56, 0.56, 1.09, 0.21, 1.09, 0.21, 0.45, 0.5, 99, 99, 99]
--- num:  29
list:  [0.56, 0.56, 1, 1, 0.97, 0.97, 0.16199999999999998, 0.16199999999999998, 0.46, 0.46, 0.3, 0.42, 0.81, 0.81, 0.75, 0.26, 0.62, 0.65, 0.56, 0.63, 0.61, 0.56, 0.56, 1.09, 0.21, 1.09, 0.21, 0.46, 0.5, 99, 99, 99]
--- num:  29
list:  [0.56, 0.56, 1, 1, 0.98, 0.98, 0.16199999999999998, 0.16199999999999998, 0.46, 0.46, 0.26, 0.46, 0.81, 0.81, 0.75, 0.26, 0.645, 0.66, 0.56, 0.65, 0.64, 0.56, 0.56, 1.09, 0.21, 1.09, 0.21, 0.48, 0.5, 99, 99, 99]
--- num:  29
list:  [0.57, 0.57, 1, 1, 0.96, 0.96, 0.31982831239700316, 0.31798706531524656, 0.42, 0.42, 0.27, 0.46, 0.81, 0.81, 0.5, 0.26, 0.5800000000000001, 0.66, 0.56, 0.5800000000000001, 0.5800000000000001, 0.56, 0.56, 1.09, 0.21, 1.09, 0.21, 0.52, 0.5, 99, 99, 99]
--- num:  29
list:  [0.58, 0.58, 1, 1, 0.96, 0.96, 0.9729285645484924, 0.972948591709137, 0.41, 0.41, 0.26, 0.46, 0.81, 0.81, 0.5, 0.26, 0.545, 0.66, 0.56, 0.53, 0.56, 0.56, 0.56, 1.09, 0.21, 1.09, 0.21, 0.52, 0.5, 99, 99, 99]
--- num:  29
list:  [0.57, 0.57, 1, 1, 0.97, 0.97, 0.16199999999999998, 0.16199999999999998, 0.39, 0.39, 0.18, 0.54, 0.81, 0.81, 0.75, 0.26, 0.605, 0.66, 0.56, 0.5900000000000001, 0.62, 0.56, 0.56, 1.09, 0.21, 1.09, 0.21, 0.49, 0.5, 99, 99, 99]
--- num:  29
list:  [0.56, 0.56, 1, 1, 0.98, 0.98, 0.16199999999999998, 0.16199999999999998, 0.43, 0.43, 0.15, 0.58, 0.81, 0.81, 0.75, 0.26, 0.6699999999999999, 0.66, 0.56, 0.65, 0.69, 0.56, 0.56, 1.09, 0.21, 1.09, 0.21, 0.52, 0.5, 99, 99, 99]
--- num:  29
list:  [0.56, 0.56, 1, 1, 0.98, 0.98, 0.16199999999999998, 0.16199999999999998, 0.44, 0.44, 0.12, 0.6, 0.81, 0.81, 0.75, 0.26, 0.6699999999999999, 0.66, 0.56, 0.65, 0.69, 0.56, 0.56, 1.09, 0.21, 1.09, 0.21, 0.54, 0.5, 99, 99, 99]
--- num:  29
list:  [0.56, 0.56, 1, 1, 0.98, 0.98, 0.16199999999999998, 0.16199999999999998, 0.44, 0.44, 0.12, 0.61, 0.81, 0.81, 0.75, 0.26, 0.6699999999999999, 0.66, 0.56, 0.65, 0.69, 0.56, 0.56, 1.09, 0.21, 1.09, 0.21, 0.54, 0.5, 99, 99, 99]
--- num:  29
list:  [0.56, 0.56, 1, 1, 0.98, 0.98, 0.16199999999999998, 0.16199999999999998, 0.44, 0.44, 0.15, 0.57, 0.81, 0.81, 0.75, 0.26, 0.6599999999999999, 0.66, 0.56, 0.63, 0.69, 0.56, 0.56, 1.09, 0.21, 1.09, 0.21, 0.55, 0.5, 99, 99, 99]
--- num:  29
list:  [0.56, 0.56, 1, 1, 0.98, 0.98, 0.16199999999999998, 0.16199999999999998, 0.44, 0.44, 0.19, 0.53, 0.81, 0.81, 0.75, 0.26, 0.6499999999999999, 0.66, 0.56, 0.62, 0.6799999999999999, 0.56, 0.56, 1.09, 0.21, 1.09, 0.21, 0.55, 0.5, 99, 99, 99]
--- num:  29
list:  [0.56, 0.56, 1, 1, 0.98, 0.98, 0.16199999999999998, 0.16199999999999998, 0.43, 0.43, 0.23, 0.49, 0.81, 0.81, 0.75, 0.26, 0.63, 0.66, 0.56, 0.5800000000000001, 0.6799999999999999, 0.56, 0.56, 1.09, 0.21, 1.09, 0.21, 0.56, 0.5, 99, 99, 99]
--- num:  29
list:  [0.56, 0.56, 1, 1, 0.98, 0.98, 0.16199999999999998, 0.16199999999999998, 0.42, 0.42, 0.28, 0.44, 0.81, 0.81, 0.75, 0.26, 0.54, 0.66, 0.56, 0.5, 0.5800000000000001, 0.56, 0.56, 1.09, 0.21, 1.09, 0.21, 0.54, 0.5, 99, 99, 99]
--- num:  29
list:  [0.57, 0.57, 1, 1, 0.97, 0.97, 0.16199999999999998, 0.16199999999999998, 0.37, 0.37, 0.31, 0.41, 0.81, 0.81, 0.5, 0.26, 0.49, 0.65, 0.56, 0.47, 0.51, 0.56, 0.56, 1.09, 0.21, 1.09, 0.21, 0.58, 0.5, 99, 99, 99]
--- num:  29
list:  [0.58, 0.58, 1, 1, 0.96, 0.96, 0.6659856843948364, 0.6630505132675171, 0.21, 0.21, 0.35, 0.37, 0.81, 0.81, 0.5, 0.26, 0.4, 0.66, 0.56, 0.39, 0.41000000000000003, 0.56, 0.56, 1.09, 0.21, 1.09, 0.21, 0.6, 0.5, 99, 99, 99]
--- num:  29
list:  [0.58, 0.58, 1, 1, 0.96, 0.96, 0.18385198295116423, 0.18342689752578734, 0.34, 0.34, 0.34, 0.38, 0.81, 0.81, 0.5, 0.26, 0.44999999999999996, 0.65, 0.56, 0.44, 0.45999999999999996, 0.56, 0.56, 1.09, 0.21, 1.09, 0.21, 0.58, 0.5, 99, 99, 99]
--- num:  29
list:  [0.58, 0.58, 1, 1, 0.96, 0.96, 0.16199999999999998, 0.16199999999999998, 0.36, 0.36, 0.36, 0.36, 0.81, 0.81, 0.5, 0.25, 0.46499999999999997, 0.65, 0.56, 0.47, 0.45999999999999996, 0.56, 0.56, 1.09, 0.21, 1.09, 0.21, 0.53, 0.5, 99, 99, 99]
--- num:  29
list:  [0.58, 0.58, 1, 1, 0.96, 0.96, 0.16199999999999998, 0.16199999999999998, 0.37, 0.37, 0.38, 0.34, 0.81, 0.81, 0.5, 0.25, 0.475, 0.65, 0.56, 0.48, 0.47, 0.56, 0.56, 1.09, 0.21, 1.09, 0.21, 0.51, 0.5, 99, 99, 99]
--- num:  29
list:  [0.57, 0.57, 1, 1, 0.96, 0.96, 0.16199999999999998, 0.16199999999999998, 0.38, 0.38, 0.39, 0.33, 0.81, 0.81, 0.75, 0.25, 0.48, 0.65, 0.56, 0.49, 0.47, 0.56, 0.56, 1.09, 0.21, 1.09, 0.21, 0.49, 0.5, 99, 99, 99]
--- num:  29
list:  [0.57, 0.57, 1, 1, 0.97, 0.97, 0.16199999999999998, 0.16199999999999998, 0.38, 0.38, 0.4, 0.32, 0.81, 0.81, 0.75, 0.25, 0.48, 0.65, 0.56, 0.49, 0.47, 0.56, 0.56, 1.09, 0.21, 1.09, 0.21, 0.48, 0.5, 99, 99, 99]
--- num:  29
list:  [0.57, 0.57, 1, 1, 0.97, 0.97, 0.16199999999999998, 0.16199999999999998, 0.46, 0.46, 0.47, 0.25, 0.81, 0.81, 0.75, 0.25, 0.515, 0.65, 0.56, 0.53, 0.5, 0.56, 0.56, 1.09, 0.21, 1.09, 0.21, 0.45, 0.5, 99, 99, 99]
--- num:  29
list:  [0.56, 0.56, 1, 1, 0.98, 0.98, 0.16199999999999998, 0.16199999999999998, 0.48, 0.48, 0.5, 0.22, 0.81, 0.81, 0.75, 0.25, 0.535, 0.65, 0.56, 0.55, 0.52, 0.56, 0.56, 1.09, 0.21, 1.09, 0.21, 0.4, 0.19, 99, 99, 99]
--- num:  29
list:  [0.23, 0.23, 0.31, 0.31, 1, 1, 0.16199999999999998, 0.16199999999999998, 0.49, 0.49, 0.51, 0.22, 0.81, 0.81, 0.75, 0.25, 0.52, 0.65, 0.56, 0.54, 0.5, 0.56, 0.56, 1.09, 0.21, 1.09, 0.21, 0.37, 0.18, 99, 99, 99]
--- num:  29
list:  [0.21, 0.21, 0.25, 0.25, 1, 1, 0.16199999999999998, 0.16199999999999998, 0.49, 0.49, 0.5, 0.22, 0.81, 0.81, 0.75, 0.25, 0.485, 0.65, 0.56, 0.51, 0.45999999999999996, 0.56, 0.56, 1.09, 0.21, 1.09, 0.21, 0.35, 0.17, 99, 99, 99]
--- num:  29
list:  [0.22, 0.22, 0.27, 0.27, 1, 1, 0.22558033049106596, 0.22488686025142668, 0.37, 0.37, 0.43, 0.29, 0.81, 0.81, 0.75, 0.25, 0.435, 0.65, 0.56, 0.45999999999999996, 0.41000000000000003, 0.56, 0.56, 1.09, 0.21, 1.09, 0.21, 0.27, 0.17, 99, 99, 99]
--- num:  29
list:  [0.24, 0.24, 0.33, 0.33, 1, 1, 0.16199999999999998, 0.16199999999999998, 0.45, 0.45, 0.44, 0.28, 0.81, 0.81, 0.75, 0.25, 0.45999999999999996, 0.65, 0.56, 0.48, 0.44, 0.56, 0.56, 1.09, 0.21, 1.09, 0.21, 0.27, 0.16, 99, 99, 99]
--- num:  29
list:  [0.26, 0.26, 0.37, 0.37, 1, 1, 0.16199999999999998, 0.16199999999999998, 0.48, 0.48, 0.43, 0.29, 0.81, 0.81, 0.75, 0.25, 0.475, 0.65, 0.56, 0.5, 0.45, 0.56, 0.56, 1.09, 0.21, 1.09, 0.21, 0.27, 0.13, 99, 99, 99]
--- num:  29
list:  [0.27, 0.27, 0.39, 0.39, 1, 1, 0.16199999999999998, 0.16199999999999998, 0.5, 0.5, 0.44, 0.28, 0.81, 0.81, 0.75, 0.26, 0.475, 0.65, 0.56, 0.5, 0.45, 0.56, 0.56, 1.09, 0.21, 1.09, 0.21, 0.26, 0.1, 99, 99, 99]
--- num:  29
list:  [0.27, 0.27, 0.39, 0.39, 1, 1, 0.16199999999999998, 0.16199999999999998, 0.51, 0.51, 0.43, 0.29, 0.81, 0.81, 0.75, 0.26, 0.48, 0.66, 0.56, 0.5, 0.45999999999999996, 0.56, 0.56, 1.09, 0.21, 1.09, 0.21, 0.25, 0.08, 99, 99, 99]
--- num:  29
list:  [0.27, 0.27, 0.4, 0.4, 1, 1, 0.16199999999999998, 0.16199999999999998, 0.54, 0.54, 0.41, 0.31, 0.81, 0.81, 0.75, 0.26, 0.505, 0.66, 0.56, 0.53, 0.48, 0.56, 0.56, 1.09, 0.21, 1.09, 0.21, 0.26, 0.07, 99, 99, 99]
--- num:  29
list:  [0.24, 0.24, 0.33, 0.33, 1, 1, 0.16199999999999998, 0.16199999999999998, 0.63, 0.63, 0.18, 0.55, 0.81, 0.81, 0.75, 0.26, 0.62, 0.66, 0.56, 0.64, 0.6, 0.56, 0.56, 1.09, 0.21, 1.09, 0.21, 0.3, 0.07, 99, 99, 99]
--- num:  29
list:  [0.3, 0.3, 0.46, 0.46, 1, 1, 0.16199999999999998, 0.16199999999999998, 0.6, 0.6, 0.16, 0.57, 0.81, 0.81, 0.75, 0.27, 0.625, 0.66, 0.56, 0.65, 0.6, 0.56, 0.56, 1.09, 0.21, 1.09, 0.21, 0.33, 0.08, 99, 99, 99]
--- num:  29
list:  [0.29, 0.29, 0.45, 0.45, 1, 1, 0.16199999999999998, 0.16199999999999998, 0.58, 0.58, 0.15, 0.58, 0.81, 0.81, 0.75, 0.26, 0.635, 0.66, 0.56, 0.65, 0.62, 0.56, 0.56, 1.09, 0.21, 1.09, 0.21, 0.21, 0.12, 99, 99, 99]
--- num:  29
list:  [0.56, 0.56, 1, 1, 0.97, 0.97, 0.4913714337348938, 0.48891995429992674, 0.34, 0.34, 0.37, 0.36, 0.81, 0.81, 0.75, 0.26, 0.715, 0.66, 0.56, 0.72, 0.71, 0.56, 0.56, 1.09, 0.21, 1.09, 0.21, 0.16, 0.21, 99, 99, 99]
--- num:  29
list:  [0.57, 0.57, 1, 1, 0.97, 0.97, 0.16199999999999998, 0.16199999999999998, 0.49, 0.49, 0.37, 0.35, 0.54, 0.5549999999999999, 1, 0.28, 0.94, 0.67, 0.35, 0.94, 0.94, 0.35, 0.35, 0.91, 0.29, 0.92, 0.28, 0.07, 0.32, 99, 99, 99]
--- num:  29
list:  [0.56, 0.56, 1, 1, 0.97, 0.97, 0.16199999999999998, 0.16199999999999998, 0.5, 0.5, 0.38, 0.34, 0.31499999999999995, 0.2849999999999999, 1, 0.27, 0.96, 0.67, 0.31, 0.96, 0.96, 0.31, 0.31, 0.76, 0.36, 0.74, 0.36, 0.06, 0.35, 99, 99, 99]
--- num:  29
list:  [0.56, 0.56, 1, 1, 0.97, 0.97, 0.16199999999999998, 0.16199999999999998, 0.49, 0.49, 0.39, 0.33, 0.2549999999999999, 0.22499999999999987, 1, 0.26, 0.97, 0.66, 0.3, 0.97, 0.97, 0.3, 0.3, 0.72, 0.38, 0.7, 0.38, 0.05, 0.38, 99, 99, 99]
--- num:  29
list:  [0.56, 0.56, 1, 1, 0.97, 0.97, 0.16199999999999998, 0.16199999999999998, 0.47, 0.47, 0.41, 0.31, 0.22499999999999987, 0.195, 1, 0.25, 0.97, 0.65, 0.3, 0.97, 0.97, 0.3, 0.3, 0.7, 0.38, 0.68, 0.39, 0.05, 0.4, 99, 99, 99]
--- num:  29
list:  [0.56, 0.56, 1, 1, 0.97, 0.97, 0.16199999999999998, 0.16199999999999998, 0.46, 0.46, 0.42, 0.3, 0.20999999999999985, 0.18, 1, 0.25, 0.975, 0.65, 0.29, 0.97, 0.98, 0.29, 0.29, 0.69, 0.39, 0.67, 0.4, 0.04, 0.42, 99, 99, 99]
--- num:  29
list:  [0.56, 0.56, 1, 1, 0.98, 0.98, 0.16199999999999998, 0.16199999999999998, 0.45, 0.45, 0.42, 0.3, 0.20999999999999985, 0.18, 1, 0.25, 0.98, 0.65, 0.28, 0.98, 0.98, 0.28, 0.28, 0.69, 0.39, 0.67, 0.4, 0.04, 0.43, 99, 99, 99]
--- num:  29
list:  [0.56, 0.56, 1, 1, 0.98, 0.98, 0.16199999999999998, 0.16199999999999998, 0.45, 0.45, 0.42, 0.3, 0.20999999999999985, 0.16499999999999998, 1, 0.24, 0.98, 0.65, 0.28, 0.98, 0.98, 0.28, 0.28, 0.69, 0.39, 0.66, 0.4, 0.03, 0.45, 99, 99, 99]
--- num:  29
list:  [0.56, 0.56, 1, 1, 0.97, 0.97, 0.4693788397312164, 0.4666690933704376, 0.28, 0.28, 0.41, 0.32, 0.18, 0.14999999999999997, 1, 0.25, 0.98, 0.65, 0.29, 0.98, 0.98, 0.29, 0.29, 0.67, 0.4, 0.65, 0.41, 0.03, 0.46, 99, 99, 99]
--- num:  29
list:  [0.56, 0.56, 1, 1, 0.97, 0.97, 0.16199999999999998, 0.16199999999999998, 0.37, 0.37, 0.38, 0.34, 0.14999999999999997, 0.13499999999999995, 1, 0.25, 0.98, 0.65, 0.29, 0.98, 0.98, 0.29, 0.29, 0.65, 0.4, 0.64, 0.41, 0.03, 0.46, 99, 99, 99]
--- num:  29
list:  [0.56, 0.56, 1, 1, 0.98, 0.98, 0.16199999999999998, 0.16199999999999998, 0.4, 0.4, 0.35, 0.37, 0.13499999999999995, 0.11999999999999994, 1, 0.25, 0.98, 0.65, 0.28, 0.98, 0.98, 0.28, 0.28, 0.64, 0.41, 0.63, 0.41, 0.03, 0.47, 99, 99, 99]
--- num:  29
list:  [0.56, 0.56, 1, 1, 0.98, 0.98, 0.16199999999999998, 0.16199999999999998, 0.4, 0.4, 0.34, 0.38, 0.11999999999999994, 0.10499999999999993, 1, 0.24, 0.98, 0.64, 0.28, 0.98, 0.98, 0.28, 0.28, 0.63, 0.41, 0.62, 0.42, 0.03, 0.48, 99, 99, 99]
--- num:  29
list:  [0.56, 0.56, 1, 1, 0.98, 0.98, 0.16199999999999998, 0.16199999999999998, 0.4, 0.4, 0.33, 0.39, 0.10499999999999993, 0.08999999999999991, 1, 0.24, 0.985, 0.64, 0.27, 0.98, 0.99, 0.27, 0.27, 0.62, 0.42, 0.61, 0.42, 0.03, 0.49, 99, 99, 99]
--- num:  29
list:  [0.46, 0.46, 0.83, 0.83, 1, 1, 0.16199999999999998, 0.16199999999999998, 0.4, 0.4, 0.32, 0.4, 0.08999999999999991, 0.08999999999999991, 1, 0.23, 0.99, 0.64, 0.27, 0.99, 0.99, 0.27, 0.27, 0.61, 0.42, 0.61, 0.43, 0.02, 0.5, 99, 99, 99]
--- num:  29
list:  [0.45, 0.45, 0.82, 0.82, 1, 1, 0.16199999999999998, 0.16199999999999998, 0.39, 0.39, 0.33, 0.39, 0.10499999999999993, 0.08999999999999991, 1, 0.23, 0.99, 0.64, 0.27, 0.99, 0.99, 0.27, 0.27, 0.62, 0.42, 0.61, 0.42, 0.02, 0.51, 99, 99, 99]
--- num:  29
list:  [0.56, 0.56, 1, 1, 0.97, 0.97, 0.8969791340827942, 0.8944153594970703, 0.27, 0.27, 0.35, 0.37, 0.10499999999999993, 0.10499999999999993, 1, 0.25, 0.97, 0.65, 0.3, 0.97, 0.97, 0.3, 0.3, 0.62, 0.42, 0.62, 0.42, 0.03, 0.51, 99, 99, 99]
--- num:  29
list:  [0.57, 0.57, 1, 1, 0.97, 0.97, 0.16199999999999998, 0.16199999999999998, 0.34, 0.34, 0.35, 0.37, 0.81, 0.81, 0.75, 0.26, 0.96, 0.66, 0.33, 0.96, 0.96, 0.33, 0.33, 1.09, 0.21, 1.09, 0.21, 0.04, 0.51, 99, 99, 99]
--- num:  29
list:  [0.56, 0.56, 1, 1, 0.97, 0.97, 0.9471078324317932, 0.946720700263977, 0.29, 0.29, 0.36, 0.37, 0.81, 0.81, 0.5, 0.25, 0.64, 0.65, 0.53, 0.65, 0.63, 0.53, 0.53, 1.09, 0.21, 1.09, 0.21, 0.04, 0.45, 99, 99, 99]
--- num:  29
list:  [0.56, 0.56, 1, 1, 0.98, 0.98, 0.252822231054306, 0.2523100185394287, 0.32, 0.32, 0.37, 0.35, 0.81, 0.81, 0.75, 0.25, 0.5750000000000001, 0.65, 0.56, 0.5800000000000001, 0.5700000000000001, 0.56, 0.56, 1.09, 0.21, 1.09, 0.21, 0.07, 0.36, 99, 99, 99]
--- num:  29
list:  [0.56, 0.56, 1, 1, 0.98, 0.98, 0.16199999999999998, 0.16199999999999998, 0.38, 0.38, 0.38, 0.34, 0.81, 0.81, 0.75, 0.25, 0.51, 0.65, 0.56, 0.52, 0.5, 0.56, 0.56, 1.09, 0.21, 1.09, 0.21, 0.09, 0.31, 99, 99, 99]
--- num:  29
list:  [0.25, 0.25, 0.36, 0.36, 1, 1, 0.16199999999999998, 0.16199999999999998, 0.4, 0.4, 0.39, 0.33, 0.81, 0.81, 0.75, 0.24, 0.44499999999999995, 0.65, 0.56, 0.45999999999999996, 0.43, 0.56, 0.56, 1.09, 0.21, 1.09, 0.21, 0.13, 0.28, 99, 99, 99]
--- num:  29
list:  [0.25, 0.25, 0.35, 0.35, 1, 1, 0.16199999999999998, 0.16199999999999998, 0.4, 0.4, 0.4, 0.32, 0.81, 0.81, 0.75, 0.24, 0.395, 0.65, 0.56, 0.41000000000000003, 0.38, 0.56, 0.56, 1.09, 0.21, 1.09, 0.21, 0.21, 0.23, 99, 99, 99]
--- num:  29
list:  [0.27, 0.27, 0.4, 0.4, 1, 1, 0.16199999999999998, 0.16199999999999998, 0.41, 0.41, 0.39, 0.33, 0.81, 0.81, 0.75, 0.25, 0.42500000000000004, 0.65, 0.56, 0.44, 0.41000000000000003, 0.56, 0.56, 1.09, 0.21, 1.09, 0.21, 0.38, 0.18, 99, 99, 99]
--- num:  29
list:  [0.56, 0.56, 1, 1, 0.97, 0.97, 0.16199999999999998, 0.16199999999999998, 0.42, 0.42, 0.37, 0.35, 0.81, 0.81, 0.75, 0.25, 0.44999999999999996, 0.65, 0.56, 0.47, 0.43, 0.56, 0.56, 1.09, 0.21, 1.09, 0.21, 0.52, 0.5, 99, 99, 99]
--- num:  29
list:  [0.57, 0.57, 1, 1, 0.97, 0.97, 0.16199999999999998, 0.16199999999999998, 0.42, 0.42, 0.37, 0.35, 0.81, 0.81, 0.75, 0.25, 0.44499999999999995, 0.65, 0.56, 0.45999999999999996, 0.43, 0.56, 0.56, 1.09, 0.21, 1.09, 0.21, 0.56, 0.5, 99, 99, 99]
--- num:  29
list:  [0.57, 0.57, 1, 1, 0.97, 0.97, 0.16199999999999998, 0.16199999999999998, 0.43, 0.43, 0.37, 0.35, 0.81, 0.81, 0.75, 0.26, 0.45499999999999996, 0.65, 0.56, 0.47, 0.44, 0.56, 0.56, 1.09, 0.21, 1.09, 0.21, 0.57, 0.5, 99, 99, 99]
--- num:  29
list:  [0.57, 0.57, 1, 1, 0.97, 0.97, 0.16199999999999998, 0.16199999999999998, 0.47, 0.47, 0.28, 0.44, 0.81, 0.81, 0.75, 0.26, 0.515, 0.66, 0.56, 0.54, 0.49, 0.56, 0.56, 1.09, 0.21, 1.09, 0.21, 0.58, 0.5, 99, 99, 99]
--- num:  29
list:  [0.57, 0.57, 1, 1, 0.97, 0.97, 0.16199999999999998, 0.16199999999999998, 0.5, 0.5, 0.17, 0.56, 0.81, 0.81, 0.75, 0.26, 0.56, 0.66, 0.56, 0.5800000000000001, 0.54, 0.56, 0.56, 1.09, 0.21, 1.09, 0.21, 0.6, 0.5, 99, 99, 99]
--- num:  29
list:  [0.57, 0.57, 1, 1, 0.97, 0.97, 0.16199999999999998, 0.16199999999999998, 0.49, 0.49, 0.07, 0.67, 0.81, 0.81, 0.75, 0.26, 0.635, 0.66, 0.56, 0.65, 0.62, 0.56, 0.56, 1.09, 0.21, 1.09, 0.21, 0.64, 0.5, 99, 99, 99]
--- num:  29
list:  [0.56, 0.56, 1, 1, 0.97, 0.97, 0.16199999999999998, 0.16199999999999998, 0.47, 0.47, 0.04, 0.69, 0.81, 0.81, 0.75, 0.26, 0.645, 0.66, 0.56, 0.6599999999999999, 0.63, 0.56, 0.56, 1.09, 0.21, 1.09, 0.21, 0.65, 0.5, 99, 99, 99]
--- num:  29
list:  [0.56, 0.56, 1, 1, 0.97, 0.97, 0.16199999999999998, 0.16199999999999998, 0.5, 0.5, 0.02, 0.72, 0.81, 0.81, 0.75, 0.26, 0.6699999999999999, 0.66, 0.56, 0.6799999999999999, 0.6599999999999999, 0.56, 0.56, 1.09, 0.21, 1.09, 0.21, 0.72, 0.5, 99, 99, 99]
--- num:  29
list:  [0.57, 0.57, 1, 1, 0.97, 0.97, 0.16199999999999998, 0.16199999999999998, 0.49, 0.49, 0.01, 0.73, 0.81, 0.81, 0.75, 0.26, 0.7, 0.66, 0.56, 0.71, 0.69, 0.56, 0.56, 1.09, 0.21, 1.09, 0.21, 0.75, 0.5, 99, 99, 99]
--- num:  29
list:  [0.58, 0.58, 1, 1, 0.96, 0.96, 0.16199999999999998, 0.16199999999999998, 0.49, 0.49, 0.0, 0.73, 0.81, 0.81, 0.75, 0.26, 0.725, 0.66, 0.56, 0.73, 0.72, 0.56, 0.56, 1.09, 0.21, 1.09, 0.21, 0.77, 0.5, 99, 99, 99]
--- num:  29
list:  [0.58, 0.58, 1, 1, 0.96, 0.96, 0.16199999999999998, 0.16199999999999998, 0.49, 0.49, 0.02, 0.71, 0.81, 0.81, 0.75, 0.27, 0.73, 0.66, 0.56, 0.73, 0.73, 0.56, 0.56, 1.09, 0.21, 1.09, 0.21, 0.8, 0.5, 99, 99, 99]
--- num:  29
list:  [0.58, 0.58, 1, 1, 0.96, 0.96, 0.16199999999999998, 0.16199999999999998, 0.38, 0.38, 0.25, 0.47, 0.81, 0.81, 0.75, 0.26, 0.65, 0.66, 0.56, 0.65, 0.65, 0.56, 0.56, 1.09, 0.21, 1.09, 0.21, 0.78, 0.5, 99, 99, 99]
--- num:  29
list:  [0.59, 0.59, 1, 1, 0.95, 0.95, 0.16199999999999998, 0.16199999999999998, 0.37, 0.37, 0.31, 0.41, 0.81, 0.81, 0.75, 0.26, 0.625, 0.66, 0.56, 0.62, 0.63, 0.56, 0.56, 1.09, 0.21, 1.09, 0.21, 0.78, 0.5, 99, 99, 99]
--- num:  29
list:  [0.59, 0.59, 1, 1, 0.95, 0.95, 0.16199999999999998, 0.16199999999999998, 0.44, 0.44, 0.35, 0.37, 0.81, 0.81, 0.75, 0.26, 0.6749999999999999, 0.66, 0.56, 0.6599999999999999, 0.69, 0.56, 0.56, 1.09, 0.21, 1.09, 0.21, 0.79, 0.5, 99, 99, 99]
--- num:  29
list:  [0.59, 0.59, 1, 1, 0.96, 0.96, 0.16199999999999998, 0.16199999999999998, 0.47, 0.47, 0.37, 0.35, 0.81, 0.81, 0.75, 0.26, 0.72, 0.66, 0.56, 0.71, 0.73, 0.56, 0.56, 1.09, 0.21, 1.09, 0.21, 0.79, 0.5, 99, 99, 99]
--- num:  29
list:  [0.58, 0.58, 1, 1, 0.96, 0.96, 0.16199999999999998, 0.16199999999999998, 0.49, 0.49, 0.37, 0.35, 0.81, 0.81, 0.75, 0.26, 0.74, 0.66, 0.56, 0.74, 0.74, 0.56, 0.56, 1.09, 0.21, 1.09, 0.21, 0.8, 0.5, 99, 99, 99]
--- num:  29
list:  [0.58, 0.58, 1, 1, 0.96, 0.96, 0.16199999999999998, 0.16199999999999998, 0.5, 0.5, 0.36, 0.36, 0.81, 0.81, 0.75, 0.26, 0.76, 0.66, 0.56, 0.76, 0.76, 0.56, 0.56, 1.09, 0.21, 1.09, 0.21, 0.8, 0.5, 99, 99, 99]
--- num:  29
list:  [0.58, 0.58, 1, 1, 0.96, 0.96, 0.16199999999999998, 0.16199999999999998, 0.51, 0.51, 0.34, 0.38, 0.81, 0.81, 0.75, 0.26, 0.765, 0.66, 0.56, 0.76, 0.77, 0.56, 0.56, 1.09, 0.21, 1.09, 0.21, 0.8, 0.5, 99, 99, 99]
--- num:  29
list:  [0.57, 0.57, 1, 1, 0.96, 0.96, 0.16199999999999998, 0.16199999999999998, 0.52, 0.52, 0.33, 0.39, 0.81, 0.81, 0.75, 0.26, 0.775, 0.66, 0.56, 0.77, 0.78, 0.56, 0.56, 1.09, 0.21, 1.09, 0.21, 0.8, 0.5, 99, 99, 99]
--- num:  29
list:  [0.57, 0.57, 1, 1, 0.96, 0.96, 0.16199999999999998, 0.16199999999999998, 0.51, 0.51, 0.3, 0.42, 0.81, 0.81, 0.75, 0.26, 0.785, 0.66, 0.56, 0.78, 0.79, 0.56, 0.56, 1.09, 0.21, 1.09, 0.21, 0.79, 0.5, 99, 99, 99]
--- num:  29
list:  [0.58, 0.58, 1, 1, 0.96, 0.96, 0.16199999999999998, 0.16199999999999998, 0.5, 0.5, 0.3, 0.42, 0.81, 0.81, 0.75, 0.26, 0.795, 0.66, 0.56, 0.78, 0.81, 0.56, 0.56, 1.09, 0.21, 1.09, 0.21, 0.79, 0.5, 99, 99, 99]
--- num:  29
list:  [0.58, 0.58, 1, 1, 0.96, 0.96, 0.32617480635643004, 0.3202491211891174, 0.32, 0.32, 0.29, 0.43, 0.81, 0.81, 0.75, 0.26, 0.695, 0.66, 0.56, 0.69, 0.7, 0.56, 0.56, 1.09, 0.21, 1.09, 0.21, 0.73, 0.5, 99, 99, 99]
--- num:  29
list:  [0.58, 0.58, 1, 1, 0.96, 0.96, 0.16199999999999998, 0.16199999999999998, 0.44, 0.44, 0.13, 0.6, 0.81, 0.81, 0.75, 0.26, 0.705, 0.66, 0.56, 0.71, 0.7, 0.56, 0.56, 1.09, 0.21, 1.09, 0.21, 0.72, 0.5, 99, 99, 99]
--- num:  29
list:  [0.57, 0.57, 1, 1, 0.97, 0.97, 0.16199999999999998, 0.16199999999999998, 0.47, 0.47, 0.13, 0.59, 0.81, 0.81, 0.75, 0.26, 0.755, 0.66, 0.56, 0.76, 0.75, 0.56, 0.56, 1.09, 0.21, 1.09, 0.21, 0.73, 0.5, 99, 99, 99]
--- num:  29
list:  [0.57, 0.57, 1, 1, 0.97, 0.97, 0.16199999999999998, 0.16199999999999998, 0.48, 0.48, 0.15, 0.58, 0.81, 0.81, 0.75, 0.26, 0.755, 0.66, 0.56, 0.76, 0.75, 0.56, 0.56, 1.09, 0.21, 1.09, 0.21, 0.73, 0.5, 99, 99, 99]
--- num:  29
list:  [0.57, 0.57, 1, 1, 0.96, 0.96, 0.16199999999999998, 0.16199999999999998, 0.47, 0.47, 0.11, 0.62, 0.81, 0.81, 0.75, 0.26, 0.755, 0.66, 0.56, 0.76, 0.75, 0.56, 0.56, 1.09, 0.21, 1.09, 0.21, 0.74, 0.5, 99, 99, 99]
--- num:  29
list:  [0.58, 0.58, 1, 1, 0.96, 0.96, 0.4192583668231964, 0.395052592754364, 0.3, 0.3, 0.36, 0.36, 0.81, 0.81, 0.75, 0.26, 0.6799999999999999, 0.66, 0.56, 0.6799999999999999, 0.6799999999999999, 0.56, 0.56, 1.09, 0.21, 1.09, 0.21, 0.71, 0.5, 99, 99, 99]
--- num:  29
list:  [0.58, 0.58, 1, 1, 0.96, 0.96, 0.16199999999999998, 0.16199999999999998, 0.4, 0.4, 0.34, 0.38, 0.81, 0.81, 0.75, 0.26, 0.705, 0.66, 0.56, 0.71, 0.7, 0.56, 0.56, 1.09, 0.21, 1.09, 0.21, 0.71, 0.5, 99, 99, 99]
--- num:  29
list:  [0.59, 0.59, 1, 1, 0.95, 0.95, 0.16199999999999998, 0.16199999999999998, 0.45, 0.45, 0.33, 0.39, 0.81, 0.81, 0.75, 0.26, 0.755, 0.66, 0.56, 0.76, 0.75, 0.56, 0.56, 1.09, 0.21, 1.09, 0.21, 0.75, 0.5, 99, 99, 99]
--- num:  29
list:  [0.57, 0.57, 1, 1, 0.97, 0.97, 0.16199999999999998, 0.16199999999999998, 0.47, 0.47, 0.33, 0.39, 0.81, 0.81, 0.75, 0.26, 0.765, 0.66, 0.56, 0.77, 0.76, 0.56, 0.56, 1.09, 0.21, 1.09, 0.21, 0.71, 0.5, 99, 99, 99]
--- num:  29
list:  [0.56, 0.56, 1, 1, 0.97, 0.97, 0.16199999999999998, 0.16199999999999998, 0.5, 0.5, 0.32, 0.4, 0.81, 0.81, 0.75, 0.27, 0.775, 0.66, 0.56, 0.78, 0.77, 0.56, 0.56, 1.09, 0.21, 1.09, 0.21, 0.67, 0.5, 99, 99, 99]
--- num:  29
list:  [0.56, 0.56, 1, 1, 0.98, 0.98, 0.16199999999999998, 0.16199999999999998, 0.52, 0.52, 0.31, 0.41, 0.81, 0.81, 0.75, 0.27, 0.775, 0.67, 0.56, 0.78, 0.77, 0.56, 0.56, 1.09, 0.21, 1.09, 0.21, 0.65, 0.5, 99, 99, 99]
--- num:  29
list:  [0.56, 0.56, 1, 1, 0.98, 0.98, 0.16199999999999998, 0.16199999999999998, 0.52, 0.52, 0.3, 0.42, 0.81, 0.81, 0.75, 0.27, 0.775, 0.67, 0.56, 0.78, 0.77, 0.56, 0.56, 1.09, 0.21, 1.09, 0.21, 0.63, 0.5, 99, 99, 99]
--- num:  29
list:  [0.56, 0.56, 1, 1, 0.98, 0.98, 0.16199999999999998, 0.16199999999999998, 0.52, 0.52, 0.3, 0.42, 0.81, 0.81, 0.75, 0.28, 0.775, 0.67, 0.56, 0.78, 0.77, 0.56, 0.56, 1.09, 0.21, 1.09, 0.21, 0.61, 0.5, 99, 99, 99]
--- num:  29
list:  [0.56, 0.56, 1, 1, 0.98, 0.98, 0.16199999999999998, 0.16199999999999998, 0.53, 0.53, 0.29, 0.43, 0.81, 0.81, 0.75, 0.28, 0.785, 0.67, 0.56, 0.79, 0.78, 0.56, 0.56, 1.09, 0.21, 1.09, 0.21, 0.62, 0.5, 99, 99, 99]
--- num:  29
list:  [0.56, 0.56, 1, 1, 0.98, 0.98, 0.16199999999999998, 0.16199999999999998, 0.53, 0.53, 0.28, 0.44, 0.81, 0.81, 0.75, 0.28, 0.8, 0.67, 0.56, 0.8, 0.8, 0.56, 0.56, 1.09, 0.21, 1.09, 0.21, 0.63, 0.5, 99, 99, 99]
--- num:  29
list:  [0.56, 0.56, 1, 1, 0.98, 0.98, 0.16199999999999998, 0.16199999999999998, 0.53, 0.53, 0.28, 0.45, 0.81, 0.81, 0.75, 0.28, 0.81, 0.67, 0.56, 0.81, 0.81, 0.56, 0.56, 1.09, 0.21, 1.09, 0.21, 0.65, 0.5, 99, 99, 99]
--- num:  29
list:  [0.56, 0.56, 1, 1, 0.97, 0.97, 0.16199999999999998, 0.16199999999999998, 0.52, 0.52, 0.29, 0.44, 0.81, 0.81, 0.75, 0.28, 0.82, 0.67, 0.56, 0.82, 0.82, 0.56, 0.56, 1.09, 0.21, 1.09, 0.21, 0.67, 0.5, 99, 99, 99]
--- num:  29
list:  [0.56, 0.56, 1, 1, 0.97, 0.97, 0.16199999999999998, 0.16199999999999998, 0.55, 0.55, 0.35, 0.37, 0.81, 0.81, 0.75, 0.27, 0.83, 0.67, 0.56, 0.83, 0.83, 0.56, 0.56, 1.09, 0.21, 1.09, 0.21, 0.68, 0.5, 99, 99, 99]
--- num:  29
list:  [0.56, 0.56, 1, 1, 0.97, 0.97, 0.16199999999999998, 0.16199999999999998, 0.53, 0.53, 0.36, 0.36, 0.81, 0.81, 0.75, 0.27, 0.83, 0.66, 0.56, 0.83, 0.83, 0.56, 0.56, 1.09, 0.21, 1.09, 0.21, 0.71, 0.5, 99, 99, 99]
--- num:  29
list:  [0.56, 0.56, 1, 1, 0.97, 0.97, 0.16199999999999998, 0.16199999999999998, 0.52, 0.52, 0.36, 0.36, 0.81, 0.81, 0.75, 0.27, 0.83, 0.66, 0.56, 0.83, 0.83, 0.56, 0.56, 1.09, 0.21, 1.09, 0.21, 0.75, 0.5, 99, 99, 99]
--- num:  29
list:  [0.57, 0.57, 1, 1, 0.97, 0.97, 0.16199999999999998, 0.16199999999999998, 0.52, 0.52, 0.37, 0.35, 0.81, 0.81, 0.75, 0.26, 0.825, 0.66, 0.56, 0.83, 0.82, 0.56, 0.56, 1.09, 0.21, 1.09, 0.21, 0.77, 0.5, 99, 99, 99]
--- num:  29
list:  [0.57, 0.57, 1, 1, 0.97, 0.97, 0.16199999999999998, 0.16199999999999998, 0.53, 0.53, 0.37, 0.35, 0.81, 0.81, 0.75, 0.26, 0.84, 0.66, 0.56, 0.84, 0.84, 0.56, 0.56, 1.09, 0.21, 1.09, 0.21, 0.77, 0.5, 99, 99, 99]
--- num:  29
list:  [0.56, 0.56, 1, 1, 0.97, 0.97, 0.16199999999999998, 0.16199999999999998, 0.53, 0.53, 0.39, 0.33, 0.81, 0.81, 0.75, 0.26, 0.84, 0.66, 0.56, 0.84, 0.84, 0.56, 0.56, 1.09, 0.21, 1.09, 0.21, 0.72, 0.5, 99, 99, 99]
--- num:  29
list:  [0.56, 0.56, 1, 1, 0.98, 0.98, 0.16199999999999998, 0.16199999999999998, 0.55, 0.55, 0.4, 0.32, 0.81, 0.81, 0.75, 0.27, 0.835, 0.66, 0.56, 0.84, 0.83, 0.56, 0.56, 1.09, 0.21, 1.09, 0.21, 0.7, 0.5, 99, 99, 99]
--- num:  29
list:  [0.56, 0.56, 1, 1, 0.97, 0.97, 0.2765085208415985, 0.27457151889801024, 0.38, 0.38, 0.37, 0.35, 0.81, 0.81, 0.75, 0.27, 0.765, 0.66, 0.56, 0.78, 0.75, 0.56, 0.56, 1.09, 0.21, 1.09, 0.21, 0.68, 0.5, 99, 99, 99]
--- num:  29
list:  [0.56, 0.56, 1, 1, 0.97, 0.97, 0.16199999999999998, 0.16199999999999998, 0.5, 0.5, 0.38, 0.34, 0.81, 0.81, 0.75, 0.27, 0.79, 0.67, 0.56, 0.8, 0.78, 0.56, 0.56, 1.09, 0.21, 1.09, 0.21, 0.65, 0.5, 99, 99, 99]
--- num:  29
list:  [0.56, 0.56, 1, 1, 0.97, 0.97, 0.16199999999999998, 0.16199999999999998, 0.53, 0.53, 0.4, 0.32, 0.81, 0.81, 0.75, 0.28, 0.8200000000000001, 0.67, 0.56, 0.83, 0.81, 0.56, 0.56, 1.09, 0.21, 1.09, 0.21, 0.64, 0.5, 99, 99, 99]
--- num:  29
list:  [0.56, 0.56, 1, 1, 0.97, 0.97, 0.16199999999999998, 0.16199999999999998, 0.52, 0.52, 0.39, 0.32, 0.81, 0.81, 0.75, 0.28, 0.83, 0.67, 0.56, 0.84, 0.82, 0.56, 0.56, 1.09, 0.21, 1.09, 0.21, 0.66, 0.5, 99, 99, 99]
--- num:  29
list:  [0.57, 0.57, 1, 1, 0.97, 0.97, 0.16199999999999998, 0.16199999999999998, 0.5, 0.5, 0.4, 0.32, 0.81, 0.81, 0.75, 0.28, 0.825, 0.67, 0.56, 0.84, 0.81, 0.56, 0.56, 1.09, 0.21, 1.09, 0.21, 0.67, 0.5, 99, 99, 99]
--- num:  29
list:  [0.57, 0.57, 1, 1, 0.97, 0.97, 0.16199999999999998, 0.16199999999999998, 0.49, 0.49, 0.39, 0.33, 0.81, 0.81, 0.75, 0.27, 0.825, 0.67, 0.56, 0.84, 0.81, 0.56, 0.56, 1.09, 0.21, 1.09, 0.21, 0.71, 0.5, 99, 99, 99]
--- num:  29
list:  [0.58, 0.58, 1, 1, 0.96, 0.96, 0.16199999999999998, 0.16199999999999998, 0.46, 0.46, 0.38, 0.34, 0.81, 0.81, 0.75, 0.27, 0.8200000000000001, 0.67, 0.56, 0.83, 0.81, 0.56, 0.56, 1.09, 0.21, 1.09, 0.21, 0.72, 0.5, 99, 99, 99]
--- num:  29
list:  [0.58, 0.58, 1, 1, 0.96, 0.96, 0.16199999999999998, 0.16199999999999998, 0.44, 0.44, 0.38, 0.34, 0.81, 0.81, 0.75, 0.27, 0.8200000000000001, 0.66, 0.56, 0.83, 0.81, 0.56, 0.56, 1.09, 0.21, 1.09, 0.21, 0.74, 0.5, 99, 99, 99]
--- num:  29
list:  [0.57, 0.57, 1, 1, 0.96, 0.96, 0.16199999999999998, 0.16199999999999998, 0.47, 0.47, 0.41, 0.31, 0.81, 0.81, 1, 0.26, 0.815, 0.66, 0.56, 0.82, 0.81, 0.56, 0.56, 1.09, 0.21, 1.09, 0.21, 0.75, 0.5, 99, 99, 99]
--- num:  29
list:  [0.57, 0.57, 1, 1, 0.97, 0.97, 0.16199999999999998, 0.16199999999999998, 0.48, 0.48, 0.4, 0.33, 0.81, 0.81, 1, 0.26, 0.825, 0.66, 0.56, 0.83, 0.82, 0.56, 0.56, 1.09, 0.21, 1.09, 0.21, 0.76, 0.5, 99, 99, 99]
--- num:  29
list:  [0.57, 0.57, 1, 1, 0.97, 0.97, 0.16199999999999998, 0.16199999999999998, 0.49, 0.49, 0.35, 0.37, 0.81, 0.81, 0.75, 0.26, 0.83, 0.66, 0.56, 0.84, 0.82, 0.56, 0.56, 1.09, 0.21, 1.09, 0.21, 0.76, 0.5, 99, 99, 99]
--- num:  29
list:  [0.57, 0.57, 1, 1, 0.97, 0.97, 0.16199999999999998, 0.16199999999999998, 0.52, 0.52, 0.33, 0.39, 0.81, 0.81, 0.75, 0.26, 0.835, 0.66, 0.56, 0.84, 0.83, 0.56, 0.56, 1.09, 0.21, 1.09, 0.21, 0.77, 0.5, 99, 99, 99]
--- num:  29
list:  [0.57, 0.57, 1, 1, 0.97, 0.97, 0.16199999999999998, 0.16199999999999998, 0.55, 0.55, 0.32, 0.41, 0.81, 0.81, 0.75, 0.26, 0.845, 0.66, 0.56, 0.85, 0.84, 0.56, 0.56, 1.09, 0.21, 1.09, 0.21, 0.75, 0.5, 99, 99, 99]
--- num:  29
list:  [0.56, 0.56, 1, 1, 0.97, 0.97, 0.16199999999999998, 0.16199999999999998, 0.56, 0.56, 0.31, 0.41, 0.81, 0.81, 0.75, 0.26, 0.845, 0.66, 0.56, 0.85, 0.84, 0.56, 0.56, 1.09, 0.21, 1.09, 0.21, 0.74, 0.5, 99, 99, 99]
--- num:  29
list:  [0.57, 0.57, 1, 1, 0.97, 0.97, 0.16199999999999998, 0.16199999999999998, 0.52, 0.52, 0.28, 0.44, 0.81, 0.81, 0.75, 0.27, 0.845, 0.66, 0.56, 0.85, 0.84, 0.56, 0.56, 1.09, 0.21, 1.09, 0.21, 0.76, 0.5, 99, 99, 99]
--- num:  29
list:  [0.57, 0.57, 1, 1, 0.97, 0.97, 0.16199999999999998, 0.16199999999999998, 0.56, 0.56, 0.27, 0.45, 0.81, 0.81, 0.75, 0.27, 0.87, 0.66, 0.56, 0.87, 0.87, 0.56, 0.56, 1.09, 0.21, 1.09, 0.21, 0.77, 0.5, 99, 99, 99]
--- num:  29
list:  [0.58, 0.58, 1, 1, 0.96, 0.96, 0.16199999999999998, 0.16199999999999998, 0.49, 0.49, 0.22, 0.5, 0.81, 0.81, 0.75, 0.27, 0.88, 0.66, 0.56, 0.88, 0.88, 0.56, 0.56, 1.09, 0.21, 1.09, 0.21, 0.77, 0.5, 99, 99, 99]
--- num:  29
list:  [0.59, 0.59, 1, 1, 0.95, 0.95, 0.16199999999999998, 0.16199999999999998, 0.45, 0.45, 0.2, 0.52, 0.81, 0.81, 0.75, 0.26, 0.87, 0.66, 0.56, 0.87, 0.87, 0.56, 0.56, 1.09, 0.21, 1.09, 0.21, 0.78, 0.5, 99, 99, 99]
--- num:  29
list:  [0.6, 0.6, 1, 1, 0.94, 0.94, 0.16199999999999998, 0.16199999999999998, 0.43, 0.43, 0.19, 0.53, 0.81, 0.81, 0.75, 0.26, 0.85, 0.66, 0.56, 0.85, 0.85, 0.56, 0.56, 1.09, 0.21, 1.09, 0.21, 0.78, 0.5, 99, 99, 99]
--- num:  29
list:  [0.6, 0.6, 1, 1, 0.94, 0.94, 0.16199999999999998, 0.16199999999999998, 0.41, 0.41, 0.18, 0.55, 0.81, 0.81, 0.75, 0.26, 0.845, 0.66, 0.56, 0.84, 0.85, 0.56, 0.56, 1.09, 0.21, 1.09, 0.21, 0.78, 0.5, 99, 99, 99]
--- num:  29
list:  [0.59, 0.59, 1, 1, 0.95, 0.95, 0.16199999999999998, 0.16199999999999998, 0.39, 0.39, 0.12, 0.61, 0.78, 0.69, 0.75, 0.26, 0.85, 0.65, 0.56, 0.84, 0.86, 0.56, 0.56, 1.07, 0.22, 1.01, 0.25, 0.78, 0.5, 99, 99, 99]
--- num:  29
list:  [0.59, 0.59, 1, 1, 0.95, 0.95, 0.16199999999999998, 0.16199999999999998, 0.37, 0.37, 0.06, 0.67, 0.78, 0.69, 0.75, 0.25, 0.845, 0.65, 0.56, 0.83, 0.86, 0.56, 0.56, 1.07, 0.22, 1.01, 0.25, 0.8, 0.5, 99, 99, 99]
--- num:  29
list:  [0.58, 0.58, 1, 1, 0.96, 0.96, 0.16199999999999998, 0.16199999999999998, 0.37, 0.37, 0.09, 0.64, 0.81, 0.78, 0.75, 0.25, 0.845, 0.65, 0.56, 0.83, 0.86, 0.56, 0.56, 1.09, 0.21, 1.07, 0.22, 0.8, 0.5, 99, 99, 99]
--- num:  29
list:  [0.59, 0.59, 1, 1, 0.95, 0.95, 0.3951364266872406, 0.39252216696739195, 0.25, 0.25, 0.26, 0.46, 0.81, 0.81, 0.75, 0.25, 0.785, 0.65, 0.56, 0.76, 0.81, 0.56, 0.56, 1.09, 0.21, 1.09, 0.21, 0.77, 0.5, 99, 99, 99]
--- num:  29
list:  [0.59, 0.59, 1, 1, 0.95, 0.95, 0.21371770977973936, 0.20955122590065, 0.31, 0.31, 0.33, 0.39, 0.81, 0.81, 0.75, 0.25, 0.71, 0.65, 0.56, 0.69, 0.73, 0.56, 0.56, 1.09, 0.21, 1.09, 0.21, 0.73, 0.5, 99, 99, 99]
--- num:  29
list:  [0.59, 0.59, 1, 1, 0.95, 0.95, 0.16199999999999998, 0.16199999999999998, 0.35, 0.35, 0.37, 0.35, 0.81, 0.81, 0.75, 0.25, 0.6100000000000001, 0.65, 0.56, 0.5900000000000001, 0.63, 0.56, 0.56, 1.09, 0.21, 1.09, 0.21, 0.67, 0.5, 99, 99, 99]
--- num:  29
list:  [0.59, 0.59, 1, 1, 0.95, 0.95, 0.16199999999999998, 0.16199999999999998, 0.35, 0.35, 0.39, 0.34, 0.81, 0.81, 0.75, 0.25, 0.5650000000000001, 0.65, 0.56, 0.56, 0.5700000000000001, 0.56, 0.56, 1.09, 0.21, 1.09, 0.21, 0.64, 0.5, 99, 99, 99]
--- num:  29
list:  [0.59, 0.59, 1, 1, 0.95, 0.95, 0.16199999999999998, 0.16199999999999998, 0.35, 0.35, 0.4, 0.32, 0.81, 0.81, 0.75, 0.25, 0.51, 0.65, 0.56, 0.51, 0.51, 0.56, 0.56, 1.09, 0.21, 1.09, 0.21, 0.63, 0.5, 99, 99, 99]
--- num:  29
list:  [0.58, 0.58, 1, 1, 0.96, 0.96, 0.16199999999999998, 0.16199999999999998, 0.35, 0.35, 0.42, 0.3, 0.81, 0.81, 0.75, 0.25, 0.51, 0.65, 0.56, 0.51, 0.51, 0.56, 0.56, 1.09, 0.21, 1.09, 0.21, 0.62, 0.5, 99, 99, 99]
--- num:  29
list:  [0.58, 0.58, 1, 1, 0.96, 0.96, 0.16199999999999998, 0.16199999999999998, 0.35, 0.35, 0.45, 0.27, 0.81, 0.81, 0.75, 0.25, 0.505, 0.65, 0.56, 0.51, 0.5, 0.56, 0.56, 1.09, 0.21, 1.09, 0.21, 0.61, 0.5, 99, 99, 99]
--- num:  29
list:  [0.57, 0.57, 1, 1, 0.97, 0.97, 0.16199999999999998, 0.16199999999999998, 0.42, 0.42, 0.56, 0.16, 0.81, 0.81, 0.75, 0.25, 0.52, 0.65, 0.56, 0.53, 0.51, 0.56, 0.56, 1.09, 0.21, 1.09, 0.21, 0.63, 0.5, 99, 99, 99]
--- num:  29
list:  [0.57, 0.57, 1, 1, 0.97, 0.97, 0.16199999999999998, 0.16199999999999998, 0.42, 0.42, 0.6, 0.12, 0.81, 0.81, 0.75, 0.25, 0.525, 0.65, 0.56, 0.54, 0.51, 0.56, 0.56, 1.09, 0.21, 1.09, 0.21, 0.65, 0.5, 99, 99, 99]
--- num:  29
list:  [0.56, 0.56, 1, 1, 0.97, 0.97, 0.16199999999999998, 0.16199999999999998, 0.42, 0.42, 0.63, 0.1, 0.81, 0.81, 0.75, 0.25, 0.51, 0.65, 0.56, 0.53, 0.49, 0.56, 0.56, 1.09, 0.21, 1.09, 0.21, 0.65, 0.5, 99, 99, 99]
--- num:  29
list:  [0.56, 0.56, 1, 1, 0.97, 0.97, 0.16199999999999998, 0.16199999999999998, 0.42, 0.42, 0.65, 0.08, 0.81, 0.81, 0.75, 0.25, 0.5, 0.65, 0.56, 0.52, 0.48, 0.56, 0.56, 1.09, 0.21, 1.09, 0.21, 0.6, 0.5, 99, 99, 99]
--- num:  29
list:  [0.56, 0.56, 1, 1, 0.98, 0.98, 0.16199999999999998, 0.16199999999999998, 0.41, 0.41, 0.69, 0.04, 0.81, 0.81, 0.75, 0.25, 0.495, 0.65, 0.56, 0.52, 0.47, 0.56, 0.56, 1.09, 0.21, 1.09, 0.21, 0.61, 0.5, 99, 99, 99]
--- num:  29
list:  [0.56, 0.56, 1, 1, 0.98, 0.98, 0.16199999999999998, 0.16199999999999998, 0.42, 0.42, 0.7, 0.03, 0.81, 0.81, 0.75, 0.25, 0.48, 0.65, 0.56, 0.5, 0.45999999999999996, 0.56, 0.56, 1.09, 0.21, 1.09, 0.21, 0.6, 0.5, 99, 99, 99]
--- num:  29
list:  [0.56, 0.56, 1, 1, 0.98, 0.98, 0.16199999999999998, 0.16199999999999998, 0.44, 0.44, 0.7, 0.04, 0.81, 0.81, 0.75, 0.26, 0.475, 0.65, 0.56, 0.5, 0.45, 0.56, 0.56, 1.09, 0.21, 1.09, 0.21, 0.58, 0.5, 99, 99, 99]
--- num:  29
list:  [0.56, 0.56, 1, 1, 0.98, 0.98, 0.16199999999999998, 0.16199999999999998, 0.44, 0.44, 0.71, 0.02, 0.81, 0.81, 0.75, 0.26, 0.445, 0.66, 0.56, 0.47, 0.42000000000000004, 0.56, 0.56, 1.09, 0.21, 1.09, 0.21, 0.54, 0.5, 99, 99, 99]
--- num:  29
list:  [0.25, 0.25, 0.34, 0.34, 1, 1, 0.16199999999999998, 0.16199999999999998, 0.43, 0.43, 0.77, -0.04, 0.81, 0.81, 0.75, 0.26, 0.445, 0.66, 0.56, 0.47, 0.42000000000000004, 0.56, 0.56, 1.09, 0.21, 1.09, 0.21, 0.47, 0.5, 99, 99, 99]
--- num:  29
list:  [0.25, 0.25, 0.34, 0.34, 1, 1, 0.16199999999999998, 0.16199999999999998, 0.42, 0.42, 0.81, -0.07, 0.81, 0.81, 0.75, 0.26, 0.445, 0.66, 0.56, 0.47, 0.42000000000000004, 0.56, 0.56, 1.09, 0.21, 1.09, 0.21, 0.46, 0.5, 99, 99, 99]
--- num:  29
list:  [0.24, 0.24, 0.32, 0.32, 1, 1, 0.16199999999999998, 0.16199999999999998, 0.5, 0.5, 0.52, 0.2, 0.81, 0.81, 0.75, 0.26, 0.45499999999999996, 0.65, 0.56, 0.48, 0.43, 0.56, 0.56, 1.09, 0.21, 1.09, 0.21, 0.47, 0.5, 99, 99, 99]
--- num:  29
list:  [0.3, 0.3, 0.48, 0.48, 1, 1, 0.16199999999999998, 0.16199999999999998, 0.55, 0.55, 0.53, 0.2, 0.81, 0.81, 0.75, 0.26, 0.505, 0.66, 0.56, 0.53, 0.48, 0.56, 0.56, 1.09, 0.21, 1.09, 0.21, 0.49, 0.5, 99, 99, 99]
--- num:  29
list:  [0.33, 0.33, 0.53, 0.53, 1, 1, 0.16199999999999998, 0.16199999999999998, 0.55, 0.55, 0.52, 0.2, 0.81, 0.81, 0.75, 0.26, 0.515, 0.66, 0.56, 0.54, 0.49, 0.56, 0.56, 1.09, 0.21, 1.09, 0.21, 0.5, 0.5, 99, 99, 99]
--- num:  29
list:  [0.32, 0.32, 0.52, 0.52, 1, 1, 0.16199999999999998, 0.16199999999999998, 0.55, 0.55, 0.52, 0.2, 0.81, 0.81, 0.75, 0.26, 0.52, 0.66, 0.56, 0.55, 0.49, 0.56, 0.56, 1.09, 0.21, 1.09, 0.21, 0.51, 0.5, 99, 99, 99]
--- num:  29
list:  [0.55, 0.55, 1, 1, 0.98, 0.98, 0.16199999999999998, 0.16199999999999998, 0.55, 0.55, 0.54, 0.18, 0.81, 0.81, 0.75, 0.26, 0.53, 0.66, 0.56, 0.56, 0.5, 0.56, 0.56, 1.09, 0.21, 1.09, 0.21, 0.51, 0.5, 99, 99, 99]
--- num:  29
list:  [0.34, 0.34, 0.55, 0.55, 1, 1, 0.16199999999999998, 0.16199999999999998, 0.56, 0.56, 0.53, 0.19, 0.81, 0.81, 0.75, 0.26, 0.535, 0.66, 0.56, 0.56, 0.51, 0.56, 0.56, 1.09, 0.21, 1.09, 0.21, 0.51, 0.5, 99, 99, 99]
--- num:  29
list:  [0.55, 0.55, 1, 1, 0.98, 0.98, 0.16199999999999998, 0.16199999999999998, 0.54, 0.54, 0.52, 0.2, 0.81, 0.81, 0.75, 0.26, 0.53, 0.66, 0.56, 0.55, 0.51, 0.56, 0.56, 1.09, 0.21, 1.09, 0.21, 0.51, 0.5, 99, 99, 99]
--- num:  29
list:  [0.56, 0.56, 1, 1, 0.98, 0.98, 0.16199999999999998, 0.16199999999999998, 0.53, 0.53, 0.5, 0.22, 0.81, 0.81, 0.75, 0.26, 0.54, 0.66, 0.56, 0.56, 0.52, 0.56, 0.56, 1.09, 0.21, 1.09, 0.21, 0.51, 0.5, 99, 99, 99]
--- num:  29
list:  [0.32, 0.32, 0.51, 0.51, 1, 1, 0.16199999999999998, 0.16199999999999998, 0.51, 0.51, 0.48, 0.25, 0.81, 0.81, 0.75, 0.26, 0.53, 0.66, 0.56, 0.55, 0.51, 0.56, 0.56, 1.09, 0.21, 1.09, 0.21, 0.5, 0.5, 99, 99, 99]
--- num:  29
list:  [0.28, 0.28, 0.43, 0.43, 1, 1, 0.16199999999999998, 0.16199999999999998, 0.48, 0.48, 0.53, 0.2, 0.81, 0.81, 0.75, 0.26, 0.5, 0.66, 0.56, 0.52, 0.48, 0.56, 0.56, 1.09, 0.21, 1.09, 0.21, 0.44, 0, 99, 99, 99]
--- num:  29
list:  [0.28, 0.28, 0.41, 0.41, 1, 1, 0.16199999999999998, 0.16199999999999998, 0.47, 0.47, 0.53, 0.19, 0.81, 0.81, 0.75, 0.26, 0.48, 0.66, 0.56, 0.5, 0.45999999999999996, 0.56, 0.56, 1.09, 0.21, 1.09, 0.21, 0.34, 0, 99, 99, 99]
--- num:  29
list:  [0.16, 0.16, 0.14, 0.14, 1, 1, 0.16199999999999998, 0.16199999999999998, 0.47, 0.47, 0.51, 0.21, 0.81, 0.81, 0.75, 0.26, 0.31999999999999995, 0.66, 0.56, 0.33999999999999997, 0.3, 0.56, 0.56, 1.09, 0.21, 1.09, 0.21, 0.3, 0, 99, 99, 99]
--- num:  29
list:  [0.12, 0.12, 0.05, 0.05, 1, 1, 0.16199999999999998, 0.16199999999999998, 0.47, 0.47, 0.5, 0.22, 0.81, 0.81, 0.75, 0.26, 0.30000000000000004, 0.65, 0.56, 0.32, 0.28, 0.56, 0.56, 1.09, 0.21, 1.09, 0.21, 0.32, 0, 99, 99, 99]
--- num:  29
list:  [0.09, 0.09, 0, 0, 1, 1, 0.16199999999999998, 0.16199999999999998, 0.47, 0.47, 0.45, 0.27, 0.81, 0.81, 0.75, 0.26, 0.28, 0.65, 0.56, 0.3, 0.26, 0.56, 0.56, 1.09, 0.21, 1.09, 0.21, 0.33, 0, 99, 99, 99]
--- num:  29
list:  [0.11, 0.11, 0.01, 0.01, 1, 1, 0.16199999999999998, 0.16199999999999998, 0.48, 0.48, 0.45, 0.27, 0.81, 0.81, 0.75, 0.26, 0.28, 0.66, 0.56, 0.3, 0.26, 0.56, 0.56, 1.09, 0.21, 1.09, 0.21, 0.33, 0, 99, 99, 99]
--- num:  29
list:  [0.56, 0.56, 1, 1, 0.98, 0.98, 0.16199999999999998, 0.16199999999999998, 0.48, 0.48, 0.43, 0.29, 0.81, 0.81, 0.75, 0.26, 0.30000000000000004, 0.66, 0.56, 0.32, 0.28, 0.56, 0.56, 1.09, 0.21, 1.09, 0.21, 0.36, 0, 99, 99, 99]
--- num:  29
list:  [0.56, 0.56, 1, 1, 0.98, 0.98, 0.16199999999999998, 0.16199999999999998, 0.37, 0.37, 0.53, 0.2, 0.81, 0.81, 0.75, 0.26, 0.255, 0.66, 0.56, 0.26, 0.25, 0.56, 0.56, 1.09, 0.21, 1.09, 0.21, 0.34, 0, 99, 99, 99]
--- num:  29
list:  [0.56, 0.56, 1, 1, 0.97, 0.97, 0.16199999999999998, 0.16199999999999998, 0.42, 0.42, 0.55, 0.18, 0.81, 0.81, 0.75, 0.26, 0.265, 0.65, 0.56, 0.27, 0.26, 0.56, 0.56, 1.09, 0.21, 1.09, 0.21, 0.32, 0, 99, 99, 99]
--- num:  29
list:  [0.56, 0.56, 1, 1, 0.97, 0.97, 0.16199999999999998, 0.16199999999999998, 0.42, 0.42, 0.47, 0.26, 0.81, 0.81, 0.75, 0.26, 0.275, 0.66, 0.56, 0.28, 0.27, 0.56, 0.56, 1.09, 0.21, 1.09, 0.21, 0.35, 0, 99, 99, 99]
--- num:  29
list:  [0.56, 0.56, 1, 1, 0.97, 0.97, 0.16199999999999998, 0.16199999999999998, 0.42, 0.42, 0.42, 0.3, 0.81, 0.81, 0.5, 0.26, 0.26, 0.66, 0.56, 0.26, 0.26, 0.56, 0.56, 1.09, 0.21, 1.09, 0.21, 0.36, 0, 99, 99, 99]
--- num:  29
list:  [0.56, 0.56, 1, 1, 0.97, 0.97, 0.16199999999999998, 0.16199999999999998, 0.43, 0.43, 0.37, 0.36, 0.81, 0.81, 0.5, 0.26, 0.265, 0.65, 0.56, 0.27, 0.26, 0.56, 0.56, 1.09, 0.21, 1.09, 0.21, 0.36, 0.05, 99, 99, 99]
--- num:  29
list:  [0.56, 0.56, 1, 1, 0.97, 0.97, 0.16199999999999998, 0.16199999999999998, 0.43, 0.43, 0.33, 0.39, 0.81, 0.81, 0.5, 0.25, 0.26, 0.65, 0.56, 0.26, 0.26, 0.56, 0.56, 1.09, 0.21, 1.09, 0.21, 0.34, 0.1, 99, 99, 99]
--- num:  29
list:  [0.56, 0.56, 1, 1, 0.98, 0.98, 0.30993912696838377, 0.3084485936164856, 0.32, 0.32, 0.27, 0.46, 0.81, 0.81, 0.5, 0.25, 0.25, 0.65, 0.56, 0.25, 0.25, 0.56, 0.56, 1.09, 0.21, 1.09, 0.21, 0.33, 0.13, 99, 99, 99]
--- num:  29
list:  [0.56, 0.56, 1, 1, 0.97, 0.97, 0.16199999999999998, 0.16199999999999998, 0.38, 0.38, 0.25, 0.47, 0.81, 0.81, 0.5, 0.25, 0.265, 0.65, 0.56, 0.26, 0.27, 0.56, 0.56, 1.09, 0.21, 1.09, 0.21, 0.31, 0.15, 99, 99, 99]
--- num:  29
list:  [0.8, 0.8, 1, 1, 0.78, 0.78, 0.16199999999999998, 0.16199999999999998, 0.39, 0.39, 0.26, 0.46, 0.81, 0.81, 0.75, 0.25, 0.44499999999999995, 0.65, 0.56, 0.43, 0.45999999999999996, 0.56, 0.56, 1.09, 0.21, 1.09, 0.21, 0.36, 0.27, 99, 99, 99]
--- num:  29
list:  [0.81, 0.81, 1, 1, 0.77, 0.77, 0.16199999999999998, 0.16199999999999998, 0.39, 0.39, 0.27, 0.46, 0.81, 0.81, 0.75, 0.25, 0.44, 0.65, 0.56, 0.43, 0.45, 0.56, 0.56, 1.09, 0.21, 1.09, 0.21, 0.37, 0.3, 99, 99, 99]
--- num:  29
list:  [0.81, 0.81, 1, 1, 0.77, 0.77, 0.16199999999999998, 0.16199999999999998, 0.4, 0.4, 0.29, 0.44, 0.81, 0.81, 0.75, 0.26, 0.445, 0.65, 0.56, 0.44, 0.45, 0.56, 0.56, 1.09, 0.21, 1.09, 0.21, 0.38, 0.29, 99, 99, 99]
--- num:  29
list:  [0.78, 0.78, 1, 1, 0.79, 0.79, 0.19879811584949492, 0.19754920482635496, 0.35, 0.35, 0.34, 0.39, 0.81, 0.81, 0.75, 0.26, 0.41000000000000003, 0.66, 0.56, 0.4, 0.42000000000000004, 0.56, 0.56, 1.09, 0.21, 1.09, 0.21, 0.39, 0.29, 99, 99, 99]
--- num:  29
list:  [0.74, 0.74, 1, 1, 0.83, 0.83, 0.16199999999999998, 0.16199999999999998, 0.5, 0.5, 0.38, 0.34, 0.81, 0.81, 0.75, 0.26, 0.45999999999999996, 0.66, 0.56, 0.45999999999999996, 0.45999999999999996, 0.56, 0.56, 1.09, 0.21, 1.09, 0.21, 0.42, 0.27, 99, 99, 99]
--- num:  29
list:  [0.75, 0.75, 1, 1, 0.82, 0.82, 0.16199999999999998, 0.16199999999999998, 0.51, 0.51, 0.44, 0.28, 0.81, 0.81, 0.75, 0.27, 0.46499999999999997, 0.66, 0.56, 0.47, 0.45999999999999996, 0.56, 0.56, 1.09, 0.21, 1.09, 0.21, 0.42, 0.22, 99, 99, 99]
--- num:  29
list:  [0.79, 0.79, 1, 1, 0.79, 0.79, 0.33438668727874754, 0.32614816308021544, 0.32, 0.32, 0.43, 0.29, 0.81, 0.81, 0.75, 0.26, 0.345, 0.66, 0.56, 0.35, 0.33999999999999997, 0.56, 0.56, 1.09, 0.21, 1.09, 0.21, 0.36, 0.17, 99, 99, 99]
--- num:  29
list:  [0.71, 0.71, 1, 1, 0.85, 0.85, 0.16199999999999998, 0.16199999999999998, 0.5, 0.5, 0.57, 0.16, 0.81, 0.81, 0.75, 0.26, 0.41500000000000004, 0.66, 0.56, 0.43, 0.4, 0.56, 0.56, 1.09, 0.21, 1.09, 0.21, 0.35, 0.15, 99, 99, 99]
--- num:  29
list:  [0.57, 0.57, 1, 1, 0.97, 0.97, 0.16199999999999998, 0.16199999999999998, 0.55, 0.55, 0.57, 0.15, 0.81, 0.81, 0.75, 0.26, 0.33999999999999997, 0.66, 0.56, 0.35, 0.33, 0.56, 0.56, 1.09, 0.21, 1.09, 0.21, 0.33, 0.13, 99, 99, 99]
--- num:  29
list:  [0.56, 0.56, 1, 1, 0.98, 0.98, 0.16199999999999998, 0.16199999999999998, 0.53, 0.53, 0.54, 0.19, 0.81, 0.81, 0.75, 0.27, 0.275, 0.66, 0.56, 0.29, 0.26, 0.56, 0.56, 1.09, 0.21, 1.09, 0.21, 0.33, 0.11, 99, 99, 99]
--- num:  29
list:  [0.57, 0.57, 1, 1, 0.96, 0.96, 0.9677079725265503, 0.9676967668533325, 0.36, 0.36, 0.41, 0.31, 0.81, 0.81, 0.5, 0.26, 0.25, 0.66, 0.56, 0.25, 0.25, 0.56, 0.56, 1.09, 0.21, 1.09, 0.21, 0.29, 0.09, 99, 99, 99]
--- num:  29
list:  [0.56, 0.56, 1, 1, 0.98, 0.98, 0.16199999999999998, 0.16199999999999998, 0.51, 0.51, 0.55, 0.18, 0.81, 0.81, 0.75, 0.26, 0.27, 0.66, 0.56, 0.28, 0.26, 0.56, 0.56, 1.09, 0.21, 1.09, 0.21, 0.29, 0.08, 99, 99, 99]
--- num:  29
list:  [0.12, 0.12, 0.05, 0.05, 1, 1, 0.16199999999999998, 0.16199999999999998, 0.51, 0.51, 0.57, 0.15, 0.81, 0.81, 0.75, 0.27, 0.29500000000000004, 0.66, 0.56, 0.31, 0.28, 0.56, 0.56, 1.09, 0.21, 1.09, 0.21, 0.32, 0.08, 99, 99, 99]
--- num:  29
list:  [0.14, 0.14, 0.09, 0.09, 1, 1, 0.16199999999999998, 0.16199999999999998, 0.5, 0.5, 0.59, 0.14, 0.81, 0.81, 0.75, 0.27, 0.3, 0.67, 0.56, 0.31, 0.29, 0.56, 0.56, 1.09, 0.21, 1.09, 0.21, 0.32, 0.08, 99, 99, 99]
--- num:  29
list:  [0.57, 0.57, 1, 1, 0.97, 0.97, 0.6066523003578186, 0.6067755627632141, 0.32, 0.32, 0.42, 0.31, 0.81, 0.81, 0.5, 0.27, 0.25, 0.67, 0.56, 0.25, 0.25, 0.56, 0.56, 1.09, 0.21, 1.09, 0.21, 0.31, 0.07, 99, 99, 99]
--- num:  29
list:  [0.59, 0.59, 1, 1, 0.95, 0.95, 0.9768135952949524, 0.9768132972717285, 0.35, 0.35, 0.41, 0.31, 0.81, 0.81, 0.5, 0.28, 0.25, 0.67, 0.56, 0.25, 0.25, 0.56, 0.56, 1.09, 0.21, 1.09, 0.21, 0.31, 0.06, 99, 99, 99]
--- num:  29
list:  [0.59, 0.59, 1, 1, 0.95, 0.95, 0.9708660650253296, 0.9708658266067505, 0.35, 0.35, 0.41, 0.31, 0.81, 0.81, 0.25, 0.28, 0.25, 0.67, 0.56, 0.25, 0.25, 0.56, 0.56, 1.09, 0.21, 1.09, 0.21, 0.32, 0.06, 99, 99, 99]
--- num:  29
list:  [0.58, 0.58, 1, 1, 0.96, 0.96, 0.4657327342033386, 0.46551777005195616, 0.26, 0.26, 0.43, 0.3, 0.81, 0.81, 0.5, 0.28, 0.25, 0.67, 0.56, 0.25, 0.25, 0.56, 0.56, 1.09, 0.21, 1.09, 0.21, 0.31, 0.06, 99, 99, 99]
--- num:  29
list:  [0.56, 0.56, 1, 1, 0.97, 0.97, 0.16199999999999998, 0.16199999999999998, 0.39, 0.39, 0.44, 0.28, 0.81, 0.81, 0.5, 0.27, 0.275, 0.67, 0.56, 0.29, 0.26, 0.56, 0.56, 1.09, 0.21, 1.09, 0.21, 0.31, 0.05, 99, 99, 99]
--- num:  29
list:  [0.56, 0.56, 1, 1, 0.97, 0.97, 0.16199999999999998, 0.16199999999999998, 0.4, 0.4, 0.44, 0.28, 0.81, 0.81, 0.5, 0.27, 0.32499999999999996, 0.67, 0.56, 0.33999999999999997, 0.31, 0.56, 0.56, 1.09, 0.21, 1.09, 0.21, 0.35, 0.06, 99, 99, 99]
--- num:  29
list:  [0.56, 0.56, 1, 1, 0.98, 0.98, 0.16199999999999998, 0.16199999999999998, 0.41, 0.41, 0.46, 0.26, 0.81, 0.81, 0.75, 0.27, 0.5, 0.67, 0.56, 0.51, 0.49, 0.56, 0.56, 1.09, 0.21, 1.09, 0.21, 0.37, 0.08, 99, 99, 99]
--- num:  29
list:  [0.57, 0.57, 1, 1, 0.97, 0.97, 0.9588592457771301, 0.9562835502624512, 0.34, 0.34, 0.43, 0.29, 0.78, 0.81, 0.75, 0.28, 0.5900000000000001, 0.67, 0.56, 0.6, 0.5800000000000001, 0.56, 0.56, 1.07, 0.22, 1.09, 0.21, 0.25, 0.17, 99, 99, 99]
--- num:  29
list:  [0.57, 0.57, 1, 1, 0.97, 0.97, 0.18365421473979948, 0.18274512469768522, 0.38, 0.38, 0.45, 0.27, 0.5849999999999999, 0.54, 0.75, 0.3, 0.715, 0.69, 0.56, 0.71, 0.72, 0.56, 0.56, 0.94, 0.28, 0.91, 0.29, 0.21, 0.18, 99, 99, 99]
--- num:  29
list:  [0.56, 0.56, 1, 1, 0.97, 0.97, 0.16199999999999998, 0.16199999999999998, 0.42, 0.42, 0.4, 0.32, 0.4349999999999999, 0.39, 1, 0.33, 0.85, 0.71, 0.46, 0.85, 0.85, 0.46, 0.46, 0.84, 0.32, 0.81, 0.34, 0.14, 0.17, 99, 99, 99]
--- num:  29
list:  [0.56, 0.56, 1, 1, 0.97, 0.97, 0.16199999999999998, 0.16199999999999998, 0.44, 0.44, 0.36, 0.36, 0.4199999999999999, 0.39, 1, 0.32, 0.94, 0.7, 0.36, 0.94, 0.94, 0.36, 0.36, 0.83, 0.33, 0.81, 0.34, 0.08, 0.31, 99, 99, 99]
--- num:  29
list:  [0.56, 0.56, 1, 1, 0.97, 0.97, 0.16199999999999998, 0.16199999999999998, 0.45, 0.45, 0.33, 0.39, 0.4199999999999999, 0.39, 1, 0.28, 0.96, 0.67, 0.33, 0.96, 0.96, 0.33, 0.33, 0.83, 0.33, 0.81, 0.33, 0.07, 0.4, 99, 99, 99]
--- num:  29
list:  [0.56, 0.56, 1, 1, 0.98, 0.98, 0.16199999999999998, 0.16199999999999998, 0.46, 0.47, 0.31, 0.41, 0.4199999999999999, 0.375, 1, 0.26, 0.97, 0.66, 0.32, 0.97, 0.97, 0.32, 0.32, 0.83, 0.33, 0.8, 0.34, 0.07, 0.46, 99, 99, 99]
--- num:  29
list:  [0.56, 0.56, 1, 1, 0.98, 0.98, 0.16199999999999998, 0.16199999999999998, 0.47, 0.47, 0.29, 0.43, 0.375, 0.32999999999999996, 1, 0.26, 0.97, 0.66, 0.32, 0.97, 0.97, 0.32, 0.32, 0.8, 0.34, 0.77, 0.35, 0.06, 0.48, 99, 99, 99]
--- num:  29
list:  [0.56, 0.56, 1, 1, 0.98, 0.98, 0.16199999999999998, 0.16199999999999998, 0.48, 0.48, 0.27, 0.45, 0.32999999999999996, 0.2849999999999999, 1, 0.26, 0.975, 0.65, 0.31, 0.97, 0.98, 0.31, 0.31, 0.77, 0.35, 0.74, 0.37, 0.06, 0.48, 99, 99, 99]
--- num:  29
list:  [0.56, 0.56, 1, 1, 0.98, 0.98, 0.16199999999999998, 0.16199999999999998, 0.52, 0.52, 0.27, 0.45, 0.22499999999999987, 0.16499999999999998, 1, 0.26, 0.98, 0.65, 0.3, 0.98, 0.98, 0.3, 0.3, 0.7, 0.38, 0.66, 0.4, 0.06, 0.49, 99, 99, 99]
--- num:  29
list:  [0.55, 0.55, 1, 1, 0.98, 0.98, 0.16199999999999998, 0.16199999999999998, 0.59, 0.59, 0.27, 0.46, 0.13499999999999995, 0.0749999999999999, 1, 0.25, 0.98, 0.65, 0.29, 0.98, 0.98, 0.29, 0.29, 0.64, 0.41, 0.6, 0.43, 0.06, 0.5, 99, 99, 99]
--- num:  29
list:  [0.42, 0.42, 0.75, 0.75, 1, 1, 0.16199999999999998, 0.16199999999999998, 0.59, 0.59, 0.27, 0.46, 0.10499999999999993, 0.015000000000000013, 1, 0.25, 0.98, 0.65, 0.29, 0.98, 0.98, 0.29, 0.29, 0.62, 0.42, 0.56, 0.45, 0.06, 0.51, 99, 99, 99]
--- num:  29
list:  [0.56, 0.56, 1, 1, 0.97, 0.97, 0.8213698077201843, 0.8350495505332947, 0.41, 0.41, 0.28, 0.44, 0.16499999999999998, 0.10499999999999993, 1, 0.26, 0.975, 0.65, 0.32, 0.97, 0.98, 0.32, 0.32, 0.66, 0.4, 0.62, 0.42, 0.06, 0.53, 99, 99, 99]
--- num:  29
list:  [0.57, 0.57, 1, 1, 0.97, 0.97, 0.16199999999999998, 0.16199999999999998, 0.52, 0.52, 0.27, 0.45, 0.16499999999999998, 0.10499999999999993, 1, 0.26, 0.97, 0.66, 0.32, 0.97, 0.97, 0.32, 0.32, 0.66, 0.4, 0.62, 0.42, 0.07, 0.54, 99, 99, 99]
--- num:  29
list:  [0.57, 0.57, 1, 1, 0.97, 0.97, 0.16199999999999998, 0.16199999999999998, 0.54, 0.54, 0.28, 0.44, 0.16499999999999998, 0.08999999999999991, 1, 0.26, 0.97, 0.66, 0.31, 0.97, 0.97, 0.31, 0.31, 0.66, 0.4, 0.61, 0.42, 0.07, 0.54, 99, 99, 99]
--- num:  29
list:  [0.57, 0.57, 1, 1, 0.97, 0.97, 0.8910958576202392, 0.8765585827827453, 0.4, 0.4, 0.31, 0.41, 0.2849999999999999, 0.22499999999999987, 1, 0.26, 0.96, 0.66, 0.34, 0.96, 0.96, 0.34, 0.34, 0.74, 0.37, 0.7, 0.38, 0.07, 0.54, 99, 99, 99]
--- num:  29
list:  [0.57, 0.57, 1, 1, 0.97, 0.97, 0.40870396375656126, 0.37946767687797545, 0.34, 0.34, 0.33, 0.4, 0.81, 0.81, 0.75, 0.27, 0.735, 0.66, 0.56, 0.72, 0.75, 0.56, 0.56, 1.09, 0.21, 1.09, 0.21, 0.17, 0.44, 99, 99, 99]
--- num:  29
list:  [0.56, 0.56, 1, 1, 0.98, 0.98, 0.16199999999999998, 0.16199999999999998, 0.45, 0.45, 0.34, 0.38, 0.81, 0.81, 0.75, 0.26, 0.515, 0.66, 0.56, 0.52, 0.51, 0.56, 0.56, 1.09, 0.21, 1.09, 0.21, 0.17, 0.24, 99, 99, 99]
--- num:  29
list:  [0.26, 0.26, 0.37, 0.37, 1, 1, 0.16199999999999998, 0.16199999999999998, 0.41, 0.41, 0.36, 0.36, 0.81, 0.81, 0.75, 0.26, 0.42000000000000004, 0.66, 0.56, 0.43, 0.41000000000000003, 0.56, 0.56, 1.09, 0.21, 1.09, 0.21, 0.23, 0.19, 99, 99, 99]
--- num:  29
list:  [0.57, 0.57, 1, 1, 0.97, 0.97, 0.9150144863128662, 0.9147440600395202, 0.3, 0.3, 0.38, 0.34, 0.81, 0.81, 0.5, 0.26, 0.325, 0.66, 0.56, 0.33, 0.32, 0.56, 0.56, 1.09, 0.21, 1.09, 0.21, 0.39, 0.5, 99, 99, 99]
--- num:  29
list:  [0.57, 0.57, 1, 1, 0.97, 0.97, 0.19878150105476378, 0.1975220102071762, 0.35, 0.35, 0.39, 0.33, 0.81, 0.81, 0.5, 0.27, 0.33499999999999996, 0.66, 0.56, 0.35, 0.32, 0.56, 0.56, 1.09, 0.21, 1.09, 0.21, 0.59, 0.5, 99, 99, 99]
--- num:  29
list:  [0.57, 0.57, 1, 1, 0.96, 0.96, 0.16199999999999998, 0.16199999999999998, 0.36, 0.36, 0.39, 0.33, 0.81, 0.81, 0.5, 0.27, 0.33499999999999996, 0.66, 0.56, 0.35, 0.32, 0.56, 0.56, 1.09, 0.21, 1.09, 0.21, 0.65, 0.5, 99, 99, 99]
--- num:  29
list:  [0.57, 0.57, 1, 1, 0.96, 0.96, 0.16199999999999998, 0.16199999999999998, 0.35, 0.35, 0.39, 0.33, 0.81, 0.81, 0.5, 0.27, 0.33999999999999997, 0.66, 0.56, 0.35, 0.33, 0.56, 0.56, 1.09, 0.21, 1.09, 0.21, 0.66, 0.5, 99, 99, 99]
--- num:  29
list:  [0.58, 0.58, 1, 1, 0.96, 0.96, 0.16199999999999998, 0.16199999999999998, 0.35, 0.35, 0.4, 0.32, 0.81, 0.81, 0.5, 0.27, 0.345, 0.66, 0.56, 0.36, 0.33, 0.56, 0.56, 1.09, 0.21, 1.09, 0.21, 0.66, 0.5, 99, 99, 99]
--- num:  29
list:  [0.58, 0.58, 1, 1, 0.96, 0.96, 0.16199999999999998, 0.16199999999999998, 0.34, 0.34, 0.4, 0.32, 0.81, 0.81, 0.5, 0.27, 0.33999999999999997, 0.66, 0.56, 0.35, 0.33, 0.56, 0.56, 1.09, 0.21, 1.09, 0.21, 0.64, 0.5, 99, 99, 99]
--- num:  29
list:  [0.58, 0.58, 1, 1, 0.96, 0.96, 0.16199999999999998, 0.16199999999999998, 0.33, 0.33, 0.41, 0.31, 0.81, 0.81, 0.5, 0.26, 0.345, 0.66, 0.56, 0.36, 0.33, 0.56, 0.56, 1.09, 0.21, 1.09, 0.21, 0.61, 0.5, 99, 99, 99]
--- num:  29
list:  [0.58, 0.58, 1, 1, 0.96, 0.96, 0.231756876707077, 0.2313342201709747, 0.32, 0.32, 0.47, 0.25, 0.81, 0.81, 0.75, 0.26, 0.32, 0.66, 0.56, 0.33, 0.31, 0.56, 0.56, 1.09, 0.21, 1.09, 0.21, 0.57, 0.5, 99, 99, 99]
--- num:  29
list:  [0.56, 0.56, 1, 1, 0.97, 0.97, 0.16199999999999998, 0.16199999999999998, 0.45, 0.45, 0.54, 0.19, 0.81, 0.81, 0.75, 0.26, 0.395, 0.66, 0.56, 0.41000000000000003, 0.38, 0.56, 0.56, 1.09, 0.21, 1.09, 0.21, 0.56, 0.5, 99, 99, 99]
--- num:  29
list:  [0.56, 0.56, 1, 1, 0.97, 0.97, 0.16199999999999998, 0.16199999999999998, 0.46, 0.46, 0.54, 0.18, 0.81, 0.81, 0.75, 0.27, 0.4, 0.66, 0.56, 0.42000000000000004, 0.38, 0.56, 0.56, 1.09, 0.21, 1.09, 0.21, 0.56, 0.5, 99, 99, 99]
--- num:  29
list:  [0.56, 0.56, 1, 1, 0.97, 0.97, 0.16199999999999998, 0.16199999999999998, 0.53, 0.53, 0.25, 0.48, 0.81, 0.81, 0.75, 0.27, 0.445, 0.67, 0.56, 0.47, 0.42000000000000004, 0.56, 0.56, 1.09, 0.21, 1.09, 0.21, 0.56, 0.5, 99, 99, 99]
--- num:  29
list:  [0.56, 0.56, 1, 1, 0.97, 0.97, 0.16199999999999998, 0.16199999999999998, 0.52, 0.52, 0.25, 0.47, 0.81, 0.81, 0.75, 0.27, 0.445, 0.67, 0.56, 0.47, 0.42000000000000004, 0.56, 0.56, 1.09, 0.21, 1.09, 0.21, 0.57, 0.5, 99, 99, 99]
--- num:  29
list:  [0.56, 0.56, 1, 1, 0.98, 0.98, 0.16199999999999998, 0.16199999999999998, 0.52, 0.52, 0.28, 0.44, 0.81, 0.81, 0.75, 0.28, 0.44, 0.67, 0.56, 0.47, 0.41000000000000003, 0.56, 0.56, 1.09, 0.21, 1.09, 0.21, 0.6, 0.5, 99, 99, 99]
--- num:  29
list:  [0.56, 0.56, 1, 1, 0.98, 0.98, 0.16199999999999998, 0.16199999999999998, 0.53, 0.53, 0.3, 0.42, 0.81, 0.81, 0.75, 0.28, 0.45999999999999996, 0.67, 0.56, 0.49, 0.43, 0.56, 0.56, 1.09, 0.21, 1.09, 0.21, 0.64, 0.5, 99, 99, 99]
--- num:  29
list:  [0.56, 0.56, 1, 1, 0.98, 0.98, 0.16199999999999998, 0.16199999999999998, 0.53, 0.53, 0.33, 0.4, 0.81, 0.81, 0.75, 0.28, 0.49, 0.68, 0.56, 0.52, 0.45999999999999996, 0.56, 0.56, 1.09, 0.21, 1.09, 0.21, 0.66, 0.5, 99, 99, 99]
--- num:  29
list:  [0.56, 0.56, 1, 1, 0.97, 0.97, 0.7712777662277222, 0.7666871356964111, 0.29, 0.29, 0.49, 0.24, 0.81, 0.81, 0.75, 0.29, 0.395, 0.68, 0.56, 0.42000000000000004, 0.37, 0.56, 0.56, 1.09, 0.21, 1.09, 0.21, 0.63, 0.5, 99, 99, 99]
--- num:  29
list:  [0.56, 0.56, 1, 1, 0.97, 0.97, 0.16199999999999998, 0.16199999999999998, 0.34, 0.34, 0.59, 0.13, 0.81, 0.81, 0.75, 0.28, 0.44, 0.67, 0.56, 0.45999999999999996, 0.42000000000000004, 0.56, 0.56, 1.09, 0.21, 1.09, 0.21, 0.65, 0.5, 99, 99, 99]
--- num:  29
list:  [0.57, 0.57, 1, 1, 0.97, 0.97, 0.16199999999999998, 0.16199999999999998, 0.37, 0.37, 0.63, 0.1, 0.81, 0.81, 0.75, 0.28, 0.44999999999999996, 0.67, 0.56, 0.47, 0.43, 0.56, 0.56, 1.09, 0.21, 1.09, 0.21, 0.64, 0.5, 99, 99, 99]
--- num:  29
list:  [0.56, 0.56, 1, 1, 0.97, 0.97, 0.16199999999999998, 0.16199999999999998, 0.39, 0.39, 0.65, 0.08, 0.81, 0.81, 0.75, 0.28, 0.475, 0.67, 0.56, 0.5, 0.45, 0.56, 0.56, 1.09, 0.21, 1.09, 0.21, 0.64, 0.5, 99, 99, 99]
--- num:  29
list:  [0.56, 0.56, 1, 1, 0.97, 0.97, 0.16199999999999998, 0.16199999999999998, 0.4, 0.4, 0.64, 0.08, 0.81, 0.81, 0.75, 0.27, 0.485, 0.67, 0.56, 0.51, 0.45999999999999996, 0.56, 0.56, 1.09, 0.21, 1.09, 0.21, 0.64, 0.5, 99, 99, 99]
--- num:  29
list:  [0.56, 0.56, 1, 1, 0.97, 0.97, 0.16199999999999998, 0.16199999999999998, 0.38, 0.38, 0.57, 0.15, 0.81, 0.81, 0.75, 0.27, 0.46499999999999997, 0.67, 0.56, 0.49, 0.44, 0.56, 0.56, 1.09, 0.21, 1.09, 0.21, 0.61, 0.5, 99, 99, 99]
--- num:  29
list:  [0.56, 0.56, 1, 1, 0.97, 0.97, 0.16199999999999998, 0.16199999999999998, 0.37, 0.37, 0.5, 0.22, 0.81, 0.81, 0.75, 0.27, 0.435, 0.67, 0.56, 0.45999999999999996, 0.41000000000000003, 0.56, 0.56, 1.09, 0.21, 1.09, 0.21, 0.58, 0.5, 99, 99, 99]
--- num:  29
list:  [0.57, 0.57, 1, 1, 0.97, 0.97, 0.36876903057098387, 0.36722869753837584, 0.28, 0.28, 0.48, 0.24, 0.81, 0.81, 0.5, 0.28, 0.38, 0.67, 0.56, 0.4, 0.36, 0.56, 0.56, 1.09, 0.21, 1.09, 0.21, 0.57, 0.5, 99, 99, 99]
--- num:  29
list:  [0.56, 0.56, 1, 1, 0.97, 0.97, 0.16199999999999998, 0.16199999999999998, 0.48, 0.48, 0.48, 0.24, 0.81, 0.81, 0.75, 0.28, 0.44, 0.67, 0.56, 0.45, 0.43, 0.56, 0.56, 1.09, 0.21, 1.09, 0.21, 0.56, 0.5, 99, 99, 99]
--- num:  29
list:  [0.56, 0.56, 1, 1, 0.98, 0.98, 0.16199999999999998, 0.16199999999999998, 0.48, 0.48, 0.47, 0.26, 0.81, 0.81, 0.75, 0.28, 0.47, 0.67, 0.56, 0.48, 0.45999999999999996, 0.56, 0.56, 1.09, 0.21, 1.09, 0.21, 0.58, 0.5, 99, 99, 99]
--- num:  29
list:  [0.56, 0.56, 1, 1, 0.98, 0.98, 0.16199999999999998, 0.16199999999999998, 0.48, 0.48, 0.42, 0.3, 0.81, 0.81, 0.75, 0.28, 0.495, 0.67, 0.56, 0.5, 0.49, 0.56, 0.56, 1.09, 0.21, 1.09, 0.21, 0.58, 0.5, 99, 99, 99]
--- num:  29
list:  [0.56, 0.56, 1, 1, 0.98, 0.98, 0.16199999999999998, 0.16199999999999998, 0.48, 0.48, 0.39, 0.33, 0.81, 0.81, 0.75, 0.28, 0.51, 0.67, 0.56, 0.51, 0.51, 0.56, 0.56, 1.09, 0.21, 1.09, 0.21, 0.6, 0.5, 99, 99, 99]
--- num:  29
list:  [0.56, 0.56, 1, 1, 0.98, 0.98, 0.16199999999999998, 0.16199999999999998, 0.49, 0.49, 0.36, 0.36, 0.81, 0.81, 0.75, 0.28, 0.535, 0.67, 0.56, 0.53, 0.54, 0.56, 0.56, 1.09, 0.21, 1.09, 0.21, 0.64, 0.5, 99, 99, 99]
--- num:  29
list:  [0.56, 0.56, 1, 1, 0.98, 0.98, 0.16199999999999998, 0.16199999999999998, 0.49, 0.49, 0.35, 0.37, 0.81, 0.81, 0.75, 0.28, 0.56, 0.67, 0.56, 0.55, 0.5700000000000001, 0.56, 0.56, 1.09, 0.21, 1.09, 0.21, 0.64, 0.5, 99, 99, 99]
--- num:  29
list:  [0.56, 0.56, 1, 1, 0.98, 0.98, 0.16199999999999998, 0.16199999999999998, 0.49, 0.49, 0.35, 0.37, 0.81, 0.81, 0.75, 0.27, 0.5750000000000001, 0.67, 0.56, 0.56, 0.5900000000000001, 0.56, 0.56, 1.09, 0.21, 1.09, 0.21, 0.64, 0.5, 99, 99, 99]
--- num:  29
list:  [0.56, 0.56, 1, 1, 0.98, 0.98, 0.16199999999999998, 0.16199999999999998, 0.49, 0.49, 0.34, 0.38, 0.81, 0.81, 0.75, 0.27, 0.5750000000000001, 0.67, 0.56, 0.56, 0.5900000000000001, 0.56, 0.56, 1.09, 0.21, 1.09, 0.21, 0.63, 0.5, 99, 99, 99]
--- num:  29
list:  [0.56, 0.56, 1, 1, 0.98, 0.98, 0.16199999999999998, 0.16199999999999998, 0.49, 0.49, 0.33, 0.39, 0.81, 0.81, 0.75, 0.27, 0.5700000000000001, 0.67, 0.56, 0.56, 0.5800000000000001, 0.56, 0.56, 1.09, 0.21, 1.09, 0.21, 0.61, 0.5, 99, 99, 99]
--- num:  29
list:  [0.56, 0.56, 1, 1, 0.98, 0.98, 0.16199999999999998, 0.16199999999999998, 0.49, 0.49, 0.33, 0.4, 0.81, 0.81, 0.75, 0.27, 0.55, 0.67, 0.56, 0.55, 0.55, 0.56, 0.56, 1.09, 0.21, 1.09, 0.21, 0.58, 0.5, 99, 99, 99]
--- num:  29
list:  [0.56, 0.56, 1, 1, 0.98, 0.98, 0.16199999999999998, 0.16199999999999998, 0.49, 0.49, 0.32, 0.4, 0.81, 0.81, 0.75, 0.27, 0.485, 0.67, 0.56, 0.48, 0.49, 0.56, 0.56, 1.09, 0.21, 1.09, 0.21, 0.58, 0.5, 99, 99, 99]
--- num:  29
list:  [0.56, 0.56, 1, 1, 0.98, 0.98, 0.16199999999999998, 0.16199999999999998, 0.49, 0.49, 0.31, 0.41, 0.81, 0.81, 0.75, 0.27, 0.475, 0.66, 0.56, 0.47, 0.48, 0.56, 0.56, 1.09, 0.21, 1.09, 0.21, 0.58, 0.5, 99, 99, 99]
--- num:  29
list:  [0.56, 0.56, 1, 1, 0.97, 0.97, 0.3332680869102478, 0.33091978311538695, 0.29, 0.29, 0.29, 0.43, 0.81, 0.81, 0.5, 0.27, 0.35, 0.66, 0.56, 0.33999999999999997, 0.36, 0.56, 0.56, 1.09, 0.21, 1.09, 0.21, 0.54, 0.5, 99, 99, 99]
--- num:  29
list:  [0.57, 0.57, 1, 1, 0.97, 0.97, 0.16199999999999998, 0.16199999999999998, 0.34, 0.34, 0.27, 0.45, 0.81, 0.81, 0.5, 0.26, 0.33499999999999996, 0.66, 0.56, 0.33, 0.33999999999999997, 0.56, 0.56, 1.09, 0.21, 1.09, 0.21, 0.55, 0.5, 99, 99, 99]
--- num:  29
list:  [0.57, 0.57, 1, 1, 0.97, 0.97, 0.16199999999999998, 0.16199999999999998, 0.37, 0.37, 0.26, 0.47, 0.81, 0.81, 0.5, 0.26, 0.33999999999999997, 0.66, 0.56, 0.33999999999999997, 0.33999999999999997, 0.56, 0.56, 1.09, 0.21, 1.09, 0.21, 0.56, 0.5, 99, 99, 99]
--- num:  29
list:  [0.57, 0.57, 1, 1, 0.97, 0.97, 0.16199999999999998, 0.16199999999999998, 0.38, 0.38, 0.24, 0.48, 0.81, 0.81, 0.5, 0.26, 0.35, 0.66, 0.56, 0.35, 0.35, 0.56, 0.56, 1.09, 0.21, 1.09, 0.21, 0.56, 0.5, 99, 99, 99]
--- num:  29
list:  [0.56, 0.56, 1, 1, 0.97, 0.97, 0.16199999999999998, 0.16199999999999998, 0.47, 0.47, 0.25, 0.47, 0.81, 0.81, 0.5, 0.26, 0.42500000000000004, 0.66, 0.56, 0.41000000000000003, 0.44, 0.56, 0.56, 1.09, 0.21, 1.09, 0.21, 0.59, 0.5, 99, 99, 99]
--- num:  29
list:  [0.56, 0.56, 1, 1, 0.97, 0.97, 0.16199999999999998, 0.16199999999999998, 0.47, 0.47, 0.25, 0.47, 0.81, 0.81, 0.5, 0.26, 0.44, 0.66, 0.56, 0.42000000000000004, 0.45999999999999996, 0.56, 0.56, 1.09, 0.21, 1.09, 0.21, 0.59, 0.5, 99, 99, 99]
--- num:  29
list:  [0.56, 0.56, 1, 1, 0.97, 0.97, 0.16199999999999998, 0.16199999999999998, 0.48, 0.48, 0.24, 0.48, 0.81, 0.81, 0.5, 0.26, 0.44999999999999996, 0.66, 0.56, 0.43, 0.47, 0.56, 0.56, 1.09, 0.21, 1.09, 0.21, 0.57, 0.5, 99, 99, 99]
--- num:  29
list:  [0.56, 0.56, 1, 1, 0.98, 0.98, 0.16199999999999998, 0.16199999999999998, 0.48, 0.48, 0.24, 0.48, 0.81, 0.81, 0.5, 0.26, 0.45999999999999996, 0.66, 0.56, 0.45, 0.47, 0.56, 0.56, 1.09, 0.21, 1.09, 0.21, 0.52, 0.5, 99, 99, 99]
--- num:  29
list:  [0.56, 0.56, 1, 1, 0.98, 0.98, 0.16199999999999998, 0.16199999999999998, 0.49, 0.49, 0.25, 0.48, 0.81, 0.81, 0.5, 0.26, 0.46499999999999997, 0.66, 0.56, 0.45, 0.48, 0.56, 0.56, 1.09, 0.21, 1.09, 0.21, 0.54, 0.5, 99, 99, 99]
--- num:  29
list:  [0.56, 0.56, 1, 1, 0.98, 0.98, 0.16199999999999998, 0.16199999999999998, 0.49, 0.49, 0.26, 0.46, 0.81, 0.81, 0.5, 0.26, 0.47, 0.66, 0.56, 0.45999999999999996, 0.48, 0.56, 0.56, 1.09, 0.21, 1.09, 0.21, 0.54, 0.5, 99, 99, 99]
--- num:  29
list:  [0.55, 0.55, 1, 1, 0.98, 0.98, 0.16199999999999998, 0.16199999999999998, 0.5, 0.5, 0.3, 0.42, 0.81, 0.81, 0.75, 0.26, 0.46499999999999997, 0.66, 0.56, 0.45999999999999996, 0.47, 0.56, 0.56, 1.09, 0.21, 1.09, 0.21, 0.5, 0.5, 99, 99, 99]
--- num:  29
list:  [0.13, 0.13, 0.07, 0.07, 1, 1, 0.16199999999999998, 0.16199999999999998, 0.51, 0.51, 0.31, 0.41, 0.81, 0.81, 0.75, 0.26, 0.475, 0.66, 0.56, 0.48, 0.47, 0.56, 0.56, 1.09, 0.21, 1.09, 0.21, 0.46, 0.5, 99, 99, 99]
--- num:  29
list:  [0.15, 0.15, 0.11, 0.11, 1, 1, 0.16199999999999998, 0.16199999999999998, 0.52, 0.52, 0.32, 0.41, 0.81, 0.81, 0.75, 0.27, 0.51, 0.66, 0.56, 0.52, 0.5, 0.56, 0.56, 1.09, 0.21, 1.09, 0.21, 0.44, 0.27, 99, 99, 99]
--- num:  29
list:  [0.15, 0.15, 0.11, 0.11, 1, 1, 0.16199999999999998, 0.16199999999999998, 0.53, 0.53, 0.32, 0.4, 0.81, 0.81, 0.75, 0.27, 0.5, 0.66, 0.56, 0.51, 0.49, 0.56, 0.56, 1.09, 0.21, 1.09, 0.21, 0.4, 0.2, 99, 99, 99]
--- num:  29
list:  [0.15, 0.15, 0.11, 0.11, 1, 1, 0.16199999999999998, 0.16199999999999998, 0.53, 0.53, 0.34, 0.38, 0.81, 0.81, 0.75, 0.27, 0.475, 0.67, 0.56, 0.49, 0.45999999999999996, 0.56, 0.56, 1.09, 0.21, 1.09, 0.21, 0.39, 0.15, 99, 99, 99]
--- num:  29
list:  [0.15, 0.15, 0.13, 0.13, 1, 1, 0.16199999999999998, 0.16199999999999998, 0.55, 0.55, 0.36, 0.36, 0.81, 0.81, 0.75, 0.28, 0.475, 0.67, 0.56, 0.49, 0.45999999999999996, 0.56, 0.56, 1.09, 0.21, 1.09, 0.21, 0.39, 0.13, 99, 99, 99]
--- num:  29
list:  [0.18, 0.18, 0.18, 0.18, 1, 1, 0.16199999999999998, 0.16199999999999998, 0.55, 0.55, 0.38, 0.35, 0.81, 0.81, 0.75, 0.28, 0.485, 0.67, 0.56, 0.5, 0.47, 0.56, 0.56, 1.09, 0.21, 1.09, 0.21, 0.39, 0.12, 99, 99, 99]
--- num:  29
list:  [0.19, 0.19, 0.2, 0.2, 1, 1, 0.16199999999999998, 0.16199999999999998, 0.55, 0.55, 0.39, 0.33, 0.81, 0.81, 0.75, 0.28, 0.485, 0.67, 0.56, 0.5, 0.47, 0.56, 0.56, 1.09, 0.21, 1.09, 0.21, 0.38, 0.11, 99, 99, 99]
--- num:  29
list:  [0.21, 0.21, 0.24, 0.24, 1, 1, 0.28816730856895445, 0.2872412312030792, 0.35, 0.35, 0.37, 0.35, 0.81, 0.81, 0.5, 0.28, 0.385, 0.67, 0.56, 0.4, 0.37, 0.56, 0.56, 1.09, 0.21, 1.09, 0.21, 0.33, 0.12, 99, 99, 99]
--- num:  29
list:  [0.56, 0.56, 1, 1, 0.98, 0.98, 0.16199999999999998, 0.16199999999999998, 0.43, 0.43, 0.36, 0.36, 0.81, 0.81, 0.75, 0.27, 0.4, 0.67, 0.56, 0.42000000000000004, 0.38, 0.56, 0.56, 1.09, 0.21, 1.09, 0.21, 0.33, 0.11, 99, 99, 99]
--- num:  29
list:  [0.21, 0.21, 0.27, 0.27, 1, 1, 0.16199999999999998, 0.16199999999999998, 0.46, 0.46, 0.37, 0.35, 0.81, 0.81, 0.75, 0.27, 0.41000000000000003, 0.67, 0.56, 0.43, 0.39, 0.56, 0.56, 1.09, 0.21, 1.09, 0.21, 0.34, 0.09, 99, 99, 99]
--- num:  29
list:  [0.21, 0.21, 0.25, 0.25, 1, 1, 0.16199999999999998, 0.16199999999999998, 0.48, 0.48, 0.38, 0.35, 0.81, 0.81, 0.75, 0.27, 0.41500000000000004, 0.67, 0.56, 0.44, 0.39, 0.56, 0.56, 1.09, 0.21, 1.09, 0.21, 0.32, 0.08, 99, 99, 99]
--- num:  29
list:  [0.19, 0.19, 0.21, 0.21, 1, 1, 0.16199999999999998, 0.16199999999999998, 0.47, 0.47, 0.39, 0.33, 0.81, 0.81, 0.75, 0.27, 0.395, 0.67, 0.56, 0.42000000000000004, 0.37, 0.56, 0.56, 1.09, 0.21, 1.09, 0.21, 0.31, 0.08, 99, 99, 99]
--- num:  29
list:  [0.18, 0.18, 0.19, 0.19, 1, 1, 0.3845177102088928, 0.38218374133110045, 0.32, 0.32, 0.41, 0.31, 0.81, 0.81, 0.75, 0.27, 0.36, 0.67, 0.56, 0.38, 0.33999999999999997, 0.56, 0.56, 1.09, 0.21, 1.09, 0.21, 0.3, 0.08, 99, 99, 99]
--- num:  29
list:  [0.56, 0.56, 1, 1, 0.98, 0.98, 0.19686711907386778, 0.19674084663391112, 0.36, 0.36, 0.44, 0.28, 0.81, 0.81, 0.75, 0.27, 0.33999999999999997, 0.67, 0.56, 0.36, 0.32, 0.56, 0.56, 1.09, 0.21, 1.09, 0.21, 0.29, 0.08, 99, 99, 99]
--- num:  29
list:  [0.56, 0.56, 1, 1, 0.98, 0.98, 0.16199999999999998, 0.16199999999999998, 0.4, 0.4, 0.47, 0.25, 0.81, 0.81, 0.75, 0.27, 0.33999999999999997, 0.67, 0.56, 0.36, 0.32, 0.56, 0.56, 1.09, 0.21, 1.09, 0.21, 0.3, 0.06, 99, 99, 99]
--- num:  29
list:  [0.18, 0.18, 0.19, 0.19, 1, 1, 0.16199999999999998, 0.16199999999999998, 0.4, 0.4, 0.49, 0.23, 0.81, 0.81, 0.5, 0.27, 0.33999999999999997, 0.67, 0.56, 0.36, 0.32, 0.56, 0.56, 1.09, 0.21, 1.09, 0.21, 0.34, 0.06, 99, 99, 99]
--- num:  29
list:  [0.19, 0.19, 0.21, 0.21, 1, 1, 0.16199999999999998, 0.16199999999999998, 0.4, 0.4, 0.51, 0.21, 0.81, 0.81, 0.5, 0.27, 0.35, 0.66, 0.56, 0.37, 0.33, 0.56, 0.56, 1.09, 0.21, 1.09, 0.21, 0.37, 0.06, 99, 99, 99]
--- num:  29
list:  [0.2, 0.2, 0.24, 0.24, 1, 1, 0.16199999999999998, 0.16199999999999998, 0.39, 0.39, 0.5, 0.22, 0.81, 0.81, 0.75, 0.27, 0.35, 0.66, 0.56, 0.37, 0.33, 0.56, 0.56, 1.09, 0.21, 1.09, 0.21, 0.37, 0.05, 99, 99, 99]
--- num:  29
list:  [0.56, 0.56, 1, 1, 0.98, 0.98, 0.16199999999999998, 0.16199999999999998, 0.37, 0.37, 0.45, 0.27, 0.81, 0.81, 0.75, 0.26, 0.35, 0.66, 0.56, 0.37, 0.33, 0.56, 0.56, 1.09, 0.21, 1.09, 0.21, 0.37, 0.05, 99, 99, 99]
--- num:  29
list:  [0.56, 0.56, 1, 1, 0.98, 0.98, 0.16199999999999998, 0.16199999999999998, 0.37, 0.37, 0.42, 0.3, 0.81, 0.81, 0.75, 0.26, 0.32999999999999996, 0.66, 0.56, 0.35, 0.31, 0.56, 0.56, 1.09, 0.21, 1.09, 0.21, 0.35, 0.05, 99, 99, 99]
--- num:  29
list:  [0.56, 0.56, 1, 1, 0.97, 0.97, 0.3693178105354309, 0.36901835680007933, 0.27, 0.27, 0.39, 0.34, 0.81, 0.81, 0.75, 0.26, 0.33499999999999996, 0.66, 0.56, 0.35, 0.32, 0.56, 0.56, 1.09, 0.21, 1.09, 0.21, 0.35, 0.05, 99, 99, 99]
--- num:  29
list:  [0.56, 0.56, 1, 1, 0.97, 0.97, 0.16199999999999998, 0.16199999999999998, 0.39, 0.39, 0.37, 0.35, 0.81, 0.81, 0.75, 0.26, 0.35, 0.66, 0.56, 0.36, 0.33999999999999997, 0.56, 0.56, 1.09, 0.21, 1.09, 0.21, 0.36, 0.09, 99, 99, 99]
--- num:  29
list:  [0.56, 0.56, 1, 1, 0.97, 0.97, 0.16199999999999998, 0.16199999999999998, 0.43, 0.43, 0.35, 0.38, 0.81, 0.81, 0.75, 0.26, 0.39, 0.66, 0.56, 0.41000000000000003, 0.37, 0.56, 0.56, 1.09, 0.21, 1.09, 0.21, 0.36, 0.09, 99, 99, 99]
--- num:  29
list:  [0.56, 0.56, 1, 1, 0.98, 0.98, 0.16199999999999998, 0.16199999999999998, 0.45, 0.45, 0.33, 0.39, 0.81, 0.81, 0.75, 0.26, 0.405, 0.66, 0.56, 0.42000000000000004, 0.39, 0.56, 0.56, 1.09, 0.21, 1.09, 0.21, 0.37, 0.09, 99, 99, 99]
--- num:  29
list:  [0.56, 0.56, 1, 1, 0.98, 0.98, 0.16199999999999998, 0.16199999999999998, 0.45, 0.45, 0.32, 0.4, 0.81, 0.81, 0.75, 0.26, 0.41000000000000003, 0.66, 0.56, 0.42000000000000004, 0.4, 0.56, 0.56, 1.09, 0.21, 1.09, 0.21, 0.39, 0.1, 99, 99, 99]
--- num:  29
list:  [0.56, 0.56, 1, 1, 0.98, 0.98, 0.16199999999999998, 0.16199999999999998, 0.43, 0.43, 0.3, 0.42, 0.81, 0.81, 0.75, 0.26, 0.4, 0.66, 0.56, 0.41000000000000003, 0.39, 0.56, 0.56, 1.09, 0.21, 1.09, 0.21, 0.4, 0.11, 99, 99, 99]
--- num:  29
list:  [0.56, 0.56, 1, 1, 0.98, 0.98, 0.16199999999999998, 0.16199999999999998, 0.42, 0.42, 0.28, 0.44, 0.81, 0.81, 0.75, 0.26, 0.4, 0.66, 0.56, 0.41000000000000003, 0.39, 0.56, 0.56, 1.09, 0.21, 1.09, 0.21, 0.4, 0.14, 99, 99, 99]
--- num:  29
list:  [0.56, 0.56, 1, 1, 0.97, 0.97, 0.38684711933135985, 0.38590640902519224, 0.29, 0.29, 0.3, 0.42, 0.81, 0.81, 0.75, 0.26, 0.38, 0.66, 0.56, 0.38, 0.38, 0.56, 0.56, 1.09, 0.21, 1.09, 0.21, 0.38, 0.18, 99, 99, 99]
--- num:  29
list:  [0.56, 0.56, 1, 1, 0.97, 0.97, 0.16199999999999998, 0.16199999999999998, 0.45, 0.45, 0.32, 0.4, 0.81, 0.81, 0.75, 0.26, 0.42000000000000004, 0.65, 0.56, 0.42000000000000004, 0.42000000000000004, 0.56, 0.56, 1.09, 0.21, 1.09, 0.21, 0.37, 0.21, 99, 99, 99]
--- num:  29
list:  [0.56, 0.56, 1, 1, 0.98, 0.98, 0.16199999999999998, 0.16199999999999998, 0.46, 0.46, 0.33, 0.39, 0.81, 0.81, 0.75, 0.26, 0.46499999999999997, 0.65, 0.56, 0.47, 0.45999999999999996, 0.56, 0.56, 1.09, 0.21, 1.09, 0.21, 0.39, 0.22, 99, 99, 99]
--- num:  29
list:  [0.55, 0.55, 1, 1, 0.98, 0.98, 0.16199999999999998, 0.16199999999999998, 0.47, 0.47, 0.34, 0.38, 0.81, 0.81, 0.75, 0.26, 0.45999999999999996, 0.66, 0.56, 0.47, 0.45, 0.56, 0.56, 1.09, 0.21, 1.09, 0.21, 0.38, 0.22, 99, 99, 99]
--- num:  29
list:  [0.18, 0.18, 0.18, 0.18, 1, 1, 0.16199999999999998, 0.16199999999999998, 0.48, 0.48, 0.36, 0.36, 0.81, 0.81, 0.75, 0.26, 0.475, 0.66, 0.56, 0.49, 0.45999999999999996, 0.56, 0.56, 1.09, 0.21, 1.09, 0.21, 0.37, 0.21, 99, 99, 99]
--- num:  29
list:  [0.18, 0.18, 0.2, 0.2, 1, 1, 0.16199999999999998, 0.16199999999999998, 0.49, 0.49, 0.4, 0.32, 0.81, 0.81, 0.75, 0.26, 0.475, 0.66, 0.56, 0.49, 0.45999999999999996, 0.56, 0.56, 1.09, 0.21, 1.09, 0.21, 0.37, 0.2, 99, 99, 99]
--- num:  29
list:  [0.18, 0.18, 0.18, 0.18, 1, 1, 0.16199999999999998, 0.16199999999999998, 0.49, 0.49, 0.43, 0.29, 0.81, 0.81, 0.75, 0.26, 0.48, 0.66, 0.56, 0.5, 0.45999999999999996, 0.56, 0.56, 1.09, 0.21, 1.09, 0.21, 0.37, 0.17, 99, 99, 99]
--- num:  29
list:  [0.17, 0.17, 0.17, 0.17, 1, 1, 0.16199999999999998, 0.16199999999999998, 0.49, 0.49, 0.47, 0.25, 0.81, 0.81, 0.75, 0.26, 0.485, 0.66, 0.56, 0.51, 0.45999999999999996, 0.56, 0.56, 1.09, 0.21, 1.09, 0.21, 0.38, 0.16, 99, 99, 99]
--- num:  29
list:  [0.17, 0.17, 0.16, 0.16, 1, 1, 0.16199999999999998, 0.16199999999999998, 0.49, 0.49, 0.48, 0.24, 0.81, 0.81, 0.75, 0.26, 0.485, 0.66, 0.56, 0.51, 0.45999999999999996, 0.56, 0.56, 1.09, 0.21, 1.09, 0.21, 0.38, 0.16, 99, 99, 99]
--- num:  29
list:  [0.56, 0.56, 1, 1, 0.98, 0.98, 0.8464058446884155, 0.8368450212478638, 0.3, 0.3, 0.32, 0.41, 0.81, 0.81, 0.75, 0.26, 0.45499999999999996, 0.66, 0.56, 0.45999999999999996, 0.45, 0.56, 0.56, 1.09, 0.21, 1.09, 0.21, 0.36, 0.24, 99, 99, 99]
--- num:  29
list:  [0.56, 0.56, 1, 1, 0.98, 0.98, 0.16199999999999998, 0.16199999999999998, 0.47, 0.47, 0.25, 0.48, 0.81, 0.81, 0.75, 0.26, 0.49, 0.66, 0.56, 0.48, 0.5, 0.56, 0.56, 1.09, 0.21, 1.09, 0.21, 0.44, 0.3, 99, 99, 99]
--- num:  29
list:  [0.56, 0.56, 1, 1, 0.98, 0.98, 0.16199999999999998, 0.16199999999999998, 0.49, 0.49, 0.2, 0.52, 0.81, 0.81, 0.75, 0.27, 0.555, 0.66, 0.56, 0.54, 0.5700000000000001, 0.56, 0.56, 1.09, 0.21, 1.09, 0.21, 0.45, 0.5, 99, 99, 99]
--- num:  29
list:  [0.56, 0.56, 1, 1, 0.98, 0.98, 0.16199999999999998, 0.16199999999999998, 0.48, 0.48, 0.14, 0.58, 0.81, 0.81, 0.75, 0.27, 0.5700000000000001, 0.67, 0.56, 0.54, 0.6, 0.56, 0.56, 1.09, 0.21, 1.09, 0.21, 0.47, 0.5, 99, 99, 99]
--- num:  29
list:  [0.56, 0.56, 1, 1, 0.98, 0.98, 0.16199999999999998, 0.16199999999999998, 0.48, 0.48, 0.1, 0.63, 0.81, 0.81, 0.75, 0.28, 0.5900000000000001, 0.67, 0.56, 0.56, 0.62, 0.56, 0.56, 1.09, 0.21, 1.09, 0.21, 0.48, 0.5, 99, 99, 99]
--- num:  29
list:  [0.57, 0.57, 1, 1, 0.96, 0.96, 0.9287578272819519, 0.9287158060073852, 0.32, 0.32, 0.24, 0.49, 0.81, 0.81, 0.75, 0.28, 0.485, 0.67, 0.56, 0.44, 0.53, 0.56, 0.56, 1.09, 0.21, 1.09, 0.21, 0.45, 0.5, 99, 99, 99]
--- num:  29
list:  [0.57, 0.57, 1, 1, 0.97, 0.97, 0.16199999999999998, 0.16199999999999998, 0.37, 0.37, 0.12, 0.6, 0.81, 0.81, 0.75, 0.27, 0.595, 0.67, 0.56, 0.5800000000000001, 0.61, 0.56, 0.56, 1.09, 0.21, 1.09, 0.21, 0.45, 0.5, 99, 99, 99]
--- num:  29
list:  [0.57, 0.57, 1, 1, 0.97, 0.97, 0.16199999999999998, 0.16199999999999998, 0.39, 0.39, 0.26, 0.47, 0.81, 0.81, 0.75, 0.27, 0.5750000000000001, 0.66, 0.56, 0.56, 0.5900000000000001, 0.56, 0.56, 1.09, 0.21, 1.09, 0.21, 0.46, 0.5, 99, 99, 99]
--- num:  29
list:  [0.58, 0.58, 1, 1, 0.96, 0.96, 0.9460497307777405, 0.9459361839294433, 0.32, 0.32, 0.33, 0.39, 0.81, 0.81, 0.75, 0.27, 0.495, 0.66, 0.56, 0.5, 0.49, 0.56, 0.56, 1.09, 0.21, 1.09, 0.21, 0.43, 0.42, 99, 99, 99]
--- num:  29
list:  [0.57, 0.57, 1, 1, 0.97, 0.97, 0.16199999999999998, 0.16199999999999998, 0.34, 0.34, 0.37, 0.35, 0.81, 0.81, 0.75, 0.27, 0.55, 0.66, 0.56, 0.54, 0.56, 0.56, 0.56, 1.09, 0.21, 1.09, 0.21, 0.43, 0.34, 99, 99, 99]
--- num:  29
list:  [0.57, 0.57, 1, 1, 0.97, 0.97, 0.16199999999999998, 0.16199999999999998, 0.37, 0.37, 0.44, 0.28, 0.81, 0.81, 0.75, 0.27, 0.525, 0.66, 0.56, 0.53, 0.52, 0.56, 0.56, 1.09, 0.21, 1.09, 0.21, 0.41, 0.28, 99, 99, 99]
--- num:  29
list:  [0.56, 0.56, 1, 1, 0.97, 0.97, 0.16199999999999998, 0.16199999999999998, 0.37, 0.37, 0.47, 0.25, 0.81, 0.81, 0.75, 0.27, 0.46499999999999997, 0.66, 0.56, 0.47, 0.45999999999999996, 0.56, 0.56, 1.09, 0.21, 1.09, 0.21, 0.39, 0.23, 99, 99, 99]
--- num:  29
list:  [0.57, 0.57, 1, 1, 0.97, 0.97, 0.8595663714408874, 0.8562357831001282, 0.23, 0.23, 0.45, 0.27, 0.81, 0.81, 0.75, 0.27, 0.41000000000000003, 0.66, 0.56, 0.42000000000000004, 0.4, 0.56, 0.56, 1.09, 0.21, 1.09, 0.21, 0.39, 0.24, 99, 99, 99]
--- num:  29
list:  [0.57, 0.57, 1, 1, 0.97, 0.97, 0.16199999999999998, 0.16199999999999998, 0.34, 0.34, 0.5, 0.22, 0.81, 0.81, 0.75, 0.27, 0.44, 0.66, 0.56, 0.44, 0.44, 0.56, 0.56, 1.09, 0.21, 1.09, 0.21, 0.41, 0.2, 99, 99, 99]
--- num:  29
list:  [0.56, 0.56, 1, 1, 0.97, 0.97, 0.16199999999999998, 0.16199999999999998, 0.35, 0.35, 0.51, 0.22, 0.81, 0.81, 0.75, 0.27, 0.45499999999999996, 0.66, 0.56, 0.45999999999999996, 0.45, 0.56, 0.56, 1.09, 0.21, 1.09, 0.21, 0.44, 0.19, 99, 99, 99]
--- num:  29
list:  [0.56, 0.56, 1, 1, 0.97, 0.97, 0.16199999999999998, 0.16199999999999998, 0.35, 0.35, 0.51, 0.21, 0.81, 0.81, 0.75, 0.27, 0.45499999999999996, 0.66, 0.56, 0.45999999999999996, 0.45, 0.56, 0.56, 1.09, 0.21, 1.09, 0.21, 0.45, 0.5, 99, 99, 99]
--- num:  29
list:  [0.56, 0.56, 1, 1, 0.97, 0.97, 0.16199999999999998, 0.16199999999999998, 0.37, 0.37, 0.49, 0.23, 0.81, 0.81, 0.75, 0.27, 0.45999999999999996, 0.67, 0.56, 0.47, 0.45, 0.56, 0.56, 1.09, 0.21, 1.09, 0.21, 0.47, 0.5, 99, 99, 99]
--- num:  29
list:  [0.56, 0.56, 1, 1, 0.97, 0.97, 0.16199999999999998, 0.16199999999999998, 0.4, 0.4, 0.47, 0.25, 0.81, 0.81, 0.75, 0.27, 0.51, 0.67, 0.56, 0.52, 0.5, 0.56, 0.56, 1.09, 0.21, 1.09, 0.21, 0.49, 0.5, 99, 99, 99]
--- num:  29
list:  [0.56, 0.56, 1, 1, 0.98, 0.98, 0.16199999999999998, 0.16199999999999998, 0.43, 0.43, 0.46, 0.26, 0.81, 0.81, 0.75, 0.27, 0.495, 0.67, 0.56, 0.51, 0.48, 0.56, 0.56, 1.09, 0.21, 1.09, 0.21, 0.47, 0.5, 99, 99, 99]
--- num:  29
list:  [0.56, 0.56, 1, 1, 0.98, 0.98, 0.16199999999999998, 0.16199999999999998, 0.46, 0.46, 0.45, 0.27, 0.81, 0.81, 0.75, 0.28, 0.525, 0.67, 0.56, 0.54, 0.51, 0.56, 0.56, 1.09, 0.21, 1.09, 0.21, 0.5, 0.5, 99, 99, 99]
--- num:  29
list:  [0.55, 0.55, 1, 1, 0.98, 0.98, 0.16199999999999998, 0.16199999999999998, 0.49, 0.49, 0.41, 0.31, 0.81, 0.81, 0.75, 0.28, 0.535, 0.67, 0.56, 0.55, 0.52, 0.56, 0.56, 1.09, 0.21, 1.09, 0.21, 0.51, 0.5, 99, 99, 99]
--- num:  29
list:  [0.26, 0.26, 0.37, 0.37, 1, 1, 0.16199999999999998, 0.16199999999999998, 0.52, 0.52, 0.35, 0.37, 0.81, 0.81, 0.75, 0.28, 0.5800000000000001, 0.67, 0.56, 0.5900000000000001, 0.5700000000000001, 0.56, 0.56, 1.09, 0.21, 1.09, 0.21, 0.52, 0.5, 99, 99, 99]
--- num:  29
list:  [0.23, 0.23, 0.31, 0.31, 1, 1, 0.16199999999999998, 0.16199999999999998, 0.53, 0.53, 0.34, 0.38, 0.81, 0.81, 0.75, 0.29, 0.5800000000000001, 0.68, 0.56, 0.5800000000000001, 0.5800000000000001, 0.56, 0.56, 1.09, 0.21, 1.09, 0.21, 0.56, 0.5, 99, 99, 99]
--- num:  29
list:  [0.23, 0.23, 0.31, 0.31, 1, 1, 0.16199999999999998, 0.16199999999999998, 0.54, 0.54, 0.33, 0.39, 0.81, 0.81, 0.75, 0.29, 0.5850000000000001, 0.68, 0.56, 0.5800000000000001, 0.5900000000000001, 0.56, 0.56, 1.09, 0.21, 1.09, 0.21, 0.54, 0.5, 99, 99, 99]
--- num:  29
list:  [0.26, 0.26, 0.38, 0.38, 1, 1, 0.16199999999999998, 0.16199999999999998, 0.53, 0.53, 0.32, 0.4, 0.81, 0.81, 0.75, 0.28, 0.7, 0.67, 0.56, 0.72, 0.6799999999999999, 0.56, 0.56, 1.09, 0.21, 1.09, 0.21, 0.55, 0.5, 99, 99, 99]
--- num:  29
list:  [0.29, 0.29, 0.45, 0.45, 1, 1, 0.16199999999999998, 0.16199999999999998, 0.52, 0.52, 0.34, 0.38, 0.81, 0.81, 0.75, 0.27, 0.76, 0.67, 0.56, 0.78, 0.74, 0.56, 0.56, 1.09, 0.21, 1.09, 0.21, 0.57, 0.5, 99, 99, 99]
--- num:  29
list:  [0.29, 0.29, 0.44, 0.44, 1, 1, 0.16199999999999998, 0.16199999999999998, 0.51, 0.51, 0.35, 0.37, 0.81, 0.81, 0.75, 0.27, 0.76, 0.67, 0.56, 0.78, 0.74, 0.56, 0.56, 1.09, 0.21, 1.09, 0.21, 0.58, 0.5, 99, 99, 99]
--- num:  29
list:  [0.3, 0.3, 0.45, 0.45, 1, 1, 0.16199999999999998, 0.16199999999999998, 0.5, 0.5, 0.38, 0.34, 0.81, 0.81, 0.75, 0.27, 0.76, 0.66, 0.56, 0.78, 0.74, 0.56, 0.56, 1.09, 0.21, 1.09, 0.21, 0.59, 0.5, 99, 99, 99]
--- num:  29
list:  [0.32, 0.32, 0.5, 0.5, 1, 1, 0.16199999999999998, 0.16199999999999998, 0.48, 0.48, 0.4, 0.32, 0.81, 0.81, 0.75, 0.27, 0.75, 0.67, 0.56, 0.77, 0.73, 0.56, 0.56, 1.09, 0.21, 1.09, 0.21, 0.6, 0.5, 99, 99, 99]
--- num:  29
list:  [0.56, 0.56, 1, 1, 0.98, 0.98, 0.16199999999999998, 0.16199999999999998, 0.48, 0.48, 0.41, 0.31, 0.81, 0.81, 0.75, 0.27, 0.735, 0.67, 0.56, 0.75, 0.72, 0.56, 0.56, 1.09, 0.21, 1.09, 0.21, 0.59, 0.5, 99, 99, 99]
--- num:  29
list:  [0.56, 0.56, 1, 1, 0.98, 0.98, 0.16199999999999998, 0.16199999999999998, 0.46, 0.46, 0.42, 0.3, 0.81, 0.81, 0.75, 0.27, 0.74, 0.67, 0.56, 0.75, 0.73, 0.56, 0.56, 1.09, 0.21, 1.09, 0.21, 0.59, 0.5, 99, 99, 99]
--- num:  29
list:  [0.56, 0.56, 1, 1, 0.98, 0.98, 0.16199999999999998, 0.16199999999999998, 0.45, 0.45, 0.43, 0.29, 0.81, 0.81, 0.75, 0.27, 0.735, 0.67, 0.56, 0.74, 0.73, 0.56, 0.56, 1.09, 0.21, 1.09, 0.21, 0.58, 0.5, 99, 99, 99]
--- num:  29
list:  [0.56, 0.56, 1, 1, 0.97, 0.97, 0.36529926538467405, 0.3627947378158569, 0.3, 0.3, 0.47, 0.26, 0.81, 0.81, 0.75, 0.27, 0.6799999999999999, 0.67, 0.56, 0.6799999999999999, 0.6799999999999999, 0.56, 0.56, 1.09, 0.21, 1.09, 0.21, 0.54, 0.5, 99, 99, 99]
--- num:  29
list:  [0.56, 0.56, 1, 1, 0.98, 0.98, 0.16199999999999998, 0.16199999999999998, 0.47, 0.47, 0.48, 0.24, 0.81, 0.81, 0.75, 0.27, 0.71, 0.67, 0.56, 0.71, 0.71, 0.56, 0.56, 1.09, 0.21, 1.09, 0.21, 0.53, 0.5, 99, 99, 99]
--- num:  29
list:  [0.56, 0.56, 1, 1, 0.98, 0.98, 0.16199999999999998, 0.16199999999999998, 0.48, 0.48, 0.46, 0.26, 0.81, 0.81, 0.75, 0.28, 0.74, 0.67, 0.56, 0.74, 0.74, 0.56, 0.56, 1.09, 0.21, 1.09, 0.21, 0.53, 0.5, 99, 99, 99]
--- num:  29
list:  [0.56, 0.56, 1, 1, 0.98, 0.98, 0.16199999999999998, 0.16199999999999998, 0.5, 0.5, 0.44, 0.28, 0.81, 0.81, 0.75, 0.28, 0.77, 0.67, 0.56, 0.77, 0.77, 0.56, 0.56, 1.09, 0.21, 1.09, 0.21, 0.53, 0.5, 99, 99, 99]
--- num:  29
list:  [0.36, 0.36, 0.59, 0.59, 1, 1, 0.16199999999999998, 0.16199999999999998, 0.51, 0.51, 0.44, 0.29, 0.81, 0.81, 0.75, 0.28, 0.79, 0.67, 0.56, 0.79, 0.79, 0.56, 0.56, 1.09, 0.21, 1.09, 0.21, 0.55, 0.5, 99, 99, 99]
--- num:  29
list:  [0.55, 0.55, 1, 1, 0.98, 0.98, 0.16199999999999998, 0.16199999999999998, 0.48, 0.48, 0.38, 0.34, 0.81, 0.81, 0.75, 0.28, 0.8, 0.67, 0.56, 0.8, 0.8, 0.56, 0.56, 1.09, 0.21, 1.09, 0.21, 0.56, 0.5, 99, 99, 99]
--- num:  29
list:  [0.56, 0.56, 1, 1, 0.98, 0.98, 0.16199999999999998, 0.16199999999999998, 0.44, 0.44, 0.34, 0.38, 0.81, 0.81, 0.75, 0.28, 0.785, 0.67, 0.56, 0.78, 0.79, 0.56, 0.56, 1.09, 0.21, 1.09, 0.21, 0.56, 0.5, 99, 99, 99]
--- num:  29
list:  [0.56, 0.56, 1, 1, 0.98, 0.98, 0.16199999999999998, 0.16199999999999998, 0.43, 0.43, 0.34, 0.38, 0.81, 0.81, 0.75, 0.27, 0.78, 0.67, 0.56, 0.78, 0.78, 0.56, 0.56, 1.09, 0.21, 1.09, 0.21, 0.6, 0.5, 99, 99, 99]
--- num:  29
list:  [0.58, 0.58, 1, 1, 0.96, 0.96, 0.66350750207901, 0.5113200950622558, 0.25, 0.25, 0.32, 0.41, 0.81, 0.81, 0.75, 0.27, 0.665, 0.66, 0.56, 0.65, 0.6799999999999999, 0.56, 0.56, 1.09, 0.21, 1.09, 0.21, 0.64, 0.5, 99, 99, 99]
--- num:  29
list:  [0.58, 0.58, 1, 1, 0.96, 0.96, 0.16199999999999998, 0.16199999999999998, 0.37, 0.37, 0.31, 0.41, 0.81, 0.81, 0.75, 0.26, 0.655, 0.66, 0.56, 0.64, 0.6699999999999999, 0.56, 0.56, 1.09, 0.21, 1.09, 0.21, 0.65, 0.5, 99, 99, 99]
--- num:  29
list:  [0.58, 0.58, 1, 1, 0.96, 0.96, 0.16199999999999998, 0.16199999999999998, 0.38, 0.38, 0.31, 0.41, 0.81, 0.81, 0.75, 0.26, 0.6399999999999999, 0.66, 0.56, 0.62, 0.6599999999999999, 0.56, 0.56, 1.09, 0.21, 1.09, 0.21, 0.65, 0.5, 99, 99, 99]
--- num:  29
list:  [0.58, 0.58, 1, 1, 0.96, 0.96, 0.16199999999999998, 0.16199999999999998, 0.37, 0.37, 0.3, 0.42, 0.81, 0.81, 0.75, 0.26, 0.625, 0.65, 0.56, 0.6, 0.65, 0.56, 0.56, 1.09, 0.21, 1.09, 0.21, 0.69, 0.5, 99, 99, 99]
--- num:  29
list:  [0.58, 0.58, 1, 1, 0.96, 0.96, 0.16199999999999998, 0.16199999999999998, 0.37, 0.37, 0.3, 0.42, 0.81, 0.81, 0.75, 0.25, 0.62, 0.65, 0.56, 0.6, 0.64, 0.56, 0.56, 1.09, 0.21, 1.09, 0.21, 0.69, 0.5, 99, 99, 99]
--- num:  29
list:  [0.58, 0.58, 1, 1, 0.96, 0.96, 0.16199999999999998, 0.16199999999999998, 0.38, 0.38, 0.32, 0.4, 0.81, 0.81, 0.75, 0.25, 0.62, 0.65, 0.56, 0.61, 0.63, 0.56, 0.56, 1.09, 0.21, 1.09, 0.21, 0.68, 0.5, 99, 99, 99]
--- num:  29
list:  [0.57, 0.57, 1, 1, 0.96, 0.96, 0.16199999999999998, 0.16199999999999998, 0.42, 0.42, 0.35, 0.37, 0.81, 0.81, 0.75, 0.25, 0.615, 0.65, 0.56, 0.61, 0.62, 0.56, 0.56, 1.09, 0.21, 1.09, 0.21, 0.66, 0.5, 99, 99, 99]
--- num:  29
list:  [0.57, 0.57, 1, 1, 0.97, 0.97, 0.16199999999999998, 0.16199999999999998, 0.43, 0.43, 0.39, 0.33, 0.81, 0.81, 0.75, 0.25, 0.635, 0.65, 0.56, 0.64, 0.63, 0.56, 0.56, 1.09, 0.21, 1.09, 0.21, 0.64, 0.5, 99, 99, 99]
--- num:  29
list:  [0.56, 0.56, 1, 1, 0.98, 0.98, 0.16199999999999998, 0.16199999999999998, 0.44, 0.44, 0.42, 0.3, 0.81, 0.81, 0.75, 0.25, 0.6499999999999999, 0.65, 0.56, 0.6699999999999999, 0.63, 0.56, 0.56, 1.09, 0.21, 1.09, 0.21, 0.61, 0.5, 99, 99, 99]
--- num:  29
list:  [0.56, 0.56, 1, 1, 0.98, 0.98, 0.16199999999999998, 0.16199999999999998, 0.46, 0.46, 0.43, 0.29, 0.81, 0.81, 0.75, 0.25, 0.665, 0.65, 0.56, 0.6799999999999999, 0.65, 0.56, 0.56, 1.09, 0.21, 1.09, 0.21, 0.6, 0.5, 99, 99, 99]
--- num:  29
list:  [0.56, 0.56, 1, 1, 0.98, 0.98, 0.16199999999999998, 0.16199999999999998, 0.46, 0.46, 0.44, 0.28, 0.81, 0.81, 0.75, 0.26, 0.665, 0.65, 0.56, 0.6799999999999999, 0.65, 0.56, 0.56, 1.09, 0.21, 1.09, 0.21, 0.59, 0.5, 99, 99, 99]
--- num:  29
list:  [0.56, 0.56, 1, 1, 0.97, 0.97, 0.3667810070514679, 0.36388332724571226, 0.29, 0.29, 0.45, 0.27, 0.81, 0.81, 0.75, 0.26, 0.5700000000000001, 0.66, 0.56, 0.5900000000000001, 0.55, 0.56, 0.56, 1.09, 0.21, 1.09, 0.21, 0.57, 0.5, 99, 99, 99]
--- num:  29
list:  [0.56, 0.56, 1, 1, 0.97, 0.97, 0.16199999999999998, 0.16199999999999998, 0.46, 0.46, 0.45, 0.27, 0.81, 0.81, 0.75, 0.26, 0.64, 0.66, 0.56, 0.65, 0.63, 0.56, 0.56, 1.09, 0.21, 1.09, 0.21, 0.58, 0.5, 99, 99, 99]
--- num:  29
list:  [0.56, 0.56, 1, 1, 0.98, 0.98, 0.16199999999999998, 0.16199999999999998, 0.47, 0.47, 0.45, 0.27, 0.81, 0.81, 0.75, 0.26, 0.645, 0.66, 0.56, 0.6599999999999999, 0.63, 0.56, 0.56, 1.09, 0.21, 1.09, 0.21, 0.58, 0.5, 99, 99, 99]
--- num:  29
list:  [0.56, 0.56, 1, 1, 0.98, 0.98, 0.16199999999999998, 0.16199999999999998, 0.47, 0.47, 0.45, 0.27, 0.81, 0.81, 0.75, 0.27, 0.69, 0.66, 0.56, 0.7, 0.6799999999999999, 0.56, 0.56, 1.09, 0.21, 1.09, 0.21, 0.57, 0.5, 99, 99, 99]
--- num:  29
list:  [0.56, 0.56, 1, 1, 0.98, 0.98, 0.16199999999999998, 0.16199999999999998, 0.4, 0.4, 0.44, 0.28, 0.81, 0.81, 0.75, 0.27, 0.69, 0.66, 0.56, 0.7, 0.6799999999999999, 0.56, 0.56, 1.09, 0.21, 1.09, 0.21, 0.56, 0.5, 99, 99, 99]
--- num:  29
list:  [0.56, 0.56, 1, 1, 0.97, 0.97, 0.19270449459552763, 0.19156470477581022, 0.35, 0.35, 0.42, 0.31, 0.81, 0.81, 0.75, 0.27, 0.6599999999999999, 0.67, 0.56, 0.6699999999999999, 0.65, 0.56, 0.56, 1.09, 0.21, 1.09, 0.21, 0.53, 0.5, 99, 99, 99]
--- num:  29
list:  [0.56, 0.56, 1, 1, 0.97, 0.97, 0.16199999999999998, 0.16199999999999998, 0.44, 0.44, 0.42, 0.3, 0.81, 0.81, 0.75, 0.27, 0.6749999999999999, 0.67, 0.56, 0.69, 0.6599999999999999, 0.56, 0.56, 1.09, 0.21, 1.09, 0.21, 0.53, 0.5, 99, 99, 99]
--- num:  29
list:  [0.56, 0.56, 1, 1, 0.97, 0.97, 0.16199999999999998, 0.16199999999999998, 0.46, 0.46, 0.44, 0.28, 0.81, 0.81, 0.75, 0.27, 0.7, 0.67, 0.56, 0.71, 0.69, 0.56, 0.56, 1.09, 0.21, 1.09, 0.21, 0.52, 0.5, 99, 99, 99]
--- num:  29
list:  [0.56, 0.56, 1, 1, 0.98, 0.98, 0.16199999999999998, 0.16199999999999998, 0.47, 0.47, 0.43, 0.29, 0.81, 0.81, 0.75, 0.27, 0.71, 0.67, 0.56, 0.72, 0.7, 0.56, 0.56, 1.09, 0.21, 1.09, 0.21, 0.51, 0.5, 99, 99, 99]
--- num:  29
list:  [0.56, 0.56, 1, 1, 0.98, 0.98, 0.16199999999999998, 0.16199999999999998, 0.49, 0.49, 0.41, 0.31, 0.81, 0.81, 0.75, 0.27, 0.76, 0.67, 0.56, 0.77, 0.75, 0.56, 0.56, 1.09, 0.21, 1.09, 0.21, 0.51, 0.5, 99, 99, 99]
--- num:  29
list:  [0.56, 0.56, 1, 1, 0.98, 0.98, 0.16199999999999998, 0.16199999999999998, 0.51, 0.51, 0.37, 0.35, 0.81, 0.81, 0.75, 0.28, 0.785, 0.67, 0.56, 0.79, 0.78, 0.56, 0.56, 1.09, 0.21, 1.09, 0.21, 0.51, 0.5, 99, 99, 99]
--- num:  29
list:  [0.56, 0.56, 1, 1, 0.98, 0.98, 0.16199999999999998, 0.16199999999999998, 0.56, 0.56, 0.34, 0.38, 0.81, 0.81, 0.75, 0.28, 0.81, 0.67, 0.56, 0.82, 0.8, 0.56, 0.56, 1.09, 0.21, 1.09, 0.21, 0.54, 0.5, 99, 99, 99]
--- num:  29
list:  [0.56, 0.56, 1, 1, 0.98, 0.98, 0.16199999999999998, 0.16199999999999998, 0.54, 0.54, 0.33, 0.39, 0.81, 0.81, 0.75, 0.28, 0.785, 0.67, 0.56, 0.79, 0.78, 0.56, 0.56, 1.09, 0.21, 1.09, 0.21, 0.54, 0.5, 99, 99, 99]
--- num:  29
list:  [0.34, 0.34, 0.55, 0.55, 1, 1, 0.16199999999999998, 0.16199999999999998, 0.53, 0.53, 0.32, 0.4, 0.81, 0.81, 0.75, 0.28, 0.75, 0.67, 0.56, 0.75, 0.75, 0.56, 0.56, 1.09, 0.21, 1.09, 0.21, 0.25, 0.3, 99, 99, 99]
--- num:  29
list:  [0.35, 0.35, 0.57, 0.57, 1, 1, 0.16199999999999998, 0.16199999999999998, 0.53, 0.53, 0.32, 0.4, 0.735, 0.6449999999999999, 1, 0.28, 0.83, 0.67, 0.53, 0.82, 0.84, 0.53, 0.53, 1.04, 0.23, 0.98, 0.26, 0.15, 0.26, 99, 99, 99]
--- num:  29
list:  [0.35, 0.35, 0.58, 0.58, 1, 1, 0.16199999999999998, 0.16199999999999998, 0.51, 0.51, 0.31, 0.41, 0.6149999999999999, 0.5249999999999999, 1, 0.29, 0.88, 0.68, 0.47, 0.87, 0.89, 0.47, 0.47, 0.96, 0.27, 0.9, 0.3, 0.1, 0.28, 99, 99, 99]
--- num:  29
list:  [0.37, 0.37, 0.63, 0.63, 1, 1, 0.16199999999999998, 0.16199999999999998, 0.49, 0.49, 0.31, 0.41, 0.4799999999999999, 0.36, 1, 0.29, 0.925, 0.68, 0.4, 0.92, 0.93, 0.4, 0.4, 0.87, 0.31, 0.79, 0.34, 0.07, 0.41, 99, 99, 99]
--- num:  29
list:  [0.56, 0.56, 1, 1, 0.98, 0.98, 0.44245691180229185, 0.42222542643547056, 0.3, 0.3, 0.33, 0.39, 0.40499999999999986, 0.31499999999999995, 1, 0.28, 0.945, 0.67, 0.36, 0.94, 0.95, 0.36, 0.36, 0.82, 0.33, 0.76, 0.36, 0.06, 0.43, 99, 99, 99]
--- num:  29
list:  [0.56, 0.56, 1, 1, 0.98, 0.98, 0.16199999999999998, 0.16199999999999998, 0.43, 0.43, 0.33, 0.39, 0.29999999999999993, 0.14999999999999997, 1, 0.26, 0.97, 0.65, 0.3, 0.97, 0.97, 0.3, 0.3, 0.75, 0.36, 0.65, 0.4, 0.04, 0.52, 99, 99, 99]
--- num:  29
list:  [0.56, 0.56, 1, 1, 0.98, 0.98, 0.16199999999999998, 0.16199999999999998, 0.42, 0.42, 0.33, 0.39, 0.2549999999999999, 0.10499999999999993, 1, 0.24, 0.98, 0.64, 0.28, 0.98, 0.98, 0.28, 0.28, 0.72, 0.37, 0.62, 0.42, 0.03, 0.59, 99, 99, 99]
--- num:  29
list:  [0.44, 0.44, 0.79, 0.79, 1, 1, 0.16199999999999998, 0.16199999999999998, 0.42, 0.42, 0.33, 0.39, 0.22499999999999987, 0.08999999999999991, 1, 0.23, 0.98, 0.64, 0.27, 0.98, 0.98, 0.27, 0.27, 0.7, 0.38, 0.61, 0.42, 0.03, 0.61, 99, 99, 99]
--- num:  29
list:  [0.57, 0.57, 1, 1, 0.97, 0.97, 0.6078429627418518, 0.4665313172340393, 0.27, 0.27, 0.34, 0.38, 0.20999999999999985, 0.05999999999999989, 1, 0.25, 0.975, 0.65, 0.31, 0.97, 0.98, 0.31, 0.31, 0.69, 0.39, 0.59, 0.43, 0.03, 0.62, 99, 99, 99]
--- num:  29
list:  [0.57, 0.57, 1, 1, 0.97, 0.97, 0.16199999999999998, 0.16199999999999998, 0.37, 0.37, 0.33, 0.39, 0.20999999999999985, 0.0749999999999999, 1, 0.25, 0.975, 0.65, 0.3, 0.97, 0.98, 0.3, 0.3, 0.69, 0.39, 0.6, 0.43, 0.03, 0.62, 99, 99, 99]
--- num:  29
list:  [0.56, 0.56, 1, 1, 0.98, 0.98, 0.16199999999999998, 0.16199999999999998, 0.4, 0.4, 0.32, 0.4, 0.195, 0.0749999999999999, 1, 0.25, 0.975, 0.65, 0.29, 0.97, 0.98, 0.29, 0.29, 0.68, 0.39, 0.6, 0.43, 0.04, 0.62, 99, 99, 99]
--- num:  29
list:  [0.57, 0.57, 1, 1, 0.97, 0.97, 0.9096508431434631, 0.9072691011428833, 0.32, 0.32, 0.32, 0.4, 0.20999999999999985, 0.14999999999999997, 1, 0.26, 0.945, 0.65, 0.33, 0.94, 0.95, 0.33, 0.33, 0.69, 0.39, 0.65, 0.4, 0.04, 0.58, 99, 99, 99]
--- num:  29
list:  [0.56, 0.56, 1, 1, 0.98, 0.98, 0.16199999999999998, 0.16199999999999998, 0.38, 0.38, 0.36, 0.36, 0.2549999999999999, 0.16499999999999998, 1, 0.26, 0.945, 0.65, 0.33, 0.94, 0.95, 0.33, 0.33, 0.72, 0.37, 0.66, 0.4, 0.04, 0.53, 99, 99, 99]
--- num:  29
list:  [0.37, 0.37, 0.62, 0.62, 1, 1, 0.16199999999999998, 0.16199999999999998, 0.43, 0.43, 0.37, 0.35, 0.2699999999999999, 0.18, 1, 0.25, 0.955, 0.65, 0.32, 0.95, 0.96, 0.32, 0.32, 0.73, 0.37, 0.67, 0.4, 0.04, 0.5, 99, 99, 99]
--- num:  29
list:  [0.37, 0.37, 0.62, 0.62, 1, 1, 0.16199999999999998, 0.16199999999999998, 0.45, 0.45, 0.39, 0.33, 0.2699999999999999, 0.18, 1, 0.25, 0.955, 0.65, 0.32, 0.95, 0.96, 0.32, 0.32, 0.73, 0.37, 0.67, 0.4, 0.04, 0.47, 99, 99, 99]
--- num:  29
list:  [0.37, 0.37, 0.62, 0.62, 1, 1, 0.16199999999999998, 0.16199999999999998, 0.46, 0.46, 0.4, 0.32, 0.2699999999999999, 0.18, 1, 0.24, 0.96, 0.65, 0.31, 0.96, 0.96, 0.31, 0.31, 0.73, 0.37, 0.67, 0.4, 0.03, 0.45, 99, 99, 99]
--- num:  29
list:  [0.37, 0.37, 0.63, 0.63, 1, 1, 0.16199999999999998, 0.16199999999999998, 0.46, 0.46, 0.41, 0.31, 0.23999999999999988, 0.16499999999999998, 1, 0.24, 0.96, 0.65, 0.31, 0.96, 0.96, 0.31, 0.31, 0.71, 0.38, 0.66, 0.4, 0.03, 0.43, 99, 99, 99]
--- num:  29
list:  [0.39, 0.39, 0.67, 0.67, 1, 1, 0.16199999999999998, 0.16199999999999998, 0.45, 0.45, 0.43, 0.29, 0.22499999999999987, 0.14999999999999997, 1, 0.24, 0.965, 0.65, 0.31, 0.96, 0.97, 0.31, 0.31, 0.7, 0.39, 0.65, 0.4, 0.03, 0.41, 99, 99, 99]
--- num:  29
list:  [0.4, 0.4, 0.69, 0.69, 1, 1, 0.16199999999999998, 0.16199999999999998, 0.45, 0.45, 0.45, 0.27, 0.20999999999999985, 0.14999999999999997, 1, 0.25, 0.965, 0.65, 0.31, 0.96, 0.97, 0.31, 0.31, 0.69, 0.39, 0.65, 0.41, 0.03, 0.4, 99, 99, 99]
--- num:  29
list:  [0.41, 0.41, 0.73, 0.73, 1, 1, 0.7087882566452026, 0.6843658494949341, 0.24, 0.24, 0.45, 0.28, 0.23999999999999988, 0.2549999999999999, 1, 0.25, 0.955, 0.65, 0.32, 0.95, 0.96, 0.32, 0.32, 0.71, 0.38, 0.72, 0.38, 0.03, 0.41, 99, 99, 99]
--- num:  29
list:  [0.56, 0.56, 1, 1, 0.98, 0.98, 0.16199999999999998, 0.16199999999999998, 0.36, 0.36, 0.47, 0.25, 0.69, 0.69, 0.75, 0.26, 0.935, 0.65, 0.33, 0.93, 0.94, 0.33, 0.33, 1.01, 0.24, 1.01, 0.25, 0.04, 0.42, 99, 99, 99]
--- num:  29
list:  [0.28, 0.28, 0.41, 0.41, 1, 1, 0.16199999999999998, 0.16199999999999998, 0.39, 0.39, 0.46, 0.26, 0.81, 0.81, 0.75, 0.26, 0.555, 0.66, 0.56, 0.56, 0.55, 0.56, 0.56, 1.09, 0.21, 1.09, 0.21, 0.13, 0.3, 99, 99, 99]
--- num:  29
list:  [0.23, 0.23, 0.31, 0.31, 1, 1, 0.16199999999999998, 0.16199999999999998, 0.46, 0.46, 0.45, 0.27, 0.81, 0.81, 0.75, 0.26, 0.5, 0.66, 0.56, 0.5, 0.5, 0.56, 0.56, 1.09, 0.21, 1.09, 0.21, 0.25, 0.21, 99, 99, 99]
--- num:  29
list:  [0.29, 0.29, 0.43, 0.43, 1, 1, 0.16199999999999998, 0.16199999999999998, 0.44, 0.44, 0.4, 0.32, 0.81, 0.81, 0.75, 0.26, 0.505, 0.66, 0.56, 0.5, 0.51, 0.56, 0.56, 1.09, 0.21, 1.09, 0.21, 0.36, 0.19, 99, 99, 99]
--- num:  29
list:  [0.56, 0.56, 1, 1, 0.98, 0.98, 0.16199999999999998, 0.16199999999999998, 0.43, 0.43, 0.37, 0.35, 0.81, 0.81, 0.75, 0.26, 0.545, 0.66, 0.56, 0.54, 0.55, 0.56, 0.56, 1.09, 0.21, 1.09, 0.21, 0.54, 0.5, 99, 99, 99]
--- num:  29
list:  [0.56, 0.56, 1, 1, 0.98, 0.98, 0.16199999999999998, 0.16199999999999998, 0.42, 0.42, 0.34, 0.38, 0.81, 0.81, 0.75, 0.26, 0.5800000000000001, 0.66, 0.56, 0.5700000000000001, 0.5900000000000001, 0.56, 0.56, 1.09, 0.21, 1.09, 0.21, 0.67, 0.5, 99, 99, 99]
--- num:  29
list:  [0.57, 0.57, 1, 1, 0.97, 0.97, 0.16199999999999998, 0.16199999999999998, 0.41, 0.41, 0.32, 0.4, 0.81, 0.81, 0.75, 0.26, 0.6399999999999999, 0.66, 0.56, 0.62, 0.6599999999999999, 0.56, 0.56, 1.09, 0.21, 1.09, 0.21, 0.79, 0.5, 99, 99, 99]
--- num:  29
list:  [0.58, 0.58, 1, 1, 0.96, 0.96, 0.16199999999999998, 0.16199999999999998, 0.42, 0.42, 0.29, 0.43, 0.81, 0.81, 0.75, 0.26, 0.6799999999999999, 0.66, 0.56, 0.6599999999999999, 0.7, 0.56, 0.56, 1.09, 0.21, 1.09, 0.21, 0.82, 0.5, 99, 99, 99]
--- num:  29
list:  [0.58, 0.58, 1, 1, 0.96, 0.96, 0.16199999999999998, 0.16199999999999998, 0.45, 0.45, 0.28, 0.45, 0.81, 0.81, 0.75, 0.26, 0.695, 0.66, 0.56, 0.6699999999999999, 0.72, 0.56, 0.56, 1.09, 0.21, 1.09, 0.21, 0.83, 0.5, 99, 99, 99]
--- num:  29
list:  [0.58, 0.58, 1, 1, 0.96, 0.96, 0.16199999999999998, 0.16199999999999998, 0.46, 0.46, 0.25, 0.47, 0.81, 0.81, 0.75, 0.26, 0.715, 0.66, 0.56, 0.69, 0.74, 0.56, 0.56, 1.09, 0.21, 1.09, 0.21, 0.82, 0.5, 99, 99, 99]
--- num:  29
list:  [0.58, 0.58, 1, 1, 0.96, 0.96, 0.18135667920112608, 0.16199999999999998, 0.33, 0.33, 0.25, 0.48, 0.81, 0.81, 0.75, 0.26, 0.6699999999999999, 0.66, 0.56, 0.63, 0.71, 0.56, 0.56, 1.09, 0.21, 1.09, 0.21, 0.79, 0.5, 99, 99, 99]
--- num:  29
list:  [0.59, 0.59, 1, 1, 0.95, 0.95, 0.16199999999999998, 0.16199999999999998, 0.38, 0.39, 0.15, 0.58, 0.81, 0.81, 0.75, 0.26, 0.69, 0.66, 0.56, 0.6699999999999999, 0.71, 0.56, 0.56, 1.09, 0.21, 1.09, 0.21, 0.78, 0.5, 99, 99, 99]
--- num:  29
list:  [0.58, 0.58, 1, 1, 0.96, 0.96, 0.16199999999999998, 0.16199999999999998, 0.43, 0.43, 0.15, 0.57, 0.81, 0.81, 0.75, 0.26, 0.7, 0.66, 0.56, 0.6799999999999999, 0.72, 0.56, 0.56, 1.09, 0.21, 1.09, 0.21, 0.78, 0.5, 99, 99, 99]
--- num:  29
list:  [0.58, 0.58, 1, 1, 0.96, 0.96, 0.16199999999999998, 0.16199999999999998, 0.45, 0.45, 0.18, 0.55, 0.81, 0.81, 0.75, 0.26, 0.725, 0.66, 0.56, 0.71, 0.74, 0.56, 0.56, 1.09, 0.21, 1.09, 0.21, 0.77, 0.5, 99, 99, 99]
--- num:  29
list:  [0.58, 0.58, 1, 1, 0.96, 0.96, 0.16199999999999998, 0.16199999999999998, 0.44, 0.44, 0.23, 0.5, 0.81, 0.81, 0.75, 0.26, 0.725, 0.66, 0.56, 0.71, 0.74, 0.56, 0.56, 1.09, 0.21, 1.09, 0.21, 0.76, 0.5, 99, 99, 99]
--- num:  29
list:  [0.58, 0.58, 1, 1, 0.96, 0.96, 0.32398159384727476, 0.3039551782608032, 0.32, 0.32, 0.32, 0.4, 0.81, 0.81, 0.75, 0.26, 0.6649999999999999, 0.66, 0.56, 0.6699999999999999, 0.6599999999999999, 0.56, 0.56, 1.09, 0.21, 1.09, 0.21, 0.76, 0.5, 99, 99, 99]
--- num:  29
list:  [0.57, 0.57, 1, 1, 0.97, 0.97, 0.16199999999999998, 0.16199999999999998, 0.45, 0.45, 0.37, 0.35, 0.81, 0.81, 0.75, 0.26, 0.6699999999999999, 0.66, 0.56, 0.6699999999999999, 0.6699999999999999, 0.56, 0.56, 1.09, 0.21, 1.09, 0.21, 0.76, 0.5, 99, 99, 99]
--- num:  29
list:  [0.57, 0.57, 1, 1, 0.97, 0.97, 0.16199999999999998, 0.16199999999999998, 0.45, 0.45, 0.41, 0.31, 0.81, 0.81, 0.75, 0.26, 0.6699999999999999, 0.66, 0.56, 0.6699999999999999, 0.6699999999999999, 0.56, 0.56, 1.09, 0.21, 1.09, 0.21, 0.76, 0.5, 99, 99, 99]
--- num:  29
list:  [0.57, 0.57, 1, 1, 0.97, 0.97, 0.16199999999999998, 0.16199999999999998, 0.45, 0.45, 0.44, 0.28, 0.81, 0.81, 0.75, 0.26, 0.6699999999999999, 0.66, 0.56, 0.6699999999999999, 0.6699999999999999, 0.56, 0.56, 1.09, 0.21, 1.09, 0.21, 0.77, 0.5, 99, 99, 99]
--- num:  29
list:  [0.57, 0.57, 1, 1, 0.97, 0.97, 0.16199999999999998, 0.16199999999999998, 0.44, 0.44, 0.45, 0.27, 0.81, 0.81, 0.75, 0.26, 0.6749999999999999, 0.66, 0.56, 0.6799999999999999, 0.6699999999999999, 0.56, 0.56, 1.09, 0.21, 1.09, 0.21, 0.77, 0.5, 99, 99, 99]
--- num:  29
list:  [0.57, 0.57, 1, 1, 0.96, 0.96, 0.16199999999999998, 0.16199999999999998, 0.43, 0.43, 0.46, 0.26, 0.81, 0.81, 0.75, 0.26, 0.6849999999999999, 0.66, 0.56, 0.69, 0.6799999999999999, 0.56, 0.56, 1.09, 0.21, 1.09, 0.21, 0.77, 0.5, 99, 99, 99]
--- num:  29
list:  [0.58, 0.58, 1, 1, 0.96, 0.96, 0.16199999999999998, 0.16199999999999998, 0.41, 0.41, 0.46, 0.26, 0.81, 0.81, 0.75, 0.26, 0.715, 0.66, 0.56, 0.72, 0.71, 0.56, 0.56, 1.09, 0.21, 1.09, 0.21, 0.8, 0.5, 99, 99, 99]
--- num:  29
list:  [0.59, 0.59, 1, 1, 0.95, 0.95, 0.16199999999999998, 0.16199999999999998, 0.39, 0.39, 0.46, 0.27, 0.81, 0.81, 0.75, 0.26, 0.71, 0.66, 0.56, 0.71, 0.71, 0.56, 0.56, 1.09, 0.21, 1.09, 0.21, 0.8, 0.5, 99, 99, 99]
--- num:  29
list:  [0.59, 0.59, 1, 1, 0.95, 0.95, 0.16199999999999998, 0.16199999999999998, 0.39, 0.39, 0.47, 0.25, 0.81, 0.81, 0.75, 0.26, 0.705, 0.66, 0.56, 0.71, 0.7, 0.56, 0.56, 1.09, 0.21, 1.09, 0.21, 0.78, 0.5, 99, 99, 99]
--- num:  29
list:  [0.59, 0.59, 1, 1, 0.95, 0.95, 0.16199999999999998, 0.16199999999999998, 0.4, 0.4, 0.5, 0.22, 0.81, 0.81, 0.75, 0.26, 0.715, 0.66, 0.56, 0.72, 0.71, 0.56, 0.56, 1.09, 0.21, 1.09, 0.21, 0.78, 0.5, 99, 99, 99]
--- num:  29
list:  [0.58, 0.58, 1, 1, 0.96, 0.96, 0.16199999999999998, 0.16199999999999998, 0.38, 0.38, 0.58, 0.14, 0.81, 0.81, 0.75, 0.26, 0.7, 0.66, 0.56, 0.71, 0.69, 0.56, 0.56, 1.09, 0.21, 1.09, 0.21, 0.77, 0.5, 99, 99, 99]
--- num:  29
list:  [0.57, 0.57, 1, 1, 0.97, 0.97, 0.16199999999999998, 0.16199999999999998, 0.38, 0.38, 0.64, 0.08, 0.81, 0.81, 0.75, 0.26, 0.6699999999999999, 0.66, 0.56, 0.6799999999999999, 0.6599999999999999, 0.56, 0.56, 1.09, 0.21, 1.09, 0.21, 0.71, 0.5, 99, 99, 99]
--- num:  29
list:  [0.57, 0.57, 1, 1, 0.97, 0.97, 0.16199999999999998, 0.16199999999999998, 0.39, 0.39, 0.65, 0.07, 0.81, 0.81, 0.75, 0.27, 0.6749999999999999, 0.66, 0.56, 0.6799999999999999, 0.6699999999999999, 0.56, 0.56, 1.09, 0.21, 1.09, 0.21, 0.68, 0.5, 99, 99, 99]
--- num:  29
list:  [0.57, 0.57, 1, 1, 0.97, 0.97, 0.16199999999999998, 0.16199999999999998, 0.4, 0.4, 0.64, 0.09, 0.81, 0.81, 0.75, 0.27, 0.6649999999999999, 0.66, 0.56, 0.6699999999999999, 0.6599999999999999, 0.56, 0.56, 1.09, 0.21, 1.09, 0.21, 0.68, 0.5, 99, 99, 99]
--- num:  29
list:  [0.57, 0.57, 1, 1, 0.97, 0.97, 0.39424158215522764, 0.3831361937522888, 0.27, 0.27, 0.56, 0.17, 0.81, 0.81, 0.75, 0.27, 0.605, 0.66, 0.56, 0.61, 0.6, 0.56, 0.56, 1.09, 0.21, 1.09, 0.21, 0.65, 0.5, 99, 99, 99]
--- num:  29
list:  [0.57, 0.57, 1, 1, 0.97, 0.97, 0.16199999999999998, 0.16199999999999998, 0.4, 0.4, 0.53, 0.19, 0.81, 0.81, 0.75, 0.27, 0.635, 0.67, 0.56, 0.64, 0.63, 0.56, 0.56, 1.09, 0.21, 1.09, 0.21, 0.65, 0.5, 99, 99, 99]
--- num:  29
list:  [0.57, 0.57, 1, 1, 0.96, 0.96, 0.16199999999999998, 0.16199999999999998, 0.42, 0.42, 0.46, 0.26, 0.81, 0.81, 0.75, 0.27, 0.6599999999999999, 0.66, 0.56, 0.6699999999999999, 0.65, 0.56, 0.56, 1.09, 0.21, 1.09, 0.21, 0.7, 0.5, 99, 99, 99]
--- num:  29
list:  [0.58, 0.58, 1, 1, 0.96, 0.96, 0.16199999999999998, 0.16199999999999998, 0.42, 0.42, 0.43, 0.29, 0.81, 0.81, 0.75, 0.27, 0.6649999999999999, 0.66, 0.56, 0.6699999999999999, 0.6599999999999999, 0.56, 0.56, 1.09, 0.21, 1.09, 0.21, 0.72, 0.5, 99, 99, 99]
--- num:  29
list:  [0.58, 0.58, 1, 1, 0.96, 0.96, 0.16199999999999998, 0.16199999999999998, 0.4, 0.4, 0.36, 0.36, 0.81, 0.81, 0.75, 0.26, 0.6649999999999999, 0.66, 0.56, 0.6699999999999999, 0.6599999999999999, 0.56, 0.56, 1.09, 0.21, 1.09, 0.21, 0.73, 0.5, 99, 99, 99]
--- num:  29
list:  [0.58, 0.58, 1, 1, 0.96, 0.96, 0.16199999999999998, 0.16199999999999998, 0.4, 0.4, 0.33, 0.39, 0.81, 0.81, 0.75, 0.26, 0.6799999999999999, 0.66, 0.56, 0.6799999999999999, 0.6799999999999999, 0.56, 0.56, 1.09, 0.21, 1.09, 0.21, 0.73, 0.5, 99, 99, 99]
--- num:  29
list:  [0.57, 0.57, 1, 1, 0.96, 0.96, 0.16199999999999998, 0.16199999999999998, 0.41, 0.41, 0.32, 0.4, 0.81, 0.81, 0.75, 0.26, 0.6849999999999999, 0.66, 0.56, 0.69, 0.6799999999999999, 0.56, 0.56, 1.09, 0.21, 1.09, 0.21, 0.72, 0.5, 99, 99, 99]
--- num:  29
list:  [0.57, 0.57, 1, 1, 0.97, 0.97, 0.16199999999999998, 0.16199999999999998, 0.39, 0.39, 0.32, 0.4, 0.81, 0.81, 0.75, 0.26, 0.655, 0.66, 0.56, 0.6599999999999999, 0.65, 0.56, 0.56, 1.09, 0.21, 1.09, 0.21, 0.7, 0.5, 99, 99, 99]
--- num:  29
list:  [0.58, 0.58, 1, 1, 0.96, 0.96, 0.26281983733177183, 0.25924871444702147, 0.3, 0.3, 0.33, 0.4, 0.81, 0.81, 0.75, 0.26, 0.605, 0.66, 0.56, 0.61, 0.6, 0.56, 0.56, 1.09, 0.21, 1.09, 0.21, 0.67, 0.5, 99, 99, 99]
--- num:  29
list:  [0.58, 0.58, 1, 1, 0.96, 0.96, 0.16199999999999998, 0.16199999999999998, 0.37, 0.37, 0.31, 0.41, 0.81, 0.81, 0.75, 0.26, 0.5900000000000001, 0.66, 0.56, 0.5900000000000001, 0.5900000000000001, 0.56, 0.56, 1.09, 0.21, 1.09, 0.21, 0.66, 0.5, 99, 99, 99]
--- num:  29
list:  [0.57, 0.57, 1, 1, 0.96, 0.96, 0.16199999999999998, 0.16199999999999998, 0.38, 0.38, 0.3, 0.42, 0.81, 0.81, 0.75, 0.26, 0.56, 0.66, 0.56, 0.56, 0.56, 0.56, 0.56, 1.09, 0.21, 1.09, 0.21, 0.63, 0.5, 99, 99, 99]
--- num:  29
list:  [0.57, 0.57, 1, 1, 0.97, 0.97, 0.16199999999999998, 0.16199999999999998, 0.42, 0.42, 0.29, 0.43, 0.81, 0.81, 0.75, 0.26, 0.605, 0.66, 0.56, 0.61, 0.6, 0.56, 0.56, 1.09, 0.21, 1.09, 0.21, 0.61, 0.5, 99, 99, 99]
--- num:  29
list:  [0.56, 0.56, 1, 1, 0.98, 0.98, 0.16199999999999998, 0.16199999999999998, 0.48, 0.48, 0.28, 0.45, 0.81, 0.81, 0.75, 0.26, 0.63, 0.66, 0.56, 0.63, 0.63, 0.56, 0.56, 1.09, 0.21, 1.09, 0.21, 0.6, 0.5, 99, 99, 99]
--- num:  29
list:  [0.56, 0.56, 1, 1, 0.98, 0.98, 0.16199999999999998, 0.16199999999999998, 0.5, 0.5, 0.26, 0.46, 0.81, 0.81, 0.75, 0.27, 0.64, 0.66, 0.56, 0.65, 0.63, 0.56, 0.56, 1.09, 0.21, 1.09, 0.21, 0.6, 0.5, 99, 99, 99]
--- num:  29
list:  [0.3, 0.3, 0.47, 0.47, 1, 1, 0.16199999999999998, 0.16199999999999998, 0.54, 0.54, 0.27, 0.45, 0.81, 0.81, 0.75, 0.27, 0.69, 0.67, 0.56, 0.7, 0.6799999999999999, 0.56, 0.56, 1.09, 0.21, 1.09, 0.21, 0.59, 0.5, 99, 99, 99]
--- num:  29
list:  [0.27, 0.27, 0.4, 0.4, 1, 1, 0.16199999999999998, 0.16199999999999998, 0.56, 0.56, 0.28, 0.44, 0.81, 0.81, 0.75, 0.28, 0.6849999999999999, 0.67, 0.56, 0.69, 0.6799999999999999, 0.56, 0.56, 1.09, 0.21, 1.09, 0.21, 0.56, 0.5, 99, 99, 99]
--- num:  29
list:  [0.28, 0.28, 0.41, 0.41, 1, 1, 0.16199999999999998, 0.16199999999999998, 0.57, 0.57, 0.29, 0.43, 0.81, 0.81, 0.75, 0.28, 0.6849999999999999, 0.67, 0.56, 0.7, 0.6699999999999999, 0.56, 0.56, 1.09, 0.21, 1.09, 0.21, 0.57, 0.5, 99, 99, 99]
--- num:  29
list:  [0.28, 0.28, 0.42, 0.42, 1, 1, 0.16199999999999998, 0.16199999999999998, 0.57, 0.57, 0.29, 0.43, 0.81, 0.81, 0.75, 0.29, 0.695, 0.68, 0.56, 0.71, 0.6799999999999999, 0.56, 0.56, 1.09, 0.21, 1.09, 0.21, 0.59, 0.5, 99, 99, 99]
--- num:  29
list:  [0.56, 0.56, 1, 1, 0.98, 0.98, 0.16199999999999998, 0.16199999999999998, 0.57, 0.57, 0.3, 0.42, 0.81, 0.81, 0.75, 0.29, 0.71, 0.68, 0.56, 0.72, 0.7, 0.56, 0.56, 1.09, 0.21, 1.09, 0.21, 0.64, 0.5, 99, 99, 99]
--- num:  29
list:  [0.56, 0.56, 1, 1, 0.98, 0.98, 0.2802921342849731, 0.2607231843471527, 0.39, 0.39, 0.31, 0.41, 0.81, 0.81, 0.75, 0.29, 0.605, 0.68, 0.56, 0.62, 0.5900000000000001, 0.56, 0.56, 1.09, 0.21, 1.09, 0.21, 0.6, 0.5, 99, 99, 99]
--- num:  29
list:  [0.56, 0.56, 1, 1, 0.97, 0.97, 0.16199999999999998, 0.16199999999999998, 0.57, 0.57, 0.3, 0.43, 0.81, 0.81, 0.75, 0.29, 0.7, 0.68, 0.56, 0.7, 0.7, 0.56, 0.56, 1.09, 0.21, 1.09, 0.21, 0.66, 0.5, 99, 99, 99]
--- num:  29
list:  [0.56, 0.56, 1, 1, 0.97, 0.97, 0.16199999999999998, 0.16199999999999998, 0.57, 0.57, 0.29, 0.43, 0.81, 0.81, 0.75, 0.29, 0.715, 0.68, 0.56, 0.71, 0.72, 0.56, 0.56, 1.09, 0.21, 1.09, 0.21, 0.68, 0.5, 99, 99, 99]
--- num:  29
list:  [0.56, 0.56, 1, 1, 0.98, 0.98, 0.16199999999999998, 0.16199999999999998, 0.55, 0.55, 0.3, 0.42, 0.81, 0.81, 0.75, 0.29, 0.71, 0.68, 0.56, 0.71, 0.71, 0.56, 0.56, 1.09, 0.21, 1.09, 0.21, 0.69, 0.5, 99, 99, 99]
--- num:  29
list:  [0.56, 0.56, 1, 1, 0.98, 0.98, 0.16199999999999998, 0.16199999999999998, 0.54, 0.54, 0.32, 0.4, 0.81, 0.81, 0.75, 0.29, 0.6799999999999999, 0.68, 0.56, 0.6699999999999999, 0.69, 0.56, 0.56, 1.09, 0.21, 1.09, 0.21, 0.71, 0.5, 99, 99, 99]
--- num:  29
list:  [0.31, 0.31, 0.48, 0.48, 1, 1, 0.16199999999999998, 0.16199999999999998, 0.51, 0.51, 0.36, 0.36, 0.81, 0.81, 0.75, 0.28, 0.6699999999999999, 0.68, 0.56, 0.6599999999999999, 0.6799999999999999, 0.56, 0.56, 1.09, 0.21, 1.09, 0.21, 0.71, 0.5, 99, 99, 99]
--- num:  29
list:  [0.31, 0.31, 0.49, 0.49, 1, 1, 0.16199999999999998, 0.16199999999999998, 0.51, 0.51, 0.42, 0.3, 0.81, 0.81, 0.75, 0.28, 0.6749999999999999, 0.67, 0.56, 0.6699999999999999, 0.6799999999999999, 0.56, 0.56, 1.09, 0.21, 1.09, 0.21, 0.69, 0.5, 99, 99, 99]
--- num:  29
list:  [0.57, 0.57, 1, 1, 0.97, 0.97, 0.9401535201072693, 0.9401670503616333, 0.36, 0.36, 0.43, 0.3, 0.81, 0.81, 0.75, 0.28, 0.545, 0.67, 0.56, 0.5700000000000001, 0.52, 0.56, 0.56, 1.09, 0.21, 1.09, 0.21, 0.62, 0.5, 99, 99, 99]
--- num:  29
list:  [0.57, 0.57, 1, 1, 0.97, 0.97, 0.35423592805862425, 0.34445385217666624, 0.32, 0.32, 0.46, 0.26, 0.81, 0.81, 0.75, 0.28, 0.6000000000000001, 0.67, 0.56, 0.61, 0.5900000000000001, 0.56, 0.56, 1.09, 0.21, 1.09, 0.21, 0.61, 0.5, 99, 99, 99]
--- num:  29
list:  [0.56, 0.56, 1, 1, 0.98, 0.98, 0.16199999999999998, 0.16199999999999998, 0.47, 0.47, 0.48, 0.24, 0.81, 0.81, 0.75, 0.28, 0.6599999999999999, 0.67, 0.56, 0.6699999999999999, 0.65, 0.56, 0.56, 1.09, 0.21, 1.09, 0.21, 0.63, 0.5, 99, 99, 99]
--- num:  29
list:  [0.56, 0.56, 1, 1, 0.98, 0.98, 0.16199999999999998, 0.16199999999999998, 0.47, 0.47, 0.48, 0.24, 0.81, 0.81, 0.75, 0.28, 0.6799999999999999, 0.67, 0.56, 0.69, 0.6699999999999999, 0.56, 0.56, 1.09, 0.21, 1.09, 0.21, 0.64, 0.5, 99, 99, 99]
--- num:  29
list:  [0.56, 0.56, 1, 1, 0.98, 0.98, 0.16199999999999998, 0.16199999999999998, 0.46, 0.46, 0.47, 0.25, 0.81, 0.81, 0.75, 0.28, 0.6749999999999999, 0.67, 0.56, 0.6799999999999999, 0.6699999999999999, 0.56, 0.56, 1.09, 0.21, 1.09, 0.21, 0.64, 0.5, 99, 99, 99]
--- num:  29
list:  [0.56, 0.56, 1, 1, 0.98, 0.98, 0.16199999999999998, 0.16199999999999998, 0.46, 0.46, 0.45, 0.27, 0.81, 0.81, 0.75, 0.28, 0.6649999999999999, 0.67, 0.56, 0.6699999999999999, 0.6599999999999999, 0.56, 0.56, 1.09, 0.21, 1.09, 0.21, 0.65, 0.5, 99, 99, 99]
--- num:  29
list:  [0.56, 0.56, 1, 1, 0.98, 0.98, 0.16199999999999998, 0.16199999999999998, 0.45, 0.45, 0.43, 0.29, 0.81, 0.81, 0.75, 0.27, 0.6499999999999999, 0.67, 0.56, 0.64, 0.6599999999999999, 0.56, 0.56, 1.09, 0.21, 1.09, 0.21, 0.65, 0.5, 99, 99, 99]
--- num:  29
list:  [0.56, 0.56, 1, 1, 0.98, 0.98, 0.16199999999999998, 0.16199999999999998, 0.44, 0.44, 0.41, 0.32, 0.81, 0.81, 0.75, 0.27, 0.635, 0.67, 0.56, 0.62, 0.65, 0.56, 0.56, 1.09, 0.21, 1.09, 0.21, 0.64, 0.5, 99, 99, 99]
--- num:  29
list:  [0.56, 0.56, 1, 1, 0.97, 0.97, 0.16199999999999998, 0.16199999999999998, 0.43, 0.43, 0.39, 0.33, 0.81, 0.81, 0.75, 0.27, 0.655, 0.67, 0.56, 0.64, 0.6699999999999999, 0.56, 0.56, 1.09, 0.21, 1.09, 0.21, 0.64, 0.5, 99, 99, 99]
--- num:  29
list:  [0.58, 0.58, 1, 1, 0.96, 0.96, 0.8937745499610901, 0.9009245443344116, 0.29, 0.29, 0.36, 0.36, 0.81, 0.81, 0.75, 0.27, 0.56, 0.66, 0.56, 0.56, 0.56, 0.56, 0.56, 1.09, 0.21, 1.09, 0.21, 0.61, 0.5, 99, 99, 99]
--- num:  29
list:  [0.58, 0.58, 1, 1, 0.96, 0.96, 0.18710577070713041, 0.18563946664333342, 0.33, 0.33, 0.38, 0.34, 0.81, 0.81, 0.75, 0.27, 0.63, 0.66, 0.56, 0.63, 0.63, 0.56, 0.56, 1.09, 0.21, 1.09, 0.21, 0.61, 0.5, 99, 99, 99]
--- num:  29
list:  [0.58, 0.58, 1, 1, 0.96, 0.96, 0.16199999999999998, 0.16199999999999998, 0.39, 0.39, 0.41, 0.31, 0.81, 0.81, 0.75, 0.27, 0.655, 0.66, 0.56, 0.6599999999999999, 0.65, 0.56, 0.56, 1.09, 0.21, 1.09, 0.21, 0.62, 0.5, 99, 99, 99]
--- num:  29
list:  [0.58, 0.58, 1, 1, 0.96, 0.96, 0.16199999999999998, 0.16199999999999998, 0.37, 0.37, 0.42, 0.3, 0.81, 0.81, 0.75, 0.26, 0.605, 0.66, 0.56, 0.61, 0.6, 0.56, 0.56, 1.09, 0.21, 1.09, 0.21, 0.6, 0.5, 99, 99, 99]
--- num:  29
list:  [0.58, 0.58, 1, 1, 0.96, 0.96, 0.16199999999999998, 0.16199999999999998, 0.37, 0.37, 0.42, 0.3, 0.81, 0.81, 0.75, 0.26, 0.595, 0.66, 0.56, 0.6, 0.5900000000000001, 0.56, 0.56, 1.09, 0.21, 1.09, 0.21, 0.6, 0.5, 99, 99, 99]
--- num:  29
list:  [0.58, 0.58, 1, 1, 0.96, 0.96, 0.16199999999999998, 0.16199999999999998, 0.37, 0.37, 0.41, 0.31, 0.81, 0.81, 0.75, 0.26, 0.5850000000000001, 0.66, 0.56, 0.5900000000000001, 0.5800000000000001, 0.56, 0.56, 1.09, 0.21, 1.09, 0.21, 0.59, 0.5, 99, 99, 99]
--- num:  29
list:  [0.58, 0.58, 1, 1, 0.96, 0.96, 0.16199999999999998, 0.16199999999999998, 0.36, 0.36, 0.37, 0.35, 0.81, 0.81, 0.75, 0.26, 0.56, 0.66, 0.56, 0.56, 0.56, 0.56, 0.56, 1.09, 0.21, 1.09, 0.21, 0.6, 0.5, 99, 99, 99]
--- num:  29
list:  [0.58, 0.58, 1, 1, 0.96, 0.96, 0.16199999999999998, 0.16199999999999998, 0.36, 0.36, 0.35, 0.37, 0.81, 0.81, 0.75, 0.26, 0.56, 0.66, 0.56, 0.56, 0.56, 0.56, 0.56, 1.09, 0.21, 1.09, 0.21, 0.61, 0.5, 99, 99, 99]
--- num:  29
list:  [0.58, 0.58, 1, 1, 0.96, 0.96, 0.16199999999999998, 0.16199999999999998, 0.36, 0.36, 0.34, 0.38, 0.81, 0.81, 0.75, 0.26, 0.56, 0.66, 0.56, 0.56, 0.56, 0.56, 0.56, 1.09, 0.21, 1.09, 0.21, 0.61, 0.5, 99, 99, 99]
--- num:  29
list:  [0.58, 0.58, 1, 1, 0.96, 0.96, 0.16199999999999998, 0.16199999999999998, 0.37, 0.37, 0.33, 0.39, 0.81, 0.81, 0.75, 0.26, 0.56, 0.66, 0.56, 0.56, 0.56, 0.56, 0.56, 1.09, 0.21, 1.09, 0.21, 0.61, 0.5, 99, 99, 99]
--- num:  29
list:  [0.58, 0.58, 1, 1, 0.96, 0.96, 0.16199999999999998, 0.16199999999999998, 0.38, 0.38, 0.35, 0.37, 0.81, 0.81, 0.75, 0.26, 0.56, 0.66, 0.56, 0.56, 0.56, 0.56, 0.56, 1.09, 0.21, 1.09, 0.21, 0.59, 0.5, 99, 99, 99]
--- num:  29
list:  [0.57, 0.57, 1, 1, 0.96, 0.96, 0.16199999999999998, 0.16199999999999998, 0.4, 0.4, 0.4, 0.32, 0.81, 0.81, 0.75, 0.26, 0.56, 0.66, 0.56, 0.5700000000000001, 0.55, 0.56, 0.56, 1.09, 0.21, 1.09, 0.21, 0.6, 0.5, 99, 99, 99]
--- num:  29
list:  [0.57, 0.57, 1, 1, 0.97, 0.97, 0.23344395637512205, 0.23268989801406859, 0.3, 0.3, 0.46, 0.26, 0.81, 0.81, 0.75, 0.26, 0.475, 0.66, 0.56, 0.48, 0.47, 0.56, 0.56, 1.09, 0.21, 1.09, 0.21, 0.6, 0.5, 99, 99, 99]
--- num:  29
list:  [0.57, 0.57, 1, 1, 0.97, 0.97, 0.16199999999999998, 0.16199999999999998, 0.39, 0.39, 0.5, 0.22, 0.81, 0.81, 0.75, 0.26, 0.505, 0.66, 0.56, 0.51, 0.5, 0.56, 0.56, 1.09, 0.21, 1.09, 0.21, 0.46, 0.5, 99, 99, 99]
--- num:  29
list:  [0.56, 0.56, 1, 1, 0.97, 0.97, 0.16199999999999998, 0.16199999999999998, 0.41, 0.41, 0.51, 0.21, 0.81, 0.81, 0.75, 0.26, 0.55, 0.65, 0.56, 0.56, 0.54, 0.56, 0.56, 1.09, 0.21, 1.09, 0.21, 0.29, 0.12, 99, 99, 99]
--- num:  29
list:  [0.56, 0.56, 1, 1, 0.98, 0.98, 0.16199999999999998, 0.16199999999999998, 0.41, 0.41, 0.5, 0.22, 0.81, 0.81, 0.75, 0.25, 0.51, 0.65, 0.56, 0.52, 0.5, 0.56, 0.56, 1.09, 0.21, 1.09, 0.21, 0.3, 0.12, 99, 99, 99]
--- num:  29
list:  [0.56, 0.56, 1, 1, 0.98, 0.98, 0.16199999999999998, 0.16199999999999998, 0.41, 0.41, 0.46, 0.26, 0.81, 0.81, 0.75, 0.25, 0.49, 0.65, 0.56, 0.5, 0.48, 0.56, 0.56, 1.09, 0.21, 1.09, 0.21, 0.41, 0.09, 99, 99, 99]
--- num:  29
list:  [0.56, 0.56, 1, 1, 0.98, 0.98, 0.16199999999999998, 0.16199999999999998, 0.41, 0.41, 0.39, 0.33, 0.81, 0.81, 0.75, 0.25, 0.495, 0.65, 0.56, 0.5, 0.49, 0.56, 0.56, 1.09, 0.21, 1.09, 0.21, 0.46, 0.5, 99, 99, 99]
--- num:  29
list:  [0.56, 0.56, 1, 1, 0.98, 0.98, 0.16199999999999998, 0.16199999999999998, 0.42, 0.42, 0.35, 0.37, 0.81, 0.81, 0.75, 0.26, 0.5650000000000001, 0.65, 0.56, 0.5700000000000001, 0.56, 0.56, 0.56, 1.09, 0.21, 1.09, 0.21, 0.44, 0.1, 99, 99, 99]
--- num:  29
list:  [0.56, 0.56, 1, 1, 0.98, 0.98, 0.16199999999999998, 0.16199999999999998, 0.44, 0.44, 0.33, 0.39, 0.81, 0.81, 0.75, 0.26, 0.715, 0.66, 0.56, 0.71, 0.72, 0.56, 0.56, 1.09, 0.21, 1.09, 0.21, 0.3, 0.19, 99, 99, 99]
--- num:  29
list:  [0.56, 0.56, 1, 1, 0.98, 0.98, 0.16199999999999998, 0.16199999999999998, 0.46, 0.46, 0.31, 0.41, 0.5849999999999999, 0.49499999999999994, 1, 0.28, 0.855, 0.67, 0.55, 0.85, 0.86, 0.55, 0.55, 0.94, 0.28, 0.88, 0.3, 0.17, 0.29, 99, 99, 99]
--- num:  29
list:  [0.56, 0.56, 1, 1, 0.98, 0.98, 0.16199999999999998, 0.16199999999999998, 0.46, 0.46, 0.3, 0.42, 0.39, 0.31499999999999995, 1, 0.3, 0.895, 0.69, 0.47, 0.89, 0.9, 0.47, 0.47, 0.81, 0.33, 0.76, 0.36, 0.1, 0.31, 99, 99, 99]
--- num:  29
list:  [0.56, 0.56, 1, 1, 0.98, 0.98, 0.16199999999999998, 0.16199999999999998, 0.46, 0.46, 0.3, 0.42, 0.29999999999999993, 0.22499999999999987, 1, 0.3, 0.94, 0.69, 0.37, 0.94, 0.94, 0.37, 0.37, 0.75, 0.36, 0.7, 0.38, 0.07, 0.37, 99, 99, 99]
--- num:  29
list:  [0.56, 0.56, 1, 1, 0.98, 0.98, 0.16199999999999998, 0.16199999999999998, 0.45, 0.45, 0.3, 0.42, 0.2549999999999999, 0.195, 1, 0.28, 0.95, 0.68, 0.34, 0.95, 0.95, 0.34, 0.34, 0.72, 0.37, 0.68, 0.39, 0.06, 0.39, 99, 99, 99]
--- num:  29
list:  [0.41, 0.41, 0.73, 0.73, 1, 1, 0.16199999999999998, 0.16199999999999998, 0.45, 0.45, 0.31, 0.41, 0.2549999999999999, 0.16499999999999998, 1, 0.26, 0.97, 0.66, 0.3, 0.97, 0.97, 0.3, 0.3, 0.72, 0.38, 0.66, 0.4, 0.05, 0.44, 99, 99, 99]
--- num:  29
list:  [0.42, 0.42, 0.75, 0.75, 1, 1, 0.16199999999999998, 0.16199999999999998, 0.45, 0.45, 0.31, 0.41, 0.2549999999999999, 0.13499999999999995, 1, 0.24, 0.98, 0.64, 0.28, 0.98, 0.98, 0.28, 0.28, 0.72, 0.38, 0.64, 0.41, 0.04, 0.49, 99, 99, 99]
--- num:  29
list:  [0.43, 0.43, 0.76, 0.76, 1, 1, 0.16199999999999998, 0.16199999999999998, 0.45, 0.45, 0.32, 0.4, 0.2549999999999999, 0.13499999999999995, 1, 0.24, 0.98, 0.64, 0.28, 0.98, 0.98, 0.28, 0.28, 0.72, 0.38, 0.64, 0.41, 0.03, 0.52, 99, 99, 99]
--- num:  29
list:  [0.39, 0.39, 0.67, 0.67, 1, 1, 0.16199999999999998, 0.16199999999999998, 0.46, 0.46, 0.33, 0.39, 0.39, 0.195, 1, 0.23, 0.98, 0.64, 0.3, 0.98, 0.98, 0.3, 0.3, 0.81, 0.34, 0.68, 0.39, 0.03, 0.58, 99, 99, 99]
--- num:  29
list:  [0.57, 0.57, 1, 1, 0.97, 0.97, 0.3088443386554718, 0.3059065747261047, 0.32, 0.32, 0.36, 0.37, 0.36, 0.18, 1, 0.24, 0.975, 0.65, 0.31, 0.97, 0.98, 0.31, 0.31, 0.79, 0.34, 0.67, 0.4, 0.03, 0.66, 99, 99, 99]
--- num:  29
list:  [0.57, 0.57, 1, 1, 0.97, 0.97, 0.16199999999999998, 0.16199999999999998, 0.41, 0.41, 0.36, 0.36, 0.31499999999999995, 0.16499999999999998, 1, 0.25, 0.975, 0.65, 0.3, 0.97, 0.98, 0.3, 0.3, 0.76, 0.36, 0.66, 0.4, 0.03, 0.61, 99, 99, 99]
--- num:  29
list:  [0.56, 0.56, 1, 1, 0.98, 0.98, 0.16199999999999998, 0.16199999999999998, 0.42, 0.43, 0.36, 0.36, 0.2699999999999999, 0.13499999999999995, 1, 0.24, 0.975, 0.64, 0.28, 0.97, 0.98, 0.28, 0.28, 0.73, 0.37, 0.64, 0.41, 0.03, 0.61, 99, 99, 99]
--- num:  29
list:  [0.44, 0.44, 0.78, 0.78, 1, 1, 0.16199999999999998, 0.16199999999999998, 0.42, 0.42, 0.37, 0.35, 0.23999999999999988, 0.11999999999999994, 1, 0.23, 0.98, 0.64, 0.28, 0.98, 0.98, 0.28, 0.28, 0.71, 0.38, 0.63, 0.41, 0.03, 0.59, 99, 99, 99]
--- num:  29
list:  [0.55, 0.55, 1, 1, 0.98, 0.98, 0.16199999999999998, 0.16199999999999998, 0.42, 0.42, 0.38, 0.35, 0.195, 0.10499999999999993, 1, 0.23, 0.985, 0.64, 0.27, 0.98, 0.99, 0.27, 0.27, 0.68, 0.39, 0.62, 0.42, 0.02, 0.56, 99, 99, 99]
--- num:  29
list:  [0.55, 0.55, 1, 1, 0.98, 0.98, 0.16199999999999998, 0.16199999999999998, 0.43, 0.43, 0.37, 0.35, 0.16499999999999998, 0.10499999999999993, 1, 0.23, 0.985, 0.64, 0.27, 0.98, 0.99, 0.27, 0.27, 0.66, 0.4, 0.62, 0.42, 0.02, 0.54, 99, 99, 99]
--- num:  29
list:  [0.46, 0.46, 0.83, 0.83, 1, 1, 0.16199999999999998, 0.16199999999999998, 0.43, 0.43, 0.37, 0.35, 0.13499999999999995, 0.08999999999999991, 1, 0.23, 0.985, 0.64, 0.27, 0.98, 0.99, 0.27, 0.27, 0.64, 0.41, 0.61, 0.42, 0.02, 0.52, 99, 99, 99]
--- num:  29
list:  [0.46, 0.46, 0.84, 0.84, 1, 1, 0.16199999999999998, 0.16199999999999998, 0.46, 0.46, 0.36, 0.36, 0.11999999999999994, 0.0749999999999999, 1, 0.23, 0.99, 0.63, 0.27, 0.99, 0.99, 0.27, 0.27, 0.63, 0.41, 0.6, 0.43, 0.02, 0.51, 99, 99, 99]
--- num:  29
list:  [0.46, 0.46, 0.83, 0.83, 1, 1, 0.16199999999999998, 0.16199999999999998, 0.48, 0.48, 0.36, 0.36, 0.08999999999999991, 0.04499999999999987, 1, 0.23, 0.99, 0.63, 0.27, 0.99, 0.99, 0.27, 0.27, 0.61, 0.42, 0.58, 0.44, 0.02, 0.51, 99, 99, 99]
--- num:  29
list:  [0.45, 0.45, 0.82, 0.82, 1, 1, 0.16199999999999998, 0.16199999999999998, 0.52, 0.52, 0.34, 0.38, 0.08999999999999991, 0.015000000000000013, 1, 0.23, 0.99, 0.63, 0.27, 0.99, 0.99, 0.27, 0.27, 0.61, 0.42, 0.56, 0.44, 0.02, 0.5, 99, 99, 99]
--- num:  29
list:  [0.44, 0.44, 0.78, 0.78, 1, 1, 0.16199999999999998, 0.16199999999999998, 0.54, 0.54, 0.32, 0.4, 0.0749999999999999, 0, 1, 0.23, 0.99, 0.63, 0.27, 0.99, 0.99, 0.27, 0.27, 0.6, 0.43, 0.55, 0.45, 0.02, 0.49, 99, 99, 99]
--- num:  29
list:  [0.43, 0.43, 0.77, 0.77, 1, 1, 0.16199999999999998, 0.16199999999999998, 0.55, 0.55, 0.31, 0.41, 0.05999999999999989, 0, 1, 0.23, 0.99, 0.63, 0.27, 0.99, 0.99, 0.27, 0.27, 0.59, 0.43, 0.54, 0.47, 0.03, 0.51, 99, 99, 99]
--- num:  29
list:  [0.43, 0.43, 0.78, 0.78, 1, 1, 0.16199999999999998, 0.16199999999999998, 0.55, 0.55, 0.3, 0.42, 0.05999999999999989, 0, 1, 0.23, 0.99, 0.64, 0.28, 0.99, 0.99, 0.28, 0.28, 0.59, 0.43, 0.53, 0.48, 0.03, 0.53, 99, 99, 99]
--- num:  29
list:  [0.43, 0.43, 0.76, 0.76, 1, 1, 0.16199999999999998, 0.16199999999999998, 0.56, 0.56, 0.3, 0.43, 0.05999999999999989, 0, 1, 0.23, 0.99, 0.64, 0.28, 0.99, 0.99, 0.28, 0.28, 0.59, 0.43, 0.53, 0.48, 0.03, 0.54, 99, 99, 99]
--- num:  29
list:  [0.43, 0.43, 0.76, 0.76, 1, 1, 0.16199999999999998, 0.16199999999999998, 0.56, 0.56, 0.3, 0.42, 0.05999999999999989, 0, 1, 0.24, 0.99, 0.64, 0.28, 0.99, 0.99, 0.28, 0.28, 0.59, 0.43, 0.54, 0.47, 0.04, 0.54, 99, 99, 99]
--- num:  29
