A0
A1
A2
A3
A4
A5
A6
A7
A8
A9
A10
A11
A12
A13
A14
A15
A16
A17
A18
A19
A20
A21
A22
A23
A24
A25
A26
A27
A28
--- [0.87, 0.67, 1.0, 1.0, 0.24, 0.24, 0.05, 0.13, 0.51, 0.54, 0.4, 0.38, 0.0, -0.0, 1.0, 0.21, 0.75, 0.6, 0.49, 0.8, 0.75, 0.46, 0.86, 0.55, 0.43, 0.55, 0.45, 0.0, 0.5, 99, 99, 99]
into servo loop...
start test new
list:  [0.51, 0.51, 0.95, 0.95, 1, 1, 0.16199999999999998, 0.16199999999999998, 0.45, 0.45, 0.34, 0.38, 0.04499999999999987, 0.04499999999999987, 1, 0.22, 0.99, 0.63, 0.25, 0.99, 0.99, 0.25, 0.25, 0.58, 0.44, 0.58, 0.44, 0.01, 0.59, 99, 99, 99]
--- num:  29
list:  [0.51, 0.51, 0.95, 0.95, 1, 1, 0.16199999999999998, 0.16199999999999998, 0.5, 0.5, 0.36, 0.37, 0, 0, 1, 0.21, 1.0, 0.62, 0.24, 1.0, 1.0, 0.24, 0.24, 0.5, 0.54, 0.49, 0.57, 0.02, 0.54, 99, 99, 99]
--- num:  29
list:  [0.5, 0.5, 0.92, 0.92, 1, 1, 0.16199999999999998, 0.16199999999999998, 0.43, 0.43, 0.33, 0.39, 0.05999999999999989, 0.02999999999999986, 1, 0.21, 1.0, 0.62, 0.25, 1.0, 1.0, 0.25, 0.25, 0.59, 0.43, 0.57, 0.44, 0.01, 0.56, 99, 99, 99]
--- num:  29
list:  [0.5, 0.5, 0.92, 0.92, 1, 1, 0.16199999999999998, 0.16199999999999998, 0.42, 0.42, 0.33, 0.39, 0.0749999999999999, 0.05999999999999989, 1, 0.22, 0.995, 0.62, 0.25, 1.0, 0.99, 0.25, 0.25, 0.6, 0.43, 0.59, 0.43, 0.01, 0.58, 99, 99, 99]
--- num:  29
list:  [0.5, 0.5, 0.92, 0.92, 1, 1, 0.16199999999999998, 0.16199999999999998, 0.41, 0.41, 0.34, 0.39, 0.0749999999999999, 0.05999999999999989, 1, 0.22, 0.99, 0.62, 0.25, 0.99, 0.99, 0.25, 0.25, 0.6, 0.43, 0.59, 0.43, 0.01, 0.58, 99, 99, 99]
--- num:  29
list:  [0.56, 0.56, 1, 1, 0.98, 0.98, 0.9672725009918213, 0.967319529056549, 0.33, 0.33, 0.36, 0.36, 0.10499999999999993, 0.11999999999999994, 1, 0.25, 0.96, 0.65, 0.26, 0.96, 0.96, 0.26, 0.26, 0.62, 0.42, 0.63, 0.42, 0.01, 0.57, 99, 99, 99]
--- num:  29
list:  [0.48, 0.48, 0.9, 0.9, 1, 1, 0.16199999999999998, 0.16199999999999998, 0.36, 0.36, 0.36, 0.36, 0.08999999999999991, 0.08999999999999991, 1, 0.24, 0.98, 0.64, 0.26, 0.98, 0.98, 0.26, 0.26, 0.61, 0.42, 0.61, 0.42, 0.01, 0.57, 99, 99, 99]
--- num:  29
list:  [0.5, 0.5, 0.93, 0.93, 1, 1, 0.16199999999999998, 0.16199999999999998, 0.37, 0.37, 0.38, 0.34, 0.0749999999999999, 0.05999999999999989, 1, 0.22, 0.99, 0.63, 0.25, 0.99, 0.99, 0.25, 0.25, 0.6, 0.43, 0.59, 0.43, 0.01, 0.56, 99, 99, 99]
--- num:  29
list:  [0.5, 0.5, 0.93, 0.93, 1, 1, 0.16199999999999998, 0.16199999999999998, 0.37, 0.37, 0.38, 0.34, 0.0749999999999999, 0.05999999999999989, 1, 0.22, 0.99, 0.63, 0.25, 0.99, 0.99, 0.25, 0.25, 0.6, 0.43, 0.59, 0.43, 0.01, 0.56, 99, 99, 99]
--- num:  29
list:  [0.5, 0.5, 0.94, 0.94, 1, 1, 0.16199999999999998, 0.16199999999999998, 0.38, 0.38, 0.38, 0.34, 0.08999999999999991, 0.0749999999999999, 1, 0.22, 0.99, 0.63, 0.25, 0.99, 0.99, 0.25, 0.25, 0.61, 0.43, 0.6, 0.43, 0.01, 0.56, 99, 99, 99]
--- num:  29
list:  [0.5, 0.5, 0.93, 0.93, 1, 1, 0.16199999999999998, 0.16199999999999998, 0.38, 0.38, 0.38, 0.34, 0.0749999999999999, 0.05999999999999989, 1, 0.22, 0.99, 0.63, 0.25, 0.99, 0.99, 0.25, 0.25, 0.6, 0.43, 0.59, 0.43, 0.01, 0.55, 99, 99, 99]
--- num:  29
list:  [0.5, 0.5, 0.93, 0.93, 1, 1, 0.16199999999999998, 0.16199999999999998, 0.39, 0.39, 0.39, 0.33, 0.0749999999999999, 0.05999999999999989, 1, 0.22, 0.99, 0.63, 0.25, 0.99, 0.99, 0.25, 0.25, 0.6, 0.43, 0.59, 0.43, 0.01, 0.55, 99, 99, 99]
--- num:  29
list:  [0.48, 0.48, 0.88, 0.88, 1, 1, 0.7098477292060852, 0.7037485647201538, 0.18, 0.18, 0.41, 0.32, 0.0749999999999999, 0.05999999999999989, 1, 0.23, 0.98, 0.64, 0.27, 0.98, 0.98, 0.27, 0.27, 0.6, 0.43, 0.59, 0.43, 0.01, 0.54, 99, 99, 99]
--- num:  29
list:  [0.48, 0.48, 0.88, 0.88, 1, 1, 0.16199999999999998, 0.16199999999999998, 0.36, 0.36, 0.16, 0.57, 0.0749999999999999, 0.0749999999999999, 1, 0.24, 0.97, 0.65, 0.27, 0.97, 0.97, 0.27, 0.27, 0.6, 0.43, 0.6, 0.43, 0.02, 0.55, 99, 99, 99]
--- num:  29
list:  [0.48, 0.48, 0.89, 0.89, 1, 1, 0.16199999999999998, 0.16199999999999998, 0.36, 0.36, 0.16, 0.57, 0.0749999999999999, 0.0749999999999999, 1, 0.24, 0.97, 0.64, 0.27, 0.97, 0.97, 0.27, 0.27, 0.6, 0.43, 0.6, 0.43, 0.02, 0.55, 99, 99, 99]
--- num:  29
list:  [0.49, 0.49, 0.9, 0.9, 1, 1, 0.16199999999999998, 0.16199999999999998, 0.38, 0.38, 0.2, 0.53, 0.04499999999999987, 0.04499999999999987, 1, 0.23, 0.98, 0.64, 0.26, 0.98, 0.98, 0.26, 0.26, 0.58, 0.44, 0.58, 0.44, 0.02, 0.55, 99, 99, 99]
--- num:  29
list:  [0.49, 0.49, 0.9, 0.9, 1, 1, 0.16199999999999998, 0.16199999999999998, 0.37, 0.37, 0.1, 0.63, 0.02999999999999986, 0.04499999999999987, 1, 0.24, 0.98, 0.65, 0.27, 0.98, 0.98, 0.27, 0.27, 0.57, 0.44, 0.58, 0.44, 0.02, 0.52, 99, 99, 99]
--- num:  29
list:  [0.48, 0.48, 0.89, 0.89, 1, 1, 0.16199999999999998, 0.16199999999999998, 0.38, 0.38, 0.15, 0.58, 0.02999999999999986, 0.02999999999999986, 1, 0.25, 0.975, 0.65, 0.27, 0.97, 0.98, 0.27, 0.27, 0.57, 0.44, 0.57, 0.44, 0.02, 0.49, 99, 99, 99]
--- num:  29
list:  [0.48, 0.48, 0.89, 0.89, 1, 1, 0.16199999999999998, 0.16199999999999998, 0.38, 0.38, 0.16, 0.57, 0.04499999999999987, 0.04499999999999987, 1, 0.26, 0.97, 0.65, 0.28, 0.97, 0.97, 0.28, 0.28, 0.58, 0.44, 0.58, 0.44, 0.03, 0.47, 99, 99, 99]
--- num:  29
list:  [0.55, 0.55, 1, 1, 0.98, 0.98, 0.16199999999999998, 0.16199999999999998, 0.38, 0.38, 0.19, 0.54, 0.04499999999999987, 0.04499999999999987, 1, 0.26, 0.97, 0.66, 0.28, 0.97, 0.97, 0.28, 0.28, 0.58, 0.43, 0.58, 0.44, 0.03, 0.46, 99, 99, 99]
--- num:  29
list:  [0.55, 0.55, 1, 1, 0.98, 0.98, 0.16199999999999998, 0.16199999999999998, 0.37, 0.37, 0.17, 0.56, 0.04499999999999987, 0.04499999999999987, 1, 0.26, 0.97, 0.65, 0.28, 0.97, 0.97, 0.28, 0.28, 0.58, 0.44, 0.58, 0.44, 0.03, 0.46, 99, 99, 99]
--- num:  29
list:  [0.48, 0.48, 0.89, 0.89, 1, 1, 0.16199999999999998, 0.16199999999999998, 0.37, 0.37, 0.15, 0.58, 0.02999999999999986, 0.02999999999999986, 1, 0.26, 0.97, 0.66, 0.28, 0.97, 0.97, 0.28, 0.28, 0.57, 0.44, 0.57, 0.44, 0.03, 0.46, 99, 99, 99]
--- num:  29
list:  [0.49, 0.49, 0.9, 0.9, 1, 1, 0.16199999999999998, 0.16199999999999998, 0.37, 0.37, 0.15, 0.58, 0.015000000000000013, 0.015000000000000013, 1, 0.26, 0.97, 0.66, 0.27, 0.97, 0.97, 0.27, 0.27, 0.56, 0.44, 0.56, 0.44, 0.03, 0.45, 99, 99, 99]
--- num:  29
list:  [0.49, 0.49, 0.9, 0.9, 1, 1, 0.16199999999999998, 0.16199999999999998, 0.37, 0.37, 0.14, 0.59, 0.02999999999999986, 0.015000000000000013, 1, 0.25, 0.97, 0.65, 0.27, 0.97, 0.97, 0.27, 0.27, 0.57, 0.44, 0.56, 0.44, 0.03, 0.46, 99, 99, 99]
--- num:  29
list:  [0.49, 0.49, 0.9, 0.9, 1, 1, 0.16199999999999998, 0.16199999999999998, 0.38, 0.38, 0.17, 0.56, 0.015000000000000013, 0.015000000000000013, 1, 0.25, 0.975, 0.65, 0.27, 0.97, 0.98, 0.27, 0.27, 0.56, 0.44, 0.56, 0.45, 0.03, 0.46, 99, 99, 99]
--- num:  29
list:  [0.49, 0.49, 0.9, 0.9, 1, 1, 0.16199999999999998, 0.16199999999999998, 0.38, 0.38, 0.16, 0.57, 0.02999999999999986, 0.015000000000000013, 1, 0.25, 0.975, 0.65, 0.27, 0.97, 0.98, 0.27, 0.27, 0.57, 0.44, 0.56, 0.44, 0.03, 0.46, 99, 99, 99]
--- num:  29
list:  [0.49, 0.49, 0.9, 0.9, 1, 1, 0.16199999999999998, 0.16199999999999998, 0.38, 0.38, 0.16, 0.58, 0.015000000000000013, 0.015000000000000013, 1, 0.25, 0.975, 0.65, 0.27, 0.97, 0.98, 0.27, 0.27, 0.56, 0.44, 0.56, 0.44, 0.03, 0.45, 99, 99, 99]
--- num:  29
list:  [0.49, 0.49, 0.91, 0.91, 1, 1, 0.16199999999999998, 0.16199999999999998, 0.37, 0.37, 0.14, 0.59, 0.015000000000000013, 0.015000000000000013, 1, 0.25, 0.975, 0.65, 0.27, 0.97, 0.98, 0.27, 0.27, 0.56, 0.44, 0.56, 0.44, 0.03, 0.44, 99, 99, 99]
--- num:  29
list:  [0.49, 0.49, 0.9, 0.9, 1, 1, 0.8885354208946228, 0.8886688756942749, 0.26, 0.26, 0.52, 0.21, 0.04499999999999987, 0.04499999999999987, 1, 0.28, 0.96, 0.67, 0.29, 0.96, 0.96, 0.29, 0.29, 0.58, 0.44, 0.58, 0.44, 0.03, 0.43, 99, 99, 99]
--- num:  29
list:  [0.56, 0.56, 1, 1, 0.98, 0.98, 0.5479069757461548, 0.5478345561027527, 0.22, 0.22, 0.49, 0.23, 0.0749999999999999, 0.0749999999999999, 1, 0.28, 0.955, 0.67, 0.29, 0.95, 0.96, 0.29, 0.29, 0.6, 0.43, 0.6, 0.43, 0.03, 0.44, 99, 99, 99]
--- num:  29
list:  [0.47, 0.47, 0.86, 0.86, 1, 1, 0.20317318618297575, 0.2025585877895355, 0.32, 0.32, 0.53, 0.2, 0.0749999999999999, 0.0749999999999999, 1, 0.25, 0.965, 0.65, 0.27, 0.96, 0.97, 0.27, 0.27, 0.6, 0.43, 0.6, 0.43, 0.02, 0.48, 99, 99, 99]
--- num:  29
list:  [0.47, 0.47, 0.87, 0.87, 1, 1, 0.16199999999999998, 0.16199999999999998, 0.34, 0.34, 0.48, 0.24, 0.0749999999999999, 0.0749999999999999, 1, 0.24, 0.97, 0.64, 0.26, 0.97, 0.97, 0.26, 0.26, 0.6, 0.43, 0.6, 0.43, 0.02, 0.53, 99, 99, 99]
--- num:  29
list:  [0.48, 0.48, 0.88, 0.88, 1, 1, 0.16199999999999998, 0.16199999999999998, 0.35, 0.35, 0.44, 0.28, 0.0749999999999999, 0.05999999999999989, 1, 0.24, 0.98, 0.64, 0.26, 0.98, 0.98, 0.26, 0.26, 0.6, 0.43, 0.59, 0.43, 0.02, 0.58, 99, 99, 99]
--- num:  29
list:  [0.49, 0.49, 0.9, 0.9, 1, 1, 0.16199999999999998, 0.16199999999999998, 0.35, 0.35, 0.4, 0.32, 0.08999999999999991, 0.05999999999999989, 1, 0.23, 0.98, 0.64, 0.26, 0.98, 0.98, 0.26, 0.26, 0.61, 0.42, 0.59, 0.43, 0.02, 0.6, 99, 99, 99]
--- num:  29
list:  [0.56, 0.56, 1, 1, 0.98, 0.98, 0.7285989928245544, 0.725890200138092, 0.2, 0.2, 0.42, 0.31, 0.08999999999999991, 0.0749999999999999, 1, 0.27, 0.965, 0.67, 0.29, 0.96, 0.97, 0.29, 0.29, 0.61, 0.42, 0.6, 0.43, 0.03, 0.62, 99, 99, 99]
--- num:  29
list:  [0.56, 0.56, 1, 1, 0.98, 0.98, 0.16199999999999998, 0.16199999999999998, 0.31, 0.31, 0.73, 0.01, 0.08999999999999991, 0.04499999999999987, 1, 0.26, 0.97, 0.66, 0.27, 0.97, 0.97, 0.27, 0.27, 0.61, 0.42, 0.58, 0.44, 0.03, 0.66, 99, 99, 99]
--- num:  29
list:  [0.49, 0.49, 0.91, 0.91, 1, 1, 0.16199999999999998, 0.16199999999999998, 0.33, 0.33, 0.73, 0.01, 0.08999999999999991, 0.02999999999999986, 1, 0.25, 0.975, 0.65, 0.27, 0.97, 0.98, 0.27, 0.27, 0.61, 0.43, 0.57, 0.44, 0.03, 0.7, 99, 99, 99]
--- num:  29
list:  [0.49, 0.49, 0.92, 0.92, 1, 1, 0.16199999999999998, 0.16199999999999998, 0.33, 0.33, 0.7, 0.04, 0.0749999999999999, 0.02999999999999986, 1, 0.24, 0.98, 0.64, 0.27, 0.98, 0.98, 0.27, 0.27, 0.6, 0.43, 0.57, 0.44, 0.03, 0.71, 99, 99, 99]
--- num:  29
list:  [0.56, 0.56, 1, 1, 0.98, 0.98, 0.7530483412742615, 0.7215388822555542, 0.24, 0.24, 0.29, 0.43, 0.05999999999999989, 0.02999999999999986, 1, 0.26, 0.975, 0.65, 0.28, 0.97, 0.98, 0.28, 0.28, 0.59, 0.43, 0.57, 0.44, 0.03, 0.72, 99, 99, 99]
--- num:  29
list:  [0.56, 0.56, 1, 1, 0.97, 0.97, 0.7294614124298096, 0.7207673001289367, 0.22, 0.22, 0.2, 0.53, 0.0749999999999999, 0.05999999999999989, 1, 0.26, 0.97, 0.66, 0.28, 0.97, 0.97, 0.28, 0.28, 0.6, 0.43, 0.59, 0.43, 0.03, 0.69, 99, 99, 99]
--- num:  29
list:  [0.56, 0.56, 1, 1, 0.98, 0.98, 0.4659005510807037, 0.4643073189258575, 0.26, 0.26, 0.19, 0.53, 0.13499999999999995, 0.11999999999999994, 1, 0.26, 0.96, 0.65, 0.28, 0.96, 0.96, 0.28, 0.28, 0.64, 0.41, 0.63, 0.41, 0.03, 0.66, 99, 99, 99]
--- num:  29
list:  [0.56, 0.56, 1, 1, 0.98, 0.98, 0.38398427844047545, 0.3811762738227844, 0.3, 0.3, 0.21, 0.52, 0.16499999999999998, 0.14999999999999997, 1, 0.25, 0.96, 0.65, 0.28, 0.96, 0.96, 0.28, 0.28, 0.66, 0.4, 0.65, 0.41, 0.03, 0.63, 99, 99, 99]
--- num:  29
list:  [0.56, 0.56, 1, 1, 0.98, 0.98, 0.34287713050842283, 0.3394679236412048, 0.33, 0.33, 0.22, 0.51, 0.16499999999999998, 0.14999999999999997, 1, 0.25, 0.96, 0.65, 0.29, 0.96, 0.96, 0.29, 0.29, 0.66, 0.4, 0.65, 0.4, 0.04, 0.61, 99, 99, 99]
--- num:  29
list:  [0.56, 0.56, 1, 1, 0.98, 0.98, 0.32312766790390013, 0.31871468901634215, 0.33, 0.33, 0.22, 0.5, 0.16499999999999998, 0.16499999999999998, 1, 0.25, 0.955, 0.65, 0.29, 0.95, 0.96, 0.29, 0.29, 0.66, 0.4, 0.66, 0.4, 0.04, 0.6, 99, 99, 99]
--- num:  29
list:  [0.56, 0.56, 1, 1, 0.98, 0.98, 0.3263274538516998, 0.32299778938293455, 0.33, 0.33, 0.22, 0.5, 0.195, 0.20999999999999985, 1, 0.26, 0.95, 0.65, 0.3, 0.95, 0.95, 0.3, 0.3, 0.68, 0.39, 0.69, 0.39, 0.04, 0.59, 99, 99, 99]
--- num:  29
list:  [0.56, 0.56, 1, 1, 0.98, 0.98, 0.34053937673568724, 0.33734909772872923, 0.33, 0.33, 0.23, 0.5, 0.195, 0.20999999999999985, 1, 0.26, 0.95, 0.66, 0.31, 0.95, 0.95, 0.31, 0.31, 0.68, 0.39, 0.69, 0.39, 0.04, 0.57, 99, 99, 99]
--- num:  29
list:  [0.56, 0.56, 1, 1, 0.98, 0.98, 0.35375518679618834, 0.3508278238773346, 0.32, 0.32, 0.24, 0.48, 0.20999999999999985, 0.20999999999999985, 1, 0.26, 0.95, 0.66, 0.31, 0.95, 0.95, 0.31, 0.31, 0.69, 0.39, 0.69, 0.39, 0.04, 0.56, 99, 99, 99]
--- num:  29
list:  [0.56, 0.56, 1, 1, 0.98, 0.98, 0.5346592473983764, 0.5333758401870727, 0.29, 0.29, 0.24, 0.49, 0.20999999999999985, 0.20999999999999985, 1, 0.26, 0.95, 0.66, 0.32, 0.95, 0.95, 0.32, 0.32, 0.69, 0.39, 0.69, 0.39, 0.04, 0.55, 99, 99, 99]
--- num:  29
list:  [0.56, 0.56, 1, 1, 0.98, 0.98, 0.46238173127174376, 0.458639155626297, 0.32, 0.32, 0.23, 0.49, 0.16499999999999998, 0.195, 1, 0.26, 0.95, 0.66, 0.31, 0.95, 0.95, 0.31, 0.31, 0.66, 0.4, 0.68, 0.39, 0.04, 0.54, 99, 99, 99]
--- num:  29
list:  [0.55, 0.55, 1, 1, 0.98, 0.98, 0.16199999999999998, 0.16199999999999998, 0.48, 0.48, 0.22, 0.5, 0.14999999999999997, 0.14999999999999997, 1, 0.26, 0.96, 0.66, 0.31, 0.96, 0.96, 0.31, 0.31, 0.65, 0.41, 0.65, 0.41, 0.04, 0.56, 99, 99, 99]
--- num:  29
list:  [0.46, 0.46, 0.84, 0.84, 1, 1, 0.16199999999999998, 0.16199999999999998, 0.46, 0.46, 0.23, 0.49, 0.13499999999999995, 0.11999999999999994, 1, 0.25, 0.97, 0.65, 0.28, 0.97, 0.97, 0.28, 0.28, 0.64, 0.41, 0.63, 0.41, 0.04, 0.59, 99, 99, 99]
--- num:  29
list:  [0.49, 0.49, 0.9, 0.9, 1, 1, 0.16199999999999998, 0.16199999999999998, 0.43, 0.43, 0.24, 0.48, 0.11999999999999994, 0.10499999999999993, 1, 0.24, 0.98, 0.64, 0.26, 0.98, 0.98, 0.26, 0.26, 0.63, 0.41, 0.62, 0.42, 0.03, 0.61, 99, 99, 99]
--- num:  29
list:  [0.5, 0.5, 0.93, 0.93, 1, 1, 0.16199999999999998, 0.16199999999999998, 0.4, 0.4, 0.24, 0.48, 0.10499999999999993, 0.0749999999999999, 1, 0.23, 0.98, 0.63, 0.26, 0.98, 0.98, 0.26, 0.26, 0.62, 0.42, 0.6, 0.43, 0.02, 0.64, 99, 99, 99]
--- num:  29
list:  [0.51, 0.51, 0.95, 0.95, 1, 1, 0.16199999999999998, 0.16199999999999998, 0.36, 0.36, 0.24, 0.48, 0.08999999999999991, 0.0749999999999999, 1, 0.22, 0.99, 0.63, 0.25, 0.99, 0.99, 0.25, 0.25, 0.61, 0.42, 0.6, 0.43, 0.02, 0.66, 99, 99, 99]
--- num:  29
list:  [0.52, 0.52, 0.97, 0.97, 1, 1, 0.16199999999999998, 0.16199999999999998, 0.33, 0.33, 0.25, 0.47, 0.08999999999999991, 0.0749999999999999, 1, 0.22, 0.99, 0.63, 0.25, 0.99, 0.99, 0.25, 0.25, 0.61, 0.42, 0.6, 0.43, 0.01, 0.67, 99, 99, 99]
--- num:  29
list:  [0.52, 0.52, 0.97, 0.97, 1, 1, 0.6997449803352356, 0.6918036150932312, 0.16, 0.16, 0.28, 0.45, 0.0749999999999999, 0.0749999999999999, 1, 0.22, 0.99, 0.63, 0.25, 0.99, 0.99, 0.25, 0.25, 0.6, 0.43, 0.6, 0.43, 0.01, 0.67, 99, 99, 99]
--- num:  29
list:  [0.5, 0.5, 0.93, 0.93, 1, 1, 0.16199999999999998, 0.16199999999999998, 0.3, 0.3, 0.47, 0.25, 0.0749999999999999, 0.05999999999999989, 1, 0.22, 0.99, 0.63, 0.25, 0.99, 0.99, 0.25, 0.25, 0.6, 0.43, 0.59, 0.43, 0.01, 0.67, 99, 99, 99]
--- num:  29
list:  [0.5, 0.5, 0.94, 0.94, 1, 1, 0.16199999999999998, 0.16199999999999998, 0.4, 0.4, 0.65, 0.08, 0.02999999999999986, 0.015000000000000013, 1, 0.22, 0.99, 0.63, 0.25, 0.99, 0.99, 0.25, 0.25, 0.57, 0.44, 0.56, 0.45, 0.01, 0.66, 99, 99, 99]
--- num:  29
list:  [0.52, 0.52, 0.97, 0.97, 1, 1, 0.16199999999999998, 0.16199999999999998, 0.39, 0.39, 0.6, 0.14, 0.02999999999999986, 0.015000000000000013, 1, 0.22, 0.99, 0.63, 0.25, 0.99, 0.99, 0.25, 0.25, 0.57, 0.44, 0.56, 0.45, 0.02, 0.66, 99, 99, 99]
--- num:  29
list:  [0.52, 0.52, 0.97, 0.97, 1, 1, 0.16199999999999998, 0.16199999999999998, 0.37, 0.37, 0.55, 0.18, 0.015000000000000013, 0.015000000000000013, 1, 0.22, 0.99, 0.63, 0.25, 0.99, 0.99, 0.25, 0.25, 0.56, 0.44, 0.56, 0.45, 0.02, 0.66, 99, 99, 99]
--- num:  29
list:  [0.52, 0.52, 0.97, 0.97, 1, 1, 0.16199999999999998, 0.16199999999999998, 0.37, 0.37, 0.53, 0.2, 0.015000000000000013, 0.015000000000000013, 1, 0.23, 0.99, 0.63, 0.25, 0.99, 0.99, 0.25, 0.25, 0.56, 0.44, 0.56, 0.44, 0.02, 0.67, 99, 99, 99]
--- num:  29
list:  [0.52, 0.52, 0.98, 0.98, 1, 1, 0.16199999999999998, 0.16199999999999998, 0.38, 0.38, 0.52, 0.21, 0.02999999999999986, 0.015000000000000013, 1, 0.23, 0.99, 0.63, 0.25, 0.99, 0.99, 0.25, 0.25, 0.57, 0.44, 0.56, 0.44, 0.02, 0.68, 99, 99, 99]
--- num:  29
list:  [0.52, 0.52, 0.98, 0.98, 1, 1, 0.16199999999999998, 0.16199999999999998, 0.39, 0.39, 0.53, 0.2, 0.02999999999999986, 0.015000000000000013, 1, 0.23, 0.99, 0.63, 0.25, 0.99, 0.99, 0.25, 0.25, 0.57, 0.44, 0.56, 0.44, 0.02, 0.68, 99, 99, 99]
--- num:  29
list:  [0.52, 0.52, 0.97, 0.97, 1, 1, 0.16199999999999998, 0.16199999999999998, 0.35, 0.35, 0.84, -0.09, 0.02999999999999986, 0.015000000000000013, 1, 0.23, 0.99, 0.63, 0.25, 0.99, 0.99, 0.25, 0.25, 0.57, 0.44, 0.56, 0.45, 0.02, 0.68, 99, 99, 99]
--- num:  29
list:  [0.52, 0.52, 0.98, 0.98, 1, 1, 0.16199999999999998, 0.16199999999999998, 0.39, 0.39, 0.83, -0.08, 0.02999999999999986, 0, 1, 0.22, 0.99, 0.63, 0.25, 0.99, 0.99, 0.25, 0.25, 0.57, 0.44, 0.54, 0.46, 0.02, 0.68, 99, 99, 99]
--- num:  29
list:  [0.53, 0.53, 0.99, 0.99, 1, 1, 0.16199999999999998, 0.16199999999999998, 0.41, 0.41, 0.84, -0.09, 0.02999999999999986, 0, 1, 0.22, 0.99, 0.63, 0.25, 0.99, 0.99, 0.25, 0.25, 0.57, 0.44, 0.54, 0.48, 0.02, 0.72, 99, 99, 99]
--- num:  29
list:  [0.53, 0.53, 0.99, 0.99, 1, 1, 0.16199999999999998, 0.16199999999999998, 0.41, 0.41, 0.81, -0.06, 0.02999999999999986, 0, 1, 0.22, 0.99, 0.63, 0.25, 0.99, 0.99, 0.25, 0.25, 0.57, 0.44, 0.53, 0.48, 0.02, 0.74, 99, 99, 99]
--- num:  29
list:  [0.52, 0.52, 0.99, 0.99, 1, 1, 0.16199999999999998, 0.16199999999999998, 0.41, 0.41, 0.82, -0.07, 0.015000000000000013, 0, 1, 0.22, 0.99, 0.63, 0.25, 0.99, 0.99, 0.25, 0.25, 0.56, 0.44, 0.53, 0.48, 0.02, 0.76, 99, 99, 99]
--- num:  29
list:  [0.53, 0.53, 0.99, 0.99, 1, 1, 0.16199999999999998, 0.16199999999999998, 0.42, 0.42, 0.83, -0.08, 0.02999999999999986, 0, 1, 0.22, 0.99, 0.63, 0.26, 0.99, 0.99, 0.26, 0.26, 0.57, 0.44, 0.54, 0.46, 0.02, 0.76, 99, 99, 99]
--- num:  29
list:  [0.52, 0.52, 0.97, 0.97, 1, 1, 0.2381542134284973, 0.23742465257644652, 0.31, 0.31, 0.74, 0.0, 0.0749999999999999, 0.015000000000000013, 1, 0.23, 0.99, 0.63, 0.26, 0.99, 0.99, 0.26, 0.26, 0.6, 0.43, 0.56, 0.44, 0.03, 0.75, 99, 99, 99]
--- num:  29
list:  [0.48, 0.48, 0.88, 0.88, 1, 1, 0.16199999999999998, 0.16199999999999998, 0.4, 0.4, 0.81, -0.07, 0.11999999999999994, 0.05999999999999989, 1, 0.23, 0.99, 0.64, 0.27, 0.99, 0.99, 0.27, 0.27, 0.63, 0.41, 0.59, 0.43, 0.03, 0.71, 99, 99, 99]
--- num:  29
list:  [0.43, 0.43, 0.78, 0.78, 1, 1, 0.16199999999999998, 0.16199999999999998, 0.44, 0.44, 0.85, -0.1, 0.16499999999999998, 0.0749999999999999, 1, 0.24, 0.985, 0.64, 0.29, 0.98, 0.99, 0.29, 0.29, 0.66, 0.4, 0.6, 0.43, 0.04, 0.63, 99, 99, 99]
--- num:  29
list:  [0.41, 0.41, 0.73, 0.73, 1, 1, 0.16199999999999998, 0.16199999999999998, 0.44, 0.44, 0.89, -0.14, 0.16499999999999998, 0.015000000000000013, 1, 0.25, 0.96, 0.65, 0.28, 0.95, 0.97, 0.28, 0.28, 0.66, 0.4, 0.56, 0.44, 0.12, 0.79, 99, 99, 99]
--- num:  29
list:  [0.32, 0.32, 0.52, 0.52, 1, 1, 0.16199999999999998, 0.16199999999999998, 0.42, 0.42, 0.9, -0.15, 0.2849999999999999, 0.10499999999999993, 1, 0.25, 0.91, 0.65, 0.28, 0.89, 0.93, 0.28, 0.28, 0.74, 0.37, 0.62, 0.42, 0.07, 0.73, 99, 99, 99]
--- num:  29
list:  [0.37, 0.37, 0.63, 0.63, 1, 1, 0.16199999999999998, 0.16199999999999998, 0.43, 0.43, 0.74, 0.0, 0.20999999999999985, 0.08999999999999991, 1, 0.25, 0.92, 0.65, 0.29, 0.91, 0.93, 0.29, 0.29, 0.69, 0.39, 0.61, 0.42, 0.05, 0.67, 99, 99, 99]
--- num:  29
list:  [0.57, 0.57, 1, 1, 0.96, 0.96, 0.944330792427063, 0.9440029668807983, 0.45, 0.45, 0.27, 0.46, 0, 0, 1, 0.26, 0.96, 0.66, 0.29, 0.96, 0.96, 0.29, 0.29, 0.52, 0.51, 0.51, 0.53, 0.1, 0.75, 99, 99, 99]
--- num:  29
list:  [0.56, 0.56, 1, 1, 0.97, 0.97, 0.25342912554740904, 0.2514666128158569, 0.4, 0.4, 0.2, 0.52, 0.22499999999999987, 0.195, 1, 0.26, 0.96, 0.65, 0.32, 0.96, 0.96, 0.32, 0.32, 0.7, 0.38, 0.68, 0.39, 0.07, 0.53, 99, 99, 99]
--- num:  29
list:  [0.56, 0.56, 1, 1, 0.98, 0.98, 0.16199999999999998, 0.16199999999999998, 0.47, 0.47, 0.26, 0.46, 0.195, 0.16499999999999998, 1, 0.25, 0.97, 0.65, 0.29, 0.97, 0.97, 0.29, 0.29, 0.68, 0.39, 0.66, 0.4, 0.05, 0.52, 99, 99, 99]
--- num:  29
list:  [0.47, 0.47, 0.86, 0.86, 1, 1, 0.16199999999999998, 0.16199999999999998, 0.46, 0.46, 0.28, 0.44, 0.18, 0.14999999999999997, 1, 0.24, 0.98, 0.64, 0.28, 0.98, 0.98, 0.28, 0.28, 0.67, 0.4, 0.65, 0.41, 0.04, 0.51, 99, 99, 99]
--- num:  29
list:  [0.47, 0.47, 0.86, 0.86, 1, 1, 0.16199999999999998, 0.16199999999999998, 0.45, 0.45, 0.29, 0.44, 0.16499999999999998, 0.13499999999999995, 1, 0.23, 0.98, 0.64, 0.27, 0.98, 0.98, 0.27, 0.27, 0.66, 0.4, 0.64, 0.41, 0.04, 0.51, 99, 99, 99]
--- num:  29
list:  [0.47, 0.47, 0.85, 0.85, 1, 1, 0.16199999999999998, 0.16199999999999998, 0.44, 0.44, 0.3, 0.42, 0.14999999999999997, 0.11999999999999994, 1, 0.23, 0.98, 0.64, 0.27, 0.98, 0.98, 0.27, 0.27, 0.65, 0.4, 0.63, 0.41, 0.03, 0.5, 99, 99, 99]
--- num:  29
list:  [0.47, 0.47, 0.85, 0.85, 1, 1, 0.16199999999999998, 0.16199999999999998, 0.43, 0.43, 0.33, 0.39, 0.14999999999999997, 0.11999999999999994, 1, 0.23, 0.98, 0.63, 0.27, 0.98, 0.98, 0.27, 0.27, 0.65, 0.41, 0.63, 0.42, 0.03, 0.49, 99, 99, 99]
--- num:  29
list:  [0.47, 0.47, 0.86, 0.86, 1, 1, 0.16199999999999998, 0.16199999999999998, 0.42, 0.42, 0.35, 0.37, 0.13499999999999995, 0.10499999999999993, 1, 0.23, 0.98, 0.63, 0.27, 0.98, 0.98, 0.27, 0.27, 0.64, 0.41, 0.62, 0.42, 0.03, 0.48, 99, 99, 99]
--- num:  29
list:  [0.47, 0.47, 0.87, 0.87, 1, 1, 0.16199999999999998, 0.16199999999999998, 0.41, 0.41, 0.36, 0.36, 0.13499999999999995, 0.10499999999999993, 1, 0.22, 0.98, 0.63, 0.27, 0.98, 0.98, 0.27, 0.27, 0.64, 0.41, 0.62, 0.42, 0.03, 0.47, 99, 99, 99]
--- num:  29
list:  [0.47, 0.47, 0.86, 0.86, 1, 1, 0.16199999999999998, 0.16199999999999998, 0.36, 0.36, 0.38, 0.34, 0.13499999999999995, 0.11999999999999994, 1, 0.25, 0.965, 0.65, 0.33, 0.96, 0.97, 0.33, 0.33, 0.64, 0.41, 0.63, 0.42, 0.04, 0.47, 99, 99, 99]
--- num:  29
list:  [0.56, 0.56, 1, 1, 0.98, 0.98, 0.42622549414634703, 0.42579505920410154, 0.27, 0.27, 0.36, 0.36, 0.13499999999999995, 0.13499999999999995, 1, 0.34, 0.87, 0.72, 0.43, 0.87, 0.87, 0.43, 0.43, 0.64, 0.41, 0.64, 0.41, 0.13, 0.42, 99, 99, 99]
--- num:  29
list:  [0.56, 0.56, 1, 1, 0.98, 0.98, 0.16199999999999998, 0.16199999999999998, 0.38, 0.38, 0.35, 0.37, 0.13499999999999995, 0.13499999999999995, 1, 0.33, 0.87, 0.71, 0.48, 0.87, 0.87, 0.48, 0.48, 0.64, 0.41, 0.64, 0.41, 0.16, 0.39, 99, 99, 99]
--- num:  29
list:  [0.56, 0.56, 1, 1, 0.98, 0.98, 0.16199999999999998, 0.16199999999999998, 0.39, 0.39, 0.35, 0.37, 0.11999999999999994, 0.11999999999999994, 1, 0.32, 0.87, 0.71, 0.49, 0.87, 0.87, 0.49, 0.49, 0.63, 0.41, 0.63, 0.41, 0.16, 0.39, 99, 99, 99]
--- num:  29
list:  [0.56, 0.56, 1, 1, 0.98, 0.98, 0.16199999999999998, 0.16199999999999998, 0.38, 0.38, 0.38, 0.34, 0.10499999999999993, 0.10499999999999993, 1, 0.31, 0.9, 0.7, 0.42, 0.9, 0.9, 0.42, 0.42, 0.62, 0.42, 0.62, 0.42, 0.11, 0.39, 99, 99, 99]
--- num:  29
list:  [0.56, 0.56, 1, 1, 0.98, 0.98, 0.16199999999999998, 0.16199999999999998, 0.37, 0.37, 0.4, 0.32, 0.10499999999999993, 0.10499999999999993, 1, 0.29, 0.91, 0.68, 0.39, 0.91, 0.91, 0.39, 0.39, 0.62, 0.42, 0.62, 0.42, 0.09, 0.4, 99, 99, 99]
--- num:  29
list:  [0.46, 0.46, 0.83, 0.83, 1, 1, 0.16199999999999998, 0.16199999999999998, 0.37, 0.37, 0.4, 0.32, 0.10499999999999993, 0.10499999999999993, 1, 0.28, 0.93, 0.67, 0.37, 0.93, 0.93, 0.37, 0.37, 0.62, 0.42, 0.62, 0.42, 0.07, 0.4, 99, 99, 99]
--- num:  29
list:  [0.46, 0.46, 0.84, 0.84, 1, 1, 0.5141411232948303, 0.5137375998497009, 0.24, 0.24, 0.46, 0.27, 0.10499999999999993, 0.10499999999999993, 1, 0.29, 0.925, 0.68, 0.38, 0.92, 0.93, 0.38, 0.38, 0.62, 0.42, 0.62, 0.42, 0.08, 0.41, 99, 99, 99]
--- num:  29
list:  [0.55, 0.55, 1, 1, 0.98, 0.98, 0.16199999999999998, 0.16199999999999998, 0.37, 0.37, 0.48, 0.24, 0.10499999999999993, 0.10499999999999993, 1, 0.3, 0.92, 0.69, 0.38, 0.92, 0.92, 0.38, 0.38, 0.62, 0.42, 0.62, 0.42, 0.09, 0.41, 99, 99, 99]
--- num:  29
list:  [0.45, 0.45, 0.81, 0.81, 1, 1, 0.16199999999999998, 0.16199999999999998, 0.45, 0.45, 0.47, 0.25, 0.08999999999999991, 0.0749999999999999, 1, 0.27, 0.95, 0.66, 0.33, 0.95, 0.95, 0.33, 0.33, 0.61, 0.42, 0.6, 0.43, 0.06, 0.41, 99, 99, 99]
--- num:  29
list:  [0.46, 0.46, 0.83, 0.83, 1, 1, 0.16199999999999998, 0.16199999999999998, 0.44, 0.44, 0.45, 0.27, 0.08999999999999991, 0.0749999999999999, 1, 0.26, 0.955, 0.66, 0.34, 0.95, 0.96, 0.34, 0.34, 0.61, 0.42, 0.6, 0.43, 0.06, 0.42, 99, 99, 99]
--- num:  29
list:  [0.46, 0.46, 0.85, 0.85, 1, 1, 0.16199999999999998, 0.16199999999999998, 0.42, 0.42, 0.43, 0.29, 0.08999999999999991, 0.0749999999999999, 1, 0.26, 0.955, 0.66, 0.35, 0.95, 0.96, 0.35, 0.35, 0.61, 0.42, 0.6, 0.43, 0.06, 0.43, 99, 99, 99]
--- num:  29
list:  [0.46, 0.46, 0.84, 0.84, 1, 1, 0.16199999999999998, 0.16199999999999998, 0.42, 0.42, 0.42, 0.3, 0.08999999999999991, 0.0749999999999999, 1, 0.26, 0.95, 0.66, 0.38, 0.95, 0.95, 0.38, 0.38, 0.61, 0.42, 0.6, 0.43, 0.06, 0.44, 99, 99, 99]
--- num:  29
list:  [0.46, 0.46, 0.84, 0.84, 1, 1, 0.16199999999999998, 0.16199999999999998, 0.41, 0.41, 0.41, 0.31, 0.08999999999999991, 0.08999999999999991, 1, 0.26, 0.95, 0.66, 0.35, 0.95, 0.95, 0.35, 0.35, 0.61, 0.42, 0.61, 0.43, 0.06, 0.44, 99, 99, 99]
--- num:  29
list:  [0.46, 0.46, 0.84, 0.84, 1, 1, 0.16199999999999998, 0.16199999999999998, 0.41, 0.41, 0.41, 0.31, 0.08999999999999991, 0.08999999999999991, 1, 0.26, 0.95, 0.66, 0.35, 0.95, 0.95, 0.35, 0.35, 0.61, 0.42, 0.61, 0.43, 0.06, 0.45, 99, 99, 99]
--- num:  29
list:  [0.45, 0.45, 0.82, 0.82, 1, 1, 0.41686231970787047, 0.4160210597515106, 0.25, 0.25, 0.4, 0.33, 0.10499999999999993, 0.10499999999999993, 1, 0.29, 0.925, 0.68, 0.39, 0.92, 0.93, 0.39, 0.39, 0.62, 0.42, 0.62, 0.42, 0.08, 0.44, 99, 99, 99]
--- num:  29
list:  [0.56, 0.56, 1, 1, 0.98, 0.98, 0.4706462728977203, 0.468957405090332, 0.25, 0.25, 0.28, 0.45, 0.11999999999999994, 0.11999999999999994, 1, 0.31, 0.9, 0.69, 0.38, 0.9, 0.9, 0.38, 0.38, 0.63, 0.42, 0.63, 0.42, 0.09, 0.44, 99, 99, 99]
--- num:  29
list:  [0.56, 0.56, 1, 1, 0.98, 0.98, 0.16199999999999998, 0.16199999999999998, 0.39, 0.39, 0.16, 0.57, 0.13499999999999995, 0.11999999999999994, 1, 0.31, 0.91, 0.69, 0.39, 0.91, 0.91, 0.39, 0.39, 0.64, 0.41, 0.63, 0.41, 0.08, 0.41, 99, 99, 99]
--- num:  29
list:  [0.56, 0.56, 1, 1, 0.98, 0.98, 0.16199999999999998, 0.16199999999999998, 0.41, 0.41, 0.19, 0.54, 0.10499999999999993, 0.10499999999999993, 1, 0.3, 0.925, 0.69, 0.36, 0.92, 0.93, 0.36, 0.36, 0.62, 0.42, 0.62, 0.42, 0.08, 0.39, 99, 99, 99]
--- num:  29
list:  [0.56, 0.56, 1, 1, 0.98, 0.98, 0.16199999999999998, 0.16199999999999998, 0.42, 0.42, 0.22, 0.51, 0.10499999999999993, 0.08999999999999991, 1, 0.3, 0.93, 0.69, 0.36, 0.93, 0.93, 0.36, 0.36, 0.62, 0.42, 0.61, 0.42, 0.08, 0.37, 99, 99, 99]
--- num:  29
list:  [0.56, 0.56, 1, 1, 0.98, 0.98, 0.16199999999999998, 0.16199999999999998, 0.42, 0.42, 0.22, 0.5, 0.10499999999999993, 0.08999999999999991, 1, 0.31, 0.925, 0.69, 0.37, 0.92, 0.93, 0.37, 0.37, 0.62, 0.42, 0.61, 0.42, 0.08, 0.36, 99, 99, 99]
--- num:  29
list:  [0.56, 0.56, 1, 1, 0.98, 0.98, 0.16199999999999998, 0.16199999999999998, 0.41, 0.41, 0.17, 0.55, 0.10499999999999993, 0.08999999999999991, 1, 0.31, 0.925, 0.69, 0.37, 0.92, 0.93, 0.37, 0.37, 0.62, 0.42, 0.61, 0.42, 0.08, 0.35, 99, 99, 99]
--- num:  29
list:  [0.56, 0.56, 1, 1, 0.98, 0.98, 0.16199999999999998, 0.16199999999999998, 0.41, 0.41, 0.13, 0.6, 0.10499999999999993, 0.08999999999999991, 1, 0.31, 0.92, 0.7, 0.38, 0.92, 0.92, 0.38, 0.38, 0.62, 0.42, 0.61, 0.42, 0.08, 0.34, 99, 99, 99]
--- num:  29
list:  [0.56, 0.56, 1, 1, 0.98, 0.98, 0.16199999999999998, 0.16199999999999998, 0.41, 0.41, 0.12, 0.61, 0.10499999999999993, 0.08999999999999991, 1, 0.31, 0.92, 0.7, 0.38, 0.92, 0.92, 0.38, 0.38, 0.62, 0.42, 0.61, 0.42, 0.08, 0.34, 99, 99, 99]
--- num:  29
list:  [0.56, 0.56, 1, 1, 0.98, 0.98, 0.16199999999999998, 0.16199999999999998, 0.41, 0.41, 0.11, 0.62, 0.10499999999999993, 0.10499999999999993, 1, 0.32, 0.915, 0.7, 0.39, 0.91, 0.92, 0.39, 0.39, 0.62, 0.42, 0.62, 0.42, 0.08, 0.35, 99, 99, 99]
--- num:  29
list:  [0.56, 0.56, 1, 1, 0.98, 0.98, 0.16199999999999998, 0.16199999999999998, 0.41, 0.41, 0.09, 0.65, 0.10499999999999993, 0.10499999999999993, 1, 0.32, 0.92, 0.7, 0.39, 0.92, 0.92, 0.39, 0.39, 0.62, 0.42, 0.62, 0.42, 0.08, 0.36, 99, 99, 99]
--- num:  29
list:  [0.56, 0.56, 1, 1, 0.98, 0.98, 0.16199999999999998, 0.16199999999999998, 0.35, 0.35, 0.16, 0.57, 0.13499999999999995, 0.11999999999999994, 1, 0.31, 0.92, 0.7, 0.39, 0.92, 0.92, 0.39, 0.39, 0.64, 0.41, 0.63, 0.41, 0.07, 0.37, 99, 99, 99]
--- num:  29
list:  [0.56, 0.56, 1, 1, 0.98, 0.98, 0.6839064168930054, 0.683384518623352, 0.19, 0.19, 0.46, 0.26, 0.13499999999999995, 0.11999999999999994, 1, 0.31, 0.915, 0.7, 0.37, 0.91, 0.92, 0.37, 0.37, 0.64, 0.41, 0.63, 0.41, 0.07, 0.37, 99, 99, 99]
--- num:  29
list:  [0.56, 0.56, 1, 1, 0.98, 0.98, 0.2164862263202667, 0.2160643297433853, 0.31, 0.31, 0.46, 0.26, 0.13499999999999995, 0.11999999999999994, 1, 0.3, 0.92, 0.69, 0.35, 0.92, 0.92, 0.35, 0.35, 0.64, 0.41, 0.63, 0.41, 0.07, 0.38, 99, 99, 99]
--- num:  29
list:  [0.45, 0.45, 0.82, 0.82, 1, 1, 0.16199999999999998, 0.16199999999999998, 0.34, 0.34, 0.43, 0.29, 0.13499999999999995, 0.11999999999999994, 1, 0.27, 0.94, 0.66, 0.33, 0.94, 0.94, 0.33, 0.33, 0.64, 0.41, 0.63, 0.41, 0.05, 0.39, 99, 99, 99]
--- num:  29
list:  [0.46, 0.46, 0.84, 0.84, 1, 1, 0.16199999999999998, 0.16199999999999998, 0.34, 0.34, 0.42, 0.31, 0.13499999999999995, 0.11999999999999994, 1, 0.26, 0.94, 0.66, 0.33, 0.94, 0.94, 0.33, 0.33, 0.64, 0.41, 0.63, 0.41, 0.05, 0.41, 99, 99, 99]
--- num:  29
list:  [0.47, 0.47, 0.86, 0.86, 1, 1, 0.16199999999999998, 0.16199999999999998, 0.35, 0.35, 0.38, 0.34, 0.13499999999999995, 0.11999999999999994, 1, 0.25, 0.94, 0.65, 0.34, 0.94, 0.94, 0.34, 0.34, 0.64, 0.41, 0.63, 0.42, 0.04, 0.42, 99, 99, 99]
--- num:  29
list:  [0.47, 0.47, 0.87, 0.87, 1, 1, 0.16199999999999998, 0.16199999999999998, 0.35, 0.35, 0.35, 0.37, 0.13499999999999995, 0.11999999999999994, 1, 0.25, 0.94, 0.65, 0.33, 0.94, 0.94, 0.33, 0.33, 0.64, 0.41, 0.63, 0.42, 0.04, 0.43, 99, 99, 99]
--- num:  29
list:  [0.47, 0.47, 0.87, 0.87, 1, 1, 0.16199999999999998, 0.16199999999999998, 0.35, 0.35, 0.33, 0.39, 0.11999999999999994, 0.10499999999999993, 1, 0.25, 0.95, 0.65, 0.32, 0.95, 0.95, 0.32, 0.32, 0.63, 0.41, 0.62, 0.42, 0.04, 0.44, 99, 99, 99]
--- num:  29
list:  [0.47, 0.47, 0.87, 0.87, 1, 1, 0.16199999999999998, 0.16199999999999998, 0.35, 0.35, 0.3, 0.42, 0.10499999999999993, 0.10499999999999993, 1, 0.26, 0.95, 0.65, 0.32, 0.95, 0.95, 0.32, 0.32, 0.62, 0.42, 0.62, 0.42, 0.05, 0.46, 99, 99, 99]
--- num:  29
list:  [0.47, 0.47, 0.87, 0.87, 1, 1, 0.16199999999999998, 0.16199999999999998, 0.35, 0.35, 0.28, 0.44, 0.10499999999999993, 0.10499999999999993, 1, 0.25, 0.95, 0.65, 0.32, 0.95, 0.95, 0.32, 0.32, 0.62, 0.42, 0.62, 0.42, 0.05, 0.48, 99, 99, 99]
--- num:  29
list:  [0.48, 0.48, 0.87, 0.87, 1, 1, 0.16199999999999998, 0.16199999999999998, 0.36, 0.36, 0.28, 0.44, 0.10499999999999993, 0.10499999999999993, 1, 0.25, 0.95, 0.65, 0.32, 0.95, 0.95, 0.32, 0.32, 0.62, 0.42, 0.62, 0.42, 0.05, 0.5, 99, 99, 99]
--- num:  29
list:  [0.48, 0.48, 0.88, 0.88, 1, 1, 0.16199999999999998, 0.16199999999999998, 0.36, 0.36, 0.29, 0.44, 0.10499999999999993, 0.10499999999999993, 1, 0.25, 0.95, 0.65, 0.31, 0.95, 0.95, 0.31, 0.31, 0.62, 0.42, 0.62, 0.42, 0.05, 0.52, 99, 99, 99]
--- num:  29
list:  [0.47, 0.47, 0.87, 0.87, 1, 1, 0.16199999999999998, 0.16199999999999998, 0.36, 0.36, 0.42, 0.3, 0.11999999999999994, 0.10499999999999993, 1, 0.26, 0.95, 0.66, 0.32, 0.95, 0.95, 0.32, 0.32, 0.63, 0.41, 0.62, 0.42, 0.05, 0.54, 99, 99, 99]
--- num:  29
list:  [0.47, 0.47, 0.87, 0.87, 1, 1, 0.16199999999999998, 0.16199999999999998, 0.36, 0.36, 0.42, 0.3, 0.11999999999999994, 0.10499999999999993, 1, 0.27, 0.945, 0.66, 0.33, 0.94, 0.95, 0.33, 0.33, 0.63, 0.41, 0.62, 0.42, 0.05, 0.56, 99, 99, 99]
--- num:  29
list:  [0.47, 0.47, 0.86, 0.86, 1, 1, 0.16199999999999998, 0.16199999999999998, 0.36, 0.36, 0.41, 0.31, 0.13499999999999995, 0.10499999999999993, 1, 0.27, 0.945, 0.67, 0.33, 0.94, 0.95, 0.33, 0.33, 0.64, 0.41, 0.62, 0.42, 0.06, 0.57, 99, 99, 99]
--- num:  29
list:  [0.47, 0.47, 0.86, 0.86, 1, 1, 0.16199999999999998, 0.16199999999999998, 0.36, 0.36, 0.41, 0.31, 0.13499999999999995, 0.10499999999999993, 1, 0.27, 0.945, 0.67, 0.33, 0.94, 0.95, 0.33, 0.33, 0.64, 0.41, 0.62, 0.42, 0.06, 0.58, 99, 99, 99]
--- num:  29
list:  [0.47, 0.47, 0.87, 0.87, 1, 1, 0.16199999999999998, 0.16199999999999998, 0.36, 0.36, 0.43, 0.29, 0.13499999999999995, 0.10499999999999993, 1, 0.27, 0.945, 0.67, 0.33, 0.94, 0.95, 0.33, 0.33, 0.64, 0.41, 0.62, 0.42, 0.06, 0.58, 99, 99, 99]
--- num:  29
list:  [0.56, 0.56, 1, 1, 0.98, 0.98, 0.28869138240814207, 0.2878799247741699, 0.31, 0.31, 0.69, 0.05, 0.13499999999999995, 0.10499999999999993, 1, 0.31, 0.925, 0.7, 0.36, 0.92, 0.93, 0.36, 0.36, 0.64, 0.41, 0.62, 0.42, 0.08, 0.6, 99, 99, 99]
--- num:  29
list:  [0.56, 0.56, 1, 1, 0.98, 0.98, 0.16199999999999998, 0.16199999999999998, 0.37, 0.37, 0.81, -0.06, 0.13499999999999995, 0.08999999999999991, 1, 0.3, 0.935, 0.69, 0.34, 0.93, 0.94, 0.34, 0.34, 0.64, 0.41, 0.61, 0.42, 0.07, 0.61, 99, 99, 99]
--- num:  29
list:  [0.46, 0.46, 0.84, 0.84, 1, 1, 0.16199999999999998, 0.16199999999999998, 0.38, 0.38, 0.82, -0.08, 0.14999999999999997, 0.0749999999999999, 1, 0.27, 0.95, 0.67, 0.32, 0.95, 0.95, 0.32, 0.32, 0.65, 0.41, 0.6, 0.43, 0.06, 0.62, 99, 99, 99]
--- num:  29
list:  [0.46, 0.46, 0.84, 0.84, 1, 1, 0.16199999999999998, 0.16199999999999998, 0.38, 0.38, 0.83, -0.08, 0.14999999999999997, 0.0749999999999999, 1, 0.27, 0.955, 0.67, 0.32, 0.95, 0.96, 0.32, 0.32, 0.65, 0.41, 0.6, 0.43, 0.06, 0.62, 99, 99, 99]
--- num:  29
list:  [0.46, 0.46, 0.84, 0.84, 1, 1, 0.16199999999999998, 0.16199999999999998, 0.34, 0.34, 0.56, 0.17, 0.14999999999999997, 0.08999999999999991, 1, 0.27, 0.95, 0.67, 0.32, 0.95, 0.95, 0.32, 0.32, 0.65, 0.41, 0.61, 0.42, 0.06, 0.62, 99, 99, 99]
--- num:  29
list:  [0.55, 0.55, 1, 1, 0.98, 0.98, 0.16199999999999998, 0.16199999999999998, 0.32, 0.32, 0.52, 0.21, 0.14999999999999997, 0.10499999999999993, 1, 0.28, 0.935, 0.67, 0.35, 0.93, 0.94, 0.35, 0.35, 0.65, 0.41, 0.62, 0.42, 0.06, 0.61, 99, 99, 99]
--- num:  29
list:  [0.46, 0.46, 0.85, 0.85, 1, 1, 0.16199999999999998, 0.16199999999999998, 0.52, 0.52, 0.74, -0.0, 0.13499999999999995, 0.0749999999999999, 1, 0.29, 0.94, 0.68, 0.35, 0.94, 0.94, 0.35, 0.35, 0.64, 0.41, 0.6, 0.43, 0.08, 0.62, 99, 99, 99]
--- num:  29
list:  [0.55, 0.55, 1, 1, 0.98, 0.98, 0.16199999999999998, 0.16199999999999998, 0.55, 0.55, 0.74, 0.0, 0.11999999999999994, 0.04499999999999987, 1, 0.29, 0.95, 0.68, 0.34, 0.95, 0.95, 0.34, 0.34, 0.63, 0.42, 0.58, 0.44, 0.09, 0.62, 99, 99, 99]
--- num:  29
list:  [0.56, 0.56, 1, 1, 0.98, 0.98, 0.16199999999999998, 0.16199999999999998, 0.55, 0.55, 0.72, 0.02, 0.10499999999999993, 0.04499999999999987, 1, 0.3, 0.955, 0.69, 0.34, 0.95, 0.96, 0.34, 0.34, 0.62, 0.42, 0.58, 0.44, 0.09, 0.63, 99, 99, 99]
--- num:  29
list:  [0.56, 0.56, 1, 1, 0.98, 0.98, 0.16199999999999998, 0.16199999999999998, 0.54, 0.54, 0.72, 0.02, 0.10499999999999993, 0.04499999999999987, 1, 0.3, 0.955, 0.69, 0.35, 0.95, 0.96, 0.35, 0.35, 0.62, 0.42, 0.58, 0.44, 0.09, 0.63, 99, 99, 99]
--- num:  29
list:  [0.56, 0.56, 1, 1, 0.97, 0.97, 0.16199999999999998, 0.16199999999999998, 0.54, 0.54, 0.71, 0.03, 0.10499999999999993, 0.04499999999999987, 1, 0.3, 0.955, 0.69, 0.35, 0.95, 0.96, 0.35, 0.35, 0.62, 0.42, 0.58, 0.44, 0.09, 0.64, 99, 99, 99]
--- num:  29
list:  [0.56, 0.56, 1, 1, 0.97, 0.97, 0.16199999999999998, 0.16199999999999998, 0.54, 0.54, 0.72, 0.02, 0.10499999999999993, 0.04499999999999987, 1, 0.3, 0.96, 0.69, 0.34, 0.96, 0.96, 0.34, 0.34, 0.62, 0.42, 0.58, 0.44, 0.09, 0.64, 99, 99, 99]
--- num:  29
list:  [0.56, 0.56, 1, 1, 0.97, 0.97, 0.16199999999999998, 0.16199999999999998, 0.53, 0.53, 0.71, 0.03, 0.10499999999999993, 0.04499999999999987, 1, 0.31, 0.955, 0.69, 0.35, 0.95, 0.96, 0.35, 0.35, 0.62, 0.42, 0.58, 0.44, 0.09, 0.64, 99, 99, 99]
--- num:  29
list:  [0.56, 0.56, 1, 1, 0.97, 0.97, 0.16199999999999998, 0.16199999999999998, 0.53, 0.53, 0.7, 0.04, 0.10499999999999993, 0.04499999999999987, 1, 0.31, 0.955, 0.69, 0.35, 0.95, 0.96, 0.35, 0.35, 0.62, 0.42, 0.58, 0.44, 0.1, 0.64, 99, 99, 99]
--- num:  29
list:  [0.56, 0.56, 1, 1, 0.97, 0.97, 0.16199999999999998, 0.16199999999999998, 0.42, 0.42, 0.64, 0.09, 0.11999999999999994, 0.0749999999999999, 1, 0.31, 0.955, 0.69, 0.34, 0.95, 0.96, 0.34, 0.34, 0.63, 0.42, 0.6, 0.43, 0.1, 0.65, 99, 99, 99]
--- num:  29
list:  [0.57, 0.57, 1, 1, 0.97, 0.97, 0.313404541015625, 0.3122091698646545, 0.27, 0.27, 0.38, 0.34, 0.13499999999999995, 0.10499999999999993, 1, 0.31, 0.935, 0.7, 0.36, 0.93, 0.94, 0.36, 0.36, 0.64, 0.41, 0.62, 0.42, 0.1, 0.66, 99, 99, 99]
--- num:  29
list:  [0.57, 0.57, 1, 1, 0.97, 0.97, 0.2783907163143158, 0.2774576354026794, 0.28, 0.28, 0.35, 0.38, 0.13499999999999995, 0.11999999999999994, 1, 0.31, 0.925, 0.7, 0.35, 0.92, 0.93, 0.35, 0.35, 0.64, 0.41, 0.63, 0.42, 0.08, 0.65, 99, 99, 99]
--- num:  29
list:  [0.57, 0.57, 1, 1, 0.97, 0.97, 0.25786919474601744, 0.257014285326004, 0.28, 0.28, 0.35, 0.37, 0.14999999999999997, 0.11999999999999994, 1, 0.3, 0.925, 0.69, 0.35, 0.92, 0.93, 0.35, 0.35, 0.65, 0.41, 0.63, 0.42, 0.08, 0.64, 99, 99, 99]
--- num:  29
list:  [0.57, 0.57, 1, 1, 0.97, 0.97, 0.24135504245758055, 0.24052460074424742, 0.29, 0.29, 0.35, 0.37, 0.14999999999999997, 0.11999999999999994, 1, 0.31, 0.925, 0.69, 0.35, 0.92, 0.93, 0.35, 0.35, 0.65, 0.41, 0.63, 0.41, 0.08, 0.64, 99, 99, 99]
--- num:  29
list:  [0.57, 0.57, 1, 1, 0.97, 0.97, 0.239820818901062, 0.2390205371379852, 0.3, 0.3, 0.36, 0.37, 0.14999999999999997, 0.11999999999999994, 1, 0.31, 0.93, 0.69, 0.35, 0.93, 0.93, 0.35, 0.35, 0.65, 0.41, 0.63, 0.41, 0.07, 0.64, 99, 99, 99]
--- num:  29
list:  [0.57, 0.57, 1, 1, 0.97, 0.97, 0.7292663264274597, 0.7253858852386474, 0.19, 0.19, 0.31, 0.42, 0.14999999999999997, 0.13499999999999995, 1, 0.31, 0.92, 0.69, 0.35, 0.91, 0.93, 0.35, 0.35, 0.65, 0.4, 0.64, 0.41, 0.08, 0.64, 99, 99, 99]
--- num:  29
list:  [0.57, 0.57, 1, 1, 0.97, 0.97, 0.48297456979751585, 0.48192707777023314, 0.22, 0.22, 0.43, 0.3, 0.14999999999999997, 0.13499999999999995, 1, 0.31, 0.915, 0.7, 0.35, 0.91, 0.92, 0.35, 0.35, 0.65, 0.4, 0.64, 0.41, 0.08, 0.64, 99, 99, 99]
--- num:  29
list:  [0.57, 0.57, 1, 1, 0.97, 0.97, 0.3630006420612335, 0.3620136487483978, 0.26, 0.26, 0.46, 0.26, 0.16499999999999998, 0.13499999999999995, 1, 0.31, 0.925, 0.7, 0.35, 0.92, 0.93, 0.35, 0.35, 0.66, 0.4, 0.64, 0.41, 0.07, 0.64, 99, 99, 99]
--- num:  29
list:  [0.57, 0.57, 1, 1, 0.97, 0.97, 0.338313649892807, 0.3369417595863342, 0.26, 0.26, 0.48, 0.24, 0.14999999999999997, 0.13499999999999995, 1, 0.31, 0.93, 0.69, 0.34, 0.93, 0.93, 0.34, 0.34, 0.65, 0.4, 0.64, 0.41, 0.07, 0.65, 99, 99, 99]
--- num:  29
list:  [0.57, 0.57, 1, 1, 0.97, 0.97, 0.32177467226982115, 0.32072881937026976, 0.26, 0.26, 0.48, 0.24, 0.16499999999999998, 0.13499999999999995, 1, 0.31, 0.93, 0.69, 0.34, 0.93, 0.93, 0.34, 0.34, 0.66, 0.4, 0.64, 0.41, 0.07, 0.65, 99, 99, 99]
--- num:  29
list:  [0.57, 0.57, 1, 1, 0.97, 0.97, 0.31881759643554686, 0.31774030208587645, 0.26, 0.26, 0.49, 0.23, 0.16499999999999998, 0.13499999999999995, 1, 0.31, 0.935, 0.69, 0.34, 0.93, 0.94, 0.34, 0.34, 0.66, 0.4, 0.64, 0.41, 0.07, 0.65, 99, 99, 99]
--- num:  29
list:  [0.57, 0.57, 1, 1, 0.97, 0.97, 0.3521211850643158, 0.350115727186203, 0.26, 0.26, 0.47, 0.26, 0.16499999999999998, 0.13499999999999995, 1, 0.3, 0.935, 0.69, 0.34, 0.93, 0.94, 0.34, 0.34, 0.66, 0.4, 0.64, 0.41, 0.07, 0.65, 99, 99, 99]
--- num:  29
list:  [0.56, 0.56, 1, 1, 0.97, 0.97, 0.3271068739891052, 0.3253378975391388, 0.27, 0.27, 0.43, 0.29, 0.16499999999999998, 0.13499999999999995, 1, 0.3, 0.94, 0.69, 0.34, 0.94, 0.94, 0.34, 0.34, 0.66, 0.4, 0.64, 0.41, 0.06, 0.64, 99, 99, 99]
--- num:  29
list:  [0.56, 0.56, 1, 1, 0.97, 0.97, 0.28955097079277037, 0.2882136511802673, 0.28, 0.28, 0.46, 0.27, 0.16499999999999998, 0.13499999999999995, 1, 0.3, 0.94, 0.69, 0.34, 0.94, 0.94, 0.34, 0.34, 0.66, 0.4, 0.64, 0.41, 0.06, 0.65, 99, 99, 99]
--- num:  29
list:  [0.56, 0.56, 1, 1, 0.97, 0.97, 0.44589961647987364, 0.4439420509338379, 0.25, 0.25, 0.29, 0.43, 0.16499999999999998, 0.13499999999999995, 1, 0.29, 0.94, 0.68, 0.33, 0.94, 0.94, 0.33, 0.33, 0.66, 0.4, 0.64, 0.41, 0.06, 0.65, 99, 99, 99]
--- num:  29
list:  [0.56, 0.56, 1, 1, 0.97, 0.97, 0.7487147259712219, 0.7361354637145996, 0.21, 0.21, 0.2, 0.52, 0.13499999999999995, 0.13499999999999995, 1, 0.29, 0.94, 0.68, 0.33, 0.94, 0.94, 0.33, 0.33, 0.64, 0.41, 0.64, 0.41, 0.06, 0.67, 99, 99, 99]
--- num:  29
list:  [0.56, 0.56, 1, 1, 0.98, 0.98, 0.18646585524082182, 0.18536790788173674, 0.34, 0.34, 0.2, 0.52, 0.13499999999999995, 0.13499999999999995, 1, 0.26, 0.96, 0.66, 0.29, 0.96, 0.96, 0.29, 0.29, 0.64, 0.41, 0.64, 0.41, 0.04, 0.66, 99, 99, 99]
--- num:  29
list:  [0.48, 0.48, 0.89, 0.89, 1, 1, 0.16199999999999998, 0.16199999999999998, 0.36, 0.36, 0.24, 0.48, 0.13499999999999995, 0.13499999999999995, 1, 0.24, 0.97, 0.64, 0.27, 0.97, 0.97, 0.27, 0.27, 0.64, 0.41, 0.64, 0.41, 0.03, 0.64, 99, 99, 99]
--- num:  29
list:  [0.49, 0.49, 0.9, 0.9, 1, 1, 0.16199999999999998, 0.16199999999999998, 0.36, 0.36, 0.26, 0.46, 0.11999999999999994, 0.11999999999999994, 1, 0.23, 0.98, 0.64, 0.27, 0.98, 0.98, 0.27, 0.27, 0.63, 0.41, 0.63, 0.42, 0.03, 0.61, 99, 99, 99]
--- num:  29
list:  [0.49, 0.49, 0.9, 0.9, 1, 1, 0.16199999999999998, 0.16199999999999998, 0.36, 0.36, 0.28, 0.45, 0.11999999999999994, 0.10499999999999993, 1, 0.23, 0.98, 0.63, 0.26, 0.98, 0.98, 0.26, 0.26, 0.63, 0.41, 0.62, 0.42, 0.02, 0.59, 99, 99, 99]
--- num:  29
list:  [0.49, 0.49, 0.9, 0.9, 1, 1, 0.16199999999999998, 0.16199999999999998, 0.36, 0.36, 0.28, 0.44, 0.11999999999999994, 0.10499999999999993, 1, 0.23, 0.98, 0.63, 0.26, 0.98, 0.98, 0.26, 0.26, 0.63, 0.41, 0.62, 0.42, 0.02, 0.59, 99, 99, 99]
--- num:  29
list:  [0.49, 0.49, 0.91, 0.91, 1, 1, 0.16199999999999998, 0.16199999999999998, 0.36, 0.36, 0.28, 0.44, 0.11999999999999994, 0.10499999999999993, 1, 0.23, 0.98, 0.63, 0.26, 0.98, 0.98, 0.26, 0.26, 0.63, 0.41, 0.62, 0.42, 0.02, 0.57, 99, 99, 99]
--- num:  29
list:  [0.49, 0.49, 0.91, 0.91, 1, 1, 0.16199999999999998, 0.16199999999999998, 0.37, 0.37, 0.27, 0.45, 0.11999999999999994, 0.10499999999999993, 1, 0.22, 0.98, 0.63, 0.26, 0.98, 0.98, 0.26, 0.26, 0.63, 0.41, 0.62, 0.42, 0.02, 0.57, 99, 99, 99]
--- num:  29
list:  [0.49, 0.49, 0.91, 0.91, 1, 1, 0.16199999999999998, 0.16199999999999998, 0.43, 0.43, 0.26, 0.46, 0.10499999999999993, 0.08999999999999991, 1, 0.22, 0.99, 0.63, 0.26, 0.99, 0.99, 0.26, 0.26, 0.62, 0.42, 0.61, 0.42, 0.02, 0.57, 99, 99, 99]
--- num:  29
list:  [0.5, 0.5, 0.93, 0.93, 1, 1, 0.16199999999999998, 0.16199999999999998, 0.45, 0.45, 0.25, 0.47, 0.10499999999999993, 0.08999999999999991, 1, 0.22, 0.99, 0.63, 0.26, 0.99, 0.99, 0.26, 0.26, 0.62, 0.42, 0.61, 0.42, 0.01, 0.58, 99, 99, 99]
--- num:  29
list:  [0.5, 0.5, 0.93, 0.93, 1, 1, 0.16199999999999998, 0.16199999999999998, 0.45, 0.45, 0.25, 0.47, 0.08999999999999991, 0.0749999999999999, 1, 0.22, 0.99, 0.63, 0.25, 0.99, 0.99, 0.25, 0.25, 0.61, 0.42, 0.6, 0.43, 0.01, 0.58, 99, 99, 99]
--- num:  29
list:  [0.5, 0.5, 0.93, 0.93, 1, 1, 0.16199999999999998, 0.16199999999999998, 0.45, 0.45, 0.25, 0.47, 0.08999999999999991, 0.0749999999999999, 1, 0.22, 0.99, 0.63, 0.25, 0.99, 0.99, 0.25, 0.25, 0.61, 0.42, 0.6, 0.43, 0.01, 0.58, 99, 99, 99]
--- num:  29
list:  [0.49, 0.49, 0.92, 0.92, 1, 1, 0.16199999999999998, 0.16199999999999998, 0.45, 0.45, 0.25, 0.47, 0.08999999999999991, 0.0749999999999999, 1, 0.22, 0.99, 0.63, 0.25, 0.99, 0.99, 0.25, 0.25, 0.61, 0.42, 0.6, 0.43, 0.01, 0.58, 99, 99, 99]
--- num:  29
list:  [0.5, 0.5, 0.93, 0.93, 1, 1, 0.16199999999999998, 0.16199999999999998, 0.46, 0.46, 0.26, 0.47, 0.08999999999999991, 0.0749999999999999, 1, 0.22, 0.99, 0.63, 0.25, 0.99, 0.99, 0.25, 0.25, 0.61, 0.42, 0.6, 0.43, 0.01, 0.58, 99, 99, 99]
--- num:  29
list:  [0.47, 0.47, 0.87, 0.87, 1, 1, 0.29732040643692015, 0.29583130359649656, 0.31, 0.31, 0.3, 0.42, 0.08999999999999991, 0.10499999999999993, 1, 0.22, 0.99, 0.63, 0.27, 0.99, 0.99, 0.27, 0.27, 0.61, 0.42, 0.62, 0.42, 0.02, 0.57, 99, 99, 99]
--- num:  29
list:  [0.46, 0.46, 0.83, 0.83, 1, 1, 0.924147527217865, 0.9246710348129272, 0.32, 0.32, 0.3, 0.42, 0.10499999999999993, 0.11999999999999994, 1, 0.23, 0.97, 0.64, 0.27, 0.97, 0.97, 0.27, 0.27, 0.62, 0.42, 0.63, 0.41, 0.02, 0.57, 99, 99, 99]
--- num:  29
list:  [0.46, 0.46, 0.83, 0.83, 1, 1, 0.8899964499473572, 0.8895076322555542, 0.29, 0.29, 0.3, 0.42, 0.10499999999999993, 0.14999999999999997, 1, 0.24, 0.97, 0.64, 0.27, 0.97, 0.97, 0.27, 0.27, 0.62, 0.42, 0.65, 0.41, 0.02, 0.58, 99, 99, 99]
--- num:  29
list:  [0.46, 0.46, 0.83, 0.83, 1, 1, 0.16199999999999998, 0.16199999999999998, 0.35, 0.35, 0.49, 0.24, 0.10499999999999993, 0.13499999999999995, 1, 0.24, 0.97, 0.64, 0.27, 0.97, 0.97, 0.27, 0.27, 0.62, 0.42, 0.64, 0.41, 0.02, 0.58, 99, 99, 99]
--- num:  29
list:  [0.47, 0.47, 0.87, 0.87, 1, 1, 0.16199999999999998, 0.16199999999999998, 0.38, 0.38, 0.51, 0.22, 0.13499999999999995, 0.11999999999999994, 1, 0.23, 0.98, 0.64, 0.27, 0.98, 0.98, 0.27, 0.27, 0.64, 0.41, 0.63, 0.41, 0.02, 0.59, 99, 99, 99]
--- num:  29
list:  [0.47, 0.47, 0.87, 0.87, 1, 1, 0.16199999999999998, 0.16199999999999998, 0.39, 0.38, 0.5, 0.23, 0.14999999999999997, 0.11999999999999994, 1, 0.24, 0.98, 0.64, 0.3, 0.98, 0.98, 0.3, 0.3, 0.65, 0.4, 0.63, 0.41, 0.03, 0.59, 99, 99, 99]
--- num:  29
list:  [0.47, 0.47, 0.86, 0.86, 1, 1, 0.16199999999999998, 0.16199999999999998, 0.36, 0.36, 0.71, 0.03, 0.14999999999999997, 0.11999999999999994, 1, 0.25, 0.97, 0.65, 0.31, 0.97, 0.97, 0.31, 0.31, 0.65, 0.4, 0.63, 0.41, 0.04, 0.59, 99, 99, 99]
--- num:  29
list:  [0.47, 0.47, 0.86, 0.86, 1, 1, 0.16199999999999998, 0.16199999999999998, 0.36, 0.36, 0.69, 0.05, 0.16499999999999998, 0.11999999999999994, 1, 0.25, 0.97, 0.65, 0.3, 0.97, 0.97, 0.3, 0.3, 0.66, 0.4, 0.63, 0.42, 0.04, 0.6, 99, 99, 99]
--- num:  29
list:  [0.47, 0.47, 0.86, 0.86, 1, 1, 0.16199999999999998, 0.16199999999999998, 0.36, 0.36, 0.7, 0.03, 0.16499999999999998, 0.11999999999999994, 1, 0.25, 0.97, 0.65, 0.29, 0.97, 0.97, 0.29, 0.29, 0.66, 0.4, 0.63, 0.42, 0.04, 0.61, 99, 99, 99]
--- num:  29
list:  [0.47, 0.47, 0.86, 0.86, 1, 1, 0.16199999999999998, 0.16199999999999998, 0.38, 0.38, 0.63, 0.1, 0.16499999999999998, 0.11999999999999994, 1, 0.24, 0.97, 0.65, 0.29, 0.97, 0.97, 0.29, 0.29, 0.66, 0.4, 0.63, 0.42, 0.04, 0.62, 99, 99, 99]
--- num:  29
list:  [0.47, 0.47, 0.86, 0.86, 1, 1, 0.16199999999999998, 0.16199999999999998, 0.37, 0.37, 0.64, 0.09, 0.16499999999999998, 0.10499999999999993, 1, 0.24, 0.975, 0.65, 0.29, 0.97, 0.98, 0.29, 0.29, 0.66, 0.4, 0.62, 0.42, 0.04, 0.63, 99, 99, 99]
--- num:  29
list:  [0.47, 0.47, 0.86, 0.86, 1, 1, 0.16199999999999998, 0.16199999999999998, 0.38, 0.38, 0.64, 0.1, 0.16499999999999998, 0.10499999999999993, 1, 0.24, 0.975, 0.65, 0.29, 0.97, 0.98, 0.29, 0.29, 0.66, 0.4, 0.62, 0.42, 0.04, 0.64, 99, 99, 99]
--- num:  29
list:  [0.47, 0.47, 0.86, 0.86, 1, 1, 0.16199999999999998, 0.16199999999999998, 0.37, 0.37, 0.64, 0.09, 0.16499999999999998, 0.11999999999999994, 1, 0.26, 0.97, 0.65, 0.32, 0.97, 0.97, 0.32, 0.32, 0.66, 0.4, 0.63, 0.42, 0.05, 0.63, 99, 99, 99]
--- num:  29
list:  [0.56, 0.56, 1, 1, 0.98, 0.98, 0.16199999999999998, 0.16199999999999998, 0.37, 0.37, 0.65, 0.08, 0.18, 0.11999999999999994, 1, 0.3, 0.92, 0.69, 0.41, 0.91, 0.93, 0.41, 0.41, 0.67, 0.4, 0.63, 0.42, 0.14, 0.63, 99, 99, 99]
--- num:  29
list:  [0.56, 0.56, 1, 1, 0.98, 0.98, 0.16199999999999998, 0.16199999999999998, 0.37, 0.37, 0.65, 0.08, 0.195, 0.11999999999999994, 1, 0.32, 0.9, 0.7, 0.44, 0.89, 0.91, 0.44, 0.44, 0.68, 0.39, 0.63, 0.41, 0.21, 0.65, 99, 99, 99]
--- num:  29
list:  [0.56, 0.56, 1, 1, 0.98, 0.98, 0.16199999999999998, 0.16199999999999998, 0.41, 0.41, 0.51, 0.22, 0.195, 0.13499999999999995, 1, 0.32, 0.89, 0.7, 0.47, 0.88, 0.9, 0.47, 0.47, 0.68, 0.39, 0.64, 0.41, 0.25, 0.67, 99, 99, 99]
--- num:  29
list:  [0.56, 0.56, 1, 1, 0.98, 0.98, 0.16199999999999998, 0.16199999999999998, 0.42, 0.42, 0.55, 0.18, 0.20999999999999985, 0.14999999999999997, 1, 0.32, 0.87, 0.71, 0.49, 0.86, 0.88, 0.49, 0.49, 0.69, 0.39, 0.65, 0.41, 0.26, 0.67, 99, 99, 99]
--- num:  29
list:  [0.56, 0.56, 1, 1, 0.98, 0.98, 0.16199999999999998, 0.16199999999999998, 0.42, 0.42, 0.58, 0.15, 0.20999999999999985, 0.14999999999999997, 1, 0.33, 0.87, 0.71, 0.5, 0.86, 0.88, 0.5, 0.5, 0.69, 0.39, 0.65, 0.41, 0.25, 0.66, 99, 99, 99]
--- num:  29
list:  [0.56, 0.56, 1, 1, 0.98, 0.98, 0.16199999999999998, 0.16199999999999998, 0.43, 0.43, 0.58, 0.15, 0.20999999999999985, 0.16499999999999998, 1, 0.32, 0.87, 0.7, 0.5, 0.86, 0.88, 0.5, 0.5, 0.69, 0.39, 0.66, 0.4, 0.24, 0.65, 99, 99, 99]
--- num:  29
list:  [0.56, 0.56, 1, 1, 0.97, 0.97, 0.19854129433631895, 0.1973703610897064, 0.37, 0.37, 0.45, 0.28, 0.20999999999999985, 0.16499999999999998, 1, 0.32, 0.87, 0.71, 0.48, 0.86, 0.88, 0.48, 0.48, 0.69, 0.39, 0.66, 0.4, 0.22, 0.64, 99, 99, 99]
--- num:  29
list:  [0.56, 0.56, 1, 1, 0.97, 0.97, 0.5960843968391418, 0.5941442060470581, 0.25, 0.25, 0.29, 0.43, 0.16499999999999998, 0.18, 1, 0.33, 0.86, 0.71, 0.46, 0.85, 0.87, 0.46, 0.46, 0.66, 0.4, 0.67, 0.4, 0.21, 0.63, 99, 99, 99]
--- num:  29
list:  [0.56, 0.56, 1, 1, 0.97, 0.97, 0.16199999999999998, 0.16199999999999998, 0.38, 0.38, 0.35, 0.38, 0.16499999999999998, 0.16499999999999998, 1, 0.33, 0.855, 0.71, 0.49, 0.85, 0.86, 0.49, 0.49, 0.66, 0.4, 0.66, 0.4, 0.21, 0.54, 99, 99, 99]
--- num:  29
list:  [0.56, 0.56, 1, 1, 0.97, 0.97, 0.16199999999999998, 0.16199999999999998, 0.39, 0.39, 0.37, 0.35, 0.14999999999999997, 0.13499999999999995, 1, 0.33, 0.86, 0.71, 0.49, 0.85, 0.87, 0.49, 0.49, 0.65, 0.41, 0.64, 0.41, 0.21, 0.51, 99, 99, 99]
--- num:  29
list:  [0.56, 0.56, 1, 1, 0.97, 0.97, 0.16199999999999998, 0.16199999999999998, 0.39, 0.39, 0.39, 0.33, 0.14999999999999997, 0.13499999999999995, 1, 0.32, 0.855, 0.7, 0.5, 0.85, 0.86, 0.5, 0.5, 0.65, 0.41, 0.64, 0.41, 0.2, 0.48, 99, 99, 99]
--- num:  29
list:  [0.56, 0.56, 1, 1, 0.98, 0.98, 0.16199999999999998, 0.16199999999999998, 0.39, 0.39, 0.41, 0.31, 0.14999999999999997, 0.13499999999999995, 1, 0.31, 0.855, 0.7, 0.51, 0.85, 0.86, 0.51, 0.51, 0.65, 0.41, 0.64, 0.41, 0.2, 0.45, 99, 99, 99]
--- num:  29
list:  [0.56, 0.56, 1, 1, 0.98, 0.98, 0.16199999999999998, 0.16199999999999998, 0.38, 0.38, 0.44, 0.29, 0.14999999999999997, 0.13499999999999995, 1, 0.31, 0.855, 0.69, 0.51, 0.85, 0.86, 0.51, 0.51, 0.65, 0.41, 0.64, 0.41, 0.21, 0.42, 99, 99, 99]
--- num:  29
list:  [0.56, 0.56, 1, 1, 0.98, 0.98, 0.16199999999999998, 0.16199999999999998, 0.36, 0.36, 0.46, 0.26, 0.14999999999999997, 0.13499999999999995, 1, 0.31, 0.86, 0.69, 0.51, 0.86, 0.86, 0.51, 0.51, 0.65, 0.41, 0.64, 0.41, 0.21, 0.4, 99, 99, 99]
--- num:  29
list:  [0.56, 0.56, 1, 1, 0.98, 0.98, 0.9075833964347839, 0.9073338913917541, 0.26, 0.26, 0.44, 0.28, 0.16499999999999998, 0.16499999999999998, 1, 0.31, 0.84, 0.7, 0.49, 0.84, 0.84, 0.49, 0.49, 0.66, 0.4, 0.66, 0.4, 0.17, 0.35, 99, 99, 99]
--- num:  29
list:  [0.56, 0.56, 1, 1, 0.97, 0.97, 0.32967193007469175, 0.32956634044647215, 0.3, 0.3, 0.29, 0.43, 0.16499999999999998, 0.16499999999999998, 1, 0.32, 0.835, 0.7, 0.47, 0.83, 0.84, 0.47, 0.47, 0.66, 0.4, 0.66, 0.4, 0.17, 0.33, 99, 99, 99]
--- num:  29
list:  [0.56, 0.56, 1, 1, 0.97, 0.97, 0.16199999999999998, 0.16199999999999998, 0.37, 0.37, 0.17, 0.56, 0.16499999999999998, 0.16499999999999998, 1, 0.33, 0.85, 0.71, 0.48, 0.85, 0.85, 0.48, 0.48, 0.66, 0.4, 0.66, 0.4, 0.17, 0.3, 99, 99, 99]
--- num:  29
list:  [0.56, 0.56, 1, 1, 0.97, 0.97, 0.16199999999999998, 0.16199999999999998, 0.39, 0.39, 0.18, 0.55, 0.16499999999999998, 0.16499999999999998, 1, 0.33, 0.85, 0.71, 0.49, 0.85, 0.85, 0.49, 0.49, 0.66, 0.4, 0.66, 0.4, 0.17, 0.29, 99, 99, 99]
--- num:  29
list:  [0.56, 0.56, 1, 1, 0.97, 0.97, 0.16199999999999998, 0.16199999999999998, 0.4, 0.4, 0.17, 0.56, 0.16499999999999998, 0.16499999999999998, 1, 0.33, 0.85, 0.71, 0.5, 0.85, 0.85, 0.5, 0.5, 0.66, 0.4, 0.66, 0.4, 0.16, 0.28, 99, 99, 99]
--- num:  29
list:  [0.56, 0.56, 1, 1, 0.97, 0.97, 0.16199999999999998, 0.16199999999999998, 0.4, 0.4, 0.18, 0.55, 0.18, 0.16499999999999998, 1, 0.33, 0.85, 0.71, 0.5, 0.85, 0.85, 0.5, 0.5, 0.67, 0.4, 0.66, 0.4, 0.16, 0.27, 99, 99, 99]
--- num:  29
list:  [0.56, 0.56, 1, 1, 0.97, 0.97, 0.16199999999999998, 0.16199999999999998, 0.41, 0.41, 0.18, 0.55, 0.18, 0.16499999999999998, 1, 0.33, 0.85, 0.71, 0.5, 0.85, 0.85, 0.5, 0.5, 0.67, 0.4, 0.66, 0.4, 0.15, 0.27, 99, 99, 99]
--- num:  29
list:  [0.56, 0.56, 1, 1, 0.98, 0.98, 0.16199999999999998, 0.16199999999999998, 0.41, 0.41, 0.2, 0.53, 0.18, 0.18, 1, 0.33, 0.85, 0.71, 0.5, 0.85, 0.85, 0.5, 0.5, 0.67, 0.4, 0.67, 0.4, 0.15, 0.26, 99, 99, 99]
--- num:  29
list:  [0.56, 0.56, 1, 1, 0.98, 0.98, 0.16199999999999998, 0.16199999999999998, 0.36, 0.36, 0.34, 0.39, 0.18, 0.16499999999999998, 1, 0.33, 0.85, 0.71, 0.48, 0.85, 0.85, 0.48, 0.48, 0.67, 0.4, 0.66, 0.4, 0.15, 0.25, 99, 99, 99]
--- num:  29
list:  [0.56, 0.56, 1, 1, 0.98, 0.98, 0.3004444050788879, 0.3004395771026611, 0.31, 0.31, 0.42, 0.31, 0.18, 0.18, 1, 0.33, 0.85, 0.71, 0.48, 0.85, 0.85, 0.48, 0.48, 0.67, 0.4, 0.67, 0.4, 0.15, 0.23, 99, 99, 99]
--- num:  29
list:  [0.56, 0.56, 1, 1, 0.97, 0.97, 0.5351502108573913, 0.5351469922065735, 0.24, 0.24, 0.49, 0.23, 0.195, 0.18, 1, 0.33, 0.84, 0.71, 0.46, 0.84, 0.84, 0.46, 0.46, 0.68, 0.39, 0.67, 0.4, 0.14, 0.22, 99, 99, 99]
--- num:  29
list:  [0.56, 0.56, 1, 1, 0.97, 0.97, 0.470419328212738, 0.47042171239852903, 0.25, 0.25, 0.49, 0.23, 0.195, 0.18, 1, 0.33, 0.84, 0.71, 0.46, 0.84, 0.84, 0.46, 0.46, 0.68, 0.39, 0.67, 0.4, 0.14, 0.21, 99, 99, 99]
--- num:  29
list:  [0.56, 0.56, 1, 1, 0.98, 0.98, 0.47730849266052244, 0.47730777740478514, 0.26, 0.26, 0.48, 0.25, 0.195, 0.18, 1, 0.33, 0.85, 0.71, 0.45, 0.85, 0.85, 0.45, 0.45, 0.68, 0.39, 0.67, 0.4, 0.14, 0.2, 99, 99, 99]
--- num:  29
list:  [0.56, 0.56, 1, 1, 0.98, 0.98, 0.4790563690662384, 0.47906376004219053, 0.27, 0.27, 0.48, 0.25, 0.195, 0.18, 1, 0.32, 0.865, 0.7, 0.44, 0.86, 0.87, 0.44, 0.44, 0.68, 0.39, 0.67, 0.4, 0.12, 0.2, 99, 99, 99]
--- num:  29
list:  [0.56, 0.56, 1, 1, 0.98, 0.98, 0.4802566576004028, 0.48023967027664183, 0.27, 0.27, 0.47, 0.25, 0.18, 0.16499999999999998, 1, 0.32, 0.87, 0.7, 0.44, 0.87, 0.87, 0.44, 0.44, 0.67, 0.4, 0.66, 0.4, 0.12, 0.21, 99, 99, 99]
--- num:  29
list:  [0.56, 0.56, 1, 1, 0.98, 0.98, 0.4878931450843811, 0.48784528255462645, 0.27, 0.27, 0.47, 0.26, 0.16499999999999998, 0.16499999999999998, 1, 0.32, 0.87, 0.7, 0.44, 0.87, 0.87, 0.44, 0.44, 0.66, 0.4, 0.66, 0.4, 0.12, 0.23, 99, 99, 99]
--- num:  29
list:  [0.56, 0.56, 1, 1, 0.98, 0.98, 0.9395052599906921, 0.9394708681106567, 0.38, 0.38, 0.45, 0.27, 0.16499999999999998, 0.16499999999999998, 1, 0.31, 0.87, 0.7, 0.43, 0.87, 0.87, 0.43, 0.43, 0.66, 0.4, 0.66, 0.4, 0.11, 0.26, 99, 99, 99]
--- num:  29
list:  [0.57, 0.57, 1, 1, 0.97, 0.97, 0.9630251336097717, 0.9630110669136047, 0.4, 0.4, 0.45, 0.27, 0.16499999999999998, 0.18, 1, 0.32, 0.86, 0.7, 0.43, 0.86, 0.86, 0.43, 0.43, 0.66, 0.4, 0.67, 0.4, 0.11, 0.28, 99, 99, 99]
--- num:  29
list:  [0.56, 0.56, 1, 1, 0.98, 0.98, 0.24067462563514708, 0.24054829359054564, 0.36, 0.36, 0.48, 0.24, 0.14999999999999997, 0.14999999999999997, 1, 0.31, 0.895, 0.7, 0.44, 0.89, 0.9, 0.44, 0.44, 0.65, 0.4, 0.65, 0.41, 0.13, 0.29, 99, 99, 99]
--- num:  29
list:  [0.44, 0.44, 0.79, 0.79, 1, 1, 0.16199999999999998, 0.16199999999999998, 0.46, 0.46, 0.48, 0.24, 0.13499999999999995, 0.11999999999999994, 1, 0.31, 0.905, 0.7, 0.47, 0.9, 0.91, 0.47, 0.47, 0.64, 0.41, 0.63, 0.41, 0.14, 0.34, 99, 99, 99]
--- num:  29
list:  [0.44, 0.44, 0.78, 0.78, 1, 1, 0.16199999999999998, 0.16199999999999998, 0.46, 0.46, 0.47, 0.25, 0.13499999999999995, 0.10499999999999993, 1, 0.31, 0.9, 0.7, 0.48, 0.9, 0.9, 0.48, 0.48, 0.64, 0.41, 0.62, 0.42, 0.14, 0.36, 99, 99, 99]
--- num:  29
list:  [0.44, 0.44, 0.79, 0.79, 1, 1, 0.16199999999999998, 0.16199999999999998, 0.46, 0.46, 0.46, 0.26, 0.11999999999999994, 0.11999999999999994, 1, 0.31, 0.9, 0.7, 0.49, 0.9, 0.9, 0.49, 0.49, 0.63, 0.41, 0.63, 0.41, 0.14, 0.37, 99, 99, 99]
--- num:  29
list:  [0.44, 0.44, 0.79, 0.79, 1, 1, 0.16199999999999998, 0.16199999999999998, 0.45, 0.45, 0.46, 0.26, 0.11999999999999994, 0.11999999999999994, 1, 0.31, 0.9, 0.69, 0.48, 0.9, 0.9, 0.48, 0.48, 0.63, 0.41, 0.63, 0.41, 0.14, 0.38, 99, 99, 99]
--- num:  29
list:  [0.44, 0.44, 0.8, 0.8, 1, 1, 0.16199999999999998, 0.16199999999999998, 0.44, 0.44, 0.45, 0.27, 0.10499999999999993, 0.10499999999999993, 1, 0.27, 0.95, 0.66, 0.34, 0.95, 0.95, 0.34, 0.34, 0.62, 0.42, 0.62, 0.42, 0.06, 0.39, 99, 99, 99]
--- num:  29
list:  [0.46, 0.46, 0.83, 0.83, 1, 1, 0.16199999999999998, 0.16199999999999998, 0.44, 0.44, 0.44, 0.29, 0.10499999999999993, 0.10499999999999993, 1, 0.24, 0.97, 0.65, 0.29, 0.97, 0.97, 0.29, 0.29, 0.62, 0.42, 0.62, 0.42, 0.03, 0.42, 99, 99, 99]
--- num:  29
list:  [0.47, 0.47, 0.85, 0.85, 1, 1, 0.16199999999999998, 0.16199999999999998, 0.43, 0.43, 0.42, 0.3, 0.10499999999999993, 0.10499999999999993, 1, 0.23, 0.98, 0.64, 0.27, 0.98, 0.98, 0.27, 0.27, 0.62, 0.42, 0.62, 0.42, 0.03, 0.46, 99, 99, 99]
--- num:  29
list:  [0.47, 0.47, 0.86, 0.86, 1, 1, 0.16199999999999998, 0.16199999999999998, 0.42, 0.42, 0.42, 0.3, 0.11999999999999994, 0.10499999999999993, 1, 0.23, 0.98, 0.63, 0.27, 0.98, 0.98, 0.27, 0.27, 0.63, 0.42, 0.62, 0.42, 0.02, 0.47, 99, 99, 99]
--- num:  29
list:  [0.46, 0.46, 0.84, 0.84, 1, 1, 0.3226210582256317, 0.3205523300170898, 0.29, 0.29, 0.4, 0.32, 0.11999999999999994, 0.11999999999999994, 1, 0.23, 0.98, 0.63, 0.27, 0.98, 0.98, 0.27, 0.27, 0.63, 0.41, 0.63, 0.42, 0.02, 0.49, 99, 99, 99]
--- num:  29
list:  [0.49, 0.49, 0.91, 0.91, 1, 1, 0.16199999999999998, 0.16199999999999998, 0.4, 0.4, 0.4, 0.32, 0.11999999999999994, 0.10499999999999993, 1, 0.22, 0.98, 0.63, 0.26, 0.98, 0.98, 0.26, 0.26, 0.63, 0.42, 0.62, 0.42, 0.02, 0.5, 99, 99, 99]
--- num:  29
list:  [0.5, 0.5, 0.93, 0.93, 1, 1, 0.16199999999999998, 0.16199999999999998, 0.4, 0.4, 0.38, 0.35, 0.11999999999999994, 0.10499999999999993, 1, 0.22, 0.99, 0.63, 0.26, 0.99, 0.99, 0.26, 0.26, 0.63, 0.42, 0.62, 0.42, 0.02, 0.51, 99, 99, 99]
--- num:  29
list:  [0.5, 0.5, 0.94, 0.94, 1, 1, 0.16199999999999998, 0.16199999999999998, 0.4, 0.4, 0.34, 0.38, 0.11999999999999994, 0.10499999999999993, 1, 0.22, 0.99, 0.63, 0.26, 0.99, 0.99, 0.26, 0.26, 0.63, 0.42, 0.62, 0.42, 0.02, 0.53, 99, 99, 99]
--- num:  29
list:  [0.5, 0.5, 0.94, 0.94, 1, 1, 0.16199999999999998, 0.16199999999999998, 0.4, 0.4, 0.31, 0.42, 0.13499999999999995, 0.10499999999999993, 1, 0.22, 0.99, 0.63, 0.25, 0.99, 0.99, 0.25, 0.25, 0.64, 0.41, 0.62, 0.42, 0.01, 0.55, 99, 99, 99]
--- num:  29
list:  [0.51, 0.51, 0.94, 0.94, 1, 1, 0.16199999999999998, 0.16199999999999998, 0.42, 0.42, 0.27, 0.45, 0.16499999999999998, 0.13499999999999995, 1, 0.22, 0.99, 0.63, 0.25, 0.99, 0.99, 0.25, 0.25, 0.66, 0.4, 0.64, 0.41, 0.01, 0.56, 99, 99, 99]
--- num:  29
list:  [0.5, 0.5, 0.93, 0.93, 1, 1, 0.16199999999999998, 0.16199999999999998, 0.46, 0.46, 0.21, 0.52, 0.20999999999999985, 0.14999999999999997, 1, 0.22, 0.99, 0.63, 0.26, 0.99, 0.99, 0.26, 0.26, 0.69, 0.39, 0.65, 0.4, 0.02, 0.57, 99, 99, 99]
--- num:  29
list:  [0.47, 0.47, 0.85, 0.85, 1, 1, 0.16199999999999998, 0.16199999999999998, 0.51, 0.51, 0.16, 0.56, 0.195, 0.13499999999999995, 1, 0.22, 0.99, 0.63, 0.26, 0.99, 0.99, 0.26, 0.26, 0.68, 0.39, 0.64, 0.41, 0.02, 0.57, 99, 99, 99]
--- num:  29
list:  [0.46, 0.46, 0.83, 0.83, 1, 1, 0.16199999999999998, 0.16199999999999998, 0.52, 0.52, 0.14, 0.59, 0.195, 0.14999999999999997, 1, 0.22, 0.99, 0.63, 0.27, 0.99, 0.99, 0.27, 0.27, 0.68, 0.39, 0.65, 0.41, 0.03, 0.57, 99, 99, 99]
--- num:  29
list:  [0.45, 0.45, 0.81, 0.81, 1, 1, 0.16199999999999998, 0.16199999999999998, 0.53, 0.53, 0.11, 0.62, 0.195, 0.14999999999999997, 1, 0.22, 0.99, 0.63, 0.27, 0.99, 0.99, 0.27, 0.27, 0.68, 0.39, 0.65, 0.41, 0.03, 0.58, 99, 99, 99]
--- num:  29
list:  [0.44, 0.44, 0.79, 0.79, 1, 1, 0.16199999999999998, 0.16199999999999998, 0.55, 0.55, 0.08, 0.64, 0.22499999999999987, 0.18, 1, 0.23, 0.98, 0.63, 0.28, 0.98, 0.98, 0.28, 0.28, 0.7, 0.38, 0.67, 0.4, 0.04, 0.59, 99, 99, 99]
--- num:  29
list:  [0.44, 0.44, 0.78, 0.78, 1, 1, 0.6185111212730408, 0.5617177295684814, 0.3, 0.3, 0.4, 0.33, 0.2549999999999999, 0.22499999999999987, 1, 0.23, 0.98, 0.64, 0.3, 0.98, 0.98, 0.3, 0.3, 0.72, 0.37, 0.7, 0.38, 0.04, 0.59, 99, 99, 99]
--- num:  29
list:  [0.45, 0.45, 0.82, 0.82, 1, 1, 0.21193658888339995, 0.21161825537681578, 0.33, 0.33, 0.69, 0.04, 0.22499999999999987, 0.195, 1, 0.24, 0.97, 0.64, 0.3, 0.97, 0.97, 0.3, 0.3, 0.7, 0.38, 0.68, 0.39, 0.04, 0.58, 99, 99, 99]
--- num:  29
list:  [0.44, 0.44, 0.79, 0.79, 1, 1, 0.16199999999999998, 0.16199999999999998, 0.39, 0.39, 0.79, -0.04, 0.2549999999999999, 0.195, 1, 0.24, 0.97, 0.64, 0.29, 0.97, 0.97, 0.29, 0.29, 0.72, 0.37, 0.68, 0.39, 0.04, 0.57, 99, 99, 99]
--- num:  29
list:  [0.45, 0.45, 0.81, 0.81, 1, 1, 0.16199999999999998, 0.16199999999999998, 0.39, 0.39, 0.83, -0.09, 0.23999999999999988, 0.18, 1, 0.24, 0.98, 0.64, 0.29, 0.98, 0.98, 0.29, 0.29, 0.71, 0.38, 0.67, 0.4, 0.04, 0.57, 99, 99, 99]
--- num:  29
list:  [0.45, 0.45, 0.81, 0.81, 1, 1, 0.16199999999999998, 0.16199999999999998, 0.39, 0.39, 0.8, -0.06, 0.2549999999999999, 0.20999999999999985, 1, 0.24, 0.98, 0.64, 0.29, 0.98, 0.98, 0.29, 0.29, 0.72, 0.37, 0.69, 0.39, 0.04, 0.56, 99, 99, 99]
--- num:  29
list:  [0.45, 0.45, 0.82, 0.82, 1, 1, 0.16199999999999998, 0.16199999999999998, 0.38, 0.38, 0.82, -0.07, 0.2549999999999999, 0.20999999999999985, 1, 0.23, 0.98, 0.64, 0.29, 0.98, 0.98, 0.29, 0.29, 0.72, 0.37, 0.69, 0.39, 0.04, 0.55, 99, 99, 99]
--- num:  29
list:  [0.46, 0.46, 0.83, 0.83, 1, 1, 0.16199999999999998, 0.16199999999999998, 0.41, 0.41, 0.78, -0.03, 0.2549999999999999, 0.195, 1, 0.23, 0.98, 0.64, 0.29, 0.98, 0.98, 0.29, 0.29, 0.72, 0.38, 0.68, 0.39, 0.04, 0.54, 99, 99, 99]
--- num:  29
list:  [0.46, 0.46, 0.83, 0.83, 1, 1, 0.16199999999999998, 0.16199999999999998, 0.4, 0.4, 0.78, -0.04, 0.22499999999999987, 0.18, 1, 0.23, 0.98, 0.64, 0.29, 0.98, 0.98, 0.29, 0.29, 0.7, 0.38, 0.67, 0.4, 0.04, 0.53, 99, 99, 99]
--- num:  29
list:  [0.45, 0.45, 0.82, 0.82, 1, 1, 0.16199999999999998, 0.16199999999999998, 0.4, 0.4, 0.75, -0.01, 0.20999999999999985, 0.16499999999999998, 1, 0.23, 0.98, 0.64, 0.29, 0.98, 0.98, 0.29, 0.29, 0.69, 0.39, 0.66, 0.4, 0.03, 0.53, 99, 99, 99]
--- num:  29
list:  [0.44, 0.44, 0.8, 0.8, 1, 1, 0.7790984320640564, 0.7758212494850159, 0.27, 0.27, 0.33, 0.39, 0.195, 0.195, 1, 0.23, 0.97, 0.64, 0.29, 0.97, 0.97, 0.29, 0.29, 0.68, 0.39, 0.68, 0.39, 0.03, 0.53, 99, 99, 99]
--- num:  29
list:  [0.44, 0.44, 0.8, 0.8, 1, 1, 0.16199999999999998, 0.16199999999999998, 0.41, 0.41, 0.34, 0.38, 0.18, 0.195, 1, 0.24, 0.97, 0.64, 0.29, 0.97, 0.97, 0.29, 0.29, 0.67, 0.4, 0.68, 0.39, 0.04, 0.52, 99, 99, 99]
--- num:  29
list:  [0.45, 0.45, 0.8, 0.8, 1, 1, 0.16199999999999998, 0.16199999999999998, 0.46, 0.46, 0.36, 0.37, 0.16499999999999998, 0.14999999999999997, 1, 0.23, 0.98, 0.64, 0.27, 0.98, 0.98, 0.27, 0.27, 0.66, 0.4, 0.65, 0.41, 0.03, 0.51, 99, 99, 99]
--- num:  29
list:  [0.45, 0.45, 0.82, 0.82, 1, 1, 0.16199999999999998, 0.16199999999999998, 0.47, 0.47, 0.37, 0.35, 0.14999999999999997, 0.13499999999999995, 1, 0.23, 0.98, 0.64, 0.27, 0.98, 0.98, 0.27, 0.27, 0.65, 0.41, 0.64, 0.41, 0.03, 0.51, 99, 99, 99]
--- num:  29
list:  [0.45, 0.45, 0.82, 0.82, 1, 1, 0.16199999999999998, 0.16199999999999998, 0.46, 0.46, 0.37, 0.35, 0.13499999999999995, 0.13499999999999995, 1, 0.23, 0.98, 0.63, 0.27, 0.98, 0.98, 0.27, 0.27, 0.64, 0.41, 0.64, 0.41, 0.03, 0.5, 99, 99, 99]
--- num:  29
list:  [0.45, 0.45, 0.82, 0.82, 1, 1, 0.16199999999999998, 0.16199999999999998, 0.46, 0.46, 0.4, 0.32, 0.13499999999999995, 0.13499999999999995, 1, 0.23, 0.99, 0.63, 0.27, 0.99, 0.99, 0.27, 0.27, 0.64, 0.41, 0.64, 0.41, 0.03, 0.49, 99, 99, 99]
--- num:  29
list:  [0.47, 0.47, 0.86, 0.86, 1, 1, 0.16199999999999998, 0.16199999999999998, 0.47, 0.47, 0.44, 0.29, 0.11999999999999994, 0.10499999999999993, 1, 0.22, 0.99, 0.63, 0.27, 0.99, 0.99, 0.27, 0.27, 0.63, 0.41, 0.62, 0.42, 0.03, 0.48, 99, 99, 99]
--- num:  29
list:  [0.48, 0.48, 0.88, 0.88, 1, 1, 0.16199999999999998, 0.16199999999999998, 0.46, 0.46, 0.45, 0.27, 0.11999999999999994, 0.10499999999999993, 1, 0.22, 0.99, 0.63, 0.27, 0.99, 0.99, 0.27, 0.27, 0.63, 0.41, 0.62, 0.42, 0.02, 0.48, 99, 99, 99]
--- num:  29
list:  [0.48, 0.48, 0.88, 0.88, 1, 1, 0.16199999999999998, 0.16199999999999998, 0.46, 0.46, 0.46, 0.27, 0.11999999999999994, 0.10499999999999993, 1, 0.22, 0.99, 0.63, 0.26, 0.99, 0.99, 0.26, 0.26, 0.63, 0.42, 0.62, 0.42, 0.02, 0.48, 99, 99, 99]
--- num:  29
list:  [0.48, 0.48, 0.88, 0.88, 1, 1, 0.16199999999999998, 0.16199999999999998, 0.45, 0.45, 0.45, 0.27, 0.10499999999999993, 0.10499999999999993, 1, 0.22, 0.99, 0.63, 0.26, 0.99, 0.99, 0.26, 0.26, 0.62, 0.42, 0.62, 0.42, 0.02, 0.49, 99, 99, 99]
--- num:  29
list:  [0.48, 0.48, 0.88, 0.88, 1, 1, 0.16199999999999998, 0.16199999999999998, 0.45, 0.45, 0.45, 0.28, 0.10499999999999993, 0.10499999999999993, 1, 0.22, 0.99, 0.63, 0.26, 0.99, 0.99, 0.26, 0.26, 0.62, 0.42, 0.62, 0.42, 0.02, 0.49, 99, 99, 99]
--- num:  29
list:  [0.48, 0.48, 0.88, 0.88, 1, 1, 0.16199999999999998, 0.16199999999999998, 0.46, 0.46, 0.43, 0.29, 0.10499999999999993, 0.10499999999999993, 1, 0.22, 0.99, 0.63, 0.26, 0.99, 0.99, 0.26, 0.26, 0.62, 0.42, 0.62, 0.42, 0.02, 0.49, 99, 99, 99]
--- num:  29
list:  [0.46, 0.46, 0.85, 0.85, 1, 1, 0.48757837295532225, 0.4848338174819946, 0.29, 0.29, 0.43, 0.29, 0.11999999999999994, 0.10499999999999993, 1, 0.22, 0.985, 0.63, 0.29, 0.98, 0.99, 0.29, 0.29, 0.63, 0.41, 0.62, 0.42, 0.02, 0.49, 99, 99, 99]
--- num:  29
list:  [0.45, 0.45, 0.82, 0.82, 1, 1, 0.16199999999999998, 0.16199999999999998, 0.41, 0.41, 0.44, 0.28, 0.13499999999999995, 0.11999999999999994, 1, 0.23, 0.98, 0.63, 0.29, 0.98, 0.98, 0.29, 0.29, 0.64, 0.41, 0.63, 0.41, 0.03, 0.49, 99, 99, 99]
--- num:  29
list:  [0.46, 0.46, 0.83, 0.83, 1, 1, 0.16199999999999998, 0.16199999999999998, 0.47, 0.47, 0.41, 0.31, 0.13499999999999995, 0.11999999999999994, 1, 0.23, 0.98, 0.63, 0.27, 0.98, 0.98, 0.27, 0.27, 0.64, 0.41, 0.63, 0.41, 0.03, 0.49, 99, 99, 99]
--- num:  29
list:  [0.46, 0.46, 0.84, 0.84, 1, 1, 0.16199999999999998, 0.16199999999999998, 0.47, 0.47, 0.41, 0.32, 0.13499999999999995, 0.11999999999999994, 1, 0.22, 0.98, 0.63, 0.27, 0.98, 0.98, 0.27, 0.27, 0.64, 0.41, 0.63, 0.41, 0.02, 0.49, 99, 99, 99]
--- num:  29
list:  [0.46, 0.46, 0.83, 0.83, 1, 1, 0.16199999999999998, 0.16199999999999998, 0.53, 0.53, 0.42, 0.3, 0.13499999999999995, 0.11999999999999994, 1, 0.22, 0.99, 0.63, 0.27, 0.99, 0.99, 0.27, 0.27, 0.64, 0.41, 0.63, 0.41, 0.02, 0.49, 99, 99, 99]
--- num:  29
list:  [0.47, 0.47, 0.85, 0.85, 1, 1, 0.16199999999999998, 0.16199999999999998, 0.54, 0.54, 0.44, 0.28, 0.13499999999999995, 0.11999999999999994, 1, 0.22, 0.99, 0.63, 0.27, 0.99, 0.99, 0.27, 0.27, 0.64, 0.41, 0.63, 0.42, 0.02, 0.49, 99, 99, 99]
--- num:  29
list:  [0.47, 0.47, 0.87, 0.87, 1, 1, 0.16199999999999998, 0.16199999999999998, 0.53, 0.53, 0.48, 0.25, 0.13499999999999995, 0.11999999999999994, 1, 0.22, 0.99, 0.63, 0.27, 0.99, 0.99, 0.27, 0.27, 0.64, 0.41, 0.63, 0.42, 0.03, 0.49, 99, 99, 99]
--- num:  29
list:  [0.48, 0.48, 0.88, 0.88, 1, 1, 0.16199999999999998, 0.16199999999999998, 0.5, 0.5, 0.45, 0.27, 0.13499999999999995, 0.11999999999999994, 1, 0.22, 0.99, 0.63, 0.27, 0.99, 0.99, 0.27, 0.27, 0.64, 0.41, 0.63, 0.42, 0.03, 0.48, 99, 99, 99]
--- num:  29
list:  [0.46, 0.46, 0.85, 0.85, 1, 1, 0.40282229661941527, 0.40109665274620054, 0.33, 0.33, 0.17, 0.56, 0.11999999999999994, 0.10499999999999993, 1, 0.24, 0.98, 0.65, 0.3, 0.98, 0.98, 0.3, 0.3, 0.63, 0.42, 0.62, 0.42, 0.03, 0.47, 99, 99, 99]
--- num:  29
list:  [0.47, 0.47, 0.85, 0.85, 1, 1, 0.16199999999999998, 0.16199999999999998, 0.45, 0.45, 0.11, 0.63, 0.08999999999999991, 0.08999999999999991, 1, 0.24, 0.98, 0.65, 0.28, 0.98, 0.98, 0.28, 0.28, 0.61, 0.42, 0.61, 0.42, 0.04, 0.46, 99, 99, 99]
--- num:  29
list:  [0.47, 0.47, 0.86, 0.86, 1, 1, 0.16199999999999998, 0.16199999999999998, 0.46, 0.46, 0.1, 0.63, 0.08999999999999991, 0.08999999999999991, 1, 0.24, 0.98, 0.64, 0.28, 0.98, 0.98, 0.28, 0.28, 0.61, 0.42, 0.61, 0.42, 0.04, 0.46, 99, 99, 99]
--- num:  29
list:  [0.47, 0.47, 0.87, 0.87, 1, 1, 0.16199999999999998, 0.16199999999999998, 0.47, 0.47, 0.13, 0.61, 0.08999999999999991, 0.08999999999999991, 1, 0.24, 0.98, 0.64, 0.28, 0.98, 0.98, 0.28, 0.28, 0.61, 0.42, 0.61, 0.42, 0.04, 0.45, 99, 99, 99]
--- num:  29
list:  [0.48, 0.48, 0.87, 0.87, 1, 1, 0.16199999999999998, 0.16199999999999998, 0.47, 0.47, 0.13, 0.6, 0.08999999999999991, 0.08999999999999991, 1, 0.24, 0.98, 0.64, 0.28, 0.98, 0.98, 0.28, 0.28, 0.61, 0.42, 0.61, 0.42, 0.04, 0.46, 99, 99, 99]
--- num:  29
list:  [0.48, 0.48, 0.87, 0.87, 1, 1, 0.16199999999999998, 0.16199999999999998, 0.45, 0.45, 0.09, 0.64, 0.08999999999999991, 0.08999999999999991, 1, 0.24, 0.98, 0.64, 0.28, 0.98, 0.98, 0.28, 0.28, 0.61, 0.42, 0.61, 0.42, 0.04, 0.45, 99, 99, 99]
--- num:  29
list:  [0.47, 0.47, 0.86, 0.86, 1, 1, 0.16199999999999998, 0.16199999999999998, 0.44, 0.44, 0.08, 0.65, 0.08999999999999991, 0.08999999999999991, 1, 0.24, 0.98, 0.64, 0.29, 0.98, 0.98, 0.29, 0.29, 0.61, 0.42, 0.61, 0.42, 0.04, 0.45, 99, 99, 99]
--- num:  29
list:  [0.47, 0.47, 0.85, 0.85, 1, 1, 0.16199999999999998, 0.16199999999999998, 0.45, 0.45, 0.1, 0.63, 0.10499999999999993, 0.10499999999999993, 1, 0.24, 0.98, 0.64, 0.29, 0.98, 0.98, 0.29, 0.29, 0.62, 0.42, 0.62, 0.42, 0.04, 0.45, 99, 99, 99]
--- num:  29
list:  [0.47, 0.47, 0.85, 0.85, 1, 1, 0.16199999999999998, 0.16199999999999998, 0.46, 0.46, 0.12, 0.61, 0.08999999999999991, 0.10499999999999993, 1, 0.24, 0.98, 0.64, 0.28, 0.98, 0.98, 0.28, 0.28, 0.61, 0.42, 0.62, 0.42, 0.04, 0.46, 99, 99, 99]
--- num:  29
list:  [0.47, 0.47, 0.85, 0.85, 1, 1, 0.16199999999999998, 0.16199999999999998, 0.45, 0.45, 0.12, 0.61, 0.08999999999999991, 0.10499999999999993, 1, 0.24, 0.98, 0.64, 0.28, 0.98, 0.98, 0.28, 0.28, 0.61, 0.42, 0.62, 0.42, 0.04, 0.47, 99, 99, 99]
--- num:  29
list:  [0.47, 0.47, 0.85, 0.85, 1, 1, 0.16199999999999998, 0.16199999999999998, 0.45, 0.45, 0.12, 0.62, 0.08999999999999991, 0.10499999999999993, 1, 0.24, 0.98, 0.64, 0.28, 0.98, 0.98, 0.28, 0.28, 0.61, 0.42, 0.62, 0.42, 0.04, 0.47, 99, 99, 99]
--- num:  29
list:  [0.47, 0.47, 0.86, 0.86, 1, 1, 0.16199999999999998, 0.16199999999999998, 0.45, 0.45, 0.1, 0.63, 0.08999999999999991, 0.10499999999999993, 1, 0.24, 0.98, 0.64, 0.28, 0.98, 0.98, 0.28, 0.28, 0.61, 0.42, 0.62, 0.42, 0.04, 0.47, 99, 99, 99]
--- num:  29
list:  [0.47, 0.47, 0.85, 0.85, 1, 1, 0.16199999999999998, 0.16199999999999998, 0.45, 0.45, 0.1, 0.64, 0.10499999999999993, 0.10499999999999993, 1, 0.24, 0.98, 0.64, 0.28, 0.98, 0.98, 0.28, 0.28, 0.62, 0.42, 0.62, 0.42, 0.04, 0.47, 99, 99, 99]
--- num:  29
list:  [0.47, 0.47, 0.85, 0.85, 1, 1, 0.16199999999999998, 0.16199999999999998, 0.46, 0.46, 0.08, 0.66, 0.10499999999999993, 0.10499999999999993, 1, 0.24, 0.98, 0.64, 0.28, 0.98, 0.98, 0.28, 0.28, 0.62, 0.42, 0.62, 0.42, 0.04, 0.47, 99, 99, 99]
--- num:  29
list:  [0.47, 0.47, 0.85, 0.85, 1, 1, 0.16199999999999998, 0.16199999999999998, 0.46, 0.46, 0.08, 0.65, 0.10499999999999993, 0.10499999999999993, 1, 0.24, 0.98, 0.64, 0.29, 0.98, 0.98, 0.29, 0.29, 0.62, 0.42, 0.62, 0.42, 0.05, 0.45, 99, 99, 99]
--- num:  29
list:  [0.47, 0.47, 0.85, 0.85, 1, 1, 0.16199999999999998, 0.16199999999999998, 0.46, 0.46, 0.06, 0.67, 0.10499999999999993, 0.10499999999999993, 1, 0.24, 0.98, 0.64, 0.29, 0.98, 0.98, 0.29, 0.29, 0.62, 0.42, 0.62, 0.42, 0.05, 0.44, 99, 99, 99]
--- num:  29
list:  [0.45, 0.45, 0.81, 0.81, 1, 1, 0.68332270860672, 0.6828612494468689, 0.27, 0.27, 0.52, 0.21, 0.10499999999999993, 0.10499999999999993, 1, 0.24, 0.98, 0.64, 0.3, 0.98, 0.98, 0.3, 0.3, 0.62, 0.42, 0.62, 0.42, 0.04, 0.42, 99, 99, 99]
--- num:  29
list:  [0.45, 0.45, 0.8, 0.8, 1, 1, 0.3671900141239166, 0.36699060678482054, 0.33, 0.33, 0.52, 0.2, 0.10499999999999993, 0.10499999999999993, 1, 0.24, 0.97, 0.64, 0.3, 0.97, 0.97, 0.3, 0.3, 0.62, 0.42, 0.62, 0.42, 0.04, 0.41, 99, 99, 99]
--- num:  29
list:  [0.46, 0.46, 0.83, 0.83, 1, 1, 0.16199999999999998, 0.16199999999999998, 0.41, 0.41, 0.49, 0.23, 0.13499999999999995, 0.11999999999999994, 1, 0.24, 0.97, 0.64, 0.29, 0.97, 0.97, 0.29, 0.29, 0.64, 0.41, 0.63, 0.41, 0.04, 0.41, 99, 99, 99]
--- num:  29
list:  [0.46, 0.46, 0.84, 0.84, 1, 1, 0.16199999999999998, 0.16199999999999998, 0.41, 0.41, 0.48, 0.25, 0.13499999999999995, 0.11999999999999994, 1, 0.24, 0.975, 0.64, 0.29, 0.97, 0.98, 0.29, 0.29, 0.64, 0.41, 0.63, 0.41, 0.03, 0.42, 99, 99, 99]
--- num:  29
list:  [0.46, 0.46, 0.84, 0.84, 1, 1, 0.16199999999999998, 0.16199999999999998, 0.39, 0.39, 0.46, 0.26, 0.16499999999999998, 0.13499999999999995, 1, 0.23, 0.98, 0.64, 0.29, 0.98, 0.98, 0.29, 0.29, 0.66, 0.4, 0.64, 0.41, 0.03, 0.43, 99, 99, 99]
--- num:  29
list:  [0.46, 0.46, 0.83, 0.83, 1, 1, 0.16199999999999998, 0.16199999999999998, 0.39, 0.39, 0.45, 0.27, 0.16499999999999998, 0.14999999999999997, 1, 0.23, 0.975, 0.64, 0.29, 0.97, 0.98, 0.29, 0.29, 0.66, 0.4, 0.65, 0.41, 0.03, 0.43, 99, 99, 99]
--- num:  29
list:  [0.45, 0.45, 0.82, 0.82, 1, 1, 0.16199999999999998, 0.16199999999999998, 0.39, 0.39, 0.44, 0.28, 0.16499999999999998, 0.14999999999999997, 1, 0.23, 0.975, 0.64, 0.28, 0.97, 0.98, 0.28, 0.28, 0.66, 0.4, 0.65, 0.41, 0.03, 0.43, 99, 99, 99]
--- num:  29
list:  [0.45, 0.45, 0.82, 0.82, 1, 1, 0.16199999999999998, 0.16199999999999998, 0.39, 0.39, 0.42, 0.3, 0.16499999999999998, 0.14999999999999997, 1, 0.23, 0.98, 0.63, 0.28, 0.98, 0.98, 0.28, 0.28, 0.66, 0.4, 0.65, 0.41, 0.03, 0.43, 99, 99, 99]
--- num:  29
list:  [0.45, 0.45, 0.81, 0.81, 1, 1, 0.16199999999999998, 0.16199999999999998, 0.39, 0.39, 0.4, 0.32, 0.16499999999999998, 0.14999999999999997, 1, 0.23, 0.98, 0.63, 0.28, 0.98, 0.98, 0.28, 0.28, 0.66, 0.4, 0.65, 0.41, 0.03, 0.44, 99, 99, 99]
--- num:  29
list:  [0.45, 0.45, 0.81, 0.81, 1, 1, 0.16199999999999998, 0.16199999999999998, 0.39, 0.39, 0.38, 0.34, 0.16499999999999998, 0.14999999999999997, 1, 0.23, 0.98, 0.63, 0.28, 0.98, 0.98, 0.28, 0.28, 0.66, 0.4, 0.65, 0.41, 0.03, 0.45, 99, 99, 99]
--- num:  29
list:  [0.45, 0.45, 0.82, 0.82, 1, 1, 0.16199999999999998, 0.16199999999999998, 0.39, 0.39, 0.38, 0.34, 0.16499999999999998, 0.14999999999999997, 1, 0.23, 0.98, 0.63, 0.28, 0.98, 0.98, 0.28, 0.28, 0.66, 0.4, 0.65, 0.41, 0.03, 0.45, 99, 99, 99]
--- num:  29
list:  [0.45, 0.45, 0.82, 0.82, 1, 1, 0.16199999999999998, 0.16199999999999998, 0.38, 0.38, 0.37, 0.35, 0.16499999999999998, 0.14999999999999997, 1, 0.23, 0.98, 0.63, 0.28, 0.98, 0.98, 0.28, 0.28, 0.66, 0.4, 0.65, 0.41, 0.03, 0.46, 99, 99, 99]
--- num:  29
list:  [0.46, 0.46, 0.83, 0.83, 1, 1, 0.24241150498390196, 0.24079097390174864, 0.37, 0.37, 0.36, 0.36, 0.16499999999999998, 0.14999999999999997, 1, 0.23, 0.98, 0.63, 0.28, 0.98, 0.98, 0.28, 0.28, 0.66, 0.4, 0.65, 0.41, 0.03, 0.46, 99, 99, 99]
--- num:  29
list:  [0.44, 0.44, 0.8, 0.8, 1, 1, 0.9297816562652588, 0.9294872093200683, 0.36, 0.36, 0.34, 0.39, 0.16499999999999998, 0.14999999999999997, 1, 0.23, 0.97, 0.64, 0.29, 0.97, 0.97, 0.29, 0.29, 0.66, 0.4, 0.65, 0.4, 0.04, 0.47, 99, 99, 99]
--- num:  29
list:  [0.45, 0.45, 0.81, 0.81, 1, 1, 0.21175473511219023, 0.20903721034526823, 0.35, 0.35, 0.69, 0.04, 0.16499999999999998, 0.14999999999999997, 1, 0.24, 0.97, 0.64, 0.29, 0.97, 0.97, 0.29, 0.29, 0.66, 0.4, 0.65, 0.4, 0.04, 0.5, 99, 99, 99]
--- num:  29
list:  [0.45, 0.45, 0.82, 0.82, 1, 1, 0.16199999999999998, 0.16199999999999998, 0.39, 0.39, 0.73, 0.01, 0.20999999999999985, 0.18, 1, 0.24, 0.97, 0.64, 0.3, 0.97, 0.97, 0.3, 0.3, 0.69, 0.39, 0.67, 0.4, 0.04, 0.52, 99, 99, 99]
--- num:  29
list:  [0.45, 0.45, 0.82, 0.82, 1, 1, 0.16199999999999998, 0.16199999999999998, 0.4, 0.4, 0.72, 0.02, 0.20999999999999985, 0.16499999999999998, 1, 0.24, 0.97, 0.64, 0.3, 0.97, 0.97, 0.3, 0.3, 0.69, 0.39, 0.66, 0.4, 0.05, 0.54, 99, 99, 99]
--- num:  29
list:  [0.45, 0.45, 0.82, 0.82, 1, 1, 0.16199999999999998, 0.16199999999999998, 0.4, 0.4, 0.73, 0.01, 0.20999999999999985, 0.16499999999999998, 1, 0.24, 0.97, 0.64, 0.3, 0.97, 0.97, 0.3, 0.3, 0.69, 0.39, 0.66, 0.4, 0.05, 0.55, 99, 99, 99]
--- num:  29
list:  [0.45, 0.45, 0.82, 0.82, 1, 1, 0.16199999999999998, 0.16199999999999998, 0.4, 0.4, 0.74, -0.0, 0.20999999999999985, 0.14999999999999997, 1, 0.24, 0.97, 0.64, 0.3, 0.97, 0.97, 0.3, 0.3, 0.69, 0.39, 0.65, 0.4, 0.05, 0.56, 99, 99, 99]
--- num:  29
list:  [0.46, 0.46, 0.84, 0.84, 1, 1, 0.16199999999999998, 0.16199999999999998, 0.39, 0.39, 0.75, -0.01, 0.195, 0.14999999999999997, 1, 0.24, 0.97, 0.64, 0.29, 0.97, 0.97, 0.29, 0.29, 0.68, 0.39, 0.65, 0.41, 0.05, 0.57, 99, 99, 99]
--- num:  29
list:  [0.47, 0.47, 0.85, 0.85, 1, 1, 0.16199999999999998, 0.16199999999999998, 0.39, 0.39, 0.76, -0.02, 0.195, 0.13499999999999995, 1, 0.24, 0.98, 0.64, 0.29, 0.98, 0.98, 0.29, 0.29, 0.68, 0.39, 0.64, 0.41, 0.05, 0.57, 99, 99, 99]
--- num:  29
list:  [0.47, 0.47, 0.86, 0.86, 1, 1, 0.7949204850196838, 0.7879209923744201, 0.28, 0.28, 0.34, 0.39, 0.18, 0.14999999999999997, 1, 0.24, 0.97, 0.64, 0.31, 0.97, 0.97, 0.31, 0.31, 0.67, 0.4, 0.65, 0.41, 0.05, 0.58, 99, 99, 99]
--- num:  29
list:  [0.56, 0.56, 1, 1, 0.98, 0.98, 0.19187956631183622, 0.1898702937364578, 0.39, 0.39, 0.38, 0.34, 0.16499999999999998, 0.14999999999999997, 1, 0.25, 0.97, 0.65, 0.3, 0.97, 0.97, 0.3, 0.3, 0.66, 0.4, 0.65, 0.4, 0.05, 0.58, 99, 99, 99]
--- num:  29
list:  [0.47, 0.47, 0.87, 0.87, 1, 1, 0.16199999999999998, 0.16199999999999998, 0.43, 0.43, 0.4, 0.33, 0.14999999999999997, 0.11999999999999994, 1, 0.24, 0.97, 0.64, 0.28, 0.97, 0.97, 0.28, 0.28, 0.65, 0.4, 0.63, 0.41, 0.05, 0.58, 99, 99, 99]
--- num:  29
list:  [0.48, 0.48, 0.88, 0.88, 1, 1, 0.16199999999999998, 0.16199999999999998, 0.44, 0.44, 0.42, 0.3, 0.13499999999999995, 0.10499999999999993, 1, 0.23, 0.98, 0.64, 0.27, 0.98, 0.98, 0.27, 0.27, 0.64, 0.41, 0.62, 0.42, 0.04, 0.58, 99, 99, 99]
--- num:  29
list:  [0.48, 0.48, 0.88, 0.88, 1, 1, 0.16199999999999998, 0.16199999999999998, 0.43, 0.43, 0.44, 0.28, 0.13499999999999995, 0.10499999999999993, 1, 0.23, 0.98, 0.64, 0.27, 0.98, 0.98, 0.27, 0.27, 0.64, 0.41, 0.62, 0.42, 0.04, 0.58, 99, 99, 99]
--- num:  29
list:  [0.56, 0.56, 1, 1, 0.98, 0.98, 0.9413990783691406, 0.940459291934967, 0.35, 0.35, 0.31, 0.41, 0.13499999999999995, 0.11999999999999994, 1, 0.24, 0.97, 0.64, 0.29, 0.97, 0.97, 0.29, 0.29, 0.64, 0.41, 0.63, 0.41, 0.04, 0.57, 99, 99, 99]
--- num:  29
list:  [0.56, 0.56, 1, 1, 0.98, 0.98, 0.7039383459091186, 0.7035457301139831, 0.25, 0.25, 0.33, 0.39, 0.11999999999999994, 0.11999999999999994, 1, 0.24, 0.96, 0.64, 0.29, 0.96, 0.96, 0.29, 0.29, 0.63, 0.41, 0.63, 0.41, 0.04, 0.55, 99, 99, 99]
--- num:  29
list:  [0.46, 0.46, 0.83, 0.83, 1, 1, 0.16199999999999998, 0.16199999999999998, 0.4, 0.4, 0.35, 0.37, 0.11999999999999994, 0.11999999999999994, 1, 0.24, 0.97, 0.64, 0.27, 0.97, 0.97, 0.27, 0.27, 0.63, 0.41, 0.63, 0.41, 0.04, 0.53, 99, 99, 99]
--- num:  29
list:  [0.47, 0.47, 0.86, 0.86, 1, 1, 0.16199999999999998, 0.16199999999999998, 0.45, 0.45, 0.36, 0.36, 0.13499999999999995, 0.11999999999999994, 1, 0.23, 0.98, 0.64, 0.27, 0.98, 0.98, 0.27, 0.27, 0.64, 0.41, 0.63, 0.41, 0.03, 0.51, 99, 99, 99]
--- num:  29
list:  [0.47, 0.47, 0.87, 0.87, 1, 1, 0.16199999999999998, 0.16199999999999998, 0.45, 0.45, 0.39, 0.33, 0.13499999999999995, 0.10499999999999993, 1, 0.23, 0.98, 0.63, 0.26, 0.98, 0.98, 0.26, 0.26, 0.64, 0.41, 0.62, 0.42, 0.03, 0.49, 99, 99, 99]
--- num:  29
list:  [0.47, 0.47, 0.87, 0.87, 1, 1, 0.16199999999999998, 0.16199999999999998, 0.45, 0.45, 0.41, 0.31, 0.11999999999999994, 0.10499999999999993, 1, 0.22, 0.99, 0.63, 0.26, 0.99, 0.99, 0.26, 0.26, 0.63, 0.41, 0.62, 0.42, 0.03, 0.49, 99, 99, 99]
--- num:  29
list:  [0.48, 0.48, 0.87, 0.87, 1, 1, 0.16199999999999998, 0.16199999999999998, 0.45, 0.45, 0.42, 0.3, 0.11999999999999994, 0.10499999999999993, 1, 0.22, 0.99, 0.63, 0.26, 0.99, 0.99, 0.26, 0.26, 0.63, 0.41, 0.62, 0.42, 0.02, 0.49, 99, 99, 99]
--- num:  29
list:  [0.48, 0.48, 0.87, 0.87, 1, 1, 0.16199999999999998, 0.16199999999999998, 0.44, 0.44, 0.42, 0.3, 0.11999999999999994, 0.10499999999999993, 1, 0.22, 0.99, 0.63, 0.26, 0.99, 0.99, 0.26, 0.26, 0.63, 0.41, 0.62, 0.42, 0.02, 0.48, 99, 99, 99]
--- num:  29
list:  [0.47, 0.47, 0.86, 0.86, 1, 1, 0.9331888961791992, 0.9331547427177429, 0.33, 0.33, 0.41, 0.32, 0.11999999999999994, 0.10499999999999993, 1, 0.23, 0.98, 0.63, 0.28, 0.98, 0.98, 0.28, 0.28, 0.63, 0.41, 0.62, 0.42, 0.03, 0.48, 99, 99, 99]
--- num:  29
list:  [0.46, 0.46, 0.84, 0.84, 1, 1, 0.16199999999999998, 0.16199999999999998, 0.4, 0.4, 0.22, 0.5, 0.11999999999999994, 0.10499999999999993, 1, 0.23, 0.98, 0.64, 0.29, 0.98, 0.98, 0.29, 0.29, 0.63, 0.41, 0.62, 0.42, 0.04, 0.48, 99, 99, 99]
--- num:  29
list:  [0.47, 0.47, 0.85, 0.85, 1, 1, 0.16199999999999998, 0.16199999999999998, 0.44, 0.44, 0.23, 0.5, 0.13499999999999995, 0.11999999999999994, 1, 0.23, 0.98, 0.64, 0.28, 0.98, 0.98, 0.28, 0.28, 0.64, 0.41, 0.63, 0.42, 0.04, 0.48, 99, 99, 99]
--- num:  29
list:  [0.47, 0.47, 0.87, 0.87, 1, 1, 0.16199999999999998, 0.16199999999999998, 0.44, 0.44, 0.24, 0.48, 0.13499999999999995, 0.11999999999999994, 1, 0.23, 0.98, 0.64, 0.29, 0.98, 0.98, 0.29, 0.29, 0.64, 0.41, 0.63, 0.41, 0.03, 0.47, 99, 99, 99]
--- num:  29
list:  [0.47, 0.47, 0.86, 0.86, 1, 1, 0.16199999999999998, 0.16199999999999998, 0.43, 0.43, 0.11, 0.62, 0.14999999999999997, 0.13499999999999995, 1, 0.26, 0.97, 0.65, 0.33, 0.97, 0.97, 0.33, 0.33, 0.65, 0.41, 0.64, 0.41, 0.04, 0.44, 99, 99, 99]
--- num:  29
list:  [0.47, 0.47, 0.86, 0.86, 1, 1, 0.16199999999999998, 0.16199999999999998, 0.44, 0.44, 0.11, 0.62, 0.14999999999999997, 0.13499999999999995, 1, 0.26, 0.965, 0.66, 0.32, 0.96, 0.97, 0.32, 0.32, 0.65, 0.41, 0.64, 0.41, 0.04, 0.44, 99, 99, 99]
--- num:  29
list:  [0.47, 0.47, 0.85, 0.85, 1, 1, 0.16199999999999998, 0.16199999999999998, 0.44, 0.44, 0.11, 0.63, 0.14999999999999997, 0.13499999999999995, 1, 0.26, 0.96, 0.66, 0.32, 0.96, 0.96, 0.32, 0.32, 0.65, 0.41, 0.64, 0.41, 0.04, 0.44, 99, 99, 99]
--- num:  29
list:  [0.47, 0.47, 0.85, 0.85, 1, 1, 0.16199999999999998, 0.16199999999999998, 0.44, 0.44, 0.1, 0.64, 0.14999999999999997, 0.14999999999999997, 1, 0.27, 0.96, 0.66, 0.33, 0.96, 0.96, 0.33, 0.33, 0.65, 0.41, 0.65, 0.41, 0.05, 0.43, 99, 99, 99]
--- num:  29
list:  [0.55, 0.55, 1, 1, 0.98, 0.98, 0.16199999999999998, 0.16199999999999998, 0.44, 0.44, 0.09, 0.64, 0.14999999999999997, 0.14999999999999997, 1, 0.27, 0.96, 0.66, 0.34, 0.96, 0.96, 0.34, 0.34, 0.65, 0.4, 0.65, 0.41, 0.05, 0.43, 99, 99, 99]
--- num:  29
list:  [0.56, 0.56, 1, 1, 0.98, 0.98, 0.16199999999999998, 0.16199999999999998, 0.44, 0.44, 0.09, 0.65, 0.14999999999999997, 0.14999999999999997, 1, 0.27, 0.955, 0.66, 0.34, 0.95, 0.96, 0.34, 0.34, 0.65, 0.4, 0.65, 0.41, 0.05, 0.43, 99, 99, 99]
--- num:  29
list:  [0.46, 0.46, 0.83, 0.83, 1, 1, 0.16199999999999998, 0.16199999999999998, 0.44, 0.44, 0.08, 0.65, 0.16499999999999998, 0.16499999999999998, 1, 0.27, 0.95, 0.67, 0.36, 0.95, 0.95, 0.36, 0.36, 0.66, 0.4, 0.66, 0.4, 0.05, 0.42, 99, 99, 99]
--- num:  29
list:  [0.46, 0.46, 0.83, 0.83, 1, 1, 0.16199999999999998, 0.16199999999999998, 0.44, 0.44, 0.09, 0.64, 0.18, 0.16499999999999998, 1, 0.28, 0.95, 0.67, 0.37, 0.95, 0.95, 0.37, 0.37, 0.67, 0.4, 0.66, 0.4, 0.05, 0.42, 99, 99, 99]
--- num:  29
list:  [0.46, 0.46, 0.83, 0.83, 1, 1, 0.16199999999999998, 0.16199999999999998, 0.44, 0.44, 0.08, 0.65, 0.18, 0.18, 1, 0.28, 0.95, 0.67, 0.37, 0.95, 0.95, 0.37, 0.37, 0.67, 0.4, 0.67, 0.4, 0.06, 0.42, 99, 99, 99]
--- num:  29
list:  [0.45, 0.45, 0.81, 0.81, 1, 1, 0.16199999999999998, 0.16199999999999998, 0.44, 0.44, 0.07, 0.66, 0.18, 0.18, 1, 0.28, 0.95, 0.67, 0.37, 0.95, 0.95, 0.37, 0.37, 0.67, 0.4, 0.67, 0.4, 0.06, 0.43, 99, 99, 99]
--- num:  29
list:  [0.45, 0.45, 0.81, 0.81, 1, 1, 0.16199999999999998, 0.16199999999999998, 0.44, 0.44, 0.07, 0.66, 0.18, 0.18, 1, 0.28, 0.95, 0.67, 0.36, 0.95, 0.95, 0.36, 0.36, 0.67, 0.4, 0.67, 0.4, 0.06, 0.43, 99, 99, 99]
--- num:  29
list:  [0.45, 0.45, 0.81, 0.81, 1, 1, 0.16199999999999998, 0.16199999999999998, 0.44, 0.44, 0.06, 0.68, 0.18, 0.18, 1, 0.27, 0.955, 0.67, 0.34, 0.95, 0.96, 0.34, 0.34, 0.67, 0.4, 0.67, 0.4, 0.05, 0.44, 99, 99, 99]
--- num:  29
list:  [0.45, 0.45, 0.81, 0.81, 1, 1, 0.16199999999999998, 0.16199999999999998, 0.45, 0.45, 0.04, 0.69, 0.16499999999999998, 0.16499999999999998, 1, 0.27, 0.96, 0.67, 0.35, 0.96, 0.96, 0.35, 0.35, 0.66, 0.4, 0.66, 0.4, 0.05, 0.45, 99, 99, 99]
--- num:  29
list:  [0.44, 0.44, 0.79, 0.79, 1, 1, 0.27391756653785704, 0.2736018407344818, 0.35, 0.35, 0.38, 0.35, 0.16499999999999998, 0.14999999999999997, 1, 0.28, 0.95, 0.67, 0.38, 0.95, 0.95, 0.38, 0.38, 0.66, 0.4, 0.65, 0.4, 0.07, 0.45, 99, 99, 99]
--- num:  29
list:  [0.43, 0.43, 0.78, 0.78, 1, 1, 0.248749862909317, 0.24809000968933104, 0.35, 0.35, 0.41, 0.31, 0.16499999999999998, 0.16499999999999998, 1, 0.29, 0.91, 0.68, 0.42, 0.91, 0.91, 0.42, 0.42, 0.66, 0.4, 0.66, 0.4, 0.1, 0.42, 99, 99, 99]
--- num:  29
list:  [0.44, 0.44, 0.79, 0.79, 1, 1, 0.16199999999999998, 0.16199999999999998, 0.43, 0.43, 0.38, 0.34, 0.14999999999999997, 0.13499999999999995, 1, 0.3, 0.91, 0.69, 0.43, 0.91, 0.91, 0.43, 0.43, 0.65, 0.41, 0.64, 0.41, 0.1, 0.41, 99, 99, 99]
--- num:  29
list:  [0.44, 0.44, 0.8, 0.8, 1, 1, 0.16199999999999998, 0.16199999999999998, 0.44, 0.44, 0.37, 0.36, 0.13499999999999995, 0.13499999999999995, 1, 0.31, 0.91, 0.69, 0.43, 0.91, 0.91, 0.43, 0.43, 0.64, 0.41, 0.64, 0.41, 0.1, 0.4, 99, 99, 99]
--- num:  29
list:  [0.45, 0.45, 0.8, 0.8, 1, 1, 0.16199999999999998, 0.16199999999999998, 0.45, 0.45, 0.35, 0.37, 0.13499999999999995, 0.11999999999999994, 1, 0.31, 0.91, 0.69, 0.41, 0.91, 0.91, 0.41, 0.41, 0.64, 0.41, 0.63, 0.41, 0.1, 0.39, 99, 99, 99]
--- num:  29
list:  [0.45, 0.45, 0.81, 0.81, 1, 1, 0.16199999999999998, 0.16199999999999998, 0.45, 0.45, 0.33, 0.39, 0.13499999999999995, 0.11999999999999994, 1, 0.31, 0.92, 0.69, 0.39, 0.92, 0.92, 0.39, 0.39, 0.64, 0.41, 0.63, 0.41, 0.1, 0.4, 99, 99, 99]
--- num:  29
list:  [0.45, 0.45, 0.81, 0.81, 1, 1, 0.16199999999999998, 0.16199999999999998, 0.45, 0.45, 0.31, 0.41, 0.13499999999999995, 0.11999999999999994, 1, 0.31, 0.93, 0.69, 0.38, 0.93, 0.93, 0.38, 0.38, 0.64, 0.41, 0.63, 0.41, 0.09, 0.41, 99, 99, 99]
--- num:  29
list:  [0.45, 0.45, 0.82, 0.82, 1, 1, 0.16199999999999998, 0.16199999999999998, 0.46, 0.46, 0.3, 0.42, 0.13499999999999995, 0.13499999999999995, 1, 0.28, 0.945, 0.68, 0.33, 0.95, 0.94, 0.33, 0.33, 0.64, 0.41, 0.64, 0.41, 0.07, 0.42, 99, 99, 99]
--- num:  29
list:  [0.45, 0.45, 0.82, 0.82, 1, 1, 0.16199999999999998, 0.16199999999999998, 0.46, 0.46, 0.29, 0.44, 0.14999999999999997, 0.13499999999999995, 1, 0.27, 0.96, 0.66, 0.3, 0.96, 0.96, 0.3, 0.3, 0.65, 0.41, 0.64, 0.41, 0.05, 0.45, 99, 99, 99]
--- num:  29
list:  [0.46, 0.46, 0.83, 0.83, 1, 1, 0.16199999999999998, 0.16199999999999998, 0.45, 0.45, 0.31, 0.41, 0.14999999999999997, 0.13499999999999995, 1, 0.25, 0.97, 0.65, 0.29, 0.97, 0.97, 0.29, 0.29, 0.65, 0.41, 0.64, 0.41, 0.04, 0.48, 99, 99, 99]
--- num:  29
list:  [0.44, 0.44, 0.8, 0.8, 1, 1, 0.16199999999999998, 0.16199999999999998, 0.44, 0.44, 0.53, 0.2, 0.195, 0.14999999999999997, 1, 0.25, 0.97, 0.65, 0.31, 0.97, 0.97, 0.31, 0.31, 0.68, 0.39, 0.65, 0.4, 0.04, 0.5, 99, 99, 99]
--- num:  29
list:  [0.44, 0.44, 0.8, 0.8, 1, 1, 0.16199999999999998, 0.16199999999999998, 0.46, 0.46, 0.5, 0.23, 0.22499999999999987, 0.18, 1, 0.25, 0.97, 0.65, 0.31, 0.97, 0.97, 0.31, 0.31, 0.7, 0.38, 0.67, 0.4, 0.04, 0.52, 99, 99, 99]
--- num:  29
list:  [0.44, 0.44, 0.8, 0.8, 1, 1, 0.16199999999999998, 0.16199999999999998, 0.46, 0.46, 0.47, 0.26, 0.22499999999999987, 0.18, 1, 0.25, 0.97, 0.65, 0.32, 0.97, 0.97, 0.32, 0.32, 0.7, 0.38, 0.67, 0.4, 0.04, 0.54, 99, 99, 99]
--- num:  29
list:  [0.44, 0.44, 0.8, 0.8, 1, 1, 0.16199999999999998, 0.16199999999999998, 0.38, 0.38, 0.77, -0.03, 0.23999999999999988, 0.18, 1, 0.25, 0.97, 0.65, 0.31, 0.97, 0.97, 0.31, 0.31, 0.71, 0.38, 0.67, 0.4, 0.05, 0.55, 99, 99, 99]
--- num:  29
list:  [0.44, 0.44, 0.8, 0.8, 1, 1, 0.16199999999999998, 0.16199999999999998, 0.38, 0.38, 0.78, -0.03, 0.2549999999999999, 0.18, 1, 0.24, 0.97, 0.65, 0.31, 0.97, 0.97, 0.31, 0.31, 0.72, 0.37, 0.67, 0.4, 0.04, 0.56, 99, 99, 99]
--- num:  29
list:  [0.44, 0.44, 0.79, 0.79, 1, 1, 0.16199999999999998, 0.16199999999999998, 0.38, 0.38, 0.77, -0.03, 0.2549999999999999, 0.18, 1, 0.24, 0.97, 0.64, 0.3, 0.97, 0.97, 0.3, 0.3, 0.72, 0.37, 0.67, 0.4, 0.04, 0.56, 99, 99, 99]
--- num:  29
list:  [0.44, 0.44, 0.79, 0.79, 1, 1, 0.16199999999999998, 0.16199999999999998, 0.38, 0.38, 0.78, -0.04, 0.2549999999999999, 0.18, 1, 0.24, 0.97, 0.64, 0.3, 0.97, 0.97, 0.3, 0.3, 0.72, 0.37, 0.67, 0.4, 0.04, 0.56, 99, 99, 99]
--- num:  29
list:  [0.44, 0.44, 0.8, 0.8, 1, 1, 0.16199999999999998, 0.16199999999999998, 0.37, 0.37, 0.79, -0.04, 0.2549999999999999, 0.18, 1, 0.24, 0.97, 0.64, 0.3, 0.97, 0.97, 0.3, 0.3, 0.72, 0.37, 0.67, 0.4, 0.04, 0.57, 99, 99, 99]
--- num:  29
list:  [0.46, 0.46, 0.84, 0.84, 1, 1, 0.769868950843811, 0.7371471333503723, 0.28, 0.28, 0.38, 0.34, 0.23999999999999988, 0.18, 1, 0.24, 0.97, 0.64, 0.31, 0.97, 0.97, 0.31, 0.31, 0.71, 0.38, 0.67, 0.4, 0.04, 0.57, 99, 99, 99]
--- num:  29
list:  [0.56, 0.56, 1, 1, 0.98, 0.98, 0.27571276903152464, 0.2730854856967926, 0.33, 0.33, 0.56, 0.17, 0.22499999999999987, 0.18, 1, 0.24, 0.965, 0.64, 0.31, 0.96, 0.97, 0.31, 0.31, 0.7, 0.38, 0.67, 0.4, 0.04, 0.57, 99, 99, 99]
--- num:  29
list:  [0.45, 0.45, 0.82, 0.82, 1, 1, 0.16199999999999998, 0.16199999999999998, 0.39, 0.39, 0.65, 0.08, 0.23999999999999988, 0.18, 1, 0.24, 0.965, 0.65, 0.31, 0.96, 0.97, 0.31, 0.31, 0.71, 0.38, 0.67, 0.4, 0.04, 0.58, 99, 99, 99]
--- num:  29
list:  [0.45, 0.45, 0.82, 0.82, 1, 1, 0.16199999999999998, 0.16199999999999998, 0.4, 0.4, 0.68, 0.06, 0.23999999999999988, 0.18, 1, 0.24, 0.97, 0.64, 0.3, 0.97, 0.97, 0.3, 0.3, 0.71, 0.38, 0.67, 0.4, 0.04, 0.58, 99, 99, 99]
--- num:  29
list:  [0.46, 0.46, 0.84, 0.84, 1, 1, 0.27220369458198546, 0.2684697318077087, 0.36, 0.36, 0.47, 0.26, 0.22499999999999987, 0.18, 1, 0.24, 0.97, 0.64, 0.31, 0.97, 0.97, 0.31, 0.31, 0.7, 0.38, 0.67, 0.4, 0.04, 0.59, 99, 99, 99]
--- num:  29
list:  [0.56, 0.56, 1, 1, 0.98, 0.98, 0.4626904535293579, 0.458756844997406, 0.32, 0.32, 0.23, 0.5, 0.18, 0.18, 1, 0.25, 0.965, 0.65, 0.32, 0.96, 0.97, 0.32, 0.32, 0.67, 0.4, 0.67, 0.4, 0.04, 0.58, 99, 99, 99]
--- num:  29
list:  [0.55, 0.55, 1, 1, 0.98, 0.98, 0.16199999999999998, 0.16199999999999998, 0.43, 0.43, 0.26, 0.46, 0.18, 0.18, 1, 0.25, 0.97, 0.65, 0.29, 0.97, 0.97, 0.29, 0.29, 0.67, 0.4, 0.67, 0.4, 0.04, 0.56, 99, 99, 99]
--- num:  29
list:  [0.47, 0.47, 0.87, 0.87, 1, 1, 0.16199999999999998, 0.16199999999999998, 0.44, 0.44, 0.29, 0.43, 0.16499999999999998, 0.14999999999999997, 1, 0.24, 0.97, 0.64, 0.28, 0.97, 0.97, 0.28, 0.28, 0.66, 0.4, 0.65, 0.4, 0.04, 0.53, 99, 99, 99]
--- num:  29
list:  [0.47, 0.47, 0.87, 0.87, 1, 1, 0.16199999999999998, 0.16199999999999998, 0.44, 0.44, 0.32, 0.41, 0.16499999999999998, 0.14999999999999997, 1, 0.24, 0.98, 0.64, 0.28, 0.98, 0.98, 0.28, 0.28, 0.66, 0.4, 0.65, 0.41, 0.03, 0.51, 99, 99, 99]
--- num:  29
list:  [0.47, 0.47, 0.87, 0.87, 1, 1, 0.16199999999999998, 0.16199999999999998, 0.44, 0.44, 0.33, 0.39, 0.14999999999999997, 0.13499999999999995, 1, 0.23, 0.98, 0.64, 0.28, 0.98, 0.98, 0.28, 0.28, 0.65, 0.4, 0.64, 0.41, 0.03, 0.5, 99, 99, 99]
--- num:  29
list:  [0.47, 0.47, 0.86, 0.86, 1, 1, 0.16199999999999998, 0.16199999999999998, 0.44, 0.44, 0.35, 0.37, 0.14999999999999997, 0.13499999999999995, 1, 0.23, 0.98, 0.64, 0.28, 0.98, 0.98, 0.28, 0.28, 0.65, 0.41, 0.64, 0.41, 0.03, 0.48, 99, 99, 99]
--- num:  29
list:  [0.47, 0.47, 0.86, 0.86, 1, 1, 0.16199999999999998, 0.16199999999999998, 0.43, 0.43, 0.36, 0.36, 0.14999999999999997, 0.13499999999999995, 1, 0.23, 0.98, 0.64, 0.28, 0.98, 0.98, 0.28, 0.28, 0.65, 0.41, 0.64, 0.41, 0.03, 0.47, 99, 99, 99]
--- num:  29
list:  [0.46, 0.46, 0.85, 0.85, 1, 1, 0.16199999999999998, 0.16199999999999998, 0.43, 0.43, 0.37, 0.35, 0.14999999999999997, 0.13499999999999995, 1, 0.24, 0.97, 0.64, 0.29, 0.97, 0.97, 0.29, 0.29, 0.65, 0.41, 0.64, 0.41, 0.03, 0.46, 99, 99, 99]
--- num:  29
list:  [0.45, 0.45, 0.81, 0.81, 1, 1, 0.4547493863105774, 0.4536787378787994, 0.29, 0.29, 0.39, 0.34, 0.14999999999999997, 0.14999999999999997, 1, 0.25, 0.95, 0.65, 0.34, 0.95, 0.95, 0.34, 0.34, 0.65, 0.41, 0.65, 0.41, 0.04, 0.46, 99, 99, 99]
--- num:  29
list:  [0.44, 0.44, 0.78, 0.78, 1, 1, 0.16199999999999998, 0.16199999999999998, 0.38, 0.38, 0.17, 0.56, 0.16499999999999998, 0.16499999999999998, 1, 0.26, 0.94, 0.66, 0.34, 0.94, 0.94, 0.34, 0.34, 0.66, 0.4, 0.66, 0.4, 0.04, 0.45, 99, 99, 99]
--- num:  29
list:  [0.46, 0.46, 0.83, 0.83, 1, 1, 0.16199999999999998, 0.16199999999999998, 0.44, 0.44, 0.17, 0.56, 0.16499999999999998, 0.16499999999999998, 1, 0.27, 0.95, 0.66, 0.35, 0.95, 0.95, 0.35, 0.35, 0.66, 0.4, 0.66, 0.4, 0.04, 0.44, 99, 99, 99]
--- num:  29
list:  [0.56, 0.56, 1, 1, 0.98, 0.98, 0.16199999999999998, 0.16199999999999998, 0.44, 0.44, 0.14, 0.59, 0.14999999999999997, 0.14999999999999997, 1, 0.27, 0.95, 0.66, 0.34, 0.95, 0.95, 0.34, 0.34, 0.65, 0.4, 0.65, 0.41, 0.05, 0.43, 99, 99, 99]
--- num:  29
list:  [0.56, 0.56, 1, 1, 0.98, 0.98, 0.16199999999999998, 0.16199999999999998, 0.44, 0.44, 0.11, 0.62, 0.14999999999999997, 0.14999999999999997, 1, 0.27, 0.95, 0.66, 0.35, 0.95, 0.95, 0.35, 0.35, 0.65, 0.4, 0.65, 0.41, 0.05, 0.42, 99, 99, 99]
--- num:  29
list:  [0.56, 0.56, 1, 1, 0.98, 0.98, 0.16199999999999998, 0.16199999999999998, 0.45, 0.45, 0.12, 0.62, 0.14999999999999997, 0.14999999999999997, 1, 0.27, 0.955, 0.66, 0.34, 0.95, 0.96, 0.34, 0.34, 0.65, 0.41, 0.65, 0.41, 0.05, 0.42, 99, 99, 99]
--- num:  29
list:  [0.56, 0.56, 1, 1, 0.98, 0.98, 0.16199999999999998, 0.16199999999999998, 0.45, 0.45, 0.12, 0.61, 0.14999999999999997, 0.14999999999999997, 1, 0.27, 0.95, 0.67, 0.34, 0.95, 0.95, 0.34, 0.34, 0.65, 0.4, 0.65, 0.41, 0.05, 0.42, 99, 99, 99]
--- num:  29
list:  [0.56, 0.56, 1, 1, 0.98, 0.98, 0.16199999999999998, 0.16199999999999998, 0.44, 0.44, 0.11, 0.62, 0.14999999999999997, 0.14999999999999997, 1, 0.27, 0.95, 0.67, 0.34, 0.95, 0.95, 0.34, 0.34, 0.65, 0.4, 0.65, 0.4, 0.05, 0.41, 99, 99, 99]
--- num:  29
list:  [0.56, 0.56, 1, 1, 0.98, 0.98, 0.16199999999999998, 0.16199999999999998, 0.44, 0.44, 0.1, 0.63, 0.16499999999999998, 0.14999999999999997, 1, 0.27, 0.955, 0.66, 0.34, 0.95, 0.96, 0.34, 0.34, 0.66, 0.4, 0.65, 0.4, 0.05, 0.42, 99, 99, 99]
--- num:  29
list:  [0.56, 0.56, 1, 1, 0.98, 0.98, 0.16199999999999998, 0.16199999999999998, 0.44, 0.44, 0.1, 0.63, 0.16499999999999998, 0.16499999999999998, 1, 0.27, 0.955, 0.66, 0.34, 0.95, 0.96, 0.34, 0.34, 0.66, 0.4, 0.66, 0.4, 0.04, 0.42, 99, 99, 99]
--- num:  29
list:  [0.56, 0.56, 1, 1, 0.98, 0.98, 0.2416748511791229, 0.2413357603549957, 0.36, 0.36, 0.24, 0.49, 0.16499999999999998, 0.16499999999999998, 1, 0.27, 0.96, 0.66, 0.34, 0.96, 0.96, 0.34, 0.34, 0.66, 0.4, 0.66, 0.4, 0.04, 0.42, 99, 99, 99]
--- num:  29
list:  [0.56, 0.56, 1, 1, 0.98, 0.98, 0.8443977046012878, 0.8442283082008362, 0.25, 0.25, 0.43, 0.3, 0.16499999999999998, 0.14999999999999997, 1, 0.27, 0.94, 0.66, 0.34, 0.94, 0.94, 0.34, 0.34, 0.66, 0.4, 0.65, 0.4, 0.04, 0.4, 99, 99, 99]
--- num:  29
list:  [0.56, 0.56, 1, 1, 0.98, 0.98, 0.5771020460128784, 0.5768435406684875, 0.24, 0.24, 0.43, 0.29, 0.18, 0.16499999999999998, 1, 0.27, 0.93, 0.67, 0.35, 0.93, 0.93, 0.35, 0.35, 0.67, 0.4, 0.66, 0.4, 0.05, 0.35, 99, 99, 99]
--- num:  29
list:  [0.56, 0.56, 1, 1, 0.98, 0.98, 0.4961868333816528, 0.4960973072052002, 0.25, 0.25, 0.42, 0.31, 0.195, 0.16499999999999998, 1, 0.27, 0.925, 0.67, 0.35, 0.92, 0.93, 0.35, 0.35, 0.68, 0.39, 0.66, 0.4, 0.04, 0.32, 99, 99, 99]
--- num:  29
list:  [0.56, 0.56, 1, 1, 0.98, 0.98, 0.41510565161705015, 0.4149775910377502, 0.27, 0.27, 0.4, 0.32, 0.195, 0.16499999999999998, 1, 0.27, 0.925, 0.67, 0.35, 0.92, 0.93, 0.35, 0.35, 0.68, 0.39, 0.66, 0.4, 0.04, 0.31, 99, 99, 99]
--- num:  29
list:  [0.56, 0.56, 1, 1, 0.98, 0.98, 0.4085972416400909, 0.408454577922821, 0.28, 0.28, 0.4, 0.32, 0.195, 0.16499999999999998, 1, 0.27, 0.925, 0.67, 0.35, 0.92, 0.93, 0.35, 0.35, 0.68, 0.39, 0.66, 0.4, 0.04, 0.31, 99, 99, 99]
--- num:  29
list:  [0.55, 0.55, 1, 1, 0.98, 0.98, 0.6636705803871155, 0.6635057139396667, 0.25, 0.25, 0.4, 0.32, 0.195, 0.18, 1, 0.27, 0.925, 0.67, 0.34, 0.92, 0.93, 0.34, 0.34, 0.68, 0.39, 0.67, 0.4, 0.05, 0.32, 99, 99, 99]
--- num:  29
list:  [0.57, 0.57, 1, 1, 0.97, 0.97, 0.9647615361213684, 0.9647458600997925, 0.42, 0.42, 0.38, 0.35, 0.18, 0.195, 1, 0.27, 0.93, 0.66, 0.32, 0.93, 0.93, 0.32, 0.32, 0.67, 0.4, 0.68, 0.39, 0.04, 0.39, 99, 99, 99]
--- num:  29
list:  [0.56, 0.56, 1, 1, 0.98, 0.98, 0.3540640878677368, 0.3527985918521881, 0.31, 0.31, 0.54, 0.18, 0.18, 0.195, 1, 0.27, 0.94, 0.66, 0.33, 0.94, 0.94, 0.33, 0.33, 0.67, 0.4, 0.68, 0.39, 0.04, 0.42, 99, 99, 99]
--- num:  29
list:  [0.56, 0.56, 1, 1, 0.98, 0.98, 0.16199999999999998, 0.16199999999999998, 0.38, 0.38, 0.62, 0.12, 0.195, 0.195, 1, 0.26, 0.945, 0.66, 0.32, 0.94, 0.95, 0.32, 0.32, 0.68, 0.39, 0.68, 0.39, 0.04, 0.43, 99, 99, 99]
--- num:  29
list:  [0.44, 0.44, 0.78, 0.78, 1, 1, 0.16199999999999998, 0.16199999999999998, 0.39, 0.39, 0.6, 0.13, 0.22499999999999987, 0.195, 1, 0.26, 0.95, 0.66, 0.32, 0.95, 0.95, 0.32, 0.32, 0.7, 0.38, 0.68, 0.39, 0.04, 0.45, 99, 99, 99]
--- num:  29
list:  [0.44, 0.44, 0.79, 0.79, 1, 1, 0.16199999999999998, 0.16199999999999998, 0.39, 0.39, 0.59, 0.15, 0.22499999999999987, 0.195, 1, 0.26, 0.95, 0.66, 0.34, 0.95, 0.95, 0.34, 0.34, 0.7, 0.38, 0.68, 0.39, 0.04, 0.47, 99, 99, 99]
--- num:  29
list:  [0.44, 0.44, 0.8, 0.8, 1, 1, 0.16199999999999998, 0.16199999999999998, 0.39, 0.39, 0.58, 0.15, 0.22499999999999987, 0.195, 1, 0.27, 0.94, 0.66, 0.35, 0.94, 0.94, 0.35, 0.35, 0.7, 0.39, 0.68, 0.39, 0.05, 0.48, 99, 99, 99]
--- num:  29
list:  [0.44, 0.44, 0.8, 0.8, 1, 1, 0.16199999999999998, 0.16199999999999998, 0.42, 0.42, 0.51, 0.22, 0.20999999999999985, 0.16499999999999998, 1, 0.28, 0.94, 0.67, 0.35, 0.94, 0.94, 0.35, 0.35, 0.69, 0.39, 0.66, 0.4, 0.06, 0.5, 99, 99, 99]
--- num:  29
list:  [0.44, 0.44, 0.8, 0.8, 1, 1, 0.16199999999999998, 0.16199999999999998, 0.42, 0.42, 0.5, 0.23, 0.20999999999999985, 0.16499999999999998, 1, 0.29, 0.94, 0.68, 0.37, 0.94, 0.94, 0.37, 0.37, 0.69, 0.39, 0.66, 0.4, 0.07, 0.52, 99, 99, 99]
--- num:  29
list:  [0.44, 0.44, 0.8, 0.8, 1, 1, 0.16199999999999998, 0.16199999999999998, 0.42, 0.42, 0.48, 0.24, 0.20999999999999985, 0.16499999999999998, 1, 0.29, 0.935, 0.68, 0.37, 0.93, 0.94, 0.37, 0.37, 0.69, 0.39, 0.66, 0.4, 0.08, 0.54, 99, 99, 99]
--- num:  29
list:  [0.44, 0.44, 0.8, 0.8, 1, 1, 0.16199999999999998, 0.16199999999999998, 0.38, 0.38, 0.71, 0.03, 0.22499999999999987, 0.16499999999999998, 1, 0.29, 0.935, 0.68, 0.37, 0.93, 0.94, 0.37, 0.37, 0.7, 0.38, 0.66, 0.4, 0.08, 0.56, 99, 99, 99]
--- num:  29
list:  [0.44, 0.44, 0.8, 0.8, 1, 1, 0.16199999999999998, 0.16199999999999998, 0.38, 0.38, 0.72, 0.02, 0.22499999999999987, 0.16499999999999998, 1, 0.29, 0.935, 0.68, 0.37, 0.93, 0.94, 0.37, 0.37, 0.7, 0.38, 0.66, 0.4, 0.08, 0.58, 99, 99, 99]
--- num:  29
list:  [0.44, 0.44, 0.8, 0.8, 1, 1, 0.16199999999999998, 0.16199999999999998, 0.38, 0.38, 0.72, 0.02, 0.22499999999999987, 0.14999999999999997, 1, 0.3, 0.935, 0.68, 0.37, 0.93, 0.94, 0.37, 0.37, 0.7, 0.38, 0.65, 0.4, 0.08, 0.59, 99, 99, 99]
--- num:  29
list:  [0.44, 0.44, 0.8, 0.8, 1, 1, 0.16199999999999998, 0.16199999999999998, 0.37, 0.37, 0.73, 0.01, 0.22499999999999987, 0.14999999999999997, 1, 0.29, 0.935, 0.68, 0.37, 0.93, 0.94, 0.37, 0.37, 0.7, 0.38, 0.65, 0.41, 0.08, 0.59, 99, 99, 99]
--- num:  29
list:  [0.44, 0.44, 0.8, 0.8, 1, 1, 0.16199999999999998, 0.16199999999999998, 0.37, 0.37, 0.71, 0.03, 0.22499999999999987, 0.14999999999999997, 1, 0.29, 0.935, 0.68, 0.36, 0.93, 0.94, 0.36, 0.36, 0.7, 0.38, 0.65, 0.41, 0.07, 0.59, 99, 99, 99]
--- num:  29
list:  [0.45, 0.45, 0.82, 0.82, 1, 1, 0.16199999999999998, 0.16199999999999998, 0.37, 0.37, 0.71, 0.03, 0.22499999999999987, 0.14999999999999997, 1, 0.29, 0.935, 0.68, 0.36, 0.93, 0.94, 0.36, 0.36, 0.7, 0.38, 0.65, 0.41, 0.07, 0.59, 99, 99, 99]
--- num:  29
list:  [0.46, 0.46, 0.83, 0.83, 1, 1, 0.16199999999999998, 0.16199999999999998, 0.37, 0.37, 0.7, 0.04, 0.22499999999999987, 0.14999999999999997, 1, 0.29, 0.935, 0.68, 0.36, 0.93, 0.94, 0.36, 0.36, 0.7, 0.38, 0.65, 0.41, 0.07, 0.59, 99, 99, 99]
--- num:  29
list:  [0.56, 0.56, 1, 1, 0.98, 0.98, 0.9104563403129577, 0.9087651777267456, 0.37, 0.37, 0.28, 0.44, 0.18, 0.14999999999999997, 1, 0.29, 0.925, 0.68, 0.36, 0.92, 0.93, 0.36, 0.36, 0.67, 0.4, 0.65, 0.41, 0.07, 0.59, 99, 99, 99]
--- num:  29
list:  [0.56, 0.56, 1, 1, 0.98, 0.98, 0.37279308915138243, 0.37080983400344847, 0.33, 0.33, 0.23, 0.5, 0.18, 0.16499999999999998, 1, 0.29, 0.925, 0.68, 0.35, 0.92, 0.93, 0.35, 0.35, 0.67, 0.4, 0.66, 0.4, 0.07, 0.58, 99, 99, 99]
--- num:  29
list:  [0.56, 0.56, 1, 1, 0.98, 0.98, 0.16199999999999998, 0.16199999999999998, 0.42, 0.42, 0.27, 0.45, 0.13499999999999995, 0.11999999999999994, 1, 0.27, 0.96, 0.67, 0.31, 0.96, 0.96, 0.31, 0.31, 0.64, 0.41, 0.63, 0.41, 0.05, 0.56, 99, 99, 99]
--- num:  29
list:  [0.47, 0.47, 0.86, 0.86, 1, 1, 0.16199999999999998, 0.16199999999999998, 0.42, 0.42, 0.3, 0.42, 0.13499999999999995, 0.11999999999999994, 1, 0.26, 0.96, 0.66, 0.3, 0.96, 0.96, 0.3, 0.3, 0.64, 0.41, 0.63, 0.42, 0.04, 0.54, 99, 99, 99]
--- num:  29
list:  [0.47, 0.47, 0.86, 0.86, 1, 1, 0.16199999999999998, 0.16199999999999998, 0.42, 0.42, 0.33, 0.4, 0.13499999999999995, 0.11999999999999994, 1, 0.26, 0.96, 0.66, 0.3, 0.96, 0.96, 0.3, 0.3, 0.64, 0.41, 0.63, 0.42, 0.04, 0.5, 99, 99, 99]
--- num:  29
list:  [0.47, 0.47, 0.87, 0.87, 1, 1, 0.16199999999999998, 0.16199999999999998, 0.42, 0.42, 0.34, 0.38, 0.10499999999999993, 0.10499999999999993, 1, 0.25, 0.96, 0.65, 0.3, 0.96, 0.96, 0.3, 0.3, 0.62, 0.42, 0.62, 0.42, 0.04, 0.48, 99, 99, 99]
--- num:  29
list:  [0.47, 0.47, 0.86, 0.86, 1, 1, 0.16199999999999998, 0.16199999999999998, 0.43, 0.43, 0.36, 0.36, 0.10499999999999993, 0.08999999999999991, 1, 0.25, 0.96, 0.65, 0.3, 0.96, 0.96, 0.3, 0.3, 0.62, 0.42, 0.61, 0.42, 0.04, 0.47, 99, 99, 99]
--- num:  29
list:  [0.47, 0.47, 0.86, 0.86, 1, 1, 0.16199999999999998, 0.16199999999999998, 0.44, 0.44, 0.37, 0.35, 0.10499999999999993, 0.08999999999999991, 1, 0.25, 0.97, 0.65, 0.3, 0.97, 0.97, 0.3, 0.3, 0.62, 0.42, 0.61, 0.42, 0.03, 0.47, 99, 99, 99]
--- num:  29
list:  [0.47, 0.47, 0.86, 0.86, 1, 1, 0.16199999999999998, 0.16199999999999998, 0.49, 0.49, 0.38, 0.35, 0.10499999999999993, 0.08999999999999991, 1, 0.25, 0.97, 0.65, 0.3, 0.97, 0.97, 0.3, 0.3, 0.62, 0.42, 0.61, 0.42, 0.03, 0.46, 99, 99, 99]
--- num:  29
list:  [0.47, 0.47, 0.87, 0.87, 1, 1, 0.16199999999999998, 0.16199999999999998, 0.51, 0.51, 0.38, 0.34, 0.0749999999999999, 0.0749999999999999, 1, 0.25, 0.97, 0.65, 0.3, 0.97, 0.97, 0.3, 0.3, 0.6, 0.43, 0.6, 0.43, 0.03, 0.46, 99, 99, 99]
--- num:  29
list:  [0.48, 0.48, 0.87, 0.87, 1, 1, 0.16199999999999998, 0.16199999999999998, 0.52, 0.52, 0.38, 0.34, 0.0749999999999999, 0.0749999999999999, 1, 0.25, 0.97, 0.65, 0.3, 0.97, 0.97, 0.3, 0.3, 0.6, 0.43, 0.6, 0.43, 0.04, 0.46, 99, 99, 99]
--- num:  29
list:  [0.47, 0.47, 0.87, 0.87, 1, 1, 0.16199999999999998, 0.16199999999999998, 0.51, 0.51, 0.39, 0.34, 0.08999999999999991, 0.0749999999999999, 1, 0.25, 0.975, 0.65, 0.3, 0.97, 0.98, 0.3, 0.3, 0.61, 0.42, 0.6, 0.43, 0.04, 0.47, 99, 99, 99]
--- num:  29
list:  [0.47, 0.47, 0.87, 0.87, 1, 1, 0.16199999999999998, 0.16199999999999998, 0.51, 0.51, 0.39, 0.34, 0.08999999999999991, 0.0749999999999999, 1, 0.25, 0.975, 0.65, 0.3, 0.97, 0.98, 0.3, 0.3, 0.61, 0.42, 0.6, 0.43, 0.04, 0.47, 99, 99, 99]
--- num:  29
list:  [0.45, 0.45, 0.82, 0.82, 1, 1, 0.4637743043899536, 0.46141363263130186, 0.27, 0.27, 0.38, 0.34, 0.10499999999999993, 0.10499999999999993, 1, 0.26, 0.95, 0.66, 0.33, 0.95, 0.95, 0.33, 0.33, 0.62, 0.42, 0.62, 0.42, 0.04, 0.46, 99, 99, 99]
--- num:  29
list:  [0.56, 0.56, 1, 1, 0.98, 0.98, 0.18115451514720915, 0.18005908608436583, 0.36, 0.36, 0.4, 0.33, 0.13499999999999995, 0.13499999999999995, 1, 0.27, 0.945, 0.66, 0.33, 0.94, 0.95, 0.33, 0.33, 0.64, 0.41, 0.64, 0.41, 0.05, 0.46, 99, 99, 99]
--- num:  29
list:  [0.47, 0.47, 0.85, 0.85, 1, 1, 0.16199999999999998, 0.16199999999999998, 0.44, 0.44, 0.39, 0.33, 0.11999999999999994, 0.10499999999999993, 1, 0.26, 0.96, 0.66, 0.31, 0.96, 0.96, 0.31, 0.31, 0.63, 0.41, 0.62, 0.42, 0.04, 0.46, 99, 99, 99]
--- num:  29
list:  [0.47, 0.47, 0.86, 0.86, 1, 1, 0.16199999999999998, 0.16199999999999998, 0.45, 0.45, 0.39, 0.34, 0.11999999999999994, 0.10499999999999993, 1, 0.25, 0.97, 0.65, 0.3, 0.97, 0.97, 0.3, 0.3, 0.63, 0.42, 0.62, 0.42, 0.03, 0.45, 99, 99, 99]
--- num:  29
list:  [0.47, 0.47, 0.86, 0.86, 1, 1, 0.16199999999999998, 0.16199999999999998, 0.45, 0.45, 0.38, 0.34, 0.10499999999999993, 0.08999999999999991, 1, 0.25, 0.97, 0.65, 0.3, 0.97, 0.97, 0.3, 0.3, 0.62, 0.42, 0.61, 0.42, 0.03, 0.45, 99, 99, 99]
--- num:  29
list:  [0.47, 0.47, 0.87, 0.87, 1, 1, 0.16199999999999998, 0.16199999999999998, 0.46, 0.46, 0.35, 0.37, 0.08999999999999991, 0.08999999999999991, 1, 0.24, 0.97, 0.65, 0.29, 0.97, 0.97, 0.29, 0.29, 0.61, 0.42, 0.61, 0.42, 0.03, 0.46, 99, 99, 99]
--- num:  29
list:  [0.47, 0.47, 0.85, 0.85, 1, 1, 0.16199999999999998, 0.16199999999999998, 0.44, 0.44, 0.32, 0.4, 0.10499999999999993, 0.10499999999999993, 1, 0.25, 0.97, 0.65, 0.29, 0.97, 0.97, 0.29, 0.29, 0.62, 0.42, 0.62, 0.42, 0.03, 0.47, 99, 99, 99]
--- num:  29
list:  [0.45, 0.45, 0.81, 0.81, 1, 1, 0.873462598323822, 0.8713729786872864, 0.31, 0.31, 0.34, 0.39, 0.13499999999999995, 0.14999999999999997, 1, 0.27, 0.945, 0.67, 0.33, 0.94, 0.95, 0.33, 0.33, 0.64, 0.41, 0.65, 0.4, 0.04, 0.5, 99, 99, 99]
--- num:  29
list:  [0.45, 0.45, 0.81, 0.81, 1, 1, 0.16199999999999998, 0.16199999999999998, 0.38, 0.38, 0.63, 0.1, 0.18, 0.16499999999999998, 1, 0.28, 0.94, 0.67, 0.34, 0.94, 0.94, 0.34, 0.34, 0.67, 0.4, 0.66, 0.4, 0.05, 0.52, 99, 99, 99]
--- num:  29
list:  [0.45, 0.45, 0.81, 0.81, 1, 1, 0.16199999999999998, 0.16199999999999998, 0.39, 0.39, 0.71, 0.03, 0.195, 0.14999999999999997, 1, 0.28, 0.94, 0.67, 0.34, 0.94, 0.94, 0.34, 0.34, 0.68, 0.39, 0.65, 0.4, 0.05, 0.53, 99, 99, 99]
--- num:  29
list:  [0.45, 0.45, 0.8, 0.8, 1, 1, 0.16199999999999998, 0.16199999999999998, 0.39, 0.39, 0.69, 0.05, 0.195, 0.14999999999999997, 1, 0.28, 0.94, 0.67, 0.34, 0.94, 0.94, 0.34, 0.34, 0.68, 0.39, 0.65, 0.41, 0.05, 0.55, 99, 99, 99]
--- num:  29
list:  [0.45, 0.45, 0.8, 0.8, 1, 1, 0.16199999999999998, 0.16199999999999998, 0.37, 0.37, 0.77, -0.03, 0.20999999999999985, 0.14999999999999997, 1, 0.28, 0.94, 0.67, 0.34, 0.94, 0.94, 0.34, 0.34, 0.69, 0.39, 0.65, 0.41, 0.05, 0.56, 99, 99, 99]
--- num:  29
list:  [0.45, 0.45, 0.81, 0.81, 1, 1, 0.16199999999999998, 0.16199999999999998, 0.37, 0.37, 0.77, -0.03, 0.195, 0.13499999999999995, 1, 0.28, 0.945, 0.67, 0.33, 0.94, 0.95, 0.33, 0.33, 0.68, 0.39, 0.64, 0.41, 0.05, 0.58, 99, 99, 99]
--- num:  29
list:  [0.45, 0.45, 0.81, 0.81, 1, 1, 0.16199999999999998, 0.16199999999999998, 0.37, 0.37, 0.77, -0.03, 0.20999999999999985, 0.13499999999999995, 1, 0.28, 0.935, 0.67, 0.38, 0.93, 0.94, 0.38, 0.38, 0.69, 0.39, 0.64, 0.41, 0.07, 0.59, 99, 99, 99]
--- num:  29
list:  [0.45, 0.45, 0.81, 0.81, 1, 1, 0.16199999999999998, 0.16199999999999998, 0.37, 0.37, 0.77, -0.03, 0.22499999999999987, 0.14999999999999997, 1, 0.3, 0.925, 0.69, 0.4, 0.92, 0.93, 0.4, 0.4, 0.7, 0.38, 0.65, 0.41, 0.1, 0.6, 99, 99, 99]
--- num:  29
list:  [0.45, 0.45, 0.81, 0.81, 1, 1, 0.16199999999999998, 0.16199999999999998, 0.37, 0.37, 0.77, -0.03, 0.22499999999999987, 0.14999999999999997, 1, 0.3, 0.915, 0.69, 0.41, 0.91, 0.92, 0.41, 0.41, 0.7, 0.38, 0.65, 0.41, 0.11, 0.6, 99, 99, 99]
--- num:  29
list:  [0.45, 0.45, 0.81, 0.81, 1, 1, 0.16199999999999998, 0.16199999999999998, 0.37, 0.37, 0.79, -0.04, 0.22499999999999987, 0.14999999999999997, 1, 0.3, 0.91, 0.69, 0.41, 0.9, 0.92, 0.41, 0.41, 0.7, 0.38, 0.65, 0.41, 0.12, 0.61, 99, 99, 99]
--- num:  29
list:  [0.45, 0.45, 0.81, 0.81, 1, 1, 0.16199999999999998, 0.16199999999999998, 0.38, 0.38, 0.78, -0.03, 0.23999999999999988, 0.14999999999999997, 1, 0.31, 0.9, 0.69, 0.43, 0.89, 0.91, 0.43, 0.43, 0.71, 0.38, 0.65, 0.4, 0.13, 0.62, 99, 99, 99]
--- num:  29
list:  [0.45, 0.45, 0.8, 0.8, 1, 1, 0.16199999999999998, 0.16199999999999998, 0.37, 0.37, 0.79, -0.04, 0.23999999999999988, 0.16499999999999998, 1, 0.31, 0.89, 0.7, 0.44, 0.88, 0.9, 0.44, 0.44, 0.71, 0.38, 0.66, 0.4, 0.14, 0.62, 99, 99, 99]
--- num:  29
list:  [0.56, 0.56, 1, 1, 0.98, 0.98, 0.954294900894165, 0.9542701649665832, 0.39, 0.39, 0.27, 0.46, 0.195, 0.16499999999999998, 1, 0.31, 0.885, 0.7, 0.44, 0.88, 0.89, 0.44, 0.44, 0.68, 0.39, 0.66, 0.4, 0.14, 0.62, 99, 99, 99]
--- num:  29
list:  [0.56, 0.56, 1, 1, 0.97, 0.97, 0.2756034243106842, 0.2740910458564758, 0.37, 0.37, 0.25, 0.48, 0.16499999999999998, 0.16499999999999998, 1, 0.31, 0.89, 0.7, 0.43, 0.89, 0.89, 0.43, 0.43, 0.66, 0.4, 0.66, 0.4, 0.14, 0.59, 99, 99, 99]
--- num:  29
list:  [0.56, 0.56, 1, 1, 0.98, 0.98, 0.16199999999999998, 0.16199999999999998, 0.43, 0.43, 0.3, 0.42, 0.14999999999999997, 0.11999999999999994, 1, 0.32, 0.895, 0.7, 0.43, 0.89, 0.9, 0.43, 0.43, 0.65, 0.41, 0.63, 0.41, 0.14, 0.53, 99, 99, 99]
--- num:  29
list:  [0.56, 0.56, 1, 1, 0.98, 0.98, 0.16199999999999998, 0.16199999999999998, 0.44, 0.44, 0.33, 0.39, 0.14999999999999997, 0.11999999999999994, 1, 0.32, 0.895, 0.7, 0.44, 0.89, 0.9, 0.44, 0.44, 0.65, 0.41, 0.63, 0.41, 0.14, 0.5, 99, 99, 99]
--- num:  29
list:  [0.56, 0.56, 1, 1, 0.98, 0.98, 0.16199999999999998, 0.16199999999999998, 0.43, 0.43, 0.35, 0.38, 0.13499999999999995, 0.11999999999999994, 1, 0.32, 0.895, 0.7, 0.44, 0.89, 0.9, 0.44, 0.44, 0.64, 0.41, 0.63, 0.42, 0.13, 0.48, 99, 99, 99]
--- num:  29
list:  [0.56, 0.56, 1, 1, 0.98, 0.98, 0.16199999999999998, 0.16199999999999998, 0.43, 0.43, 0.36, 0.36, 0.13499999999999995, 0.11999999999999994, 1, 0.31, 0.9, 0.7, 0.44, 0.9, 0.9, 0.44, 0.44, 0.64, 0.41, 0.63, 0.42, 0.12, 0.46, 99, 99, 99]
--- num:  29
list:  [0.56, 0.56, 1, 1, 0.98, 0.98, 0.16199999999999998, 0.16199999999999998, 0.43, 0.43, 0.37, 0.35, 0.13499999999999995, 0.11999999999999994, 1, 0.31, 0.9, 0.69, 0.44, 0.9, 0.9, 0.44, 0.44, 0.64, 0.41, 0.63, 0.42, 0.12, 0.44, 99, 99, 99]
--- num:  29
list:  [0.46, 0.46, 0.84, 0.84, 1, 1, 0.16199999999999998, 0.16199999999999998, 0.43, 0.43, 0.37, 0.35, 0.13499999999999995, 0.11999999999999994, 1, 0.3, 0.9, 0.69, 0.43, 0.9, 0.9, 0.43, 0.43, 0.64, 0.41, 0.63, 0.42, 0.11, 0.43, 99, 99, 99]
--- num:  29
list:  [0.43, 0.43, 0.77, 0.77, 1, 1, 0.2546327519416809, 0.2527653682231903, 0.37, 0.37, 0.38, 0.34, 0.13499999999999995, 0.11999999999999994, 1, 0.31, 0.905, 0.69, 0.41, 0.9, 0.91, 0.41, 0.41, 0.64, 0.41, 0.63, 0.41, 0.11, 0.43, 99, 99, 99]
--- num:  29
list:  [0.44, 0.44, 0.78, 0.78, 1, 1, 0.16199999999999998, 0.16199999999999998, 0.49, 0.49, 0.4, 0.32, 0.13499999999999995, 0.11999999999999994, 1, 0.3, 0.935, 0.69, 0.39, 0.93, 0.94, 0.39, 0.39, 0.64, 0.41, 0.63, 0.41, 0.09, 0.44, 99, 99, 99]
--- num:  29
list:  [0.45, 0.45, 0.81, 0.81, 1, 1, 0.16199999999999998, 0.16199999999999998, 0.5, 0.5, 0.4, 0.33, 0.13499999999999995, 0.11999999999999994, 1, 0.3, 0.94, 0.68, 0.41, 0.94, 0.94, 0.41, 0.41, 0.64, 0.41, 0.63, 0.41, 0.09, 0.43, 99, 99, 99]
--- num:  29
list:  [0.45, 0.45, 0.82, 0.82, 1, 1, 0.16199999999999998, 0.16199999999999998, 0.5, 0.5, 0.4, 0.32, 0.11999999999999994, 0.11999999999999994, 1, 0.29, 0.95, 0.68, 0.38, 0.95, 0.95, 0.38, 0.38, 0.63, 0.41, 0.63, 0.42, 0.09, 0.45, 99, 99, 99]
--- num:  29
list:  [0.46, 0.46, 0.84, 0.84, 1, 1, 0.16199999999999998, 0.16199999999999998, 0.5, 0.5, 0.41, 0.31, 0.11999999999999994, 0.08999999999999991, 1, 0.28, 0.95, 0.67, 0.37, 0.95, 0.95, 0.37, 0.37, 0.63, 0.42, 0.61, 0.42, 0.08, 0.57, 99, 99, 99]
--- num:  29
list:  [0.46, 0.46, 0.84, 0.84, 1, 1, 0.16199999999999998, 0.16199999999999998, 0.49, 0.49, 0.42, 0.31, 0.11999999999999994, 0.10499999999999993, 1, 0.27, 0.955, 0.67, 0.36, 0.95, 0.96, 0.36, 0.36, 0.63, 0.42, 0.62, 0.42, 0.07, 0.55, 99, 99, 99]
--- num:  29
list:  [0.46, 0.46, 0.83, 0.83, 1, 1, 0.7633412885665893, 0.7612245488166809, 0.25, 0.25, 0.41, 0.31, 0.11999999999999994, 0.10499999999999993, 1, 0.28, 0.945, 0.67, 0.38, 0.94, 0.95, 0.38, 0.38, 0.63, 0.41, 0.62, 0.42, 0.07, 0.53, 99, 99, 99]
--- num:  29
list:  [0.56, 0.56, 1, 1, 0.98, 0.98, 0.16199999999999998, 0.16199999999999998, 0.35, 0.35, 0.16, 0.57, 0.14999999999999997, 0.13499999999999995, 1, 0.29, 0.925, 0.68, 0.39, 0.92, 0.93, 0.39, 0.39, 0.65, 0.41, 0.64, 0.41, 0.08, 0.48, 99, 99, 99]
--- num:  29
list:  [0.56, 0.56, 1, 1, 0.98, 0.98, 0.16199999999999998, 0.16199999999999998, 0.42, 0.42, 0.16, 0.57, 0.10499999999999993, 0.10499999999999993, 1, 0.3, 0.93, 0.69, 0.37, 0.93, 0.93, 0.37, 0.37, 0.62, 0.42, 0.62, 0.42, 0.08, 0.45, 99, 99, 99]
--- num:  29
list:  [0.56, 0.56, 1, 1, 0.98, 0.98, 0.16199999999999998, 0.16199999999999998, 0.44, 0.44, 0.2, 0.53, 0.08999999999999991, 0.08999999999999991, 1, 0.3, 0.93, 0.69, 0.37, 0.93, 0.93, 0.37, 0.37, 0.61, 0.42, 0.61, 0.42, 0.08, 0.43, 99, 99, 99]
--- num:  29
list:  [0.55, 0.55, 1, 1, 0.98, 0.98, 0.16199999999999998, 0.16199999999999998, 0.43, 0.43, 0.13, 0.6, 0.0749999999999999, 0.0749999999999999, 1, 0.3, 0.94, 0.69, 0.36, 0.94, 0.94, 0.36, 0.36, 0.6, 0.43, 0.6, 0.43, 0.08, 0.42, 99, 99, 99]
--- num:  29
list:  [0.46, 0.46, 0.84, 0.84, 1, 1, 0.16199999999999998, 0.16199999999999998, 0.43, 0.43, 0.14, 0.59, 0.0749999999999999, 0.0749999999999999, 1, 0.3, 0.94, 0.69, 0.36, 0.94, 0.94, 0.36, 0.36, 0.6, 0.43, 0.6, 0.43, 0.07, 0.4, 99, 99, 99]
--- num:  29
list:  [0.46, 0.46, 0.83, 0.83, 1, 1, 0.16199999999999998, 0.16199999999999998, 0.44, 0.44, 0.16, 0.57, 0.0749999999999999, 0.0749999999999999, 1, 0.3, 0.94, 0.69, 0.36, 0.94, 0.94, 0.36, 0.36, 0.6, 0.43, 0.6, 0.43, 0.08, 0.39, 99, 99, 99]
--- num:  29
list:  [0.46, 0.46, 0.83, 0.83, 1, 1, 0.16199999999999998, 0.16199999999999998, 0.44, 0.44, 0.15, 0.58, 0.0749999999999999, 0.08999999999999991, 1, 0.31, 0.935, 0.69, 0.37, 0.93, 0.94, 0.37, 0.37, 0.6, 0.43, 0.61, 0.43, 0.08, 0.38, 99, 99, 99]
--- num:  29
list:  [0.46, 0.46, 0.83, 0.83, 1, 1, 0.16199999999999998, 0.16199999999999998, 0.44, 0.44, 0.15, 0.58, 0.0749999999999999, 0.08999999999999991, 1, 0.31, 0.94, 0.69, 0.36, 0.94, 0.94, 0.36, 0.36, 0.6, 0.43, 0.61, 0.43, 0.08, 0.38, 99, 99, 99]
--- num:  29
list:  [0.46, 0.46, 0.83, 0.83, 1, 1, 0.16199999999999998, 0.16199999999999998, 0.44, 0.44, 0.14, 0.59, 0.0749999999999999, 0.08999999999999991, 1, 0.31, 0.935, 0.69, 0.38, 0.93, 0.94, 0.38, 0.38, 0.6, 0.43, 0.61, 0.42, 0.08, 0.37, 99, 99, 99]
--- num:  29
list:  [0.46, 0.46, 0.83, 0.83, 1, 1, 0.16199999999999998, 0.16199999999999998, 0.42, 0.42, 0.22, 0.51, 0.10499999999999993, 0.10499999999999993, 1, 0.3, 0.93, 0.69, 0.39, 0.93, 0.93, 0.39, 0.39, 0.62, 0.42, 0.62, 0.42, 0.07, 0.36, 99, 99, 99]
--- num:  29
list:  [0.46, 0.46, 0.83, 0.83, 1, 1, 0.16199999999999998, 0.16199999999999998, 0.38, 0.38, 0.33, 0.39, 0.11999999999999994, 0.10499999999999993, 1, 0.3, 0.925, 0.69, 0.38, 0.92, 0.93, 0.38, 0.38, 0.63, 0.42, 0.62, 0.42, 0.07, 0.34, 99, 99, 99]
--- num:  29
list:  [0.46, 0.46, 0.83, 0.83, 1, 1, 0.16199999999999998, 0.16199999999999998, 0.39, 0.39, 0.33, 0.39, 0.11999999999999994, 0.11999999999999994, 1, 0.3, 0.925, 0.69, 0.37, 0.92, 0.93, 0.37, 0.37, 0.63, 0.41, 0.63, 0.42, 0.07, 0.31, 99, 99, 99]
--- num:  29
list:  [0.45, 0.45, 0.81, 0.81, 1, 1, 0.16199999999999998, 0.16199999999999998, 0.4, 0.4, 0.33, 0.39, 0.11999999999999994, 0.11999999999999994, 1, 0.29, 0.93, 0.68, 0.36, 0.93, 0.93, 0.36, 0.36, 0.63, 0.41, 0.63, 0.42, 0.07, 0.29, 99, 99, 99]
--- num:  29
list:  [0.45, 0.45, 0.8, 0.8, 1, 1, 0.16199999999999998, 0.16199999999999998, 0.4, 0.4, 0.34, 0.38, 0.13499999999999995, 0.11999999999999994, 1, 0.3, 0.925, 0.69, 0.38, 0.92, 0.93, 0.38, 0.38, 0.64, 0.41, 0.63, 0.41, 0.07, 0.27, 99, 99, 99]
--- num:  29
list:  [0.45, 0.45, 0.8, 0.8, 1, 1, 0.16199999999999998, 0.16199999999999998, 0.4, 0.4, 0.33, 0.4, 0.13499999999999995, 0.11999999999999994, 1, 0.3, 0.925, 0.69, 0.37, 0.92, 0.93, 0.37, 0.37, 0.64, 0.41, 0.63, 0.41, 0.07, 0.27, 99, 99, 99]
--- num:  29
list:  [0.45, 0.45, 0.81, 0.81, 1, 1, 0.16199999999999998, 0.16199999999999998, 0.39, 0.39, 0.3, 0.42, 0.13499999999999995, 0.11999999999999994, 1, 0.29, 0.925, 0.68, 0.37, 0.92, 0.93, 0.37, 0.37, 0.64, 0.41, 0.63, 0.41, 0.06, 0.29, 99, 99, 99]
--- num:  29
list:  [0.45, 0.45, 0.81, 0.81, 1, 1, 0.9500250029563904, 0.9500976610183716, 0.36, 0.36, 0.47, 0.26, 0.16499999999999998, 0.14999999999999997, 1, 0.29, 0.915, 0.68, 0.38, 0.91, 0.92, 0.38, 0.38, 0.66, 0.4, 0.65, 0.41, 0.06, 0.29, 99, 99, 99]
--- num:  29
list:  [0.41, 0.41, 0.72, 0.72, 1, 1, 0.18183637738227842, 0.18100308954715727, 0.39, 0.39, 0.57, 0.16, 0.16499999999999998, 0.14999999999999997, 1, 0.29, 0.915, 0.68, 0.37, 0.91, 0.92, 0.37, 0.37, 0.66, 0.4, 0.65, 0.41, 0.06, 0.31, 99, 99, 99]
--- num:  29
list:  [0.41, 0.41, 0.73, 0.73, 1, 1, 0.16199999999999998, 0.16199999999999998, 0.44, 0.44, 0.55, 0.17, 0.14999999999999997, 0.14999999999999997, 1, 0.29, 0.92, 0.68, 0.37, 0.92, 0.92, 0.37, 0.37, 0.65, 0.4, 0.65, 0.41, 0.06, 0.36, 99, 99, 99]
--- num:  29
list:  [0.41, 0.41, 0.73, 0.73, 1, 1, 0.16199999999999998, 0.16199999999999998, 0.45, 0.45, 0.5, 0.23, 0.16499999999999998, 0.13499999999999995, 1, 0.28, 0.93, 0.68, 0.35, 0.93, 0.93, 0.35, 0.35, 0.66, 0.4, 0.64, 0.41, 0.06, 0.4, 99, 99, 99]
--- num:  29
list:  [0.42, 0.42, 0.75, 0.75, 1, 1, 0.16199999999999998, 0.16199999999999998, 0.45, 0.45, 0.45, 0.28, 0.14999999999999997, 0.13499999999999995, 1, 0.29, 0.94, 0.68, 0.35, 0.94, 0.94, 0.35, 0.35, 0.65, 0.4, 0.64, 0.41, 0.06, 0.47, 99, 99, 99]
--- num:  29
list:  [0.43, 0.43, 0.76, 0.76, 1, 1, 0.16199999999999998, 0.16199999999999998, 0.44, 0.44, 0.44, 0.29, 0.16499999999999998, 0.14999999999999997, 1, 0.29, 0.94, 0.68, 0.36, 0.94, 0.94, 0.36, 0.36, 0.66, 0.4, 0.65, 0.41, 0.06, 0.49, 99, 99, 99]
--- num:  29
list:  [0.43, 0.43, 0.77, 0.77, 1, 1, 0.16199999999999998, 0.16199999999999998, 0.44, 0.44, 0.41, 0.31, 0.18, 0.14999999999999997, 1, 0.29, 0.935, 0.68, 0.36, 0.93, 0.94, 0.36, 0.36, 0.67, 0.4, 0.65, 0.41, 0.06, 0.51, 99, 99, 99]
--- num:  29
list:  [0.43, 0.43, 0.77, 0.77, 1, 1, 0.16199999999999998, 0.16199999999999998, 0.44, 0.44, 0.4, 0.33, 0.195, 0.14999999999999997, 1, 0.29, 0.93, 0.68, 0.37, 0.93, 0.93, 0.37, 0.37, 0.68, 0.39, 0.65, 0.4, 0.06, 0.52, 99, 99, 99]
--- num:  29
list:  [0.45, 0.45, 0.81, 0.81, 1, 1, 0.16199999999999998, 0.16199999999999998, 0.44, 0.44, 0.39, 0.33, 0.18, 0.14999999999999997, 1, 0.29, 0.93, 0.68, 0.36, 0.93, 0.93, 0.36, 0.36, 0.67, 0.4, 0.65, 0.4, 0.07, 0.53, 99, 99, 99]
--- num:  29
list:  [0.45, 0.45, 0.8, 0.8, 1, 1, 0.16199999999999998, 0.16199999999999998, 0.41, 0.41, 0.34, 0.38, 0.195, 0.16499999999999998, 1, 0.29, 0.93, 0.68, 0.37, 0.93, 0.93, 0.37, 0.37, 0.68, 0.39, 0.66, 0.4, 0.07, 0.54, 99, 99, 99]
--- num:  29
list:  [0.55, 0.55, 1, 1, 0.98, 0.98, 0.16199999999999998, 0.16199999999999998, 0.45, 0.45, 0.27, 0.45, 0.14999999999999997, 0.14999999999999997, 1, 0.29, 0.94, 0.68, 0.35, 0.94, 0.94, 0.35, 0.35, 0.65, 0.4, 0.65, 0.41, 0.08, 0.53, 99, 99, 99]
--- num:  29
list:  [0.46, 0.46, 0.84, 0.84, 1, 1, 0.16199999999999998, 0.16199999999999998, 0.51, 0.51, 0.34, 0.38, 0.11999999999999994, 0.10499999999999993, 1, 0.29, 0.95, 0.68, 0.33, 0.95, 0.95, 0.33, 0.33, 0.63, 0.41, 0.62, 0.42, 0.07, 0.51, 99, 99, 99]
--- num:  29
list:  [0.46, 0.46, 0.83, 0.83, 1, 1, 0.16199999999999998, 0.16199999999999998, 0.51, 0.51, 0.38, 0.34, 0.11999999999999994, 0.10499999999999993, 1, 0.28, 0.95, 0.67, 0.35, 0.95, 0.95, 0.35, 0.35, 0.63, 0.41, 0.62, 0.42, 0.07, 0.48, 99, 99, 99]
--- num:  29
list:  [0.46, 0.46, 0.83, 0.83, 1, 1, 0.16199999999999998, 0.16199999999999998, 0.51, 0.51, 0.41, 0.31, 0.11999999999999994, 0.10499999999999993, 1, 0.27, 0.96, 0.67, 0.34, 0.96, 0.96, 0.34, 0.34, 0.63, 0.41, 0.62, 0.42, 0.06, 0.46, 99, 99, 99]
--- num:  29
list:  [0.46, 0.46, 0.83, 0.83, 1, 1, 0.49629060506820677, 0.49425343751907347, 0.28, 0.28, 0.36, 0.37, 0.13499999999999995, 0.11999999999999994, 1, 0.28, 0.945, 0.67, 0.38, 0.94, 0.95, 0.38, 0.38, 0.64, 0.41, 0.63, 0.42, 0.07, 0.45, 99, 99, 99]
--- num:  29
list:  [0.56, 0.56, 1, 1, 0.98, 0.98, 0.16199999999999998, 0.16199999999999998, 0.39, 0.39, 0.1, 0.64, 0.13499999999999995, 0.11999999999999994, 1, 0.31, 0.93, 0.69, 0.4, 0.93, 0.93, 0.4, 0.4, 0.64, 0.41, 0.63, 0.41, 0.09, 0.43, 99, 99, 99]
--- num:  29
list:  [0.56, 0.56, 1, 1, 0.98, 0.98, 0.16199999999999998, 0.16199999999999998, 0.42, 0.42, 0.1, 0.64, 0.10499999999999993, 0.10499999999999993, 1, 0.31, 0.93, 0.7, 0.39, 0.93, 0.93, 0.39, 0.39, 0.62, 0.42, 0.62, 0.42, 0.09, 0.41, 99, 99, 99]
--- num:  29
list:  [0.56, 0.56, 1, 1, 0.98, 0.98, 0.16199999999999998, 0.16199999999999998, 0.42, 0.42, 0.09, 0.65, 0.10499999999999993, 0.10499999999999993, 1, 0.32, 0.93, 0.7, 0.39, 0.93, 0.93, 0.39, 0.39, 0.62, 0.42, 0.62, 0.42, 0.08, 0.4, 99, 99, 99]
--- num:  29
list:  [0.56, 0.56, 1, 1, 0.98, 0.98, 0.16199999999999998, 0.16199999999999998, 0.43, 0.43, 0.09, 0.64, 0.10499999999999993, 0.10499999999999993, 1, 0.32, 0.92, 0.7, 0.39, 0.92, 0.92, 0.39, 0.39, 0.62, 0.42, 0.62, 0.42, 0.08, 0.39, 99, 99, 99]
--- num:  29
list:  [0.56, 0.56, 1, 1, 0.98, 0.98, 0.16199999999999998, 0.16199999999999998, 0.43, 0.43, 0.09, 0.64, 0.10499999999999993, 0.10499999999999993, 1, 0.32, 0.925, 0.7, 0.4, 0.92, 0.93, 0.4, 0.4, 0.62, 0.42, 0.62, 0.42, 0.08, 0.39, 99, 99, 99]
--- num:  29
list:  [0.56, 0.56, 1, 1, 0.98, 0.98, 0.16199999999999998, 0.16199999999999998, 0.42, 0.42, 0.16, 0.57, 0.10499999999999993, 0.10499999999999993, 1, 0.32, 0.925, 0.7, 0.39, 0.92, 0.93, 0.39, 0.39, 0.62, 0.42, 0.62, 0.42, 0.08, 0.39, 99, 99, 99]
--- num:  29
list:  [0.56, 0.56, 1, 1, 0.98, 0.98, 0.16199999999999998, 0.16199999999999998, 0.38, 0.38, 0.52, 0.21, 0.11999999999999994, 0.11999999999999994, 1, 0.31, 0.925, 0.7, 0.38, 0.92, 0.93, 0.38, 0.38, 0.63, 0.41, 0.63, 0.42, 0.08, 0.36, 99, 99, 99]
--- num:  29
list:  [0.45, 0.45, 0.83, 0.83, 1, 1, 0.16199999999999998, 0.16199999999999998, 0.45, 0.45, 0.49, 0.23, 0.11999999999999994, 0.10499999999999993, 1, 0.27, 0.96, 0.67, 0.34, 0.96, 0.96, 0.34, 0.34, 0.63, 0.42, 0.62, 0.42, 0.06, 0.37, 99, 99, 99]
--- num:  29
list:  [0.46, 0.46, 0.83, 0.83, 1, 1, 0.16199999999999998, 0.16199999999999998, 0.45, 0.45, 0.47, 0.25, 0.10499999999999993, 0.08999999999999991, 1, 0.26, 0.96, 0.66, 0.32, 0.96, 0.96, 0.32, 0.32, 0.62, 0.42, 0.61, 0.42, 0.05, 0.39, 99, 99, 99]
--- num:  29
list:  [0.46, 0.46, 0.84, 0.84, 1, 1, 0.16199999999999998, 0.16199999999999998, 0.45, 0.45, 0.45, 0.27, 0.10499999999999993, 0.0749999999999999, 1, 0.25, 0.97, 0.65, 0.32, 0.97, 0.97, 0.32, 0.32, 0.62, 0.42, 0.6, 0.43, 0.05, 0.41, 99, 99, 99]
--- num:  29
list:  [0.46, 0.46, 0.84, 0.84, 1, 1, 0.16199999999999998, 0.16199999999999998, 0.45, 0.45, 0.44, 0.28, 0.10499999999999993, 0.0749999999999999, 1, 0.25, 0.97, 0.65, 0.32, 0.97, 0.97, 0.32, 0.32, 0.62, 0.42, 0.6, 0.43, 0.05, 0.42, 99, 99, 99]
--- num:  29
list:  [0.47, 0.47, 0.85, 0.85, 1, 1, 0.16199999999999998, 0.16199999999999998, 0.44, 0.44, 0.43, 0.29, 0.10499999999999993, 0.0749999999999999, 1, 0.25, 0.97, 0.65, 0.33, 0.97, 0.97, 0.33, 0.33, 0.62, 0.42, 0.6, 0.43, 0.05, 0.43, 99, 99, 99]
--- num:  29
list:  [0.47, 0.47, 0.86, 0.86, 1, 1, 0.16199999999999998, 0.16199999999999998, 0.44, 0.44, 0.43, 0.29, 0.10499999999999993, 0.0749999999999999, 1, 0.25, 0.965, 0.65, 0.33, 0.96, 0.97, 0.33, 0.33, 0.62, 0.42, 0.6, 0.43, 0.05, 0.43, 99, 99, 99]
--- num:  29
list:  [0.47, 0.47, 0.86, 0.86, 1, 1, 0.16199999999999998, 0.16199999999999998, 0.43, 0.43, 0.42, 0.3, 0.10499999999999993, 0.08999999999999991, 1, 0.25, 0.96, 0.65, 0.34, 0.96, 0.96, 0.34, 0.34, 0.62, 0.42, 0.61, 0.42, 0.05, 0.44, 99, 99, 99]
--- num:  29
list:  [0.47, 0.47, 0.85, 0.85, 1, 1, 0.16199999999999998, 0.16199999999999998, 0.43, 0.43, 0.41, 0.31, 0.11999999999999994, 0.10499999999999993, 1, 0.25, 0.96, 0.65, 0.34, 0.96, 0.96, 0.34, 0.34, 0.63, 0.42, 0.62, 0.42, 0.05, 0.43, 99, 99, 99]
--- num:  29
list:  [0.47, 0.47, 0.85, 0.85, 1, 1, 0.16199999999999998, 0.16199999999999998, 0.43, 0.43, 0.4, 0.32, 0.11999999999999994, 0.10499999999999993, 1, 0.25, 0.96, 0.65, 0.31, 0.96, 0.96, 0.31, 0.31, 0.63, 0.41, 0.62, 0.42, 0.05, 0.44, 99, 99, 99]
--- num:  29
list:  [0.48, 0.48, 0.87, 0.87, 1, 1, 0.16199999999999998, 0.16199999999999998, 0.45, 0.45, 0.38, 0.34, 0.11999999999999994, 0.10499999999999993, 1, 0.24, 0.98, 0.64, 0.27, 0.98, 0.98, 0.27, 0.27, 0.63, 0.42, 0.62, 0.42, 0.03, 0.45, 99, 99, 99]
--- num:  29
list:  [0.48, 0.48, 0.89, 0.89, 1, 1, 0.16199999999999998, 0.16199999999999998, 0.46, 0.46, 0.35, 0.37, 0.11999999999999994, 0.08999999999999991, 1, 0.23, 0.98, 0.63, 0.26, 0.98, 0.98, 0.26, 0.26, 0.63, 0.42, 0.61, 0.42, 0.02, 0.48, 99, 99, 99]
--- num:  29
list:  [0.46, 0.46, 0.84, 0.84, 1, 1, 0.5600436735153198, 0.5588543820381164, 0.25, 0.25, 0.35, 0.38, 0.14999999999999997, 0.14999999999999997, 1, 0.23, 0.98, 0.63, 0.29, 0.98, 0.98, 0.29, 0.29, 0.65, 0.4, 0.65, 0.41, 0.03, 0.5, 99, 99, 99]
--- num:  29
list:  [0.46, 0.46, 0.84, 0.84, 1, 1, 0.19127060055732725, 0.1892805206775665, 0.38, 0.38, 0.33, 0.39, 0.16499999999999998, 0.14999999999999997, 1, 0.23, 0.975, 0.64, 0.28, 0.97, 0.98, 0.28, 0.28, 0.66, 0.4, 0.65, 0.4, 0.03, 0.52, 99, 99, 99]
--- num:  29
list:  [0.47, 0.47, 0.85, 0.85, 1, 1, 0.16199999999999998, 0.16199999999999998, 0.46, 0.46, 0.33, 0.39, 0.16499999999999998, 0.14999999999999997, 1, 0.23, 0.98, 0.64, 0.27, 0.98, 0.98, 0.27, 0.27, 0.66, 0.4, 0.65, 0.41, 0.03, 0.53, 99, 99, 99]
--- num:  29
list:  [0.47, 0.47, 0.85, 0.85, 1, 1, 0.16199999999999998, 0.16199999999999998, 0.47, 0.47, 0.31, 0.41, 0.18, 0.14999999999999997, 1, 0.23, 0.98, 0.63, 0.27, 0.98, 0.98, 0.27, 0.27, 0.67, 0.4, 0.65, 0.41, 0.03, 0.54, 99, 99, 99]
--- num:  29
list:  [0.46, 0.46, 0.84, 0.84, 1, 1, 0.16199999999999998, 0.16199999999999998, 0.47, 0.47, 0.3, 0.42, 0.18, 0.14999999999999997, 1, 0.23, 0.98, 0.63, 0.27, 0.98, 0.98, 0.27, 0.27, 0.67, 0.39, 0.65, 0.4, 0.03, 0.54, 99, 99, 99]
--- num:  29
list:  [0.46, 0.46, 0.83, 0.83, 1, 1, 0.3711057710647583, 0.36830021023750303, 0.35, 0.35, 0.33, 0.4, 0.18, 0.16499999999999998, 1, 0.23, 0.98, 0.64, 0.3, 0.98, 0.98, 0.3, 0.3, 0.67, 0.39, 0.66, 0.4, 0.03, 0.54, 99, 99, 99]
--- num:  29
list:  [0.56, 0.56, 1, 1, 0.97, 0.97, 0.9593535470962524, 0.9593122410774231, 0.41, 0.41, 0.32, 0.41, 0.195, 0.20999999999999985, 1, 0.24, 0.96, 0.64, 0.3, 0.96, 0.96, 0.3, 0.3, 0.68, 0.39, 0.69, 0.39, 0.03, 0.54, 99, 99, 99]
--- num:  29
list:  [0.56, 0.56, 1, 1, 0.97, 0.97, 0.9332262682914734, 0.9330776143074035, 0.39, 0.39, 0.34, 0.39, 0.20999999999999985, 0.20999999999999985, 1, 0.24, 0.955, 0.64, 0.3, 0.95, 0.96, 0.3, 0.3, 0.69, 0.39, 0.69, 0.39, 0.03, 0.55, 99, 99, 99]
--- num:  29
list:  [0.56, 0.56, 1, 1, 0.98, 0.98, 0.18925822854042051, 0.18809024572372435, 0.3, 0.3, 0.74, 0.0, 0.23999999999999988, 0.195, 1, 0.24, 0.96, 0.64, 0.3, 0.96, 0.96, 0.3, 0.3, 0.71, 0.38, 0.68, 0.39, 0.04, 0.55, 99, 99, 99]
--- num:  29
list:  [0.46, 0.46, 0.84, 0.84, 1, 1, 0.16199999999999998, 0.16199999999999998, 0.32, 0.32, 0.78, -0.03, 0.22499999999999987, 0.16499999999999998, 1, 0.24, 0.96, 0.64, 0.3, 0.96, 0.96, 0.3, 0.3, 0.7, 0.38, 0.66, 0.4, 0.04, 0.55, 99, 99, 99]
--- num:  29
list:  [0.48, 0.48, 0.89, 0.89, 1, 1, 0.16199999999999998, 0.16199999999999998, 0.34, 0.34, 0.74, 0.0, 0.20999999999999985, 0.13499999999999995, 1, 0.24, 0.97, 0.64, 0.29, 0.97, 0.97, 0.29, 0.29, 0.69, 0.39, 0.64, 0.41, 0.04, 0.56, 99, 99, 99]
--- num:  29
list:  [0.48, 0.48, 0.89, 0.89, 1, 1, 0.16199999999999998, 0.16199999999999998, 0.34, 0.34, 0.73, 0.01, 0.18, 0.11999999999999994, 1, 0.24, 0.97, 0.64, 0.29, 0.97, 0.97, 0.29, 0.29, 0.67, 0.4, 0.63, 0.42, 0.04, 0.57, 99, 99, 99]
--- num:  29
list:  [0.48, 0.48, 0.89, 0.89, 1, 1, 0.16199999999999998, 0.16199999999999998, 0.34, 0.34, 0.7, 0.04, 0.18, 0.10499999999999993, 1, 0.24, 0.97, 0.64, 0.29, 0.97, 0.97, 0.29, 0.29, 0.67, 0.4, 0.62, 0.42, 0.05, 0.59, 99, 99, 99]
--- num:  29
list:  [0.48, 0.48, 0.88, 0.88, 1, 1, 0.16199999999999998, 0.16199999999999998, 0.36, 0.36, 0.69, 0.05, 0.18, 0.10499999999999993, 1, 0.24, 0.98, 0.64, 0.29, 0.98, 0.98, 0.29, 0.29, 0.67, 0.4, 0.62, 0.42, 0.05, 0.6, 99, 99, 99]
--- num:  29
list:  [0.48, 0.48, 0.89, 0.89, 1, 1, 0.16199999999999998, 0.16199999999999998, 0.36, 0.36, 0.68, 0.06, 0.18, 0.10499999999999993, 1, 0.24, 0.98, 0.64, 0.29, 0.98, 0.98, 0.29, 0.29, 0.67, 0.4, 0.62, 0.42, 0.05, 0.61, 99, 99, 99]
--- num:  29
list:  [0.48, 0.48, 0.89, 0.89, 1, 1, 0.16199999999999998, 0.16199999999999998, 0.4, 0.4, 0.58, 0.15, 0.18, 0.11999999999999994, 1, 0.24, 0.98, 0.64, 0.29, 0.98, 0.98, 0.29, 0.29, 0.67, 0.39, 0.63, 0.41, 0.05, 0.62, 99, 99, 99]
--- num:  29
list:  [0.48, 0.48, 0.88, 0.88, 1, 1, 0.16199999999999998, 0.16199999999999998, 0.37, 0.37, 0.66, 0.08, 0.18, 0.11999999999999994, 1, 0.24, 0.975, 0.65, 0.3, 0.97, 0.98, 0.3, 0.3, 0.67, 0.39, 0.63, 0.41, 0.05, 0.62, 99, 99, 99]
--- num:  29
list:  [0.47, 0.47, 0.86, 0.86, 1, 1, 0.16199999999999998, 0.16199999999999998, 0.36, 0.36, 0.68, 0.06, 0.195, 0.13499999999999995, 1, 0.26, 0.97, 0.65, 0.31, 0.97, 0.97, 0.31, 0.31, 0.68, 0.39, 0.64, 0.41, 0.05, 0.62, 99, 99, 99]
--- num:  29
list:  [0.56, 0.56, 1, 1, 0.98, 0.98, 0.8908920693397522, 0.8890152382850647, 0.37, 0.37, 0.22, 0.51, 0.16499999999999998, 0.16499999999999998, 1, 0.28, 0.945, 0.67, 0.34, 0.94, 0.95, 0.34, 0.34, 0.66, 0.4, 0.66, 0.4, 0.06, 0.62, 99, 99, 99]
--- num:  29
list:  [0.56, 0.56, 1, 1, 0.98, 0.98, 0.16199999999999998, 0.16199999999999998, 0.43, 0.43, 0.15, 0.57, 0.18, 0.14999999999999997, 1, 0.28, 0.94, 0.67, 0.34, 0.94, 0.94, 0.34, 0.34, 0.67, 0.4, 0.65, 0.4, 0.06, 0.61, 99, 99, 99]
--- num:  29
list:  [0.46, 0.46, 0.83, 0.83, 1, 1, 0.16199999999999998, 0.16199999999999998, 0.48, 0.48, 0.21, 0.52, 0.16499999999999998, 0.14999999999999997, 1, 0.27, 0.96, 0.67, 0.31, 0.96, 0.96, 0.31, 0.31, 0.66, 0.4, 0.65, 0.41, 0.06, 0.58, 99, 99, 99]
--- num:  29
list:  [0.46, 0.46, 0.84, 0.84, 1, 1, 0.16199999999999998, 0.16199999999999998, 0.48, 0.48, 0.23, 0.5, 0.14999999999999997, 0.13499999999999995, 1, 0.26, 0.97, 0.65, 0.29, 0.97, 0.97, 0.29, 0.29, 0.65, 0.41, 0.64, 0.41, 0.04, 0.56, 99, 99, 99]
--- num:  29
list:  [0.46, 0.46, 0.85, 0.85, 1, 1, 0.16199999999999998, 0.16199999999999998, 0.49, 0.49, 0.25, 0.47, 0.13499999999999995, 0.11999999999999994, 1, 0.25, 0.97, 0.65, 0.28, 0.97, 0.97, 0.28, 0.28, 0.64, 0.41, 0.63, 0.41, 0.04, 0.55, 99, 99, 99]
--- num:  29
list:  [0.47, 0.47, 0.86, 0.86, 1, 1, 0.16199999999999998, 0.16199999999999998, 0.51, 0.51, 0.27, 0.45, 0.10499999999999993, 0.08999999999999991, 1, 0.25, 0.98, 0.65, 0.28, 0.98, 0.98, 0.28, 0.28, 0.62, 0.42, 0.61, 0.42, 0.04, 0.54, 99, 99, 99]
--- num:  29
list:  [0.48, 0.48, 0.88, 0.88, 1, 1, 0.16199999999999998, 0.16199999999999998, 0.51, 0.51, 0.29, 0.44, 0.10499999999999993, 0.08999999999999991, 1, 0.25, 0.98, 0.65, 0.28, 0.98, 0.98, 0.28, 0.28, 0.62, 0.42, 0.61, 0.42, 0.04, 0.53, 99, 99, 99]
--- num:  29
list:  [0.48, 0.48, 0.89, 0.89, 1, 1, 0.16199999999999998, 0.16199999999999998, 0.5, 0.5, 0.3, 0.42, 0.10499999999999993, 0.08999999999999991, 1, 0.24, 0.98, 0.64, 0.28, 0.98, 0.98, 0.28, 0.28, 0.62, 0.42, 0.61, 0.42, 0.04, 0.52, 99, 99, 99]
--- num:  29
list:  [0.48, 0.48, 0.88, 0.88, 1, 1, 0.16199999999999998, 0.16199999999999998, 0.5, 0.5, 0.31, 0.41, 0.10499999999999993, 0.08999999999999991, 1, 0.24, 0.98, 0.64, 0.28, 0.98, 0.98, 0.28, 0.28, 0.62, 0.42, 0.61, 0.43, 0.04, 0.51, 99, 99, 99]
--- num:  29
list:  [0.48, 0.48, 0.89, 0.89, 1, 1, 0.16199999999999998, 0.16199999999999998, 0.49, 0.49, 0.33, 0.39, 0.10499999999999993, 0.08999999999999991, 1, 0.24, 0.98, 0.64, 0.28, 0.98, 0.98, 0.28, 0.28, 0.62, 0.42, 0.61, 0.43, 0.04, 0.51, 99, 99, 99]
--- num:  29
list:  [0.48, 0.48, 0.89, 0.89, 1, 1, 0.16199999999999998, 0.16199999999999998, 0.49, 0.49, 0.33, 0.39, 0.10499999999999993, 0.08999999999999991, 1, 0.24, 0.98, 0.64, 0.28, 0.98, 0.98, 0.28, 0.28, 0.62, 0.42, 0.61, 0.43, 0.04, 0.5, 99, 99, 99]
--- num:  29
list:  [0.48, 0.48, 0.89, 0.89, 1, 1, 0.16199999999999998, 0.16199999999999998, 0.49, 0.49, 0.34, 0.38, 0.10499999999999993, 0.08999999999999991, 1, 0.24, 0.98, 0.64, 0.28, 0.98, 0.98, 0.28, 0.28, 0.62, 0.42, 0.61, 0.43, 0.04, 0.5, 99, 99, 99]
--- num:  29
list:  [0.48, 0.48, 0.89, 0.89, 1, 1, 0.16199999999999998, 0.16199999999999998, 0.49, 0.49, 0.35, 0.37, 0.08999999999999991, 0.08999999999999991, 1, 0.24, 0.98, 0.64, 0.29, 0.98, 0.98, 0.29, 0.29, 0.61, 0.42, 0.61, 0.43, 0.04, 0.5, 99, 99, 99]
--- num:  29
list:  [0.49, 0.49, 0.9, 0.9, 1, 1, 0.16199999999999998, 0.16199999999999998, 0.49, 0.49, 0.36, 0.36, 0.08999999999999991, 0.08999999999999991, 1, 0.24, 0.98, 0.65, 0.29, 0.98, 0.98, 0.29, 0.29, 0.61, 0.42, 0.61, 0.43, 0.04, 0.49, 99, 99, 99]
--- num:  29
list:  [0.46, 0.46, 0.85, 0.85, 1, 1, 0.4251976418495178, 0.42334810972213743, 0.28, 0.28, 0.38, 0.35, 0.11999999999999994, 0.11999999999999994, 1, 0.25, 0.96, 0.65, 0.33, 0.96, 0.96, 0.33, 0.33, 0.63, 0.41, 0.63, 0.42, 0.04, 0.48, 99, 99, 99]
--- num:  29
list:  [0.48, 0.48, 0.88, 0.88, 1, 1, 0.16199999999999998, 0.16199999999999998, 0.39, 0.39, 0.38, 0.34, 0.13499999999999995, 0.11999999999999994, 1, 0.25, 0.96, 0.65, 0.31, 0.96, 0.96, 0.31, 0.31, 0.64, 0.41, 0.63, 0.41, 0.04, 0.48, 99, 99, 99]
--- num:  29
list:  [0.49, 0.49, 0.9, 0.9, 1, 1, 0.16199999999999998, 0.16199999999999998, 0.42, 0.42, 0.38, 0.34, 0.11999999999999994, 0.10499999999999993, 1, 0.24, 0.97, 0.65, 0.29, 0.97, 0.97, 0.29, 0.29, 0.63, 0.41, 0.62, 0.42, 0.04, 0.47, 99, 99, 99]
--- num:  29
list:  [0.48, 0.48, 0.89, 0.89, 1, 1, 0.16199999999999998, 0.16199999999999998, 0.43, 0.43, 0.39, 0.34, 0.11999999999999994, 0.10499999999999993, 1, 0.24, 0.97, 0.64, 0.29, 0.97, 0.97, 0.29, 0.29, 0.63, 0.41, 0.62, 0.42, 0.03, 0.47, 99, 99, 99]
--- num:  29
list:  [0.48, 0.48, 0.88, 0.88, 1, 1, 0.16199999999999998, 0.16199999999999998, 0.43, 0.43, 0.39, 0.33, 0.11999999999999994, 0.10499999999999993, 1, 0.24, 0.98, 0.64, 0.29, 0.98, 0.98, 0.29, 0.29, 0.63, 0.41, 0.62, 0.42, 0.03, 0.47, 99, 99, 99]
--- num:  29
list:  [0.47, 0.47, 0.87, 0.87, 1, 1, 0.16199999999999998, 0.16199999999999998, 0.44, 0.44, 0.39, 0.33, 0.11999999999999994, 0.10499999999999993, 1, 0.24, 0.98, 0.64, 0.29, 0.98, 0.98, 0.29, 0.29, 0.63, 0.41, 0.62, 0.42, 0.03, 0.46, 99, 99, 99]
--- num:  29
list:  [0.47, 0.47, 0.87, 0.87, 1, 1, 0.16199999999999998, 0.16199999999999998, 0.44, 0.44, 0.39, 0.34, 0.13499999999999995, 0.10499999999999993, 1, 0.24, 0.98, 0.64, 0.29, 0.98, 0.98, 0.29, 0.29, 0.64, 0.41, 0.62, 0.42, 0.03, 0.46, 99, 99, 99]
--- num:  29
list:  [0.47, 0.47, 0.87, 0.87, 1, 1, 0.16199999999999998, 0.16199999999999998, 0.44, 0.44, 0.38, 0.35, 0.13499999999999995, 0.10499999999999993, 1, 0.24, 0.98, 0.64, 0.29, 0.98, 0.98, 0.29, 0.29, 0.64, 0.41, 0.62, 0.42, 0.03, 0.46, 99, 99, 99]
--- num:  29
list:  [0.47, 0.47, 0.87, 0.87, 1, 1, 0.16199999999999998, 0.16199999999999998, 0.46, 0.46, 0.36, 0.36, 0.11999999999999994, 0.10499999999999993, 1, 0.24, 0.98, 0.64, 0.29, 0.98, 0.98, 0.29, 0.29, 0.63, 0.41, 0.62, 0.42, 0.03, 0.46, 99, 99, 99]
--- num:  29
list:  [0.47, 0.47, 0.87, 0.87, 1, 1, 0.16199999999999998, 0.16199999999999998, 0.51, 0.51, 0.35, 0.38, 0.10499999999999993, 0.10499999999999993, 1, 0.24, 0.98, 0.64, 0.29, 0.98, 0.98, 0.29, 0.29, 0.62, 0.42, 0.62, 0.42, 0.03, 0.46, 99, 99, 99]
--- num:  29
list:  [0.49, 0.49, 0.91, 0.91, 1, 1, 0.16199999999999998, 0.16199999999999998, 0.51, 0.51, 0.35, 0.37, 0.10499999999999993, 0.08999999999999991, 1, 0.23, 0.98, 0.64, 0.27, 0.98, 0.98, 0.27, 0.27, 0.62, 0.42, 0.61, 0.43, 0.03, 0.48, 99, 99, 99]
--- num:  29
list:  [0.48, 0.48, 0.87, 0.87, 1, 1, 0.16199999999999998, 0.16199999999999998, 0.51, 0.51, 0.35, 0.38, 0.11999999999999994, 0.08999999999999991, 1, 0.23, 0.985, 0.63, 0.27, 0.98, 0.99, 0.27, 0.27, 0.63, 0.42, 0.61, 0.42, 0.03, 0.49, 99, 99, 99]
--- num:  29
list:  [0.49, 0.49, 0.91, 0.91, 1, 1, 0.16199999999999998, 0.16199999999999998, 0.51, 0.51, 0.34, 0.38, 0.13499999999999995, 0.08999999999999991, 1, 0.23, 0.99, 0.63, 0.26, 0.99, 0.99, 0.26, 0.26, 0.64, 0.41, 0.61, 0.42, 0.02, 0.52, 99, 99, 99]
--- num:  29
list:  [0.5, 0.5, 0.92, 0.92, 1, 1, 0.16199999999999998, 0.16199999999999998, 0.5, 0.5, 0.35, 0.37, 0.14999999999999997, 0.08999999999999991, 1, 0.22, 0.99, 0.63, 0.26, 0.99, 0.99, 0.26, 0.26, 0.65, 0.4, 0.61, 0.42, 0.02, 0.54, 99, 99, 99]
--- num:  29
list:  [0.49, 0.49, 0.91, 0.91, 1, 1, 0.16199999999999998, 0.16199999999999998, 0.49, 0.49, 0.36, 0.37, 0.14999999999999997, 0.08999999999999991, 1, 0.22, 0.99, 0.63, 0.26, 0.99, 0.99, 0.26, 0.26, 0.65, 0.41, 0.61, 0.42, 0.02, 0.55, 99, 99, 99]
--- num:  29
list:  [0.49, 0.49, 0.91, 0.91, 1, 1, 0.16199999999999998, 0.16199999999999998, 0.49, 0.49, 0.35, 0.37, 0.14999999999999997, 0.08999999999999991, 1, 0.22, 0.99, 0.63, 0.26, 0.99, 0.99, 0.26, 0.26, 0.65, 0.41, 0.61, 0.42, 0.02, 0.56, 99, 99, 99]
--- num:  29
list:  [0.49, 0.49, 0.91, 0.91, 1, 1, 0.16199999999999998, 0.16199999999999998, 0.49, 0.49, 0.35, 0.37, 0.14999999999999997, 0.08999999999999991, 1, 0.22, 0.99, 0.63, 0.26, 0.99, 0.99, 0.26, 0.26, 0.65, 0.41, 0.61, 0.42, 0.02, 0.56, 99, 99, 99]
--- num:  29
list:  [0.49, 0.49, 0.91, 0.91, 1, 1, 0.16199999999999998, 0.16199999999999998, 0.49, 0.49, 0.35, 0.38, 0.14999999999999997, 0.08999999999999991, 1, 0.22, 0.99, 0.63, 0.26, 0.99, 0.99, 0.26, 0.26, 0.65, 0.41, 0.61, 0.42, 0.02, 0.55, 99, 99, 99]
--- num:  29
list:  [0.49, 0.49, 0.91, 0.91, 1, 1, 0.16199999999999998, 0.16199999999999998, 0.5, 0.5, 0.35, 0.37, 0.13499999999999995, 0.08999999999999991, 1, 0.22, 0.99, 0.63, 0.26, 0.99, 0.99, 0.26, 0.26, 0.64, 0.41, 0.61, 0.42, 0.02, 0.55, 99, 99, 99]
--- num:  29
list:  [0.5, 0.5, 0.92, 0.92, 1, 1, 0.16199999999999998, 0.16199999999999998, 0.5, 0.5, 0.35, 0.37, 0.13499999999999995, 0.08999999999999991, 1, 0.22, 0.99, 0.63, 0.26, 0.99, 0.99, 0.26, 0.26, 0.64, 0.41, 0.61, 0.42, 0.02, 0.55, 99, 99, 99]
--- num:  29
list:  [0.5, 0.5, 0.92, 0.92, 1, 1, 0.16199999999999998, 0.16199999999999998, 0.49, 0.49, 0.35, 0.37, 0.13499999999999995, 0.08999999999999991, 1, 0.22, 0.99, 0.63, 0.26, 0.99, 0.99, 0.26, 0.26, 0.64, 0.41, 0.61, 0.42, 0.02, 0.55, 99, 99, 99]
--- num:  29
list:  [0.49, 0.49, 0.91, 0.91, 1, 1, 0.16199999999999998, 0.16199999999999998, 0.49, 0.49, 0.35, 0.37, 0.11999999999999994, 0.08999999999999991, 1, 0.22, 0.99, 0.63, 0.26, 0.99, 0.99, 0.26, 0.26, 0.63, 0.41, 0.61, 0.42, 0.02, 0.54, 99, 99, 99]
--- num:  29
list:  [0.49, 0.49, 0.91, 0.91, 1, 1, 0.16199999999999998, 0.16199999999999998, 0.49, 0.49, 0.35, 0.37, 0.11999999999999994, 0.08999999999999991, 1, 0.22, 0.99, 0.63, 0.26, 0.99, 0.99, 0.26, 0.26, 0.63, 0.41, 0.61, 0.42, 0.02, 0.54, 99, 99, 99]
--- num:  29
