A0
A1
A2
A3
A4
A5
A6
A7
A8
A9
A10
A11
A12
A13
A14
A15
A16
A17
A18
A19
A20
A21
A22
A23
A24
A25
A26
A27
A28
--- [0.87, 0.67, 1.0, 1.0, 0.24, 0.24, 0.05, 0.13, 0.51, 0.54, 0.4, 0.38, 0.0, -0.0, 1.0, 0.21, 0.75, 0.6, 0.49, 0.8, 0.75, 0.46, 0.86, 0.55, 0.43, 0.55, 0.45, 0.0, 0.5, 99, 99, 99]
into servo loop...
start test new
list:  [0.52, 0.52, 0.98, 0.98, 1, 1, 0.16199999999999998, 0.16199999999999998, 0.4, 0.4, 0.36, 0.37, 0.0749999999999999, 0.08999999999999991, 1, 0.22, 0.99, 0.63, 0.25, 0.99, 0.99, 0.25, 0.25, 0.6, 0.43, 0.61, 0.42, 0.02, 0.56, 99, 99, 99]
--- num:  29
list:  [0.56, 0.56, 1, 1, 0.98, 0.98, 0.16199999999999998, 0.16199999999999998, 0.48, 0.48, 0.36, 0.36, 0, 0, 1, 0.23, 0.99, 0.64, 0.25, 0.99, 0.99, 0.25, 0.25, 0.52, 0.52, 0.5, 0.56, 0.04, 0.59, 99, 99, 99]
--- num:  29
list:  [0.53, 0.53, 1.0, 1.0, 1, 1, 0.16199999999999998, 0.16199999999999998, 0.42, 0.42, 0.35, 0.37, 0.0749999999999999, 0.0749999999999999, 1, 0.21, 1.0, 0.62, 0.25, 1.0, 1.0, 0.25, 0.25, 0.6, 0.43, 0.6, 0.43, 0.02, 0.56, 99, 99, 99]
--- num:  29
list:  [0.53, 0.53, 1.0, 1.0, 1, 1, 0.16199999999999998, 0.16199999999999998, 0.42, 0.42, 0.35, 0.38, 0.0749999999999999, 0.0749999999999999, 1, 0.22, 0.995, 0.62, 0.25, 0.99, 1.0, 0.25, 0.25, 0.6, 0.43, 0.6, 0.43, 0.02, 0.57, 99, 99, 99]
--- num:  29
list:  [0.56, 0.56, 1, 1, 0.98, 0.98, 0.9453274416923523, 0.9446825194358826, 0.31, 0.31, 0.37, 0.36, 0.11999999999999994, 0.13499999999999995, 1, 0.23, 0.97, 0.64, 0.27, 0.97, 0.97, 0.27, 0.27, 0.63, 0.41, 0.64, 0.41, 0.02, 0.56, 99, 99, 99]
--- num:  29
list:  [0.56, 0.56, 1, 1, 0.98, 0.98, 0.16199999999999998, 0.16199999999999998, 0.31, 0.31, 0.37, 0.35, 0.11999999999999994, 0.11999999999999994, 1, 0.24, 0.97, 0.64, 0.27, 0.97, 0.97, 0.27, 0.27, 0.63, 0.41, 0.63, 0.41, 0.02, 0.55, 99, 99, 99]
--- num:  29
list:  [0.53, 0.53, 1.0, 1.0, 1, 1, 0.16199999999999998, 0.16199999999999998, 0.37, 0.37, 0.38, 0.34, 0.10499999999999993, 0.08999999999999991, 1, 0.23, 0.98, 0.63, 0.26, 0.98, 0.98, 0.26, 0.26, 0.62, 0.42, 0.61, 0.42, 0.01, 0.55, 99, 99, 99]
--- num:  29
list:  [0.53, 0.53, 1.0, 1.0, 1, 1, 0.16199999999999998, 0.16199999999999998, 0.36, 0.36, 0.39, 0.33, 0.10499999999999993, 0.08999999999999991, 1, 0.22, 0.99, 0.63, 0.25, 0.99, 0.99, 0.25, 0.25, 0.62, 0.42, 0.61, 0.42, 0.01, 0.56, 99, 99, 99]
--- num:  29
list:  [0.53, 0.53, 1.0, 1.0, 1, 1, 0.16199999999999998, 0.16199999999999998, 0.35, 0.35, 0.38, 0.34, 0.10499999999999993, 0.08999999999999991, 1, 0.22, 0.99, 0.63, 0.25, 0.99, 0.99, 0.25, 0.25, 0.62, 0.42, 0.61, 0.43, 0.01, 0.57, 99, 99, 99]
--- num:  29
list:  [0.53, 0.53, 1.0, 1.0, 1, 1, 0.16199999999999998, 0.16199999999999998, 0.33, 0.33, 0.38, 0.34, 0.08999999999999991, 0.0749999999999999, 1, 0.22, 0.99, 0.63, 0.25, 0.99, 0.99, 0.25, 0.25, 0.61, 0.42, 0.6, 0.43, 0.01, 0.58, 99, 99, 99]
--- num:  29
list:  [0.53, 0.53, 1.0, 1.0, 1, 1, 0.16199999999999998, 0.16199999999999998, 0.33, 0.33, 0.38, 0.35, 0.08999999999999991, 0.0749999999999999, 1, 0.22, 0.99, 0.63, 0.25, 0.99, 0.99, 0.25, 0.25, 0.61, 0.42, 0.6, 0.43, 0.01, 0.59, 99, 99, 99]
--- num:  29
list:  [0.53, 0.53, 1.0, 1.0, 1, 1, 0.16199999999999998, 0.16199999999999998, 0.33, 0.33, 0.37, 0.35, 0.08999999999999991, 0.0749999999999999, 1, 0.22, 0.99, 0.62, 0.25, 0.99, 0.99, 0.25, 0.25, 0.61, 0.42, 0.6, 0.43, 0.01, 0.59, 99, 99, 99]
--- num:  29
list:  [0.53, 0.53, 1.0, 1.0, 1, 1, 0.16199999999999998, 0.16199999999999998, 0.33, 0.33, 0.35, 0.37, 0.08999999999999991, 0.0749999999999999, 1, 0.22, 0.99, 0.62, 0.25, 0.99, 0.99, 0.25, 0.25, 0.61, 0.42, 0.6, 0.43, 0.01, 0.59, 99, 99, 99]
--- num:  29
list:  [0.53, 0.53, 1.0, 1.0, 1, 1, 0.16199999999999998, 0.16199999999999998, 0.34, 0.34, 0.34, 0.38, 0.08999999999999991, 0.08999999999999991, 1, 0.22, 0.99, 0.62, 0.25, 0.99, 0.99, 0.25, 0.25, 0.61, 0.42, 0.61, 0.43, 0.01, 0.59, 99, 99, 99]
--- num:  29
list:  [0.51, 0.51, 0.95, 0.95, 1, 1, 0.16199999999999998, 0.16199999999999998, 0.44, 0.44, 0.33, 0.4, 0.08999999999999991, 0.08999999999999991, 1, 0.23, 0.98, 0.64, 0.26, 0.98, 0.98, 0.26, 0.26, 0.61, 0.42, 0.61, 0.42, 0.02, 0.58, 99, 99, 99]
--- num:  29
list:  [0.51, 0.51, 0.94, 0.94, 1, 1, 0.16199999999999998, 0.16199999999999998, 0.45, 0.45, 0.33, 0.4, 0.08999999999999991, 0.0749999999999999, 1, 0.23, 0.98, 0.63, 0.26, 0.98, 0.98, 0.26, 0.26, 0.61, 0.42, 0.6, 0.43, 0.02, 0.57, 99, 99, 99]
--- num:  29
list:  [0.51, 0.51, 0.95, 0.95, 1, 1, 0.16199999999999998, 0.16199999999999998, 0.45, 0.45, 0.35, 0.37, 0.05999999999999989, 0.05999999999999989, 1, 0.23, 0.985, 0.63, 0.26, 0.98, 0.99, 0.26, 0.26, 0.59, 0.43, 0.59, 0.43, 0.02, 0.56, 99, 99, 99]
--- num:  29
list:  [0.51, 0.51, 0.95, 0.95, 1, 1, 0.16199999999999998, 0.16199999999999998, 0.44, 0.44, 0.37, 0.35, 0.04499999999999987, 0.05999999999999989, 1, 0.23, 0.99, 0.63, 0.26, 0.99, 0.99, 0.26, 0.26, 0.58, 0.43, 0.59, 0.43, 0.02, 0.56, 99, 99, 99]
--- num:  29
list:  [0.49, 0.49, 0.91, 0.91, 1, 1, 0.31679905533790587, 0.3164165425300598, 0.27, 0.27, 0.42, 0.3, 0.10499999999999993, 0.11999999999999994, 1, 0.24, 0.97, 0.64, 0.28, 0.97, 0.97, 0.28, 0.28, 0.62, 0.42, 0.63, 0.41, 0.02, 0.53, 99, 99, 99]
--- num:  29
list:  [0.5, 0.5, 0.93, 0.93, 1, 1, 0.16199999999999998, 0.16199999999999998, 0.36, 0.36, 0.45, 0.28, 0.08999999999999991, 0.08999999999999991, 1, 0.23, 0.98, 0.64, 0.26, 0.98, 0.98, 0.26, 0.26, 0.61, 0.42, 0.61, 0.42, 0.02, 0.53, 99, 99, 99]
--- num:  29
list:  [0.5, 0.5, 0.93, 0.93, 1, 1, 0.16199999999999998, 0.16199999999999998, 0.36, 0.36, 0.46, 0.26, 0.0749999999999999, 0.0749999999999999, 1, 0.23, 0.98, 0.64, 0.26, 0.98, 0.98, 0.26, 0.26, 0.6, 0.43, 0.6, 0.43, 0.02, 0.54, 99, 99, 99]
--- num:  29
list:  [0.51, 0.51, 0.95, 0.95, 1, 1, 0.16199999999999998, 0.16199999999999998, 0.35, 0.35, 0.53, 0.2, 0.0749999999999999, 0.0749999999999999, 1, 0.22, 0.99, 0.63, 0.26, 0.99, 0.99, 0.26, 0.26, 0.6, 0.43, 0.6, 0.43, 0.01, 0.54, 99, 99, 99]
--- num:  29
list:  [0.51, 0.51, 0.96, 0.96, 1, 1, 0.16199999999999998, 0.16199999999999998, 0.35, 0.35, 0.53, 0.19, 0.0749999999999999, 0.0749999999999999, 1, 0.22, 0.99, 0.63, 0.26, 0.99, 0.99, 0.26, 0.26, 0.6, 0.43, 0.6, 0.43, 0.01, 0.53, 99, 99, 99]
--- num:  29
list:  [0.51, 0.51, 0.96, 0.96, 1, 1, 0.16199999999999998, 0.16199999999999998, 0.35, 0.35, 0.53, 0.2, 0.0749999999999999, 0.0749999999999999, 1, 0.22, 0.99, 0.63, 0.26, 0.99, 0.99, 0.26, 0.26, 0.6, 0.43, 0.6, 0.43, 0.01, 0.53, 99, 99, 99]
--- num:  29
list:  [0.52, 0.52, 0.97, 0.97, 1, 1, 0.16199999999999998, 0.16199999999999998, 0.36, 0.36, 0.52, 0.21, 0.0749999999999999, 0.0749999999999999, 1, 0.22, 0.99, 0.63, 0.25, 0.99, 0.99, 0.25, 0.25, 0.6, 0.43, 0.6, 0.43, 0.01, 0.53, 99, 99, 99]
--- num:  29
list:  [0.52, 0.52, 0.98, 0.98, 1, 1, 0.16199999999999998, 0.16199999999999998, 0.36, 0.36, 0.5, 0.23, 0.0749999999999999, 0.0749999999999999, 1, 0.22, 0.99, 0.63, 0.25, 0.99, 0.99, 0.25, 0.25, 0.6, 0.43, 0.6, 0.43, 0.01, 0.53, 99, 99, 99]
--- num:  29
list:  [0.52, 0.52, 0.98, 0.98, 1, 1, 0.16199999999999998, 0.16199999999999998, 0.35, 0.35, 0.45, 0.27, 0.08999999999999991, 0.0749999999999999, 1, 0.22, 0.99, 0.63, 0.25, 0.99, 0.99, 0.25, 0.25, 0.61, 0.42, 0.6, 0.43, 0.01, 0.54, 99, 99, 99]
--- num:  29
list:  [0.51, 0.51, 0.96, 0.96, 1, 1, 0.4619050133228302, 0.46070278763771055, 0.21, 0.21, 0.42, 0.31, 0.10499999999999993, 0.10499999999999993, 1, 0.23, 0.98, 0.63, 0.27, 0.98, 0.98, 0.27, 0.27, 0.62, 0.42, 0.62, 0.42, 0.01, 0.54, 99, 99, 99]
--- num:  29
list:  [0.5, 0.5, 0.93, 0.93, 1, 1, 0.16199999999999998, 0.16199999999999998, 0.32, 0.32, 0.68, 0.05, 0.10499999999999993, 0.10499999999999993, 1, 0.23, 0.98, 0.64, 0.27, 0.98, 0.98, 0.27, 0.27, 0.62, 0.42, 0.62, 0.42, 0.02, 0.55, 99, 99, 99]
--- num:  29
list:  [0.5, 0.5, 0.92, 0.92, 1, 1, 0.16199999999999998, 0.16199999999999998, 0.36, 0.36, 0.73, 0.01, 0.08999999999999991, 0.0749999999999999, 1, 0.23, 0.98, 0.63, 0.26, 0.98, 0.98, 0.26, 0.26, 0.61, 0.42, 0.6, 0.43, 0.02, 0.58, 99, 99, 99]
--- num:  29
list:  [0.5, 0.5, 0.94, 0.94, 1, 1, 0.16199999999999998, 0.16199999999999998, 0.37, 0.37, 0.72, 0.02, 0.08999999999999991, 0.0749999999999999, 1, 0.23, 0.98, 0.63, 0.26, 0.98, 0.98, 0.26, 0.26, 0.61, 0.42, 0.6, 0.43, 0.02, 0.62, 99, 99, 99]
--- num:  29
list:  [0.51, 0.51, 0.95, 0.95, 1, 1, 0.16199999999999998, 0.16199999999999998, 0.36, 0.36, 0.71, 0.03, 0.08999999999999991, 0.05999999999999989, 1, 0.22, 0.985, 0.63, 0.26, 0.98, 0.99, 0.26, 0.26, 0.61, 0.42, 0.59, 0.43, 0.02, 0.65, 99, 99, 99]
--- num:  29
list:  [0.51, 0.51, 0.96, 0.96, 1, 1, 0.16199999999999998, 0.16199999999999998, 0.37, 0.37, 0.7, 0.04, 0.08999999999999991, 0.05999999999999989, 1, 0.22, 0.99, 0.63, 0.26, 0.99, 0.99, 0.26, 0.26, 0.61, 0.42, 0.59, 0.43, 0.02, 0.67, 99, 99, 99]
--- num:  29
list:  [0.52, 0.52, 0.97, 0.97, 1, 1, 0.16199999999999998, 0.16199999999999998, 0.37, 0.37, 0.7, 0.03, 0.08999999999999991, 0.05999999999999989, 1, 0.22, 0.99, 0.63, 0.26, 0.99, 0.99, 0.26, 0.26, 0.61, 0.42, 0.59, 0.43, 0.02, 0.67, 99, 99, 99]
--- num:  29
list:  [0.52, 0.52, 0.97, 0.97, 1, 1, 0.16199999999999998, 0.16199999999999998, 0.37, 0.37, 0.71, 0.03, 0.08999999999999991, 0.05999999999999989, 1, 0.22, 0.99, 0.63, 0.26, 0.99, 0.99, 0.26, 0.26, 0.61, 0.42, 0.59, 0.43, 0.02, 0.68, 99, 99, 99]
--- num:  29
list:  [0.52, 0.52, 0.97, 0.97, 1, 1, 0.16199999999999998, 0.16199999999999998, 0.37, 0.37, 0.71, 0.03, 0.08999999999999991, 0.04499999999999987, 1, 0.22, 0.99, 0.63, 0.26, 0.99, 0.99, 0.26, 0.26, 0.61, 0.42, 0.58, 0.43, 0.02, 0.68, 99, 99, 99]
--- num:  29
list:  [0.52, 0.52, 0.97, 0.97, 1, 1, 0.16199999999999998, 0.16199999999999998, 0.37, 0.37, 0.72, 0.02, 0.08999999999999991, 0.04499999999999987, 1, 0.22, 0.99, 0.63, 0.26, 0.99, 0.99, 0.26, 0.26, 0.61, 0.42, 0.58, 0.43, 0.02, 0.68, 99, 99, 99]
--- num:  29
list:  [0.52, 0.52, 0.97, 0.97, 1, 1, 0.16199999999999998, 0.16199999999999998, 0.37, 0.37, 0.72, 0.02, 0.08999999999999991, 0.04499999999999987, 1, 0.22, 0.99, 0.63, 0.26, 0.99, 0.99, 0.26, 0.26, 0.61, 0.42, 0.58, 0.44, 0.02, 0.68, 99, 99, 99]
--- num:  29
list:  [0.52, 0.52, 0.97, 0.97, 1, 1, 0.16199999999999998, 0.16199999999999998, 0.36, 0.36, 0.48, 0.24, 0.08999999999999991, 0.05999999999999989, 1, 0.22, 0.99, 0.63, 0.26, 0.99, 0.99, 0.26, 0.26, 0.61, 0.43, 0.59, 0.43, 0.02, 0.68, 99, 99, 99]
--- num:  29
list:  [0.52, 0.52, 0.97, 0.97, 1, 1, 0.16199999999999998, 0.16199999999999998, 0.37, 0.37, 0.51, 0.22, 0.08999999999999991, 0.0749999999999999, 1, 0.22, 0.99, 0.63, 0.26, 0.99, 0.99, 0.26, 0.26, 0.61, 0.43, 0.6, 0.43, 0.02, 0.67, 99, 99, 99]
--- num:  29
list:  [0.52, 0.52, 0.97, 0.97, 1, 1, 0.16199999999999998, 0.16199999999999998, 0.37, 0.37, 0.5, 0.22, 0.0749999999999999, 0.0749999999999999, 1, 0.22, 0.99, 0.63, 0.26, 0.99, 0.99, 0.26, 0.26, 0.6, 0.43, 0.6, 0.43, 0.02, 0.66, 99, 99, 99]
--- num:  29
list:  [0.52, 0.52, 0.97, 0.97, 1, 1, 0.16199999999999998, 0.16199999999999998, 0.39, 0.39, 0.41, 0.31, 0.0749999999999999, 0.0749999999999999, 1, 0.22, 0.99, 0.63, 0.26, 0.99, 0.99, 0.26, 0.26, 0.6, 0.43, 0.6, 0.43, 0.01, 0.65, 99, 99, 99]
--- num:  29
list:  [0.52, 0.52, 0.97, 0.97, 1, 1, 0.16199999999999998, 0.16199999999999998, 0.38, 0.38, 0.31, 0.42, 0.0749999999999999, 0.0749999999999999, 1, 0.22, 0.99, 0.63, 0.25, 0.99, 0.99, 0.25, 0.25, 0.6, 0.43, 0.6, 0.43, 0.01, 0.64, 99, 99, 99]
--- num:  29
list:  [0.52, 0.52, 0.98, 0.98, 1, 1, 0.16199999999999998, 0.16199999999999998, 0.4, 0.4, 0.28, 0.44, 0.0749999999999999, 0.0749999999999999, 1, 0.22, 0.99, 0.63, 0.25, 0.99, 0.99, 0.25, 0.25, 0.6, 0.43, 0.6, 0.43, 0.01, 0.63, 99, 99, 99]
--- num:  29
list:  [0.53, 0.53, 0.99, 0.99, 1, 1, 0.16199999999999998, 0.16199999999999998, 0.4, 0.4, 0.28, 0.44, 0.0749999999999999, 0.0749999999999999, 1, 0.22, 0.99, 0.63, 0.25, 0.99, 0.99, 0.25, 0.25, 0.6, 0.43, 0.6, 0.43, 0.01, 0.63, 99, 99, 99]
--- num:  29
list:  [0.53, 0.53, 0.99, 0.99, 1, 1, 0.16199999999999998, 0.16199999999999998, 0.4, 0.4, 0.28, 0.44, 0.0749999999999999, 0.0749999999999999, 1, 0.22, 0.99, 0.63, 0.25, 0.99, 0.99, 0.25, 0.25, 0.6, 0.43, 0.6, 0.43, 0.01, 0.63, 99, 99, 99]
--- num:  29
list:  [0.53, 0.53, 1.0, 1.0, 1, 1, 0.16199999999999998, 0.16199999999999998, 0.4, 0.4, 0.28, 0.44, 0.0749999999999999, 0.0749999999999999, 1, 0.22, 0.99, 0.63, 0.25, 0.99, 0.99, 0.25, 0.25, 0.6, 0.43, 0.6, 0.43, 0.01, 0.62, 99, 99, 99]
--- num:  29
list:  [0.53, 0.53, 1.0, 1.0, 1, 1, 0.16199999999999998, 0.16199999999999998, 0.4, 0.4, 0.29, 0.43, 0.05999999999999989, 0.0749999999999999, 1, 0.22, 0.99, 0.63, 0.25, 0.99, 0.99, 0.25, 0.25, 0.59, 0.43, 0.6, 0.43, 0.01, 0.61, 99, 99, 99]
--- num:  29
list:  [0.53, 0.53, 1.0, 1.0, 1, 1, 0.16199999999999998, 0.16199999999999998, 0.4, 0.4, 0.3, 0.42, 0.05999999999999989, 0.0749999999999999, 1, 0.22, 0.99, 0.63, 0.25, 0.99, 0.99, 0.25, 0.25, 0.59, 0.43, 0.6, 0.43, 0.01, 0.6, 99, 99, 99]
--- num:  29
list:  [0.53, 0.53, 1.0, 1.0, 1, 1, 0.16199999999999998, 0.16199999999999998, 0.37, 0.37, 0.33, 0.4, 0.0749999999999999, 0.0749999999999999, 1, 0.22, 0.99, 0.63, 0.25, 0.99, 0.99, 0.25, 0.25, 0.6, 0.43, 0.6, 0.43, 0.01, 0.59, 99, 99, 99]
--- num:  29
list:  [0.51, 0.51, 0.96, 0.96, 1, 1, 0.46035228252410887, 0.458959321975708, 0.2, 0.2, 0.35, 0.38, 0.10499999999999993, 0.11999999999999994, 1, 0.23, 0.98, 0.64, 0.27, 0.98, 0.98, 0.27, 0.27, 0.62, 0.42, 0.63, 0.41, 0.01, 0.58, 99, 99, 99]
--- num:  29
list:  [0.52, 0.52, 0.97, 0.97, 1, 1, 0.16199999999999998, 0.16199999999999998, 0.34, 0.34, 0.37, 0.35, 0.11999999999999994, 0.11999999999999994, 1, 0.23, 0.98, 0.63, 0.26, 0.98, 0.98, 0.26, 0.26, 0.63, 0.42, 0.63, 0.42, 0.01, 0.57, 99, 99, 99]
--- num:  29
list:  [0.53, 0.53, 1.0, 1.0, 1, 1, 0.16199999999999998, 0.16199999999999998, 0.36, 0.36, 0.38, 0.34, 0.10499999999999993, 0.10499999999999993, 1, 0.22, 0.98, 0.63, 0.26, 0.98, 0.98, 0.26, 0.26, 0.62, 0.42, 0.62, 0.42, 0.01, 0.56, 99, 99, 99]
--- num:  29
list:  [0.53, 0.53, 1.0, 1.0, 1, 1, 0.16199999999999998, 0.16199999999999998, 0.36, 0.36, 0.4, 0.33, 0.10499999999999993, 0.08999999999999991, 1, 0.22, 0.99, 0.63, 0.25, 0.99, 0.99, 0.25, 0.25, 0.62, 0.42, 0.61, 0.42, 0.01, 0.56, 99, 99, 99]
--- num:  29
list:  [0.53, 0.53, 1.0, 1.0, 1, 1, 0.16199999999999998, 0.16199999999999998, 0.37, 0.37, 0.41, 0.32, 0.10499999999999993, 0.08999999999999991, 1, 0.22, 0.99, 0.63, 0.25, 0.99, 0.99, 0.25, 0.25, 0.62, 0.42, 0.61, 0.42, 0.01, 0.56, 99, 99, 99]
--- num:  29
list:  [0.51, 0.51, 0.95, 0.95, 1, 1, 0.8810538458824158, 0.8808690118789673, 0.24, 0.24, 0.41, 0.31, 0.10499999999999993, 0.10499999999999993, 1, 0.23, 0.98, 0.63, 0.27, 0.98, 0.98, 0.27, 0.27, 0.62, 0.42, 0.62, 0.42, 0.01, 0.55, 99, 99, 99]
--- num:  29
list:  [0.56, 0.56, 1, 1, 0.98, 0.98, 0.16199999999999998, 0.16199999999999998, 0.31, 0.31, 0.11, 0.63, 0.10499999999999993, 0.10499999999999993, 1, 0.24, 0.975, 0.65, 0.28, 0.97, 0.98, 0.28, 0.28, 0.62, 0.42, 0.62, 0.42, 0.02, 0.55, 99, 99, 99]
--- num:  29
list:  [0.56, 0.56, 1, 1, 0.98, 0.98, 0.16199999999999998, 0.16199999999999998, 0.41, 0.41, 0.12, 0.61, 0.08999999999999991, 0.10499999999999993, 1, 0.24, 0.98, 0.64, 0.26, 0.98, 0.98, 0.26, 0.26, 0.61, 0.42, 0.62, 0.42, 0.02, 0.56, 99, 99, 99]
--- num:  29
list:  [0.56, 0.56, 1, 1, 0.98, 0.98, 0.16199999999999998, 0.16199999999999998, 0.4, 0.4, 0.12, 0.62, 0.0749999999999999, 0.0749999999999999, 1, 0.23, 0.98, 0.64, 0.26, 0.98, 0.98, 0.26, 0.26, 0.6, 0.43, 0.6, 0.43, 0.02, 0.57, 99, 99, 99]
--- num:  29
list:  [0.56, 0.56, 1, 1, 0.98, 0.98, 0.16199999999999998, 0.16199999999999998, 0.42, 0.42, 0.13, 0.6, 0.0749999999999999, 0.0749999999999999, 1, 0.23, 0.98, 0.64, 0.26, 0.98, 0.98, 0.26, 0.26, 0.6, 0.43, 0.6, 0.43, 0.02, 0.58, 99, 99, 99]
--- num:  29
list:  [0.52, 0.52, 0.98, 0.98, 1, 1, 0.16199999999999998, 0.16199999999999998, 0.4, 0.4, 0.14, 0.59, 0.08999999999999991, 0.08999999999999991, 1, 0.23, 0.98, 0.63, 0.26, 0.98, 0.98, 0.26, 0.26, 0.61, 0.43, 0.61, 0.42, 0.02, 0.58, 99, 99, 99]
--- num:  29
list:  [0.56, 0.56, 1, 1, 0.98, 0.98, 0.5286562848091125, 0.52792720079422, 0.19, 0.19, 0.46, 0.27, 0.10499999999999993, 0.10499999999999993, 1, 0.24, 0.97, 0.64, 0.28, 0.97, 0.97, 0.28, 0.28, 0.62, 0.42, 0.62, 0.42, 0.02, 0.55, 99, 99, 99]
--- num:  29
list:  [0.56, 0.56, 1, 1, 0.98, 0.98, 0.2473324942588806, 0.24722717285156248, 0.26, 0.26, 0.5, 0.23, 0.10499999999999993, 0.08999999999999991, 1, 0.24, 0.97, 0.64, 0.27, 0.97, 0.97, 0.27, 0.27, 0.62, 0.42, 0.61, 0.42, 0.02, 0.52, 99, 99, 99]
--- num:  29
list:  [0.5, 0.5, 0.94, 0.94, 1, 1, 0.16199999999999998, 0.16199999999999998, 0.33, 0.33, 0.47, 0.25, 0.10499999999999993, 0.0749999999999999, 1, 0.23, 0.98, 0.64, 0.26, 0.98, 0.98, 0.26, 0.26, 0.62, 0.42, 0.6, 0.43, 0.02, 0.52, 99, 99, 99]
--- num:  29
list:  [0.51, 0.51, 0.94, 0.94, 1, 1, 0.16199999999999998, 0.16199999999999998, 0.36, 0.36, 0.46, 0.27, 0.10499999999999993, 0.08999999999999991, 1, 0.23, 0.98, 0.63, 0.26, 0.98, 0.98, 0.26, 0.26, 0.62, 0.42, 0.61, 0.42, 0.02, 0.52, 99, 99, 99]
--- num:  29
list:  [0.51, 0.51, 0.95, 0.95, 1, 1, 0.16199999999999998, 0.16199999999999998, 0.37, 0.37, 0.45, 0.27, 0.11999999999999994, 0.08999999999999991, 1, 0.22, 0.99, 0.63, 0.26, 0.99, 0.99, 0.26, 0.26, 0.63, 0.42, 0.61, 0.42, 0.01, 0.52, 99, 99, 99]
--- num:  29
list:  [0.51, 0.51, 0.95, 0.95, 1, 1, 0.16199999999999998, 0.16199999999999998, 0.37, 0.37, 0.42, 0.3, 0.11999999999999994, 0.08999999999999991, 1, 0.22, 0.99, 0.63, 0.26, 0.99, 0.99, 0.26, 0.26, 0.63, 0.42, 0.61, 0.42, 0.01, 0.52, 99, 99, 99]
--- num:  29
list:  [0.51, 0.51, 0.94, 0.94, 1, 1, 0.16199999999999998, 0.16199999999999998, 0.37, 0.37, 0.42, 0.3, 0.11999999999999994, 0.10499999999999993, 1, 0.22, 0.99, 0.63, 0.26, 0.99, 0.99, 0.26, 0.26, 0.63, 0.42, 0.62, 0.42, 0.01, 0.52, 99, 99, 99]
--- num:  29
list:  [0.5, 0.5, 0.94, 0.94, 1, 1, 0.16199999999999998, 0.16199999999999998, 0.38, 0.38, 0.42, 0.3, 0.11999999999999994, 0.10499999999999993, 1, 0.22, 0.99, 0.63, 0.26, 0.99, 0.99, 0.26, 0.26, 0.63, 0.41, 0.62, 0.42, 0.01, 0.52, 99, 99, 99]
--- num:  29
list:  [0.5, 0.5, 0.93, 0.93, 1, 1, 0.16199999999999998, 0.16199999999999998, 0.35, 0.35, 0.46, 0.27, 0.11999999999999994, 0.10499999999999993, 1, 0.22, 0.985, 0.63, 0.27, 0.98, 0.99, 0.27, 0.27, 0.63, 0.41, 0.62, 0.42, 0.02, 0.51, 99, 99, 99]
--- num:  29
list:  [0.56, 0.56, 1, 1, 0.98, 0.98, 0.29789469718933104, 0.29723552942276, 0.3, 0.3, 0.23, 0.5, 0.11999999999999994, 0.10499999999999993, 1, 0.29, 0.94, 0.68, 0.32, 0.94, 0.94, 0.32, 0.32, 0.63, 0.42, 0.62, 0.42, 0.03, 0.48, 99, 99, 99]
--- num:  29
list:  [0.56, 0.56, 1, 1, 0.98, 0.98, 0.16199999999999998, 0.16199999999999998, 0.4, 0.4, 0.22, 0.51, 0.10499999999999993, 0.10499999999999993, 1, 0.28, 0.96, 0.67, 0.3, 0.96, 0.96, 0.3, 0.3, 0.62, 0.42, 0.62, 0.42, 0.04, 0.46, 99, 99, 99]
--- num:  29
list:  [0.56, 0.56, 1, 1, 0.98, 0.98, 0.16199999999999998, 0.16199999999999998, 0.4, 0.4, 0.2, 0.52, 0.10499999999999993, 0.11999999999999994, 1, 0.33, 0.91, 0.71, 0.4, 0.91, 0.91, 0.4, 0.4, 0.62, 0.42, 0.63, 0.42, 0.08, 0.4, 99, 99, 99]
--- num:  29
list:  [0.56, 0.56, 1, 1, 0.97, 0.97, 0.16199999999999998, 0.16199999999999998, 0.41, 0.41, 0.24, 0.49, 0.11999999999999994, 0.11999999999999994, 1, 0.34, 0.895, 0.72, 0.42, 0.89, 0.9, 0.42, 0.42, 0.63, 0.42, 0.63, 0.42, 0.1, 0.37, 99, 99, 99]
--- num:  29
list:  [0.56, 0.56, 1, 1, 0.97, 0.97, 0.16199999999999998, 0.16199999999999998, 0.41, 0.41, 0.27, 0.46, 0.10499999999999993, 0.11999999999999994, 1, 0.34, 0.89, 0.72, 0.42, 0.89, 0.89, 0.42, 0.42, 0.62, 0.42, 0.63, 0.42, 0.1, 0.36, 99, 99, 99]
--- num:  29
list:  [0.56, 0.56, 1, 1, 0.97, 0.97, 0.16199999999999998, 0.16199999999999998, 0.41, 0.41, 0.3, 0.42, 0.0749999999999999, 0.08999999999999991, 1, 0.34, 0.9, 0.72, 0.41, 0.9, 0.9, 0.41, 0.41, 0.6, 0.43, 0.61, 0.42, 0.1, 0.35, 99, 99, 99]
--- num:  29
list:  [0.56, 0.56, 1, 1, 0.97, 0.97, 0.16199999999999998, 0.16199999999999998, 0.42, 0.42, 0.31, 0.42, 0.0749999999999999, 0.08999999999999991, 1, 0.34, 0.9, 0.72, 0.41, 0.9, 0.9, 0.41, 0.41, 0.6, 0.43, 0.61, 0.42, 0.1, 0.33, 99, 99, 99]
--- num:  29
list:  [0.56, 0.56, 1, 1, 0.97, 0.97, 0.16199999999999998, 0.16199999999999998, 0.44, 0.44, 0.31, 0.41, 0.0749999999999999, 0.10499999999999993, 1, 0.34, 0.9, 0.72, 0.41, 0.9, 0.9, 0.41, 0.41, 0.6, 0.43, 0.62, 0.42, 0.1, 0.32, 99, 99, 99]
--- num:  29
list:  [0.56, 0.56, 1, 1, 0.98, 0.98, 0.16199999999999998, 0.16199999999999998, 0.45, 0.45, 0.31, 0.42, 0.08999999999999991, 0.11999999999999994, 1, 0.34, 0.9, 0.72, 0.41, 0.9, 0.9, 0.41, 0.41, 0.61, 0.42, 0.63, 0.42, 0.1, 0.31, 99, 99, 99]
--- num:  29
list:  [0.56, 0.56, 1, 1, 0.98, 0.98, 0.16199999999999998, 0.16199999999999998, 0.46, 0.46, 0.3, 0.43, 0.08999999999999991, 0.11999999999999994, 1, 0.34, 0.905, 0.72, 0.41, 0.9, 0.91, 0.41, 0.41, 0.61, 0.42, 0.63, 0.42, 0.1, 0.29, 99, 99, 99]
--- num:  29
list:  [0.56, 0.56, 1, 1, 0.98, 0.98, 0.6183181810379028, 0.6176364231109619, 0.23, 0.23, 0.41, 0.31, 0.10499999999999993, 0.11999999999999994, 1, 0.34, 0.895, 0.72, 0.39, 0.89, 0.9, 0.39, 0.39, 0.62, 0.42, 0.63, 0.41, 0.1, 0.27, 99, 99, 99]
--- num:  29
list:  [0.56, 0.56, 1, 1, 0.97, 0.97, 0.3808969962596893, 0.3806396234035492, 0.28, 0.28, 0.35, 0.38, 0.11999999999999994, 0.13499999999999995, 1, 0.34, 0.88, 0.72, 0.38, 0.88, 0.88, 0.38, 0.38, 0.63, 0.42, 0.64, 0.41, 0.1, 0.26, 99, 99, 99]
--- num:  29
list:  [0.56, 0.56, 1, 1, 0.97, 0.97, 0.1855510729551315, 0.18534174144268034, 0.36, 0.36, 0.33, 0.39, 0.11999999999999994, 0.13499999999999995, 1, 0.34, 0.895, 0.72, 0.38, 0.89, 0.9, 0.38, 0.38, 0.63, 0.41, 0.64, 0.41, 0.09, 0.25, 99, 99, 99]
--- num:  29
list:  [0.56, 0.56, 1, 1, 0.98, 0.98, 0.16199999999999998, 0.16199999999999998, 0.38, 0.38, 0.54, 0.18, 0.11999999999999994, 0.13499999999999995, 1, 0.31, 0.925, 0.7, 0.36, 0.92, 0.93, 0.36, 0.36, 0.63, 0.41, 0.64, 0.41, 0.07, 0.25, 99, 99, 99]
--- num:  29
list:  [0.56, 0.56, 1, 1, 0.98, 0.98, 0.16199999999999998, 0.16199999999999998, 0.44, 0.44, 0.54, 0.19, 0.13499999999999995, 0.13499999999999995, 1, 0.29, 0.93, 0.68, 0.36, 0.93, 0.93, 0.36, 0.36, 0.64, 0.41, 0.64, 0.41, 0.06, 0.25, 99, 99, 99]
--- num:  29
list:  [0.43, 0.43, 0.77, 0.77, 1, 1, 0.16199999999999998, 0.16199999999999998, 0.46, 0.46, 0.51, 0.21, 0.13499999999999995, 0.13499999999999995, 1, 0.29, 0.93, 0.68, 0.36, 0.93, 0.93, 0.36, 0.36, 0.64, 0.41, 0.64, 0.41, 0.05, 0.27, 99, 99, 99]
--- num:  29
list:  [0.41, 0.41, 0.72, 0.72, 1, 1, 0.16199999999999998, 0.16199999999999998, 0.47, 0.47, 0.48, 0.24, 0.16499999999999998, 0.16499999999999998, 1, 0.28, 0.93, 0.68, 0.36, 0.93, 0.93, 0.36, 0.36, 0.66, 0.4, 0.66, 0.4, 0.05, 0.28, 99, 99, 99]
--- num:  29
list:  [0.4, 0.4, 0.7, 0.7, 1, 1, 0.16199999999999998, 0.16199999999999998, 0.46, 0.46, 0.46, 0.26, 0.16499999999999998, 0.18, 1, 0.28, 0.93, 0.68, 0.37, 0.93, 0.93, 0.37, 0.37, 0.66, 0.4, 0.67, 0.4, 0.05, 0.29, 99, 99, 99]
--- num:  29
list:  [0.41, 0.41, 0.71, 0.71, 1, 1, 0.16199999999999998, 0.16199999999999998, 0.46, 0.46, 0.43, 0.3, 0.18, 0.18, 1, 0.27, 0.93, 0.67, 0.35, 0.93, 0.93, 0.35, 0.35, 0.67, 0.4, 0.67, 0.4, 0.05, 0.32, 99, 99, 99]
--- num:  29
list:  [0.56, 0.56, 1, 1, 0.98, 0.98, 0.9485587286949158, 0.9492448377609253, 0.4, 0.4, 0.38, 0.35, 0.16499999999999998, 0.195, 1, 0.27, 0.91, 0.67, 0.36, 0.91, 0.91, 0.36, 0.36, 0.66, 0.4, 0.68, 0.39, 0.05, 0.35, 99, 99, 99]
--- num:  29
list:  [0.56, 0.56, 1, 1, 0.98, 0.98, 0.16199999999999998, 0.16199999999999998, 0.42, 0.42, 0.5, 0.22, 0.16499999999999998, 0.195, 1, 0.28, 0.91, 0.67, 0.36, 0.91, 0.91, 0.36, 0.36, 0.66, 0.4, 0.68, 0.39, 0.05, 0.41, 99, 99, 99]
--- num:  29
list:  [0.56, 0.56, 1, 1, 0.98, 0.98, 0.16199999999999998, 0.16199999999999998, 0.46, 0.46, 0.5, 0.23, 0.14999999999999997, 0.14999999999999997, 1, 0.3, 0.93, 0.69, 0.35, 0.93, 0.93, 0.35, 0.35, 0.65, 0.4, 0.65, 0.4, 0.05, 0.46, 99, 99, 99]
--- num:  29
list:  [0.56, 0.56, 1, 1, 0.98, 0.98, 0.16199999999999998, 0.16199999999999998, 0.46, 0.46, 0.49, 0.24, 0.11999999999999994, 0.11999999999999994, 1, 0.3, 0.94, 0.69, 0.34, 0.94, 0.94, 0.34, 0.34, 0.63, 0.41, 0.63, 0.42, 0.05, 0.47, 99, 99, 99]
--- num:  29
list:  [0.47, 0.47, 0.87, 0.87, 1, 1, 0.16199999999999998, 0.16199999999999998, 0.39, 0.39, 0.5, 0.22, 0.10499999999999993, 0.10499999999999993, 1, 0.27, 0.96, 0.67, 0.32, 0.96, 0.96, 0.32, 0.32, 0.62, 0.42, 0.62, 0.42, 0.05, 0.51, 99, 99, 99]
--- num:  29
list:  [0.49, 0.49, 0.9, 0.9, 1, 1, 0.16199999999999998, 0.16199999999999998, 0.35, 0.35, 0.49, 0.24, 0.10499999999999993, 0.10499999999999993, 1, 0.26, 0.96, 0.66, 0.31, 0.96, 0.96, 0.31, 0.31, 0.62, 0.42, 0.62, 0.42, 0.05, 0.52, 99, 99, 99]
--- num:  29
list:  [0.49, 0.49, 0.9, 0.9, 1, 1, 0.16199999999999998, 0.16199999999999998, 0.31, 0.31, 0.36, 0.36, 0.11999999999999994, 0.10499999999999993, 1, 0.26, 0.96, 0.66, 0.31, 0.96, 0.96, 0.31, 0.31, 0.63, 0.42, 0.62, 0.42, 0.05, 0.54, 99, 99, 99]
--- num:  29
list:  [0.56, 0.56, 1, 1, 0.98, 0.98, 0.16199999999999998, 0.16199999999999998, 0.29, 0.29, 0.37, 0.36, 0.11999999999999994, 0.10499999999999993, 1, 0.26, 0.945, 0.66, 0.32, 0.94, 0.95, 0.32, 0.32, 0.63, 0.41, 0.62, 0.42, 0.05, 0.54, 99, 99, 99]
--- num:  29
list:  [0.57, 0.57, 1, 1, 0.97, 0.97, 0.16199999999999998, 0.16199999999999998, 0.27, 0.27, 0.37, 0.36, 0.11999999999999994, 0.10499999999999993, 1, 0.29, 0.895, 0.68, 0.35, 0.89, 0.9, 0.35, 0.35, 0.63, 0.41, 0.62, 0.42, 0.06, 0.53, 99, 99, 99]
--- num:  29
list:  [0.58, 0.58, 1, 1, 0.96, 0.96, 0.16199999999999998, 0.16199999999999998, 0.25, 0.25, 0.36, 0.36, 0.13499999999999995, 0.11999999999999994, 1, 0.34, 0.84, 0.72, 0.38, 0.83, 0.85, 0.38, 0.38, 0.64, 0.41, 0.63, 0.41, 0.08, 0.52, 99, 99, 99]
--- num:  29
list:  [0.58, 0.58, 1, 1, 0.96, 0.96, 0.16199999999999998, 0.16199999999999998, 0.23, 0.23, 0.34, 0.38, 0.13499999999999995, 0.13499999999999995, 0.75, 0.38, 0.815, 0.75, 0.39, 0.81, 0.82, 0.39, 0.39, 0.64, 0.41, 0.64, 0.41, 0.1, 0.52, 99, 99, 99]
--- num:  29
list:  [0.59, 0.59, 1, 1, 0.95, 0.95, 0.16199999999999998, 0.16199999999999998, 0.21, 0.21, 0.33, 0.39, 0.13499999999999995, 0.13499999999999995, 0.75, 0.39, 0.81, 0.75, 0.39, 0.8, 0.82, 0.39, 0.39, 0.64, 0.41, 0.64, 0.41, 0.1, 0.51, 99, 99, 99]
--- num:  29
list:  [0.59, 0.59, 1, 1, 0.95, 0.95, 0.1965393978357315, 0.19638646721839903, 0.19, 0.19, 0.32, 0.41, 0.14999999999999997, 0.13499999999999995, 0.75, 0.4, 0.8, 0.76, 0.38, 0.79, 0.81, 0.38, 0.38, 0.65, 0.41, 0.64, 0.41, 0.11, 0.5, 99, 99, 99]
--- num:  29
list:  [0.6, 0.6, 1, 1, 0.94, 0.94, 0.22156212806701658, 0.22137116968631743, 0.17, 0.17, 0.3, 0.43, 0.14999999999999997, 0.13499999999999995, 0.75, 0.4, 0.79, 0.76, 0.38, 0.78, 0.8, 0.38, 0.38, 0.65, 0.41, 0.64, 0.41, 0.12, 0.49, 99, 99, 99]
--- num:  29
list:  [0.61, 0.61, 1, 1, 0.94, 0.94, 0.24801505684852598, 0.24778158545494078, 0.16, 0.16, 0.3, 0.43, 0.14999999999999997, 0.13499999999999995, 0.75, 0.4, 0.78, 0.76, 0.38, 0.77, 0.79, 0.38, 0.38, 0.65, 0.41, 0.64, 0.41, 0.12, 0.49, 99, 99, 99]
--- num:  29
list:  [0.61, 0.61, 1, 1, 0.94, 0.94, 0.329860280752182, 0.3298236536979675, 0.15, 0.15, 0.3, 0.43, 0.14999999999999997, 0.13499999999999995, 0.75, 0.44, 0.75, 0.79, 0.39, 0.74, 0.76, 0.39, 0.39, 0.65, 0.41, 0.64, 0.41, 0.12, 0.48, 99, 99, 99]
--- num:  29
list:  [0.61, 0.61, 1, 1, 0.94, 0.94, 0.41795543909072874, 0.4180788803100586, 0.22, 0.22, 0.54, 0.19, 0.13499999999999995, 0.13499999999999995, 0.75, 0.44, 0.825, 0.79, 0.36, 0.81, 0.84, 0.36, 0.36, 0.64, 0.41, 0.64, 0.41, 0.12, 0.49, 99, 99, 99]
--- num:  29
list:  [0.6, 0.6, 1, 1, 0.94, 0.94, 0.20317543625831602, 0.205504994392395, 0.3, 0.3, 0.56, 0.17, 0.13499999999999995, 0.11999999999999994, 1, 0.4, 0.87, 0.76, 0.36, 0.86, 0.88, 0.36, 0.36, 0.64, 0.41, 0.63, 0.41, 0.12, 0.52, 99, 99, 99]
--- num:  29
list:  [0.61, 0.61, 1, 1, 0.94, 0.94, 0.16199999999999998, 0.18225805044174193, 0.3, 0.3, 0.47, 0.26, 0.13499999999999995, 0.13499999999999995, 1, 0.39, 0.88, 0.75, 0.36, 0.87, 0.89, 0.36, 0.36, 0.64, 0.41, 0.64, 0.41, 0.12, 0.55, 99, 99, 99]
--- num:  29
list:  [0.61, 0.61, 1, 1, 0.94, 0.94, 0.16199999999999998, 0.16199999999999998, 0.31, 0.31, 0.44, 0.29, 0.13499999999999995, 0.11999999999999994, 1, 0.39, 0.88, 0.75, 0.36, 0.87, 0.89, 0.36, 0.36, 0.64, 0.41, 0.63, 0.41, 0.12, 0.58, 99, 99, 99]
--- num:  29
list:  [0.61, 0.61, 1, 1, 0.94, 0.94, 0.16199999999999998, 0.16199999999999998, 0.31, 0.31, 0.45, 0.28, 0.13499999999999995, 0.11999999999999994, 1, 0.38, 0.885, 0.75, 0.36, 0.87, 0.9, 0.36, 0.36, 0.64, 0.41, 0.63, 0.41, 0.12, 0.61, 99, 99, 99]
--- num:  29
list:  [0.61, 0.61, 1, 1, 0.94, 0.94, 0.16199999999999998, 0.16199999999999998, 0.3, 0.3, 0.43, 0.3, 0.11999999999999994, 0.11999999999999994, 1, 0.38, 0.885, 0.75, 0.37, 0.87, 0.9, 0.37, 0.37, 0.63, 0.41, 0.63, 0.42, 0.13, 0.63, 99, 99, 99]
--- num:  29
list:  [0.61, 0.61, 1, 1, 0.94, 0.94, 0.16199999999999998, 0.16199999999999998, 0.32, 0.32, 0.47, 0.26, 0.11999999999999994, 0.11999999999999994, 1, 0.38, 0.885, 0.75, 0.36, 0.87, 0.9, 0.36, 0.36, 0.63, 0.41, 0.63, 0.42, 0.13, 0.64, 99, 99, 99]
--- num:  29
list:  [0.61, 0.61, 1, 1, 0.94, 0.94, 0.16199999999999998, 0.16199999999999998, 0.33, 0.33, 0.54, 0.19, 0.10499999999999993, 0.10499999999999993, 1, 0.38, 0.9, 0.74, 0.35, 0.89, 0.91, 0.35, 0.35, 0.62, 0.42, 0.62, 0.42, 0.13, 0.64, 99, 99, 99]
--- num:  29
list:  [0.6, 0.6, 1, 1, 0.94, 0.94, 0.270770411491394, 0.2718868362903595, 0.28, 0.28, 0.44, 0.29, 0.10499999999999993, 0.10499999999999993, 1, 0.38, 0.895, 0.75, 0.35, 0.88, 0.91, 0.35, 0.35, 0.62, 0.42, 0.62, 0.42, 0.13, 0.65, 99, 99, 99]
--- num:  29
list:  [0.61, 0.61, 1, 1, 0.94, 0.94, 0.8991423058509826, 0.899439435005188, 0.3, 0.3, 0.28, 0.45, 0.0749999999999999, 0.10499999999999993, 1, 0.39, 0.875, 0.75, 0.34, 0.86, 0.89, 0.34, 0.34, 0.6, 0.43, 0.62, 0.42, 0.11, 0.66, 99, 99, 99]
--- num:  29
list:  [0.6, 0.6, 1, 1, 0.94, 0.94, 0.455037544965744, 0.4539726185798645, 0.14, 0.14, 0.14, 0.59, 0.08999999999999991, 0.11999999999999994, 1, 0.38, 0.87, 0.74, 0.35, 0.86, 0.88, 0.35, 0.35, 0.61, 0.43, 0.63, 0.42, 0.1, 0.67, 99, 99, 99]
--- num:  29
list:  [0.58, 0.58, 1, 1, 0.96, 0.96, 0.16199999999999998, 0.16199999999999998, 0.23, 0.23, 0.25, 0.47, 0.08999999999999991, 0.10499999999999993, 1, 0.31, 0.915, 0.69, 0.32, 0.91, 0.92, 0.32, 0.32, 0.61, 0.42, 0.62, 0.42, 0.07, 0.59, 99, 99, 99]
--- num:  29
list:  [0.58, 0.58, 1, 1, 0.96, 0.96, 0.16199999999999998, 0.16199999999999998, 0.24, 0.24, 0.3, 0.42, 0.13499999999999995, 0.10499999999999993, 1, 0.3, 0.92, 0.69, 0.33, 0.92, 0.92, 0.33, 0.33, 0.64, 0.41, 0.62, 0.42, 0.07, 0.54, 99, 99, 99]
--- num:  29
list:  [0.57, 0.57, 1, 1, 0.97, 0.97, 0.16199999999999998, 0.16199999999999998, 0.25, 0.25, 0.32, 0.4, 0.13499999999999995, 0.11999999999999994, 1, 0.3, 0.92, 0.68, 0.32, 0.92, 0.92, 0.32, 0.32, 0.64, 0.41, 0.63, 0.42, 0.06, 0.52, 99, 99, 99]
--- num:  29
list:  [0.57, 0.57, 1, 1, 0.97, 0.97, 0.16199999999999998, 0.16199999999999998, 0.24, 0.24, 0.34, 0.39, 0.13499999999999995, 0.11999999999999994, 1, 0.28, 0.925, 0.67, 0.31, 0.92, 0.93, 0.31, 0.31, 0.64, 0.41, 0.63, 0.41, 0.05, 0.51, 99, 99, 99]
--- num:  29
list:  [0.56, 0.56, 1, 1, 0.98, 0.98, 0.16199999999999998, 0.16199999999999998, 0.25, 0.25, 0.36, 0.37, 0.13499999999999995, 0.11999999999999994, 1, 0.26, 0.94, 0.66, 0.29, 0.94, 0.94, 0.29, 0.29, 0.64, 0.41, 0.63, 0.41, 0.04, 0.5, 99, 99, 99]
--- num:  29
list:  [0.56, 0.56, 1, 1, 0.98, 0.98, 0.16199999999999998, 0.16199999999999998, 0.25, 0.25, 0.36, 0.36, 0.13499999999999995, 0.11999999999999994, 1, 0.25, 0.95, 0.65, 0.28, 0.95, 0.95, 0.28, 0.28, 0.64, 0.41, 0.63, 0.41, 0.03, 0.5, 99, 99, 99]
--- num:  29
list:  [0.52, 0.52, 0.98, 0.98, 1, 1, 0.16199999999999998, 0.16199999999999998, 0.25, 0.25, 0.38, 0.35, 0.11999999999999994, 0.11999999999999994, 1, 0.24, 0.96, 0.64, 0.27, 0.96, 0.96, 0.27, 0.27, 0.63, 0.41, 0.63, 0.41, 0.03, 0.51, 99, 99, 99]
--- num:  29
list:  [0.52, 0.52, 0.99, 0.99, 1, 1, 0.16199999999999998, 0.16199999999999998, 0.27, 0.27, 0.39, 0.34, 0.11999999999999994, 0.11999999999999994, 1, 0.24, 0.97, 0.64, 0.27, 0.97, 0.97, 0.27, 0.27, 0.63, 0.41, 0.63, 0.42, 0.02, 0.51, 99, 99, 99]
--- num:  29
list:  [0.53, 0.53, 0.99, 0.99, 1, 1, 0.16199999999999998, 0.16199999999999998, 0.29, 0.29, 0.39, 0.34, 0.11999999999999994, 0.10499999999999993, 1, 0.23, 0.98, 0.63, 0.26, 0.98, 0.98, 0.26, 0.26, 0.63, 0.42, 0.62, 0.42, 0.02, 0.52, 99, 99, 99]
--- num:  29
list:  [0.5, 0.5, 0.94, 0.94, 1, 1, 0.43496666431427, 0.4338639485836029, 0.17, 0.17, 0.39, 0.34, 0.13499999999999995, 0.13499999999999995, 1, 0.23, 0.97, 0.64, 0.3, 0.97, 0.97, 0.3, 0.3, 0.64, 0.41, 0.64, 0.41, 0.02, 0.51, 99, 99, 99]
--- num:  29
list:  [0.49, 0.49, 0.9, 0.9, 1, 1, 0.16199999999999998, 0.16199999999999998, 0.29, 0.29, 0.41, 0.31, 0.14999999999999997, 0.14999999999999997, 1, 0.23, 0.97, 0.64, 0.27, 0.97, 0.97, 0.27, 0.27, 0.65, 0.41, 0.65, 0.41, 0.02, 0.51, 99, 99, 99]
--- num:  29
list:  [0.5, 0.5, 0.94, 0.94, 1, 1, 0.16199999999999998, 0.16199999999999998, 0.33, 0.33, 0.4, 0.32, 0.13499999999999995, 0.13499999999999995, 1, 0.23, 0.98, 0.64, 0.27, 0.98, 0.98, 0.27, 0.27, 0.64, 0.41, 0.64, 0.41, 0.02, 0.5, 99, 99, 99]
--- num:  29
list:  [0.51, 0.51, 0.94, 0.94, 1, 1, 0.16199999999999998, 0.16199999999999998, 0.35, 0.35, 0.39, 0.33, 0.13499999999999995, 0.13499999999999995, 1, 0.23, 0.98, 0.63, 0.27, 0.98, 0.98, 0.27, 0.27, 0.64, 0.41, 0.64, 0.41, 0.02, 0.49, 99, 99, 99]
--- num:  29
list:  [0.51, 0.51, 0.94, 0.94, 1, 1, 0.16199999999999998, 0.16199999999999998, 0.35, 0.35, 0.36, 0.36, 0.13499999999999995, 0.11999999999999994, 1, 0.23, 0.98, 0.63, 0.27, 0.98, 0.98, 0.27, 0.27, 0.64, 0.41, 0.63, 0.41, 0.02, 0.49, 99, 99, 99]
--- num:  29
list:  [0.48, 0.48, 0.88, 0.88, 1, 1, 0.5437332797050476, 0.5431445646286011, 0.19, 0.19, 0.44, 0.29, 0.13499999999999995, 0.13499999999999995, 1, 0.26, 0.955, 0.66, 0.31, 0.95, 0.96, 0.31, 0.31, 0.64, 0.41, 0.64, 0.41, 0.03, 0.5, 99, 99, 99]
--- num:  29
list:  [0.56, 0.56, 1, 1, 0.98, 0.98, 0.16199999999999998, 0.16199999999999998, 0.34, 0.34, 0.73, 0.01, 0.13499999999999995, 0.10499999999999993, 1, 0.26, 0.97, 0.65, 0.28, 0.97, 0.97, 0.28, 0.28, 0.64, 0.41, 0.62, 0.42, 0.03, 0.59, 99, 99, 99]
--- num:  29
list:  [0.5, 0.5, 0.92, 0.92, 1, 1, 0.16199999999999998, 0.16199999999999998, 0.36, 0.36, 0.72, 0.02, 0.13499999999999995, 0.08999999999999991, 1, 0.24, 0.98, 0.64, 0.27, 0.98, 0.98, 0.27, 0.27, 0.64, 0.41, 0.61, 0.42, 0.03, 0.62, 99, 99, 99]
--- num:  29
list:  [0.5, 0.5, 0.92, 0.92, 1, 1, 0.16199999999999998, 0.16199999999999998, 0.37, 0.37, 0.7, 0.04, 0.11999999999999994, 0.08999999999999991, 1, 0.24, 0.98, 0.64, 0.27, 0.98, 0.98, 0.27, 0.27, 0.63, 0.41, 0.61, 0.42, 0.03, 0.63, 99, 99, 99]
--- num:  29
list:  [0.5, 0.5, 0.94, 0.94, 1, 1, 0.16199999999999998, 0.16199999999999998, 0.33, 0.33, 0.73, 0.01, 0.11999999999999994, 0.08999999999999991, 1, 0.24, 0.98, 0.64, 0.27, 0.98, 0.98, 0.27, 0.27, 0.63, 0.42, 0.61, 0.43, 0.03, 0.64, 99, 99, 99]
--- num:  29
list:  [0.51, 0.51, 0.95, 0.95, 1, 1, 0.16199999999999998, 0.16199999999999998, 0.33, 0.33, 0.73, 0.01, 0.11999999999999994, 0.08999999999999991, 1, 0.24, 0.98, 0.64, 0.27, 0.98, 0.98, 0.27, 0.27, 0.63, 0.41, 0.61, 0.43, 0.03, 0.64, 99, 99, 99]
--- num:  29
list:  [0.51, 0.51, 0.95, 0.95, 1, 1, 0.16199999999999998, 0.16199999999999998, 0.33, 0.33, 0.71, 0.03, 0.11999999999999994, 0.08999999999999991, 1, 0.24, 0.98, 0.64, 0.27, 0.98, 0.98, 0.27, 0.27, 0.63, 0.41, 0.61, 0.43, 0.03, 0.64, 99, 99, 99]
--- num:  29
list:  [0.51, 0.51, 0.95, 0.95, 1, 1, 0.16199999999999998, 0.16199999999999998, 0.33, 0.33, 0.71, 0.03, 0.11999999999999994, 0.08999999999999991, 1, 0.24, 0.98, 0.64, 0.27, 0.98, 0.98, 0.27, 0.27, 0.63, 0.41, 0.61, 0.43, 0.03, 0.65, 99, 99, 99]
--- num:  29
list:  [0.51, 0.51, 0.95, 0.95, 1, 1, 0.16199999999999998, 0.16199999999999998, 0.35, 0.35, 0.69, 0.05, 0.11999999999999994, 0.0749999999999999, 1, 0.24, 0.98, 0.64, 0.27, 0.98, 0.98, 0.27, 0.27, 0.63, 0.42, 0.6, 0.43, 0.03, 0.66, 99, 99, 99]
--- num:  29
list:  [0.51, 0.51, 0.94, 0.94, 1, 1, 0.16199999999999998, 0.16199999999999998, 0.37, 0.37, 0.69, 0.05, 0.11999999999999994, 0.0749999999999999, 1, 0.24, 0.98, 0.64, 0.27, 0.98, 0.98, 0.27, 0.27, 0.63, 0.42, 0.6, 0.43, 0.03, 0.65, 99, 99, 99]
--- num:  29
list:  [0.51, 0.51, 0.95, 0.95, 1, 1, 0.16199999999999998, 0.16199999999999998, 0.45, 0.45, 0.7, 0.04, 0.08999999999999991, 0.05999999999999989, 1, 0.24, 0.98, 0.64, 0.27, 0.98, 0.98, 0.27, 0.27, 0.61, 0.42, 0.59, 0.43, 0.03, 0.65, 99, 99, 99]
--- num:  29
list:  [0.56, 0.56, 1, 1, 0.98, 0.98, 0.16199999999999998, 0.16199999999999998, 0.51, 0.51, 0.58, 0.15, 0.05999999999999989, 0.04499999999999987, 1, 0.25, 0.98, 0.65, 0.28, 0.98, 0.98, 0.28, 0.28, 0.59, 0.43, 0.58, 0.44, 0.04, 0.65, 99, 99, 99]
--- num:  29
list:  [0.56, 0.56, 1, 1, 0.97, 0.97, 0.16199999999999998, 0.16199999999999998, 0.51, 0.51, 0.58, 0.15, 0.05999999999999989, 0.04499999999999987, 1, 0.26, 0.98, 0.66, 0.29, 0.98, 0.98, 0.29, 0.29, 0.59, 0.43, 0.58, 0.44, 0.05, 0.65, 99, 99, 99]
--- num:  29
list:  [0.56, 0.56, 1, 1, 0.97, 0.97, 0.16199999999999998, 0.16199999999999998, 0.51, 0.51, 0.58, 0.15, 0.05999999999999989, 0.04499999999999987, 1, 0.27, 0.98, 0.66, 0.29, 0.98, 0.98, 0.29, 0.29, 0.59, 0.43, 0.58, 0.44, 0.05, 0.65, 99, 99, 99]
--- num:  29
list:  [0.57, 0.57, 1, 1, 0.97, 0.97, 0.16199999999999998, 0.16199999999999998, 0.5, 0.5, 0.58, 0.15, 0.05999999999999989, 0.02999999999999986, 1, 0.27, 0.98, 0.66, 0.29, 0.98, 0.98, 0.29, 0.29, 0.59, 0.43, 0.57, 0.44, 0.05, 0.65, 99, 99, 99]
--- num:  29
list:  [0.57, 0.57, 1, 1, 0.97, 0.97, 0.16199999999999998, 0.16199999999999998, 0.5, 0.5, 0.58, 0.15, 0.05999999999999989, 0.04499999999999987, 1, 0.27, 0.98, 0.67, 0.3, 0.98, 0.98, 0.3, 0.3, 0.59, 0.43, 0.58, 0.44, 0.06, 0.65, 99, 99, 99]
--- num:  29
list:  [0.57, 0.57, 1, 1, 0.97, 0.97, 0.16199999999999998, 0.16199999999999998, 0.52, 0.52, 0.5, 0.23, 0.05999999999999989, 0.04499999999999987, 1, 0.28, 0.975, 0.67, 0.3, 0.97, 0.98, 0.3, 0.3, 0.59, 0.43, 0.58, 0.44, 0.06, 0.64, 99, 99, 99]
--- num:  29
list:  [0.57, 0.57, 1, 1, 0.97, 0.97, 0.29515482068061827, 0.29293246150016783, 0.3, 0.3, 0.31, 0.42, 0.0749999999999999, 0.08999999999999991, 1, 0.28, 0.97, 0.67, 0.31, 0.97, 0.97, 0.31, 0.31, 0.6, 0.43, 0.61, 0.42, 0.06, 0.64, 99, 99, 99]
--- num:  29
list:  [0.56, 0.56, 1, 1, 0.98, 0.98, 0.16199999999999998, 0.16199999999999998, 0.31, 0.31, 0.25, 0.47, 0.08999999999999991, 0.10499999999999993, 1, 0.26, 0.965, 0.66, 0.29, 0.96, 0.97, 0.29, 0.29, 0.61, 0.42, 0.62, 0.42, 0.05, 0.63, 99, 99, 99]
--- num:  29
list:  [0.51, 0.51, 0.97, 0.97, 1, 1, 0.16199999999999998, 0.16199999999999998, 0.33, 0.33, 0.27, 0.45, 0.10499999999999993, 0.10499999999999993, 1, 0.25, 0.97, 0.65, 0.28, 0.97, 0.97, 0.28, 0.28, 0.62, 0.42, 0.62, 0.42, 0.04, 0.6, 99, 99, 99]
--- num:  29
list:  [0.52, 0.52, 0.98, 0.98, 1, 1, 0.16199999999999998, 0.16199999999999998, 0.34, 0.34, 0.3, 0.42, 0.10499999999999993, 0.10499999999999993, 1, 0.24, 0.98, 0.64, 0.27, 0.98, 0.98, 0.27, 0.27, 0.62, 0.42, 0.62, 0.42, 0.03, 0.56, 99, 99, 99]
--- num:  29
list:  [0.52, 0.52, 0.98, 0.98, 1, 1, 0.16199999999999998, 0.16199999999999998, 0.34, 0.34, 0.31, 0.41, 0.10499999999999993, 0.10499999999999993, 1, 0.23, 0.98, 0.64, 0.27, 0.98, 0.98, 0.27, 0.27, 0.62, 0.42, 0.62, 0.42, 0.03, 0.55, 99, 99, 99]
--- num:  29
list:  [0.52, 0.52, 0.98, 0.98, 1, 1, 0.16199999999999998, 0.16199999999999998, 0.36, 0.36, 0.17, 0.55, 0.10499999999999993, 0.10499999999999993, 1, 0.23, 0.98, 0.64, 0.27, 0.98, 0.98, 0.27, 0.27, 0.62, 0.42, 0.62, 0.42, 0.03, 0.53, 99, 99, 99]
--- num:  29
list:  [0.51, 0.51, 0.95, 0.95, 1, 1, 0.16199999999999998, 0.16199999999999998, 0.4, 0.4, 0.01, 0.72, 0.11999999999999994, 0.11999999999999994, 1, 0.23, 0.98, 0.64, 0.28, 0.98, 0.98, 0.28, 0.28, 0.63, 0.41, 0.63, 0.41, 0.02, 0.55, 99, 99, 99]
--- num:  29
list:  [0.51, 0.51, 0.95, 0.95, 1, 1, 0.16199999999999998, 0.16199999999999998, 0.4, 0.4, 0.03, 0.71, 0.11999999999999994, 0.11999999999999994, 1, 0.23, 0.98, 0.64, 0.28, 0.98, 0.98, 0.28, 0.28, 0.63, 0.41, 0.63, 0.41, 0.02, 0.54, 99, 99, 99]
--- num:  29
list:  [0.57, 0.57, 1, 1, 0.97, 0.97, 0.16199999999999998, 0.16199999999999998, 0.41, 0.41, 0.04, 0.7, 0.11999999999999994, 0.11999999999999994, 1, 0.24, 0.97, 0.64, 0.3, 0.97, 0.97, 0.3, 0.3, 0.63, 0.41, 0.63, 0.41, 0.03, 0.53, 99, 99, 99]
--- num:  29
list:  [0.57, 0.57, 1, 1, 0.97, 0.97, 0.16199999999999998, 0.16199999999999998, 0.41, 0.41, 0.06, 0.67, 0.11999999999999994, 0.11999999999999994, 1, 0.26, 0.97, 0.65, 0.31, 0.97, 0.97, 0.31, 0.31, 0.63, 0.41, 0.63, 0.42, 0.04, 0.5, 99, 99, 99]
--- num:  29
list:  [0.58, 0.58, 1, 1, 0.96, 0.96, 0.16199999999999998, 0.16199999999999998, 0.41, 0.41, -0.03, 0.78, 0.11999999999999994, 0.11999999999999994, 1, 0.27, 0.96, 0.66, 0.33, 0.96, 0.96, 0.33, 0.33, 0.63, 0.41, 0.63, 0.42, 0.04, 0.48, 99, 99, 99]
--- num:  29
list:  [0.58, 0.58, 1, 1, 0.96, 0.96, 0.16199999999999998, 0.16199999999999998, 0.4, 0.4, -0.04, 0.78, 0.13499999999999995, 0.11999999999999994, 1, 0.28, 0.95, 0.68, 0.34, 0.95, 0.95, 0.34, 0.34, 0.64, 0.41, 0.63, 0.42, 0.05, 0.48, 99, 99, 99]
--- num:  29
list:  [0.59, 0.59, 1, 1, 0.96, 0.96, 0.16199999999999998, 0.16199999999999998, 0.4, 0.4, -0.03, 0.78, 0.13499999999999995, 0.11999999999999994, 1, 0.29, 0.95, 0.68, 0.34, 0.95, 0.95, 0.34, 0.34, 0.64, 0.41, 0.63, 0.42, 0.05, 0.47, 99, 99, 99]
--- num:  29
list:  [0.59, 0.59, 1, 1, 0.95, 0.95, 0.16199999999999998, 0.16199999999999998, 0.4, 0.4, -0.05, 0.79, 0.11999999999999994, 0.11999999999999994, 1, 0.29, 0.95, 0.68, 0.34, 0.95, 0.95, 0.34, 0.34, 0.63, 0.41, 0.63, 0.42, 0.05, 0.47, 99, 99, 99]
--- num:  29
list:  [0.59, 0.59, 1, 1, 0.96, 0.96, 0.16199999999999998, 0.16199999999999998, 0.41, 0.41, -0.01, 0.75, 0.13499999999999995, 0.11999999999999994, 1, 0.29, 0.95, 0.68, 0.35, 0.95, 0.95, 0.35, 0.35, 0.64, 0.41, 0.63, 0.42, 0.05, 0.47, 99, 99, 99]
--- num:  29
list:  [0.59, 0.59, 1, 1, 0.96, 0.96, 0.16199999999999998, 0.16199999999999998, 0.42, 0.42, -0.03, 0.77, 0.13499999999999995, 0.11999999999999994, 1, 0.29, 0.95, 0.68, 0.32, 0.95, 0.95, 0.32, 0.32, 0.64, 0.41, 0.63, 0.42, 0.05, 0.47, 99, 99, 99]
--- num:  29
list:  [0.57, 0.57, 1, 1, 0.96, 0.96, 0.4376079547405243, 0.43725488662719725, 0.18, 0.18, 0.38, 0.34, 0.13499999999999995, 0.11999999999999994, 1, 0.29, 0.94, 0.68, 0.35, 0.94, 0.94, 0.35, 0.35, 0.64, 0.41, 0.63, 0.41, 0.05, 0.46, 99, 99, 99]
--- num:  29
list:  [0.58, 0.58, 1, 1, 0.96, 0.96, 0.9055962371826172, 0.9055567193031311, 0.2, 0.2, 0.45, 0.27, 0.14999999999999997, 0.13499999999999995, 1, 0.3, 0.92, 0.69, 0.35, 0.92, 0.92, 0.35, 0.35, 0.65, 0.41, 0.64, 0.41, 0.06, 0.45, 99, 99, 99]
--- num:  29
list:  [0.57, 0.57, 1, 1, 0.97, 0.97, 0.2518050479888916, 0.2516066837310791, 0.22, 0.22, 0.46, 0.27, 0.14999999999999997, 0.11999999999999994, 1, 0.26, 0.95, 0.66, 0.3, 0.95, 0.95, 0.3, 0.3, 0.65, 0.41, 0.63, 0.41, 0.04, 0.44, 99, 99, 99]
--- num:  29
list:  [0.56, 0.56, 1, 1, 0.98, 0.98, 0.16199999999999998, 0.16199999999999998, 0.29, 0.29, 0.42, 0.31, 0.13499999999999995, 0.11999999999999994, 1, 0.24, 0.97, 0.64, 0.28, 0.97, 0.97, 0.28, 0.28, 0.64, 0.41, 0.63, 0.42, 0.03, 0.45, 99, 99, 99]
--- num:  29
list:  [0.57, 0.57, 1, 1, 0.96, 0.96, 0.8001292157173157, 0.7966798949241638, 0.17, 0.17, 0.38, 0.35, 0.13499999999999995, 0.13499999999999995, 1, 0.3, 0.925, 0.69, 0.35, 0.92, 0.93, 0.35, 0.35, 0.64, 0.41, 0.64, 0.41, 0.05, 0.45, 99, 99, 99]
--- num:  29
list:  [0.57, 0.57, 1, 1, 0.96, 0.96, 0.16199999999999998, 0.16199999999999998, 0.28, 0.28, 0.05, 0.69, 0.14999999999999997, 0.13499999999999995, 1, 0.29, 0.935, 0.68, 0.32, 0.94, 0.93, 0.32, 0.32, 0.65, 0.41, 0.64, 0.41, 0.05, 0.46, 99, 99, 99]
--- num:  29
list:  [0.57, 0.57, 1, 1, 0.97, 0.97, 0.16199999999999998, 0.16199999999999998, 0.32, 0.32, 0.03, 0.7, 0.14999999999999997, 0.13499999999999995, 1, 0.28, 0.945, 0.67, 0.32, 0.95, 0.94, 0.32, 0.32, 0.65, 0.41, 0.64, 0.41, 0.04, 0.45, 99, 99, 99]
--- num:  29
list:  [0.57, 0.57, 1, 1, 0.97, 0.97, 0.16199999999999998, 0.16199999999999998, 0.34, 0.34, 0.04, 0.7, 0.13499999999999995, 0.13499999999999995, 1, 0.26, 0.955, 0.66, 0.31, 0.96, 0.95, 0.31, 0.31, 0.64, 0.41, 0.64, 0.41, 0.04, 0.46, 99, 99, 99]
--- num:  29
list:  [0.56, 0.56, 1, 1, 0.97, 0.97, 0.16199999999999998, 0.16199999999999998, 0.34, 0.34, 0.03, 0.7, 0.13499999999999995, 0.13499999999999995, 1, 0.26, 0.96, 0.65, 0.31, 0.96, 0.96, 0.31, 0.31, 0.64, 0.41, 0.64, 0.41, 0.03, 0.46, 99, 99, 99]
--- num:  29
list:  [0.56, 0.56, 1, 1, 0.98, 0.98, 0.16199999999999998, 0.16199999999999998, 0.34, 0.34, 0.04, 0.7, 0.14999999999999997, 0.13499999999999995, 1, 0.26, 0.96, 0.65, 0.31, 0.96, 0.96, 0.31, 0.31, 0.65, 0.41, 0.64, 0.41, 0.03, 0.45, 99, 99, 99]
--- num:  29
list:  [0.56, 0.56, 1, 1, 0.98, 0.98, 0.16199999999999998, 0.16199999999999998, 0.34, 0.34, 0.03, 0.7, 0.14999999999999997, 0.13499999999999995, 1, 0.26, 0.955, 0.66, 0.32, 0.96, 0.95, 0.32, 0.32, 0.65, 0.4, 0.64, 0.41, 0.03, 0.45, 99, 99, 99]
--- num:  29
list:  [0.56, 0.56, 1, 1, 0.98, 0.98, 0.16199999999999998, 0.16199999999999998, 0.34, 0.34, 0.04, 0.7, 0.14999999999999997, 0.13499999999999995, 1, 0.25, 0.96, 0.65, 0.3, 0.96, 0.96, 0.3, 0.3, 0.65, 0.4, 0.64, 0.41, 0.03, 0.45, 99, 99, 99]
--- num:  29
list:  [0.56, 0.56, 1, 1, 0.98, 0.98, 0.16199999999999998, 0.16199999999999998, 0.32, 0.32, 0.17, 0.56, 0.14999999999999997, 0.13499999999999995, 1, 0.26, 0.95, 0.66, 0.32, 0.95, 0.95, 0.32, 0.32, 0.65, 0.4, 0.64, 0.41, 0.03, 0.45, 99, 99, 99]
--- num:  29
list:  [0.57, 0.57, 1, 1, 0.97, 0.97, 0.19928825974464415, 0.19887965500354765, 0.28, 0.28, 0.23, 0.5, 0.14999999999999997, 0.13499999999999995, 1, 0.28, 0.94, 0.67, 0.34, 0.94, 0.94, 0.34, 0.34, 0.65, 0.4, 0.64, 0.41, 0.04, 0.44, 99, 99, 99]
--- num:  29
list:  [0.57, 0.57, 1, 1, 0.97, 0.97, 0.1988225984573364, 0.19834343671798704, 0.28, 0.28, 0.23, 0.5, 0.14999999999999997, 0.13499999999999995, 1, 0.28, 0.94, 0.67, 0.34, 0.94, 0.94, 0.34, 0.34, 0.65, 0.41, 0.64, 0.41, 0.04, 0.43, 99, 99, 99]
--- num:  29
list:  [0.57, 0.57, 1, 1, 0.97, 0.97, 0.16199999999999998, 0.16199999999999998, 0.29, 0.29, 0.22, 0.5, 0.14999999999999997, 0.13499999999999995, 1, 0.28, 0.94, 0.67, 0.33, 0.94, 0.94, 0.33, 0.33, 0.65, 0.41, 0.64, 0.41, 0.04, 0.42, 99, 99, 99]
--- num:  29
list:  [0.57, 0.57, 1, 1, 0.97, 0.97, 0.16199999999999998, 0.16199999999999998, 0.29, 0.29, 0.19, 0.53, 0.14999999999999997, 0.13499999999999995, 1, 0.28, 0.935, 0.67, 0.34, 0.93, 0.94, 0.34, 0.34, 0.65, 0.41, 0.64, 0.41, 0.04, 0.42, 99, 99, 99]
--- num:  29
list:  [0.57, 0.57, 1, 1, 0.97, 0.97, 0.9539629626274109, 0.9539683866500854, 0.28, 0.28, 0.44, 0.28, 0.14999999999999997, 0.13499999999999995, 1, 0.28, 0.93, 0.68, 0.31, 0.93, 0.93, 0.31, 0.31, 0.65, 0.41, 0.64, 0.41, 0.04, 0.42, 99, 99, 99]
--- num:  29
list:  [0.56, 0.56, 1, 1, 0.97, 0.97, 0.32929993748664854, 0.3293124544620514, 0.23, 0.23, 0.45, 0.28, 0.13499999999999995, 0.13499999999999995, 1, 0.28, 0.935, 0.67, 0.32, 0.93, 0.94, 0.32, 0.32, 0.64, 0.41, 0.64, 0.41, 0.04, 0.42, 99, 99, 99]
--- num:  29
list:  [0.48, 0.48, 0.89, 0.89, 1, 1, 0.16199999999999998, 0.16199999999999998, 0.32, 0.32, 0.45, 0.27, 0.13499999999999995, 0.13499999999999995, 1, 0.25, 0.96, 0.65, 0.29, 0.96, 0.96, 0.29, 0.29, 0.64, 0.41, 0.64, 0.41, 0.03, 0.42, 99, 99, 99]
--- num:  29
list:  [0.48, 0.48, 0.88, 0.88, 1, 1, 0.16199999999999998, 0.16199999999999998, 0.37, 0.37, 0.44, 0.28, 0.13499999999999995, 0.11999999999999994, 1, 0.24, 0.97, 0.64, 0.28, 0.97, 0.97, 0.28, 0.28, 0.64, 0.41, 0.63, 0.41, 0.03, 0.43, 99, 99, 99]
--- num:  29
list:  [0.48, 0.48, 0.88, 0.88, 1, 1, 0.16199999999999998, 0.16199999999999998, 0.4, 0.4, 0.44, 0.28, 0.13499999999999995, 0.11999999999999994, 1, 0.24, 0.97, 0.64, 0.28, 0.97, 0.97, 0.28, 0.28, 0.64, 0.41, 0.63, 0.41, 0.02, 0.44, 99, 99, 99]
--- num:  29
list:  [0.48, 0.48, 0.88, 0.88, 1, 1, 0.16199999999999998, 0.16199999999999998, 0.4, 0.4, 0.42, 0.3, 0.13499999999999995, 0.11999999999999994, 1, 0.23, 0.97, 0.64, 0.28, 0.97, 0.97, 0.28, 0.28, 0.64, 0.41, 0.63, 0.41, 0.02, 0.45, 99, 99, 99]
--- num:  29
list:  [0.48, 0.48, 0.88, 0.88, 1, 1, 0.16199999999999998, 0.16199999999999998, 0.4, 0.4, 0.41, 0.32, 0.13499999999999995, 0.11999999999999994, 1, 0.23, 0.98, 0.64, 0.28, 0.98, 0.98, 0.28, 0.28, 0.64, 0.41, 0.63, 0.41, 0.02, 0.45, 99, 99, 99]
--- num:  29
list:  [0.48, 0.48, 0.89, 0.89, 1, 1, 0.16199999999999998, 0.16199999999999998, 0.39, 0.39, 0.4, 0.33, 0.13499999999999995, 0.11999999999999994, 1, 0.23, 0.98, 0.64, 0.28, 0.98, 0.98, 0.28, 0.28, 0.64, 0.41, 0.63, 0.41, 0.02, 0.46, 99, 99, 99]
--- num:  29
list:  [0.5, 0.5, 0.92, 0.92, 1, 1, 0.16199999999999998, 0.16199999999999998, 0.38, 0.38, 0.36, 0.36, 0.13499999999999995, 0.11999999999999994, 1, 0.23, 0.98, 0.63, 0.28, 0.98, 0.98, 0.28, 0.28, 0.64, 0.41, 0.63, 0.41, 0.02, 0.46, 99, 99, 99]
--- num:  29
list:  [0.5, 0.5, 0.93, 0.93, 1, 1, 0.16199999999999998, 0.16199999999999998, 0.38, 0.38, 0.34, 0.38, 0.13499999999999995, 0.11999999999999994, 1, 0.23, 0.98, 0.63, 0.27, 0.98, 0.98, 0.27, 0.27, 0.64, 0.41, 0.63, 0.42, 0.02, 0.47, 99, 99, 99]
--- num:  29
list:  [0.51, 0.51, 0.94, 0.94, 1, 1, 0.16199999999999998, 0.16199999999999998, 0.37, 0.37, 0.31, 0.41, 0.11999999999999994, 0.10499999999999993, 1, 0.23, 0.98, 0.63, 0.27, 0.98, 0.98, 0.27, 0.27, 0.63, 0.41, 0.62, 0.42, 0.02, 0.49, 99, 99, 99]
--- num:  29
list:  [0.51, 0.51, 0.96, 0.96, 1, 1, 0.16199999999999998, 0.16199999999999998, 0.37, 0.37, 0.29, 0.43, 0.11999999999999994, 0.10499999999999993, 1, 0.22, 0.98, 0.63, 0.26, 0.98, 0.98, 0.26, 0.26, 0.63, 0.42, 0.62, 0.42, 0.02, 0.52, 99, 99, 99]
--- num:  29
list:  [0.51, 0.51, 0.96, 0.96, 1, 1, 0.16199999999999998, 0.16199999999999998, 0.36, 0.36, 0.3, 0.43, 0.11999999999999994, 0.10499999999999993, 1, 0.22, 0.99, 0.63, 0.26, 0.99, 0.99, 0.26, 0.26, 0.63, 0.42, 0.62, 0.42, 0.02, 0.54, 99, 99, 99]
--- num:  29
list:  [0.5, 0.5, 0.93, 0.93, 1, 1, 0.24869937777519224, 0.24761043071746824, 0.26, 0.26, 0.32, 0.4, 0.13499999999999995, 0.13499999999999995, 1, 0.22, 0.98, 0.63, 0.27, 0.98, 0.98, 0.27, 0.27, 0.64, 0.41, 0.64, 0.41, 0.02, 0.54, 99, 99, 99]
--- num:  29
list:  [0.48, 0.48, 0.88, 0.88, 1, 1, 0.2849361407756805, 0.2836154508590698, 0.24, 0.24, 0.33, 0.4, 0.14999999999999997, 0.14999999999999997, 1, 0.23, 0.97, 0.64, 0.29, 0.97, 0.97, 0.29, 0.29, 0.65, 0.41, 0.65, 0.4, 0.02, 0.54, 99, 99, 99]
--- num:  29
list:  [0.49, 0.49, 0.9, 0.9, 1, 1, 0.16199999999999998, 0.16199999999999998, 0.4, 0.4, 0.32, 0.4, 0.16499999999999998, 0.16499999999999998, 1, 0.23, 0.98, 0.63, 0.27, 0.98, 0.98, 0.27, 0.27, 0.66, 0.4, 0.66, 0.4, 0.02, 0.54, 99, 99, 99]
--- num:  29
list:  [0.49, 0.49, 0.9, 0.9, 1, 1, 0.16199999999999998, 0.16199999999999998, 0.44, 0.44, 0.32, 0.4, 0.14999999999999997, 0.16499999999999998, 1, 0.22, 0.98, 0.63, 0.26, 0.98, 0.98, 0.26, 0.26, 0.65, 0.4, 0.66, 0.4, 0.02, 0.55, 99, 99, 99]
--- num:  29
list:  [0.48, 0.48, 0.89, 0.89, 1, 1, 0.16199999999999998, 0.16199999999999998, 0.44, 0.44, 0.32, 0.4, 0.14999999999999997, 0.14999999999999997, 1, 0.22, 0.98, 0.63, 0.26, 0.98, 0.98, 0.26, 0.26, 0.65, 0.41, 0.65, 0.41, 0.02, 0.54, 99, 99, 99]
--- num:  29
list:  [0.48, 0.48, 0.88, 0.88, 1, 1, 0.16199999999999998, 0.16199999999999998, 0.44, 0.44, 0.31, 0.41, 0.14999999999999997, 0.14999999999999997, 1, 0.22, 0.99, 0.63, 0.26, 0.99, 0.99, 0.26, 0.26, 0.65, 0.4, 0.65, 0.41, 0.02, 0.54, 99, 99, 99]
--- num:  29
list:  [0.45, 0.45, 0.82, 0.82, 1, 1, 0.505241494178772, 0.5011754441261291, 0.27, 0.27, 0.32, 0.4, 0.16499999999999998, 0.16499999999999998, 1, 0.23, 0.97, 0.64, 0.3, 0.97, 0.97, 0.3, 0.3, 0.66, 0.4, 0.66, 0.4, 0.03, 0.54, 99, 99, 99]
--- num:  29
list:  [0.47, 0.47, 0.87, 0.87, 1, 1, 0.16199999999999998, 0.16199999999999998, 0.41, 0.41, 0.33, 0.39, 0.16499999999999998, 0.18, 1, 0.23, 0.97, 0.64, 0.28, 0.97, 0.97, 0.28, 0.28, 0.66, 0.4, 0.67, 0.4, 0.03, 0.54, 99, 99, 99]
--- num:  29
list:  [0.48, 0.48, 0.9, 0.9, 1, 1, 0.16199999999999998, 0.16199999999999998, 0.43, 0.43, 0.34, 0.38, 0.18, 0.18, 1, 0.23, 0.98, 0.63, 0.27, 0.98, 0.98, 0.27, 0.27, 0.67, 0.4, 0.67, 0.4, 0.03, 0.53, 99, 99, 99]
--- num:  29
list:  [0.49, 0.49, 0.9, 0.9, 1, 1, 0.16199999999999998, 0.16199999999999998, 0.43, 0.43, 0.35, 0.37, 0.195, 0.18, 1, 0.23, 0.98, 0.63, 0.27, 0.98, 0.98, 0.27, 0.27, 0.68, 0.39, 0.67, 0.4, 0.03, 0.52, 99, 99, 99]
--- num:  29
list:  [0.48, 0.48, 0.88, 0.88, 1, 1, 0.16199999999999998, 0.16199999999999998, 0.42, 0.42, 0.37, 0.35, 0.195, 0.195, 1, 0.23, 0.98, 0.63, 0.27, 0.98, 0.98, 0.27, 0.27, 0.68, 0.39, 0.68, 0.39, 0.03, 0.52, 99, 99, 99]
--- num:  29
list:  [0.48, 0.48, 0.88, 0.88, 1, 1, 0.16199999999999998, 0.16199999999999998, 0.42, 0.42, 0.39, 0.34, 0.195, 0.195, 1, 0.22, 0.98, 0.63, 0.27, 0.98, 0.98, 0.27, 0.27, 0.68, 0.39, 0.68, 0.39, 0.02, 0.51, 99, 99, 99]
--- num:  29
list:  [0.48, 0.48, 0.87, 0.87, 1, 1, 0.16199999999999998, 0.16199999999999998, 0.41, 0.41, 0.41, 0.32, 0.195, 0.18, 1, 0.22, 0.98, 0.63, 0.27, 0.98, 0.98, 0.27, 0.27, 0.68, 0.39, 0.67, 0.4, 0.02, 0.5, 99, 99, 99]
--- num:  29
list:  [0.48, 0.48, 0.87, 0.87, 1, 1, 0.16199999999999998, 0.16199999999999998, 0.41, 0.41, 0.42, 0.3, 0.195, 0.18, 1, 0.22, 0.99, 0.63, 0.27, 0.99, 0.99, 0.27, 0.27, 0.68, 0.39, 0.67, 0.4, 0.02, 0.5, 99, 99, 99]
--- num:  29
list:  [0.46, 0.46, 0.84, 0.84, 1, 1, 0.16199999999999998, 0.16199999999999998, 0.46, 0.46, 0.3, 0.42, 0.195, 0.18, 1, 0.22, 0.99, 0.63, 0.27, 0.99, 0.99, 0.27, 0.27, 0.68, 0.39, 0.67, 0.4, 0.02, 0.5, 99, 99, 99]
--- num:  29
list:  [0.46, 0.46, 0.84, 0.84, 1, 1, 0.16199999999999998, 0.16199999999999998, 0.46, 0.46, 0.3, 0.43, 0.195, 0.18, 1, 0.22, 0.99, 0.63, 0.26, 0.99, 0.99, 0.26, 0.26, 0.68, 0.39, 0.67, 0.4, 0.02, 0.51, 99, 99, 99]
--- num:  29
list:  [0.47, 0.47, 0.86, 0.86, 1, 1, 0.201695140004158, 0.20088800370693205, 0.32, 0.32, 0.34, 0.38, 0.195, 0.16499999999999998, 1, 0.22, 0.99, 0.63, 0.27, 0.99, 0.99, 0.27, 0.27, 0.68, 0.39, 0.66, 0.4, 0.02, 0.51, 99, 99, 99]
--- num:  29
list:  [0.47, 0.47, 0.86, 0.86, 1, 1, 0.16199999999999998, 0.16199999999999998, 0.38, 0.38, 0.28, 0.44, 0.16499999999999998, 0.16499999999999998, 1, 0.22, 0.98, 0.63, 0.27, 0.98, 0.98, 0.27, 0.27, 0.66, 0.4, 0.66, 0.4, 0.02, 0.5, 99, 99, 99]
--- num:  29
list:  [0.48, 0.48, 0.88, 0.88, 1, 1, 0.16199999999999998, 0.16199999999999998, 0.4, 0.4, 0.25, 0.47, 0.16499999999999998, 0.14999999999999997, 1, 0.22, 0.98, 0.63, 0.27, 0.98, 0.98, 0.27, 0.27, 0.66, 0.4, 0.65, 0.4, 0.02, 0.5, 99, 99, 99]
--- num:  29
list:  [0.49, 0.49, 0.91, 0.91, 1, 1, 0.16199999999999998, 0.16199999999999998, 0.4, 0.4, 0.25, 0.47, 0.16499999999999998, 0.14999999999999997, 1, 0.22, 0.99, 0.63, 0.26, 0.99, 0.99, 0.26, 0.26, 0.66, 0.4, 0.65, 0.4, 0.02, 0.52, 99, 99, 99]
--- num:  29
list:  [0.5, 0.5, 0.92, 0.92, 1, 1, 0.16199999999999998, 0.16199999999999998, 0.4, 0.4, 0.25, 0.48, 0.14999999999999997, 0.14999999999999997, 1, 0.22, 0.99, 0.63, 0.26, 0.99, 0.99, 0.26, 0.26, 0.65, 0.41, 0.65, 0.41, 0.02, 0.54, 99, 99, 99]
--- num:  29
list:  [0.5, 0.5, 0.93, 0.93, 1, 1, 0.16199999999999998, 0.16199999999999998, 0.4, 0.4, 0.24, 0.48, 0.14999999999999997, 0.13499999999999995, 1, 0.22, 0.99, 0.63, 0.25, 0.99, 0.99, 0.25, 0.25, 0.65, 0.41, 0.64, 0.41, 0.02, 0.56, 99, 99, 99]
--- num:  29
list:  [0.51, 0.51, 0.94, 0.94, 1, 1, 0.16199999999999998, 0.16199999999999998, 0.38, 0.38, 0.25, 0.48, 0.13499999999999995, 0.11999999999999994, 1, 0.22, 0.99, 0.62, 0.25, 0.99, 0.99, 0.25, 0.25, 0.64, 0.41, 0.63, 0.41, 0.01, 0.58, 99, 99, 99]
--- num:  29
list:  [0.51, 0.51, 0.96, 0.96, 1, 1, 0.16199999999999998, 0.16199999999999998, 0.36, 0.36, 0.25, 0.48, 0.13499999999999995, 0.11999999999999994, 1, 0.21, 0.99, 0.62, 0.25, 0.99, 0.99, 0.25, 0.25, 0.64, 0.41, 0.63, 0.42, 0.01, 0.59, 99, 99, 99]
--- num:  29
list:  [0.49, 0.49, 0.91, 0.91, 1, 1, 0.6081920671463013, 0.6047133016586304, 0.14, 0.14, 0.33, 0.4, 0.16499999999999998, 0.14999999999999997, 1, 0.22, 0.99, 0.62, 0.26, 0.99, 0.99, 0.26, 0.26, 0.66, 0.4, 0.65, 0.41, 0.01, 0.59, 99, 99, 99]
--- num:  29
list:  [0.5, 0.5, 0.92, 0.92, 1, 1, 0.16199999999999998, 0.16199999999999998, 0.29, 0.29, 0.32, 0.41, 0.16499999999999998, 0.14999999999999997, 1, 0.22, 0.99, 0.63, 0.26, 0.99, 0.99, 0.26, 0.26, 0.66, 0.4, 0.65, 0.41, 0.02, 0.59, 99, 99, 99]
--- num:  29
list:  [0.51, 0.51, 0.94, 0.94, 1, 1, 0.16199999999999998, 0.16199999999999998, 0.31, 0.31, 0.31, 0.41, 0.14999999999999997, 0.13499999999999995, 1, 0.22, 0.99, 0.63, 0.25, 0.99, 0.99, 0.25, 0.25, 0.65, 0.4, 0.64, 0.41, 0.01, 0.6, 99, 99, 99]
--- num:  29
list:  [0.51, 0.51, 0.95, 0.95, 1, 1, 0.16199999999999998, 0.16199999999999998, 0.31, 0.31, 0.31, 0.41, 0.14999999999999997, 0.13499999999999995, 1, 0.22, 0.99, 0.62, 0.25, 0.99, 0.99, 0.25, 0.25, 0.65, 0.4, 0.64, 0.41, 0.01, 0.61, 99, 99, 99]
--- num:  29
list:  [0.51, 0.51, 0.96, 0.96, 1, 1, 0.16199999999999998, 0.16199999999999998, 0.31, 0.31, 0.32, 0.41, 0.14999999999999997, 0.13499999999999995, 1, 0.22, 0.99, 0.62, 0.25, 0.99, 0.99, 0.25, 0.25, 0.65, 0.4, 0.64, 0.41, 0.01, 0.61, 99, 99, 99]
--- num:  29
list:  [0.52, 0.52, 0.97, 0.97, 1, 1, 0.16199999999999998, 0.16199999999999998, 0.32, 0.32, 0.32, 0.41, 0.14999999999999997, 0.13499999999999995, 1, 0.22, 0.99, 0.62, 0.25, 0.99, 0.99, 0.25, 0.25, 0.65, 0.4, 0.64, 0.41, 0.01, 0.62, 99, 99, 99]
--- num:  29
list:  [0.49, 0.49, 0.9, 0.9, 1, 1, 0.2166754114627838, 0.21561590909957884, 0.24, 0.24, 0.33, 0.4, 0.16499999999999998, 0.14999999999999997, 1, 0.22, 0.98, 0.63, 0.26, 0.98, 0.98, 0.26, 0.26, 0.66, 0.4, 0.65, 0.41, 0.02, 0.61, 99, 99, 99]
--- num:  29
list:  [0.5, 0.5, 0.93, 0.93, 1, 1, 0.16199999999999998, 0.16199999999999998, 0.3, 0.3, 0.34, 0.38, 0.14999999999999997, 0.13499999999999995, 1, 0.22, 0.99, 0.63, 0.26, 0.99, 0.99, 0.26, 0.26, 0.65, 0.41, 0.64, 0.41, 0.02, 0.61, 99, 99, 99]
--- num:  29
list:  [0.52, 0.52, 0.97, 0.97, 1, 1, 0.16199999999999998, 0.16199999999999998, 0.29, 0.29, 0.35, 0.38, 0.11999999999999994, 0.10499999999999993, 1, 0.22, 0.99, 0.63, 0.25, 0.99, 0.99, 0.25, 0.25, 0.63, 0.41, 0.62, 0.42, 0.01, 0.6, 99, 99, 99]
--- num:  29
list:  [0.52, 0.52, 0.98, 0.98, 1, 1, 0.16199999999999998, 0.16199999999999998, 0.28, 0.28, 0.35, 0.38, 0.11999999999999994, 0.10499999999999993, 1, 0.22, 0.99, 0.62, 0.25, 0.99, 0.99, 0.25, 0.25, 0.63, 0.42, 0.62, 0.42, 0.01, 0.6, 99, 99, 99]
--- num:  29
list:  [0.52, 0.52, 0.98, 0.98, 1, 1, 0.16199999999999998, 0.16199999999999998, 0.28, 0.28, 0.35, 0.37, 0.11999999999999994, 0.10499999999999993, 1, 0.22, 0.99, 0.62, 0.25, 0.99, 0.99, 0.25, 0.25, 0.63, 0.41, 0.62, 0.42, 0.01, 0.6, 99, 99, 99]
--- num:  29
list:  [0.52, 0.52, 0.99, 0.99, 1, 1, 0.16199999999999998, 0.16199999999999998, 0.27, 0.27, 0.36, 0.37, 0.11999999999999994, 0.10499999999999993, 1, 0.22, 0.99, 0.62, 0.25, 0.99, 0.99, 0.25, 0.25, 0.63, 0.42, 0.62, 0.42, 0.01, 0.59, 99, 99, 99]
--- num:  29
list:  [0.53, 0.53, 0.99, 0.99, 1, 1, 0.16199999999999998, 0.16199999999999998, 0.27, 0.27, 0.36, 0.36, 0.11999999999999994, 0.10499999999999993, 1, 0.22, 0.99, 0.62, 0.25, 0.99, 0.99, 0.25, 0.25, 0.63, 0.42, 0.62, 0.42, 0.01, 0.59, 99, 99, 99]
--- num:  29
list:  [0.53, 0.53, 0.99, 0.99, 1, 1, 0.16199999999999998, 0.16199999999999998, 0.26, 0.26, 0.37, 0.36, 0.11999999999999994, 0.10499999999999993, 1, 0.22, 0.99, 0.62, 0.25, 0.99, 0.99, 0.25, 0.25, 0.63, 0.42, 0.62, 0.42, 0.01, 0.59, 99, 99, 99]
--- num:  29
list:  [0.53, 0.53, 1.0, 1.0, 1, 1, 0.16199999999999998, 0.16199999999999998, 0.26, 0.26, 0.37, 0.35, 0.11999999999999994, 0.11999999999999994, 1, 0.22, 0.99, 0.62, 0.25, 0.99, 0.99, 0.25, 0.25, 0.63, 0.42, 0.63, 0.42, 0.01, 0.59, 99, 99, 99]
--- num:  29
list:  [0.56, 0.56, 1, 1, 0.98, 0.98, 0.5283958721160888, 0.5269311475753784, 0.12, 0.12, 0.38, 0.35, 0.14999999999999997, 0.14999999999999997, 1, 0.23, 0.965, 0.64, 0.28, 0.96, 0.97, 0.28, 0.28, 0.65, 0.4, 0.65, 0.41, 0.02, 0.58, 99, 99, 99]
--- num:  29
list:  [0.5, 0.5, 0.94, 0.94, 1, 1, 0.16199999999999998, 0.16199999999999998, 0.28, 0.28, 0.38, 0.34, 0.14999999999999997, 0.14999999999999997, 1, 0.23, 0.98, 0.63, 0.26, 0.98, 0.98, 0.26, 0.26, 0.65, 0.41, 0.65, 0.41, 0.02, 0.57, 99, 99, 99]
--- num:  29
list:  [0.51, 0.51, 0.94, 0.94, 1, 1, 0.16199999999999998, 0.16199999999999998, 0.34, 0.34, 0.4, 0.33, 0.14999999999999997, 0.13499999999999995, 1, 0.22, 0.98, 0.63, 0.26, 0.98, 0.98, 0.26, 0.26, 0.65, 0.41, 0.64, 0.41, 0.02, 0.56, 99, 99, 99]
--- num:  29
list:  [0.5, 0.5, 0.94, 0.94, 1, 1, 0.16199999999999998, 0.16199999999999998, 0.37, 0.37, 0.41, 0.31, 0.14999999999999997, 0.13499999999999995, 1, 0.22, 0.99, 0.63, 0.26, 0.99, 0.99, 0.26, 0.26, 0.65, 0.41, 0.64, 0.41, 0.01, 0.55, 99, 99, 99]
--- num:  29
list:  [0.49, 0.49, 0.92, 0.92, 1, 1, 0.16199999999999998, 0.16199999999999998, 0.39, 0.39, 0.42, 0.3, 0.14999999999999997, 0.13499999999999995, 1, 0.22, 0.99, 0.63, 0.26, 0.99, 0.99, 0.26, 0.26, 0.65, 0.41, 0.64, 0.41, 0.01, 0.54, 99, 99, 99]
--- num:  29
list:  [0.49, 0.49, 0.91, 0.91, 1, 1, 0.16199999999999998, 0.16199999999999998, 0.34, 0.34, 0.42, 0.3, 0.14999999999999997, 0.14999999999999997, 1, 0.22, 0.99, 0.63, 0.26, 0.99, 0.99, 0.26, 0.26, 0.65, 0.4, 0.65, 0.41, 0.01, 0.53, 99, 99, 99]
--- num:  29
list:  [0.49, 0.49, 0.9, 0.9, 1, 1, 0.16199999999999998, 0.16199999999999998, 0.36, 0.36, 0.43, 0.3, 0.16499999999999998, 0.14999999999999997, 1, 0.22, 0.99, 0.63, 0.26, 0.99, 0.99, 0.26, 0.26, 0.66, 0.4, 0.65, 0.4, 0.01, 0.52, 99, 99, 99]
--- num:  29
list:  [0.49, 0.49, 0.9, 0.9, 1, 1, 0.16199999999999998, 0.16199999999999998, 0.36, 0.36, 0.43, 0.3, 0.16499999999999998, 0.14999999999999997, 1, 0.22, 0.985, 0.63, 0.26, 0.99, 0.98, 0.26, 0.26, 0.66, 0.4, 0.65, 0.41, 0.01, 0.5, 99, 99, 99]
--- num:  29
list:  [0.49, 0.49, 0.9, 0.9, 1, 1, 0.16199999999999998, 0.16199999999999998, 0.33, 0.33, 0.46, 0.27, 0.16499999999999998, 0.14999999999999997, 1, 0.22, 0.98, 0.63, 0.27, 0.98, 0.98, 0.27, 0.27, 0.66, 0.4, 0.65, 0.4, 0.02, 0.5, 99, 99, 99]
--- num:  29
list:  [0.47, 0.47, 0.85, 0.85, 1, 1, 0.16199999999999998, 0.16199999999999998, 0.32, 0.32, 0.61, 0.12, 0.16499999999999998, 0.14999999999999997, 1, 0.23, 0.98, 0.63, 0.28, 0.98, 0.98, 0.28, 0.28, 0.66, 0.4, 0.65, 0.41, 0.02, 0.5, 99, 99, 99]
--- num:  29
list:  [0.47, 0.47, 0.85, 0.85, 1, 1, 0.16199999999999998, 0.16199999999999998, 0.32, 0.32, 0.6, 0.13, 0.14999999999999997, 0.14999999999999997, 1, 0.23, 0.98, 0.63, 0.28, 0.98, 0.98, 0.28, 0.28, 0.65, 0.41, 0.65, 0.41, 0.02, 0.51, 99, 99, 99]
--- num:  29
list:  [0.47, 0.47, 0.87, 0.87, 1, 1, 0.16199999999999998, 0.16199999999999998, 0.33, 0.33, 0.59, 0.14, 0.14999999999999997, 0.13499999999999995, 1, 0.23, 0.98, 0.63, 0.27, 0.98, 0.98, 0.27, 0.27, 0.65, 0.41, 0.64, 0.41, 0.02, 0.54, 99, 99, 99]
--- num:  29
list:  [0.48, 0.48, 0.87, 0.87, 1, 1, 0.16199999999999998, 0.16199999999999998, 0.34, 0.34, 0.59, 0.14, 0.13499999999999995, 0.13499999999999995, 1, 0.23, 0.98, 0.63, 0.27, 0.98, 0.98, 0.27, 0.27, 0.64, 0.41, 0.64, 0.41, 0.02, 0.55, 99, 99, 99]
--- num:  29
list:  [0.48, 0.48, 0.87, 0.87, 1, 1, 0.16199999999999998, 0.16199999999999998, 0.34, 0.34, 0.59, 0.14, 0.13499999999999995, 0.13499999999999995, 1, 0.23, 0.98, 0.63, 0.27, 0.98, 0.98, 0.27, 0.27, 0.64, 0.41, 0.64, 0.41, 0.02, 0.56, 99, 99, 99]
--- num:  29
list:  [0.48, 0.48, 0.88, 0.88, 1, 1, 0.16199999999999998, 0.16199999999999998, 0.34, 0.34, 0.59, 0.14, 0.13499999999999995, 0.13499999999999995, 1, 0.23, 0.98, 0.63, 0.27, 0.98, 0.98, 0.27, 0.27, 0.64, 0.41, 0.64, 0.41, 0.02, 0.56, 99, 99, 99]
--- num:  29
list:  [0.48, 0.48, 0.88, 0.88, 1, 1, 0.16199999999999998, 0.16199999999999998, 0.34, 0.34, 0.59, 0.14, 0.13499999999999995, 0.13499999999999995, 1, 0.23, 0.98, 0.63, 0.27, 0.98, 0.98, 0.27, 0.27, 0.64, 0.41, 0.64, 0.41, 0.02, 0.57, 99, 99, 99]
--- num:  29
list:  [0.48, 0.48, 0.88, 0.88, 1, 1, 0.16199999999999998, 0.16199999999999998, 0.34, 0.34, 0.6, 0.13, 0.13499999999999995, 0.13499999999999995, 1, 0.23, 0.98, 0.63, 0.27, 0.98, 0.98, 0.27, 0.27, 0.64, 0.41, 0.64, 0.41, 0.02, 0.57, 99, 99, 99]
--- num:  29
list:  [0.48, 0.48, 0.88, 0.88, 1, 1, 0.5548222470283508, 0.552930634021759, 0.19, 0.19, 0.34, 0.39, 0.13499999999999995, 0.14999999999999997, 1, 0.24, 0.97, 0.64, 0.29, 0.97, 0.97, 0.29, 0.29, 0.64, 0.41, 0.65, 0.41, 0.03, 0.57, 99, 99, 99]
--- num:  29
list:  [0.56, 0.56, 1, 1, 0.98, 0.98, 0.24284456253051756, 0.24255640387535093, 0.28, 0.28, 0.22, 0.5, 0.16499999999999998, 0.18, 1, 0.25, 0.95, 0.65, 0.31, 0.95, 0.95, 0.31, 0.31, 0.66, 0.4, 0.67, 0.4, 0.03, 0.55, 99, 99, 99]
--- num:  29
list:  [0.56, 0.56, 1, 1, 0.98, 0.98, 0.16199999999999998, 0.16199999999999998, 0.35, 0.35, 0.22, 0.51, 0.14999999999999997, 0.14999999999999997, 1, 0.24, 0.97, 0.64, 0.27, 0.97, 0.97, 0.27, 0.27, 0.65, 0.4, 0.65, 0.41, 0.03, 0.53, 99, 99, 99]
--- num:  29
list:  [0.5, 0.5, 0.93, 0.93, 1, 1, 0.16199999999999998, 0.16199999999999998, 0.36, 0.36, 0.23, 0.49, 0.13499999999999995, 0.13499999999999995, 1, 0.23, 0.98, 0.64, 0.26, 0.98, 0.98, 0.26, 0.26, 0.64, 0.41, 0.64, 0.41, 0.02, 0.53, 99, 99, 99]
--- num:  29
list:  [0.5, 0.5, 0.93, 0.93, 1, 1, 0.16199999999999998, 0.16199999999999998, 0.37, 0.37, 0.26, 0.47, 0.13499999999999995, 0.13499999999999995, 1, 0.23, 0.98, 0.63, 0.26, 0.98, 0.98, 0.26, 0.26, 0.64, 0.41, 0.64, 0.41, 0.02, 0.53, 99, 99, 99]
--- num:  29
list:  [0.51, 0.51, 0.95, 0.95, 1, 1, 0.16199999999999998, 0.16199999999999998, 0.37, 0.37, 0.28, 0.45, 0.11999999999999994, 0.13499999999999995, 1, 0.22, 0.98, 0.63, 0.26, 0.98, 0.98, 0.26, 0.26, 0.63, 0.41, 0.64, 0.41, 0.02, 0.54, 99, 99, 99]
--- num:  29
list:  [0.51, 0.51, 0.96, 0.96, 1, 1, 0.16199999999999998, 0.16199999999999998, 0.37, 0.37, 0.29, 0.44, 0.11999999999999994, 0.13499999999999995, 1, 0.22, 0.99, 0.63, 0.26, 0.99, 0.99, 0.26, 0.26, 0.63, 0.42, 0.64, 0.41, 0.02, 0.54, 99, 99, 99]
--- num:  29
list:  [0.56, 0.56, 1, 1, 0.98, 0.98, 0.3635950195789337, 0.36094902038574217, 0.24, 0.24, 0.14, 0.59, 0.08999999999999991, 0.10499999999999993, 1, 0.24, 0.98, 0.64, 0.28, 0.98, 0.98, 0.28, 0.28, 0.61, 0.42, 0.62, 0.42, 0.03, 0.55, 99, 99, 99]
--- num:  29
list:  [0.56, 0.56, 1, 1, 0.98, 0.98, 0.16199999999999998, 0.16199999999999998, 0.36, 0.36, 0.11, 0.62, 0.08999999999999991, 0.08999999999999991, 1, 0.24, 0.98, 0.64, 0.27, 0.98, 0.98, 0.27, 0.27, 0.61, 0.42, 0.61, 0.42, 0.03, 0.54, 99, 99, 99]
--- num:  29
list:  [0.56, 0.56, 1, 1, 0.98, 0.98, 0.16199999999999998, 0.16199999999999998, 0.38, 0.38, 0.15, 0.58, 0.0749999999999999, 0.0749999999999999, 1, 0.23, 0.98, 0.64, 0.27, 0.98, 0.98, 0.27, 0.27, 0.6, 0.43, 0.6, 0.43, 0.03, 0.53, 99, 99, 99]
--- num:  29
list:  [0.56, 0.56, 1, 1, 0.98, 0.98, 0.16199999999999998, 0.16199999999999998, 0.37, 0.37, 0.14, 0.59, 0.05999999999999989, 0.05999999999999989, 1, 0.23, 0.98, 0.64, 0.27, 0.98, 0.98, 0.27, 0.27, 0.59, 0.43, 0.59, 0.43, 0.03, 0.52, 99, 99, 99]
--- num:  29
list:  [0.56, 0.56, 1, 1, 0.98, 0.98, 0.16199999999999998, 0.16199999999999998, 0.37, 0.37, 0.13, 0.6, 0.0749999999999999, 0.0749999999999999, 1, 0.23, 0.98, 0.64, 0.27, 0.98, 0.98, 0.27, 0.27, 0.6, 0.43, 0.6, 0.43, 0.03, 0.52, 99, 99, 99]
--- num:  29
list:  [0.56, 0.56, 1, 1, 0.98, 0.98, 0.16199999999999998, 0.16199999999999998, 0.37, 0.37, 0.12, 0.61, 0.0749999999999999, 0.0749999999999999, 1, 0.23, 0.98, 0.64, 0.27, 0.98, 0.98, 0.27, 0.27, 0.6, 0.43, 0.6, 0.43, 0.03, 0.52, 99, 99, 99]
--- num:  29
list:  [0.56, 0.56, 1, 1, 0.97, 0.97, 0.16199999999999998, 0.16199999999999998, 0.33, 0.33, 0.3, 0.43, 0.08999999999999991, 0.10499999999999993, 1, 0.23, 0.98, 0.64, 0.27, 0.98, 0.98, 0.27, 0.27, 0.61, 0.42, 0.62, 0.42, 0.03, 0.53, 99, 99, 99]
--- num:  29
list:  [0.56, 0.56, 1, 1, 0.98, 0.98, 0.567060272693634, 0.5666919755935669, 0.15, 0.15, 0.46, 0.27, 0.13499999999999995, 0.11999999999999994, 1, 0.23, 0.98, 0.64, 0.27, 0.98, 0.98, 0.27, 0.27, 0.64, 0.41, 0.63, 0.41, 0.03, 0.51, 99, 99, 99]
--- num:  29
list:  [0.56, 0.56, 1, 1, 0.98, 0.98, 0.16199999999999998, 0.16199999999999998, 0.31, 0.31, 0.74, 0.0, 0.14999999999999997, 0.11999999999999994, 1, 0.23, 0.98, 0.64, 0.27, 0.98, 0.98, 0.27, 0.27, 0.65, 0.4, 0.63, 0.41, 0.02, 0.52, 99, 99, 99]
--- num:  29
list:  [0.49, 0.49, 0.9, 0.9, 1, 1, 0.16199999999999998, 0.16199999999999998, 0.34, 0.34, 0.72, 0.02, 0.13499999999999995, 0.10499999999999993, 1, 0.23, 0.98, 0.63, 0.26, 0.98, 0.98, 0.26, 0.26, 0.64, 0.41, 0.62, 0.42, 0.02, 0.6, 99, 99, 99]
--- num:  29
list:  [0.5, 0.5, 0.93, 0.93, 1, 1, 0.16199999999999998, 0.16199999999999998, 0.35, 0.35, 0.71, 0.03, 0.13499999999999995, 0.08999999999999991, 1, 0.22, 0.99, 0.63, 0.26, 0.99, 0.99, 0.26, 0.26, 0.64, 0.41, 0.61, 0.42, 0.02, 0.62, 99, 99, 99]
--- num:  29
list:  [0.5, 0.5, 0.93, 0.93, 1, 1, 0.16199999999999998, 0.16199999999999998, 0.36, 0.36, 0.7, 0.03, 0.13499999999999995, 0.08999999999999991, 1, 0.22, 0.99, 0.63, 0.26, 0.99, 0.99, 0.26, 0.26, 0.64, 0.41, 0.61, 0.42, 0.02, 0.63, 99, 99, 99]
--- num:  29
list:  [0.5, 0.5, 0.94, 0.94, 1, 1, 0.16199999999999998, 0.16199999999999998, 0.36, 0.36, 0.68, 0.05, 0.11999999999999994, 0.0749999999999999, 1, 0.22, 0.99, 0.63, 0.26, 0.99, 0.99, 0.26, 0.26, 0.63, 0.41, 0.6, 0.43, 0.02, 0.66, 99, 99, 99]
--- num:  29
list:  [0.51, 0.51, 0.95, 0.95, 1, 1, 0.16199999999999998, 0.16199999999999998, 0.37, 0.37, 0.68, 0.06, 0.11999999999999994, 0.0749999999999999, 1, 0.22, 0.99, 0.63, 0.26, 0.99, 0.99, 0.26, 0.26, 0.63, 0.42, 0.6, 0.43, 0.02, 0.67, 99, 99, 99]
--- num:  29
list:  [0.51, 0.51, 0.96, 0.96, 1, 1, 0.16199999999999998, 0.16199999999999998, 0.36, 0.36, 0.67, 0.06, 0.10499999999999993, 0.0749999999999999, 1, 0.22, 0.99, 0.63, 0.26, 0.99, 0.99, 0.26, 0.26, 0.62, 0.42, 0.6, 0.43, 0.02, 0.68, 99, 99, 99]
--- num:  29
list:  [0.51, 0.51, 0.96, 0.96, 1, 1, 0.16199999999999998, 0.16199999999999998, 0.35, 0.35, 0.69, 0.04, 0.10499999999999993, 0.0749999999999999, 1, 0.22, 0.99, 0.63, 0.26, 0.99, 0.99, 0.26, 0.26, 0.62, 0.42, 0.6, 0.43, 0.03, 0.68, 99, 99, 99]
--- num:  29
list:  [0.52, 0.52, 0.97, 0.97, 1, 1, 0.16199999999999998, 0.16199999999999998, 0.36, 0.36, 0.7, 0.04, 0.08999999999999991, 0.05999999999999989, 1, 0.22, 0.99, 0.63, 0.26, 0.99, 0.99, 0.26, 0.26, 0.61, 0.42, 0.59, 0.43, 0.02, 0.69, 99, 99, 99]
--- num:  29
list:  [0.56, 0.56, 1, 1, 0.98, 0.98, 0.16199999999999998, 0.16199999999999998, 0.47, 0.47, 0.94, -0.18, 0.08999999999999991, 0.02999999999999986, 1, 0.23, 0.99, 0.63, 0.26, 0.99, 0.99, 0.26, 0.26, 0.61, 0.43, 0.57, 0.44, 0.03, 0.69, 99, 99, 99]
--- num:  29
list:  [0.56, 0.56, 1, 1, 0.97, 0.97, 0.16199999999999998, 0.16199999999999998, 0.48, 0.48, 0.93, -0.17, 0.0749999999999999, 0.015000000000000013, 1, 0.24, 0.985, 0.64, 0.27, 0.98, 0.99, 0.27, 0.27, 0.6, 0.43, 0.56, 0.45, 0.04, 0.69, 99, 99, 99]
--- num:  29
list:  [0.57, 0.57, 1, 1, 0.97, 0.97, 0.16199999999999998, 0.16199999999999998, 0.47, 0.47, 0.91, -0.15, 0.0749999999999999, 0.02999999999999986, 1, 0.26, 0.98, 0.65, 0.28, 0.98, 0.98, 0.28, 0.28, 0.6, 0.43, 0.57, 0.44, 0.05, 0.69, 99, 99, 99]
--- num:  29
list:  [0.57, 0.57, 1, 1, 0.96, 0.96, 0.16199999999999998, 0.16199999999999998, 0.47, 0.47, 0.91, -0.16, 0.0749999999999999, 0.02999999999999986, 1, 0.26, 0.975, 0.66, 0.28, 0.97, 0.98, 0.28, 0.28, 0.6, 0.43, 0.57, 0.44, 0.05, 0.7, 99, 99, 99]
--- num:  29
list:  [0.58, 0.58, 1, 1, 0.96, 0.96, 0.622292857170105, 0.5986578869819641, 0.19, 0.19, 0.26, 0.47, 0.08999999999999991, 0.08999999999999991, 1, 0.27, 0.975, 0.67, 0.28, 0.97, 0.98, 0.28, 0.28, 0.61, 0.43, 0.61, 0.42, 0.05, 0.71, 99, 99, 99]
--- num:  29
list:  [0.57, 0.57, 1, 1, 0.97, 0.97, 0.22717353284358976, 0.22666970968246458, 0.23, 0.23, 0.17, 0.56, 0.10499999999999993, 0.10499999999999993, 1, 0.26, 0.975, 0.65, 0.27, 0.97, 0.98, 0.27, 0.27, 0.62, 0.42, 0.62, 0.42, 0.04, 0.7, 99, 99, 99]
--- num:  29
list:  [0.51, 0.51, 0.95, 0.95, 1, 1, 0.16199999999999998, 0.16199999999999998, 0.27, 0.27, 0.27, 0.45, 0.13499999999999995, 0.11999999999999994, 1, 0.23, 0.98, 0.64, 0.26, 0.98, 0.98, 0.26, 0.26, 0.64, 0.41, 0.63, 0.41, 0.03, 0.65, 99, 99, 99]
--- num:  29
list:  [0.5, 0.5, 0.94, 0.94, 1, 1, 0.16199999999999998, 0.16199999999999998, 0.28, 0.28, 0.32, 0.41, 0.14999999999999997, 0.13499999999999995, 1, 0.23, 0.98, 0.63, 0.26, 0.98, 0.98, 0.26, 0.26, 0.65, 0.41, 0.64, 0.41, 0.02, 0.61, 99, 99, 99]
--- num:  29
list:  [0.5, 0.5, 0.93, 0.93, 1, 1, 0.16199999999999998, 0.16199999999999998, 0.31, 0.31, 0.33, 0.39, 0.14999999999999997, 0.13499999999999995, 1, 0.23, 0.98, 0.63, 0.26, 0.98, 0.98, 0.26, 0.26, 0.65, 0.41, 0.64, 0.41, 0.02, 0.6, 99, 99, 99]
--- num:  29
list:  [0.51, 0.51, 0.94, 0.94, 1, 1, 0.16199999999999998, 0.16199999999999998, 0.33, 0.33, 0.34, 0.38, 0.14999999999999997, 0.13499999999999995, 1, 0.22, 0.99, 0.63, 0.26, 0.99, 0.99, 0.26, 0.26, 0.65, 0.41, 0.64, 0.41, 0.02, 0.58, 99, 99, 99]
--- num:  29
list:  [0.51, 0.51, 0.95, 0.95, 1, 1, 0.16199999999999998, 0.16199999999999998, 0.33, 0.33, 0.35, 0.38, 0.14999999999999997, 0.13499999999999995, 1, 0.22, 0.99, 0.63, 0.26, 0.99, 0.99, 0.26, 0.26, 0.65, 0.41, 0.64, 0.41, 0.02, 0.57, 99, 99, 99]
--- num:  29
list:  [0.51, 0.51, 0.95, 0.95, 1, 1, 0.16199999999999998, 0.16199999999999998, 0.31, 0.31, 0.37, 0.35, 0.14999999999999997, 0.13499999999999995, 1, 0.22, 0.99, 0.63, 0.26, 0.99, 0.99, 0.26, 0.26, 0.65, 0.41, 0.64, 0.41, 0.02, 0.56, 99, 99, 99]
--- num:  29
list:  [0.49, 0.49, 0.9, 0.9, 1, 1, 0.4965942311286926, 0.4946064758300781, 0.17, 0.17, 0.4, 0.33, 0.16499999999999998, 0.16499999999999998, 1, 0.23, 0.97, 0.64, 0.29, 0.97, 0.97, 0.29, 0.29, 0.66, 0.4, 0.66, 0.4, 0.02, 0.55, 99, 99, 99]
--- num:  29
list:  [0.48, 0.48, 0.89, 0.89, 1, 1, 0.16199999999999998, 0.16199999999999998, 0.32, 0.32, 0.42, 0.3, 0.18, 0.16499999999999998, 1, 0.23, 0.97, 0.64, 0.27, 0.97, 0.97, 0.27, 0.27, 0.67, 0.4, 0.66, 0.4, 0.02, 0.53, 99, 99, 99]
--- num:  29
list:  [0.48, 0.48, 0.89, 0.89, 1, 1, 0.16199999999999998, 0.16199999999999998, 0.35, 0.35, 0.43, 0.29, 0.18, 0.16499999999999998, 1, 0.23, 0.98, 0.63, 0.27, 0.98, 0.98, 0.27, 0.27, 0.67, 0.4, 0.66, 0.4, 0.02, 0.52, 99, 99, 99]
--- num:  29
list:  [0.48, 0.48, 0.89, 0.89, 1, 1, 0.16199999999999998, 0.16199999999999998, 0.37, 0.37, 0.42, 0.3, 0.18, 0.16499999999999998, 1, 0.22, 0.98, 0.63, 0.27, 0.98, 0.98, 0.27, 0.27, 0.67, 0.4, 0.66, 0.4, 0.02, 0.5, 99, 99, 99]
--- num:  29
list:  [0.49, 0.49, 0.9, 0.9, 1, 1, 0.16199999999999998, 0.16199999999999998, 0.38, 0.38, 0.39, 0.33, 0.16499999999999998, 0.16499999999999998, 1, 0.22, 0.98, 0.63, 0.27, 0.98, 0.98, 0.27, 0.27, 0.66, 0.4, 0.66, 0.4, 0.02, 0.49, 99, 99, 99]
--- num:  29
list:  [0.5, 0.5, 0.92, 0.92, 1, 1, 0.16199999999999998, 0.16199999999999998, 0.38, 0.38, 0.38, 0.35, 0.16499999999999998, 0.14999999999999997, 1, 0.22, 0.98, 0.63, 0.27, 0.98, 0.98, 0.27, 0.27, 0.66, 0.4, 0.65, 0.41, 0.02, 0.49, 99, 99, 99]
--- num:  29
list:  [0.49, 0.49, 0.91, 0.91, 1, 1, 0.16199999999999998, 0.16199999999999998, 0.38, 0.38, 0.35, 0.38, 0.14999999999999997, 0.14999999999999997, 1, 0.23, 0.98, 0.63, 0.27, 0.98, 0.98, 0.27, 0.27, 0.65, 0.4, 0.65, 0.41, 0.02, 0.49, 99, 99, 99]
--- num:  29
list:  [0.48, 0.48, 0.88, 0.88, 1, 1, 0.6560730743408203, 0.6239154148101806, 0.21, 0.21, 0.33, 0.39, 0.14999999999999997, 0.14999999999999997, 1, 0.24, 0.96, 0.64, 0.31, 0.96, 0.96, 0.31, 0.31, 0.65, 0.4, 0.65, 0.4, 0.03, 0.5, 99, 99, 99]
--- num:  29
list:  [0.56, 0.56, 1, 1, 0.98, 0.98, 0.20810688614845274, 0.20612944245338438, 0.3, 0.3, 0.34, 0.39, 0.14999999999999997, 0.16499999999999998, 1, 0.25, 0.96, 0.65, 0.29, 0.96, 0.96, 0.29, 0.29, 0.65, 0.4, 0.66, 0.4, 0.03, 0.51, 99, 99, 99]
--- num:  29
list:  [0.48, 0.48, 0.89, 0.89, 1, 1, 0.16199999999999998, 0.16199999999999998, 0.36, 0.36, 0.33, 0.39, 0.14999999999999997, 0.14999999999999997, 1, 0.23, 0.98, 0.64, 0.27, 0.98, 0.98, 0.27, 0.27, 0.65, 0.41, 0.65, 0.41, 0.02, 0.53, 99, 99, 99]
--- num:  29
list:  [0.49, 0.49, 0.9, 0.9, 1, 1, 0.16199999999999998, 0.16199999999999998, 0.35, 0.35, 0.33, 0.4, 0.14999999999999997, 0.14999999999999997, 1, 0.23, 0.98, 0.63, 0.27, 0.98, 0.98, 0.27, 0.27, 0.65, 0.41, 0.65, 0.41, 0.02, 0.54, 99, 99, 99]
--- num:  29
list:  [0.5, 0.5, 0.92, 0.92, 1, 1, 0.16199999999999998, 0.16199999999999998, 0.38, 0.38, 0.3, 0.43, 0.14999999999999997, 0.13499999999999995, 1, 0.22, 0.98, 0.63, 0.26, 0.98, 0.98, 0.26, 0.26, 0.65, 0.41, 0.64, 0.41, 0.02, 0.56, 99, 99, 99]
--- num:  29
list:  [0.5, 0.5, 0.92, 0.92, 1, 1, 0.16199999999999998, 0.16199999999999998, 0.38, 0.38, 0.28, 0.44, 0.13499999999999995, 0.13499999999999995, 1, 0.22, 0.99, 0.63, 0.25, 0.99, 0.99, 0.25, 0.25, 0.64, 0.41, 0.64, 0.41, 0.01, 0.58, 99, 99, 99]
--- num:  29
list:  [0.48, 0.48, 0.89, 0.89, 1, 1, 0.16199999999999998, 0.16199999999999998, 0.41, 0.41, 0.19, 0.53, 0.16499999999999998, 0.14999999999999997, 1, 0.22, 0.99, 0.63, 0.25, 0.99, 0.99, 0.25, 0.25, 0.66, 0.4, 0.65, 0.41, 0.01, 0.59, 99, 99, 99]
--- num:  29
list:  [0.48, 0.48, 0.89, 0.89, 1, 1, 0.16199999999999998, 0.16199999999999998, 0.41, 0.41, 0.19, 0.54, 0.14999999999999997, 0.13499999999999995, 1, 0.22, 0.99, 0.63, 0.25, 0.99, 0.99, 0.25, 0.25, 0.65, 0.4, 0.64, 0.41, 0.01, 0.58, 99, 99, 99]
--- num:  29
list:  [0.48, 0.48, 0.89, 0.89, 1, 1, 0.16199999999999998, 0.16199999999999998, 0.41, 0.41, 0.2, 0.52, 0.16499999999999998, 0.13499999999999995, 1, 0.22, 0.99, 0.63, 0.26, 0.99, 0.99, 0.26, 0.26, 0.66, 0.4, 0.64, 0.41, 0.01, 0.57, 99, 99, 99]
--- num:  29
list:  [0.48, 0.48, 0.88, 0.88, 1, 1, 0.16199999999999998, 0.16199999999999998, 0.42, 0.42, 0.25, 0.47, 0.18, 0.14999999999999997, 1, 0.22, 0.99, 0.63, 0.26, 0.99, 0.99, 0.26, 0.26, 0.67, 0.4, 0.65, 0.41, 0.02, 0.55, 99, 99, 99]
--- num:  29
list:  [0.49, 0.49, 0.9, 0.9, 1, 1, 0.16199999999999998, 0.16199999999999998, 0.42, 0.42, 0.26, 0.46, 0.16499999999999998, 0.13499999999999995, 1, 0.22, 0.99, 0.63, 0.26, 0.99, 0.99, 0.26, 0.26, 0.66, 0.4, 0.64, 0.41, 0.02, 0.55, 99, 99, 99]
--- num:  29
list:  [0.51, 0.51, 0.95, 0.95, 1, 1, 0.16199999999999998, 0.16199999999999998, 0.43, 0.43, 0.27, 0.46, 0.13499999999999995, 0.11999999999999994, 1, 0.22, 0.99, 0.63, 0.26, 0.99, 0.99, 0.26, 0.26, 0.64, 0.41, 0.63, 0.42, 0.02, 0.55, 99, 99, 99]
--- num:  29
list:  [0.51, 0.51, 0.95, 0.95, 1, 1, 0.16199999999999998, 0.16199999999999998, 0.43, 0.43, 0.3, 0.43, 0.13499999999999995, 0.11999999999999994, 1, 0.22, 0.99, 0.63, 0.26, 0.99, 0.99, 0.26, 0.26, 0.64, 0.41, 0.63, 0.41, 0.02, 0.55, 99, 99, 99]
--- num:  29
list:  [0.51, 0.51, 0.95, 0.95, 1, 1, 0.16199999999999998, 0.16199999999999998, 0.43, 0.43, 0.29, 0.43, 0.13499999999999995, 0.11999999999999994, 1, 0.22, 0.99, 0.63, 0.26, 0.99, 0.99, 0.26, 0.26, 0.64, 0.41, 0.63, 0.41, 0.02, 0.55, 99, 99, 99]
--- num:  29
list:  [0.51, 0.51, 0.96, 0.96, 1, 1, 0.16199999999999998, 0.16199999999999998, 0.43, 0.43, 0.31, 0.41, 0.11999999999999994, 0.11999999999999994, 1, 0.22, 0.99, 0.63, 0.26, 0.99, 0.99, 0.26, 0.26, 0.63, 0.41, 0.63, 0.42, 0.02, 0.55, 99, 99, 99]
--- num:  29
list:  [0.56, 0.56, 1, 1, 0.98, 0.98, 0.18822897553443907, 0.18567840337753294, 0.27, 0.27, 0.1, 0.63, 0.11999999999999994, 0.11999999999999994, 1, 0.23, 0.98, 0.64, 0.27, 0.98, 0.98, 0.27, 0.27, 0.63, 0.41, 0.63, 0.41, 0.02, 0.54, 99, 99, 99]
--- num:  29
list:  [0.56, 0.56, 1, 1, 0.98, 0.98, 0.16199999999999998, 0.16199999999999998, 0.37, 0.37, 0.12, 0.61, 0.11999999999999994, 0.11999999999999994, 1, 0.23, 0.98, 0.64, 0.27, 0.98, 0.98, 0.27, 0.27, 0.63, 0.42, 0.63, 0.41, 0.02, 0.55, 99, 99, 99]
--- num:  29
list:  [0.56, 0.56, 1, 1, 0.98, 0.98, 0.16199999999999998, 0.16199999999999998, 0.38, 0.38, 0.13, 0.6, 0.11999999999999994, 0.11999999999999994, 1, 0.23, 0.98, 0.63, 0.26, 0.98, 0.98, 0.26, 0.26, 0.63, 0.42, 0.63, 0.41, 0.02, 0.56, 99, 99, 99]
--- num:  29
list:  [0.56, 0.56, 1, 1, 0.98, 0.98, 0.16199999999999998, 0.16199999999999998, 0.38, 0.38, 0.14, 0.6, 0.10499999999999993, 0.11999999999999994, 1, 0.23, 0.98, 0.63, 0.26, 0.98, 0.98, 0.26, 0.26, 0.62, 0.42, 0.63, 0.42, 0.02, 0.57, 99, 99, 99]
--- num:  29
list:  [0.56, 0.56, 1, 1, 0.98, 0.98, 0.16199999999999998, 0.16199999999999998, 0.39, 0.39, 0.16, 0.57, 0.10499999999999993, 0.10499999999999993, 1, 0.23, 0.99, 0.63, 0.26, 0.99, 0.99, 0.26, 0.26, 0.62, 0.42, 0.62, 0.42, 0.02, 0.58, 99, 99, 99]
--- num:  29
list:  [0.51, 0.51, 0.95, 0.95, 1, 1, 0.16199999999999998, 0.16199999999999998, 0.39, 0.39, 0.16, 0.57, 0.08999999999999991, 0.10499999999999993, 1, 0.23, 0.99, 0.63, 0.26, 0.99, 0.99, 0.26, 0.26, 0.61, 0.42, 0.62, 0.42, 0.02, 0.58, 99, 99, 99]
--- num:  29
list:  [0.51, 0.51, 0.95, 0.95, 1, 1, 0.16199999999999998, 0.16199999999999998, 0.39, 0.39, 0.17, 0.56, 0.08999999999999991, 0.10499999999999993, 1, 0.23, 0.98, 0.63, 0.26, 0.98, 0.98, 0.26, 0.26, 0.61, 0.42, 0.62, 0.42, 0.02, 0.57, 99, 99, 99]
--- num:  29
list:  [0.5, 0.5, 0.94, 0.94, 1, 1, 0.16199999999999998, 0.16199999999999998, 0.39, 0.39, 0.19, 0.54, 0.08999999999999991, 0.08999999999999991, 1, 0.23, 0.98, 0.64, 0.26, 0.98, 0.98, 0.26, 0.26, 0.61, 0.42, 0.61, 0.42, 0.02, 0.56, 99, 99, 99]
--- num:  29
list:  [0.56, 0.56, 1, 1, 0.97, 0.97, 0.6038266229629516, 0.6033125329017639, 0.14, 0.14, 0.54, 0.19, 0.10499999999999993, 0.10499999999999993, 1, 0.27, 0.96, 0.66, 0.29, 0.96, 0.96, 0.29, 0.29, 0.62, 0.42, 0.62, 0.42, 0.03, 0.52, 99, 99, 99]
--- num:  29
list:  [0.56, 0.56, 1, 1, 0.98, 0.98, 0.1880172002315521, 0.18750878751277922, 0.24, 0.24, 0.56, 0.17, 0.11999999999999994, 0.10499999999999993, 1, 0.24, 0.97, 0.65, 0.27, 0.97, 0.97, 0.27, 0.27, 0.63, 0.41, 0.62, 0.42, 0.03, 0.5, 99, 99, 99]
--- num:  29
list:  [0.49, 0.49, 0.92, 0.92, 1, 1, 0.16199999999999998, 0.16199999999999998, 0.28, 0.28, 0.52, 0.21, 0.13499999999999995, 0.10499999999999993, 1, 0.23, 0.98, 0.64, 0.26, 0.98, 0.98, 0.26, 0.26, 0.64, 0.41, 0.62, 0.42, 0.02, 0.49, 99, 99, 99]
--- num:  29
list:  [0.49, 0.49, 0.92, 0.92, 1, 1, 0.16199999999999998, 0.16199999999999998, 0.29, 0.29, 0.49, 0.23, 0.13499999999999995, 0.10499999999999993, 1, 0.23, 0.98, 0.63, 0.26, 0.98, 0.98, 0.26, 0.26, 0.64, 0.41, 0.62, 0.42, 0.02, 0.49, 99, 99, 99]
--- num:  29
list:  [0.49, 0.49, 0.92, 0.92, 1, 1, 0.16199999999999998, 0.16199999999999998, 0.3, 0.3, 0.47, 0.25, 0.13499999999999995, 0.10499999999999993, 1, 0.22, 0.98, 0.63, 0.26, 0.98, 0.98, 0.26, 0.26, 0.64, 0.41, 0.62, 0.42, 0.02, 0.5, 99, 99, 99]
--- num:  29
list:  [0.5, 0.5, 0.93, 0.93, 1, 1, 0.16199999999999998, 0.16199999999999998, 0.3, 0.3, 0.45, 0.27, 0.13499999999999995, 0.10499999999999993, 1, 0.22, 0.99, 0.63, 0.26, 0.99, 0.99, 0.26, 0.26, 0.64, 0.41, 0.62, 0.42, 0.01, 0.51, 99, 99, 99]
--- num:  29
list:  [0.5, 0.5, 0.93, 0.93, 1, 1, 0.16199999999999998, 0.16199999999999998, 0.3, 0.3, 0.43, 0.29, 0.16499999999999998, 0.13499999999999995, 1, 0.22, 0.99, 0.63, 0.26, 0.99, 0.99, 0.26, 0.26, 0.66, 0.4, 0.64, 0.41, 0.01, 0.52, 99, 99, 99]
--- num:  29
list:  [0.5, 0.5, 0.92, 0.92, 1, 1, 0.16199999999999998, 0.16199999999999998, 0.3, 0.3, 0.41, 0.31, 0.16499999999999998, 0.13499999999999995, 1, 0.22, 0.99, 0.63, 0.25, 0.99, 0.99, 0.25, 0.25, 0.66, 0.4, 0.64, 0.41, 0.01, 0.54, 99, 99, 99]
--- num:  29
list:  [0.5, 0.5, 0.93, 0.93, 1, 1, 0.16199999999999998, 0.16199999999999998, 0.3, 0.3, 0.4, 0.33, 0.16499999999999998, 0.13499999999999995, 1, 0.22, 0.99, 0.63, 0.25, 0.99, 0.99, 0.25, 0.25, 0.66, 0.4, 0.64, 0.41, 0.01, 0.55, 99, 99, 99]
--- num:  29
list:  [0.5, 0.5, 0.94, 0.94, 1, 1, 0.16199999999999998, 0.16199999999999998, 0.3, 0.3, 0.38, 0.34, 0.16499999999999998, 0.14999999999999997, 1, 0.22, 0.99, 0.62, 0.25, 0.99, 0.99, 0.25, 0.25, 0.66, 0.4, 0.65, 0.41, 0.01, 0.56, 99, 99, 99]
--- num:  29
list:  [0.51, 0.51, 0.94, 0.94, 1, 1, 0.16199999999999998, 0.16199999999999998, 0.3, 0.3, 0.37, 0.35, 0.16499999999999998, 0.14999999999999997, 1, 0.22, 0.99, 0.62, 0.25, 0.99, 0.99, 0.25, 0.25, 0.66, 0.4, 0.65, 0.41, 0.01, 0.57, 99, 99, 99]
--- num:  29
list:  [0.5, 0.5, 0.94, 0.94, 1, 1, 0.16199999999999998, 0.16199999999999998, 0.3, 0.3, 0.35, 0.37, 0.16499999999999998, 0.14999999999999997, 1, 0.22, 0.99, 0.62, 0.25, 0.99, 0.99, 0.25, 0.25, 0.66, 0.4, 0.65, 0.41, 0.01, 0.58, 99, 99, 99]
--- num:  29
list:  [0.51, 0.51, 0.95, 0.95, 1, 1, 0.16199999999999998, 0.16199999999999998, 0.3, 0.3, 0.33, 0.39, 0.14999999999999997, 0.13499999999999995, 1, 0.22, 0.99, 0.62, 0.25, 0.99, 0.99, 0.25, 0.25, 0.65, 0.4, 0.64, 0.41, 0.01, 0.59, 99, 99, 99]
--- num:  29
list:  [0.5, 0.5, 0.92, 0.92, 1, 1, 0.3479204285144806, 0.34564719676971434, 0.2, 0.2, 0.33, 0.4, 0.14999999999999997, 0.14999999999999997, 1, 0.22, 0.99, 0.63, 0.26, 0.99, 0.99, 0.26, 0.26, 0.65, 0.4, 0.65, 0.41, 0.01, 0.59, 99, 99, 99]
--- num:  29
list:  [0.46, 0.46, 0.85, 0.85, 1, 1, 0.16199999999999998, 0.16199999999999998, 0.34, 0.34, 0.62, 0.11, 0.16499999999999998, 0.13499999999999995, 1, 0.22, 0.985, 0.63, 0.27, 0.98, 0.99, 0.27, 0.27, 0.66, 0.4, 0.64, 0.41, 0.02, 0.6, 99, 99, 99]
--- num:  29
list:  [0.47, 0.47, 0.86, 0.86, 1, 1, 0.16199999999999998, 0.16199999999999998, 0.41, 0.41, 0.61, 0.13, 0.13499999999999995, 0.11999999999999994, 1, 0.22, 0.99, 0.63, 0.26, 0.99, 0.99, 0.26, 0.26, 0.64, 0.41, 0.63, 0.41, 0.02, 0.6, 99, 99, 99]
--- num:  29
list:  [0.49, 0.49, 0.91, 0.91, 1, 1, 0.16199999999999998, 0.16199999999999998, 0.42, 0.42, 0.56, 0.17, 0.13499999999999995, 0.10499999999999993, 1, 0.22, 0.99, 0.63, 0.26, 0.99, 0.99, 0.26, 0.26, 0.64, 0.41, 0.62, 0.42, 0.02, 0.63, 99, 99, 99]
--- num:  29
list:  [0.5, 0.5, 0.94, 0.94, 1, 1, 0.16199999999999998, 0.16199999999999998, 0.43, 0.43, 0.55, 0.19, 0.11999999999999994, 0.08999999999999991, 1, 0.22, 0.99, 0.63, 0.26, 0.99, 0.99, 0.26, 0.26, 0.63, 0.41, 0.61, 0.42, 0.02, 0.63, 99, 99, 99]
--- num:  29
list:  [0.51, 0.51, 0.95, 0.95, 1, 1, 0.16199999999999998, 0.16199999999999998, 0.42, 0.42, 0.62, 0.11, 0.11999999999999994, 0.08999999999999991, 1, 0.22, 0.99, 0.63, 0.26, 0.99, 0.99, 0.26, 0.26, 0.63, 0.41, 0.61, 0.42, 0.02, 0.63, 99, 99, 99]
--- num:  29
list:  [0.5, 0.5, 0.94, 0.94, 1, 1, 0.16199999999999998, 0.16199999999999998, 0.42, 0.42, 0.77, -0.03, 0.13499999999999995, 0.08999999999999991, 1, 0.22, 0.99, 0.63, 0.26, 0.99, 0.99, 0.26, 0.26, 0.64, 0.41, 0.61, 0.43, 0.02, 0.63, 99, 99, 99]
--- num:  29
list:  [0.5, 0.5, 0.93, 0.93, 1, 1, 0.16199999999999998, 0.16199999999999998, 0.42, 0.42, 0.77, -0.03, 0.13499999999999995, 0.0749999999999999, 1, 0.22, 0.99, 0.63, 0.26, 0.99, 0.99, 0.26, 0.26, 0.64, 0.41, 0.6, 0.43, 0.02, 0.63, 99, 99, 99]
--- num:  29
list:  [0.49, 0.49, 0.91, 0.91, 1, 1, 0.16199999999999998, 0.16199999999999998, 0.41, 0.41, 0.78, -0.03, 0.16499999999999998, 0.10499999999999993, 1, 0.23, 0.985, 0.64, 0.28, 0.98, 0.99, 0.28, 0.28, 0.66, 0.4, 0.62, 0.42, 0.03, 0.62, 99, 99, 99]
--- num:  29
list:  [0.49, 0.49, 0.91, 0.91, 1, 1, 0.16199999999999998, 0.16199999999999998, 0.4, 0.4, 0.4, 0.32, 0.14999999999999997, 0.11999999999999994, 1, 0.23, 0.98, 0.64, 0.28, 0.98, 0.98, 0.28, 0.28, 0.65, 0.41, 0.63, 0.42, 0.03, 0.62, 99, 99, 99]
--- num:  29
list:  [0.48, 0.48, 0.89, 0.89, 1, 1, 0.16199999999999998, 0.16199999999999998, 0.41, 0.41, 0.43, 0.3, 0.14999999999999997, 0.11999999999999994, 1, 0.24, 0.975, 0.64, 0.28, 0.97, 0.98, 0.28, 0.28, 0.65, 0.41, 0.63, 0.42, 0.03, 0.62, 99, 99, 99]
--- num:  29
list:  [0.55, 0.55, 1, 1, 0.98, 0.98, 0.30301899790763853, 0.2974176514148712, 0.32, 0.32, 0.26, 0.46, 0.16499999999999998, 0.14999999999999997, 1, 0.26, 0.955, 0.65, 0.33, 0.95, 0.96, 0.33, 0.33, 0.66, 0.4, 0.65, 0.4, 0.04, 0.62, 99, 99, 99]
--- num:  29
list:  [0.56, 0.56, 1, 1, 0.97, 0.97, 0.16199999999999998, 0.16199999999999998, 0.39, 0.39, 0.23, 0.49, 0.18, 0.16499999999999998, 1, 0.27, 0.95, 0.66, 0.3, 0.95, 0.95, 0.3, 0.3, 0.67, 0.4, 0.66, 0.4, 0.04, 0.61, 99, 99, 99]
--- num:  29
list:  [0.48, 0.48, 0.88, 0.88, 1, 1, 0.16199999999999998, 0.16199999999999998, 0.43, 0.43, 0.25, 0.47, 0.14999999999999997, 0.14999999999999997, 1, 0.25, 0.96, 0.65, 0.29, 0.96, 0.96, 0.29, 0.29, 0.65, 0.4, 0.65, 0.4, 0.04, 0.6, 99, 99, 99]
--- num:  29
list:  [0.48, 0.48, 0.88, 0.88, 1, 1, 0.16199999999999998, 0.16199999999999998, 0.43, 0.43, 0.3, 0.42, 0.13499999999999995, 0.13499999999999995, 1, 0.24, 0.97, 0.64, 0.28, 0.97, 0.97, 0.28, 0.28, 0.64, 0.41, 0.64, 0.41, 0.03, 0.57, 99, 99, 99]
--- num:  29
list:  [0.48, 0.48, 0.88, 0.88, 1, 1, 0.16199999999999998, 0.16199999999999998, 0.41, 0.41, 0.34, 0.38, 0.14999999999999997, 0.13499999999999995, 1, 0.24, 0.97, 0.64, 0.28, 0.97, 0.97, 0.28, 0.28, 0.65, 0.41, 0.64, 0.41, 0.03, 0.54, 99, 99, 99]
--- num:  29
list:  [0.48, 0.48, 0.88, 0.88, 1, 1, 0.16199999999999998, 0.16199999999999998, 0.4, 0.4, 0.38, 0.34, 0.14999999999999997, 0.13499999999999995, 1, 0.23, 0.97, 0.64, 0.28, 0.97, 0.97, 0.28, 0.28, 0.65, 0.41, 0.64, 0.41, 0.03, 0.52, 99, 99, 99]
--- num:  29
list:  [0.48, 0.48, 0.87, 0.87, 1, 1, 0.16199999999999998, 0.16199999999999998, 0.39, 0.39, 0.39, 0.33, 0.14999999999999997, 0.14999999999999997, 1, 0.23, 0.98, 0.63, 0.28, 0.98, 0.98, 0.28, 0.28, 0.65, 0.41, 0.65, 0.41, 0.02, 0.51, 99, 99, 99]
--- num:  29
list:  [0.47, 0.47, 0.87, 0.87, 1, 1, 0.16199999999999998, 0.16199999999999998, 0.39, 0.39, 0.4, 0.32, 0.14999999999999997, 0.14999999999999997, 1, 0.23, 0.98, 0.63, 0.27, 0.98, 0.98, 0.27, 0.27, 0.65, 0.41, 0.65, 0.41, 0.02, 0.49, 99, 99, 99]
--- num:  29
list:  [0.47, 0.47, 0.86, 0.86, 1, 1, 0.16199999999999998, 0.16199999999999998, 0.38, 0.38, 0.42, 0.3, 0.16499999999999998, 0.14999999999999997, 1, 0.23, 0.98, 0.63, 0.27, 0.98, 0.98, 0.27, 0.27, 0.66, 0.4, 0.65, 0.41, 0.02, 0.49, 99, 99, 99]
--- num:  29
list:  [0.45, 0.45, 0.82, 0.82, 1, 1, 0.16199999999999998, 0.16199999999999998, 0.43, 0.43, 0.44, 0.29, 0.16499999999999998, 0.14999999999999997, 1, 0.23, 0.98, 0.63, 0.27, 0.98, 0.98, 0.27, 0.27, 0.66, 0.4, 0.65, 0.4, 0.02, 0.49, 99, 99, 99]
--- num:  29
list:  [0.45, 0.45, 0.82, 0.82, 1, 1, 0.16199999999999998, 0.16199999999999998, 0.43, 0.43, 0.44, 0.29, 0.16499999999999998, 0.14999999999999997, 1, 0.23, 0.98, 0.63, 0.27, 0.98, 0.98, 0.27, 0.27, 0.66, 0.4, 0.65, 0.4, 0.02, 0.49, 99, 99, 99]
--- num:  29
list:  [0.45, 0.45, 0.82, 0.82, 1, 1, 0.16199999999999998, 0.16199999999999998, 0.43, 0.43, 0.44, 0.29, 0.16499999999999998, 0.14999999999999997, 1, 0.23, 0.98, 0.63, 0.27, 0.98, 0.98, 0.27, 0.27, 0.66, 0.4, 0.65, 0.4, 0.02, 0.49, 99, 99, 99]
--- num:  29
list:  [0.46, 0.46, 0.85, 0.85, 1, 1, 0.16199999999999998, 0.16199999999999998, 0.43, 0.43, 0.42, 0.3, 0.16499999999999998, 0.14999999999999997, 1, 0.23, 0.98, 0.63, 0.27, 0.98, 0.98, 0.27, 0.27, 0.66, 0.4, 0.65, 0.4, 0.02, 0.49, 99, 99, 99]
--- num:  29
list:  [0.46, 0.46, 0.83, 0.83, 1, 1, 0.5892933416366577, 0.5821729111671448, 0.21, 0.21, 0.4, 0.33, 0.16499999999999998, 0.16499999999999998, 1, 0.25, 0.95, 0.65, 0.31, 0.95, 0.95, 0.31, 0.31, 0.66, 0.4, 0.66, 0.4, 0.03, 0.49, 99, 99, 99]
--- num:  29
list:  [0.47, 0.47, 0.86, 0.86, 1, 1, 0.16199999999999998, 0.16199999999999998, 0.35, 0.35, 0.36, 0.36, 0.16499999999999998, 0.14999999999999997, 1, 0.25, 0.97, 0.65, 0.29, 0.97, 0.97, 0.29, 0.29, 0.66, 0.4, 0.65, 0.4, 0.03, 0.49, 99, 99, 99]
--- num:  29
list:  [0.48, 0.48, 0.88, 0.88, 1, 1, 0.16199999999999998, 0.16199999999999998, 0.38, 0.38, 0.34, 0.38, 0.13499999999999995, 0.14999999999999997, 1, 0.24, 0.97, 0.64, 0.28, 0.97, 0.97, 0.28, 0.28, 0.64, 0.41, 0.65, 0.41, 0.03, 0.5, 99, 99, 99]
--- num:  29
list:  [0.48, 0.48, 0.89, 0.89, 1, 1, 0.16199999999999998, 0.16199999999999998, 0.39, 0.39, 0.33, 0.39, 0.13499999999999995, 0.13499999999999995, 1, 0.23, 0.98, 0.64, 0.27, 0.98, 0.98, 0.27, 0.27, 0.64, 0.41, 0.64, 0.41, 0.03, 0.52, 99, 99, 99]
--- num:  29
list:  [0.48, 0.48, 0.89, 0.89, 1, 1, 0.16199999999999998, 0.16199999999999998, 0.38, 0.38, 0.32, 0.4, 0.13499999999999995, 0.13499999999999995, 1, 0.23, 0.98, 0.64, 0.27, 0.98, 0.98, 0.27, 0.27, 0.64, 0.41, 0.64, 0.41, 0.02, 0.53, 99, 99, 99]
--- num:  29
list:  [0.49, 0.49, 0.9, 0.9, 1, 1, 0.16199999999999998, 0.16199999999999998, 0.39, 0.39, 0.3, 0.42, 0.13499999999999995, 0.13499999999999995, 1, 0.23, 0.98, 0.63, 0.27, 0.98, 0.98, 0.27, 0.27, 0.64, 0.41, 0.64, 0.41, 0.02, 0.55, 99, 99, 99]
--- num:  29
list:  [0.49, 0.49, 0.9, 0.9, 1, 1, 0.16199999999999998, 0.16199999999999998, 0.39, 0.39, 0.3, 0.42, 0.11999999999999994, 0.13499999999999995, 1, 0.23, 0.98, 0.63, 0.27, 0.98, 0.98, 0.27, 0.27, 0.63, 0.41, 0.64, 0.41, 0.02, 0.56, 99, 99, 99]
--- num:  29
list:  [0.47, 0.47, 0.87, 0.87, 1, 1, 0.16199999999999998, 0.16199999999999998, 0.37, 0.37, 0.68, 0.05, 0.11999999999999994, 0.11999999999999994, 1, 0.23, 0.98, 0.63, 0.27, 0.98, 0.98, 0.27, 0.27, 0.63, 0.41, 0.63, 0.41, 0.02, 0.56, 99, 99, 99]
--- num:  29
list:  [0.47, 0.47, 0.85, 0.85, 1, 1, 0.16199999999999998, 0.16199999999999998, 0.37, 0.37, 0.78, -0.03, 0.13499999999999995, 0.11999999999999994, 1, 0.23, 0.98, 0.63, 0.27, 0.98, 0.98, 0.27, 0.27, 0.64, 0.41, 0.63, 0.41, 0.02, 0.57, 99, 99, 99]
--- num:  29
list:  [0.47, 0.47, 0.87, 0.87, 1, 1, 0.16199999999999998, 0.16199999999999998, 0.37, 0.37, 0.77, -0.03, 0.14999999999999997, 0.10499999999999993, 1, 0.23, 0.98, 0.63, 0.27, 0.98, 0.98, 0.27, 0.27, 0.65, 0.41, 0.62, 0.42, 0.03, 0.61, 99, 99, 99]
--- num:  29
list:  [0.48, 0.48, 0.88, 0.88, 1, 1, 0.16199999999999998, 0.16199999999999998, 0.38, 0.38, 0.77, -0.03, 0.14999999999999997, 0.10499999999999993, 1, 0.23, 0.98, 0.63, 0.27, 0.98, 0.98, 0.27, 0.27, 0.65, 0.41, 0.62, 0.42, 0.03, 0.63, 99, 99, 99]
--- num:  29
list:  [0.48, 0.48, 0.89, 0.89, 1, 1, 0.16199999999999998, 0.16199999999999998, 0.38, 0.38, 0.76, -0.02, 0.14999999999999997, 0.10499999999999993, 1, 0.23, 0.985, 0.63, 0.27, 0.98, 0.99, 0.27, 0.27, 0.65, 0.41, 0.62, 0.42, 0.03, 0.64, 99, 99, 99]
--- num:  29
list:  [0.56, 0.56, 1, 1, 0.98, 0.98, 0.6580526041984558, 0.5839137244224548, 0.22, 0.22, 0.33, 0.4, 0.14999999999999997, 0.11999999999999994, 1, 0.25, 0.97, 0.65, 0.3, 0.97, 0.97, 0.3, 0.3, 0.65, 0.41, 0.63, 0.41, 0.04, 0.65, 99, 99, 99]
--- num:  29
list:  [0.56, 0.56, 1, 1, 0.97, 0.97, 0.46180049657821653, 0.45454231977462767, 0.21, 0.21, 0.28, 0.45, 0.14999999999999997, 0.16499999999999998, 1, 0.25, 0.96, 0.65, 0.3, 0.96, 0.96, 0.3, 0.3, 0.65, 0.41, 0.66, 0.4, 0.04, 0.65, 99, 99, 99]
--- num:  29
list:  [0.48, 0.48, 0.87, 0.87, 1, 1, 0.16199999999999998, 0.16199999999999998, 0.33, 0.33, 0.3, 0.42, 0.14999999999999997, 0.16499999999999998, 1, 0.24, 0.97, 0.64, 0.28, 0.97, 0.97, 0.28, 0.28, 0.65, 0.4, 0.66, 0.4, 0.03, 0.62, 99, 99, 99]
--- num:  29
list:  [0.48, 0.48, 0.89, 0.89, 1, 1, 0.16199999999999998, 0.16199999999999998, 0.34, 0.34, 0.33, 0.39, 0.16499999999999998, 0.16499999999999998, 1, 0.23, 0.97, 0.64, 0.27, 0.97, 0.97, 0.27, 0.27, 0.66, 0.4, 0.66, 0.4, 0.02, 0.59, 99, 99, 99]
--- num:  29
list:  [0.48, 0.48, 0.88, 0.88, 1, 1, 0.16199999999999998, 0.16199999999999998, 0.35, 0.35, 0.36, 0.36, 0.16499999999999998, 0.16499999999999998, 1, 0.23, 0.98, 0.63, 0.27, 0.98, 0.98, 0.27, 0.27, 0.66, 0.4, 0.66, 0.4, 0.02, 0.56, 99, 99, 99]
--- num:  29
list:  [0.48, 0.48, 0.88, 0.88, 1, 1, 0.16199999999999998, 0.16199999999999998, 0.35, 0.35, 0.37, 0.35, 0.16499999999999998, 0.14999999999999997, 1, 0.22, 0.98, 0.63, 0.27, 0.98, 0.98, 0.27, 0.27, 0.66, 0.4, 0.65, 0.4, 0.02, 0.54, 99, 99, 99]
--- num:  29
list:  [0.48, 0.48, 0.88, 0.88, 1, 1, 0.16199999999999998, 0.16199999999999998, 0.37, 0.37, 0.37, 0.36, 0.16499999999999998, 0.14999999999999997, 1, 0.22, 0.98, 0.63, 0.27, 0.98, 0.98, 0.27, 0.27, 0.66, 0.4, 0.65, 0.4, 0.02, 0.54, 99, 99, 99]
--- num:  29
list:  [0.49, 0.49, 0.9, 0.9, 1, 1, 0.16199999999999998, 0.16199999999999998, 0.39, 0.39, 0.34, 0.38, 0.14999999999999997, 0.14999999999999997, 1, 0.22, 0.98, 0.63, 0.27, 0.98, 0.98, 0.27, 0.27, 0.65, 0.4, 0.65, 0.41, 0.02, 0.54, 99, 99, 99]
--- num:  29
list:  [0.49, 0.49, 0.9, 0.9, 1, 1, 0.16199999999999998, 0.16199999999999998, 0.39, 0.39, 0.33, 0.39, 0.14999999999999997, 0.13499999999999995, 1, 0.22, 0.985, 0.63, 0.26, 0.98, 0.99, 0.26, 0.26, 0.65, 0.41, 0.64, 0.41, 0.02, 0.54, 99, 99, 99]
--- num:  29
list:  [0.49, 0.49, 0.92, 0.92, 1, 1, 0.16199999999999998, 0.16199999999999998, 0.4, 0.4, 0.33, 0.39, 0.14999999999999997, 0.13499999999999995, 1, 0.22, 0.99, 0.63, 0.26, 0.99, 0.99, 0.26, 0.26, 0.65, 0.41, 0.64, 0.41, 0.02, 0.54, 99, 99, 99]
--- num:  29
list:  [0.49, 0.49, 0.92, 0.92, 1, 1, 0.16199999999999998, 0.16199999999999998, 0.41, 0.41, 0.36, 0.37, 0.14999999999999997, 0.13499999999999995, 1, 0.22, 0.99, 0.63, 0.26, 0.99, 0.99, 0.26, 0.26, 0.65, 0.41, 0.64, 0.41, 0.01, 0.56, 99, 99, 99]
--- num:  29
list:  [0.48, 0.48, 0.88, 0.88, 1, 1, 0.16199999999999998, 0.16199999999999998, 0.41, 0.41, 0.38, 0.34, 0.14999999999999997, 0.14999999999999997, 1, 0.22, 0.99, 0.63, 0.26, 0.99, 0.99, 0.26, 0.26, 0.65, 0.41, 0.65, 0.41, 0.01, 0.56, 99, 99, 99]
--- num:  29
list:  [0.48, 0.48, 0.88, 0.88, 1, 1, 0.16199999999999998, 0.16199999999999998, 0.41, 0.41, 0.38, 0.34, 0.14999999999999997, 0.14999999999999997, 1, 0.22, 0.99, 0.63, 0.29, 0.99, 0.99, 0.29, 0.29, 0.65, 0.4, 0.65, 0.41, 0.02, 0.53, 99, 99, 99]
--- num:  29
list:  [0.47, 0.47, 0.87, 0.87, 1, 1, 0.16199999999999998, 0.16199999999999998, 0.39, 0.39, 0.39, 0.33, 0.14999999999999997, 0.14999999999999997, 1, 0.27, 0.925, 0.67, 0.42, 0.92, 0.93, 0.42, 0.42, 0.65, 0.41, 0.65, 0.41, 0.1, 0.51, 99, 99, 99]
--- num:  29
list:  [0.47, 0.47, 0.86, 0.86, 1, 1, 0.16199999999999998, 0.16199999999999998, 0.39, 0.39, 0.39, 0.33, 0.14999999999999997, 0.13499999999999995, 1, 0.28, 0.915, 0.67, 0.42, 0.91, 0.92, 0.42, 0.42, 0.65, 0.41, 0.64, 0.41, 0.11, 0.49, 99, 99, 99]
--- num:  29
list:  [0.56, 0.56, 1, 1, 0.98, 0.98, 0.16199999999999998, 0.16199999999999998, 0.39, 0.39, 0.4, 0.33, 0.13499999999999995, 0.13499999999999995, 1, 0.29, 0.9, 0.68, 0.45, 0.9, 0.9, 0.45, 0.45, 0.64, 0.41, 0.64, 0.41, 0.12, 0.48, 99, 99, 99]
--- num:  29
list:  [0.56, 0.56, 1, 1, 0.98, 0.98, 0.16199999999999998, 0.16199999999999998, 0.39, 0.39, 0.4, 0.32, 0.13499999999999995, 0.13499999999999995, 1, 0.29, 0.895, 0.68, 0.45, 0.89, 0.9, 0.45, 0.45, 0.64, 0.41, 0.64, 0.41, 0.13, 0.48, 99, 99, 99]
--- num:  29
list:  [0.56, 0.56, 1, 1, 0.98, 0.98, 0.16199999999999998, 0.16199999999999998, 0.39, 0.39, 0.43, 0.29, 0.14999999999999997, 0.13499999999999995, 1, 0.3, 0.895, 0.69, 0.46, 0.89, 0.9, 0.46, 0.46, 0.65, 0.4, 0.64, 0.41, 0.13, 0.49, 99, 99, 99]
--- num:  29
list:  [0.56, 0.56, 1, 1, 0.98, 0.98, 0.16199999999999998, 0.16199999999999998, 0.38, 0.38, 0.47, 0.25, 0.14999999999999997, 0.14999999999999997, 1, 0.3, 0.895, 0.69, 0.45, 0.89, 0.9, 0.45, 0.45, 0.65, 0.4, 0.65, 0.41, 0.13, 0.48, 99, 99, 99]
--- num:  29
list:  [0.56, 0.56, 1, 1, 0.98, 0.98, 0.2533885049819946, 0.25273517847061155, 0.26, 0.26, 0.38, 0.34, 0.14999999999999997, 0.14999999999999997, 1, 0.3, 0.89, 0.69, 0.44, 0.89, 0.89, 0.44, 0.44, 0.65, 0.4, 0.65, 0.41, 0.13, 0.46, 99, 99, 99]
--- num:  29
list:  [0.56, 0.56, 1, 1, 0.97, 0.97, 0.16199999999999998, 0.16199999999999998, 0.3, 0.3, 0.1, 0.64, 0.195, 0.195, 1, 0.31, 0.88, 0.7, 0.43, 0.88, 0.88, 0.43, 0.43, 0.68, 0.39, 0.68, 0.39, 0.11, 0.45, 99, 99, 99]
--- num:  29
list:  [0.56, 0.56, 1, 1, 0.97, 0.97, 0.16199999999999998, 0.16199999999999998, 0.37, 0.37, 0.1, 0.63, 0.18, 0.195, 1, 0.32, 0.88, 0.7, 0.45, 0.88, 0.88, 0.45, 0.45, 0.67, 0.4, 0.68, 0.39, 0.11, 0.44, 99, 99, 99]
--- num:  29
list:  [0.57, 0.57, 1, 1, 0.97, 0.97, 0.16199999999999998, 0.16199999999999998, 0.38, 0.38, 0.12, 0.61, 0.18, 0.195, 1, 0.31, 0.88, 0.7, 0.45, 0.88, 0.88, 0.45, 0.45, 0.67, 0.4, 0.68, 0.39, 0.1, 0.44, 99, 99, 99]
--- num:  29
list:  [0.56, 0.56, 1, 1, 0.97, 0.97, 0.16199999999999998, 0.16199999999999998, 0.36, 0.36, 0.08, 0.66, 0.18, 0.195, 1, 0.31, 0.89, 0.69, 0.45, 0.89, 0.89, 0.45, 0.45, 0.67, 0.4, 0.68, 0.39, 0.09, 0.45, 99, 99, 99]
--- num:  29
list:  [0.56, 0.56, 1, 1, 0.97, 0.97, 0.4820632743835449, 0.48131452083587645, 0.18, 0.18, 0.5, 0.22, 0.195, 0.195, 1, 0.3, 0.895, 0.69, 0.39, 0.89, 0.9, 0.39, 0.39, 0.68, 0.39, 0.68, 0.39, 0.09, 0.45, 99, 99, 99]
--- num:  29
list:  [0.56, 0.56, 1, 1, 0.98, 0.98, 0.16199999999999998, 0.16199999999999998, 0.36, 0.36, 0.45, 0.27, 0.195, 0.16499999999999998, 1, 0.28, 0.93, 0.67, 0.34, 0.93, 0.93, 0.34, 0.34, 0.68, 0.39, 0.66, 0.4, 0.07, 0.44, 99, 99, 99]
--- num:  29
list:  [0.48, 0.48, 0.87, 0.87, 1, 1, 0.16199999999999998, 0.16199999999999998, 0.37, 0.37, 0.42, 0.31, 0.16499999999999998, 0.16499999999999998, 1, 0.25, 0.96, 0.65, 0.3, 0.96, 0.96, 0.3, 0.3, 0.66, 0.4, 0.66, 0.4, 0.04, 0.44, 99, 99, 99]
--- num:  29
list:  [0.48, 0.48, 0.87, 0.87, 1, 1, 0.16199999999999998, 0.16199999999999998, 0.39, 0.39, 0.38, 0.34, 0.16499999999999998, 0.14999999999999997, 1, 0.24, 0.97, 0.64, 0.27, 0.97, 0.97, 0.27, 0.27, 0.66, 0.4, 0.65, 0.4, 0.03, 0.46, 99, 99, 99]
--- num:  29
list:  [0.48, 0.48, 0.89, 0.89, 1, 1, 0.16199999999999998, 0.16199999999999998, 0.4, 0.4, 0.37, 0.35, 0.16499999999999998, 0.14999999999999997, 1, 0.23, 0.98, 0.64, 0.26, 0.98, 0.98, 0.26, 0.26, 0.66, 0.4, 0.65, 0.4, 0.02, 0.48, 99, 99, 99]
--- num:  29
list:  [0.48, 0.48, 0.89, 0.89, 1, 1, 0.16199999999999998, 0.16199999999999998, 0.4, 0.4, 0.36, 0.36, 0.16499999999999998, 0.14999999999999997, 1, 0.23, 0.98, 0.63, 0.26, 0.98, 0.98, 0.26, 0.26, 0.66, 0.4, 0.65, 0.41, 0.02, 0.49, 99, 99, 99]
--- num:  29
list:  [0.49, 0.49, 0.91, 0.91, 1, 1, 0.16199999999999998, 0.16199999999999998, 0.4, 0.4, 0.35, 0.38, 0.16499999999999998, 0.14999999999999997, 1, 0.22, 0.99, 0.63, 0.26, 0.99, 0.99, 0.26, 0.26, 0.66, 0.4, 0.65, 0.41, 0.02, 0.53, 99, 99, 99]
--- num:  29
list:  [0.49, 0.49, 0.91, 0.91, 1, 1, 0.16199999999999998, 0.16199999999999998, 0.4, 0.4, 0.34, 0.38, 0.16499999999999998, 0.14999999999999997, 1, 0.22, 0.99, 0.63, 0.26, 0.99, 0.99, 0.26, 0.26, 0.66, 0.4, 0.65, 0.41, 0.02, 0.55, 99, 99, 99]
--- num:  29
list:  [0.5, 0.5, 0.92, 0.92, 1, 1, 0.16199999999999998, 0.16199999999999998, 0.4, 0.4, 0.34, 0.38, 0.16499999999999998, 0.13499999999999995, 1, 0.22, 0.99, 0.63, 0.26, 0.99, 0.99, 0.26, 0.26, 0.66, 0.4, 0.64, 0.41, 0.01, 0.56, 99, 99, 99]
--- num:  29
list:  [0.5, 0.5, 0.93, 0.93, 1, 1, 0.16199999999999998, 0.16199999999999998, 0.4, 0.4, 0.35, 0.38, 0.14999999999999997, 0.13499999999999995, 1, 0.22, 0.99, 0.63, 0.25, 0.99, 0.99, 0.25, 0.25, 0.65, 0.4, 0.64, 0.41, 0.01, 0.57, 99, 99, 99]
--- num:  29
list:  [0.51, 0.51, 0.95, 0.95, 1, 1, 0.16199999999999998, 0.16199999999999998, 0.39, 0.39, 0.35, 0.38, 0.14999999999999997, 0.13499999999999995, 1, 0.22, 0.99, 0.62, 0.25, 0.99, 0.99, 0.25, 0.25, 0.65, 0.41, 0.64, 0.41, 0.01, 0.57, 99, 99, 99]
--- num:  29
list:  [0.52, 0.52, 0.97, 0.97, 1, 1, 0.16199999999999998, 0.16199999999999998, 0.38, 0.38, 0.35, 0.37, 0.13499999999999995, 0.11999999999999994, 1, 0.21, 0.99, 0.62, 0.25, 0.99, 0.99, 0.25, 0.25, 0.64, 0.41, 0.63, 0.41, 0.01, 0.58, 99, 99, 99]
--- num:  29
list:  [0.52, 0.52, 0.98, 0.98, 1, 1, 0.16199999999999998, 0.16199999999999998, 0.36, 0.36, 0.35, 0.37, 0.11999999999999994, 0.11999999999999994, 1, 0.21, 0.99, 0.62, 0.25, 0.99, 0.99, 0.25, 0.25, 0.63, 0.41, 0.63, 0.42, 0.01, 0.59, 99, 99, 99]
--- num:  29
list:  [0.53, 0.53, 0.99, 0.99, 1, 1, 0.16199999999999998, 0.16199999999999998, 0.36, 0.36, 0.35, 0.37, 0.11999999999999994, 0.10499999999999993, 1, 0.21, 0.99, 0.62, 0.25, 0.99, 0.99, 0.25, 0.25, 0.63, 0.41, 0.62, 0.42, 0.01, 0.6, 99, 99, 99]
--- num:  29
list:  [0.53, 0.53, 1.0, 1.0, 1, 1, 0.16199999999999998, 0.16199999999999998, 0.36, 0.36, 0.35, 0.38, 0.11999999999999994, 0.11999999999999994, 1, 0.21, 0.99, 0.62, 0.25, 0.99, 0.99, 0.25, 0.25, 0.63, 0.41, 0.63, 0.42, 0.01, 0.6, 99, 99, 99]
--- num:  29
list:  [0.53, 0.53, 1.0, 1.0, 1, 1, 0.16199999999999998, 0.16199999999999998, 0.36, 0.36, 0.35, 0.38, 0.13499999999999995, 0.11999999999999994, 1, 0.21, 0.99, 0.62, 0.25, 0.99, 0.99, 0.25, 0.25, 0.64, 0.41, 0.63, 0.41, 0.01, 0.6, 99, 99, 99]
--- num:  29
list:  [0.53, 0.53, 1.0, 1.0, 1, 1, 0.16199999999999998, 0.16199999999999998, 0.37, 0.37, 0.35, 0.37, 0.13499999999999995, 0.11999999999999994, 1, 0.21, 0.99, 0.62, 0.25, 0.99, 0.99, 0.25, 0.25, 0.64, 0.41, 0.63, 0.41, 0.01, 0.6, 99, 99, 99]
--- num:  29
list:  [0.53, 0.53, 0.99, 0.99, 1, 1, 0.16199999999999998, 0.16199999999999998, 0.38, 0.38, 0.35, 0.37, 0.13499999999999995, 0.11999999999999994, 1, 0.21, 0.99, 0.62, 0.25, 0.99, 0.99, 0.25, 0.25, 0.64, 0.41, 0.63, 0.41, 0.01, 0.59, 99, 99, 99]
--- num:  29
