A0
A1
A2
A3
A4
A5
A6
A7
A8
A9
A10
A11
A12
A13
A14
A15
A16
A17
A18
A19
A20
A21
A22
A23
A24
A25
A26
A27
A28
--- [0.87, 0.67, 1.0, 1.0, 0.24, 0.24, 0.05, 0.13, 0.51, 0.54, 0.4, 0.38, 0.0, -0.0, 1.0, 0.21, 0.75, 0.6, 0.49, 0.8, 0.75, 0.46, 0.86, 0.55, 0.43, 0.55, 0.45, 0.0, 0.5, 99, 99, 99]
into servo loop...
start test new
list:  [0.35, 0.35, 0.59, 0.59, 1, 1, 0.16199999999999998, 0.16199999999999998, 0.32, 0.32, 0.34, 0.38, 0.11999999999999994, 0.08999999999999991, 1, 0.21, 0.99, 0.62, 0.25, 0.99, 0.99, 0.25, 0.25, 0.63, 0.42, 0.61, 0.42, 0.01, 0.61, 99, 99, 99]
--- num:  29
list:  [0.29, 0.29, 0.45, 0.45, 1, 1, 0.16199999999999998, 0.16199999999999998, 0.32, 0.32, 0.34, 0.38, 0.2849999999999999, 0.13499999999999995, 1, 0.22, 0.975, 0.63, 0.29, 0.97, 0.98, 0.29, 0.29, 0.74, 0.37, 0.64, 0.41, 0.02, 0.58, 99, 99, 99]
--- num:  29
list:  [0.32, 0.32, 0.52, 0.52, 1, 1, 0.16199999999999998, 0.16199999999999998, 0.34, 0.34, 0.34, 0.38, 0.0749999999999999, 0.08999999999999991, 1, 0.22, 0.98, 0.63, 0.25, 0.98, 0.98, 0.25, 0.25, 0.6, 0.43, 0.61, 0.43, 0.02, 0.58, 99, 99, 99]
--- num:  29
list:  [0.31, 0.31, 0.48, 0.48, 1, 1, 0.26487566113471983, 0.26361713886260985, 0.25, 0.25, 0.36, 0.36, 0.05999999999999989, 0.05999999999999989, 1, 0.22, 0.98, 0.63, 0.26, 0.98, 0.98, 0.26, 0.26, 0.59, 0.43, 0.59, 0.43, 0.01, 0.55, 99, 99, 99]
--- num:  29
list:  [0.24, 0.24, 0.33, 0.33, 1, 1, 0.16199999999999998, 0.16199999999999998, 0.31, 0.31, 0.36, 0.36, 0, 0, 1, 0.22, 0.98, 0.63, 0.27, 0.98, 0.98, 0.27, 0.27, 0.52, 0.51, 0.53, 0.48, 0.01, 0.56, 99, 99, 99]
--- num:  29
list:  [0.56, 0.56, 1, 1, 0.98, 0.98, 0.16199999999999998, 0.16199999999999998, 0.35, 0.35, 0.36, 0.35, 0, 0, 0.75, 0.23, 0.96, 0.63, 0.28, 0.96, 0.96, 0.28, 0.28, 0.38, 0.77, 0.38, 0.77, 0.01, 0.56, 99, 99, 99]
--- num:  29
list:  [0.6, 0.6, 1, 1, 0.94, 0.94, 0.5551479864120483, 0.5542088556289673, 0.19, 0.19, 0.38, 0.34, 0, 0, 0.75, 0.25, 0.93, 0.65, 0.29, 0.93, 0.93, 0.29, 0.29, 0.35, 0.84, 0.36, 0.82, 0.01, 0.55, 99, 99, 99]
--- num:  29
list:  [0.61, 0.61, 1, 1, 0.93, 0.93, 0.16199999999999998, 0.16199999999999998, 0.34, 0.34, 0.36, 0.35, 0, 0, 0.75, 0.25, 0.93, 0.65, 0.29, 0.93, 0.93, 0.29, 0.29, 0.34, 0.86, 0.34, 0.86, 0.01, 0.52, 99, 99, 99]
--- num:  29
list:  [0.6, 0.6, 1, 1, 0.95, 0.95, 0.16199999999999998, 0.16199999999999998, 0.36, 0.36, 0.35, 0.37, 0, 0, 0.75, 0.25, 0.93, 0.65, 0.3, 0.93, 0.93, 0.3, 0.3, 0.43, 0.68, 0.44, 0.67, 0.01, 0.5, 99, 99, 99]
--- num:  29
list:  [0.6, 0.6, 1, 1, 0.95, 0.95, 0.16199999999999998, 0.16199999999999998, 0.35, 0.35, 0.35, 0.37, 0, 0, 0.75, 0.25, 0.93, 0.65, 0.3, 0.93, 0.93, 0.3, 0.3, 0.44, 0.66, 0.45, 0.65, 0.02, 0.49, 99, 99, 99]
--- num:  29
list:  [0.68, 0.68, 1, 1, 0.87, 0.87, 0.8956619310379028, 0.8948797392845154, 0.22, 0.22, 0.35, 0.37, 0.345, 0.375, 0.5, 0.3, 0.88, 0.68, 0.31, 0.88, 0.88, 0.31, 0.31, 0.78, 0.35, 0.8, 0.34, 0.02, 0.49, 99, 99, 99]
--- num:  29
list:  [0.69, 0.69, 1, 1, 0.87, 0.87, 0.2609108793735504, 0.2597236442565918, 0.34, 0.34, 0.32, 0.39, 0.72, 0.72, 0.75, 0.3, 0.745, 0.69, 0.42, 0.73, 0.76, 0.42, 0.42, 1.03, 0.24, 1.03, 0.23, 0.03, 0.74, 99, 99, 99]
--- num:  29
list:  [0.68, 0.68, 1, 1, 0.88, 0.88, 0.19273310482501982, 0.19042923629283903, 0.36, 0.36, 0.32, 0.39, 0.81, 0.81, 0.75, 0.3, 0.575, 0.69, 0.53, 0.54, 0.61, 0.53, 0.53, 1.09, 0.21, 1.09, 0.21, 0.06, 1, 99, 99, 99]
--- num:  29
list:  [0.66, 0.66, 1, 1, 0.89, 0.89, 0.7508619236946106, 0.743180673122406, 0.26, 0.26, 0.34, 0.38, 0.81, 0.81, 0.75, 0.3, 0.33999999999999997, 0.68, 0.56, 0.32, 0.36, 0.56, 0.56, 1.09, 0.21, 1.09, 0.21, 0.09, 1, 99, 99, 99]
--- num:  29
list:  [0.66, 0.66, 1, 1, 0.9, 0.9, 0.27508402943611143, 0.2639876413345337, 0.35, 0.35, 0.34, 0.37, 0.81, 0.81, 0.75, 0.29, 0.33999999999999997, 0.68, 0.56, 0.31, 0.37, 0.56, 0.56, 1.09, 0.21, 1.09, 0.21, 0.12, 1, 99, 99, 99]
--- num:  29
list:  [0.62, 0.62, 1, 1, 0.92, 0.92, 0.16199999999999998, 0.16199999999999998, 0.45, 0.45, 0.43, 0.29, 0.81, 0.81, 0.75, 0.28, 0.41000000000000003, 0.67, 0.56, 0.38, 0.44, 0.56, 0.56, 1.09, 0.21, 1.09, 0.21, 0.18, 1, 99, 99, 99]
--- num:  29
list:  [0.62, 0.62, 1, 1, 0.92, 0.92, 0.16199999999999998, 0.16199999999999998, 0.44, 0.44, 0.42, 0.3, 0.795, 0.81, 0.75, 0.27, 0.43000000000000005, 0.67, 0.56, 0.41000000000000003, 0.45, 0.56, 0.56, 1.08, 0.21, 1.09, 0.21, 0.2, 1, 99, 99, 99]
--- num:  29
list:  [0.63, 0.63, 1, 1, 0.92, 0.92, 0.16199999999999998, 0.16199999999999998, 0.45, 0.45, 0.41, 0.31, 0.795, 0.81, 0.75, 0.27, 0.44999999999999996, 0.67, 0.56, 0.43, 0.47, 0.56, 0.56, 1.08, 0.22, 1.09, 0.21, 0.21, 1, 99, 99, 99]
--- num:  29
list:  [0.63, 0.63, 1, 1, 0.92, 0.92, 0.16199999999999998, 0.16199999999999998, 0.43, 0.43, 0.39, 0.33, 0.78, 0.81, 0.75, 0.27, 0.44, 0.67, 0.56, 0.42000000000000004, 0.45999999999999996, 0.56, 0.56, 1.07, 0.22, 1.09, 0.21, 0.22, 1, 99, 99, 99]
--- num:  29
list:  [0.67, 0.67, 1, 1, 0.89, 0.89, 0.8662249851226806, 0.8653434920310974, 0.26, 0.26, 0.35, 0.37, 0.75, 0.81, 0.75, 0.28, 0.36, 0.67, 0.56, 0.35, 0.37, 0.56, 0.56, 1.05, 0.23, 1.09, 0.21, 0.16, 1, 99, 99, 99]
--- num:  29
list:  [0.67, 0.67, 1, 1, 0.89, 0.89, 0.4837810206413269, 0.4784753429889679, 0.27, 0.27, 0.33, 0.38, 0.5549999999999999, 0.5999999999999999, 0.75, 0.31, 0.75, 0.69, 0.44, 0.74, 0.76, 0.44, 0.44, 0.92, 0.29, 0.95, 0.27, 0.06, 1, 99, 99, 99]
--- num:  29
list:  [0.67, 0.67, 1, 1, 0.88, 0.88, 0.30120046019554136, 0.2987984824180603, 0.31, 0.31, 0.34, 0.37, 0, 0, 0.75, 0.3, 0.96, 0.69, 0.31, 0.96, 0.96, 0.31, 0.31, 0.44, 0.67, 0.44, 0.66, 0.04, 0.96, 99, 99, 99]
--- num:  29
list:  [0.64, 0.64, 1, 1, 0.91, 0.91, 0.16199999999999998, 0.16199999999999998, 0.33, 0.33, 0.36, 0.35, 0, 0, 0.75, 0.32, 0.97, 0.7, 0.3, 0.97, 0.97, 0.3, 0.3, 0.31, 0.92, 0.31, 0.92, 0.05, 1, 99, 99, 99]
--- num:  29
list:  [0.62, 0.62, 1, 1, 0.92, 0.92, 0.16199999999999998, 0.16199999999999998, 0.34, 0.34, 0.36, 0.36, 0, 0, 0.75, 0.33, 0.98, 0.71, 0.3, 0.98, 0.98, 0.3, 0.3, 0.31, 0.92, 0.31, 0.92, 0.05, 0.92, 99, 99, 99]
--- num:  29
list:  [0.62, 0.62, 1, 1, 0.93, 0.93, 0.16199999999999998, 0.16199999999999998, 0.34, 0.34, 0.35, 0.36, 0, 0, 1, 0.33, 0.98, 0.71, 0.29, 0.98, 0.98, 0.29, 0.29, 0.31, 0.92, 0.31, 0.92, 0.05, 0.79, 99, 99, 99]
--- num:  29
list:  [0.62, 0.62, 1, 1, 0.93, 0.93, 0.16199999999999998, 0.16199999999999998, 0.35, 0.35, 0.36, 0.35, 0, 0, 0.75, 0.33, 0.99, 0.71, 0.29, 0.99, 0.99, 0.29, 0.29, 0.31, 0.92, 0.31, 0.92, 0.05, 0.79, 99, 99, 99]
--- num:  29
list:  [0.6, 0.6, 1, 1, 0.94, 0.94, 0.16199999999999998, 0.16199999999999998, 0.48, 0.48, 0.43, 0.28, 0, 0, 0.75, 0.35, 0.99, 0.72, 0.29, 0.99, 0.99, 0.29, 0.29, 0.31, 0.92, 0.31, 0.92, 0.06, 1, 99, 99, 99]
--- num:  29
list:  [0.6, 0.6, 1, 1, 0.94, 0.94, 0.16199999999999998, 0.16199999999999998, 0.48, 0.48, 0.44, 0.27, 0, 0, 0.75, 0.35, 0.99, 0.73, 0.29, 0.99, 0.99, 0.29, 0.29, 0.31, 0.92, 0.31, 0.92, 0.07, 1, 99, 99, 99]
--- num:  29
list:  [0.61, 0.61, 1, 1, 0.94, 0.94, 0.16199999999999998, 0.16199999999999998, 0.46, 0.46, 0.43, 0.29, 0, 0, 0.75, 0.35, 0.99, 0.73, 0.3, 0.99, 0.99, 0.3, 0.3, 0.31, 0.92, 0.31, 0.92, 0.07, 1, 99, 99, 99]
--- num:  29
list:  [0.61, 0.61, 1, 1, 0.93, 0.93, 0.16199999999999998, 0.16199999999999998, 0.45, 0.45, 0.4, 0.31, 0, 0, 0.75, 0.34, 0.99, 0.71, 0.3, 0.99, 0.99, 0.3, 0.3, 0.31, 0.92, 0.31, 0.92, 0.07, 1, 99, 99, 99]
--- num:  29
list:  [0.65, 0.65, 1, 1, 0.9, 0.9, 0.8989298748970032, 0.8973573851585388, 0.25, 0.25, 0.35, 0.37, 0, 0, 0.75, 0.37, 0.99, 0.74, 0.3, 0.99, 0.99, 0.3, 0.3, 0.31, 0.92, 0.31, 0.92, 0.07, 0.93, 99, 99, 99]
--- num:  29
list:  [0.66, 0.66, 1, 1, 0.9, 0.9, 0.35151870131492613, 0.3488492476940155, 0.26, 0.26, 0.35, 0.36, 0, 0, 0.75, 0.37, 0.99, 0.74, 0.31, 0.99, 0.99, 0.31, 0.31, 0.31, 0.92, 0.31, 0.92, 0.07, 1, 99, 99, 99]
--- num:  29
list:  [0.65, 0.65, 1, 1, 0.9, 0.9, 0.19342861652374266, 0.1916139382123947, 0.31, 0.31, 0.36, 0.35, 0, 0, 0.75, 0.3, 0.97, 0.69, 0.36, 0.97, 0.97, 0.36, 0.36, 0.31, 0.92, 0.32, 0.9, 0.06, 1, 99, 99, 99]
--- num:  29
list:  [0.64, 0.64, 1, 1, 0.91, 0.91, 0.2176022934913635, 0.21541824519634245, 0.3, 0.3, 0.36, 0.35, 0, 0, 0.75, 0.31, 0.84, 0.69, 0.5, 0.84, 0.84, 0.5, 0.5, 0.48, 0.59, 0.51, 0.54, 0.05, 1, 99, 99, 99]
--- num:  29
list:  [0.65, 0.65, 1, 1, 0.9, 0.9, 0.3016852843761444, 0.2988091218471527, 0.28, 0.28, 0.36, 0.35, 0, 0, 0.75, 0.31, 0.85, 0.7, 0.47, 0.85, 0.85, 0.47, 0.47, 0.49, 0.58, 0.51, 0.52, 0.05, 1, 99, 99, 99]
--- num:  29
list:  [0.65, 0.65, 1, 1, 0.9, 0.9, 0.32231963753700255, 0.31911821246147154, 0.27, 0.27, 0.36, 0.34, 0, 0, 0.75, 0.32, 0.92, 0.7, 0.39, 0.92, 0.92, 0.39, 0.39, 0.34, 0.85, 0.37, 0.8, 0.05, 1, 99, 99, 99]
--- num:  29
list:  [0.65, 0.65, 1, 1, 0.9, 0.9, 0.31773612976074217, 0.3149862992763519, 0.27, 0.27, 0.36, 0.34, 0, 0, 0.75, 0.31, 0.96, 0.69, 0.34, 0.96, 0.96, 0.34, 0.34, 0.31, 0.92, 0.34, 0.86, 0.06, 1, 99, 99, 99]
--- num:  29
list:  [0.65, 0.65, 1, 1, 0.9, 0.9, 0.5531541514396667, 0.5245627570152283, 0.31, 0.31, 0.39, 0.32, 0, 0, 0.75, 0.31, 0.965, 0.69, 0.33, 0.97, 0.96, 0.33, 0.33, 0.36, 0.81, 0.4, 0.74, 0.06, 1, 99, 99, 99]
--- num:  29
list:  [0.63, 0.63, 1, 1, 0.92, 0.92, 0.16199999999999998, 0.16199999999999998, 0.47, 0.47, 0.45, 0.26, 0, 0, 0.75, 0.31, 0.97, 0.69, 0.33, 0.97, 0.97, 0.33, 0.33, 0.31, 0.92, 0.35, 0.85, 0.07, 1, 99, 99, 99]
--- num:  29
list:  [0.62, 0.62, 1, 1, 0.92, 0.92, 0.16199999999999998, 0.16199999999999998, 0.48, 0.48, 0.46, 0.25, 0, 0, 0.75, 0.32, 0.97, 0.7, 0.35, 0.97, 0.97, 0.35, 0.35, 0.31, 0.92, 0.33, 0.87, 0.07, 1, 99, 99, 99]
--- num:  29
list:  [0.62, 0.62, 1, 1, 0.92, 0.92, 0.16199999999999998, 0.16199999999999998, 0.49, 0.49, 0.45, 0.26, 0, 0, 0.75, 0.35, 0.925, 0.73, 0.4, 0.93, 0.92, 0.4, 0.4, 0.44, 0.67, 0.48, 0.59, 0.07, 1, 99, 99, 99]
--- num:  29
list:  [0.62, 0.62, 1, 1, 0.93, 0.93, 0.16199999999999998, 0.16199999999999998, 0.48, 0.48, 0.45, 0.27, 0, 0, 0.75, 0.35, 0.91, 0.73, 0.41, 0.91, 0.91, 0.41, 0.41, 0.43, 0.68, 0.47, 0.6, 0.07, 1, 99, 99, 99]
--- num:  29
list:  [0.62, 0.62, 1, 1, 0.93, 0.93, 0.16199999999999998, 0.16199999999999998, 0.49, 0.49, 0.45, 0.26, 0, 0, 0.75, 0.35, 0.93, 0.72, 0.37, 0.93, 0.93, 0.37, 0.37, 0.43, 0.68, 0.47, 0.6, 0.07, 1, 99, 99, 99]
--- num:  29
list:  [0.62, 0.62, 1, 1, 0.93, 0.93, 0.16199999999999998, 0.16199999999999998, 0.5, 0.5, 0.47, 0.24, 0, 0, 0.75, 0.33, 0.96, 0.71, 0.35, 0.96, 0.96, 0.35, 0.35, 0.31, 0.92, 0.34, 0.85, 0.07, 1, 99, 99, 99]
--- num:  29
list:  [0.59, 0.59, 1, 1, 0.95, 0.95, 0.16199999999999998, 0.16199999999999998, 0.51, 0.51, 0.48, 0.24, 0, 0, 1, 0.33, 0.98, 0.71, 0.31, 0.98, 0.98, 0.31, 0.31, 0.31, 0.92, 0.31, 0.92, 0.07, 1, 99, 99, 99]
--- num:  29
list:  [0.57, 0.57, 1, 1, 0.96, 0.96, 0.16199999999999998, 0.16199999999999998, 0.51, 0.51, 0.49, 0.23, 0, 0, 1, 0.34, 0.985, 0.72, 0.31, 0.98, 0.99, 0.31, 0.31, 0.31, 0.92, 0.31, 0.92, 0.08, 1, 99, 99, 99]
--- num:  29
list:  [0.56, 0.56, 1, 1, 0.98, 0.98, 0.16199999999999998, 0.16199999999999998, 0.51, 0.51, 0.47, 0.25, 0, 0, 1, 0.35, 0.99, 0.72, 0.3, 0.99, 0.99, 0.3, 0.3, 0.31, 0.92, 0.31, 0.92, 0.09, 0.9, 99, 99, 99]
--- num:  29
list:  [0.41, 0.41, 0.73, 0.73, 1, 1, 0.16199999999999998, 0.16199999999999998, 0.49, 0.49, 0.46, 0.26, 0, 0, 1, 0.35, 0.99, 0.73, 0.3, 0.99, 0.99, 0.3, 0.3, 0.31, 0.92, 0.31, 0.92, 0.09, 0.83, 99, 99, 99]
--- num:  29
list:  [0.42, 0.42, 0.74, 0.74, 1, 1, 0.16199999999999998, 0.16199999999999998, 0.49, 0.49, 0.47, 0.25, 0, 0, 1, 0.36, 0.99, 0.73, 0.3, 0.99, 0.99, 0.3, 0.3, 0.31, 0.92, 0.31, 0.92, 0.08, 0.92, 99, 99, 99]
--- num:  29
list:  [0.42, 0.42, 0.76, 0.76, 1, 1, 0.16199999999999998, 0.16199999999999998, 0.48, 0.48, 0.48, 0.24, 0, 0, 1, 0.36, 0.99, 0.73, 0.3, 0.99, 0.99, 0.3, 0.3, 0.31, 0.92, 0.31, 0.92, 0.09, 0.89, 99, 99, 99]
--- num:  29
list:  [0.45, 0.45, 0.81, 0.81, 1, 1, 0.23010079145431517, 0.22961499869823454, 0.31, 0.31, 0.37, 0.35, 0, 0, 1, 0.36, 0.99, 0.73, 0.3, 0.99, 0.99, 0.3, 0.3, 0.31, 0.92, 0.31, 0.92, 0.09, 0.78, 99, 99, 99]
--- num:  29
list:  [0.56, 0.56, 1, 1, 0.98, 0.98, 0.29098604202270506, 0.2899117279052734, 0.26, 0.26, 0.37, 0.35, 0, 0, 1, 0.35, 0.99, 0.72, 0.3, 0.99, 0.99, 0.3, 0.3, 0.31, 0.92, 0.31, 0.92, 0.07, 0.7, 99, 99, 99]
--- num:  29
list:  [0.56, 0.56, 1, 1, 0.98, 0.98, 0.16199999999999998, 0.16199999999999998, 0.33, 0.33, 0.38, 0.34, 0, 0, 1, 0.32, 0.99, 0.71, 0.3, 0.99, 0.99, 0.3, 0.3, 0.31, 0.92, 0.31, 0.92, 0.06, 0.68, 99, 99, 99]
--- num:  29
list:  [0.62, 0.62, 1, 1, 0.92, 0.92, 0.16199999999999998, 0.16199999999999998, 0.31, 0.31, 0.38, 0.34, 0, 0, 1, 0.32, 0.99, 0.7, 0.3, 0.99, 0.99, 0.3, 0.3, 0.31, 0.92, 0.31, 0.92, 0.06, 0.66, 99, 99, 99]
--- num:  29
list:  [0.63, 0.63, 1, 1, 0.92, 0.92, 0.31389270305633543, 0.3121258425712585, 0.27, 0.27, 0.39, 0.32, 0, 0, 1, 0.34, 0.99, 0.72, 0.3, 0.99, 0.99, 0.3, 0.3, 0.31, 0.92, 0.31, 0.92, 0.06, 0.58, 99, 99, 99]
--- num:  29
list:  [0.64, 0.64, 1, 1, 0.91, 0.91, 0.2540369141101837, 0.2531525897979736, 0.27, 0.27, 0.4, 0.31, 0, 0, 1, 0.34, 0.99, 0.72, 0.3, 0.99, 0.99, 0.3, 0.3, 0.31, 0.92, 0.31, 0.92, 0.06, 0.55, 99, 99, 99]
--- num:  29
list:  [0.64, 0.64, 1, 1, 0.91, 0.91, 0.24113566756248472, 0.23974518060684202, 0.28, 0.28, 0.4, 0.32, 0, 0, 1, 0.34, 0.99, 0.72, 0.3, 0.99, 0.99, 0.3, 0.3, 0.31, 0.92, 0.31, 0.92, 0.05, 0.53, 99, 99, 99]
--- num:  29
list:  [0.64, 0.64, 1, 1, 0.91, 0.91, 0.25827632427215574, 0.2556717205047607, 0.29, 0.29, 0.4, 0.31, 0, 0, 1, 0.34, 0.99, 0.72, 0.3, 0.99, 0.99, 0.3, 0.3, 0.31, 0.92, 0.31, 0.92, 0.05, 0.53, 99, 99, 99]
--- num:  29
list:  [0.61, 0.61, 1, 1, 0.93, 0.93, 0.16199999999999998, 0.16199999999999998, 0.45, 0.45, 0.62, 0.1, 0, 0, 1, 0.36, 0.99, 0.73, 0.29, 0.99, 0.99, 0.29, 0.29, 0.31, 0.92, 0.31, 0.92, 0.06, 0.62, 99, 99, 99]
--- num:  29
list:  [0.61, 0.61, 1, 1, 0.93, 0.93, 0.16199999999999998, 0.16199999999999998, 0.47, 0.47, 0.62, 0.1, 0, 0, 0.75, 0.37, 0.99, 0.74, 0.3, 0.99, 0.99, 0.3, 0.3, 0.31, 0.92, 0.31, 0.92, 0.06, 0.74, 99, 99, 99]
--- num:  29
list:  [0.61, 0.61, 1, 1, 0.93, 0.93, 0.16199999999999998, 0.16199999999999998, 0.47, 0.47, 0.6, 0.12, 0, 0, 0.75, 0.39, 0.99, 0.76, 0.3, 0.99, 0.99, 0.3, 0.3, 0.31, 0.92, 0.31, 0.92, 0.06, 0.79, 99, 99, 99]
--- num:  29
list:  [0.61, 0.61, 1, 1, 0.93, 0.93, 0.16199999999999998, 0.16199999999999998, 0.48, 0.48, 0.59, 0.13, 0, 0, 0.75, 0.39, 0.99, 0.76, 0.3, 0.99, 0.99, 0.3, 0.3, 0.31, 0.92, 0.31, 0.92, 0.06, 0.91, 99, 99, 99]
--- num:  29
list:  [0.61, 0.61, 1, 1, 0.94, 0.94, 0.5508016157150268, 0.5399305033683777, 0.23, 0.23, 0.36, 0.35, 0, 0, 0.75, 0.38, 0.99, 0.74, 0.3, 0.99, 0.99, 0.3, 0.3, 0.31, 0.92, 0.31, 0.92, 0.06, 0.81, 99, 99, 99]
--- num:  29
list:  [0.61, 0.61, 1, 1, 0.93, 0.93, 0.31746004104614256, 0.31405908942222593, 0.26, 0.26, 0.37, 0.34, 0, 0, 0.75, 0.38, 0.99, 0.75, 0.31, 0.99, 0.99, 0.31, 0.31, 0.31, 0.92, 0.31, 0.92, 0.06, 0.7, 99, 99, 99]
--- num:  29
list:  [0.6, 0.6, 1, 1, 0.94, 0.94, 0.3955229330062866, 0.3924275743961334, 0.26, 0.26, 0.36, 0.35, 0, 0, 0.75, 0.38, 0.99, 0.75, 0.31, 0.99, 0.99, 0.31, 0.31, 0.31, 0.92, 0.31, 0.92, 0.06, 0.72, 99, 99, 99]
--- num:  29
list:  [0.65, 0.65, 1, 1, 0.9, 0.9, 0.9513086485862732, 0.9513386297225952, 0.28, 0.28, 0.35, 0.37, 0, 0, 0.75, 0.43, 0.97, 0.79, 0.31, 0.97, 0.97, 0.31, 0.31, 0.31, 0.92, 0.31, 0.92, 0.05, 0.65, 99, 99, 99]
--- num:  29
list:  [0.65, 0.65, 1, 1, 0.9, 0.9, 0.9440551805496216, 0.9440379548072815, 0.28, 0.28, 0.35, 0.37, 0, 0, 0.75, 0.43, 0.965, 0.79, 0.3, 0.97, 0.96, 0.3, 0.3, 0.31, 0.92, 0.31, 0.92, 0.05, 0.63, 99, 99, 99]
--- num:  29
list:  [0.65, 0.65, 1, 1, 0.9, 0.9, 0.9386610198020935, 0.9385801362991333, 0.28, 0.28, 0.35, 0.37, 0, 0, 0.75, 0.42, 0.965, 0.78, 0.3, 0.97, 0.96, 0.3, 0.3, 0.31, 0.92, 0.31, 0.92, 0.04, 0.62, 99, 99, 99]
--- num:  29
list:  [0.65, 0.65, 1, 1, 0.9, 0.9, 0.9258863735198974, 0.9255727934837341, 0.27, 0.27, 0.35, 0.38, 0, 0, 0.75, 0.41, 0.965, 0.77, 0.3, 0.97, 0.96, 0.3, 0.3, 0.31, 0.92, 0.31, 0.92, 0.04, 0.62, 99, 99, 99]
--- num:  29
list:  [0.63, 0.63, 1, 1, 0.92, 0.92, 0.852846782207489, 0.8474809336662292, 0.22, 0.22, 0.33, 0.39, 0, 0, 0.75, 0.36, 0.97, 0.73, 0.3, 0.97, 0.97, 0.3, 0.3, 0.31, 0.92, 0.31, 0.92, 0.04, 0.64, 99, 99, 99]
--- num:  29
list:  [0.61, 0.61, 1, 1, 0.93, 0.93, 0.7512661623954773, 0.7441145586967468, 0.2, 0.2, 0.34, 0.38, 0, 0, 0.75, 0.35, 0.97, 0.73, 0.3, 0.97, 0.97, 0.3, 0.3, 0.31, 0.92, 0.31, 0.92, 0.04, 0.67, 99, 99, 99]
--- num:  29
list:  [0.61, 0.61, 1, 1, 0.93, 0.93, 0.6842152285575867, 0.6780316042900085, 0.19, 0.19, 0.34, 0.37, 0, 0, 0.75, 0.36, 0.975, 0.73, 0.3, 0.98, 0.97, 0.3, 0.3, 0.31, 0.92, 0.31, 0.92, 0.04, 0.68, 99, 99, 99]
--- num:  29
list:  [0.61, 0.61, 1, 1, 0.93, 0.93, 0.7676628041267395, 0.7627993631362915, 0.19, 0.19, 0.34, 0.37, 0, 0, 0.75, 0.35, 0.975, 0.73, 0.31, 0.98, 0.97, 0.31, 0.31, 0.31, 0.92, 0.31, 0.92, 0.05, 0.68, 99, 99, 99]
--- num:  29
list:  [0.61, 0.61, 1, 1, 0.94, 0.94, 0.83931396484375, 0.8367355871200561, 0.2, 0.2, 0.34, 0.38, 0, 0, 0.75, 0.35, 0.975, 0.72, 0.31, 0.98, 0.97, 0.31, 0.31, 0.31, 0.92, 0.31, 0.92, 0.05, 0.71, 99, 99, 99]
--- num:  29
list:  [0.6, 0.6, 1, 1, 0.94, 0.94, 0.7413585591316223, 0.6370844054222107, 0.32, 0.32, 0.36, 0.36, 0, 0, 0.75, 0.34, 0.98, 0.72, 0.3, 0.98, 0.98, 0.3, 0.3, 0.31, 0.92, 0.31, 0.92, 0.05, 0.9, 99, 99, 99]
--- num:  29
list:  [0.59, 0.59, 1, 1, 0.95, 0.95, 0.24214796304702757, 0.2316636252403259, 0.39, 0.39, 0.37, 0.34, 0, 0, 0.75, 0.33, 0.98, 0.71, 0.3, 0.98, 0.98, 0.3, 0.3, 0.31, 0.92, 0.31, 0.92, 0.05, 1, 99, 99, 99]
--- num:  29
list:  [0.59, 0.59, 1, 1, 0.95, 0.95, 0.16199999999999998, 0.16199999999999998, 0.42, 0.42, 0.37, 0.35, 0, 0, 0.75, 0.31, 0.98, 0.69, 0.3, 0.98, 0.98, 0.3, 0.3, 0.31, 0.92, 0.31, 0.92, 0.05, 1, 99, 99, 99]
--- num:  29
list:  [0.59, 0.59, 1, 1, 0.95, 0.95, 0.16199999999999998, 0.16199999999999998, 0.43, 0.43, 0.38, 0.34, 0, 0, 0.75, 0.3, 0.98, 0.69, 0.3, 0.98, 0.98, 0.3, 0.3, 0.31, 0.92, 0.31, 0.92, 0.05, 0.95, 99, 99, 99]
--- num:  29
list:  [0.59, 0.59, 1, 1, 0.95, 0.95, 0.16199999999999998, 0.16199999999999998, 0.4, 0.4, 0.37, 0.35, 0, 0, 0.75, 0.29, 0.98, 0.68, 0.3, 0.98, 0.98, 0.3, 0.3, 0.31, 0.92, 0.31, 0.92, 0.05, 0.96, 99, 99, 99]
--- num:  29
list:  [0.63, 0.63, 1, 1, 0.92, 0.92, 0.8630139636993408, 0.8581429529190063, 0.25, 0.25, 0.34, 0.38, 0, 0, 0.75, 0.3, 0.97, 0.69, 0.3, 0.97, 0.97, 0.3, 0.3, 0.31, 0.92, 0.31, 0.92, 0.04, 0.68, 99, 99, 99]
--- num:  29
list:  [0.61, 0.61, 1, 1, 0.93, 0.93, 0.28306121706962584, 0.28169424414634703, 0.28, 0.28, 0.35, 0.36, 0, 0, 0.75, 0.3, 0.97, 0.69, 0.3, 0.97, 0.97, 0.3, 0.3, 0.31, 0.92, 0.31, 0.92, 0.04, 0.77, 99, 99, 99]
--- num:  29
list:  [0.62, 0.62, 1, 1, 0.93, 0.93, 0.6997262644767761, 0.6934965658187866, 0.22, 0.22, 0.36, 0.36, 0, 0, 0.75, 0.3, 0.97, 0.68, 0.31, 0.97, 0.97, 0.31, 0.31, 0.31, 0.92, 0.31, 0.92, 0.04, 0.78, 99, 99, 99]
--- num:  29
list:  [0.66, 0.66, 1, 1, 0.89, 0.89, 0.8837482142448425, 0.8818859267234802, 0.19, 0.19, 0.36, 0.36, 0, 0, 0.75, 0.3, 0.96, 0.69, 0.31, 0.96, 0.96, 0.31, 0.31, 0.31, 0.92, 0.31, 0.92, 0.04, 0.62, 99, 99, 99]
--- num:  29
list:  [0.63, 0.63, 1, 1, 0.91, 0.91, 0.31184167742729185, 0.3112508463859558, 0.25, 0.25, 0.36, 0.35, 0, 0, 0.75, 0.31, 0.96, 0.69, 0.35, 0.96, 0.96, 0.35, 0.35, 0.31, 0.92, 0.31, 0.92, 0.04, 0.56, 99, 99, 99]
--- num:  29
list:  [0.62, 0.62, 1, 1, 0.93, 0.93, 0.22023149907588957, 0.22002112448215483, 0.29, 0.29, 0.38, 0.34, 0, 0, 0.75, 0.3, 0.97, 0.69, 0.34, 0.97, 0.97, 0.34, 0.34, 0.31, 0.92, 0.31, 0.92, 0.04, 0.55, 99, 99, 99]
--- num:  29
list:  [0.6, 0.6, 1, 1, 0.94, 0.94, 0.3655908215045929, 0.3651214349269867, 0.27, 0.27, 0.42, 0.3, 0, 0, 0.75, 0.31, 0.97, 0.69, 0.34, 0.97, 0.97, 0.34, 0.34, 0.31, 0.92, 0.31, 0.92, 0.04, 0.5, 99, 99, 99]
--- num:  29
list:  [0.6, 0.6, 1, 1, 0.95, 0.95, 0.33214003920555113, 0.33123127698898314, 0.28, 0.28, 0.46, 0.26, 0, 0, 0.75, 0.32, 0.96, 0.71, 0.31, 0.96, 0.96, 0.31, 0.31, 0.31, 0.92, 0.31, 0.92, 0.03, 0.45, 99, 99, 99]
--- num:  29
list:  [0.58, 0.58, 1, 1, 0.96, 0.96, 0.16199999999999998, 0.16199999999999998, 0.43, 0.43, 0.47, 0.25, 0, 0, 0.75, 0.31, 0.965, 0.69, 0.3, 0.97, 0.96, 0.3, 0.3, 0.31, 0.92, 0.31, 0.92, 0.03, 0.45, 99, 99, 99]
--- num:  29
list:  [0.57, 0.57, 1, 1, 0.97, 0.97, 0.16199999999999998, 0.16199999999999998, 0.49, 0.49, 0.69, 0.04, 0, 0, 0.75, 0.3, 0.97, 0.69, 0.3, 0.97, 0.97, 0.3, 0.3, 0.31, 0.92, 0.31, 0.92, 0.03, 0.51, 99, 99, 99]
--- num:  29
list:  [0.57, 0.57, 1, 1, 0.97, 0.97, 0.16199999999999998, 0.16199999999999998, 0.51, 0.51, 0.64, 0.08, 0, 0, 0.75, 0.3, 0.97, 0.69, 0.29, 0.97, 0.97, 0.29, 0.29, 0.31, 0.92, 0.31, 0.92, 0.02, 0.62, 99, 99, 99]
--- num:  29
list:  [0.57, 0.57, 1, 1, 0.96, 0.96, 0.16199999999999998, 0.16199999999999998, 0.43, 0.43, 0.58, 0.13, 0, 0, 0.75, 0.3, 0.975, 0.69, 0.29, 0.98, 0.97, 0.29, 0.29, 0.31, 0.92, 0.31, 0.92, 0.02, 0.69, 99, 99, 99]
--- num:  29
list:  [0.59, 0.59, 1, 1, 0.95, 0.95, 0.22265624582767485, 0.22213601648807524, 0.36, 0.36, 0.31, 0.41, 0, 0, 0.75, 0.33, 0.97, 0.71, 0.29, 0.97, 0.97, 0.29, 0.29, 0.31, 0.92, 0.31, 0.92, 0.02, 0.74, 99, 99, 99]
--- num:  29
list:  [0.58, 0.58, 1, 1, 0.96, 0.96, 0.16199999999999998, 0.16199999999999998, 0.44, 0.44, 0.3, 0.41, 0, 0, 0.75, 0.31, 0.97, 0.69, 0.3, 0.97, 0.97, 0.3, 0.3, 0.31, 0.92, 0.31, 0.92, 0.02, 1, 99, 99, 99]
--- num:  29
list:  [0.58, 0.58, 1, 1, 0.96, 0.96, 0.16199999999999998, 0.16199999999999998, 0.44, 0.44, 0.3, 0.41, 0, 0, 0.75, 0.3, 0.97, 0.69, 0.3, 0.97, 0.97, 0.3, 0.3, 0.31, 0.92, 0.31, 0.92, 0.02, 1, 99, 99, 99]
--- num:  29
list:  [0.58, 0.58, 1, 1, 0.96, 0.96, 0.16199999999999998, 0.16199999999999998, 0.44, 0.44, 0.31, 0.4, 0, 0, 0.75, 0.3, 0.97, 0.69, 0.3, 0.97, 0.97, 0.3, 0.3, 0.31, 0.92, 0.31, 0.92, 0.02, 1, 99, 99, 99]
--- num:  29
list:  [0.58, 0.58, 1, 1, 0.96, 0.96, 0.16199999999999998, 0.16199999999999998, 0.42, 0.42, 0.31, 0.4, 0, 0, 0.75, 0.3, 0.97, 0.69, 0.3, 0.97, 0.97, 0.3, 0.3, 0.31, 0.92, 0.31, 0.92, 0.02, 1, 99, 99, 99]
--- num:  29
list:  [0.59, 0.59, 1, 1, 0.95, 0.95, 0.6445062565803528, 0.6415097522735596, 0.23, 0.23, 0.34, 0.38, 0, 0, 0.75, 0.36, 0.955, 0.73, 0.29, 0.96, 0.95, 0.29, 0.29, 0.31, 0.92, 0.31, 0.92, 0.02, 1, 99, 99, 99]
--- num:  29
list:  [0.59, 0.59, 1, 1, 0.95, 0.95, 0.16199999999999998, 0.16199999999999998, 0.37, 0.37, 0.33, 0.39, 0, 0, 0.75, 0.32, 0.96, 0.7, 0.3, 0.96, 0.96, 0.3, 0.3, 0.31, 0.92, 0.31, 0.92, 0.03, 1, 99, 99, 99]
--- num:  29
list:  [0.58, 0.58, 1, 1, 0.96, 0.96, 0.16199999999999998, 0.16199999999999998, 0.38, 0.38, 0.34, 0.38, 0, 0, 0.75, 0.31, 0.97, 0.7, 0.3, 0.97, 0.97, 0.3, 0.3, 0.31, 0.92, 0.31, 0.92, 0.03, 1, 99, 99, 99]
--- num:  29
list:  [0.58, 0.58, 1, 1, 0.96, 0.96, 0.16199999999999998, 0.16199999999999998, 0.38, 0.38, 0.34, 0.37, 0, 0, 0.75, 0.31, 0.97, 0.69, 0.3, 0.97, 0.97, 0.3, 0.3, 0.31, 0.92, 0.31, 0.92, 0.03, 1, 99, 99, 99]
--- num:  29
list:  [0.58, 0.58, 1, 1, 0.96, 0.96, 0.16199999999999998, 0.16199999999999998, 0.38, 0.38, 0.35, 0.37, 0, 0, 0.75, 0.31, 0.97, 0.69, 0.3, 0.97, 0.97, 0.3, 0.3, 0.31, 0.92, 0.31, 0.92, 0.03, 1, 99, 99, 99]
--- num:  29
list:  [0.58, 0.58, 1, 1, 0.96, 0.96, 0.16199999999999998, 0.16199999999999998, 0.38, 0.38, 0.37, 0.35, 0, 0, 0.75, 0.31, 0.98, 0.69, 0.3, 0.98, 0.98, 0.3, 0.3, 0.31, 0.92, 0.31, 0.92, 0.03, 0.83, 99, 99, 99]
--- num:  29
list:  [0.58, 0.58, 1, 1, 0.96, 0.96, 0.16199999999999998, 0.16199999999999998, 0.44, 0.44, 0.45, 0.27, 0, 0, 0.75, 0.31, 0.98, 0.7, 0.3, 0.98, 0.98, 0.3, 0.3, 0.31, 0.92, 0.31, 0.92, 0.04, 0.82, 99, 99, 99]
--- num:  29
list:  [0.57, 0.57, 1, 1, 0.97, 0.97, 0.16199999999999998, 0.16199999999999998, 0.53, 0.53, 0.55, 0.17, 0, 0, 0.75, 0.34, 0.98, 0.72, 0.3, 0.98, 0.98, 0.3, 0.3, 0.31, 0.92, 0.31, 0.92, 0.05, 1, 99, 99, 99]
--- num:  29
list:  [0.57, 0.57, 1, 1, 0.97, 0.97, 0.16199999999999998, 0.16199999999999998, 0.53, 0.53, 0.53, 0.19, 0, 0, 0.75, 0.34, 0.985, 0.72, 0.3, 0.98, 0.99, 0.3, 0.3, 0.31, 0.92, 0.31, 0.92, 0.05, 1, 99, 99, 99]
--- num:  29
list:  [0.57, 0.57, 1, 1, 0.97, 0.97, 0.16199999999999998, 0.16199999999999998, 0.43, 0.43, 0.44, 0.28, 0, 0, 0.75, 0.35, 0.99, 0.72, 0.3, 0.99, 0.99, 0.3, 0.3, 0.31, 0.92, 0.31, 0.92, 0.05, 1, 99, 99, 99]
--- num:  29
list:  [0.57, 0.57, 1, 1, 0.97, 0.97, 0.16199999999999998, 0.16199999999999998, 0.42, 0.42, 0.46, 0.26, 0, 0, 0.75, 0.36, 0.985, 0.74, 0.3, 0.98, 0.99, 0.3, 0.3, 0.31, 0.92, 0.31, 0.92, 0.05, 0.73, 99, 99, 99]
--- num:  29
list:  [0.57, 0.57, 1, 1, 0.97, 0.97, 0.16199999999999998, 0.16199999999999998, 0.54, 0.54, 0.57, 0.16, 0, 0, 0.75, 0.34, 0.99, 0.72, 0.3, 0.99, 0.99, 0.3, 0.3, 0.31, 0.92, 0.31, 0.92, 0.05, 0.87, 99, 99, 99]
--- num:  29
list:  [0.56, 0.56, 1, 1, 0.98, 0.98, 0.16199999999999998, 0.16199999999999998, 0.56, 0.56, 0.52, 0.2, 0, 0, 0.75, 0.34, 0.99, 0.72, 0.3, 0.99, 0.99, 0.3, 0.3, 0.31, 0.92, 0.31, 0.92, 0.05, 1, 99, 99, 99]
--- num:  29
list:  [0.56, 0.56, 1, 1, 0.98, 0.98, 0.16199999999999998, 0.16199999999999998, 0.57, 0.57, 0.53, 0.19, 0, 0, 0.75, 0.35, 0.985, 0.72, 0.3, 0.98, 0.99, 0.3, 0.3, 0.31, 0.92, 0.31, 0.92, 0.04, 1, 99, 99, 99]
--- num:  29
list:  [0.56, 0.56, 1, 1, 0.98, 0.98, 0.16199999999999998, 0.16199999999999998, 0.55, 0.55, 0.55, 0.18, 0, 0, 0.75, 0.35, 0.985, 0.72, 0.3, 0.98, 0.99, 0.3, 0.3, 0.31, 0.92, 0.31, 0.92, 0.04, 1, 99, 99, 99]
--- num:  29
list:  [0.56, 0.56, 1, 1, 0.97, 0.97, 0.3145676064491272, 0.312893431186676, 0.31, 0.31, 0.48, 0.24, 0, 0, 0.75, 0.35, 0.985, 0.72, 0.3, 0.98, 0.99, 0.3, 0.3, 0.31, 0.92, 0.31, 0.92, 0.04, 0.72, 99, 99, 99]
--- num:  29
list:  [0.56, 0.56, 1, 1, 0.97, 0.97, 0.16199999999999998, 0.16199999999999998, 0.5, 0.5, 0.56, 0.16, 0, 0, 0.75, 0.34, 0.98, 0.72, 0.3, 0.98, 0.98, 0.3, 0.3, 0.31, 0.92, 0.31, 0.92, 0.04, 0.71, 99, 99, 99]
--- num:  29
list:  [0.56, 0.56, 1, 1, 0.98, 0.98, 0.16199999999999998, 0.16199999999999998, 0.51, 0.51, 0.56, 0.16, 0, 0, 0.75, 0.33, 0.985, 0.71, 0.29, 0.98, 0.99, 0.29, 0.29, 0.31, 0.92, 0.31, 0.92, 0.03, 0.7, 99, 99, 99]
--- num:  29
list:  [0.56, 0.56, 1, 1, 0.98, 0.98, 0.16199999999999998, 0.16199999999999998, 0.51, 0.51, 0.58, 0.14, 0, 0, 0.75, 0.33, 0.99, 0.71, 0.29, 0.99, 0.99, 0.29, 0.29, 0.31, 0.92, 0.31, 0.92, 0.03, 0.64, 99, 99, 99]
--- num:  29
list:  [0.56, 0.56, 1, 1, 0.98, 0.98, 0.16199999999999998, 0.16199999999999998, 0.51, 0.51, 0.59, 0.14, 0, 0, 0.75, 0.33, 0.99, 0.71, 0.3, 0.99, 0.99, 0.3, 0.3, 0.31, 0.92, 0.31, 0.92, 0.04, 0.62, 99, 99, 99]
--- num:  29
list:  [0.57, 0.57, 1, 1, 0.97, 0.97, 0.5464721131324768, 0.544834177494049, 0.26, 0.26, 0.43, 0.29, 0, 0, 0.75, 0.35, 0.98, 0.73, 0.3, 0.98, 0.98, 0.3, 0.3, 0.31, 0.92, 0.31, 0.92, 0.03, 0.56, 99, 99, 99]
--- num:  29
list:  [0.59, 0.59, 1, 1, 0.95, 0.95, 0.16199999999999998, 0.16199999999999998, 0.34, 0.34, 0.42, 0.3, 0, 0, 0.75, 0.33, 0.98, 0.71, 0.3, 0.98, 0.98, 0.3, 0.3, 0.31, 0.92, 0.31, 0.92, 0.03, 0.51, 99, 99, 99]
--- num:  29
list:  [0.59, 0.59, 1, 1, 0.95, 0.95, 0.16199999999999998, 0.16199999999999998, 0.38, 0.38, 0.42, 0.3, 0, 0, 0.75, 0.32, 0.98, 0.7, 0.3, 0.98, 0.98, 0.3, 0.3, 0.31, 0.92, 0.31, 0.92, 0.03, 0.49, 99, 99, 99]
--- num:  29
list:  [0.58, 0.58, 1, 1, 0.96, 0.96, 0.32630173444747923, 0.3256393182277679, 0.28, 0.28, 0.41, 0.31, 0, 0, 0.75, 0.31, 0.98, 0.7, 0.3, 0.98, 0.98, 0.3, 0.3, 0.31, 0.92, 0.31, 0.92, 0.03, 0.48, 99, 99, 99]
--- num:  29
list:  [0.59, 0.59, 1, 1, 0.95, 0.95, 0.4428070294857025, 0.4415030288696289, 0.23, 0.23, 0.4, 0.32, 0, 0, 0.75, 0.34, 0.98, 0.72, 0.29, 0.98, 0.98, 0.29, 0.29, 0.31, 0.92, 0.31, 0.92, 0.03, 0.47, 99, 99, 99]
--- num:  29
list:  [0.6, 0.6, 1, 1, 0.95, 0.95, 0.16199999999999998, 0.16199999999999998, 0.33, 0.33, 0.4, 0.32, 0, 0, 0.75, 0.32, 0.85, 0.7, 0.56, 0.85, 0.85, 0.56, 0.56, 0.42, 0.7, 0.43, 0.68, 0.03, 0.37, 99, 99, 99]
--- num:  29
list:  [0.59, 0.59, 1, 1, 0.95, 0.95, 0.16199999999999998, 0.16199999999999998, 0.31, 0.31, 0.38, 0.34, 0.2849999999999999, 0.2549999999999999, 0.75, 0.32, 0.81, 0.71, 0.55, 0.81, 0.81, 0.55, 0.55, 0.74, 0.37, 0.72, 0.38, 0.06, 0.26, 99, 99, 99]
--- num:  29
list:  [0.59, 0.59, 1, 1, 0.95, 0.95, 0.5171703505516052, 0.516108672618866, 0.16, 0.16, 0.37, 0.35, 0.2699999999999999, 0.23999999999999988, 0.75, 0.29, 0.93, 0.68, 0.35, 0.93, 0.93, 0.35, 0.35, 0.73, 0.37, 0.71, 0.38, 0.04, 0.32, 99, 99, 99]
--- num:  29
list:  [0.57, 0.57, 1, 1, 0.96, 0.96, 0.25576151490211485, 0.2549069631099701, 0.24, 0.24, 0.36, 0.36, 0.20999999999999985, 0.195, 1, 0.26, 0.95, 0.66, 0.3, 0.95, 0.95, 0.3, 0.3, 0.69, 0.39, 0.68, 0.39, 0.03, 0.42, 99, 99, 99]
--- num:  29
list:  [0.55, 0.55, 1, 1, 0.98, 0.98, 0.16199999999999998, 0.16199999999999998, 0.27, 0.27, 0.35, 0.37, 0.195, 0.18, 1, 0.23, 0.98, 0.64, 0.27, 0.98, 0.98, 0.27, 0.27, 0.68, 0.39, 0.67, 0.4, 0.02, 0.46, 99, 99, 99]
--- num:  29
list:  [0.47, 0.47, 0.85, 0.85, 1, 1, 0.16199999999999998, 0.16199999999999998, 0.27, 0.27, 0.35, 0.37, 0.18, 0.16499999999999998, 1, 0.23, 0.98, 0.63, 0.27, 0.98, 0.98, 0.27, 0.27, 0.67, 0.4, 0.66, 0.4, 0.02, 0.49, 99, 99, 99]
--- num:  29
list:  [0.56, 0.56, 1, 1, 0.98, 0.98, 0.5965230274200439, 0.5956871914863586, 0.12, 0.12, 0.35, 0.37, 0.18, 0.14999999999999997, 1, 0.23, 0.98, 0.63, 0.28, 0.98, 0.98, 0.28, 0.28, 0.67, 0.4, 0.65, 0.4, 0.02, 0.52, 99, 99, 99]
--- num:  29
list:  [0.43, 0.43, 0.77, 0.77, 1, 1, 0.16199999999999998, 0.16199999999999998, 0.27, 0.27, 0.36, 0.36, 0.11999999999999994, 0.11999999999999994, 1, 0.23, 0.98, 0.63, 0.26, 0.98, 0.98, 0.26, 0.26, 0.63, 0.42, 0.63, 0.41, 0.02, 0.56, 99, 99, 99]
--- num:  29
list:  [0.4, 0.4, 0.7, 0.7, 1, 1, 0.16199999999999998, 0.16199999999999998, 0.3, 0.3, 0.36, 0.36, 0.10499999999999993, 0.11999999999999994, 1, 0.22, 0.99, 0.63, 0.26, 0.99, 0.99, 0.26, 0.26, 0.62, 0.42, 0.63, 0.42, 0.01, 0.57, 99, 99, 99]
--- num:  29
list:  [0.39, 0.39, 0.68, 0.68, 1, 1, 0.16199999999999998, 0.16199999999999998, 0.34, 0.34, 0.37, 0.35, 0, 0, 1, 0.22, 0.99, 0.63, 0.28, 0.99, 0.99, 0.28, 0.28, 0.4, 0.73, 0.42, 0.71, 0.01, 0.56, 99, 99, 99]
--- num:  29
list:  [0.4, 0.4, 0.7, 0.7, 1, 1, 0.16199999999999998, 0.16199999999999998, 0.38, 0.38, 0.39, 0.33, 0, 0, 1, 0.23, 0.99, 0.64, 0.32, 0.99, 0.99, 0.32, 0.32, 0.31, 0.92, 0.31, 0.92, 0.02, 0.63, 99, 99, 99]
--- num:  29
list:  [0.33, 0.33, 0.54, 0.54, 1, 1, 0.16199999999999998, 0.16199999999999998, 0.39, 0.39, 0.39, 0.33, 0, 0, 1, 0.24, 0.98, 0.64, 0.31, 0.98, 0.98, 0.31, 0.31, 0.31, 0.92, 0.31, 0.92, 0.02, 0.67, 99, 99, 99]
--- num:  29
list:  [0.27, 0.27, 0.39, 0.39, 1, 1, 0.16199999999999998, 0.16199999999999998, 0.4, 0.4, 0.4, 0.32, 0, 0, 1, 0.25, 0.98, 0.65, 0.3, 0.98, 0.98, 0.3, 0.3, 0.31, 0.92, 0.31, 0.92, 0.02, 0.67, 99, 99, 99]
--- num:  29
list:  [0.24, 0.24, 0.33, 0.33, 1, 1, 0.16199999999999998, 0.16199999999999998, 0.41, 0.41, 0.4, 0.32, 0, 0, 1, 0.25, 0.98, 0.65, 0.3, 0.98, 0.98, 0.3, 0.3, 0.31, 0.92, 0.31, 0.92, 0.02, 0.67, 99, 99, 99]
--- num:  29
list:  [0.18, 0.18, 0.19, 0.19, 1, 1, 0.16199999999999998, 0.16199999999999998, 0.55, 0.55, 0.65, 0.08, 0, 0, 1, 0.3, 0.98, 0.69, 0.3, 0.98, 0.98, 0.3, 0.3, 0.31, 0.92, 0.31, 0.92, 0.03, 0.65, 99, 99, 99]
--- num:  29
list:  [0.23, 0.23, 0.3, 0.3, 1, 1, 0.16199999999999998, 0.16199999999999998, 0.55, 0.55, 0.66, 0.07, 0, 0, 1, 0.34, 0.99, 0.72, 0.3, 0.99, 0.99, 0.3, 0.3, 0.31, 0.92, 0.31, 0.92, 0.05, 0.62, 99, 99, 99]
--- num:  29
list:  [0.24, 0.24, 0.32, 0.32, 1, 1, 0.16199999999999998, 0.16199999999999998, 0.55, 0.55, 0.66, 0.07, 0, 0, 1, 0.36, 0.99, 0.73, 0.3, 0.99, 0.99, 0.3, 0.3, 0.31, 0.92, 0.31, 0.92, 0.05, 0.62, 99, 99, 99]
--- num:  29
list:  [0.24, 0.24, 0.32, 0.32, 1, 1, 0.5436298656463623, 0.5319918799400329, 0.27, 0.27, 0.42, 0.3, 0, 0, 1, 0.36, 0.99, 0.73, 0.29, 0.99, 0.99, 0.29, 0.29, 0.31, 0.92, 0.31, 0.92, 0.05, 0.6, 99, 99, 99]
--- num:  29
list:  [0.29, 0.29, 0.44, 0.44, 1, 1, 0.19877571940422056, 0.1983844745159149, 0.35, 0.35, 0.39, 0.33, 0, 0, 1, 0.35, 0.99, 0.73, 0.3, 0.99, 0.99, 0.3, 0.3, 0.31, 0.92, 0.31, 0.92, 0.05, 0.59, 99, 99, 99]
--- num:  29
list:  [0.27, 0.27, 0.39, 0.39, 1, 1, 0.16199999999999998, 0.16199999999999998, 0.38, 0.38, 0.39, 0.32, 0, 0, 1, 0.35, 0.99, 0.72, 0.3, 0.99, 0.99, 0.3, 0.3, 0.31, 0.92, 0.31, 0.92, 0.05, 0.57, 99, 99, 99]
--- num:  29
list:  [0.23, 0.23, 0.31, 0.31, 1, 1, 0.16199999999999998, 0.16199999999999998, 0.41, 0.41, 0.39, 0.32, 0, 0, 1, 0.35, 0.99, 0.72, 0.29, 0.99, 0.99, 0.29, 0.29, 0.31, 0.92, 0.31, 0.92, 0.05, 0.56, 99, 99, 99]
--- num:  29
list:  [0.56, 0.56, 1, 1, 0.97, 0.97, 0.16199999999999998, 0.16199999999999998, 0.42, 0.42, 0.39, 0.33, 0, 0, 1, 0.35, 0.99, 0.72, 0.3, 0.99, 0.99, 0.3, 0.3, 0.31, 0.92, 0.31, 0.92, 0.08, 0.73, 99, 99, 99]
--- num:  29
list:  [0.56, 0.56, 1, 1, 0.97, 0.97, 0.16199999999999998, 0.16199999999999998, 0.42, 0.42, 0.38, 0.33, 0, 0, 1, 0.35, 0.99, 0.72, 0.3, 0.99, 0.99, 0.3, 0.3, 0.31, 0.92, 0.31, 0.92, 0.09, 0.8, 99, 99, 99]
--- num:  29
list:  [0.56, 0.56, 1, 1, 0.97, 0.97, 0.16199999999999998, 0.16199999999999998, 0.43, 0.43, 0.41, 0.31, 0, 0, 1, 0.31, 0.99, 0.69, 0.37, 0.99, 0.99, 0.37, 0.37, 0.31, 0.92, 0.31, 0.92, 0.05, 0.73, 99, 99, 99]
--- num:  29
list:  [0.56, 0.56, 1, 1, 0.98, 0.98, 0.16199999999999998, 0.16199999999999998, 0.54, 0.54, 0.62, 0.11, 0, 0, 0.75, 0.41, 0.92, 0.77, 0.56, 0.92, 0.92, 0.56, 0.56, 0.31, 0.92, 0.31, 0.92, 0.05, 1, 99, 99, 99]
--- num:  29
list:  [0.26, 0.26, 0.37, 0.37, 1, 1, 0.16199999999999998, 0.16199999999999998, 0.53, 0.53, 0.63, 0.1, 0, 0, 0.75, 0.41, 0.905, 0.77, 0.56, 0.9, 0.91, 0.56, 0.56, 0.31, 0.92, 0.31, 0.92, 0.05, 1, 99, 99, 99]
--- num:  29
list:  [0.28, 0.28, 0.42, 0.42, 1, 1, 0.16199999999999998, 0.16199999999999998, 0.53, 0.53, 0.64, 0.09, 0, 0, 0.75, 0.41, 0.91, 0.77, 0.56, 0.91, 0.91, 0.56, 0.56, 0.31, 0.92, 0.31, 0.92, 0.06, 1, 99, 99, 99]
--- num:  29
list:  [0.28, 0.28, 0.42, 0.42, 1, 1, 0.16199999999999998, 0.16199999999999998, 0.51, 0.51, 0.63, 0.09, 0, 0, 0.75, 0.41, 0.875, 0.77, 0.56, 0.87, 0.88, 0.56, 0.56, 0.31, 0.92, 0.31, 0.92, 0.07, 1, 99, 99, 99]
--- num:  29
list:  [0.28, 0.28, 0.42, 0.42, 1, 1, 0.16199999999999998, 0.16199999999999998, 0.5, 0.5, 0.65, 0.08, 0, 0, 0.75, 0.4, 0.855, 0.76, 0.56, 0.85, 0.86, 0.56, 0.56, 0.31, 0.92, 0.31, 0.92, 0.08, 1, 99, 99, 99]
--- num:  29
list:  [0.3, 0.3, 0.47, 0.47, 1, 1, 0.16199999999999998, 0.16199999999999998, 0.5, 0.5, 0.65, 0.08, 0, 0, 0.75, 0.4, 0.885, 0.76, 0.56, 0.88, 0.89, 0.56, 0.56, 0.31, 0.92, 0.31, 0.92, 0.08, 1, 99, 99, 99]
--- num:  29
list:  [0.3, 0.3, 0.46, 0.46, 1, 1, 0.16199999999999998, 0.16199999999999998, 0.49, 0.49, 0.64, 0.09, 0, 0, 0.75, 0.4, 0.89, 0.76, 0.56, 0.89, 0.89, 0.56, 0.56, 0.31, 0.92, 0.31, 0.92, 0.08, 1, 99, 99, 99]
--- num:  29
list:  [0.56, 0.56, 1, 1, 0.98, 0.98, 0.16199999999999998, 0.16199999999999998, 0.47, 0.47, 0.62, 0.11, 0, 0, 0.75, 0.4, 0.9, 0.76, 0.56, 0.9, 0.9, 0.56, 0.56, 0.31, 0.92, 0.31, 0.92, 0.07, 0.78, 99, 99, 99]
--- num:  29
list:  [0.56, 0.56, 1, 1, 0.98, 0.98, 0.16199999999999998, 0.16199999999999998, 0.4, 0.4, 0.46, 0.26, 0, 0, 0.75, 0.39, 0.88, 0.76, 0.56, 0.88, 0.88, 0.56, 0.56, 0.31, 0.92, 0.31, 0.92, 0.06, 0.65, 99, 99, 99]
--- num:  29
list:  [0.57, 0.57, 1, 1, 0.97, 0.97, 0.16199999999999998, 0.16199999999999998, 0.31, 0.31, 0.39, 0.33, 0, 0, 0.75, 0.31, 0.98, 0.69, 0.34, 0.98, 0.98, 0.34, 0.34, 0.31, 0.92, 0.31, 0.92, 0.04, 0.51, 99, 99, 99]
--- num:  29
list:  [0.57, 0.57, 1, 1, 0.97, 0.97, 0.16199999999999998, 0.16199999999999998, 0.33, 0.33, 0.39, 0.33, 0, 0, 1, 0.3, 0.98, 0.69, 0.32, 0.98, 0.98, 0.32, 0.32, 0.31, 0.92, 0.31, 0.92, 0.04, 0.53, 99, 99, 99]
--- num:  29
list:  [0.57, 0.57, 1, 1, 0.97, 0.97, 0.16199999999999998, 0.16199999999999998, 0.33, 0.33, 0.38, 0.34, 0, 0, 1, 0.31, 0.99, 0.69, 0.31, 0.99, 0.99, 0.31, 0.31, 0.31, 0.92, 0.31, 0.92, 0.05, 0.55, 99, 99, 99]
--- num:  29
list:  [0.57, 0.57, 1, 1, 0.97, 0.97, 0.16199999999999998, 0.16199999999999998, 0.34, 0.34, 0.38, 0.34, 0, 0, 1, 0.31, 0.99, 0.69, 0.3, 0.99, 0.99, 0.3, 0.3, 0.31, 0.92, 0.31, 0.92, 0.05, 0.56, 99, 99, 99]
--- num:  29
list:  [0.57, 0.57, 1, 1, 0.97, 0.97, 0.16199999999999998, 0.16199999999999998, 0.33, 0.33, 0.38, 0.34, 0, 0, 1, 0.31, 0.99, 0.69, 0.3, 0.99, 0.99, 0.3, 0.3, 0.31, 0.92, 0.31, 0.92, 0.05, 0.57, 99, 99, 99]
--- num:  29
list:  [0.57, 0.57, 1, 1, 0.97, 0.97, 0.16199999999999998, 0.16199999999999998, 0.33, 0.33, 0.37, 0.35, 0, 0, 1, 0.31, 0.99, 0.7, 0.3, 0.99, 0.99, 0.3, 0.3, 0.31, 0.92, 0.31, 0.92, 0.05, 0.61, 99, 99, 99]
--- num:  29
list:  [0.57, 0.57, 1, 1, 0.97, 0.97, 0.16199999999999998, 0.16199999999999998, 0.34, 0.34, 0.37, 0.35, 0, 0, 1, 0.32, 0.99, 0.7, 0.29, 0.99, 0.99, 0.29, 0.29, 0.31, 0.92, 0.31, 0.92, 0.05, 0.63, 99, 99, 99]
--- num:  29
list:  [0.57, 0.57, 1, 1, 0.97, 0.97, 0.18185308158397673, 0.18151317119598387, 0.29, 0.29, 0.38, 0.34, 0, 0, 1, 0.32, 0.99, 0.7, 0.3, 0.99, 0.99, 0.3, 0.3, 0.31, 0.92, 0.31, 0.92, 0.05, 0.61, 99, 99, 99]
--- num:  29
list:  [0.57, 0.57, 1, 1, 0.96, 0.96, 0.23301596522331236, 0.23228983163833616, 0.29, 0.29, 0.37, 0.34, 0, 0, 1, 0.34, 0.99, 0.72, 0.29, 0.99, 0.99, 0.29, 0.29, 0.31, 0.92, 0.31, 0.92, 0.05, 0.57, 99, 99, 99]
--- num:  29
list:  [0.57, 0.57, 1, 1, 0.96, 0.96, 0.2708230721950531, 0.26909403085708616, 0.27, 0.27, 0.37, 0.34, 0, 0, 1, 0.4, 0.99, 0.76, 0.29, 0.99, 0.99, 0.29, 0.29, 0.31, 0.92, 0.31, 0.92, 0.05, 0.54, 99, 99, 99]
--- num:  29
list:  [0.57, 0.57, 1, 1, 0.97, 0.97, 0.2679684865474701, 0.2659865427017212, 0.27, 0.27, 0.37, 0.34, 0, 0, 0.75, 0.4, 0.99, 0.76, 0.29, 0.99, 0.99, 0.29, 0.29, 0.31, 0.92, 0.31, 0.92, 0.05, 0.54, 99, 99, 99]
--- num:  29
list:  [0.6, 0.6, 1, 1, 0.95, 0.95, 0.8913578796386719, 0.8912570285797119, 0.24, 0.24, 0.37, 0.35, 0, 0, 0.75, 0.51, 0.98, 0.84, 0.29, 0.98, 0.98, 0.29, 0.29, 0.31, 0.92, 0.31, 0.92, 0.04, 0.53, 99, 99, 99]
--- num:  29
list:  [0.58, 0.58, 1, 1, 0.96, 0.96, 0.2839318323135376, 0.28367928743362425, 0.25, 0.25, 0.38, 0.34, 0, 0, 0.75, 0.42, 0.98, 0.78, 0.29, 0.98, 0.98, 0.29, 0.29, 0.31, 0.92, 0.31, 0.92, 0.04, 0.52, 99, 99, 99]
--- num:  29
list:  [0.58, 0.58, 1, 1, 0.96, 0.96, 0.16199999999999998, 0.16199999999999998, 0.31, 0.31, 0.37, 0.34, 0, 0, 0.75, 0.37, 0.99, 0.74, 0.29, 0.99, 0.99, 0.29, 0.29, 0.31, 0.92, 0.31, 0.92, 0.04, 0.53, 99, 99, 99]
--- num:  29
list:  [0.57, 0.57, 1, 1, 0.97, 0.97, 0.16199999999999998, 0.16199999999999998, 0.48, 0.48, 0.62, 0.1, 0, 0, 0.75, 0.43, 0.99, 0.78, 0.29, 0.99, 0.99, 0.29, 0.29, 0.31, 0.92, 0.31, 0.92, 0.05, 0.54, 99, 99, 99]
--- num:  29
list:  [0.56, 0.56, 1, 1, 0.97, 0.97, 0.16199999999999998, 0.16199999999999998, 0.52, 0.52, 0.61, 0.11, 0, 0, 0.75, 0.45, 0.99, 0.8, 0.29, 0.99, 0.99, 0.29, 0.29, 0.31, 0.92, 0.31, 0.92, 0.05, 0.56, 99, 99, 99]
--- num:  29
list:  [0.56, 0.56, 1, 1, 0.97, 0.97, 0.26014808893203734, 0.2592919874191284, 0.32, 0.32, 0.41, 0.3, 0, 0, 1, 0.44, 0.99, 0.79, 0.29, 0.99, 0.99, 0.29, 0.29, 0.31, 0.92, 0.31, 0.92, 0.05, 0.55, 99, 99, 99]
--- num:  29
list:  [0.57, 0.57, 1, 1, 0.96, 0.96, 0.19508358418941496, 0.19476869285106657, 0.38, 0.38, 0.38, 0.33, 0, 0, 1, 0.38, 0.99, 0.75, 0.29, 0.99, 0.99, 0.29, 0.29, 0.31, 0.92, 0.31, 0.92, 0.05, 0.54, 99, 99, 99]
--- num:  29
list:  [0.57, 0.57, 1, 1, 0.97, 0.97, 0.16199999999999998, 0.16199999999999998, 0.48, 0.48, 0.39, 0.32, 0, 0, 1, 0.34, 0.99, 0.72, 0.29, 0.99, 0.99, 0.29, 0.29, 0.31, 0.92, 0.31, 0.92, 0.04, 0.55, 99, 99, 99]
--- num:  29
list:  [0.56, 0.56, 1, 1, 0.97, 0.97, 0.16199999999999998, 0.16199999999999998, 0.5, 0.5, 0.38, 0.33, 0, 0, 1, 0.33, 0.98, 0.71, 0.29, 0.98, 0.98, 0.29, 0.29, 0.31, 0.92, 0.31, 0.92, 0.04, 0.56, 99, 99, 99]
--- num:  29
list:  [0.56, 0.56, 1, 1, 0.97, 0.97, 0.16199999999999998, 0.16199999999999998, 0.5, 0.5, 0.38, 0.32, 0, 0, 1, 0.32, 0.98, 0.7, 0.29, 0.98, 0.98, 0.29, 0.29, 0.31, 0.92, 0.31, 0.92, 0.03, 0.56, 99, 99, 99]
--- num:  29
list:  [0.57, 0.57, 1, 1, 0.97, 0.97, 0.497766535282135, 0.49597601175308226, 0.29, 0.29, 0.38, 0.33, 0, 0, 0.75, 0.32, 0.98, 0.7, 0.29, 0.98, 0.98, 0.29, 0.29, 0.31, 0.92, 0.31, 0.92, 0.03, 0.54, 99, 99, 99]
--- num:  29
list:  [0.56, 0.56, 1, 1, 0.98, 0.98, 0.16199999999999998, 0.16199999999999998, 0.48, 0.48, 0.44, 0.27, 0, 0, 1, 0.33, 0.98, 0.71, 0.29, 0.98, 0.98, 0.29, 0.29, 0.31, 0.92, 0.31, 0.92, 0.03, 0.51, 99, 99, 99]
--- num:  29
list:  [0, 0, 0, 0, 1, 1, 0.16199999999999998, 0.16199999999999998, 0.48, 0.48, 0.46, 0.24, 0, 0, 1, 0.33, 0.98, 0.71, 0.29, 0.98, 0.98, 0.29, 0.29, 0.31, 0.92, 0.31, 0.92, 0.03, 0.46, 99, 99, 99]
--- num:  29
list:  [0.58, 0.58, 1, 1, 0.96, 0.96, 0.9680914688110351, 0.9680883693695068, 0.38, 0.38, 0.46, 0.26, 0, 0, 0.75, 0.36, 0.98, 0.73, 0.29, 0.98, 0.98, 0.29, 0.29, 0.31, 0.92, 0.31, 0.92, 0.03, 0.38, 99, 99, 99]
--- num:  29
list:  [0.6, 0.6, 1, 1, 0.94, 0.94, 0.9572769808769226, 0.9572745966911316, 0.38, 0.38, 0.47, 0.26, 0, 0, 0.75, 0.37, 0.98, 0.74, 0.28, 0.98, 0.98, 0.28, 0.28, 0.31, 0.92, 0.31, 0.92, 0.03, 0.37, 99, 99, 99]
--- num:  29
list:  [0.6, 0.6, 1, 1, 0.94, 0.94, 0.9529148745536804, 0.9529126691818237, 0.39, 0.39, 0.48, 0.24, 0, 0, 0.75, 0.36, 0.97, 0.74, 0.28, 0.97, 0.97, 0.28, 0.28, 0.31, 0.92, 0.31, 0.92, 0.04, 0.36, 99, 99, 99]
--- num:  29
list:  [0.6, 0.6, 1, 1, 0.94, 0.94, 0.9501555967330932, 0.9501545834541321, 0.36, 0.36, 0.48, 0.24, 0, 0, 0.75, 0.35, 0.97, 0.72, 0.29, 0.97, 0.97, 0.29, 0.29, 0.31, 0.92, 0.31, 0.92, 0.03, 0.33, 99, 99, 99]
--- num:  29
list:  [0.58, 0.58, 1, 1, 0.96, 0.96, 0.36428205251693724, 0.3642875361442566, 0.3, 0.3, 0.49, 0.22, 0, 0, 0.75, 0.34, 0.97, 0.72, 0.29, 0.97, 0.97, 0.29, 0.29, 0.31, 0.92, 0.31, 0.92, 0.03, 0.31, 99, 99, 99]
--- num:  29
list:  [0.58, 0.58, 1, 1, 0.96, 0.96, 0.829829375743866, 0.8298328328132629, 0.32, 0.32, 0.47, 0.24, 0, 0, 0.75, 0.33, 0.97, 0.71, 0.29, 0.97, 0.97, 0.29, 0.29, 0.39, 0.75, 0.4, 0.74, 0.03, 0.32, 99, 99, 99]
--- num:  29
list:  [0.6, 0.6, 1, 1, 0.95, 0.95, 0.8986201095581055, 0.8986114072799682, 0.39, 0.39, 0.45, 0.27, 0, 0, 0.75, 0.3, 0.97, 0.69, 0.29, 0.97, 0.97, 0.29, 0.29, 0.44, 0.66, 0.45, 0.64, 0.03, 0.4, 99, 99, 99]
--- num:  29
list:  [0.58, 0.58, 1, 1, 0.96, 0.96, 0.37606159925460814, 0.3758860635757446, 0.26, 0.26, 0.44, 0.25, 0, 0, 0.75, 0.3, 0.97, 0.69, 0.3, 0.97, 0.97, 0.3, 0.3, 0.49, 0.57, 0.5, 0.56, 0.03, 0.42, 99, 99, 99]
--- num:  29
list:  [0.57, 0.57, 1, 1, 0.97, 0.97, 0.2510599899291992, 0.2510040211677551, 0.3, 0.3, 0.41, 0.28, 0, 0, 0.75, 0.29, 0.97, 0.68, 0.3, 0.97, 0.97, 0.3, 0.3, 0.52, 0.52, 0.53, 0.5, 0.04, 0.44, 99, 99, 99]
--- num:  29
list:  [0.57, 0.57, 1, 1, 0.97, 0.97, 0.23492939352989195, 0.2343976604938507, 0.31, 0.31, 0.38, 0.32, 0, 0, 0.75, 0.28, 0.97, 0.67, 0.3, 0.97, 0.97, 0.3, 0.3, 0.49, 0.57, 0.5, 0.54, 0.04, 0.47, 99, 99, 99]
--- num:  29
list:  [0.57, 0.57, 1, 1, 0.97, 0.97, 0.23358885526657103, 0.23314891338348387, 0.32, 0.32, 0.36, 0.34, 0, 0, 0.75, 0.28, 0.965, 0.68, 0.3, 0.97, 0.96, 0.3, 0.3, 0.48, 0.58, 0.49, 0.56, 0.04, 0.49, 99, 99, 99]
--- num:  29
list:  [0.57, 0.57, 1, 1, 0.97, 0.97, 0.2652543592453003, 0.2637379276752472, 0.31, 0.31, 0.33, 0.37, 0, 0, 0.75, 0.29, 0.97, 0.68, 0.3, 0.97, 0.97, 0.3, 0.3, 0.46, 0.63, 0.47, 0.6, 0.04, 0.56, 99, 99, 99]
--- num:  29
list:  [0.59, 0.59, 1, 1, 0.95, 0.95, 0.9633690524101257, 0.9633692908287048, 0.42, 0.42, 0.28, 0.44, 0, 0, 0.75, 0.29, 0.96, 0.68, 0.28, 0.96, 0.96, 0.28, 0.28, 0.45, 0.64, 0.47, 0.61, 0.04, 0.76, 99, 99, 99]
--- num:  29
list:  [0.56, 0.56, 1, 1, 0.97, 0.97, 0.25140188217163084, 0.2492296504974365, 0.35, 0.35, 0.26, 0.45, 0, 0, 0.75, 0.29, 0.97, 0.68, 0.29, 0.97, 0.97, 0.29, 0.29, 0.41, 0.73, 0.42, 0.7, 0.04, 0.73, 99, 99, 99]
--- num:  29
list:  [0.56, 0.56, 1, 1, 0.98, 0.98, 0.16199999999999998, 0.16199999999999998, 0.43, 0.43, 0.25, 0.45, 0, 0, 1, 0.31, 0.97, 0.69, 0.29, 0.97, 0.97, 0.29, 0.29, 0.34, 0.86, 0.35, 0.85, 0.04, 0.72, 99, 99, 99]
--- num:  29
list:  [0.56, 0.56, 1, 1, 0.98, 0.98, 0.16199999999999998, 0.16199999999999998, 0.41, 0.41, 0.28, 0.42, 0, 0, 1, 0.31, 0.97, 0.7, 0.29, 0.97, 0.97, 0.29, 0.29, 0.35, 0.84, 0.36, 0.82, 0.04, 0.7, 99, 99, 99]
--- num:  29
list:  [0.59, 0.59, 1, 1, 0.95, 0.95, 0.9583217906951904, 0.9582817959785461, 0.38, 0.38, 0.33, 0.39, 0, 0, 0.75, 0.3, 0.97, 0.69, 0.28, 0.97, 0.97, 0.28, 0.28, 0.41, 0.72, 0.44, 0.67, 0.04, 0.66, 99, 99, 99]
--- num:  29
list:  [0.57, 0.57, 1, 1, 0.97, 0.97, 0.225222270488739, 0.22525234103202818, 0.34, 0.34, 0.31, 0.4, 0, 0, 0.75, 0.31, 0.97, 0.69, 0.29, 0.97, 0.97, 0.29, 0.29, 0.31, 0.92, 0.31, 0.92, 0.04, 0.61, 99, 99, 99]
--- num:  29
list:  [0.56, 0.56, 1, 1, 0.97, 0.97, 0.16199999999999998, 0.16199999999999998, 0.39, 0.39, 0.3, 0.41, 0, 0, 1, 0.31, 0.97, 0.7, 0.29, 0.97, 0.97, 0.29, 0.29, 0.31, 0.92, 0.31, 0.92, 0.04, 0.53, 99, 99, 99]
--- num:  29
list:  [0.56, 0.56, 1, 1, 0.97, 0.97, 0.16199999999999998, 0.16199999999999998, 0.38, 0.38, 0.3, 0.4, 0, 0, 1, 0.32, 0.98, 0.7, 0.29, 0.98, 0.98, 0.29, 0.29, 0.31, 0.92, 0.31, 0.92, 0.04, 0.49, 99, 99, 99]
--- num:  29
list:  [0.57, 0.57, 1, 1, 0.97, 0.97, 0.16199999999999998, 0.16199999999999998, 0.38, 0.38, 0.31, 0.4, 0, 0, 1, 0.34, 0.98, 0.72, 0.29, 0.98, 0.98, 0.29, 0.29, 0.31, 0.92, 0.31, 0.92, 0.04, 0.47, 99, 99, 99]
--- num:  29
list:  [0.57, 0.57, 1, 1, 0.97, 0.97, 0.16199999999999998, 0.16199999999999998, 0.38, 0.38, 0.31, 0.4, 0, 0, 1, 0.34, 0.98, 0.72, 0.29, 0.98, 0.98, 0.29, 0.29, 0.31, 0.92, 0.31, 0.92, 0.04, 0.46, 99, 99, 99]
--- num:  29
list:  [0.57, 0.57, 1, 1, 0.97, 0.97, 0.16199999999999998, 0.16199999999999998, 0.38, 0.38, 0.31, 0.4, 0, 0, 1, 0.35, 0.98, 0.72, 0.29, 0.98, 0.98, 0.29, 0.29, 0.31, 0.92, 0.31, 0.92, 0.04, 0.45, 99, 99, 99]
--- num:  29
list:  [0.57, 0.57, 1, 1, 0.97, 0.97, 0.16199999999999998, 0.16199999999999998, 0.38, 0.38, 0.31, 0.4, 0, 0, 1, 0.34, 0.98, 0.72, 0.29, 0.98, 0.98, 0.29, 0.29, 0.31, 0.92, 0.31, 0.92, 0.04, 0.44, 99, 99, 99]
--- num:  29
list:  [0.57, 0.57, 1, 1, 0.97, 0.97, 0.16199999999999998, 0.16199999999999998, 0.38, 0.38, 0.32, 0.39, 0, 0, 1, 0.34, 0.98, 0.72, 0.29, 0.98, 0.98, 0.29, 0.29, 0.31, 0.92, 0.31, 0.92, 0.04, 0.43, 99, 99, 99]
--- num:  29
list:  [0.57, 0.57, 1, 1, 0.97, 0.97, 0.16199999999999998, 0.16199999999999998, 0.38, 0.38, 0.36, 0.35, 0, 0, 1, 0.34, 0.98, 0.72, 0.29, 0.98, 0.98, 0.29, 0.29, 0.31, 0.92, 0.31, 0.92, 0.04, 0.41, 99, 99, 99]
--- num:  29
list:  [0.56, 0.56, 1, 1, 0.97, 0.97, 0.16199999999999998, 0.16199999999999998, 0.39, 0.39, 0.3, 0.41, 0, 0, 0.75, 0.34, 0.98, 0.72, 0.28, 0.98, 0.98, 0.28, 0.28, 0.31, 0.92, 0.31, 0.92, 0.04, 0.38, 99, 99, 99]
--- num:  29
list:  [0.56, 0.56, 1, 1, 0.97, 0.97, 0.16199999999999998, 0.16199999999999998, 0.41, 0.41, 0.34, 0.38, 0, 0, 1, 0.33, 0.98, 0.71, 0.28, 0.98, 0.98, 0.28, 0.28, 0.31, 0.92, 0.31, 0.92, 0.03, 0.34, 99, 99, 99]
--- num:  29
list:  [0.56, 0.56, 1, 1, 0.97, 0.97, 0.16199999999999998, 0.16199999999999998, 0.54, 0.54, 0.22, 0.49, 0, 0, 1, 0.33, 0.98, 0.71, 0.28, 0.98, 0.98, 0.28, 0.28, 0.31, 0.92, 0.31, 0.92, 0.03, 0.33, 99, 99, 99]
--- num:  29
list:  [0.56, 0.56, 1, 1, 0.97, 0.97, 0.16199999999999998, 0.16199999999999998, 0.57, 0.57, 0.22, 0.49, 0, 0, 1, 0.33, 0.985, 0.71, 0.28, 0.99, 0.98, 0.28, 0.28, 0.31, 0.92, 0.31, 0.92, 0.03, 0.34, 99, 99, 99]
--- num:  29
list:  [0.56, 0.56, 1, 1, 0.97, 0.97, 0.16199999999999998, 0.16199999999999998, 0.63, 0.63, 0.25, 0.48, 0, 0, 1, 0.34, 0.99, 0.72, 0.28, 0.99, 0.99, 0.28, 0.28, 0.31, 0.92, 0.31, 0.92, 0.04, 0.34, 99, 99, 99]
--- num:  29
list:  [0.56, 0.56, 1, 1, 0.97, 0.97, 0.16199999999999998, 0.16199999999999998, 0.62, 0.62, 0.28, 0.44, 0, 0, 1, 0.34, 0.99, 0.72, 0.28, 0.99, 0.99, 0.28, 0.28, 0.31, 0.92, 0.31, 0.92, 0.04, 0.33, 99, 99, 99]
--- num:  29
list:  [0.56, 0.56, 1, 1, 0.97, 0.97, 0.16199999999999998, 0.16199999999999998, 0.64, 0.63, 0.3, 0.42, 0, 0, 1, 0.34, 0.99, 0.72, 0.28, 0.99, 0.99, 0.28, 0.28, 0.31, 0.92, 0.31, 0.92, 0.05, 0.32, 99, 99, 99]
--- num:  29
list:  [0.56, 0.56, 1, 1, 0.97, 0.97, 0.16199999999999998, 0.16199999999999998, 0.63, 0.63, 0.3, 0.43, 0, 0, 1, 0.34, 0.99, 0.72, 0.28, 0.99, 0.99, 0.28, 0.28, 0.31, 0.92, 0.31, 0.92, 0.05, 0.31, 99, 99, 99]
--- num:  29
list:  [0.56, 0.56, 1, 1, 0.97, 0.97, 0.5411978769302368, 0.5328331398963928, 0.29, 0.28, 0.46, 0.25, 0, 0, 0.75, 0.36, 0.99, 0.73, 0.29, 0.99, 0.99, 0.29, 0.29, 0.31, 0.92, 0.31, 0.92, 0.05, 0.3, 99, 99, 99]
--- num:  29
list:  [0.56, 0.56, 1, 1, 0.97, 0.97, 0.35713050842285154, 0.3569010007381439, 0.32, 0.32, 0.55, 0.17, 0, 0, 0.75, 0.37, 0.99, 0.74, 0.29, 0.99, 0.99, 0.29, 0.29, 0.31, 0.92, 0.31, 0.92, 0.05, 0.28, 99, 99, 99]
--- num:  29
list:  [0.56, 0.56, 1, 1, 0.97, 0.97, 0.16199999999999998, 0.16199999999999998, 0.41, 0.41, 0.52, 0.19, 0, 0, 0.75, 0.34, 0.99, 0.72, 0.29, 0.99, 0.99, 0.29, 0.29, 0.31, 0.92, 0.31, 0.92, 0.04, 0.28, 99, 99, 99]
--- num:  29
list:  [0.56, 0.56, 1, 1, 0.97, 0.97, 0.16199999999999998, 0.16199999999999998, 0.43, 0.43, 0.48, 0.23, 0, 0, 0.75, 0.33, 0.99, 0.71, 0.29, 0.99, 0.99, 0.29, 0.29, 0.31, 0.92, 0.31, 0.92, 0.04, 0.29, 99, 99, 99]
--- num:  29
list:  [0.56, 0.56, 1, 1, 0.98, 0.98, 0.16199999999999998, 0.16199999999999998, 0.43, 0.43, 0.45, 0.26, 0, 0, 0.75, 0.34, 0.99, 0.71, 0.29, 0.99, 0.99, 0.29, 0.29, 0.31, 0.92, 0.31, 0.92, 0.04, 0.32, 99, 99, 99]
--- num:  29
list:  [0.56, 0.56, 1, 1, 0.98, 0.98, 0.16199999999999998, 0.16199999999999998, 0.44, 0.44, 0.42, 0.29, 0, 0, 1, 0.34, 0.985, 0.71, 0.29, 0.99, 0.98, 0.29, 0.29, 0.31, 0.92, 0.31, 0.92, 0.04, 0.39, 99, 99, 99]
--- num:  29
list:  [0.56, 0.56, 1, 1, 0.98, 0.98, 0.16199999999999998, 0.16199999999999998, 0.43, 0.43, 0.39, 0.32, 0, 0, 1, 0.34, 0.98, 0.71, 0.28, 0.98, 0.98, 0.28, 0.28, 0.31, 0.92, 0.31, 0.92, 0.04, 0.46, 99, 99, 99]
--- num:  29
list:  [0.56, 0.56, 1, 1, 0.98, 0.98, 0.16199999999999998, 0.16199999999999998, 0.43, 0.43, 0.37, 0.34, 0, 0, 1, 0.34, 0.985, 0.71, 0.28, 0.98, 0.99, 0.28, 0.28, 0.31, 0.92, 0.31, 0.92, 0.04, 0.5, 99, 99, 99]
--- num:  29
list:  [0.56, 0.56, 1, 1, 0.97, 0.97, 0.5527784633636474, 0.5500531005859375, 0.24, 0.24, 0.33, 0.38, 0, 0, 1, 0.36, 0.98, 0.73, 0.28, 0.98, 0.98, 0.28, 0.28, 0.31, 0.92, 0.31, 0.92, 0.04, 0.59, 99, 99, 99]
--- num:  29
list:  [0.56, 0.56, 1, 1, 0.97, 0.97, 0.16199999999999998, 0.16199999999999998, 0.41, 0.41, 0.29, 0.42, 0, 0, 1, 0.33, 0.98, 0.71, 0.28, 0.98, 0.98, 0.28, 0.28, 0.31, 0.92, 0.31, 0.92, 0.04, 0.68, 99, 99, 99]
--- num:  29
list:  [0.56, 0.56, 1, 1, 0.98, 0.98, 0.16199999999999998, 0.16199999999999998, 0.44, 0.44, 0.27, 0.44, 0, 0, 1, 0.32, 0.98, 0.7, 0.28, 0.98, 0.98, 0.28, 0.28, 0.31, 0.92, 0.31, 0.92, 0.04, 0.76, 99, 99, 99]
--- num:  29
list:  [0.56, 0.56, 1, 1, 0.98, 0.98, 0.16199999999999998, 0.16199999999999998, 0.45, 0.45, 0.27, 0.44, 0, 0, 1, 0.31, 0.98, 0.7, 0.28, 0.98, 0.98, 0.28, 0.28, 0.31, 0.92, 0.31, 0.92, 0.03, 0.8, 99, 99, 99]
--- num:  29
list:  [0.56, 0.56, 1, 1, 0.98, 0.98, 0.16199999999999998, 0.16199999999999998, 0.45, 0.45, 0.29, 0.42, 0, 0, 1, 0.31, 0.98, 0.7, 0.28, 0.98, 0.98, 0.28, 0.28, 0.31, 0.92, 0.31, 0.92, 0.03, 0.81, 99, 99, 99]
--- num:  29
list:  [0.56, 0.56, 1, 1, 0.98, 0.98, 0.16199999999999998, 0.16199999999999998, 0.6, 0.6, 0.63, 0.1, 0, 0, 1, 0.31, 0.985, 0.7, 0.28, 0.98, 0.99, 0.28, 0.28, 0.31, 0.92, 0.31, 0.92, 0.03, 0.8, 99, 99, 99]
--- num:  29
list:  [0.56, 0.56, 1, 1, 0.98, 0.98, 0.16199999999999998, 0.16199999999999998, 0.58, 0.58, 0.64, 0.09, 0, 0, 1, 0.31, 0.99, 0.7, 0.28, 0.99, 0.99, 0.28, 0.28, 0.31, 0.92, 0.31, 0.92, 0.03, 0.78, 99, 99, 99]
--- num:  29
list:  [0.16, 0.16, 0.13, 0.13, 1, 1, 0.16199999999999998, 0.16199999999999998, 0.58, 0.58, 0.64, 0.09, 0, 0, 1, 0.31, 0.99, 0.7, 0.28, 0.99, 0.99, 0.28, 0.28, 0.31, 0.92, 0.31, 0.92, 0.03, 0.74, 99, 99, 99]
--- num:  29
list:  [0.16, 0.16, 0.13, 0.13, 1, 1, 0.16199999999999998, 0.16199999999999998, 0.57, 0.57, 0.64, 0.09, 0, 0, 1, 0.32, 0.99, 0.7, 0.28, 0.99, 0.99, 0.28, 0.28, 0.31, 0.92, 0.31, 0.92, 0.04, 0.71, 99, 99, 99]
--- num:  29
list:  [0.16, 0.16, 0.15, 0.15, 1, 1, 0.16199999999999998, 0.16199999999999998, 0.56, 0.56, 0.65, 0.08, 0, 0, 1, 0.32, 0.99, 0.7, 0.28, 0.99, 0.99, 0.28, 0.28, 0.31, 0.92, 0.31, 0.92, 0.04, 0.7, 99, 99, 99]
--- num:  29
list:  [0.56, 0.56, 1, 1, 0.98, 0.98, 0.4506894755363464, 0.4477160084247589, 0.29, 0.29, 0.36, 0.36, 0, 0, 1, 0.33, 0.99, 0.71, 0.28, 0.99, 0.99, 0.28, 0.28, 0.31, 0.92, 0.31, 0.92, 0.04, 0.68, 99, 99, 99]
--- num:  29
list:  [0.57, 0.57, 1, 1, 0.97, 0.97, 0.16199999999999998, 0.16199999999999998, 0.39, 0.39, 0.35, 0.36, 0, 0, 0.75, 0.34, 0.89, 0.72, 0.51, 0.89, 0.89, 0.51, 0.51, 0.44, 0.67, 0.43, 0.67, 0.04, 0.53, 99, 99, 99]
--- num:  29
list:  [0.57, 0.57, 1, 1, 0.97, 0.97, 0.16199999999999998, 0.16199999999999998, 0.41, 0.41, 0.35, 0.36, 0.015000000000000013, 0, 0.75, 0.34, 0.87, 0.72, 0.54, 0.87, 0.87, 0.54, 0.54, 0.56, 0.45, 0.54, 0.46, 0.05, 0.36, 99, 99, 99]
--- num:  29
list:  [0.56, 0.56, 1, 1, 0.97, 0.97, 0.16199999999999998, 0.16199999999999998, 0.42, 0.42, 0.35, 0.36, 0.10499999999999993, 0.04499999999999987, 1, 0.29, 0.92, 0.68, 0.43, 0.92, 0.92, 0.43, 0.43, 0.62, 0.42, 0.58, 0.44, 0.04, 0.32, 99, 99, 99]
--- num:  29
list:  [0.56, 0.56, 1, 1, 0.98, 0.98, 0.16199999999999998, 0.16199999999999998, 0.42, 0.42, 0.36, 0.36, 0.16499999999999998, 0.08999999999999991, 1, 0.25, 0.96, 0.65, 0.32, 0.96, 0.96, 0.32, 0.32, 0.66, 0.4, 0.61, 0.42, 0.03, 0.36, 99, 99, 99]
--- num:  29
list:  [0.34, 0.34, 0.55, 0.55, 1, 1, 0.16199999999999998, 0.16199999999999998, 0.35, 0.35, 0.38, 0.34, 0.18, 0.10499999999999993, 1, 0.24, 0.97, 0.64, 0.29, 0.97, 0.97, 0.29, 0.29, 0.67, 0.4, 0.62, 0.42, 0.03, 0.42, 99, 99, 99]
--- num:  29
list:  [0.37, 0.37, 0.63, 0.63, 1, 1, 0.23848105549812315, 0.2376448619365692, 0.29, 0.29, 0.38, 0.33, 0.16499999999999998, 0.13499999999999995, 1, 0.24, 0.96, 0.64, 0.3, 0.96, 0.96, 0.3, 0.3, 0.66, 0.4, 0.64, 0.41, 0.02, 0.44, 99, 99, 99]
--- num:  29
list:  [0.38, 0.38, 0.65, 0.65, 1, 1, 0.16199999999999998, 0.16199999999999998, 0.36, 0.36, 0.37, 0.34, 0.16499999999999998, 0.11999999999999994, 1, 0.23, 0.97, 0.64, 0.27, 0.97, 0.97, 0.27, 0.27, 0.66, 0.4, 0.63, 0.41, 0.02, 0.45, 99, 99, 99]
--- num:  29
list:  [0.36, 0.36, 0.61, 0.61, 1, 1, 0.16199999999999998, 0.16199999999999998, 0.37, 0.37, 0.37, 0.35, 0.195, 0.13499999999999995, 1, 0.23, 0.98, 0.63, 0.27, 0.98, 0.98, 0.27, 0.27, 0.68, 0.39, 0.64, 0.41, 0.02, 0.46, 99, 99, 99]
--- num:  29
list:  [0.38, 0.38, 0.64, 0.64, 1, 1, 0.16199999999999998, 0.16199999999999998, 0.36, 0.36, 0.37, 0.35, 0.195, 0.13499999999999995, 1, 0.22, 0.98, 0.63, 0.26, 0.98, 0.98, 0.26, 0.26, 0.68, 0.39, 0.64, 0.41, 0.02, 0.47, 99, 99, 99]
--- num:  29
list:  [0.39, 0.39, 0.67, 0.67, 1, 1, 0.16199999999999998, 0.16199999999999998, 0.32, 0.32, 0.37, 0.35, 0.13499999999999995, 0.10499999999999993, 1, 0.22, 0.98, 0.63, 0.26, 0.98, 0.98, 0.26, 0.26, 0.64, 0.41, 0.62, 0.42, 0.01, 0.49, 99, 99, 99]
--- num:  29
list:  [0.56, 0.56, 1, 1, 0.97, 0.97, 0.6641198801994324, 0.6624922561645508, 0.16, 0.16, 0.36, 0.36, 0.11999999999999994, 0.11999999999999994, 1, 0.23, 0.96, 0.64, 0.27, 0.96, 0.96, 0.27, 0.27, 0.63, 0.42, 0.63, 0.41, 0.01, 0.51, 99, 99, 99]
--- num:  29
list:  [0.56, 0.56, 1, 1, 0.97, 0.97, 0.19225348114967344, 0.19170699596405028, 0.32, 0.32, 0.35, 0.37, 0, 0, 1, 0.24, 0.97, 0.64, 0.29, 0.97, 0.97, 0.29, 0.29, 0.31, 0.92, 0.31, 0.92, 0.01, 0.54, 99, 99, 99]
--- num:  29
list:  [0.56, 0.56, 1, 1, 0.97, 0.97, 0.16199999999999998, 0.16199999999999998, 0.34, 0.34, 0.34, 0.37, 0, 0, 1, 0.25, 0.97, 0.65, 0.29, 0.97, 0.97, 0.29, 0.29, 0.31, 0.92, 0.31, 0.92, 0.02, 0.58, 99, 99, 99]
--- num:  29
list:  [0.63, 0.63, 1, 1, 0.92, 0.92, 0.3451667237281799, 0.3447803962230682, 0.27, 0.27, 0.34, 0.37, 0, 0, 0.75, 0.33, 0.97, 0.71, 0.29, 0.97, 0.97, 0.29, 0.29, 0.31, 0.92, 0.31, 0.92, 0.02, 0.6, 99, 99, 99]
--- num:  29
list:  [0.66, 0.66, 1, 1, 0.89, 0.89, 0.819682400226593, 0.8186850953102112, 0.18, 0.18, 0.33, 0.38, 0, 0, 0.75, 0.43, 0.97, 0.78, 0.3, 0.97, 0.97, 0.3, 0.3, 0.31, 0.92, 0.31, 0.92, 0.02, 0.6, 99, 99, 99]
--- num:  29
list:  [0.63, 0.63, 1, 1, 0.92, 0.92, 0.16199999999999998, 0.16199999999999998, 0.34, 0.34, 0.33, 0.38, 0, 0, 0.75, 0.39, 0.97, 0.75, 0.3, 0.97, 0.97, 0.3, 0.3, 0.31, 0.92, 0.31, 0.92, 0.03, 0.63, 99, 99, 99]
--- num:  29
list:  [0.63, 0.63, 1, 1, 0.92, 0.92, 0.16199999999999998, 0.16199999999999998, 0.37, 0.37, 0.33, 0.37, 0, 0, 0.75, 0.38, 0.98, 0.75, 0.3, 0.98, 0.98, 0.3, 0.3, 0.31, 0.92, 0.31, 0.92, 0.03, 0.66, 99, 99, 99]
--- num:  29
list:  [0.69, 0.69, 1, 1, 0.87, 0.87, 0.9086196827888489, 0.9078616309165954, 0.22, 0.22, 0.35, 0.37, 0, 0, 0.75, 0.43, 0.97, 0.78, 0.3, 0.97, 0.97, 0.3, 0.3, 0.31, 0.92, 0.31, 0.92, 0.03, 0.66, 99, 99, 99]
--- num:  29
list:  [0.68, 0.68, 1, 1, 0.88, 0.88, 0.407710086107254, 0.40683273553848265, 0.27, 0.27, 0.35, 0.36, 0, 0, 0.75, 0.41, 0.97, 0.77, 0.3, 0.97, 0.97, 0.3, 0.3, 0.31, 0.92, 0.31, 0.92, 0.03, 0.64, 99, 99, 99]
--- num:  29
list:  [0.67, 0.67, 1, 1, 0.89, 0.89, 0.16199999999999998, 0.16199999999999998, 0.37, 0.37, 0.34, 0.36, 0, 0, 0.75, 0.37, 0.97, 0.74, 0.3, 0.97, 0.97, 0.3, 0.3, 0.31, 0.92, 0.31, 0.92, 0.03, 0.64, 99, 99, 99]
--- num:  29
list:  [0.68, 0.68, 1, 1, 0.88, 0.88, 0.16199999999999998, 0.16199999999999998, 0.38, 0.38, 0.34, 0.36, 0, 0, 0.75, 0.36, 0.97, 0.73, 0.3, 0.97, 0.97, 0.3, 0.3, 0.31, 0.92, 0.31, 0.92, 0.03, 0.66, 99, 99, 99]
--- num:  29
list:  [0.69, 0.69, 1, 1, 0.87, 0.87, 0.16199999999999998, 0.16199999999999998, 0.39, 0.39, 0.34, 0.36, 0, 0, 0.75, 0.35, 0.97, 0.72, 0.29, 0.97, 0.97, 0.29, 0.29, 0.31, 0.92, 0.31, 0.92, 0.03, 0.67, 99, 99, 99]
--- num:  29
list:  [0.7, 0.7, 1, 1, 0.86, 0.86, 0.16199999999999998, 0.16199999999999998, 0.39, 0.39, 0.35, 0.36, 0, 0, 0.75, 0.34, 0.97, 0.72, 0.29, 0.97, 0.97, 0.29, 0.29, 0.31, 0.92, 0.31, 0.92, 0.03, 0.67, 99, 99, 99]
--- num:  29
list:  [0.7, 0.7, 1, 1, 0.86, 0.86, 0.16199999999999998, 0.16199999999999998, 0.4, 0.4, 0.35, 0.35, 0, 0, 0.75, 0.34, 0.975, 0.71, 0.29, 0.98, 0.97, 0.29, 0.29, 0.31, 0.92, 0.31, 0.92, 0.03, 0.66, 99, 99, 99]
--- num:  29
list:  [0.69, 0.69, 1, 1, 0.87, 0.87, 0.16199999999999998, 0.16199999999999998, 0.41, 0.41, 0.36, 0.35, 0, 0, 0.75, 0.33, 0.975, 0.71, 0.29, 0.98, 0.97, 0.29, 0.29, 0.31, 0.92, 0.31, 0.92, 0.03, 0.64, 99, 99, 99]
--- num:  29
list:  [0.69, 0.69, 1, 1, 0.87, 0.87, 0.16199999999999998, 0.16199999999999998, 0.41, 0.41, 0.36, 0.34, 0, 0, 0.75, 0.33, 0.97, 0.71, 0.29, 0.97, 0.97, 0.29, 0.29, 0.31, 0.92, 0.31, 0.92, 0.03, 0.62, 99, 99, 99]
--- num:  29
list:  [0.68, 0.68, 1, 1, 0.88, 0.88, 0.16199999999999998, 0.16199999999999998, 0.4, 0.4, 0.37, 0.34, 0, 0, 0.75, 0.32, 0.97, 0.7, 0.29, 0.97, 0.97, 0.29, 0.29, 0.31, 0.92, 0.31, 0.92, 0.03, 0.61, 99, 99, 99]
--- num:  29
list:  [0.68, 0.68, 1, 1, 0.88, 0.88, 0.16199999999999998, 0.16199999999999998, 0.41, 0.41, 0.36, 0.35, 0, 0, 0.75, 0.32, 0.97, 0.7, 0.29, 0.97, 0.97, 0.29, 0.29, 0.31, 0.92, 0.31, 0.92, 0.03, 0.61, 99, 99, 99]
--- num:  29
list:  [0.65, 0.65, 1, 1, 0.9, 0.9, 0.16199999999999998, 0.16199999999999998, 0.43, 0.43, 0.34, 0.36, 0, 0, 0.75, 0.32, 0.97, 0.71, 0.29, 0.97, 0.97, 0.29, 0.29, 0.31, 0.92, 0.31, 0.92, 0.03, 0.63, 99, 99, 99]
--- num:  29
list:  [0.62, 0.62, 1, 1, 0.93, 0.93, 0.16199999999999998, 0.16199999999999998, 0.44, 0.44, 0.32, 0.38, 0, 0, 0.75, 0.32, 0.97, 0.7, 0.29, 0.97, 0.97, 0.29, 0.29, 0.31, 0.92, 0.31, 0.92, 0.02, 0.67, 99, 99, 99]
--- num:  29
list:  [0.59, 0.59, 1, 1, 0.95, 0.95, 0.16199999999999998, 0.16199999999999998, 0.45, 0.45, 0.31, 0.4, 0, 0, 0.75, 0.31, 0.97, 0.69, 0.28, 0.97, 0.97, 0.28, 0.28, 0.31, 0.92, 0.31, 0.92, 0.02, 0.71, 99, 99, 99]
--- num:  29
list:  [0.58, 0.58, 1, 1, 0.96, 0.96, 0.16199999999999998, 0.16199999999999998, 0.45, 0.45, 0.3, 0.41, 0, 0, 0.75, 0.3, 0.97, 0.69, 0.28, 0.97, 0.97, 0.28, 0.28, 0.31, 0.92, 0.31, 0.92, 0.02, 0.73, 99, 99, 99]
--- num:  29
list:  [0.58, 0.58, 1, 1, 0.96, 0.96, 0.16199999999999998, 0.16199999999999998, 0.47, 0.47, 0.29, 0.42, 0, 0, 0.75, 0.3, 0.97, 0.69, 0.28, 0.97, 0.97, 0.28, 0.28, 0.31, 0.92, 0.31, 0.92, 0.02, 0.78, 99, 99, 99]
--- num:  29
list:  [0.57, 0.57, 1, 1, 0.96, 0.96, 0.16199999999999998, 0.16199999999999998, 0.47, 0.47, 0.3, 0.41, 0, 0, 0.75, 0.3, 0.97, 0.69, 0.28, 0.97, 0.97, 0.28, 0.28, 0.31, 0.92, 0.31, 0.92, 0.02, 0.79, 99, 99, 99]
--- num:  29
list:  [0.57, 0.57, 1, 1, 0.97, 0.97, 0.16199999999999998, 0.16199999999999998, 0.55, 0.55, 0.67, 0.05, 0, 0, 1, 0.29, 0.97, 0.68, 0.28, 0.97, 0.97, 0.28, 0.28, 0.31, 0.92, 0.31, 0.92, 0.02, 0.78, 99, 99, 99]
--- num:  29
list:  [0.57, 0.57, 1, 1, 0.97, 0.97, 0.16199999999999998, 0.16199999999999998, 0.6, 0.6, 0.69, 0.04, 0, 0, 1, 0.29, 0.97, 0.68, 0.28, 0.97, 0.97, 0.28, 0.28, 0.31, 0.92, 0.31, 0.92, 0.02, 0.77, 99, 99, 99]
--- num:  29
list:  [0.58, 0.58, 1, 1, 0.96, 0.96, 0.16199999999999998, 0.16199999999999998, 0.6, 0.6, 0.68, 0.05, 0, 0, 1, 0.3, 0.98, 0.69, 0.28, 0.98, 0.98, 0.28, 0.28, 0.31, 0.92, 0.31, 0.92, 0.03, 0.91, 99, 99, 99]
--- num:  29
list:  [0.58, 0.58, 1, 1, 0.96, 0.96, 0.16199999999999998, 0.16199999999999998, 0.61, 0.61, 0.69, 0.04, 0, 0, 1, 0.31, 0.98, 0.7, 0.28, 0.98, 0.98, 0.28, 0.28, 0.31, 0.92, 0.31, 0.92, 0.03, 1, 99, 99, 99]
--- num:  29
list:  [0.59, 0.59, 1, 1, 0.95, 0.95, 0.16199999999999998, 0.16199999999999998, 0.63, 0.63, 0.68, 0.05, 0, 0, 1, 0.32, 0.98, 0.7, 0.28, 0.98, 0.98, 0.28, 0.28, 0.31, 0.92, 0.31, 0.92, 0.03, 1, 99, 99, 99]
--- num:  29
list:  [0.59, 0.59, 1, 1, 0.95, 0.95, 0.16199999999999998, 0.16199999999999998, 0.63, 0.63, 0.69, 0.04, 0, 0, 1, 0.33, 0.98, 0.71, 0.29, 0.98, 0.98, 0.29, 0.29, 0.31, 0.92, 0.31, 0.92, 0.03, 1, 99, 99, 99]
--- num:  29
list:  [0.59, 0.59, 1, 1, 0.95, 0.95, 0.16199999999999998, 0.16199999999999998, 0.63, 0.63, 0.7, 0.03, 0, 0, 1, 0.33, 0.98, 0.71, 0.29, 0.98, 0.98, 0.29, 0.29, 0.31, 0.92, 0.31, 0.92, 0.04, 1, 99, 99, 99]
--- num:  29
list:  [0.59, 0.59, 1, 1, 0.95, 0.95, 0.16199999999999998, 0.16199999999999998, 0.63, 0.63, 0.7, 0.03, 0, 0, 1, 0.33, 0.98, 0.71, 0.29, 0.98, 0.98, 0.29, 0.29, 0.31, 0.92, 0.31, 0.92, 0.03, 0.94, 99, 99, 99]
--- num:  29
list:  [0.59, 0.59, 1, 1, 0.95, 0.95, 0.16199999999999998, 0.16199999999999998, 0.64, 0.64, 0.71, 0.02, 0, 0, 1, 0.33, 0.98, 0.71, 0.29, 0.98, 0.98, 0.29, 0.29, 0.31, 0.92, 0.31, 0.92, 0.03, 0.89, 99, 99, 99]
--- num:  29
list:  [0.59, 0.59, 1, 1, 0.95, 0.95, 0.16199999999999998, 0.16199999999999998, 0.68, 0.68, 0.73, 0.01, 0, 0, 1, 0.34, 0.98, 0.71, 0.29, 0.98, 0.98, 0.29, 0.29, 0.31, 0.92, 0.31, 0.92, 0.04, 0.88, 99, 99, 99]
--- num:  29
list:  [0.6, 0.6, 1, 1, 0.95, 0.95, 0.16199999999999998, 0.16199999999999998, 0.67, 0.67, 0.74, 0.0, 0, 0, 1, 0.34, 0.985, 0.72, 0.29, 0.98, 0.99, 0.29, 0.29, 0.31, 0.92, 0.31, 0.92, 0.04, 0.87, 99, 99, 99]
--- num:  29
list:  [0.6, 0.6, 1, 1, 0.95, 0.95, 0.16199999999999998, 0.16199999999999998, 0.65, 0.65, 0.67, 0.06, 0, 0, 1, 0.34, 0.985, 0.72, 0.29, 0.98, 0.99, 0.29, 0.29, 0.31, 0.92, 0.31, 0.92, 0.04, 0.79, 99, 99, 99]
--- num:  29
list:  [0.64, 0.64, 1, 1, 0.91, 0.91, 0.8324260520935058, 0.8245940017700195, 0.24, 0.24, 0.36, 0.36, 0, 0, 0.75, 0.34, 0.98, 0.72, 0.29, 0.98, 0.98, 0.29, 0.29, 0.31, 0.92, 0.31, 0.92, 0.04, 0.69, 99, 99, 99]
--- num:  29
list:  [0.63, 0.63, 1, 1, 0.92, 0.92, 0.16199999999999998, 0.16199999999999998, 0.4, 0.4, 0.38, 0.33, 0, 0, 0.75, 0.34, 0.98, 0.72, 0.29, 0.98, 0.98, 0.29, 0.29, 0.31, 0.92, 0.31, 0.92, 0.03, 0.61, 99, 99, 99]
--- num:  29
list:  [0.63, 0.63, 1, 1, 0.92, 0.92, 0.3919686484336853, 0.39162815690040587, 0.23, 0.23, 0.38, 0.34, 0, 0, 0.75, 0.33, 0.98, 0.71, 0.29, 0.98, 0.98, 0.29, 0.29, 0.31, 0.92, 0.31, 0.92, 0.03, 0.56, 99, 99, 99]
--- num:  29
list:  [0.65, 0.65, 1, 1, 0.9, 0.9, 0.9656593012809753, 0.9656528639793396, 0.32, 0.32, 0.37, 0.35, 0, 0, 0.75, 0.34, 0.96, 0.72, 0.29, 0.96, 0.96, 0.29, 0.29, 0.31, 0.92, 0.31, 0.92, 0.03, 0.58, 99, 99, 99]
--- num:  29
list:  [0.64, 0.64, 1, 1, 0.91, 0.91, 0.9600572991371155, 0.9600483584403992, 0.33, 0.33, 0.37, 0.35, 0, 0, 0.75, 0.34, 0.96, 0.72, 0.28, 0.96, 0.96, 0.28, 0.28, 0.31, 0.92, 0.31, 0.92, 0.03, 0.59, 99, 99, 99]
--- num:  29
list:  [0.63, 0.63, 1, 1, 0.92, 0.92, 0.9567206907272339, 0.956708710193634, 0.33, 0.33, 0.37, 0.35, 0, 0, 0.75, 0.34, 0.96, 0.72, 0.28, 0.96, 0.96, 0.28, 0.28, 0.31, 0.92, 0.31, 0.92, 0.03, 0.58, 99, 99, 99]
--- num:  29
list:  [0.63, 0.63, 1, 1, 0.92, 0.92, 0.954909245967865, 0.9548958945274353, 0.33, 0.33, 0.36, 0.36, 0, 0, 0.75, 0.34, 0.96, 0.72, 0.29, 0.96, 0.96, 0.29, 0.29, 0.31, 0.92, 0.31, 0.92, 0.03, 0.58, 99, 99, 99]
--- num:  29
list:  [0.6, 0.6, 1, 1, 0.94, 0.94, 0.9000999736785888, 0.8997608828544617, 0.29, 0.29, 0.37, 0.35, 0, 0, 0.75, 0.34, 0.96, 0.72, 0.29, 0.96, 0.96, 0.29, 0.29, 0.31, 0.92, 0.31, 0.92, 0.03, 0.59, 99, 99, 99]
--- num:  29
list:  [0.57, 0.57, 1, 1, 0.96, 0.96, 0.16199999999999998, 0.16199999999999998, 0.48, 0.48, 0.39, 0.32, 0, 0, 0.75, 0.33, 0.97, 0.71, 0.29, 0.97, 0.97, 0.29, 0.29, 0.31, 0.92, 0.31, 0.92, 0.03, 0.58, 99, 99, 99]
--- num:  29
list:  [0.57, 0.57, 1, 1, 0.97, 0.97, 0.16199999999999998, 0.16199999999999998, 0.48, 0.48, 0.39, 0.32, 0, 0, 0.75, 0.32, 0.97, 0.7, 0.29, 0.97, 0.97, 0.29, 0.29, 0.31, 0.92, 0.31, 0.92, 0.03, 0.6, 99, 99, 99]
--- num:  29
list:  [0.61, 0.61, 1, 1, 0.94, 0.94, 0.9416101384162903, 0.9415019559860229, 0.31, 0.31, 0.35, 0.37, 0, 0, 0.75, 0.32, 0.97, 0.7, 0.29, 0.97, 0.97, 0.29, 0.29, 0.31, 0.92, 0.31, 0.92, 0.03, 0.62, 99, 99, 99]
--- num:  29
list:  [0.59, 0.59, 1, 1, 0.95, 0.95, 0.16199999999999998, 0.16199999999999998, 0.4, 0.4, 0.35, 0.36, 0, 0, 0.75, 0.33, 0.97, 0.71, 0.29, 0.97, 0.97, 0.29, 0.29, 0.31, 0.92, 0.31, 0.92, 0.03, 0.63, 99, 99, 99]
--- num:  29
list:  [0.58, 0.58, 1, 1, 0.96, 0.96, 0.16199999999999998, 0.16199999999999998, 0.42, 0.42, 0.35, 0.36, 0, 0, 0.75, 0.32, 0.97, 0.71, 0.29, 0.97, 0.97, 0.29, 0.29, 0.31, 0.92, 0.31, 0.92, 0.03, 0.64, 99, 99, 99]
--- num:  29
list:  [0.62, 0.62, 1, 1, 0.93, 0.93, 0.9685150790214538, 0.9684949922561645, 0.31, 0.31, 0.35, 0.37, 0, 0, 0.75, 0.33, 0.965, 0.71, 0.29, 0.96, 0.97, 0.29, 0.29, 0.31, 0.92, 0.31, 0.92, 0.03, 0.66, 99, 99, 99]
--- num:  29
list:  [0.6, 0.6, 1, 1, 0.94, 0.94, 0.7510211873054504, 0.750459234714508, 0.21, 0.21, 0.31, 0.41, 0, 0, 0.75, 0.33, 0.96, 0.71, 0.28, 0.96, 0.96, 0.28, 0.28, 0.31, 0.92, 0.31, 0.92, 0.03, 0.61, 99, 99, 99]
--- num:  29
list:  [0.6, 0.6, 1, 1, 0.94, 0.94, 0.18691646635532377, 0.18660284161567686, 0.33, 0.33, 0.09, 0.63, 0, 0, 0.75, 0.33, 0.96, 0.71, 0.29, 0.96, 0.96, 0.29, 0.29, 0.31, 0.92, 0.31, 0.92, 0.03, 0.5, 99, 99, 99]
--- num:  29
list:  [0.6, 0.6, 1, 1, 0.94, 0.94, 0.16199999999999998, 0.16199999999999998, 0.36, 0.36, 0.08, 0.64, 0, 0, 0.75, 0.33, 0.97, 0.71, 0.28, 0.97, 0.97, 0.28, 0.28, 0.31, 0.92, 0.31, 0.92, 0.02, 0.45, 99, 99, 99]
--- num:  29
list:  [0.6, 0.6, 1, 1, 0.94, 0.94, 0.16199999999999998, 0.16199999999999998, 0.35, 0.35, 0.08, 0.65, 0, 0, 0.75, 0.32, 0.97, 0.7, 0.28, 0.97, 0.97, 0.28, 0.28, 0.31, 0.92, 0.31, 0.92, 0.02, 0.42, 99, 99, 99]
--- num:  29
list:  [0.6, 0.6, 1, 1, 0.94, 0.94, 0.19933279931545256, 0.1986656892299652, 0.33, 0.33, 0.13, 0.59, 0, 0, 0.75, 0.32, 0.97, 0.7, 0.28, 0.97, 0.97, 0.28, 0.28, 0.31, 0.92, 0.31, 0.92, 0.02, 0.41, 99, 99, 99]
--- num:  29
list:  [0.6, 0.6, 1, 1, 0.94, 0.94, 0.8297704863548279, 0.8295209813117981, 0.2, 0.2, 0.42, 0.3, 0, 0, 0.75, 0.33, 0.97, 0.71, 0.29, 0.97, 0.97, 0.29, 0.29, 0.31, 0.92, 0.31, 0.92, 0.02, 0.41, 99, 99, 99]
--- num:  29
list:  [0.61, 0.61, 1, 1, 0.94, 0.94, 0.9062043237686157, 0.9059712100028992, 0.26, 0.26, 0.4, 0.32, 0, 0, 0.75, 0.34, 0.96, 0.71, 0.29, 0.96, 0.96, 0.29, 0.29, 0.31, 0.92, 0.31, 0.92, 0.02, 0.44, 99, 99, 99]
--- num:  29
list:  [0.61, 0.61, 1, 1, 0.94, 0.94, 0.9064597296714783, 0.9060448217391968, 0.22, 0.22, 0.39, 0.33, 0, 0, 0.75, 0.34, 0.96, 0.71, 0.28, 0.96, 0.96, 0.28, 0.28, 0.31, 0.92, 0.31, 0.92, 0.02, 0.47, 99, 99, 99]
--- num:  29
list:  [0.61, 0.61, 1, 1, 0.94, 0.94, 0.804386179447174, 0.8019206929206848, 0.16, 0.16, 0.38, 0.34, 0, 0, 0.75, 0.33, 0.955, 0.71, 0.28, 0.96, 0.95, 0.28, 0.28, 0.31, 0.92, 0.31, 0.92, 0.02, 0.5, 99, 99, 99]
--- num:  29
list:  [0.61, 0.61, 1, 1, 0.94, 0.94, 0.7501718807220459, 0.7465039896965027, 0.16, 0.16, 0.37, 0.35, 0, 0, 0.75, 0.33, 0.95, 0.71, 0.28, 0.95, 0.95, 0.28, 0.28, 0.31, 0.92, 0.31, 0.92, 0.03, 0.55, 99, 99, 99]
--- num:  29
list:  [0.61, 0.61, 1, 1, 0.94, 0.94, 0.7018127250671387, 0.698009889125824, 0.16, 0.16, 0.36, 0.36, 0, 0, 0.75, 0.33, 0.95, 0.71, 0.29, 0.95, 0.95, 0.29, 0.29, 0.31, 0.92, 0.31, 0.92, 0.03, 0.58, 99, 99, 99]
--- num:  29
list:  [0.61, 0.61, 1, 1, 0.94, 0.94, 0.7000960516929626, 0.6957103419303894, 0.17, 0.17, 0.35, 0.36, 0, 0, 0.75, 0.33, 0.95, 0.71, 0.29, 0.95, 0.95, 0.29, 0.29, 0.31, 0.92, 0.31, 0.92, 0.03, 0.61, 99, 99, 99]
--- num:  29
list:  [0.61, 0.61, 1, 1, 0.94, 0.94, 0.7144000935554504, 0.7073203134536743, 0.17, 0.17, 0.36, 0.36, 0, 0, 0.75, 0.33, 0.95, 0.71, 0.28, 0.95, 0.95, 0.28, 0.28, 0.31, 0.92, 0.31, 0.92, 0.03, 0.65, 99, 99, 99]
--- num:  29
list:  [0.61, 0.61, 1, 1, 0.94, 0.94, 0.9662352013587951, 0.9665769147872925, 0.31, 0.31, 0.33, 0.39, 0, 0, 0.75, 0.32, 0.95, 0.7, 0.28, 0.95, 0.95, 0.28, 0.28, 0.31, 0.92, 0.31, 0.92, 0.03, 0.67, 99, 99, 99]
--- num:  29
list:  [0.59, 0.59, 1, 1, 0.95, 0.95, 0.7607005047798157, 0.7564202356338501, 0.18, 0.18, 0.35, 0.37, 0, 0, 0.75, 0.32, 0.95, 0.7, 0.28, 0.95, 0.95, 0.28, 0.28, 0.31, 0.92, 0.31, 0.92, 0.03, 0.68, 99, 99, 99]
--- num:  29
list:  [0.58, 0.58, 1, 1, 0.96, 0.96, 0.5440958547592163, 0.5382999587059021, 0.23, 0.23, 0.39, 0.32, 0, 0, 0.75, 0.32, 0.95, 0.7, 0.28, 0.95, 0.95, 0.28, 0.28, 0.31, 0.92, 0.31, 0.92, 0.03, 0.73, 99, 99, 99]
--- num:  29
list:  [0.58, 0.58, 1, 1, 0.96, 0.96, 0.44130794286727903, 0.4382044780254364, 0.24, 0.24, 0.48, 0.24, 0, 0, 0.75, 0.3, 0.955, 0.69, 0.28, 0.95, 0.96, 0.28, 0.28, 0.31, 0.92, 0.31, 0.92, 0.03, 0.85, 99, 99, 99]
--- num:  29
list:  [0.58, 0.58, 1, 1, 0.96, 0.96, 0.3694144594669342, 0.3682833421230316, 0.25, 0.25, 0.51, 0.21, 0, 0, 0.75, 0.3, 0.96, 0.69, 0.28, 0.96, 0.96, 0.28, 0.28, 0.31, 0.92, 0.31, 0.92, 0.03, 0.88, 99, 99, 99]
--- num:  29
list:  [0.58, 0.58, 1, 1, 0.96, 0.96, 0.3567931759357452, 0.35569227814674376, 0.25, 0.25, 0.51, 0.21, 0, 0, 0.75, 0.29, 0.96, 0.68, 0.28, 0.96, 0.96, 0.28, 0.28, 0.31, 0.92, 0.31, 0.92, 0.03, 0.87, 99, 99, 99]
--- num:  29
list:  [0.58, 0.58, 1, 1, 0.96, 0.96, 0.528609733581543, 0.5192915606498718, 0.23, 0.23, 0.43, 0.28, 0, 0, 0.75, 0.29, 0.96, 0.68, 0.27, 0.96, 0.96, 0.27, 0.27, 0.31, 0.92, 0.31, 0.92, 0.03, 0.92, 99, 99, 99]
--- num:  29
list:  [0.59, 0.59, 1, 1, 0.96, 0.96, 0.9673583316802978, 0.9673439073562622, 0.34, 0.34, 0.28, 0.44, 0, 0, 0.75, 0.3, 0.955, 0.68, 0.27, 0.95, 0.96, 0.27, 0.27, 0.31, 0.92, 0.31, 0.92, 0.03, 0.94, 99, 99, 99]
--- num:  29
list:  [0.6, 0.6, 1, 1, 0.95, 0.95, 0.9622700023651123, 0.9621613430976867, 0.34, 0.34, 0.28, 0.44, 0, 0, 0.75, 0.3, 0.95, 0.69, 0.27, 0.95, 0.95, 0.27, 0.27, 0.31, 0.92, 0.31, 0.92, 0.03, 0.84, 99, 99, 99]
--- num:  29
list:  [0.6, 0.6, 1, 1, 0.94, 0.94, 0.958019118309021, 0.9579375791549682, 0.34, 0.34, 0.28, 0.44, 0, 0, 0.75, 0.3, 0.95, 0.69, 0.27, 0.95, 0.95, 0.27, 0.27, 0.31, 0.92, 0.31, 0.92, 0.02, 0.82, 99, 99, 99]
--- num:  29
list:  [0.58, 0.58, 1, 1, 0.96, 0.96, 0.6067314553260803, 0.601981680393219, 0.22, 0.22, 0.3, 0.41, 0, 0, 0.75, 0.3, 0.95, 0.69, 0.27, 0.95, 0.95, 0.27, 0.27, 0.31, 0.92, 0.31, 0.92, 0.03, 0.81, 99, 99, 99]
--- num:  29
list:  [0.58, 0.58, 1, 1, 0.96, 0.96, 0.4539800989627838, 0.4523726212978363, 0.26, 0.26, 0.31, 0.4, 0, 0, 0.75, 0.3, 0.95, 0.69, 0.28, 0.95, 0.95, 0.28, 0.28, 0.31, 0.92, 0.31, 0.92, 0.03, 0.8, 99, 99, 99]
--- num:  29
list:  [0.58, 0.58, 1, 1, 0.96, 0.96, 0.7965343999862671, 0.7947472739219665, 0.22, 0.22, 0.31, 0.41, 0, 0, 0.75, 0.3, 0.955, 0.69, 0.28, 0.95, 0.96, 0.28, 0.28, 0.31, 0.92, 0.31, 0.92, 0.03, 0.8, 99, 99, 99]
--- num:  29
list:  [0.6, 0.6, 1, 1, 0.95, 0.95, 0.9672590899467468, 0.9672377514839172, 0.34, 0.34, 0.29, 0.43, 0, 0, 0.75, 0.3, 0.95, 0.69, 0.27, 0.95, 0.95, 0.27, 0.27, 0.31, 0.92, 0.32, 0.9, 0.03, 0.79, 99, 99, 99]
--- num:  29
list:  [0.58, 0.58, 1, 1, 0.96, 0.96, 0.8303561019897461, 0.8279611277580261, 0.22, 0.22, 0.33, 0.39, 0, 0, 0.75, 0.3, 0.95, 0.69, 0.27, 0.95, 0.95, 0.27, 0.27, 0.31, 0.92, 0.31, 0.92, 0.02, 0.77, 99, 99, 99]
--- num:  29
list:  [0.58, 0.58, 1, 1, 0.96, 0.96, 0.3784153568744659, 0.3774228203296661, 0.27, 0.27, 0.41, 0.3, 0, 0, 0.75, 0.3, 0.955, 0.69, 0.27, 0.95, 0.96, 0.27, 0.27, 0.31, 0.92, 0.31, 0.92, 0.02, 0.77, 99, 99, 99]
--- num:  29
list:  [0.58, 0.58, 1, 1, 0.96, 0.96, 0.2812012541294098, 0.2801715242862701, 0.3, 0.3, 0.44, 0.27, 0, 0, 0.75, 0.3, 0.96, 0.69, 0.28, 0.96, 0.96, 0.28, 0.28, 0.31, 0.92, 0.31, 0.92, 0.02, 0.76, 99, 99, 99]
--- num:  29
list:  [0.58, 0.58, 1, 1, 0.96, 0.96, 0.360450963973999, 0.3596708583831787, 0.29, 0.29, 0.44, 0.27, 0, 0, 0.75, 0.3, 0.96, 0.69, 0.28, 0.96, 0.96, 0.28, 0.28, 0.31, 0.92, 0.31, 0.92, 0.02, 0.74, 99, 99, 99]
--- num:  29
list:  [0.6, 0.6, 1, 1, 0.94, 0.94, 0.9431252884864807, 0.9429028439521789, 0.3, 0.3, 0.35, 0.36, 0, 0, 0.75, 0.29, 0.95, 0.68, 0.29, 0.95, 0.95, 0.29, 0.29, 0.49, 0.57, 0.5, 0.54, 0.02, 0.59, 99, 99, 99]
--- num:  29
list:  [0.58, 0.58, 1, 1, 0.96, 0.96, 0.3722794461250305, 0.3719192552566528, 0.28, 0.28, 0.39, 0.32, 0.22499999999999987, 0.20999999999999985, 0.75, 0.27, 0.94, 0.66, 0.33, 0.94, 0.94, 0.33, 0.33, 0.7, 0.39, 0.69, 0.39, 0.02, 0.45, 99, 99, 99]
--- num:  29
list:  [0.57, 0.57, 1, 1, 0.97, 0.97, 0.23839844346046446, 0.23795668363571165, 0.34, 0.34, 0.41, 0.3, 0.22499999999999987, 0.18, 0.75, 0.25, 0.95, 0.65, 0.32, 0.95, 0.95, 0.32, 0.32, 0.7, 0.39, 0.67, 0.39, 0.02, 0.42, 99, 99, 99]
--- num:  29
list:  [0.57, 0.57, 1, 1, 0.97, 0.97, 0.21962308466434477, 0.2192137199640274, 0.34, 0.34, 0.42, 0.3, 0.20999999999999985, 0.16499999999999998, 1, 0.24, 0.95, 0.65, 0.32, 0.95, 0.95, 0.32, 0.32, 0.69, 0.39, 0.66, 0.4, 0.02, 0.41, 99, 99, 99]
--- num:  29
list:  [0.56, 0.56, 1, 1, 0.97, 0.97, 0.20087511420249937, 0.20042855620384215, 0.34, 0.34, 0.43, 0.28, 0.20999999999999985, 0.16499999999999998, 1, 0.24, 0.955, 0.64, 0.31, 0.95, 0.96, 0.31, 0.31, 0.69, 0.39, 0.66, 0.4, 0.02, 0.4, 99, 99, 99]
--- num:  29
list:  [0.58, 0.58, 1, 1, 0.96, 0.96, 0.9540745425224304, 0.9535450744628906, 0.31, 0.31, 0.44, 0.28, 0.18, 0.14999999999999997, 1, 0.24, 0.955, 0.64, 0.3, 0.95, 0.96, 0.3, 0.3, 0.67, 0.4, 0.65, 0.4, 0.02, 0.41, 99, 99, 99]
--- num:  29
list:  [0.57, 0.57, 1, 1, 0.97, 0.97, 0.32993785619735716, 0.3297408628463745, 0.28, 0.28, 0.45, 0.27, 0.18, 0.14999999999999997, 1, 0.24, 0.955, 0.64, 0.3, 0.95, 0.96, 0.3, 0.3, 0.67, 0.4, 0.65, 0.4, 0.02, 0.41, 99, 99, 99]
--- num:  29
list:  [0.56, 0.56, 1, 1, 0.98, 0.98, 0.1809742259979248, 0.18025262236595152, 0.34, 0.34, 0.47, 0.25, 0.23999999999999988, 0.195, 1, 0.24, 0.955, 0.64, 0.3, 0.95, 0.96, 0.3, 0.3, 0.71, 0.38, 0.68, 0.39, 0.02, 0.4, 99, 99, 99]
--- num:  29
list:  [0.56, 0.56, 1, 1, 0.98, 0.98, 0.7372893500328064, 0.7320433664321899, 0.2, 0.2, 0.45, 0.27, 0.18, 0.16499999999999998, 1, 0.24, 0.96, 0.64, 0.3, 0.96, 0.96, 0.3, 0.3, 0.67, 0.4, 0.66, 0.4, 0.02, 0.4, 99, 99, 99]
--- num:  29
list:  [0.56, 0.56, 1, 1, 0.98, 0.98, 0.3561967420578003, 0.3559893774986267, 0.27, 0.27, 0.39, 0.33, 0.14999999999999997, 0.11999999999999994, 1, 0.24, 0.955, 0.65, 0.3, 0.95, 0.96, 0.3, 0.3, 0.65, 0.41, 0.63, 0.41, 0.02, 0.41, 99, 99, 99]
--- num:  29
list:  [0.56, 0.56, 1, 1, 0.98, 0.98, 0.16199999999999998, 0.16199999999999998, 0.34, 0.34, 0.37, 0.35, 0.13499999999999995, 0.10499999999999993, 1, 0.24, 0.96, 0.64, 0.29, 0.96, 0.96, 0.29, 0.29, 0.64, 0.41, 0.62, 0.42, 0.02, 0.43, 99, 99, 99]
--- num:  29
list:  [0.39, 0.39, 0.67, 0.67, 1, 1, 0.4682267117500305, 0.46799920082092283, 0.25, 0.25, 0.4, 0.32, 0.13499999999999995, 0.10499999999999993, 1, 0.24, 0.965, 0.64, 0.29, 0.96, 0.97, 0.29, 0.29, 0.64, 0.41, 0.62, 0.42, 0.02, 0.44, 99, 99, 99]
--- num:  29
list:  [0.55, 0.55, 1, 1, 0.98, 0.98, 0.34244738101959227, 0.34237454414367674, 0.27, 0.27, 0.42, 0.3, 0.13499999999999995, 0.13499999999999995, 1, 0.24, 0.965, 0.64, 0.29, 0.96, 0.97, 0.29, 0.29, 0.64, 0.41, 0.64, 0.41, 0.02, 0.45, 99, 99, 99]
--- num:  29
list:  [0.55, 0.55, 1, 1, 0.98, 0.98, 0.2267251420021057, 0.22653129279613493, 0.32, 0.32, 0.37, 0.34, 0.13499999999999995, 0.11999999999999994, 1, 0.24, 0.965, 0.64, 0.29, 0.96, 0.97, 0.29, 0.29, 0.64, 0.41, 0.63, 0.41, 0.02, 0.44, 99, 99, 99]
--- num:  29
list:  [0.31, 0.31, 0.48, 0.48, 1, 1, 0.20354476153850554, 0.20321292757987974, 0.33, 0.33, 0.35, 0.37, 0.14999999999999997, 0.11999999999999994, 1, 0.24, 0.965, 0.64, 0.28, 0.96, 0.97, 0.28, 0.28, 0.65, 0.41, 0.63, 0.42, 0.02, 0.44, 99, 99, 99]
--- num:  29
list:  [0.3, 0.3, 0.46, 0.46, 1, 1, 0.195186208486557, 0.19479724347591398, 0.34, 0.34, 0.32, 0.4, 0.16499999999999998, 0.11999999999999994, 1, 0.24, 0.965, 0.64, 0.28, 0.96, 0.97, 0.28, 0.28, 0.66, 0.4, 0.63, 0.42, 0.02, 0.44, 99, 99, 99]
--- num:  29
list:  [0.3, 0.3, 0.46, 0.46, 1, 1, 0.1841138410568237, 0.18354849100112913, 0.35, 0.35, 0.3, 0.42, 0.14999999999999997, 0.11999999999999994, 1, 0.24, 0.965, 0.64, 0.28, 0.96, 0.97, 0.28, 0.28, 0.65, 0.4, 0.63, 0.42, 0.02, 0.46, 99, 99, 99]
--- num:  29
list:  [0.3, 0.3, 0.46, 0.46, 1, 1, 0.1830692398548126, 0.18239488780498503, 0.36, 0.36, 0.28, 0.43, 0.04499999999999987, 0.015000000000000013, 1, 0.24, 0.965, 0.64, 0.28, 0.96, 0.97, 0.28, 0.28, 0.58, 0.44, 0.56, 0.45, 0.02, 0.48, 99, 99, 99]
--- num:  29
list:  [0.31, 0.31, 0.48, 0.48, 1, 1, 0.513734381198883, 0.5109576988220215, 0.29, 0.29, 0.28, 0.43, 0, 0, 1, 0.25, 0.97, 0.65, 0.28, 0.97, 0.97, 0.28, 0.28, 0.31, 0.92, 0.31, 0.92, 0.02, 0.69, 99, 99, 99]
--- num:  29
list:  [0.62, 0.62, 1, 1, 0.93, 0.93, 0.9683801937103271, 0.9683549213409424, 0.34, 0.34, 0.28, 0.44, 0, 0, 0.75, 0.27, 0.96, 0.66, 0.27, 0.96, 0.96, 0.27, 0.27, 0.31, 0.92, 0.31, 0.92, 0.02, 0.76, 99, 99, 99]
--- num:  29
list:  [0.6, 0.6, 1, 1, 0.94, 0.94, 0.7652613925933838, 0.7620417284965515, 0.2, 0.2, 0.29, 0.43, 0, 0, 0.75, 0.29, 0.95, 0.68, 0.28, 0.95, 0.95, 0.28, 0.28, 0.31, 0.92, 0.31, 0.92, 0.02, 0.89, 99, 99, 99]
--- num:  29
list:  [0.61, 0.61, 1, 1, 0.93, 0.93, 0.9710465478897095, 0.9712781119346618, 0.35, 0.35, 0.3, 0.42, 0, 0, 0.75, 0.29, 0.95, 0.68, 0.28, 0.95, 0.95, 0.28, 0.28, 0.31, 0.92, 0.31, 0.92, 0.02, 0.8, 99, 99, 99]
--- num:  29
list:  [0.6, 0.6, 1, 1, 0.94, 0.94, 0.5589830684661865, 0.5549514698982239, 0.22, 0.22, 0.3, 0.41, 0, 0, 0.75, 0.31, 0.95, 0.69, 0.28, 0.95, 0.95, 0.28, 0.28, 0.31, 0.92, 0.31, 0.92, 0.02, 0.85, 99, 99, 99]
--- num:  29
list:  [0.6, 0.6, 1, 1, 0.94, 0.94, 0.37741235971450804, 0.37666080474853514, 0.28, 0.28, 0.32, 0.39, 0, 0, 0.75, 0.31, 0.95, 0.7, 0.28, 0.95, 0.95, 0.28, 0.28, 0.31, 0.92, 0.31, 0.92, 0.02, 0.73, 99, 99, 99]
--- num:  29
list:  [0.6, 0.6, 1, 1, 0.95, 0.95, 0.41917492032051085, 0.41865492939949034, 0.27, 0.27, 0.33, 0.38, 0, 0, 0.75, 0.31, 0.95, 0.7, 0.28, 0.95, 0.95, 0.28, 0.28, 0.31, 0.92, 0.31, 0.92, 0.02, 0.7, 99, 99, 99]
--- num:  29
list:  [0.6, 0.6, 1, 1, 0.95, 0.95, 0.4148458349704742, 0.4146504807472229, 0.24, 0.24, 0.3, 0.41, 0, 0, 0.75, 0.32, 0.955, 0.7, 0.28, 0.95, 0.96, 0.28, 0.28, 0.31, 0.92, 0.31, 0.92, 0.02, 0.62, 99, 99, 99]
--- num:  29
list:  [0.6, 0.6, 1, 1, 0.95, 0.95, 0.40949506640434263, 0.4095177161693573, 0.24, 0.24, 0.31, 0.4, 0, 0, 0.75, 0.32, 0.96, 0.7, 0.28, 0.96, 0.96, 0.28, 0.28, 0.31, 0.92, 0.31, 0.92, 0.02, 0.55, 99, 99, 99]
--- num:  29
list:  [0.6, 0.6, 1, 1, 0.95, 0.95, 0.3573980140686035, 0.3573631155490875, 0.24, 0.24, 0.31, 0.39, 0, 0, 0.75, 0.33, 0.96, 0.71, 0.28, 0.96, 0.96, 0.28, 0.28, 0.31, 0.92, 0.31, 0.92, 0.03, 0.51, 99, 99, 99]
--- num:  29
list:  [0.59, 0.59, 1, 1, 0.95, 0.95, 0.3301613736152649, 0.3301305282115936, 0.25, 0.25, 0.31, 0.4, 0, 0, 0.75, 0.33, 0.96, 0.71, 0.28, 0.96, 0.96, 0.28, 0.28, 0.31, 0.92, 0.31, 0.92, 0.02, 0.46, 99, 99, 99]
--- num:  29
list:  [0.58, 0.58, 1, 1, 0.96, 0.96, 0.35228065729141234, 0.35228450179100035, 0.25, 0.25, 0.31, 0.39, 0, 0, 0.75, 0.33, 0.96, 0.71, 0.28, 0.96, 0.96, 0.28, 0.28, 0.31, 0.92, 0.31, 0.92, 0.02, 0.41, 99, 99, 99]
--- num:  29
list:  [0.58, 0.58, 1, 1, 0.96, 0.96, 0.3314541387557983, 0.33142478346824644, 0.26, 0.26, 0.29, 0.42, 0, 0, 0.75, 0.34, 0.965, 0.71, 0.28, 0.97, 0.96, 0.28, 0.28, 0.31, 0.92, 0.31, 0.92, 0.02, 0.39, 99, 99, 99]
--- num:  29
list:  [0.58, 0.58, 1, 1, 0.96, 0.96, 0.32531298279762266, 0.3252506065368652, 0.27, 0.27, 0.27, 0.43, 0, 0, 0.75, 0.34, 0.97, 0.72, 0.28, 0.97, 0.97, 0.28, 0.28, 0.31, 0.92, 0.31, 0.92, 0.03, 0.35, 99, 99, 99]
--- num:  29
list:  [0.58, 0.58, 1, 1, 0.96, 0.96, 0.334394793510437, 0.3342223870754242, 0.27, 0.27, 0.21, 0.5, 0, 0, 0.75, 0.35, 0.97, 0.72, 0.28, 0.97, 0.97, 0.28, 0.28, 0.31, 0.92, 0.31, 0.92, 0.03, 0.32, 99, 99, 99]
--- num:  29
list:  [0.58, 0.58, 1, 1, 0.96, 0.96, 0.31135458827018736, 0.31126300573349, 0.28, 0.28, 0.2, 0.51, 0, 0, 0.75, 0.35, 0.97, 0.73, 0.28, 0.97, 0.97, 0.28, 0.28, 0.31, 0.92, 0.31, 0.92, 0.03, 0.27, 99, 99, 99]
--- num:  29
list:  [0.58, 0.58, 1, 1, 0.96, 0.96, 0.2952174651622772, 0.29518632173538206, 0.29, 0.29, 0.2, 0.51, 0, 0, 0.75, 0.36, 0.97, 0.73, 0.29, 0.97, 0.97, 0.29, 0.29, 0.31, 0.92, 0.31, 0.92, 0.03, 0.24, 99, 99, 99]
--- num:  29
list:  [0.58, 0.58, 1, 1, 0.96, 0.96, 0.316622416973114, 0.31653172850608824, 0.28, 0.28, 0.22, 0.48, 0, 0, 0.75, 0.36, 0.97, 0.73, 0.29, 0.97, 0.97, 0.29, 0.29, 0.31, 0.92, 0.31, 0.92, 0.03, 0.22, 99, 99, 99]
--- num:  29
list:  [0.59, 0.59, 1, 1, 0.95, 0.95, 0.9167824792861938, 0.9167852807044983, 0.31, 0.31, 0.48, 0.24, 0, 0, 0.75, 0.38, 0.97, 0.75, 0.29, 0.97, 0.97, 0.29, 0.29, 0.31, 0.92, 0.31, 0.92, 0.03, 0.22, 99, 99, 99]
--- num:  29
list:  [0.6, 0.6, 1, 1, 0.94, 0.94, 0.9666008758544922, 0.9666002798080444, 0.35, 0.35, 0.46, 0.26, 0, 0, 0.75, 0.36, 0.97, 0.73, 0.29, 0.97, 0.97, 0.29, 0.29, 0.31, 0.92, 0.31, 0.92, 0.03, 0.29, 99, 99, 99]
--- num:  29
list:  [0.59, 0.59, 1, 1, 0.95, 0.95, 0.943666021823883, 0.9436161923408508, 0.29, 0.29, 0.43, 0.29, 0, 0, 0.75, 0.34, 0.97, 0.72, 0.29, 0.97, 0.97, 0.29, 0.29, 0.31, 0.92, 0.31, 0.92, 0.03, 0.41, 99, 99, 99]
--- num:  29
list:  [0.59, 0.59, 1, 1, 0.95, 0.95, 0.7453579115867615, 0.7447078037261963, 0.16, 0.16, 0.41, 0.3, 0, 0, 0.75, 0.34, 0.97, 0.72, 0.29, 0.97, 0.97, 0.29, 0.29, 0.31, 0.92, 0.31, 0.92, 0.03, 0.45, 99, 99, 99]
--- num:  29
list:  [0.59, 0.59, 1, 1, 0.95, 0.95, 0.609927933216095, 0.6076233196258545, 0.19, 0.19, 0.4, 0.31, 0, 0, 0.75, 0.34, 0.965, 0.72, 0.29, 0.96, 0.97, 0.29, 0.29, 0.31, 0.92, 0.31, 0.92, 0.03, 0.48, 99, 99, 99]
--- num:  29
list:  [0.59, 0.59, 1, 1, 0.95, 0.95, 0.5569979357719421, 0.5564901638031006, 0.2, 0.2, 0.39, 0.31, 0, 0, 0.75, 0.33, 0.965, 0.71, 0.29, 0.96, 0.97, 0.29, 0.29, 0.31, 0.92, 0.31, 0.92, 0.03, 0.51, 99, 99, 99]
--- num:  29
list:  [0.59, 0.59, 1, 1, 0.95, 0.95, 0.4394244062900543, 0.4391168761253357, 0.21, 0.21, 0.38, 0.32, 0, 0, 0.75, 0.33, 0.96, 0.71, 0.29, 0.96, 0.96, 0.29, 0.29, 0.31, 0.92, 0.31, 0.92, 0.03, 0.53, 99, 99, 99]
--- num:  29
list:  [0.58, 0.58, 1, 1, 0.96, 0.96, 0.4977602767944336, 0.4954428482055664, 0.22, 0.22, 0.37, 0.34, 0, 0, 0.75, 0.33, 0.965, 0.71, 0.29, 0.96, 0.97, 0.29, 0.29, 0.31, 0.92, 0.31, 0.92, 0.03, 0.62, 99, 99, 99]
--- num:  29
list:  [0.58, 0.58, 1, 1, 0.96, 0.96, 0.43248445868492125, 0.43107775926589964, 0.22, 0.22, 0.36, 0.35, 0, 0, 0.75, 0.31, 0.97, 0.7, 0.28, 0.97, 0.97, 0.28, 0.28, 0.31, 0.92, 0.31, 0.92, 0.03, 0.68, 99, 99, 99]
--- num:  29
list:  [0.58, 0.58, 1, 1, 0.96, 0.96, 0.46945310711860655, 0.46497378826141356, 0.22, 0.22, 0.35, 0.36, 0, 0, 0.75, 0.3, 0.97, 0.69, 0.28, 0.97, 0.97, 0.28, 0.28, 0.31, 0.92, 0.31, 0.92, 0.03, 0.79, 99, 99, 99]
--- num:  29
list:  [0.58, 0.58, 1, 1, 0.96, 0.96, 0.4452585983276367, 0.4412481892108917, 0.23, 0.23, 0.35, 0.36, 0, 0, 0.75, 0.3, 0.97, 0.69, 0.28, 0.97, 0.97, 0.28, 0.28, 0.31, 0.92, 0.31, 0.92, 0.03, 0.89, 99, 99, 99]
--- num:  29
list:  [0.58, 0.58, 1, 1, 0.96, 0.96, 0.4682209002971649, 0.4607000756263733, 0.23, 0.23, 0.36, 0.35, 0, 0, 0.75, 0.3, 0.97, 0.68, 0.28, 0.97, 0.97, 0.28, 0.28, 0.31, 0.92, 0.31, 0.92, 0.03, 0.94, 99, 99, 99]
--- num:  29
list:  [0.58, 0.58, 1, 1, 0.96, 0.96, 0.45948569059371946, 0.4526259708404541, 0.23, 0.23, 0.36, 0.36, 0, 0, 0.75, 0.3, 0.97, 0.68, 0.28, 0.97, 0.97, 0.28, 0.28, 0.31, 0.92, 0.31, 0.92, 0.03, 1, 99, 99, 99]
--- num:  29
list:  [0.58, 0.58, 1, 1, 0.96, 0.96, 0.5342452335357666, 0.5238135266304016, 0.23, 0.23, 0.36, 0.36, 0, 0, 0.75, 0.29, 0.97, 0.68, 0.28, 0.97, 0.97, 0.28, 0.28, 0.31, 0.92, 0.31, 0.92, 0.03, 0.96, 99, 99, 99]
--- num:  29
list:  [0.59, 0.59, 1, 1, 0.95, 0.95, 0.9699646043777466, 0.9682697463035583, 0.35, 0.35, 0.26, 0.46, 0, 0, 0.75, 0.29, 0.965, 0.68, 0.27, 0.96, 0.97, 0.27, 0.27, 0.31, 0.92, 0.31, 0.92, 0.03, 0.98, 99, 99, 99]
--- num:  29
list:  [0.59, 0.59, 1, 1, 0.95, 0.95, 0.9640953946113586, 0.964153687953949, 0.35, 0.35, 0.26, 0.46, 0, 0, 0.75, 0.29, 0.96, 0.68, 0.27, 0.96, 0.96, 0.27, 0.27, 0.31, 0.92, 0.31, 0.92, 0.03, 0.89, 99, 99, 99]
--- num:  29
list:  [0.59, 0.59, 1, 1, 0.95, 0.95, 0.960290949344635, 0.9602835583686828, 0.35, 0.35, 0.27, 0.45, 0, 0, 0.75, 0.29, 0.96, 0.68, 0.27, 0.96, 0.96, 0.27, 0.27, 0.31, 0.92, 0.31, 0.92, 0.03, 0.86, 99, 99, 99]
--- num:  29
list:  [0.58, 0.58, 1, 1, 0.96, 0.96, 0.5421334910392761, 0.5328807044029236, 0.23, 0.23, 0.34, 0.38, 0, 0, 0.75, 0.3, 0.96, 0.68, 0.27, 0.96, 0.96, 0.27, 0.27, 0.31, 0.92, 0.31, 0.92, 0.03, 0.86, 99, 99, 99]
--- num:  29
list:  [0.57, 0.57, 1, 1, 0.96, 0.96, 0.3483934211730957, 0.34634665727615355, 0.28, 0.28, 0.35, 0.36, 0, 0, 0.75, 0.3, 0.965, 0.69, 0.27, 0.96, 0.97, 0.27, 0.27, 0.31, 0.92, 0.31, 0.92, 0.03, 0.85, 99, 99, 99]
--- num:  29
list:  [0.58, 0.58, 1, 1, 0.96, 0.96, 0.9558993983268738, 0.9557068753242492, 0.33, 0.33, 0.26, 0.46, 0, 0, 0.75, 0.3, 0.965, 0.69, 0.27, 0.96, 0.97, 0.27, 0.27, 0.31, 0.92, 0.31, 0.92, 0.03, 0.87, 99, 99, 99]
--- num:  29
list:  [0.57, 0.57, 1, 1, 0.96, 0.96, 0.7862784075736999, 0.7814428615570068, 0.22, 0.22, 0.32, 0.4, 0, 0, 0.75, 0.3, 0.965, 0.69, 0.27, 0.96, 0.97, 0.27, 0.27, 0.31, 0.92, 0.31, 0.92, 0.03, 0.9, 99, 99, 99]
--- num:  29
list:  [0.57, 0.57, 1, 1, 0.97, 0.97, 0.39805601119995115, 0.3954902696609497, 0.26, 0.26, 0.45, 0.26, 0, 0, 1, 0.29, 0.97, 0.68, 0.27, 0.97, 0.97, 0.27, 0.27, 0.31, 0.92, 0.31, 0.92, 0.03, 0.96, 99, 99, 99]
--- num:  29
list:  [0.56, 0.56, 1, 1, 0.97, 0.97, 0.2947832453250885, 0.2938150572776794, 0.28, 0.28, 0.48, 0.24, 0, 0, 1, 0.29, 0.97, 0.68, 0.27, 0.97, 0.97, 0.27, 0.27, 0.31, 0.92, 0.31, 0.92, 0.02, 1, 99, 99, 99]
--- num:  29
list:  [0.56, 0.56, 1, 1, 0.97, 0.97, 0.2673595356941223, 0.26651875257492064, 0.28, 0.28, 0.51, 0.21, 0, 0, 1, 0.28, 0.975, 0.67, 0.27, 0.97, 0.98, 0.27, 0.27, 0.31, 0.92, 0.31, 0.92, 0.02, 1, 99, 99, 99]
--- num:  29
list:  [0.56, 0.56, 1, 1, 0.98, 0.98, 0.26524306416511534, 0.2644265103340149, 0.28, 0.28, 0.51, 0.21, 0, 0, 1, 0.28, 0.975, 0.67, 0.27, 0.97, 0.98, 0.27, 0.27, 0.31, 0.92, 0.31, 0.92, 0.02, 1, 99, 99, 99]
--- num:  29
list:  [0.56, 0.56, 1, 1, 0.98, 0.98, 0.9287248659133911, 0.9266445446014404, 0.33, 0.33, 0.2, 0.52, 0, 0, 1, 0.28, 0.975, 0.67, 0.27, 0.97, 0.98, 0.27, 0.27, 0.31, 0.92, 0.31, 0.92, 0.02, 1, 99, 99, 99]
--- num:  29
list:  [0.57, 0.57, 1, 1, 0.97, 0.97, 0.9563710498809814, 0.9562875437736511, 0.37, 0.37, 0.2, 0.52, 0, 0, 0.75, 0.28, 0.97, 0.67, 0.27, 0.97, 0.97, 0.27, 0.27, 0.31, 0.92, 0.31, 0.92, 0.02, 1, 99, 99, 99]
--- num:  29
list:  [0.57, 0.57, 1, 1, 0.97, 0.97, 0.6038000392913818, 0.5957271265983581, 0.24, 0.24, 0.22, 0.5, 0, 0, 0.75, 0.28, 0.97, 0.68, 0.27, 0.97, 0.97, 0.27, 0.27, 0.31, 0.92, 0.31, 0.92, 0.02, 0.94, 99, 99, 99]
--- num:  29
list:  [0.57, 0.57, 1, 1, 0.97, 0.97, 0.3861883985996246, 0.3849958288669586, 0.29, 0.29, 0.27, 0.44, 0, 0, 1, 0.29, 0.97, 0.68, 0.27, 0.97, 0.97, 0.27, 0.27, 0.31, 0.92, 0.31, 0.92, 0.02, 0.84, 99, 99, 99]
--- num:  29
list:  [0.57, 0.57, 1, 1, 0.97, 0.97, 0.35354052066802977, 0.3531163144111633, 0.29, 0.29, 0.31, 0.4, 0, 0, 1, 0.29, 0.97, 0.68, 0.27, 0.97, 0.97, 0.27, 0.27, 0.31, 0.92, 0.31, 0.92, 0.03, 0.71, 99, 99, 99]
--- num:  29
list:  [0.57, 0.57, 1, 1, 0.97, 0.97, 0.838905017375946, 0.8385449457168579, 0.22, 0.22, 0.38, 0.34, 0, 0, 1, 0.3, 0.97, 0.69, 0.28, 0.97, 0.97, 0.28, 0.28, 0.31, 0.92, 0.31, 0.92, 0.03, 0.57, 99, 99, 99]
--- num:  29
list:  [0.57, 0.57, 1, 1, 0.97, 0.97, 0.76939288854599, 0.7692009019851684, 0.2, 0.2, 0.37, 0.34, 0, 0, 0.75, 0.3, 0.97, 0.69, 0.28, 0.97, 0.97, 0.28, 0.28, 0.31, 0.92, 0.31, 0.92, 0.02, 0.56, 99, 99, 99]
--- num:  29
list:  [0.57, 0.57, 1, 1, 0.96, 0.96, 0.27390731453895567, 0.2737428057193756, 0.3, 0.3, 0.29, 0.42, 0, 0, 0.75, 0.3, 0.97, 0.69, 0.28, 0.97, 0.97, 0.28, 0.28, 0.31, 0.92, 0.31, 0.92, 0.02, 0.49, 99, 99, 99]
--- num:  29
list:  [0.57, 0.57, 1, 1, 0.97, 0.97, 0.202212016582489, 0.20178608179092405, 0.34, 0.34, 0.25, 0.46, 0, 0, 0.75, 0.3, 0.97, 0.69, 0.28, 0.97, 0.97, 0.28, 0.28, 0.31, 0.92, 0.31, 0.92, 0.02, 0.42, 99, 99, 99]
--- num:  29
list:  [0.57, 0.57, 1, 1, 0.97, 0.97, 0.16199999999999998, 0.16199999999999998, 0.35, 0.35, 0.24, 0.47, 0, 0, 1, 0.3, 0.97, 0.69, 0.28, 0.97, 0.97, 0.28, 0.28, 0.31, 0.92, 0.31, 0.92, 0.02, 0.37, 99, 99, 99]
--- num:  29
list:  [0.57, 0.57, 1, 1, 0.97, 0.97, 0.18604087412357329, 0.1853941339254379, 0.34, 0.34, 0.26, 0.45, 0, 0, 0.75, 0.3, 0.97, 0.69, 0.28, 0.97, 0.97, 0.28, 0.28, 0.31, 0.92, 0.31, 0.92, 0.02, 0.31, 99, 99, 99]
--- num:  29
list:  [0.57, 0.57, 1, 1, 0.97, 0.97, 0.9151900219917297, 0.915175895690918, 0.28, 0.28, 0.47, 0.25, 0, 0, 0.75, 0.32, 0.97, 0.7, 0.28, 0.97, 0.97, 0.28, 0.28, 0.31, 0.92, 0.31, 0.92, 0.02, 0.29, 99, 99, 99]
--- num:  29
list:  [0.57, 0.57, 1, 1, 0.97, 0.97, 0.4359483826160431, 0.4356123912334442, 0.25, 0.25, 0.26, 0.46, 0, 0, 0.75, 0.32, 0.97, 0.71, 0.28, 0.97, 0.97, 0.28, 0.28, 0.31, 0.92, 0.31, 0.92, 0.02, 0.28, 99, 99, 99]
--- num:  29
list:  [0.57, 0.57, 1, 1, 0.97, 0.97, 0.19072104573249815, 0.18982055366039274, 0.34, 0.34, 0.13, 0.59, 0, 0, 0.75, 0.31, 0.97, 0.69, 0.28, 0.97, 0.97, 0.28, 0.28, 0.31, 0.92, 0.31, 0.92, 0.02, 0.27, 99, 99, 99]
--- num:  29
list:  [0.57, 0.57, 1, 1, 0.97, 0.97, 0.16199999999999998, 0.16199999999999998, 0.36, 0.36, 0.13, 0.59, 0, 0, 0.75, 0.3, 0.98, 0.69, 0.28, 0.98, 0.98, 0.28, 0.28, 0.31, 0.92, 0.31, 0.92, 0.02, 0.26, 99, 99, 99]
--- num:  29
list:  [0.57, 0.57, 1, 1, 0.97, 0.97, 0.16199999999999998, 0.16199999999999998, 0.36, 0.36, 0.14, 0.58, 0, 0, 0.75, 0.3, 0.98, 0.69, 0.28, 0.98, 0.98, 0.28, 0.28, 0.31, 0.92, 0.31, 0.92, 0.02, 0.26, 99, 99, 99]
--- num:  29
list:  [0.57, 0.57, 1, 1, 0.97, 0.97, 0.16199999999999998, 0.16199999999999998, 0.35, 0.35, 0.14, 0.58, 0, 0, 0.75, 0.3, 0.98, 0.68, 0.28, 0.98, 0.98, 0.28, 0.28, 0.31, 0.92, 0.31, 0.92, 0.02, 0.28, 99, 99, 99]
--- num:  29
list:  [0.57, 0.57, 1, 1, 0.97, 0.97, 0.9640233325958252, 0.9640260148048401, 0.34, 0.34, 0.47, 0.25, 0, 0, 0.75, 0.32, 0.97, 0.7, 0.28, 0.97, 0.97, 0.28, 0.28, 0.31, 0.92, 0.31, 0.92, 0.02, 0.29, 99, 99, 99]
--- num:  29
list:  [0.58, 0.58, 1, 1, 0.96, 0.96, 0.9638715195655823, 0.9638709831237793, 0.36, 0.36, 0.46, 0.26, 0, 0, 0.75, 0.32, 0.97, 0.7, 0.28, 0.97, 0.97, 0.28, 0.28, 0.31, 0.92, 0.31, 0.92, 0.02, 0.34, 99, 99, 99]
--- num:  29
list:  [0.58, 0.58, 1, 1, 0.96, 0.96, 0.9608332324028015, 0.9608322787284851, 0.37, 0.37, 0.45, 0.27, 0, 0, 0.75, 0.31, 0.97, 0.7, 0.28, 0.97, 0.97, 0.28, 0.28, 0.31, 0.92, 0.31, 0.92, 0.02, 0.39, 99, 99, 99]
--- num:  29
list:  [0.58, 0.58, 1, 1, 0.96, 0.96, 0.9595671701431274, 0.9595652627944946, 0.37, 0.37, 0.44, 0.28, 0, 0, 0.75, 0.31, 0.96, 0.69, 0.28, 0.96, 0.96, 0.28, 0.28, 0.31, 0.92, 0.31, 0.92, 0.02, 0.41, 99, 99, 99]
--- num:  29
list:  [0.58, 0.58, 1, 1, 0.96, 0.96, 0.9161748695373535, 0.9159903335571289, 0.27, 0.27, 0.44, 0.28, 0, 0, 0.75, 0.31, 0.96, 0.69, 0.28, 0.96, 0.96, 0.28, 0.28, 0.31, 0.92, 0.31, 0.92, 0.02, 0.43, 99, 99, 99]
--- num:  29
list:  [0.57, 0.57, 1, 1, 0.97, 0.97, 0.5205610799789429, 0.5204673814773559, 0.25, 0.25, 0.43, 0.28, 0, 0, 0.75, 0.31, 0.96, 0.69, 0.28, 0.96, 0.96, 0.28, 0.28, 0.31, 0.92, 0.31, 0.92, 0.02, 0.44, 99, 99, 99]
--- num:  29
list:  [0.57, 0.57, 1, 1, 0.97, 0.97, 0.39926699876785277, 0.3992684292793274, 0.28, 0.28, 0.44, 0.27, 0, 0, 0.75, 0.31, 0.965, 0.69, 0.28, 0.96, 0.97, 0.28, 0.28, 0.31, 0.92, 0.31, 0.92, 0.02, 0.44, 99, 99, 99]
--- num:  29
list:  [0.57, 0.57, 1, 1, 0.97, 0.97, 0.3835973250865936, 0.3835977721214294, 0.28, 0.28, 0.43, 0.28, 0, 0, 0.75, 0.31, 0.965, 0.69, 0.28, 0.96, 0.97, 0.28, 0.28, 0.31, 0.92, 0.31, 0.92, 0.02, 0.45, 99, 99, 99]
--- num:  29
list:  [0.57, 0.57, 1, 1, 0.97, 0.97, 0.383049498796463, 0.3830237793922424, 0.28, 0.28, 0.42, 0.29, 0, 0, 0.75, 0.31, 0.965, 0.69, 0.28, 0.96, 0.97, 0.28, 0.28, 0.31, 0.92, 0.31, 0.92, 0.02, 0.46, 99, 99, 99]
--- num:  29
list:  [0.57, 0.57, 1, 1, 0.97, 0.97, 0.3843777883052826, 0.3843435156345367, 0.27, 0.27, 0.4, 0.31, 0, 0, 0.75, 0.31, 0.96, 0.69, 0.28, 0.96, 0.96, 0.28, 0.28, 0.31, 0.92, 0.31, 0.92, 0.02, 0.48, 99, 99, 99]
--- num:  29
list:  [0.57, 0.57, 1, 1, 0.97, 0.97, 0.3742432105541229, 0.37400500059127806, 0.26, 0.26, 0.39, 0.32, 0, 0, 0.75, 0.31, 0.96, 0.69, 0.28, 0.96, 0.96, 0.28, 0.28, 0.31, 0.92, 0.31, 0.92, 0.03, 0.51, 99, 99, 99]
--- num:  29
list:  [0.57, 0.57, 1, 1, 0.96, 0.96, 0.36566255569458006, 0.3652206170558929, 0.26, 0.26, 0.37, 0.34, 0, 0, 0.75, 0.3, 0.96, 0.69, 0.28, 0.96, 0.96, 0.28, 0.28, 0.31, 0.92, 0.31, 0.92, 0.03, 0.57, 99, 99, 99]
--- num:  29
list:  [0.57, 0.57, 1, 1, 0.96, 0.96, 0.3513674247264862, 0.35093636393547056, 0.26, 0.26, 0.36, 0.35, 0, 0, 0.75, 0.3, 0.96, 0.69, 0.28, 0.96, 0.96, 0.28, 0.28, 0.31, 0.92, 0.31, 0.92, 0.02, 0.6, 99, 99, 99]
--- num:  29
list:  [0.58, 0.58, 1, 1, 0.96, 0.96, 0.34604657769203184, 0.34569434404373167, 0.26, 0.26, 0.35, 0.36, 0, 0, 0.75, 0.3, 0.96, 0.69, 0.28, 0.96, 0.96, 0.28, 0.28, 0.31, 0.92, 0.31, 0.92, 0.02, 0.62, 99, 99, 99]
--- num:  29
list:  [0.58, 0.58, 1, 1, 0.96, 0.96, 0.35556079030036924, 0.35491363286972044, 0.26, 0.26, 0.35, 0.36, 0, 0, 0.75, 0.3, 0.96, 0.68, 0.28, 0.96, 0.96, 0.28, 0.28, 0.31, 0.92, 0.31, 0.92, 0.02, 0.64, 99, 99, 99]
--- num:  29
list:  [0.58, 0.58, 1, 1, 0.96, 0.96, 0.35330317497253416, 0.3527121353149414, 0.26, 0.26, 0.35, 0.36, 0, 0, 0.75, 0.3, 0.96, 0.68, 0.28, 0.96, 0.96, 0.28, 0.28, 0.31, 0.92, 0.31, 0.92, 0.02, 0.64, 99, 99, 99]
--- num:  29
list:  [0.58, 0.58, 1, 1, 0.96, 0.96, 0.3527355897426605, 0.3521698820590973, 0.26, 0.26, 0.35, 0.36, 0, 0, 0.75, 0.29, 0.96, 0.68, 0.28, 0.96, 0.96, 0.28, 0.28, 0.31, 0.92, 0.31, 0.92, 0.02, 0.65, 99, 99, 99]
--- num:  29
list:  [0.58, 0.58, 1, 1, 0.96, 0.96, 0.3552374947071075, 0.3547497200965881, 0.26, 0.26, 0.36, 0.35, 0, 0, 0.75, 0.29, 0.96, 0.68, 0.28, 0.96, 0.96, 0.28, 0.28, 0.31, 0.92, 0.31, 0.92, 0.02, 0.64, 99, 99, 99]
--- num:  29
list:  [0.58, 0.58, 1, 1, 0.96, 0.96, 0.3623210597038269, 0.36203200697898863, 0.28, 0.28, 0.34, 0.37, 0, 0, 0.75, 0.3, 0.96, 0.69, 0.28, 0.96, 0.96, 0.28, 0.28, 0.31, 0.92, 0.31, 0.92, 0.03, 0.59, 99, 99, 99]
--- num:  29
list:  [0.58, 0.58, 1, 1, 0.96, 0.96, 0.3563790130615234, 0.35635710835456846, 0.28, 0.28, 0.36, 0.35, 0, 0, 0.75, 0.3, 0.96, 0.69, 0.28, 0.96, 0.96, 0.28, 0.28, 0.31, 0.92, 0.31, 0.92, 0.02, 0.56, 99, 99, 99]
--- num:  29
list:  [0.58, 0.58, 1, 1, 0.96, 0.96, 0.9450599360466003, 0.9450838971138, 0.32, 0.32, 0.4, 0.32, 0, 0, 0.75, 0.3, 0.96, 0.69, 0.28, 0.96, 0.96, 0.28, 0.28, 0.31, 0.92, 0.31, 0.92, 0.02, 0.53, 99, 99, 99]
--- num:  29
list:  [0.56, 0.56, 1, 1, 0.97, 0.97, 0.16199999999999998, 0.16199999999999998, 0.43, 0.43, 0.47, 0.24, 0, 0, 1, 0.3, 0.97, 0.69, 0.28, 0.97, 0.97, 0.28, 0.28, 0.31, 0.92, 0.31, 0.92, 0.02, 0.53, 99, 99, 99]
--- num:  29
list:  [0.56, 0.56, 1, 1, 0.98, 0.98, 0.16199999999999998, 0.16199999999999998, 0.48, 0.48, 0.46, 0.25, 0, 0, 1, 0.29, 0.97, 0.68, 0.28, 0.97, 0.97, 0.28, 0.28, 0.31, 0.92, 0.31, 0.92, 0.02, 0.52, 99, 99, 99]
--- num:  29
list:  [0.56, 0.56, 1, 1, 0.98, 0.98, 0.16199999999999998, 0.16199999999999998, 0.48, 0.48, 0.45, 0.26, 0, 0, 1, 0.29, 0.975, 0.68, 0.3, 0.97, 0.98, 0.3, 0.3, 0.31, 0.92, 0.31, 0.92, 0.03, 0.52, 99, 99, 99]
--- num:  29
list:  [0.56, 0.56, 1, 1, 0.98, 0.98, 0.16199999999999998, 0.16199999999999998, 0.46, 0.46, 0.43, 0.28, 0.015000000000000013, 0, 1, 0.27, 0.97, 0.66, 0.33, 0.97, 0.97, 0.33, 0.33, 0.56, 0.45, 0.54, 0.47, 0.03, 0.45, 99, 99, 99]
--- num:  29
list:  [0.56, 0.56, 1, 1, 0.97, 0.97, 0.9404662656784057, 0.9389923024177551, 0.3, 0.3, 0.37, 0.35, 0.14999999999999997, 0.14999999999999997, 1, 0.26, 0.97, 0.65, 0.31, 0.97, 0.97, 0.31, 0.31, 0.65, 0.4, 0.65, 0.4, 0.03, 0.43, 99, 99, 99]
--- num:  29
list:  [0.57, 0.57, 1, 1, 0.97, 0.97, 0.4740652549266815, 0.47311596155166624, 0.24, 0.24, 0.36, 0.36, 0.18, 0.16499999999999998, 1, 0.25, 0.96, 0.65, 0.31, 0.96, 0.96, 0.31, 0.31, 0.67, 0.4, 0.66, 0.4, 0.03, 0.43, 99, 99, 99]
--- num:  29
list:  [0.56, 0.56, 1, 1, 0.97, 0.97, 0.20761979699134825, 0.20692754864692686, 0.32, 0.32, 0.35, 0.37, 0.195, 0.14999999999999997, 1, 0.25, 0.96, 0.65, 0.31, 0.96, 0.96, 0.31, 0.31, 0.68, 0.39, 0.65, 0.4, 0.02, 0.43, 99, 99, 99]
--- num:  29
list:  [0.56, 0.56, 1, 1, 0.98, 0.98, 0.16199999999999998, 0.16199999999999998, 0.34, 0.34, 0.32, 0.39, 0.195, 0.14999999999999997, 1, 0.24, 0.96, 0.64, 0.3, 0.96, 0.96, 0.3, 0.3, 0.68, 0.39, 0.65, 0.41, 0.02, 0.44, 99, 99, 99]
--- num:  29
list:  [0.56, 0.56, 1, 1, 0.97, 0.97, 0.8905412364006042, 0.8899912047386169, 0.27, 0.27, 0.31, 0.41, 0.20999999999999985, 0.16499999999999998, 1, 0.24, 0.96, 0.64, 0.3, 0.96, 0.96, 0.3, 0.3, 0.69, 0.39, 0.66, 0.4, 0.02, 0.45, 99, 99, 99]
--- num:  29
list:  [0.56, 0.56, 1, 1, 0.97, 0.97, 0.4358136761188507, 0.43424264669418333, 0.25, 0.25, 0.34, 0.38, 0.20999999999999985, 0.14999999999999997, 1, 0.24, 0.955, 0.64, 0.29, 0.95, 0.96, 0.29, 0.29, 0.69, 0.39, 0.65, 0.4, 0.02, 0.48, 99, 99, 99]
--- num:  29
list:  [0.56, 0.56, 1, 1, 0.98, 0.98, 0.24449963450431822, 0.2431963789463043, 0.31, 0.31, 0.38, 0.34, 0.20999999999999985, 0.13499999999999995, 1, 0.24, 0.955, 0.64, 0.29, 0.95, 0.96, 0.29, 0.29, 0.69, 0.39, 0.64, 0.41, 0.02, 0.5, 99, 99, 99]
--- num:  29
list:  [0.56, 0.56, 1, 1, 0.98, 0.98, 0.5545285749435425, 0.547395269870758, 0.25, 0.25, 0.31, 0.41, 0.20999999999999985, 0.14999999999999997, 1, 0.24, 0.95, 0.64, 0.29, 0.95, 0.95, 0.29, 0.29, 0.69, 0.39, 0.65, 0.41, 0.02, 0.52, 99, 99, 99]
--- num:  29
list:  [0.56, 0.56, 1, 1, 0.98, 0.98, 0.16199999999999998, 0.16199999999999998, 0.4, 0.4, 0.22, 0.49, 0.195, 0.11999999999999994, 1, 0.24, 0.955, 0.64, 0.29, 0.95, 0.96, 0.29, 0.29, 0.68, 0.39, 0.63, 0.41, 0.02, 0.53, 99, 99, 99]
--- num:  29
list:  [0.21, 0.21, 0.25, 0.25, 1, 1, 0.16199999999999998, 0.16199999999999998, 0.49, 0.49, 0.22, 0.49, 0.16499999999999998, 0.0749999999999999, 1, 0.23, 0.97, 0.64, 0.28, 0.97, 0.97, 0.28, 0.28, 0.66, 0.4, 0.6, 0.43, 0.02, 0.54, 99, 99, 99]
--- num:  29
list:  [0.21, 0.21, 0.26, 0.26, 1, 1, 0.16199999999999998, 0.16199999999999998, 0.49, 0.49, 0.23, 0.48, 0.14999999999999997, 0.05999999999999989, 1, 0.23, 0.97, 0.64, 0.27, 0.97, 0.97, 0.27, 0.27, 0.65, 0.41, 0.59, 0.43, 0.02, 0.54, 99, 99, 99]
--- num:  29
list:  [0.21, 0.21, 0.26, 0.26, 1, 1, 0.16199999999999998, 0.16199999999999998, 0.43, 0.43, 0.27, 0.45, 0, 0, 1, 0.23, 0.975, 0.64, 0.28, 0.97, 0.98, 0.28, 0.28, 0.53, 0.49, 0.52, 0.51, 0.02, 0.53, 99, 99, 99]
--- num:  29
list:  [0.57, 0.57, 1, 1, 0.97, 0.97, 0.9618921089172363, 0.9618200469017029, 0.37, 0.37, 0.32, 0.39, 0, 0, 1, 0.24, 0.97, 0.64, 0.28, 0.97, 0.97, 0.28, 0.28, 0.4, 0.75, 0.41, 0.73, 0.02, 0.57, 99, 99, 99]
--- num:  29
list:  [0.58, 0.58, 1, 1, 0.96, 0.96, 0.9451314616203308, 0.9450226235389709, 0.36, 0.36, 0.34, 0.38, 0, 0, 1, 0.26, 0.97, 0.65, 0.28, 0.97, 0.97, 0.28, 0.28, 0.31, 0.92, 0.33, 0.88, 0.02, 0.63, 99, 99, 99]
--- num:  29
list:  [0.58, 0.58, 1, 1, 0.96, 0.96, 0.4467707085609436, 0.44794524788856505, 0.24, 0.24, 0.34, 0.36, 0, 0, 1, 0.28, 0.97, 0.67, 0.29, 0.97, 0.97, 0.29, 0.29, 0.31, 0.92, 0.32, 0.89, 0.03, 0.59, 99, 99, 99]
--- num:  29
list:  [0.59, 0.59, 1, 1, 0.95, 0.95, 0.9693180131912231, 0.9693283247947693, 0.37, 0.37, 0.36, 0.36, 0, 0, 0.75, 0.29, 0.97, 0.68, 0.29, 0.97, 0.97, 0.29, 0.29, 0.35, 0.84, 0.37, 0.8, 0.03, 0.58, 99, 99, 99]
--- num:  29
list:  [0.58, 0.58, 1, 1, 0.96, 0.96, 0.5037513780593872, 0.5033529210090637, 0.23, 0.23, 0.35, 0.35, 0, 0, 0.75, 0.3, 0.97, 0.69, 0.29, 0.97, 0.97, 0.29, 0.29, 0.31, 0.92, 0.31, 0.92, 0.03, 0.57, 99, 99, 99]
--- num:  29
list:  [0.58, 0.58, 1, 1, 0.96, 0.96, 0.3781046378612518, 0.3780695009231567, 0.27, 0.27, 0.37, 0.34, 0, 0, 1, 0.31, 0.97, 0.7, 0.29, 0.97, 0.97, 0.29, 0.29, 0.31, 0.92, 0.31, 0.92, 0.03, 0.55, 99, 99, 99]
--- num:  29
list:  [0.58, 0.58, 1, 1, 0.96, 0.96, 0.3710885155200958, 0.37106202125549315, 0.28, 0.28, 0.38, 0.32, 0, 0, 1, 0.32, 0.97, 0.7, 0.29, 0.97, 0.97, 0.29, 0.29, 0.31, 0.92, 0.31, 0.92, 0.03, 0.52, 99, 99, 99]
--- num:  29
list:  [0.58, 0.58, 1, 1, 0.96, 0.96, 0.3775703120231628, 0.37756223559379576, 0.28, 0.28, 0.33, 0.37, 0, 0, 1, 0.33, 0.97, 0.71, 0.29, 0.97, 0.97, 0.29, 0.29, 0.31, 0.92, 0.31, 0.92, 0.03, 0.48, 99, 99, 99]
--- num:  29
list:  [0.58, 0.58, 1, 1, 0.96, 0.96, 0.2932788240909576, 0.29327340006828306, 0.29, 0.29, 0.32, 0.38, 0, 0, 1, 0.34, 0.97, 0.72, 0.29, 0.97, 0.97, 0.29, 0.29, 0.31, 0.92, 0.31, 0.92, 0.03, 0.44, 99, 99, 99]
--- num:  29
list:  [0.58, 0.58, 1, 1, 0.96, 0.96, 0.2787606823444366, 0.2787469732761383, 0.3, 0.3, 0.31, 0.39, 0, 0, 1, 0.34, 0.97, 0.72, 0.29, 0.97, 0.97, 0.29, 0.29, 0.31, 0.92, 0.31, 0.92, 0.04, 0.38, 99, 99, 99]
--- num:  29
list:  [0.58, 0.58, 1, 1, 0.96, 0.96, 0.28168423056602476, 0.28167189240455626, 0.3, 0.3, 0.32, 0.39, 0, 0, 1, 0.34, 0.97, 0.72, 0.29, 0.97, 0.97, 0.29, 0.29, 0.31, 0.92, 0.31, 0.92, 0.04, 0.34, 99, 99, 99]
--- num:  29
list:  [0.58, 0.58, 1, 1, 0.96, 0.96, 0.6065645623207092, 0.6067113089561462, 0.22, 0.22, 0.44, 0.27, 0, 0, 1, 0.35, 0.97, 0.73, 0.29, 0.97, 0.97, 0.29, 0.29, 0.31, 0.92, 0.31, 0.92, 0.04, 0.3, 99, 99, 99]
--- num:  29
list:  [0.58, 0.58, 1, 1, 0.96, 0.96, 0.8780621695518493, 0.8780271816253662, 0.25, 0.25, 0.48, 0.23, 0, 0, 0.75, 0.36, 0.97, 0.73, 0.29, 0.97, 0.97, 0.29, 0.29, 0.31, 0.92, 0.31, 0.92, 0.04, 0.31, 99, 99, 99]
--- num:  29
list:  [0.58, 0.58, 1, 1, 0.96, 0.96, 0.9030095744132995, 0.9029936599731445, 0.27, 0.27, 0.48, 0.24, 0, 0, 0.75, 0.36, 0.97, 0.73, 0.3, 0.97, 0.97, 0.3, 0.3, 0.31, 0.92, 0.31, 0.92, 0.04, 0.32, 99, 99, 99]
--- num:  29
list:  [0.58, 0.58, 1, 1, 0.96, 0.96, 0.9039294528961181, 0.9039161014556885, 0.29, 0.29, 0.47, 0.25, 0, 0, 0.75, 0.36, 0.97, 0.74, 0.3, 0.97, 0.97, 0.3, 0.3, 0.31, 0.92, 0.31, 0.92, 0.04, 0.33, 99, 99, 99]
--- num:  29
list:  [0.58, 0.58, 1, 1, 0.96, 0.96, 0.903829436302185, 0.9038154888153076, 0.28, 0.28, 0.46, 0.25, 0, 0, 0.75, 0.36, 0.97, 0.73, 0.29, 0.97, 0.97, 0.29, 0.29, 0.31, 0.92, 0.31, 0.92, 0.04, 0.34, 99, 99, 99]
--- num:  29
list:  [0.58, 0.58, 1, 1, 0.96, 0.96, 0.8664062428474426, 0.8663504528999328, 0.22, 0.22, 0.46, 0.26, 0, 0, 0.75, 0.36, 0.97, 0.73, 0.29, 0.97, 0.97, 0.29, 0.29, 0.31, 0.92, 0.31, 0.92, 0.04, 0.35, 99, 99, 99]
--- num:  29
list:  [0.58, 0.58, 1, 1, 0.96, 0.96, 0.8560151863098144, 0.8559151101112366, 0.23, 0.23, 0.46, 0.26, 0, 0, 0.75, 0.36, 0.97, 0.73, 0.29, 0.97, 0.97, 0.29, 0.29, 0.31, 0.92, 0.31, 0.92, 0.04, 0.36, 99, 99, 99]
--- num:  29
list:  [0.58, 0.58, 1, 1, 0.96, 0.96, 0.8504774379730224, 0.8504596757888794, 0.23, 0.23, 0.44, 0.27, 0, 0, 0.75, 0.36, 0.97, 0.73, 0.3, 0.97, 0.97, 0.3, 0.3, 0.31, 0.92, 0.31, 0.92, 0.04, 0.38, 99, 99, 99]
--- num:  29
list:  [0.58, 0.58, 1, 1, 0.96, 0.96, 0.7653491306304931, 0.7653494882583618, 0.18, 0.18, 0.42, 0.29, 0, 0, 0.75, 0.36, 0.97, 0.73, 0.3, 0.97, 0.97, 0.3, 0.3, 0.31, 0.92, 0.31, 0.92, 0.04, 0.41, 99, 99, 99]
--- num:  29
list:  [0.58, 0.58, 1, 1, 0.96, 0.96, 0.7817652630805969, 0.7817816543579101, 0.18, 0.18, 0.4, 0.31, 0, 0, 0.75, 0.35, 0.97, 0.73, 0.3, 0.97, 0.97, 0.3, 0.3, 0.31, 0.92, 0.31, 0.92, 0.04, 0.45, 99, 99, 99]
--- num:  29
list:  [0.58, 0.58, 1, 1, 0.96, 0.96, 0.8325925874710083, 0.8323589372634888, 0.22, 0.22, 0.38, 0.33, 0, 0, 0.75, 0.35, 0.97, 0.72, 0.29, 0.97, 0.97, 0.29, 0.29, 0.31, 0.92, 0.31, 0.92, 0.04, 0.48, 99, 99, 99]
--- num:  29
list:  [0.58, 0.58, 1, 1, 0.96, 0.96, 0.8147733616828918, 0.8121925401687622, 0.21, 0.21, 0.37, 0.34, 0, 0, 0.75, 0.34, 0.97, 0.72, 0.29, 0.97, 0.97, 0.29, 0.29, 0.31, 0.92, 0.31, 0.92, 0.04, 0.56, 99, 99, 99]
--- num:  29
list:  [0.58, 0.58, 1, 1, 0.96, 0.96, 0.7616194295883179, 0.7597684669494629, 0.21, 0.21, 0.35, 0.36, 0, 0, 1, 0.33, 0.97, 0.71, 0.29, 0.97, 0.97, 0.29, 0.29, 0.31, 0.92, 0.31, 0.92, 0.04, 0.61, 99, 99, 99]
--- num:  29
list:  [0.58, 0.58, 1, 1, 0.96, 0.96, 0.7041638302803039, 0.702750723361969, 0.19, 0.19, 0.34, 0.37, 0, 0, 1, 0.33, 0.97, 0.71, 0.29, 0.97, 0.97, 0.29, 0.29, 0.31, 0.92, 0.31, 0.92, 0.04, 0.66, 99, 99, 99]
--- num:  29
list:  [0.58, 0.58, 1, 1, 0.96, 0.96, 0.9683415102958679, 0.9683041381835937, 0.36, 0.36, 0.33, 0.39, 0, 0, 1, 0.34, 0.975, 0.72, 0.28, 0.97, 0.98, 0.28, 0.28, 0.31, 0.92, 0.31, 0.92, 0.04, 0.68, 99, 99, 99]
--- num:  29
list:  [0.57, 0.57, 1, 1, 0.97, 0.97, 0.4284424889087677, 0.42761013984680174, 0.28, 0.28, 0.33, 0.38, 0, 0, 1, 0.36, 0.975, 0.73, 0.28, 0.97, 0.98, 0.28, 0.28, 0.31, 0.92, 0.31, 0.92, 0.04, 0.69, 99, 99, 99]
--- num:  29
list:  [0.56, 0.56, 1, 1, 0.97, 0.97, 0.2885839748382568, 0.2880591559410095, 0.32, 0.32, 0.31, 0.4, 0, 0, 1, 0.35, 0.98, 0.72, 0.28, 0.98, 0.98, 0.28, 0.28, 0.31, 0.92, 0.31, 0.92, 0.04, 0.71, 99, 99, 99]
--- num:  29
list:  [0.56, 0.56, 1, 1, 0.97, 0.97, 0.1891943472623825, 0.18843338966369627, 0.37, 0.37, 0.31, 0.4, 0, 0, 1, 0.34, 0.98, 0.72, 0.28, 0.98, 0.98, 0.28, 0.28, 0.31, 0.92, 0.31, 0.92, 0.05, 0.72, 99, 99, 99]
--- num:  29
list:  [0.56, 0.56, 1, 1, 0.97, 0.97, 0.16199999999999998, 0.16199999999999998, 0.45, 0.45, 0.3, 0.41, 0, 0, 1, 0.34, 0.98, 0.72, 0.28, 0.98, 0.98, 0.28, 0.28, 0.31, 0.92, 0.31, 0.92, 0.05, 0.75, 99, 99, 99]
--- num:  29
list:  [0.56, 0.56, 1, 1, 0.98, 0.98, 0.16199999999999998, 0.16199999999999998, 0.47, 0.47, 0.3, 0.41, 0, 0, 1, 0.34, 0.985, 0.71, 0.28, 0.98, 0.99, 0.28, 0.28, 0.31, 0.92, 0.31, 0.92, 0.05, 0.78, 99, 99, 99]
--- num:  29
list:  [0.56, 0.56, 1, 1, 0.98, 0.98, 0.16199999999999998, 0.16199999999999998, 0.52, 0.52, 0.31, 0.4, 0, 0, 1, 0.34, 0.99, 0.72, 0.28, 0.99, 0.99, 0.28, 0.28, 0.31, 0.92, 0.31, 0.92, 0.07, 0.87, 99, 99, 99]
--- num:  29
list:  [0.29, 0.29, 0.44, 0.44, 1, 1, 0.16199999999999998, 0.16199999999999998, 0.51, 0.51, 0.32, 0.39, 0, 0, 1, 0.34, 0.99, 0.72, 0.28, 0.99, 0.99, 0.28, 0.28, 0.31, 0.92, 0.31, 0.92, 0.06, 0.75, 99, 99, 99]
--- num:  29
list:  [0.57, 0.57, 1, 1, 0.97, 0.97, 0.9418306159973144, 0.9417310762405395, 0.34, 0.34, 0.36, 0.35, 0, 0, 1, 0.34, 0.99, 0.72, 0.28, 0.99, 0.99, 0.28, 0.28, 0.31, 0.92, 0.31, 0.92, 0.06, 0.71, 99, 99, 99]
--- num:  29
list:  [0.59, 0.59, 1, 1, 0.95, 0.95, 0.948507707118988, 0.9485044884681701, 0.36, 0.36, 0.38, 0.33, 0, 0, 1, 0.33, 0.98, 0.71, 0.29, 0.98, 0.98, 0.29, 0.29, 0.31, 0.92, 0.31, 0.92, 0.06, 0.68, 99, 99, 99]
--- num:  29
list:  [0.58, 0.58, 1, 1, 0.96, 0.96, 0.7753262329101562, 0.7748357462882995, 0.23, 0.23, 0.36, 0.35, 0, 0, 1, 0.33, 0.98, 0.71, 0.29, 0.98, 0.98, 0.29, 0.29, 0.31, 0.92, 0.31, 0.92, 0.05, 0.56, 99, 99, 99]
--- num:  29
list:  [0.58, 0.58, 1, 1, 0.96, 0.96, 0.16199999999999998, 0.16199999999999998, 0.37, 0.37, 0.07, 0.65, 0, 0, 1, 0.33, 0.98, 0.71, 0.29, 0.98, 0.98, 0.29, 0.29, 0.31, 0.92, 0.31, 0.92, 0.04, 0.44, 99, 99, 99]
--- num:  29
list:  [0.57, 0.57, 1, 1, 0.97, 0.97, 0.16199999999999998, 0.16199999999999998, 0.4, 0.4, 0.06, 0.67, 0, 0, 1, 0.32, 0.98, 0.7, 0.29, 0.98, 0.98, 0.29, 0.29, 0.31, 0.92, 0.31, 0.92, 0.04, 0.4, 99, 99, 99]
--- num:  29
list:  [0.57, 0.57, 1, 1, 0.97, 0.97, 0.16199999999999998, 0.16199999999999998, 0.4, 0.4, 0.04, 0.68, 0, 0, 1, 0.32, 0.98, 0.7, 0.29, 0.98, 0.98, 0.29, 0.29, 0.31, 0.92, 0.31, 0.92, 0.04, 0.37, 99, 99, 99]
--- num:  29
list:  [0.57, 0.57, 1, 1, 0.97, 0.97, 0.16199999999999998, 0.16199999999999998, 0.41, 0.41, 0.05, 0.68, 0, 0, 1, 0.31, 0.98, 0.7, 0.28, 0.98, 0.98, 0.28, 0.28, 0.31, 0.92, 0.31, 0.92, 0.03, 0.36, 99, 99, 99]
--- num:  29
list:  [0.57, 0.57, 1, 1, 0.97, 0.97, 0.16199999999999998, 0.16199999999999998, 0.4, 0.4, 0.03, 0.69, 0, 0, 1, 0.31, 0.98, 0.7, 0.28, 0.98, 0.98, 0.28, 0.28, 0.31, 0.92, 0.31, 0.92, 0.03, 0.36, 99, 99, 99]
--- num:  29
list:  [0.57, 0.57, 1, 1, 0.97, 0.97, 0.16199999999999998, 0.16199999999999998, 0.37, 0.37, 0.15, 0.56, 0, 0, 1, 0.31, 0.98, 0.69, 0.28, 0.98, 0.98, 0.28, 0.28, 0.31, 0.92, 0.31, 0.92, 0.03, 0.36, 99, 99, 99]
--- num:  29
list:  [0.57, 0.57, 1, 1, 0.97, 0.97, 0.16199999999999998, 0.16199999999999998, 0.41, 0.41, 0.07, 0.64, 0, 0, 1, 0.31, 0.98, 0.69, 0.28, 0.98, 0.98, 0.28, 0.28, 0.31, 0.92, 0.31, 0.92, 0.03, 0.31, 99, 99, 99]
--- num:  29
list:  [0.57, 0.57, 1, 1, 0.97, 0.97, 0.16199999999999998, 0.16199999999999998, 0.43, 0.43, 0.07, 0.64, 0, 0, 1, 0.31, 0.98, 0.7, 0.29, 0.98, 0.98, 0.29, 0.29, 0.31, 0.92, 0.31, 0.92, 0.03, 0.19, 99, 99, 99]
--- num:  29
list:  [0.57, 0.57, 1, 1, 0.96, 0.96, 0.804775755405426, 0.8045834708213806, 0.25, 0.25, 0.47, 0.24, 0, 0, 0.75, 0.34, 0.97, 0.72, 0.29, 0.97, 0.97, 0.29, 0.29, 0.31, 0.92, 0.31, 0.92, 0.04, 0.14, 99, 99, 99]
--- num:  29
list:  [0.57, 0.57, 1, 1, 0.96, 0.96, 0.16199999999999998, 0.16199999999999998, 0.45, 0.45, 0.01, 0.71, 0, 0, 1, 0.34, 0.97, 0.72, 0.29, 0.97, 0.97, 0.29, 0.29, 0.31, 0.92, 0.31, 0.92, 0.04, 0.1, 99, 99, 99]
--- num:  29
list:  [0.57, 0.57, 1, 1, 0.97, 0.97, 0.16199999999999998, 0.16199999999999998, 0.48, 0.48, -0.0, 0.73, 0, 0, 1, 0.33, 0.98, 0.71, 0.29, 0.98, 0.98, 0.29, 0.29, 0.31, 0.92, 0.31, 0.92, 0.04, 0.09, 99, 99, 99]
--- num:  29
list:  [0.57, 0.57, 1, 1, 0.97, 0.97, 0.16199999999999998, 0.16199999999999998, 0.47, 0.47, -0.01, 0.74, 0, 0, 1, 0.32, 0.98, 0.7, 0.28, 0.98, 0.98, 0.28, 0.28, 0.31, 0.92, 0.31, 0.92, 0.03, 0.08, 99, 99, 99]
--- num:  29
list:  [0.57, 0.57, 1, 1, 0.97, 0.97, 0.16199999999999998, 0.16199999999999998, 0.46, 0.46, -0.01, 0.74, 0, 0, 1, 0.32, 0.98, 0.7, 0.28, 0.98, 0.98, 0.28, 0.28, 0.31, 0.92, 0.31, 0.92, 0.03, 0.1, 99, 99, 99]
--- num:  29
list:  [0.57, 0.57, 1, 1, 0.97, 0.97, 0.16199999999999998, 0.16199999999999998, 0.45, 0.45, -0.0, 0.73, 0, 0, 1, 0.32, 0.98, 0.7, 0.28, 0.98, 0.98, 0.28, 0.28, 0.31, 0.92, 0.31, 0.92, 0.03, 0.11, 99, 99, 99]
--- num:  29
list:  [0.57, 0.57, 1, 1, 0.97, 0.97, 0.16199999999999998, 0.16199999999999998, 0.44, 0.44, 0.0, 0.72, 0, 0, 1, 0.32, 0.98, 0.7, 0.28, 0.98, 0.98, 0.28, 0.28, 0.31, 0.92, 0.31, 0.92, 0.03, 0.14, 99, 99, 99]
--- num:  29
list:  [0.57, 0.57, 1, 1, 0.97, 0.97, 0.16199999999999998, 0.16199999999999998, 0.42, 0.42, 0.23, 0.48, 0, 0, 1, 0.31, 0.98, 0.7, 0.28, 0.98, 0.98, 0.28, 0.28, 0.31, 0.92, 0.31, 0.92, 0.03, 0.21, 99, 99, 99]
--- num:  29
list:  [0.57, 0.57, 1, 1, 0.97, 0.97, 0.16199999999999998, 0.16199999999999998, 0.39, 0.39, 0.32, 0.39, 0, 0, 1, 0.32, 0.98, 0.7, 0.28, 0.98, 0.98, 0.28, 0.28, 0.31, 0.92, 0.31, 0.92, 0.03, 0.37, 99, 99, 99]
--- num:  29
list:  [0.57, 0.57, 1, 1, 0.97, 0.97, 0.16199999999999998, 0.16199999999999998, 0.4, 0.4, 0.29, 0.41, 0, 0, 1, 0.31, 0.98, 0.7, 0.28, 0.98, 0.98, 0.28, 0.28, 0.31, 0.92, 0.31, 0.92, 0.03, 0.47, 99, 99, 99]
--- num:  29
list:  [0.57, 0.57, 1, 1, 0.97, 0.97, 0.16199999999999998, 0.16199999999999998, 0.41, 0.41, 0.36, 0.34, 0, 0, 1, 0.31, 0.98, 0.7, 0.28, 0.98, 0.98, 0.28, 0.28, 0.31, 0.92, 0.31, 0.92, 0.04, 0.59, 99, 99, 99]
--- num:  29
list:  [0.57, 0.57, 1, 1, 0.97, 0.97, 0.16199999999999998, 0.16199999999999998, 0.42, 0.42, 0.33, 0.38, 0, 0, 1, 0.31, 0.98, 0.69, 0.28, 0.98, 0.98, 0.28, 0.28, 0.31, 0.92, 0.31, 0.92, 0.04, 0.68, 99, 99, 99]
--- num:  29
list:  [0.56, 0.56, 1, 1, 0.97, 0.97, 0.16199999999999998, 0.16199999999999998, 0.42, 0.42, 0.31, 0.4, 0, 0, 1, 0.3, 0.98, 0.69, 0.28, 0.98, 0.98, 0.28, 0.28, 0.31, 0.92, 0.31, 0.92, 0.04, 0.79, 99, 99, 99]
--- num:  29
list:  [0.56, 0.56, 1, 1, 0.97, 0.97, 0.16199999999999998, 0.16199999999999998, 0.45, 0.45, 0.26, 0.45, 0, 0, 1, 0.3, 0.98, 0.69, 0.28, 0.98, 0.98, 0.28, 0.28, 0.31, 0.92, 0.31, 0.92, 0.04, 0.96, 99, 99, 99]
--- num:  29
list:  [0.56, 0.56, 1, 1, 0.98, 0.98, 0.16199999999999998, 0.16199999999999998, 0.49, 0.49, 0.23, 0.48, 0, 0, 1, 0.3, 0.98, 0.69, 0.28, 0.98, 0.98, 0.28, 0.28, 0.31, 0.92, 0.31, 0.92, 0.04, 1, 99, 99, 99]
--- num:  29
list:  [0.56, 0.56, 1, 1, 0.98, 0.98, 0.16199999999999998, 0.16199999999999998, 0.52, 0.52, 0.21, 0.5, 0, 0, 1, 0.3, 0.98, 0.69, 0.28, 0.98, 0.98, 0.28, 0.28, 0.31, 0.92, 0.31, 0.92, 0.05, 1, 99, 99, 99]
--- num:  29
list:  [0.22, 0.22, 0.28, 0.28, 1, 1, 0.16199999999999998, 0.16199999999999998, 0.52, 0.52, 0.2, 0.51, 0, 0, 1, 0.3, 0.985, 0.69, 0.28, 0.98, 0.99, 0.28, 0.28, 0.31, 0.92, 0.31, 0.92, 0.05, 1, 99, 99, 99]
--- num:  29
list:  [0.22, 0.22, 0.27, 0.27, 1, 1, 0.16199999999999998, 0.16199999999999998, 0.49, 0.49, 0.18, 0.54, 0, 0, 1, 0.3, 0.985, 0.69, 0.28, 0.98, 0.99, 0.28, 0.28, 0.31, 0.92, 0.31, 0.92, 0.05, 1, 99, 99, 99]
--- num:  29
list:  [0.56, 0.56, 1, 1, 0.98, 0.98, 0.2562368619441986, 0.25285405993461607, 0.33, 0.33, 0.42, 0.3, 0, 0, 1, 0.3, 0.98, 0.69, 0.28, 0.98, 0.98, 0.28, 0.28, 0.31, 0.92, 0.31, 0.92, 0.04, 1, 99, 99, 99]
--- num:  29
list:  [0.56, 0.56, 1, 1, 0.98, 0.98, 0.16199999999999998, 0.16199999999999998, 0.38, 0.38, 0.49, 0.23, 0, 0, 1, 0.29, 0.98, 0.68, 0.27, 0.98, 0.98, 0.27, 0.27, 0.31, 0.92, 0.31, 0.92, 0.03, 1, 99, 99, 99]
--- num:  29
list:  [0.56, 0.56, 1, 1, 0.98, 0.98, 0.16199999999999998, 0.16199999999999998, 0.39, 0.39, 0.49, 0.23, 0, 0, 1, 0.29, 0.98, 0.68, 0.27, 0.98, 0.98, 0.27, 0.27, 0.31, 0.92, 0.31, 0.92, 0.03, 1, 99, 99, 99]
--- num:  29
list:  [0.56, 0.56, 1, 1, 0.97, 0.97, 0.926760892868042, 0.9256201195716858, 0.36, 0.36, 0.22, 0.5, 0, 0, 1, 0.29, 0.98, 0.68, 0.27, 0.98, 0.98, 0.27, 0.27, 0.31, 0.92, 0.31, 0.92, 0.03, 1, 99, 99, 99]
--- num:  29
list:  [0.56, 0.56, 1, 1, 0.97, 0.97, 0.3055691826343536, 0.30366010546684263, 0.31, 0.31, 0.5, 0.22, 0, 0, 1, 0.29, 0.975, 0.68, 0.27, 0.97, 0.98, 0.27, 0.27, 0.31, 0.92, 0.31, 0.92, 0.03, 1, 99, 99, 99]
--- num:  29
list:  [0.56, 0.56, 1, 1, 0.98, 0.98, 0.16199999999999998, 0.16199999999999998, 0.33, 0.33, 0.63, 0.09, 0, 0, 1, 0.28, 0.98, 0.67, 0.27, 0.98, 0.98, 0.27, 0.27, 0.31, 0.92, 0.31, 0.92, 0.03, 1, 99, 99, 99]
--- num:  29
list:  [0.56, 0.56, 1, 1, 0.98, 0.98, 0.16199999999999998, 0.16199999999999998, 0.33, 0.33, 0.64, 0.08, 0, 0, 1, 0.28, 0.98, 0.67, 0.27, 0.98, 0.98, 0.27, 0.27, 0.31, 0.92, 0.31, 0.92, 0.03, 1, 99, 99, 99]
--- num:  29
list:  [0.56, 0.56, 1, 1, 0.98, 0.98, 0.16199999999999998, 0.16199999999999998, 0.34, 0.34, 0.63, 0.09, 0, 0, 1, 0.27, 0.98, 0.67, 0.27, 0.98, 0.98, 0.27, 0.27, 0.31, 0.92, 0.31, 0.92, 0.03, 1, 99, 99, 99]
--- num:  29
list:  [0.56, 0.56, 1, 1, 0.98, 0.98, 0.16199999999999998, 0.16199999999999998, 0.34, 0.34, 0.64, 0.09, 0, 0, 1, 0.27, 0.98, 0.67, 0.27, 0.98, 0.98, 0.27, 0.27, 0.31, 0.92, 0.31, 0.92, 0.03, 1, 99, 99, 99]
--- num:  29
list:  [0.56, 0.56, 1, 1, 0.98, 0.98, 0.16199999999999998, 0.16199999999999998, 0.33, 0.33, 0.65, 0.07, 0, 0, 1, 0.27, 0.98, 0.67, 0.27, 0.98, 0.98, 0.27, 0.27, 0.31, 0.92, 0.31, 0.92, 0.03, 0.97, 99, 99, 99]
--- num:  29
list:  [0.56, 0.56, 1, 1, 0.98, 0.98, 0.16199999999999998, 0.16199999999999998, 0.33, 0.33, 0.64, 0.08, 0, 0, 1, 0.27, 0.98, 0.67, 0.27, 0.98, 0.98, 0.27, 0.27, 0.31, 0.92, 0.31, 0.92, 0.03, 0.95, 99, 99, 99]
--- num:  29
list:  [0.56, 0.56, 1, 1, 0.98, 0.98, 0.24384651660919188, 0.23986135005950926, 0.32, 0.32, 0.48, 0.24, 0, 0, 1, 0.27, 0.98, 0.67, 0.28, 0.98, 0.98, 0.28, 0.28, 0.31, 0.92, 0.31, 0.92, 0.03, 0.94, 99, 99, 99]
--- num:  29
list:  [0.56, 0.56, 1, 1, 0.98, 0.98, 0.4477264094352722, 0.4371898579597473, 0.29, 0.29, 0.36, 0.36, 0, 0, 1, 0.28, 0.975, 0.67, 0.28, 0.97, 0.98, 0.28, 0.28, 0.31, 0.92, 0.31, 0.92, 0.03, 0.94, 99, 99, 99]
--- num:  29
list:  [0.56, 0.56, 1, 1, 0.97, 0.97, 0.3671108591556549, 0.35880462408065794, 0.33, 0.33, 0.3, 0.42, 0, 0, 1, 0.29, 0.975, 0.68, 0.28, 0.97, 0.98, 0.28, 0.28, 0.31, 0.92, 0.31, 0.92, 0.03, 1, 99, 99, 99]
--- num:  29
list:  [0.19, 0.19, 0.22, 0.22, 1, 1, 0.16199999999999998, 0.16199999999999998, 0.52, 0.52, 0.37, 0.35, 0, 0, 1, 0.29, 0.975, 0.68, 0.28, 0.97, 0.98, 0.28, 0.28, 0.31, 0.92, 0.31, 0.92, 0.04, 1, 99, 99, 99]
--- num:  29
list:  [0.23, 0.23, 0.3, 0.3, 1, 1, 0.16199999999999998, 0.16199999999999998, 0.55, 0.55, 0.46, 0.25, 0, 0, 1, 0.29, 0.98, 0.68, 0.28, 0.98, 0.98, 0.28, 0.28, 0.31, 0.92, 0.31, 0.92, 0.04, 0.99, 99, 99, 99]
--- num:  29
list:  [0.33, 0.33, 0.54, 0.54, 1, 1, 0.16199999999999998, 0.16199999999999998, 0.63, 0.63, 0.61, 0.12, 0, 0, 1, 0.29, 0.98, 0.68, 0.28, 0.98, 0.98, 0.28, 0.28, 0.31, 0.92, 0.31, 0.92, 0.04, 1, 99, 99, 99]
--- num:  29
list:  [0.34, 0.34, 0.56, 0.56, 1, 1, 0.16199999999999998, 0.16199999999999998, 0.59, 0.59, 0.63, 0.09, 0, 0, 1, 0.3, 0.985, 0.69, 0.28, 0.98, 0.99, 0.28, 0.28, 0.31, 0.92, 0.31, 0.92, 0.04, 0.72, 99, 99, 99]
--- num:  29
list:  [0.56, 0.56, 1, 1, 0.97, 0.97, 0.9381344723701477, 0.9383481550216675, 0.34, 0.34, 0.4, 0.32, 0, 0, 1, 0.31, 0.98, 0.69, 0.28, 0.98, 0.98, 0.28, 0.28, 0.31, 0.92, 0.31, 0.92, 0.03, 0.62, 99, 99, 99]
--- num:  29
list:  [0.56, 0.56, 1, 1, 0.97, 0.97, 0.16199999999999998, 0.16199999999999998, 0.41, 0.41, 0.39, 0.32, 0, 0, 1, 0.3, 0.98, 0.69, 0.28, 0.98, 0.98, 0.28, 0.28, 0.31, 0.92, 0.31, 0.92, 0.03, 0.47, 99, 99, 99]
--- num:  29
list:  [0.56, 0.56, 1, 1, 0.98, 0.98, 0.16199999999999998, 0.16199999999999998, 0.44, 0.44, 0.42, 0.29, 0, 0, 1, 0.29, 0.98, 0.68, 0.28, 0.98, 0.98, 0.28, 0.28, 0.31, 0.92, 0.31, 0.92, 0.03, 0.42, 99, 99, 99]
--- num:  29
list:  [0.57, 0.57, 1, 1, 0.97, 0.97, 0.7438863921165466, 0.7387286233901977, 0.22, 0.22, 0.4, 0.32, 0, 0, 1, 0.3, 0.98, 0.69, 0.28, 0.98, 0.98, 0.28, 0.28, 0.31, 0.92, 0.31, 0.92, 0.02, 0.4, 99, 99, 99]
--- num:  29
list:  [0.57, 0.57, 1, 1, 0.97, 0.97, 0.1874984163045883, 0.18686613023281096, 0.34, 0.34, 0.15, 0.56, 0, 0, 1, 0.31, 0.98, 0.69, 0.28, 0.98, 0.98, 0.28, 0.28, 0.31, 0.92, 0.31, 0.92, 0.02, 0.36, 99, 99, 99]
--- num:  29
list:  [0.57, 0.57, 1, 1, 0.97, 0.97, 0.16199999999999998, 0.16199999999999998, 0.37, 0.37, 0.15, 0.57, 0, 0, 1, 0.3, 0.98, 0.69, 0.28, 0.98, 0.98, 0.28, 0.28, 0.31, 0.92, 0.31, 0.92, 0.02, 0.33, 99, 99, 99]
--- num:  29
list:  [0.58, 0.58, 1, 1, 0.96, 0.96, 0.16199999999999998, 0.16199999999999998, 0.4, 0.4, 0.15, 0.56, 0, 0, 1, 0.3, 0.975, 0.69, 0.34, 0.97, 0.98, 0.34, 0.34, 0.31, 0.92, 0.31, 0.92, 0.03, 0.3, 99, 99, 99]
--- num:  29
list:  [0.58, 0.58, 1, 1, 0.96, 0.96, 0.16199999999999998, 0.16199999999999998, 0.4, 0.4, 0.15, 0.56, 0, 0, 1, 0.3, 0.975, 0.69, 0.34, 0.97, 0.98, 0.34, 0.34, 0.31, 0.92, 0.31, 0.92, 0.03, 0.28, 99, 99, 99]
--- num:  29
list:  [0.58, 0.58, 1, 1, 0.96, 0.96, 0.16199999999999998, 0.16199999999999998, 0.41, 0.41, 0.16, 0.56, 0, 0, 1, 0.3, 0.97, 0.69, 0.34, 0.97, 0.97, 0.34, 0.34, 0.42, 0.71, 0.41, 0.73, 0.03, 0.26, 99, 99, 99]
--- num:  29
list:  [0.58, 0.58, 1, 1, 0.96, 0.96, 0.8505587983131409, 0.850244562625885, 0.23, 0.23, 0.45, 0.27, 0, 0, 1, 0.29, 0.955, 0.68, 0.35, 0.95, 0.96, 0.35, 0.35, 0.55, 0.46, 0.53, 0.48, 0.03, 0.24, 99, 99, 99]
--- num:  29
list:  [0.57, 0.57, 1, 1, 0.96, 0.96, 0.16199999999999998, 0.16199999999999998, 0.36, 0.36, 0.02, 0.71, 0, 0, 1, 0.27, 0.965, 0.67, 0.31, 0.96, 0.97, 0.31, 0.31, 0.54, 0.48, 0.52, 0.5, 0.03, 0.3, 99, 99, 99]
--- num:  29
list:  [0.57, 0.57, 1, 1, 0.97, 0.97, 0.16199999999999998, 0.16199999999999998, 0.39, 0.39, -0.0, 0.73, 0, 0, 1, 0.26, 0.97, 0.66, 0.3, 0.97, 0.97, 0.3, 0.3, 0.5, 0.54, 0.49, 0.57, 0.03, 0.33, 99, 99, 99]
--- num:  29
list:  [0.57, 0.57, 1, 1, 0.97, 0.97, 0.16199999999999998, 0.16199999999999998, 0.39, 0.39, -0.03, 0.76, 0, 0, 1, 0.26, 0.97, 0.66, 0.29, 0.97, 0.97, 0.29, 0.29, 0.5, 0.54, 0.49, 0.57, 0.03, 0.35, 99, 99, 99]
--- num:  29
list:  [0.56, 0.56, 1, 1, 0.97, 0.97, 0.16199999999999998, 0.16199999999999998, 0.4, 0.4, -0.04, 0.77, 0, 0, 1, 0.25, 0.97, 0.65, 0.29, 0.97, 0.97, 0.29, 0.29, 0.5, 0.55, 0.48, 0.58, 0.03, 0.36, 99, 99, 99]
--- num:  29
list:  [0.56, 0.56, 1, 1, 0.97, 0.97, 0.16199999999999998, 0.16199999999999998, 0.4, 0.4, -0.07, 0.8, 0, 0, 1, 0.25, 0.975, 0.65, 0.29, 0.97, 0.98, 0.29, 0.29, 0.49, 0.57, 0.47, 0.61, 0.03, 0.36, 99, 99, 99]
--- num:  29
list:  [0.56, 0.56, 1, 1, 0.97, 0.97, 0.16199999999999998, 0.16199999999999998, 0.39, 0.39, -0.02, 0.75, 0, 0, 1, 0.25, 0.975, 0.65, 0.29, 0.97, 0.98, 0.29, 0.29, 0.49, 0.56, 0.48, 0.58, 0.03, 0.37, 99, 99, 99]
--- num:  29
list:  [0.56, 0.56, 1, 1, 0.97, 0.97, 0.16199999999999998, 0.16199999999999998, 0.35, 0.35, 0.29, 0.42, 0, 0, 1, 0.25, 0.97, 0.65, 0.29, 0.97, 0.97, 0.29, 0.29, 0.51, 0.52, 0.49, 0.56, 0.03, 0.36, 99, 99, 99]
--- num:  29
list:  [0.56, 0.56, 1, 1, 0.98, 0.98, 0.19750146150588987, 0.1967699784040451, 0.31, 0.31, 0.5, 0.22, 0, 0, 1, 0.25, 0.965, 0.65, 0.29, 0.96, 0.97, 0.29, 0.29, 0.55, 0.45, 0.53, 0.49, 0.03, 0.34, 99, 99, 99]
--- num:  29
list:  [0.56, 0.56, 1, 1, 0.98, 0.98, 0.200768928527832, 0.20001734375953673, 0.3, 0.3, 0.49, 0.22, 0.015000000000000013, 0, 1, 0.25, 0.965, 0.65, 0.29, 0.96, 0.97, 0.29, 0.29, 0.56, 0.44, 0.54, 0.48, 0.02, 0.34, 99, 99, 99]
--- num:  29
list:  [0.56, 0.56, 1, 1, 0.98, 0.98, 0.2037316071987152, 0.20302135825157164, 0.3, 0.3, 0.48, 0.23, 0.05999999999999989, 0, 1, 0.25, 0.955, 0.65, 0.29, 0.95, 0.96, 0.29, 0.29, 0.59, 0.43, 0.55, 0.46, 0.02, 0.35, 99, 99, 99]
--- num:  29
list:  [0.56, 0.56, 1, 1, 0.98, 0.98, 0.2352867829799652, 0.23507113337516783, 0.3, 0.3, 0.49, 0.23, 0.11999999999999994, 0.05999999999999989, 1, 0.25, 0.955, 0.65, 0.29, 0.95, 0.96, 0.29, 0.29, 0.63, 0.41, 0.59, 0.43, 0.02, 0.36, 99, 99, 99]
--- num:  29
list:  [0.56, 0.56, 1, 1, 0.98, 0.98, 0.28983847379684446, 0.28940568447113035, 0.28, 0.28, 0.48, 0.24, 0.13499999999999995, 0.08999999999999991, 1, 0.24, 0.955, 0.64, 0.29, 0.95, 0.96, 0.29, 0.29, 0.64, 0.41, 0.61, 0.42, 0.02, 0.38, 99, 99, 99]
--- num:  29
list:  [0.56, 0.56, 1, 1, 0.98, 0.98, 0.2726059365272522, 0.27213997721672056, 0.28, 0.28, 0.44, 0.27, 0.13499999999999995, 0.08999999999999991, 1, 0.24, 0.96, 0.64, 0.29, 0.96, 0.96, 0.29, 0.29, 0.64, 0.41, 0.61, 0.42, 0.02, 0.4, 99, 99, 99]
--- num:  29
list:  [0.56, 0.56, 1, 1, 0.98, 0.98, 0.26676265478134153, 0.2663509356975555, 0.28, 0.28, 0.41, 0.3, 0.14999999999999997, 0.10499999999999993, 1, 0.24, 0.96, 0.64, 0.29, 0.96, 0.96, 0.29, 0.29, 0.65, 0.41, 0.62, 0.42, 0.02, 0.42, 99, 99, 99]
--- num:  29
list:  [0.56, 0.56, 1, 1, 0.98, 0.98, 0.2663589525222778, 0.2659254777431488, 0.29, 0.29, 0.38, 0.33, 0, 0, 1, 0.24, 0.96, 0.64, 0.3, 0.96, 0.96, 0.3, 0.3, 0.53, 0.48, 0.53, 0.5, 0.02, 0.43, 99, 99, 99]
--- num:  29
list:  [0.57, 0.57, 1, 1, 0.97, 0.97, 0.9718122291564941, 0.9717832612991333, 0.35, 0.35, 0.33, 0.38, 0, 0, 1, 0.25, 0.965, 0.65, 0.29, 0.96, 0.97, 0.29, 0.29, 0.33, 0.88, 0.35, 0.84, 0.02, 0.59, 99, 99, 99]
--- num:  29
list:  [0.57, 0.57, 1, 1, 0.97, 0.97, 0.6391331958770752, 0.6347632813453674, 0.21, 0.21, 0.35, 0.36, 0, 0, 1, 0.26, 0.965, 0.66, 0.29, 0.96, 0.97, 0.29, 0.29, 0.31, 0.92, 0.31, 0.92, 0.02, 0.64, 99, 99, 99]
--- num:  29
list:  [0.57, 0.57, 1, 1, 0.97, 0.97, 0.42183769822120665, 0.42023767113685606, 0.26, 0.26, 0.38, 0.33, 0, 0, 1, 0.26, 0.97, 0.66, 0.29, 0.97, 0.97, 0.29, 0.29, 0.31, 0.92, 0.31, 0.92, 0.02, 0.67, 99, 99, 99]
--- num:  29
list:  [0.57, 0.57, 1, 1, 0.97, 0.97, 0.3960484969615936, 0.39447192430496214, 0.27, 0.27, 0.4, 0.31, 0, 0, 1, 0.27, 0.97, 0.66, 0.29, 0.97, 0.97, 0.29, 0.29, 0.31, 0.92, 0.31, 0.92, 0.02, 0.73, 99, 99, 99]
--- num:  29
list:  [0.57, 0.57, 1, 1, 0.97, 0.97, 0.3429045188426971, 0.3407005774974823, 0.28, 0.28, 0.41, 0.3, 0, 0, 1, 0.27, 0.97, 0.67, 0.29, 0.97, 0.97, 0.29, 0.29, 0.31, 0.92, 0.31, 0.92, 0.03, 0.78, 99, 99, 99]
--- num:  29
list:  [0.56, 0.56, 1, 1, 0.97, 0.97, 0.28996227264404295, 0.2879891502857208, 0.3, 0.3, 0.42, 0.29, 0, 0, 1, 0.28, 0.97, 0.67, 0.28, 0.97, 0.97, 0.28, 0.28, 0.31, 0.92, 0.31, 0.92, 0.03, 0.81, 99, 99, 99]
--- num:  29
list:  [0.56, 0.56, 1, 1, 0.97, 0.97, 0.2850412535667419, 0.2828958439826965, 0.3, 0.3, 0.42, 0.29, 0, 0, 1, 0.28, 0.975, 0.67, 0.28, 0.97, 0.98, 0.28, 0.28, 0.31, 0.92, 0.31, 0.92, 0.03, 0.83, 99, 99, 99]
--- num:  29
list:  [0.56, 0.56, 1, 1, 0.97, 0.97, 0.30667276263237, 0.30383522391319273, 0.29, 0.29, 0.42, 0.3, 0, 0, 1, 0.28, 0.975, 0.67, 0.28, 0.97, 0.98, 0.28, 0.28, 0.31, 0.92, 0.31, 0.92, 0.03, 0.85, 99, 99, 99]
--- num:  29
list:  [0.56, 0.56, 1, 1, 0.97, 0.97, 0.3064413774013519, 0.3036737847328186, 0.3, 0.3, 0.43, 0.29, 0, 0, 1, 0.29, 0.975, 0.68, 0.28, 0.97, 0.98, 0.28, 0.28, 0.31, 0.92, 0.31, 0.92, 0.04, 0.87, 99, 99, 99]
--- num:  29
list:  [0.56, 0.56, 1, 1, 0.97, 0.97, 0.3183355736732483, 0.3158766734600067, 0.3, 0.3, 0.43, 0.29, 0, 0, 1, 0.31, 0.98, 0.7, 0.29, 0.98, 0.98, 0.29, 0.29, 0.31, 0.92, 0.31, 0.92, 0.05, 0.93, 99, 99, 99]
--- num:  29
list:  [0.56, 0.56, 1, 1, 0.97, 0.97, 0.3242762494087219, 0.32194371104240416, 0.3, 0.3, 0.43, 0.29, 0, 0, 1, 0.31, 0.98, 0.7, 0.29, 0.98, 0.98, 0.29, 0.29, 0.31, 0.92, 0.31, 0.92, 0.05, 0.96, 99, 99, 99]
--- num:  29
list:  [0.56, 0.56, 1, 1, 0.97, 0.97, 0.3171703028678894, 0.31514434099197386, 0.3, 0.3, 0.42, 0.29, 0, 0, 1, 0.32, 0.98, 0.7, 0.28, 0.98, 0.98, 0.28, 0.28, 0.31, 0.92, 0.31, 0.92, 0.05, 0.98, 99, 99, 99]
--- num:  29
list:  [0.56, 0.56, 1, 1, 0.97, 0.97, 0.31718779683113096, 0.31521342277526854, 0.29, 0.29, 0.41, 0.31, 0, 0, 1, 0.32, 0.98, 0.7, 0.28, 0.98, 0.98, 0.28, 0.28, 0.31, 0.92, 0.31, 0.92, 0.05, 0.96, 99, 99, 99]
--- num:  29
list:  [0.56, 0.56, 1, 1, 0.97, 0.97, 0.2939514923095703, 0.2927171993255615, 0.29, 0.29, 0.39, 0.32, 0, 0, 1, 0.32, 0.98, 0.7, 0.28, 0.98, 0.98, 0.28, 0.28, 0.31, 0.92, 0.31, 0.92, 0.05, 0.9, 99, 99, 99]
--- num:  29
list:  [0.56, 0.56, 1, 1, 0.97, 0.97, 0.2871431815624237, 0.2853927421569824, 0.3, 0.3, 0.41, 0.3, 0, 0, 1, 0.31, 0.98, 0.7, 0.28, 0.98, 0.98, 0.28, 0.28, 0.31, 0.92, 0.31, 0.92, 0.05, 0.95, 99, 99, 99]
--- num:  29
list:  [0.56, 0.56, 1, 1, 0.97, 0.97, 0.2904368448257446, 0.2887644577026367, 0.29, 0.29, 0.4, 0.31, 0, 0, 1, 0.31, 0.98, 0.69, 0.28, 0.98, 0.98, 0.28, 0.28, 0.31, 0.92, 0.31, 0.92, 0.05, 0.94, 99, 99, 99]
--- num:  29
list:  [0.56, 0.56, 1, 1, 0.98, 0.98, 0.29717625260353087, 0.2962821829319, 0.3, 0.3, 0.41, 0.3, 0, 0, 1, 0.31, 0.98, 0.69, 0.28, 0.98, 0.98, 0.28, 0.28, 0.31, 0.92, 0.31, 0.92, 0.05, 0.91, 99, 99, 99]
--- num:  29
list:  [0.56, 0.56, 1, 1, 0.98, 0.98, 0.31977648615837095, 0.3189027714729309, 0.31, 0.31, 0.31, 0.4, 0, 0, 1, 0.31, 0.98, 0.69, 0.28, 0.98, 0.98, 0.28, 0.28, 0.31, 0.92, 0.31, 0.92, 0.04, 0.86, 99, 99, 99]
--- num:  29
list:  [0.56, 0.56, 1, 1, 0.98, 0.98, 0.277618567943573, 0.27685574769973753, 0.32, 0.32, 0.33, 0.37, 0, 0, 1, 0.31, 0.98, 0.7, 0.28, 0.98, 0.98, 0.28, 0.28, 0.31, 0.92, 0.31, 0.92, 0.04, 0.78, 99, 99, 99]
--- num:  29
list:  [0.56, 0.56, 1, 1, 0.98, 0.98, 0.27210636019706724, 0.27170554876327513, 0.33, 0.33, 0.36, 0.35, 0, 0, 1, 0.31, 0.98, 0.7, 0.28, 0.98, 0.98, 0.28, 0.28, 0.31, 0.92, 0.31, 0.92, 0.04, 0.65, 99, 99, 99]
--- num:  29
list:  [0.56, 0.56, 1, 1, 0.98, 0.98, 0.28677637457847593, 0.2865904676914215, 0.31, 0.31, 0.39, 0.32, 0, 0, 1, 0.31, 0.98, 0.7, 0.28, 0.98, 0.98, 0.28, 0.28, 0.31, 0.92, 0.31, 0.92, 0.04, 0.59, 99, 99, 99]
--- num:  29
list:  [0.56, 0.56, 1, 1, 0.98, 0.98, 0.3069590437412262, 0.3069315958023071, 0.31, 0.31, 0.41, 0.3, 0, 0, 1, 0.32, 0.98, 0.7, 0.28, 0.98, 0.98, 0.28, 0.28, 0.31, 0.92, 0.31, 0.92, 0.04, 0.53, 99, 99, 99]
--- num:  29
list:  [0.3, 0.3, 0.46, 0.46, 1, 1, 0.28231931805610655, 0.28226290225982664, 0.32, 0.32, 0.43, 0.28, 0, 0, 1, 0.32, 0.98, 0.7, 0.28, 0.98, 0.98, 0.28, 0.28, 0.31, 0.92, 0.31, 0.92, 0.03, 0.47, 99, 99, 99]
--- num:  29
list:  [0.56, 0.56, 1, 1, 0.98, 0.98, 0.9246250796318054, 0.9246216225624084, 0.31, 0.31, 0.45, 0.26, 0, 0, 1, 0.34, 0.98, 0.71, 0.28, 0.98, 0.98, 0.28, 0.28, 0.31, 0.92, 0.31, 0.92, 0.04, 0.41, 99, 99, 99]
--- num:  29
list:  [0.3, 0.3, 0.46, 0.46, 1, 1, 0.21428232967853544, 0.2142395335435867, 0.36, 0.36, 0.49, 0.22, 0, 0, 1, 0.34, 0.98, 0.72, 0.28, 0.98, 0.98, 0.28, 0.28, 0.31, 0.92, 0.31, 0.92, 0.04, 0.35, 99, 99, 99]
--- num:  29
list:  [0.29, 0.29, 0.44, 0.44, 1, 1, 0.16199999999999998, 0.16199999999999998, 0.4, 0.4, 0.5, 0.21, 0, 0, 1, 0.33, 0.98, 0.71, 0.28, 0.98, 0.98, 0.28, 0.28, 0.31, 0.92, 0.31, 0.92, 0.04, 0.33, 99, 99, 99]
--- num:  29
list:  [0.3, 0.3, 0.46, 0.46, 1, 1, 0.16199999999999998, 0.16199999999999998, 0.41, 0.41, 0.51, 0.2, 0, 0, 1, 0.33, 0.98, 0.71, 0.28, 0.98, 0.98, 0.28, 0.28, 0.31, 0.92, 0.31, 0.92, 0.04, 0.3, 99, 99, 99]
--- num:  29
list:  [0.3, 0.3, 0.46, 0.46, 1, 1, 0.16199999999999998, 0.16199999999999998, 0.37, 0.37, 0.31, 0.4, 0, 0, 1, 0.32, 0.985, 0.7, 0.28, 0.99, 0.98, 0.28, 0.28, 0.31, 0.92, 0.31, 0.92, 0.04, 0.28, 99, 99, 99]
--- num:  29
list:  [0.29, 0.29, 0.45, 0.45, 1, 1, 0.16199999999999998, 0.16199999999999998, 0.38, 0.38, 0.29, 0.42, 0, 0, 1, 0.32, 0.985, 0.7, 0.28, 0.99, 0.98, 0.28, 0.28, 0.31, 0.92, 0.31, 0.92, 0.03, 0.24, 99, 99, 99]
--- num:  29
list:  [0.3, 0.3, 0.46, 0.46, 1, 1, 0.16199999999999998, 0.16199999999999998, 0.37, 0.37, 0.22, 0.5, 0, 0, 1, 0.31, 0.98, 0.7, 0.28, 0.98, 0.98, 0.28, 0.28, 0.31, 0.92, 0.31, 0.92, 0.03, 0.21, 99, 99, 99]
--- num:  29
list:  [0.55, 0.55, 1, 1, 0.98, 0.98, 0.16199999999999998, 0.16199999999999998, 0.37, 0.37, 0.15, 0.57, 0, 0, 1, 0.31, 0.98, 0.7, 0.28, 0.98, 0.98, 0.28, 0.28, 0.31, 0.92, 0.31, 0.92, 0.03, 0.2, 99, 99, 99]
--- num:  29
list:  [0.56, 0.56, 1, 1, 0.98, 0.98, 0.16199999999999998, 0.16199999999999998, 0.37, 0.37, 0.16, 0.56, 0, 0, 1, 0.3, 0.98, 0.69, 0.28, 0.98, 0.98, 0.28, 0.28, 0.31, 0.92, 0.31, 0.92, 0.03, 0.25, 99, 99, 99]
--- num:  29
list:  [0.56, 0.56, 1, 1, 0.97, 0.97, 0.16199999999999998, 0.16199999999999998, 0.37, 0.37, 0.17, 0.55, 0, 0, 1, 0.29, 0.98, 0.68, 0.29, 0.98, 0.98, 0.29, 0.29, 0.31, 0.92, 0.31, 0.92, 0.03, 0.29, 99, 99, 99]
--- num:  29
list:  [0.56, 0.56, 1, 1, 0.97, 0.97, 0.16199999999999998, 0.16199999999999998, 0.37, 0.37, 0.16, 0.56, 0, 0, 1, 0.28, 0.98, 0.67, 0.3, 0.98, 0.98, 0.3, 0.3, 0.31, 0.92, 0.31, 0.92, 0.03, 0.32, 99, 99, 99]
--- num:  29
list:  [0.57, 0.57, 1, 1, 0.97, 0.97, 0.16199999999999998, 0.16199999999999998, 0.37, 0.37, 0.18, 0.54, 0, 0, 1, 0.29, 0.96, 0.68, 0.34, 0.96, 0.96, 0.34, 0.34, 0.31, 0.92, 0.31, 0.92, 0.02, 0.32, 99, 99, 99]
--- num:  29
list:  [0.57, 0.57, 1, 1, 0.97, 0.97, 0.16199999999999998, 0.16199999999999998, 0.37, 0.37, 0.18, 0.53, 0, 0, 1, 0.3, 0.95, 0.69, 0.38, 0.95, 0.95, 0.38, 0.38, 0.31, 0.92, 0.31, 0.92, 0.02, 0.31, 99, 99, 99]
--- num:  29
list:  [0.57, 0.57, 1, 1, 0.97, 0.97, 0.28591163039207457, 0.2858914542198181, 0.32, 0.32, 0.21, 0.5, 0, 0, 1, 0.32, 0.94, 0.71, 0.4, 0.94, 0.94, 0.4, 0.4, 0.31, 0.92, 0.31, 0.92, 0.03, 0.3, 99, 99, 99]
--- num:  29
list:  [0.57, 0.57, 1, 1, 0.97, 0.97, 0.9514467525482178, 0.9514376330375671, 0.31, 0.31, 0.46, 0.26, 0, 0, 0.75, 0.34, 0.91, 0.72, 0.36, 0.91, 0.91, 0.36, 0.36, 0.31, 0.92, 0.31, 0.92, 0.03, 0.31, 99, 99, 99]
--- num:  29
list:  [0.57, 0.57, 1, 1, 0.97, 0.97, 0.5103540825843811, 0.5102789211273193, 0.24, 0.24, 0.26, 0.46, 0, 0, 0.75, 0.35, 0.92, 0.72, 0.36, 0.92, 0.92, 0.36, 0.36, 0.31, 0.92, 0.31, 0.92, 0.03, 0.31, 99, 99, 99]
--- num:  29
list:  [0.57, 0.57, 1, 1, 0.96, 0.96, 0.24993161439895628, 0.24970574259757994, 0.34, 0.34, 0.1, 0.62, 0, 0, 1, 0.35, 0.94, 0.72, 0.35, 0.94, 0.94, 0.35, 0.35, 0.31, 0.92, 0.31, 0.92, 0.03, 0.28, 99, 99, 99]
--- num:  29
list:  [0.57, 0.57, 1, 1, 0.96, 0.96, 0.19858826279640196, 0.1981362062692642, 0.38, 0.38, 0.06, 0.66, 0, 0, 1, 0.35, 0.945, 0.72, 0.35, 0.94, 0.95, 0.35, 0.35, 0.31, 0.92, 0.31, 0.92, 0.03, 0.23, 99, 99, 99]
--- num:  29
list:  [0.58, 0.58, 1, 1, 0.96, 0.96, 0.16199999999999998, 0.16199999999999998, 0.39, 0.39, 0.05, 0.67, 0, 0, 1, 0.34, 0.95, 0.72, 0.34, 0.95, 0.95, 0.34, 0.34, 0.31, 0.92, 0.31, 0.92, 0.03, 0.21, 99, 99, 99]
--- num:  29
list:  [0.58, 0.58, 1, 1, 0.96, 0.96, 0.16199999999999998, 0.16199999999999998, 0.38, 0.38, 0.04, 0.68, 0, 0, 1, 0.33, 0.955, 0.71, 0.33, 0.95, 0.96, 0.33, 0.33, 0.31, 0.92, 0.31, 0.92, 0.03, 0.21, 99, 99, 99]
--- num:  29
list:  [0.58, 0.58, 1, 1, 0.96, 0.96, 0.8495324063301086, 0.8494942593574524, 0.23, 0.23, 0.48, 0.24, 0, 0, 1, 0.33, 0.95, 0.71, 0.35, 0.95, 0.95, 0.35, 0.35, 0.31, 0.92, 0.31, 0.92, 0.03, 0.22, 99, 99, 99]
--- num:  29
list:  [0.57, 0.57, 1, 1, 0.97, 0.97, 0.9166242885589599, 0.916523973941803, 0.28, 0.28, 0.48, 0.24, 0, 0, 1, 0.31, 0.95, 0.7, 0.32, 0.95, 0.95, 0.32, 0.32, 0.31, 0.92, 0.31, 0.92, 0.03, 0.36, 99, 99, 99]
--- num:  29
list:  [0.56, 0.56, 1, 1, 0.97, 0.97, 0.3906086790561676, 0.3905928838253021, 0.3, 0.3, 0.48, 0.23, 0, 0, 1, 0.31, 0.955, 0.7, 0.32, 0.95, 0.96, 0.32, 0.32, 0.31, 0.92, 0.31, 0.92, 0.03, 0.41, 99, 99, 99]
--- num:  29
list:  [0.56, 0.56, 1, 1, 0.97, 0.97, 0.2244055527448654, 0.22430561065673826, 0.34, 0.34, 0.46, 0.25, 0, 0, 1, 0.31, 0.96, 0.69, 0.32, 0.96, 0.96, 0.32, 0.32, 0.31, 0.92, 0.31, 0.92, 0.03, 0.44, 99, 99, 99]
--- num:  29
list:  [0.56, 0.56, 1, 1, 0.97, 0.97, 0.18316074788570402, 0.18294800400733946, 0.36, 0.36, 0.43, 0.27, 0, 0, 1, 0.3, 0.96, 0.69, 0.31, 0.96, 0.96, 0.31, 0.31, 0.31, 0.92, 0.31, 0.92, 0.03, 0.48, 99, 99, 99]
--- num:  29
list:  [0.56, 0.56, 1, 1, 0.98, 0.98, 0.16199999999999998, 0.16199999999999998, 0.36, 0.36, 0.41, 0.3, 0, 0, 1, 0.3, 0.96, 0.68, 0.3, 0.96, 0.96, 0.3, 0.3, 0.31, 0.92, 0.31, 0.92, 0.02, 0.57, 99, 99, 99]
--- num:  29
list:  [0.56, 0.56, 1, 1, 0.97, 0.97, 0.19657395362854002, 0.19634799242019652, 0.33, 0.33, 0.42, 0.28, 0, 0, 1, 0.29, 0.97, 0.68, 0.3, 0.97, 0.97, 0.3, 0.3, 0.31, 0.92, 0.31, 0.92, 0.02, 0.62, 99, 99, 99]
--- num:  29
list:  [0.56, 0.56, 1, 1, 0.97, 0.97, 0.20060273587703703, 0.20019115090370176, 0.33, 0.33, 0.42, 0.29, 0, 0, 1, 0.28, 0.97, 0.68, 0.3, 0.97, 0.97, 0.3, 0.3, 0.31, 0.92, 0.31, 0.92, 0.02, 0.76, 99, 99, 99]
--- num:  29
list:  [0.57, 0.57, 1, 1, 0.97, 0.97, 0.20411534190177916, 0.20289589047431944, 0.33, 0.33, 0.42, 0.29, 0, 0, 1, 0.28, 0.965, 0.68, 0.3, 0.96, 0.97, 0.3, 0.3, 0.31, 0.92, 0.31, 0.92, 0.02, 0.82, 99, 99, 99]
--- num:  29
list:  [0.56, 0.56, 1, 1, 0.97, 0.97, 0.2032578694820404, 0.2020668941736221, 0.33, 0.33, 0.43, 0.28, 0, 0, 1, 0.29, 0.96, 0.68, 0.31, 0.96, 0.96, 0.31, 0.31, 0.31, 0.92, 0.31, 0.92, 0.02, 0.88, 99, 99, 99]
--- num:  29
list:  [0.56, 0.56, 1, 1, 0.97, 0.97, 0.19970537304878233, 0.19842578053474424, 0.34, 0.34, 0.43, 0.28, 0, 0, 1, 0.29, 0.96, 0.68, 0.32, 0.96, 0.96, 0.32, 0.32, 0.31, 0.92, 0.31, 0.92, 0.02, 0.92, 99, 99, 99]
--- num:  29
list:  [0.56, 0.56, 1, 1, 0.97, 0.97, 0.19806170046329497, 0.19670630574226378, 0.34, 0.34, 0.43, 0.28, 0, 0, 1, 0.29, 0.96, 0.68, 0.33, 0.96, 0.96, 0.33, 0.33, 0.31, 0.92, 0.31, 0.92, 0.02, 1.0, 99, 99, 99]
--- num:  29
list:  [0.56, 0.56, 1, 1, 0.97, 0.97, 0.20287677228450773, 0.201559002995491, 0.34, 0.34, 0.45, 0.26, 0, 0, 1, 0.3, 0.955, 0.68, 0.32, 0.95, 0.96, 0.32, 0.32, 0.31, 0.92, 0.31, 0.92, 0.02, 1, 99, 99, 99]
--- num:  29
list:  [0.56, 0.56, 1, 1, 0.97, 0.97, 0.20353075444698332, 0.202177118062973, 0.34, 0.34, 0.46, 0.26, 0, 0, 1, 0.3, 0.955, 0.69, 0.32, 0.95, 0.96, 0.32, 0.32, 0.31, 0.92, 0.31, 0.92, 0.02, 1, 99, 99, 99]
--- num:  29
list:  [0.56, 0.56, 1, 1, 0.97, 0.97, 0.20571310400962828, 0.20435760498046873, 0.34, 0.34, 0.46, 0.26, 0, 0, 1, 0.3, 0.955, 0.69, 0.32, 0.95, 0.96, 0.32, 0.32, 0.31, 0.92, 0.31, 0.92, 0.02, 0.97, 99, 99, 99]
--- num:  29
list:  [0.56, 0.56, 1, 1, 0.97, 0.97, 0.20587527334690092, 0.20453200817108153, 0.35, 0.35, 0.38, 0.33, 0, 0, 1, 0.3, 0.955, 0.69, 0.31, 0.95, 0.96, 0.31, 0.31, 0.31, 0.92, 0.31, 0.92, 0.02, 0.92, 99, 99, 99]
--- num:  29
list:  [0.56, 0.56, 1, 1, 0.97, 0.97, 0.16199999999999998, 0.16199999999999998, 0.41, 0.41, 0.28, 0.43, 0, 0, 1, 0.3, 0.96, 0.69, 0.32, 0.96, 0.96, 0.32, 0.32, 0.31, 0.92, 0.31, 0.92, 0.02, 0.98, 99, 99, 99]
--- num:  29
list:  [0.56, 0.56, 1, 1, 0.98, 0.98, 0.16199999999999998, 0.16199999999999998, 0.44, 0.44, 0.27, 0.45, 0, 0, 1, 0.3, 0.96, 0.69, 0.32, 0.96, 0.96, 0.32, 0.32, 0.31, 0.92, 0.31, 0.92, 0.02, 0.94, 99, 99, 99]
--- num:  29
list:  [0.56, 0.56, 1, 1, 0.98, 0.98, 0.16199999999999998, 0.16199999999999998, 0.47, 0.47, 0.28, 0.43, 0, 0, 1, 0.3, 0.97, 0.69, 0.3, 0.97, 0.97, 0.3, 0.3, 0.31, 0.92, 0.31, 0.92, 0.03, 0.92, 99, 99, 99]
--- num:  29
list:  [0.55, 0.55, 1, 1, 0.98, 0.98, 0.16199999999999998, 0.16199999999999998, 0.49, 0.49, 0.31, 0.4, 0, 0, 1, 0.3, 0.975, 0.68, 0.3, 0.97, 0.98, 0.3, 0.3, 0.31, 0.92, 0.31, 0.92, 0.03, 0.88, 99, 99, 99]
--- num:  29
list:  [0.56, 0.56, 1, 1, 0.98, 0.98, 0.1869948464632034, 0.18665861666202543, 0.41, 0.41, 0.34, 0.38, 0, 0, 1, 0.28, 0.98, 0.68, 0.3, 0.98, 0.98, 0.3, 0.3, 0.31, 0.92, 0.31, 0.92, 0.03, 0.74, 99, 99, 99]
--- num:  29
list:  [0.56, 0.56, 1, 1, 0.98, 0.98, 0.5677900123596191, 0.5646900343894958, 0.26, 0.26, 0.22, 0.5, 0, 0, 1, 0.28, 0.98, 0.67, 0.29, 0.98, 0.98, 0.29, 0.29, 0.31, 0.92, 0.31, 0.92, 0.03, 0.67, 99, 99, 99]
--- num:  29
list:  [0.56, 0.56, 1, 1, 0.98, 0.98, 0.16199999999999998, 0.16199999999999998, 0.45, 0.45, 0.05, 0.68, 0, 0, 1, 0.27, 0.98, 0.67, 0.29, 0.98, 0.98, 0.29, 0.29, 0.31, 0.92, 0.31, 0.92, 0.02, 0.54, 99, 99, 99]
--- num:  29
list:  [0.56, 0.56, 1, 1, 0.97, 0.97, 0.16199999999999998, 0.16199999999999998, 0.47, 0.47, 0.05, 0.67, 0, 0, 1, 0.27, 0.98, 0.67, 0.29, 0.98, 0.98, 0.29, 0.29, 0.31, 0.92, 0.31, 0.92, 0.02, 0.49, 99, 99, 99]
--- num:  29
list:  [0.56, 0.56, 1, 1, 0.97, 0.97, 0.16199999999999998, 0.16199999999999998, 0.46, 0.46, 0.06, 0.66, 0, 0, 1, 0.27, 0.98, 0.67, 0.28, 0.98, 0.98, 0.28, 0.28, 0.31, 0.92, 0.31, 0.92, 0.02, 0.47, 99, 99, 99]
--- num:  29
list:  [0.57, 0.57, 1, 1, 0.97, 0.97, 0.38864762663841246, 0.3881628918647766, 0.27, 0.27, 0.17, 0.55, 0, 0, 1, 0.29, 0.97, 0.68, 0.3, 0.97, 0.97, 0.3, 0.3, 0.31, 0.92, 0.31, 0.92, 0.02, 0.44, 99, 99, 99]
--- num:  29
list:  [0.57, 0.57, 1, 1, 0.97, 0.97, 0.16199999999999998, 0.16199999999999998, 0.38, 0.38, 0.01, 0.72, 0, 0, 1, 0.29, 0.97, 0.68, 0.29, 0.97, 0.97, 0.29, 0.29, 0.31, 0.92, 0.31, 0.92, 0.02, 0.43, 99, 99, 99]
--- num:  29
list:  [0.57, 0.57, 1, 1, 0.97, 0.97, 0.16199999999999998, 0.16199999999999998, 0.4, 0.4, 0.0, 0.73, 0, 0, 1, 0.28, 0.975, 0.67, 0.28, 0.97, 0.98, 0.28, 0.28, 0.31, 0.92, 0.31, 0.92, 0.02, 0.41, 99, 99, 99]
--- num:  29
list:  [0.57, 0.57, 1, 1, 0.97, 0.97, 0.16199999999999998, 0.16199999999999998, 0.41, 0.41, -0.03, 0.76, 0, 0, 1, 0.28, 0.98, 0.67, 0.28, 0.98, 0.98, 0.28, 0.28, 0.31, 0.92, 0.31, 0.92, 0.02, 0.42, 99, 99, 99]
--- num:  29
list:  [0.57, 0.57, 1, 1, 0.97, 0.97, 0.2903678226470947, 0.2898074197769165, 0.3, 0.3, 0.13, 0.59, 0, 0, 1, 0.27, 0.98, 0.67, 0.28, 0.98, 0.98, 0.28, 0.28, 0.31, 0.92, 0.31, 0.92, 0.02, 0.42, 99, 99, 99]
--- num:  29
list:  [0.57, 0.57, 1, 1, 0.97, 0.97, 0.9155809092521667, 0.9153675842285156, 0.27, 0.27, 0.45, 0.27, 0, 0, 0.75, 0.28, 0.97, 0.67, 0.29, 0.97, 0.97, 0.29, 0.29, 0.31, 0.92, 0.31, 0.92, 0.02, 0.46, 99, 99, 99]
--- num:  29
list:  [0.57, 0.57, 1, 1, 0.97, 0.97, 0.35920588254928587, 0.3590781199932098, 0.3, 0.3, 0.44, 0.27, 0, 0, 0.75, 0.29, 0.97, 0.68, 0.29, 0.97, 0.97, 0.29, 0.29, 0.31, 0.92, 0.31, 0.92, 0.02, 0.49, 99, 99, 99]
--- num:  29
list:  [0.57, 0.57, 1, 1, 0.97, 0.97, 0.24773801445960997, 0.24764366030693052, 0.34, 0.34, 0.41, 0.3, 0, 0, 0.75, 0.29, 0.97, 0.68, 0.29, 0.97, 0.97, 0.29, 0.29, 0.31, 0.92, 0.31, 0.92, 0.02, 0.53, 99, 99, 99]
--- num:  29
list:  [0.57, 0.57, 1, 1, 0.97, 0.97, 0.21414902389049528, 0.21373897373676298, 0.35, 0.35, 0.38, 0.32, 0, 0, 0.75, 0.29, 0.97, 0.68, 0.29, 0.97, 0.97, 0.29, 0.29, 0.31, 0.92, 0.31, 0.92, 0.02, 0.6, 99, 99, 99]
--- num:  29
list:  [0.57, 0.57, 1, 1, 0.97, 0.97, 0.6539330291748047, 0.6451875972747803, 0.26, 0.26, 0.34, 0.37, 0, 0, 0.75, 0.29, 0.96, 0.68, 0.31, 0.96, 0.96, 0.31, 0.31, 0.4, 0.74, 0.42, 0.7, 0.02, 0.58, 99, 99, 99]
--- num:  29
list:  [0.56, 0.56, 1, 1, 0.97, 0.97, 0.16199999999999998, 0.16199999999999998, 0.4, 0.4, 0.31, 0.4, 0.195, 0.16499999999999998, 1, 0.26, 0.96, 0.66, 0.31, 0.96, 0.96, 0.31, 0.31, 0.68, 0.39, 0.66, 0.4, 0.02, 0.52, 99, 99, 99]
--- num:  29
list:  [0.56, 0.56, 1, 1, 0.98, 0.98, 0.16199999999999998, 0.16199999999999998, 0.42, 0.42, 0.29, 0.42, 0.2549999999999999, 0.18, 1, 0.24, 0.96, 0.65, 0.3, 0.96, 0.96, 0.3, 0.3, 0.72, 0.38, 0.67, 0.4, 0.02, 0.49, 99, 99, 99]
--- num:  29
list:  [0.05, 0.05, 0, 0, 1, 1, 0.16199999999999998, 0.16199999999999998, 0.42, 0.42, 0.28, 0.44, 0.22499999999999987, 0.14999999999999997, 1, 0.24, 0.96, 0.64, 0.3, 0.96, 0.96, 0.3, 0.3, 0.7, 0.38, 0.65, 0.41, 0.02, 0.49, 99, 99, 99]
--- num:  29
list:  [0.1, 0.1, 0, 0, 1, 1, 0.16199999999999998, 0.16199999999999998, 0.42, 0.42, 0.27, 0.44, 0.18, 0.11999999999999994, 1, 0.24, 0.965, 0.64, 0.3, 0.96, 0.97, 0.3, 0.3, 0.67, 0.4, 0.63, 0.42, 0.02, 0.49, 99, 99, 99]
--- num:  29
list:  [0.12, 0.12, 0.04, 0.04, 1, 1, 0.16199999999999998, 0.16199999999999998, 0.42, 0.42, 0.29, 0.42, 0.14999999999999997, 0.08999999999999991, 1, 0.24, 0.97, 0.64, 0.29, 0.97, 0.97, 0.29, 0.29, 0.65, 0.41, 0.61, 0.42, 0.02, 0.48, 99, 99, 99]
--- num:  29
list:  [0.14, 0.14, 0.1, 0.1, 1, 1, 0.16199999999999998, 0.16199999999999998, 0.43, 0.43, 0.31, 0.41, 0.13499999999999995, 0.08999999999999991, 1, 0.23, 0.97, 0.64, 0.28, 0.97, 0.97, 0.28, 0.28, 0.64, 0.41, 0.61, 0.43, 0.02, 0.47, 99, 99, 99]
--- num:  29
list:  [0.14, 0.14, 0.1, 0.1, 1, 1, 0.16199999999999998, 0.16199999999999998, 0.46, 0.46, 0.32, 0.39, 0.11999999999999994, 0.05999999999999989, 1, 0.23, 0.975, 0.63, 0.28, 0.97, 0.98, 0.28, 0.28, 0.63, 0.42, 0.59, 0.43, 0.02, 0.46, 99, 99, 99]
--- num:  29
list:  [0.16, 0.16, 0.13, 0.13, 1, 1, 0.16199999999999998, 0.16199999999999998, 0.46, 0.46, 0.31, 0.41, 0.11999999999999994, 0.0749999999999999, 1, 0.23, 0.98, 0.63, 0.28, 0.98, 0.98, 0.28, 0.28, 0.63, 0.41, 0.6, 0.43, 0.02, 0.46, 99, 99, 99]
--- num:  29
list:  [0.15, 0.15, 0.13, 0.13, 1, 1, 0.16199999999999998, 0.16199999999999998, 0.45, 0.45, 0.33, 0.39, 0.10499999999999993, 0.05999999999999989, 1, 0.23, 0.98, 0.63, 0.28, 0.98, 0.98, 0.28, 0.28, 0.62, 0.42, 0.59, 0.43, 0.02, 0.47, 99, 99, 99]
--- num:  29
list:  [0.13, 0.13, 0.08, 0.08, 1, 1, 0.16199999999999998, 0.16199999999999998, 0.45, 0.45, 0.35, 0.37, 0.10499999999999993, 0.05999999999999989, 1, 0.23, 0.98, 0.63, 0.28, 0.98, 0.98, 0.28, 0.28, 0.62, 0.42, 0.59, 0.43, 0.02, 0.46, 99, 99, 99]
--- num:  29
list:  [0.13, 0.13, 0.06, 0.06, 1, 1, 0.16199999999999998, 0.16199999999999998, 0.45, 0.45, 0.36, 0.36, 0.10499999999999993, 0.05999999999999989, 1, 0.23, 0.98, 0.63, 0.28, 0.98, 0.98, 0.28, 0.28, 0.62, 0.42, 0.59, 0.43, 0.02, 0.46, 99, 99, 99]
--- num:  29
list:  [0.13, 0.13, 0.07, 0.07, 1, 1, 0.16199999999999998, 0.16199999999999998, 0.45, 0.45, 0.36, 0.35, 0.08999999999999991, 0.04499999999999987, 1, 0.23, 0.98, 0.63, 0.28, 0.98, 0.98, 0.28, 0.28, 0.61, 0.42, 0.58, 0.44, 0.02, 0.45, 99, 99, 99]
--- num:  29
list:  [0.14, 0.14, 0.09, 0.09, 1, 1, 0.16199999999999998, 0.16199999999999998, 0.45, 0.45, 0.36, 0.36, 0.08999999999999991, 0.04499999999999987, 1, 0.23, 0.98, 0.64, 0.28, 0.98, 0.98, 0.28, 0.28, 0.61, 0.43, 0.58, 0.44, 0.02, 0.45, 99, 99, 99]
--- num:  29
list:  [0.15, 0.15, 0.11, 0.11, 1, 1, 0.16199999999999998, 0.16199999999999998, 0.44, 0.44, 0.35, 0.36, 0.0749999999999999, 0.04499999999999987, 1, 0.23, 0.98, 0.64, 0.28, 0.98, 0.98, 0.28, 0.28, 0.6, 0.43, 0.58, 0.44, 0.02, 0.46, 99, 99, 99]
--- num:  29
list:  [0.13, 0.13, 0.06, 0.06, 1, 1, 0.16199999999999998, 0.16199999999999998, 0.44, 0.44, 0.35, 0.36, 0.0749999999999999, 0.04499999999999987, 1, 0.23, 0.98, 0.64, 0.28, 0.98, 0.98, 0.28, 0.28, 0.6, 0.43, 0.58, 0.44, 0.02, 0.46, 99, 99, 99]
--- num:  29
list:  [0.15, 0.15, 0.11, 0.11, 1, 1, 0.16199999999999998, 0.16199999999999998, 0.44, 0.44, 0.35, 0.36, 0.0749999999999999, 0.04499999999999987, 1, 0.23, 0.98, 0.63, 0.27, 0.98, 0.98, 0.27, 0.27, 0.6, 0.43, 0.58, 0.44, 0.02, 0.47, 99, 99, 99]
--- num:  29
list:  [0.15, 0.15, 0.11, 0.11, 1, 1, 0.16199999999999998, 0.16199999999999998, 0.44, 0.44, 0.35, 0.36, 0.0749999999999999, 0.04499999999999987, 1, 0.23, 0.98, 0.63, 0.27, 0.98, 0.98, 0.27, 0.27, 0.6, 0.43, 0.58, 0.44, 0.02, 0.47, 99, 99, 99]
--- num:  29
list:  [0.15, 0.15, 0.11, 0.11, 1, 1, 0.16199999999999998, 0.16199999999999998, 0.43, 0.43, 0.35, 0.36, 0.0749999999999999, 0.04499999999999987, 1, 0.23, 0.98, 0.63, 0.27, 0.98, 0.98, 0.27, 0.27, 0.6, 0.43, 0.58, 0.44, 0.02, 0.47, 99, 99, 99]
--- num:  29
list:  [0.16, 0.16, 0.13, 0.13, 1, 1, 0.16199999999999998, 0.16199999999999998, 0.42, 0.42, 0.35, 0.37, 0.0749999999999999, 0.04499999999999987, 1, 0.23, 0.98, 0.63, 0.26, 0.98, 0.98, 0.26, 0.26, 0.6, 0.43, 0.58, 0.44, 0.01, 0.48, 99, 99, 99]
--- num:  29
list:  [0.17, 0.17, 0.17, 0.17, 1, 1, 0.16199999999999998, 0.16199999999999998, 0.4, 0.4, 0.34, 0.37, 0.08999999999999991, 0.05999999999999989, 1, 0.22, 0.98, 0.63, 0.26, 0.98, 0.98, 0.26, 0.26, 0.61, 0.43, 0.59, 0.43, 0.01, 0.5, 99, 99, 99]
--- num:  29
