A0
A1
A2
A3
A4
A5
A6
A7
A8
A9
A10
A11
A12
A13
A14
A15
A16
A17
A18
A19
A20
A21
A22
A23
A24
A25
A26
A27
A28
--- [0.87, 0.67, 1.0, 1.0, 0.24, 0.24, 0.05, 0.13, 0.51, 0.54, 0.4, 0.38, 0.0, -0.0, 1.0, 0.21, 0.75, 0.6, 0.49, 0.8, 0.75, 0.46, 0.86, 0.55, 0.43, 0.55, 0.45, 0.0, 0.5, 99, 99, 99]
into servo loop...
start test new
list:  [0.48, 0.48, 0.88, 0.88, 1, 1, 0.16199999999999998, 0.16199999999999998, 0.38, 0.38, 0.35, 0.37, 0.18, 0.16499999999999998, 1, 0.22, 0.99, 0.63, 0.25, 0.99, 0.99, 0.25, 0.25, 0.67, 0.4, 0.66, 0.4, 0.01, 0.61, 99, 99, 99]
--- num:  29
list:  [0.48, 0.48, 0.88, 0.88, 1, 1, 0.16199999999999998, 0.16199999999999998, 0.32, 0.32, 0.35, 0.37, 0.18, 0.16499999999999998, 1, 0.22, 0.99, 0.63, 0.26, 0.99, 0.99, 0.26, 0.26, 0.67, 0.4, 0.66, 0.4, 0.01, 0.59, 99, 99, 99]
--- num:  29
list:  [0.47, 0.47, 0.87, 0.87, 1, 1, 0.16199999999999998, 0.16199999999999998, 0.29, 0.29, 0.35, 0.37, 0.16499999999999998, 0.16499999999999998, 1, 0.23, 0.97, 0.63, 0.27, 0.97, 0.97, 0.27, 0.27, 0.66, 0.4, 0.66, 0.4, 0.01, 0.57, 99, 99, 99]
--- num:  29
list:  [0.5, 0.5, 0.93, 0.93, 1, 1, 0.16199999999999998, 0.16199999999999998, 0.34, 0.34, 0.35, 0.38, 0.16499999999999998, 0.16499999999999998, 1, 0.22, 0.98, 0.63, 0.26, 0.98, 0.98, 0.26, 0.26, 0.66, 0.4, 0.66, 0.4, 0.01, 0.59, 99, 99, 99]
--- num:  29
list:  [0.5, 0.5, 0.94, 0.94, 1, 1, 0.16199999999999998, 0.16199999999999998, 0.36, 0.36, 0.35, 0.37, 0.16499999999999998, 0.16499999999999998, 1, 0.22, 0.98, 0.63, 0.26, 0.98, 0.98, 0.26, 0.26, 0.66, 0.4, 0.66, 0.4, 0.01, 0.6, 99, 99, 99]
--- num:  29
list:  [0.51, 0.51, 0.94, 0.94, 1, 1, 0.16199999999999998, 0.16199999999999998, 0.36, 0.36, 0.35, 0.37, 0.16499999999999998, 0.14999999999999997, 1, 0.22, 0.99, 0.63, 0.25, 0.99, 0.99, 0.25, 0.25, 0.66, 0.4, 0.65, 0.4, 0.01, 0.61, 99, 99, 99]
--- num:  29
list:  [0.56, 0.56, 1, 1, 0.98, 0.98, 0.5175936031341553, 0.5164367365837097, 0.16, 0.16, 0.37, 0.35, 0.18, 0.18, 1, 0.23, 0.965, 0.63, 0.28, 0.96, 0.97, 0.28, 0.28, 0.67, 0.4, 0.67, 0.4, 0.01, 0.61, 99, 99, 99]
--- num:  29
list:  [0.49, 0.49, 0.91, 0.91, 1, 1, 0.21103509843349455, 0.21043513298034666, 0.25, 0.25, 0.38, 0.34, 0.18, 0.18, 1, 0.23, 0.97, 0.63, 0.27, 0.97, 0.97, 0.27, 0.27, 0.67, 0.4, 0.67, 0.4, 0.01, 0.61, 99, 99, 99]
--- num:  29
list:  [0.47, 0.47, 0.86, 0.86, 1, 1, 0.16199999999999998, 0.16199999999999998, 0.34, 0.34, 0.46, 0.27, 0.16499999999999998, 0.14999999999999997, 1, 0.22, 0.99, 0.63, 0.26, 0.99, 0.99, 0.26, 0.26, 0.66, 0.4, 0.65, 0.41, 0.01, 0.59, 99, 99, 99]
--- num:  29
list:  [0.47, 0.47, 0.85, 0.85, 1, 1, 0.16199999999999998, 0.16199999999999998, 0.35, 0.35, 0.47, 0.25, 0.16499999999999998, 0.13499999999999995, 1, 0.22, 0.99, 0.63, 0.25, 0.99, 0.99, 0.25, 0.25, 0.66, 0.4, 0.64, 0.41, 0.01, 0.57, 99, 99, 99]
--- num:  29
list:  [0.48, 0.48, 0.88, 0.88, 1, 1, 0.4104881691932678, 0.4074156093597412, 0.17, 0.17, 0.42, 0.3, 0.16499999999999998, 0.14999999999999997, 1, 0.22, 0.98, 0.63, 0.27, 0.98, 0.98, 0.27, 0.27, 0.66, 0.4, 0.65, 0.41, 0.01, 0.57, 99, 99, 99]
--- num:  29
list:  [0.56, 0.56, 1, 1, 0.97, 0.97, 0.6464586663246155, 0.6449781465530395, 0.14, 0.14, 0.37, 0.36, 0.16499999999999998, 0.18, 1, 0.24, 0.95, 0.64, 0.28, 0.95, 0.95, 0.28, 0.28, 0.66, 0.4, 0.67, 0.4, 0.01, 0.56, 99, 99, 99]
--- num:  29
list:  [0.48, 0.48, 0.89, 0.89, 1, 1, 0.16199999999999998, 0.16199999999999998, 0.31, 0.31, 0.32, 0.41, 0.14999999999999997, 0.14999999999999997, 1, 0.23, 0.98, 0.64, 0.26, 0.98, 0.98, 0.26, 0.26, 0.65, 0.41, 0.65, 0.41, 0.01, 0.58, 99, 99, 99]
--- num:  29
list:  [0.48, 0.48, 0.89, 0.89, 1, 1, 0.16199999999999998, 0.16199999999999998, 0.31, 0.31, 0.31, 0.41, 0.13499999999999995, 0.13499999999999995, 1, 0.22, 0.985, 0.63, 0.26, 0.98, 0.99, 0.26, 0.26, 0.64, 0.41, 0.64, 0.41, 0.01, 0.6, 99, 99, 99]
--- num:  29
list:  [0.48, 0.48, 0.89, 0.89, 1, 1, 0.16199999999999998, 0.16199999999999998, 0.31, 0.31, 0.3, 0.42, 0.13499999999999995, 0.14999999999999997, 1, 0.22, 0.99, 0.63, 0.25, 0.99, 0.99, 0.25, 0.25, 0.64, 0.41, 0.65, 0.41, 0.01, 0.62, 99, 99, 99]
--- num:  29
list:  [0.49, 0.49, 0.9, 0.9, 1, 1, 0.16199999999999998, 0.16199999999999998, 0.31, 0.31, 0.27, 0.46, 0.14999999999999997, 0.14999999999999997, 1, 0.22, 0.99, 0.63, 0.25, 0.99, 0.99, 0.25, 0.25, 0.65, 0.41, 0.65, 0.41, 0.01, 0.66, 99, 99, 99]
--- num:  29
list:  [0.48, 0.48, 0.89, 0.89, 1, 1, 0.16199999999999998, 0.16199999999999998, 0.31, 0.31, 0.23, 0.49, 0.14999999999999997, 0.13499999999999995, 1, 0.22, 0.99, 0.63, 0.25, 0.99, 0.99, 0.25, 0.25, 0.65, 0.41, 0.64, 0.41, 0.01, 0.69, 99, 99, 99]
--- num:  29
list:  [0.47, 0.47, 0.86, 0.86, 1, 1, 0.2490824270248413, 0.24798978447914122, 0.23, 0.23, 0.27, 0.45, 0.14999999999999997, 0.16499999999999998, 1, 0.22, 0.99, 0.63, 0.26, 0.99, 0.99, 0.26, 0.26, 0.65, 0.4, 0.66, 0.4, 0.01, 0.7, 99, 99, 99]
--- num:  29
list:  [0.45, 0.45, 0.82, 0.82, 1, 1, 0.16199999999999998, 0.16199999999999998, 0.25, 0.25, 0.35, 0.38, 0.20999999999999985, 0.195, 1, 0.22, 0.98, 0.63, 0.27, 0.98, 0.98, 0.27, 0.27, 0.69, 0.39, 0.68, 0.39, 0.01, 0.68, 99, 99, 99]
--- num:  29
list:  [0.45, 0.45, 0.82, 0.82, 1, 1, 0.16199999999999998, 0.16199999999999998, 0.3, 0.3, 0.39, 0.33, 0.20999999999999985, 0.195, 1, 0.22, 0.98, 0.63, 0.26, 0.98, 0.98, 0.26, 0.26, 0.69, 0.39, 0.68, 0.39, 0.01, 0.63, 99, 99, 99]
--- num:  29
list:  [0.46, 0.46, 0.83, 0.83, 1, 1, 0.16199999999999998, 0.16199999999999998, 0.3, 0.3, 0.39, 0.33, 0.22499999999999987, 0.20999999999999985, 1, 0.22, 0.98, 0.63, 0.26, 0.98, 0.98, 0.26, 0.26, 0.7, 0.38, 0.69, 0.39, 0.01, 0.61, 99, 99, 99]
--- num:  29
list:  [0.44, 0.44, 0.8, 0.8, 1, 1, 0.25718353271484373, 0.256419460773468, 0.22, 0.22, 0.4, 0.33, 0.22499999999999987, 0.20999999999999985, 1, 0.24, 0.955, 0.64, 0.28, 0.95, 0.96, 0.28, 0.28, 0.7, 0.38, 0.69, 0.39, 0.02, 0.56, 99, 99, 99]
--- num:  29
list:  [0.56, 0.56, 1, 1, 0.97, 0.97, 0.16199999999999998, 0.16199999999999998, 0.32, 0.32, 0.39, 0.33, 0.18, 0.16499999999999998, 1, 0.23, 0.98, 0.64, 0.26, 0.98, 0.98, 0.26, 0.26, 0.67, 0.39, 0.66, 0.4, 0.02, 0.55, 99, 99, 99]
--- num:  29
list:  [0.75, 0.75, 1, 1, 0.82, 0.82, 0.16199999999999998, 0.16199999999999998, 0.3, 0.3, 0.38, 0.34, 0.11999999999999994, 0.10499999999999993, 1, 0.28, 0.97, 0.67, 0.33, 0.97, 0.97, 0.33, 0.33, 0.63, 0.41, 0.62, 0.42, 0.06, 0.57, 99, 99, 99]
--- num:  29
list:  [0.65, 0.65, 1, 1, 0.9, 0.9, 0.16199999999999998, 0.16199999999999998, 0.3, 0.3, 0.37, 0.35, 0.16499999999999998, 0.14999999999999997, 1, 0.28, 0.955, 0.67, 0.38, 0.95, 0.96, 0.38, 0.38, 0.66, 0.4, 0.65, 0.41, 0.08, 0.56, 99, 99, 99]
--- num:  29
list:  [0.89, 0.89, 1, 1, 0.71, 0.71, 0.23170421600341795, 0.23027287006378172, 0.21, 0.21, 0.35, 0.37, 0.18, 0.14999999999999997, 1, 0.37, 0.91, 0.74, 0.48, 0.9, 0.92, 0.48, 0.48, 0.67, 0.4, 0.65, 0.4, 0.17, 0.55, 99, 99, 99]
--- num:  29
list:  [0.92, 0.92, 1, 1, 0.68, 0.68, 0.16199999999999998, 0.16199999999999998, 0.23, 0.23, 0.34, 0.38, 0.10499999999999993, 0.11999999999999994, 1, 0.39, 0.905, 0.75, 0.51, 0.9, 0.91, 0.51, 0.51, 0.62, 0.42, 0.63, 0.42, 0.3, 0.56, 99, 99, 99]
--- num:  29
list:  [0.92, 0.92, 1, 1, 0.68, 0.68, 0.16199999999999998, 0.16199999999999998, 0.21, 0.21, 0.34, 0.39, 0.08999999999999991, 0.10499999999999993, 1, 0.39, 0.915, 0.75, 0.52, 0.91, 0.92, 0.52, 0.52, 0.61, 0.42, 0.62, 0.42, 0.41, 0.73, 99, 99, 99]
--- num:  29
list:  [0.92, 0.92, 1, 1, 0.68, 0.68, 0.16199999999999998, 0.16199999999999998, 0.17, 0.17, 0.32, 0.4, 0.05999999999999989, 0.08999999999999991, 1, 0.38, 0.925, 0.75, 0.56, 0.92, 0.93, 0.56, 0.56, 0.59, 0.43, 0.61, 0.42, 0.6, 0.5, 99, 99, 99]
--- num:  29
list:  [0.92, 0.92, 1, 1, 0.68, 0.68, 0.16199999999999998, 0.16199999999999998, 0.16, 0.16, 0.32, 0.4, 0, 0, 1, 0.34, 0.94, 0.72, 0.56, 0.94, 0.94, 0.56, 0.56, 0.48, 0.59, 0.5, 0.55, 0.8, 0.5, 99, 99, 99]
--- num:  29
list:  [0.92, 0.92, 1, 1, 0.68, 0.68, 0.16199999999999998, 0.16199999999999998, 0.16, 0.16, 0.33, 0.4, 0, 0, 1, 0.34, 0.945, 0.71, 0.56, 0.94, 0.95, 0.56, 0.56, 0.41, 0.71, 0.43, 0.69, 0.9, 0.5, 99, 99, 99]
--- num:  29
list:  [0.92, 0.92, 1, 1, 0.68, 0.68, 0.16199999999999998, 0.16199999999999998, 0.15, 0.15, 0.34, 0.39, 0, 0, 1, 0.33, 0.945, 0.71, 0.56, 0.94, 0.95, 0.56, 0.56, 0.41, 0.72, 0.41, 0.72, 0.94, 0.5, 99, 99, 99]
--- num:  29
list:  [0.92, 0.92, 1, 1, 0.68, 0.68, 0.16199999999999998, 0.16199999999999998, 0.25, 0.25, 0.42, 0.31, 0, 0, 1, 0.34, 0.945, 0.72, 0.56, 0.94, 0.95, 0.56, 0.56, 0.4, 0.75, 0.38, 0.77, 0.95, 0.5, 99, 99, 99]
--- num:  29
list:  [0.92, 0.92, 1, 1, 0.68, 0.68, 0.16199999999999998, 0.16199999999999998, 0.24, 0.24, 0.42, 0.3, 0, 0, 1, 0.35, 0.935, 0.72, 0.56, 0.93, 0.94, 0.56, 0.56, 0.38, 0.78, 0.36, 0.82, 0.96, 0.5, 99, 99, 99]
--- num:  29
list:  [0.92, 0.92, 1, 1, 0.68, 0.68, 0.16199999999999998, 0.16199999999999998, 0.25, 0.25, 0.45, 0.28, 0, 0, 1, 0.37, 0.925, 0.74, 0.56, 0.92, 0.93, 0.56, 0.56, 0.39, 0.77, 0.37, 0.81, 0.97, 0.5, 99, 99, 99]
--- num:  29
list:  [0.92, 0.92, 1, 1, 0.68, 0.68, 0.16199999999999998, 0.16199999999999998, 0.26, 0.26, 0.49, 0.24, 0, 0, 1, 0.37, 0.91, 0.74, 0.56, 0.9, 0.92, 0.56, 0.56, 0.46, 0.62, 0.44, 0.66, 0.97, 0.5, 99, 99, 99]
--- num:  29
list:  [0.92, 0.92, 1, 1, 0.68, 0.68, 0.16199999999999998, 0.16199999999999998, 0.23, 0.23, 0.45, 0.27, 0, 0, 1, 0.36, 0.91, 0.73, 0.56, 0.9, 0.92, 0.56, 0.56, 0.49, 0.56, 0.46, 0.62, 0.97, 0.5, 99, 99, 99]
--- num:  29
list:  [0.92, 0.92, 1, 1, 0.68, 0.68, 0.16199999999999998, 0.16199999999999998, 0.22, 0.22, 0.46, 0.27, 0, 0, 1, 0.35, 0.91, 0.72, 0.56, 0.9, 0.92, 0.56, 0.56, 0.51, 0.53, 0.47, 0.61, 0.97, 0.5, 99, 99, 99]
--- num:  29
list:  [0.92, 0.92, 1, 1, 0.68, 0.68, 0.16199999999999998, 0.16199999999999998, 0.22, 0.22, 0.49, 0.24, 0.02999999999999986, 0, 1, 0.35, 0.9, 0.72, 0.56, 0.89, 0.91, 0.56, 0.56, 0.57, 0.44, 0.53, 0.49, 0.97, 0.5, 99, 99, 99]
--- num:  29
list:  [0.92, 0.92, 1, 1, 0.68, 0.68, 0.16199999999999998, 0.16199999999999998, 0.19, 0.19, 0.57, 0.16, 0.14999999999999997, 0.05999999999999989, 0.75, 0.34, 0.86, 0.72, 0.56, 0.85, 0.87, 0.56, 0.56, 0.65, 0.4, 0.59, 0.43, 0.97, 0.5, 99, 99, 99]
--- num:  29
list:  [0.92, 0.92, 1, 1, 0.68, 0.68, 0.16199999999999998, 0.16199999999999998, 0.17, 0.17, 0.58, 0.15, 0.2699999999999999, 0.16499999999999998, 0.75, 0.34, 0.815, 0.72, 0.56, 0.8, 0.83, 0.56, 0.56, 0.73, 0.37, 0.66, 0.4, 0.97, 0.5, 99, 99, 99]
--- num:  29
list:  [0.92, 0.92, 1, 1, 0.68, 0.68, 0.16199999999999998, 0.16199999999999998, 0.06, 0.06, 0.38, 0.35, 0.31499999999999995, 0.22499999999999987, 0.75, 0.34, 0.795, 0.72, 0.56, 0.78, 0.81, 0.56, 0.56, 0.76, 0.36, 0.7, 0.38, 0.97, 0.5, 99, 99, 99]
--- num:  29
list:  [0.92, 0.92, 1, 1, 0.68, 0.68, 0.16199999999999998, 0.16199999999999998, 0.09, 0.09, 0.39, 0.34, 0.32999999999999996, 0.23999999999999988, 0.75, 0.33, 0.785, 0.71, 0.56, 0.77, 0.8, 0.56, 0.56, 0.77, 0.35, 0.71, 0.38, 0.97, 0.5, 99, 99, 99]
--- num:  29
list:  [0.92, 0.92, 1, 1, 0.68, 0.68, 0.16199999999999998, 0.16199999999999998, 0.12, 0.12, 0.39, 0.34, 0.2849999999999999, 0.18, 0.75, 0.33, 0.79, 0.71, 0.56, 0.78, 0.8, 0.56, 0.56, 0.74, 0.37, 0.67, 0.39, 0.97, 0.5, 99, 99, 99]
--- num:  29
list:  [0.92, 0.92, 1, 1, 0.68, 0.68, 0.16199999999999998, 0.16199999999999998, 0.16, 0.16, 0.43, 0.3, 0.2549999999999999, 0.18, 0.75, 0.32, 0.81, 0.71, 0.56, 0.81, 0.81, 0.56, 0.56, 0.72, 0.38, 0.67, 0.4, 0.95, 0.5, 99, 99, 99]
--- num:  29
list:  [0.92, 0.92, 1, 1, 0.68, 0.68, 0.16199999999999998, 0.16199999999999998, 0.19, 0.19, 0.51, 0.21, 0, 0, 0.75, 0.32, 0.83, 0.7, 0.56, 0.83, 0.83, 0.56, 0.56, 0.55, 0.45, 0.52, 0.51, 0.94, 0.5, 99, 99, 99]
--- num:  29
list:  [0.92, 0.92, 1, 1, 0.68, 0.68, 0.16199999999999998, 0.16199999999999998, 0.22, 0.22, 0.56, 0.16, 0, 0, 1, 0.32, 0.855, 0.7, 0.56, 0.86, 0.85, 0.56, 0.56, 0.54, 0.48, 0.52, 0.51, 0.93, 0.5, 99, 99, 99]
--- num:  29
list:  [0.9, 0.9, 1, 1, 0.7, 0.7, 0.631265799999237, 0.6288838791847229, 0.12, 0.12, 0.52, 0.21, 0.195, 0.14999999999999997, 1, 0.32, 0.81, 0.7, 0.56, 0.8, 0.82, 0.56, 0.56, 0.68, 0.39, 0.65, 0.41, 0.86, 0.5, 99, 99, 99]
--- num:  29
list:  [0.88, 0.88, 1, 1, 0.72, 0.72, 0.16199999999999998, 0.16199999999999998, 0.3, 0.3, 0.52, 0.2, 0.16499999999999998, 0.11999999999999994, 1, 0.31, 0.85, 0.7, 0.56, 0.85, 0.85, 0.56, 0.56, 0.66, 0.4, 0.63, 0.41, 0.77, 0.5, 99, 99, 99]
--- num:  29
list:  [0.86, 0.86, 1, 1, 0.74, 0.74, 0.16199999999999998, 0.16199999999999998, 0.33, 0.33, 0.44, 0.28, 0.16499999999999998, 0.10499999999999993, 1, 0.32, 0.85, 0.7, 0.56, 0.85, 0.85, 0.56, 0.56, 0.66, 0.4, 0.62, 0.42, 0.71, 0.5, 99, 99, 99]
--- num:  29
list:  [0.77, 0.77, 1, 1, 0.81, 0.81, 0.4740317869186401, 0.47311453104019163, 0.21, 0.21, 0.34, 0.38, 0.14999999999999997, 0.08999999999999991, 1, 0.4, 0.8200000000000001, 0.76, 0.56, 0.81, 0.83, 0.56, 0.56, 0.65, 0.41, 0.61, 0.42, 0.62, 0.5, 99, 99, 99]
--- num:  29
list:  [0.76, 0.76, 1, 1, 0.81, 0.81, 0.16199999999999998, 0.16199999999999998, 0.34, 0.34, 0.29, 0.44, 0.14999999999999997, 0.08999999999999991, 1, 0.38, 0.855, 0.75, 0.56, 0.85, 0.86, 0.56, 0.56, 0.65, 0.41, 0.61, 0.42, 0.6, 0.5, 99, 99, 99]
--- num:  29
list:  [0.7, 0.7, 1, 1, 0.86, 0.86, 0.16199999999999998, 0.16199999999999998, 0.34, 0.34, 0.29, 0.43, 0.18, 0.16499999999999998, 1, 0.37, 0.845, 0.74, 0.56, 0.84, 0.85, 0.56, 0.56, 0.67, 0.4, 0.66, 0.4, 0.3, 0.27, 99, 99, 99]
--- num:  29
list:  [0.65, 0.65, 1, 1, 0.91, 0.91, 0.16199999999999998, 0.16199999999999998, 0.33, 0.33, 0.32, 0.4, 0.195, 0.18, 1, 0.35, 0.845, 0.73, 0.52, 0.84, 0.85, 0.52, 0.52, 0.68, 0.39, 0.67, 0.4, 0.16, 0.37, 99, 99, 99]
--- num:  29
list:  [0.61, 0.61, 1, 1, 0.94, 0.94, 0.16199999999999998, 0.16199999999999998, 0.33, 0.33, 0.33, 0.39, 0.22499999999999987, 0.195, 1, 0.34, 0.855, 0.72, 0.46, 0.85, 0.86, 0.46, 0.46, 0.7, 0.39, 0.68, 0.39, 0.09, 0.4, 99, 99, 99]
--- num:  29
list:  [0.58, 0.58, 1, 1, 0.96, 0.96, 0.2510880637168884, 0.24991999149322508, 0.25, 0.25, 0.39, 0.34, 0.2699999999999999, 0.23999999999999988, 1, 0.3, 0.885, 0.69, 0.38, 0.88, 0.89, 0.38, 0.38, 0.73, 0.37, 0.71, 0.38, 0.05, 0.46, 99, 99, 99]
--- num:  29
list:  [0.57, 0.57, 1, 1, 0.97, 0.97, 0.16199999999999998, 0.16199999999999998, 0.33, 0.33, 0.44, 0.28, 0.2549999999999999, 0.20999999999999985, 1, 0.3, 0.86, 0.69, 0.46, 0.85, 0.87, 0.46, 0.46, 0.72, 0.38, 0.69, 0.39, 0.05, 0.4, 99, 99, 99]
--- num:  29
list:  [0.57, 0.57, 1, 1, 0.97, 0.97, 0.16199999999999998, 0.16199999999999998, 0.33, 0.33, 0.44, 0.28, 0.2549999999999999, 0.22499999999999987, 1, 0.31, 0.845, 0.69, 0.47, 0.84, 0.85, 0.47, 0.47, 0.72, 0.37, 0.7, 0.39, 0.06, 0.36, 99, 99, 99]
--- num:  29
list:  [0.57, 0.57, 1, 1, 0.96, 0.96, 0.16199999999999998, 0.16199999999999998, 0.33, 0.33, 0.43, 0.29, 0.2699999999999999, 0.22499999999999987, 1, 0.31, 0.85, 0.69, 0.46, 0.84, 0.86, 0.46, 0.46, 0.73, 0.37, 0.7, 0.38, 0.05, 0.36, 99, 99, 99]
--- num:  29
list:  [0.57, 0.57, 1, 1, 0.96, 0.96, 0.16199999999999998, 0.16199999999999998, 0.33, 0.33, 0.4, 0.32, 0.2699999999999999, 0.22499999999999987, 1, 0.31, 0.825, 0.7, 0.48, 0.82, 0.83, 0.48, 0.48, 0.73, 0.37, 0.7, 0.38, 0.08, 0.33, 99, 99, 99]
--- num:  29
list:  [0.58, 0.58, 1, 1, 0.96, 0.96, 0.16199999999999998, 0.16199999999999998, 0.32, 0.32, 0.34, 0.38, 0.31499999999999995, 0.2699999999999999, 1, 0.33, 0.85, 0.71, 0.46, 0.84, 0.86, 0.46, 0.46, 0.76, 0.36, 0.73, 0.37, 0.12, 0.31, 99, 99, 99]
--- num:  29
list:  [0.58, 0.58, 1, 1, 0.96, 0.96, 0.16199999999999998, 0.16199999999999998, 0.36, 0.36, 0.32, 0.4, 0.2699999999999999, 0.23999999999999988, 1, 0.34, 0.865, 0.71, 0.45, 0.86, 0.87, 0.45, 0.45, 0.73, 0.37, 0.71, 0.38, 0.11, 0.32, 99, 99, 99]
--- num:  29
list:  [0.58, 0.58, 1, 1, 0.96, 0.96, 0.16199999999999998, 0.16199999999999998, 0.36, 0.36, 0.32, 0.4, 0.2699999999999999, 0.23999999999999988, 1, 0.34, 0.875, 0.72, 0.45, 0.87, 0.88, 0.45, 0.45, 0.73, 0.37, 0.71, 0.38, 0.11, 0.33, 99, 99, 99]
--- num:  29
list:  [0.58, 0.58, 1, 1, 0.96, 0.96, 0.16199999999999998, 0.16199999999999998, 0.37, 0.37, 0.32, 0.4, 0.2699999999999999, 0.22499999999999987, 1, 0.34, 0.875, 0.72, 0.45, 0.87, 0.88, 0.45, 0.45, 0.73, 0.37, 0.7, 0.38, 0.1, 0.34, 99, 99, 99]
--- num:  29
list:  [0.58, 0.58, 1, 1, 0.96, 0.96, 0.9086375641822815, 0.9080388951301575, 0.24, 0.24, 0.36, 0.36, 0.29999999999999993, 0.2849999999999999, 1, 0.34, 0.805, 0.71, 0.43, 0.8, 0.81, 0.43, 0.43, 0.75, 0.36, 0.74, 0.36, 0.09, 0.36, 99, 99, 99]
--- num:  29
list:  [0.58, 0.58, 1, 1, 0.96, 0.96, 0.16199999999999998, 0.16199999999999998, 0.31, 0.31, 0.39, 0.33, 0.2849999999999999, 0.23999999999999988, 1, 0.33, 0.845, 0.71, 0.46, 0.84, 0.85, 0.46, 0.46, 0.74, 0.37, 0.71, 0.38, 0.09, 0.38, 99, 99, 99]
--- num:  29
list:  [0.79, 0.79, 1, 1, 0.79, 0.79, 0.16199999999999998, 0.16199999999999998, 0.29, 0.29, 0.39, 0.34, 0.22499999999999987, 0.195, 1, 0.36, 0.83, 0.73, 0.55, 0.82, 0.84, 0.55, 0.55, 0.7, 0.38, 0.68, 0.39, 0.22, 0.4, 99, 99, 99]
--- num:  29
list:  [0.92, 0.92, 1, 1, 0.68, 0.68, 0.16199999999999998, 0.16199999999999998, 0.2, 0.2, 0.34, 0.39, 0.015000000000000013, 0.02999999999999986, 1, 0.38, 0.915, 0.75, 0.56, 0.91, 0.92, 0.56, 0.56, 0.56, 0.44, 0.57, 0.44, 0.78, 0.5, 99, 99, 99]
--- num:  29
list:  [0.92, 0.92, 1, 1, 0.68, 0.68, 0.16199999999999998, 0.16199999999999998, 0.17, 0.17, 0.34, 0.39, 0, 0, 1, 0.36, 0.925, 0.73, 0.56, 0.92, 0.93, 0.56, 0.56, 0.43, 0.68, 0.44, 0.67, 0.91, 0.5, 99, 99, 99]
--- num:  29
list:  [0.92, 0.92, 1, 1, 0.68, 0.68, 0.16199999999999998, 0.16199999999999998, 0.14, 0.14, 0.34, 0.38, 0, 0, 1, 0.35, 0.915, 0.73, 0.56, 0.91, 0.92, 0.56, 0.56, 0.44, 0.66, 0.42, 0.7, 0.94, 0.5, 99, 99, 99]
--- num:  29
list:  [0.92, 0.92, 1, 1, 0.68, 0.68, 0.16199999999999998, 0.16199999999999998, 0.12, 0.12, 0.35, 0.38, 0, 0, 1, 0.35, 0.91, 0.72, 0.56, 0.9, 0.92, 0.56, 0.56, 0.46, 0.63, 0.44, 0.67, 0.95, 0.5, 99, 99, 99]
--- num:  29
list:  [0.92, 0.92, 1, 1, 0.68, 0.68, 0.16199999999999998, 0.16199999999999998, 0.12, 0.12, 0.35, 0.38, 0, 0, 1, 0.34, 0.9, 0.72, 0.56, 0.89, 0.91, 0.56, 0.56, 0.47, 0.6, 0.45, 0.64, 0.95, 0.5, 99, 99, 99]
--- num:  29
list:  [0.92, 0.92, 1, 1, 0.68, 0.68, 0.16199999999999998, 0.16199999999999998, 0.11, 0.11, 0.34, 0.38, 0, 0, 1, 0.34, 0.9, 0.72, 0.56, 0.89, 0.91, 0.56, 0.56, 0.5, 0.56, 0.47, 0.6, 0.95, 0.5, 99, 99, 99]
--- num:  29
list:  [0.92, 0.92, 1, 1, 0.68, 0.68, 0.16199999999999998, 0.16199999999999998, 0.1, 0.1, 0.33, 0.39, 0, 0, 1, 0.33, 0.89, 0.71, 0.56, 0.88, 0.9, 0.56, 0.56, 0.54, 0.46, 0.52, 0.51, 0.95, 0.5, 99, 99, 99]
--- num:  29
list:  [0.92, 0.92, 1, 1, 0.68, 0.68, 0.16199999999999998, 0.16199999999999998, 0.1, 0.1, 0.33, 0.39, 0, 0, 1, 0.33, 0.885, 0.71, 0.56, 0.87, 0.9, 0.56, 0.56, 0.54, 0.47, 0.51, 0.52, 0.95, 0.5, 99, 99, 99]
--- num:  29
list:  [0.92, 0.92, 1, 1, 0.68, 0.68, 0.16199999999999998, 0.16199999999999998, 0.13, 0.13, 0.36, 0.36, 0.04499999999999987, 0, 1, 0.33, 0.88, 0.71, 0.56, 0.87, 0.89, 0.56, 0.56, 0.58, 0.44, 0.54, 0.46, 0.95, 0.5, 99, 99, 99]
--- num:  29
list:  [0.92, 0.92, 1, 1, 0.68, 0.68, 0.16199999999999998, 0.16199999999999998, 0.13, 0.13, 0.37, 0.36, 0.0749999999999999, 0, 1, 0.33, 0.88, 0.71, 0.56, 0.87, 0.89, 0.56, 0.56, 0.6, 0.43, 0.55, 0.45, 0.95, 0.5, 99, 99, 99]
--- num:  29
list:  [0.92, 0.92, 1, 1, 0.68, 0.68, 0.16199999999999998, 0.16199999999999998, 0.13, 0.13, 0.38, 0.35, 0.08999999999999991, 0, 1, 0.33, 0.88, 0.71, 0.56, 0.87, 0.89, 0.56, 0.56, 0.61, 0.42, 0.55, 0.45, 0.95, 0.5, 99, 99, 99]
--- num:  29
list:  [0.92, 0.92, 1, 1, 0.68, 0.68, 0.16199999999999998, 0.16199999999999998, 0.19, 0.19, 0.52, 0.21, 0.10499999999999993, 0.02999999999999986, 0.75, 0.33, 0.87, 0.71, 0.56, 0.86, 0.88, 0.56, 0.56, 0.62, 0.42, 0.57, 0.44, 0.95, 0.5, 99, 99, 99]
--- num:  29
list:  [0.92, 0.92, 1, 1, 0.68, 0.68, 0.16199999999999998, 0.16199999999999998, 0.2, 0.2, 0.53, 0.2, 0.10499999999999993, 0.04499999999999987, 0.75, 0.34, 0.86, 0.72, 0.56, 0.85, 0.87, 0.56, 0.56, 0.62, 0.42, 0.58, 0.43, 0.94, 0.5, 99, 99, 99]
--- num:  29
list:  [0.92, 0.92, 1, 1, 0.68, 0.68, 0.16199999999999998, 0.16199999999999998, 0.22, 0.22, 0.4, 0.32, 0, 0, 1, 0.35, 0.845, 0.73, 0.56, 0.83, 0.86, 0.56, 0.56, 0.53, 0.5, 0.51, 0.53, 0.94, 0.5, 99, 99, 99]
--- num:  29
list:  [0.92, 0.92, 1, 1, 0.68, 0.68, 0.16199999999999998, 0.16199999999999998, 0.22, 0.22, 0.34, 0.39, 0, 0, 1, 0.36, 0.845, 0.73, 0.56, 0.83, 0.86, 0.56, 0.56, 0.49, 0.56, 0.49, 0.56, 0.93, 0.5, 99, 99, 99]
--- num:  29
list:  [0.92, 0.92, 1, 1, 0.68, 0.68, 0.16199999999999998, 0.16199999999999998, 0.22, 0.22, 0.3, 0.42, 0, 0, 1, 0.36, 0.845, 0.73, 0.56, 0.83, 0.86, 0.56, 0.56, 0.48, 0.58, 0.48, 0.59, 0.93, 0.5, 99, 99, 99]
--- num:  29
list:  [0.92, 0.92, 1, 1, 0.68, 0.68, 0.16199999999999998, 0.16199999999999998, 0.21, 0.21, 0.29, 0.44, 0, 0, 1, 0.36, 0.855, 0.73, 0.56, 0.84, 0.87, 0.56, 0.56, 0.49, 0.57, 0.48, 0.58, 0.93, 0.5, 99, 99, 99]
--- num:  29
list:  [0.92, 0.92, 1, 1, 0.69, 0.69, 0.16199999999999998, 0.16199999999999998, 0.21, 0.21, 0.31, 0.42, 0, 0, 1, 0.36, 0.855, 0.73, 0.56, 0.84, 0.87, 0.56, 0.56, 0.54, 0.47, 0.53, 0.48, 0.92, 0.5, 99, 99, 99]
--- num:  29
list:  [0.92, 0.92, 1, 1, 0.68, 0.68, 0.16199999999999998, 0.16199999999999998, 0.16, 0.16, 0.26, 0.47, 0.02999999999999986, 0, 1, 0.36, 0.86, 0.73, 0.56, 0.85, 0.87, 0.56, 0.56, 0.57, 0.44, 0.55, 0.45, 0.92, 0.5, 99, 99, 99]
--- num:  29
list:  [0.92, 0.92, 1, 1, 0.68, 0.68, 0.16199999999999998, 0.16199999999999998, 0.14, 0.14, 0.27, 0.46, 0.0749999999999999, 0.04499999999999987, 1, 0.36, 0.86, 0.73, 0.56, 0.85, 0.87, 0.56, 0.56, 0.6, 0.43, 0.58, 0.44, 0.91, 0.5, 99, 99, 99]
--- num:  29
list:  [0.92, 0.92, 1, 1, 0.68, 0.68, 0.16199999999999998, 0.16199999999999998, 0.14, 0.14, 0.28, 0.45, 0.02999999999999986, 0.015000000000000013, 1, 0.35, 0.86, 0.73, 0.56, 0.85, 0.87, 0.56, 0.56, 0.57, 0.44, 0.56, 0.45, 0.91, 0.5, 99, 99, 99]
--- num:  29
list:  [0.91, 0.91, 1, 1, 0.69, 0.69, 0.16199999999999998, 0.16199999999999998, 0.17, 0.17, 0.25, 0.47, 0.02999999999999986, 0.015000000000000013, 1, 0.35, 0.86, 0.73, 0.56, 0.85, 0.87, 0.56, 0.56, 0.57, 0.44, 0.56, 0.44, 0.9, 0.5, 99, 99, 99]
--- num:  29
list:  [0.9, 0.9, 1, 1, 0.7, 0.7, 0.16199999999999998, 0.16199999999999998, 0.17, 0.17, 0.25, 0.48, 0.04499999999999987, 0.02999999999999986, 1, 0.35, 0.84, 0.73, 0.56, 0.83, 0.85, 0.56, 0.56, 0.58, 0.44, 0.57, 0.44, 0.9, 0.5, 99, 99, 99]
--- num:  29
list:  [0.89, 0.89, 1, 1, 0.71, 0.71, 0.16199999999999998, 0.16199999999999998, 0.24, 0.24, 0.4, 0.32, 0.0749999999999999, 0.04499999999999987, 1, 0.35, 0.84, 0.73, 0.56, 0.83, 0.85, 0.56, 0.56, 0.6, 0.43, 0.58, 0.44, 0.89, 0.5, 99, 99, 99]
--- num:  29
list:  [0.89, 0.89, 1, 1, 0.71, 0.71, 0.16199999999999998, 0.16199999999999998, 0.23, 0.23, 0.42, 0.3, 0.08999999999999991, 0.0749999999999999, 1, 0.35, 0.85, 0.73, 0.56, 0.84, 0.86, 0.56, 0.56, 0.61, 0.42, 0.6, 0.43, 0.88, 0.5, 99, 99, 99]
--- num:  29
list:  [0.9, 0.9, 1, 1, 0.7, 0.7, 0.16199999999999998, 0.16199999999999998, 0.23, 0.23, 0.38, 0.35, 0.08999999999999991, 0.0749999999999999, 1, 0.36, 0.825, 0.73, 0.56, 0.81, 0.84, 0.56, 0.56, 0.61, 0.42, 0.6, 0.43, 0.87, 0.5, 99, 99, 99]
--- num:  29
list:  [0.89, 0.89, 1, 1, 0.71, 0.71, 0.16199999999999998, 0.16199999999999998, 0.24, 0.24, 0.37, 0.36, 0.08999999999999991, 0.0749999999999999, 1, 0.36, 0.84, 0.73, 0.56, 0.83, 0.85, 0.56, 0.56, 0.61, 0.42, 0.6, 0.43, 0.87, 0.5, 99, 99, 99]
--- num:  29
list:  [0.9, 0.9, 1, 1, 0.7, 0.7, 0.16199999999999998, 0.16199999999999998, 0.28, 0.28, 0.38, 0.34, 0.05999999999999989, 0.04499999999999987, 1, 0.36, 0.87, 0.73, 0.56, 0.86, 0.88, 0.56, 0.56, 0.59, 0.43, 0.58, 0.44, 0.86, 0.5, 99, 99, 99]
--- num:  29
list:  [0.9, 0.9, 1, 1, 0.7, 0.7, 0.16199999999999998, 0.16199999999999998, 0.29, 0.29, 0.37, 0.35, 0.05999999999999989, 0.04499999999999987, 1, 0.36, 0.88, 0.73, 0.56, 0.87, 0.89, 0.56, 0.56, 0.59, 0.43, 0.58, 0.44, 0.87, 0.5, 99, 99, 99]
--- num:  29
list:  [0.89, 0.89, 1, 1, 0.71, 0.71, 0.16199999999999998, 0.16199999999999998, 0.24, 0.24, 0.32, 0.4, 0.05999999999999989, 0.04499999999999987, 1, 0.36, 0.88, 0.73, 0.56, 0.87, 0.89, 0.56, 0.56, 0.59, 0.43, 0.58, 0.43, 0.87, 0.5, 99, 99, 99]
--- num:  29
list:  [0.91, 0.91, 1, 1, 0.69, 0.69, 0.16199999999999998, 0.16199999999999998, 0.16, 0.16, 0.29, 0.44, 0.08999999999999991, 0.08999999999999991, 1, 0.36, 0.87, 0.73, 0.56, 0.86, 0.88, 0.56, 0.56, 0.61, 0.42, 0.61, 0.42, 0.86, 0.5, 99, 99, 99]
--- num:  29
list:  [0.9, 0.9, 1, 1, 0.7, 0.7, 0.16199999999999998, 0.16199999999999998, 0.16, 0.16, 0.28, 0.44, 0.08999999999999991, 0.08999999999999991, 1, 0.35, 0.87, 0.73, 0.56, 0.86, 0.88, 0.56, 0.56, 0.61, 0.42, 0.61, 0.42, 0.86, 0.5, 99, 99, 99]
--- num:  29
list:  [0.89, 0.89, 1, 1, 0.71, 0.71, 0.16199999999999998, 0.16199999999999998, 0.15, 0.15, 0.28, 0.44, 0.08999999999999991, 0.08999999999999991, 1, 0.35, 0.87, 0.73, 0.56, 0.86, 0.88, 0.56, 0.56, 0.61, 0.42, 0.61, 0.42, 0.86, 0.5, 99, 99, 99]
--- num:  29
list:  [0.88, 0.88, 1, 1, 0.72, 0.72, 0.16199999999999998, 0.16199999999999998, 0.15, 0.15, 0.27, 0.45, 0.08999999999999991, 0.10499999999999993, 1, 0.35, 0.86, 0.73, 0.56, 0.85, 0.87, 0.56, 0.56, 0.61, 0.42, 0.62, 0.42, 0.85, 0.5, 99, 99, 99]
--- num:  29
list:  [0.87, 0.87, 1, 1, 0.73, 0.73, 0.16199999999999998, 0.16199999999999998, 0.15, 0.15, 0.28, 0.45, 0.11999999999999994, 0.10499999999999993, 1, 0.35, 0.845, 0.73, 0.56, 0.83, 0.86, 0.56, 0.56, 0.63, 0.42, 0.62, 0.42, 0.84, 0.5, 99, 99, 99]
--- num:  29
list:  [0.86, 0.86, 1, 1, 0.73, 0.73, 0.16199999999999998, 0.16199999999999998, 0.15, 0.15, 0.34, 0.39, 0.13499999999999995, 0.11999999999999994, 1, 0.35, 0.845, 0.72, 0.56, 0.83, 0.86, 0.56, 0.56, 0.64, 0.41, 0.63, 0.42, 0.83, 0.5, 99, 99, 99]
--- num:  29
list:  [0.87, 0.87, 1, 1, 0.73, 0.73, 0.16199999999999998, 0.16199999999999998, 0.16, 0.16, 0.4, 0.32, 0.18, 0.14999999999999997, 0.75, 0.34, 0.83, 0.72, 0.56, 0.82, 0.84, 0.56, 0.56, 0.67, 0.4, 0.65, 0.41, 0.83, 0.5, 99, 99, 99]
--- num:  29
list:  [0.8, 0.8, 1, 1, 0.78, 0.78, 0.2880177903175354, 0.2877592551708221, 0.17, 0.17, 0.44, 0.29, 0.11999999999999994, 0.08999999999999991, 0.75, 0.34, 0.835, 0.72, 0.56, 0.83, 0.84, 0.56, 0.56, 0.63, 0.41, 0.61, 0.42, 0.83, 0.5, 99, 99, 99]
--- num:  29
list:  [0.78, 0.78, 1, 1, 0.8, 0.8, 0.16199999999999998, 0.16199999999999998, 0.19, 0.19, 0.45, 0.28, 0.11999999999999994, 0.08999999999999991, 0.75, 0.34, 0.835, 0.72, 0.56, 0.83, 0.84, 0.56, 0.56, 0.63, 0.41, 0.61, 0.42, 0.83, 0.5, 99, 99, 99]
--- num:  29
list:  [0.83, 0.83, 1, 1, 0.76, 0.76, 0.16199999999999998, 0.16199999999999998, 0.19, 0.19, 0.44, 0.29, 0.11999999999999994, 0.10499999999999993, 1, 0.32, 0.845, 0.71, 0.56, 0.84, 0.85, 0.56, 0.56, 0.63, 0.41, 0.62, 0.42, 0.82, 0.5, 99, 99, 99]
--- num:  29
list:  [0.82, 0.82, 1, 1, 0.76, 0.76, 0.16199999999999998, 0.16199999999999998, 0.2, 0.2, 0.42, 0.31, 0.11999999999999994, 0.10499999999999993, 1, 0.32, 0.85, 0.7, 0.56, 0.84, 0.86, 0.56, 0.56, 0.63, 0.41, 0.62, 0.42, 0.8, 0.5, 99, 99, 99]
--- num:  29
list:  [0.77, 0.77, 1, 1, 0.81, 0.81, 0.5188415455818176, 0.5131528186798096, 0.12, 0.12, 0.39, 0.34, 0.11999999999999994, 0.10499999999999993, 1, 0.35, 0.83, 0.73, 0.56, 0.82, 0.84, 0.56, 0.56, 0.63, 0.41, 0.62, 0.42, 0.75, 0.5, 99, 99, 99]
--- num:  29
list:  [0.77, 0.77, 1, 1, 0.8, 0.8, 0.16199999999999998, 0.16199999999999998, 0.24, 0.24, 0.38, 0.34, 0.10499999999999993, 0.08999999999999991, 1, 0.35, 0.855, 0.73, 0.56, 0.85, 0.86, 0.56, 0.56, 0.62, 0.42, 0.61, 0.42, 0.75, 0.5, 99, 99, 99]
--- num:  29
list:  [0.77, 0.77, 1, 1, 0.8, 0.8, 0.16199999999999998, 0.16199999999999998, 0.25, 0.25, 0.38, 0.35, 0.08999999999999991, 0.0749999999999999, 1, 0.35, 0.86, 0.72, 0.56, 0.86, 0.86, 0.56, 0.56, 0.61, 0.42, 0.6, 0.43, 0.74, 0.5, 99, 99, 99]
--- num:  29
list:  [0.73, 0.73, 1, 1, 0.84, 0.84, 0.16199999999999998, 0.16199999999999998, 0.28, 0.28, 0.37, 0.35, 0.0749999999999999, 0.0749999999999999, 1, 0.36, 0.855, 0.73, 0.55, 0.85, 0.86, 0.55, 0.55, 0.6, 0.43, 0.6, 0.43, 0.53, 0.5, 99, 99, 99]
--- num:  29
list:  [0.67, 0.67, 1, 1, 0.88, 0.88, 0.16199999999999998, 0.16199999999999998, 0.28, 0.28, 0.38, 0.34, 0.14999999999999997, 0.10499999999999993, 1, 0.36, 0.8200000000000001, 0.73, 0.55, 0.81, 0.83, 0.55, 0.55, 0.65, 0.41, 0.62, 0.42, 0.25, 0.25, 99, 99, 99]
--- num:  29
list:  [0.6, 0.6, 1, 1, 0.94, 0.94, 0.6208299803733826, 0.6184397149085998, 0.13, 0.13, 0.38, 0.35, 0.2549999999999999, 0.22499999999999987, 1, 0.34, 0.81, 0.72, 0.47, 0.8, 0.82, 0.47, 0.47, 0.72, 0.37, 0.7, 0.38, 0.11, 0.32, 99, 99, 99]
--- num:  29
list:  [0.57, 0.57, 1, 1, 0.97, 0.97, 0.16199999999999998, 0.16199999999999998, 0.28, 0.28, 0.37, 0.35, 0.2549999999999999, 0.22499999999999987, 1, 0.3, 0.895, 0.69, 0.38, 0.89, 0.9, 0.38, 0.38, 0.72, 0.37, 0.7, 0.39, 0.06, 0.34, 99, 99, 99]
--- num:  29
list:  [0.56, 0.56, 1, 1, 0.97, 0.97, 0.16199999999999998, 0.16199999999999998, 0.31, 0.31, 0.36, 0.36, 0.2849999999999999, 0.2549999999999999, 1, 0.27, 0.93, 0.66, 0.35, 0.93, 0.93, 0.35, 0.35, 0.74, 0.37, 0.72, 0.37, 0.04, 0.39, 99, 99, 99]
--- num:  29
list:  [0.46, 0.46, 0.83, 0.83, 1, 1, 0.16199999999999998, 0.16199999999999998, 0.32, 0.32, 0.35, 0.37, 0.2849999999999999, 0.2549999999999999, 1, 0.25, 0.95, 0.65, 0.3, 0.95, 0.95, 0.3, 0.3, 0.74, 0.36, 0.72, 0.37, 0.03, 0.44, 99, 99, 99]
--- num:  29
list:  [0.44, 0.44, 0.8, 0.8, 1, 1, 0.16199999999999998, 0.16199999999999998, 0.34, 0.34, 0.34, 0.38, 0.2699999999999999, 0.23999999999999988, 1, 0.24, 0.96, 0.64, 0.3, 0.96, 0.96, 0.3, 0.3, 0.73, 0.37, 0.71, 0.38, 0.02, 0.45, 99, 99, 99]
--- num:  29
list:  [0.43, 0.43, 0.76, 0.76, 1, 1, 0.16199999999999998, 0.16199999999999998, 0.33, 0.33, 0.34, 0.38, 0.2699999999999999, 0.23999999999999988, 1, 0.24, 0.96, 0.64, 0.3, 0.96, 0.96, 0.3, 0.3, 0.73, 0.37, 0.71, 0.38, 0.02, 0.47, 99, 99, 99]
--- num:  29
list:  [0.56, 0.56, 1, 1, 0.97, 0.97, 0.6234208750724792, 0.6220369148254394, 0.19, 0.19, 0.35, 0.37, 0.2549999999999999, 0.2699999999999999, 1, 0.26, 0.905, 0.66, 0.32, 0.9, 0.91, 0.32, 0.32, 0.72, 0.37, 0.73, 0.37, 0.02, 0.48, 99, 99, 99]
--- num:  29
list:  [0.37, 0.37, 0.62, 0.62, 1, 1, 0.16199999999999998, 0.16199999999999998, 0.37, 0.37, 0.34, 0.38, 0.2699999999999999, 0.2549999999999999, 1, 0.26, 0.94, 0.65, 0.32, 0.94, 0.94, 0.32, 0.32, 0.73, 0.37, 0.72, 0.37, 0.03, 0.47, 99, 99, 99]
--- num:  29
list:  [0.38, 0.38, 0.66, 0.66, 1, 1, 0.16199999999999998, 0.16199999999999998, 0.41, 0.41, 0.35, 0.37, 0.2549999999999999, 0.23999999999999988, 1, 0.25, 0.94, 0.65, 0.32, 0.94, 0.94, 0.32, 0.32, 0.72, 0.37, 0.71, 0.38, 0.03, 0.46, 99, 99, 99]
--- num:  29
list:  [0.41, 0.41, 0.71, 0.71, 1, 1, 0.16199999999999998, 0.16199999999999998, 0.42, 0.42, 0.34, 0.38, 0.2549999999999999, 0.22499999999999987, 1, 0.24, 0.96, 0.65, 0.29, 0.96, 0.96, 0.29, 0.29, 0.72, 0.38, 0.7, 0.38, 0.03, 0.45, 99, 99, 99]
--- num:  29
list:  [0.37, 0.37, 0.62, 0.62, 1, 1, 0.9422672200202942, 0.9426507759094238, 0.3, 0.3, 0.36, 0.36, 0.22499999999999987, 0.22499999999999987, 1, 0.24, 0.935, 0.64, 0.31, 0.93, 0.94, 0.31, 0.31, 0.7, 0.38, 0.7, 0.38, 0.03, 0.45, 99, 99, 99]
--- num:  29
list:  [0.37, 0.37, 0.63, 0.63, 1, 1, 0.16199999999999998, 0.16199999999999998, 0.36, 0.36, 0.35, 0.37, 0.23999999999999988, 0.20999999999999985, 1, 0.24, 0.96, 0.64, 0.28, 0.96, 0.96, 0.28, 0.28, 0.71, 0.38, 0.69, 0.39, 0.03, 0.45, 99, 99, 99]
--- num:  29
list:  [0.47, 0.47, 0.85, 0.85, 1, 1, 0.16199999999999998, 0.16199999999999998, 0.26, 0.26, 0.36, 0.36, 0.22499999999999987, 0.195, 1, 0.24, 0.95, 0.64, 0.32, 0.95, 0.95, 0.32, 0.32, 0.7, 0.39, 0.68, 0.39, 0.03, 0.46, 99, 99, 99]
--- num:  29
list:  [0.92, 0.92, 1, 1, 0.68, 0.68, 0.16199999999999998, 0.16199999999999998, 0.29, 0.29, 0.27, 0.45, 0.05999999999999989, 0.10499999999999993, 1, 0.39, 0.91, 0.75, 0.53, 0.91, 0.91, 0.53, 0.53, 0.59, 0.43, 0.62, 0.42, 0.68, 0.5, 99, 99, 99]
--- num:  29
list:  [0.92, 0.92, 1, 1, 0.68, 0.68, 0.16199999999999998, 0.16199999999999998, 0.24, 0.24, 0.27, 0.45, 0, 0, 1, 0.37, 0.935, 0.74, 0.56, 0.93, 0.94, 0.56, 0.56, 0.5, 0.55, 0.51, 0.53, 0.87, 0.5, 99, 99, 99]
--- num:  29
list:  [0.92, 0.92, 1, 1, 0.68, 0.68, 0.16199999999999998, 0.16199999999999998, 0.29, 0.29, 0.22, 0.51, 0, 0, 1, 0.37, 0.94, 0.74, 0.56, 0.94, 0.94, 0.56, 0.56, 0.43, 0.68, 0.44, 0.67, 0.92, 0.5, 99, 99, 99]
--- num:  29
list:  [0.92, 0.92, 1, 1, 0.68, 0.68, 0.16199999999999998, 0.16199999999999998, 0.26, 0.26, 0.23, 0.5, 0, 0, 1, 0.38, 0.94, 0.74, 0.56, 0.94, 0.94, 0.56, 0.56, 0.41, 0.71, 0.42, 0.71, 0.93, 0.5, 99, 99, 99]
--- num:  29
list:  [0.92, 0.92, 1, 1, 0.68, 0.68, 0.16199999999999998, 0.16199999999999998, 0.24, 0.24, 0.21, 0.51, 0, 0, 1, 0.38, 0.94, 0.75, 0.56, 0.94, 0.94, 0.56, 0.56, 0.39, 0.76, 0.39, 0.76, 0.95, 0.5, 99, 99, 99]
--- num:  29
list:  [0.92, 0.92, 1, 1, 0.68, 0.68, 0.16199999999999998, 0.16199999999999998, 0.23, 0.23, 0.23, 0.5, 0, 0, 1, 0.38, 0.94, 0.75, 0.56, 0.94, 0.94, 0.56, 0.56, 0.4, 0.75, 0.4, 0.75, 0.95, 0.5, 99, 99, 99]
--- num:  29
list:  [0.92, 0.92, 1, 1, 0.68, 0.68, 0.16199999999999998, 0.16199999999999998, 0.23, 0.23, 0.25, 0.48, 0, 0, 1, 0.38, 0.94, 0.75, 0.56, 0.94, 0.94, 0.56, 0.56, 0.4, 0.75, 0.4, 0.75, 0.96, 0.5, 99, 99, 99]
--- num:  29
list:  [0.92, 0.92, 1, 1, 0.68, 0.68, 0.16199999999999998, 0.16199999999999998, 0.22, 0.22, 0.24, 0.49, 0, 0, 1, 0.38, 0.94, 0.75, 0.56, 0.94, 0.94, 0.56, 0.56, 0.4, 0.74, 0.4, 0.74, 0.96, 0.5, 99, 99, 99]
--- num:  29
list:  [0.92, 0.92, 1, 1, 0.68, 0.68, 0.16199999999999998, 0.16199999999999998, 0.2, 0.2, 0.24, 0.49, 0, 0, 1, 0.37, 0.935, 0.74, 0.56, 0.93, 0.94, 0.56, 0.56, 0.42, 0.71, 0.42, 0.7, 0.96, 0.5, 99, 99, 99]
--- num:  29
list:  [0.92, 0.92, 1, 1, 0.68, 0.68, 0.16199999999999998, 0.16199999999999998, 0.2, 0.2, 0.22, 0.51, 0, 0, 1, 0.37, 0.935, 0.74, 0.56, 0.93, 0.94, 0.56, 0.56, 0.45, 0.64, 0.45, 0.65, 0.96, 0.5, 99, 99, 99]
--- num:  29
list:  [0.92, 0.92, 1, 1, 0.68, 0.68, 0.16199999999999998, 0.16199999999999998, 0.18, 0.18, 0.23, 0.49, 0, 0, 1, 0.36, 0.915, 0.73, 0.56, 0.91, 0.92, 0.56, 0.56, 0.47, 0.61, 0.46, 0.63, 0.96, 0.5, 99, 99, 99]
--- num:  29
list:  [0.92, 0.92, 1, 1, 0.68, 0.68, 0.16199999999999998, 0.16199999999999998, 0.26, 0.26, 0.24, 0.48, 0, 0, 1, 0.36, 0.915, 0.73, 0.56, 0.91, 0.92, 0.56, 0.56, 0.49, 0.57, 0.48, 0.59, 0.96, 0.5, 99, 99, 99]
--- num:  29
list:  [0.92, 0.92, 1, 1, 0.68, 0.68, 0.16199999999999998, 0.16199999999999998, 0.25, 0.25, 0.26, 0.47, 0, 0, 1, 0.36, 0.915, 0.73, 0.56, 0.91, 0.92, 0.56, 0.56, 0.48, 0.59, 0.47, 0.61, 0.96, 0.5, 99, 99, 99]
--- num:  29
list:  [0.92, 0.92, 1, 1, 0.68, 0.68, 0.16199999999999998, 0.16199999999999998, 0.28, 0.28, 0.25, 0.48, 0, 0, 1, 0.36, 0.92, 0.73, 0.56, 0.92, 0.92, 0.56, 0.56, 0.47, 0.61, 0.46, 0.62, 0.95, 0.5, 99, 99, 99]
--- num:  29
list:  [0.92, 0.92, 1, 1, 0.68, 0.68, 0.16199999999999998, 0.16199999999999998, 0.27, 0.27, 0.25, 0.47, 0, 0, 1, 0.36, 0.92, 0.73, 0.56, 0.92, 0.92, 0.56, 0.56, 0.47, 0.61, 0.46, 0.62, 0.95, 0.5, 99, 99, 99]
--- num:  29
list:  [0.92, 0.92, 1, 1, 0.68, 0.68, 0.16199999999999998, 0.16199999999999998, 0.12, 0.12, 0.39, 0.34, 0, 0, 1, 0.35, 0.905, 0.73, 0.56, 0.9, 0.91, 0.56, 0.56, 0.5, 0.56, 0.49, 0.57, 0.95, 0.5, 99, 99, 99]
--- num:  29
list:  [0.92, 0.92, 1, 1, 0.68, 0.68, 0.16199999999999998, 0.16199999999999998, 0.11, 0.11, 0.39, 0.33, 0.08999999999999991, 0.02999999999999986, 1, 0.35, 0.89, 0.72, 0.56, 0.88, 0.9, 0.56, 0.56, 0.61, 0.42, 0.57, 0.44, 0.95, 0.5, 99, 99, 99]
--- num:  29
list:  [0.92, 0.92, 1, 1, 0.68, 0.68, 0.16199999999999998, 0.16199999999999998, 0.1, 0.1, 0.39, 0.33, 0.08999999999999991, 0.04499999999999987, 0.75, 0.35, 0.87, 0.72, 0.56, 0.86, 0.88, 0.56, 0.56, 0.61, 0.42, 0.58, 0.44, 0.95, 0.5, 99, 99, 99]
--- num:  29
list:  [0.92, 0.92, 1, 1, 0.68, 0.68, 0.16199999999999998, 0.16199999999999998, 0.09, 0.09, 0.39, 0.34, 0.08999999999999991, 0.04499999999999987, 0.75, 0.34, 0.87, 0.72, 0.56, 0.86, 0.88, 0.56, 0.56, 0.61, 0.42, 0.58, 0.44, 0.95, 0.5, 99, 99, 99]
--- num:  29
list:  [0.92, 0.92, 1, 1, 0.68, 0.68, 0.16199999999999998, 0.16199999999999998, 0.09, 0.09, 0.38, 0.35, 0.14999999999999997, 0.10499999999999993, 0.75, 0.34, 0.85, 0.72, 0.56, 0.84, 0.86, 0.56, 0.56, 0.65, 0.41, 0.62, 0.42, 0.95, 0.5, 99, 99, 99]
--- num:  29
list:  [0.92, 0.92, 1, 1, 0.68, 0.68, 0.16199999999999998, 0.16199999999999998, 0.08, 0.08, 0.38, 0.35, 0.18, 0.13499999999999995, 0.75, 0.34, 0.85, 0.72, 0.56, 0.84, 0.86, 0.56, 0.56, 0.67, 0.4, 0.64, 0.41, 0.95, 0.5, 99, 99, 99]
--- num:  29
list:  [0.92, 0.92, 1, 1, 0.68, 0.68, 0.16199999999999998, 0.16199999999999998, 0.08, 0.08, 0.37, 0.36, 0.195, 0.14999999999999997, 0.75, 0.34, 0.845, 0.72, 0.56, 0.83, 0.86, 0.56, 0.56, 0.68, 0.39, 0.65, 0.41, 0.95, 0.5, 99, 99, 99]
--- num:  29
list:  [0.92, 0.92, 1, 1, 0.68, 0.68, 0.16199999999999998, 0.16199999999999998, 0.07, 0.07, 0.36, 0.37, 0.195, 0.14999999999999997, 0.75, 0.34, 0.845, 0.72, 0.56, 0.83, 0.86, 0.56, 0.56, 0.68, 0.39, 0.65, 0.4, 0.95, 0.5, 99, 99, 99]
--- num:  29
list:  [0.92, 0.92, 1, 1, 0.68, 0.68, 0.16199999999999998, 0.16199999999999998, 0.09, 0.09, 0.36, 0.37, 0.20999999999999985, 0.16499999999999998, 0.75, 0.34, 0.845, 0.72, 0.56, 0.83, 0.86, 0.56, 0.56, 0.69, 0.39, 0.66, 0.4, 0.94, 0.5, 99, 99, 99]
--- num:  29
list:  [0.92, 0.92, 1, 1, 0.68, 0.68, 0.16199999999999998, 0.16199999999999998, 0.09, 0.09, 0.36, 0.37, 0.16499999999999998, 0.13499999999999995, 0.75, 0.34, 0.85, 0.72, 0.56, 0.84, 0.86, 0.56, 0.56, 0.66, 0.4, 0.64, 0.41, 0.94, 0.5, 99, 99, 99]
--- num:  29
list:  [0.92, 0.92, 1, 1, 0.68, 0.68, 0.16199999999999998, 0.16199999999999998, 0.11, 0.11, 0.36, 0.37, 0.08999999999999991, 0.0749999999999999, 0.75, 0.34, 0.85, 0.72, 0.56, 0.84, 0.86, 0.56, 0.56, 0.61, 0.42, 0.6, 0.43, 0.94, 0.5, 99, 99, 99]
--- num:  29
list:  [0.92, 0.92, 1, 1, 0.68, 0.68, 0.16199999999999998, 0.16199999999999998, 0.15, 0.15, 0.36, 0.36, 0.02999999999999986, 0.015000000000000013, 1, 0.34, 0.87, 0.72, 0.56, 0.86, 0.88, 0.56, 0.56, 0.57, 0.44, 0.56, 0.44, 0.93, 0.5, 99, 99, 99]
--- num:  29
list:  [0.92, 0.92, 1, 1, 0.68, 0.68, 0.16199999999999998, 0.16199999999999998, 0.17, 0.17, 0.37, 0.35, 0.02999999999999986, 0.02999999999999986, 1, 0.34, 0.875, 0.72, 0.56, 0.87, 0.88, 0.56, 0.56, 0.57, 0.44, 0.57, 0.44, 0.91, 0.5, 99, 99, 99]
--- num:  29
list:  [0.92, 0.92, 1, 1, 0.68, 0.68, 0.16199999999999998, 0.16199999999999998, 0.19, 0.19, 0.37, 0.35, 0.015000000000000013, 0.02999999999999986, 1, 0.34, 0.885, 0.72, 0.56, 0.88, 0.89, 0.56, 0.56, 0.56, 0.45, 0.57, 0.44, 0.9, 0.5, 99, 99, 99]
--- num:  29
list:  [0.92, 0.92, 1, 1, 0.68, 0.68, 0.16199999999999998, 0.16199999999999998, 0.21, 0.21, 0.37, 0.35, 0.02999999999999986, 0.05999999999999989, 1, 0.34, 0.895, 0.72, 0.56, 0.89, 0.9, 0.56, 0.56, 0.57, 0.44, 0.59, 0.43, 0.88, 0.5, 99, 99, 99]
--- num:  29
list:  [0.92, 0.92, 1, 1, 0.68, 0.68, 0.16199999999999998, 0.16199999999999998, 0.23, 0.23, 0.37, 0.35, 0.015000000000000013, 0.04499999999999987, 1, 0.34, 0.895, 0.72, 0.56, 0.89, 0.9, 0.56, 0.56, 0.56, 0.44, 0.58, 0.43, 0.86, 0.5, 99, 99, 99]
--- num:  29
list:  [0.91, 0.91, 1, 1, 0.69, 0.69, 0.16199999999999998, 0.16199999999999998, 0.26, 0.26, 0.37, 0.35, 0, 0.015000000000000013, 1, 0.34, 0.895, 0.72, 0.56, 0.89, 0.9, 0.56, 0.56, 0.55, 0.45, 0.56, 0.44, 0.84, 0.5, 99, 99, 99]
--- num:  29
list:  [0.72, 0.72, 1, 1, 0.84, 0.84, 0.16199999999999998, 0.16199999999999998, 0.32, 0.32, 0.38, 0.34, 0.04499999999999987, 0.05999999999999989, 1, 0.33, 0.875, 0.71, 0.56, 0.87, 0.88, 0.56, 0.56, 0.58, 0.44, 0.59, 0.43, 0.78, 0.5, 99, 99, 99]
--- num:  29
list:  [0.64, 0.64, 1, 1, 0.91, 0.91, 0.28766502022743223, 0.28682426691055296, 0.24, 0.24, 0.38, 0.35, 0.08999999999999991, 0.08999999999999991, 1, 0.34, 0.845, 0.71, 0.56, 0.83, 0.86, 0.56, 0.56, 0.61, 0.42, 0.61, 0.42, 0.75, 0.5, 99, 99, 99]
--- num:  29
list:  [0.62, 0.62, 1, 1, 0.93, 0.93, 0.16199999999999998, 0.16199999999999998, 0.33, 0.33, 0.34, 0.38, 0.08999999999999991, 0.0749999999999999, 1, 0.35, 0.84, 0.72, 0.56, 0.83, 0.85, 0.56, 0.56, 0.61, 0.42, 0.6, 0.43, 0.72, 0.5, 99, 99, 99]
--- num:  29
list:  [0.69, 0.69, 1, 1, 0.87, 0.87, 0.16199999999999998, 0.16199999999999998, 0.34, 0.34, 0.31, 0.41, 0.05999999999999989, 0.02999999999999986, 1, 0.35, 0.86, 0.72, 0.56, 0.85, 0.87, 0.56, 0.56, 0.59, 0.43, 0.57, 0.44, 0.75, 0.5, 99, 99, 99]
--- num:  29
list:  [0.74, 0.74, 1, 1, 0.83, 0.83, 0.16199999999999998, 0.16199999999999998, 0.35, 0.35, 0.29, 0.43, 0.04499999999999987, 0.015000000000000013, 1, 0.35, 0.87, 0.72, 0.56, 0.86, 0.88, 0.56, 0.56, 0.58, 0.44, 0.56, 0.44, 0.77, 0.5, 99, 99, 99]
--- num:  29
list:  [0.72, 0.72, 1, 1, 0.84, 0.84, 0.46942914605140684, 0.46463618755340574, 0.19, 0.19, 0.26, 0.47, 0.10499999999999993, 0.05999999999999989, 1, 0.35, 0.86, 0.72, 0.56, 0.84, 0.88, 0.56, 0.56, 0.62, 0.42, 0.59, 0.43, 0.77, 0.5, 99, 99, 99]
--- num:  29
list:  [0.74, 0.74, 1, 1, 0.83, 0.83, 0.16199999999999998, 0.16199999999999998, 0.35, 0.35, 0.21, 0.52, 0.10499999999999993, 0.04499999999999987, 1, 0.34, 0.89, 0.72, 0.56, 0.88, 0.9, 0.56, 0.56, 0.62, 0.42, 0.58, 0.44, 0.77, 0.5, 99, 99, 99]
--- num:  29
list:  [0.74, 0.74, 1, 1, 0.83, 0.83, 0.16199999999999998, 0.16199999999999998, 0.34, 0.34, 0.19, 0.53, 0.0749999999999999, 0.02999999999999986, 1, 0.34, 0.885, 0.72, 0.56, 0.87, 0.9, 0.56, 0.56, 0.6, 0.43, 0.57, 0.44, 0.77, 0.5, 99, 99, 99]
--- num:  29
list:  [0.74, 0.74, 1, 1, 0.83, 0.83, 0.16199999999999998, 0.16199999999999998, 0.34, 0.34, 0.19, 0.54, 0.04499999999999987, 0.015000000000000013, 1, 0.34, 0.88, 0.72, 0.56, 0.87, 0.89, 0.56, 0.56, 0.58, 0.44, 0.56, 0.45, 0.78, 0.5, 99, 99, 99]
--- num:  29
list:  [0.79, 0.79, 1, 1, 0.79, 0.79, 0.16199999999999998, 0.16199999999999998, 0.34, 0.34, 0.24, 0.48, 0, 0, 1, 0.35, 0.895, 0.72, 0.56, 0.89, 0.9, 0.56, 0.56, 0.54, 0.46, 0.54, 0.47, 0.8, 0.5, 99, 99, 99]
--- num:  29
list:  [0.8, 0.8, 1, 1, 0.78, 0.78, 0.16199999999999998, 0.16199999999999998, 0.34, 0.34, 0.33, 0.39, 0, 0, 1, 0.34, 0.895, 0.72, 0.56, 0.89, 0.9, 0.56, 0.56, 0.54, 0.46, 0.54, 0.47, 0.8, 0.5, 99, 99, 99]
--- num:  29
list:  [0.8, 0.8, 1, 1, 0.78, 0.78, 0.16199999999999998, 0.16199999999999998, 0.35, 0.35, 0.44, 0.28, 0, 0, 1, 0.34, 0.895, 0.72, 0.56, 0.89, 0.9, 0.56, 0.56, 0.55, 0.46, 0.55, 0.46, 0.79, 0.5, 99, 99, 99]
--- num:  29
list:  [0.8, 0.8, 1, 1, 0.78, 0.78, 0.16199999999999998, 0.16199999999999998, 0.31, 0.31, 0.51, 0.21, 0, 0.04499999999999987, 1, 0.34, 0.88, 0.72, 0.56, 0.88, 0.88, 0.56, 0.56, 0.55, 0.46, 0.58, 0.44, 0.77, 0.5, 99, 99, 99]
--- num:  29
list:  [0.8, 0.8, 1, 1, 0.78, 0.78, 0.16199999999999998, 0.16199999999999998, 0.32, 0.32, 0.53, 0.19, 0, 0.05999999999999989, 1, 0.33, 0.87, 0.71, 0.56, 0.87, 0.87, 0.56, 0.56, 0.55, 0.45, 0.59, 0.43, 0.76, 0.5, 99, 99, 99]
--- num:  29
list:  [0.81, 0.81, 1, 1, 0.78, 0.78, 0.16199999999999998, 0.16199999999999998, 0.33, 0.33, 0.52, 0.2, 0.015000000000000013, 0.04499999999999987, 1, 0.34, 0.87, 0.71, 0.56, 0.87, 0.87, 0.56, 0.56, 0.56, 0.45, 0.58, 0.44, 0.75, 0.5, 99, 99, 99]
--- num:  29
list:  [0.78, 0.78, 1, 1, 0.79, 0.79, 0.16199999999999998, 0.16199999999999998, 0.33, 0.33, 0.5, 0.22, 0.015000000000000013, 0.04499999999999987, 1, 0.34, 0.87, 0.72, 0.56, 0.87, 0.87, 0.56, 0.56, 0.56, 0.45, 0.58, 0.44, 0.75, 0.5, 99, 99, 99]
--- num:  29
list:  [0.78, 0.78, 1, 1, 0.8, 0.8, 0.16199999999999998, 0.16199999999999998, 0.34, 0.34, 0.48, 0.24, 0.015000000000000013, 0.04499999999999987, 1, 0.34, 0.87, 0.72, 0.56, 0.87, 0.87, 0.56, 0.56, 0.56, 0.44, 0.58, 0.44, 0.75, 0.5, 99, 99, 99]
--- num:  29
list:  [0.78, 0.78, 1, 1, 0.8, 0.8, 0.16199999999999998, 0.16199999999999998, 0.37, 0.37, 0.46, 0.26, 0, 0, 1, 0.34, 0.88, 0.72, 0.56, 0.88, 0.88, 0.56, 0.56, 0.54, 0.46, 0.55, 0.45, 0.75, 0.5, 99, 99, 99]
--- num:  29
list:  [0.77, 0.77, 1, 1, 0.81, 0.81, 0.16199999999999998, 0.16199999999999998, 0.37, 0.37, 0.46, 0.26, 0, 0, 1, 0.36, 0.89, 0.73, 0.56, 0.89, 0.89, 0.56, 0.56, 0.52, 0.5, 0.53, 0.48, 0.74, 0.5, 99, 99, 99]
--- num:  29
list:  [0.77, 0.77, 1, 1, 0.81, 0.81, 0.16199999999999998, 0.16199999999999998, 0.37, 0.37, 0.41, 0.31, 0, 0, 1, 0.38, 0.89, 0.75, 0.56, 0.89, 0.89, 0.56, 0.56, 0.53, 0.5, 0.53, 0.48, 0.74, 0.5, 99, 99, 99]
--- num:  29
list:  [0.78, 0.78, 1, 1, 0.8, 0.8, 0.16199999999999998, 0.16199999999999998, 0.37, 0.37, 0.35, 0.37, 0, 0, 1, 0.39, 0.89, 0.75, 0.56, 0.89, 0.89, 0.56, 0.56, 0.55, 0.46, 0.54, 0.48, 0.75, 0.5, 99, 99, 99]
--- num:  29
list:  [0.81, 0.81, 1, 1, 0.77, 0.77, 0.16199999999999998, 0.16199999999999998, 0.33, 0.33, 0.29, 0.43, 0, 0, 1, 0.38, 0.895, 0.75, 0.56, 0.89, 0.9, 0.56, 0.56, 0.52, 0.5, 0.51, 0.53, 0.76, 0.5, 99, 99, 99]
--- num:  29
list:  [0.86, 0.86, 1, 1, 0.73, 0.73, 0.16199999999999998, 0.16199999999999998, 0.25, 0.25, 0.26, 0.46, 0, 0, 1, 0.37, 0.895, 0.74, 0.56, 0.89, 0.9, 0.56, 0.56, 0.51, 0.52, 0.51, 0.53, 0.78, 0.5, 99, 99, 99]
--- num:  29
list:  [0.92, 0.92, 1, 1, 0.68, 0.68, 0.16199999999999998, 0.16199999999999998, 0.19, 0.19, 0.26, 0.47, 0, 0, 1, 0.37, 0.9, 0.74, 0.56, 0.9, 0.9, 0.56, 0.56, 0.51, 0.52, 0.51, 0.52, 0.81, 0.5, 99, 99, 99]
--- num:  29
list:  [0.92, 0.92, 1, 1, 0.68, 0.68, 0.16199999999999998, 0.16199999999999998, 0.18, 0.18, 0.27, 0.45, 0, 0, 1, 0.36, 0.905, 0.73, 0.56, 0.9, 0.91, 0.56, 0.56, 0.52, 0.51, 0.53, 0.49, 0.85, 0.5, 99, 99, 99]
--- num:  29
list:  [0.92, 0.92, 1, 1, 0.68, 0.68, 0.16199999999999998, 0.16199999999999998, 0.17, 0.17, 0.28, 0.45, 0, 0, 1, 0.36, 0.905, 0.74, 0.56, 0.9, 0.91, 0.56, 0.56, 0.5, 0.55, 0.5, 0.54, 0.89, 0.5, 99, 99, 99]
--- num:  29
list:  [0.92, 0.92, 1, 1, 0.68, 0.68, 0.16199999999999998, 0.16199999999999998, 0.17, 0.17, 0.27, 0.45, 0, 0, 1, 0.36, 0.9, 0.73, 0.56, 0.89, 0.91, 0.56, 0.56, 0.5, 0.55, 0.5, 0.54, 0.89, 0.5, 99, 99, 99]
--- num:  29
list:  [0.92, 0.92, 1, 1, 0.69, 0.69, 0.16199999999999998, 0.16199999999999998, 0.17, 0.17, 0.26, 0.46, 0, 0, 1, 0.36, 0.895, 0.73, 0.56, 0.89, 0.9, 0.56, 0.56, 0.52, 0.51, 0.52, 0.51, 0.89, 0.5, 99, 99, 99]
--- num:  29
list:  [0.86, 0.86, 1, 1, 0.73, 0.73, 0.16199999999999998, 0.16199999999999998, 0.41, 0.41, 0.54, 0.19, 0, 0, 1, 0.36, 0.9, 0.74, 0.56, 0.89, 0.91, 0.56, 0.56, 0.52, 0.5, 0.51, 0.53, 0.89, 0.5, 99, 99, 99]
--- num:  29
list:  [0.86, 0.86, 1, 1, 0.74, 0.74, 0.16199999999999998, 0.16199999999999998, 0.43, 0.43, 0.55, 0.18, 0, 0, 1, 0.37, 0.91, 0.74, 0.56, 0.9, 0.92, 0.56, 0.56, 0.5, 0.54, 0.48, 0.58, 0.89, 0.5, 99, 99, 99]
--- num:  29
list:  [0.85, 0.85, 1, 1, 0.74, 0.74, 0.16199999999999998, 0.16199999999999998, 0.43, 0.43, 0.56, 0.17, 0, 0, 1, 0.38, 0.915, 0.74, 0.56, 0.91, 0.92, 0.56, 0.56, 0.5, 0.55, 0.48, 0.58, 0.88, 0.5, 99, 99, 99]
--- num:  29
list:  [0.85, 0.85, 1, 1, 0.74, 0.74, 0.16199999999999998, 0.16199999999999998, 0.43, 0.43, 0.53, 0.2, 0, 0, 1, 0.38, 0.915, 0.75, 0.56, 0.91, 0.92, 0.56, 0.56, 0.5, 0.55, 0.48, 0.58, 0.88, 0.5, 99, 99, 99]
--- num:  29
list:  [0.86, 0.86, 1, 1, 0.73, 0.73, 0.16199999999999998, 0.16199999999999998, 0.48, 0.48, 0.61, 0.12, 0, 0, 1, 0.38, 0.92, 0.75, 0.56, 0.91, 0.93, 0.56, 0.56, 0.46, 0.63, 0.43, 0.68, 0.91, 0.5, 99, 99, 99]
--- num:  29
list:  [0.86, 0.86, 1, 1, 0.73, 0.73, 0.16199999999999998, 0.16199999999999998, 0.46, 0.46, 0.57, 0.16, 0, 0, 1, 0.38, 0.92, 0.75, 0.56, 0.91, 0.93, 0.56, 0.56, 0.47, 0.61, 0.44, 0.67, 0.91, 0.5, 99, 99, 99]
--- num:  29
list:  [0.86, 0.86, 1, 1, 0.73, 0.73, 0.16199999999999998, 0.16199999999999998, 0.46, 0.46, 0.54, 0.19, 0, 0, 1, 0.38, 0.92, 0.75, 0.56, 0.91, 0.93, 0.56, 0.56, 0.47, 0.61, 0.44, 0.67, 0.91, 0.5, 99, 99, 99]
--- num:  29
list:  [0.91, 0.91, 1, 1, 0.69, 0.69, 0.16199999999999998, 0.16199999999999998, 0.46, 0.46, 0.59, 0.14, 0, 0, 1, 0.38, 0.925, 0.75, 0.56, 0.92, 0.93, 0.56, 0.56, 0.44, 0.67, 0.42, 0.71, 0.92, 0.5, 99, 99, 99]
--- num:  29
list:  [0.92, 0.92, 1, 1, 0.68, 0.68, 0.16199999999999998, 0.16199999999999998, 0.46, 0.46, 0.58, 0.15, 0, 0, 1, 0.41, 0.945, 0.77, 0.56, 0.94, 0.95, 0.56, 0.56, 0.39, 0.77, 0.38, 0.79, 0.93, 0.5, 99, 99, 99]
--- num:  29
list:  [0.92, 0.92, 1, 1, 0.68, 0.68, 0.16199999999999998, 0.16199999999999998, 0.44, 0.44, 0.58, 0.15, 0, 0, 1, 0.41, 0.95, 0.77, 0.56, 0.95, 0.95, 0.56, 0.56, 0.38, 0.79, 0.37, 0.8, 0.93, 0.5, 99, 99, 99]
--- num:  29
list:  [0.92, 0.92, 1, 1, 0.68, 0.68, 0.16199999999999998, 0.16199999999999998, 0.44, 0.44, 0.58, 0.15, 0, 0, 1, 0.42, 0.955, 0.78, 0.56, 0.95, 0.96, 0.56, 0.56, 0.37, 0.81, 0.36, 0.81, 0.94, 0.5, 99, 99, 99]
--- num:  29
list:  [0.92, 0.92, 1, 1, 0.68, 0.68, 0.16199999999999998, 0.16199999999999998, 0.44, 0.44, 0.58, 0.15, 0, 0, 1, 0.42, 0.955, 0.78, 0.56, 0.95, 0.96, 0.56, 0.56, 0.37, 0.81, 0.36, 0.81, 0.94, 0.5, 99, 99, 99]
--- num:  29
list:  [0.92, 0.92, 1, 1, 0.68, 0.68, 0.16199999999999998, 0.16199999999999998, 0.46, 0.46, 0.6, 0.13, 0, 0, 1, 0.42, 0.955, 0.78, 0.56, 0.95, 0.96, 0.56, 0.56, 0.37, 0.81, 0.36, 0.81, 0.94, 0.5, 99, 99, 99]
--- num:  29
list:  [0.92, 0.92, 1, 1, 0.68, 0.68, 0.16199999999999998, 0.16199999999999998, 0.44, 0.44, 0.5, 0.23, 0, 0, 1, 0.42, 0.955, 0.78, 0.56, 0.95, 0.96, 0.56, 0.56, 0.39, 0.76, 0.38, 0.77, 0.93, 0.5, 99, 99, 99]
--- num:  29
list:  [0.92, 0.92, 1, 1, 0.68, 0.68, 0.16199999999999998, 0.16199999999999998, 0.21, 0.21, 0.21, 0.52, 0, 0, 1, 0.4, 0.95, 0.76, 0.56, 0.95, 0.95, 0.56, 0.56, 0.4, 0.74, 0.4, 0.73, 0.93, 0.5, 99, 99, 99]
--- num:  29
list:  [0.92, 0.92, 1, 1, 0.68, 0.68, 0.16199999999999998, 0.16199999999999998, 0.2, 0.2, 0.23, 0.49, 0, 0, 1, 0.38, 0.945, 0.75, 0.56, 0.94, 0.95, 0.56, 0.56, 0.4, 0.74, 0.4, 0.74, 0.92, 0.5, 99, 99, 99]
--- num:  29
list:  [0.92, 0.92, 1, 1, 0.68, 0.68, 0.16199999999999998, 0.16199999999999998, 0.21, 0.21, 0.26, 0.46, 0, 0, 1, 0.37, 0.945, 0.74, 0.56, 0.94, 0.95, 0.56, 0.56, 0.4, 0.73, 0.41, 0.73, 0.91, 0.5, 99, 99, 99]
--- num:  29
list:  [0.92, 0.92, 1, 1, 0.68, 0.68, 0.16199999999999998, 0.16199999999999998, 0.2, 0.2, 0.35, 0.37, 0, 0, 1, 0.36, 0.94, 0.73, 0.56, 0.94, 0.94, 0.56, 0.56, 0.42, 0.7, 0.42, 0.7, 0.91, 0.5, 99, 99, 99]
--- num:  29
list:  [0.92, 0.92, 1, 1, 0.68, 0.68, 0.16199999999999998, 0.16199999999999998, 0.2, 0.2, 0.39, 0.33, 0, 0, 1, 0.36, 0.935, 0.73, 0.56, 0.93, 0.94, 0.56, 0.56, 0.44, 0.66, 0.44, 0.67, 0.91, 0.5, 99, 99, 99]
--- num:  29
list:  [0.92, 0.92, 1, 1, 0.68, 0.68, 0.16199999999999998, 0.16199999999999998, 0.2, 0.2, 0.38, 0.34, 0, 0, 1, 0.35, 0.92, 0.73, 0.56, 0.92, 0.92, 0.56, 0.56, 0.44, 0.66, 0.44, 0.67, 0.91, 0.5, 99, 99, 99]
--- num:  29
list:  [0.92, 0.92, 1, 1, 0.68, 0.68, 0.16199999999999998, 0.16199999999999998, 0.2, 0.2, 0.36, 0.36, 0, 0, 1, 0.35, 0.915, 0.73, 0.56, 0.91, 0.92, 0.56, 0.56, 0.44, 0.67, 0.43, 0.68, 0.9, 0.5, 99, 99, 99]
--- num:  29
list:  [0.92, 0.92, 1, 1, 0.68, 0.68, 0.16199999999999998, 0.16199999999999998, 0.2, 0.2, 0.36, 0.36, 0, 0, 1, 0.35, 0.91, 0.73, 0.56, 0.91, 0.91, 0.56, 0.56, 0.45, 0.65, 0.44, 0.66, 0.89, 0.5, 99, 99, 99]
--- num:  29
list:  [0.92, 0.92, 1, 1, 0.68, 0.68, 0.16199999999999998, 0.16199999999999998, 0.21, 0.21, 0.35, 0.37, 0, 0, 1, 0.35, 0.905, 0.73, 0.56, 0.9, 0.91, 0.56, 0.56, 0.47, 0.6, 0.47, 0.61, 0.88, 0.5, 99, 99, 99]
--- num:  29
list:  [0.92, 0.92, 1, 1, 0.68, 0.68, 0.16199999999999998, 0.16199999999999998, 0.29, 0.29, 0.47, 0.25, 0, 0, 1, 0.36, 0.905, 0.73, 0.56, 0.9, 0.91, 0.56, 0.56, 0.5, 0.55, 0.49, 0.57, 0.86, 0.5, 99, 99, 99]
--- num:  29
list:  [0.92, 0.92, 1, 1, 0.68, 0.68, 0.16199999999999998, 0.16199999999999998, 0.34, 0.34, 0.71, 0.03, 0, 0, 1, 0.38, 0.905, 0.75, 0.56, 0.9, 0.91, 0.56, 0.56, 0.47, 0.6, 0.46, 0.62, 0.86, 0.5, 99, 99, 99]
--- num:  29
list:  [0.92, 0.92, 1, 1, 0.68, 0.68, 0.16199999999999998, 0.16199999999999998, 0.37, 0.37, 0.7, 0.04, 0, 0, 1, 0.38, 0.91, 0.75, 0.56, 0.91, 0.91, 0.56, 0.56, 0.48, 0.59, 0.48, 0.59, 0.85, 0.5, 99, 99, 99]
--- num:  29
list:  [0.92, 0.92, 1, 1, 0.68, 0.68, 0.16199999999999998, 0.16199999999999998, 0.4, 0.4, 0.64, 0.09, 0, 0, 1, 0.38, 0.915, 0.75, 0.56, 0.91, 0.92, 0.56, 0.56, 0.49, 0.56, 0.49, 0.57, 0.84, 0.5, 99, 99, 99]
--- num:  29
list:  [0.92, 0.92, 1, 1, 0.68, 0.68, 0.16199999999999998, 0.16199999999999998, 0.41, 0.41, 0.54, 0.19, 0, 0, 1, 0.39, 0.925, 0.75, 0.56, 0.92, 0.93, 0.56, 0.56, 0.5, 0.55, 0.49, 0.57, 0.85, 0.5, 99, 99, 99]
--- num:  29
list:  [0.92, 0.92, 1, 1, 0.68, 0.68, 0.16199999999999998, 0.16199999999999998, 0.41, 0.41, 0.52, 0.21, 0, 0, 1, 0.38, 0.925, 0.75, 0.56, 0.92, 0.93, 0.56, 0.56, 0.52, 0.51, 0.51, 0.53, 0.85, 0.5, 99, 99, 99]
--- num:  29
list:  [0.92, 0.92, 1, 1, 0.69, 0.69, 0.16199999999999998, 0.16199999999999998, 0.43, 0.43, 0.52, 0.21, 0, 0, 1, 0.38, 0.9299999999999999, 0.74, 0.55, 0.92, 0.94, 0.55, 0.55, 0.53, 0.49, 0.52, 0.51, 0.84, 0.5, 99, 99, 99]
--- num:  29
list:  [0.88, 0.88, 1, 1, 0.72, 0.72, 0.16199999999999998, 0.16199999999999998, 0.38, 0.38, 0.54, 0.19, 0, 0, 1, 0.37, 0.925, 0.74, 0.55, 0.92, 0.93, 0.55, 0.55, 0.54, 0.47, 0.54, 0.48, 0.84, 0.5, 99, 99, 99]
--- num:  29
list:  [0.77, 0.77, 1, 1, 0.81, 0.81, 0.16199999999999998, 0.16199999999999998, 0.28, 0.28, 0.4, 0.32, 0.05999999999999989, 0.02999999999999986, 1, 0.36, 0.905, 0.73, 0.56, 0.9, 0.91, 0.56, 0.56, 0.59, 0.43, 0.57, 0.44, 0.83, 0.5, 99, 99, 99]
--- num:  29
list:  [0.77, 0.77, 1, 1, 0.8, 0.8, 0.16199999999999998, 0.16199999999999998, 0.23, 0.23, 0.52, 0.21, 0.05999999999999989, 0.02999999999999986, 1, 0.35, 0.875, 0.73, 0.56, 0.87, 0.88, 0.56, 0.56, 0.59, 0.43, 0.57, 0.44, 0.8, 0.5, 99, 99, 99]
--- num:  29
list:  [0.76, 0.76, 1, 1, 0.81, 0.81, 0.16199999999999998, 0.16199999999999998, 0.23, 0.23, 0.57, 0.15, 0.08999999999999991, 0.05999999999999989, 1, 0.34, 0.87, 0.72, 0.56, 0.87, 0.87, 0.56, 0.56, 0.61, 0.42, 0.59, 0.43, 0.81, 0.5, 99, 99, 99]
--- num:  29
list:  [0.82, 0.82, 1, 1, 0.77, 0.77, 0.16199999999999998, 0.16199999999999998, 0.22, 0.22, 0.68, 0.05, 0.10499999999999993, 0.08999999999999991, 1, 0.33, 0.875, 0.71, 0.56, 0.88, 0.87, 0.56, 0.56, 0.62, 0.42, 0.61, 0.42, 0.84, 0.5, 99, 99, 99]
--- num:  29
list:  [0.81, 0.81, 1, 1, 0.77, 0.77, 0.16199999999999998, 0.16199999999999998, 0.22, 0.22, 0.74, -0.01, 0.08999999999999991, 0.08999999999999991, 1, 0.32, 0.875, 0.7, 0.56, 0.88, 0.87, 0.56, 0.56, 0.61, 0.43, 0.61, 0.42, 0.85, 0.5, 99, 99, 99]
--- num:  29
list:  [0.8, 0.8, 1, 1, 0.78, 0.78, 0.16199999999999998, 0.16199999999999998, 0.22, 0.22, 0.72, 0.02, 0.08999999999999991, 0.08999999999999991, 1, 0.32, 0.88, 0.7, 0.56, 0.89, 0.87, 0.56, 0.56, 0.61, 0.42, 0.61, 0.43, 0.84, 0.5, 99, 99, 99]
--- num:  29
list:  [0.76, 0.76, 1, 1, 0.82, 0.82, 0.9146529841423034, 0.912803750038147, 0.22, 0.22, 0.56, 0.16, 0.10499999999999993, 0.10499999999999993, 1, 0.33, 0.8200000000000001, 0.71, 0.56, 0.83, 0.81, 0.56, 0.56, 0.62, 0.42, 0.62, 0.42, 0.79, 0.5, 99, 99, 99]
--- num:  29
list:  [0.7, 0.7, 1, 1, 0.86, 0.86, 0.21736795783042906, 0.21479317128658293, 0.24, 0.24, 0.64, 0.09, 0.10499999999999993, 0.10499999999999993, 1, 0.34, 0.835, 0.71, 0.56, 0.84, 0.83, 0.56, 0.56, 0.62, 0.42, 0.62, 0.42, 0.73, 0.5, 99, 99, 99]
--- num:  29
list:  [0.64, 0.64, 1, 1, 0.91, 0.91, 0.16199999999999998, 0.16199999999999998, 0.31, 0.31, 0.59, 0.14, 0.11999999999999994, 0.10499999999999993, 1, 0.36, 0.835, 0.73, 0.56, 0.83, 0.84, 0.56, 0.56, 0.63, 0.41, 0.62, 0.42, 0.34, 0.19, 99, 99, 99]
--- num:  29
list:  [0.6, 0.6, 1, 1, 0.94, 0.94, 0.7092777895927429, 0.7027627038955688, 0.16, 0.16, 0.5, 0.22, 0.18, 0.16499999999999998, 1, 0.35, 0.83, 0.73, 0.48, 0.82, 0.84, 0.48, 0.48, 0.67, 0.4, 0.66, 0.4, 0.18, 0.21, 99, 99, 99]
--- num:  29
list:  [0.58, 0.58, 1, 1, 0.96, 0.96, 0.2215838539600372, 0.22123570322990416, 0.29, 0.29, 0.51, 0.21, 0.23999999999999988, 0.20999999999999985, 1, 0.34, 0.85, 0.72, 0.44, 0.84, 0.86, 0.44, 0.44, 0.71, 0.38, 0.69, 0.39, 0.1, 0.24, 99, 99, 99]
--- num:  29
list:  [0.56, 0.56, 1, 1, 0.97, 0.97, 0.16199999999999998, 0.16199999999999998, 0.34, 0.34, 0.5, 0.22, 0.29999999999999993, 0.22499999999999987, 1, 0.26, 0.95, 0.66, 0.31, 0.95, 0.95, 0.31, 0.31, 0.75, 0.36, 0.7, 0.38, 0.04, 0.37, 99, 99, 99]
--- num:  29
list:  [0.56, 0.56, 1, 1, 0.98, 0.98, 0.16199999999999998, 0.16199999999999998, 0.35, 0.35, 0.5, 0.22, 0.32999999999999996, 0.2549999999999999, 1, 0.24, 0.965, 0.64, 0.29, 0.96, 0.97, 0.29, 0.29, 0.77, 0.35, 0.72, 0.37, 0.03, 0.42, 99, 99, 99]
--- num:  29
list:  [0.56, 0.56, 1, 1, 0.98, 0.98, 0.16199999999999998, 0.16199999999999998, 0.36, 0.36, 0.5, 0.22, 0.32999999999999996, 0.2549999999999999, 1, 0.24, 0.97, 0.64, 0.28, 0.97, 0.97, 0.28, 0.28, 0.77, 0.35, 0.72, 0.37, 0.03, 0.44, 99, 99, 99]
--- num:  29
list:  [0.55, 0.55, 1, 1, 0.98, 0.98, 0.6637186217308044, 0.6455016541481018, 0.2, 0.2, 0.48, 0.25, 0.32999999999999996, 0.2849999999999999, 1, 0.23, 0.965, 0.64, 0.29, 0.96, 0.97, 0.29, 0.29, 0.77, 0.35, 0.74, 0.37, 0.03, 0.45, 99, 99, 99]
--- num:  29
list:  [0.56, 0.56, 1, 1, 0.98, 0.98, 0.4615007746219635, 0.455936084985733, 0.25, 0.25, 0.47, 0.25, 0.345, 0.29999999999999993, 1, 0.24, 0.955, 0.64, 0.29, 0.95, 0.96, 0.29, 0.29, 0.78, 0.35, 0.75, 0.36, 0.03, 0.46, 99, 99, 99]
--- num:  29
list:  [0.44, 0.44, 0.79, 0.79, 1, 1, 0.16199999999999998, 0.16199999999999998, 0.4, 0.4, 0.44, 0.28, 0.345, 0.2699999999999999, 1, 0.23, 0.97, 0.64, 0.28, 0.97, 0.97, 0.28, 0.28, 0.78, 0.35, 0.73, 0.37, 0.03, 0.48, 99, 99, 99]
--- num:  29
list:  [0.45, 0.45, 0.8, 0.8, 1, 1, 0.16199999999999998, 0.16199999999999998, 0.41, 0.41, 0.39, 0.33, 0.32999999999999996, 0.23999999999999988, 1, 0.23, 0.975, 0.63, 0.28, 0.97, 0.98, 0.28, 0.28, 0.77, 0.35, 0.71, 0.38, 0.03, 0.5, 99, 99, 99]
--- num:  29
list:  [0.44, 0.44, 0.79, 0.79, 1, 1, 0.16199999999999998, 0.16199999999999998, 0.44, 0.44, 0.36, 0.36, 0.31499999999999995, 0.20999999999999985, 1, 0.23, 0.98, 0.63, 0.28, 0.98, 0.98, 0.28, 0.28, 0.76, 0.36, 0.69, 0.39, 0.03, 0.5, 99, 99, 99]
--- num:  29
list:  [0.43, 0.43, 0.78, 0.78, 1, 1, 0.16199999999999998, 0.16199999999999998, 0.44, 0.44, 0.33, 0.39, 0.2849999999999999, 0.20999999999999985, 1, 0.23, 0.98, 0.63, 0.28, 0.98, 0.98, 0.28, 0.28, 0.74, 0.37, 0.69, 0.39, 0.02, 0.52, 99, 99, 99]
--- num:  29
list:  [0.44, 0.44, 0.78, 0.78, 1, 1, 0.16199999999999998, 0.16199999999999998, 0.43, 0.43, 0.32, 0.39, 0.2849999999999999, 0.20999999999999985, 1, 0.22, 0.98, 0.63, 0.27, 0.98, 0.98, 0.27, 0.27, 0.74, 0.37, 0.69, 0.39, 0.02, 0.54, 99, 99, 99]
--- num:  29
list:  [0.44, 0.44, 0.79, 0.79, 1, 1, 0.16199999999999998, 0.16199999999999998, 0.42, 0.42, 0.33, 0.39, 0.2699999999999999, 0.20999999999999985, 1, 0.22, 0.98, 0.63, 0.27, 0.98, 0.98, 0.27, 0.27, 0.73, 0.37, 0.69, 0.39, 0.02, 0.56, 99, 99, 99]
--- num:  29
list:  [0.4, 0.4, 0.69, 0.69, 1, 1, 0.34162999272346495, 0.33802939534187315, 0.25, 0.25, 0.37, 0.36, 0.23999999999999988, 0.22499999999999987, 1, 0.23, 0.96, 0.63, 0.29, 0.96, 0.96, 0.29, 0.29, 0.71, 0.38, 0.7, 0.39, 0.02, 0.56, 99, 99, 99]
--- num:  29
list:  [0.41, 0.41, 0.73, 0.73, 1, 1, 0.16199999999999998, 0.16199999999999998, 0.38, 0.38, 0.38, 0.34, 0.23999999999999988, 0.22499999999999987, 1, 0.23, 0.98, 0.63, 0.27, 0.98, 0.98, 0.27, 0.27, 0.71, 0.38, 0.7, 0.38, 0.02, 0.55, 99, 99, 99]
--- num:  29
list:  [0.41, 0.41, 0.73, 0.73, 1, 1, 0.16199999999999998, 0.16199999999999998, 0.39, 0.39, 0.4, 0.32, 0.2549999999999999, 0.22499999999999987, 1, 0.22, 0.98, 0.63, 0.27, 0.98, 0.98, 0.27, 0.27, 0.72, 0.37, 0.7, 0.38, 0.02, 0.53, 99, 99, 99]
--- num:  29
list:  [0.42, 0.42, 0.75, 0.75, 1, 1, 0.6372284698486328, 0.6253726887702942, 0.15, 0.15, 0.41, 0.32, 0.23999999999999988, 0.20999999999999985, 1, 0.22, 0.98, 0.63, 0.28, 0.98, 0.98, 0.28, 0.28, 0.71, 0.38, 0.69, 0.39, 0.02, 0.53, 99, 99, 99]
--- num:  29
list:  [0.43, 0.43, 0.76, 0.76, 1, 1, 0.16199999999999998, 0.16199999999999998, 0.27, 0.27, 0.43, 0.29, 0.20999999999999985, 0.18, 1, 0.23, 0.955, 0.63, 0.3, 0.95, 0.96, 0.3, 0.3, 0.69, 0.39, 0.67, 0.39, 0.02, 0.5, 99, 99, 99]
--- num:  29
list:  [0.82, 0.82, 1, 1, 0.76, 0.76, 0.16199999999999998, 0.16199999999999998, 0.22, 0.22, 0.4, 0.32, 0.16499999999999998, 0.14999999999999997, 1, 0.37, 0.8200000000000001, 0.74, 0.53, 0.81, 0.83, 0.53, 0.53, 0.66, 0.4, 0.65, 0.4, 0.42, 0.49, 99, 99, 99]
--- num:  29
list:  [0.92, 0.92, 1, 1, 0.68, 0.68, 0.16199999999999998, 0.16199999999999998, 0.17, 0.17, 0.37, 0.35, 0.015000000000000013, 0.04499999999999987, 1, 0.38, 0.915, 0.75, 0.56, 0.91, 0.92, 0.56, 0.56, 0.56, 0.45, 0.58, 0.44, 0.76, 0.5, 99, 99, 99]
--- num:  29
list:  [0.92, 0.92, 1, 1, 0.68, 0.68, 0.16199999999999998, 0.16199999999999998, 0.16, 0.16, 0.37, 0.35, 0, 0, 1, 0.36, 0.925, 0.73, 0.56, 0.92, 0.93, 0.56, 0.56, 0.51, 0.54, 0.52, 0.52, 0.88, 0.5, 99, 99, 99]
--- num:  29
list:  [0.92, 0.92, 1, 1, 0.68, 0.68, 0.16199999999999998, 0.16199999999999998, 0.15, 0.15, 0.38, 0.35, 0, 0, 1, 0.35, 0.915, 0.73, 0.56, 0.91, 0.92, 0.56, 0.56, 0.5, 0.56, 0.5, 0.55, 0.93, 0.5, 99, 99, 99]
--- num:  29
list:  [0.92, 0.92, 1, 1, 0.68, 0.68, 0.16199999999999998, 0.16199999999999998, 0.13, 0.13, 0.42, 0.31, 0, 0, 1, 0.35, 0.905, 0.72, 0.56, 0.9, 0.91, 0.56, 0.56, 0.48, 0.59, 0.47, 0.61, 0.95, 0.5, 99, 99, 99]
--- num:  29
list:  [0.92, 0.92, 1, 1, 0.68, 0.68, 0.16199999999999998, 0.16199999999999998, 0.14, 0.14, 0.44, 0.29, 0, 0, 1, 0.35, 0.895, 0.72, 0.56, 0.89, 0.9, 0.56, 0.56, 0.46, 0.63, 0.44, 0.66, 0.96, 0.5, 99, 99, 99]
--- num:  29
list:  [0.92, 0.92, 1, 1, 0.68, 0.68, 0.16199999999999998, 0.16199999999999998, 0.14, 0.14, 0.45, 0.27, 0, 0, 1, 0.35, 0.895, 0.72, 0.56, 0.89, 0.9, 0.56, 0.56, 0.44, 0.67, 0.42, 0.7, 0.97, 0.5, 99, 99, 99]
--- num:  29
list:  [0.92, 0.92, 1, 1, 0.68, 0.68, 0.16199999999999998, 0.16199999999999998, 0.16, 0.16, 0.46, 0.27, 0, 0, 1, 0.34, 0.9, 0.72, 0.56, 0.9, 0.9, 0.56, 0.56, 0.44, 0.67, 0.43, 0.68, 0.97, 0.5, 99, 99, 99]
--- num:  29
list:  [0.92, 0.92, 1, 1, 0.68, 0.68, 0.16199999999999998, 0.16199999999999998, 0.17, 0.17, 0.45, 0.27, 0, 0, 1, 0.34, 0.91, 0.71, 0.56, 0.91, 0.91, 0.56, 0.56, 0.41, 0.73, 0.41, 0.73, 0.96, 0.5, 99, 99, 99]
--- num:  29
list:  [0.92, 0.92, 1, 1, 0.68, 0.68, 0.16199999999999998, 0.16199999999999998, 0.18, 0.18, 0.45, 0.27, 0, 0, 1, 0.33, 0.92, 0.71, 0.56, 0.92, 0.92, 0.56, 0.56, 0.4, 0.75, 0.4, 0.75, 0.96, 0.5, 99, 99, 99]
--- num:  29
list:  [0.92, 0.92, 1, 1, 0.68, 0.68, 0.16199999999999998, 0.16199999999999998, 0.19, 0.19, 0.45, 0.27, 0, 0, 1, 0.34, 0.93, 0.71, 0.56, 0.93, 0.93, 0.56, 0.56, 0.39, 0.76, 0.4, 0.75, 0.95, 0.5, 99, 99, 99]
--- num:  29
list:  [0.92, 0.92, 1, 1, 0.68, 0.68, 0.16199999999999998, 0.16199999999999998, 0.19, 0.19, 0.45, 0.27, 0, 0, 1, 0.34, 0.93, 0.71, 0.56, 0.93, 0.93, 0.56, 0.56, 0.39, 0.76, 0.4, 0.74, 0.94, 0.5, 99, 99, 99]
--- num:  29
list:  [0.92, 0.92, 1, 1, 0.68, 0.68, 0.16199999999999998, 0.16199999999999998, 0.2, 0.2, 0.45, 0.27, 0, 0, 1, 0.33, 0.93, 0.71, 0.56, 0.93, 0.93, 0.56, 0.56, 0.39, 0.75, 0.4, 0.74, 0.94, 0.5, 99, 99, 99]
--- num:  29
list:  [0.92, 0.92, 1, 1, 0.68, 0.68, 0.16199999999999998, 0.16199999999999998, 0.2, 0.2, 0.45, 0.28, 0, 0, 1, 0.33, 0.93, 0.71, 0.56, 0.93, 0.93, 0.56, 0.56, 0.4, 0.75, 0.4, 0.73, 0.94, 0.5, 99, 99, 99]
--- num:  29
list:  [0.92, 0.92, 1, 1, 0.68, 0.68, 0.16199999999999998, 0.16199999999999998, 0.19, 0.19, 0.44, 0.28, 0, 0, 1, 0.33, 0.93, 0.71, 0.56, 0.93, 0.93, 0.56, 0.56, 0.42, 0.7, 0.43, 0.68, 0.93, 0.5, 99, 99, 99]
--- num:  29
list:  [0.92, 0.92, 1, 1, 0.68, 0.68, 0.16199999999999998, 0.16199999999999998, 0.18, 0.18, 0.45, 0.28, 0, 0, 1, 0.33, 0.93, 0.71, 0.56, 0.93, 0.93, 0.56, 0.56, 0.43, 0.69, 0.43, 0.68, 0.93, 0.5, 99, 99, 99]
--- num:  29
list:  [0.92, 0.92, 1, 1, 0.68, 0.68, 0.16199999999999998, 0.16199999999999998, 0.18, 0.18, 0.46, 0.27, 0, 0, 1, 0.32, 0.93, 0.71, 0.56, 0.93, 0.93, 0.56, 0.56, 0.44, 0.66, 0.44, 0.67, 0.93, 0.5, 99, 99, 99]
--- num:  29
list:  [0.92, 0.92, 1, 1, 0.68, 0.68, 0.16199999999999998, 0.16199999999999998, 0.14, 0.14, 0.46, 0.26, 0, 0, 1, 0.33, 0.92, 0.71, 0.56, 0.92, 0.92, 0.56, 0.56, 0.47, 0.6, 0.47, 0.61, 0.94, 0.5, 99, 99, 99]
--- num:  29
list:  [0.92, 0.92, 1, 1, 0.68, 0.68, 0.16199999999999998, 0.16199999999999998, 0.14, 0.14, 0.45, 0.28, 0, 0, 1, 0.33, 0.9, 0.71, 0.56, 0.9, 0.9, 0.56, 0.56, 0.52, 0.51, 0.51, 0.53, 0.94, 0.5, 99, 99, 99]
--- num:  29
list:  [0.92, 0.92, 1, 1, 0.68, 0.68, 0.16199999999999998, 0.16199999999999998, 0.11, 0.11, 0.43, 0.29, 0.02999999999999986, 0, 0.75, 0.33, 0.885, 0.71, 0.56, 0.88, 0.89, 0.56, 0.56, 0.57, 0.44, 0.55, 0.45, 0.94, 0.5, 99, 99, 99]
--- num:  29
list:  [0.92, 0.92, 1, 1, 0.68, 0.68, 0.16199999999999998, 0.16199999999999998, 0.1, 0.1, 0.43, 0.3, 0.11999999999999994, 0.08999999999999991, 0.75, 0.33, 0.875, 0.71, 0.56, 0.87, 0.88, 0.56, 0.56, 0.63, 0.41, 0.61, 0.42, 0.94, 0.5, 99, 99, 99]
--- num:  29
list:  [0.92, 0.92, 1, 1, 0.68, 0.68, 0.16199999999999998, 0.16199999999999998, 0.09, 0.09, 0.42, 0.3, 0.195, 0.14999999999999997, 0.75, 0.33, 0.85, 0.71, 0.56, 0.84, 0.86, 0.56, 0.56, 0.68, 0.39, 0.65, 0.4, 0.94, 0.5, 99, 99, 99]
--- num:  29
list:  [0.92, 0.92, 1, 1, 0.68, 0.68, 0.16199999999999998, 0.16199999999999998, 0.09, 0.09, 0.43, 0.3, 0.20999999999999985, 0.16499999999999998, 0.75, 0.33, 0.85, 0.71, 0.56, 0.84, 0.86, 0.56, 0.56, 0.69, 0.39, 0.66, 0.4, 0.94, 0.5, 99, 99, 99]
--- num:  29
list:  [0.92, 0.92, 1, 1, 0.68, 0.68, 0.16199999999999998, 0.16199999999999998, 0.1, 0.1, 0.43, 0.3, 0.2549999999999999, 0.18, 0.75, 0.33, 0.84, 0.71, 0.56, 0.83, 0.85, 0.56, 0.56, 0.72, 0.38, 0.67, 0.4, 0.94, 0.5, 99, 99, 99]
--- num:  29
list:  [0.92, 0.92, 1, 1, 0.68, 0.68, 0.16199999999999998, 0.16199999999999998, 0.08, 0.08, 0.43, 0.3, 0.2549999999999999, 0.18, 0.75, 0.33, 0.81, 0.71, 0.56, 0.8, 0.82, 0.56, 0.56, 0.72, 0.37, 0.67, 0.39, 0.95, 0.5, 99, 99, 99]
--- num:  29
list:  [0.92, 0.92, 1, 1, 0.68, 0.68, 0.16199999999999998, 0.16199999999999998, 0.08, 0.08, 0.42, 0.3, 0.2549999999999999, 0.195, 0.75, 0.33, 0.8049999999999999, 0.71, 0.56, 0.79, 0.82, 0.56, 0.56, 0.72, 0.37, 0.68, 0.39, 0.95, 0.5, 99, 99, 99]
--- num:  29
list:  [0.92, 0.92, 1, 1, 0.68, 0.68, 0.16199999999999998, 0.16199999999999998, 0.08, 0.08, 0.42, 0.31, 0.2549999999999999, 0.195, 0.75, 0.33, 0.8049999999999999, 0.71, 0.56, 0.79, 0.82, 0.56, 0.56, 0.72, 0.37, 0.68, 0.39, 0.95, 0.5, 99, 99, 99]
--- num:  29
list:  [0.92, 0.92, 1, 1, 0.68, 0.68, 0.16199999999999998, 0.16199999999999998, 0.09, 0.09, 0.42, 0.31, 0.2549999999999999, 0.195, 0.75, 0.33, 0.8049999999999999, 0.71, 0.56, 0.79, 0.82, 0.56, 0.56, 0.72, 0.37, 0.68, 0.39, 0.95, 0.5, 99, 99, 99]
--- num:  29
list:  [0.92, 0.92, 1, 1, 0.68, 0.68, 0.16199999999999998, 0.16199999999999998, 0.1, 0.1, 0.41, 0.32, 0.23999999999999988, 0.18, 0.75, 0.33, 0.815, 0.71, 0.56, 0.8, 0.83, 0.56, 0.56, 0.71, 0.38, 0.67, 0.4, 0.94, 0.5, 99, 99, 99]
--- num:  29
list:  [0.92, 0.92, 1, 1, 0.68, 0.68, 0.16199999999999998, 0.16199999999999998, 0.13, 0.13, 0.41, 0.31, 0.20999999999999985, 0.14999999999999997, 0.75, 0.32, 0.81, 0.7, 0.56, 0.8, 0.82, 0.56, 0.56, 0.69, 0.39, 0.65, 0.4, 0.94, 0.5, 99, 99, 99]
--- num:  29
list:  [0.92, 0.92, 1, 1, 0.68, 0.68, 0.16199999999999998, 0.16199999999999998, 0.13, 0.13, 0.41, 0.32, 0.20999999999999985, 0.14999999999999997, 0.75, 0.32, 0.8200000000000001, 0.7, 0.56, 0.81, 0.83, 0.56, 0.56, 0.69, 0.39, 0.65, 0.4, 0.94, 0.5, 99, 99, 99]
--- num:  29
list:  [0.86, 0.86, 1, 1, 0.73, 0.73, 0.2611072468757629, 0.26020620346069334, 0.14, 0.14, 0.41, 0.32, 0.16499999999999998, 0.10499999999999993, 0.75, 0.32, 0.8200000000000001, 0.7, 0.56, 0.81, 0.83, 0.56, 0.56, 0.66, 0.4, 0.62, 0.42, 0.92, 0.5, 99, 99, 99]
--- num:  29
list:  [0.75, 0.75, 1, 1, 0.83, 0.83, 0.2585716354846954, 0.25782678604125975, 0.18, 0.18, 0.4, 0.33, 0.11999999999999994, 0.08999999999999991, 0.75, 0.33, 0.8200000000000001, 0.71, 0.56, 0.81, 0.83, 0.56, 0.56, 0.63, 0.41, 0.61, 0.42, 0.87, 0.5, 99, 99, 99]
--- num:  29
list:  [0.73, 0.73, 1, 1, 0.83, 0.83, 0.16199999999999998, 0.16199999999999998, 0.23, 0.23, 0.4, 0.32, 0.10499999999999993, 0.08999999999999991, 1, 0.33, 0.85, 0.71, 0.56, 0.84, 0.86, 0.56, 0.56, 0.62, 0.42, 0.61, 0.42, 0.86, 0.5, 99, 99, 99]
--- num:  29
list:  [0.71, 0.71, 1, 1, 0.86, 0.86, 0.16199999999999998, 0.16199999999999998, 0.26, 0.26, 0.44, 0.29, 0.0749999999999999, 0.08999999999999991, 1, 0.32, 0.86, 0.71, 0.56, 0.85, 0.87, 0.56, 0.56, 0.6, 0.43, 0.61, 0.42, 0.85, 0.5, 99, 99, 99]
--- num:  29
list:  [0.68, 0.68, 1, 1, 0.88, 0.88, 0.16199999999999998, 0.16199999999999998, 0.28, 0.28, 0.53, 0.19, 0.04499999999999987, 0.05999999999999989, 1, 0.32, 0.855, 0.7, 0.56, 0.85, 0.86, 0.56, 0.56, 0.58, 0.44, 0.59, 0.43, 0.84, 0.5, 99, 99, 99]
--- num:  29
list:  [0.68, 0.68, 1, 1, 0.87, 0.87, 0.16199999999999998, 0.16199999999999998, 0.27, 0.27, 0.54, 0.19, 0.08999999999999991, 0.08999999999999991, 1, 0.31, 0.85, 0.7, 0.56, 0.85, 0.85, 0.56, 0.56, 0.61, 0.43, 0.61, 0.42, 0.83, 0.5, 99, 99, 99]
--- num:  29
list:  [0.69, 0.69, 1, 1, 0.87, 0.87, 0.16199999999999998, 0.16199999999999998, 0.28, 0.28, 0.46, 0.26, 0.0749999999999999, 0.08999999999999991, 1, 0.31, 0.855, 0.69, 0.56, 0.85, 0.86, 0.56, 0.56, 0.6, 0.43, 0.61, 0.42, 0.83, 0.5, 99, 99, 99]
--- num:  29
list:  [0.66, 0.66, 1, 1, 0.9, 0.9, 0.4551536250114441, 0.45428587079048155, 0.18, 0.18, 0.36, 0.37, 0.0749999999999999, 0.0749999999999999, 1, 0.34, 0.84, 0.71, 0.56, 0.83, 0.85, 0.56, 0.56, 0.6, 0.43, 0.6, 0.43, 0.8, 0.5, 99, 99, 99]
--- num:  29
list:  [0.62, 0.62, 1, 1, 0.93, 0.93, 0.16199999999999998, 0.16199999999999998, 0.34, 0.34, 0.29, 0.43, 0.08999999999999991, 0.05999999999999989, 1, 0.34, 0.86, 0.72, 0.56, 0.85, 0.87, 0.56, 0.56, 0.61, 0.42, 0.59, 0.43, 0.75, 0.5, 99, 99, 99]
--- num:  29
list:  [0.61, 0.61, 1, 1, 0.94, 0.94, 0.16199999999999998, 0.16199999999999998, 0.34, 0.34, 0.26, 0.46, 0.08999999999999991, 0.04499999999999987, 1, 0.34, 0.86, 0.72, 0.56, 0.85, 0.87, 0.56, 0.56, 0.61, 0.42, 0.58, 0.44, 0.72, 0.5, 99, 99, 99]
--- num:  29
list:  [0.6, 0.6, 1, 1, 0.94, 0.94, 0.16199999999999998, 0.16199999999999998, 0.34, 0.34, 0.26, 0.47, 0.10499999999999993, 0.04499999999999987, 1, 0.34, 0.85, 0.72, 0.56, 0.84, 0.86, 0.56, 0.56, 0.62, 0.42, 0.58, 0.44, 0.67, 0.5, 99, 99, 99]
--- num:  29
list:  [0.6, 0.6, 1, 1, 0.94, 0.94, 0.6746374177932739, 0.656481306552887, 0.16, 0.16, 0.29, 0.43, 0.16499999999999998, 0.14999999999999997, 1, 0.38, 0.825, 0.75, 0.52, 0.8, 0.85, 0.52, 0.52, 0.66, 0.4, 0.65, 0.41, 0.48, 0.5, 99, 99, 99]
--- num:  29
list:  [0.59, 0.59, 1, 1, 0.95, 0.95, 0.16199999999999998, 0.16199999999999998, 0.32, 0.32, 0.31, 0.41, 0.195, 0.18, 1, 0.38, 0.81, 0.75, 0.53, 0.79, 0.83, 0.53, 0.53, 0.68, 0.39, 0.67, 0.4, 0.35, 0.5, 99, 99, 99]
--- num:  29
list:  [0.58, 0.58, 1, 1, 0.96, 0.96, 0.16199999999999998, 0.16199999999999998, 0.33, 0.33, 0.32, 0.4, 0.195, 0.14999999999999997, 1, 0.37, 0.8049999999999999, 0.74, 0.53, 0.79, 0.82, 0.53, 0.53, 0.68, 0.39, 0.65, 0.4, 0.28, 0.38, 99, 99, 99]
--- num:  29
list:  [0.58, 0.58, 1, 1, 0.96, 0.96, 0.16199999999999998, 0.16199999999999998, 0.32, 0.32, 0.33, 0.39, 0.18, 0.14999999999999997, 1, 0.35, 0.81, 0.73, 0.5, 0.8, 0.82, 0.5, 0.5, 0.67, 0.4, 0.65, 0.41, 0.21, 0.37, 99, 99, 99]
--- num:  29
list:  [0.58, 0.58, 1, 1, 0.96, 0.96, 0.16199999999999998, 0.16199999999999998, 0.31, 0.31, 0.33, 0.39, 0.18, 0.13499999999999995, 1, 0.35, 0.84, 0.72, 0.47, 0.83, 0.85, 0.47, 0.47, 0.67, 0.4, 0.64, 0.41, 0.18, 0.4, 99, 99, 99]
--- num:  29
list:  [0.57, 0.57, 1, 1, 0.97, 0.97, 0.16199999999999998, 0.16199999999999998, 0.28, 0.28, 0.33, 0.39, 0.18, 0.13499999999999995, 1, 0.27, 0.935, 0.66, 0.32, 0.93, 0.94, 0.32, 0.32, 0.67, 0.4, 0.64, 0.41, 0.05, 0.46, 99, 99, 99]
--- num:  29
list:  [0.56, 0.56, 1, 1, 0.98, 0.98, 0.16199999999999998, 0.16199999999999998, 0.27, 0.27, 0.33, 0.39, 0.18, 0.14999999999999997, 1, 0.25, 0.955, 0.65, 0.29, 0.95, 0.96, 0.29, 0.29, 0.67, 0.4, 0.65, 0.41, 0.03, 0.5, 99, 99, 99]
--- num:  29
list:  [0.59, 0.59, 1, 1, 0.95, 0.95, 0.5489389705657959, 0.545262496471405, 0.11, 0.11, 0.39, 0.33, 0.18, 0.18, 1, 0.32, 0.845, 0.71, 0.39, 0.84, 0.85, 0.39, 0.39, 0.67, 0.4, 0.67, 0.4, 0.07, 0.51, 99, 99, 99]
--- num:  29
list:  [0.57, 0.57, 1, 1, 0.97, 0.97, 0.16199999999999998, 0.16199999999999998, 0.25, 0.25, 0.44, 0.28, 0.18, 0.18, 1, 0.27, 0.92, 0.66, 0.34, 0.92, 0.92, 0.34, 0.34, 0.67, 0.4, 0.67, 0.4, 0.05, 0.5, 99, 99, 99]
--- num:  29
list:  [0.56, 0.56, 1, 1, 0.98, 0.98, 0.16199999999999998, 0.16199999999999998, 0.26, 0.26, 0.45, 0.27, 0.195, 0.18, 1, 0.25, 0.935, 0.65, 0.32, 0.93, 0.94, 0.32, 0.32, 0.68, 0.39, 0.67, 0.4, 0.04, 0.49, 99, 99, 99]
--- num:  29
list:  [0.58, 0.58, 1, 1, 0.96, 0.96, 0.7037023711204529, 0.6947083878517151, 0.09, 0.09, 0.41, 0.32, 0.195, 0.18, 1, 0.29, 0.885, 0.68, 0.36, 0.88, 0.89, 0.36, 0.36, 0.68, 0.39, 0.67, 0.4, 0.04, 0.49, 99, 99, 99]
--- num:  29
list:  [0.57, 0.57, 1, 1, 0.97, 0.97, 0.19108476817607878, 0.1900693881511688, 0.23, 0.23, 0.39, 0.33, 0.20999999999999985, 0.195, 1, 0.27, 0.915, 0.67, 0.32, 0.91, 0.92, 0.32, 0.32, 0.69, 0.39, 0.68, 0.39, 0.04, 0.49, 99, 99, 99]
--- num:  29
list:  [0.56, 0.56, 1, 1, 0.98, 0.98, 0.16199999999999998, 0.16199999999999998, 0.28, 0.28, 0.33, 0.39, 0.22499999999999987, 0.195, 1, 0.25, 0.94, 0.65, 0.3, 0.94, 0.94, 0.3, 0.3, 0.7, 0.38, 0.68, 0.39, 0.03, 0.49, 99, 99, 99]
--- num:  29
list:  [0.44, 0.44, 0.79, 0.79, 1, 1, 0.16199999999999998, 0.16199999999999998, 0.29, 0.29, 0.3, 0.42, 0.22499999999999987, 0.195, 1, 0.25, 0.94, 0.65, 0.31, 0.94, 0.94, 0.31, 0.31, 0.7, 0.38, 0.68, 0.39, 0.03, 0.5, 99, 99, 99]
--- num:  29
list:  [0.45, 0.45, 0.81, 0.81, 1, 1, 0.16199999999999998, 0.16199999999999998, 0.29, 0.29, 0.29, 0.43, 0.22499999999999987, 0.195, 1, 0.25, 0.94, 0.65, 0.31, 0.94, 0.94, 0.31, 0.31, 0.7, 0.39, 0.68, 0.39, 0.03, 0.5, 99, 99, 99]
--- num:  29
list:  [0.45, 0.45, 0.82, 0.82, 1, 1, 0.16199999999999998, 0.16199999999999998, 0.29, 0.29, 0.3, 0.42, 0.20999999999999985, 0.195, 1, 0.25, 0.94, 0.65, 0.32, 0.94, 0.94, 0.32, 0.32, 0.69, 0.39, 0.68, 0.39, 0.03, 0.5, 99, 99, 99]
--- num:  29
list:  [0.45, 0.45, 0.82, 0.82, 1, 1, 0.16199999999999998, 0.16199999999999998, 0.3, 0.3, 0.31, 0.41, 0.20999999999999985, 0.195, 1, 0.25, 0.94, 0.65, 0.34, 0.94, 0.94, 0.34, 0.34, 0.69, 0.39, 0.68, 0.39, 0.03, 0.49, 99, 99, 99]
--- num:  29
list:  [0.42, 0.42, 0.74, 0.74, 1, 1, 0.16199999999999998, 0.16199999999999998, 0.32, 0.32, 0.32, 0.4, 0.20999999999999985, 0.195, 1, 0.25, 0.94, 0.65, 0.33, 0.94, 0.94, 0.33, 0.33, 0.69, 0.39, 0.68, 0.39, 0.03, 0.47, 99, 99, 99]
--- num:  29
list:  [0.56, 0.56, 1, 1, 0.97, 0.97, 0.3850876796245575, 0.382986079454422, 0.21, 0.21, 0.36, 0.37, 0.22499999999999987, 0.20999999999999985, 1, 0.31, 0.865, 0.7, 0.38, 0.86, 0.87, 0.38, 0.38, 0.7, 0.38, 0.69, 0.39, 0.06, 0.46, 99, 99, 99]
--- num:  29
list:  [0.56, 0.56, 1, 1, 0.98, 0.98, 0.16199999999999998, 0.16199999999999998, 0.34, 0.34, 0.37, 0.35, 0.22499999999999987, 0.20999999999999985, 1, 0.28, 0.925, 0.67, 0.34, 0.92, 0.93, 0.34, 0.34, 0.7, 0.38, 0.69, 0.39, 0.05, 0.43, 99, 99, 99]
--- num:  29
list:  [0.38, 0.38, 0.66, 0.66, 1, 1, 0.16199999999999998, 0.16199999999999998, 0.36, 0.36, 0.35, 0.37, 0.20999999999999985, 0.195, 1, 0.27, 0.935, 0.66, 0.33, 0.93, 0.94, 0.33, 0.33, 0.69, 0.39, 0.68, 0.39, 0.04, 0.41, 99, 99, 99]
--- num:  29
list:  [0.6, 0.6, 1, 1, 0.94, 0.94, 0.7139034080505371, 0.7129562902450561, 0.13, 0.13, 0.35, 0.38, 0.20999999999999985, 0.18, 1, 0.35, 0.815, 0.72, 0.46, 0.8, 0.83, 0.46, 0.46, 0.69, 0.39, 0.67, 0.4, 0.2, 0.41, 99, 99, 99]
--- num:  29
list:  [0.92, 0.92, 1, 1, 0.68, 0.68, 0.16199999999999998, 0.16199999999999998, 0.23, 0.23, 0.35, 0.37, 0.08999999999999991, 0.08999999999999991, 1, 0.39, 0.905, 0.76, 0.56, 0.9, 0.91, 0.56, 0.56, 0.61, 0.42, 0.61, 0.42, 0.59, 0.5, 99, 99, 99]
--- num:  29
list:  [0.92, 0.92, 1, 1, 0.68, 0.68, 0.16199999999999998, 0.16199999999999998, 0.22, 0.22, 0.34, 0.38, 0.05999999999999989, 0.08999999999999991, 1, 0.38, 0.915, 0.74, 0.56, 0.91, 0.92, 0.56, 0.56, 0.59, 0.43, 0.61, 0.42, 0.74, 0.5, 99, 99, 99]
--- num:  29
list:  [0.92, 0.92, 1, 1, 0.68, 0.68, 0.16199999999999998, 0.16199999999999998, 0.21, 0.21, 0.34, 0.38, 0.015000000000000013, 0.04499999999999987, 1, 0.36, 0.92, 0.73, 0.56, 0.92, 0.92, 0.56, 0.56, 0.56, 0.45, 0.58, 0.44, 0.83, 0.5, 99, 99, 99]
--- num:  29
list:  [0.92, 0.92, 1, 1, 0.68, 0.68, 0.16199999999999998, 0.16199999999999998, 0.2, 0.2, 0.33, 0.4, 0.02999999999999986, 0.04499999999999987, 1, 0.36, 0.92, 0.73, 0.56, 0.92, 0.92, 0.56, 0.56, 0.57, 0.44, 0.58, 0.44, 0.85, 0.5, 99, 99, 99]
--- num:  29
list:  [0.92, 0.92, 1, 1, 0.68, 0.68, 0.16199999999999998, 0.16199999999999998, 0.21, 0.21, 0.33, 0.4, 0.04499999999999987, 0.05999999999999989, 1, 0.35, 0.915, 0.73, 0.56, 0.91, 0.92, 0.56, 0.56, 0.58, 0.43, 0.59, 0.43, 0.86, 0.5, 99, 99, 99]
--- num:  29
list:  [0.92, 0.92, 1, 1, 0.68, 0.68, 0.16199999999999998, 0.16199999999999998, 0.21, 0.21, 0.32, 0.41, 0.05999999999999989, 0.05999999999999989, 1, 0.35, 0.915, 0.72, 0.56, 0.91, 0.92, 0.56, 0.56, 0.59, 0.43, 0.59, 0.43, 0.86, 0.5, 99, 99, 99]
--- num:  29
list:  [0.92, 0.92, 1, 1, 0.68, 0.68, 0.16199999999999998, 0.16199999999999998, 0.21, 0.21, 0.32, 0.41, 0, 0, 1, 0.35, 0.91, 0.72, 0.56, 0.91, 0.91, 0.56, 0.56, 0.55, 0.45, 0.55, 0.45, 0.87, 0.5, 99, 99, 99]
--- num:  29
list:  [0.92, 0.92, 1, 1, 0.68, 0.68, 0.16199999999999998, 0.16199999999999998, 0.21, 0.21, 0.33, 0.4, 0, 0, 1, 0.35, 0.905, 0.72, 0.56, 0.9, 0.91, 0.56, 0.56, 0.54, 0.46, 0.53, 0.49, 0.89, 0.5, 99, 99, 99]
--- num:  29
list:  [0.92, 0.92, 1, 1, 0.68, 0.68, 0.16199999999999998, 0.16199999999999998, 0.22, 0.22, 0.35, 0.38, 0, 0, 1, 0.35, 0.905, 0.72, 0.56, 0.9, 0.91, 0.56, 0.56, 0.54, 0.47, 0.53, 0.5, 0.91, 0.5, 99, 99, 99]
--- num:  29
list:  [0.92, 0.92, 1, 1, 0.68, 0.68, 0.16199999999999998, 0.16199999999999998, 0.21, 0.21, 0.35, 0.37, 0.015000000000000013, 0, 1, 0.35, 0.905, 0.72, 0.56, 0.9, 0.91, 0.56, 0.56, 0.56, 0.45, 0.55, 0.46, 0.91, 0.5, 99, 99, 99]
--- num:  29
list:  [0.92, 0.92, 1, 1, 0.68, 0.68, 0.16199999999999998, 0.16199999999999998, 0.21, 0.21, 0.34, 0.38, 0.02999999999999986, 0, 1, 0.35, 0.905, 0.72, 0.56, 0.9, 0.91, 0.56, 0.56, 0.57, 0.44, 0.55, 0.45, 0.91, 0.5, 99, 99, 99]
--- num:  29
list:  [0.92, 0.92, 1, 1, 0.68, 0.68, 0.16199999999999998, 0.16199999999999998, 0.21, 0.21, 0.33, 0.39, 0.05999999999999989, 0.02999999999999986, 1, 0.35, 0.89, 0.73, 0.56, 0.88, 0.9, 0.56, 0.56, 0.59, 0.43, 0.57, 0.44, 0.91, 0.5, 99, 99, 99]
--- num:  29
list:  [0.92, 0.92, 1, 1, 0.68, 0.68, 0.16199999999999998, 0.16199999999999998, 0.21, 0.21, 0.33, 0.39, 0.0749999999999999, 0.04499999999999987, 1, 0.35, 0.885, 0.73, 0.56, 0.88, 0.89, 0.56, 0.56, 0.6, 0.43, 0.58, 0.44, 0.9, 0.5, 99, 99, 99]
--- num:  29
list:  [0.92, 0.92, 1, 1, 0.68, 0.68, 0.16199999999999998, 0.16199999999999998, 0.21, 0.21, 0.33, 0.39, 0.02999999999999986, 0.015000000000000013, 1, 0.35, 0.885, 0.73, 0.56, 0.88, 0.89, 0.56, 0.56, 0.57, 0.44, 0.56, 0.44, 0.9, 0.5, 99, 99, 99]
--- num:  29
list:  [0.92, 0.92, 1, 1, 0.68, 0.68, 0.16199999999999998, 0.16199999999999998, 0.19, 0.19, 0.33, 0.39, 0, 0, 1, 0.36, 0.89, 0.73, 0.56, 0.88, 0.9, 0.56, 0.56, 0.55, 0.45, 0.54, 0.46, 0.9, 0.5, 99, 99, 99]
--- num:  29
list:  [0.92, 0.92, 1, 1, 0.68, 0.68, 0.16199999999999998, 0.16199999999999998, 0.17, 0.17, 0.33, 0.4, 0.04499999999999987, 0, 1, 0.36, 0.88, 0.73, 0.56, 0.87, 0.89, 0.56, 0.56, 0.58, 0.44, 0.55, 0.45, 0.92, 0.5, 99, 99, 99]
--- num:  29
list:  [0.92, 0.92, 1, 1, 0.68, 0.68, 0.16199999999999998, 0.16199999999999998, 0.15, 0.15, 0.34, 0.38, 0.08999999999999991, 0.04499999999999987, 0.75, 0.36, 0.86, 0.73, 0.56, 0.85, 0.87, 0.56, 0.56, 0.61, 0.42, 0.58, 0.44, 0.92, 0.5, 99, 99, 99]
--- num:  29
list:  [0.92, 0.92, 1, 1, 0.69, 0.69, 0.16199999999999998, 0.16199999999999998, 0.14, 0.14, 0.35, 0.37, 0.11999999999999994, 0.0749999999999999, 0.75, 0.36, 0.85, 0.73, 0.56, 0.84, 0.86, 0.56, 0.56, 0.63, 0.41, 0.6, 0.43, 0.92, 0.5, 99, 99, 99]
--- num:  29
list:  [0.91, 0.91, 1, 1, 0.69, 0.69, 0.16199999999999998, 0.16199999999999998, 0.13, 0.13, 0.35, 0.38, 0.18, 0.13499999999999995, 0.75, 0.35, 0.825, 0.73, 0.56, 0.81, 0.84, 0.56, 0.56, 0.67, 0.39, 0.64, 0.41, 0.92, 0.5, 99, 99, 99]
--- num:  29
list:  [0.91, 0.91, 1, 1, 0.69, 0.69, 0.16199999999999998, 0.16199999999999998, 0.13, 0.13, 0.35, 0.37, 0.20999999999999985, 0.14999999999999997, 0.75, 0.35, 0.815, 0.72, 0.56, 0.8, 0.83, 0.56, 0.56, 0.69, 0.39, 0.65, 0.4, 0.92, 0.5, 99, 99, 99]
--- num:  29
list:  [0.89, 0.89, 1, 1, 0.7, 0.7, 0.16199999999999998, 0.16199999999999998, 0.13, 0.13, 0.32, 0.41, 0.16499999999999998, 0.11999999999999994, 0.75, 0.34, 0.81, 0.72, 0.56, 0.8, 0.82, 0.56, 0.56, 0.66, 0.4, 0.63, 0.41, 0.91, 0.5, 99, 99, 99]
--- num:  29
list:  [0.86, 0.86, 1, 1, 0.73, 0.73, 0.16199999999999998, 0.16199999999999998, 0.16, 0.16, 0.24, 0.49, 0.11999999999999994, 0.10499999999999993, 0.75, 0.34, 0.81, 0.72, 0.55, 0.8, 0.82, 0.55, 0.55, 0.63, 0.41, 0.62, 0.42, 0.89, 0.5, 99, 99, 99]
--- num:  29
list:  [0.87, 0.87, 1, 1, 0.72, 0.72, 0.16199999999999998, 0.16199999999999998, 0.16, 0.16, 0.19, 0.54, 0.10499999999999993, 0.08999999999999991, 0.75, 0.34, 0.815, 0.71, 0.55, 0.8, 0.83, 0.55, 0.55, 0.62, 0.42, 0.61, 0.42, 0.89, 0.5, 99, 99, 99]
--- num:  29
list:  [0.86, 0.86, 1, 1, 0.73, 0.73, 0.16199999999999998, 0.16199999999999998, 0.16, 0.16, 0.16, 0.57, 0.0749999999999999, 0.05999999999999989, 1, 0.33, 0.825, 0.71, 0.55, 0.81, 0.84, 0.55, 0.55, 0.6, 0.43, 0.59, 0.43, 0.88, 0.5, 99, 99, 99]
--- num:  29
list:  [0.86, 0.86, 1, 1, 0.73, 0.73, 0.16199999999999998, 0.16199999999999998, 0.17, 0.17, 0.15, 0.58, 0.05999999999999989, 0.04499999999999987, 1, 0.33, 0.83, 0.71, 0.55, 0.82, 0.84, 0.55, 0.55, 0.59, 0.43, 0.58, 0.44, 0.88, 0.5, 99, 99, 99]
--- num:  29
list:  [0.85, 0.85, 1, 1, 0.74, 0.74, 0.16199999999999998, 0.16199999999999998, 0.18, 0.18, 0.17, 0.56, 0.05999999999999989, 0.04499999999999987, 1, 0.33, 0.835, 0.71, 0.54, 0.82, 0.85, 0.54, 0.54, 0.59, 0.43, 0.58, 0.44, 0.87, 0.5, 99, 99, 99]
--- num:  29
list:  [0.84, 0.84, 1, 1, 0.75, 0.75, 0.16199999999999998, 0.16199999999999998, 0.19, 0.19, 0.22, 0.51, 0.0749999999999999, 0.04499999999999987, 1, 0.33, 0.84, 0.71, 0.54, 0.83, 0.85, 0.54, 0.54, 0.6, 0.43, 0.58, 0.43, 0.87, 0.5, 99, 99, 99]
--- num:  29
list:  [0.83, 0.83, 1, 1, 0.76, 0.76, 0.16199999999999998, 0.16199999999999998, 0.18, 0.18, 0.31, 0.42, 0.10499999999999993, 0.08999999999999991, 1, 0.34, 0.845, 0.72, 0.54, 0.83, 0.86, 0.54, 0.54, 0.62, 0.42, 0.61, 0.42, 0.87, 0.5, 99, 99, 99]
--- num:  29
list:  [0.81, 0.81, 1, 1, 0.77, 0.77, 0.16199999999999998, 0.16199999999999998, 0.19, 0.19, 0.39, 0.33, 0.13499999999999995, 0.11999999999999994, 0.75, 0.34, 0.85, 0.72, 0.56, 0.84, 0.86, 0.56, 0.56, 0.64, 0.41, 0.63, 0.41, 0.87, 0.5, 99, 99, 99]
--- num:  29
list:  [0.79, 0.79, 1, 1, 0.79, 0.79, 0.16199999999999998, 0.16199999999999998, 0.18, 0.18, 0.47, 0.26, 0.13499999999999995, 0.11999999999999994, 0.75, 0.34, 0.85, 0.71, 0.56, 0.84, 0.86, 0.56, 0.56, 0.64, 0.41, 0.63, 0.41, 0.87, 0.5, 99, 99, 99]
--- num:  29
list:  [0.76, 0.76, 1, 1, 0.82, 0.82, 0.16199999999999998, 0.16199999999999998, 0.19, 0.19, 0.49, 0.23, 0.13499999999999995, 0.10499999999999993, 0.75, 0.33, 0.845, 0.71, 0.56, 0.84, 0.85, 0.56, 0.56, 0.64, 0.41, 0.62, 0.42, 0.86, 0.5, 99, 99, 99]
--- num:  29
list:  [0.75, 0.75, 1, 1, 0.82, 0.82, 0.16199999999999998, 0.16199999999999998, 0.2, 0.2, 0.52, 0.2, 0.11999999999999994, 0.08999999999999991, 0.75, 0.33, 0.85, 0.71, 0.56, 0.85, 0.85, 0.56, 0.56, 0.63, 0.41, 0.61, 0.42, 0.86, 0.5, 99, 99, 99]
--- num:  29
list:  [0.75, 0.75, 1, 1, 0.83, 0.83, 0.16199999999999998, 0.16199999999999998, 0.19, 0.19, 0.51, 0.21, 0.11999999999999994, 0.08999999999999991, 0.75, 0.33, 0.85, 0.71, 0.56, 0.85, 0.85, 0.56, 0.56, 0.63, 0.42, 0.61, 0.42, 0.86, 0.5, 99, 99, 99]
--- num:  29
list:  [0.75, 0.75, 1, 1, 0.82, 0.82, 0.16199999999999998, 0.16199999999999998, 0.2, 0.2, 0.5, 0.23, 0.11999999999999994, 0.08999999999999991, 0.75, 0.33, 0.85, 0.71, 0.56, 0.85, 0.85, 0.56, 0.56, 0.63, 0.42, 0.61, 0.42, 0.85, 0.5, 99, 99, 99]
--- num:  29
list:  [0.75, 0.75, 1, 1, 0.82, 0.82, 0.16199999999999998, 0.16199999999999998, 0.2, 0.2, 0.49, 0.24, 0.10499999999999993, 0.08999999999999991, 0.75, 0.33, 0.85, 0.71, 0.56, 0.85, 0.85, 0.56, 0.56, 0.62, 0.42, 0.61, 0.42, 0.85, 0.5, 99, 99, 99]
--- num:  29
list:  [0.77, 0.77, 1, 1, 0.81, 0.81, 0.16199999999999998, 0.16199999999999998, 0.19, 0.19, 0.48, 0.25, 0.10499999999999993, 0.08999999999999991, 0.75, 0.33, 0.85, 0.71, 0.56, 0.85, 0.85, 0.56, 0.56, 0.62, 0.42, 0.61, 0.42, 0.85, 0.5, 99, 99, 99]
--- num:  29
list:  [0.77, 0.77, 1, 1, 0.8, 0.8, 0.16199999999999998, 0.16199999999999998, 0.17, 0.17, 0.47, 0.25, 0.14999999999999997, 0.11999999999999994, 0.75, 0.32, 0.845, 0.71, 0.56, 0.84, 0.85, 0.56, 0.56, 0.65, 0.41, 0.63, 0.41, 0.84, 0.5, 99, 99, 99]
--- num:  29
list:  [0.76, 0.76, 1, 1, 0.81, 0.81, 0.16199999999999998, 0.16199999999999998, 0.16, 0.16, 0.46, 0.26, 0.14999999999999997, 0.11999999999999994, 0.75, 0.33, 0.835, 0.71, 0.55, 0.83, 0.84, 0.55, 0.55, 0.65, 0.41, 0.63, 0.41, 0.83, 0.5, 99, 99, 99]
--- num:  29
list:  [0.77, 0.77, 1, 1, 0.8, 0.8, 0.16199999999999998, 0.16199999999999998, 0.16, 0.16, 0.46, 0.27, 0.14999999999999997, 0.13499999999999995, 0.75, 0.33, 0.8200000000000001, 0.71, 0.55, 0.81, 0.83, 0.55, 0.55, 0.65, 0.4, 0.64, 0.41, 0.81, 0.5, 99, 99, 99]
--- num:  29
list:  [0.78, 0.78, 1, 1, 0.8, 0.8, 0.16199999999999998, 0.16199999999999998, 0.16, 0.16, 0.46, 0.27, 0.16499999999999998, 0.13499999999999995, 0.75, 0.34, 0.815, 0.71, 0.55, 0.81, 0.82, 0.55, 0.55, 0.66, 0.4, 0.64, 0.41, 0.81, 0.5, 99, 99, 99]
--- num:  29
list:  [0.73, 0.73, 1, 1, 0.83, 0.83, 0.3424948263168335, 0.34166074872016905, 0.11, 0.11, 0.44, 0.29, 0.14999999999999997, 0.11999999999999994, 0.75, 0.36, 0.785, 0.74, 0.55, 0.77, 0.8, 0.55, 0.55, 0.65, 0.41, 0.63, 0.41, 0.81, 0.5, 99, 99, 99]
--- num:  29
list:  [0.71, 0.71, 1, 1, 0.86, 0.86, 0.16199999999999998, 0.16199999999999998, 0.2, 0.2, 0.43, 0.29, 0.13499999999999995, 0.11999999999999994, 0.75, 0.36, 0.8200000000000001, 0.73, 0.55, 0.81, 0.83, 0.55, 0.55, 0.64, 0.41, 0.63, 0.42, 0.8, 0.5, 99, 99, 99]
--- num:  29
list:  [0.68, 0.68, 1, 1, 0.88, 0.88, 0.16199999999999998, 0.16199999999999998, 0.22, 0.22, 0.43, 0.29, 0.11999999999999994, 0.10499999999999993, 1, 0.35, 0.835, 0.73, 0.55, 0.83, 0.84, 0.55, 0.55, 0.63, 0.41, 0.62, 0.42, 0.78, 0.5, 99, 99, 99]
--- num:  29
list:  [0.69, 0.69, 1, 1, 0.87, 0.87, 0.2587218391895294, 0.2579971957206726, 0.19, 0.19, 0.42, 0.31, 0.10499999999999993, 0.10499999999999993, 1, 0.36, 0.85, 0.73, 0.55, 0.84, 0.86, 0.55, 0.55, 0.62, 0.42, 0.62, 0.42, 0.78, 0.5, 99, 99, 99]
--- num:  29
list:  [0.67, 0.67, 1, 1, 0.89, 0.89, 0.16199999999999998, 0.16199999999999998, 0.25, 0.25, 0.42, 0.3, 0.08999999999999991, 0.08999999999999991, 1, 0.35, 0.865, 0.72, 0.55, 0.86, 0.87, 0.55, 0.55, 0.61, 0.42, 0.61, 0.42, 0.78, 0.5, 99, 99, 99]
--- num:  29
list:  [0.65, 0.65, 1, 1, 0.9, 0.9, 0.16199999999999998, 0.16199999999999998, 0.27, 0.27, 0.42, 0.3, 0.0749999999999999, 0.0749999999999999, 1, 0.35, 0.865, 0.72, 0.55, 0.86, 0.87, 0.55, 0.55, 0.6, 0.43, 0.6, 0.43, 0.78, 0.5, 99, 99, 99]
--- num:  29
list:  [0.63, 0.63, 1, 1, 0.92, 0.92, 0.16199999999999998, 0.16199999999999998, 0.27, 0.27, 0.42, 0.3, 0.05999999999999989, 0.0749999999999999, 1, 0.34, 0.865, 0.72, 0.55, 0.86, 0.87, 0.55, 0.55, 0.59, 0.43, 0.6, 0.43, 0.77, 0.5, 99, 99, 99]
--- num:  29
list:  [0.63, 0.63, 1, 1, 0.92, 0.92, 0.16199999999999998, 0.16199999999999998, 0.27, 0.27, 0.42, 0.3, 0.05999999999999989, 0.0749999999999999, 1, 0.34, 0.865, 0.72, 0.55, 0.86, 0.87, 0.55, 0.55, 0.59, 0.43, 0.6, 0.43, 0.76, 0.5, 99, 99, 99]
--- num:  29
list:  [0.62, 0.62, 1, 1, 0.93, 0.93, 0.16199999999999998, 0.16199999999999998, 0.28, 0.28, 0.42, 0.3, 0.05999999999999989, 0.0749999999999999, 1, 0.34, 0.865, 0.72, 0.55, 0.86, 0.87, 0.55, 0.55, 0.59, 0.43, 0.6, 0.43, 0.72, 0.5, 99, 99, 99]
--- num:  29
list:  [0.62, 0.62, 1, 1, 0.93, 0.93, 0.16199999999999998, 0.16199999999999998, 0.26, 0.26, 0.41, 0.32, 0.0749999999999999, 0.08999999999999991, 1, 0.35, 0.85, 0.72, 0.54, 0.84, 0.86, 0.54, 0.54, 0.6, 0.43, 0.61, 0.42, 0.71, 0.5, 99, 99, 99]
--- num:  29
list:  [0.62, 0.62, 1, 1, 0.93, 0.93, 0.16199999999999998, 0.16199999999999998, 0.26, 0.26, 0.39, 0.33, 0.0749999999999999, 0.08999999999999991, 1, 0.35, 0.85, 0.73, 0.54, 0.84, 0.86, 0.54, 0.54, 0.6, 0.43, 0.61, 0.42, 0.71, 0.5, 99, 99, 99]
--- num:  29
list:  [0.61, 0.61, 1, 1, 0.93, 0.93, 0.16199999999999998, 0.16199999999999998, 0.26, 0.26, 0.39, 0.34, 0.08999999999999991, 0.08999999999999991, 1, 0.35, 0.835, 0.72, 0.55, 0.82, 0.85, 0.55, 0.55, 0.61, 0.42, 0.61, 0.42, 0.71, 0.5, 99, 99, 99]
--- num:  29
list:  [0.61, 0.61, 1, 1, 0.94, 0.94, 0.16199999999999998, 0.16199999999999998, 0.34, 0.34, 0.37, 0.35, 0.08999999999999991, 0.08999999999999991, 1, 0.35, 0.83, 0.72, 0.56, 0.82, 0.84, 0.56, 0.56, 0.61, 0.42, 0.61, 0.42, 0.64, 0.5, 99, 99, 99]
--- num:  29
list:  [0.59, 0.59, 1, 1, 0.95, 0.95, 0.16199999999999998, 0.16199999999999998, 0.36, 0.36, 0.35, 0.37, 0.08999999999999991, 0.10499999999999993, 1, 0.37, 0.825, 0.74, 0.55, 0.81, 0.84, 0.55, 0.55, 0.61, 0.42, 0.62, 0.42, 0.54, 0.5, 99, 99, 99]
--- num:  29
list:  [0.58, 0.58, 1, 1, 0.96, 0.96, 0.16199999999999998, 0.16199999999999998, 0.33, 0.33, 0.35, 0.37, 0.08999999999999991, 0.10499999999999993, 1, 0.38, 0.815, 0.75, 0.55, 0.8, 0.83, 0.55, 0.55, 0.61, 0.42, 0.62, 0.42, 0.52, 0.5, 99, 99, 99]
--- num:  29
list:  [0.58, 0.58, 1, 1, 0.96, 0.96, 0.16199999999999998, 0.16199999999999998, 0.31, 0.31, 0.35, 0.37, 0.13499999999999995, 0.13499999999999995, 1, 0.38, 0.795, 0.75, 0.53, 0.78, 0.81, 0.53, 0.53, 0.64, 0.41, 0.64, 0.41, 0.33, 0.58, 99, 99, 99]
--- num:  29
list:  [0.58, 0.58, 1, 1, 0.96, 0.96, 0.16199999999999998, 0.16199999999999998, 0.3, 0.3, 0.36, 0.36, 0.18, 0.16499999999999998, 1, 0.36, 0.785, 0.73, 0.53, 0.77, 0.8, 0.53, 0.53, 0.67, 0.39, 0.66, 0.4, 0.19, 0.48, 99, 99, 99]
--- num:  29
list:  [0.57, 0.57, 1, 1, 0.97, 0.97, 0.16199999999999998, 0.16199999999999998, 0.3, 0.3, 0.37, 0.35, 0.22499999999999987, 0.18, 1, 0.31, 0.855, 0.69, 0.42, 0.85, 0.86, 0.42, 0.42, 0.7, 0.39, 0.67, 0.4, 0.09, 0.48, 99, 99, 99]
--- num:  29
list:  [0.56, 0.56, 1, 1, 0.98, 0.98, 0.16199999999999998, 0.16199999999999998, 0.29, 0.29, 0.38, 0.35, 0.22499999999999987, 0.195, 1, 0.27, 0.895, 0.67, 0.36, 0.89, 0.9, 0.36, 0.36, 0.7, 0.38, 0.68, 0.39, 0.05, 0.48, 99, 99, 99]
--- num:  29
list:  [0.56, 0.56, 1, 1, 0.98, 0.98, 0.5055535244941711, 0.5025270390510559, 0.13, 0.13, 0.39, 0.34, 0.23999999999999988, 0.20999999999999985, 1, 0.27, 0.9, 0.66, 0.34, 0.89, 0.91, 0.34, 0.34, 0.71, 0.38, 0.69, 0.39, 0.03, 0.49, 99, 99, 99]
--- num:  29
list:  [0.42, 0.42, 0.75, 0.75, 1, 1, 0.16199999999999998, 0.16199999999999998, 0.24, 0.24, 0.39, 0.34, 0.23999999999999988, 0.20999999999999985, 1, 0.25, 0.945, 0.65, 0.29, 0.94, 0.95, 0.29, 0.29, 0.71, 0.38, 0.69, 0.39, 0.03, 0.49, 99, 99, 99]
--- num:  29
list:  [0.43, 0.43, 0.76, 0.76, 1, 1, 0.16199999999999998, 0.16199999999999998, 0.26, 0.26, 0.39, 0.34, 0.23999999999999988, 0.20999999999999985, 1, 0.24, 0.96, 0.64, 0.27, 0.96, 0.96, 0.27, 0.27, 0.71, 0.38, 0.69, 0.39, 0.02, 0.5, 99, 99, 99]
--- num:  29
list:  [0.43, 0.43, 0.77, 0.77, 1, 1, 0.16199999999999998, 0.16199999999999998, 0.27, 0.27, 0.39, 0.33, 0.23999999999999988, 0.22499999999999987, 1, 0.23, 0.97, 0.63, 0.27, 0.97, 0.97, 0.27, 0.27, 0.71, 0.38, 0.7, 0.38, 0.02, 0.52, 99, 99, 99]
--- num:  29
list:  [0.44, 0.44, 0.78, 0.78, 1, 1, 0.16199999999999998, 0.16199999999999998, 0.27, 0.27, 0.39, 0.33, 0.23999999999999988, 0.20999999999999985, 1, 0.23, 0.97, 0.63, 0.26, 0.97, 0.97, 0.26, 0.26, 0.71, 0.38, 0.69, 0.39, 0.01, 0.53, 99, 99, 99]
--- num:  29
list:  [0.43, 0.43, 0.76, 0.76, 1, 1, 0.2039856421947479, 0.20359336912631987, 0.23, 0.23, 0.38, 0.35, 0.23999999999999988, 0.195, 1, 0.22, 0.97, 0.63, 0.27, 0.97, 0.97, 0.27, 0.27, 0.71, 0.38, 0.68, 0.39, 0.01, 0.54, 99, 99, 99]
--- num:  29
list:  [0.38, 0.38, 0.65, 0.65, 1, 1, 0.16199999999999998, 0.16199999999999998, 0.24, 0.24, 0.36, 0.36, 0.23999999999999988, 0.20999999999999985, 1, 0.24, 0.95, 0.65, 0.28, 0.95, 0.95, 0.28, 0.28, 0.71, 0.38, 0.69, 0.39, 0.02, 0.53, 99, 99, 99]
--- num:  29
list:  [0.38, 0.38, 0.65, 0.65, 1, 1, 0.16199999999999998, 0.16199999999999998, 0.3, 0.3, 0.36, 0.36, 0.2549999999999999, 0.22499999999999987, 1, 0.23, 0.97, 0.64, 0.27, 0.97, 0.97, 0.27, 0.27, 0.72, 0.38, 0.7, 0.38, 0.02, 0.53, 99, 99, 99]
--- num:  29
list:  [0.37, 0.37, 0.62, 0.62, 1, 1, 0.39593945026397703, 0.39353985667228697, 0.18, 0.18, 0.37, 0.36, 0.23999999999999988, 0.22499999999999987, 1, 0.24, 0.92, 0.65, 0.33, 0.92, 0.92, 0.33, 0.33, 0.71, 0.38, 0.7, 0.38, 0.02, 0.51, 99, 99, 99]
--- num:  29
list:  [0.56, 0.56, 1, 1, 0.98, 0.98, 0.16199999999999998, 0.16199999999999998, 0.25, 0.25, 0.39, 0.33, 0.2549999999999999, 0.23999999999999988, 1, 0.26, 0.93, 0.66, 0.31, 0.93, 0.93, 0.31, 0.31, 0.72, 0.37, 0.71, 0.38, 0.04, 0.47, 99, 99, 99]
--- num:  29
list:  [0.35, 0.35, 0.58, 0.58, 1, 1, 0.16199999999999998, 0.16199999999999998, 0.27, 0.27, 0.41, 0.32, 0.22499999999999987, 0.20999999999999985, 1, 0.25, 0.94, 0.65, 0.29, 0.94, 0.94, 0.29, 0.29, 0.7, 0.38, 0.69, 0.39, 0.03, 0.44, 99, 99, 99]
--- num:  29
list:  [0.37, 0.37, 0.62, 0.62, 1, 1, 0.16199999999999998, 0.16199999999999998, 0.28, 0.28, 0.4, 0.32, 0.22499999999999987, 0.20999999999999985, 1, 0.24, 0.94, 0.64, 0.31, 0.94, 0.94, 0.31, 0.31, 0.7, 0.38, 0.69, 0.39, 0.03, 0.43, 99, 99, 99]
--- num:  29
list:  [0.56, 0.56, 1, 1, 0.97, 0.97, 0.87544677734375, 0.8737727212905884, 0.16, 0.16, 0.39, 0.34, 0.22499999999999987, 0.20999999999999985, 1, 0.3, 0.84, 0.69, 0.36, 0.83, 0.85, 0.36, 0.36, 0.7, 0.38, 0.69, 0.39, 0.05, 0.43, 99, 99, 99]
--- num:  29
list:  [0.56, 0.56, 1, 1, 0.98, 0.98, 0.19327267587184904, 0.19296851336956022, 0.22, 0.22, 0.39, 0.34, 0.22499999999999987, 0.20999999999999985, 1, 0.27, 0.915, 0.66, 0.31, 0.91, 0.92, 0.31, 0.31, 0.7, 0.38, 0.69, 0.39, 0.04, 0.43, 99, 99, 99]
--- num:  29
list:  [0.39, 0.39, 0.67, 0.67, 1, 1, 0.16199999999999998, 0.16199999999999998, 0.25, 0.25, 0.38, 0.35, 0.20999999999999985, 0.195, 1, 0.25, 0.93, 0.65, 0.3, 0.93, 0.93, 0.3, 0.3, 0.69, 0.39, 0.68, 0.39, 0.03, 0.45, 99, 99, 99]
--- num:  29
list:  [0.39, 0.39, 0.68, 0.68, 1, 1, 0.16199999999999998, 0.16199999999999998, 0.26, 0.26, 0.37, 0.35, 0.195, 0.195, 1, 0.25, 0.93, 0.65, 0.29, 0.93, 0.93, 0.29, 0.29, 0.68, 0.39, 0.68, 0.39, 0.03, 0.47, 99, 99, 99]
--- num:  29
list:  [0.39, 0.39, 0.68, 0.68, 1, 1, 0.16199999999999998, 0.16199999999999998, 0.26, 0.26, 0.37, 0.35, 0.18, 0.16499999999999998, 1, 0.24, 0.96, 0.64, 0.27, 0.96, 0.96, 0.27, 0.27, 0.67, 0.4, 0.66, 0.4, 0.02, 0.5, 99, 99, 99]
--- num:  29
list:  [0.56, 0.56, 1, 1, 0.98, 0.98, 0.6473603653907776, 0.6444279360771179, 0.09, 0.09, 0.38, 0.35, 0.20999999999999985, 0.18, 1, 0.28, 0.88, 0.68, 0.32, 0.87, 0.89, 0.32, 0.32, 0.69, 0.39, 0.67, 0.39, 0.03, 0.52, 99, 99, 99]
--- num:  29
list:  [0.34, 0.34, 0.56, 0.56, 1, 1, 0.16199999999999998, 0.16199999999999998, 0.22, 0.22, 0.39, 0.34, 0.20999999999999985, 0.195, 1, 0.26, 0.93, 0.65, 0.29, 0.93, 0.93, 0.29, 0.29, 0.69, 0.39, 0.68, 0.39, 0.03, 0.53, 99, 99, 99]
--- num:  29
list:  [0.34, 0.34, 0.57, 0.57, 1, 1, 0.16199999999999998, 0.16199999999999998, 0.24, 0.24, 0.42, 0.3, 0.195, 0.195, 1, 0.25, 0.925, 0.65, 0.31, 0.92, 0.93, 0.31, 0.31, 0.68, 0.39, 0.68, 0.39, 0.03, 0.52, 99, 99, 99]
--- num:  29
list:  [0.35, 0.35, 0.58, 0.58, 1, 1, 0.16199999999999998, 0.16199999999999998, 0.24, 0.24, 0.47, 0.26, 0.195, 0.195, 1, 0.26, 0.905, 0.65, 0.33, 0.9, 0.91, 0.33, 0.33, 0.68, 0.39, 0.68, 0.39, 0.03, 0.5, 99, 99, 99]
--- num:  29
list:  [0.6, 0.6, 1, 1, 0.94, 0.94, 0.954904716014862, 0.9548913049697876, 0.21, 0.21, 0.45, 0.27, 0.20999999999999985, 0.22499999999999987, 0.75, 0.34, 0.8, 0.72, 0.35, 0.79, 0.81, 0.35, 0.35, 0.69, 0.39, 0.7, 0.38, 0.06, 0.48, 99, 99, 99]
--- num:  29
list:  [0.58, 0.58, 1, 1, 0.96, 0.96, 0.6232451009750366, 0.6215883898735046, 0.13, 0.13, 0.31, 0.42, 0.22499999999999987, 0.22499999999999987, 0.75, 0.34, 0.84, 0.72, 0.34, 0.83, 0.85, 0.34, 0.34, 0.7, 0.39, 0.7, 0.38, 0.07, 0.47, 99, 99, 99]
--- num:  29
list:  [0.57, 0.57, 1, 1, 0.97, 0.97, 0.16199999999999998, 0.16199999999999998, 0.3, 0.3, 0.02, 0.72, 0.22499999999999987, 0.22499999999999987, 1, 0.34, 0.845, 0.72, 0.38, 0.84, 0.85, 0.38, 0.38, 0.7, 0.39, 0.7, 0.38, 0.06, 0.46, 99, 99, 99]
--- num:  29
list:  [0.57, 0.57, 1, 1, 0.97, 0.97, 0.16199999999999998, 0.16199999999999998, 0.32, 0.32, 0.01, 0.73, 0.20999999999999985, 0.20999999999999985, 1, 0.3, 0.87, 0.69, 0.35, 0.87, 0.87, 0.35, 0.35, 0.69, 0.39, 0.69, 0.39, 0.04, 0.47, 99, 99, 99]
--- num:  29
list:  [0.56, 0.56, 1, 1, 0.97, 0.97, 0.16199999999999998, 0.16199999999999998, 0.34, 0.34, -0.04, 0.79, 0.195, 0.195, 1, 0.29, 0.9, 0.68, 0.34, 0.9, 0.9, 0.34, 0.34, 0.68, 0.39, 0.68, 0.39, 0.04, 0.48, 99, 99, 99]
--- num:  29
list:  [0.56, 0.56, 1, 1, 0.97, 0.97, 0.16199999999999998, 0.16199999999999998, 0.34, 0.34, -0.06, 0.81, 0.18, 0.195, 1, 0.28, 0.91, 0.67, 0.33, 0.91, 0.91, 0.33, 0.33, 0.67, 0.39, 0.68, 0.39, 0.04, 0.5, 99, 99, 99]
--- num:  29
list:  [0.56, 0.56, 1, 1, 0.98, 0.98, 0.16199999999999998, 0.16199999999999998, 0.26, 0.26, 0.34, 0.38, 0.195, 0.195, 1, 0.27, 0.93, 0.66, 0.31, 0.93, 0.93, 0.31, 0.31, 0.68, 0.39, 0.68, 0.39, 0.03, 0.5, 99, 99, 99]
--- num:  29
list:  [0.33, 0.33, 0.53, 0.53, 1, 1, 0.16199999999999998, 0.16199999999999998, 0.27, 0.27, 0.63, 0.1, 0.22499999999999987, 0.195, 1, 0.27, 0.915, 0.66, 0.32, 0.91, 0.92, 0.32, 0.32, 0.7, 0.38, 0.68, 0.39, 0.03, 0.47, 99, 99, 99]
--- num:  29
list:  [0.34, 0.34, 0.56, 0.56, 1, 1, 0.16199999999999998, 0.16199999999999998, 0.36, 0.36, 0.65, 0.08, 0.20999999999999985, 0.195, 1, 0.26, 0.94, 0.66, 0.31, 0.94, 0.94, 0.31, 0.31, 0.69, 0.39, 0.68, 0.39, 0.03, 0.48, 99, 99, 99]
--- num:  29
list:  [0.36, 0.36, 0.61, 0.61, 1, 1, 0.16199999999999998, 0.16199999999999998, 0.36, 0.36, 0.6, 0.13, 0.20999999999999985, 0.195, 1, 0.25, 0.945, 0.65, 0.31, 0.94, 0.95, 0.31, 0.31, 0.69, 0.39, 0.68, 0.39, 0.03, 0.5, 99, 99, 99]
--- num:  29
list:  [0.38, 0.38, 0.65, 0.65, 1, 1, 0.16199999999999998, 0.16199999999999998, 0.36, 0.36, 0.57, 0.16, 0.195, 0.16499999999999998, 1, 0.25, 0.95, 0.65, 0.29, 0.95, 0.95, 0.29, 0.29, 0.68, 0.39, 0.66, 0.4, 0.02, 0.56, 99, 99, 99]
--- num:  29
list:  [0.39, 0.39, 0.69, 0.69, 1, 1, 0.16199999999999998, 0.16199999999999998, 0.36, 0.36, 0.54, 0.19, 0.195, 0.16499999999999998, 1, 0.24, 0.955, 0.65, 0.29, 0.95, 0.96, 0.29, 0.29, 0.68, 0.39, 0.66, 0.4, 0.02, 0.58, 99, 99, 99]
--- num:  29
list:  [0.4, 0.4, 0.69, 0.69, 1, 1, 0.16199999999999998, 0.16199999999999998, 0.36, 0.36, 0.54, 0.19, 0.195, 0.16499999999999998, 1, 0.24, 0.96, 0.64, 0.29, 0.96, 0.96, 0.29, 0.29, 0.68, 0.39, 0.66, 0.4, 0.02, 0.6, 99, 99, 99]
--- num:  29
list:  [0.4, 0.4, 0.7, 0.7, 1, 1, 0.16199999999999998, 0.16199999999999998, 0.36, 0.36, 0.54, 0.19, 0.195, 0.16499999999999998, 1, 0.24, 0.96, 0.64, 0.29, 0.96, 0.96, 0.29, 0.29, 0.68, 0.39, 0.66, 0.4, 0.02, 0.6, 99, 99, 99]
--- num:  29
list:  [0.41, 0.41, 0.72, 0.72, 1, 1, 0.16199999999999998, 0.16199999999999998, 0.29, 0.29, 0.23, 0.49, 0.195, 0.18, 1, 0.24, 0.96, 0.64, 0.29, 0.96, 0.96, 0.29, 0.29, 0.68, 0.39, 0.67, 0.4, 0.02, 0.61, 99, 99, 99]
--- num:  29
list:  [0.43, 0.43, 0.76, 0.76, 1, 1, 0.16199999999999998, 0.16199999999999998, 0.28, 0.28, 0.23, 0.5, 0.20999999999999985, 0.18, 1, 0.24, 0.96, 0.64, 0.29, 0.96, 0.96, 0.29, 0.29, 0.69, 0.39, 0.67, 0.39, 0.02, 0.63, 99, 99, 99]
--- num:  29
list:  [0.43, 0.43, 0.77, 0.77, 1, 1, 0.16199999999999998, 0.16199999999999998, 0.28, 0.28, 0.22, 0.5, 0.20999999999999985, 0.195, 1, 0.24, 0.96, 0.64, 0.29, 0.96, 0.96, 0.29, 0.29, 0.69, 0.39, 0.68, 0.39, 0.02, 0.64, 99, 99, 99]
--- num:  29
list:  [0.43, 0.43, 0.78, 0.78, 1, 1, 0.16199999999999998, 0.16199999999999998, 0.29, 0.29, 0.21, 0.52, 0.20999999999999985, 0.195, 1, 0.23, 0.96, 0.64, 0.29, 0.96, 0.96, 0.29, 0.29, 0.69, 0.39, 0.68, 0.39, 0.02, 0.65, 99, 99, 99]
--- num:  29
list:  [0.44, 0.44, 0.78, 0.78, 1, 1, 0.16199999999999998, 0.16199999999999998, 0.3, 0.3, 0.19, 0.54, 0.22499999999999987, 0.195, 1, 0.23, 0.965, 0.64, 0.28, 0.96, 0.97, 0.28, 0.28, 0.7, 0.38, 0.68, 0.39, 0.02, 0.66, 99, 99, 99]
--- num:  29
list:  [0.42, 0.42, 0.75, 0.75, 1, 1, 0.16199999999999998, 0.16199999999999998, 0.3, 0.3, 0.37, 0.36, 0.23999999999999988, 0.195, 1, 0.23, 0.965, 0.64, 0.28, 0.96, 0.97, 0.28, 0.28, 0.71, 0.38, 0.68, 0.39, 0.02, 0.66, 99, 99, 99]
--- num:  29
list:  [0.42, 0.42, 0.74, 0.74, 1, 1, 0.16199999999999998, 0.16199999999999998, 0.32, 0.32, 0.71, 0.03, 0.22499999999999987, 0.18, 1, 0.24, 0.96, 0.64, 0.29, 0.96, 0.96, 0.29, 0.29, 0.7, 0.38, 0.67, 0.4, 0.02, 0.64, 99, 99, 99]
--- num:  29
list:  [0.42, 0.42, 0.74, 0.74, 1, 1, 0.16199999999999998, 0.16199999999999998, 0.34, 0.34, 0.71, 0.03, 0.20999999999999985, 0.16499999999999998, 1, 0.24, 0.96, 0.64, 0.28, 0.96, 0.96, 0.28, 0.28, 0.69, 0.39, 0.66, 0.4, 0.02, 0.64, 99, 99, 99]
--- num:  29
list:  [0.42, 0.42, 0.75, 0.75, 1, 1, 0.16199999999999998, 0.16199999999999998, 0.34, 0.34, 0.7, 0.04, 0.195, 0.16499999999999998, 1, 0.24, 0.96, 0.64, 0.28, 0.96, 0.96, 0.28, 0.28, 0.68, 0.39, 0.66, 0.4, 0.02, 0.63, 99, 99, 99]
--- num:  29
list:  [0.42, 0.42, 0.75, 0.75, 1, 1, 0.16199999999999998, 0.16199999999999998, 0.34, 0.34, 0.7, 0.03, 0.195, 0.16499999999999998, 1, 0.24, 0.965, 0.64, 0.28, 0.96, 0.97, 0.28, 0.28, 0.68, 0.39, 0.66, 0.4, 0.02, 0.63, 99, 99, 99]
--- num:  29
list:  [0.43, 0.43, 0.76, 0.76, 1, 1, 0.16199999999999998, 0.16199999999999998, 0.35, 0.35, 0.71, 0.03, 0.20999999999999985, 0.14999999999999997, 1, 0.24, 0.965, 0.64, 0.28, 0.96, 0.97, 0.28, 0.28, 0.69, 0.39, 0.65, 0.4, 0.02, 0.63, 99, 99, 99]
--- num:  29
list:  [0.43, 0.43, 0.76, 0.76, 1, 1, 0.16199999999999998, 0.16199999999999998, 0.35, 0.35, 0.72, 0.02, 0.20999999999999985, 0.14999999999999997, 1, 0.24, 0.97, 0.64, 0.28, 0.97, 0.97, 0.28, 0.28, 0.69, 0.39, 0.65, 0.4, 0.02, 0.64, 99, 99, 99]
--- num:  29
list:  [0.43, 0.43, 0.76, 0.76, 1, 1, 0.16199999999999998, 0.16199999999999998, 0.35, 0.35, 0.71, 0.02, 0.20999999999999985, 0.14999999999999997, 1, 0.23, 0.97, 0.64, 0.27, 0.97, 0.97, 0.27, 0.27, 0.69, 0.39, 0.65, 0.41, 0.02, 0.64, 99, 99, 99]
--- num:  29
list:  [0.43, 0.43, 0.76, 0.76, 1, 1, 0.16199999999999998, 0.16199999999999998, 0.34, 0.34, 0.7, 0.04, 0.20999999999999985, 0.14999999999999997, 1, 0.24, 0.97, 0.64, 0.28, 0.97, 0.97, 0.28, 0.28, 0.69, 0.39, 0.65, 0.41, 0.02, 0.64, 99, 99, 99]
--- num:  29
list:  [0.56, 0.56, 1, 1, 0.98, 0.98, 0.5277264523506164, 0.5246134805679321, 0.17, 0.17, 0.31, 0.41, 0.20999999999999985, 0.195, 1, 0.27, 0.925, 0.66, 0.35, 0.92, 0.93, 0.35, 0.35, 0.69, 0.39, 0.68, 0.39, 0.04, 0.61, 99, 99, 99]
--- num:  29
list:  [0.39, 0.39, 0.67, 0.67, 1, 1, 0.16199999999999998, 0.16199999999999998, 0.3, 0.3, 0.04, 0.7, 0.20999999999999985, 0.195, 1, 0.27, 0.93, 0.66, 0.31, 0.93, 0.93, 0.31, 0.31, 0.69, 0.39, 0.68, 0.39, 0.04, 0.52, 99, 99, 99]
--- num:  29
list:  [0.39, 0.39, 0.68, 0.68, 1, 1, 0.16199999999999998, 0.16199999999999998, 0.33, 0.33, 0.13, 0.6, 0.18, 0.18, 1, 0.27, 0.91, 0.66, 0.33, 0.91, 0.91, 0.33, 0.33, 0.67, 0.4, 0.67, 0.4, 0.03, 0.44, 99, 99, 99]
--- num:  29
list:  [0.41, 0.41, 0.73, 0.73, 1, 1, 0.16199999999999998, 0.16199999999999998, 0.34, 0.34, 0.18, 0.55, 0.16499999999999998, 0.16499999999999998, 1, 0.27, 0.92, 0.66, 0.31, 0.92, 0.92, 0.31, 0.31, 0.66, 0.4, 0.66, 0.4, 0.03, 0.4, 99, 99, 99]
--- num:  29
list:  [0.4, 0.4, 0.69, 0.69, 1, 1, 0.16199999999999998, 0.16199999999999998, 0.33, 0.33, 0.09, 0.64, 0.14999999999999997, 0.16499999999999998, 1, 0.27, 0.92, 0.66, 0.32, 0.92, 0.92, 0.32, 0.32, 0.65, 0.4, 0.66, 0.4, 0.03, 0.41, 99, 99, 99]
--- num:  29
list:  [0.56, 0.56, 1, 1, 0.98, 0.98, 0.16199999999999998, 0.16199999999999998, 0.33, 0.33, -0.05, 0.79, 0.14999999999999997, 0.14999999999999997, 1, 0.27, 0.91, 0.67, 0.34, 0.91, 0.91, 0.34, 0.34, 0.65, 0.4, 0.65, 0.4, 0.03, 0.41, 99, 99, 99]
--- num:  29
list:  [0.56, 0.56, 1, 1, 0.98, 0.98, 0.16199999999999998, 0.16199999999999998, 0.32, 0.32, -0.03, 0.77, 0.13499999999999995, 0.14999999999999997, 1, 0.27, 0.91, 0.67, 0.33, 0.91, 0.91, 0.33, 0.33, 0.64, 0.41, 0.65, 0.41, 0.03, 0.42, 99, 99, 99]
--- num:  29
list:  [0.56, 0.56, 1, 1, 0.98, 0.98, 0.3824870991706848, 0.3813824462890625, 0.18, 0.18, 0.27, 0.46, 0.14999999999999997, 0.14999999999999997, 1, 0.29, 0.9, 0.68, 0.34, 0.9, 0.9, 0.34, 0.34, 0.65, 0.41, 0.65, 0.4, 0.03, 0.42, 99, 99, 99]
--- num:  29
list:  [0.56, 0.56, 1, 1, 0.98, 0.98, 0.2197244870662689, 0.21938283324241636, 0.22, 0.22, 0.56, 0.16, 0.195, 0.16499999999999998, 1, 0.29, 0.895, 0.68, 0.33, 0.89, 0.9, 0.33, 0.33, 0.68, 0.39, 0.66, 0.4, 0.04, 0.32, 99, 99, 99]
--- num:  29
list:  [0.36, 0.36, 0.6, 0.6, 1, 1, 0.16199999999999998, 0.16199999999999998, 0.24, 0.24, 0.53, 0.2, 0.16499999999999998, 0.16499999999999998, 1, 0.26, 0.92, 0.66, 0.31, 0.92, 0.92, 0.31, 0.31, 0.66, 0.4, 0.66, 0.4, 0.03, 0.33, 99, 99, 99]
--- num:  29
list:  [0.58, 0.58, 1, 1, 0.96, 0.96, 0.5893751788139343, 0.5888809967041015, 0.1, 0.1, 0.46, 0.27, 0.20999999999999985, 0.195, 1, 0.36, 0.795, 0.73, 0.42, 0.79, 0.8, 0.42, 0.42, 0.69, 0.39, 0.68, 0.39, 0.14, 0.34, 99, 99, 99]
--- num:  29
list:  [0.58, 0.58, 1, 1, 0.96, 0.96, 0.16199999999999998, 0.16199999999999998, 0.22, 0.22, 0.45, 0.27, 0.11999999999999994, 0.13499999999999995, 1, 0.37, 0.835, 0.74, 0.5, 0.83, 0.84, 0.5, 0.5, 0.63, 0.41, 0.64, 0.41, 0.63, 0.5, 99, 99, 99]
--- num:  29
list:  [0.92, 0.92, 1, 1, 0.68, 0.68, 0.16199999999999998, 0.16199999999999998, 0.19, 0.19, 0.43, 0.29, 0.08999999999999991, 0.11999999999999994, 1, 0.36, 0.895, 0.73, 0.55, 0.89, 0.9, 0.55, 0.55, 0.61, 0.43, 0.63, 0.41, 0.79, 0.5, 99, 99, 99]
--- num:  29
list:  [0.92, 0.92, 1, 1, 0.68, 0.68, 0.16199999999999998, 0.16199999999999998, 0.14, 0.14, 0.42, 0.31, 0.0749999999999999, 0.10499999999999993, 1, 0.34, 0.915, 0.72, 0.56, 0.91, 0.92, 0.56, 0.56, 0.6, 0.43, 0.62, 0.42, 0.87, 0.5, 99, 99, 99]
--- num:  29
list:  [0.92, 0.92, 1, 1, 0.68, 0.68, 0.16199999999999998, 0.16199999999999998, 0.12, 0.12, 0.4, 0.33, 0.05999999999999989, 0.08999999999999991, 1, 0.33, 0.915, 0.71, 0.56, 0.91, 0.92, 0.56, 0.56, 0.59, 0.43, 0.61, 0.42, 0.89, 0.5, 99, 99, 99]
--- num:  29
list:  [0.92, 0.92, 1, 1, 0.68, 0.68, 0.16199999999999998, 0.16199999999999998, 0.11, 0.11, 0.39, 0.34, 0.05999999999999989, 0.0749999999999999, 1, 0.34, 0.9, 0.71, 0.56, 0.89, 0.91, 0.56, 0.56, 0.59, 0.43, 0.6, 0.43, 0.91, 0.5, 99, 99, 99]
--- num:  29
list:  [0.92, 0.92, 1, 1, 0.68, 0.68, 0.16199999999999998, 0.16199999999999998, 0.11, 0.11, 0.38, 0.34, 0.05999999999999989, 0.02999999999999986, 1, 0.34, 0.89, 0.72, 0.56, 0.88, 0.9, 0.56, 0.56, 0.59, 0.43, 0.57, 0.44, 0.92, 0.5, 99, 99, 99]
--- num:  29
list:  [0.92, 0.92, 1, 1, 0.68, 0.68, 0.16199999999999998, 0.16199999999999998, 0.12, 0.12, 0.38, 0.35, 0.11999999999999994, 0.0749999999999999, 1, 0.34, 0.88, 0.72, 0.56, 0.87, 0.89, 0.56, 0.56, 0.63, 0.41, 0.6, 0.43, 0.93, 0.5, 99, 99, 99]
--- num:  29
list:  [0.92, 0.92, 1, 1, 0.68, 0.68, 0.16199999999999998, 0.16199999999999998, 0.15, 0.15, 0.36, 0.36, 0.11999999999999994, 0.0749999999999999, 1, 0.34, 0.88, 0.72, 0.56, 0.87, 0.89, 0.56, 0.56, 0.63, 0.41, 0.6, 0.43, 0.93, 0.5, 99, 99, 99]
--- num:  29
list:  [0.92, 0.92, 1, 1, 0.68, 0.68, 0.16199999999999998, 0.16199999999999998, 0.14, 0.14, 0.36, 0.37, 0.11999999999999994, 0.0749999999999999, 1, 0.34, 0.875, 0.72, 0.56, 0.87, 0.88, 0.56, 0.56, 0.63, 0.41, 0.6, 0.43, 0.93, 0.5, 99, 99, 99]
--- num:  29
list:  [0.92, 0.92, 1, 1, 0.68, 0.68, 0.16199999999999998, 0.16199999999999998, 0.14, 0.14, 0.36, 0.37, 0.11999999999999994, 0.0749999999999999, 1, 0.34, 0.87, 0.72, 0.56, 0.86, 0.88, 0.56, 0.56, 0.63, 0.42, 0.6, 0.43, 0.93, 0.5, 99, 99, 99]
--- num:  29
list:  [0.92, 0.92, 1, 1, 0.68, 0.68, 0.16199999999999998, 0.16199999999999998, 0.14, 0.14, 0.37, 0.35, 0.11999999999999994, 0.0749999999999999, 1, 0.34, 0.87, 0.72, 0.56, 0.86, 0.88, 0.56, 0.56, 0.63, 0.42, 0.6, 0.43, 0.93, 0.5, 99, 99, 99]
--- num:  29
list:  [0.92, 0.92, 1, 1, 0.68, 0.68, 0.16199999999999998, 0.16199999999999998, 0.14, 0.14, 0.39, 0.34, 0.11999999999999994, 0.0749999999999999, 1, 0.34, 0.86, 0.72, 0.56, 0.85, 0.87, 0.56, 0.56, 0.63, 0.41, 0.6, 0.43, 0.93, 0.5, 99, 99, 99]
--- num:  29
list:  [0.92, 0.92, 1, 1, 0.68, 0.68, 0.16199999999999998, 0.16199999999999998, 0.14, 0.14, 0.39, 0.33, 0.11999999999999994, 0.05999999999999989, 1, 0.34, 0.86, 0.72, 0.56, 0.85, 0.87, 0.56, 0.56, 0.63, 0.42, 0.59, 0.43, 0.93, 0.5, 99, 99, 99]
--- num:  29
list:  [0.92, 0.92, 1, 1, 0.68, 0.68, 0.16199999999999998, 0.16199999999999998, 0.14, 0.14, 0.4, 0.33, 0.11999999999999994, 0.05999999999999989, 1, 0.34, 0.86, 0.72, 0.56, 0.85, 0.87, 0.56, 0.56, 0.63, 0.42, 0.59, 0.43, 0.93, 0.5, 99, 99, 99]
--- num:  29
list:  [0.92, 0.92, 1, 1, 0.68, 0.68, 0.16199999999999998, 0.16199999999999998, 0.15, 0.15, 0.4, 0.33, 0.13499999999999995, 0.08999999999999991, 1, 0.34, 0.86, 0.72, 0.56, 0.85, 0.87, 0.56, 0.56, 0.64, 0.41, 0.61, 0.42, 0.93, 0.5, 99, 99, 99]
--- num:  29
list:  [0.92, 0.92, 1, 1, 0.68, 0.68, 0.16199999999999998, 0.16199999999999998, 0.15, 0.15, 0.39, 0.34, 0.14999999999999997, 0.08999999999999991, 1, 0.34, 0.86, 0.72, 0.56, 0.85, 0.87, 0.56, 0.56, 0.65, 0.41, 0.61, 0.42, 0.92, 0.5, 99, 99, 99]
--- num:  29
list:  [0.92, 0.92, 1, 1, 0.68, 0.68, 0.16199999999999998, 0.16199999999999998, 0.15, 0.15, 0.38, 0.34, 0.11999999999999994, 0.08999999999999991, 1, 0.34, 0.86, 0.72, 0.56, 0.85, 0.87, 0.56, 0.56, 0.63, 0.42, 0.61, 0.42, 0.92, 0.5, 99, 99, 99]
--- num:  29
list:  [0.92, 0.92, 1, 1, 0.68, 0.68, 0.16199999999999998, 0.16199999999999998, 0.17, 0.17, 0.38, 0.35, 0.10499999999999993, 0.0749999999999999, 1, 0.34, 0.865, 0.72, 0.56, 0.86, 0.87, 0.56, 0.56, 0.62, 0.42, 0.6, 0.43, 0.92, 0.5, 99, 99, 99]
--- num:  29
list:  [0.92, 0.92, 1, 1, 0.68, 0.68, 0.16199999999999998, 0.16199999999999998, 0.19, 0.19, 0.37, 0.35, 0.08999999999999991, 0.05999999999999989, 1, 0.34, 0.87, 0.72, 0.56, 0.86, 0.88, 0.56, 0.56, 0.61, 0.42, 0.59, 0.43, 0.92, 0.5, 99, 99, 99]
--- num:  29
list:  [0.92, 0.92, 1, 1, 0.68, 0.68, 0.16199999999999998, 0.16199999999999998, 0.19, 0.19, 0.37, 0.35, 0.0749999999999999, 0.05999999999999989, 1, 0.34, 0.87, 0.72, 0.56, 0.86, 0.88, 0.56, 0.56, 0.6, 0.43, 0.59, 0.43, 0.91, 0.5, 99, 99, 99]
--- num:  29
list:  [0.92, 0.92, 1, 1, 0.68, 0.68, 0.16199999999999998, 0.16199999999999998, 0.21, 0.2, 0.38, 0.35, 0.04499999999999987, 0.04499999999999987, 1, 0.35, 0.885, 0.72, 0.56, 0.88, 0.89, 0.56, 0.56, 0.58, 0.44, 0.58, 0.44, 0.91, 0.5, 99, 99, 99]
--- num:  29
list:  [0.92, 0.92, 1, 1, 0.68, 0.68, 0.16199999999999998, 0.16199999999999998, 0.2, 0.2, 0.38, 0.35, 0.05999999999999989, 0.05999999999999989, 1, 0.35, 0.885, 0.72, 0.56, 0.88, 0.89, 0.56, 0.56, 0.59, 0.43, 0.59, 0.43, 0.9, 0.5, 99, 99, 99]
--- num:  29
list:  [0.92, 0.92, 1, 1, 0.68, 0.68, 0.16199999999999998, 0.16199999999999998, 0.2, 0.2, 0.37, 0.35, 0.02999999999999986, 0.015000000000000013, 1, 0.35, 0.885, 0.72, 0.56, 0.88, 0.89, 0.56, 0.56, 0.57, 0.44, 0.56, 0.44, 0.9, 0.5, 99, 99, 99]
--- num:  29
list:  [0.92, 0.92, 1, 1, 0.68, 0.68, 0.16199999999999998, 0.16199999999999998, 0.2, 0.2, 0.31, 0.41, 0.02999999999999986, 0.015000000000000013, 1, 0.35, 0.885, 0.72, 0.56, 0.88, 0.89, 0.56, 0.56, 0.57, 0.44, 0.56, 0.45, 0.89, 0.5, 99, 99, 99]
--- num:  29
list:  [0.92, 0.92, 1, 1, 0.68, 0.68, 0.16199999999999998, 0.16199999999999998, 0.2, 0.2, 0.26, 0.46, 0.02999999999999986, 0.015000000000000013, 1, 0.35, 0.885, 0.73, 0.56, 0.88, 0.89, 0.56, 0.56, 0.57, 0.44, 0.56, 0.45, 0.88, 0.5, 99, 99, 99]
--- num:  29
list:  [0.92, 0.92, 1, 1, 0.68, 0.68, 0.16199999999999998, 0.16199999999999998, 0.2, 0.2, 0.27, 0.46, 0.04499999999999987, 0.04499999999999987, 1, 0.35, 0.885, 0.73, 0.56, 0.88, 0.89, 0.56, 0.56, 0.58, 0.43, 0.58, 0.44, 0.87, 0.5, 99, 99, 99]
--- num:  29
list:  [0.92, 0.92, 1, 1, 0.68, 0.68, 0.28590459704399107, 0.2845895993709564, 0.19, 0.19, 0.27, 0.45, 0.05999999999999989, 0.04499999999999987, 1, 0.36, 0.865, 0.73, 0.56, 0.85, 0.88, 0.56, 0.56, 0.59, 0.43, 0.58, 0.44, 0.86, 0.5, 99, 99, 99]
--- num:  29
list:  [0.9, 0.9, 1, 1, 0.7, 0.7, 0.16199999999999998, 0.16199999999999998, 0.22, 0.22, 0.28, 0.44, 0.0749999999999999, 0.05999999999999989, 1, 0.38, 0.87, 0.74, 0.56, 0.86, 0.88, 0.56, 0.56, 0.6, 0.43, 0.59, 0.43, 0.84, 0.5, 99, 99, 99]
--- num:  29
list:  [0.92, 0.92, 1, 1, 0.69, 0.69, 0.16199999999999998, 0.16199999999999998, 0.23, 0.23, 0.29, 0.43, 0.0749999999999999, 0.05999999999999989, 1, 0.36, 0.88, 0.74, 0.56, 0.87, 0.89, 0.56, 0.56, 0.6, 0.43, 0.59, 0.43, 0.84, 0.5, 99, 99, 99]
--- num:  29
list:  [0.92, 0.92, 1, 1, 0.68, 0.68, 0.16199999999999998, 0.16199999999999998, 0.24, 0.24, 0.31, 0.41, 0.0749999999999999, 0.05999999999999989, 1, 0.36, 0.88, 0.73, 0.56, 0.87, 0.89, 0.56, 0.56, 0.6, 0.43, 0.59, 0.43, 0.84, 0.5, 99, 99, 99]
--- num:  29
list:  [0.91, 0.91, 1, 1, 0.69, 0.69, 0.16199999999999998, 0.16199999999999998, 0.24, 0.24, 0.35, 0.37, 0.0749999999999999, 0.05999999999999989, 1, 0.35, 0.885, 0.72, 0.56, 0.88, 0.89, 0.56, 0.56, 0.6, 0.43, 0.59, 0.43, 0.84, 0.5, 99, 99, 99]
--- num:  29
list:  [0.84, 0.84, 1, 1, 0.75, 0.75, 0.5460954713821411, 0.5450495886802673, 0.11, 0.11, 0.4, 0.33, 0.08999999999999991, 0.0749999999999999, 1, 0.35, 0.84, 0.73, 0.56, 0.83, 0.85, 0.56, 0.56, 0.61, 0.42, 0.6, 0.43, 0.8, 0.5, 99, 99, 99]
--- num:  29
list:  [0.85, 0.85, 1, 1, 0.74, 0.74, 0.16199999999999998, 0.16199999999999998, 0.23, 0.23, 0.46, 0.26, 0.0749999999999999, 0.0749999999999999, 1, 0.36, 0.87, 0.73, 0.56, 0.87, 0.87, 0.56, 0.56, 0.6, 0.43, 0.6, 0.43, 0.8, 0.5, 99, 99, 99]
--- num:  29
list:  [0.83, 0.83, 1, 1, 0.76, 0.76, 0.16199999999999998, 0.16199999999999998, 0.24, 0.24, 0.48, 0.24, 0.0749999999999999, 0.0749999999999999, 1, 0.35, 0.87, 0.72, 0.56, 0.87, 0.87, 0.56, 0.56, 0.6, 0.43, 0.6, 0.43, 0.8, 0.5, 99, 99, 99]
--- num:  29
list:  [0.82, 0.82, 1, 1, 0.76, 0.76, 0.16199999999999998, 0.16199999999999998, 0.23, 0.23, 0.47, 0.25, 0.08999999999999991, 0.08999999999999991, 1, 0.34, 0.855, 0.72, 0.56, 0.85, 0.86, 0.56, 0.56, 0.61, 0.43, 0.61, 0.42, 0.79, 0.5, 99, 99, 99]
--- num:  29
list:  [0.83, 0.83, 1, 1, 0.76, 0.76, 0.16199999999999998, 0.16199999999999998, 0.23, 0.23, 0.43, 0.29, 0.08999999999999991, 0.08999999999999991, 1, 0.34, 0.855, 0.71, 0.56, 0.85, 0.86, 0.56, 0.56, 0.61, 0.42, 0.61, 0.42, 0.8, 0.5, 99, 99, 99]
--- num:  29
list:  [0.82, 0.82, 1, 1, 0.77, 0.77, 0.16199999999999998, 0.16199999999999998, 0.23, 0.23, 0.41, 0.31, 0.0749999999999999, 0.08999999999999991, 1, 0.34, 0.86, 0.72, 0.56, 0.86, 0.86, 0.56, 0.56, 0.6, 0.43, 0.61, 0.42, 0.81, 0.5, 99, 99, 99]
--- num:  29
list:  [0.81, 0.81, 1, 1, 0.78, 0.78, 0.16199999999999998, 0.16199999999999998, 0.22, 0.22, 0.39, 0.33, 0.0749999999999999, 0.0749999999999999, 1, 0.34, 0.865, 0.72, 0.56, 0.86, 0.87, 0.56, 0.56, 0.6, 0.43, 0.6, 0.43, 0.82, 0.5, 99, 99, 99]
--- num:  29
list:  [0.81, 0.81, 1, 1, 0.78, 0.78, 0.16199999999999998, 0.16199999999999998, 0.21, 0.21, 0.36, 0.36, 0.0749999999999999, 0.0749999999999999, 1, 0.35, 0.86, 0.72, 0.56, 0.85, 0.87, 0.56, 0.56, 0.6, 0.43, 0.6, 0.43, 0.82, 0.5, 99, 99, 99]
--- num:  29
list:  [0.74, 0.74, 1, 1, 0.83, 0.83, 0.16199999999999998, 0.16199999999999998, 0.24, 0.24, 0.33, 0.4, 0.08999999999999991, 0.0749999999999999, 1, 0.35, 0.85, 0.72, 0.56, 0.84, 0.86, 0.56, 0.56, 0.61, 0.42, 0.6, 0.43, 0.8, 0.5, 99, 99, 99]
--- num:  29
list:  [0.75, 0.75, 1, 1, 0.82, 0.82, 0.16199999999999998, 0.16199999999999998, 0.23, 0.23, 0.29, 0.43, 0.08999999999999991, 0.0749999999999999, 1, 0.35, 0.85, 0.73, 0.54, 0.84, 0.86, 0.54, 0.54, 0.61, 0.42, 0.6, 0.43, 0.8, 0.5, 99, 99, 99]
--- num:  29
list:  [0.75, 0.75, 1, 1, 0.82, 0.82, 0.16199999999999998, 0.16199999999999998, 0.23, 0.23, 0.29, 0.43, 0.0749999999999999, 0.0749999999999999, 1, 0.36, 0.845, 0.73, 0.54, 0.83, 0.86, 0.54, 0.54, 0.6, 0.43, 0.6, 0.43, 0.78, 0.5, 99, 99, 99]
--- num:  29
list:  [0.73, 0.73, 1, 1, 0.84, 0.84, 0.16199999999999998, 0.16199999999999998, 0.22, 0.22, 0.29, 0.43, 0.08999999999999991, 0.10499999999999993, 1, 0.36, 0.825, 0.73, 0.54, 0.81, 0.84, 0.54, 0.54, 0.61, 0.42, 0.62, 0.42, 0.77, 0.5, 99, 99, 99]
--- num:  29
list:  [0.73, 0.73, 1, 1, 0.83, 0.83, 0.16199999999999998, 0.16199999999999998, 0.21, 0.21, 0.3, 0.43, 0.10499999999999993, 0.10499999999999993, 1, 0.36, 0.825, 0.73, 0.55, 0.81, 0.84, 0.55, 0.55, 0.62, 0.42, 0.62, 0.42, 0.81, 0.5, 99, 99, 99]
--- num:  29
list:  [0.76, 0.76, 1, 1, 0.82, 0.82, 0.16199999999999998, 0.16199999999999998, 0.2, 0.2, 0.31, 0.41, 0.11999999999999994, 0.10499999999999993, 1, 0.36, 0.83, 0.73, 0.54, 0.82, 0.84, 0.54, 0.54, 0.63, 0.42, 0.62, 0.42, 0.85, 0.5, 99, 99, 99]
--- num:  29
list:  [0.77, 0.77, 1, 1, 0.81, 0.81, 0.16199999999999998, 0.16199999999999998, 0.2, 0.2, 0.32, 0.41, 0.10499999999999993, 0.10499999999999993, 1, 0.36, 0.83, 0.73, 0.54, 0.82, 0.84, 0.54, 0.54, 0.62, 0.42, 0.62, 0.42, 0.86, 0.5, 99, 99, 99]
--- num:  29
list:  [0.81, 0.81, 1, 1, 0.77, 0.77, 0.16199999999999998, 0.16199999999999998, 0.21, 0.21, 0.33, 0.4, 0.08999999999999991, 0.05999999999999989, 0.75, 0.36, 0.83, 0.73, 0.56, 0.82, 0.84, 0.56, 0.56, 0.61, 0.43, 0.59, 0.43, 0.9, 0.5, 99, 99, 99]
--- num:  29
list:  [0.91, 0.91, 1, 1, 0.69, 0.69, 0.16199999999999998, 0.16199999999999998, 0.19, 0.19, 0.32, 0.4, 0.04499999999999987, 0.015000000000000013, 0.75, 0.36, 0.86, 0.73, 0.56, 0.85, 0.87, 0.56, 0.56, 0.58, 0.44, 0.56, 0.44, 0.93, 0.5, 99, 99, 99]
--- num:  29
list:  [0.91, 0.91, 1, 1, 0.69, 0.69, 0.16199999999999998, 0.16199999999999998, 0.19, 0.19, 0.33, 0.4, 0.02999999999999986, 0.015000000000000013, 1, 0.35, 0.87, 0.73, 0.56, 0.86, 0.88, 0.56, 0.56, 0.57, 0.44, 0.56, 0.45, 0.93, 0.5, 99, 99, 99]
--- num:  29
list:  [0.88, 0.88, 1, 1, 0.71, 0.71, 0.16199999999999998, 0.16199999999999998, 0.39, 0.39, 0.68, 0.05, 0.015000000000000013, 0, 1, 0.35, 0.87, 0.73, 0.56, 0.86, 0.88, 0.56, 0.56, 0.56, 0.45, 0.53, 0.49, 0.93, 0.5, 99, 99, 99]
--- num:  29
list:  [0.88, 0.88, 1, 1, 0.71, 0.71, 0.16199999999999998, 0.16199999999999998, 0.42, 0.42, 0.68, 0.06, 0, 0, 1, 0.36, 0.875, 0.73, 0.56, 0.86, 0.89, 0.56, 0.56, 0.54, 0.47, 0.51, 0.53, 0.93, 0.5, 99, 99, 99]
--- num:  29
list:  [0.88, 0.88, 1, 1, 0.72, 0.72, 0.16199999999999998, 0.16199999999999998, 0.42, 0.42, 0.69, 0.05, 0, 0, 1, 0.36, 0.885, 0.73, 0.56, 0.88, 0.89, 0.56, 0.56, 0.52, 0.5, 0.49, 0.57, 0.93, 0.5, 99, 99, 99]
--- num:  29
list:  [0.87, 0.87, 1, 1, 0.72, 0.72, 0.16199999999999998, 0.16199999999999998, 0.44, 0.44, 0.69, 0.05, 0, 0, 1, 0.36, 0.89, 0.73, 0.56, 0.88, 0.9, 0.56, 0.56, 0.52, 0.5, 0.49, 0.57, 0.93, 0.5, 99, 99, 99]
--- num:  29
list:  [0.88, 0.88, 1, 1, 0.72, 0.72, 0.16199999999999998, 0.16199999999999998, 0.5, 0.5, 0.7, 0.04, 0, 0, 1, 0.36, 0.895, 0.73, 0.56, 0.89, 0.9, 0.56, 0.56, 0.52, 0.51, 0.48, 0.59, 0.94, 0.5, 99, 99, 99]
--- num:  29
list:  [0.92, 0.92, 1, 1, 0.68, 0.68, 0.16199999999999998, 0.16199999999999998, 0.53, 0.53, 0.76, -0.02, 0, 0, 1, 0.35, 0.905, 0.73, 0.56, 0.9, 0.91, 0.56, 0.56, 0.47, 0.61, 0.43, 0.68, 0.94, 0.5, 99, 99, 99]
--- num:  29
list:  [0.92, 0.92, 1, 1, 0.68, 0.68, 0.16199999999999998, 0.16199999999999998, 0.53, 0.53, 0.77, -0.03, 0, 0, 1, 0.35, 0.92, 0.73, 0.56, 0.92, 0.92, 0.56, 0.56, 0.41, 0.72, 0.37, 0.8, 0.95, 0.5, 99, 99, 99]
--- num:  29
list:  [0.92, 0.92, 1, 1, 0.68, 0.68, 0.16199999999999998, 0.16199999999999998, 0.43, 0.43, 0.63, 0.1, 0, 0, 1, 0.35, 0.925, 0.73, 0.56, 0.92, 0.93, 0.56, 0.56, 0.43, 0.68, 0.41, 0.73, 0.95, 0.5, 99, 99, 99]
--- num:  29
list:  [0.92, 0.92, 1, 1, 0.68, 0.68, 0.16199999999999998, 0.16199999999999998, 0.2, 0.2, 0.41, 0.31, 0, 0, 1, 0.33, 0.915, 0.71, 0.56, 0.91, 0.92, 0.56, 0.56, 0.48, 0.58, 0.48, 0.59, 0.95, 0.5, 99, 99, 99]
--- num:  29
list:  [0.92, 0.92, 1, 1, 0.68, 0.68, 0.16199999999999998, 0.16199999999999998, 0.2, 0.2, 0.41, 0.31, 0, 0, 1, 0.33, 0.915, 0.71, 0.56, 0.91, 0.92, 0.56, 0.56, 0.49, 0.57, 0.48, 0.58, 0.95, 0.5, 99, 99, 99]
--- num:  29
list:  [0.92, 0.92, 1, 1, 0.68, 0.68, 0.16199999999999998, 0.16199999999999998, 0.21, 0.21, 0.41, 0.31, 0, 0, 1, 0.32, 0.9, 0.7, 0.56, 0.9, 0.9, 0.56, 0.56, 0.52, 0.52, 0.52, 0.51, 0.95, 0.5, 99, 99, 99]
--- num:  29
list:  [0.92, 0.92, 1, 1, 0.68, 0.68, 0.16199999999999998, 0.16199999999999998, 0.22, 0.22, 0.42, 0.3, 0, 0, 1, 0.32, 0.895, 0.7, 0.56, 0.89, 0.9, 0.56, 0.56, 0.52, 0.52, 0.52, 0.51, 0.95, 0.5, 99, 99, 99]
--- num:  29
list:  [0.91, 0.91, 1, 1, 0.69, 0.69, 0.16199999999999998, 0.16199999999999998, 0.22, 0.22, 0.41, 0.31, 0, 0, 1, 0.32, 0.89, 0.7, 0.56, 0.89, 0.89, 0.56, 0.56, 0.54, 0.47, 0.54, 0.47, 0.94, 0.5, 99, 99, 99]
--- num:  29
list:  [0.89, 0.89, 1, 1, 0.71, 0.71, 0.16199999999999998, 0.16199999999999998, 0.23, 0.23, 0.38, 0.34, 0, 0, 1, 0.32, 0.885, 0.7, 0.56, 0.88, 0.89, 0.56, 0.56, 0.54, 0.46, 0.54, 0.46, 0.93, 0.5, 99, 99, 99]
--- num:  29
list:  [0.85, 0.85, 1, 1, 0.74, 0.74, 0.16199999999999998, 0.16199999999999998, 0.24, 0.24, 0.37, 0.35, 0, 0, 1, 0.32, 0.885, 0.7, 0.56, 0.88, 0.89, 0.56, 0.56, 0.55, 0.46, 0.55, 0.46, 0.92, 0.5, 99, 99, 99]
--- num:  29
list:  [0.85, 0.85, 1, 1, 0.74, 0.74, 0.16199999999999998, 0.16199999999999998, 0.25, 0.25, 0.36, 0.36, 0, 0, 1, 0.32, 0.885, 0.7, 0.56, 0.88, 0.89, 0.56, 0.56, 0.55, 0.45, 0.55, 0.46, 0.92, 0.5, 99, 99, 99]
--- num:  29
list:  [0.84, 0.84, 1, 1, 0.75, 0.75, 0.16199999999999998, 0.16199999999999998, 0.26, 0.26, 0.35, 0.37, 0.015000000000000013, 0, 1, 0.32, 0.885, 0.71, 0.56, 0.88, 0.89, 0.56, 0.56, 0.56, 0.45, 0.55, 0.45, 0.92, 0.5, 99, 99, 99]
--- num:  29
list:  [0.82, 0.82, 1, 1, 0.77, 0.77, 0.16199999999999998, 0.16199999999999998, 0.27, 0.27, 0.34, 0.38, 0.02999999999999986, 0.015000000000000013, 1, 0.33, 0.885, 0.71, 0.56, 0.88, 0.89, 0.56, 0.56, 0.57, 0.44, 0.56, 0.44, 0.9, 0.5, 99, 99, 99]
--- num:  29
list:  [0.78, 0.78, 1, 1, 0.8, 0.8, 0.16199999999999998, 0.16199999999999998, 0.26, 0.26, 0.33, 0.39, 0.0749999999999999, 0.0749999999999999, 1, 0.32, 0.875, 0.71, 0.56, 0.86, 0.89, 0.56, 0.56, 0.6, 0.43, 0.6, 0.43, 0.87, 0.5, 99, 99, 99]
--- num:  29
list:  [0.73, 0.73, 1, 1, 0.84, 0.84, 0.16199999999999998, 0.16199999999999998, 0.26, 0.26, 0.32, 0.4, 0.04499999999999987, 0.015000000000000013, 1, 0.32, 0.875, 0.71, 0.56, 0.85, 0.9, 0.56, 0.56, 0.58, 0.44, 0.56, 0.45, 0.84, 0.5, 99, 99, 99]
--- num:  29
list:  [0.72, 0.72, 1, 1, 0.84, 0.84, 0.16199999999999998, 0.16199999999999998, 0.26, 0.26, 0.31, 0.41, 0.0749999999999999, 0.04499999999999987, 1, 0.33, 0.865, 0.71, 0.56, 0.84, 0.89, 0.56, 0.56, 0.6, 0.43, 0.58, 0.44, 0.84, 0.5, 99, 99, 99]
--- num:  29
list:  [0.7, 0.7, 1, 1, 0.86, 0.86, 0.4999776291847229, 0.49199471950531004, 0.14, 0.14, 0.34, 0.39, 0.13499999999999995, 0.11999999999999994, 1, 0.33, 0.8300000000000001, 0.71, 0.56, 0.81, 0.85, 0.56, 0.56, 0.64, 0.41, 0.63, 0.42, 0.85, 0.5, 99, 99, 99]
--- num:  29
list:  [0.62, 0.62, 1, 1, 0.92, 0.92, 0.16199999999999998, 0.16199999999999998, 0.27, 0.27, 0.34, 0.38, 0.10499999999999993, 0.0749999999999999, 1, 0.33, 0.85, 0.71, 0.56, 0.84, 0.86, 0.56, 0.56, 0.62, 0.42, 0.6, 0.43, 0.83, 0.5, 99, 99, 99]
--- num:  29
list:  [0.6, 0.6, 1, 1, 0.94, 0.94, 0.16199999999999998, 0.16199999999999998, 0.28, 0.28, 0.35, 0.37, 0.10499999999999993, 0.0749999999999999, 1, 0.33, 0.85, 0.71, 0.56, 0.84, 0.86, 0.56, 0.56, 0.62, 0.42, 0.6, 0.43, 0.78, 0.5, 99, 99, 99]
--- num:  29
list:  [0.59, 0.59, 1, 1, 0.95, 0.95, 0.16199999999999998, 0.16199999999999998, 0.29, 0.29, 0.37, 0.35, 0.11999999999999994, 0.0749999999999999, 1, 0.35, 0.81, 0.73, 0.55, 0.8, 0.82, 0.55, 0.55, 0.63, 0.42, 0.6, 0.43, 0.64, 0.5, 99, 99, 99]
--- num:  29
list:  [0.57, 0.57, 1, 1, 0.97, 0.97, 0.16199999999999998, 0.16199999999999998, 0.3, 0.3, 0.36, 0.36, 0.16499999999999998, 0.11999999999999994, 1, 0.38, 0.79, 0.75, 0.52, 0.78, 0.8, 0.52, 0.52, 0.66, 0.4, 0.63, 0.42, 0.47, 0.5, 99, 99, 99]
--- num:  29
list:  [0.56, 0.56, 1, 1, 0.97, 0.97, 0.16199999999999998, 0.16199999999999998, 0.31, 0.31, 0.35, 0.37, 0.195, 0.16499999999999998, 1, 0.38, 0.755, 0.74, 0.53, 0.75, 0.76, 0.53, 0.53, 0.68, 0.39, 0.66, 0.4, 0.2, 0.27, 99, 99, 99]
--- num:  29
list:  [0.37, 0.37, 0.63, 0.63, 1, 1, 0.16199999999999998, 0.16199999999999998, 0.32, 0.32, 0.35, 0.37, 0.23999999999999988, 0.20999999999999985, 1, 0.28, 0.91, 0.67, 0.35, 0.91, 0.91, 0.35, 0.35, 0.71, 0.38, 0.69, 0.39, 0.06, 0.39, 99, 99, 99]
--- num:  29
list:  [0.39, 0.39, 0.67, 0.67, 1, 1, 0.16199999999999998, 0.16199999999999998, 0.32, 0.32, 0.34, 0.38, 0.2549999999999999, 0.22499999999999987, 1, 0.25, 0.955, 0.65, 0.28, 0.95, 0.96, 0.28, 0.28, 0.72, 0.37, 0.7, 0.38, 0.03, 0.46, 99, 99, 99]
--- num:  29
list:  [0.4, 0.4, 0.69, 0.69, 1, 1, 0.16199999999999998, 0.16199999999999998, 0.33, 0.33, 0.35, 0.37, 0.2699999999999999, 0.2549999999999999, 1, 0.23, 0.97, 0.64, 0.27, 0.97, 0.97, 0.27, 0.27, 0.73, 0.37, 0.72, 0.38, 0.02, 0.5, 99, 99, 99]
--- num:  29
list:  [0.4, 0.4, 0.71, 0.71, 1, 1, 0.16199999999999998, 0.16199999999999998, 0.34, 0.34, 0.35, 0.37, 0.2849999999999999, 0.2549999999999999, 1, 0.23, 0.97, 0.63, 0.27, 0.97, 0.97, 0.27, 0.27, 0.74, 0.37, 0.72, 0.37, 0.02, 0.52, 99, 99, 99]
--- num:  29
list:  [0.41, 0.41, 0.71, 0.71, 1, 1, 0.16199999999999998, 0.16199999999999998, 0.34, 0.34, 0.35, 0.37, 0.2849999999999999, 0.2549999999999999, 1, 0.23, 0.975, 0.63, 0.27, 0.97, 0.98, 0.27, 0.27, 0.74, 0.37, 0.72, 0.37, 0.02, 0.54, 99, 99, 99]
--- num:  29
list:  [0.4, 0.4, 0.7, 0.7, 1, 1, 0.16199999999999998, 0.16199999999999998, 0.33, 0.33, 0.36, 0.36, 0.2849999999999999, 0.2549999999999999, 1, 0.22, 0.98, 0.63, 0.27, 0.98, 0.98, 0.27, 0.27, 0.74, 0.37, 0.72, 0.37, 0.02, 0.54, 99, 99, 99]
--- num:  29
list:  [0.34, 0.34, 0.56, 0.56, 1, 1, 0.16199999999999998, 0.16199999999999998, 0.41, 0.41, 0.54, 0.18, 0.2699999999999999, 0.2549999999999999, 1, 0.22, 0.98, 0.63, 0.27, 0.98, 0.98, 0.27, 0.27, 0.73, 0.37, 0.72, 0.38, 0.02, 0.54, 99, 99, 99]
--- num:  29
list:  [0.36, 0.36, 0.6, 0.6, 1, 1, 0.16199999999999998, 0.16199999999999998, 0.44, 0.44, 0.58, 0.15, 0.2699999999999999, 0.22499999999999987, 1, 0.23, 0.98, 0.63, 0.27, 0.98, 0.98, 0.27, 0.27, 0.73, 0.37, 0.7, 0.38, 0.02, 0.54, 99, 99, 99]
--- num:  29
list:  [0.36, 0.36, 0.61, 0.61, 1, 1, 0.16199999999999998, 0.16199999999999998, 0.45, 0.45, 0.55, 0.18, 0.2549999999999999, 0.22499999999999987, 1, 0.23, 0.98, 0.63, 0.28, 0.98, 0.98, 0.28, 0.28, 0.72, 0.37, 0.7, 0.38, 0.02, 0.54, 99, 99, 99]
--- num:  29
list:  [0.38, 0.38, 0.64, 0.64, 1, 1, 0.16199999999999998, 0.16199999999999998, 0.45, 0.45, 0.57, 0.16, 0.2549999999999999, 0.20999999999999985, 1, 0.23, 0.98, 0.63, 0.28, 0.98, 0.98, 0.28, 0.28, 0.72, 0.38, 0.69, 0.39, 0.02, 0.53, 99, 99, 99]
--- num:  29
list:  [0.39, 0.39, 0.67, 0.67, 1, 1, 0.16199999999999998, 0.16199999999999998, 0.46, 0.46, 0.57, 0.16, 0.22499999999999987, 0.18, 1, 0.23, 0.98, 0.63, 0.28, 0.98, 0.98, 0.28, 0.28, 0.7, 0.39, 0.67, 0.39, 0.02, 0.53, 99, 99, 99]
--- num:  29
list:  [0.39, 0.39, 0.67, 0.67, 1, 1, 0.16199999999999998, 0.16199999999999998, 0.45, 0.45, 0.55, 0.18, 0.20999999999999985, 0.16499999999999998, 1, 0.23, 0.98, 0.64, 0.28, 0.98, 0.98, 0.28, 0.28, 0.69, 0.39, 0.66, 0.4, 0.02, 0.53, 99, 99, 99]
--- num:  29
list:  [0.41, 0.41, 0.72, 0.72, 1, 1, 0.16199999999999998, 0.16199999999999998, 0.44, 0.44, 0.5, 0.22, 0.195, 0.16499999999999998, 1, 0.23, 0.975, 0.64, 0.28, 0.97, 0.98, 0.28, 0.28, 0.68, 0.39, 0.66, 0.4, 0.02, 0.53, 99, 99, 99]
--- num:  29
list:  [0.37, 0.37, 0.63, 0.63, 1, 1, 0.16199999999999998, 0.16199999999999998, 0.3, 0.3, 0.42, 0.31, 0.195, 0.14999999999999997, 1, 0.23, 0.97, 0.64, 0.29, 0.97, 0.97, 0.29, 0.29, 0.68, 0.39, 0.65, 0.4, 0.02, 0.51, 99, 99, 99]
--- num:  29
list:  [0.41, 0.41, 0.73, 0.73, 1, 1, 0.16199999999999998, 0.16199999999999998, 0.25, 0.25, 0.39, 0.34, 0.195, 0.16499999999999998, 1, 0.24, 0.955, 0.64, 0.29, 0.95, 0.96, 0.29, 0.29, 0.68, 0.39, 0.66, 0.4, 0.02, 0.48, 99, 99, 99]
--- num:  29
list:  [0.42, 0.42, 0.74, 0.74, 1, 1, 0.16199999999999998, 0.16199999999999998, 0.28, 0.28, 0.39, 0.34, 0.195, 0.16499999999999998, 1, 0.23, 0.96, 0.64, 0.27, 0.96, 0.96, 0.27, 0.27, 0.68, 0.39, 0.66, 0.4, 0.02, 0.48, 99, 99, 99]
--- num:  29
list:  [0.43, 0.43, 0.76, 0.76, 1, 1, 0.16199999999999998, 0.16199999999999998, 0.3, 0.3, 0.39, 0.34, 0.195, 0.16499999999999998, 1, 0.23, 0.975, 0.63, 0.27, 0.97, 0.98, 0.27, 0.27, 0.68, 0.39, 0.66, 0.4, 0.02, 0.49, 99, 99, 99]
--- num:  29
list:  [0.42, 0.42, 0.74, 0.74, 1, 1, 0.16199999999999998, 0.16199999999999998, 0.33, 0.33, 0.39, 0.33, 0.195, 0.16499999999999998, 1, 0.22, 0.98, 0.63, 0.26, 0.98, 0.98, 0.26, 0.26, 0.68, 0.39, 0.66, 0.4, 0.02, 0.5, 99, 99, 99]
--- num:  29
list:  [0.4, 0.4, 0.7, 0.7, 1, 1, 0.16199999999999998, 0.16199999999999998, 0.32, 0.32, 0.4, 0.32, 0.195, 0.16499999999999998, 1, 0.22, 0.98, 0.63, 0.26, 0.98, 0.98, 0.26, 0.26, 0.68, 0.39, 0.66, 0.4, 0.01, 0.51, 99, 99, 99]
--- num:  29
list:  [0.42, 0.42, 0.75, 0.75, 1, 1, 0.16199999999999998, 0.16199999999999998, 0.29, 0.29, 0.4, 0.33, 0.14999999999999997, 0.14999999999999997, 1, 0.22, 0.98, 0.63, 0.26, 0.98, 0.98, 0.26, 0.26, 0.65, 0.4, 0.65, 0.41, 0.01, 0.52, 99, 99, 99]
--- num:  29
list:  [0.42, 0.42, 0.75, 0.75, 1, 1, 0.16199999999999998, 0.16199999999999998, 0.24, 0.24, 0.39, 0.33, 0.14999999999999997, 0.13499999999999995, 1, 0.22, 0.98, 0.63, 0.26, 0.98, 0.98, 0.26, 0.26, 0.65, 0.41, 0.64, 0.41, 0.01, 0.54, 99, 99, 99]
--- num:  29
list:  [0.43, 0.43, 0.76, 0.76, 1, 1, 0.16199999999999998, 0.16199999999999998, 0.23, 0.23, 0.39, 0.33, 0.14999999999999997, 0.14999999999999997, 1, 0.22, 0.98, 0.63, 0.26, 0.98, 0.98, 0.26, 0.26, 0.65, 0.41, 0.65, 0.41, 0.01, 0.56, 99, 99, 99]
--- num:  29
list:  [0.42, 0.42, 0.75, 0.75, 1, 1, 0.16199999999999998, 0.16199999999999998, 0.22, 0.22, 0.39, 0.33, 0.14999999999999997, 0.14999999999999997, 1, 0.22, 0.97, 0.63, 0.26, 0.97, 0.97, 0.26, 0.26, 0.65, 0.4, 0.65, 0.41, 0.01, 0.57, 99, 99, 99]
--- num:  29
list:  [0.42, 0.42, 0.75, 0.75, 1, 1, 0.16199999999999998, 0.16199999999999998, 0.22, 0.22, 0.39, 0.33, 0.16499999999999998, 0.16499999999999998, 1, 0.22, 0.97, 0.63, 0.26, 0.97, 0.97, 0.26, 0.26, 0.66, 0.4, 0.66, 0.4, 0.01, 0.58, 99, 99, 99]
--- num:  29
list:  [0.4, 0.4, 0.71, 0.71, 1, 1, 0.16199999999999998, 0.16199999999999998, 0.36, 0.36, 0.52, 0.21, 0.18, 0.16499999999999998, 1, 0.22, 0.97, 0.63, 0.26, 0.97, 0.97, 0.26, 0.26, 0.67, 0.4, 0.66, 0.4, 0.01, 0.58, 99, 99, 99]
--- num:  29
list:  [0.41, 0.41, 0.72, 0.72, 1, 1, 0.16199999999999998, 0.16199999999999998, 0.49, 0.49, 0.62, 0.11, 0.20999999999999985, 0.16499999999999998, 1, 0.23, 0.97, 0.64, 0.28, 0.97, 0.97, 0.28, 0.28, 0.69, 0.39, 0.66, 0.4, 0.02, 0.56, 99, 99, 99]
--- num:  29
list:  [0.42, 0.42, 0.73, 0.73, 1, 1, 0.16199999999999998, 0.16199999999999998, 0.64, 0.64, 0.63, 0.11, 0.20999999999999985, 0.18, 1, 0.25, 0.97, 0.65, 0.3, 0.97, 0.97, 0.3, 0.3, 0.69, 0.39, 0.67, 0.4, 0.03, 0.55, 99, 99, 99]
--- num:  29
list:  [0.42, 0.42, 0.74, 0.74, 1, 1, 0.16199999999999998, 0.16199999999999998, 0.67, 0.67, 0.63, 0.11, 0.20999999999999985, 0.18, 1, 0.27, 0.965, 0.66, 0.32, 0.96, 0.97, 0.32, 0.32, 0.69, 0.39, 0.67, 0.4, 0.04, 0.53, 99, 99, 99]
--- num:  29
list:  [0.36, 0.36, 0.59, 0.59, 1, 1, 0.4073298680782318, 0.40354616522789, 0.27, 0.27, 0.42, 0.31, 0.22499999999999987, 0.195, 1, 0.27, 0.945, 0.67, 0.33, 0.94, 0.95, 0.33, 0.33, 0.7, 0.38, 0.68, 0.39, 0.05, 0.5, 99, 99, 99]
--- num:  29
list:  [0.38, 0.38, 0.65, 0.65, 1, 1, 0.16199999999999998, 0.16199999999999998, 0.35, 0.35, 0.38, 0.34, 0.20999999999999985, 0.195, 1, 0.26, 0.95, 0.66, 0.31, 0.95, 0.95, 0.31, 0.31, 0.69, 0.39, 0.68, 0.39, 0.04, 0.49, 99, 99, 99]
--- num:  29
list:  [0.4, 0.4, 0.69, 0.69, 1, 1, 0.16199999999999998, 0.16199999999999998, 0.42, 0.42, 0.38, 0.34, 0.20999999999999985, 0.195, 1, 0.24, 0.96, 0.64, 0.29, 0.96, 0.96, 0.29, 0.29, 0.69, 0.39, 0.68, 0.39, 0.03, 0.47, 99, 99, 99]
--- num:  29
list:  [0.39, 0.39, 0.67, 0.67, 1, 1, 0.16199999999999998, 0.16199999999999998, 0.42, 0.42, 0.43, 0.29, 0.195, 0.18, 1, 0.24, 0.97, 0.64, 0.28, 0.97, 0.97, 0.28, 0.28, 0.68, 0.39, 0.67, 0.4, 0.03, 0.47, 99, 99, 99]
--- num:  29
list:  [0.38, 0.38, 0.65, 0.65, 1, 1, 0.16199999999999998, 0.16199999999999998, 0.41, 0.41, 0.51, 0.21, 0.18, 0.16499999999999998, 1, 0.24, 0.97, 0.64, 0.29, 0.97, 0.97, 0.29, 0.29, 0.67, 0.4, 0.66, 0.4, 0.03, 0.45, 99, 99, 99]
--- num:  29
list:  [0.38, 0.38, 0.64, 0.64, 1, 1, 0.16199999999999998, 0.16199999999999998, 0.4, 0.4, 0.56, 0.17, 0.14999999999999997, 0.13499999999999995, 1, 0.24, 0.97, 0.64, 0.29, 0.97, 0.97, 0.29, 0.29, 0.65, 0.41, 0.64, 0.41, 0.03, 0.43, 99, 99, 99]
--- num:  29
list:  [0.37, 0.37, 0.64, 0.64, 1, 1, 0.16199999999999998, 0.16199999999999998, 0.39, 0.39, 0.57, 0.15, 0.14999999999999997, 0.13499999999999995, 1, 0.24, 0.97, 0.64, 0.28, 0.97, 0.97, 0.28, 0.28, 0.65, 0.41, 0.64, 0.41, 0.02, 0.41, 99, 99, 99]
--- num:  29
list:  [0.34, 0.34, 0.56, 0.56, 1, 1, 0.16199999999999998, 0.16199999999999998, 0.39, 0.39, 0.59, 0.14, 0.13499999999999995, 0.13499999999999995, 1, 0.24, 0.97, 0.64, 0.28, 0.97, 0.97, 0.28, 0.28, 0.64, 0.41, 0.64, 0.41, 0.02, 0.4, 99, 99, 99]
--- num:  29
list:  [0.34, 0.34, 0.56, 0.56, 1, 1, 0.16199999999999998, 0.16199999999999998, 0.39, 0.39, 0.58, 0.14, 0.13499999999999995, 0.11999999999999994, 1, 0.24, 0.97, 0.64, 0.28, 0.97, 0.97, 0.28, 0.28, 0.64, 0.41, 0.63, 0.41, 0.02, 0.4, 99, 99, 99]
--- num:  29
list:  [0.38, 0.38, 0.64, 0.64, 1, 1, 0.16199999999999998, 0.16199999999999998, 0.36, 0.36, 0.55, 0.17, 0.14999999999999997, 0.13499999999999995, 1, 0.24, 0.97, 0.64, 0.28, 0.97, 0.97, 0.28, 0.28, 0.65, 0.4, 0.64, 0.41, 0.02, 0.39, 99, 99, 99]
--- num:  29
list:  [0.37, 0.37, 0.62, 0.62, 1, 1, 0.16199999999999998, 0.16199999999999998, 0.36, 0.36, 0.54, 0.18, 0.16499999999999998, 0.13499999999999995, 1, 0.24, 0.97, 0.64, 0.28, 0.97, 0.97, 0.28, 0.28, 0.66, 0.4, 0.64, 0.41, 0.02, 0.4, 99, 99, 99]
--- num:  29
list:  [0.37, 0.37, 0.64, 0.64, 1, 1, 0.16199999999999998, 0.16199999999999998, 0.39, 0.39, 0.51, 0.21, 0.18, 0.16499999999999998, 1, 0.24, 0.97, 0.64, 0.28, 0.97, 0.97, 0.28, 0.28, 0.67, 0.4, 0.66, 0.4, 0.02, 0.41, 99, 99, 99]
--- num:  29
list:  [0.39, 0.39, 0.69, 0.69, 1, 1, 0.16199999999999998, 0.16199999999999998, 0.36, 0.36, 0.47, 0.25, 0.18, 0.14999999999999997, 1, 0.23, 0.97, 0.64, 0.27, 0.97, 0.97, 0.27, 0.27, 0.67, 0.4, 0.65, 0.4, 0.02, 0.42, 99, 99, 99]
--- num:  29
list:  [0.39, 0.39, 0.67, 0.67, 1, 1, 0.16199999999999998, 0.16199999999999998, 0.32, 0.32, 0.44, 0.28, 0.195, 0.16499999999999998, 1, 0.24, 0.97, 0.64, 0.27, 0.97, 0.97, 0.27, 0.27, 0.68, 0.39, 0.66, 0.4, 0.02, 0.45, 99, 99, 99]
--- num:  29
list:  [0.4, 0.4, 0.7, 0.7, 1, 1, 0.16199999999999998, 0.16199999999999998, 0.36, 0.36, 0.44, 0.28, 0.18, 0.16499999999999998, 1, 0.23, 0.98, 0.63, 0.26, 0.98, 0.98, 0.26, 0.26, 0.67, 0.4, 0.66, 0.4, 0.02, 0.47, 99, 99, 99]
--- num:  29
list:  [0.41, 0.41, 0.73, 0.73, 1, 1, 0.16199999999999998, 0.16199999999999998, 0.36, 0.36, 0.44, 0.28, 0.18, 0.16499999999999998, 1, 0.22, 0.98, 0.63, 0.26, 0.98, 0.98, 0.26, 0.26, 0.67, 0.4, 0.66, 0.4, 0.02, 0.49, 99, 99, 99]
--- num:  29
list:  [0.63, 0.63, 1, 1, 0.92, 0.92, 0.16199999999999998, 0.16199999999999998, 0.33, 0.33, 0.44, 0.28, 0.10499999999999993, 0.10499999999999993, 1, 0.35, 0.86, 0.73, 0.52, 0.85, 0.87, 0.52, 0.52, 0.62, 0.42, 0.62, 0.42, 0.47, 0.5, 99, 99, 99]
--- num:  29
list:  [0.92, 0.92, 1, 1, 0.68, 0.68, 0.16199999999999998, 0.16199999999999998, 0.27, 0.27, 0.45, 0.27, 0.05999999999999989, 0.08999999999999991, 1, 0.36, 0.895, 0.74, 0.56, 0.89, 0.9, 0.56, 0.56, 0.59, 0.43, 0.61, 0.42, 0.66, 0.5, 99, 99, 99]
--- num:  29
list:  [0.92, 0.92, 1, 1, 0.68, 0.68, 0.16199999999999998, 0.16199999999999998, 0.28, 0.28, 0.45, 0.28, 0, 0.015000000000000013, 1, 0.36, 0.915, 0.73, 0.56, 0.91, 0.92, 0.56, 0.56, 0.54, 0.47, 0.56, 0.45, 0.69, 0.5, 99, 99, 99]
--- num:  29
list:  [0.92, 0.92, 1, 1, 0.68, 0.68, 0.16199999999999998, 0.16199999999999998, 0.27, 0.27, 0.45, 0.28, 0, 0, 1, 0.36, 0.92, 0.73, 0.56, 0.92, 0.92, 0.56, 0.56, 0.52, 0.51, 0.54, 0.46, 0.72, 0.5, 99, 99, 99]
--- num:  29
list:  [0.92, 0.92, 1, 1, 0.68, 0.68, 0.16199999999999998, 0.16199999999999998, 0.26, 0.26, 0.45, 0.28, 0, 0, 1, 0.36, 0.925, 0.73, 0.56, 0.92, 0.93, 0.56, 0.56, 0.51, 0.52, 0.54, 0.48, 0.75, 0.5, 99, 99, 99]
--- num:  29
list:  [0.92, 0.92, 1, 1, 0.68, 0.68, 0.16199999999999998, 0.16199999999999998, 0.27, 0.27, 0.44, 0.28, 0, 0, 1, 0.35, 0.925, 0.73, 0.56, 0.92, 0.93, 0.56, 0.56, 0.51, 0.53, 0.53, 0.49, 0.77, 0.5, 99, 99, 99]
--- num:  29
list:  [0.92, 0.92, 1, 1, 0.68, 0.68, 0.16199999999999998, 0.16199999999999998, 0.27, 0.27, 0.44, 0.28, 0, 0, 1, 0.35, 0.925, 0.73, 0.56, 0.92, 0.93, 0.56, 0.56, 0.5, 0.55, 0.52, 0.52, 0.78, 0.5, 99, 99, 99]
--- num:  29
list:  [0.92, 0.92, 1, 1, 0.68, 0.68, 0.16199999999999998, 0.16199999999999998, 0.27, 0.27, 0.44, 0.28, 0, 0, 1, 0.35, 0.925, 0.73, 0.56, 0.92, 0.93, 0.56, 0.56, 0.5, 0.54, 0.52, 0.51, 0.78, 0.5, 99, 99, 99]
--- num:  29
list:  [0.92, 0.92, 1, 1, 0.68, 0.68, 0.16199999999999998, 0.16199999999999998, 0.27, 0.27, 0.44, 0.29, 0, 0, 1, 0.36, 0.925, 0.73, 0.56, 0.92, 0.93, 0.56, 0.56, 0.51, 0.53, 0.52, 0.5, 0.77, 0.5, 99, 99, 99]
--- num:  29
list:  [0.92, 0.92, 1, 1, 0.68, 0.68, 0.16199999999999998, 0.16199999999999998, 0.28, 0.28, 0.43, 0.29, 0, 0, 1, 0.36, 0.92, 0.73, 0.56, 0.92, 0.92, 0.56, 0.56, 0.51, 0.52, 0.53, 0.5, 0.75, 0.5, 99, 99, 99]
--- num:  29
list:  [0.92, 0.92, 1, 1, 0.68, 0.68, 0.16199999999999998, 0.16199999999999998, 0.28, 0.28, 0.43, 0.29, 0, 0, 1, 0.36, 0.92, 0.74, 0.56, 0.92, 0.92, 0.56, 0.56, 0.51, 0.52, 0.53, 0.5, 0.75, 0.5, 99, 99, 99]
--- num:  29
list:  [0.92, 0.92, 1, 1, 0.68, 0.68, 0.16199999999999998, 0.16199999999999998, 0.29, 0.29, 0.42, 0.3, 0, 0, 1, 0.37, 0.915, 0.74, 0.56, 0.91, 0.92, 0.56, 0.56, 0.52, 0.51, 0.54, 0.48, 0.67, 0.5, 99, 99, 99]
--- num:  29
list:  [0.76, 0.76, 1, 1, 0.81, 0.81, 0.16199999999999998, 0.16199999999999998, 0.3, 0.3, 0.41, 0.31, 0.13499999999999995, 0.10499999999999993, 1, 0.36, 0.87, 0.73, 0.53, 0.86, 0.88, 0.53, 0.53, 0.64, 0.41, 0.62, 0.42, 0.26, 0.53, 99, 99, 99]
--- num:  29
list:  [0.6, 0.6, 1, 1, 0.95, 0.95, 0.16199999999999998, 0.16199999999999998, 0.3, 0.3, 0.41, 0.31, 0.20999999999999985, 0.14999999999999997, 1, 0.33, 0.865, 0.71, 0.46, 0.86, 0.87, 0.46, 0.46, 0.69, 0.39, 0.65, 0.41, 0.1, 0.47, 99, 99, 99]
--- num:  29
list:  [0.56, 0.56, 1, 1, 0.97, 0.97, 0.16199999999999998, 0.16199999999999998, 0.3, 0.3, 0.4, 0.32, 0.20999999999999985, 0.14999999999999997, 1, 0.26, 0.95, 0.65, 0.32, 0.95, 0.95, 0.32, 0.32, 0.69, 0.39, 0.65, 0.4, 0.04, 0.47, 99, 99, 99]
--- num:  29
list:  [0.52, 0.52, 0.97, 0.97, 1, 1, 0.16199999999999998, 0.16199999999999998, 0.31, 0.31, 0.4, 0.32, 0.22499999999999987, 0.18, 1, 0.23, 0.97, 0.64, 0.27, 0.97, 0.97, 0.27, 0.27, 0.7, 0.38, 0.67, 0.4, 0.02, 0.51, 99, 99, 99]
--- num:  29
list:  [0.51, 0.51, 0.95, 0.95, 1, 1, 0.16199999999999998, 0.16199999999999998, 0.32, 0.32, 0.39, 0.33, 0.2549999999999999, 0.195, 1, 0.23, 0.98, 0.63, 0.26, 0.98, 0.98, 0.26, 0.26, 0.72, 0.38, 0.68, 0.39, 0.02, 0.56, 99, 99, 99]
--- num:  29
list:  [0.49, 0.49, 0.92, 0.92, 1, 1, 0.16199999999999998, 0.16199999999999998, 0.32, 0.32, 0.39, 0.33, 0.2549999999999999, 0.195, 1, 0.22, 0.985, 0.63, 0.26, 0.98, 0.99, 0.26, 0.26, 0.72, 0.37, 0.68, 0.39, 0.01, 0.59, 99, 99, 99]
--- num:  29
list:  [0.48, 0.48, 0.88, 0.88, 1, 1, 0.16199999999999998, 0.16199999999999998, 0.33, 0.33, 0.39, 0.33, 0.2549999999999999, 0.195, 1, 0.22, 0.99, 0.63, 0.26, 0.99, 0.99, 0.26, 0.26, 0.72, 0.37, 0.68, 0.39, 0.01, 0.61, 99, 99, 99]
--- num:  29
list:  [0.47, 0.47, 0.85, 0.85, 1, 1, 0.16199999999999998, 0.16199999999999998, 0.33, 0.33, 0.38, 0.34, 0.2549999999999999, 0.195, 1, 0.22, 0.99, 0.62, 0.25, 0.99, 0.99, 0.25, 0.25, 0.72, 0.37, 0.68, 0.39, 0.01, 0.62, 99, 99, 99]
--- num:  29
list:  [0.45, 0.45, 0.82, 0.82, 1, 1, 0.16199999999999998, 0.16199999999999998, 0.33, 0.33, 0.39, 0.33, 0.23999999999999988, 0.18, 1, 0.22, 0.99, 0.62, 0.25, 0.99, 0.99, 0.25, 0.25, 0.71, 0.38, 0.67, 0.4, 0.01, 0.61, 99, 99, 99]
--- num:  29
list:  [0.45, 0.45, 0.81, 0.81, 1, 1, 0.16199999999999998, 0.16199999999999998, 0.34, 0.34, 0.39, 0.33, 0.2549999999999999, 0.20999999999999985, 1, 0.21, 0.99, 0.62, 0.25, 0.99, 0.99, 0.25, 0.25, 0.72, 0.37, 0.69, 0.39, 0.01, 0.61, 99, 99, 99]
--- num:  29
list:  [0.46, 0.46, 0.83, 0.83, 1, 1, 0.16199999999999998, 0.16199999999999998, 0.34, 0.34, 0.39, 0.33, 0.23999999999999988, 0.195, 1, 0.21, 0.99, 0.62, 0.25, 0.99, 0.99, 0.25, 0.25, 0.71, 0.38, 0.68, 0.39, 0.01, 0.61, 99, 99, 99]
--- num:  29
list:  [0.42, 0.42, 0.74, 0.74, 1, 1, 0.16199999999999998, 0.16199999999999998, 0.35, 0.35, 0.38, 0.34, 0.2549999999999999, 0.20999999999999985, 1, 0.21, 0.99, 0.62, 0.25, 0.99, 0.99, 0.25, 0.25, 0.72, 0.37, 0.69, 0.39, 0.01, 0.61, 99, 99, 99]
--- num:  29
list:  [0.4, 0.4, 0.7, 0.7, 1, 1, 0.16199999999999998, 0.16199999999999998, 0.35, 0.35, 0.38, 0.34, 0.2849999999999999, 0.22499999999999987, 1, 0.22, 0.99, 0.62, 0.25, 0.99, 0.99, 0.25, 0.25, 0.74, 0.37, 0.7, 0.38, 0.01, 0.61, 99, 99, 99]
--- num:  29
list:  [0.41, 0.41, 0.72, 0.72, 1, 1, 0.16199999999999998, 0.16199999999999998, 0.35, 0.35, 0.38, 0.34, 0.2849999999999999, 0.22499999999999987, 1, 0.22, 0.99, 0.62, 0.26, 0.99, 0.99, 0.26, 0.26, 0.74, 0.37, 0.7, 0.38, 0.01, 0.61, 99, 99, 99]
--- num:  29
list:  [0.42, 0.42, 0.73, 0.73, 1, 1, 0.16199999999999998, 0.16199999999999998, 0.36, 0.36, 0.38, 0.34, 0.2699999999999999, 0.22499999999999987, 1, 0.22, 0.99, 0.62, 0.25, 0.99, 0.99, 0.25, 0.25, 0.73, 0.37, 0.7, 0.38, 0.01, 0.61, 99, 99, 99]
--- num:  29
list:  [0.43, 0.43, 0.76, 0.76, 1, 1, 0.16199999999999998, 0.16199999999999998, 0.36, 0.36, 0.38, 0.34, 0.23999999999999988, 0.195, 1, 0.21, 0.99, 0.62, 0.25, 0.99, 0.99, 0.25, 0.25, 0.71, 0.38, 0.68, 0.39, 0.01, 0.62, 99, 99, 99]
--- num:  29
