face_1,face_2,face_3,face_4,face_5,face_6,face_7,face_8,face_9,face_10,face_11,face_12,face_13,face_14,face_15,face_16,face_17,face_18,face_19,face_20,face_21,face_22,face_23,face_24,face_25,face_26,face_27,face_28,face_29,neck_1,neck_2,neck_3
0.43,0.43,0.78,0.78,1.0,1.0,0.16199999999999998,0.16199999999999998,0.43,0.43,0.34,0.38,0.11999999999999994,0.11999999999999994,1.0,0.22,0.99,0.63,0.25,0.99,0.99,0.25,0.25,0.63,0.41,0.63,0.41,0.01,0.58,0.051,0.011,-0.051
0.34,0.34,0.55,0.55,1.0,1.0,0.16199999999999998,0.16199999999999998,0.41,0.41,0.35,0.37,0.22499999999999987,0.14999999999999997,1.0,0.27,0.925,0.67,0.28,0.92,0.93,0.28,0.28,0.7,0.38,0.65,0.41,0.04,0.24,0.024,0.01,-0.056
0.42,0.42,0.73,0.73,1.0,1.0,0.16199999999999998,0.16199999999999998,0.44,0.44,0.34,0.38,0.11999999999999994,0.10499999999999993,1.0,0.23,0.98,0.64,0.26,0.98,0.98,0.26,0.26,0.63,0.42,0.62,0.42,0.02,0.55,0.068,0.014,-0.046
0.45,0.45,0.82,0.82,1.0,1.0,0.16199999999999998,0.16199999999999998,0.39,0.39,0.34,0.38,0.11999999999999994,0.11999999999999994,1.0,0.23,0.98,0.63,0.26,0.98,0.98,0.26,0.26,0.63,0.41,0.63,0.41,0.02,0.55,0.061,0.005,-0.042
0.43,0.43,0.77,0.77,1.0,1.0,0.16199999999999998,0.16199999999999998,0.39,0.39,0.34,0.38,0.11999999999999994,0.11999999999999994,1.0,0.23,0.98,0.63,0.26,0.98,0.98,0.26,0.26,0.63,0.41,0.63,0.41,0.01,0.55,0.07,0.007,-0.038
0.42,0.42,0.75,0.75,1.0,1.0,0.16199999999999998,0.16199999999999998,0.37,0.37,0.38,0.34,0.10499999999999993,0.11999999999999994,1.0,0.24,0.96,0.64,0.27,0.96,0.96,0.27,0.27,0.62,0.42,0.63,0.41,0.02,0.55,0.065,0.01,-0.032
0.44,0.44,0.79,0.79,1.0,1.0,0.16199999999999998,0.16199999999999998,0.38,0.38,0.43,0.29,0.10499999999999993,0.11999999999999994,1.0,0.23,0.98,0.63,0.26,0.98,0.98,0.26,0.26,0.62,0.42,0.63,0.42,0.01,0.54,0.061,0.029,-0.013
0.45,0.45,0.82,0.82,1.0,1.0,0.16199999999999998,0.16199999999999998,0.36,0.36,0.46,0.26,0.10499999999999993,0.10499999999999993,1.0,0.22,0.98,0.63,0.26,0.98,0.98,0.26,0.26,0.62,0.42,0.62,0.42,0.01,0.54,0.077,0.044,0.014
0.44,0.44,0.78,0.78,1.0,1.0,0.8063785243034363,0.8011084008216858,0.18,0.18,0.44,0.29,0.10499999999999993,0.11999999999999994,1.0,0.24,0.97,0.64,0.27,0.97,0.97,0.27,0.27,0.62,0.42,0.63,0.42,0.01,0.53,0.096,0.055,0.039
0.44,0.44,0.79,0.79,1.0,1.0,0.2501224088668823,0.2497768211364746,0.27,0.27,0.43,0.3,0.11999999999999994,0.11999999999999994,1.0,0.24,0.97,0.64,0.27,0.97,0.97,0.27,0.27,0.63,0.42,0.63,0.41,0.02,0.52,0.116,0.064,0.069
0.46,0.46,0.84,0.84,1.0,1.0,0.16199999999999998,0.16199999999999998,0.36,0.36,0.4,0.32,0.11999999999999994,0.11999999999999994,1.0,0.23,0.98,0.63,0.26,0.98,0.98,0.26,0.26,0.63,0.41,0.63,0.41,0.01,0.51,0.134,0.069,0.096
0.46,0.46,0.84,0.84,1.0,1.0,0.16199999999999998,0.16199999999999998,0.36,0.36,0.38,0.34,0.13499999999999995,0.11999999999999994,1.0,0.22,0.98,0.63,0.26,0.98,0.98,0.26,0.26,0.64,0.41,0.63,0.41,0.01,0.5,0.14,0.066,0.079
0.45,0.45,0.82,0.82,1.0,1.0,0.6274413275718689,0.6265822458267212,0.16,0.16,0.36,0.36,0.13499999999999995,0.14999999999999997,1.0,0.24,0.97,0.64,0.28,0.97,0.97,0.28,0.28,0.64,0.41,0.65,0.41,0.01,0.5,0.144,0.061,0.058
0.44,0.44,0.79,0.79,1.0,1.0,0.16199999999999998,0.16199999999999998,0.32,0.32,0.34,0.38,0.13499999999999995,0.13499999999999995,1.0,0.24,0.97,0.64,0.27,0.97,0.97,0.27,0.27,0.64,0.41,0.64,0.41,0.02,0.5,0.144,0.056,0.039
0.45,0.45,0.81,0.81,1.0,1.0,0.16199999999999998,0.16199999999999998,0.35,0.35,0.33,0.39,0.11999999999999994,0.11999999999999994,1.0,0.23,0.98,0.64,0.26,0.98,0.98,0.26,0.26,0.63,0.41,0.63,0.41,0.02,0.51,0.15,0.053,0.034
0.46,0.46,0.84,0.84,1.0,1.0,0.16199999999999998,0.16199999999999998,0.35,0.35,0.33,0.39,0.11999999999999994,0.11999999999999994,1.0,0.22,0.98,0.63,0.26,0.98,0.98,0.26,0.26,0.63,0.41,0.63,0.41,0.01,0.52,0.158,0.053,0.024
0.56,0.56,1.0,1.0,0.98,0.98,0.5439456510543823,0.543078761100769,0.18,0.18,0.34,0.38,0.16499999999999998,0.16499999999999998,1.0,0.3,0.915,0.69,0.36,0.91,0.92,0.36,0.36,0.66,0.4,0.66,0.4,0.07,0.53,0.167,0.044,0.013
0.58,0.58,1.0,1.0,0.96,0.96,0.2432891237735748,0.2429381716251373,0.27,0.27,0.36,0.36,0.13499999999999995,0.14999999999999997,1.0,0.35,0.845,0.73,0.46,0.84,0.85,0.46,0.46,0.64,0.41,0.65,0.41,0.17,0.51,0.163,0.032,-0.0
0.57,0.57,1.0,1.0,0.97,0.97,0.16199999999999998,0.16199999999999998,0.32,0.32,0.37,0.35,0.11999999999999994,0.13499999999999995,1.0,0.3,0.885,0.69,0.41,0.88,0.89,0.41,0.41,0.63,0.41,0.64,0.41,0.09,0.49,0.169,0.024,-0.006
0.57,0.57,1.0,1.0,0.97,0.97,0.16199999999999998,0.16199999999999998,0.33,0.33,0.38,0.34,0.11999999999999994,0.10499999999999993,1.0,0.33,0.845,0.71,0.48,0.84,0.85,0.48,0.48,0.63,0.42,0.62,0.42,0.21,0.41,0.183,0.013,-0.005
0.58,0.58,1.0,1.0,0.96,0.96,0.16199999999999998,0.16199999999999998,0.33,0.33,0.38,0.34,0.11999999999999994,0.10499999999999993,1.0,0.34,0.845,0.71,0.49,0.84,0.85,0.49,0.49,0.63,0.42,0.62,0.42,0.29,0.39,0.187,0.006,0.007
0.58,0.58,1.0,1.0,0.96,0.96,0.16199999999999998,0.16199999999999998,0.33,0.33,0.38,0.34,0.08999999999999991,0.10499999999999993,1.0,0.34,0.855,0.72,0.49,0.85,0.86,0.49,0.49,0.61,0.42,0.62,0.42,0.36,0.4,0.189,0.003,0.022
0.59,0.59,1.0,1.0,0.95,0.95,0.16199999999999998,0.16199999999999998,0.34,0.34,0.36,0.36,0.08999999999999991,0.08999999999999991,1.0,0.34,0.875,0.72,0.5,0.87,0.88,0.5,0.5,0.61,0.43,0.61,0.42,0.43,0.42,0.184,0.004,0.038
0.64,0.64,1.0,1.0,0.91,0.91,0.16199999999999998,0.16199999999999998,0.34,0.34,0.34,0.38,0.0749999999999999,0.0749999999999999,1.0,0.35,0.885,0.72,0.52,0.88,0.89,0.52,0.52,0.6,0.43,0.6,0.43,0.46,0.5,0.198,0.011,0.053
0.69,0.69,1.0,1.0,0.87,0.87,0.16199999999999998,0.16199999999999998,0.33,0.33,0.33,0.39,0.0749999999999999,0.0749999999999999,1.0,0.35,0.89,0.73,0.53,0.89,0.89,0.53,0.53,0.6,0.43,0.6,0.43,0.47,0.5,0.206,0.016,0.056
0.7,0.7,1.0,1.0,0.86,0.86,0.16199999999999998,0.16199999999999998,0.33,0.33,0.33,0.39,0.0749999999999999,0.0749999999999999,1.0,0.35,0.895,0.73,0.53,0.89,0.9,0.53,0.53,0.6,0.43,0.6,0.43,0.47,0.5,0.207,0.021,0.043
0.68,0.68,1.0,1.0,0.88,0.88,0.16199999999999998,0.16199999999999998,0.37,0.37,0.57,0.16,0.04499999999999987,0.05999999999999989,1.0,0.36,0.905,0.73,0.53,0.9,0.91,0.53,0.53,0.58,0.43,0.59,0.43,0.43,0.5,0.206,0.022,0.026
0.68,0.68,1.0,1.0,0.88,0.88,0.16199999999999998,0.16199999999999998,0.37,0.37,0.57,0.16,0.04499999999999987,0.05999999999999989,1.0,0.36,0.905,0.73,0.53,0.9,0.91,0.53,0.53,0.58,0.44,0.59,0.43,0.42,0.51,0.201,0.022,0.008
0.68,0.68,1.0,1.0,0.88,0.88,0.16199999999999998,0.16199999999999998,0.37,0.37,0.57,0.16,0.04499999999999987,0.05999999999999989,1.0,0.36,0.905,0.74,0.53,0.9,0.91,0.53,0.53,0.58,0.44,0.59,0.43,0.42,0.52,0.196,0.021,0.002
0.7,0.7,1.0,1.0,0.86,0.86,0.16199999999999998,0.16199999999999998,0.37,0.37,0.57,0.15,0.02999999999999986,0.04499999999999987,1.0,0.37,0.905,0.74,0.53,0.9,0.91,0.53,0.53,0.57,0.44,0.58,0.43,0.42,0.51,0.196,0.019,0.001
0.7,0.7,1.0,1.0,0.86,0.86,0.16199999999999998,0.16199999999999998,0.38,0.38,0.6,0.12,0.04499999999999987,0.04499999999999987,1.0,0.39,0.905,0.75,0.54,0.9,0.91,0.54,0.54,0.58,0.44,0.58,0.43,0.46,0.5,0.193,0.017,-0.008
0.71,0.71,1.0,1.0,0.85,0.85,0.16199999999999998,0.16199999999999998,0.41,0.41,0.61,0.12,0.04499999999999987,0.04499999999999987,1.0,0.39,0.905,0.76,0.55,0.9,0.91,0.55,0.55,0.58,0.44,0.58,0.43,0.49,0.5,0.192,0.016,-0.009
0.74,0.74,1.0,1.0,0.83,0.83,0.16199999999999998,0.16199999999999998,0.41,0.41,0.62,0.11,0.04499999999999987,0.02999999999999986,1.0,0.4,0.905,0.76,0.54,0.9,0.91,0.54,0.54,0.58,0.44,0.57,0.44,0.51,0.5,0.193,0.019,-0.001
0.9,0.9,1.0,1.0,0.7,0.7,0.16199999999999998,0.16199999999999998,0.41,0.41,0.66,0.07,0.0,0.0,1.0,0.43,0.92,0.78,0.55,0.92,0.92,0.55,0.55,0.54,0.47,0.54,0.47,0.52,0.5,0.195,0.021,0.018
0.92,0.92,1.0,1.0,0.68,0.68,0.16199999999999998,0.16199999999999998,0.42,0.42,0.72,0.01,0.0,0.0,1.0,0.45,0.94,0.8,0.55,0.94,0.94,0.55,0.55,0.5,0.54,0.51,0.53,0.51,0.5,0.179,0.037,0.049
0.92,0.92,1.0,1.0,0.68,0.68,0.16199999999999998,0.16199999999999998,0.41,0.41,0.73,0.01,0.0,0.0,1.0,0.47,0.94,0.82,0.55,0.94,0.94,0.55,0.55,0.48,0.59,0.49,0.57,0.5,0.5,0.179,0.045,0.05
0.92,0.92,1.0,1.0,0.68,0.68,0.16199999999999998,0.16199999999999998,0.41,0.41,0.72,0.01,0.0,0.0,1.0,0.49,0.95,0.83,0.55,0.95,0.95,0.55,0.55,0.47,0.61,0.48,0.59,0.5,0.5,0.177,0.048,0.043
0.92,0.92,1.0,1.0,0.68,0.68,0.16199999999999998,0.16199999999999998,0.41,0.41,0.72,0.01,0.0,0.0,1.0,0.49,0.955,0.83,0.55,0.95,0.96,0.55,0.55,0.46,0.62,0.48,0.6,0.51,0.5,0.154,0.045,0.034
0.92,0.92,1.0,1.0,0.68,0.68,0.16199999999999998,0.16199999999999998,0.41,0.41,0.72,0.02,0.0,0.0,1.0,0.49,0.96,0.83,0.55,0.96,0.96,0.55,0.55,0.46,0.62,0.47,0.6,0.49,0.5,0.146,0.042,0.024
0.92,0.92,1.0,1.0,0.68,0.68,0.16199999999999998,0.16199999999999998,0.37,0.37,0.48,0.25,0.0,0.0,1.0,0.49,0.96,0.83,0.55,0.96,0.96,0.55,0.55,0.46,0.62,0.47,0.6,0.45,0.5,0.142,0.038,0.019
0.92,0.92,1.0,1.0,0.68,0.68,0.16199999999999998,0.16199999999999998,0.31,0.31,0.36,0.36,0.0,0.0,1.0,0.46,0.95,0.81,0.56,0.95,0.95,0.56,0.56,0.46,0.62,0.48,0.59,0.45,0.5,0.136,0.035,0.017
0.92,0.92,1.0,1.0,0.68,0.68,0.16199999999999998,0.16199999999999998,0.3,0.3,0.36,0.36,0.0,0.0,1.0,0.45,0.95,0.8,0.56,0.95,0.95,0.56,0.56,0.47,0.61,0.48,0.58,0.46,0.5,0.133,0.031,0.017
0.92,0.92,1.0,1.0,0.68,0.68,0.16199999999999998,0.16199999999999998,0.29,0.29,0.35,0.37,0.0,0.0,1.0,0.45,0.95,0.8,0.56,0.95,0.95,0.56,0.56,0.47,0.61,0.48,0.58,0.45,0.5,0.13,0.029,0.016
0.92,0.92,1.0,1.0,0.68,0.68,0.16199999999999998,0.16199999999999998,0.29,0.29,0.34,0.39,0.0,0.0,1.0,0.44,0.95,0.8,0.56,0.95,0.95,0.56,0.56,0.47,0.6,0.48,0.58,0.45,0.5,0.137,0.026,0.021
0.92,0.92,1.0,1.0,0.68,0.68,0.16199999999999998,0.16199999999999998,0.29,0.29,0.32,0.4,0.0,0.0,1.0,0.43,0.95,0.78,0.56,0.95,0.95,0.56,0.56,0.48,0.58,0.49,0.56,0.45,0.5,0.144,0.025,0.021
0.92,0.92,1.0,1.0,0.68,0.68,0.16199999999999998,0.16199999999999998,0.33,0.33,0.12,0.61,0.0,0.0,1.0,0.43,0.95,0.78,0.56,0.95,0.95,0.56,0.56,0.48,0.59,0.49,0.56,0.45,0.5,0.156,0.021,0.019
0.92,0.92,1.0,1.0,0.68,0.68,0.16199999999999998,0.16199999999999998,0.33,0.33,0.1,0.63,0.0,0.0,1.0,0.43,0.95,0.78,0.56,0.95,0.95,0.56,0.56,0.46,0.62,0.49,0.57,0.46,0.5,0.154,0.017,0.017
0.92,0.92,1.0,1.0,0.68,0.68,0.16199999999999998,0.16199999999999998,0.33,0.33,0.1,0.63,0.0,0.0,1.0,0.43,0.955,0.78,0.56,0.95,0.96,0.56,0.56,0.46,0.62,0.48,0.58,0.5,0.5,0.153,0.013,0.008
0.92,0.92,1.0,1.0,0.68,0.68,0.16199999999999998,0.16199999999999998,0.33,0.33,0.1,0.63,0.0,0.0,1.0,0.43,0.96,0.78,0.56,0.96,0.96,0.56,0.56,0.46,0.62,0.48,0.58,0.54,0.5,0.156,0.008,-0.001
0.92,0.92,1.0,1.0,0.68,0.68,0.16199999999999998,0.16199999999999998,0.35,0.35,0.09,0.64,0.0,0.0,1.0,0.42,0.96,0.78,0.56,0.96,0.96,0.56,0.56,0.46,0.62,0.48,0.58,0.55,0.5,0.148,0.004,-0.003
0.92,0.92,1.0,1.0,0.68,0.68,0.16199999999999998,0.16199999999999998,0.36,0.36,0.12,0.61,0.0,0.0,1.0,0.42,0.96,0.78,0.56,0.96,0.96,0.56,0.56,0.46,0.62,0.48,0.58,0.56,0.5,0.145,0.002,-0.002
0.92,0.92,1.0,1.0,0.68,0.68,0.16199999999999998,0.16199999999999998,0.38,0.38,0.17,0.56,0.0,0.0,1.0,0.4,0.96,0.77,0.56,0.96,0.96,0.56,0.56,0.47,0.6,0.49,0.56,0.59,0.5,0.151,0.001,0.004
0.92,0.92,1.0,1.0,0.68,0.68,0.16199999999999998,0.16199999999999998,0.38,0.38,0.21,0.51,0.0,0.0,1.0,0.4,0.96,0.77,0.56,0.96,0.96,0.56,0.56,0.47,0.61,0.49,0.56,0.59,0.5,0.151,0.002,0.006
0.92,0.92,1.0,1.0,0.68,0.68,0.16199999999999998,0.16199999999999998,0.37,0.37,0.28,0.44,0.0,0.0,1.0,0.41,0.96,0.77,0.56,0.96,0.96,0.56,0.56,0.48,0.58,0.5,0.55,0.59,0.5,0.15,0.002,0.017
0.92,0.92,1.0,1.0,0.68,0.68,0.16199999999999998,0.16199999999999998,0.36,0.36,0.33,0.39,0.0,0.0,1.0,0.41,0.95,0.77,0.56,0.95,0.95,0.56,0.56,0.5,0.55,0.52,0.51,0.58,0.5,0.147,0.006,0.046
0.92,0.92,1.0,1.0,0.68,0.68,0.16199999999999998,0.16199999999999998,0.37,0.37,0.44,0.28,0.0,0.0,1.0,0.43,0.94,0.78,0.56,0.94,0.94,0.56,0.56,0.48,0.58,0.49,0.56,0.6,0.5,0.149,0.017,0.07
0.92,0.92,1.0,1.0,0.68,0.68,0.16199999999999998,0.16199999999999998,0.3,0.3,0.62,0.1,0.0,0.0,1.0,0.44,0.935,0.79,0.56,0.93,0.94,0.56,0.56,0.51,0.53,0.52,0.52,0.6,0.5,0.165,0.029,0.103
0.92,0.92,1.0,1.0,0.68,0.68,0.16199999999999998,0.16199999999999998,0.3,0.3,0.62,0.1,0.0,0.0,1.0,0.44,0.93,0.79,0.56,0.93,0.93,0.56,0.56,0.52,0.52,0.52,0.5,0.6,0.5,0.183,0.041,0.138
0.92,0.92,1.0,1.0,0.68,0.68,0.16199999999999998,0.16199999999999998,0.29,0.29,0.61,0.12,0.0,0.0,1.0,0.43,0.93,0.79,0.56,0.93,0.93,0.56,0.56,0.52,0.52,0.52,0.5,0.59,0.5,0.192,0.042,0.185
0.92,0.92,1.0,1.0,0.68,0.68,0.16199999999999998,0.16199999999999998,0.29,0.29,0.59,0.14,0.0,0.0,1.0,0.43,0.93,0.78,0.56,0.93,0.93,0.56,0.56,0.51,0.52,0.52,0.51,0.59,0.5,0.205,0.05,0.24
0.92,0.92,1.0,1.0,0.68,0.68,0.2711715507507324,0.27056447744369505,0.24,0.24,0.54,0.18,0.0,0.0,1.0,0.47,0.885,0.81,0.56,0.88,0.89,0.56,0.56,0.53,0.48,0.53,0.49,0.55,0.5,0.21,0.064,0.257
0.92,0.92,1.0,1.0,0.68,0.68,0.16199999999999998,0.16199999999999998,0.33,0.33,0.5,0.22,0.0,0.015000000000000013,1.0,0.43,0.9,0.78,0.56,0.9,0.9,0.56,0.56,0.55,0.45,0.56,0.45,0.53,0.5,0.21,0.067,0.246
0.92,0.92,1.0,1.0,0.68,0.68,0.16199999999999998,0.16199999999999998,0.34,0.34,0.43,0.3,0.0,0.0,1.0,0.43,0.93,0.79,0.56,0.93,0.93,0.56,0.56,0.52,0.5,0.53,0.48,0.52,0.5,0.211,0.059,0.232
0.92,0.92,1.0,1.0,0.68,0.68,0.16199999999999998,0.16199999999999998,0.35,0.35,0.35,0.37,0.0,0.0,1.0,0.45,0.93,0.8,0.56,0.93,0.93,0.56,0.56,0.51,0.53,0.52,0.51,0.48,0.5,0.205,0.055,0.215
0.92,0.92,1.0,1.0,0.68,0.68,0.16199999999999998,0.16199999999999998,0.35,0.35,0.27,0.45,0.0,0.0,1.0,0.46,0.935,0.81,0.56,0.93,0.94,0.56,0.56,0.49,0.57,0.5,0.55,0.49,0.5,0.199,0.053,0.191
0.92,0.92,1.0,1.0,0.68,0.68,0.16199999999999998,0.16199999999999998,0.35,0.35,0.19,0.53,0.0,0.0,1.0,0.47,0.935,0.82,0.56,0.93,0.94,0.56,0.56,0.5,0.55,0.5,0.54,0.52,0.5,0.187,0.049,0.141
0.92,0.92,1.0,1.0,0.68,0.68,0.16199999999999998,0.16199999999999998,0.35,0.35,0.16,0.56,0.0,0.0,1.0,0.47,0.94,0.82,0.56,0.94,0.94,0.56,0.56,0.5,0.54,0.5,0.54,0.53,0.5,0.162,0.046,0.074
0.92,0.92,1.0,1.0,0.68,0.68,0.3677635598182678,0.3668986666202545,0.28,0.28,0.16,0.57,0.0,0.0,1.0,0.48,0.92,0.82,0.56,0.91,0.93,0.56,0.56,0.55,0.45,0.54,0.46,0.52,0.5,0.152,0.036,0.022
0.92,0.92,1.0,1.0,0.68,0.68,0.16199999999999998,0.16199999999999998,0.36,0.36,0.15,0.58,0.015000000000000013,0.0,1.0,0.48,0.91,0.82,0.56,0.9,0.92,0.56,0.56,0.56,0.45,0.55,0.46,0.51,0.5,0.126,0.03,-0.065
0.92,0.92,1.0,1.0,0.68,0.68,0.16199999999999998,0.16199999999999998,0.36,0.36,0.13,0.6,0.0,0.0,1.0,0.51,0.915,0.85,0.56,0.91,0.92,0.56,0.56,0.51,0.53,0.51,0.53,0.49,0.5,0.13,0.021,-0.11
0.92,0.92,1.0,1.0,0.68,0.68,0.16199999999999998,0.16199999999999998,0.36,0.36,0.12,0.61,0.0,0.0,1.0,0.51,0.915,0.85,0.56,0.91,0.92,0.56,0.56,0.51,0.53,0.51,0.53,0.49,0.5,0.134,0.011,-0.122
0.91,0.91,1.0,1.0,0.69,0.69,0.27909822344779966,0.2784170317649841,0.27,0.27,0.2,0.53,0.04499999999999987,0.04499999999999987,1.0,0.46,0.885,0.81,0.55,0.87,0.9,0.55,0.55,0.58,0.44,0.58,0.44,0.49,0.5,0.122,0.002,-0.135
0.9,0.9,1.0,1.0,0.7,0.7,0.16199999999999998,0.16199999999999998,0.35,0.35,0.71,0.03,0.05999999999999989,0.02999999999999986,1.0,0.46,0.895,0.81,0.54,0.88,0.91,0.54,0.54,0.59,0.43,0.57,0.44,0.48,0.5,0.143,-0.003,-0.147
0.92,0.92,1.0,1.0,0.68,0.68,0.16199999999999998,0.16199999999999998,0.34,0.34,0.81,-0.07,0.015000000000000013,0.0,1.0,0.45,0.905,0.8,0.55,0.9,0.91,0.55,0.55,0.56,0.45,0.54,0.47,0.46,0.5,0.15,-0.007,-0.166
0.92,0.92,1.0,1.0,0.68,0.68,0.16199999999999998,0.16199999999999998,0.34,0.34,0.74,-0.0,0.015000000000000013,0.0,1.0,0.43,0.91,0.78,0.56,0.9,0.92,0.56,0.56,0.56,0.44,0.54,0.46,0.46,0.5,0.158,-0.006,-0.179
0.91,0.91,1.0,1.0,0.69,0.69,0.16199999999999998,0.16199999999999998,0.34,0.34,0.77,-0.03,0.015000000000000013,0.0,1.0,0.43,0.91,0.79,0.55,0.9,0.92,0.55,0.55,0.56,0.45,0.54,0.47,0.46,0.5,0.162,-0.004,-0.174
0.91,0.91,1.0,1.0,0.69,0.69,0.16199999999999998,0.16199999999999998,0.34,0.34,0.77,-0.03,0.02999999999999986,0.0,1.0,0.44,0.91,0.79,0.55,0.9,0.92,0.55,0.55,0.57,0.44,0.54,0.46,0.46,0.5,0.171,-0.0,-0.195
0.82,0.82,1.0,1.0,0.76,0.76,0.5395527291297912,0.5392255592346191,0.21,0.21,0.33,0.4,0.0749999999999999,0.02999999999999986,1.0,0.44,0.895,0.79,0.5,0.88,0.91,0.5,0.5,0.6,0.43,0.57,0.44,0.45,0.5,0.163,0.001,-0.246
0.82,0.82,1.0,1.0,0.76,0.76,0.16199999999999998,0.16199999999999998,0.33,0.33,0.2,0.52,0.05999999999999989,0.05999999999999989,1.0,0.44,0.87,0.79,0.56,0.86,0.88,0.56,0.56,0.59,0.43,0.59,0.43,0.49,0.5,0.172,-0.0,-0.247
0.83,0.83,1.0,1.0,0.75,0.75,0.16199999999999998,0.16199999999999998,0.37,0.37,0.35,0.37,0.05999999999999989,0.05999999999999989,1.0,0.4,0.9,0.76,0.56,0.9,0.9,0.56,0.56,0.59,0.43,0.59,0.43,0.49,0.5,0.168,0.002,-0.241
0.84,0.84,1.0,1.0,0.75,0.75,0.16199999999999998,0.16199999999999998,0.35,0.35,0.41,0.31,0.02999999999999986,0.05999999999999989,1.0,0.4,0.9,0.76,0.56,0.9,0.9,0.56,0.56,0.57,0.44,0.59,0.43,0.52,0.5,0.175,0.005,-0.219
0.8,0.8,1.0,1.0,0.78,0.78,0.47084573984146116,0.47074351787567137,0.21,0.21,0.42,0.3,0.0749999999999999,0.05999999999999989,1.0,0.45,0.85,0.8,0.54,0.84,0.86,0.54,0.54,0.6,0.43,0.59,0.43,0.52,0.5,0.172,0.01,-0.197
0.79,0.79,1.0,1.0,0.79,0.79,0.16199999999999998,0.16199999999999998,0.34,0.34,0.43,0.29,0.0749999999999999,0.05999999999999989,1.0,0.41,0.875,0.77,0.56,0.87,0.88,0.56,0.56,0.6,0.43,0.59,0.43,0.54,0.5,0.171,0.019,-0.036
0.82,0.82,1.0,1.0,0.76,0.76,0.16199999999999998,0.16199999999999998,0.36,0.36,0.43,0.29,0.05999999999999989,0.05999999999999989,1.0,0.4,0.885,0.76,0.56,0.88,0.89,0.56,0.56,0.59,0.43,0.59,0.43,0.53,0.5,0.188,0.036,0.041
0.82,0.82,1.0,1.0,0.76,0.76,0.16199999999999998,0.16199999999999998,0.37,0.37,0.42,0.3,0.05999999999999989,0.05999999999999989,1.0,0.4,0.895,0.76,0.56,0.89,0.9,0.56,0.56,0.59,0.43,0.59,0.43,0.5,0.5,0.193,0.057,0.071
0.81,0.81,1.0,1.0,0.77,0.77,0.16199999999999998,0.16199999999999998,0.38,0.39,0.42,0.3,0.015000000000000013,0.015000000000000013,1.0,0.4,0.895,0.76,0.56,0.89,0.9,0.56,0.56,0.56,0.45,0.56,0.45,0.48,0.5,0.204,0.081,0.084
0.81,0.81,1.0,1.0,0.78,0.78,0.16199999999999998,0.16199999999999998,0.39,0.39,0.42,0.3,0.0,0.0,1.0,0.4,0.9,0.76,0.56,0.9,0.9,0.56,0.56,0.55,0.46,0.55,0.45,0.47,0.5,0.193,0.102,0.073
0.76,0.76,1.0,1.0,0.81,0.81,0.16199999999999998,0.16199999999999998,0.39,0.39,0.66,0.07,0.0,0.0,1.0,0.41,0.895,0.77,0.56,0.89,0.9,0.56,0.56,0.55,0.45,0.55,0.45,0.45,0.5,0.18,0.131,0.058
0.75,0.75,1.0,1.0,0.82,0.82,0.16199999999999998,0.16199999999999998,0.4,0.4,0.6,0.13,0.0,0.0,1.0,0.41,0.895,0.77,0.56,0.89,0.9,0.56,0.56,0.54,0.48,0.54,0.46,0.46,0.5,0.166,0.162,0.046
0.74,0.74,1.0,1.0,0.83,0.83,0.16199999999999998,0.16199999999999998,0.4,0.4,0.54,0.18,0.0,0.0,1.0,0.4,0.905,0.76,0.56,0.9,0.91,0.56,0.56,0.54,0.47,0.55,0.46,0.47,0.5,0.168,0.175,0.041
0.73,0.73,1.0,1.0,0.84,0.84,0.16199999999999998,0.16199999999999998,0.38,0.38,0.37,0.35,0.02999999999999986,0.04499999999999987,1.0,0.4,0.89,0.77,0.56,0.89,0.89,0.56,0.56,0.57,0.44,0.58,0.44,0.51,0.5,0.168,0.184,0.044
0.71,0.71,1.0,1.0,0.85,0.85,0.16199999999999998,0.16199999999999998,0.38,0.38,0.37,0.35,0.02999999999999986,0.04499999999999987,1.0,0.39,0.89,0.76,0.56,0.89,0.89,0.56,0.56,0.57,0.44,0.58,0.44,0.51,0.5,0.182,0.171,0.03
0.69,0.69,1.0,1.0,0.87,0.87,0.16199999999999998,0.16199999999999998,0.37,0.37,0.36,0.37,0.02999999999999986,0.04499999999999987,1.0,0.39,0.885,0.75,0.56,0.88,0.89,0.56,0.56,0.57,0.44,0.58,0.44,0.51,0.5,0.185,0.118,0.027
0.68,0.68,1.0,1.0,0.88,0.88,0.16199999999999998,0.16199999999999998,0.37,0.37,0.35,0.37,0.02999999999999986,0.04499999999999987,1.0,0.38,0.885,0.75,0.56,0.88,0.89,0.56,0.56,0.57,0.44,0.58,0.44,0.51,0.5,0.195,0.07,0.03
0.68,0.68,1.0,1.0,0.88,0.88,0.16199999999999998,0.16199999999999998,0.37,0.37,0.34,0.38,0.04499999999999987,0.04499999999999987,1.0,0.38,0.885,0.75,0.56,0.88,0.89,0.56,0.56,0.58,0.44,0.58,0.44,0.52,0.5,0.207,0.018,0.022
0.66,0.66,1.0,1.0,0.89,0.89,0.16199999999999998,0.16199999999999998,0.37,0.37,0.33,0.39,0.04499999999999987,0.05999999999999989,1.0,0.37,0.885,0.74,0.56,0.88,0.89,0.56,0.56,0.58,0.44,0.59,0.43,0.52,0.5,0.212,-0.021,0.016
0.63,0.63,1.0,1.0,0.92,0.92,0.685810546875,0.6825024890899658,0.2,0.2,0.35,0.38,0.04499999999999987,0.10499999999999993,1.0,0.39,0.805,0.76,0.54,0.8,0.81,0.54,0.54,0.58,0.43,0.62,0.42,0.48,0.5,0.222,-0.062,0.01
0.66,0.66,1.0,1.0,0.9,0.9,0.16199999999999998,0.16199999999999998,0.35,0.35,0.34,0.38,0.05999999999999989,0.0749999999999999,1.0,0.38,0.88,0.74,0.54,0.88,0.88,0.54,0.54,0.59,0.43,0.6,0.43,0.5,0.5,0.226,-0.09,0.005
0.66,0.66,1.0,1.0,0.89,0.89,0.16199999999999998,0.16199999999999998,0.31,0.31,0.34,0.38,0.05999999999999989,0.0749999999999999,1.0,0.36,0.885,0.74,0.54,0.88,0.89,0.54,0.54,0.59,0.43,0.6,0.43,0.53,0.5,0.229,-0.099,0.005
0.68,0.68,1.0,1.0,0.88,0.88,0.16199999999999998,0.16199999999999998,0.28,0.28,0.34,0.38,0.05999999999999989,0.0749999999999999,1.0,0.36,0.875,0.73,0.53,0.87,0.88,0.53,0.53,0.59,0.43,0.6,0.43,0.53,0.5,0.216,-0.09,0.004
0.69,0.69,1.0,1.0,0.87,0.87,0.16199999999999998,0.16199999999999998,0.28,0.28,0.34,0.38,0.05999999999999989,0.0749999999999999,1.0,0.36,0.865,0.74,0.53,0.86,0.87,0.53,0.53,0.59,0.43,0.6,0.43,0.52,0.5,0.245,-0.089,0.017
0.69,0.69,1.0,1.0,0.87,0.87,0.16199999999999998,0.16199999999999998,0.27,0.27,0.34,0.38,0.05999999999999989,0.0749999999999999,1.0,0.37,0.865,0.74,0.52,0.86,0.87,0.52,0.52,0.59,0.43,0.6,0.43,0.52,0.5,0.29,-0.094,0.017
0.69,0.69,1.0,1.0,0.87,0.87,0.16199999999999998,0.16199999999999998,0.27,0.27,0.34,0.38,0.05999999999999989,0.0749999999999999,1.0,0.36,0.865,0.73,0.52,0.86,0.87,0.52,0.52,0.59,0.43,0.6,0.43,0.51,0.5,0.333,-0.097,0.018
0.69,0.69,1.0,1.0,0.87,0.87,0.16199999999999998,0.16199999999999998,0.29,0.29,0.34,0.39,0.05999999999999989,0.0749999999999999,1.0,0.36,0.875,0.73,0.52,0.87,0.88,0.52,0.52,0.59,0.43,0.6,0.43,0.51,0.5,0.344,-0.097,0.019
0.69,0.69,1.0,1.0,0.87,0.87,0.16199999999999998,0.16199999999999998,0.29,0.29,0.34,0.38,0.05999999999999989,0.0749999999999999,1.0,0.36,0.875,0.73,0.52,0.87,0.88,0.52,0.52,0.59,0.43,0.6,0.43,0.51,0.5,0.346,-0.094,0.016
0.69,0.69,1.0,1.0,0.87,0.87,0.16199999999999998,0.16199999999999998,0.24,0.24,0.35,0.37,0.0749999999999999,0.0749999999999999,1.0,0.36,0.835,0.73,0.51,0.83,0.84,0.51,0.51,0.6,0.43,0.6,0.43,0.49,0.5,0.342,-0.088,0.013
0.74,0.74,1.0,1.0,0.83,0.83,0.16199999999999998,0.16199999999999998,0.18,0.18,0.35,0.38,0.10499999999999993,0.08999999999999991,1.0,0.37,0.81,0.74,0.48,0.8,0.82,0.48,0.48,0.62,0.42,0.61,0.42,0.49,0.5,0.324,-0.085,0.013
0.72,0.72,1.0,1.0,0.85,0.85,0.16199999999999998,0.16199999999999998,0.16,0.16,0.34,0.38,0.10499999999999993,0.0749999999999999,1.0,0.4,0.78,0.76,0.47,0.77,0.79,0.47,0.47,0.62,0.42,0.6,0.43,0.47,0.5,0.32,-0.084,0.017
0.71,0.71,1.0,1.0,0.86,0.86,0.16199999999999998,0.16199999999999998,0.15,0.15,0.34,0.39,0.10499999999999993,0.0749999999999999,0.75,0.44,0.75,0.79,0.47,0.74,0.76,0.47,0.47,0.62,0.42,0.6,0.43,0.47,0.5,0.37,-0.085,0.014
0.7,0.7,1.0,1.0,0.86,0.86,0.18739707350730894,0.18696254074573515,0.14,0.14,0.34,0.39,0.10499999999999993,0.0749999999999999,0.75,0.45,0.73,0.8,0.46,0.72,0.74,0.46,0.46,0.62,0.42,0.6,0.43,0.45,0.5,0.48,-0.079,0.007
0.7,0.7,1.0,1.0,0.86,0.86,0.20347080707550047,0.20304481267929075,0.14,0.14,0.34,0.39,0.10499999999999993,0.0749999999999999,0.75,0.45,0.725,0.8,0.46,0.71,0.74,0.46,0.46,0.62,0.42,0.6,0.43,0.45,0.5,0.559,-0.077,-0.016
0.7,0.7,1.0,1.0,0.86,0.86,0.2032873886823654,0.2028562831878662,0.14,0.14,0.34,0.39,0.10499999999999993,0.0749999999999999,0.75,0.46,0.72,0.8,0.46,0.71,0.73,0.46,0.46,0.62,0.42,0.6,0.43,0.45,0.5,0.59,-0.071,-0.025
0.7,0.7,1.0,1.0,0.87,0.87,0.43626673102378843,0.43598012208938597,0.09,0.09,0.34,0.39,0.11999999999999994,0.08999999999999991,0.75,0.48,0.695,0.83,0.45,0.6799999999999999,0.71,0.45,0.45,0.63,0.42,0.61,0.42,0.45,0.5,0.59,-0.07,-0.022
0.69,0.69,1.0,1.0,0.87,0.87,0.2905969429016113,0.29017956137657164,0.14,0.14,0.34,0.39,0.11999999999999994,0.08999999999999991,0.75,0.47,0.705,0.82,0.45,0.69,0.72,0.45,0.45,0.63,0.42,0.61,0.42,0.45,0.5,0.59,-0.067,-0.022
0.69,0.69,1.0,1.0,0.87,0.87,0.25817195653915403,0.25777832746505736,0.15,0.15,0.34,0.39,0.10499999999999993,0.0749999999999999,0.75,0.46,0.71,0.81,0.44,0.7,0.72,0.44,0.44,0.62,0.42,0.6,0.43,0.39,0.31,0.59,-0.07,-0.019
0.64,0.64,1.0,1.0,0.91,0.91,0.31756637573242186,0.3174796211719513,0.21,0.21,0.49,0.24,0.10499999999999993,0.08999999999999991,1.0,0.46,0.76,0.81,0.44,0.75,0.77,0.44,0.44,0.62,0.42,0.61,0.42,0.18,0.32,0.59,-0.072,-0.021
0.61,0.61,1.0,1.0,0.93,0.93,0.16199999999999998,0.16199999999999998,0.28,0.28,0.53,0.2,0.10499999999999993,0.08999999999999991,1.0,0.42,0.825,0.78,0.42,0.82,0.83,0.42,0.42,0.62,0.42,0.61,0.42,0.11,0.37,0.59,-0.07,-0.022
0.59,0.59,1.0,1.0,0.95,0.95,0.16199999999999998,0.16199999999999998,0.31,0.31,0.54,0.19,0.11999999999999994,0.08999999999999991,1.0,0.33,0.895,0.71,0.36,0.89,0.9,0.36,0.36,0.63,0.41,0.61,0.42,0.06,0.43,0.59,-0.067,-0.017
0.57,0.57,1.0,1.0,0.97,0.97,0.2932107853889465,0.29241509318351744,0.23,0.23,0.33,0.4,0.14999999999999997,0.13499999999999995,1.0,0.26,0.96,0.66,0.28,0.96,0.96,0.28,0.28,0.65,0.4,0.64,0.41,0.03,0.47,0.526,-0.065,-0.01
0.51,0.51,0.95,0.95,1.0,1.0,0.16199999999999998,0.16199999999999998,0.33,0.33,0.33,0.39,0.195,0.18,1.0,0.23,0.98,0.63,0.26,0.98,0.98,0.26,0.26,0.68,0.39,0.67,0.4,0.02,0.54,0.407,-0.048,-0.012
0.5,0.5,0.94,0.94,1.0,1.0,0.16199999999999998,0.16199999999999998,0.35,0.35,0.33,0.4,0.20999999999999985,0.195,1.0,0.22,0.99,0.63,0.26,0.99,0.99,0.26,0.26,0.69,0.39,0.68,0.39,0.02,0.57,0.357,-0.044,-0.012
0.47,0.47,0.87,0.87,1.0,1.0,0.28806151032447813,0.2861672747135162,0.28,0.28,0.33,0.39,0.22499999999999987,0.20999999999999985,1.0,0.22,0.99,0.63,0.27,0.99,0.99,0.27,0.27,0.7,0.39,0.69,0.39,0.02,0.59,0.302,-0.04,-0.009
0.45,0.45,0.81,0.81,1.0,1.0,0.16199999999999998,0.16199999999999998,0.34,0.34,0.33,0.39,0.22499999999999987,0.20999999999999985,1.0,0.22,0.98,0.63,0.28,0.98,0.98,0.28,0.28,0.7,0.38,0.69,0.39,0.02,0.59,0.25,-0.038,-0.005
0.48,0.48,0.88,0.88,1.0,1.0,0.16199999999999998,0.16199999999999998,0.42,0.42,0.32,0.4,0.23999999999999988,0.20999999999999985,1.0,0.22,0.98,0.63,0.26,0.98,0.98,0.26,0.26,0.71,0.38,0.69,0.39,0.02,0.59,0.22,-0.044,-0.004
0.48,0.48,0.88,0.88,1.0,1.0,0.16199999999999998,0.16199999999999998,0.44,0.44,0.32,0.4,0.2549999999999999,0.195,1.0,0.22,0.99,0.63,0.26,0.99,0.99,0.26,0.26,0.72,0.38,0.68,0.39,0.02,0.59,0.207,-0.045,-0.001
0.48,0.48,0.88,0.88,1.0,1.0,0.16199999999999998,0.16199999999999998,0.45,0.45,0.3,0.42,0.22499999999999987,0.18,1.0,0.22,0.99,0.63,0.26,0.99,0.99,0.26,0.26,0.7,0.38,0.67,0.4,0.02,0.59,0.188,-0.047,-0.001
0.48,0.48,0.87,0.87,1.0,1.0,0.16199999999999998,0.16199999999999998,0.44,0.44,0.22,0.5,0.23999999999999988,0.195,1.0,0.22,0.99,0.63,0.26,0.99,0.99,0.26,0.26,0.71,0.38,0.68,0.39,0.02,0.62,0.165,-0.047,-0.002
0.46,0.46,0.84,0.84,1.0,1.0,0.2743294644355774,0.27093211889266966,0.33,0.33,0.21,0.51,0.23999999999999988,0.20999999999999985,1.0,0.22,0.99,0.63,0.28,0.99,0.99,0.28,0.28,0.71,0.38,0.69,0.39,0.02,0.66,0.148,-0.052,-0.011
0.45,0.45,0.81,0.81,1.0,1.0,0.16199999999999998,0.16199999999999998,0.38,0.38,0.22,0.5,0.23999999999999988,0.20999999999999985,1.0,0.23,0.98,0.63,0.27,0.98,0.98,0.27,0.27,0.71,0.38,0.69,0.39,0.03,0.68,0.132,-0.062,-0.031
0.46,0.46,0.84,0.84,1.0,1.0,0.16199999999999998,0.16199999999999998,0.4,0.4,0.24,0.48,0.20999999999999985,0.195,1.0,0.22,0.98,0.63,0.26,0.98,0.98,0.26,0.26,0.69,0.39,0.68,0.39,0.02,0.69,0.129,-0.082,-0.077
0.47,0.47,0.86,0.86,1.0,1.0,0.16199999999999998,0.16199999999999998,0.4,0.4,0.29,0.43,0.23999999999999988,0.195,1.0,0.22,0.99,0.63,0.26,0.99,0.99,0.26,0.26,0.71,0.38,0.68,0.39,0.02,0.68,0.133,-0.096,-0.098
0.47,0.47,0.85,0.85,1.0,1.0,0.16199999999999998,0.16199999999999998,0.4,0.4,0.35,0.37,0.2699999999999999,0.195,1.0,0.22,0.99,0.63,0.26,0.99,0.99,0.26,0.26,0.73,0.37,0.68,0.39,0.02,0.64,0.145,-0.103,-0.079
0.46,0.46,0.84,0.84,1.0,1.0,0.16199999999999998,0.16199999999999998,0.4,0.4,0.39,0.33,0.22499999999999987,0.18,1.0,0.22,0.99,0.63,0.26,0.99,0.99,0.26,0.26,0.7,0.38,0.67,0.4,0.02,0.61,0.159,-0.1,-0.043
0.46,0.46,0.83,0.83,1.0,1.0,0.16199999999999998,0.16199999999999998,0.36,0.36,0.41,0.31,0.20999999999999985,0.16499999999999998,1.0,0.22,0.99,0.63,0.29,0.99,0.99,0.29,0.29,0.69,0.39,0.66,0.4,0.02,0.55,0.175,-0.09,-0.002
0.72,0.72,1.0,1.0,0.85,0.85,0.16199999999999998,0.16199999999999998,0.32,0.32,0.39,0.33,0.11999999999999994,0.11999999999999994,1.0,0.36,0.905,0.74,0.5,0.9,0.91,0.5,0.5,0.63,0.41,0.63,0.41,0.18,0.38,0.191,-0.073,0.052
0.92,0.92,1.0,1.0,0.68,0.68,0.16199999999999998,0.16199999999999998,0.31,0.31,0.35,0.37,0.0,0.02999999999999986,1.0,0.4,0.92,0.76,0.56,0.92,0.92,0.56,0.56,0.55,0.45,0.57,0.44,0.44,0.42,0.195,-0.053,0.073
0.92,0.92,1.0,1.0,0.68,0.68,0.16199999999999998,0.16199999999999998,0.28,0.28,0.32,0.4,0.04499999999999987,0.05999999999999989,1.0,0.38,0.93,0.75,0.56,0.93,0.93,0.56,0.56,0.58,0.43,0.59,0.43,0.48,0.5,0.184,-0.035,0.082
0.92,0.92,1.0,1.0,0.68,0.68,0.16199999999999998,0.16199999999999998,0.24,0.24,0.31,0.41,0.0749999999999999,0.0749999999999999,1.0,0.37,0.925,0.74,0.55,0.92,0.93,0.55,0.55,0.6,0.43,0.6,0.43,0.52,0.5,0.2,-0.028,0.058
0.92,0.92,1.0,1.0,0.68,0.68,0.16199999999999998,0.16199999999999998,0.21,0.21,0.32,0.4,0.08999999999999991,0.08999999999999991,1.0,0.37,0.915,0.74,0.52,0.91,0.92,0.52,0.52,0.61,0.42,0.61,0.42,0.54,0.5,0.242,-0.031,0.019
0.92,0.92,1.0,1.0,0.69,0.69,0.16199999999999998,0.16199999999999998,0.2,0.2,0.32,0.4,0.08999999999999991,0.08999999999999991,1.0,0.37,0.87,0.74,0.51,0.86,0.88,0.51,0.51,0.61,0.42,0.61,0.42,0.51,0.5,0.276,-0.038,0.002
0.9,0.9,1.0,1.0,0.7,0.7,0.16199999999999998,0.16199999999999998,0.19,0.19,0.33,0.4,0.10499999999999993,0.08999999999999991,1.0,0.37,0.86,0.74,0.49,0.85,0.87,0.49,0.49,0.62,0.42,0.61,0.43,0.49,0.5,0.343,-0.046,-0.012
0.9,0.9,1.0,1.0,0.7,0.7,0.16199999999999998,0.16199999999999998,0.19,0.19,0.33,0.4,0.10499999999999993,0.0749999999999999,1.0,0.37,0.86,0.74,0.49,0.85,0.87,0.49,0.49,0.62,0.42,0.6,0.43,0.48,0.5,0.397,-0.049,-0.014
0.89,0.89,1.0,1.0,0.71,0.71,0.16199999999999998,0.16199999999999998,0.18,0.18,0.33,0.4,0.10499999999999993,0.0749999999999999,1.0,0.38,0.85,0.74,0.48,0.84,0.86,0.48,0.48,0.62,0.42,0.6,0.43,0.47,0.5,0.435,-0.057,-0.012
0.86,0.86,1.0,1.0,0.73,0.73,0.16199999999999998,0.16199999999999998,0.19,0.19,0.35,0.37,0.10499999999999993,0.0749999999999999,1.0,0.38,0.84,0.75,0.48,0.83,0.85,0.48,0.48,0.62,0.42,0.6,0.43,0.46,0.5,0.467,-0.06,-0.008
0.85,0.85,1.0,1.0,0.74,0.74,0.16199999999999998,0.16199999999999998,0.2,0.2,0.36,0.36,0.10499999999999993,0.0749999999999999,1.0,0.38,0.84,0.75,0.47,0.83,0.85,0.47,0.47,0.62,0.42,0.6,0.43,0.47,0.5,0.481,-0.061,-0.008
0.86,0.86,1.0,1.0,0.73,0.73,0.16199999999999998,0.16199999999999998,0.2,0.2,0.37,0.36,0.11999999999999994,0.0749999999999999,1.0,0.38,0.84,0.75,0.49,0.83,0.85,0.49,0.49,0.63,0.42,0.6,0.43,0.47,0.5,0.481,-0.062,-0.014
0.88,0.88,1.0,1.0,0.71,0.71,0.16199999999999998,0.16199999999999998,0.2,0.2,0.36,0.36,0.11999999999999994,0.08999999999999991,1.0,0.38,0.84,0.74,0.5,0.83,0.85,0.5,0.5,0.63,0.41,0.61,0.43,0.49,0.5,0.486,-0.062,-0.012
0.87,0.87,1.0,1.0,0.72,0.72,0.16199999999999998,0.16199999999999998,0.2,0.2,0.37,0.36,0.13499999999999995,0.08999999999999991,1.0,0.38,0.845,0.75,0.5,0.84,0.85,0.5,0.5,0.64,0.41,0.61,0.43,0.5,0.5,0.478,-0.06,-0.005
0.87,0.87,1.0,1.0,0.73,0.73,0.16199999999999998,0.16199999999999998,0.2,0.2,0.35,0.38,0.13499999999999995,0.0749999999999999,1.0,0.38,0.845,0.75,0.5,0.84,0.85,0.5,0.5,0.64,0.41,0.6,0.43,0.5,0.5,0.473,-0.047,0.028
0.85,0.85,1.0,1.0,0.74,0.74,0.16199999999999998,0.16199999999999998,0.23,0.23,0.27,0.45,0.10499999999999993,0.05999999999999989,1.0,0.39,0.87,0.75,0.48,0.86,0.88,0.48,0.48,0.62,0.42,0.59,0.43,0.49,0.5,0.469,-0.031,0.045
0.82,0.82,1.0,1.0,0.77,0.77,0.16199999999999998,0.16199999999999998,0.24,0.24,0.21,0.52,0.08999999999999991,0.05999999999999989,1.0,0.41,0.875,0.77,0.48,0.87,0.88,0.48,0.48,0.61,0.42,0.59,0.43,0.48,0.5,0.459,-0.021,0.043
0.8,0.8,1.0,1.0,0.78,0.78,0.16199999999999998,0.16199999999999998,0.24,0.24,0.17,0.56,0.0749999999999999,0.05999999999999989,1.0,0.41,0.885,0.77,0.49,0.88,0.89,0.49,0.49,0.6,0.43,0.59,0.43,0.47,0.5,0.436,-0.012,-0.018
0.8,0.8,1.0,1.0,0.78,0.78,0.16199999999999998,0.16199999999999998,0.24,0.24,0.17,0.56,0.0749999999999999,0.05999999999999989,1.0,0.4,0.88,0.77,0.49,0.87,0.89,0.49,0.49,0.6,0.43,0.59,0.43,0.43,0.49,0.41,-0.005,-0.096
0.79,0.79,1.0,1.0,0.79,0.79,0.16199999999999998,0.16199999999999998,0.23,0.23,0.19,0.54,0.0749999999999999,0.05999999999999989,1.0,0.41,0.88,0.77,0.48,0.87,0.89,0.48,0.48,0.6,0.43,0.59,0.43,0.43,0.49,0.383,-0.018,-0.136
0.77,0.77,1.0,1.0,0.8,0.8,0.16199999999999998,0.16199999999999998,0.23,0.23,0.23,0.5,0.0749999999999999,0.05999999999999989,1.0,0.41,0.875,0.77,0.47,0.87,0.88,0.47,0.47,0.6,0.43,0.59,0.43,0.43,0.47,0.354,-0.05,-0.154
0.77,0.77,1.0,1.0,0.8,0.8,0.16199999999999998,0.16199999999999998,0.23,0.23,0.24,0.48,0.0749999999999999,0.05999999999999989,1.0,0.4,0.87,0.76,0.47,0.86,0.88,0.47,0.47,0.6,0.43,0.59,0.43,0.43,0.44,0.352,-0.079,-0.148
0.77,0.77,1.0,1.0,0.8,0.8,0.16199999999999998,0.16199999999999998,0.24,0.24,0.25,0.47,0.08999999999999991,0.05999999999999989,1.0,0.39,0.87,0.76,0.47,0.86,0.88,0.47,0.47,0.61,0.42,0.59,0.43,0.42,0.42,0.361,-0.09,-0.135
0.79,0.79,1.0,1.0,0.79,0.79,0.16199999999999998,0.16199999999999998,0.22,0.22,0.27,0.45,0.10499999999999993,0.05999999999999989,1.0,0.38,0.875,0.75,0.47,0.87,0.88,0.47,0.47,0.62,0.42,0.59,0.43,0.42,0.35,0.379,-0.08,-0.109
0.77,0.77,1.0,1.0,0.8,0.8,0.16199999999999998,0.16199999999999998,0.24,0.24,0.29,0.43,0.10499999999999993,0.05999999999999989,1.0,0.38,0.875,0.75,0.47,0.87,0.88,0.47,0.47,0.62,0.42,0.59,0.43,0.42,0.33,0.378,-0.046,-0.09
0.8,0.8,1.0,1.0,0.78,0.78,0.16199999999999998,0.16199999999999998,0.23,0.23,0.32,0.41,0.10499999999999993,0.05999999999999989,1.0,0.37,0.865,0.74,0.48,0.86,0.87,0.48,0.48,0.62,0.42,0.59,0.43,0.41,0.3,0.396,-0.008,-0.075
0.74,0.74,1.0,1.0,0.83,0.83,0.16199999999999998,0.16199999999999998,0.24,0.24,0.32,0.41,0.10499999999999993,0.05999999999999989,1.0,0.37,0.86,0.74,0.49,0.85,0.87,0.49,0.49,0.62,0.42,0.59,0.43,0.4,0.29,0.402,0.045,-0.054
0.73,0.73,1.0,1.0,0.84,0.84,0.16199999999999998,0.16199999999999998,0.23,0.23,0.32,0.4,0.10499999999999993,0.05999999999999989,1.0,0.38,0.855,0.75,0.47,0.85,0.86,0.47,0.47,0.62,0.42,0.59,0.43,0.4,0.29,0.394,0.078,-0.027
0.71,0.71,1.0,1.0,0.86,0.86,0.16199999999999998,0.16199999999999998,0.23,0.23,0.33,0.39,0.10499999999999993,0.05999999999999989,1.0,0.38,0.84,0.75,0.47,0.83,0.85,0.47,0.47,0.62,0.42,0.59,0.43,0.41,0.3,0.397,0.091,-0.026
0.69,0.69,1.0,1.0,0.87,0.87,0.16199999999999998,0.16199999999999998,0.23,0.23,0.34,0.39,0.10499999999999993,0.05999999999999989,1.0,0.39,0.835,0.75,0.47,0.83,0.84,0.47,0.47,0.62,0.42,0.59,0.43,0.42,0.29,0.402,0.097,-0.022
0.67,0.67,1.0,1.0,0.89,0.89,0.42681790471076964,0.4267650055885315,0.17,0.17,0.4,0.33,0.13499999999999995,0.10499999999999993,1.0,0.4,0.835,0.76,0.46,0.83,0.84,0.46,0.46,0.64,0.41,0.62,0.42,0.41,0.28,0.412,0.109,-0.01
0.66,0.66,1.0,1.0,0.9,0.9,0.16199999999999998,0.16199999999999998,0.28,0.28,0.5,0.23,0.11999999999999994,0.08999999999999991,1.0,0.4,0.84,0.76,0.47,0.83,0.85,0.47,0.47,0.63,0.41,0.61,0.43,0.41,0.27,0.416,0.117,-0.005
0.66,0.66,1.0,1.0,0.9,0.9,0.16199999999999998,0.16199999999999998,0.3,0.3,0.46,0.26,0.10499999999999993,0.05999999999999989,1.0,0.4,0.855,0.76,0.48,0.85,0.86,0.48,0.48,0.62,0.42,0.59,0.43,0.42,0.26,0.404,0.123,-0.001
0.66,0.66,1.0,1.0,0.89,0.89,0.16199999999999998,0.16199999999999998,0.3,0.3,0.51,0.21,0.10499999999999993,0.05999999999999989,1.0,0.39,0.85,0.76,0.49,0.84,0.86,0.49,0.49,0.62,0.42,0.59,0.43,0.41,0.27,0.39,0.125,0.005
0.66,0.66,1.0,1.0,0.9,0.9,0.16199999999999998,0.16199999999999998,0.31,0.31,0.53,0.2,0.08999999999999991,0.05999999999999989,1.0,0.39,0.85,0.75,0.49,0.84,0.86,0.49,0.49,0.61,0.42,0.59,0.43,0.4,0.27,0.382,0.119,0.002
0.67,0.67,1.0,1.0,0.89,0.89,0.16199999999999998,0.16199999999999998,0.3,0.3,0.53,0.2,0.08999999999999991,0.05999999999999989,1.0,0.39,0.85,0.75,0.5,0.84,0.86,0.5,0.5,0.61,0.42,0.59,0.43,0.37,0.27,0.38,0.106,-0.002
0.65,0.65,1.0,1.0,0.9,0.9,0.5064877676963806,0.5058862376213074,0.18,0.18,0.41,0.32,0.11999999999999994,0.0749999999999999,1.0,0.39,0.85,0.75,0.48,0.84,0.86,0.48,0.48,0.63,0.42,0.6,0.43,0.4,0.27,0.38,0.099,-0.008
0.64,0.64,1.0,1.0,0.91,0.91,0.16199999999999998,0.16199999999999998,0.29,0.29,0.46,0.26,0.10499999999999993,0.0749999999999999,1.0,0.39,0.845,0.76,0.48,0.84,0.85,0.48,0.48,0.62,0.42,0.6,0.43,0.4,0.26,0.375,0.087,0.003
0.64,0.64,1.0,1.0,0.91,0.91,0.16199999999999998,0.16199999999999998,0.31,0.31,0.47,0.26,0.08999999999999991,0.05999999999999989,1.0,0.39,0.85,0.75,0.49,0.84,0.86,0.49,0.49,0.61,0.42,0.59,0.43,0.41,0.26,0.365,0.085,0.001
0.64,0.64,1.0,1.0,0.91,0.91,0.16199999999999998,0.16199999999999998,0.31,0.31,0.47,0.26,0.08999999999999991,0.05999999999999989,1.0,0.39,0.85,0.75,0.49,0.84,0.86,0.49,0.49,0.61,0.42,0.59,0.43,0.39,0.26,0.358,0.088,0.005
0.64,0.64,1.0,1.0,0.91,0.91,0.16199999999999998,0.16199999999999998,0.27,0.27,0.34,0.38,0.08999999999999991,0.05999999999999989,1.0,0.38,0.875,0.75,0.48,0.87,0.88,0.48,0.48,0.61,0.42,0.59,0.43,0.42,0.28,0.359,0.099,0.011
0.64,0.64,1.0,1.0,0.91,0.91,0.9047015118598938,0.9041494536399841,0.19,0.19,0.34,0.38,0.11999999999999994,0.11999999999999994,1.0,0.37,0.875,0.74,0.43,0.87,0.88,0.43,0.43,0.63,0.41,0.63,0.41,0.27,0.3,0.365,0.101,0.009
0.58,0.58,1.0,1.0,0.96,0.96,0.22873206019401549,0.22728207290172575,0.25,0.25,0.31,0.41,0.13499999999999995,0.11999999999999994,1.0,0.25,0.98,0.65,0.28,0.98,0.98,0.28,0.28,0.64,0.41,0.63,0.41,0.06,0.47,0.364,0.112,-0.003
0.56,0.56,1.0,1.0,0.97,0.97,0.16199999999999998,0.16199999999999998,0.29,0.29,0.31,0.42,0.14999999999999997,0.11999999999999994,1.0,0.23,0.99,0.64,0.26,0.99,0.99,0.26,0.26,0.65,0.41,0.63,0.41,0.03,0.54,0.365,0.103,-0.009
0.56,0.56,1.0,1.0,0.98,0.98,0.9182537007331848,0.918208281993866,0.27,0.27,0.34,0.39,0.195,0.18,1.0,0.23,0.98,0.64,0.28,0.98,0.98,0.28,0.28,0.68,0.39,0.67,0.4,0.03,0.56,0.355,0.086,-0.025
0.56,0.56,1.0,1.0,0.98,0.98,0.22520777165889738,0.22400454759597777,0.28,0.28,0.31,0.41,0.195,0.195,1.0,0.23,0.98,0.64,0.28,0.98,0.98,0.28,0.28,0.68,0.39,0.68,0.39,0.03,0.57,0.324,0.049,-0.044
0.48,0.48,0.88,0.88,1.0,1.0,0.16199999999999998,0.16199999999999998,0.33,0.33,0.31,0.41,0.20999999999999985,0.195,1.0,0.23,0.98,0.63,0.27,0.98,0.98,0.27,0.27,0.69,0.39,0.68,0.39,0.02,0.58,0.292,0.021,-0.045
0.48,0.48,0.88,0.88,1.0,1.0,0.16199999999999998,0.16199999999999998,0.35,0.35,0.32,0.4,0.22499999999999987,0.195,1.0,0.22,0.99,0.63,0.26,0.99,0.99,0.26,0.26,0.7,0.38,0.68,0.39,0.02,0.6,0.26,0.003,-0.037
0.46,0.46,0.83,0.83,1.0,1.0,0.31689525723457335,0.3154825973510742,0.28,0.28,0.35,0.37,0.23999999999999988,0.22499999999999987,1.0,0.22,0.98,0.63,0.27,0.98,0.98,0.27,0.27,0.71,0.38,0.7,0.39,0.02,0.59,0.227,-0.008,-0.035
0.44,0.44,0.78,0.78,1.0,1.0,0.16199999999999998,0.16199999999999998,0.33,0.33,0.36,0.37,0.22499999999999987,0.20999999999999985,1.0,0.23,0.97,0.63,0.28,0.97,0.97,0.28,0.28,0.7,0.38,0.69,0.39,0.02,0.55,0.209,-0.01,-0.026
0.46,0.46,0.83,0.83,1.0,1.0,0.16199999999999998,0.16199999999999998,0.38,0.38,0.35,0.37,0.195,0.18,1.0,0.22,0.98,0.63,0.27,0.98,0.98,0.27,0.27,0.68,0.39,0.67,0.39,0.02,0.54,0.217,0.003,-0.01
0.46,0.46,0.84,0.84,1.0,1.0,0.16199999999999998,0.16199999999999998,0.38,0.38,0.34,0.38,0.13499999999999995,0.14999999999999997,1.0,0.22,0.98,0.63,0.27,0.98,0.98,0.27,0.27,0.64,0.41,0.65,0.41,0.02,0.53,0.201,0.035,-0.002
0.46,0.46,0.85,0.85,1.0,1.0,0.16199999999999998,0.16199999999999998,0.38,0.38,0.33,0.39,0.13499999999999995,0.14999999999999997,1.0,0.22,0.98,0.63,0.26,0.98,0.98,0.26,0.26,0.64,0.41,0.65,0.41,0.02,0.54,0.186,0.084,-0.015
0.47,0.47,0.85,0.85,1.0,1.0,0.16199999999999998,0.16199999999999998,0.36,0.36,0.3,0.42,0.16499999999999998,0.16499999999999998,1.0,0.22,0.99,0.63,0.26,0.99,0.99,0.26,0.26,0.66,0.4,0.66,0.4,0.02,0.55,0.187,0.094,-0.036
0.47,0.47,0.85,0.85,1.0,1.0,0.16199999999999998,0.16199999999999998,0.35,0.35,0.28,0.44,0.18,0.16499999999999998,1.0,0.22,0.99,0.63,0.26,0.99,0.99,0.26,0.26,0.67,0.4,0.66,0.4,0.02,0.58,0.2,0.086,-0.041
0.47,0.47,0.85,0.85,1.0,1.0,0.16199999999999998,0.16199999999999998,0.35,0.35,0.29,0.43,0.16499999999999998,0.14999999999999997,1.0,0.22,0.99,0.63,0.26,0.99,0.99,0.26,0.26,0.66,0.4,0.65,0.4,0.02,0.6,0.213,0.065,-0.051
0.47,0.47,0.86,0.86,1.0,1.0,0.16199999999999998,0.16199999999999998,0.35,0.35,0.31,0.41,0.16499999999999998,0.14999999999999997,1.0,0.22,0.99,0.63,0.26,0.99,0.99,0.26,0.26,0.66,0.4,0.65,0.4,0.02,0.6,0.207,0.018,-0.062
0.47,0.47,0.86,0.86,1.0,1.0,0.16199999999999998,0.16199999999999998,0.36,0.36,0.32,0.4,0.16499999999999998,0.16499999999999998,1.0,0.22,0.99,0.63,0.26,0.99,0.99,0.26,0.26,0.66,0.4,0.66,0.4,0.01,0.59,0.208,-0.064,-0.049
0.47,0.47,0.87,0.87,1.0,1.0,0.16199999999999998,0.16199999999999998,0.36,0.36,0.34,0.39,0.18,0.16499999999999998,1.0,0.22,0.99,0.63,0.26,0.99,0.99,0.26,0.26,0.67,0.4,0.66,0.4,0.01,0.59,0.201,-0.108,-0.023
0.47,0.47,0.85,0.85,1.0,1.0,0.16199999999999998,0.16199999999999998,0.35,0.35,0.34,0.39,0.20999999999999985,0.195,1.0,0.22,0.99,0.63,0.26,0.99,0.99,0.26,0.26,0.69,0.39,0.68,0.39,0.01,0.59,0.211,-0.149,0.005
0.41,0.41,0.72,0.72,1.0,1.0,0.8508793520927429,0.8495774674415588,0.25,0.25,0.37,0.36,0.20999999999999985,0.195,1.0,0.23,0.96,0.64,0.29,0.96,0.96,0.29,0.29,0.69,0.39,0.68,0.39,0.02,0.57,0.22,-0.178,0.038
0.44,0.44,0.8,0.8,1.0,1.0,0.16199999999999998,0.16199999999999998,0.47,0.47,0.52,0.21,0.195,0.18,1.0,0.23,0.98,0.64,0.27,0.98,0.98,0.27,0.27,0.68,0.39,0.67,0.4,0.02,0.56,0.226,-0.184,0.052
0.6,0.6,1.0,1.0,0.94,0.94,0.16199999999999998,0.16199999999999998,0.33,0.33,0.48,0.25,0.16499999999999998,0.14999999999999997,1.0,0.33,0.925,0.71,0.38,0.92,0.93,0.38,0.38,0.66,0.4,0.65,0.4,0.07,0.55,0.238,-0.187,0.048
0.92,0.92,1.0,1.0,0.68,0.68,0.16199999999999998,0.16199999999999998,0.3,0.3,0.26,0.47,0.05999999999999989,0.05999999999999989,1.0,0.4,0.91,0.76,0.51,0.91,0.91,0.51,0.51,0.59,0.43,0.59,0.43,0.24,0.49,0.246,-0.182,0.043
0.92,0.92,1.0,1.0,0.68,0.68,0.16199999999999998,0.16199999999999998,0.29,0.29,0.22,0.51,0.04499999999999987,0.05999999999999989,1.0,0.38,0.92,0.75,0.53,0.92,0.92,0.53,0.53,0.58,0.44,0.59,0.43,0.41,0.46,0.26,-0.177,0.045
0.92,0.92,1.0,1.0,0.68,0.68,0.16199999999999998,0.16199999999999998,0.25,0.25,0.23,0.5,0.04499999999999987,0.05999999999999989,1.0,0.38,0.92,0.75,0.53,0.92,0.92,0.53,0.53,0.58,0.44,0.59,0.43,0.5,0.5,0.295,-0.168,0.037
0.92,0.92,1.0,1.0,0.68,0.68,0.16199999999999998,0.16199999999999998,0.22,0.22,0.23,0.5,0.04499999999999987,0.0749999999999999,1.0,0.38,0.92,0.75,0.51,0.92,0.92,0.51,0.51,0.58,0.44,0.6,0.43,0.54,0.5,0.309,-0.166,0.042
0.92,0.92,1.0,1.0,0.68,0.68,0.16199999999999998,0.16199999999999998,0.18,0.18,0.34,0.39,0.0749999999999999,0.0749999999999999,1.0,0.39,0.895,0.75,0.51,0.89,0.9,0.51,0.51,0.6,0.43,0.6,0.43,0.55,0.5,0.351,-0.164,0.024
0.92,0.92,1.0,1.0,0.68,0.68,0.16199999999999998,0.16199999999999998,0.17,0.17,0.34,0.39,0.08999999999999991,0.0749999999999999,1.0,0.39,0.885,0.75,0.5,0.88,0.89,0.5,0.5,0.61,0.42,0.6,0.43,0.55,0.5,0.394,-0.164,0.013
0.92,0.92,1.0,1.0,0.68,0.68,0.16199999999999998,0.16199999999999998,0.17,0.17,0.34,0.39,0.08999999999999991,0.08999999999999991,1.0,0.39,0.88,0.75,0.5,0.87,0.89,0.5,0.5,0.61,0.42,0.61,0.43,0.56,0.5,0.438,-0.164,-0.006
0.92,0.92,1.0,1.0,0.68,0.68,0.16199999999999998,0.16199999999999998,0.16,0.16,0.33,0.39,0.10499999999999993,0.08999999999999991,1.0,0.4,0.875,0.76,0.5,0.87,0.88,0.5,0.5,0.62,0.42,0.61,0.42,0.59,0.5,0.477,-0.166,-0.015
0.92,0.92,1.0,1.0,0.68,0.68,0.16199999999999998,0.16199999999999998,0.16,0.16,0.34,0.39,0.10499999999999993,0.08999999999999991,1.0,0.4,0.87,0.76,0.5,0.86,0.88,0.5,0.5,0.62,0.42,0.61,0.42,0.58,0.5,0.492,-0.166,-0.026
0.92,0.92,1.0,1.0,0.68,0.68,0.16199999999999998,0.16199999999999998,0.17,0.17,0.33,0.39,0.10499999999999993,0.08999999999999991,1.0,0.4,0.87,0.76,0.5,0.86,0.88,0.5,0.5,0.62,0.42,0.61,0.42,0.58,0.5,0.509,-0.164,-0.029
0.92,0.92,1.0,1.0,0.68,0.68,0.16199999999999998,0.16199999999999998,0.17,0.17,0.33,0.39,0.08999999999999991,0.08999999999999991,1.0,0.4,0.865,0.76,0.5,0.86,0.87,0.5,0.5,0.61,0.42,0.61,0.42,0.58,0.5,0.514,-0.163,-0.032
0.92,0.92,1.0,1.0,0.68,0.68,0.16199999999999998,0.16199999999999998,0.17,0.17,0.34,0.39,0.08999999999999991,0.08999999999999991,1.0,0.4,0.865,0.76,0.5,0.86,0.87,0.5,0.5,0.61,0.42,0.61,0.42,0.58,0.5,0.506,-0.158,-0.029
0.92,0.92,1.0,1.0,0.68,0.68,0.16199999999999998,0.16199999999999998,0.17,0.17,0.34,0.39,0.08999999999999991,0.08999999999999991,1.0,0.4,0.865,0.76,0.5,0.86,0.87,0.5,0.5,0.61,0.42,0.61,0.42,0.58,0.5,0.505,-0.158,-0.03
0.92,0.92,1.0,1.0,0.68,0.68,0.16199999999999998,0.16199999999999998,0.18,0.18,0.33,0.4,0.08999999999999991,0.08999999999999991,1.0,0.39,0.875,0.75,0.51,0.87,0.88,0.51,0.51,0.61,0.42,0.61,0.42,0.62,0.5,0.503,-0.155,-0.025
0.92,0.92,1.0,1.0,0.68,0.68,0.16199999999999998,0.16199999999999998,0.23,0.23,0.43,0.3,0.08999999999999991,0.08999999999999991,1.0,0.39,0.88,0.75,0.52,0.87,0.89,0.52,0.52,0.61,0.42,0.61,0.42,0.62,0.5,0.491,-0.151,-0.026
0.92,0.92,1.0,1.0,0.68,0.68,0.16199999999999998,0.16199999999999998,0.24,0.24,0.5,0.23,0.08999999999999991,0.08999999999999991,1.0,0.39,0.88,0.76,0.52,0.87,0.89,0.52,0.52,0.61,0.42,0.61,0.42,0.6,0.5,0.474,-0.137,-0.024
0.92,0.92,1.0,1.0,0.69,0.69,0.16199999999999998,0.16199999999999998,0.24,0.24,0.52,0.21,0.0749999999999999,0.08999999999999991,1.0,0.4,0.88,0.76,0.51,0.87,0.89,0.51,0.51,0.6,0.43,0.61,0.42,0.6,0.5,0.471,-0.113,-0.021
0.9,0.9,1.0,1.0,0.7,0.7,0.16199999999999998,0.16199999999999998,0.24,0.24,0.56,0.17,0.05999999999999989,0.08999999999999991,1.0,0.41,0.88,0.77,0.51,0.87,0.89,0.51,0.51,0.59,0.43,0.61,0.43,0.6,0.5,0.47,-0.079,0.004
0.9,0.9,1.0,1.0,0.7,0.7,0.16199999999999998,0.16199999999999998,0.23,0.23,0.57,0.16,0.05999999999999989,0.0749999999999999,1.0,0.41,0.875,0.77,0.51,0.87,0.88,0.51,0.51,0.59,0.43,0.6,0.43,0.6,0.5,0.476,-0.064,0.027
0.91,0.91,1.0,1.0,0.69,0.69,0.16199999999999998,0.16199999999999998,0.19,0.19,0.41,0.32,0.05999999999999989,0.0749999999999999,1.0,0.41,0.865,0.77,0.52,0.86,0.87,0.52,0.52,0.59,0.43,0.6,0.43,0.58,0.5,0.465,-0.044,0.053
0.92,0.92,1.0,1.0,0.69,0.69,0.16199999999999998,0.16199999999999998,0.2,0.2,0.37,0.35,0.05999999999999989,0.0749999999999999,1.0,0.4,0.865,0.76,0.52,0.86,0.87,0.52,0.52,0.59,0.43,0.6,0.43,0.58,0.5,0.465,-0.031,0.07
0.92,0.92,1.0,1.0,0.69,0.69,0.16199999999999998,0.16199999999999998,0.19,0.19,0.35,0.37,0.0749999999999999,0.0749999999999999,1.0,0.4,0.86,0.76,0.51,0.85,0.87,0.51,0.51,0.6,0.43,0.6,0.43,0.57,0.5,0.475,-0.044,0.066
0.92,0.92,1.0,1.0,0.68,0.68,0.16199999999999998,0.16199999999999998,0.18,0.18,0.33,0.4,0.0749999999999999,0.0749999999999999,1.0,0.4,0.85,0.76,0.52,0.84,0.86,0.52,0.52,0.6,0.43,0.6,0.43,0.57,0.5,0.48,-0.057,0.024
0.92,0.92,1.0,1.0,0.68,0.68,0.16199999999999998,0.16199999999999998,0.17,0.17,0.32,0.4,0.08999999999999991,0.08999999999999991,1.0,0.39,0.85,0.76,0.51,0.84,0.86,0.51,0.51,0.61,0.42,0.61,0.42,0.57,0.5,0.48,-0.077,-0.009
0.91,0.91,1.0,1.0,0.69,0.69,0.16199999999999998,0.16199999999999998,0.17,0.17,0.3,0.43,0.08999999999999991,0.08999999999999991,1.0,0.4,0.835,0.76,0.5,0.82,0.85,0.5,0.5,0.61,0.42,0.61,0.42,0.57,0.5,0.488,-0.094,-0.03
0.9,0.9,1.0,1.0,0.7,0.7,0.16199999999999998,0.16199999999999998,0.18,0.18,0.25,0.47,0.08999999999999991,0.08999999999999991,1.0,0.4,0.8200000000000001,0.76,0.51,0.8,0.84,0.51,0.51,0.61,0.42,0.61,0.42,0.57,0.5,0.508,-0.097,-0.039
0.9,0.9,1.0,1.0,0.7,0.7,0.16199999999999998,0.16199999999999998,0.18,0.18,0.23,0.5,0.08999999999999991,0.08999999999999991,1.0,0.4,0.825,0.76,0.51,0.81,0.84,0.51,0.51,0.61,0.42,0.61,0.42,0.57,0.5,0.503,-0.101,-0.071
0.9,0.9,1.0,1.0,0.7,0.7,0.16199999999999998,0.16199999999999998,0.18,0.18,0.22,0.51,0.08999999999999991,0.08999999999999991,1.0,0.4,0.825,0.76,0.51,0.81,0.84,0.51,0.51,0.61,0.42,0.61,0.42,0.57,0.5,0.49,-0.102,-0.108
0.9,0.9,1.0,1.0,0.7,0.7,0.16199999999999998,0.16199999999999998,0.18,0.18,0.22,0.51,0.08999999999999991,0.08999999999999991,1.0,0.4,0.8200000000000001,0.76,0.51,0.8,0.84,0.51,0.51,0.61,0.42,0.61,0.42,0.56,0.5,0.454,-0.101,-0.128
0.89,0.89,1.0,1.0,0.71,0.71,0.16199999999999998,0.16199999999999998,0.18,0.18,0.23,0.5,0.08999999999999991,0.08999999999999991,1.0,0.4,0.8200000000000001,0.76,0.51,0.8,0.84,0.51,0.51,0.61,0.42,0.61,0.42,0.56,0.5,0.452,-0.101,-0.141
0.89,0.89,1.0,1.0,0.71,0.71,0.16199999999999998,0.16199999999999998,0.19,0.19,0.22,0.51,0.08999999999999991,0.08999999999999991,1.0,0.4,0.825,0.76,0.51,0.81,0.84,0.51,0.51,0.61,0.42,0.61,0.42,0.56,0.5,0.455,-0.103,-0.137
0.89,0.89,1.0,1.0,0.7,0.7,0.16199999999999998,0.16199999999999998,0.19,0.19,0.21,0.52,0.0749999999999999,0.08999999999999991,1.0,0.4,0.825,0.76,0.51,0.81,0.84,0.51,0.51,0.6,0.43,0.61,0.43,0.57,0.5,0.446,-0.104,-0.133
0.88,0.88,1.0,1.0,0.71,0.71,0.16199999999999998,0.16199999999999998,0.18,0.18,0.18,0.54,0.0749999999999999,0.0749999999999999,1.0,0.4,0.825,0.76,0.51,0.81,0.84,0.51,0.51,0.6,0.43,0.6,0.43,0.57,0.5,0.434,-0.108,-0.142
0.88,0.88,1.0,1.0,0.71,0.71,0.16199999999999998,0.16199999999999998,0.18,0.18,0.17,0.56,0.0749999999999999,0.0749999999999999,1.0,0.4,0.835,0.76,0.5,0.82,0.85,0.5,0.5,0.6,0.43,0.6,0.43,0.57,0.5,0.419,-0.115,-0.155
0.89,0.89,1.0,1.0,0.71,0.71,0.16199999999999998,0.16199999999999998,0.19,0.19,0.18,0.54,0.0749999999999999,0.0749999999999999,1.0,0.4,0.84,0.76,0.5,0.83,0.85,0.5,0.5,0.6,0.43,0.6,0.43,0.58,0.5,0.411,-0.122,-0.174
0.89,0.89,1.0,1.0,0.7,0.7,0.16199999999999998,0.16199999999999998,0.19,0.19,0.21,0.52,0.0749999999999999,0.0749999999999999,1.0,0.4,0.845,0.76,0.51,0.83,0.86,0.51,0.51,0.6,0.43,0.6,0.43,0.58,0.5,0.41,-0.121,-0.182
0.89,0.89,1.0,1.0,0.71,0.71,0.16199999999999998,0.16199999999999998,0.19,0.19,0.24,0.49,0.0749999999999999,0.0749999999999999,1.0,0.4,0.835,0.76,0.51,0.82,0.85,0.51,0.51,0.6,0.43,0.6,0.43,0.56,0.5,0.41,-0.112,-0.17
0.85,0.85,1.0,1.0,0.74,0.74,0.271083425283432,0.26935763239860533,0.18,0.18,0.26,0.47,0.0749999999999999,0.0749999999999999,1.0,0.4,0.835,0.76,0.51,0.82,0.85,0.51,0.51,0.6,0.43,0.6,0.43,0.56,0.5,0.408,-0.109,-0.148
0.87,0.87,1.0,1.0,0.73,0.73,0.16199999999999998,0.16199999999999998,0.21,0.21,0.29,0.43,0.08999999999999991,0.0749999999999999,1.0,0.41,0.84,0.77,0.51,0.83,0.85,0.51,0.51,0.61,0.42,0.6,0.43,0.54,0.5,0.41,-0.105,-0.123
0.89,0.89,1.0,1.0,0.71,0.71,0.16199999999999998,0.16199999999999998,0.24,0.24,0.31,0.42,0.0749999999999999,0.0749999999999999,1.0,0.4,0.87,0.76,0.52,0.86,0.88,0.52,0.52,0.6,0.43,0.6,0.43,0.54,0.5,0.41,-0.099,-0.099
0.89,0.89,1.0,1.0,0.71,0.71,0.3873565900325775,0.3856357741355896,0.19,0.19,0.33,0.4,0.0749999999999999,0.0749999999999999,1.0,0.4,0.875,0.76,0.53,0.87,0.88,0.53,0.53,0.6,0.43,0.6,0.43,0.53,0.5,0.408,-0.095,-0.064
0.89,0.89,1.0,1.0,0.71,0.71,0.16199999999999998,0.16199999999999998,0.23,0.23,0.32,0.4,0.08999999999999991,0.08999999999999991,1.0,0.4,0.87,0.76,0.54,0.86,0.88,0.54,0.54,0.61,0.42,0.61,0.43,0.53,0.5,0.379,-0.078,-0.029
0.87,0.87,1.0,1.0,0.72,0.72,0.16199999999999998,0.16199999999999998,0.27,0.27,0.31,0.41,0.0749999999999999,0.08999999999999991,1.0,0.38,0.88,0.75,0.55,0.87,0.89,0.55,0.55,0.6,0.43,0.61,0.43,0.53,0.5,0.338,-0.075,-0.014
0.88,0.88,1.0,1.0,0.72,0.72,0.16199999999999998,0.16199999999999998,0.27,0.27,0.31,0.41,0.0749999999999999,0.0749999999999999,1.0,0.38,0.885,0.75,0.55,0.88,0.89,0.55,0.55,0.6,0.43,0.6,0.43,0.53,0.5,0.312,-0.07,-0.01
0.87,0.87,1.0,1.0,0.72,0.72,0.16199999999999998,0.16199999999999998,0.28,0.28,0.31,0.41,0.0749999999999999,0.0749999999999999,1.0,0.38,0.885,0.75,0.54,0.88,0.89,0.54,0.54,0.6,0.43,0.6,0.43,0.52,0.5,0.312,-0.069,-0.016
0.87,0.87,1.0,1.0,0.72,0.72,0.16199999999999998,0.16199999999999998,0.29,0.29,0.31,0.42,0.0749999999999999,0.0749999999999999,1.0,0.37,0.89,0.74,0.55,0.88,0.9,0.55,0.55,0.6,0.43,0.6,0.43,0.52,0.5,0.316,-0.07,-0.021
0.88,0.88,1.0,1.0,0.71,0.71,0.16199999999999998,0.16199999999999998,0.29,0.29,0.36,0.36,0.05999999999999989,0.0749999999999999,1.0,0.37,0.885,0.74,0.56,0.88,0.89,0.56,0.56,0.59,0.43,0.6,0.43,0.5,0.5,0.308,-0.07,-0.026
0.85,0.85,1.0,1.0,0.74,0.74,0.16199999999999998,0.16199999999999998,0.29,0.29,0.49,0.23,0.04499999999999987,0.0749999999999999,1.0,0.37,0.885,0.74,0.56,0.88,0.89,0.56,0.56,0.58,0.43,0.6,0.43,0.5,0.5,0.293,-0.069,-0.023
0.84,0.84,1.0,1.0,0.75,0.75,0.16199999999999998,0.16199999999999998,0.28,0.28,0.49,0.23,0.04499999999999987,0.0749999999999999,1.0,0.37,0.88,0.74,0.56,0.88,0.88,0.56,0.56,0.58,0.43,0.6,0.43,0.51,0.5,0.299,-0.069,0.004
0.85,0.85,1.0,1.0,0.74,0.74,0.16199999999999998,0.16199999999999998,0.28,0.28,0.48,0.24,0.04499999999999987,0.0749999999999999,1.0,0.37,0.87,0.74,0.56,0.87,0.87,0.56,0.56,0.58,0.44,0.6,0.43,0.5,0.5,0.329,-0.077,0.13
0.8,0.8,1.0,1.0,0.78,0.78,0.5245817112922668,0.5243732738494873,0.15,0.15,0.47,0.26,0.05999999999999989,0.0749999999999999,1.0,0.43,0.835,0.79,0.53,0.83,0.84,0.53,0.53,0.59,0.43,0.6,0.43,0.5,0.5,0.328,-0.069,0.142
0.78,0.78,1.0,1.0,0.79,0.79,0.16199999999999998,0.16199999999999998,0.27,0.27,0.49,0.23,0.05999999999999989,0.0749999999999999,1.0,0.41,0.855,0.77,0.56,0.85,0.86,0.56,0.56,0.59,0.43,0.6,0.43,0.51,0.5,0.333,-0.068,0.137
0.78,0.78,1.0,1.0,0.8,0.8,0.16199999999999998,0.16199999999999998,0.28,0.28,0.48,0.24,0.05999999999999989,0.0749999999999999,1.0,0.39,0.86,0.75,0.56,0.86,0.86,0.56,0.56,0.59,0.43,0.6,0.43,0.51,0.5,0.346,-0.075,0.141
0.76,0.76,1.0,1.0,0.81,0.81,0.9404246020317077,0.940373044013977,0.25,0.25,0.44,0.29,0.0749999999999999,0.11999999999999994,1.0,0.41,0.78,0.77,0.55,0.77,0.79,0.55,0.55,0.6,0.43,0.63,0.41,0.47,0.5,0.334,-0.07,0.155
0.77,0.77,1.0,1.0,0.81,0.81,0.16199999999999998,0.16199999999999998,0.27,0.27,0.46,0.27,0.08999999999999991,0.10499999999999993,1.0,0.41,0.855,0.77,0.55,0.85,0.86,0.55,0.55,0.61,0.42,0.62,0.42,0.49,0.5,0.323,-0.067,0.145
0.75,0.75,1.0,1.0,0.82,0.82,0.16199999999999998,0.16199999999999998,0.34,0.34,0.42,0.3,0.0749999999999999,0.08999999999999991,1.0,0.38,0.885,0.75,0.55,0.88,0.89,0.55,0.55,0.6,0.43,0.61,0.42,0.49,0.5,0.304,-0.058,0.121
0.76,0.76,1.0,1.0,0.82,0.82,0.16199999999999998,0.16199999999999998,0.36,0.36,0.36,0.37,0.05999999999999989,0.0749999999999999,1.0,0.37,0.895,0.74,0.56,0.89,0.9,0.56,0.56,0.59,0.43,0.6,0.43,0.52,0.5,0.275,-0.036,0.04
0.8,0.8,1.0,1.0,0.78,0.78,0.16199999999999998,0.16199999999999998,0.36,0.36,0.36,0.37,0.05999999999999989,0.0749999999999999,1.0,0.37,0.895,0.74,0.55,0.89,0.9,0.55,0.55,0.59,0.43,0.6,0.43,0.53,0.5,0.25,-0.03,-0.027
0.79,0.79,1.0,1.0,0.79,0.79,0.16199999999999998,0.16199999999999998,0.34,0.34,0.61,0.12,0.05999999999999989,0.0749999999999999,1.0,0.37,0.9,0.74,0.55,0.89,0.91,0.55,0.55,0.59,0.43,0.6,0.43,0.52,0.5,0.242,-0.027,-0.076
0.77,0.77,1.0,1.0,0.8,0.8,0.16199999999999998,0.16199999999999998,0.35,0.35,0.79,-0.05,0.05999999999999989,0.04499999999999987,1.0,0.38,0.9,0.75,0.54,0.89,0.91,0.54,0.54,0.59,0.43,0.58,0.44,0.51,0.5,0.237,-0.032,-0.107
0.76,0.76,1.0,1.0,0.82,0.82,0.16199999999999998,0.16199999999999998,0.35,0.35,0.78,-0.04,0.05999999999999989,0.02999999999999986,1.0,0.38,0.9,0.75,0.53,0.89,0.91,0.53,0.53,0.59,0.43,0.57,0.44,0.51,0.5,0.234,-0.03,-0.137
0.76,0.76,1.0,1.0,0.81,0.81,0.16199999999999998,0.16199999999999998,0.34,0.34,0.77,-0.03,0.05999999999999989,0.02999999999999986,1.0,0.39,0.9,0.75,0.52,0.89,0.91,0.52,0.52,0.59,0.43,0.57,0.44,0.51,0.5,0.239,-0.023,-0.174
0.77,0.77,1.0,1.0,0.81,0.81,0.5384610104560852,0.5384056377410888,0.21,0.21,0.5,0.23,0.05999999999999989,0.04499999999999987,1.0,0.4,0.9,0.76,0.48,0.89,0.91,0.48,0.48,0.59,0.43,0.58,0.44,0.51,0.5,0.244,-0.022,-0.19
0.76,0.76,1.0,1.0,0.81,0.81,0.16199999999999998,0.16199999999999998,0.34,0.34,0.72,0.02,0.05999999999999989,0.04499999999999987,1.0,0.41,0.9,0.77,0.51,0.89,0.91,0.51,0.51,0.59,0.43,0.58,0.44,0.5,0.5,0.25,-0.024,-0.193
0.76,0.76,1.0,1.0,0.82,0.82,0.16199999999999998,0.16199999999999998,0.35,0.35,0.76,-0.01,0.04499999999999987,0.02999999999999986,1.0,0.41,0.9,0.77,0.51,0.89,0.91,0.51,0.51,0.58,0.44,0.57,0.44,0.5,0.5,0.259,-0.022,-0.199
0.76,0.76,1.0,1.0,0.82,0.82,0.2512554633617401,0.2508006501197815,0.29,0.29,0.66,0.07,0.04499999999999987,0.02999999999999986,1.0,0.41,0.9,0.77,0.49,0.89,0.91,0.49,0.49,0.58,0.44,0.57,0.44,0.51,0.5,0.262,-0.023,-0.186
0.7,0.7,1.0,1.0,0.86,0.86,0.937011878490448,0.9368601846694946,0.25,0.25,0.26,0.46,0.05999999999999989,0.0749999999999999,1.0,0.41,0.835,0.77,0.49,0.82,0.85,0.49,0.49,0.59,0.43,0.6,0.43,0.48,0.5,0.262,-0.022,-0.176
0.71,0.71,1.0,1.0,0.86,0.86,0.16199999999999998,0.16199999999999998,0.29,0.29,0.26,0.47,0.0749999999999999,0.10499999999999993,1.0,0.38,0.885,0.75,0.53,0.88,0.89,0.53,0.53,0.6,0.43,0.62,0.42,0.53,0.5,0.266,-0.019,-0.165
0.71,0.71,1.0,1.0,0.85,0.85,0.16199999999999998,0.16199999999999998,0.31,0.31,0.31,0.42,0.0749999999999999,0.08999999999999991,1.0,0.37,0.89,0.74,0.54,0.88,0.9,0.54,0.54,0.6,0.43,0.61,0.42,0.52,0.5,0.265,-0.015,-0.15
0.7,0.7,1.0,1.0,0.86,0.86,0.16199999999999998,0.16199999999999998,0.3,0.3,0.34,0.38,0.05999999999999989,0.08999999999999991,1.0,0.37,0.885,0.74,0.54,0.88,0.89,0.54,0.54,0.59,0.43,0.61,0.42,0.52,0.5,0.275,-0.008,-0.082
0.68,0.68,1.0,1.0,0.88,0.88,0.16199999999999998,0.16199999999999998,0.29,0.29,0.39,0.33,0.05999999999999989,0.0749999999999999,1.0,0.37,0.875,0.74,0.54,0.87,0.88,0.54,0.54,0.59,0.43,0.6,0.43,0.52,0.5,0.282,0.01,-0.023
0.7,0.7,1.0,1.0,0.86,0.86,0.16199999999999998,0.16199999999999998,0.25,0.25,0.41,0.31,0.05999999999999989,0.0749999999999999,1.0,0.38,0.86,0.74,0.53,0.86,0.86,0.53,0.53,0.59,0.43,0.6,0.43,0.52,0.5,0.289,0.027,0.009
0.71,0.71,1.0,1.0,0.86,0.86,0.16199999999999998,0.16199999999999998,0.23,0.23,0.43,0.3,0.0749999999999999,0.08999999999999991,1.0,0.37,0.85,0.74,0.51,0.85,0.85,0.51,0.51,0.6,0.43,0.61,0.42,0.52,0.5,0.321,0.044,0.048
0.71,0.71,1.0,1.0,0.85,0.85,0.16199999999999998,0.16199999999999998,0.21,0.21,0.45,0.27,0.0749999999999999,0.08999999999999991,1.0,0.38,0.85,0.75,0.5,0.85,0.85,0.5,0.5,0.6,0.43,0.61,0.42,0.53,0.5,0.355,0.043,0.066
0.71,0.71,1.0,1.0,0.85,0.85,0.16199999999999998,0.16199999999999998,0.2,0.2,0.46,0.26,0.0749999999999999,0.08999999999999991,1.0,0.4,0.84,0.76,0.48,0.84,0.84,0.48,0.48,0.6,0.43,0.61,0.42,0.55,0.5,0.405,0.043,0.086
0.73,0.73,1.0,1.0,0.84,0.84,0.16199999999999998,0.16199999999999998,0.18,0.18,0.46,0.26,0.08999999999999991,0.08999999999999991,1.0,0.4,0.84,0.76,0.48,0.84,0.84,0.48,0.48,0.61,0.42,0.61,0.42,0.57,0.5,0.449,0.064,0.113
0.73,0.73,1.0,1.0,0.83,0.83,0.16199999999999998,0.16199999999999998,0.18,0.18,0.45,0.27,0.10499999999999993,0.10499999999999993,1.0,0.4,0.83,0.76,0.49,0.83,0.83,0.49,0.49,0.62,0.42,0.62,0.42,0.57,0.5,0.481,0.086,0.129
0.72,0.72,1.0,1.0,0.85,0.85,0.16199999999999998,0.16199999999999998,0.18,0.18,0.43,0.3,0.10499999999999993,0.10499999999999993,1.0,0.4,0.81,0.76,0.48,0.81,0.81,0.48,0.48,0.62,0.42,0.62,0.42,0.54,0.5,0.497,0.087,0.132
0.69,0.69,1.0,1.0,0.87,0.87,0.16199999999999998,0.16199999999999998,0.19,0.19,0.4,0.33,0.10499999999999993,0.08999999999999991,1.0,0.41,0.785,0.77,0.48,0.78,0.79,0.48,0.48,0.62,0.42,0.61,0.42,0.52,0.5,0.516,0.084,0.118
0.68,0.68,1.0,1.0,0.88,0.88,0.16199999999999998,0.16199999999999998,0.18,0.18,0.36,0.36,0.10499999999999993,0.08999999999999991,1.0,0.44,0.76,0.79,0.48,0.75,0.77,0.48,0.48,0.62,0.42,0.61,0.43,0.49,0.5,0.526,0.074,0.097
0.66,0.66,1.0,1.0,0.9,0.9,0.18614437758922575,0.18526079833507536,0.18,0.18,0.36,0.37,0.10499999999999993,0.0749999999999999,0.75,0.44,0.73,0.79,0.46,0.72,0.74,0.46,0.46,0.62,0.42,0.6,0.43,0.47,0.5,0.526,0.061,0.074
0.66,0.66,1.0,1.0,0.89,0.89,0.1899676728248596,0.1891979682445526,0.17,0.17,0.35,0.38,0.10499999999999993,0.0749999999999999,0.75,0.45,0.73,0.8,0.47,0.72,0.74,0.47,0.47,0.62,0.42,0.6,0.43,0.49,0.5,0.547,0.038,0.041
0.67,0.67,1.0,1.0,0.88,0.88,0.18205771923065184,0.18135702192783354,0.17,0.18,0.33,0.39,0.10499999999999993,0.0749999999999999,0.75,0.45,0.74,0.8,0.48,0.73,0.75,0.48,0.48,0.62,0.42,0.6,0.43,0.49,0.5,0.586,0.015,0.011
0.68,0.68,1.0,1.0,0.88,0.88,0.16199999999999998,0.16199999999999998,0.18,0.18,0.32,0.4,0.08999999999999991,0.05999999999999989,1.0,0.45,0.75,0.8,0.47,0.74,0.76,0.47,0.47,0.61,0.42,0.59,0.43,0.49,0.5,0.59,0.003,-0.009
0.68,0.68,1.0,1.0,0.88,0.88,0.7268985915184021,0.7221979308128357,0.07,0.07,0.32,0.41,0.10499999999999993,0.08999999999999991,0.75,0.46,0.735,0.81,0.47,0.72,0.75,0.47,0.47,0.62,0.42,0.61,0.42,0.49,0.5,0.566,-0.012,-0.026
0.65,0.65,1.0,1.0,0.9,0.9,0.26885433077812193,0.2682987260818481,0.18,0.18,0.31,0.41,0.10499999999999993,0.08999999999999991,1.0,0.46,0.745,0.81,0.48,0.73,0.76,0.48,0.48,0.62,0.42,0.61,0.42,0.49,0.5,0.537,-0.02,-0.039
0.63,0.63,1.0,1.0,0.92,0.92,0.16199999999999998,0.16199999999999998,0.22,0.22,0.32,0.4,0.08999999999999991,0.05999999999999989,1.0,0.42,0.795,0.77,0.47,0.79,0.8,0.47,0.47,0.61,0.42,0.59,0.43,0.35,0.37,0.529,-0.023,-0.041
0.61,0.61,1.0,1.0,0.94,0.94,0.16199999999999998,0.16199999999999998,0.24,0.24,0.32,0.4,0.18,0.14999999999999997,1.0,0.38,0.815,0.75,0.48,0.81,0.82,0.48,0.48,0.67,0.4,0.65,0.4,0.16,0.38,0.485,-0.028,-0.042
0.6,0.6,1.0,1.0,0.95,0.95,0.8794522094726562,0.8700793194770813,0.19,0.19,0.34,0.39,0.195,0.18,1.0,0.37,0.825,0.74,0.4,0.82,0.83,0.4,0.4,0.68,0.39,0.67,0.4,0.1,0.4,0.439,-0.033,-0.035
0.57,0.57,1.0,1.0,0.97,0.97,0.19511436998844145,0.19463914215564726,0.27,0.27,0.34,0.39,0.20999999999999985,0.195,1.0,0.27,0.94,0.67,0.33,0.94,0.94,0.33,0.33,0.69,0.39,0.68,0.39,0.04,0.42,0.382,-0.033,-0.028
0.48,0.48,0.89,0.89,1.0,1.0,0.16199999999999998,0.16199999999999998,0.32,0.32,0.34,0.38,0.20999999999999985,0.195,1.0,0.24,0.96,0.65,0.29,0.96,0.96,0.29,0.29,0.69,0.39,0.68,0.39,0.03,0.44,0.336,-0.018,-0.017
0.48,0.48,0.88,0.88,1.0,1.0,0.16199999999999998,0.16199999999999998,0.35,0.35,0.34,0.38,0.20999999999999985,0.195,1.0,0.24,0.97,0.64,0.28,0.97,0.97,0.28,0.28,0.69,0.39,0.68,0.39,0.02,0.46,0.29,-0.009,-0.011
0.48,0.48,0.88,0.88,1.0,1.0,0.16199999999999998,0.16199999999999998,0.38,0.38,0.35,0.37,0.2549999999999999,0.22499999999999987,1.0,0.23,0.98,0.63,0.27,0.98,0.98,0.27,0.27,0.72,0.37,0.7,0.38,0.02,0.49,0.245,0.006,-0.001
0.48,0.48,0.88,0.88,1.0,1.0,0.16199999999999998,0.16199999999999998,0.4,0.4,0.35,0.38,0.31499999999999995,0.23999999999999988,1.0,0.22,0.98,0.63,0.26,0.98,0.98,0.26,0.26,0.76,0.36,0.71,0.38,0.02,0.52,0.206,0.026,-0.01
0.48,0.48,0.87,0.87,1.0,1.0,0.16199999999999998,0.16199999999999998,0.42,0.42,0.35,0.37,0.31499999999999995,0.23999999999999988,1.0,0.22,0.985,0.63,0.27,0.98,0.99,0.27,0.27,0.76,0.35,0.71,0.38,0.02,0.53,0.181,0.031,-0.014
0.47,0.47,0.86,0.86,1.0,1.0,0.16199999999999998,0.16199999999999998,0.43,0.43,0.36,0.36,0.31499999999999995,0.22499999999999987,1.0,0.22,0.985,0.63,0.27,0.98,0.99,0.27,0.27,0.76,0.36,0.7,0.38,0.02,0.52,0.147,0.038,-0.015
0.46,0.46,0.84,0.84,1.0,1.0,0.16199999999999998,0.16199999999999998,0.43,0.43,0.37,0.35,0.29999999999999993,0.22499999999999987,1.0,0.22,0.985,0.63,0.27,0.98,0.99,0.27,0.27,0.75,0.36,0.7,0.38,0.02,0.52,0.128,0.041,-0.01
0.46,0.46,0.83,0.83,1.0,1.0,0.16199999999999998,0.16199999999999998,0.44,0.44,0.37,0.35,0.2849999999999999,0.22499999999999987,1.0,0.22,0.985,0.63,0.27,0.98,0.99,0.27,0.27,0.74,0.36,0.7,0.38,0.02,0.52,0.118,0.043,-0.003
0.46,0.46,0.83,0.83,1.0,1.0,0.16199999999999998,0.16199999999999998,0.44,0.44,0.36,0.36,0.2549999999999999,0.195,1.0,0.22,0.985,0.63,0.27,0.98,0.99,0.27,0.27,0.72,0.37,0.68,0.39,0.02,0.51,0.11,0.044,-0.001
0.4,0.4,0.69,0.69,1.0,1.0,0.936774115562439,0.9369105505943298,0.34,0.34,0.36,0.37,0.23999999999999988,0.20999999999999985,1.0,0.23,0.97,0.63,0.29,0.97,0.97,0.29,0.29,0.71,0.38,0.69,0.39,0.03,0.51,0.101,0.048,-0.006
0.43,0.43,0.78,0.78,1.0,1.0,0.16199999999999998,0.16199999999999998,0.4,0.4,0.34,0.38,0.23999999999999988,0.20999999999999985,1.0,0.23,0.975,0.63,0.28,0.97,0.98,0.28,0.28,0.71,0.38,0.69,0.39,0.03,0.52,0.084,0.043,-0.016
0.45,0.45,0.81,0.81,1.0,1.0,0.16199999999999998,0.16199999999999998,0.43,0.43,0.33,0.39,0.23999999999999988,0.195,1.0,0.22,0.98,0.63,0.27,0.98,0.98,0.27,0.27,0.71,0.38,0.68,0.39,0.02,0.53,0.081,0.03,-0.019
0.46,0.46,0.84,0.84,1.0,1.0,0.16199999999999998,0.16199999999999998,0.43,0.43,0.32,0.4,0.22499999999999987,0.195,1.0,0.22,0.985,0.63,0.26,0.98,0.99,0.26,0.26,0.7,0.38,0.68,0.39,0.02,0.55,0.117,0.014,-0.027
0.46,0.46,0.85,0.85,1.0,1.0,0.16199999999999998,0.16199999999999998,0.4,0.4,0.32,0.4,0.195,0.18,1.0,0.22,0.99,0.63,0.27,0.99,0.99,0.27,0.27,0.68,0.39,0.67,0.4,0.02,0.56,0.119,0.001,-0.031
0.62,0.62,1.0,1.0,0.93,0.93,0.24376178860664366,0.24270654797554014,0.27,0.27,0.33,0.4,0.18,0.18,1.0,0.3,0.905,0.69,0.46,0.9,0.91,0.46,0.46,0.67,0.4,0.67,0.4,0.16,0.55,0.135,-0.015,-0.029
0.92,0.92,1.0,1.0,0.68,0.68,0.16199999999999998,0.16199999999999998,0.28,0.28,0.32,0.4,0.10499999999999993,0.08999999999999991,1.0,0.35,0.905,0.73,0.52,0.9,0.91,0.52,0.52,0.62,0.42,0.61,0.42,0.25,0.52,0.174,-0.022,-0.019
0.92,0.92,1.0,1.0,0.68,0.68,0.16199999999999998,0.16199999999999998,0.25,0.25,0.32,0.41,0.10499999999999993,0.0749999999999999,1.0,0.36,0.905,0.73,0.53,0.9,0.91,0.53,0.53,0.62,0.42,0.6,0.43,0.31,0.51,0.22,-0.033,-0.02
0.92,0.92,1.0,1.0,0.68,0.68,0.16199999999999998,0.16199999999999998,0.24,0.24,0.33,0.4,0.10499999999999993,0.0749999999999999,1.0,0.37,0.905,0.74,0.52,0.9,0.91,0.52,0.52,0.62,0.42,0.6,0.43,0.43,0.46,0.273,-0.045,-0.025
0.92,0.92,1.0,1.0,0.68,0.68,0.16199999999999998,0.16199999999999998,0.27,0.27,0.44,0.29,0.10499999999999993,0.0749999999999999,1.0,0.38,0.9,0.75,0.53,0.89,0.91,0.53,0.53,0.62,0.42,0.6,0.43,0.52,0.5,0.327,-0.046,-0.03
0.92,0.92,1.0,1.0,0.68,0.68,0.16199999999999998,0.16199999999999998,0.26,0.26,0.44,0.29,0.10499999999999993,0.0749999999999999,1.0,0.39,0.9,0.75,0.53,0.89,0.91,0.53,0.53,0.62,0.42,0.6,0.43,0.57,0.5,0.362,-0.045,-0.041
0.92,0.92,1.0,1.0,0.68,0.68,0.16199999999999998,0.16199999999999998,0.25,0.25,0.43,0.3,0.08999999999999991,0.0749999999999999,1.0,0.39,0.905,0.76,0.52,0.9,0.91,0.52,0.52,0.61,0.42,0.6,0.43,0.61,0.5,0.382,-0.045,-0.045
0.92,0.92,1.0,1.0,0.68,0.68,0.16199999999999998,0.16199999999999998,0.23,0.23,0.42,0.31,0.08999999999999991,0.0749999999999999,1.0,0.39,0.895,0.76,0.51,0.89,0.9,0.51,0.51,0.61,0.42,0.6,0.43,0.61,0.5,0.41,-0.048,-0.047
0.92,0.92,1.0,1.0,0.68,0.68,0.16199999999999998,0.16199999999999998,0.19,0.19,0.32,0.4,0.08999999999999991,0.08999999999999991,1.0,0.39,0.88,0.76,0.51,0.87,0.89,0.51,0.51,0.61,0.42,0.61,0.43,0.61,0.5,0.445,-0.049,-0.049
0.92,0.92,1.0,1.0,0.68,0.68,0.16199999999999998,0.16199999999999998,0.19,0.19,0.33,0.4,0.10499999999999993,0.08999999999999991,1.0,0.39,0.87,0.75,0.51,0.86,0.88,0.51,0.51,0.62,0.42,0.61,0.42,0.59,0.5,0.469,-0.048,-0.046
0.92,0.92,1.0,1.0,0.69,0.69,0.16199999999999998,0.16199999999999998,0.19,0.19,0.33,0.4,0.10499999999999993,0.08999999999999991,1.0,0.39,0.865,0.75,0.51,0.86,0.87,0.51,0.51,0.62,0.42,0.61,0.42,0.58,0.5,0.476,-0.043,-0.038
0.91,0.91,1.0,1.0,0.69,0.69,0.16199999999999998,0.16199999999999998,0.19,0.19,0.33,0.4,0.10499999999999993,0.08999999999999991,1.0,0.39,0.86,0.75,0.51,0.85,0.87,0.51,0.51,0.62,0.42,0.61,0.42,0.57,0.5,0.474,-0.037,-0.032
0.91,0.91,1.0,1.0,0.69,0.69,0.16199999999999998,0.16199999999999998,0.18,0.18,0.33,0.39,0.10499999999999993,0.08999999999999991,1.0,0.39,0.855,0.75,0.51,0.85,0.86,0.51,0.51,0.62,0.42,0.61,0.43,0.57,0.5,0.474,-0.035,-0.029
0.9,0.9,1.0,1.0,0.7,0.7,0.16199999999999998,0.16199999999999998,0.18,0.18,0.34,0.38,0.08999999999999991,0.0749999999999999,1.0,0.39,0.85,0.75,0.51,0.84,0.86,0.51,0.51,0.61,0.42,0.6,0.43,0.56,0.5,0.479,-0.032,-0.024
0.9,0.9,1.0,1.0,0.7,0.7,0.16199999999999998,0.16199999999999998,0.19,0.19,0.35,0.37,0.08999999999999991,0.0749999999999999,1.0,0.39,0.845,0.75,0.51,0.84,0.85,0.51,0.51,0.61,0.42,0.6,0.43,0.56,0.5,0.475,-0.025,-0.018
0.89,0.89,1.0,1.0,0.71,0.71,0.16199999999999998,0.16199999999999998,0.19,0.19,0.36,0.37,0.08999999999999991,0.0749999999999999,1.0,0.39,0.84,0.76,0.51,0.83,0.85,0.51,0.51,0.61,0.43,0.6,0.43,0.56,0.5,0.472,-0.016,0.005
0.89,0.89,1.0,1.0,0.71,0.71,0.16199999999999998,0.16199999999999998,0.18,0.18,0.35,0.37,0.0749999999999999,0.0749999999999999,1.0,0.39,0.84,0.76,0.51,0.83,0.85,0.51,0.51,0.6,0.43,0.6,0.43,0.56,0.5,0.47,-0.011,0.014
0.89,0.89,1.0,1.0,0.71,0.71,0.16199999999999998,0.16199999999999998,0.2,0.2,0.32,0.4,0.08999999999999991,0.0749999999999999,1.0,0.39,0.845,0.76,0.5,0.84,0.85,0.5,0.5,0.61,0.42,0.6,0.43,0.54,0.5,0.472,-0.011,0.006
0.91,0.91,1.0,1.0,0.69,0.69,0.16199999999999998,0.16199999999999998,0.23,0.23,0.23,0.49,0.0749999999999999,0.05999999999999989,1.0,0.4,0.87,0.76,0.51,0.86,0.88,0.51,0.51,0.6,0.43,0.59,0.43,0.55,0.5,0.469,-0.015,-0.012
0.9,0.9,1.0,1.0,0.7,0.7,0.16199999999999998,0.16199999999999998,0.26,0.26,0.21,0.52,0.04499999999999987,0.04499999999999987,1.0,0.4,0.89,0.76,0.51,0.88,0.9,0.51,0.51,0.58,0.43,0.58,0.44,0.59,0.5,0.442,-0.02,-0.063
0.9,0.9,1.0,1.0,0.7,0.7,0.16199999999999998,0.16199999999999998,0.29,0.29,0.19,0.54,0.04499999999999987,0.04499999999999987,1.0,0.4,0.905,0.76,0.52,0.9,0.91,0.52,0.52,0.58,0.44,0.58,0.44,0.62,0.5,0.386,-0.032,-0.129
0.9,0.9,1.0,1.0,0.7,0.7,0.16199999999999998,0.16199999999999998,0.32,0.32,0.19,0.54,0.04499999999999987,0.04499999999999987,1.0,0.4,0.92,0.76,0.54,0.92,0.92,0.54,0.54,0.58,0.44,0.58,0.44,0.63,0.5,0.333,-0.039,-0.142
0.9,0.9,1.0,1.0,0.7,0.7,0.16199999999999998,0.16199999999999998,0.33,0.33,0.19,0.53,0.04499999999999987,0.04499999999999987,1.0,0.38,0.925,0.75,0.54,0.92,0.93,0.54,0.54,0.58,0.44,0.58,0.44,0.63,0.5,0.294,-0.045,-0.137
0.89,0.89,1.0,1.0,0.71,0.71,0.16199999999999998,0.16199999999999998,0.33,0.33,0.23,0.5,0.04499999999999987,0.04499999999999987,1.0,0.37,0.93,0.74,0.55,0.93,0.93,0.55,0.55,0.58,0.44,0.58,0.44,0.62,0.5,0.262,-0.047,-0.136
0.89,0.89,1.0,1.0,0.71,0.71,0.16199999999999998,0.16199999999999998,0.34,0.34,0.26,0.47,0.04499999999999987,0.04499999999999987,1.0,0.37,0.935,0.74,0.55,0.93,0.94,0.55,0.55,0.58,0.44,0.58,0.43,0.59,0.5,0.259,-0.049,-0.114
0.89,0.89,1.0,1.0,0.71,0.71,0.16199999999999998,0.16199999999999998,0.36,0.36,0.26,0.47,0.02999999999999986,0.02999999999999986,1.0,0.37,0.935,0.74,0.56,0.93,0.94,0.56,0.56,0.57,0.44,0.57,0.44,0.61,0.5,0.258,-0.047,-0.086
0.92,0.92,1.0,1.0,0.68,0.68,0.16199999999999998,0.16199999999999998,0.35,0.35,0.22,0.5,0.015000000000000013,0.0,1.0,0.37,0.935,0.74,0.56,0.93,0.94,0.56,0.56,0.56,0.45,0.55,0.45,0.61,0.5,0.25,-0.044,-0.073
0.92,0.92,1.0,1.0,0.68,0.68,0.16199999999999998,0.16199999999999998,0.36,0.36,0.21,0.52,0.0,0.0,1.0,0.37,0.94,0.74,0.56,0.94,0.94,0.56,0.56,0.54,0.46,0.54,0.46,0.58,0.5,0.22,-0.047,-0.085
0.92,0.92,1.0,1.0,0.68,0.68,0.16199999999999998,0.16199999999999998,0.37,0.37,0.21,0.52,0.0,0.0,1.0,0.38,0.94,0.75,0.56,0.94,0.94,0.56,0.56,0.53,0.48,0.53,0.48,0.57,0.5,0.198,-0.053,-0.114
0.92,0.92,1.0,1.0,0.68,0.68,0.16199999999999998,0.16199999999999998,0.39,0.39,0.21,0.51,0.0,0.0,1.0,0.39,0.94,0.75,0.56,0.94,0.94,0.56,0.56,0.52,0.52,0.52,0.51,0.56,0.5,0.168,-0.059,-0.118
0.92,0.92,1.0,1.0,0.68,0.68,0.16199999999999998,0.16199999999999998,0.39,0.39,0.23,0.49,0.0,0.0,1.0,0.39,0.94,0.75,0.56,0.94,0.94,0.56,0.56,0.53,0.49,0.53,0.49,0.54,0.5,0.158,-0.058,-0.114
0.92,0.92,1.0,1.0,0.68,0.68,0.16199999999999998,0.16199999999999998,0.4,0.4,0.3,0.42,0.0,0.0,1.0,0.39,0.94,0.75,0.56,0.94,0.94,0.56,0.56,0.54,0.48,0.54,0.46,0.52,0.5,0.151,-0.055,-0.099
0.92,0.92,1.0,1.0,0.68,0.68,0.16199999999999998,0.16199999999999998,0.4,0.4,0.36,0.36,0.0,0.0,1.0,0.39,0.935,0.75,0.56,0.93,0.94,0.56,0.56,0.54,0.47,0.55,0.45,0.54,0.5,0.162,-0.047,-0.055
0.88,0.88,1.0,1.0,0.71,0.71,0.16199999999999998,0.16199999999999998,0.42,0.42,0.58,0.14,0.0,0.0,1.0,0.4,0.925,0.76,0.56,0.92,0.93,0.56,0.56,0.54,0.47,0.55,0.45,0.54,0.5,0.164,-0.032,-0.012
0.88,0.88,1.0,1.0,0.72,0.72,0.16199999999999998,0.16199999999999998,0.4,0.4,0.59,0.14,0.0,0.015000000000000013,1.0,0.4,0.92,0.76,0.56,0.92,0.92,0.56,0.56,0.54,0.46,0.56,0.45,0.54,0.5,0.181,-0.01,0.026
0.88,0.88,1.0,1.0,0.72,0.72,0.16199999999999998,0.16199999999999998,0.38,0.38,0.6,0.13,0.015000000000000013,0.02999999999999986,1.0,0.4,0.92,0.76,0.56,0.92,0.92,0.56,0.56,0.56,0.45,0.57,0.44,0.54,0.5,0.211,0.004,0.047
0.88,0.88,1.0,1.0,0.72,0.72,0.16199999999999998,0.16199999999999998,0.36,0.36,0.58,0.15,0.04499999999999987,0.02999999999999986,1.0,0.39,0.92,0.76,0.55,0.92,0.92,0.55,0.55,0.58,0.44,0.57,0.44,0.54,0.5,0.235,0.012,0.049
0.87,0.87,1.0,1.0,0.72,0.72,0.16199999999999998,0.16199999999999998,0.37,0.37,0.51,0.21,0.015000000000000013,0.015000000000000013,1.0,0.39,0.925,0.75,0.55,0.92,0.93,0.55,0.55,0.56,0.44,0.56,0.44,0.54,0.5,0.259,0.017,0.037
0.86,0.86,1.0,1.0,0.73,0.73,0.16199999999999998,0.16199999999999998,0.4,0.4,0.45,0.28,0.02999999999999986,0.02999999999999986,1.0,0.38,0.925,0.75,0.55,0.92,0.93,0.55,0.55,0.57,0.44,0.57,0.44,0.57,0.5,0.255,0.024,-0.034
0.86,0.86,1.0,1.0,0.73,0.73,0.16199999999999998,0.16199999999999998,0.41,0.41,0.45,0.28,0.015000000000000013,0.015000000000000013,1.0,0.38,0.93,0.74,0.55,0.93,0.93,0.55,0.55,0.56,0.45,0.56,0.44,0.58,0.5,0.253,0.034,-0.071
0.86,0.86,1.0,1.0,0.73,0.73,0.16199999999999998,0.16199999999999998,0.41,0.41,0.42,0.31,0.015000000000000013,0.015000000000000013,1.0,0.37,0.935,0.74,0.56,0.93,0.94,0.56,0.56,0.56,0.45,0.56,0.45,0.58,0.5,0.239,0.044,-0.093
0.86,0.86,1.0,1.0,0.73,0.73,0.16199999999999998,0.16199999999999998,0.41,0.41,0.42,0.3,0.015000000000000013,0.015000000000000013,1.0,0.37,0.94,0.74,0.56,0.94,0.94,0.56,0.56,0.56,0.45,0.56,0.45,0.59,0.5,0.244,0.051,-0.093
0.85,0.85,1.0,1.0,0.74,0.74,0.16199999999999998,0.16199999999999998,0.4,0.4,0.43,0.3,0.02999999999999986,0.02999999999999986,1.0,0.36,0.935,0.74,0.56,0.93,0.94,0.56,0.56,0.57,0.44,0.57,0.44,0.59,0.5,0.247,0.047,-0.09
0.85,0.85,1.0,1.0,0.74,0.74,0.16199999999999998,0.16199999999999998,0.35,0.35,0.2,0.53,0.015000000000000013,0.015000000000000013,1.0,0.37,0.935,0.74,0.55,0.93,0.94,0.55,0.55,0.56,0.45,0.56,0.45,0.59,0.5,0.256,0.039,-0.091
0.86,0.86,1.0,1.0,0.73,0.73,0.16199999999999998,0.16199999999999998,0.32,0.32,0.01,0.72,0.02999999999999986,0.04499999999999987,1.0,0.36,0.935,0.73,0.56,0.93,0.94,0.56,0.56,0.57,0.44,0.58,0.44,0.58,0.5,0.268,0.035,-0.101
0.87,0.87,1.0,1.0,0.72,0.72,0.16199999999999998,0.16199999999999998,0.32,0.32,0.02,0.72,0.02999999999999986,0.04499999999999987,1.0,0.36,0.93,0.73,0.55,0.93,0.93,0.55,0.55,0.57,0.44,0.58,0.44,0.54,0.5,0.275,0.036,-0.081
0.86,0.86,1.0,1.0,0.73,0.73,0.16199999999999998,0.16199999999999998,0.33,0.33,-0.01,0.75,0.02999999999999986,0.04499999999999987,1.0,0.36,0.93,0.74,0.55,0.93,0.93,0.55,0.55,0.57,0.44,0.58,0.44,0.54,0.5,0.279,0.049,-0.048
0.85,0.85,1.0,1.0,0.74,0.74,0.16199999999999998,0.16199999999999998,0.33,0.33,-0.02,0.76,0.015000000000000013,0.02999999999999986,1.0,0.36,0.93,0.74,0.56,0.93,0.93,0.56,0.56,0.56,0.44,0.57,0.44,0.55,0.5,0.28,0.067,-0.039
0.84,0.84,1.0,1.0,0.75,0.75,0.16199999999999998,0.16199999999999998,0.33,0.33,-0.01,0.74,0.015000000000000013,0.02999999999999986,1.0,0.37,0.93,0.74,0.55,0.93,0.93,0.55,0.55,0.56,0.45,0.57,0.44,0.54,0.5,0.278,0.073,-0.029
0.84,0.84,1.0,1.0,0.75,0.75,0.16199999999999998,0.16199999999999998,0.33,0.33,-0.01,0.75,0.015000000000000013,0.02999999999999986,1.0,0.36,0.93,0.74,0.56,0.93,0.93,0.56,0.56,0.56,0.44,0.57,0.44,0.54,0.5,0.279,0.074,-0.034
0.86,0.86,1.0,1.0,0.74,0.74,0.16199999999999998,0.16199999999999998,0.34,0.34,0.19,0.54,0.015000000000000013,0.015000000000000013,1.0,0.37,0.93,0.74,0.55,0.93,0.93,0.55,0.55,0.56,0.45,0.56,0.44,0.56,0.5,0.28,0.087,-0.039
0.86,0.86,1.0,1.0,0.73,0.73,0.16199999999999998,0.16199999999999998,0.3,0.3,0.31,0.42,0.04499999999999987,0.02999999999999986,1.0,0.37,0.93,0.74,0.55,0.93,0.93,0.55,0.55,0.58,0.44,0.57,0.44,0.57,0.5,0.283,0.096,-0.05
0.86,0.86,1.0,1.0,0.73,0.73,0.16199999999999998,0.16199999999999998,0.3,0.3,0.31,0.42,0.05999999999999989,0.04499999999999987,1.0,0.36,0.925,0.74,0.55,0.92,0.93,0.55,0.55,0.59,0.43,0.58,0.44,0.58,0.5,0.306,0.097,-0.053
0.88,0.88,1.0,1.0,0.71,0.71,0.16199999999999998,0.16199999999999998,0.3,0.3,0.31,0.42,0.05999999999999989,0.04499999999999987,1.0,0.37,0.925,0.74,0.55,0.92,0.93,0.55,0.55,0.59,0.43,0.58,0.44,0.58,0.5,0.319,0.097,-0.045
0.88,0.88,1.0,1.0,0.72,0.72,0.16199999999999998,0.16199999999999998,0.31,0.31,0.03,0.7,0.04499999999999987,0.04499999999999987,1.0,0.37,0.92,0.74,0.55,0.92,0.92,0.55,0.55,0.58,0.44,0.58,0.44,0.57,0.5,0.315,0.094,-0.041
0.86,0.86,1.0,1.0,0.73,0.73,0.16199999999999998,0.16199999999999998,0.32,0.32,0.02,0.72,0.04499999999999987,0.04499999999999987,1.0,0.37,0.925,0.74,0.56,0.92,0.93,0.56,0.56,0.58,0.44,0.58,0.44,0.6,0.5,0.299,0.099,-0.048
0.86,0.86,1.0,1.0,0.74,0.74,0.16199999999999998,0.16199999999999998,0.31,0.31,0.01,0.72,0.015000000000000013,0.02999999999999986,1.0,0.36,0.93,0.74,0.56,0.93,0.93,0.56,0.56,0.56,0.44,0.57,0.44,0.61,0.5,0.306,0.103,-0.055
0.85,0.85,1.0,1.0,0.74,0.74,0.16199999999999998,0.16199999999999998,0.31,0.31,0.01,0.73,0.015000000000000013,0.02999999999999986,1.0,0.36,0.93,0.74,0.56,0.93,0.93,0.56,0.56,0.56,0.44,0.57,0.44,0.61,0.5,0.311,0.112,-0.061
0.85,0.85,1.0,1.0,0.74,0.74,0.16199999999999998,0.16199999999999998,0.29,0.29,0.27,0.45,0.02999999999999986,0.02999999999999986,1.0,0.37,0.925,0.74,0.54,0.92,0.93,0.54,0.54,0.57,0.44,0.57,0.44,0.61,0.5,0.322,0.12,-0.059
0.85,0.85,1.0,1.0,0.74,0.74,0.16199999999999998,0.16199999999999998,0.28,0.28,0.28,0.44,0.04499999999999987,0.02999999999999986,1.0,0.37,0.915,0.74,0.53,0.91,0.92,0.53,0.53,0.58,0.44,0.57,0.44,0.61,0.5,0.345,0.13,-0.06
0.85,0.85,1.0,1.0,0.74,0.74,0.16199999999999998,0.16199999999999998,0.28,0.28,0.28,0.44,0.04499999999999987,0.02999999999999986,1.0,0.38,0.915,0.75,0.53,0.91,0.92,0.53,0.53,0.58,0.44,0.57,0.44,0.6,0.5,0.372,0.144,-0.072
0.85,0.85,1.0,1.0,0.74,0.74,0.16199999999999998,0.16199999999999998,0.27,0.27,0.29,0.44,0.05999999999999989,0.04499999999999987,1.0,0.38,0.905,0.75,0.53,0.9,0.91,0.53,0.53,0.59,0.43,0.58,0.44,0.6,0.5,0.38,0.153,-0.069
0.81,0.81,1.0,1.0,0.77,0.77,0.16199999999999998,0.16199999999999998,0.28,0.28,0.28,0.44,0.05999999999999989,0.04499999999999987,1.0,0.38,0.905,0.74,0.54,0.9,0.91,0.54,0.54,0.59,0.43,0.58,0.44,0.59,0.5,0.378,0.154,-0.065
0.79,0.79,1.0,1.0,0.79,0.79,0.16199999999999998,0.16199999999999998,0.29,0.29,0.28,0.45,0.05999999999999989,0.04499999999999987,1.0,0.37,0.905,0.74,0.55,0.9,0.91,0.55,0.55,0.59,0.43,0.58,0.44,0.59,0.5,0.361,0.144,-0.071
0.82,0.82,1.0,1.0,0.77,0.77,0.16199999999999998,0.16199999999999998,0.29,0.29,0.27,0.45,0.05999999999999989,0.04499999999999987,1.0,0.37,0.905,0.74,0.56,0.9,0.91,0.56,0.56,0.59,0.43,0.58,0.44,0.59,0.5,0.331,0.098,-0.072
0.8,0.8,1.0,1.0,0.78,0.78,0.16199999999999998,0.16199999999999998,0.31,0.31,0.28,0.45,0.0749999999999999,0.05999999999999989,1.0,0.36,0.905,0.73,0.56,0.9,0.91,0.56,0.56,0.6,0.43,0.59,0.43,0.58,0.5,0.301,0.051,-0.076
0.8,0.8,1.0,1.0,0.78,0.78,0.16199999999999998,0.16199999999999998,0.31,0.31,0.3,0.43,0.0749999999999999,0.0749999999999999,1.0,0.35,0.905,0.73,0.56,0.9,0.91,0.56,0.56,0.6,0.43,0.6,0.43,0.56,0.5,0.264,-0.03,-0.054
0.78,0.78,1.0,1.0,0.8,0.8,0.16199999999999998,0.16199999999999998,0.32,0.32,0.3,0.42,0.0749999999999999,0.0749999999999999,1.0,0.35,0.905,0.73,0.55,0.9,0.91,0.55,0.55,0.6,0.43,0.6,0.43,0.55,0.5,0.254,-0.069,-0.044
0.75,0.75,1.0,1.0,0.82,0.82,0.16199999999999998,0.16199999999999998,0.33,0.33,0.31,0.41,0.05999999999999989,0.0749999999999999,1.0,0.35,0.895,0.73,0.55,0.89,0.9,0.55,0.55,0.59,0.43,0.6,0.43,0.53,0.5,0.249,-0.108,-0.03
0.74,0.74,1.0,1.0,0.83,0.83,0.16199999999999998,0.16199999999999998,0.33,0.33,0.33,0.4,0.05999999999999989,0.0749999999999999,1.0,0.35,0.895,0.73,0.55,0.89,0.9,0.55,0.55,0.59,0.43,0.6,0.43,0.52,0.5,0.243,-0.142,-0.017
0.73,0.73,1.0,1.0,0.84,0.84,0.16199999999999998,0.16199999999999998,0.32,0.32,0.33,0.39,0.05999999999999989,0.0749999999999999,1.0,0.35,0.885,0.73,0.56,0.88,0.89,0.56,0.56,0.59,0.43,0.6,0.43,0.52,0.5,0.246,-0.168,-0.004
0.66,0.66,1.0,1.0,0.89,0.89,0.3710548686981201,0.3704663622379303,0.22,0.22,0.33,0.39,0.05999999999999989,0.08999999999999991,1.0,0.39,0.84,0.75,0.52,0.83,0.85,0.52,0.52,0.59,0.43,0.61,0.42,0.5,0.5,0.25,-0.183,0.003
0.68,0.68,1.0,1.0,0.88,0.88,0.16199999999999998,0.16199999999999998,0.31,0.31,0.33,0.4,0.05999999999999989,0.0749999999999999,1.0,0.37,0.87,0.74,0.54,0.87,0.87,0.54,0.54,0.59,0.43,0.6,0.43,0.52,0.5,0.263,-0.189,0.0
0.7,0.7,1.0,1.0,0.86,0.86,0.16199999999999998,0.16199999999999998,0.31,0.31,0.33,0.39,0.05999999999999989,0.0749999999999999,1.0,0.36,0.875,0.73,0.54,0.87,0.88,0.54,0.54,0.59,0.43,0.6,0.43,0.52,0.5,0.275,-0.196,0.001
0.68,0.68,1.0,1.0,0.88,0.88,0.5446822452545166,0.5409438419342041,0.16,0.16,0.34,0.39,0.0749999999999999,0.0749999999999999,1.0,0.39,0.84,0.75,0.51,0.83,0.85,0.51,0.51,0.6,0.43,0.6,0.43,0.5,0.5,0.278,-0.194,0.001
0.68,0.68,1.0,1.0,0.88,0.88,0.16199999999999998,0.16199999999999998,0.27,0.27,0.35,0.37,0.0749999999999999,0.0749999999999999,1.0,0.38,0.855,0.75,0.53,0.85,0.86,0.53,0.53,0.6,0.43,0.6,0.43,0.51,0.5,0.313,-0.19,-0.002
0.7,0.7,1.0,1.0,0.87,0.87,0.16199999999999998,0.16199999999999998,0.23,0.23,0.34,0.38,0.0749999999999999,0.05999999999999989,1.0,0.38,0.855,0.75,0.47,0.85,0.86,0.47,0.47,0.6,0.43,0.59,0.43,0.5,0.5,0.334,-0.191,0.002
0.69,0.69,1.0,1.0,0.87,0.87,0.16199999999999998,0.16199999999999998,0.22,0.22,0.35,0.38,0.0749999999999999,0.05999999999999989,1.0,0.38,0.825,0.75,0.48,0.82,0.83,0.48,0.48,0.6,0.43,0.59,0.43,0.48,0.5,0.42,-0.194,-0.025
0.72,0.72,1.0,1.0,0.85,0.85,0.16199999999999998,0.16199999999999998,0.21,0.21,0.35,0.37,0.08999999999999991,0.05999999999999989,1.0,0.38,0.815,0.75,0.48,0.81,0.82,0.48,0.48,0.61,0.42,0.59,0.43,0.48,0.5,0.466,-0.202,-0.026
0.73,0.73,1.0,1.0,0.84,0.84,0.16199999999999998,0.16199999999999998,0.2,0.2,0.36,0.37,0.10499999999999993,0.05999999999999989,1.0,0.37,0.81,0.74,0.48,0.8,0.82,0.48,0.48,0.62,0.42,0.59,0.43,0.48,0.5,0.484,-0.198,-0.02
0.75,0.75,1.0,1.0,0.82,0.82,0.16199999999999998,0.16199999999999998,0.2,0.2,0.36,0.37,0.10499999999999993,0.05999999999999989,1.0,0.37,0.81,0.74,0.47,0.8,0.82,0.47,0.47,0.62,0.42,0.59,0.43,0.48,0.5,0.478,-0.192,-0.019
0.7,0.7,1.0,1.0,0.86,0.86,0.2370894658565521,0.23663521885871885,0.2,0.2,0.36,0.37,0.10499999999999993,0.05999999999999989,1.0,0.37,0.81,0.74,0.46,0.8,0.82,0.46,0.46,0.62,0.42,0.59,0.43,0.32,0.31,0.471,-0.191,-0.02
0.69,0.69,1.0,1.0,0.87,0.87,0.41704977631568907,0.4166834759712219,0.14,0.14,0.36,0.37,0.13499999999999995,0.08999999999999991,1.0,0.37,0.79,0.74,0.46,0.78,0.8,0.46,0.46,0.64,0.41,0.61,0.42,0.33,0.23,0.458,-0.194,-0.017
0.67,0.67,1.0,1.0,0.89,0.89,0.22029459059238432,0.2198497313261032,0.21,0.21,0.35,0.37,0.11999999999999994,0.0749999999999999,1.0,0.38,0.8,0.75,0.46,0.79,0.81,0.46,0.46,0.63,0.41,0.6,0.43,0.35,0.21,0.447,-0.188,-0.013
0.65,0.65,1.0,1.0,0.91,0.91,0.18236045122146605,0.18195747911930082,0.22,0.22,0.35,0.38,0.11999999999999994,0.08999999999999991,1.0,0.37,0.8,0.74,0.48,0.79,0.81,0.48,0.48,0.63,0.42,0.61,0.43,0.21,0.23,0.44,-0.195,-0.022
0.58,0.58,1.0,1.0,0.96,0.96,0.16199999999999998,0.16199999999999998,0.23,0.23,0.33,0.39,0.16499999999999998,0.14999999999999997,1.0,0.31,0.885,0.69,0.37,0.88,0.89,0.37,0.37,0.66,0.4,0.65,0.4,0.06,0.42,0.414,-0.197,-0.019
0.57,0.57,1.0,1.0,0.97,0.97,0.16199999999999998,0.16199999999999998,0.25,0.25,0.33,0.4,0.16499999999999998,0.16499999999999998,1.0,0.27,0.93,0.66,0.32,0.93,0.93,0.32,0.32,0.66,0.4,0.66,0.4,0.04,0.45,0.372,-0.2,-0.022
0.56,0.56,1.0,1.0,0.97,0.97,0.16199999999999998,0.16199999999999998,0.27,0.27,0.33,0.4,0.18,0.16499999999999998,1.0,0.26,0.935,0.66,0.35,0.93,0.94,0.35,0.35,0.67,0.4,0.66,0.4,0.04,0.46,0.341,-0.197,-0.017
0.58,0.58,1.0,1.0,0.96,0.96,0.610634069442749,0.6072487044334411,0.13,0.13,0.34,0.39,0.20999999999999985,0.18,1.0,0.3,0.895,0.69,0.39,0.89,0.9,0.39,0.39,0.69,0.39,0.67,0.39,0.06,0.46,0.32,-0.196,-0.002
0.57,0.57,1.0,1.0,0.97,0.97,0.18545652508735655,0.18484225451946257,0.26,0.26,0.34,0.38,0.22499999999999987,0.195,1.0,0.26,0.935,0.66,0.33,0.93,0.94,0.33,0.33,0.7,0.38,0.68,0.39,0.04,0.46,0.314,-0.199,0.01
0.56,0.56,1.0,1.0,0.98,0.98,0.16199999999999998,0.16199999999999998,0.33,0.33,0.35,0.37,0.23999999999999988,0.20999999999999985,1.0,0.25,0.95,0.65,0.3,0.95,0.95,0.3,0.3,0.71,0.38,0.69,0.39,0.03,0.47,0.282,-0.201,0.025
0.49,0.49,0.92,0.92,1.0,1.0,0.16199999999999998,0.16199999999999998,0.35,0.35,0.36,0.36,0.22499999999999987,0.20999999999999985,1.0,0.24,0.96,0.65,0.3,0.96,0.96,0.3,0.3,0.7,0.38,0.69,0.39,0.02,0.49,0.249,-0.192,0.035
0.49,0.49,0.9,0.9,1.0,1.0,0.16199999999999998,0.16199999999999998,0.39,0.39,0.35,0.37,0.195,0.195,1.0,0.24,0.96,0.64,0.29,0.96,0.96,0.29,0.29,0.68,0.39,0.68,0.39,0.02,0.5,0.218,-0.177,0.047
0.47,0.47,0.87,0.87,1.0,1.0,0.16199999999999998,0.16199999999999998,0.42,0.42,0.35,0.37,0.18,0.195,1.0,0.24,0.97,0.64,0.29,0.97,0.97,0.29,0.29,0.67,0.39,0.68,0.39,0.02,0.5,0.193,-0.165,0.048
0.47,0.47,0.86,0.86,1.0,1.0,0.16199999999999998,0.16199999999999998,0.43,0.43,0.34,0.38,0.18,0.18,1.0,0.24,0.97,0.64,0.31,0.97,0.97,0.31,0.31,0.67,0.4,0.67,0.4,0.02,0.5,0.187,-0.162,0.048
0.48,0.48,0.89,0.89,1.0,1.0,0.16199999999999998,0.16199999999999998,0.4,0.4,0.32,0.4,0.14999999999999997,0.13499999999999995,1.0,0.24,0.96,0.65,0.34,0.96,0.96,0.34,0.34,0.65,0.41,0.64,0.41,0.03,0.49,0.197,-0.168,0.028
0.48,0.48,0.89,0.89,1.0,1.0,0.16199999999999998,0.16199999999999998,0.37,0.37,0.31,0.42,0.13499999999999995,0.13499999999999995,1.0,0.28,0.905,0.67,0.41,0.9,0.91,0.41,0.41,0.64,0.41,0.64,0.41,0.08,0.49,0.231,-0.174,0.01
0.57,0.57,1.0,1.0,0.96,0.96,0.16199999999999998,0.16199999999999998,0.33,0.33,0.29,0.43,0.11999999999999994,0.11999999999999994,1.0,0.32,0.86,0.7,0.49,0.85,0.87,0.49,0.49,0.63,0.41,0.63,0.42,0.28,0.48,0.258,-0.184,-0.004
0.7,0.7,1.0,1.0,0.86,0.86,0.16199999999999998,0.16199999999999998,0.27,0.27,0.29,0.43,0.10499999999999993,0.08999999999999991,1.0,0.35,0.865,0.72,0.48,0.86,0.87,0.48,0.48,0.62,0.42,0.61,0.42,0.49,0.5,0.32,-0.197,-0.027
0.92,0.92,1.0,1.0,0.68,0.68,0.16199999999999998,0.16199999999999998,0.22,0.22,0.3,0.42,0.08999999999999991,0.08999999999999991,1.0,0.37,0.895,0.74,0.5,0.89,0.9,0.5,0.5,0.61,0.42,0.61,0.42,0.62,0.5,0.372,-0.202,-0.04
0.92,0.92,1.0,1.0,0.68,0.68,0.16199999999999998,0.16199999999999998,0.18,0.18,0.29,0.43,0.08999999999999991,0.08999999999999991,1.0,0.37,0.905,0.74,0.51,0.9,0.91,0.51,0.51,0.61,0.42,0.61,0.42,0.68,0.5,0.427,-0.206,-0.057
0.92,0.92,1.0,1.0,0.68,0.68,0.16199999999999998,0.16199999999999998,0.16,0.16,0.29,0.44,0.08999999999999991,0.10499999999999993,1.0,0.37,0.905,0.74,0.52,0.9,0.91,0.52,0.52,0.61,0.42,0.62,0.42,0.69,0.5,0.462,-0.207,-0.072
0.92,0.92,1.0,1.0,0.68,0.68,0.16199999999999998,0.16199999999999998,0.16,0.16,0.29,0.44,0.10499999999999993,0.10499999999999993,1.0,0.37,0.905,0.74,0.51,0.9,0.91,0.51,0.51,0.62,0.42,0.62,0.42,0.69,0.5,0.483,-0.206,-0.079
0.92,0.92,1.0,1.0,0.68,0.68,0.16199999999999998,0.16199999999999998,0.16,0.16,0.28,0.45,0.10499999999999993,0.10499999999999993,1.0,0.37,0.9,0.74,0.5,0.89,0.91,0.5,0.5,0.62,0.42,0.62,0.42,0.66,0.5,0.482,-0.204,-0.084
0.92,0.92,1.0,1.0,0.68,0.68,0.16199999999999998,0.16199999999999998,0.17,0.17,0.26,0.47,0.10499999999999993,0.08999999999999991,1.0,0.37,0.89,0.74,0.49,0.88,0.9,0.49,0.49,0.62,0.42,0.61,0.42,0.63,0.5,0.456,-0.201,-0.098
0.92,0.92,1.0,1.0,0.68,0.68,0.16199999999999998,0.16199999999999998,0.18,0.18,0.22,0.51,0.08999999999999991,0.08999999999999991,1.0,0.38,0.87,0.75,0.49,0.86,0.88,0.49,0.49,0.61,0.42,0.61,0.43,0.62,0.5,0.433,-0.202,-0.129
0.92,0.92,1.0,1.0,0.68,0.68,0.16199999999999998,0.16199999999999998,0.19,0.19,0.18,0.55,0.0749999999999999,0.05999999999999989,1.0,0.4,0.87,0.76,0.48,0.86,0.88,0.48,0.48,0.6,0.43,0.59,0.43,0.61,0.5,0.417,-0.215,-0.161
0.92,0.92,1.0,1.0,0.68,0.68,0.16199999999999998,0.16199999999999998,0.18,0.18,0.14,0.59,0.0749999999999999,0.05999999999999989,1.0,0.4,0.87,0.76,0.48,0.86,0.88,0.48,0.48,0.6,0.43,0.59,0.43,0.6,0.5,0.39,-0.228,-0.196
0.92,0.92,1.0,1.0,0.69,0.69,0.16199999999999998,0.16199999999999998,0.18,0.18,0.12,0.61,0.05999999999999989,0.05999999999999989,1.0,0.4,0.87,0.76,0.49,0.86,0.88,0.49,0.49,0.59,0.43,0.59,0.43,0.59,0.5,0.368,-0.242,-0.21
0.91,0.91,1.0,1.0,0.69,0.69,0.16199999999999998,0.16199999999999998,0.18,0.18,0.12,0.61,0.05999999999999989,0.05999999999999989,1.0,0.4,0.87,0.76,0.49,0.86,0.88,0.49,0.49,0.59,0.43,0.59,0.43,0.59,0.5,0.36,-0.249,-0.206
0.91,0.91,1.0,1.0,0.69,0.69,0.16199999999999998,0.16199999999999998,0.2,0.2,0.15,0.58,0.04499999999999987,0.05999999999999989,1.0,0.4,0.88,0.76,0.48,0.87,0.89,0.48,0.48,0.58,0.44,0.59,0.43,0.6,0.5,0.372,-0.232,-0.192
0.91,0.91,1.0,1.0,0.69,0.69,0.16199999999999998,0.16199999999999998,0.21,0.21,0.19,0.54,0.04499999999999987,0.05999999999999989,1.0,0.42,0.88,0.78,0.47,0.87,0.89,0.47,0.47,0.58,0.44,0.59,0.43,0.6,0.5,0.368,-0.214,-0.155
0.91,0.91,1.0,1.0,0.69,0.69,0.16199999999999998,0.16199999999999998,0.25,0.25,0.23,0.5,0.05999999999999989,0.05999999999999989,1.0,0.4,0.895,0.76,0.51,0.89,0.9,0.51,0.51,0.59,0.43,0.59,0.43,0.6,0.5,0.332,-0.194,-0.113
0.91,0.91,1.0,1.0,0.69,0.69,0.16199999999999998,0.16199999999999998,0.28,0.28,0.23,0.5,0.0749999999999999,0.05999999999999989,1.0,0.38,0.905,0.75,0.52,0.9,0.91,0.52,0.52,0.6,0.43,0.59,0.43,0.6,0.5,0.296,-0.194,-0.101
0.9,0.9,1.0,1.0,0.7,0.7,0.16199999999999998,0.16199999999999998,0.29,0.29,0.23,0.49,0.0749999999999999,0.0749999999999999,1.0,0.38,0.905,0.75,0.52,0.9,0.91,0.52,0.52,0.6,0.43,0.6,0.43,0.6,0.5,0.283,-0.198,-0.091
0.89,0.89,1.0,1.0,0.71,0.71,0.16199999999999998,0.16199999999999998,0.3,0.3,0.24,0.49,0.0749999999999999,0.0749999999999999,1.0,0.38,0.915,0.74,0.52,0.91,0.92,0.52,0.52,0.6,0.43,0.6,0.43,0.6,0.5,0.28,-0.202,-0.086
0.91,0.91,1.0,1.0,0.69,0.69,0.16199999999999998,0.16199999999999998,0.29,0.29,0.26,0.47,0.05999999999999989,0.0749999999999999,1.0,0.37,0.915,0.74,0.53,0.91,0.92,0.53,0.53,0.59,0.43,0.6,0.43,0.6,0.5,0.26,-0.197,-0.073
0.92,0.92,1.0,1.0,0.69,0.69,0.16199999999999998,0.16199999999999998,0.28,0.28,0.27,0.46,0.05999999999999989,0.0749999999999999,1.0,0.37,0.915,0.74,0.53,0.91,0.92,0.53,0.53,0.59,0.43,0.6,0.43,0.6,0.5,0.252,-0.19,-0.068
0.9,0.9,1.0,1.0,0.7,0.7,0.16199999999999998,0.16199999999999998,0.29,0.29,0.27,0.45,0.05999999999999989,0.0749999999999999,1.0,0.37,0.915,0.74,0.52,0.91,0.92,0.52,0.52,0.59,0.43,0.6,0.43,0.58,0.5,0.256,-0.185,-0.063
0.88,0.88,1.0,1.0,0.71,0.71,0.16199999999999998,0.16199999999999998,0.31,0.31,0.29,0.43,0.05999999999999989,0.05999999999999989,1.0,0.37,0.915,0.74,0.52,0.91,0.92,0.52,0.52,0.59,0.43,0.59,0.43,0.52,0.5,0.244,-0.179,-0.048
0.88,0.88,1.0,1.0,0.71,0.71,0.16199999999999998,0.16199999999999998,0.31,0.31,0.29,0.44,0.05999999999999989,0.05999999999999989,1.0,0.37,0.915,0.74,0.52,0.91,0.92,0.52,0.52,0.59,0.43,0.59,0.43,0.53,0.5,0.252,-0.178,-0.049
0.89,0.89,1.0,1.0,0.71,0.71,0.16199999999999998,0.16199999999999998,0.28,0.28,0.28,0.45,0.05999999999999989,0.05999999999999989,1.0,0.37,0.915,0.74,0.51,0.91,0.92,0.51,0.51,0.59,0.43,0.59,0.43,0.53,0.5,0.29,-0.184,-0.067
0.89,0.89,1.0,1.0,0.71,0.71,0.16199999999999998,0.16199999999999998,0.26,0.26,0.28,0.44,0.05999999999999989,0.05999999999999989,1.0,0.37,0.905,0.74,0.51,0.9,0.91,0.51,0.51,0.59,0.43,0.59,0.43,0.53,0.5,0.308,-0.185,-0.068
0.89,0.89,1.0,1.0,0.71,0.71,0.16199999999999998,0.16199999999999998,0.24,0.24,0.29,0.44,0.05999999999999989,0.05999999999999989,1.0,0.39,0.885,0.76,0.49,0.88,0.89,0.49,0.49,0.59,0.43,0.59,0.43,0.53,0.5,0.356,-0.187,-0.077
0.88,0.88,1.0,1.0,0.72,0.72,0.16199999999999998,0.16199999999999998,0.2,0.2,0.29,0.44,0.0749999999999999,0.05999999999999989,1.0,0.39,0.87,0.76,0.48,0.86,0.88,0.48,0.48,0.6,0.43,0.59,0.43,0.53,0.5,0.413,-0.191,-0.098
0.88,0.88,1.0,1.0,0.72,0.72,0.16199999999999998,0.16199999999999998,0.17,0.17,0.28,0.45,0.0749999999999999,0.05999999999999989,1.0,0.4,0.83,0.76,0.48,0.82,0.84,0.48,0.48,0.6,0.43,0.59,0.43,0.51,0.5,0.446,-0.196,-0.12
0.87,0.87,1.0,1.0,0.73,0.73,0.16199999999999998,0.16199999999999998,0.15,0.15,0.28,0.45,0.08999999999999991,0.05999999999999989,1.0,0.42,0.795,0.78,0.48,0.78,0.81,0.48,0.48,0.61,0.42,0.59,0.43,0.49,0.5,0.495,-0.195,-0.136
0.81,0.81,1.0,1.0,0.78,0.78,0.16199999999999998,0.16199999999999998,0.23,0.23,0.41,0.32,0.08999999999999991,0.04499999999999987,1.0,0.44,0.79,0.79,0.47,0.78,0.8,0.47,0.47,0.61,0.42,0.58,0.44,0.49,0.5,0.501,-0.193,-0.128
0.82,0.82,1.0,1.0,0.76,0.76,0.16199999999999998,0.16199999999999998,0.24,0.24,0.41,0.32,0.08999999999999991,0.04499999999999987,1.0,0.44,0.795,0.79,0.48,0.78,0.81,0.48,0.48,0.61,0.42,0.58,0.44,0.5,0.5,0.49,-0.196,-0.125
0.83,0.83,1.0,1.0,0.75,0.75,0.16199999999999998,0.16199999999999998,0.24,0.24,0.41,0.32,0.08999999999999991,0.04499999999999987,1.0,0.44,0.8,0.79,0.48,0.79,0.81,0.48,0.48,0.61,0.42,0.58,0.44,0.52,0.5,0.477,-0.201,-0.129
0.82,0.82,1.0,1.0,0.76,0.76,0.16199999999999998,0.16199999999999998,0.25,0.25,0.41,0.31,0.08999999999999991,0.04499999999999987,1.0,0.44,0.8,0.79,0.48,0.79,0.81,0.48,0.48,0.61,0.42,0.58,0.44,0.52,0.5,0.459,-0.204,-0.139
0.82,0.82,1.0,1.0,0.76,0.76,0.16199999999999998,0.16199999999999998,0.27,0.27,0.39,0.34,0.0749999999999999,0.02999999999999986,1.0,0.43,0.825,0.79,0.48,0.81,0.84,0.48,0.48,0.6,0.43,0.57,0.44,0.53,0.5,0.439,-0.21,-0.156
0.83,0.83,1.0,1.0,0.75,0.75,0.16199999999999998,0.16199999999999998,0.29,0.29,0.39,0.33,0.05999999999999989,0.02999999999999986,1.0,0.43,0.84,0.79,0.48,0.83,0.85,0.48,0.48,0.59,0.43,0.57,0.44,0.55,0.5,0.404,-0.208,-0.157
0.86,0.86,1.0,1.0,0.73,0.73,0.16199999999999998,0.16199999999999998,0.21,0.21,0.23,0.49,0.05999999999999989,0.02999999999999986,1.0,0.43,0.84,0.78,0.46,0.83,0.85,0.46,0.46,0.59,0.43,0.57,0.44,0.55,0.5,0.386,-0.201,-0.142
0.83,0.83,1.0,1.0,0.75,0.75,0.16199999999999998,0.16199999999999998,0.24,0.24,0.24,0.49,0.05999999999999989,0.02999999999999986,1.0,0.43,0.855,0.79,0.48,0.85,0.86,0.48,0.48,0.59,0.43,0.57,0.44,0.54,0.5,0.351,-0.197,-0.12
0.84,0.84,1.0,1.0,0.75,0.75,0.16199999999999998,0.16199999999999998,0.27,0.27,0.26,0.46,0.05999999999999989,0.04499999999999987,1.0,0.39,0.88,0.76,0.51,0.88,0.88,0.51,0.51,0.59,0.43,0.58,0.44,0.55,0.5,0.319,-0.158,-0.081
0.79,0.79,1.0,1.0,0.79,0.79,0.16199999999999998,0.16199999999999998,0.3,0.3,0.35,0.37,0.0749999999999999,0.05999999999999989,1.0,0.38,0.885,0.74,0.54,0.88,0.89,0.54,0.54,0.6,0.43,0.59,0.43,0.54,0.5,0.301,-0.115,0.015
0.77,0.77,1.0,1.0,0.81,0.81,0.16199999999999998,0.16199999999999998,0.3,0.3,0.42,0.3,0.0749999999999999,0.0749999999999999,1.0,0.37,0.885,0.74,0.55,0.88,0.89,0.55,0.55,0.6,0.43,0.6,0.43,0.54,0.5,0.33,-0.107,0.073
0.77,0.77,1.0,1.0,0.81,0.81,0.16199999999999998,0.16199999999999998,0.29,0.29,0.45,0.28,0.0749999999999999,0.0749999999999999,1.0,0.37,0.885,0.74,0.54,0.88,0.89,0.54,0.54,0.6,0.43,0.6,0.43,0.54,0.5,0.351,-0.11,0.103
0.76,0.76,1.0,1.0,0.81,0.81,0.16199999999999998,0.16199999999999998,0.29,0.29,0.45,0.27,0.0749999999999999,0.0749999999999999,1.0,0.37,0.885,0.74,0.53,0.88,0.89,0.53,0.53,0.6,0.43,0.6,0.43,0.54,0.5,0.363,-0.119,0.106
0.76,0.76,1.0,1.0,0.81,0.81,0.16199999999999998,0.16199999999999998,0.28,0.28,0.45,0.28,0.08999999999999991,0.0749999999999999,1.0,0.37,0.88,0.74,0.53,0.88,0.88,0.53,0.53,0.61,0.43,0.6,0.43,0.54,0.5,0.369,-0.124,0.098
0.74,0.74,1.0,1.0,0.83,0.83,0.9350819396972656,0.9350248384475708,0.2,0.2,0.43,0.3,0.10499999999999993,0.10499999999999993,1.0,0.4,0.805,0.76,0.52,0.8,0.81,0.52,0.52,0.62,0.42,0.62,0.42,0.51,0.5,0.372,-0.128,0.093
0.76,0.76,1.0,1.0,0.81,0.81,0.16199999999999998,0.16199999999999998,0.27,0.27,0.42,0.3,0.10499999999999993,0.10499999999999993,1.0,0.38,0.875,0.75,0.54,0.87,0.88,0.54,0.54,0.62,0.42,0.62,0.42,0.57,0.5,0.37,-0.129,0.087
0.75,0.75,1.0,1.0,0.82,0.82,0.5944202351570129,0.591510694026947,0.14,0.14,0.42,0.31,0.08999999999999991,0.08999999999999991,1.0,0.4,0.855,0.76,0.51,0.85,0.86,0.51,0.51,0.61,0.42,0.61,0.42,0.57,0.5,0.367,-0.127,0.082
0.77,0.77,1.0,1.0,0.81,0.81,0.16199999999999998,0.16199999999999998,0.25,0.25,0.46,0.26,0.08999999999999991,0.08999999999999991,1.0,0.4,0.86,0.77,0.53,0.86,0.86,0.53,0.53,0.61,0.42,0.61,0.42,0.58,0.5,0.402,-0.128,0.112
0.75,0.75,1.0,1.0,0.82,0.82,0.16199999999999998,0.16199999999999998,0.25,0.25,0.52,0.21,0.08999999999999991,0.0749999999999999,1.0,0.4,0.87,0.76,0.53,0.87,0.87,0.53,0.53,0.61,0.42,0.6,0.43,0.58,0.5,0.429,-0.128,0.166
0.76,0.76,1.0,1.0,0.81,0.81,0.7241959977149963,0.7147041368484497,0.11,0.11,0.51,0.22,0.10499999999999993,0.0749999999999999,1.0,0.41,0.845,0.77,0.52,0.84,0.85,0.52,0.52,0.62,0.42,0.6,0.43,0.58,0.5,0.45,-0.131,0.183
0.75,0.75,1.0,1.0,0.82,0.82,0.24310858130455015,0.24280415058135985,0.21,0.21,0.55,0.18,0.10499999999999993,0.0749999999999999,1.0,0.42,0.835,0.78,0.52,0.83,0.84,0.52,0.52,0.62,0.42,0.6,0.43,0.58,0.5,0.447,-0.131,0.2
0.75,0.75,1.0,1.0,0.82,0.82,0.16199999999999998,0.16199999999999998,0.23,0.23,0.6,0.13,0.11999999999999994,0.0749999999999999,1.0,0.4,0.85,0.76,0.53,0.85,0.85,0.53,0.53,0.63,0.42,0.6,0.43,0.6,0.5,0.469,-0.137,0.223
0.76,0.76,1.0,1.0,0.81,0.81,0.16199999999999998,0.16199999999999998,0.24,0.24,0.62,0.11,0.11999999999999994,0.08999999999999991,1.0,0.38,0.86,0.75,0.54,0.86,0.86,0.54,0.54,0.63,0.41,0.61,0.43,0.61,0.5,0.466,-0.139,0.235
0.76,0.76,1.0,1.0,0.82,0.82,0.16199999999999998,0.16199999999999998,0.24,0.24,0.62,0.11,0.11999999999999994,0.08999999999999991,1.0,0.38,0.86,0.75,0.54,0.86,0.86,0.54,0.54,0.63,0.41,0.61,0.42,0.61,0.5,0.466,-0.141,0.242
0.76,0.76,1.0,1.0,0.81,0.81,0.16199999999999998,0.16199999999999998,0.24,0.24,0.62,0.11,0.11999999999999994,0.08999999999999991,1.0,0.37,0.87,0.74,0.54,0.87,0.87,0.54,0.54,0.63,0.41,0.61,0.42,0.62,0.5,0.458,-0.141,0.243
0.74,0.74,1.0,1.0,0.83,0.83,0.16199999999999998,0.16199999999999998,0.24,0.24,0.62,0.11,0.11999999999999994,0.08999999999999991,1.0,0.37,0.87,0.74,0.54,0.87,0.87,0.54,0.54,0.63,0.41,0.61,0.42,0.62,0.5,0.449,-0.14,0.241
0.74,0.74,1.0,1.0,0.83,0.83,0.16199999999999998,0.16199999999999998,0.28,0.28,0.5,0.22,0.11999999999999994,0.08999999999999991,1.0,0.37,0.87,0.74,0.54,0.87,0.87,0.54,0.54,0.63,0.42,0.61,0.42,0.62,0.5,0.436,-0.136,0.24
0.73,0.73,1.0,1.0,0.84,0.84,0.16199999999999998,0.16199999999999998,0.3,0.3,0.47,0.26,0.11999999999999994,0.10499999999999993,1.0,0.36,0.875,0.74,0.54,0.88,0.87,0.54,0.54,0.63,0.42,0.62,0.42,0.61,0.5,0.429,-0.138,0.241
0.73,0.73,1.0,1.0,0.84,0.84,0.16199999999999998,0.16199999999999998,0.32,0.32,0.4,0.32,0.11999999999999994,0.11999999999999994,1.0,0.35,0.885,0.73,0.55,0.89,0.88,0.55,0.55,0.63,0.41,0.63,0.42,0.61,0.5,0.417,-0.138,0.248
0.73,0.73,1.0,1.0,0.84,0.84,0.16199999999999998,0.16199999999999998,0.33,0.33,0.4,0.33,0.11999999999999994,0.11999999999999994,1.0,0.35,0.885,0.73,0.56,0.89,0.88,0.56,0.56,0.63,0.41,0.63,0.42,0.6,0.5,0.415,-0.139,0.254
0.73,0.73,1.0,1.0,0.83,0.83,0.16199999999999998,0.16199999999999998,0.3,0.3,0.01,0.73,0.10499999999999993,0.11999999999999994,1.0,0.35,0.895,0.72,0.56,0.9,0.89,0.56,0.56,0.62,0.42,0.63,0.42,0.61,0.5,0.409,-0.139,0.255
0.74,0.74,1.0,1.0,0.83,0.83,0.16199999999999998,0.16199999999999998,0.31,0.31,-0.01,0.75,0.08999999999999991,0.10499999999999993,1.0,0.35,0.895,0.73,0.56,0.9,0.89,0.56,0.56,0.61,0.42,0.62,0.42,0.61,0.5,0.399,-0.14,0.254
0.74,0.74,1.0,1.0,0.83,0.83,0.16199999999999998,0.16199999999999998,0.31,0.31,-0.01,0.76,0.08999999999999991,0.10499999999999993,1.0,0.35,0.9,0.73,0.56,0.9,0.9,0.56,0.56,0.61,0.42,0.62,0.42,0.6,0.5,0.387,-0.138,0.248
0.75,0.75,1.0,1.0,0.83,0.83,0.16199999999999998,0.16199999999999998,0.32,0.32,-0.02,0.76,0.08999999999999991,0.10499999999999993,1.0,0.36,0.9,0.73,0.56,0.9,0.9,0.56,0.56,0.61,0.42,0.62,0.42,0.6,0.5,0.384,-0.139,0.246
0.75,0.75,1.0,1.0,0.82,0.82,0.16199999999999998,0.16199999999999998,0.32,0.32,-0.02,0.77,0.0749999999999999,0.10499999999999993,1.0,0.36,0.905,0.73,0.56,0.91,0.9,0.56,0.56,0.6,0.43,0.62,0.42,0.59,0.5,0.377,-0.136,0.232
0.68,0.68,1.0,1.0,0.88,0.88,0.4824902820587158,0.4822519826889038,0.17,0.17,0.51,0.22,0.08999999999999991,0.08999999999999991,1.0,0.37,0.865,0.74,0.53,0.86,0.87,0.53,0.53,0.61,0.42,0.61,0.42,0.56,0.5,0.373,-0.135,0.174
0.68,0.68,1.0,1.0,0.88,0.88,0.16199999999999998,0.16199999999999998,0.28,0.28,0.47,0.25,0.08999999999999991,0.08999999999999991,1.0,0.37,0.87,0.74,0.54,0.87,0.87,0.54,0.54,0.61,0.42,0.61,0.42,0.57,0.5,0.352,-0.129,0.129
0.68,0.68,1.0,1.0,0.88,0.88,0.16199999999999998,0.16199999999999998,0.29,0.29,0.45,0.28,0.08999999999999991,0.08999999999999991,1.0,0.35,0.88,0.73,0.54,0.88,0.88,0.54,0.54,0.61,0.42,0.61,0.42,0.57,0.5,0.343,-0.127,0.105
0.69,0.69,1.0,1.0,0.87,0.87,0.16199999999999998,0.16199999999999998,0.29,0.29,0.42,0.31,0.08999999999999991,0.08999999999999991,1.0,0.35,0.88,0.72,0.54,0.88,0.88,0.54,0.54,0.61,0.42,0.61,0.42,0.57,0.5,0.335,-0.12,0.072
0.69,0.69,1.0,1.0,0.87,0.87,0.16199999999999998,0.16199999999999998,0.29,0.29,0.38,0.34,0.08999999999999991,0.08999999999999991,1.0,0.34,0.88,0.72,0.54,0.88,0.88,0.54,0.54,0.61,0.42,0.61,0.42,0.57,0.5,0.32,-0.114,0.045
0.67,0.67,1.0,1.0,0.89,0.89,0.16199999999999998,0.16199999999999998,0.32,0.32,0.34,0.38,0.0749999999999999,0.0749999999999999,1.0,0.34,0.885,0.72,0.54,0.88,0.89,0.54,0.54,0.6,0.43,0.6,0.43,0.57,0.5,0.311,-0.106,0.02
0.66,0.66,1.0,1.0,0.89,0.89,0.16199999999999998,0.16199999999999998,0.32,0.32,0.31,0.41,0.0749999999999999,0.0749999999999999,1.0,0.35,0.885,0.72,0.53,0.88,0.89,0.53,0.53,0.6,0.43,0.6,0.43,0.58,0.5,0.313,-0.104,-0.014
0.67,0.67,1.0,1.0,0.89,0.89,0.16199999999999998,0.16199999999999998,0.31,0.31,0.28,0.44,0.0749999999999999,0.0749999999999999,1.0,0.35,0.89,0.73,0.52,0.89,0.89,0.52,0.52,0.6,0.43,0.6,0.43,0.59,0.5,0.32,-0.104,-0.046
0.67,0.67,1.0,1.0,0.89,0.89,0.16199999999999998,0.16199999999999998,0.3,0.3,0.27,0.46,0.08999999999999991,0.0749999999999999,1.0,0.35,0.89,0.73,0.51,0.89,0.89,0.51,0.51,0.61,0.42,0.6,0.43,0.59,0.5,0.332,-0.106,-0.069
0.67,0.67,1.0,1.0,0.89,0.89,0.16199999999999998,0.16199999999999998,0.29,0.29,0.25,0.47,0.08999999999999991,0.0749999999999999,1.0,0.36,0.89,0.73,0.49,0.89,0.89,0.49,0.49,0.61,0.42,0.6,0.43,0.59,0.5,0.344,-0.11,-0.078
0.66,0.66,1.0,1.0,0.89,0.89,0.16199999999999998,0.16199999999999998,0.28,0.28,0.26,0.47,0.08999999999999991,0.0749999999999999,1.0,0.36,0.885,0.74,0.49,0.88,0.89,0.49,0.49,0.61,0.42,0.6,0.43,0.59,0.5,0.359,-0.109,-0.071
0.66,0.66,1.0,1.0,0.89,0.89,0.16199999999999998,0.16199999999999998,0.28,0.28,0.26,0.47,0.08999999999999991,0.08999999999999991,1.0,0.36,0.885,0.74,0.49,0.88,0.89,0.49,0.49,0.61,0.42,0.61,0.43,0.59,0.5,0.353,-0.11,-0.08
0.66,0.66,1.0,1.0,0.89,0.89,0.16199999999999998,0.16199999999999998,0.28,0.28,0.25,0.48,0.08999999999999991,0.0749999999999999,1.0,0.37,0.885,0.74,0.49,0.88,0.89,0.49,0.49,0.61,0.42,0.6,0.43,0.59,0.5,0.348,-0.11,-0.101
0.66,0.66,1.0,1.0,0.89,0.89,0.16199999999999998,0.16199999999999998,0.3,0.3,0.33,0.4,0.0749999999999999,0.05999999999999989,1.0,0.38,0.885,0.75,0.49,0.88,0.89,0.49,0.49,0.6,0.43,0.59,0.43,0.59,0.5,0.357,-0.106,-0.115
0.67,0.67,1.0,1.0,0.89,0.89,0.16199999999999998,0.16199999999999998,0.3,0.3,0.33,0.4,0.0749999999999999,0.05999999999999989,1.0,0.38,0.885,0.75,0.48,0.88,0.89,0.48,0.48,0.6,0.43,0.59,0.43,0.58,0.5,0.365,-0.104,-0.116
0.67,0.67,1.0,1.0,0.89,0.89,0.16199999999999998,0.16199999999999998,0.3,0.3,0.35,0.38,0.0749999999999999,0.04499999999999987,1.0,0.39,0.885,0.75,0.48,0.88,0.89,0.48,0.48,0.6,0.43,0.58,0.43,0.58,0.5,0.367,-0.107,-0.101
0.67,0.67,1.0,1.0,0.89,0.89,0.16199999999999998,0.16199999999999998,0.29,0.29,0.34,0.38,0.0749999999999999,0.05999999999999989,1.0,0.39,0.88,0.75,0.48,0.87,0.89,0.48,0.48,0.6,0.43,0.59,0.43,0.57,0.5,0.371,-0.109,-0.07
0.67,0.67,1.0,1.0,0.89,0.89,0.16199999999999998,0.16199999999999998,0.29,0.29,0.37,0.35,0.08999999999999991,0.05999999999999989,1.0,0.38,0.88,0.75,0.49,0.87,0.89,0.49,0.49,0.61,0.42,0.59,0.43,0.56,0.5,0.37,-0.105,-0.048
0.66,0.66,1.0,1.0,0.9,0.9,0.16199999999999998,0.16199999999999998,0.29,0.29,0.38,0.35,0.08999999999999991,0.05999999999999989,1.0,0.38,0.88,0.75,0.49,0.87,0.89,0.49,0.49,0.61,0.42,0.59,0.43,0.56,0.5,0.374,-0.097,-0.034
0.67,0.67,1.0,1.0,0.89,0.89,0.2571002948284149,0.2568750190734863,0.22,0.22,0.32,0.41,0.11999999999999994,0.10499999999999993,1.0,0.38,0.87,0.75,0.48,0.86,0.88,0.48,0.48,0.63,0.42,0.62,0.42,0.56,0.5,0.359,-0.094,-0.021
0.65,0.65,1.0,1.0,0.9,0.9,0.16199999999999998,0.16199999999999998,0.28,0.28,0.31,0.41,0.10499999999999993,0.08999999999999991,1.0,0.38,0.875,0.75,0.5,0.87,0.88,0.5,0.5,0.62,0.42,0.61,0.42,0.57,0.5,0.347,-0.089,-0.017
0.65,0.65,1.0,1.0,0.91,0.91,0.16199999999999998,0.16199999999999998,0.28,0.28,0.32,0.41,0.08999999999999991,0.08999999999999991,1.0,0.38,0.875,0.75,0.5,0.87,0.88,0.5,0.5,0.61,0.42,0.61,0.42,0.58,0.5,0.344,-0.088,-0.008
0.64,0.64,1.0,1.0,0.91,0.91,0.16199999999999998,0.16199999999999998,0.28,0.28,0.33,0.4,0.08999999999999991,0.08999999999999991,1.0,0.37,0.875,0.74,0.51,0.87,0.88,0.51,0.51,0.61,0.42,0.61,0.42,0.58,0.5,0.335,-0.085,0.012
0.64,0.64,1.0,1.0,0.91,0.91,0.16199999999999998,0.16199999999999998,0.3,0.3,0.34,0.38,0.08999999999999991,0.08999999999999991,1.0,0.36,0.875,0.73,0.52,0.87,0.88,0.52,0.52,0.61,0.42,0.61,0.42,0.57,0.5,0.34,-0.088,0.034
0.63,0.63,1.0,1.0,0.92,0.92,0.16199999999999998,0.16199999999999998,0.3,0.3,0.38,0.35,0.08999999999999991,0.08999999999999991,1.0,0.36,0.865,0.73,0.52,0.86,0.87,0.52,0.52,0.61,0.42,0.61,0.42,0.56,0.5,0.354,-0.095,0.065
0.63,0.63,1.0,1.0,0.92,0.92,0.16199999999999998,0.16199999999999998,0.3,0.3,0.41,0.31,0.10499999999999993,0.10499999999999993,1.0,0.35,0.865,0.73,0.52,0.86,0.87,0.52,0.52,0.62,0.42,0.62,0.42,0.56,0.5,0.365,-0.094,0.067
0.63,0.63,1.0,1.0,0.92,0.92,0.16199999999999998,0.16199999999999998,0.29,0.29,0.41,0.32,0.10499999999999993,0.10499999999999993,1.0,0.35,0.865,0.73,0.52,0.86,0.87,0.52,0.52,0.62,0.42,0.62,0.42,0.55,0.5,0.362,-0.093,0.052
0.63,0.63,1.0,1.0,0.92,0.92,0.16199999999999998,0.16199999999999998,0.29,0.29,0.39,0.33,0.11999999999999994,0.10499999999999993,1.0,0.35,0.855,0.73,0.52,0.85,0.86,0.52,0.52,0.63,0.42,0.62,0.42,0.53,0.5,0.363,-0.094,0.05
0.63,0.63,1.0,1.0,0.92,0.92,0.16199999999999998,0.16199999999999998,0.29,0.29,0.4,0.32,0.11999999999999994,0.10499999999999993,1.0,0.36,0.845,0.73,0.52,0.84,0.85,0.52,0.52,0.63,0.42,0.62,0.42,0.52,0.5,0.358,-0.091,0.04
0.63,0.63,1.0,1.0,0.92,0.92,0.16199999999999998,0.16199999999999998,0.28,0.28,0.39,0.33,0.11999999999999994,0.10499999999999993,1.0,0.36,0.835,0.73,0.51,0.83,0.84,0.51,0.51,0.63,0.41,0.62,0.42,0.5,0.5,0.344,-0.086,0.025
0.62,0.62,1.0,1.0,0.93,0.93,0.16199999999999998,0.16199999999999998,0.32,0.32,0.64,0.1,0.13499999999999995,0.10499999999999993,1.0,0.36,0.8200000000000001,0.73,0.51,0.81,0.83,0.51,0.51,0.64,0.41,0.62,0.42,0.43,0.31,0.318,-0.082,0.011
0.61,0.61,1.0,1.0,0.94,0.94,0.16199999999999998,0.16199999999999998,0.36,0.36,0.69,0.04,0.14999999999999997,0.10499999999999993,1.0,0.36,0.79,0.74,0.55,0.78,0.8,0.55,0.55,0.65,0.4,0.62,0.42,0.24,0.28,0.295,-0.075,0.009
0.59,0.59,1.0,1.0,0.95,0.95,0.16199999999999998,0.16199999999999998,0.36,0.36,0.66,0.08,0.18,0.11999999999999994,1.0,0.36,0.785,0.73,0.54,0.77,0.8,0.54,0.54,0.67,0.4,0.63,0.41,0.15,0.28,0.3,-0.061,0.008
0.59,0.59,1.0,1.0,0.95,0.95,0.23011324882507322,0.22944184720516203,0.27,0.27,0.36,0.37,0.2549999999999999,0.195,1.0,0.35,0.805,0.73,0.47,0.8,0.81,0.47,0.47,0.72,0.38,0.68,0.39,0.13,0.29,0.265,-0.034,0.008
0.57,0.57,1.0,1.0,0.97,0.97,0.16199999999999998,0.16199999999999998,0.36,0.36,0.36,0.37,0.2549999999999999,0.20999999999999985,1.0,0.31,0.875,0.7,0.42,0.87,0.88,0.42,0.42,0.72,0.37,0.69,0.39,0.08,0.37,0.228,-0.01,-0.009
0.56,0.56,1.0,1.0,0.97,0.97,0.16199999999999998,0.16199999999999998,0.38,0.38,0.34,0.38,0.23999999999999988,0.20999999999999985,1.0,0.28,0.905,0.67,0.39,0.9,0.91,0.39,0.39,0.71,0.38,0.69,0.39,0.06,0.39,0.215,-0.002,-0.012
0.56,0.56,1.0,1.0,0.97,0.97,0.16199999999999998,0.16199999999999998,0.39,0.39,0.34,0.38,0.23999999999999988,0.20999999999999985,1.0,0.27,0.94,0.67,0.33,0.94,0.94,0.33,0.33,0.71,0.38,0.69,0.39,0.05,0.39,0.205,-0.007,-0.023
0.56,0.56,1.0,1.0,0.98,0.98,0.16199999999999998,0.16199999999999998,0.4,0.4,0.33,0.39,0.22499999999999987,0.20999999999999985,1.0,0.24,0.97,0.64,0.28,0.97,0.97,0.28,0.28,0.7,0.38,0.69,0.39,0.03,0.45,0.199,-0.014,-0.028
0.5,0.5,0.93,0.93,1.0,1.0,0.16199999999999998,0.16199999999999998,0.4,0.4,0.33,0.39,0.22499999999999987,0.20999999999999985,1.0,0.23,0.98,0.64,0.27,0.98,0.98,0.27,0.27,0.7,0.38,0.69,0.39,0.02,0.49,0.197,-0.027,-0.028
0.5,0.5,0.94,0.94,1.0,1.0,0.16199999999999998,0.16199999999999998,0.4,0.4,0.33,0.39,0.22499999999999987,0.20999999999999985,1.0,0.23,0.98,0.63,0.26,0.98,0.98,0.26,0.26,0.7,0.38,0.69,0.39,0.02,0.53,0.208,-0.048,-0.021
0.51,0.51,0.95,0.95,1.0,1.0,0.16199999999999998,0.16199999999999998,0.39,0.39,0.33,0.39,0.23999999999999988,0.20999999999999985,1.0,0.22,0.99,0.63,0.26,0.99,0.99,0.26,0.26,0.71,0.38,0.69,0.39,0.02,0.55,0.237,-0.08,-0.015
0.51,0.51,0.96,0.96,1.0,1.0,0.16199999999999998,0.16199999999999998,0.37,0.37,0.34,0.39,0.2549999999999999,0.22499999999999987,1.0,0.22,0.99,0.63,0.25,0.99,0.99,0.25,0.25,0.72,0.38,0.7,0.38,0.01,0.57,0.253,-0.092,-0.017
0.51,0.51,0.96,0.96,1.0,1.0,0.16199999999999998,0.16199999999999998,0.36,0.36,0.33,0.39,0.2549999999999999,0.22499999999999987,1.0,0.22,0.99,0.63,0.25,0.99,0.99,0.25,0.25,0.72,0.37,0.7,0.38,0.01,0.59,0.279,-0.098,-0.033
0.51,0.51,0.95,0.95,1.0,1.0,0.16199999999999998,0.16199999999999998,0.35,0.35,0.33,0.4,0.2549999999999999,0.22499999999999987,1.0,0.22,0.99,0.63,0.25,0.99,0.99,0.25,0.25,0.72,0.37,0.7,0.38,0.01,0.59,0.298,-0.125,-0.03
0.51,0.51,0.94,0.94,1.0,1.0,0.16199999999999998,0.16199999999999998,0.34,0.34,0.33,0.39,0.23999999999999988,0.22499999999999987,1.0,0.22,0.99,0.63,0.26,0.99,0.99,0.26,0.26,0.71,0.38,0.7,0.39,0.01,0.59,0.309,-0.121,-0.026
0.51,0.51,0.94,0.94,1.0,1.0,0.16199999999999998,0.16199999999999998,0.33,0.33,0.33,0.39,0.2549999999999999,0.20999999999999985,1.0,0.22,0.99,0.63,0.26,0.99,0.99,0.26,0.26,0.72,0.38,0.69,0.39,0.01,0.59,0.299,-0.121,-0.028
0.51,0.51,0.94,0.94,1.0,1.0,0.16199999999999998,0.16199999999999998,0.33,0.33,0.33,0.39,0.23999999999999988,0.20999999999999985,1.0,0.22,0.99,0.63,0.25,0.99,0.99,0.25,0.25,0.71,0.38,0.69,0.39,0.01,0.6,0.3,-0.126,-0.027
0.5,0.5,0.94,0.94,1.0,1.0,0.16199999999999998,0.16199999999999998,0.33,0.33,0.33,0.4,0.23999999999999988,0.22499999999999987,1.0,0.22,0.99,0.63,0.26,0.99,0.99,0.26,0.26,0.71,0.38,0.7,0.39,0.01,0.59,0.299,-0.136,-0.024
0.5,0.5,0.93,0.93,1.0,1.0,0.16199999999999998,0.16199999999999998,0.33,0.33,0.33,0.4,0.2549999999999999,0.22499999999999987,1.0,0.22,0.99,0.63,0.26,0.99,0.99,0.26,0.26,0.72,0.37,0.7,0.38,0.01,0.59,0.296,-0.138,-0.022
0.5,0.5,0.93,0.93,1.0,1.0,0.16199999999999998,0.16199999999999998,0.34,0.34,0.32,0.4,0.23999999999999988,0.22499999999999987,1.0,0.22,0.99,0.63,0.26,0.99,0.99,0.26,0.26,0.71,0.38,0.7,0.39,0.01,0.59,0.292,-0.14,-0.023
0.5,0.5,0.92,0.92,1.0,1.0,0.16199999999999998,0.16199999999999998,0.34,0.34,0.32,0.4,0.22499999999999987,0.20999999999999985,1.0,0.22,0.99,0.63,0.25,0.99,0.99,0.25,0.25,0.7,0.38,0.69,0.39,0.01,0.6,0.285,-0.143,-0.021
0.5,0.5,0.92,0.92,1.0,1.0,0.16199999999999998,0.16199999999999998,0.34,0.34,0.32,0.4,0.22499999999999987,0.20999999999999985,1.0,0.22,0.99,0.63,0.25,0.99,0.99,0.25,0.25,0.7,0.38,0.69,0.39,0.01,0.6,0.272,-0.141,-0.023
0.5,0.5,0.92,0.92,1.0,1.0,0.16199999999999998,0.16199999999999998,0.34,0.34,0.32,0.4,0.22499999999999987,0.20999999999999985,1.0,0.22,0.99,0.63,0.25,0.99,0.99,0.25,0.25,0.7,0.38,0.69,0.39,0.01,0.6,0.251,-0.13,-0.037
