YAML 文件验证通过
init data completed...
[0.4642857142857143, 0.5, 0.3333333333333333, 0.42424242424242425, 0.6153846153846154, 0.5869565217391305, 0.0, 0.0, 0.4356102989007137, 0.43560465184498015, 0.4722406296611516, 0.5217727569224907, 0.0564693207187312, 0.0564693207187312, 0.9379033055156469, 0.0, 0.0, 0.0, 0.05281371399760246, 0.48577104415744543, 0.48674098774790764, 0.0, -0.0, 0.0, 0.5, 0.0, 0.6976744186046512, 0.01573427952826023, 0.0]
[0.4642857142857143, 0.5, 0.3333333333333333, 0.42424242424242425, 0.6153846153846154, 0.5869565217391305, 0.0, 0.0, 0.4381082235741114, 0.4381012886933569, 0.47245309229790594, 0.521759707722057, 0.056044227842773714, 0.056044227842773714, 0.9375040233135223, 0.0, 0.0, 0.0, 0.049081592634320256, 0.4858205933123827, 0.4868869399651885, 0.0, -0.0, 0.0, 0.5, 0.0, 0.6976744186046512, 0.015372488647699356, 0.0]
[0.4642857142857143, 0.5, 0.3333333333333333, 0.42424242424242425, 0.6153846153846154, 0.5869565217391305, 0.04020019248127937, 0.03920798376202583, 0.43507940728167505, 0.4350723470374229, 0.47266498794975065, 0.5213955723482103, 0.057882097150598256, 0.057882097150598256, 0.9368232972919941, 0.0, 0.0, 0.0, 0.05235252343118191, 0.4853982701897621, 0.4864696506410837, 0.0, -0.0, 0.0, 0.5, 0.0, 0.6976744186046512, 0.01598542369902134, 0.00010484305676072836]
[0.4642857142857143, 0.5, 0.3333333333333333, 0.42424242424242425, 0.6153846153846154, 0.5869565217391305, 0.1590307205915451, 0.15829148888587952, 0.38547650167636616, 0.38546815930543393, 0.4698193505206938, 0.5249322874545544, 0.06617888276066099, 0.06617888276066099, 0.9194884561002254, 0.0, 0.0, 0.0, 0.0682201236486435, 0.47850808687508106, 0.4806586466729641, 0.10113853961229324, -0.0, 0.0, 0.5, 0.0, 0.6976744186046512, 0.017147397622466087, 0.00041139195673167706]
[0.4642857142857143, 0.5, 0.3333333333333333, 0.42424242424242425, 0.6153846153846154, 0.5869565217391305, 0.06430142372846603, 0.06371405720710754, 0.41615110328047045, 0.4161435016938423, 0.47906287558675953, 0.5148167752120458, 0.06287796955023493, 0.06287796955023493, 0.9270724691450596, 0.0, 0.0, 0.0, 0.05635542348027229, 0.4818057455122471, 0.48264250718057156, 0.0, -0.0, 0.0, 0.5, 0.0, 0.6976744186046512, 0.01705949380993843, 0.0007149323937483132]
[0.4642857142857143, 0.5, 0.3333333333333333, 0.42424242424242425, 0.6153846153846154, 0.5869565217391305, 0.42650067806243896, 0.4256446361541748, 0.3039012885230449, 0.30389091754278763, 0.4839033867387425, 0.5117025322434957, 0.07510763459971974, 0.07510763459971974, 0.8729131892323494, 0.0, 0.0, 0.0, 0.09286738336086273, 0.4699987415224314, 0.4718848243355751, 0.13585862517356873, 0.13585862517356873, 0.0, 0.5, 0.0, 0.6976744186046512, 0.01793593354523182, 0.003428783966228366]
[0.4642857142857143, 0.5, 0.3333333333333333, 0.42424242424242425, 0.6153846153846154, 0.5869565217391305, 0.28592991828918457, 0.2853240668773651, 0.32628800672965114, 0.3262781713934291, 0.49106274579382764, 0.5041019542216748, 0.08092744275927544, 0.08092744275927544, 0.8817980587482452, 0.0, 0.0, 0.0, 0.09396969079971312, 0.46530603989958763, 0.4669516198337078, 0.13691259920597076, 0.13691259920597076, 0.0, 0.5, 0.0, 0.6976744186046512, 0.01897551864385605, 0.005445816786959767]
[0.4642857142857143, 0.5, 0.3333333333333333, 0.42424242424242425, 0.6153846153846154, 0.5869565217391305, 0.07119252532720566, 0.07048191130161285, 0.4018757680634012, 0.4018676992128274, 0.5137226659640756, 0.48007497431392604, 0.06668707888041224, 0.06668707888041224, 0.9157421328127384, 0.0, 0.0, 0.0, 0.06024459898471832, 0.4795202389359474, 0.4802204519510269, 0.0, -0.0, 0.0, 0.5, 0.0, 0.6976744186046512, 0.017796501517295837, 0.007383005577139556]
[0.4642857142857143, 0.5, 0.3333333333333333, 0.42424242424242425, 0.6153846153846154, 0.5869565217391305, 0.03502541780471802, 0.034296322613954544, 0.4237601376400395, 0.4237526785119314, 0.5334645833385606, 0.4603199322359917, 0.06337037043912071, 0.06337037043912071, 0.9159605130553246, 0.0, 0.0, 0.0, 0.05620039030909538, 0.4809710904955864, 0.48186088539659977, 0.0, -0.0, 0.0, 0.5, 0.0, 0.6976744186046512, 0.016445333138108253, 0.008924791472963989]
[0.4642857142857143, 0.5, 0.3333333333333333, 0.42424242424242425, 0.6153846153846154, 0.5869565217391305, 0.20301967859268188, 0.20262809097766876, 0.3953248870988193, 0.3953166928847479, 0.5370766419069717, 0.45710608511941564, 0.07466406428388188, 0.07466406428388188, 0.900492712855339, 0.0, 0.0, 0.0, 0.11336617320775985, 0.4747589435428381, 0.47665308974683285, 0.16506947576999664, 0.16506947576999664, 0.0, 0.5, 0.0, 0.6976744186046512, 0.016826700419187546, 0.016944354865700006]
[0.4642857142857143, 0.5, 0.3333333333333333, 0.42424242424242425, 0.6153846153846154, 0.5869565217391305, 0.31026241183280945, 0.310095876455307, 0.3582876663135069, 0.35827851477818096, 0.5232976863078815, 0.4711324997152876, 0.10219274354832514, 0.10219274354832514, 0.8630714640021324, 0.0, 0.0, 0.0, 0.12546491995453835, 0.4588770978152752, 0.4619274213910103, 0.181477352976799, 0.181477352976799, 0.0, 0.5, 0.0, 0.6976744186046512, 0.019811825826764107, 0.0243280827999115]
[0.4642857142857143, 0.5, 0.3333333333333333, 0.42424242424242425, 0.6153846153846154, 0.5869565217391305, 0.1469801366329193, 0.1468082070350647, 0.43301826043065145, 0.43300453312766257, 0.5137817463614972, 0.4796219163318842, 0.10250880249908993, 0.10250880249908993, 0.8797794431447983, 0.0, 0.0, 0.0, 0.11046684011816978, 0.4690255504101515, 0.46996282041072845, 0.16279521584510803, 0.16279521584510803, 0.0, 0.5, 0.0, 0.6976744186046512, 0.0223385039716959, 0.03041831310838461]
[0.4642857142857143, 0.5, 0.3333333333333333, 0.42424242424242425, 0.6153846153846154, 0.5869565217391305, 0.02781900390982628, 0.027578627690672874, 0.46429634196808417, 0.4642837742774482, 0.493628549815136, 0.499573978543003, 0.1007672558937754, 0.1007672558937754, 0.887513030320406, 0.0, 0.0, 0.0, 0.10947017073631286, 0.47104891389608383, 0.471977137029171, 0.16211916506290436, 0.16211916506290436, 0.0, 0.5, 0.0, 0.6976744186046512, 0.02588086761534214, 0.042087421752512455]
[0.4642857142857143, 0.5, 0.3333333333333333, 0.42424242424242425, 0.6153846153846154, 0.5869565217391305, 0.017805054783821106, 0.017609676346182823, 0.4650055033299025, 0.4649929527342889, 0.4859979002243246, 0.5071180860074889, 0.09906513350350517, 0.09906513350350517, 0.8921177722513676, 0.0, 0.0, 0.0, 0.10917155742645263, 0.4717241581529379, 0.4727104362100363, 0.1624714583158493, 0.1624714583158493, 0.0, 0.5, 0.0, 0.6976744186046512, 0.027260541915893555, 0.04687995184212923]
[0.4642857142857143, 0.5, 0.3333333333333333, 0.42424242424242425, 0.6153846153846154, 0.5869565217391305, 0.015246300958096981, 0.015049086883664131, 0.47220061591204904, 0.4721883616301571, 0.45363694873868166, 0.5396198819581176, 0.09600343448775156, 0.09600343448775156, 0.8989213965833187, 0.0, 0.0, 0.0, 0.1056013822555542, 0.4727059341967106, 0.47365960106253624, 0.15760953724384308, 0.15760953724384308, 0.0, 0.5, 0.0, 0.6976744186046512, 0.027883587405085564, 0.05022256635129452]
[0.4642857142857143, 0.5, 0.3333333333333333, 0.42424242424242425, 0.6153846153846154, 0.5869565217391305, 0.2414979338645935, 0.24054038524627686, 0.42187395834330166, 0.4218599746149767, 0.43166400985097797, 0.5622545506433998, 0.09324254734175547, 0.09324254734175547, 0.9047721028327942, 0.0, 0.0, 0.0, 0.11025467738509177, 0.4728188831359148, 0.47400561161339283, 0.16142477095127106, 0.16142477095127106, 0.0, 0.5, 0.0, 0.6976744186046512, 0.028165802359580994, 0.04667423665523529]
[0.4642857142857143, 0.5, 0.3333333333333333, 0.42424242424242425, 0.6153846153846154, 0.5869565217391305, 0.27647843956947327, 0.275067538022995, 0.4062107181457899, 0.4061963298352681, 0.41135101473354246, 0.5834377935187488, 0.10576345026493073, 0.10576345026493073, 0.8961373120546341, 0.0, 0.0, 0.0, 0.127364631742239, 0.46183329448103905, 0.46487982198596, 0.18543018400669098, 0.18543018400669098, 0.0755087360739708, 0.4697965055704117, 0.0, 0.6976744186046512, 0.03052971139550209, 0.03047705627977848]
[0.4642857142857143, 0.5, 0.3333333333333333, 0.42424242424242425, 0.6153846153846154, 0.5869565217391305, 0.07731400430202484, 0.0766817107796669, 0.46164323153049036, 0.46163078350501124, 0.3548488657971413, 0.6407265300225979, 0.10357767343521118, 0.10357767343521118, 0.9066185653209686, 0.0, 0.0, 0.0, 0.09496390894055366, 0.47031936049461365, 0.4716034010052681, 0.139216348528862, 0.139216348528862, 0.07452502101659775, 0.4701899915933609, 0.0, 0.6976744186046512, 0.03195470571517944, 0.01228701788932085]
[0.4642857142857143, 0.5, 0.3333333333333333, 0.42424242424242425, 0.6153846153846154, 0.5869565217391305, 0.053462885320186615, 0.05299586057662964, 0.45687413341000704, 0.4568614944901111, 0.3294960472369513, 0.6667320536331232, 0.09736711159348488, 0.09736711159348488, 0.9152580872178078, 0.0, 0.0, 0.0, 0.09478271007537842, 0.47423455864191055, 0.4750462993979454, 0.1387675255537033, 0.1387675255537033, 0.07212391495704651, 0.4711504340171814, 0.0, 0.6976744186046512, 0.032357357442379, 0.0]
[0.4642857142857143, 0.5, 0.3333333333333333, 0.42424242424242425, 0.6153846153846154, 0.5869565217391305, 0.06808960437774658, 0.06743769347667694, 0.45339993764975783, 0.45338716766802345, 0.3351066107959638, 0.6609106856545294, 0.0967924190419061, 0.0967924190419061, 0.9158250577747822, 0.0, 0.0, 0.0, 0.09434190914034843, 0.474592050537467, 0.4754329137504101, 0.13819055259227753, 0.13819055259227753, 0.07172277569770813, 0.4713108897209167, 0.0, 0.6976744186046512, 0.032404713332653046, 0.0]
[0.4642857142857143, 0.5, 0.3333333333333333, 0.42424242424242425, 0.6153846153846154, 0.5869565217391305, 0.13956063985824585, 0.13961729407310486, 0.39224344093074764, 0.3922300270365028, 0.7093201385629336, 0.2959718571515607, 0.12670840535845077, 0.12670840535845077, 0.9037127047777176, 0.0, 0.0, 0.0, 0.09754700064659118, 0.4758499953895807, 0.47805281914770603, 0.15089428424835205, 0.15089428424835205, 0.0726766511797905, 0.4709293395280838, 0.0, 0.6976744186046512, 0.04205463454127312, 0.0]
[0.4642857142857143, 0.5, 0.3333333333333333, 0.42424242424242425, 0.6153846153846154, 0.5869565217391305, 0.013139926828444004, 0.013137049041688442, 0.42331841935619113, 0.42331865298816396, 0.6797454990802714, 0.324312691884054, 0.12499439929212844, 0.12499439929212844, 0.9009455069899559, 0.0, 0.0, 0.0, 0.08081766664981842, 0.4807695299386978, 0.48268250934779644, 0.1265937238931656, 0.1265937238931656, 0.07125438004732132, 0.4714982479810715, 0.0, 0.6976744186046512, 0.043368156999349594, 0.0]
[0.4642857142857143, 0.5, 0.3333333333333333, 0.42424242424242425, 0.6153846153846154, 0.5869565217391305, 0.00489687779918313, 0.0048818266950547695, 0.42754867952138925, 0.4275490328185189, 0.6639395895241323, 0.3394559869752053, 0.12321108153888158, 0.12321108153888158, 0.8994767926633358, 0.0, 0.0, 0.0, 0.07918590418994426, 0.4819314908236265, 0.4837289433926344, 0.12367469072341919, 0.12367469072341919, 0.0, 0.5, 0.0, 0.6976744186046512, 0.045372724533081055, 0.0]
[0.4642857142857143, 0.5, 0.3333333333333333, 0.42424242424242425, 0.6153846153846154, 0.5869565217391305, 0.0, 0.0, 0.42150638686995207, 0.4215065806135393, 0.7001430746702118, 0.30512232118942495, 0.12232020497322084, 0.12232020497322084, 0.9004613272845745, 0.0, 0.0, 0.0, 0.08023017980158328, 0.4826867077499628, 0.4844659250229597, 0.12523043155670166, 0.12523043155670166, 0.0, 0.5, 0.0, 0.6976744186046512, 0.04689769074320793, 0.0]
[0.4642857142857143, 0.5, 0.3333333333333333, 0.42424242424242425, 0.6153846153846154, 0.5869565217391305, 0.7815164923667908, 0.7608227729797363, 0.32288494620678754, 0.32288230217665603, 0.3652861177579395, 0.6332023382592105, 0.13188867164509638, 0.13188867164509638, 0.8978435769677162, 0.0, 0.0, 0.0, 0.11921035423874854, 0.4691932275891304, 0.47440438345074654, 0.17874298989772797, 0.17874298989772797, 0.0695524513721466, 0.4721790194511414, 0.0, 0.6976744186046512, 0.04805897921323776, 0.0]
[0.4642857142857143, 0.5, 0.3333333333333333, 0.42424242424242425, 0.6153846153846154, 0.5869565217391305, 0.24565431475639343, 0.2447809875011444, 0.3951250234935753, 0.3951244536594952, 0.34059301890561045, 0.6562615917421386, 0.12053122477872032, 0.12053122477872032, 0.8927640952169895, 0.0, 0.0, 0.0, 0.11677814424037933, 0.46697337180376053, 0.4717563986778259, 0.17053891718387604, 0.17053891718387604, 0.07205364108085632, 0.4711785435676575, 0.0, 0.6976744186046512, 0.045921988785266876, 0.0]
[0.4642857142857143, 0.5, 0.3333333333333333, 0.42424242424242425, 0.6153846153846154, 0.5869565217391305, 0.05379403382539749, 0.05319364368915558, 0.4463582073069439, 0.44635917032653927, 0.4282400193223534, 0.5661229896734089, 0.08146895095705986, 0.08146895095705986, 0.9161330573260784, 0.0, 0.0, 0.0, 0.07486360743641852, 0.4742018710821867, 0.47561925277113914, 0.11208155006170273, 0.11208155006170273, 0.06466130912303925, 0.4741354763507843, 0.0, 0.6976744186046512, 0.029514841735363007, 0.0]
[0.4642857142857143, 0.5, 0.3333333333333333, 0.42424242424242425, 0.6153846153846154, 0.5869565217391305, 0.11953073740005493, 0.11891023814678192, 0.4261508138412271, 0.42615116144001597, 0.44522589570477633, 0.5492548481348545, 0.07928630869303431, 0.07928630869303431, 0.9114755690097809, 0.0, 0.0, 0.0, 0.08858493752777576, 0.47371443174779415, 0.4753606151789427, 0.13130635023117065, 0.13130635023117065, 0.06208637356758118, 0.47516545057296755, 0.0, 0.6976744186046512, 0.02756902202963829, 0.0]
[0.4642857142857143, 0.5, 0.3333333333333333, 0.42424242424242425, 0.6153846153846154, 0.5869565217391305, 0.25905993580818176, 0.258747398853302, 0.37079754158370126, 0.3707962765520435, 0.4603818724533796, 0.5349098229220852, 0.1476213016680309, 0.1476213016680309, 0.8007804751396179, 0.0, 0.0, 0.0, 0.15145765021443366, 0.4362640529870987, 0.43887439742684364, 0.21715080738067627, 0.21715080738067627, 0.06166381016373634, 0.47533447593450545, 0.0, 0.6976744186046512, 0.02709648199379444, 0.01107886084355414]
[0.4642857142857143, 0.5, 0.3333333333333333, 0.42424242424242425, 0.6153846153846154, 0.5869565217391305, 0.15424489974975586, 0.1539173722267151, 0.40186701541193126, 0.40186665071812006, 0.4586296981880815, 0.5358303371687869, 0.1499079487153462, 0.1499079487153462, 0.8005859404802322, 0.0, 0.0, 0.0, 0.15265370979905127, 0.4355292171239853, 0.4378516264259815, 0.21909326314926147, 0.21909326314926147, 0.060090918093919754, 0.4759636327624321, 0.0, 0.6976744186046512, 0.026622530072927475, 0.020100318361073732]
[0.4642857142857143, 0.5, 0.3333333333333333, 0.42424242424242425, 0.6153846153846154, 0.5869565217391305, 0.051319412887096405, 0.05093258619308472, 0.41824897023961377, 0.41824908420642976, 0.4648861886210469, 0.5288098602125745, 0.1489156378167016, 0.1489156378167016, 0.8170197084546089, 0.0, 0.0, 0.0, 0.19973772615194318, 0.41716228425502777, 0.419159360229969, 0.29107192158699036, 0.29107192158699036, 0.05263088271021843, 0.47894764691591263, 0.0, 0.6976744186046512, 0.025446176528930664, 0.03566797822713852]
[0.4642857142857143, 0.5, 0.3333333333333333, 0.42424242424242425, 0.6153846153846154, 0.5869565217391305, 0.009577923454344273, 0.00957566313445568, 0.4192558784557802, 0.4192560209143002, 0.4685356425509626, 0.5251824759565799, 0.15053069485085352, 0.15053069485085352, 0.8322989791631699, 0.0, 0.0, 0.0, 0.2040057227015495, 0.41512902826070786, 0.41693468391895294, 0.29894164204597473, 0.29894164204597473, 0.0483965240418911, 0.48064139038324355, 0.0, 0.6976744186046512, 0.02639482542872429, 0.04525684751570225]
[0.0, 0.0, 1.0, 1.0, 0.6153846153846154, 0.5869565217391305, 0.14077232778072357, 0.14069870114326477, 0.42362528070664995, 0.4236228418167873, 0.5107729483402937, 0.4809624054185241, 0.3190310938017709, 0.3190310938017709, 0.8181571811437607, 0.0, 0.0, 0.0, 0.1786695495247841, 0.3961836025118828, 0.40227918326854706, 0.2584139108657837, 0.2584139108657837, 0.04738560691475868, 0.48104575723409654, 0.04703310877084732, 0.6235804322154023, 0.030278902500867844, 0.05637992173433304]
[0.0, 0.0, 1.0, 1.0, 0.6153846153846154, 0.5869565217391305, 0.0, 0.0, 0.5402650858202582, 0.5402660972757504, 0.6025782146599735, 0.3972055710929707, 0.3007510623761586, 0.3007510623761586, 0.863726831972599, 0.0, 0.0, 0.0, 0.19002563804388045, 0.4212663993239403, 0.4302041754126549, 0.2899415194988251, 0.2899415194988251, 0.0, 0.5, 0.0, 0.6976744186046512, 0.04090414196252823, 0.0624559260904789]
[0.0, 0.0, 1.0, 1.0, 0.6153846153846154, 0.5869565217391305, 0.0, 0.0, 0.5443840887304929, 0.5443852283986531, 0.606348122966905, 0.39388468064445337, 0.2928353526762554, 0.2928353526762554, 0.8664252087473869, 0.0, 0.0, 0.0, 0.19786774218082426, 0.4217221364378929, 0.43076858669519424, 0.30120596289634705, 0.30120596289634705, 0.0, 0.5, 0.0, 0.6976744186046512, 0.0436868779361248, 0.06324858404695988]
[0.0, 0.0, 1.0, 1.0, 0.6153846153846154, 0.5869565217391305, 0.0, 0.0, 0.5385582845935858, 0.5385592504623515, 0.5979884632686812, 0.4020897899434803, 0.2886359819344112, 0.2886359819344112, 0.8717035874724388, 0.0, 0.0, 0.0, 0.24946171343326567, 0.39839718490839005, 0.40782542526721954, 0.3717716932296753, 0.3717716932296753, 0.0, 0.5, 0.0, 0.6976744186046512, 0.052972253412008286, 0.07027492858469486]
[0.0, 0.0, 1.0, 1.0, 0.6153846153846154, 0.5869565217391305, 0.0, 0.0, 0.5345186453248529, 0.5345195171709954, 0.5931353630572842, 0.4067342681998226, 0.303170382976532, 0.303170382976532, 0.8680519983172417, 0.0, 0.0, 0.0, 0.27337270379066464, 0.36219707131385803, 0.37251558899879456, 0.4033026695251465, 0.4033026695251465, 0.0, 0.5, 0.0, 0.6976744186046512, 0.05397621542215347, 0.07032114081084728]
[0.0, 0.0, 1.0, 1.0, 0.6153846153846154, 0.5869565217391305, 0.0, 0.0, 0.4877121078694528, 0.48771166339887034, 0.542132682827645, 0.4546930885173116, 0.35505510866642, 0.35505510866642, 0.7613655924797058, 0.0, 0.0, 0.0, 0.4278431326150894, 0.24205082654953003, 0.256948783993721, 0.6259610652923584, 0.6259610652923584, 0.05027870833873749, 0.479888516664505, 0.05050063505768776, 0.6132303958022317, 0.06313775479793549, 0.0]
[0.4642857142857143, 0.5, 0.3333333333333333, 0.42424242424242425, 0.6153846153846154, 0.5869565217391305, 0.0, 0.0, 0.46223976233721237, 0.4622385514397922, 0.5165975971386036, 0.47734903623172886, 0.4130905866622925, 0.4130905866622925, 0.6100601851940155, 0.0, 0.0, 0.0, 0.47198518514633175, 0.1813209354877472, 0.19161391258239746, 0.6819213628768921, 0.6819213628768921, 0.05762755498290062, 0.4769489780068398, 0.057934150099754333, 0.5701147227786308, 0.06800426542758942, 0.0]
[0.4642857142857143, 0.5, 0.3333333333333333, 0.42424242424242425, 0.6153846153846154, 0.5869565217391305, 0.0, 0.0, 0.47601879486390325, 0.47601798854868, 0.524517524424748, 0.4696831723193543, 0.39512065904481075, 0.39512065904481075, 0.6288118064403534, 0.0, 0.0, 0.0, 0.48268953561782835, 0.20057564973831177, 0.21078258752822876, 0.69834965467453, 0.69834965467453, 0.06387827545404434, 0.4744486898183823, 0.06452623754739761, 0.557364436776139, 0.06907478719949722, 0.0]
[0.4642857142857143, 0.5, 0.3333333333333333, 0.42424242424242425, 0.6153846153846154, 0.5869565217391305, 0.0, 0.0, 0.4936359704794437, 0.4936356834255259, 0.5219437434386113, 0.4717396636259437, 0.40229548301015583, 0.40229548301015583, 0.5840791612863541, 0.0, 0.0, 0.0, 0.48316509723663326, 0.19669660925865173, 0.2014555037021637, 0.6971367597579956, 0.6971367597579956, 0.06827831268310547, 0.4726886749267578, 0.06984227895736694, 0.5347462206385857, 0.06696124374866486, 0.0]
[0.4642857142857143, 0.5, 0.3333333333333333, 0.42424242424242425, 0.6153846153846154, 0.5869565217391305, 0.8456703424453735, 0.8441963791847229, 0.32354122411680497, 0.32353223213502147, 0.459154760404481, 0.5385289175168, 0.5096123686858586, 0.5096123686858586, 0.3413792550563812, 0.0, 0.0, 0.0, 0.48275247514247893, 0.14557301998138428, 0.1485505998134613, 0.6946681141853333, 0.6946681141853333, 0.11515508592128754, 0.453937965631485, 0.1263740211725235, 0.4966136189394219, 0.0673505887389183, 0.0]
[0.4642857142857143, 0.5, 0.3333333333333333, 0.42424242424242425, 0.6153846153846154, 0.5869565217391305, 0.1748097985982895, 0.1745796948671341, 0.4132055967305404, 0.4131992430805476, 0.45982019839733557, 0.5356049734884598, 0.3207524440118245, 0.3207524440118245, 0.2793867886066437, 0.0, 0.0, 0.0, 0.522349801659584, 0.12973937392234802, 0.12613889575004578, 0.7487049698829651, 0.7487049698829651, 0.12291786819696426, 0.4508328527212143, 0.13406968116760254, 0.5272658099961836, 0.06628135591745377, 0.04451441578567028]
[0.4642857142857143, 0.5, 0.3333333333333333, 0.42424242424242425, 0.6153846153846154, 0.5869565217391305, 0.0991835743188858, 0.09891834855079651, 0.4339328270341425, 0.4339271002016377, 0.46404220736505425, 0.5307422046173093, 0.2871496549674443, 0.2871496549674443, 0.2809548079967499, 0.0, 0.0, 0.0, 0.5144285380840301, 0.1363404095172882, 0.13449206948280334, 0.7405373454093933, 0.7405373454093933, 0.11522835493087769, 0.4539086580276489, 0.12527896463871002, 0.5405251751112383, 0.06353122740983963, 0.05329415202140808]
[0.4642857142857143, 0.5, 0.3333333333333333, 0.42424242424242425, 0.6153846153846154, 0.5869565217391305, 0.058617014437913895, 0.057722464203834534, 0.4470856119068357, 0.4470803409415951, 0.4718322922577138, 0.5228831669517908, 0.3075936010905675, 0.3075936010905675, 0.3211568593978882, 0.0, 0.0, 0.0, 0.4783980906009674, 0.17451822757720947, 0.18509072065353394, 0.6966391801834106, 0.6966391801834106, 0.10985629260540009, 0.45605748295784, 0.11785975843667984, 0.5279635793940965, 0.06137463450431824, 0.05747339688241482]
[0.4642857142857143, 0.5, 0.3333333333333333, 0.42424242424242425, 0.6153846153846154, 0.5869565217391305, 0.1561938226222992, 0.15558990836143494, 0.44525108237111544, 0.445245805707534, 0.47885496734889016, 0.5162834398098652, 0.3255685844591686, 0.3255685844591686, 0.3451228439807892, 0.0, 0.0, 0.0, 0.43032702207565304, 0.208644837141037, 0.20806917548179626, 0.6222992539405823, 0.6222992539405823, 0.10688550025224686, 0.45724579989910125, 0.11341431736946106, 0.5096075701159101, 0.05785996839404106, 0.06639122497290373]
[0.4642857142857143, 0.5, 0.3333333333333333, 0.42424242424242425, 0.6153846153846154, 0.5869565217391305, 0.16056790947914124, 0.16004665195941925, 0.4368066313617772, 0.4368010640828149, 0.47844138747191567, 0.5169682607089534, 0.29496474989822935, 0.29496474989822935, 0.36299532651901245, 0.0, 0.0, 0.0, 0.3671424567699432, 0.23852959275245667, 0.23623549938201904, 0.5309079885482788, 0.5309079885482788, 0.10654955357313156, 0.45738017857074736, 0.1120847761631012, 0.5221433833588002, 0.051750242710113525, 0.07094597443938255]
[0.4642857142857143, 0.5, 0.3333333333333333, 0.42424242424242425, 0.6153846153846154, 0.5869565217391305, 0.04517333582043648, 0.04496065899729729, 0.4679267349480215, 0.46792222186210736, 0.48242539383941124, 0.5128226550946906, 0.33324538597038816, 0.33324538597038816, 0.4371635317802429, 0.0, 0.0, 0.0, 0.34768818765878673, 0.2587893009185791, 0.2496124804019928, 0.4990762770175934, 0.4990762770175934, 0.10014809668064117, 0.45994076132774353, 0.10372181236743927, 0.5099207648011141, 0.04644434154033661, 0.07993130013346672]
[0.4642857142857143, 0.5, 0.3333333333333333, 0.42424242424242425, 0.6153846153846154, 0.5869565217391305, 0.0, 0.0, 0.48995398828335973, 0.4899502530209649, 0.6292520567746281, 0.3687148472040556, 0.38811032261167255, 0.38811032261167255, 0.4486536383628845, 0.0, 0.0, 0.0, 0.3537868544459343, 0.2615431547164917, 0.26168158650398254, 0.5201852321624756, 0.5201852321624756, 0.09416265040636063, 0.46233493983745577, 0.0962095856666565, 0.5105535789977673, 0.04361330345273018, 0.08486316539347172]
[0.4642857142857143, 0.5, 0.3333333333333333, 0.42424242424242425, 0.6153846153846154, 0.5869565217391305, 0.0, 0.0, 0.4960720791956891, 0.49606861567292115, 0.5994542132828021, 0.3986575653123987, 0.35913260919707163, 0.35913260919707163, 0.4900429844856262, 0.0, 0.0, 0.0, 0.36262362003326415, 0.2676515579223633, 0.2686163932085037, 0.5328130722045898, 0.5328130722045898, 0.09000831842422485, 0.4639966726303101, 0.09046751260757446, 0.5112286223921665, 0.04190116375684738, 0.08586055599153042]
[0.4642857142857143, 0.5, 0.3333333333333333, 0.42424242424242425, 0.6153846153846154, 0.5869565217391305, 0.0, 0.0, 0.4888235136838078, 0.4888198175975059, 0.6054316588159273, 0.39299858864994347, 0.312364005616733, 0.312364005616733, 0.5206563323736191, 0.0, 0.0, 0.0, 0.38280436396598816, 0.26795805990695953, 0.27095139026641846, 0.5619807243347168, 0.5619807243347168, 0.08458619564771652, 0.4661655217409134, 0.08365583419799805, 0.5187082845111226, 0.040327589958906174, 0.08349857293069363]
[0.4642857142857143, 0.5, 0.3333333333333333, 0.42424242424242425, 0.6153846153846154, 0.5869565217391305, 0.0, 0.0, 0.49247069540032923, 0.49245406906645794, 0.6111607820536393, 0.38758742143222935, 0.3525428899696895, 0.3525428899696895, 0.48761817812919617, 0.0, 0.0, 0.0, 0.3334767267107963, 0.28633612394332886, 0.28387032449245453, 0.489521861076355, 0.489521861076355, 0.08158232271671295, 0.4673670709133148, 0.08020339161157608, 0.4918891884559809, 0.04061157628893852, 0.08249287493526936]
[0.4642857142857143, 0.5, 0.3333333333333333, 0.42424242424242425, 0.6153846153846154, 0.5869565217391305, 0.0, 0.0, 0.4932206298151618, 0.4932040013444127, 0.6160673384000876, 0.3827474217063332, 0.3706318140029907, 0.3706318140029907, 0.5504748076200485, 0.0, 0.0, 0.0, 0.27844369560480114, 0.30437760055065155, 0.30524350702762604, 0.41024795174598694, 0.41024795174598694, 0.08109623938798904, 0.46756150424480436, 0.07967063784599304, 0.4876384901445966, 0.04074723646044731, 0.08283717557787895]
[0.4642857142857143, 0.5, 0.3333333333333333, 0.42424242424242425, 0.6153846153846154, 0.5869565217391305, 0.0, 0.0, 0.49108145558355415, 0.49106463123234007, 0.6207070186534758, 0.377750706211736, 0.3768556458609445, 0.3768556458609445, 0.47440633177757263, 0.0, 0.0, 0.0, 0.2830355063080787, 0.3187960535287857, 0.32010166347026825, 0.41934722661972046, 0.41934722661972046, 0.07951477915048599, 0.4681940883398056, 0.07767121493816376, 0.4868988034337066, 0.03943072631955147, 0.0826586689800024]
[0.4642857142857143, 0.5, 0.3333333333333333, 0.42424242424242425, 0.6153846153846154, 0.5869565217391305, 0.0, 0.0, 0.4922020791764469, 0.4921852006909952, 0.6319550533367617, 0.3665744250358126, 0.3756662564618247, 0.3756662564618247, 0.500480905175209, 0.0, 0.0, 0.0, 0.28848670125007625, 0.31921209394931793, 0.31988655030727386, 0.42648231983184814, 0.42648231983184814, 0.07911386340856552, 0.46835445463657377, 0.07671799510717392, 0.49036403035008636, 0.03873343765735626, 0.08326869457960129]
[0.4642857142857143, 0.5, 0.3333333333333333, 0.42424242424242425, 0.6153846153846154, 0.5869565217391305, 0.0, 0.0, 0.4941393551389984, 0.4941226892728878, 0.6453656197505973, 0.3541600083707117, 0.3614312836102077, 0.3614312836102077, 0.5018218755722046, 0.0, 0.0, 0.0, 0.3010372221469879, 0.31770047545433044, 0.31668321788311005, 0.44470247626304626, 0.44470247626304626, 0.07791886478662491, 0.46883245408535, 0.07525774091482162, 0.4945096234942592, 0.03858783096075058, 0.08288473822176456]
[0.4642857142857143, 0.5, 0.3333333333333333, 0.42424242424242425, 0.6153846153846154, 0.5869565217391305, 0.0, 0.0, 0.4829776784544009, 0.48296026147574356, 0.4936363451453513, 0.5012233177010411, 0.3111264854669571, 0.3111264854669571, 0.49102553725242615, 0.0, 0.0, 0.0, 0.3267398402094841, 0.3174494802951813, 0.3132260590791702, 0.46781983971595764, 0.46781983971595764, 0.07839203625917435, 0.4686431854963303, 0.07646894454956055, 0.5009215169174727, 0.039596863090991974, 0.0893318373709917]
[0.4642857142857143, 0.5, 0.3333333333333333, 0.42424242424242425, 0.6153846153846154, 0.5869565217391305, 0.0, 0.0, 0.47483414685065156, 0.4748165332792366, 0.5029867121426257, 0.49188517880890564, 0.3004355728626251, 0.3004355728626251, 0.48542508482933044, 0.0, 0.0, 0.0, 0.3577883541584015, 0.29738859832286835, 0.29304635524749756, 0.5135133862495422, 0.5135133862495422, 0.08039014786481857, 0.46784394085407255, 0.07951569557189941, 0.5026719389959824, 0.04110326990485191, 0.09535769000649452]
[0.4642857142857143, 0.5, 0.3333333333333333, 0.42424242424242425, 0.6153846153846154, 0.5869565217391305, 0.0, 0.0, 0.46759629956167015, 0.4675784979450087, 0.5140946180369157, 0.4807923726273718, 0.2923628155674253, 0.2923628155674253, 0.444099098443985, 0.0, 0.0, 0.0, 0.38252027034759517, 0.2761365473270416, 0.2705046683549881, 0.5489149689674377, 0.5489149689674377, 0.08267222344875336, 0.46693111062049864, 0.08277856558561325, 0.5086188953976298, 0.043593067675828934, 0.10466580279171467]
[0.4642857142857143, 0.5, 0.3333333333333333, 0.42424242424242425, 0.6153846153846154, 0.5869565217391305, 0.0, 0.0, 0.4608986264888917, 0.4608806197319614, 0.5661895049461672, 0.4292400817291636, 0.30651744987283436, 0.30651744987283436, 0.4675152897834778, 0.0, 0.0, 0.0, 0.4114532172679901, 0.2604503333568573, 0.259932279586792, 0.5889098644256592, 0.5889098644256592, 0.08685790002346039, 0.46525683999061584, 0.08647705614566803, 0.501740713452184, 0.047702427953481674, 0.13082756660878658]
[0.4642857142857143, 0.5, 0.3333333333333333, 0.42424242424242425, 0.6153846153846154, 0.5869565217391305, 0.0, 0.0, 0.4668330239064379, 0.4668152450831397, 0.6048931884036237, 0.391780465733658, 0.36767416766711647, 0.36767416766711647, 0.47880157828330994, 0.0, 0.0, 0.0, 0.423935917019844, 0.24710223078727722, 0.24980446696281433, 0.6022537350654602, 0.6022537350654602, 0.0975717306137085, 0.4609713077545166, 0.09433965384960175, 0.5020677974057752, 0.05472791567444801, 0.15484406612813473]
[0.4642857142857143, 0.5, 0.3333333333333333, 0.42424242424242425, 0.6153846153846154, 0.5869565217391305, 0.0, 0.0, 0.46529157143477956, 0.4652750063580719, 0.6044448885361505, 0.3922234091607786, 0.37210184548582353, 0.37210184548582353, 0.427655428647995, 0.0, 0.0, 0.0, 0.4828526735305786, 0.22348299622535706, 0.22121670842170715, 0.6856182813644409, 0.6856182813644409, 0.10539065301418304, 0.45784373879432677, 0.10061100125312805, 0.5028137010197307, 0.07274334132671356, 0.17841069027781487]
[0.4642857142857143, 0.5, 0.3333333333333333, 0.42424242424242425, 0.6153846153846154, 0.5869565217391305, 0.8293904662132263, 0.8284105658531189, 0.3411523794352894, 0.341134349884996, 0.5312171833692956, 0.46694571219205805, 0.5077471477644785, 0.5077471477644785, 0.5174231678247452, 0.0, 0.0, 0.0, 0.4362273573875427, 0.23210683465003967, 0.2232019007205963, 0.6196119785308838, 0.6196119785308838, 0.11576984077692032, 0.4536920636892319, 0.11520547419786453, 0.47532122495562534, 0.07693233340978622, 0.18211735412478447]
[0.4642857142857143, 0.5, 0.3333333333333333, 0.42424242424242425, 0.6153846153846154, 0.5869565217391305, 0.11650627851486206, 0.11652456223964691, 0.45652186198170736, 0.4565058353982054, 0.4577569602552381, 0.5397005918326336, 0.4590344854763576, 0.4590344854763576, 0.5305361896753311, 0.0, 0.0, 0.0, 0.4369927704334259, 0.2410103678703308, 0.23009124398231506, 0.6283237338066101, 0.6283237338066101, 0.12181409448385239, 0.45127436220645906, 0.1248323991894722, 0.47366748715555945, 0.07937825471162796, 0.1747307926416397]
[0.4642857142857143, 0.5, 0.3333333333333333, 0.42424242424242425, 0.6153846153846154, 0.5869565217391305, 0.0, 0.0, 0.5041518791313381, 0.5041367268870027, 0.4062390673912734, 0.5912248354974208, 0.381053558417729, 0.381053558417729, 0.5908448398113251, 0.0, 0.0, 0.0, 0.4682499527931213, 0.26655907928943634, 0.25126779079437256, 0.6743636131286621, 0.6743636131286621, 0.09804120659828186, 0.46078351736068723, 0.10161427408456802, 0.487656808176706, 0.07809370011091232, 0.1387000735849142]
[0.4642857142857143, 0.5, 0.3333333333333333, 0.42424242424242425, 0.6153846153846154, 0.5869565217391305, 0.0, 0.0, 0.5050015053061865, 0.504986379060531, 0.3728414908421883, 0.6251989901129141, 0.37649065256118774, 0.37649065256118774, 0.5577056705951691, 0.0, 0.0, 0.0, 0.469207689166069, 0.2636873424053192, 0.2494712769985199, 0.6753263473510742, 0.6753263473510742, 0.09209941327571869, 0.4631602346897125, 0.09584180265665054, 0.4868820032408071, 0.07742761820554733, 0.12226847931742668]
[0.4642857142857143, 0.5, 0.3333333333333333, 0.42424242424242425, 0.6153846153846154, 0.5869565217391305, 0.0, 0.0, 0.5072915648354172, 0.5072767384649463, 0.31586168418650873, 0.6845579110362967, 0.3508615174463817, 0.3508615174463817, 0.5725543349981308, 0.0, 0.0, 0.0, 0.4692393362522125, 0.25997380912303925, 0.24523580074310303, 0.6751952767372131, 0.6751952767372131, 0.08700116723775864, 0.46519953310489653, 0.09197700023651123, 0.4902659945709761, 0.0751781240105629, 0.0951510388404131]
[0.4642857142857143, 0.5, 0.3333333333333333, 0.42424242424242425, 0.6153846153846154, 0.5869565217391305, 0.0, 0.0, 0.4897333912651124, 0.48971854708732654, 0.24916418925298106, 0.7549410700063582, 0.3576387145689556, 0.3576387145689556, 0.5656004399061203, 0.0, 0.0, 0.0, 0.4742910414934158, 0.2519982159137726, 0.23721376061439514, 0.6820204854011536, 0.6820204854011536, 0.08209548890590668, 0.46716180443763733, 0.08867315202951431, 0.4910062634667685, 0.07261335849761963, 0.07046466693282127]
[0.4642857142857143, 0.5, 0.3333333333333333, 0.42424242424242425, 0.6153846153846154, 0.5869565217391305, 0.6690785884857178, 0.6693102717399597, 0.32136818464581873, 0.32135012090548043, 0.41943131897235236, 0.5795703267681389, 0.45705358896936693, 0.45705358896936693, 0.5623262077569962, 0.0, 0.0, 0.0, 0.4679209858179092, 0.21603193879127502, 0.20268011093139648, 0.6657260656356812, 0.6657260656356812, 0.09030229598283768, 0.4638790816068649, 0.10843293368816376, 0.4755440354347229, 0.07562321424484253, 0.062299277633428574]
[0.4642857142857143, 0.5, 0.3333333333333333, 0.42424242424242425, 0.6153846153846154, 0.5869565217391305, 0.1284656822681427, 0.12830334901809692, 0.4507244469786693, 0.4507080528521857, 0.40485953327346713, 0.5921596369090951, 0.34346261194774086, 0.34346261194774086, 0.4543047249317169, 0.0, 0.0, 0.0, 0.49151711165904993, 0.20538991689682007, 0.19125157594680786, 0.6990771889686584, 0.6990771889686584, 0.10221554338932037, 0.45911378264427183, 0.12309425324201584, 0.4824337363243103, 0.0797860249876976, 0.05767470691353083]
[0.4642857142857143, 0.5, 0.3333333333333333, 0.42424242424242425, 0.6153846153846154, 0.5869565217391305, 0.00764969177544117, 0.007586759049445391, 0.47088530494423714, 0.4708692042823048, 0.3957031429611702, 0.6010122629191583, 0.2652175511632647, 0.2652175511632647, 0.4118878245353699, 0.0, 0.0, 0.0, 0.5067840874195099, 0.19728854298591614, 0.1839333474636078, 0.7231094837188721, 0.7231094837188721, 0.09988532960414886, 0.4600458681583405, 0.11978085339069366, 0.5030555364697479, 0.07738600671291351, 0.053502446971833706]
[0.4642857142857143, 0.5, 0.3333333333333333, 0.42424242424242425, 0.6153846153846154, 0.5869565217391305, 0.0, 0.0, 0.4712761769331208, 0.4712593240902027, 0.39175262004421957, 0.6049372971577074, 0.26098839938640594, 0.26098839938640594, 0.425489217042923, 0.0, 0.0, 0.0, 0.5085639595985413, 0.19673621654510498, 0.18420928716659546, 0.7259578704833984, 0.7259578704833984, 0.09598524123430252, 0.461605903506279, 0.11461476981639862, 0.5065356506857761, 0.0754694938659668, 0.051361205987632275]
[0.4642857142857143, 0.5, 0.3333333333333333, 0.42424242424242425, 0.6153846153846154, 0.5869565217391305, 0.0, 0.0, 0.5031648973006592, 0.5031492151106293, 0.4925513069784664, 0.5049694867201968, 0.31420421387468067, 0.31420421387468067, 0.5777387171983719, 0.0, 0.0, 0.0, 0.5091161668300629, 0.21856769919395447, 0.21530303359031677, 0.7293498516082764, 0.7293498516082764, 0.09508088231086731, 0.4619676470756531, 0.11264980584383011, 0.4977573003879813, 0.07776210457086563, 0.03265575738623738]
[0.4642857142857143, 0.5, 0.3333333333333333, 0.42424242424242425, 0.6153846153846154, 0.5869565217391305, 0.0, 0.0, 0.5081416988748894, 0.508126285575316, 0.508106554358001, 0.4900514356442158, 0.3280677220651082, 0.3280677220651082, 0.6090936958789825, 0.0, 0.0, 0.0, 0.4896170139312744, 0.23651477694511414, 0.24195823073387146, 0.7116140723228455, 0.7116140723228455, 0.09161040186882019, 0.4633558392524719, 0.10636170208454132, 0.4963451693224352, 0.08112550526857376, 0.009237377671524882]
[0.4642857142857143, 0.5, 0.3333333333333333, 0.42424242424242425, 0.6153846153846154, 0.5869565217391305, 0.0, 0.0, 0.5040389914386131, 0.5040234545562737, 0.4976733152756386, 0.5003317666960442, 0.3286826078380857, 0.3286826078380857, 0.6281885653734207, 0.0, 0.0, 0.0, 0.4582453429698944, 0.2564399242401123, 0.2668793648481369, 0.6676220893859863, 0.6676220893859863, 0.0885888859629631, 0.46456444561481475, 0.10117147117853165, 0.5076345662738002, 0.08011424541473389, 0.020056404173374176]
[0.4642857142857143, 0.5, 0.3333333333333333, 0.42424242424242425, 0.6153846153846154, 0.5869565217391305, 0.0, 0.0, 0.5135719120844372, 0.5135565636034906, 0.43996249216236527, 0.5579094578705321, 0.3400745242834091, 0.3400745242834091, 0.6803876906633377, 0.0, 0.0, 0.0, 0.4486420691013336, 0.27207890152931213, 0.27440938353538513, 0.645668625831604, 0.645668625831604, 0.08792093396186829, 0.46483162641525266, 0.1002877801656723, 0.5137446384097255, 0.0802600160241127, 0.025401688180863857]
[0.4642857142857143, 0.5, 0.3333333333333333, 0.42424242424242425, 0.6153846153846154, 0.5869565217391305, 0.0, 0.0, 0.5127176396249585, 0.5127021871492922, 0.41935783316938646, 0.5783658456797304, 0.3364868142775127, 0.3364868142775127, 0.6886020600795746, 0.0, 0.0, 0.0, 0.43382641375064845, 0.2836253196001053, 0.2864583134651184, 0.6242641806602478, 0.6242641806602478, 0.08730241656303406, 0.4650790333747864, 0.10014234483242035, 0.5281677807486335, 0.07886940985918045, 0.022259631659835577]
[0.4642857142857143, 0.5, 0.3333333333333333, 0.42424242424242425, 0.6153846153846154, 0.5869565217391305, 0.0, 0.0, 0.5056066577025399, 0.5055908469436957, 0.39463637937323315, 0.6027277769089151, 0.32717497221061165, 0.32717497221061165, 0.6477752476930618, 0.0, 0.0, 0.0, 0.4385821133852005, 0.26422205567359924, 0.2692790925502777, 0.6340830326080322, 0.6340830326080322, 0.08622898906469345, 0.4655084043741226, 0.10069533437490463, 0.5331440477870232, 0.0743749663233757, 0.011661783792078495]
[0.4642857142857143, 0.5, 0.3333333333333333, 0.42424242424242425, 0.6153846153846154, 0.5869565217391305, 0.0, 0.0, 0.5026930422730473, 0.5026770552217846, 0.37405787006618874, 0.6232762787533029, 0.3381050590957914, 0.3381050590957914, 0.6580331772565842, 0.0, 0.0, 0.0, 0.4485439985990524, 0.2694919854402542, 0.2737882137298584, 0.6492018103599548, 0.6492018103599548, 0.08747541904449463, 0.46500983238220217, 0.10466945916414261, 0.54204540543778, 0.07617854326963425, 0.0]
[0.4642857142857143, 0.5, 0.3333333333333333, 0.42424242424242425, 0.6153846153846154, 0.5869565217391305, 0.0, 0.0, 0.4979598563428021, 0.49794370403965615, 0.3442507610722208, 0.6535902095747673, 0.34629419445991516, 0.34629419445991516, 0.6584663838148117, 0.0, 0.0, 0.0, 0.4309443175792694, 0.2746754288673401, 0.2799231857061386, 0.6249415874481201, 0.6249415874481201, 0.08713514357805252, 0.465145942568779, 0.10636518895626068, 0.5667319893836975, 0.07620906084775925, 0.0]
[0.4642857142857143, 0.5, 0.3333333333333333, 0.42424242424242425, 0.6153846153846154, 0.5869565217391305, 0.0, 0.0, 0.4488708849846747, 0.44885432560630784, 0.5513487233714437, 0.4481262863885326, 0.3605732321739197, 0.3605732321739197, 0.6609508991241455, 0.0, 0.0, 0.0, 0.40634168088436123, 0.2834825664758682, 0.2924901247024536, 0.5961370468139648, 0.5961370468139648, 0.08576519787311554, 0.4656939208507538, 0.10601456463336945, 0.56747974351395, 0.07403575628995895, 0.0]
[0.4642857142857143, 0.5, 0.3333333333333333, 0.42424242424242425, 0.6153846153846154, 0.5869565217391305, 0.0, 0.0, 0.4153696100296983, 0.4153495347750574, 0.7199840363307392, 0.28748538657715805, 0.37075707955019815, 0.37075707955019815, 0.6653228849172592, 0.0, 0.0, 0.0, 0.37284395992755887, 0.28843967616558075, 0.29966606199741364, 0.5477550625801086, 0.5477550625801086, 0.08268749713897705, 0.46692500114440916, 0.10252226889133453, 0.5579396874405618, 0.06845249235630035, 0.0]
[0.4642857142857143, 0.5, 0.3333333333333333, 0.42424242424242425, 0.6153846153846154, 0.5869565217391305, 0.0, 0.0, 0.41142839250327523, 0.4114086021656744, 0.7640635288012416, 0.24613266414660973, 0.3724237531423569, 0.3724237531423569, 0.6671858429908752, 0.0, 0.0, 0.0, 0.40133931338787077, 0.28362810611724854, 0.29071803390979767, 0.5848668813705444, 0.5848668813705444, 0.08057195693254471, 0.4677712172269821, 0.0998992770910263, 0.5462172280910403, 0.06528349965810776, 0.0]
[0.4642857142857143, 0.5, 0.3333333333333333, 0.42424242424242425, 0.6153846153846154, 0.5869565217391305, 0.0, 0.0, 0.4754278284869732, 0.47540700959885784, 0.37895854572493076, 0.6176114100064597, 0.3525931068829128, 0.3525931068829128, 0.654747948050499, 0.0, 0.0, 0.0, 0.433847776055336, 0.27503520250320435, 0.28057269752025604, 0.6290162205696106, 0.6290162205696106, 0.07929118722677231, 0.46828352510929105, 0.09858686476945877, 0.5403346551019093, 0.06914693862199783, 0.0]
[0.4642857142857143, 0.5, 0.3333333333333333, 0.42424242424242425, 0.6153846153846154, 0.5869565217391305, 0.0, 0.0, 0.4645628790098668, 0.464541544421909, 0.25672474782735855, 0.743085649177125, 0.2986115110771997, 0.2986115110771997, 0.5467948615550995, 0.0, 0.0, 0.0, 0.44595041871070856, 0.2516503781080246, 0.2505553215742111, 0.6389687061309814, 0.6389687061309814, 0.08359812945127487, 0.46656074821949006, 0.10637088119983673, 0.5530134155306705, 0.07211880385875702, 0.0]
[0.4642857142857143, 0.5, 0.3333333333333333, 0.42424242424242425, 0.6153846153846154, 0.5869565217391305, 0.0, 0.0, 0.47535147072024375, 0.47533061479291316, 0.3064966320307715, 0.6918692469774145, 0.28414175978728706, 0.28414175978728706, 0.5665750205516815, 0.0, 0.0, 0.0, 0.45897437334060665, 0.2527898699045181, 0.25039584934711456, 0.6537635922431946, 0.6537635922431946, 0.08639398217201233, 0.46544240713119506, 0.10792994499206543, 0.5131193510321683, 0.07061781734228134, 0.0]
[0.4642857142857143, 0.5, 0.3333333333333333, 0.42424242424242425, 0.6153846153846154, 0.5869565217391305, 0.0, 0.0, 0.4699128403490406, 0.46989182201899715, 0.34946946113105026, 0.6476342467864608, 0.26571387691157206, 0.26571387691157206, 0.5606076717376709, 0.0, 0.0, 0.0, 0.4542970299720764, 0.2537623941898346, 0.24992957711219788, 0.6474822163581848, 0.6474822163581848, 0.0883832722902298, 0.4646466910839081, 0.10775025188922882, 0.5088608556015547, 0.06870443373918533, 0.021291282027959824]
[0.4642857142857143, 0.5, 0.3333333333333333, 0.42424242424242425, 0.6153846153846154, 0.5869565217391305, 0.0, 0.0, 0.4664517137334178, 0.4664305728890472, 0.3934521843780751, 0.6027095678608864, 0.2634522851024355, 0.2634522851024355, 0.5548648983240128, 0.0, 0.0, 0.0, 0.4292256325483322, 0.25985683500766754, 0.25253452360630035, 0.6141035556793213, 0.6141035556793213, 0.08763913810253143, 0.46494434475898744, 0.10383669286966324, 0.5085254963054213, 0.06572691351175308, 0.03969848621636629]
[0.4642857142857143, 0.5, 0.3333333333333333, 0.42424242424242425, 0.6153846153846154, 0.5869565217391305, 0.0, 0.0, 0.46779316868882337, 0.4677719936544079, 0.41611932363382487, 0.5795075367508559, 0.2619782728808267, 0.2619782728808267, 0.5751629620790482, 0.0, 0.0, 0.0, 0.42816798985004423, 0.2632407695055008, 0.25347934663295746, 0.6122983694076538, 0.6122983694076538, 0.08591729402542114, 0.46563308238983153, 0.09977910667657852, 0.514314659806185, 0.06336455047130585, 0.05386672914028168]
[0.4642857142857143, 0.5, 0.3333333333333333, 0.42424242424242425, 0.6153846153846154, 0.5869565217391305, 0.6241753697395325, 0.6242973804473877, 0.35672048583313337, 0.3566971910159401, 0.4472734349179678, 0.5502197285945917, 0.40243417024612427, 0.40243417024612427, 0.5636117160320282, 0.0, 0.0, 0.0, 0.3806037336587906, 0.26454809308052063, 0.2530215233564377, 0.5441290736198425, 0.5441290736198425, 0.08832032233476639, 0.4646718710660934, 0.10068679600954056, 0.49798790798630826, 0.061292629688978195, 0.06762531585991383]
[0.4642857142857143, 0.5, 0.3333333333333333, 0.42424242424242425, 0.6153846153846154, 0.5869565217391305, 0.22877061367034912, 0.2286742776632309, 0.4019512368889657, 0.4019287170461213, 0.4589651823043823, 0.5377160036148528, 0.3621928180967059, 0.3621928180967059, 0.5585215389728546, 0.0, 0.0, 0.0, 0.4123623251914978, 0.24868953227996826, 0.23516440391540527, 0.5857831835746765, 0.5857831835746765, 0.09913833439350128, 0.4603446662425995, 0.11200220137834549, 0.4959176168885342, 0.06244654953479767, 0.075150141492486]
[0.4642857142857143, 0.5, 0.3333333333333333, 0.42424242424242425, 0.6153846153846154, 0.5869565217391305, 0.0, 0.0, 0.459508108819192, 0.45948301617547616, 0.46746830343060464, 0.5270272824499342, 0.25758039738450733, 0.25758039738450733, 0.5653103142976761, 0.0, 0.0, 0.0, 0.4419425457715988, 0.26362548768520355, 0.25704558193683624, 0.6392801403999329, 0.6392801403999329, 0.09775719046592712, 0.46089712381362913, 0.10805000364780426, 0.5118384610774905, 0.06258854269981384, 0.08353536017239094]
[0.4642857142857143, 0.5, 0.3333333333333333, 0.42424242424242425, 0.6153846153846154, 0.5869565217391305, 0.0, 0.0, 0.4561853094265064, 0.4561600743242705, 0.4700926685880293, 0.5242862722563192, 0.25954639273030417, 0.25954639273030417, 0.5225189626216888, 0.0, 0.0, 0.0, 0.44549732506275175, 0.2667039781808853, 0.26285532116889954, 0.6471641063690186, 0.6471641063690186, 0.0975932702422142, 0.46096269190311434, 0.1044955775141716, 0.5106914944426958, 0.06406557559967041, 0.0886997114866972]
[0.4642857142857143, 0.5, 0.3333333333333333, 0.42424242424242425, 0.6153846153846154, 0.5869565217391305, 0.0, 0.0, 0.45144446083054257, 0.45141904053223064, 0.47261929865321056, 0.5216641892843853, 0.26180205600602285, 0.26180205600602285, 0.5196727961301804, 0.0, 0.0, 0.0, 0.4442311495542526, 0.26591068506240845, 0.2626540958881378, 0.6456732153892517, 0.6456732153892517, 0.0994250699877739, 0.46022997200489046, 0.10424970090389252, 0.5098738781241483, 0.06542173773050308, 0.09260895662009716]
[0.4642857142857143, 0.5, 0.3333333333333333, 0.42424242424242425, 0.6153846153846154, 0.5869565217391305, 0.0, 0.0, 0.44983127194654415, 0.4498058402515506, 0.48314560285945696, 0.5111905049816777, 0.2627685985394887, 0.2627685985394887, 0.49989813566207886, 0.0, 0.0, 0.0, 0.4599488824605941, 0.2586573213338852, 0.25429436564445496, 0.6662043929100037, 0.6662043929100037, 0.10286043584346771, 0.4588558256626129, 0.10593052208423615, 0.5088943936103998, 0.06834805011749268, 0.09716617874801159]
[0.4642857142857143, 0.5, 0.3333333333333333, 0.42424242424242425, 0.6153846153846154, 0.5869565217391305, 0.4856932461261749, 0.4856950640678406, 0.3044592016741605, 0.30443178125822745, 0.46498043347954976, 0.5328186914017683, 0.4078218340873718, 0.4078218340873718, 0.5771549493074417, 0.0, 0.0, 0.0, 0.421918660402298, 0.25716832280158997, 0.24605515599250793, 0.5999823808670044, 0.5999823808670044, 0.10391658544540405, 0.45843336582183836, 0.10806352645158768, 0.47775947770407035, 0.07041841000318527, 0.11963974684476852]
[0.4642857142857143, 0.5, 0.3333333333333333, 0.42424242424242425, 0.6153846153846154, 0.5869565217391305, 0.9031450748443604, 0.9031280279159546, 0.3444198194470962, 0.34439310562542247, 0.5171972791277883, 0.48060077731462963, 0.4444808832236699, 0.4444808832236699, 0.5480464547872543, 0.0, 0.0, 0.0, 0.4341802686452865, 0.2266913652420044, 0.21201497316360474, 0.6203976273536682, 0.6203976273536682, 0.11162164062261581, 0.45535134375095365, 0.11840811371803284, 0.4660704731941223, 0.07483530044555664, 0.16760602593421936]
[0.4642857142857143, 0.5, 0.3333333333333333, 0.42424242424242425, 0.6153846153846154, 0.5869565217391305, 0.0, 0.0, 0.4335718884294849, 0.43354904378121484, 0.20510491449563956, 0.8029600761993843, 0.43915784784725737, 0.43915784784725737, 0.6002908796072006, 0.0, 0.0, 0.0, 0.4692897379398346, 0.2651738226413727, 0.2640313506126404, 0.6744697690010071, 0.6744697690010071, 0.1029500812292099, 0.45881996750831605, 0.10269531607627869, 0.48292187757270283, 0.07788070291280746, 0.17731616273522377]
[0.4642857142857143, 0.5, 0.3333333333333333, 0.42424242424242425, 0.6153846153846154, 0.5869565217391305, 0.0, 0.0, 0.4237214003192763, 0.4236988747780911, 0.17483956772784204, 0.8358415084354229, 0.4169345327786037, 0.4169345327786037, 0.5899618864059448, 0.0, 0.0, 0.0, 0.47129591703414914, 0.2670102119445801, 0.2666366994380951, 0.6809950470924377, 0.6809950470924377, 0.09522034227848053, 0.46191186308860777, 0.0940113216638565, 0.47624107710150787, 0.07758205384016037, 0.16028046607971191]
[0.4642857142857143, 0.5, 0.3333333333333333, 0.42424242424242425, 0.6153846153846154, 0.5869565217391305, 0.0, 0.0, 0.41494788722371967, 0.4149251223522208, 0.17556480695822957, 0.8350342586842316, 0.40742559092385433, 0.40742559092385433, 0.5838622450828552, 0.0, 0.0, 0.0, 0.4901037365198135, 0.2588137984275818, 0.25726623833179474, 0.7043413519859314, 0.7043413519859314, 0.09099975973367691, 0.46360009610652925, 0.08963031321763992, 0.47540383283482046, 0.07729265838861465, 0.15819601714611053]
[0.4642857142857143, 0.5, 0.3333333333333333, 0.42424242424242425, 0.6153846153846154, 0.5869565217391305, 0.3614017069339752, 0.3613826036453247, 0.3600928322990811, 0.36006589054377536, 0.5281562426805952, 0.4684204484896217, 0.37870852010590694, 0.37870852010590694, 0.5526543259620667, 0.0, 0.0, 0.0, 0.45416013598442073, 0.23632144927978516, 0.22775232791900635, 0.6484314203262329, 0.6484314203262329, 0.09893134236335754, 0.460427463054657, 0.1044393852353096, 0.49862837375596514, 0.08114749938249588, 0.16624966636300087]
[0.4642857142857143, 0.5, 0.3333333333333333, 0.42424242424242425, 0.6153846153846154, 0.5869565217391305, 0.0, 0.0, 0.4729807472593698, 0.4729559110409899, 0.5041540644450352, 0.4911342457598477, 0.29801986047199797, 0.29801986047199797, 0.6023695021867752, 0.0, 0.0, 0.0, 0.4720032304525375, 0.2570478320121765, 0.2508154958486557, 0.6748790144920349, 0.6748790144920349, 0.10037640482187271, 0.4598494380712509, 0.10579802840948105, 0.5217270171919535, 0.08135101944208145, 0.16549909487366676]
[0.4642857142857143, 0.5, 0.3333333333333333, 0.42424242424242425, 0.6153846153846154, 0.5869565217391305, 0.0, 0.0, 0.4875411562208464, 0.48751681148436055, 0.4964919471917371, 0.4989456794863171, 0.278450112257685, 0.278450112257685, 0.5993998795747757, 0.0, 0.0, 0.0, 0.47896898984909053, 0.2612021714448929, 0.2539224475622177, 0.6863160729408264, 0.6863160729408264, 0.0993950366973877, 0.46024198532104493, 0.10428506880998611, 0.5212061696274336, 0.08264230191707611, 0.15489967539906502]
[0.4642857142857143, 0.5, 0.3333333333333333, 0.42424242424242425, 0.6153846153846154, 0.5869565217391305, 0.0, 0.0, 0.4855568087579643, 0.4855323913676333, 0.4874873539115913, 0.5078712585044814, 0.2726096021277564, 0.2726096021277564, 0.6118488162755966, 0.0, 0.0, 0.0, 0.48275637626647944, 0.25999215245246887, 0.25205226242542267, 0.6911237239837646, 0.6911237239837646, 0.09890448302030563, 0.46043820679187775, 0.1037297397851944, 0.5240823189879573, 0.08407342433929443, 0.1440141163766384]
[0.4642857142857143, 0.5, 0.3333333333333333, 0.42424242424242425, 0.6153846153846154, 0.5869565217391305, 0.0, 0.0, 0.48785693547465836, 0.4878326633920177, 0.47413852759574615, 0.5213848993558906, 0.28259424226624624, 0.28259424226624624, 0.6364469677209854, 0.0, 0.0, 0.0, 0.4924745142459869, 0.2556283473968506, 0.24653884768486023, 0.7036797404289246, 0.7036797404289246, 0.09953177720308304, 0.4601872891187668, 0.10499720275402069, 0.5145609240199245, 0.08624406158924103, 0.1400409545749426]
[0.4642857142857143, 0.5, 0.3333333333333333, 0.42424242424242425, 0.6153846153846154, 0.5869565217391305, 0.4381861686706543, 0.4372584819793701, 0.3543938988709313, 0.3543671508592128, 0.4599737373410402, 0.5374964607896535, 0.38401541965348385, 0.38401541965348385, 0.6446091830730438, 0.0, 0.0, 0.0, 0.4609500527381897, 0.2545800656080246, 0.24655741453170776, 0.6543791890144348, 0.6543791890144348, 0.10056691616773605, 0.45977323353290556, 0.107052743434906, 0.496524918911069, 0.08761636912822723, 0.12598635628819466]
[0.4642857142857143, 0.5, 0.3333333333333333, 0.42424242424242425, 0.6153846153846154, 0.5869565217391305, 0.10067213326692581, 0.10046512633562088, 0.44184131490112943, 0.44181599147461115, 0.438295488147845, 0.5577898076718619, 0.28211944869586403, 0.28211944869586403, 0.5966355204582214, 0.0, 0.0, 0.0, 0.45442580878734584, 0.2481137216091156, 0.24086043238639832, 0.6448671817779541, 0.6448671817779541, 0.09985975176095963, 0.46005609929561614, 0.10770000517368317, 0.5271927873755611, 0.07769229263067245, 0.10320225730538368]
[0.4642857142857143, 0.5, 0.3333333333333333, 0.42424242424242425, 0.6153846153846154, 0.5869565217391305, 0.020423071458935738, 0.02030387707054615, 0.45445548405382874, 0.454430385711772, 0.42535988983642986, 0.5705884766345676, 0.25579902742590227, 0.25579902742590227, 0.5579419881105423, 0.0, 0.0, 0.0, 0.4369073003530502, 0.25659358501434326, 0.24947533011436462, 0.6237848997116089, 0.6237848997116089, 0.09869968146085739, 0.46052012741565707, 0.10764522850513458, 0.5370084560194681, 0.07034274935722351, 0.09297647513449192]
[0.4642857142857143, 0.5, 0.3333333333333333, 0.42424242424242425, 0.6153846153846154, 0.5869565217391305, 0.008497902192175388, 0.008487268351018429, 0.47023100720764804, 0.47020644735879696, 0.41212181789697244, 0.5842428665037542, 0.221788798059736, 0.221788798059736, 0.760947935283184, 0.0, 0.0, 0.0, 0.33825305849313736, 0.35747872292995453, 0.3549618571996689, 0.4851968586444855, 0.4851968586444855, 0.09475993365049362, 0.46209602653980253, 0.10336410999298096, 0.5350003963293031, 0.06622567772865295, 0.08913518860936165]
[0.4642857142857143, 0.5, 0.3333333333333333, 0.42424242424242425, 0.6153846153846154, 0.5869565217391305, 0.4157300591468811, 0.4126122295856476, 0.3683704016997299, 0.3683435739112402, 0.4096495756455635, 0.5874384020021672, 0.18099328236920495, 0.18099328236920495, 0.8375090584158897, 0.0, 0.0, 0.0, 0.23236013501882552, 0.4308508634567261, 0.429588183760643, 0.3299389183521271, 0.3299389183521271, 0.09119973331689835, 0.4635201066732407, 0.09694738686084747, 0.5376915876255479, 0.05657278001308441, 0.08665639907121658]
[0.4642857142857143, 0.5, 0.3333333333333333, 0.42424242424242425, 0.6153846153846154, 0.5869565217391305, 0.030566779896616936, 0.029929878190159798, 0.4811233970448802, 0.48109885856480716, 0.39117663175608414, 0.6047933057840144, 0.12647519686392375, 0.12647519686392375, 0.8961595110595226, 0.0, 0.0, 0.0, 0.17366546615958212, 0.4634462781250477, 0.4630493260920048, 0.2501491904258728, 0.2501491904258728, 0.09407728910446167, 0.46236908435821533, 0.09747190773487091, 0.5683245561843695, 0.051403503865003586, 0.07911586202681065]
[0.4642857142857143, 0.5, 0.3333333333333333, 0.42424242424242425, 0.6153846153846154, 0.5869565217391305, 0.0, 0.0, 0.48966276959069144, 0.48963169012767177, 0.386154296521247, 0.6097202849838925, 0.1125790285212653, 0.1125790285212653, 0.9046760648488998, 0.0, 0.0, 0.0, 0.14797970429062843, 0.4705320503562689, 0.47074975445866585, 0.21459200978279114, 0.21459200978279114, 0.09781304746866226, 0.4608747810125351, 0.09978628903627396, 0.5834078546180281, 0.04847129061818123, 0.06637286860495806]
[0.4642857142857143, 0.5, 0.3333333333333333, 0.42424242424242425, 0.6153846153846154, 0.5869565217391305, 0.0, 0.0, 0.4879889717293515, 0.4879577149054744, 0.38556207935851117, 0.61008342884644, 0.10617756950003761, 0.10617756950003761, 0.9152737855911255, 0.0, 0.0, 0.0, 0.14853770583868026, 0.47623078897595406, 0.4774443320930004, 0.21634693443775177, 0.21634693443775177, 0.09667971730232239, 0.46132811307907107, 0.09884556382894516, 0.5996054445588311, 0.0491168238222599, 0.0369972875341773]
[0.4642857142857143, 0.5, 0.3333333333333333, 0.42424242424242425, 0.6153846153846154, 0.5869565217391305, 0.06290426105260849, 0.06175650283694267, 0.4681331345501639, 0.46810128082508795, 0.386239874203392, 0.6094099077571596, 0.09957199117967061, 0.09957199117967061, 0.9203398749232292, 0.0, 0.0, 0.0, 0.14504071846604347, 0.48002410493791103, 0.48075333423912525, 0.2110016644001007, 0.2110016644001007, 0.09232442080974579, 0.4630702316761017, 0.09453456848859787, 0.60737241492715, 0.05047988146543503, 0.02586957300081849]
[0.4642857142857143, 0.5, 0.3333333333333333, 0.42424242424242425, 0.6153846153846154, 0.5869565217391305, 0.3468477427959442, 0.3453313112258911, 0.38042636993510315, 0.38039276112106063, 0.3942897606990078, 0.6024068435058488, 0.10304379676069533, 0.10304379676069533, 0.8969297632575035, 0.0, 0.0, 0.0, 0.15605350285768507, 0.4728430602699518, 0.4733543451875448, 0.22291423380374908, 0.22291423380374908, 0.09201828390359879, 0.4631926864385605, 0.09323767572641373, 0.5846134555894276, 0.050026725977659225, 0.02362155355513096]
[0.4642857142857143, 0.5, 0.3333333333333333, 0.42424242424242425, 0.6153846153846154, 0.5869565217391305, 0.06883469969034195, 0.06797145307064056, 0.4647772249482558, 0.46474535127898703, 0.3896247114323749, 0.6061230648949265, 0.09883231882538115, 0.09883231882538115, 0.9067015163600445, 0.0, 0.0, 0.0, 0.1130468338727951, 0.47767931036651134, 0.4778770338743925, 0.16425009071826935, 0.16425009071826935, 0.0975499302148819, 0.46098002791404724, 0.09773712605237961, 0.5948123058607412, 0.047177426517009735, 0.021439280826598406]
[0.4642857142857143, 0.5, 0.3333333333333333, 0.42424242424242425, 0.6153846153846154, 0.5869565217391305, 0.030096223577857018, 0.029277877882122993, 0.4664943971551855, 0.4664624608041679, 0.39333894694968347, 0.6021162993542728, 0.0901816093495914, 0.0901816093495914, 0.9124942123889923, 0.0, 0.0, 0.0, 0.0928585797548294, 0.4825995173305273, 0.48273652233183384, 0.13630668818950653, 0.13630668818950653, 0.10133802890777588, 0.45946478843688965, 0.10105395317077637, 0.6020848349083302, 0.044748350977897644, 0.018046743934974074]
[0.4642857142857143, 0.5, 0.3333333333333333, 0.42424242424242425, 0.6153846153846154, 0.5869565217391305, 0.4675913453102112, 0.4657491445541382, 0.35145456932242924, 0.3514205730212122, 0.41266297222779313, 0.5842726745244827, 0.08842265233397484, 0.08842265233397484, 0.9043707624077797, 0.0, 0.0, 0.0, 0.09684906974434852, 0.4833435174077749, 0.48360238783061504, 0.14090187847614288, 0.14090187847614288, 0.10563242435455322, 0.4577470302581787, 0.1046539843082428, 0.5947025951951049, 0.042871568351984024, 0.013096173061057925]
[0.4642857142857143, 0.5, 0.3333333333333333, 0.42424242424242425, 0.6153846153846154, 0.5869565217391305, 0.2366160899400711, 0.23512400686740875, 0.40440369450111463, 0.4043704674759057, 0.42335255241758735, 0.5725944079878175, 0.09609311286892211, 0.09609311286892211, 0.8860757499933243, 0.0, 0.0, 0.0, 0.10776977092027663, 0.47896423749625683, 0.4799070172011852, 0.15582534670829773, 0.15582534670829773, 0.10858689248561859, 0.4565652430057526, 0.10675617307424545, 0.5878150671027428, 0.04035388305783272, 0.013699120609089732]
[0.4642857142857143, 0.5, 0.3333333333333333, 0.42424242424242425, 0.6153846153846154, 0.5869565217391305, 0.03345649689435959, 0.03255004435777664, 0.4566813556915488, 0.45664914866934314, 0.43281094339564014, 0.5622126835089518, 0.08165169241172927, 0.08165169241172927, 0.9117170684039593, 0.0, 0.0, 0.0, 0.09852694943547248, 0.48375305719673634, 0.48422007635235786, 0.14589814841747284, 0.14589814841747284, 0.10833068937063217, 0.4566677242517471, 0.1067286804318428, 0.6038968334364336, 0.03947518393397331, 0.010140025988221169]
[0.7945612243243627, 0.8082571427027385, 0.3333333333333333, 0.42424242424242425, -0.0011296700208615063, -0.029557763666346437, 0.0, 0.0, 0.4542436966704593, 0.45421133009471126, 0.44238138084885725, 0.5524264591494158, 0.07796520899449076, 0.07796520899449076, 0.9235082156956196, 0.0, 0.0, 0.0, 0.14017455652356148, 0.48645152896642685, 0.48708149045705795, 0.2101702243089676, 0.2101702243089676, 0.0938020795583725, 0.462479168176651, 0.0938657894730568, 0.6105062070974084, 0.04238876700401306, 0.004763790057040751]
[0.8135753366209212, 0.8260036475128598, 0.3333333333333333, 0.42424242424242425, -0.036622679641104106, -0.06505077328658904, 0.0, 0.0, 0.43804530819333076, 0.43801576229627914, 0.44983576793743596, 0.5453478078319689, 0.07843684138996261, 0.07843684138996261, 0.9272407479584217, 0.0, 0.0, 0.0, 0.16170381158590316, 0.48768334090709686, 0.48829921800643206, 0.2403687834739685, 0.2403687834739685, 0.08657222241163254, 0.465371111035347, 0.08659403026103973, 0.6131400791711585, 0.04675181582570076, 0.004295606631785631]
[0.6579674152391297, 0.6807695875565211, 0.3333333333333333, 0.42424242424242425, 0.25384544027157324, 0.2254173466260883, 0.20594331622123718, 0.20474053919315338, 0.39717742908981063, 0.39714697715657166, 0.4522429208910488, 0.5433164497697736, 0.08971235847898892, 0.08971235847898892, 0.9204862378537655, 0.0, 0.0, 0.0, 0.1555881582200527, 0.4866975387558341, 0.48745837435126305, 0.2289728820323944, 0.2289728820323944, 0.08468049019575119, 0.4661278039216995, 0.08525841683149338, 0.6001435185587684, 0.048712342977523804, 0.0015366172010544688]
[0.4642857142857143, 0.5, 0.3333333333333333, 0.42424242424242425, 0.6153846153846154, 0.5869565217391305, 0.022121611982584, 0.021833423525094986, 0.45824503739067063, 0.4582159530592238, 0.4540706266636602, 0.5408639138054387, 0.08336594328284264, 0.08336594328284264, 0.9211389236152172, 0.0, 0.0, 0.0, 0.10204619094729422, 0.48719777911901474, 0.487906432710588, 0.15218544006347656, 0.15218544006347656, 0.08943747729063034, 0.46422500908374786, 0.09008987993001938, 0.6031280374804209, 0.0465206541121006, 0.0005776295438408852]
[0.4642857142857143, 0.5, 0.3333333333333333, 0.42424242424242425, 0.6153846153846154, 0.5869565217391305, 0.00948262307792902, 0.00952300988137722, 0.4652567260807832, 0.4652278440404349, 0.46643659033693274, 0.5284823395275426, 0.07458710776908058, 0.07458710776908058, 0.922074917703867, 0.0, 0.0, 0.0, 0.09265398457646369, 0.48807521536946297, 0.4887019293382764, 0.1398782730102539, 0.1398782730102539, 0.09729107469320297, 0.46108357012271883, 0.09716873615980148, 0.6070281669150952, 0.043280623853206635, 0.00011988027836196125]
[0.4642857142857143, 0.5, 0.3333333333333333, 0.42424242424242425, 0.6153846153846154, 0.5869565217391305, 0.0, 0.0, 0.47239586955958524, 0.47236715846946087, 0.48030606123047165, 0.5145317669985576, 0.0708090966301305, 0.0708090966301305, 0.922565970569849, 0.0, 0.0, 0.0, 0.09317817464470862, 0.48831644747406244, 0.48887024726718664, 0.14155367016792297, 0.14155367016792297, 0.10162653774023056, 0.45934938490390775, 0.10050579905509949, 0.6105372240377027, 0.04179679602384567, 0.002893975470215082]
[0.4642857142857143, 0.5, 0.3333333333333333, 0.42424242424242425, 0.6153846153846154, 0.5869565217391305, 0.0, 0.0, 0.4703520513629366, 0.47032326619438186, 0.49318755165910627, 0.5016648137495983, 0.06857648491859436, 0.06857648491859436, 0.9217910505831242, 0.0, 0.0, 0.0, 0.09342409931123256, 0.48833133839070797, 0.48879365902394056, 0.1421983391046524, 0.1421983391046524, 0.10910015553236008, 0.45635993778705597, 0.10661732405424118, 0.6090339914310811, 0.04033917188644409, 0.005437590880319476]
[0.4642857142857143, 0.5, 0.3333333333333333, 0.42424242424242425, 0.6153846153846154, 0.5869565217391305, 0.0, 0.0, 0.46506105075602777, 0.4650320775422266, 0.49986918091980553, 0.49495370683838213, 0.06734340318611691, 0.06734340318611691, 0.9216898158192635, 0.0, 0.0, 0.0, 0.09150686375796795, 0.48839281871914864, 0.48882521875202656, 0.13883474469184875, 0.13883474469184875, 0.1130281314253807, 0.4547887474298477, 0.10951612889766693, 0.607765660036442, 0.03845986723899841, 0.0068762683076784015]
[0.4642857142857143, 0.5, 0.3333333333333333, 0.42424242424242425, 0.6153846153846154, 0.5869565217391305, 0.029696473851799965, 0.02860899083316326, 0.4590407537000813, 0.45901164942444167, 0.5083992610299108, 0.4866038140962908, 0.06775883691651481, 0.06775883691651481, 0.919877827167511, 0.0, 0.0, 0.0, 0.09142395444214343, 0.4880555709823966, 0.48845560010522604, 0.13837215304374695, 0.13837215304374695, 0.11686883121728897, 0.4532524675130844, 0.11241304129362106, 0.6056215354176455, 0.03707805648446083, 0.008585433242842555]
[0.4642857142857143, 0.5, 0.3333333333333333, 0.42424242424242425, 0.6153846153846154, 0.5869565217391305, 0.02987252175807953, 0.028812551870942116, 0.4603245727874581, 0.46029550270186326, 0.5310002104957975, 0.46423666969033495, 0.07042092404195241, 0.07042092404195241, 0.9157668463885784, 0.0, 0.0, 0.0, 0.09015281908214091, 0.487684297375381, 0.48805379029363394, 0.13589639961719513, 0.13589639961719513, 0.1226118877530098, 0.45095524489879607, 0.11696650087833405, 0.579034450442292, 0.03651556372642517, 0.0066932832123711705]
[0.4642857142857143, 0.5, 0.3333333333333333, 0.42424242424242425, 0.6153846153846154, 0.5869565217391305, 0.013833398930728436, 0.013894852250814438, 0.474460327146614, 0.4744317129282833, 0.5557697582883088, 0.43989022370227615, 0.07900467940739224, 0.07900467940739224, 0.9089958630502224, 0.0, 0.0, 0.0, 0.08869697749614715, 0.48737598210573196, 0.4879344692453742, 0.13394074141979218, 0.13394074141979218, 0.1410105675458908, 0.44359577298164365, 0.1275320053100586, 0.5344236382218295, 0.03689505159854889, 0.0014116946840658784]
[0.4642857142857143, 0.5, 0.3333333333333333, 0.42424242424242425, 0.6153846153846154, 0.5869565217391305, 0.29972076416015625, 0.2971860468387604, 0.38046399038106943, 0.38043325353079044, 0.557732409318592, 0.4384137380140867, 0.09744253009557724, 0.09744253009557724, 0.8865929581224918, 0.0, 0.0, 0.0, 0.1040088266134262, 0.4859459027647972, 0.4867843631654978, 0.15826848149299622, 0.15826848149299622, 0.149392232298851, 0.4402431070804596, 0.13670714199543, 0.5328836240047632, 0.03783498331904411, 0.001918888883665204]
[0.4642857142857143, 0.5, 0.3333333333333333, 0.42424242424242425, 0.6153846153846154, 0.5869565217391305, 0.01779901050031185, 0.017747825011610985, 0.47309799631968513, 0.4730698693094928, 0.5460234159037443, 0.44931060674718826, 0.10060980916023254, 0.10060980916023254, 0.8855845592916012, 0.0, 0.0, 0.0, 0.09916173219680785, 0.4853423563763499, 0.4863132396712899, 0.1501167118549347, 0.1501167118549347, 0.1434451937675476, 0.44262192249298093, 0.13200055062770844, 0.5584106958189676, 0.03800412639975548, 0.0057920505059883]
[0.4642857142857143, 0.5, 0.3333333333333333, 0.42424242424242425, 0.6153846153846154, 0.5869565217391305, 0.0, 0.0, 0.4862027313581616, 0.4861750445447962, 0.5270552007235715, 0.4679975119370525, 0.14808425413710732, 0.14808425413710732, 0.8403999209403992, 0.0, 0.0, 0.0, 0.1314481906592846, 0.47558146715164185, 0.4762653559446335, 0.1999932825565338, 0.1999932825565338, 0.11305017024278641, 0.45477993190288546, 0.10405009984970093, 0.5544801368269809, 0.036434344947338104, 0.03669263096526265]
[0.4642857142857143, 0.5, 0.3333333333333333, 0.42424242424242425, 0.6153846153846154, 0.5869565217391305, 0.0, 0.0, 0.47729636144683646, 0.4772683227609266, 0.5106795995458818, 0.4841017296341085, 0.15850533332143513, 0.15850533332143513, 0.8128336146473885, 0.0, 0.0, 0.0, 0.1286297120153904, 0.4699535295367241, 0.47031528502702713, 0.19497619569301605, 0.19497619569301605, 0.0975322276353836, 0.46098710894584655, 0.08985535055398941, 0.5629269640113033, 0.03498794510960579, 0.05212052259594202]
[0.4642857142857143, 0.5, 0.3333333333333333, 0.42424242424242425, 0.6153846153846154, 0.5869565217391305, 0.0, 0.0, 0.472314830605888, 0.47228647566206367, 0.4894260704859265, 0.5049235637916839, 0.19030475190707616, 0.19030475190707616, 0.794939674437046, 0.0, 0.0, 0.0, 0.23053131103515623, 0.4273383170366287, 0.4261583015322685, 0.3424661457538605, 0.3424661457538605, 0.08442595601081848, 0.4662296175956726, 0.07770570367574692, 0.5649219349373219, 0.03515712544322014, 0.09505996480584145]
[0.4642857142857143, 0.5, 0.3333333333333333, 0.42424242424242425, 0.6153846153846154, 0.5869565217391305, 0.0, 0.0, 0.474519914696367, 0.47449168226686994, 0.46083971134335316, 0.5335717926695009, 0.19672705658844541, 0.19672705658844541, 0.819819413125515, 0.0, 0.0, 0.0, 0.275732184946537, 0.4192986562848091, 0.4181814044713974, 0.40628311038017273, 0.40628311038017273, 0.07648669183254242, 0.46940532326698303, 0.07084455341100693, 0.5697937517665154, 0.037571944296360016, 0.10383537039160728]
[0.0, 0.0, 1.0, 1.0, 0.6153846153846154, 0.5869565217391305, 0.0, 0.0, 0.4778224522137505, 0.4777942083875718, 0.4461644523230383, 0.5480302896549273, 0.21572506853512358, 0.21572506853512358, 0.8331380262970924, 0.0, 0.0, 0.0, 0.24265130013227462, 0.42179838567972183, 0.4208861291408539, 0.3551216721534729, 0.3551216721534729, 0.07012343406677246, 0.471950626373291, 0.06558696180582047, 0.5689577446427456, 0.039411403238773346, 0.10277754627168179]
[0.0, 0.0, 1.0, 1.0, 0.6153846153846154, 0.5869565217391305, 0.0, 0.0, 0.47794832428828254, 0.4779201089538078, 0.43631730344053893, 0.5579872761932381, 0.24862548070294518, 0.24862548070294518, 0.833764061331749, 0.0, 0.0, 0.0, 0.2801977828145027, 0.4083387479186058, 0.40843870490789413, 0.41066864132881165, 0.41066864132881165, 0.06666367501020432, 0.4733345299959183, 0.06330741196870804, 0.5614457504693853, 0.041711870580911636, 0.09732205420732498]
[0.0, 0.0, 1.0, 1.0, 0.6153846153846154, 0.5869565217391305, 0.0, 0.0, 0.47795898445933543, 0.47793080758866113, 0.43143346068052213, 0.5629847467179914, 0.26264128940446035, 0.26264128940446035, 0.8302820548415184, 0.0, 0.0, 0.0, 0.29327043890953064, 0.3986803814768791, 0.3985522761940956, 0.42719417810440063, 0.42719417810440063, 0.0658230260014534, 0.47367078959941866, 0.06353989243507385, 0.5593383970648743, 0.044226713478565216, 0.09173485450446606]
[0.0, 0.0, 1.0, 1.0, 0.6153846153846154, 0.5869565217391305, 0.0, 0.0, 0.47818327115325127, 0.4781552167969042, 0.4249568518899367, 0.5697697960117301, 0.26467734149524147, 0.26467734149524147, 0.8155485838651657, 0.0, 0.0, 0.0, 0.3067216083407402, 0.3837540075182915, 0.38553299754858017, 0.44763752818107605, 0.44763752818107605, 0.06495539098978043, 0.47401784360408783, 0.06378433853387833, 0.5538600163404332, 0.04590251296758652, 0.08412793278694153]
[0.0, 0.0, 1.0, 1.0, 0.6153846153846154, 0.5869565217391305, 0.0, 0.0, 0.5067785645819075, 0.5067512381885977, 0.46479147364942797, 0.5293359823203629, 0.3083083672182901, 0.3083083672182901, 0.8215454369783401, 0.0, 0.0, 0.0, 0.26487751603126525, 0.395501509308815, 0.39924775063991547, 0.3895007073879242, 0.3895007073879242, 0.06588420271873474, 0.4736463189125061, 0.06524866074323654, 0.5559087146160214, 0.04721037298440933, 0.07440848741680384]
[0.0, 0.0, 1.0, 1.0, 0.6153846153846154, 0.5869565217391305, 0.0, 0.0, 0.522342358048058, 0.5223165061004303, 0.4697664271805072, 0.5264392991544133, 0.36249443888664246, 0.36249443888664246, 0.8272642567753792, 0.0, 0.0, 0.0, 0.2884930849075317, 0.3840854912996292, 0.3920277804136276, 0.4233463406562805, 0.4233463406562805, 0.06753809005022049, 0.4729847639799118, 0.06746383011341095, 0.5571600482907406, 0.051762402057647705, 0.060450765304267406]
[0.0, 0.0, 1.0, 1.0, 0.6153846153846154, 0.5869565217391305, 0.0, 0.0, 0.5274388871047054, 0.5274138599919087, 0.4698992754487645, 0.5277871362515156, 0.3504293305533273, 0.3504293305533273, 0.837768942117691, 0.0, 0.0, 0.0, 0.33793897628784175, 0.3792298510670662, 0.3890879303216934, 0.4949290454387665, 0.4949290454387665, 0.0692528635263443, 0.4722988545894623, 0.07010424137115479, 0.562984787447508, 0.062059950083494186, 0.05840789061039686]
[0.0, 0.0, 1.0, 1.0, 0.6153846153846154, 0.5869565217391305, 0.0, 0.0, 0.5057567876138606, 0.5057309370908181, 0.4736282525737245, 0.5238882830397754, 0.3691489888089044, 0.3691489888089044, 0.7714647576212883, 0.0, 0.0, 0.0, 0.47401650249958033, 0.28546567261219025, 0.29800449311733246, 0.6855044364929199, 0.6855044364929199, 0.06945301592350006, 0.4722187936306, 0.0711766704916954, 0.5206256896950479, 0.06881515681743622, 0.05800753366202116]
[0.4642857142857143, 0.5, 0.3333333333333333, 0.42424242424242425, 0.6153846153846154, 0.5869565217391305, 0.0, 0.0, 0.4974883165046658, 0.49746201438811494, 0.464409473977171, 0.5327370569714575, 0.3746091255119869, 0.3746091255119869, 0.7364867776632309, 0.0, 0.0, 0.0, 0.5085880547761917, 0.257305845618248, 0.2635725736618042, 0.7324981689453125, 0.7324981689453125, 0.0688987523317337, 0.4724404990673065, 0.07169099152088165, 0.5084140078966007, 0.0723516047000885, 0.056807841174304485]
[0.4642857142857143, 0.5, 0.3333333333333333, 0.42424242424242425, 0.6153846153846154, 0.5869565217391305, 0.0, 0.0, 0.4864711602490901, 0.4864443039688964, 0.46220913945374936, 0.5345515297721444, 0.3697508147784642, 0.3697508147784642, 0.6689325720071793, 0.0, 0.0, 0.0, 0.5366397440433501, 0.22567099332809448, 0.2297629714012146, 0.771974503993988, 0.771974503993988, 0.06896805763244629, 0.4724127769470215, 0.0734548568725586, 0.49007058836692985, 0.07490526139736176, 0.0475345179438591]
[0.4642857142857143, 0.5, 0.3333333333333333, 0.42424242424242425, 0.6153846153846154, 0.5869565217391305, 0.0, 0.0, 0.47447321679350524, 0.4744458191709354, 0.4616827267305801, 0.5347597913071435, 0.39299732872418, 0.39299732872418, 0.5766319781541824, 0.0, 0.0, 0.0, 0.558619949221611, 0.18650713562965393, 0.18182769417762756, 0.8003689646720886, 0.8003689646720886, 0.07028914988040924, 0.4718843400478363, 0.07702255249023438, 0.46919097900390627, 0.0796060562133789, 0.006075387354940176]
[0.4642857142857143, 0.5, 0.3333333333333333, 0.42424242424242425, 0.6153846153846154, 0.5869565217391305, 0.0, 0.0, 0.47153311511982465, 0.47150554939620126, 0.47190865002444327, 0.5243966975535257, 0.434173047542572, 0.434173047542572, 0.5659298747777939, 0.0, 0.0, 0.0, 0.5615745186805725, 0.1717701554298401, 0.16596940159797668, 0.8042266368865967, 0.8042266368865967, 0.07223913073539734, 0.4711043477058411, 0.0805363655090332, 0.4677854537963867, 0.08081058412790298, 0.0032106618164107203]
[0.4642857142857143, 0.5, 0.3333333333333333, 0.42424242424242425, 0.6153846153846154, 0.5869565217391305, 0.0, 0.0, 0.4716911899428067, 0.47166357863245684, 0.48190524216819675, 0.5142903453938541, 0.45800232461520607, 0.45800232461520607, 0.4967282563447952, 0.0, 0.0, 0.0, 0.5659551054239272, 0.1516818106174469, 0.14863473176956177, 0.811852753162384, 0.811852753162384, 0.075068898499012, 0.4699724406003952, 0.08436252176761627, 0.4662549912929535, 0.07998042553663254, 0.0]
[0.4642857142857143, 0.5, 0.3333333333333333, 0.42424242424242425, 0.6153846153846154, 0.5869565217391305, 0.0, 0.0, 0.467198535429588, 0.46717062495634615, 0.48538604942835994, 0.5105122001352953, 0.5482631921768188, 0.5482631921768188, 0.2758445739746094, 0.0, 0.0, 0.0, 0.5714545845985413, 0.1173204779624939, 0.11363491415977478, 0.8207118511199951, 0.8207118511199951, 0.08275540918111801, 0.4668978363275528, 0.09182696789503098, 0.46326921284198763, 0.08098454773426056, 0.0]
[0.4642857142857143, 0.5, 0.3333333333333333, 0.42424242424242425, 0.6153846153846154, 0.5869565217391305, 0.0, 0.0, 0.4721436552974052, 0.47211603259037377, 0.5001768286412949, 0.4960327218590407, 0.5383979848452977, 0.5383979848452977, 0.263012558221817, 0.0, 0.0, 0.0, 0.5717334002256393, 0.10405904054641724, 0.09735172986984253, 0.820939838886261, 0.820939838886261, 0.09455849975347519, 0.46217660009860995, 0.10419259965419769, 0.4583229601383209, 0.08098641782999039, 0.0]
[0.4642857142857143, 0.5, 0.3333333333333333, 0.42424242424242425, 0.6153846153846154, 0.5869565217391305, 0.011592824012041092, 0.011215316131711006, 0.4806687079127842, 0.48064126897724363, 0.5122088817861751, 0.48387377320871705, 0.5428951765809741, 0.5428951765809741, 0.3730113208293915, 0.0, 0.0, 0.0, 0.5705041706562042, 0.11857536435127258, 0.11413305997848511, 0.8181736469268799, 0.8181736469268799, 0.096103735268116, 0.4615585058927536, 0.10528117418289185, 0.45788753032684326, 0.0792132019996643, 0.0]
[0.4642857142857143, 0.5, 0.3333333333333333, 0.42424242424242425, 0.6153846153846154, 0.5869565217391305, 0.01408724021166563, 0.013605101965367794, 0.4894615141657069, 0.48943451471470056, 0.5272355475115731, 0.4692992010211803, 0.5968794865267618, 0.5968794865267618, 0.41939154267311096, 0.0, 0.0, 0.0, 0.5493824422359466, 0.14658808708190918, 0.1429944932460785, 0.7881670594215393, 0.7881670594215393, 0.10120218247175217, 0.45951912701129916, 0.11021170765161514, 0.45591531693935394, 0.07864213734865189, 0.0]
[0.4642857142857143, 0.5, 0.3333333333333333, 0.42424242424242425, 0.6153846153846154, 0.5869565217391305, 0.011340497061610222, 0.011220619082450867, 0.49272101140273006, 0.4926941230693693, 0.5342822268633723, 0.4623311445265787, 0.6323446546282088, 0.6323446546282088, 0.4195249080657959, 0.0, 0.0, 0.0, 0.5455127358436584, 0.14829400181770325, 0.14512988924980164, 0.7826740741729736, 0.7826740741729736, 0.10799002647399902, 0.4568039894104004, 0.11728406697511673, 0.4530863732099533, 0.07714619487524033, 0.0]
[0.4642857142857143, 0.5, 0.3333333333333333, 0.42424242424242425, 0.6153846153846154, 0.5869565217391305, 0.0, 0.0, 0.48893314050100956, 0.488906050588843, 0.5412254955754909, 0.4553342544275255, 0.6153602259499686, 0.6153602259499686, 0.41781431436538696, 0.0, 0.0, 0.0, 0.5265809774398803, 0.15311795473098755, 0.15513557195663452, 0.7612901329994202, 0.7612901329994202, 0.1096469908952713, 0.4561412036418915, 0.11787012964487076, 0.4528519481420517, 0.07400400936603546, 0.018442964646965265]
[0.4642857142857143, 0.5, 0.3333333333333333, 0.42424242424242425, 0.6153846153846154, 0.5869565217391305, 0.0, 0.0, 0.4853049705862771, 0.4852776228241893, 0.5549552431525965, 0.4415275279645432, 0.5550478611673628, 0.5550478611673628, 0.432090163230896, 0.0, 0.0, 0.0, 0.4638806730508804, 0.1905267834663391, 0.19587001204490662, 0.6768541932106018, 0.6768541932106018, 0.1062622219324112, 0.4574951112270355, 0.1112944632768631, 0.45548221468925476, 0.06124528869986534, 0.09835348464548588]
[0.4642857142857143, 0.5, 0.3333333333333333, 0.42424242424242425, 0.6153846153846154, 0.5869565217391305, 0.0, 0.0, 0.4894561969014472, 0.4894284317358958, 0.5474160761495849, 0.44773510668924565, 0.5785134434700012, 0.5785134434700012, 0.4092849791049957, 0.0, 0.0, 0.0, 0.41921885311603546, 0.22389549016952515, 0.22782403230667114, 0.6095601916313171, 0.6095601916313171, 0.09978519380092621, 0.46008592247962954, 0.10223409533500671, 0.4591063618659973, 0.05035821348428726, 0.11486589908599854]
[0.4642857142857143, 0.5, 0.3333333333333333, 0.42424242424242425, 0.6153846153846154, 0.5869565217391305, 0.0, 0.0, 0.4925008161175091, 0.4924730473904947, 0.5519572320905288, 0.44303069328436157, 0.6305716506072454, 0.6305716506072454, 0.4146287143230438, 0.0, 0.0, 0.0, 0.395604807138443, 0.2348708212375641, 0.23544543981552124, 0.5739523768424988, 0.5739523768424988, 0.09645257890224457, 0.4614189684391022, 0.09863243997097015, 0.46054702401161196, 0.04639991372823715, 0.11635864153504372]
[0.4642857142857143, 0.5, 0.3333333333333333, 0.42424242424242425, 0.6153846153846154, 0.5869565217391305, 0.0, 0.0, 0.492799945531794, 0.49277178789301995, 0.5014677906433836, 0.4920503053286285, 0.5763853234904154, 0.5763853234904154, 0.42174747586250305, 0.0, 0.0, 0.0, 0.396119213104248, 0.24698805809020996, 0.24359959363937378, 0.5696678161621094, 0.5696678161621094, 0.09618087112903595, 0.4615276515483856, 0.09822644293308258, 0.46070942282676697, 0.04423193633556366, 0.12052634730935097]
[0.4642857142857143, 0.5, 0.3333333333333333, 0.42424242424242425, 0.6153846153846154, 0.5869565217391305, 0.0, 0.0, 0.4935538609499685, 0.4935255786599894, 0.5008175586729557, 0.4923576681330778, 0.5828337797096798, 0.5828337797096798, 0.43785446882247925, 0.0, 0.0, 0.0, 0.3482823684811592, 0.2754525989294052, 0.27157896757125854, 0.5007184147834778, 0.5007184147834778, 0.09479936212301254, 0.462080255150795, 0.0963018536567688, 0.4614792585372925, 0.04190196841955185, 0.12338179163634777]
[0.4642857142857143, 0.5, 0.3333333333333333, 0.42424242424242425, 0.6153846153846154, 0.5869565217391305, 0.0, 0.0, 0.48366058613556523, 0.48362798165408877, 0.49235728488483577, 0.5004958048326741, 0.6029839600835528, 0.6029839600835528, 0.42162808775901794, 0.0, 0.0, 0.0, 0.34949728697538374, 0.2641548365354538, 0.25940047204494476, 0.4976179301738739, 0.4976179301738739, 0.09559320658445358, 0.46176271736621854, 0.09715138375759125, 0.4611394464969635, 0.04058300703763962, 0.12467777356505394]
[0.4642857142857143, 0.5, 0.3333333333333333, 0.42424242424242425, 0.6153846153846154, 0.5869565217391305, 0.0, 0.0, 0.4822810135539585, 0.4822476283997924, 0.48647398235237166, 0.5049502890100392, 0.6321573044572558, 0.6321573044572558, 0.4510757029056549, 0.0, 0.0, 0.0, 0.2582831040024757, 0.29582297801971436, 0.29366636276245117, 0.3694670796394348, 0.3694670796394348, 0.09684929251670837, 0.4612602829933167, 0.09829521179199219, 0.4606819152832031, 0.03991718962788582, 0.12632290832698345]
[0.4642857142857143, 0.5, 0.3333333333333333, 0.42424242424242425, 0.6153846153846154, 0.5869565217391305, 0.04705227166414261, 0.0469277985394001, 0.4801611609714209, 0.4801271846143967, 0.48119688997077215, 0.5092498723402483, 0.6800847181252071, 0.6800847181252071, 0.4528045058250427, 0.0, 0.0, 0.0, 0.22190444469451903, 0.31640689074993134, 0.31377744674682617, 0.31515103578567505, 0.31515103578567505, 0.09926146268844604, 0.46029541492462156, 0.10055830329656601, 0.4597766786813736, 0.03805861994624138, 0.1274972129613161]
[0.4642857142857143, 0.5, 0.3333333333333333, 0.42424242424242425, 0.6153846153846154, 0.5869565217391305, 0.013615326955914497, 0.013607669621706009, 0.4815619271070506, 0.4815278111406768, 0.47951773139532394, 0.5105545587516374, 0.6082069873809814, 0.6082069873809814, 0.46412432193756104, 0.0, 0.0, 0.0, 0.2069189444184303, 0.3341975510120392, 0.33188068866729736, 0.2949005365371704, 0.2949005365371704, 0.10309375077486038, 0.45876249969005584, 0.10389112681150436, 0.45844354927539827, 0.036099664866924286, 0.1286949124187231]
[0.4642857142857143, 0.5, 0.3333333333333333, 0.42424242424242425, 0.6153846153846154, 0.5869565217391305, 0.023315228521823883, 0.023172974586486816, 0.4762925431559692, 0.47625866794449423, 0.4717486007263738, 0.5191619709111942, 0.6515359452792577, 0.6515359452792577, 0.43707358837127686, 0.0, 0.0, 0.0, 0.23070511966943738, 0.3150373250246048, 0.3120969831943512, 0.3283360004425049, 0.3283360004425049, 0.1061907485127449, 0.45752370059490205, 0.10686630010604858, 0.4572534799575806, 0.035346440970897675, 0.12872951105237007]
[0.4642857142857143, 0.5, 0.3333333333333333, 0.42424242424242425, 0.6153846153846154, 0.5869565217391305, 0.01263855118304491, 0.01261434331536293, 0.4789393369827854, 0.47890591051564846, 0.46292365440674993, 0.5286629598359026, 0.6456494544233595, 0.6456494544233595, 0.4282740354537964, 0.0, 0.0, 0.0, 0.21606002897024154, 0.32321697473526, 0.3207824379205704, 0.3071301281452179, 0.3071301281452179, 0.10625064373016357, 0.45749974250793457, 0.1073841080069542, 0.45704635679721833, 0.033993810415267944, 0.122889569029212]
[0.4642857142857143, 0.5, 0.3333333333333333, 0.42424242424242425, 0.6153846153846154, 0.5869565217391305, 0.0, 0.0, 0.48504945840935865, 0.48501636956891414, 0.4524218402446798, 0.5393496224752069, 0.6234337602342879, 0.6234337602342879, 0.448508083820343, 0.0, 0.0, 0.0, 0.2308719605207443, 0.3277812898159027, 0.32297588884830475, 0.3278425931930542, 0.3278425931930542, 0.10832290351390839, 0.45667083859443663, 0.10993055999279022, 0.4560277760028839, 0.0326567105948925, 0.11913738213479519]
[0.4642857142857143, 0.5, 0.3333333333333333, 0.42424242424242425, 0.6153846153846154, 0.5869565217391305, 0.0, 0.0, 0.47756054080011284, 0.4775257125411389, 0.49983242824655844, 0.4892986905227833, 0.6479309286390033, 0.6479309286390033, 0.49357694387435913, 0.0, 0.0, 0.0, 0.19359911978244781, 0.35344862937927246, 0.3535015136003494, 0.27836310863494873, 0.27836310863494873, 0.1090070828795433, 0.45639716684818266, 0.11023686081171036, 0.45590525567531587, 0.03142465278506279, 0.11458364315330982]
[0.4642857142857143, 0.5, 0.3333333333333333, 0.42424242424242425, 0.6153846153846154, 0.5869565217391305, 0.0, 0.0, 0.4942942431648876, 0.49425977639440827, 0.5800874789403911, 0.4096994568188783, 0.6813215570790427, 0.6813215570790427, 0.5663117319345474, 0.0, 0.0, 0.0, 0.17711010128259658, 0.3783811628818512, 0.38115935027599335, 0.25572875142097473, 0.25572875142097473, 0.10592286288738251, 0.457630854845047, 0.1060529351234436, 0.45757882595062255, 0.030347127467393875, 0.09857378900051117]
[0.4642857142857143, 0.5, 0.3333333333333333, 0.42424242424242425, 0.6153846153846154, 0.5869565217391305, 0.0, 0.0, 0.49135795688651945, 0.49132430960867646, 0.5594741413743729, 0.4316261137825987, 0.6619615639959063, 0.6619615639959063, 0.5388672649860382, 0.0, 0.0, 0.0, 0.16912879794836044, 0.3812367096543312, 0.3824363201856613, 0.24375782907009125, 0.24375782907009125, 0.10282775014638901, 0.4588688999414444, 0.10311654955148697, 0.4587533801794052, 0.02991976961493492, 0.08385471068322659]
[0.4642857142857143, 0.5, 0.3333333333333333, 0.42424242424242425, 0.6153846153846154, 0.5869565217391305, 0.0, 0.0, 0.49322602329472964, 0.4931867075923752, 0.5035525728764999, 0.4881210372228645, 0.6675376849515098, 0.6675376849515098, 0.4830735921859741, 0.0, 0.0, 0.0, 0.13806374073028563, 0.39241667836904526, 0.3936796486377716, 0.2012244015932083, 0.2012244015932083, 0.10229566693305969, 0.45908173322677615, 0.10445371270179749, 0.458218514919281, 0.02997620590031147, 0.06598045583814383]
[0.4642857142857143, 0.5, 0.3333333333333333, 0.42424242424242425, 0.6153846153846154, 0.5869565217391305, 0.1596086621284485, 0.1555810123682022, 0.476110362926815, 0.47606996311512323, 0.44077585053489493, 0.5503191582309306, 0.64501377088683, 0.64501377088683, 0.4895762503147125, 0.0, 0.0, 0.0, 0.10948969200253486, 0.40365923196077347, 0.4033380299806595, 0.0, -0.0, 0.12144195288419724, 0.4514232188463211, 0.129411518573761, 0.4482353925704956, 0.030374666675925255, 0.019221826223656535]
[0.4642857142857143, 0.5, 0.3333333333333333, 0.42424242424242425, 0.6153846153846154, 0.5869565217391305, 0.026667103171348572, 0.026293320581316948, 0.4909307843298575, 0.4908938206176685, 0.4380738454840607, 0.5575559303142322, 0.6137622254235404, 0.6137622254235404, 0.4585023522377014, 0.0, 0.0, 0.0, 0.10326428040862083, 0.39870575070381165, 0.39662855863571167, 0.0, -0.0, 0.1706213504076004, 0.43175145983695984, 0.18743100762367249, 0.425027596950531, 0.030861660838127136, 0.009617389878258109]
[0.4642857142857143, 0.5, 0.3333333333333333, 0.42424242424242425, 0.6153846153846154, 0.5869565217391305, 0.0, 0.0, 0.5092218827677046, 0.5091863229842305, 0.45263678165968246, 0.5439579119937091, 0.5882354080677032, 0.5882354080677032, 0.4769272804260254, 0.0, 0.0, 0.0, 0.09750095903873443, 0.4032442644238472, 0.40158551931381226, 0.0, -0.0, 0.1743488311767578, 0.43026046752929686, 0.18910996615886688, 0.42435601353645325, 0.03193623200058937, 0.0021281017689034343]
[0.4642857142857143, 0.5, 0.3333333333333333, 0.42424242424242425, 0.6153846153846154, 0.5869565217391305, 0.0, 0.0, 0.5123914509270888, 0.5123560670798869, 0.4601684667412227, 0.5364725273557598, 0.5895677421774184, 0.5895677421774184, 0.48023873567581177, 0.0, 0.0, 0.0, 0.09689652994275093, 0.4061184674501419, 0.40638749301433563, 0.0, -0.0, 0.1763719767332077, 0.42945120930671693, 0.18995943665504456, 0.42401622533798217, 0.03235703706741333, 0.000508641533087939]
[0.4642857142857143, 0.5, 0.3333333333333333, 0.42424242424242425, 0.6153846153846154, 0.5869565217391305, 0.0, 0.0, 0.5082892474378272, 0.5082537061739606, 0.47745337637842955, 0.5192088853510064, 0.6271050657544818, 0.6271050657544818, 0.45147594809532166, 0.0, 0.0, 0.0, 0.11421587765216827, 0.4012850373983383, 0.40150026977062225, 0.0, -0.0, 0.17376406490802765, 0.4304943740367889, 0.18632066249847412, 0.42547173500061036, 0.032977357506752014, 0.01082917326129973]
[0.4642857142857143, 0.5, 0.3333333333333333, 0.42424242424242425, 0.6153846153846154, 0.5869565217391305, 0.0, 0.0, 0.5126225385907504, 0.5125873185708464, 0.48323018760571745, 0.5136796542102424, 0.6775035815579551, 0.6775035815579551, 0.4579146206378937, 0.0, 0.0, 0.0, 0.12053799852728843, 0.3987637609243393, 0.3980954885482788, 0.0, -0.0, 0.17105916142463684, 0.4315763354301453, 0.18424160778522491, 0.42630335688591003, 0.034024905413389206, 0.021516955457627773]
[0.4642857142857143, 0.5, 0.3333333333333333, 0.42424242424242425, 0.6153846153846154, 0.5869565217391305, 0.0, 0.0, 0.537294278637173, 0.5372605729513369, 0.48833697438809887, 0.509371272641837, 0.7588091492652893, 0.7588091492652893, 0.4623888432979584, 0.0, 0.0, 0.0, 0.1299800120294094, 0.3904270827770233, 0.38727448880672455, 0.0, -0.0, 0.1779184341430664, 0.4288326263427734, 0.1979718655347824, 0.420811253786087, 0.03632963076233864, 0.026237149722874165]
[0.4642857142857143, 0.5, 0.3333333333333333, 0.42424242424242425, 0.6153846153846154, 0.5869565217391305, 0.0, 0.0, 0.5521116970146136, 0.552078772001467, 0.49642026170831793, 0.5015541804629525, 0.773111879825592, 0.773111879825592, 0.480062335729599, 0.0, 0.0, 0.0, 0.1503156431019306, 0.3939589485526085, 0.3918808400630951, 0.0, -0.0, 0.17260940372943878, 0.4309562385082245, 0.19351747632026672, 0.4225930094718933, 0.039223331958055496, 0.03807964501902461]
[0.4642857142857143, 0.5, 0.3333333333333333, 0.42424242424242425, 0.6153846153846154, 0.5869565217391305, 0.0, 0.0, 0.571050013000605, 0.5710180965937802, 0.5032411350460855, 0.49507033477955015, 0.7856847132955279, 0.7856847132955279, 0.5126276463270187, 0.0, 0.0, 0.0, 0.16631486192345618, 0.3933870270848274, 0.39156974107027054, 0.24288706481456757, 0.24288706481456757, 0.16954997181892395, 0.43218001127243044, 0.18980969488620758, 0.424076122045517, 0.04090825468301773, 0.046921069733798504]
[0.4642857142857143, 0.5, 0.3333333333333333, 0.42424242424242425, 0.6153846153846154, 0.5869565217391305, 0.0, 0.0, 0.5275026031023685, 0.5274604667213177, 0.5195057767071186, 0.47781992432213605, 0.742512047290802, 0.742512047290802, 0.5580132603645325, 0.0, 0.0, 0.0, 0.1382794290781021, 0.39577122032642365, 0.3942452296614647, 0.0, -0.0, 0.1649634689092636, 0.4340146124362946, 0.1840233951807022, 0.42639064192771914, 0.042018789798021317, 0.052527524530887604]
[0.4642857142857143, 0.5, 0.3333333333333333, 0.42424242424242425, 0.6153846153846154, 0.5869565217391305, 0.0, 0.0, 0.522426733380294, 0.5223843776131223, 0.5076834283356001, 0.4895760458645761, 0.728146859577724, 0.728146859577724, 0.6093306243419647, 0.0, 0.0, 0.0, 0.11013096272945404, 0.4242199510335922, 0.4230979382991791, 0.0, -0.0, 0.170789435505867, 0.4316842257976532, 0.18973574042320251, 0.424105703830719, 0.04132169112563133, 0.03718205261975527]
[0.4642857142857143, 0.5, 0.3333333333333333, 0.42424242424242425, 0.6153846153846154, 0.5869565217391305, 0.0, 0.0, 0.508166515861369, 0.5081214626421208, 0.5145960079210439, 0.4800060699769639, 0.731671793120248, 0.731671793120248, 0.6245517879724503, 0.0, 0.0, 0.0, 0.14382083490490913, 0.39796650409698486, 0.40340641885995865, 0.21162889897823334, 0.21162889897823334, 0.1704261600971222, 0.43182953596115115, 0.18539868295192719, 0.4258405268192291, 0.04026351496577263, 0.03880087053403258]
[0.4642857142857143, 0.5, 0.3333333333333333, 0.42424242424242425, 0.6153846153846154, 0.5869565217391305, 0.0, 0.0, 0.5016437093754001, 0.5015975364321846, 0.5236651780044599, 0.46996266453894736, 0.7535662821360998, 0.7535662821360998, 0.6357549130916595, 0.0, 0.0, 0.0, 0.19780358225107192, 0.3613567352294922, 0.36728429794311523, 0.2854406237602234, 0.2854406237602234, 0.16632629930973053, 0.43346948027610777, 0.17374157905578613, 0.43050336837768555, 0.03822599723935127, 0.07336067501455545]
[0.4642857142857143, 0.5, 0.3333333333333333, 0.42424242424242425, 0.6153846153846154, 0.5869565217391305, 0.0, 0.0, 0.5046756585087648, 0.5046303399605231, 0.5142001456102039, 0.4802714246130304, 0.7439308081354414, 0.7439308081354414, 0.6332567185163498, 0.0, 0.0, 0.0, 0.21668154895305633, 0.35850822925567627, 0.3646516799926758, 0.3112962245941162, 0.3112962245941162, 0.1617514193058014, 0.4352994322776794, 0.16677699983119965, 0.43328920006752014, 0.03721686825156212, 0.08221191354095936]
[0.4642857142857143, 0.5, 0.3333333333333333, 0.42424242424242425, 0.6153846153846154, 0.5869565217391305, 0.0, 0.0, 0.5042647874805485, 0.504219049035819, 0.5118599161078323, 0.4820561449518117, 0.7143426792962211, 0.7143426792962211, 0.6450753062963486, 0.0, 0.0, 0.0, 0.2284078687429428, 0.35480356216430664, 0.36166176199913025, 0.3289145529270172, 0.3289145529270172, 0.1603097766637802, 0.4358760893344879, 0.1636403501033783, 0.4345438599586487, 0.03652236610651016, 0.08703823201358318]
[0.4642857142857143, 0.5, 0.3333333333333333, 0.42424242424242425, 0.6153846153846154, 0.5869565217391305, 0.0, 0.0, 0.5097963439005055, 0.5097515114919633, 0.5000970599724133, 0.4945786534435612, 0.7142552946295058, 0.7142552946295058, 0.6489713937044144, 0.0, 0.0, 0.0, 0.2886206746101379, 0.32047516107559204, 0.32281066477298737, 0.40923047065734863, 0.40923047065734863, 0.1634310930967331, 0.43462756276130676, 0.1668281853199005, 0.4332687258720398, 0.03815415874123573, 0.09455068968236446]
[0.4642857142857143, 0.5, 0.3333333333333333, 0.42424242424242425, 0.6153846153846154, 0.5869565217391305, 0.0, 0.0, 0.516260762515533, 0.5162163852619623, 0.49086430891066163, 0.503953352890274, 0.7200981037957328, 0.7200981037957328, 0.6488064825534821, 0.0, 0.0, 0.0, 0.29943456947803493, 0.31353652477264404, 0.31772957742214203, 0.4258096218109131, 0.4258096218109131, 0.1661960333585739, 0.4335215866565704, 0.17057520151138306, 0.4317699193954468, 0.040273912250995636, 0.1015792042016983]
[0.4642857142857143, 0.5, 0.3333333333333333, 0.42424242424242425, 0.6153846153846154, 0.5869565217391305, 0.0, 0.0, 0.5100928770082631, 0.5100467439534332, 0.4847962611833904, 0.5080229768283002, 0.7304215005465917, 0.7304215005465917, 0.6504319608211517, 0.0, 0.0, 0.0, 0.29044752717018124, 0.3291949927806854, 0.33368921279907227, 0.4120820164680481, 0.4120820164680481, 0.16531772911548615, 0.43387290835380554, 0.1699824035167694, 0.43200703859329226, 0.04012510925531387, 0.10234441608190536]
[0.4642857142857143, 0.5, 0.3333333333333333, 0.42424242424242425, 0.6153846153846154, 0.5869565217391305, 0.0, 0.0, 0.49570096442280037, 0.4956572674086627, 0.4840306463592595, 0.5130047598208292, 0.7566526532173157, 0.7566526532173157, 0.45754408836364746, 0.0, 0.0, 0.0, 0.3826309621334076, 0.2050936222076416, 0.20199301838874817, 0.5432302355766296, 0.5432302355766296, 0.16966496407985687, 0.43213401436805726, 0.18440693616867065, 0.42623722553253174, 0.048739030957221985, 0.10347337462008]
[0.4642857142857143, 0.5, 0.3333333333333333, 0.42424242424242425, 0.6153846153846154, 0.5869565217391305, 0.0, 0.0, 0.47783252972945656, 0.47779127374205943, 0.49630937983155476, 0.5009005636780891, 0.728950138602938, 0.728950138602938, 0.26019325852394104, 0.0, 0.0, 0.0, 0.41068488359451294, 0.1573006808757782, 0.15844258666038513, 0.5908599495887756, 0.5908599495887756, 0.19984832406044006, 0.42006067037582395, 0.2269303947687149, 0.40922784209251406, 0.05750932916998863, 0.015553999692201614]
[0.4642857142857143, 0.5, 0.3333333333333333, 0.42424242424242425, 0.6153846153846154, 0.5869565217391305, 0.05965793877840042, 0.05851949751377106, 0.45542648702460997, 0.45538370673104867, 0.4482498741058729, 0.5481340571532007, 0.6343207827636175, 0.6343207827636175, 0.20303556323051453, 0.0, 0.0, 0.0, 0.43722185194492336, 0.14685505628585815, 0.14391663670539856, 0.6239878535270691, 0.6239878535270691, 0.23906490206718445, 0.4043740391731262, 0.2716772258281708, 0.3913291096687317, 0.06372372061014175, 0.08270580321550369]
[0.4642857142857143, 0.5, 0.3333333333333333, 0.42424242424242425, 0.6153846153846154, 0.5869565217391305, 0.07928381860256195, 0.07808620482683182, 0.44780822990045493, 0.44776513904731996, 0.4527277385755433, 0.5436483574649293, 0.640076803309577, 0.640076803309577, 0.1964743435382843, 0.0, 0.0, 0.0, 0.4271706998348236, 0.14625269174575806, 0.14206740260124207, 0.6089721918106079, 0.6089721918106079, 0.24385729432106018, 0.40245708227157595, 0.27577880024909973, 0.3896884799003601, 0.06404438614845276, 0.09935778565704823]
[0.4642857142857143, 0.5, 0.3333333333333333, 0.42424242424242425, 0.6153846153846154, 0.5869565217391305, 0.11881151795387268, 0.11792963743209839, 0.4443060467393631, 0.4442629558862281, 0.4665744360500722, 0.5299645292548737, 0.6728098860808782, 0.6728098860808782, 0.22741985321044922, 0.0, 0.0, 0.0, 0.4138780891895294, 0.15677857398986816, 0.14954397082328796, 0.5883137583732605, 0.5883137583732605, 0.24487213790416718, 0.40205114483833315, 0.27358707785606384, 0.3905651688575745, 0.06221591681241989, 0.10958983562886715]
[0.4642857142857143, 0.5, 0.3333333333333333, 0.42424242424242425, 0.6153846153846154, 0.5869565217391305, 0.11335424333810806, 0.11249329894781113, 0.4449063954344215, 0.4448633159779682, 0.47907851325850187, 0.5174505910676884, 0.6681569984980993, 0.6681569984980993, 0.2254258394241333, 0.0, 0.0, 0.0, 0.38212281465530396, 0.1680736541748047, 0.16291949152946472, 0.5454651117324829, 0.5454651117324829, 0.24276600778102875, 0.4028935968875885, 0.2670116722583771, 0.39319533109664917, 0.05841793492436409, 0.11651388369500637]
[0.4642857142857143, 0.5, 0.3333333333333333, 0.42424242424242425, 0.6153846153846154, 0.5869565217391305, 0.10921069979667664, 0.1085212305188179, 0.44831554178526023, 0.4482725762956229, 0.4843471635482051, 0.5121592827503763, 0.6645272885050093, 0.6645272885050093, 0.21242371201515198, 0.0, 0.0, 0.0, 0.298624387383461, 0.20890900492668152, 0.20272734761238098, 0.4270307421684265, 0.4270307421684265, 0.23530833423137665, 0.40587666630744934, 0.2479856014251709, 0.40080575942993163, 0.0478128157556057, 0.11946345679461956]
[0.4642857142857143, 0.5, 0.3333333333333333, 0.42424242424242425, 0.6153846153846154, 0.5869565217391305, 0.11198874562978745, 0.11144808679819107, 0.4539514886033694, 0.453908714008149, 0.4878688022693758, 0.5085948423668664, 0.67215091415814, 0.67215091415814, 0.22900578379631042, 0.0, 0.0, 0.0, 0.2189186558127403, 0.2660733461380005, 0.25860947370529175, 0.3142334222793579, 0.3142334222793579, 0.20466230809688568, 0.4181350767612457, 0.21107278764247894, 0.4155708849430084, 0.04163862019777298, 0.11779062449932098]
[0.4642857142857143, 0.5, 0.3333333333333333, 0.42424242424242425, 0.6153846153846154, 0.5869565217391305, 0.05022844299674034, 0.050084978342056274, 0.4678709880799682, 0.46782877477131657, 0.4977412487577868, 0.49871928440630503, 0.674155673810414, 0.674155673810414, 0.24085643887519836, 0.0, 0.0, 0.0, 0.18132799863815308, 0.2991510182619095, 0.292599156498909, 0.2610287070274353, 0.2610287070274353, 0.19666846096515656, 0.42133261561393737, 0.20360107719898224, 0.4185595691204071, 0.037048425525426865, 0.11365829035639763]
[0.4642857142857143, 0.5, 0.3333333333333333, 0.42424242424242425, 0.6153846153846154, 0.5869565217391305, 0.006600839085876942, 0.006669060792773962, 0.4781694683472467, 0.478127773587608, 0.5153944166964828, 0.48130891582427426, 0.6253640566553389, 0.6253640566553389, 0.2126697301864624, 0.0, 0.0, 0.0, 0.21635046452283857, 0.2995653599500656, 0.2943212240934372, 0.3133280575275421, 0.3133280575275421, 0.18290629982948303, 0.42683748006820676, 0.18908996880054474, 0.4243640124797821, 0.0350603349506855, 0.11694937944412231]
[0.4642857142857143, 0.5, 0.3333333333333333, 0.42424242424242425, 0.6153846153846154, 0.5869565217391305, 0.0, 0.0, 0.48329953213950644, 0.48325790860912765, 0.5435025212185789, 0.45333035310818587, 0.6230548662798746, 0.6230548662798746, 0.20295527577400208, 0.0, 0.0, 0.0, 0.2452793538570404, 0.28437015414237976, 0.2801901549100876, 0.35868263244628906, 0.35868263244628906, 0.16791078448295593, 0.4328356862068176, 0.17495298385620117, 0.43001880645751955, 0.03603513166308403, 0.12738819234073162]
[0.4642857142857143, 0.5, 0.3333333333333333, 0.42424242424242425, 0.6153846153846154, 0.5869565217391305, 0.0, 0.0, 0.48750317820399486, 0.4874544858818528, 0.5718926893365542, 0.4254284273775262, 0.6380617618560791, 0.6380617618560791, 0.20598575472831726, 0.0, 0.0, 0.0, 0.32189737707376476, 0.24334561824798584, 0.2366308569908142, 0.4700404107570648, 0.4700404107570648, 0.16323614120483398, 0.4347055435180664, 0.17008228600025177, 0.43196708559989927, 0.04183076694607735, 0.1460597850382328]
[0.4642857142857143, 0.5, 0.3333333333333333, 0.42424242424242425, 0.6153846153846154, 0.5869565217391305, 0.0, 0.0, 0.48985700323522435, 0.4898085901317815, 0.6064649731433642, 0.39183972847798537, 0.6056797078677586, 0.6056797078677586, 0.23315298557281494, 0.0, 0.0, 0.0, 0.41530750691890717, 0.18748143315315247, 0.1791079044342041, 0.5938629508018494, 0.5938629508018494, 0.19912005960941315, 0.42035197615623476, 0.19572997093200684, 0.4217080116271973, 0.07056676596403122, 0.1922968029975891]
[0.4642857142857143, 0.5, 0.3333333333333333, 0.42424242424242425, 0.6153846153846154, 0.5869565217391305, 0.0, 0.0, 0.4860904726198025, 0.48604166633084445, 0.615800758620749, 0.38253079358245357, 0.5901964008808136, 0.5901964008808136, 0.23272714018821716, 0.0, 0.0, 0.0, 0.49085896909236904, 0.14207059144973755, 0.13563674688339233, 0.6951414942741394, 0.6951414942741394, 0.22513838112354279, 0.4099446475505829, 0.22135616838932037, 0.4114575326442719, 0.09130281955003738, 0.20968446508049965]
[0.4642857142857143, 0.5, 0.3333333333333333, 0.42424242424242425, 0.6153846153846154, 0.5869565217391305, 0.0, 0.0, 0.4862051446054907, 0.48615621722679064, 0.5940679307193647, 0.4035427870708893, 0.607792820249285, 0.607792820249285, 0.20974129438400269, 0.0, 0.0, 0.0, 0.5230038344860076, 0.13411304354667664, 0.12670382857322693, 0.747150719165802, 0.747150719165802, 0.23652184009552002, 0.405391263961792, 0.23533174395561218, 0.40586730241775515, 0.10402949899435043, 0.21249400451779366]
[0.4642857142857143, 0.5, 0.3333333333333333, 0.42424242424242425, 0.6153846153846154, 0.5869565217391305, 0.018540149554610252, 0.018543899059295654, 0.47053064021280117, 0.4704807711832838, 0.5542980706030735, 0.44233143848802525, 0.6398968824318477, 0.6398968824318477, 0.19831925630569458, 0.0, 0.0, 0.0, 0.5275967299938201, 0.12481334805488586, 0.11989983916282654, 0.7558624148368835, 0.7558624148368835, 0.24312782287597656, 0.40274887084960936, 0.24290968477725983, 0.4028361260890961, 0.10710594803094864, 0.21032996475696564]
[0.4642857142857143, 0.5, 0.3333333333333333, 0.42424242424242425, 0.6153846153846154, 0.5869565217391305, 0.012781885452568531, 0.012780262157320976, 0.4571753477047324, 0.45712576359225504, 0.5848409037745022, 0.41347214591612047, 0.6544313899108343, 0.6544313899108343, 0.19589146971702576, 0.0, 0.0, 0.0, 0.5253585070371627, 0.11726954579353333, 0.11467981338500977, 0.7562171816825867, 0.7562171816825867, 0.24553394317626953, 0.40178642272949217, 0.25183019042015076, 0.3992679238319397, 0.10687334835529327, 0.17388712614774704]
[0.4642857142857143, 0.5, 0.3333333333333333, 0.42424242424242425, 0.6153846153846154, 0.5869565217391305, 0.0, 0.0, 0.45513614516413237, 0.4550864214423054, 0.5538292965971033, 0.4438332248093699, 0.6138704930033003, 0.6138704930033003, 0.2192385196685791, 0.0, 0.0, 0.0, 0.5253970593214035, 0.12654098868370056, 0.12481081485748291, 0.755630373954773, 0.755630373954773, 0.24191206693649292, 0.4032351732254028, 0.2507294714450836, 0.39970821142196655, 0.10418060421943665, 0.152176758274436]
[0.4642857142857143, 0.5, 0.3333333333333333, 0.42424242424242425, 0.6153846153846154, 0.5869565217391305, 0.0, 0.0, 0.4606215475166277, 0.46057199189585435, 0.5051395483243761, 0.49184936473697316, 0.5813520933900561, 0.5813520933900561, 0.20090210437774658, 0.0, 0.0, 0.0, 0.5308100461959838, 0.1252729594707489, 0.12404397130012512, 0.7601175904273987, 0.7601175904273987, 0.24119053781032562, 0.40352378487586976, 0.25719666481018066, 0.39712133407592776, 0.10156036168336868, 0.11708533391356468]
[0.4642857142857143, 0.5, 0.3333333333333333, 0.42424242424242425, 0.6153846153846154, 0.5869565217391305, 0.0, 0.0, 0.4809387423112333, 0.48089054859391134, 0.4546205165509284, 0.5427121692195627, 0.5180388476167407, 0.5180388476167407, 0.18817690014839172, 0.0, 0.0, 0.0, 0.5417387217283248, 0.12489911913871765, 0.12488913536071777, 0.7765620350837708, 0.7765620350837708, 0.24122340977191925, 0.4035106360912323, 0.26461076736450195, 0.39415569305419923, 0.10194678604602814, 0.038040082436054945]
[0.4642857142857143, 0.5, 0.3333333333333333, 0.42424242424242425, 0.6153846153846154, 0.5869565217391305, 0.0, 0.0, 0.4831872620044657, 0.4831394799922666, 0.4030315967180533, 0.5950981145556474, 0.48477260129792354, 0.48477260129792354, 0.17790472507476807, 0.0, 0.0, 0.0, 0.5430547565221786, 0.13813164830207825, 0.13958978652954102, 0.7787678837776184, 0.7787678837776184, 0.24030527472496033, 0.40387789011001585, 0.27101704478263855, 0.3915931820869446, 0.10811962187290192, 0.001264356542378664]
[0.4642857142857143, 0.5, 0.3333333333333333, 0.42424242424242425, 0.6153846153846154, 0.5869565217391305, 0.0, 0.0, 0.4848826665495367, 0.48483966402068424, 0.36591598955668636, 0.6325912823817875, 0.4923900961875916, 0.4923900961875916, 0.17687579989433289, 0.0, 0.0, 0.0, 0.5177849858999252, 0.1487973928451538, 0.15207606554031372, 0.7405335903167725, 0.7405335903167725, 0.24466823041439056, 0.40213270783424376, 0.29263460636138916, 0.38294615745544436, 0.10966742783784866, 0.0]
[0.4642857142857143, 0.5, 0.3333333333333333, 0.42424242424242425, 0.6153846153846154, 0.5869565217391305, 0.0, 0.0, 0.4817836666426285, 0.4817402837495275, 0.3484252287826392, 0.6501691024065879, 0.5549735682351249, 0.5549735682351249, 0.2452026605606079, 0.0, 0.0, 0.0, 0.5137014478445053, 0.15089741349220276, 0.15497341752052307, 0.735020101070404, 0.735020101070404, 0.2475469559431076, 0.40098121762275696, 0.3017415702342987, 0.3793033719062805, 0.11364468932151794, 0.0]
[0.4642857142857143, 0.5, 0.3333333333333333, 0.42424242424242425, 0.6153846153846154, 0.5869565217391305, 0.8389601111412048, 0.8088808059692383, 0.3819309598401217, 0.3818862848482442, 0.46307212467631237, 0.5376878253195932, 0.6517932031835829, 0.6517932031835829, 0.2613968551158905, 0.0, 0.0, 0.0, 0.5066057831048966, 0.14335790276527405, 0.14614799618721008, 0.7253860235214233, 0.7253860235214233, 0.2435210794210434, 0.40259156823158265, 0.29678890109062195, 0.3855824955674105, 0.11991439759731293, 0.0]
[0.4642857142857143, 0.5, 0.3333333333333333, 0.42424242424242425, 0.6153846153846154, 0.5869565217391305, 0.06210857257246971, 0.05659157782793045, 0.3620280914051355, 0.3619862313936135, 0.7926591705409792, 0.22033513567365098, 0.6330805378300803, 0.6330805378300803, 0.32836511731147766, 0.0, 0.0, 0.0, 0.48771505951881405, 0.1582525670528412, 0.16185235977172852, 0.7010944485664368, 0.7010944485664368, 0.21262896060943604, 0.4149484157562256, 0.2533673346042633, 0.4103100091912026, 0.11829208582639694, 0.0]
[0.4642857142857143, 0.5, 0.3333333333333333, 0.42424242424242425, 0.6153846153846154, 0.5869565217391305, 0.011973478831350803, 0.0, 0.37286918477847975, 0.37282647001583763, 0.762606371885048, 0.24775106131410002, 0.6443093291350774, 0.6443093291350774, 0.33914655447006226, 0.0, 0.0, 0.0, 0.4832476675510406, 0.1734008491039276, 0.1801196038722992, 0.6960852146148682, 0.6960852146148682, 0.20324094593524933, 0.41870362162590025, 0.24238638579845428, 0.4107065810713657, 0.11792011559009552, 0.0]
[0.4642857142857143, 0.5, 0.3333333333333333, 0.42424242424242425, 0.6153846153846154, 0.5869565217391305, 0.0, 0.0, 0.3803130869199851, 0.38027037215734305, 0.7560322872767258, 0.2537747089944373, 0.6643645891121456, 0.6643645891121456, 0.3345913589000702, 0.0, 0.0, 0.0, 0.48339113295078273, 0.1796591877937317, 0.18554842472076416, 0.6965525150299072, 0.6965525150299072, 0.1979270577430725, 0.420829176902771, 0.23743395507335663, 0.4069417992303538, 0.11858747154474258, 0.005759184714406729]
[0.4642857142857143, 0.5, 0.3333333333333333, 0.42424242424242425, 0.6153846153846154, 0.5869565217391305, 0.4443862736225128, 0.4262605905532837, 0.37591771733008655, 0.3758715151828744, 0.35154753205425193, 0.6489324826760634, 0.5924702542168754, 0.5924702542168754, 0.22243300080299377, 0.0, 0.0, 0.0, 0.5305380314588546, 0.15618154406547546, 0.159316748380661, 0.7573299407958984, 0.7573299407958984, 0.26386454701423645, 0.3944541811943054, 0.33960381150245667, 0.3944788838541785, 0.13808076083660126, 0.0]
[0.4642857142857143, 0.5, 0.3333333333333333, 0.42424242424242425, 0.6153846153846154, 0.5869565217391305, 0.14877986907958984, 0.1437349170446396, 0.4438623625279385, 0.44381783569292177, 0.3772674719188683, 0.6213776029951892, 0.5365410021373204, 0.5365410021373204, 0.13187751173973083, 0.0, 0.0, 0.0, 0.5213468164205551, 0.14257213473320007, 0.136520117521286, 0.7414110898971558, 0.7414110898971558, 0.30247753858566284, 0.37900898456573484, 0.3672972619533539, 0.3542057857956997, 0.13672515749931335, 0.0]
[0.4642857142857143, 0.5, 0.3333333333333333, 0.42424242424242425, 0.6153846153846154, 0.5869565217391305, 0.03230080381035805, 0.03068670630455017, 0.46684865160608385, 0.4668042444362239, 0.43314727086637944, 0.5636298672767209, 0.4586327501705715, 0.4586327501705715, 0.13424047827720642, 0.0, 0.0, 0.0, 0.5301447689533233, 0.1312580704689026, 0.12632280588150024, 0.760059118270874, 0.760059118270874, 0.2773778438568115, 0.3890488624572754, 0.3191579282283783, 0.3723368287086487, 0.11932244151830673, 0.0]
[0.4642857142857143, 0.5, 0.3333333333333333, 0.42424242424242425, 0.6153846153846154, 0.5869565217391305, 0.02982391230762005, 0.028481382876634598, 0.46942966378669665, 0.46938515689587273, 0.44767868382069165, 0.5487123974315017, 0.45141805495534626, 0.45141805495534626, 0.13533541560173035, 0.0, 0.0, 0.0, 0.5365416318178177, 0.12379470467567444, 0.11748391389846802, 0.7688677906990051, 0.7688677906990051, 0.2612977921962738, 0.3954808831214905, 0.295510858297348, 0.3817956566810608, 0.11211302131414413, 0.05592158064246178]
[0.4642857142857143, 0.5, 0.3333333333333333, 0.42424242424242425, 0.6153846153846154, 0.5869565217391305, 0.030930763110518456, 0.02988549694418907, 0.46816486576091265, 0.46811409069520793, 0.45487385053707585, 0.5415926959792191, 0.4587429549012866, 0.4587429549012866, 0.14321717619895935, 0.0, 0.0, 0.0, 0.5388728976249695, 0.1232561469078064, 0.11643019318580627, 0.7717052102088928, 0.7717052102088928, 0.2533780634403229, 0.3986487746238708, 0.282958060503006, 0.3868167757987976, 0.10875273495912552, 0.07765497546643019]
[0.4642857142857143, 0.5, 0.3333333333333333, 0.42424242424242425, 0.6153846153846154, 0.5869565217391305, 0.036922309547662735, 0.03635459020733833, 0.4696549533885934, 0.4696042182112743, 0.47405807842032177, 0.5223639198921785, 0.45031992452485226, 0.45031992452485226, 0.1453332006931305, 0.0, 0.0, 0.0, 0.5421620041131973, 0.12137556076049805, 0.11251944303512573, 0.7759021520614624, 0.7759021520614624, 0.24559703469276428, 0.4017611861228943, 0.27293962240219116, 0.39082415103912355, 0.10577138513326645, 0.09867029264569283]
[0.4642857142857143, 0.5, 0.3333333333333333, 0.42424242424242425, 0.6153846153846154, 0.5869565217391305, 0.03995228931307793, 0.039481740444898605, 0.4681826702267444, 0.46813185242348376, 0.48744076570178996, 0.5089636218884657, 0.4440849167960031, 0.4440849167960031, 0.14739397168159485, 0.0, 0.0, 0.0, 0.5448072791099547, 0.1210780143737793, 0.11200135946273804, 0.7793541550636292, 0.7793541550636292, 0.2392161637544632, 0.4043135344982147, 0.26486271619796753, 0.394054913520813, 0.10517556220293045, 0.10986075736582279]
[0.4642857142857143, 0.5, 0.3333333333333333, 0.42424242424242425, 0.6153846153846154, 0.5869565217391305, 0.02118338644504547, 0.021061424165964127, 0.47327267325858996, 0.47322178422606925, 0.5163189924355902, 0.47995355976648535, 0.4512457975319454, 0.4512457975319454, 0.14969384670257568, 0.0, 0.0, 0.0, 0.555346405506134, 0.11996304988861084, 0.11016395688056946, 0.7918974757194519, 0.7918974757194519, 0.2405281513929367, 0.40378873944282534, 0.2626948356628418, 0.39492206573486327, 0.11511185020208359, 0.13694863766431808]
[0.4642857142857143, 0.5, 0.3333333333333333, 0.42424242424242425, 0.6153846153846154, 0.5869565217391305, 0.015354650095105171, 0.015280255116522312, 0.48071718227339066, 0.48066645136982716, 0.5438958833823925, 0.4525129603103693, 0.45865065285137724, 0.45865065285137724, 0.17951154708862305, 0.0, 0.0, 0.0, 0.5634058982133865, 0.11962664127349854, 0.10987910628318787, 0.8005861043930054, 0.8005861043930054, 0.24054107069969177, 0.4037835717201233, 0.2584180235862732, 0.3966327905654907, 0.11978793889284134, 0.15846921131014824]
[0.4642857142857143, 0.5, 0.3333333333333333, 0.42424242424242425, 0.6153846153846154, 0.5869565217391305, 0.016652103513479233, 0.01657847873866558, 0.47906459363651094, 0.4790136632910194, 0.563889797057522, 0.4327086161878273, 0.484204398734229, 0.484204398734229, 0.1919342577457428, 0.0, 0.0, 0.0, 0.5684456288814544, 0.12349101901054382, 0.1121918261051178, 0.8065381050109863, 0.8065381050109863, 0.2369850128889084, 0.40520599484443665, 0.24797046184539795, 0.40081181526184084, 0.13151562213897705, 0.17786184325814247]
[0.4642857142857143, 0.5, 0.3333333333333333, 0.42424242424242425, 0.6153846153846154, 0.5869565217391305, 0.015366722829639912, 0.015287998132407665, 0.478737555885862, 0.4786865528865253, 0.5691945819508277, 0.42743958838304597, 0.4848379535334451, 0.4848379535334451, 0.21367695927619934, 0.0, 0.0, 0.0, 0.5704489707946777, 0.1280824840068817, 0.11582711338996887, 0.8090314865112305, 0.8090314865112305, 0.23678946495056152, 0.4052842140197754, 0.2432541698217392, 0.40269833207130434, 0.13953092694282532, 0.18647119402885437]
[0.4642857142857143, 0.5, 0.3333333333333333, 0.42424242424242425, 0.6153846153846154, 0.5869565217391305, 0.013770411722362041, 0.013694827444851398, 0.4788499257418667, 0.478798908496678, 0.5752047245634674, 0.4215259528702071, 0.49136132001876837, 0.49136132001876837, 0.2143777310848236, 0.0, 0.0, 0.0, 0.5726023077964782, 0.1342335343360901, 0.12168872356414795, 0.8118829131126404, 0.8118829131126404, 0.2373693734407425, 0.405052250623703, 0.23982863128185272, 0.4040685474872589, 0.14771652221679688, 0.19573643803596497]
[0.4642857142857143, 0.5, 0.3333333333333333, 0.42424242424242425, 0.6153846153846154, 0.5869565217391305, 0.009547218680381775, 0.009511756710708141, 0.47900910889213444, 0.4789580631552417, 0.5777151969833082, 0.41903739626908576, 0.49867355397769386, 0.49867355397769386, 0.2051580548286438, 0.0, 0.0, 0.0, 0.5745335936546325, 0.13218623399734497, 0.120464026927948, 0.8147497773170471, 0.8147497773170471, 0.23758161067962646, 0.4049673557281494, 0.23750253021717072, 0.4049989879131317, 0.1492019146680832, 0.2036343328654766]
[0.4642857142857143, 0.5, 0.3333333333333333, 0.42424242424242425, 0.6153846153846154, 0.5869565217391305, 0.015154708176851273, 0.015130532905459404, 0.47857330406145204, 0.47852227969333727, 0.5725633441604119, 0.42412012251972875, 0.5104344018868038, 0.5104344018868038, 0.2105216383934021, 0.0, 0.0, 0.0, 0.5755173027515411, 0.13221070170402527, 0.12036386132240295, 0.8163697719573975, 0.8163697719573975, 0.2380252629518509, 0.40478989481925964, 0.23714643716812134, 0.4051414251327515, 0.1535470187664032, 0.20390231162309647]
[0.4642857142857143, 0.5, 0.3333333333333333, 0.42424242424242425, 0.6153846153846154, 0.5869565217391305, 0.009853231720626354, 0.00985000655055046, 0.48147274095059356, 0.4814207478645427, 0.5738543887439239, 0.4228533699630501, 0.5173508397170475, 0.5173508397170475, 0.22685429453849792, 0.0, 0.0, 0.0, 0.5759099185466766, 0.13342705368995667, 0.12117603421211243, 0.8169265389442444, 0.8169265389442444, 0.238250732421875, 0.40469970703125, 0.23669998347759247, 0.405320006608963, 0.15683014690876007, 0.20432544872164726]
[0.4642857142857143, 0.5, 0.3333333333333333, 0.42424242424242425, 0.6153846153846154, 0.5869565217391305, 0.006486997473984957, 0.006485602352768183, 0.48172364174521903, 0.481671604497027, 0.5806510904323074, 0.41613380671408573, 0.5158110601561411, 0.5158110601561411, 0.22956082224845886, 0.0, 0.0, 0.0, 0.5758738696575164, 0.13615962862968445, 0.12291818857192993, 0.816493809223175, 0.816493809223175, 0.23729391396045685, 0.40508243441581726, 0.23481354117393494, 0.406074583530426, 0.15778617560863495, 0.20766030997037888]
[0.4642857142857143, 0.5, 0.3333333333333333, 0.42424242424242425, 0.6153846153846154, 0.5869565217391305, 0.0, 0.0, 0.5030405481077062, 0.5029912546106096, 0.47835840111024974, 0.5192630452311467, 0.5666407942771912, 0.5666407942771912, 0.30470263957977295, 0.0, 0.0, 0.0, 0.575926274061203, 0.16005569696426392, 0.1447920799255371, 0.8165700435638428, 0.8165700435638428, 0.23590081930160522, 0.40563967227935793, 0.23109665513038635, 0.40756133794784544, 0.17143258452415466, 0.21330177783966064]
[0.4642857142857143, 0.5, 0.3333333333333333, 0.42424242424242425, 0.6153846153846154, 0.5869565217391305, 0.0, 0.0, 0.49663658568325736, 0.4965870752930641, 0.4591231317638667, 0.5385945695257501, 0.5700218890394484, 0.5700218890394484, 0.28491467237472534, 0.0, 0.0, 0.0, 0.5770983427762985, 0.16052654385566711, 0.1444154679775238, 0.818881630897522, 0.818881630897522, 0.23715010285377502, 0.40513995885848997, 0.229662224650383, 0.4081351101398468, 0.18968740105628967, 0.21984640508890152]
[0.4642857142857143, 0.5, 0.3333333333333333, 0.42424242424242425, 0.6153846153846154, 0.5869565217391305, 0.0, 0.0, 0.49996424814793916, 0.49991498214088514, 0.4734822211940248, 0.5243317849042944, 0.5715608383928027, 0.5715608383928027, 0.27377578616142273, 0.0, 0.0, 0.0, 0.5825913548469543, 0.1513696312904358, 0.13358378410339355, 0.826636791229248, 0.826636791229248, 0.24244804680347443, 0.40302078127861024, 0.23177984356880188, 0.40728806257247924, 0.21268333494663239, 0.2320851944386959]
[0.4642857142857143, 0.5, 0.3333333333333333, 0.42424242424242425, 0.6153846153846154, 0.5869565217391305, 0.0, 0.0, 0.496770410148523, 0.4967209179217911, 0.4941453836274193, 0.5036234702429803, 0.5988219806126186, 0.5988219806126186, 0.2925319969654083, 0.0, 0.0, 0.0, 0.5840523153543472, 0.15158408880233765, 0.13454803824424744, 0.8283049464225769, 0.8283049464225769, 0.244185671210289, 0.4023257315158844, 0.22948579490184784, 0.4082056820392609, 0.21210956573486328, 0.24337196722626686]
[0.4642857142857143, 0.5, 0.3333333333333333, 0.42424242424242425, 0.6153846153846154, 0.5869565217391305, 0.0, 0.0, 0.492236741471245, 0.4921866573293624, 0.5259220087277502, 0.47164146981726596, 0.6024778953620366, 0.6024778953620366, 0.3081658184528351, 0.0, 0.0, 0.0, 0.5842613279819489, 0.15439578890800476, 0.13755902647972107, 0.8275067210197449, 0.8275067210197449, 0.24424700438976288, 0.4023011982440948, 0.2251983880996704, 0.40992064476013185, 0.20920239388942719, 0.2531295455992222]
[0.4642857142857143, 0.5, 0.3333333333333333, 0.42424242424242425, 0.6153846153846154, 0.5869565217391305, 0.2839166224002838, 0.28417736291885376, 0.4005547559056182, 0.4005006444613747, 0.6287318210528868, 0.37066113829790015, 0.657294946057456, 0.657294946057456, 0.32162055373191833, 0.0, 0.0, 0.0, 0.5783997952938079, 0.1344250738620758, 0.12391635775566101, 0.8141430020332336, 0.8141430020332336, 0.237676203250885, 0.404929518699646, 0.2270730882883072, 0.4091707646846771, 0.17261658608913422, 0.2546113356947899]
[0.4642857142857143, 0.5, 0.3333333333333333, 0.42424242424242425, 0.6153846153846154, 0.5869565217391305, 0.026226697489619255, 0.026197854429483414, 0.48010418611092504, 0.4800523397571498, 0.6267580297663381, 0.3715227388236486, 0.5896240472793579, 0.5896240472793579, 0.2886708378791809, 0.0, 0.0, 0.0, 0.5788509905338287, 0.13122838735580444, 0.12155130505561829, 0.8145291805267334, 0.8145291805267334, 0.23319987952709198, 0.4067200481891632, 0.22298721969127655, 0.41080511212348936, 0.16652074456214905, 0.25245819240808487]
[0.4642857142857143, 0.5, 0.3333333333333333, 0.42424242424242425, 0.6153846153846154, 0.5869565217391305, 0.0, 0.0, 0.48246418244524164, 0.48241221215255403, 0.604263510348464, 0.3931276446723979, 0.5449028951781137, 0.5449028951781137, 0.25243398547172546, 0.0, 0.0, 0.0, 0.5797851741313934, 0.1319791078567505, 0.12134549021720886, 0.8170713782310486, 0.8170713782310486, 0.23387295007705688, 0.40645081996917726, 0.22335784137248993, 0.41065686345100405, 0.16463115811347961, 0.2446848712861538]
[0.4642857142857143, 0.5, 0.3333333333333333, 0.42424242424242425, 0.6153846153846154, 0.5869565217391305, 0.0, 0.0, 0.4838897392125248, 0.4838361748089982, 0.5831847835909112, 0.41355235576123117, 0.5173544585704803, 0.5173544585704803, 0.24650689959526062, 0.0, 0.0, 0.0, 0.5806673914194107, 0.1384427547454834, 0.12557831406593323, 0.8205605149269104, 0.8205605149269104, 0.23713736236095428, 0.40514505505561826, 0.2285245954990387, 0.40859016180038454, 0.16788361966609955, 0.2218010276556015]
[0.4642857142857143, 0.5, 0.3333333333333333, 0.42424242424242425, 0.6153846153846154, 0.5869565217391305, 0.0, 0.0, 0.47795630623915913, 0.4779029498250717, 0.5980157469244349, 0.3995870672671284, 0.5778554720538004, 0.5778554720538004, 0.22024321556091309, 0.0, 0.0, 0.0, 0.5793432414531707, 0.13207682967185974, 0.11940547823905945, 0.8206756711006165, 0.8206756711006165, 0.23730440437793732, 0.40507823824882505, 0.23222064971923828, 0.40711174011230467, 0.16413748264312744, 0.1890251785516739]
[0.4642857142857143, 0.5, 0.3333333333333333, 0.42424242424242425, 0.6153846153846154, 0.5869565217391305, 0.0, 0.0, 0.47620183126876275, 0.4761487740175674, 0.6014201750490907, 0.39666385262641074, 0.558165865285056, 0.558165865285056, 0.22249528765678406, 0.0, 0.0, 0.0, 0.5726255685091018, 0.12328672409057617, 0.11537685990333557, 0.8209360837936401, 0.8209360837936401, 0.2366546094417572, 0.4053381562232971, 0.2390555441379547, 0.40437778234481814, 0.14958010613918304, 0.03995062317699194]
[0.4642857142857143, 0.5, 0.3333333333333333, 0.42424242424242425, 0.6153846153846154, 0.5869565217391305, 0.0, 0.0, 0.4856639446879436, 0.4856114829133619, 0.5964888423168409, 0.40167032368045874, 0.53766559277262, 0.53766559277262, 0.2824252247810364, 0.0, 0.0, 0.0, 0.5729055315256119, 0.13235369324684143, 0.12638166546821594, 0.8226295709609985, 0.8226295709609985, 0.2335793823003769, 0.40656824707984923, 0.23870335519313812, 0.4045186579227448, 0.14867711067199707, 0.0330997072160244]
[0.4642857142857143, 0.5, 0.3333333333333333, 0.42424242424242425, 0.6153846153846154, 0.5869565217391305, 0.0, 0.0, 0.48516323433095593, 0.48511098197039865, 0.5986549070186871, 0.3998114109444522, 0.5298120422022684, 0.5298120422022684, 0.2802542746067047, 0.0, 0.0, 0.0, 0.5681455135345459, 0.13733187317848206, 0.133255273103714, 0.8172840476036072, 0.8172840476036072, 0.22854678332805634, 0.40858128666877747, 0.23738998174667358, 0.40504400730133056, 0.14314807951450348, 0.041784788481891155]
[0.4642857142857143, 0.5, 0.3333333333333333, 0.42424242424242425, 0.6153846153846154, 0.5869565217391305, 0.0, 0.0, 0.5004772971211496, 0.5004259268014227, 0.5471556135390958, 0.4505104151961402, 0.5058696440287999, 0.5058696440287999, 0.2857871949672699, 0.0, 0.0, 0.0, 0.5648470193147659, 0.140226811170578, 0.13777658343315125, 0.8131504654884338, 0.8131504654884338, 0.22669027745723724, 0.4093238890171051, 0.24037279188632965, 0.40385088324546814, 0.1405017375946045, 0.035402083303779364]
[0.4642857142857143, 0.5, 0.3333333333333333, 0.42424242424242425, 0.6153846153846154, 0.5869565217391305, 0.0, 0.0, 0.49885504199886416, 0.49880376663664444, 0.5132057110620503, 0.4842524621449688, 0.48479037625449045, 0.48479037625449045, 0.27489081025123596, 0.0, 0.0, 0.0, 0.5662951081991195, 0.14027246832847595, 0.1386389136314392, 0.8148425817489624, 0.8148425817489624, 0.22688792645931244, 0.40924482941627505, 0.24703790247440338, 0.40118483901023866, 0.14002928137779236, 0.010537520283833146]
[0.4642857142857143, 0.5, 0.3333333333333333, 0.42424242424242425, 0.6153846153846154, 0.5869565217391305, 0.0, 0.0, 0.5115811490021062, 0.5115303796347423, 0.4416209714590478, 0.5556702788596998, 0.4697088258607047, 0.4697088258607047, 0.2850225567817688, 0.0, 0.0, 0.0, 0.5698132336139679, 0.1483752429485321, 0.1512182056903839, 0.8191864490509033, 0.8191864490509033, 0.2295154333114624, 0.40819382667541504, 0.2623523473739624, 0.39505906105041505, 0.15442895889282227, 0.0]
[0.4642857142857143, 0.5, 0.3333333333333333, 0.42424242424242425, 0.6153846153846154, 0.5869565217391305, 0.0, 0.0, 0.5192459038749024, 0.5191953496199038, 0.4118987164579432, 0.5854913815207002, 0.5003371621881213, 0.5003371621881213, 0.2964794337749481, 0.0, 0.0, 0.0, 0.5676657795906066, 0.15814894437789917, 0.1661461889743805, 0.8166297674179077, 0.8166297674179077, 0.23880964517593384, 0.40447614192962644, 0.28226539492607117, 0.38709384202957153, 0.17748548090457916, 0.0]
[0.4642857142857143, 0.5, 0.3333333333333333, 0.42424242424242425, 0.6153846153846154, 0.5869565217391305, 0.0, 0.0, 0.5312294917854251, 0.5311797395718941, 0.39033377877157005, 0.6076493768750773, 0.5074364372662136, 0.5074364372662136, 0.3159663677215576, 0.0, 0.0, 0.0, 0.5652699053287505, 0.16275367140769958, 0.17544704675674438, 0.8143743276596069, 0.8143743276596069, 0.2655194103717804, 0.39379223585128786, 0.312937468290329, 0.3884672425514044, 0.20374329388141632, 0.0]
[0.4642857142857143, 0.5, 0.3333333333333333, 0.42424242424242425, 0.6153846153846154, 0.5869565217391305, 0.0, 0.0, 0.538068945275666, 0.538019520716731, 0.36922314700387404, 0.6291427604960159, 0.5080602850232806, 0.5080602850232806, 0.31905993819236755, 0.0, 0.0, 0.0, 0.5628595948219299, 0.16464462876319885, 0.17860248684883118, 0.8122286200523376, 0.8122286200523376, 0.2751642167568207, 0.38993431329727174, 0.3247806131839752, 0.4019788600677668, 0.20801112055778503, 0.0]
[0.4642857142857143, 0.5, 0.3333333333333333, 0.42424242424242425, 0.6153846153846154, 0.5869565217391305, 0.0, 0.0, 0.5391383073070082, 0.5390888855972436, 0.3552761273903783, 0.643343817840748, 0.5020104135785785, 0.5020104135785785, 0.3106990158557892, 0.0, 0.0, 0.0, 0.5613544076681136, 0.16700944304466248, 0.18217989802360535, 0.8106383681297302, 0.8106383681297302, 0.28331854939460754, 0.386672580242157, 0.3349149823188782, 0.42410864386447644, 0.2200622856616974, 0.0]
[0.4642857142857143, 0.5, 0.3333333333333333, 0.42424242424242425, 0.6153846153846154, 0.5869565217391305, 0.0, 0.0, 0.5388674537720689, 0.538818029213134, 0.3655315566929075, 0.6328616344627362, 0.49934382949556627, 0.49934382949556627, 0.32102644443511963, 0.0, 0.0, 0.0, 0.5614215821027755, 0.16570746898651123, 0.18119683861732483, 0.8111198544502258, 0.8111198544502258, 0.28278785943984985, 0.38688485622406005, 0.3337945342063904, 0.4213608974634215, 0.21937209367752075, 0.0]
[0.4642857142857143, 0.5, 0.3333333333333333, 0.42424242424242425, 0.6153846153846154, 0.5869565217391305, 0.06988689303398132, 0.058593809604644775, 0.5047776737672421, 0.5047268865925632, 0.3582493848600078, 0.6405582067336858, 0.5164454664502826, 0.5164454664502826, 0.3383259177207947, 0.0, 0.0, 0.0, 0.5608660370111465, 0.17558079957962036, 0.18138128519058228, 0.8090956807136536, 0.8090956807136536, 0.2846278250217438, 0.3861488699913025, 0.33930352330207825, 0.4055874916010125, 0.21676060557365417, 0.0]
[0.4642857142857143, 0.5, 0.3333333333333333, 0.42424242424242425, 0.6153846153846154, 0.5869565217391305, 0.11289151757955551, 0.1039050966501236, 0.4410584654452468, 0.44100490674006093, 0.3436376879821544, 0.6554317993547396, 0.5327336064406804, 0.5327336064406804, 0.26983049511909485, 0.0, 0.0, 0.0, 0.5504111915826797, 0.1678210198879242, 0.16552355885505676, 0.7813435792922974, 0.7813435792922974, 0.29338058829307556, 0.3826477646827698, 0.3610134422779083, 0.3583544977875643, 0.19756187498569489, 0.0]
[0.4642857142857143, 0.5, 0.3333333333333333, 0.42424242424242425, 0.6153846153846154, 0.5869565217391305, 0.0, 0.0, 0.496224616655998, 0.49617281054675466, 0.34347433934476135, 0.6549751457196527, 0.4972028945173536, 0.4972028945173536, 0.26314347982406616, 0.0, 0.0, 0.0, 0.5503726601600647, 0.17266765236854553, 0.1685442328453064, 0.781633734703064, 0.781633734703064, 0.29876840114593506, 0.380492639541626, 0.3738086521625519, 0.35846051781676536, 0.18957854807376862, 0.059396158903837204]
[0.4642857142857143, 0.5, 0.3333333333333333, 0.42424242424242425, 0.6153846153846154, 0.5869565217391305, 0.0, 0.0, 0.4986894610364624, 0.4986376469139273, 0.35426267747897267, 0.6437890975875968, 0.4828879450048719, 0.4828879450048719, 0.2461031973361969, 0.0, 0.0, 0.0, 0.5513778775930405, 0.17291861772537231, 0.1679784655570984, 0.7830527424812317, 0.7830527424812317, 0.3062162399291992, 0.3775135040283203, 0.38236886262893677, 0.3506670788277027, 0.18876968324184418, 0.08783761411905289]
[0.4642857142857143, 0.5, 0.3333333333333333, 0.42424242424242425, 0.6153846153846154, 0.5869565217391305, 0.0, 0.0, 0.4999815461653851, 0.49992975973600723, 0.3572343508098595, 0.6407141988131051, 0.48605282391820637, 0.48605282391820637, 0.24874070286750793, 0.0, 0.0, 0.0, 0.5519186735153198, 0.17221599817276, 0.16672006249427795, 0.7833052277565002, 0.7833052277565002, 0.309227854013443, 0.3763088583946228, 0.3850794732570648, 0.348652531934339, 0.18927353620529175, 0.10086590424180031]
[0.4642857142857143, 0.5, 0.3333333333333333, 0.42424242424242425, 0.6153846153846154, 0.5869565217391305, 0.0, 0.0, 0.5061687110543935, 0.5061171246874173, 0.3718900730687391, 0.625652247536884, 0.48944509455135893, 0.48944509455135893, 0.2622843384742737, 0.0, 0.0, 0.0, 0.5522965818643569, 0.16899022459983826, 0.16480940580368042, 0.7838464379310608, 0.7838464379310608, 0.3104695677757263, 0.3758121728897095, 0.38316044211387634, 0.34673582315444945, 0.18987736105918884, 0.11304334737360477]
[0.4642857142857143, 0.5, 0.3333333333333333, 0.42424242424242425, 0.6153846153846154, 0.5869565217391305, 0.0, 0.0, 0.5041846502892829, 0.5041328399062841, 0.38282956539102997, 0.6143544264500223, 0.49890599080494474, 0.49890599080494474, 0.26478949189186096, 0.0, 0.0, 0.0, 0.5570630252361297, 0.1658983826637268, 0.1611342430114746, 0.7908535003662109, 0.7908535003662109, 0.3076554238796234, 0.37693783044815066, 0.37475860118865967, 0.3500965595245361, 0.19062957167625427, 0.12358875013887882]
[0.4642857142857143, 0.5, 0.3333333333333333, 0.42424242424242425, 0.6153846153846154, 0.5869565217391305, 0.0, 0.0, 0.5073242569288834, 0.5072723884940376, 0.39804045420075923, 0.598666224670633, 0.49807450601032804, 0.49807450601032804, 0.28092995285987854, 0.0, 0.0, 0.0, 0.5641592323780059, 0.163237065076828, 0.1557992696762085, 0.8005189299583435, 0.8005189299583435, 0.3013855218887329, 0.37944579124450684, 0.352560818195343, 0.3589756727218628, 0.195521280169487, 0.13526059687137604]
[0.4642857142857143, 0.5, 0.3333333333333333, 0.42424242424242425, 0.6153846153846154, 0.5869565217391305, 0.0, 0.0, 0.5064972061557023, 0.5064451895639955, 0.40790715409054584, 0.588537244399642, 0.48267924359866554, 0.48267924359866554, 0.3081459403038025, 0.0, 0.0, 0.0, 0.5683360636234283, 0.16213643550872803, 0.15461000800132751, 0.8070799708366394, 0.8070799708366394, 0.28106316924095154, 0.3875747323036194, 0.3238028883934021, 0.37047884464263914, 0.19360387325286865, 0.14375275000929832]
[0.4642857142857143, 0.5, 0.3333333333333333, 0.42424242424242425, 0.6153846153846154, 0.5869565217391305, 0.0, 0.0, 0.5196835193533742, 0.5196321773027599, 0.4214649713290125, 0.5748867479218074, 0.4760599987847465, 0.4760599987847465, 0.359425812959671, 0.0, 0.0, 0.0, 0.5721545755863189, 0.16911828517913818, 0.1599748134613037, 0.8130567669868469, 0.8130567669868469, 0.26384437084198, 0.39446225166320803, 0.3005346655845642, 0.3797861337661743, 0.1943819671869278, 0.1536057237535715]
[0.4642857142857143, 0.5, 0.3333333333333333, 0.42424242424242425, 0.6153846153846154, 0.5869565217391305, 0.0, 0.0, 0.5191690261345748, 0.5191175843629965, 0.43195302969638977, 0.5642228914669727, 0.4677523459706988, 0.4677523459706988, 0.3818511962890625, 0.0, 0.0, 0.0, 0.5713510692119598, 0.17336204648017883, 0.16389012336730957, 0.8124432563781738, 0.8124432563781738, 0.2529270648956299, 0.39882917404174806, 0.2859361469745636, 0.38562554121017456, 0.19483742117881775, 0.15943100675940514]
[0.4642857142857143, 0.5, 0.3333333333333333, 0.42424242424242425, 0.6153846153846154, 0.5869565217391305, 0.0, 0.0, 0.5523599167398923, 0.5523106659803518, 0.4510542384525102, 0.5456868291933217, 0.5019465940339225, 0.5019465940339225, 0.5189590454101562, 0.0, 0.0, 0.0, 0.5718513309955596, 0.19581523537635803, 0.18644952774047852, 0.8136312365531921, 0.8136312365531921, 0.24022972583770752, 0.40390810966491697, 0.25823622941970825, 0.3967055082321167, 0.19673413038253784, 0.17072202637791634]
[0.4642857142857143, 0.5, 0.3333333333333333, 0.42424242424242425, 0.6153846153846154, 0.5869565217391305, 0.0, 0.0, 0.5502794810052584, 0.550230025105449, 0.4661535879394064, 0.5304601509935263, 0.48330328294209074, 0.48330328294209074, 0.5197369307279587, 0.0, 0.0, 0.0, 0.5712891101837158, 0.21149659156799316, 0.1983000934123993, 0.8129197955131531, 0.8129197955131531, 0.2290346622467041, 0.4083861351013184, 0.24500997364521027, 0.4019960105419159, 0.22142699360847473, 0.18330197781324387]
[0.4642857142857143, 0.5, 0.3333333333333333, 0.42424242424242425, 0.6153846153846154, 0.5869565217391305, 0.0, 0.0, 0.5413796698841948, 0.5413295757702158, 0.4683315564751853, 0.5280094399228328, 0.4766604517187391, 0.4766604517187391, 0.5321650356054306, 0.0, 0.0, 0.0, 0.5696213692426682, 0.20968487858772278, 0.19981321692466736, 0.8106927871704102, 0.8106927871704102, 0.213731050491333, 0.4145075798034668, 0.22708743810653687, 0.40916502475738525, 0.22019176185131073, 0.19027192145586014]
[0.4642857142857143, 0.5, 0.3333333333333333, 0.42424242424242425, 0.6153846153846154, 0.5869565217391305, 0.0, 0.0, 0.5430347843106345, 0.542984772822597, 0.48158668924700004, 0.5147807332064813, 0.482289833681924, 0.482289833681924, 0.5301948040723801, 0.0, 0.0, 0.0, 0.5653469890356063, 0.2153589129447937, 0.20447197556495667, 0.8046242594718933, 0.8046242594718933, 0.20743173360824585, 0.41702730655670167, 0.21924488246440887, 0.41230204701423645, 0.22744105756282806, 0.2055148407816887]
[0.4642857142857143, 0.5, 0.3333333333333333, 0.42424242424242425, 0.6153846153846154, 0.5869565217391305, 0.22611235082149506, 0.22607840597629547, 0.4405659578498417, 0.44051204014918544, 0.5042108665745755, 0.49295159479805384, 0.581989586353302, 0.581989586353302, 0.4756380021572113, 0.0, 0.0, 0.0, 0.5546794801950454, 0.19208455085754395, 0.1824083924293518, 0.7871809005737305, 0.7871809005737305, 0.20289184153079987, 0.4188432633876801, 0.21408891677856445, 0.4143644332885742, 0.21253620088100433, 0.23489149287343025]
[0.4642857142857143, 0.5, 0.3333333333333333, 0.42424242424242425, 0.6153846153846154, 0.5869565217391305, 0.19197708368301392, 0.19203414022922516, 0.4429885447595133, 0.44293389197289373, 0.5181197194136807, 0.47828558133568816, 0.5388581327029637, 0.5388581327029637, 0.40738093852996826, 0.0, 0.0, 0.0, 0.5587606608867645, 0.17853185534477234, 0.1691358983516693, 0.7908211946487427, 0.7908211946487427, 0.20063121616840363, 0.41974751353263856, 0.2119225710630417, 0.41523097157478334, 0.2017393410205841, 0.23968102410435677]
[0.4642857142857143, 0.5, 0.3333333333333333, 0.42424242424242425, 0.6153846153846154, 0.5869565217391305, 0.0, 0.0, 0.500293730970928, 0.500240627331677, 0.5495128433289537, 0.4462640800115433, 0.4899668054921287, 0.4899668054921287, 0.39737385511398315, 0.0, 0.0, 0.0, 0.5651524543762206, 0.18895816802978516, 0.177496075630188, 0.8011772036552429, 0.8011772036552429, 0.19994167983531952, 0.42002332806587217, 0.20842909812927246, 0.416628360748291, 0.20016218721866608, 0.26068322360515594]
[0.4642857142857143, 0.5, 0.3333333333333333, 0.42424242424242425, 0.6153846153846154, 0.5869565217391305, 0.0, 0.0, 0.4970337034098049, 0.4969802593837277, 0.5616806472008816, 0.4340966066433818, 0.479927808046341, 0.479927808046341, 0.4046778678894043, 0.0, 0.0, 0.0, 0.568543553352356, 0.19033589959144592, 0.17909616231918335, 0.8063713312149048, 0.8063713312149048, 0.1999310851097107, 0.42002756595611573, 0.2050592005252838, 0.4179763197898865, 0.200126513838768, 0.2670496515929699]
[0.4642857142857143, 0.5, 0.3333333333333333, 0.42424242424242425, 0.6153846153846154, 0.5869565217391305, 0.0, 0.0, 0.4961991368812539, 0.4961456376525002, 0.5598282020816839, 0.43589733931981306, 0.47709328787667415, 0.47709328787667415, 0.40756353735923767, 0.0, 0.0, 0.0, 0.5698421269655227, 0.1927950382232666, 0.18255755305290222, 0.808340311050415, 0.808340311050415, 0.19859528541564941, 0.4205618858337402, 0.20030535757541656, 0.4198778569698334, 0.1991121917963028, 0.2722357027232647]
[0.4642857142857143, 0.5, 0.3333333333333333, 0.42424242424242425, 0.6153846153846154, 0.5869565217391305, 0.0, 0.0, 0.4994159189994887, 0.4993625746053389, 0.5553796498770923, 0.4402726507500932, 0.48398068972996305, 0.48398068972996305, 0.43370816111564636, 0.0, 0.0, 0.0, 0.571079659461975, 0.19473248720169067, 0.184449702501297, 0.8102917671203613, 0.8102917671203613, 0.19688470661640167, 0.4212461173534393, 0.19745565950870514, 0.42101773619651794, 0.19886791706085205, 0.27468498796224594]
[0.4642857142857143, 0.5, 0.3333333333333333, 0.42424242424242425, 0.6153846153846154, 0.5869565217391305, 0.0, 0.0, 0.4987562903760439, 0.49870288597124257, 0.547519993941597, 0.4479694338596523, 0.4840498311179025, 0.4840498311179025, 0.4255530536174774, 0.0, 0.0, 0.0, 0.5692975550889968, 0.202903151512146, 0.19037002325057983, 0.8080668449401855, 0.8080668449401855, 0.19871029257774353, 0.4205158829689026, 0.19923996925354004, 0.420304012298584, 0.20845118165016174, 0.2704205550253391]
[0.4642857142857143, 0.5, 0.3333333333333333, 0.42424242424242425, 0.6153846153846154, 0.5869565217391305, 0.0, 0.0, 0.499343407657318, 0.4992903831715822, 0.5177880674315685, 0.47771614613947355, 0.4699496286255973, 0.4699496286255973, 0.438759982585907, 0.0, 0.0, 0.0, 0.5582737505435943, 0.1986580491065979, 0.1854611039161682, 0.794437050819397, 0.794437050819397, 0.19785098731517792, 0.42085960507392883, 0.20096376538276672, 0.42659839918447096, 0.19439566135406494, 0.26028845459222794]
[0.4642857142857143, 0.5, 0.3333333333333333, 0.42424242424242425, 0.6153846153846154, 0.5869565217391305, 0.0, 0.0, 0.5017143360358693, 0.501661676422018, 0.477948904094459, 0.5176193844697166, 0.4129045137337276, 0.4129045137337276, 0.4782634377479553, 0.0, 0.0, 0.0, 0.5556389272212982, 0.2069821059703827, 0.19839417934417725, 0.7921683192253113, 0.7921683192253113, 0.1962038278579712, 0.42151846885681155, 0.20337924361228943, 0.41864830255508423, 0.192095547914505, 0.22970177233219147]
[0.4642857142857143, 0.5, 0.3333333333333333, 0.42424242424242425, 0.6153846153846154, 0.5869565217391305, 0.0, 0.0, 0.5030536799340813, 0.5030009734869915, 0.46885618846685434, 0.5265809228675037, 0.40190522159848896, 0.40190522159848896, 0.47012293338775635, 0.0, 0.0, 0.0, 0.555947533249855, 0.20711272954940796, 0.19923454523086548, 0.7936336994171143, 0.7936336994171143, 0.1930355280637741, 0.42278578877449036, 0.2040300816297531, 0.42185456946838734, 0.18377046287059784, 0.20295621827244759]
[0.4642857142857143, 0.5, 0.3333333333333333, 0.42424242424242425, 0.6153846153846154, 0.5869565217391305, 0.0, 0.0, 0.510337461192111, 0.510285334907344, 0.45392739886763445, 0.5418115550035222, 0.410784695829664, 0.410784695829664, 0.4763156771659851, 0.0, 0.0, 0.0, 0.5539712071418762, 0.20606562495231628, 0.19919541478157043, 0.7912057042121887, 0.7912057042121887, 0.19289341568946838, 0.42284263372421266, 0.21021044254302979, 0.41591582298278806, 0.17575210332870483, 0.1881469413638115]
[0.4642857142857143, 0.5, 0.3333333333333333, 0.42424242424242425, 0.6153846153846154, 0.5869565217391305, 0.0, 0.0, 0.512095940671505, 0.5120438920266314, 0.45520705246788595, 0.5405239607653649, 0.4204221708433969, 0.4204221708433969, 0.48924729228019714, 0.0, 0.0, 0.0, 0.5480281263589859, 0.2126157283782959, 0.20369139313697815, 0.7842360138893127, 0.7842360138893127, 0.19427067041397095, 0.4222917318344116, 0.21365436911582947, 0.4145382523536682, 0.17572563886642456, 0.18033595755696297]
[0.4642857142857143, 0.5, 0.3333333333333333, 0.42424242424242425, 0.6153846153846154, 0.5869565217391305, 0.0, 0.0, 0.5125637017973979, 0.5125109608041168, 0.4595775374035078, 0.5360740722998556, 0.4271953446524484, 0.4271953446524484, 0.49644139409065247, 0.0, 0.0, 0.0, 0.5352419734001159, 0.21983850002288818, 0.21048924326896667, 0.7660967707633972, 0.7660967707633972, 0.19290684163570404, 0.42283726334571836, 0.21378669142723083, 0.41448532342910765, 0.17475521564483643, 0.17207248136401176]
[0.4642857142857143, 0.5, 0.3333333333333333, 0.42424242424242425, 0.6153846153846154, 0.5869565217391305, 0.0, 0.0, 0.5074510457239917, 0.5073980739479084, 0.46590205747812247, 0.5297632439135999, 0.43426692485809326, 0.43426692485809326, 0.511847198009491, 0.0, 0.0, 0.0, 0.5227091431617736, 0.22198450565338135, 0.2137255072593689, 0.7481372952461243, 0.7481372952461243, 0.19088159501552582, 0.42364736199378966, 0.21222233772277832, 0.41511106491088867, 0.1629006415605545, 0.16717344522476196]
[0.4642857142857143, 0.5, 0.3333333333333333, 0.42424242424242425, 0.6153846153846154, 0.5869565217391305, 0.2312151938676834, 0.2307502180337906, 0.4132320313335149, 0.4131756405529511, 0.47260642325217134, 0.5240165042553026, 0.5232650680201395, 0.5232650680201395, 0.5917886644601822, 0.0, 0.0, 0.0, 0.5011368244886398, 0.22562259435653687, 0.21415618062019348, 0.7114368081092834, 0.7114368081092834, 0.19159214198589325, 0.4233631432056427, 0.21407389640808105, 0.4143704414367676, 0.15470203757286072, 0.14660844579339027]
[0.4642857142857143, 0.5, 0.3333333333333333, 0.42424242424242425, 0.6153846153846154, 0.5869565217391305, 0.0, 0.0, 0.5183363603588272, 0.5182841891996264, 0.44666807168300476, 0.549341123151455, 0.4041052077497755, 0.4041052077497755, 0.5918596237897873, 0.0, 0.0, 0.0, 0.38235110342502593, 0.3172697275876999, 0.3106057643890381, 0.5506598949432373, 0.5506598949432373, 0.1609439104795456, 0.4356224358081818, 0.17046786844730377, 0.4577449587888496, 0.08825802803039551, 0.1413966901600361]
[0.4642857142857143, 0.5, 0.3333333333333333, 0.42424242424242425, 0.6153846153846154, 0.5869565217391305, 0.0, 0.0, 0.5269579243477627, 0.526906018161409, 0.44419630239388225, 0.5516148010193226, 0.3675292964492526, 0.3675292964492526, 0.6469260007143021, 0.0, 0.0, 0.0, 0.24370834827423093, 0.38788916170597076, 0.3928408920764923, 0.365386039018631, 0.365386039018631, 0.13122344017028809, 0.4475106239318848, 0.13142873346805573, 0.49279088890829753, 0.05798155441880226, 0.11311422102153301]
[0.4642857142857143, 0.5, 0.3333333333333333, 0.42424242424242425, 0.6153846153846154, 0.5869565217391305, 0.0, 0.0, 0.5301008926522891, 0.5300490776393884, 0.4386609797268023, 0.5571007919035788, 0.36596747381346567, 0.36596747381346567, 0.6919517666101456, 0.0, 0.0, 0.0, 0.2258588597178459, 0.4028676748275757, 0.4084245264530182, 0.3386602997779846, 0.3386602997779846, 0.1193016991019249, 0.45227932035923, 0.1186639666557312, 0.4985526481340098, 0.053978364914655685, 0.09970373474061489]
[0.4642857142857143, 0.5, 0.3333333333333333, 0.42424242424242425, 0.6153846153846154, 0.5869565217391305, 0.0, 0.0, 0.5263021621375877, 0.5262505893041709, 0.42881704470851456, 0.5675227507641798, 0.36851430577891214, 0.36851430577891214, 0.7275973856449127, 0.0, 0.0, 0.0, 0.18485333174467086, 0.4288156256079674, 0.42912807315588, 0.2739131450653076, 0.2739131450653076, 0.1106184870004654, 0.45575260519981386, 0.11087226122617722, 0.49770072449085323, 0.05171503126621246, 0.08807246573269367]
[0.4642857142857143, 0.5, 0.3333333333333333, 0.42424242424242425, 0.6153846153846154, 0.5869565217391305, 0.21555787324905396, 0.20273320376873016, 0.43022154895570947, 0.4301658989594498, 0.43374567072888404, 0.563042730184809, 0.28698969100202837, 0.28698969100202837, 0.7939231172204018, 0.0, 0.0, 0.0, 0.11559461206197738, 0.46299856156110764, 0.4641314707696438, 0.1698351949453354, 0.1698351949453354, 0.1052049770951271, 0.45791800916194914, 0.10746125876903534, 0.5231826665789582, 0.04979085922241211, 0.01603937242180109]
[0.4642857142857143, 0.5, 0.3333333333333333, 0.42424242424242425, 0.6153846153846154, 0.5869565217391305, 0.0, 0.0, 0.5270296436650803, 0.5269781904968204, 0.42655974957044906, 0.5698884568359788, 0.2665924919503076, 0.2665924919503076, 0.8077463433146477, 0.0, 0.0, 0.0, 0.11847641095519065, 0.46506157889962196, 0.4662811867892742, 0.17881327867507935, 0.17881327867507935, 0.10640273243188858, 0.45743890702724455, 0.1087469533085823, 0.5237270614435506, 0.04812685027718544, 0.013672902714461088]
[0.4642857142857143, 0.5, 0.3333333333333333, 0.42424242424242425, 0.6153846153846154, 0.5869565217391305, 0.0, 0.0, 0.5286698797236893, 0.5286183923653845, 0.43072541334433034, 0.5655544512535777, 0.2607740994010653, 0.2607740994010653, 0.8152901828289032, 0.0, 0.0, 0.0, 0.12879916578531264, 0.46630633249878883, 0.4683237597346306, 0.1971845030784607, 0.1971845030784607, 0.11113738268613815, 0.45554504692554476, 0.11177441477775574, 0.5218540998392327, 0.04921213164925575, 0.017367256805300713]
[0.4642857142857143, 0.5, 0.3333333333333333, 0.42424242424242425, 0.6153846153846154, 0.5869565217391305, 0.0, 0.0, 0.5317544086941342, 0.5317051009511856, 0.4317695260275846, 0.5644441245625119, 0.2666455294404711, 0.2666455294404711, 0.8172992765903473, 0.0, 0.0, 0.0, 0.12732074409723282, 0.46761421114206314, 0.4704042561352253, 0.1951698511838913, 0.1951698511838913, 0.11056545376777649, 0.4557738184928894, 0.10945397615432739, 0.521119964677234, 0.051058895885944366, 0.020418749190866947]
[0.4642857142857143, 0.5, 0.3333333333333333, 0.42424242424242425, 0.6153846153846154, 0.5869565217391305, 0.0, 0.0, 0.5341210578413356, 0.5340718954060775, 0.43328518780877895, 0.5629418047340098, 0.27376048266887665, 0.27376048266887665, 0.8194869011640549, 0.0, 0.0, 0.0, 0.1283600702881813, 0.4681267738342285, 0.47099955566227436, 0.19603222608566284, 0.19603222608566284, 0.10853221267461777, 0.4565871149301529, 0.10697584599256516, 0.5195597091386485, 0.05248790979385376, 0.02480985363945365]
[0.4642857142857143, 0.5, 0.3333333333333333, 0.42424242424242425, 0.6153846153846154, 0.5869565217391305, 0.0, 0.0, 0.5381569589985032, 0.5381079076808908, 0.44257579684029574, 0.5534833191991144, 0.2713897079229355, 0.2713897079229355, 0.8287266716361046, 0.0, 0.0, 0.0, 0.12786194160580636, 0.46992820873856544, 0.4723872374743223, 0.19451385736465454, 0.19451385736465454, 0.10691041499376297, 0.4572358340024948, 0.10535521060228348, 0.5208303068959436, 0.05430755764245987, 0.030138418078422546]
[0.4642857142857143, 0.5, 0.3333333333333333, 0.42424242424242425, 0.6153846153846154, 0.5869565217391305, 0.0, 0.0, 0.5386773286312534, 0.5386280835700537, 0.46832538232292775, 0.527380750529802, 0.27220965496131355, 0.27220965496131355, 0.8307892456650734, 0.0, 0.0, 0.0, 0.13252845779061317, 0.47063034400343895, 0.47272301465272903, 0.20086288452148438, 0.20086288452148438, 0.10828398168087006, 0.456686407327652, 0.1063956469297409, 0.5208832233451134, 0.056163348257541656, 0.03787616267800331]
[0.4642857142857143, 0.5, 0.3333333333333333, 0.42424242424242425, 0.6153846153846154, 0.5869565217391305, 0.0, 0.0, 0.4959314566098481, 0.4958801501738638, 0.4972994866679435, 0.49851161407416406, 0.3261530186448779, 0.3261530186448779, 0.8211669027805328, 0.0, 0.0, 0.0, 0.1373349867761135, 0.46937510557472706, 0.4708826057612896, 0.20520885288715363, 0.20520885288715363, 0.11089841276407242, 0.455640634894371, 0.108461894094944, 0.5021861056948818, 0.05646722391247749, 0.04935726057738066]
[0.4642857142857143, 0.5, 0.3333333333333333, 0.42424242424242425, 0.6153846153846154, 0.5869565217391305, 0.0, 0.0, 0.4996022162798714, 0.4995505495128679, 0.5189364041926529, 0.47642389350771175, 0.33525631896087105, 0.33525631896087105, 0.8048904240131378, 0.0, 0.0, 0.0, 0.1535364434123039, 0.4600696712732315, 0.4620629660785198, 0.2262224555015564, 0.2262224555015564, 0.11045108735561371, 0.4558195650577545, 0.10909216105937958, 0.4988593556160151, 0.05721387639641762, 0.05512378644198179]
[0.4642857142857143, 0.5, 0.3333333333333333, 0.42424242424242425, 0.6153846153846154, 0.5869565217391305, 0.0, 0.0, 0.5203361460515236, 0.5202850262362004, 0.5367532981057468, 0.4582706322354928, 0.31343858156885424, 0.31343858156885424, 0.8073652386665344, 0.0, 0.0, 0.0, 0.1544599927961826, 0.4594976007938385, 0.4610065408051014, 0.22863925993442535, 0.22863925993442535, 0.10874760895967484, 0.4565009564161301, 0.1071985736489296, 0.5176196819127992, 0.05816340446472168, 0.07428803946822882]
[0.4642857142857143, 0.5, 0.3333333333333333, 0.42424242424242425, 0.6153846153846154, 0.5869565217391305, 0.0, 0.0, 0.5251949374807953, 0.5251442877785881, 0.5854848390783453, 0.41070709442266723, 0.41707930820328853, 0.41707930820328853, 0.8056464195251465, 0.0, 0.0, 0.0, 0.17423225566744804, 0.45997823029756546, 0.4609876163303852, 0.26151084899902344, 0.26151084899902344, 0.11123085767030716, 0.4555076569318771, 0.10980600118637085, 0.48679388539735663, 0.06816653162240982, 0.08930289186537266]
[0.4642857142857143, 0.5, 0.3333333333333333, 0.42424242424242425, 0.6153846153846154, 0.5869565217391305, 0.0, 0.0, 0.5300543514537993, 0.5300038328134307, 0.6142330424963403, 0.38257961696643394, 0.404718496969768, 0.404718496969768, 0.8057253658771515, 0.0, 0.0, 0.0, 0.1799298472702503, 0.459978885948658, 0.46108998730778694, 0.2704598009586334, 0.2704598009586334, 0.11277756094932556, 0.45488897562026975, 0.11147972196340561, 0.5185290963150735, 0.07615063339471817, 0.11123008094727993]
[0.4642857142857143, 0.5, 0.3333333333333333, 0.42424242424242425, 0.6153846153846154, 0.5869565217391305, 0.0, 0.0, 0.5287060413944106, 0.5286554429772707, 0.616661857692507, 0.3801984171059979, 0.3934015546526228, 0.3934015546526228, 0.8040976896882057, 0.0, 0.0, 0.0, 0.17160827517509458, 0.4602392204105854, 0.46156758815050125, 0.2598447799682617, 0.2598447799682617, 0.11248275637626648, 0.4550068974494934, 0.11140966415405273, 0.5251082847284716, 0.07590105384588242, 0.11800076812505722]
[0.4642857142857143, 0.5, 0.3333333333333333, 0.42424242424242425, 0.6153846153846154, 0.5869565217391305, 0.0, 0.0, 0.5322507655187501, 0.5322091334408602, 0.615626514755745, 0.3812650439337558, 0.3617025698934283, 0.3617025698934283, 0.8064370602369308, 0.0, 0.0, 0.0, 0.15435912162065504, 0.46113110333681107, 0.463199894875288, 0.239620640873909, 0.239620640873909, 0.11139241605997086, 0.4554430335760117, 0.11056516319513321, 0.5335423558257347, 0.07514870166778564, 0.1149891410022974]
[0.4642857142857143, 0.5, 0.3333333333333333, 0.42424242424242425, 0.6153846153846154, 0.5869565217391305, 0.0, 0.0, 0.5258480499624978, 0.525805885089743, 0.6036693215598112, 0.392596274392732, 0.3371510122503553, 0.3371510122503553, 0.8078893572092056, 0.0, 0.0, 0.0, 0.14493190944194792, 0.46309545263648033, 0.46611547097563744, 0.22740419209003448, 0.22740419209003448, 0.10968230664730072, 0.4561270773410797, 0.10814278572797775, 0.5403673822103545, 0.07374632358551025, 0.10543651878833771]
[0.4642857142857143, 0.5, 0.3333333333333333, 0.42424242424242425, 0.6153846153846154, 0.5869565217391305, 0.0, 0.0, 0.5201650063576707, 0.5201224725173491, 0.579884845941518, 0.415648866515264, 0.3294610870735986, 0.3294610870735986, 0.8083997741341591, 0.0, 0.0, 0.0, 0.14795132726430893, 0.4620785489678383, 0.4656662978231907, 0.2310122400522232, 0.2310122400522232, 0.10901425033807755, 0.456394299864769, 0.10596933960914612, 0.5401741799920105, 0.07151224464178085, 0.10366199538111687]
[0.4642857142857143, 0.5, 0.3333333333333333, 0.42424242424242425, 0.6153846153846154, 0.5869565217391305, 0.0, 0.0, 0.518818710661755, 0.5187761055921734, 0.5647795302918035, 0.4304222139249518, 0.3631904401949474, 0.3631904401949474, 0.8036454543471336, 0.0, 0.0, 0.0, 0.2851024344563484, 0.4327131509780884, 0.43287932127714157, 0.4193476438522339, 0.4193476438522339, 0.11191371828317642, 0.45523451268672943, 0.1107395812869072, 0.46906631353289585, 0.07577532529830933, 0.10625260882079601]
[0.4642857142857143, 0.5, 0.3333333333333333, 0.42424242424242425, 0.6153846153846154, 0.5869565217391305, 0.0, 0.0, 0.5132206321674369, 0.5131781168467228, 0.5579390140610033, 0.4376356409744318, 0.4967682276453291, 0.4967682276453291, 0.7340417504310608, 0.0, 0.0, 0.0, 0.3937287837266922, 0.3378407657146454, 0.33576600253582, 0.5686198472976685, 0.5686198472976685, 0.14341919124126434, 0.44263232350349424, 0.1496681272983551, 0.44013274908065797, 0.12923893332481384, 0.13747423887252808]
[0.4642857142857143, 0.5, 0.3333333333333333, 0.42424242424242425, 0.6153846153846154, 0.5869565217391305, 0.0, 0.0, 0.5092189744770185, 0.5091763373542698, 0.5422390423586902, 0.45317704494728367, 0.5322739269052233, 0.5322739269052233, 0.6963022649288177, 0.0, 0.0, 0.0, 0.4354266047477722, 0.2949094921350479, 0.28971442580223083, 0.6259837746620178, 0.6259837746620178, 0.17782831192016602, 0.4288686752319336, 0.18394988775253296, 0.4264200448989868, 0.15312689542770386, 0.15231870114803314]
[0.4642857142857143, 0.5, 0.3333333333333333, 0.42424242424242425, 0.6153846153846154, 0.5869565217391305, 0.0, 0.0, 0.5024564062061775, 0.502413482029511, 0.5266455356067271, 0.46860311450232917, 0.5495397320815495, 0.5495397320815495, 0.6145192980766296, 0.0, 0.0, 0.0, 0.44931381344795224, 0.25626085698604584, 0.249237060546875, 0.646782398223877, 0.646782398223877, 0.204858660697937, 0.4180565357208252, 0.20913316309452057, 0.41634673476219175, 0.15392142534255981, 0.16088509932160378]
[0.4642857142857143, 0.5, 0.3333333333333333, 0.42424242424242425, 0.6153846153846154, 0.5869565217391305, 0.0, 0.0, 0.5032612847353031, 0.5032185375633477, 0.5142043267677665, 0.4811126877604611, 0.5439997145107814, 0.5439997145107814, 0.5245755463838577, 0.0, 0.0, 0.0, 0.4927698105573654, 0.21359515190124512, 0.20299890637397766, 0.7034997344017029, 0.7034997344017029, 0.22397364675998688, 0.41041054129600524, 0.2273215353488922, 0.4090713858604431, 0.15857592225074768, 0.17051417380571365]
[0.4642857142857143, 0.5, 0.3333333333333333, 0.42424242424242425, 0.6153846153846154, 0.5869565217391305, 0.0, 0.0, 0.49756048385402896, 0.49751764301559664, 0.5063327128641009, 0.489152818696626, 0.5765565378325327, 0.5765565378325327, 0.5230349004268646, 0.0, 0.0, 0.0, 0.5397012710571288, 0.17317062616348267, 0.15745779871940613, 0.7650967836380005, 0.7650967836380005, 0.22289228439331055, 0.4108430862426758, 0.22541923820972443, 0.4098323047161102, 0.1673087179660797, 0.17607256770133972]
[0.4642857142857143, 0.5, 0.3333333333333333, 0.42424242424242425, 0.6153846153846154, 0.5869565217391305, 0.02803904004395008, 0.02809172123670578, 0.48130742923479464, 0.48126391527985524, 0.5021763500289183, 0.4933576300718082, 0.6580368748732977, 0.6580368748732977, 0.4913996756076813, 0.0, 0.0, 0.0, 0.5571834594011307, 0.15064400434494019, 0.13565748929977417, 0.7886074781417847, 0.7886074781417847, 0.22214403748512268, 0.4111423850059509, 0.22382761538028717, 0.4104689538478851, 0.17654256522655487, 0.18283661454916]
[0.4642857142857143, 0.5, 0.3333333333333333, 0.42424242424242425, 0.6153846153846154, 0.5869565217391305, 0.07373140752315521, 0.07373617589473724, 0.47054254404673385, 0.4704978804515379, 0.4991411129529116, 0.49663004473513395, 0.6569304636546545, 0.6569304636546545, 0.37787407636642456, 0.0, 0.0, 0.0, 0.573545628786087, 0.13219326734542847, 0.11720839142799377, 0.8128961324691772, 0.8128961324691772, 0.22689354419708252, 0.409242582321167, 0.22827287018299103, 0.4086908519268036, 0.18142643570899963, 0.18298786133527756]
[0.4642857142857143, 0.5, 0.3333333333333333, 0.42424242424242425, 0.6153846153846154, 0.5869565217391305, 0.06713157892227173, 0.06712526828050613, 0.47074000865050075, 0.47069557298893683, 0.4897496158659572, 0.5062708453005582, 0.6637264362403326, 0.6637264362403326, 0.3130764663219452, 0.0, 0.0, 0.0, 0.5900572717189788, 0.11909213662147522, 0.10446813702583313, 0.8377628326416016, 0.8377628326416016, 0.23376785218715668, 0.40649285912513733, 0.23835724592208862, 0.40465710163116453, 0.18327029049396515, 0.17609810456633568]
[0.4642857142857143, 0.5, 0.3333333333333333, 0.42424242424242425, 0.6153846153846154, 0.5869565217391305, 0.06756158173084259, 0.06755072623491287, 0.46817385774269615, 0.46812937934357624, 0.484326353207601, 0.5117511561855481, 0.6588448158332281, 0.6588448158332281, 0.2597145736217499, 0.0, 0.0, 0.0, 0.5913694053888321, 0.11475610733032227, 0.10129529237747192, 0.8397398591041565, 0.8397398591041565, 0.24992649257183075, 0.4000294029712677, 0.26182252168655396, 0.3952709913253784, 0.18468594551086426, 0.16939964145421982]
[0.4642857142857143, 0.5, 0.3333333333333333, 0.42424242424242425, 0.6153846153846154, 0.5869565217391305, 0.07526539266109467, 0.0752158835530281, 0.4652903035539514, 0.4652457054896747, 0.48370850775711394, 0.5123665114611052, 0.6138452461787632, 0.6138452461787632, 0.2073131501674652, 0.0, 0.0, 0.0, 0.5915687799453735, 0.10677695274353027, 0.09471991658210754, 0.8404927849769592, 0.8404927849769592, 0.2623291015625, 0.395068359375, 0.2765764892101288, 0.38936940431594846, 0.1817692071199417, 0.16096200793981552]
[0.4642857142857143, 0.5, 0.3333333333333333, 0.42424242424242425, 0.6153846153846154, 0.5869565217391305, 0.053986694663763046, 0.0538158044219017, 0.46051206529482375, 0.4604671367267805, 0.5138281963865342, 0.48222551103709027, 0.6225340494087764, 0.6225340494087764, 0.20604625344276428, 0.0, 0.0, 0.0, 0.591033387184143, 0.10110607743263245, 0.09063389897346497, 0.8402708172798157, 0.8402708172798157, 0.26318100094795227, 0.3947275996208191, 0.27796313166618347, 0.3888147473335266, 0.17509464919567108, 0.13309049420058727]
[0.4642857142857143, 0.5, 0.3333333333333333, 0.42424242424242425, 0.6153846153846154, 0.5869565217391305, 0.026448260992765427, 0.02628462389111519, 0.4597079980669696, 0.4596631407281865, 0.5011248834587876, 0.4949608924461318, 0.6371336323874338, 0.6371336323874338, 0.21311542391777039, 0.0, 0.0, 0.0, 0.5907622277736664, 0.10353824496269226, 0.09250828623771667, 0.8400952816009521, 0.8400952816009521, 0.2608658969402313, 0.39565364122390745, 0.2764188349246979, 0.3894324660301208, 0.17473994195461273, 0.12068535201251507]
[0.4642857142857143, 0.5, 0.3333333333333333, 0.42424242424242425, 0.6153846153846154, 0.5869565217391305, 0.01930857077240944, 0.019091030582785606, 0.4588109310680776, 0.45876611931602085, 0.49330499802447186, 0.5028660068953648, 0.6702570404325213, 0.6702570404325213, 0.21200478076934814, 0.0, 0.0, 0.0, 0.5865810990333556, 0.10336142778396606, 0.09317469596862793, 0.8344622850418091, 0.8344622850418091, 0.26459747552871704, 0.3941610097885132, 0.2838548421859741, 0.3864580631256104, 0.1731315553188324, 0.08745401166379452]
[0.4642857142857143, 0.5, 0.3333333333333333, 0.42424242424242425, 0.6153846153846154, 0.5869565217391305, 0.0, 0.0, 0.46904148141467095, 0.46899733636848784, 0.4964015316182523, 0.5001290938087855, 0.6386069740567889, 0.6386069740567889, 0.19712060689926147, 0.0, 0.0, 0.0, 0.5827845960855483, 0.10267159342765808, 0.09447973966598511, 0.8310083150863647, 0.8310083150863647, 0.27003493905067444, 0.39198602437973024, 0.291635662317276, 0.3833457350730896, 0.17351841926574707, 0.025192827451974154]
[0.4642857142857143, 0.5, 0.3333333333333333, 0.42424242424242425, 0.6153846153846154, 0.5869565217391305, 0.0, 0.0, 0.47438128546136743, 0.474337351253794, 0.49070092323405334, 0.5057955922810976, 0.6240804493427277, 0.6240804493427277, 0.17940875887870789, 0.0, 0.0, 0.0, 0.5801899313926696, 0.10143721103668213, 0.09405863285064697, 0.8278951048851013, 0.8278951048851013, 0.2714773416519165, 0.3914090633392334, 0.29528287053108215, 0.38188685178756715, 0.17117230594158173, 0.010243923170492053]
[0.4642857142857143, 0.5, 0.3333333333333333, 0.42424242424242425, 0.6153846153846154, 0.5869565217391305, 0.0, 0.0, 0.4757976565032799, 0.47575387330173763, 0.4989448102764486, 0.497707988467722, 0.5871909643922534, 0.5871909643922534, 0.18007305264472961, 0.0, 0.0, 0.0, 0.5865950763225555, 0.0998123288154602, 0.09133142232894897, 0.834807276725769, 0.834807276725769, 0.27098971605300903, 0.3916041135787964, 0.2949550449848175, 0.382017982006073, 0.17240869998931885, 0.0]
[0.4642857142857143, 0.5, 0.3333333333333333, 0.42424242424242425, 0.6153846153846154, 0.5869565217391305, 0.0, 0.0, 0.47169986851584617, 0.4716535267592844, 0.5036384557760241, 0.49295010753110485, 0.5821234626429422, 0.5821234626429422, 0.18089285492897034, 0.0, 0.0, 0.0, 0.5891775161027908, 0.09875491261482239, 0.089814692735672, 0.838362455368042, 0.838362455368042, 0.26776278018951416, 0.39289488792419436, 0.2913770377635956, 0.38344918489456176, 0.1738373041152954, 0.0]
[0.4642857142857143, 0.5, 0.3333333333333333, 0.42424242424242425, 0.6153846153846154, 0.5869565217391305, 0.015358196571469307, 0.014709177426993847, 0.47187728350750574, 0.4718308534266616, 0.5042764601755324, 0.49218971523631777, 0.5620652650083815, 0.5620652650083815, 0.1791267693042755, 0.0, 0.0, 0.0, 0.5927236795425415, 0.09726828336715698, 0.08784964680671692, 0.8435367345809937, 0.8435367345809937, 0.26516008377075195, 0.3939359664916992, 0.2884981334209442, 0.3846007466316223, 0.17591094970703125, 0.0]
[0.4642857142857143, 0.5, 0.3333333333333333, 0.42424242424242425, 0.6153846153846154, 0.5869565217391305, 0.019332299008965492, 0.01856457069516182, 0.4716541592751133, 0.47160736450045787, 0.4651497596764428, 0.5307535414663322, 0.5125645654542106, 0.5125645654542106, 0.16374137997627258, 0.0, 0.0, 0.0, 0.5962694257497787, 0.09320935606956482, 0.0822266936302185, 0.8486164808273315, 0.8486164808273315, 0.26470276713371277, 0.3941188931465149, 0.2900261878967285, 0.3839895248413086, 0.17650742828845978, 0.08977322839200497]
[0.4642857142857143, 0.5, 0.3333333333333333, 0.42424242424242425, 0.6153846153846154, 0.5869565217391305, 0.01749938353896141, 0.016916321590542793, 0.4716705961391529, 0.4716237101910447, 0.48087671444703245, 0.5149033102154453, 0.4877822952611106, 0.4877822952611106, 0.16000503301620483, 0.0, 0.0, 0.0, 0.599570882320404, 0.08999332785606384, 0.07905089855194092, 0.8531349897384644, 0.8531349897384644, 0.2640646696090698, 0.39437413215637207, 0.28809654712677, 0.384761381149292, 0.17605459690093994, 0.13357198797166348]
[0.4642857142857143, 0.5, 0.3333333333333333, 0.42424242424242425, 0.6153846153846154, 0.5869565217391305, 0.02176130935549736, 0.02113175019621849, 0.4703745484124178, 0.470327708051036, 0.4918416420257798, 0.504097173313743, 0.5264063605240413, 0.5264063605240413, 0.16783380508422852, 0.0, 0.0, 0.0, 0.6013332307338715, 0.0894436240196228, 0.07812869548797607, 0.8550897836685181, 0.8550897836685181, 0.26275086402893066, 0.3948996543884277, 0.28347083926200867, 0.38661166429519656, 0.18036200106143951, 0.1631549559533596]
[0.4642857142857143, 0.5, 0.3333333333333333, 0.42424242424242425, 0.6153846153846154, 0.5869565217391305, 0.0, 0.0, 0.46922955515279824, 0.469185757705404, 0.342694510009503, 0.6587225227870581, 0.6584479979106359, 0.6584479979106359, 0.2254752218723297, 0.0, 0.0, 0.0, 0.604674157500267, 0.10990780591964722, 0.09155169129371643, 0.8581271171569824, 0.8581271171569824, 0.26456862688064575, 0.3941725492477417, 0.28060221672058105, 0.3877591133117676, 0.21582898497581482, 0.1919044740498066]
[0.4642857142857143, 0.5, 0.3333333333333333, 0.42424242424242425, 0.6153846153846154, 0.5869565217391305, 0.0, 0.0, 0.47671381294385423, 0.4766699898539264, 0.36591355066682363, 0.6346387475165487, 0.6507627453122821, 0.6507627453122821, 0.24420875310897827, 0.0, 0.0, 0.0, 0.6034556716680526, 0.12219357490539551, 0.10111376643180847, 0.8551823496818542, 0.8551823496818542, 0.2652782201766968, 0.3938887119293213, 0.2751595973968506, 0.3899361610412598, 0.23907722532749176, 0.22756006568670273]
[0.4642857142857143, 0.5, 0.3333333333333333, 0.42424242424242425, 0.6153846153846154, 0.5869565217391305, 0.0, 0.0, 0.4901447787054638, 0.4901010752806928, 0.40531447740631393, 0.5941445200160124, 0.6507101867880141, 0.6507101867880141, 0.2453591227531433, 0.0, 0.0, 0.0, 0.6018185347318649, 0.12361979484558105, 0.10191240906715393, 0.8515966534614563, 0.8515966534614563, 0.2724252939224243, 0.39102988243103026, 0.2738320827484131, 0.39046716690063477, 0.2630031406879425, 0.26219476014375687]
[0.4642857142857143, 0.5, 0.3333333333333333, 0.42424242424242425, 0.6153846153846154, 0.5869565217391305, 0.0, 0.0, 0.4991090132197789, 0.4990658074204256, 0.39593753851166646, 0.6038838221005176, 0.6904144798006331, 0.6904144798006331, 0.26180052757263184, 0.0, 0.0, 0.0, 0.6023982375860214, 0.12485438585281372, 0.10279172658920288, 0.8519840836524963, 0.8519840836524963, 0.28920501470565796, 0.3843179941177368, 0.27537259459495544, 0.3898509621620178, 0.2781964838504791, 0.28112923726439476]
[0.4642857142857143, 0.5, 0.3333333333333333, 0.42424242424242425, 0.6153846153846154, 0.5869565217391305, 0.0, 0.0, 0.5055352923946445, 0.5054918201088221, 0.42492675325382734, 0.573898813755922, 0.6960861810616085, 0.6960861810616085, 0.2630852460861206, 0.0, 0.0, 0.0, 0.6028468877077102, 0.12693625688552856, 0.10463416576385498, 0.8526297211647034, 0.8526297211647034, 0.2966841459274292, 0.38132634162902834, 0.277779757976532, 0.3888880968093872, 0.28905630111694336, 0.29039787128567696]
[0.4642857142857143, 0.5, 0.3333333333333333, 0.42424242424242425, 0.6153846153846154, 0.5869565217391305, 0.0, 0.0, 0.5044254703628858, 0.5043810108395197, 0.43054376733462624, 0.5679790553758928, 0.6918876511710031, 0.6918876511710031, 0.2588129937648773, 0.0, 0.0, 0.0, 0.602907720208168, 0.13036784529685974, 0.10849964618682861, 0.8528236150741577, 0.8528236150741577, 0.30038273334503174, 0.3798469066619873, 0.27869752049446106, 0.38852099180221555, 0.2915414869785309, 0.2983344905078411]
[0.4642857142857143, 0.5, 0.3333333333333333, 0.42424242424242425, 0.6153846153846154, 0.5869565217391305, 0.0, 0.0, 0.5032277097551591, 0.5031831088417119, 0.4325354400146076, 0.5658484535857272, 0.6835389988762992, 0.6835389988762992, 0.255481094121933, 0.0, 0.0, 0.0, 0.6027162730693817, 0.132665753364563, 0.11080294847488403, 0.8527255058288574, 0.8527255058288574, 0.3011845052242279, 0.37952619791030884, 0.2778686583042145, 0.3888525366783142, 0.2920996844768524, 0.3056506998836994]
[0.4642857142857143, 0.5, 0.3333333333333333, 0.42424242424242425, 0.6153846153846154, 0.5869565217391305, 0.0, 0.0, 0.5025561691954532, 0.5025113070486951, 0.4580294349681351, 0.5399204865303773, 0.6872387869017466, 0.6872387869017466, 0.2519158124923706, 0.0, 0.0, 0.0, 0.6023403882980346, 0.1334373950958252, 0.1119300127029419, 0.8521131277084351, 0.8521131277084351, 0.301839679479599, 0.3792641282081604, 0.27728351950645447, 0.3890865921974182, 0.29304298758506775, 0.31038766726851463]
[0.4642857142857143, 0.5, 0.3333333333333333, 0.42424242424242425, 0.6153846153846154, 0.5869565217391305, 0.0, 0.0, 0.4749455950000318, 0.47489779161905465, 0.6222492517978238, 0.3755819177029871, 0.6699893304279873, 0.6699893304279873, 0.18783161044120789, 0.0, 0.0, 0.0, 0.6028947442770004, 0.11178100109100342, 0.0950067937374115, 0.8520139455795288, 0.8520139455795288, 0.30013591051101685, 0.37994563579559326, 0.2750447690486908, 0.38998209238052367, 0.2583284378051758, 0.3160374239087105]
[0.4642857142857143, 0.5, 0.3333333333333333, 0.42424242424242425, 0.6153846153846154, 0.5869565217391305, 0.0, 0.0, 0.4667415569890754, 0.46669394450251506, 0.636605936528164, 0.36224807374969215, 0.6693393204893385, 0.6693393204893385, 0.16080868244171143, 0.0, 0.0, 0.0, 0.6033396393060684, 0.09572234749794006, 0.0808131992816925, 0.8514297604560852, 0.8514297604560852, 0.30394744873046875, 0.3784210205078125, 0.27979981899261475, 0.3880800724029541, 0.22245682775974274, 0.3213189169764519]
[0.4642857142857143, 0.5, 0.3333333333333333, 0.42424242424242425, 0.6153846153846154, 0.5869565217391305, 0.0, 0.0, 0.4737838514676286, 0.4737365181997675, 0.6298885956321119, 0.36877555732694633, 0.6719115163598742, 0.6719115163598742, 0.15015587210655212, 0.0, 0.0, 0.0, 0.6038502484560012, 0.0925130844116211, 0.0777340829372406, 0.8516422510147095, 0.8516422510147095, 0.307839959859848, 0.3768640160560608, 0.28479138016700745, 0.38608344793319704, 0.2195533812046051, 0.32224223017692566]
[0.4642857142857143, 0.5, 0.3333333333333333, 0.42424242424242425, 0.6153846153846154, 0.5869565217391305, 0.0, 0.0, 0.4750769645488513, 0.4750295287108558, 0.5778583791926075, 0.41927209952998523, 0.6622650580746787, 0.6622650580746787, 0.14529317617416382, 0.0, 0.0, 0.0, 0.6035527199506759, 0.09239879250526428, 0.07760950922966003, 0.8518590927124023, 0.8518590927124023, 0.30777084827423096, 0.3768916606903076, 0.2870119512081146, 0.3851952195167542, 0.21751128137111664, 0.3116964362561703]
[0.4642857142857143, 0.5, 0.3333333333333333, 0.42424242424242425, 0.6153846153846154, 0.5869565217391305, 0.0, 0.0, 0.4623812806309979, 0.4623330897628463, 0.5423839369194001, 0.45376188845702337, 0.6178721359797886, 0.6178721359797886, 0.13193842768669128, 0.0, 0.0, 0.0, 0.6029618769884109, 0.09038498997688293, 0.0768207311630249, 0.8528294563293457, 0.8528294563293457, 0.2992704212665558, 0.3802918314933777, 0.2871352434158325, 0.385145902633667, 0.1902569979429245, 0.2525375597178936]
[0.4642857142857143, 0.5, 0.3333333333333333, 0.42424242424242425, 0.6153846153846154, 0.5869565217391305, 0.01196061447262764, 0.011940410360693932, 0.4593232290010835, 0.4592749355627975, 0.5049969238401827, 0.4907436131012777, 0.574345737695694, 0.574345737695694, 0.12139999866485596, 0.0, 0.0, 0.0, 0.6012892127037048, 0.0886593759059906, 0.07627105712890625, 0.8539629578590393, 0.8539629578590393, 0.27299290895462036, 0.39080283641815183, 0.2810157537460327, 0.3875936985015869, 0.166049987077713, 0.120973726734519]
[0.4642857142857143, 0.5, 0.3333333333333333, 0.42424242424242425, 0.6153846153846154, 0.5869565217391305, 0.0, 0.0, 0.461860891054055, 0.4618127429234594, 0.4634643443227954, 0.532233523086603, 0.5382659605571202, 0.5382659605571202, 0.12231764197349548, 0.0, 0.0, 0.0, 0.6019748508930206, 0.08837500214576721, 0.07767397165298462, 0.8576091527938843, 0.8576091527938843, 0.2680652141571045, 0.3927739143371582, 0.2784078121185303, 0.3886368751525879, 0.16926200687885284, 0.009172676363959908]
[0.4642857142857143, 0.5, 0.3333333333333333, 0.42424242424242425, 0.6153846153846154, 0.5869565217391305, 0.0, 0.0, 0.4633644780510926, 0.463317617745518, 0.45299907931862093, 0.5427966200548143, 0.5197367072105408, 0.5197367072105408, 0.11860239505767822, 0.0, 0.0, 0.0, 0.6022376030683517, 0.08708590269088745, 0.07791721820831299, 0.8598968386650085, 0.8598968386650085, 0.2624298334121704, 0.39502806663513185, 0.2761503756046295, 0.3936315553132878, 0.1640571504831314, 0.0]
[0.4642857142857143, 0.5, 0.3333333333333333, 0.42424242424242425, 0.6153846153846154, 0.5869565217391305, 0.04416960850358009, 0.04253958910703659, 0.4621725133682528, 0.46212596932059263, 0.44078242642017895, 0.5555282806309509, 0.515725953238351, 0.515725953238351, 0.11007177829742432, 0.0, 0.0, 0.0, 0.6003979831933974, 0.08573141694068909, 0.07813000679016113, 0.8597732186317444, 0.8597732186317444, 0.2597005367279053, 0.3961197853088379, 0.2784775495529175, 0.39931264034537384, 0.16171404719352722, 0.0]
[0.4642857142857143, 0.5, 0.3333333333333333, 0.42424242424242425, 0.6153846153846154, 0.5869565217391305, 0.2959628105163574, 0.2946746349334717, 0.3701915230395461, 0.3701435316133226, 0.44224931610246004, 0.5559178485845923, 0.612812020948955, 0.612812020948955, 0.10766130685806274, 0.0, 0.0, 0.0, 0.5923347562551498, 0.0873790979385376, 0.07950964570045471, 0.8423188924789429, 0.8423188924789429, 0.3542885482311249, 0.35828458070755004, 0.38351210951805115, 0.3602922794430755, 0.18788056075572968, 0.0]
[0.4642857142857143, 0.5, 0.3333333333333333, 0.42424242424242425, 0.6153846153846154, 0.5869565217391305, 0.022648684680461884, 0.022381240501999855, 0.4654265252399627, 0.46538069063573223, 0.4099065993073793, 0.5874489068934333, 0.5557695031166077, 0.5557695031166077, 0.10850727558135986, 0.0, 0.0, 0.0, 0.5941758781671523, 0.08409029245376587, 0.07701054215431213, 0.8468742370605469, 0.8468742370605469, 0.2996806502342224, 0.38012773990631105, 0.3388559818267822, 0.3644576072692871, 0.17204678058624268, 0.0]
[0.4642857142857143, 0.5, 0.3333333333333333, 0.42424242424242425, 0.6153846153846154, 0.5869565217391305, 0.0, 0.0, 0.4641022849721161, 0.46405637913862563, 0.3961480010307998, 0.6013527159886374, 0.5307148822716304, 0.5307148822716304, 0.10831516981124878, 0.0, 0.0, 0.0, 0.5994634032249451, 0.07957345247268677, 0.07463565468788147, 0.8589649796485901, 0.8589649796485901, 0.2898656129837036, 0.38405375480651854, 0.33151644468307495, 0.38247920052949774, 0.17007452249526978, 0.0]
[0.4642857142857143, 0.5, 0.3333333333333333, 0.42424242424242425, 0.6153846153846154, 0.5869565217391305, 0.018756650388240814, 0.016851654276251793, 0.4579107299817452, 0.4578648725841515, 0.37606351507781344, 0.6221145352208997, 0.5255177617073059, 0.5255177617073059, 0.09992197155952454, 0.0, 0.0, 0.0, 0.602389433979988, 0.0763985812664032, 0.07356113195419312, 0.864536702632904, 0.864536702632904, 0.28715986013412476, 0.3851360559463501, 0.3339081108570099, 0.3943461249041003, 0.17741085588932037, 0.0]
[0.4642857142857143, 0.5, 0.3333333333333333, 0.42424242424242425, 0.6153846153846154, 0.5869565217391305, 0.4467238485813141, 0.4329254627227783, 0.39489126615724873, 0.3948449044564942, 0.41240678622207494, 0.5871153659113456, 0.6293101608753204, 0.6293101608753204, 0.09136706590652466, 0.0, 0.0, 0.0, 0.6036055624485015, 0.07406929135322571, 0.07310798764228821, 0.8645926117897034, 0.8645926117897034, 0.3692169189453125, 0.35231323242187496, 0.427401065826416, 0.3603206193724344, 0.21845366060733795, 0.0]
[0.4642857142857143, 0.5, 0.3333333333333333, 0.42424242424242425, 0.6153846153846154, 0.5869565217391305, 0.04788164794445038, 0.04637515917420387, 0.42411461432622904, 0.42406918145502503, 0.625424925729376, 0.37602514604714765, 0.6356156936713628, 0.6356156936713628, 0.14475196599960327, 0.0, 0.0, 0.0, 0.6008369117975234, 0.07456159591674805, 0.07514053583145142, 0.8620977997779846, 0.8620977997779846, 0.2863048315048218, 0.3854780673980713, 0.3362990915775299, 0.36548036336898804, 0.17608153820037842, 0.0]
[0.4642857142857143, 0.5, 0.3333333333333333, 0.42424242424242425, 0.6153846153846154, 0.5869565217391305, 0.0, 0.0, 0.42521647969349846, 0.4251712063758369, 0.6531025191793934, 0.3493379584183378, 0.6405068933963776, 0.6405068933963776, 0.12549477815628052, 0.0, 0.0, 0.0, 0.6017047762870789, 0.0737508237361908, 0.07567840814590454, 0.864463746547699, 0.864463746547699, 0.279874324798584, 0.3880502700805664, 0.3294321298599243, 0.3682271480560303, 0.18267768621444702, 0.0]
[0.4642857142857143, 0.5, 0.3333333333333333, 0.42424242424242425, 0.6153846153846154, 0.5869565217391305, 0.0, 0.0, 0.42648556287156464, 0.426440061620271, 0.6447085212795046, 0.35713027990976165, 0.6420787104538509, 0.6420787104538509, 0.12570694088935852, 0.0, 0.0, 0.0, 0.5995010167360305, 0.07511818408966064, 0.07860627770423889, 0.8624752759933472, 0.8624752759933472, 0.2802552580833435, 0.3878978967666626, 0.32919108867645264, 0.36832356452941895, 0.1822090893983841, 0.0]
[0.4642857142857143, 0.5, 0.3333333333333333, 0.42424242424242425, 0.6153846153846154, 0.5869565217391305, 0.0, 0.0, 0.4305804931410868, 0.4305428214100533, 0.6301698315439899, 0.37120055463477664, 0.6421532588345664, 0.6421532588345664, 0.1590304672718048, 0.0, 0.0, 0.0, 0.6001893252134323, 0.08453461527824402, 0.08723986148834229, 0.8632450103759766, 0.8632450103759766, 0.2810734808444977, 0.3875706076622009, 0.3272235095500946, 0.3691105961799621, 0.18165330588817596, 0.0]
[0.4642857142857143, 0.5, 0.3333333333333333, 0.42424242424242425, 0.6153846153846154, 0.5869565217391305, 0.9125149846076965, 0.9120975732803345, 0.4610943901379295, 0.46105894930731955, 0.4460759855821073, 0.5546950287218652, 0.6031161972454616, 0.6031161972454616, 0.10317769646644592, 0.0, 0.0, 0.0, 0.5925467312335968, 0.09002411365509033, 0.08519089221954346, 0.8429441452026367, 0.8429441452026367, 0.37105217576026917, 0.35157912969589233, 0.4145536720752716, 0.36306684793427935, 0.21561338007450104, 0.0]
[0.4642857142857143, 0.5, 0.3333333333333333, 0.42424242424242425, 0.6153846153846154, 0.5869565217391305, 0.0846145898103714, 0.08311691135168076, 0.45551340381684313, 0.45547576057751366, 0.4282901134363324, 0.5695585129315215, 0.560510264975684, 0.560510264975684, 0.10340619087219238, 0.0, 0.0, 0.0, 0.5886214911937713, 0.09007290005683899, 0.08199837803840637, 0.839016318321228, 0.839016318321228, 0.32609882950782776, 0.3695604681968689, 0.36125871539115906, 0.37366015966548477, 0.1655619740486145, 0.0]
[0.4642857142857143, 0.5, 0.3333333333333333, 0.42424242424242425, 0.6153846153846154, 0.5869565217391305, 0.0, 0.0, 0.4704599693901908, 0.47042224352491974, 0.43619438453112686, 0.5604948470891725, 0.5140484656606402, 0.5140484656606402, 0.10794448852539062, 0.0, 0.0, 0.0, 0.5903956890106201, 0.0927024781703949, 0.08616000413894653, 0.844632625579834, 0.844632625579834, 0.292896032333374, 0.3828415870666504, 0.32070329785346985, 0.39363639992336896, 0.16456115245819092, 0.0]
[0.4642857142857143, 0.5, 0.3333333333333333, 0.42424242424242425, 0.6153846153846154, 0.5869565217391305, 0.0, 0.0, 0.47332161630772723, 0.47328398446507935, 0.4384680396056312, 0.5581861114260407, 0.5074396516595568, 0.5074396516595568, 0.11021822690963745, 0.0, 0.0, 0.0, 0.5904799699783325, 0.0951496958732605, 0.089448481798172, 0.8455910682678223, 0.8455910682678223, 0.28613734245300293, 0.3855450630187988, 0.31452304124832153, 0.3957479637722636, 0.16333475708961487, 0.0]
[0.4642857142857143, 0.5, 0.3333333333333333, 0.42424242424242425, 0.6153846153846154, 0.5869565217391305, 0.0, 0.0, 0.4797393968524714, 0.479702195234554, 0.43505430039210713, 0.5618867063619845, 0.4886478398527418, 0.4886478398527418, 0.11285093426704407, 0.0, 0.0, 0.0, 0.5903317064046859, 0.09894514083862305, 0.09154888987541199, 0.8452618718147278, 0.8452618718147278, 0.28972917795181274, 0.3841083288192749, 0.3227642774581909, 0.3911446901254876, 0.16504408419132233, 0.0]
[0.4642857142857143, 0.5, 0.3333333333333333, 0.42424242424242425, 0.6153846153846154, 0.5869565217391305, 0.7363582253456116, 0.7356200218200684, 0.41430391772983177, 0.41426570465642226, 0.4471562599360829, 0.5520192382646286, 0.540218608719962, 0.540218608719962, 0.10660511255264282, 0.0, 0.0, 0.0, 0.5906216830015182, 0.09658482670783997, 0.08867231011390686, 0.8438658714294434, 0.8438658714294434, 0.36766666173934937, 0.35293333530426024, 0.39762192964553833, 0.3719664174456929, 0.18821272253990173, 0.0]
[0.4642857142857143, 0.5, 0.3333333333333333, 0.42424242424242425, 0.6153846153846154, 0.5869565217391305, 0.012913160026073456, 0.012549636885523796, 0.4375564190443342, 0.43751838261948944, 0.5819771171299951, 0.4172815323281192, 0.5403203623635429, 0.5403203623635429, 0.14889538288116455, 0.0, 0.0, 0.0, 0.5881497055292129, 0.09577968716621399, 0.08995687961578369, 0.841751754283905, 0.841751754283905, 0.2844005525112152, 0.3862397789955139, 0.3203313946723938, 0.3718674421310425, 0.16719894111156464, 0.0]
[0.4642857142857143, 0.5, 0.3333333333333333, 0.42424242424242425, 0.6153846153846154, 0.5869565217391305, 0.0, 0.0, 0.4354051472352066, 0.4353671108103619, 0.6237804073676553, 0.37665994121234636, 0.5473596921988896, 0.5473596921988896, 0.19771453738212585, 0.0, 0.0, 0.0, 0.5878136038780212, 0.09514486789703369, 0.09327155351638794, 0.8429777026176453, 0.8429777026176453, 0.27127140760421753, 0.391491436958313, 0.3087596893310547, 0.3764961242675781, 0.16333255171775818, 0.0]
[0.4642857142857143, 0.5, 0.3333333333333333, 0.42424242424242425, 0.6153846153846154, 0.5869565217391305, 0.0, 0.0, 0.4433686183925796, 0.44333063325280214, 0.6018054626639897, 0.39768874480614425, 0.5474687686988285, 0.5474687686988285, 0.1663774847984314, 0.0, 0.0, 0.0, 0.5882321298122406, 0.09575572609901428, 0.0951051115989685, 0.8440264463424683, 0.8440264463424683, 0.26969999074935913, 0.39212000370025635, 0.30778229236602783, 0.37688708305358887, 0.16383296251296997, 0.0]
[0.4642857142857143, 0.5, 0.3333333333333333, 0.42424242424242425, 0.6153846153846154, 0.5869565217391305, 0.0, 0.0, 0.44562116681275815, 0.44558328424311505, 0.5983520288084478, 0.40104425837336666, 0.551812265600477, 0.551812265600477, 0.1730918288230896, 0.0, 0.0, 0.0, 0.5876119345426559, 0.09690111875534058, 0.09653565287590027, 0.8430825471878052, 0.8430825471878052, 0.27213355898857117, 0.3911465764045715, 0.3108047544956207, 0.3756780982017517, 0.16497769951820374, 0.0]
[0.4642857142857143, 0.5, 0.3333333333333333, 0.42424242424242425, 0.6153846153846154, 0.5869565217391305, 0.0, 0.0, 0.44437118447305596, 0.4443334329652513, 0.6183738330126265, 0.38183077520844994, 0.553650941167559, 0.553650941167559, 0.19612252712249756, 0.0, 0.0, 0.0, 0.5873386263847351, 0.09844544529914856, 0.09864300489425659, 0.8430554270744324, 0.8430554270744324, 0.27348294854164124, 0.3906068205833435, 0.3124385178089142, 0.3750245928764343, 0.16764317452907562, 0.0]
[0.4642857142857143, 0.5, 0.3333333333333333, 0.42424242424242425, 0.6153846153846154, 0.5869565217391305, 0.0, 0.0, 0.44477182911641283, 0.44473411179865296, 0.6129797380239512, 0.38710392861197096, 0.5520616684641158, 0.5520616684641158, 0.1887969970703125, 0.0, 0.0, 0.0, 0.5868406802415848, 0.10001406073570251, 0.10077616572380066, 0.8426393866539001, 0.8426393866539001, 0.274404376745224, 0.3902382493019104, 0.3138692080974579, 0.37445231676101687, 0.1702706515789032, 0.0]
[0.4642857142857143, 0.5, 0.3333333333333333, 0.42424242424242425, 0.6153846153846154, 0.5869565217391305, 0.0, 0.0, 0.4590383803411378, 0.4590013411259332, 0.5614861799243759, 0.43766825827717504, 0.5336305711950575, 0.5336305711950575, 0.1802855134010315, 0.0, 0.0, 0.0, 0.5819407433271407, 0.11141270399093628, 0.11664283275604248, 0.8380483984947205, 0.8380483984947205, 0.28171148896217346, 0.3873154044151306, 0.3258707821369171, 0.3696516871452331, 0.17692142724990845, 0.0]
[0.4642857142857143, 0.5, 0.3333333333333333, 0.42424242424242425, 0.6153846153846154, 0.5869565217391305, 0.0, 0.0, 0.392141554597231, 0.39210475471234, 0.7791512308795412, 0.23099249174621728, 0.5927782825061253, 0.5927782825061253, 0.18079572916030884, 0.0, 0.0, 0.0, 0.566643413901329, 0.13252568244934082, 0.1402689814567566, 0.817749559879303, 0.817749559879303, 0.2903566360473633, 0.38385734558105467, 0.3382510244846344, 0.3886010203250619, 0.19305723905563354, 0.0]
[0.4642857142857143, 0.5, 0.3333333333333333, 0.42424242424242425, 0.6153846153846154, 0.5869565217391305, 0.0, 0.0, 0.37245068723339425, 0.3724151409834794, 0.824591122439441, 0.18998531670182384, 0.613242302622114, 0.613242302622114, 0.22564971446990967, 0.0, 0.0, 0.0, 0.5618281126022339, 0.1370278000831604, 0.14322179555892944, 0.81230229139328, 0.81230229139328, 0.300205796957016, 0.3799176812171936, 0.354400634765625, 0.393973776074343, 0.22263087332248688, 0.0]
[0.4642857142857143, 0.5, 0.3333333333333333, 0.42424242424242425, 0.6153846153846154, 0.5869565217391305, 0.0, 0.0, 0.37219826213260454, 0.3721618953216144, 0.7984487075878604, 0.21392564194101626, 0.6127615698746273, 0.6127615698746273, 0.2301759421825409, 0.0, 0.0, 0.0, 0.562440338730812, 0.13499370217323303, 0.14167708158493042, 0.8141928911209106, 0.8141928911209106, 0.30159133672714233, 0.37936346530914306, 0.3586411774158478, 0.4162632448728695, 0.23283538222312927, 0.0]
[0.4642857142857143, 0.5, 0.3333333333333333, 0.42424242424242425, 0.6153846153846154, 0.5869565217391305, 0.0, 0.0, 0.37508577096986495, 0.37504957510909886, 0.800280678568561, 0.2122393889312712, 0.6104272816862379, 0.6104272816862379, 0.21718502044677734, 0.0, 0.0, 0.0, 0.5672110378742218, 0.1295328140258789, 0.13848984241485596, 0.8224080801010132, 0.8224080801010132, 0.30199185013771057, 0.37920325994491577, 0.36398983001708984, 0.4226286050885223, 0.2326871156692505, 0.0]
[0.4642857142857143, 0.5, 0.3333333333333333, 0.42424242424242425, 0.6153846153846154, 0.5869565217391305, 0.0, 0.0, 0.37800528168906217, 0.37796884649798246, 0.7960776963607759, 0.21587452008158436, 0.623119728905814, 0.623119728905814, 0.2129305899143219, 0.0, 0.0, 0.0, 0.5699953764677047, 0.12729373574256897, 0.13692259788513184, 0.8257693648338318, 0.8257693648338318, 0.2985980808734894, 0.38056076765060426, 0.36308518052101135, 0.4229985004247621, 0.21892665326595306, 0.0]
[0.4642857142857143, 0.5, 0.3333333333333333, 0.42424242424242425, 0.6153846153846154, 0.5869565217391305, 0.0, 0.0, 0.4266421646734497, 0.42660432199219217, 0.5976454915325683, 0.40285937366197894, 0.5684061774185726, 0.5684061774185726, 0.21441221237182617, 0.0, 0.0, 0.0, 0.5711157709360122, 0.12189605832099915, 0.1356513500213623, 0.8267675042152405, 0.8267675042152405, 0.28908032178878784, 0.38436787128448485, 0.3511713743209839, 0.405358609765075, 0.1968039572238922, 0.0]
[0.4642857142857143, 0.5, 0.3333333333333333, 0.42424242424242425, 0.6153846153846154, 0.5869565217391305, 0.018991319462656975, 0.017683014273643494, 0.4128777085025269, 0.41283989431297347, 0.664086766270333, 0.3390609324041739, 0.5275216485772815, 0.5275216485772815, 0.1721678376197815, 0.0, 0.0, 0.0, 0.5796057224273681, 0.10082292556762695, 0.10703647136688232, 0.8361071944236755, 0.8361071944236755, 0.25652867555618286, 0.39738852977752687, 0.3081253468990326, 0.39905789286591287, 0.17041021585464478, 0.0]
[0.4642857142857143, 0.5, 0.3333333333333333, 0.42424242424242425, 0.6153846153846154, 0.5869565217391305, 0.06383241713047028, 0.06102575361728668, 0.43991105323995733, 0.43987242418766936, 0.4788213300431436, 0.5182622798263634, 0.516383924654552, 0.516383924654552, 0.1630418300628662, 0.0, 0.0, 0.0, 0.5897680878639221, 0.08798587322235107, 0.09006941318511963, 0.8502525687217712, 0.8502525687217712, 0.24584217369556427, 0.40166313052177427, 0.2935389578342438, 0.38877977188243423, 0.16592034697532654, 0.0]
[0.4642857142857143, 0.5, 0.3333333333333333, 0.42424242424242425, 0.6153846153846154, 0.5869565217391305, 0.044450707733631134, 0.042693592607975006, 0.46075509952997384, 0.46071684086983794, 0.44307406545825034, 0.5533660127992447, 0.4465091441358839, 0.4465091441358839, 0.15462633967399597, 0.0, 0.0, 0.0, 0.5970256179571152, 0.08709025382995605, 0.08717915415763855, 0.8598330616950989, 0.8598330616950989, 0.24142225086688995, 0.40343109965324403, 0.2858946621417999, 0.4257638787114343, 0.16434088349342346, 0.0]
[0.4642857142857143, 0.5, 0.3333333333333333, 0.42424242424242425, 0.6153846153846154, 0.5869565217391305, 0.0, 0.0, 0.4650939729200039, 0.4650556943156751, 0.45332889358582507, 0.5427800435814251, 0.4434479773044587, 0.4434479773044587, 0.14340218901634216, 0.0, 0.0, 0.0, 0.5995260506868362, 0.08765819668769836, 0.08690071105957031, 0.8635856509208679, 0.8635856509208679, 0.2349090576171875, 0.406036376953125, 0.27492913603782654, 0.42118358057598737, 0.16062197089195251, 0.0]
[0.4642857142857143, 0.5, 0.3333333333333333, 0.42424242424242425, 0.6153846153846154, 0.5869565217391305, 0.0, 0.0, 0.458178577641912, 0.45813992009792, 0.4653161426803122, 0.5306094161816304, 0.438681287424905, 0.438681287424905, 0.14382299780845642, 0.0, 0.0, 0.0, 0.5984906047582625, 0.08875963091850281, 0.08784103393554688, 0.86255943775177, 0.86255943775177, 0.22273899614810944, 0.41090440154075625, 0.25468525290489197, 0.4284672543059948, 0.14858141541481018, 0.0]
[0.4642857142857143, 0.5, 0.3333333333333333, 0.42424242424242425, 0.6153846153846154, 0.5869565217391305, 0.0, 0.0, 0.4207654430123178, 0.42072789664478194, 0.7260380447708625, 0.27953118662026777, 0.5435489969594138, 0.5435489969594138, 0.20423465967178345, 0.0, 0.0, 0.0, 0.5919116616249084, 0.096141517162323, 0.10142239928245544, 0.8574928045272827, 0.8574928045272827, 0.20847167074680328, 0.4166113317012787, 0.23040856420993805, 0.40783657431602477, 0.1445072442293167, 0.0]
[0.4642857142857143, 0.5, 0.3333333333333333, 0.42424242424242425, 0.6153846153846154, 0.5869565217391305, 0.0, 0.0, 0.38954118515291813, 0.3895043966647088, 0.7956380123845934, 0.21540990016605788, 0.5586956654276167, 0.5586956654276167, 0.20198458433151245, 0.0, 0.0, 0.0, 0.5845764636993408, 0.09886559844017029, 0.10540863871574402, 0.8477550745010376, 0.8477550745010376, 0.20270463824272156, 0.4189181447029114, 0.22301062941551208, 0.41079574823379517, 0.13961011171340942, 0.0]
[0.4642857142857143, 0.5, 0.3333333333333333, 0.42424242424242425, 0.6153846153846154, 0.5869565217391305, 0.0, 0.0, 0.39176694567299253, 0.39173010020137516, 0.7895995718115374, 0.2210209879724241, 0.5585317100797381, 0.5585317100797381, 0.19956764578819275, 0.0, 0.0, 0.0, 0.5813102424144745, 0.10129097104072571, 0.10821008682250977, 0.8426938652992249, 0.8426938652992249, 0.20102053880691528, 0.4195917844772339, 0.22267378866672516, 0.41093048453330994, 0.13845671713352203, 0.0]
[0.4642857142857143, 0.5, 0.3333333333333333, 0.42424242424242425, 0.6153846153846154, 0.5869565217391305, 0.07755516469478607, 0.07627248764038086, 0.4519628047031381, 0.45192428391932526, 0.42099923453868915, 0.5757588519142367, 0.46432220510074074, 0.46432220510074074, 0.16288721561431885, 0.0, 0.0, 0.0, 0.5818893611431122, 0.10271596908569336, 0.10439184308052063, 0.8424190282821655, 0.8424190282821655, 0.20200929045677185, 0.41919628381729124, 0.23268362879753113, 0.41494592677715214, 0.13832464814186096, 0.0]
[0.4642857142857143, 0.5, 0.3333333333333333, 0.42424242424242425, 0.6153846153846154, 0.5869565217391305, 0.0, 0.0, 0.47205164418849616, 0.4720138527923059, 0.4165006793935714, 0.5801745617316234, 0.41522673198154997, 0.41522673198154997, 0.15996184945106506, 0.0, 0.0, 0.0, 0.5856902867555618, 0.10325762629508972, 0.10136842727661133, 0.8445976972579956, 0.8445976972579956, 0.20820027589797974, 0.4167198896408081, 0.24715659022331238, 0.4251559737116792, 0.14025625586509705, 0.0]
[0.4642857142857143, 0.5, 0.3333333333333333, 0.42424242424242425, 0.6153846153846154, 0.5869565217391305, 0.0, 0.0, 0.46981861828390087, 0.46977982113055927, 0.41986368058060597, 0.5766355330989141, 0.40178301078932627, 0.40178301078932627, 0.1601090431213379, 0.0, 0.0, 0.0, 0.5869595915079117, 0.1047239899635315, 0.10188314318656921, 0.8462097644805908, 0.8462097644805908, 0.21144263446331024, 0.4154229462146759, 0.2504732310771942, 0.4285606949828392, 0.14044877886772156, 0.0]
[0.4642857142857143, 0.5, 0.3333333333333333, 0.42424242424242425, 0.6153846153846154, 0.5869565217391305, 0.0, 0.0, 0.4632232959594143, 0.46318406858134226, 0.4364874786902112, 0.5596372161700843, 0.4002363766942706, 0.4002363766942706, 0.15924128890037537, 0.0, 0.0, 0.0, 0.5892524719238281, 0.10461798310279846, 0.10075968503952026, 0.8486696481704712, 0.8486696481704712, 0.21160128712654114, 0.41535948514938353, 0.2486186921596527, 0.42967499688614247, 0.13929273188114166, 0.0]
[0.4642857142857143, 0.5, 0.3333333333333333, 0.42424242424242425, 0.6153846153846154, 0.5869565217391305, 0.0, 0.0, 0.46560831085901644, 0.4655691718052268, 0.4559129686246183, 0.5400926804172783, 0.4453762301376888, 0.4453762301376888, 0.1761593222618103, 0.0, 0.0, 0.0, 0.5956481039524077, 0.10507166385650635, 0.10034385323524475, 0.8553192615509033, 0.8553192615509033, 0.21148502826690674, 0.4154059886932373, 0.24522432684898376, 0.42591803295667785, 0.1393517404794693, 0.0]
[0.4642857142857143, 0.5, 0.3333333333333333, 0.42424242424242425, 0.6153846153846154, 0.5869565217391305, 0.0, 0.0, 0.46523601261197267, 0.465196816574775, 0.4864401954651791, 0.5095015338633707, 0.45630491205624174, 0.45630491205624174, 0.19615721702575684, 0.0, 0.0, 0.0, 0.5963081657886504, 0.10671675205230713, 0.10072121024131775, 0.8559163212776184, 0.8559163212776184, 0.20824353396892548, 0.4167025864124298, 0.23439623415470123, 0.41338084742080333, 0.14048966765403748, 0.0]
[0.4642857142857143, 0.5, 0.3333333333333333, 0.42424242424242425, 0.6153846153846154, 0.5869565217391305, 0.0271400585770607, 0.026971932500600815, 0.4643251185891277, 0.46428582283096603, 0.5200906244906139, 0.47599263167923267, 0.503966829606465, 0.503966829606465, 0.2046596109867096, 0.0, 0.0, 0.0, 0.5964234471321106, 0.10733157396316528, 0.1003289520740509, 0.8555122017860413, 0.8555122017860413, 0.20850491523742676, 0.4165980339050293, 0.22984221577644348, 0.4080631136894226, 0.1441558450460434, 0.0]
[0.4642857142857143, 0.5, 0.3333333333333333, 0.42424242424242425, 0.6153846153846154, 0.5869565217391305, 0.567085325717926, 0.5658666491508484, 0.31995017533092607, 0.3199075973284632, 0.5193663340339697, 0.47958391409708434, 0.6132533720561436, 0.6132533720561436, 0.20484793186187744, 0.0, 0.0, 0.0, 0.594545629620552, 0.1062859296798706, 0.09351849555969238, 0.8500015139579773, 0.8500015139579773, 0.25788724422454834, 0.39684510231018066, 0.2632378041744232, 0.3947048783302307, 0.15114282071590424, 0.08344735950231552]
[0.4642857142857143, 0.5, 0.3333333333333333, 0.42424242424242425, 0.6153846153846154, 0.5869565217391305, 0.13145655393600464, 0.13139097392559052, 0.4514540340430878, 0.4514142767193213, 0.5430720286661079, 0.4534286152969532, 0.5069505529744285, 0.5069505529744285, 0.22574487328529358, 0.0, 0.0, 0.0, 0.5974193394184112, 0.10257354378700256, 0.09203082323074341, 0.8518633842468262, 0.8518633842468262, 0.21938934922218323, 0.4122442603111267, 0.22784580290317535, 0.40886167883872987, 0.1495085060596466, 0.1348884217441082]
[0.4642857142857143, 0.5, 0.3333333333333333, 0.42424242424242425, 0.6153846153846154, 0.5869565217391305, 0.05373143032193184, 0.0534999743103981, 0.46239978314357777, 0.4623602736976361, 0.5495928993188628, 0.4466815746486479, 0.4391111859253475, 0.4391111859253475, 0.24454662203788757, 0.0, 0.0, 0.0, 0.6003334999084472, 0.10530412197113037, 0.09603345394134521, 0.8557651042938232, 0.8557651042938232, 0.20442268252372742, 0.418230926990509, 0.21290792524814606, 0.41985547126725664, 0.13821931183338165, 0.1563483662903309]
[0.4642857142857143, 0.5, 0.3333333333333333, 0.42424242424242425, 0.6153846153846154, 0.5869565217391305, 0.03754229098558426, 0.03725766763091087, 0.4644524736568531, 0.46441295851257064, 0.5542193366282301, 0.4419856517715568, 0.4216199900422778, 0.4216199900422778, 0.24654865264892578, 0.0, 0.0, 0.0, 0.6038648724555968, 0.10660931468009949, 0.09823167324066162, 0.8617334961891174, 0.8617334961891174, 0.19726522266864777, 0.4210939109325409, 0.20477117598056793, 0.44138444024463036, 0.1313122808933258, 0.1671881601214409]
[0.4642857142857143, 0.5, 0.3333333333333333, 0.42424242424242425, 0.6153846153846154, 0.5869565217391305, 0.029477808624505997, 0.029194263741374016, 0.46412724085565277, 0.4640877086163479, 0.5474093549566105, 0.44868886078242315, 0.4205072351864406, 0.4205072351864406, 0.24458268284797668, 0.0, 0.0, 0.0, 0.6061911314725875, 0.10650500655174255, 0.09822645783424377, 0.8654673099517822, 0.8654673099517822, 0.19550107419490814, 0.42179957032203674, 0.20286257565021515, 0.41885496973991393, 0.13067501783370972, 0.16974443569779396]
[0.4642857142857143, 0.5, 0.3333333333333333, 0.42424242424242425, 0.6153846153846154, 0.5869565217391305, 0.01783565618097782, 0.01779022254049778, 0.460567242328797, 0.4605288155676074, 0.5343798764805037, 0.4615875338454497, 0.3883297102791923, 0.3883297102791923, 0.23330286145210266, 0.0, 0.0, 0.0, 0.6077266097068786, 0.10531902313232422, 0.09773823618888855, 0.8684852123260498, 0.8684852123260498, 0.1917065531015396, 0.42331737875938413, 0.20008227229118347, 0.4429948884387349, 0.12610985338687897, 0.11678201146423817]
[0.4642857142857143, 0.5, 0.3333333333333333, 0.42424242424242425, 0.6153846153846154, 0.5869565217391305, 0.007741465698927641, 0.007752109318971634, 0.45819573534606295, 0.45815726299814696, 0.5176152923139058, 0.4782447641205327, 0.374370174748557, 0.374370174748557, 0.23450398445129395, 0.0, 0.0, 0.0, 0.6092890411615371, 0.10568565130233765, 0.09861966967582703, 0.871683657169342, 0.871683657169342, 0.1874658614397049, 0.42501365542411806, 0.19737358391284943, 0.44534329758134, 0.12364786118268967, 0.07948911748826504]
[0.4642857142857143, 0.5, 0.3333333333333333, 0.42424242424242425, 0.6153846153846154, 0.5869565217391305, 0.0, 0.0, 0.48201943976701334, 0.4819823150766967, 0.5130654506769965, 0.48333500648269184, 0.4152907431125641, 0.4152907431125641, 0.2850070595741272, 0.0, 0.0, 0.0, 0.6095712155103683, 0.10983994603157043, 0.102562814950943, 0.8726766705513, 0.8726766705513, 0.18564759194850922, 0.4257409632205963, 0.1962142288684845, 0.4277132416880408, 0.12426813691854477, 0.05205359775573015]
[0.4642857142857143, 0.5, 0.3333333333333333, 0.42424242424242425, 0.6153846153846154, 0.5869565217391305, 0.0, 0.0, 0.4877565421064315, 0.4877196140088725, 0.5083536714543349, 0.4879373398104721, 0.41417803083147325, 0.41417803083147325, 0.27690064907073975, 0.0, 0.0, 0.0, 0.6111423254013061, 0.11041167378425598, 0.10282570123672485, 0.8753787875175476, 0.8753787875175476, 0.1841432899236679, 0.4263426840305328, 0.19453832507133484, 0.44207669967828794, 0.12653447687625885, 0.02434713300317526]
[0.4642857142857143, 0.5, 0.3333333333333333, 0.42424242424242425, 0.6153846153846154, 0.5869565217391305, 0.0, 0.0, 0.48453904377798734, 0.48450189202055194, 0.513441924383262, 0.4827393076337268, 0.40646995816911974, 0.40646995816911974, 0.2616400718688965, 0.0, 0.0, 0.0, 0.611715081334114, 0.10986459255218506, 0.10240176320075989, 0.8766260743141174, 0.8766260743141174, 0.18399246037006378, 0.4264030158519745, 0.19441114366054535, 0.44688523508781614, 0.12936078011989594, 0.0]
[0.4642857142857143, 0.5, 0.3333333333333333, 0.42424242424242425, 0.6153846153846154, 0.5869565217391305, 0.0, 0.0, 0.4859366957703694, 0.4858995183704004, 0.5221532614577569, 0.47398183536752414, 0.4043807089328766, 0.4043807089328766, 0.2865699529647827, 0.0, 0.0, 0.0, 0.6121854484081268, 0.11133095622062683, 0.10403472185134888, 0.8779861927032471, 0.8779861927032471, 0.1865510791540146, 0.4253795683383942, 0.19491924345493317, 0.4483324220014173, 0.1378968507051468, 0.0]
[0.4642857142857143, 0.5, 0.3333333333333333, 0.42424242424242425, 0.6153846153846154, 0.5869565217391305, 0.0, 0.0, 0.4785716700622274, 0.47853429037115996, 0.5241651931638699, 0.47216421850730034, 0.3940364931310926, 0.3940364931310926, 0.2663501501083374, 0.0, 0.0, 0.0, 0.611483684182167, 0.11241805553436279, 0.10603725910186768, 0.8776269555091858, 0.8776269555091858, 0.1866033375263214, 0.42535866498947145, 0.19314682483673096, 0.46283192412797797, 0.1339295655488968, 0.0]
[0.4642857142857143, 0.5, 0.3333333333333333, 0.42424242424242425, 0.6153846153846154, 0.5869565217391305, 0.0, 0.0, 0.47889632590642167, 0.47885900604793263, 0.5228958877505125, 0.4734886553679046, 0.39346824799265184, 0.39346824799265184, 0.26928576827049255, 0.0, 0.0, 0.0, 0.610209122300148, 0.11381208896636963, 0.10770449042320251, 0.8762512803077698, 0.8762512803077698, 0.18676704168319702, 0.42529318332672117, 0.19239658117294312, 0.458980355151864, 0.13578440248966217, 0.0]
[0.4642857142857143, 0.5, 0.3333333333333333, 0.42424242424242425, 0.6153846153846154, 0.5869565217391305, 0.0, 0.0, 0.4829918089150015, 0.4829546927721961, 0.5293105270848903, 0.4672007129428897, 0.41881263256073, 0.41881263256073, 0.28079721331596375, 0.0, 0.0, 0.0, 0.6094364911317824, 0.12453481554985046, 0.11890280246734619, 0.8752257823944092, 0.8752257823944092, 0.1897096484899521, 0.42411614060401914, 0.19484880566596985, 0.43090307435324027, 0.1431848704814911, 0.0]
[0.4642857142857143, 0.5, 0.3333333333333333, 0.42424242424242425, 0.6153846153846154, 0.5869565217391305, 0.0, 0.0, 0.48629425240976176, 0.48625721604372757, 0.5378466387551784, 0.4586839214970865, 0.43374131832804, 0.43374131832804, 0.2890062928199768, 0.0, 0.0, 0.0, 0.6064495861530304, 0.133764386177063, 0.12867960333824158, 0.8703809380531311, 0.8703809380531311, 0.19353161752223969, 0.4225873529911041, 0.19842642545700073, 0.4266975993333861, 0.14704449474811554, 0.0]
[0.4642857142857143, 0.5, 0.3333333333333333, 0.42424242424242425, 0.6153846153846154, 0.5869565217391305, 0.4118025600910187, 0.40324434638023376, 0.3708530206297369, 0.37081294989722635, 0.5286598136046649, 0.4696878962438781, 0.48301796827997484, 0.48301796827997484, 0.32959017157554626, 0.0, 0.0, 0.0, 0.5942559033632278, 0.13541492819786072, 0.12692004442214966, 0.8488759994506836, 0.8488759994506836, 0.19483047723770142, 0.4220678091049194, 0.2011430710554123, 0.43398859195931017, 0.14376436173915863, 0.09831879287958145]
[0.4642857142857143, 0.5, 0.3333333333333333, 0.42424242424242425, 0.6153846153846154, 0.5869565217391305, 0.0, 0.0, 0.489381797939368, 0.4893452687256651, 0.5412784303123591, 0.45589515350922066, 0.3967531664030893, 0.3967531664030893, 0.345079630613327, 0.0, 0.0, 0.0, 0.5889531910419463, 0.14383557438850403, 0.13514754176139832, 0.8416996598243713, 0.8416996598243713, 0.17703433334827423, 0.4291862666606903, 0.18643096089363098, 0.45300628556761635, 0.12119778990745544, 0.11582637205719948]
[0.4642857142857143, 0.5, 0.3333333333333333, 0.42424242424242425, 0.6153846153846154, 0.5869565217391305, 0.0, 0.0, 0.4858621215843106, 0.4858252077326036, 0.5363560325784847, 0.4603777248083925, 0.35177458609853474, 0.35177458609853474, 0.36571967601776123, 0.0, 0.0, 0.0, 0.5911406159400939, 0.15748125314712524, 0.1490069329738617, 0.8464640378952026, 0.8464640378952026, 0.15945902466773987, 0.43621639013290403, 0.16975632309913635, 0.45631114133568695, 0.11623844504356384, 0.09109670296311378]
[0.4642857142857143, 0.5, 0.3333333333333333, 0.42424242424242425, 0.6153846153846154, 0.5869565217391305, 0.0, 0.0, 0.4947168616788109, 0.4946803776956881, 0.5288085659420969, 0.46791803717790503, 0.3546520109687533, 0.3546520109687533, 0.4111885130405426, 0.0, 0.0, 0.0, 0.5591318517923355, 0.18535834550857544, 0.1767376959323883, 0.8015530109405518, 0.8015530109405518, 0.15391510725021362, 0.43843395709991456, 0.16444802284240723, 0.4475402762723524, 0.1173962652683258, 0.08584357798099518]
[0.4642857142857143, 0.5, 0.3333333333333333, 0.42424242424242425, 0.6153846153846154, 0.5869565217391305, 0.23326832056045532, 0.23235078155994415, 0.4212550558505961, 0.4212164780833753, 0.5129297461154129, 0.4849039762420768, 0.45344229255403795, 0.45344229255403795, 0.4371049404144287, 0.0, 0.0, 0.0, 0.5211520731449127, 0.19249773025512695, 0.18442752957344055, 0.7450743317604065, 0.7450743317604065, 0.14991924166679382, 0.44003230333328247, 0.16022343933582306, 0.47016608160595563, 0.11612918972969055, 0.08188586682081223]
[0.4642857142857143, 0.5, 0.3333333333333333, 0.42424242424242425, 0.6153846153846154, 0.5869565217391305, 0.10963014513254166, 0.10943754017353058, 0.44212285852341077, 0.4420845257848444, 0.5082961231982959, 0.4886666932429178, 0.3526277201516288, 0.3526277201516288, 0.4628555476665497, 0.0, 0.0, 0.0, 0.49092895984649654, 0.237314373254776, 0.22990566492080688, 0.7025600671768188, 0.7025600671768188, 0.14880922436714172, 0.4404763102531433, 0.16056840121746063, 0.4614107068194899, 0.10894787311553955, 0.09330938570201397]
[0.4642857142857143, 0.5, 0.3333333333333333, 0.42424242424242425, 0.6153846153846154, 0.5869565217391305, 0.0, 0.0, 0.47707195223859344, 0.4770347050339496, 0.5050502674330033, 0.4914147237923993, 0.298837742635182, 0.298837742635182, 0.6071869432926178, 0.0, 0.0, 0.0, 0.1704719580709934, 0.43300559371709824, 0.4312088117003441, 0.24670086801052094, 0.24670086801052094, 0.12082727998495102, 0.45166908800601957, 0.11776060611009598, 0.4814418595890666, 0.0498923696577549, 0.10317741893231869]
[0.4642857142857143, 0.5, 0.3333333333333333, 0.42424242424242425, 0.6153846153846154, 0.5869565217391305, 0.0, 0.0, 0.49381553873163336, 0.4937787025198198, 0.5087884683909881, 0.4872386263565119, 0.30169419944286346, 0.30169419944286346, 0.7045628726482391, 0.0, 0.0, 0.0, 0.14136171862483024, 0.45350055024027824, 0.45430829748511314, 0.20780214667320251, 0.20780214667320251, 0.10519179701805115, 0.45792328119277953, 0.09930434077978134, 0.4853553896726564, 0.0435437448322773, 0.09480916894972324]
[0.4642857142857143, 0.5, 0.3333333333333333, 0.42424242424242425, 0.6153846153846154, 0.5869565217391305, 0.24492903053760529, 0.24378715455532074, 0.40770531316104397, 0.4076650372882646, 0.5029513151180106, 0.49302719468545686, 0.3279097697564534, 0.3279097697564534, 0.7298165410757065, 0.0, 0.0, 0.0, 0.14114318788051605, 0.4546421952545643, 0.4558529667556286, 0.20745708048343658, 0.20745708048343658, 0.10031117498874664, 0.4598755300045013, 0.09461982548236847, 0.48504179993341134, 0.042154502123594284, 0.08970584720373154]
[0.4642857142857143, 0.5, 0.3333333333333333, 0.42424242424242425, 0.6153846153846154, 0.5869565217391305, 0.1714382916688919, 0.17006605863571167, 0.42324893948680814, 0.42320952406348966, 0.5050026463989318, 0.49141177205186454, 0.31438135675021583, 0.31438135675021583, 0.7666117772459984, 0.0, 0.0, 0.0, 0.1636956378817558, 0.4526357166469097, 0.45396531373262405, 0.2390042096376419, 0.2390042096376419, 0.09847579896450043, 0.4606096804141998, 0.09352660924196243, 0.48369150522143345, 0.04215995594859123, 0.08248159661889076]
[0.4642857142857143, 0.5, 0.3333333333333333, 0.42424242424242425, 0.6153846153846154, 0.5869565217391305, 0.0, 0.0, 0.4938442811626321, 0.49380733668234333, 0.500541702217385, 0.49525157050871665, 0.24988268102918354, 0.24988268102918354, 0.7929241135716438, 0.0, 0.0, 0.0, 0.14280017986893653, 0.46197522431612015, 0.4625236913561821, 0.21156130731105804, 0.21156130731105804, 0.09814003854990005, 0.46074398458003996, 0.09310528635978699, 0.5058048215023307, 0.04239245876669884, 0.07734100800007582]
[0.4642857142857143, 0.5, 0.3333333333333333, 0.42424242424242425, 0.6153846153846154, 0.5869565217391305, 0.0, 0.0, 0.5038351507476365, 0.5037986863525602, 0.49744664881214584, 0.49841097567728276, 0.20620121487549375, 0.20620121487549375, 0.8253991231322289, 0.0, 0.0, 0.0, 0.13299126774072645, 0.4672785699367523, 0.467823751270771, 0.2011299580335617, 0.2011299580335617, 0.1007557287812233, 0.4596977084875107, 0.09518013149499893, 0.4979160289431728, 0.04203801602125168, 0.0734981894493103]
[0.4642857142857143, 0.5, 0.3333333333333333, 0.42424242424242425, 0.6153846153846154, 0.5869565217391305, 0.0, 0.0, 0.5086788543950531, 0.5086426179336089, 0.4950396790958044, 0.5008370955582508, 0.19869447818824224, 0.19869447818824224, 0.8305374905467033, 0.0, 0.0, 0.0, 0.12625812590122223, 0.4701589997857809, 0.47087752632796764, 0.19304245710372925, 0.19304245710372925, 0.10513152182102203, 0.4579473912715912, 0.09855229407548904, 0.5135284606800523, 0.04153062775731087, 0.07052041124552488]
[0.4642857142857143, 0.5, 0.3333333333333333, 0.42424242424242425, 0.6153846153846154, 0.5869565217391305, 0.0, 0.0, 0.5182113629796081, 0.5181756172877653, 0.49238239319898885, 0.5036017937545745, 0.21092831024101805, 0.21092831024101805, 0.8289059177041054, 0.0, 0.0, 0.0, 0.13675631657242773, 0.4696886707097292, 0.470743490383029, 0.21161389350891113, 0.21161389350891113, 0.10727144032716751, 0.457091423869133, 0.09929216653108597, 0.5135373182074968, 0.041829682886600494, 0.0738114770501852]
[0.4642857142857143, 0.5, 0.3333333333333333, 0.42424242424242425, 0.6153846153846154, 0.5869565217391305, 0.0, 0.0, 0.5215892268640361, 0.521553642150321, 0.4887569919655929, 0.5072319502533685, 0.19146276371819634, 0.19146276371819634, 0.8402359038591385, 0.0, 0.0, 0.0, 0.1394011691212654, 0.4701810646802187, 0.47126536816358566, 0.21553778648376465, 0.21553778648376465, 0.11034758388996124, 0.4558609664440155, 0.10173060745000839, 0.5145928194356519, 0.04224717989563942, 0.07450307253748178]
[0.4642857142857143, 0.5, 0.3333333333333333, 0.42424242424242425, 0.6153846153846154, 0.5869565217391305, 0.21779519319534302, 0.2168058604001999, 0.4139903608289321, 0.41395055222009836, 0.490015534637763, 0.5062298286434747, 0.1673522059406553, 0.1673522059406553, 0.8557674288749695, 0.0, 0.0, 0.0, 0.14317752495408057, 0.4727542828768492, 0.4735809247940779, 0.21145384013652802, 0.21145384013652802, 0.12043166905641556, 0.4518273323774338, 0.11423135548830032, 0.5129135486691497, 0.042916975915431976, 0.06471175234764814]
[0.4642857142857143, 0.5, 0.3333333333333333, 0.42424242424242425, 0.6153846153846154, 0.5869565217391305, 0.0, 0.0, 0.49519878852378796, 0.4951619683385579, 0.48264551931995736, 0.5131810550885214, 0.15047508158854075, 0.15047508158854075, 0.8734636977314949, 0.0, 0.0, 0.0, 0.1399432010948658, 0.47537400014698505, 0.47591645643115044, 0.20946139097213745, 0.20946139097213745, 0.1246519684791565, 0.4501392126083374, 0.11903774738311768, 0.5224986201108888, 0.044312939047813416, 0.0578882684931159]
[0.4642857142857143, 0.5, 0.3333333333333333, 0.42424242424242425, 0.6153846153846154, 0.5869565217391305, 0.0, 0.0, 0.5066938416508826, 0.5066574128704363, 0.4836292538086725, 0.5120300244368234, 0.13732812234333583, 0.13732812234333583, 0.8799771927297115, 0.0, 0.0, 0.0, 0.12420688569545744, 0.4794267825782299, 0.4798971936106682, 0.18851490318775177, 0.18851490318775177, 0.1263563632965088, 0.4494574546813965, 0.12105901539325714, 0.5362068497857382, 0.045805923640728, 0.050454046577215195]
[0.4642857142857143, 0.5, 0.3333333333333333, 0.42424242424242425, 0.6153846153846154, 0.5869565217391305, 0.0, 0.0, 0.5066054176475077, 0.5065689981268651, 0.4829224558337013, 0.5127538533278628, 0.13147789984941483, 0.13147789984941483, 0.8837489224970341, 0.0, 0.0, 0.0, 0.11934475526213645, 0.48094295524060726, 0.4813726022839546, 0.18175660073757172, 0.18175660073757172, 0.12779565155506134, 0.4488817393779755, 0.12268123030662537, 0.5390371001043985, 0.04593493416905403, 0.045815990306437016]
[0.4642857142857143, 0.5, 0.3333333333333333, 0.42424242424242425, 0.6153846153846154, 0.5869565217391305, 0.0, 0.0, 0.5062653299841324, 0.5062288520554967, 0.4796402770634135, 0.515956919183644, 0.12766648083925247, 0.12766648083925247, 0.8864235654473305, 0.0, 0.0, 0.0, 0.1259369559586048, 0.4817110188305378, 0.48216960951685905, 0.19134266674518585, 0.19134266674518585, 0.12786942720413208, 0.44885222911834716, 0.12323801964521408, 0.5413969762103502, 0.04657590016722679, 0.042631407268345356]
[0.4642857142857143, 0.5, 0.3333333333333333, 0.42424242424242425, 0.6153846153846154, 0.5869565217391305, 0.0, 0.0, 0.507401921752534, 0.5073669631440143, 0.4776993224657288, 0.5178968480799845, 0.12729887983628682, 0.12729887983628682, 0.8866508901119232, 0.0, 0.0, 0.0, 0.1307127296924591, 0.48164060711860657, 0.4821192938834429, 0.198976531624794, 0.198976531624794, 0.12894947826862335, 0.44842020869255067, 0.12437218427658081, 0.5420992783335752, 0.046811141073703766, 0.042123133316636086]
[0.4642857142857143, 0.5, 0.3333333333333333, 0.42424242424242425, 0.6153846153846154, 0.5869565217391305, 0.12506762146949768, 0.12404301017522812, 0.46294051864634966, 0.4629039552426019, 0.4966452457366892, 0.49936400608117854, 0.13079767780644555, 0.13079767780644555, 0.8878664337098598, 0.0, 0.0, 0.0, 0.1408346079289913, 0.4812528230249882, 0.4817559979856014, 0.20848076045513153, 0.20848076045513153, 0.1295650154352188, 0.4481739938259125, 0.1252230852842331, 0.54296771107718, 0.04800514504313469, 0.0410010851919651]
[0.4642857142857143, 0.5, 0.3333333333333333, 0.42424242424242425, 0.6153846153846154, 0.5869565217391305, 0.0, 0.0, 0.55836805353657, 0.5583372198144975, 0.632449441384631, 0.3690129274113406, 0.18770969339779447, 0.18770969339779447, 0.8937322497367859, 0.0, 0.0, 0.0, 0.14136125445365905, 0.4808845482766628, 0.48141084238886833, 0.21714980900287628, 0.21714980900287628, 0.1237172856926918, 0.45051308572292326, 0.11905977874994278, 0.5419222213501154, 0.051053766161203384, 0.03475107718259096]
[0.4642857142857143, 0.5, 0.3333333333333333, 0.42424242424242425, 0.6153846153846154, 0.5869565217391305, 0.0, 0.0, 0.5650849841520845, 0.565054549313868, 0.6437710644410172, 0.35822853252896336, 0.20477862230369023, 0.20477862230369023, 0.8836889453232288, 0.0, 0.0, 0.0, 0.13332080841064453, 0.4806425590068102, 0.4811040349304676, 0.20794467628002167, 0.20794467628002167, 0.11097173392772675, 0.4556113064289093, 0.1034604161977768, 0.5388479108034179, 0.050863318145275116, 0.03368549747392535]
[0.4642857142857143, 0.5, 0.3333333333333333, 0.42424242424242425, 0.6153846153846154, 0.5869565217391305, 0.0, 0.0, 0.5515603084637147, 0.5515291442378757, 0.6404325547227441, 0.3611908263908923, 0.2504904248884746, 0.2504904248884746, 0.8568868786096573, 0.0, 0.0, 0.0, 0.15688019692897795, 0.46988789550960064, 0.4711916372179985, 0.24336063861846924, 0.24336063861846924, 0.10077708214521408, 0.4596891671419144, 0.0928775742650032, 0.5270020386507345, 0.05036068707704544, 0.03809766145423055]
[0.4642857142857143, 0.5, 0.3333333333333333, 0.42424242424242425, 0.6153846153846154, 0.5869565217391305, 0.0, 0.0, 0.5360820221627419, 0.5360496185477788, 0.609881322196975, 0.3899034094805421, 0.34350443099226274, 0.34350443099226274, 0.8283063471317291, 0.0, 0.0, 0.0, 0.25518642514944073, 0.4310915172100067, 0.43094227463006973, 0.3826700747013092, 0.3826700747013092, 0.09599626809358597, 0.4616014927625656, 0.08873877674341202, 0.5038874371107235, 0.050595227628946304, 0.06499582435935736]
[0.08807655317442759, 0.09485167264938354, 0.8102966547012329, 0.8102966547012329, 0.6153846153846154, 0.5869565217391305, 0.0, 0.0, 0.5308695532395781, 0.5308362179458939, 0.5799868633368731, 0.4178703532797378, 0.49196279474667143, 0.49196279474667143, 0.7998874559998512, 0.0, 0.0, 0.0, 0.46682251691818233, 0.3162279427051544, 0.3231569230556488, 0.6785427927970886, 0.6785427927970886, 0.09539005905389786, 0.4618439763784409, 0.09003039449453354, 0.4639878422021866, 0.07269739359617233, 0.10834072716534138]
[0.0, 0.0, 1.0, 1.0, 0.6153846153846154, 0.5869565217391305, 0.0, 0.0, 0.512621084089261, 0.5125858455497494, 0.5503438095745575, 0.4450510628086153, 0.6242901938302177, 0.6242901938302177, 0.6668297499418259, 0.0, 0.0, 0.0, 0.5689566761255264, 0.20359879732131958, 0.20655182003974915, 0.8175288438796997, 0.8175288438796997, 0.09940696507692337, 0.4602372139692307, 0.09784869849681854, 0.4608605206012726, 0.11206889152526855, 0.08054905571043491]
[0.4642857142857143, 0.5, 0.3333333333333333, 0.42424242424242425, 0.6153846153846154, 0.5869565217391305, 0.0, 0.0, 0.49747482853199054, 0.49743948457317416, 0.5470933221266329, 0.449148808058493, 0.6604895847184318, 0.6604895847184318, 0.4990340918302536, 0.0, 0.0, 0.0, 0.5879688143730163, 0.1391495168209076, 0.1376493275165558, 0.84278804063797, 0.84278804063797, 0.10861045867204666, 0.4565558165311813, 0.11443223804235458, 0.45422710478305817, 0.13111145794391632, 0.025556259788572788]
[0.4642857142857143, 0.5, 0.3333333333333333, 0.42424242424242425, 0.6153846153846154, 0.5869565217391305, 0.0, 0.0, 0.4749160804438545, 0.4748799786057117, 0.5399718036159274, 0.45645062777047357, 0.6659317868096488, 0.6659317868096488, 0.29508301615715027, 0.0, 0.0, 0.0, 0.598642873764038, 0.11014297604560852, 0.10474485158920288, 0.8579725027084351, 0.8579725027084351, 0.15159817039966583, 0.4393607318401337, 0.15739797055721283, 0.43704081177711485, 0.1550481915473938, 0.0]
[0.4642857142857143, 0.5, 0.3333333333333333, 0.42424242424242425, 0.6153846153846154, 0.5869565217391305, 0.0, 0.0, 0.4762960946468733, 0.4762602121948512, 0.5481839218741393, 0.44861302726304736, 0.6463108105318888, 0.6463108105318888, 0.22616630792617798, 0.0, 0.0, 0.0, 0.6019476681947707, 0.10024145245552063, 0.09389525651931763, 0.8631720542907715, 0.8631720542907715, 0.1925148218870163, 0.4229940712451935, 0.19294090569019318, 0.42282363772392273, 0.16535423696041107, 0.0]
[0.4642857142857143, 0.5, 0.3333333333333333, 0.42424242424242425, 0.6153846153846154, 0.5869565217391305, 0.0, 0.0, 0.480607460721273, 0.4805718104766386, 0.5515689642433911, 0.44538578334724876, 0.644960573741368, 0.644960573741368, 0.19509458541870117, 0.0, 0.0, 0.0, 0.603332108259201, 0.09586185216903687, 0.0877801775932312, 0.8649417757987976, 0.8649417757987976, 0.2161833941936493, 0.41352664232254027, 0.2117907851934433, 0.41528368592262266, 0.17072635889053345, 0.0]
[0.4642857142857143, 0.5, 0.3333333333333333, 0.42424242424242425, 0.6153846153846154, 0.5869565217391305, 0.0, 0.0, 0.48359639147727485, 0.4835609762891985, 0.5563394784015634, 0.4408688111646631, 0.6558715445654734, 0.6558715445654734, 0.19134479761123657, 0.0, 0.0, 0.0, 0.6038042902946472, 0.09341466426849365, 0.0850730836391449, 0.8652461767196655, 0.8652461767196655, 0.22503219544887543, 0.40998712182044983, 0.21999794244766235, 0.41200082302093505, 0.17164941132068634, 0.0]
[0.4642857142857143, 0.5, 0.3333333333333333, 0.42424242424242425, 0.6153846153846154, 0.5869565217391305, 0.0, 0.0, 0.4862898974528048, 0.48625475293591647, 0.5654396374868389, 0.43219396484007067, 0.6758593661444529, 0.6758593661444529, 0.18722441792488098, 0.0, 0.0, 0.0, 0.603837251663208, 0.09183838963508606, 0.08337926864624023, 0.864919900894165, 0.864919900894165, 0.23322343826293945, 0.4067106246948242, 0.22663192451000214, 0.40934723019599917, 0.16993889212608337, 0.0]
[0.4642857142857143, 0.5, 0.3333333333333333, 0.42424242424242425, 0.6153846153846154, 0.5869565217391305, 0.0, 0.0, 0.4844024118114384, 0.48436736559092886, 0.5708357838782024, 0.4271904227331943, 0.6990369515759605, 0.6990369515759605, 0.1730983555316925, 0.0, 0.0, 0.0, 0.6038619726896286, 0.09053686261177063, 0.08169317245483398, 0.8643366694450378, 0.8643366694450378, 0.24218744039535522, 0.4031250238418579, 0.23404163122177124, 0.4063833475112915, 0.16965976357460022, 0.0]
[0.4642857142857143, 0.5, 0.3333333333333333, 0.42424242424242425, 0.6153846153846154, 0.5869565217391305, 0.0, 0.0, 0.4812249315058524, 0.48118989668202444, 0.5792530595002621, 0.41916975732920453, 0.7121972739696503, 0.7121972739696503, 0.1661929488182068, 0.0, 0.0, 0.0, 0.603604707121849, 0.08885413408279419, 0.07948333024978638, 0.8632429838180542, 0.8632429838180542, 0.24874666333198547, 0.40050133466720583, 0.2398800253868103, 0.4040479898452759, 0.1679985672235489, 0.0]
[0.4642857142857143, 0.5, 0.3333333333333333, 0.42424242424242425, 0.6153846153846154, 0.5869565217391305, 0.0, 0.0, 0.482141189091976, 0.4821064064197285, 0.5941186117624462, 0.404975805815451, 0.7240380772522518, 0.7240380772522518, 0.15912622213363647, 0.0, 0.0, 0.0, 0.603340807557106, 0.08595156669616699, 0.07651931047439575, 0.8620939254760742, 0.8620939254760742, 0.2549819052219391, 0.3980072379112244, 0.24437224864959717, 0.4022511005401611, 0.1645030975341797, 0.0]
[0.4642857142857143, 0.5, 0.3333333333333333, 0.42424242424242425, 0.6153846153846154, 0.5869565217391305, 0.0, 0.0, 0.47928264349642036, 0.47924782805871324, 0.6003261164087182, 0.3990457134943797, 0.7307337437357222, 0.7307337437357222, 0.15896791219711304, 0.0, 0.0, 0.0, 0.603454378247261, 0.08480224013328552, 0.07557985186576843, 0.861372172832489, 0.861372172832489, 0.26250848174095154, 0.3949966073036194, 0.2499982863664627, 0.40000068545341494, 0.1635434329509735, 0.03184463130310178]
[0.4642857142857143, 0.5, 0.3333333333333333, 0.42424242424242425, 0.6153846153846154, 0.5869565217391305, 0.0, 0.0, 0.4702910819655395, 0.4702548804064326, 0.5495772060882977, 0.44710896160538244, 0.6719774433544704, 0.6719774433544704, 0.15959987044334412, 0.0, 0.0, 0.0, 0.6009219020605087, 0.08563920855522156, 0.0760188102722168, 0.8559385538101196, 0.8559385538101196, 0.26107072830200195, 0.3955717086791992, 0.250166118144989, 0.3999335527420044, 0.1616508513689041, 0.09598357602953911]
[0.4642857142857143, 0.5, 0.3333333333333333, 0.42424242424242425, 0.6153846153846154, 0.5869565217391305, 0.007728884927928448, 0.007564947474747896, 0.46702976197175267, 0.46699334102652496, 0.5544299359075426, 0.44220061597992266, 0.6860310052122389, 0.6860310052122389, 0.16154858469963074, 0.0, 0.0, 0.0, 0.5998047620058059, 0.08553910255432129, 0.07565319538116455, 0.8536974787712097, 0.8536974787712097, 0.2607337236404419, 0.3957065105438232, 0.25088033080101013, 0.3996478676795959, 0.16092948615550995, 0.1508110947906971]
[0.4642857142857143, 0.5, 0.3333333333333333, 0.42424242424242425, 0.6153846153846154, 0.5869565217391305, 0.01696173846721649, 0.01693626306951046, 0.46233275071156865, 0.4622950333938088, 0.5575148580635028, 0.43914197457173537, 0.7014191576412746, 0.7014191576412746, 0.1598561704158783, 0.0, 0.0, 0.0, 0.5990409344434737, 0.08433103561401367, 0.0744246244430542, 0.8524315357208252, 0.8524315357208252, 0.2629764676094055, 0.3948094129562378, 0.2529788017272949, 0.39880847930908203, 0.159316286444664, 0.1769072189927101]
[0.4642857142857143, 0.5, 0.3333333333333333, 0.42424242424242425, 0.6153846153846154, 0.5869565217391305, 0.05095252767205238, 0.05095306411385536, 0.45622370769599196, 0.4561858707130753, 0.5548913134671534, 0.4418904780835034, 0.6972444908959525, 0.6972444908959525, 0.15818330645561218, 0.0, 0.0, 0.0, 0.5948406130075454, 0.08408975601196289, 0.07412445545196533, 0.8452337384223938, 0.8452337384223938, 0.2665281891822815, 0.3933887243270874, 0.25826460123062134, 0.39669415950775144, 0.15603798627853394, 0.19317524507641792]
[0.4642857142857143, 0.5, 0.3333333333333333, 0.42424242424242425, 0.6153846153846154, 0.5869565217391305, 0.05229014903306961, 0.052288226783275604, 0.45558880996065887, 0.455551021413639, 0.5524221654147993, 0.44442672979712666, 0.6976648739406042, 0.6976648739406042, 0.15537261962890625, 0.0, 0.0, 0.0, 0.5933472335338592, 0.08421289920806885, 0.07386159896850586, 0.8429175019264221, 0.8429175019264221, 0.2718101143836975, 0.391275954246521, 0.2649044990539551, 0.39403820037841797, 0.15549369156360626, 0.20424393936991692]
[0.4642857142857143, 0.5, 0.3333333333333333, 0.42424242424242425, 0.6153846153846154, 0.5869565217391305, 0.0241354051977396, 0.02415766939520836, 0.4698330008960819, 0.4697959616808773, 0.5441150273237356, 0.45292237470021846, 0.6976254071508136, 0.6976254071508136, 0.1779480278491974, 0.0, 0.0, 0.0, 0.592559602856636, 0.08938512206077576, 0.07779762148857117, 0.8422081470489502, 0.8422081470489502, 0.29140159487724304, 0.3834393620491028, 0.2840203642845154, 0.3863918542861938, 0.16439051926136017, 0.21285507827997208]
[0.4642857142857143, 0.5, 0.3333333333333333, 0.42424242424242425, 0.6153846153846154, 0.5869565217391305, 0.0, 0.0, 0.4789260769437422, 0.4788893668077188, 0.5436891532764836, 0.4532990008371004, 0.6864847668579647, 0.6864847668579647, 0.20322248339653015, 0.0, 0.0, 0.0, 0.5910992056131362, 0.10219195485115051, 0.0906105637550354, 0.8408073782920837, 0.8408073782920837, 0.30386972427368164, 0.37845211029052733, 0.3021650016307831, 0.37913399934768677, 0.1826806664466858, 0.21991224959492683]
[0.4642857142857143, 0.5, 0.3333333333333333, 0.42424242424242425, 0.6153846153846154, 0.5869565217391305, 0.0, 0.0, 0.4824379501333656, 0.4824014536851223, 0.538261628971501, 0.45876521402694936, 0.6689946992056711, 0.6689946992056711, 0.20251303911209106, 0.0, 0.0, 0.0, 0.5871275901794433, 0.1032755970954895, 0.09173581004142761, 0.8358449339866638, 0.8358449339866638, 0.3126372992992401, 0.37494508028030393, 0.3147357106208801, 0.37410571575164797, 0.18527726829051971, 0.2233118750154972]
[0.4642857142857143, 0.5, 0.3333333333333333, 0.42424242424242425, 0.6153846153846154, 0.5869565217391305, 0.0, 0.0, 0.4841750879018758, 0.4841388635494057, 0.5210303193524508, 0.47612147116473663, 0.6616050856454032, 0.6616050856454032, 0.2007007896900177, 0.0, 0.0, 0.0, 0.5743184059858322, 0.10430246591567993, 0.09264865517616272, 0.8177825808525085, 0.8177825808525085, 0.32147231698036194, 0.3714110732078552, 0.32565927505493164, 0.3697362899780273, 0.1826813668012619, 0.22148238494992256]
[0.4642857142857143, 0.5, 0.3333333333333333, 0.42424242424242425, 0.6153846153846154, 0.5869565217391305, 0.0, 0.0, 0.48570316636767485, 0.485667036037828, 0.5077225965933864, 0.48936819318552954, 0.6601859416280474, 0.6601859416280474, 0.1997397243976593, 0.0, 0.0, 0.0, 0.5665978729724883, 0.10504335165023804, 0.09331333637237549, 0.8066820502281189, 0.8066820502281189, 0.3234688937664032, 0.3706124424934387, 0.32961010932922363, 0.36815595626831055, 0.17257577180862427, 0.20658215507864952]
[0.4642857142857143, 0.5, 0.3333333333333333, 0.42424242424242425, 0.6153846153846154, 0.5869565217391305, 0.0, 0.0, 0.48756671185475237, 0.4875307638718111, 0.49969080210722144, 0.49752676413523717, 0.6412026711872646, 0.6412026711872646, 0.16686969995498657, 0.0, 0.0, 0.0, 0.5641084343194961, 0.10494622588157654, 0.09297531843185425, 0.803209662437439, 0.803209662437439, 0.3257967531681061, 0.36968129873275757, 0.3335653841495514, 0.3665738463401794, 0.16639278829097748, 0.19579190760850906]
[0.4642857142857143, 0.5, 0.3333333333333333, 0.42424242424242425, 0.6153846153846154, 0.5869565217391305, 0.0, 0.0, 0.48631269081600764, 0.486276668754636, 0.4941046412029868, 0.503043333562742, 0.6404704919883184, 0.6404704919883184, 0.16940319538116455, 0.0, 0.0, 0.0, 0.5679889887571334, 0.10188716650009155, 0.0906842052936554, 0.8092203736305237, 0.8092203736305237, 0.33408698439598083, 0.3663652062416076, 0.34385839104652405, 0.3624566435813904, 0.16731972992420197, 0.18644550815224648]
[0.4642857142857143, 0.5, 0.3333333333333333, 0.42424242424242425, 0.6153846153846154, 0.5869565217391305, 0.0, 0.0, 0.4976622722473131, 0.4976294802548097, 0.47904030730801833, 0.5183256681694305, 0.6187522624220168, 0.6187522624220168, 0.17038443684577942, 0.0, 0.0, 0.0, 0.5751597553491592, 0.10136961936950684, 0.0901857316493988, 0.8177699446678162, 0.8177699446678162, 0.3475819230079651, 0.3609672307968139, 0.3575485944747925, 0.356980562210083, 0.1754789501428604, 0.1835392415523529]
[0.4642857142857143, 0.5, 0.3333333333333333, 0.42424242424242425, 0.6153846153846154, 0.5869565217391305, 0.0, 0.0, 0.49066937508250286, 0.49063627555766937, 0.46827142188471543, 0.5290704253931979, 0.6111630584512439, 0.6111630584512439, 0.15556660294532776, 0.0, 0.0, 0.0, 0.5789010375738144, 0.10251295566558838, 0.09035390615463257, 0.8224644064903259, 0.8224644064903259, 0.35279902815818787, 0.35888038873672484, 0.3644610047340393, 0.35421559810638426, 0.1829410195350647, 0.17674170434474945]
[0.4642857142857143, 0.5, 0.3333333333333333, 0.42424242424242425, 0.6153846153846154, 0.5869565217391305, 0.0, 0.0, 0.48338739485631255, 0.48335372193593595, 0.4460675805294263, 0.5508620797596921, 0.5860741223607745, 0.5860741223607745, 0.15088894963264465, 0.0, 0.0, 0.0, 0.5849058270454406, 0.09925392270088196, 0.0887179970741272, 0.8324446082115173, 0.8324446082115173, 0.3529437184333801, 0.35882251262664794, 0.3686109185218811, 0.35255563259124756, 0.18342553079128265, 0.17046602442860603]
[0.4642857142857143, 0.5, 0.3333333333333333, 0.42424242424242425, 0.6153846153846154, 0.5869565217391305, 0.0, 0.0, 0.48582649413303935, 0.4857930106824944, 0.42398938189045193, 0.5732553599618766, 0.5569587009293693, 0.5569587009293693, 0.14299780130386353, 0.0, 0.0, 0.0, 0.5862703025341034, 0.09731018543243408, 0.08761733770370483, 0.834335207939148, 0.834335207939148, 0.35468119382858276, 0.3581275224685669, 0.37613171339035034, 0.34954731464385985, 0.18449071049690247, 0.16310717910528183]
[0.4642857142857143, 0.5, 0.3333333333333333, 0.42424242424242425, 0.6153846153846154, 0.5869565217391305, 0.0, 0.0, 0.4854418575535769, 0.48540845387980314, 0.3971377230511113, 0.6005914860377526, 0.5465514106409891, 0.5465514106409891, 0.13381034135818481, 0.0, 0.0, 0.0, 0.5820877343416213, 0.099935382604599, 0.0903451144695282, 0.8272677063941956, 0.8272677063941956, 0.3577333688735962, 0.3569066524505615, 0.39115673303604126, 0.3435373067855835, 0.19505460560321808, 0.15585931949317455]
[0.4642857142857143, 0.5, 0.3333333333333333, 0.42424242424242425, 0.6153846153846154, 0.5869565217391305, 0.0, 0.0, 0.4965440813117228, 0.4965113357963115, 0.37589552799100856, 0.6225364004853984, 0.5308075249195099, 0.5308075249195099, 0.1245059072971344, 0.0, 0.0, 0.0, 0.5791351675987243, 0.10804128646850586, 0.10107654333114624, 0.8228577375411987, 0.8228577375411987, 0.3597465455532074, 0.35610138177871703, 0.4047640264034271, 0.33809438943862913, 0.2168605774641037, 0.1409380603581667]
[0.4642857142857143, 0.5, 0.3333333333333333, 0.42424242424242425, 0.6153846153846154, 0.5869565217391305, 0.0, 0.0, 0.4952618545544535, 0.495228904611066, 0.3782064445160087, 0.6199187650684594, 0.5163040331431797, 0.5163040331431797, 0.1162891685962677, 0.0, 0.0, 0.0, 0.5805662125349045, 0.10726219415664673, 0.10125356912612915, 0.825580358505249, 0.825580358505249, 0.36140233278274536, 0.35543906688690186, 0.41490381956100464, 0.3340384721755981, 0.22053124010562897, 0.11231495998799801]
[0.4642857142857143, 0.5, 0.3333333333333333, 0.42424242424242425, 0.6153846153846154, 0.5869565217391305, 0.0, 0.0, 0.4968677581097382, 0.49683477931850045, 0.383607172373376, 0.6142484601044924, 0.5121793704373496, 0.5121793704373496, 0.11594077944755554, 0.0, 0.0, 0.0, 0.5836986482143401, 0.10543790459632874, 0.09969034790992737, 0.8307490348815918, 0.8307490348815918, 0.36504191160202026, 0.35398323535919185, 0.42166629433631897, 0.33133348226547243, 0.224504292011261, 0.10369835421442986]
[0.4642857142857143, 0.5, 0.3333333333333333, 0.42424242424242425, 0.6153846153846154, 0.5869565217391305, 0.0, 0.0, 0.48980897690666336, 0.48977558106810826, 0.3958508667480877, 0.6015954453625547, 0.5354028301579612, 0.5354028301579612, 0.11703267693519592, 0.0, 0.0, 0.0, 0.5897582411766051, 0.10074755549430847, 0.09286969900131226, 0.8377681970596313, 0.8377681970596313, 0.3771904408931732, 0.3491238236427307, 0.4346323311328888, 0.32614706754684447, 0.23415814340114594, 0.11550351977348328]
[0.4642857142857143, 0.5, 0.3333333333333333, 0.42424242424242425, 0.6153846153846154, 0.5869565217391305, 0.0, 0.0, 0.5028609746913951, 0.5028282430656895, 0.4489904247779919, 0.548130998568776, 0.5678349733352661, 0.5678349733352661, 0.15037456154823303, 0.0, 0.0, 0.0, 0.5915340662002563, 0.1036815345287323, 0.09318274259567261, 0.8398544788360596, 0.8398544788360596, 0.378617525100708, 0.3485529899597168, 0.41869133710861206, 0.3325234651565552, 0.23559486865997314, 0.15228928066790104]
[0.4642857142857143, 0.5, 0.3333333333333333, 0.42424242424242425, 0.6153846153846154, 0.5869565217391305, 0.0, 0.0, 0.5116657088181257, 0.5116335174663573, 0.4880533843491775, 0.5093413250117589, 0.544026792049408, 0.544026792049408, 0.15445354580879211, 0.0, 0.0, 0.0, 0.5872438102960587, 0.11990392208099365, 0.10280406475067139, 0.8307415246963501, 0.8307415246963501, 0.37707024812698364, 0.34917190074920657, 0.4070533514022827, 0.33717865943908687, 0.23021553456783295, 0.17413919791579247]
[0.4642857142857143, 0.5, 0.3333333333333333, 0.42424242424242425, 0.6153846153846154, 0.5869565217391305, 0.0, 0.0, 0.5025647619372344, 0.5025317282994665, 0.5271099418344735, 0.46976407736204273, 0.5300785601139069, 0.5300785601139069, 0.1495840847492218, 0.0, 0.0, 0.0, 0.5850320190191268, 0.12613210082054138, 0.10760995745658875, 0.8270068764686584, 0.8270068764686584, 0.3582570254802704, 0.35669718980789183, 0.3755997121334076, 0.34976011514663696, 0.2369556576013565, 0.18797272816300392]
[0.4642857142857143, 0.5, 0.3333333333333333, 0.42424242424242425, 0.6153846153846154, 0.5869565217391305, 0.14688023924827576, 0.14708667993545532, 0.4413446760086439, 0.4413095685309707, 0.5530518548666405, 0.44495542185661624, 0.6042633737836566, 0.6042633737836566, 0.18465518951416016, 0.0, 0.0, 0.0, 0.5821239918470382, 0.1273604929447174, 0.1083536148071289, 0.821831226348877, 0.821831226348877, 0.3536263108253479, 0.35854947566986084, 0.3725641071796417, 0.3509743571281433, 0.26006048917770386, 0.22091280668973923]
[0.4642857142857143, 0.5, 0.3333333333333333, 0.42424242424242425, 0.6153846153846154, 0.5869565217391305, 0.0, 0.0, 0.5029601972286606, 0.5029270749104638, 0.5748656106040765, 0.4225846931942968, 0.5802380400044578, 0.5802380400044578, 0.2049083113670349, 0.0, 0.0, 0.0, 0.5800963461399078, 0.1338125467300415, 0.11042141914367676, 0.8184514045715332, 0.8184514045715332, 0.34905576705932617, 0.36037769317626955, 0.35651490092277527, 0.3573940396308899, 0.25015249848365784, 0.23797666653990746]
[0.4642857142857143, 0.5, 0.3333333333333333, 0.42424242424242425, 0.6153846153846154, 0.5869565217391305, 0.0, 0.0, 0.5041962179211084, 0.5041629773623401, 0.577126478601824, 0.4200706878031595, 0.5721676988261087, 0.5721676988261087, 0.20900627970695496, 0.0, 0.0, 0.0, 0.5782788604497909, 0.1391754150390625, 0.11670190095901489, 0.8162394762039185, 0.8162394762039185, 0.3368511497974396, 0.3652595400810241, 0.34356772899627686, 0.36257290840148926, 0.24686650931835175, 0.24545235559344292]
[0.4642857142857143, 0.5, 0.3333333333333333, 0.42424242424242425, 0.6153846153846154, 0.5869565217391305, 0.0, 0.0, 0.4967872512386132, 0.4967536096591111, 0.5749302468837789, 0.4220859744074189, 0.5729993964944567, 0.5729993964944567, 0.22027650475502014, 0.0, 0.0, 0.0, 0.57938112616539, 0.13720563054084778, 0.11784103512763977, 0.8186692595481873, 0.8186692595481873, 0.3269573450088501, 0.36921706199646, 0.3332662582397461, 0.36669349670410156, 0.2456320971250534, 0.25016335770487785]
[0.4642857142857143, 0.5, 0.3333333333333333, 0.42424242424242425, 0.6153846153846154, 0.5869565217391305, 0.9082211852073669, 0.9089061617851257, 0.45422893226944466, 0.454196055692195, 0.5568625177069786, 0.44402992013712866, 0.6605625365461623, 0.6605625365461623, 0.20335796475410461, 0.0, 0.0, 0.0, 0.5807882845401764, 0.13252246379852295, 0.10972297191619873, 0.8201324343681335, 0.8201324343681335, 0.4189335107803345, 0.3324265956878662, 0.4529443681240082, 0.3188222527503967, 0.26824307441711426, 0.2491486258804798]
[0.4642857142857143, 0.5, 0.3333333333333333, 0.42424242424242425, 0.6153846153846154, 0.5869565217391305, 0.39188462495803833, 0.3919599652290344, 0.3702477200765227, 0.37021024778741723, 0.5494937823789754, 0.44886710488266923, 0.6405002517359598, 0.6405002517359598, 0.2242828607559204, 0.0, 0.0, 0.0, 0.5741822630167007, 0.12546753883361816, 0.10386985540390015, 0.8046548962593079, 0.8046548962593079, 0.3494390547275543, 0.3602243781089782, 0.3952215313911438, 0.34191138744354244, 0.2611166536808014, 0.2388414740562439]
[0.4642857142857143, 0.5, 0.3333333333333333, 0.42424242424242425, 0.6153846153846154, 0.5869565217391305, 0.0036035843659192324, 0.0036155632697045803, 0.4797680680542102, 0.4797339606353475, 0.5376048467583228, 0.4592295946121621, 0.5501991510391235, 0.5501991510391235, 0.16086509823799133, 0.0, 0.0, 0.0, 0.5822379171848296, 0.11324337124824524, 0.0973634421825409, 0.8236627578735352, 0.8236627578735352, 0.3173651695251465, 0.37305393218994143, 0.33560609817504883, 0.36575756072998045, 0.21188482642173767, 0.22510645911097527]
[0.4642857142857143, 0.5, 0.3333333333333333, 0.42424242424242425, 0.6153846153846154, 0.5869565217391305, 0.0, 0.0, 0.4749810187356194, 0.4749465152820711, 0.5212877205293448, 0.4750195032273328, 0.5380436990942274, 0.5380436990942274, 0.149076908826828, 0.0, 0.0, 0.0, 0.5861452996730804, 0.10524410009384155, 0.09146267175674438, 0.8320035934448242, 0.8320035934448242, 0.299969881772995, 0.380012047290802, 0.32039976119995117, 0.3718400955200195, 0.21510261297225952, 0.2210756577551365]
[0.4642857142857143, 0.5, 0.3333333333333333, 0.42424242424242425, 0.6153846153846154, 0.5869565217391305, 0.294867604970932, 0.29455527663230896, 0.40750000194199454, 0.40746369211441247, 0.5023494323227647, 0.49519438196044074, 0.5757415081773486, 0.5757415081773486, 0.15838098526000977, 0.0, 0.0, 0.0, 0.5878370940685271, 0.10430639982223511, 0.09105059504508972, 0.8351674675941467, 0.8351674675941467, 0.2941270172595978, 0.3823491930961609, 0.31560567021369934, 0.3737930849541065, 0.21821503341197968, 0.10841581970453262]
[0.4642857142857143, 0.5, 0.3333333333333333, 0.42424242424242425, 0.6153846153846154, 0.5869565217391305, 0.1998835653066635, 0.1992199569940567, 0.41809484721597706, 0.41805858867346213, 0.47506611490796674, 0.5218536619651791, 0.5495362835271018, 0.5495362835271018, 0.1469721794128418, 0.0, 0.0, 0.0, 0.5900085806846618, 0.10172286629676819, 0.0899096131324768, 0.837687075138092, 0.837687075138092, 0.32430464029312134, 0.3702781438827515, 0.3522000014781952, 0.3591199994087219, 0.2281649261713028, 0.03304637735709548]
[0.4642857142857143, 0.5, 0.3333333333333333, 0.42424242424242425, 0.6153846153846154, 0.5869565217391305, 0.016080884262919426, 0.01605619676411152, 0.4695972690846678, 0.46956278272614194, 0.455746551430704, 0.5407336995952166, 0.4648291638919286, 0.4648291638919286, 0.14200356602668762, 0.0, 0.0, 0.0, 0.5922921985387801, 0.1015460193157196, 0.09115496277809143, 0.8427552580833435, 0.8427552580833435, 0.30526089668273926, 0.3778956413269043, 0.33974549174308777, 0.37240455316942794, 0.20315679907798767, 0.03266786923632026]
[0.4642857142857143, 0.5, 0.3333333333333333, 0.42424242424242425, 0.6153846153846154, 0.5869565217391305, 0.0, 0.0, 0.46938193448414994, 0.4693475563940993, 0.4386079110789253, 0.5581674696602575, 0.44210712824549, 0.44210712824549, 0.1301928162574768, 0.0, 0.0, 0.0, 0.5915391355752945, 0.10066395998001099, 0.09186074137687683, 0.8434872627258301, 0.8434872627258301, 0.3003574013710022, 0.3798570394515991, 0.3406617343425751, 0.3842933510625085, 0.18959839642047882, 0.01623739954084158]
[0.4642857142857143, 0.5, 0.3333333333333333, 0.42424242424242425, 0.6153846153846154, 0.5869565217391305, 0.0, 0.0, 0.47518118435292583, 0.4751471424649824, 0.4262102817258233, 0.5708070578647567, 0.43425702622958595, 0.43425702622958595, 0.12600260972976685, 0.0, 0.0, 0.0, 0.59027341902256, 0.10003635287284851, 0.09242406487464905, 0.8427398800849915, 0.8427398800849915, 0.3032729923725128, 0.3786908030509949, 0.3512874245643616, 0.3813834037891654, 0.18884852528572083, 0.0]
[0.4642857142857143, 0.5, 0.3333333333333333, 0.42424242424242425, 0.6153846153846154, 0.5869565217391305, 0.0, 0.0, 0.4811660348799215, 0.4811322821827737, 0.40372113014498356, 0.5936279711207691, 0.4260242623942239, 0.4260242623942239, 0.1270241141319275, 0.0, 0.0, 0.0, 0.5912386447191238, 0.09928753972053528, 0.09306246042251587, 0.845030665397644, 0.845030665397644, 0.30748075246810913, 0.3770076990127563, 0.36523663997650146, 0.37527690793192664, 0.19095656275749207, 0.0]
[0.4642857142857143, 0.5, 0.3333333333333333, 0.42424242424242425, 0.6153846153846154, 0.5869565217391305, 0.3850729465484619, 0.37368345260620117, 0.36622636678341924, 0.36618955550184673, 0.39828416084012386, 0.6012299195935525, 0.5781337193080357, 0.5781337193080357, 0.16097918152809143, 0.0, 0.0, 0.0, 0.5923264116048812, 0.0986219048500061, 0.09316655993461609, 0.8461862206459045, 0.8461862206459045, 0.32074296474456787, 0.3717028141021729, 0.38468125462532043, 0.3461274981498718, 0.22094905376434326, 0.0]
[0.4642857142857143, 0.5, 0.3333333333333333, 0.42424242424242425, 0.6153846153846154, 0.5869565217391305, 0.0, 0.0, 0.4979428279197581, 0.4979100279139629, 0.42567486562418894, 0.5718564215690588, 0.5320551778588977, 0.5320551778588977, 0.1856050193309784, 0.0, 0.0, 0.0, 0.5912856251001357, 0.10948395729064941, 0.11052289605140686, 0.8443302512168884, 0.8443302512168884, 0.3321632444858551, 0.3671347022056579, 0.39506474137306213, 0.34571719724078515, 0.2417602688074112, 0.0]
[0.4642857142857143, 0.5, 0.3333333333333333, 0.42424242424242425, 0.6153846153846154, 0.5869565217391305, 0.0, 0.0, 0.5025135614547743, 0.5024808903739397, 0.4271742016589892, 0.5702264111830166, 0.49669995903968817, 0.49669995903968817, 0.19354355335235596, 0.0, 0.0, 0.0, 0.5921582251787185, 0.11123132705688477, 0.11357733607292175, 0.8473803997039795, 0.8473803997039795, 0.322191059589386, 0.3711235761642456, 0.38801953196525574, 0.366185279779656, 0.23835723102092743, 0.0]
[0.4642857142857143, 0.5, 0.3333333333333333, 0.42424242424242425, 0.6153846153846154, 0.5869565217391305, 0.0, 0.0, 0.5032222842224241, 0.5031897046711887, 0.39336845295834955, 0.6045520836212389, 0.49046629241534645, 0.49046629241534645, 0.19496333599090576, 0.0, 0.0, 0.0, 0.5905031889677047, 0.11471796035766602, 0.12100070714950562, 0.8475086688995361, 0.8475086688995361, 0.3075767755508423, 0.3769692897796631, 0.3795073330402374, 0.39856401293776755, 0.23160293698310852, 0.0]
[0.4642857142857143, 0.5, 0.3333333333333333, 0.42424242424242425, 0.6153846153846154, 0.5869565217391305, 0.0, 0.0, 0.5123789060298161, 0.512346112078508, 0.3703938711213792, 0.6277216626804094, 0.48440494707652504, 0.48440494707652504, 0.20422989130020142, 0.0, 0.0, 0.0, 0.5886791318655014, 0.11773771047592163, 0.12700989842414856, 0.8464193940162659, 0.8464193940162659, 0.29984593391418457, 0.38006162643432617, 0.3712269067764282, 0.41602346786232886, 0.2297152578830719, 0.0]
[0.4642857142857143, 0.5, 0.3333333333333333, 0.42424242424242425, 0.6153846153846154, 0.5869565217391305, 0.0, 0.0, 0.516458932288974, 0.5164263463271052, 0.37630442953018567, 0.6217367637175168, 0.4851332519735609, 0.4851332519735609, 0.21967807412147522, 0.0, 0.0, 0.0, 0.5872035890817642, 0.1192270815372467, 0.12995460629463196, 0.8452825546264648, 0.8452825546264648, 0.2923983931541443, 0.38304064273834226, 0.3619645833969116, 0.42787639900695446, 0.23081591725349426, 0.0]
[0.4642857142857143, 0.5, 0.3333333333333333, 0.42424242424242425, 0.6153846153846154, 0.5869565217391305, 0.0, 0.0, 0.5196223063519079, 0.5195898500272922, 0.3847340876468053, 0.6131287418354943, 0.4919953218528203, 0.4919953218528203, 0.2327290177345276, 0.0, 0.0, 0.0, 0.5851301729679107, 0.12218788266181946, 0.1342099905014038, 0.8430637717247009, 0.8430637717247009, 0.2863394618034363, 0.3854642152786255, 0.3544890582561493, 0.42873963367107304, 0.23210935294628143, 0.0]
[0.4642857142857143, 0.5, 0.3333333333333333, 0.42424242424242425, 0.6153846153846154, 0.5869565217391305, 0.0, 0.0, 0.5215221345994486, 0.5214897153140482, 0.3882236147929788, 0.6094977020938761, 0.498636897121157, 0.498636897121157, 0.23535513877868652, 0.0, 0.0, 0.0, 0.5841141909360885, 0.1250114142894745, 0.1354762315750122, 0.841417133808136, 0.841417133808136, 0.2854260504245758, 0.3858295798301697, 0.35186055302619934, 0.42519221472185714, 0.23116378486156464, 0.0]
[0.4642857142857143, 0.5, 0.3333333333333333, 0.42424242424242425, 0.6153846153846154, 0.5869565217391305, 0.5171831250190735, 0.3846495449542999, 0.3808076117280337, 0.38077015083560983, 0.36562484992849664, 0.6336901390251142, 0.603452708039965, 0.603452708039965, 0.22425729036331177, 0.0, 0.0, 0.0, 0.5814632207155227, 0.1260940134525299, 0.13234445452690125, 0.8333303928375244, 0.8333303928375244, 0.31542128324508667, 0.3738314867019653, 0.3841744065284729, 0.37516198879064516, 0.23749127984046936, 0.0]
[0.4642857142857143, 0.5, 0.3333333333333333, 0.42424242424242425, 0.6153846153846154, 0.5869565217391305, 0.07325176149606705, 0.0643400102853775, 0.4650467678648108, 0.46501196239920006, 0.3733440845008106, 0.624784601071546, 0.5538338848522731, 0.5538338848522731, 0.18431100249290466, 0.0, 0.0, 0.0, 0.5756887853145599, 0.13070005178451538, 0.13406753540039062, 0.8205865621566772, 0.8205865621566772, 0.3271990418434143, 0.3691203832626343, 0.39161810278892517, 0.39756793615429903, 0.24510109424591064, 0.0]
[0.4642857142857143, 0.5, 0.3333333333333333, 0.42424242424242425, 0.6153846153846154, 0.5869565217391305, 0.0, 0.0, 0.4977044768303804, 0.4976707364202799, 0.3755409886230702, 0.6219628852771705, 0.4882665617125375, 0.4882665617125375, 0.17048576474189758, 0.0, 0.0, 0.0, 0.5770335674285888, 0.13077598810195923, 0.13446342945098877, 0.8252456784248352, 0.8252456784248352, 0.3289470970630646, 0.3684211611747742, 0.3926137387752533, 0.40519439203794616, 0.23284225165843964, 0.0]
[0.4642857142857143, 0.5, 0.3333333333333333, 0.42424242424242425, 0.6153846153846154, 0.5869565217391305, 0.0, 0.0, 0.496837879215896, 0.49680408342504595, 0.3734738357208427, 0.6240414063692954, 0.4711093647139413, 0.4711093647139413, 0.16499757766723633, 0.0, 0.0, 0.0, 0.577626997232437, 0.13136699795722961, 0.136029452085495, 0.828076958656311, 0.828076958656311, 0.33205804228782654, 0.36717678308486934, 0.39531460404396057, 0.4082714263782945, 0.2297528088092804, 0.0]
[0.4642857142857143, 0.5, 0.3333333333333333, 0.42424242424242425, 0.6153846153846154, 0.5869565217391305, 0.0, 0.0, 0.5061521587989526, 0.5061187437284973, 0.36996341845729386, 0.6275619723778103, 0.4610503145626613, 0.4610503145626613, 0.15726351737976074, 0.0, 0.0, 0.0, 0.5788828253746032, 0.13195103406906128, 0.13889163732528687, 0.8317247629165649, 0.8317247629165649, 0.3350431025028229, 0.36598275899887084, 0.3984770178794861, 0.41995656351710475, 0.2290676087141037, 0.0]
[0.4642857142857143, 0.5, 0.3333333333333333, 0.42424242424242425, 0.6153846153846154, 0.5869565217391305, 0.0, 0.0, 0.5100639828589405, 0.5100307772025096, 0.3721866033273263, 0.6253491185996496, 0.46056108815329416, 0.46056108815329416, 0.18477514386177063, 0.0, 0.0, 0.0, 0.5785215020179748, 0.13670679926872253, 0.14509552717208862, 0.8323023915290833, 0.8323023915290833, 0.32878270745277405, 0.36848691701889036, 0.3830554485321045, 0.42722693016362745, 0.22966575622558594, 0.0]
[0.4642857142857143, 0.5, 0.3333333333333333, 0.42424242424242425, 0.6153846153846154, 0.5869565217391305, 0.0, 0.0, 0.5053756548016979, 0.5053401972322118, 0.40054000859962596, 0.5965236684737601, 0.4514632480485099, 0.4514632480485099, 0.24298244714736938, 0.0, 0.0, 0.0, 0.5776319831609725, 0.14752313494682312, 0.15089818835258484, 0.8307022452354431, 0.8307022452354431, 0.3189387619495392, 0.3724244952201843, 0.37104570865631104, 0.40663457194039987, 0.22316034138202667, 0.0]
[0.4642857142857143, 0.5, 0.3333333333333333, 0.42424242424242425, 0.6153846153846154, 0.5869565217391305, 0.36775943636894226, 0.36366453766822815, 0.3700304765318365, 0.36999123775708287, 0.44169373927107275, 0.5568771300683464, 0.4740504494735173, 0.4740504494735173, 0.2434529960155487, 0.0, 0.0, 0.0, 0.5720470964908599, 0.13989731669425964, 0.13290423154830933, 0.8160567879676819, 0.8160567879676819, 0.29811596870422363, 0.3807536125183105, 0.3493485152721405, 0.3808659869571065, 0.20482012629508972, 0.0]
[0.4642857142857143, 0.5, 0.3333333333333333, 0.42424242424242425, 0.6153846153846154, 0.5869565217391305, 0.0559086911380291, 0.05222306400537491, 0.4813536954883408, 0.4813177717233479, 0.4599554513654107, 0.537469164312633, 0.43736615351268227, 0.43736615351268227, 0.21431440114974976, 0.0, 0.0, 0.0, 0.5694955527782439, 0.13664031028747559, 0.12812379002571106, 0.8098942637443542, 0.8098942637443542, 0.3151496350765228, 0.37394014596939085, 0.3475525379180908, 0.3747419839681581, 0.2107630968093872, 0.0]
[0.4642857142857143, 0.5, 0.3333333333333333, 0.42424242424242425, 0.6153846153846154, 0.5869565217391305, 0.0, 0.0, 0.5053228500582292, 0.5052876346682271, 0.47236602165047115, 0.5246034476036273, 0.41246433343206135, 0.41246433343206135, 0.22164437174797058, 0.0, 0.0, 0.0, 0.5737312138080597, 0.13744720816612244, 0.12883585691452026, 0.8195201754570007, 0.8195201754570007, 0.3048306405544281, 0.37806774377822877, 0.33732834458351135, 0.37786781787872314, 0.1783190220594406, 0.0]
[0.4642857142857143, 0.5, 0.3333333333333333, 0.42424242424242425, 0.6153846153846154, 0.5869565217391305, 0.0, 0.0, 0.5063072939903741, 0.5062719742495061, 0.482679747828562, 0.5140660302082343, 0.39424870695386616, 0.39424870695386616, 0.224663645029068, 0.0, 0.0, 0.0, 0.5749204099178313, 0.13988685607910156, 0.13044139742851257, 0.8216639161109924, 0.8216639161109924, 0.2956499755382538, 0.38174000978469846, 0.32517313957214355, 0.38417198630266414, 0.16741088032722473, 0.04791331943124533]
[0.4642857142857143, 0.5, 0.3333333333333333, 0.42424242424242425, 0.6153846153846154, 0.5869565217391305, 0.0, 0.0, 0.5062190865239495, 0.5061835431232051, 0.49301226998378395, 0.5034029216606297, 0.40056403194155016, 0.40056403194155016, 0.23950394988059998, 0.0, 0.0, 0.0, 0.5752739310264587, 0.14046940207481384, 0.13123393058776855, 0.8225574493408203, 0.8225574493408203, 0.2864361107349396, 0.38542555570602416, 0.3147863447666168, 0.38543986026630844, 0.16247977316379547, 0.07068761624395847]
[0.4642857142857143, 0.5, 0.3333333333333333, 0.42424242424242425, 0.6153846153846154, 0.5869565217391305, 0.0, 0.0, 0.5023606482601188, 0.5023247610001218, 0.5052607406365256, 0.49092529899936743, 0.40139145084789823, 0.40139145084789823, 0.2436126172542572, 0.0, 0.0, 0.0, 0.5760430365800857, 0.13818013668060303, 0.12983155250549316, 0.8242680430412292, 0.8242680430412292, 0.2749593257904053, 0.3900162696838379, 0.301474392414093, 0.38681209087371826, 0.14967402815818787, 0.11286693625152111]
[0.4642857142857143, 0.5, 0.3333333333333333, 0.42424242424242425, 0.6153846153846154, 0.5869565217391305, 0.0, 0.0, 0.49614532317531723, 0.49610923130927076, 0.5278578376678846, 0.4686275888760682, 0.4257349457059588, 0.4257349457059588, 0.22659191489219666, 0.0, 0.0, 0.0, 0.5828711509704589, 0.12646228075027466, 0.1203823983669281, 0.8349452614784241, 0.8349452614784241, 0.26959624886512756, 0.392161500453949, 0.29306933283805847, 0.41820385428362117, 0.14725245535373688, 0.16125544905662537]
[0.4642857142857143, 0.5, 0.3333333333333333, 0.42424242424242425, 0.6153846153846154, 0.5869565217391305, 0.0, 0.0, 0.5086142957552441, 0.5085785949378351, 0.5426600813637728, 0.45379407268586575, 0.4409360885620118, 0.4409360885620118, 0.29404279589653015, 0.0, 0.0, 0.0, 0.5870842814445495, 0.131982684135437, 0.12226831912994385, 0.8401018381118774, 0.8401018381118774, 0.26296305656433105, 0.39481477737426757, 0.27766603231430054, 0.3889335870742798, 0.16060379147529602, 0.17684895545244217]
[0.4642857142857143, 0.5, 0.3333333333333333, 0.42424242424242425, 0.6153846153846154, 0.5869565217391305, 0.0, 0.0, 0.5078830675686751, 0.5078471943764568, 0.547529173968627, 0.44877011912224124, 0.45780198914664133, 0.45780198914664133, 0.3103705048561096, 0.0, 0.0, 0.0, 0.5894058465957641, 0.1361391544342041, 0.1254338026046753, 0.8436233401298523, 0.8436233401298523, 0.25984835624694824, 0.3960606575012207, 0.2708868682384491, 0.39164525270462036, 0.17690065503120422, 0.1896984875202179]
[0.4642857142857143, 0.5, 0.3333333333333333, 0.42424242424242425, 0.6153846153846154, 0.5869565217391305, 0.0, 0.0, 0.5241953031966609, 0.5241603609708709, 0.5491128995815153, 0.4475943462747866, 0.47368830868176054, 0.47368830868176054, 0.34112900495529175, 0.0, 0.0, 0.0, 0.5903333961963653, 0.14687272906303406, 0.13434165716171265, 0.844369113445282, 0.844369113445282, 0.2558230459690094, 0.3976707816123962, 0.26228559017181396, 0.3950857639312744, 0.1860562562942505, 0.18909579142928123]
[0.4642857142857143, 0.5, 0.3333333333333333, 0.42424242424242425, 0.6153846153846154, 0.5869565217391305, 0.0, 0.0, 0.5232143267048932, 0.5231793901774441, 0.5321309208642, 0.46441503345573787, 0.4758958731378828, 0.4758958731378828, 0.3396211266517639, 0.0, 0.0, 0.0, 0.5913335025310515, 0.1493685245513916, 0.13716593384742737, 0.846428394317627, 0.846428394317627, 0.24992476403713226, 0.4000300943851471, 0.2547011375427246, 0.4043438614800919, 0.19505684077739716, 0.1125496719032526]
[0.4642857142857143, 0.5, 0.3333333333333333, 0.42424242424242425, 0.6153846153846154, 0.5869565217391305, 0.0, 0.0, 0.5196103170428632, 0.5195752964648872, 0.5271597424839013, 0.46944394457585903, 0.477120727300644, 0.477120727300644, 0.33713042736053467, 0.0, 0.0, 0.0, 0.5919626474380493, 0.14907121658325195, 0.1373361349105835, 0.8478419780731201, 0.8478419780731201, 0.24257917702198029, 0.4029683291912079, 0.24792152643203735, 0.40188500354456347, 0.1963919848203659, 0.10498226620256901]
[0.4642857142857143, 0.5, 0.3333333333333333, 0.42424242424242425, 0.6153846153846154, 0.5869565217391305, 0.0, 0.0, 0.5193786310534176, 0.5193435876820784, 0.5242642331761567, 0.4722978844874625, 0.4756430004324232, 0.4756430004324232, 0.3413793742656708, 0.0, 0.0, 0.0, 0.5922847092151642, 0.15014886856079102, 0.13873732089996338, 0.8486706614494324, 0.8486706614494324, 0.23825298249721527, 0.4046988070011139, 0.24423004686832428, 0.4030449861703917, 0.19697877764701843, 0.10281684808433056]
[0.4642857142857143, 0.5, 0.3333333333333333, 0.42424242424242425, 0.6153846153846154, 0.5869565217391305, 0.0, 0.0, 0.5173001313300707, 0.5172649497739672, 0.5315213551028964, 0.4650271606212314, 0.47515358243669786, 0.47515358243669786, 0.3529898524284363, 0.0, 0.0, 0.0, 0.5916108578443526, 0.15190404653549194, 0.14038625359535217, 0.8474680185317993, 0.8474680185317993, 0.23281438648700714, 0.4068742454051971, 0.23905260860919952, 0.40437895655632017, 0.1962093710899353, 0.14438144862651825]
[0.4642857142857143, 0.5, 0.3333333333333333, 0.42424242424242425, 0.6153846153846154, 0.5869565217391305, 0.26248955726623535, 0.2623645067214966, 0.40044033322233996, 0.4004010146708151, 0.5287267520140507, 0.4684531341724546, 0.6070926146847861, 0.6070926146847861, 0.2901041507720947, 0.0, 0.0, 0.0, 0.5848640829324722, 0.13117516040802002, 0.12166675925254822, 0.8328474164009094, 0.8328474164009094, 0.23014256358146667, 0.40794297456741335, 0.23873163759708405, 0.40450734496116636, 0.19009339809417725, 0.2046847902238369]
[0.4642857142857143, 0.5, 0.3333333333333333, 0.42424242424242425, 0.6153846153846154, 0.5869565217391305, 0.0, 0.0, 0.47859416568712343, 0.47855713501943, 0.5333611442071757, 0.4628473686163963, 0.5629979499748775, 0.5629979499748775, 0.2887795567512512, 0.0, 0.0, 0.0, 0.5828745514154434, 0.13066905736923218, 0.1212492287158966, 0.830399215221405, 0.830399215221405, 0.22575534880161285, 0.40969786047935486, 0.23527653515338898, 0.40588938593864443, 0.183998242020607, 0.2071116492152214]
[0.4642857142857143, 0.5, 0.3333333333333333, 0.42424242424242425, 0.6153846153846154, 0.5869565217391305, 0.0, 0.0, 0.49018608740251335, 0.490149541093788, 0.522507849261592, 0.47358623945411665, 0.5120079006467547, 0.5120079006467547, 0.28801918029785156, 0.0, 0.0, 0.0, 0.5800580441951751, 0.14465782046318054, 0.1351434886455536, 0.8289800882339478, 0.8289800882339478, 0.22108881175518036, 0.41156447529792783, 0.23277874290943146, 0.4068885028362274, 0.17776550352573395, 0.18526362255215645]
[0.4642857142857143, 0.5, 0.3333333333333333, 0.42424242424242425, 0.6153846153846154, 0.5869565217391305, 0.0, 0.0, 0.500929623400618, 0.5008935196036705, 0.5026336413439556, 0.49327710681795345, 0.47794408031872343, 0.47794408031872343, 0.345045268535614, 0.0, 0.0, 0.0, 0.5784317553043365, 0.15644484758377075, 0.14805364608764648, 0.8279162049293518, 0.8279162049293518, 0.22015345096588135, 0.41193861961364747, 0.23428601026535034, 0.4062855958938599, 0.17490452527999878, 0.17184188589453697]
[0.4642857142857143, 0.5, 0.3333333333333333, 0.42424242424242425, 0.6153846153846154, 0.5869565217391305, 0.0, 0.0, 0.5051313423574768, 0.5050954591931622, 0.4897623074955056, 0.5061505362312329, 0.44910809823444914, 0.44910809823444914, 0.3348309397697449, 0.0, 0.0, 0.0, 0.5740201473236084, 0.17228040099143982, 0.16444844007492065, 0.8235399723052979, 0.8235399723052979, 0.22626863420009613, 0.40949254631996157, 0.24415645003318787, 0.40233741998672484, 0.17907431721687317, 0.12601410038769245]
[0.4642857142857143, 0.5, 0.3333333333333333, 0.42424242424242425, 0.6153846153846154, 0.5869565217391305, 0.0, 0.0, 0.5041320221943791, 0.5040961137436772, 0.4740214067480988, 0.5218839685907277, 0.42361231786864145, 0.42361231786864145, 0.3368183672428131, 0.0, 0.0, 0.0, 0.5764896839857101, 0.1676388680934906, 0.15967214107513428, 0.8269618153572083, 0.8269618153572083, 0.23270945250988007, 0.40691621899604796, 0.25390756130218506, 0.398436975479126, 0.1796288937330246, 0.10950643569231033]
[0.4642857142857143, 0.5, 0.3333333333333333, 0.42424242424242425, 0.6153846153846154, 0.5869565217391305, 0.0, 0.0, 0.5053107596036353, 0.5052749790094551, 0.45597463037042274, 0.5400798805192547, 0.42184029306684223, 0.42184029306684223, 0.28650015592575073, 0.0, 0.0, 0.0, 0.5779060214757918, 0.15609413385391235, 0.1499549150466919, 0.8290087580680847, 0.8290087580680847, 0.24135138094425201, 0.4034594476222992, 0.27159297466278076, 0.3913628101348877, 0.1796240508556366, 0.08067313581705093]
[0.4642857142857143, 0.5, 0.3333333333333333, 0.42424242424242425, 0.6153846153846154, 0.5869565217391305, 0.0, 0.0, 0.5030339967965168, 0.5029981560136119, 0.4414115631329626, 0.554766042602399, 0.42944082192012245, 0.42944082192012245, 0.2674160897731781, 0.0, 0.0, 0.0, 0.5772315859794617, 0.14529889822006226, 0.14227786660194397, 0.82828289270401, 0.82828289270401, 0.25188493728637695, 0.3992460250854492, 0.28861677646636963, 0.3845532894134521, 0.18012523651123047, 0.03042685566470027]
[0.4642857142857143, 0.5, 0.3333333333333333, 0.42424242424242425, 0.6153846153846154, 0.5869565217391305, 0.0, 0.0, 0.5049586114019554, 0.5049230947121836, 0.42160950974342243, 0.5751316754306885, 0.419224670955113, 0.419224670955113, 0.26703351736068726, 0.0, 0.0, 0.0, 0.57886703312397, 0.14121782779693604, 0.138031005859375, 0.8309094309806824, 0.8309094309806824, 0.2545909881591797, 0.3981636047363281, 0.29371994733810425, 0.38355936144673547, 0.17859837412834167, 0.012353482889011502]
[0.4642857142857143, 0.5, 0.3333333333333333, 0.42424242424242425, 0.6153846153846154, 0.5869565217391305, 0.0, 0.0, 0.504715766636637, 0.5046803172585157, 0.4052795180855016, 0.5917778566229589, 0.4218881257942745, 0.4218881257942745, 0.26378557085990906, 0.0, 0.0, 0.0, 0.5803225696086883, 0.13307759165763855, 0.13139265775680542, 0.8335906267166138, 0.8335906267166138, 0.25794604420661926, 0.3968215823173523, 0.30061718821525574, 0.38454381532447285, 0.1769215315580368, 0.0]
[0.4642857142857143, 0.5, 0.3333333333333333, 0.42424242424242425, 0.6153846153846154, 0.5869565217391305, 0.0, 0.0, 0.5038882023004911, 0.5038527386765179, 0.3972504248354677, 0.5999548788001793, 0.43423739927155636, 0.43423739927155636, 0.27406439185142517, 0.0, 0.0, 0.0, 0.5787746787071227, 0.13179194927215576, 0.13143399357795715, 0.8329347372055054, 0.8329347372055054, 0.25911927223205566, 0.39635229110717773, 0.30270618200302124, 0.38000262753908026, 0.17510543763637543, 0.0]
[0.4642857142857143, 0.5, 0.3333333333333333, 0.42424242424242425, 0.6153846153846154, 0.5869565217391305, 0.0, 0.0, 0.5067231418069872, 0.5066877999850486, 0.3905480591790398, 0.6067675643345087, 0.43586716055870056, 0.43586716055870056, 0.27837935090065, 0.0, 0.0, 0.0, 0.5792544126510619, 0.1289423704147339, 0.13145214319229126, 0.8349999189376831, 0.8349999189376831, 0.26217395067214966, 0.39513041973114016, 0.3061397671699524, 0.3857074366059414, 0.17687974870204926, 0.0]
[0.4642857142857143, 0.5, 0.3333333333333333, 0.42424242424242425, 0.6153846153846154, 0.5869565217391305, 0.0, 0.0, 0.505345886669355, 0.5053104543862562, 0.3911010147736588, 0.6061521321313509, 0.4459857089178903, 0.4459857089178903, 0.284402996301651, 0.0, 0.0, 0.0, 0.5781899064779281, 0.13302114605903625, 0.1379149854183197, 0.8342821002006531, 0.8342821002006531, 0.2649674415588379, 0.3940130233764648, 0.3092426359653473, 0.3832253328589506, 0.17847883701324463, 0.0]
[0.4642857142857143, 0.5, 0.3333333333333333, 0.42424242424242425, 0.6153846153846154, 0.5869565217391305, 0.0, 0.0, 0.5040193688459196, 0.503983856073757, 0.3919763255073737, 0.6052182481525454, 0.44780273522649494, 0.44780273522649494, 0.2797384262084961, 0.0, 0.0, 0.0, 0.5752711147069931, 0.13681700825691223, 0.1433800458908081, 0.831031084060669, 0.831031084060669, 0.2668873369693756, 0.3932450652122498, 0.31100454926490784, 0.39931278589159946, 0.1805448830127716, 0.0]
[0.4642857142857143, 0.5, 0.3333333333333333, 0.42424242424242425, 0.6153846153846154, 0.5869565217391305, 0.0, 0.0, 0.5058405795784571, 0.5058050457936628, 0.40769930141149924, 0.5891086198808991, 0.43792556439127245, 0.43792556439127245, 0.3152986764907837, 0.0, 0.0, 0.0, 0.5662851780653, 0.14722678065299988, 0.15107640624046326, 0.817118763923645, 0.817118763923645, 0.2590335011482239, 0.3963865995407104, 0.29910773038864136, 0.4107119039047596, 0.17979146540164948, 0.0]
[0.4642857142857143, 0.5, 0.3333333333333333, 0.42424242424242425, 0.6153846153846154, 0.5869565217391305, 0.0, 0.0, 0.5011545650475796, 0.5011187638859504, 0.43736675546912346, 0.5590341048481765, 0.42520080293927875, 0.42520080293927875, 0.26522111892700195, 0.0, 0.0, 0.0, 0.5635170072317123, 0.146060049533844, 0.14600282907485962, 0.8136184215545654, 0.8136184215545654, 0.2550995647907257, 0.3979601740837097, 0.29379162192344666, 0.4025234316670617, 0.1753992885351181, 0.0]
[0.4642857142857143, 0.5, 0.3333333333333333, 0.42424242424242425, 0.6153846153846154, 0.5869565217391305, 0.031128214672207832, 0.030471771955490112, 0.4569662527873913, 0.4569283730669186, 0.4625328963846823, 0.5333086518388355, 0.42992566313062397, 0.42992566313062397, 0.2432747185230255, 0.0, 0.0, 0.0, 0.5660886824131012, 0.13756147027015686, 0.13306236267089844, 0.8145372271537781, 0.8145372271537781, 0.24331068992614746, 0.402675724029541, 0.2814953029155731, 0.3957986346510954, 0.15342001616954803, 0.09534228593111038]
[0.4642857142857143, 0.5, 0.3333333333333333, 0.42424242424242425, 0.6153846153846154, 0.5869565217391305, 0.03744345158338547, 0.03680993989109993, 0.4587081443967145, 0.4586702418828785, 0.47937362463022964, 0.5163285621214957, 0.4378043115139008, 0.4378043115139008, 0.23860570788383484, 0.0, 0.0, 0.0, 0.5691872388124466, 0.13626894354820251, 0.13131731748580933, 0.8160805702209473, 0.8160805702209473, 0.2384328991174698, 0.4046268403530121, 0.27435463666915894, 0.39025814533233644, 0.15350858867168427, 0.11561944149434566]
[0.4642857142857143, 0.5, 0.3333333333333333, 0.42424242424242425, 0.6153846153846154, 0.5869565217391305, 0.02811642363667488, 0.027818869799375534, 0.4603454002230847, 0.46030756893850877, 0.49240634617454465, 0.5033589817547155, 0.4460624924727849, 0.4460624924727849, 0.2509056329727173, 0.0, 0.0, 0.0, 0.5707911014556885, 0.136694073677063, 0.13117069005966187, 0.816543459892273, 0.816543459892273, 0.23768296837806702, 0.40492681264877317, 0.2701050043106079, 0.39195799827575684, 0.15599822998046875, 0.12965485453605652]
[0.4642857142857143, 0.5, 0.3333333333333333, 0.42424242424242425, 0.6153846153846154, 0.5869565217391305, 0.024063648656010628, 0.02383575588464737, 0.4632479498308886, 0.4632102325131287, 0.507788796355346, 0.48805399054500337, 0.4594454169273377, 0.4594454169273377, 0.2656591534614563, 0.0, 0.0, 0.0, 0.571204724907875, 0.13803058862686157, 0.13168048858642578, 0.817613422870636, 0.817613422870636, 0.23674249649047852, 0.4053030014038086, 0.26369142532348633, 0.39452342987060546, 0.15729272365570068, 0.1469591911882162]
[0.4642857142857143, 0.5, 0.3333333333333333, 0.42424242424242425, 0.6153846153846154, 0.5869565217391305, 0.04648921266198158, 0.04634687677025795, 0.4573986343398377, 0.457360754619365, 0.5137410530852542, 0.4822717188826432, 0.46943528311593197, 0.46943528311593197, 0.265802264213562, 0.0, 0.0, 0.0, 0.579333958029747, 0.1294167935848236, 0.12217754125595093, 0.8290270566940308, 0.8290270566940308, 0.22046653926372528, 0.41181338429450987, 0.23675912618637085, 0.4052963495254517, 0.15140636265277863, 0.16262665390968323]
[0.4642857142857143, 0.5, 0.3333333333333333, 0.42424242424242425, 0.6153846153846154, 0.5869565217391305, 0.056096624583005905, 0.05605394020676613, 0.4515128238251287, 0.45147473611521677, 0.5148038833934536, 0.4812307801752149, 0.5087751575878688, 0.5087751575878688, 0.2564299702644348, 0.0, 0.0, 0.0, 0.5812140077352523, 0.12702995538711548, 0.11977401375770569, 0.8319411873817444, 0.8319411873817444, 0.21523268520832062, 0.4139069259166718, 0.2312859296798706, 0.4074856281280518, 0.15867222845554352, 0.1624947413802147]
[0.4642857142857143, 0.5, 0.3333333333333333, 0.42424242424242425, 0.6153846153846154, 0.5869565217391305, 0.02178521268069744, 0.021741051226854324, 0.4702234341127239, 0.47018613277384247, 0.514450908220065, 0.48166073138530985, 0.5128332121031626, 0.5128332121031626, 0.29389458894729614, 0.0, 0.0, 0.0, 0.5786419987678527, 0.138828307390213, 0.1314360797405243, 0.8288053870201111, 0.8288053870201111, 0.21516500413417816, 0.4139339983463287, 0.23048444092273712, 0.40780622363090513, 0.16586273908615112, 0.16329962760210037]
[0.4642857142857143, 0.5, 0.3333333333333333, 0.42424242424242425, 0.6153846153846154, 0.5869565217391305, 0.0, 0.0, 0.4811347025530288, 0.48109775308669184, 0.5205699318795541, 0.47545341478428416, 0.510583690234593, 0.510583690234593, 0.30274370312690735, 0.0, 0.0, 0.0, 0.57790068089962, 0.14035192131996155, 0.1325933337211609, 0.8281247019767761, 0.8281247019767761, 0.21443291008472443, 0.4142268359661102, 0.22926859557628632, 0.4082925617694855, 0.16814754903316498, 0.1638401485979557]
[0.4642857142857143, 0.5, 0.3333333333333333, 0.42424242424242425, 0.6153846153846154, 0.5869565217391305, 0.0, 0.0, 0.4808099256190925, 0.48077295335939235, 0.5177530653732001, 0.478232546877856, 0.5207958604608264, 0.5207958604608264, 0.2986888289451599, 0.0, 0.0, 0.0, 0.579004344344139, 0.1373664140701294, 0.1292474865913391, 0.8301588296890259, 0.8301588296890259, 0.21017250418663025, 0.4159309983253479, 0.22477345168590546, 0.41009061932563784, 0.16778795421123505, 0.1531401090323925]
[0.4642857142857143, 0.5, 0.3333333333333333, 0.42424242424242425, 0.6153846153846154, 0.5869565217391305, 0.0, 0.0, 0.4723444477321997, 0.47230728030432706, 0.5073146459648303, 0.488820343304268, 0.45135442699704853, 0.45135442699704853, 0.2922252118587494, 0.0, 0.0, 0.0, 0.5793195426464081, 0.13709017634391785, 0.1297348439693451, 0.8308889269828796, 0.8308889269828796, 0.2022477239370346, 0.41910091042518616, 0.2181595265865326, 0.4185940845068111, 0.14774416387081146, 0.16254393383860588]
[0.4642857142857143, 0.5, 0.3333333333333333, 0.42424242424242425, 0.6153846153846154, 0.5869565217391305, 0.0, 0.0, 0.47038833839715555, 0.47035125929356536, 0.49027022839048395, 0.5060348827063417, 0.44455440981047495, 0.44455440981047495, 0.2868213951587677, 0.0, 0.0, 0.0, 0.5786212414503097, 0.13789531588554382, 0.13169869780540466, 0.8301323652267456, 0.8301323652267456, 0.19202156364917755, 0.42319137454032896, 0.20991568267345428, 0.4160337269306183, 0.13857831060886383, 0.13254106976091862]
[0.4642857142857143, 0.5, 0.3333333333333333, 0.42424242424242425, 0.6153846153846154, 0.5869565217391305, 0.0, 0.0, 0.4708379260896497, 0.4708008640810819, 0.48169228947413356, 0.5145757952287543, 0.4186542545046125, 0.4186542545046125, 0.2833690941333771, 0.0, 0.0, 0.0, 0.5782926082611084, 0.13873612880706787, 0.13365131616592407, 0.8302956223487854, 0.8302956223487854, 0.18742981553077698, 0.4250280737876892, 0.2054547220468521, 0.41781811118125917, 0.13690462708473206, 0.0986863300204277]
[0.4642857142857143, 0.5, 0.3333333333333333, 0.42424242424242425, 0.6153846153846154, 0.5869565217391305, 0.0, 0.0, 0.4775837330471717, 0.47754691036891755, 0.4678347665766685, 0.5283684097507437, 0.41509426065853666, 0.41509426065853666, 0.29989224672317505, 0.0, 0.0, 0.0, 0.5781714856624602, 0.14435657858848572, 0.13924968242645264, 0.8305733799934387, 0.8305733799934387, 0.18737922608852386, 0.42504830956459044, 0.2064570188522339, 0.41741719245910647, 0.13671447336673737, 0.0903115700930357]
[0.4642857142857143, 0.5, 0.3333333333333333, 0.42424242424242425, 0.6153846153846154, 0.5869565217391305, 0.0, 0.0, 0.48380938263513845, 0.48377314973515717, 0.40620565801915887, 0.5909710313981573, 0.38482687302998136, 0.38482687302998136, 0.31307315826416016, 0.0, 0.0, 0.0, 0.5766472727060318, 0.16713804006576538, 0.16432753205299377, 0.8292418122291565, 0.8292418122291565, 0.18953701853752136, 0.42418519258499143, 0.2119450718164444, 0.41522197127342225, 0.14268416166305542, 0.030197161249816418]
[0.4642857142857143, 0.5, 0.3333333333333333, 0.42424242424242425, 0.6153846153846154, 0.5869565217391305, 0.0, 0.0, 0.4846116506118847, 0.48457577243361827, 0.36906165602558205, 0.6292608927991554, 0.38168207875319893, 0.38168207875319893, 0.3266809582710266, 0.0, 0.0, 0.0, 0.5579772859811782, 0.18385446071624756, 0.18099600076675415, 0.8029900193214417, 0.8029900193214417, 0.19412286579608917, 0.42235085368156433, 0.22280703485012054, 0.43309570744980214, 0.15357816219329834, 0.019580558873713017]
[0.4642857142857143, 0.5, 0.3333333333333333, 0.42424242424242425, 0.6153846153846154, 0.5869565217391305, 0.0, 0.0, 0.4905600338946337, 0.4905243779516585, 0.3493385018627685, 0.6493884468119135, 0.38337366921561106, 0.38337366921561106, 0.2827124297618866, 0.0, 0.0, 0.0, 0.5626976877450942, 0.1605696976184845, 0.1604597270488739, 0.8112728595733643, 0.8112728595733643, 0.19942913949489594, 0.42022834420204164, 0.24126915633678436, 0.43244284945865014, 0.15361806750297546, 0.0]
[0.4642857142857143, 0.5, 0.3333333333333333, 0.42424242424242425, 0.6153846153846154, 0.5869565217391305, 0.0, 0.0, 0.49319635702022857, 0.4931607609098318, 0.33770262670790485, 0.6612403346698503, 0.38396676736218593, 0.38396676736218593, 0.29020148515701294, 0.0, 0.0, 0.0, 0.5656154990196227, 0.1583968698978424, 0.15907293558120728, 0.8157314658164978, 0.8157314658164978, 0.19981828331947327, 0.4200726866722107, 0.2454298585653305, 0.4324388157489688, 0.15089614689350128, 0.0]
[0.4642857142857143, 0.5, 0.3333333333333333, 0.42424242424242425, 0.6153846153846154, 0.5869565217391305, 0.0, 0.0, 0.49289503801849105, 0.4928593948967826, 0.3349407206985736, 0.6640262079005893, 0.36017789372376036, 0.36017789372376036, 0.3119507133960724, 0.0, 0.0, 0.0, 0.5638200432062148, 0.1582900583744049, 0.16085603833198547, 0.8138600587844849, 0.8138600587844849, 0.19331349432468414, 0.4226746022701263, 0.23986613750457764, 0.441605337830477, 0.13848420977592468, 0.0]
[0.4642857142857143, 0.5, 0.3333333333333333, 0.42424242424242425, 0.6153846153846154, 0.5869565217391305, 0.3956928551197052, 0.38728946447372437, 0.3671378277911739, 0.3670988055533706, 0.3415901373722813, 0.6589714263132329, 0.3812013353620257, 0.3812013353620257, 0.4191714823246002, 0.0, 0.0, 0.0, 0.49850216805934905, 0.21713146567344666, 0.21873381733894348, 0.7131215929985046, 0.7131215929985046, 0.18335238099098206, 0.4266590476036072, 0.2249780148267746, 0.43583663397057115, 0.11675015091896057, 0.0]
[0.4642857142857143, 0.5, 0.3333333333333333, 0.42424242424242425, 0.6153846153846154, 0.5869565217391305, 0.045701973140239716, 0.04277833178639412, 0.4761521289157138, 0.47611627780456617, 0.3540682500908525, 0.6451575997176129, 0.3469964329685484, 0.3469964329685484, 0.43156060576438904, 0.0, 0.0, 0.0, 0.3628549963235855, 0.3129725903272629, 0.3056126981973648, 0.5150808095932007, 0.5150808095932007, 0.16766376793384552, 0.4329344928264618, 0.19142518937587738, 0.4393803726795108, 0.07734517753124237, 0.0]
[0.4642857142857143, 0.5, 0.3333333333333333, 0.42424242424242425, 0.6153846153846154, 0.5869565217391305, 0.0, 0.0, 0.49958687924012457, 0.4995518484229425, 0.3814195907366663, 0.6170518215431487, 0.3672283887863159, 0.3672283887863159, 0.4436274468898773, 0.0, 0.0, 0.0, 0.23739314824342725, 0.371027410030365, 0.36492016911506653, 0.336612343788147, 0.336612343788147, 0.15206259489059448, 0.4391749620437622, 0.1683359444141388, 0.44592078341994174, 0.06037915498018265, 0.0]
[0.4642857142857143, 0.5, 0.3333333333333333, 0.42424242424242425, 0.6153846153846154, 0.5869565217391305, 0.0, 0.0, 0.5145482202105038, 0.5145134090465524, 0.40914668567321955, 0.5882386883809001, 0.4094300312655313, 0.4094300312655313, 0.5118636190891266, 0.0, 0.0, 0.0, 0.14517094194889069, 0.42847882211208344, 0.43084245175123215, 0.21251718699932098, 0.21251718699932098, 0.1330336332321167, 0.44678654670715334, 0.13487385213375092, 0.46659196532049846, 0.05548454821109772, 0.011740000918507576]
[0.4642857142857143, 0.5, 0.3333333333333333, 0.42424242424242425, 0.6153846153846154, 0.5869565217391305, 0.0, 0.0, 0.5074267529848657, 0.5073912102964139, 0.4332347460960111, 0.5631886511591556, 0.40720877902848385, 0.40720877902848385, 0.5330865383148193, 0.0, 0.0, 0.0, 0.13487023785710334, 0.43937354907393456, 0.4378918968141079, 0.19628408551216125, 0.19628408551216125, 0.12363074719905853, 0.45054770112037656, 0.12481087446212769, 0.4701871858086697, 0.04824879765510559, 0.027263718657195568]
[0.4642857142857143, 0.5, 0.3333333333333333, 0.42424242424242425, 0.6153846153846154, 0.5869565217391305, 0.0, 0.0, 0.5103289514324177, 0.5102933446376319, 0.45481344527541795, 0.5411799694287794, 0.3497241011687688, 0.3497241011687688, 0.5687994509935379, 0.0, 0.0, 0.0, 0.12607045471668243, 0.4444422163069248, 0.4478882849216461, 0.18820814788341522, 0.18820814788341522, 0.1160757765173912, 0.45356968939304354, 0.11530353873968124, 0.505074491334516, 0.04452212154865265, 0.03678380511701107]
[0.4642857142857143, 0.5, 0.3333333333333333, 0.42424242424242425, 0.6153846153846154, 0.5869565217391305, 0.0, 0.0, 0.5097891789492413, 0.5097536163165965, 0.47005615362017833, 0.5260244969833371, 0.34163116344383787, 0.34163116344383787, 0.622077003121376, 0.0, 0.0, 0.0, 0.12680965512990952, 0.4457622356712818, 0.44965048134326935, 0.19023273885250092, 0.19023273885250092, 0.1087522953748703, 0.4564990818500519, 0.10551382601261139, 0.5065758422363636, 0.042391084134578705, 0.04697910975664854]
[0.4642857142857143, 0.5, 0.3333333333333333, 0.42424242424242425, 0.6153846153846154, 0.5869565217391305, 0.2947600781917572, 0.2933710813522339, 0.4002064391258342, 0.40016730292121494, 0.4893735488787664, 0.5077733724062069, 0.35838925412723, 0.35838925412723, 0.7023342698812485, 0.0, 0.0, 0.0, 0.14867602363228796, 0.44457079097628593, 0.44785796105861664, 0.21800464391708374, 0.21800464391708374, 0.1013394296169281, 0.45946422815322874, 0.09746342897415161, 0.4993117756621782, 0.042354926466941833, 0.05633139982819557]
[0.4642857142857143, 0.5, 0.3333333333333333, 0.42424242424242425, 0.6153846153846154, 0.5869565217391305, 0.0, 0.0, 0.48406168949535655, 0.48402498363308877, 0.4922415359127362, 0.5037702708986881, 0.20318903028964996, 0.20318903028964996, 0.8030093684792519, 0.0, 0.0, 0.0, 0.14465359449386594, 0.4616226851940155, 0.46202532574534416, 0.21576321125030518, 0.21576321125030518, 0.09625087678432465, 0.46149964928627013, 0.09192854166030884, 0.5188190036041792, 0.04228757694363594, 0.06306773517280817]
[0.4642857142857143, 0.5, 0.3333333333333333, 0.42424242424242425, 0.6153846153846154, 0.5869565217391305, 0.0, 0.0, 0.49028676568778023, 0.4902502628289035, 0.4805339393036771, 0.5153578811069697, 0.1252104501639094, 0.1252104501639094, 0.8726234659552574, 0.0, 0.0, 0.0, 0.13284540846943854, 0.47440384700894356, 0.4749497417360544, 0.2006155252456665, 0.2006155252456665, 0.10023710131645203, 0.4599051594734192, 0.09582054615020752, 0.5605994511482327, 0.042347703129053116, 0.05995581392198801]
[0.4642857142857143, 0.5, 0.3333333333333333, 0.42424242424242425, 0.6153846153846154, 0.5869565217391305, 0.2816639840602875, 0.2804141640663147, 0.390791777215086, 0.3907518774327995, 0.48202088429640627, 0.5145438816711, 0.11589850698198592, 0.11589850698198592, 0.8784645162522793, 0.0, 0.0, 0.0, 0.13070439025759698, 0.4766098689287901, 0.47727107256650925, 0.19514130055904388, 0.19514130055904388, 0.10506532341241837, 0.45797387063503264, 0.10100463777780533, 0.56856736887333, 0.042963769286870956, 0.04338923841714859]
[0.4642857142857143, 0.5, 0.3333333333333333, 0.42424242424242425, 0.6153846153846154, 0.5869565217391305, 0.0, 0.0, 0.48315139237371046, 0.4831172379435362, 0.47076343737870285, 0.5247709674264864, 0.10730474655117309, 0.10730474655117309, 0.8876351974904537, 0.0, 0.0, 0.0, 0.11905004307627677, 0.4796677175909281, 0.4803316853940487, 0.17902204394340515, 0.17902204394340515, 0.10852689296007156, 0.45658924281597135, 0.10487320274114609, 0.5799030911090762, 0.04315664619207382, 0.03444307716563344]
[0.4642857142857143, 0.5, 0.3333333333333333, 0.42424242424242425, 0.6153846153846154, 0.5869565217391305, 0.0, 0.0, 0.48706603711239466, 0.4870320693028817, 0.47534231348657696, 0.5202487470720234, 0.10440276669604438, 0.10440276669604438, 0.8882930465042591, 0.0, 0.0, 0.0, 0.1151434376835823, 0.48148184828460217, 0.4819581862539053, 0.17420528829097748, 0.17420528829097748, 0.11403118818998337, 0.4543875247240067, 0.11062417179346085, 0.5516808982505355, 0.0434897281229496, 0.0305420090444386]
[0.4642857142857143, 0.5, 0.3333333333333333, 0.42424242424242425, 0.6153846153846154, 0.5869565217391305, 0.2604506313800812, 0.25890231132507324, 0.4049015585368724, 0.40486495809390943, 0.4833635871884472, 0.5130998964696674, 0.1409792367901121, 0.1409792367901121, 0.8735790476202965, 0.0, 0.0, 0.0, 0.1565368980169296, 0.47414423152804375, 0.474270848557353, 0.22861723601818085, 0.22861723601818085, 0.11732228100299835, 0.45307108759880066, 0.11393223702907562, 0.5342446059681649, 0.044736579060554504, 0.03303640056401491]
[0.4642857142857143, 0.5, 0.3333333333333333, 0.42424242424242425, 0.6153846153846154, 0.5869565217391305, 0.03588730841875076, 0.03554674983024597, 0.45688166091820476, 0.4568473768507773, 0.4706722325850171, 0.5264032713947009, 0.3153994040829795, 0.3153994040829795, 0.6221847087144852, 0.0, 0.0, 0.0, 0.2204377681016922, 0.3770771101117134, 0.37111811339855194, 0.31989094614982605, 0.31989094614982605, 0.10263185948133469, 0.4589472562074661, 0.09982412308454514, 0.48050073690192646, 0.04396151006221771, 0.05615441594272852]
[0.4642857142857143, 0.5, 0.3333333333333333, 0.42424242424242425, 0.6153846153846154, 0.5869565217391305, 0.0, 0.0, 0.4677556080754355, 0.46772140948312, 0.4785426683567222, 0.5179842948179122, 0.35105959645339424, 0.35105959645339424, 0.4650517702102661, 0.0, 0.0, 0.0, 0.4921260207891464, 0.21475565433502197, 0.20895496010780334, 0.7106532454490662, 0.7106532454490662, 0.10923393815755844, 0.45630642473697663, 0.1185922622680664, 0.4525630950927734, 0.057848479598760605, 0.07556530646979809]
[0.4642857142857143, 0.5, 0.3333333333333333, 0.42424242424242425, 0.6153846153846154, 0.5869565217391305, 0.0, 0.0, 0.47008703292897736, 0.4700527517107203, 0.4781755228343475, 0.5180604759360768, 0.3799469556127276, 0.3799469556127276, 0.43699437379837036, 0.0, 0.0, 0.0, 0.5433324873447418, 0.18031901121139526, 0.1720104217529297, 0.782581627368927, 0.782581627368927, 0.12088847160339355, 0.4516446113586426, 0.13284635543823242, 0.44686145782470704, 0.0966963917016983, 0.07619670126587152]
[0.4642857142857143, 0.5, 0.3333333333333333, 0.42424242424242425, 0.6153846153846154, 0.5869565217391305, 0.0, 0.0, 0.4697468106423008, 0.4697124183063981, 0.4822399684051711, 0.5138211468614944, 0.4126829760415214, 0.4126829760415214, 0.3972245752811432, 0.0, 0.0, 0.0, 0.5672437697649002, 0.16185620427131653, 0.15119227766990662, 0.8146637082099915, 0.8146637082099915, 0.13951760530471802, 0.4441929578781128, 0.15221847593784332, 0.43911260962486265, 0.13561032712459564, 0.06699410267174244]
[0.4642857142857143, 0.5, 0.3333333333333333, 0.42424242424242425, 0.6153846153846154, 0.5869565217391305, 0.0, 0.0, 0.46997937132705925, 0.46994497044364536, 0.48478193128086183, 0.5112748746155731, 0.430307856627873, 0.430307856627873, 0.3484437167644501, 0.0, 0.0, 0.0, 0.5800891280174255, 0.14293530583381653, 0.13130444288253784, 0.8317569494247437, 0.8317569494247437, 0.15850278735160828, 0.4365988850593567, 0.17054083943367004, 0.43178366422653197, 0.15683653950691223, 0.056849876418709755]
[0.4642857142857143, 0.5, 0.3333333333333333, 0.42424242424242425, 0.6153846153846154, 0.5869565217391305, 0.0, 0.0, 0.4705221012491113, 0.4704877003656974, 0.48968903894178273, 0.5063210989680796, 0.4295769972460611, 0.4295769972460611, 0.3191697597503662, 0.0, 0.0, 0.0, 0.5821619808673858, 0.13566747307777405, 0.12357825040817261, 0.83466637134552, 0.83466637134552, 0.17112745344638824, 0.4315490186214447, 0.18391741812229156, 0.42643303275108335, 0.15772242844104767, 0.05625319201499224]
[0.4642857142857143, 0.5, 0.3333333333333333, 0.42424242424242425, 0.6153846153846154, 0.5869565217391305, 0.0, 0.0, 0.472345581702019, 0.47231124919869477, 0.4917430108694456, 0.5042875833715986, 0.4514852166175843, 0.4514852166175843, 0.3168676793575287, 0.0, 0.0, 0.0, 0.583009672164917, 0.135259211063385, 0.12348508834838867, 0.8361567854881287, 0.8361567854881287, 0.1774650663137436, 0.42901397347450254, 0.18981343507766724, 0.4240746259689331, 0.16663812100887299, 0.04338290076702833]
[0.4642857142857143, 0.5, 0.3333333333333333, 0.42424242424242425, 0.6153846153846154, 0.5869565217391305, 0.0, 0.0, 0.47030679229112704, 0.47027230593260116, 0.5001742109437304, 0.49576794275539504, 0.4655173208032336, 0.4655173208032336, 0.27992257475852966, 0.0, 0.0, 0.0, 0.5867658704519272, 0.12276443839073181, 0.11197549104690552, 0.8412567377090454, 0.8412567377090454, 0.18616074323654175, 0.4255357027053833, 0.1981198936700821, 0.4207520425319672, 0.17013879120349884, 0.03962894435971975]
[0.4642857142857143, 0.5, 0.3333333333333333, 0.42424242424242425, 0.6153846153846154, 0.5869565217391305, 0.0, 0.0, 0.46754250152617066, 0.46750786985995435, 0.5123681760540884, 0.48360412202368686, 0.47955525772912166, 0.47955525772912166, 0.26786941289901733, 0.0, 0.0, 0.0, 0.5972132265567779, 0.11306166648864746, 0.09896895289421082, 0.8525194525718689, 0.8525194525718689, 0.19631564617156982, 0.42147374153137207, 0.20615942776203156, 0.4175362288951874, 0.1831926852464676, 0.06759762763977051]
[0.4642857142857143, 0.5, 0.3333333333333333, 0.42424242424242425, 0.6153846153846154, 0.5869565217391305, 0.0, 0.0, 0.46967089734615375, 0.4696362998699823, 0.5305581845015458, 0.4655220159330463, 0.5110899039677211, 0.5110899039677211, 0.26469460129737854, 0.0, 0.0, 0.0, 0.6013897657394409, 0.11048126220703125, 0.09628799557685852, 0.8577530980110168, 0.8577530980110168, 0.21530161798000336, 0.41387935280799865, 0.2203405201435089, 0.4118637919425964, 0.19637255370616913, 0.11630197055637836]
[0.4642857142857143, 0.5, 0.3333333333333333, 0.42424242424242425, 0.6153846153846154, 0.5869565217391305, 0.0, 0.0, 0.47278772451225703, 0.47275326664543516, 0.5505894137614088, 0.4457861943586328, 0.5139221038137164, 0.5139221038137164, 0.2660689651966095, 0.0, 0.0, 0.0, 0.6031185269355773, 0.11118608713150024, 0.09644463658332825, 0.8593191504478455, 0.8593191504478455, 0.2267887145280838, 0.4092845141887665, 0.22916516661643982, 0.40833393335342405, 0.2092842310667038, 0.18593920394778252]
[0.4642857142857143, 0.5, 0.3333333333333333, 0.42424242424242425, 0.6153846153846154, 0.5869565217391305, 0.0, 0.0, 0.4860729117580399, 0.4860389624681345, 0.5933068375286591, 0.40389594744035384, 0.527058414050511, 0.527058414050511, 0.28728732466697693, 0.0, 0.0, 0.0, 0.6037508010864258, 0.11370515823364258, 0.09764385223388672, 0.8587510585784912, 0.8587510585784912, 0.24069742858409882, 0.4037210285663605, 0.2329508662223816, 0.4068196535110474, 0.22569893300533295, 0.2316570281982422]
[0.4642857142857143, 0.5, 0.3333333333333333, 0.42424242424242425, 0.6153846153846154, 0.5869565217391305, 0.0, 0.0, 0.48250529027577793, 0.4824711999519377, 0.6428129340221047, 0.3558214166145657, 0.5861383250781468, 0.5861383250781468, 0.2864536643028259, 0.0, 0.0, 0.0, 0.6018875241279602, 0.11566224694252014, 0.10014626383781433, 0.8539666533470154, 0.8539666533470154, 0.24912279844284058, 0.4003508806228638, 0.23412412405014038, 0.4063503503799438, 0.227804496884346, 0.27037929743528366]
[0.4642857142857143, 0.5, 0.3333333333333333, 0.42424242424242425, 0.6153846153846154, 0.5869565217391305, 0.0, 0.0, 0.48462883110939886, 0.48459480061813703, 0.6630392060908943, 0.33626234047676773, 0.6007964057581766, 0.6007964057581766, 0.3119722306728363, 0.0, 0.0, 0.0, 0.5984578311443328, 0.12602132558822632, 0.10941269993782043, 0.8452087640762329, 0.8452087640762329, 0.254886269569397, 0.3980454921722412, 0.23310449719429016, 0.40675820112228395, 0.22841805219650269, 0.29100779443979263]
[0.4642857142857143, 0.5, 0.3333333333333333, 0.42424242424242425, 0.6153846153846154, 0.5869565217391305, 0.0, 0.0, 0.48675237051843456, 0.48671833290424676, 0.6662111305141996, 0.3330617875892796, 0.6133081870419639, 0.6133081870419639, 0.3300730288028717, 0.0, 0.0, 0.0, 0.5914537489414214, 0.13096177577972412, 0.11577838659286499, 0.8346697688102722, 0.8346697688102722, 0.25732100009918213, 0.39707159996032715, 0.2303881049156189, 0.4078447580337524, 0.23091274499893188, 0.29219288378953934]
[0.4642857142857143, 0.5, 0.3333333333333333, 0.42424242424242425, 0.6153846153846154, 0.5869565217391305, 0.0, 0.0, 0.48928441400737654, 0.4892503799546517, 0.6656891966868996, 0.33339976757885115, 0.6128715617316111, 0.6128715617316111, 0.33336400985717773, 0.0, 0.0, 0.0, 0.5890541404485702, 0.13359248638153076, 0.11838310956954956, 0.8315253853797913, 0.8315253853797913, 0.26043862104415894, 0.3958245515823364, 0.23021115362644196, 0.4079155385494232, 0.23499278724193573, 0.28793932870030403]
[0.4642857142857143, 0.5, 0.3333333333333333, 0.42424242424242425, 0.6153846153846154, 0.5869565217391305, 0.0, 0.0, 0.49005549923867614, 0.49002134053474633, 0.6365847728904301, 0.3612234209002724, 0.6057636865547725, 0.6057636865547725, 0.33836767077445984, 0.0, 0.0, 0.0, 0.5886719137430191, 0.13425084948539734, 0.120510995388031, 0.8320568203926086, 0.8320568203926086, 0.2602585554122925, 0.39589657783508303, 0.22810699045658112, 0.4087572038173676, 0.23723122477531433, 0.28655504807829857]
[0.4642857142857143, 0.5, 0.3333333333333333, 0.42424242424242425, 0.6153846153846154, 0.5869565217391305, 0.26819559931755066, 0.26817163825035095, 0.4069489097048174, 0.4069126568606433, 0.5933201944394959, 0.40503027055682417, 0.6104253445352827, 0.6104253445352827, 0.35113999247550964, 0.0, 0.0, 0.0, 0.587935122847557, 0.14347782731056213, 0.1266143023967743, 0.8325989842414856, 0.8325989842414856, 0.258394330739975, 0.39664226770401, 0.23212149739265442, 0.40715140104293823, 0.2233698070049286, 0.25970492511987686]
[0.4642857142857143, 0.5, 0.3333333333333333, 0.42424242424242425, 0.6153846153846154, 0.5869565217391305, 0.007265078369528055, 0.007254034746438265, 0.48007479549366017, 0.48004080631536916, 0.5648057768495315, 0.4321304283401428, 0.5624766647815704, 0.5624766647815704, 0.35513782501220703, 0.0, 0.0, 0.0, 0.5878593534231186, 0.14412268996238708, 0.12478449940681458, 0.8329163193702698, 0.8329163193702698, 0.25760048627853394, 0.39695980548858645, 0.2412574589252472, 0.4034970164299011, 0.21954210102558136, 0.24986779317259789]
[0.4642857142857143, 0.5, 0.3333333333333333, 0.42424242424242425, 0.6153846153846154, 0.5869565217391305, 0.0, 0.0, 0.4988656479466429, 0.49883212905954105, 0.5233261594922776, 0.47247158131174966, 0.5045124249798911, 0.5045124249798911, 0.4076196253299713, 0.0, 0.0, 0.0, 0.5768047153949737, 0.1572873294353485, 0.13855189085006714, 0.822260320186615, 0.822260320186615, 0.26194489002227783, 0.39522204399108884, 0.25699928402900696, 0.3972002863883972, 0.21988685429096222, 0.23607470095157623]
[0.4642857142857143, 0.5, 0.3333333333333333, 0.42424242424242425, 0.6153846153846154, 0.5869565217391305, 0.0, 0.0, 0.49597116407313263, 0.49593757128567356, 0.50174751284445, 0.49394641683338203, 0.4413656464644841, 0.4413656464644841, 0.3574053943157196, 0.0, 0.0, 0.0, 0.5757006973028183, 0.160031259059906, 0.1443895399570465, 0.8217174410820007, 0.8217174410820007, 0.264742374420166, 0.3941030502319336, 0.26603710651397705, 0.3935851573944092, 0.2179442048072815, 0.1802758313715458]
[0.4642857142857143, 0.5, 0.3333333333333333, 0.42424242424242425, 0.6153846153846154, 0.5869565217391305, 0.0, 0.0, 0.49928772097798935, 0.4992542966922485, 0.47871311997592336, 0.5169416722507773, 0.4467997167791639, 0.4467997167791639, 0.2986685037612915, 0.0, 0.0, 0.0, 0.5798696219921111, 0.15365397930145264, 0.1423189640045166, 0.8305402398109436, 0.8305402398109436, 0.25954023003578186, 0.39618390798568726, 0.2676140367984772, 0.3929543852806091, 0.20176218450069427, 0.05124700255692005]
[0.4642857142857143, 0.5, 0.3333333333333333, 0.42424242424242425, 0.6153846153846154, 0.5869565217391305, 0.0, 0.0, 0.49716717920784287, 0.4971336962915173, 0.45813102213875967, 0.5375852409393286, 0.45551587428365437, 0.45551587428365437, 0.30593007802963257, 0.0, 0.0, 0.0, 0.5847047626972198, 0.14732515811920166, 0.13784101605415344, 0.8372350335121155, 0.8372350335121155, 0.25813987851142883, 0.39674404859542844, 0.2722911536693573, 0.3910835385322571, 0.19857344031333923, 0.09291249327361584]
[0.4642857142857143, 0.5, 0.3333333333333333, 0.42424242424242425, 0.6153846153846154, 0.5869565217391305, 0.0, 0.0, 0.4984775108942338, 0.49844419322979155, 0.4467035837428748, 0.5492508649946348, 0.45323371887207037, 0.45323371887207037, 0.30590584874153137, 0.0, 0.0, 0.0, 0.5849613606929779, 0.14506536722183228, 0.1363835632801056, 0.8374603390693665, 0.8374603390693665, 0.2620503306388855, 0.3951798677444458, 0.28643402457237244, 0.385426390171051, 0.19689059257507324, 0.1124940812587738]
[0.4642857142857143, 0.5, 0.3333333333333333, 0.42424242424242425, 0.6153846153846154, 0.5869565217391305, 0.0, 0.0, 0.5031266749674458, 0.5030937079290358, 0.4358236846686777, 0.5604801749300496, 0.45728198119572233, 0.45728198119572233, 0.30630266666412354, 0.0, 0.0, 0.0, 0.5828276962041854, 0.14387261867523193, 0.13668671250343323, 0.8343021869659424, 0.8343021869659424, 0.2722723186016083, 0.3910910725593567, 0.3044607639312744, 0.37821569442749026, 0.19652323424816132, 0.12080925516784191]
[0.4642857142857143, 0.5, 0.3333333333333333, 0.42424242424242425, 0.6153846153846154, 0.5869565217391305, 0.0, 0.0, 0.5075643600799842, 0.5075316751094439, 0.4304684751576265, 0.5660538488553035, 0.4747263448578971, 0.4747263448578971, 0.2594303786754608, 0.0, 0.0, 0.0, 0.5816288203001022, 0.1374044418334961, 0.13204386830329895, 0.8319485187530518, 0.8319485187530518, 0.3033377230167389, 0.37866491079330444, 0.3401902914047241, 0.37465555030246117, 0.20178194344043732, 0.1239519752562046]
[0.4642857142857143, 0.5, 0.3333333333333333, 0.42424242424242425, 0.6153846153846154, 0.5869565217391305, 0.0, 0.0, 0.5315253126005826, 0.5314940515029499, 0.4316773154767476, 0.565598704568236, 0.48529986824308124, 0.48529986824308124, 0.3094801604747772, 0.0, 0.0, 0.0, 0.5695861965417861, 0.15810731053352356, 0.14827406406402588, 0.8090983033180237, 0.8090983033180237, 0.3172732889652252, 0.3730906844139099, 0.35418277978897095, 0.3583268880844116, 0.2052692472934723, 0.15306864865124226]
[0.4642857142857143, 0.5, 0.3333333333333333, 0.42424242424242425, 0.6153846153846154, 0.5869565217391305, 0.0, 0.0, 0.5407620381214878, 0.5407313212154017, 0.4455851532988977, 0.5519025316151283, 0.48619972808020456, 0.48619972808020456, 0.24999377131462097, 0.0, 0.0, 0.0, 0.5686832010746001, 0.15115103125572205, 0.13761574029922485, 0.8068285584449768, 0.8068285584449768, 0.3474930226802826, 0.36100279092788695, 0.37877434492111206, 0.3484902620315552, 0.215396910905838, 0.15573727898299694]
[0.4642857142857143, 0.5, 0.3333333333333333, 0.42424242424242425, 0.6153846153846154, 0.5869565217391305, 0.0, 0.0, 0.5469873643286142, 0.5469572542958232, 0.5132264658438316, 0.4849997254625511, 0.5033172879900252, 0.5033172879900252, 0.24274691939353943, 0.0, 0.0, 0.0, 0.5685008078813553, 0.13998407125473022, 0.13005614280700684, 0.8062765002250671, 0.8062765002250671, 0.3507716655731201, 0.3596913337707519, 0.37517768144607544, 0.3499289274215698, 0.21428167819976807, 0.1533826533704996]
[0.4642857142857143, 0.5, 0.3333333333333333, 0.42424242424242425, 0.6153846153846154, 0.5869565217391305, 0.0, 0.0, 0.5464166099665042, 0.5463864913862021, 0.5158738409014094, 0.4823891445915234, 0.5065513934407916, 0.5065513934407916, 0.24523180723190308, 0.0, 0.0, 0.0, 0.5676073879003525, 0.13852828741073608, 0.12794074416160583, 0.8044808506965637, 0.8044808506965637, 0.3566787838935852, 0.3573284864425659, 0.3764941394329071, 0.34940234422683714, 0.22118301689624786, 0.1552126742899418]
[0.4642857142857143, 0.5, 0.3333333333333333, 0.42424242424242425, 0.6153846153846154, 0.5869565217391305, 0.0, 0.0, 0.5391676851030062, 0.53913732434322, 0.5294483614013482, 0.46908430519290406, 0.5036221444606781, 0.5036221444606781, 0.23919251561164856, 0.0, 0.0, 0.0, 0.560654792189598, 0.13917633891105652, 0.128878653049469, 0.7956075668334961, 0.7956075668334961, 0.3606317937374115, 0.3557472825050354, 0.3782958984375, 0.34868164062499996, 0.2228732854127884, 0.14546467922627926]
[0.4642857142857143, 0.5, 0.3333333333333333, 0.42424242424242425, 0.6153846153846154, 0.5869565217391305, 0.0, 0.0, 0.5469788681024803, 0.546948641253703, 0.48212857439002843, 0.5156928124842128, 0.4891253369195121, 0.4891253369195121, 0.2316860854625702, 0.0, 0.0, 0.0, 0.5578967809677123, 0.1456645131111145, 0.13485026359558105, 0.7913931608200073, 0.7913931608200073, 0.36012181639671326, 0.3559512734413147, 0.3778105080127716, 0.34887579679489134, 0.2245779186487198, 0.14780954457819462]
[0.4642857142857143, 0.5, 0.3333333333333333, 0.42424242424242425, 0.6153846153846154, 0.5869565217391305, 0.0, 0.0, 0.5504663125050911, 0.5504362537573674, 0.4471700442224798, 0.55075393629183, 0.47520856772150316, 0.47520856772150316, 0.1906094253063202, 0.0, 0.0, 0.0, 0.5659324496984481, 0.1438727080821991, 0.1318489909172058, 0.8045966029167175, 0.8045966029167175, 0.3597802519798279, 0.3560878992080688, 0.3817140758037567, 0.34731436967849727, 0.2259596288204193, 0.13967633247375488]
[0.4642857142857143, 0.5, 0.3333333333333333, 0.42424242424242425, 0.6153846153846154, 0.5869565217391305, 0.0, 0.0, 0.5454289023096657, 0.5453984532255971, 0.4477967135536967, 0.5497883118424721, 0.4628830935273852, 0.4628830935273852, 0.18760648369789124, 0.0, 0.0, 0.0, 0.5709344416856765, 0.1413036584854126, 0.13091778755187988, 0.8123295903205872, 0.8123295903205872, 0.3586905598640442, 0.35652377605438235, 0.3846685588359833, 0.34619234329046206, 0.23205898702144623, 0.13734418898820877]
[0.4642857142857143, 0.5, 0.3333333333333333, 0.42424242424242425, 0.6153846153846154, 0.5869565217391305, 0.0, 0.0, 0.5414249688443901, 0.5413943060725415, 0.45033438415417937, 0.5471742250672668, 0.4625315538474492, 0.4625315538474492, 0.1935017704963684, 0.0, 0.0, 0.0, 0.5711961716413497, 0.1408553123474121, 0.13063448667526245, 0.813069760799408, 0.813069760799408, 0.357322096824646, 0.3570711612701416, 0.3856194317340851, 0.34575222730636596, 0.23117181658744812, 0.12008395977318287]
[0.4642857142857143, 0.5, 0.3333333333333333, 0.42424242424242425, 0.6153846153846154, 0.5869565217391305, 0.0, 0.0, 0.5397040129391687, 0.5396731421778809, 0.4502305034013825, 0.5470213770473842, 0.45390533549445017, 0.45390533549445017, 0.25464338064193726, 0.0, 0.0, 0.0, 0.5458330661058426, 0.16543975472450256, 0.16384664177894592, 0.784695029258728, 0.784695029258728, 0.3503359258174896, 0.3598656296730042, 0.3797222971916199, 0.35567370265029197, 0.20360711216926575, 0.07259543985128403]
[0.4642857142857143, 0.5, 0.3333333333333333, 0.42424242424242425, 0.6153846153846154, 0.5869565217391305, 0.0, 0.0, 0.5647802767744484, 0.5647505542288319, 0.44733831052798384, 0.5500292530058168, 0.43441163642065866, 0.43441163642065866, 0.3973650336265564, 0.0, 0.0, 0.0, 0.5125649690628051, 0.21698150038719177, 0.2310495674610138, 0.7471348643302917, 0.7471348643302917, 0.30442023277282715, 0.37823190689086916, 0.3061739504337311, 0.4274142273636751, 0.18331657350063324, 0.0]
[0.4642857142857143, 0.5, 0.3333333333333333, 0.42424242424242425, 0.6153846153846154, 0.5869565217391305, 0.0, 0.0, 0.5337494604902103, 0.5337186524106713, 0.45280635003605946, 0.5450192144342814, 0.5054592234747751, 0.5054592234747751, 0.6148503571748734, 0.0, 0.0, 0.0, 0.3930465877056122, 0.3393818587064743, 0.3398006111383438, 0.562574028968811, 0.562574028968811, 0.2146470546722412, 0.4141411781311035, 0.22509270906448364, 0.4345202723214793, 0.11819062381982803, 0.0]
[0.4642857142857143, 0.5, 0.3333333333333333, 0.42424242424242425, 0.6153846153846154, 0.5869565217391305, 0.0, 0.0, 0.5651649147784961, 0.5651354201665116, 0.459094574528944, 0.5386643058204692, 0.470109475510461, 0.470109475510461, 0.7680639028549194, 0.0, 0.0, 0.0, 0.3313225969672203, 0.3922666907310486, 0.3885328620672226, 0.4735868573188782, 0.4735868573188782, 0.15465548634529114, 0.4381378054618835, 0.16467070579528809, 0.43944790612819584, 0.09134183824062347, 0.09540129452943802]
[0.4642857142857143, 0.5, 0.3333333333333333, 0.42424242424242425, 0.6153846153846154, 0.5869565217391305, 0.0, 0.0, 0.5845264294407335, 0.5844976471213492, 0.4586238887296352, 0.5388370723906206, 0.3460640566689628, 0.3460640566689628, 0.8269911408424377, 0.0, 0.0, 0.0, 0.2522171691060066, 0.44308266043663025, 0.4417150504887104, 0.37109240889549255, 0.37109240889549255, 0.1364571750164032, 0.44541712999343874, 0.13805140554904938, 0.5047530420990878, 0.07661683857440948, 0.09503268636763096]
[0.4642857142857143, 0.5, 0.3333333333333333, 0.42424242424242425, 0.6153846153846154, 0.5869565217391305, 0.0, 0.0, 0.5838217726173183, 0.5837928193477098, 0.4606900102321778, 0.5364789850004722, 0.2534284974847521, 0.2534284974847521, 0.8551846221089363, 0.0, 0.0, 0.0, 0.1837776333093643, 0.46957421861588955, 0.46879513189196587, 0.2736188769340515, 0.2736188769340515, 0.12000653147697449, 0.4519973874092102, 0.11781875789165497, 0.5380899580412133, 0.06924315541982651, 0.08319230750203133]
[0.4642857142857143, 0.5, 0.3333333333333333, 0.42424242424242425, 0.6153846153846154, 0.5869565217391305, 0.0, 0.0, 0.5718615991891456, 0.5718317740733947, 0.4664983233119972, 0.5300281711741064, 0.2096953455890928, 0.2096953455890928, 0.8690551146864891, 0.0, 0.0, 0.0, 0.13694510385394096, 0.47647181153297424, 0.4761692453175783, 0.2074454426765442, 0.2074454426765442, 0.11304738372564316, 0.4547810465097427, 0.10980146378278732, 0.5588139732216679, 0.06412771344184875, 0.0699814548715949]
[0.4642857142857143, 0.5, 0.3333333333333333, 0.42424242424242425, 0.6153846153846154, 0.5869565217391305, 0.0, 0.0, 0.5514230981155746, 0.5513926404839948, 0.4646630415952912, 0.5323622286610982, 0.18230011952774866, 0.18230011952774866, 0.8854863904416561, 0.0, 0.0, 0.0, 0.12788560912013053, 0.47955358028411865, 0.4794780984520912, 0.19317644834518433, 0.19317644834518433, 0.1105869933962822, 0.4557652026414871, 0.10662991553544998, 0.5675602617651917, 0.05892764776945114, 0.05805884022265673]
[0.4642857142857143, 0.5, 0.3333333333333333, 0.42424242424242425, 0.6153846153846154, 0.5869565217391305, 0.0, 0.0, 0.5690304241490409, 0.5690007813801957, 0.4595069492068391, 0.5376192628830792, 0.17425539770296644, 0.17425539770296644, 0.894818153232336, 0.0, 0.0, 0.0, 0.12430809065699576, 0.4809111896902323, 0.48099496588110924, 0.18710578978061676, 0.18710578978061676, 0.10888601839542389, 0.45644559264183043, 0.10513592511415482, 0.5864640654519547, 0.05534066632390022, 0.047078332863748074]
[0.4642857142857143, 0.5, 0.3333333333333333, 0.42424242424242425, 0.6153846153846154, 0.5869565217391305, 0.0, 0.0, 0.5776569485436434, 0.5776277901337662, 0.4592310839811657, 0.5380998224824104, 0.16013052314519882, 0.16013052314519882, 0.8963397108018398, 0.0, 0.0, 0.0, 0.1109910562634468, 0.4824130404740572, 0.48268260434269905, 0.16994284093379974, 0.16994284093379974, 0.1073279082775116, 0.45706883668899534, 0.10280488431453705, 0.596200744079989, 0.05304313078522682, 0.04396861419081688]
[0.4642857142857143, 0.5, 0.3333333333333333, 0.42424242424242425, 0.6153846153846154, 0.5869565217391305, 0.0, 0.0, 0.5747877028886492, 0.574758345036844, 0.460280427741275, 0.5369020397936131, 0.15598375350236893, 0.15598375350236893, 0.8951269462704659, 0.0, 0.0, 0.0, 0.10651293620467185, 0.4836928229779005, 0.4841200429946184, 0.16554799675941467, 0.16554799675941467, 0.10807197540998459, 0.45677120983600616, 0.10197779536247253, 0.5935506799886393, 0.0507047064602375, 0.03739679930731654]
[0.4642857142857143, 0.5, 0.3333333333333333, 0.42424242424242425, 0.6153846153846154, 0.5869565217391305, 0.0, 0.0, 0.5579659615146498, 0.5579369854516782, 0.641656410169875, 0.3603861294963797, 0.15269391238689423, 0.15269391238689423, 0.8947708383202553, 0.0, 0.0, 0.0, 0.10459631606936454, 0.48436014726758003, 0.48509973753243685, 0.16364668309688568, 0.16364668309688568, 0.10609785467386246, 0.457560858130455, 0.0983525812625885, 0.5972188295320023, 0.049475833773612976, 0.030012018978595734]
[0.4642857142857143, 0.5, 0.3333333333333333, 0.42424242424242425, 0.6153846153846154, 0.5869565217391305, 0.0, 0.0, 0.5566263784641974, 0.5565972998310913, 0.6578398462007424, 0.3446530561323553, 0.15487969986030034, 0.15487969986030034, 0.8949939906597137, 0.0, 0.0, 0.0, 0.10052894577383995, 0.48523715883493423, 0.48605027608573437, 0.15757425129413605, 0.15757425129413605, 0.09882374852895737, 0.46047050058841704, 0.09047062695026398, 0.5982741956100908, 0.049234360456466675, 0.024224829394370317]
[0.4642857142857143, 0.5, 0.3333333333333333, 0.42424242424242425, 0.6153846153846154, 0.5869565217391305, 0.0, 0.0, 0.5539694472890967, 0.5539403230692643, 0.6653327540731339, 0.3375129895223436, 0.15401575714349747, 0.15401575714349747, 0.895901046693325, 0.0, 0.0, 0.0, 0.09823675379157065, 0.48588973097503185, 0.4867868088185787, 0.15454576909542084, 0.15454576909542084, 0.09179742634296417, 0.46328102946281435, 0.08329521119594574, 0.6023999736752621, 0.049590904265642166, 0.02035438548773527]
[0.4642857142857143, 0.5, 0.3333333333333333, 0.42424242424242425, 0.6153846153846154, 0.5869565217391305, 0.0, 0.0, 0.5519892567658288, 0.5519600641659067, 0.6503265952516925, 0.35200446280598363, 0.1517966017127037, 0.1517966017127037, 0.8962433077394962, 0.0, 0.0, 0.0, 0.09943067505955695, 0.48566180001944304, 0.486596648581326, 0.1568465679883957, 0.1568465679883957, 0.08874619007110596, 0.46450152397155764, 0.08013634383678436, 0.6047864223635474, 0.049097128212451935, 0.01872054999694228]
[0.4642857142857143, 0.5, 0.3333333333333333, 0.42424242424242425, 0.6153846153846154, 0.5869565217391305, 0.0, 0.0, 0.5702676137136455, 0.5702391903897317, 0.6052060729003089, 0.39587332180712875, 0.14916020312479564, 0.14916020312479564, 0.8974880389869213, 0.0, 0.0, 0.0, 0.10269430950284003, 0.4854866974055767, 0.48637179005891085, 0.15997731685638428, 0.15997731685638428, 0.08395536243915558, 0.46641785502433775, 0.07556069642305374, 0.6159009715152342, 0.050911035388708115, 0.016222886042669415]
[0.4642857142857143, 0.5, 0.3333333333333333, 0.42424242424242425, 0.6153846153846154, 0.5869565217391305, 0.0, 0.0, 0.5680407876038415, 0.5680120109827979, 0.5643128133868625, 0.43534260584286427, 0.15035775623151235, 0.15035775623151235, 0.89706189930439, 0.0, 0.0, 0.0, 0.10263421759009361, 0.4856741074472666, 0.48649674374610186, 0.1597832441329956, 0.1597832441329956, 0.0821719616651535, 0.4671312153339386, 0.07417994737625122, 0.6182823416798614, 0.053160421550273895, 0.013324337778612971]
[0.4642857142857143, 0.5, 0.3333333333333333, 0.42424242424242425, 0.6153846153846154, 0.5869565217391305, 0.0, 0.0, 0.5682351523102127, 0.5682063870858508, 0.5531854011816458, 0.44637899275213033, 0.15419714684997288, 0.15419714684997288, 0.8970313929021358, 0.0, 0.0, 0.0, 0.11941035985946655, 0.48514806292951107, 0.4859493440017104, 0.18499988317489624, 0.18499988317489624, 0.08324785530567169, 0.4667008578777313, 0.07591409236192703, 0.6188670372547106, 0.055158279836177826, 0.009900069562718272]
[0.4642857142857143, 0.5, 0.3333333333333333, 0.42424242424242425, 0.6153846153846154, 0.5869565217391305, 0.0, 0.0, 0.5657737938897331, 0.5657449545869407, 0.5462357560261714, 0.4532808117332645, 0.15487514968429295, 0.15487514968429295, 0.8964603282511234, 0.0, 0.0, 0.0, 0.11917775273323059, 0.4847529912367463, 0.48551623709499836, 0.18451428413391113, 0.18451428413391113, 0.08583512157201767, 0.46566595137119293, 0.07899291813373566, 0.6174850394559461, 0.05511173978447914, 0.006520898314192891]
[0.4642857142857143, 0.5, 0.3333333333333333, 0.42424242424242425, 0.6153846153846154, 0.5869565217391305, 0.0, 0.0, 0.5689431483613373, 0.568914451517065, 0.5345367831436215, 0.4648329041833353, 0.15630048300538746, 0.15630048300538746, 0.8959727697074413, 0.0, 0.0, 0.0, 0.11636594459414482, 0.48465775419026613, 0.48538748174905777, 0.17938119173049927, 0.17938119173049927, 0.08665131032466888, 0.46533947587013247, 0.0806189700961113, 0.6172800323990888, 0.056253582239151, 0.0006583984941244125]
[0.4642857142857143, 0.5, 0.3333333333333333, 0.42424242424242425, 0.6153846153846154, 0.5869565217391305, 0.0, 0.0, 0.5602554750716026, 0.5602251940885876, 0.40327145127903663, 0.5938027705740012, 0.15787547188145776, 0.15787547188145776, 0.8944296799600124, 0.0, 0.0, 0.0, 0.11631664335727691, 0.48429777286946774, 0.48491495195776224, 0.17779754102230072, 0.17779754102230072, 0.08704011142253876, 0.4651839554309845, 0.0826554149389267, 0.6171432605316473, 0.0583551786839962, 0.0]
[0.4642857142857143, 0.5, 0.3333333333333333, 0.42424242424242425, 0.6153846153846154, 0.5869565217391305, 0.0, 0.0, 0.5618360466528577, 0.5618059024300219, 0.40461694920724023, 0.5925417647940201, 0.15907712280750275, 0.15907712280750275, 0.8934793584048748, 0.0, 0.0, 0.0, 0.1174495443701744, 0.48380969651043415, 0.484329042956233, 0.17857688665390015, 0.17857688665390015, 0.08699555695056915, 0.46520177721977235, 0.08361243456602097, 0.6173266747663188, 0.06014079600572586, 0.0]
[0.4642857142857143, 0.5, 0.3333333333333333, 0.42424242424242425, 0.6153846153846154, 0.5869565217391305, 0.0, 0.0, 0.5626896011213955, 0.562659422708515, 0.40252061510177234, 0.5945686959577058, 0.15897735953330994, 0.15897735953330994, 0.8941566124558449, 0.0, 0.0, 0.0, 0.1165746547281742, 0.4839338269084692, 0.48437687288969755, 0.17631782591342926, 0.17631782591342926, 0.08823999762535095, 0.46470400094985964, 0.0852009728550911, 0.6163894818272702, 0.06078988313674927, 0.0015228356642182916]
[0.4642857142857143, 0.5, 0.3333333333333333, 0.42424242424242425, 0.6153846153846154, 0.5869565217391305, 0.0, 0.0, 0.5659895615641519, 0.5659595427048137, 0.40489446980091626, 0.5921689992830306, 0.15830255512680327, 0.15830255512680327, 0.8962484076619148, 0.0, 0.0, 0.0, 0.10474833473563194, 0.48455711640417576, 0.48493221029639244, 0.15731845796108246, 0.15731845796108246, 0.08713266998529434, 0.46514693200588225, 0.08423690497875214, 0.6180410468301107, 0.0606536827981472, 0.0024430928169749677]
[0.4642857142857143, 0.5, 0.3333333333333333, 0.42424242424242425, 0.6153846153846154, 0.5869565217391305, 0.0, 0.0, 0.5681650855117273, 0.5681352376026132, 0.41008431916027177, 0.5870728334956091, 0.1566953052367483, 0.1566953052367483, 0.8981299437582493, 0.0, 0.0, 0.0, 0.10382698625326156, 0.4850033298134804, 0.48533004242926836, 0.15667377412319183, 0.15667377412319183, 0.08592306822538376, 0.4656307727098465, 0.08314264565706253, 0.6194159388542175, 0.059970881789922714, 0.003320876567158848]
[0.4642857142857143, 0.5, 0.3333333333333333, 0.42424242424242425, 0.6153846153846154, 0.5869565217391305, 0.0, 0.0, 0.5684700094263139, 0.5684402298972894, 0.4104601247360784, 0.5867651031481782, 0.1562387709106718, 0.1562387709106718, 0.8985335566103458, 0.0, 0.0, 0.0, 0.10504294782876968, 0.48502093087881804, 0.4853376289829612, 0.15884491801261902, 0.15884491801261902, 0.08674582093954086, 0.4653016716241837, 0.08386924117803574, 0.6104252158209336, 0.05966226011514664, 0.00483462936244905]

程序已被终止，正在关闭套接字...
套接字已关闭。
