face_1,face_2,face_3,face_4,face_5,face_6,face_7,face_8,face_9,face_10,face_11,face_12,face_13,face_14,face_15,face_16,face_17,face_18,face_19,face_20,face_21,face_22,face_23,face_24,face_25,face_26,face_27,face_28,face_29,neck_1,neck_2,neck_3
0.4642857142857143,0.5,0.3333333333333333,0.42424242424242425,0.6153846153846154,0.5869565217391305,0.0,0.0,0.46185113264543376,0.46185550042365753,0.4591590854451488,0.5359503641702427,0.2092674268143518,0.2092674268143518,0.8638296499848366,0.0,0.0,0.0,0.051933400332927704,0.4647454619407654,0.4424149692058563,0.0,-0.0,0.0,0.5,0.05423218011856079,0.6016517517178558,0.05294230952858925,0.10089270770549774,-0.16986007,0.03534373,-0.05791467
0.4642857142857143,0.5,0.3333333333333333,0.42424242424242425,0.6153846153846154,0.5869565217391305,0.0,0.0,0.48835142965412504,0.48835442626909364,0.46921501013790445,0.5270508621841675,0.059126594236918864,0.059126594236918864,0.9574398454278708,0.0,0.0,0.0,0.01695472365245223,0.49608814576640725,0.49381839437410235,0.0,-0.0,0.0,0.5,0.0,0.6976744186046512,0.014416883699595928,0.0,-0.16832966,0.03500659,-0.03042579
0.4642857142857143,0.5,0.3333333333333333,0.42424242424242425,0.6153846153846154,0.5869565217391305,0.22266392409801483,0.22064878046512604,0.3934643788273886,0.3934661339163552,0.46488964181557213,0.5296937725917281,0.07705045597893852,0.07705045597893852,0.8997137509286404,0.0,0.0,0.0,0.06611722745001315,0.48492558021098375,0.48705796245485544,0.0,-0.0,0.0,0.5,0.0,0.6976744186046512,0.021005867049098015,0.0,-0.14782703,0.04461898,-0.02904258
0.4642857142857143,0.5,0.3333333333333333,0.42424242424242425,0.6153846153846154,0.5869565217391305,0.0320684015750885,0.03153517097234726,0.4427216572697714,0.4427253668896327,0.45850146557587285,0.535741471544,0.060185984309230535,0.060185984309230535,0.9231562614440918,0.0,0.0,0.0,0.04603698439896106,0.48618016857653856,0.48788151051849127,0.0,-0.0,0.0,0.5,0.0,0.6976744186046512,0.020209861919283867,0.0,-0.17565742,0.02218645,-0.02257239
0.4642857142857143,0.5,0.3333333333333333,0.42424242424242425,0.6153846153846154,0.5869565217391305,0.009767740964889526,0.009783060289919376,0.4539593380678224,0.45396348076158455,0.4585756750681204,0.5355463632041542,0.05682440474629403,0.05682440474629403,0.9267915524542332,0.0,0.0,0.0,0.04008167870342731,0.4874744424596429,0.48890337627381086,0.0,-0.0,0.0,0.5,0.0,0.6976744186046512,0.019305096939206123,0.0,-0.22496759,-0.02800757,-0.03169884
0.4642857142857143,0.5,0.3333333333333333,0.42424242424242425,0.6153846153846154,0.5869565217391305,0.0,0.0,0.46671395707540714,0.4667185926756485,0.4593923926125521,0.534679327885867,0.05276731880647796,0.05276731880647796,0.9309803992509842,0.0,0.0,0.0,0.035347815975546835,0.48952205292880535,0.49054180458188057,0.0,-0.0,0.0,0.5,0.0,0.6976744186046512,0.018371853977441788,0.0,-0.22395575,-0.02017424,-0.02149648
0.4642857142857143,0.5,0.3333333333333333,0.42424242424242425,0.6153846153846154,0.5869565217391305,0.36029136180877686,0.3580842912197113,0.37500810258475137,0.37500912828609545,0.4553680106513131,0.5397628091666662,0.08989784334387099,0.08989784334387099,0.8646734356880188,0.0,0.0,0.0,0.09769737124443054,0.47520922869443893,0.4771423824131489,0.14551743865013123,0.14551743865013123,0.07425514608621597,0.47029794156551363,0.0,0.6976744186046512,0.02315083146095276,0.00038507976569235325,-0.21825698,0.00583941,0.02240875
0.4642857142857143,0.5,0.3333333333333333,0.42424242424242425,0.6153846153846154,0.5869565217391305,0.010390330106019974,0.01058278139680624,0.48689508688837346,0.48690048891545257,0.43760949339055194,0.5567930105381903,0.09603763265269144,0.09603763265269144,0.8843240067362785,0.0,0.0,0.0,0.08408662602305411,0.47718108631670475,0.4785604942589998,0.1266632229089737,0.1266632229089737,0.07957274466753006,0.46817090213298795,0.0,0.6976744186046512,0.02852114476263523,0.008459077216684818,-0.20432629,0.03829414,0.06661175
0.4642857142857143,0.5,0.3333333333333333,0.42424242424242425,0.6153846153846154,0.5869565217391305,0.0,0.0,0.5003614336480147,0.5003673781526861,0.4298665537205071,0.5643782503182705,0.09253982454538345,0.09253982454538345,0.9006644636392593,0.0,0.0,0.0,0.07621748782694339,0.4800325632095337,0.48157167434692383,0.11700019985437393,0.11700019985437393,0.07999811321496964,0.46800075471401215,0.0,0.6976744186046512,0.030288273468613625,0.013296082615852356,-0.19640558,0.06676333,0.06584575
0.4642857142857143,0.5,0.3333333333333333,0.42424242424242425,0.6153846153846154,0.5869565217391305,0.1556398868560791,0.15500661730766296,0.4616054002459145,0.46160981646003507,0.4473348630317994,0.5471185408809622,0.08761617754186904,0.08761617754186904,0.899830736219883,0.0,0.0,0.0,0.08460290171205997,0.482406759634614,0.48401249200105667,0.12691552937030792,0.12691552937030792,0.07978884130716324,0.4680844634771347,0.0,0.6976744186046512,0.030984114855527878,0.015581022016704082,-0.18378212,0.08879196,0.06137766
0.4642857142857143,0.5,0.3333333333333333,0.42424242424242425,0.6153846153846154,0.5869565217391305,0.2045080065727234,0.20406579971313477,0.420483654361382,0.4204864693417376,0.5010428306456107,0.49337432621035426,0.10024645498820714,0.10024645498820714,0.86224465072155,0.0,0.0,0.0,0.10241523310542106,0.47698111087083817,0.47897070087492466,0.1516190469264984,0.1516190469264984,0.08190981298685074,0.4672360748052597,0.0,0.6976744186046512,0.03284444287419319,0.024427147582173347,-0.17033077,0.10108543,0.03895507
0.4642857142857143,0.5,0.3333333333333333,0.42424242424242425,0.6153846153846154,0.5869565217391305,0.030886180698871613,0.03017536550760269,0.472947414814856,0.47295232108628543,0.5350564917688388,0.45920059005748654,0.0979183933564595,0.0979183933564595,0.8769004680216312,0.0,0.0,0.0,0.09475867226719856,0.4780039209872484,0.47975018061697483,0.14188291132450104,0.14188291132450104,0.0,0.5,0.0,0.6976744186046512,0.03237125277519226,0.030700592324137688,-0.15685604,0.10927498,-0.00371243
0.4642857142857143,0.5,0.3333333333333333,0.42424242424242425,0.6153846153846154,0.5869565217391305,0.0,0.0,0.4808684404561898,0.48087366868387443,0.539145729395901,0.4550293476079613,0.09311773415122714,0.09311773415122714,0.8931979611515999,0.0,0.0,0.0,0.08496890328824519,0.47998725064098835,0.481526305899024,0.1276184767484665,0.1276184767484665,0.0,0.5,0.0,0.6976744186046512,0.031804464757442474,0.03254897193983197,-0.16787929,0.08190577,-0.11713886
0.4642857142857143,0.5,0.3333333333333333,0.42424242424242425,0.6153846153846154,0.5869565217391305,0.0,0.0,0.48129065901781815,0.4812958972175992,0.541733516903726,0.45245178292353294,0.08740095155579704,0.08740095155579704,0.8969340845942497,0.0,0.0,0.0,0.07178511470556259,0.48208718560636044,0.48328414373099804,0.10821451991796494,-0.0,0.0,0.5,0.0,0.6976744186046512,0.029783887788653374,0.031849960796535015,-0.1461108,0.06033254,-0.18268727
0.4642857142857143,0.5,0.3333333333333333,0.42424242424242425,0.6153846153846154,0.5869565217391305,0.0,0.0,0.47975341049708553,0.4797585959872142,0.5419344432495292,0.45223426585848836,0.08535582838313921,0.08535582838313921,0.8982478566467762,0.0,0.0,0.0,0.08035723231732844,0.48230777122080326,0.48351619206368923,0.12117236852645874,0.12117236852645874,0.0,0.5,0.0,0.6976744186046512,0.029023809358477592,0.030699970666319132,-0.14449498,0.04189531,-0.18771553
0.4642857142857143,0.5,0.3333333333333333,0.42424242424242425,0.6153846153846154,0.5869565217391305,0.0,0.0,0.5204349225155482,0.5204415853005294,0.5453061258587737,0.44986877062529906,0.08601292169519834,0.08601292169519834,0.9102902114391327,0.0,0.0,0.0,0.07632716260850429,0.48310298286378384,0.4843312092125416,0.11489292234182358,0.11489292234182358,0.0,0.5,0.0,0.6976744186046512,0.028560349717736244,0.02650074427947402,-0.12936418,-0.0166237,-0.07931703
0.4642857142857143,0.5,0.3333333333333333,0.42424242424242425,0.6153846153846154,0.5869565217391305,0.0,0.0,0.5144540437320906,0.5144604700359287,0.5301332421330147,0.46491624241754564,0.0817528846008437,0.0817528846008437,0.919211495667696,0.0,0.0,0.0,0.05905352532863616,0.48524682130664587,0.48616747558116913,0.0,-0.0,0.0,0.5,0.0,0.6976744186046512,0.026709238067269325,0.01999002182856202,-0.06342981,-0.06117577,0.20784171
0.4642857142857143,0.5,0.3333333333333333,0.42424242424242425,0.6153846153846154,0.5869565217391305,0.0,0.0,0.5055309962018271,0.505534972575267,0.4923245194252317,0.5024085953809513,0.07711787575057576,0.07711787575057576,0.92420369759202,0.0,0.0,0.0,0.055287582054734226,0.486538078635931,0.4874026393517852,0.0,-0.0,0.0,0.5,0.0,0.6976744186046512,0.02520592138171196,0.01618863781914115,-0.0661699,-0.05555258,0.20157854
0.4642857142857143,0.5,0.3333333333333333,0.42424242424242425,0.6153846153846154,0.5869565217391305,0.17282137274742126,0.1718049794435501,0.4367105231458325,0.43671205599950785,0.42790818214416504,0.5670997322979616,0.09632299521139691,0.09632299521139691,0.8999511636793613,0.0,0.0,0.0,0.07758668065071106,0.4819619581103325,0.4833403080701828,0.11346667259931564,0.11346667259931564,0.0,0.5,0.0,0.6976744186046512,0.027891160920262337,0.012182187056168914,-0.09302187,0.03912534,-0.18947664
0.4642857142857143,0.5,0.3333333333333333,0.42424242424242425,0.6153846153846154,0.5869565217391305,0.0,0.0,0.4839142264075307,0.48391743314881625,0.37038094728444315,0.6254078286049193,0.09668019201074328,0.09668019201074328,0.9010122269392014,0.0,0.0,0.0,0.07206492908298968,0.481414882466197,0.48246967047452927,0.10460405796766281,0.10460405796766281,0.0,0.5,0.0,0.6976744186046512,0.027382241562008858,0.012111430987715721,-0.08752986,0.05204223,-0.2346306
0.4642857142857143,0.5,0.3333333333333333,0.42424242424242425,0.6153846153846154,0.5869565217391305,0.0,0.0,0.49604123051547183,0.4960448514549044,0.3511519418391853,0.645339331202429,0.10620752615588053,0.10620752615588053,0.8929133377969265,0.0,0.0,0.0,0.07315322272479534,0.4796110615134239,0.48035634867846966,0.10681410133838654,0.10681410133838654,0.0629911869764328,0.47480352520942687,0.0,0.6976744186046512,0.02692410536110401,0.0050557253416627645,-0.12072633,0.05187254,-0.26086187
0.4642857142857143,0.5,0.3333333333333333,0.42424242424242425,0.6153846153846154,0.5869565217391305,0.0,0.0,0.49608420953866855,0.49608783154654,0.3524389235057065,0.6440247182813652,0.10644626936742238,0.10644626936742238,0.8948208801448345,0.0,0.0,0.0,0.07285993956029414,0.48002469912171364,0.48064760491251945,0.10664918273687363,0.10664918273687363,0.060503821820020676,0.4757984712719917,0.0,0.6976744186046512,0.027104847133159637,9.128591045737267e-05,-0.17410414,0.02478953,-0.22218685
0.4642857142857143,0.5,0.3333333333333333,0.42424242424242425,0.6153846153846154,0.5869565217391305,0.42151743173599243,0.4189985394477844,0.35596274326681865,0.3559614440451161,0.3985235253437983,0.5983397439327973,0.12185804013695037,0.12185804013695037,0.8594929501414299,0.0,0.0,0.0,0.08531914390623568,0.47646968998014927,0.4775342047214508,0.1235310360789299,0.1235310360789299,0.059925004839897156,0.4760299980640411,0.0,0.6976744186046512,0.02827179804444313,0.0,-0.27860772,-0.035778,-0.10399917
0.4642857142857143,0.5,0.3333333333333333,0.42424242424242425,0.6153846153846154,0.5869565217391305,0.17859052121639252,0.1777796745300293,0.3915343735915525,0.3915343280048261,0.47927761328607854,0.5158555542483106,0.1107973126428468,0.1107973126428468,0.8698239549994469,0.0,0.0,0.0,0.103159711509943,0.4747386146336794,0.4760031756013632,0.15165100991725922,0.15165100991725922,0.061989933252334595,0.47520402669906614,0.0,0.6976744186046512,0.02853514440357685,0.0,-0.23878005,-0.08668777,0.04813728
0.4642857142857143,0.5,0.3333333333333333,0.42424242424242425,0.6153846153846154,0.5869565217391305,0.0,0.0,0.43698123422225166,0.43698280696431263,0.6476084297063474,0.3500900710239415,0.10978783879961287,0.10978783879961287,0.8875772133469582,0.0,0.0,0.0,0.08522780649363994,0.4758147392421961,0.4781336132436991,0.12526178359985352,0.12526178359985352,0.0,0.5,0.0,0.6976744186046512,0.026376301422715187,0.048401751555502415,-0.20804174,-0.08471879,0.06357511
0.4642857142857143,0.5,0.3333333333333333,0.42424242424242425,0.6153846153846154,0.5869565217391305,0.0,0.0,0.4363897350504567,0.4363912622057913,0.6505119394845762,0.3472344956885282,0.11358809790440969,0.11358809790440969,0.8818985335528851,0.0,0.0,0.0,0.0872410837560892,0.4756679702550173,0.47813585586845875,0.12791651487350464,0.12791651487350464,0.0,0.5,0.0,0.6976744186046512,0.026381095871329308,0.05076133646070957,-0.20482408,-0.03998401,-0.0166555
0.4642857142857143,0.5,0.3333333333333333,0.42424242424242425,0.6153846153846154,0.5869565217391305,0.0,0.0,0.44161627032788714,0.44161797983012735,0.5988536651458156,0.3976658032860806,0.0982076781136649,0.0982076781136649,0.8906064629554749,0.0,0.0,0.0,0.07242062762379646,0.4769986253231764,0.4794187881052494,0.10768073797225952,-0.0,0.0,0.5,0.0,0.6976744186046512,0.023686563596129417,0.04972678143531084,-0.19307937,-0.00964845,-0.07421634
0.4642857142857143,0.5,0.3333333333333333,0.42424242424242425,0.6153846153846154,0.5869565217391305,0.0,0.0,0.43439799399038576,0.43439944706728995,0.49446943865280535,0.499984139415497,0.08101857932550567,0.08101857932550567,0.9032881259918213,0.0,0.0,0.0,0.061115806549787516,0.48184317722916603,0.483012180775404,0.0,-0.0,0.0,0.5,0.0,0.6976744186046512,0.021331219002604485,0.03482263535261154,-0.15251465,0.01634415,-0.08782528
0.4642857142857143,0.5,0.3333333333333333,0.42424242424242425,0.6153846153846154,0.5869565217391305,0.00851567555218935,0.0,0.4441594398272425,0.4441618331303788,0.38800128832829844,0.6070400589915985,0.07613376315150942,0.07613376315150942,0.910062063485384,0.0,0.0,0.0,0.060941325128078455,0.4838891513645649,0.4846903244033456,0.0,-0.0,0.0,0.5,0.0,0.6976744186046512,0.0211187656968832,0.020681270398199558,-0.1185357,0.00902869,0.04122159
0.4642857142857143,0.5,0.3333333333333333,0.42424242424242425,0.6153846153846154,0.5869565217391305,0.0,0.0,0.45121597445945666,0.4512186925680186,0.2784112881064187,0.7201510013124861,0.1001339139682906,0.1001339139682906,0.9011484868824482,0.0,0.0,0.0,0.07660592347383499,0.48319267854094505,0.4836986046284437,0.1121024489402771,0.1121024489402771,0.05843261256814003,0.476626954972744,0.0,0.6976744186046512,0.025670355185866356,0.0,-0.08268463,-0.02304279,0.13287356
0.4642857142857143,0.5,0.3333333333333333,0.42424242424242425,0.6153846153846154,0.5869565217391305,0.0,0.0,0.4563597384875865,0.45636269022812126,0.2609170399478015,0.7384501856959295,0.10586553386279515,0.10586553386279515,0.891645509749651,0.0,0.0,0.0,0.0682016871869564,0.4827408939599991,0.4830355569720268,0.10014782845973969,-0.0,0.06094466894865036,0.47562213242053986,0.0,0.6976744186046512,0.02656468376517296,0.0,-0.07033523,-0.03343882,0.15298645
0.4642857142857143,0.5,0.3333333333333333,0.42424242424242425,0.6153846153846154,0.5869565217391305,0.0,0.0,0.48211262188495685,0.4821167389361854,0.2675243572796736,0.7315999139056785,0.12301509933812278,0.12301509933812278,0.8851530663669109,0.0,0.0,0.0,0.07133329100906849,0.4816383719444275,0.48180923238396645,0.10592235624790192,-0.0,0.06560064107179642,0.4737597435712814,0.0,0.6976744186046512,0.029368821531534195,0.0,-0.07434178,-0.04078111,0.16186644
0.4642857142857143,0.5,0.3333333333333333,0.42424242424242425,0.6153846153846154,0.5869565217391305,0.3956957459449768,0.39225059747695923,0.3899854164050596,0.38998529104156204,0.3203139118209168,0.6775893075009782,0.16106074409825463,0.16106074409825463,0.8580732047557831,0.0,0.0,0.0,0.08962815701961517,0.4795830063521862,0.4801519587635994,0.13114546239376068,0.13114546239376068,0.06840575486421585,0.47263769805431366,0.0,0.6976744186046512,0.03529829531908035,0.0,-0.09386039,-0.02773908,0.06918468
0.4642857142857143,0.5,0.3333333333333333,0.42424242424242425,0.6153846153846154,0.5869565217391305,0.20242397487163544,0.20078234374523163,0.43600555861201384,0.4360075758246573,0.34919376400643054,0.6474936402272033,0.16471493989229202,0.16471493989229202,0.8517460003495216,0.0,0.0,0.0,0.09065088778734207,0.47916093841195107,0.4797306191176176,0.13229046761989594,0.13229046761989594,0.07261636853218079,0.4709534525871277,0.07721754908561707,0.614854546133862,0.036719612777233124,0.0,-0.10164498,-0.02650287,-0.01636292
0.4642857142857143,0.5,0.3333333333333333,0.42424242424242425,0.6153846153846154,0.5869565217391305,0.0,0.0,0.5272308463804125,0.527237034778522,0.42435008686313663,0.5704947617217592,0.15702682414225172,0.15702682414225172,0.8675178810954094,0.0,0.0,0.0,0.09459539875388145,0.4792108740657568,0.4794396795332432,0.1409817785024643,0.1409817785024643,0.07647312432527542,0.4694107502698898,0.08016645908355713,0.5913383149823477,0.03940383344888687,0.0020396988838911057,-0.10632571,-0.01999873,-0.03750853
0.4642857142857143,0.5,0.3333333333333333,0.42424242424242425,0.6153846153846154,0.5869565217391305,0.0,0.0,0.5238350897058702,0.5238411669863342,0.4450322034026195,0.549337763979553,0.15218830002205713,0.15218830002205713,0.8695468977093697,0.0,0.0,0.0,0.09812560826539993,0.4792894162237644,0.4794928152114153,0.14768798649311066,0.14768798649311066,0.07584165781736374,0.4696633368730545,0.07869775593280792,0.609005350013112,0.039992805570364,0.01790398615412414,-0.12757118,-0.018715,0.01422275
0.4642857142857143,0.5,0.3333333333333333,0.42424242424242425,0.6153846153846154,0.5869565217391305,0.0,0.0,0.5070419390445458,0.5070472669931945,0.49765061308588854,0.4964957120490981,0.1256760475890977,0.1256760475890977,0.8738364204764366,0.0,0.0,0.0,0.10509218648076057,0.4785193707793951,0.4790969341993332,0.16087673604488373,0.16087673604488373,0.07893788069486618,0.4684248477220535,0.0,0.6976744186046512,0.0386996753513813,0.04982504993677139,-0.11037292,-0.00955658,0.05915625
0.4642857142857143,0.5,0.3333333333333333,0.42424242424242425,0.6153846153846154,0.5869565217391305,0.16051563620567322,0.15968123078346252,0.4529083674314145,0.4529074699427384,0.4936117589416741,0.5007736103433902,0.11533264070749284,0.11533264070749284,0.87449586763978,0.0,0.0,0.0,0.09780064150691031,0.47825330309569836,0.47930234484374523,0.14907792210578918,0.14907792210578918,0.08169060200452805,0.4673237591981888,0.0,0.6976744186046512,0.036499425768852234,0.05609220825135708,-0.1092389,-0.00322966,0.07839776
0.4642857142857143,0.5,0.3333333333333333,0.42424242424242425,0.6153846153846154,0.5869565217391305,0.24923919141292572,0.24770206212997437,0.4212130989672805,0.42121088801104983,0.43516969179332143,0.5597819839427115,0.11716791029487338,0.11716791029487338,0.8622290641069412,0.0,0.0,0.0,0.10142695531249046,0.47392453253269196,0.475717531517148,0.1504863202571869,0.1504863202571869,0.0786958858370781,0.46852164566516874,0.0,0.6976744186046512,0.036184463649988174,0.03442260669544339,-0.12945598,0.01471993,0.03390547
0.4642857142857143,0.5,0.3333333333333333,0.42424242424242425,0.6153846153846154,0.5869565217391305,0.023947224020957947,0.023646928369998932,0.47479423852085384,0.47479424991753544,0.3985750725346815,0.5964890966401223,0.09493797219225339,0.09493797219225339,0.901355043053627,0.0,0.0,0.0,0.06587194167077541,0.4798370450735092,0.4803791232407093,0.0,-0.0,0.0,0.5,0.0,0.6976744186046512,0.034381866455078125,0.019447478698566556,-0.12894032,0.02176596,0.01683705
0.4642857142857143,0.5,0.3333333333333333,0.42424242424242425,0.6153846153846154,0.5869565217391305,0.013755693100392818,0.01366940513253212,0.47579756532982703,0.475797622313235,0.390736765432996,0.6045040010215625,0.08953735764537539,0.08953735764537539,0.9031740128993988,0.0,0.0,0.0,0.05942360274493694,0.4817737229168415,0.48215826228260994,0.0,-0.0,0.0,0.5,0.0,0.6976744186046512,0.03264555707573891,0.016536572948098183,-0.11555556,0.00950238,-0.00468254
0.4642857142857143,0.5,0.3333333333333333,0.42424242424242425,0.6153846153846154,0.5869565217391305,0.0,0.0,0.4702217046662909,0.47022152516855564,0.413842825087261,0.580803171347883,0.07224387356213162,0.07224387356213162,0.9179136194288731,0.0,0.0,0.0,0.04727719500660896,0.48582210298627615,0.4861112618818879,0.0,-0.0,0.0,0.5,0.0,0.6976744186046512,0.028653785586357117,0.006187200779095292,-0.11569594,0.00121426,-0.02328295
0.4642857142857143,0.5,0.3333333333333333,0.42424242424242425,0.6153846153846154,0.5869565217391305,0.10485672950744629,0.10436027497053146,0.42319954057040676,0.4231974150892881,0.4415148227666122,0.5537625462677871,0.18363699316978455,0.18363699316978455,0.7013521790504456,0.0,0.0,0.0,0.12834716737270355,0.42564819008111954,0.4233151078224182,0.18558800220489502,0.18558800220489502,0.053897835314273834,0.47844086587429047,0.05451058968901634,0.6018249829148138,0.03013000637292862,0.005090623744763434,-0.10478348,-0.0138053,-0.06578157
0.4642857142857143,0.5,0.3333333333333333,0.42424242424242425,0.6153846153846154,0.5869565217391305,0.19783399999141693,0.1974138617515564,0.36578354871979635,0.36577916099737984,0.5342376259499253,0.4622862586960915,0.46904542616435463,0.46904542616435463,0.07926943898200989,0.0,0.0,0.0,0.6383701890707015,0.03969466686248779,0.034741997718811035,0.9090869426727295,0.9090869426727295,0.18304428458213806,0.42678228616714475,0.18316785991191864,0.4313045116358025,0.16716565191745758,0.009124319767579436,-0.10140584,-0.04330422,-0.09719511
0.4642857142857143,0.5,0.3333333333333333,0.42424242424242425,0.6153846153846154,0.5869565217391305,0.12211699038743973,0.12207111716270447,0.3677248138770547,0.3677205059314093,0.5838546805354423,0.41384933049040085,0.4908341382231031,0.4908341382231031,0.055040568113327026,0.0,0.0,0.0,0.6545872241258621,0.027939587831497192,0.022801846265792847,0.9293177127838135,0.9293177127838135,0.1940145045518875,0.422394198179245,0.1880689412355423,0.4335580038469891,0.17230139672756195,0.12088234536349773,-0.08923044,-0.05622498,0.00784382
0.4642857142857143,0.5,0.3333333333333333,0.42424242424242425,0.6153846153846154,0.5869565217391305,0.09764014929533005,0.09761004149913788,0.36328372080057114,0.36327925330138344,0.6103138376604302,0.3882759633478603,0.49850783177784513,0.49850783177784513,0.0508635938167572,0.0,0.0,0.0,0.6644021809101104,0.023078978061676025,0.01837119460105896,0.944454550743103,0.944454550743103,0.20730409026145935,0.41707836389541625,0.1902519166469574,0.42389923334121704,0.21825577318668365,0.17951538786292076,-0.08478846,-0.04914954,0.06903597
0.4642857142857143,0.5,0.3333333333333333,0.42424242424242425,0.6153846153846154,0.5869565217391305,0.08450919389724731,0.08448582887649536,0.37169064253739603,0.3716864827486115,0.6069545859816425,0.3914466113428262,0.558225235768727,0.558225235768727,0.05194023251533508,0.0,0.0,0.0,0.6670319348573684,0.021204233169555664,0.016593962907791138,0.9481644630432129,0.9481644630432129,0.233913853764534,0.4064344584941864,0.20408138632774353,0.4183674454689026,0.22296737134456635,0.25226764380931854,-0.07574868,-0.01394495,0.10113484
0.4642857142857143,0.5,0.3333333333333333,0.42424242424242425,0.6153846153846154,0.5869565217391305,0.09195291250944138,0.09175361692905426,0.3684865338852483,0.36847996939664585,0.5604677097747248,0.436726071815823,0.5787247206483569,0.5787247206483569,0.051914751529693604,0.0,0.0,0.0,0.668613663315773,0.019829541444778442,0.015472173690795898,0.9506532549858093,0.9506532549858093,0.2366843968629837,0.40532624125480654,0.2097218632698059,0.41611125469207766,0.20737630128860474,0.11610174551606178,-0.06639297,0.00134809,0.10766382
0.4642857142857143,0.5,0.3333333333333333,0.42424242424242425,0.6153846153846154,0.5869565217391305,0.37976232171058655,0.3780401945114136,0.30080816075633177,0.30079913458450347,0.5006228940913998,0.4978705507340846,0.5835329847676414,0.5835329847676414,0.04375806450843811,0.0,0.0,0.0,0.6690682381391525,0.019535064697265625,0.015572160482406616,0.9523212909698486,0.9523212909698486,0.2538546025753021,0.39845815896987913,0.2439413070678711,0.40242347717285154,0.2308807224035263,0.0,-0.06453596,0.01750078,0.11813068
0.4642857142857143,0.5,0.3333333333333333,0.42424242424242425,0.6153846153846154,0.5869565217391305,0.0,0.0,0.4304036394359961,0.43039973607254756,0.5316554142685739,0.4654917691400762,0.5976957295622145,0.5976957295622145,0.07876741886138916,0.0,0.0,0.0,0.6605437606573105,0.02779880166053772,0.0271608829498291,0.9480494856834412,0.9480494856834412,0.2997375726699829,0.38010497093200685,0.29254674911499023,0.3829813003540039,0.3479691445827484,0.0,-0.06189383,0.03962786,0.12019524
0.4642857142857143,0.5,0.3333333333333333,0.42424242424242425,0.6153846153846154,0.5869565217391305,0.0,0.0,0.42741883142956355,0.42741477990925425,0.5379904249886026,0.45890958718947605,0.5853545027119773,0.5853545027119773,0.09169068932533264,0.0,0.0,0.0,0.6502454817295074,0.03779923915863037,0.039387136697769165,0.9367983341217041,0.9367983341217041,0.3255469799041748,0.36978120803833003,0.32934555411338806,0.3682617783546448,0.4304225444793701,0.0,-0.06306499,0.04861891,0.11394448
0.4642857142857143,0.5,0.3333333333333333,0.42424242424242425,0.6153846153846154,0.5869565217391305,0.0,0.0,0.4306000327516924,0.43059611799156233,0.5392541602738273,0.4577641751018076,0.5190867611340114,0.5190867611340114,0.09565034508705139,0.0,0.0,0.0,0.6478922694921493,0.04266488552093506,0.04365548491477966,0.9332658648490906,0.9332658648490906,0.3460250794887543,0.3615899682044983,0.3427436351776123,0.3629025459289551,0.4746652841567993,0.0,-0.06372354,0.05403339,0.09485616
0.4642857142857143,0.5,0.3333333333333333,0.42424242424242425,0.6153846153846154,0.5869565217391305,0.0,0.0,0.4362225115413192,0.4362188646032067,0.5804746242143912,0.41771719327569645,0.48122173973492216,0.48122173973492216,0.09349074959754944,0.0,0.0,0.0,0.6473599225282669,0.044972360134124756,0.0440269410610199,0.9311293959617615,0.9311293959617615,0.3784274458885193,0.3486290216445923,0.3567475378513336,0.35730098485946654,0.49625906348228455,0.0,-0.07263348,0.05291262,0.04137224
0.4642857142857143,0.5,0.3333333333333333,0.42424242424242425,0.6153846153846154,0.5869565217391305,0.11924434453248978,0.11741509288549423,0.40724373615950515,0.40723875011130456,0.5301199934906531,0.4657821679839618,0.5943752825260162,0.5943752825260162,0.0873391330242157,0.0,0.0,0.0,0.6550920128822326,0.03820312023162842,0.03498151898384094,0.9360961318016052,0.9360961318016052,0.3651096522808075,0.353956139087677,0.3314761519432068,0.36740953922271724,0.45170319080352783,0.0,-0.07219882,0.04342097,0.00817346
0.4642857142857143,0.5,0.3333333333333333,0.42424242424242425,0.6153846153846154,0.5869565217391305,0.14790523052215576,0.1465010792016983,0.40040535680650524,0.400400045952879,0.5330366094527236,0.46225815447926244,0.5828405916690826,0.5828405916690826,0.083332359790802,0.0,0.0,0.0,0.6602130204439163,0.03602156043052673,0.031667739152908325,0.9418933391571045,0.9418933391571045,0.3597133755683899,0.35611464977264407,0.3252255618572235,0.36990977525711055,0.44954079389572144,0.0,-0.0784258,0.02404566,-0.02320551
0.4642857142857143,0.5,0.3333333333333333,0.42424242424242425,0.6153846153846154,0.5869565217391305,0.11013717204332352,0.10847222059965134,0.40711379689422666,0.4071087481642772,0.5261238126180368,0.4690265582072297,0.5283653097493308,0.5283653097493308,0.08173152804374695,0.0,0.0,0.0,0.6616312772035599,0.03780996799468994,0.031968384981155396,0.9438236355781555,0.9438236355781555,0.3619941473007202,0.35520234107971194,0.3266335427761078,0.3693465828895569,0.4655224680900574,0.0,-0.08603259,0.01321007,-0.03270105
0.4642857142857143,0.5,0.3333333333333333,0.42424242424242425,0.6153846153846154,0.5869565217391305,0.11567126959562302,0.11463099718093872,0.41412089841999467,0.4141161574004485,0.5050090780449643,0.48991853894006177,0.4653534931795938,0.4653534931795938,0.07275354862213135,0.0,0.0,0.0,0.6637537598609924,0.03791719675064087,0.03117939829826355,0.9467801451683044,0.9467801451683044,0.3582358658313751,0.35670565366744994,0.32676541805267334,0.3692938327789307,0.46205374598503113,0.0,-0.09774278,-0.00086133,-0.03671635
0.4642857142857143,0.5,0.3333333333333333,0.42424242424242425,0.6153846153846154,0.5869565217391305,0.11638256162405014,0.1154288798570633,0.4134138084050574,0.4134049018983859,0.49523694746295993,0.49985959078061604,0.455076630626406,0.455076630626406,0.06829032301902771,0.0,0.0,0.0,0.6641166895627975,0.038444966077804565,0.03130444884300232,0.9470937848091125,0.9470937848091125,0.35819190740585327,0.3567232370376587,0.33022475242614746,0.36791009902954097,0.47458213567733765,0.0,-0.09770402,-0.00984804,-0.03398175
0.4642857142857143,0.5,0.3333333333333333,0.42424242424242425,0.6153846153846154,0.5869565217391305,0.10562773793935776,0.10475275665521622,0.41351898268121606,0.41351012745961174,0.4817307831908275,0.5134960080829173,0.4501883472715106,0.4501883472715106,0.06312453746795654,0.0,0.0,0.0,0.6641606450080871,0.039152443408966064,0.03172162175178528,0.9470471739768982,0.9470471739768982,0.36760804057121277,0.35295678377151485,0.3542090952396393,0.3583163619041443,0.5005777478218079,0.0,-0.0938323,-0.00932498,-0.02463637
0.4642857142857143,0.5,0.3333333333333333,0.42424242424242425,0.6153846153846154,0.5869565217391305,0.09362880140542984,0.09279833734035492,0.4145055877091096,0.4144967723758909,0.4747794199856016,0.5204531892941007,0.43202949421746395,0.43202949421746395,0.06106221675872803,0.0,0.0,0.0,0.6636617392301559,0.040822386741638184,0.03311234712600708,0.9463510513305664,0.9463510513305664,0.3647449314594269,0.3541020274162292,0.3560825288295746,0.3740100319995437,0.5220074653625488,0.0,-0.09753963,-0.00046909,-0.01770461
0.4642857142857143,0.5,0.3333333333333333,0.42424242424242425,0.6153846153846154,0.5869565217391305,0.07780253887176514,0.07681756466627121,0.4155660888205067,0.4155573646607408,0.4590529168085204,0.5364868529845328,0.4239681363105774,0.4239681363105774,0.0582294762134552,0.0,0.0,0.0,0.6630767375230788,0.04196256399154663,0.034215062856674194,0.9457672834396362,0.9457672834396362,0.3611169457435608,0.35555322170257564,0.35638463497161865,0.3799561982931093,0.5304114818572998,0.0,-0.11152354,0.01035355,-0.00978129
0.4642857142857143,0.5,0.3333333333333333,0.42424242424242425,0.6153846153846154,0.5869565217391305,0.03777848184108734,0.03664669767022133,0.4110183171058932,0.4110093878058585,0.4318025650075471,0.5639000726253941,0.4267973559243339,0.4267973559243339,0.05592229962348938,0.0,0.0,0.0,0.6617956042289733,0.04311037063598633,0.03612619638442993,0.9445997476577759,0.9445997476577759,0.35891973972320557,0.3564321041107178,0.3603132367134094,0.388257177763207,0.5461833477020264,0.0,-0.17066313,0.02506118,-0.0099816
0.4642857142857143,0.5,0.3333333333333333,0.42424242424242425,0.6153846153846154,0.5869565217391305,0.06283855438232422,0.06144332513213158,0.40055567903682787,0.4005462767745067,0.3974402251708576,0.5989358131739144,0.4129789024591446,0.4129789024591446,0.04977989196777344,0.0,0.0,0.0,0.6591740697622299,0.04438108205795288,0.038191258907318115,0.942009687423706,0.942009687423706,0.32885828614234924,0.3684566855430603,0.35791030526161194,0.40546606446421424,0.5091593265533447,0.0,-0.18169108,0.02357073,-0.0182932
0.4642857142857143,0.5,0.3333333333333333,0.42424242424242425,0.6153846153846154,0.5869565217391305,0.044804420322179794,0.043159522116184235,0.40722956438593383,0.4072205211190831,0.38339477241837044,0.6133346114919422,0.4322383233479091,0.4322383233479091,0.04849141836166382,0.0,0.0,0.0,0.6576528400182724,0.044352322816848755,0.039314329624176025,0.9409038424491882,0.9409038424491882,0.32093724608421326,0.3716251015663147,0.3578145205974579,0.38509553948114084,0.5227229595184326,0.0,-0.17714306,0.01094242,-0.02557952
0.4642857142857143,0.5,0.3333333333333333,0.42424242424242425,0.6153846153846154,0.5869565217391305,0.043428145349025726,0.041759297251701355,0.40738535702342515,0.4073763137565744,0.3852130103977415,0.6114757329459806,0.43501208935465135,0.43501208935465135,0.04857674241065979,0.0,0.0,0.0,0.6576744735240936,0.0442466139793396,0.0393977165222168,0.9410465955734253,0.9410465955734253,0.3218984603881836,0.37124061584472656,0.3589641749858856,0.37905686816503836,0.5241170525550842,0.0,-0.19400235,-0.00598414,-0.02304467
0.4642857142857143,0.5,0.3333333333333333,0.42424242424242425,0.6153846153846154,0.5869565217391305,0.11556439846754074,0.11411483585834503,0.39642456430322126,0.39641502528072087,0.44223712165314655,0.5540528448564892,0.4063246079853603,0.4063246079853603,0.04583582282066345,0.0,0.0,0.0,0.6595506221055984,0.041923850774765015,0.03805038332939148,0.9440369009971619,0.9440369009971619,0.3352155089378357,0.3659137964248657,0.3623822033405304,0.36865476258965424,0.47854116559028625,0.0,-0.19295391,-0.02853931,-0.04149036
0.4642857142857143,0.5,0.3333333333333333,0.42424242424242425,0.6153846153846154,0.5869565217391305,0.08692482113838196,0.08625097572803497,0.3954764059807101,0.3954668555615281,0.5433973896799762,0.45338857875448746,0.5308274711881366,0.5308274711881366,0.05098077654838562,0.0,0.0,0.0,0.6665097683668136,0.0324169397354126,0.026860743761062622,0.9509192109107971,0.9509192109107971,0.3180352747440338,0.3727858901023865,0.2821378707885742,0.3965135992959488,0.4110456705093384,0.1411152258515358,-0.18170148,-0.04622392,-0.05422595
0.4642857142857143,0.5,0.3333333333333333,0.42424242424242425,0.6153846153846154,0.5869565217391305,0.0,0.0,0.4126763975187196,0.41266242518707624,0.48641105557490943,0.5105949200995288,0.5656290480068752,0.5656290480068752,0.084191232919693,0.0,0.0,0.0,0.6661969482898712,0.03428032994270325,0.027165204286575317,0.9501775503158569,0.9501775503158569,0.34167903661727905,0.36332838535308837,0.28560417890548706,0.3961417078971863,0.45621609687805176,0.09210030548274517,-0.18009807,-0.0599752,-0.06103894
0.4642857142857143,0.5,0.3333333333333333,0.42424242424242425,0.6153846153846154,0.5869565217391305,0.0,0.0,0.4099323956961841,0.4099183150960656,0.4917344904253633,0.5051590591219547,0.5523747205734253,0.5523747205734253,0.08748677372932434,0.0,0.0,0.0,0.6640750497579574,0.0365811288356781,0.028854429721832275,0.946872353553772,0.946872353553772,0.3487764596939087,0.3604894161224365,0.2911941707134247,0.3983431361442389,0.4582643210887909,0.14300513081252575,-0.16247584,-0.07014821,-0.06106164
0.4642857142857143,0.5,0.3333333333333333,0.42424242424242425,0.6153846153846154,0.5869565217391305,0.0,0.0,0.40870967991721335,0.4086954283668708,0.5170122497282338,0.47971081614671607,0.5273096689156124,0.5273096689156124,0.09379467368125916,0.0,0.0,0.0,0.6615732192993163,0.041007548570632935,0.03146979212760925,0.9427629709243774,0.9427629709243774,0.3495136797428131,0.3601945281028748,0.29330378770828247,0.4031714450481326,0.47481948137283325,0.23343978449702263,-0.15804902,-0.086692,-0.05649218
0.4642857142857143,0.5,0.3333333333333333,0.42424242424242425,0.6153846153846154,0.5869565217391305,0.0,0.0,0.4108769127789237,0.4108627011169667,0.538476316810338,0.4582524089416122,0.5291084093706949,0.5291084093706949,0.10900169610977173,0.0,0.0,0.0,0.6603400886058807,0.04295346140861511,0.03284507989883423,0.940589189529419,0.940589189529419,0.3516564667224884,0.35933741331100466,0.2955295443534851,0.3988799106243045,0.5204298496246338,0.28903331607580185,-0.15451928,-0.10159179,-0.05128017
0.4642857142857143,0.5,0.3333333333333333,0.42424242424242425,0.6153846153846154,0.5869565217391305,0.0,0.0,0.4117513915548817,0.41173726536803673,0.5189227125042939,0.4777237192343977,0.543194157736642,0.543194157736642,0.1149030327796936,0.0,0.0,0.0,0.6587443828582763,0.044958412647247314,0.034649431705474854,0.9379394054412842,0.9379394054412842,0.36953267455101013,0.3521869301795959,0.30468299984931946,0.38425455259722335,0.5349127650260925,0.29700666666030884,-0.15742587,-0.11781127,-0.04024228
0.4642857142857143,0.5,0.3333333333333333,0.42424242424242425,0.6153846153846154,0.5869565217391305,0.0,0.0,0.40944450945516847,0.4094304288550499,0.4658687079385863,0.5310424729874617,0.5331779803548541,0.5331779803548541,0.10068732500076294,0.0,0.0,0.0,0.6582013547420501,0.045179396867752075,0.03486594557762146,0.9371535181999207,0.9371535181999207,0.3817693889141083,0.3472922444343567,0.31920096278190613,0.38017516219338704,0.5302983522415161,0.18774861469864845,-0.15761966,-0.11288569,-0.04321894
0.4642857142857143,0.5,0.3333333333333333,0.42424242424242425,0.6153846153846154,0.5869565217391305,0.093826062977314,0.09330660849809647,0.41055344646337155,0.410539137929621,0.4826789400887535,0.5132507970815813,0.5041507312229702,0.5041507312229702,0.08287349343299866,0.0,0.0,0.0,0.6591043710708617,0.04528224468231201,0.03506937623023987,0.9388493895530701,0.9388493895530701,0.35645803809165955,0.35741678476333616,0.3205207884311676,0.37967067818308986,0.5239323973655701,0.0,-0.16337674,-0.10447478,-0.04151504
0.4642857142857143,0.5,0.3333333333333333,0.42424242424242425,0.6153846153846154,0.5869565217391305,0.07389145344495773,0.07299312204122543,0.4059964719283649,0.4059818499858703,0.471729052568257,0.5237076912231194,0.45602355684552875,0.45602355684552875,0.07741051912307739,0.0,0.0,0.0,0.6604894369840622,0.042922407388687134,0.0341796875,0.9417178630828857,0.9417178630828857,0.3045540750026703,0.3781783699989319,0.2931765913963318,0.3827293634414673,0.4738945960998535,0.0,-0.16410048,-0.09359853,-0.04385509
0.4642857142857143,0.5,0.3333333333333333,0.42424242424242425,0.6153846153846154,0.5869565217391305,0.0329383946955204,0.03222288563847542,0.4123950020532991,0.41238063653614054,0.45147072448329306,0.5439495888546771,0.4480098187923432,0.4480098187923432,0.07992663979530334,0.0,0.0,0.0,0.6602210104465485,0.042984843254089355,0.03493809700012207,0.9423128366470337,0.9423128366470337,0.2956604063510895,0.3817358374595642,0.2876046895980835,0.3849581241607666,0.47004061937332153,0.0,-0.13431544,-0.0833497,-0.04832623
0.4642857142857143,0.5,0.3333333333333333,0.42424242424242425,0.6153846153846154,0.5869565217391305,0.017187079414725304,0.01707397773861885,0.4149724869609563,0.4149582297122729,0.443790694495688,0.551600010619628,0.44464307171957834,0.44464307171957834,0.0873507559299469,0.0,0.0,0.0,0.6597022026777267,0.04372856020927429,0.03658208250999451,0.9426177740097046,0.9426177740097046,0.29354211688041687,0.38258315324783326,0.2901418209075928,0.3839432716369629,0.4833022654056549,0.0,-0.13459414,-0.07999461,-0.04995683
0.4642857142857143,0.5,0.3333333333333333,0.42424242424242425,0.6153846153846154,0.5869565217391305,0.0164601132273674,0.016259806230664253,0.41292065119880106,0.41289542464407636,0.4420215648173374,0.5532033566883321,0.44516005686351234,0.44516005686351234,0.09310644865036011,0.0,0.0,0.0,0.659193617105484,0.04471045732498169,0.03818792104721069,0.9424126744270325,0.9424126744270325,0.2950410842895508,0.3819835662841797,0.29624953866004944,0.3815001845359802,0.4981440603733063,0.0,-0.13839146,-0.08177484,-0.05610893
0.4642857142857143,0.5,0.3333333333333333,0.42424242424242425,0.6153846153846154,0.5869565217391305,0.05411809682846069,0.052716296166181564,0.4033462363037051,0.4033205367866939,0.45053314228130803,0.5446056195991622,0.418253413268498,0.418253413268498,0.09251171350479126,0.0,0.0,0.0,0.6596573919057845,0.04452258348464966,0.038501352071762085,0.9433430433273315,0.9433430433273315,0.29315876960754395,0.3827364921569824,0.2977902591228485,0.3808838963508606,0.484702467918396,0.0,-0.12965771,-0.08068001,-0.06446932
0.4642857142857143,0.5,0.3333333333333333,0.42424242424242425,0.6153846153846154,0.5869565217391305,0.056452102959156036,0.05527971684932709,0.4027845394542979,0.40275887412733147,0.4646452998112082,0.5306082138317214,0.4154760709830693,0.4154760709830693,0.08290386199951172,0.0,0.0,0.0,0.6601768046617508,0.04391831159591675,0.03796666860580444,0.9440680742263794,0.9440680742263794,0.2987859845161438,0.3804856061935425,0.3019797205924988,0.3792081117630005,0.4672771692276001,0.0,-0.11800883,-0.0878593,-0.07443744
0.4642857142857143,0.5,0.3333333333333333,0.42424242424242425,0.6153846153846154,0.5869565217391305,0.036465901881456375,0.035570789128541946,0.40745029531518995,0.4074248522235148,0.47023458576567084,0.5250138022197086,0.4293717656816755,0.4293717656816755,0.08062121272087097,0.0,0.0,0.0,0.6603171616792678,0.04382967948913574,0.037660568952560425,0.944057285785675,0.944057285785675,0.3080575466156006,0.37677698135375975,0.3071078360080719,0.37715686559677125,0.46504685282707214,0.0,-0.13353327,-0.08722641,-0.06978881
0.4642857142857143,0.5,0.3333333333333333,0.42424242424242425,0.6153846153846154,0.5869565217391305,0.012007547542452812,0.01218514982610941,0.42548338997660357,0.4254586876692325,0.4816728467353215,0.513245372261139,0.4949504775660379,0.4949504775660379,0.08249318599700928,0.0,0.0,0.0,0.6603133231401443,0.044772565364837646,0.037719279527664185,0.9435305595397949,0.9435305595397949,0.35921213030815125,0.35631514787673946,0.33842530846595764,0.3646298766136169,0.44074323773384094,0.0,-0.13791996,-0.08797787,-0.06630313
0.4642857142857143,0.5,0.3333333333333333,0.42424242424242425,0.6153846153846154,0.5869565217391305,0.0,0.0,0.4426255946405531,0.44260175848098376,0.48485504099333493,0.5101138946608371,0.5076553140367781,0.5076553140367781,0.07681557536125183,0.0,0.0,0.0,0.6591563373804092,0.04093250632286072,0.03381747007369995,0.9413424730300903,0.9413424730300903,0.3686984181404114,0.35252063274383544,0.34715646505355835,0.3611374139785767,0.33119726181030273,0.0,-0.13925374,-0.09036847,-0.06740744
0.4642857142857143,0.5,0.3333333333333333,0.42424242424242425,0.6153846153846154,0.5869565217391305,0.0,0.0,0.4475182755271518,0.44749469579291845,0.4849174962330959,0.5100955004167324,0.5218639756952014,0.5218639756952014,0.07404857873916626,0.0,0.0,0.0,0.656665500998497,0.038664013147354126,0.03150051832199097,0.9373931288719177,0.9373931288719177,0.38519299030303955,0.34592280387878416,0.36139100790023804,0.3554435968399048,0.35510334372520447,0.0,-0.1393501,-0.08680923,-0.06716934
0.4642857142857143,0.5,0.3333333333333333,0.42424242424242425,0.6153846153846154,0.5869565217391305,0.0,0.0,0.4661409005836137,0.46611897336821256,0.548898693252476,0.44859519145634114,0.5131506494113377,0.5131506494113377,0.07842546701431274,0.0,0.0,0.0,0.6561203032732009,0.03784725069999695,0.03052082657814026,0.9368994832038879,0.9368994832038879,0.393248051404953,0.3427007794380188,0.3614940643310547,0.35540237426757815,0.4148719906806946,0.0,-0.13958111,-0.08440292,-0.06948645
0.4642857142857143,0.5,0.3333333333333333,0.42424242424242425,0.6153846153846154,0.5869565217391305,0.0,0.0,0.4633396104918383,0.4633176405388812,0.5827316059437126,0.4156101975745904,0.5079275582517897,0.5079275582517897,0.08716034889221191,0.0,0.0,0.0,0.6489934921264648,0.041800737380981445,0.03609997034072876,0.9307026863098145,0.9307026863098145,0.4012492597103119,0.33950029611587523,0.3670472204685211,0.3542885184288025,0.43924155831336975,0.0,-0.13230939,-0.08375114,-0.07335749
0.4642857142857143,0.5,0.3333333333333333,0.42424242424242425,0.6153846153846154,0.5869565217391305,0.0,0.0,0.47020639892290017,0.47018477087039107,0.558420552350367,0.439445525186189,0.5291314423084259,0.5291314423084259,0.12446069717407227,0.0,0.0,0.0,0.6350080460309981,0.06157931685447693,0.0573277473449707,0.9112069606781006,0.9112069606781006,0.3882180452346802,0.3447127819061279,0.37573960423469543,0.3497041583061218,0.5189869403839111,0.0,-0.12287103,-0.07836788,-0.07053833
0.4642857142857143,0.5,0.3333333333333333,0.42424242424242425,0.6153846153846154,0.5869565217391305,0.0,0.0,0.4847072986868098,0.48468933609202075,0.5183228339223516,0.47891379491726205,0.5268236994743347,0.5268236994743347,0.14034271240234375,0.0,0.0,0.0,0.6280729532241821,0.07149583101272583,0.0673338770866394,0.901606023311615,0.901606023311615,0.39318254590034485,0.34272698163986204,0.39570388197898865,0.3417184472084045,0.546639084815979,0.0,-0.1097622,-0.0697831,-0.0671439
0.4642857142857143,0.5,0.3333333333333333,0.42424242424242425,0.6153846153846154,0.5869565217391305,0.0,0.0,0.48671085098277544,0.486692935399298,0.5121735321290178,0.4848439499200822,0.5320709092276438,0.5320709092276438,0.164504736661911,0.0,0.0,0.0,0.6279717326164245,0.07211369276046753,0.06914341449737549,0.9020677208900452,0.9020677208900452,0.3908747732639313,0.3436500906944275,0.3952365815639496,0.3419053673744201,0.5439867377281189,0.0,-0.10930241,-0.05885606,-0.06640092
0.4642857142857143,0.5,0.3333333333333333,0.42424242424242425,0.6153846153846154,0.5869565217391305,0.0,0.0,0.4862992826201036,0.4862813456678482,0.5092083249903546,0.48778334784867383,0.5313350898878916,0.5313350898878916,0.16698813438415527,0.0,0.0,0.0,0.628201961517334,0.07235825061798096,0.06992334127426147,0.9026965498924255,0.9026965498924255,0.3903482258319855,0.34386070966720583,0.3957173526287079,0.34171305894851683,0.5454186201095581,0.0,-0.10605833,-0.03986147,-0.06441343
0.4642857142857143,0.5,0.3333333333333333,0.42424242424242425,0.6153846153846154,0.5869565217391305,0.0,0.0,0.4865245066910811,0.4865066153255521,0.49408778515475205,0.5029249220409033,0.5267731419631413,0.5267731419631413,0.1623067855834961,0.0,0.0,0.0,0.6272838622331619,0.0742768943309784,0.0731804370880127,0.9016619324684143,0.9016619324684143,0.39418765902519226,0.3423249363899231,0.4041793644428253,0.33832825422286983,0.5732020735740662,0.0,-0.10705655,-0.01436367,-0.06121728
0.4642857142857143,0.5,0.3333333333333333,0.42424242424242425,0.6153846153846154,0.5869565217391305,0.0,0.0,0.4865836227031328,0.4865656529854178,0.4704632288411288,0.5262316886548508,0.5202619092805045,0.5202619092805045,0.16115739941596985,0.0,0.0,0.0,0.62732994556427,0.07977089285850525,0.07847267389297485,0.9019454717636108,0.9019454717636108,0.41711342334747314,0.3331546306610107,0.4288058876991272,0.32847764492034914,0.6181473135948181,0.0,-0.10809103,0.02300003,-0.05023533
0.4642857142857143,0.5,0.3333333333333333,0.42424242424242425,0.6153846153846154,0.5869565217391305,0.0,0.0,0.4524398640966324,0.4524201962733588,0.5136594913087885,0.48283318779841844,0.5038220754691533,0.5038220754691533,0.12211239337921143,0.0,0.0,0.0,0.6276945024728775,0.07591512799263,0.07473114132881165,0.9029033780097961,0.9029033780097961,0.41781434416770935,0.3328742623329163,0.4300633370876312,0.3279746651649475,0.6138927340507507,0.0,-0.10356373,0.05452607,-0.03538422
0.4642857142857143,0.5,0.3333333333333333,0.42424242424242425,0.6153846153846154,0.5869565217391305,0.0,0.0,0.45331251940353423,0.4532929569995654,0.5193476876382846,0.47735060327544904,0.4057971388101578,0.4057971388101578,0.1096571683883667,0.0,0.0,0.0,0.6289650380611419,0.07305523753166199,0.06872910261154175,0.9051806330680847,0.9051806330680847,0.3682200014591217,0.35271199941635134,0.38415706157684326,0.3641546604245208,0.5614128708839417,0.0,-0.11242408,0.06066803,-0.02522518
0.4642857142857143,0.5,0.3333333333333333,0.42424242424242425,0.6153846153846154,0.5869565217391305,0.0,0.0,0.457907889358856,0.4578885662852008,0.5221696698300925,0.47465227365443124,0.42702904769352507,0.42702904769352507,0.11017975211143494,0.0,0.0,0.0,0.630665636062622,0.07519605755805969,0.07009351253509521,0.9072174429893494,0.9072174429893494,0.3661579489707947,0.3535368204116821,0.3814868628978729,0.3495958170225454,0.5777884721755981,0.0,-0.12233139,0.06673897,-0.02085052
0.4642857142857143,0.5,0.3333333333333333,0.42424242424242425,0.6153846153846154,0.5869565217391305,0.0,0.0,0.4575494694208324,0.4575300922129396,0.5076403638372914,0.4889723750368309,0.41672248925481525,0.41672248925481525,0.11841088533401489,0.0,0.0,0.0,0.6306136071681976,0.081533282995224,0.07587447762489319,0.9067721962928772,0.9067721962928772,0.36979877948760986,0.3520804882049561,0.38678303360939026,0.3529231077016786,0.6201418042182922,0.0,-0.13470399,0.0701762,-0.01876168
0.4642857142857143,0.5,0.3333333333333333,0.42424242424242425,0.6153846153846154,0.5869565217391305,0.0,0.0,0.4518529520891821,0.451833309908442,0.5120235517991433,0.4846256236906439,0.3964568993874959,0.3964568993874959,0.13868826627731323,0.0,0.0,0.0,0.6301443457603454,0.091512531042099,0.08463487029075623,0.9059991240501404,0.9059991240501404,0.3402637541294098,0.36389449834823606,0.35659530758857727,0.3670758147572362,0.623774528503418,0.0,-0.15571749,0.06392894,-0.02040466
0.4642857142857143,0.5,0.3333333333333333,0.42424242424242425,0.6153846153846154,0.5869565217391305,0.0,0.0,0.45030147623605526,0.4502798852227614,0.5126568924628526,0.4839603196087982,0.3935251810720989,0.3935251810720989,0.13824689388275146,0.0,0.0,0.0,0.6302735209465027,0.08964890241622925,0.08269140124320984,0.9061674475669861,0.9061674475669861,0.3354257345199585,0.3658297061920166,0.35139697790145874,0.37103502556335094,0.6224765777587891,0.0,-0.16519573,0.05959126,-0.0256891
0.4642857142857143,0.5,0.3333333333333333,0.42424242424242425,0.6153846153846154,0.5869565217391305,0.0,0.0,0.44987604950855614,0.44985447559028463,0.5193797764199186,0.4774120313892806,0.4164075638566699,0.4164075638566699,0.12498855590820312,0.0,0.0,0.0,0.6308036357164383,0.08255192637443542,0.07611715793609619,0.9067067503929138,0.9067067503929138,0.3410649299621582,0.3635740280151367,0.35620465874671936,0.36956629780835887,0.6166488528251648,0.0,-0.18127779,0.05265476,-0.038138
0.4642857142857143,0.5,0.3333333333333333,0.42424242424242425,0.6153846153846154,0.5869565217391305,0.0,0.0,0.4447344707941234,0.4447126233554935,0.4799962495640633,0.5164871042084234,0.42507022619247437,0.42507022619247437,0.10928744077682495,0.0,0.0,0.0,0.6321921855211258,0.07527533173561096,0.06898587942123413,0.9083690643310547,0.9083690643310547,0.35011938214302063,0.3599522471427917,0.36399441957473755,0.3669757829156033,0.6185537576675415,0.0,-0.17844408,0.03340557,-0.05247669
0.4642857142857143,0.5,0.3333333333333333,0.42424242424242425,0.6153846153846154,0.5869565217391305,0.0,0.0,0.44140301562176154,0.44138109980304197,0.484694540101757,0.512012408016238,0.4382502606936864,0.4382502606936864,0.09918984770774841,0.0,0.0,0.0,0.6330389589071274,0.06460613012313843,0.061831921339035034,0.9100742936134338,0.9100742936134338,0.3525361120700836,0.3589855551719665,0.3671618402004242,0.3814950377442116,0.6085494160652161,0.0,-0.16910822,0.02345161,-0.05982093
0.4642857142857143,0.5,0.3333333333333333,0.42424242424242425,0.6153846153846154,0.5869565217391305,0.0,0.0,0.449946218877176,0.44992463356222295,0.4643014989665088,0.5322473572334819,0.4549448617867061,0.4549448617867061,0.09475910663604736,0.0,0.0,0.0,0.6384709298610687,0.060922086238861084,0.05759251117706299,0.9167181253433228,0.9167181253433228,0.3887128233909607,0.34451487064361574,0.408150851726532,0.3367396593093872,0.6126020550727844,0.0,-0.15593006,0.00812262,-0.06431297
0.4642857142857143,0.5,0.3333333333333333,0.42424242424242425,0.6153846153846154,0.5869565217391305,0.0,0.0,0.45320381500524953,0.4531824861156325,0.47658386513106454,0.5202708025000925,0.4591053298541478,0.4591053298541478,0.08970233798027039,0.0,0.0,0.0,0.6394261419773102,0.06334489583969116,0.05830073356628418,0.9176982045173645,0.9176982045173645,0.4224393367767334,0.3310242652893066,0.45082953572273254,0.31966818571090694,0.6257519721984863,0.0,-0.14528934,-0.01601927,-0.07465843
0.4642857142857143,0.5,0.3333333333333333,0.42424242424242425,0.6153846153846154,0.5869565217391305,0.0,0.0,0.4489721672940664,0.4489506560575438,0.47246599619064916,0.524418205940878,0.4624545787061964,0.4624545787061964,0.08234250545501709,0.0,0.0,0.0,0.6385862112045287,0.06447386741638184,0.059169232845306396,0.9164764285087585,0.9164764285087585,0.4332408308982849,0.32670366764068604,0.4667304456233978,0.31330782175064087,0.6297729015350342,0.0,-0.12900673,-0.02830326,-0.08606081
0.4642857142857143,0.5,0.3333333333333333,0.42424242424242425,0.6153846153846154,0.5869565217391305,0.0,0.0,0.4496191284168747,0.4495976114820112,0.46061452146242043,0.5361482974625404,0.46475161399160114,0.46475161399160114,0.07719483971595764,0.0,0.0,0.0,0.6396617531776427,0.060684651136398315,0.0566939115524292,0.9179903864860535,0.9179903864860535,0.4505021274089813,0.3197991490364075,0.482636958360672,0.31756510568219565,0.6350975632667542,0.0,-0.12126579,-0.03047637,-0.07825822
0.4642857142857143,0.5,0.3333333333333333,0.42424242424242425,0.6153846153846154,0.5869565217391305,0.0,0.0,0.4511743594765891,0.45115297360356404,0.4625295685536547,0.5344270751598865,0.47749570437840055,0.47749570437840055,0.07590976357460022,0.0,0.0,0.0,0.640461191534996,0.05941471457481384,0.0553814172744751,0.9189362525939941,0.9189362525939941,0.44614189863204956,0.3215432405471802,0.4785494804382324,0.308580207824707,0.6025714874267578,0.0,-0.11980913,-0.02853369,-0.07734905
0.4642857142857143,0.5,0.3333333333333333,0.42424242424242425,0.6153846153846154,0.5869565217391305,0.0,0.0,0.45590789710130564,0.4558869015646254,0.4605652308144943,0.5368557222549997,0.5857240302222116,0.5857240302222116,0.08092275261878967,0.0,0.0,0.0,0.643779170513153,0.057850182056427,0.05345842242240906,0.9225658774375916,0.9225658774375916,0.5386545062065125,0.284538197517395,0.5432098507881165,0.28271605968475344,0.65803062915802,0.0,-0.12100062,-0.02211901,-0.07053287
0.4642857142857143,0.5,0.3333333333333333,0.42424242424242425,0.6153846153846154,0.5869565217391305,0.0,0.0,0.4590672937223606,0.4590465204209716,0.46544462317034574,0.5322044145372078,0.6074798320020949,0.6074798320020949,0.10001939535140991,0.0,0.0,0.0,0.6473406046628951,0.056736916303634644,0.05249488353729248,0.9271882176399231,0.9271882176399231,0.5733360648155212,0.2706655740737915,0.5734953284263611,0.27060186862945557,0.6818333268165588,0.0,-0.12762526,-0.01161427,-0.06292389
0.4642857142857143,0.5,0.3333333333333333,0.42424242424242425,0.6153846153846154,0.5869565217391305,0.0,0.0,0.458810848442136,0.4587900010623166,0.4669710434189718,0.5305020907818195,0.6042870453425816,0.6042870453425816,0.10530146956443787,0.0,0.0,0.0,0.650115492939949,0.0553947389125824,0.051354289054870605,0.9310333728790283,0.9310333728790283,0.5522854924201965,0.2790858030319214,0.552390456199646,0.2790438175201416,0.682073175907135,0.0,-0.13277444,-0.01211717,-0.05832358
0.4642857142857143,0.5,0.3333333333333333,0.42424242424242425,0.6153846153846154,0.5869565217391305,0.0,0.0,0.4559097690062587,0.45588880196128245,0.47580998486360215,0.5217109327739734,0.5722746253013611,0.5722746253013611,0.10602977871894836,0.0,0.0,0.0,0.6528150290250778,0.05422690510749817,0.050192058086395264,0.9347212910652161,0.9347212910652161,0.5340015888214111,0.28639936447143555,0.5338406562805176,0.28646373748779297,0.6767755746841431,0.0,-0.12706961,-0.00045524,-0.04708048
0.4642857142857143,0.5,0.3333333333333333,0.42424242424242425,0.6153846153846154,0.5869565217391305,0.0,0.0,0.4486837799644835,0.44866250235993366,0.4865590229658962,0.5109680816452038,0.5499233305454254,0.5499233305454254,0.10858038067817688,0.0,0.0,0.0,0.6550581753253937,0.05209082365036011,0.04800558090209961,0.9378135204315186,0.9378135204315186,0.49115264415740967,0.30353894233703616,0.4834713637828827,0.3066114544868469,0.6469274759292603,0.0,-0.11302887,0.01789385,-0.0360019
0.4642857142857143,0.5,0.3333333333333333,0.42424242424242425,0.6153846153846154,0.5869565217391305,0.15735571086406708,0.15551331639289856,0.39852040265303956,0.39849699386903026,0.4806131718833405,0.5170343871047752,0.5324658964361464,0.5324658964361464,0.07816344499588013,0.0,0.0,0.0,0.6600354045629501,0.04510912299156189,0.040939778089523315,0.9429716467857361,0.9429716467857361,0.4664934575557709,0.3134026169776917,0.45862510800361633,0.31654995679855347,0.5335801839828491,0.0,-0.1096571,0.03028587,-0.01847385
0.4642857142857143,0.5,0.3333333333333333,0.42424242424242425,0.6153846153846154,0.5869565217391305,0.1985427439212799,0.1968173384666443,0.36999681073438595,0.3699720115552213,0.48084633231846824,0.5163431983098423,0.5555766820907593,0.5555766820907593,0.0575118362903595,0.0,0.0,0.0,0.6652601569890976,0.0378587543964386,0.03356638550758362,0.9487245678901672,0.9487245678901672,0.49524837732315063,0.30190064907073977,0.4744022488594055,0.3102391004562378,0.5418466329574585,0.0,-0.11054194,0.04573016,0.01070384
0.4642857142857143,0.5,0.3333333333333333,0.42424242424242425,0.6153846153846154,0.5869565217391305,0.06523193418979645,0.06469780951738358,0.40090307268540215,0.4008790712739496,0.49417343335386443,0.5018055912590798,0.47435809459005085,0.47435809459005085,0.0543590784072876,0.0,0.0,0.0,0.6672723442316055,0.03678557276725769,0.03171199560165405,0.9517264366149902,0.9517264366149902,0.41580671072006226,0.3336773157119751,0.4030632972717285,0.3387746810913086,0.5325266122817993,0.0,-0.12585176,0.06996319,0.07392354
0.4642857142857143,0.5,0.3333333333333333,0.42424242424242425,0.6153846153846154,0.5869565217391305,0.023549983277916908,0.023305844515562057,0.40321706631443466,0.4031931218863901,0.49651956241969625,0.4993685191670927,0.469426874603544,0.469426874603544,0.05298760533332825,0.0,0.0,0.0,0.6678187936544417,0.037082940340042114,0.030864030122756958,0.9523369669914246,0.9523369669914246,0.4119984209537506,0.3352006316184998,0.39649978280067444,0.3414000868797302,0.5480750799179077,0.0,-0.12476113,0.07398616,0.09684601
0.4642857142857143,0.5,0.3333333333333333,0.42424242424242425,0.6153846153846154,0.5869565217391305,0.023522470146417618,0.023247545585036278,0.4084362906206178,0.4084125627295237,0.49841823515056655,0.49741071172649,0.4689048869269235,0.4689048869269235,0.052613675594329834,0.0,0.0,0.0,0.667243805527687,0.038263916969299316,0.03128865361213684,0.9514204859733582,0.9514204859733582,0.41416633129119873,0.3343334674835205,0.3965079188346863,0.3413968324661255,0.5697435140609741,0.0,-0.12711208,0.08333858,0.10777099
0.4642857142857143,0.5,0.3333333333333333,0.42424242424242425,0.6153846153846154,0.5869565217391305,0.02084965817630291,0.020566426217556,0.4145735860098844,0.4145500974491039,0.4998728437509466,0.4959149998364389,0.4702530375548772,0.4702530375548772,0.05216720700263977,0.0,0.0,0.0,0.66534024477005,0.040326833724975586,0.03210026025772095,0.9485232830047607,0.9485232830047607,0.4172343313694,0.33310626745224,0.39736777544021606,0.3410528898239136,0.5738421082496643,0.0,-0.10985784,0.07667249,0.09706125
0.4642857142857143,0.5,0.3333333333333333,0.42424242424242425,0.6153846153846154,0.5869565217391305,0.011701937764883041,0.011681895703077316,0.41967486035983376,0.4196515940343445,0.49395487313630704,0.5017751108341367,0.4559658254895892,0.4559658254895892,0.05018696188926697,0.0,0.0,0.0,0.6614853501319885,0.046299636363983154,0.03422445058822632,0.9423235058784485,0.9423235058784485,0.4101317524909973,0.3359472990036011,0.39160457253456116,0.3635534713434619,0.5659386515617371,0.0,-0.09701433,0.0711062,0.09244241
0.4642857142857143,0.5,0.3333333333333333,0.42424242424242425,0.6153846153846154,0.5869565217391305,0.0,0.0,0.42184311892288817,0.42181994946919255,0.47883274097059697,0.5168641890617397,0.4421931079455785,0.4421931079455785,0.046700477600097656,0.0,0.0,0.0,0.6579956173896789,0.048924803733825684,0.03666916489601135,0.9373347163200378,0.9373347163200378,0.4049822986125946,0.33800708055496215,0.3903385400772095,0.37621615931045177,0.5784687399864197,0.0,-0.08959519,0.05826499,0.07729138
0.4642857142857143,0.5,0.3333333333333333,0.42424242424242425,0.6153846153846154,0.5869565217391305,0.0,0.0,0.4166481581518345,0.4166247094794395,0.4661102292642539,0.5294511685813084,0.44331569756780353,0.44331569756780353,0.0452573299407959,0.0,0.0,0.0,0.6555198222398757,0.05041670799255371,0.03842279314994812,0.9340294003486633,0.9340294003486633,0.3961845636367798,0.3415261745452881,0.3881802558898926,0.3841916142508041,0.5942094326019287,0.0,-0.07671167,0.03130831,0.04208396
0.4642857142857143,0.5,0.3333333333333333,0.42424242424242425,0.6153846153846154,0.5869565217391305,0.0,0.0,0.41401873856611965,0.4139951930219311,0.4534121976299906,0.5421978640460097,0.4412476079804557,0.4412476079804557,0.043865323066711426,0.0,0.0,0.0,0.6545971751213073,0.05081036686897278,0.03949049115180969,0.9330518841743469,0.9330518841743469,0.38921231031417847,0.34431507587432864,0.39011505246162415,0.39031125085298407,0.6063823699951172,0.0,-0.08046968,0.01158615,0.00497524
0.4642857142857143,0.5,0.3333333333333333,0.42424242424242425,0.6153846153846154,0.5869565217391305,0.011754215694963932,0.011314298957586288,0.4132646030495317,0.4132410575053432,0.44626793419197913,0.5494728816120341,0.42212579931531635,0.42212579931531635,0.04379749298095703,0.0,0.0,0.0,0.6524295270442962,0.05090370774269104,0.04084703326225281,0.9306293725967407,0.9306293725967407,0.3568166494369507,0.3572733402252197,0.36654341220855713,0.4296206041823986,0.6091515421867371,0.0,-0.08596853,-0.01241676,-0.03275519
0.4642857142857143,0.5,0.3333333333333333,0.42424242424242425,0.6153846153846154,0.5869565217391305,0.0,0.0,0.4293749293679261,0.4293526032686689,0.4873259954197229,0.5096806070722033,0.4253872590405601,0.4253872590405601,0.048224300146102905,0.0,0.0,0.0,0.6495804965496063,0.05173212289810181,0.04441758990287781,0.928398072719574,0.928398072719574,0.3530155420303345,0.3587937831878662,0.3576532304286957,0.43261182862658837,0.6571579575538635,0.0,-0.0985938,-0.02787575,-0.06883308
0.4642857142857143,0.5,0.3333333333333333,0.42424242424242425,0.6153846153846154,0.5869565217391305,0.0,0.0,0.4261536060282195,0.4261310064086039,0.479113855792733,0.5175627315654759,0.4240660582269941,0.4240660582269941,0.0578555166721344,0.0,0.0,0.0,0.6387710243463516,0.058349788188934326,0.052871763706207275,0.9151201248168945,0.9151201248168945,0.34751585125923157,0.36099365949630735,0.35220763087272644,0.4357358120208563,0.6751586198806763,0.0,-0.10957482,-0.04715568,-0.10369503
0.4642857142857143,0.5,0.3333333333333333,0.42424242424242425,0.6153846153846154,0.5869565217391305,0.0,0.0,0.42336109423044765,0.42333856868926245,0.49949343758056486,0.49781221112096696,0.41773979152951923,0.41773979152951923,0.06542927026748657,0.0,0.0,0.0,0.6340009719133377,0.06548073887825012,0.059316277503967285,0.9082939028739929,0.9082939028739929,0.32866108417510986,0.36853556632995604,0.33749741315841675,0.43557205172472224,0.6755638718605042,0.0,-0.10792947,-0.06318459,-0.12098431
0.4642857142857143,0.5,0.3333333333333333,0.42424242424242425,0.6153846153846154,0.5869565217391305,0.0,0.0,0.4219184281949103,0.4218958513686579,0.496436091342916,0.5008293287197394,0.39423202829701565,0.39423202829701565,0.06729736924171448,0.0,0.0,0.0,0.627913361787796,0.0696265697479248,0.06323981285095215,0.8999262452125549,0.8999262452125549,0.32241272926330566,0.3710349082946777,0.3318654000759125,0.44295509194218835,0.6780180335044861,0.0,-0.10860207,-0.07909761,-0.12779494
0.4642857142857143,0.5,0.3333333333333333,0.42424242424242425,0.6153846153846154,0.5869565217391305,0.0,0.0,0.4383037678370284,0.43828188051001293,0.4979196509869901,0.4993352636501798,0.41683624897684374,0.41683624897684374,0.0893673300743103,0.0,0.0,0.0,0.6176980495452881,0.08508464694023132,0.07878068089485168,0.8838256001472473,0.8838256001472473,0.32160094380378723,0.3713596224784851,0.3313043415546417,0.43704635182092355,0.7333444356918335,0.0,-0.10886878,-0.08821785,-0.12611482
0.4642857142857143,0.5,0.3333333333333333,0.42424242424242425,0.6153846153846154,0.5869565217391305,0.0,0.0,0.44667765629223155,0.44665750126081943,0.5177061466596322,0.47979063280631157,0.4233184669698988,0.4233184669698988,0.09517449140548706,0.0,0.0,0.0,0.6148970633745193,0.08794638514518738,0.08199363946914673,0.8799535632133484,0.8799535632133484,0.32836973667144775,0.3686521053314209,0.33404961228370667,0.43551668178203495,0.6939260363578796,0.0,-0.12886655,-0.10183528,-0.11662179
0.4642857142857143,0.5,0.3333333333333333,0.42424242424242425,0.6153846153846154,0.5869565217391305,0.0,0.0,0.44744147328983985,0.44742133535345013,0.5236471185378773,0.4738479129620259,0.44843426772526335,0.44843426772526335,0.08411610126495361,0.0,0.0,0.0,0.6145557045936584,0.06748154759407043,0.0649273693561554,0.8801732659339905,0.8801732659339905,0.2741695046424866,0.39033219814300535,0.2701738178730011,0.48246303270029467,0.4364618957042694,0.0,-0.14538434,-0.09481168,-0.0886353
0.4642857142857143,0.5,0.3333333333333333,0.42424242424242425,0.6153846153846154,0.5869565217391305,0.22867052257061005,0.2270350158214569,0.37569108291976083,0.37566762854902513,0.4702906773833426,0.5265666171829235,0.4382322941507612,0.4382322941507612,0.06162706017494202,0.0,0.0,0.0,0.6201087564229965,0.0505487322807312,0.050691813230514526,0.8864709138870239,0.8864709138870239,0.2162046730518341,0.41351813077926636,0.22175870835781097,0.520344847856566,0.3114152252674103,0.0,-0.15038616,-0.08350458,-0.05745654
0.4642857142857143,0.5,0.3333333333333333,0.42424242424242425,0.6153846153846154,0.5869565217391305,0.12300775200128555,0.12226574867963791,0.3971688929752911,0.3971459286618643,0.4960023258059476,0.4998507640507157,0.37415640694754465,0.37415640694754465,0.05160203576087952,0.0,0.0,0.0,0.6221891611814498,0.046468108892440796,0.04378268122673035,0.8891372680664062,0.8891372680664062,0.17860668897628784,0.42855732440948485,0.18118378520011902,0.5416140168212181,0.2544381022453308,0.0,-0.14959311,-0.06925359,-0.02240657
0.4642857142857143,0.5,0.3333333333333333,0.42424242424242425,0.6153846153846154,0.5869565217391305,0.06797923892736435,0.06782399863004684,0.39370948725859023,0.39368642037502893,0.5413819321254927,0.45518765891208657,0.4891694017818996,0.4891694017818996,0.0521702766418457,0.0,0.0,0.0,0.6287717550992965,0.043797194957733154,0.038181692361831665,0.8951632976531982,0.8951632976531982,0.17589187622070312,0.42964324951171873,0.17842227220535278,0.5053971881090209,0.2518152594566345,0.17906317487359047,-0.14041091,-0.04823868,-0.00017642
0.4642857142857143,0.5,0.3333333333333333,0.42424242424242425,0.6153846153846154,0.5869565217391305,0.0,0.0,0.4196851002782526,0.41966331552137154,0.5797294066011563,0.41765129766267706,0.5346686712333134,0.5346686712333134,0.07645383477210999,0.0,0.0,0.0,0.6380226552486419,0.04258117079734802,0.03642749786376953,0.9068155288696289,0.9068155288696289,0.19469594955444336,0.42212162017822263,0.18161343038082123,0.49906707087228463,0.2985914945602417,0.26241548359394073,-0.14016018,-0.02807052,0.00708926
0.4642857142857143,0.5,0.3333333333333333,0.42424242424242425,0.6153846153846154,0.5869565217391305,0.0,0.0,0.41605213449744377,0.41603025856710985,0.6133388588578934,0.38508681853865523,0.510885055576052,0.510885055576052,0.0834881067276001,0.0,0.0,0.0,0.6394044250249862,0.04331806302070618,0.03651326894760132,0.9077942967414856,0.9077942967414856,0.2059512734413147,0.41761949062347414,0.18565401434898376,0.494369275348131,0.30813828110694885,0.28607483953237534,-0.14105251,-0.0080042,0.02242506
0.4642857142857143,0.5,0.3333333333333333,0.42424242424242425,0.6153846153846154,0.5869565217391305,0.0,0.0,0.41737876521925626,0.41735686079721834,0.6168555670896863,0.38141542314748644,0.5181139068944114,0.5181139068944114,0.08738291263580322,0.0,0.0,0.0,0.6413754105567931,0.043215543031692505,0.03607290983200073,0.9099373817443848,0.9099373817443848,0.21846263110637665,0.4126149475574493,0.1890634298324585,0.48595497774523355,0.32688578963279724,0.31214773654937744,-0.14440627,0.01780546,0.05267643
0.4642857142857143,0.5,0.3333333333333333,0.42424242424242425,0.6153846153846154,0.5869565217391305,0.0,0.0,0.4193392565783761,0.41931742623476864,0.6167902755007917,0.3814370084624395,0.4864987943853651,0.4864987943853651,0.09136500954627991,0.0,0.0,0.0,0.6425273478031158,0.0435219407081604,0.03631433844566345,0.911631166934967,0.911631166934967,0.21037277579307556,0.4158508896827698,0.1850949376821518,0.5170952372772749,0.27564188838005066,0.2965806797146797,-0.14770103,0.02992281,0.07104906
0.4642857142857143,0.5,0.3333333333333333,0.42424242424242425,0.6153846153846154,0.5869565217391305,0.0,0.0,0.4261763993914223,0.4261545462544516,0.5852146066625533,0.4113355872229404,0.4046118472303663,0.4046118472303663,0.11237481236457825,0.0,0.0,0.0,0.6263143807649612,0.08102917671203613,0.07622671127319336,0.8940840363502502,0.8940840363502502,0.15695899724960327,0.4372164011001587,0.14716002345085144,0.5696027327415555,0.1887902468442917,0.2515304461121559,-0.15869477,0.04901255,0.10127724
0.4642857142857143,0.5,0.3333333333333333,0.42424242424242425,0.6153846153846154,0.5869565217391305,0.106410451233387,0.10568980127573013,0.4122504009571404,0.4122288099438465,0.5652359331998953,0.43119675519994705,0.39959922432899475,0.39959922432899475,0.12251293659210205,0.0,0.0,0.0,0.5965549588203429,0.10029727220535278,0.09782284498214722,0.8546070456504822,0.8546070456504822,0.1458120048046112,0.44167519807815553,0.13990271091461182,0.5504270902899808,0.14849187433719635,0.126790227368474,-0.1507544,0.06614494,0.12006284
0.4642857142857143,0.5,0.3333333333333333,0.42424242424242425,0.6153846153846154,0.5869565217391305,0.23568686842918396,0.23458431661128998,0.35389296912782275,0.3538693779969079,0.5231831054956462,0.47404670527919934,0.4197915749890464,0.4197915749890464,0.152443528175354,0.0,0.0,0.0,0.557347410917282,0.11185505986213684,0.11159482598304749,0.7991395592689514,0.7991395592689514,0.16473481059074402,0.4341060757637024,0.1607283502817154,0.5586734899254733,0.14206653833389282,0.023677758872509003,-0.15031365,0.07482858,0.12349469
0.4642857142857143,0.5,0.3333333333333333,0.42424242424242425,0.6153846153846154,0.5869565217391305,0.07483955472707748,0.07423074543476105,0.41342277189513693,0.41340131764202226,0.4771972174398302,0.5186042287103027,0.297044717839786,0.297044717839786,0.2418673038482666,0.0,0.0,0.0,0.5248819023370742,0.155055433511734,0.15267091989517212,0.75620436668396,0.75620436668396,0.12406250089406967,0.45037499964237215,0.12311417609453201,0.6018353582814683,0.12689967453479767,0.014812060398980975,-0.14864588,0.07310397,0.12326963
0.4642857142857143,0.5,0.3333333333333333,0.42424242424242425,0.6153846153846154,0.5869565217391305,0.3456265330314636,0.34262967109680176,0.33926192068461025,0.3392378622897496,0.43613706492101256,0.5611923767128314,0.30526917959962574,0.30526917959962574,0.5087936371564865,0.0,0.0,0.0,0.45126308202743526,0.21621030569076538,0.2250615358352661,0.6514549255371094,0.6514549255371094,0.12434202432632446,0.4502631902694702,0.12613238394260406,0.5914899533571198,0.08881176263093948,0.037421213928610086,-0.14509313,0.07021884,0.0899317
0.4642857142857143,0.5,0.3333333333333333,0.42424242424242425,0.6153846153846154,0.5869565217391305,0.12245433032512665,0.12170945107936859,0.418762516109255,0.4187411644262748,0.3954806797363106,0.6005461471891718,0.2089724796158927,0.2089724796158927,0.7280364632606506,0.0,0.0,0.0,0.32892168462276455,0.37289443612098694,0.37636203318834305,0.47264787554740906,0.47264787554740906,0.08702238649129868,0.46519104540348055,0.09207035601139069,0.6201997156753096,0.060347191989421844,0.03648421494290233,-0.14556209,0.06329232,0.04814803
0.4642857142857143,0.5,0.3333333333333333,0.42424242424242425,0.6153846153846154,0.5869565217391305,0.07469485700130463,0.07408078759908676,0.42891636678867084,0.42889548806797706,0.3822031923735347,0.6140100529220724,0.17137191125324797,0.17137191125324797,0.7842322587966919,0.0,0.0,0.0,0.20212289839982986,0.42966455966234207,0.43057093024253845,0.2908136546611786,0.2908136546611786,0.07911521941423416,0.46835391223430634,0.08321195840835571,0.6208497251189032,0.0515437014400959,0.03259426914155483,-0.15447089,0.05176191,-0.00224391
0.4642857142857143,0.5,0.3333333333333333,0.42424242424242425,0.6153846153846154,0.5869565217391305,0.05501646175980568,0.054349228739738464,0.4320080984618878,0.4319873678980548,0.3792660167978553,0.6170485222038251,0.16504250466823578,0.16504250466823578,0.7928988263010979,0.0,0.0,0.0,0.19759075194597242,0.432281069457531,0.43342678993940353,0.2846980094909668,0.2846980094909668,0.07448339462280273,0.47020664215087893,0.07790179550647736,0.6252737274003584,0.04730944707989693,0.024826365988701582,-0.1831143,0.04812302,-0.05255993
0.4642857142857143,0.5,0.3333333333333333,0.42424242424242425,0.6153846153846154,0.5869565217391305,0.08102142065763474,0.08011876791715622,0.43274316163181575,0.4327224766547092,0.3774290768639763,0.618944479853377,0.16657084226608276,0.16657084226608276,0.792184978723526,0.0,0.0,0.0,0.1915919080376625,0.4319586008787155,0.4334600418806076,0.2773646414279938,0.2773646414279938,0.07239721715450287,0.47104111313819885,0.07545022666454315,0.6243344344371973,0.045553792268037796,0.018211686983704567,-0.20086409,0.03515273,-0.09486816
0.4642857142857143,0.5,0.3333333333333333,0.42424242424242425,0.6153846153846154,0.5869565217391305,0.8053323030471802,0.7954503297805786,0.3112462788649316,0.31122152527249336,0.40190710893780507,0.5968161244186748,0.17135231622627806,0.17135231622627806,0.7750769555568695,0.0,0.0,0.0,0.11853877678513526,0.44338301569223404,0.4453561343252659,0.17238512635231018,0.17238512635231018,0.07024576514959335,0.4719016939401627,0.07246420532464981,0.6252366443013037,0.03717603534460068,0.011643769685178995,-0.20753965,0.01486495,-0.13903704
0.4642857142857143,0.5,0.3333333333333333,0.42424242424242425,0.6153846153846154,0.5869565217391305,0.173217311501503,0.17219726741313934,0.43086340436516024,0.4308427250863945,0.41366410802472847,0.5823963761506933,0.16746270869459426,0.16746270869459426,0.7775198891758919,0.0,0.0,0.0,0.12327413111925124,0.452371783554554,0.4530932903289795,0.17917577922344208,0.17917577922344208,0.06698133796453476,0.4732074648141861,0.0,0.6976744186046512,0.03295578807592392,0.012614901643246412,-0.19549086,-0.01877477,-0.20090412
0.4642857142857143,0.5,0.3333333333333333,0.42424242424242425,0.6153846153846154,0.5869565217391305,0.05028286576271057,0.049542397260665894,0.4539694440752325,0.45394734590960734,0.4457112005974093,0.5492631121536008,0.14732488564082555,0.14732488564082555,0.8179615139961243,0.0,0.0,0.0,0.13773480504751204,0.45721177011728287,0.458197221159935,0.20441879332065582,0.20441879332065582,0.0665191262960434,0.47339234948158265,0.0,0.6976744186046512,0.03210652992129326,0.020271874964237213,-0.1889276,-0.03071448,-0.21833701
0.4642857142857143,0.5,0.3333333333333333,0.42424242424242425,0.6153846153846154,0.5869565217391305,0.023285415023565292,0.023007819429039955,0.4552446957072154,0.45522268871504307,0.4676049012071088,0.5273502330656439,0.12760315622602192,0.12760315622602192,0.8263845220208168,0.0,0.0,0.0,0.1177669957280159,0.4621630683541298,0.4630720764398575,0.17494380474090576,0.17494380474090576,0.06899072974920273,0.4724037081003189,0.0,0.6976744186046512,0.030212102457880974,0.025327294133603573,-0.18794634,-0.03942894,-0.2102108
0.4642857142857143,0.5,0.3333333333333333,0.42424242424242425,0.6153846153846154,0.5869565217391305,0.01743815653026104,0.017306726425886154,0.45544167880118464,0.4554196005797523,0.48894256484440135,0.5058144879791928,0.12118481099605562,0.12118481099605562,0.8294527679681778,0.0,0.0,0.0,0.12117477878928183,0.46274586766958237,0.46370546892285347,0.18170133233070374,0.18170133233070374,0.07098591327667236,0.47160563468933103,0.0,0.6976744186046512,0.028501207008957863,0.032218704000115395,-0.19574432,-0.04952519,-0.19647253
0.4642857142857143,0.5,0.3333333333333333,0.42424242424242425,0.6153846153846154,0.5869565217391305,0.01013763714581728,0.010126113891601562,0.46023555615663986,0.46021366028211314,0.5212789080452964,0.4735612180396608,0.12214629777840207,0.12214629777840207,0.83393844217062,0.0,0.0,0.0,0.14311994165182113,0.4614449813961983,0.46291833370923996,0.21400600671768188,0.21400600671768188,0.07181335985660553,0.4712746560573578,0.0,0.6976744186046512,0.02797483466565609,0.045320214703679085,-0.20253943,-0.05353263,-0.18711573
0.4642857142857143,0.5,0.3333333333333333,0.42424242424242425,0.6153846153846154,0.5869565217391305,0.05483878776431084,0.054266106337308884,0.45208038996556066,0.4520580980563483,0.550960512507714,0.44430415848650345,0.14100430267197747,0.14100430267197747,0.823528878390789,0.0,0.0,0.0,0.1467345729470253,0.4586859308183193,0.4611830487847328,0.21773864328861237,0.21773864328861237,0.07157737761735916,0.4713690489530563,0.0,0.6976744186046512,0.02776254154741764,0.05317624192684889,-0.20283354,-0.05719211,-0.196813
0.4642857142857143,0.5,0.3333333333333333,0.42424242424242425,0.6153846153846154,0.5869565217391305,0.3759670853614807,0.3739608824253082,0.3527689600082018,0.35274248551684173,0.5643117990821999,0.4323677300444474,0.1926056082759585,0.1926056082759585,0.7861775904893875,0.0,0.0,0.0,0.16556818783283234,0.4454911947250366,0.44954347237944603,0.2421247959136963,0.2421247959136963,0.07285181432962418,0.47085927426815033,0.07011355459690094,0.6258352863234143,0.02817254513502121,0.0671931728720665,-0.20657742,-0.05672519,-0.18549031
0.4642857142857143,0.5,0.3333333333333333,0.42424242424242425,0.6153846153846154,0.5869565217391305,0.05111962929368019,0.05027920752763748,0.4501014416805873,0.4500792238498053,0.5785148964329386,0.41776091094631945,0.2001291939190456,0.2001291939190456,0.7898910939693451,0.0,0.0,0.0,0.16381587386131286,0.44484246522188187,0.44964591041207314,0.24088868498802185,0.24088868498802185,0.07263404875993729,0.4709463804960251,0.0,0.6976744186046512,0.02842017076909542,0.07548583205789328,-0.20425173,-0.05100482,-0.13497455
0.4642857142857143,0.5,0.3333333333333333,0.42424242424242425,0.6153846153846154,0.5869565217391305,0.0,0.0,0.46203555659627826,0.46201384021948677,0.5936404354941549,0.4027736706163363,0.19822860402720316,0.19822860402720316,0.7936646640300751,0.0,0.0,0.0,0.15591324493288994,0.44587307050824165,0.45133640989661217,0.2291322648525238,0.2291322648525238,0.0,0.5,0.0,0.6976744186046512,0.028317434713244438,0.08281410671770573,-0.15718523,-0.05017203,-0.0176853
0.4642857142857143,0.5,0.3333333333333333,0.42424242424242425,0.6153846153846154,0.5869565217391305,0.0,0.0,0.46872863110803054,0.4687072281399831,0.6013931991037402,0.3951652117891881,0.19789289150919234,0.19789289150919234,0.7922482490539551,0.0,0.0,0.0,0.15277953147888182,0.44607558101415634,0.4526144750416279,0.2260698676109314,0.2260698676109314,0.0,0.5,0.0,0.6976744186046512,0.028757942840456963,0.09468023665249348,-0.13443568,-0.05114595,0.04336299
0.4642857142857143,0.5,0.3333333333333333,0.42424242424242425,0.6153846153846154,0.5869565217391305,0.0,0.0,0.46959164197312714,0.4695702390050797,0.5949332408649743,0.40135773549749515,0.2007633128336498,0.2007633128336498,0.7886558547616005,0.0,0.0,0.0,0.17663620859384535,0.441402330994606,0.44719910249114037,0.2591095566749573,0.2591095566749573,0.06906216591596603,0.4723751336336136,0.0,0.6976744186046512,0.030211471021175385,0.1008924562484026,-0.12373421,-0.05235505,0.08902919
0.4642857142857143,0.5,0.3333333333333333,0.42424242424242425,0.6153846153846154,0.5869565217391305,0.0,0.0,0.4492925736006086,0.4492629080384001,0.5598921944488758,0.4351946655189963,0.20952056561197555,0.20952056561197555,0.6881773620843887,0.0,0.0,0.0,0.21485444605350493,0.4042079374194145,0.4104823023080826,0.31461602449417114,0.31461602449417114,0.06789753586053848,0.4728409856557846,0.0,0.6976744186046512,0.03164108097553253,0.10463539510965347,-0.10985322,-0.04884427,0.13190114
0.4642857142857143,0.5,0.3333333333333333,0.42424242424242425,0.6153846153846154,0.5869565217391305,0.9687629342079163,0.9687454104423523,0.36207538763378133,0.362043260388347,0.4875864537564564,0.5098636121361885,0.3535805429731097,0.3535805429731097,0.5695867091417313,0.0,0.0,0.0,0.12659224569797514,0.3822900801897049,0.37897150963544846,0.18509551882743835,0.18509551882743835,0.0690017119050026,0.47239931523799894,0.06533342599868774,0.5922779406225959,0.03019319847226143,0.09846899658441544,-0.09263984,-0.05272068,0.15663539
0.4642857142857143,0.5,0.3333333333333333,0.42424242424242425,0.6153846153846154,0.5869565217391305,0.96748948097229,0.9674712419509888,0.3997012128337619,0.39967129654455824,0.45443683623355846,0.5440543884649282,0.4304125479289464,0.4304125479289464,0.5153633803129196,0.0,0.0,0.0,0.08769231811165809,0.4031119868159294,0.40128905326128006,0.0,-0.0,0.07351309061050415,0.47059476375579834,0.07135474681854248,0.5806181285270425,0.02914196252822876,0.04742398392409086,-0.08857572,-0.05404834,0.17111021
0.4642857142857143,0.5,0.3333333333333333,0.42424242424242425,0.6153846153846154,0.5869565217391305,0.9640547037124634,0.9640354514122009,0.40853503147001247,0.40850526903601037,0.4229392916476977,0.5752362314368703,0.4621090846402305,0.4621090846402305,0.5181165039539337,0.0,0.0,0.0,0.11017325446009635,0.38563982397317886,0.38232142478227615,0.0,-0.0,0.07803846895694733,0.4687846124172211,0.0768003761768341,0.5683442049248274,0.028655774891376495,0.0347288534976542,-0.08474022,-0.04824476,0.18237169
0.4642857142857143,0.5,0.3333333333333333,0.42424242424242425,0.6153846153846154,0.5869565217391305,0.12315896898508072,0.12282957881689072,0.421705623657708,0.4216751774228098,0.3754913332813329,0.6208446371800991,0.2876777627638408,0.2876777627638408,0.6821980327367783,0.0,0.0,0.0,0.1920087233185768,0.3801567256450653,0.3783869370818138,0.27238887548446655,0.27238887548446655,0.08066447079181671,0.46773421168327334,0.08085384219884872,0.5758374028427656,0.02967851422727108,0.036085499450564384,-0.09102435,-0.05198195,0.17573108
0.4642857142857143,0.5,0.3333333333333333,0.42424242424242425,0.6153846153846154,0.5869565217391305,0.0,0.0,0.47298114614322584,0.4729526515900519,0.3180343361703205,0.6785789155544737,0.24164279656750817,0.24164279656750817,0.6949480324983597,0.0,0.0,0.0,0.20766754299402235,0.3867587074637413,0.38680562376976013,0.30106446146965027,0.30106446146965027,0.07545394450426102,0.4698184221982956,0.07759232074022293,0.5898220559885335,0.03165349364280701,0.028388123027980328,-0.09591489,-0.05399714,0.16658533
0.4642857142857143,0.5,0.3333333333333333,0.42424242424242425,0.6153846153846154,0.5869565217391305,0.0,0.0,0.4759251682753773,0.4758968275774049,0.3031768014736431,0.6939148373580522,0.23793014032500132,0.23793014032500132,0.6965654939413071,0.0,0.0,0.0,0.23175449073314666,0.382777102291584,0.3839016780257225,0.3385309875011444,0.3385309875011444,0.07271044701337814,0.47091582119464875,0.07702004164457321,0.5922784084497497,0.034483376890420914,0.01970183802768588,-0.10000019,-0.05748536,0.16040523
0.4642857142857143,0.5,0.3333333333333333,0.42424242424242425,0.6153846153846154,0.5869565217391305,0.0,0.0,0.4721219987531921,0.47209352129504056,0.3044164869115184,0.6927560569628652,0.2293093183210918,0.2293093183210918,0.7034997791051865,0.0,0.0,0.0,0.23245764225721358,0.38637614250183105,0.3866896331310272,0.3382510840892792,0.3382510840892792,0.07130610942840576,0.4714775562286377,0.07706023007631302,0.5943158476851708,0.0373418927192688,0.01340664573945105,-0.10304446,-0.05935402,0.14232264
0.4642857142857143,0.5,0.3333333333333333,0.42424242424242425,0.6153846153846154,0.5869565217391305,0.0,0.0,0.472258246081737,0.47222981136114145,0.3153535289472649,0.6815356136457363,0.226769181234496,0.226769181234496,0.7075303196907043,0.0,0.0,0.0,0.23099395930767058,0.39136699587106705,0.39160915464162827,0.335877388715744,0.335877388715744,0.07095590978860855,0.4716176360845566,0.07733649015426636,0.5933734982512718,0.03977082297205925,0.011634051334112883,-0.10265608,-0.06017913,0.11641268
0.4642857142857143,0.5,0.3333333333333333,0.42424242424242425,0.6153846153846154,0.5869565217391305,0.0,0.0,0.4706365210832191,0.470608231670314,0.3845677302854695,0.6110652301730385,0.22612643029008594,0.22612643029008594,0.7175093442201614,0.0,0.0,0.0,0.21319888830184935,0.3977290168404579,0.4002831429243088,0.31154489517211914,0.31154489517211914,0.0711636021733284,0.47153455913066866,0.0775618851184845,0.591482728026634,0.04166512191295624,0.012340873945504427,-0.13305988,-0.05366438,0.02729871
0.4642857142857143,0.5,0.3333333333333333,0.42424242424242425,0.6153846153846154,0.5869565217391305,0.0,0.0,0.45951307492319987,0.4594913898872828,0.4787400930721035,0.5178173989633706,0.22696360945701602,0.22696360945701602,0.7330959588289261,0.0,0.0,0.0,0.2000258460640907,0.4023856669664383,0.40660494565963745,0.2938813865184784,0.2938813865184784,0.07002786546945572,0.4719888538122177,0.075528584420681,0.5918416242266811,0.04067562520503998,0.013733673840761185,-0.16154198,-0.04645013,-0.07154712
0.4642857142857143,0.5,0.3333333333333333,0.42424242424242425,0.6153846153846154,0.5869565217391305,0.17677754163742065,0.17586955428123474,0.4012120481202981,0.4011883658159303,0.2954567121502091,0.7062609537103157,0.2784652156489236,0.2784652156489236,0.694516122341156,0.0,0.0,0.0,0.17773837000131607,0.39840660989284515,0.3940563201904297,0.2523707449436188,0.2523707449436188,0.06844458729028702,0.4726221650838852,0.07373467087745667,0.5923290065554685,0.038821689784526825,0.01608479768037796,-0.16155763,-0.03861133,-0.12213834
0.4642857142857143,0.5,0.3333333333333333,0.42424242424242425,0.6153846153846154,0.5869565217391305,0.0,0.0,0.4465548912380211,0.44653396693060093,0.21132132564858314,0.7952679543326001,0.2847894174712045,0.2847894174712045,0.6884541213512421,0.0,0.0,0.0,0.24575782567262647,0.37748923897743225,0.37340590357780457,0.35936909914016724,0.35936909914016724,0.06366477906703949,0.4745340883731842,0.06798000633716583,0.6001614415368368,0.035145822912454605,0.017711856635287404,-0.16461748,-0.03012554,-0.17642763
0.4642857142857143,0.5,0.3333333333333333,0.42424242424242425,0.6153846153846154,0.5869565217391305,0.0,0.0,0.44712715850961365,0.44710594358681266,0.24558569961022692,0.7587133260296995,0.25743367416518076,0.25743367416518076,0.7180973440408707,0.0,0.0,0.0,0.21782567352056503,0.38973937183618546,0.3975123465061188,0.3204193413257599,0.3204193413257599,0.06081181392073631,0.4756752744317055,0.063080795109272,0.602157753567363,0.03360656648874283,0.036330975126475096,-0.15351151,-0.02951721,-0.22086103
0.4642857142857143,0.5,0.3333333333333333,0.42424242424242425,0.6153846153846154,0.5869565217391305,0.0,0.0,0.44398472869829286,0.4439633485236086,0.2551026581350294,0.7488238555700732,0.24777819003377644,0.24777819003377644,0.6988532096147537,0.0,0.0,0.0,0.2203032001852989,0.3933032900094986,0.40069321542978287,0.3251338303089142,0.3251338303089142,0.06089750677347183,0.47564099729061127,0.06128828972578049,0.604917528324349,0.033534057438373566,0.06240448448807001,-0.13832628,-0.01949311,-0.25230184
0.4642857142857143,0.5,0.3333333333333333,0.42424242424242425,0.6153846153846154,0.5869565217391305,0.0,0.0,0.4420897625600403,0.4420682285301544,0.274981525158563,0.727975598206205,0.24849917207445418,0.24849917207445418,0.6949708759784698,0.0,0.0,0.0,0.2465888276696205,0.391527883708477,0.3971700966358185,0.36271631717681885,0.36271631717681885,0.06155217066407204,0.4753791317343712,0.060100458562374115,0.6030964019686677,0.03330913186073303,0.07245941553264856,-0.14007879,-0.01801614,-0.25418985
0.4642857142857143,0.5,0.3333333333333333,0.42424242424242425,0.6153846153846154,0.5869565217391305,0.0,0.0,0.45758038576884663,0.45755888307983517,0.34724659536810265,0.6515999842733493,0.23982696235179904,0.23982696235179904,0.748929463326931,0.0,0.0,0.0,0.2416763424873352,0.4086690619587898,0.41591285169124603,0.35554322600364685,0.35554322600364685,0.06250549107789993,0.47499780356884,0.05964776501059532,0.6174663523601931,0.03412742167711258,0.08781928569078445,-0.15911877,-0.00933341,-0.24329858
0.4642857142857143,0.5,0.3333333333333333,0.42424242424242425,0.6153846153846154,0.5869565217391305,0.0,0.0,0.45443374773284445,0.45441212537867615,0.35021523718168357,0.6486565861095156,0.23434386721679143,0.23434386721679143,0.7509809508919716,0.0,0.0,0.0,0.2435609295964241,0.4079114943742752,0.4157130494713783,0.3585677444934845,0.3585677444934845,0.06281816214323044,0.47487273514270784,0.05879789963364601,0.626471645610277,0.03444134443998337,0.09486009366810322,-0.16635724,-0.01786829,-0.1529651
0.4642857142857143,0.5,0.3333333333333333,0.42424242424242425,0.6153846153846154,0.5869565217391305,0.0,0.0,0.4531804888471819,0.453159068784112,0.3276675750375022,0.6724863749338559,0.23193310414041793,0.23193310414041793,0.747524730861187,0.0,0.0,0.0,0.23612126708030698,0.40760696679353714,0.41533638536930084,0.3457097113132477,0.3457097113132477,0.06303447484970093,0.4747862100601196,0.058393824845552444,0.6249867934127187,0.03354727104306221,0.09675424546003342,-0.15156212,-0.01331928,-0.08334874
0.4642857142857143,0.5,0.3333333333333333,0.42424242424242425,0.6153846153846154,0.5869565217391305,0.0,0.0,0.45679255311393374,0.4567713552861551,0.3164879546338696,0.6841090299380619,0.22957489958831243,0.22957489958831243,0.761618547141552,0.0,0.0,0.0,0.2209167718887329,0.41387656331062317,0.4202062413096428,0.3244207799434662,0.3244207799434662,0.06359239667654037,0.4745630413293839,0.05871244892477989,0.6212121092302855,0.03303544595837593,0.09581178426742554,-0.12667455,0.00562063,-0.04368772
0.4642857142857143,0.5,0.3333333333333333,0.42424242424242425,0.6153846153846154,0.5869565217391305,0.0,0.0,0.45839705202821107,0.45837417888823706,0.3045665356214826,0.6965499552845676,0.22514935050691878,0.22514935050691878,0.7738080769777298,0.0,0.0,0.0,0.21862037628889083,0.4208117425441742,0.42670636624097824,0.32153385877609253,0.32153385877609253,0.0645783394575119,0.4741686642169952,0.05943136289715767,0.6171821681566017,0.032917216420173645,0.09429089725017548,-0.07782005,0.03567209,-0.02202971
0.4642857142857143,0.5,0.3333333333333333,0.42424242424242425,0.6153846153846154,0.5869565217391305,0.0,0.0,0.4512547744619687,0.451231775958497,0.2774390599923654,0.7251705557570125,0.22495915847165246,0.22495915847165246,0.7669121026992798,0.0,0.0,0.0,0.2256140798330307,0.4158148467540741,0.4209761619567871,0.3320242464542389,0.3320242464542389,0.0646837055683136,0.47412651777267456,0.05970436707139015,0.6076585068259128,0.03308330848813057,0.09203602559864521,-0.06251106,0.04783448,-0.00808889
0.4642857142857143,0.5,0.3333333333333333,0.42424242424242425,0.6153846153846154,0.5869565217391305,0.08041626960039139,0.08017800748348236,0.4217862779734012,0.4217605898530716,0.5343566671384224,0.4619936374992937,0.2216611909014838,0.2216611909014838,0.7520539611577988,0.0,0.0,0.0,0.20823848396539688,0.41172919422388077,0.4160459265112877,0.30215007066726685,0.30215007066726685,0.06441342085599899,0.4742346316576004,0.06003605201840401,0.6260953150516333,0.03280872106552124,0.09020627476274967,-0.05332388,0.05343127,0.00608021
0.4642857142857143,0.5,0.3333333333333333,0.42424242424242425,0.6153846153846154,0.5869565217391305,0.23792530596256256,0.23720711469650269,0.38710626133541304,0.38707960449714734,0.6098980753189291,0.3895610303718724,0.25599081601415363,0.25599081601415363,0.7262038439512253,0.0,0.0,0.0,0.17851602882146833,0.402331218123436,0.4056548997759819,0.26233360171318054,0.26233360171318054,0.06332071125507355,0.4746717154979706,0.060121629387140274,0.6224087175241737,0.03287770226597786,0.08403961546719074,-0.04799203,0.05546453,0.02055847
0.4642857142857143,0.5,0.3333333333333333,0.42424242424242425,0.6153846153846154,0.5869565217391305,0.0,0.0,0.4444419578658007,0.44441868014362984,0.6888759049585171,0.3145483569884113,0.20473968769822803,0.20473968769822803,0.7799877300858498,0.0,0.0,0.0,0.16777438819408416,0.42280222475528717,0.4261040464043617,0.24960008263587952,0.24960008263587952,0.060343991965055466,0.4758624032139778,0.05803385376930237,0.6224993720304135,0.03216058760881424,0.05659834016114473,-0.05360016,0.0545903,0.03649468
0.4642857142857143,0.5,0.3333333333333333,0.42424242424242425,0.6153846153846154,0.5869565217391305,0.0,0.0,0.4521558701878068,0.4521329742544696,0.6448564843967357,0.3570272083213584,0.2027707759823118,0.2027707759823118,0.7806607037782669,0.0,0.0,0.0,0.18652476519346237,0.42259204387664795,0.4270903989672661,0.2808564305305481,0.2808564305305481,0.060028303414583206,0.4759886786341667,0.058670442551374435,0.6100885985895645,0.03389541804790497,0.03779736580327153,-0.06391547,0.04743351,0.06497078
0.4642857142857143,0.5,0.3333333333333333,0.42424242424242425,0.6153846153846154,0.5869565217391305,0.0,0.0,0.4553050240412725,0.45528204548199364,0.5854664733259445,0.4142800566748447,0.19851799522127425,0.19851799522127425,0.7844384461641312,0.0,0.0,0.0,0.17894145995378494,0.42999865114688873,0.4353370741009712,0.26692724227905273,0.26692724227905273,0.06162261962890625,0.4753509521484375,0.061263494193553925,0.608646058759024,0.035964954644441605,0.028144875541329384,-0.08596327,0.04325468,0.10920259
0.4642857142857143,0.5,0.3333333333333333,0.42424242424242425,0.6153846153846154,0.5869565217391305,0.0,0.0,0.4018510030742813,0.40182912144560656,0.862565253022524,0.15555555555555556,0.212429336139134,0.212429336139134,0.7917600199580193,0.0,0.0,0.0,0.1465135596692562,0.4309280812740326,0.4386848323047161,0.22672390937805176,0.22672390937805176,0.06344577670097351,0.4746216893196106,0.06427019089460373,0.6072772692802341,0.03677201643586159,0.016412801342085004,-0.0828977,0.03866076,0.11075527
0.4642857142857143,0.5,0.3333333333333333,0.42424242424242425,0.6153846153846154,0.5869565217391305,0.0,0.0,0.405775877759288,0.405753773895322,0.8448055077693202,0.1714551557723646,0.22571379584925516,0.22571379584925516,0.7989613115787506,0.0,0.0,0.0,0.14556989446282387,0.432054802775383,0.4408373311161995,0.22715048491954803,0.22715048491954803,0.06491266191005707,0.4740349352359772,0.06685928255319595,0.6045976489089256,0.037227433174848557,0.0008161319419741631,-0.07990308,0.01979452,0.0853688
0.4642857142857143,0.5,0.3333333333333333,0.42424242424242425,0.6153846153846154,0.5869565217391305,0.0,0.0,0.405151926536633,0.40512985686271186,0.8426663278393718,0.1735553590512362,0.22721959011895318,0.22721959011895318,0.8018257170915604,0.0,0.0,0.0,0.1512655824422836,0.4315497800707817,0.4405619502067566,0.2347434014081955,0.2347434014081955,0.0655917227268219,0.47376331090927126,0.06867900490760803,0.604612213927646,0.03788560628890991,0.0,-0.07235967,-0.005261,0.02910556
0.4642857142857143,0.5,0.3333333333333333,0.42424242424242425,0.6153846153846154,0.5869565217391305,0.9323714375495911,0.9362039566040039,0.38124442374045264,0.38123024626854046,0.40414602122844745,0.594725406028066,0.25188707879611427,0.25188707879611427,0.748067818582058,0.0,0.0,0.0,0.1797978401184082,0.3885281905531883,0.4039333015680313,0.26150164008140564,0.26150164008140564,0.06721814721822739,0.47311274111270907,0.07179520279169083,0.6006708949111229,0.04043952375650406,0.0,-0.06425962,-0.02863189,-0.01264162
0.4642857142857143,0.5,0.3333333333333333,0.42424242424242425,0.6153846153846154,0.5869565217391305,0.18914613127708435,0.18752802908420563,0.39837793273634026,0.39836401738810495,0.3733239693577841,0.6240411100555738,0.2815573343208858,0.2815573343208858,0.6073570251464844,0.0,0.0,0.0,0.260706390440464,0.32584530115127563,0.33287061750888824,0.3760175406932831,0.3760175406932831,0.07114321738481522,0.4715427130460739,0.07824258506298065,0.6101443012093389,0.04379146918654442,0.0,-0.05940911,-0.04994828,-0.02907309
0.4642857142857143,0.5,0.3333333333333333,0.42424242424242425,0.6153846153846154,0.5869565217391305,0.1844698190689087,0.1839423030614853,0.39549459508454593,0.3954805315794498,0.42631604293108444,0.5702043215649027,0.3117844355957849,0.3117844355957849,0.410490483045578,0.0,0.0,0.0,0.49350117743015287,0.17611759901046753,0.17946413159370422,0.7117109298706055,0.7117109298706055,0.07618384063243866,0.46952646374702456,0.08508637547492981,0.5816011581310007,0.07757795602083206,0.0,-0.06463438,-0.06419905,-0.04246707
0.4642857142857143,0.5,0.3333333333333333,0.42424242424242425,0.6153846153846154,0.5869565217391305,0.22001075744628906,0.21914167702198029,0.35548466387032096,0.355468879466303,0.4543722683339456,0.5423423739687157,0.4847217883382525,0.4847217883382525,0.12913104891777039,0.0,0.0,0.0,0.6268484801054001,0.047011762857437134,0.043144792318344116,0.894498348236084,0.894498348236084,0.14401306211948395,0.44239477515220643,0.15446697175502777,0.47259512335755105,0.15125814080238342,0.0,-0.06703419,-0.07478321,-0.04649441
0.4642857142857143,0.5,0.3333333333333333,0.42424242424242425,0.6153846153846154,0.5869565217391305,0.11104421317577362,0.11053138971328735,0.3773133321656324,0.3772982999426001,0.4880430147935054,0.5077732413443684,0.48122667840548927,0.48122667840548927,0.08665049076080322,0.0,0.0,0.0,0.6497156381607055,0.03249207139015198,0.028572946786880493,0.9280544519424438,0.9280544519424438,0.15994949638843536,0.43602020144462583,0.1621362715959549,0.4575013559918071,0.21546752750873566,0.0,-0.07051104,-0.07848933,-0.04458935
0.4642857142857143,0.5,0.3333333333333333,0.42424242424242425,0.6153846153846154,0.5869565217391305,0.10849068313837051,0.10791987925767899,0.36629286642056347,0.3662774353136752,0.4995224941771185,0.496752935152842,0.4100094522748675,0.4100094522748675,0.048969388008117676,0.0,0.0,0.0,0.656331068277359,0.029338955879211426,0.024093449115753174,0.9358761310577393,0.9358761310577393,0.16570472717285156,0.4337181091308594,0.16559961438179016,0.46243768098742466,0.24749048054218292,0.0,-0.07459752,-0.07812327,-0.04207526
0.4642857142857143,0.5,0.3333333333333333,0.42424242424242425,0.6153846153846154,0.5869565217391305,0.10979790985584259,0.1092258170247078,0.3632146341167034,0.36319899786954624,0.5125405081257538,0.48369625279775263,0.43856209942272734,0.43856209942272734,0.04719197750091553,0.0,0.0,0.0,0.6600280612707138,0.02838677167892456,0.022815614938735962,0.9410840272903442,0.9410840272903442,0.1727527230978012,0.4308989107608795,0.16985106468200684,0.45396957286568573,0.2846415340900421,0.0,-0.07996355,-0.07679602,-0.04178289
0.4642857142857143,0.5,0.3333333333333333,0.42424242424242425,0.6153846153846154,0.5869565217391305,0.09501631557941437,0.0944538414478302,0.36455414308872547,0.364538632205066,0.5275594554485372,0.468860052689033,0.4591424763202668,0.4591424763202668,0.047056347131729126,0.0,0.0,0.0,0.662008997797966,0.0282648503780365,0.022290050983428955,0.9437276721000671,0.9437276721000671,0.18572911620140076,0.4257083535194397,0.17667819559574127,0.4488973492799804,0.32407525181770325,0.0009468465577811003,-0.09121942,-0.06921508,-0.04357384
0.4642857142857143,0.5,0.3333333333333333,0.42424242424242425,0.6153846153846154,0.5869565217391305,0.07706653326749802,0.07674823701381683,0.37335896856698203,0.3733438907572234,0.5646279316331415,0.43253665165914357,0.5273792147636414,0.5273792147636414,0.05558830499649048,0.0,0.0,0.0,0.6623840898275375,0.029099702835083008,0.022524148225784302,0.9437336921691895,0.9437336921691895,0.21924467384815216,0.41230213046073916,0.1913430243730545,0.44698564119117207,0.3619276285171509,0.21529002115130424,-0.09154263,-0.06082222,-0.03697659
0.4642857142857143,0.5,0.3333333333333333,0.42424242424242425,0.6153846153846154,0.5869565217391305,0.07804463803768158,0.07766325771808624,0.38273681919615765,0.3827221744602998,0.5922077757450637,0.40559227511663465,0.5503031611442566,0.5503031611442566,0.0645679235458374,0.0,0.0,0.0,0.6629406571388244,0.03093358874320984,0.02366560697555542,0.9438009262084961,0.9438009262084961,0.2610412836074829,0.3955834865570068,0.21842937171459198,0.4260522473690122,0.38395580649375916,0.2550765499472618,-0.09496778,-0.044595,-0.03941965
0.4642857142857143,0.5,0.3333333333333333,0.42424242424242425,0.6153846153846154,0.5869565217391305,0.0813886746764183,0.08107227832078934,0.3845001023768467,0.38448685943282584,0.6208953374202575,0.37848454993673264,0.5512207533632006,0.5512207533632006,0.06828305125236511,0.0,0.0,0.0,0.6633557200431823,0.031198322772979736,0.02362602949142456,0.9438835382461548,0.9438835382461548,0.2605000138282776,0.39579999446868896,0.21775773167610168,0.44559683910636017,0.38371607661247253,0.26739848777651787,-0.10667263,-0.02839431,-0.04699637
0.4642857142857143,0.5,0.3333333333333333,0.42424242424242425,0.6153846153846154,0.5869565217391305,0.0,0.0,0.39988616957947126,0.3998739067500682,0.6512018490019993,0.3503100269788487,0.561211109161377,0.561211109161377,0.07064363360404968,0.0,0.0,0.0,0.6623843610286713,0.03397122025489807,0.025031477212905884,0.9423487782478333,0.9423487782478333,0.25908491015434265,0.3963660359382629,0.21423254907131195,0.4190346321394277,0.38717180490493774,0.15527484007179737,-0.10729173,-0.03190963,-0.04940339
0.4642857142857143,0.5,0.3333333333333333,0.42424242424242425,0.6153846153846154,0.5869565217391305,0.0,0.0,0.39593576062933666,0.3959232014862119,0.6080387636990666,0.3916669091981816,0.49567584480558124,0.49567584480558124,0.07358106970787048,0.0,0.0,0.0,0.6573448598384857,0.04312971234321594,0.03330466151237488,0.938018798828125,0.938018798828125,0.26644080877304077,0.3934236764907837,0.22313815355300903,0.4177964703981267,0.44117966294288635,0.011499259853735566,-0.10922304,-0.04251064,-0.04373789
0.4642857142857143,0.5,0.3333333333333333,0.42424242424242425,0.6153846153846154,0.5869565217391305,0.0,0.0,0.39216278661505444,0.39214998814161606,0.5922005160588835,0.4070487026452056,0.4611195623874665,0.4611195623874665,0.07570117712020874,0.0,0.0,0.0,0.6556690454483032,0.04460129141807556,0.035534173250198364,0.9367028474807739,0.9367028474807739,0.26584354043006897,0.3936625838279724,0.22941817343235016,0.4225413397301075,0.47288909554481506,0.0,-0.10461084,-0.03664231,-0.04599582
0.4642857142857143,0.5,0.3333333333333333,0.42424242424242425,0.6153846153846154,0.5869565217391305,0.0,0.0,0.392712494155417,0.3926997298720234,0.5706876099223617,0.4278915693786764,0.46617152435438974,0.46617152435438974,0.07961088418960571,0.0,0.0,0.0,0.654934611916542,0.044192999601364136,0.03655099868774414,0.9363728165626526,0.9363728165626526,0.2669053375720978,0.39323786497116087,0.23896406590938568,0.4181829372117686,0.4777388274669647,0.0,-0.09393969,-0.03232243,-0.0407216
0.4642857142857143,0.5,0.3333333333333333,0.42424242424242425,0.6153846153846154,0.5869565217391305,0.0,0.0,0.4028269123164919,0.40281446714018315,0.5493604981876468,0.44837019816816603,0.4563933823789869,0.4563933823789869,0.09696155786514282,0.0,0.0,0.0,0.6538372904062271,0.05101901292800903,0.04644086956977844,0.9357384443283081,0.9357384443283081,0.27214181423187256,0.391143274307251,0.2545989751815796,0.40247989255328515,0.542363166809082,0.0,-0.08951494,-0.02475969,-0.03320434
0.4642857142857143,0.5,0.3333333333333333,0.42424242424242425,0.6153846153846154,0.5869565217391305,0.0,0.0,0.40582911165904817,0.40581675765619224,0.5290210143329992,0.4681507973045915,0.44744165880339487,0.44744165880339487,0.10134217143058777,0.0,0.0,0.0,0.6527344197034836,0.057211726903915405,0.053214699029922485,0.9351155161857605,0.9351155161857605,0.2831990420818329,0.38672038316726687,0.27438297867774963,0.4032097444977871,0.6100053191184998,0.0,-0.0919627,-0.02015441,-0.03556814
0.4642857142857143,0.5,0.3333333333333333,0.42424242424242425,0.6153846153846154,0.5869565217391305,0.0,0.0,0.41367299743637753,0.41366101382567366,0.5257986738394597,0.47141049896959086,0.4316560072558267,0.4316560072558267,0.10836687684059143,0.0,0.0,0.0,0.6509749084711074,0.06030341982841492,0.05723491311073303,0.9335978627204895,0.9335978627204895,0.28876611590385437,0.3844935536384583,0.28142687678337097,0.41354053242262023,0.6150437593460083,0.0,-0.09404757,-0.01582434,-0.03712842
0.4642857142857143,0.5,0.3333333333333333,0.42424242424242425,0.6153846153846154,0.5869565217391305,0.0,0.0,0.42103541330443284,0.42102380008588103,0.5304511126779006,0.4668015555664818,0.41872637612479074,0.41872637612479074,0.1199781596660614,0.0,0.0,0.0,0.6473395407199859,0.07183301448822021,0.06913238763809204,0.9301417469978333,0.9301417469978333,0.28773561120033264,0.38490575551986694,0.2813655436038971,0.42236628920532937,0.6286242604255676,0.0,-0.09674249,-0.01508765,-0.0386483
0.4642857142857143,0.5,0.3333333333333333,0.42424242424242425,0.6153846153846154,0.5869565217391305,0.0,0.0,0.4280659464075734,0.4280545839160168,0.5264600232727897,0.4704483626170956,0.37502966821193695,0.37502966821193695,0.12497609853744507,0.0,0.0,0.0,0.637900760769844,0.0878051221370697,0.08549106121063232,0.9174083471298218,0.9174083471298218,0.2878356873989105,0.3848657250404358,0.28404501080513,0.44826750838479335,0.6544331908226013,0.0,-0.10436841,-0.01901433,-0.02878229
0.4642857142857143,0.5,0.3333333333333333,0.42424242424242425,0.6153846153846154,0.5869565217391305,0.0,0.0,0.4332757855464578,0.4332646794802372,0.528768933981828,0.4681812891262161,0.36349110305309296,0.36349110305309296,0.12745243310928345,0.0,0.0,0.0,0.6352149099111557,0.08881127834320068,0.086506187915802,0.9136707782745361,0.9136707782745361,0.2831037640571594,0.3867584943771362,0.2811342775821686,0.4568060816720475,0.6497618556022644,0.0,-0.10478624,-0.01556796,-0.03686419
0.4642857142857143,0.5,0.3333333333333333,0.42424242424242425,0.6153846153846154,0.5869565217391305,0.0,0.0,0.41731755364237505,0.41730539338310635,0.4539352568795986,0.5411872134445224,0.342876889875957,0.342876889875957,0.1038644015789032,0.0,0.0,0.0,0.6344961434602737,0.0821608304977417,0.07813572883605957,0.9123967885971069,0.9123967885971069,0.277907133102417,0.3888371467590332,0.2800576686859131,0.4627248021059258,0.6253933310508728,0.0,-0.10831165,-0.01866139,-0.03787658
0.4642857142857143,0.5,0.3333333333333333,0.42424242424242425,0.6153846153846154,0.5869565217391305,0.06193878501653671,0.06065129488706589,0.40874710661959235,0.40873454747646765,0.4517091487607354,0.5434983066180874,0.3141673867191587,0.3141673867191587,0.07815000414848328,0.0,0.0,0.0,0.6419765800237656,0.05519905686378479,0.052830517292022705,0.920445442199707,0.920445442199707,0.2600610554218292,0.3959755778312683,0.26586148142814636,0.4856798330018687,0.49161863327026367,0.0,-0.10824151,-0.02212951,-0.03984758
0.4642857142857143,0.5,0.3333333333333333,0.42424242424242425,0.6153846153846154,0.5869565217391305,0.09006746858358383,0.0885089561343193,0.41181299631727813,0.411800619521059,0.4519452937018575,0.5434865082034595,0.3271916189364025,0.3271916189364025,0.060911089181900024,0.0,0.0,0.0,0.6466326653957366,0.03656068444252014,0.03545078635215759,0.9270087480545044,0.9270087480545044,0.19257308542728424,0.4229707658290863,0.1982535421848297,0.5355200483355411,0.2772674560546875,0.0,-0.10785385,-0.02366618,-0.0409499
0.4642857142857143,0.5,0.3333333333333333,0.42424242424242425,0.6153846153846154,0.5869565217391305,0.0944572165608406,0.09311705827713013,0.41135173272448333,0.4113394243083538,0.4526307157759001,0.5431567950818046,0.28100683220795225,0.28100683220795225,0.050807684659957886,0.0,0.0,0.0,0.6442476391792297,0.03468579053878784,0.03317749500274658,0.9241582751274109,0.9241582751274109,0.16328033804893494,0.43468786478042604,0.1678541749715805,0.5542038589022881,0.20424921810626984,0.0,-0.10544079,-0.02252445,-0.04212685
0.4642857142857143,0.5,0.3333333333333333,0.42424242424242425,0.6153846153846154,0.5869565217391305,0.05301431193947792,0.05136318877339363,0.4327894093657543,0.4327780240808345,0.4696292139831966,0.5257155870793604,0.32674204025949755,0.32674204025949755,0.06487676501274109,0.0,0.0,0.0,0.5432134091854095,0.13151705265045166,0.12654000520706177,0.7894910573959351,0.7894910573959351,0.15532104671001434,0.43787158131599424,0.15963144600391388,0.5781180186327114,0.2007802575826645,0.0,-0.10669875,-0.02372027,-0.03837777
0.4642857142857143,0.5,0.3333333333333333,0.42424242424242425,0.6153846153846154,0.5869565217391305,0.08806724846363068,0.08704670518636703,0.43324811440352956,0.43323678610201777,0.469395342680054,0.5260979998813254,0.34006980913025997,0.34006980913025997,0.07812324166297913,0.0,0.0,0.0,0.5183817952871322,0.1585070788860321,0.15018025040626526,0.7493911385536194,0.7493911385536194,0.14986513555049896,0.4400539457798004,0.1534607708454132,0.5865247894165128,0.15243735909461975,0.0,-0.09853758,-0.02711791,-0.03965319
0.4642857142857143,0.5,0.3333333333333333,0.42424242424242425,0.6153846153846154,0.5869565217391305,0.045763686299324036,0.044407036155462265,0.4315642433002392,0.43155284092029694,0.47634190360857015,0.5191007935243578,0.347818061709404,0.347818061709404,0.08663955330848694,0.0,0.0,0.0,0.5249912798404693,0.1537916362285614,0.14734306931495667,0.762387752532959,0.762387752532959,0.1475282460451126,0.44098870158195497,0.15025357902050018,0.5892703006433886,0.15125563740730286,0.0,-0.08864842,-0.03298247,-0.03920143
0.4642857142857143,0.5,0.3333333333333333,0.42424242424242425,0.6153846153846154,0.5869565217391305,0.04806505888700485,0.04652823880314827,0.4275803053128332,0.42756866930091814,0.4818058146687356,0.513574445744039,0.3851849905082158,0.3851849905082158,0.11127826571464539,0.0,0.0,0.0,0.3504363000392914,0.24567601084709167,0.2414795160293579,0.5147936940193176,0.5147936940193176,0.0,0.5,0.0,0.6976744186046512,0.11286996304988861,0.0,-0.08228192,-0.03622609,-0.0411676
0.4642857142857143,0.5,0.3333333333333333,0.42424242424242425,0.6153846153846154,0.5869565217391305,0.06247754767537117,0.06139958277344704,0.4320144806035846,0.43200311241368716,0.4842332423189174,0.5112543235494753,0.4017533149038043,0.4017533149038043,0.12327796220779419,0.0,0.0,0.0,0.19034615606069563,0.3675088882446289,0.3635171502828598,0.2836593985557556,0.2836593985557556,0.04891030862927437,0.48043587654829023,0.047905370593070984,0.7458978432208992,0.08344443887472153,0.0,-0.08510687,-0.04020038,-0.04368492
0.4642857142857143,0.5,0.3333333333333333,0.42424242424242425,0.6153846153846154,0.5869565217391305,0.06697296351194382,0.06580301374197006,0.43574415862446303,0.4357302489745685,0.48483302545365137,0.5107799138844533,0.3846552329404014,0.3846552329404014,0.1256672441959381,0.0,0.0,0.0,0.20363471955060958,0.35779018700122833,0.35750141739845276,0.3047334849834442,0.3047334849834442,0.0,0.5,0.0,0.6976744186046512,0.07774390280246735,0.0,-0.09481715,-0.0382374,-0.03978782
0.4642857142857143,0.5,0.3333333333333333,0.42424242424242425,0.6153846153846154,0.5869565217391305,0.06632447987794876,0.06500323116779327,0.43638128441104923,0.4363674488395851,0.4853932564048877,0.5102704480268253,0.38369544914790565,0.38369544914790565,0.1391429603099823,0.0,0.0,0.0,0.40870836973190305,0.22273996472358704,0.2188640534877777,0.5976375341415405,0.5976375341415405,0.0928875282406807,0.4628449887037277,0.0,0.6976744186046512,0.09039086848497391,0.0,-0.09479858,-0.04365851,-0.04248316
0.4642857142857143,0.5,0.3333333333333333,0.42424242424242425,0.6153846153846154,0.5869565217391305,0.028928544372320175,0.0286189503967762,0.4499650234018184,0.44995200839142957,0.5770463428351437,0.420897517053342,0.4080635734966823,0.4080635734966823,0.15933933854103088,0.0,0.0,0.0,0.6087043315172195,0.0940253734588623,0.09385669231414795,0.8789157271385193,0.8789157271385193,0.11785902082920074,0.4528563916683197,0.11687681823968887,0.571595083835513,0.19965897500514984,0.0,-0.09763637,-0.04986678,-0.04465764
0.4642857142857143,0.5,0.3333333333333333,0.42424242424242425,0.6153846153846154,0.5869565217391305,0.011901677586138248,0.011977128684520721,0.44636992309563017,0.44635672573833574,0.5818921263769525,0.4159868351081539,0.4179103459630694,0.4179103459630694,0.16675865650177002,0.0,0.0,0.0,0.6196834295988083,0.085207998752594,0.08576127886772156,0.8932468891143799,0.8932468891143799,0.12778474390506744,0.448886102437973,0.12425877153873444,0.5632464171842088,0.32057613134384155,0.0,-0.11840794,-0.05495084,-0.03880311
0.4642857142857143,0.5,0.3333333333333333,0.42424242424242425,0.6153846153846154,0.5869565217391305,0.011860541999340057,0.0,0.4505089927129946,0.4504959663059242,0.57549709503327,0.42220391866531193,0.42211204767227173,0.42211204767227173,0.190969318151474,0.0,0.0,0.0,0.6195611387491226,0.09141045808792114,0.09235131740570068,0.892812192440033,0.892812192440033,0.16756394505500793,0.43297442197799685,0.15702779591083527,0.5471227231413819,0.48700931668281555,0.0,-0.10653381,-0.04657682,-0.03688439
0.4642857142857143,0.5,0.3333333333333333,0.42424242424242425,0.6153846153846154,0.5869565217391305,0.0,0.0,0.45666677933578054,0.45665403214740935,0.5708149621409166,0.42693032766568684,0.41016270007405964,0.41016270007405964,0.22642287611961365,0.0,0.0,0.0,0.6195108413696289,0.10742250084877014,0.1068829894065857,0.8925467729568481,0.8925467729568481,0.18156473338603973,0.4273741066455841,0.17120793461799622,0.5233174319877181,0.5422584414482117,0.0,-0.07658755,-0.02751741,-0.03749678
0.4642857142857143,0.5,0.3333333333333333,0.42424242424242425,0.6153846153846154,0.5869565217391305,0.0,0.0,0.45790633656098784,0.45789361786432065,0.5576841158803061,0.43969668525532096,0.4034065561635154,0.4034065561635154,0.23489415645599365,0.0,0.0,0.0,0.6192215740680694,0.11171862483024597,0.11103960871696472,0.8915707468986511,0.8915707468986511,0.19832365214824677,0.4206705391407013,0.1859324723482132,0.512870425401732,0.5956062078475952,0.0,-0.07917936,-0.024345,-0.03535813
0.4642857142857143,0.5,0.3333333333333333,0.42424242424242425,0.6153846153846154,0.5869565217391305,0.0,0.0,0.45940673818551786,0.4593940736230883,0.5493149570479676,0.44786154147493173,0.3991335417543139,0.3991335417543139,0.23614779114723206,0.0,0.0,0.0,0.6196438133716583,0.11549058556556702,0.11200988292694092,0.8910543322563171,0.8910543322563171,0.22565385699272156,0.40973845720291135,0.21091146767139435,0.4914045403170031,0.6434900760650635,0.0,-0.08997339,-0.01519805,-0.022948
0.4642857142857143,0.5,0.3333333333333333,0.42424242424242425,0.6153846153846154,0.5869565217391305,0.0,0.0,0.4503056816115662,0.4502926039194286,0.5547566502773511,0.44249910646774526,0.39576988135065355,0.39576988135065355,0.21579816937446594,0.0,0.0,0.0,0.6213085085153579,0.11256802082061768,0.10607406497001648,0.8922595381736755,0.8922595381736755,0.23166504502296448,0.4073339819908142,0.21758945286273956,0.48534863216932433,0.6465793251991272,0.0,-0.10345626,-0.00418712,-0.02074705
0.4642857142857143,0.5,0.3333333333333333,0.42424242424242425,0.6153846153846154,0.5869565217391305,0.0,0.0,0.44214786854118504,0.44213444894859943,0.5474685436225074,0.44958949494265643,0.3920199189867292,0.3920199189867292,0.1823948323726654,0.0,0.0,0.0,0.6281086683273315,0.10493719577789307,0.09525331854820251,0.8988871574401855,0.8988871574401855,0.24230261147022247,0.403078955411911,0.22801737487316132,0.4702558628348417,0.6590328216552734,0.0,-0.10674888,0.00841163,-0.01928151
0.4642857142857143,0.5,0.3333333333333333,0.42424242424242425,0.6153846153846154,0.5869565217391305,0.0,0.0,0.438442539530548,0.4384271882004309,0.5401615754596134,0.45668033928483165,0.3853396006992885,0.3853396006992885,0.17332050204277039,0.0,0.0,0.0,0.6298722475767136,0.1037619411945343,0.09423255920410156,0.9017224907875061,0.9017224907875061,0.24647268652915955,0.40141092538833617,0.23224914073944092,0.4688060145045436,0.6635242104530334,0.0,-0.09986144,0.02230375,-0.01116917
0.4642857142857143,0.5,0.3333333333333333,0.42424242424242425,0.6153846153846154,0.5869565217391305,0.5913131237030029,0.5879983901977539,0.3064363891718265,0.3064161258719391,0.4741664038789432,0.5238255357600484,0.3804163315466472,0.3804163315466472,0.08675059676170349,0.0,0.0,0.0,0.6396979480981826,0.09279695153236389,0.08287206292152405,0.9128944873809814,0.9128944873809814,0.38199087977409363,0.3472036480903625,0.3622167110443115,0.46266866284747454,0.6631729006767273,0.0,-0.09200157,0.03354425,0.00140734
0.4642857142857143,0.5,0.3333333333333333,0.42424242424242425,0.6153846153846154,0.5869565217391305,0.1355687379837036,0.1348465085029602,0.4102128452370317,0.4101961149084408,0.4637236473209315,0.5319497457147278,0.31890594533511574,0.31890594533511574,0.08832782506942749,0.0,0.0,0.0,0.6411256134510039,0.08737727999687195,0.07715374231338501,0.9143584370613098,0.9143584370613098,0.29425162076950073,0.3822993516921997,0.2973928153514862,0.4638223454009655,0.6635404825210571,0.0,-0.0917352,0.03404017,0.01744176
0.4642857142857143,0.5,0.3333333333333333,0.42424242424242425,0.6153846153846154,0.5869565217391305,0.07834792137145996,0.07776715606451035,0.4209883848978046,0.4209719280895722,0.4592408737306613,0.5358095752640796,0.28525352478027344,0.28525352478027344,0.09625670313835144,0.0,0.0,0.0,0.6390177756547928,0.09403538703918457,0.0827467143535614,0.9113186001777649,0.9113186001777649,0.27005842328071594,0.3919766306877136,0.2782270014286041,0.47319271536760554,0.6691752076148987,0.0,-0.08835559,0.04487693,0.04109634
0.4642857142857143,0.5,0.3333333333333333,0.42424242424242425,0.6153846153846154,0.5869565217391305,0.05035997927188873,0.049775850027799606,0.42684879790756486,0.42683256903296446,0.4583599444329169,0.5366432254282005,0.2810132397072656,0.2810132397072656,0.10942435264587402,0.0,0.0,0.0,0.6354673147201537,0.10205656290054321,0.08999836444854736,0.9063916802406311,0.9063916802406311,0.26880285143852234,0.39247885942459104,0.27795812487602234,0.4807288078374641,0.6724101901054382,0.0,-0.08686279,0.05686711,0.0606659
0.4642857142857143,0.5,0.3333333333333333,0.42424242424242425,0.6153846153846154,0.5869565217391305,0.0742982029914856,0.07393007725477219,0.40873784681579123,0.4087207688884115,0.4574708408652938,0.5373475617199459,0.2652291847126825,0.2652291847126825,0.11396819353103638,0.0,0.0,0.0,0.6319149553775787,0.11367413401603699,0.09870585799217224,0.9007728099822998,0.9007728099822998,0.26453399658203125,0.3941864013671875,0.2738082706928253,0.4923046813454739,0.6705568432807922,0.0,-0.09113029,0.06534879,0.07961363
0.4642857142857143,0.5,0.3333333333333333,0.42424242424242425,0.6153846153846154,0.5869565217391305,0.062338195741176605,0.061481356620788574,0.39846992675022685,0.3984522846871079,0.460196736209935,0.5341602204356043,0.2505703163998468,0.2505703163998468,0.16363558173179626,0.0,0.0,0.0,0.6238291144371032,0.156305730342865,0.1395610272884369,0.8892641663551331,0.8892641663551331,0.2540868818759918,0.39836524724960326,0.2601381540298462,0.49180639344592425,0.7365926504135132,0.0,-0.10615014,0.0842404,0.08808334
0.4642857142857143,0.5,0.3333333333333333,0.42424242424242425,0.6153846153846154,0.5869565217391305,0.07266537100076675,0.07212810218334198,0.3945544030424742,0.39453651025236,0.46636014994426167,0.5277877545214925,0.2431167768580573,0.2431167768580573,0.13209503889083862,0.0,0.0,0.0,0.6222995817661285,0.15530630946159363,0.1374107003211975,0.8870654702186584,0.8870654702186584,0.2523764967918396,0.39904940128326416,0.25794142484664917,0.49752625615097756,0.7398173213005066,0.0011077936505898833,-0.10994119,0.0943285,0.09388746
0.4642857142857143,0.5,0.3333333333333333,0.42424242424242425,0.6153846153846154,0.5869565217391305,0.07898763567209244,0.0783306285738945,0.4058608058305817,0.40584342019279873,0.47291193124669006,0.5211685646965623,0.23966521024703982,0.23966521024703982,0.1280020773410797,0.0,0.0,0.0,0.6223589330911636,0.14507493376731873,0.1294037103652954,0.8874549865722656,0.8874549865722656,0.2553543746471405,0.3978582501411438,0.259117066860199,0.5022336577260217,0.7353909611701965,0.0,-0.11811933,0.10396492,0.11477083
0.4642857142857143,0.5,0.3333333333333333,0.42424242424242425,0.6153846153846154,0.5869565217391305,0.08335540443658829,0.08271636068820953,0.42769538330530343,0.427679239905815,0.5321842801274579,0.46338176471502734,0.27829978082861223,0.27829978082861223,0.1521776020526886,0.0,0.0,0.0,0.6243197798728942,0.12734052538871765,0.11222735047340393,0.8904476165771484,0.8904476165771484,0.2544967234134674,0.39820131063461306,0.25474363565444946,0.4990855136583018,0.7114914059638977,0.0,-0.11642495,0.11927645,0.14267839
0.4642857142857143,0.5,0.3333333333333333,0.42424242424242425,0.6153846153846154,0.5869565217391305,0.0,0.0,0.43107554219648897,0.4310565781183042,0.6198319700434377,0.37900861494349203,0.3342342696019582,0.3342342696019582,0.18704062700271606,0.0,0.0,0.0,0.6255141705274582,0.1315157413482666,0.11592757701873779,0.8934761881828308,0.8934761881828308,0.25650376081466675,0.3973984956741333,0.24814727902412415,0.4940174693285033,0.7015044689178467,0.0,-0.11707617,0.12605415,0.15338139
0.4642857142857143,0.5,0.3333333333333333,0.42424242424242425,0.6153846153846154,0.5869565217391305,0.0,0.0,0.42570241140361953,0.42568326497852915,0.6302547482186021,0.3689950916046344,0.33074708921568735,0.33074708921568735,0.1895633339881897,0.0,0.0,0.0,0.6268038153648376,0.13218888640403748,0.1155555248260498,0.8961743116378784,0.8961743116378784,0.2562965154647827,0.3974813938140869,0.24156174063682556,0.4955488859220993,0.6960364580154419,0.0,-0.11647925,0.1202739,0.154681
0.4642857142857143,0.5,0.3333333333333333,0.42424242424242425,0.6153846153846154,0.5869565217391305,0.0,0.0,0.43517835896967927,0.43515943477988017,0.5871889734815229,0.4104560939070777,0.3344760515860149,0.3344760515860149,0.19596520066261292,0.0,0.0,0.0,0.6276561170816422,0.1287071704864502,0.10882669687271118,0.8973693251609802,0.8973693251609802,0.25624996423721313,0.3975000143051147,0.2372693121433258,0.4857481565586356,0.6911064982414246,0.005710034165531397,-0.12043638,0.10663723,0.1361255
0.4642857142857143,0.5,0.3333333333333333,0.42424242424242425,0.6153846153846154,0.5869565217391305,0.0,0.0,0.435590645323292,0.43557169264178885,0.5952062369760547,0.4025250861972463,0.34465487514223375,0.34465487514223375,0.20130416750907898,0.0,0.0,0.0,0.6284146875143051,0.12817978858947754,0.10741326212882996,0.8979558944702148,0.8979558944702148,0.25783148407936096,0.3968674063682556,0.23565703630447388,0.48045688590338065,0.691168487071991,0.07413046900182962,-0.11171639,0.09320407,0.114448
0.4642857142857143,0.5,0.3333333333333333,0.42424242424242425,0.6153846153846154,0.5869565217391305,0.0,0.0,0.43737488700144606,0.43735612806353014,0.6267216629553479,0.3721989609264684,0.37339523434638977,0.37339523434638977,0.20369914174079895,0.0,0.0,0.0,0.6306857883930206,0.1260959804058075,0.10455906391143799,0.9007654786109924,0.9007654786109924,0.27962806820869446,0.3881487727165222,0.24053379893302917,0.4766178754873054,0.682468593120575,0.18067333847284317,-0.08533546,0.07015485,0.06796925
0.4642857142857143,0.5,0.3333333333333333,0.42424242424242425,0.6153846153846154,0.5869565217391305,0.2051411271095276,0.20425181090831757,0.3891955693866737,0.3891748046327959,0.5045347175281317,0.49179507094582403,0.5124567874840328,0.5124567874840328,0.18278807401657104,0.0,0.0,0.0,0.6328273177146911,0.12321516871452332,0.1037568747997284,0.9010048508644104,0.9010048508644104,0.320068895816803,0.3719724416732788,0.28394240140914917,0.4483303635619408,0.6993878483772278,0.2324945665895939,-0.08838897,0.03559706,0.03230982
0.4642857142857143,0.5,0.3333333333333333,0.42424242424242425,0.6153846153846154,0.5869565217391305,0.0,0.0,0.4399059133365551,0.43988701194011914,0.4810575071302016,0.5147408619158989,0.46287751623562406,0.46287751623562406,0.21279555559158325,0.0,0.0,0.0,0.6317845284938812,0.12586283683776855,0.10344186425209045,0.8987507820129395,0.8987507820129395,0.34050390124320984,0.36379843950271606,0.2953648865222931,0.44766839853552887,0.7119141221046448,0.25614483281970024,-0.09802287,0.00148572,0.01638275
0.4642857142857143,0.5,0.3333333333333333,0.42424242424242425,0.6153846153846154,0.5869565217391305,0.0,0.0,0.45119055985948553,0.45117202885520163,0.5099758366496795,0.4857089010702214,0.46085417270660406,0.46085417270660406,0.2126031517982483,0.0,0.0,0.0,0.6258836507797241,0.1325293481349945,0.10813939571380615,0.8897148370742798,0.8897148370742798,0.3508600890636444,0.3596559643745422,0.2982181906700134,0.4606120946795441,0.7241571545600891,0.266766045242548,-0.10842081,-0.02055231,0.00280246
0.4642857142857143,0.5,0.3333333333333333,0.42424242424242425,0.6153846153846154,0.5869565217391305,0.0,0.0,0.4647547193512634,0.46473665561092514,0.5417891156149184,0.45401328785646894,0.4604254237243108,0.4604254237243108,0.21599429845809937,0.0,0.0,0.0,0.621077674627304,0.1440609097480774,0.11948338150978088,0.8825804591178894,0.8825804591178894,0.35953599214553833,0.35618560314178466,0.30097347497940063,0.4625988006591797,0.722852349281311,0.2742420881986618,-0.10543767,-0.02714911,-0.00252758
0.4642857142857143,0.5,0.3333333333333333,0.42424242424242425,0.6153846153846154,0.5869565217391305,0.0,0.0,0.4641646504630094,0.46414643571664,0.5795843268443703,0.4164706698288603,0.4586363690240043,0.4586363690240043,0.22816962003707886,0.0,0.0,0.0,0.6124256283044814,0.16243991255760193,0.13897231221199036,0.8705853223800659,0.8705853223800659,0.3662867844104767,0.3534852862358093,0.2970680892467499,0.48540154861849405,0.7345452904701233,0.28817420825362206,-0.10112865,-0.03494149,-0.00833811
0.4642857142857143,0.5,0.3333333333333333,0.42424242424242425,0.6153846153846154,0.5869565217391305,0.0,0.0,0.4776154428891424,0.4775978492619203,0.6211463265391655,0.37619932153206204,0.4237489189420428,0.4237489189420428,0.2519611716270447,0.0,0.0,0.0,0.6079971432685851,0.17848825454711914,0.15387552976608276,0.8639400601387024,0.8639400601387024,0.35555392503738403,0.3577784299850464,0.27558740973472595,0.5147959811742916,0.7415373921394348,0.31298279762268066,-0.10039856,-0.04293526,-0.01166413
0.4642857142857143,0.5,0.3333333333333333,0.42424242424242425,0.6153846153846154,0.5869565217391305,0.0,0.0,0.4778037075216866,0.4777860982240272,0.6324392299579161,0.3651931472257214,0.3979107524667468,0.3979107524667468,0.2558184862136841,0.0,0.0,0.0,0.6056758910417557,0.18480446934700012,0.15964725613594055,0.8605504035949707,0.8605504035949707,0.3441692888736725,0.362332284450531,0.2624097764492035,0.5486993734226671,0.7580726742744446,0.3245638310909271,-0.09217459,-0.04792789,-0.01667166
0.4642857142857143,0.5,0.3333333333333333,0.42424242424242425,0.6153846153846154,0.5869565217391305,0.0,0.0,0.48224850736886093,0.48223104765264757,0.6327833299655076,0.36472362673710634,0.4196397321564811,0.4196397321564811,0.25478947162628174,0.0,0.0,0.0,0.6050202727317809,0.1794854998588562,0.15514057874679565,0.8596822619438171,0.8596822619438171,0.3466050326824188,0.36135798692703247,0.26212024688720703,0.5231695050416991,0.7637941837310791,0.3193061053752899,-0.08939836,-0.05203378,-0.0182186
0.4642857142857143,0.5,0.3333333333333333,0.42424242424242425,0.6153846153846154,0.5869565217391305,0.0,0.0,0.49646313353147836,0.49644632378226256,0.6230757619409215,0.3743105836803047,0.42780118329184397,0.42780118329184397,0.25498348474502563,0.0,0.0,0.0,0.6058489382266998,0.17593899369239807,0.15120527148246765,0.861355721950531,0.861355721950531,0.37142130732536316,0.3514314770698547,0.2834940552711487,0.4967440699422082,0.769778847694397,0.3009532205760479,-0.08928306,-0.0606204,-0.01961853
0.4642857142857143,0.5,0.3333333333333333,0.42424242424242425,0.6153846153846154,0.5869565217391305,0.0,0.0,0.4812060272602461,0.4811887413434271,0.5629092436675588,0.4335620908795939,0.43739616870880127,0.43739616870880127,0.24646636843681335,0.0,0.0,0.0,0.6154664814472198,0.13480454683303833,0.11268243193626404,0.8758236169815063,0.8758236169815063,0.37207892537117004,0.35116842985153196,0.29136011004447937,0.4492063855015954,0.7345358729362488,0.28015878051519394,-0.09664429,-0.07855235,-0.02412071
0.4642857142857143,0.5,0.3333333333333333,0.42424242424242425,0.6153846153846154,0.5869565217391305,0.0,0.0,0.46521229041921935,0.4651945315401139,0.4956174235413453,0.5006625268878212,0.41942019547734943,0.41942019547734943,0.25919321179389954,0.0,0.0,0.0,0.6181653708219528,0.12465968728065491,0.10226759314537048,0.8796981573104858,0.8796981573104858,0.3556748330593109,0.3577300667762756,0.29448649287223816,0.40198763442593954,0.7107105255126953,0.2344687283039093,-0.08919929,-0.09332077,-0.03974768
0.4642857142857143,0.5,0.3333333333333333,0.42424242424242425,0.6153846153846154,0.5869565217391305,0.0,0.0,0.4590309724980969,0.4590129942328707,0.466277435678369,0.5300178201380419,0.39846679994038176,0.39846679994038176,0.2992071211338043,0.0,0.0,0.0,0.6206937789916992,0.12915551662445068,0.10247525572776794,0.8833841681480408,0.8833841681480408,0.32783380150794983,0.36886647939682005,0.2910575270652771,0.38357698917388916,0.703895628452301,0.19862810149788857,-0.08346922,-0.10107557,-0.03741286
0.4642857142857143,0.5,0.3333333333333333,0.42424242424242425,0.6153846153846154,0.5869565217391305,0.0,0.0,0.45727091457830105,0.4572528536871332,0.4583628163966804,0.5379415083291147,0.3796745091676712,0.3796745091676712,0.2921602427959442,0.0,0.0,0.0,0.6256281793117523,0.12815210223197937,0.1015358567237854,0.8913390040397644,0.8913390040397644,0.31592845916748047,0.3736286163330078,0.286872923374176,0.3852508306503296,0.6898999214172363,0.09306800551712513,-0.07624266,-0.11360306,-0.0424837
0.4642857142857143,0.5,0.3333333333333333,0.42424242424242425,0.6153846153846154,0.5869565217391305,0.0,0.0,0.4063873952023158,0.4063665563700076,0.49012808826525855,0.5038925117055448,0.39026767015457153,0.39026767015457153,0.19756653904914856,0.0,0.0,0.0,0.629306897521019,0.1209818422794342,0.09721854329109192,0.8970150947570801,0.8970150947570801,0.2968195974826813,0.3812721610069275,0.27906128764152527,0.3883754849433899,0.6475552916526794,0.0,-0.0806959,-0.13826324,-0.04903292
0.4642857142857143,0.5,0.3333333333333333,0.42424242424242425,0.6153846153846154,0.5869565217391305,0.0,0.0,0.38724189324315145,0.3872204560850592,0.4788432843256635,0.5156029325547633,0.38932873734406065,0.38932873734406065,0.16457796096801758,0.0,0.0,0.0,0.6296012133359908,0.11999157071113586,0.09771984815597534,0.8988783955574036,0.8988783955574036,0.28894689679145813,0.38442124128341676,0.27555590867996216,0.3941412374030712,0.6440176367759705,0.0,-0.08997494,-0.1615506,-0.04244291
0.4642857142857143,0.5,0.3333333333333333,0.42424242424242425,0.6153846153846154,0.5869565217391305,0.0,0.0,0.3843923581489869,0.38437082981744186,0.4756281023727548,0.5188917384954023,0.39021019424710957,0.39021019424710957,0.15482264757156372,0.0,0.0,0.0,0.6288055926561356,0.11988955736160278,0.09934777021408081,0.8989583253860474,0.8989583253860474,0.2880096733570099,0.38479613065719603,0.2777329981327057,0.39400197045747626,0.6438044905662537,0.0,-0.09039981,-0.17398994,-0.04273438
0.4642857142857143,0.5,0.3333333333333333,0.42424242424242425,0.6153846153846154,0.5869565217391305,0.0,0.0,0.3656426059584317,0.36562041661935374,0.4709801794693985,0.5236901346351125,0.3928919988019126,0.3928919988019126,0.1484580934047699,0.0,0.0,0.0,0.6176707208156585,0.1467638611793518,0.12839168310165405,0.8858785033226013,0.8858785033226013,0.28668883442878723,0.3853244662284851,0.2801280617713928,0.39517264033472815,0.678877055644989,0.0,-0.0991888,-0.18153311,-0.0288229
0.4642857142857143,0.5,0.3333333333333333,0.42424242424242425,0.6153846153846154,0.5869565217391305,0.0,0.0,0.3531630230679339,0.3531404690350447,0.46928538464679315,0.5256873489515225,0.3943503754479545,0.3943503754479545,0.13741549849510193,0.0,0.0,0.0,0.6122412741184234,0.1592719852924347,0.14401501417160034,0.8794556260108948,0.8794556260108948,0.28461775183677673,0.3861528992652893,0.2819918692111969,0.4025670331577922,0.6964111924171448,0.0,-0.12266371,-0.17914887,-0.00744435
0.4642857142857143,0.5,0.3333333333333333,0.42424242424242425,0.6153846153846154,0.5869565217391305,0.0,0.0,0.35141903446919603,0.35139648043630684,0.4684371638252448,0.5266447727761756,0.3937806934118271,0.3937806934118271,0.13340681791305542,0.0,0.0,0.0,0.6098373055458068,0.16038262844085693,0.1452036201953888,0.8764484524726868,0.8764484524726868,0.2817581593990326,0.38729673624038696,0.28067997097969055,0.40649925553521443,0.6988630890846252,0.0,-0.15377155,-0.15613957,0.00327421
0.4642857142857143,0.5,0.3333333333333333,0.42424242424242425,0.6153846153846154,0.5869565217391305,0.0,0.0,0.35304887390501416,0.35302645663230414,0.46561260455880976,0.5295658818799674,0.3923293309552329,0.3923293309552329,0.13045978546142578,0.0,0.0,0.0,0.6071922600269317,0.16018706560134888,0.1445130705833435,0.8729243278503418,0.8729243278503418,0.27801769971847534,0.38879292011260985,0.2789599299430847,0.4112948789152988,0.7014050483703613,0.0,-0.18257854,-0.13611311,0.00298808
0.4642857142857143,0.5,0.3333333333333333,0.42424242424242425,0.6153846153846154,0.5869565217391305,0.0,0.0,0.3530123475404816,0.3529899074744084,0.4630086565564741,0.5321982987929434,0.3898758228336062,0.3898758228336062,0.12968364357948303,0.0,0.0,0.0,0.6057131499052048,0.16112911701202393,0.145409494638443,0.8711471557617188,0.8711471557617188,0.2765488624572754,0.38938045501708984,0.2787642776966095,0.4121998853461687,0.7070353031158447,0.0,-0.24129084,-0.09202655,0.01139172
0.4642857142857143,0.5,0.3333333333333333,0.42424242424242425,0.6153846153846154,0.5869565217391305,0.0,0.0,0.40025194607546866,0.40023128389172524,0.5073759237849234,0.48800057429833754,0.38540461233684,0.38540461233684,0.16162416338920593,0.0,0.0,0.0,0.6061960130929946,0.14312630891799927,0.13323503732681274,0.8721925020217896,0.8721925020217896,0.2756616473197937,0.3897353410720825,0.278902143239975,0.41149670994559,0.7062999606132507,0.0,-0.26055259,-0.07532822,0.00542685
0.4642857142857143,0.5,0.3333333333333333,0.42424242424242425,0.6153846153846154,0.5869565217391305,0.0,0.0,0.4123146041629419,0.41229474544525146,0.5753215519465634,0.42199738800133113,0.3838055367980685,0.3838055367980685,0.18836906552314758,0.0,0.0,0.0,0.606247666478157,0.13820791244506836,0.12956398725509644,0.873167097568512,0.873167097568512,0.2716841399669647,0.3913263440132141,0.2738695442676544,0.41150340507196825,0.7021814584732056,0.0,-0.27024825,-0.05768837,0.00451409
0.4642857142857143,0.5,0.3333333333333333,0.42424242424242425,0.6153846153846154,0.5869565217391305,0.0,0.0,0.4061955491625784,0.4061754169245295,0.5515621547261342,0.44518801673141944,0.38126588932105476,0.38126588932105476,0.1953744888305664,0.0,0.0,0.0,0.6052796870470046,0.13809466361999512,0.1310722827911377,0.8736249208450317,0.8736249208450317,0.26160600781440735,0.39535759687423705,0.2648167014122009,0.42252000681189605,0.6997523903846741,0.0,-0.24629497,-0.03671118,0.00714245
0.4642857142857143,0.5,0.3333333333333333,0.42424242424242425,0.6153846153846154,0.5869565217391305,0.0,0.0,0.43209592698864907,0.43207685464198914,0.5444368753105003,0.45233893298231576,0.35208585006850107,0.35208585006850107,0.21945184469223022,0.0,0.0,0.0,0.6029029220342635,0.1426873505115509,0.13697665929794312,0.8711983561515808,0.8711983561515808,0.2556360960006714,0.39774556159973146,0.26084086298942566,0.4310945300168769,0.7115421891212463,0.0,-0.2485938,-0.01683028,0.01084361
0.4642857142857143,0.5,0.3333333333333333,0.42424242424242425,0.6153846153846154,0.5869565217391305,0.0,0.0,0.43288690797685436,0.4328694311656186,0.5258163045058971,0.4703110952855474,0.3474202858550208,0.3474202858550208,0.23034176230430603,0.0,0.0,0.0,0.6016255229711532,0.14180117845535278,0.13622400164604187,0.8697430491447449,0.8697430491447449,0.2483759969472885,0.4006496012210846,0.25600671768188477,0.43764431809270105,0.7121233940124512,0.0,-0.26063889,0.0122501,0.01582899
0.4642857142857143,0.5,0.3333333333333333,0.42424242424242425,0.6153846153846154,0.5869565217391305,0.0,0.0,0.3890035694917347,0.3889842293230571,0.42697198463899455,0.5681375062893677,0.36826751061848234,0.36826751061848234,0.15503081679344177,0.0,0.0,0.0,0.6004021346569061,0.12357333302497864,0.12079998850822449,0.8682188987731934,0.8682188987731934,0.24542252719402313,0.40183098912239074,0.25518637895584106,0.440569422965826,0.695008397102356,0.0,-0.2733494,0.04609018,0.02627641
0.4642857142857143,0.5,0.3333333333333333,0.42424242424242425,0.6153846153846154,0.5869565217391305,0.0,0.0,0.40495374964026604,0.4049349964006909,0.4194890830530491,0.5758331226636478,0.3674929695469993,0.3674929695469993,0.1285376250743866,0.0,0.0,0.0,0.6005092591047286,0.11903846263885498,0.11597776412963867,0.868743896484375,0.868743896484375,0.25656428933143616,0.39737428426742555,0.27147766947746277,0.44165355521579125,0.6840980052947998,0.0,-0.26601063,0.06480657,0.01810228
0.4642857142857143,0.5,0.3333333333333333,0.42424242424242425,0.6153846153846154,0.5869565217391305,0.0,0.0,0.41351176858176236,0.4134934712094513,0.42282789478338473,0.572775593856502,0.35960381584508083,0.35960381584508083,0.12361806631088257,0.0,0.0,0.0,0.6056345432996749,0.10206478834152222,0.09789127111434937,0.8747037649154663,0.8747037649154663,0.2782372832298279,0.38870508670806886,0.2984573543071747,0.436836370201998,0.6882734894752502,0.0,-0.26214671,0.07400249,0.02235864
0.4642857142857143,0.5,0.3333333333333333,0.42424242424242425,0.6153846153846154,0.5869565217391305,0.0,0.0,0.4384460895968669,0.43842885781428553,0.42228417619920366,0.5738801858798446,0.3608672853027072,0.3608672853027072,0.12397500872612,0.0,0.0,0.0,0.6087269246578216,0.09975063800811768,0.09355625510215759,0.8772882223129272,0.8772882223129272,0.29063165187835693,0.3837473392486572,0.3095700740814209,0.4313225593677787,0.6846518516540527,0.0,-0.26144364,0.07897393,0.02763026
0.4642857142857143,0.5,0.3333333333333333,0.42424242424242425,0.6153846153846154,0.5869565217391305,0.0,0.0,0.45757775883373747,0.45756126783546025,0.4472862789781326,0.5487106487531684,0.3769027973924365,0.3769027973924365,0.12844696640968323,0.0,0.0,0.0,0.6107387989759445,0.09812518954277039,0.08760887384414673,0.8782753348350525,0.8782753348350525,0.3086087703704834,0.3765564918518066,0.3131833076477051,0.421009382536245,0.6651055216789246,0.0,-0.25681784,0.08001162,0.02675452
0.4642857142857143,0.5,0.3333333333333333,0.42424242424242425,0.6153846153846154,0.5869565217391305,0.0,0.0,0.48908466436894854,0.4890693835557989,0.4618185580802465,0.5342053114063603,0.4358530470303127,0.4358530470303127,0.12279731035232544,0.0,0.0,0.0,0.6089349567890167,0.09926891326904297,0.08380329608917236,0.8709152936935425,0.8709152936935425,0.37833401560783386,0.3486663937568665,0.36449310183525085,0.39411216974258423,0.6884973049163818,0.0,-0.25967582,0.08144079,0.01847047
0.4642857142857143,0.5,0.3333333333333333,0.42424242424242425,0.6153846153846154,0.5869565217391305,0.0,0.0,0.48382930403457775,0.4838137233462434,0.4746488937912206,0.5209915970246555,0.44064185449055265,0.44064185449055265,0.09657669067382812,0.0,0.0,0.0,0.6113223820924758,0.09358859062194824,0.08051547408103943,0.8716126680374146,0.8716126680374146,0.3839775025844574,0.346408998966217,0.3708038032054901,0.38893590139788253,0.5897817015647888,0.0,-0.25800819,0.06794148,0.00716101
0.4642857142857143,0.5,0.3333333333333333,0.42424242424242425,0.6153846153846154,0.5869565217391305,0.0,0.0,0.4914985363786581,0.49148323134755995,0.49295669050449165,0.5026520228016167,0.44275021978787016,0.44275021978787016,0.0889197587966919,0.0,0.0,0.0,0.622391602396965,0.07911887764930725,0.06745994091033936,0.8863081336021423,0.8863081336021423,0.3883194029331207,0.3446722388267517,0.3782036304473877,0.3614486857902172,0.5539042949676514,0.0,-0.24923288,0.05219378,-0.00370637
0.4642857142857143,0.5,0.3333333333333333,0.42424242424242425,0.6153846153846154,0.5869565217391305,0.0,0.0,0.5028792729540719,0.502864439460675,0.49758178300542993,0.4981611433215574,0.46136988060815,0.46136988060815,0.0894661545753479,0.0,0.0,0.0,0.6276426196098327,0.0772930383682251,0.0661604106426239,0.8940829634666443,0.8940829634666443,0.4197032153606415,0.33211871385574343,0.41207224130630493,0.335171103477478,0.5264425873756409,0.057559236884117126,-0.24528241,0.03396648,-0.00559976
0.4642857142857143,0.5,0.3333333333333333,0.42424242424242425,0.6153846153846154,0.5869565217391305,0.0,0.0,0.4873889649347411,0.48737010770044636,0.5123892499429545,0.4834883146435941,0.4708064241068704,0.4708064241068704,0.10328641533851624,0.0,0.0,0.0,0.6310761302709579,0.07661852240562439,0.06490767002105713,0.8995174765586853,0.8995174765586853,0.379339337348938,0.3482642650604248,0.37463313341140747,0.35677503014719764,0.4509185552597046,0.04828796721994877,-0.25979005,0.0038164,-0.01195888
0.4642857142857143,0.5,0.3333333333333333,0.42424242424242425,0.6153846153846154,0.5869565217391305,0.0,0.0,0.4796650705442374,0.479645845766961,0.5322457623755271,0.4636626929165022,0.4766893812588283,0.4766893812588283,0.10486552119255066,0.0,0.0,0.0,0.6320227473974227,0.07782745361328125,0.06496912240982056,0.900776743888855,0.900776743888855,0.36240845918655396,0.3550366163253784,0.35760271549224854,0.3804496623748957,0.44522082805633545,0.13379612937569618,-0.26685833,-0.03760634,-0.0149689
0.4642857142857143,0.5,0.3333333333333333,0.42424242424242425,0.6153846153846154,0.5869565217391305,0.06622713059186935,0.06599348038434982,0.43105361498108785,0.43103284452886925,0.5537881374814998,0.44355617147963955,0.6139548548630306,0.6139548548630306,0.10538768768310547,0.0,0.0,0.0,0.6329930633306503,0.07701283693313599,0.06366413831710815,0.9016974568367004,0.9016974568367004,0.3985089361667633,0.34059642553329467,0.398314893245697,0.36561781583830366,0.5012535452842712,0.21325597539544106,-0.2661188,-0.06868616,-0.02861896
0.4642857142857143,0.5,0.3333333333333333,0.42424242424242425,0.6153846153846154,0.5869565217391305,0.0,0.0,0.49753663398282705,0.49751830562578786,0.5660996136200359,0.43087116340327625,0.5301884668213981,0.5301884668213981,0.1068960428237915,0.0,0.0,0.0,0.6290237426757812,0.0769270658493042,0.062405526638031006,0.8910757303237915,0.8910757303237915,0.40202799439430237,0.33918880224227904,0.3883734941482544,0.37417589231979015,0.4517742991447449,0.2263939194381237,-0.25962722,-0.07744394,-0.04112209
0.4642857142857143,0.5,0.3333333333333333,0.42424242424242425,0.6153846153846154,0.5869565217391305,0.0,0.0,0.4979944374362438,0.4979760244944583,0.5740316698245747,0.4227680316112187,0.5047730888639178,0.5047730888639178,0.12064561247825623,0.0,0.0,0.0,0.6311105102300644,0.08169186115264893,0.06494051218032837,0.8963136076927185,0.8963136076927185,0.3874765634536743,0.34500937461853026,0.3670427203178406,0.36263164392737457,0.4603528678417206,0.25437362492084503,-0.2494662,-0.07975911,-0.0562107
0.4642857142857143,0.5,0.3333333333333333,0.42424242424242425,0.6153846153846154,0.5869565217391305,0.0,0.0,0.4957321218818597,0.495713549564605,0.5756104806185225,0.42101609952540464,0.5311307311058044,0.5311307311058044,0.13827729225158691,0.0,0.0,0.0,0.6317128479480743,0.0836905837059021,0.0666114091873169,0.8977418541908264,0.8977418541908264,0.38790586590766907,0.34483765363693236,0.3646652400493622,0.3541339039802551,0.47511371970176697,0.26124827563762665,-0.24555991,-0.09355655,-0.05942895
0.4642857142857143,0.5,0.3333333333333333,0.42424242424242425,0.6153846153846154,0.5869565217391305,0.0,0.0,0.493831786838134,0.49381307135006663,0.5761058943677358,0.4203251871000006,0.5380078085831234,0.5380078085831234,0.1404956877231598,0.0,0.0,0.0,0.6327186495065689,0.08362621068954468,0.06704887747764587,0.899879515171051,0.899879515171051,0.3885152339935303,0.3445939064025879,0.3617137372493744,0.3553145051002502,0.4782094657421112,0.2675176225602627,-0.24119432,-0.10196586,-0.05780103
0.4642857142857143,0.5,0.3333333333333333,0.42424242424242425,0.6153846153846154,0.5869565217391305,0.0,0.0,0.4861606491113484,0.48614160525639244,0.5694577256306635,0.4268095798241198,0.5382061217512404,0.5382061217512404,0.13917770981788635,0.0,0.0,0.0,0.6332059353590012,0.08352288603782654,0.06727287173271179,0.9010038375854492,0.9010038375854492,0.3866065740585327,0.34535737037658687,0.35986605286598206,0.35605357885360717,0.46455904841423035,0.267753005027771,-0.20300464,-0.11120886,-0.0553489
0.4642857142857143,0.5,0.3333333333333333,0.42424242424242425,0.6153846153846154,0.5869565217391305,0.0,0.0,0.48331086329018863,0.48329170831758705,0.5637409449991259,0.4324420022184438,0.5124886121068682,0.5124886121068682,0.12593629956245422,0.0,0.0,0.0,0.6333075731992721,0.08336204290390015,0.06782400608062744,0.9017354249954224,0.9017354249954224,0.37533479928970337,0.34986608028411864,0.35295167565345764,0.39047372202540553,0.43990370631217957,0.2247941493988037,-0.1795122,-0.10760641,-0.05546214
0.4642857142857143,0.5,0.3333333333333333,0.42424242424242425,0.6153846153846154,0.5869565217391305,0.0,0.0,0.4844455140612549,0.48442641749664656,0.5441262843959874,0.45175453394315845,0.45318299106189186,0.45318299106189186,0.11672013998031616,0.0,0.0,0.0,0.6278214871883392,0.08472177386283875,0.07329553365707397,0.8972436189651489,0.8972436189651489,0.30170056223869324,0.3793197751045227,0.29406222701072693,0.47558335370795674,0.34180155396461487,0.11191217228770256,-0.16206204,-0.10379638,-0.0563824
0.4642857142857143,0.5,0.3333333333333333,0.42424242424242425,0.6153846153846154,0.5869565217391305,0.307719886302948,0.3066498041152954,0.39042576138877505,0.3904027286952586,0.514564994701236,0.4827522998507524,0.5198890822274345,0.5198890822274345,0.12028348445892334,0.0,0.0,0.0,0.6253464221954346,0.08057612180709839,0.07209554314613342,0.8942086100578308,0.8942086100578308,0.26313316822052,0.394746732711792,0.26549437642097473,0.4741801217544911,0.3073817491531372,0.029943122062832117,-0.15115845,-0.09718426,-0.06265349
0.4642857142857143,0.5,0.3333333333333333,0.42424242424242425,0.6153846153846154,0.5869565217391305,0.09931933879852295,0.09505913406610489,0.46113560623694105,0.46111457935938643,0.49585436660632576,0.5005771942343306,0.4239029117992946,0.4239029117992946,0.1874849796295166,0.0,0.0,0.0,0.6228467404842376,0.08889123797416687,0.08823946118354797,0.8914223313331604,0.8914223313331604,0.24473527073860168,0.40210589170455935,0.2476271092891693,0.524532649406167,0.3096637427806854,0.0,-0.12977472,-0.0856379,-0.05953642
0.4642857142857143,0.5,0.3333333333333333,0.42424242424242425,0.6153846153846154,0.5869565217391305,0.0,0.0,0.48750872696334957,0.48748842235049145,0.4765246380013672,0.5192682278721049,0.3150384766714914,0.3150384766714914,0.22422721982002258,0.0,0.0,0.0,0.5976661950349808,0.11864331364631653,0.1170722246170044,0.8658878207206726,0.8658878207206726,0.19380562007427216,0.42247775197029114,0.20066390931606293,0.5754661456097004,0.23302064836025238,0.0,-0.12025978,-0.07611629,-0.05680579
0.4642857142857143,0.5,0.3333333333333333,0.42424242424242425,0.6153846153846154,0.5869565217391305,0.0,0.0,0.4941678155021275,0.49414774986343674,0.4542982554344557,0.5415318077831783,0.23808716663292478,0.23808716663292478,0.5438916683197021,0.0,0.0,0.0,0.47558001875877376,0.2717611938714981,0.26757022738456726,0.6927220225334167,0.6927220225334167,0.14306966960430145,0.44277213215827943,0.15190887451171875,0.5752256824526676,0.12296626716852188,0.0,-0.11397513,-0.0570713,-0.04381704
0.4642857142857143,0.5,0.3333333333333333,0.42424242424242425,0.6153846153846154,0.5869565217391305,0.0,0.0,0.5029913600299144,0.5029715625693876,0.44524056893233815,0.550484293654311,0.2334492121423994,0.2334492121423994,0.7531374767422676,0.0,0.0,0.0,0.35574189126491546,0.3631168454885483,0.3733890503644943,0.5293143391609192,0.5293143391609192,0.12935778498649597,0.4482568860054016,0.13228784501552582,0.5627755855405053,0.10140559077262878,0.027527031488716602,-0.10275448,-0.03928856,-0.03736062
0.4642857142857143,0.5,0.3333333333333333,0.42424242424242425,0.6153846153846154,0.5869565217391305,0.0,0.0,0.49963890843050657,0.49961889603568765,0.43889646935873233,0.5565814564306474,0.19925217543329513,0.19925217543329513,0.8095986098051071,0.0,0.0,0.0,0.23286450654268262,0.42471492290496826,0.4262586459517479,0.3428661823272705,0.3428661823272705,0.11278524249792099,0.4548859030008316,0.11303197592496872,0.5715652780477392,0.06404358893632889,0.04606248810887337,-0.0853539,-0.01033432,-0.01478714
0.4642857142857143,0.5,0.3333333333333333,0.42424242424242425,0.6153846153846154,0.5869565217391305,0.0,0.0,0.5180584878926068,0.5180392203777744,0.43147612985643785,0.564290281469867,0.17289768372263228,0.17289768372263228,0.8474486395716667,0.0,0.0,0.0,0.1771168239414692,0.4546194411814213,0.4562486670911312,0.2641027271747589,0.2641027271747589,0.10305086523294449,0.4587796539068222,0.10202404856681824,0.5994045387866885,0.05352690443396568,0.052489121444523335,-0.06049355,0.02408561,0.01173867
0.4642857142857143,0.5,0.3333333333333333,0.42424242424242425,0.6153846153846154,0.5869565217391305,0.0,0.0,0.5203924442340493,0.5203732493730622,0.4328523019531717,0.5628691003160262,0.15769049525260925,0.15769049525260925,0.8627277463674545,0.0,0.0,0.0,0.17051682099699972,0.4626777432858944,0.46467991173267365,0.256971150636673,0.256971150636673,0.0976194217801094,0.46095223128795626,0.09606990218162537,0.6071073544579884,0.052187539637088776,0.05221937783062458,-0.04912225,0.04829461,0.02719999
0.4642857142857143,0.5,0.3333333333333333,0.42424242424242425,0.6153846153846154,0.5869565217391305,0.0,0.0,0.5210770371995054,0.5210579078694375,0.43281010573954243,0.5630412849431233,0.14882881194353104,0.14882881194353104,0.873151995241642,0.0,0.0,0.0,0.17540020421147345,0.46753738448023796,0.46817510202527046,0.262525737285614,0.262525737285614,0.09512091428041458,0.46195163428783415,0.0936320349574089,0.608652847450833,0.055391132831573486,0.05294017493724823,-0.05193496,0.0668708,0.03681268
0.4642857142857143,0.5,0.3333333333333333,0.42424242424242425,0.6153846153846154,0.5869565217391305,0.0,0.0,0.5142582473175932,0.5142388544392631,0.4324734876534223,0.5633228485095975,0.14190961207662312,0.14190961207662312,0.8782102912664413,0.0,0.0,0.0,0.15857211649417877,0.4709214102476835,0.47143850661814213,0.23526549339294434,0.23526549339294434,0.09103023260831833,0.4635879069566727,0.08967036008834839,0.617401106066482,0.05671212822198868,0.05016453564167023,-0.06416836,0.07993933,0.04543599
0.4642857142857143,0.5,0.3333333333333333,0.42424242424242425,0.6153846153846154,0.5869565217391305,0.0,0.0,0.5071491241227144,0.5071290274992956,0.4309555807259525,0.5648095570211834,0.13104224311453957,0.13104224311453957,0.8791368268430233,0.0,0.0,0.0,0.1279224142432213,0.4760371372103691,0.47665310464799404,0.19200973212718964,0.19200973212718964,0.08791466057300568,0.46483413577079774,0.08665765821933746,0.6190838907347169,0.05413621664047241,0.03643743460997939,-0.07700431,0.08078472,0.04540827
0.4642857142857143,0.5,0.3333333333333333,0.42424242424242425,0.6153846153846154,0.5869565217391305,0.0,0.0,0.4961443822367925,0.4961238172809891,0.4352019671956166,0.5604341861144712,0.12407976601805007,0.12407976601805007,0.881198987364769,0.0,0.0,0.0,0.1331161245703697,0.4774681646376848,0.47788720950484276,0.1981370598077774,0.1981370598077774,0.08547753840684891,0.46580898463726045,0.08463490754365921,0.6182146522887918,0.051115356385707855,0.026218974962830544,-0.0964026,0.07917931,0.02189719
0.4642857142857143,0.5,0.3333333333333333,0.42424242424242425,0.6153846153846154,0.5869565217391305,0.0,0.0,0.48948449058810795,0.48946364819433674,0.44253789147728945,0.5530082173637583,0.12362717517784665,0.12362717517784665,0.8797493055462837,0.0,0.0,0.0,0.12976185157895087,0.477986354380846,0.47837907262146473,0.19400544464588165,0.19400544464588165,0.08394540101289749,0.466421839594841,0.08329258859157562,0.6138023508842602,0.04815929755568504,0.017738596070557833,-0.12327554,0.0694084,-0.02027658
0.4642857142857143,0.5,0.3333333333333333,0.42424242424242425,0.6153846153846154,0.5869565217391305,0.0,0.0,0.48113836373699326,0.48111725423349705,0.4535670671362722,0.542086128130419,0.12377666043383735,0.12377666043383735,0.8792449459433556,0.0,0.0,0.0,0.1288748100399971,0.4779766872525215,0.47850940376520157,0.19307906925678253,0.19307906925678253,0.08373960107564926,0.4665041595697403,0.08317834883928299,0.612504962225293,0.04630674421787262,0.010859603062272072,-0.14014006,0.05358207,-0.05203827
0.4642857142857143,0.5,0.3333333333333333,0.42424242424242425,0.6153846153846154,0.5869565217391305,0.17893856763839722,0.17860427498817444,0.4093736733806749,0.4093502019149168,0.4718146074570388,0.5246806116855801,0.1411668530532292,0.1411668530532292,0.8621949404478073,0.0,0.0,0.0,0.16502941027283669,0.4661894738674164,0.46968444995582104,0.24491214752197266,0.24491214752197266,0.08286086469888687,0.4668556541204453,0.08179064840078354,0.6147676966218061,0.04539996758103371,0.01016050111502409,-0.13832648,0.04133115,-0.06840915
0.4642857142857143,0.5,0.3333333333333333,0.42424242424242425,0.6153846153846154,0.5869565217391305,0.2799628973007202,0.27996402978897095,0.34784357634374785,0.3478179338101447,0.4953441727856605,0.5009941247356959,0.15347050768988474,0.15347050768988474,0.8221837505698204,0.0,0.0,0.0,0.19330639988183973,0.4499109238386154,0.4543098174035549,0.28366515040397644,0.28366515040397644,0.07906767725944519,0.4683729290962219,0.07774422317743301,0.6152003743620806,0.04630173370242119,0.03396851243451238,-0.14127181,0.03055497,-0.08918963
0.4642857142857143,0.5,0.3333333333333333,0.42424242424242425,0.6153846153846154,0.5869565217391305,0.11783197522163391,0.11739063262939453,0.39516830809029746,0.3951438622082625,0.5174041516922172,0.4781415728669727,0.1389234672699656,0.1389234672699656,0.8432887345552444,0.0,0.0,0.0,0.19248374253511427,0.4517493508756161,0.45488036796450615,0.2813904285430908,0.2813904285430908,0.07630427181720734,0.4694782912731171,0.0,0.6976744186046512,0.0470803938806057,0.045320140197873116,-0.13696838,0.01777079,-0.09118061
0.4642857142857143,0.5,0.3333333333333333,0.42424242424242425,0.6153846153846154,0.5869565217391305,0.09424000978469849,0.09378178417682648,0.3940981027045168,0.39407359983907375,0.527899700528577,0.4677269661125165,0.1308962649532727,0.1308962649532727,0.8475679829716682,0.0,0.0,0.0,0.2327086806297302,0.4476597420871258,0.4502217173576355,0.3373088240623474,0.3373088240623474,0.07548132538795471,0.46980746984481814,0.0,0.6976744186046512,0.04837812855839729,0.06692218128591776,-0.12601517,0.0109684,-0.09141158
0.4642857142857143,0.5,0.3333333333333333,0.42424242424242425,0.6153846153846154,0.5869565217391305,0.0861586332321167,0.08561335504055023,0.39445859114025106,0.3944340996714897,0.5368936482396682,0.4588606042519532,0.13258319880281177,0.13258319880281177,0.8454577699303627,0.0,0.0,0.0,0.31376394033432004,0.420410618185997,0.42437274754047394,0.4537445604801178,0.4537445604801178,0.07582643628120422,0.46966942548751833,0.0,0.6976744186046512,0.06644386798143387,0.08781413547694683,-0.12560244,-0.00107387,-0.08682303
0.4642857142857143,0.5,0.3333333333333333,0.42424242424242425,0.6153846153846154,0.5869565217391305,0.07319753617048264,0.0726984292268753,0.3985636758530801,0.39853935533454266,0.5491036568727365,0.44684199433886934,0.1406060638172286,0.1406060638172286,0.8341211378574371,0.0,0.0,0.0,0.3892122000455856,0.3874747306108475,0.39156917482614517,0.5574135184288025,0.5574135184288025,0.07768739014863968,0.46892504394054413,0.0,0.6976744186046512,0.07726193219423294,0.11737477965652943,-0.12244246,-0.0237009,-0.07964522
0.4642857142857143,0.5,0.3333333333333333,0.42424242424242425,0.6153846153846154,0.5869565217391305,0.20119571685791016,0.20111486315727234,0.38202856102135624,0.382003864412326,0.5475013831605419,0.448900736490075,0.18053696623870305,0.18053696623870305,0.8256007879972458,0.0,0.0,0.0,0.39908381700515744,0.3641933351755142,0.3656642884016037,0.5699955821037292,0.5699955821037292,0.079309843480587,0.4682760626077652,0.0,0.6976744186046512,0.08632425963878632,0.1431029476225376,-0.12206006,-0.03576266,-0.06922526
0.4642857142857143,0.5,0.3333333333333333,0.42424242424242425,0.6153846153846154,0.5869565217391305,0.14860711991786957,0.14833958446979523,0.39360682595072466,0.3935823914653712,0.5342097240241946,0.4617212625073607,0.2644424672637667,0.2644424672637667,0.7144969701766968,0.0,0.0,0.0,0.4557409048080444,0.29160428047180176,0.29514046013355255,0.653658390045166,0.653658390045166,0.08197525143623352,0.4672098994255066,0.08205191791057587,0.6243154406547546,0.09537205100059509,0.18358387053012848,-0.12720394,-0.0410614,-0.05808263
0.4642857142857143,0.5,0.3333333333333333,0.42424242424242425,0.6153846153846154,0.5869565217391305,0.06061145290732384,0.06056421995162964,0.4229100648577309,0.42288655350358717,0.49326680774442555,0.5018613039370882,0.23841978183814458,0.23841978183814458,0.7623078152537346,0.0,0.0,0.0,0.4805084735155105,0.28919968008995056,0.28747542202472687,0.6872938275337219,0.6872938275337219,0.07972802221775055,0.46810879111289977,0.0,0.6976744186046512,0.0968630239367485,0.1819395273923874,-0.1242748,-0.02850482,-0.05565258
0.4642857142857143,0.5,0.3333333333333333,0.42424242424242425,0.6153846153846154,0.5869565217391305,0.017952192574739456,0.017926841974258423,0.4299270074180618,0.42990367841082366,0.4717068404358158,0.5232379029124867,0.23631765374115538,0.23631765374115538,0.7048095464706421,0.0,0.0,0.0,0.4960443556308746,0.26817165315151215,0.25942111015319824,0.7083250880241394,0.7083250880241394,0.07828255742788315,0.46868697702884676,0.07892552763223648,0.6117664502803669,0.09766388684511185,0.1668924279510975,-0.13618173,-0.02559546,-0.04449618
0.4642857142857143,0.5,0.3333333333333333,0.42424242424242425,0.6153846153846154,0.5869565217391305,0.0052551524713635445,0.0052595725283026695,0.42849070642919884,0.42846727485182634,0.45043340422227324,0.5444176982916513,0.26903722967420307,0.26903722967420307,0.3961685299873352,0.0,0.0,0.0,0.5962218195199966,0.11769106984138489,0.11124187707901001,0.8545705676078796,0.8545705676078796,0.08089951425790787,0.46764019429683684,0.0834939032793045,0.5750142661638038,0.12786059081554413,0.057551153004169464,-0.14124736,-0.02435978,-0.04218211
0.4642857142857143,0.5,0.3333333333333333,0.42424242424242425,0.6153846153846154,0.5869565217391305,0.004027508199214935,0.004024140071123838,0.42800823931028464,0.42798482482793454,0.4291739146978404,0.5658685473599757,0.36310095872197834,0.36310095872197834,0.2554088830947876,0.0,0.0,0.0,0.6326405853033066,0.06370478868484497,0.057792991399765015,0.9057883024215698,0.9057883024215698,0.09642146527767181,0.4614314138889313,0.10683349519968033,0.525941807170247,0.15254373848438263,0.0,-0.14510657,-0.01407798,-0.03984327
0.4642857142857143,0.5,0.3333333333333333,0.42424242424242425,0.6153846153846154,0.5869565217391305,0.0,0.0,0.424738508565476,0.4247149972113323,0.42484461736952595,0.5702961816677805,0.4425519917692457,0.4425519917692457,0.18043068051338196,0.0,0.0,0.0,0.6401439696550368,0.0476343035697937,0.04326099157333374,0.9156206846237183,0.9156206846237183,0.13226434588432312,0.44709426164627075,0.13961616158485413,0.4907628893852234,0.20423051714897156,0.0,-0.15035723,-0.01052953,-0.04027718
0.4642857142857143,0.5,0.3333333333333333,0.42424242424242425,0.6153846153846154,0.5869565217391305,0.0,0.0,0.41675218136315134,0.41672839079030843,0.4235965040856064,0.5716432680084823,0.4768806270190648,0.4768806270190648,0.1542646288871765,0.0,0.0,0.0,0.6450014114379883,0.04274258017539978,0.03816646337509155,0.921724796295166,0.921724796295166,0.16281439363956451,0.43487424254417417,0.17006003856658936,0.4457344634588375,0.25840166211128235,0.0,-0.15768549,-0.00548626,-0.04396098
0.4642857142857143,0.5,0.3333333333333333,0.42424242424242425,0.6153846153846154,0.5869565217391305,0.0,0.0,0.4164324360641421,0.4164086625863216,0.42223146654679716,0.573051477601783,0.5041503054755075,0.5041503054755075,0.1672949194908142,0.0,0.0,0.0,0.6475477397441863,0.04256954789161682,0.03745758533477783,0.9249525666236877,0.9249525666236877,0.17200779914855957,0.4311968803405762,0.17991439998149872,0.42803424000740053,0.2779252827167511,0.0,-0.15852697,-0.00099129,-0.04384552
0.4642857142857143,0.5,0.3333333333333333,0.42424242424242425,0.6153846153846154,0.5869565217391305,0.0,0.0,0.417764200991016,0.4177404560048995,0.4233690149241606,0.5718257815905734,0.5235048915658679,0.5235048915658679,0.22426334023475647,0.0,0.0,0.0,0.6497758030891418,0.043711453676223755,0.038198649883270264,0.9279612302780151,0.9279612302780151,0.17163723707199097,0.4313451051712036,0.17954884469509125,0.4281804621219635,0.2851386070251465,0.0,-0.16072275,0.00461769,-0.04531432
0.4642857142857143,0.5,0.3333333333333333,0.42424242424242425,0.6153846153846154,0.5869565217391305,0.0,0.0,0.4167735558394948,0.41674974817162946,0.4261993637048491,0.5689402600496672,0.5267713112490519,0.5267713112490519,0.2368984818458557,0.0,0.0,0.0,0.650115618109703,0.046913862228393555,0.040665239095687866,0.9284090995788574,0.9284090995788574,0.17078611254692078,0.4316855549812317,0.1786392331123352,0.42854430675506594,0.31057819724082947,0.0,-0.16997072,-0.00496865,-0.04467396
0.4642857142857143,0.5,0.3333333333333333,0.42424242424242425,0.6153846153846154,0.5869565217391305,0.0,0.0,0.4158073223799638,0.41578351471209846,0.43272819209053226,0.5624261262603238,0.5147523965154376,0.5147523965154376,0.21918925642967224,0.0,0.0,0.0,0.6498910009860992,0.05197662115097046,0.04519578814506531,0.9279168248176575,0.9279168248176575,0.17882481217384338,0.42847007513046265,0.18591473996639252,0.425634104013443,0.35480403900146484,0.0,-0.15233302,0.00178814,-0.0428306
0.4642857142857143,0.5,0.3333333333333333,0.42424242424242425,0.6153846153846154,0.5869565217391305,0.035039402544498444,0.03453793004155159,0.41688663941268483,0.4168629400132947,0.44718149218914843,0.5480874133845766,0.50528136747224,0.50528136747224,0.1838977336883545,0.0,0.0,0.0,0.6496961951255797,0.05182015895843506,0.04420250654220581,0.9271156787872314,0.9271156787872314,0.18936146795749664,0.42425541281700135,0.1952260285615921,0.42190958857536315,0.35991859436035156,0.0,-0.1628406,-0.00900944,-0.05494314
0.4642857142857143,0.5,0.3333333333333333,0.42424242424242425,0.6153846153846154,0.5869565217391305,0.0,0.0,0.4456949774211497,0.4456727880820717,0.5401560879574223,0.45668411158644173,0.49596403326307026,0.49596403326307026,0.2133958637714386,0.0,0.0,0.0,0.6467046797275543,0.05770164728164673,0.04881101846694946,0.922658383846283,0.922658383846283,0.1882571130990982,0.42469715476036074,0.18737360835075378,0.449941310771676,0.34350913763046265,0.0,-0.16754343,-0.01168281,-0.05585978
0.4642857142857143,0.5,0.3333333333333333,0.42424242424242425,0.6153846153846154,0.5869565217391305,0.0,0.0,0.4435933837471227,0.44357102915616153,0.5328166392519643,0.46371049059913855,0.48471889325550627,0.48471889325550627,0.22286328673362732,0.0,0.0,0.0,0.6422551453113555,0.05973866581916809,0.05222153663635254,0.917230486869812,0.917230486869812,0.17791393399238586,0.42883442640304564,0.1701488196849823,0.470241017119829,0.2561407685279846,0.0,-0.16583839,-0.01716985,-0.05741929
0.4642857142857143,0.5,0.3333333333333333,0.42424242424242425,0.6153846153846154,0.5869565217391305,0.0,0.0,0.4402641623243547,0.4402416025931247,0.5323940075606278,0.46386585016272897,0.47203453523772104,0.47203453523772104,0.22014173865318298,0.0,0.0,0.0,0.6399032056331634,0.05484354496002197,0.048832327127456665,0.9139449596405029,0.9139449596405029,0.15271921455860138,0.43891231417655946,0.14814914762973785,0.48004130984461585,0.20166224241256714,0.0,-0.16356913,-0.02239509,-0.05786552
0.4642857142857143,0.5,0.3333333333333333,0.42424242424242425,0.6153846153846154,0.5869565217391305,0.0,0.0,0.4422236564738345,0.4422011195359677,0.5284796064260129,0.46760436061184857,0.47014506799834116,0.47014506799834116,0.2711460292339325,0.0,0.0,0.0,0.6374966710805893,0.062018364667892456,0.05369564890861511,0.9106977581977844,0.9106977581977844,0.13612936437129974,0.4455482542514801,0.13303077220916748,0.47377980725709784,0.1729813814163208,0.0,-0.15792851,-0.03286819,-0.0604208
0.4642857142857143,0.5,0.3333333333333333,0.42424242424242425,0.6153846153846154,0.5869565217391305,0.0,0.0,0.4446473203699174,0.4446248461137994,0.5286464908838728,0.4674102637274949,0.450322585446494,0.450322585446494,0.3069111108779907,0.0,0.0,0.0,0.6351124167442321,0.07067933678627014,0.06094875931739807,0.9074147939682007,0.9074147939682007,0.12285412102937698,0.4508583515882492,0.12131983786821365,0.45844447474147,0.15668456256389618,0.0,-0.15802793,-0.0493989,-0.06556147
0.4642857142857143,0.5,0.3333333333333333,0.42424242424242425,0.6153846153846154,0.5869565217391305,0.0,0.0,0.4479999277833315,0.44797768146084554,0.5504848378110342,0.4461561306434147,0.4532598171915327,0.4532598171915327,0.3491438627243042,0.0,0.0,0.0,0.6346946209669113,0.07578212022781372,0.06542450189590454,0.9068909287452698,0.9068909287452698,0.11882073432207108,0.45247170627117156,0.11707278341054916,0.4531708866357803,0.15643371641635895,0.0,-0.1559323,-0.05822768,-0.07037553
0.4642857142857143,0.5,0.3333333333333333,0.42424242424242425,0.6153846153846154,0.5869565217391305,0.0,0.0,0.452666888843303,0.4526447593368034,0.5913019788880649,0.40597641166669185,0.44093928166798185,0.44093928166798185,0.4295665919780731,0.0,0.0,0.0,0.445529368519783,0.21916815638542175,0.21147772669792175,0.6509050130844116,0.6509050130844116,0.09258048981428146,0.4629678040742874,0.08793068677186966,0.5787454788074937,0.12359820306301117,0.0,-0.14815261,-0.06464804,-0.07094306
0.4642857142857143,0.5,0.3333333333333333,0.42424242424242425,0.6153846153846154,0.5869565217391305,0.0,0.0,0.4648007420007403,0.4647806012151802,0.6372970540938369,0.35859375058756227,0.4970944140638624,0.4970944140638624,0.39014434814453125,0.0,0.0,0.0,0.09701159745454788,0.4275435581803322,0.4094521477818489,0.1429130584001541,0.1429130584001541,0.028938844799995422,0.501451232603618,0.028847448527812958,0.7537645569374395,0.06098615750670433,0.020260752644389868,-0.13910232,-0.06285623,-0.07176723
0.4642857142857143,0.5,0.3333333333333333,0.42424242424242425,0.6153846153846154,0.5869565217391305,0.0,0.0,0.4760059622004201,0.4759868015294777,0.6194188859221128,0.3774832033011877,0.4240108600684575,0.4240108600684575,0.5102574080228806,0.0,0.0,0.0,0.3349681034684181,0.3022223711013794,0.2879558503627777,0.49517253041267395,0.49517253041267395,0.0,0.5,0.047683652490377426,0.6113862679448239,0.1140914261341095,0.0,-0.13838784,-0.06815033,-0.07482176
0.4642857142857143,0.5,0.3333333333333333,0.42424242424242425,0.6153846153846154,0.5869565217391305,0.0,0.0,0.46923519081185017,0.4692162495270286,0.6087877080271851,0.3892465161497182,0.353545897773334,0.353545897773334,0.4922165721654892,0.0,0.0,0.0,0.5604833304882049,0.17964956164360046,0.17004144191741943,0.8123924136161804,0.8123924136161804,0.058832891285419464,0.47646684348583224,0.05533627048134804,0.5720964178096417,0.1608668863773346,0.0,-0.14674102,-0.07513544,-0.07736103
0.4642857142857143,0.5,0.3333333333333333,0.42424242424242425,0.6153846153846154,0.5869565217391305,0.0,0.0,0.4703106301236563,0.47029174297307236,0.6052123638685529,0.39278004588355475,0.3509321702378137,0.3509321702378137,0.4793587028980255,0.0,0.0,0.0,0.5801476657390594,0.16129156947135925,0.15252137184143066,0.8384688496589661,0.8384688496589661,0.06521638482809067,0.47391344606876373,0.062008198350667953,0.5578077185985654,0.1695188283920288,0.0,-0.16066942,-0.07326958,-0.07271493
0.4642857142857143,0.5,0.3333333333333333,0.42424242424242425,0.6153846153846154,0.5869565217391305,0.0,0.0,0.4720529462593691,0.4720341474330676,0.594332003228751,0.4034318517721811,0.3503807421241488,0.3503807421241488,0.44160446524620056,0.0,0.0,0.0,0.5977584660053252,0.1360744833946228,0.12841367721557617,0.8623684644699097,0.8623684644699097,0.0717376098036766,0.47130495607852935,0.06868186593055725,0.5506683435550956,0.19023965299129486,0.0,-0.16955028,-0.05438279,-0.06097022
0.4642857142857143,0.5,0.3333333333333333,0.42424242424242425,0.6153846153846154,0.5869565217391305,0.0,0.0,0.4710476877128645,0.4710288432998365,0.583449101128952,0.41405432260236547,0.35326449998787474,0.35326449998787474,0.38186702132225037,0.0,0.0,0.0,0.6058244675397872,0.12101656198501587,0.11695384979248047,0.8744606971740723,0.8744606971740723,0.08119513094425201,0.4675219476222992,0.07879290729761124,0.539660703304202,0.20260731875896454,0.0,-0.17007116,-0.01982735,-0.03390798
0.4642857142857143,0.5,0.3333333333333333,0.42424242424242425,0.6153846153846154,0.5869565217391305,0.0,0.0,0.4757861373073512,0.4757674837887401,0.5627946728274198,0.434306328378211,0.3596228999750955,0.3596228999750955,0.36157363653182983,0.0,0.0,0.0,0.6141830325126647,0.10580217838287354,0.10297143459320068,0.8848448991775513,0.8848448991775513,0.09725428372621536,0.46109828650951384,0.0937068834900856,0.535528801901396,0.26552602648735046,0.0,-0.17296604,0.0028025,-0.02302066
0.4642857142857143,0.5,0.3333333333333333,0.42424242424242425,0.6153846153846154,0.5869565217391305,0.07184808701276779,0.06927303224802017,0.46645692771525044,0.4664378439719089,0.4781676733698945,0.5178569454485276,0.388823002576828,0.388823002576828,0.33446675539016724,0.0,0.0,0.0,0.6162791043519973,0.1047443151473999,0.10298681259155273,0.8868545293807983,0.8868545293807983,0.12935152649879456,0.44825938940048216,0.1287364512681961,0.53356638134912,0.3912867307662964,0.0,-0.17996302,0.04613966,0.01448422
0.4642857142857143,0.5,0.3333333333333333,0.42424242424242425,0.6153846153846154,0.5869565217391305,0.42601796984672546,0.4103291630744934,0.34344860563770535,0.34342552735746246,0.43591003732517164,0.5612764696210515,0.4823326638766698,0.4823326638766698,0.20722201466560364,0.0,0.0,0.0,0.6217816710472106,0.08400464057922363,0.08201223611831665,0.8901760578155518,0.8901760578155518,0.2210504114627838,0.41157983541488646,0.21782545745372772,0.4633355348609215,0.4756094217300415,0.0,-0.17776113,0.0617897,0.03977072
0.4642857142857143,0.5,0.3333333333333333,0.42424242424242425,0.6153846153846154,0.5869565217391305,0.13782840967178345,0.13696026802062988,0.42087311886008794,0.4208520236024437,0.4257209708996074,0.5696112382543652,0.39389629449163166,0.39389629449163166,0.2512209117412567,0.0,0.0,0.0,0.6247584372758865,0.08437129855155945,0.07882726192474365,0.8933927416801453,0.8933927416801453,0.2109791487455368,0.4156083405017853,0.21659553050994873,0.45472795187040815,0.5272559523582458,0.0,-0.1673622,0.08547243,0.06545038
0.4642857142857143,0.5,0.3333333333333333,0.42424242424242425,0.6153846153846154,0.5869565217391305,0.03930523619055748,0.03860629349946976,0.4380162067668616,0.4379956471532526,0.42073219319374566,0.5743445650404722,0.3813745507172176,0.3813745507172176,0.257906049489975,0.0,0.0,0.0,0.6277538120746612,0.08665686845779419,0.07919305562973022,0.8968760967254639,0.8968760967254639,0.2047003209590912,0.41811987161636355,0.214212104678154,0.45384296844171923,0.5472776293754578,0.0,-0.15548551,0.09174488,0.06833956
0.4642857142857143,0.5,0.3333333333333333,0.42424242424242425,0.6153846153846154,0.5869565217391305,0.030187305063009262,0.029513364657759666,0.43803135295670986,0.4380107819464193,0.4208980035143646,0.5741355926374582,0.3892616927623749,0.3892616927623749,0.24664807319641113,0.0,0.0,0.0,0.629311528801918,0.08710679411888123,0.07839912176132202,0.8989472985267639,0.8989472985267639,0.20147952437400818,0.4194081902503967,0.21322761476039886,0.4511091944783233,0.5068323016166687,0.0,-0.14907646,0.09957113,0.06458848
0.4642857142857143,0.5,0.3333333333333333,0.42424242424242425,0.6153846153846154,0.5869565217391305,0.04495559260249138,0.04414552077651024,0.43717184372203527,0.4371512556167223,0.42535905218033215,0.569707013117373,0.4048063925334386,0.4048063925334386,0.21404778957366943,0.0,0.0,0.0,0.6332636177539825,0.07733228802680969,0.0681302547454834,0.903843879699707,0.903843879699707,0.19969411194324493,0.420122355222702,0.21223756670951843,0.45044542052025016,0.44397372007369995,0.0,-0.14616706,0.10501388,0.05491832
0.4642857142857143,0.5,0.3333333333333333,0.42424242424242425,0.6153846153846154,0.5869565217391305,0.05829465016722679,0.057516224682331085,0.43716266369500534,0.4371421325731004,0.44866866796468,0.5463571100635642,0.34593892948968075,0.34593892948968075,0.14000704884529114,0.0,0.0,0.0,0.6436394602060318,0.059588074684143066,0.05066564679145813,0.919080913066864,0.919080913066864,0.19350393116474152,0.42259842753410337,0.20255516469478607,0.47495056030362154,0.3384561538696289,0.0,-0.14639523,0.10311488,0.03594202
0.4642857142857143,0.5,0.3333333333333333,0.42424242424242425,0.6153846153846154,0.5869565217391305,0.039024464786052704,0.03825318440794945,0.43646042296808946,0.4364398120694133,0.47759289882834965,0.5172465021427407,0.3492664865085057,0.3492664865085057,0.13738054037094116,0.0,0.0,0.0,0.6458346247673035,0.0542597770690918,0.04649639129638672,0.922284722328186,0.922284722328186,0.18801946938037872,0.4247922122478485,0.18985238671302795,0.48465853513673296,0.3209262490272522,0.0,-0.16021814,0.0901465,0.02059196
0.4642857142857143,0.5,0.3333333333333333,0.42424242424242425,0.6153846153846154,0.5869565217391305,0.07818690687417984,0.0776335671544075,0.44174212388281153,0.4417215756658842,0.5124033390905843,0.48222116320305936,0.43347941977637156,0.43347941977637156,0.14875462651252747,0.0,0.0,0.0,0.6481911957263946,0.04697921872138977,0.03969058394432068,0.925302267074585,0.925302267074585,0.1854872852563858,0.4258050858974457,0.1816204935312271,0.5069320770197137,0.2221275418996811,0.08315342478454113,-0.15247701,0.05795593,-0.02881713
0.4642857142857143,0.5,0.3333333333333333,0.42424242424242425,0.6153846153846154,0.5869565217391305,0.08083700388669968,0.08032417297363281,0.4409401166051569,0.44091949430979915,0.5487803330157045,0.44615687142771876,0.48043704458645414,0.48043704458645414,0.16832640767097473,0.0,0.0,0.0,0.6496552646160125,0.04590567946434021,0.038205355405807495,0.9264464378356934,0.9264464378356934,0.18935051560401917,0.42425979375839235,0.18090185523033142,0.4967021942138672,0.21738891303539276,0.2180909551680088,-0.16205519,0.03225443,-0.0622553
0.4642857142857143,0.5,0.3333333333333333,0.42424242424242425,0.6153846153846154,0.5869565217391305,0.04515876993536949,0.04454344883561134,0.4436911159901956,0.4436706874384251,0.5703319764729895,0.425214044399922,0.5328260575022017,0.5328260575022017,0.19862869381904602,0.0,0.0,0.0,0.6514911085367202,0.045819491147994995,0.0376354455947876,0.9278597831726074,0.9278597831726074,0.19520990550518036,0.42191603779792786,0.1808180958032608,0.49123183932415276,0.25878816843032837,0.2565153129398823,-0.16021442,0.01555582,-0.07228374
0.4642857142857143,0.5,0.3333333333333333,0.42424242424242425,0.6153846153846154,0.5869565217391305,0.023096084594726562,0.02277395874261856,0.44010741806394965,0.44008689833872633,0.5774524578856692,0.418405575637785,0.5273232715470451,0.5273232715470451,0.20123344659805298,0.0,0.0,0.0,0.6526860833168029,0.04639670252799988,0.037781476974487305,0.9290848970413208,0.9290848970413208,0.1992248147726059,0.42031007409095766,0.18056759238243103,0.48544386098551195,0.29800230264663696,0.2619541622698307,-0.15149101,-0.00232424,-0.08767467
0.4642857142857143,0.5,0.3333333333333333,0.42424242424242425,0.6153846153846154,0.5869565217391305,0.020258180797100067,0.019895227625966072,0.4381197456192104,0.4380991860056015,0.5807034581842659,0.4153276624410097,0.5132763087749481,0.5132763087749481,0.19976550340652466,0.0,0.0,0.0,0.6543502151966094,0.04529881477355957,0.036510974168777466,0.9314154386520386,0.9314154386520386,0.20095711946487427,0.41961715221405027,0.1777247041463852,0.4868656812712204,0.32542818784713745,0.2180754952132702,-0.1541208,-0.01628575,-0.09917942
0.4642857142857143,0.5,0.3333333333333333,0.42424242424242425,0.6153846153846154,0.5869565217391305,0.04540739208459854,0.04435601085424423,0.43728210091818814,0.4372611253257007,0.5758702964673307,0.4199833436353662,0.49625939556530546,0.49625939556530546,0.18998470902442932,0.0,0.0,0.0,0.6549354255199432,0.04377749562263489,0.035001397132873535,0.9322612285614014,0.9322612285614014,0.19738620519638062,0.42104551792144773,0.1733924001455307,0.4909899830818176,0.32203879952430725,0.12898214161396027,-0.1436965,-0.03558796,-0.10738034
0.4642857142857143,0.5,0.3333333333333333,0.42424242424242425,0.6153846153846154,0.5869565217391305,0.05250715836882591,0.05111243575811386,0.4362045845611601,0.4361834266217671,0.5643891141701839,0.4309007263953503,0.4943910666874477,0.4943910666874477,0.17769604921340942,0.0,0.0,0.0,0.6551371157169341,0.04358339309692383,0.034652143716812134,0.9327564835548401,0.9327564835548401,0.19760861992835999,0.420956552028656,0.17353226244449615,0.4886584988860197,0.3240438997745514,0.08183217607438564,-0.14135641,-0.05775353,-0.1178656
0.4642857142857143,0.5,0.3333333333333333,0.42424242424242425,0.6153846153846154,0.5869565217391305,0.02078869566321373,0.02071383222937584,0.4605527685431632,0.46053315770329756,0.6309695025019162,0.3676361284971187,0.5227319044726236,0.5227319044726236,0.22658440470695496,0.0,0.0,0.0,0.6553705364465713,0.04428759217262268,0.03532689809799194,0.9337537288665771,0.9337537288665771,0.19645407795906067,0.42141836881637573,0.1703416258096695,0.4870796134305555,0.3231895864009857,0.0,-0.14254958,-0.07509541,-0.13837913
0.4642857142857143,0.5,0.3333333333333333,0.42424242424242425,0.6153846153846154,0.5869565217391305,0.0,0.0,0.46046033290786453,0.46044065653707966,0.5944694586055457,0.4029461935824185,0.5064067244529724,0.5064067244529724,0.20542114973068237,0.0,0.0,0.0,0.6542161166667938,0.04567939043045044,0.036955296993255615,0.933369517326355,0.933369517326355,0.19491097331047058,0.42203561067581175,0.16709773242473602,0.487308495266493,0.3141181766986847,0.0,-0.137194,-0.08995845,-0.14604928
0.4642857142857143,0.5,0.3333333333333333,0.42424242424242425,0.6153846153846154,0.5869565217391305,0.0,0.0,0.4564788480561732,0.45645909190861716,0.5703871535069628,0.42669930553294455,0.4497119997228895,0.4497119997228895,0.17245176434516907,0.0,0.0,0.0,0.6484402626752853,0.04847067594528198,0.040883868932724,0.9295703768730164,0.9295703768730164,0.19716311991214752,0.421134752035141,0.17304721474647522,0.5065650302310323,0.3295776844024658,0.0,-0.13028502,-0.0974847,-0.15194689
0.4642857142857143,0.5,0.3333333333333333,0.42424242424242425,0.6153846153846154,0.5869565217391305,0.0,0.0,0.45636128558711386,0.4563414980986834,0.5756537481202222,0.4215042991751644,0.45006079333169124,0.45006079333169124,0.20471927523612976,0.0,0.0,0.0,0.6414843082427978,0.05380544066429138,0.04811009764671326,0.921090304851532,0.921090304851532,0.19202497601509094,0.42319000959396363,0.17285415530204773,0.5196149543274281,0.33202552795410156,0.0,-0.12677491,-0.1018976,-0.1560484
0.4642857142857143,0.5,0.3333333333333333,0.42424242424242425,0.6153846153846154,0.5869565217391305,0.0,0.0,0.45137561917532926,0.4513555496190292,0.5533792758307083,0.4431329443116894,0.4360570226396833,0.4360570226396833,0.20737743377685547,0.0,0.0,0.0,0.6378763526678085,0.05549079179763794,0.05078837275505066,0.9160699248313904,0.9160699248313904,0.18509410321712494,0.42596235871315,0.1732255518436432,0.5211706563483838,0.32735711336135864,0.0,-0.11583716,-0.10005085,-0.16496597
0.4642857142857143,0.5,0.3333333333333333,0.42424242424242425,0.6153846153846154,0.5869565217391305,0.0,0.0,0.4519961286001406,0.4519760989322261,0.5431556404206767,0.45322379413521263,0.4275495665413993,0.4275495665413993,0.22858619689941406,0.0,0.0,0.0,0.6357210546731948,0.06018638610839844,0.056534260511398315,0.9128245115280151,0.9128245115280151,0.18037067353725433,0.4278517305850983,0.17271211743354797,0.5212049844653107,0.3329804241657257,0.0,-0.10882356,-0.10299989,-0.16514616
0.4642857142857143,0.5,0.3333333333333333,0.42424242424242425,0.6153846153846154,0.5869565217391305,0.0,0.0,0.4521143634734145,0.4520944078839304,0.5406573880926828,0.45584340117806865,0.43751710227557594,0.43751710227557594,0.2778526842594147,0.0,0.0,0.0,0.6343878924846649,0.06378445029258728,0.060739606618881226,0.9105185270309448,0.9105185270309448,0.16917510330677032,0.43232995867729185,0.16952557861804962,0.5216043009314426,0.35372817516326904,0.0,-0.11801949,-0.10923452,-0.15296069
0.4642857142857143,0.5,0.3333333333333333,0.42424242424242425,0.6153846153846154,0.5869565217391305,0.0,0.0,0.45187802478870515,0.4518580919925843,0.5347668707484725,0.4617713851130437,0.4424600303173066,0.4424600303173066,0.2833990752696991,0.0,0.0,0.0,0.6337299585342406,0.0664040744304657,0.06554153561592102,0.9096380472183228,0.9096380472183228,0.15930940210819244,0.43627623915672303,0.16400206089019775,0.522025657254596,0.3454422056674957,0.0,-0.12453847,-0.10689627,-0.12342998
0.4642857142857143,0.5,0.3333333333333333,0.42424242424242425,0.6153846153846154,0.5869565217391305,0.0,0.0,0.4558744364441239,0.45585475437499823,0.5301851426210276,0.46658069357538723,0.4421255205358778,0.4421255205358778,0.28450122475624084,0.0,0.0,0.0,0.6327064663171768,0.06914311647415161,0.06872904300689697,0.9082795977592468,0.9082795977592468,0.15330827236175537,0.43867669105529783,0.1601102352142334,0.5278619257516639,0.3434782326221466,0.0,-0.14098358,-0.10169481,-0.08428451
0.4642857142857143,0.5,0.3333333333333333,0.42424242424242425,0.6153846153846154,0.5869565217391305,0.5445623993873596,0.4793761968612671,0.36587172484534647,0.3658493075726365,0.38916596080787325,0.6095690909074274,0.567359243120466,0.567359243120466,0.2585690915584564,0.0,0.0,0.0,0.6335729122161865,0.06325304508209229,0.06582760810852051,0.9086320996284485,0.9086320996284485,0.15912048518657684,0.43635180592536926,0.1824251413345337,0.5017652068027231,0.36331814527511597,0.0,-0.1617321,-0.10326203,-0.07398112
0.4642857142857143,0.5,0.3333333333333333,0.42424242424242425,0.6153846153846154,0.5869565217391305,0.03569663688540459,0.03525381162762642,0.455142974625582,0.4551234435624876,0.4791461183737614,0.5178321291743405,0.4993144742080144,0.4993144742080144,0.2849779427051544,0.0,0.0,0.0,0.6347413301467895,0.0628003180027008,0.06519433856010437,0.9094158411026001,0.9094158411026001,0.1520373821258545,0.4391850471496582,0.17551283538341522,0.5211101091185282,0.35195204615592957,0.0,-0.16116871,-0.08940843,-0.06140759
0.4642857142857143,0.5,0.3333333333333333,0.42424242424242425,0.6153846153846154,0.5869565217391305,0.0,0.0,0.4564091687448622,0.45638962343591577,0.4653613362212026,0.5314203043234229,0.4550773118223463,0.4550773118223463,0.30216658115386963,0.0,0.0,0.0,0.6341111630201339,0.06659376621246338,0.06700807809829712,0.9086756110191345,0.9086756110191345,0.13586585223674774,0.4456536591053009,0.15459756553173065,0.5387982691443244,0.33677059412002563,0.0,-0.1553441,-0.08119772,-0.06510763
0.4642857142857143,0.5,0.3333333333333333,0.42424242424242425,0.6153846153846154,0.5869565217391305,0.6759102940559387,0.6130779981613159,0.3246151220274245,0.3245917360367784,0.3422349844106525,0.6583955178018688,0.5323253571987152,0.5323253571987152,0.1861700415611267,0.0,0.0,0.0,0.6335698038339614,0.06453773379325867,0.06609255075454712,0.90742427110672,0.90742427110672,0.16247333586215973,0.43501066565513613,0.19851788878440857,0.504685009634772,0.35065141320228577,0.0,-0.14397071,-0.07403767,-0.05896712
0.4642857142857143,0.5,0.3333333333333333,0.42424242424242425,0.6153846153846154,0.5869565217391305,0.17572279274463654,0.1751609742641449,0.3894808853105651,0.38945884412834797,0.3243197770237239,0.6746216116119703,0.46127370425633024,0.46127370425633024,0.18929168581962585,0.0,0.0,0.0,0.6356071919202804,0.05455636978149414,0.056065499782562256,0.9093262553215027,0.9093262553215027,0.14575038850307465,0.44169984459877015,0.17430737614631653,0.5331313956615537,0.3213529884815216,0.0,-0.12910216,-0.06060566,-0.05827172
0.4642857142857143,0.5,0.3333333333333333,0.42424242424242425,0.6153846153846154,0.5869565217391305,0.11271287500858307,0.1122644767165184,0.4026037538940546,0.4025818494720167,0.32474595593220873,0.6732123891385924,0.41372158697673256,0.41372158697673256,0.20305418968200684,0.0,0.0,0.0,0.6356646865606308,0.05383262038230896,0.054791033267974854,0.909602165222168,0.909602165222168,0.12849558889865875,0.4486017644405365,0.1540360152721405,0.5454002147497132,0.3115502595901489,0.0,-0.12141665,-0.05996889,-0.05933779
0.4642857142857143,0.5,0.3333333333333333,0.42424242424242425,0.6153846153846154,0.5869565217391305,0.05830693244934082,0.05783136188983917,0.4169584669984777,0.41693771933962237,0.2933372256860678,0.7073955275537812,0.387118331023625,0.387118331023625,0.21211746335029602,0.0,0.0,0.0,0.6326434016227722,0.05658257007598877,0.056080400943756104,0.9059079885482788,0.9059079885482788,0.11993251740932465,0.45202699303627014,0.14559216797351837,0.5568365406158359,0.24996690452098846,0.0,-0.12272124,-0.05807704,-0.05412041
0.4642857142857143,0.5,0.3333333333333333,0.42424242424242425,0.6153846153846154,0.5869565217391305,0.0,0.0,0.4169894203857072,0.41696931094102146,0.23435876018458524,0.7703938761764406,0.38628552641187397,0.38628552641187397,0.26447466015815735,0.0,0.0,0.0,0.6301352500915527,0.06252703070640564,0.05911603569984436,0.9033843874931335,0.9033843874931335,0.11131492257118225,0.4554740309715271,0.12810830771923065,0.5657416928646176,0.23248882591724396,0.0,-0.12674874,-0.05788412,-0.05430734
0.4642857142857143,0.5,0.3333333333333333,0.42424242424242425,0.6153846153846154,0.5869565217391305,0.0,0.0,0.4230875795703545,0.4230675043157136,0.2502979311386896,0.753240069690621,0.3904436315808978,0.3904436315808978,0.27133747935295105,0.0,0.0,0.0,0.6287255257368087,0.06631115078926086,0.06266015768051147,0.9019225239753723,0.9019225239753723,0.10764024406671524,0.4569439023733139,0.12327861785888672,0.5623629619908888,0.23251672089099884,0.0,-0.14194343,-0.06249212,-0.05971783
0.4642857142857143,0.5,0.3333333333333333,0.42424242424242425,0.6153846153846154,0.5869565217391305,0.0,0.0,0.4372889446254898,0.43727427139792796,0.2685902205297641,0.7342022321825451,0.3753945657185146,0.3753945657185146,0.2837370038032532,0.0,0.0,0.0,0.6242734879255294,0.07420143485069275,0.07000517845153809,0.8976719975471497,0.8976719975471497,0.10614678263664246,0.457541286945343,0.11975152045488358,0.5603174449399461,0.24077372252941132,0.0,-0.15043037,-0.05981298,-0.0586343
0.4642857142857143,0.5,0.3333333333333333,0.42424242424242425,0.6153846153846154,0.5869565217391305,0.9429748058319092,0.9426658749580383,0.3766071139968376,0.3765906685852868,0.4198872888065433,0.5796717800277547,0.5257778721196311,0.5257778721196311,0.20052272081375122,0.0,0.0,0.0,0.6219661504030227,0.07363831996917725,0.07062634825706482,0.8942399024963379,0.8942399024963379,0.1721317321062088,0.4311473071575165,0.18957582116127014,0.5047885969627736,0.24357067048549652,0.0,-0.15426192,-0.05784299,-0.05851339
0.4642857142857143,0.5,0.3333333333333333,0.42424242424242425,0.6153846153846154,0.5869565217391305,0.4776807129383087,0.47301021218299866,0.3297748670523299,0.32975673493190205,0.4214189629253876,0.5771816449862315,0.4834226199558803,0.4834226199558803,0.20830947160720825,0.0,0.0,0.0,0.6175988525152206,0.07252833247184753,0.07018670439720154,0.8867121338844299,0.8867121338844299,0.17989201843738556,0.42804319262504575,0.19685937464237213,0.501781799072443,0.2386329025030136,0.0,-0.15918635,-0.0418267,-0.05834106
0.4642857142857143,0.5,0.3333333333333333,0.42424242424242425,0.6153846153846154,0.5869565217391305,0.13260437548160553,0.13176292181015015,0.41525028677333153,0.41523405789873113,0.4213620308024478,0.5746418588767266,0.39905565125601633,0.39905565125601633,0.24005946516990662,0.0,0.0,0.0,0.6187277168035507,0.07050099968910217,0.06988519430160522,0.8880649209022522,0.8880649209022522,0.1474028080701828,0.4410388767719269,0.15915408730506897,0.5323526817698812,0.2114376723766327,0.0,-0.16331389,-0.02222072,-0.05558322
0.4642857142857143,0.5,0.3333333333333333,0.42424242424242425,0.6153846153846154,0.5869565217391305,0.017201663926243782,0.017132163047790527,0.4221438887470311,0.4221277909342691,0.43239087310849367,0.5630142050030532,0.3752651384898595,0.3752651384898595,0.24434801936149597,0.0,0.0,0.0,0.6225797116756439,0.06924876570701599,0.06649520993232727,0.8924433588981628,0.8924433588981628,0.13114804029464722,0.44754078388214114,0.13985668122768402,0.5359019616315531,0.22166001796722412,0.0,-0.17505808,-0.01592773,-0.06281768
0.4642857142857143,0.5,0.3333333333333333,0.42424242424242425,0.6153846153846154,0.5869565217391305,0.005904446821659803,0.005993872415274382,0.4219182116579599,0.42190206825847154,0.43472571126817516,0.5605239242976934,0.3762875284467425,0.3762875284467425,0.24546405673027039,0.0,0.0,0.0,0.6262935400009155,0.06744784116744995,0.06365323066711426,0.8965657949447632,0.8965657949447632,0.12397491931915283,0.4504100322723389,0.13232643902301788,0.5374677583228711,0.24850812554359436,0.0,-0.19630093,-0.00889309,-0.06265971
0.4642857142857143,0.5,0.3333333333333333,0.42424242424242425,0.6153846153846154,0.5869565217391305,0.0,0.0,0.41723943508833816,0.41722305235853613,0.43561603712989994,0.5594293677647935,0.3933266018118177,0.3933266018118177,0.24948856234550476,0.0,0.0,0.0,0.6298488825559616,0.06455403566360474,0.06117263436317444,0.901107132434845,0.901107132434845,0.11935941874980927,0.4522562325000763,0.12743832170963287,0.5343016392962877,0.2875956892967224,0.0,-0.20309517,-0.00663018,-0.05726827
0.4642857142857143,0.5,0.3333333333333333,0.42424242424242425,0.6153846153846154,0.5869565217391305,0.0,0.0,0.42422277453296725,0.4242066368318197,0.440443944976617,0.5545029648096288,0.4016659728118352,0.4016659728118352,0.27782317996025085,0.0,0.0,0.0,0.6313690483570098,0.0659574568271637,0.06188204884529114,0.9028674960136414,0.9028674960136414,0.11984656751155853,0.4520613729953766,0.12733285129070282,0.5224034952562909,0.2993878424167633,0.009534474229440093,-0.2115865,0.00181761,-0.04999912
0.4642857142857143,0.5,0.3333333333333333,0.42424242424242425,0.6153846153846154,0.5869565217391305,0.0,0.0,0.43706835045641285,0.4370526686225293,0.44391390402048087,0.5511184331541713,0.4066442166055952,0.4066442166055952,0.2915847897529602,0.0,0.0,0.0,0.6332136541604996,0.0721411406993866,0.06694644689559937,0.9049037098884583,0.9049037098884583,0.12339650094509125,0.4506413996219635,0.12988953292369843,0.5134468924167545,0.35931503772735596,0.05019607022404671,-0.23512563,0.01476271,-0.04462513
0.4642857142857143,0.5,0.3333333333333333,0.42424242424242425,0.6153846153846154,0.5869565217391305,0.0,0.0,0.4506999384148855,0.4506847808283556,0.44110108903443607,0.5541633077271304,0.4060153024537223,0.4060153024537223,0.3173995614051819,0.0,0.0,0.0,0.6344060629606246,0.08513140678405762,0.08011916279792786,0.9065899848937988,0.9065899848937988,0.14072248339653015,0.44371100664138796,0.14936594665050507,0.49365106710167816,0.4483375549316406,0.0,-0.26948414,0.03370775,-0.03437734
0.4642857142857143,0.5,0.3333333333333333,0.42424242424242425,0.6153846153846154,0.5869565217391305,0.0,0.0,0.46975000741149,0.4697366618973347,0.4420320497644107,0.5530168508842908,0.34079302634511677,0.34079302634511677,0.39886197447776794,0.0,0.0,0.0,0.6237920224666595,0.12475478649139404,0.12001016736030579,0.8951025605201721,0.8951025605201721,0.15544813871383667,0.43782074451446534,0.16230633854866028,0.49258643804594526,0.5552008152008057,0.0,-0.28164118,0.04818952,-0.03231389
0.4642857142857143,0.5,0.3333333333333333,0.42424242424242425,0.6153846153846154,0.5869565217391305,0.0,0.0,0.47473665678706267,0.4747234907706427,0.44090584678358147,0.5541528098697537,0.3214042846645628,0.3214042846645628,0.43105265498161316,0.0,0.0,0.0,0.6220816612243651,0.13470935821533203,0.12920761108398438,0.8924654722213745,0.8924654722213745,0.17013931274414062,0.43194427490234377,0.1759297251701355,0.5027303030324537,0.6081610321998596,0.0,-0.28777415,0.04921437,-0.0335023
0.4642857142857143,0.5,0.3333333333333333,0.42424242424242425,0.6153846153846154,0.5869565217391305,0.0,0.0,0.4799666979686708,0.47995374136627517,0.4405778274937296,0.5545782488843002,0.28480419090815956,0.28480419090815956,0.437372624874115,0.0,0.0,0.0,0.6208815336227417,0.14610978960990906,0.13804519176483154,0.8905160427093506,0.8905160427093506,0.17558732628822327,0.4297650694847107,0.18217775225639343,0.511851102806801,0.6152451634407043,0.0,-0.30146309,0.05003168,-0.0290087
0.4642857142857143,0.5,0.3333333333333333,0.42424242424242425,0.6153846153846154,0.5869565217391305,0.0,0.0,0.4841168850489374,0.4841040993967658,0.4490744923998247,0.546137449710086,0.2607292894806181,0.2607292894806181,0.42133212089538574,0.0,0.0,0.0,0.6161578983068465,0.16696983575820923,0.15906980633735657,0.8843547105789185,0.8843547105789185,0.18066911399364471,0.4277323544025421,0.18766961991786957,0.5150952034218367,0.6521362662315369,0.0,-0.29623122,0.04785759,-0.02633828
0.4642857142857143,0.5,0.3333333333333333,0.42424242424242425,0.6153846153846154,0.5869565217391305,0.0,0.0,0.48954741594098494,0.48953482688157096,0.4552376297646225,0.5399679779271956,0.25533147156238556,0.25533147156238556,0.4159180819988251,0.0,0.0,0.0,0.614262244105339,0.16553035378456116,0.1530342698097229,0.8814491629600525,0.8814491629600525,0.18554946780204773,0.4257802128791809,0.19213519990444183,0.5181821556978448,0.6505454182624817,0.0,-0.28763398,0.03970266,-0.01603218
0.4642857142857143,0.5,0.3333333333333333,0.42424242424242425,0.6153846153846154,0.5869565217391305,0.0,0.0,0.4941481198994425,0.49413570748859337,0.45988869245376,0.5353591413679766,0.2676234394311905,0.2676234394311905,0.4304707646369934,0.0,0.0,0.0,0.6155046582221985,0.1554391086101532,0.14196360111236572,0.8823997378349304,0.8823997378349304,0.18850010633468628,0.4245999574661255,0.19356678426265717,0.5212308501088342,0.6372119784355164,0.0,-0.27189355,0.04336564,-0.00323254
0.4642857142857143,0.5,0.3333333333333333,0.42424242424242425,0.6153846153846154,0.5869565217391305,0.0,0.0,0.507853219659561,0.5078413500156731,0.46450524884017885,0.5309766400561912,0.2873585266726358,0.2873585266726358,0.4363864064216614,0.0,0.0,0.0,0.6150525033473968,0.16057804226875305,0.14445531368255615,0.880965530872345,0.880965530872345,0.19559088349342346,0.4217636466026306,0.19937686622142792,0.51567742990893,0.625178873538971,0.0,-0.25979372,0.04697416,0.01534513
0.4642857142857143,0.5,0.3333333333333333,0.42424242424242425,0.6153846153846154,0.5869565217391305,0.0,0.0,0.47460974334074935,0.4745965060950693,0.4717061053498525,0.5229817995327102,0.29438588236059465,0.29438588236059465,0.3365800678730011,0.0,0.0,0.0,0.6159381210803985,0.14112284779548645,0.127608060836792,0.8818744421005249,0.8818744421005249,0.20346719026565552,0.4186131238937378,0.20691663026809692,0.5138505960619727,0.6043046116828918,0.0,-0.2461171,0.05314748,0.04095448
0.4642857142857143,0.5,0.3333333333333333,0.42424242424242425,0.6153846153846154,0.5869565217391305,0.0,0.0,0.4854641038760628,0.48545125839131287,0.4717284029574057,0.5229467547367859,0.3183512602533613,0.3183512602533613,0.3130626082420349,0.0,0.0,0.0,0.618300324678421,0.13644000887870789,0.12176230549812317,0.8840265274047852,0.8840265274047852,0.2517196536064148,0.3993121385574341,0.25330445170402527,0.47870359448499455,0.5995429754257202,0.0,-0.2396015,0.05850666,0.05000582
0.4642857142857143,0.5,0.3333333333333333,0.42424242424242425,0.6153846153846154,0.5869565217391305,0.0,0.0,0.5055066710533876,0.505494582023379,0.4837897703706876,0.5110264582975367,0.33761871712548397,0.33761871712548397,0.27987027168273926,0.0,0.0,0.0,0.6193651854991913,0.13800907135009766,0.12162408232688904,0.8842207193374634,0.8842207193374634,0.2917850613594055,0.38328597545623777,0.2861148715019226,0.4630771071411843,0.5780690312385559,0.0,-0.23836615,0.06236646,0.06245905
0.4642857142857143,0.5,0.3333333333333333,0.42424242424242425,0.6153846153846154,0.5869565217391305,0.0,0.0,0.5130950649541377,0.5130832551428283,0.49697848791203125,0.4978937087910986,0.35199081259114406,0.35199081259114406,0.2734834849834442,0.0,0.0,0.0,0.620573553442955,0.135187566280365,0.11758273839950562,0.8853920698165894,0.8853920698165894,0.30882978439331055,0.3764680862426758,0.3003119230270386,0.4377885336099669,0.5412719249725342,0.0,-0.22736726,0.05953748,0.05149413
0.4642857142857143,0.5,0.3333333333333333,0.42424242424242425,0.6153846153846154,0.5869565217391305,0.0,0.0,0.5175792731017045,0.5175676313914487,0.502294899201302,0.4926361118579635,0.40750739829880855,0.40750739829880855,0.2721259295940399,0.0,0.0,0.0,0.6253979504108429,0.12070092558860779,0.10637164115905762,0.8926021456718445,0.8926021456718445,0.30892765522003174,0.3764289379119873,0.3009539842605591,0.43427517247754477,0.4598955512046814,0.0,-0.21771407,0.06138695,0.01662734
0.4642857142857143,0.5,0.3333333333333333,0.42424242424242425,0.6153846153846154,0.5869565217391305,0.0,0.0,0.5203810703458112,0.5203695297811045,0.5043247472031851,0.49061410690990004,0.41203017745699205,0.41203017745699205,0.27279478311538696,0.0,0.0,0.0,0.626761445403099,0.1156759262084961,0.10139822959899902,0.8947276473045349,0.8947276473045349,0.29721692204475403,0.3811132311820984,0.29280686378479004,0.4493551753288092,0.37375518679618835,0.0,-0.22216389,0.0480059,-0.02279428
0.4642857142857143,0.5,0.3333333333333333,0.42424242424242425,0.6153846153846154,0.5869565217391305,0.0,0.0,0.5249493218972624,0.5249379736515578,0.5126894413855062,0.4824217960843114,0.4206112452915737,0.4206112452915737,0.27234333753585815,0.0,0.0,0.0,0.6300187796354293,0.10845419764518738,0.09470352530479431,0.9007811546325684,0.9007811546325684,0.28667572140693665,0.38532971143722533,0.2820264995098114,0.46531086744264116,0.35470783710479736,0.0,-0.22618925,0.03440548,-0.05728617
0.4642857142857143,0.5,0.3333333333333333,0.42424242424242425,0.6153846153846154,0.5869565217391305,0.0,0.0,0.5258873428714891,0.5258761969168829,0.5118015494275959,0.4842045163054717,0.4700646230152675,0.4700646230152675,0.3003382682800293,0.0,0.0,0.0,0.6310518264770507,0.1079544723033905,0.09430110454559326,0.9027320146560669,0.9027320146560669,0.2760200500488281,0.38959197998046874,0.2684440314769745,0.48199052727499675,0.353919118642807,0.0,-0.23791486,0.01446544,-0.07736491
0.4642857142857143,0.5,0.3333333333333333,0.42424242424242425,0.6153846153846154,0.5869565217391305,0.0,0.0,0.5480531620477855,0.5480428936376627,0.5093216400586397,0.48707067345975186,0.43991746647017343,0.43991746647017343,0.3134404122829437,0.0,0.0,0.0,0.6337115377187729,0.10478857159614563,0.0923064649105072,0.9064148664474487,0.9064148664474487,0.2741507887840271,0.39033968448638917,0.26467379927635193,0.5095942214477894,0.37249720096588135,0.0,-0.24234038,-0.0041142,-0.0919127
0.4642857142857143,0.5,0.3333333333333333,0.42424242424242425,0.6153846153846154,0.5869565217391305,0.0,0.0,0.5454746514387842,0.5454642491176525,0.5194618595945676,0.4767503058654578,0.3914669156074524,0.3914669156074524,0.35760578513145447,0.0,0.0,0.0,0.6335968613624572,0.10621526837348938,0.0924990177154541,0.9071617722511292,0.9071617722511292,0.22658145427703857,0.40936741828918455,0.21109406650066376,0.5446088799210482,0.3595288395881653,0.0,-0.23187769,-0.01650372,-0.09870428
0.4642857142857143,0.5,0.3333333333333333,0.42424242424242425,0.6153846153846154,0.5869565217391305,0.0,0.0,0.5297299677053784,0.5297188673374985,0.5445349266606581,0.45133424711906156,0.3891468473843166,0.3891468473843166,0.3575335443019867,0.0,0.0,0.0,0.6320348680019379,0.10557535290718079,0.09210348129272461,0.9056036472320557,0.9056036472320557,0.21524594724178314,0.41390162110328677,0.19652222096920013,0.5488636327344318,0.3666795790195465,0.0,-0.21972899,-0.03259204,-0.10553113
0.4642857142857143,0.5,0.3333333333333333,0.42424242424242425,0.6153846153846154,0.5869565217391305,0.0,0.0,0.5256584690132287,0.5256471635050801,0.5591455750438041,0.43672969596057226,0.38459450006484985,0.38459450006484985,0.3534776270389557,0.0,0.0,0.0,0.6300025910139083,0.10541495680809021,0.09222403168678284,0.9030998945236206,0.9030998945236206,0.211250439286232,0.4154998242855072,0.18998633325099945,0.5497459339541059,0.3793841600418091,0.0,-0.21750658,-0.04494861,-0.1083833
0.4642857142857143,0.5,0.3333333333333333,0.42424242424242425,0.6153846153846154,0.5869565217391305,0.0,0.0,0.524356190150828,0.524344839055953,0.5673114056796918,0.4286774389551834,0.3811659131731306,0.3811659131731306,0.35299152135849,0.0,0.0,0.0,0.6275207668542861,0.11013662815093994,0.09638211131095886,0.8996540307998657,0.8996540307998657,0.2069065272808075,0.417237389087677,0.18325434625148773,0.5610315363074458,0.4044091999530792,0.031008401419967413,-0.22243642,-0.05826376,-0.11583699
0.4642857142857143,0.5,0.3333333333333333,0.42424242424242425,0.6153846153846154,0.5869565217391305,0.0,0.0,0.517083047338927,0.517067384024651,0.572186000032589,0.42376031788489055,0.38134464195796425,0.38134464195796425,0.34724605083465576,0.0,0.0,0.0,0.6268742233514786,0.10959416627883911,0.09581300616264343,0.8983477354049683,0.8983477354049683,0.20465585589408875,0.4181376576423645,0.17985856533050537,0.5589375627595325,0.40687182545661926,0.0675130682066083,-0.21844577,-0.06750644,-0.13013212
0.4642857142857143,0.5,0.3333333333333333,0.42424242424242425,0.6153846153846154,0.5869565217391305,0.19105952978134155,0.1890091598033905,0.4396133605198468,0.4395950004657869,0.5444895564712029,0.45166740631231567,0.519237837621144,0.519237837621144,0.2946460247039795,0.0,0.0,0.0,0.6304260820150375,0.09356683492660522,0.08089560270309448,0.8992928266525269,0.8992928266525269,0.20288659632205963,0.4188453614711761,0.18162958323955536,0.5094976203386173,0.4059438109397888,0.083194300532341,-0.21379809,-0.07809479,-0.13889827
0.4642857142857143,0.5,0.3333333333333333,0.42424242424242425,0.6153846153846154,0.5869565217391305,0.18594330549240112,0.1854160726070404,0.43421256428238997,0.43419393640631243,0.5176569058721882,0.4779126990087123,0.4683583761964526,0.4683583761964526,0.23888081312179565,0.0,0.0,0.0,0.6375739216804504,0.07639974355697632,0.06502994894981384,0.906143069267273,0.906143069267273,0.19803205132484436,0.4207871794700623,0.20271697640419006,0.51780279985694,0.349820613861084,0.11685039848089218,-0.20040197,-0.08844986,-0.13135502
0.4642857142857143,0.5,0.3333333333333333,0.42424242424242425,0.6153846153846154,0.5869565217391305,0.0,0.0,0.4663129990233062,0.46629553930709283,0.4687596500261792,0.526588333559715,0.3431538811751775,0.3431538811751775,0.247860848903656,0.0,0.0,0.0,0.6387707114219665,0.07838603854179382,0.06755802035331726,0.9089860320091248,0.9089860320091248,0.1700287163257599,0.431988513469696,0.18178531527519226,0.554331440565198,0.34602564573287964,0.017132597276940942,-0.19812965,-0.09486119,-0.12780972
0.4642857142857143,0.5,0.3333333333333333,0.42424242424242425,0.6153846153846154,0.5869565217391305,0.0,0.0,0.4614152152725205,0.4613975817569127,0.4396681500666456,0.5557801762701825,0.33403121999331886,0.33403121999331886,0.2370360791683197,0.0,0.0,0.0,0.638864317536354,0.07716932892799377,0.06741270422935486,0.9103161096572876,0.9103161096572876,0.1656288057565689,0.43374847769737246,0.17829185724258423,0.5541049498458241,0.3275156319141388,0.0,-0.18847232,-0.10217723,-0.12799691
0.4642857142857143,0.5,0.3333333333333333,0.42424242424242425,0.6153846153846154,0.5869565217391305,0.0,0.0,0.46774404329278046,0.4677266832975311,0.4181572212543816,0.5776047923774104,0.336259486419814,0.336259486419814,0.2424328625202179,0.0,0.0,0.0,0.6358985662460327,0.07753831148147583,0.07120972871780396,0.9082332849502563,0.9082332849502563,0.16447390615940094,0.4342104375362396,0.17982323467731476,0.5580669364263845,0.3186999559402466,0.0,-0.18496811,-0.1077017,-0.13778022
0.4642857142857143,0.5,0.3333333333333333,0.42424242424242425,0.6153846153846154,0.5869565217391305,0.0,0.0,0.47398301702612444,0.47396590490869994,0.40394520030194897,0.5920615656147445,0.3362109299216952,0.3362109299216952,0.25111356377601624,0.0,0.0,0.0,0.6327198803424835,0.08028563857078552,0.07638940215110779,0.9055516123771667,0.9055516123771667,0.1636909693479538,0.4345236122608185,0.18188613653182983,0.5656179681766865,0.3209928870201111,0.0,-0.1844791,-0.11172918,-0.14674883
0.4642857142857143,0.5,0.3333333333333333,0.42424242424242425,0.6153846153846154,0.5869565217391305,0.0,0.0,0.47165304809865716,0.4716358789978246,0.3965068711377467,0.5996991857009404,0.3330786100455693,0.3330786100455693,0.2519320547580719,0.0,0.0,0.0,0.6311238408088684,0.08076125383377075,0.07723769545555115,0.9035828709602356,0.9035828709602356,0.15892454981803894,0.43643018007278445,0.1793682724237442,0.5705374202062917,0.3069714307785034,0.0,-0.18650506,-0.11476692,-0.15764701
0.4642857142857143,0.5,0.3333333333333333,0.42424242424242425,0.6153846153846154,0.5869565217391305,0.0,0.0,0.46352448176243566,0.4635069878561775,0.3854904968013727,0.610843878124635,0.32719989972455166,0.32719989972455166,0.24831721186637878,0.0,0.0,0.0,0.6274894952774047,0.0810604989528656,0.07785022258758545,0.8990392088890076,0.8990392088890076,0.14956139028072357,0.44017544388771057,0.17147791385650635,0.5787193532599959,0.27893325686454773,0.0,-0.18028927,-0.1198105,-0.16044742
0.4642857142857143,0.5,0.3333333333333333,0.42424242424242425,0.6153846153846154,0.5869565217391305,0.0,0.0,0.46348518600427396,0.463467657907971,0.3800007380673352,0.6163102793597304,0.32478961561407366,0.32478961561407366,0.2645590603351593,0.0,0.0,0.0,0.6239955902099609,0.08875390887260437,0.08832335472106934,0.8951460123062134,0.8951460123062134,0.14176853001117706,0.4432925879955292,0.1646919995546341,0.5742683625498484,0.27217841148376465,0.0,-0.17450624,-0.1204334,-0.16056906
0.4642857142857143,0.5,0.3333333333333333,0.42424242424242425,0.6153846153846154,0.5869565217391305,0.0,0.0,0.49234215365313205,0.49232275935021685,0.52711148323566,0.47001098077059655,0.39546046938214985,0.39546046938214985,0.3944890797138214,0.0,0.0,0.0,0.6181139886379241,0.12593835592269897,0.12910589575767517,0.892113208770752,0.892113208770752,0.1395656019449234,0.4441737592220306,0.1620524376630783,0.5375374125879865,0.25482282042503357,0.0,-0.16934782,-0.12480466,-0.15238869
0.4642857142857143,0.5,0.3333333333333333,0.42424242424242425,0.6153846153846154,0.5869565217391305,0.0,0.0,0.4853789806365967,0.48535943532765025,0.5253883249217192,0.4720217941773275,0.3719426372221538,0.3719426372221538,0.41216444969177246,0.0,0.0,0.0,0.6124352872371673,0.13979554176330566,0.1432308554649353,0.8876978158950806,0.8876978158950806,0.1360996663570404,0.4455601334571838,0.15702390670776367,0.5108708073926527,0.1856762021780014,0.0,-0.17054557,-0.12771194,-0.15039045
0.4642857142857143,0.5,0.3333333333333333,0.42424242424242425,0.6153846153846154,0.5869565217391305,0.0,0.0,0.4772086069985056,0.47718887791806835,0.5280120860550189,0.4697386969521164,0.3607431266989027,0.3607431266989027,0.46670404076576233,0.0,0.0,0.0,0.5899394661188125,0.17304515838623047,0.17721343040466309,0.8572445511817932,0.8572445511817932,0.13174962997436523,0.4473001480102539,0.15126243233680725,0.48734007879745134,0.15148307383060455,0.0,-0.16971887,-0.12608242,-0.14465532
0.4642857142857143,0.5,0.3333333333333333,0.42424242424242425,0.6153846153846154,0.5869565217391305,0.0,0.0,0.47231850318653407,0.4722986501671844,0.5284725689751241,0.46942536228650794,0.33534668385982513,0.33534668385982513,0.4865123927593231,0.0,0.0,0.0,0.5717585802078247,0.18979108333587646,0.19521364569664001,0.8327513337135315,0.8327513337135315,0.1267465353012085,0.4493013858795166,0.1440797597169876,0.48190199358518737,0.13363732397556305,0.0,-0.17797273,-0.11687834,-0.11581993
0.4642857142857143,0.5,0.3333333333333333,0.42424242424242425,0.6153846153846154,0.5869565217391305,0.0,0.0,0.4732412867974597,0.47322151070571083,0.5198694319957529,0.47806206391778044,0.3245438954659871,0.3245438954659871,0.5512115359306335,0.0,0.0,0.0,0.5530919313430785,0.2218763828277588,0.228623628616333,0.8045133352279663,0.8045133352279663,0.12153757363557816,0.45138497054576876,0.13732658326625824,0.47234418087227403,0.12499208748340607,0.0,-0.18459168,-0.10211512,-0.08816297
0.4642857142857143,0.5,0.3333333333333333,0.42424242424242425,0.6153846153846154,0.5869565217391305,0.0,0.0,0.47345218523966426,0.4734324518854714,0.5196263906376768,0.47843374389484733,0.31646398561341427,0.31646398561341427,0.5929379463195801,0.0,0.0,0.0,0.5343665152788162,0.232791930437088,0.24305906891822815,0.777937650680542,0.777937650680542,0.11492849141359329,0.4540286034345627,0.12953096628189087,0.4894413712412812,0.11212487518787384,0.0,-0.19690788,-0.08268692,-0.06952853
0.4642857142857143,0.5,0.3333333333333333,0.42424242424242425,0.6153846153846154,0.5869565217391305,0.0,0.0,0.47433177257815007,0.47431201643059406,0.49986170704501465,0.49788076216079946,0.3088062895195825,0.3088062895195825,0.6383662819862366,0.0,0.0,0.0,0.5103301048278809,0.25706321001052856,0.2704728990793228,0.7430113554000854,0.7430113554000854,0.10924878716468811,0.45630048513412474,0.12258580327033997,0.5098548115685929,0.1045747622847557,0.0,-0.2050937,-0.07171412,-0.06677559
0.4642857142857143,0.5,0.3333333333333333,0.42424242424242425,0.6153846153846154,0.5869565217391305,0.26605409383773804,0.25768300890922546,0.4071105716333335,0.40708860452954676,0.42430722394363374,0.5737899782957989,0.32818765512534553,0.32818765512534553,0.7345010042190552,0.0,0.0,0.0,0.4494252562522888,0.29929426312446594,0.30695027112960815,0.6462589502334595,0.6462589502334595,0.10531029105186462,0.45787588357925413,0.11829925328493118,0.517567326856214,0.09576025605201721,0.0,-0.21226581,-0.06068098,-0.06156307
0.4642857142857143,0.5,0.3333333333333333,0.42424242424242425,0.6153846153846154,0.5869565217391305,0.034183792769908905,0.03304792195558548,0.4676112804996352,0.46759136479853675,0.4627909172561383,0.5350821307758022,0.32748322401727953,0.32748322401727953,0.7403061985969543,0.0,0.0,0.0,0.457225814461708,0.3007025122642517,0.310148149728775,0.6609851121902466,0.6609851121902466,0.10385747998952866,0.45845700800418854,0.11660102754831314,0.5240043373995049,0.09113461524248123,0.0,-0.21329557,-0.04555157,-0.06058818
0.4642857142857143,0.5,0.3333333333333333,0.42424242424242425,0.6153846153846154,0.5869565217391305,0.0,0.0,0.49734741470012567,0.49732863813296785,0.47978037931951006,0.518357519045336,0.2778024226427078,0.2778024226427078,0.7517517879605293,0.0,0.0,0.0,0.4714851319789886,0.30680646002292633,0.32268907129764557,0.6851139664649963,0.6851139664649963,0.0994846448302269,0.4602061420679092,0.1117313951253891,0.54852087137311,0.0887717455625534,0.002698797616176307,-0.21451498,-0.03028539,-0.06335342
0.4642857142857143,0.5,0.3333333333333333,0.42424242424242425,0.6153846153846154,0.5869565217391305,0.0,0.0,0.49621952874995556,0.4962006647488811,0.4786541435732212,0.5193436511109432,0.2767767437866756,0.2767767437866756,0.7558851018548012,0.0,0.0,0.0,0.47407898306846613,0.3124243915081024,0.32891878485679626,0.6924849152565002,0.6924849152565002,0.09730997681617737,0.46107600927352904,0.10825873166322708,0.5498465167921643,0.08977159857749939,0.0,-0.21284469,-0.02027292,-0.05898588
0.4642857142857143,0.5,0.3333333333333333,0.42424242424242425,0.6153846153846154,0.5869565217391305,0.0,0.0,0.49560958440513503,0.49559070117216036,0.47610009879044773,0.5218988982436256,0.2803070417472295,0.2803070417472295,0.7499437034130096,0.0,0.0,0.0,0.47379386723041533,0.3133166879415512,0.3290652334690094,0.6920256614685059,0.6920256614685059,0.09580143541097641,0.46167942583560945,0.10600250214338303,0.5381733872169672,0.0901077464222908,0.0,-0.20325021,0.00564365,-0.05006094
0.4642857142857143,0.5,0.3333333333333333,0.42424242424242425,0.6153846153846154,0.5869565217391305,0.0,0.0,0.49324857234157066,0.49322966453450134,0.48568529067258304,0.5125160273762045,0.28308320258344927,0.28308320258344927,0.7414470911026001,0.0,0.0,0.0,0.47373610138893124,0.29311802983283997,0.3152763396501541,0.693393349647522,0.693393349647522,0.09359195828437805,0.4625632166862488,0.10301924496889114,0.5311223171478094,0.08843030780553818,0.0,-0.19496451,0.01567105,-0.03869069
0.4642857142857143,0.5,0.3333333333333333,0.42424242424242425,0.6153846153846154,0.5869565217391305,0.0,0.0,0.5031923714946834,0.5031738839402481,0.4996348705550524,0.4988194213491958,0.29165621314729967,0.29165621314729967,0.7480330541729927,0.0,0.0,0.0,0.4555557161569595,0.298210933804512,0.31395262479782104,0.6670007705688477,0.6670007705688477,0.09087196737527847,0.4636512130498886,0.09918291866779327,0.5380649552788845,0.08610592782497406,0.0,-0.19061339,0.02476414,-0.02994709
0.4642857142857143,0.5,0.3333333333333333,0.42424242424242425,0.6153846153846154,0.5869565217391305,0.0,0.0,0.4983752571958087,0.49835645925987293,0.5163973275265775,0.4817551699874,0.2831671280520303,0.2831671280520303,0.7372124046087265,0.0,0.0,0.0,0.47815042138099667,0.292558029294014,0.31098371744155884,0.7013963460922241,0.7013963460922241,0.09216112643480301,0.4631355494260788,0.0984174907207489,0.5409440779408743,0.08825826644897461,0.0,-0.1925143,0.03282529,-0.02453626
0.4642857142857143,0.5,0.3333333333333333,0.42424242424242425,0.6153846153846154,0.5869565217391305,0.0,0.0,0.49665660359834396,0.4966377242829786,0.5524828869343715,0.4460536516824548,0.2763284955705915,0.2763284955705915,0.7211946398019791,0.0,0.0,0.0,0.48637920618057245,0.288324698805809,0.30353689193725586,0.7137613296508789,0.7137613296508789,0.09418073296546936,0.46232770681381224,0.09831634163856506,0.529383913029072,0.08998209983110428,0.0,-0.1917939,0.04202064,-0.0201825
0.4642857142857143,0.5,0.3333333333333333,0.42424242424242425,0.6153846153846154,0.5869565217391305,0.0,0.0,0.5000297404085794,0.5000110370253127,0.5778915834244533,0.4212664390334613,0.2714187332562038,0.2714187332562038,0.722420796751976,0.0,0.0,0.0,0.49464950561523435,0.29287154972553253,0.30323243141174316,0.7254685163497925,0.7254685163497925,0.09668229520320892,0.4613270819187164,0.09948545694351196,0.5297536940075631,0.09587780386209488,0.0,-0.18109919,0.05321413,-0.00305938
0.4642857142857143,0.5,0.3333333333333333,0.42424242424242425,0.6153846153846154,0.5869565217391305,0.0,0.0,0.49984702010582027,0.4998282727204,0.601883484346233,0.39770493949069985,0.2684033981391362,0.2684033981391362,0.7341197282075882,0.0,0.0,0.0,0.49750621318817134,0.3081773370504379,0.31080061197280884,0.7278991341590881,0.7278991341590881,0.09888351708650589,0.46044659316539766,0.10070163756608963,0.5312519468540369,0.10189824551343918,0.0,-0.16104407,0.06427002,0.01198408
0.4642857142857143,0.5,0.3333333333333333,0.42424242424242425,0.6153846153846154,0.5869565217391305,0.0,0.0,0.49728279231012895,0.49726398903199864,0.6253326354017678,0.3749907490349586,0.26765247540814535,0.26765247540814535,0.7379548996686935,0.0,0.0,0.0,0.4971261978149414,0.311749592423439,0.3134962469339371,0.7271484732627869,0.7271484732627869,0.10084153711795807,0.4596633851528168,0.10168040543794632,0.527717377557311,0.10438943654298782,0.005172638921067119,-0.11441831,0.08505471,0.00954624
0.4642857142857143,0.5,0.3333333333333333,0.42424242424242425,0.6153846153846154,0.5869565217391305,0.0,0.0,0.4976691446243919,0.4976503863987686,0.6348164979631996,0.3658774609724782,0.2719457128218242,0.2719457128218242,0.736404687166214,0.0,0.0,0.0,0.49651997983455654,0.3091210275888443,0.3108550161123276,0.7260639667510986,0.7260639667510986,0.10264554619789124,0.45894178152084353,0.10305455327033997,0.5171867026839145,0.1061214879155159,0.024228037800639868,-0.10168148,0.1004444,0.01385946
0.4642857142857143,0.5,0.3333333333333333,0.42424242424242425,0.6153846153846154,0.5869565217391305,0.3303624093532562,0.32908186316490173,0.3788944279942412,0.3788711217803663,0.4873025709652764,0.5095825842137496,0.3406384374414172,0.3406384374414172,0.7203505039215088,0.0,0.0,0.0,0.47867208719253534,0.2969440668821335,0.2924068421125412,0.6856598258018494,0.6856598258018494,0.1052439957857132,0.4579024016857147,0.10681029409170151,0.5068642732708953,0.11280170828104019,0.06730403751134872,-0.09801581,0.1037907,0.00998711
0.4642857142857143,0.5,0.3333333333333333,0.42424242424242425,0.6153846153846154,0.5869565217391305,0.08413046598434448,0.08399715274572372,0.4369833312116663,0.4369614495829916,0.497947484354558,0.49750827301933886,0.271036731345313,0.271036731345313,0.6985675394535065,0.0,0.0,0.0,0.48286640048027035,0.29612646996974945,0.29250554740428925,0.6922904253005981,0.6922904253005981,0.10820268094539642,0.4567189276218414,0.11131305992603302,0.5006511128225992,0.1147480383515358,0.1089660357683897,-0.09770233,0.1031877,0.01244696
0.4642857142857143,0.5,0.3333333333333333,0.42424242424242425,0.6153846153846154,0.5869565217391305,0.0,0.0,0.4582720503752364,0.45825078131819774,0.5073718608679325,0.48771798787968973,0.24068055408341546,0.24068055408341546,0.7039826512336731,0.0,0.0,0.0,0.4485183805227279,0.3195413500070572,0.3193707764148712,0.6470140218734741,0.6470140218734741,0.10658027976751328,0.45736788809299467,0.11021353304386139,0.49602016460063847,0.08549076318740845,0.12353308498859406,-0.09541828,0.09864803,0.00514453
0.4642857142857143,0.5,0.3333333333333333,0.42424242424242425,0.6153846153846154,0.5869565217391305,0.0,0.0,0.4589929930566602,0.45897167556372476,0.5082344422205912,0.48669569984170213,0.2351893484592438,0.2351893484592438,0.7037557661533356,0.0,0.0,0.0,0.3371730625629425,0.39497849345207214,0.3914683908224106,0.4893709421157837,0.4893709421157837,0.1053001880645752,0.45787992477416994,0.10772103816270828,0.4898947269417519,0.06405646353960037,0.13101695105433464,-0.09633991,0.09399998,-0.01347054
0.4642857142857143,0.5,0.3333333333333333,0.42424242424242425,0.6153846153846154,0.5869565217391305,0.0,0.0,0.4604156607651574,0.46039436606558515,0.5133226381661103,0.4815304616162649,0.2121251715081079,0.2121251715081079,0.7315274924039841,0.0,0.0,0.0,0.20909466594457626,0.43939216434955597,0.43806497007608414,0.3095671534538269,0.3095671534538269,0.10185063630342484,0.4592597454786301,0.10150206834077835,0.5488645995772162,0.04777006059885025,0.12454920448362827,-0.09331713,0.08583469,-0.02469609
0.4642857142857143,0.5,0.3333333333333333,0.42424242424242425,0.6153846153846154,0.5869565217391305,0.6135680079460144,0.6096274256706238,0.3032289982753775,0.30320372043558563,0.5175739921643675,0.4803747640234512,0.30752150075776236,0.30752150075776236,0.547803983092308,0.0,0.0,0.0,0.41124837696552274,0.2755352258682251,0.2676258683204651,0.5905559062957764,0.5905559062957764,0.10123737901449203,0.4595050483942032,0.10275861620903015,0.509188688078592,0.04497730731964111,0.11549887247383595,-0.09356574,0.06563319,-0.0549248
0.4642857142857143,0.5,0.3333333333333333,0.42424242424242425,0.6153846153846154,0.5869565217391305,0.18177135288715363,0.18125486373901367,0.4117549473195413,0.41173229641485853,0.5433989937629116,0.4528451621823689,0.6002501930509295,0.6002501930509295,0.162955641746521,0.0,0.0,0.0,0.6469384133815765,0.03856131434440613,0.032808512449264526,0.9204391837120056,0.9204391837120056,0.17980805039405823,0.4280767798423767,0.17471975088119507,0.43011209964752195,0.126078799366951,0.08755276910960674,-0.10102821,0.03492853,-0.06951502
0.4642857142857143,0.5,0.3333333333333333,0.42424242424242425,0.6153846153846154,0.5869565217391305,0.133818581700325,0.13299302756786346,0.4083237198980999,0.4083011259768251,0.5469108270641495,0.44985123113231446,0.6755938913140979,0.6755938913140979,0.12818333506584167,0.0,0.0,0.0,0.6586191087961196,0.029067814350128174,0.023383617401123047,0.9369277954101562,0.9369277954101562,0.2316981554031372,0.4073207378387451,0.21125072240829468,0.41549971103668215,0.23223741352558136,0.11897921562194824,-0.10427836,0.01316635,-0.09116773
0.4642857142857143,0.5,0.3333333333333333,0.42424242424242425,0.6153846153846154,0.5869565217391305,0.11899163573980331,0.11792448163032532,0.4066950144321011,0.4066723065440103,0.5474278375249976,0.449206737391073,0.692124856369836,0.692124856369836,0.12530994415283203,0.0,0.0,0.0,0.662655833363533,0.027304023504257202,0.021659404039382935,0.9433414936065674,0.9433414936065674,0.26231881976127625,0.3950724720954895,0.23374806344509125,0.4065007746219635,0.2732996344566345,0.11210987344384193,-0.09485434,-0.00722651,-0.10249126
0.4642857142857143,0.5,0.3333333333333333,0.42424242424242425,0.6153846153846154,0.5869565217391305,0.11429055780172348,0.11316728591918945,0.40758373336172016,0.4075610197752885,0.5467352640332501,0.44975108849108286,0.6920885826860156,0.6920885826860156,0.12408015131950378,0.0,0.0,0.0,0.6641006261110305,0.026902854442596436,0.021142005920410156,0.9454618692398071,0.9454618692398071,0.2839881181716919,0.38640475273132324,0.25108397006988525,0.3995664119720459,0.2912408709526062,0.025055655278265476,-0.09210941,-0.01790317,-0.11035836
0.4642857142857143,0.5,0.3333333333333333,0.42424242424242425,0.6153846153846154,0.5869565217391305,0.09655621647834778,0.09556756168603897,0.41051783183336715,0.4104991241805184,0.545974857492611,0.45026478251758495,0.6908317974635534,0.6908317974635534,0.12246662378311157,0.0,0.0,0.0,0.6644903630018234,0.027843564748764038,0.02174660563468933,0.9461074471473694,0.9461074471473694,0.3018830418586731,0.3792467832565308,0.2667805552482605,0.3932877779006958,0.35027122497558594,0.0,-0.09446534,-0.02838318,-0.11365502
0.4642857142857143,0.5,0.3333333333333333,0.42424242424242425,0.6153846153846154,0.5869565217391305,0.09047714620828629,0.08958087861537933,0.4118513290558445,0.41183267268806295,0.5355546378724662,0.4605851159218342,0.6625642946788244,0.6625642946788244,0.11974966526031494,0.0,0.0,0.0,0.6642586946487427,0.0313379168510437,0.02362033724784851,0.9459096789360046,0.9459096789360046,0.30669909715652466,0.37732036113739015,0.2719810903072357,0.3912075638771057,0.37570756673812866,0.0,-0.09094391,-0.04554633,-0.11102515
0.4642857142857143,0.5,0.3333333333333333,0.42424242424242425,0.6153846153846154,0.5869565217391305,0.08922375738620758,0.08831712603569031,0.4068386923970502,0.4068198707773854,0.5189108271899688,0.4770898130103639,0.6336098057883127,0.6336098057883127,0.10359838604927063,0.0,0.0,0.0,0.6637616246938705,0.03331431746482849,0.025493264198303223,0.9455205202102661,0.9455205202102661,0.30705568194389343,0.37717772722244264,0.27497172355651855,0.3900113105773926,0.40605276823043823,0.0,-0.09286776,-0.06076384,-0.10728894
0.4642857142857143,0.5,0.3333333333333333,0.42424242424242425,0.6153846153846154,0.5869565217391305,0.08395081758499146,0.08317489176988602,0.4052497670481811,0.4052308827467676,0.5017599343370297,0.4941213046108965,0.5876482171671732,0.5876482171671732,0.09823265671730042,0.0,0.0,0.0,0.6636067897081375,0.03534552454948425,0.027450621128082275,0.9455419182777405,0.9455419182777405,0.31436648964881897,0.37425340414047237,0.29157814383506775,0.3833687424659729,0.5116645693778992,0.0,-0.08839489,-0.06458651,-0.08948637
0.4642857142857143,0.5,0.3333333333333333,0.42424242424242425,0.6153846153846154,0.5869565217391305,0.04462529346346855,0.04335765168070793,0.42107091966596205,0.421052793243875,0.4957108385789691,0.5007363147028495,0.5497456874166217,0.5497456874166217,0.09465593099594116,0.0,0.0,0.0,0.6621257811784744,0.045706719160079956,0.0385763943195343,0.9444267153739929,0.9444267153739929,0.37392082810401917,0.3504316687583923,0.34851154685020447,0.3605953812599182,0.5994705557823181,0.0,-0.08497083,-0.06121152,-0.07970407
0.4642857142857143,0.5,0.3333333333333333,0.42424242424242425,0.6153846153846154,0.5869565217391305,0.0,0.0,0.41794651940493466,0.41792855823473085,0.517139339823112,0.48035293367984366,0.5193632415362767,0.5193632415362767,0.0950046181678772,0.0,0.0,0.0,0.6577720016241073,0.05448588728904724,0.0480438768863678,0.9412494897842407,0.9412494897842407,0.37849485874176025,0.3486020565032959,0.35310161113739014,0.3587593555450439,0.6191674470901489,0.0,-0.07923915,-0.05111921,-0.07265618
0.4642857142857143,0.5,0.3333333333333333,0.42424242424242425,0.6153846153846154,0.5869565217391305,0.0,0.0,0.42441209050938916,0.42439432308277253,0.5035994584684618,0.4937010861668892,0.4994569505964007,0.4994569505964007,0.09645706415176392,0.0,0.0,0.0,0.6558642894029617,0.0566534698009491,0.05215230584144592,0.9395356774330139,0.9395356774330139,0.38084712624549866,0.3476611495018005,0.36078980565071106,0.35568407773971555,0.6483464241027832,0.0,-0.07878778,-0.03862301,-0.06450009
0.4642857142857143,0.5,0.3333333333333333,0.42424242424242425,0.6153846153846154,0.5869565217391305,0.0,0.0,0.4263288983879308,0.426311193643063,0.504519321679727,0.4927310861040889,0.48935332468577797,0.48935332468577797,0.10427767038345337,0.0,0.0,0.0,0.6526563346385955,0.06148454546928406,0.05905786156654358,0.9370512366294861,0.9370512366294861,0.38003218173980713,0.3479871273040771,0.36671605706214905,0.35331357717514034,0.6548108458518982,0.0,-0.10184704,-0.01813609,-0.04982184
0.4642857142857143,0.5,0.3333333333333333,0.42424242424242425,0.6153846153846154,0.5869565217391305,0.0,0.0,0.4286221044697224,0.4286044396132402,0.49028064780663805,0.5067734959425885,0.48093972461564205,0.48093972461564205,0.10754126310348511,0.0,0.0,0.0,0.6492941081523895,0.0640375018119812,0.061991721391677856,0.9339370131492615,0.9339370131492615,0.37411224842071533,0.3503551006317138,0.3672206401824951,0.35311174392700195,0.6609892845153809,0.0,-0.12463064,-0.00048529,-0.04281636
0.4642857142857143,0.5,0.3333333333333333,0.42424242424242425,0.6153846153846154,0.5869565217391305,0.0,0.0,0.42688230415147305,0.42686455951821967,0.48971836687729875,0.507326491425593,0.47871953674725126,0.47871953674725126,0.10752484202384949,0.0,0.0,0.0,0.648206090927124,0.06385403871536255,0.061933308839797974,0.9325917363166809,0.9325917363166809,0.36879730224609375,0.35248107910156246,0.3651179075241089,0.3539528369903564,0.6622103452682495,0.0,-0.121721,0.01850736,-0.03987471
0.4642857142857143,0.5,0.3333333333333333,0.42424242424242425,0.6153846153846154,0.5869565217391305,0.0,0.0,0.4089929786284613,0.4089741684054781,0.41983918341350374,0.5759686078391106,0.4738262508596693,0.4738262508596693,0.09409579634666443,0.0,0.0,0.0,0.6471025317907333,0.06384283304214478,0.06172776222229004,0.930558979511261,0.930558979511261,0.36881309747695923,0.35247476100921626,0.3727385699748993,0.35090457201004027,0.6755679845809937,0.0,-0.131606,0.0352532,-0.0312342
0.4642857142857143,0.5,0.3333333333333333,0.42424242424242425,0.6153846153846154,0.5869565217391305,0.0,0.0,0.4068059554291501,0.40678704263603255,0.4279971617357681,0.5677188178498653,0.47195208924157284,0.47195208924157284,0.0871540904045105,0.0,0.0,0.0,0.6484765827655792,0.06270784139633179,0.06000855565071106,0.9313734173774719,0.9313734173774719,0.3687938153743744,0.3524824738502502,0.37887027859687805,0.34845188856124876,0.672669529914856,0.0,-0.13720247,0.05409587,-0.02017987
0.4642857142857143,0.5,0.3333333333333333,0.42424242424242425,0.6153846153846154,0.5869565217391305,0.0,0.0,0.40403206580911494,0.4040130561442038,0.4361875351254844,0.5593871291697545,0.45772876058306017,0.45772876058306017,0.0818081796169281,0.0,0.0,0.0,0.6504809886217117,0.06110230088233948,0.057745128870010376,0.9332117438316345,0.9332117438316345,0.3694533705711365,0.35221865177154543,0.3824627995491028,0.34701488018035886,0.657803475856781,0.0,-0.14341589,0.06626745,-0.01319808
0.4642857142857143,0.5,0.3333333333333333,0.42424242424242425,0.6153846153846154,0.5869565217391305,0.0,0.0,0.4006313985893877,0.4006123091477053,0.4408672747147015,0.5547537058726387,0.4426643252372742,0.4426643252372742,0.0779891312122345,0.0,0.0,0.0,0.6515787899494171,0.060805678367614746,0.05691823363304138,0.9341359734535217,0.9341359734535217,0.36821720004081726,0.35271311998367305,0.3814188539981842,0.34743245840072634,0.6554765701293945,0.0,-0.14298991,0.07971748,-0.00869136
0.4642857142857143,0.5,0.3333333333333333,0.42424242424242425,0.6153846153846154,0.5869565217391305,0.015525913797318935,0.014871365390717983,0.3971725513100852,0.39715335929826845,0.45471861063864216,0.5408365332778913,0.43662037168230333,0.43662037168230333,0.07413655519485474,0.0,0.0,0.0,0.6516117513179779,0.06315794587135315,0.05770742893218994,0.9334884285926819,0.9334884285926819,0.3675515651702881,0.3529793739318847,0.3771657943725586,0.36160444104394246,0.6597674489021301,0.0,-0.14663572,0.09794253,0.00954101
0.4642857142857143,0.5,0.3333333333333333,0.42424242424242425,0.6153846153846154,0.5869565217391305,0.0841531977057457,0.08249545842409134,0.3996940101309898,0.3996749206893075,0.4703251238534829,0.5253426591656581,0.3622720603431974,0.3622720603431974,0.06309154629707336,0.0,0.0,0.0,0.6537300616502761,0.05960097908973694,0.05228123068809509,0.9352314472198486,0.9352314472198486,0.34244412183761597,0.36302235126495364,0.34005266427993774,0.38776997216912207,0.5881434679031372,0.0,-0.15633405,0.1051598,0.02317418
0.4642857142857143,0.5,0.3333333333333333,0.42424242424242425,0.6153846153846154,0.5869565217391305,0.08207154273986816,0.0806829184293747,0.4102870262375753,0.4102682274112738,0.48435763140025606,0.5111289629010302,0.4216189682483673,0.4216189682483673,0.0625562071800232,0.0,0.0,0.0,0.6561185091733932,0.05114024877548218,0.04465627670288086,0.9379820823669434,0.9379820823669434,0.34044525027275085,0.36382189989089964,0.3339962065219879,0.3789152516875156,0.5162126421928406,0.0,-0.16236666,0.10270616,0.02395481
0.4642857142857143,0.5,0.3333333333333333,0.42424242424242425,0.6153846153846154,0.5869565217391305,0.039350476115942,0.038412436842918396,0.4143231952167606,0.41430449326225266,0.4926610484747768,0.5026412358424809,0.5480734365327018,0.5480734365327018,0.08806231617927551,0.0,0.0,0.0,0.6563640505075454,0.05062153935432434,0.04370132088661194,0.9372676014900208,0.9372676014900208,0.3609059751033783,0.3556376099586487,0.3424720764160156,0.36301116943359374,0.556763768196106,0.0,-0.16251357,0.08062501,-0.00361669
0.4642857142857143,0.5,0.3333333333333333,0.42424242424242425,0.6153846153846154,0.5869565217391305,0.03786018118262291,0.03714456036686897,0.420381950374771,0.42036346495721355,0.5095273038625261,0.4859445787473978,0.5431382996695383,0.5431382996695383,0.09346282482147217,0.0,0.0,0.0,0.656799703836441,0.05089583992958069,0.04295182228088379,0.9366468787193298,0.9366468787193298,0.3825220763683319,0.3469911694526672,0.35701629519462585,0.3571934819221496,0.5734896659851074,0.0,-0.16408342,0.03674714,-0.03668283
0.4642857142857143,0.5,0.3333333333333333,0.42424242424242425,0.6153846153846154,0.5869565217391305,0.02913016639649868,0.028642158955335617,0.42388321610299395,0.4238648617472749,0.5209029457651179,0.47469499981375496,0.5581285910946983,0.5581285910946983,0.09493127465248108,0.0,0.0,0.0,0.6564540058374404,0.05052211880683899,0.04154813289642334,0.9350218176841736,0.9350218176841736,0.3915708065032959,0.34337167739868163,0.36365213990211487,0.35453914403915404,0.5662409663200378,0.019647101871669292,-0.18344443,0.01474528,-0.05374483
0.4642857142857143,0.5,0.3333333333333333,0.42424242424242425,0.6153846153846154,0.5869565217391305,0.0,0.0,0.42168690460817765,0.42166833371550816,0.5281341616099925,0.46753884108932203,0.5550847734723773,0.5550847734723773,0.09798094630241394,0.0,0.0,0.0,0.6550505191087722,0.051335811614990234,0.041073501110076904,0.93169105052948,0.93169105052948,0.4288816452026367,0.3284473419189453,0.39554110169410706,0.34178355932235716,0.5825682282447815,0.11432555504143238,-0.18555629,0.01017479,-0.05861662
0.4642857142857143,0.5,0.3333333333333333,0.42424242424242425,0.6153846153846154,0.5869565217391305,0.0,0.0,0.4193068786059465,0.4192882564282098,0.5444923657532176,0.4514540604327372,0.5471505650452205,0.5471505650452205,0.09657636284828186,0.0,0.0,0.0,0.6455718308687209,0.054994672536849976,0.04216724634170532,0.914903461933136,0.914903461933136,0.4414965510368347,0.3234013795852661,0.4086206257343292,0.33655174970626833,0.5917224884033203,0.2287028357386589,-0.18847085,-0.00244847,-0.06146773
0.4642857142857143,0.5,0.3333333333333333,0.42424242424242425,0.6153846153846154,0.5869565217391305,0.0,0.0,0.4298355661432328,0.42981733145267054,0.5708828065864898,0.4255643214089414,0.5474266835621425,0.5474266835621425,0.09472078084945679,0.0,0.0,0.0,0.6430965572595596,0.057226091623306274,0.04326716065406799,0.9109185934066772,0.9109185934066772,0.45613983273506165,0.31754406690597536,0.41430291533470154,0.33427883386611934,0.5904607176780701,0.2635137178003788,-0.18907188,-0.01794424,-0.0655458
0.4642857142857143,0.5,0.3333333333333333,0.42424242424242425,0.6153846153846154,0.5869565217391305,0.0,0.0,0.45447106046840746,0.4544536634339429,0.5888806114233247,0.4077760958484158,0.5148819301809584,0.5148819301809584,0.1107451319694519,0.0,0.0,0.0,0.6426926344633102,0.06217986345291138,0.04570561647415161,0.910549521446228,0.910549521446228,0.4564110040664673,0.31743559837341306,0.40918755531311035,0.33632497787475585,0.5982228517532349,0.2740884758532047,-0.19030935,-0.02996141,-0.06363927
0.4642857142857143,0.5,0.3333333333333333,0.42424242424242425,0.6153846153846154,0.5869565217391305,0.0,0.0,0.4526533695297533,0.4526358100925759,0.5621904036738904,0.4336156210930757,0.5159524083137512,0.5159524083137512,0.11051774024963379,0.0,0.0,0.0,0.6422213077545166,0.06293007731437683,0.046965330839157104,0.9104899764060974,0.9104899764060974,0.4611784517765045,0.3155286192893982,0.40998345613479614,0.3360066175460815,0.614862322807312,0.16968032345175743,-0.18638334,-0.04379045,-0.06431093
0.4642857142857143,0.5,0.3333333333333333,0.42424242424242425,0.6153846153846154,0.5869565217391305,0.0,0.0,0.45776435670159743,0.45774695396879206,0.5214372763328297,0.4736898352898735,0.5074776709079742,0.5074776709079742,0.10503756999969482,0.0,0.0,0.0,0.640822598338127,0.0722552239894867,0.05665743350982666,0.9098017811775208,0.9098017811775208,0.4660944938659668,0.31356220245361327,0.41640546917915344,0.3334378123283386,0.622056782245636,0.0,-0.19769034,-0.06059437,-0.0529298
0.4642857142857143,0.5,0.3333333333333333,0.42424242424242425,0.6153846153846154,0.5869565217391305,0.0,0.0,0.4604191965856242,0.4604020189372805,0.48964481768029144,0.5056438739572788,0.44730748449053087,0.44730748449053087,0.10666581988334656,0.0,0.0,0.0,0.6403962910175323,0.0781913697719574,0.06279584765434265,0.9105788469314575,0.9105788469314575,0.456403523683548,0.3174385905265808,0.41843435168266296,0.3326262593269348,0.6234219670295715,0.0,-0.20889392,-0.0678315,-0.044217
0.4642857142857143,0.5,0.3333333333333333,0.42424242424242425,0.6153846153846154,0.5869565217391305,0.0,0.0,0.4471662548258473,0.4471490686299924,0.4028996003517457,0.5944470990633595,0.42893264974866596,0.42893264974866596,0.08997321128845215,0.0,0.0,0.0,0.6381606549024581,0.0794937014579773,0.06420865654945374,0.9093177318572998,0.9093177318572998,0.44263777136802673,0.32294489145278926,0.4142279326915741,0.36456562058870184,0.6004845499992371,0.0,-0.21270606,-0.07143832,-0.04093315
0.4642857142857143,0.5,0.3333333333333333,0.42424242424242425,0.6153846153846154,0.5869565217391305,0.0,0.0,0.4588690228033704,0.45885230102229074,0.3953570029475721,0.6022619062075829,0.48590494053704403,0.48590494053704403,0.10642990469932556,0.0,0.0,0.0,0.6365249156951904,0.0816296637058258,0.06749790906906128,0.9077379107475281,0.9077379107475281,0.4396806061267853,0.3241277575492859,0.41503381729125977,0.35202666770580204,0.6216639280319214,0.0,-0.22540464,-0.07694559,-0.02338427
0.4642857142857143,0.5,0.3333333333333333,0.42424242424242425,0.6153846153846154,0.5869565217391305,0.0,0.0,0.45378964432794777,0.4537728342225857,0.3806146659085217,0.6175460728308388,0.4774534702301026,0.4774534702301026,0.10651907324790955,0.0,0.0,0.0,0.635469964146614,0.08154436945915222,0.06773972511291504,0.9070724844932556,0.9070724844932556,0.4346490800380707,0.32614036798477175,0.41432881355285645,0.3505044621090556,0.6031801104545593,0.0,-0.22671524,-0.07643013,-0.00540046
0.4642857142857143,0.5,0.3333333333333333,0.42424242424242425,0.6153846153846154,0.5869565217391305,0.0,0.0,0.45639582607987733,0.4563790701087529,0.38294298516632724,0.6150881448115213,0.4756454697677068,0.4756454697677068,0.10053986310958862,0.0,0.0,0.0,0.6343272477388382,0.07982692122459412,0.06801486015319824,0.9066868424415588,0.9066868424415588,0.4318044185638428,0.32727823257446287,0.41513776779174805,0.35192703091821004,0.5823234915733337,0.0,-0.2222878,-0.07606813,0.04287259
0.4642857142857143,0.5,0.3333333333333333,0.42424242424242425,0.6153846153846154,0.5869565217391305,0.0,0.0,0.45886701413823816,0.4588503521897369,0.3833493908322336,0.6147000650096299,0.4764168815953391,0.4764168815953391,0.09502658247947693,0.0,0.0,0.0,0.6348419040441513,0.07801428437232971,0.06686985492706299,0.9081789255142212,0.9081789255142212,0.4378986060619354,0.3248405575752258,0.4267124831676483,0.34867407277572987,0.5780534744262695,0.0,-0.20404605,-0.0714751,0.08894254
0.4642857142857143,0.5,0.3333333333333333,0.42424242424242425,0.6153846153846154,0.5869565217391305,0.0,0.0,0.45902666455245156,0.4590101308166183,0.36819098374127884,0.6305270299350276,0.47682698283876696,0.47682698283876696,0.09489944577217102,0.0,0.0,0.0,0.6336788475513457,0.07920953631401062,0.0683269202709198,0.9071634411811829,0.9071634411811829,0.43326687812805176,0.32669324874877925,0.42450857162475586,0.35458266735076904,0.5814250111579895,0.0,-0.19958938,-0.06719004,0.09619182
0.4642857142857143,0.5,0.3333333333333333,0.42424242424242425,0.6153846153846154,0.5869565217391305,0.0,0.0,0.47520181519579474,0.47518578006478157,0.389420471501396,0.6086721606687145,0.46889179519244606,0.46889179519244606,0.09352350234985352,0.0,0.0,0.0,0.6338878393173217,0.07755988836288452,0.06669259071350098,0.9071312546730042,0.9071312546730042,0.43439018726348877,0.3262439250946045,0.42723581194877625,0.35513763510903645,0.593355655670166,0.0,-0.19930285,-0.0574097,0.09129684
0.4642857142857143,0.5,0.3333333333333333,0.42424242424242425,0.6153846153846154,0.5869565217391305,0.0,0.0,0.47710509948703117,0.4770890757526996,0.39343154498769495,0.6043890369959083,0.46095928975514006,0.46095928975514006,0.09478726983070374,0.0,0.0,0.0,0.634846556186676,0.0749034583568573,0.06367447972297668,0.908115029335022,0.908115029335022,0.4317520558834076,0.32729917764663696,0.4263661503791809,0.35565322221711626,0.5842481255531311,0.0,-0.19730343,-0.04570477,0.07797445
0.4642857142857143,0.5,0.3333333333333333,0.42424242424242425,0.6153846153846154,0.5869565217391305,0.0,0.0,0.48279141963781863,0.48277543009353185,0.4393754718864397,0.5572978691982443,0.4631564021110535,0.4631564021110535,0.09691497683525085,0.0,0.0,0.0,0.6358820647001266,0.07497477531433105,0.06313881278038025,0.908932089805603,0.908932089805603,0.43731990456581116,0.3250720381736755,0.42939016222953796,0.3512328585913015,0.603699266910553,0.0,-0.20408069,-0.03039363,0.03833307
0.4642857142857143,0.5,0.3333333333333333,0.42424242424242425,0.6153846153846154,0.5869565217391305,0.0,0.0,0.47698325898861565,0.4769669189963696,0.4917029130698162,0.5044120465313677,0.49827328750065397,0.49827328750065397,0.11297917366027832,0.0,0.0,0.0,0.6363043248653412,0.0791168212890625,0.06197395920753479,0.9082005620002747,0.9082005620002747,0.43894556164741516,0.3244217753410339,0.4234330952167511,0.3427298401677331,0.597948431968689,0.0318629527464509,-0.2163428,-0.0170568,-0.00820811
0.4642857142857143,0.5,0.3333333333333333,0.42424242424242425,0.6153846153846154,0.5869565217391305,0.0,0.0,0.4783083027225152,0.47829188010432755,0.5897908928745336,0.40725418481447906,0.5337636598518917,0.5337636598518917,0.12850084900856018,0.0,0.0,0.0,0.6343225747346878,0.08293208479881287,0.06496348977088928,0.9041496515274048,0.9041496515274048,0.42733079195022583,0.32906768321990965,0.38355758786201477,0.347944553508315,0.5635584592819214,0.1546256709843874,-0.23044673,-0.00972398,-0.03785485
0.4642857142857143,0.5,0.3333333333333333,0.42424242424242425,0.6153846153846154,0.5869565217391305,0.0,0.0,0.4730876965686878,0.47307109730193536,0.5989072637393871,0.3984206624919502,0.543312919991357,0.543312919991357,0.12923786044120789,0.0,0.0,0.0,0.6326828509569168,0.0840267539024353,0.06658786535263062,0.9013884663581848,0.9013884663581848,0.4215145409107208,0.33139418363571166,0.3742705285549164,0.35029178857803345,0.5467103123664856,0.16198696568608284,-0.22960818,-0.01574459,-0.06113515
0.4642857142857143,0.5,0.3333333333333333,0.42424242424242425,0.6153846153846154,0.5869565217391305,0.0,0.0,0.4832854116510023,0.4832691898993279,0.6060494957189031,0.39146295418424265,0.5535415240696498,0.5535415240696498,0.15385648608207703,0.0,0.0,0.0,0.6311613291501998,0.08546265959739685,0.06824836134910583,0.8988107442855835,0.8988107442855835,0.42065200209617615,0.3317391991615295,0.3712652325630188,0.35149390697479244,0.5387564897537231,0.15511291101574898,-0.23267874,-0.02359783,-0.08145695
0.4642857142857143,0.5,0.3333333333333333,0.42424242424242425,0.6153846153846154,0.5869565217391305,0.0,0.0,0.48599077872290897,0.48597465811678375,0.5960985857487636,0.4011477744323523,0.551083300794874,0.551083300794874,0.15633901953697205,0.0,0.0,0.0,0.6313451617956161,0.08521667122840881,0.06808081269264221,0.8989048600196838,0.8989048600196838,0.42070111632347107,0.33171955347061155,0.37022656202316284,0.35190937519073484,0.5355812311172485,0.1352392416447401,-0.23756491,-0.027095,-0.09689379
0.4642857142857143,0.5,0.3333333333333333,0.42424242424242425,0.6153846153846154,0.5869565217391305,0.0,0.0,0.49600005038723666,0.49598423286161275,0.5578822528882874,0.4382961356566417,0.4936653375625611,0.4936653375625611,0.1539795696735382,0.0,0.0,0.0,0.631779459118843,0.08526477217674255,0.06790447235107422,0.8995875120162964,0.8995875120162964,0.41623935103416443,0.33350425958633423,0.368256539106369,0.36549507878547494,0.5475432872772217,0.0964266899973154,-0.25305951,-0.03011591,-0.12161289
0.4642857142857143,0.5,0.3333333333333333,0.42424242424242425,0.6153846153846154,0.5869565217391305,0.0,0.0,0.5029599977867325,0.502944432412689,0.5266060745966822,0.46907229878883694,0.4747565729277475,0.4747565729277475,0.15160736441612244,0.0,0.0,0.0,0.6352817922830581,0.07733950018882751,0.06383737921714783,0.9056606292724609,0.9056606292724609,0.4193437695503235,0.3322624921798706,0.37606433033943176,0.35056137068327087,0.5492862462997437,0.0,-0.24762416,-0.03892722,-0.13777584
0.4642857142857143,0.5,0.3333333333333333,0.42424242424242425,0.6153846153846154,0.5869565217391305,0.0,0.0,0.5117095347572239,0.5116944284557612,0.5022929088777042,0.4936575850332166,0.4702011815139226,0.4702011815139226,0.1461915373802185,0.0,0.0,0.0,0.6381842702627182,0.07216671109199524,0.0594961941242218,0.9097867608070374,0.9097867608070374,0.4119287431240082,0.33522850275039673,0.3777238130569458,0.3577044467593348,0.5101845264434814,0.0,-0.24045515,-0.04085103,-0.13601336
0.4642857142857143,0.5,0.3333333333333333,0.42424242424242425,0.6153846153846154,0.5869565217391305,0.0,0.0,0.4679379492827173,0.46792111068565123,0.46283816219971696,0.5326744450273244,0.46617612242698675,0.46617612242698675,0.0737423300743103,0.0,0.0,0.0,0.6392446041107177,0.05915549397468567,0.05246672034263611,0.9117898941040039,0.9117898941040039,0.4073943495750427,0.3370422601699829,0.39131203293800354,0.36503465369690297,0.44163772463798523,0.0,-0.23933475,-0.04400715,-0.1321011
0.4642857142857143,0.5,0.3333333333333333,0.42424242424242425,0.6153846153846154,0.5869565217391305,0.0,0.0,0.47941867286342965,0.4794024012512732,0.4362195768958068,0.5598897142808655,0.4507422234330859,0.4507422234330859,0.06943261623382568,0.0,0.0,0.0,0.6386970281600952,0.05775299668312073,0.05184304714202881,0.9120907783508301,0.9120907783508301,0.40323564410209656,0.3387057423591614,0.4068337082862854,0.3780916263890821,0.41568663716316223,0.0,-0.23452144,-0.05289119,-0.10376955
0.4642857142857143,0.5,0.3333333333333333,0.42424242424242425,0.6153846153846154,0.5869565217391305,0.0,0.0,0.47445989692188356,0.47444344866116234,0.4120525146761542,0.5843454223923149,0.4298223555088043,0.4298223555088043,0.06758078932762146,0.0,0.0,0.0,0.6378011465072632,0.060330480337142944,0.055874645709991455,0.9122843146324158,0.9122843146324158,0.40016692876815796,0.33993322849273677,0.432290643453598,0.37583266579827596,0.4077064096927643,0.0,-0.23277169,-0.05963841,-0.08927717
0.4642857142857143,0.5,0.3333333333333333,0.42424242424242425,0.6153846153846154,0.5869565217391305,0.0,0.0,0.475103550157857,0.47508724435565575,0.3817955558660153,0.6154484167103051,0.4118398683411735,0.4118398683411735,0.06382715702056885,0.0,0.0,0.0,0.6356655418872833,0.06204983592033386,0.059570252895355225,0.9109437465667725,0.9109437465667725,0.3980308473110199,0.340787661075592,0.44367316365242004,0.3953295807505763,0.4133197069168091,0.0,-0.20972447,-0.06859837,-0.07506517
0.4642857142857143,0.5,0.3333333333333333,0.42424242424242425,0.6153846153846154,0.5869565217391305,0.0,0.0,0.47354029583429513,0.47352394729453795,0.3732472696906066,0.6242514870995951,0.4098670929670334,0.4098670929670334,0.060992270708084106,0.0,0.0,0.0,0.6327635020017623,0.06793484091758728,0.0659220814704895,0.9084548354148865,0.9084548354148865,0.3967130482196808,0.3413147807121277,0.4499882757663727,0.400895705056745,0.4585114121437073,0.0,-0.16437459,-0.06240438,-0.0627478
0.4642857142857143,0.5,0.3333333333333333,0.42424242424242425,0.6153846153846154,0.5869565217391305,0.0,0.0,0.46806368032331447,0.4680471038499252,0.37416483931969957,0.6231636681423994,0.4064913306917463,0.4064913306917463,0.059572696685791016,0.0,0.0,0.0,0.6314751088619232,0.06902846693992615,0.06670287251472473,0.9073392748832703,0.9073392748832703,0.3979668617248535,0.34081325531005857,0.4600203335285187,0.39466231368308846,0.4850652515888214,0.0,-0.1276403,-0.04979213,-0.03885241
0.4642857142857143,0.5,0.3333333333333333,0.42424242424242425,0.6153846153846154,0.5869565217391305,0.0,0.0,0.46117198444461277,0.46115181801651906,0.3891166131765391,0.6075949349270674,0.4103181404726846,0.4103181404726846,0.06105044484138489,0.0,0.0,0.0,0.6318394988775253,0.06905683875083923,0.06662198901176453,0.9082573652267456,0.9082573652267456,0.39910581707954407,0.34035767316818233,0.4625437557697296,0.3769071919973507,0.5122068524360657,0.0,-0.11167727,-0.02334008,-0.02555291
0.4642857142857143,0.5,0.3333333333333333,0.42424242424242425,0.6153846153846154,0.5869565217391305,0.0,0.0,0.46174674189113524,0.4617265640663599,0.4050137474705567,0.5913430105381162,0.4322768747806549,0.4322768747806549,0.0747452974319458,0.0,0.0,0.0,0.6334859818220138,0.06984210014343262,0.06699365377426147,0.9104638695716858,0.9104638695716858,0.4039294123649597,0.3384282350540161,0.46309152245521545,0.350139390590579,0.5486940741539001,0.0,-0.08253104,-0.00382345,-0.01451472
0.4642857142857143,0.5,0.3333333333333333,0.42424242424242425,0.6153846153846154,0.5869565217391305,0.0,0.0,0.45876550389521437,0.45874520925445267,0.41525598511413225,0.5809417692420081,0.45007637568882536,0.45007637568882536,0.08947190642356873,0.0,0.0,0.0,0.6343896031379699,0.07202482223510742,0.06850996613502502,0.9113684296607971,0.9113684296607971,0.4045560657978058,0.33817757368087764,0.44696149230003357,0.34533840279246486,0.5521525144577026,0.0,-0.07131475,0.00063357,-0.0089442
0.4642857142857143,0.5,0.3333333333333333,0.42424242424242425,0.6153846153846154,0.5869565217391305,0.0,0.0,0.4413528075409665,0.4413318661385239,0.4295693111693198,0.5664273565751822,0.4287192438329969,0.4287192438329969,0.09732183814048767,0.0,0.0,0.0,0.6385304480791092,0.06543922424316406,0.061000436544418335,0.9151839017868042,0.9151839017868042,0.3434368371963501,0.36262526512146,0.36902815103530884,0.3591440236845682,0.5509832501411438,0.0,-0.05099379,0.01399915,-0.00912954
0.4642857142857143,0.5,0.3333333333333333,0.42424242424242425,0.6153846153846154,0.5869565217391305,0.3728348910808563,0.3702724575996399,0.3348018179432156,0.33477820401893743,0.45432096902088726,0.543611145162623,0.5588027622018542,0.5588027622018542,0.09340783953666687,0.0,0.0,0.0,0.6483230412006378,0.05629110336303711,0.05108630657196045,0.9259881377220154,0.9259881377220154,0.41171687841415405,0.33531324863433837,0.4048629403114319,0.33805482387542723,0.538987934589386,0.0,-0.03828798,0.02398374,-0.00165251
0.4642857142857143,0.5,0.3333333333333333,0.42424242424242425,0.6153846153846154,0.5869565217391305,0.2553134262561798,0.25564390420913696,0.3594342864494251,0.359411185375819,0.477495887425388,0.5197458884405538,0.5805916445595878,0.5805916445595878,0.0937686562538147,0.0,0.0,0.0,0.6519351482391357,0.05270084738731384,0.04562830924987793,0.9305143356323242,0.9305143356323242,0.34351733326911926,0.36259306669235225,0.33994096517562866,0.3640236139297485,0.5229358077049255,0.0,-0.04542075,0.02859711,-0.00030381
0.4642857142857143,0.5,0.3333333333333333,0.42424242424242425,0.6153846153846154,0.5869565217391305,0.0335223414003849,0.03308265656232834,0.40362626416733344,0.40360401784484745,0.49342514326649917,0.5023453950831306,0.46300360134669716,0.46300360134669716,0.12993162870407104,0.0,0.0,0.0,0.653361040353775,0.053358227014541626,0.046387314796447754,0.9324565529823303,0.9324565529823303,0.24918800592422485,0.40032479763031004,0.25588932633399963,0.39764426946640014,0.46394574642181396,0.0,-0.06096614,0.03012491,0.00360053
0.4642857142857143,0.5,0.3333333333333333,0.42424242424242425,0.6153846153846154,0.5869565217391305,0.011163042858242989,0.011096513830125332,0.39629327453117297,0.39627074329164697,0.5033461803972835,0.4924011692667504,0.4487031698226929,0.4487031698226929,0.13613271713256836,0.0,0.0,0.0,0.6533599972724914,0.054138004779815674,0.04687386751174927,0.932736873626709,0.932736873626709,0.22850972414016724,0.4085961103439331,0.23151415586471558,0.40739433765411376,0.44672927260398865,0.0,-0.06742998,0.03506985,0.01205317
0.4642857142857143,0.5,0.3333333333333333,0.42424242424242425,0.6153846153846154,0.5869565217391305,0.0,0.0,0.3872276359944681,0.38720479704453886,0.5066213965074055,0.4891433024674888,0.42866955910410204,0.42866955910410204,0.14104890823364258,0.0,0.0,0.0,0.653147730231285,0.05544954538345337,0.04793578386306763,0.9328194856643677,0.9328194856643677,0.21494895219802856,0.4140204191207886,0.21722711622714996,0.41310915350914,0.4468625783920288,0.0,-0.07289052,0.04194955,0.01361126
0.4642857142857143,0.5,0.3333333333333333,0.42424242424242425,0.6153846153846154,0.5869565217391305,0.0,0.0,0.37928470735568165,0.37926161767875716,0.5130795284279446,0.4827273981014533,0.42402275971003944,0.42402275971003944,0.14548006653785706,0.0,0.0,0.0,0.6531902879476547,0.05637654662132263,0.048678815364837646,0.933148980140686,0.933148980140686,0.2001400887966156,0.41994396448135374,0.20180872082710266,0.4192765116691589,0.43597105145454407,0.0,-0.09910291,0.03720928,0.0148058
0.4642857142857143,0.5,0.3333333333333333,0.42424242424242425,0.6153846153846154,0.5869565217391305,0.0,0.0,0.38318272576049456,0.3831597956371125,0.5176488298986883,0.4782989838332514,0.40614805051258634,0.40614805051258634,0.15441468358039856,0.0,0.0,0.0,0.6530629277229308,0.056417375802993774,0.048985958099365234,0.9336996674537659,0.9336996674537659,0.1858806610107422,0.4256477355957031,0.18426065146923065,0.44699957204419516,0.40394625067710876,0.0,-0.11358448,0.03415667,0.01737515
0.4642857142857143,0.5,0.3333333333333333,0.42424242424242425,0.6153846153846154,0.5869565217391305,0.6506551504135132,0.6211594939231873,0.2970184222234139,0.29699412449823964,0.5082828645838379,0.49070610662212744,0.4390158823558263,0.4390158823558263,0.2196957767009735,0.0,0.0,0.0,0.6429441630840301,0.06476768851280212,0.06139442324638367,0.9200473427772522,0.9200473427772522,0.1695387065410614,0.43218451738357544,0.16719454526901245,0.4820297623789588,0.371628075838089,0.0,-0.12260454,0.03640675,0.00571555
0.4642857142857143,0.5,0.3333333333333333,0.42424242424242425,0.6153846153846154,0.5869565217391305,0.1500859558582306,0.1492503434419632,0.3856599882501489,0.3856371834902645,0.5264957376237581,0.46964397913132705,0.40412272725786486,0.40412272725786486,0.2775081396102905,0.0,0.0,0.0,0.6372532367706298,0.0748249888420105,0.07413312792778015,0.9117642045021057,0.9117642045021057,0.1537007987499237,0.43851968050003054,0.15005835890769958,0.5237958112428355,0.33054909110069275,0.05806479137390852,-0.13901678,0.03539957,-0.01809523
0.4642857142857143,0.5,0.3333333333333333,0.42424242424242425,0.6153846153846154,0.5869565217391305,0.03556731715798378,0.03505808115005493,0.4311038914419725,0.431082346015405,0.531142127673439,0.4643836298995852,0.3081520859684263,0.3081520859684263,0.367009699344635,0.0,0.0,0.0,0.6343339025974273,0.11651971936225891,0.11380279064178467,0.9089971780776978,0.9089971780776978,0.1265292465686798,0.44938830137252805,0.12592445313930511,0.5722568097502686,0.2463497519493103,0.10299375280737877,-0.15350454,0.03136107,-0.04637248
0.4642857142857143,0.5,0.3333333333333333,0.42424242424242425,0.6153846153846154,0.5869565217391305,0.0,0.0,0.4516487862366335,0.4516280043877334,0.5388203085494543,0.4568789606517811,0.23437543639114927,0.23437543639114927,0.5441752821207047,0.0,0.0,0.0,0.5985835015773773,0.2085934281349182,0.20957022905349731,0.862110435962677,0.862110435962677,0.11334603279829025,0.4546615868806839,0.11306601762771606,0.6089192282321841,0.18605422973632812,0.1622689701616764,-0.15861291,0.02408202,-0.06684151
0.4642857142857143,0.5,0.3333333333333333,0.42424242424242425,0.6153846153846154,0.5869565217391305,0.0,0.0,0.4537987360306953,0.45377803965690716,0.5356028828748554,0.46009101848934575,0.217401385307312,0.217401385307312,0.6725400388240814,0.0,0.0,0.0,0.5497805446386337,0.272881343960762,0.2728937417268753,0.793816864490509,0.793816864490509,0.10240959376096725,0.4590361624956131,0.10190756618976593,0.61992391077585,0.15127350389957428,0.16756407916545868,-0.16127626,0.0143857,-0.08322691
0.4642857142857143,0.5,0.3333333333333333,0.42424242424242425,0.6153846153846154,0.5869565217391305,0.0,0.0,0.4867318379719444,0.4867123724397692,0.5069859727903716,0.4885102965813016,0.21539370928491866,0.21539370928491866,0.7614136934280396,0.0,0.0,0.0,0.5099388241767883,0.305259644985199,0.3046366274356842,0.7375058531761169,0.7375058531761169,0.09520991146564484,0.46191603541374204,0.0,0.6976744186046512,0.1317623108625412,0.16473796218633652,-0.16261568,0.0016717,-0.0944411
0.4642857142857143,0.5,0.3333333333333333,0.42424242424242425,0.6153846153846154,0.5869565217391305,0.0,0.0,0.4889421766449343,0.4889227160988073,0.477292415345832,0.5178272770371487,0.21155892738274168,0.21155892738274168,0.8172328248620033,0.0,0.0,0.0,0.4713509082794189,0.3361850082874298,0.3363809436559677,0.6785361766815186,0.6785361766815186,0.08848355710506439,0.46460657715797427,0.08828812837600708,0.6245470826708993,0.11514626443386078,0.15997055917978287,-0.1753861,-0.01756344,-0.10565216
0.4642857142857143,0.5,0.3333333333333333,0.42424242424242425,0.6153846153846154,0.5869565217391305,0.0,0.0,0.4963609444736067,0.49634190453626004,0.4535144970932153,0.542089408950135,0.21239891648292542,0.21239891648292542,0.8146693259477615,0.0,0.0,0.0,0.41279585063457486,0.35852859914302826,0.3577294945716858,0.5915428996086121,0.5915428996086121,0.08543821424245834,0.46582471430301664,0.08612155169248581,0.6165690027004065,0.09989114850759506,0.1447728369385004,-0.18728125,-0.04141656,-0.11334773
0.4642857142857143,0.5,0.3333333333333333,0.42424242424242425,0.6153846153846154,0.5869565217391305,0.0,0.0,0.4988348371960066,0.4988159075749764,0.4455878942008228,0.5501092644774385,0.21604799798556737,0.21604799798556737,0.7921593710780144,0.0,0.0,0.0,0.4051951885223388,0.3580581396818161,0.3582499325275421,0.5835273861885071,0.5835273861885071,0.08425067365169525,0.4662997305393219,0.0,0.6976744186046512,0.08712311089038849,0.11976669542491436,-0.1929423,-0.0533917,-0.12127815
0.4642857142857143,0.5,0.3333333333333333,0.42424242424242425,0.6153846153846154,0.5869565217391305,0.0,0.0,0.4945402448110097,0.4945211859979092,0.4322951238880194,0.5635782623901372,0.2133535806621824,0.2133535806621824,0.782737523317337,0.0,0.0,0.0,0.3972984582185745,0.35753950476646423,0.3585772067308426,0.5732070803642273,0.5732070803642273,0.08297406136989594,0.4668103754520416,0.08568920940160751,0.609703847142153,0.0744323581457138,0.08771524764597416,-0.18995921,-0.06625442,-0.12637994
0.4642857142857143,0.5,0.3333333333333333,0.42424242424242425,0.6153846153846154,0.5869565217391305,0.0,0.0,0.4983878101063732,0.4983688960667436,0.414716762520843,0.5813355730272337,0.21179634545530593,0.21179634545530593,0.7613086923956871,0.0,0.0,0.0,0.4135317862033844,0.35803455114364624,0.3595995754003525,0.59928959608078,0.59928959608078,0.0839584693312645,0.4664166122674942,0.08759862929582596,0.602756302024043,0.0694786086678505,0.07602992467582226,-0.1819336,-0.07365822,-0.12343223
0.4642857142857143,0.5,0.3333333333333333,0.42424242424242425,0.6153846153846154,0.5869565217391305,0.0,0.0,0.5064914301750081,0.5064728030112232,0.40285138099189016,0.5933106789574746,0.21275674658162255,0.21275674658162255,0.804026335477829,0.0,0.0,0.0,0.3075147047638893,0.40497566014528275,0.4136013090610504,0.4579232633113861,0.4579232633113861,0.08901333063840866,0.46439466774463656,0.091866135597229,0.5709044669949731,0.06659771502017975,0.07455403916537762,-0.18367273,-0.0812335,-0.11272134
0.4642857142857143,0.5,0.3333333333333333,0.42424242424242425,0.6153846153846154,0.5869565217391305,0.0,0.0,0.5114865479973033,0.5114680825239386,0.3894646222459199,0.6068221886294244,0.2125427659068789,0.2125427659068789,0.8093572407960892,0.0,0.0,0.0,0.20138828754425048,0.4494851790368557,0.4554868973791599,0.30853381752967834,0.30853381752967834,0.10246878117322922,0.45901248753070834,0.09901305288076401,0.5501220357972523,0.054226525127887726,0.06918739061802626,-0.17727703,-0.07423891,-0.08729203
0.4642857142857143,0.5,0.3333333333333333,0.42424242424242425,0.6153846153846154,0.5869565217391305,0.0,0.0,0.5131249883662674,0.5131065086470508,0.38463607618503315,0.611487642478254,0.20672129733221872,0.20672129733221872,0.825959600508213,0.0,0.0,0.0,0.17116767242550848,0.4637877717614174,0.46755899116396904,0.26149675250053406,0.26149675250053406,0.10953638702630997,0.456185445189476,0.10450433194637299,0.5629825834618059,0.0515931099653244,0.055619049817323685,-0.16133101,-0.05917845,-0.06464338
0.4642857142857143,0.5,0.3333333333333333,0.42424242424242425,0.6153846153846154,0.5869565217391305,0.39508795738220215,0.3832690715789795,0.3780013384372281,0.3779787730076573,0.41672895492604767,0.5806435351795215,0.21787729646478382,0.21787729646478382,0.7943968251347542,0.0,0.0,0.0,0.15646027848124502,0.4669070728123188,0.47157012671232224,0.23930348455905914,0.23930348455905914,0.11142680048942566,0.45542927980422976,0.10547095537185669,0.5470723745434783,0.0501924566924572,0.03604295430704951,-0.15230672,-0.04686422,-0.05078349
0.4642857142857143,0.5,0.3333333333333333,0.42424242424242425,0.6153846153846154,0.5869565217391305,0.1427103579044342,0.1383022665977478,0.4313784944851585,0.4313571655955415,0.4242656773408558,0.5716425899059271,0.20171495420592173,0.20171495420592173,0.7694638073444366,0.0,0.0,0.0,0.15603703781962394,0.46351831033825874,0.46949655935168266,0.23812304437160492,0.23812304437160492,0.1089872270822525,0.456405109167099,0.10172025859355927,0.5732457547686821,0.04840591549873352,0.030506164766848087,-0.14930515,-0.03158712,-0.04139616
0.4642857142857143,0.5,0.3333333333333333,0.42424242424242425,0.6153846153846154,0.5869565217391305,0.03135713189840317,0.030053185299038887,0.4573721797926704,0.45735162017906145,0.4396357834908976,0.5557500774114817,0.17069966133151737,0.17069966133151737,0.778684638440609,0.0,0.0,0.0,0.14198482409119606,0.463852234184742,0.4704292602837086,0.22181956470012665,0.22181956470012665,0.1040273979306221,0.45838904082775117,0.09569040685892105,0.5945469439029694,0.046703021973371506,0.022772622760385275,-0.14763914,-0.02027599,-0.03189009
0.4642857142857143,0.5,0.3333333333333333,0.42424242424242425,0.6153846153846154,0.5869565217391305,0.0,0.0,0.45986148002726623,0.4598410087379397,0.455386570147301,0.5398860528815038,0.16328826546669006,0.16328826546669006,0.785176008939743,0.0,0.0,0.0,0.14403466656804084,0.46332288905978203,0.470647094771266,0.22666053473949432,0.22666053473949432,0.09919560700654984,0.46032175719738005,0.09014420211315155,0.6050172378850538,0.044513605535030365,0.01844495185650885,-0.14006633,-0.00169602,-0.02115403
0.4642857142857143,0.5,0.3333333333333333,0.42424242424242425,0.6153846153846154,0.5869565217391305,0.0,0.0,0.45495866464155355,0.454937936926891,0.4759746583652314,0.5190356187514498,0.1563082528965814,0.1563082528965814,0.7871654406189919,0.0,0.0,0.0,0.14629613459110258,0.4623372182250023,0.4703093823045492,0.23099932074546814,0.23099932074546814,0.09531547129154205,0.4618738114833832,0.08569306880235672,0.60636815636657,0.041803039610385895,0.0171429303009063,-0.13681485,0.01012975,-0.01504009
0.4642857142857143,0.5,0.3333333333333333,0.42424242424242425,0.6153846153846154,0.5869565217391305,0.0,0.0,0.4526820977149001,0.4526612588825919,0.4907599950839639,0.5042236479878147,0.15294994626726424,0.15294994626726424,0.7842931300401688,0.0,0.0,0.0,0.1418125331401825,0.46187973767518997,0.4699766207486391,0.2243078052997589,0.2243078052997589,0.09169527143239975,0.4633218914270401,0.08183512836694717,0.6084686275138411,0.03988882526755333,0.019057015888392925,-0.12831132,0.02264768,-0.00598617
0.4642857142857143,0.5,0.3333333333333333,0.42424242424242425,0.6153846153846154,0.5869565217391305,0.0,0.0,0.45181493845770054,0.45179151827700964,0.506517049915248,0.48877797614041474,0.15244351966040476,0.15244351966040476,0.7663213089108467,0.0,0.0,0.0,0.13705634847283363,0.46171092987060547,0.4696771167218685,0.21788516640663147,0.21788516640663147,0.0863417387008667,0.46546330451965334,0.07645022124052048,0.616907132572906,0.039314914494752884,0.0214090826921165,-0.12875267,0.03521613,-0.00033838
0.4642857142857143,0.5,0.3333333333333333,0.42424242424242425,0.6153846153846154,0.5869565217391305,0.0,0.0,0.4517872502197499,0.4517638243407182,0.5155946977051904,0.4797820340100433,0.16534981983048577,0.16534981983048577,0.7464439123868942,0.0,0.0,0.0,0.14055925533175467,0.45652075856924057,0.46349336951971054,0.22162578999996185,0.22162578999996185,0.08198104053735733,0.46720758378505706,0.07277651876211166,0.6184529842332352,0.04001792147755623,0.030297040939331055,-0.13363807,0.04080541,0.00608039
0.4642857142857143,0.5,0.3333333333333333,0.42424242424242425,0.6153846153846154,0.5869565217391305,0.0,0.0,0.4514890731406713,0.4514656529599804,0.5247512504202002,0.47077474078479686,0.16893109040600915,0.16893109040600915,0.7250593453645706,0.0,0.0,0.0,0.12097121626138686,0.4541607089340687,0.4600083902478218,0.18673957884311676,0.18673957884311676,0.07782812416553497,0.468868750333786,0.0,0.6976744186046512,0.03936374932527542,0.0386714399792254,-0.13237283,0.04638737,0.01876296
0.4642857142857143,0.5,0.3333333333333333,0.42424242424242425,0.6153846153846154,0.5869565217391305,0.06873857975006104,0.06779583543539047,0.43201013276955363,0.4319861427547827,0.5303566370365952,0.46568556971070824,0.17952258033411844,0.17952258033411844,0.6825675368309021,0.0,0.0,0.0,0.12160936295986174,0.44200436025857925,0.44516582414507866,0.18505874276161194,0.18505874276161194,0.07474768161773682,0.47010092735290526,0.06808001548051834,0.6266520917415619,0.03701997920870781,0.04701269790530205,-0.14772092,0.05058861,0.01915985
0.4642857142857143,0.5,0.3333333333333333,0.42424242424242425,0.6153846153846154,0.5869565217391305,0.27008387446403503,0.2687622904777527,0.3512045261280943,0.3511782681736846,0.5398380293672901,0.45765131376390883,0.2783114356654031,0.2783114356654031,0.5996387451887131,0.0,0.0,0.0,0.36363908052444455,0.3051850199699402,0.3049840182065964,0.5298976302146912,0.5298976302146912,0.07580897957086563,0.46967640817165374,0.07255110144615173,0.5798226144424705,0.06005864590406418,0.09937738068401814,-0.15595052,0.05658656,0.01049852
0.4642857142857143,0.5,0.3333333333333333,0.42424242424242425,0.6153846153846154,0.5869565217391305,0.06526260077953339,0.06464672088623047,0.43166357677707706,0.4316395810639653,0.5467149181074211,0.44954869482252335,0.28537160583904814,0.28537160583904814,0.35535353422164917,0.0,0.0,0.0,0.58887360394001,0.1402115523815155,0.1345922350883484,0.8444264531135559,0.8444264531135559,0.09482825547456741,0.462068697810173,0.09723185747861862,0.5346506071645161,0.1249891072511673,0.14556541107594967,-0.15593676,0.06121493,-0.01329273
0.4642857142857143,0.5,0.3333333333333333,0.42424242424242425,0.6153846153846154,0.5869565217391305,0.029857875779271126,0.029201844707131386,0.43774411099362787,0.43772016086724247,0.5409663065441708,0.45478025033819924,0.33789059945515226,0.33789059945515226,0.25676679611206055,0.0,0.0,0.0,0.6182868272066115,0.09111091494560242,0.08381679654121399,0.8852900266647339,0.8852900266647339,0.10884059220552444,0.45646376311779024,0.11143572628498077,0.5255828278009282,0.13647538423538208,0.02628082875162363,-0.15827648,0.06022671,-0.04404311
0.4642857142857143,0.5,0.3333333333333333,0.42424242424242425,0.6153846153846154,0.5869565217391305,0.014546006917953491,0.014502337202429771,0.440093884504548,0.440069922981481,0.5245244792496953,0.47072801439023104,0.41970627648489817,0.41970627648489817,0.2528195083141327,0.0,0.0,0.0,0.630309173464775,0.08207222819328308,0.07407727837562561,0.9001589417457581,0.9001589417457581,0.11604423075914383,0.45358230769634245,0.12133120000362396,0.4953832751096681,0.15027223527431488,0.04781531170010567,-0.15656194,0.05292705,-0.07584933
0.4642857142857143,0.5,0.3333333333333333,0.42424242424242425,0.6153846153846154,0.5869565217391305,0.0,0.0,0.44272440387003736,0.4427005848054904,0.5017719127836122,0.4934246539563061,0.4402230254241399,0.4402230254241399,0.25167223811149597,0.0,0.0,0.0,0.637225553393364,0.07464137673377991,0.06611227989196777,0.9108478426933289,0.9108478426933289,0.12181161344051361,0.45127535462379453,0.1283160150051117,0.48627310020979064,0.2138834148645401,0.015332975890487432,-0.15370812,0.04804067,-0.08423925
0.4642857142857143,0.5,0.3333333333333333,0.42424242424242425,0.6153846153846154,0.5869565217391305,0.0,0.0,0.44457219914314167,0.44454852253711474,0.47529449585974787,0.5199983648264107,0.44839539698192055,0.44839539698192055,0.24511659145355225,0.0,0.0,0.0,0.6420910269021988,0.06974387168884277,0.061728209257125854,0.9177707433700562,0.9177707433700562,0.1329612284898758,0.44681550860404967,0.14090801775455475,0.47881489576295366,0.25333428382873535,0.0,-0.15531212,0.03930206,-0.08705698
0.4642857142857143,0.5,0.3333333333333333,0.42424242424242425,0.6153846153846154,0.5869565217391305,0.0,0.0,0.43827252383441817,0.43824861359641837,0.460461361458379,0.5347651192557921,0.4445566875594003,0.4445566875594003,0.24041444063186646,0.0,0.0,0.0,0.6457116037607192,0.06419679522514343,0.05706152319908142,0.9225279092788696,0.9225279092788696,0.14064554870128632,0.4437417805194855,0.14971092343330383,0.4773421342982802,0.2811616361141205,0.0,-0.15911223,0.0310495,-0.09046038
0.4642857142857143,0.5,0.3333333333333333,0.42424242424242425,0.6153846153846154,0.5869565217391305,0.0,0.0,0.4359824404433854,0.4359584219369104,0.45586387456944977,0.5393401247656774,0.44791083250726976,0.44791083250726976,0.23941534757614136,0.0,0.0,0.0,0.6467103123664856,0.06255161762237549,0.05573379993438721,0.9239291548728943,0.9239291548728943,0.1436772644519806,0.4425290942192078,0.1536325365304947,0.4789302723352299,0.2969798147678375,0.0,-0.15689417,0.02010204,-0.09576093
0.4642857142857143,0.5,0.3333333333333333,0.42424242424242425,0.6153846153846154,0.5869565217391305,0.0,0.0,0.4357505806545454,0.4357265108630033,0.4461610561119211,0.5490365176316606,0.4570302792957851,0.4570302792957851,0.23578694462776184,0.0,0.0,0.0,0.6470505863428115,0.06059578061103821,0.05439043045043945,0.9245956540107727,0.9245956540107727,0.1484019160270691,0.44063923358917234,0.15891839563846588,0.4813573388166206,0.3049759864807129,0.0,-0.15916944,-0.00298164,-0.10334939
0.4642857142857143,0.5,0.3333333333333333,0.42424242424242425,0.6153846153846154,0.5869565217391305,0.0,0.0,0.4306743220207112,0.4306501211673306,0.4355321860450176,0.5598133572264288,0.4574564099311829,0.4574564099311829,0.2312016785144806,0.0,0.0,0.0,0.6475882321596145,0.059434592723846436,0.05385008454322815,0.9255625605583191,0.9255625605583191,0.15156985819339752,0.439372056722641,0.16379821300506592,0.4820023373115895,0.30758026242256165,0.0,-0.15345564,-0.02961495,-0.10549118
0.4642857142857143,0.5,0.3333333333333333,0.42424242424242425,0.6153846153846154,0.5869565217391305,0.0,0.0,0.44435241983679924,0.44432871473906826,0.4526974860842324,0.5425221124588367,0.48088473933083675,0.48088473933083675,0.24857813119888306,0.0,0.0,0.0,0.6483518302440643,0.05324351787567139,0.05118495225906372,0.9271633625030518,0.9271633625030518,0.15468674898147583,0.43812530040740966,0.16881342232227325,0.48331192066503126,0.3163502812385559,0.0,-0.13230121,-0.05047522,-0.11536255
0.4642857142857143,0.5,0.3333333333333333,0.42424242424242425,0.6153846153846154,0.5869565217391305,0.0,0.0,0.44648679606545266,0.44646337018642096,0.48869431876429636,0.5070352150372242,0.4917513259819576,0.4917513259819576,0.26225417852401733,0.0,0.0,0.0,0.6470253229141235,0.0532228946685791,0.0523451566696167,0.9265658259391785,0.9265658259391785,0.1595858484506607,0.4361656606197357,0.17322979867458344,0.4766256933988527,0.32767564058303833,0.0,-0.13063852,-0.06376451,-0.11839297
0.4642857142857143,0.5,0.3333333333333333,0.42424242424242425,0.6153846153846154,0.5869565217391305,0.0,0.0,0.4547420735568891,0.4547193001378791,0.5428018133453384,0.4542863409509572,0.5026003292628697,0.5026003292628697,0.26535719633102417,0.0,0.0,0.0,0.6437222391366958,0.05652317404747009,0.0583186149597168,0.9239137768745422,0.9239137768745422,0.16592945158481598,0.4336282193660736,0.18012821674346924,0.4554434987001641,0.3378760814666748,0.0,-0.13139351,-0.08211807,-0.11650225
0.4642857142857143,0.5,0.3333333333333333,0.42424242424242425,0.6153846153846154,0.5869565217391305,0.0,0.0,0.4621135042000911,0.46209112966493715,0.54509601663677,0.4522998309677413,0.49028777650424415,0.49028777650424415,0.2850565016269684,0.0,0.0,0.0,0.6405646860599518,0.07067489624023438,0.0724136233329773,0.9206796288490295,0.9206796288490295,0.18289606273174286,0.42684157490730285,0.1984000951051712,0.4416599384574003,0.4713888168334961,0.0,-0.1225663,-0.09889809,-0.12181964
0.4642857142857143,0.5,0.3333333333333333,0.42424242424242425,0.6153846153846154,0.5869565217391305,0.0,0.0,0.4709149391655712,0.4708928979833541,0.5384006086544598,0.4589103051804169,0.4372102235044752,0.4372102235044752,0.2954708933830261,0.0,0.0,0.0,0.6341225117444992,0.09171772003173828,0.09294435381889343,0.9135279655456543,0.9135279655456543,0.22304603457450867,0.41078158617019656,0.2418820858001709,0.4202507956083431,0.5688537359237671,0.0,-0.1244673,-0.10601586,-0.12351806
0.4642857142857143,0.5,0.3333333333333333,0.42424242424242425,0.6153846153846154,0.5869565217391305,0.0,0.0,0.4789064561317801,0.47888481525800425,0.5289114494852536,0.4685201751519749,0.42686690177236286,0.42686690177236286,0.33718135952949524,0.0,0.0,0.0,0.629606157541275,0.09763416647911072,0.09903448820114136,0.9075507521629333,0.9075507521629333,0.22763974964618683,0.40894410014152527,0.2469397336244583,0.4219515448392824,0.58065265417099,0.0,-0.12817082,-0.10875078,-0.12176292
0.4642857142857143,0.5,0.3333333333333333,0.42424242424242425,0.6153846153846154,0.5869565217391305,0.0,0.0,0.49057493434353494,0.4905537664320455,0.5155739870855502,0.48177599172468577,0.41023235235895433,0.41023235235895433,0.3588610887527466,0.0,0.0,0.0,0.6267460703849792,0.1132393479347229,0.11196732521057129,0.903156578540802,0.903156578540802,0.2377314269542694,0.40490742921829226,0.2577572166919708,0.4191806150037189,0.631379246711731,0.0,-0.13835686,-0.11006682,-0.11192311
0.4642857142857143,0.5,0.3333333333333333,0.42424242424242425,0.6153846153846154,0.5869565217391305,0.0,0.0,0.4950117889229016,0.49499078305797867,0.518882667414317,0.47846815047660196,0.37736986364637104,0.37736986364637104,0.36794334650039673,0.0,0.0,0.0,0.6189554631710052,0.1333639919757843,0.1337815821170807,0.8936784267425537,0.8936784267425537,0.2449914962053299,0.40200340151786806,0.2655443847179413,0.4180295314899711,0.6522232294082642,0.0,-0.12503047,-0.10015693,-0.08654773
0.4642857142857143,0.5,0.3333333333333333,0.42424242424242425,0.6153846153846154,0.5869565217391305,0.0,0.0,0.485235013480852,0.48521317174056294,0.44880763340178687,0.5471195608839655,0.3316518238612584,0.3316518238612584,0.36057353019714355,0.0,0.0,0.0,0.611034220457077,0.14157342910766602,0.14024600386619568,0.8819789290428162,0.8819789290428162,0.25179412961006165,0.39928234815597535,0.2721966505050659,0.42622201664503234,0.6902385950088501,0.0,-0.12608865,-0.08950826,-0.07928881
0.4642857142857143,0.5,0.3333333333333333,0.42424242424242425,0.6153846153846154,0.5869565217391305,0.0,0.0,0.44455114947222385,0.44452758683301297,0.4227518903137849,0.5729692548177844,0.3063119202852249,0.3063119202852249,0.2578605115413666,0.0,0.0,0.0,0.6155140042304992,0.12652546167373657,0.12257316708564758,0.8839167952537537,0.8839167952537537,0.25408467650413513,0.3983661293983459,0.28385403752326965,0.4276574143143587,0.6593760251998901,0.0,-0.1274699,-0.07329726,-0.07741511
0.4642857142857143,0.5,0.3333333333333333,0.42424242424242425,0.6153846153846154,0.5869565217391305,0.0,0.0,0.4463171279681116,0.44629357102724154,0.42574139375303716,0.5698577185611146,0.3060950125966753,0.3060950125966753,0.29365336894989014,0.0,0.0,0.0,0.6164239883422851,0.13755986094474792,0.1317494511604309,0.8849274516105652,0.8849274516105652,0.2561092972755432,0.3975562810897827,0.2863505780696869,0.42543696109638657,0.6765561103820801,0.0,-0.13192814,-0.06638318,-0.07783723
0.4642857142857143,0.5,0.3333333333333333,0.42424242424242425,0.6153846153846154,0.5869565217391305,0.0,0.0,0.4492508788409698,0.4492273959785301,0.4304388779755076,0.5650119898658359,0.30523929212774553,0.30523929212774553,0.30802735686302185,0.0,0.0,0.0,0.6167723357677459,0.14077696204185486,0.13531330227851868,0.8852241635322571,0.8852241635322571,0.25883913040161133,0.39646434783935547,0.2878016531467438,0.42145001333813337,0.6833961606025696,0.0,-0.14210105,-0.06509118,-0.07935181
0.4642857142857143,0.5,0.3333333333333333,0.42424242424242425,0.6153846153846154,0.5869565217391305,0.0,0.0,0.4738705118345257,0.47384841936724137,0.6022826189292776,0.3958343223626887,0.3838857689074108,0.3838857689074108,0.4003446102142334,0.0,0.0,0.0,0.6171966403722763,0.14717453718185425,0.14264079928398132,0.8862554430961609,0.8862554430961609,0.26019778847694397,0.3959208846092224,0.2789022624492645,0.416698178579641,0.6811076402664185,0.0,-0.14788955,-0.05707413,-0.07471592
0.4642857142857143,0.5,0.3333333333333333,0.42424242424242425,0.6153846153846154,0.5869565217391305,0.0,0.0,0.4738104769650199,0.47378835885520193,0.6013436007454108,0.3966975184238613,0.38296931556292946,0.38296931556292946,0.3912685811519623,0.0,0.0,0.0,0.6162420541048049,0.15145158767700195,0.14592614769935608,0.8853334784507751,0.8853334784507751,0.2586503326892853,0.3965398669242859,0.26683613657951355,0.4237720994062202,0.6754441857337952,0.0,-0.15028097,-0.04750175,-0.0713711
0.4642857142857143,0.5,0.3333333333333333,0.42424242424242425,0.6153846153846154,0.5869565217391305,0.0,0.0,0.47125144898321614,0.471229179867367,0.5969475929413426,0.4008644985144676,0.38114102823393686,0.38114102823393686,0.35868462920188904,0.0,0.0,0.0,0.6168180853128433,0.14833196997642517,0.14120659232139587,0.8863746523857117,0.8863746523857117,0.2581183612346649,0.39675265550613403,0.2613675892353058,0.4174430009930633,0.6591942310333252,0.0,-0.15356912,-0.03788883,-0.06181014
0.4642857142857143,0.5,0.3333333333333333,0.42424242424242425,0.6153846153846154,0.5869565217391305,0.0,0.0,0.4687952760528652,0.4687729528027784,0.6073412184049705,0.39082419297384663,0.37540344255311153,0.37540344255311153,0.3257807195186615,0.0,0.0,0.0,0.6178848028182983,0.14761844277381897,0.13878655433654785,0.8872283697128296,0.8872283697128296,0.25886574387550354,0.3964537024497986,0.25822019577026367,0.41357542193213176,0.6444084644317627,0.0,-0.16042951,-0.02013886,-0.05037281
0.4642857142857143,0.5,0.3333333333333333,0.42424242424242425,0.6153846153846154,0.5869565217391305,0.0,0.0,0.47079582104947326,0.4707735633303057,0.6096013627134363,0.38861291763608763,0.36870554089546204,0.36870554089546204,0.32467222213745117,0.0,0.0,0.0,0.6196654886007309,0.1458577811717987,0.13325947523117065,0.8890732526779175,0.8890732526779175,0.26030439138412476,0.3958782434463501,0.25488394498825073,0.41650873977084496,0.6424549221992493,0.0,-0.17060422,0.00065654,-0.03939166
0.4642857142857143,0.5,0.3333333333333333,0.42424242424242425,0.6153846153846154,0.5869565217391305,0.19416840374469757,0.1930534392595291,0.41779471560600384,0.41777068570284726,0.4944046096979546,0.5025580115750866,0.43046636240822933,0.43046636240822933,0.30277812480926514,0.0,0.0,0.0,0.6251619011163712,0.1302001178264618,0.11549168825149536,0.8907251954078674,0.8907251954078674,0.28260907530784607,0.38695636987686155,0.28821516036987305,0.40109364792358043,0.6592515110969543,0.00956407398916781,-0.15968364,0.00551483,-0.03740653
0.4642857142857143,0.5,0.3333333333333333,0.42424242424242425,0.6153846153846154,0.5869565217391305,0.0,0.0,0.4714704675610617,0.4714478508464237,0.49130131252979004,0.5040175390010532,0.37666944520814083,0.37666944520814083,0.3140006363391876,0.0,0.0,0.0,0.6301610141992569,0.13764536380767822,0.11837390065193176,0.8943873643875122,0.8943873643875122,0.2924545407295227,0.3830181837081909,0.2972034811973572,0.39560191853101867,0.6592065095901489,0.06359808146953583,-0.16167874,0.00816185,-0.03729253
0.4642857142857143,0.5,0.3333333333333333,0.42424242424242425,0.6153846153846154,0.5869565217391305,0.0,0.0,0.4807885055560227,0.4807662478368551,0.49193133106081255,0.5033292250190542,0.35344381417546955,0.35344381417546955,0.32177993655204773,0.0,0.0,0.0,0.6292728930711746,0.14563992619514465,0.1254919469356537,0.8945713639259338,0.8945713639259338,0.29075509309768677,0.38369796276092527,0.29253265261650085,0.3997489047604938,0.6607502698898315,0.014667360810562968,-0.16831049,0.01268076,-0.0605823
0.4642857142857143,0.5,0.3333333333333333,0.42424242424242425,0.6153846153846154,0.5869565217391305,0.0,0.0,0.5069515897142728,0.5069305286466733,0.47948786496660223,0.5161435255990151,0.3516332592282977,0.3516332592282977,0.38701295852661133,0.0,0.0,0.0,0.6274978816509247,0.1646500825881958,0.14463317394256592,0.8933926224708557,0.8933926224708557,0.2923128306865692,0.3830748677253723,0.2906808853149414,0.40873675845390145,0.6803492903709412,0.0,-0.17771847,0.0201993,-0.08672421
0.4642857142857143,0.5,0.3333333333333333,0.42424242424242425,0.6153846153846154,0.5869565217391305,0.0,0.0,0.5084056681018486,0.5083848114622255,0.4439600434859442,0.5521512079199636,0.3209407201835088,0.3209407201835088,0.3253297805786133,0.0,0.0,0.0,0.6254375249147415,0.16373366117477417,0.14442098140716553,0.8910149931907654,0.8910149931907654,0.29593566060066223,0.38162573575973513,0.2991710603237152,0.42419148045916893,0.7005415558815002,0.0,-0.18786275,0.01769099,-0.10706548
0.4642857142857143,0.5,0.3333333333333333,0.42424242424242425,0.6153846153846154,0.5869565217391305,0.0,0.0,0.506943755920257,0.5069228928700004,0.42298471312222014,0.5734314173238405,0.30248988951955524,0.30248988951955524,0.3265813887119293,0.0,0.0,0.0,0.6221512138843536,0.17279866337776184,0.15646275877952576,0.8887850046157837,0.8887850046157837,0.2979794144630432,0.3808082342147827,0.3097197413444519,0.436615597370059,0.6948269605636597,0.0,-0.19516876,0.01552915,-0.11665878
0.4642857142857143,0.5,0.3333333333333333,0.42424242424242425,0.6153846153846154,0.5869565217391305,0.0,0.0,0.5070955305151912,0.507074691682883,0.41185916997278627,0.5847329722485118,0.2985521193061556,0.2985521193061556,0.3347282409667969,0.0,0.0,0.0,0.6196973025798798,0.1699468493461609,0.15721243619918823,0.8862362504005432,0.8862362504005432,0.3011888265609741,0.37952446937561035,0.32585060596466064,0.4381101699762566,0.7005603909492493,0.0,-0.20084954,-0.00350349,-0.12305283
0.4642857142857143,0.5,0.3333333333333333,0.42424242424242425,0.6153846153846154,0.5869565217391305,0.0,0.0,0.49532417908852233,0.4953030638866853,0.40084716056546565,0.5964311274191567,0.39353234427315853,0.39353234427315853,0.32926681637763977,0.0,0.0,0.0,0.6212108969688415,0.13647568225860596,0.13096103072166443,0.8873285055160522,0.8873285055160522,0.31257495284080505,0.374970018863678,0.34943580627441406,0.41620149168857307,0.6984183192253113,0.0,-0.19858991,-0.02318272,-0.1156757
0.4642857142857143,0.5,0.3333333333333333,0.42424242424242425,0.6153846153846154,0.5869565217391305,0.0,0.0,0.47039213634129917,0.47036991851051724,0.4197823595590391,0.5768987180917208,0.3366760164499283,0.3366760164499283,0.318954735994339,0.0,0.0,0.0,0.6230753630399704,0.14098110795021057,0.13325300812721252,0.8876535296440125,0.8876535296440125,0.31619271636009216,0.3735229134559631,0.35500067472457886,0.416854391264361,0.6907540559768677,0.0,-0.19013958,-0.05282657,-0.08605105
0.4642857142857143,0.5,0.3333333333333333,0.42424242424242425,0.6153846153846154,0.5869565217391305,0.0,0.0,0.48969571169886034,0.48967410430283664,0.4403375683505494,0.555790653493333,0.29994007732187,0.29994007732187,0.333690881729126,0.0,0.0,0.0,0.6191251099109649,0.15352928638458252,0.1455913484096527,0.886124312877655,0.886124312877655,0.30226755142211914,0.37909297943115233,0.3339597284793854,0.42772382497787476,0.6720609068870544,0.0,-0.17812049,-0.07931634,-0.05936633
0.4642857142857143,0.5,0.3333333333333333,0.42424242424242425,0.6153846153846154,0.5869565217391305,0.0,0.0,0.4923789307446598,0.4923578155428228,0.6128476276908277,0.3862224408768281,0.32661743462085724,0.32661743462085724,0.40154796838760376,0.0,0.0,0.0,0.6095692962408066,0.1766182780265808,0.17679470777511597,0.8820905089378357,0.8820905089378357,0.28854796290397644,0.38458081483840945,0.29144102334976196,0.4254549672437269,0.6782928109169006,0.0,-0.17457261,-0.08416403,-0.0576409
0.4642857142857143,0.5,0.3333333333333333,0.42424242424242425,0.6153846153846154,0.5869565217391305,0.0,0.0,0.4904560626806766,0.4904348477578756,0.6141786119450119,0.38485944334402544,0.328424796462059,0.328424796462059,0.4044974446296692,0.0,0.0,0.0,0.6080968409776687,0.1768576204776764,0.1758638322353363,0.8806406855583191,0.8806406855583191,0.26902303099632263,0.39239078760147095,0.26773402094841003,0.42848565550737605,0.6641499400138855,0.0,-0.18151643,-0.08810739,-0.05398681
0.4642857142857143,0.5,0.3333333333333333,0.42424242424242425,0.6153846153846154,0.5869565217391305,0.0,0.0,0.4893229739672823,0.489301369420429,0.4642840876861922,0.5318019563968911,0.3253509955746787,0.3253509955746787,0.34525832533836365,0.0,0.0,0.0,0.6115047752857208,0.15380489826202393,0.14783218502998352,0.881626546382904,0.881626546382904,0.2688700258731842,0.3924519896507263,0.2806253433227539,0.42137243719988093,0.6629695892333984,0.0,-0.18474215,-0.0733318,-0.04377565
0.4642857142857143,0.5,0.3333333333333333,0.42424242424242425,0.6153846153846154,0.5869565217391305,0.0,0.0,0.46414708532749127,0.4641242634725844,0.4628723209036468,0.5326247412496903,0.31188844570091795,0.31188844570091795,0.29166582226753235,0.0,0.0,0.0,0.6202751487493514,0.13486120104789734,0.1274721324443817,0.8880310654640198,0.8880310654640198,0.2691439986228943,0.3923424005508423,0.2935603857040405,0.4452202070591062,0.6317753791809082,0.0,-0.16938214,-0.06242815,-0.02955299
0.4642857142857143,0.5,0.3333333333333333,0.42424242424242425,0.6153846153846154,0.5869565217391305,0.0,0.0,0.4609312893783613,0.46090827377986726,0.46974253118835946,0.5255776160027232,0.29466631157057627,0.29466631157057627,0.28251051902770996,0.0,0.0,0.0,0.6212395399808883,0.13675105571746826,0.1296948492527008,0.8914090394973755,0.8914090394973755,0.24872727692127228,0.4005090892314911,0.2631436884403229,0.4749225114667138,0.6050469279289246,0.0,-0.16544493,-0.04721446,-0.02417888
0.4642857142857143,0.5,0.3333333333333333,0.42424242424242425,0.6153846153846154,0.5869565217391305,0.0,0.0,0.46001060845519115,0.4599875244766075,0.4760515147367809,0.5191726496018547,0.28849415481090546,0.28849415481090546,0.27672430872917175,0.0,0.0,0.0,0.6226130068302154,0.13357946276664734,0.12643960118293762,0.8950272798538208,0.8950272798538208,0.23735490441322327,0.4050580382347107,0.2459450364112854,0.49410215643949285,0.5910576581954956,0.0,-0.15855936,-0.02718156,-0.01214028
0.4642857142857143,0.5,0.3333333333333333,0.42424242424242425,0.6153846153846154,0.5869565217391305,0.0,0.0,0.4596825236344201,0.4596593570298948,0.4872777603894301,0.5078103745821962,0.28671249747276306,0.28671249747276306,0.2765428423881531,0.0,0.0,0.0,0.623866519331932,0.13137242197990417,0.12261021137237549,0.8972023725509644,0.8972023725509644,0.22901858389377594,0.4083925664424896,0.23254558444023132,0.49673390249873317,0.5803573131561279,0.0,-0.16023939,0.00088855,-0.00062091
0.4642857142857143,0.5,0.3333333333333333,0.42424242424242425,0.6153846153846154,0.5869565217391305,0.0,0.0,0.4636466684350548,0.46362372406582075,0.5026274595345526,0.4927040987620568,0.2983542744602476,0.2983542744602476,0.2795598804950714,0.0,0.0,0.0,0.6250525027513504,0.12668851017951965,0.11655980348587036,0.8994681239128113,0.8994681239128113,0.21812358498573303,0.4127505660057068,0.2138550728559494,0.5077056967934896,0.5256485342979431,0.0,-0.15782603,0.015268,0.00372738
0.4642857142857143,0.5,0.3333333333333333,0.42424242424242425,0.6153846153846154,0.5869565217391305,0.0,0.0,0.46438731882813783,0.46436439725226697,0.5134579780338827,0.481922866458824,0.31638467950480326,0.31638467950480326,0.28426888585090637,0.0,0.0,0.0,0.6262831509113311,0.11399424076080322,0.10527503490447998,0.9018651843070984,0.9018651843070984,0.1999543160200119,0.42001827359199523,0.18908998370170593,0.5331293164297592,0.46750184893608093,0.0,-0.15378519,0.02908216,0.00258518
0.4642857142857143,0.5,0.3333333333333333,0.42424242424242425,0.6153846153846154,0.5869565217391305,0.0,0.0,0.46009162746469556,0.46006849505021513,0.5130245237687806,0.48224064013191614,0.31907835177012855,0.31907835177012855,0.2851920425891876,0.0,0.0,0.0,0.627051630616188,0.1138576865196228,0.10512551665306091,0.9032524824142456,0.9032524824142456,0.1915459781885147,0.4233816087245941,0.181788370013237,0.5344568747420644,0.4587099552154541,0.0,-0.15393234,0.04270952,-0.01785076
0.4642857142857143,0.5,0.3333333333333333,0.42424242424242425,0.6153846153846154,0.5869565217391305,0.0,0.0,0.456774201607385,0.45675092103604376,0.4934645287735284,0.5016447441932982,0.33687908734594074,0.33687908734594074,0.2821340262889862,0.0,0.0,0.0,0.6276249915361404,0.10845506191253662,0.10377591848373413,0.9041858315467834,0.9041858315467834,0.17792300879955292,0.42883079648017886,0.17468468844890594,0.5411258859689846,0.42972734570503235,0.0,-0.15506856,0.05103564,-0.04252546
0.4642857142857143,0.5,0.3333333333333333,0.42424242424242425,0.6153846153846154,0.5869565217391305,0.0,0.0,0.45747418294217346,0.4574510134884778,0.47447925418558357,0.520766330216122,0.33927436385835924,0.33927436385835924,0.30188634991645813,0.0,0.0,0.0,0.6288579761981964,0.10804241895675659,0.10368171334266663,0.9055624604225159,0.9055624604225159,0.16263344883918762,0.434946620464325,0.1649320274591446,0.5402672360109728,0.4093901813030243,0.0,-0.15478172,0.05375648,-0.05448365
0.4642857142857143,0.5,0.3333333333333333,0.42424242424242425,0.6153846153846154,0.5869565217391305,0.0,0.0,0.4591419163443162,0.4591188580082662,0.46729892879781487,0.5280643975706852,0.3367371750729425,0.3367371750729425,0.30575689673423767,0.0,0.0,0.0,0.629756423830986,0.10801133513450623,0.10364779829978943,0.9064504504203796,0.9064504504203796,0.15504708886146545,0.4379811644554138,0.15954677760601044,0.5403297689071922,0.38252612948417664,0.0,-0.15881938,0.05794716,-0.06031812
0.4642857142857143,0.5,0.3333333333333333,0.42424242424242425,0.6153846153846154,0.5869565217391305,0.0,0.0,0.4593213998336865,0.45929835574348843,0.46530510784335166,0.5300847443015757,0.33293694257736206,0.33293694257736206,0.30689018964767456,0.0,0.0,0.0,0.6303991287946701,0.10652649402618408,0.10130095481872559,0.9066250920295715,0.9066250920295715,0.1436530202627182,0.44253879189491274,0.15109506249427795,0.546165663142537,0.34571731090545654,0.0,-0.16015011,0.06005785,-0.06101459
0.4642857142857143,0.5,0.3333333333333333,0.42424242424242425,0.6153846153846154,0.5869565217391305,0.11486823111772537,0.11431878805160522,0.4448945086955112,0.44487119108495476,0.4652120254463721,0.5309009432969946,0.3017570504120418,0.3017570504120418,0.47321179509162903,0.0,0.0,0.0,0.5864326894283294,0.16566723585128784,0.15678074955940247,0.8372074961662292,0.8372074961662292,0.11938342452049255,0.452246630191803,0.12989899516105652,0.5419822175835454,0.20446696877479553,0.0,-0.16037746,0.06381676,-0.06174145
0.4642857142857143,0.5,0.3333333333333333,0.42424242424242425,0.6153846153846154,0.5869565217391305,0.11385028064250946,0.11299729347229004,0.43510204109133543,0.4350786778940525,0.4664234214713423,0.5305633109062119,0.31987711787223816,0.31987711787223816,0.7080498784780502,0.0,0.0,0.0,0.5274093300104141,0.2480693757534027,0.23979836702346802,0.7531172037124634,0.7531172037124634,0.10980206727981567,0.4560791730880737,0.11680867522954941,0.5450587113236272,0.1590186059474945,0.04392796661704779,-0.17914366,0.0553555,-0.05665662
0.4642857142857143,0.5,0.3333333333333333,0.42424242424242425,0.6153846153846154,0.5869565217391305,0.0,0.0,0.4907287097683828,0.49070710735840734,0.4580742096809767,0.5378829008939795,0.23846195212432317,0.23846195212432317,0.7137848287820816,0.0,0.0,0.0,0.5209765017032623,0.27135729789733887,0.26581747829914093,0.7463237643241882,0.7463237643241882,0.09725961834192276,0.4610961526632309,0.10205420106649399,0.5786353107108626,0.12262563407421112,0.06307503674179316,-0.16194413,0.04601258,-0.06200184
0.4642857142857143,0.5,0.3333333333333333,0.42424242424242425,0.6153846153846154,0.5869565217391305,0.0,0.0,0.4940492746991819,0.494027862827477,0.4516468032140349,0.5444880735128327,0.22969871759414676,0.22969871759414676,0.7208350151777267,0.0,0.0,0.0,0.48532759249210355,0.29022568464279175,0.2888147532939911,0.6990129351615906,0.6990129351615906,0.09080088883638382,0.46367964446544646,0.09512044489383698,0.594161048878071,0.09817074984312057,0.06530830170959234,-0.15417507,0.0368797,-0.06774495
0.4642857142857143,0.5,0.3333333333333333,0.42424242424242425,0.6153846153846154,0.5869565217391305,0.0,0.0,0.4972259698802495,0.49720470260394234,0.44617348989154826,0.5500347786156621,0.2103259095123836,0.2103259095123836,0.7916642874479294,0.0,0.0,0.0,0.4270013034343719,0.35423989593982697,0.3578909933567047,0.6179737448692322,0.6179737448692322,0.08462478220462799,0.4661500871181488,0.08891046047210693,0.6012991036093512,0.06821579486131668,0.05597652401775122,-0.14875089,0.02460891,-0.07809127
0.4642857142857143,0.5,0.3333333333333333,0.42424242424242425,0.6153846153846154,0.5869565217391305,0.0,0.0,0.4973192283915744,0.497297912145151,0.4473572233211014,0.5486996053686967,0.16978692263364792,0.16978692263364792,0.8499426394701004,0.0,0.0,0.0,0.2700958430767059,0.42545437067747116,0.4278241917490959,0.39721885323524475,0.39721885323524475,0.08159007877111435,0.46736396849155426,0.08503096550703049,0.607005971115689,0.05661633238196373,0.06056740414351225,-0.13156377,0.02014275,-0.0747922
0.4642857142857143,0.5,0.3333333333333333,0.42424242424242425,0.6153846153846154,0.5869565217391305,0.0,0.0,0.4974051278519015,0.4973837482114367,0.4488549866138407,0.5470058390966058,0.13870479805128916,0.13870479805128916,0.8675348833203316,0.0,0.0,0.0,0.18988518714904784,0.4557431973516941,0.4579740837216377,0.28388747572898865,0.28388747572898865,0.08062715828418732,0.46774913668632506,0.08160387724637985,0.6139623217804487,0.04692930355668068,0.06040302570909262,-0.12024459,0.01888487,-0.07389566
0.4642857142857143,0.5,0.3333333333333333,0.42424242424242425,0.6153846153846154,0.5869565217391305,0.0,0.0,0.4964524459371603,0.49643100842292176,0.4487016784529385,0.5471085039659344,0.12242623737880162,0.12242623737880162,0.8806504942476749,0.0,0.0,0.0,0.13679765909910202,0.4671994410455227,0.4687231555581093,0.20414209365844727,0.20414209365844727,0.0791606456041336,0.4683357417583466,0.07859259098768234,0.6231562897216443,0.041875872761011124,0.05539270117878914,-0.10933944,0.00316567,-0.06931
0.4642857142857143,0.5,0.3333333333333333,0.42424242424242425,0.6153846153846154,0.5869565217391305,0.30964943766593933,0.30698245763778687,0.3761458788957468,0.3761204415024125,0.4585246521245909,0.53843205996904,0.1203682167189462,0.1203682167189462,0.8696877658367157,0.0,0.0,0.0,0.1511374659836292,0.46842436119914055,0.47041231021285057,0.22192223370075226,0.22192223370075226,0.07858200371265411,0.46856719851493833,0.07715882360935211,0.6151627506627593,0.03969376161694527,0.04979852121323347,-0.08671335,-0.00041601,-0.06256067
0.4642857142857143,0.5,0.3333333333333333,0.42424242424242425,0.6153846153846154,0.5869565217391305,0.03286566957831383,0.031916096806526184,0.44273637608405964,0.44271295020502793,0.4525011326569216,0.543557898441596,0.11363535587276732,0.11363535587276732,0.8809093981981277,0.0,0.0,0.0,0.14506605491042135,0.47142937034368515,0.4730174336582422,0.2146466076374054,0.2146466076374054,0.08017610758543015,0.46792955696582794,0.07775282859802246,0.6168460395447044,0.039299000054597855,0.037452527321875095,-0.06081963,0.00140682,-0.06266929
0.4642857142857143,0.5,0.3333333333333333,0.42424242424242425,0.6153846153846154,0.5869565217391305,0.0,0.0,0.45117898652931926,0.45115583986898683,0.4491178225832733,0.5468523756559168,0.10822721890040807,0.10822721890040807,0.8867426589131355,0.0,0.0,0.0,0.12665888294577599,0.4756075534969568,0.4783129207789898,0.19230563938617706,0.19230563938617706,0.07991646230220795,0.46803341507911683,0.0768272802233696,0.623849266490271,0.03874747082591057,0.025100454222410917,-0.05188052,0.00378685,-0.06517357
0.4642857142857143,0.5,0.3333333333333333,0.42424242424242425,0.6153846153846154,0.5869565217391305,0.0,0.0,0.4551448066421494,0.45512178534531456,0.44965823612978995,0.5462678106525838,0.09493780455418996,0.09493780455418996,0.8947854116559029,0.0,0.0,0.0,0.09242625646293162,0.4820232968777418,0.4840987864881754,0.1401689648628235,0.1401689648628235,0.07733466476202011,0.46906613409519193,0.0,0.6976744186046512,0.03669167682528496,0.01250106724910438,-0.05238431,0.00274135,-0.06035587
0.4642857142857143,0.5,0.3333333333333333,0.42424242424242425,0.6153846153846154,0.5869565217391305,0.0,0.0,0.46333982702878873,0.46331715617991315,0.4528293485395311,0.5431739100483995,0.08896897413900921,0.08896897413900921,0.8978759311139584,0.0,0.0,0.0,0.08706992976367472,0.48451771680265665,0.48658832255750895,0.13343895971775055,0.13343895971775055,0.077027827501297,0.4691888689994812,0.0,0.6976744186046512,0.03446872904896736,0.002009043237194419,-0.06354974,0.00753305,-0.06225976
0.4642857142857143,0.5,0.3333333333333333,0.42424242424242425,0.6153846153846154,0.5869565217391305,0.0,0.0,0.4721015559555696,0.4720792498005052,0.4505137679225856,0.5455608773420185,0.08287031469600542,0.08287031469600542,0.9070264883339405,0.0,0.0,0.0,0.07215875163674354,0.4861164577305317,0.4880591258406639,0.11199469119310379,-0.0,0.07629942148923874,0.4694802314043045,0.0,0.6976744186046512,0.032245803624391556,0.0,-0.0691182,0.00494483,-0.06708578
0.4642857142857143,0.5,0.3333333333333333,0.42424242424242425,0.6153846153846154,0.5869565217391305,0.0,0.0,0.4875865064661088,0.4875647558992725,0.44663083302587214,0.5493011435923972,0.08388800280434745,0.08388800280434745,0.9020818211138248,0.0,0.0,0.0,0.07478053383529186,0.4868084732443094,0.4885548437014222,0.11656453460454941,-0.0,0.0785888135433197,0.46856447458267214,0.0,0.6976744186046512,0.03270499035716057,0.0,-0.0975018,-0.00181634,-0.06645497
0.4642857142857143,0.5,0.3333333333333333,0.42424242424242425,0.6153846153846154,0.5869565217391305,0.0,0.0,0.5208003699323643,0.5207809670819379,0.645564890728398,0.35607955145283776,0.09335228375026158,0.09335228375026158,0.900057777762413,0.0,0.0,0.0,0.07863148562610149,0.48676801193505526,0.48870029114186764,0.12487171590328217,-0.0,0.07905077189207077,0.4683796912431717,0.0,0.6976744186046512,0.03465629369020462,0.0,-0.15103217,-0.00705805,-0.07285661
0.4642857142857143,0.5,0.3333333333333333,0.42424242424242425,0.6153846153846154,0.5869565217391305,0.0,0.0,0.52934916753386,0.5293301322264151,0.6446439818715958,0.35703990422466236,0.09974958109004158,0.09974958109004158,0.896894533187151,0.0,0.0,0.0,0.07938986048102378,0.48680916894227266,0.48893835581839085,0.12739630043506622,-0.0,0.07716518640518188,0.46913392543792726,0.0,0.6976744186046512,0.036956608295440674,0.0,-0.16743207,-0.00741572,-0.07297604
0.4642857142857143,0.5,0.3333333333333333,0.42424242424242425,0.6153846153846154,0.5869565217391305,0.0,0.0,0.5408224262881234,0.5408038810379875,0.6491854569196245,0.35278171649120005,0.11797688369240081,0.11797688369240081,0.8842588104307652,0.0,0.0,0.0,0.08986672013998032,0.4862172147259116,0.48847184516489506,0.14847055077552795,0.14847055077552795,0.07550275325775146,0.4697988986968994,0.0,0.6976744186046512,0.03934398293495178,0.0056075723841786385,-0.19865651,-0.01263076,-0.06793503
0.4642857142857143,0.5,0.3333333333333333,0.42424242424242425,0.6153846153846154,0.5869565217391305,0.0,0.0,0.5604188806924035,0.5604002756096893,0.44797189194659204,0.5484123683916629,0.11848393827676774,0.11848393827676774,0.8879025094211102,0.0,0.0,0.0,0.08680341988801955,0.4862823775038123,0.48847833182662725,0.14095520973205566,0.14095520973205566,0.0751463919878006,0.46994144320487974,0.0,0.6976744186046512,0.04084785655140877,0.00898448983207345,-0.21551109,-0.00358145,-0.06558169
0.4642857142857143,0.5,0.3333333333333333,0.42424242424242425,0.6153846153846154,0.5869565217391305,0.0,0.0,0.558915949004558,0.5588971558765973,0.44870189498988894,0.5472295203418116,0.12019164328064239,0.12019164328064239,0.891376182436943,0.0,0.0,0.0,0.08930586837232113,0.4867576351389289,0.488575360737741,0.14180290699005127,0.14180290699005127,0.0761987566947937,0.4695204973220825,0.0,0.6976744186046512,0.042398106306791306,0.02226397395133972,-0.22702301,-0.00205243,-0.06511504
0.4642857142857143,0.5,0.3333333333333333,0.42424242424242425,0.6153846153846154,0.5869565217391305,0.0,0.0,0.5596278142290863,0.5596090495928295,0.44676967879782215,0.5492396784393504,0.1377843160714422,0.1377843160714422,0.8826671093702316,0.0,0.0,0.0,0.0992395982146263,0.48546230234205723,0.4870087979361415,0.1573178768157959,0.1573178768157959,0.07865290343761444,0.4685388386249542,0.0,0.6976744186046512,0.04307036101818085,0.03286220598965883,-0.23484785,-0.00107474,-0.07003908
0.4642857142857143,0.5,0.3333333333333333,0.42424242424242425,0.6153846153846154,0.5869565217391305,0.0,0.0,0.575364825146604,0.5753468639764001,0.44377828350942405,0.5526531425298578,0.13956767107759205,0.13956767107759205,0.882292814552784,0.0,0.0,0.0,0.09106605760753154,0.4854546869173646,0.48686225060373545,0.1441626399755478,0.1441626399755478,0.08028090000152588,0.46788763999938965,0.0,0.6976744186046512,0.043741218745708466,0.032212771475315094,-0.24527028,0.00152516,-0.07629371
0.4642857142857143,0.5,0.3333333333333333,0.42424242424242425,0.6153846153846154,0.5869565217391305,0.0,0.0,0.5980047035399632,0.5979878592445563,0.4477782167394576,0.5492999070524435,0.14329410557235991,0.14329410557235991,0.8831172920763493,0.0,0.0,0.0,0.08745205737650394,0.4855503551661968,0.48669393360614777,0.13889479637145996,0.13889479637145996,0.08093373477458954,0.4676265060901642,0.0,0.6976744186046512,0.044428352266550064,0.02776788780465722,-0.25655225,0.00418424,-0.07617844
0.4642857142857143,0.5,0.3333333333333333,0.42424242424242425,0.6153846153846154,0.5869565217391305,0.0,0.0,0.5961718778081424,0.5961549309426011,0.4473962113688598,0.5495015378556283,0.1489320184503283,0.1489320184503283,0.8827018365263939,0.0,0.0,0.0,0.09109119586646557,0.4852436678484082,0.4862486543133855,0.14579527080059052,0.14579527080059052,0.08046192675828934,0.4678152292966843,0.0,0.6976744186046512,0.045421164482831955,0.027031516656279564,-0.25510965,0.00035604,-0.07416931
0.4642857142857143,0.5,0.3333333333333333,0.42424242424242425,0.6153846153846154,0.5869565217391305,0.0,0.0,0.5966373410781073,0.5966204284026108,0.44867407569009987,0.5482234662572416,0.1491012637104307,0.1491012637104307,0.8837417624890804,0.0,0.0,0.0,0.08612218871712685,0.48545582592487335,0.4862374225631356,0.13600261509418488,0.13600261509418488,0.08089809864759445,0.4676407605409622,0.0,0.6976744186046512,0.046107642352581024,0.02881977241486311,-0.24802808,-0.00458688,-0.06817412
0.4642857142857143,0.5,0.3333333333333333,0.42424242424242425,0.6153846153846154,0.5869565217391305,0.0,0.0,0.6061650922603863,0.6061486924355618,0.45441145867280247,0.5428297359623776,0.1344277709722519,0.1344277709722519,0.8996872641146183,0.0,0.0,0.0,0.0748745258897543,0.4870569547638297,0.4875540053471923,0.11778304725885391,-0.0,0.0,0.5,0.0,0.6976744186046512,0.04634077101945877,0.022255012299865484,-0.25715638,-0.00294273,-0.06511232
0.4642857142857143,0.5,0.3333333333333333,0.42424242424242425,0.6153846153846154,0.5869565217391305,0.0,0.0,0.6023370608772876,0.602320467308876,0.4568843989709595,0.5402856504547386,0.13632609908069884,0.13632609908069884,0.8982078954577446,0.0,0.0,0.0,0.08706778101623058,0.48719155229628086,0.4875869331881404,0.13865762948989868,0.13865762948989868,0.0,0.5,0.0,0.6976744186046512,0.04681085795164108,0.022904190700501204,-0.25567322,0.00135928,-0.06601859
0.4642857142857143,0.5,0.3333333333333333,0.42424242424242425,0.6153846153846154,0.5869565217391305,0.0,0.0,0.5992767327602233,0.5992599454482245,0.45300451838491523,0.5439404280595473,0.1238213319863592,0.1238213319863592,0.9083552770316601,0.0,0.0,0.0,0.08059201166033744,0.48813690058887005,0.4886362086981535,0.12792260944843292,0.12792260944843292,0.0,0.5,0.0,0.6976744186046512,0.04717746004462242,0.015394515357911587,-0.24376765,-0.00120027,-0.06089291
0.4642857142857143,0.5,0.3333333333333333,0.42424242424242425,0.6153846153846154,0.5869565217391305,0.0,0.0,0.5973852711015633,0.5973683698227483,0.4524984344925525,0.5443818706861595,0.11809303292206356,0.11809303292206356,0.911971852183342,0.0,0.0,0.0,0.07682208381593227,0.4890426844358444,0.48961228504776955,0.12189898639917374,-0.0,0.0,0.5,0.0,0.6976744186046512,0.04783616214990616,0.012068343348801136,-0.25019903,0.00046093,-0.05971463
0.4642857142857143,0.5,0.3333333333333333,0.42424242424242425,0.6153846153846154,0.5869565217391305,0.0,0.0,0.5943786042598191,0.5943615434274618,0.45655306039759125,0.5401585518123493,0.1161800218479974,0.1161800218479974,0.913274709135294,0.0,0.0,0.0,0.07534026950597762,0.48952814005315304,0.4901879858225584,0.11965899914503098,-0.0,0.0,0.5,0.0,0.6976744186046512,0.04837216064333916,0.010929314885288477,-0.25412806,0.0024241,-0.05998886
0.4642857142857143,0.5,0.3333333333333333,0.42424242424242425,0.6153846153846154,0.5869565217391305,0.0,0.0,0.5939554283769364,0.5939383276561934,0.45736351261631253,0.5393169709824189,0.11589631970439639,0.11589631970439639,0.9134976677596569,0.0,0.0,0.0,0.07489874884486197,0.48969210032373667,0.4903658255934715,0.11898774653673172,-0.0,0.0,0.5,0.0,0.6976744186046512,0.04862236604094505,0.010644040303304791,-0.27209704,0.01665522,-0.06876143
