YAML 文件验证通过
init data completed...
[0.4642857142857143, 0.5, 0.3333333333333333, 0.42424242424242425, 0.6153846153846154, 0.5869565217391305, 0.06521102041006088, 0.06474374979734421, 0.3662004279360944, 0.36618580599359984, 0.4629225147385898, 0.5305568318927215, 0.030487653400216787, 0.030487653400216787, 0.9480068646371365, 0.0, 0.0, 0.0, 0.021806291583925483, 0.4931586943566799, 0.49352816538885236, 0.0, -0.0, 0.040647007524967194, 0.4837411969900131, 0.038853928446769714, 0.609098166920418, 0.012781991623342037, 0.0]
[0.4642857142857143, 0.5, 0.3333333333333333, 0.42424242424242425, 0.6153846153846154, 0.5869565217391305, 0.06694690138101578, 0.06647198647260666, 0.36638974961085713, 0.3663751276683625, 0.46328974716066174, 0.5301468362721107, 0.031086771882006103, 0.031086771882006103, 0.9475228358060122, 0.0, 0.0, 0.0, 0.021814664918929336, 0.49310686392709613, 0.4934883117675781, 0.0, -0.0, 0.04055429622530937, 0.48377828150987623, 0.038733601570129395, 0.6098402655401896, 0.012846073135733604, 0.0]
[0.4642857142857143, 0.5, 0.3333333333333333, 0.42424242424242425, 0.6153846153846154, 0.5869565217391305, 0.06372427940368652, 0.06328306347131729, 0.3613380565242147, 0.3613248933569651, 0.4618023377531573, 0.5317552328514957, 0.031142719089984897, 0.031142719089984897, 0.9467664863914251, 0.0, 0.0, 0.0, 0.02271520784124732, 0.49233157746493816, 0.49270642921328545, 0.0, -0.0, 0.03946152329444885, 0.48421539068222047, 0.0378127358853817, 0.604229541712029, 0.012372106313705444, 0.0]
[0.4642857142857143, 0.5, 0.3333333333333333, 0.42424242424242425, 0.6153846153846154, 0.5869565217391305, 0.06020018458366394, 0.059800513088703156, 0.36584318755461653, 0.3658301725442277, 0.4633569505428949, 0.5302875596473545, 0.031113981136253903, 0.031113981136253903, 0.9467999562621117, 0.0, 0.0, 0.0, 0.022428760118782518, 0.4922165675088763, 0.4925458487123251, 0.0, -0.0, 0.03866879642009735, 0.48453248143196104, 0.03716731444001198, 0.610503145428591, 0.012043707072734833, 0.0]
[0.4642857142857143, 0.5, 0.3333333333333333, 0.42424242424242425, 0.6153846153846154, 0.5869565217391305, 0.06038713827729225, 0.05997984856367111, 0.3672531508122986, 0.3672401585952729, 0.4633198913834975, 0.5302902407167013, 0.03114379676324981, 0.03114379676324981, 0.9469491727650166, 0.0, 0.0, 0.0, 0.02234149919822812, 0.49226173060014844, 0.492594548035413, 0.0, -0.0, 0.038662225008010864, 0.48453510999679567, 0.03715261444449425, 0.6105513680119847, 0.012080737389624119, 0.0]
[0.4642857142857143, 0.5, 0.3333333333333333, 0.42424242424242425, 0.6153846153846154, 0.5869565217391305, 0.0633372813463211, 0.06284792721271515, 0.371398739331539, 0.37138583828796623, 0.46172587741629345, 0.5317971170809661, 0.030327380767890388, 0.030327380767890388, 0.9492855239659548, 0.0, 0.0, 0.0, 0.02189731867983937, 0.4927842835895717, 0.49309632321819663, 0.0, -0.0, 0.038419242948293686, 0.48463230282068254, 0.03684855252504349, 0.6101980909358624, 0.012194517068564892, 0.0]
[0.4642857142857143, 0.5, 0.3333333333333333, 0.42424242424242425, 0.6153846153846154, 0.5869565217391305, 0.7640346884727478, 0.7539855241775513, 0.21489037883897127, 0.21487465141836132, 0.46611825537727164, 0.531833852859523, 0.062482543289661414, 0.062482543289661414, 0.8943691812455654, 0.0, 0.0, 0.0, 0.06417474932968616, 0.4755722377449274, 0.47915212251245975, 0.0, -0.0, 0.06389956176280975, 0.4744401752948761, 0.06063056364655495, 0.6038165958814843, 0.015770170837640762, 0.0]
[0.4642857142857143, 0.5, 0.3333333333333333, 0.42424242424242425, 0.6153846153846154, 0.5869565217391305, 0.16189545392990112, 0.16152358055114746, 0.32632125084988245, 0.3263074836585079, 0.4663410320108753, 0.52860636391507, 0.0445568428507873, 0.0445568428507873, 0.9311751089990139, 0.0, 0.0, 0.0, 0.02916456703096628, 0.48662292025983334, 0.4868449429050088, 0.0, -0.0, 0.060851581394672394, 0.47565936744213105, 0.05914170667529106, 0.6021790968817334, 0.017043616622686386, 0.0]
[0.4642857142857143, 0.5, 0.3333333333333333, 0.42424242424242425, 0.6153846153846154, 0.5869565217391305, 0.13030724227428436, 0.12973704934120178, 0.3254566302035097, 0.3254428516154535, 0.47487314059675084, 0.5202056904089332, 0.03686154926461833, 0.03686154926461833, 0.9356476776301861, 0.0, 0.0, 0.0, 0.024127991683781144, 0.48947136383503675, 0.48966514505445957, 0.0, -0.0, 0.05165316164493561, 0.47933873534202576, 0.05041645094752312, 0.604180503030156, 0.015363973565399647, 0.0]
[0.4642857142857143, 0.5, 0.3333333333333333, 0.42424242424242425, 0.6153846153846154, 0.5869565217391305, 0.12931044399738312, 0.12872923910617828, 0.32636803422785626, 0.32635431262320813, 0.477246904122442, 0.5179402039059667, 0.03510376172406333, 0.03510376172406333, 0.9365936685353518, 0.0, 0.0, 0.0, 0.023182458057999608, 0.4900940842926502, 0.4903091564774513, 0.0, -0.0, 0.049756187945604324, 0.48009752482175827, 0.0484650656580925, 0.6096557441145875, 0.014947615563869476, 0.0]
[0.4642857142857143, 0.5, 0.3333333333333333, 0.42424242424242425, 0.6153846153846154, 0.5869565217391305, 0.12455213069915771, 0.12400403618812561, 0.3220423211559055, 0.3220286223446206, 0.48385213586158093, 0.5118665988718296, 0.027967691421508793, 0.027967691421508793, 0.9429552294313908, 0.0, 0.0, 0.0, 0.017971720080822706, 0.49207149632275105, 0.49231825303286314, 0.0, -0.0, 0.0, 0.5, 0.0, 0.6976744186046512, 0.013053650967776775, 0.0]
[0.4642857142857143, 0.5, 0.3333333333333333, 0.42424242424242425, 0.6153846153846154, 0.5869565217391305, 0.12166544049978256, 0.12114977836608887, 0.3181768402770646, 0.31816301610228204, 0.48651923999959606, 0.5093505164354705, 0.024995189160108566, 0.024995189160108566, 0.9453556053340435, 0.0, 0.0, 0.0, 0.01567045133560896, 0.4927195883356035, 0.49291816586628556, 0.0, -0.0, 0.0, 0.5, 0.0, 0.6976744186046512, 0.012093725614249706, 0.0]
[0.4642857142857143, 0.5, 0.3333333333333333, 0.42424242424242425, 0.6153846153846154, 0.5869565217391305, 0.9260345697402954, 0.9258334636688232, 0.25622381808425, 0.2562145639787896, 0.4960091887451495, 0.503366742894886, 0.0439104757138661, 0.0439104757138661, 0.8846966475248337, 0.0, 0.0, 0.0, 0.04171902947127819, 0.4790351577103138, 0.48135962150990963, 0.0, -0.0, 0.0, 0.5, 0.0, 0.6976744186046512, 0.016875507310032845, 0.0]
[0.4642857142857143, 0.5, 0.3333333333333333, 0.42424242424242425, 0.6153846153846154, 0.5869565217391305, 0.2900787591934204, 0.28975754976272583, 0.2607374966258529, 0.26072808296685007, 0.5054233089573753, 0.4928869072332842, 0.044648363920194764, 0.044648363920194764, 0.9030318856239319, 0.0, 0.0, 0.0, 0.03721973225474357, 0.48153530061244965, 0.4820404648780823, 0.0, -0.0, 0.0, 0.5, 0.0, 0.6976744186046512, 0.01910875178873539, 0.0]
[0.4642857142857143, 0.5, 0.3333333333333333, 0.42424242424242425, 0.6153846153846154, 0.5869565217391305, 0.20531442761421204, 0.20486275851726532, 0.2840366901448762, 0.28402755000623187, 0.520320407234232, 0.47744191348843956, 0.03894321088279997, 0.03894321088279997, 0.9145881906151772, 0.0, 0.0, 0.0, 0.029502692259848116, 0.4853402590379119, 0.4854335431009531, 0.0, -0.0, 0.0, 0.5, 0.0, 0.6976744186046512, 0.017943555489182472, 0.0]
[0.4642857142857143, 0.5, 0.3333333333333333, 0.42424242424242425, 0.6153846153846154, 0.5869565217391305, 0.18455441296100616, 0.1839987337589264, 0.2856338894845879, 0.2856247265525803, 0.5244768211764086, 0.4732068952086728, 0.03599860439343112, 0.03599860439343112, 0.9168482795357704, 0.0, 0.0, 0.0, 0.026839235052466392, 0.4868997251614928, 0.48697265703231096, 0.0, -0.0, 0.0, 0.5, 0.0, 0.6976744186046512, 0.016987048089504242, 0.0]
[0.4642857142857143, 0.5, 0.3333333333333333, 0.42424242424242425, 0.6153846153846154, 0.5869565217391305, 0.1707891821861267, 0.17022015154361725, 0.2893574816774912, 0.28934840991893646, 0.5262240492818916, 0.47137485014954167, 0.0345255367990051, 0.0345255367990051, 0.9184324108064175, 0.0, 0.0, 0.0, 0.02532341759651899, 0.48807417694479227, 0.48814977798610926, 0.0, -0.0, 0.0, 0.5, 0.0, 0.6976744186046512, 0.016235100105404854, 0.0]
[0.4642857142857143, 0.5, 0.3333333333333333, 0.42424242424242425, 0.6153846153846154, 0.5869565217391305, 0.8007796406745911, 0.7998518347740173, 0.21748779654274936, 0.21747804098329854, 0.5209160718931523, 0.47950728280999644, 0.05287625693849155, 0.05287625693849155, 0.8709319196641445, 0.0, 0.0, 0.0, 0.04075715467333793, 0.48232189007103443, 0.48440719582140446, 0.0, -0.0, 0.0, 0.5, 0.0, 0.6976744186046512, 0.018081005662679672, 0.0]
[0.4642857142857143, 0.5, 0.3333333333333333, 0.42424242424242425, 0.6153846153846154, 0.5869565217391305, 0.6565335988998413, 0.6561239361763, 0.20008114327892063, 0.20007131933938022, 0.5118015373186218, 0.48881004640244113, 0.07085370964237622, 0.07085370964237622, 0.8489316180348396, 0.0, 0.0, 0.0, 0.045338358543813226, 0.4758833348751068, 0.4787534847855568, 0.0, -0.0, 0.0, 0.5, 0.0, 0.6976744186046512, 0.02091020904481411, 0.0]
[0.4642857142857143, 0.5, 0.3333333333333333, 0.42424242424242425, 0.6153846153846154, 0.5869565217391305, 0.23122453689575195, 0.2309097796678543, 0.28955906618165694, 0.28954999442310225, 0.46920692419230825, 0.52800564767703, 0.05875630836401667, 0.05875630836401667, 0.8958457633852959, 0.0, 0.0, 0.0, 0.034991206042468546, 0.48478407599031925, 0.48553893342614174, 0.0, -0.0, 0.0, 0.5, 0.0, 0.6976744186046512, 0.020867547020316124, 0.0]
[0.4642857142857143, 0.5, 0.3333333333333333, 0.42424242424242425, 0.6153846153846154, 0.5869565217391305, 0.1973433643579483, 0.19697768986225128, 0.3034970254332796, 0.3034881588149937, 0.44805488258201354, 0.5488604410377966, 0.046174015317644396, 0.046174015317644396, 0.9149569943547249, 0.0, 0.0, 0.0, 0.026079758442938326, 0.48893208522349596, 0.4893762720748782, 0.0, -0.0, 0.0, 0.5, 0.0, 0.6976744186046512, 0.018456028774380684, 0.0]
[0.4642857142857143, 0.5, 0.3333333333333333, 0.42424242424242425, 0.6153846153846154, 0.5869565217391305, 0.1717279851436615, 0.1713232845067978, 0.3074001153614051, 0.3073751338353349, 0.4389090398985387, 0.5583517522210208, 0.041363892544593134, 0.041363892544593134, 0.9206564202904701, 0.0, 0.0, 0.0, 0.022914391383528708, 0.49062824342399836, 0.49103057384490967, 0.0, -0.0, 0.0, 0.5, 0.0, 0.6976744186046512, 0.01618618331849575, 0.0]
[0.4642857142857143, 0.5, 0.3333333333333333, 0.42424242424242425, 0.6153846153846154, 0.5869565217391305, 0.1669054478406906, 0.16650418937206268, 0.3101895443568038, 0.31016459702077837, 0.4341278014629794, 0.5631663677974544, 0.03947094348924501, 0.03947094348924501, 0.9212867990136147, 0.0, 0.0, 0.0, 0.02178979655727744, 0.49146409425884485, 0.49185685254633427, 0.0, -0.0, 0.0, 0.5, 0.0, 0.6976744186046512, 0.014994784258306026, 0.0]
[0.4642857142857143, 0.5, 0.3333333333333333, 0.42424242424242425, 0.6153846153846154, 0.5869565217391305, 0.1566821187734604, 0.15630966424942017, 0.31296305218800535, 0.3129381732320694, 0.430606677017066, 0.5666639210566458, 0.04028080563460078, 0.04028080563460078, 0.9156286418437958, 0.0, 0.0, 0.0, 0.022933920472860334, 0.4917192682623863, 0.49208936747163534, 0.0, -0.0, 0.0, 0.5, 0.0, 0.6976744186046512, 0.014917246997356415, 0.0]
[0.4642857142857143, 0.5, 0.3333333333333333, 0.42424242424242425, 0.6153846153846154, 0.5869565217391305, 0.15676066279411316, 0.15638937056064606, 0.31939195446940727, 0.319367086910153, 0.43180930044637356, 0.5653256963481816, 0.08807543132986342, 0.08807543132986342, 0.835047259926796, 0.0, 0.0, 0.0, 0.053218862414360045, 0.49061750434339046, 0.4909177292138338, 0.0, -0.0, 0.022668659687042236, 0.5794582556164454, 0.021816952154040337, 0.7856155477117661, 0.0168636254966259, 0.0]
[0.4642857142857143, 0.5, 0.3333333333333333, 0.42424242424242425, 0.6153846153846154, 0.5869565217391305, 0.1809702068567276, 0.18059493601322174, 0.3212475507710677, 0.3212228769554007, 0.43592169613044984, 0.5614244922147148, 0.15155937522649765, 0.15155937522649765, 0.7477094829082489, 0.0, 0.0, 0.0, 0.08171912617981433, 0.4834416750818491, 0.483731621876359, 0.12492122501134872, 0.12492122501134872, 0.029697569087147713, 0.6031746031746031, 0.028193291276693344, 0.8, 0.02056155726313591, 0.0]
[0.0, 0.0, 1.0, 1.0, 0.6153846153846154, 0.5869565217391305, 0.21937775611877441, 0.2189750224351883, 0.3086571465486778, 0.3086321422292443, 0.4497491930456508, 0.5474128893873154, 0.19735764179910933, 0.19735764179910933, 0.6550373435020447, 0.0, 0.0, 0.0, 0.109225844591856, 0.47807078063488007, 0.4775570426136255, 0.16676077246665955, 0.16676077246665955, 0.032513007521629333, 0.5088166400553688, 0.030564770102500916, 0.7603516135104867, 0.023937880992889404, 0.0]
[0.0, 0.0, 1.0, 1.0, 0.6153846153846154, 0.5869565217391305, 0.23864707350730896, 0.2382245510816574, 0.30540286970412067, 0.30537779700459755, 0.45751356132627674, 0.5395277896478522, 0.20309139575277058, 0.20309139575277058, 0.6403057426214218, 0.0, 0.0, 0.0, 0.11257358789443969, 0.47315240278840065, 0.4717243481427431, 0.17111682891845703, 0.17111682891845703, 0.0, 0.5, 0.0, 0.6976744186046512, 0.02716001123189926, 0.0]
[0.0, 0.0, 1.0, 1.0, 0.6153846153846154, 0.5869565217391305, 0.24730607867240906, 0.24673321843147278, 0.30353483962283306, 0.30350967574985716, 0.46848447999808346, 0.5285232878045365, 0.20531065762043, 0.20531065762043, 0.6193085014820099, 0.0, 0.0, 0.0, 0.1207076035439968, 0.46493497490882874, 0.46242598816752434, 0.18288832902908325, 0.18288832902908325, 0.0, 0.5, 0.0, 0.6976744186046512, 0.028874827548861504, 0.0]
[0.0, 0.0, 1.0, 1.0, 0.6153846153846154, 0.5869565217391305, 0.27132612466812134, 0.2705247700214386, 0.297564482825664, 0.29753920498587205, 0.4861960756961064, 0.510890988792511, 0.20925035434109826, 0.20925035434109826, 0.6010271161794662, 0.0, 0.0, 0.0, 0.1218297556042671, 0.4501253329217434, 0.44789863750338554, 0.1817120611667633, 0.1817120611667633, 0.0, 0.5, 0.0, 0.6976744186046512, 0.03208218514919281, 0.021615002769976854]
[0.0, 0.0, 1.0, 1.0, 0.6153846153846154, 0.5869565217391305, 0.28061655163764954, 0.2796211242675781, 0.2981589109446305, 0.29813361031147534, 0.49452319217001733, 0.502528779086779, 0.21410127835614343, 0.21410127835614343, 0.6051935702562332, 0.0, 0.0, 0.0, 0.11317110136151314, 0.44120845198631287, 0.4420332796871662, 0.16786953806877136, 0.16786953806877136, 0.0, 0.5, 0.0, 0.6976744186046512, 0.03454190120100975, 0.03801691345870495]
[0.0, 0.0, 1.0, 1.0, 0.6153846153846154, 0.5869565217391305, 0.28028443455696106, 0.2792609930038452, 0.29924827415218314, 0.2992250477150795, 0.5042813920894955, 0.4924360773024955, 0.25326179606573923, 0.25326179606573923, 0.5884700864553452, 0.0, 0.0, 0.0, 0.10555466264486313, 0.43368829786777496, 0.43490803241729736, 0.15557929873466492, 0.15557929873466492, 0.08502485603094101, 0.4659900575876236, 0.0, 0.6976744186046512, 0.03425463289022446, 0.052180844359099865]
[0.0, 0.0, 1.0, 1.0, 0.6153846153846154, 0.5869565217391305, 0.27289849519729614, 0.2717697024345398, 0.31300017117998113, 0.3129770815030567, 0.5256671846254833, 0.47072543874018913, 0.3217514604330063, 0.3217514604330063, 0.5648156106472015, 0.0, 0.0, 0.0, 0.09740314409136772, 0.4405530244112015, 0.4379822760820389, 0.1442846655845642, 0.1442846655845642, 0.08580511808395386, 0.46567795276641843, 0.0, 0.6976744186046512, 0.03374059870839119, 0.05946978460997343]
[0.0, 0.0, 1.0, 1.0, 0.6153846153846154, 0.5869565217391305, 0.26552170515060425, 0.26425084471702576, 0.3124997314941815, 0.3124766190238938, 0.5466287022111065, 0.4500786177236259, 0.3457022777625493, 0.3457022777625493, 0.5512247532606125, 0.0, 0.0, 0.0, 0.08680573813617229, 0.4422995336353779, 0.4393421746790409, 0.1281311959028244, 0.1281311959028244, 0.0, 0.5, 0.0, 0.6976744186046512, 0.03211502358317375, 0.07805557455867529]
[0.0, 0.0, 1.0, 1.0, 0.6153846153846154, 0.5869565217391305, 0.26056990027427673, 0.2593614161014557, 0.3095409364135042, 0.30951783533989813, 0.596389907723859, 0.4014749503677657, 0.3722102088587625, 0.3722102088587625, 0.5536782741546631, 0.0, 0.0, 0.0, 0.0825615994632244, 0.4452231042087078, 0.44084532558918, 0.12207110226154327, 0.12207110226154327, 0.0, 0.5, 0.03743116185069084, 0.7400203301289747, 0.0300519447773695, 0.11415236629545689]
[0.0, 0.0, 1.0, 1.0, 0.6153846153846154, 0.5869565217391305, 0.2392856776714325, 0.23803624510765076, 0.3194710132496763, 0.319448345249971, 0.6583468503751445, 0.3419902442695483, 0.37532142230442594, 0.37532142230442594, 0.557456761598587, 0.0, 0.0, 0.0, 0.07756151109933852, 0.457975335419178, 0.4547281824052334, 0.11105509102344513, 0.11105509102344513, 0.03616487234830856, 0.5214673592930748, 0.035308606922626495, 0.7912354366204073, 0.028691036626696587, 0.1407533511519432]
[0.0, 0.0, 1.0, 1.0, 0.6153846153846154, 0.5869565217391305, 0.2324695736169815, 0.23113492131233215, 0.33046274796042796, 0.33044019392753876, 0.6689982573799148, 0.3314227852214541, 0.3855289093085698, 0.3855289093085698, 0.5541458576917648, 0.0, 0.0, 0.0, 0.07451104335486888, 0.46272217854857445, 0.46082013100385666, 0.10578936338424683, 0.10578936338424683, 0.03400123864412308, 0.5449451321647281, 0.03324492648243904, 0.8, 0.0294386837631464, 0.17335958778858185]
[0.0, 0.0, 1.0, 1.0, 0.6153846153846154, 0.5869565217391305, 0.23125702142715454, 0.22979506850242615, 0.332265030585557, 0.3322424081725782, 0.6432157839233515, 0.35616641696000373, 0.39133161306381226, 0.39133161306381226, 0.5533145070075989, 0.0, 0.0, 0.0, 0.07044482827186584, 0.4632168188691139, 0.4608692452311516, 0.10042218118906021, 0.10042218118906021, 0.03293851763010025, 0.4868245929479599, 0.03215956315398216, 0.7696578162180823, 0.0314965695142746, 0.17489422112703323]
[0.0, 0.0, 1.0, 1.0, 0.6153846153846154, 0.5869565217391305, 0.2291247695684433, 0.22756727039813995, 0.32693726428380204, 0.326914562094052, 0.624610290928507, 0.37422994076129307, 0.39497009345463346, 0.39497009345463346, 0.536046490073204, 0.0, 0.0, 0.0, 0.07104198448359966, 0.4594656191766262, 0.45571549981832504, 0.10202225297689438, 0.10202225297689438, 0.03253798186779022, 0.4869848072528839, 0.031895555555820465, 0.7713991009392017, 0.03372329846024513, 0.1667415164411068]
[0.0, 0.0, 1.0, 1.0, 0.6153846153846154, 0.5869565217391305, 0.23204603791236877, 0.23061229288578033, 0.32150324671947705, 0.3214805217363638, 0.5867301829686357, 0.41120500404515137, 0.39691812225750517, 0.39691812225750517, 0.5052510052919388, 0.0, 0.0, 0.0, 0.08327535912394524, 0.44970720261335373, 0.44438761100172997, 0.1211102232336998, 0.1211102232336998, 0.0, 0.5, 0.03232318162918091, 0.7409365039838608, 0.03525794297456741, 0.16156135126948357]
[0.0, 0.0, 1.0, 1.0, 0.6153846153846154, 0.5869565217391305, 0.2354487031698227, 0.23417441546916962, 0.3182245923729745, 0.3182018218031349, 0.5288041126887612, 0.4683140376735093, 0.39287005152021137, 0.39287005152021137, 0.5001890361309052, 0.0, 0.0, 0.0, 0.08008504286408424, 0.44857900217175484, 0.44371024891734123, 0.11693883687257767, 0.11693883687257767, 0.0, 0.5, 0.0, 0.6976744186046512, 0.036299459636211395, 0.12444538995623589]
[0.0, 0.0, 1.0, 1.0, 0.6153846153846154, 0.5869565217391305, 0.19737333059310913, 0.1962330937385559, 0.3277353055162594, 0.3277154866869545, 0.4857455107381649, 0.5106392816826623, 0.3356049954891205, 0.3356049954891205, 0.5600201934576035, 0.0, 0.0, 0.0, 0.0786586944013834, 0.4488833285868168, 0.4447396583855152, 0.1151321679353714, 0.1151321679353714, 0.0, 0.5, 0.0, 0.6976744186046512, 0.03631310537457466, 0.06712774280458689]
[0.0, 0.0, 1.0, 1.0, 0.6153846153846154, 0.5869565217391305, 0.1457681953907013, 0.144476979970932, 0.37913416858840854, 0.3791153754604478, 0.5761674307500427, 0.4214241805035065, 0.3837809179510389, 0.3837809179510389, 0.6202534586191177, 0.0, 0.0, 0.0, 0.07784188352525234, 0.4521635212004185, 0.45065172016620636, 0.11415804922580719, 0.11415804922580719, 0.0, 0.5, 0.0, 0.6976744186046512, 0.037819258868694305, 0.059051006101071835]
[0.0, 0.0, 1.0, 1.0, 0.6153846153846154, 0.5869565217391305, 0.009544863365590572, 0.008772172033786774, 0.41207767285078933, 0.41205992251919515, 0.6453814383446601, 0.35522507385309016, 0.38397207856178284, 0.38397207856178284, 0.6469043046236038, 0.0, 0.0, 0.0, 0.07741695046424865, 0.4561546556651592, 0.45488274842500687, 0.11381088942289352, 0.11381088942289352, 0.0, 0.5, 0.0, 0.6976744186046512, 0.03822186961770058, 0.057554710656404495]
[0.0, 0.0, 1.0, 1.0, 0.6153846153846154, 0.5869565217391305, 0.0, 0.0, 0.4215946313755918, 0.4215771374693336, 0.639082720357191, 0.3615539474600765, 0.35720811358519966, 0.35720811358519966, 0.6547392159700394, 0.0, 0.0, 0.0, 0.07689133137464522, 0.46097421646118164, 0.4596712216734886, 0.1134449690580368, 0.1134449690580368, 0.0, 0.5, 0.0, 0.6976744186046512, 0.03869026526808739, 0.047805760987102985]
[0.4642857142857143, 0.5, 0.3333333333333333, 0.42424242424242425, 0.6153846153846154, 0.5869565217391305, 0.0, 0.0, 0.4208596365857534, 0.4208423307247417, 0.705330160334279, 0.29829693975179145, 0.34957558981009895, 0.34957558981009895, 0.6196407079696655, 0.0, 0.0, 0.0, 0.08616293407976627, 0.46040232479572296, 0.45930085331201553, 0.1317298412322998, 0.1317298412322998, 0.0, 0.5, 0.0, 0.6976744186046512, 0.040129199624061584, 0.03953621722757816]
[0.4642857142857143, 0.5, 0.3333333333333333, 0.42424242424242425, 0.6153846153846154, 0.5869565217391305, 0.0, 0.0, 0.4207911197359658, 0.4207737796849092, 0.708927636848581, 0.2947957196102949, 0.34789937947477617, 0.34789937947477617, 0.6169683486223221, 0.0, 0.0, 0.0, 0.08993192315101622, 0.4601906053721905, 0.4590928480029106, 0.1376153826713562, 0.1376153826713562, 0.0, 0.5, 0.0, 0.6976744186046512, 0.040453456342220306, 0.0391112407669425]
[0.4642857142857143, 0.5, 0.3333333333333333, 0.42424242424242425, 0.6153846153846154, 0.5869565217391305, 0.0, 0.0, 0.43158002770425713, 0.4315628358100614, 0.7648997033303373, 0.24117528999690063, 0.43818527034350807, 0.43818527034350807, 0.5655021071434021, 0.0, 0.0, 0.0, 0.149934621155262, 0.4621494673192501, 0.45816391706466675, 0.22969350218772888, 0.22969350218772888, 0.029423465952277184, 0.6031746031746031, 0.029379144310951233, 0.8, 0.03938472270965576, 0.05181869026273489]
[0.4642857142857143, 0.5, 0.3333333333333333, 0.42424242424242425, 0.6153846153846154, 0.5869565217391305, 0.0, 0.0, 0.44819310153647546, 0.44817632562115817, 0.7801499904683626, 0.226878722762008, 0.44058723109109066, 0.44058723109109066, 0.5747545063495636, 0.0, 0.0, 0.0, 0.178194822371006, 0.4703729096800089, 0.4656446576118469, 0.2673173248767853, 0.2673173248767853, 0.02773561142385006, 0.6031746031746031, 0.027988538146018982, 0.8, 0.04155796021223068, 0.05752803757786751]
[0.4642857142857143, 0.5, 0.3333333333333333, 0.42424242424242425, 0.6153846153846154, 0.5869565217391305, 0.14389680325984955, 0.14296352863311768, 0.4000846655829231, 0.4000661915620472, 0.6854638980405965, 0.31523819812574483, 0.4885134739535196, 0.4885134739535196, 0.5964944064617157, 0.0, 0.0, 0.0, 0.15263633206486701, 0.47365338541567326, 0.46910266019403934, 0.22683414816856384, 0.22683414816856384, 0.02609098330140114, 0.6031746031746031, 0.026475802063941956, 0.8, 0.04693520441651344, 0.06996902637183666]
[0.4642857142857143, 0.5, 0.3333333333333333, 0.42424242424242425, 0.6153846153846154, 0.5869565217391305, 0.13913816213607788, 0.1387719213962555, 0.388593140797223, 0.38857716264961784, 0.6827203406886435, 0.31714427033021797, 0.37007399967738563, 0.37007399967738563, 0.6221505850553513, 0.0, 0.0, 0.0, 0.16079416126012802, 0.47596352361142635, 0.4728194307535887, 0.2300572395324707, 0.2300572395324707, 0.026847226545214653, 0.6031746031746031, 0.02675417810678482, 0.8, 0.04667573422193527, 0.14560814015567303]
[0.0, 0.0, 1.0, 1.0, 0.6153846153846154, 0.5869565217391305, 0.12183433771133423, 0.1215396299958229, 0.41669579628092834, 0.4166801828271344, 0.6825193488119209, 0.3161221475441136, 0.38809654968125484, 0.38809654968125484, 0.6639245748519897, 0.0, 0.0, 0.0, 0.16079206466674803, 0.47765951976180077, 0.4752006512135267, 0.23378728330135345, 0.23378728330135345, 0.026616988703608513, 0.6031746031746031, 0.026147615164518356, 0.8, 0.04675690829753876, 0.17046989873051643]
[0.0, 0.0, 1.0, 1.0, 0.6153846153846154, 0.5869565217391305, 0.0, 0.0, 0.47471441616291754, 0.4746997942204229, 0.6005492292444291, 0.3930918818855327, 0.3880126135689872, 0.3880126135689872, 0.7418722063302994, 0.0, 0.0, 0.0, 0.17648827359080313, 0.47832187078893185, 0.47511124424636364, 0.2596484422683716, 0.2596484422683716, 0.02750788815319538, 0.6031746031746031, 0.026574021205306053, 0.8, 0.05297448858618736, 0.17022507265210152]
[0.0, 0.0, 1.0, 1.0, 0.6153846153846154, 0.5869565217391305, 0.0, 0.0, 0.4818411044933144, 0.4818266990877702, 0.5886363235531984, 0.40476285881972857, 0.3825613643441882, 0.3825613643441882, 0.7555600926280022, 0.0, 0.0, 0.0, 0.16736299693584442, 0.4785043206065893, 0.47518404200673103, 0.24560756981372833, 0.24560756981372833, 0.02771252579987049, 0.6031746031746031, 0.02679138071835041, 0.8, 0.054004423320293427, 0.1559161301702261]
[0.0, 0.0, 1.0, 1.0, 0.6153846153846154, 0.5869565217391305, 0.0, 0.0, 0.47940196247903155, 0.47938750578842015, 0.5321803853115206, 0.46017840254552456, 0.37113081131662645, 0.37113081131662645, 0.7716098800301552, 0.0, 0.0, 0.0, 0.14372179955244063, 0.4788713362067938, 0.47514169104397297, 0.21333272755146027, 0.21333272755146027, 0.028914324939250946, 0.6031746031746031, 0.028680449351668358, 0.8, 0.05535682663321495, 0.07345272228121758]
[0.0, 0.0, 1.0, 1.0, 0.6153846153846154, 0.5869565217391305, 0.0, 0.0, 0.4809177567466495, 0.48090349807338095, 0.48450614583195967, 0.5081479499895709, 0.36087826958724434, 0.36087826958724434, 0.7822377011179924, 0.0, 0.0, 0.0, 0.14351776242256165, 0.4777925331145525, 0.4736226797103882, 0.21332944929599762, 0.21332944929599762, 0.030329694971442223, 0.6031746031746031, 0.03071076050400734, 0.8, 0.05476558953523636, 0.036041741259396076]
[0.0, 0.0, 1.0, 1.0, 0.6153846153846154, 0.5869565217391305, 0.0, 0.0, 0.4805950112712087, 0.48058072980457694, 0.46800701032405145, 0.5245446179332008, 0.3540766452039991, 0.3540766452039991, 0.786019004881382, 0.0, 0.0, 0.0, 0.15686037838459013, 0.4763296041637659, 0.47083271108567715, 0.23069778084754944, 0.23069778084754944, 0.03181501850485802, 0.6031746031746031, 0.0324699766933918, 0.8, 0.05414999648928642, 0.023920841049402952]
[0.0, 0.0, 1.0, 1.0, 0.6153846153846154, 0.5869565217391305, 0.0, 0.0, 0.5158259933582912, 0.5158124626480598, 0.5362979607873848, 0.4556200034253178, 0.412028900214604, 0.412028900214604, 0.8052893653512001, 0.0, 0.0, 0.0, 0.13614638522267342, 0.476036436855793, 0.47082956321537495, 0.20118644833564758, 0.20118644833564758, 0.033539172261953354, 0.6031746031746031, 0.034371234476566315, 0.8, 0.05462636053562164, 0.012066166382282972]
[0.0, 0.0, 1.0, 1.0, 0.6153846153846154, 0.5869565217391305, 0.0, 0.0, 0.5630908725822406, 0.5630798861811768, 0.7389199875052983, 0.26522914897820643, 0.43793788978031706, 0.43793788978031706, 0.8052894175052643, 0.0, 0.0, 0.0, 0.13170652016997336, 0.4778070356696844, 0.4743784312158823, 0.19815319776535034, 0.19815319776535034, 0.03302287310361862, 0.6031746031746031, 0.03393581137061119, 0.8, 0.056801825761795044, 0.01087321899831295]
[0.0, 0.0, 1.0, 1.0, 0.6153846153846154, 0.5869565217391305, 0.0, 0.0, 0.5626202523138509, 0.5626090664708592, 0.729729726255282, 0.2731024780824531, 0.4433168470859528, 0.4433168470859528, 0.8047666028141975, 0.0, 0.0, 0.0, 0.13164861872792244, 0.47837930358946323, 0.47548205219209194, 0.19889593124389648, 0.19889593124389648, 0.03247924521565437, 0.6031746031746031, 0.03326866775751114, 0.8, 0.05767636373639107, 0.008777179755270481]
[0.0, 0.0, 1.0, 1.0, 0.6153846153846154, 0.5869565217391305, 0.0, 0.0, 0.5851619596918956, 0.5851544948654467, 0.7695729810010863, 0.23734894532267903, 0.5159100251538413, 0.5159100251538413, 0.7930079102516174, 0.0, 0.0, 0.0, 0.1615686021745205, 0.4810454174876213, 0.4789840094745159, 0.24999405443668365, 0.24999405443668365, 0.030238032341003418, 0.6031746031746031, 0.030271990224719048, 0.8, 0.06283466517925262, 0.060743801295757294]
[0.0, 0.0, 1.0, 1.0, 0.6153846153846154, 0.5869565217391305, 0.0, 0.0, 0.5861039865997052, 0.5860965559633011, 0.7766173154856462, 0.23077014248817368, 0.5183072175298419, 0.5183072175298419, 0.7932997941970825, 0.0, 0.0, 0.0, 0.18180439472198484, 0.48196201771497726, 0.4799532797187567, 0.27891889214515686, 0.27891889214515686, 0.030751438811421394, 0.6031746031746031, 0.03021339513361454, 0.8, 0.0661432072520256, 0.08370194584131241]
[0.0, 0.0, 1.0, 1.0, 0.6153846153846154, 0.5869565217391305, 0.0, 0.0, 0.5788599765551478, 0.5788520843531388, 0.7668298225329893, 0.2388497515294059, 0.5215819605759212, 0.5215819605759212, 0.7946217283606529, 0.0, 0.0, 0.0, 0.17374682649970052, 0.48230850510299206, 0.4802850056439638, 0.2666890621185303, 0.2666890621185303, 0.030542094260454178, 0.6031746031746031, 0.029897591099143028, 0.8, 0.06776191294193268, 0.06058468949049711]
[0.0, 0.0, 1.0, 1.0, 0.6153846153846154, 0.5869565217391305, 0.0, 0.0, 0.5591105131528573, 0.5591016066461858, 0.7181835885713479, 0.2830678276481815, 0.4643315715449197, 0.4643315715449197, 0.8076450973749161, 0.0, 0.0, 0.0, 0.1338479921221733, 0.48226493038237095, 0.48022017627954483, 0.20073242485523224, 0.20073242485523224, 0.031771957874298096, 0.592631355164543, 0.03133782744407654, 0.7971503187057584, 0.06867560744285583, 0.024621509946882725]
[0.0, 0.0, 1.0, 1.0, 0.6153846153846154, 0.5869565217391305, 0.0, 0.0, 0.5530433757355291, 0.5530343894520864, 0.661825311343483, 0.3378967613785896, 0.4555179604462215, 0.4555179604462215, 0.8161295652389526, 0.0, 0.0, 0.0, 0.09798961654305458, 0.48167229257524014, 0.47989540360867977, 0.14642375707626343, 0.14642375707626343, 0.034238629043102264, 0.57092932765446, 0.033941034227609634, 0.7882035081816274, 0.06412793695926666, 0.0]
[0.0, 0.0, 1.0, 1.0, 0.6153846153846154, 0.5869565217391305, 0.0, 0.0, 0.5524024605523103, 0.5523933887937557, 0.6228961502388832, 0.3751793299254172, 0.4620382615498134, 0.4620382615498134, 0.8188276290893555, 0.0, 0.0, 0.0, 0.09229926392436028, 0.481399729847908, 0.4799337051808834, 0.13782821595668793, 0.13782821595668793, 0.03469053655862808, 0.5806643272203112, 0.03457732871174812, 0.7906432540784049, 0.06253592669963837, 0.0]
[0.0, 0.0, 1.0, 1.0, 0.6153846153846154, 0.5869565217391305, 0.0, 0.0, 0.5591899366269376, 0.5591811041986965, 0.6084411577330493, 0.38926606145866466, 0.46223823513303486, 0.46223823513303486, 0.822099395096302, 0.0, 0.0, 0.0, 0.08966617211699485, 0.4816534239798784, 0.4802314806729555, 0.13298575580120087, 0.13298575580120087, 0.034681838005781174, 0.531362782868128, 0.03468610718846321, 0.7681284974827323, 0.06236664205789566, 0.0]
[0.0, 0.0, 1.0, 1.0, 0.6153846153846154, 0.5869565217391305, 0.2088853418827057, 0.20986534655094147, 0.39924478713230693, 0.39923022217322035, 0.49422845154658784, 0.5003273618786053, 0.3858075823102679, 0.3858075823102679, 0.74589404463768, 0.0, 0.0, 0.0, 0.1754993751645088, 0.46474452689290047, 0.46079692989587784, 0.25969716906547546, 0.25969716906547546, 0.035792432725429535, 0.6031746031746031, 0.035683419555425644, 0.8, 0.055910103023052216, 0.006755907088518143]
[0.0, 0.0, 1.0, 1.0, 0.6153846153846154, 0.5869565217391305, 0.05771811679005623, 0.05753960460424423, 0.4278790978127182, 0.4278654787782045, 0.5543205562558731, 0.4408236233221135, 0.35950722438948496, 0.35950722438948496, 0.7259151786565781, 0.0, 0.0, 0.0, 0.15659873709082603, 0.47475993260741234, 0.4717980585992336, 0.23314684629440308, 0.23314684629440308, 0.031092563644051552, 0.6031746031746031, 0.029911359772086143, 0.8, 0.04469515383243561, 0.06935068406164646]
[0.0, 0.0, 1.0, 1.0, 0.6153846153846154, 0.5869565217391305, 0.022795969620347023, 0.022685382515192032, 0.4306742080538952, 0.4306606801928343, 0.5863519328046255, 0.4094216741015254, 0.39122313261032104, 0.39122313261032104, 0.703082412481308, 0.0, 0.0, 0.0, 0.14780216142535207, 0.4762197807431221, 0.47303976491093636, 0.21998231112957, 0.21998231112957, 0.027663061395287514, 0.6031746031746031, 0.02644120715558529, 0.8, 0.03989880159497261, 0.11400638148188591]
[0.0, 0.0, 1.0, 1.0, 0.6153846153846154, 0.5869565217391305, 0.009211201220750809, 0.009208512492477894, 0.4355724277277522, 0.43555281403871615, 0.635326066390962, 0.36186585184214404, 0.37106739623206003, 0.37106739623206003, 0.7077357023954391, 0.0, 0.0, 0.0, 0.16875171363353728, 0.4756296668201685, 0.4724157974123955, 0.25113585591316223, 0.25113585591316223, 0.026098748669028282, 0.6031746031746031, 0.024771127849817276, 0.8, 0.03701717406511307, 0.16451649367809296]
[0.0, 0.0, 1.0, 1.0, 0.6153846153846154, 0.5869565217391305, 0.0, 0.0, 0.4368074747162157, 0.4367879920890181, 0.6531048327057585, 0.34492106049689414, 0.36366342433861326, 0.36366342433861326, 0.7105491161346436, 0.0, 0.0, 0.0, 0.167451424151659, 0.4752317536622286, 0.4721430577337742, 0.24594756960868835, 0.24594756960868835, 0.025549443438649178, 0.6031746031746031, 0.024047529324889183, 0.8, 0.03621269389986992, 0.1922033727169037]
[0.0, 0.0, 1.0, 1.0, 0.6153846153846154, 0.5869565217391305, 0.0085276048630476, 0.008350900374352932, 0.42287821113265495, 0.42285816436971807, 0.5967653144158095, 0.39947257620376064, 0.376509747334889, 0.376509747334889, 0.6885067671537399, 0.0, 0.0, 0.0, 0.1802909567952156, 0.4738816823810339, 0.46970933116972446, 0.2670302391052246, 0.2670302391052246, 0.025059755891561508, 0.6031746031746031, 0.023745477199554443, 0.8, 0.03530517593026161, 0.18247202038764954]
[0.0, 0.0, 1.0, 1.0, 0.6153846153846154, 0.5869565217391305, 0.01636051945388317, 0.0162090715020895, 0.41292705043552025, 0.4129066731688169, 0.4950910564049024, 0.4996691579293972, 0.381665655544826, 0.381665655544826, 0.6862499117851257, 0.0, 0.0, 0.0, 0.16305200979113577, 0.47094633243978024, 0.46572085842490196, 0.24312838912010193, 0.24312838912010193, 0.02434396743774414, 0.6031746031746031, 0.023235436528921127, 0.8, 0.033988531678915024, 0.12036619707942009]
[0.0, 0.0, 1.0, 1.0, 0.6153846153846154, 0.5869565217391305, 0.01003634836524725, 0.010028676129877567, 0.4186032360871937, 0.4185830582624184, 0.440039072164386, 0.5547498422195026, 0.30255633805479326, 0.30255633805479326, 0.7383374273777008, 0.0, 0.0, 0.0, 0.16716074347496032, 0.4707216788083315, 0.46554601565003395, 0.2451215535402298, 0.2451215535402298, 0.024625953286886215, 0.6031746031746031, 0.023575372993946075, 0.8, 0.03346308693289757, 0.07017950993031263]
[0.0, 0.0, 1.0, 1.0, 0.6153846153846154, 0.5869565217391305, 0.0, 0.0, 0.42912362114193336, 0.4291038365026733, 0.360598297921467, 0.6353183202437593, 0.29829980007239754, 0.29829980007239754, 0.7590716704726219, 0.0, 0.0, 0.0, 0.13010904118418692, 0.47251199558377266, 0.46781960502266884, 0.18689292669296265, 0.18689292669296265, 0.02598090097308159, 0.6031746031746031, 0.025450004264712334, 0.8, 0.03274225816130638, 0.0]
[0.4642857142857143, 0.5, 0.3333333333333333, 0.42424242424242425, 0.6153846153846154, 0.5869565217391305, 0.0, 0.0, 0.429775659486395, 0.42975584635543096, 0.33835208940232464, 0.6579009815971386, 0.2808646538427898, 0.2808646538427898, 0.7579022273421288, 0.0, 0.0, 0.0, 0.13012836426496505, 0.473331805318594, 0.4692476727068424, 0.18678362667560577, 0.18678362667560577, 0.0263147484511137, 0.6031746031746031, 0.026096193119883537, 0.8, 0.032281070947647095, 0.0]
[0.4642857142857143, 0.5, 0.3333333333333333, 0.42424242424242425, 0.6153846153846154, 0.5869565217391305, 0.0, 0.0, 0.43044970482302897, 0.4304298745970425, 0.3576099170553525, 0.6380546976863034, 0.27032674423285896, 0.27032674423285896, 0.7574630528688431, 0.0, 0.0, 0.0, 0.15088705867528915, 0.47284981794655323, 0.4692207742482424, 0.21607407927513123, 0.21607407927513123, 0.026241682469844818, 0.6031746031746031, 0.026311608031392097, 0.8, 0.03203044459223747, 0.0]
[0.4642857142857143, 0.5, 0.3333333333333333, 0.42424242424242425, 0.6153846153846154, 0.5869565217391305, 0.0, 0.0, 0.4205050972178151, 0.42048498207478857, 0.4271387066941416, 0.5677384614551906, 0.29657053095953806, 0.29657053095953806, 0.7130659073591232, 0.0, 0.0, 0.0, 0.15310789868235586, 0.47036265581846237, 0.4670489653944969, 0.2250792682170868, 0.2250792682170868, 0.02555054984986782, 0.6031746031746031, 0.025758733972907066, 0.8, 0.03184477984905243, 0.0]
[0.4642857142857143, 0.5, 0.3333333333333333, 0.42424242424242425, 0.6153846153846154, 0.5869565217391305, 0.022861817851662636, 0.022599581629037857, 0.4140952444897099, 0.4140749754914818, 0.49958771654007594, 0.4954036820180507, 0.3198346495628357, 0.3198346495628357, 0.6857079863548279, 0.0, 0.0, 0.0, 0.1493968866765499, 0.4701492767781019, 0.46645570918917656, 0.22223052382469177, 0.22223052382469177, 0.024181149899959564, 0.6031746031746031, 0.02438248321413994, 0.8, 0.029881149530410767, 0.0]
[0.4642857142857143, 0.5, 0.3333333333333333, 0.42424242424242425, 0.6153846153846154, 0.5869565217391305, 0.05768337845802307, 0.05745315924286842, 0.41974030580392985, 0.4197187489806808, 0.5568156830439376, 0.4390698107838352, 0.3240020786012922, 0.3240020786012922, 0.6693266779184341, 0.0, 0.0, 0.0, 0.14550748169422148, 0.4712745975703001, 0.4672096446156502, 0.21645587682724, 0.21645587682724, 0.023154299706220627, 0.6031746031746031, 0.023153159767389297, 0.8, 0.028837306424975395, 0.05278041586279869]
[0.4642857142857143, 0.5, 0.3333333333333333, 0.42424242424242425, 0.6153846153846154, 0.5869565217391305, 0.059731435030698776, 0.05946996435523033, 0.4149820145867751, 0.4149602754166204, 0.5928905965265308, 0.40369560517448266, 0.3548418304749898, 0.3548418304749898, 0.6375081837177277, 0.0, 0.0, 0.0, 0.14245628118515014, 0.4719058610498905, 0.4677317179739475, 0.2135094702243805, 0.2135094702243805, 0.022566620260477066, 0.6031746031746031, 0.022465191781520844, 0.8, 0.027403438463807106, 0.08496510796248913]
[0.4642857142857143, 0.5, 0.3333333333333333, 0.42424242424242425, 0.6153846153846154, 0.5869565217391305, 0.054167211055755615, 0.05387815833091736, 0.413795677015476, 0.41377387516357245, 0.6085339381179664, 0.3883597289576307, 0.3581333799021585, 0.3581333799021585, 0.6323846876621246, 0.0, 0.0, 0.0, 0.1589552819728851, 0.4707031361758709, 0.4662894606590271, 0.2335834503173828, 0.2335834503173828, 0.022822361439466476, 0.6031746031746031, 0.022670859470963478, 0.8, 0.02686154469847679, 0.11380402371287346]
[0.4642857142857143, 0.5, 0.3333333333333333, 0.42424242424242425, 0.6153846153846154, 0.5869565217391305, 0.056801605969667435, 0.05649429187178612, 0.4125207872281339, 0.41249894548784477, 0.5872281096861421, 0.4092316002457771, 0.34559478717190883, 0.34559478717190883, 0.6317073404788971, 0.0, 0.0, 0.0, 0.14649133682250975, 0.47080762311816216, 0.4664956368505955, 0.21861089766025543, 0.21861089766025543, 0.022749245166778564, 0.6031746031746031, 0.022540517151355743, 0.8, 0.02634386718273163, 0.11681546457111835]
[0.4642857142857143, 0.5, 0.3333333333333333, 0.42424242424242425, 0.6153846153846154, 0.5869565217391305, 0.017588332295417786, 0.017214499413967133, 0.4120965970405885, 0.41207473250693616, 0.487909304651202, 0.507126456870125, 0.32555678061076576, 0.32555678061076576, 0.6708502322435379, 0.0, 0.0, 0.0, 0.14249711781740187, 0.47030087374150753, 0.46621761471033096, 0.2135991007089615, 0.2135991007089615, 0.02264900505542755, 0.6031746031746031, 0.022361451759934425, 0.8, 0.026662861928343773, 0.06414663046598434]
[0.4642857142857143, 0.5, 0.3333333333333333, 0.42424242424242425, 0.6153846153846154, 0.5869565217391305, 0.04661864787340164, 0.046048447489738464, 0.4062851441749879, 0.40626301181931795, 0.43797100182928955, 0.557039182155134, 0.3284288517066411, 0.3284288517066411, 0.7025526911020279, 0.0, 0.0, 0.0, 0.1444712795317173, 0.4701890219002962, 0.4662928618490696, 0.21417085826396942, 0.21417085826396942, 0.023358136415481567, 0.6031746031746031, 0.023091258481144905, 0.8, 0.027317937463521957, 0.018669404089450836]
[0.4642857142857143, 0.5, 0.3333333333333333, 0.42424242424242425, 0.6153846153846154, 0.5869565217391305, 0.0164280217140913, 0.0164453387260437, 0.436485968629899, 0.4364649588473668, 0.40031043384544707, 0.5950767942135415, 0.3503907578332084, 0.3503907578332084, 0.7464138120412827, 0.0, 0.0, 0.0, 0.14006130397319794, 0.4708428718149662, 0.46739647537469864, 0.2061281055212021, 0.2061281055212021, 0.024675706401467323, 0.6031746031746031, 0.02465863712131977, 0.8, 0.028233490884304047, 0.0]
[0.4642857142857143, 0.5, 0.3333333333333333, 0.42424242424242425, 0.6153846153846154, 0.5869565217391305, 0.0, 0.0, 0.4400318352715691, 0.4400108767741041, 0.36887139982292805, 0.6268362316934324, 0.344513835651534, 0.344513835651534, 0.7518703863024712, 0.0, 0.0, 0.0, 0.16303917467594145, 0.47090928815305233, 0.46813084557652473, 0.24112871289253235, 0.24112871289253235, 0.026159655302762985, 0.6031746031746031, 0.02641468681395054, 0.8, 0.031233083456754684, 0.0]
[0.4642857142857143, 0.5, 0.3333333333333333, 0.42424242424242425, 0.6153846153846154, 0.5869565217391305, 0.0, 0.0, 0.4437642712893951, 0.4437434210604053, 0.3594913382375218, 0.6364089712763329, 0.3356127228055682, 0.3356127228055682, 0.7419310882687569, 0.0, 0.0, 0.0, 0.21103143841028213, 0.46443596482276917, 0.4634978137910366, 0.3100922405719757, 0.3100922405719757, 0.027246931567788124, 0.6031746031746031, 0.02763696201145649, 0.8, 0.0357198528945446, 0.0]
[0.4642857142857143, 0.5, 0.3333333333333333, 0.42424242424242425, 0.6153846153846154, 0.5869565217391305, 0.0, 0.0, 0.4371395626213993, 0.43711863261563827, 0.4126254372569389, 0.5827831880717564, 0.3325632001672473, 0.3325632001672473, 0.6837530136108398, 0.0, 0.0, 0.0, 0.293881444633007, 0.43777211755514145, 0.4339018762111664, 0.4289419651031494, 0.4289419651031494, 0.027812650427222252, 0.6031746031746031, 0.028431909158825874, 0.8, 0.035859767347574234, 0.0]
[0.4642857142857143, 0.5, 0.3333333333333333, 0.42424242424242425, 0.6153846153846154, 0.5869565217391305, 0.206756129860878, 0.2065398097038269, 0.38588110666657954, 0.385858677997188, 0.4897051552741523, 0.5064066595552023, 0.4141942518098014, 0.4141942518098014, 0.6773343235254288, 0.0, 0.0, 0.0, 0.23613209426403045, 0.4409259296953678, 0.4353034794330597, 0.3464423418045044, 0.3464423418045044, 0.028364617377519608, 0.6031746031746031, 0.028763217851519585, 0.8, 0.03326859697699547, 0.0]
[0.4642857142857143, 0.5, 0.3333333333333333, 0.42424242424242425, 0.6153846153846154, 0.5869565217391305, 0.15037541091442108, 0.14993828535079956, 0.3937343092311181, 0.3937119489418161, 0.5563457750681482, 0.4399051989419004, 0.3887592468942915, 0.3887592468942915, 0.6736449003219604, 0.0, 0.0, 0.0, 0.2244142338633537, 0.4488591141998768, 0.4430677890777588, 0.3314804136753082, 0.3314804136753082, 0.037176717072725296, 0.6031746031746031, 0.03617172688245773, 0.8, 0.03212111443281174, 0.07248853333294392]
[0.4642857142857143, 0.5, 0.3333333333333333, 0.42424242424242425, 0.6153846153846154, 0.5869565217391305, 0.03932929039001465, 0.039030082523822784, 0.4205819108518086, 0.42056045659869395, 0.5850615549269871, 0.41155529245085243, 0.3713562445981162, 0.3713562445981162, 0.6706930100917816, 0.0, 0.0, 0.0, 0.2534669995307922, 0.4515674524009228, 0.4460536688566208, 0.37368065118789673, 0.37368065118789673, 0.036084000021219254, 0.6031746031746031, 0.035155270248651505, 0.8, 0.03129672259092331, 0.08632892742753029]
[0.4642857142857143, 0.5, 0.3333333333333333, 0.42424242424242425, 0.6153846153846154, 0.5869565217391305, 0.0, 0.0, 0.43054665069507136, 0.43052554973908636, 0.5998661007525588, 0.39708405967373644, 0.3425912452595575, 0.3425912452595575, 0.6546337902545929, 0.0, 0.0, 0.0, 0.2555958867073059, 0.4532286338508129, 0.4471111595630646, 0.37630510330200195, 0.37630510330200195, 0.03332057222723961, 0.6031746031746031, 0.03267515078186989, 0.8, 0.031024333089590073, 0.10746804066002369]
[0.4642857142857143, 0.5, 0.3333333333333333, 0.42424242424242425, 0.6153846153846154, 0.5869565217391305, 0.0, 0.0, 0.429719416862692, 0.4296983273033886, 0.5944589337700867, 0.4024209433207726, 0.3422304668596813, 0.3422304668596813, 0.647467777132988, 0.0, 0.0, 0.0, 0.2828914254903793, 0.45345253497362137, 0.4470463953912258, 0.41715773940086365, 0.41715773940086365, 0.032325319945812225, 0.6031746031746031, 0.03178123012185097, 0.8, 0.030911892652511597, 0.11024929583072662]
[0.4642857142857143, 0.5, 0.3333333333333333, 0.42424242424242425, 0.6153846153846154, 0.5869565217391305, 0.0, 0.0, 0.4197956252964231, 0.41977409696487805, 0.5356640745075437, 0.4599924770818791, 0.3244747327906745, 0.3244747327906745, 0.6425357311964035, 0.0, 0.0, 0.0, 0.28626389503479, 0.4514671228826046, 0.44437792152166367, 0.42464882135391235, 0.42464882135391235, 0.030920224264264107, 0.6031746031746031, 0.03057084232568741, 0.8, 0.030834397301077843, 0.07051959168165922]
[0.4642857142857143, 0.5, 0.3333333333333333, 0.42424242424242425, 0.6153846153846154, 0.5869565217391305, 0.0, 0.0, 0.4079222375986453, 0.40790025339983615, 0.4377969289145096, 0.5574339535898569, 0.35038867167064125, 0.35038867167064125, 0.6914253979921341, 0.0, 0.0, 0.0, 0.24565539509057996, 0.4522220939397812, 0.4461679831147194, 0.3685436248779297, 0.3685436248779297, 0.03225594013929367, 0.6031746031746031, 0.032020583748817444, 0.8, 0.03243803232908249, 0.0]
[0.4642857142857143, 0.5, 0.3333333333333333, 0.42424242424242425, 0.6153846153846154, 0.5869565217391305, 0.0, 0.0, 0.40955802040391853, 0.4095360589984726, 0.4078980253485831, 0.5875442201908364, 0.349399351647922, 0.349399351647922, 0.7060017883777618, 0.0, 0.0, 0.0, 0.2513451427221298, 0.45296404883265495, 0.4478796012699604, 0.3766220510005951, 0.3766220510005951, 0.03385870158672333, 0.6031746031746031, 0.033709149807691574, 0.8, 0.03369881212711334, 0.0]
[0.4642857142857143, 0.5, 0.3333333333333333, 0.42424242424242425, 0.6153846153846154, 0.5869565217391305, 0.0, 0.0, 0.4094093791841321, 0.40939346371827573, 0.3779924034388526, 0.6179751464964505, 0.3367797604628972, 0.3367797604628972, 0.7102854698896408, 0.0, 0.0, 0.0, 0.32129598855972286, 0.4460507966578007, 0.4431610554456711, 0.474321186542511, 0.474321186542511, 0.03595954179763794, 0.6031746031746031, 0.035902149975299835, 0.8, 0.035123251378536224, 0.0]
[0.4642857142857143, 0.5, 0.3333333333333333, 0.42424242424242425, 0.6153846153846154, 0.5869565217391305, 0.0, 0.0, 0.4086110131462491, 0.4085951147754151, 0.3765392581545828, 0.619602284918729, 0.3116492394890104, 0.3116492394890104, 0.7145655155181885, 0.0, 0.0, 0.0, 0.2849721223115921, 0.44561459869146347, 0.4437659792602062, 0.4238283634185791, 0.4238283634185791, 0.03702224791049957, 0.6031746031746031, 0.03701850771903992, 0.8, 0.03600183129310608, 0.0]
[0.4642857142857143, 0.5, 0.3333333333333333, 0.42424242424242425, 0.6153846153846154, 0.5869565217391305, 0.0, 0.0, 0.5143799325362218, 0.5143688777550685, 0.642225776986, 0.3604406056344345, 0.41648879647254944, 0.41648879647254944, 0.7487735748291016, 0.0, 0.0, 0.0, 0.253977869451046, 0.45154912397265434, 0.4530576877295971, 0.38387101888656616, 0.38387101888656616, 0.039383359253406525, 0.5701618705477033, 0.039254531264305115, 0.7832937202481336, 0.03728175163269043, 0.0]
[0.4642857142857143, 0.5, 0.3333333333333333, 0.42424242424242425, 0.6153846153846154, 0.5869565217391305, 0.0, 0.0, 0.5177933797097799, 0.5177825428901621, 0.6929809896713461, 0.3119077914480903, 0.4019606539181301, 0.4019606539181301, 0.7380765080451965, 0.0, 0.0, 0.0, 0.2603567913174629, 0.451603539288044, 0.45311740785837173, 0.3948007822036743, 0.3948007822036743, 0.039453573524951935, 0.6031746031746031, 0.03921826556324959, 0.8, 0.03722536563873291, 0.0]
[0.4642857142857143, 0.5, 0.3333333333333333, 0.42424242424242425, 0.6153846153846154, 0.5869565217391305, 0.0, 0.0, 0.5162680549671728, 0.5162572096000438, 0.7436894987554896, 0.2635170938813157, 0.38557054741042, 0.38557054741042, 0.7159532606601715, 0.0, 0.0, 0.0, 0.25331322848796844, 0.45364735275506973, 0.4541860856115818, 0.3863315284252167, 0.3863315284252167, 0.038597576320171356, 0.6031746031746031, 0.037919480353593826, 0.8, 0.036246154457330704, 0.0]
[0.4642857142857143, 0.5, 0.3333333333333333, 0.42424242424242425, 0.6153846153846154, 0.5869565217391305, 0.0, 0.0, 0.5144417908747839, 0.5144308785521505, 0.7546973027872994, 0.25297963089919634, 0.375022611447743, 0.375022611447743, 0.7069640010595322, 0.0, 0.0, 0.0, 0.24861290603876113, 0.4602188318967819, 0.4585916996002197, 0.3748353123664856, 0.3748353123664856, 0.034944772720336914, 0.6031746031746031, 0.03405512869358063, 0.8, 0.033425964415073395, 0.0]
[0.4642857142857143, 0.5, 0.3333333333333333, 0.42424242424242425, 0.6153846153846154, 0.5869565217391305, 0.3342268764972687, 0.33184024691581726, 0.32591060561842033, 0.3258924962913557, 0.4762028940093221, 0.5209921811045876, 0.3869937147412982, 0.3869937147412982, 0.7525269985198975, 0.0, 0.0, 0.0, 0.13470632284879683, 0.46455254778265953, 0.46322960034012794, 0.20675523579120636, 0.20675523579120636, 0.036843568086624146, 0.6031746031746031, 0.03584245964884758, 0.8, 0.030792852863669395, 0.0]
[0.4642857142857143, 0.5, 0.3333333333333333, 0.42424242424242425, 0.6153846153846154, 0.5869565217391305, 0.11266927421092987, 0.11159273236989975, 0.38824711475044094, 0.38823061235548206, 0.3668714645487856, 0.6298012037755376, 0.3221195191144943, 0.3221195191144943, 0.7496872693300247, 0.0, 0.0, 0.0, 0.16131858602166174, 0.46551744639873505, 0.4641266167163849, 0.24268493056297302, 0.24268493056297302, 0.04234357923269272, 0.6031746031746031, 0.04127690568566322, 0.8, 0.029774880036711693, 0.0]
[0.4642857142857143, 0.5, 0.3333333333333333, 0.42424242424242425, 0.6153846153846154, 0.5869565217391305, 0.041399698704481125, 0.0399787575006485, 0.4042270060479071, 0.40421105069366514, 0.3215714216688167, 0.6763237971825942, 0.2936266894851412, 0.2936266894851412, 0.7413637712597847, 0.0, 0.0, 0.0, 0.175295802205801, 0.4648893177509308, 0.4640439487993717, 0.26185187697410583, 0.26185187697410583, 0.04271619766950607, 0.6031746031746031, 0.04175179451704025, 0.8, 0.029505129903554916, 0.0]
[0.4642857142857143, 0.5, 0.3333333333333333, 0.42424242424242425, 0.6153846153846154, 0.5869565217391305, 0.0, 0.0, 0.40572338464383184, 0.4057074976696795, 0.2997801572825211, 0.6987791576024857, 0.28395665543419973, 0.28395665543419973, 0.7100219428539276, 0.0, 0.0, 0.0, 0.3639909327030182, 0.43165123462677, 0.43562253564596176, 0.5392971634864807, 0.5392971634864807, 0.04262196272611618, 0.6031746031746031, 0.04195380210876465, 0.8, 0.03000424988567829, 0.0]
[0.4642857142857143, 0.5, 0.3333333333333333, 0.42424242424242425, 0.6153846153846154, 0.5869565217391305, 0.0, 0.0, 0.40051111801176636, 0.40049585785510206, 0.3207392701683263, 0.6767956311975742, 0.2833575542484011, 0.2833575542484011, 0.6753400415182114, 0.0, 0.0, 0.0, 0.4709031969308853, 0.3962749093770981, 0.399037666618824, 0.6884755492210388, 0.6884755492210388, 0.043623343110084534, 0.6031746031746031, 0.0436909981071949, 0.7830581086319547, 0.03276483714580536, 0.0]
[0.4642857142857143, 0.5, 0.3333333333333333, 0.42424242424242425, 0.6153846153846154, 0.5869565217391305, 0.0, 0.0, 0.3903596606354868, 0.3903440813717377, 0.3801426951333624, 0.6161397679079509, 0.3026262457881655, 0.3026262457881655, 0.653599739074707, 0.0, 0.0, 0.0, 0.5012064397335052, 0.3615768700838089, 0.3674880862236023, 0.7295404672622681, 0.7295404672622681, 0.0, 0.5, 0.0, 0.6976744186046512, 0.04120166227221489, 0.0]
[0.4642857142857143, 0.5, 0.3333333333333333, 0.42424242424242425, 0.6153846153846154, 0.5869565217391305, 0.0, 0.0, 0.39067157641423594, 0.3906561453073476, 0.4303454878681249, 0.5657893461211867, 0.3121215317930494, 0.3121215317930494, 0.6180431544780731, 0.0, 0.0, 0.0, 0.49203304052352903, 0.35844382643699646, 0.35900261998176575, 0.7187630534172058, 0.7187630534172058, 0.04684670269489288, 0.4812613189220428, 0.0, 0.6976744186046512, 0.042811330407857895, 0.0]
[0.4642857142857143, 0.5, 0.3333333333333333, 0.42424242424242425, 0.6153846153846154, 0.5869565217391305, 0.0, 0.0, 0.40505777854992375, 0.4050428830870707, 0.48605435368663724, 0.5100294879877266, 0.3087847254105977, 0.3087847254105977, 0.6245351880788803, 0.0, 0.0, 0.0, 0.4618582010269165, 0.3743544816970825, 0.36814363300800323, 0.6746726632118225, 0.6746726632118225, 0.045991480350494385, 0.5714178019099765, 0.045911360532045364, 0.7759640647401643, 0.03916945680975914, 0.0]
[0.4642857142857143, 0.5, 0.3333333333333333, 0.42424242424242425, 0.6153846153846154, 0.5869565217391305, 0.0, 0.0, 0.41572854281839405, 0.415713989255989, 0.5404558890636291, 0.456042968469591, 0.31287674392972675, 0.31287674392972675, 0.6138330549001694, 0.0, 0.0, 0.0, 0.4875577628612518, 0.3693138211965561, 0.36356857419013977, 0.7081874012947083, 0.7081874012947083, 0.04491787403821945, 0.581398292193337, 0.044407863169908524, 0.7875955806568612, 0.03830486536026001, 0.0]
[0.4642857142857143, 0.5, 0.3333333333333333, 0.42424242424242425, 0.6153846153846154, 0.5869565217391305, 0.0, 0.0, 0.4260032382111704, 0.42598900945419105, 0.5833056169075902, 0.413862220137292, 0.3115493484905788, 0.3115493484905788, 0.6237557381391525, 0.0, 0.0, 0.0, 0.47359793484210966, 0.3713732361793518, 0.36021456122398376, 0.6859802007675171, 0.6859802007675171, 0.04308544471859932, 0.6031746031746031, 0.0425863042473793, 0.8, 0.036746978759765625, 0.0]
[0.4642857142857143, 0.5, 0.3333333333333333, 0.42424242424242425, 0.6153846153846154, 0.5869565217391305, 0.0, 0.0, 0.4284859369179487, 0.42847177654105895, 0.6139599210217623, 0.38386557293161105, 0.30094073287078316, 0.30094073287078316, 0.6349223405122757, 0.0, 0.0, 0.0, 0.44582810699939723, 0.38633185625076294, 0.37450310587882996, 0.644853413105011, 0.644853413105011, 0.041349682956933975, 0.6031746031746031, 0.04101623594760895, 0.8, 0.03557876497507095, 0.09500769898295403]
[0.4642857142857143, 0.5, 0.3333333333333333, 0.42424242424242425, 0.6153846153846154, 0.5869565217391305, 0.11338026821613312, 0.11326941847801208, 0.39585679302252047, 0.39584155565921936, 0.5925098162992051, 0.40517205667262735, 0.35697403763021746, 0.35697403763021746, 0.6138636618852615, 0.0, 0.0, 0.0, 0.4349981069564819, 0.3728117048740387, 0.35920506715774536, 0.626947820186615, 0.626947820186615, 0.041194234043359756, 0.5576300767679063, 0.041101548820734024, 0.7869461451678775, 0.0352751687169075, 0.11640814132988453]
[0.4642857142857143, 0.5, 0.3333333333333333, 0.42424242424242425, 0.6153846153846154, 0.5869565217391305, 0.28171366453170776, 0.28147491812705994, 0.3240198505540195, 0.3240025617880301, 0.5329479945549318, 0.46444052783248024, 0.3671635474477496, 0.3671635474477496, 0.6275644451379776, 0.0, 0.0, 0.0, 0.434056892991066, 0.37442266941070557, 0.3589187264442444, 0.628415048122406, 0.628415048122406, 0.0, 0.5, 0.0, 0.6976744186046512, 0.03342914581298828, 0.10084918700158596]
[0.4642857142857143, 0.5, 0.3333333333333333, 0.42424242424242425, 0.6153846153846154, 0.5869565217391305, 0.0669344887137413, 0.06674552708864212, 0.3847356261988215, 0.38471996715830115, 0.46022109091851726, 0.5356288466872444, 0.33465513161250526, 0.33465513161250526, 0.6542974263429642, 0.0, 0.0, 0.0, 0.49677044451236724, 0.3552229404449463, 0.3474023938179016, 0.7206661105155945, 0.7206661105155945, 0.05164852365851402, 0.5082208656129382, 0.05245108902454376, 0.7444508646636508, 0.034074585884809494, 0.0]
[0.4642857142857143, 0.5, 0.3333333333333333, 0.42424242424242425, 0.6153846153846154, 0.5869565217391305, 0.0, 0.0, 0.39639067057213867, 0.3963772110911674, 0.4263262600561401, 0.5695099174811731, 0.3289996087551117, 0.3289996087551117, 0.654239684343338, 0.0, 0.0, 0.0, 0.4924185216426849, 0.35843707621097565, 0.35217373073101044, 0.7157789468765259, 0.7157789468765259, 0.04989360272884369, 0.562019675023972, 0.05027053505182266, 0.7662822574723599, 0.03778735548257828, 0.0]
[0.4642857142857143, 0.5, 0.3333333333333333, 0.42424242424242425, 0.6153846153846154, 0.5869565217391305, 0.0, 0.0, 0.39959991912768855, 0.39958657361353334, 0.4374173225453889, 0.5582809925399086, 0.32410948404244017, 0.32410948404244017, 0.6386920213699341, 0.0, 0.0, 0.0, 0.5030930817127227, 0.352882444858551, 0.34631457924842834, 0.7292601466178894, 0.7292601466178894, 0.04823782667517662, 0.5310802048160916, 0.048536546528339386, 0.7503187764695911, 0.03973769396543503, 0.0]
[0.4642857142857143, 0.5, 0.3333333333333333, 0.42424242424242425, 0.6153846153846154, 0.5869565217391305, 0.0, 0.0, 0.3941507211834705, 0.39413725030581764, 0.5025117315750847, 0.493515382938535, 0.31086682208946775, 0.31086682208946775, 0.6101326942443848, 0.0, 0.0, 0.0, 0.4781988203525543, 0.36891283094882965, 0.35941940546035767, 0.6959751844406128, 0.6959751844406128, 0.04578205570578575, 0.5818668036233811, 0.04583604261279106, 0.7799725819292457, 0.03683514893054962, 0.0]
[0.4642857142857143, 0.5, 0.3333333333333333, 0.42424242424242425, 0.6153846153846154, 0.5869565217391305, 0.0, 0.0, 0.39585906096215917, 0.39584557868782466, 0.5836501727824457, 0.41331402835558245, 0.30965748642172136, 0.30965748642172136, 0.5919609367847443, 0.0, 0.0, 0.0, 0.4496207296848297, 0.37115152180194855, 0.35672301054000854, 0.6506330370903015, 0.6506330370903015, 0.043364737182855606, 0.5745340604630728, 0.04334390163421631, 0.7936635596114536, 0.03322668746113777, 0.054201697930693626]
[0.4642857142857143, 0.5, 0.3333333333333333, 0.42424242424242425, 0.6153846153846154, 0.5869565217391305, 0.0, 0.0, 0.4047535384362332, 0.40474035247562035, 0.6320472524909171, 0.36612481454995527, 0.30596877847399034, 0.30596877847399034, 0.6292487978935242, 0.0, 0.0, 0.0, 0.2997601881623268, 0.4234076365828514, 0.41338353604078293, 0.43431320786476135, 0.43431320786476135, 0.040092963725328445, 0.6031746031746031, 0.04035539552569389, 0.8, 0.030222084373235703, 0.0986995454877615]
[0.4642857142857143, 0.5, 0.3333333333333333, 0.42424242424242425, 0.6153846153846154, 0.5869565217391305, 0.0, 0.0, 0.40827339785048883, 0.4082603828401, 0.6826480173472009, 0.31750075853071014, 0.29476619192532133, 0.29476619192532133, 0.6373465955257416, 0.0, 0.0, 0.0, 0.29810665398836134, 0.42993035912513733, 0.42076370120048523, 0.4278217852115631, 0.4278217852115631, 0.03474215418100357, 0.6031746031746031, 0.03534162417054176, 0.8, 0.02848087064921856, 0.13261111453175545]
[0.4642857142857143, 0.5, 0.3333333333333333, 0.42424242424242425, 0.6153846153846154, 0.5869565217391305, 0.0, 0.0, 0.40321617737326976, 0.4032029800159753, 0.6856104365726274, 0.3147184410646308, 0.29594305370535173, 0.29594305370535173, 0.6431187689304352, 0.0, 0.0, 0.0, 0.21552802622318268, 0.43777313083410263, 0.43149038404226303, 0.3093581199645996, 0.3093581199645996, 0.03217463567852974, 0.6031746031746031, 0.03278086706995964, 0.8, 0.027842851355671883, 0.1462873164564371]
[0.4642857142857143, 0.5, 0.3333333333333333, 0.42424242424242425, 0.6153846153846154, 0.5869565217391305, 0.0, 0.0, 0.39721103790385315, 0.39719769238969793, 0.6680748640465235, 0.3317823049392522, 0.31486769872052334, 0.31486769872052334, 0.6382837742567062, 0.0, 0.0, 0.0, 0.25377618968486787, 0.4297998622059822, 0.4214678555727005, 0.3671182692050934, 0.3671182692050934, 0.03101089410483837, 0.6031746031746031, 0.031603336334228516, 0.8, 0.02712109684944153, 0.15022004023194313]
[0.4642857142857143, 0.5, 0.3333333333333333, 0.42424242424242425, 0.6153846153846154, 0.5869565217391305, 0.0, 0.0, 0.40211805011756563, 0.4021049325370424, 0.619683790389256, 0.37874219471769577, 0.3303369453975133, 0.3303369453975133, 0.6178105622529984, 0.0, 0.0, 0.0, 0.24521107375621795, 0.4273521974682808, 0.4189474433660507, 0.3602164685726166, 0.3602164685726166, 0.030686309561133385, 0.6031746031746031, 0.031216083094477654, 0.8, 0.025772633031010628, 0.1390297058969736]
[0.4642857142857143, 0.5, 0.3333333333333333, 0.42424242424242425, 0.6153846153846154, 0.5869565217391305, 0.0, 0.0, 0.4028188434659181, 0.40280572588539487, 0.587368248981454, 0.4102201598045653, 0.3305363442216601, 0.3305363442216601, 0.6139890253543854, 0.0, 0.0, 0.0, 0.24754090011119842, 0.4306362420320511, 0.4209904745221138, 0.3628928065299988, 0.3628928065299988, 0.030520977452397346, 0.6031746031746031, 0.03107939288020134, 0.8, 0.024545487016439438, 0.11465543881058693]
[0.4642857142857143, 0.5, 0.3333333333333333, 0.42424242424242425, 0.6153846153846154, 0.5869565217391305, 0.21234647929668427, 0.211855947971344, 0.36383736019608626, 0.3638243679790606, 0.5439877862228262, 0.45278177383930185, 0.3613287955522537, 0.3613287955522537, 0.6599745452404022, 0.0, 0.0, 0.0, 0.15136740282177924, 0.45772990211844444, 0.45106545090675354, 0.2215004563331604, 0.2215004563331604, 0.03078877180814743, 0.6031746031746031, 0.03125905618071556, 0.8, 0.02304031327366829, 0.07977375760674477]
[0.4642857142857143, 0.5, 0.3333333333333333, 0.42424242424242425, 0.6153846153846154, 0.5869565217391305, 0.503386378288269, 0.5019063949584961, 0.2876778615364381, 0.28766261277645544, 0.5345227395827182, 0.463377114868934, 0.39746041808809557, 0.39746041808809557, 0.6634550392627716, 0.0, 0.0, 0.0, 0.14415974766016004, 0.4595617465674877, 0.4532727412879467, 0.21071015298366547, 0.21071015298366547, 0.032372958958148956, 0.6031746031746031, 0.032617948949337006, 0.8, 0.023123525083065033, 0.06573555059731007]
[0.4642857142857143, 0.5, 0.3333333333333333, 0.42424242424242425, 0.6153846153846154, 0.5869565217391305, 0.14064155519008636, 0.1403021514415741, 0.37236053948192704, 0.37234776380185186, 0.43316283873344696, 0.5626763404048829, 0.3301610691206796, 0.3301610691206796, 0.7228774130344391, 0.0, 0.0, 0.0, 0.20525609552860258, 0.4549891762435436, 0.4486958011984825, 0.30512499809265137, 0.30512499809265137, 0.04013101011514664, 0.6031746031746031, 0.040201008319854736, 0.8, 0.02310183458030224, 0.0]
[0.4642857142857143, 0.5, 0.3333333333333333, 0.42424242424242425, 0.6153846153846154, 0.5869565217391305, 0.07798058539628983, 0.07763055711984634, 0.3797435035669097, 0.37973094442378497, 0.3997161994700678, 0.5963564677579859, 0.3166754437344415, 0.3166754437344415, 0.7206172943115234, 0.0, 0.0, 0.0, 0.2276255890727043, 0.44720568507909775, 0.4403890147805214, 0.33541643619537354, 0.33541643619537354, 0.04069870710372925, 0.6031746031746031, 0.040881283581256866, 0.8, 0.02379685640335083, 0.0]
[0.4642857142857143, 0.5, 0.3333333333333333, 0.42424242424242425, 0.6153846153846154, 0.5869565217391305, 0.062046248465776443, 0.06151141598820686, 0.38249331769706185, 0.38248082693402674, 0.38066252057456607, 0.615621691857373, 0.3085443377494812, 0.3085443377494812, 0.7192686200141907, 0.0, 0.0, 0.0, 0.2460262209177017, 0.4472174867987633, 0.4416021518409252, 0.36505967378616333, 0.36505967378616333, 0.040083833038806915, 0.6031746031746031, 0.04030349478125572, 0.8, 0.02398700639605522, 0.0]
[0.4642857142857143, 0.5, 0.3333333333333333, 0.42424242424242425, 0.6153846153846154, 0.5869565217391305, 0.050633277744054794, 0.05008260905742645, 0.3805935478575143, 0.38058105709447915, 0.3702324827132216, 0.6263772018502315, 0.2966683464390891, 0.2966683464390891, 0.7147775292396545, 0.0, 0.0, 0.0, 0.23460511714220045, 0.4468971788883209, 0.44254009053111076, 0.3459225296974182, 0.3459225296974182, 0.039977021515369415, 0.6031746031746031, 0.04017847031354904, 0.8, 0.024059083312749863, 0.0]
[0.4642857142857143, 0.5, 0.3333333333333333, 0.42424242424242425, 0.6153846153846154, 0.5869565217391305, 0.050406116992235184, 0.04984356090426445, 0.3797748102512688, 0.37976225110814404, 0.36684402133948946, 0.6298269431809344, 0.29375747910567696, 0.29375747910567696, 0.7146923989057541, 0.0, 0.0, 0.0, 0.2286162972450256, 0.44768884032964706, 0.44372179359197617, 0.33722737431526184, 0.33722737431526184, 0.0398787185549736, 0.6031746031746031, 0.04007468372583389, 0.8, 0.02402445115149021, 0.0]
[0.4642857142857143, 0.5, 0.3333333333333333, 0.42424242424242425, 0.6153846153846154, 0.5869565217391305, 0.06182311102747917, 0.060656048357486725, 0.3743295555588848, 0.3743168026721728, 0.3559802827598032, 0.6409184330457433, 0.27887336909770966, 0.27887336909770966, 0.7336414158344269, 0.0, 0.0, 0.0, 0.14039892330765724, 0.4666096605360508, 0.4661867506802082, 0.2098921686410904, 0.2098921686410904, 0.037287551909685135, 0.6031746031746031, 0.03717369958758354, 0.8, 0.024009685963392258, 0.0]
[0.4642857142857143, 0.5, 0.3333333333333333, 0.42424242424242425, 0.6153846153846154, 0.5869565217391305, 0.0723809078335762, 0.07104285061359406, 0.37003610649254765, 0.3700232624323828, 0.35606721664705876, 0.6408848698184271, 0.2762475716216224, 0.2762475716216224, 0.7326144725084305, 0.0, 0.0, 0.0, 0.1300060473382473, 0.46694236621260643, 0.4668099321424961, 0.19568905234336853, 0.19568905234336853, 0.0366445854306221, 0.6031746031746031, 0.03641542047262192, 0.8, 0.024113059043884277, 0.0]
[0.4642857142857143, 0.5, 0.3333333333333333, 0.42424242424242425, 0.6153846153846154, 0.5869565217391305, 0.14549687504768372, 0.14420098066329956, 0.3411941482733586, 0.3411803696853025, 0.3661383502114115, 0.6311531693205501, 0.2572083792516164, 0.2572083792516164, 0.7115319073200226, 0.0, 0.0, 0.0, 0.11833068728446959, 0.46736564114689827, 0.4684780649840832, 0.178725928068161, 0.178725928068161, 0.03605653718113899, 0.6031746031746031, 0.0353500172495842, 0.8, 0.025246351957321167, 0.0]
[0.4642857142857143, 0.5, 0.3333333333333333, 0.42424242424242425, 0.6153846153846154, 0.5869565217391305, 0.16209445893764496, 0.16088402271270752, 0.33067789451569946, 0.3306638652006481, 0.3707757511284794, 0.6267490413808408, 0.24670257100037168, 0.24670257100037168, 0.7036540061235428, 0.0, 0.0, 0.0, 0.1136303074657917, 0.4673646613955498, 0.46888007409870625, 0.17008140683174133, 0.17008140683174133, 0.036299534142017365, 0.6031746031746031, 0.035394418984651566, 0.8, 0.025424186140298843, 0.0]
[0.4642857142857143, 0.5, 0.3333333333333333, 0.42424242424242425, 0.6153846153846154, 0.5869565217391305, 0.16342061758041382, 0.16219644248485565, 0.3289345783211761, 0.32892044643599033, 0.37075341363254055, 0.6268296444114667, 0.24633167045457025, 0.24633167045457025, 0.7025071978569031, 0.0, 0.0, 0.0, 0.11390583738684654, 0.46728381887078285, 0.46884373016655445, 0.17055708169937134, 0.17055708169937134, 0.03637322038412094, 0.6031746031746031, 0.03543549031019211, 0.8, 0.025441527366638184, 0.0]
[0.4642857142857143, 0.5, 0.3333333333333333, 0.42424242424242425, 0.6153846153846154, 0.5869565217391305, 0.1677931547164917, 0.16663630306720734, 0.31764893458860555, 0.31763459756315093, 0.3714996113603931, 0.6264870031791203, 0.24438677089554925, 0.24438677089554925, 0.6943679600954056, 0.0, 0.0, 0.0, 0.12024585232138633, 0.46573540940880775, 0.46758100017905235, 0.18046100437641144, 0.18046100437641144, 0.03792109340429306, 0.6031746031746031, 0.03670341521501541, 0.8, 0.02537788823246956, 0.0]
[0.4642857142857143, 0.5, 0.3333333333333333, 0.42424242424242425, 0.6153846153846154, 0.5869565217391305, 0.21475248038768768, 0.21390339732170105, 0.3062657124681637, 0.30625110192235067, 0.37957606352082174, 0.6184478580559138, 0.23730119424206872, 0.23730119424206872, 0.6896007061004639, 0.0, 0.0, 0.0, 0.11747009828686714, 0.4655301086604595, 0.4673321731388569, 0.17511284351348877, 0.17511284351348877, 0.03839201480150223, 0.6031746031746031, 0.037023089826107025, 0.798423984196297, 0.02539019286632538, 0.0]
[0.4642857142857143, 0.5, 0.3333333333333333, 0.42424242424242425, 0.6153846153846154, 0.5869565217391305, 0.4649312198162079, 0.46421900391578674, 0.23525442539164027, 0.23523815093031347, 0.40315223059280425, 0.5966796548548388, 0.27476913162640165, 0.27476913162640165, 0.6455394476652145, 0.0, 0.0, 0.0, 0.1278170421719551, 0.45468709617853165, 0.455562949180603, 0.18589287996292114, 0.18589287996292114, 0.058046091347932816, 0.4767815634608269, 0.0, 0.6976744186046512, 0.028125006705522537, 0.0]
[0.4642857142857143, 0.5, 0.3333333333333333, 0.42424242424242425, 0.6153846153846154, 0.5869565217391305, 0.26582062244415283, 0.265419065952301, 0.29592883108222917, 0.295913969809421, 0.41207681809966923, 0.5861543806236921, 0.24864347917693003, 0.24864347917693003, 0.6807490289211273, 0.0, 0.0, 0.0, 0.11590709835290908, 0.4639057442545891, 0.46375496685504913, 0.17060703039169312, 0.17060703039169312, 0.055108681321144104, 0.5171318191384512, 0.05370189994573593, 0.7496441242306732, 0.028288695961236954, 0.0]
[0.4642857142857143, 0.5, 0.3333333333333333, 0.42424242424242425, 0.6153846153846154, 0.5869565217391305, 0.19331170618534088, 0.19281005859375, 0.3183247578075693, 0.3183105347489308, 0.43163147232500587, 0.5659456181315979, 0.2522979570286615, 0.2522979570286615, 0.6836268603801727, 0.0, 0.0, 0.0, 0.14807150065898894, 0.4634057283401489, 0.4607778266072273, 0.22200657427310944, 0.22200657427310944, 0.04908062145113945, 0.6031746031746031, 0.04815617576241493, 0.7914398961462253, 0.027948902919888496, 0.0]
[0.4642857142857143, 0.5, 0.3333333333333333, 0.42424242424242425, 0.6153846153846154, 0.5869565217391305, 0.18490201234817505, 0.18432512879371643, 0.32130842044750085, 0.3212942999589967, 0.43468178275894254, 0.5629010851029406, 0.25498430643762865, 0.25498430643762865, 0.6852077543735504, 0.0, 0.0, 0.0, 0.15352862551808355, 0.4621408134698868, 0.458931565284729, 0.23042626678943634, 0.23042626678943634, 0.04816880449652672, 0.6031746031746031, 0.0472748726606369, 0.7981673905322718, 0.02788621000945568, 0.0]
[0.4642857142857143, 0.5, 0.3333333333333333, 0.42424242424242425, 0.6153846153846154, 0.5869565217391305, 0.1333155483007431, 0.13281641900539398, 0.32506746771686623, 0.3250533130383172, 0.4960778544640906, 0.5009647440905275, 0.2644517166273935, 0.2644517166273935, 0.6590825319290161, 0.0, 0.0, 0.0, 0.21889047175645826, 0.44833656400442123, 0.44232838600873947, 0.32527872920036316, 0.32527872920036316, 0.04599443078041077, 0.539330398279523, 0.04540317505598068, 0.763038047697655, 0.02759087271988392, 0.0]
[0.4642857142857143, 0.5, 0.3333333333333333, 0.42424242424242425, 0.6153846153846154, 0.5869565217391305, 0.12925027310848236, 0.12875372171401978, 0.3281052304043597, 0.32809115550258194, 0.5487065565973577, 0.4486430803124303, 0.2857190796307155, 0.2857190796307155, 0.6386049687862396, 0.0, 0.0, 0.0, 0.21747833788394927, 0.44806618615984917, 0.44059328362345695, 0.32000604271888733, 0.32000604271888733, 0.046191390603780746, 0.5826635190418787, 0.04607686027884483, 0.7927021470873855, 0.027761396020650864, 0.0]
[0.4642857142857143, 0.5, 0.3333333333333333, 0.42424242424242425, 0.6153846153846154, 0.5869565217391305, 0.1238967701792717, 0.12306167185306549, 0.32090959357485943, 0.32089710281182426, 0.5878101097238223, 0.41029965165873505, 0.2874082752636501, 0.2874082752636501, 0.6336030513048172, 0.0, 0.0, 0.0, 0.18713123351335526, 0.44774600863456726, 0.4395815469324589, 0.27241140604019165, 0.27241140604019165, 0.04549788311123848, 0.5743581321504381, 0.045681536197662354, 0.7939674107487812, 0.02780240774154663, 0.056914547458291054]
[0.4642857142857143, 0.5, 0.3333333333333333, 0.42424242424242425, 0.6153846153846154, 0.5869565217391305, 0.11536019295454025, 0.11437847465276718, 0.31960574481956816, 0.31959332243662264, 0.6089792178648152, 0.3899929190178396, 0.2793920146567481, 0.2793920146567481, 0.628895029425621, 0.0, 0.0, 0.0, 0.22403844296932218, 0.43847087025642395, 0.42556701600551605, 0.31302642822265625, 0.31302642822265625, 0.044227104634046555, 0.574442808590238, 0.04476313665509224, 0.7992423741623413, 0.02722369320690632, 0.09218866005539894]
[0.4642857142857143, 0.5, 0.3333333333333333, 0.42424242424242425, 0.6153846153846154, 0.5869565217391305, 0.11538340896368027, 0.11410361528396606, 0.3023085794758842, 0.3022957923991274, 0.6739866305035798, 0.3277203908563293, 0.26900734220232286, 0.26900734220232286, 0.6249762624502182, 0.0, 0.0, 0.0, 0.2639669373631477, 0.416440986096859, 0.3998241424560547, 0.3659083843231201, 0.3659083843231201, 0.04385635256767273, 0.5664214425616794, 0.04515959322452545, 0.7968796018597691, 0.027252066880464554, 0.12255899608135223]
[0.4642857142857143, 0.5, 0.3333333333333333, 0.42424242424242425, 0.6153846153846154, 0.5869565217391305, 0.13650929927825928, 0.1344798058271408, 0.29866104873598875, 0.2986482160725056, 0.6733523937757795, 0.3287434709636882, 0.26550098189285826, 0.26550098189285826, 0.6279524713754654, 0.0, 0.0, 0.0, 0.2467451438307762, 0.4207319989800453, 0.4073141738772392, 0.34208083152770996, 0.34208083152770996, 0.04351779446005821, 0.5445531961463747, 0.04554354026913643, 0.7860028821715089, 0.027486298233270645, 0.12897142209112644]
[0.4642857142857143, 0.5, 0.3333333333333333, 0.42424242424242425, 0.6153846153846154, 0.5869565217391305, 0.14162090420722961, 0.13938213884830475, 0.2956477205338487, 0.2956349106637287, 0.6730195422929286, 0.3290771202142512, 0.25804038558687487, 0.25804038558687487, 0.6323591619729996, 0.0, 0.0, 0.0, 0.2571869820356369, 0.4201635867357254, 0.40625035017728806, 0.3571467697620392, 0.3571467697620392, 0.04387333244085312, 0.5200054134641374, 0.046007294207811356, 0.7805172592228236, 0.027716325595974922, 0.13200518675148487]
[0.4642857142857143, 0.5, 0.3333333333333333, 0.42424242424242425, 0.6153846153846154, 0.5869565217391305, 0.15226005017757416, 0.14996470510959625, 0.3048193368127652, 0.3048066409094612, 0.6465232148908976, 0.3544089346902498, 0.2539271754877908, 0.2539271754877908, 0.6374902278184891, 0.0, 0.0, 0.0, 0.3167826905846596, 0.4070054441690445, 0.3920816257596016, 0.44752436876296997, 0.44752436876296997, 0.04666651040315628, 0.48133339583873747, 0.04868820309638977, 0.7549038663679777, 0.029391855001449585, 0.13715031556785107]
[0.4642857142857143, 0.5, 0.3333333333333333, 0.42424242424242425, 0.6153846153846154, 0.5869565217391305, 0.15566569566726685, 0.15375246107578278, 0.3048514070747915, 0.30483866558476114, 0.6424664749014218, 0.35819892395016295, 0.24977809616497587, 0.24977809616497587, 0.6353878378868103, 0.0, 0.0, 0.0, 0.2661768302321434, 0.41288644820451736, 0.3996320068836212, 0.37502455711364746, 0.37502455711364746, 0.047265809029340744, 0.5254645721306876, 0.04928910359740257, 0.779882149640904, 0.029791180044412613, 0.13864503242075443]
[0.4642857142857143, 0.5, 0.3333333333333333, 0.42424242424242425, 0.6153846153846154, 0.5869565217391305, 0.33207395672798157, 0.33168157935142517, 0.26066829597516905, 0.260654574370521, 0.6216763520104024, 0.3792765053412148, 0.26021582739693777, 0.26021582739693777, 0.6179008632898331, 0.0, 0.0, 0.0, 0.29951468855142593, 0.39974378794431686, 0.38319168984889984, 0.42626991868019104, 0.42626991868019104, 0.0, 0.5, 0.0, 0.6976744186046512, 0.03183681145310402, 0.14269333332777023]
[0.4642857142857143, 0.5, 0.3333333333333333, 0.42424242424242425, 0.6153846153846154, 0.5869565217391305, 0.13683192431926727, 0.13578680157661438, 0.334822765043999, 0.33481073014822793, 0.6265356691116128, 0.37276078313937333, 0.2661705655711038, 0.2661705655711038, 0.6039511263370514, 0.0, 0.0, 0.0, 0.3695394158363342, 0.38569723069667816, 0.370918408036232, 0.529035210609436, 0.529035210609436, 0.05227948725223541, 0.49713556066391956, 0.05500680208206177, 0.7655988711603853, 0.03446762636303902, 0.1428698468953371]
[0.4642857142857143, 0.5, 0.3333333333333333, 0.42424242424242425, 0.6153846153846154, 0.5869565217391305, 0.06953263282775879, 0.06885187327861786, 0.35857956951936387, 0.3585681728377625, 0.6266766688563856, 0.3722138563893215, 0.2828653156757355, 0.2828653156757355, 0.5775529444217682, 0.0, 0.0, 0.0, 0.3422430634498596, 0.39569932222366333, 0.384102962911129, 0.49626046419143677, 0.49626046419143677, 0.04881788417696953, 0.5718096551441011, 0.05097926780581474, 0.7996490970253944, 0.036280807107686996, 0.13627860695123672]
[0.4642857142857143, 0.5, 0.3333333333333333, 0.42424242424242425, 0.6153846153846154, 0.5869565217391305, 0.02936643362045288, 0.029153473675251007, 0.3727372339988986, 0.37272407083164893, 0.6108741213213189, 0.3874461367704166, 0.29229539845670977, 0.29229539845670977, 0.5402483642101288, 0.0, 0.0, 0.0, 0.4487073868513107, 0.3670605421066284, 0.35321560502052307, 0.6460049152374268, 0.6460049152374268, 0.04606752470135689, 0.590464276926858, 0.04787898063659668, 0.8, 0.03609783574938774, 0.12958078645169735]
[0.4642857142857143, 0.5, 0.3333333333333333, 0.42424242424242425, 0.6153846153846154, 0.5869565217391305, 0.007917448878288269, 0.007923576049506664, 0.3883076311297444, 0.38829485544966924, 0.5962032186825462, 0.4015603912897315, 0.3195049720151084, 0.3195049720151084, 0.5158930569887161, 0.0, 0.0, 0.0, 0.5216462433338165, 0.3242342174053192, 0.30925676226615906, 0.7487680315971375, 0.7487680315971375, 0.044202372431755066, 0.4840959920769646, 0.0454823337495327, 0.7495150953357996, 0.038805220276117325, 0.09838985279202461]
[0.4642857142857143, 0.5, 0.3333333333333333, 0.42424242424242425, 0.6153846153846154, 0.5869565217391305, 0.0, 0.0, 0.39449042207196383, 0.3944777945487495, 0.5850581017324619, 0.4122884865649977, 0.31525136104651863, 0.31525136104651863, 0.5362298935651779, 0.0, 0.0, 0.0, 0.556863921880722, 0.30048324167728424, 0.284180611371994, 0.7993500232696533, 0.7993500232696533, 0.0, 0.5, 0.0, 0.6976744186046512, 0.04205188527703285, 0.04032245837152004]
[0.4642857142857143, 0.5, 0.3333333333333333, 0.42424242424242425, 0.6153846153846154, 0.5869565217391305, 0.0, 0.0, 0.39891989053321386, 0.3989073427867707, 0.5750892077987554, 0.4217128014650623, 0.3048142045736313, 0.3048142045736313, 0.5703909695148468, 0.0, 0.0, 0.0, 0.5778906673192977, 0.2910330444574356, 0.27770183980464935, 0.8310580253601074, 0.8310580253601074, 0.0, 0.5, 0.0, 0.6976744186046512, 0.046791572123765945, 0.0]
[0.4642857142857143, 0.5, 0.3333333333333333, 0.42424242424242425, 0.6153846153846154, 0.5869565217391305, 0.0, 0.0, 0.40567278337752155, 0.4056603951846208, 0.5652178922529202, 0.4312676311628262, 0.3055640416485923, 0.3055640416485923, 0.5820532143115997, 0.0, 0.0, 0.0, 0.5778186321258545, 0.3011888265609741, 0.2869741767644882, 0.8311600685119629, 0.8311600685119629, 0.04415446147322655, 0.49216371727368186, 0.04466839134693146, 0.7439897101112577, 0.049055375158786774, 0.0]
[0.4642857142857143, 0.5, 0.3333333333333333, 0.42424242424242425, 0.6153846153846154, 0.5869565217391305, 0.0, 0.0, 0.49067101406777563, 0.49066205627603693, 0.7591051745369147, 0.24816544465712742, 0.32984671848160885, 0.32984671848160885, 0.6593950390815735, 0.0, 0.0, 0.0, 0.5731090575456619, 0.304890513420105, 0.29009605944156647, 0.8325365781784058, 0.8325365781784058, 0.04414299875497818, 0.5181207950153048, 0.04413175210356712, 0.7504425570368767, 0.052350398153066635, 0.0]
[0.4642857142857143, 0.5, 0.3333333333333333, 0.42424242424242425, 0.6153846153846154, 0.5869565217391305, 0.0, 0.0, 0.4998795418945777, 0.4998708847014458, 0.7463655763556807, 0.26042271247962645, 0.3408833380256381, 0.3408833380256381, 0.6704809665679932, 0.0, 0.0, 0.0, 0.5576706200838089, 0.30987901985645294, 0.29994502663612366, 0.8163850903511047, 0.8163850903511047, 0.04654129594564438, 0.5113099591126518, 0.04542747884988785, 0.7458106995841791, 0.059331733733415604, 0.0]
[0.4642857142857143, 0.5, 0.3333333333333333, 0.42424242424242425, 0.6153846153846154, 0.5869565217391305, 0.0, 0.0, 0.5048308250410607, 0.5048223996880405, 0.7647297104275705, 0.2433805250934109, 0.34425359751497, 0.34425359751497, 0.6752731800079346, 0.0, 0.0, 0.0, 0.5514734864234924, 0.3188927173614502, 0.3131139576435089, 0.8077913522720337, 0.8077913522720337, 0.04738267511129379, 0.5063222329767924, 0.04581728205084801, 0.7437477436263201, 0.06072517856955528, 0.0]
[0.4642857142857143, 0.5, 0.3333333333333333, 0.42424242424242425, 0.6153846153846154, 0.5869565217391305, 0.0, 0.0, 0.506566054221549, 0.5065576812220349, 0.750233359364205, 0.2571917532456258, 0.3479773657662528, 0.3479773657662528, 0.6891999393701553, 0.0, 0.0, 0.0, 0.5446724086999892, 0.32901526987552643, 0.32529501616954803, 0.7975332736968994, 0.7975332736968994, 0.04885304719209671, 0.5492816184248243, 0.04672112688422203, 0.7643578669359518, 0.06108095124363899, 0.0]
[0.4642857142857143, 0.5, 0.3333333333333333, 0.42424242424242425, 0.6153846153846154, 0.5869565217391305, 0.0, 0.0, 0.42739277861542274, 0.42738147880561494, 0.6288280204422844, 0.37112574681674493, 0.36610486251967295, 0.36610486251967295, 0.6945679187774658, 0.0, 0.0, 0.0, 0.560964024066925, 0.3016378581523895, 0.3005042225122452, 0.8139811158180237, 0.8139811158180237, 0.0, 0.5, 0.0, 0.6976744186046512, 0.06130332127213478, 0.0]
[0.4642857142857143, 0.5, 0.3333333333333333, 0.42424242424242425, 0.6153846153846154, 0.5869565217391305, 0.18146857619285583, 0.18084563314914703, 0.3500799015876668, 0.3500653480252618, 0.4704003448012226, 0.5257053557084528, 0.32851717301777433, 0.32851717301777433, 0.6406734883785248, 0.0, 0.0, 0.0, 0.558434697985649, 0.28405463695526123, 0.2837653011083603, 0.8068239092826843, 0.8068239092826843, 0.0, 0.5, 0.0, 0.6976744186046512, 0.06184276193380356, 0.0]
[0.4642857142857143, 0.5, 0.3333333333333333, 0.42424242424242425, 0.6153846153846154, 0.5869565217391305, 0.04588881880044937, 0.045534972101449966, 0.37310288513139833, 0.37308901536988937, 0.46108011579422375, 0.5346500241682994, 0.31057688806738176, 0.31057688806738176, 0.6331211030483246, 0.0, 0.0, 0.0, 0.5663644105195998, 0.2844700813293457, 0.28245988488197327, 0.8182184100151062, 0.8182184100151062, 0.056516729295253754, 0.4773933082818985, 0.0, 0.6976744186046512, 0.061148978769779205, 0.0]
[0.4642857142857143, 0.5, 0.3333333333333333, 0.42424242424242425, 0.6153846153846154, 0.5869565217391305, 0.008203531615436077, 0.00821908749639988, 0.3764228752420692, 0.37640913084405786, 0.45259904439772974, 0.5430918254491653, 0.3022212854453496, 0.3022212854453496, 0.6301929652690887, 0.0, 0.0, 0.0, 0.5755989342927932, 0.2741330564022064, 0.2713610380887985, 0.8295428156852722, 0.8295428156852722, 0.0, 0.5, 0.0, 0.6976744186046512, 0.060419145971536636, 0.0]
[0.4642857142857143, 0.5, 0.3333333333333333, 0.42424242424242425, 0.6153846153846154, 0.5869565217391305, 0.0, 0.0, 0.3792562840317677, 0.3792425852204828, 0.44007433919560157, 0.5556307499870903, 0.29190572244780405, 0.29190572244780405, 0.6335197687149048, 0.0, 0.0, 0.0, 0.5735280632972717, 0.29052941501140594, 0.29206301271915436, 0.8279452323913574, 0.8279452323913574, 0.05242116004228592, 0.4790315359830856, 0.0, 0.6976744186046512, 0.05947673320770264, 0.0]
[0.4642857142857143, 0.5, 0.3333333333333333, 0.42424242424242425, 0.6153846153846154, 0.5869565217391305, 0.0, 0.0, 0.3810325936195271, 0.38101896318833184, 0.43810258221671866, 0.5575912365215407, 0.28886588556425913, 0.28886588556425913, 0.6342345625162125, 0.0, 0.0, 0.0, 0.5729911059141158, 0.28776225447654724, 0.289029061794281, 0.8272404074668884, 0.8272404074668884, 0.05125153809785843, 0.4932726593244643, 0.05035790801048279, 0.736543707289668, 0.05897397920489311, 0.0]
[0.4642857142857143, 0.5, 0.3333333333333333, 0.42424242424242425, 0.6153846153846154, 0.5869565217391305, 0.0, 0.0, 0.3884399238097736, 0.38842655550225513, 0.43022876305516317, 0.5654768861508912, 0.28740588043417253, 0.28740588043417253, 0.6411129832267761, 0.0, 0.0, 0.0, 0.5735704541206359, 0.2949015945196152, 0.29752217233181, 0.8280722498893738, 0.8280722498893738, 0.04997456818819046, 0.49577380740453325, 0.04927211254835129, 0.7400836704602075, 0.05801736190915108, 0.0]
[0.4642857142857143, 0.5, 0.3333333333333333, 0.42424242424242425, 0.6153846153846154, 0.5869565217391305, 0.0, 0.0, 0.3875367026028168, 0.38752326591520875, 0.4137210515443499, 0.5820934124653421, 0.2862041656460081, 0.2862041656460081, 0.6463658064603806, 0.0, 0.0, 0.0, 0.5743308395147323, 0.2931615263223648, 0.2963767647743225, 0.8291122913360596, 0.8291122913360596, 0.049095310270786285, 0.4827053707743448, 0.0, 0.6976744186046512, 0.05706026032567024, 0.0]
[0.4642857142857143, 0.5, 0.3333333333333333, 0.42424242424242425, 0.6153846153846154, 0.5869565217391305, 0.0, 0.0, 0.38266835932977794, 0.38265474029526425, 0.40821314359486216, 0.5876535912949947, 0.2776911641870226, 0.2776911641870226, 0.649466797709465, 0.0, 0.0, 0.0, 0.5755291104316711, 0.2901158481836319, 0.2945415526628494, 0.8307327628135681, 0.8307327628135681, 0.0484856478869915, 0.4806057408452034, 0.0, 0.6976744186046512, 0.056087858974933624, 0.0]
[0.4642857142857143, 0.5, 0.3333333333333333, 0.42424242424242425, 0.6153846153846154, 0.5869565217391305, 0.0, 0.0, 0.37853193374254507, 0.37851817794785214, 0.4089762198081664, 0.5869190181823757, 0.2692381399018424, 0.2692381399018424, 0.6501173973083496, 0.0, 0.0, 0.0, 0.5747947603464126, 0.28906476497650146, 0.29408499598503113, 0.8297653794288635, 0.8297653794288635, 0.04860749468207359, 0.48055700212717056, 0.0, 0.6976744186046512, 0.05556311085820198, 0.0]
[0.4642857142857143, 0.5, 0.3333333333333333, 0.42424242424242425, 0.6153846153846154, 0.5869565217391305, 0.0, 0.0, 0.375418246362223, 0.3754043538073509, 0.4042623813475979, 0.5917049406540731, 0.2687714248895645, 0.2687714248895645, 0.653280571103096, 0.0, 0.0, 0.0, 0.5750856757164001, 0.2898176610469818, 0.2971030920743942, 0.830535352230072, 0.830535352230072, 0.048674579709768295, 0.49984001498373726, 0.04845573008060455, 0.7463339724859526, 0.05639002472162247, 0.0]
[0.4642857142857143, 0.5, 0.3333333333333333, 0.42424242424242425, 0.6153846153846154, 0.5869565217391305, 0.0, 0.0, 0.35900449479287255, 0.3589900779906468, 0.371231185318635, 0.6253134127961923, 0.2838790310280664, 0.2838790310280664, 0.6384961903095245, 0.0, 0.0, 0.0, 0.5750298917293548, 0.2900667190551758, 0.2986475080251694, 0.8315633535385132, 0.8315633535385132, 0.047491274774074554, 0.4957235337249816, 0.04733824357390404, 0.7492712620905666, 0.05733621492981911, 0.0]
[0.4642857142857143, 0.5, 0.3333333333333333, 0.42424242424242425, 0.6153846153846154, 0.5869565217391305, 0.0, 0.0, 0.3520464787747618, 0.3520319707990832, 0.327224221329844, 0.67073158228096, 0.2639255034072059, 0.2639255034072059, 0.6144746541976929, 0.0, 0.0, 0.0, 0.5750300168991088, 0.2776935398578644, 0.29593025147914886, 0.8321756720542908, 0.8321756720542908, 0.0, 0.5, 0.0, 0.6976744186046512, 0.056313034147024155, 0.0]
[0.4642857142857143, 0.5, 0.3333333333333333, 0.42424242424242425, 0.6153846153846154, 0.5869565217391305, 0.0, 0.0, 0.34914603470388383, 0.34913140136470755, 0.3159306683002421, 0.6825097336089355, 0.2568477179322924, 0.2568477179322924, 0.6067370474338531, 0.0, 0.0, 0.0, 0.5734634548425674, 0.2719928026199341, 0.2933265268802643, 0.830600380897522, 0.830600380897522, 0.04679476097226143, 0.4812820956110954, 0.0, 0.6976744186046512, 0.054479941725730896, 0.0]
[0.4642857142857143, 0.5, 0.3333333333333333, 0.42424242424242425, 0.6153846153846154, 0.5869565217391305, 0.0, 0.0, 0.36152856345386397, 0.361514351791907, 0.31296424883957347, 0.6855879089293876, 0.25629918490137377, 0.25629918490137377, 0.6209864616394043, 0.0, 0.0, 0.0, 0.570510846376419, 0.2760191708803177, 0.2949718087911606, 0.8262022733688354, 0.8262022733688354, 0.04609571397304535, 0.5179234728926704, 0.046804577112197876, 0.754925248234771, 0.0524093359708786, 0.0]
[0.4642857142857143, 0.5, 0.3333333333333333, 0.42424242424242425, 0.6153846153846154, 0.5869565217391305, 0.0, 0.0, 0.3750155788078819, 0.37500178882314417, 0.3352292618833582, 0.6623837181481936, 0.2613450586795807, 0.2613450586795807, 0.6388648301362991, 0.0, 0.0, 0.0, 0.5697349190711974, 0.28544652462005615, 0.30156561732292175, 0.825557291507721, 0.825557291507721, 0.04471926391124725, 0.5507589148150549, 0.04530896991491318, 0.7698368675313717, 0.05191245675086975, 0.0]
[0.4642857142857143, 0.5, 0.3333333333333333, 0.42424242424242425, 0.6153846153846154, 0.5869565217391305, 0.0, 0.0, 0.38507148640561517, 0.38505803832132546, 0.3826478225095322, 0.6139206972399766, 0.2726047592503684, 0.2726047592503684, 0.6584177017211914, 0.0, 0.0, 0.0, 0.568040245771408, 0.2882355600595474, 0.2979266196489334, 0.8227516412734985, 0.8227516412734985, 0.04407567158341408, 0.5123625960614946, 0.04443126544356346, 0.7482732070046803, 0.053621139377355576, 0.0]
[0.4642857142857143, 0.5, 0.3333333333333333, 0.42424242424242425, 0.6153846153846154, 0.5869565217391305, 0.0, 0.0, 0.38538658185853103, 0.3853731109808781, 0.4078353208064121, 0.5882815854904478, 0.27296377079827444, 0.27296377079827444, 0.6577344387769699, 0.0, 0.0, 0.0, 0.566231980919838, 0.2919120788574219, 0.29777395725250244, 0.8189296722412109, 0.8189296722412109, 0.0, 0.5, 0.0, 0.6976744186046512, 0.05405488610267639, 0.0]
[0.4642857142857143, 0.5, 0.3333333333333333, 0.42424242424242425, 0.6153846153846154, 0.5869565217391305, 0.0, 0.0, 0.39452016741094353, 0.3945070612271019, 0.4461491294846252, 0.5498085633895314, 0.2680213430098125, 0.2680213430098125, 0.6631395518779755, 0.0, 0.0, 0.0, 0.5625079303979873, 0.2982032299041748, 0.30079062283039093, 0.8136471509933472, 0.8136471509933472, 0.04560788720846176, 0.4817568451166153, 0.0, 0.6976744186046512, 0.05423832684755325, 0.0]
[0.4642857142857143, 0.5, 0.3333333333333333, 0.42424242424242425, 0.6153846153846154, 0.5869565217391305, 0.0, 0.0, 0.39466242079069236, 0.3946492804168059, 0.47143533444085495, 0.524262074252109, 0.26573400412287035, 0.26573400412287035, 0.6609356254339218, 0.0, 0.0, 0.0, 0.5614200174808501, 0.2955983281135559, 0.2952129542827606, 0.8118478655815125, 0.8118478655815125, 0.04638570919632912, 0.4814457163214684, 0.0, 0.6976744186046512, 0.0556526780128479, 0.0]
[0.4642857142857143, 0.5, 0.3333333333333333, 0.42424242424242425, 0.6153846153846154, 0.5869565217391305, 0.2448047399520874, 0.244504913687706, 0.32577319582835207, 0.32575802684514066, 0.5027858840932011, 0.4940923855313329, 0.26089811963694437, 0.26089811963694437, 0.6585570275783539, 0.0, 0.0, 0.0, 0.5722739875316619, 0.2857693284749985, 0.28071634471416473, 0.821941077709198, 0.821941077709198, 0.0, 0.5, 0.0, 0.6976744186046512, 0.05673719942569733, 0.0]
[0.4642857142857143, 0.5, 0.3333333333333333, 0.42424242424242425, 0.6153846153846154, 0.5869565217391305, 0.06744056940078735, 0.0672294870018959, 0.3621966141359756, 0.36219340027176394, 0.5368307129146948, 0.4595289740411497, 0.2892150304147176, 0.2892150304147176, 0.6318858563899994, 0.0, 0.0, 0.0, 0.5764130383729934, 0.2758542597293854, 0.2715643644332886, 0.8266913294792175, 0.8266913294792175, 0.05211387947201729, 0.4791544482111931, 0.05115184932947159, 0.7390542098775853, 0.0577564463019371, 0.04002194385975599]
[0.4642857142857143, 0.5, 0.3333333333333333, 0.42424242424242425, 0.6153846153846154, 0.5869565217391305, 0.0, 0.0, 0.3873047801322281, 0.3873023868290918, 0.5657293183397837, 0.4308608949931534, 0.2712115858282362, 0.2712115858282362, 0.6258008480072021, 0.0, 0.0, 0.0, 0.5788356781005859, 0.2827349752187729, 0.2734702080488205, 0.8291448950767517, 0.8291448950767517, 0.05035123974084854, 0.5464677115281422, 0.04945913329720497, 0.7819104987348235, 0.05813096836209297, 0.03285320941358805]
[0.4642857142857143, 0.5, 0.3333333333333333, 0.42424242424242425, 0.6153846153846154, 0.5869565217391305, 0.0, 0.0, 0.39148486640667596, 0.39148260986371886, 0.5729209492357009, 0.4237439864401557, 0.2631388498204095, 0.2631388498204095, 0.6209660321474075, 0.0, 0.0, 0.0, 0.5694657832384109, 0.2902422696352005, 0.28004592657089233, 0.8162910342216492, 0.8162910342216492, 0.04835343360900879, 0.5302287217170473, 0.04770895838737488, 0.7739335138264091, 0.05792258679866791, 0.041290586814284325]
[0.4642857142857143, 0.5, 0.3333333333333333, 0.42424242424242425, 0.6153846153846154, 0.5869565217391305, 0.0, 0.0, 0.3966384800168798, 0.3966364058208283, 0.5635502728175934, 0.43286691609527095, 0.24665305657046183, 0.24665305657046183, 0.619366779923439, 0.0, 0.0, 0.0, 0.5673096090555191, 0.295553520321846, 0.2835390567779541, 0.8137256503105164, 0.8137256503105164, 0.046338267624378204, 0.520383926611098, 0.046076152473688126, 0.764699943017128, 0.05544270575046539, 0.02566711511462927]
[0.4642857142857143, 0.5, 0.3333333333333333, 0.42424242424242425, 0.6153846153846154, 0.5869565217391305, 0.0, 0.0, 0.39993917554559943, 0.3999372381097272, 0.543033165981847, 0.45305046200473675, 0.24430631526878904, 0.24430631526878904, 0.6306991577148438, 0.0, 0.0, 0.0, 0.5618631392717361, 0.29751595854759216, 0.2876853793859482, 0.8081548810005188, 0.8081548810005188, 0.04500821605324745, 0.5289069768928346, 0.04482400044798851, 0.7677854077760563, 0.0533309206366539, 0.0]
[0.4642857142857143, 0.5, 0.3333333333333333, 0.42424242424242425, 0.6153846153846154, 0.5869565217391305, 0.0, 0.0, 0.39820061176730387, 0.39819860595134204, 0.5303369264757656, 0.4656708850864648, 0.24269358388015203, 0.24269358388015203, 0.6392039209604263, 0.0, 0.0, 0.0, 0.5513709098100662, 0.30857405066490173, 0.30028335750102997, 0.7935208082199097, 0.7935208082199097, 0.04409844055771828, 0.5283531267491598, 0.04390352591872215, 0.767266166851271, 0.0500466413795948, 0.0]
[0.4642857142857143, 0.5, 0.3333333333333333, 0.42424242424242425, 0.6153846153846154, 0.5869565217391305, 0.47128257155418396, 0.47041055560112, 0.26739347778816297, 0.2673873235800982, 0.5161598406261969, 0.4819827218305946, 0.271353583250727, 0.271353583250727, 0.6413120627403259, 0.0, 0.0, 0.0, 0.5281375050544739, 0.2981889843940735, 0.2894238978624344, 0.7557655572891235, 0.7557655572891235, 0.0, 0.5, 0.10157989710569382, 0.6132758997900541, 0.04818248003721237, 0.01923756906762719]
[0.4642857142857143, 0.5, 0.3333333333333333, 0.42424242424242425, 0.6153846153846154, 0.5869565217391305, 0.03298397362232208, 0.03286680579185486, 0.37444623478512007, 0.37444344259812773, 0.566644933437982, 0.4301587226463271, 0.28891542128154213, 0.28891542128154213, 0.5904756933450699, 0.0, 0.0, 0.0, 0.5599255114793777, 0.29084329307079315, 0.28007933497428894, 0.8027229309082031, 0.8027229309082031, 0.0, 0.5, 0.0, 0.6976744186046512, 0.048486750572919846, 0.0533386692404747]
[0.4642857142857143, 0.5, 0.3333333333333333, 0.42424242424242425, 0.6153846153846154, 0.5869565217391305, 0.0, 0.0, 0.38344483804064544, 0.3834423079773299, 0.594751942454059, 0.4024598401950782, 0.28145349451473783, 0.28145349451473783, 0.5826879590749741, 0.0, 0.0, 0.0, 0.553369015455246, 0.2967017590999603, 0.28528349101543427, 0.7914235591888428, 0.7914235591888428, 0.0, 0.5, 0.0, 0.6976744186046512, 0.0502462163567543, 0.1208207942545414]
[0.4642857142857143, 0.5, 0.3333333333333333, 0.42424242424242425, 0.6153846153846154, 0.5869565217391305, 0.0, 0.0, 0.38666264550407803, 0.38666022940757855, 0.6201766284884276, 0.37750065162071944, 0.26931831879275187, 0.26931831879275187, 0.5826055109500885, 0.0, 0.0, 0.0, 0.5494461119174957, 0.3065200299024582, 0.2938736826181412, 0.7834148406982422, 0.7834148406982422, 0.04845845699310303, 0.4806166172027588, 0.04904826357960701, 0.7409567342594613, 0.0533120296895504, 0.1569029875099659]
[0.4642857142857143, 0.5, 0.3333333333333333, 0.42424242424242425, 0.6153846153846154, 0.5869565217391305, 0.0, 0.0, 0.3869611701819454, 0.3869535116119093, 0.6374422364207573, 0.3608598439638241, 0.2499518543481827, 0.2499518543481827, 0.5879331678152084, 0.0, 0.0, 0.0, 0.5483023941516876, 0.31124846637248993, 0.2987721264362335, 0.7810235023498535, 0.7810235023498535, 0.046955350786447525, 0.49084120373877266, 0.04749702289700508, 0.7628612883042458, 0.0553375743329525, 0.16853010281920433]
[0.4642857142857143, 0.5, 0.3333333333333333, 0.42424242424242425, 0.6153846153846154, 0.5869565217391305, 0.0, 0.0, 0.3926835351874678, 0.39267610455106366, 0.6238133551741649, 0.37428846272131633, 0.24469906730311258, 0.24469906730311258, 0.5871327519416809, 0.0, 0.0, 0.0, 0.5405943781137466, 0.3170504719018936, 0.30605489015579224, 0.7707598805427551, 0.7707598805427551, 0.045281969010829926, 0.5292214150466616, 0.0457649901509285, 0.7787949743485728, 0.055823422968387604, 0.17337307333946228]
[0.4642857142857143, 0.5, 0.3333333333333333, 0.42424242424242425, 0.6153846153846154, 0.5869565217391305, 0.0, 0.0, 0.3958029437019538, 0.39579560423900245, 0.5783913621027201, 0.4185898941693247, 0.24687044322490695, 0.24687044322490695, 0.6027106791734695, 0.0, 0.0, 0.0, 0.5345711886882781, 0.32192540168762207, 0.3113771677017212, 0.7682289481163025, 0.7682289481163025, 0.043670132756233215, 0.5443054584283677, 0.04408417269587517, 0.7823837604806867, 0.053266432136297226, 0.08938691578805447]
[0.4642857142857143, 0.5, 0.3333333333333333, 0.42424242424242425, 0.6153846153846154, 0.5869565217391305, 0.0, 0.0, 0.386719059078005, 0.3867113663179241, 0.5147812310641856, 0.48091680729543684, 0.2590011805295944, 0.2590011805295944, 0.611348956823349, 0.0, 0.0, 0.0, 0.5456349015235901, 0.2954942435026169, 0.2891797572374344, 0.7851852774620056, 0.7851852774620056, 0.04321910813450813, 0.4827123567461967, 0.04349983483552933, 0.7383666282822919, 0.05134325101971626, 0.005897461669519544]
[0.4642857142857143, 0.5, 0.3333333333333333, 0.42424242424242425, 0.6153846153846154, 0.5869565217391305, 0.0, 0.0, 0.38799342461799347, 0.3879857888413205, 0.4865629676423155, 0.508887041886445, 0.265439014349665, 0.265439014349665, 0.6369539201259613, 0.0, 0.0, 0.0, 0.5436607450246811, 0.2897336333990097, 0.2834300249814987, 0.7833138108253479, 0.7833138108253479, 0.043749675154685974, 0.48250012993812563, 0.043776895850896835, 0.7413560970751352, 0.050785988569259644, 0.0]
[0.4642857142857143, 0.5, 0.3333333333333333, 0.42424242424242425, 0.6153846153846154, 0.5869565217391305, 0.0, 0.0, 0.3869738546885678, 0.38696619611853167, 0.4701377681062965, 0.5253237406741998, 0.26608518191746305, 0.26608518191746305, 0.6477700918912888, 0.0, 0.0, 0.0, 0.5380631327629088, 0.29016150534152985, 0.28588569164276123, 0.7762723565101624, 0.7762723565101624, 0.04450231418013573, 0.48219907432794573, 0.04410364851355553, 0.737951185424314, 0.05106300860643387, 0.0]
[0.4642857142857143, 0.5, 0.3333333333333333, 0.42424242424242425, 0.6153846153846154, 0.5869565217391305, 0.0, 0.0, 0.3872698151130749, 0.3872621907330836, 0.4658902020800866, 0.5296272188203462, 0.2681707590818405, 0.2681707590818405, 0.6488728821277618, 0.0, 0.0, 0.0, 0.5372083693742752, 0.287201851606369, 0.28549256920814514, 0.7750791907310486, 0.7750791907310486, 0.04490572214126587, 0.485614952586946, 0.044256482273340225, 0.744028027970777, 0.05193185806274414, 0.0]
[0.4642857142857143, 0.5, 0.3333333333333333, 0.42424242424242425, 0.6153846153846154, 0.5869565217391305, 0.0, 0.0, 0.3852743815281651, 0.3852666773714025, 0.46148563821730604, 0.5340259504313173, 0.2667036013943809, 0.2667036013943809, 0.6493815630674362, 0.0, 0.0, 0.0, 0.5385224014520644, 0.28720003366470337, 0.286277174949646, 0.7770466804504395, 0.7770466804504395, 0.04525361582636833, 0.48189855366945267, 0.0, 0.6976744186046512, 0.05107390508055687, 0.0]
[0.4642857142857143, 0.5, 0.3333333333333333, 0.42424242424242425, 0.6153846153846154, 0.5869565217391305, 0.0, 0.0, 0.3851344758648262, 0.3851267489147004, 0.46860366364510064, 0.5268857954970231, 0.266771667769977, 0.266771667769977, 0.6477869749069214, 0.0, 0.0, 0.0, 0.5385355234146117, 0.28757911920547485, 0.28611716628074646, 0.7769414186477661, 0.7769414186477661, 0.0, 0.5, 0.0, 0.6976744186046512, 0.050388436764478683, 0.0]
[0.4642857142857143, 0.5, 0.3333333333333333, 0.42424242424242425, 0.6153846153846154, 0.5869565217391305, 0.0, 0.0, 0.387938139315545, 0.38793057191896163, 0.5152804042937423, 0.4808336457097913, 0.2598764960254942, 0.2598764960254942, 0.6153323352336884, 0.0, 0.0, 0.0, 0.5432031869888305, 0.2868709862232208, 0.2831675559282303, 0.7838892936706543, 0.7838892936706543, 0.0, 0.5, 0.0, 0.6976744186046512, 0.04946400225162506, 0.0]
[0.4642857142857143, 0.5, 0.3333333333333333, 0.42424242424242425, 0.6153846153846154, 0.5869565217391305, 0.0, 0.0, 0.37662685304937127, 0.3766186474386182, 0.5648673474218832, 0.4318813994504703, 0.26709105287279405, 0.26709105287279405, 0.5826341062784195, 0.0, 0.0, 0.0, 0.5571179956197738, 0.2805739641189575, 0.27436721324920654, 0.7998306155204773, 0.7998306155204773, 0.0, 0.5, 0.0, 0.6976744186046512, 0.05056648701429367, 0.0]
[0.4642857142857143, 0.5, 0.3333333333333333, 0.42424242424242425, 0.6153846153846154, 0.5869565217391305, 0.0, 0.0, 0.3759690707773825, 0.37596086516662947, 0.6373823924456682, 0.3612503170688517, 0.24464350725923267, 0.24464350725923267, 0.5768386721611023, 0.0, 0.0, 0.0, 0.5530928283929825, 0.2881060987710953, 0.2797667384147644, 0.7898017168045044, 0.7898017168045044, 0.0, 0.5, 0.0, 0.6976744186046512, 0.052906978875398636, 0.139759611338377]
[0.4642857142857143, 0.5, 0.3333333333333333, 0.42424242424242425, 0.6153846153846154, 0.5869565217391305, 0.0, 0.0, 0.3726872025666683, 0.37267884879905455, 0.6576688845800396, 0.3417872921635904, 0.23705148271151952, 0.23705148271151952, 0.5751763433218002, 0.0, 0.0, 0.0, 0.5460674047470092, 0.3039102703332901, 0.29390934109687805, 0.77464359998703, 0.77464359998703, 0.0, 0.5, 0.0, 0.6976744186046512, 0.053618669509887695, 0.15328378416597843]
[0.4642857142857143, 0.5, 0.3333333333333333, 0.42424242424242425, 0.6153846153846154, 0.5869565217391305, 0.0, 0.0, 0.37086706134146985, 0.37085868478049283, 0.6690616571196635, 0.3308515835395912, 0.2320794335433415, 0.2320794335433415, 0.5708065032958984, 0.0, 0.0, 0.0, 0.5422005146741866, 0.30684490501880646, 0.2973497062921524, 0.7679609060287476, 0.7679609060287476, 0.0, 0.5, 0.0, 0.6976744186046512, 0.05367537587881088, 0.1632983610033989]
[0.4642857142857143, 0.5, 0.3333333333333333, 0.42424242424242425, 0.6153846153846154, 0.5869565217391305, 0.0, 0.0, 0.36833117432165785, 0.3683227293805912, 0.660681916468458, 0.3389390562911284, 0.22920116782188418, 0.22920116782188418, 0.5619101971387863, 0.0, 0.0, 0.0, 0.5405383646488189, 0.3044094443321228, 0.2961972653865814, 0.76557856798172, 0.76557856798172, 0.0, 0.5, 0.0, 0.6976744186046512, 0.053652241826057434, 0.1703154668211937]
[0.4642857142857143, 0.5, 0.3333333333333333, 0.42424242424242425, 0.6153846153846154, 0.5869565217391305, 0.0, 0.0, 0.36997417692472556, 0.3699657889670669, 0.6305570907848059, 0.36828179609656514, 0.22942105574267252, 0.22942105574267252, 0.5676645785570145, 0.0, 0.0, 0.0, 0.5361411303281783, 0.3039344847202301, 0.2966788411140442, 0.762748658657074, 0.762748658657074, 0.0, 0.5, 0.0, 0.6976744186046512, 0.05338823422789574, 0.17385350540280342]
[0.4642857142857143, 0.5, 0.3333333333333333, 0.42424242424242425, 0.6153846153846154, 0.5869565217391305, 0.06248577684164047, 0.06213770806789398, 0.36339083821094287, 0.363382256509697, 0.5921930740257978, 0.4057123049672607, 0.23125968873500827, 0.23125968873500827, 0.5893591344356537, 0.0, 0.0, 0.0, 0.5437914431095123, 0.29504382610321045, 0.28652408719062805, 0.780285656452179, 0.780285656452179, 0.0, 0.5, 0.0, 0.6976744186046512, 0.05294875428080559, 0.16266725957393646]
[0.4642857142857143, 0.5, 0.3333333333333333, 0.42424242424242425, 0.6153846153846154, 0.5869565217391305, 0.2750045359134674, 0.2746570408344269, 0.29323939657120135, 0.29322861531040634, 0.5124701250693539, 0.4849925398548014, 0.3020507735865457, 0.3020507735865457, 0.6034042835235596, 0.0, 0.0, 0.0, 0.5446835905313492, 0.2747695595026016, 0.2679555267095566, 0.7802284359931946, 0.7802284359931946, 0.1085236594080925, 0.456590536236763, 0.10971032083034515, 0.6025704394939334, 0.05257292091846466, 0.10076812468469143]
[0.4642857142857143, 0.5, 0.3333333333333333, 0.42424242424242425, 0.6153846153846154, 0.5869565217391305, 0.10512401163578033, 0.10502847284078598, 0.34862084142564587, 0.34861167849363833, 0.4436011619823157, 0.5522999303411065, 0.24758908365453994, 0.24758908365453994, 0.6247601211071014, 0.0, 0.0, 0.0, 0.5541848093271255, 0.29072801768779755, 0.2914348244667053, 0.7985720634460449, 0.7985720634460449, 0.0, 0.5, 0.0, 0.6976744186046512, 0.051115620881319046, 0.04168854095041752]
[0.4642857142857143, 0.5, 0.3333333333333333, 0.42424242424242425, 0.6153846153846154, 0.5869565217391305, 0.01812170073390007, 0.01797272078692913, 0.3578815227712774, 0.35787262196294667, 0.3899430549395472, 0.6064896733486808, 0.24444440645830973, 0.24444440645830973, 0.621185764670372, 0.0, 0.0, 0.0, 0.5664964437484741, 0.28625547885894775, 0.2902623862028122, 0.8168964982032776, 0.8168964982032776, 0.0, 0.5, 0.0, 0.6976744186046512, 0.04737359657883644, 0.0]
[0.4642857142857143, 0.5, 0.3333333333333333, 0.42424242424242425, 0.6153846153846154, 0.5869565217391305, 0.0, 0.0, 0.35601961270800964, 0.3560136408468505, 0.38414094735285975, 0.6123499951849881, 0.2548606587307794, 0.2548606587307794, 0.6100951433181763, 0.0, 0.0, 0.0, 0.5679868191480636, 0.2839842140674591, 0.2890586256980896, 0.8196874260902405, 0.8196874260902405, 0.0, 0.5, 0.0, 0.6976744186046512, 0.046733058989048004, 0.0]
[0.4642857142857143, 0.5, 0.3333333333333333, 0.42424242424242425, 0.6153846153846154, 0.5869565217391305, 0.0, 0.0, 0.3570495650143742, 0.35704360454989664, 0.38232469239608735, 0.6141884793692242, 0.26163037334169664, 0.26163037334169664, 0.6109644323587418, 0.0, 0.0, 0.0, 0.5689226508140564, 0.2840781509876251, 0.29062049090862274, 0.8218421339988708, 0.8218421339988708, 0.0, 0.5, 0.0, 0.6976744186046512, 0.0477386899292469, 0.0]
[0.4642857142857143, 0.5, 0.3333333333333333, 0.42424242424242425, 0.6153846153846154, 0.5869565217391305, 0.0, 0.0, 0.3559849326058966, 0.35597896074473745, 0.38145616268792526, 0.6151655453746172, 0.2669615617820195, 0.2669615617820195, 0.6028255820274353, 0.0, 0.0, 0.0, 0.5696024686098098, 0.2813136577606201, 0.29036855697631836, 0.8235771059989929, 0.8235771059989929, 0.0, 0.5, 0.0, 0.6976744186046512, 0.049072325229644775, 0.0]
[0.4642857142857143, 0.5, 0.3333333333333333, 0.42424242424242425, 0.6153846153846154, 0.5869565217391305, 0.0, 0.0, 0.35638383925530925, 0.3563779015841949, 0.37672840887912146, 0.6200994879469538, 0.26716895401477814, 0.26716895401477814, 0.6061288267374039, 0.0, 0.0, 0.0, 0.5613945871591568, 0.2816638648509979, 0.2927504926919937, 0.8134932518005371, 0.8134932518005371, 0.0, 0.5, 0.0, 0.6976744186046512, 0.04900433495640755, 0.0]
[0.4642857142857143, 0.5, 0.3333333333333333, 0.42424242424242425, 0.6153846153846154, 0.5869565217391305, 0.0, 0.0, 0.3568589213245458, 0.35685298365343143, 0.3761136946669044, 0.6207206640776388, 0.26579324688230244, 0.26579324688230244, 0.6080336272716522, 0.0, 0.0, 0.0, 0.559858962893486, 0.2753990441560745, 0.286440372467041, 0.8112392425537109, 0.8112392425537109, 0.0, 0.5, 0.0, 0.6976744186046512, 0.049048855900764465, 0.0]
[0.4642857142857143, 0.5, 0.3333333333333333, 0.42424242424242425, 0.6153846153846154, 0.5869565217391305, 0.017231088131666183, 0.01660543493926525, 0.34866832000119735, 0.3486621202064062, 0.38266506568879516, 0.6140560670240381, 0.25961340538093025, 0.25961340538093025, 0.6121078431606293, 0.0, 0.0, 0.0, 0.5596784472465515, 0.26095379889011383, 0.2718714475631714, 0.8103981614112854, 0.8103981614112854, 0.0, 0.5, 0.0, 0.6976744186046512, 0.048730455338954926, 0.0]
[0.4642857142857143, 0.5, 0.3333333333333333, 0.42424242424242425, 0.6153846153846154, 0.5869565217391305, 0.01526152528822422, 0.01501793134957552, 0.35234885553101053, 0.35234275830635375, 0.40980981868722016, 0.5866284569357773, 0.2551945405347007, 0.2551945405347007, 0.6175743639469147, 0.0, 0.0, 0.0, 0.5578200727701187, 0.25974710285663605, 0.2700192481279373, 0.806682288646698, 0.806682288646698, 0.0, 0.5, 0.0, 0.6976744186046512, 0.05006936565041542, 0.0]
[0.4642857142857143, 0.5, 0.3333333333333333, 0.42424242424242425, 0.6153846153846154, 0.5869565217391305, 0.5325246453285217, 0.5310139060020447, 0.24721797793590772, 0.2472085414835417, 0.4496739977404447, 0.5489299686307838, 0.24603837302752904, 0.24603837302752904, 0.6655543595552444, 0.0, 0.0, 0.0, 0.5081311643123626, 0.2673134356737137, 0.27359333634376526, 0.7305702567100525, 0.7305702567100525, 0.10581886768341064, 0.4576724529266357, 0.10601870715618134, 0.58125231501668, 0.05043044313788414, 0.0]
[0.4642857142857143, 0.5, 0.3333333333333333, 0.42424242424242425, 0.6153846153846154, 0.5869565217391305, 0.22105836868286133, 0.22102665901184082, 0.3083572770623814, 0.3083497096657981, 0.4898213886052199, 0.5070548857096682, 0.24891502090862822, 0.24891502090862822, 0.6360442340373993, 0.0, 0.0, 0.0, 0.5301547199487686, 0.2679809480905533, 0.27303653955459595, 0.7648757100105286, 0.7648757100105286, 0.11895425617694855, 0.4524182975292206, 0.1175021231174469, 0.5837506367716678, 0.051388420164585114, 0.0]
[0.4642857142857143, 0.5, 0.3333333333333333, 0.42424242424242425, 0.6153846153846154, 0.5869565217391305, 0.09531351923942566, 0.09517687559127808, 0.33445796866261934, 0.33445129020720094, 0.5485385068288041, 0.44844766141301085, 0.2478772933994021, 0.2478772933994021, 0.5859618186950684, 0.0, 0.0, 0.0, 0.5584150671958923, 0.2636394649744034, 0.2577234208583832, 0.7997474670410156, 0.7997474670410156, 0.10995986312627792, 0.4560160547494888, 0.10799016058444977, 0.6072789638541466, 0.05055152252316475, 0.0983738899230957]
[0.4642857142857143, 0.5, 0.3333333333333333, 0.42424242424242425, 0.6153846153846154, 0.5869565217391305, 0.0639556422829628, 0.06378787755966187, 0.3382787403595379, 0.33827412470348933, 0.5649748124310436, 0.4321395114953791, 0.25002831859248026, 0.25002831859248026, 0.5782876163721085, 0.0, 0.0, 0.0, 0.559280240535736, 0.26609374582767487, 0.25809629261493683, 0.8003360033035278, 0.8003360033035278, 0.10616526007652283, 0.45753389596939087, 0.10480755567550659, 0.6172682327586552, 0.05094636604189873, 0.11527867056429386]
[0.4642857142857143, 0.5, 0.3333333333333333, 0.42424242424242425, 0.6153846153846154, 0.5869565217391305, 0.04907207563519478, 0.0489279180765152, 0.3398775808214002, 0.3398729765620332, 0.5680591476579013, 0.42905902264856194, 0.2512758650950023, 0.2512758650950023, 0.5685657411813736, 0.0, 0.0, 0.0, 0.5577505409717559, 0.2696688622236252, 0.2601025551557541, 0.7975409626960754, 0.7975409626960754, 0.10413805395364761, 0.45834477841854093, 0.10347554832696915, 0.6191679644723271, 0.05197525396943092, 0.12296183966100216]
[0.4642857142857143, 0.5, 0.3333333333333333, 0.42424242424242425, 0.6153846153846154, 0.5869565217391305, 0.04253152385354042, 0.04235287383198738, 0.3503427888421666, 0.35033851508656605, 0.5589770751063272, 0.43803057018196556, 0.25232192661081043, 0.25232192661081043, 0.563806489109993, 0.0, 0.0, 0.0, 0.5563644737005233, 0.2639705091714859, 0.25629083812236786, 0.7958075404167175, 0.7958075404167175, 0.10232338309288025, 0.4590706467628479, 0.10189702361822128, 0.6273683299158895, 0.05193386971950531, 0.11383478529751301]
[0.4642857142857143, 0.5, 0.3333333333333333, 0.42424242424242425, 0.6153846153846154, 0.5869565217391305, 0.03914017230272293, 0.038968004286289215, 0.3478032206941973, 0.34779888995518876, 0.5045012600762666, 0.49162893012143866, 0.25059019880635397, 0.25059019880635397, 0.6057293713092804, 0.0, 0.0, 0.0, 0.5482607543468475, 0.27073727548122406, 0.26517924666404724, 0.7878044247627258, 0.7878044247627258, 0.0, 0.5, 0.0, 0.6976744186046512, 0.04984951391816139, 0.05494258366525173]
[0.4642857142857143, 0.5, 0.3333333333333333, 0.42424242424242425, 0.6153846153846154, 0.5869565217391305, 0.03458905592560768, 0.03442000597715378, 0.353047734236854, 0.35304359724143264, 0.4497160059088275, 0.546128501178151, 0.2529952675104141, 0.2529952675104141, 0.6124748587608337, 0.0, 0.0, 0.0, 0.5431669920682907, 0.27356214821338654, 0.2726406455039978, 0.7820643186569214, 0.7820643186569214, 0.0, 0.5, 0.0, 0.6976744186046512, 0.04906551167368889, 0.0]
[0.4642857142857143, 0.5, 0.3333333333333333, 0.42424242424242425, 0.6153846153846154, 0.5869565217391305, 0.03564585745334625, 0.03533865883946419, 0.35503728713405747, 0.35503320712204417, 0.4260714929372813, 0.5699169342941303, 0.25164169924599783, 0.25164169924599783, 0.6179679185152054, 0.0, 0.0, 0.0, 0.5512027651071548, 0.274779349565506, 0.27426591515541077, 0.7933316230773926, 0.7933316230773926, 0.0, 0.5, 0.0, 0.6976744186046512, 0.048220932483673096, 0.0]
[0.4642857142857143, 0.5, 0.3333333333333333, 0.42424242424242425, 0.6153846153846154, 0.5869565217391305, 0.030759071931242943, 0.03030630387365818, 0.3525156687596104, 0.3525114975741443, 0.4271129103053368, 0.5690211494219184, 0.2543941140174866, 0.2543941140174866, 0.6178376227617264, 0.0, 0.0, 0.0, 0.5486975342035293, 0.26949621737003326, 0.27293694019317627, 0.7916317582130432, 0.7916317582130432, 0.0, 0.5, 0.0, 0.6976744186046512, 0.04884401708841324, 0.0]
[0.4642857142857143, 0.5, 0.3333333333333333, 0.42424242424242425, 0.6153846153846154, 0.5869565217391305, 0.030035406351089478, 0.029661746695637703, 0.34079043222431016, 0.34078588494835116, 0.4616604775589237, 0.5344727544843302, 0.24171568453311923, 0.24171568453311923, 0.6012176126241684, 0.0, 0.0, 0.0, 0.5468449801206589, 0.27024102210998535, 0.2729579657316208, 0.7896914482116699, 0.7896914482116699, 0.0, 0.5, 0.0, 0.6976744186046512, 0.049763068556785583, 0.0]
[0.4642857142857143, 0.5, 0.3333333333333333, 0.42424242424242425, 0.6153846153846154, 0.5869565217391305, 0.0237126387655735, 0.0234561525285244, 0.3354821542480936, 0.33547739043518415, 0.5211050103544961, 0.4754330147242177, 0.23447030356952123, 0.23447030356952123, 0.5792438983917236, 0.0, 0.0, 0.0, 0.5465585500001907, 0.27086789906024933, 0.26922912895679474, 0.788193941116333, 0.788193941116333, 0.09561462700366974, 0.4617541491985321, 0.0940985307097435, 0.6056055565213049, 0.05023925378918648, 0.0]
[0.4642857142857143, 0.5, 0.3333333333333333, 0.42424242424242425, 0.6153846153846154, 0.5869565217391305, 0.03416121378540993, 0.03388076648116112, 0.3241724749140256, 0.32416727802721534, 0.5728471956107174, 0.4245129661345295, 0.23405292204448155, 0.23405292204448155, 0.5609657913446426, 0.0, 0.0, 0.0, 0.5345582962036133, 0.289172500371933, 0.28254473209381104, 0.7637860774993896, 0.7637860774993896, 0.09675087034702301, 0.4612996518611908, 0.09594317525625229, 0.6123285498036894, 0.049339935183525085, 0.09477918967604637]
[0.4642857142857143, 0.5, 0.3333333333333333, 0.42424242424242425, 0.6153846153846154, 0.5869565217391305, 0.04241449013352394, 0.04191280156373978, 0.324212579836581, 0.32420677892564587, 0.6246507149581472, 0.3741221851367517, 0.2193172063146319, 0.2193172063146319, 0.5758890807628632, 0.0, 0.0, 0.0, 0.4904244631528854, 0.31575116515159607, 0.3076893538236618, 0.6965868473052979, 0.6965868473052979, 0.0, 0.5, 0.0, 0.6976744186046512, 0.04703040048480034, 0.13319451361894608]
[0.4642857142857143, 0.5, 0.3333333333333333, 0.42424242424242425, 0.6153846153846154, 0.5869565217391305, 0.056264907121658325, 0.05537398159503937, 0.3227464537319672, 0.32274060723430564, 0.6431620485696008, 0.35633572606187425, 0.2083377859422139, 0.2083377859422139, 0.579204648733139, 0.0, 0.0, 0.0, 0.48636412322521205, 0.3187718838453293, 0.3103782534599304, 0.6867552399635315, 0.6867552399635315, 0.0, 0.5, 0.0, 0.6976744186046512, 0.04410199448466301, 0.14855016022920609]
[0.4642857142857143, 0.5, 0.3333333333333333, 0.42424242424242425, 0.6153846153846154, 0.5869565217391305, 0.06363610923290253, 0.0628594309091568, 0.32071614630135703, 0.3207102542169691, 0.6272990872253652, 0.371835874047329, 0.20382318113531386, 0.20382318113531386, 0.5789772272109985, 0.0, 0.0, 0.0, 0.5043798893690109, 0.30503498017787933, 0.299005389213562, 0.7162387371063232, 0.7162387371063232, 0.0, 0.5, 0.0, 0.6976744186046512, 0.043529212474823, 0.15490129590034485]
[0.4642857142857143, 0.5, 0.3333333333333333, 0.42424242424242425, 0.6153846153846154, 0.5869565217391305, 0.06641344726085663, 0.06572457402944565, 0.318786539949377, 0.31878057948489946, 0.6034023998800245, 0.3952730813805455, 0.20321136074406762, 0.20321136074406762, 0.5726119875907898, 0.0, 0.0, 0.0, 0.5260322332382201, 0.2896299958229065, 0.2837058901786804, 0.7509326934814453, 0.7509326934814453, 0.09427879005670547, 0.4622884839773178, 0.0, 0.6976744186046512, 0.04556010290980339, 0.1554551161825657]
[0.4642857142857143, 0.5, 0.3333333333333333, 0.42424242424242425, 0.6153846153846154, 0.5869565217391305, 0.06373140215873718, 0.06308408081531525, 0.3364244204862168, 0.33641907544254573, 0.5804473861453638, 0.4174959608924498, 0.2145835225071226, 0.2145835225071226, 0.5856396406888962, 0.0, 0.0, 0.0, 0.5486493021249771, 0.28786836564540863, 0.28119315207004547, 0.7887741923332214, 0.7887741923332214, 0.0, 0.5, 0.0, 0.6976744186046512, 0.0485084131360054, 0.04312991164624691]
[0.4642857142857143, 0.5, 0.3333333333333333, 0.42424242424242425, 0.6153846153846154, 0.5869565217391305, 0.0366600900888443, 0.036124203354120255, 0.33513236729638296, 0.3351269652693039, 0.5298478578290338, 0.4667485439020128, 0.246198017682348, 0.246198017682348, 0.5843172520399094, 0.0, 0.0, 0.0, 0.5676731437444686, 0.2564007043838501, 0.2515466958284378, 0.81634521484375, 0.81634521484375, 0.0, 0.5, 0.0, 0.6976744186046512, 0.05434097349643707, 0.0]
[0.4642857142857143, 0.5, 0.3333333333333333, 0.42424242424242425, 0.6153846153846154, 0.5869565217391305, 0.0, 0.0, 0.3362321584676009, 0.3362267336471587, 0.48928422667442273, 0.5064256749184541, 0.2646501788071224, 0.2646501788071224, 0.5839183777570724, 0.0, 0.0, 0.0, 0.5726344764232635, 0.2545817494392395, 0.25275571644306183, 0.8229681253433228, 0.8229681253433228, 0.04903150349855423, 0.48038739860057833, 0.047916557639837265, 0.7446171386643898, 0.06344178318977356, 0.0]
[0.4642857142857143, 0.5, 0.3333333333333333, 0.42424242424242425, 0.6153846153846154, 0.5869565217391305, 0.0, 0.0, 0.33759577142121, 0.33759035799744935, 0.448073026099123, 0.5475719599953522, 0.26944757572242195, 0.26944757572242195, 0.5928348451852798, 0.0, 0.0, 0.0, 0.5734591364860534, 0.2557498514652252, 0.2559269070625305, 0.825576901435852, 0.825576901435852, 0.04999751225113869, 0.5130654223381527, 0.048461318016052246, 0.7574298830572949, 0.06772533059120178, 0.0]
[0.4642857142857143, 0.5, 0.3333333333333333, 0.42424242424242425, 0.6153846153846154, 0.5869565217391305, 0.0, 0.0, 0.3376609946300149, 0.33765562679298067, 0.4195177457072767, 0.5765121412272157, 0.2723357932908195, 0.2723357932908195, 0.6049231290817261, 0.0, 0.0, 0.0, 0.5785791635513305, 0.26201215386390686, 0.26760101318359375, 0.83594810962677, 0.83594810962677, 0.049364879727363586, 0.499176854179019, 0.04771740362048149, 0.7511680707508741, 0.06898514926433563, 0.0]
[0.4642857142857143, 0.5, 0.3333333333333333, 0.42424242424242425, 0.6153846153846154, 0.5869565217391305, 0.0, 0.0, 0.33498452954264946, 0.33497903634211756, 0.40767516323986747, 0.5886013934712059, 0.2706808171101979, 0.2706808171101979, 0.6039385348558426, 0.0, 0.0, 0.0, 0.5829923778772353, 0.2609981596469879, 0.2680455148220062, 0.8432198166847229, 0.8432198166847229, 0.04924769699573517, 0.48925676090376713, 0.047666195780038834, 0.7457272838367972, 0.06793715804815292, 0.0]
[0.4642857142857143, 0.5, 0.3333333333333333, 0.42424242424242425, 0.6153846153846154, 0.5869565217391305, 0.0, 0.0, 0.3351348517729721, 0.3351294383492114, 0.39045327297816085, 0.6062532833789042, 0.26901155710220337, 0.26901155710220337, 0.6034713834524155, 0.0, 0.0, 0.0, 0.5833960086107254, 0.2623819261789322, 0.27415111660957336, 0.8440264463424683, 0.8440264463424683, 0.049032062292099, 0.4818119752028631, 0.047702498733997345, 0.741683438983421, 0.06573203951120377, 0.0]
[0.4642857142857143, 0.5, 0.3333333333333333, 0.42424242424242425, 0.6153846153846154, 0.5869565217391305, 0.0, 0.0, 0.33540846330485885, 0.33540300429437175, 0.3848424017087451, 0.6120278508845018, 0.27112485042640144, 0.27112485042640144, 0.6014579385519028, 0.0, 0.0, 0.0, 0.5835201770067214, 0.2617301642894745, 0.27521540224552155, 0.844919741153717, 0.844919741153717, 0.04946387559175491, 0.480214449763298, 0.0, 0.6976744186046512, 0.06407101452350616, 0.0]
[0.4642857142857143, 0.5, 0.3333333333333333, 0.42424242424242425, 0.6153846153846154, 0.5869565217391305, 0.0, 0.0, 0.34726560503301385, 0.3472606588731988, 0.4428351340284767, 0.5538710603058744, 0.27138827102524893, 0.27138827102524893, 0.6050457656383514, 0.0, 0.0, 0.0, 0.5804504722356796, 0.26194150745868683, 0.28608618676662445, 0.8425822257995605, 0.8425822257995605, 0.05026428401470184, 0.47989428639411924, 0.04883845895528793, 0.738224692556054, 0.06274423748254776, 0.0]
[0.4642857142857143, 0.5, 0.3333333333333333, 0.42424242424242425, 0.6153846153846154, 0.5869565217391305, 0.012678012251853943, 0.012378750368952751, 0.36540443810632534, 0.36540025552417765, 0.48598761614376457, 0.5116922980234175, 0.2708844946963447, 0.2708844946963447, 0.6162688136100769, 0.0, 0.0, 0.0, 0.5807828396558761, 0.25480523705482483, 0.2779453992843628, 0.8435561060905457, 0.8435561060905457, 0.0, 0.5, 0.0, 0.6976744186046512, 0.06077073514461517, 0.0]
[0.4642857142857143, 0.5, 0.3333333333333333, 0.42424242424242425, 0.6153846153846154, 0.5869565217391305, 0.008037401363253593, 0.007997595705091953, 0.37088708531104353, 0.3708830508857567, 0.47093848755893014, 0.5268032635780361, 0.2535043443952288, 0.2535043443952288, 0.6208237111568451, 0.0, 0.0, 0.0, 0.5748460590839386, 0.25473591685295105, 0.2823537290096283, 0.8385525345802307, 0.8385525345802307, 0.049910012632608414, 0.48003599494695665, 0.04872746020555496, 0.7403336699272312, 0.05865214765071869, 0.0]
[0.4642857142857143, 0.5, 0.3333333333333333, 0.42424242424242425, 0.6153846153846154, 0.5869565217391305, 0.28212371468544006, 0.28047966957092285, 0.2965233503746485, 0.2965167630926828, 0.39801878910903493, 0.6005636781346451, 0.2647602771009718, 0.2647602771009718, 0.6250959485769272, 0.0, 0.0, 0.0, 0.57583529651165, 0.24722298979759216, 0.27974195778369904, 0.8393272161483765, 0.8393272161483765, 0.0, 0.5, 0.0, 0.6976744186046512, 0.058041855692863464, 0.0]
[0.4642857142857143, 0.5, 0.3333333333333333, 0.42424242424242425, 0.6153846153846154, 0.5869565217391305, 0.2265896201133728, 0.225362628698349, 0.29893609624975725, 0.29892941779433885, 0.371235618627778, 0.626780142924931, 0.26553829865796225, 0.26553829865796225, 0.6071699857711792, 0.0, 0.0, 0.0, 0.5659970372915267, 0.23931637406349182, 0.26823605597019196, 0.8197411298751831, 0.8197411298751831, 0.0, 0.5, 0.0, 0.6976744186046512, 0.06300528347492218, 0.0]
[0.4642857142857143, 0.5, 0.3333333333333333, 0.42424242424242425, 0.6153846153846154, 0.5869565217391305, 0.07003580033779144, 0.06907188147306442, 0.3293048679030876, 0.3292992721324213, 0.4038840912952022, 0.5933496328151883, 0.24981672210352762, 0.24981672210352762, 0.6126552522182465, 0.0, 0.0, 0.0, 0.5635707050561904, 0.24046465754508972, 0.26632827520370483, 0.8215540647506714, 0.8215540647506714, 0.0, 0.5, 0.0, 0.6976744186046512, 0.06427210569381714, 0.0]
[0.4642857142857143, 0.5, 0.3333333333333333, 0.42424242424242425, 0.6153846153846154, 0.5869565217391305, 0.01923643797636032, 0.019132394343614578, 0.32801486611594205, 0.3280092019651861, 0.4361785146519969, 0.5606110978714088, 0.24439933044569834, 0.24439933044569834, 0.6106812655925751, 0.0, 0.0, 0.0, 0.5526300132274627, 0.2502392828464508, 0.2668429911136627, 0.804498016834259, 0.804498016834259, 0.0, 0.5, 0.0, 0.6976744186046512, 0.06733047217130661, 0.0]
[0.4642857142857143, 0.5, 0.3333333333333333, 0.42424242424242425, 0.6153846153846154, 0.5869565217391305, 0.008303298614919186, 0.008332298137247562, 0.32894554192887665, 0.3289399233648471, 0.45736682620148816, 0.5390579400800559, 0.22590707455362594, 0.22590707455362594, 0.6323468834161758, 0.0, 0.0, 0.0, 0.5489236950874328, 0.2687747925519943, 0.2762684226036072, 0.799187421798706, 0.799187421798706, 0.0, 0.5, 0.0, 0.6976744186046512, 0.06796097755432129, 0.0]
[0.4642857142857143, 0.5, 0.3333333333333333, 0.42424242424242425, 0.6153846153846154, 0.5869565217391305, 0.007267926353961229, 0.007269152440130711, 0.3317864839251137, 0.3317750188634227, 0.49487095977220663, 0.5017107651698152, 0.22568507918289732, 0.22568507918289732, 0.6256129741668701, 0.0, 0.0, 0.0, 0.5507438093423843, 0.26361075043678284, 0.26928283274173737, 0.8010262846946716, 0.8010262846946716, 0.0, 0.5, 0.0, 0.6976744186046512, 0.06784643232822418, 0.0]
[0.4642857142857143, 0.5, 0.3333333333333333, 0.42424242424242425, 0.6153846153846154, 0.5869565217391305, 0.007702583447098732, 0.0076612792909145355, 0.3311541960298673, 0.33114274236485786, 0.5024646255285631, 0.49415965444448523, 0.22918337157794408, 0.22918337157794408, 0.6180167496204376, 0.0, 0.0, 0.0, 0.5583744704723358, 0.26002568006515503, 0.2640098035335541, 0.808316171169281, 0.808316171169281, 0.0, 0.5, 0.0, 0.6976744186046512, 0.06648710370063782, 0.0]
[0.4642857142857143, 0.5, 0.3333333333333333, 0.42424242424242425, 0.6153846153846154, 0.5869565217391305, 0.010435426607728004, 0.010096950456500053, 0.3303547416088914, 0.3303431739770659, 0.4777916184916779, 0.5184208247624615, 0.23055864231927056, 0.23055864231927056, 0.6124783307313919, 0.0, 0.0, 0.0, 0.5574114561080932, 0.2549373209476471, 0.2591310441493988, 0.8081376552581787, 0.8081376552581787, 0.0, 0.5, 0.0, 0.6976744186046512, 0.06613960862159729, 0.0]
[0.4642857142857143, 0.5, 0.3333333333333333, 0.42424242424242425, 0.6153846153846154, 0.5869565217391305, 0.0, 0.0, 0.32610979681944985, 0.32609802404735555, 0.43050118363382256, 0.5657045199077348, 0.23452521434852056, 0.23452521434852056, 0.6113635152578354, 0.0, 0.0, 0.0, 0.5628547340631485, 0.26340560615062714, 0.27448582649230957, 0.817521870136261, 0.817521870136261, 0.0, 0.5, 0.0, 0.6976744186046512, 0.06626150757074356, 0.0]
[0.4642857142857143, 0.5, 0.3333333333333333, 0.42424242424242425, 0.6153846153846154, 0.5869565217391305, 0.0, 0.0, 0.33316904956022597, 0.33315759589521654, 0.3843516264089435, 0.6127995201957335, 0.23958976779665267, 0.23958976779665267, 0.6215293109416962, 0.0, 0.0, 0.0, 0.5650200873613357, 0.25853031873703003, 0.27866387367248535, 0.8202688694000244, 0.8202688694000244, 0.05277445539832115, 0.47889021784067154, 0.050282109528779984, 0.7399090565741062, 0.06414978206157684, 0.0]
[0.4642857142857143, 0.5, 0.3333333333333333, 0.42424242424242425, 0.6153846153846154, 0.5869565217391305, 0.0, 0.0, 0.3330307394323112, 0.33301931995734657, 0.3656686929626173, 0.6318988029126633, 0.25811896792479927, 0.25811896792479927, 0.61125148832798, 0.0, 0.0, 0.0, 0.5660717636346817, 0.2412266731262207, 0.26265430450439453, 0.8217538595199585, 0.8217538595199585, 0.05109386518597603, 0.49917418143105885, 0.04896748811006546, 0.7565202048524868, 0.06470226496458054, 0.0]
[0.4642857142857143, 0.5, 0.3333333333333333, 0.42424242424242425, 0.6153846153846154, 0.5869565217391305, 0.0, 0.0, 0.3334067045616602, 0.3333952850866956, 0.397070767546703, 0.5998689022341782, 0.25792796696935383, 0.25792796696935383, 0.6142737716436386, 0.0, 0.0, 0.0, 0.5537988692522049, 0.24065229296684265, 0.2625349164009094, 0.8118503093719482, 0.8118503093719482, 0.0, 0.5, 0.0, 0.6976744186046512, 0.06901879608631134, 0.0]
[0.4642857142857143, 0.5, 0.3333333333333333, 0.42424242424242425, 0.6153846153846154, 0.5869565217391305, 0.0, 0.0, 0.342103899778873, 0.34209281080767484, 0.4857202414458842, 0.5108831792164437, 0.25096980588776724, 0.25096980588776724, 0.6318473964929581, 0.0, 0.0, 0.0, 0.5528585731983184, 0.24540141224861145, 0.2581545263528824, 0.8005998730659485, 0.8005998730659485, 0.0, 0.5, 0.0, 0.6976744186046512, 0.07916513085365295, 0.0]
[0.4642857142857143, 0.5, 0.3333333333333333, 0.42424242424242425, 0.6153846153846154, 0.5869565217391305, 0.0, 0.0, 0.3361383637780213, 0.3361270582698727, 0.5740605091273671, 0.42357326414976654, 0.24349607527256015, 0.24349607527256015, 0.6170224696397781, 0.0, 0.0, 0.0, 0.5768113911151885, 0.25714875757694244, 0.2582685649394989, 0.8291299939155579, 0.8291299939155579, 0.0, 0.5, 0.0, 0.6976744186046512, 0.07775377482175827, 0.0]
[0.4642857142857143, 0.5, 0.3333333333333333, 0.42424242424242425, 0.6153846153846154, 0.5869565217391305, 0.009464976377785206, 0.00911679957062006, 0.3341600821989216, 0.33414875389740983, 0.5949464724123136, 0.4032751132101169, 0.24473117930548532, 0.24473117930548532, 0.6027072966098785, 0.0, 0.0, 0.0, 0.578270474076271, 0.2520338445901871, 0.24727609753608704, 0.8300288319587708, 0.8300288319587708, 0.10510154813528061, 0.45795938074588777, 0.10177712142467499, 0.6194879790378172, 0.07757122069597244, 0.07774867117404938]
[0.4642857142857143, 0.5, 0.3333333333333333, 0.42424242424242425, 0.6153846153846154, 0.5869565217391305, 0.014384730719029903, 0.013992160558700562, 0.33568176712634235, 0.3356705186016017, 0.6027655305187744, 0.39563897184335883, 0.24496343519006458, 0.24496343519006458, 0.5979425013065338, 0.0, 0.0, 0.0, 0.5769817888736725, 0.2509707361459732, 0.24570351839065552, 0.826600968837738, 0.826600968837738, 0.0, 0.5, 0.0, 0.6976744186046512, 0.07715030014514923, 0.12659157626330853]
[0.4642857142857143, 0.5, 0.3333333333333333, 0.42424242424242425, 0.6153846153846154, 0.5869565217391305, 0.03163520246744156, 0.031024662777781487, 0.3394192632707993, 0.33940810591951154, 0.6243100567483993, 0.37474389691147203, 0.24414254086358209, 0.24414254086358209, 0.5936352014541626, 0.0, 0.0, 0.0, 0.574781408905983, 0.26107312738895416, 0.2545347511768341, 0.8223124146461487, 0.8223124146461487, 0.0, 0.5, 0.0, 0.6976744186046512, 0.07581153512001038, 0.13916661962866783]
[0.4642857142857143, 0.5, 0.3333333333333333, 0.42424242424242425, 0.6153846153846154, 0.5869565217391305, 0.36377978324890137, 0.36374253034591675, 0.25485047236455327, 0.25483704707362687, 0.6287782853237758, 0.37269585624429, 0.29562753226075855, 0.29562753226075855, 0.6260527819395065, 0.0, 0.0, 0.0, 0.5426251947879791, 0.2632196694612503, 0.25579342246055603, 0.7720083594322205, 0.7720083594322205, 0.0, 0.5, 0.0, 0.6976744186046512, 0.076378732919693, 0.16000689938664436]
[0.4642857142857143, 0.5, 0.3333333333333333, 0.42424242424242425, 0.6153846153846154, 0.5869565217391305, 0.0682060569524765, 0.06755808740854263, 0.3393821670721867, 0.33937098692753576, 0.6487320855288388, 0.3512194365839151, 0.2479075108255659, 0.2479075108255659, 0.5843456983566284, 0.0, 0.0, 0.0, 0.565730446577072, 0.25993485748767853, 0.25309188663959503, 0.8049598932266235, 0.8049598932266235, 0.0, 0.5, 0.0, 0.6976744186046512, 0.06996293365955353, 0.1786544732749462]
[0.4642857142857143, 0.5, 0.3333333333333333, 0.42424242424242425, 0.6153846153846154, 0.5869565217391305, 0.017948104068636894, 0.01784900762140751, 0.3442538381762532, 0.3442428973619158, 0.6376960975034287, 0.36202169006636176, 0.2439818744148527, 0.2439818744148527, 0.5786666572093964, 0.0, 0.0, 0.0, 0.56382936835289, 0.25811758637428284, 0.2513614743947983, 0.8029139041900635, 0.8029139041900635, 0.0, 0.5, 0.0, 0.6976744186046512, 0.07024846971035004, 0.17826490104198456]
[0.4642857142857143, 0.5, 0.3333333333333333, 0.42424242424242425, 0.6153846153846154, 0.5869565217391305, 0.012529007159173489, 0.012453063391149044, 0.3526537623505748, 0.352643060866551, 0.6022987680271068, 0.3961708663703784, 0.23676612547465734, 0.23676612547465734, 0.5953920036554337, 0.0, 0.0, 0.0, 0.5621555566787719, 0.2628174424171448, 0.25692136585712433, 0.8031398057937622, 0.8031398057937622, 0.0, 0.5, 0.0, 0.6976744186046512, 0.06954703480005264, 0.06860485766083002]
[0.4642857142857143, 0.5, 0.3333333333333333, 0.42424242424242425, 0.6153846153846154, 0.5869565217391305, 0.0, 0.0, 0.358202544498626, 0.35819199117146305, 0.5671942306978068, 0.4302007650047547, 0.23497819900512698, 0.23497819900512698, 0.6035408973693848, 0.0, 0.0, 0.0, 0.5628244429826736, 0.25920866429805756, 0.2535831332206726, 0.807202160358429, 0.807202160358429, 0.0, 0.5, 0.0, 0.6976744186046512, 0.06668201088905334, 0.003484380431473255]
[0.4642857142857143, 0.5, 0.3333333333333333, 0.42424242424242425, 0.6153846153846154, 0.5869565217391305, 0.0, 0.0, 0.3641525012357285, 0.364142107462108, 0.5419879449713071, 0.4546870026893365, 0.23932626204831262, 0.23932626204831262, 0.6030146330595016, 0.0, 0.0, 0.0, 0.5632603049278259, 0.25437405705451965, 0.24861100316047668, 0.8091921210289001, 0.8091921210289001, 0.0, 0.5, 0.0, 0.6976744186046512, 0.0648471787571907, 0.0]
[0.4642857142857143, 0.5, 0.3333333333333333, 0.42424242424242425, 0.6153846153846154, 0.5869565217391305, 0.0, 0.0, 0.3832497496449925, 0.38323995989549686, 0.5072202408404924, 0.48870388631332395, 0.2562743318932397, 0.2562743318932397, 0.6176484823226929, 0.0, 0.0, 0.0, 0.5552952736616135, 0.24884653091430664, 0.24404945969581604, 0.8003111481666565, 0.8003111481666565, 0.047427382320165634, 0.4810290470719337, 0.0, 0.6976744186046512, 0.06396710127592087, 0.0]
[0.4642857142857143, 0.5, 0.3333333333333333, 0.42424242424242425, 0.6153846153846154, 0.5869565217391305, 0.0, 0.0, 0.39393589373528387, 0.3939264914729627, 0.48953219780958407, 0.5060995189860441, 0.26295092489038197, 0.26295092489038197, 0.6480820327997208, 0.0, 0.0, 0.0, 0.5517127692699432, 0.256306529045105, 0.2550657242536545, 0.795592725276947, 0.795592725276947, 0.046480245888233185, 0.5108971969475822, 0.045408740639686584, 0.7581315089970134, 0.06477510929107666, 0.0]
[0.4642857142857143, 0.5, 0.3333333333333333, 0.42424242424242425, 0.6153846153846154, 0.5869565217391305, 0.0, 0.0, 0.40491097789421593, 0.40490195742072843, 0.45398023958187944, 0.5416833423355063, 0.2705125830003194, 0.2705125830003194, 0.6583404839038849, 0.0, 0.0, 0.0, 0.5558747261762619, 0.258279949426651, 0.25730735063552856, 0.802681565284729, 0.802681565284729, 0.04549598693847656, 0.4887057490765102, 0.04425700008869171, 0.741645399870914, 0.06486621499061584, 0.0]
[0.4642857142857143, 0.5, 0.3333333333333333, 0.42424242424242425, 0.6153846153846154, 0.5869565217391305, 0.0, 0.0, 0.4149776496577217, 0.4149689653863414, 0.4074983779148663, 0.588237705417112, 0.27140295931271147, 0.27140295931271147, 0.6760567277669907, 0.0, 0.0, 0.0, 0.5615811526775359, 0.27033933997154236, 0.270883709192276, 0.8104424476623535, 0.8104424476623535, 0.04321477934718132, 0.5916438575774904, 0.04225067049264908, 0.7865781653239283, 0.06320939213037491, 0.0]
[0.4642857142857143, 0.5, 0.3333333333333333, 0.42424242424242425, 0.6153846153846154, 0.5869565217391305, 0.0, 0.0, 0.42319693073032005, 0.42318853707432064, 0.3871486569909703, 0.6089758138533026, 0.27063983891691484, 0.27063983891691484, 0.6805121451616287, 0.0, 0.0, 0.0, 0.5669831037521362, 0.2735467404127121, 0.27667486667633057, 0.8184689283370972, 0.8184689283370972, 0.03982098028063774, 0.5876581044424147, 0.03926170989871025, 0.7872210741909438, 0.06033633276820183, 0.0]
[0.4642857142857143, 0.5, 0.3333333333333333, 0.42424242424242425, 0.6153846153846154, 0.5869565217391305, 0.0, 0.0, 0.4228239743249138, 0.4228155863672552, 0.3476413194353676, 0.6493582285106474, 0.2621436331953321, 0.2621436331953321, 0.6754919588565826, 0.0, 0.0, 0.0, 0.5784941732883453, 0.2741423100233078, 0.2788953632116318, 0.834134042263031, 0.834134042263031, 0.03678517043590546, 0.6031746031746031, 0.03658493235707283, 0.8, 0.056363921612501144, 0.0]
[0.4642857142857143, 0.5, 0.3333333333333333, 0.42424242424242425, 0.6153846153846154, 0.5869565217391305, 0.0, 0.0, 0.42132810288132033, 0.4213196579402537, 0.3270623086743327, 0.6704865992132559, 0.2555014193058014, 0.2555014193058014, 0.6684484630823135, 0.0, 0.0, 0.0, 0.5826410681009292, 0.2772260010242462, 0.29402855038642883, 0.8415842652320862, 0.8415842652320862, 0.035761378705501556, 0.6031746031746031, 0.03568955510854721, 0.8, 0.05504785105586052, 0.0]
[0.4642857142857143, 0.5, 0.3333333333333333, 0.42424242424242425, 0.6153846153846154, 0.5869565217391305, 0.24852681159973145, 0.24801182746887207, 0.33827321296896123, 0.3382620328243102, 0.3709333216483005, 0.6268255473044311, 0.2905430325439998, 0.2905430325439998, 0.6925410330295563, 0.0, 0.0, 0.0, 0.5632914513349533, 0.24062910676002502, 0.25066013634204865, 0.8122716546058655, 0.8122716546058655, 0.0, 0.5, 0.0, 0.6976744186046512, 0.060565490275621414, 0.0]
[0.4642857142857143, 0.5, 0.3333333333333333, 0.42424242424242425, 0.6153846153846154, 0.5869565217391305, 0.0, 0.0, 0.4094031110092513, 0.40939431846939583, 0.46769007715622735, 0.5283646118066001, 0.2885261710200991, 0.2885261710200991, 0.6808167695999146, 0.0, 0.0, 0.0, 0.5732616186141968, 0.24511313438415527, 0.2530578672885895, 0.8298853039741516, 0.8298853039741516, 0.042820267379283905, 0.4828718930482864, 0.0, 0.6976744186046512, 0.07052630186080933, 0.0]
[0.4642857142857143, 0.5, 0.3333333333333333, 0.42424242424242425, 0.6153846153846154, 0.5869565217391305, 0.0, 0.0, 0.4096910880582966, 0.40968228412175955, 0.5478854598780207, 0.44870189858617515, 0.2651188522577286, 0.2651188522577286, 0.6600346863269806, 0.0, 0.0, 0.0, 0.5801171034574508, 0.2487388253211975, 0.24704483151435852, 0.8361197113990784, 0.8361197113990784, 0.04226561263203621, 0.516595270898607, 0.04125219210982323, 0.7637177849578303, 0.07327376306056976, 0.0]
[0.4642857142857143, 0.5, 0.3333333333333333, 0.42424242424242425, 0.6153846153846154, 0.5869565217391305, 0.0, 0.0, 0.40800095447846624, 0.4079920821618396, 0.5887234739774044, 0.4085016997726145, 0.2581702172756195, 0.2581702172756195, 0.6466650664806366, 0.0, 0.0, 0.0, 0.5805786460638046, 0.26874448359012604, 0.25898946821689606, 0.8357881307601929, 0.8357881307601929, 0.041988555341959, 0.525663372543123, 0.040724702179431915, 0.7756890962983287, 0.07341983169317245, 0.027122655883431435]
[0.4642857142857143, 0.5, 0.3333333333333333, 0.42424242424242425, 0.6153846153846154, 0.5869565217391305, 0.0, 0.0, 0.40628234059131396, 0.40627343978298325, 0.5793806795408347, 0.41771167728180136, 0.25443726352282936, 0.25443726352282936, 0.643053263425827, 0.0, 0.0, 0.0, 0.5705984443426132, 0.26569414138793945, 0.2592565268278122, 0.8235335946083069, 0.8235335946083069, 0.04204599931836128, 0.48877508678133524, 0.04061834514141083, 0.7548462924395883, 0.07230605185031891, 0.02033018972724676]
[0.4642857142857143, 0.5, 0.3333333333333333, 0.42424242424242425, 0.6153846153846154, 0.5869565217391305, 0.0, 0.0, 0.4007076423893011, 0.40069833130043275, 0.5032890474078304, 0.492315973373439, 0.2558103097336633, 0.2558103097336633, 0.6607358157634735, 0.0, 0.0, 0.0, 0.5592579394578934, 0.2639598846435547, 0.2636142820119858, 0.8075500726699829, 0.8075500726699829, 0.041937246918678284, 0.5103412535455492, 0.04032989963889122, 0.7607889366011287, 0.07025288045406342, 0.0]
[0.4642857142857143, 0.5, 0.3333333333333333, 0.42424242424242425, 0.6153846153846154, 0.5869565217391305, 0.0, 0.0, 0.39297983751242294, 0.39297024150651455, 0.41062664165095664, 0.5850824942273751, 0.26870813752923695, 0.26870813752923695, 0.6783415377140045, 0.0, 0.0, 0.0, 0.5585908263921737, 0.26847095787525177, 0.2789566367864609, 0.8084327578544617, 0.8084327578544617, 0.04269777610898018, 0.5243453411828903, 0.041031256318092346, 0.7646065092710561, 0.07233204692602158, 0.0]
[0.4642857142857143, 0.5, 0.3333333333333333, 0.42424242424242425, 0.6153846153846154, 0.5869565217391305, 0.0, 0.0, 0.39265815477754146, 0.39264858156499627, 0.36598169142611847, 0.6307866634369302, 0.25756185608250753, 0.25756185608250753, 0.6774932891130447, 0.0, 0.0, 0.0, 0.5626988351345061, 0.27466337382793427, 0.2866468280553818, 0.8150947690010071, 0.8150947690010071, 0.04121534526348114, 0.5279459466063787, 0.039952218532562256, 0.7548960727141347, 0.06440948694944382, 0.0]
[0.4642857142857143, 0.5, 0.3333333333333333, 0.42424242424242425, 0.6153846153846154, 0.5869565217391305, 0.0, 0.0, 0.3884705238998734, 0.3884607797371042, 0.33675648559803717, 0.6608071695955438, 0.2639481851032802, 0.2639481851032802, 0.6615839451551437, 0.0, 0.0, 0.0, 0.5596142768859863, 0.2668777257204056, 0.28960537910461426, 0.813077986240387, 0.813077986240387, 0.03995627909898758, 0.5199270995836409, 0.03916662558913231, 0.7625507922886416, 0.060000576078891754, 0.0]
[0.4642857142857143, 0.5, 0.3333333333333333, 0.42424242424242425, 0.6153846153846154, 0.5869565217391305, 0.0, 0.0, 0.385252796213212, 0.3852429836703532, 0.3282459338354107, 0.6695543506582604, 0.25554896465369636, 0.25554896465369636, 0.6510521769523621, 0.0, 0.0, 0.0, 0.5667414426803589, 0.26832057535648346, 0.2908436805009842, 0.8223315477371216, 0.8223315477371216, 0.039729416370391846, 0.4905703810472337, 0.039123740047216415, 0.7460011091343193, 0.056076277047395706, 0.0]
[0.4642857142857143, 0.5, 0.3333333333333333, 0.42424242424242425, 0.6153846153846154, 0.5869565217391305, 0.0, 0.0, 0.3852414793083818, 0.3852316553688414, 0.3275017305268384, 0.6703895450727383, 0.2530747119869505, 0.2530747119869505, 0.6524153351783752, 0.0, 0.0, 0.0, 0.5663440912961959, 0.26502472162246704, 0.28245992958545685, 0.8216025233268738, 0.8216025233268738, 0.039155665785074234, 0.5404332852552807, 0.03876636549830437, 0.7660640745835249, 0.054705627262592316, 0.0]
[0.4642857142857143, 0.5, 0.3333333333333333, 0.42424242424242425, 0.6153846153846154, 0.5869565217391305, 0.0, 0.0, 0.3811110255823081, 0.38110108767595163, 0.3080169493564, 0.6905917245566224, 0.24736640708787103, 0.24736640708787103, 0.6404720544815063, 0.0, 0.0, 0.0, 0.5703049629926681, 0.2547453045845032, 0.27903929352760315, 0.8279902338981628, 0.8279902338981628, 0.03885028138756752, 0.485276968233169, 0.03848220035433769, 0.7430193804984176, 0.052778612822294235, 0.0]
[0.4642857142857143, 0.5, 0.3333333333333333, 0.42424242424242425, 0.6153846153846154, 0.5869565217391305, 0.0, 0.0, 0.37851480453009817, 0.37850475265692574, 0.2920665412742367, 0.7069611886212698, 0.229056573339871, 0.229056573339871, 0.6289209425449371, 0.0, 0.0, 0.0, 0.5774957567453384, 0.24588504433631897, 0.2696608901023865, 0.8369672894477844, 0.8369672894477844, 0.0376114659011364, 0.514821157568977, 0.03762271627783775, 0.7565893003240575, 0.050020862370729446, 0.0]
[0.4642857142857143, 0.5, 0.3333333333333333, 0.42424242424242425, 0.6153846153846154, 0.5869565217391305, 0.0, 0.0, 0.3716850239733665, 0.3716747099765172, 0.27891563685400766, 0.7207532247616679, 0.22632776626518797, 0.22632776626518797, 0.6065313220024109, 0.0, 0.0, 0.0, 0.5795295566320419, 0.24485808610916138, 0.2685713618993759, 0.8399470448493958, 0.8399470448493958, 0.03703239560127258, 0.5060226013736119, 0.03766275942325592, 0.7519477345915728, 0.04801509156823158, 0.0]
[0.4642857142857143, 0.5, 0.3333333333333333, 0.42424242424242425, 0.6153846153846154, 0.5869565217391305, 0.0, 0.0, 0.37108560410785857, 0.37107529011100926, 0.27486878918416185, 0.725045591143253, 0.22540758763040816, 0.22540758763040816, 0.6057357341051102, 0.0, 0.0, 0.0, 0.5788881868124007, 0.2455991506576538, 0.2711077928543091, 0.8398576974868774, 0.8398576974868774, 0.03698086738586426, 0.5160202989502558, 0.03795836865901947, 0.7565125350862049, 0.04764154180884361, 0.0]
[0.4642857142857143, 0.5, 0.3333333333333333, 0.42424242424242425, 0.6153846153846154, 0.5869565217391305, 0.15097083151340485, 0.15047194063663483, 0.33440555532393446, 0.3343943751792835, 0.25383965508659756, 0.7489989997729238, 0.22859884159905572, 0.22859884159905572, 0.6199426203966141, 0.0, 0.0, 0.0, 0.5785988360643386, 0.24641302227973938, 0.2722077816724777, 0.83927321434021, 0.83927321434021, 0.0, 0.5, 0.0, 0.6976744186046512, 0.04725610837340355, 0.0]
[0.4642857142857143, 0.5, 0.3333333333333333, 0.42424242424242425, 0.6153846153846154, 0.5869565217391305, 0.09919218719005585, 0.09800609201192856, 0.3506382478126832, 0.35062748934525145, 0.26467723828200856, 0.7370224664083124, 0.24607067661626, 0.24607067661626, 0.6444324553012848, 0.0, 0.0, 0.0, 0.5745898365974426, 0.2406771183013916, 0.27376073598861694, 0.8347944617271423, 0.8347944617271423, 0.0, 0.5, 0.0, 0.6976744186046512, 0.04883008450269699, 0.0]
[0.4642857142857143, 0.5, 0.3333333333333333, 0.42424242424242425, 0.6153846153846154, 0.5869565217391305, 0.012684168294072151, 0.012742402963340282, 0.3609982416689054, 0.36098766554837924, 0.30575669108111814, 0.6934691815207105, 0.24791068264416288, 0.24791068264416288, 0.6230634450912476, 0.0, 0.0, 0.0, 0.5797105729579926, 0.2283257246017456, 0.2588513642549515, 0.8436655402183533, 0.8436655402183533, 0.0, 0.5, 0.0, 0.6976744186046512, 0.050037678331136703, 0.0]
[0.4642857142857143, 0.5, 0.3333333333333333, 0.42424242424242425, 0.6153846153846154, 0.5869565217391305, 0.0, 0.0, 0.35982955755740686, 0.35981890166010955, 0.37303580426349237, 0.6241832323734842, 0.25002350764615194, 0.25002350764615194, 0.6352243721485138, 0.0, 0.0, 0.0, 0.5670793592929839, 0.25154735147953033, 0.2788974791765213, 0.8286057710647583, 0.8286057710647583, 0.0, 0.5, 0.0, 0.6976744186046512, 0.054010044783353806, 0.0]
[0.4642857142857143, 0.5, 0.3333333333333333, 0.42424242424242425, 0.6153846153846154, 0.5869565217391305, 0.0, 0.0, 0.35290985718284007, 0.3528990075419556, 0.45435974053169526, 0.5421967300761904, 0.2516973870141166, 0.2516973870141166, 0.6284101009368896, 0.0, 0.0, 0.0, 0.5509728699922561, 0.24391117691993713, 0.2536199390888214, 0.8020143508911133, 0.8020143508911133, 0.0, 0.5, 0.0, 0.6976744186046512, 0.06439704447984695, 0.0]
[0.4642857142857143, 0.5, 0.3333333333333333, 0.42424242424242425, 0.6153846153846154, 0.5869565217391305, 0.0, 0.0, 0.3472360306442581, 0.347224998656468, 0.5188763565018801, 0.4779283124625063, 0.2500431665352413, 0.2500431665352413, 0.6235942542552948, 0.0, 0.0, 0.0, 0.5575738847255707, 0.25952091813087463, 0.2644979953765869, 0.8060699105262756, 0.8060699105262756, 0.0, 0.5, 0.0, 0.6976744186046512, 0.06588597595691681, 0.0]
[0.4642857142857143, 0.5, 0.3333333333333333, 0.42424242424242425, 0.6153846153846154, 0.5869565217391305, 0.0, 0.0, 0.33884720683781644, 0.3388358785363046, 0.5559206788444154, 0.4416187925908073, 0.24777277239731382, 0.24777277239731382, 0.6138772815465927, 0.0, 0.0, 0.0, 0.5603530496358871, 0.2631969004869461, 0.26083536446094513, 0.8079500794410706, 0.8079500794410706, 0.0, 0.5, 0.0, 0.6976744186046512, 0.06540301442146301, 0.0]
[0.4642857142857143, 0.5, 0.3333333333333333, 0.42424242424242425, 0.6153846153846154, 0.5869565217391305, 0.0, 0.0, 0.34065393416877, 0.34064273123075584, 0.5716855546484486, 0.4262747905399735, 0.24418558393205916, 0.24418558393205916, 0.6057697236537933, 0.0, 0.0, 0.0, 0.5564376145601272, 0.2608199715614319, 0.25540703535079956, 0.7995204925537109, 0.7995204925537109, 0.0, 0.5, 0.0, 0.6976744186046512, 0.06434255838394165, 0.05369951017200947]
[0.4642857142857143, 0.5, 0.3333333333333333, 0.42424242424242425, 0.6153846153846154, 0.5869565217391305, 0.0, 0.0, 0.337129339433309, 0.3371180111317972, 0.5879830999538502, 0.410284072394986, 0.2461816796234676, 0.2461816796234676, 0.5965466499328613, 0.0, 0.0, 0.0, 0.5560120791196823, 0.2560003250837326, 0.2472093105316162, 0.7970678806304932, 0.7970678806304932, 0.0, 0.5, 0.0, 0.6976744186046512, 0.0638769268989563, 0.0649846438318491]
[0.4642857142857143, 0.5, 0.3333333333333333, 0.42424242424242425, 0.6153846153846154, 0.5869565217391305, 0.42570364475250244, 0.4239036738872528, 0.2548998199958874, 0.2548861439779657, 0.593859137814086, 0.4063832504064991, 0.32023768339838304, 0.32023768339838304, 0.5965128690004349, 0.0, 0.0, 0.0, 0.5624793499708175, 0.25413647294044495, 0.24495965242385864, 0.8045139908790588, 0.8045139908790588, 0.10438887774944305, 0.45824444890022276, 0.1042804941534996, 0.6016399000966272, 0.06369911879301071, 0.10759800672531128]
[0.4642857142857143, 0.5, 0.3333333333333333, 0.42424242424242425, 0.6153846153846154, 0.5869565217391305, 0.15948139131069183, 0.15890569984912872, 0.3196009354199324, 0.3195926044456817, 0.6004666146995005, 0.39859482658018297, 0.3172750025987625, 0.3172750025987625, 0.5917372107505798, 0.0, 0.0, 0.0, 0.5575267165899276, 0.2569986879825592, 0.2474709451198578, 0.7975282669067383, 0.7975282669067383, 0.10820376127958298, 0.4567184954881668, 0.0, 0.6976744186046512, 0.06270985305309296, 0.13249379582703114]
[0.4642857142857143, 0.5, 0.3333333333333333, 0.42424242424242425, 0.6153846153846154, 0.5869565217391305, 0.06941001117229462, 0.06870482116937637, 0.3329521365193062, 0.3329442500156381, 0.6196431840127102, 0.3798314325617508, 0.2779760850327356, 0.2779760850327356, 0.5883956104516983, 0.0, 0.0, 0.0, 0.5527562260627746, 0.2619936764240265, 0.2515552490949631, 0.7887058258056641, 0.7887058258056641, 0.0, 0.5, 0.0, 0.6976744186046512, 0.05944955348968506, 0.13936313800513744]
[0.4642857142857143, 0.5, 0.3333333333333333, 0.42424242424242425, 0.6153846153846154, 0.5869565217391305, 0.03494219854474068, 0.03415387123823166, 0.33840882208333645, 0.3384011407199371, 0.6587069969104308, 0.34180803412410493, 0.2658099468265261, 0.2658099468265261, 0.575634628534317, 0.0, 0.0, 0.0, 0.5401542395353317, 0.27794672548770905, 0.26474663615226746, 0.766085684299469, 0.766085684299469, 0.0, 0.5, 0.0, 0.6976744186046512, 0.05741678923368454, 0.1406087540090084]
[0.4642857142857143, 0.5, 0.3333333333333333, 0.42424242424242425, 0.6153846153846154, 0.5869565217391305, 0.02821464091539383, 0.02763865701854229, 0.34907179671993216, 0.3490644800503441, 0.6688693723076844, 0.331874321746502, 0.2540194881813867, 0.2540194881813867, 0.5737317055463791, 0.0, 0.0, 0.0, 0.5406142175197601, 0.2917425036430359, 0.2788874953985214, 0.7666193842887878, 0.7666193842887878, 0.0, 0.5, 0.0, 0.6976744186046512, 0.057075295597314835, 0.144966384395957]
[0.4642857142857143, 0.5, 0.3333333333333333, 0.42424242424242425, 0.6153846153846154, 0.5869565217391305, 0.01730610616505146, 0.017209114506840706, 0.35751013910793206, 0.35750303897529445, 0.6754965882456325, 0.32526246853535257, 0.2522078369344984, 0.2522078369344984, 0.5800059139728546, 0.0, 0.0, 0.0, 0.5554476886987686, 0.2995462715625763, 0.2877173125743866, 0.7923466563224792, 0.7923466563224792, 0.047616492956876755, 0.4809534028172493, 0.04843614622950554, 0.75271429450706, 0.05903639271855354, 0.11405335739254951]
[0.4642857142857143, 0.5, 0.3333333333333333, 0.42424242424242425, 0.6153846153846154, 0.5869565217391305, 0.28237009048461914, 0.28203728795051575, 0.28553699489761264, 0.2855276040319731, 0.6582277436557281, 0.3431760006100858, 0.29448086661951883, 0.29448086661951883, 0.616595059633255, 0.0, 0.0, 0.0, 0.5655863136053085, 0.29965510964393616, 0.28833454847335815, 0.8072941303253174, 0.8072941303253174, 0.0, 0.5, 0.0, 0.6976744186046512, 0.06171255186200142, 0.17102571204304695]
[0.4642857142857143, 0.5, 0.3333333333333333, 0.42424242424242425, 0.6153846153846154, 0.5869565217391305, 0.025204254314303398, 0.024838514626026154, 0.38898808140143837, 0.38898208674691603, 0.6737683498608679, 0.32635205967653724, 0.29580009835106985, 0.29580009835106985, 0.6138331890106201, 0.0, 0.0, 0.0, 0.5668218433856964, 0.31473368406295776, 0.3031511902809143, 0.8091129660606384, 0.8091129660606384, 0.050307340919971466, 0.5975744724273682, 0.05023975297808647, 0.8, 0.0632687509059906, 0.17991380766034126]
[0.4642857142857143, 0.5, 0.3333333333333333, 0.42424242424242425, 0.6153846153846154, 0.5869565217391305, 0.0, 0.0, 0.41875786626316164, 0.41875297138841383, 0.6798990921582136, 0.3203520715072045, 0.27208673102515085, 0.27208673102515085, 0.6251812726259232, 0.0, 0.0, 0.0, 0.561502879858017, 0.33419300615787506, 0.32084061205387115, 0.8011429309844971, 0.8011429309844971, 0.04644889011979103, 0.6031746031746031, 0.0465642511844635, 0.8, 0.06192817911505699, 0.183749757707119]
[0.4642857142857143, 0.5, 0.3333333333333333, 0.42424242424242425, 0.6153846153846154, 0.5869565217391305, 0.0, 0.0, 0.4311743628226548, 0.43116991241848945, 0.6804210259855136, 0.31985880033413217, 0.26831438498837606, 0.26831438498837606, 0.63408562541008, 0.0, 0.0, 0.0, 0.556125795841217, 0.341844379901886, 0.33094991743564606, 0.7953488230705261, 0.7953488230705261, 0.04390013962984085, 0.6031746031746031, 0.043978724628686905, 0.8, 0.06045868620276451, 0.1870979182422161]
[0.4642857142857143, 0.5, 0.3333333333333333, 0.42424242424242425, 0.6153846153846154, 0.5869565217391305, 0.0, 0.0, 0.44278091431575795, 0.4427769026838343, 0.680165250260333, 0.320072191800437, 0.27606303138392313, 0.27606303138392313, 0.640301525592804, 0.0, 0.0, 0.0, 0.5517992824316025, 0.3474625200033188, 0.3369661271572113, 0.7904724478721619, 0.7904724478721619, 0.04173630475997925, 0.6031746031746031, 0.04172833636403084, 0.8, 0.058897778391838074, 0.19101683050394058]
[0.4642857142857143, 0.5, 0.3333333333333333, 0.42424242424242425, 0.6153846153846154, 0.5869565217391305, 0.0, 0.0, 0.4488955303086377, 0.44889150728003246, 0.6751839658726242, 0.3248429566856046, 0.29140543724809376, 0.29140543724809376, 0.6423672884702682, 0.0, 0.0, 0.0, 0.5486757546663283, 0.3458094745874405, 0.3351670354604721, 0.7863730788230896, 0.7863730788230896, 0.04008110985159874, 0.6031746031746031, 0.03998088464140892, 0.8, 0.05715292692184448, 0.1942482404410839]
[0.4642857142857143, 0.5, 0.3333333333333333, 0.42424242424242425, 0.6153846153846154, 0.5869565217391305, 0.0, 0.0, 0.4503864498940754, 0.45038248384887813, 0.6686519008293662, 0.3310998488515964, 0.29166621821267263, 0.29166621821267263, 0.6415764391422272, 0.0, 0.0, 0.0, 0.5342223823070525, 0.35071781277656555, 0.34043070673942566, 0.7663357257843018, 0.7663357257843018, 0.038991570472717285, 0.6031746031746031, 0.03879585117101669, 0.8, 0.056118354201316833, 0.19615484401583672]
[0.4642857142857143, 0.5, 0.3333333333333333, 0.42424242424242425, 0.6153846153846154, 0.5869565217391305, 0.0, 0.0, 0.47133582431545223, 0.47133266743464863, 0.658931785058337, 0.3406625080696205, 0.2907822600432805, 0.2907822600432805, 0.6675582975149155, 0.0, 0.0, 0.0, 0.5383856534957885, 0.34416189789772034, 0.33498041331768036, 0.7743884921073914, 0.7743884921073914, 0.037945110350847244, 0.6031746031746031, 0.037692587822675705, 0.8, 0.05316600576043129, 0.19349757581949234]
[0.4642857142857143, 0.5, 0.3333333333333333, 0.42424242424242425, 0.6153846153846154, 0.5869565217391305, 0.0, 0.0, 0.466749973438438, 0.46674664845658076, 0.6488288661489979, 0.3503066079743683, 0.29036018465246477, 0.29036018465246477, 0.7076781392097473, 0.0, 0.0, 0.0, 0.49239334166049953, 0.3775886371731758, 0.37000079452991486, 0.7072518467903137, 0.7072518467903137, 0.03740590065717697, 0.5901242229673598, 0.0370577797293663, 0.8, 0.047118548303842545, 0.19181964918971062]
[0.4642857142857143, 0.5, 0.3333333333333333, 0.42424242424242425, 0.6153846153846154, 0.5869565217391305, 0.09158603847026825, 0.09159615635871887, 0.424852794488575, 0.4248478711221232, 0.6345226345281072, 0.36415191220457144, 0.3755703355584826, 0.3755703355584826, 0.6842460334300995, 0.0, 0.0, 0.0, 0.529252079129219, 0.3470359146595001, 0.3378527909517288, 0.7570757269859314, 0.7570757269859314, 0.04088347777724266, 0.5224656070035602, 0.0414610281586647, 0.7759342754129753, 0.04477323591709137, 0.19556520506739616]
[0.4642857142857143, 0.5, 0.3333333333333333, 0.42424242424242425, 0.6153846153846154, 0.5869565217391305, 0.0, 0.0, 0.4846748722784834, 0.484672222550011, 0.6315504027598219, 0.36701324286419346, 0.29422072427613394, 0.29422072427613394, 0.6880643665790558, 0.0, 0.0, 0.0, 0.5363634526729584, 0.35532955825328827, 0.3479384183883667, 0.7729280591011047, 0.7729280591011047, 0.03929474577307701, 0.6031746031746031, 0.03955686464905739, 0.8, 0.043971363455057144, 0.19012637436389923]
[0.4642857142857143, 0.5, 0.3333333333333333, 0.42424242424242425, 0.6153846153846154, 0.5869565217391305, 0.0, 0.0, 0.4783126163665013, 0.47830971733561894, 0.6134983098301787, 0.38443815361194766, 0.28637839215142386, 0.28637839215142386, 0.6853600293397903, 0.0, 0.0, 0.0, 0.5275018513202667, 0.3594311475753784, 0.3516470789909363, 0.7622889280319214, 0.7622889280319214, 0.03764360025525093, 0.6031746031746031, 0.037725791335105896, 0.8, 0.04407680407166481, 0.1575278304517269]
[0.4642857142857143, 0.5, 0.3333333333333333, 0.42424242424242425, 0.6153846153846154, 0.5869565217391305, 0.0, 0.0, 0.4655841214023174, 0.4655807194928594, 0.580560549495325, 0.41619228308738254, 0.28197198041847776, 0.28197198041847776, 0.6805567592382431, 0.0, 0.0, 0.0, 0.5183792501688004, 0.36977051198482513, 0.35954584181308746, 0.7531585097312927, 0.7531585097312927, 0.03632589802145958, 0.6031746031746031, 0.03610410541296005, 0.8, 0.0443619005382061, 0.0]
[0.4642857142857143, 0.5, 0.3333333333333333, 0.42424242424242425, 0.6153846153846154, 0.5869565217391305, 0.0, 0.0, 0.44053427507498977, 0.44052989874925486, 0.530663199224162, 0.46509305053591, 0.2883594483137131, 0.2883594483137131, 0.6580184698104858, 0.0, 0.0, 0.0, 0.5209730386734008, 0.3535648435354233, 0.3411087691783905, 0.7565057277679443, 0.7565057277679443, 0.03645425662398338, 0.6031746031746031, 0.036110568791627884, 0.8, 0.04396458715200424, 0.0]
[0.4642857142857143, 0.5, 0.3333333333333333, 0.42424242424242425, 0.6153846153846154, 0.5869565217391305, 0.0, 0.0, 0.4281321953177224, 0.4281273118396562, 0.4979222077612781, 0.4973610677814342, 0.2915923297405243, 0.2915923297405243, 0.6625686138868332, 0.0, 0.0, 0.0, 0.5226215034723282, 0.349054217338562, 0.3408976346254349, 0.7576792240142822, 0.7576792240142822, 0.038685012608766556, 0.6031746031746031, 0.03814306855201721, 0.797464790385823, 0.04580802842974663, 0.0]
[0.4642857142857143, 0.5, 0.3333333333333333, 0.42424242424242425, 0.6153846153846154, 0.5869565217391305, 0.0, 0.0, 0.42885097262964195, 0.42884612334162053, 0.500421869493736, 0.4948468914400729, 0.29178500175476074, 0.29178500175476074, 0.6640370041131973, 0.0, 0.0, 0.0, 0.5349752575159072, 0.3417298495769501, 0.33626513183116913, 0.7751113772392273, 0.7751113772392273, 0.04040255397558212, 0.5906083687903388, 0.039734408259391785, 0.7842757262636063, 0.047681305557489395, 0.0]
[0.4642857142857143, 0.5, 0.3333333333333333, 0.42424242424242425, 0.6153846153846154, 0.5869565217391305, 0.0, 0.0, 0.43427946280339025, 0.43427484714734166, 0.5279756223722352, 0.46783173580647835, 0.293342119881085, 0.293342119881085, 0.6499418169260025, 0.0, 0.0, 0.0, 0.5373840868473052, 0.338437020778656, 0.32991211116313934, 0.778494119644165, 0.778494119644165, 0.040983859449625015, 0.568699924718766, 0.040385641157627106, 0.779575454720924, 0.04776725545525551, 0.0]
[0.4642857142857143, 0.5, 0.3333333333333333, 0.42424242424242425, 0.6153846153846154, 0.5869565217391305, 0.27807286381721497, 0.27803394198417664, 0.3191228446267531, 0.3191141033719648, 0.5681876851313429, 0.4294995955659094, 0.32817644732339046, 0.32817644732339046, 0.6170889139175415, 0.0, 0.0, 0.0, 0.5441029697656631, 0.30047251284122467, 0.2919915169477463, 0.7788756489753723, 0.7788756489753723, 0.0, 0.5, 0.0, 0.6976744186046512, 0.05005495995283127, 0.1256226934492588]
[0.4642857142857143, 0.5, 0.3333333333333333, 0.42424242424242425, 0.6153846153846154, 0.5869565217391305, 0.026722488924860954, 0.02656339854001999, 0.4051423932124734, 0.4051366777766503, 0.6465014814190837, 0.3521958586767978, 0.31631684729031156, 0.31631684729031156, 0.6362673789262772, 0.0, 0.0, 0.0, 0.5410367488861083, 0.33792412281036377, 0.3257806748151779, 0.7729215621948242, 0.7729215621948242, 0.051780447363853455, 0.5226993305342538, 0.052280835807323456, 0.7764627853798312, 0.052364788949489594, 0.18489554524421692]
[0.4642857142857143, 0.5, 0.3333333333333333, 0.42424242424242425, 0.6153846153846154, 0.5869565217391305, 0.0, 0.0, 0.41595698930109437, 0.4159516841458089, 0.6577930970128134, 0.3414546458210083, 0.28692382786955156, 0.28692382786955156, 0.6198211908340454, 0.0, 0.0, 0.0, 0.5420852541923522, 0.3367006331682205, 0.32593949139118195, 0.7740357518196106, 0.7740357518196106, 0.04831065982580185, 0.5402681070660788, 0.048541709780693054, 0.7844680898584598, 0.05315505340695381, 0.1931772567331791]
[0.4642857142857143, 0.5, 0.3333333333333333, 0.42424242424242425, 0.6153846153846154, 0.5869565217391305, 0.0, 0.0, 0.41499251662887077, 0.4149872171719261, 0.6431003013486845, 0.35585615370008683, 0.27090287634304594, 0.27090287634304594, 0.608684703707695, 0.0, 0.0, 0.0, 0.5428570508956909, 0.3223476856946945, 0.31191590428352356, 0.7761344313621521, 0.7761344313621521, 0.045261457562446594, 0.5418463765628754, 0.04538924992084503, 0.782300665714713, 0.054593052715063095, 0.18849024549126625]
[0.4642857142857143, 0.5, 0.3333333333333333, 0.42424242424242425, 0.6153846153846154, 0.5869565217391305, 0.0, 0.0, 0.41374310412324866, 0.413737747682896, 0.5940217114771301, 0.4034831596327507, 0.269308973635946, 0.269308973635946, 0.6040464490652084, 0.0, 0.0, 0.0, 0.5390292972326278, 0.32336126267910004, 0.3148007243871689, 0.7751684188842773, 0.7751684188842773, 0.04333791509270668, 0.5307675524363442, 0.04341956973075867, 0.7746257637302543, 0.05444299802184105, 0.07145824376493692]
[0.4642857142857143, 0.5, 0.3333333333333333, 0.42424242424242425, 0.6153846153846154, 0.5869565217391305, 0.0, 0.0, 0.4021430316436359, 0.4021371737492928, 0.5255159848506774, 0.47032257174392, 0.2811415174177715, 0.2811415174177715, 0.6126028597354889, 0.0, 0.0, 0.0, 0.531296581029892, 0.329559862613678, 0.32047025859355927, 0.7662357687950134, 0.7662357687950134, 0.04295972362160683, 0.5013031434445154, 0.04305589199066162, 0.7488345359127189, 0.052402086555957794, 0.0]
[0.4642857142857143, 0.5, 0.3333333333333333, 0.42424242424242425, 0.6153846153846154, 0.5869565217391305, 0.0, 0.0, 0.39722513559899414, 0.39721908396106376, 0.46180802469727644, 0.5334895926788655, 0.27572272079331533, 0.27572272079331533, 0.6445074826478958, 0.0, 0.0, 0.0, 0.5483642280101776, 0.31956520676612854, 0.31747955083847046, 0.7921667098999023, 0.7921667098999023, 0.04456112161278725, 0.5012661152415805, 0.04442504793405533, 0.743788696912139, 0.05216401815414429, 0.0]
[0.4642857142857143, 0.5, 0.3333333333333333, 0.42424242424242425, 0.6153846153846154, 0.5869565217391305, 0.0, 0.0, 0.3967605270801493, 0.3967544412521742, 0.43317963174378665, 0.5622776232253018, 0.2754058369568416, 0.2754058369568416, 0.6486335098743439, 0.0, 0.0, 0.0, 0.5502473026514053, 0.3141532987356186, 0.3140912503004074, 0.7954283356666565, 0.7954283356666565, 0.04547597095370293, 0.4917375085845826, 0.045308973640203476, 0.7385086259523104, 0.05245200917124748, 0.0]
[0.4642857142857143, 0.5, 0.3333333333333333, 0.42424242424242425, 0.6153846153846154, 0.5869565217391305, 0.0, 0.0, 0.39579290322546296, 0.39578511929192917, 0.42072391350456223, 0.5748878192098779, 0.26056915521621704, 0.26056915521621704, 0.6536796241998672, 0.0, 0.0, 0.0, 0.5498223096132278, 0.314577654004097, 0.3148666322231293, 0.794745147228241, 0.794745147228241, 0.04546622931957245, 0.5066783115977332, 0.04547455906867981, 0.7450590174385282, 0.0517004020512104, 0.0]
[0.4642857142857143, 0.5, 0.3333333333333333, 0.42424242424242425, 0.6153846153846154, 0.5869565217391305, 0.0, 0.0, 0.393928656842467, 0.3939208045288436, 0.4192151809057816, 0.5765596311994488, 0.2694408701998847, 0.2694408701998847, 0.6501393914222717, 0.0, 0.0, 0.0, 0.5415292292833328, 0.30505886673927307, 0.3060978502035141, 0.7828556895256042, 0.7828556895256042, 0.045716799795627594, 0.49586870178343756, 0.045885857194662094, 0.738324478355258, 0.051638104021549225, 0.0]
[0.4642857142857143, 0.5, 0.3333333333333333, 0.42424242424242425, 0.6153846153846154, 0.5869565217391305, 0.0, 0.0, 0.3905985920652605, 0.39059062578482107, 0.4440824552430249, 0.5515709804224188, 0.2844524064234325, 0.2844524064234325, 0.6376291215419769, 0.0, 0.0, 0.0, 0.5377444714307784, 0.30194680392742157, 0.30275899171829224, 0.7788394093513489, 0.7788394093513489, 0.04681642726063728, 0.4812734290957451, 0.0, 0.6976744186046512, 0.05405636131763458, 0.0]
[0.4642857142857143, 0.5, 0.3333333333333333, 0.42424242424242425, 0.6153846153846154, 0.5869565217391305, 0.9358538389205933, 0.9358322024345398, 0.3185034463783979, 0.31849312098486704, 0.4922192447158164, 0.505669601965994, 0.41379064321517944, 0.41379064321517944, 0.5834608376026154, 0.0, 0.0, 0.0, 0.4846913546323776, 0.27719174325466156, 0.26513737440109253, 0.6924943327903748, 0.6924943327903748, 0.12661771476268768, 0.44935291409492495, 0.13266107439994812, 0.5687536056651625, 0.05354178324341774, 0.0]
[0.4642857142857143, 0.5, 0.3333333333333333, 0.42424242424242425, 0.6153846153846154, 0.5869565217391305, 0.9581406712532043, 0.9581178426742554, 0.3104174210054241, 0.31040682209153475, 0.5281610321360382, 0.4701854639659142, 0.42390587074416025, 0.42390587074416025, 0.5727132856845856, 0.0, 0.0, 0.0, 0.49045054018497464, 0.27456770837306976, 0.2652558982372284, 0.7018720507621765, 0.7018720507621765, 0.14225327968597412, 0.4430986881256104, 0.14968009293079376, 0.5548663645289665, 0.053961120545864105, 0.07705840282142162]
[0.4642857142857143, 0.5, 0.3333333333333333, 0.42424242424242425, 0.6153846153846154, 0.5869565217391305, 0.07377168536186218, 0.07349880039691925, 0.35741749548319424, 0.35740837813791304, 0.5786189766276635, 0.4190786864465277, 0.286761469074658, 0.286761469074658, 0.5961067378520966, 0.0, 0.0, 0.0, 0.5161850452423096, 0.3082786649465561, 0.29874344170093536, 0.7381559610366821, 0.7381559610366821, 0.0, 0.5, 0.0, 0.6976744186046512, 0.053894445300102234, 0.13462153263390064]
[0.4642857142857143, 0.5, 0.3333333333333333, 0.42424242424242425, 0.6153846153846154, 0.5869565217391305, 0.0, 0.0, 0.38143107859172054, 0.38142289577433075, 0.6296337544348226, 0.3690844301917079, 0.2600340758051191, 0.2600340758051191, 0.5704241991043091, 0.0, 0.0, 0.0, 0.5282685995101928, 0.3190564811229706, 0.30749790370464325, 0.7504039406776428, 0.7504039406776428, 0.0, 0.5, 0.0, 0.6976744186046512, 0.0544012151658535, 0.14204095117747784]
[0.4642857142857143, 0.5, 0.3333333333333333, 0.42424242424242425, 0.6153846153846154, 0.5869565217391305, 0.0, 0.0, 0.3842246103924957, 0.3842165415419219, 0.6425710736451595, 0.35652700796587244, 0.24867715580122812, 0.24867715580122812, 0.5687207728624344, 0.0, 0.0, 0.0, 0.5342413038015366, 0.3237478733062744, 0.31187452375888824, 0.7570038437843323, 0.7570038437843323, 0.048195984214544296, 0.48072160631418226, 0.049321047961711884, 0.736963500290416, 0.05524589866399765, 0.15526305884122849]
[0.4642857142857143, 0.5, 0.3333333333333333, 0.42424242424242425, 0.6153846153846154, 0.5869565217391305, 0.942733108997345, 0.9426672458648682, 0.32776098223990735, 0.32775099874682456, 0.5978973126092331, 0.40154745605611386, 0.36852113902568817, 0.36852113902568817, 0.6285696178674698, 0.0, 0.0, 0.0, 0.4818851739168167, 0.2889503389596939, 0.2768733501434326, 0.6873188614845276, 0.6873188614845276, 0.0, 0.5, 0.0, 0.6976744186046512, 0.0572599433362484, 0.18036505207419395]
[0.4642857142857143, 0.5, 0.3333333333333333, 0.42424242424242425, 0.6153846153846154, 0.5869565217391305, 0.5699672698974609, 0.5697245597839355, 0.25582208505780013, 0.2558096170881282, 0.5478314794956156, 0.4515791390133127, 0.3349548365388598, 0.3349548365388598, 0.6233842670917511, 0.0, 0.0, 0.0, 0.48255906701087947, 0.3124898225069046, 0.30316825211048126, 0.6901883482933044, 0.6901883482933044, 0.1385938972234726, 0.44456244111061094, 0.14334546029567719, 0.6036860409171082, 0.05554581806063652, 0.1549674291163683]
[0.4642857142857143, 0.5, 0.3333333333333333, 0.42424242424242425, 0.6153846153846154, 0.5869565217391305, 0.11689656227827072, 0.11670517921447754, 0.3678870798296956, 0.36787798527777765, 0.5006135708935573, 0.4953449492194178, 0.2999851214034217, 0.2999851214034217, 0.625247061252594, 0.0, 0.0, 0.0, 0.5253779292106628, 0.31284141540527344, 0.3040778189897537, 0.754783034324646, 0.754783034324646, 0.0, 0.5, 0.0, 0.6976744186046512, 0.05155371502041817, 0.0321158510632813]
[0.4642857142857143, 0.5, 0.3333333333333333, 0.42424242424242425, 0.6153846153846154, 0.5869565217391305, 0.007324759848415852, 0.0073017822578549385, 0.3867243015515417, 0.386715913593883, 0.4416816986769609, 0.5539080726320333, 0.2526232600212097, 0.2526232600212097, 0.6408304423093796, 0.0, 0.0, 0.0, 0.553352889418602, 0.30756664276123047, 0.3016762137413025, 0.7973853945732117, 0.7973853945732117, 0.0, 0.5, 0.0, 0.6976744186046512, 0.04909197986125946, 0.0]
[0.4642857142857143, 0.5, 0.3333333333333333, 0.42424242424242425, 0.6153846153846154, 0.5869565217391305, 0.0, 0.0, 0.3921669350071573, 0.39215872939640434, 0.4151820548405839, 0.5805406772788984, 0.24699343102318902, 0.24699343102318902, 0.6428678184747696, 0.0, 0.0, 0.0, 0.5478804469108581, 0.30728723108768463, 0.3021552860736847, 0.7896202206611633, 0.7896202206611633, 0.0, 0.5, 0.0, 0.6976744186046512, 0.047962892800569534, 0.0]
[0.4642857142857143, 0.5, 0.3333333333333333, 0.42424242424242425, 0.6153846153846154, 0.5869565217391305, 0.0, 0.0, 0.39651218199137295, 0.39650419291757033, 0.3985104419533199, 0.5975425033172225, 0.24487979710102084, 0.24487979710102084, 0.6480216234922409, 0.0, 0.0, 0.0, 0.5374208241701126, 0.31401675939559937, 0.31047843396663666, 0.77348393201828, 0.77348393201828, 0.04766778275370598, 0.4809328868985176, 0.0, 0.6976744186046512, 0.04626862332224846, 0.0]
[0.4642857142857143, 0.5, 0.3333333333333333, 0.42424242424242425, 0.6153846153846154, 0.5869565217391305, 0.0, 0.0, 0.39625075351211814, 0.3962427302482707, 0.4036045079021563, 0.5922374164118543, 0.24685174226760867, 0.24685174226760867, 0.6496858149766922, 0.0, 0.0, 0.0, 0.5333668887615204, 0.31398598849773407, 0.31038154661655426, 0.7678024768829346, 0.7678024768829346, 0.045591145753860474, 0.4817635416984558, 0.0, 0.6976744186046512, 0.045813050121068954, 0.0]
[0.4642857142857143, 0.5, 0.3333333333333333, 0.42424242424242425, 0.6153846153846154, 0.5869565217391305, 0.0, 0.0, 0.39198315211965296, 0.39197496930226317, 0.456126721935564, 0.5394054704888095, 0.28538256883621216, 0.28538256883621216, 0.6350003033876419, 0.0, 0.0, 0.0, 0.5264495491981506, 0.3023052364587784, 0.2959616184234619, 0.7596890926361084, 0.7596890926361084, 0.0, 0.5, 0.0, 0.6976744186046512, 0.048127446323633194, 0.0]
[0.4642857142857143, 0.5, 0.3333333333333333, 0.42424242424242425, 0.6153846153846154, 0.5869565217391305, 0.0, 0.0, 0.39544879182118986, 0.39544079135070564, 0.5000996200521841, 0.495638333993883, 0.2825109979936055, 0.2825109979936055, 0.6024965792894363, 0.0, 0.0, 0.0, 0.5402313858270644, 0.3012850135564804, 0.2917947322130203, 0.7779702544212341, 0.7779702544212341, 0.0, 0.5, 0.0, 0.6976744186046512, 0.047587428241968155, 0.0]
[0.4642857142857143, 0.5, 0.3333333333333333, 0.42424242424242425, 0.6153846153846154, 0.5869565217391305, 0.0, 0.0, 0.40062486829083005, 0.4006170615639331, 0.528128856454707, 0.4678897677091927, 0.2780913135835103, 0.2780913135835103, 0.594321608543396, 0.0, 0.0, 0.0, 0.5487221509218215, 0.2959451228380203, 0.2844132035970688, 0.7895553708076477, 0.7895553708076477, 0.0, 0.5, 0.0, 0.6976744186046512, 0.04748164862394333, 0.0]
[0.4642857142857143, 0.5, 0.3333333333333333, 0.42424242424242425, 0.6153846153846154, 0.5869565217391305, 0.0, 0.0, 0.3976663011437848, 0.39765835765670865, 0.5291126578989266, 0.4668006723236577, 0.2771732956171036, 0.2771732956171036, 0.5938536077737808, 0.0, 0.0, 0.0, 0.5549242913722991, 0.2974206358194351, 0.2853012681007385, 0.7978373169898987, 0.7978373169898987, 0.045951101928949356, 0.48161955922842026, 0.0, 0.6976744186046512, 0.048082415014505386, 0.0]
[0.4642857142857143, 0.5, 0.3333333333333333, 0.42424242424242425, 0.6153846153846154, 0.5869565217391305, 0.0, 0.0, 0.4089328041496058, 0.4089252937364305, 0.4672574933126825, 0.5280374814579131, 0.285077126962798, 0.285077126962798, 0.647453561425209, 0.0, 0.0, 0.0, 0.5581729680299758, 0.30023133754730225, 0.29632848501205444, 0.8042980432510376, 0.8042980432510376, 0.04684382677078247, 0.5038502840768723, 0.047112975269556046, 0.7410320212934599, 0.05314827710390091, 0.0]
[0.4642857142857143, 0.5, 0.3333333333333333, 0.42424242424242425, 0.6153846153846154, 0.5869565217391305, 0.0, 0.0, 0.4089755531022927, 0.4089658545262499, 0.3888908107239703, 0.6070470622524426, 0.2578267455101013, 0.2578267455101013, 0.6748662739992142, 0.0, 0.0, 0.0, 0.5654303938150406, 0.309928759932518, 0.310175359249115, 0.8171989321708679, 0.8171989321708679, 0.04586600139737129, 0.5610840240168193, 0.04609513655304909, 0.7658423158491767, 0.05315621942281723, 0.0]
[0.4642857142857143, 0.5, 0.3333333333333333, 0.42424242424242425, 0.6153846153846154, 0.5869565217391305, 0.0, 0.0, 0.4035763922886456, 0.4035664543822892, 0.366730635754237, 0.6296415761546874, 0.2539376382316862, 0.2539376382316862, 0.665730893611908, 0.0, 0.0, 0.0, 0.5655248761177063, 0.30991131067276, 0.3136392682790756, 0.8173858523368835, 0.8173858523368835, 0.04510464146733284, 0.5509135439282371, 0.04556473717093468, 0.7595445874125458, 0.05255866423249245, 0.0]
[0.4642857142857143, 0.5, 0.3333333333333333, 0.42424242424242425, 0.6153846153846154, 0.5869565217391305, 0.0, 0.0, 0.4033961309757561, 0.40338621586276285, 0.35935089693014755, 0.6372475163152017, 0.25147099580083576, 0.25147099580083576, 0.6634916216135025, 0.0, 0.0, 0.0, 0.564279207587242, 0.3096725344657898, 0.3161180168390274, 0.8157886862754822, 0.8157886862754822, 0.04430779442191124, 0.5434199510112641, 0.04496743157505989, 0.7587988631323327, 0.05197717621922493, 0.0]
[0.4642857142857143, 0.5, 0.3333333333333333, 0.42424242424242425, 0.6153846153846154, 0.5869565217391305, 0.0, 0.0, 0.40060600678277974, 0.4005959777029705, 0.35182185018039797, 0.645028070732872, 0.250343063047954, 0.250343063047954, 0.6627258360385895, 0.0, 0.0, 0.0, 0.563621586561203, 0.30934473872184753, 0.3178716450929642, 0.8151137828826904, 0.8151137828826904, 0.04362599924206734, 0.5341106516028207, 0.0443093366920948, 0.755745085432779, 0.05097765102982521, 0.0]
[0.4642857142857143, 0.5, 0.3333333333333333, 0.42424242424242425, 0.6153846153846154, 0.5869565217391305, 0.0, 0.0, 0.39888171164984915, 0.39887159139658707, 0.3409423385933754, 0.6562385818419852, 0.24966530501842502, 0.24966530501842502, 0.6583447009325027, 0.0, 0.0, 0.0, 0.5640094041824341, 0.3055792897939682, 0.3167736679315567, 0.8159845471382141, 0.8159845471382141, 0.043121613562107086, 0.5318806573512062, 0.043780408799648285, 0.7553993377747924, 0.05012369155883789, 0.0]
[0.4642857142857143, 0.5, 0.3333333333333333, 0.42424242424242425, 0.6153846153846154, 0.5869565217391305, 0.26551368832588196, 0.2638968229293823, 0.3272844072053811, 0.3272716885087139, 0.34817833107242624, 0.6502748522151675, 0.26560972843851366, 0.26560972843851366, 0.6676487922668457, 0.0, 0.0, 0.0, 0.5692546010017394, 0.2973584234714508, 0.30878251791000366, 0.8228359818458557, 0.8228359818458557, 0.0, 0.5, 0.0, 0.6976744186046512, 0.050635550171136856, 0.0]
[0.4642857142857143, 0.5, 0.3333333333333333, 0.42424242424242425, 0.6153846153846154, 0.5869565217391305, 0.03568226099014282, 0.03463088721036911, 0.385105915780733, 0.3850953396602069, 0.3308437390263632, 0.6670353763139448, 0.26305028370448524, 0.26305028370448524, 0.6640016138553619, 0.0, 0.0, 0.0, 0.5697831094264983, 0.2946631461381912, 0.306611105799675, 0.8236644864082336, 0.8236644864082336, 0.0, 0.5, 0.0, 0.6976744186046512, 0.050407860428094864, 0.0]
[0.4642857142857143, 0.5, 0.3333333333333333, 0.42424242424242425, 0.6153846153846154, 0.5869565217391305, 0.0, 0.0, 0.38594619311520517, 0.3859356283913607, 0.3006482881068272, 0.6980454278443051, 0.25900172335760935, 0.25900172335760935, 0.624700739979744, 0.0, 0.0, 0.0, 0.5695376724004745, 0.2753545939922333, 0.2913806289434433, 0.8236618041992188, 0.8236618041992188, 0.045838795602321625, 0.4995643435016511, 0.046642761677503586, 0.7403577294547198, 0.050051264464855194, 0.0]
[0.4642857142857143, 0.5, 0.3333333333333333, 0.42424242424242425, 0.6153846153846154, 0.5869565217391305, 0.0, 0.0, 0.3812071110048896, 0.38119642091754746, 0.27211772141903356, 0.7279361087044561, 0.25426013129098074, 0.25426013129098074, 0.5936896800994873, 0.0, 0.0, 0.0, 0.5699172496795654, 0.26404739916324615, 0.2803461104631424, 0.8248481750488281, 0.8248481750488281, 0.043336618691682816, 0.4980411373433612, 0.04500943422317505, 0.7401090814883626, 0.050622351467609406, 0.0]
[0.4642857142857143, 0.5, 0.3333333333333333, 0.42424242424242425, 0.6153846153846154, 0.5869565217391305, 0.0, 0.0, 0.38276926554867685, 0.38275858685801634, 0.27842149953313355, 0.7213227967180618, 0.23961896342890604, 0.23961896342890604, 0.6078109294176102, 0.0, 0.0, 0.0, 0.5698814302682876, 0.27307403087615967, 0.2892052084207535, 0.8252766132354736, 0.8252766132354736, 0.04151073098182678, 0.5039798532213483, 0.04367670789361, 0.7443140787180773, 0.04953426495194435, 0.0]
[0.4642857142857143, 0.5, 0.3333333333333333, 0.42424242424242425, 0.6153846153846154, 0.5869565217391305, 0.0, 0.0, 0.3850855727040745, 0.3850749282034588, 0.34426430032996325, 0.6529876898118638, 0.24364519332136428, 0.24364519332136428, 0.6425512582063675, 0.0, 0.0, 0.0, 0.5630119681358337, 0.28778253495693207, 0.30269773304462433, 0.8162089586257935, 0.8162089586257935, 0.04087689518928528, 0.5458427024266076, 0.042826708406209946, 0.7667337994762632, 0.04917293041944504, 0.0]
[0.4642857142857143, 0.5, 0.3333333333333333, 0.42424242424242425, 0.6153846153846154, 0.5869565217391305, 0.1966364085674286, 0.1959468126296997, 0.3287265774852687, 0.3287144970027712, 0.3207802868254098, 0.6809210589870618, 0.26258411152022226, 0.26258411152022226, 0.6629514694213867, 0.0, 0.0, 0.0, 0.5386256247758865, 0.2863663583993912, 0.29046696424484253, 0.777006983757019, 0.777006983757019, 0.0868564173579216, 0.46525743305683137, 0.08942639082670212, 0.5831785777280497, 0.05240213871002197, 0.0]
[0.4642857142857143, 0.5, 0.3333333333333333, 0.42424242424242425, 0.6153846153846154, 0.5869565217391305, 0.0, 0.0, 0.4321232277394253, 0.4321151417938291, 0.2596764883621245, 0.7442830643229407, 0.2878135762044362, 0.2878135762044362, 0.631191149353981, 0.0, 0.0, 0.0, 0.5468928575515747, 0.29118573665618896, 0.2876509875059128, 0.7950763702392578, 0.7950763702392578, 0.08853678405284882, 0.4645852863788605, 0.08967936784029007, 0.5864992148654405, 0.05399308353662491, 0.0]
[0.4642857142857143, 0.5, 0.3333333333333333, 0.42424242424242425, 0.6153846153846154, 0.5869565217391305, 0.0, 0.0, 0.4511558683606908, 0.4511483693441971, 0.32615215828496225, 0.6743277937636043, 0.28624531413827625, 0.28624531413827625, 0.6300670355558395, 0.0, 0.0, 0.0, 0.5282678693532943, 0.3138718754053116, 0.3068065792322159, 0.7700315117835999, 0.7700315117835999, 0.09142369776964188, 0.46343052089214326, 0.0912671685218811, 0.5973030176273613, 0.060673635452985764, 0.0]
[0.4642857142857143, 0.5, 0.3333333333333333, 0.42424242424242425, 0.6153846153846154, 0.5869565217391305, 0.0, 0.0, 0.4515434808986365, 0.45153589640703073, 0.3891778817368283, 0.6092791365341241, 0.2778462107692446, 0.2778462107692446, 0.6300173401832581, 0.0, 0.0, 0.0, 0.5196229577064514, 0.340350404381752, 0.3329143226146698, 0.7498356103897095, 0.7498356103897095, 0.0, 0.5, 0.0, 0.6976744186046512, 0.0636083260178566, 0.0]
[0.4642857142857143, 0.5, 0.3333333333333333, 0.42424242424242425, 0.6153846153846154, 0.5869565217391305, 0.0, 0.0, 0.44381083243207764, 0.44380290034168307, 0.4246346790977463, 0.5731150896047265, 0.2645045518875122, 0.2645045518875122, 0.6210536062717438, 0.0, 0.0, 0.0, 0.5149185568094253, 0.3427285850048065, 0.3345291167497635, 0.7398412227630615, 0.7398412227630615, 0.0, 0.5, 0.0, 0.6976744186046512, 0.06456001847982407, 0.0]
[0.4642857142857143, 0.5, 0.3333333333333333, 0.42424242424242425, 0.6153846153846154, 0.5869565217391305, 0.0, 0.0, 0.44007843060429647, 0.44007028767529227, 0.4975154349085364, 0.49961092658475476, 0.261801119361605, 0.261801119361605, 0.6162046492099762, 0.0, 0.0, 0.0, 0.5052568495273589, 0.35962800681591034, 0.35253025591373444, 0.7245644330978394, 0.7245644330978394, 0.04278356209397316, 0.5001942250463698, 0.04275490343570709, 0.7730376997659373, 0.06557825207710266, 0.05460716784000397]
[0.4642857142857143, 0.5, 0.3333333333333333, 0.42424242424242425, 0.6153846153846154, 0.5869565217391305, 0.0, 0.0, 0.43472715864673855, 0.43471875929239834, 0.537978130818325, 0.4593163917392385, 0.2596328407526016, 0.2596328407526016, 0.6324460804462433, 0.0, 0.0, 0.0, 0.4962521582841873, 0.3674348294734955, 0.3599023073911667, 0.7099218368530273, 0.7099218368530273, 0.04127836599946022, 0.5032210766323029, 0.04167649522423744, 0.7749690054807552, 0.07083753496408463, 0.1060495525598526]
[0.4642857142857143, 0.5, 0.3333333333333333, 0.42424242424242425, 0.6153846153846154, 0.5869565217391305, 0.3482777774333954, 0.3478989601135254, 0.2809994517047364, 0.28098545657972984, 0.6953508612302703, 0.3081585339282206, 0.28158857354096006, 0.28158857354096006, 0.6590132713317871, 0.0, 0.0, 0.0, 0.46927692890167233, 0.3442249745130539, 0.3250741511583328, 0.6553821563720703, 0.6553821563720703, 0.0, 0.5, 0.0, 0.6976744186046512, 0.07410821318626404, 0.1833324134349823]
[0.4642857142857143, 0.5, 0.3333333333333333, 0.42424242424242425, 0.6153846153846154, 0.5869565217391305, 0.08798211812973022, 0.08752139657735825, 0.3463559560976338, 0.34634388701181795, 0.685339275327285, 0.3156777225483849, 0.23171252438000273, 0.23171252438000273, 0.637983962893486, 0.0, 0.0, 0.0, 0.4882140070199966, 0.34757019579410553, 0.33608779311180115, 0.6883871555328369, 0.6883871555328369, 0.0, 0.5, 0.0, 0.6976744186046512, 0.05314478650689125, 0.19475432112812996]
[0.4642857142857143, 0.5, 0.3333333333333333, 0.42424242424242425, 0.6153846153846154, 0.5869565217391305, 0.019176799803972244, 0.019076891243457794, 0.37476301694691294, 0.37475221289275484, 0.5853273084469097, 0.41216735123625625, 0.25053965193884714, 0.25053965193884714, 0.5960434079170227, 0.0, 0.0, 0.0, 0.5312029749155044, 0.3202379494905472, 0.31242795288562775, 0.7619282603263855, 0.7619282603263855, 0.0, 0.5, 0.0, 0.6976744186046512, 0.05332454666495323, 0.060076857917010784]
[0.4642857142857143, 0.5, 0.3333333333333333, 0.42424242424242425, 0.6153846153846154, 0.5869565217391305, 0.008871864527463913, 0.008870112709701061, 0.3692062343283775, 0.36919512256381615, 0.5278987460564929, 0.468479226874981, 0.26671009404318674, 0.26671009404318674, 0.5916013419628143, 0.0, 0.0, 0.0, 0.5246755599975585, 0.31581684947013855, 0.3051901161670685, 0.7549944519996643, 0.7549944519996643, 0.0, 0.5, 0.0, 0.6976744186046512, 0.05245452746748924, 0.004731031367555261]
[0.4642857142857143, 0.5, 0.3333333333333333, 0.42424242424242425, 0.6153846153846154, 0.5869565217391305, 0.0062088994309306145, 0.006206025369465351, 0.3847073396350868, 0.3846968318946503, 0.4805560018546723, 0.5151374208489016, 0.2799431553908757, 0.2799431553908757, 0.6037086993455887, 0.0, 0.0, 0.0, 0.505962473154068, 0.3208274245262146, 0.3136901259422302, 0.7305073738098145, 0.7305073738098145, 0.046100955456495285, 0.48155961781740186, 0.0, 0.6976744186046512, 0.051484279334545135, 0.0]
[0.4642857142857143, 0.5, 0.3333333333333333, 0.42424242424242425, 0.6153846153846154, 0.5869565217391305, 0.0, 0.0, 0.3946150333885937, 0.39460495872205803, 0.44948424869012193, 0.546114790257892, 0.2835323342255184, 0.2835323342255184, 0.6436625719070435, 0.0, 0.0, 0.0, 0.5174613386392594, 0.32937633991241455, 0.3265320062637329, 0.7488901615142822, 0.7488901615142822, 0.04720025882124901, 0.4972790257325248, 0.04741900414228439, 0.739116643577121, 0.0524478442966938, 0.0]
[0.4642857142857143, 0.5, 0.3333333333333333, 0.42424242424242425, 0.6153846153846154, 0.5869565217391305, 0.0, 0.0, 0.39151860058421617, 0.3915083435707749, 0.45646542561441716, 0.5391274014298314, 0.29589048453739714, 0.29589048453739714, 0.6353348195552826, 0.0, 0.0, 0.0, 0.49567176699638366, 0.33129897713661194, 0.32726001739501953, 0.7191365957260132, 0.7191365957260132, 0.04782047122716904, 0.5081952025019933, 0.04796221852302551, 0.7438616976575103, 0.05372440069913864, 0.0]
[0.4642857142857143, 0.5, 0.3333333333333333, 0.42424242424242425, 0.6153846153846154, 0.5869565217391305, 0.40728452801704407, 0.40654465556144714, 0.27659447471224785, 0.2765802060668828, 0.4981345010504668, 0.5000352022474122, 0.3080391564539501, 0.3080391564539501, 0.6309409141540527, 0.0, 0.0, 0.0, 0.4972033649682998, 0.3331887423992157, 0.3248817026615143, 0.7165408730506897, 0.7165408730506897, 0.0, 0.5, 0.10513404756784439, 0.6271059152691864, 0.052643902599811554, 0.0]
[0.4642857142857143, 0.5, 0.3333333333333333, 0.42424242424242425, 0.6153846153846154, 0.5869565217391305, 0.06184273213148117, 0.06145023927092552, 0.37873007644886725, 0.37871942055156993, 0.5468923957808296, 0.4499254349262213, 0.31282586710793636, 0.31282586710793636, 0.61818628013134, 0.0, 0.0, 0.0, 0.5099903523921966, 0.34005022048950195, 0.3313140869140625, 0.7384457588195801, 0.7384457588195801, 0.05614176020026207, 0.4775432959198952, 0.0, 0.6976744186046512, 0.05114652216434479, 0.0]
[0.4642857142857143, 0.5, 0.3333333333333333, 0.42424242424242425, 0.6153846153846154, 0.5869565217391305, 0.01123032346367836, 0.011159525252878666, 0.3883904964016683, 0.3883802507849086, 0.564269021637809, 0.43271954560548304, 0.3114163024084909, 0.3114163024084909, 0.5965326130390167, 0.0, 0.0, 0.0, 0.5082794278860092, 0.33934226632118225, 0.3309260308742523, 0.7356510162353516, 0.7356510162353516, 0.05380208045244217, 0.4784791678190231, 0.0, 0.6976744186046512, 0.051954686641693115, 0.0]
[0.4642857142857143, 0.5, 0.3333333333333333, 0.42424242424242425, 0.6153846153846154, 0.5869565217391305, 0.0, 0.0, 0.3955469856298677, 0.39553696794674, 0.5589340412366003, 0.437808106957106, 0.29541065650326864, 0.29541065650326864, 0.590711310505867, 0.0, 0.0, 0.0, 0.48235873281955716, 0.35957057774066925, 0.34744371473789215, 0.697765052318573, 0.697765052318573, 0.04889992997050285, 0.5945531555584498, 0.04909588024020195, 0.794023588126482, 0.04934448376297951, 0.0]
[0.4642857142857143, 0.5, 0.3333333333333333, 0.42424242424242425, 0.6153846153846154, 0.5869565217391305, 0.0, 0.0, 0.39361374373645674, 0.39360360068983147, 0.5071650922982233, 0.4886161090716299, 0.29584971921784536, 0.29584971921784536, 0.600173830986023, 0.0, 0.0, 0.0, 0.4802542328834533, 0.352217361330986, 0.3417312204837799, 0.6929094791412354, 0.6929094791412354, 0.04662240669131279, 0.5507421096165974, 0.04685695096850395, 0.7674472116280434, 0.04770367965102196, 0.0]
[0.4642857142857143, 0.5, 0.3333333333333333, 0.42424242424242425, 0.6153846153846154, 0.5869565217391305, 0.0, 0.0, 0.3987959972075249, 0.39878602511112365, 0.4638636213643601, 0.5315191448937816, 0.2984689921140671, 0.2984689921140671, 0.6482949256896973, 0.0, 0.0, 0.0, 0.4829992055892944, 0.36429059505462646, 0.35829807817935944, 0.6998680233955383, 0.6998680233955383, 0.046646568924188614, 0.5529061011851779, 0.0467056967318058, 0.7665878430355427, 0.048405859619379044, 0.0]
[0.4642857142857143, 0.5, 0.3333333333333333, 0.42424242424242425, 0.6153846153846154, 0.5869565217391305, 0.0, 0.0, 0.3977848266324395, 0.3977748545360383, 0.4433411979766466, 0.5522844589896863, 0.2969988648380552, 0.2969988648380552, 0.6539909243583679, 0.0, 0.0, 0.0, 0.47883293032646174, 0.36331571638584137, 0.3584119975566864, 0.6953915953636169, 0.6953915953636169, 0.04721716418862343, 0.530953663209128, 0.047262899577617645, 0.7515546224664811, 0.05046661198139191, 0.0]
[0.4642857142857143, 0.5, 0.3333333333333333, 0.42424242424242425, 0.6153846153846154, 0.5869565217391305, 0.09751057624816895, 0.09710939973592758, 0.38639832226769644, 0.3863878943040312, 0.4475225891711379, 0.5483184519000486, 0.3043599852493831, 0.3043599852493831, 0.6570693850517273, 0.0, 0.0, 0.0, 0.47808585464954373, 0.35005685687065125, 0.3453073054552078, 0.6934944987297058, 0.6934944987297058, 0.048090048134326935, 0.48123980609197464, 0.0, 0.6976744186046512, 0.05247809365391731, 0.0]
[0.4642857142857143, 0.5, 0.3333333333333333, 0.42424242424242425, 0.6153846153846154, 0.5869565217391305, 0.16834749281406403, 0.1679796427488327, 0.3519628043384443, 0.3519510657563948, 0.46368679900014376, 0.5326450059741628, 0.30902366553034105, 0.30902366553034105, 0.6728506982326508, 0.0, 0.0, 0.0, 0.5044779598712921, 0.3359646648168564, 0.3304566890001297, 0.7290764451026917, 0.7290764451026917, 0.05855479836463928, 0.4765780806541443, 0.0, 0.6976744186046512, 0.05194804072380066, 0.0]
[0.4642857142857143, 0.5, 0.3333333333333333, 0.42424242424242425, 0.6153846153846154, 0.5869565217391305, 0.02527587302029133, 0.025117747485637665, 0.3893535387903509, 0.3893432247935016, 0.48819337762450626, 0.5076219446977689, 0.297613229070391, 0.297613229070391, 0.6520950496196747, 0.0, 0.0, 0.0, 0.504200667142868, 0.335446372628212, 0.3297329396009445, 0.7306960225105286, 0.7306960225105286, 0.054185107350349426, 0.5339180718338679, 0.0537719763815403, 0.757488802855098, 0.050146590918302536, 0.0]
[0.4642857142857143, 0.5, 0.3333333333333333, 0.42424242424242425, 0.6153846153846154, 0.5869565217391305, 0.0, 0.0, 0.3892797566736633, 0.38926947686685887, 0.5274248891305285, 0.4687718822618237, 0.2765188898359026, 0.2765188898359026, 0.6179005950689316, 0.0, 0.0, 0.0, 0.5101011276245117, 0.33510439097881317, 0.32708095014095306, 0.7377880215644836, 0.7377880215644836, 0.04969844967126846, 0.5200826393233405, 0.04936988279223442, 0.7532671371171641, 0.05019913613796234, 0.0]
[0.4642857142857143, 0.5, 0.3333333333333333, 0.42424242424242425, 0.6153846153846154, 0.5869565217391305, 0.0, 0.0, 0.3833937809070711, 0.3833832845633162, 0.5685845631714305, 0.4284211389826492, 0.27735330164432526, 0.27735330164432526, 0.5941867083311081, 0.0, 0.0, 0.0, 0.5082909852266312, 0.33791419863700867, 0.3307289481163025, 0.7347702383995056, 0.7347702383995056, 0.048373833298683167, 0.48065046668052674, 0.0, 0.6976744186046512, 0.051273804157972336, 0.0]
[0.4642857142857143, 0.5, 0.3333333333333333, 0.42424242424242425, 0.6153846153846154, 0.5869565217391305, 0.0, 0.0, 0.37812281566641753, 0.3781121141823938, 0.5873272038326665, 0.41004017201203413, 0.2795044439179557, 0.2795044439179557, 0.575366348028183, 0.0, 0.0, 0.0, 0.49715552926063533, 0.33911196887493134, 0.331074595451355, 0.7174133658409119, 0.7174133658409119, 0.04766838997602463, 0.4809326440095901, 0.04774455353617668, 0.7375297283883705, 0.05231747403740883, 0.0]
[0.4642857142857143, 0.5, 0.3333333333333333, 0.42424242424242425, 0.6153846153846154, 0.5869565217391305, 0.0, 0.0, 0.3771976216573332, 0.3771869087766279, 0.5647127856260048, 0.43234150628008255, 0.2627778372594289, 0.2627778372594289, 0.5915544331073761, 0.0, 0.0, 0.0, 0.4975347101688385, 0.34182876348495483, 0.3331928253173828, 0.7182953357696533, 0.7182953357696533, 0.04631108045578003, 0.48147556781768797, 0.04649772867560387, 0.7373259051941162, 0.051721975207328796, 0.0]
[0.4642857142857143, 0.5, 0.3333333333333333, 0.42424242424242425, 0.6153846153846154, 0.5869565217391305, 0.0, 0.0, 0.3695551893223312, 0.36954407755776986, 0.4967548166389219, 0.4991046460996344, 0.26252881756850655, 0.26252881756850655, 0.5886650085449219, 0.0, 0.0, 0.0, 0.49357838630676265, 0.3363257050514221, 0.330139696598053, 0.7134962677955627, 0.7134962677955627, 0.04541364312171936, 0.48183454275131227, 0.0, 0.6976744186046512, 0.051150012761354446, 0.0]
[0.4642857142857143, 0.5, 0.3333333333333333, 0.42424242424242425, 0.6153846153846154, 0.5869565217391305, 0.0, 0.0, 0.37597822231270844, 0.3759673840685055, 0.4777222013040437, 0.5181281038446997, 0.26246392301150734, 0.26246392301150734, 0.6026757210493088, 0.0, 0.0, 0.0, 0.4976656377315521, 0.32850389182567596, 0.3234679251909256, 0.7195345163345337, 0.7195345163345337, 0.045810453593730927, 0.48167581856250763, 0.0, 0.6976744186046512, 0.05104273557662964, 0.0]
[0.4642857142857143, 0.5, 0.3333333333333333, 0.42424242424242425, 0.6153846153846154, 0.5869565217391305, 0.0, 0.0, 0.3764219863009043, 0.37641115945338294, 0.4693288772329546, 0.526530731881731, 0.2708819934300014, 0.2708819934300014, 0.609743669629097, 0.0, 0.0, 0.0, 0.46357427835464476, 0.35166358947753906, 0.34370285272598267, 0.6737459301948547, 0.6737459301948547, 0.046387042850255966, 0.5564258264170752, 0.04629451781511307, 0.7672794791328352, 0.05068967118859291, 0.0]
[0.4642857142857143, 0.5, 0.3333333333333333, 0.42424242424242425, 0.6153846153846154, 0.5869565217391305, 0.0, 0.0, 0.37961247591853825, 0.37960179722787774, 0.4714093841968485, 0.5243378906764624, 0.2746643445321492, 0.2746643445321492, 0.6173386573791504, 0.0, 0.0, 0.0, 0.4825971812009811, 0.34459762275218964, 0.33574308454990387, 0.7001762390136719, 0.7001762390136719, 0.04660295695066452, 0.5277865514868781, 0.04641962796449661, 0.7499990846182025, 0.05111158639192581, 0.0]
[0.4642857142857143, 0.5, 0.3333333333333333, 0.42424242424242425, 0.6153846153846154, 0.5869565217391305, 0.0, 0.0, 0.3812466460933649, 0.3812360129894308, 0.5017972401277399, 0.49417019067662576, 0.27608597917216166, 0.27608597917216166, 0.6194270849227905, 0.0, 0.0, 0.0, 0.4961177885532379, 0.34325486421585083, 0.333104744553566, 0.7172994017601013, 0.7172994017601013, 0.04675950109958649, 0.5532839638846261, 0.04658612981438637, 0.7671895705510018, 0.04980010166764259, 0.0]
[0.4642857142857143, 0.5, 0.3333333333333333, 0.42424242424242425, 0.6153846153846154, 0.5869565217391305, 0.18237653374671936, 0.18222083151340485, 0.3257001089092422, 0.3256874357993015, 0.5540439416983843, 0.4434332582685683, 0.2853478597743171, 0.2853478597743171, 0.6063934564590454, 0.0, 0.0, 0.0, 0.5071383386850357, 0.3330901861190796, 0.3233611732721329, 0.7286230325698853, 0.7286230325698853, 0.0, 0.5, 0.0, 0.6976744186046512, 0.047544363886117935, 0.0]
[0.4642857142857143, 0.5, 0.3333333333333333, 0.42424242424242425, 0.6153846153846154, 0.5869565217391305, 0.027945501729846, 0.027749892324209213, 0.371619618417656, 0.3716086320165922, 0.5979132679634751, 0.399713000598824, 0.29591192092214313, 0.29591192092214313, 0.5785056203603745, 0.0, 0.0, 0.0, 0.5049528956413268, 0.34063731133937836, 0.3311561048030853, 0.7275609970092773, 0.7275609970092773, 0.0, 0.5, 0.0, 0.6976744186046512, 0.04815424978733063, 0.01859006122685969]
[0.4642857142857143, 0.5, 0.3333333333333333, 0.42424242424242425, 0.6153846153846154, 0.5869565217391305, 0.0, 0.0, 0.38041817572103176, 0.38040753122041604, 0.6088796678510269, 0.38902139749804554, 0.2952197619846889, 0.2952197619846889, 0.5723811835050583, 0.0, 0.0, 0.0, 0.4949717134237289, 0.34491658210754395, 0.33486729860305786, 0.7118786573410034, 0.7118786573410034, 0.04839109629392624, 0.4856857922342088, 0.04891598969697952, 0.7523276020101337, 0.05001809075474739, 0.06304179318249226]
[0.4642857142857143, 0.5, 0.3333333333333333, 0.42424242424242425, 0.6153846153846154, 0.5869565217391305, 0.0, 0.0, 0.38297077027607146, 0.38296029672567977, 0.6053459671669663, 0.3925536849935875, 0.27812553303582327, 0.27812553303582327, 0.5747892260551453, 0.0, 0.0, 0.0, 0.48847842812538145, 0.351588174700737, 0.3427300453186035, 0.7037785053253174, 0.7037785053253174, 0.0, 0.5, 0.0, 0.6976744186046512, 0.049888428300619125, 0.0696625979617238]
[0.4642857142857143, 0.5, 0.3333333333333333, 0.42424242424242425, 0.6153846153846154, 0.5869565217391305, 0.0, 0.0, 0.3765741661903279, 0.3765634305162594, 0.5715530967165362, 0.42587094912742746, 0.17151152448994775, 0.17151152448994775, 0.6825284957885742, 0.0, 0.0, 0.0, 0.3526760876178741, 0.40024668723344803, 0.39991573989391327, 0.514841616153717, 0.514841616153717, 0.09086301177740097, 0.46365479528903963, 0.09240179508924484, 0.5677773023760596, 0.036414600908756256, 0.07974664680659771]
[0.4642857142857143, 0.5, 0.3333333333333333, 0.42424242424242425, 0.6153846153846154, 0.5869565217391305, 0.0, 0.0, 0.3668678631973996, 0.3668566830527486, 0.5352779378398654, 0.4613463971577862, 0.13878787202494486, 0.13878787202494486, 0.7522138878703117, 0.0, 0.0, 0.0, 0.1905149683356285, 0.4532083123922348, 0.4539869353175163, 0.2837231755256653, 0.2837231755256653, 0.09270047396421432, 0.4629198104143143, 0.09365425258874893, 0.5539566694304001, 0.029936395585536957, 0.07603556383401155]
[0.4642857142857143, 0.5, 0.3333333333333333, 0.42424242424242425, 0.6153846153846154, 0.5869565217391305, 0.013259128667414188, 0.012601615861058235, 0.36985060270612147, 0.36983717741519495, 0.499549802406967, 0.4965928288713646, 0.13257469981908798, 0.13257469981908798, 0.8084434345364571, 0.0, 0.0, 0.0, 0.13223926350474358, 0.4641783945262432, 0.46540146693587303, 0.19833213090896606, 0.19833213090896606, 0.0981643944978714, 0.46073424220085146, 0.09711312502622604, 0.5381875987662825, 0.02905552089214325, 0.06698878016322851]
[0.4642857142857143, 0.5, 0.3333333333333333, 0.42424242424242425, 0.6153846153846154, 0.5869565217391305, 0.025152403861284256, 0.024182580411434174, 0.3691070148183556, 0.36909356673406596, 0.47609481073018467, 0.5199078666269843, 0.11913620467696871, 0.11913620467696871, 0.8268657848238945, 0.0, 0.0, 0.0, 0.10561528652906417, 0.4711957350373268, 0.4724346064031124, 0.15949584543704987, 0.15949584543704987, 0.1009853333234787, 0.45960586667060854, 0.0978204607963562, 0.5465833080369373, 0.02872339077293873, 0.047416253946721554]
[0.4642857142857143, 0.5, 0.3333333333333333, 0.42424242424242425, 0.6153846153846154, 0.5869565217391305, 0.026262566447257996, 0.025297097861766815, 0.37114498081900194, 0.3711316353048467, 0.4666573070203369, 0.5293911736001882, 0.09993903871093478, 0.09993903871093478, 0.8540409132838249, 0.0, 0.0, 0.0, 0.07083895914256572, 0.47844747826457024, 0.4794730804860592, 0.10734158754348755, -0.0, 0.10055103898048401, 0.4597795844078064, 0.09595568478107452, 0.5499906907247942, 0.027150096371769905, 0.026834143791347742]
[0.4642857142857143, 0.5, 0.3333333333333333, 0.42424242424242425, 0.6153846153846154, 0.5869565217391305, 0.020126797258853912, 0.01986090838909149, 0.3737478803266303, 0.37373460319256463, 0.4605212766627281, 0.5354352028209843, 0.07263859733939171, 0.07263859733939171, 0.8900524415075779, 0.0, 0.0, 0.0, 0.04396688267588615, 0.4842739440500736, 0.4847729941830039, 0.0, -0.0, 0.09366820007562637, 0.46253271996974943, 0.08879579603672028, 0.5498155258422674, 0.023448584601283073, 0.011808921117335558]
[0.4642857142857143, 0.5, 0.3333333333333333, 0.42424242424242425, 0.6153846153846154, 0.5869565217391305, 0.01784461736679077, 0.017627259716391563, 0.37360874963764024, 0.3735954497102114, 0.45987005887934174, 0.5361325914107085, 0.05706782053623881, 0.05706782053623881, 0.9058554694056511, 0.0, 0.0, 0.0, 0.03263310827314853, 0.48684381041675806, 0.4872390190139413, 0.0, -0.0, 0.08758644759654999, 0.46496542096138, 0.08292333781719208, 0.5550148216790931, 0.019924582913517952, 0.0]
[0.4642857142857143, 0.5, 0.3333333333333333, 0.42424242424242425, 0.6153846153846154, 0.5869565217391305, 0.017304755747318268, 0.017030147835612297, 0.37016721391769025, 0.37015387980021663, 0.46527800368533306, 0.5309066701294992, 0.05079043496932303, 0.05079043496932303, 0.9122502207756042, 0.0, 0.0, 0.0, 0.028050883486866948, 0.48870016913861036, 0.4890845464542508, 0.0, -0.0, 0.0800279751420021, 0.46798880994319914, 0.07562681287527084, 0.56458150231561, 0.016568521037697792, 0.0]
[0.4642857142857143, 0.5, 0.3333333333333333, 0.42424242424242425, 0.6153846153846154, 0.5869565217391305, 0.013926572166383266, 0.013814191333949566, 0.36313216772863555, 0.36311852590075866, 0.472179400989248, 0.5241139658271874, 0.046656182301895964, 0.046656182301895964, 0.9172175861895084, 0.0, 0.0, 0.0, 0.0251628952100873, 0.4897433463484049, 0.49012157786637545, 0.0, -0.0, 0.06638702750205994, 0.47344518899917604, 0.0641065165400505, 0.57835326291794, 0.014277844689786434, 0.0]
[0.4642857142857143, 0.5, 0.3333333333333333, 0.42424242424242425, 0.6153846153846154, 0.5869565217391305, 0.013318441808223724, 0.013174332678318024, 0.34886273599263584, 0.3488485243306789, 0.47821412054576107, 0.5182896802981036, 0.03798067037548338, 0.03798067037548338, 0.9318008534610271, 0.0, 0.0, 0.0, 0.019067927449941634, 0.4912158129736781, 0.4915282977744937, 0.0, -0.0, 0.04773055389523506, 0.48090777844190596, 0.0464710108935833, 0.6000741138014682, 0.011571052484214306, 0.0]
[0.4642857142857143, 0.5, 0.3333333333333333, 0.42424242424242425, 0.6153846153846154, 0.5869565217391305, 0.014924455434083939, 0.014672806486487389, 0.3418635437638992, 0.3418490927716286, 0.4791602901473328, 0.517491160405019, 0.03342484789235251, 0.03342484789235251, 0.934689499437809, 0.0, 0.0, 0.0, 0.01708629988133907, 0.4920603558421135, 0.4923265799880028, 0.0, -0.0, 0.04224886745214462, 0.4831004530191422, 0.04111074283719063, 0.6016939185386481, 0.010091128759086132, 0.0]
[0.4642857142857143, 0.5, 0.3333333333333333, 0.42424242424242425, 0.6153846153846154, 0.5869565217391305, 0.016137711703777313, 0.015811095014214516, 0.33893075591063637, 0.3389161795548682, 0.4766168343063522, 0.5200480828498969, 0.029334319489342828, 0.029334319489342828, 0.9418998770415783, 0.0, 0.0, 0.0, 0.015095727238804101, 0.492924896068871, 0.49315608479082584, 0.0, -0.0, 0.03784835711121559, 0.48486065715551374, 0.03679739311337471, 0.610878046515376, 0.009108792059123516, 0.0]
[0.4642857142857143, 0.5, 0.3333333333333333, 0.42424242424242425, 0.6153846153846154, 0.5869565217391305, 0.029713209718465805, 0.028549673035740852, 0.3348815149376543, 0.3348742438547926, 0.4712867701486693, 0.5254070219250021, 0.026643546298146248, 0.026643546298146248, 0.945564741268754, 0.0, 0.0, 0.0, 0.013668575603514909, 0.493613394908607, 0.4938350818119943, 0.0, -0.0, 0.03510785102844238, 0.48595685958862306, 0.03403249755501747, 0.6160130005243213, 0.008634095080196857, 0.0]
[0.4642857142857143, 0.5, 0.3333333333333333, 0.42424242424242425, 0.6153846153846154, 0.5869565217391305, 0.2402992844581604, 0.2397874891757965, 0.2620656203129551, 0.2620559559269572, 0.4763111496632687, 0.5223911494136946, 0.028159675587500845, 0.028159675587500845, 0.9272727966308594, 0.0, 0.0, 0.0, 0.018563823867589233, 0.4927411270327866, 0.4930394794791937, 0.0, -0.0, 0.03831317275762558, 0.4846747308969498, 0.03754984214901924, 0.61803154474081, 0.009680037386715412, 0.0]
[0.4642857142857143, 0.5, 0.3333333333333333, 0.42424242424242425, 0.6153846153846154, 0.5869565217391305, 0.10813213884830475, 0.1075378954410553, 0.3160161662056159, 0.31600827970194767, 0.47343781402416485, 0.5238693047157387, 0.026715314015746117, 0.026715314015746117, 0.939194468781352, 0.0, 0.0, 0.0, 0.017290900275111196, 0.4928900422528386, 0.49313412234187126, 0.0, -0.0, 0.036770742386579514, 0.4852917030453682, 0.036207910627126694, 0.6235497271598772, 0.009475459344685078, 0.0]
[0.4642857142857143, 0.5, 0.3333333333333333, 0.42424242424242425, 0.6153846153846154, 0.5869565217391305, 0.06240271031856537, 0.06179676577448845, 0.3282888765316848, 0.3282813775151911, 0.4711020669791256, 0.5259136898972969, 0.02378653335784163, 0.02378653335784163, 0.9464849159121513, 0.0, 0.0, 0.0, 0.014533512294292448, 0.49365087086334825, 0.4938090732321143, 0.0, -0.0, 0.0, 0.5, 0.03234954923391342, 0.6270492873912634, 0.008626718074083328, 0.0]
[0.4642857142857143, 0.5, 0.3333333333333333, 0.42424242424242425, 0.6153846153846154, 0.5869565217391305, 0.036852020770311356, 0.03612254932522774, 0.3324700340942033, 0.3324627060279336, 0.4702202829302611, 0.5266757603534499, 0.023081176914274693, 0.023081176914274693, 0.9478592742234468, 0.0, 0.0, 0.0, 0.013559408672153949, 0.49401021283119917, 0.49415629217401147, 0.0, -0.0, 0.03169483318924904, 0.4873220667243004, 0.031126627698540688, 0.6252937140159829, 0.008346469141542912, 0.0]
[0.4642857142857143, 0.5, 0.3333333333333333, 0.42424242424242425, 0.6153846153846154, 0.5869565217391305, 0.026040874421596527, 0.02547982893884182, 0.33784058353868995, 0.3378334606126891, 0.46813028253059313, 0.5285830804945584, 0.022136962839535305, 0.022136962839535305, 0.9503364451229572, 0.0, 0.0, 0.0, 0.01212263461202383, 0.4945721379481256, 0.4947215714491904, 0.0, -0.0, 0.029786329716444016, 0.4880854681134224, 0.028935657814145088, 0.6223400404980016, 0.007909412495791912, 0.0]
[0.4642857142857143, 0.5, 0.3333333333333333, 0.42424242424242425, 0.6153846153846154, 0.5869565217391305, 0.025760933756828308, 0.025090385228395462, 0.34029350271644376, 0.34028641398048765, 0.46953921723776065, 0.5271192593687984, 0.022329182497092658, 0.022329182497092658, 0.9503383301198483, 0.0, 0.0, 0.0, 0.012285284884274005, 0.4946757787838578, 0.49485023878514767, 0.0, -0.0, 0.02971540205180645, 0.4881138391792774, 0.028769737109541893, 0.6212516718132551, 0.007990681566298008, 0.0]
[0.4642857142857143, 0.5, 0.3333333333333333, 0.42424242424242425, 0.6153846153846154, 0.5869565217391305, 0.025046560913324356, 0.024366727098822594, 0.3407131513263709, 0.3407061423671861, 0.4707740619351258, 0.5258772233653428, 0.02268591696130378, 0.02268591696130378, 0.94978441670537, 0.0, 0.0, 0.0, 0.012410628050565718, 0.4947528596967459, 0.4949450921267271, 0.0, -0.0, 0.030024075880646706, 0.48799036964774134, 0.028985248878598213, 0.6215537374102792, 0.00811032298952341, 0.0]

程序已被终止，正在关闭套接字...
套接字已关闭。
