YAML 文件验证通过
init data completed...
[0.4642857142857143, 0.5, 0.3333333333333333, 0.42424242424242425, 0.6153846153846154, 0.5869565217391305, 0.0, 0.0, 0.45994174115744424, 0.4599332819705256, 0.45653492827716335, 0.5368602638326179, 0.15329264104366302, 0.15329264104366302, 0.9087759628891945, 0.0, 0.0, 0.0, 0.0525420643389225, 0.47061314433813095, 0.46482178941369057, 0.0, -0.0, 0.07153832912445068, 0.47138466835021975, 0.06674288958311081, 0.6091380257939184, 0.03651806712150574, 0.052870484068989754]
[0.4642857142857143, 0.5, 0.3333333333333333, 0.42424242424242425, 0.6153846153846154, 0.5869565217391305, 0.0, 0.0, 0.46057520006172514, 0.4605668035565553, 0.464603117843431, 0.5290785170371349, 0.04092704504728317, 0.04092704504728317, 0.9608272053301334, 0.0, 0.0, 0.0, 0.028009061142802237, 0.4983950639143586, 0.49168701842427254, 0.0, -0.0, 0.0, 0.5, 0.0, 0.6976744186046512, 0.02839723601937294, 0.022542201913893223]
[0.4642857142857143, 0.5, 0.3333333333333333, 0.42424242424242425, 0.6153846153846154, 0.5869565217391305, 0.0, 0.0, 0.46865428770477413, 0.4686460906415323, 0.45755253512818317, 0.5361565629058718, 0.04668477390493666, 0.04668477390493666, 0.9574126098304987, 0.0, 0.0, 0.0, 0.029700605198740956, 0.4966047944035381, 0.4934785710647702, 0.0, -0.0, 0.05520597845315933, 0.4779176086187363, 0.0, 0.6976744186046512, 0.024450724944472313, 0.008535252418369055]
[0.4642857142857143, 0.5, 0.3333333333333333, 0.42424242424242425, 0.6153846153846154, 0.5869565217391305, 0.0, 0.0, 0.45953637828790433, 0.4595279618385417, 0.4573149143167937, 0.5364579210837024, 0.051814530576978414, 0.051814530576978414, 0.9543153196573257, 0.0, 0.0, 0.0, 0.03704725224524736, 0.49402586137875915, 0.49269647942855954, 0.0, -0.0, 0.05445421114563942, 0.4782183155417442, 0.0, 0.6976744186046512, 0.023228395730257034, 0.002107825130224228]
[0.4642857142857143, 0.5, 0.3333333333333333, 0.42424242424242425, 0.6153846153846154, 0.5869565217391305, 0.00896184891462326, 0.00878862477838993, 0.4428212414736046, 0.44281237485531866, 0.4589309153319773, 0.5348128328879016, 0.0569475388952664, 0.0569475388952664, 0.9484267625957727, 0.0, 0.0, 0.0, 0.0403441596776247, 0.4868266824632883, 0.48709433153271675, 0.0, -0.0, 0.05716975778341293, 0.4771320968866348, 0.053730614483356476, 0.6277524991783985, 0.022861996665596962, 0.0030097246053628623]
[0.4642857142857143, 0.5, 0.3333333333333333, 0.42424242424242425, 0.6153846153846154, 0.5869565217391305, 0.0, 0.0, 0.4476500610548497, 0.4476412913083574, 0.46171460609818965, 0.5318407635223291, 0.0521674459534032, 0.0521674459534032, 0.9522473867982626, 0.0, 0.0, 0.0, 0.03741192519664764, 0.4889124920591712, 0.4892269680276513, 0.0, -0.0, 0.05120315030217171, 0.4795187398791313, 0.0, 0.6976744186046512, 0.0209135040640831, 0.00047714507672935724]
[0.4642857142857143, 0.5, 0.3333333333333333, 0.42424242424242425, 0.6153846153846154, 0.5869565217391305, 0.6453525424003601, 0.644845724105835, 0.34618196295962506, 0.3461711133187405, 0.47007321160336524, 0.5258302006570554, 0.09635095085416522, 0.09635095085416522, 0.8968577645719051, 0.0, 0.0, 0.0, 0.059787155687808985, 0.47233422100543976, 0.47502758726477623, 0.0, -0.0, 0.05105196312069893, 0.47957921475172044, 0.04830547794699669, 0.6136562640583793, 0.02066090703010559, 0.002598342834971845]
[0.4642857142857143, 0.5, 0.3333333333333333, 0.42424242424242425, 0.6153846153846154, 0.5869565217391305, 0.2467353641986847, 0.2461112141609192, 0.3318937153023014, 0.33188239839747125, 0.49537562655844153, 0.5000614772968442, 0.06404776658330645, 0.06404776658330645, 0.928327202796936, 0.0, 0.0, 0.0, 0.04639319144189358, 0.48071189783513546, 0.48108094930648804, 0.0, -0.0, 0.06070982292294502, 0.475716070830822, 0.0597338043153286, 0.6084156278953996, 0.020889539271593094, 0.005242282059043646]
[0.4642857142857143, 0.5, 0.3333333333333333, 0.42424242424242425, 0.6153846153846154, 0.5869565217391305, 0.10330729186534882, 0.10278064757585526, 0.37959626983730105, 0.37959484525210085, 0.5042473975690099, 0.49062000469262873, 0.04855968856385776, 0.04855968856385776, 0.9446204844862223, 0.0, 0.0, 0.0, 0.030814299173653123, 0.4877598872408271, 0.487893495708704, 0.0, -0.0, 0.055080585181713104, 0.47796776592731477, 0.05364382639527321, 0.6135037576043328, 0.018729744479060173, 0.0037859001895412803]
[0.4642857142857143, 0.5, 0.3333333333333333, 0.42424242424242425, 0.6153846153846154, 0.5869565217391305, 0.07701842486858368, 0.07624287158250809, 0.381008637794801, 0.381007236002964, 0.5106749546858367, 0.4842993309980546, 0.04430265165865421, 0.04430265165865421, 0.9474829137325287, 0.0, 0.0, 0.0, 0.02737590558826923, 0.48899233993142843, 0.489149178378284, 0.0, -0.0, 0.049756575375795364, 0.4800973698496819, 0.048216309398412704, 0.6188341646000397, 0.01682060770690441, 0.004137107462156564]
[0.4642857142857143, 0.5, 0.3333333333333333, 0.42424242424242425, 0.6153846153846154, 0.5869565217391305, 0.06312121450901031, 0.06199488788843155, 0.3664930833229371, 0.36649130544060726, 0.5228599411921565, 0.47254015514494535, 0.036702337009566176, 0.036702337009566176, 0.9520813208073378, 0.0, 0.0, 0.0, 0.020911346096545456, 0.49154368694871664, 0.49176978319883347, 0.0, -0.0, 0.040925007313489914, 0.483629997074604, 0.03912964463233948, 0.6215341770371725, 0.013946449384093285, 0.0]
[0.4642857142857143, 0.5, 0.3333333333333333, 0.42424242424242425, 0.6153846153846154, 0.5869565217391305, 0.06460202485322952, 0.06357825547456741, 0.36106480968613924, 0.361062872250267, 0.5225131515677071, 0.4730674909993243, 0.033579507310475626, 0.033579507310475626, 0.9528671428561211, 0.0, 0.0, 0.0, 0.0185176701284945, 0.49218220356851816, 0.4924249588511884, 0.0, -0.0, 0.036101922392845154, 0.4855592310428619, 0.034522779285907745, 0.6229731665794239, 0.012399307452142239, 0.0]
[0.4642857142857143, 0.5, 0.3333333333333333, 0.42424242424242425, 0.6153846153846154, 0.5869565217391305, 0.06814784556627274, 0.06708834320306778, 0.3620583951815136, 0.36205650333236783, 0.5205503153413478, 0.4749681326850144, 0.03161942320210593, 0.03161942320210593, 0.9541817363351583, 0.0, 0.0, 0.0, 0.017520004604011773, 0.49272995814681053, 0.49296722700819373, 0.0, -0.0, 0.03322089836001396, 0.4867116406559944, 0.0317041352391243, 0.6259007509364638, 0.011752340011298656, 0.0]
[0.4642857142857143, 0.5, 0.3333333333333333, 0.42424242424242425, 0.6153846153846154, 0.5869565217391305, 0.8436417579650879, 0.8425354361534119, 0.30656202618980044, 0.3065588123255888, 0.5001563290939853, 0.49712861536515096, 0.05810139700770379, 0.05810139700770379, 0.9106649607419968, 0.0, 0.0, 0.0, 0.04307387862354517, 0.47836000472307205, 0.48056556284427643, 0.0, -0.0, 0.038593899458646774, 0.48456244021654127, 0.037742730230093, 0.6275330414605695, 0.012282523326575756, 0.0]
[0.4642857142857143, 0.5, 0.3333333333333333, 0.42424242424242425, 0.6153846153846154, 0.5869565217391305, 0.9817348122596741, 0.981022834777832, 0.3352678738406238, 0.3352654235540795, 0.4975090313980616, 0.5002699852850829, 0.06940665521792004, 0.06940665521792004, 0.8986563831567764, 0.0, 0.0, 0.0, 0.04566538408398628, 0.4751850198954344, 0.4776471685618162, 0.0, -0.0, 0.04319874197244644, 0.48272050321102145, 0.042757876217365265, 0.6254161703725194, 0.012571310624480247, 0.0]
[0.4642857142857143, 0.5, 0.3333333333333333, 0.42424242424242425, 0.6153846153846154, 0.5869565217391305, 0.1822982132434845, 0.18131084740161896, 0.35803511584921954, 0.35803313282662097, 0.4610529347086044, 0.5339972236707556, 0.04398224875330925, 0.04398224875330925, 0.9483093451708555, 0.0, 0.0, 0.0, 0.030956859700381752, 0.4891413142904639, 0.489273177459836, 0.0, -0.0, 0.0, 0.5, 0.0, 0.6976744186046512, 0.0146047193557024, 0.0]
[0.4642857142857143, 0.5, 0.3333333333333333, 0.42424242424242425, 0.6153846153846154, 0.5869565217391305, 0.10536599159240723, 0.10445482283830643, 0.3832269106950632, 0.38322554309327106, 0.4583420430952915, 0.5362988276823023, 0.03750654336597239, 0.03750654336597239, 0.9544208962470293, 0.0, 0.0, 0.0, 0.026558790914714334, 0.4914916008710861, 0.4916968895122409, 0.0, -0.0, 0.0, 0.5, 0.0, 0.6976744186046512, 0.013972889631986618, 0.0]
[0.4642857142857143, 0.5, 0.3333333333333333, 0.42424242424242425, 0.6153846153846154, 0.5869565217391305, 0.10133957862854004, 0.1004481241106987, 0.3873733311720606, 0.3873721231238108, 0.45300151535931327, 0.5414641855728963, 0.04444600349026067, 0.04444600349026067, 0.9421090204268694, 0.0, 0.0, 0.0, 0.03306865729391575, 0.4911122592166066, 0.4913931339979172, 0.0, -0.0, 0.0, 0.5, 0.0, 0.6976744186046512, 0.014352813363075256, 0.0]
[0.4642857142857143, 0.5, 0.3333333333333333, 0.42424242424242425, 0.6153846153846154, 0.5869565217391305, 0.16529256105422974, 0.1643834263086319, 0.3711392254947932, 0.3711375501825978, 0.4495032982434187, 0.5452024210770723, 0.0846036896109581, 0.0846036896109581, 0.8898869305849075, 0.0, 0.0, 0.0, 0.043632697686553, 0.48867961671203375, 0.4893197426572442, 0.0, -0.0, 0.019306115806102753, 0.4922775536775589, 0.01829524151980877, 0.7379344859442045, 0.015154406428337097, 0.0]
[0.4642857142857143, 0.5, 0.3333333333333333, 0.42424242424242425, 0.6153846153846154, 0.5869565217391305, 0.3993649482727051, 0.3987608551979065, 0.2821176941034671, 0.2821129986706473, 0.4484322608998811, 0.5483403527606235, 0.19165398819105967, 0.19165398819105967, 0.7721722722053528, 0.0, 0.0, 0.0, 0.09007631167769431, 0.46308383345603943, 0.4642414003610611, 0.13157249987125397, 0.13157249987125397, 0.0, 0.5, 0.0, 0.6976744186046512, 0.017526382580399513, 0.0]
[0.4642857142857143, 0.5, 0.3333333333333333, 0.42424242424242425, 0.6153846153846154, 0.5869565217391305, 0.13489128649234772, 0.134132519364357, 0.36863929500543363, 0.36863676494211817, 0.44617118776186476, 0.5486642656836359, 0.19561267324856352, 0.19561267324856352, 0.7598943710327148, 0.0, 0.0, 0.0, 0.11418644711375235, 0.4621601030230522, 0.4629594422876835, 0.16888870298862457, 0.16888870298862457, 0.027871882542967796, 0.4888512469828129, 0.026570463553071022, 0.7372031185429457, 0.019418850541114807, 0.0]
[0.0, 0.0, 1.0, 1.0, 0.6153846153846154, 0.5869565217391305, 0.07942892611026764, 0.0788806676864624, 0.36948864409846055, 0.36948611403514503, 0.4545516407056703, 0.5400524145165952, 0.19641635673386712, 0.19641635673386712, 0.7401773482561111, 0.0, 0.0, 0.0, 0.15818049684166907, 0.4516872242093086, 0.4493984580039978, 0.23044833540916443, 0.23044833540916443, 0.0, 0.5, 0.0, 0.6976744186046512, 0.021136093884706497, 0.0]
[0.4642857142857143, 0.5, 0.3333333333333333, 0.42424242424242425, 0.6153846153846154, 0.5869565217391305, 0.08313658833503723, 0.082798071205616, 0.36824824066964434, 0.3682456878129656, 0.4781988304728076, 0.5163382635467089, 0.201194595013346, 0.201194595013346, 0.690776526927948, 0.0, 0.0, 0.0, 0.32083856612443923, 0.4144921228289604, 0.40639643371105194, 0.4627394378185272, 0.4627394378185272, 0.0, 0.5, 0.0, 0.6976744186046512, 0.02272498793900013, 0.008368049166165292]
[0.4642857142857143, 0.5, 0.3333333333333333, 0.42424242424242425, 0.6153846153846154, 0.5869565217391305, 0.07939455658197403, 0.07922378927469254, 0.3544561361491566, 0.35445322999534823, 0.5066835874866117, 0.48819806739380844, 0.2558170578309468, 0.2558170578309468, 0.5862448513507843, 0.0, 0.0, 0.0, 0.503061392903328, 0.32846352458000183, 0.31746456027030945, 0.7185708284378052, 0.7185708284378052, 0.0, 0.5, 0.0, 0.6976744186046512, 0.03320092707872391, 0.0013083912199363112]
[0.4642857142857143, 0.5, 0.3333333333333333, 0.42424242424242425, 0.6153846153846154, 0.5869565217391305, 0.07724718749523163, 0.07710958272218704, 0.35131371773451736, 0.3513106862172114, 0.5122494653693577, 0.4827531090151461, 0.28587605272020616, 0.28587605272020616, 0.559223085641861, 0.0, 0.0, 0.0, 0.5584120839834212, 0.27312538027763367, 0.2616952359676361, 0.79771888256073, 0.79771888256073, 0.0, 0.5, 0.08741158992052078, 0.6038369099761165, 0.045882027596235275, 0.0]
[0.4642857142857143, 0.5, 0.3333333333333333, 0.42424242424242425, 0.6153846153846154, 0.5869565217391305, 0.048262935131788254, 0.04825421795248985, 0.33039084629620463, 0.3303873133249082, 0.5230250919298278, 0.47252634806518523, 0.36512132201875963, 0.36512132201875963, 0.5187769383192062, 0.0, 0.0, 0.0, 0.6146528780460357, 0.12806493043899536, 0.11185950040817261, 0.8748829960823059, 0.8748829960823059, 0.09690927714109421, 0.4612362891435623, 0.09642602503299713, 0.494016076243201, 0.07459236681461334, 0.08986049331724644]
[0.4642857142857143, 0.5, 0.3333333333333333, 0.42424242424242425, 0.6153846153846154, 0.5869565217391305, 0.03908252343535423, 0.03904195874929428, 0.3336397325103643, 0.33363627931583906, 0.5208041650273376, 0.47486338008607504, 0.3789455230746951, 0.3789455230746951, 0.5101781487464905, 0.0, 0.0, 0.0, 0.6184434562921524, 0.12402158975601196, 0.10774022340774536, 0.8805205225944519, 0.8805205225944519, 0.09813505411148071, 0.4607459783554077, 0.098762147128582, 0.4955318570137024, 0.08884270489215851, 0.0]
[0.4642857142857143, 0.5, 0.3333333333333333, 0.42424242424242425, 0.6153846153846154, 0.5869565217391305, 0.03178088739514351, 0.03165080398321152, 0.33652379954978107, 0.3365204261320271, 0.519972197298338, 0.47581858725615667, 0.3793012457234519, 0.3793012457234519, 0.49859006702899933, 0.0, 0.0, 0.0, 0.6183987706899643, 0.12671467661857605, 0.10909020900726318, 0.8805567622184753, 0.8805567622184753, 0.0986119955778122, 0.4605552017688751, 0.09984090924263, 0.49626802982285967, 0.09250254184007645, 0.0]
[0.4642857142857143, 0.5, 0.3333333333333333, 0.42424242424242425, 0.6153846153846154, 0.5869565217391305, 0.02600969560444355, 0.02591017447412014, 0.3380530062870587, 0.3380510004710969, 0.5529099034989541, 0.4432886001890015, 0.3829488264662879, 0.3829488264662879, 0.4783049523830414, 0.0, 0.0, 0.0, 0.6180528640747069, 0.13052475452423096, 0.11293238401412964, 0.8800592422485352, 0.8800592422485352, 0.09990400820970535, 0.46003839671611785, 0.10224910080432892, 0.505906994952712, 0.09465616196393967, 0.0]
[0.4642857142857143, 0.5, 0.3333333333333333, 0.42424242424242425, 0.6153846153846154, 0.5869565217391305, 0.022896479815244675, 0.022755466401576996, 0.3343761062986764, 0.3343752173575115, 0.5852421296486208, 0.4114955852359426, 0.3905955169882093, 0.3905955169882093, 0.458233118057251, 0.0, 0.0, 0.0, 0.6183338284492492, 0.14323276281356812, 0.1258452832698822, 0.8801296949386597, 0.8801296949386597, 0.10028912127017975, 0.4598843514919281, 0.10297301411628723, 0.5227643251419067, 0.09180881083011627, 0.053271823562681675]
[0.4642857142857143, 0.5, 0.3333333333333333, 0.42424242424242425, 0.6153846153846154, 0.5869565217391305, 0.3346670866012573, 0.33469659090042114, 0.29305376742127753, 0.2930511689778723, 0.5899965801840759, 0.40756106325996033, 0.3987208434513637, 0.3987208434513637, 0.5472715795040131, 0.0, 0.0, 0.0, 0.5906147986650466, 0.2525053024291992, 0.23699766397476196, 0.8422020673751831, 0.8422020673751831, 0.0, 0.5, 0.0, 0.6976744186046512, 0.07339068502187729, 0.18153486773371696]
[0.4642857142857143, 0.5, 0.3333333333333333, 0.42424242424242425, 0.6153846153846154, 0.5869565217391305, 0.13422414660453796, 0.13409771025180817, 0.36405837604238245, 0.3640587407361937, 0.5702076842634445, 0.42599275686038335, 0.30663512647151947, 0.30663512647151947, 0.6019666343927383, 0.0, 0.0, 0.0, 0.5903968155384063, 0.3219018131494522, 0.30593210458755493, 0.8432509303092957, 0.8432509303092957, 0.05534268543124199, 0.5925545787054395, 0.05432495102286339, 0.797309514221757, 0.05295589938759804, 0.027834095526486635]
[0.4642857142857143, 0.5, 0.3333333333333333, 0.42424242424242425, 0.6153846153846154, 0.5869565217391305, 0.07989514619112015, 0.07977703213691711, 0.36291311211157484, 0.3629134426153413, 0.5475424083651366, 0.4480319788482809, 0.29739742832524435, 0.29739742832524435, 0.607928141951561, 0.0, 0.0, 0.0, 0.5913443922996521, 0.3222323954105377, 0.30334366858005524, 0.8462813496589661, 0.8462813496589661, 0.05159962549805641, 0.5448358451563214, 0.05064881592988968, 0.7629154215371886, 0.049590811133384705, 0.0]
[0.4642857142857143, 0.5, 0.3333333333333333, 0.42424242424242425, 0.6153846153846154, 0.5869565217391305, 0.0713416039943695, 0.07117372751235962, 0.3601736461683167, 0.3601738627052672, 0.522886596605837, 0.4722577624698847, 0.2884002881390708, 0.2884002881390708, 0.6159645766019821, 0.0, 0.0, 0.0, 0.5913515269756316, 0.3291102200746536, 0.31311391294002533, 0.8473498821258545, 0.8473498821258545, 0.05011079087853432, 0.5798645369590274, 0.04913054779171944, 0.7781007422437501, 0.04816640168428421, 0.0]
[0.4642857142857143, 0.5, 0.3333333333333333, 0.42424242424242425, 0.6153846153846154, 0.5869565217391305, 0.06931149959564209, 0.0688767060637474, 0.34489549414377596, 0.3448950382765119, 0.466471136528037, 0.528349288968187, 0.29028150652136125, 0.29028150652136125, 0.6157447099685669, 0.0, 0.0, 0.0, 0.5901997148990631, 0.3223144859075546, 0.31395964324474335, 0.8484191298484802, 0.8484191298484802, 0.049630068242549896, 0.5069017107524569, 0.048284225165843964, 0.7392483811045802, 0.04920360445976257, 0.0]
[0.4642857142857143, 0.5, 0.3333333333333333, 0.42424242424242425, 0.6153846153846154, 0.5869565217391305, 0.07819105684757233, 0.07743033021688461, 0.34254367492850835, 0.3425431278877915, 0.437479223621507, 0.5574010839574601, 0.291681353534971, 0.291681353534971, 0.6240386366844177, 0.0, 0.0, 0.0, 0.5914525389671326, 0.3229970186948776, 0.3229629397392273, 0.8530430197715759, 0.8530430197715759, 0.05040742829442024, 0.5019432665809752, 0.04872564226388931, 0.7379274862970031, 0.0512840673327446, 0.0]
[0.4642857142857143, 0.5, 0.3333333333333333, 0.42424242424242425, 0.6153846153846154, 0.5869565217391305, 0.08493591845035553, 0.08416181057691574, 0.33989055024506254, 0.3398899006342113, 0.4108714765617998, 0.5843859318970672, 0.2884726864950998, 0.2884726864950998, 0.634060725569725, 0.0, 0.0, 0.0, 0.5921897262334823, 0.33181236684322357, 0.33644166588783264, 0.8561002612113953, 0.8561002612113953, 0.05131102725863457, 0.4794755890965462, 0.0, 0.6976744186046512, 0.05448159575462341, 0.0]
[0.4642857142857143, 0.5, 0.3333333333333333, 0.42424242424242425, 0.6153846153846154, 0.5869565217391305, 0.024718325585126877, 0.025048386305570602, 0.4264940533993577, 0.4264969880448701, 0.5546907774576949, 0.44285430684321647, 0.32883478062493465, 0.32883478062493465, 0.7046060711145401, 0.0, 0.0, 0.0, 0.5775039345026016, 0.3390561640262604, 0.3489958345890045, 0.8419297933578491, 0.8419297933578491, 0.051446832716464996, 0.5504466172248598, 0.04968835413455963, 0.763619801159515, 0.05744341015815735, 0.0]
[0.4642857142857143, 0.5, 0.3333333333333333, 0.42424242424242425, 0.6153846153846154, 0.5869565217391305, 0.0, 0.0, 0.45772238842160023, 0.45771781265393724, 0.5554768806661748, 0.4429043838621731, 0.32918885350227356, 0.32918885350227356, 0.7212090790271759, 0.0, 0.0, 0.0, 0.5672823011875152, 0.3462715595960617, 0.3564532548189163, 0.8278992772102356, 0.8278992772102356, 0.04998144134879112, 0.5707165485336667, 0.04814387485384941, 0.7708602294672368, 0.06007860600948334, 0.0]
[0.4642857142857143, 0.5, 0.3333333333333333, 0.42424242424242425, 0.6153846153846154, 0.5869565217391305, 0.0, 0.0, 0.464159573241356, 0.46415530233492586, 0.5475489187195014, 0.45102054206130104, 0.3325505980423519, 0.3325505980423519, 0.7224331945180893, 0.0, 0.0, 0.0, 0.5566422879695891, 0.33831772208213806, 0.3486711233854294, 0.8135083913803101, 0.8135083913803101, 0.04934769496321678, 0.5337234815907856, 0.04756694287061691, 0.7488361520822658, 0.06193455681204796, 0.0]
[0.4642857142857143, 0.5, 0.3333333333333333, 0.42424242424242425, 0.6153846153846154, 0.5869565217391305, 0.0, 0.0, 0.4545688269015252, 0.45456416850792064, 0.5883526886398432, 0.41154514940422715, 0.3472460699932916, 0.3472460699932916, 0.7043358683586121, 0.0, 0.0, 0.0, 0.551558580994606, 0.30763837695121765, 0.3155312240123749, 0.807272732257843, 0.807272732257843, 0.0, 0.5, 0.0, 0.6976744186046512, 0.06493173539638519, 0.0]
[0.4642857142857143, 0.5, 0.3333333333333333, 0.42424242424242425, 0.6153846153846154, 0.5869565217391305, 0.0, 0.0, 0.4501563565908837, 0.4501515528895887, 0.6437606706673966, 0.35784619665459916, 0.3346698731184006, 0.3346698731184006, 0.6767440140247345, 0.0, 0.0, 0.0, 0.5753709375858307, 0.27837178111076355, 0.2768394500017166, 0.8357452750205994, 0.8357452750205994, 0.0, 0.5, 0.0987861379981041, 0.5950015471425167, 0.06546177715063095, 0.0]
[0.4642857142857143, 0.5, 0.3333333333333333, 0.42424242424242425, 0.6153846153846154, 0.5869565217391305, 0.0, 0.0, 0.42058297644153836, 0.4205768165351328, 0.6514707309110215, 0.34975425640387425, 0.3781953879765102, 0.3781953879765102, 0.6022996753454208, 0.0, 0.0, 0.0, 0.5900173842906952, 0.18249723315238953, 0.17620354890823364, 0.8530970811843872, 0.8530970811843872, 0.10727108269929886, 0.45709156692028047, 0.10291120409965515, 0.5243956280309101, 0.07100220024585724, 0.0]
[0.4642857142857143, 0.5, 0.3333333333333333, 0.42424242424242425, 0.6153846153846154, 0.5869565217391305, 0.0, 0.0, 0.40922104902066875, 0.40921434777188714, 0.6394305014929398, 0.3611193464038882, 0.45333817601203924, 0.45333817601203924, 0.5811055153608322, 0.0, 0.0, 0.0, 0.5950509607791901, 0.12953653931617737, 0.12431225180625916, 0.8581097722053528, 0.8581097722053528, 0.11055067181587219, 0.4557797312736511, 0.10585759580135345, 0.48864546210266824, 0.07430855184793472, 0.0]
[0.4642857142857143, 0.5, 0.3333333333333333, 0.42424242424242425, 0.6153846153846154, 0.5869565217391305, 0.0, 0.0, 0.4023979184276515, 0.40239092086514827, 0.646195560294857, 0.35439756080201157, 0.5069173659597125, 0.5069173659597125, 0.5824214816093445, 0.0, 0.0, 0.0, 0.5975418388843536, 0.12165933847427368, 0.11403480172157288, 0.8610363006591797, 0.8610363006591797, 0.1145147830247879, 0.45419408679008483, 0.10936988145112991, 0.4846387824346853, 0.07820115983486176, 0.0]
[0.4642857142857143, 0.5, 0.3333333333333333, 0.42424242424242425, 0.6153846153846154, 0.5869565217391305, 0.0, 0.0, 0.40518713658444055, 0.4051802301953901, 0.6491983465665158, 0.35126655046565536, 0.5288023395197733, 0.5288023395197733, 0.6028742492198944, 0.0, 0.0, 0.0, 0.5994305461645126, 0.12500301003456116, 0.11829873919487, 0.8634206056594849, 0.8634206056594849, 0.11548736691474915, 0.45380505323410036, 0.11011634021997452, 0.47669499419456307, 0.0799434557557106, 0.0]
[0.0, 0.0, 1.0, 1.0, 0.6153846153846154, 0.5869565217391305, 0.07497132569551468, 0.07480455189943314, 0.34763118778542396, 0.34762138663924674, 0.5118588797220992, 0.4832720170234808, 0.5715290989194598, 0.5715290989194598, 0.5932086408138275, 0.0, 0.0, 0.0, 0.5992203444242477, 0.12036857008934021, 0.11248734593391418, 0.8609362244606018, 0.8609362244606018, 0.11487270891666412, 0.45405091643333434, 0.10937728732824326, 0.45846996612327046, 0.0792771652340889, 0.0]
[0.0, 0.0, 1.0, 1.0, 0.6153846153846154, 0.5869565217391305, 0.05648641288280487, 0.056326985359191895, 0.36151879649773155, 0.361509576582316, 0.5161817122827752, 0.4786325191169984, 0.569150916167668, 0.569150916167668, 0.5962807536125183, 0.0, 0.0, 0.0, 0.600290024280548, 0.11904868483543396, 0.10921314358711243, 0.8607778549194336, 0.8607778549194336, 0.11167287826538086, 0.45533084869384766, 0.10583982616662979, 0.45878677867179696, 0.0764618068933487, 0.0]
[0.0, 0.0, 1.0, 1.0, 0.6153846153846154, 0.5869565217391305, 0.005894784815609455, 0.00586057361215353, 0.3738380166814158, 0.3738281585518306, 0.5131193284892671, 0.4812741673420715, 0.5500839012009757, 0.5500839012009757, 0.6076099425554276, 0.0, 0.0, 0.0, 0.6022264838218688, 0.11937364935874939, 0.10636186599731445, 0.8624365925788879, 0.8624365925788879, 0.10556049644947052, 0.4577758014202118, 0.09968281537294388, 0.4847770929336548, 0.0717802569270134, 0.0]
[0.0, 0.0, 1.0, 1.0, 0.6153846153846154, 0.5869565217391305, 0.0, 0.0, 0.38444831585564987, 0.3844388907999655, 0.5088189644863683, 0.4854619634716228, 0.551937861101968, 0.551937861101968, 0.610538512468338, 0.0, 0.0, 0.0, 0.6077109634876251, 0.1201830506324768, 0.10753518342971802, 0.8702595233917236, 0.8702595233917236, 0.10086691379547119, 0.4596532344818115, 0.09493177384138107, 0.4932201255199521, 0.06982602924108505, 0.0]
[0.0, 0.0, 1.0, 1.0, 0.6153846153846154, 0.5869565217391305, 0.0, 0.0, 0.4058741741381001, 0.4058656893086479, 0.5178452773486223, 0.4760799701486851, 0.5697572018418994, 0.5697572018418994, 0.6457789242267609, 0.0, 0.0, 0.0, 0.5810528725385665, 0.15115880966186523, 0.13870355486869812, 0.833046555519104, 0.833046555519104, 0.0979844257235527, 0.46080622971057894, 0.0924900472164154, 0.5466687540675319, 0.06450652331113815, 0.0]
[0.0, 0.0, 1.0, 1.0, 0.6153846153846154, 0.5869565217391305, 0.0, 0.0, 0.4138816364864546, 0.413873504954132, 0.5209174523162112, 0.4729656331575117, 0.5895633782659259, 0.5895633782659259, 0.6515673100948334, 0.0, 0.0, 0.0, 0.5773666232824325, 0.15347817540168762, 0.1416243016719818, 0.8280742764472961, 0.8280742764472961, 0.0979069247841835, 0.4608372300863266, 0.09270507842302322, 0.5541383215161257, 0.06216774508357048, 0.0]
[0.0, 0.0, 1.0, 1.0, 0.6153846153846154, 0.5869565217391305, 0.94005286693573, 0.9393627047538757, 0.3205280440715257, 0.3205160319691178, 0.5451465438246499, 0.4506920327141403, 0.786878764629364, 0.786878764629364, 0.619580090045929, 0.0, 0.0, 0.0, 0.5650336891412735, 0.12044861912727356, 0.10292407870292664, 0.8057922124862671, 0.8057922124862671, 0.14294299483299255, 0.44282280206680297, 0.13945385813713074, 0.4719567576120066, 0.06193661689758301, 0.16200145706534386]
[0.0, 0.0, 1.0, 1.0, 0.6153846153846154, 0.5869565217391305, 0.1684877723455429, 0.16888584196567535, 0.3874640373609262, 0.38745473766873945, 0.6364113837765462, 0.3604302574475404, 0.673546599490302, 0.673546599490302, 0.6387777775526047, 0.0, 0.0, 0.0, 0.5825983852148056, 0.12801015377044678, 0.10926255583763123, 0.8219894170761108, 0.8219894170761108, 0.14551645517349243, 0.441793417930603, 0.14235767722129822, 0.5430520759072415, 0.06997938454151154, 0.32410982996225357]
[0.0, 0.0, 1.0, 1.0, 0.6153846153846154, 0.5869565217391305, 0.008316493593156338, 0.008319986052811146, 0.39444543936968307, 0.39443650437130756, 0.694433701881715, 0.30487749767526334, 0.568014532327652, 0.568014532327652, 0.5766817778348923, 0.0, 0.0, 0.0, 0.6047580420970916, 0.1458030641078949, 0.12727421522140503, 0.8546050190925598, 0.8546050190925598, 0.12455391883850098, 0.4501784324645996, 0.11874189227819443, 0.5940697394138159, 0.07356015592813492, 0.33706434071063995]
[0.4642857142857143, 0.5, 0.3333333333333333, 0.42424242424242425, 0.6153846153846154, 0.5869565217391305, 0.0, 0.0, 0.39517439391827264, 0.3951655386966684, 0.7166647756076907, 0.2839374172477325, 0.5213575916630881, 0.5213575916630881, 0.540950134396553, 0.0, 0.0, 0.0, 0.610055935382843, 0.1534312665462494, 0.1339845359325409, 0.8622278571128845, 0.8622278571128845, 0.0, 0.5, 0.0, 0.6976744186046512, 0.08058308809995651, 0.3459693491458893]
[0.4642857142857143, 0.5, 0.3333333333333333, 0.42424242424242425, 0.6153846153846154, 0.5869565217391305, 0.0, 0.0, 0.3888262485226983, 0.3888171197807356, 0.7197773916999423, 0.281066980639511, 0.48645630478858953, 0.48645630478858953, 0.5162352472543716, 0.0, 0.0, 0.0, 0.612320590019226, 0.15401488542556763, 0.13456058502197266, 0.865825355052948, 0.865825355052948, 0.0, 0.5, 0.0, 0.6976744186046512, 0.08245853334665298, 0.3496798872947693]
[0.4642857142857143, 0.5, 0.3333333333333333, 0.42424242424242425, 0.6153846153846154, 0.5869565217391305, 0.0, 0.0, 0.387638486366199, 0.3876293234341915, 0.7069695273959158, 0.2932456113589603, 0.4824912760938917, 0.4824912760938917, 0.5040073841810226, 0.0, 0.0, 0.0, 0.6178388446569443, 0.14706560969352722, 0.12679463624954224, 0.8738253116607666, 0.8738253116607666, 0.10855376720428467, 0.45657849311828613, 0.09862140566110611, 0.604667334362518, 0.0840647742152214, 0.34360848367214203]
[0.4642857142857143, 0.5, 0.3333333333333333, 0.42424242424242425, 0.6153846153846154, 0.5869565217391305, 0.9446204304695129, 0.9447247982025146, 0.30856683924366823, 0.3085551462483451, 0.6181677924059545, 0.38003653864053144, 0.6875278907162803, 0.6875278907162803, 0.550895482301712, 0.0, 0.0, 0.0, 0.5872771471738815, 0.12179234623908997, 0.10568884015083313, 0.8349169492721558, 0.8349169492721558, 0.1241399347782135, 0.4503440260887146, 0.12478513270616531, 0.4846234584963599, 0.08346963673830032, 0.3399388864636421]
[0.4642857142857143, 0.5, 0.3333333333333333, 0.42424242424242425, 0.6153846153846154, 0.5869565217391305, 0.37603312730789185, 0.37619274854660034, 0.2968820495313713, 0.29687006022232665, 0.6824202318720334, 0.3187177189854723, 0.5695615070206779, 0.5695615070206779, 0.5285493731498718, 0.0, 0.0, 0.0, 0.5905606001615524, 0.12019279599189758, 0.10299870371818542, 0.8308318853378296, 0.8308318853378296, 0.13093309104442596, 0.44762676358222964, 0.1330484002828598, 0.4752652312433997, 0.08412022888660431, 0.33694319427013397]
[0.4642857142857143, 0.5, 0.3333333333333333, 0.42424242424242425, 0.6153846153846154, 0.5869565217391305, 0.08181793242692947, 0.08180566877126694, 0.3364244090895352, 0.33641390134909865, 0.6818579879819093, 0.318301101892851, 0.4670857105936323, 0.4670857105936323, 0.47827817499637604, 0.0, 0.0, 0.0, 0.6087831258773804, 0.1299445629119873, 0.11811834573745728, 0.8606105446815491, 0.8606105446815491, 0.10840777307748795, 0.4566368907690048, 0.10753653943538666, 0.5504483712273975, 0.07416689395904541, 0.3104439005255699]
[0.4642857142857143, 0.5, 0.3333333333333333, 0.42424242424242425, 0.6153846153846154, 0.5869565217391305, 0.03108220361173153, 0.03104645013809204, 0.3328596068613844, 0.33284890537736067, 0.6741362689330063, 0.3257608226284192, 0.45410931110382086, 0.45410931110382086, 0.47081631422042847, 0.0, 0.0, 0.0, 0.6132992714643478, 0.12951773405075073, 0.1146063506603241, 0.8672813177108765, 0.8672813177108765, 0.10365599393844604, 0.4585376024246216, 0.10214617103338242, 0.5509752381679623, 0.07498164474964142, 0.2887681871652603]
[0.4642857142857143, 0.5, 0.3333333333333333, 0.42424242424242425, 0.6153846153846154, 0.5869565217391305, 0.030494607985019684, 0.030310681089758873, 0.3308148028517772, 0.3308039987976191, 0.6685268336454724, 0.33126498676800087, 0.43206238320895607, 0.43206238320895607, 0.45910340547561646, 0.0, 0.0, 0.0, 0.6119324386119842, 0.13682320713996887, 0.12098947167396545, 0.8655561208724976, 0.8655561208724976, 0.0999327003955841, 0.46002691984176636, 0.09882006794214249, 0.5673369626666225, 0.0730205550789833, 0.2611737325787544]
[0.4642857142857143, 0.5, 0.3333333333333333, 0.42424242424242425, 0.6153846153846154, 0.5869565217391305, 0.018922874704003334, 0.01884777471423149, 0.33385984801881396, 0.33384920351819825, 0.6712093731641313, 0.32861268264563037, 0.42384701115744455, 0.42384701115744455, 0.4560030996799469, 0.0, 0.0, 0.0, 0.6104075998067855, 0.15143421292304993, 0.13301989436149597, 0.8631278872489929, 0.8631278872489929, 0.09928002953529358, 0.46028798818588257, 0.09855327755212784, 0.5586491213288418, 0.07262119650840759, 0.254537183791399]
[0.4642857142857143, 0.5, 0.3333333333333333, 0.42424242424242425, 0.6153846153846154, 0.5869565217391305, 0.013437249697744846, 0.013331655412912369, 0.33383007988647107, 0.3338195265593082, 0.7462589034158914, 0.2574289637764776, 0.4220629589898246, 0.4220629589898246, 0.4366811513900757, 0.0, 0.0, 0.0, 0.6073068320751189, 0.1660541594028473, 0.15304425358772278, 0.859315812587738, 0.859315812587738, 0.0, 0.5, 0.0, 0.6976744186046512, 0.07565860450267792, 0.2948158420622349]
[0.4642857142857143, 0.5, 0.3333333333333333, 0.42424242424242425, 0.6153846153846154, 0.5869565217391305, 0.7438168525695801, 0.7443404197692871, 0.26200223196988803, 0.2619891713727729, 0.6645372770940369, 0.33744324183094293, 0.533589848450252, 0.533589848450252, 0.4854549169540405, 0.0, 0.0, 0.0, 0.5848401963710784, 0.14522629976272583, 0.13476493954658508, 0.8273282051086426, 0.8273282051086426, 0.1037592887878418, 0.4584962844848633, 0.10659755766391754, 0.5235441410264303, 0.07917125523090363, 0.3142380341887474]
[0.4642857142857143, 0.5, 0.3333333333333333, 0.42424242424242425, 0.6153846153846154, 0.5869565217391305, 0.339036762714386, 0.3391585946083069, 0.29896495264757206, 0.2989530773053434, 0.6191111755188747, 0.38007252936102875, 0.5567889341286251, 0.5567889341286251, 0.5111631900072098, 0.0, 0.0, 0.0, 0.5803064435720443, 0.13914898037910461, 0.12536710500717163, 0.8216627240180969, 0.8216627240180969, 0.1302967667579651, 0.447881293296814, 0.13564348220825195, 0.4879827069681745, 0.07964713126420975, 0.29058756306767464]
[0.4642857142857143, 0.5, 0.3333333333333333, 0.42424242424242425, 0.6153846153846154, 0.5869565217391305, 0.1034088060259819, 0.10340502113103867, 0.3498444689391448, 0.34983441706597235, 0.5230172282195228, 0.47263297541824806, 0.4889285564422608, 0.4889285564422608, 0.513821929693222, 0.0, 0.0, 0.0, 0.5938938915729522, 0.1378900706768036, 0.12429040670394897, 0.8449580073356628, 0.8449580073356628, 0.1252143234014511, 0.4499142706394196, 0.1262151449918747, 0.5130106487939524, 0.0669754296541214, 0.03443741239607334]
[0.4642857142857143, 0.5, 0.3333333333333333, 0.42424242424242425, 0.6153846153846154, 0.5869565217391305, 0.05145392566919327, 0.051361773163080215, 0.35884946573304854, 0.35883960760346334, 0.4274794104906159, 0.567506113033627, 0.4527653115136283, 0.4527653115136283, 0.5566550046205521, 0.0, 0.0, 0.0, 0.5806996643543243, 0.15527185797691345, 0.15108782052993774, 0.8349542021751404, 0.8349542021751404, 0.11490891873836517, 0.4540364325046539, 0.11065421998500824, 0.5443540492723155, 0.06456010788679123, 0.0]
[0.4642857142857143, 0.5, 0.3333333333333333, 0.42424242424242425, 0.6153846153846154, 0.5869565217391305, 0.019256040453910828, 0.01903434656560421, 0.363333934579707, 0.363324213210301, 0.3376724482950243, 0.6590410372444544, 0.40390520223549436, 0.40390520223549436, 0.52249675989151, 0.0, 0.0, 0.0, 0.6132309079170226, 0.154829204082489, 0.15126517415046692, 0.8832952380180359, 0.8832952380180359, 0.10641730576753616, 0.4574330776929855, 0.10276104509830475, 0.5528197039005368, 0.06174604222178459, 0.0]
[0.4642857142857143, 0.5, 0.3333333333333333, 0.42424242424242425, 0.6153846153846154, 0.5869565217391305, 0.02916133403778076, 0.027779825031757355, 0.36243161371059673, 0.3624219721179619, 0.26515651433007437, 0.7346018910129435, 0.4009501955338887, 0.4009501955338887, 0.5071782171726227, 0.0, 0.0, 0.0, 0.5917028367519378, 0.14804211258888245, 0.15458586812019348, 0.8584224581718445, 0.8584224581718445, 0.10373101383447647, 0.4585075944662094, 0.10182517766952515, 0.5567254368648973, 0.06129040569067001, 0.0]
[0.4642857142857143, 0.5, 0.3333333333333333, 0.42424242424242425, 0.6153846153846154, 0.5869565217391305, 0.023557666689157486, 0.023247195407748222, 0.3519809364588721, 0.3519709757591525, 0.23614172543439993, 0.7654091727842514, 0.3996051528624126, 0.3996051528624126, 0.49774250388145447, 0.0, 0.0, 0.0, 0.5903945624828338, 0.13509589433670044, 0.14222681522369385, 0.8570156097412109, 0.8570156097412109, 0.10005627572536469, 0.45997748970985414, 0.1016620323061943, 0.5675589518491613, 0.06257938593626022, 0.0]
[0.4642857142857143, 0.5, 0.3333333333333333, 0.42424242424242425, 0.6153846153846154, 0.5869565217391305, 0.019692614674568176, 0.019505031406879425, 0.35112484053033716, 0.35111469748371193, 0.33390968570745694, 0.6631187015413504, 0.49728934253965107, 0.49728934253965107, 0.5071633756160736, 0.0, 0.0, 0.0, 0.5868839472532272, 0.1331595480442047, 0.1393907070159912, 0.8498178720474243, 0.8498178720474243, 0.09993300586938858, 0.4600267976522446, 0.10239322483539581, 0.5369883706403333, 0.06526841968297958, 0.0]
[0.4642857142857143, 0.5, 0.3333333333333333, 0.42424242424242425, 0.6153846153846154, 0.5869565217391305, 0.013904819265007973, 0.013840604573488235, 0.34183713765262874, 0.34182680086241624, 0.4121804766171749, 0.5841672666163512, 0.5121710470744542, 0.5121710470744542, 0.49646657705307007, 0.0, 0.0, 0.0, 0.5848302036523818, 0.10917007923126221, 0.10491243004798889, 0.8455515503883362, 0.8455515503883362, 0.10303442180156708, 0.4587862312793732, 0.10449517518281937, 0.4844697824744291, 0.06879953294992447, 0.0]
[0.4642857142857143, 0.5, 0.3333333333333333, 0.42424242424242425, 0.6153846153846154, 0.5869565217391305, 0.0, 0.0, 0.4201842350440089, 0.4201771463080528, 0.5919200722163768, 0.4060072852771501, 0.5367821455001831, 0.5367821455001831, 0.55918088555336, 0.0, 0.0, 0.0, 0.5876838237047195, 0.14051392674446106, 0.13795554637908936, 0.8482114672660828, 0.8482114672660828, 0.1100471019744873, 0.4559811592102051, 0.10937537997961044, 0.48748184082119966, 0.0801798403263092, 0.0]
[0.4642857142857143, 0.5, 0.3333333333333333, 0.42424242424242425, 0.6153846153846154, 0.5869565217391305, 0.0, 0.0, 0.43525240321004366, 0.43524600397332447, 0.6890724179393702, 0.31274524240552537, 0.5246308445930481, 0.5246308445930481, 0.5702118873596191, 0.0, 0.0, 0.0, 0.5866864293813705, 0.15080446004867554, 0.14034339785575867, 0.8472592830657959, 0.8472592830657959, 0.11693853884935379, 0.4532245844602585, 0.11115380376577377, 0.5264301771341369, 0.08942192792892456, 0.0]
[0.4642857142857143, 0.5, 0.3333333333333333, 0.42424242424242425, 0.6153846153846154, 0.5869565217391305, 0.0, 0.0, 0.4294581422386388, 0.4294516233367628, 0.7554799584995948, 0.2501069833347441, 0.5235308834484645, 0.5235308834484645, 0.5590222477912903, 0.0, 0.0, 0.0, 0.5930491000413894, 0.15127184987068176, 0.13681885600090027, 0.8497737646102905, 0.8497737646102905, 0.11727550625801086, 0.4530897974967957, 0.11020752042531967, 0.511311458986859, 0.08985119313001633, 0.0]
[0.4642857142857143, 0.5, 0.3333333333333333, 0.42424242424242425, 0.6153846153846154, 0.5869565217391305, 0.0, 0.0, 0.4229430810443302, 0.42293632851048135, 0.7881469963613477, 0.21939586676278894, 0.5046748050621578, 0.5046748050621578, 0.5039836913347244, 0.0, 0.0, 0.0, 0.6000109165906906, 0.15004879236221313, 0.13452091813087463, 0.8585411906242371, 0.8585411906242371, 0.11446819454431534, 0.4542127221822739, 0.10694732517004013, 0.4981394216071728, 0.08836788684129715, 0.04482110496610403]
[0.4642857142857143, 0.5, 0.3333333333333333, 0.42424242424242425, 0.6153846153846154, 0.5869565217391305, 0.0, 0.0, 0.4241802877039572, 0.4241731020962075, 0.7832270717073808, 0.2240301905758244, 0.4983527319771903, 0.4983527319771903, 0.5179020166397095, 0.0, 0.0, 0.0, 0.6020038694143295, 0.1487804353237152, 0.13217023015022278, 0.8604487180709839, 0.8604487180709839, 0.11195142567157745, 0.45521942973136903, 0.10468963533639908, 0.5106875439022862, 0.08617964386940002, 0.11886250227689743]
[0.4642857142857143, 0.5, 0.3333333333333333, 0.42424242424242425, 0.6153846153846154, 0.5869565217391305, 0.45592913031578064, 0.4553111493587494, 0.27263661233234593, 0.27262362011532026, 0.6610153377853889, 0.3400765590817655, 0.5966753406184061, 0.5966753406184061, 0.46809256076812744, 0.0, 0.0, 0.0, 0.610642209649086, 0.11536702513694763, 0.10295939445495605, 0.864656388759613, 0.864656388759613, 0.11275365203619003, 0.454898539185524, 0.11363697797060013, 0.45454520881175997, 0.084234818816185, 0.2642824128270149]
[0.4642857142857143, 0.5, 0.3333333333333333, 0.42424242424242425, 0.6153846153846154, 0.5869565217391305, 0.06433548033237457, 0.06411051005125046, 0.33725880573630107, 0.3372478877153269, 0.7138833470827762, 0.28789256721741335, 0.49948289990425115, 0.49948289990425115, 0.43287572264671326, 0.0, 0.0, 0.0, 0.6139073461294173, 0.12977993488311768, 0.11910697817802429, 0.869327187538147, 0.869327187538147, 0.11091616749763489, 0.45563353300094606, 0.11265857517719269, 0.5388187703698181, 0.08421444147825241, 0.28761904686689377]
[0.4642857142857143, 0.5, 0.3333333333333333, 0.42424242424242425, 0.6153846153846154, 0.5869565217391305, 0.015182113274931908, 0.01509084738790989, 0.34719982338681044, 0.34718928145632916, 0.7158516679621563, 0.2858509200886098, 0.4712740438325065, 0.4712740438325065, 0.43581441044807434, 0.0, 0.0, 0.0, 0.6142659366130828, 0.14197775721549988, 0.12983658909797668, 0.8703636527061462, 0.8703636527061462, 0.10687212646007538, 0.45725114941596984, 0.1072831004858017, 0.5621259919432706, 0.0839102640748024, 0.29283884912729263]
[0.4642857142857143, 0.5, 0.3333333333333333, 0.42424242424242425, 0.6153846153846154, 0.5869565217391305, 0.0, 0.0, 0.3455663256161983, 0.3455556583222194, 0.6904208049263598, 0.3100804703134829, 0.43681178774152485, 0.43681178774152485, 0.436956524848938, 0.0, 0.0, 0.0, 0.6107758492231369, 0.14387452602386475, 0.12998360395431519, 0.8659666180610657, 0.8659666180610657, 0.10005709528923035, 0.4599771618843079, 0.09926930069923401, 0.574345481257106, 0.08205106109380722, 0.27752993628382683]
[0.4642857142857143, 0.5, 0.3333333333333333, 0.42424242424242425, 0.6153846153846154, 0.5869565217391305, 0.026331989094614983, 0.025885451585054398, 0.339615103847438, 0.3396042656032351, 0.5959582242181607, 0.40148879733591136, 0.4467376002243587, 0.4467376002243587, 0.45843854546546936, 0.0, 0.0, 0.0, 0.6084256619215012, 0.14597007632255554, 0.1306488811969757, 0.862464427947998, 0.862464427947998, 0.10016622394323349, 0.4599335104227066, 0.09995995461940765, 0.4914094057194022, 0.07965663820505142, 0.04360287915915251]
[0.4642857142857143, 0.5, 0.3333333333333333, 0.42424242424242425, 0.6153846153846154, 0.5869565217391305, 0.03867517039179802, 0.03820040822029114, 0.33014543015459985, 0.33013425000994884, 0.5195489986220919, 0.47668713975768195, 0.43728285602160866, 0.43728285602160866, 0.49650757014751434, 0.0, 0.0, 0.0, 0.5982763141393661, 0.1623930037021637, 0.1485058069229126, 0.8549736738204956, 0.8549736738204956, 0.10085728764533997, 0.459657084941864, 0.1006074771285057, 0.5092129942982696, 0.07108477503061295, 0.0]
[0.4642857142857143, 0.5, 0.3333333333333333, 0.42424242424242425, 0.6153846153846154, 0.5869565217391305, 0.0, 0.0, 0.4260640281108324, 0.42605673423460744, 0.30997815870646084, 0.6897028631684835, 0.4503010426248823, 0.4503010426248823, 0.5507998168468475, 0.0, 0.0, 0.0, 0.5750019997358322, 0.1580270528793335, 0.14708459377288818, 0.831733226776123, 0.831733226776123, 0.10224979370832443, 0.4591000825166702, 0.10134001821279526, 0.5746139204779337, 0.07101742923259735, 0.0]
[0.4642857142857143, 0.5, 0.3333333333333333, 0.42424242424242425, 0.6153846153846154, 0.5869565217391305, 0.0, 0.0, 0.41785054794916915, 0.4178429007758146, 0.2903131390164961, 0.7098455747677714, 0.42449329580579487, 0.42449329580579487, 0.5610666424036026, 0.0, 0.0, 0.0, 0.5798613399267196, 0.17484113574028015, 0.16885021328926086, 0.8399185538291931, 0.8399185538291931, 0.0, 0.5, 0.0, 0.6976744186046512, 0.07147908955812454, 0.0]
[0.4642857142857143, 0.5, 0.3333333333333333, 0.42424242424242425, 0.6153846153846154, 0.5869565217391305, 0.0, 0.0, 0.4384109023424225, 0.43840416120525527, 0.28303533211264964, 0.7180679614361062, 0.4192477038928441, 0.4192477038928441, 0.5780466496944427, 0.0, 0.0, 0.0, 0.5816380828619003, 0.16428297758102417, 0.15402168035507202, 0.8432304263114929, 0.8432304263114929, 0.09727494418621063, 0.46109002232551577, 0.09532278776168823, 0.5799895455670911, 0.07249704748392105, 0.0]
[0.4642857142857143, 0.5, 0.3333333333333333, 0.42424242424242425, 0.6153846153846154, 0.5869565217391305, 0.0, 0.0, 0.42670674966808486, 0.426701085517329, 0.3539519469551101, 0.6447421336898334, 0.41743419000080656, 0.41743419000080656, 0.5380885154008865, 0.0, 0.0, 0.0, 0.589047673344612, 0.15901145339012146, 0.14639753103256226, 0.8538581728935242, 0.8538581728935242, 0.1017083078622818, 0.45931667685508726, 0.09884455054998398, 0.5322542613328889, 0.07436206191778183, 0.0]
[0.4642857142857143, 0.5, 0.3333333333333333, 0.42424242424242425, 0.6153846153846154, 0.5869565217391305, 0.0, 0.0, 0.4094118579623804, 0.4094054872173652, 0.38347803657415036, 0.6143798353516526, 0.43154386537415645, 0.43154386537415645, 0.48555490374565125, 0.0, 0.0, 0.0, 0.594316840171814, 0.16162219643592834, 0.14720088243484497, 0.8512633442878723, 0.8512633442878723, 0.10468649119138718, 0.4581254035234451, 0.10104253143072128, 0.5425410735052686, 0.07654858380556107, 0.0]
[0.4642857142857143, 0.5, 0.3333333333333333, 0.42424242424242425, 0.6153846153846154, 0.5869565217391305, 0.0, 0.0, 0.41267455695464095, 0.4126682887797602, 0.4629170215380579, 0.5336110499638622, 0.443392459835325, 0.443392459835325, 0.48578162491321564, 0.0, 0.0, 0.0, 0.5934347480535507, 0.16323885321617126, 0.14665010571479797, 0.8477960228919983, 0.8477960228919983, 0.10387418419122696, 0.45845032632350924, 0.10023746639490128, 0.5664188050946524, 0.07975219190120697, 0.11878152377903461]
[0.4642857142857143, 0.5, 0.3333333333333333, 0.42424242424242425, 0.6153846153846154, 0.5869565217391305, 0.0, 0.0, 0.40526935224551314, 0.4052627820585699, 0.48790782023342344, 0.5086180004238804, 0.4379898096833911, 0.4379898096833911, 0.4672270715236664, 0.0, 0.0, 0.0, 0.5936766803264617, 0.16426056623458862, 0.14695698022842407, 0.847278356552124, 0.847278356552124, 0.10068271309137344, 0.4597269147634506, 0.09716739505529404, 0.6051505894161935, 0.08058642596006393, 0.18061192706227303]
[0.4642857142857143, 0.5, 0.3333333333333333, 0.42424242424242425, 0.6153846153846154, 0.5869565217391305, 0.0, 0.0, 0.4042953063607444, 0.4042886962854155, 0.49714449482540785, 0.49958916462123687, 0.42919182351657326, 0.42919182351657326, 0.4471223056316376, 0.0, 0.0, 0.0, 0.594183138012886, 0.16655421257019043, 0.14836591482162476, 0.8466160893440247, 0.8466160893440247, 0.09718320518732071, 0.4611267179250717, 0.0941898375749588, 0.6252109657886417, 0.08117054402828217, 0.21795641630887985]
[0.4642857142857143, 0.5, 0.3333333333333333, 0.42424242424242425, 0.6153846153846154, 0.5869565217391305, 0.0, 0.0, 0.40680898694645606, 0.4068024851396025, 0.48595109120381724, 0.5107108813348231, 0.4256889224052429, 0.4256889224052429, 0.4516987204551697, 0.0, 0.0, 0.0, 0.5958149552345275, 0.16590064764022827, 0.14717799425125122, 0.8482921719551086, 0.8482921719551086, 0.0954178050160408, 0.4618328779935837, 0.09265505522489548, 0.6072568304316942, 0.08107852935791016, 0.22132977843284607]
[0.4642857142857143, 0.5, 0.3333333333333333, 0.42424242424242425, 0.6153846153846154, 0.5869565217391305, 0.8444692492485046, 0.8443685173988342, 0.2615976041863115, 0.2615858200175356, 0.5879906730487743, 0.41126718433996867, 0.5414365231990814, 0.5414365231990814, 0.4853743314743042, 0.0, 0.0, 0.0, 0.5822092741727829, 0.14655587077140808, 0.12960711121559143, 0.8262516260147095, 0.8262516260147095, 0.11329314112663269, 0.4546827435493469, 0.11974947899580002, 0.4812815716100294, 0.08212253451347351, 0.2204359695315361]
[0.4642857142857143, 0.5, 0.3333333333333333, 0.42424242424242425, 0.6153846153846154, 0.5869565217391305, 0.2660004794597626, 0.2659471035003662, 0.3049218385670882, 0.30491142200010457, 0.5739858494661962, 0.42392437311654285, 0.5022695660591125, 0.5022695660591125, 0.4812489449977875, 0.0, 0.0, 0.0, 0.5890119165182113, 0.13644123077392578, 0.12359210848808289, 0.8371509909629822, 0.8371509909629822, 0.12355069816112518, 0.4505797207355499, 0.13110007345676422, 0.45527015314545743, 0.07972389459609985, 0.20237024873495102]
[0.4642857142857143, 0.5, 0.3333333333333333, 0.42424242424242425, 0.6153846153846154, 0.5869565217391305, 0.06756968796253204, 0.06724415719509125, 0.3361143737632504, 0.3361050512777004, 0.5428333251699663, 0.4537687948460738, 0.4445283327783857, 0.4445283327783857, 0.48946821689605713, 0.0, 0.0, 0.0, 0.5986155241727829, 0.14511361718177795, 0.1315554976463318, 0.85484778881073, 0.85484778881073, 0.1154499277472496, 0.4538200289011002, 0.11735514551401138, 0.47520455925963645, 0.06967230141162872, 0.0]
[0.4642857142857143, 0.5, 0.3333333333333333, 0.42424242424242425, 0.6153846153846154, 0.5869565217391305, 0.040252793580293655, 0.0399225577712059, 0.3355489388022779, 0.33553951374659347, 0.5198610682560426, 0.4762835775638351, 0.43818478073392597, 0.43818478073392597, 0.4908934384584427, 0.0, 0.0, 0.0, 0.6015345454216003, 0.14518356323242188, 0.1336621344089508, 0.8601362705230713, 0.8601362705230713, 0.11001177132129669, 0.4559952914714813, 0.11096171289682388, 0.4809606005979139, 0.06756429374217987, 0.0]
[0.4642857142857143, 0.5, 0.3333333333333333, 0.42424242424242425, 0.6153846153846154, 0.5869565217391305, 0.23732268810272217, 0.23700185120105743, 0.3124189632116723, 0.31240732719975717, 0.4899849359722484, 0.5063032346696694, 0.45061677694320684, 0.45061677694320684, 0.48178648948669434, 0.0, 0.0, 0.0, 0.5994362622499465, 0.1341116726398468, 0.12475576996803284, 0.8566168546676636, 0.8566168546676636, 0.10648969560861588, 0.45740412175655365, 0.10688725113868713, 0.48083755166031594, 0.06734725832939148, 0.0]
[0.4642857142857143, 0.5, 0.3333333333333333, 0.42424242424242425, 0.6153846153846154, 0.5869565217391305, 0.9857751131057739, 0.98578280210495, 0.3151719798093544, 0.31516074268129546, 0.48868054373770325, 0.5092662835617544, 0.5802289715835026, 0.5802289715835026, 0.3847496807575226, 0.0, 0.0, 0.0, 0.5437548518180847, 0.1208028793334961, 0.10937085747718811, 0.7680969834327698, 0.7680969834327698, 0.1401686668395996, 0.44393253326416016, 0.15355931222438812, 0.46442584242931634, 0.06711102277040482, 0.0]
[0.4642857142857143, 0.5, 0.3333333333333333, 0.42424242424242425, 0.6153846153846154, 0.5869565217391305, 0.8224577307701111, 0.8228960633277893, 0.23244414046891104, 0.23242991741027247, 0.5022197233060692, 0.4963802522677942, 0.5414648141179766, 0.5414648141179766, 0.4753178060054779, 0.0, 0.0, 0.0, 0.562357497215271, 0.12568017840385437, 0.1155129075050354, 0.8046791553497314, 0.8046791553497314, 0.1455434113740921, 0.44178263545036317, 0.15800800919532776, 0.46460785838060603, 0.06621389836072922, 0.0]
[0.4642857142857143, 0.5, 0.3333333333333333, 0.42424242424242425, 0.6153846153846154, 0.5869565217391305, 0.1016121655702591, 0.10149111598730087, 0.330961489540669, 0.33095058291637647, 0.5376143544399488, 0.45904578893129455, 0.432335478918893, 0.432335478918893, 0.49418605864048004, 0.0, 0.0, 0.0, 0.5944390684366225, 0.13626393675804138, 0.1231493353843689, 0.8487256765365601, 0.8487256765365601, 0.12118040770292282, 0.45152783691883086, 0.12234537303447723, 0.4651665479637856, 0.06507202237844467, 0.0]
[0.4642857142857143, 0.5, 0.3333333333333333, 0.42424242424242425, 0.6153846153846154, 0.5869565217391305, 0.01670198328793049, 0.016593828797340393, 0.341203915229491, 0.3411933391089649, 0.6055375567813677, 0.3920779761068629, 0.4105702681200845, 0.4105702681200845, 0.42868319153785706, 0.0, 0.0, 0.0, 0.6071833938360214, 0.14044928550720215, 0.12654435634613037, 0.8652819991111755, 0.8652819991111755, 0.11221792548894882, 0.45511282980442047, 0.11375269293785095, 0.509964179160983, 0.0661039724946022, 0.1502679381519556]
[0.4642857142857143, 0.5, 0.3333333333333333, 0.42424242424242425, 0.6153846153846154, 0.5869565217391305, 0.010326754301786423, 0.010281970724463463, 0.3475741246006457, 0.34756385619052277, 0.6811947239060703, 0.3192121070333416, 0.40040927273886545, 0.40040927273886545, 0.4173385798931122, 0.0, 0.0, 0.0, 0.6124110460281371, 0.1401195228099823, 0.12599921226501465, 0.8692547678947449, 0.8692547678947449, 0.10667072981595993, 0.457331708073616, 0.10832911729812622, 0.535603134438049, 0.06826329976320267, 0.20694158971309662]
[0.4642857142857143, 0.5, 0.3333333333333333, 0.42424242424242425, 0.6153846153846154, 0.5869565217391305, 0.0, 0.0, 0.3442443903272056, 0.3442339965535851, 0.725174130718749, 0.2773651789018296, 0.41063108614512855, 0.41063108614512855, 0.40937432646751404, 0.0, 0.0, 0.0, 0.6126573175191878, 0.13999825716018677, 0.1273336112499237, 0.8694873452186584, 0.8694873452186584, 0.10260644555091858, 0.45895742177963256, 0.10277561843395233, 0.5904967563096867, 0.07354462146759033, 0.2664105221629143]
[0.4642857142857143, 0.5, 0.3333333333333333, 0.42424242424242425, 0.6153846153846154, 0.5869565217391305, 0.0, 0.0, 0.34887089601666244, 0.34886068458994757, 0.7220199395320156, 0.28019059861772555, 0.40868986930165974, 0.40868986930165974, 0.4005928337574005, 0.0, 0.0, 0.0, 0.6138185381889343, 0.1406019628047943, 0.12961030006408691, 0.8706481456756592, 0.8706481456756592, 0.09978605061769485, 0.4600855797529221, 0.09885750710964203, 0.5563484409520792, 0.07522013783454895, 0.27700506150722504]
[0.4642857142857143, 0.5, 0.3333333333333333, 0.42424242424242425, 0.6153846153846154, 0.5869565217391305, 0.6795204877853394, 0.6786032915115356, 0.23023808481132552, 0.23022386175268694, 0.6064972143556147, 0.3941908980824017, 0.5236572452953884, 0.5236572452953884, 0.46133342385292053, 0.0, 0.0, 0.0, 0.599492546916008, 0.12256717681884766, 0.1102013885974884, 0.8496359586715698, 0.8496359586715698, 0.1130603551864624, 0.45477585792541503, 0.11706572026014328, 0.48757721518361297, 0.07628270238637924, 0.2626452036201954]
[0.4642857142857143, 0.5, 0.3333333333333333, 0.42424242424242425, 0.6153846153846154, 0.5869565217391305, 0.5084149837493896, 0.5082089304924011, 0.25503067669403484, 0.2550172286097452, 0.5709617001148757, 0.4280474417929389, 0.5160832617964064, 0.5160832617964064, 0.4871915578842163, 0.0, 0.0, 0.0, 0.5888237863779068, 0.12367147207260132, 0.11047309637069702, 0.8358901143074036, 0.8358901143074036, 0.12227032333612442, 0.45109187066555023, 0.12895634770393372, 0.4608910652094109, 0.07619914412498474, 0.1843138411641121]
[0.4642857142857143, 0.5, 0.3333333333333333, 0.42424242424242425, 0.6153846153846154, 0.5869565217391305, 0.05694259703159332, 0.05667099356651306, 0.3393060828258157, 0.33929237261784917, 0.5118517240306387, 0.4840703032845926, 0.45079569731439867, 0.45079569731439867, 0.4591043293476105, 0.0, 0.0, 0.0, 0.5985736548900604, 0.12552204728126526, 0.11411935091018677, 0.8554210066795349, 0.8554210066795349, 0.11603185534477234, 0.4535872578620911, 0.11984249204397202, 0.4827894928843476, 0.06656249612569809, 0.0]
[0.4642857142857143, 0.5, 0.3333333333333333, 0.42424242424242425, 0.6153846153846154, 0.5869565217391305, 0.038633793592453, 0.03823475167155266, 0.34963927168691133, 0.3496259261727561, 0.46432296461630507, 0.5312782361397501, 0.4288839442389352, 0.4288839442389352, 0.46451953053474426, 0.0, 0.0, 0.0, 0.5909255743026733, 0.12714427709579468, 0.11992374062538147, 0.8488176465034485, 0.8488176465034485, 0.11170525848865509, 0.455317896604538, 0.11398477852344513, 0.5082155244294987, 0.06578634679317474, 0.0]
[0.4642857142857143, 0.5, 0.3333333333333333, 0.42424242424242425, 0.6153846153846154, 0.5869565217391305, 0.023670213297009468, 0.02350340038537979, 0.3524741050618101, 0.35246080513438116, 0.4232020421420183, 0.5723563298845787, 0.4085273614951543, 0.4085273614951543, 0.5390478819608688, 0.0, 0.0, 0.0, 0.5894898980855942, 0.13139554858207703, 0.12760943174362183, 0.8479540348052979, 0.8479540348052979, 0.10548584908246994, 0.45780566036701204, 0.10627920925617218, 0.5319250357705494, 0.0648411437869072, 0.0]
[0.4642857142857143, 0.5, 0.3333333333333333, 0.42424242424242425, 0.6153846153846154, 0.5869565217391305, 0.012092960998415947, 0.012086414732038975, 0.35915163734902844, 0.3591386451320028, 0.40126337877423085, 0.5945290269582216, 0.4037840238639287, 0.4037840238639287, 0.5382429212331772, 0.0, 0.0, 0.0, 0.5930047482252121, 0.13032543659210205, 0.12700483202934265, 0.8533982038497925, 0.8533982038497925, 0.10194656252861023, 0.4592213749885559, 0.10222216695547104, 0.5355767593827359, 0.06441624462604523, 0.0]
[0.4642857142857143, 0.5, 0.3333333333333333, 0.42424242424242425, 0.6153846153846154, 0.5869565217391305, 0.008509239181876183, 0.008498154580593109, 0.36014912050951053, 0.3601360827057585, 0.3868463600114928, 0.6089638131475763, 0.40309880461011616, 0.40309880461011616, 0.534420982003212, 0.0, 0.0, 0.0, 0.595413139462471, 0.12779250741004944, 0.12603983283042908, 0.8572057485580444, 0.8572057485580444, 0.09801186621189117, 0.46079525351524353, 0.09804268181324005, 0.536108055087023, 0.06465592235326767, 0.0]
[0.4642857142857143, 0.5, 0.3333333333333333, 0.42424242424242425, 0.6153846153846154, 0.5869565217391305, 0.00647315988317132, 0.006458086892962456, 0.35966932021409104, 0.3596563052037022, 0.3744259600885511, 0.6217454593855787, 0.40510479893003193, 0.40510479893003193, 0.5277090072631836, 0.0, 0.0, 0.0, 0.5963463842868805, 0.12712085247039795, 0.1273767650127411, 0.8588733077049255, 0.8588733077049255, 0.09686069935560226, 0.46125572025775907, 0.09683404117822647, 0.5360723442809526, 0.06480197608470917, 0.0]
[0.4642857142857143, 0.5, 0.3333333333333333, 0.42424242424242425, 0.6153846153846154, 0.5869565217391305, 0.007288183551281691, 0.007150931283831596, 0.35636505752403014, 0.3563519285468253, 0.37057865691686454, 0.6257004498017171, 0.4044108305658613, 0.4044108305658613, 0.5298886895179749, 0.0, 0.0, 0.0, 0.5941310882568359, 0.12735360860824585, 0.13067016005516052, 0.8572949171066284, 0.8572949171066284, 0.09648202359676361, 0.46140719056129453, 0.09641972184181213, 0.5294836329859357, 0.06604010611772537, 0.0]
[0.4642857142857143, 0.5, 0.3333333333333333, 0.42424242424242425, 0.6153846153846154, 0.5869565217391305, 0.009520131163299084, 0.009223814122378826, 0.352799776635252, 0.35278649950118635, 0.37135030343473296, 0.6249837865742347, 0.40231617433684214, 0.40231617433684214, 0.5353859812021255, 0.0, 0.0, 0.0, 0.5880107671022414, 0.13110104203224182, 0.1363477110862732, 0.8504806756973267, 0.8504806756973267, 0.09676524251699448, 0.4612939029932022, 0.09666454792022705, 0.5276719775310783, 0.0672319084405899, 0.0]
[0.4642857142857143, 0.5, 0.3333333333333333, 0.42424242424242425, 0.6153846153846154, 0.5869565217391305, 0.013291257433593273, 0.012824301607906818, 0.34189675369408573, 0.34188319164298003, 0.4184372548163507, 0.5778143146703115, 0.38554228842258453, 0.38554228842258453, 0.5313954651355743, 0.0, 0.0, 0.0, 0.5812700629234313, 0.12956827878952026, 0.13542288541793823, 0.8416519165039062, 0.8416519165039062, 0.09792555868625641, 0.46082977652549745, 0.09736337512731552, 0.5265011828999187, 0.07019887119531631, 0.0]
[0.4642857142857143, 0.5, 0.3333333333333333, 0.42424242424242425, 0.6153846153846154, 0.5869565217391305, 0.02013024501502514, 0.01992090418934822, 0.3382999153939533, 0.33828623937603164, 0.4714534437679196, 0.5246579265908524, 0.35068579018116, 0.35068579018116, 0.497544527053833, 0.0, 0.0, 0.0, 0.5876456469297409, 0.12471809983253479, 0.11757925152778625, 0.8441855907440186, 0.8441855907440186, 0.09763602912425995, 0.46094558835029603, 0.09685640037059784, 0.5218996766001679, 0.06828798353672028, 0.0]
[0.4642857142857143, 0.5, 0.3333333333333333, 0.42424242424242425, 0.6153846153846154, 0.5869565217391305, 0.9392750859260559, 0.9392862319946289, 0.2817548009679149, 0.2817394382411162, 0.5355748014513895, 0.46222573092010644, 0.5378178187779018, 0.5378178187779018, 0.4618189036846161, 0.0, 0.0, 0.0, 0.5539780914783478, 0.13053777813911438, 0.12377548217773438, 0.7857516407966614, 0.7857516407966614, 0.12537631392478943, 0.4498494744300842, 0.1413441300392151, 0.4856179550636647, 0.0675521120429039, 0.1464779581874609]
[0.4642857142857143, 0.5, 0.3333333333333333, 0.42424242424242425, 0.6153846153846154, 0.5869565217391305, 0.2106991559267044, 0.21069812774658203, 0.31751826023736374, 0.3175041169554964, 0.5981637670250741, 0.4000080834788478, 0.40501249688012264, 0.40501249688012264, 0.4709102660417557, 0.0, 0.0, 0.0, 0.6059393942356109, 0.14211878180503845, 0.12807804346084595, 0.8615365028381348, 0.8615365028381348, 0.1249883770942688, 0.4500046491622925, 0.13691860437393188, 0.5147227714228075, 0.06927214562892914, 0.19352471455931664]
[0.4642857142857143, 0.5, 0.3333333333333333, 0.42424242424242425, 0.6153846153846154, 0.5869565217391305, 0.05741177126765251, 0.05733126401901245, 0.34718981710036445, 0.3471768020899756, 0.6473357640990336, 0.3518705062104406, 0.3892716339656285, 0.3892716339656285, 0.4504481256008148, 0.0, 0.0, 0.0, 0.6163066834211349, 0.14034241437911987, 0.1257966160774231, 0.875437319278717, 0.875437319278717, 0.11618523299694061, 0.45352590680122373, 0.12030778080224991, 0.5258219810419305, 0.07033921778202057, 0.2253248170018196]
[0.4642857142857143, 0.5, 0.3333333333333333, 0.42424242424242425, 0.6153846153846154, 0.5869565217391305, 0.03057769313454628, 0.030390894040465355, 0.34480277074226684, 0.3447896873517884, 0.6587041363433488, 0.3409565880416634, 0.3663862390177591, 0.3663862390177591, 0.42504918575286865, 0.0, 0.0, 0.0, 0.6184264332056045, 0.13938835263252258, 0.12515288591384888, 0.8781358599662781, 0.8781358599662781, 0.10782378166913986, 0.45687048733234403, 0.11095355451107025, 0.5477085155110026, 0.07154655456542969, 0.2307717129588127]
[0.4642857142857143, 0.5, 0.3333333333333333, 0.42424242424242425, 0.6153846153846154, 0.5869565217391305, 0.8509154915809631, 0.8509026169776917, 0.26557240203507315, 0.2655566290277368, 0.5995390045939166, 0.4000997355922864, 0.5186634191444942, 0.5186634191444942, 0.4489884078502655, 0.0, 0.0, 0.0, 0.586949598789215, 0.13029730319976807, 0.11570993065834045, 0.8325188755989075, 0.8325188755989075, 0.11036096513271332, 0.45585561394691465, 0.1171853318810463, 0.48829340657522513, 0.07245629280805588, 0.23290105164051056]
[0.4642857142857143, 0.5, 0.3333333333333333, 0.42424242424242425, 0.6153846153846154, 0.5869565217391305, 0.2600882053375244, 0.2600712776184082, 0.2977820454774349, 0.2977672297913531, 0.5534147935889191, 0.44401377103929945, 0.4219392580645425, 0.4219392580645425, 0.47039321064949036, 0.0, 0.0, 0.0, 0.5863482624292373, 0.1340089738368988, 0.12106823921203613, 0.8357431292533875, 0.8357431292533875, 0.12059856206178665, 0.45176057517528534, 0.1321975290775299, 0.46941606111304707, 0.07251396775245667, 0.12224562466144562]
[0.4642857142857143, 0.5, 0.3333333333333333, 0.42424242424242425, 0.6153846153846154, 0.5869565217391305, 0.10189440846443176, 0.10172894597053528, 0.3229068734221887, 0.32289288969386376, 0.5016156626761985, 0.4947526807716148, 0.39956129023006987, 0.39956129023006987, 0.45963042974472046, 0.0, 0.0, 0.0, 0.592828905582428, 0.1336798369884491, 0.12187966704368591, 0.8474874496459961, 0.8474874496459961, 0.11551348119974136, 0.4537946075201035, 0.12147460132837296, 0.48249519841615546, 0.06617769598960876, 0.013116496847942472]
[0.4642857142857143, 0.5, 0.3333333333333333, 0.42424242424242425, 0.6153846153846154, 0.5869565217391305, 0.06486234068870544, 0.06432303786277771, 0.3294223676903982, 0.32940862329238685, 0.4552557960750952, 0.5408798264221246, 0.3989375701972417, 0.3989375701972417, 0.4552491307258606, 0.0, 0.0, 0.0, 0.576153290271759, 0.131550133228302, 0.12196910381317139, 0.8302293419837952, 0.8302293419837952, 0.11132132261991501, 0.455471470952034, 0.11494705080986023, 0.5022754087004551, 0.06410955637693405, 0.0]
[0.4642857142857143, 0.5, 0.3333333333333333, 0.42424242424242425, 0.6153846153846154, 0.5869565217391305, 0.05015851557254791, 0.0493696890771389, 0.3447390063087069, 0.3447258887281837, 0.4167988279809459, 0.5794114114398887, 0.3919154831341335, 0.3919154831341335, 0.49452733993530273, 0.0, 0.0, 0.0, 0.5719299584627151, 0.1311473846435547, 0.12743937969207764, 0.8251996636390686, 0.8251996636390686, 0.10878437012434006, 0.456486251950264, 0.11082009226083755, 0.5107822113258894, 0.06425510346889496, 0.0]
[0.4642857142857143, 0.5, 0.3333333333333333, 0.42424242424242425, 0.6153846153846154, 0.5869565217391305, 0.050006378442049026, 0.049204759299755096, 0.34814048269282794, 0.3481274220957127, 0.3942821819057428, 0.601938377210282, 0.40463849902153015, 0.40463849902153015, 0.5422599166631699, 0.0, 0.0, 0.0, 0.5722159296274185, 0.13246092200279236, 0.13740390539169312, 0.8264845609664917, 0.8264845609664917, 0.10660411417484283, 0.4573583543300629, 0.10778012871742249, 0.5140974424606146, 0.06970948725938797, 0.0]
[0.4642857142857143, 0.5, 0.3333333333333333, 0.42424242424242425, 0.6153846153846154, 0.5869565217391305, 0.04295698180794716, 0.04211439937353134, 0.348892982785606, 0.34887995637853564, 0.3870488220601419, 0.6092448325225039, 0.4072203380720956, 0.4072203380720956, 0.5439950823783875, 0.0, 0.0, 0.0, 0.5736740738153457, 0.13444000482559204, 0.14051112532615662, 0.8295523524284363, 0.8295523524284363, 0.10484631359577179, 0.4580614745616913, 0.10563793778419495, 0.5194102747495785, 0.07110428065061569, 0.0]
[0.4642857142857143, 0.5, 0.3333333333333333, 0.42424242424242425, 0.6153846153846154, 0.5869565217391305, 0.04450376331806183, 0.04355234652757645, 0.34516723661988, 0.34514344034869626, 0.38237130482383713, 0.6140366983636565, 0.4015940853527614, 0.4015940853527614, 0.5415200591087341, 0.0, 0.0, 0.0, 0.5729351550340652, 0.13988298177719116, 0.14750349521636963, 0.8296745419502258, 0.8296745419502258, 0.10334936529397964, 0.45866025388240816, 0.10388130694627762, 0.5308624131734981, 0.07254761457443237, 0.0]
[0.4642857142857143, 0.5, 0.3333333333333333, 0.42424242424242425, 0.6153846153846154, 0.5869565217391305, 0.07086460292339325, 0.06978441029787064, 0.32999472043710276, 0.32997038852188376, 0.3635796470350335, 0.6335552934884063, 0.39340894137110033, 0.39340894137110033, 0.5333025902509689, 0.0, 0.0, 0.0, 0.5742662101984024, 0.14739671349525452, 0.1554121971130371, 0.8324183821678162, 0.8324183821678162, 0.10333696007728577, 0.4586652159690857, 0.10426324605941772, 0.5134399893671967, 0.07274014502763748, 0.0]
[0.4642857142857143, 0.5, 0.3333333333333333, 0.42424242424242425, 0.6153846153846154, 0.5869565217391305, 0.1148776188492775, 0.11340322345495224, 0.30952009188285523, 0.3094952129269193, 0.3384219054738149, 0.6602519004745597, 0.3825576177665166, 0.3825576177665166, 0.5037944465875626, 0.0, 0.0, 0.0, 0.5746297866106033, 0.14910578727722168, 0.16288748383522034, 0.8332736492156982, 0.8332736492156982, 0.10666435956954956, 0.45733425617218015, 0.10807857662439346, 0.5014326544695122, 0.07421395927667618, 0.0]
[0.4642857142857143, 0.5, 0.3333333333333333, 0.42424242424242425, 0.6153846153846154, 0.5869565217391305, 0.12656430900096893, 0.12543721497058868, 0.29792726199440017, 0.2979021209147874, 0.32783349932493716, 0.6716289797836184, 0.35452191318784443, 0.35452191318784443, 0.49186035990715027, 0.0, 0.0, 0.0, 0.5765437573194503, 0.15059179067611694, 0.16741690039634705, 0.8363253474235535, 0.8363253474235535, 0.1103883758187294, 0.45584464967250826, 0.11216028779745102, 0.49246085244555804, 0.07517024874687195, 0.0]
[0.4642857142857143, 0.5, 0.3333333333333333, 0.42424242424242425, 0.6153846153846154, 0.5869565217391305, 0.14482948184013367, 0.1444358080625534, 0.2821228909902773, 0.28209731683676376, 0.32307949895840526, 0.6768969476970108, 0.3252173640898296, 0.3252173640898296, 0.46540263295173645, 0.0, 0.0, 0.0, 0.5805792927742004, 0.14805269241333008, 0.16322848200798035, 0.8401609063148499, 0.8401609063148499, 0.11191490292549133, 0.45523403882980346, 0.11454325169324875, 0.4917923170466756, 0.07441429048776627, 0.0]
[0.4642857142857143, 0.5, 0.3333333333333333, 0.42424242424242425, 0.6153846153846154, 0.5869565217391305, 0.17329511046409607, 0.17287184298038483, 0.26715086523023207, 0.2671248580028176, 0.3202826621199657, 0.680150050683363, 0.3206288175923484, 0.3206288175923484, 0.468688040971756, 0.0, 0.0, 0.0, 0.583627051115036, 0.14257237315177917, 0.1595473289489746, 0.8443343639373779, 0.8443343639373779, 0.1141982153058052, 0.4543207138776779, 0.11726771295070648, 0.47771951486898023, 0.07575100660324097, 0.0]
[0.4642857142857143, 0.5, 0.3333333333333333, 0.42424242424242425, 0.6153846153846154, 0.5869565217391305, 0.191192165017128, 0.19082239270210266, 0.2599464985426252, 0.2599201494147627, 0.3174105501995488, 0.6833179748714262, 0.3224392128842218, 0.3224392128842218, 0.4789244532585144, 0.0, 0.0, 0.0, 0.5861285477876663, 0.13936325907707214, 0.15751135349273682, 0.848518967628479, 0.848518967628479, 0.1189342513680458, 0.4524262994527817, 0.12161153554916382, 0.46354254317838095, 0.07818819582462311, 0.0]
[0.4642857142857143, 0.5, 0.3333333333333333, 0.42424242424242425, 0.6153846153846154, 0.5869565217391305, 0.2011285126209259, 0.20087896287441254, 0.25558068054811905, 0.2555543314202566, 0.3184914798627164, 0.6823010945588585, 0.32274849712848663, 0.32274849712848663, 0.475830078125, 0.0, 0.0, 0.0, 0.5856565117835998, 0.13845029473304749, 0.156613290309906, 0.8480783104896545, 0.8480783104896545, 0.12278825789690018, 0.45088469684123994, 0.12540723383426666, 0.45339705639107286, 0.07895688712596893, 0.0]
[0.4642857142857143, 0.5, 0.3333333333333333, 0.42424242424242425, 0.6153846153846154, 0.5869565217391305, 0.2135114222764969, 0.2133866548538208, 0.2476226513062107, 0.24759616541816898, 0.30517577942653096, 0.6965410544762369, 0.3231651335954666, 0.3231651335954666, 0.4817146807909012, 0.0, 0.0, 0.0, 0.586068195104599, 0.13815441727638245, 0.15652358531951904, 0.8485001921653748, 0.8485001921653748, 0.12482662498950958, 0.4500693500041962, 0.12773777544498444, 0.44914303130881733, 0.07744798809289932, 0.0]
[0.4642857142857143, 0.5, 0.3333333333333333, 0.42424242424242425, 0.6153846153846154, 0.5869565217391305, 0.22164681553840637, 0.22156384587287903, 0.24321605598493468, 0.24318742752075195, 0.31698136256712117, 0.6843702874670927, 0.32263783471924923, 0.32263783471924923, 0.46360287070274353, 0.0, 0.0, 0.0, 0.5848427832126617, 0.13674357533454895, 0.15529456734657288, 0.8466141819953918, 0.8466141819953918, 0.1296238750219345, 0.4481504499912262, 0.13271377980709076, 0.4469144880771637, 0.07568895071744919, 0.0]
[0.4642857142857143, 0.5, 0.3333333333333333, 0.42424242424242425, 0.6153846153846154, 0.5869565217391305, 0.23594680428504944, 0.23583444952964783, 0.24143272604130878, 0.2414040747837628, 0.31954506888672224, 0.6818856513244422, 0.3249673651797431, 0.3249673651797431, 0.4697953909635544, 0.0, 0.0, 0.0, 0.5840708404779433, 0.13723993301391602, 0.15505105257034302, 0.8449785113334656, 0.8449785113334656, 0.13326962292194366, 0.44669215083122255, 0.1365552395582199, 0.445377904176712, 0.07456211745738983, 0.0]
[0.4642857142857143, 0.5, 0.3333333333333333, 0.42424242424242425, 0.6153846153846154, 0.5869565217391305, 0.2359040081501007, 0.23579563200473785, 0.2410195735398944, 0.24099094507571156, 0.3200246526451913, 0.6814828925966483, 0.3166481001036508, 0.3166481001036508, 0.46967822313308716, 0.0, 0.0, 0.0, 0.5886282294988632, 0.1359432339668274, 0.15106841921806335, 0.8492394685745239, 0.8492394685745239, 0.13338100910186768, 0.44664759635925294, 0.137284055352211, 0.4450863778591156, 0.0741729587316513, 0.0]
[0.4642857142857143, 0.5, 0.3333333333333333, 0.42424242424242425, 0.6153846153846154, 0.5869565217391305, 0.7653641700744629, 0.7637649774551392, 0.18267198274513957, 0.18264212343934388, 0.376990817472994, 0.62539722969103, 0.3887924126216344, 0.3887924126216344, 0.44933703541755676, 0.0, 0.0, 0.0, 0.5439116060733795, 0.13497573137283325, 0.15027853846549988, 0.7850839495658875, 0.7850839495658875, 0.1802527755498886, 0.42789888978004453, 0.18340227007865906, 0.4266390919685364, 0.08441630005836487, 0.0]
[0.4642857142857143, 0.5, 0.3333333333333333, 0.42424242424242425, 0.6153846153846154, 0.5869565217391305, 0.3943942189216614, 0.39372026920318604, 0.22794099246110788, 0.2279120220964771, 0.37482986988118683, 0.6257625218280592, 0.390904684151922, 0.390904684151922, 0.4676933288574219, 0.0, 0.0, 0.0, 0.5729296684265136, 0.13696974515914917, 0.15089905261993408, 0.8279518485069275, 0.8279518485069275, 0.17018599808216095, 0.4319256007671356, 0.17116016149520874, 0.4315359354019165, 0.0872650220990181, 0.0]
[0.4642857142857143, 0.5, 0.3333333333333333, 0.42424242424242425, 0.6153846153846154, 0.5869565217391305, 0.2206907868385315, 0.22035787999629974, 0.26606651656258407, 0.26603859469266056, 0.4119425708887454, 0.5868187074400905, 0.3532015532255173, 0.3532015532255173, 0.46286070346832275, 0.0, 0.0, 0.0, 0.5826329112052917, 0.138447105884552, 0.14822077751159668, 0.8394630551338196, 0.8394630551338196, 0.1432090550661087, 0.4427163779735565, 0.1438378244638443, 0.4568130886831949, 0.08238052576780319, 0.0]
[0.4642857142857143, 0.5, 0.3333333333333333, 0.42424242424242425, 0.6153846153846154, 0.5869565217391305, 0.18024274706840515, 0.17956700921058655, 0.2724142858676655, 0.27238645517119486, 0.43882582702782597, 0.5592728574925075, 0.3513115431581225, 0.3513115431581225, 0.5144977122545242, 0.0, 0.0, 0.0, 0.5777057707309723, 0.15123289823532104, 0.15448376536369324, 0.8333185911178589, 0.8333185911178589, 0.13301977515220642, 0.44679208993911745, 0.13019056618213654, 0.47684709000033, 0.0814722552895546, 0.0]
[0.4642857142857143, 0.5, 0.3333333333333333, 0.42424242424242425, 0.6153846153846154, 0.5869565217391305, 0.011031889356672764, 0.011746915057301521, 0.3525624065508578, 0.35253865586640043, 0.6031041259291523, 0.3972262902601221, 0.4422072853360858, 0.4422072853360858, 0.5694707483053207, 0.0, 0.0, 0.0, 0.5852933317422866, 0.16371718049049377, 0.16725218296051025, 0.8501811623573303, 0.8501811623573303, 0.12761420011520386, 0.44895431995391843, 0.12333676218986511, 0.49070531545683393, 0.08278348296880722, 0.0]
[0.4642857142857143, 0.5, 0.3333333333333333, 0.42424242424242425, 0.6153846153846154, 0.5869565217391305, 0.0, 0.0, 0.37408009359531147, 0.37405732302547184, 0.609977396222875, 0.39036019987580833, 0.415925532579422, 0.415925532579422, 0.576765775680542, 0.0, 0.0, 0.0, 0.5699606209993362, 0.18156951665878296, 0.18265420198440552, 0.8280501961708069, 0.8280501961708069, 0.126014843583107, 0.4495940625667572, 0.12047875672578812, 0.4937787111415419, 0.08504562824964523, 0.0]
[0.4642857142857143, 0.5, 0.3333333333333333, 0.42424242424242425, 0.6153846153846154, 0.5869565217391305, 0.0, 0.0, 0.39142033839544876, 0.3913985023535005, 0.6200499087857014, 0.3807868619671237, 0.4136333295277187, 0.4136333295277187, 0.5809772908687592, 0.0, 0.0, 0.0, 0.5674627542495727, 0.18369227647781372, 0.18442901968955994, 0.8248854875564575, 0.8248854875564575, 0.12584133446216583, 0.44966346621513364, 0.11953476071357727, 0.49766953601393593, 0.0859999880194664, 0.0]
[0.4642857142857143, 0.5, 0.3333333333333333, 0.42424242424242425, 0.6153846153846154, 0.5869565217391305, 0.0, 0.0, 0.40626439651613255, 0.4062462985857495, 0.633919761468074, 0.3675727401540516, 0.4158901529652732, 0.4158901529652732, 0.5905376523733139, 0.0, 0.0, 0.0, 0.5613507568836211, 0.18150565028190613, 0.1834927201271057, 0.8188860416412354, 0.8188860416412354, 0.1266506314277649, 0.44933974742889404, 0.11976692825555801, 0.49931568461795184, 0.08768293261528015, 0.0]
[0.4642857142857143, 0.5, 0.3333333333333333, 0.42424242424242425, 0.6153846153846154, 0.5869565217391305, 0.316121369600296, 0.3128613233566284, 0.2832448031204836, 0.2832205965687622, 0.47940684880626816, 0.5185181381774856, 0.4811243500028338, 0.4811243500028338, 0.5398595184087753, 0.0, 0.0, 0.0, 0.5796973466873169, 0.14532318711280823, 0.1509765088558197, 0.8400284051895142, 0.8400284051895142, 0.12590576708316803, 0.4496376931667328, 0.11914364248514175, 0.4608081246531287, 0.08703364431858063, 0.0]
[0.4642857142857143, 0.5, 0.3333333333333333, 0.42424242424242425, 0.6153846153846154, 0.5869565217391305, 0.6235002279281616, 0.621363639831543, 0.22474369902455782, 0.22471746386351138, 0.4423405921254058, 0.556753192402443, 0.5069670719759806, 0.5069670719759806, 0.5159463286399841, 0.0, 0.0, 0.0, 0.5650010615587234, 0.1293870210647583, 0.13064920902252197, 0.8132020235061646, 0.8132020235061646, 0.13515198230743408, 0.4459392070770264, 0.13237449526786804, 0.44705020189285277, 0.08471860736608505, 0.0]
[0.4642857142857143, 0.5, 0.3333333333333333, 0.42424242424242425, 0.6153846153846154, 0.5869565217391305, 0.20599417388439178, 0.2050580531358719, 0.29421306066713643, 0.29418896808223105, 0.41023973000892944, 0.5870753863522878, 0.42111558573586605, 0.42111558573586605, 0.5148388594388962, 0.0, 0.0, 0.0, 0.5807573676109313, 0.12278556823730469, 0.12694516777992249, 0.8373923897743225, 0.8373923897743225, 0.13179834187030792, 0.4472806632518768, 0.12981954216957092, 0.45871425506680513, 0.08054962009191513, 0.0]
[0.4642857142857143, 0.5, 0.3333333333333333, 0.42424242424242425, 0.6153846153846154, 0.5869565217391305, 0.1323801726102829, 0.13139624893665314, 0.30141081727941454, 0.30138692983477794, 0.4028932637967753, 0.594181616214625, 0.39830740009035387, 0.39830740009035387, 0.5250727981328964, 0.0, 0.0, 0.0, 0.5844826698303223, 0.13511449098587036, 0.13936066627502441, 0.8440647125244141, 0.8440647125244141, 0.12355170398950577, 0.4505793184041977, 0.12196816504001617, 0.4921076741329459, 0.07672439515590668, 0.0]
[0.4642857142857143, 0.5, 0.3333333333333333, 0.42424242424242425, 0.6153846153846154, 0.5869565217391305, 0.11173050105571747, 0.11070332676172256, 0.3053090522211779, 0.3052852787433573, 0.39769655933343656, 0.599384990585871, 0.3942369137491499, 0.3942369137491499, 0.5331907272338867, 0.0, 0.0, 0.0, 0.5893822938203811, 0.13785326480865479, 0.14245209097862244, 0.8521684408187866, 0.8521684408187866, 0.1183055117726326, 0.452677795290947, 0.11666085571050644, 0.501026310199915, 0.0750473365187645, 0.0]
[0.4642857142857143, 0.5, 0.3333333333333333, 0.42424242424242425, 0.6153846153846154, 0.5869565217391305, 0.10239691287279129, 0.1013411357998848, 0.3098205881866397, 0.3097970312457695, 0.3955059233860577, 0.6015353962471968, 0.3956402838230133, 0.3956402838230133, 0.5399912744760513, 0.0, 0.0, 0.0, 0.5884686380624771, 0.17044737935066223, 0.17835775017738342, 0.8522729873657227, 0.8522729873657227, 0.116073377430439, 0.4535706490278244, 0.11427247524261475, 0.5063037123791008, 0.07371807843446732, 0.0]
[0.4642857142857143, 0.5, 0.3333333333333333, 0.42424242424242425, 0.6153846153846154, 0.5869565217391305, 0.09135272353887558, 0.09040278941392899, 0.3178809368359655, 0.3178575280519562, 0.3942730531637801, 0.6022935462448789, 0.35920979721205576, 0.35920979721205576, 0.5849490761756897, 0.0, 0.0, 0.0, 0.5733776926994323, 0.27784545719623566, 0.2860342562198639, 0.8337486982345581, 0.8337486982345581, 0.11909031867980957, 0.4523638725280762, 0.1171984001994133, 0.5414517639681351, 0.07549802213907242, 0.0]
[0.4642857142857143, 0.5, 0.3333333333333333, 0.42424242424242425, 0.6153846153846154, 0.5869565217391305, 0.06342979520559311, 0.061883121728897095, 0.33533794063910927, 0.33531553476308085, 0.42111285945425525, 0.5753752666786519, 0.3942600531237466, 0.3942600531237466, 0.5861021876335144, 0.0, 0.0, 0.0, 0.571453833580017, 0.23368200659751892, 0.24477055668830872, 0.8322224020957947, 0.8322224020957947, 0.12085619568824768, 0.4516575217247009, 0.11913694441318512, 0.5187739882358285, 0.07618667185306549, 0.0]
[0.4642857142857143, 0.5, 0.3333333333333333, 0.42424242424242425, 0.6153846153846154, 0.5869565217391305, 0.0, 0.0, 0.45263308343650277, 0.4526170426071488, 0.5455532116142331, 0.4533349687642344, 0.418441721371242, 0.418441721371242, 0.6905281096696854, 0.0, 0.0, 0.0, 0.5376174867153167, 0.30650122463703156, 0.31653568148612976, 0.7893929481506348, 0.7893929481506348, 0.0, 0.5, 0.11937007308006287, 0.6208382789478746, 0.07866474986076355, 0.0]
[0.4642857142857143, 0.5, 0.3333333333333333, 0.42424242424242425, 0.6153846153846154, 0.5869565217391305, 0.0, 0.0, 0.43910955881297475, 0.4390937459172528, 0.545427323869264, 0.45326996209237996, 0.413936802319118, 0.413936802319118, 0.6944621950387955, 0.0, 0.0, 0.0, 0.5302379369735717, 0.30109915137290955, 0.3164018392562866, 0.7805892825126648, 0.7805892825126648, 0.0, 0.5, 0.1214880496263504, 0.6067676599635634, 0.08552161604166031, 0.0]
[0.4642857142857143, 0.5, 0.3333333333333333, 0.42424242424242425, 0.6153846153846154, 0.5869565217391305, 0.0, 0.0, 0.4369449870764184, 0.4369290944039252, 0.5449613961845238, 0.4537426394617986, 0.41071851338659016, 0.41071851338659016, 0.6891233623027802, 0.0, 0.0, 0.0, 0.5316428214311599, 0.28921033442020416, 0.30561232566833496, 0.7837256193161011, 0.7837256193161011, 0.0, 0.5, 0.12130127847194672, 0.6130103247110233, 0.0847560465335846, 0.0]
[0.4642857142857143, 0.5, 0.3333333333333333, 0.42424242424242425, 0.6153846153846154, 0.5869565217391305, 0.0, 0.0, 0.43280311957372075, 0.4327871186327524, 0.5603716414471658, 0.4388697762283672, 0.40456982595579966, 0.40456982595579966, 0.6710979044437408, 0.0, 0.0, 0.0, 0.5366325259208679, 0.2648846358060837, 0.27925027906894684, 0.790637195110321, 0.790637195110321, 0.0, 0.5, 0.11985813826322556, 0.5814667981724406, 0.0809168741106987, 0.0]
[0.4642857142857143, 0.5, 0.3333333333333333, 0.42424242424242425, 0.6153846153846154, 0.5869565217391305, 0.0, 0.0, 0.44572417002107173, 0.4457088870710442, 0.5761209493841314, 0.4237597936375369, 0.40516261543546406, 0.40516261543546406, 0.6753066182136536, 0.0, 0.0, 0.0, 0.5371621817350387, 0.25977201759815216, 0.275960311293602, 0.7912299633026123, 0.7912299633026123, 0.0, 0.5, 0.11864171922206879, 0.5930372968662617, 0.0782969519495964, 0.0]
[0.4642857142857143, 0.5, 0.3333333333333333, 0.42424242424242425, 0.6153846153846154, 0.5869565217391305, 0.0, 0.0, 0.4366913653240605, 0.43667562650676894, 0.5827452249782263, 0.41726997609297534, 0.4051442018577031, 0.4051442018577031, 0.6634087413549423, 0.0, 0.0, 0.0, 0.5373941421508789, 0.25303736329078674, 0.2682860642671585, 0.7918713092803955, 0.7918713092803955, 0.0, 0.5, 0.11695031821727753, 0.5955052098562551, 0.07616247981786728, 0.0]
[0.4642857142857143, 0.5, 0.3333333333333333, 0.42424242424242425, 0.6153846153846154, 0.5869565217391305, 0.0, 0.0, 0.42868268353077466, 0.42866657432133104, 0.5670268305401045, 0.43268662059233653, 0.40915863854544504, 0.40915863854544504, 0.6531724035739899, 0.0, 0.0, 0.0, 0.5499902665615082, 0.18996268510818481, 0.203451007604599, 0.8069586157798767, 0.8069586157798767, 0.12010286003351212, 0.45195885598659513, 0.11405055969953537, 0.5646119526652402, 0.07308612763881683, 0.0]
[0.4642857142857143, 0.5, 0.3333333333333333, 0.42424242424242425, 0.6153846153846154, 0.5869565217391305, 0.0, 0.0, 0.42508797641010176, 0.4250717247421381, 0.5661320200841695, 0.4336231315062511, 0.4267057137829917, 0.4267057137829917, 0.6381450146436691, 0.0, 0.0, 0.0, 0.5733632564544677, 0.16083359718322754, 0.17701658606529236, 0.8402227759361267, 0.8402227759361267, 0.11747301369905472, 0.4530107945203781, 0.11068340390920639, 0.5244983420815579, 0.072762630879879, 0.0]
[0.4642857142857143, 0.5, 0.3333333333333333, 0.42424242424242425, 0.6153846153846154, 0.5869565217391305, 0.0, 0.0, 0.407494098460925, 0.4074769293600925, 0.5666648491390804, 0.4328908263332707, 0.43898686766624456, 0.43898686766624456, 0.594088152050972, 0.0, 0.0, 0.0, 0.6021418899297714, 0.11630097031593323, 0.1285751760005951, 0.8788005709648132, 0.8788005709648132, 0.11486941576004028, 0.4540522336959839, 0.10748153179883957, 0.5010193655657214, 0.07509896159172058, 0.0]
[0.0, 0.0, 1.0, 1.0, 0.6153846153846154, 0.5869565217391305, 0.0, 0.0, 0.4414454739590676, 0.44142994028204485, 0.533535068965095, 0.4654853300149714, 0.544807208435876, 0.544807208435876, 0.6535493433475494, 0.0, 0.0, 0.0, 0.5991144716739654, 0.11831972002983093, 0.12411889433860779, 0.8730736374855042, 0.8730736374855042, 0.1121998205780983, 0.4551200717687607, 0.10558439791202545, 0.4577662408351898, 0.08948969095945358, 0.0]
[0.0, 0.0, 1.0, 1.0, 0.6153846153846154, 0.5869565217391305, 0.0, 0.0, 0.45087153824975795, 0.45085648323336247, 0.5352940128592643, 0.4637829848908051, 0.5817907197134836, 0.5817907197134836, 0.6785302758216858, 0.0, 0.0, 0.0, 0.5987049162387847, 0.12616178393363953, 0.13007131218910217, 0.8725163340568542, 0.8725163340568542, 0.10899291932582855, 0.4564028322696686, 0.10282739996910095, 0.4588690400123596, 0.09331142157316208, 0.0]
[0.0, 0.0, 1.0, 1.0, 0.6153846153846154, 0.5869565217391305, 0.0, 0.0, 0.4566871850941879, 0.45667503053326, 0.5417768641821968, 0.4573392954150253, 0.588297907795225, 0.588297907795225, 0.6850460320711136, 0.0, 0.0, 0.0, 0.5991777032613754, 0.12833550572395325, 0.13147848844528198, 0.873038113117218, 0.873038113117218, 0.10447059571743011, 0.45821176171302797, 0.09839774668216705, 0.4606409013271332, 0.09607233852148056, 0.0]
[0.0, 0.0, 1.0, 1.0, 0.6153846153846154, 0.5869565217391305, 0.0, 0.0, 0.46373661959376433, 0.4637248126316253, 0.5425628192338159, 0.45654012591108944, 0.5950413005692619, 0.5950413005692619, 0.6853809207677841, 0.0, 0.0, 0.0, 0.5990550577640533, 0.12847498059272766, 0.13131803274154663, 0.8729036450386047, 0.8729036450386047, 0.1004396304488182, 0.4598241478204727, 0.09476930648088455, 0.4620922774076462, 0.09641210734844208, 0.0]
[0.0, 0.0, 1.0, 1.0, 0.6153846153846154, 0.5869565217391305, 0.0, 0.0, 0.45836201577979796, 0.4583498441238476, 0.5120915030886065, 0.4862793220793945, 0.6498083472251892, 0.6498083472251892, 0.6655105352401733, 0.0, 0.0, 0.0, 0.6001476019620895, 0.09851813316345215, 0.10139432549476624, 0.8739351034164429, 0.8739351034164429, 0.09743718057870865, 0.46102512776851656, 0.09301538020372391, 0.4627938479185104, 0.09830086678266525, 0.0]
[0.0, 0.0, 1.0, 1.0, 0.6153846153846154, 0.5869565217391305, 0.0, 0.0, 0.44696006036397373, 0.44694724479551295, 0.5093083116395067, 0.4887130093569459, 0.6734706248555865, 0.6734706248555865, 0.5879379063844681, 0.0, 0.0, 0.0, 0.6010814517736435, 0.07531216740608215, 0.07783687114715576, 0.8745635747909546, 0.8745635747909546, 0.09865593165159225, 0.4605376273393631, 0.09601127356290817, 0.46159549057483673, 0.10094337165355682, 0.0]
[0.0, 0.0, 1.0, 1.0, 0.6153846153846154, 0.5869565217391305, 0.0, 0.0, 0.43163265188155164, 0.431618890388518, 0.49463587828393646, 0.5026362953810067, 0.6765965904508319, 0.6765965904508319, 0.5514263063669205, 0.0, 0.0, 0.0, 0.6008165508508682, 0.06726375222206116, 0.06807595491409302, 0.8733444809913635, 0.8733444809913635, 0.1026223674416542, 0.45895105302333833, 0.10213092714548111, 0.45914762914180757, 0.10008852183818817, 0.0]
[0.0, 0.0, 1.0, 1.0, 0.6153846153846154, 0.5869565217391305, 0.0, 0.0, 0.4362657220596109, 0.43625221129357244, 0.5082415843784923, 0.4891632694536545, 0.6761622216020312, 0.6761622216020312, 0.5435409545898438, 0.0, 0.0, 0.0, 0.6018743187189102, 0.06544849276542664, 0.0663033127784729, 0.8744927048683167, 0.8744927048683167, 0.10603990405797958, 0.45758403837680817, 0.10707302391529083, 0.45717079043388364, 0.09818977117538452, 0.0]
[0.0, 0.0, 1.0, 1.0, 0.6153846153846154, 0.5869565217391305, 0.0, 0.0, 0.4443178081147757, 0.44430473042263813, 0.5131856058911202, 0.4843507756188034, 0.6788758294922965, 0.6788758294922965, 0.5444256067276001, 0.0, 0.0, 0.0, 0.6012127131223678, 0.06473758816719055, 0.0657804012298584, 0.8738666772842407, 0.8738666772842407, 0.10854341834783554, 0.4565826326608658, 0.11000403016805649, 0.4559983879327774, 0.09710036218166351, 0.0]
[0.0, 0.0, 1.0, 1.0, 0.6153846153846154, 0.5869565217391305, 0.0, 0.0, 0.46603545848543737, 0.46602362872993514, 0.5348143493240239, 0.46346297746811904, 0.6817335528986795, 0.6817335528986795, 0.56047423183918, 0.0, 0.0, 0.0, 0.6019006252288818, 0.06620225310325623, 0.06734541058540344, 0.8750720024108887, 0.8750720024108887, 0.10967082530260086, 0.45613166987895964, 0.11099071055650711, 0.45560371577739717, 0.09682388603687286, 0.0]
[0.0, 0.0, 1.0, 1.0, 0.6153846153846154, 0.5869565217391305, 0.0, 0.0, 0.48112624906445095, 0.4811152341716832, 0.5429917789326115, 0.4556089714375276, 0.6834107424531665, 0.6834107424531665, 0.5857238322496414, 0.0, 0.0, 0.0, 0.6027419745922088, 0.06809484958648682, 0.07093092799186707, 0.8767780661582947, 0.8767780661582947, 0.11039168387651443, 0.45584332644939424, 0.11090251803398132, 0.45563899278640746, 0.10019176453351974, 0.0]
[0.0, 0.0, 1.0, 1.0, 0.6153846153846154, 0.5869565217391305, 0.0, 0.0, 0.49068301334891673, 0.490672550482914, 0.5499076585696715, 0.4490709915165185, 0.6820918193885259, 0.6820918193885259, 0.5969070047140121, 0.0, 0.0, 0.0, 0.6027577459812163, 0.07261523604393005, 0.07587882876396179, 0.8772990703582764, 0.8772990703582764, 0.11107829958200455, 0.4555686801671982, 0.11082220077514648, 0.4556711196899414, 0.10253479331731796, 0.0]
[0.0, 0.0, 1.0, 1.0, 0.6153846153846154, 0.5869565217391305, 0.0, 0.0, 0.4854149157982711, 0.4854033011551341, 0.5517410199455276, 0.4471536138038968, 0.6695228602205004, 0.6695228602205004, 0.5973680317401886, 0.0, 0.0, 0.0, 0.6030209571123123, 0.07387706637382507, 0.07670623064041138, 0.8777895569801331, 0.8777895569801331, 0.1101461872458458, 0.4559415251016617, 0.10960453748703003, 0.456158185005188, 0.10345222800970078, 0.0]
[0.0, 0.0, 1.0, 1.0, 0.6153846153846154, 0.5869565217391305, 0.0, 0.0, 0.5221475089827186, 0.5221379799323146, 0.5679220968633035, 0.43225413931892614, 0.5955079836504801, 0.5955079836504801, 0.6878979951143265, 0.0, 0.0, 0.0, 0.5881099849939346, 0.1319068968296051, 0.1376141905784607, 0.8589560985565186, 0.8589560985565186, 0.10750046372413635, 0.45699981451034544, 0.10660364478826523, 0.4670700846716415, 0.10082472860813141, 0.0]
[0.4642857142857143, 0.5, 0.3333333333333333, 0.42424242424242425, 0.6153846153846154, 0.5869565217391305, 0.0, 0.0, 0.606838658936393, 0.6068337355699411, 0.614210203546411, 0.38916395858819763, 0.27113025741917746, 0.27113025741917746, 0.8898927867412567, 0.0, 0.0, 0.0, 0.3604255348443985, 0.4019762799143791, 0.41497255861759186, 0.5461513996124268, 0.5461513996124268, 0.08991707116365433, 0.46403317153453827, 0.08706632256507874, 0.4862163163894831, 0.07425341010093689, 0.0]
[0.4642857142857143, 0.5, 0.3333333333333333, 0.42424242424242425, 0.6153846153846154, 0.5869565217391305, 0.0, 0.0, 0.6113652613149319, 0.6113606000721569, 0.6275197953612581, 0.3766416723317393, 0.18414525581257685, 0.18414525581257685, 0.914098396897316, 0.0, 0.0, 0.0, 0.2074195399880409, 0.45484602451324463, 0.46100763231515884, 0.3202331066131592, 0.3202331066131592, 0.08804117888212204, 0.4647835284471512, 0.0846858099102974, 0.4862544910852299, 0.06391650438308716, 0.0]
[0.4642857142857143, 0.5, 0.3333333333333333, 0.42424242424242425, 0.6153846153846154, 0.5869565217391305, 0.0, 0.0, 0.6116852231508916, 0.6116805847014797, 0.6454509011190207, 0.3590465179542232, 0.16661914331572397, 0.16661914331572397, 0.9243389256298542, 0.0, 0.0, 0.0, 0.13681780621409415, 0.4731415007263422, 0.4769302401691675, 0.21351021528244019, 0.21351021528244019, 0.08805592358112335, 0.46477763056755067, 0.08349953591823578, 0.5243131137171457, 0.05280875787138939, 0.0]
[0.5034650358415785, 0.5365673667854733, 0.3333333333333333, 0.42424242424242425, 0.5422498818136688, 0.5138217881681839, 0.0, 0.0, 0.607545070848775, 0.607540238655776, 0.6815020354254524, 0.32434733779612235, 0.14150994164603098, 0.14150994164603098, 0.9301337972283363, 0.0, 0.0, 0.0, 0.09880894124507904, 0.4801590256392956, 0.48295569606125355, 0.1555260866880417, 0.1555260866880417, 0.08641012758016586, 0.46543594896793367, 0.08027219027280807, 0.5468208394771399, 0.046960704028606415, 0.0]
[0.6641346688071887, 0.6865256908867094, 0.3333333333333333, 0.42424242424242425, 0.24233323361119657, 0.21390513996571164, 0.0, 0.0, 0.5817071525362209, 0.5817009356464072, 0.706208069511399, 0.29973198710567817, 0.13955342982496535, 0.13955342982496535, 0.9311205521225929, 0.0, 0.0, 0.0, 0.0864960916340351, 0.484360059723258, 0.4863701146095991, 0.1361074149608612, 0.1361074149608612, 0.07409018278121948, 0.4703639268875122, 0.06855376809835434, 0.6027227224305619, 0.040431659668684006, 0.0]
[0.5543555392041093, 0.5840651699238353, 0.3333333333333333, 0.42424242424242425, 0.44725427553694475, 0.4188261818914598, 0.0, 0.0, 0.5748950254392897, 0.574888443855665, 0.7260383866713106, 0.28055846070645596, 0.11770531535148622, 0.11770531535148622, 0.9335968047380447, 0.0, 0.0, 0.0, 0.06790780425071716, 0.4863923052325845, 0.4883568789809942, 0.10905156284570694, -0.0, 0.0726567953824997, 0.4709372818470001, 0.06631003320217133, 0.597078533366669, 0.03652452304959297, 0.0]
[0.4642857142857143, 0.5, 0.3333333333333333, 0.42424242424242425, 0.6153846153846154, 0.5869565217391305, 0.8365437388420105, 0.8344631195068359, 0.28423481005783513, 0.2842130879827029, 0.49845032517871257, 0.49937663930273374, 0.09932673935379302, 0.09932673935379302, 0.9214277304708958, 0.0, 0.0, 0.0, 0.04715222343802452, 0.48588644433766603, 0.4878295324742794, 0.0, -0.0, 0.11471926420927048, 0.4541122943162918, 0.11002340912818909, 0.5787967214750689, 0.03017454221844673, 0.0]
[0.4642857142857143, 0.5, 0.3333333333333333, 0.42424242424242425, 0.6153846153846154, 0.5869565217391305, 0.1745208501815796, 0.17360033094882965, 0.3729732934649086, 0.37295508156770957, 0.5452951394577099, 0.4506180226638207, 0.073762589267322, 0.073762589267322, 0.9222791194915771, 0.0, 0.0, 0.0, 0.03786748703569173, 0.4841357320547104, 0.48541346099227667, 0.0, -0.0, 0.1375715434551239, 0.44497138261795044, 0.1300252377986908, 0.5637662771136261, 0.02497120574116707, 0.0]
[0.4642857142857143, 0.5, 0.3333333333333333, 0.42424242424242425, 0.6153846153846154, 0.5869565217391305, 0.03965889662504196, 0.03848619386553764, 0.41821179996257074, 0.41818767888596137, 0.5625865466280148, 0.4330690818301984, 0.056073809308665144, 0.056073809308665144, 0.9408237058669329, 0.0, 0.0, 0.0, 0.025883779115974902, 0.4883380988612771, 0.48936869110912085, 0.0, -0.0, 0.09226018190383911, 0.4630959272384644, 0.08454672992229462, 0.579705033884492, 0.019724007695913315, 0.0]
[0.0, 0.0, 1.0, 1.0, 0.6153846153846154, 0.5869565217391305, 0.039383284747600555, 0.03807903081178665, 0.3876994814061298, 0.3876735083687602, 0.5426848292578703, 0.4522780974959274, 0.09404140657612256, 0.09404140657612256, 0.8838014341890812, 0.0, 0.0, 0.0, 0.06197024658322334, 0.4718632623553276, 0.4754227548837662, 0.0, -0.0, 0.06786251813173294, 0.4728549927473068, 0.06381497532129288, 0.6012952986151673, 0.017122114077210426, 0.007820407627150416]
[0.0, 0.0, 1.0, 1.0, 0.6153846153846154, 0.5869565217391305, 0.0, 0.0, 0.3834008810397088, 0.38337444073839355, 0.5476230797758522, 0.4468227225502813, 0.17578535846301488, 0.17578535846301488, 0.8247076943516731, 0.0, 0.0, 0.0, 0.17095703780651092, 0.37403760850429535, 0.3801429346203804, 0.2578551471233368, 0.2578551471233368, 0.06124259531497955, 0.4755029618740082, 0.057426031678915024, 0.5989845859449964, 0.022660700604319572, 0.09659592993557453]
[0.0, 0.0, 1.0, 1.0, 0.6153846153846154, 0.5869565217391305, 0.0, 0.0, 0.4005606365933245, 0.4005350510431293, 0.548290640400655, 0.4459635267243508, 0.23599261684077127, 0.23599261684077127, 0.8063456416130066, 0.0, 0.0, 0.0, 0.23783603012561796, 0.3260589689016342, 0.33397652208805084, 0.3539504408836365, 0.3539504408836365, 0.059259023517370224, 0.4762963905930519, 0.05588533729314804, 0.5965969416984293, 0.035858456045389175, 0.1304685603827238]
[0.0, 0.0, 1.0, 1.0, 0.6153846153846154, 0.5869565217391305, 0.0, 0.0, 0.4111543251041245, 0.41112919542119336, 0.544826758637255, 0.44907844494628585, 0.2669236809015274, 0.2669236809015274, 0.7743516191840172, 0.0, 0.0, 0.0, 0.30056099295616145, 0.28362758457660675, 0.29133278131484985, 0.44272902607917786, 0.44272902607917786, 0.0588846318423748, 0.47644614726305007, 0.05591916665434837, 0.5845341328964677, 0.04008813947439194, 0.1409951038658619]
[0.0, 0.0, 1.0, 1.0, 0.6153846153846154, 0.5869565217391305, 0.0, 0.0, 0.4165751681045182, 0.41655031194194553, 0.5443903398103513, 0.4493793743239712, 0.35227777702467783, 0.35227777702467783, 0.7214651107788086, 0.0, 0.0, 0.0, 0.3603554189205169, 0.22068548202514648, 0.22891458868980408, 0.5252597332000732, 0.5252597332000732, 0.06111018732190132, 0.47555592507123945, 0.05845009163022041, 0.5335307329200035, 0.0444316528737545, 0.15372097492218018]
[0.0, 0.0, 1.0, 1.0, 0.6153846153846154, 0.5869565217391305, 0.0, 0.0, 0.4317369429148862, 0.4317129358050928, 0.5418144532872887, 0.4518871685236357, 0.35591555493218563, 0.35591555493218563, 0.7309538275003433, 0.0, 0.0, 0.0, 0.31785709559917447, 0.2500602453947067, 0.254952609539032, 0.4624520242214203, 0.4624520242214203, 0.06361065804958344, 0.4745557367801666, 0.061085157096385956, 0.5461970179579979, 0.0474548414349556, 0.16246076673269272]
[0.0, 0.0, 1.0, 1.0, 0.6153846153846154, 0.5869565217391305, 0.0, 0.0, 0.43573769670599505, 0.4357138605464257, 0.5397718887256163, 0.4537472779112104, 0.34677137221608845, 0.34677137221608845, 0.7401173710823059, 0.0, 0.0, 0.0, 0.30796145647764206, 0.2593871206045151, 0.26421239972114563, 0.4472699761390686, 0.4472699761390686, 0.06439970433712006, 0.474240118265152, 0.06221732497215271, 0.5503738931445188, 0.04712925851345062, 0.16669763252139091]
[0.0, 0.0, 1.0, 1.0, 0.6153846153846154, 0.5869565217391305, 0.0, 0.0, 0.4381786949547937, 0.43815494427033636, 0.5429151590422052, 0.4505468389905383, 0.34531980752944946, 0.34531980752944946, 0.7421394065022469, 0.0, 0.0, 0.0, 0.3131544262170791, 0.259622186422348, 0.2648026794195175, 0.45614832639694214, 0.45614832639694214, 0.06528819352388382, 0.47388472259044645, 0.06319522112607956, 0.5484697430632836, 0.04655454307794571, 0.16845161095261574]
[0.0, 0.0, 1.0, 1.0, 0.6153846153846154, 0.5869565217391305, 0.0, 0.0, 0.4398128024478715, 0.439789171428571, 0.5451731721712116, 0.4483061944042925, 0.3461521012442453, 0.3461521012442453, 0.7432558089494705, 0.0, 0.0, 0.0, 0.3170922979712486, 0.26654964685440063, 0.2718300521373749, 0.46053364872932434, 0.46053364872932434, 0.06614291667938232, 0.4735428333282471, 0.06411240994930267, 0.5488281714361768, 0.04596755653619766, 0.1706075668334961]
[0.0, 0.0, 1.0, 1.0, 0.6153846153846154, 0.5869565217391305, 0.0, 0.0, 0.43739630136617513, 0.43737251079333217, 0.5529237675621222, 0.4407120042225093, 0.38448514682906015, 0.38448514682906015, 0.7018181532621384, 0.0, 0.0, 0.0, 0.4259038776159286, 0.17953228950500488, 0.1875535547733307, 0.6126843094825745, 0.6126843094825745, 0.06797254085540771, 0.4728109836578369, 0.06605687737464905, 0.5003269813781561, 0.04726612940430641, 0.17634065821766853]
[0.0, 0.0, 1.0, 1.0, 0.6153846153846154, 0.5869565217391305, 0.0, 0.0, 0.43680323515066, 0.4367995996092291, 0.5631955795944534, 0.4310424213377007, 0.5073674661772593, 0.5073674661772593, 0.5908909738063812, 0.0, 0.0, 0.0, 0.5517155855894088, 0.128395676612854, 0.1273820698261261, 0.7872118353843689, 0.7872118353843689, 0.07538791000843048, 0.4698448359966278, 0.0765090361237526, 0.46939638555049895, 0.052257195115089417, 0.18764201551675797]
[0.0, 0.0, 1.0, 1.0, 0.6153846153846154, 0.5869565217391305, 0.0, 0.0, 0.43186230641250173, 0.4318583745573492, 0.5689377520325991, 0.42566843009537036, 0.5536188610962459, 0.5536188610962459, 0.5389713495969772, 0.0, 0.0, 0.0, 0.560120129585266, 0.11752146482467651, 0.1100587248802185, 0.7992019653320312, 0.7992019653320312, 0.08507940173149109, 0.46596823930740355, 0.08754369616508484, 0.48084684582643733, 0.05188273638486862, 0.1583266630768776]
[0.0, 0.0, 1.0, 1.0, 0.6153846153846154, 0.5869565217391305, 0.0, 0.0, 0.4272706175853372, 0.42726643500318945, 0.5760723083470565, 0.41877512443539244, 0.5785227886268071, 0.5785227886268071, 0.5349804311990738, 0.0, 0.0, 0.0, 0.5749594420194626, 0.11726325750350952, 0.10836908221244812, 0.8181179165840149, 0.8181179165840149, 0.08847937732934952, 0.4646082490682602, 0.09080704301595688, 0.48780636731968374, 0.05234396085143089, 0.19477885216474533]
[0.0, 0.0, 1.0, 1.0, 0.6153846153846154, 0.5869565217391305, 0.0, 0.0, 0.42627669588785555, 0.4262724677189814, 0.5772226836895624, 0.4176430692585609, 0.58417837534632, 0.58417837534632, 0.5360664427280426, 0.0, 0.0, 0.0, 0.5917697817087173, 0.11636856198310852, 0.10628974437713623, 0.8436645865440369, 0.8436645865440369, 0.09011420607566833, 0.46395431756973265, 0.09162334352731705, 0.5007920223613118, 0.05332784354686737, 0.17242617905139923]
[0.0, 0.0, 1.0, 1.0, 0.6153846153846154, 0.5869565217391305, 0.0, 0.0, 0.4242428725809714, 0.4242385190485996, 0.579929680486938, 0.41514617028650724, 0.5806620419025421, 0.5806620419025421, 0.5366904884576797, 0.0, 0.0, 0.0, 0.5973343700170517, 0.1163530945777893, 0.10535594820976257, 0.8516515493392944, 0.8516515493392944, 0.09059486538171768, 0.46376205384731295, 0.09152708202600479, 0.5087395532186642, 0.05263947695493698, 0.1641807146370411]
[0.0, 0.0, 1.0, 1.0, 0.6153846153846154, 0.5869565217391305, 0.0, 0.0, 0.41948868416919305, 0.4194840685131445, 0.5843488463480204, 0.4108153287078359, 0.574320320572172, 0.574320320572172, 0.5248242318630219, 0.0, 0.0, 0.0, 0.6053283363580704, 0.11244407296180725, 0.09973710775375366, 0.8637393116950989, 0.8637393116950989, 0.08886252343654633, 0.4644549906253815, 0.08932213485240936, 0.5124923794768578, 0.052894145250320435, 0.1573314517736435]
[0.0, 0.0, 1.0, 1.0, 0.6153846153846154, 0.5869565217391305, 0.0, 0.0, 0.41550097388017704, 0.4154961017987924, 0.5860902763917387, 0.40917251984835534, 0.5637550992625101, 0.5637550992625101, 0.5111263543367386, 0.0, 0.0, 0.0, 0.6089840024709701, 0.10804352164268494, 0.09574922919273376, 0.8693727254867554, 0.8693727254867554, 0.08692321181297302, 0.4652307152748108, 0.08685524016618729, 0.5252096264861351, 0.05354408547282219, 0.14895256608724594]
[0.0, 0.0, 1.0, 1.0, 0.6153846153846154, 0.5869565217391305, 0.0, 0.0, 0.4094699867368884, 0.40946478985007817, 0.5854321522193019, 0.409989308622047, 0.5471707029002054, 0.5471707029002054, 0.4943854808807373, 0.0, 0.0, 0.0, 0.6110683917999267, 0.10209831595420837, 0.08990231156349182, 0.8725984692573547, 0.8725984692573547, 0.08413386344909668, 0.46634645462036134, 0.08355358988046646, 0.5476410860239074, 0.05472208186984062, 0.14965315349400043]
[0.0, 0.0, 1.0, 1.0, 0.6153846153846154, 0.5869565217391305, 0.0, 0.0, 0.39173482982423974, 0.391728561649359, 0.5850562896600873, 0.4104996520241583, 0.523729750088283, 0.523729750088283, 0.4626298248767853, 0.0, 0.0, 0.0, 0.6125321686267853, 0.09571889042854309, 0.08352574706077576, 0.8743419051170349, 0.8743419051170349, 0.08137843757867813, 0.46744862496852874, 0.0807744637131691, 0.54371002801629, 0.05542779713869095, 0.16128676012158394]
[0.0, 0.0, 1.0, 1.0, 0.6153846153846154, 0.5869565217391305, 0.0, 0.0, 0.38525760561284783, 0.3852413083581578, 0.5825916945820329, 0.41315260575738005, 0.5052427308900016, 0.5052427308900016, 0.4578547477722168, 0.0, 0.0, 0.0, 0.6134121745824813, 0.09272703528404236, 0.08101537823677063, 0.8754038214683533, 0.8754038214683533, 0.08045945316553116, 0.46781621873378754, 0.07985293865203857, 0.5387159419614216, 0.05815986171364784, 0.14494461938738823]
[0.0, 0.0, 1.0, 1.0, 0.6153846153846154, 0.5869565217391305, 0.0, 0.0, 0.37904386128339895, 0.3790271765415345, 0.5800403137735837, 0.41585212633162516, 0.502243425164904, 0.502243425164904, 0.43843144178390503, 0.0, 0.0, 0.0, 0.6137893944978714, 0.09203901886940002, 0.08045002818107605, 0.875959038734436, 0.875959038734436, 0.08092142641544342, 0.46763142943382263, 0.0802304595708847, 0.5388335225194, 0.06032416969537735, 0.1395623292773962]
[0.0, 0.0, 1.0, 1.0, 0.6153846153846154, 0.5869565217391305, 0.0, 0.0, 0.3767322951475475, 0.3767155648189566, 0.5889398399776072, 0.4074253401787691, 0.49597046204975676, 0.49597046204975676, 0.4375951588153839, 0.0, 0.0, 0.0, 0.6138375431299209, 0.09254428744316101, 0.08089989423751831, 0.8762728571891785, 0.8762728571891785, 0.08158871531486511, 0.467364513874054, 0.080564945936203, 0.5384682430777439, 0.06290998309850693, 0.08157588541507721]
[0.4642857142857143, 0.5, 0.3333333333333333, 0.42424242424242425, 0.6153846153846154, 0.5869565217391305, 0.0, 0.0, 0.4033582142160682, 0.4033439113806584, 0.7132126751638963, 0.2900689231227456, 0.5368205053465708, 0.5368205053465708, 0.48787371814250946, 0.0, 0.0, 0.0, 0.6127881824970245, 0.09468337893486023, 0.0835014283657074, 0.8761650919914246, 0.8761650919914246, 0.08535739034414291, 0.46585704386234283, 0.08404695987701416, 0.5546044852844505, 0.06561889499425888, 0.10017803870141506]
[0.0, 0.0, 1.0, 1.0, 0.6153846153846154, 0.5869565217391305, 0.0, 0.0, 0.4028704476402093, 0.40285614480479953, 0.7211728241885825, 0.28249384517600795, 0.5228497087955475, 0.5228497087955475, 0.4985126703977585, 0.0, 0.0, 0.0, 0.6118703544139862, 0.09866446256637573, 0.08761394023895264, 0.8763204216957092, 0.8763204216957092, 0.09040402621030807, 0.46383838951587675, 0.08782792836427689, 0.5605911342210548, 0.06771093606948853, 0.07794053759425879]
[0.0, 0.0, 1.0, 1.0, 0.6153846153846154, 0.5869565217391305, 0.0, 0.0, 0.41531731065782945, 0.4153038226851542, 0.7394956338929857, 0.26526812562928326, 0.5389528615134104, 0.5389528615134104, 0.5034566521644592, 0.0, 0.0, 0.0, 0.6102847039699554, 0.10379350185394287, 0.0916266143321991, 0.8755381107330322, 0.8755381107330322, 0.09491375833749771, 0.4620344966650009, 0.09126080572605133, 0.5560563088849534, 0.07837646454572678, 0.041051474399864674]
[0.0, 0.0, 1.0, 1.0, 0.6153846153846154, 0.5869565217391305, 0.09210865199565887, 0.09232447296380997, 0.3869273904176789, 0.38691183394729295, 0.6806859418493384, 0.3204689102869822, 0.571697609765189, 0.571697609765189, 0.5106797516345978, 0.0, 0.0, 0.0, 0.6092435210943221, 0.1092166006565094, 0.09378349781036377, 0.8732951283454895, 0.8732951283454895, 0.09871894121170044, 0.46051242351531985, 0.09531301259994507, 0.5146811244099639, 0.08154678344726562, 0.22788964211940765]
[0.0, 0.0, 1.0, 1.0, 0.6153846153846154, 0.5869565217391305, 0.055734116584062576, 0.05572832375764847, 0.3540339346825506, 0.3540161672559341, 0.6967692922223823, 0.3044908310618906, 0.510145766394479, 0.510145766394479, 0.43904638290405273, 0.0, 0.0, 0.0, 0.6100437313318252, 0.10029616951942444, 0.08604234457015991, 0.8649213314056396, 0.8649213314056396, 0.09883883595466614, 0.46046446561813353, 0.0970320776104927, 0.4956403513287389, 0.08087413758039474, 0.27959069237113]
[0.4642857142857143, 0.5, 0.3333333333333333, 0.42424242424242425, 0.6153846153846154, 0.5869565217391305, 0.0, 0.0, 0.36507921100346585, 0.36506203620429245, 0.6936999607268528, 0.307091211902885, 0.47602442758423946, 0.47602442758423946, 0.41811779141426086, 0.0, 0.0, 0.0, 0.6203855276107788, 0.09546583890914917, 0.08119094371795654, 0.8795220255851746, 0.8795220255851746, 0.0919116958975792, 0.4632353216409683, 0.0899888277053833, 0.5197202258331831, 0.07863153517246246, 0.28152158483862877]
[0.4642857142857143, 0.5, 0.3333333333333333, 0.42424242424242425, 0.6153846153846154, 0.5869565217391305, 0.0, 0.0, 0.375368180739948, 0.3753516327582627, 0.6703613118961254, 0.3295054303021955, 0.5013275572231838, 0.5013275572231838, 0.4184662997722626, 0.0, 0.0, 0.0, 0.6211946249008178, 0.09149044752120972, 0.07807156443595886, 0.8814873099327087, 0.8814873099327087, 0.08902102708816528, 0.4643915891647339, 0.08698566257953644, 0.5321570364541786, 0.07944177091121674, 0.2785870432853699]
[0.4642857142857143, 0.5, 0.3333333333333333, 0.42424242424242425, 0.6153846153846154, 0.5869565217391305, 0.0, 0.0, 0.38018452095483957, 0.3801682464935128, 0.629676605957644, 0.36872138889929484, 0.5021085483687265, 0.5021085483687265, 0.4172722399234772, 0.0, 0.0, 0.0, 0.6220124006271361, 0.08480390906333923, 0.07438066601753235, 0.8840475678443909, 0.8840475678443909, 0.08725403994321823, 0.4650983840227127, 0.08568355441093445, 0.5374524447807046, 0.07995568215847015, 0.2554442547261715]
[0.4642857142857143, 0.5, 0.3333333333333333, 0.42424242424242425, 0.6153846153846154, 0.5869565217391305, 0.0, 0.0, 0.37635090519775627, 0.376334300232663, 0.5806743054727296, 0.4161285300505042, 0.4975057925496783, 0.4975057925496783, 0.4295668601989746, 0.0, 0.0, 0.0, 0.6216680377721786, 0.08429446816444397, 0.07424679398536682, 0.8855144381523132, 0.8855144381523132, 0.08656506985425949, 0.4653739720582962, 0.08565494418144226, 0.539396183435307, 0.07839299738407135, 0.09544406086206436]
[0.4642857142857143, 0.5, 0.3333333333333333, 0.42424242424242425, 0.6153846153846154, 0.5869565217391305, 0.26077380776405334, 0.260700523853302, 0.3073548933288107, 0.307334470475381, 0.5423292584902469, 0.4550112382808967, 0.5645277883325305, 0.5645277883325305, 0.4013313949108124, 0.0, 0.0, 0.0, 0.6163526207208633, 0.07744640111923218, 0.06824082136154175, 0.8780138492584229, 0.8780138492584229, 0.0885644480586052, 0.4645742207765579, 0.0887332409620285, 0.4645067036151886, 0.07149053364992142, 0.07642925251275301]
[0.4642857142857143, 0.5, 0.3333333333333333, 0.42424242424242425, 0.6153846153846154, 0.5869565217391305, 0.07138261198997498, 0.07122116535902023, 0.345737606343986, 0.3457192576866077, 0.5064742119259862, 0.4897607632799718, 0.49460504736219135, 0.49460504736219135, 0.41199836134910583, 0.0, 0.0, 0.0, 0.6173148423433303, 0.07776403427124023, 0.06936895847320557, 0.8809458017349243, 0.8809458017349243, 0.08908310532569885, 0.4643667578697205, 0.08955076336860657, 0.4915669699047887, 0.06322168558835983, 0.0]
[0.4642857142857143, 0.5, 0.3333333333333333, 0.42424242424242425, 0.6153846153846154, 0.5869565217391305, 0.03855888918042183, 0.03832465037703514, 0.34364375101676636, 0.34362532258261685, 0.4670396172521675, 0.5291116585872319, 0.45881971716880804, 0.45881971716880804, 0.41520926356315613, 0.0, 0.0, 0.0, 0.6154102593660354, 0.07809948921203613, 0.07060164213180542, 0.8815813660621643, 0.8815813660621643, 0.08900262415409088, 0.46439895033836365, 0.08875777572393417, 0.5018948676974274, 0.0611603818833828, 0.0]
[0.4642857142857143, 0.5, 0.3333333333333333, 0.42424242424242425, 0.6153846153846154, 0.5869565217391305, 0.014652458019554615, 0.014588606543838978, 0.3420735846058133, 0.34205501941148453, 0.44786821063572313, 0.5484095056877031, 0.4320716432162694, 0.4320716432162694, 0.4177328050136566, 0.0, 0.0, 0.0, 0.6115636467933654, 0.07797351479530334, 0.07145079970359802, 0.8798179030418396, 0.8798179030418396, 0.08946871757507324, 0.4642125129699707, 0.08870775252580643, 0.5031994816868804, 0.060913342982530594, 0.0]
[0.4642857142857143, 0.5, 0.3333333333333333, 0.42424242424242425, 0.6153846153846154, 0.5869565217391305, 0.0, 0.0, 0.4064318080705165, 0.40641772177205715, 0.6379430521970497, 0.362573950463403, 0.47822277460779467, 0.47822277460779467, 0.5049568712711334, 0.0, 0.0, 0.0, 0.6009063601493835, 0.09734183549880981, 0.09035828709602356, 0.870998203754425, 0.870998203754425, 0.0938425287604332, 0.46246298849582673, 0.0924052894115448, 0.5034414210984873, 0.061953771859407425, 0.0]
[0.4642857142857143, 0.5, 0.3333333333333333, 0.42424242424242425, 0.6153846153846154, 0.5869565217391305, 0.0, 0.0, 0.4082217138994264, 0.4082077529644647, 0.658797258628714, 0.3425302646305497, 0.45218442167554584, 0.45218442167554584, 0.5176662504673004, 0.0, 0.0, 0.0, 0.5992294400930405, 0.10282889008522034, 0.0956716537475586, 0.8689497113227844, 0.8689497113227844, 0.09684129804372787, 0.46126348078250884, 0.0942908301949501, 0.5145757073579833, 0.06341034919023514, 0.0]
[0.4642857142857143, 0.5, 0.3333333333333333, 0.42424242424242425, 0.6153846153846154, 0.5869565217391305, 0.0, 0.0, 0.4068688024298411, 0.4068548642882426, 0.6939641585997368, 0.30907298086655477, 0.4475917986461095, 0.4475917986461095, 0.524712547659874, 0.0, 0.0, 0.0, 0.6020553559064865, 0.1037997305393219, 0.0963013768196106, 0.8713482022285461, 0.8713482022285461, 0.09915293008089066, 0.46033882796764375, 0.0957813709974289, 0.5116849306017853, 0.06858430802822113, 0.0]
[0.4642857142857143, 0.5, 0.3333333333333333, 0.42424242424242425, 0.6153846153846154, 0.5869565217391305, 0.0, 0.0, 0.40276090273665655, 0.40274678224815236, 0.7309467550901336, 0.27384296607282327, 0.44469618371554787, 0.44469618371554787, 0.48683226108551025, 0.0, 0.0, 0.0, 0.6105708211660384, 0.10101377964019775, 0.09143128991127014, 0.8796311616897583, 0.8796311616897583, 0.09837118536233902, 0.4606515258550644, 0.09419118613004684, 0.5315062369025031, 0.07134851813316345, 0.0]
[0.4642857142857143, 0.5, 0.3333333333333333, 0.42424242424242425, 0.6153846153846154, 0.5869565217391305, 0.0, 0.0, 0.4008418725052026, 0.40082867514790815, 0.7390104543638503, 0.2661625827880885, 0.44230499437877113, 0.44230499437877113, 0.4740840792655945, 0.0, 0.0, 0.0, 0.6181849181652068, 0.09184536337852478, 0.08287233114242554, 0.8891981244087219, 0.8891981244087219, 0.09696092456579208, 0.46121563017368317, 0.09216296672821045, 0.5443035551281863, 0.07399189472198486, 0.033463609870523214]
[0.4642857142857143, 0.5, 0.3333333333333333, 0.42424242424242425, 0.6153846153846154, 0.5869565217391305, 0.0, 0.0, 0.40132166140394043, 0.40130848684000925, 0.7345681874291619, 0.2703656561693265, 0.44656438486916683, 0.44656438486916683, 0.4749568849802017, 0.0, 0.0, 0.0, 0.6191129475831985, 0.09248125553131104, 0.08334147930145264, 0.8899974822998047, 0.8899974822998047, 0.09660788625478745, 0.46135684549808503, 0.09173756837844849, 0.5455288984054742, 0.0750332921743393, 0.07010311353951693]
[0.4642857142857143, 0.5, 0.3333333333333333, 0.42424242424242425, 0.6153846153846154, 0.5869565217391305, 0.0, 0.0, 0.40594434920506084, 0.40593146525651047, 0.7186055393109586, 0.2855711543486583, 0.44733803187097826, 0.44733803187097826, 0.5010484755039215, 0.0, 0.0, 0.0, 0.6173979341983795, 0.0997684895992279, 0.09091252088546753, 0.8879333734512329, 0.8879333734512329, 0.09703777730464935, 0.46118488907814026, 0.0918564572930336, 0.5444373536941617, 0.0773274376988411, 0.00919875456020236]
[0.4642857142857143, 0.5, 0.3333333333333333, 0.42424242424242425, 0.6153846153846154, 0.5869565217391305, 0.0, 0.0, 0.4069725977075259, 0.40695981063076914, 0.7149907170472591, 0.28915388355696814, 0.4421120243413108, 0.4421120243413108, 0.5188626348972321, 0.0, 0.0, 0.0, 0.6136266112327575, 0.10129803419113159, 0.09201627969741821, 0.8839564323425293, 0.8839564323425293, 0.09776850044727325, 0.4608925998210907, 0.0931561142206192, 0.5283276112966759, 0.07723459601402283, 0.0]
[0.4642857142857143, 0.5, 0.3333333333333333, 0.42424242424242425, 0.6153846153846154, 0.5869565217391305, 0.08869017660617828, 0.08841672539710999, 0.3742934394748899, 0.3742780197646832, 0.5283154657192486, 0.4685962764933683, 0.5006522153105055, 0.5006522153105055, 0.5192329734563828, 0.0, 0.0, 0.0, 0.609416401386261, 0.0945415198802948, 0.08759066462516785, 0.8786405324935913, 0.8786405324935913, 0.0979854017496109, 0.4608058393001556, 0.09416329860687256, 0.5218824189762736, 0.07422714680433273, 0.0]
[0.4642857142857143, 0.5, 0.3333333333333333, 0.42424242424242425, 0.6153846153846154, 0.5869565217391305, 0.5474203824996948, 0.5470438003540039, 0.24945131724924702, 0.2494285238860442, 0.48160594109139526, 0.5167150463879628, 0.5643284320831299, 0.5643284320831299, 0.423976331949234, 0.0, 0.0, 0.0, 0.5956802934408187, 0.07610148191452026, 0.06893062591552734, 0.8431905508041382, 0.8431905508041382, 0.1008167490363121, 0.45967330038547516, 0.10109661519527435, 0.46315620111864664, 0.07249055802822113, 0.0]
[0.4642857142857143, 0.5, 0.3333333333333333, 0.42424242424242425, 0.6153846153846154, 0.5869565217391305, 0.1797422468662262, 0.17970943450927734, 0.3152584692260275, 0.31523925442084755, 0.500950653750599, 0.49583289814218234, 0.5262409789221628, 0.5262409789221628, 0.42152923345565796, 0.0, 0.0, 0.0, 0.6028348296880721, 0.07500076293945312, 0.06769347190856934, 0.8584452271461487, 0.8584452271461487, 0.10050112754106522, 0.4597995489835739, 0.10221467912197113, 0.45911412835121157, 0.06988893449306488, 0.13248850591480732]
[0.4642857142857143, 0.5, 0.3333333333333333, 0.42424242424242425, 0.6153846153846154, 0.5869565217391305, 0.13214677572250366, 0.13210280239582062, 0.3168720114071556, 0.316852842188702, 0.5125053066254573, 0.4843349228346958, 0.4862556074346815, 0.4862556074346815, 0.41983476281166077, 0.0, 0.0, 0.0, 0.611218324303627, 0.0750487744808197, 0.06733843684196472, 0.8712095022201538, 0.8712095022201538, 0.0980290025472641, 0.46078839898109436, 0.10035920888185501, 0.4634756958761881, 0.07035725563764572, 0.12054076418280602]
[0.4642857142857143, 0.5, 0.3333333333333333, 0.42424242424242425, 0.6153846153846154, 0.5869565217391305, 0.12647581100463867, 0.12644512951374054, 0.31276110299002824, 0.3127416944412611, 0.518002453258343, 0.47898958284991144, 0.46274495976311825, 0.46274495976311825, 0.41949787735939026, 0.0, 0.0, 0.0, 0.6121168553829193, 0.07596930861473083, 0.06781509518623352, 0.8722842335700989, 0.8722842335700989, 0.09632274508476257, 0.46147090196609497, 0.09910256415605545, 0.4661912765613822, 0.07193519175052643, 0.1264176331460476]
[0.4642857142857143, 0.5, 0.3333333333333333, 0.42424242424242425, 0.6153846153846154, 0.5869565217391305, 0.17502257227897644, 0.17497164011001587, 0.3011922517196626, 0.3011722391467705, 0.5291360125486982, 0.4682833976950239, 0.4584014628614698, 0.4584014628614698, 0.39785343408584595, 0.0, 0.0, 0.0, 0.6090617328882217, 0.07957920432090759, 0.07061523199081421, 0.8672138452529907, 0.8672138452529907, 0.09693039208650589, 0.46122784316539767, 0.09991282969713211, 0.46617975761724073, 0.0741463229060173, 0.12800080701708794]
[0.4642857142857143, 0.5, 0.3333333333333333, 0.42424242424242425, 0.6153846153846154, 0.5869565217391305, 0.46283769607543945, 0.46268147230148315, 0.24405740460747744, 0.24403094151279892, 0.5340743485417923, 0.46487458184795166, 0.47965015683855333, 0.47965015683855333, 0.39618951082229614, 0.0, 0.0, 0.0, 0.5932681053876876, 0.0818193256855011, 0.07298189401626587, 0.840538740158081, 0.840538740158081, 0.10024513304233551, 0.4599019467830658, 0.10500013083219528, 0.4579999476671219, 0.07564157992601395, 0.1308131031692028]
[0.4642857142857143, 0.5, 0.3333333333333333, 0.42424242424242425, 0.6153846153846154, 0.5869565217391305, 0.9367897510528564, 0.9366044402122498, 0.2693855949387268, 0.26936102369319415, 0.5222924391580586, 0.477190514088994, 0.5453309416770935, 0.5453309416770935, 0.38822636008262634, 0.0, 0.0, 0.0, 0.5698808461427688, 0.0864400863647461, 0.07637012004852295, 0.8008545637130737, 0.8008545637130737, 0.11047855019569397, 0.4558085799217224, 0.1214919164776802, 0.4514032334089279, 0.0768471360206604, 0.1367703080177307]
[0.4642857142857143, 0.5, 0.3333333333333333, 0.42424242424242425, 0.6153846153846154, 0.5869565217391305, 0.5635964870452881, 0.5634511709213257, 0.21475767587840444, 0.2147300503222026, 0.5326529430157824, 0.4675523404586789, 0.49259353961263386, 0.49259353961263386, 0.44431495666503906, 0.0, 0.0, 0.0, 0.5732372730970382, 0.08857041597366333, 0.0800485610961914, 0.8098853826522827, 0.8098853826522827, 0.11303196847438812, 0.45478721261024474, 0.12259648740291595, 0.45096140503883364, 0.07808477431535721, 0.1393773965537548]
[0.4642857142857143, 0.5, 0.3333333333333333, 0.42424242424242425, 0.6153846153846154, 0.5869565217391305, 0.35921919345855713, 0.35921916365623474, 0.2528698886557701, 0.2528438814283557, 0.5411124290973233, 0.4578069126578129, 0.4379591771534511, 0.4379591771534511, 0.43169745802879333, 0.0, 0.0, 0.0, 0.5791076928377151, 0.08910834789276123, 0.08151975274085999, 0.8211626410484314, 0.8211626410484314, 0.10941582173109055, 0.45623367130756376, 0.11660110205411911, 0.45335955917835236, 0.07803181558847427, 0.14041002839803696]
[0.4642857142857143, 0.5, 0.3333333333333333, 0.42424242424242425, 0.6153846153846154, 0.5869565217391305, 0.3106706440448761, 0.3106374740600586, 0.26101742191934674, 0.26099187055919637, 0.5434512503972245, 0.45531681750467534, 0.41523490633283344, 0.41523490633283344, 0.4245370030403137, 0.0, 0.0, 0.0, 0.5813883900642395, 0.08950886130332947, 0.0821877121925354, 0.8249300122261047, 0.8249300122261047, 0.10600671172142029, 0.4575973153114319, 0.11182542890310287, 0.45526982843875885, 0.07750677317380905, 0.13914072886109352]
[0.4642857142857143, 0.5, 0.3333333333333333, 0.42424242424242425, 0.6153846153846154, 0.5869565217391305, 0.29146525263786316, 0.29138419032096863, 0.26263265080935183, 0.26260714503592786, 0.5426199422511726, 0.45619080622332453, 0.39242001516478403, 0.39242001516478403, 0.4116886258125305, 0.0, 0.0, 0.0, 0.5848771631717682, 0.09023845195770264, 0.08278033137321472, 0.8301568031311035, 0.8301568031311035, 0.10245004296302795, 0.45901998281478884, 0.10717066377401352, 0.45713173449039457, 0.07544150948524475, 0.14035250060260296]
[0.4642857142857143, 0.5, 0.3333333333333333, 0.42424242424242425, 0.6153846153846154, 0.5869565217391305, 0.2691614627838135, 0.2690250277519226, 0.2599844039056315, 0.25995880695875473, 0.5445904256508866, 0.45442677086164984, 0.377460994890758, 0.377460994890758, 0.4041407108306885, 0.0, 0.0, 0.0, 0.5894527852535247, 0.09071257710456848, 0.0828590989112854, 0.8361459374427795, 0.8361459374427795, 0.1007322371006012, 0.45970710515975954, 0.1046873927116394, 0.4582755579504856, 0.07368968427181244, 0.1425955444574356]
[0.4642857142857143, 0.5, 0.3333333333333333, 0.42424242424242425, 0.6153846153846154, 0.5869565217391305, 0.26584792137145996, 0.2657390832901001, 0.2537971226708611, 0.2537712522036259, 0.5542897966122308, 0.44500398311691985, 0.3551933595112392, 0.3551933595112392, 0.3728483319282532, 0.0, 0.0, 0.0, 0.5953556030988693, 0.09052187204360962, 0.08216384053230286, 0.8444232940673828, 0.8444232940673828, 0.10080714523792267, 0.45967714190483094, 0.10417234897613525, 0.46543788771296657, 0.07202017307281494, 0.14611536636948586]
[0.4642857142857143, 0.5, 0.3333333333333333, 0.42424242424242425, 0.6153846153846154, 0.5869565217391305, 0.2593584358692169, 0.25927209854125977, 0.2530302171725388, 0.2530043694986668, 0.570884174188282, 0.42862602852447945, 0.36195370767797747, 0.36195370767797747, 0.37218573689460754, 0.0, 0.0, 0.0, 0.5965389788150787, 0.08975011110305786, 0.08097192645072937, 0.8459600210189819, 0.8459600210189819, 0.10147295147180557, 0.45941081941127776, 0.10430344939231873, 0.45827862024307253, 0.0730627253651619, 0.15552863478660583]
[0.4642857142857143, 0.5, 0.3333333333333333, 0.42424242424242425, 0.6153846153846154, 0.5869565217391305, 0.259786456823349, 0.2597160041332245, 0.24987076071890546, 0.2498447762848542, 0.5746205648546236, 0.42510044227771915, 0.35789840987750465, 0.35789840987750465, 0.3587723672389984, 0.0, 0.0, 0.0, 0.5987508952617645, 0.08860233426094055, 0.07993608713150024, 0.84921795129776, 0.84921795129776, 0.1019902229309082, 0.45920391082763673, 0.10450294613838196, 0.4581988215446472, 0.07364687323570251, 0.16100428998470306]
[0.4642857142857143, 0.5, 0.3333333333333333, 0.42424242424242425, 0.6153846153846154, 0.5869565217391305, 0.28142622113227844, 0.28127267956733704, 0.2448956305392614, 0.24486695648835216, 0.5736641154462475, 0.4261070427834823, 0.3304744405405862, 0.3304744405405862, 0.34269675612449646, 0.0, 0.0, 0.0, 0.5924423187971115, 0.09160009026527405, 0.08170953392982483, 0.8382906317710876, 0.8382906317710876, 0.10355213284492493, 0.45857914686203005, 0.10580678284168243, 0.4578628928162331, 0.07402670383453369, 0.16374878585338593]
[0.4642857142857143, 0.5, 0.3333333333333333, 0.42424242424242425, 0.6153846153846154, 0.5869565217391305, 0.272093266248703, 0.27200719714164734, 0.24619973002154788, 0.24617119273081794, 0.5749178700875598, 0.4249240444398924, 0.3367997705936432, 0.3367997705936432, 0.3568553328514099, 0.0, 0.0, 0.0, 0.5959162592887878, 0.09092429280281067, 0.08143386244773865, 0.8452792167663574, 0.8452792167663574, 0.10381104052066803, 0.4584755837917328, 0.10590220242738724, 0.4576391190290451, 0.07443313300609589, 0.16532421112060547]
[0.4642857142857143, 0.5, 0.3333333333333333, 0.42424242424242425, 0.6153846153846154, 0.5869565217391305, 0.27582255005836487, 0.2757568061351776, 0.24567377316564265, 0.24564514470145987, 0.5771186034948375, 0.42280439842220885, 0.3434882951634271, 0.3434882951634271, 0.35997265577316284, 0.0, 0.0, 0.0, 0.598016482591629, 0.08953705430030823, 0.08061155676841736, 0.8483869433403015, 0.8483869433403015, 0.10434688627719879, 0.4582612454891205, 0.10630196332931519, 0.4574792146682739, 0.07490838319063187, 0.16860278323292732]
[0.4642857142857143, 0.5, 0.3333333333333333, 0.42424242424242425, 0.6153846153846154, 0.5869565217391305, 0.28335466980934143, 0.28328737616539, 0.24299883523361177, 0.2429701383893394, 0.5735616364852876, 0.42636671617377053, 0.34484228917530607, 0.34484228917530607, 0.35747724771499634, 0.0, 0.0, 0.0, 0.5984317123889923, 0.08945482969284058, 0.08085724711418152, 0.848880410194397, 0.848880410194397, 0.10516505688428879, 0.4579339772462845, 0.10702613741159439, 0.45718954503536224, 0.07482783496379852, 0.168610829859972]
[0.4642857142857143, 0.5, 0.3333333333333333, 0.42424242424242425, 0.6153846153846154, 0.5869565217391305, 0.3087330162525177, 0.30861401557922363, 0.24115517125758795, 0.2411263604464996, 0.566246807461259, 0.4335658973712488, 0.3250002967459815, 0.3250002967459815, 0.37085235118865967, 0.0, 0.0, 0.0, 0.5948158711194992, 0.09196454286575317, 0.08438479900360107, 0.8441615104675293, 0.8441615104675293, 0.10421264171600342, 0.4583149433135986, 0.10600670427083969, 0.4651725361513537, 0.07260359078645706, 0.16593167558312416]
[0.4642857142857143, 0.5, 0.3333333333333333, 0.42424242424242425, 0.6153846153846154, 0.5869565217391305, 0.3048560917377472, 0.3044678866863251, 0.2432732445332106, 0.24324438813539584, 0.5249482050224654, 0.473961765811224, 0.35078308412006926, 0.35078308412006926, 0.4260612428188324, 0.0, 0.0, 0.0, 0.5887893229722976, 0.09287992119789124, 0.08733436465263367, 0.8378970623016357, 0.8378970623016357, 0.1024727076292038, 0.45901091694831847, 0.10410119593143463, 0.45835952162742616, 0.07238229364156723, 0.12557159177958965]
[0.4642857142857143, 0.5, 0.3333333333333333, 0.42424242424242425, 0.6153846153846154, 0.5869565217391305, 0.2887263000011444, 0.28848403692245483, 0.24734694278490932, 0.24731835990745293, 0.4943232601846837, 0.5044201039852598, 0.38290177072797504, 0.38290177072797504, 0.39487162232398987, 0.0, 0.0, 0.0, 0.5801337093114852, 0.09228304028511047, 0.08845829963684082, 0.8278953433036804, 0.8278953433036804, 0.10335962474346161, 0.45865615010261535, 0.1044548749923706, 0.45821805000305177, 0.07339934259653091, 0.06259986665099859]
[0.4642857142857143, 0.5, 0.3333333333333333, 0.42424242424242425, 0.6153846153846154, 0.5869565217391305, 0.31409066915512085, 0.31359946727752686, 0.24568104424850434, 0.24565234740423197, 0.4562188584079706, 0.5424477405638762, 0.4229736966746194, 0.4229736966746194, 0.42999809980392456, 0.0, 0.0, 0.0, 0.5700048685073852, 0.09212788939476013, 0.09125792980194092, 0.8182999491691589, 0.8182999491691589, 0.1066296398639679, 0.4573481440544128, 0.10639091581106186, 0.4574436336755753, 0.07882726937532425, 0.0]
[0.4642857142857143, 0.5, 0.3333333333333333, 0.42424242424242425, 0.6153846153846154, 0.5869565217391305, 0.3102281987667084, 0.30972689390182495, 0.25256128931136707, 0.25253311671444834, 0.4055164892860398, 0.5937796524053728, 0.42623849851744516, 0.42623849851744516, 0.4532742500305176, 0.0, 0.0, 0.0, 0.5636281788349151, 0.09294381737709045, 0.09764459729194641, 0.8110540509223938, 0.8110540509223938, 0.11053413897752762, 0.45578634440898896, 0.10943583399057388, 0.45622566640377044, 0.08149538934230804, 0.0]
[0.4642857142857143, 0.5, 0.3333333333333333, 0.42424242424242425, 0.6153846153846154, 0.5869565217391305, 0.29160481691360474, 0.29111769795417786, 0.2584406094159041, 0.25841291547961265, 0.37552968311492163, 0.6244302896372397, 0.4204128469739642, 0.4204128469739642, 0.460573673248291, 0.0, 0.0, 0.0, 0.5581214189529419, 0.09891113638877869, 0.10636311769485474, 0.8045681118965149, 0.8045681118965149, 0.11198296397924423, 0.4552068144083023, 0.11066294461488724, 0.4640251536702001, 0.08132465183734894, 0.0]
[0.4642857142857143, 0.5, 0.3333333333333333, 0.42424242424242425, 0.6153846153846154, 0.5869565217391305, 0.2796911597251892, 0.2792757749557495, 0.254364175960621, 0.2543345673818206, 0.38164932504438764, 0.6180317880040095, 0.41922420263290405, 0.41922420263290405, 0.44151145219802856, 0.0, 0.0, 0.0, 0.5558139145374298, 0.09988090395927429, 0.10768046975135803, 0.8027293682098389, 0.8027293682098389, 0.11288902163505554, 0.45484439134597776, 0.11192750185728073, 0.4552289992570877, 0.08121180534362793, 0.0]
[0.4642857142857143, 0.5, 0.3333333333333333, 0.42424242424242425, 0.6153846153846154, 0.5869565217391305, 0.2750241160392761, 0.27472737431526184, 0.2564112023231404, 0.2563817532978824, 0.4462422574683311, 0.552738772743582, 0.38508779236248564, 0.38508779236248564, 0.41445493698120117, 0.0, 0.0, 0.0, 0.5653151541948318, 0.09778657555580139, 0.10317942500114441, 0.8115190267562866, 0.8115190267562866, 0.11340928077697754, 0.454636287689209, 0.11321207880973816, 0.4587822875311208, 0.08227917551994324, 0.0]
[0.4642857142857143, 0.5, 0.3333333333333333, 0.42424242424242425, 0.6153846153846154, 0.5869565217391305, 0.26818668842315674, 0.26803359389305115, 0.256825380525899, 0.2567958859139145, 0.5354789268674176, 0.4638628129470822, 0.3689192235469818, 0.3689192235469818, 0.4131501615047455, 0.0, 0.0, 0.0, 0.5731160461902618, 0.10108447074890137, 0.10191607475280762, 0.8142032027244568, 0.8142032027244568, 0.10881791263818741, 0.456472834944725, 0.10911080986261368, 0.45635567605495453, 0.08154194802045822, 0.05422903224825859]
[0.4642857142857143, 0.5, 0.3333333333333333, 0.42424242424242425, 0.6153846153846154, 0.5869565217391305, 0.2686605453491211, 0.26855164766311646, 0.2604306979571428, 0.26040143127879034, 0.6165213480050431, 0.3843980144993474, 0.3768548369407654, 0.3768548369407654, 0.3879925012588501, 0.0, 0.0, 0.0, 0.5771578192710876, 0.10938224196434021, 0.10123550891876221, 0.8184097409248352, 0.8184097409248352, 0.10789144784212112, 0.45684342086315155, 0.10951311141252518, 0.45619475543498994, 0.08098217099905014, 0.12069183401763439]
[0.4642857142857143, 0.5, 0.3333333333333333, 0.42424242424242425, 0.6153846153846154, 0.5869565217391305, 0.25169748067855835, 0.2515513300895691, 0.2612442614699413, 0.2612150631716785, 0.6555840896146932, 0.34655550419207926, 0.37327080965042114, 0.37327080965042114, 0.34917792677879333, 0.0, 0.0, 0.0, 0.5793627262115478, 0.11439317464828491, 0.10290589928627014, 0.8204984664916992, 0.8204984664916992, 0.10639189928770065, 0.4574432402849197, 0.10901156067848206, 0.45639537572860717, 0.08033880591392517, 0.1382884383201599]
[0.4642857142857143, 0.5, 0.3333333333333333, 0.42424242424242425, 0.6153846153846154, 0.5869565217391305, 0.23692868649959564, 0.2367934286594391, 0.2669803936668381, 0.26695126374866496, 0.6467233292231368, 0.3546786941437552, 0.3549050007547651, 0.3549050007547651, 0.34274986386299133, 0.0, 0.0, 0.0, 0.5852126181125641, 0.11643713712692261, 0.10373616218566895, 0.8275269269943237, 0.8275269269943237, 0.1037193313241005, 0.4585122674703598, 0.10787089169025421, 0.4568516433238983, 0.07883264869451523, 0.14953743666410446]
[0.4642857142857143, 0.5, 0.3333333333333333, 0.42424242424242425, 0.6153846153846154, 0.5869565217391305, 0.2126874476671219, 0.21237067878246307, 0.28102880955654164, 0.2810002494724485, 0.5598609618429472, 0.4385720721115751, 0.3465821381126132, 0.3465821381126132, 0.4060654044151306, 0.0, 0.0, 0.0, 0.5811691761016845, 0.11580854654312134, 0.103705495595932, 0.8264173865318298, 0.8264173865318298, 0.10117731988430023, 0.4595290720462799, 0.10586606711149216, 0.4576535731554031, 0.07612019032239914, 0.12816349044442177]
[0.4642857142857143, 0.5, 0.3333333333333333, 0.42424242424242425, 0.6153846153846154, 0.5869565217391305, 0.9378345608711243, 0.9377198815345764, 0.27359302185233647, 0.2735648948421442, 0.48232955059631377, 0.5173021806307044, 0.48209058386938913, 0.48209058386938913, 0.31349870562553406, 0.0, 0.0, 0.0, 0.5147523522377014, 0.1023382842540741, 0.09503528475761414, 0.7251604795455933, 0.7251604795455933, 0.1151464432477951, 0.45394142270088195, 0.120325468480587, 0.4522589680760406, 0.07769299298524857, 0.06198079790920019]
[0.4642857142857143, 0.5, 0.3333333333333333, 0.42424242424242425, 0.6153846153846154, 0.5869565217391305, 0.8125908374786377, 0.8125691413879395, 0.21909903659419394, 0.2190678780666957, 0.43272621476627443, 0.5674222704962558, 0.5163017341068813, 0.5163017341068813, 0.41291460394859314, 0.0, 0.0, 0.0, 0.5346186488866805, 0.09602150321006775, 0.09819310903549194, 0.7675628066062927, 0.7675628066062927, 0.13126689195632935, 0.44749324321746825, 0.13956840336322784, 0.44417263865470885, 0.08607182651758194, 0.0]
[0.4642857142857143, 0.5, 0.3333333333333333, 0.42424242424242425, 0.6153846153846154, 0.5869565217391305, 0.2679208517074585, 0.2673664689064026, 0.2847350787934108, 0.2847067694363129, 0.3608916143158426, 0.6381753714494399, 0.4203192463942937, 0.4203192463942937, 0.43631812930107117, 0.0, 0.0, 0.0, 0.5564719319343566, 0.10693821310997009, 0.11172041296958923, 0.8032436370849609, 0.8032436370849609, 0.13096851110458374, 0.4476125955581665, 0.1377914398908615, 0.4519084303878075, 0.08852126449346542, 0.0]
[0.4642857142857143, 0.5, 0.3333333333333333, 0.42424242424242425, 0.6153846153846154, 0.5869565217391305, 0.16988815367221832, 0.16951042413711548, 0.2979986280145882, 0.29797102525174957, 0.3291758802607228, 0.6703254045486856, 0.39638568248067585, 0.39638568248067585, 0.37698546051979065, 0.0, 0.0, 0.0, 0.5687158703804016, 0.10244891047477722, 0.10898539423942566, 0.8209992051124573, 0.8209992051124573, 0.12372693419456482, 0.45050922632217405, 0.13034915924072266, 0.4651959067167238, 0.0851253941655159, 0.0]
[0.4642857142857143, 0.5, 0.3333333333333333, 0.42424242424242425, 0.6153846153846154, 0.5869565217391305, 0.12492314726114273, 0.12462111562490463, 0.3059412033562451, 0.30591385132040166, 0.3104639308630395, 0.6894403975912029, 0.37520665143217363, 0.37520665143217363, 0.3661448061466217, 0.0, 0.0, 0.0, 0.5726413190364837, 0.09910932183265686, 0.10591018199920654, 0.8271421790122986, 0.8271421790122986, 0.11481987684965134, 0.45407204926013944, 0.12200997024774551, 0.4724763784297677, 0.07893641293048859, 0.0]
[0.4642857142857143, 0.5, 0.3333333333333333, 0.42424242424242425, 0.6153846153846154, 0.5869565217391305, 0.11041631549596786, 0.1101422905921936, 0.3108749749783576, 0.3108476913226038, 0.3660935156659916, 0.6318959309488997, 0.38658510361398973, 0.38658510361398973, 0.451276570558548, 0.0, 0.0, 0.0, 0.5672204464673996, 0.10241153836250305, 0.10913214087486267, 0.8182874917984009, 0.8182874917984009, 0.11012475192546844, 0.4559500992298126, 0.11709336936473846, 0.4749821438345798, 0.07877951115369797, 0.0]
[0.4642857142857143, 0.5, 0.3333333333333333, 0.42424242424242425, 0.6153846153846154, 0.5869565217391305, 0.11573512852191925, 0.11536175012588501, 0.3036270159836253, 0.3035995043942395, 0.441937428815415, 0.5555591146096993, 0.38036285766533445, 0.38036285766533445, 0.399213969707489, 0.0, 0.0, 0.0, 0.5521173596382141, 0.10217210650444031, 0.10453960299491882, 0.798077404499054, 0.798077404499054, 0.10727916657924652, 0.4570883333683014, 0.11256512254476547, 0.4782763331435448, 0.07859539985656738, 0.0]
[0.4642857142857143, 0.5, 0.3333333333333333, 0.42424242424242425, 0.6153846153846154, 0.5869565217391305, 0.1161193773150444, 0.11580626666545868, 0.30822591891024353, 0.30819868084121615, 0.4829474359351864, 0.5142994598899648, 0.3807605164391654, 0.3807605164391654, 0.4277331233024597, 0.0, 0.0, 0.0, 0.5576342374086379, 0.10231927037239075, 0.09819987416267395, 0.7990819811820984, 0.7990819811820984, 0.10428506880998611, 0.45828597247600555, 0.10821240395307541, 0.4805120063382526, 0.07769527286291122, 0.0]
[0.4642857142857143, 0.5, 0.3333333333333333, 0.42424242424242425, 0.6153846153846154, 0.5869565217391305, 0.11106762290000916, 0.1109195426106453, 0.31498356986911985, 0.3149566395104957, 0.5142758580398378, 0.4829278885241854, 0.40139819894518175, 0.40139819894518175, 0.40981748700141907, 0.0, 0.0, 0.0, 0.5830355197191238, 0.08857956528663635, 0.0810346007347107, 0.8330469131469727, 0.8330469131469727, 0.10194914788007736, 0.45922034084796903, 0.10556264966726303, 0.4755797566369523, 0.07690781354904175, 0.09489240124821663]
[0.4642857142857143, 0.5, 0.3333333333333333, 0.42424242424242425, 0.6153846153846154, 0.5869565217391305, 0.1085038036108017, 0.10836871713399887, 0.3179562005212613, 0.31792940692281635, 0.5269342164008612, 0.47027632400998143, 0.42275160551071167, 0.42275160551071167, 0.38488033413887024, 0.0, 0.0, 0.0, 0.5903263449668884, 0.08652225136756897, 0.07877421379089355, 0.8428208231925964, 0.8428208231925964, 0.10134735703468323, 0.45946105718612673, 0.10454332828521729, 0.46734751656998036, 0.07603207230567932, 0.12767539359629154]
[0.4642857142857143, 0.5, 0.3333333333333333, 0.42424242424242425, 0.6153846153846154, 0.5869565217391305, 0.1075359433889389, 0.10735689103603363, 0.30707797675925963, 0.3070504651698738, 0.4983667296288004, 0.498607973017104, 0.42522998792784555, 0.42522998792784555, 0.4156889021396637, 0.0, 0.0, 0.0, 0.5727644860744476, 0.09449151158332825, 0.08831024169921875, 0.8220735192298889, 0.8220735192298889, 0.10050094872713089, 0.45979962050914763, 0.10342472791671753, 0.46881142050720925, 0.0746941938996315, 0.03639840753749013]
[0.4642857142857143, 0.5, 0.3333333333333333, 0.42424242424242425, 0.6153846153846154, 0.5869565217391305, 0.12166336178779602, 0.1210130974650383, 0.3211956274896917, 0.32116892506469963, 0.39791667484188625, 0.599271075054924, 0.44432433588164194, 0.44432433588164194, 0.47683602571487427, 0.0, 0.0, 0.0, 0.5591990262269974, 0.10922446846961975, 0.11403921246528625, 0.8087719678878784, 0.8087719678878784, 0.10346169769763947, 0.4586153209209442, 0.10577496141195297, 0.46335129543792375, 0.07522520422935486, 0.0]
[0.4642857142857143, 0.5, 0.3333333333333333, 0.42424242424242425, 0.6153846153846154, 0.5869565217391305, 0.1046270802617073, 0.104010671377182, 0.32087644062808096, 0.320849704013044, 0.33240459434844793, 0.6661574215500984, 0.38682088255882263, 0.38682088255882263, 0.3967530131340027, 0.0, 0.0, 0.0, 0.5653484910726547, 0.1070900559425354, 0.11385023593902588, 0.8168972134590149, 0.8168972134590149, 0.10453692823648453, 0.4581852287054062, 0.10763664543628693, 0.4939267524453097, 0.07498525083065033, 0.0]
[0.4642857142857143, 0.5, 0.3333333333333333, 0.42424242424242425, 0.6153846153846154, 0.5869565217391305, 0.08573800325393677, 0.08521512895822525, 0.31948320769898975, 0.319456436893908, 0.3064407882909246, 0.69309726221333, 0.37092700600624084, 0.37092700600624084, 0.3871697783470154, 0.0, 0.0, 0.0, 0.5771520823240279, 0.09888195991516113, 0.10850164294242859, 0.8358429670333862, 0.8358429670333862, 0.10459672659635544, 0.4581613093614578, 0.10938939452171326, 0.49843292596728306, 0.07453116029500961, 0.0]
[0.4642857142857143, 0.5, 0.3333333333333333, 0.42424242424242425, 0.6153846153846154, 0.5869565217391305, 0.07706574350595474, 0.07660149782896042, 0.31959941966127936, 0.3195726488561976, 0.30717136116830157, 0.6923285674359962, 0.3644446070705142, 0.3644446070705142, 0.38804033398628235, 0.0, 0.0, 0.0, 0.5796449840068817, 0.09565448760986328, 0.1053037941455841, 0.8395905494689941, 0.8395905494689941, 0.10428604483604431, 0.4582855820655823, 0.11060719937086105, 0.4989985186000203, 0.07499366253614426, 0.0]
[0.4642857142857143, 0.5, 0.3333333333333333, 0.42424242424242425, 0.6153846153846154, 0.5869565217391305, 0.06782403588294983, 0.06751111894845963, 0.32125338587204766, 0.32122655808355793, 0.3469402069799303, 0.6510300590198259, 0.3861136202301298, 0.3861136202301298, 0.4399755001068115, 0.0, 0.0, 0.0, 0.5777988761663436, 0.09909972548484802, 0.10785409808158875, 0.8350840210914612, 0.8350840210914612, 0.10355814546346664, 0.45857674181461333, 0.10997496545314789, 0.490915504998939, 0.07533349096775055, 0.0]
[0.4642857142857143, 0.5, 0.3333333333333333, 0.42424242424242425, 0.6153846153846154, 0.5869565217391305, 0.10517728328704834, 0.10460994392633438, 0.3109651113331432, 0.3109379074541606, 0.3983340897022196, 0.5991650830668604, 0.3816680610179901, 0.3816680610179901, 0.4080490469932556, 0.0, 0.0, 0.0, 0.562933799624443, 0.10170751810073853, 0.10873085260391235, 0.8130612969398499, 0.8130612969398499, 0.10432467609643936, 0.45827012956142427, 0.11002510040998459, 0.48106460377227434, 0.07688934355974197, 0.0]
[0.4642857142857143, 0.5, 0.3333333333333333, 0.42424242424242425, 0.6153846153846154, 0.5869565217391305, 0.09191115945577621, 0.09151207655668259, 0.30962423475932893, 0.30959698529361995, 0.4575221629717154, 0.5396494663189697, 0.3724528742688043, 0.3724528742688043, 0.4148635268211365, 0.0, 0.0, 0.0, 0.5480058878660201, 0.10464391112327576, 0.1082867980003357, 0.7908599972724915, 0.7908599972724915, 0.10362213850021362, 0.45855114459991453, 0.10814786702394485, 0.48362575991209167, 0.07546129822731018, 0.0]
[0.4642857142857143, 0.5, 0.3333333333333333, 0.42424242424242425, 0.6153846153846154, 0.5869565217391305, 0.08898093551397324, 0.08867376297712326, 0.31176739213115623, 0.3117401996488553, 0.5193635589419998, 0.4778698987709582, 0.3740135367427554, 0.3740135367427554, 0.4066689908504486, 0.0, 0.0, 0.0, 0.5698722094297408, 0.10562488436698914, 0.10159745812416077, 0.8148704767227173, 0.8148704767227173, 0.1023758202791214, 0.45904967188835144, 0.10644844174385071, 0.477974345517713, 0.07409567385911942, 0.06506283767521381]
[0.4642857142857143, 0.5, 0.3333333333333333, 0.42424242424242425, 0.6153846153846154, 0.5869565217391305, 0.08863631635904312, 0.08833999186754227, 0.31148933589344496, 0.3114620636343728, 0.568254674825796, 0.4294975213698579, 0.3753059676715306, 0.3753059676715306, 0.36933401226997375, 0.0, 0.0, 0.0, 0.5782364904880524, 0.10318553447723389, 0.09108933806419373, 0.8237965703010559, 0.8237965703010559, 0.10244999080896378, 0.4590200036764145, 0.10676559060811996, 0.496707558631897, 0.07354381680488586, 0.13237593695521355]
[0.4642857142857143, 0.5, 0.3333333333333333, 0.42424242424242425, 0.6153846153846154, 0.5869565217391305, 0.09101342409849167, 0.09071812778711319, 0.3126089458939678, 0.3125818559818012, 0.5996085699384117, 0.3990073978508357, 0.34651339054107666, 0.34651339054107666, 0.3811207115650177, 0.0, 0.0, 0.0, 0.5896862685680389, 0.10267993807792664, 0.0901806652545929, 0.8391377329826355, 0.8391377329826355, 0.09959827363491058, 0.46016069054603576, 0.10403509438037872, 0.5027727609456971, 0.0725996345281601, 0.15203739516437054]
[0.4642857142857143, 0.5, 0.3333333333333333, 0.42424242424242425, 0.6153846153846154, 0.5869565217391305, 0.09121103584766388, 0.0909072607755661, 0.3105694071512605, 0.31054216908223314, 0.6176089561236292, 0.3815662696251627, 0.33047824033669065, 0.33047824033669065, 0.3524940311908722, 0.0, 0.0, 0.0, 0.593085378408432, 0.10111221671104431, 0.08916667103767395, 0.8428763747215271, 0.8428763747215271, 0.09547734260559082, 0.4618090629577637, 0.10001609474420547, 0.5165950572767923, 0.07113422453403473, 0.16159776598215103]
[0.4642857142857143, 0.5, 0.3333333333333333, 0.42424242424242425, 0.6153846153846154, 0.5869565217391305, 0.6486673951148987, 0.6473450064659119, 0.2191562023491066, 0.21912490706142917, 0.5807859530640378, 0.420141039518685, 0.4354738337653024, 0.4354738337653024, 0.35959866642951965, 0.0, 0.0, 0.0, 0.5921593308448792, 0.10129860043525696, 0.08893811702728271, 0.8368088603019714, 0.8368088603019714, 0.09636621177196503, 0.461453515291214, 0.10361522436141968, 0.4780172816542692, 0.07042131572961807, 0.17515618354082108]
[0.4642857142857143, 0.5, 0.3333333333333333, 0.42424242424242425, 0.6153846153846154, 0.5869565217391305, 0.6732510328292847, 0.6719716787338257, 0.21727492932379816, 0.21724352006930464, 0.554139109688097, 0.44642524048606885, 0.4667419833796365, 0.4667419833796365, 0.3837527334690094, 0.0, 0.0, 0.0, 0.5700487196445465, 0.10036072134971619, 0.08713316917419434, 0.8033124804496765, 0.8033124804496765, 0.10042256861925125, 0.4598309725522995, 0.10915521532297134, 0.4676647241725478, 0.07205401360988617, 0.1798824779689312]
[0.4642857142857143, 0.5, 0.3333333333333333, 0.42424242424242425, 0.6153846153846154, 0.5869565217391305, 0.17089106142520905, 0.17076686024665833, 0.308317115156418, 0.30828976312057466, 0.5026364292571923, 0.4945722143184564, 0.3915891264166151, 0.3915891264166151, 0.3698967397212982, 0.0, 0.0, 0.0, 0.565541273355484, 0.105366051197052, 0.09592175483703613, 0.8075965046882629, 0.8075965046882629, 0.10237636417150497, 0.459049454331398, 0.11042370647192001, 0.4631423326425774, 0.0700201541185379, 0.12733615934848785]
[0.4642857142857143, 0.5, 0.3333333333333333, 0.42424242424242425, 0.6153846153846154, 0.5869565217391305, 0.11747870594263077, 0.11725380271673203, 0.32072061380054484, 0.3206940025490055, 0.4579382957053686, 0.5390247401219659, 0.36184645124844145, 0.36184645124844145, 0.3938809633255005, 0.0, 0.0, 0.0, 0.5575041651725768, 0.10743120312690735, 0.09878456592559814, 0.7991647124290466, 0.7991647124290466, 0.10088011622428894, 0.4596479535102844, 0.10730540752410889, 0.4838860589404439, 0.06699171662330627, 0.025070980191230774]
[0.4642857142857143, 0.5, 0.3333333333333333, 0.42424242424242425, 0.6153846153846154, 0.5869565217391305, 0.08640986680984497, 0.08580280840396881, 0.33488770333576384, 0.33486187845525506, 0.41429870374799915, 0.5826272273332115, 0.38280994764396126, 0.38280994764396126, 0.42960819602012634, 0.0, 0.0, 0.0, 0.5543222665786742, 0.11075642704963684, 0.11094772815704346, 0.7990190386772156, 0.7990190386772156, 0.10207002609968185, 0.4591719895601273, 0.10684525221586227, 0.47591374364010125, 0.06830863654613495, 0.0]
[0.4642857142857143, 0.5, 0.3333333333333333, 0.42424242424242425, 0.6153846153846154, 0.5869565217391305, 0.07629948109388351, 0.07572419941425323, 0.3396103400345286, 0.3395845607407462, 0.3726036307004852, 0.624509223054011, 0.3945047621216093, 0.3945047621216093, 0.4665970504283905, 0.0, 0.0, 0.0, 0.569043669104576, 0.11349132657051086, 0.11762160062789917, 0.8198879361152649, 0.8198879361152649, 0.10145623236894608, 0.45941750705242157, 0.10591375827789307, 0.4837612842404565, 0.06861565262079239, 0.0]
[0.4642857142857143, 0.5, 0.3333333333333333, 0.42424242424242425, 0.6153846153846154, 0.5869565217391305, 0.057854004204273224, 0.05714588239789009, 0.34068408978828735, 0.3406584130646394, 0.32922091994641156, 0.6688985172188254, 0.36467949194567545, 0.36467949194567545, 0.44853976368904114, 0.0, 0.0, 0.0, 0.5838262587785721, 0.11507844924926758, 0.12001222372055054, 0.8407936096191406, 0.8407936096191406, 0.09892965108156204, 0.46042813956737516, 0.10375838726758957, 0.5113571397093839, 0.06584233045578003, 0.0]
[0.4642857142857143, 0.5, 0.3333333333333333, 0.42424242424242425, 0.6153846153846154, 0.5869565217391305, 0.058818962424993515, 0.058149464428424835, 0.33316291814552434, 0.33313687672806513, 0.30284255959563683, 0.6964369229964449, 0.3609656861850194, 0.3609656861850194, 0.4008167088031769, 0.0, 0.0, 0.0, 0.5888955920934676, 0.10795387625694275, 0.1123913824558258, 0.8479470610618591, 0.8479470610618591, 0.09629462659358978, 0.4614821493625641, 0.1024937778711319, 0.5106069112932959, 0.062191758304834366, 0.0]
[0.4642857142857143, 0.5, 0.3333333333333333, 0.42424242424242425, 0.6153846153846154, 0.5869565217391305, 0.056146856397390366, 0.055582430213689804, 0.3330170520177079, 0.3329911359637463, 0.27855133052993686, 0.72199552003963, 0.3644408179180963, 0.3644408179180963, 0.39815929532051086, 0.0, 0.0, 0.0, 0.5905140995979309, 0.1067759096622467, 0.11178860068321228, 0.8509719967842102, 0.8509719967842102, 0.09533662348985672, 0.4618653506040573, 0.1028863936662674, 0.5099846180095229, 0.06101848557591438, 0.0]
[0.4642857142857143, 0.5, 0.3333333333333333, 0.42424242424242425, 0.6153846153846154, 0.5869565217391305, 0.04964093491435051, 0.04927003011107445, 0.3290329088900331, 0.32900689026593705, 0.2712930803317185, 0.7297458219659894, 0.36381278719220844, 0.36381278719220844, 0.39400210976600647, 0.0, 0.0, 0.0, 0.591375309228897, 0.10646462440490723, 0.1119537353515625, 0.8530835509300232, 0.8530835509300232, 0.09456302970647812, 0.46217478811740875, 0.1037733182311058, 0.5064009164654931, 0.05971847102046013, 0.0]
[0.4642857142857143, 0.5, 0.3333333333333333, 0.42424242424242425, 0.6153846153846154, 0.5869565217391305, 0.05144120752811432, 0.05104405805468559, 0.32718733027150027, 0.32716111790381697, 0.27805350068422396, 0.7226248334009784, 0.3612819633313588, 0.3612819633313588, 0.3996892273426056, 0.0, 0.0, 0.0, 0.5909730345010757, 0.11304283142089844, 0.12071877717971802, 0.85312819480896, 0.85312819480896, 0.09553433209657669, 0.46178626716136933, 0.10524258762598038, 0.5010004861410274, 0.0596698597073555, 0.0]
[0.4642857142857143, 0.5, 0.3333333333333333, 0.42424242424242425, 0.6153846153846154, 0.5869565217391305, 0.06229434534907341, 0.06163531541824341, 0.3191758961796077, 0.31915028783604926, 0.3067544705553219, 0.6928852953322253, 0.360255486198834, 0.360255486198834, 0.4120293855667114, 0.0, 0.0, 0.0, 0.5897218376398086, 0.11605659127235413, 0.127677321434021, 0.8519698977470398, 0.8519698977470398, 0.0984102115035057, 0.4606359153985977, 0.10781114548444748, 0.4949518553046293, 0.061649542301893234, 0.0]
[0.4642857142857143, 0.5, 0.3333333333333333, 0.42424242424242425, 0.6153846153846154, 0.5869565217391305, 0.21159628033638, 0.21111148595809937, 0.29650851189520344, 0.29648154734653454, 0.38130468939276085, 0.6168350281673859, 0.407406964472362, 0.407406964472362, 0.449864000082016, 0.0, 0.0, 0.0, 0.549142137169838, 0.1339207887649536, 0.1424982249736786, 0.7927316427230835, 0.7927316427230835, 0.10495508462190628, 0.45801796615123747, 0.1117219403386116, 0.4851263207058574, 0.06909734010696411, 0.0]
[0.4642857142857143, 0.5, 0.3333333333333333, 0.42424242424242425, 0.6153846153846154, 0.5869565217391305, 0.47139135003089905, 0.47101497650146484, 0.2367542742771127, 0.23672466569831224, 0.4529453183223367, 0.5467166753680888, 0.45525186828204567, 0.45525186828204567, 0.4627745747566223, 0.0, 0.0, 0.0, 0.49606755375862116, 0.13651859760284424, 0.1405339539051056, 0.7134767174720764, 0.7134767174720764, 0.14569301903247833, 0.4417227923870087, 0.1521906703710556, 0.4645682074302851, 0.08676708489656448, 0.0]
[0.4642857142857143, 0.5, 0.3333333333333333, 0.42424242424242425, 0.6153846153846154, 0.5869565217391305, 0.21148577332496643, 0.2113257646560669, 0.28471121414213746, 0.28468377093284125, 0.5047985033397465, 0.49322404386841723, 0.4215742009026664, 0.4215742009026664, 0.47223058342933655, 0.0, 0.0, 0.0, 0.5463524788618087, 0.1456509232521057, 0.14122095704078674, 0.7808724641799927, 0.7808724641799927, 0.1291561722755432, 0.4483375310897827, 0.13268069922924042, 0.4652489687121192, 0.08338141441345215, 0.0]
[0.4642857142857143, 0.5, 0.3333333333333333, 0.42424242424242425, 0.6153846153846154, 0.5869565217391305, 0.14490897953510284, 0.1446315050125122, 0.29265773273562834, 0.29263063142678025, 0.5416024123277536, 0.4564307861478055, 0.3888104643140521, 0.3888104643140521, 0.4192526936531067, 0.0, 0.0, 0.0, 0.5692516177892685, 0.14118432998657227, 0.12946906685829163, 0.8095419406890869, 0.8095419406890869, 0.12031269818544388, 0.45187492072582247, 0.12483054399490356, 0.4707192820171977, 0.0738997533917427, 0.06950083654373884]
[0.4642857142857143, 0.5, 0.3333333333333333, 0.42424242424242425, 0.6153846153846154, 0.5869565217391305, 0.12872062623500824, 0.12833569943904877, 0.2977942171333853, 0.29776738934489555, 0.5598660105728966, 0.4382938335269582, 0.38622085537229267, 0.38622085537229267, 0.4116790294647217, 0.0, 0.0, 0.0, 0.5714072078466415, 0.1409112811088562, 0.12825354933738708, 0.8122482895851135, 0.8122482895851135, 0.11574816703796387, 0.45370073318481446, 0.12113950401544571, 0.47340402769487955, 0.07031787186861038, 0.10730472393333912]
[0.4642857142857143, 0.5, 0.3333333333333333, 0.42424242424242425, 0.6153846153846154, 0.5869565217391305, 0.14122632145881653, 0.14072352647781372, 0.2953121794341399, 0.29528516929874454, 0.5686235854092337, 0.4296925299887397, 0.3823986010892051, 0.3823986010892051, 0.4053862988948822, 0.0, 0.0, 0.0, 0.5686450868844986, 0.14522141218185425, 0.12893712520599365, 0.807141900062561, 0.807141900062561, 0.1128382459282875, 0.454864701628685, 0.11956632882356644, 0.47546369391818377, 0.06682581454515457, 0.11762712150812149]
[0.4642857142857143, 0.5, 0.3333333333333333, 0.42424242424242425, 0.6153846153846154, 0.5869565217391305, 0.17246036231517792, 0.17198346555233002, 0.2898001515842532, 0.28977284513513624, 0.5976543695475358, 0.4015427948133389, 0.36901504865714485, 0.36901504865714485, 0.4050387740135193, 0.0, 0.0, 0.0, 0.565931949019432, 0.14922910928726196, 0.13130560517311096, 0.8012471199035645, 0.8012471199035645, 0.11150407046079636, 0.45539837181568144, 0.11910087615251541, 0.4777516597925231, 0.06553102284669876, 0.13024558313190937]
[0.4642857142857143, 0.5, 0.3333333333333333, 0.42424242424242425, 0.6153846153846154, 0.5869565217391305, 0.26305514574050903, 0.2626473605632782, 0.2666260252491238, 0.26659773868538905, 0.6276246220386279, 0.373333876670382, 0.3657849239451545, 0.3657849239451545, 0.3706650733947754, 0.0, 0.0, 0.0, 0.5575409650802612, 0.14823821187019348, 0.1314682960510254, 0.7861376404762268, 0.7861376404762268, 0.11226262152194977, 0.4550949513912201, 0.12024496495723724, 0.4785625186077384, 0.06592906266450882, 0.1472104713320732]
[0.4642857142857143, 0.5, 0.3333333333333333, 0.42424242424242425, 0.6153846153846154, 0.5869565217391305, 0.8088486790657043, 0.809346616268158, 0.20131941552827737, 0.20128859890122713, 0.5910537705594677, 0.41170556909444866, 0.43501630425453186, 0.43501630425453186, 0.3714711368083954, 0.0, 0.0, 0.0, 0.5220981270074844, 0.1490551233291626, 0.1315571367740631, 0.7310914397239685, 0.7310914397239685, 0.12314260005950928, 0.4507429599761963, 0.1375729888677597, 0.48766485480375066, 0.0673348605632782, 0.16076821833848953]
[0.4642857142857143, 0.5, 0.3333333333333333, 0.42424242424242425, 0.6153846153846154, 0.5869565217391305, 0.23177634179592133, 0.23133538663387299, 0.2764111248986443, 0.2763835905158953, 0.6566505454922269, 0.3453698162316314, 0.38408047386578154, 0.38408047386578154, 0.3770067095756531, 0.0, 0.0, 0.0, 0.5439956575632094, 0.1543692946434021, 0.1392599642276764, 0.765075147151947, 0.765075147151947, 0.1260451227426529, 0.44958195090293884, 0.13909003138542175, 0.5077986592470214, 0.06913048774003983, 0.17721161246299744]
[0.4642857142857143, 0.5, 0.3333333333333333, 0.42424242424242425, 0.6153846153846154, 0.5869565217391305, 0.08453478664159775, 0.08323979377746582, 0.36064932086499657, 0.3606271315259186, 0.493825613398169, 0.5045836406678994, 0.3838346259934562, 0.3838346259934562, 0.4646761119365692, 0.0, 0.0, 0.0, 0.5464014619588852, 0.17550945281982422, 0.1567842662334442, 0.7691136002540588, 0.7691136002540588, 0.12108980119228363, 0.4515640795230865, 0.13172921538352966, 0.5188043034353922, 0.07128483802080154, 0.17825977876782417]
[0.4642857142857143, 0.5, 0.3333333333333333, 0.42424242424242425, 0.6153846153846154, 0.5869565217391305, 0.010432635433971882, 0.010442808270454407, 0.3762161622311827, 0.3761949416100409, 0.42974859806593246, 0.5686412125490313, 0.36918220775468014, 0.36918220775468014, 0.4693384915590286, 0.0, 0.0, 0.0, 0.552309787273407, 0.17495253682136536, 0.15439286828041077, 0.7827991843223572, 0.7827991843223572, 0.11636603623628616, 0.45345358550548553, 0.12591968476772308, 0.5101130729497865, 0.07294069975614548, 0.172899030148983]
[0.4642857142857143, 0.5, 0.3333333333333333, 0.42424242424242425, 0.6153846153846154, 0.5869565217391305, 0.0, 0.0, 0.3815056584761202, 0.38148482534215283, 0.3902191281546598, 0.6085994441417567, 0.3715189759220396, 0.3715189759220396, 0.4703267812728882, 0.0, 0.0, 0.0, 0.555615958571434, 0.17101973295211792, 0.14776834845542908, 0.7904127240180969, 0.7904127240180969, 0.11322645843029022, 0.4547094166278839, 0.12208521366119385, 0.48986195824867074, 0.07247167080640793, 0.156702920794487]
[0.4642857142857143, 0.5, 0.3333333333333333, 0.42424242424242425, 0.6153846153846154, 0.5869565217391305, 0.8704056143760681, 0.8699712753295898, 0.25270363386456873, 0.2526748002601171, 0.5270440148805797, 0.47258216331332814, 0.5079808192593711, 0.5079808192593711, 0.4690507799386978, 0.0, 0.0, 0.0, 0.5224591165781021, 0.15888750553131104, 0.14286261796951294, 0.7394769191741943, 0.7394769191741943, 0.11276285350322723, 0.4548948585987091, 0.12179749459028244, 0.4834431617758995, 0.06871313601732254, 0.13682938180863857]
[0.4642857142857143, 0.5, 0.3333333333333333, 0.42424242424242425, 0.6153846153846154, 0.5869565217391305, 0.35241425037384033, 0.35231927037239075, 0.26256486334718665, 0.2625361665029142, 0.48693383275664787, 0.5113933231766269, 0.46570377690451487, 0.46570377690451487, 0.4209749400615692, 0.0, 0.0, 0.0, 0.5314934521913528, 0.1436348259449005, 0.1341271698474884, 0.7570539116859436, 0.7570539116859436, 0.11836708337068558, 0.4526531666517258, 0.12781770527362823, 0.45622144327607267, 0.06848790496587753, 0.08869710378348827]
[0.4642857142857143, 0.5, 0.3333333333333333, 0.42424242424242425, 0.6153846153846154, 0.5869565217391305, 0.18119266629219055, 0.1809791475534439, 0.30585399594863105, 0.30582746447386294, 0.433354981086906, 0.5637575991472318, 0.4090495833328792, 0.4090495833328792, 0.4238080680370331, 0.0, 0.0, 0.0, 0.5440059214830398, 0.14650577306747437, 0.14486059546470642, 0.7783273458480835, 0.7783273458480835, 0.11815095692873001, 0.452739617228508, 0.12597496807575226, 0.47626794077629264, 0.06611277908086777, 0.0]
[0.4642857142857143, 0.5, 0.3333333333333333, 0.42424242424242425, 0.6153846153846154, 0.5869565217391305, 0.13267698884010315, 0.1322711855173111, 0.32033950876779355, 0.32031387763087193, 0.386436649307922, 0.6110239399955966, 0.38916274905204773, 0.38916274905204773, 0.4563462734222412, 0.0, 0.0, 0.0, 0.5451301962137222, 0.14756742119789124, 0.14571735262870789, 0.7809640169143677, 0.7809640169143677, 0.11269007623195648, 0.4549239695072174, 0.11942411959171295, 0.49641858699709873, 0.06223873794078827, 0.0]
[0.4642857142857143, 0.5, 0.3333333333333333, 0.42424242424242425, 0.6153846153846154, 0.5869565217391305, 0.1016116812825203, 0.10129054635763168, 0.3239469003950889, 0.3239215769685705, 0.3398203466863978, 0.6587003334479802, 0.37356071174144745, 0.37356071174144745, 0.41059359908103943, 0.0, 0.0, 0.0, 0.5543543100357056, 0.14620044827461243, 0.1459904909133911, 0.7961881756782532, 0.7961881756782532, 0.10746163874864578, 0.4570153445005417, 0.11397265642881393, 0.519375364447749, 0.056871626526117325, 0.0]
[0.4642857142857143, 0.5, 0.3333333333333333, 0.42424242424242425, 0.6153846153846154, 0.5869565217391305, 0.08278167992830276, 0.08245035260915756, 0.32638940300585895, 0.3263643758930622, 0.30924667409455575, 0.6905151616496241, 0.36916843482426237, 0.36916843482426237, 0.3990136384963989, 0.0, 0.0, 0.0, 0.5640744924545288, 0.13600608706474304, 0.1430392563343048, 0.8108171820640564, 0.8108171820640564, 0.10559837520122528, 0.4577606499195099, 0.11243471503257751, 0.5209335823391759, 0.055167049169540405, 0.0]
[0.4642857142857143, 0.5, 0.3333333333333333, 0.42424242424242425, 0.6153846153846154, 0.5869565217391305, 0.08231376111507416, 0.08182509988546371, 0.3254392844541123, 0.3254157275132422, 0.3129442134733182, 0.6866815003058144, 0.36936965371881214, 0.36936965371881214, 0.4356294572353363, 0.0, 0.0, 0.0, 0.572188726067543, 0.13976657390594482, 0.14443305134773254, 0.8216872811317444, 0.8216872811317444, 0.1031142920255661, 0.45875428318977357, 0.11019207537174225, 0.5181652515433556, 0.054114893078804016, 0.0]
[0.4642857142857143, 0.5, 0.3333333333333333, 0.42424242424242425, 0.6153846153846154, 0.5869565217391305, 0.06685715913772583, 0.06643541902303696, 0.3323807296971746, 0.3323573437065285, 0.36952413336496737, 0.6280262446945479, 0.4065461031028203, 0.4065461031028203, 0.49191975593566895, 0.0, 0.0, 0.0, 0.5686626732349396, 0.14127084612846375, 0.14491745829582214, 0.8200235962867737, 0.8200235962867737, 0.10222718864679337, 0.45910912454128266, 0.10856910049915314, 0.5135496272597202, 0.06277944892644882, 0.0]
[0.4642857142857143, 0.5, 0.3333333333333333, 0.42424242424242425, 0.6153846153846154, 0.5869565217391305, 0.07167158275842667, 0.07094806432723999, 0.32162704887171323, 0.32160324120384787, 0.44051525401339703, 0.5566489371618116, 0.39932504296302795, 0.39932504296302795, 0.4384813904762268, 0.0, 0.0, 0.0, 0.5453591108322143, 0.14355450868606567, 0.14181968569755554, 0.7865403294563293, 0.7865403294563293, 0.1037326529622078, 0.4585069388151169, 0.10896061360836029, 0.5060306052828945, 0.06844242662191391, 0.0]
[0.4642857142857143, 0.5, 0.3333333333333333, 0.42424242424242425, 0.6153846153846154, 0.5869565217391305, 0.4986715018749237, 0.4983214735984802, 0.2429909259365804, 0.24296307244674653, 0.4949722602450597, 0.5039674904738005, 0.4869038718087333, 0.4869038718087333, 0.4546423852443695, 0.0, 0.0, 0.0, 0.5577973335981369, 0.143199622631073, 0.13565900921821594, 0.7982583045959473, 0.7982583045959473, 0.10975326597690582, 0.45609869360923766, 0.1166788712143898, 0.45332845151424406, 0.06910669058561325, 0.0]
[0.4642857142857143, 0.5, 0.3333333333333333, 0.42424242424242425, 0.6153846153846154, 0.5869565217391305, 0.6250618696212769, 0.6248975396156311, 0.22609776155898492, 0.2260692014748918, 0.5433642623757313, 0.4566440636472943, 0.531748639685767, 0.531748639685767, 0.4752623736858368, 0.0, 0.0, 0.0, 0.540554866194725, 0.14454808831214905, 0.13165494799613953, 0.7662991881370544, 0.7662991881370544, 0.11885672062635422, 0.4524573117494583, 0.1302272528409958, 0.4591093714847121, 0.07001868635416031, 0.06772266235202551]
[0.4642857142857143, 0.5, 0.3333333333333333, 0.42424242424242425, 0.6153846153846154, 0.5869565217391305, 0.18685734272003174, 0.1867288202047348, 0.310257388802377, 0.310232885936934, 0.5790565066310234, 0.4192658655451492, 0.43041239891733446, 0.43041239891733446, 0.42570754885673523, 0.0, 0.0, 0.0, 0.5683170586824416, 0.14578500390052795, 0.13031554222106934, 0.8055808544158936, 0.8055808544158936, 0.11833702772855759, 0.452665188908577, 0.12943962216377258, 0.48566939525826036, 0.07003448158502579, 0.1277608424425125]
[0.4642857142857143, 0.5, 0.3333333333333333, 0.42424242424242425, 0.6153846153846154, 0.5869565217391305, 0.12068964540958405, 0.12039149552583694, 0.3184712963396003, 0.3184472607381029, 0.588018646203765, 0.4103427653052333, 0.41597113013267517, 0.41597113013267517, 0.4218541383743286, 0.0, 0.0, 0.0, 0.5738785177469253, 0.1526200771331787, 0.13338032364845276, 0.8139828443527222, 0.8139828443527222, 0.11331585049629211, 0.45467365980148317, 0.12336722761392593, 0.5009297506753788, 0.06799113005399704, 0.1439123321324587]
[0.4642857142857143, 0.5, 0.3333333333333333, 0.42424242424242425, 0.6153846153846154, 0.5869565217391305, 0.11773072183132172, 0.11740297079086304, 0.3182694611084393, 0.3182453229368075, 0.5700813691429153, 0.4278417658800782, 0.4100922388689859, 0.4100922388689859, 0.4543798863887787, 0.0, 0.0, 0.0, 0.5725416630506515, 0.15812072157859802, 0.13894623517990112, 0.8137750625610352, 0.8137750625610352, 0.10853036493062973, 0.4565878540277481, 0.11776798218488693, 0.4801043521526248, 0.0660538300871849, 0.09522245265543461]
[0.4642857142857143, 0.5, 0.3333333333333333, 0.42424242424242425, 0.6153846153846154, 0.5869565217391305, 0.1294131726026535, 0.12895821034908295, 0.3174087039371294, 0.31738454297213436, 0.4765952874551995, 0.520323298464719, 0.4102115545954023, 0.4102115545954023, 0.42929333448410034, 0.0, 0.0, 0.0, 0.5582374513149261, 0.15811777114868164, 0.14451974630355835, 0.7980623841285706, 0.7980623841285706, 0.10689090192317963, 0.45724363923072814, 0.11413554102182388, 0.485762357711792, 0.06467419862747192, 0.0]
[0.4642857142857143, 0.5, 0.3333333333333333, 0.42424242424242425, 0.6153846153846154, 0.5869565217391305, 0.10190632194280624, 0.10168252885341644, 0.3279132305094207, 0.32788969636191373, 0.3903551019628463, 0.6070320129343879, 0.37477821111679077, 0.37477821111679077, 0.4644758403301239, 0.0, 0.0, 0.0, 0.5568306267261505, 0.15756726264953613, 0.1549621820449829, 0.7985993027687073, 0.7985993027687073, 0.10701239854097366, 0.45719504058361055, 0.1127486452460289, 0.5150890904803609, 0.06237112730741501, 0.0]
[0.4642857142857143, 0.5, 0.3333333333333333, 0.42424242424242425, 0.6153846153846154, 0.5869565217391305, 0.09476873278617859, 0.09428492933511734, 0.32691158756015404, 0.32688797363587596, 0.3321137168439351, 0.666665838913019, 0.3516707356487002, 0.3516707356487002, 0.4311749041080475, 0.0, 0.0, 0.0, 0.5640859454870224, 0.14275547862052917, 0.15163826942443848, 0.8133537769317627, 0.8133537769317627, 0.10455227643251419, 0.4581790894269943, 0.1097460389137268, 0.5350590930428616, 0.05905397981405258, 0.0]
[0.4642857142857143, 0.5, 0.3333333333333333, 0.42424242424242425, 0.6153846153846154, 0.5869565217391305, 0.08570422977209091, 0.08518253266811371, 0.3327589627661623, 0.332735667948969, 0.3373625611256003, 0.6610428871611058, 0.3485844390732902, 0.3485844390732902, 0.4387706220149994, 0.0, 0.0, 0.0, 0.5685607433319091, 0.1444050371646881, 0.1510910987854004, 0.8189719915390015, 0.8189719915390015, 0.10183868557214737, 0.4592645257711411, 0.10718519240617752, 0.5362663677958555, 0.05662986636161804, 0.0]
[0.4642857142857143, 0.5, 0.3333333333333333, 0.42424242424242425, 0.6153846153846154, 0.5869565217391305, 0.07569308578968048, 0.07520780712366104, 0.33038730192822663, 0.3303638817475357, 0.3984611285120306, 0.5987290346321088, 0.3979740611144475, 0.3979740611144475, 0.4838225543498993, 0.0, 0.0, 0.0, 0.5520969569683074, 0.1470625400543213, 0.15146729350090027, 0.7960463166236877, 0.7960463166236877, 0.10269654542207718, 0.45892138183116915, 0.10779673606157303, 0.5155099062032478, 0.061448968946933746, 0.0]
[0.4642857142857143, 0.5, 0.3333333333333333, 0.42424242424242425, 0.6153846153846154, 0.5869565217391305, 0.08112767338752747, 0.08066179603338242, 0.3207913302098816, 0.32076741997188185, 0.46914077500312323, 0.5278787285323758, 0.3716952673026494, 0.3716952673026494, 0.4388006329536438, 0.0, 0.0, 0.0, 0.5470811545848846, 0.14991721510887146, 0.14563092589378357, 0.7869470715522766, 0.7869470715522766, 0.1028275191783905, 0.4588689923286438, 0.10772402584552765, 0.49999746472336526, 0.06138769909739494, 0.0]
[0.4642857142857143, 0.5, 0.3333333333333333, 0.42424242424242425, 0.6153846153846154, 0.5869565217391305, 0.08360899984836578, 0.08319733291864395, 0.3261482150331282, 0.32612454412544206, 0.537167858097339, 0.46003614916577573, 0.3879124139036451, 0.3879124139036451, 0.44572019577026367, 0.0, 0.0, 0.0, 0.5622859001159668, 0.1594323217868805, 0.1462312936782837, 0.8028467893600464, 0.8028467893600464, 0.10112013667821884, 0.45955194532871246, 0.10625991225242615, 0.4945273801337841, 0.060360416769981384, 0.0]
[0.4642857142857143, 0.5, 0.3333333333333333, 0.42424242424242425, 0.6153846153846154, 0.5869565217391305, 0.08724983036518097, 0.08688890188932419, 0.320390075844059, 0.32036606303592485, 0.5859365237602541, 0.4120896372644163, 0.3874070729528155, 0.3874070729528155, 0.40413767099380493, 0.0, 0.0, 0.0, 0.5714501827955245, 0.16209280490875244, 0.14489516615867615, 0.8135653734207153, 0.8135653734207153, 0.10176344215869904, 0.45929462313652036, 0.10794814676046371, 0.5140232554701871, 0.05969646945595741, 0.14382606372237206]
[0.4642857142857143, 0.5, 0.3333333333333333, 0.42424242424242425, 0.6153846153846154, 0.5869565217391305, 0.0952087864279747, 0.09480860829353333, 0.31787014417848897, 0.317845926230086, 0.6100504147618953, 0.3884930701323672, 0.37234715053013395, 0.37234715053013395, 0.40291956067085266, 0.0, 0.0, 0.0, 0.5809580564498901, 0.16137763857841492, 0.14285734295845032, 0.8240405321121216, 0.8240405321121216, 0.10267837345600128, 0.45892865061759947, 0.10916117578744888, 0.5245008163673933, 0.06067585572600365, 0.16611047089099884]
[0.4642857142857143, 0.5, 0.3333333333333333, 0.42424242424242425, 0.6153846153846154, 0.5869565217391305, 0.0911010280251503, 0.09066034108400345, 0.3255242923021773, 0.3255005188243567, 0.6315750651788073, 0.3676306352965868, 0.37024507565157755, 0.37024507565157755, 0.4401790201663971, 0.0, 0.0, 0.0, 0.5907694458961487, 0.15721756219863892, 0.13871058821678162, 0.8376374840736389, 0.8376374840736389, 0.1023363545536995, 0.4590654581785202, 0.10879433155059814, 0.5259429299554159, 0.06448742002248764, 0.17153186723589897]
[0.4642857142857143, 0.5, 0.3333333333333333, 0.42424242424242425, 0.6153846153846154, 0.5869565217391305, 0.0854836106300354, 0.08505983650684357, 0.32237268816216724, 0.3223487437341227, 0.6263516127037501, 0.37269105824133586, 0.37553542426654274, 0.37553542426654274, 0.43653780221939087, 0.0, 0.0, 0.0, 0.5904126286506652, 0.1531428098678589, 0.13588091731071472, 0.8371741771697998, 0.8371741771697998, 0.10235334932804108, 0.45905866026878356, 0.10839534550905228, 0.5259257970854294, 0.0668134093284607, 0.17762836068868637]
[0.4642857142857143, 0.5, 0.3333333333333333, 0.42424242424242425, 0.6153846153846154, 0.5869565217391305, 0.09175135940313339, 0.09115605801343918, 0.31420206522166616, 0.31417776749649196, 0.5565037102817805, 0.44128352501145696, 0.38987570575305397, 0.38987570575305397, 0.4736406058073044, 0.0, 0.0, 0.0, 0.5762942939996719, 0.15521356463432312, 0.13930538296699524, 0.8232892155647278, 0.8232892155647278, 0.10288266837596893, 0.4588469326496124, 0.10793012380599976, 0.49347329278324925, 0.07110140472650528, 0.012251082807779312]
[0.4642857142857143, 0.5, 0.3333333333333333, 0.42424242424242425, 0.6153846153846154, 0.5869565217391305, 0.10570935904979706, 0.10477212816476822, 0.314599364938973, 0.314575033023754, 0.4853212208296555, 0.5116311377316036, 0.3995817261082786, 0.3995817261082786, 0.43479692935943604, 0.0, 0.0, 0.0, 0.5732449084520339, 0.15339916944503784, 0.13972359895706177, 0.8198647499084473, 0.8198647499084473, 0.10471700876951218, 0.4581131964921951, 0.10854104906320572, 0.4875400385191274, 0.07102645933628082, 0.0]
[0.4642857142857143, 0.5, 0.3333333333333333, 0.42424242424242425, 0.6153846153846154, 0.5869565217391305, 0.09324498474597931, 0.09289003163576126, 0.32017588661004204, 0.32015175983509186, 0.4169596921417499, 0.5799539276741609, 0.3824959376028606, 0.3824959376028606, 0.4758145213127136, 0.0, 0.0, 0.0, 0.5732667088508605, 0.15090411901474, 0.14402088522911072, 0.8211302161216736, 0.8211302161216736, 0.10554473102092743, 0.457782107591629, 0.10826563090085983, 0.5144001578175744, 0.06962712854146957, 0.0]
[0.4642857142857143, 0.5, 0.3333333333333333, 0.42424242424242425, 0.6153846153846154, 0.5869565217391305, 0.07909802347421646, 0.0786542221903801, 0.32426563138943554, 0.3242417781348438, 0.4006700219433349, 0.5963522395891118, 0.3745288934026446, 0.3745288934026446, 0.4844631254673004, 0.0, 0.0, 0.0, 0.5736239224672317, 0.14933574199676514, 0.145699143409729, 0.8233193159103394, 0.8233193159103394, 0.10379984229803085, 0.45848006308078765, 0.10650996118783951, 0.5127158968947655, 0.06825412809848785, 0.0]
[0.4642857142857143, 0.5, 0.3333333333333333, 0.42424242424242425, 0.6153846153846154, 0.5869565217391305, 0.07976610213518143, 0.07904766499996185, 0.3184883229819128, 0.31846417341359945, 0.4438739130647415, 0.553076255909065, 0.38016791854585924, 0.38016791854585924, 0.43703392148017883, 0.0, 0.0, 0.0, 0.547399377822876, 0.1378389298915863, 0.13571396470069885, 0.788669228553772, 0.788669228553772, 0.10479916632175446, 0.45808033347129823, 0.1074579581618309, 0.5070635676383972, 0.06900593638420105, 0.0]
[0.4642857142857143, 0.5, 0.3333333333333333, 0.42424242424242425, 0.6153846153846154, 0.5869565217391305, 0.08470609039068222, 0.08410681039094925, 0.3140962242396338, 0.314071915117778, 0.5223157596177854, 0.4749847091584037, 0.375389467392649, 0.375389467392649, 0.4551922380924225, 0.0, 0.0, 0.0, 0.568948894739151, 0.1479097604751587, 0.1368318796157837, 0.8129942417144775, 0.8129942417144775, 0.10402346402406693, 0.4583906143903732, 0.10694719851016998, 0.4962367997613064, 0.06919562071561813, 0.0]
[0.4642857142857143, 0.5, 0.3333333333333333, 0.42424242424242425, 0.6153846153846154, 0.5869565217391305, 0.08991362899541855, 0.08940189331769943, 0.3114043850287881, 0.311379939146753, 0.5803335446928473, 0.41798938022238297, 0.3740793360131128, 0.3740793360131128, 0.42211994528770447, 0.0, 0.0, 0.0, 0.5771334737539291, 0.15587404370307922, 0.13828611373901367, 0.8221197128295898, 0.8221197128295898, 0.1034010723233223, 0.4586395710706711, 0.10763875395059586, 0.5014008006384206, 0.0683036521077156, 0.08445641957223415]
[0.4642857142857143, 0.5, 0.3333333333333333, 0.42424242424242425, 0.6153846153846154, 0.5869565217391305, 0.10718075186014175, 0.10655887424945831, 0.31735676925907175, 0.3173326994675295, 0.6527105986958024, 0.3475914397562845, 0.35021269960062845, 0.35021269960062845, 0.42015066742897034, 0.0, 0.0, 0.0, 0.578123253583908, 0.15718141198158264, 0.13861635327339172, 0.8199892044067383, 0.8199892044067383, 0.10317150503396988, 0.45873139798641205, 0.10919377952814102, 0.5301725136679273, 0.06829731166362762, 0.15620218589901924]
[0.4642857142857143, 0.5, 0.3333333333333333, 0.42424242424242425, 0.6153846153846154, 0.5869565217391305, 0.11717624217271805, 0.11669997870922089, 0.3098151975562422, 0.30979076307088876, 0.690496114198382, 0.31146363997272, 0.3617395354168756, 0.3617395354168756, 0.42797547578811646, 0.0, 0.0, 0.0, 0.5772185266017913, 0.1587449610233307, 0.14139264822006226, 0.8164079785346985, 0.8164079785346985, 0.10344482213258743, 0.458622071146965, 0.10999439656734467, 0.5420128966486731, 0.07075359672307968, 0.19250009208917618]
[0.4642857142857143, 0.5, 0.3333333333333333, 0.42424242424242425, 0.6153846153846154, 0.5869565217391305, 0.12587594985961914, 0.1252739429473877, 0.31292882795315624, 0.31290445045121085, 0.6506089708317306, 0.3496129147586535, 0.3481827144111906, 0.3481827144111906, 0.4298611283302307, 0.0, 0.0, 0.0, 0.576402148604393, 0.16051697731018066, 0.14522689580917358, 0.8145259022712708, 0.8145259022712708, 0.10319150984287262, 0.45872339606285095, 0.10974773019552231, 0.5485630277977434, 0.07157828658819199, 0.19761323928833008]
[0.4642857142857143, 0.5, 0.3333333333333333, 0.42424242424242425, 0.6153846153846154, 0.5869565217391305, 0.11534038186073303, 0.11494556814432144, 0.31283156867236983, 0.3128071683770612, 0.5601440383189039, 0.4377055710127381, 0.34519112535885405, 0.34519112535885405, 0.40278783440589905, 0.0, 0.0, 0.0, 0.5669811636209487, 0.1594645380973816, 0.1437966227531433, 0.8066235184669495, 0.8066235184669495, 0.10364776849746704, 0.45854089260101316, 0.11047206073999405, 0.5076327157575031, 0.06925668567419052, 0.14355872757732868]
[0.4642857142857143, 0.5, 0.3333333333333333, 0.42424242424242425, 0.6153846153846154, 0.5869565217391305, 0.11446406692266464, 0.11404762417078018, 0.310966832232065, 0.3109422495898507, 0.5129499538564773, 0.4841292184301311, 0.3570453077554703, 0.3570453077554703, 0.4084146320819855, 0.0, 0.0, 0.0, 0.5646127849817275, 0.15488183498382568, 0.1426488757133484, 0.8056088089942932, 0.8056088089942932, 0.10406368225812912, 0.45837452709674836, 0.1106063574552536, 0.49112613117972087, 0.06814522296190262, 0.030770027078688145]
[0.4642857142857143, 0.5, 0.3333333333333333, 0.42424242424242425, 0.6153846153846154, 0.5869565217391305, 0.11432389169931412, 0.11385658383369446, 0.3176575732732594, 0.31763362884521484, 0.42867271713271426, 0.5680545455702354, 0.36835116999489925, 0.36835116999489925, 0.43816959857940674, 0.0, 0.0, 0.0, 0.5575945168733596, 0.15484073758125305, 0.15107250213623047, 0.800236165523529, 0.800236165523529, 0.10823259502649307, 0.45670696198940275, 0.11361930519342422, 0.49141603846882664, 0.06670079380273819, 0.0]
[0.4642857142857143, 0.5, 0.3333333333333333, 0.42424242424242425, 0.6153846153846154, 0.5869565217391305, 0.09165765345096588, 0.09146498143672943, 0.3244543832301182, 0.3244309744461089, 0.37521735705563486, 0.6223271004277885, 0.3328937292098999, 0.3328937292098999, 0.4311857223510742, 0.0, 0.0, 0.0, 0.5622808724641799, 0.15398046374320984, 0.15307140350341797, 0.8082754611968994, 0.8082754611968994, 0.10709892213344574, 0.4571604311466217, 0.1123247817158699, 0.5216843097708946, 0.0632873997092247, 0.0]
[0.4642857142857143, 0.5, 0.3333333333333333, 0.42424242424242425, 0.6153846153846154, 0.5869565217391305, 0.09326092153787613, 0.09267405420541763, 0.32719664136036863, 0.32717354028676254, 0.3143042706622676, 0.6851340132912481, 0.33066669745104654, 0.33066669745104654, 0.4168245494365692, 0.0, 0.0, 0.0, 0.5662501513957977, 0.13872092962265015, 0.1475088894367218, 0.81537264585495, 0.81537264585495, 0.10464280098676682, 0.45814287960529326, 0.11043959856033325, 0.5293021680310716, 0.05918771028518677, 0.0]
[0.4642857142857143, 0.5, 0.3333333333333333, 0.42424242424242425, 0.6153846153846154, 0.5869565217391305, 0.07502426952123642, 0.07478353381156921, 0.32450616975131497, 0.32448306867770893, 0.2872842657406517, 0.7135243893986628, 0.3273375864539828, 0.3273375864539828, 0.41804859042167664, 0.0, 0.0, 0.0, 0.572775313258171, 0.12896409630775452, 0.13770121335983276, 0.8245935440063477, 0.8245935440063477, 0.10148127377033234, 0.4594074904918671, 0.1087677925825119, 0.515418149704157, 0.05843999981880188, 0.0]
[0.4642857142857143, 0.5, 0.3333333333333333, 0.42424242424242425, 0.6153846153846154, 0.5869565217391305, 0.09618586301803589, 0.09573552757501602, 0.31935672732657727, 0.3193332159724336, 0.28330566140023516, 0.7175446258169693, 0.3201327366488321, 0.3201327366488321, 0.4014463722705841, 0.0, 0.0, 0.0, 0.5776951521635055, 0.12847495079040527, 0.13712310791015625, 0.8325203061103821, 0.8325203061103821, 0.09846872091293335, 0.46061251163482664, 0.10755644738674164, 0.5062023706214372, 0.05670119449496269, 0.0]
[0.4642857142857143, 0.5, 0.3333333333333333, 0.42424242424242425, 0.6153846153846154, 0.5869565217391305, 0.9618142247200012, 0.9617284536361694, 0.2997570448122334, 0.2997330889875073, 0.37076754551772634, 0.6291825975965537, 0.4850751161575318, 0.4850751161575318, 0.3650664687156677, 0.0, 0.0, 0.0, 0.5184355556964874, 0.1332077980041504, 0.14483273029327393, 0.7489105463027954, 0.7489105463027954, 0.1330818086862564, 0.4467672765254974, 0.15629208087921143, 0.48861525086469426, 0.058958232402801514, 0.0]
[0.4642857142857143, 0.5, 0.3333333333333333, 0.42424242424242425, 0.6153846153846154, 0.5869565217391305, 0.25024038553237915, 0.24977651238441467, 0.28177558851515583, 0.2817499231881895, 0.3761514062863235, 0.6225571538425946, 0.3881919703313283, 0.3881919703313283, 0.44038861989974976, 0.0, 0.0, 0.0, 0.5446133285760879, 0.1464844048023224, 0.1554495394229889, 0.7829824686050415, 0.7829824686050415, 0.1396372765302658, 0.44414508938789365, 0.15878859162330627, 0.48610811316689784, 0.0698293000459671, 0.0]
[0.4642857142857143, 0.5, 0.3333333333333333, 0.42424242424242425, 0.6153846153846154, 0.5869565217391305, 0.1655353158712387, 0.16510336101055145, 0.30073996301362893, 0.3007154601481859, 0.443381046473866, 0.5541500495578552, 0.35674580505916054, 0.35674580505916054, 0.41962823271751404, 0.0, 0.0, 0.0, 0.5350705742835998, 0.1490032970905304, 0.15505993366241455, 0.7702076435089111, 0.7702076435089111, 0.132780060172081, 0.4468879759311676, 0.14057911932468414, 0.49649015415546505, 0.07227346301078796, 0.0]
[0.4642857142857143, 0.5, 0.3333333333333333, 0.42424242424242425, 0.6153846153846154, 0.5869565217391305, 0.13605733215808868, 0.13571341335773468, 0.3046745077829744, 0.30465005050425775, 0.4865333775831226, 0.5106537383732737, 0.34076863101550514, 0.34076863101550514, 0.4624701738357544, 0.0, 0.0, 0.0, 0.5276955097913741, 0.15481534600257874, 0.1529000997543335, 0.7576510906219482, 0.7576510906219482, 0.1251714825630188, 0.4499314069747925, 0.1302046775817871, 0.5139262800992921, 0.07333977520465851, 0.0]
[0.4642857142857143, 0.5, 0.3333333333333333, 0.42424242424242425, 0.6153846153846154, 0.5869565217391305, 0.12731580436229706, 0.12705253064632416, 0.3069381850627367, 0.30691361381720406, 0.533150955208401, 0.46420573909646873, 0.3398553175585611, 0.3398553175585611, 0.4208110272884369, 0.0, 0.0, 0.0, 0.5705593287944793, 0.15007132291793823, 0.13783591985702515, 0.81340092420578, 0.81340092420578, 0.11833835393190384, 0.45266465842723846, 0.12363364547491074, 0.506434600020564, 0.06926616281270981, 0.07491610012948513]
[0.4642857142857143, 0.5, 0.3333333333333333, 0.42424242424242425, 0.6153846153846154, 0.5869565217391305, 0.13060131669044495, 0.13039608299732208, 0.30887158650969, 0.30884722040442614, 0.5820379127279978, 0.4162757523834313, 0.3392403679234641, 0.3392403679234641, 0.41366809606552124, 0.0, 0.0, 0.0, 0.5798616737127303, 0.15188583731651306, 0.13619071245193481, 0.8255364298820496, 0.8255364298820496, 0.1126399114727974, 0.454944035410881, 0.11890416592359543, 0.5149630890336148, 0.06613141298294067, 0.1266802754253149]
[0.4642857142857143, 0.5, 0.3333333333333333, 0.42424242424242425, 0.6153846153846154, 0.5869565217391305, 0.1169990599155426, 0.11670178920030594, 0.3089674439986395, 0.30894305510001246, 0.6134563472485224, 0.3856569603291291, 0.3343690718923297, 0.3343690718923297, 0.4115821123123169, 0.0, 0.0, 0.0, 0.5815286010503768, 0.15410101413726807, 0.13981184363365173, 0.8271284103393555, 0.8271284103393555, 0.10893814265727997, 0.456424742937088, 0.11560436338186264, 0.5272507979426273, 0.06549899280071259, 0.145448949187994]
[0.4642857142857143, 0.5, 0.3333333333333333, 0.42424242424242425, 0.6153846153846154, 0.5869565217391305, 0.11394229531288147, 0.1135784462094307, 0.3036873728093864, 0.30366266480367454, 0.6459546572391663, 0.3542256988434622, 0.33019634229796274, 0.33019634229796274, 0.3791465163230896, 0.0, 0.0, 0.0, 0.5917008966207504, 0.1417638659477234, 0.1278504729270935, 0.8386287689208984, 0.8386287689208984, 0.10384540259838104, 0.45846183896064757, 0.11083156615495682, 0.5548686516839405, 0.06366296857595444, 0.16908815130591393]
[0.4642857142857143, 0.5, 0.3333333333333333, 0.42424242424242425, 0.6153846153846154, 0.5869565217391305, 0.13175901770591736, 0.13157323002815247, 0.30292233636684673, 0.30289749160095564, 0.627776562597738, 0.37160995762794424, 0.3318169606583459, 0.3318169606583459, 0.38174721598625183, 0.0, 0.0, 0.0, 0.5991883218288421, 0.1342467963695526, 0.11885219812393188, 0.8496082425117493, 0.8496082425117493, 0.10209408402442932, 0.4591623663902283, 0.10928204655647278, 0.5078704343285672, 0.06345073878765106, 0.17908474430441856]
[0.4642857142857143, 0.5, 0.3333333333333333, 0.42424242424242425, 0.6153846153846154, 0.5869565217391305, 0.11808382719755173, 0.11790289729833603, 0.31039647390464065, 0.31037207360933206, 0.542868144881429, 0.4544469771781291, 0.36655635706016, 0.36655635706016, 0.39566466212272644, 0.0, 0.0, 0.0, 0.5931359678506851, 0.12299874424934387, 0.11011424660682678, 0.8450955152511597, 0.8450955152511597, 0.10249993950128555, 0.45900002419948577, 0.10965254157781601, 0.4830901705941489, 0.06466936320066452, 0.11416040360927582]
[0.4642857142857143, 0.5, 0.3333333333333333, 0.42424242424242425, 0.6153846153846154, 0.5869565217391305, 0.11254584044218063, 0.11214402318000793, 0.3047173137190693, 0.30469262850672063, 0.488051096465346, 0.50898002171329, 0.39496400526591713, 0.39496400526591713, 0.4187677800655365, 0.0, 0.0, 0.0, 0.5689440548419952, 0.12378206849098206, 0.117373526096344, 0.8172580003738403, 0.8172580003738403, 0.1032230406999588, 0.4587107837200165, 0.10965120047330856, 0.4770813362542973, 0.06553775072097778, 0.0]
[0.4642857142857143, 0.5, 0.3333333333333333, 0.42424242424242425, 0.6153846153846154, 0.5869565217391305, 0.10930582135915756, 0.10849563032388687, 0.3220268558589724, 0.322003219141331, 0.4112673118055209, 0.5859058360929876, 0.43744881238256184, 0.43744881238256184, 0.4532226324081421, 0.0, 0.0, 0.0, 0.5533932566642761, 0.13813355565071106, 0.14343300461769104, 0.8026018142700195, 0.8026018142700195, 0.10965705662965775, 0.4561371773481369, 0.11414624005556107, 0.4701675370682118, 0.07418517768383026, 0.0]
[0.4642857142857143, 0.5, 0.3333333333333333, 0.42424242424242425, 0.6153846153846154, 0.5869565217391305, 0.1074577122926712, 0.1064213365316391, 0.33052170299435213, 0.3304985221439748, 0.36931340872215723, 0.6282527195513312, 0.4323263253484454, 0.4323263253484454, 0.48554596304893494, 0.0, 0.0, 0.0, 0.5653883785009384, 0.1462634801864624, 0.15478456020355225, 0.8204901814460754, 0.8204901814460754, 0.1115376427769661, 0.45538494288921355, 0.1154564619064331, 0.471347126849862, 0.07668095082044601, 0.0]
[0.4642857142857143, 0.5, 0.3333333333333333, 0.42424242424242425, 0.6153846153846154, 0.5869565217391305, 0.08640849590301514, 0.08514697104692459, 0.33524892115912064, 0.33522611639923616, 0.3272462511153795, 0.6715695916757934, 0.4063500889710018, 0.4063500889710018, 0.4975767582654953, 0.0, 0.0, 0.0, 0.5769732981920241, 0.1468258798122406, 0.15650635957717896, 0.8363916277885437, 0.8363916277885437, 0.11148790270090103, 0.45540483891963957, 0.11483694612979889, 0.4840742710024811, 0.07698449492454529, 0.0]
[0.4642857142857143, 0.5, 0.3333333333333333, 0.42424242424242425, 0.6153846153846154, 0.5869565217391305, 0.08029448986053467, 0.07909748703241348, 0.327915737779373, 0.32789254553231406, 0.3022623089485825, 0.6976225197834398, 0.3886976093053818, 0.3886976093053818, 0.4677331745624542, 0.0, 0.0, 0.0, 0.587686076760292, 0.1234225332736969, 0.13711482286453247, 0.8528914451599121, 0.8528914451599121, 0.1091153472661972, 0.4563538610935211, 0.11211343109607697, 0.4872488005216732, 0.07561615854501724, 0.0]
[0.4642857142857143, 0.5, 0.3333333333333333, 0.42424242424242425, 0.6153846153846154, 0.5869565217391305, 0.0720050036907196, 0.07106684148311615, 0.3209912849885784, 0.3209677964277978, 0.2965153043174379, 0.7037928883427138, 0.3842796704598836, 0.3842796704598836, 0.44724684953689575, 0.0, 0.0, 0.0, 0.5895553201436996, 0.11556333303451538, 0.12889069318771362, 0.8557366132736206, 0.8557366132736206, 0.1067558079957962, 0.45729767680168154, 0.11020106822252274, 0.49315217622490815, 0.07390223443508148, 0.0]
[0.4642857142857143, 0.5, 0.3333333333333333, 0.42424242424242425, 0.6153846153846154, 0.5869565217391305, 0.07843806594610214, 0.07776635885238647, 0.3119804416970131, 0.31195644028556047, 0.2945202468230209, 0.70620433499612, 0.3943288326263428, 0.3943288326263428, 0.4440629780292511, 0.0, 0.0, 0.0, 0.5893584072589874, 0.1095932126045227, 0.12420651316642761, 0.8557088375091553, 0.8557088375091553, 0.10641283541917801, 0.4574348658323288, 0.11023351550102234, 0.47764403875484024, 0.0751548707485199, 0.0]
[0.4642857142857143, 0.5, 0.3333333333333333, 0.42424242424242425, 0.6153846153846154, 0.5869565217391305, 0.09848382323980331, 0.09779436141252518, 0.30802203227639424, 0.30799789410476247, 0.29637307373105226, 0.704549616604366, 0.4089555782931192, 0.4089555782931192, 0.44088849425315857, 0.0, 0.0, 0.0, 0.5881982713937759, 0.10432541370391846, 0.12054944038391113, 0.8546740412712097, 0.8546740412712097, 0.10722052305936813, 0.45711179077625275, 0.1110454574227333, 0.47565722881361494, 0.07854016125202179, 0.0]
[0.4642857142857143, 0.5, 0.3333333333333333, 0.42424242424242425, 0.6153846153846154, 0.5869565217391305, 0.11954712122678757, 0.11855603009462357, 0.30148560230408294, 0.30146121340545595, 0.30150431565527247, 0.6995933479327723, 0.4132259743554252, 0.4132259743554252, 0.4606497585773468, 0.0, 0.0, 0.0, 0.5837366789579391, 0.10374563932418823, 0.1200651228427887, 0.8484916687011719, 0.8484916687011719, 0.10804134607315063, 0.45678346157073973, 0.11161856353282928, 0.47720405251480813, 0.08034631609916687, 0.0]
[0.4642857142857143, 0.5, 0.3333333333333333, 0.42424242424242425, 0.6153846153846154, 0.5869565217391305, 0.13676919043064117, 0.13582228124141693, 0.288160966869522, 0.2881355978562773, 0.37686410916694946, 0.6219335103303428, 0.45266711286136085, 0.45266711286136085, 0.4626438021659851, 0.0, 0.0, 0.0, 0.5750445991754531, 0.1024390459060669, 0.11555901169776917, 0.8355949521064758, 0.8355949521064758, 0.1106143593788147, 0.4557542562484741, 0.11275707930326462, 0.45489716827869414, 0.08845080435276031, 0.0]
[0.4642857142857143, 0.5, 0.3333333333333333, 0.42424242424242425, 0.6153846153846154, 0.5869565217391305, 0.1418522298336029, 0.1410037726163864, 0.28692346959451415, 0.2868981461679958, 0.43086241285386095, 0.5674805687964026, 0.4460604914597103, 0.4460604914597103, 0.4626224935054779, 0.0, 0.0, 0.0, 0.569483682513237, 0.10302037000656128, 0.11282685399055481, 0.8237715363502502, 0.8237715363502502, 0.1126561388373375, 0.454937544465065, 0.1135140210390091, 0.45755974082059636, 0.09320741146802902, 0.0]
[0.4642857142857143, 0.5, 0.3333333333333333, 0.42424242424242425, 0.6153846153846154, 0.5869565217391305, 0.14413364231586456, 0.143379345536232, 0.2807334987428859, 0.28070776503582984, 0.4746709064817337, 0.5234606026184896, 0.4295220758233752, 0.4295220758233752, 0.4753289818763733, 0.0, 0.0, 0.0, 0.5680748134851455, 0.10568222403526306, 0.10658472776412964, 0.8149194121360779, 0.8149194121360779, 0.11135388165712357, 0.4554584473371506, 0.11104822903871536, 0.46253284742665846, 0.09317133575677872, 0.0]
[0.4642857142857143, 0.5, 0.3333333333333333, 0.42424242424242425, 0.6153846153846154, 0.5869565217391305, 0.15123887360095978, 0.15061165392398834, 0.2774451458203405, 0.2774191841796525, 0.5082616660437665, 0.4900454067996487, 0.41883234466825214, 0.41883234466825214, 0.47633257508277893, 0.0, 0.0, 0.0, 0.5731609404087066, 0.10490673780441284, 0.1001332700252533, 0.8208445310592651, 0.8208445310592651, 0.10832658410072327, 0.45666936635971067, 0.1077965646982193, 0.4589348615602006, 0.08927726000547409, 0.0]
[0.4642857142857143, 0.5, 0.3333333333333333, 0.42424242424242425, 0.6153846153846154, 0.5869565217391305, 0.16154664754867554, 0.16085529327392578, 0.2730608879950033, 0.2730347668007729, 0.5239192812666155, 0.47467253125597775, 0.40313507829393663, 0.40313507829393663, 0.47272828221321106, 0.0, 0.0, 0.0, 0.5735554546117783, 0.10569995641708374, 0.0997905433177948, 0.820763885974884, 0.820763885974884, 0.1067887395620346, 0.4572845041751862, 0.10598955303430557, 0.4576041787862778, 0.08542466163635254, 0.0]
[0.4642857142857143, 0.5, 0.3333333333333333, 0.42424242424242425, 0.6153846153846154, 0.5869565217391305, 0.17719607055187225, 0.17644216120243073, 0.26899354909163814, 0.2689670859969597, 0.4930249331216283, 0.5053897792426345, 0.40112978645733427, 0.40112978645733427, 0.47560569643974304, 0.0, 0.0, 0.0, 0.5736242562532424, 0.110605388879776, 0.10403016209602356, 0.820860743522644, 0.820860743522644, 0.10719065368175507, 0.457123738527298, 0.10616004467010498, 0.457535982131958, 0.0808400958776474, 0.0]
[0.4642857142857143, 0.5, 0.3333333333333333, 0.42424242424242425, 0.6153846153846154, 0.5869565217391305, 0.18970808386802673, 0.18895675241947174, 0.2653518534527226, 0.2653252535978649, 0.4601212303451553, 0.5383342009378842, 0.4056812609945025, 0.4056812609945025, 0.4761497676372528, 0.0, 0.0, 0.0, 0.5723025262355804, 0.11225366592407227, 0.11342039704322815, 0.8210840225219727, 0.8210840225219727, 0.10996364802122116, 0.45601454079151155, 0.10817650705575943, 0.45672939717769623, 0.080361008644104, 0.0]
[0.4642857142857143, 0.5, 0.3333333333333333, 0.42424242424242425, 0.6153846153846154, 0.5869565217391305, 0.20388047397136688, 0.20292770862579346, 0.28185586674035623, 0.2818302470001163, 0.39276437185006663, 0.6061104601650753, 0.44207956109728136, 0.44207956109728136, 0.5050267279148102, 0.0, 0.0, 0.0, 0.5397639393806457, 0.13994565606117249, 0.14632219076156616, 0.786925196647644, 0.786925196647644, 0.12039261311292648, 0.4518429547548294, 0.11693719029426575, 0.4532251238822937, 0.08182965964078903, 0.0]
[0.4642857142857143, 0.5, 0.3333333333333333, 0.42424242424242425, 0.6153846153846154, 0.5869565217391305, 0.20213603973388672, 0.20111124217510223, 0.28930936488777, 0.2892843377749733, 0.3367752787259979, 0.6635065192195648, 0.44466242194175726, 0.44466242194175726, 0.5024415552616119, 0.0, 0.0, 0.0, 0.5559276103973388, 0.1294461190700531, 0.14078807830810547, 0.8059468269348145, 0.8059468269348145, 0.12366937845945358, 0.45053224861621854, 0.121027871966362, 0.4526608004126438, 0.0815097913146019, 0.0]
[0.4642857142857143, 0.5, 0.3333333333333333, 0.42424242424242425, 0.6153846153846154, 0.5869565217391305, 0.18459106981754303, 0.18380242586135864, 0.29549972322657275, 0.2954750380142241, 0.32300834947516766, 0.677506681559368, 0.4399647457259042, 0.4399647457259042, 0.48391617834568024, 0.0, 0.0, 0.0, 0.5591338962316512, 0.1272265911102295, 0.13970640301704407, 0.8112613558769226, 0.8112613558769226, 0.12263169139623642, 0.45094732344150545, 0.12086910009384155, 0.4607712390810944, 0.07947943359613419, 0.0]
[0.4642857142857143, 0.5, 0.3333333333333333, 0.42424242424242425, 0.6153846153846154, 0.5869565217391305, 0.17114324867725372, 0.17032289505004883, 0.29679511564411576, 0.2967703848450407, 0.31945880740368116, 0.6810987104598646, 0.4297729049410139, 0.4297729049410139, 0.48376476764678955, 0.0, 0.0, 0.0, 0.5679274052381516, 0.12626072764396667, 0.1395638883113861, 0.8252081274986267, 0.8252081274986267, 0.12081565707921982, 0.45167373716831205, 0.11960756033658981, 0.4642410195151041, 0.0765131488442421, 0.0]
[0.4642857142857143, 0.5, 0.3333333333333333, 0.42424242424242425, 0.6153846153846154, 0.5869565217391305, 0.16934171319007874, 0.168429434299469, 0.29093653750009335, 0.2909113508337542, 0.358307678886399, 0.6409437222822169, 0.42914167046546936, 0.42914167046546936, 0.5086268484592438, 0.0, 0.0, 0.0, 0.5700212657451629, 0.12721911072731018, 0.1409623622894287, 0.8279721736907959, 0.8279721736907959, 0.1208823025226593, 0.45164707899093626, 0.11958799511194229, 0.4521648019552231, 0.07640040665864944, 0.0]
[0.4642857142857143, 0.5, 0.3333333333333333, 0.42424242424242425, 0.6153846153846154, 0.5869565217391305, 0.16886229813098907, 0.1680210530757904, 0.2796791005544863, 0.2796533896407935, 0.44107825578284765, 0.557205207231972, 0.410171811069761, 0.410171811069761, 0.49451717734336853, 0.0, 0.0, 0.0, 0.5804258346557617, 0.12124776840209961, 0.12738469243049622, 0.838602602481842, 0.838602602481842, 0.11883973330259323, 0.4524641066789627, 0.11739768087863922, 0.4530409276485443, 0.07875055819749832, 0.0]
[0.4642857142857143, 0.5, 0.3333333333333333, 0.42424242424242425, 0.6153846153846154, 0.5869565217391305, 0.16820071637630463, 0.16747146844863892, 0.2785146560085435, 0.2784886943678555, 0.4879736617122052, 0.5100607348395073, 0.4036521911621094, 0.4036521911621094, 0.513871505856514, 0.0, 0.0, 0.0, 0.5808640956878661, 0.12535253167152405, 0.12534964084625244, 0.8358181118965149, 0.8358181118965149, 0.11621014773845673, 0.45351594090461733, 0.11452454328536987, 0.45419018268585204, 0.07847169786691666, 0.0]
[0.4642857142857143, 0.5, 0.3333333333333333, 0.42424242424242425, 0.6153846153846154, 0.5869565217391305, 0.16554178297519684, 0.1649942696094513, 0.2725232837305014, 0.2724969118092757, 0.5242044319386236, 0.4740905540116608, 0.40111239467348375, 0.40111239467348375, 0.5142012536525726, 0.0, 0.0, 0.0, 0.5904638648033141, 0.12354534864425659, 0.11740767955780029, 0.8443527221679688, 0.8443527221679688, 0.11002331227064133, 0.45599067509174346, 0.1089366003870964, 0.4564253598451614, 0.0750795304775238, 0.0]
[0.4642857142857143, 0.5, 0.3333333333333333, 0.42424242424242425, 0.6153846153846154, 0.5869565217391305, 0.16731864213943481, 0.16685450077056885, 0.27254840201675096, 0.2725220300955253, 0.5198658363427077, 0.47839123427247404, 0.4010793140956334, 0.4010793140956334, 0.5172299891710281, 0.0, 0.0, 0.0, 0.5925332754850388, 0.11980420351028442, 0.11315983533859253, 0.8469285368919373, 0.8469285368919373, 0.10662125051021576, 0.4573514997959137, 0.10607922077178955, 0.4575683116912842, 0.073032908141613, 0.0]
[0.4642857142857143, 0.5, 0.3333333333333333, 0.42424242424242425, 0.6153846153846154, 0.5869565217391305, 0.17704178392887115, 0.17649535834789276, 0.27017976129943966, 0.27015204456978503, 0.44957219118369923, 0.5486769423550397, 0.3953459007399423, 0.3953459007399423, 0.49972639977931976, 0.0, 0.0, 0.0, 0.5858560532331466, 0.11910614371299744, 0.12108737230300903, 0.8425688147544861, 0.8425688147544861, 0.10716160386800766, 0.45713535845279696, 0.10578446835279465, 0.45768621265888215, 0.07264024764299393, 0.0]
[0.4642857142857143, 0.5, 0.3333333333333333, 0.42424242424242425, 0.6153846153846154, 0.5869565217391305, 0.19104957580566406, 0.19016055762767792, 0.2831635903673919, 0.2831365802319966, 0.3511078936647959, 0.6483791623876332, 0.4096167002405439, 0.4096167002405439, 0.5002010762691498, 0.0, 0.0, 0.0, 0.5752703428268432, 0.1162901520729065, 0.12769028544425964, 0.8351542949676514, 0.8351542949676514, 0.1113336831331253, 0.45546652674674987, 0.10961730033159256, 0.47143372685410256, 0.074370376765728, 0.0]
[0.4642857142857143, 0.5, 0.3333333333333333, 0.42424242424242425, 0.6153846153846154, 0.5869565217391305, 0.17723844945430756, 0.17688673734664917, 0.2830869362869408, 0.28306017687854074, 0.29964649700069973, 0.701668011248175, 0.38947137338774546, 0.38947137338774546, 0.4383118748664856, 0.0, 0.0, 0.0, 0.5808590680360793, 0.11512497067451477, 0.12753847241401672, 0.8419157266616821, 0.8419157266616821, 0.1133602112531662, 0.4546559154987335, 0.1125374436378479, 0.48015275666880053, 0.07190355658531189, 0.0]
[0.4642857142857143, 0.5, 0.3333333333333333, 0.42424242424242425, 0.6153846153846154, 0.5869565217391305, 0.16521808505058289, 0.16484561562538147, 0.28391182810125115, 0.283885068692851, 0.2877911901382826, 0.7139718117216527, 0.3802395186253957, 0.3802395186253957, 0.4363963305950165, 0.0, 0.0, 0.0, 0.5842849016189575, 0.11403092741966248, 0.12700101733207703, 0.8473761677742004, 0.8473761677742004, 0.11496906727552414, 0.45401237308979037, 0.1151861846446991, 0.4680369898330334, 0.0703401118516922, 0.0]
[0.4642857142857143, 0.5, 0.3333333333333333, 0.42424242424242425, 0.6153846153846154, 0.5869565217391305, 0.27511879801750183, 0.2745234966278076, 0.2722171688626875, 0.27218983962020726, 0.2990558069932985, 0.7026252869159674, 0.3777205092566354, 0.3777205092566354, 0.46042895317077637, 0.0, 0.0, 0.0, 0.5870424121618271, 0.11298355460166931, 0.1279975175857544, 0.8531839847564697, 0.8531839847564697, 0.11627363413572311, 0.45349054634571073, 0.11695179343223572, 0.4532192826271057, 0.07137010246515274, 0.0]
[0.4642857142857143, 0.5, 0.3333333333333333, 0.42424242424242425, 0.6153846153846154, 0.5869565217391305, 0.9260150194168091, 0.9253934621810913, 0.2608445798461797, 0.26081729619042593, 0.35972403568245936, 0.6416495244721332, 0.4529292668615069, 0.4529292668615069, 0.42680636048316956, 0.0, 0.0, 0.0, 0.5353347867727279, 0.11248776316642761, 0.12771067023277283, 0.7772945761680603, 0.7772945761680603, 0.15021415054798126, 0.4399143397808075, 0.1595303863286972, 0.45748122902803645, 0.07608490437269211, 0.0]
[0.4642857142857143, 0.5, 0.3333333333333333, 0.42424242424242425, 0.6153846153846154, 0.5869565217391305, 0.05935170501470566, 0.057917844504117966, 0.3416466763097059, 0.34162341568255744, 0.4590595069396564, 0.5390487429580036, 0.4895164072513581, 0.4895164072513581, 0.5580775886774063, 0.0, 0.0, 0.0, 0.5754450589418411, 0.12230989336967468, 0.13827374577522278, 0.8389039039611816, 0.8389039039611816, 0.14170995354652405, 0.44331601858139036, 0.1364973783493042, 0.4454010486602783, 0.09414827078580856, 0.0]
[0.4642857142857143, 0.5, 0.3333333333333333, 0.42424242424242425, 0.6153846153846154, 0.5869565217391305, 0.0, 0.0, 0.37513232641420674, 0.3751112539499257, 0.516048956612556, 0.4821223482752343, 0.4304461394037519, 0.4304461394037519, 0.5652528554201126, 0.0, 0.0, 0.0, 0.5593293070793152, 0.15244784951210022, 0.15343376994132996, 0.817798912525177, 0.817798912525177, 0.13790170848369598, 0.4448393166065216, 0.13164815306663513, 0.4809510569239772, 0.09500817209482193, 0.0]
[0.4642857142857143, 0.5, 0.3333333333333333, 0.42424242424242425, 0.6153846153846154, 0.5869565217391305, 0.0, 0.0, 0.40086889403727954, 0.40084991856241314, 0.6194275132100852, 0.3816503771353812, 0.41595567549977985, 0.41595567549977985, 0.5743063688278198, 0.0, 0.0, 0.0, 0.5559310525655746, 0.15738928318023682, 0.15720051527023315, 0.8107677102088928, 0.8107677102088928, 0.134779691696167, 0.4460881233215332, 0.12785053253173828, 0.4873612037924833, 0.0950794592499733, 0.0]
[0.4642857142857143, 0.5, 0.3333333333333333, 0.42424242424242425, 0.6153846153846154, 0.5869565217391305, 0.0, 0.0, 0.40059792653552434, 0.4005790764241556, 0.670751443100705, 0.33224181914142115, 0.4160919146878379, 0.4160919146878379, 0.5693352669477463, 0.0, 0.0, 0.0, 0.5705044627189636, 0.1555272936820984, 0.1461329460144043, 0.8258857727050781, 0.8258857727050781, 0.131780743598938, 0.4472877025604248, 0.12522928416728973, 0.46870136676832685, 0.0927865207195282, 0.0]
[0.4642857142857143, 0.5, 0.3333333333333333, 0.42424242424242425, 0.6153846153846154, 0.5869565217391305, 0.8023272156715393, 0.7984836101531982, 0.22865745624666234, 0.22862816677494668, 0.5254651784440983, 0.47480814037035296, 0.4925989253180368, 0.4925989253180368, 0.48861904442310333, 0.0, 0.0, 0.0, 0.575413891673088, 0.1262539029121399, 0.11647886037826538, 0.8142650723457336, 0.8142650723457336, 0.12853160500526428, 0.4485873579978943, 0.1238638162612915, 0.4504544734954834, 0.09041914343833923, 0.0]
[0.4642857142857143, 0.5, 0.3333333333333333, 0.42424242424242425, 0.6153846153846154, 0.5869565217391305, 0.513942301273346, 0.5134227871894836, 0.21574328369665785, 0.21571315087050374, 0.5592390221345949, 0.4414372320562152, 0.4927167083535876, 0.4927167083535876, 0.47586922347545624, 0.0, 0.0, 0.0, 0.5699740350246429, 0.12389394640922546, 0.11227014660835266, 0.8074769377708435, 0.8074769377708435, 0.1315203309059143, 0.4473918676376343, 0.1332309991121292, 0.44670760035514834, 0.08679521083831787, 0.0588315399363637]
[0.4642857142857143, 0.5, 0.3333333333333333, 0.42424242424242425, 0.6153846153846154, 0.5869565217391305, 0.31529635190963745, 0.3151245713233948, 0.25709798914980475, 0.2570696114126173, 0.5758830265606795, 0.42378949338979016, 0.4398823635918754, 0.4398823635918754, 0.47047457098960876, 0.0, 0.0, 0.0, 0.5819199234247208, 0.12676012516021729, 0.11441102623939514, 0.8249163627624512, 0.8249163627624512, 0.13072426617145538, 0.44771029353141784, 0.13387733697891235, 0.4464490652084351, 0.0853913277387619, 0.08818315342068672]
[0.4642857142857143, 0.5, 0.3333333333333333, 0.42424242424242425, 0.6153846153846154, 0.5869565217391305, 0.1773177832365036, 0.17702902853488922, 0.27518636911366684, 0.27515894869773383, 0.5826634936761218, 0.41674143219034665, 0.3853389407907214, 0.3853389407907214, 0.44764500856399536, 0.0, 0.0, 0.0, 0.5947194904088974, 0.12596261501312256, 0.11316746473312378, 0.844122588634491, 0.844122588634491, 0.12247879058122635, 0.45100848376750946, 0.12651455402374268, 0.44939417839050294, 0.08129043877124786, 0.12063146568834782]
[0.4642857142857143, 0.5, 0.3333333333333333, 0.42424242424242425, 0.6153846153846154, 0.5869565217391305, 0.17314837872982025, 0.17282678186893463, 0.2770401989296791, 0.2770128241004725, 0.5844406238249565, 0.4149325622832519, 0.37141917007310055, 0.37141917007310055, 0.44877129793167114, 0.0, 0.0, 0.0, 0.5963494718074798, 0.13168540596961975, 0.1184830367565155, 0.8466357588768005, 0.8466357588768005, 0.11771249026060104, 0.45291500389575956, 0.12192723155021667, 0.45122910737991334, 0.07925762236118317, 0.12644972652196884]
[0.4642857142857143, 0.5, 0.3333333333333333, 0.42424242424242425, 0.6153846153846154, 0.5869565217391305, 0.16213229298591614, 0.16169384121894836, 0.281265518633403, 0.2812384401179181, 0.5611085565778539, 0.43768435039159626, 0.3622378408908844, 0.3622378408908844, 0.46826526522636414, 0.0, 0.0, 0.0, 0.5961464673280715, 0.13157185912132263, 0.1188153624534607, 0.8472197651863098, 0.8472197651863098, 0.11059136688709259, 0.455763453245163, 0.1150701493024826, 0.45397194027900695, 0.0756976380944252, 0.10882905684411526]
[0.4642857142857143, 0.5, 0.3333333333333333, 0.42424242424242425, 0.6153846153846154, 0.5869565217391305, 0.16250234842300415, 0.16202421486377716, 0.2853436160041999, 0.2853166742488941, 0.5372495979469547, 0.46096390742822035, 0.3694727484669004, 0.3694727484669004, 0.4888325035572052, 0.0, 0.0, 0.0, 0.5892240792512893, 0.13204824924468994, 0.11985966563224792, 0.840137243270874, 0.840137243270874, 0.1069386675953865, 0.4572245329618454, 0.1111382246017456, 0.46152593784554063, 0.07259850203990936, 0.02548051532357931]
[0.4642857142857143, 0.5, 0.3333333333333333, 0.42424242424242425, 0.6153846153846154, 0.5869565217391305, 0.16286469995975494, 0.16227063536643982, 0.28306229666131855, 0.28303514976574407, 0.4735935753207818, 0.5241154844350108, 0.38656361401081085, 0.38656361401081085, 0.4809415340423584, 0.0, 0.0, 0.0, 0.5852845698595046, 0.13252729177474976, 0.12299409508705139, 0.8366071581840515, 0.8366071581840515, 0.10430670529603958, 0.45827731788158416, 0.1070747971534729, 0.4649597891541415, 0.06820180267095566, 0.0]
[0.4642857142857143, 0.5, 0.3333333333333333, 0.42424242424242425, 0.6153846153846154, 0.5869565217391305, 0.16367961466312408, 0.1629680097103119, 0.2831067893062905, 0.2830796652040791, 0.4507478956510642, 0.5470068227726866, 0.41206926107406616, 0.41206926107406616, 0.49287375807762146, 0.0, 0.0, 0.0, 0.5844689637422561, 0.1339319348335266, 0.13366442918777466, 0.8367475867271423, 0.8367475867271423, 0.10642225295305252, 0.45743109881877897, 0.10778345912694931, 0.4568866163492203, 0.06982557475566864, 0.0]
[0.4642857142857143, 0.5, 0.3333333333333333, 0.42424242424242425, 0.6153846153846154, 0.5869565217391305, 0.7046246528625488, 0.7037813663482666, 0.197043699698512, 0.1970139087728059, 0.4501331130587576, 0.5500838199611782, 0.45485939298357286, 0.45485939298357286, 0.4484371542930603, 0.0, 0.0, 0.0, 0.5569009512662887, 0.13039982318878174, 0.131963312625885, 0.8009781241416931, 0.8009781241416931, 0.13330590724945068, 0.44667763710021974, 0.13559439778327942, 0.44576224088668825, 0.0747576504945755, 0.0]
[0.4642857142857143, 0.5, 0.3333333333333333, 0.42424242424242425, 0.6153846153846154, 0.5869565217391305, 0.4496408700942993, 0.4489246904850006, 0.2260807349166724, 0.2260520380724001, 0.44291361727632483, 0.5563966802511121, 0.4579665405409677, 0.4579665405409677, 0.4487413763999939, 0.0, 0.0, 0.0, 0.553559210896492, 0.12870818376541138, 0.13069027662277222, 0.7963520288467407, 0.7963520288467407, 0.1477506309747696, 0.44089974761009215, 0.1509239673614502, 0.43963041305541994, 0.07965657860040665, 0.0]
[0.4642857142857143, 0.5, 0.3333333333333333, 0.42424242424242425, 0.6153846153846154, 0.5869565217391305, 0.22467198967933655, 0.22405493259429932, 0.2756328910988102, 0.2756065191775845, 0.4537033942415883, 0.5442282954155323, 0.3924856015614101, 0.3924856015614101, 0.45477744936943054, 0.0, 0.0, 0.0, 0.5810516834259033, 0.12868821620941162, 0.12959778308868408, 0.8344014286994934, 0.8344014286994934, 0.13503359258174896, 0.44598656296730044, 0.13471058011054993, 0.45617125062055364, 0.08041102439165115, 0.0]
[0.4642857142857143, 0.5, 0.3333333333333333, 0.42424242424242425, 0.6153846153846154, 0.5869565217391305, 0.16510127484798431, 0.16462332010269165, 0.290262674510365, 0.29023696359667217, 0.4987552831943074, 0.49866605620488563, 0.3841935523918697, 0.3841935523918697, 0.522978886961937, 0.0, 0.0, 0.0, 0.5942205220460891, 0.13277381658554077, 0.1293497085571289, 0.8517489433288574, 0.8517489433288574, 0.12041670083999634, 0.4518333196640015, 0.11952082812786102, 0.46711516241694606, 0.07988318800926208, 0.0]
[0.4642857142857143, 0.5, 0.3333333333333333, 0.42424242424242425, 0.6153846153846154, 0.5869565217391305, 0.1228460818529129, 0.12229783833026886, 0.3063423665486148, 0.30631754457608695, 0.5547276970077427, 0.44290954655893855, 0.41845692055565975, 0.41845692055565975, 0.5100164711475372, 0.0, 0.0, 0.0, 0.5967263370752334, 0.1275177299976349, 0.11883008480072021, 0.8542272448539734, 0.8542272448539734, 0.11516823619604111, 0.45393270552158355, 0.11341390758752823, 0.5204869841420373, 0.12568071484565735, 0.0]
[0.4642857142857143, 0.5, 0.3333333333333333, 0.42424242424242425, 0.6153846153846154, 0.5869565217391305, 0.08687040954828262, 0.08598683774471283, 0.3170389727926163, 0.3170146066873525, 0.5728769865364235, 0.4246328250349315, 0.4443563733782087, 0.4443563733782087, 0.5256753116846085, 0.0, 0.0, 0.0, 0.5916988521814346, 0.12717974185943604, 0.11854052543640137, 0.846767246723175, 0.846767246723175, 0.05701557919383049, 0.4771937683224678, 0.055202681571245193, 0.73581108411904, 0.1697338968515396, 0.0]
[0.4642857142857143, 0.5, 0.3333333333333333, 0.42424242424242425, 0.6153846153846154, 0.5869565217391305, 0.07595284283161163, 0.07475430518388748, 0.3254562996997432, 0.3254323096849722, 0.5761756819475221, 0.4209560846000916, 0.40006748267582487, 0.40006748267582487, 0.5956172198057175, 0.0, 0.0, 0.0, 0.5567524790763855, 0.17729544639587402, 0.16827332973480225, 0.7985004186630249, 0.7985004186630249, 0.05425187945365906, 0.6031746031746031, 0.051452502608299255, 0.8, 0.18720760941505432, 0.0]
[0.4642857142857143, 0.5, 0.3333333333333333, 0.42424242424242425, 0.6153846153846154, 0.5869565217391305, 0.07366496324539185, 0.07244132459163666, 0.3263425512477955, 0.3263185384396613, 0.5714552391099657, 0.42542236434291425, 0.37996426224708557, 0.37996426224708557, 0.6102745980024338, 0.0, 0.0, 0.0, 0.5544985264539718, 0.1958310604095459, 0.18726953864097595, 0.7959991693496704, 0.7959991693496704, 0.05088558793067932, 0.6031746031746031, 0.047810595482587814, 0.8, 0.17461179196834564, 0.0]
[0.4642857142857143, 0.5, 0.3333333333333333, 0.42424242424242425, 0.6153846153846154, 0.5869565217391305, 0.07470887154340744, 0.07350869476795197, 0.325052606444058, 0.32502855944587894, 0.5591766822862352, 0.4375830908755677, 0.3773193167788642, 0.3773193167788642, 0.6112360954284668, 0.0, 0.0, 0.0, 0.5501503586769103, 0.19994956254959106, 0.18821501731872559, 0.7900547385215759, 0.7900547385215759, 0.0487641766667366, 0.6031746031746031, 0.04581040143966675, 0.8, 0.16370634734630585, 0.0]
[0.4642857142857143, 0.5, 0.3333333333333333, 0.42424242424242425, 0.6153846153846154, 0.5869565217391305, 0.07628215849399567, 0.07501289993524551, 0.3222486010928911, 0.3222244173345329, 0.5427898724721905, 0.45384405853136955, 0.3696129896811077, 0.3696129896811077, 0.6125329881906509, 0.0, 0.0, 0.0, 0.549014401435852, 0.20199140906333923, 0.1917136013507843, 0.7894571423530579, 0.7894571423530579, 0.047160595655441284, 0.6031746031746031, 0.04435225948691368, 0.8, 0.1546143889427185, 0.0]
[0.4642857142857143, 0.5, 0.3333333333333333, 0.42424242424242425, 0.6153846153846154, 0.5869565217391305, 0.09540138393640518, 0.09389571100473404, 0.31142945772831115, 0.31140432804538004, 0.5227684571797716, 0.4740994548199915, 0.359349325299263, 0.359349325299263, 0.6059611439704895, 0.0, 0.0, 0.0, 0.5473441362380981, 0.18347850441932678, 0.17324763536453247, 0.7875349521636963, 0.7875349521636963, 0.04634204879403114, 0.6031746031746031, 0.04363521561026573, 0.8, 0.1546267420053482, 0.0]
[0.4642857142857143, 0.5, 0.3333333333333333, 0.42424242424242425, 0.6153846153846154, 0.5869565217391305, 0.07925503700971603, 0.07701955735683441, 0.3310339496422908, 0.3310100621976543, 0.5473875360096846, 0.449937538202082, 0.37409639784267973, 0.37409639784267973, 0.6148552298545837, 0.0, 0.0, 0.0, 0.5435945093631744, 0.18442276120185852, 0.17568153142929077, 0.7846397161483765, 0.7846397161483765, 0.045329492539167404, 0.5782282711967589, 0.04268680885434151, 0.7850225824256276, 0.15573470294475555, 0.0]
[0.4642857142857143, 0.5, 0.3333333333333333, 0.42424242424242425, 0.6153846153846154, 0.5869565217391305, 0.0, 0.0, 0.4088298693213818, 0.408811879659474, 0.7364133785605202, 0.26960203291530543, 0.3706577526671546, 0.3706577526671546, 0.6876401007175446, 0.0, 0.0, 0.0, 0.5073508769273758, 0.2258394956588745, 0.21999743580818176, 0.7372002601623535, 0.7372002601623535, 0.045846983790397644, 0.6031746031746031, 0.04285677522420883, 0.8, 0.15804679691791534, 0.0]
[0.4642857142857143, 0.5, 0.3333333333333333, 0.42424242424242425, 0.6153846153846154, 0.5869565217391305, 0.0, 0.0, 0.3933014632638964, 0.39328253337575647, 0.7523521164407239, 0.2544255962740572, 0.3643318584987096, 0.3643318584987096, 0.6898080557584763, 0.0, 0.0, 0.0, 0.47458852827548975, 0.22743377089500427, 0.2200499176979065, 0.689751148223877, 0.689751148223877, 0.05152186006307602, 0.6031746031746031, 0.046058934181928635, 0.8, 0.19429795444011688, 0.0]
[0.4642857142857143, 0.5, 0.3333333333333333, 0.42424242424242425, 0.6153846153846154, 0.5869565217391305, 0.0, 0.0, 0.38183072602543733, 0.3818113858567597, 0.7984727317926761, 0.2112573140843142, 0.35426384636334013, 0.35426384636334013, 0.6904440373182297, 0.0, 0.0, 0.0, 0.49730986356735224, 0.22351020574569702, 0.2104721963405609, 0.7207839488983154, 0.7207839488983154, 0.05176599323749542, 0.6031746031746031, 0.04620637744665146, 0.8, 0.1828315556049347, 0.0]
[0.4642857142857143, 0.5, 0.3333333333333333, 0.42424242424242425, 0.6153846153846154, 0.5869565217391305, 0.09357565641403198, 0.09216552972793579, 0.3312249694226121, 0.3312019025390508, 0.710369681764971, 0.2934872665956367, 0.3518754243850708, 0.3518754243850708, 0.6817902773618698, 0.0, 0.0, 0.0, 0.4970129609107971, 0.22225970029830933, 0.20902681350708008, 0.7146821618080139, 0.7146821618080139, 0.05185163766145706, 0.6031746031746031, 0.04659174382686615, 0.8, 0.18862923979759216, 0.0]
[0.4642857142857143, 0.5, 0.3333333333333333, 0.42424242424242425, 0.6153846153846154, 0.5869565217391305, 0.7127278447151184, 0.712960422039032, 0.23482980782853485, 0.2348019315453378, 0.6260108975105942, 0.3762718842038183, 0.4560529547078269, 0.4560529547078269, 0.6451894193887711, 0.0, 0.0, 0.0, 0.4850856393575668, 0.21077197790145874, 0.1972639262676239, 0.690498411655426, 0.690498411655426, 0.05671735852956772, 0.5692988331355746, 0.0550139844417572, 0.7984192877314812, 0.21986012160778046, 0.0]
[0.4642857142857143, 0.5, 0.3333333333333333, 0.42424242424242425, 0.6153846153846154, 0.5869565217391305, 0.10927466303110123, 0.1061805710196495, 0.3336144432738908, 0.3335914789604639, 0.7484463596891034, 0.25720716155915097, 0.3676889730351312, 0.3676889730351312, 0.6543796211481094, 0.0, 0.0, 0.0, 0.5019058048725128, 0.22924014925956726, 0.21203187108039856, 0.7092536687850952, 0.7092536687850952, 0.05653371289372444, 0.6031746031746031, 0.05517313629388809, 0.8, 0.20451010763645172, 0.0179943791590631]
[0.4642857142857143, 0.5, 0.3333333333333333, 0.42424242424242425, 0.6153846153846154, 0.5869565217391305, 0.04937782138586044, 0.04615486413240433, 0.33269315832659574, 0.33267049032689056, 0.7855657619454437, 0.2226007048025591, 0.35815954208374023, 0.35815954208374023, 0.6624999791383743, 0.0, 0.0, 0.0, 0.47864294350147246, 0.23681995272636414, 0.21653854846954346, 0.6702038049697876, 0.6702038049697876, 0.05577556788921356, 0.6031746031746031, 0.05410494655370712, 0.8, 0.21904593706130981, 0.13473703525960445]
[0.4642857142857143, 0.5, 0.3333333333333333, 0.42424242424242425, 0.6153846153846154, 0.5869565217391305, 0.038934413343667984, 0.037483468651771545, 0.34890135934658306, 0.34887950051127153, 0.7621854924335079, 0.2443855528571131, 0.33466657357556484, 0.33466657357556484, 0.6518774032592773, 0.0, 0.0, 0.0, 0.48421777486801143, 0.22406724095344543, 0.2084883153438568, 0.6798577904701233, 0.6798577904701233, 0.05515983700752258, 0.6031746031746031, 0.05294889956712723, 0.8, 0.20161668956279755, 0.02516972366720438]
[0.4642857142857143, 0.5, 0.3333333333333333, 0.42424242424242425, 0.6153846153846154, 0.5869565217391305, 0.026551609858870506, 0.026180827990174294, 0.34496815938566655, 0.344946300550355, 0.7606054792896512, 0.24639775096065863, 0.33081255853176117, 0.33081255853176117, 0.650124654173851, 0.0, 0.0, 0.0, 0.4959255903959274, 0.21643850207328796, 0.20159491896629333, 0.7127075791358948, 0.7127075791358948, 0.054721079766750336, 0.6031746031746031, 0.05175473541021347, 0.8, 0.19974243640899658, 0.0]
[0.4642857142857143, 0.5, 0.3333333333333333, 0.42424242424242425, 0.6153846153846154, 0.5869565217391305, 0.0, 0.0, 0.3492312476922176, 0.3492106652852454, 0.7181512675823263, 0.28700604214900266, 0.33245087734290535, 0.33245087734290535, 0.6246099323034286, 0.0, 0.0, 0.0, 0.5103639632463455, 0.18287992477416992, 0.17512771487236023, 0.7403178215026855, 0.7403178215026855, 0.05593879520893097, 0.5050134971028282, 0.052070148289203644, 0.755498475979927, 0.1768842339515686, 0.0]
[0.4642857142857143, 0.5, 0.3333333333333333, 0.42424242424242425, 0.6153846153846154, 0.5869565217391305, 0.0, 0.0, 0.3534283720056596, 0.35340794915222984, 0.6988487079540129, 0.3052303617310063, 0.33650798457009456, 0.33650798457009456, 0.6165685504674911, 0.0, 0.0, 0.0, 0.5163364380598068, 0.17813166975975037, 0.1720711886882782, 0.7495938539505005, 0.7495938539505005, 0.055872563272714615, 0.49787209194803994, 0.05179563909769058, 0.7513106597024342, 0.16491732001304626, 0.0]
[0.4642857142857143, 0.5, 0.3333333333333333, 0.42424242424242425, 0.6153846153846154, 0.5869565217391305, 0.0, 0.0, 0.3475764723170556, 0.347555844323357, 0.7395223933013857, 0.266621025702187, 0.36363043955394203, 0.36363043955394203, 0.6136694401502609, 0.0, 0.0, 0.0, 0.5197732031345367, 0.1789863407611847, 0.172115296125412, 0.7522032856941223, 0.7522032856941223, 0.05687544122338295, 0.5246744912768166, 0.05249425768852234, 0.7702087104147257, 0.16533106565475464, 0.0]
[0.4642857142857143, 0.5, 0.3333333333333333, 0.42424242424242425, 0.6153846153846154, 0.5869565217391305, 0.5125031471252441, 0.511542022228241, 0.23479390828149038, 0.23476746798017512, 0.6253558048554634, 0.3772636348334548, 0.4198552668094635, 0.4198552668094635, 0.5937272906303406, 0.0, 0.0, 0.0, 0.5363821446895599, 0.19072642922401428, 0.17430678009986877, 0.7665148377418518, 0.7665148377418518, 0.0, 0.5, 0.0, 0.6976744186046512, 0.17159278690814972, 0.1731625758111477]
[0.4642857142857143, 0.5, 0.3333333333333333, 0.42424242424242425, 0.6153846153846154, 0.5869565217391305, 0.3157975971698761, 0.3151800334453583, 0.24955386459029655, 0.24952792574297172, 0.6978522960816014, 0.30665148233997613, 0.4110373982361385, 0.4110373982361385, 0.5313573479652405, 0.0, 0.0, 0.0, 0.5308779299259185, 0.1778813898563385, 0.16482454538345337, 0.7473349571228027, 0.7473349571228027, 0.1338120400905609, 0.4464751839637756, 0.0, 0.6976744186046512, 0.16045841574668884, 0.2554015628993511]
[0.4642857142857143, 0.5, 0.3333333333333333, 0.42424242424242425, 0.6153846153846154, 0.5869565217391305, 0.24280714988708496, 0.241878479719162, 0.26877486956507024, 0.26874954613855195, 0.681094797801789, 0.32197370533226966, 0.38326770067214966, 0.38326770067214966, 0.5307318717241287, 0.0, 0.0, 0.0, 0.5452803999185561, 0.17851752042770386, 0.16426029801368713, 0.7700269818305969, 0.7700269818305969, 0.1315418779850006, 0.4473832488059998, 0.13371744751930237, 0.5776437354642292, 0.14699770510196686, 0.23694204166531563]
[0.4642857142857143, 0.5, 0.3333333333333333, 0.42424242424242425, 0.6153846153846154, 0.5869565217391305, 0.22936712205410004, 0.2282543033361435, 0.2686978735841711, 0.26867248177756314, 0.6002970662673163, 0.40008664080512635, 0.3661390181098666, 0.3661390181098666, 0.5293059796094894, 0.0, 0.0, 0.0, 0.5528429687023162, 0.15744969248771667, 0.14381679892539978, 0.7854958176612854, 0.7854958176612854, 0.12877117097377777, 0.4484915316104889, 0.13008667528629303, 0.5393935947917229, 0.1412724107503891, 0.12910793535411358]
[0.4642857142857143, 0.5, 0.3333333333333333, 0.42424242424242425, 0.6153846153846154, 0.5869565217391305, 0.21374110877513885, 0.21277599036693573, 0.26205173915476465, 0.262025823100803, 0.5586165182905033, 0.4405622290329035, 0.3410135954618454, 0.3410135954618454, 0.5325975567102432, 0.0, 0.0, 0.0, 0.5601778745651245, 0.15165525674819946, 0.13930922746658325, 0.7975313663482666, 0.7975313663482666, 0.12490160018205643, 0.4500393599271774, 0.1251652091741562, 0.5927818216556726, 0.12810054421424866, 0.027141249738633633]
[0.4642857142857143, 0.5, 0.3333333333333333, 0.42424242424242425, 0.6153846153846154, 0.5869565217391305, 0.20683924853801727, 0.20583944022655487, 0.2634661129282264, 0.2634401968742648, 0.5188574280383255, 0.4795858572312974, 0.33262789249420166, 0.33262789249420166, 0.5272268503904343, 0.0, 0.0, 0.0, 0.5695829838514328, 0.15105706453323364, 0.14007437229156494, 0.815451443195343, 0.815451443195343, 0.12008071690797806, 0.4519677132368088, 0.11917029321193695, 0.5515190508476524, 0.12090593576431274, 0.0]
[0.4642857142857143, 0.5, 0.3333333333333333, 0.42424242424242425, 0.6153846153846154, 0.5869565217391305, 0.20498891174793243, 0.20401959121227264, 0.26632437788049756, 0.2662985302066256, 0.5119252062721417, 0.4863327611194236, 0.33348377261843004, 0.33348377261843004, 0.5242494493722916, 0.0, 0.0, 0.0, 0.5713905394077301, 0.15084397792816162, 0.1398327648639679, 0.8181251883506775, 0.8181251883506775, 0.11723913252353668, 0.4531043469905853, 0.11573134362697601, 0.5578220133171525, 0.11843060702085495, 0.0]
[0.4642857142857143, 0.5, 0.3333333333333333, 0.42424242424242425, 0.6153846153846154, 0.5869565217391305, 0.18470989167690277, 0.18391187489032745, 0.2673431956289375, 0.2673149546519292, 0.548626375243951, 0.45025037711204074, 0.3352118815694537, 0.3352118815694537, 0.5247651934623718, 0.0, 0.0, 0.0, 0.5711535096168517, 0.15250429511070251, 0.14071622490882874, 0.8164258599281311, 0.8164258599281311, 0.11394839733839035, 0.45442064106464386, 0.1121014803647995, 0.5907392779061961, 0.11719247698783875, 0.0]
[0.4642857142857143, 0.5, 0.3333333333333333, 0.42424242424242425, 0.6153846153846154, 0.5869565217391305, 0.1831796020269394, 0.18237310647964478, 0.271885593808176, 0.2718576035581629, 0.5945867988393139, 0.405180729547326, 0.3431928902864456, 0.3431928902864456, 0.524582639336586, 0.0, 0.0, 0.0, 0.5683003067970276, 0.17561516165733337, 0.1579800844192505, 0.8096520900726318, 0.8096520900726318, 0.11449366062879562, 0.45420253574848174, 0.11314325034618378, 0.579075213781623, 0.11296329647302628, 0.040939622558653355]
[0.4642857142857143, 0.5, 0.3333333333333333, 0.42424242424242425, 0.6153846153846154, 0.5869565217391305, 0.18769724667072296, 0.1867205649614334, 0.2718772514372437, 0.27184942074077306, 0.6546920713457505, 0.34706151685518194, 0.34505890948431833, 0.34505890948431833, 0.5195251852273941, 0.0, 0.0, 0.0, 0.5534099459648132, 0.19193443655967712, 0.17797592282295227, 0.7831105589866638, 0.7831105589866638, 0.11495281755924225, 0.4540188729763031, 0.11538854241371155, 0.5813554553098457, 0.10571842640638351, 0.14020291157066822]
[0.4642857142857143, 0.5, 0.3333333333333333, 0.42424242424242425, 0.6153846153846154, 0.5869565217391305, 0.18686142563819885, 0.1858421415090561, 0.27519589673948563, 0.275168293976647, 0.6729050626262424, 0.32954012180099024, 0.3410327966724124, 0.3410327966724124, 0.5210179835557938, 0.0, 0.0, 0.0, 0.5536297231912612, 0.19283774495124817, 0.17883849143981934, 0.7828521728515625, 0.7828521728515625, 0.11364220827817917, 0.4545431166887283, 0.115122489631176, 0.5844949393771416, 0.10085920989513397, 0.16042647883296013]
[0.4642857142857143, 0.5, 0.3333333333333333, 0.42424242424242425, 0.6153846153846154, 0.5869565217391305, 0.19120226800441742, 0.1903080940246582, 0.2750598431545279, 0.2750322859784157, 0.6601082645000509, 0.3419460707316613, 0.3247253916093282, 0.3247253916093282, 0.5269221365451813, 0.0, 0.0, 0.0, 0.553759878873825, 0.24257245659828186, 0.22741690278053284, 0.7828764915466309, 0.7828764915466309, 0.11182939261198044, 0.45526824295520785, 0.11457998305559158, 0.584390634714171, 0.08196267485618591, 0.16903039067983627]
[0.4642857142857143, 0.5, 0.3333333333333333, 0.42424242424242425, 0.6153846153846154, 0.5869565217391305, 0.21170547604560852, 0.2106592059135437, 0.2816097440044921, 0.28158261990228073, 0.6119423550811827, 0.38857718903926725, 0.2641363335507257, 0.2641363335507257, 0.6743455231189728, 0.0, 0.0, 0.0, 0.1627941131591797, 0.4424797296524048, 0.43395520001649857, 0.23440690338611603, 0.23440690338611603, 0.0, 0.5, 0.0, 0.6976744186046512, 0.039666421711444855, 0.11748337186872959]
[0.4642857142857143, 0.5, 0.3333333333333333, 0.42424242424242425, 0.6153846153846154, 0.5869565217391305, 0.24883762001991272, 0.24786993861198425, 0.27580352221574655, 0.2757760562130871, 0.5822216785204798, 0.41765044291155695, 0.3122448389019285, 0.3122448389019285, 0.6793763041496277, 0.0, 0.0, 0.0, 0.07604867555201053, 0.47006913647055626, 0.4643859565258026, 0.11198969930410385, 0.11198969930410385, 0.05229031667113304, 0.4790838733315468, 0.053990479558706284, 0.7411240950919861, 0.02771666832268238, 0.07065133191645145]
[0.4642857142857143, 0.5, 0.3333333333333333, 0.42424242424242425, 0.6153846153846154, 0.5869565217391305, 0.2518370747566223, 0.2508438527584076, 0.27164434885203725, 0.27161660932901943, 0.5658084853885279, 0.4337975121314343, 0.32495875443731037, 0.32495875443731037, 0.6478330194950104, 0.0, 0.0, 0.0, 0.07765620462596416, 0.46688079461455345, 0.4599309265613556, 0.114334337413311, 0.114334337413311, 0.047301895916461945, 0.5843296344318087, 0.0480923131108284, 0.7982885638295218, 0.025876084342598915, 0.067112036049366]
[0.4642857142857143, 0.5, 0.3333333333333333, 0.42424242424242425, 0.6153846153846154, 0.5869565217391305, 0.25132569670677185, 0.2501591145992279, 0.2806725720830447, 0.28064522004720127, 0.5447155526673588, 0.4542256764147929, 0.40398523211479187, 0.40398523211479187, 0.6352237015962601, 0.0, 0.0, 0.0, 0.0768327310681343, 0.4638117253780365, 0.45715218037366867, 0.1131560280919075, 0.1131560280919075, 0.04071102291345596, 0.6031746031746031, 0.041297547519207, 0.8, 0.023906933143734932, 0.02698242198675871]
[0.4642857142857143, 0.5, 0.3333333333333333, 0.42424242424242425, 0.6153846153846154, 0.5869565217391305, 0.11004753410816193, 0.10896062105894089, 0.33988048697520856, 0.33985708958788086, 0.6984854957113759, 0.3055681137869458, 0.4728462866374425, 0.4728462866374425, 0.6529656052589417, 0.0, 0.0, 0.0, 0.0737291470170021, 0.46367477253079414, 0.45850856602191925, 0.11024558544158936, 0.11024558544158936, 0.03466341271996498, 0.6031746031746031, 0.034834228456020355, 0.8, 0.023424917832016945, 0.015027645276859403]
[0.4642857142857143, 0.5, 0.3333333333333333, 0.42424242424242425, 0.6153846153846154, 0.5869565217391305, 0.023193150758743286, 0.022985920310020447, 0.3618283987501155, 0.36180455689220536, 0.7084762598770754, 0.2962443973953769, 0.4781994223594666, 0.4781994223594666, 0.6518658101558685, 0.0, 0.0, 0.0, 0.06981700547039509, 0.46255939826369286, 0.45834577828645706, 0.10499367862939835, -0.0, 0.02886602096259594, 0.6031746031746031, 0.029107557609677315, 0.8, 0.021860400214791298, 0.0013781298184767365]
[0.4642857142857143, 0.5, 0.3333333333333333, 0.42424242424242425, 0.6153846153846154, 0.5869565217391305, 0.0, 0.0, 0.37309855439238976, 0.3730754077320573, 0.7191421634608427, 0.28603381403494926, 0.4433660847800119, 0.4433660847800119, 0.6547560840845108, 0.0, 0.0, 0.0, 0.06834527514874934, 0.46384531259536743, 0.4606444537639618, 0.10355111211538315, -0.0, 0.024847401306033134, 0.6031746031746031, 0.024897225201129913, 0.8, 0.02083265595138073, 0.0]
[0.4642857142857143, 0.5, 0.3333333333333333, 0.42424242424242425, 0.6153846153846154, 0.5869565217391305, 0.0, 0.0, 0.36757812718816285, 0.3675548551643328, 0.7567770832127412, 0.25046869121540977, 0.389841731105532, 0.389841731105532, 0.647821769118309, 0.0, 0.0, 0.0, 0.0688073705881834, 0.4667593911290169, 0.4632551111280918, 0.10434076935052872, -0.0, 0.02297052927315235, 0.6031746031746031, 0.02314986288547516, 0.8, 0.020108019933104515, 0.0]
[0.4642857142857143, 0.5, 0.3333333333333333, 0.42424242424242425, 0.6153846153846154, 0.5869565217391305, 0.012462811544537544, 0.011869282461702824, 0.3674824976328454, 0.3674593281791497, 0.7843108049542225, 0.2245343569765077, 0.3626367556197303, 0.3626367556197303, 0.6522733420133591, 0.0, 0.0, 0.0, 0.06692955829203129, 0.46941050700843334, 0.46558114513754845, 0.10039103031158447, -0.0, 0.022690627723932266, 0.6031746031746031, 0.022971123456954956, 0.8, 0.019365789368748665, 0.023839715868234634]
[0.4642857142857143, 0.5, 0.3333333333333333, 0.42424242424242425, 0.6153846153846154, 0.5869565217391305, 0.019212882965803146, 0.018214639276266098, 0.3610478400272348, 0.3610243856564991, 0.7969311482591793, 0.2127408657150966, 0.34186214208602905, 0.34186214208602905, 0.6867029666900635, 0.0, 0.0, 0.0, 0.06082215309143066, 0.47098703868687153, 0.4672987423837185, 0.0, -0.0, 0.022169144824147224, 0.6031746031746031, 0.022507205605506897, 0.8, 0.018566053360700607, 0.04847049247473478]
[0.4642857142857143, 0.5, 0.3333333333333333, 0.42424242424242425, 0.6153846153846154, 0.5869565217391305, 0.7795830368995667, 0.778884768486023, 0.23187239174633134, 0.2318415979126443, 0.5898019020689605, 0.41226963645362896, 0.45068025588989263, 0.45068025588989263, 0.65019491314888, 0.0, 0.0, 0.0, 0.06256224736571311, 0.470562232658267, 0.46378808096051216, 0.0, -0.0, 0.029471322894096375, 0.6031746031746031, 0.031913306564092636, 0.8, 0.02060566656291485, 0.06172994151711464]
[0.4642857142857143, 0.5, 0.3333333333333333, 0.42424242424242425, 0.6153846153846154, 0.5869565217391305, 0.3413732349872589, 0.34033533930778503, 0.25055987246861644, 0.25052996757609436, 0.6674715465159079, 0.3364625801725045, 0.41108329381261555, 0.41108329381261555, 0.6680545657873154, 0.0, 0.0, 0.0, 0.06809972077608108, 0.46603547781705856, 0.4553784467279911, 0.0, 0.09387309849262238, 0.03258645907044411, 0.6031746031746031, 0.03585946187376976, 0.8, 0.023037085309624672, 0.11582665145397186]
[0.4642857142857143, 0.5, 0.3333333333333333, 0.42424242424242425, 0.6153846153846154, 0.5869565217391305, 0.25011688470840454, 0.24822916090488434, 0.2664674746146849, 0.2664384586633277, 0.7097953801857126, 0.29560499797081125, 0.37758399333272663, 0.37758399333272663, 0.666217491030693, 0.0, 0.0, 0.0, 0.0658247735351324, 0.46653351187705994, 0.45634109899401665, 0.0, -0.0, 0.030475616455078125, 0.6031746031746031, 0.033523645251989365, 0.8, 0.023279448971152306, 0.1315178070217371]
[0.4642857142857143, 0.5, 0.3333333333333333, 0.42424242424242425, 0.6153846153846154, 0.5869565217391305, 0.23626838624477386, 0.23429526388645172, 0.27860370967857695, 0.27857457976040373, 0.6534482944991803, 0.3487581636385475, 0.35982528967516764, 0.35982528967516764, 0.6821417808532715, 0.0, 0.0, 0.0, 0.06370627023279667, 0.46746788918972015, 0.4591010995209217, 0.0, -0.0, 0.027715975418686867, 0.6031746031746031, 0.02996155247092247, 0.8, 0.023647265508770943, 0.12609717436134815]
[0.4642857142857143, 0.5, 0.3333333333333333, 0.42424242424242425, 0.6153846153846154, 0.5869565217391305, 0.2470100373029709, 0.24562549591064453, 0.2717267012732891, 0.27169921247726647, 0.5741153670542555, 0.4259671827068698, 0.33251038619450163, 0.33251038619450163, 0.6771256774663925, 0.0, 0.0, 0.0, 0.061152656003832816, 0.4672897197306156, 0.4598136357963085, 0.0, -0.0, 0.02696838788688183, 0.6031746031746031, 0.028400234878063202, 0.8, 0.023166092112660408, 0.06615256890654564]
[0.4642857142857143, 0.5, 0.3333333333333333, 0.42424242424242425, 0.6153846153846154, 0.5869565217391305, 0.2511495351791382, 0.24981357157230377, 0.27105409191853685, 0.2710263751888822, 0.5291168689727783, 0.470049997310059, 0.31279800193650387, 0.31279800193650387, 0.6897590309381485, 0.0, 0.0, 0.0, 0.06038788966834545, 0.46781596168875694, 0.46132221072912216, 0.0, -0.0, 0.027068080380558968, 0.6031746031746031, 0.02786099910736084, 0.8, 0.022442562505602837, 0.02569020725786686]
[0.4642857142857143, 0.5, 0.3333333333333333, 0.42424242424242425, 0.6153846153846154, 0.5869565217391305, 0.24986839294433594, 0.24837107956409454, 0.2797705019409297, 0.279743127111723, 0.5059683727061316, 0.49251865195903854, 0.32015499259744373, 0.32015499259744373, 0.691845640540123, 0.0, 0.0, 0.0, 0.06540843024849892, 0.4669846296310425, 0.4610975570976734, 0.0, -0.0, 0.027148231863975525, 0.6031746031746031, 0.027480097487568855, 0.8, 0.021630512550473213, 0.0]
[0.4642857142857143, 0.5, 0.3333333333333333, 0.42424242424242425, 0.6153846153846154, 0.5869565217391305, 0.24507486820220947, 0.24340568482875824, 0.28657573404549186, 0.28654860994328046, 0.49925955167542396, 0.4989611732749542, 0.39027613188539234, 0.39027613188539234, 0.6601315438747406, 0.0, 0.0, 0.0, 0.07624669149518012, 0.4658250920474529, 0.4601535312831402, 0.11365798860788345, 0.11365798860788345, 0.027642054483294487, 0.6031746031746031, 0.02771221660077572, 0.8, 0.022162312641739845, 0.0]
[0.05893478755440029, 0.06346823275089264, 0.8730635344982147, 0.8730635344982147, 0.6153846153846154, 0.5869565217391305, 0.30777448415756226, 0.30651599168777466, 0.27905627190496907, 0.2790287147288568, 0.4817078373970083, 0.5164951018297371, 0.41956969669887, 0.41956969669887, 0.6032334566116333, 0.0, 0.0, 0.0, 0.08166636973619461, 0.4638914652168751, 0.45803647860884666, 0.12200741469860077, 0.12200741469860077, 0.030484799295663834, 0.6031746031746031, 0.030235134065151215, 0.8, 0.023657556623220444, 0.0]
[0.0, 0.0, 1.0, 1.0, 0.6153846153846154, 0.5869565217391305, 0.32424280047416687, 0.3231651782989502, 0.2819470173998043, 0.28191966536396096, 0.47965594037768944, 0.5184859482503024, 0.48553849969591417, 0.48553849969591417, 0.5817456394433975, 0.0, 0.0, 0.0, 0.08327969834208487, 0.46290362626314163, 0.45712482184171677, 0.12431588023900986, 0.12431588023900986, 0.03249173238873482, 0.6031746031746031, 0.03184232488274574, 0.8, 0.025659658014774323, 0.0]
[0.0, 0.0, 1.0, 1.0, 0.6153846153846154, 0.5869565217391305, 0.32910481095314026, 0.3281193971633911, 0.29113493093341075, 0.2911080119714682, 0.49768539148438046, 0.500370971280753, 0.49771038549286983, 0.49771038549286983, 0.5778951793909073, 0.0, 0.0, 0.0, 0.08455028608441352, 0.46167008206248283, 0.4553987793624401, 0.12583795189857483, 0.12583795189857483, 0.03356010466814041, 0.6031746031746031, 0.032790407538414, 0.8, 0.027257593348622322, 0.0]
[0.0, 0.0, 1.0, 1.0, 0.6153846153846154, 0.5869565217391305, 0.38684505224227905, 0.38581913709640503, 0.2877312891797855, 0.28770398273066855, 0.5541494350816278, 0.44405308959082435, 0.5487819015979767, 0.5487819015979767, 0.5502333790063858, 0.0, 0.0, 0.0, 0.08603388406336307, 0.46211035549640656, 0.45505504310131073, 0.1259831041097641, 0.1259831041097641, 0.034487731754779816, 0.6031746031746031, 0.0337960310280323, 0.8, 0.028720134869217873, 0.00697374576702714]
[0.0, 0.0, 1.0, 1.0, 0.6153846153846154, 0.5869565217391305, 0.3939911425113678, 0.3929283916950226, 0.2984567518216018, 0.2984299696198385, 0.5896295557514432, 0.4089591739687769, 0.5597308278083801, 0.5597308278083801, 0.5470738112926483, 0.0, 0.0, 0.0, 0.08639870434999465, 0.46262041106820107, 0.4553484208881855, 0.12526953220367432, 0.12526953220367432, 0.03443491831421852, 0.6031746031746031, 0.03376788645982742, 0.8, 0.030338678508996964, 0.05358980502933264]
[0.0, 0.0, 1.0, 1.0, 0.6153846153846154, 0.5869565217391305, 0.3949942886829376, 0.39399993419647217, 0.29782842997155273, 0.29780164776978935, 0.5907783982402736, 0.4079926327988427, 0.5704616861683982, 0.5704616861683982, 0.5420460253953934, 0.0, 0.0, 0.0, 0.08535033725202083, 0.46261704340577126, 0.45498882234096527, 0.12316318601369858, 0.12316318601369858, 0.03465913608670235, 0.6031746031746031, 0.034048423171043396, 0.8, 0.03272340074181557, 0.07575750350952148]
[0.0, 0.0, 1.0, 1.0, 0.6153846153846154, 0.5869565217391305, 0.3748929798603058, 0.37340977787971497, 0.29580223674300066, 0.29577534057442134, 0.5690595198771694, 0.4292963015595034, 0.5472907636846815, 0.5472907636846815, 0.5375277549028397, 0.0, 0.0, 0.0, 0.0908724695444107, 0.458980780094862, 0.4494476653635502, 0.13191115856170654, 0.13191115856170654, 0.035262130200862885, 0.6031746031746031, 0.0348026342689991, 0.8, 0.033059678971767426, 0.07882417179644108]
[0.0, 0.0, 1.0, 1.0, 0.6153846153846154, 0.5869565217391305, 0.341023713350296, 0.3390465974807739, 0.303506963339636, 0.30348043186486795, 0.5165117174443962, 0.48069127836322645, 0.5279037143502917, 0.5279037143502917, 0.5620491057634354, 0.0, 0.0, 0.0, 0.09345592632889747, 0.4595789909362793, 0.45366165041923523, 0.13641318678855896, 0.13641318678855896, 0.03531138598918915, 0.6031746031746031, 0.034695953130722046, 0.8, 0.03320278972387314, 0.04008575342595577]
[0.0, 0.0, 1.0, 1.0, 0.6153846153846154, 0.5869565217391305, 0.30366167426109314, 0.3025999069213867, 0.3082323466386667, 0.30820588354398826, 0.4547793150631921, 0.5419580735913604, 0.45913496187755043, 0.45913496187755043, 0.5750782340764999, 0.0, 0.0, 0.0, 0.08947677724063396, 0.46262770891189575, 0.457880400121212, 0.13212613761425018, 0.13212613761425018, 0.034560609608888626, 0.6031746031746031, 0.033877041190862656, 0.8, 0.032147035002708435, 0.0059400987811386585]
[0.0, 0.0, 1.0, 1.0, 0.6153846153846154, 0.5869565217391305, 0.2840740978717804, 0.2829216718673706, 0.3165310796770493, 0.31650535736667496, 0.38914421593937776, 0.6087631175845754, 0.41399553418159485, 0.41399553418159485, 0.6166849434375763, 0.0, 0.0, 0.0, 0.07755000591278076, 0.46600139513611794, 0.46372000873088837, 0.11429635435342789, 0.11429635435342789, 0.03355444222688675, 0.6031746031746031, 0.03255544975399971, 0.8, 0.03080395609140396, 0.0]
[0.0, 0.0, 1.0, 1.0, 0.6153846153846154, 0.5869565217391305, 0.2536594271659851, 0.25233450531959534, 0.31352470345068617, 0.313499117900491, 0.3248001243598603, 0.6752376934259795, 0.36888648356710163, 0.36888648356710163, 0.6468911916017532, 0.0, 0.0, 0.0, 0.06891915500164031, 0.4682149663567543, 0.4691044446080923, 0.10113260895013809, -0.0, 0.03112514317035675, 0.6031746031746031, 0.02982424572110176, 0.8, 0.029737131670117378, 0.0]
[0.0, 0.0, 1.0, 1.0, 0.6153846153846154, 0.5869565217391305, 0.23975332081317902, 0.23878632485866547, 0.3116678193240047, 0.3116421084103119, 0.2958246198256659, 0.705126904114204, 0.3685549114431654, 0.3685549114431654, 0.6490381062030792, 0.0, 0.0, 0.0, 0.06774309910833835, 0.468724362552166, 0.4700011946260929, 0.0, -0.0, 0.02991672046482563, 0.6031746031746031, 0.028428103774785995, 0.8, 0.029017223045229912, 0.0]
[0.0, 0.0, 1.0, 1.0, 0.6153846153846154, 0.5869565217391305, 0.2038773000240326, 0.2031637281179428, 0.3151133666758783, 0.3150879976626336, 0.27509391923251614, 0.7268450132013, 0.34173113959176205, 0.34173113959176205, 0.6771387159824371, 0.0, 0.0, 0.0, 0.0655048944056034, 0.4702660460025072, 0.4722394831478596, 0.0, -0.0, 0.028405850753188133, 0.6031746031746031, 0.02669602446258068, 0.8, 0.028627481311559677, 0.0]
[0.0, 0.0, 1.0, 1.0, 0.6153846153846154, 0.5869565217391305, 0.1938423067331314, 0.19299963116645813, 0.32444393247308967, 0.32441888256692974, 0.31794339065114124, 0.6819927117514059, 0.34286159489836016, 0.34286159489836016, 0.6543501615524292, 0.0, 0.0, 0.0, 0.06551657691597938, 0.4703959450125694, 0.472455071285367, 0.0, -0.0, 0.02725367248058319, 0.6031746031746031, 0.02560504898428917, 0.8, 0.028192933648824692, 0.0]
[0.0, 0.0, 1.0, 1.0, 0.6153846153846154, 0.5869565217391305, 0.506721556186676, 0.5059947371482849, 0.2714156402456601, 0.2713880146894583, 0.40778045718118294, 0.5914242318387191, 0.4658682431493487, 0.4658682431493487, 0.6253950148820877, 0.0, 0.0, 0.0, 0.08231082186102867, 0.4687199965119362, 0.46985612995922565, 0.12133628875017166, 0.12133628875017166, 0.03332251310348511, 0.6031746031746031, 0.031266942620277405, 0.8, 0.030109506100416183, 0.0]
[0.4642857142857143, 0.5, 0.3333333333333333, 0.42424242424242425, 0.6153846153846154, 0.5869565217391305, 0.02725282497704029, 0.027394955977797508, 0.3905819871001672, 0.39056109698279184, 0.5749133626999864, 0.423986986485261, 0.4921997232096536, 0.4921997232096536, 0.6067849099636078, 0.0, 0.0, 0.0, 0.07682705149054526, 0.471024626865983, 0.47057390958070755, 0.11571205407381058, 0.11571205407381058, 0.03419693186879158, 0.6031746031746031, 0.032363831996917725, 0.8, 0.03191734477877617, 0.0]
[0.4642857142857143, 0.5, 0.3333333333333333, 0.42424242424242425, 0.6153846153846154, 0.5869565217391305, 0.0, 0.0, 0.43253260224088885, 0.4325152393964691, 0.6743153221976461, 0.32873998357911816, 0.43481990694999695, 0.43481990694999695, 0.5852177292108536, 0.0, 0.0, 0.0, 0.09446039274334907, 0.46970713324844837, 0.4679689444601536, 0.14161448180675507, 0.14161448180675507, 0.03201394900679588, 0.6031746031746031, 0.030535854399204254, 0.8, 0.03280938044190407, 0.0]
[0.4642857142857143, 0.5, 0.3333333333333333, 0.42424242424242425, 0.6153846153846154, 0.5869565217391305, 0.0, 0.0, 0.42609449144075295, 0.4260767468074995, 0.7149839930051143, 0.28971934131130384, 0.41524631636483333, 0.41524631636483333, 0.5846442729234695, 0.0, 0.0, 0.0, 0.08621533066034316, 0.469980426132679, 0.46773067861795425, 0.12557537853717804, 0.12557537853717804, 0.029131093993782997, 0.6031746031746031, 0.028089208528399467, 0.8, 0.03153524920344353, 0.0]
[0.4642857142857143, 0.5, 0.3333333333333333, 0.42424242424242425, 0.6153846153846154, 0.5869565217391305, 0.0, 0.0, 0.434275952625457, 0.4342588063179877, 0.7338862327954965, 0.27195360140357777, 0.40702421750341145, 0.40702421750341145, 0.5889264047145844, 0.0, 0.0, 0.0, 0.08165952712297439, 0.4705500937998295, 0.4680522717535496, 0.11880524456501007, 0.11880524456501007, 0.026354752480983734, 0.6031746031746031, 0.025698183104395866, 0.8, 0.02973923645913601, 0.0]
[0.4642857142857143, 0.5, 0.3333333333333333, 0.42424242424242425, 0.6153846153846154, 0.5869565217391305, 0.0, 0.0, 0.4437674452652211, 0.44375096566362543, 0.7380751970849119, 0.26831211090493107, 0.41667463524000986, 0.41667463524000986, 0.5843063145875931, 0.0, 0.0, 0.0, 0.11357872188091277, 0.4609323553740978, 0.45797378197312355, 0.17060701549053192, 0.17060701549053192, 0.026446670293807983, 0.6031746031746031, 0.025952443480491638, 0.8, 0.02898574061691761, 0.0]
[0.4642857142857143, 0.5, 0.3333333333333333, 0.42424242424242425, 0.6153846153846154, 0.5869565217391305, 0.0, 0.0, 0.40261266609906693, 0.4025931093934389, 0.614681410743903, 0.38533998442374906, 0.4049724127565112, 0.4049724127565112, 0.6129286140203476, 0.0, 0.0, 0.0, 0.08726673312485217, 0.462337251752615, 0.46203380450606346, 0.13069123029708862, 0.13069123029708862, 0.02653915248811245, 0.6031746031746031, 0.02608802728354931, 0.8, 0.02977898344397545, 0.0]
[0.0, 0.0, 1.0, 1.0, 0.6153846153846154, 0.5869565217391305, 0.15142004191875458, 0.15059146285057068, 0.31892946573334036, 0.31890467795085725, 0.41310914091580686, 0.5845852085732087, 0.3384713402816228, 0.3384713402816228, 0.6254744976758957, 0.0, 0.0, 0.0, 0.07981756813824176, 0.4654364250600338, 0.46526939794421196, 0.11994435638189316, 0.11994435638189316, 0.027532434090971947, 0.6031746031746031, 0.026732565835118294, 0.8, 0.030524905771017075, 0.0]
[0.4642857142857143, 0.5, 0.3333333333333333, 0.42424242424242425, 0.6153846153846154, 0.5869565217391305, 0.16990028321743011, 0.16903679072856903, 0.3232305277829872, 0.3232060477109074, 0.37052021473361246, 0.6278662694749089, 0.30914370502744404, 0.30914370502744404, 0.6550151109695435, 0.0, 0.0, 0.0, 0.07749775797128677, 0.4669692926108837, 0.4667758047580719, 0.11579783260822296, 0.11579783260822296, 0.02826729603111744, 0.6031746031746031, 0.02712664194405079, 0.8, 0.03034372627735138, 0.0]
[0.4642857142857143, 0.5, 0.3333333333333333, 0.42424242424242425, 0.6153846153846154, 0.5869565217391305, 0.16589155793190002, 0.165155827999115, 0.32623011158711596, 0.3262057682752153, 0.3530878961428173, 0.6456851350139199, 0.2954647157873426, 0.2954647157873426, 0.6631448119878769, 0.0, 0.0, 0.0, 0.07571806833148002, 0.46787887811660767, 0.468063049018383, 0.1127181351184845, 0.1127181351184845, 0.028640469536185265, 0.6031746031746031, 0.02727837860584259, 0.8, 0.02933112345635891, 0.0]
[0.4642857142857143, 0.5, 0.3333333333333333, 0.42424242424242425, 0.6153846153846154, 0.5869565217391305, 0.17368343472480774, 0.17275172472000122, 0.3189829161700509, 0.31895817397429427, 0.365343716586753, 0.6330999675667258, 0.28259433805942535, 0.28259433805942535, 0.6660071611404419, 0.0, 0.0, 0.0, 0.07502700611948966, 0.46846817061305046, 0.46907903999090195, 0.11149614304304123, 0.11149614304304123, 0.02900857850909233, 0.6031746031746031, 0.02747448720037937, 0.8, 0.028742266818881035, 0.0]
[0.4642857142857143, 0.5, 0.3333333333333333, 0.42424242424242425, 0.6153846153846154, 0.5869565217391305, 0.18098804354667664, 0.18007031083106995, 0.3103999612892107, 0.3103748885896876, 0.42916819356367647, 0.568640719642552, 0.27026775692190447, 0.27026775692190447, 0.658633828163147, 0.0, 0.0, 0.0, 0.07454288862645625, 0.46885427460074425, 0.46921309269964695, 0.11072323471307755, 0.11072323471307755, 0.029348116368055344, 0.6031746031746031, 0.027934059500694275, 0.8, 0.028172841295599937, 0.0]
[0.4642857142857143, 0.5, 0.3333333333333333, 0.42424242424242425, 0.6153846153846154, 0.5869565217391305, 0.19538018107414246, 0.19431261718273163, 0.3104176261456929, 0.310392519256125, 0.47089019981898494, 0.526685062894807, 0.3022954506533487, 0.3022954506533487, 0.630065307021141, 0.0, 0.0, 0.0, 0.08420819975435734, 0.46739399060606956, 0.46470411866903305, 0.12673857808113098, 0.12673857808113098, 0.030501199886202812, 0.6031746031746031, 0.029283424839377403, 0.8, 0.028200436383485794, 0.0]
[0.4642857142857143, 0.5, 0.3333333333333333, 0.42424242424242425, 0.6153846153846154, 0.5869565217391305, 0.19916872680187225, 0.1979832500219345, 0.3075900524569743, 0.30756463785700316, 0.5026032072180315, 0.4948158753710946, 0.3101780797754015, 0.3101780797754015, 0.6037011444568634, 0.0, 0.0, 0.0, 0.08906168043613433, 0.4644390940666199, 0.4603835791349411, 0.13386750221252441, 0.13386750221252441, 0.031155217438936234, 0.6031746031746031, 0.030200866982340813, 0.8, 0.027399208396673203, 0.0]
[0.4642857142857143, 0.5, 0.3333333333333333, 0.42424242424242425, 0.6153846153846154, 0.5869565217391305, 0.20320139825344086, 0.20186839997768402, 0.30881752065217294, 0.30879217443229134, 0.5057609409920116, 0.4917068777252515, 0.3322129057986396, 0.3322129057986396, 0.5726676285266876, 0.0, 0.0, 0.0, 0.09002993628382683, 0.45681214332580566, 0.4520588107407093, 0.13465334475040436, 0.13465334475040436, 0.032029252499341965, 0.6031746031746031, 0.0313401073217392, 0.8, 0.025598373264074326, 0.0]
[0.4642857142857143, 0.5, 0.3333333333333333, 0.42424242424242425, 0.6153846153846154, 0.5869565217391305, 0.2207881212234497, 0.21941480040550232, 0.3046110738531809, 0.30458552249303056, 0.4711491181791171, 0.5263129982797361, 0.3544765604393823, 0.3544765604393823, 0.5832418948411942, 0.0, 0.0, 0.0, 0.08850691504776477, 0.45413343980908394, 0.449888676404953, 0.1316845715045929, 0.1316845715045929, 0.032874539494514465, 0.6031746031746031, 0.0324137806892395, 0.8, 0.025632323697209358, 0.0]
[0.4642857142857143, 0.5, 0.3333333333333333, 0.42424242424242425, 0.6153846153846154, 0.5869565217391305, 0.3466245234012604, 0.345840722322464, 0.2832825717233107, 0.2832560630419058, 0.4178741105883801, 0.5803769525510125, 0.3565521538257599, 0.3565521538257599, 0.5986644923686981, 0.0, 0.0, 0.0, 0.08566090166568756, 0.4551594406366348, 0.45169905200600624, 0.12668649852275848, 0.12668649852275848, 0.034939151257276535, 0.6031746031746031, 0.03448464348912239, 0.7958041001544442, 0.02627865970134735, 0.0]
[0.0, 0.0, 1.0, 1.0, 0.6153846153846154, 0.5869565217391305, 0.6065315008163452, 0.6061448454856873, 0.22927456376201566, 0.2292462316115545, 0.3883237004508024, 0.6124629476963398, 0.38733747388635364, 0.38733747388635364, 0.57879239320755, 0.0, 0.0, 0.0, 0.09987311884760856, 0.43929991871118546, 0.4397638514637947, 0.144610196352005, 0.144610196352005, 0.052547454833984375, 0.48816017735572087, 0.0, 0.6976744186046512, 0.029197465628385544, 0.0]
[0.4642857142857143, 0.5, 0.3333333333333333, 0.42424242424242425, 0.6153846153846154, 0.5869565217391305, 0.32346490025520325, 0.3225249946117401, 0.28699592969613597, 0.28696983129526876, 0.35990526571328507, 0.6397886743002544, 0.3456327532018934, 0.3456327532018934, 0.598695382475853, 0.0, 0.0, 0.0, 0.10906930416822433, 0.44647473469376564, 0.4468005299568176, 0.1607951521873474, 0.1607951521873474, 0.05103520676493645, 0.5437535478009118, 0.05083180591464043, 0.7591734822233056, 0.02944077178835869, 0.0]
[0.4642857142857143, 0.5, 0.3333333333333333, 0.42424242424242425, 0.6153846153846154, 0.5869565217391305, 0.26767921447753906, 0.267107754945755, 0.2954454066420604, 0.295419513381462, 0.3879130324259771, 0.6106376152826718, 0.31652165310723446, 0.31652165310723446, 0.6327462494373322, 0.0, 0.0, 0.0, 0.10502275377511977, 0.44627808406949043, 0.44632919877767563, 0.1528916358947754, 0.1528916358947754, 0.04782933369278908, 0.5952831705411274, 0.04724948853254318, 0.7841447264302609, 0.027675647288560867, 0.0]
[0.4642857142857143, 0.5, 0.3333333333333333, 0.42424242424242425, 0.6153846153846154, 0.5869565217391305, 0.23670829832553864, 0.23602358996868134, 0.3010840288311756, 0.3010584774710252, 0.43524815794614713, 0.5627735355793354, 0.31247330563408987, 0.31247330563408987, 0.6436649858951569, 0.0, 0.0, 0.0, 0.08690334185957908, 0.45296967029571533, 0.4504886083304882, 0.12723402678966522, 0.12723402678966522, 0.04488798975944519, 0.6031746031746031, 0.044290851801633835, 0.8, 0.026076676324009895, 0.0]
[0.4642857142857143, 0.5, 0.3333333333333333, 0.42424242424242425, 0.6153846153846154, 0.5869565217391305, 0.23305483162403107, 0.23234747350215912, 0.2954286991068328, 0.29540296539977673, 0.47716867872451507, 0.5208495858243907, 0.34618387264864786, 0.34618387264864786, 0.5975150913000107, 0.0, 0.0, 0.0, 0.0939931184053421, 0.4483400769531727, 0.4409666173160076, 0.13981309533119202, 0.13981309533119202, 0.042575955390930176, 0.6031746031746031, 0.041992925107479095, 0.795271541316842, 0.025454610586166382, 0.0]
[0.4642857142857143, 0.5, 0.3333333333333333, 0.42424242424242425, 0.6153846153846154, 0.5869565217391305, 0.22861862182617188, 0.22781747579574585, 0.29322528747937876, 0.2931988927647899, 0.5037900234499579, 0.4942878158274339, 0.35869844257831573, 0.35869844257831573, 0.5796944797039032, 0.0, 0.0, 0.0, 0.09843048006296157, 0.44448448717594147, 0.43593379855155945, 0.14509046077728271, 0.14509046077728271, 0.04179301857948303, 0.6031746031746031, 0.041354160755872726, 0.8, 0.024762656539678574, 0.0]
[0.4642857142857143, 0.5, 0.3333333333333333, 0.42424242424242425, 0.6153846153846154, 0.5869565217391305, 0.2276528775691986, 0.22673580050468445, 0.29033173840086957, 0.2903052297194647, 0.5205934403845275, 0.4776640690028959, 0.3567492961883545, 0.3567492961883545, 0.5806714445352554, 0.0, 0.0, 0.0, 0.09501971900463103, 0.44588273391127586, 0.43779732286930084, 0.1391860991716385, 0.1391860991716385, 0.03995392471551895, 0.6031746031746031, 0.039698123931884766, 0.8, 0.02349935472011566, 0.0]
[0.4642857142857143, 0.5, 0.3333333333333333, 0.42424242424242425, 0.6153846153846154, 0.5869565217391305, 0.2171165496110916, 0.215987890958786, 0.28918908431014867, 0.28916237048847493, 0.5334176632004076, 0.46485257485577935, 0.3645518102816173, 0.3645518102816173, 0.5680793672800064, 0.0, 0.0, 0.0, 0.09297224953770637, 0.4470754526555538, 0.4390569441020489, 0.1361672729253769, 0.1361672729253769, 0.03888755664229393, 0.6031746031746031, 0.038715533912181854, 0.8, 0.022817788645625114, 0.0]
[0.4642857142857143, 0.5, 0.3333333333333333, 0.42424242424242425, 0.6153846153846154, 0.5869565217391305, 0.168535977602005, 0.167847141623497, 0.3170267327565764, 0.31700166005705327, 0.5948017972377244, 0.4047844555313632, 0.4579599840300424, 0.4579599840300424, 0.5886862874031067, 0.0, 0.0, 0.0, 0.08915295526385307, 0.44814997911453247, 0.4399481303989887, 0.12970410287380219, 0.12970410287380219, 0.03796517476439476, 0.6031746031746031, 0.03813594952225685, 0.8, 0.022449545562267303, 0.010388378286734223]
[0.4642857142857143, 0.5, 0.3333333333333333, 0.42424242424242425, 0.6153846153846154, 0.5869565217391305, 0.0, 0.0, 0.4007781878484139, 0.4007585513660146, 0.749978597943687, 0.257001063969071, 0.4549247239317213, 0.4549247239317213, 0.6331532299518585, 0.0, 0.0, 0.0, 0.0819494567811489, 0.45438624918460846, 0.4480522833764553, 0.12110592424869537, 0.12110592424869537, 0.03468755632638931, 0.6031746031746031, 0.03535992279648781, 0.8, 0.0214838944375515, 0.017069901805371046]
[0.4642857142857143, 0.5, 0.3333333333333333, 0.42424242424242425, 0.6153846153846154, 0.5869565217391305, 0.0, 0.0, 0.4309474377969483, 0.43092957919687885, 0.7459814853923499, 0.26104914248052974, 0.4643770839486804, 0.4643770839486804, 0.6100987643003464, 0.0, 0.0, 0.0, 0.09978282451629639, 0.451743233948946, 0.4454224929213524, 0.14908742904663086, 0.14908742904663086, 0.034010130912065506, 0.6031746031746031, 0.03502403572201729, 0.8, 0.022188782691955566, 0.012354595819488168]
[0.4642857142857143, 0.5, 0.3333333333333333, 0.42424242424242425, 0.6153846153846154, 0.5869565217391305, 0.0, 0.0, 0.4127637758765576, 0.41274478330666886, 0.7158641131384651, 0.28955149098467825, 0.47401347330638344, 0.47401347330638344, 0.6066249459981918, 0.0, 0.0, 0.0, 0.10122959911823272, 0.4467634782195091, 0.4405766390264034, 0.15155473351478577, 0.15155473351478577, 0.03484932705760002, 0.6031746031746031, 0.03594084456562996, 0.8, 0.024775713682174683, 0.0017955125076696277]
[0.4642857142857143, 0.5, 0.3333333333333333, 0.42424242424242425, 0.6153846153846154, 0.5869565217391305, 0.0, 0.0, 0.4122529880038639, 0.4122338130870695, 0.6630350349054281, 0.34000817899215696, 0.4737658798694611, 0.4737658798694611, 0.6008903086185455, 0.0, 0.0, 0.0, 0.08913720995187759, 0.4478347860276699, 0.44552870467305183, 0.13391424715518951, 0.13391424715518951, 0.03613051027059555, 0.6031746031746031, 0.036827340722084045, 0.8, 0.027004538103938103, 0.0]
[0.4642857142857143, 0.5, 0.3333333333333333, 0.42424242424242425, 0.6153846153846154, 0.5869565217391305, 0.0, 0.0, 0.41405663253244435, 0.41403774253269, 0.6936780107180885, 0.31095892653131985, 0.47927788325718473, 0.47927788325718473, 0.6096178293228149, 0.0, 0.0, 0.0, 0.09377514570951462, 0.4505271650850773, 0.4481843262910843, 0.14261828362941742, 0.14261828362941742, 0.036768727004528046, 0.6031746031746031, 0.037149444222450256, 0.8, 0.028628641739487648, 0.0]
[0.4642857142857143, 0.5, 0.3333333333333333, 0.42424242424242425, 0.6153846153846154, 0.5869565217391305, 0.3927907645702362, 0.39118489623069763, 0.2685860493442981, 0.2685592899358979, 0.5499934812804709, 0.4503578706129053, 0.4982894659042359, 0.4982894659042359, 0.6261873692274094, 0.0, 0.0, 0.0, 0.09740998670458793, 0.4500199928879738, 0.4455329701304436, 0.14548014104366302, 0.14548014104366302, 0.03819013386964798, 0.6031746031746031, 0.038542378693819046, 0.8, 0.029080163687467575, 0.0]
[0.4642857142857143, 0.5, 0.3333333333333333, 0.42424242424242425, 0.6153846153846154, 0.5869565217391305, 0.3777705729007721, 0.377134770154953, 0.2674206246837375, 0.2673934094080733, 0.5924453794614307, 0.40794771847665146, 0.4542540226663862, 0.4542540226663862, 0.641669511795044, 0.0, 0.0, 0.0, 0.07446127273142338, 0.4545052945613861, 0.44788725301623344, 0.10680975764989853, 0.10680975764989853, 0.039687592536211014, 0.6031746031746031, 0.04058961570262909, 0.8, 0.027388906106352806, 0.018429673509672284]
[0.4642857142857143, 0.5, 0.3333333333333333, 0.42424242424242425, 0.6153846153846154, 0.5869565217391305, 0.270006388425827, 0.269400417804718, 0.28374238223920134, 0.2837156684175276, 0.6029097669211219, 0.3969297030181269, 0.39917911802019396, 0.39917911802019396, 0.616362988948822, 0.0, 0.0, 0.0, 0.07160106562077999, 0.45603492483496666, 0.4486079774796963, 0.10287618637084961, 0.10287618637084961, 0.03775643929839134, 0.6031746031746031, 0.03872164338827133, 0.8, 0.026001397520303726, 0.04971907939761877]
[0.4642857142857143, 0.5, 0.3333333333333333, 0.42424242424242425, 0.6153846153846154, 0.5869565217391305, 0.2542504072189331, 0.2527018189430237, 0.2887713731360937, 0.288744773281236, 0.5560454212228837, 0.44269147105649553, 0.3912111052445003, 0.3912111052445003, 0.5937737822532654, 0.0, 0.0, 0.0, 0.07462564930319786, 0.45504283532500267, 0.4464728571474552, 0.10798390209674835, 0.10798390209674835, 0.03592313453555107, 0.6031746031746031, 0.0367795005440712, 0.8, 0.024443574249744415, 0.045650918036699295]
[0.4642857142857143, 0.5, 0.3333333333333333, 0.42424242424242425, 0.6153846153846154, 0.5869565217391305, 0.2707875072956085, 0.2694716453552246, 0.2846519058110837, 0.28462512360932035, 0.5021019086854294, 0.4960959392518837, 0.3753618257386344, 0.3753618257386344, 0.60308937728405, 0.0, 0.0, 0.0, 0.08339415304362774, 0.45315738394856453, 0.44491275772452354, 0.12378446757793427, 0.12378446757793427, 0.0356425903737545, 0.6031746031746031, 0.03619149699807167, 0.8, 0.02394278720021248, 0.009257316123694181]
[0.4642857142857143, 0.5, 0.3333333333333333, 0.42424242424242425, 0.6153846153846154, 0.5869565217391305, 0.27085989713668823, 0.26968273520469666, 0.2888516285679309, 0.28882502871307314, 0.4522081553138237, 0.5458505083344812, 0.34602557974202297, 0.34602557974202297, 0.6173026263713837, 0.0, 0.0, 0.0, 0.083632517978549, 0.455818772315979, 0.45106786862015724, 0.12405535578727722, 0.12405535578727722, 0.03638886287808418, 0.6031746031746031, 0.036524660885334015, 0.7995121111703474, 0.024127431213855743, 0.0]
[0.4642857142857143, 0.5, 0.3333333333333333, 0.42424242424242425, 0.6153846153846154, 0.5869565217391305, 0.26844337582588196, 0.2674297094345093, 0.29375441261276913, 0.29372804069154346, 0.41890865575742997, 0.579459513983758, 0.33979927854878567, 0.33979927854878567, 0.6418197751045227, 0.0, 0.0, 0.0, 0.08079701885581016, 0.4566630832850933, 0.4522223733365536, 0.11909953504800797, 0.11909953504800797, 0.03736043721437454, 0.6031746031746031, 0.037131212651729584, 0.8, 0.02417953684926033, 0.0]
[0.4642857142857143, 0.5, 0.3333333333333333, 0.42424242424242425, 0.6153846153846154, 0.5869565217391305, 0.2564614713191986, 0.255658894777298, 0.2953462555121281, 0.2953200431444449, 0.39840305102258977, 0.6003052327367995, 0.31874706702572964, 0.31874706702572964, 0.6487551629543304, 0.0, 0.0, 0.0, 0.07862260900437831, 0.456971250474453, 0.45343419536948204, 0.11582417041063309, 0.11582417041063309, 0.03762548416852951, 0.6031746031746031, 0.03705890104174614, 0.8, 0.02391691692173481, 0.0]
[0.4642857142857143, 0.5, 0.3333333333333333, 0.42424242424242425, 0.6153846153846154, 0.5869565217391305, 0.23900985717773438, 0.2382071614265442, 0.2971354433500972, 0.2971092537757771, 0.39068463701135114, 0.6080723932044177, 0.31014516949653625, 0.31014516949653625, 0.6496261060237885, 0.0, 0.0, 0.0, 0.07821652963757514, 0.45725514739751816, 0.45464230701327324, 0.11513693630695343, 0.11513693630695343, 0.037916310131549835, 0.6031746031746031, 0.03701827675104141, 0.8, 0.02397693507373333, 0.0]
[0.4642857142857143, 0.5, 0.3333333333333333, 0.42424242424242425, 0.6153846153846154, 0.5869565217391305, 0.23046207427978516, 0.22989621758460999, 0.2960762129686986, 0.296049955014289, 0.4087611359346437, 0.5896238667052695, 0.3006762585469655, 0.3006762585469655, 0.6495666652917862, 0.0, 0.0, 0.0, 0.07655712813138961, 0.45883340761065483, 0.4568222761154175, 0.11221834272146225, 0.11221834272146225, 0.03784048929810524, 0.6031746031746031, 0.03684623911976814, 0.7959319183299708, 0.02394191548228264, 0.0]
[0.4642857142857143, 0.5, 0.3333333333333333, 0.42424242424242425, 0.6153846153846154, 0.5869565217391305, 0.22887693345546722, 0.2283204346895218, 0.29538028600338995, 0.29535393687552747, 0.43975306674125775, 0.5583919397695178, 0.288948906319482, 0.288948906319482, 0.6642048209905624, 0.0, 0.0, 0.0, 0.07140652053058147, 0.4601067863404751, 0.4582265838980675, 0.10476253181695938, -0.0, 0.03706261143088341, 0.6031746031746031, 0.03611768037080765, 0.8, 0.023530783131718636, 0.0]
[0.4642857142857143, 0.5, 0.3333333333333333, 0.42424242424242425, 0.6153846153846154, 0.5869565217391305, 0.2301378697156906, 0.22930674254894257, 0.29920966219491757, 0.2991835637940503, 0.4775194201483097, 0.5204280311194656, 0.30580636646066395, 0.30580636646066395, 0.646275669336319, 0.0, 0.0, 0.0, 0.07960127480328083, 0.45914873480796814, 0.4558882899582386, 0.1188761368393898, 0.1188761368393898, 0.036493830382823944, 0.6031746031746031, 0.03577359765768051, 0.8, 0.023310940712690353, 0.0]
[0.0, 0.0, 1.0, 1.0, 0.6153846153846154, 0.5869565217391305, 0.2449059933423996, 0.2439577430486679, 0.3138821603691145, 0.3138565178355113, 0.5207916457725984, 0.4765971116713716, 0.36139828818184994, 0.36139828818184994, 0.5945078581571579, 0.0, 0.0, 0.0, 0.07776739448308945, 0.4572523348033428, 0.4519204907119274, 0.11360958963632584, 0.11360958963632584, 0.035481926053762436, 0.6031746031746031, 0.034775346517562866, 0.8, 0.02222251519560814, 0.0]
[0.0, 0.0, 1.0, 1.0, 0.6153846153846154, 0.5869565217391305, 0.25917696952819824, 0.2580954432487488, 0.3355160137891313, 0.3354911576265587, 0.517926661051938, 0.4784801853723731, 0.38064420223236084, 0.38064420223236084, 0.6094764471054077, 0.0, 0.0, 0.0, 0.07734082117676734, 0.4578740522265434, 0.4519621469080448, 0.1126691997051239, 0.1126691997051239, 0.03302226588129997, 0.6031746031746031, 0.03245558962225914, 0.8, 0.021182207390666008, 0.0]
[0.0, 0.0, 1.0, 1.0, 0.6153846153846154, 0.5869565217391305, 0.1741834580898285, 0.173558309674263, 0.359894461659127, 0.3598706198012168, 0.4948892119139376, 0.5004320574941366, 0.40877610445022583, 0.40877610445022583, 0.641615703701973, 0.0, 0.0, 0.0, 0.10277228504419327, 0.4498327672481537, 0.4406358301639557, 0.1503155678510666, 0.1503155678510666, 0.03011292777955532, 0.6031746031746031, 0.029802316799759865, 0.8, 0.020567039027810097, 0.0]
[0.0, 0.0, 1.0, 1.0, 0.6153846153846154, 0.5869565217391305, 0.1678849756717682, 0.16683675348758698, 0.37088316485257267, 0.37085974467188176, 0.4735561714117659, 0.5211647752999298, 0.4117114841938019, 0.4117114841938019, 0.6733812540769577, 0.0, 0.0, 0.0, 0.0854904543608427, 0.4546167701482773, 0.4506242610514164, 0.12689851224422455, 0.12689851224422455, 0.027845466509461403, 0.6031746031746031, 0.027591578662395477, 0.8, 0.020300032570958138, 0.0]
[0.0, 0.0, 1.0, 1.0, 0.6153846153846154, 0.5869565217391305, 0.10011450946331024, 0.09917087107896805, 0.3958772044792686, 0.39585542542072827, 0.42794544929300166, 0.5671446252513748, 0.40963390043803627, 0.40963390043803627, 0.6937411278486252, 0.0, 0.0, 0.0, 0.11137957274913787, 0.45150477811694145, 0.4448850490152836, 0.16092757880687714, 0.16092757880687714, 0.025777364149689674, 0.6031746031746031, 0.02575252205133438, 0.8, 0.019886547699570656, 0.0]
[0.0, 0.0, 1.0, 1.0, 0.6153846153846154, 0.5869565217391305, 0.05055747181177139, 0.04878898710012436, 0.40796905516666393, 0.4079478858305893, 0.38863203767152865, 0.6066666467189282, 0.38777172565460205, 0.38777172565460205, 0.6989600360393524, 0.0, 0.0, 0.0, 0.11144664287567138, 0.4506964832544327, 0.44524214044213295, 0.16369684040546417, 0.16369684040546417, 0.0250390637665987, 0.6031746031746031, 0.0252528116106987, 0.7982017524367155, 0.01955091767013073, 0.0]
[0.0, 0.0, 1.0, 1.0, 0.6153846153846154, 0.5869565217391305, 0.04977810010313988, 0.047669194638729095, 0.41162063172852786, 0.4115996390410181, 0.3678686286021829, 0.6276904756612071, 0.3829058153288705, 0.3829058153288705, 0.6993146538734436, 0.0, 0.0, 0.0, 0.12136408761143684, 0.447450365871191, 0.4455210268497467, 0.1809566468000412, 0.1809566468000412, 0.025001201778650284, 0.6031746031746031, 0.02523176372051239, 0.7993432862121006, 0.019489219412207603, 0.0]
[0.0, 0.0, 1.0, 1.0, 0.6153846153846154, 0.5869565217391305, 0.0461062528192997, 0.043757982552051544, 0.40852088248980434, 0.4084997644387969, 0.37139904704194227, 0.6242564218627285, 0.3964813266481672, 0.3964813266481672, 0.6953928768634796, 0.0, 0.0, 0.0, 0.10399876609444618, 0.4471435993909836, 0.44729043915867805, 0.15540821850299835, 0.15540821850299835, 0.023872967809438705, 0.6031746031746031, 0.024011459201574326, 0.8, 0.019656432792544365, 0.0]
[0.0, 0.0, 1.0, 1.0, 0.6153846153846154, 0.5869565217391305, 0.03185947984457016, 0.031234214082360268, 0.39172001413815793, 0.391698052732712, 0.4469502307260925, 0.5482451349104289, 0.3969401546886989, 0.3969401546886989, 0.6761382520198822, 0.0, 0.0, 0.0, 0.13385416716337203, 0.4512902796268463, 0.44740336015820503, 0.1993412971496582, 0.1993412971496582, 0.022158820182085037, 0.6031746031746031, 0.022240491583943367, 0.8, 0.01971486583352089, 0.0]
[0.0, 0.0, 1.0, 1.0, 0.6153846153846154, 0.5869565217391305, 0.01144843827933073, 0.011485131457448006, 0.3884711849074063, 0.38844912093182593, 0.5221455886418688, 0.47352078261333896, 0.441534732069288, 0.441534732069288, 0.6539761275053024, 0.0, 0.0, 0.0, 0.07379988618195056, 0.4624893292784691, 0.45731865242123604, 0.10924650728702545, 0.10924650728702545, 0.020065518096089363, 0.6031746031746031, 0.0202625822275877, 0.8, 0.018602561205625534, 0.0]
[0.0, 0.0, 1.0, 1.0, 0.6153846153846154, 0.5869565217391305, 0.008009654469788074, 0.008022613823413849, 0.3938152370671697, 0.39379360616549025, 0.6059922729805824, 0.39160118453538617, 0.4200003828321185, 0.4200003828321185, 0.6804576367139816, 0.0, 0.0, 0.0, 0.06752219013869762, 0.4663059525191784, 0.4620894491672516, 0.0, -0.0, 0.018148701637983322, 0.6031746031746031, 0.018372703343629837, 0.8, 0.017330579459667206, 0.042203692719340324]
[0.4642857142857143, 0.5, 0.3333333333333333, 0.42424242424242425, 0.6153846153846154, 0.5869565217391305, 0.015683773905038834, 0.015363910235464573, 0.38967585973940205, 0.3896540123007721, 0.6131892090317852, 0.38459164411975544, 0.40678045579365324, 0.40678045579365324, 0.663067102432251, 0.0, 0.0, 0.0, 0.07692405804991721, 0.4656648263335228, 0.46078669652342796, 0.11095559597015381, 0.11095559597015381, 0.017516551539301872, 0.6031746031746031, 0.017813952639698982, 0.8, 0.0168266911059618, 0.07488913368433714]
[0.4642857142857143, 0.5, 0.3333333333333333, 0.42424242424242425, 0.6153846153846154, 0.5869565217391305, 0.059078630059957504, 0.05893144756555557, 0.3857259864333027, 0.38570376290417996, 0.5571793169637939, 0.43906512674769704, 0.3686117700168065, 0.3686117700168065, 0.6416805535554886, 0.0, 0.0, 0.0, 0.07620227970182895, 0.4650644063949585, 0.45874224975705147, 0.11029098927974701, 0.11029098927974701, 0.01686905138194561, 0.6031746031746031, 0.017208870500326157, 0.8, 0.016345065087080002, 0.0522306002676487]
[0.4642857142857143, 0.5, 0.3333333333333333, 0.42424242424242425, 0.6153846153846154, 0.5869565217391305, 0.21594040095806122, 0.21534132957458496, 0.3787134486904108, 0.378690997227656, 0.4815457765846362, 0.5144246096998004, 0.4503547080925533, 0.4503547080925533, 0.6761358678340912, 0.0, 0.0, 0.0, 0.07845687381923198, 0.46255607530474663, 0.4569554999470711, 0.11510539054870605, 0.11510539054870605, 0.017709696665406227, 0.6031746031746031, 0.01819431036710739, 0.8, 0.016761252656579018, 0.0]
[0.4642857142857143, 0.5, 0.3333333333333333, 0.42424242424242425, 0.6153846153846154, 0.5869565217391305, 0.006740929558873177, 0.006780357100069523, 0.4136324822332845, 0.4136120194914692, 0.4406182629200514, 0.5551410632762787, 0.4174112209251949, 0.4174112209251949, 0.6805590093135834, 0.0, 0.0, 0.0, 0.06772033646702766, 0.4624343551695347, 0.4578774720430374, 0.1012042686343193, -0.0, 0.016934309154748917, 0.6031746031746031, 0.017457230016589165, 0.8, 0.01733706146478653, 0.0]
[0.4642857142857143, 0.5, 0.3333333333333333, 0.42424242424242425, 0.6153846153846154, 0.5869565217391305, 0.0, 0.0, 0.41739021318592484, 0.4173699840760824, 0.4286611608975704, 0.5672541651688794, 0.40084345000130794, 0.40084345000130794, 0.6806171983480453, 0.0, 0.0, 0.0, 0.07888885289430618, 0.45812708884477615, 0.45517056807875633, 0.11869040131568909, 0.11869040131568909, 0.016672661527991295, 0.6031746031746031, 0.017164990305900574, 0.8, 0.01815701648592949, 0.0]
[0.4642857142857143, 0.5, 0.3333333333333333, 0.42424242424242425, 0.6153846153846154, 0.5869565217391305, 0.0, 0.0, 0.4126497862671803, 0.41262931782702417, 0.44131632676316035, 0.5546268118362987, 0.37455866379397257, 0.37455866379397257, 0.6711584031581879, 0.0, 0.0, 0.0, 0.08680284619331359, 0.4559040851891041, 0.4516456760466099, 0.12853708863258362, 0.12853708863258362, 0.0164840929210186, 0.6031746031746031, 0.017022334039211273, 0.8, 0.018125681206583977, 0.0]
[0.0, 0.0, 1.0, 1.0, 0.6153846153846154, 0.5869565217391305, 0.9716029763221741, 0.971574604511261, 0.3167215980033802, 0.3166961150233194, 0.46907740945341936, 0.5280578444787645, 0.6286069537912097, 0.6286069537912097, 0.5151165425777435, 0.0, 0.0, 0.0, 0.07843276038765906, 0.440705057233572, 0.4298751801252365, 0.0, -0.0, 0.03378865495324135, 0.5689434286147829, 0.03890196979045868, 0.7748108911652898, 0.01923130638897419, 0.0]
[0.4642857142857143, 0.5, 0.3333333333333333, 0.42424242424242425, 0.6153846153846154, 0.5869565217391305, 0.26965951919555664, 0.26920121908187866, 0.35193238659525006, 0.3519085789273847, 0.5194409737509478, 0.4772134556090576, 0.4274265893868038, 0.4274265893868038, 0.6445401608943939, 0.0, 0.0, 0.0, 0.07260541468858718, 0.45793556049466133, 0.4529451094567776, 0.10434169322252274, 0.10434169322252274, 0.03213873505592346, 0.6031746031746031, 0.03370479494333267, 0.8, 0.01960739679634571, 0.0]
[0.4642857142857143, 0.5, 0.3333333333333333, 0.42424242424242425, 0.6153846153846154, 0.5869565217391305, 0.07491157948970795, 0.07470355927944183, 0.3942923249523681, 0.39427053449714616, 0.5656889285001883, 0.4307949765867708, 0.392992092030389, 0.392992092030389, 0.6530559211969376, 0.0, 0.0, 0.0, 0.06923912800848483, 0.46641730889678, 0.46204790845513344, 0.10110708326101303, -0.0, 0.023331137374043465, 0.6031746031746031, 0.023528296500444412, 0.8, 0.018100131303071976, 0.023617129772901535]
[0.4642857142857143, 0.5, 0.3333333333333333, 0.42424242424242425, 0.6153846153846154, 0.5869565217391305, 0.05161752179265022, 0.05145082250237465, 0.39873052327172476, 0.3987089835434981, 0.584226907553226, 0.4126222041956503, 0.39264021175248287, 0.39264021175248287, 0.6371869593858719, 0.0, 0.0, 0.0, 0.06911358796060085, 0.46702081710100174, 0.4619196951389313, 0.10074524581432343, -0.0, 0.020435383543372154, 0.6031746031746031, 0.020732657983899117, 0.8, 0.017549846321344376, 0.06633349228650331]
[0.4642857142857143, 0.5, 0.3333333333333333, 0.42424242424242425, 0.6153846153846154, 0.5869565217391305, 0.04819688946008682, 0.048042699694633484, 0.39950929271559416, 0.3994877985740939, 0.6049431970424908, 0.39244187215039605, 0.3953121389661517, 0.3953121389661517, 0.6344793140888214, 0.0, 0.0, 0.0, 0.0682613331824541, 0.46714838221669197, 0.461395725607872, 0.0, -0.0, 0.01849914900958538, 0.6031746031746031, 0.01885497383773327, 0.8, 0.017265556380152702, 0.09633178822696209]
[0.4642857142857143, 0.5, 0.3333333333333333, 0.42424242424242425, 0.6153846153846154, 0.5869565217391305, 0.04743571579456329, 0.0472753643989563, 0.40068669528851775, 0.40066528092378867, 0.6169302267508571, 0.3808135985821606, 0.4128744985376086, 0.4128744985376086, 0.6297602355480194, 0.0, 0.0, 0.0, 0.06788456179201602, 0.46621762588620186, 0.46009910851716995, 0.0, -0.0, 0.017575185745954514, 0.6031746031746031, 0.017983028665184975, 0.8, 0.017036236822605133, 0.11052465066313744]
[0.4642857142857143, 0.5, 0.3333333333333333, 0.42424242424242425, 0.6153846153846154, 0.5869565217391305, 0.04913998767733574, 0.0489751398563385, 0.39734568969697387, 0.3973241385720656, 0.5890467522477101, 0.4081835955957559, 0.4096449911594391, 0.4096449911594391, 0.6189702153205872, 0.0, 0.0, 0.0, 0.06902279555797576, 0.4654228501021862, 0.4589143544435501, 0.0, -0.0, 0.017150886356830597, 0.6031746031746031, 0.01755639910697937, 0.8, 0.017174525186419487, 0.11798841878771782]
[0.4642857142857143, 0.5, 0.3333333333333333, 0.42424242424242425, 0.6153846153846154, 0.5869565217391305, 0.15535405278205872, 0.15518352389335632, 0.38115483442638387, 0.38113249693044515, 0.5479791349024435, 0.44879869060301597, 0.39175050599234446, 0.39175050599234446, 0.6181004494428635, 0.0, 0.0, 0.0, 0.07162393257021904, 0.46462713181972504, 0.4578852988779545, 0.1039646565914154, 0.1039646565914154, 0.017337588593363762, 0.6031746031746031, 0.017772190272808075, 0.8, 0.017017709091305733, 0.08653675206005573]
[0.4642857142857143, 0.5, 0.3333333333333333, 0.42424242424242425, 0.6153846153846154, 0.5869565217391305, 0.9697443842887878, 0.9697403311729431, 0.3157025067345818, 0.3156769553744314, 0.5000697820873425, 0.4974992240541473, 0.6137498361723764, 0.6137498361723764, 0.5131092220544815, 0.0, 0.0, 0.0, 0.06907788328826427, 0.44131164625287056, 0.42837125808000565, 0.0, -0.0, 0.03162381798028946, 0.6031746031746031, 0.03615996986627579, 0.8, 0.019064340740442276, 0.04581242334097624]
[0.4642857142857143, 0.5, 0.3333333333333333, 0.42424242424242425, 0.6153846153846154, 0.5869565217391305, 0.23491044342517853, 0.23468612134456635, 0.3551649641580381, 0.35514122487026234, 0.459548139663317, 0.5370068166105009, 0.4087888130119869, 0.4087888130119869, 0.6284697651863098, 0.0, 0.0, 0.0, 0.07799671068787574, 0.4591877944767475, 0.45405787229537964, 0.11123421043157578, 0.11123421043157578, 0.031401291489601135, 0.6031746031746031, 0.03442234545946121, 0.8, 0.021129416301846504, 0.005685377400368452]
[0.4642857142857143, 0.5, 0.3333333333333333, 0.42424242424242425, 0.6153846153846154, 0.5869565217391305, 0.11986777186393738, 0.11972728371620178, 0.3666622214745837, 0.36663908621093283, 0.43989053921307475, 0.5565241823182229, 0.3529409106288638, 0.3529409106288638, 0.6699078381061554, 0.0, 0.0, 0.0, 0.06973741315305232, 0.46487168222665787, 0.4601728208363056, 0.10227084159851074, -0.0, 0.027587231248617172, 0.6031746031746031, 0.0292288139462471, 0.8, 0.020435014739632607, 0.0]
[0.4642857142857143, 0.5, 0.3333333333333333, 0.42424242424242425, 0.6153846153846154, 0.5869565217391305, 0.08335088193416595, 0.0832550972700119, 0.3738949545026965, 0.3738722409162649, 0.4332703379326523, 0.5632259190202848, 0.3335522647414889, 0.3335522647414889, 0.674008771777153, 0.0, 0.0, 0.0, 0.06557555012404918, 0.4668328985571861, 0.4620315320789814, 0.0, -0.0, 0.024048123508691788, 0.6031746031746031, 0.02517164871096611, 0.8, 0.019057542085647583, 0.0]
[0.4642857142857143, 0.5, 0.3333333333333333, 0.42424242424242425, 0.6153846153846154, 0.5869565217391305, 0.0, 0.0, 0.4052681897839898, 0.40524753329858726, 0.4529938026550395, 0.5432602726769898, 0.3789947181940079, 0.3789947181940079, 0.6503559648990631, 0.0, 0.0, 0.0, 0.06371103450655936, 0.469139639288187, 0.46467291191220284, 0.0, -0.0, 0.021137312054634094, 0.6031746031746031, 0.02202770486474037, 0.8, 0.01921055093407631, 0.0]
[0.4642857142857143, 0.5, 0.3333333333333333, 0.42424242424242425, 0.6153846153846154, 0.5869565217391305, 0.0, 0.0, 0.4054701275852852, 0.4054495508766539, 0.5130975052685857, 0.4834320264331647, 0.37437596491404945, 0.37437596491404945, 0.6317856460809708, 0.0, 0.0, 0.0, 0.0632318403571844, 0.46931529603898525, 0.4645606353878975, 0.0, -0.0, 0.01878361962735653, 0.6031746031746031, 0.01951899379491806, 0.8, 0.018916266039013863, 0.0]
[0.4642857142857143, 0.5, 0.3333333333333333, 0.42424242424242425, 0.6153846153846154, 0.5869565217391305, 0.0, 0.0, 0.4004065876481182, 0.40038562915065323, 0.5680345023339383, 0.4290852919996532, 0.417771829026086, 0.417771829026086, 0.5840088874101639, 0.0, 0.0, 0.0, 0.07816393747925758, 0.46707260981202126, 0.46071647852659225, 0.11622004956007004, 0.11622004956007004, 0.01859268732368946, 0.6031746031746031, 0.019316043704748154, 0.8, 0.018929187208414078, 0.00730474479496479]
[0.4642857142857143, 0.5, 0.3333333333333333, 0.42424242424242425, 0.6153846153846154, 0.5869565217391305, 0.0, 0.0, 0.39694712494800927, 0.3969259043268674, 0.6077855750206096, 0.3900307560007563, 0.4195442582879748, 0.4195442582879748, 0.575665146112442, 0.0, 0.0, 0.0, 0.0842751394957304, 0.4620217941701412, 0.4548143967986107, 0.12439490109682083, 0.12439490109682083, 0.019650384783744812, 0.6031746031746031, 0.020434165373444557, 0.8, 0.019780335947871208, 0.06622512824833393]
[0.4642857142857143, 0.5, 0.3333333333333333, 0.42424242424242425, 0.6153846153846154, 0.5869565217391305, 0.0, 0.0, 0.3993280740814501, 0.3993071041873035, 0.6288875453102885, 0.36978719516597736, 0.4153779574802944, 0.4153779574802944, 0.587443545460701, 0.0, 0.0, 0.0, 0.07548346631228924, 0.4628514498472214, 0.45631684362888336, 0.11017865687608719, 0.11017865687608719, 0.019550343975424767, 0.6031746031746031, 0.02018180675804615, 0.8, 0.02051573619246483, 0.0854026060551405]
[0.4642857142857143, 0.5, 0.3333333333333333, 0.42424242424242425, 0.6153846153846154, 0.5869565217391305, 0.0, 0.0, 0.3948612245045474, 0.39483995829667917, 0.6152666987242252, 0.3829784324423938, 0.41408219507762367, 0.41408219507762367, 0.5627634525299072, 0.0, 0.0, 0.0, 0.07812811024487018, 0.461348332464695, 0.45407162606716156, 0.11456020921468735, 0.11456020921468735, 0.019956743344664574, 0.6031746031746031, 0.020667001605033875, 0.8, 0.02130809612572193, 0.09025458246469498]
[0.4642857142857143, 0.5, 0.3333333333333333, 0.42424242424242425, 0.6153846153846154, 0.5869565217391305, 0.0, 0.0, 0.394234828693689, 0.3942133801389151, 0.587694148488528, 0.4095884303467173, 0.41137514369828365, 0.41137514369828365, 0.5625241100788116, 0.0, 0.0, 0.0, 0.08589345924556255, 0.45914501324296, 0.45119239389896393, 0.12673510611057281, 0.12673510611057281, 0.0204355176538229, 0.6031746031746031, 0.0211972426623106, 0.8, 0.02186594344675541, 0.08634946309030056]
[0.4642857142857143, 0.5, 0.3333333333333333, 0.42424242424242425, 0.6153846153846154, 0.5869565217391305, 0.0, 0.0, 0.38065021215843653, 0.380628011422677, 0.544056687710618, 0.4524114500673455, 0.37859849631786346, 0.37859849631786346, 0.5729555189609528, 0.0, 0.0, 0.0, 0.0896817322820425, 0.4577881880104542, 0.4499202221632004, 0.13236139714717865, 0.13236139714717865, 0.02108612284064293, 0.6031746031746031, 0.021757030859589577, 0.8, 0.022090919315814972, 0.05434904247522354]
[0.4642857142857143, 0.5, 0.3333333333333333, 0.42424242424242425, 0.6153846153846154, 0.5869565217391305, 0.0, 0.0, 0.3767568891864434, 0.3767343807402806, 0.5040710898361972, 0.49184297119859477, 0.3842221626213619, 0.3842221626213619, 0.5864591747522354, 0.0, 0.0, 0.0, 0.08322956785559654, 0.4588323347270489, 0.4529592841863632, 0.12386725842952728, 0.12386725842952728, 0.021760763600468636, 0.6031746031746031, 0.022351570427417755, 0.8, 0.02280586212873459, 0.02018770668655634]
[0.4642857142857143, 0.5, 0.3333333333333333, 0.42424242424242425, 0.6153846153846154, 0.5869565217391305, 0.0, 0.0, 0.37767178059536, 0.3776494430994213, 0.48649601498707756, 0.5095727631233796, 0.3889085352420807, 0.3889085352420807, 0.599395826458931, 0.0, 0.0, 0.0, 0.07495934665203094, 0.4624304622411728, 0.45842067152261734, 0.11262695491313934, 0.11262695491313934, 0.02179734781384468, 0.6031746031746031, 0.022230518981814384, 0.8, 0.023798005655407906, 0.0]
[0.4642857142857143, 0.5, 0.3333333333333333, 0.42424242424242425, 0.6153846153846154, 0.5869565217391305, 0.007689442951232195, 0.007485185284167528, 0.3807494886518664, 0.3807274246762861, 0.4877621877375798, 0.5084916710574992, 0.36948870335306444, 0.36948870335306444, 0.6108040809631348, 0.0, 0.0, 0.0, 0.06951038651168345, 0.46416477486491203, 0.4601265788078308, 0.10313180834054947, -0.0, 0.02063152566552162, 0.6031746031746031, 0.020972920581698418, 0.8, 0.023048337548971176, 0.0]
[0.4642857142857143, 0.5, 0.3333333333333333, 0.42424242424242425, 0.6153846153846154, 0.5869565217391305, 0.013004331849515438, 0.012697383761405945, 0.38348733626633713, 0.38346556860447845, 0.49982798030202846, 0.4968351793056186, 0.3620776853391103, 0.3620776853391103, 0.5947027802467346, 0.0, 0.0, 0.0, 0.07764248810708523, 0.46426089107990265, 0.4592401497066021, 0.11433815956115723, 0.11433815956115723, 0.020596466958522797, 0.6031746031746031, 0.020962916314601898, 0.8, 0.02182425558567047, 0.0]
[0.4642857142857143, 0.5, 0.3333333333333333, 0.42424242424242425, 0.6153846153846154, 0.5869565217391305, 0.019483383744955063, 0.018892141059041023, 0.38371547503863424, 0.38369377575686514, 0.5367004317489682, 0.4605137385049646, 0.37555910646915436, 0.37555910646915436, 0.584794819355011, 0.0, 0.0, 0.0, 0.08127072900533676, 0.4629760719835758, 0.45647837966680527, 0.11953533440828323, 0.11953533440828323, 0.021184902638196945, 0.6031746031746031, 0.02167155034840107, 0.8, 0.020908953621983528, 0.013718314003199339]
[0.4642857142857143, 0.5, 0.3333333333333333, 0.42424242424242425, 0.6153846153846154, 0.5869565217391305, 0.019708149135112762, 0.019131196662783623, 0.38357290255180054, 0.38355112349326026, 0.5625554450839245, 0.43479623753021096, 0.38899779319763184, 0.38899779319763184, 0.573586717247963, 0.0, 0.0, 0.0, 0.08028752580285071, 0.459745679050684, 0.45316438004374504, 0.11812152713537216, 0.11812152713537216, 0.021794158965349197, 0.6031746031746031, 0.02241623029112816, 0.8, 0.02064850740134716, 0.04715310875326395]
[0.4642857142857143, 0.5, 0.3333333333333333, 0.42424242424242425, 0.6153846153846154, 0.5869565217391305, 0.018357612192630768, 0.017860667780041695, 0.38751894657288183, 0.3874973726546104, 0.5601358498031733, 0.43727427499421423, 0.3956632741859981, 0.3956632741859981, 0.5739167779684067, 0.0, 0.0, 0.0, 0.08003453947603702, 0.4585229307413101, 0.4520151950418949, 0.11763711273670197, 0.11763711273670197, 0.022271255031228065, 0.6031746031746031, 0.02294519543647766, 0.8, 0.020672913640737534, 0.06701267790049314]
[0.4642857142857143, 0.5, 0.3333333333333333, 0.42424242424242425, 0.6153846153846154, 0.5869565217391305, 0.016570044681429863, 0.01616842672228813, 0.3914323846879015, 0.3914110614966252, 0.552389633587168, 0.444922975504097, 0.39502288614000597, 0.39502288614000597, 0.574742391705513, 0.0, 0.0, 0.0, 0.08361965157091616, 0.45772359892725945, 0.451010562479496, 0.1223914846777916, 0.1223914846777916, 0.022605061531066895, 0.6031746031746031, 0.023337969556450844, 0.8, 0.021021593362092972, 0.07160244043916464]
[0.4642857142857143, 0.5, 0.3333333333333333, 0.42424242424242425, 0.6153846153846154, 0.5869565217391305, 0.827800452709198, 0.8277508020401001, 0.23889500415575893, 0.2388665124517554, 0.5221616422924895, 0.4772240716179693, 0.5013018207890647, 0.5013018207890647, 0.5835559666156769, 0.0, 0.0, 0.0, 0.08302641212940215, 0.4538637734949589, 0.44559723883867264, 0.11739136278629303, 0.11739136278629303, 0.028936270624399185, 0.6031746031746031, 0.03179893642663956, 0.8, 0.021797429770231247, 0.06305805873125792]
[0.4642857142857143, 0.5, 0.3333333333333333, 0.42424242424242425, 0.6153846153846154, 0.5869565217391305, 0.4187857508659363, 0.4185287654399872, 0.2911437975516966, 0.29111744842383414, 0.47919180054737553, 0.5187031832474773, 0.4525720008781978, 0.4525720008781978, 0.580403670668602, 0.0, 0.0, 0.0, 0.08869464620947837, 0.44982998073101044, 0.4415911138057709, 0.128082737326622, 0.128082737326622, 0.03657843545079231, 0.6031746031746031, 0.04063122719526291, 0.8, 0.024287059903144836, 0.017045331187546253]
[0.4642857142857143, 0.5, 0.3333333333333333, 0.42424242424242425, 0.6153846153846154, 0.5869565217391305, 0.20159702003002167, 0.20122136175632477, 0.3475727797922167, 0.34754890374426173, 0.44832358784247084, 0.5482939704033836, 0.357979599918638, 0.357979599918638, 0.657048910856247, 0.0, 0.0, 0.0, 0.07609209902584552, 0.46167633309960365, 0.4583366587758064, 0.11300890892744064, 0.11300890892744064, 0.03396926447749138, 0.6031746031746031, 0.03626002371311188, 0.8, 0.023978693410754204, 0.0]
[0.4642857142857143, 0.5, 0.3333333333333333, 0.42424242424242425, 0.6153846153846154, 0.5869565217391305, 0.12074632197618484, 0.12029547989368439, 0.35287056142467843, 0.35284692470703705, 0.4386710315999748, 0.5577890818457024, 0.3487112266676767, 0.3487112266676767, 0.6628477573394775, 0.0, 0.0, 0.0, 0.07374078519642352, 0.4638432748615742, 0.46038978174328804, 0.1099327877163887, 0.1099327877163887, 0.03134430572390556, 0.6031746031746031, 0.032702185213565826, 0.8, 0.022977463901042938, 0.0]
[0.4642857142857143, 0.5, 0.3333333333333333, 0.42424242424242425, 0.6153846153846154, 0.5869565217391305, 0.0975966528058052, 0.09728007763624191, 0.35554081532057114, 0.35551740653656183, 0.4316806547044568, 0.5649825956871081, 0.33442337598119465, 0.33442337598119465, 0.6695401817560196, 0.0, 0.0, 0.0, 0.07046677470207213, 0.465488750487566, 0.46232225745916367, 0.10489697754383087, -0.0, 0.028310352936387062, 0.6031746031746031, 0.029101073741912842, 0.8, 0.021707890555262566, 0.0]
[0.4642857142857143, 0.5, 0.3333333333333333, 0.42424242424242425, 0.6153846153846154, 0.5869565217391305, 0.09173963963985443, 0.09143134951591492, 0.35681048542773974, 0.35678714502382003, 0.4334839288408852, 0.5631909917526395, 0.33117364559854784, 0.33117364559854784, 0.6683568060398102, 0.0, 0.0, 0.0, 0.06818902939558029, 0.46635113656520844, 0.46331625431776047, 0.10161790996789932, -0.0, 0.026137985289096832, 0.6031746031746031, 0.026646587997674942, 0.8, 0.020869705826044083, 0.0]
[0.4642857142857143, 0.5, 0.3333333333333333, 0.42424242424242425, 0.6153846153846154, 0.5869565217391305, 0.09023932367563248, 0.08988713473081589, 0.3588642586257672, 0.3588409752052555, 0.4460788746408933, 0.5504037899885027, 0.35681382886001045, 0.35681382886001045, 0.6224036514759064, 0.0, 0.0, 0.0, 0.06920018717646598, 0.4653773419559002, 0.46239209547638893, 0.10412725806236267, -0.0, 0.024957632645964622, 0.6031746031746031, 0.025398259982466698, 0.8, 0.020985212177038193, 0.0]
[0.4642857142857143, 0.5, 0.3333333333333333, 0.42424242424242425, 0.6153846153846154, 0.5869565217391305, 0.08753996342420578, 0.08713590353727341, 0.3567892762032795, 0.3567658788159518, 0.46038543106720964, 0.5360585742374628, 0.3767480914081846, 0.3767480914081846, 0.598489835858345, 0.0, 0.0, 0.0, 0.07386573068797588, 0.4631061814725399, 0.4591725207865238, 0.11190571635961533, -0.0, 0.024817414581775665, 0.6031746031746031, 0.02530420944094658, 0.8, 0.021394137293100357, 0.0]
[0.4642857142857143, 0.5, 0.3333333333333333, 0.42424242424242425, 0.6153846153846154, 0.5869565217391305, 0.08857075124979019, 0.0881173387169838, 0.3531106895060202, 0.3530870869784236, 0.46566671030471246, 0.5307825004342814, 0.375863824571882, 0.375863824571882, 0.5954405516386032, 0.0, 0.0, 0.0, 0.07434727698564529, 0.46185632795095444, 0.4576639160513878, 0.11215496808290482, 0.11215496808290482, 0.024886758998036385, 0.6031746031746031, 0.025395888835191727, 0.8, 0.021706465631723404, 0.0]
[0.4642857142857143, 0.5, 0.3333333333333333, 0.42424242424242425, 0.6153846153846154, 0.5869565217391305, 0.22848859429359436, 0.22768352925777435, 0.3343606637951065, 0.33433617232634505, 0.47694283068521987, 0.5199028178970349, 0.374751410314015, 0.374751410314015, 0.5979256182909012, 0.0, 0.0, 0.0, 0.07353716269135474, 0.46124107018113136, 0.45691561698913574, 0.11030399799346924, -0.0, 0.02520323358476162, 0.6031746031746031, 0.02568070776760578, 0.8, 0.021799683570861816, 0.0]
[0.4642857142857143, 0.5, 0.3333333333333333, 0.42424242424242425, 0.6153846153846154, 0.5869565217391305, 0.9803053140640259, 0.9803050756454468, 0.30348594785876304, 0.30346060163888144, 0.4862675300405769, 0.5124832590674301, 0.579475930758885, 0.579475930758885, 0.4459679126739502, 0.0, 0.0, 0.0, 0.06780181154608726, 0.43383727222681046, 0.4225308671593666, 0.0, -0.0, 0.038827866315841675, 0.571790543813554, 0.043025415390729904, 0.773881830188424, 0.023957764729857445, 0.0]
[0.4642857142857143, 0.5, 0.3333333333333333, 0.42424242424242425, 0.6153846153846154, 0.5869565217391305, 0.4001936912536621, 0.40013352036476135, 0.2685534776282812, 0.268526262352617, 0.4906036618163891, 0.508048345841545, 0.44916793704032904, 0.44916793704032904, 0.5545222610235214, 0.0, 0.0, 0.0, 0.08010791502892971, 0.44640519097447395, 0.43940018117427826, 0.11257018148899078, 0.11257018148899078, 0.04061755910515785, 0.6031746031746031, 0.04440775141119957, 0.8, 0.025972772389650345, 0.0]
[0.4642857142857143, 0.5, 0.3333333333333333, 0.42424242424242425, 0.6153846153846154, 0.5869565217391305, 0.24347208440303802, 0.24282534420490265, 0.3059294419808324, 0.3059036854804132, 0.4978484616153669, 0.4997336745439428, 0.4069199519498008, 0.4069199519498008, 0.5629008263349533, 0.0, 0.0, 0.0, 0.08689120560884475, 0.4516010172665119, 0.44491348415613174, 0.12626107037067413, 0.12626107037067413, 0.037679705768823624, 0.6031746031746031, 0.03980142995715141, 0.8, 0.026181235909461975, 0.005661355098709464]
[0.4642857142857143, 0.5, 0.3333333333333333, 0.42424242424242425, 0.6153846153846154, 0.5869565217391305, 0.22095996141433716, 0.22009862959384918, 0.30590441486803566, 0.3058786355742533, 0.4925985561958007, 0.5050202988251167, 0.3449954624686923, 0.3449954624686923, 0.5963058620691299, 0.0, 0.0, 0.0, 0.07931427098810673, 0.455844733864069, 0.4497235044836998, 0.11507389694452286, 0.11507389694452286, 0.03447016701102257, 0.6031746031746031, 0.03574102371931076, 0.8, 0.025216637179255486, 0.009422748116776347]
[0.4642857142857143, 0.5, 0.3333333333333333, 0.42424242424242425, 0.6153846153846154, 0.5869565217391305, 0.2176331877708435, 0.21661251783370972, 0.30919987931990034, 0.3091723335404697, 0.4747029852912713, 0.5227823034704479, 0.33002541533538277, 0.33002541533538277, 0.6148360371589661, 0.0, 0.0, 0.0, 0.0750550989061594, 0.4592655301094055, 0.4538954831659794, 0.1091318354010582, 0.1091318354010582, 0.0318266786634922, 0.6031746031746031, 0.03257802873849869, 0.8, 0.024255618453025818, 0.003979486064054072]
[0.0, 0.0, 1.0, 1.0, 0.6153846153846154, 0.5869565217391305, 0.9547281265258789, 0.9547110199928284, 0.2692551941078434, 0.2692263832967551, 0.45687121870868747, 0.5423399892130906, 0.515257694891521, 0.515257694891521, 0.5017022639513016, 0.0, 0.0, 0.0, 0.0796368908137083, 0.43715129792690277, 0.42886485904455185, 0.11374285072088242, 0.11374285072088242, 0.0, 0.5, 0.0, 0.6976744186046512, 0.024362608790397644, 0.0]
[0.0, 0.0, 1.0, 1.0, 0.6153846153846154, 0.5869565217391305, 0.40575310587882996, 0.40475720167160034, 0.2670987596019504, 0.26706956130368764, 0.43231281723620557, 0.5666068336539191, 0.4049907624721527, 0.4049907624721527, 0.60603067278862, 0.0, 0.0, 0.0, 0.09261619374155998, 0.4521479494869709, 0.4478529132902622, 0.13400621712207794, 0.13400621712207794, 0.046136289834976196, 0.557582830625867, 0.04824874550104141, 0.775054972185645, 0.02678019180893898, 0.0]
[0.4642857142857143, 0.5, 0.3333333333333333, 0.42424242424242425, 0.6153846153846154, 0.5869565217391305, 0.16798652708530426, 0.167301744222641, 0.33534714915784325, 0.33532117612047363, 0.4016334062324655, 0.5964645481879529, 0.32928482762404854, 0.32928482762404854, 0.6598044484853745, 0.0, 0.0, 0.0, 0.07605920024216174, 0.4611664265394211, 0.45903878286480904, 0.11237768828868866, 0.11237768828868866, 0.039310332387685776, 0.6031746031746031, 0.03854023665189743, 0.8, 0.026426805183291435, 0.0]
[0.4642857142857143, 0.5, 0.3333333333333333, 0.42424242424242425, 0.6153846153846154, 0.5869565217391305, 0.11264052242040634, 0.11222974210977554, 0.34140906689499806, 0.3413834357580765, 0.38756684682565257, 0.6107892538297195, 0.28856799006462097, 0.28856799006462097, 0.6732745915651321, 0.0, 0.0, 0.0, 0.07287573963403701, 0.4625982716679573, 0.4611744061112404, 0.10759291797876358, 0.10759291797876358, 0.03586199879646301, 0.6031746031746031, 0.034932851791381836, 0.8, 0.024667002260684967, 0.0]
[0.4642857142857143, 0.5, 0.3333333333333333, 0.42424242424242425, 0.6153846153846154, 0.5869565217391305, 0.10851346701383591, 0.10786396265029907, 0.34148975540073606, 0.34146415845385925, 0.37399134763568126, 0.6246052799848886, 0.29237065996442524, 0.29237065996442524, 0.6766392588615417, 0.0, 0.0, 0.0, 0.06906391903758048, 0.4626288041472435, 0.461711622774601, 0.10177037119865417, -0.0, 0.03379181772470474, 0.6031746031746031, 0.03282087668776512, 0.8, 0.02378314547240734, 0.0]
[0.4642857142857143, 0.5, 0.3333333333333333, 0.42424242424242425, 0.6153846153846154, 0.5869565217391305, 0.08677715063095093, 0.0861257016658783, 0.34550723382209503, 0.34548187620553183, 0.3587047392733922, 0.6401609753964685, 0.2797526866197586, 0.2797526866197586, 0.6823876351118088, 0.0, 0.0, 0.0, 0.0734010849148035, 0.4628082402050495, 0.46249767392873764, 0.10857291519641876, 0.10857291519641876, 0.033168863505125046, 0.6031746031746031, 0.032159868627786636, 0.8, 0.023641759529709816, 0.0]
[0.4642857142857143, 0.5, 0.3333333333333333, 0.42424242424242425, 0.6153846153846154, 0.5869565217391305, 0.07777762413024902, 0.07692334055900574, 0.343721761302328, 0.34369623273554084, 0.3508970550551697, 0.6480842789495374, 0.16429457813501358, 0.16429457813501358, 0.7411235347390175, 0.0, 0.0, 0.0, 0.10326225161552428, 0.4676567316055298, 0.4697912000119686, 0.15336839854717255, 0.15336839854717255, 0.0, 0.5, 0.0, 0.6976744186046512, 0.02309485152363777, 0.0]
[0.4642857142857143, 0.5, 0.3333333333333333, 0.42424242424242425, 0.6153846153846154, 0.5869565217391305, 0.20991674065589905, 0.20834828913211823, 0.31253919820256715, 0.31251221086053504, 0.36236014512027426, 0.6369848114076075, 0.11985668646437782, 0.11985668646437782, 0.7951325997710228, 0.0, 0.0, 0.0, 0.09156350307166576, 0.4731919337064028, 0.4767258781939745, 0.13735216856002808, 0.13735216856002808, 0.11329521238803864, 0.45468191504478456, 0.10033867508172989, 0.6005184352397919, 0.023370899260044098, 0.0]
[0.4642857142857143, 0.5, 0.3333333333333333, 0.42424242424242425, 0.6153846153846154, 0.5869565217391305, 0.3265310227870941, 0.32490935921669006, 0.25494816471924064, 0.2549188068674354, 0.37113035887650736, 0.6294835098792166, 0.12555002634014403, 0.12555002634014403, 0.8143257647752762, 0.0, 0.0, 0.0, 0.08178374767303466, 0.4731892105191946, 0.477079251781106, 0.12163755297660828, 0.12163755297660828, 0.120396688580513, 0.4518413245677948, 0.10884799808263779, 0.5979188964810482, 0.02579297125339508, 0.0]
[0.4642857142857143, 0.5, 0.3333333333333333, 0.42424242424242425, 0.6153846153846154, 0.5869565217391305, 0.09540015459060669, 0.09417088329792023, 0.32790063717625106, 0.32787753610264503, 0.3657710237667164, 0.6328158425960618, 0.06341483177883285, 0.06341483177883285, 0.9022808261215687, 0.0, 0.0, 0.0, 0.03866591230034828, 0.48559166584163904, 0.48713398166000843, 0.0, -0.0, 0.0993005558848381, 0.46027977764606476, 0.0918600782752037, 0.6053735974223114, 0.023859260603785515, 0.0]
[0.4642857142857143, 0.5, 0.3333333333333333, 0.42424242424242425, 0.6153846153846154, 0.5869565217391305, 0.06852278858423233, 0.06746944040060043, 0.33192932993230584, 0.3319063884122422, 0.36660142017824016, 0.6317115041488849, 0.042732090556195805, 0.042732090556195805, 0.9390589110553265, 0.0, 0.0, 0.0, 0.023185110092163085, 0.4904615730047226, 0.49134536925703287, 0.0, -0.0, 0.06729818135499954, 0.47308072745800017, 0.06291109323501587, 0.6086735254110291, 0.02016502432525158, 0.0]
[0.4642857142857143, 0.5, 0.3333333333333333, 0.42424242424242425, 0.6153846153846154, 0.5869565217391305, 0.8251323103904724, 0.8137430548667908, 0.23686771684577318, 0.23684111699091548, 0.3919689632510592, 0.6094468956872969, 0.05844112219555038, 0.05844112219555038, 0.8947921469807625, 0.0, 0.0, 0.0, 0.043759712390601634, 0.4876882703974843, 0.4913003724068403, 0.0, -0.0, 0.07660497725009918, 0.46935800909996034, 0.06957307457923889, 0.617235464065574, 0.020017968490719795, 0.0]
[0.4642857142857143, 0.5, 0.3333333333333333, 0.42424242424242425, 0.6153846153846154, 0.5869565217391305, 0.20933344960212708, 0.20814533531665802, 0.2806242273596915, 0.2805988811398099, 0.41306961722401314, 0.5857538470979808, 0.05238278369818415, 0.05238278369818415, 0.9108218066394329, 0.0, 0.0, 0.0, 0.03147525805979967, 0.48722983803600073, 0.4907795814797282, 0.0, -0.0, 0.0794641301035881, 0.46821434795856476, 0.07219284772872925, 0.6077734467595123, 0.020027194172143936, 0.0]
[0.4642857142857143, 0.5, 0.3333333333333333, 0.42424242424242425, 0.6153846153846154, 0.5869565217391305, 0.11337032169103622, 0.11238007247447968, 0.3110291834771063, 0.31100520485901695, 0.4421056780258966, 0.5556466196436288, 0.042366283014416695, 0.042366283014416695, 0.9286363944411278, 0.0, 0.0, 0.0, 0.022940797638148068, 0.48938029259443283, 0.4918116983026266, 0.0, -0.0, 0.06142260879278183, 0.47543095648288725, 0.058810506016016006, 0.6044343252514685, 0.016866162419319153, 0.0]
[0.4642857142857143, 0.5, 0.3333333333333333, 0.42424242424242425, 0.6153846153846154, 0.5869565217391305, 0.10869613289833069, 0.10762254893779755, 0.3172590085242948, 0.31723534901329026, 0.4581676140342114, 0.5393807895502164, 0.03475451309766089, 0.03475451309766089, 0.9443782791495323, 0.0, 0.0, 0.0, 0.01751866489648819, 0.4916716907173395, 0.4931640191935003, 0.0, -0.0, 0.05213937163352966, 0.4791442513465881, 0.049575068056583405, 0.602624967347744, 0.013006512075662613, 0.0]
[0.4642857142857143, 0.5, 0.3333333333333333, 0.42424242424242425, 0.6153846153846154, 0.5869565217391305, 0.9248201251029968, 0.92438805103302, 0.2929684290694461, 0.292943812237187, 0.465551509797915, 0.5329526408743853, 0.09055906640631813, 0.09055906640631813, 0.8560206741094589, 0.0, 0.0, 0.0, 0.020196765661239624, 0.48469512071460485, 0.48664938006550074, 0.0, -0.0, 0.03594856336712837, 0.6031746031746031, 0.034094784408807755, 0.8, 0.012409857474267483, 0.0]
[0.4642857142857143, 0.5, 0.3333333333333333, 0.42424242424242425, 0.6153846153846154, 0.5869565217391305, 0.2236456573009491, 0.22295598685741425, 0.3716782999312217, 0.37165738702048307, 0.467221023931558, 0.5290445264342588, 0.15265087464026042, 0.15265087464026042, 0.8302337005734444, 0.0, 0.0, 0.0, 0.03232884537428617, 0.4843428358435631, 0.48546838387846947, 0.0, -0.0, 0.026241259649395943, 0.6031746031746031, 0.024719586595892906, 0.8, 0.014375918544828892, 0.0]
[0.4642857142857143, 0.5, 0.3333333333333333, 0.42424242424242425, 0.6153846153846154, 0.5869565217391305, 0.14898088574409485, 0.14832453429698944, 0.3952525181706503, 0.3952328702915695, 0.4589528938324456, 0.5367822036865741, 0.16636580228805542, 0.16636580228805542, 0.8111236467957497, 0.0, 0.0, 0.0, 0.03929440267384052, 0.4849078645929694, 0.4854939132928848, 0.0, -0.0, 0.02199910208582878, 0.6031746031746031, 0.020705007016658783, 0.8, 0.015191947109997272, 0.0]
[0.4642857142857143, 0.5, 0.3333333333333333, 0.42424242424242425, 0.6153846153846154, 0.5869565217391305, 0.10994038730859756, 0.1094624325633049, 0.4087640420884521, 0.40874516918372017, 0.4404363433899888, 0.5551538842314523, 0.16835496361766544, 0.16835496361766544, 0.8101980984210968, 0.0, 0.0, 0.0, 0.0452757554128766, 0.4865628397092223, 0.48677697498351336, 0.0, -0.0, 0.018352273851633072, 0.6031746031746031, 0.01731344498693943, 0.8, 0.017552455887198448, 0.0]
[0.4642857142857143, 0.5, 0.3333333333333333, 0.42424242424242425, 0.6153846153846154, 0.5869565217391305, 0.1066628023982048, 0.10613637417554855, 0.39862519514036454, 0.39860601452522937, 0.40999413152041897, 0.5857972285664965, 0.17637897282838821, 0.17637897282838821, 0.8005835264921188, 0.0, 0.0, 0.0, 0.048240251094102855, 0.48754817992448807, 0.4876906890422106, 0.0, -0.0, 0.01644184999167919, 0.6031746031746031, 0.01575414091348648, 0.8, 0.0199601948261261, 0.0]
[0.4642857142857143, 0.5, 0.3333333333333333, 0.42424242424242425, 0.6153846153846154, 0.5869565217391305, 0.1034044399857521, 0.10249222815036774, 0.3966201997395911, 0.39660097353772955, 0.3673368480419793, 0.6291261327375595, 0.19585005939006805, 0.19585005939006805, 0.8012899681925774, 0.0, 0.0, 0.0, 0.05060650706291198, 0.48809363786131144, 0.4883431978523731, 0.0, -0.0, 0.0152678731828928, 0.6031746031746031, 0.014733940362930298, 0.8, 0.02251802571117878, 0.0]
[0.4642857142857143, 0.5, 0.3333333333333333, 0.42424242424242425, 0.6153846153846154, 0.5869565217391305, 0.09706522524356842, 0.09569893032312393, 0.3926682636341219, 0.3926488094986283, 0.3282007345961795, 0.6694699012475939, 0.1982353787337031, 0.1982353787337031, 0.8057997822761536, 0.0, 0.0, 0.0, 0.051799116656184196, 0.4882897324860096, 0.4888887070119381, 0.0, -0.0, 0.01512410119175911, 0.6031746031746031, 0.014504383318126202, 0.8, 0.025160903111100197, 0.0]
[0.4642857142857143, 0.5, 0.3333333333333333, 0.42424242424242425, 0.6153846153846154, 0.5869565217391305, 0.0971975028514862, 0.09574050456285477, 0.38104804751977867, 0.3810280463435682, 0.29852118865937616, 0.7005167298694819, 0.1946135557123593, 0.1946135557123593, 0.8078116849064827, 0.0, 0.0, 0.0, 0.05370832309126854, 0.4884234620258212, 0.48951416835188866, 0.0, -0.0, 0.015515690669417381, 0.6031746031746031, 0.014660957269370556, 0.8, 0.02763807773590088, 0.0]
[0.4642857142857143, 0.5, 0.3333333333333333, 0.42424242424242425, 0.6153846153846154, 0.5869565217391305, 0.1087324470281601, 0.10694769024848938, 0.36155989293158625, 0.3615389458308028, 0.28420934987113766, 0.7159692853125692, 0.19632836537701745, 0.19632836537701745, 0.7936975806951523, 0.0, 0.0, 0.0, 0.05527478344738483, 0.4873005039989948, 0.48906521685421467, 0.0, -0.0, 0.017380688339471817, 0.6031746031746031, 0.01612573117017746, 0.8, 0.029342960566282272, 0.0]
[0.4642857142857143, 0.5, 0.3333333333333333, 0.42424242424242425, 0.6153846153846154, 0.5869565217391305, 0.11051686108112335, 0.10891012847423553, 0.35383390012708266, 0.3538125997291696, 0.2928636479788027, 0.7070708588883202, 0.19359576382807325, 0.19359576382807325, 0.7861822322010994, 0.0, 0.0, 0.0, 0.05517783164978027, 0.48633605055511, 0.4884922867640853, 0.0, -0.0, 0.018483145162463188, 0.6031746031746031, 0.017036234959959984, 0.8, 0.029340723529458046, 0.0]
[0.4642857142857143, 0.5, 0.3333333333333333, 0.42424242424242425, 0.6153846153846154, 0.5869565217391305, 0.13902582228183746, 0.13802503049373627, 0.32965479161497735, 0.32963185009491375, 0.35879873910324067, 0.6388474793502017, 0.1934215586100306, 0.1934215586100306, 0.7492303028702736, 0.0, 0.0, 0.0, 0.06336454376578331, 0.4845377439633012, 0.486837743781507, 0.0, -0.0, 0.020383784547448158, 0.6031746031746031, 0.01886511594057083, 0.8, 0.029391752555966377, 0.0]
[0.4642857142857143, 0.5, 0.3333333333333333, 0.42424242424242425, 0.6153846153846154, 0.5869565217391305, 0.15841494500637054, 0.15734191238880157, 0.3151711478515975, 0.3151476478941354, 0.4015976320489187, 0.5958710261051736, 0.18969963171652388, 0.18969963171652388, 0.7186489254236221, 0.0, 0.0, 0.0, 0.07608783282339572, 0.47867526672780514, 0.4809998348355293, 0.11494705080986023, 0.11494705080986023, 0.02206852287054062, 0.6031746031746031, 0.020622272044420242, 0.8, 0.029435904696583748, 0.0]
[0.4642857142857143, 0.5, 0.3333333333333333, 0.42424242424242425, 0.6153846153846154, 0.5869565217391305, 0.16736210882663727, 0.16640886664390564, 0.30224300296994966, 0.30221895597177073, 0.4396705262747595, 0.5579748696588029, 0.1996261307171413, 0.1996261307171413, 0.7084574103355408, 0.0, 0.0, 0.0, 0.12988986372947692, 0.45313146337866783, 0.45217541977763176, 0.1953810751438141, 0.1953810751438141, 0.025963183492422104, 0.6031746031746031, 0.02475259266793728, 0.8, 0.029481662437319756, 0.0]
[0.4642857142857143, 0.5, 0.3333333333333333, 0.42424242424242425, 0.6153846153846154, 0.5869565217391305, 0.15832892060279846, 0.15741989016532898, 0.28665624020432423, 0.28663169175215475, 0.456175172078222, 0.5420599114889803, 0.2787575125694275, 0.2787575125694275, 0.5724175870418549, 0.0, 0.0, 0.0, 0.5318405479192734, 0.22228959202766418, 0.2211885154247284, 0.7657446265220642, 0.7657446265220642, 0.0, 0.5, 0.0890796110033989, 0.6211921278127405, 0.050662484019994736, 0.0]
[0.4642857142857143, 0.5, 0.3333333333333333, 0.42424242424242425, 0.6153846153846154, 0.5869565217391305, 0.15614695847034454, 0.15528512001037598, 0.2849656108688442, 0.28494334175299507, 0.4633160706459906, 0.5350346878148807, 0.28854254101003923, 0.28854254101003923, 0.573233425617218, 0.0, 0.0, 0.0, 0.5330278038978576, 0.21665683388710022, 0.2121415138244629, 0.7665823101997375, 0.7665823101997375, 0.0, 0.5, 0.09542665630578995, 0.6238623240659403, 0.05252718925476074, 0.0]
[0.4642857142857143, 0.5, 0.3333333333333333, 0.42424242424242425, 0.6153846153846154, 0.5869565217391305, 0.15552254021167755, 0.1547134965658188, 0.2815388338515681, 0.2815163823888133, 0.46393896197725665, 0.5344974753113089, 0.2894209431750434, 0.2894209431750434, 0.5676229894161224, 0.0, 0.0, 0.0, 0.5346810668706894, 0.21228760480880737, 0.2058188021183014, 0.7684688568115234, 0.7684688568115234, 0.09988106787204742, 0.46004757285118103, 0.0980556309223175, 0.5825562740481177, 0.05217017978429794, 0.0]
[0.4642857142857143, 0.5, 0.3333333333333333, 0.42424242424242425, 0.6153846153846154, 0.5869565217391305, 0.16208592057228088, 0.1613340824842453, 0.28297312902446914, 0.2829507003550775, 0.4134370975239099, 0.5850643592577769, 0.29418766498565674, 0.29418766498565674, 0.5756475627422333, 0.0, 0.0, 0.0, 0.5225031763315201, 0.23151716589927673, 0.22988584637641907, 0.7523093223571777, 0.7523093223571777, 0.10681197047233582, 0.4572752118110657, 0.106253482401371, 0.5508056976074396, 0.053298093378543854, 0.0]
[0.4642857142857143, 0.5, 0.3333333333333333, 0.42424242424242425, 0.6153846153846154, 0.5869565217391305, 0.16740606725215912, 0.1667114645242691, 0.29867812096502766, 0.29865651285671135, 0.33288143150665106, 0.6672237292707714, 0.29621671353067675, 0.29621671353067675, 0.579562172293663, 0.0, 0.0, 0.0, 0.5378940492868423, 0.2292250096797943, 0.23733046650886536, 0.775298535823822, 0.775298535823822, 0.0, 0.5, 0.10897934436798096, 0.6118567149306453, 0.05416596680879593, 0.0]
[0.4642857142857143, 0.5, 0.3333333333333333, 0.42424242424242425, 0.6153846153846154, 0.5869565217391305, 0.15391218662261963, 0.15329928696155548, 0.3043788550688705, 0.30435770282781827, 0.30485849581074764, 0.6961755287072349, 0.2938247684921537, 0.2938247684921537, 0.5792136192321777, 0.0, 0.0, 0.0, 0.5418413192033767, 0.2307356595993042, 0.24580597877502441, 0.7817305326461792, 0.7817305326461792, 0.0, 0.5, 0.10924585163593292, 0.6102659258731576, 0.0533929280936718, 0.0]
[0.4642857142857143, 0.5, 0.3333333333333333, 0.42424242424242425, 0.6153846153846154, 0.5869565217391305, 0.1259821206331253, 0.1253966987133026, 0.30863077462745214, 0.30860985032003196, 0.2973007636134073, 0.7039893557368405, 0.28657083000455585, 0.28657083000455585, 0.5870782732963562, 0.0, 0.0, 0.0, 0.5431895852088928, 0.23433706164360046, 0.24956417083740234, 0.7847247123718262, 0.7847247123718262, 0.0, 0.5, 0.0, 0.6976744186046512, 0.05235588923096657, 0.0]
[0.4642857142857143, 0.5, 0.3333333333333333, 0.42424242424242425, 0.6153846153846154, 0.5869565217391305, 0.12319912016391754, 0.12256535142660141, 0.3130326973092715, 0.31301181858857774, 0.32949614980708575, 0.6702962860271939, 0.29519389782633104, 0.29519389782633104, 0.5969327092170715, 0.0, 0.0, 0.0, 0.544941210746765, 0.2350011169910431, 0.2496163249015808, 0.7878098487854004, 0.7878098487854004, 0.0, 0.5, 0.0, 0.6976744186046512, 0.0531875416636467, 0.0]
[0.4642857142857143, 0.5, 0.3333333333333333, 0.42424242424242425, 0.6153846153846154, 0.5869565217391305, 0.0, 0.0, 0.39304689558696565, 0.3930309060426789, 0.5066984138570826, 0.49183053741896765, 0.38869852466242655, 0.38869852466242655, 0.6438507437705994, 0.0, 0.0, 0.0, 0.5067512512207031, 0.26968397200107574, 0.2727086842060089, 0.7386412024497986, 0.7386412024497986, 0.05413329228758812, 0.47834668308496475, 0.0, 0.6976744186046512, 0.06178489699959755, 0.0]
[0.4642857142857143, 0.5, 0.3333333333333333, 0.42424242424242425, 0.6153846153846154, 0.5869565217391305, 0.0, 0.0, 0.43580369488914883, 0.4357904918335136, 0.606155006197169, 0.39489581702949395, 0.3709209923233305, 0.3709209923233305, 0.641849160194397, 0.0, 0.0, 0.0, 0.5011428326368331, 0.2713427394628525, 0.2693924009799957, 0.7309483885765076, 0.7309483885765076, 0.0, 0.5, 0.0, 0.6976744186046512, 0.06255621463060379, 0.0]
[0.4642857142857143, 0.5, 0.3333333333333333, 0.42424242424242425, 0.6153846153846154, 0.5869565217391305, 0.0, 0.0, 0.44708519592795726, 0.4470728590201237, 0.6744811211215834, 0.32937281851508143, 0.37815965712070465, 0.37815965712070465, 0.642336517572403, 0.0, 0.0, 0.0, 0.5116303890943527, 0.273334339261055, 0.2684284448623657, 0.7435911297798157, 0.7435911297798157, 0.055516794323921204, 0.4876566718495081, 0.05433129519224167, 0.7407726514218158, 0.06258218735456467, 0.0]
[0.4642857142857143, 0.5, 0.3333333333333333, 0.42424242424242425, 0.6153846153846154, 0.5869565217391305, 0.0, 0.0, 0.4527117062937005, 0.45269973407967823, 0.686415304417364, 0.318073760888266, 0.3686362824269704, 0.3686362824269704, 0.6360247135162354, 0.0, 0.0, 0.0, 0.5150559931993485, 0.27168305218219757, 0.2632432281970978, 0.7485731840133667, 0.7485731840133667, 0.055224042385816574, 0.47791038304567335, 0.0, 0.6976744186046512, 0.060379333794116974, 0.0]
[0.4642857142857143, 0.5, 0.3333333333333333, 0.42424242424242425, 0.6153846153846154, 0.5869565217391305, 0.0, 0.0, 0.4469063819936311, 0.446894119164228, 0.6805080624429035, 0.3239489098073369, 0.3595333972147533, 0.3595333972147533, 0.6366882920265198, 0.0, 0.0, 0.0, 0.5068233907222748, 0.2676999121904373, 0.26077471673488617, 0.7365756034851074, 0.7365756034851074, 0.0, 0.5, 0.0, 0.6976744186046512, 0.05883842334151268, 0.0]
[0.4642857142857143, 0.5, 0.3333333333333333, 0.42424242424242425, 0.6153846153846154, 0.5869565217391305, 0.0, 0.0, 0.4356660799588118, 0.43565301366335574, 0.6157947183795003, 0.3861115853548911, 0.37918473993028917, 0.37918473993028917, 0.6444265097379684, 0.0, 0.0, 0.0, 0.4633770108222961, 0.2861899584531784, 0.2829902619123459, 0.6764799952507019, 0.6764799952507019, 0.0, 0.5, 0.0, 0.6976744186046512, 0.057676780968904495, 0.0]
[0.4642857142857143, 0.5, 0.3333333333333333, 0.42424242424242425, 0.6153846153846154, 0.5869565217391305, 0.6496785879135132, 0.6376661062240601, 0.24366075450102187, 0.2436370038165645, 0.4323670027588795, 0.5679235563856644, 0.3895933074610574, 0.3895933074610574, 0.6699113100767136, 0.0, 0.0, 0.0, 0.45473654270172115, 0.28335951268672943, 0.2855199724435806, 0.6545609831809998, 0.6545609831809998, 0.0, 0.5, 0.0, 0.6976744186046512, 0.05976621434092522, 0.0]
[0.4642857142857143, 0.5, 0.3333333333333333, 0.42424242424242425, 0.6153846153846154, 0.5869565217391305, 0.38613107800483704, 0.38475197553634644, 0.25864789226087054, 0.2586244834768613, 0.36293019573729535, 0.637391843891002, 0.36852074520928524, 0.36852074520928524, 0.6140588521957397, 0.0, 0.0, 0.0, 0.4915426880121231, 0.24913865327835083, 0.25720810890197754, 0.7083443999290466, 0.7083443999290466, 0.0, 0.5, 0.15266944468021393, 0.5998944057974704, 0.0620509572327137, 0.0]
[0.4642857142857143, 0.5, 0.3333333333333333, 0.42424242424242425, 0.6153846153846154, 0.5869565217391305, 0.2129807472229004, 0.21235816180706024, 0.30178234909962054, 0.3017610600983891, 0.33181181874831367, 0.6684381254721732, 0.3135837827410017, 0.3135837827410017, 0.6093571782112122, 0.0, 0.0, 0.0, 0.5191705733537674, 0.24477910995483398, 0.2536824494600296, 0.7473939657211304, 0.7473939657211304, 0.0, 0.5, 0.0, 0.6976744186046512, 0.058733981102705, 0.0]
[0.4642857142857143, 0.5, 0.3333333333333333, 0.42424242424242425, 0.6153846153846154, 0.5869565217391305, 0.16755381226539612, 0.16697774827480316, 0.3060729262021942, 0.3060517739611419, 0.3285684599247307, 0.6716455961453933, 0.30214070209435057, 0.30214070209435057, 0.6106006056070328, 0.0, 0.0, 0.0, 0.5263584047555923, 0.24462279677391052, 0.25394509732723236, 0.7579634189605713, 0.7579634189605713, 0.0, 0.5, 0.0, 0.6976744186046512, 0.05364632233977318, 0.0]
[0.4642857142857143, 0.5, 0.3333333333333333, 0.42424242424242425, 0.6153846153846154, 0.5869565217391305, 0.15901105105876923, 0.15840135514736176, 0.30297166120481767, 0.302950235443407, 0.34131862282980924, 0.6583423978689246, 0.2983175324542182, 0.2983175324542182, 0.5997133404016495, 0.0, 0.0, 0.0, 0.5495431393384933, 0.23680570721626282, 0.24716997146606445, 0.791512131690979, 0.791512131690979, 0.0, 0.5, 0.11485406756401062, 0.6028148531913757, 0.053635790944099426, 0.0]
[0.4642857142857143, 0.5, 0.3333333333333333, 0.42424242424242425, 0.6153846153846154, 0.5869565217391305, 0.15368857979774475, 0.15318650007247925, 0.2966977423965133, 0.29667595194129137, 0.368488744841479, 0.6303802406760014, 0.3009024475302015, 0.3009024475302015, 0.5893945842981339, 0.0, 0.0, 0.0, 0.5512860029935837, 0.2290918529033661, 0.237088143825531, 0.7919910550117493, 0.7919910550117493, 0.0, 0.5, 0.11217357963323593, 0.5999286611412847, 0.05592115968465805, 0.0]
[0.4642857142857143, 0.5, 0.3333333333333333, 0.42424242424242425, 0.6153846153846154, 0.5869565217391305, 0.15070278942584991, 0.15023969113826752, 0.2970911330520309, 0.29706931980344575, 0.38228043908142906, 0.616297281444364, 0.30464022287300657, 0.30464022287300657, 0.5963320136070251, 0.0, 0.0, 0.0, 0.5056477546691894, 0.23852857947349548, 0.24193322658538818, 0.7265989780426025, 0.7265989780426025, 0.0, 0.5, 0.0, 0.6976744186046512, 0.0645071268081665, 0.0]
[0.4642857142857143, 0.5, 0.3333333333333333, 0.42424242424242425, 0.6153846153846154, 0.5869565217391305, 0.14871525764465332, 0.14825206995010376, 0.29875019357947497, 0.2987283803308899, 0.3889032672969607, 0.609384590028982, 0.3042414252247129, 0.3042414252247129, 0.6071542352437973, 0.0, 0.0, 0.0, 0.47278864979743956, 0.2821074575185776, 0.2872791886329651, 0.6850311160087585, 0.6850311160087585, 0.05414021015167236, 0.5393054802266378, 0.0557982362806797, 0.7660947029673776, 0.06792944669723511, 0.0]
[0.4642857142857143, 0.5, 0.3333333333333333, 0.42424242424242425, 0.6153846153846154, 0.5869565217391305, 0.1441410630941391, 0.14350555837154388, 0.3026236977221633, 0.30260204402712065, 0.39319035701496424, 0.6046448355144519, 0.30771838767187937, 0.30771838767187937, 0.6367411017417908, 0.0, 0.0, 0.0, 0.43165046274662017, 0.3245382308959961, 0.3312002569437027, 0.6316667795181274, 0.6316667795181274, 0.05362411588430405, 0.6031746031746031, 0.05450127273797989, 0.8, 0.08412095904350281, 0.0]
[0.4642857142857143, 0.5, 0.3333333333333333, 0.42424242424242425, 0.6153846153846154, 0.5869565217391305, 0.14416854083538055, 0.14344370365142822, 0.30226850874337363, 0.30224678666824134, 0.3959281362493453, 0.6017242791497178, 0.3257770836353302, 0.3257770836353302, 0.6374712884426117, 0.0, 0.0, 0.0, 0.42893075346946713, 0.32663145661354065, 0.33331964910030365, 0.6281399130821228, 0.6281399130821228, 0.05438060685992241, 0.6031746031746031, 0.05477757006883621, 0.8, 0.10235846787691116, 0.0]
[0.4642857142857143, 0.5, 0.3333333333333333, 0.42424242424242425, 0.6153846153846154, 0.5869565217391305, 0.14707906544208527, 0.14629331231117249, 0.3010243785996738, 0.3010025197643623, 0.40143870532398696, 0.5960789500134802, 0.3362741747072765, 0.3362741747072765, 0.6304066479206085, 0.0, 0.0, 0.0, 0.43880902528762816, 0.317168727517128, 0.3237256705760956, 0.6413947939872742, 0.6413947939872742, 0.05545361712574959, 0.6031746031746031, 0.055495306849479675, 0.8, 0.11148233711719513, 0.0]
[0.4642857142857143, 0.5, 0.3333333333333333, 0.42424242424242425, 0.6153846153846154, 0.5869565217391305, 0.14313217997550964, 0.1423645317554474, 0.3037937722288172, 0.3037721641205009, 0.4300288709582152, 0.5672659614466294, 0.3443920612335205, 0.3443920612335205, 0.6215823888778687, 0.0, 0.0, 0.0, 0.4695130407810211, 0.31625042855739594, 0.3212086409330368, 0.6820963621139526, 0.6820963621139526, 0.05551764369010925, 0.6031746031746031, 0.055165112018585205, 0.8, 0.11320988088846207, 0.0]
[0.4642857142857143, 0.5, 0.3333333333333333, 0.42424242424242425, 0.6153846153846154, 0.5869565217391305, 0.1451592743396759, 0.14418506622314453, 0.3023347918435675, 0.3023130013883456, 0.47440726134790745, 0.5225573700148513, 0.37327803671360016, 0.37327803671360016, 0.6173278093338013, 0.0, 0.0, 0.0, 0.48801308870315546, 0.3065885454416275, 0.30859585106372833, 0.7108015418052673, 0.7108015418052673, 0.054629623889923096, 0.6031746031746031, 0.053145211189985275, 0.7989999262052914, 0.11870170384645462, 0.0]
[0.4642857142857143, 0.5, 0.3333333333333333, 0.42424242424242425, 0.6153846153846154, 0.5869565217391305, 0.1448463648557663, 0.1437208354473114, 0.30037084728992236, 0.3003489884546109, 0.4986019859849039, 0.4986201560697359, 0.387547356741769, 0.387547356741769, 0.5960025638341904, 0.0, 0.0, 0.0, 0.4949518322944641, 0.2867008447647095, 0.2838457375764847, 0.7163991928100586, 0.7163991928100586, 0.05480515584349632, 0.5753186657315208, 0.052656255662441254, 0.7819365995914437, 0.11991192400455475, 0.0]
[0.4642857142857143, 0.5, 0.3333333333333333, 0.42424242424242425, 0.6153846153846154, 0.5869565217391305, 0.135133758187294, 0.13366949558258057, 0.3032922270649022, 0.3032705277831331, 0.49556287083183603, 0.5015139330818772, 0.38333523486341753, 0.38333523486341753, 0.589324027299881, 0.0, 0.0, 0.0, 0.5012800395488739, 0.28159739077091217, 0.27817389369010925, 0.7247588038444519, 0.7247588038444519, 0.05378928408026695, 0.6031746031746031, 0.05125061422586441, 0.7979593720546989, 0.11515554040670395, 0.0]
[0.4642857142857143, 0.5, 0.3333333333333333, 0.42424242424242425, 0.6153846153846154, 0.5869565217391305, 0.07468556612730026, 0.07339579612016678, 0.3876614050928995, 0.3876451420282543, 0.6084972749932547, 0.3917287931792772, 0.4318703072411674, 0.4318703072411674, 0.6780935227870941, 0.0, 0.0, 0.0, 0.47403275370597836, 0.31259338557720184, 0.3166481703519821, 0.6910850405693054, 0.6910850405693054, 0.053017228841781616, 0.6031746031746031, 0.05051158741116524, 0.8, 0.11362656950950623, 0.0]
[0.4642857142857143, 0.5, 0.3333333333333333, 0.42424242424242425, 0.6153846153846154, 0.5869565217391305, 0.0, 0.0, 0.4176040719161754, 0.41758965511394963, 0.5731574132839079, 0.42669851916191404, 0.40867728846413753, 0.40867728846413753, 0.7111895233392715, 0.0, 0.0, 0.0, 0.4211488455533981, 0.33280183374881744, 0.35271430015563965, 0.6251936554908752, 0.6251936554908752, 0.05291745066642761, 0.6031746031746031, 0.05044027790427208, 0.8, 0.11448656767606735, 0.0]
[0.4642857142857143, 0.5, 0.3333333333333333, 0.42424242424242425, 0.6153846153846154, 0.5869565217391305, 0.0, 0.0, 0.43471153379626304, 0.4346981369970405, 0.5080831640935992, 0.49088378658663423, 0.36953761109283995, 0.36953761109283995, 0.7196526229381561, 0.0, 0.0, 0.0, 0.3939335614442825, 0.342510387301445, 0.36422766745090485, 0.5871545672416687, 0.5871545672416687, 0.05364866554737091, 0.6031746031746031, 0.05183166638016701, 0.8, 0.12179447710514069, 0.0]
[0.4642857142857143, 0.5, 0.3333333333333333, 0.42424242424242425, 0.6153846153846154, 0.5869565217391305, 0.0, 0.0, 0.4433654843051392, 0.44335268013336004, 0.497474622501356, 0.5017053289526913, 0.3624384105205536, 0.3624384105205536, 0.7270530760288239, 0.0, 0.0, 0.0, 0.39241147637367246, 0.34534870088100433, 0.36702272295951843, 0.585679829120636, 0.585679829120636, 0.053910378366708755, 0.6031746031746031, 0.05311182886362076, 0.8, 0.12274513393640518, 0.0]
[0.4642857142857143, 0.5, 0.3333333333333333, 0.42424242424242425, 0.6153846153846154, 0.5869565217391305, 0.0, 0.0, 0.42552539244664556, 0.42551145430504705, 0.529453598176544, 0.4697216475164407, 0.37696819220270433, 0.37696819220270433, 0.727770134806633, 0.0, 0.0, 0.0, 0.4002924770116806, 0.34363847970962524, 0.36213675141334534, 0.5941730737686157, 0.5941730737686157, 0.05465080216526985, 0.6031746031746031, 0.05405963957309723, 0.8, 0.12264931201934814, 0.0]
[0.4642857142857143, 0.5, 0.3333333333333333, 0.42424242424242425, 0.6153846153846154, 0.5869565217391305, 0.6270432472229004, 0.6244686245918274, 0.23764497053098954, 0.23762067280581528, 0.4394764179937242, 0.5602275856458155, 0.5075585203511375, 0.5075585203511375, 0.6360480040311813, 0.0, 0.0, 0.0, 0.41819227337837217, 0.2881248891353607, 0.2936602085828781, 0.6100183129310608, 0.6100183129310608, 0.06762521713972092, 0.5673775530996776, 0.0637105405330658, 0.7745530079443788, 0.13462598621845245, 0.0]
[0.4642857142857143, 0.5, 0.3333333333333333, 0.42424242424242425, 0.6153846153846154, 0.5869565217391305, 0.3068992793560028, 0.3060542941093445, 0.2767795568214548, 0.27675671787152556, 0.4534857318688533, 0.5444891640328035, 0.428071107183184, 0.428071107183184, 0.6081949919462204, 0.0, 0.0, 0.0, 0.4233607202768326, 0.28140367567539215, 0.28483620285987854, 0.6157007813453674, 0.6157007813453674, 0.06882444769144058, 0.5345715114048548, 0.0654604434967041, 0.7574058038204216, 0.13164331018924713, 0.0]
[0.4642857142857143, 0.5, 0.3333333333333333, 0.42424242424242425, 0.6153846153846154, 0.5869565217391305, 0.2177593857049942, 0.21694669127464294, 0.2903691423098854, 0.290346736433857, 0.4295508257517623, 0.5679091694997278, 0.3716815688780376, 0.3716815688780376, 0.583404928445816, 0.0, 0.0, 0.0, 0.4704058349132538, 0.2711220383644104, 0.2760371267795563, 0.6818768978118896, 0.6818768978118896, 0.0653829500079155, 0.5373342931270599, 0.06296169012784958, 0.7590737245803656, 0.12118352204561234, 0.0]
[0.4642857142857143, 0.5, 0.3333333333333333, 0.42424242424242425, 0.6153846153846154, 0.5869565217391305, 0.2053549885749817, 0.20453254878520966, 0.2966279947051127, 0.29660595352289554, 0.37430808421074774, 0.6238433035513589, 0.3423196077346802, 0.3423196077346802, 0.6061841994524002, 0.0, 0.0, 0.0, 0.45946044921874996, 0.28220224380493164, 0.2982144206762314, 0.6718422770500183, 0.6718422770500183, 0.06305605173110962, 0.5835026436381869, 0.06126910075545311, 0.789890608988529, 0.11919847875833511, 0.0]
[0.4642857142857143, 0.5, 0.3333333333333333, 0.42424242424242425, 0.6153846153846154, 0.5869565217391305, 0.17534597218036652, 0.17489509284496307, 0.2967269634881393, 0.29670501347937506, 0.3105466251847393, 0.6895561080995021, 0.3154290680374418, 0.3154290680374418, 0.6261748373508453, 0.0, 0.0, 0.0, 0.4631895691156387, 0.2843427360057831, 0.3103417456150055, 0.6821402311325073, 0.6821402311325073, 0.0588441863656044, 0.6031746031746031, 0.058364834636449814, 0.8, 0.11316147446632385, 0.0]
[0.4642857142857143, 0.5, 0.3333333333333333, 0.42424242424242425, 0.6153846153846154, 0.5869565217391305, 0.16878047585487366, 0.16834235191345215, 0.29649342268876316, 0.29647147267999885, 0.30309501888647133, 0.6973433352742501, 0.30211481664861956, 0.30211481664861956, 0.6218713819980621, 0.0, 0.0, 0.0, 0.4686875462532043, 0.27740077674388885, 0.3049890697002411, 0.6900905966758728, 0.6900905966758728, 0.05634993314743042, 0.5849684684995621, 0.05696268752217293, 0.7852333095357862, 0.11215777695178986, 0.0]
[0.4642857142857143, 0.5, 0.3333333333333333, 0.42424242424242425, 0.6153846153846154, 0.5869565217391305, 0.16961446404457092, 0.16918572783470154, 0.29339651122375837, 0.29337444724817807, 0.3237918827319464, 0.6761435928531125, 0.30014542596680777, 0.30014542596680777, 0.6305699199438095, 0.0, 0.0, 0.0, 0.4618579924106598, 0.2929314523935318, 0.31282973289489746, 0.6768208146095276, 0.6768208146095276, 0.05480301380157471, 0.6031746031746031, 0.056099120527505875, 0.8, 0.10924991965293884, 0.0]
[0.4642857142857143, 0.5, 0.3333333333333333, 0.42424242424242425, 0.6153846153846154, 0.5869565217391305, 0.17689846456050873, 0.17623957991600037, 0.29274316226091257, 0.29272096152515303, 0.3737300217265609, 0.6244156847897674, 0.30955145401614054, 0.30955145401614054, 0.6254470646381378, 0.0, 0.0, 0.0, 0.4654427498579025, 0.2918073683977127, 0.30838151276111603, 0.6799097061157227, 0.6799097061157227, 0.05510714277625084, 0.5635944794094752, 0.0563533641397953, 0.7705067557304405, 0.11122166365385056, 0.0]
[0.4642857142857143, 0.5, 0.3333333333333333, 0.42424242424242425, 0.6153846153846154, 0.5869565217391305, 0.19095981121063232, 0.1900767982006073, 0.28422154432045116, 0.28419879654397473, 0.42796552454764253, 0.5696491478911271, 0.3273892509085792, 0.3273892509085792, 0.5897409021854401, 0.0, 0.0, 0.0, 0.4776007384061813, 0.26978033781051636, 0.2756166458129883, 0.6936190724372864, 0.6936190724372864, 0.05742079019546509, 0.5057029005080934, 0.05820818245410919, 0.7460584521813448, 0.11695287376642227, 0.0]
[0.4642857142857143, 0.5, 0.3333333333333333, 0.42424242424242425, 0.6153846153846154, 0.5869565217391305, 0.20322772860527039, 0.20236119627952576, 0.2887171477250342, 0.2886948102290954, 0.4618271540273444, 0.5357329653457696, 0.3483998775482178, 0.3483998775482178, 0.5933507978916168, 0.0, 0.0, 0.0, 0.46072157621383664, 0.2762729078531265, 0.278476819396019, 0.669143557548523, 0.669143557548523, 0.05799725279211998, 0.5173561052670554, 0.057849060744047165, 0.7513430506684059, 0.11490269750356674, 0.0]
[0.4642857142857143, 0.5, 0.3333333333333333, 0.42424242424242425, 0.6153846153846154, 0.5869565217391305, 0.20433221757411957, 0.20344282686710358, 0.28678839612417417, 0.28676599024814586, 0.4643772584074542, 0.5331534618008839, 0.3486924831356321, 0.3486924831356321, 0.5923374891281128, 0.0, 0.0, 0.0, 0.4869417399168014, 0.2754153162240982, 0.2752820998430252, 0.7062627673149109, 0.7062627673149109, 0.0579519048333168, 0.4854011564027695, 0.057131946086883545, 0.7365329149937214, 0.10872883349657059, 0.0]
[0.4642857142857143, 0.5, 0.3333333333333333, 0.42424242424242425, 0.6153846153846154, 0.5869565217391305, 0.21472369134426117, 0.21387869119644165, 0.28510629150653205, 0.2850837260769612, 0.45010423956592044, 0.5476019517875715, 0.34690268337726593, 0.34690268337726593, 0.5822221487760544, 0.0, 0.0, 0.0, 0.47523012757301325, 0.2729911655187607, 0.2750221788883209, 0.687696635723114, 0.687696635723114, 0.058125417679548264, 0.4987017200106666, 0.05690675973892212, 0.7426911178803028, 0.10793711245059967, 0.0]
[0.4642857142857143, 0.5, 0.3333333333333333, 0.42424242424242425, 0.6153846153846154, 0.5869565217391305, 0.21526750922203064, 0.2144080549478531, 0.29066192306022576, 0.2906396767377397, 0.36967774923627283, 0.6288376656312054, 0.32092190214565824, 0.32092190214565824, 0.6155869662761688, 0.0, 0.0, 0.0, 0.4496889889240265, 0.28042571246623993, 0.29710012674331665, 0.6592072248458862, 0.6592072248458862, 0.059808991849422455, 0.5610330880634368, 0.05866607651114464, 0.776897591300482, 0.11505810171365738, 0.0]
[0.4642857142857143, 0.5, 0.3333333333333333, 0.42424242424242425, 0.6153846153846154, 0.5869565217391305, 0.21324923634529114, 0.2124229073524475, 0.28553672137725417, 0.285514224327773, 0.3415972147115558, 0.6577392284951697, 0.2996442360537393, 0.2996442360537393, 0.6272360384464264, 0.0, 0.0, 0.0, 0.4467860728502273, 0.28319157660007477, 0.3031226843595505, 0.6561476588249207, 0.6561476588249207, 0.05969855934381485, 0.602018329832289, 0.05896313488483429, 0.7964744444849879, 0.1134394183754921, 0.0]
[0.4642857142857143, 0.5, 0.3333333333333333, 0.42424242424242425, 0.6153846153846154, 0.5869565217391305, 0.1975685954093933, 0.19691653549671173, 0.28703770993088673, 0.28701534964158476, 0.3276624579274632, 0.6721950187687158, 0.2721233772380012, 0.2721233772380012, 0.6380025893449783, 0.0, 0.0, 0.0, 0.46323905289173123, 0.28902851045131683, 0.3124399185180664, 0.6796364188194275, 0.6796364188194275, 0.05718569830060005, 0.6031746031746031, 0.057571910321712494, 0.8, 0.10879892110824585, 0.0]
[0.4642857142857143, 0.5, 0.3333333333333333, 0.42424242424242425, 0.6153846153846154, 0.5869565217391305, 0.194509357213974, 0.19386392831802368, 0.29207750488193723, 0.29205519017936166, 0.384157210417505, 0.6137787800623349, 0.31557547194617136, 0.31557547194617136, 0.6162422150373459, 0.0, 0.0, 0.0, 0.4874750882387161, 0.2763405591249466, 0.2877250462770462, 0.7094524502754211, 0.7094524502754211, 0.05680616572499275, 0.5116275903724489, 0.05748852714896202, 0.7461393507587355, 0.11188682168722153, 0.0]
[0.4642857142857143, 0.5, 0.3333333333333333, 0.42424242424242425, 0.6153846153846154, 0.5869565217391305, 0.19481238722801208, 0.1940227746963501, 0.29217253041312985, 0.2921502612972806, 0.4422317937044979, 0.5551943400694089, 0.33721473600183216, 0.33721473600183216, 0.604944184422493, 0.0, 0.0, 0.0, 0.4786988317966461, 0.2813353091478348, 0.2847553789615631, 0.6958556175231934, 0.6958556175231934, 0.05614926666021347, 0.6031746031746031, 0.05634377896785736, 0.7979823025160058, 0.11643927544355392, 0.0]
[0.4642857142857143, 0.5, 0.3333333333333333, 0.42424242424242425, 0.6153846153846154, 0.5869565217391305, 0.19526246190071106, 0.19440212845802307, 0.28855620378745905, 0.28853377511806744, 0.48124958537732665, 0.5161696325473936, 0.3626000029700143, 0.3626000029700143, 0.5943228751420975, 0.0, 0.0, 0.0, 0.4873638123273849, 0.27412255108356476, 0.2786932587623596, 0.7044398784637451, 0.7044398784637451, 0.056316014379262924, 0.5443996787071228, 0.05561969429254532, 0.7700656934879547, 0.11819851398468018, 0.0]
[0.4642857142857143, 0.5, 0.3333333333333333, 0.42424242424242425, 0.6153846153846154, 0.5869565217391305, 0.1952313482761383, 0.1945018619298935, 0.2898689647477626, 0.2898465588717342, 0.5346939034945194, 0.4629636489587755, 0.3657806238957814, 0.3657806238957814, 0.5704637765884399, 0.0, 0.0, 0.0, 0.520882186293602, 0.2754613012075424, 0.2729228585958481, 0.746828556060791, 0.746828556060791, 0.055332791060209274, 0.5752658730461484, 0.05406477302312851, 0.784679988269196, 0.1188187375664711, 0.0]
[0.4642857142857143, 0.5, 0.3333333333333333, 0.42424242424242425, 0.6153846153846154, 0.5869565217391305, 0.19373507797718048, 0.19298729300498962, 0.2893999001264116, 0.2893775170437465, 0.5592664311538463, 0.4388390507747698, 0.4016766164984022, 0.4016766164984022, 0.5685629099607468, 0.0, 0.0, 0.0, 0.5106877774000168, 0.27476659417152405, 0.2618194669485092, 0.7295715808868408, 0.7295715808868408, 0.0548417754471302, 0.49807535088251503, 0.053447552025318146, 0.7473326526408972, 0.1171530932188034, 0.0]
[0.4642857142857143, 0.5, 0.3333333333333333, 0.42424242424242425, 0.6153846153846154, 0.5869565217391305, 0.18298041820526123, 0.18225741386413574, 0.28644788607128724, 0.2864254801952588, 0.5856094674899974, 0.41340096224283807, 0.4119407917772021, 0.4119407917772021, 0.56184022128582, 0.0, 0.0, 0.0, 0.5068716645240784, 0.26102791726589203, 0.24445044994354248, 0.7231961488723755, 0.7231961488723755, 0.0, 0.5, 0.0, 0.6976744186046512, 0.1158997192978859, 0.0]
[0.4642857142857143, 0.5, 0.3333333333333333, 0.42424242424242425, 0.6153846153846154, 0.5869565217391305, 0.184716135263443, 0.1839965134859085, 0.28508926486421954, 0.2850667450213752, 0.590625357901389, 0.40841135827756014, 0.3952501927103315, 0.3952501927103315, 0.5555353313684464, 0.0, 0.0, 0.0, 0.507804137468338, 0.2603238970041275, 0.2407154142856598, 0.7226563096046448, 0.7226563096046448, 0.05560920760035515, 0.47775631695985793, 0.0, 0.6976744186046512, 0.1153210997581482, 0.0]
[0.4642857142857143, 0.5, 0.3333333333333333, 0.42424242424242425, 0.6153846153846154, 0.5869565217391305, 0.1871860772371292, 0.186514750123024, 0.28582081785621427, 0.28579843477354905, 0.5914728379386333, 0.4077447891640567, 0.39023087493010933, 0.39023087493010933, 0.5611533224582672, 0.0, 0.0, 0.0, 0.4882140070199966, 0.2856267839670181, 0.26422472298145294, 0.692145824432373, 0.692145824432373, 0.0, 0.5, 0.0, 0.6976744186046512, 0.10827459394931793, 0.0]
[0.4642857142857143, 0.5, 0.3333333333333333, 0.42424242424242425, 0.6153846153846154, 0.5869565217391305, 0.1937706172466278, 0.19306960701942444, 0.27845568957793776, 0.2784329645948246, 0.5606005096070853, 0.4382243707525976, 0.38313329219818115, 0.38313329219818115, 0.5487830936908722, 0.0, 0.0, 0.0, 0.49081324040889734, 0.2716636657714844, 0.2533956468105316, 0.6968147158622742, 0.6968147158622742, 0.0, 0.5, 0.0, 0.6976744186046512, 0.10604458302259445, 0.0]
[0.4642857142857143, 0.5, 0.3333333333333333, 0.42424242424242425, 0.6153846153846154, 0.5869565217391305, 0.21837368607521057, 0.2174234241247177, 0.2773526959391899, 0.2773297202290814, 0.47774946074184904, 0.5199264660113578, 0.3409037951912199, 0.3409037951912199, 0.5508667379617691, 0.0, 0.0, 0.0, 0.4959163069725036, 0.2711224853992462, 0.25811290740966797, 0.706188976764679, 0.706188976764679, 0.05597138777375221, 0.5337815251615312, 0.05568524822592735, 0.7580999683502109, 0.09446317702531815, 0.0]
[0.4642857142857143, 0.5, 0.3333333333333333, 0.42424242424242425, 0.6153846153846154, 0.5869565217391305, 0.210734024643898, 0.20997238159179688, 0.2933724642255794, 0.29335033186990944, 0.42372085897690026, 0.5738828655246061, 0.34706065697329386, 0.34706065697329386, 0.5771364718675613, 0.0, 0.0, 0.0, 0.49454427957534786, 0.28609925508499146, 0.28459371626377106, 0.7091345191001892, 0.7091345191001892, 0.05424755811691284, 0.5861465826867118, 0.05389523506164551, 0.7837274055494818, 0.09314621239900589, 0.0]
[0.4642857142857143, 0.5, 0.3333333333333333, 0.42424242424242425, 0.6153846153846154, 0.5869565217391305, 0.17095933854579926, 0.1706445962190628, 0.3037825578941214, 0.30376097257916834, 0.3780566579297213, 0.6199634058702922, 0.36772964256150387, 0.36772964256150387, 0.5988190472126007, 0.0, 0.0, 0.0, 0.47021119594573973, 0.2978382557630539, 0.2980758547782898, 0.6778407096862793, 0.6778407096862793, 0.05096069723367691, 0.6031746031746031, 0.050805844366550446, 0.8, 0.09022026509046555, 0.0]
[0.4642857142857143, 0.5, 0.3333333333333333, 0.42424242424242425, 0.6153846153846154, 0.5869565217391305, 0.18830856680870056, 0.18792663514614105, 0.2995264899434369, 0.2995046766948518, 0.404559715072238, 0.593229366483419, 0.3921267603124891, 0.3921267603124891, 0.5853782296180725, 0.0, 0.0, 0.0, 0.46838296651840206, 0.2899431139230728, 0.2833018898963928, 0.672019898891449, 0.672019898891449, 0.049933552742004395, 0.5472657751469385, 0.05007901415228844, 0.7582743231986845, 0.09349903464317322, 0.0]
[0.4642857142857143, 0.5, 0.3333333333333333, 0.42424242424242425, 0.6153846153846154, 0.5869565217391305, 0.20030541718006134, 0.19969996809959412, 0.2876703625199444, 0.287647956643916, 0.4907417746392536, 0.5069415172194381, 0.3911109055791583, 0.3911109055791583, 0.5713681429624557, 0.0, 0.0, 0.0, 0.49569141864776606, 0.2771286517381668, 0.26532620191574097, 0.7090136408805847, 0.7090136408805847, 0.0501980222761631, 0.49750772307789515, 0.05038155987858772, 0.7405008224034032, 0.09530194848775864, 0.0]
[0.4642857142857143, 0.5, 0.3333333333333333, 0.42424242424242425, 0.6153846153846154, 0.5869565217391305, 0.20731981098651886, 0.20657527446746826, 0.281768750506195, 0.281746162283261, 0.5557023640116587, 0.44274672216889915, 0.372868829539844, 0.372868829539844, 0.5615186244249344, 0.0, 0.0, 0.0, 0.4962060958147049, 0.2811441868543625, 0.26626700162887573, 0.7049143314361572, 0.7049143314361572, 0.05144939944148064, 0.47942024022340773, 0.051540520042181015, 0.7383947141555159, 0.09436193853616714, 0.0]
[0.4642857142857143, 0.5, 0.3333333333333333, 0.42424242424242425, 0.6153846153846154, 0.5869565217391305, 0.19859622418880463, 0.19768640398979187, 0.2824344078851703, 0.2824117284887835, 0.5767874387208636, 0.4220226772378047, 0.3583063504525594, 0.3583063504525594, 0.554406464099884, 0.0, 0.0, 0.0, 0.48957637548446653, 0.26887282729148865, 0.25251762568950653, 0.6944720149040222, 0.6944720149040222, 0.053283438086509705, 0.4875179254819476, 0.053258467465639114, 0.7536994146053181, 0.09694943577051163, 0.0]
[0.4642857142857143, 0.5, 0.3333333333333333, 0.42424242424242425, 0.6153846153846154, 0.5869565217391305, 0.19884474575519562, 0.19790908694267273, 0.29698022054668594, 0.29695840729810086, 0.5399255188427737, 0.4581979669936022, 0.36705503506319864, 0.36705503506319864, 0.5640804022550583, 0.0, 0.0, 0.0, 0.4822962939739227, 0.28416597843170166, 0.2672123461961746, 0.686398983001709, 0.686398983001709, 0.05356140807271004, 0.47857543677091596, 0.05378825590014458, 0.7377373949126449, 0.09679652750492096, 0.0]
[0.4642857142857143, 0.5, 0.3333333333333333, 0.42424242424242425, 0.6153846153846154, 0.5869565217391305, 0.19459496438503265, 0.19380764663219452, 0.2978127253443059, 0.29779075254217846, 0.48250916799669286, 0.5144873883204018, 0.37789138300078257, 0.37789138300078257, 0.5619607418775558, 0.0, 0.0, 0.0, 0.4943482011556625, 0.28538496792316437, 0.2704054117202759, 0.7054794430732727, 0.7054794430732727, 0.05190280079841614, 0.5352115162781306, 0.052372124046087265, 0.7622213076886742, 0.09031502157449722, 0.0]
[0.4642857142857143, 0.5, 0.3333333333333333, 0.42424242424242425, 0.6153846153846154, 0.5869565217391305, 0.18238718807697296, 0.18174539506435394, 0.30753318301578325, 0.30751152932074055, 0.4197398214449618, 0.577161472859797, 0.38533355508531847, 0.38533355508531847, 0.5889876931905746, 0.0, 0.0, 0.0, 0.4846783578395843, 0.2889629751443863, 0.2861451804637909, 0.6976597309112549, 0.6976597309112549, 0.05026978999376297, 0.6015369277151804, 0.05056171864271164, 0.7936864450227383, 0.09028056263923645, 0.0]
[0.4642857142857143, 0.5, 0.3333333333333333, 0.42424242424242425, 0.6153846153846154, 0.5869565217391305, 0.16897065937519073, 0.16845528781414032, 0.30572607959433673, 0.3057043803125677, 0.3833724235257501, 0.6140203327288769, 0.3991392893450601, 0.3991392893450601, 0.5743106454610825, 0.0, 0.0, 0.0, 0.483427557349205, 0.29299411177635193, 0.29845643043518066, 0.6976457834243774, 0.6976457834243774, 0.0499296598136425, 0.538159060572821, 0.05037304386496544, 0.7627933979207693, 0.09188000857830048, 0.0]
[0.4642857142857143, 0.5, 0.3333333333333333, 0.42424242424242425, 0.6153846153846154, 0.5869565217391305, 0.16842521727085114, 0.16798445582389832, 0.3022397663123749, 0.3022179302704266, 0.37052258524338555, 0.6273261465437732, 0.4119815570967538, 0.4119815570967538, 0.5649494230747223, 0.0, 0.0, 0.0, 0.46993861794471736, 0.29015178978443146, 0.29704079031944275, 0.6801272630691528, 0.6801272630691528, 0.05038902163505554, 0.5124078672083597, 0.051314856857061386, 0.7518815561089405, 0.09248348325490952, 0.0]
[0.4642857142857143, 0.5, 0.3333333333333333, 0.42424242424242425, 0.6153846153846154, 0.5869565217391305, 0.18822671473026276, 0.1879061758518219, 0.2971611086770636, 0.2971391586682992, 0.4234361926638601, 0.5742930164250037, 0.46070777944156105, 0.46070777944156105, 0.5667329877614975, 0.0, 0.0, 0.0, 0.45414859950542447, 0.29850929975509644, 0.29437683522701263, 0.6499890089035034, 0.6499890089035034, 0.0, 0.5, 0.0, 0.6976744186046512, 0.10876595973968506, 0.0]
[0.4642857142857143, 0.5, 0.3333333333333333, 0.42424242424242425, 0.6153846153846154, 0.5869565217391305, 0.24230638146400452, 0.24179351329803467, 0.2840421149653185, 0.2840203473034598, 0.5039189459175498, 0.4938491347592323, 0.45793488621711737, 0.45793488621711737, 0.559895470738411, 0.0, 0.0, 0.0, 0.4777719914913177, 0.29594017565250397, 0.28972387313842773, 0.6834198236465454, 0.6834198236465454, 0.0, 0.5, 0.0, 0.6976744186046512, 0.1115192100405693, 0.0]
[0.4642857142857143, 0.5, 0.3333333333333333, 0.42424242424242425, 0.6153846153846154, 0.5869565217391305, 0.19136148691177368, 0.19109809398651123, 0.2958071829028157, 0.29578593948831067, 0.5666705189881771, 0.43159846543303365, 0.4268852302006313, 0.4268852302006313, 0.555646687746048, 0.0, 0.0, 0.0, 0.5044089704751968, 0.2736136168241501, 0.25585418939590454, 0.7187972664833069, 0.7187972664833069, 0.05670773983001709, 0.47731690406799315, 0.0, 0.6976744186046512, 0.11227385699748993, 0.0]
[0.4642857142857143, 0.5, 0.3333333333333333, 0.42424242424242425, 0.6153846153846154, 0.5869565217391305, 0.17905974388122559, 0.17864379286766052, 0.29769356164148164, 0.297672363813703, 0.5966836457954539, 0.4020218771178175, 0.41275705610002794, 0.41275705610002794, 0.5533493906259537, 0.0, 0.0, 0.0, 0.5019285440444946, 0.2721547782421112, 0.2532777041196823, 0.7134802341461182, 0.7134802341461182, 0.0, 0.5, 0.0, 0.6976744186046512, 0.1143224686384201, 0.0]
[0.4642857142857143, 0.5, 0.3333333333333333, 0.42424242424242425, 0.6153846153846154, 0.5869565217391305, 0.399558424949646, 0.3991404175758362, 0.25663097593114204, 0.256607931840944, 0.5797982881447553, 0.4196572389880234, 0.39691648312977384, 0.39691648312977384, 0.5508970469236374, 0.0, 0.0, 0.0, 0.4993284970521927, 0.2716507315635681, 0.2527156174182892, 0.707524299621582, 0.707524299621582, 0.0, 0.5, 0.0, 0.6976744186046512, 0.11449441313743591, 0.0]
[0.4642857142857143, 0.5, 0.3333333333333333, 0.42424242424242425, 0.6153846153846154, 0.5869565217391305, 0.8606868386268616, 0.8602281808853149, 0.22934964510040573, 0.22932580324249557, 0.5190034266525655, 0.48076213723108324, 0.5018561014107296, 0.5018561014107296, 0.5861730575561523, 0.0, 0.0, 0.0, 0.46946591436862944, 0.2540140002965927, 0.24676409363746643, 0.6700685620307922, 0.6700685620307922, 0.06933484971523285, 0.5068247687248957, 0.07152087241411209, 0.7494547620935496, 0.10935398936271667, 0.0]
[0.4642857142857143, 0.5, 0.3333333333333333, 0.42424242424242425, 0.6153846153846154, 0.5869565217391305, 0.2439989149570465, 0.2435600757598877, 0.2976614229993656, 0.29764017958486055, 0.4597771787734606, 0.5373527229921261, 0.41128937687192646, 0.41128937687192646, 0.5607534348964691, 0.0, 0.0, 0.0, 0.5029962211847305, 0.27294953167438507, 0.2639554291963577, 0.7214059233665466, 0.7214059233665466, 0.06447955220937729, 0.4819277903390309, 0.0, 0.6976744186046512, 0.10677865147590637, 0.0]
[0.4642857142857143, 0.5, 0.3333333333333333, 0.42424242424242425, 0.6153846153846154, 0.5869565217391305, 0.14149436354637146, 0.14102703332901, 0.3216564067235185, 0.3216363713572632, 0.39823125744413007, 0.5989824199033235, 0.4042737824576242, 0.4042737824576242, 0.5935730338096619, 0.0, 0.0, 0.0, 0.49738160669803616, 0.2793274074792862, 0.27743668854236603, 0.7164003849029541, 0.7164003849029541, 0.055091287940740585, 0.5893336335817972, 0.05537671223282814, 0.7843683603717837, 0.10549557209014893, 0.0]
[0.4642857142857143, 0.5, 0.3333333333333333, 0.42424242424242425, 0.6153846153846154, 0.5869565217391305, 0.10802397131919861, 0.10740171372890472, 0.3280977313878659, 0.3280779695419691, 0.36307945807622904, 0.6344601843092177, 0.39072176175458095, 0.39072176175458095, 0.5863645225763321, 0.0, 0.0, 0.0, 0.49746315479278563, 0.2793087214231491, 0.28854142129421234, 0.7193498015403748, 0.7193498015403748, 0.05127052590250969, 0.6031746031746031, 0.05184305086731911, 0.7973157986998558, 0.10261709988117218, 0.0]
[0.4642857142857143, 0.5, 0.3333333333333333, 0.42424242424242425, 0.6153846153846154, 0.5869565217391305, 0.08097240328788757, 0.08079381287097931, 0.3324307041459968, 0.332411341183956, 0.3164750535902968, 0.6827823422328414, 0.369844702737672, 0.369844702737672, 0.5800808370113373, 0.0, 0.0, 0.0, 0.5166059494018554, 0.2622605264186859, 0.2721516937017441, 0.7444837093353271, 0.7444837093353271, 0.049395736306905746, 0.5205035853007483, 0.05056984722614288, 0.7503269868361395, 0.10220734030008316, 0.0]
[0.4642857142857143, 0.5, 0.3333333333333333, 0.42424242424242425, 0.6153846153846154, 0.5869565217391305, 0.051968734711408615, 0.05190703645348549, 0.3321543574105257, 0.3321350400352113, 0.3003640092809615, 0.699559499788416, 0.346851082784789, 0.346851082784789, 0.5809544175863266, 0.0, 0.0, 0.0, 0.5182955533266067, 0.2580954432487488, 0.26766228675842285, 0.7468155026435852, 0.7468155026435852, 0.04751362279057503, 0.5440868252799624, 0.04949968308210373, 0.7621151360488215, 0.10094539821147919, 0.0]
[0.4642857142857143, 0.5, 0.3333333333333333, 0.42424242424242425, 0.6153846153846154, 0.5869565217391305, 0.7668983340263367, 0.7676059007644653, 0.2616327743457335, 0.2616102545028891, 0.3587427699998961, 0.641382471730508, 0.4745001878057208, 0.4745001878057208, 0.5926565378904343, 0.0, 0.0, 0.0, 0.4605180293321609, 0.238043874502182, 0.25727225840091705, 0.6738871932029724, 0.6738871932029724, 0.0, 0.5, 0.0, 0.6976744186046512, 0.1098727211356163, 0.0]
[0.4642857142857143, 0.5, 0.3333333333333333, 0.42424242424242425, 0.6153846153846154, 0.5869565217391305, 0.5589370131492615, 0.5580497980117798, 0.24244447784715584, 0.24242118302996257, 0.42234684655132987, 0.5771764594961029, 0.47250626342637203, 0.47250626342637203, 0.5855855643749237, 0.0, 0.0, 0.0, 0.4385893106460571, 0.25928549468517303, 0.2699395716190338, 0.629517674446106, 0.629517674446106, 0.07015079259872437, 0.47193968296051025, 0.0, 0.6976744186046512, 0.1235441341996193, 0.0]
[0.4642857142857143, 0.5, 0.3333333333333333, 0.42424242424242425, 0.6153846153846154, 0.5869565217391305, 0.22481247782707214, 0.22398974001407623, 0.30023611572003045, 0.30021503185906784, 0.46596721800517854, 0.5313099217637725, 0.41874585407120846, 0.41874585407120846, 0.5984574407339096, 0.0, 0.0, 0.0, 0.4901167750358581, 0.2865004539489746, 0.2872043550014496, 0.7075558304786682, 0.7075558304786682, 0.0, 0.5, 0.0, 0.6976744186046512, 0.1270768642425537, 0.0]
[0.4642857142857143, 0.5, 0.3333333333333333, 0.42424242424242425, 0.6153846153846154, 0.5869565217391305, 0.14155025780200958, 0.14070142805576324, 0.308657283308857, 0.3086367236952481, 0.521101601322112, 0.47625326239077537, 0.4086504876613617, 0.4086504876613617, 0.573425367474556, 0.0, 0.0, 0.0, 0.50802201628685, 0.26198969781398773, 0.2564140111207962, 0.7320151925086975, 0.7320151925086975, 0.0, 0.5, 0.0, 0.6976744186046512, 0.12693007290363312, 0.0]
[0.4642857142857143, 0.5, 0.3333333333333333, 0.42424242424242425, 0.6153846153846154, 0.5869565217391305, 0.1279851645231247, 0.12709812819957733, 0.32235097748371655, 0.3223311700510933, 0.49452244818039653, 0.5029135709460283, 0.39139707173619953, 0.39139707173619953, 0.567543625831604, 0.0, 0.0, 0.0, 0.5197424322366714, 0.2630545198917389, 0.24794423580169678, 0.7446698546409607, 0.7446698546409607, 0.05835997313261032, 0.47665601074695585, 0.0, 0.6976744186046512, 0.1221768707036972, 0.0]
[0.4642857142857143, 0.5, 0.3333333333333333, 0.42424242424242425, 0.6153846153846154, 0.5869565217391305, 0.028049655258655548, 0.027685724198818207, 0.3674055586353543, 0.36738842942290734, 0.37292420795725134, 0.6257015495814917, 0.3982381096908025, 0.3982381096908025, 0.5867084711790085, 0.0, 0.0, 0.0, 0.5244538217782974, 0.2761770635843277, 0.2558046877384186, 0.7557074427604675, 0.7557074427604675, 0.05580409616231918, 0.4857797759865957, 0.055142927914857864, 0.7378170292737872, 0.11859659850597382, 0.0]
[0.4642857142857143, 0.5, 0.3333333333333333, 0.42424242424242425, 0.6153846153846154, 0.5869565217391305, 0.0, 0.0, 0.36577069326295, 0.36575360963722947, 0.3412165085626606, 0.6585852953438954, 0.4044123845441001, 0.4044123845441001, 0.5768781006336212, 0.0, 0.0, 0.0, 0.5199586004018784, 0.26425042748451233, 0.24601805210113525, 0.7516624927520752, 0.7516624927520752, 0.0, 0.5, 0.0, 0.6976744186046512, 0.11263062059879303, 0.0]
[0.4642857142857143, 0.5, 0.3333333333333333, 0.42424242424242425, 0.6153846153846154, 0.5869565217391305, 0.0, 0.0, 0.3669231940865745, 0.3669065777247996, 0.2740167276809138, 0.7290930770272684, 0.4295551351138524, 0.4295551351138524, 0.5810492038726807, 0.0, 0.0, 0.0, 0.4927690804004669, 0.26175224781036377, 0.24701765179634094, 0.7182135581970215, 0.7182135581970215, 0.05225556343793869, 0.4790977746248245, 0.0, 0.6976744186046512, 0.10727209597826004, 0.0]
[0.4642857142857143, 0.5, 0.3333333333333333, 0.42424242424242425, 0.6153846153846154, 0.5869565217391305, 0.0, 0.0, 0.3661862504641823, 0.3661697708625866, 0.23904963433172688, 0.766033619762556, 0.4546315968036652, 0.4546315968036652, 0.5838186144828796, 0.0, 0.0, 0.0, 0.4697349667549133, 0.2640112489461899, 0.25327448546886444, 0.6849251985549927, 0.6849251985549927, 0.051902949810028076, 0.49439510703086853, 0.0, 0.6976744186046512, 0.10756181180477142, 0.0]
[0.4642857142857143, 0.5, 0.3333333333333333, 0.42424242424242425, 0.6153846153846154, 0.5869565217391305, 0.0, 0.0, 0.36610629134606676, 0.3660895952075207, 0.2483341461385869, 0.7557746916787752, 0.4410833971840995, 0.4410833971840995, 0.5975039303302765, 0.0, 0.0, 0.0, 0.46574299037456507, 0.27757081389427185, 0.27107127010822296, 0.6773025989532471, 0.6773025989532471, 0.05085049197077751, 0.5964640047815111, 0.05036289617419243, 0.7854942561582078, 0.10761308670043945, 0.0]
[0.4642857142857143, 0.5, 0.3333333333333333, 0.42424242424242425, 0.6153846153846154, 0.5869565217391305, 0.0, 0.0, 0.3676889941067814, 0.3676724575217778, 0.22926018114983465, 0.7758640098247606, 0.41280054620334083, 0.41280054620334083, 0.609163448214531, 0.0, 0.0, 0.0, 0.48856909275054927, 0.27729927003383636, 0.27396629750728607, 0.7084488272666931, 0.7084488272666931, 0.04672481492161751, 0.5712510744730631, 0.04665446653962135, 0.7749675638800444, 0.10198421031236649, 0.0]
[0.4642857142857143, 0.5, 0.3333333333333333, 0.42424242424242425, 0.6153846153846154, 0.5869565217391305, 0.9465156197547913, 0.9464426636695862, 0.2879831558431768, 0.28796202639548774, 0.4435208552654113, 0.5552804341859481, 0.5234282144478389, 0.5234282144478389, 0.5476522445678711, 0.0, 0.0, 0.0, 0.44222691059112545, 0.2218083143234253, 0.22512727975845337, 0.6338567733764648, 0.6338567733764648, 0.0, 0.5, 0.0, 0.6976744186046512, 0.11358802020549774, 0.0]
[0.4642857142857143, 0.5, 0.3333333333333333, 0.42424242424242425, 0.6153846153846154, 0.5869565217391305, 0.2754771113395691, 0.2750544250011444, 0.30234151588571234, 0.30232063716501856, 0.49289578521342853, 0.5046032486585946, 0.44704579881259376, 0.44704579881259376, 0.5804458260536194, 0.0, 0.0, 0.0, 0.5109501749277114, 0.24651646614074707, 0.2493230104446411, 0.738631546497345, 0.738631546497345, 0.0, 0.5, 0.0, 0.6976744186046512, 0.12497846782207489, 0.0]
[0.4642857142857143, 0.5, 0.3333333333333333, 0.42424242424242425, 0.6153846153846154, 0.5869565217391305, 0.09037655591964722, 0.08960725367069244, 0.3315159153072146, 0.33149639279163134, 0.5536264584579613, 0.44374014811073115, 0.42457680617059984, 0.42457680617059984, 0.5507442951202393, 0.0, 0.0, 0.0, 0.5298569828271865, 0.22406014800071716, 0.2137211263179779, 0.7607920169830322, 0.7607920169830322, 0.056614022701978683, 0.498897764890913, 0.05638819560408592, 0.7517178218032039, 0.1190326139330864, 0.0]
[0.4642857142857143, 0.5, 0.3333333333333333, 0.42424242424242425, 0.6153846153846154, 0.5869565217391305, 0.058503519743680954, 0.05764475092291832, 0.3348033906852766, 0.3347841188966886, 0.5702901962382387, 0.42732608883097745, 0.4135714045592717, 0.4135714045592717, 0.5404888540506363, 0.0, 0.0, 0.0, 0.5386040747165679, 0.21919232606887817, 0.207128643989563, 0.7711598873138428, 0.7711598873138428, 0.05216105282306671, 0.5029872703173803, 0.051710862666368484, 0.755165832247152, 0.11454661190509796, 0.0]
[0.4642857142857143, 0.5, 0.3333333333333333, 0.42424242424242425, 0.6153846153846154, 0.5869565217391305, 0.20155325531959534, 0.2011810541152954, 0.3215911037379423, 0.3215710911650502, 0.5557078629105314, 0.4417803177591441, 0.40600672364234924, 0.40600672364234924, 0.5314344614744186, 0.0, 0.0, 0.0, 0.54155632853508, 0.211382657289505, 0.20440375804901123, 0.7758832573890686, 0.7758832573890686, 0.0, 0.5, 0.0, 0.6976744186046512, 0.1079024225473404, 0.0]
[0.4642857142857143, 0.5, 0.3333333333333333, 0.42424242424242425, 0.6153846153846154, 0.5869565217391305, 0.4646291434764862, 0.4637232720851898, 0.2544749744991499, 0.25445208996249435, 0.5056154655566862, 0.4933381417462698, 0.44869039739881245, 0.44869039739881245, 0.5667843073606491, 0.0, 0.0, 0.0, 0.5246633142232895, 0.20285004377365112, 0.20218178629875183, 0.7528865337371826, 0.7528865337371826, 0.0, 0.5, 0.0, 0.6976744186046512, 0.10671103745698929, 0.0]
[0.4642857142857143, 0.5, 0.3333333333333333, 0.42424242424242425, 0.6153846153846154, 0.5869565217391305, 0.07188419997692108, 0.07103608548641205, 0.3566631035412703, 0.3566450056108872, 0.44382952868824477, 0.5526390304107917, 0.41725179978779386, 0.41725179978779386, 0.5812803655862808, 0.0, 0.0, 0.0, 0.5004853576421737, 0.2364000380039215, 0.23588192462921143, 0.7245008945465088, 0.7245008945465088, 0.05546166002750397, 0.49565517760458444, 0.05605262145400047, 0.7369194272905588, 0.11284812539815903, 0.0]
[0.4642857142857143, 0.5, 0.3333333333333333, 0.42424242424242425, 0.6153846153846154, 0.5869565217391305, 0.02407282590866089, 0.023802442476153374, 0.3693543797925143, 0.3693369200763009, 0.39953648519789514, 0.5970381317762704, 0.394005903175899, 0.394005903175899, 0.61283078789711, 0.0, 0.0, 0.0, 0.4953856498003006, 0.2617311030626297, 0.2651914805173874, 0.7177605628967285, 0.7177605628967285, 0.05311321094632149, 0.5421541446731204, 0.05348445475101471, 0.7612509527351967, 0.11692248284816742, 0.0]
[0.4642857142857143, 0.5, 0.3333333333333333, 0.42424242424242425, 0.6153846153846154, 0.5869565217391305, 0.0, 0.0, 0.3728335473551121, 0.37281626998580436, 0.3836757576032533, 0.6131770808605067, 0.3839660861662456, 0.3839660861662456, 0.6374892592430115, 0.0, 0.0, 0.0, 0.49399054944515225, 0.26348040997982025, 0.27007219195365906, 0.7169579863548279, 0.7169579863548279, 0.05078921094536781, 0.568385084470113, 0.051118411123752594, 0.7772848131351693, 0.11494896560907364, 0.0]
[0.4642857142857143, 0.5, 0.3333333333333333, 0.42424242424242425, 0.6153846153846154, 0.5869565217391305, 0.0, 0.0, 0.3645520005125844, 0.3645342444826494, 0.3854016824616529, 0.6113979733874141, 0.36994374224117826, 0.36994374224117826, 0.6305444091558456, 0.0, 0.0, 0.0, 0.4910181641578674, 0.26475051045417786, 0.2722657173871994, 0.7122940421104431, 0.7122940421104431, 0.04896882176399231, 0.5644094073583209, 0.049379657953977585, 0.7751705649113932, 0.11640045791864395, 0.0]
[0.4642857142857143, 0.5, 0.3333333333333333, 0.42424242424242425, 0.6153846153846154, 0.5869565217391305, 0.0, 0.0, 0.3598912477949153, 0.3598733436081195, 0.4317559069930709, 0.5648395730313511, 0.37598358733313425, 0.37598358733313425, 0.6034515351057053, 0.0, 0.0, 0.0, 0.481852713227272, 0.2586044818162918, 0.2613159418106079, 0.698725163936615, 0.698725163936615, 0.04913371801376343, 0.4946813748942481, 0.049359582364559174, 0.7402050098794144, 0.11746255308389664, 0.0]
[0.4642857142857143, 0.5, 0.3333333333333333, 0.42424242424242425, 0.6153846153846154, 0.5869565217391305, 0.0, 0.0, 0.369392330742247, 0.36937496219948646, 0.4949368796031744, 0.5015369771720752, 0.3832219008888517, 0.3832219008888517, 0.583538606762886, 0.0, 0.0, 0.0, 0.5020720094442367, 0.2661503702402115, 0.2635911852121353, 0.7341591119766235, 0.7341591119766235, 0.050208136439323425, 0.561426348629452, 0.04978729784488678, 0.7665744012351646, 0.11157654970884323, 0.0]
[0.4642857142857143, 0.5, 0.3333333333333333, 0.42424242424242425, 0.6153846153846154, 0.5869565217391305, 0.0, 0.0, 0.36544545476340884, 0.3654279038737427, 0.5446125608557268, 0.4524151995755924, 0.3897137088435037, 0.3897137088435037, 0.5727002173662186, 0.0, 0.0, 0.0, 0.5285483956336975, 0.2546982318162918, 0.24324268102645874, 0.7641041874885559, 0.7641041874885559, 0.04950323700904846, 0.6031746031746031, 0.04885487258434296, 0.7975942866746769, 0.11119583994150162, 0.0]
[0.4642857142857143, 0.5, 0.3333333333333333, 0.42424242424242425, 0.6153846153846154, 0.5869565217391305, 0.0, 0.0, 0.36760849934463063, 0.3675909940416908, 0.5713912239494104, 0.4260044726490696, 0.3845246136188507, 0.3845246136188507, 0.562944084405899, 0.0, 0.0, 0.0, 0.5492103338241576, 0.2481110692024231, 0.23387107253074646, 0.7875856757164001, 0.7875856757164001, 0.047635067254304886, 0.6031746031746031, 0.04689045622944832, 0.8, 0.10597261041402817, 0.0]
[0.4642857142857143, 0.5, 0.3333333333333333, 0.42424242424242425, 0.6153846153846154, 0.5869565217391305, 0.0, 0.0, 0.3626672287060243, 0.3626493701059549, 0.6041142708028936, 0.3938196397825541, 0.36994144320487976, 0.36994144320487976, 0.5839905291795731, 0.0, 0.0, 0.0, 0.5500740885734557, 0.2517179250717163, 0.23534947633743286, 0.7910407781600952, 0.7910407781600952, 0.04571383446455002, 0.6031746031746031, 0.04511602222919464, 0.8, 0.10201894491910934, 0.0]
[0.4642857142857143, 0.5, 0.3333333333333333, 0.42424242424242425, 0.6153846153846154, 0.5869565217391305, 0.0, 0.0, 0.36222847925773316, 0.36221065484770854, 0.6165173363731195, 0.3818048249644435, 0.36680216235773905, 0.36680216235773905, 0.5856938064098358, 0.0, 0.0, 0.0, 0.5452120572328567, 0.25741732120513916, 0.2394336760044098, 0.7830888628959656, 0.7830888628959656, 0.04443414881825447, 0.6031746031746031, 0.04388948902487755, 0.8, 0.10116932541131973, 0.0]
[0.4642857142857143, 0.5, 0.3333333333333333, 0.42424242424242425, 0.6153846153846154, 0.5869565217391305, 0.0, 0.0, 0.3657314316948331, 0.3657137440449877, 0.6127207940212855, 0.38544997379788426, 0.35582306129591806, 0.35582306129591806, 0.5854014158248901, 0.0, 0.0, 0.0, 0.5452282041311264, 0.26611238718032837, 0.24708610773086548, 0.7828872203826904, 0.7828872203826904, 0.04355855658650398, 0.6031746031746031, 0.04318666085600853, 0.8, 0.09900275617837906, 0.0]
[0.4642857142857143, 0.5, 0.3333333333333333, 0.42424242424242425, 0.6153846153846154, 0.5869565217391305, 0.0, 0.0, 0.3622932124092292, 0.36227533101579656, 0.5995266961777871, 0.3982402302288366, 0.35141580871173317, 0.35141580871173317, 0.5759532451629639, 0.0, 0.0, 0.0, 0.5515421211719512, 0.2639169842004776, 0.2425220012664795, 0.7888675928115845, 0.7888675928115845, 0.04341593757271767, 0.6031746031746031, 0.043328676372766495, 0.8, 0.09770166873931885, 0.0]
[0.4642857142857143, 0.5, 0.3333333333333333, 0.42424242424242425, 0.6153846153846154, 0.5869565217391305, 0.0, 0.0, 0.3548095130555716, 0.35479122138160135, 0.5926138395105219, 0.4049747573207436, 0.37139821265425005, 0.37139821265425005, 0.5964525192975998, 0.0, 0.0, 0.0, 0.5413636505603789, 0.27678318321704865, 0.2600773125886917, 0.7782374024391174, 0.7782374024391174, 0.04349905624985695, 0.6031746031746031, 0.043277423828840256, 0.8, 0.09879305958747864, 0.0]
[0.4642857142857143, 0.5, 0.3333333333333333, 0.42424242424242425, 0.6153846153846154, 0.5869565217391305, 0.9206216931343079, 0.9205076694488525, 0.2719101422603454, 0.2718877135909538, 0.5505306638677535, 0.44852530700476123, 0.5382544228008815, 0.5382544228008815, 0.5272860527038574, 0.0, 0.0, 0.0, 0.5162948608398438, 0.22100818157196045, 0.20499864220619202, 0.7402782440185547, 0.7402782440185547, 0.0, 0.5, 0.0, 0.6976744186046512, 0.10190427303314209, 0.0]
[0.4642857142857143, 0.5, 0.3333333333333333, 0.42424242424242425, 0.6153846153846154, 0.5869565217391305, 0.33146733045578003, 0.33128201961517334, 0.2567584592115355, 0.256735141600979, 0.5486256230629653, 0.45040285331518604, 0.4216017041887556, 0.4216017041887556, 0.5544792413711548, 0.0, 0.0, 0.0, 0.5054971545934677, 0.25853805243968964, 0.248235285282135, 0.720961332321167, 0.720961332321167, 0.0, 0.5, 0.0, 0.6976744186046512, 0.11658801883459091, 0.0]
[0.4642857142857143, 0.5, 0.3333333333333333, 0.42424242424242425, 0.6153846153846154, 0.5869565217391305, 0.18737415969371796, 0.1869395673274994, 0.2953607748844883, 0.2953392123628985, 0.5350125005778573, 0.4629300914298002, 0.39555102586746216, 0.39555102586746216, 0.554440826177597, 0.0, 0.0, 0.0, 0.5045040786266327, 0.27395033836364746, 0.2612675875425339, 0.7191811203956604, 0.7191811203956604, 0.0, 0.5, 0.0, 0.6976744186046512, 0.11382786929607391, 0.0]
[0.4642857142857143, 0.5, 0.3333333333333333, 0.42424242424242425, 0.6153846153846154, 0.5869565217391305, 0.15080784261226654, 0.15024252235889435, 0.29995252069506084, 0.299931186107103, 0.528803699559053, 0.46886249727723656, 0.39454076971326557, 0.39454076971326557, 0.5609460175037384, 0.0, 0.0, 0.0, 0.504346176981926, 0.2816510945558548, 0.2701340615749359, 0.7193214297294617, 0.7193214297294617, 0.0, 0.5, 0.0, 0.6976744186046512, 0.10717958956956863, 0.0]
[0.4642857142857143, 0.5, 0.3333333333333333, 0.42424242424242425, 0.6153846153846154, 0.5869565217391305, 0.1448105424642563, 0.144182950258255, 0.30398006238627384, 0.30395884176513205, 0.5247964183185571, 0.4727277787141494, 0.39773528065000263, 0.39773528065000263, 0.5671002417802811, 0.0, 0.0, 0.0, 0.5037371426820755, 0.2824273854494095, 0.271460697054863, 0.7199997901916504, 0.7199997901916504, 0.0, 0.5, 0.0, 0.6976744186046512, 0.10454206168651581, 0.0]
[0.4642857142857143, 0.5, 0.3333333333333333, 0.42424242424242425, 0.6153846153846154, 0.5869565217391305, 0.1449519395828247, 0.14426568150520325, 0.30477819479218404, 0.304757065344495, 0.4989303768243833, 0.4983437523508569, 0.3734075065170016, 0.3734075065170016, 0.5861235558986664, 0.0, 0.0, 0.0, 0.5033900469541549, 0.28742721676826477, 0.27415212988853455, 0.7207707762718201, 0.7207707762718201, 0.053680431097745895, 0.5151538319057888, 0.053542543202638626, 0.7438441591207371, 0.09471380710601807, 0.0]
[0.4642857142857143, 0.5, 0.3333333333333333, 0.42424242424242425, 0.6153846153846154, 0.5869565217391305, 0.16377438604831696, 0.16311252117156982, 0.308258672973166, 0.30823772587238263, 0.4639224339397642, 0.5333809808786188, 0.38775751633303507, 0.38775751633303507, 0.5778127163648605, 0.0, 0.0, 0.0, 0.49928764998912806, 0.2848408818244934, 0.27286581695079803, 0.71724933385849, 0.71724933385849, 0.05127939209342003, 0.4912769089615534, 0.0, 0.6976744186046512, 0.09079442918300629, 0.0]
[0.4642857142857143, 0.5, 0.3333333333333333, 0.42424242424242425, 0.6153846153846154, 0.5869565217391305, 0.7836408019065857, 0.7794992327690125, 0.22393521843175362, 0.22391055601276816, 0.4431393969355304, 0.5563919700382209, 0.48711604305676054, 0.48711604305676054, 0.5779673159122467, 0.0, 0.0, 0.0, 0.46075036525726315, 0.27069175243377686, 0.2723489850759506, 0.6682050824165344, 0.6682050824165344, 0.0, 0.5, 0.0, 0.6976744186046512, 0.0945071280002594, 0.0]
[0.4642857142857143, 0.5, 0.3333333333333333, 0.42424242424242425, 0.6153846153846154, 0.5869565217391305, 0.2150518149137497, 0.2141757607460022, 0.30865675906150336, 0.30863581196072, 0.387665735831908, 0.6102041367996213, 0.3865901912961688, 0.3865901912961688, 0.5951979458332062, 0.0, 0.0, 0.0, 0.504946219921112, 0.2851838767528534, 0.29185667634010315, 0.7321039438247681, 0.7321039438247681, 0.060173310339450836, 0.5447328970545814, 0.06027495115995407, 0.7595950997499532, 0.0926501452922821, 0.0]
[0.4642857142857143, 0.5, 0.3333333333333333, 0.42424242424242425, 0.6153846153846154, 0.5869565217391305, 0.1471981704235077, 0.1463291198015213, 0.32798588435462966, 0.3279659857485536, 0.3462480523162317, 0.6522268929348799, 0.35843346800122944, 0.35843346800122944, 0.5967120975255966, 0.0, 0.0, 0.0, 0.4978531628847122, 0.2873138189315796, 0.29780174791812897, 0.7238463759422302, 0.7238463759422302, 0.053465791046619415, 0.5695722339645264, 0.05442923679947853, 0.774239071233328, 0.0844048261642456, 0.0]
[0.4642857142857143, 0.5, 0.3333333333333333, 0.42424242424242425, 0.6153846153846154, 0.5869565217391305, 0.10286977142095566, 0.10217782109975815, 0.337062919572936, 0.33704347683412395, 0.3263482381919146, 0.6724692799114538, 0.3466764943940299, 0.3466764943940299, 0.6021273285150528, 0.0, 0.0, 0.0, 0.5128376722335816, 0.28685928881168365, 0.2983532249927521, 0.7436181306838989, 0.7436181306838989, 0.049195580184459686, 0.5905868448908367, 0.050446007400751114, 0.7842250787761322, 0.07916255295276642, 0.0]
[0.4642857142857143, 0.5, 0.3333333333333333, 0.42424242424242425, 0.6153846153846154, 0.5869565217391305, 0.07871941477060318, 0.07815416902303696, 0.3429964650885325, 0.34297737564685016, 0.30866031482616296, 0.690661016380759, 0.34416976783956804, 0.34416976783956804, 0.6071958988904953, 0.0, 0.0, 0.0, 0.5083107620477676, 0.28724563121795654, 0.29935745894908905, 0.7373414039611816, 0.7373414039611816, 0.0453721284866333, 0.5784606820061093, 0.04690329357981682, 0.7794745820899343, 0.07310296595096588, 0.0]
[0.4642857142857143, 0.5, 0.3333333333333333, 0.42424242424242425, 0.6153846153846154, 0.5869565217391305, 0.07481031119823456, 0.07421759516000748, 0.35341943700728407, 0.3534008376229105, 0.3179622863492364, 0.6808058385360715, 0.34356623888015747, 0.34356623888015747, 0.6387776285409927, 0.0, 0.0, 0.0, 0.47553103566169735, 0.3314577639102936, 0.33906126022338867, 0.6928817629814148, 0.6928817629814148, 0.043503597378730774, 0.6031746031746031, 0.04500371590256691, 0.7958944592364999, 0.06429484486579895, 0.0]
[0.4642857142857143, 0.5, 0.3333333333333333, 0.42424242424242425, 0.6153846153846154, 0.5869565217391305, 0.05780049040913582, 0.057096678763628006, 0.3590726583455306, 0.35905424130806274, 0.36019800087689896, 0.637040666544136, 0.3570292677198138, 0.3570292677198138, 0.6606070697307587, 0.0, 0.0, 0.0, 0.46898920536041255, 0.3373938798904419, 0.3424152284860611, 0.682608962059021, 0.682608962059021, 0.04233410954475403, 0.6031746031746031, 0.04368923231959343, 0.7862912755199644, 0.06178007647395134, 0.0]
[0.4642857142857143, 0.5, 0.3333333333333333, 0.42424242424242425, 0.6153846153846154, 0.5869565217391305, 0.05488206073641777, 0.05424977093935013, 0.3549738304109008, 0.35495521962984566, 0.40815570431959103, 0.5884532195153651, 0.4029035781111036, 0.4029035781111036, 0.6279033869504929, 0.0, 0.0, 0.0, 0.4234190076589584, 0.34231455624103546, 0.3419243097305298, 0.6188170313835144, 0.6188170313835144, 0.04265377297997475, 0.5405492186546326, 0.0440111979842186, 0.7557768119109232, 0.06133560091257095, 0.0]
[0.4642857142857143, 0.5, 0.3333333333333333, 0.42424242424242425, 0.6153846153846154, 0.5869565217391305, 0.05637476593255997, 0.05574638023972511, 0.35537388812515525, 0.3553554141042793, 0.4607933012067018, 0.5357183704703938, 0.37246464618614744, 0.37246464618614744, 0.6083865165710449, 0.0, 0.0, 0.0, 0.43459495604038234, 0.3417481631040573, 0.3333282321691513, 0.6342248916625977, 0.6342248916625977, 0.042398858815431595, 0.567732484567733, 0.04331323131918907, 0.7725631428319355, 0.050762392580509186, 0.0]
[0.4642857142857143, 0.5, 0.3333333333333333, 0.42424242424242425, 0.6153846153846154, 0.5869565217391305, 0.07795208692550659, 0.07744336128234863, 0.3524379547877704, 0.35241934400671526, 0.5231703896481494, 0.47368038174248517, 0.36425382963248665, 0.36425382963248665, 0.5906914919614792, 0.0, 0.0, 0.0, 0.43684936761856075, 0.3566470444202423, 0.3414749205112457, 0.6330052614212036, 0.6330052614212036, 0.041048094630241394, 0.5368264591883098, 0.04155391827225685, 0.7661552727222443, 0.03728502616286278, 0.0]
[0.4642857142857143, 0.5, 0.3333333333333333, 0.42424242424242425, 0.6153846153846154, 0.5869565217391305, 0.09188774228096008, 0.09132399410009384, 0.35015958718542384, 0.3501408624375527, 0.569041604293692, 0.4284285924124166, 0.3724932031972068, 0.3724932031972068, 0.5847237706184387, 0.0, 0.0, 0.0, 0.35903450250625607, 0.3715941309928894, 0.35578735172748566, 0.5196566581726074, 0.5196566581726074, 0.040447965264320374, 0.6031746031746031, 0.04094375669956207, 0.8, 0.03402777016162872, 0.07536849938333035]
[0.4642857142857143, 0.5, 0.3333333333333333, 0.42424242424242425, 0.6153846153846154, 0.5869565217391305, 0.09204848855733871, 0.09140446782112122, 0.34946875453679105, 0.3494499272187855, 0.5953857005212321, 0.4025813630109941, 0.38042687944003517, 0.38042687944003517, 0.5900120735168457, 0.0, 0.0, 0.0, 0.3891455888748169, 0.3619231730699539, 0.3453453630208969, 0.5645353198051453, 0.5645353198051453, 0.039879098534584045, 0.5463029827390398, 0.04043117165565491, 0.7831592290380667, 0.032133523374795914, 0.09978681802749634]
[0.4642857142857143, 0.5, 0.3333333333333333, 0.42424242424242425, 0.6153846153846154, 0.5869565217391305, 0.10845307260751724, 0.10790395736694336, 0.3338706634696538, 0.3338510041938913, 0.5851586147658456, 0.4128088134601918, 0.21288711045469558, 0.21288711045469558, 0.6711516082286835, 0.0, 0.0, 0.0, 0.4277996778488159, 0.36346784234046936, 0.3651212751865387, 0.6179247498512268, 0.6179247498512268, 0.08064823597669601, 0.46774070560932157, 0.08142530173063278, 0.529514842255171, 0.03177701309323311, 0.1115040760487318]
[0.4642857142857143, 0.5, 0.3333333333333333, 0.42424242424242425, 0.6153846153846154, 0.5869565217391305, 0.6056683659553528, 0.6049144268035889, 0.21838186621438022, 0.21835734055557393, 0.5386847849101911, 0.4620229326693501, 0.2004703347172056, 0.2004703347172056, 0.7479304596781731, 0.0, 0.0, 0.0, 0.25734416395425797, 0.41612932085990906, 0.41733500361442566, 0.3754775822162628, 0.3754775822162628, 0.10500547289848328, 0.4579978108406067, 0.10924533009529114, 0.5367897312308467, 0.032948050647974014, 0.08770144544541836]
[0.4642857142857143, 0.5, 0.3333333333333333, 0.42424242424242425, 0.6153846153846154, 0.5869565217391305, 0.1789592057466507, 0.17832693457603455, 0.3076130965471724, 0.3075922406198418, 0.5310641344828998, 0.46681636555422285, 0.16869719539369857, 0.16869719539369857, 0.7584308162331581, 0.0, 0.0, 0.0, 0.3145580694079399, 0.42141399532556534, 0.4225766509771347, 0.4595138132572174, 0.4595138132572174, 0.10566213726997375, 0.4577351450920105, 0.10828719288110733, 0.5471533398295558, 0.03146274387836456, 0.07939422503113747]
[0.4642857142857143, 0.5, 0.3333333333333333, 0.42424242424242425, 0.6153846153846154, 0.5869565217391305, 0.14058075845241547, 0.13985809683799744, 0.3262591275384732, 0.3262391377589443, 0.48357063497685565, 0.5133987658971532, 0.16371020248958043, 0.16371020248958043, 0.787638857960701, 0.0, 0.0, 0.0, 0.20689008235931394, 0.4391702599823475, 0.4401850439608097, 0.3029193878173828, 0.3029193878173828, 0.10340101271867752, 0.458639594912529, 0.10380901396274567, 0.5359213608641957, 0.03140491992235184, 0.07071138359606266]
[0.4642857142857143, 0.5, 0.3333333333333333, 0.42424242424242425, 0.6153846153846154, 0.5869565217391305, 0.13732771575450897, 0.13648918271064758, 0.33213921122067747, 0.332119494961507, 0.4502555874975872, 0.5465231404825966, 0.11018990938152587, 0.11018990938152587, 0.858276441693306, 0.0, 0.0, 0.0, 0.10572949349880217, 0.4708369020372629, 0.472024442628026, 0.15645840764045715, 0.15645840764045715, 0.1012486144900322, 0.4595005542039871, 0.09826379269361496, 0.5594900770242824, 0.030191093683242798, 0.0380666577257216]
[0.4642857142857143, 0.5, 0.3333333333333333, 0.42424242424242425, 0.6153846153846154, 0.5869565217391305, 0.1398344188928604, 0.13878893852233887, 0.3244182899394865, 0.3243981406064152, 0.43401200547956825, 0.5630462254045976, 0.07112647273710797, 0.07112647273710797, 0.9001475051045418, 0.0, 0.0, 0.0, 0.05736613795161247, 0.4837959110736847, 0.48443884309381247, 0.0, -0.0, 0.0838441252708435, 0.4664623498916626, 0.07910007983446121, 0.5773804111536159, 0.026342354714870453, 0.012442807201296091]
[0.4642857142857143, 0.5, 0.3333333333333333, 0.42424242424242425, 0.6153846153846154, 0.5869565217391305, 0.4745878577232361, 0.47205212712287903, 0.2403382571203987, 0.24031450643594132, 0.4229092670900188, 0.5766795513570144, 0.09076264553836415, 0.09076264553836415, 0.8447720184922218, 0.0, 0.0, 0.0, 0.08884586170315742, 0.47907854802906513, 0.48123068176209927, 0.13173216581344604, 0.13173216581344604, 0.08929339051246643, 0.46428264379501344, 0.08478677272796631, 0.6002315948175829, 0.02648942545056343, 0.0]
[0.4642857142857143, 0.5, 0.3333333333333333, 0.42424242424242425, 0.6153846153846154, 0.5869565217391305, 0.16769474744796753, 0.16609807312488556, 0.31649106592794674, 0.3164705405043826, 0.4067773611550121, 0.5907131045493245, 0.052322990127972195, 0.052322990127972195, 0.9220580570399761, 0.0, 0.0, 0.0, 0.03434362858533859, 0.4880334734916687, 0.488635559566319, 0.0, -0.0, 0.08448383957147598, 0.4662064641714096, 0.07976595312356949, 0.6023017819537673, 0.023192554712295532, 0.0]
[0.4642857142857143, 0.5, 0.3333333333333333, 0.42424242424242425, 0.6153846153846154, 0.5869565217391305, 0.13117744028568268, 0.12973302602767944, 0.3207407517369345, 0.32072045424700235, 0.39941335544987344, 0.5981475189533967, 0.04443264034177576, 0.04443264034177576, 0.928523812443018, 0.0, 0.0, 0.0, 0.029723124019801615, 0.4903351617977023, 0.4908838141709566, 0.0, -0.0, 0.07714785635471344, 0.4691408574581146, 0.07238253951072693, 0.6020176237405732, 0.01930619217455387, 0.0]
[0.4642857142857143, 0.5, 0.3333333333333333, 0.42424242424242425, 0.6153846153846154, 0.5869565217391305, 0.10827553272247314, 0.10687176883220673, 0.3255942109438019, 0.32557416418086504, 0.3912843190005359, 0.6062751878009421, 0.039677132985421595, 0.039677132985421595, 0.9357918817549944, 0.0, 0.0, 0.0, 0.023364497907459734, 0.49169325549155474, 0.4922416000626981, 0.0, -0.0, 0.07145944237709045, 0.4714162230491638, 0.06669824570417404, 0.6084218344023061, 0.016311872750520706, 0.0]
[0.4642857142857143, 0.5, 0.3333333333333333, 0.42424242424242425, 0.6153846153846154, 0.5869565217391305, 0.12389009445905685, 0.12293874472379684, 0.34549620183430485, 0.34547721496275685, 0.3911680044681119, 0.6061400117604677, 0.04370540912662234, 0.04370540912662234, 0.9267477765679359, 0.0, 0.0, 0.0, 0.021186815388500688, 0.49260397953912616, 0.4930984629318118, 0.0, -0.0, 0.031870633363723755, 0.6031746031746031, 0.029406554996967316, 0.8, 0.01335358340293169, 0.0]
[0.4642857142857143, 0.5, 0.3333333333333333, 0.42424242424242425, 0.6153846153846154, 0.5869565217391305, 0.13140441477298737, 0.13063429296016693, 0.3535219843483336, 0.3535034875340945, 0.4156321040986829, 0.581421501157338, 0.12752071022987366, 0.12752071022987366, 0.8604875132441521, 0.0, 0.0, 0.0, 0.03683813139796257, 0.49097855389118195, 0.4915143633261323, 0.0, -0.0, 0.028674522414803505, 0.6031746031746031, 0.026431212201714516, 0.8, 0.013997765257954597, 0.0]
[0.4642857142857143, 0.5, 0.3333333333333333, 0.42424242424242425, 0.6153846153846154, 0.5869565217391305, 0.8996258974075317, 0.8993541598320007, 0.24207937375537297, 0.24205582821118443, 0.44927456114533754, 0.5504233865825163, 0.30714258551597595, 0.30714258551597595, 0.7353726327419281, 0.0, 0.0, 0.0, 0.045117685571312904, 0.46363814920186996, 0.46348485723137856, 0.0, -0.0, 0.032637711614370346, 0.6031746031746031, 0.032710202038288116, 0.8, 0.014336415566504002, 0.0]
[0.4642857142857143, 0.5, 0.3333333333333333, 0.42424242424242425, 0.6153846153846154, 0.5869565217391305, 0.32781359553337097, 0.32761624455451965, 0.2848526697541742, 0.28483099326576833, 0.45228845348321683, 0.5461780233211723, 0.2944119168179376, 0.2944119168179376, 0.7305857092142105, 0.0, 0.0, 0.0, 0.0627284076064825, 0.46147479861974716, 0.4602074660360813, 0.0, -0.0, 0.03444594517350197, 0.6031746031746031, 0.03481883183121681, 0.8, 0.015584956854581833, 0.0]
[0.4642857142857143, 0.5, 0.3333333333333333, 0.42424242424242425, 0.6153846153846154, 0.5869565217391305, 0.20042705535888672, 0.1998489797115326, 0.31498189455692444, 0.31496136913336026, 0.4718868909100957, 0.5255002553280129, 0.28293627713407793, 0.28293627713407793, 0.7232130616903305, 0.0, 0.0, 0.0, 0.08388435170054435, 0.4635961130261421, 0.46177367120981216, 0.12915410101413727, 0.12915410101413727, 0.03304239735007286, 0.6031746031746031, 0.03317420184612274, 0.8, 0.016087790951132774, 0.0]
[0.4642857142857143, 0.5, 0.3333333333333333, 0.42424242424242425, 0.6153846153846154, 0.5869565217391305, 0.12392635643482208, 0.12341181188821793, 0.3262156947848902, 0.3261956138319085, 0.5039304765101601, 0.49292819171238533, 0.3856376452105386, 0.3856376452105386, 0.5446961522102356, 0.0, 0.0, 0.0, 0.5443950325250625, 0.2606818825006485, 0.2590448260307312, 0.7867187261581421, 0.7867187261581421, 0.0, 0.5, 0.07407943159341812, 0.610027282043945, 0.047859977930784225, 0.0]
[0.4642857142857143, 0.5, 0.3333333333333333, 0.42424242424242425, 0.6153846153846154, 0.5869565217391305, 0.08947810530662537, 0.08912975341081619, 0.3229373595454725, 0.32291713043563, 0.5203367258577001, 0.4766222698460067, 0.3898194432258606, 0.3898194432258606, 0.49093881249427795, 0.0, 0.0, 0.0, 0.5837356567382812, 0.1952313482761383, 0.18770644068717957, 0.8371002674102783, 0.8371002674102783, 0.08242591470479965, 0.46702963411808013, 0.08353284746408463, 0.5666666183360788, 0.06883832067251205, 0.0]
[0.4642857142857143, 0.5, 0.3333333333333333, 0.42424242424242425, 0.6153846153846154, 0.5869565217391305, 0.0899379774928093, 0.08958342671394348, 0.3209108586065172, 0.3208904699431323, 0.5317364646189527, 0.4653574136606771, 0.39705348866326473, 0.39705348866326473, 0.48285137116909027, 0.0, 0.0, 0.0, 0.5892407268285751, 0.17379459738731384, 0.1629970669746399, 0.8430677056312561, 0.8430677056312561, 0.08696358650922775, 0.4652145653963089, 0.08829815685749054, 0.560058580581532, 0.08443941920995712, 0.0]
[0.4642857142857143, 0.5, 0.3333333333333333, 0.42424242424242425, 0.6153846153846154, 0.5869565217391305, 0.08889034390449524, 0.08843878656625748, 0.3096953158624769, 0.3096743459683303, 0.5451062166668033, 0.4522691397041887, 0.4012114235333034, 0.4012114235333034, 0.472156822681427, 0.0, 0.0, 0.0, 0.5927031517028808, 0.1756327748298645, 0.16552740335464478, 0.8470052480697632, 0.8470052480697632, 0.09069205075502396, 0.46372317969799043, 0.09200447052717209, 0.5658262240332227, 0.09958936274051666, 0.0]
[0.4642857142857143, 0.5, 0.3333333333333333, 0.42424242424242425, 0.6153846153846154, 0.5869565217391305, 0.11341913044452667, 0.11273681372404099, 0.301518310780279, 0.3014968850188684, 0.5705622350280645, 0.4273903547185278, 0.41032197219984873, 0.41032197219984873, 0.507819414138794, 0.0, 0.0, 0.0, 0.5849965959787369, 0.18771028518676758, 0.1766183078289032, 0.8353740572929382, 0.8353740572929382, 0.09467635303735733, 0.46212945878505707, 0.09520052373409271, 0.5725888318793718, 0.12029433250427246, 0.0]
[0.4642857142857143, 0.5, 0.3333333333333333, 0.42424242424242425, 0.6153846153846154, 0.5869565217391305, 0.11576052010059357, 0.1149987205862999, 0.3008095055647607, 0.3007880798033501, 0.5838018341228566, 0.4145404822461185, 0.415116867848805, 0.415116867848805, 0.5155135244131088, 0.0, 0.0, 0.0, 0.5805470198392868, 0.19329848885536194, 0.18040385842323303, 0.828441321849823, 0.828441321849823, 0.09765563905239105, 0.46093774437904356, 0.09756749868392944, 0.5989815918512122, 0.12186724692583084, 0.0]
[0.4642857142857143, 0.5, 0.3333333333333333, 0.42424242424242425, 0.6153846153846154, 0.5869565217391305, 0.1170927882194519, 0.11623312532901764, 0.2998327643647932, 0.29981370911315564, 0.6060019031765356, 0.3930569510564243, 0.39967266576630733, 0.39967266576630733, 0.5248854905366898, 0.0, 0.0, 0.0, 0.5650763511657715, 0.20750713348388672, 0.18890252709388733, 0.8055576682090759, 0.8055576682090759, 0.0, 0.5, 0.0, 0.6976744186046512, 0.11741561442613602, 0.0]
[0.4642857142857143, 0.5, 0.3333333333333333, 0.42424242424242425, 0.6153846153846154, 0.5869565217391305, 0.12411242723464966, 0.12321414053440094, 0.29412838332283797, 0.2941090773442051, 0.6419169383112833, 0.3585494630828592, 0.3881443824086871, 0.3881443824086871, 0.5304509997367859, 0.0, 0.0, 0.0, 0.5567656427621841, 0.21150794625282288, 0.1936338245868683, 0.7932935953140259, 0.7932935953140259, 0.0, 0.5, 0.0, 0.6976744186046512, 0.11518815159797668, 0.0]
[0.4642857142857143, 0.5, 0.3333333333333333, 0.42424242424242425, 0.6153846153846154, 0.5869565217391305, 0.15203481912612915, 0.15091563761234283, 0.291475577746477, 0.2914562033877546, 0.6627799201877805, 0.3385374600248578, 0.38554217134203234, 0.38554217134203234, 0.5299202352762222, 0.0, 0.0, 0.0, 0.5506173878908157, 0.22791263461112976, 0.21179348230361938, 0.7834469676017761, 0.7834469676017761, 0.0, 0.5, 0.0, 0.6976744186046512, 0.11479678750038147, 0.05700736306607723]
[0.4642857142857143, 0.5, 0.3333333333333333, 0.42424242424242425, 0.6153846153846154, 0.5869565217391305, 0.1620023548603058, 0.16067783534526825, 0.29571195223135427, 0.2956927602195375, 0.6459396592061789, 0.35461133975549086, 0.3730084321328572, 0.3730084321328572, 0.5450530648231506, 0.0, 0.0, 0.0, 0.5394143193960189, 0.23711568117141724, 0.21980279684066772, 0.7688842415809631, 0.7688842415809631, 0.0, 0.5, 0.0, 0.6976744186046512, 0.11577967554330826, 0.033810725435614586]
[0.4642857142857143, 0.5, 0.3333333333333333, 0.42424242424242425, 0.6153846153846154, 0.5869565217391305, 0.17066048085689545, 0.1692514568567276, 0.2902736153247023, 0.29025414979252717, 0.5976696183075185, 0.4015725515490002, 0.3399508127144405, 0.3399508127144405, 0.5506378412246704, 0.0, 0.0, 0.0, 0.5407766669988632, 0.24298247694969177, 0.22695553302764893, 0.7718070149421692, 0.7718070149421692, 0.0, 0.5, 0.0, 0.6976744186046512, 0.1159089207649231, 0.0]
[0.4642857142857143, 0.5, 0.3333333333333333, 0.42424242424242425, 0.6153846153846154, 0.5869565217391305, 0.17238254845142365, 0.1709933876991272, 0.29133813376636397, 0.29131864544082553, 0.5402784655244584, 0.45756211193701457, 0.33282904752663206, 0.33282904752663206, 0.5587947070598602, 0.0, 0.0, 0.0, 0.5524951636791229, 0.24706622958183289, 0.23548248410224915, 0.7929184436798096, 0.7929184436798096, 0.0, 0.5, 0.0, 0.6976744186046512, 0.10312023013830185, 0.0]
[0.4642857142857143, 0.5, 0.3333333333333333, 0.42424242424242425, 0.6153846153846154, 0.5869565217391305, 0.17617832124233246, 0.17472535371780396, 0.29158984087621276, 0.29157017020376874, 0.48708742298541974, 0.5099775476113282, 0.36395126155444557, 0.36395126155444557, 0.5464469790458679, 0.0, 0.0, 0.0, 0.549836328625679, 0.23999464511871338, 0.2335014045238495, 0.7903422117233276, 0.7903422117233276, 0.0, 0.5, 0.0, 0.6976744186046512, 0.09461066871881485, 0.0]
[0.4642857142857143, 0.5, 0.3333333333333333, 0.42424242424242425, 0.6153846153846154, 0.5869565217391305, 0.1757107377052307, 0.17429877817630768, 0.298676137942429, 0.2986569003438858, 0.4631750652028771, 0.5339679313498696, 0.36827003317219875, 0.36827003317219875, 0.5448657274246216, 0.0, 0.0, 0.0, 0.5369686901569366, 0.24001768231391907, 0.23486953973770142, 0.7717639803886414, 0.7717639803886414, 0.0, 0.5, 0.0, 0.6976744186046512, 0.09552210569381714, 0.0]
[0.4642857142857143, 0.5, 0.3333333333333333, 0.42424242424242425, 0.6153846153846154, 0.5869565217391305, 0.03290049359202385, 0.03193080052733421, 0.3745282339092422, 0.3745134638098868, 0.6451789876926926, 0.356181848066892, 0.42457746607916697, 0.42457746607916697, 0.6052332073450089, 0.0, 0.0, 0.0, 0.5245085835456847, 0.25321483612060547, 0.2468273639678955, 0.7608239650726318, 0.7608239650726318, 0.049167241901159286, 0.5337002428751143, 0.04881228134036064, 0.7564848180600378, 0.09713064134120941, 0.0]
[0.4642857142857143, 0.5, 0.3333333333333333, 0.42424242424242425, 0.6153846153846154, 0.5869565217391305, 0.0, 0.0, 0.416404360339017, 0.4163919949394795, 0.7060524592208133, 0.29815090267375094, 0.4255765463624682, 0.4255765463624682, 0.6387651860713959, 0.0, 0.0, 0.0, 0.5194002389907837, 0.2814825773239136, 0.2730562090873718, 0.7557401061058044, 0.7557401061058044, 0.04914405569434166, 0.522228536624757, 0.048479922115802765, 0.7515484506134377, 0.09914106130599976, 0.0]
[0.4642857142857143, 0.5, 0.3333333333333333, 0.42424242424242425, 0.6153846153846154, 0.5869565217391305, 0.0, 0.0, 0.4309106607054205, 0.4308991044702767, 0.7360133322429474, 0.26975964902185295, 0.40379030363900326, 0.40379030363900326, 0.6097053587436676, 0.0, 0.0, 0.0, 0.5419532626867294, 0.2640632539987564, 0.25111693143844604, 0.7891083359718323, 0.7891083359718323, 0.049603693187236786, 0.5189426531867375, 0.04843633249402046, 0.757107274216968, 0.09938380122184753, 0.0]
[0.4642857142857143, 0.5, 0.3333333333333333, 0.42424242424242425, 0.6153846153846154, 0.5869565217391305, 0.0, 0.0, 0.3969032249304806, 0.3968895944992853, 0.7003122925986296, 0.3029002417975078, 0.3985970999513354, 0.3985970999513354, 0.606863796710968, 0.0, 0.0, 0.0, 0.5532462447881699, 0.2595163434743881, 0.24956420063972473, 0.8015095591545105, 0.8015095591545105, 0.04868762940168381, 0.5243511360789102, 0.04701577126979828, 0.7598429818659328, 0.09882025420665741, 0.0]
[0.4642857142857143, 0.5, 0.3333333333333333, 0.42424242424242425, 0.6153846153846154, 0.5869565217391305, 0.4632302522659302, 0.4621688723564148, 0.2520986296250761, 0.25207759135083985, 0.5566181842501259, 0.44285711042689047, 0.47948158213070463, 0.47948158213070463, 0.5650231391191483, 0.0, 0.0, 0.0, 0.5502297371625899, 0.2322959005832672, 0.2268635332584381, 0.7899994254112244, 0.7899994254112244, 0.1107441633939743, 0.4557023346424103, 0.10947665572166443, 0.5749614016954289, 0.10604605078697205, 0.0]
[0.4642857142857143, 0.5, 0.3333333333333333, 0.42424242424242425, 0.6153846153846154, 0.5869565217391305, 0.2614883482456207, 0.26058679819107056, 0.30190023637410557, 0.30188115832910484, 0.51028580502046, 0.48696596074919807, 0.40861574666840694, 0.40861574666840694, 0.5608530193567276, 0.0, 0.0, 0.0, 0.5472330689430236, 0.24670466780662537, 0.24044451117515564, 0.7864766120910645, 0.7864766120910645, 0.05513175204396248, 0.477947299182415, 0.0, 0.6976744186046512, 0.10436834394931793, 0.0]
[0.4642857142857143, 0.5, 0.3333333333333333, 0.42424242424242425, 0.6153846153846154, 0.5869565217391305, 0.15122468769550323, 0.1501150280237198, 0.3210565651807913, 0.321038387473637, 0.4677671215730233, 0.5288329043027725, 0.40287273270743235, 0.40287273270743235, 0.5552998632192612, 0.0, 0.0, 0.0, 0.5458745390176772, 0.24704080820083618, 0.24102115631103516, 0.7865096926689148, 0.7865096926689148, 0.052000999450683594, 0.4811564778524732, 0.0, 0.6976744186046512, 0.09752513468265533, 0.0]
[0.4642857142857143, 0.5, 0.3333333333333333, 0.42424242424242425, 0.6153846153846154, 0.5869565217391305, 0.13954104483127594, 0.1384974867105484, 0.3204044242661952, 0.3203861667822697, 0.45978076872816503, 0.5368506792233911, 0.40215694478579933, 0.40215694478579933, 0.5530951470136642, 0.0, 0.0, 0.0, 0.5410128206014633, 0.24812117218971252, 0.2442966103553772, 0.7829214334487915, 0.7829214334487915, 0.050411250442266464, 0.531142304814051, 0.04954202100634575, 0.7493358018786408, 0.0974191203713417, 0.0]
[0.4642857142857143, 0.5, 0.3333333333333333, 0.42424242424242425, 0.6153846153846154, 0.5869565217391305, 0.14690980315208435, 0.14585673809051514, 0.3190246508180753, 0.3190063249540602, 0.4780667329609508, 0.5186138133195294, 0.40039078465529854, 0.40039078465529854, 0.5589201897382736, 0.0, 0.0, 0.0, 0.5452209442853927, 0.264660120010376, 0.2588668465614319, 0.7881946563720703, 0.7881946563720703, 0.04846674203872681, 0.48845869728497093, 0.0, 0.6976744186046512, 0.09201212972402573, 0.0]
[0.4642857142857143, 0.5, 0.3333333333333333, 0.42424242424242425, 0.6153846153846154, 0.5869565217391305, 0.15585015714168549, 0.15495936572551727, 0.3055883620938653, 0.3055693524289541, 0.5416988795391688, 0.45552245922749124, 0.39756060710975105, 0.39756060710975105, 0.5258188992738724, 0.0, 0.0, 0.0, 0.5467815816402435, 0.26495198905467987, 0.25362132489681244, 0.7891804575920105, 0.7891804575920105, 0.0, 0.5, 0.0, 0.6976744186046512, 0.08933430165052414, 0.0]
[0.0, 0.0, 1.0, 1.0, 0.6153846153846154, 0.5869565217391305, 0.1914501190185547, 0.1908167451620102, 0.30434420915680227, 0.3043250627317119, 0.5672813697253313, 0.4302504203464921, 0.39431913622788023, 0.39431913622788023, 0.510857418179512, 0.0, 0.0, 0.0, 0.5238619148731232, 0.28131167590618134, 0.268893763422966, 0.7513282299041748, 0.7513282299041748, 0.05027587339282036, 0.47988965064287187, 0.0, 0.6976744186046512, 0.08755558729171753, 0.0]
[0.0, 0.0, 1.0, 1.0, 0.6153846153846154, 0.5869565217391305, 0.20398978888988495, 0.20345216989517212, 0.30769654304985794, 0.30767755617830994, 0.5723704325309447, 0.42516618973387765, 0.39649571691240587, 0.39649571691240587, 0.5057858824729919, 0.0, 0.0, 0.0, 0.5159150123596191, 0.27392101287841797, 0.25574739277362823, 0.7371113300323486, 0.7371113300323486, 0.0, 0.5, 0.0, 0.6976744186046512, 0.08680909126996994, 0.0]
[0.0, 0.0, 1.0, 1.0, 0.6153846153846154, 0.5869565217391305, 0.2054520696401596, 0.20481020212173462, 0.317643259041168, 0.3176247850202921, 0.5702811871614328, 0.4271358440250051, 0.3971532838685172, 0.3971532838685172, 0.5108799636363983, 0.0, 0.0, 0.0, 0.503096878528595, 0.28715091943740845, 0.2755199074745178, 0.7244403958320618, 0.7244403958320618, 0.0533016212284565, 0.4786793515086174, 0.05151914432644844, 0.7355760187343803, 0.08660690486431122, 0.0]
[0.0, 0.0, 1.0, 1.0, 0.6153846153846154, 0.5869565217391305, 0.19871564209461212, 0.19797232747077942, 0.32243566622469666, 0.3224174771208608, 0.5568530242712046, 0.44026971040624, 0.4024767662797656, 0.4024767662797656, 0.49866439402103424, 0.0, 0.0, 0.0, 0.5080693513154984, 0.2699175924062729, 0.25159306824207306, 0.728202760219574, 0.728202760219574, 0.0, 0.5, 0.0, 0.6976744186046512, 0.08557626605033875, 0.0]
[0.0, 0.0, 1.0, 1.0, 0.6153846153846154, 0.5869565217391305, 0.18761779367923737, 0.18662145733833313, 0.33533461280808163, 0.3353170163316891, 0.5023983935353633, 0.4938196002588623, 0.4129822977951595, 0.4129822977951595, 0.4962739497423172, 0.0, 0.0, 0.0, 0.5101600617170333, 0.26998119056224823, 0.25573599338531494, 0.7362971305847168, 0.7362971305847168, 0.051557011902332306, 0.5519892185453384, 0.049629416316747665, 0.7733090247872264, 0.07696526497602463, 0.0]
[0.0, 0.0, 1.0, 1.0, 0.6153846153846154, 0.5869565217391305, 0.15916360914707184, 0.15844008326530457, 0.3428416183756141, 0.3428243182129431, 0.45150766682670407, 0.5441029319179167, 0.4135983756610326, 0.4135983756610326, 0.5115373134613037, 0.0, 0.0, 0.0, 0.5116763263940811, 0.25693951547145844, 0.25104717910289764, 0.7411689162254333, 0.7411689162254333, 0.04785798117518425, 0.5479271028723035, 0.04605119675397873, 0.7686885537276434, 0.07395195215940475, 0.0]
[0.0, 0.0, 1.0, 1.0, 0.6153846153846154, 0.5869565217391305, 0.1177954375743866, 0.11688566952943802, 0.35569223163232744, 0.3556754785103734, 0.414036312249149, 0.581437399528172, 0.38953402212687904, 0.38953402212687904, 0.5530536770820618, 0.0, 0.0, 0.0, 0.5230196684598922, 0.26445847749710083, 0.2648393362760544, 0.765547513961792, 0.765547513961792, 0.04401780292391777, 0.5436347760851421, 0.04245102033019066, 0.7681216498793557, 0.07000625878572464, 0.0]
[0.0, 0.0, 1.0, 1.0, 0.6153846153846154, 0.5869565217391305, 0.09252773970365524, 0.091554656624794, 0.3601194207572572, 0.36010290696561675, 0.3937690349199576, 0.6018942207674173, 0.383194951074464, 0.383194951074464, 0.556829571723938, 0.0, 0.0, 0.0, 0.531165862083435, 0.2643570601940155, 0.26513637602329254, 0.7770500779151917, 0.7770500779151917, 0.04130607470870018, 0.5395407530050429, 0.040022920817136765, 0.7642284213283728, 0.06713204830884933, 0.0]
[0.0, 0.0, 1.0, 1.0, 0.6153846153846154, 0.5869565217391305, 0.07161812484264374, 0.07079257816076279, 0.36262884468239076, 0.3626124448575664, 0.38750152104671326, 0.6083067659615509, 0.3714079409837723, 0.3714079409837723, 0.5616284608840942, 0.0, 0.0, 0.0, 0.5363509565591812, 0.2597530484199524, 0.2571570724248886, 0.783502995967865, 0.783502995967865, 0.03901832178235054, 0.5122932110513959, 0.03795020654797554, 0.750320341957863, 0.0650097131729126, 0.0]
[0.0, 0.0, 1.0, 1.0, 0.6153846153846154, 0.5869565217391305, 0.057454925030469894, 0.056812576949596405, 0.36645685327212624, 0.3664407497610235, 0.38789108241721276, 0.6080188515942543, 0.3650122987372535, 0.3650122987372535, 0.5617189556360245, 0.0, 0.0, 0.0, 0.5398068100214004, 0.24576297402381897, 0.2429724931716919, 0.7865090370178223, 0.7865090370178223, 0.037980757653713226, 0.4848538225605374, 0.03717714548110962, 0.7371994188098714, 0.06347031891345978, 0.0]
[0.0, 0.0, 1.0, 1.0, 0.6153846153846154, 0.5869565217391305, 0.0470498725771904, 0.046212371438741684, 0.36556523388703965, 0.36554907339252884, 0.4230307671125715, 0.5723826049340108, 0.36270025585378923, 0.36270025585378923, 0.5721162408590317, 0.0, 0.0, 0.0, 0.5198674142360687, 0.2548765391111374, 0.25717800855636597, 0.7637315988540649, 0.7637315988540649, 0.037935324013233185, 0.4848258703947067, 0.0, 0.6976744186046512, 0.06440216302871704, 0.0]
[0.0, 0.0, 1.0, 1.0, 0.6153846153846154, 0.5869565217391305, 0.027797384187579155, 0.02740735188126564, 0.3614410141458019, 0.3614246029242959, 0.4856389617372881, 0.5096031580732105, 0.363596613918032, 0.363596613918032, 0.5517750382423401, 0.0, 0.0, 0.0, 0.5320152223110198, 0.2627171128988266, 0.2622276246547699, 0.7779570817947388, 0.7779570817947388, 0.038343850523233414, 0.48466245979070666, 0.03713102638721466, 0.7378584584004657, 0.06466346234083176, 0.0]
[0.0, 0.0, 1.0, 1.0, 0.6153846153846154, 0.5869565217391305, 0.05281767249107361, 0.05221738666296005, 0.37926013611014897, 0.3792447505899871, 0.5390434812177436, 0.45669424323638536, 0.39451662983213154, 0.39451662983213154, 0.5500579923391342, 0.0, 0.0, 0.0, 0.5473530858755111, 0.26816487312316895, 0.26289427280426025, 0.7942949533462524, 0.7942949533462524, 0.038705579936504364, 0.48451776802539825, 0.0, 0.6976744186046512, 0.06429034471511841, 0.0]
[0.0, 0.0, 1.0, 1.0, 0.6153846153846154, 0.5869565217391305, 0.014215079136192799, 0.014183439314365387, 0.39246150503650906, 0.39244593716944154, 0.5876692467392288, 0.40877485543723724, 0.39914725082261227, 0.39914725082261227, 0.5715431272983551, 0.0, 0.0, 0.0, 0.5488647818565369, 0.28185582160949707, 0.2692268192768097, 0.7956265211105347, 0.7956265211105347, 0.03857201710343361, 0.6009614354088193, 0.03693339228630066, 0.8, 0.06631211191415787, 0.0]
[0.4642857142857143, 0.5, 0.3333333333333333, 0.42424242424242425, 0.6153846153846154, 0.5869565217391305, 0.0, 0.0, 0.4075354399234341, 0.40752083507596193, 0.5894420917357814, 0.4071599684476802, 0.38104236125946045, 0.38104236125946045, 0.5898602902889252, 0.0, 0.0, 0.0, 0.5436447858810425, 0.2873622328042984, 0.27038873732089996, 0.7863878011703491, 0.7863878011703491, 0.03798782825469971, 0.6031746031746031, 0.036566976457834244, 0.8, 0.06802008301019669, 0.0]
[0.4642857142857143, 0.5, 0.3333333333333333, 0.42424242424242425, 0.6153846153846154, 0.5869565217391305, 0.0, 0.0, 0.40737650750016163, 0.407361857065963, 0.5276047430120508, 0.4677957279909587, 0.3317891274179731, 0.3317891274179731, 0.6038946360349655, 0.0, 0.0, 0.0, 0.53700033724308, 0.29119452834129333, 0.28293560445308685, 0.7825900912284851, 0.7825900912284851, 0.037119168788194656, 0.6013271997845362, 0.03567671775817871, 0.8, 0.06639143079519272, 0.0]
[0.4642857142857143, 0.5, 0.3333333333333333, 0.42424242424242425, 0.6153846153846154, 0.5869565217391305, 0.0, 0.0, 0.40473800475921046, 0.40472321186649185, 0.447663748469453, 0.5475222555054255, 0.339080457176481, 0.339080457176481, 0.6243656426668167, 0.0, 0.0, 0.0, 0.4977684438228607, 0.2839227467775345, 0.2872357815504074, 0.7310338616371155, 0.7310338616371155, 0.037559814751148224, 0.5778553637247237, 0.036050811409950256, 0.7841773764338604, 0.06939376890659332, 0.0]
[0.4642857142857143, 0.5, 0.3333333333333333, 0.42424242424242425, 0.6153846153846154, 0.5869565217391305, 0.0, 0.0, 0.4129056531658136, 0.4128913275370406, 0.3929998614819966, 0.6025838653119933, 0.34757627972534727, 0.34757627972534727, 0.6510347425937653, 0.0, 0.0, 0.0, 0.501675283908844, 0.2958347350358963, 0.2987357825040817, 0.735143780708313, 0.735143780708313, 0.037522267550230026, 0.5382325847943623, 0.036398693919181824, 0.7617776832261751, 0.07061756402254105, 0.0]
[0.4642857142857143, 0.5, 0.3333333333333333, 0.42424242424242425, 0.6153846153846154, 0.5869565217391305, 0.0, 0.0, 0.4057090818084221, 0.4056942490273178, 0.36705670621153497, 0.6288298076192411, 0.3573319209473474, 0.3573319209473474, 0.6425395160913467, 0.0, 0.0, 0.0, 0.5290625721216201, 0.2940206825733185, 0.2993662804365158, 0.774082601070404, 0.774082601070404, 0.03663979098200798, 0.5898135219301496, 0.035823166370391846, 0.7877928997541583, 0.07067954540252686, 0.0]
[0.4642857142857143, 0.5, 0.3333333333333333, 0.42424242424242425, 0.6153846153846154, 0.5869565217391305, 0.0, 0.0, 0.40320954450457774, 0.4031946718350879, 0.3733682454658056, 0.6225497346028721, 0.3589417040348053, 0.3589417040348053, 0.638178825378418, 0.0, 0.0, 0.0, 0.5315179854631423, 0.29089251160621643, 0.3004155308008194, 0.7783589959144592, 0.7783589959144592, 0.03610936179757118, 0.5674885785768902, 0.03540385141968727, 0.779299033415872, 0.07107919454574585, 0.0]
[0.4642857142857143, 0.5, 0.3333333333333333, 0.42424242424242425, 0.6153846153846154, 0.5869565217391305, 0.0, 0.0, 0.4027729034423828, 0.40275807635961935, 0.42447262398371505, 0.5712415648983218, 0.33986139510359087, 0.33986139510359087, 0.6215179711580276, 0.0, 0.0, 0.0, 0.49804427623748776, 0.27303604781627655, 0.2841663360595703, 0.7294216156005859, 0.7294216156005859, 0.037560656666755676, 0.5468040638499789, 0.0369877964258194, 0.7675462766268919, 0.07475608587265015, 0.0]
[0.4642857142857143, 0.5, 0.3333333333333333, 0.42424242424242425, 0.6153846153846154, 0.5869565217391305, 0.0, 0.0, 0.38809423966343953, 0.38807853503619283, 0.47592735358907434, 0.5197180805374464, 0.3282759657927922, 0.3282759657927922, 0.59555484354496, 0.0, 0.0, 0.0, 0.5580774426460265, 0.28781792521476746, 0.2864934056997299, 0.8104386925697327, 0.8104386925697327, 0.03801659122109413, 0.528217301482246, 0.03721879422664642, 0.7571744550625945, 0.07358480244874954, 0.0]
[0.4642857142857143, 0.5, 0.3333333333333333, 0.42424242424242425, 0.6153846153846154, 0.5869565217391305, 0.0, 0.0, 0.3897489010717855, 0.3897334129814892, 0.5193924224627405, 0.4768315869986391, 0.3178193739482335, 0.3178193739482335, 0.575120136141777, 0.0, 0.0, 0.0, 0.5631942570209503, 0.2726631313562393, 0.267356738448143, 0.8166103959083557, 0.8166103959083557, 0.03824404627084732, 0.552886091054432, 0.0371553860604763, 0.7755804412760013, 0.07269202917814255, 0.0]
[0.4642857142857143, 0.5, 0.3333333333333333, 0.42424242424242425, 0.6153846153846154, 0.5869565217391305, 0.0, 0.0, 0.3887361007712311, 0.388720521507482, 0.5277868050006334, 0.46855129948942836, 0.3132621518203191, 0.3132621518203191, 0.561234325170517, 0.0, 0.0, 0.0, 0.5624004513025284, 0.26998889446258545, 0.2627529352903366, 0.8148047924041748, 0.8148047924041748, 0.038037583231925964, 0.5588017929167974, 0.036862004548311234, 0.7789474855675254, 0.07187476009130478, 0.0]
[0.4642857142857143, 0.5, 0.3333333333333333, 0.42424242424242425, 0.6153846153846154, 0.5869565217391305, 0.0, 0.0, 0.3879470743139205, 0.3879314608601266, 0.5266880537766115, 0.46963506692631474, 0.3136397472449712, 0.3136397472449712, 0.555750384926796, 0.0, 0.0, 0.0, 0.5614923030138015, 0.2739214152097702, 0.2664209306240082, 0.8121205568313599, 0.8121205568313599, 0.03831952065229416, 0.5302882790565491, 0.03710943087935448, 0.7674177207572516, 0.07081162184476852, 0.0]
[0.4642857142857143, 0.5, 0.3333333333333333, 0.42424242424242425, 0.6153846153846154, 0.5869565217391305, 0.0, 0.0, 0.3949433603888488, 0.3949281914056373, 0.5023592211818946, 0.49374102013922055, 0.3060572275093624, 0.3060572275093624, 0.6018342077732086, 0.0, 0.0, 0.0, 0.5381509184837341, 0.2704862505197525, 0.26231248676776886, 0.778394341468811, 0.778394341468811, 0.0377269871532917, 0.5052757930187952, 0.03659474104642868, 0.7494159909181817, 0.06814946234226227, 0.0]
[0.4642857142857143, 0.5, 0.3333333333333333, 0.42424242424242425, 0.6153846153846154, 0.5869565217391305, 0.0, 0.0, 0.38131213142584663, 0.3812961760716046, 0.4726609022393965, 0.5235649677302545, 0.2683629201991218, 0.2683629201991218, 0.6072767674922943, 0.0, 0.0, 0.0, 0.5414856284856796, 0.2636042386293411, 0.26225173473358154, 0.7818019390106201, 0.7818019390106201, 0.07694223523139954, 0.4692231059074402, 0.07487820833921432, 0.5564136352649955, 0.06604325026273727, 0.0]
[0.4642857142857143, 0.5, 0.3333333333333333, 0.42424242424242425, 0.6153846153846154, 0.5869565217391305, 0.0, 0.0, 0.37197790729384117, 0.37196133651879276, 0.45095709883688057, 0.5452516661382719, 0.20628205367497038, 0.20628205367497038, 0.7028007507324219, 0.0, 0.0, 0.0, 0.4740232199430465, 0.36740876734256744, 0.37289807200431824, 0.6863846778869629, 0.6863846778869629, 0.0831800103187561, 0.4667279958724976, 0.08207821846008301, 0.5307029672833377, 0.06770036369562149, 0.0]
[0.4642857142857143, 0.5, 0.3333333333333333, 0.42424242424242425, 0.6153846153846154, 0.5869565217391305, 0.0, 0.0, 0.3748082161861441, 0.37479186194804615, 0.4522616000521935, 0.5439901802730783, 0.14627494450126377, 0.14627494450126377, 0.7845529466867447, 0.0, 0.0, 0.0, 0.3756774067878723, 0.4121958985924721, 0.41580604761838913, 0.545902669429779, 0.545902669429779, 0.08991021662950516, 0.46403591334819794, 0.08989840000867844, 0.5608897015105847, 0.06407444179058075, 0.026115321088582277]
[0.4642857142857143, 0.5, 0.3333333333333333, 0.42424242424242425, 0.6153846153846154, 0.5869565217391305, 0.0, 0.0, 0.3774707317352295, 0.3774546168274451, 0.45532044944982, 0.5410818026872205, 0.12131262570619585, 0.12131262570619585, 0.8275766894221306, 0.0, 0.0, 0.0, 0.22917921692132948, 0.4433748535811901, 0.44538767263293266, 0.33562615513801575, 0.33562615513801575, 0.09067434072494507, 0.46373026371002196, 0.09043873846530914, 0.5757143331128498, 0.05099092796444893, 0.02784648910164833]
[0.4642857142857143, 0.5, 0.3333333333333333, 0.42424242424242425, 0.6153846153846154, 0.5869565217391305, 0.00961059145629406, 0.009304708801209927, 0.3763425400334608, 0.3763263681422684, 0.45613203563836063, 0.5403674957236592, 0.07333750969597272, 0.07333750969597272, 0.9013516381382942, 0.0, 0.0, 0.0, 0.059546303004026406, 0.480576952919364, 0.4811533447355032, 0.0, -0.0, 0.07400353997945786, 0.4703985840082169, 0.07130355387926102, 0.5932453344034594, 0.025930462405085564, 0.017155155073851347]
[0.4642857142857143, 0.5, 0.3333333333333333, 0.42424242424242425, 0.6153846153846154, 0.5869565217391305, 0.012643864378333092, 0.012304923497140408, 0.3736566498904109, 0.37364032984235773, 0.45857011348749893, 0.5380212053235535, 0.05628672295383045, 0.05628672295383045, 0.9205051176249981, 0.0, 0.0, 0.0, 0.03446855191141367, 0.48687814734876156, 0.4872405882924795, 0.0, -0.0, 0.05757089704275131, 0.4769716411828995, 0.05532972142100334, 0.5996139070322347, 0.019159426912665367, 0.0]
[0.4642857142857143, 0.5, 0.3333333333333333, 0.42424242424242425, 0.6153846153846154, 0.5869565217391305, 0.013317059725522995, 0.012994791381061077, 0.36906975906620065, 0.36905270963052494, 0.46279783219269993, 0.5338262648992232, 0.048658696136304316, 0.048658696136304316, 0.9310825131833553, 0.0, 0.0, 0.0, 0.023555815964937207, 0.48908902518451214, 0.4893448855727911, 0.0, -0.0, 0.05037323385477066, 0.47985070645809175, 0.04849014803767204, 0.6145751857480337, 0.016131075099110603, 0.0]
[0.4642857142857143, 0.5, 0.3333333333333333, 0.42424242424242425, 0.6153846153846154, 0.5869565217391305, 0.012225747108459473, 0.011972358450293541, 0.3608545295139116, 0.36083709259106145, 0.46591223186562214, 0.5309043309606005, 0.03562702664307186, 0.03562702664307186, 0.9484783262014389, 0.0, 0.0, 0.0, 0.015073758643120527, 0.49182807840406895, 0.4919611569494009, 0.0, -0.0, 0.0, 0.5, 0.0, 0.6976744186046512, 0.01265431847423315, 0.0]
[0.4642857142857143, 0.5, 0.3333333333333333, 0.42424242424242425, 0.6153846153846154, 0.5869565217391305, 0.01155927311629057, 0.01134599931538105, 0.3524389007123433, 0.35242112188904506, 0.4698027939914973, 0.5271537314814723, 0.030213374910610064, 0.030213374910610064, 0.9527000617235899, 0.0, 0.0, 0.0, 0.012414943147450685, 0.49338077614083886, 0.4934900593943894, 0.0, -0.0, 0.0, 0.5, 0.0, 0.6976744186046512, 0.010166444815695286, 0.0]
[0.4642857142857143, 0.5, 0.3333333333333333, 0.42424242424242425, 0.6153846153846154, 0.5869565217391305, 0.00971269328147173, 0.00956093892455101, 0.35061400707091706, 0.35059612567748444, 0.47501520593125324, 0.5219292760984341, 0.027746973293168206, 0.027746973293168206, 0.952907495200634, 0.0, 0.0, 0.0, 0.011145031126216053, 0.4941964210011065, 0.49430244928225875, 0.0, -0.0, 0.029550176113843918, 0.48817992955446243, 0.0, 0.6976744186046512, 0.008538740687072277, 0.0]
[0.4642857142857143, 0.5, 0.3333333333333333, 0.42424242424242425, 0.6153846153846154, 0.5869565217391305, 0.008694775402545929, 0.008574624545872211, 0.3523469978719095, 0.35232921904861125, 0.4772211675662156, 0.5196850073674391, 0.026931234502366612, 0.026931234502366612, 0.9523244351148605, 0.0, 0.0, 0.0, 0.010633998224511741, 0.4945073570124805, 0.4946122500114143, 0.0, -0.0, 0.0285485927015543, 0.4885805629193783, 0.0, 0.6976744186046512, 0.007804399821907282, 0.0]
[0.4642857142857143, 0.5, 0.3333333333333333, 0.42424242424242425, 0.6153846153846154, 0.5869565217391305, 0.0, 0.0, 0.3616655857567578, 0.3616482058173156, 0.4627249874530741, 0.533903151187062, 0.025445912033319473, 0.025445912033319473, 0.954374335706234, 0.0, 0.0, 0.0, 0.009813158446922897, 0.4950382895767689, 0.49511946039274335, 0.0, -0.0, 0.0, 0.5, 0.0, 0.6976744186046512, 0.007149142678827047, 0.0]
[0.4642857142857143, 0.5, 0.3333333333333333, 0.42424242424242425, 0.6153846153846154, 0.5869565217391305, 0.0, 0.0, 0.36372096588689096, 0.36370359734413044, 0.45548327953820017, 0.5410935754593148, 0.025751697165625437, 0.025751697165625437, 0.9546641930937767, 0.0, 0.0, 0.0, 0.009939201781526207, 0.4952145665884018, 0.4952990380115807, 0.0, -0.0, 0.025392260402441025, 0.4898430958390236, 0.0, 0.6976744186046512, 0.0071271201595664024, 0.0]
[0.4642857142857143, 0.5, 0.3333333333333333, 0.42424242424242425, 0.6153846153846154, 0.5869565217391305, 0.0, 0.0, 0.36538934889988506, 0.3653720943239405, 0.44954963145246923, 0.5470155027703113, 0.02536743347133909, 0.02536743347133909, 0.9561457112431526, 0.0, 0.0, 0.0, 0.009791506361216305, 0.4955520420335233, 0.4956209259107709, 0.0, -0.0, 0.025073565542697906, 0.48997057378292086, 0.0, 0.6976744186046512, 0.006986946798861027, 0.0]
[0.4642857142857143, 0.5, 0.3333333333333333, 0.42424242424242425, 0.6153846153846154, 0.5869565217391305, 0.0, 0.0, 0.36664893294383644, 0.3666317239546183, 0.4452554359034872, 0.5512748939221215, 0.025291277893951962, 0.025291277893951962, 0.9569137766957283, 0.0, 0.0, 0.0, 0.00971147301606834, 0.49570167530328035, 0.49576134979724884, 0.0, -0.0, 0.024767832830548286, 0.4900928668677807, 0.0, 0.6976744186046512, 0.0069033862091600895, 0.0]
[0.4642857142857143, 0.5, 0.3333333333333333, 0.42424242424242425, 0.6153846153846154, 0.5869565217391305, 0.0, 0.0, 0.3647291619280784, 0.3647119073521339, 0.4474936245048479, 0.5490619165611946, 0.0246783798294408, 0.0246783798294408, 0.9580520279705524, 0.0, 0.0, 0.0, 0.009426178876310587, 0.4958225395530462, 0.49587875418365, 0.0, -0.0, 0.023751147091388702, 0.4904995411634445, 0.0, 0.6976744186046512, 0.0067680771462619305, 0.0]
[0.4642857142857143, 0.5, 0.3333333333333333, 0.42424242424242425, 0.6153846153846154, 0.5869565217391305, 0.0, 0.0, 0.36278663173916237, 0.36277061940151234, 0.4533991455803866, 0.5432235967310113, 0.023909867075937136, 0.023909867075937136, 0.9590262211859226, 0.0, 0.0, 0.0, 0.009165674215182662, 0.49588526831939816, 0.49593700282275677, 0.0, -0.0, 0.022853797301650047, 0.49085848107934, 0.0, 0.6976744186046512, 0.00659869983792305, 0.0]
[0.4642857142857143, 0.5, 0.3333333333333333, 0.42424242424242425, 0.6153846153846154, 0.5869565217391305, 0.0, 0.0, 0.41419088544170896, 0.4141779673031138, 0.6043345116748409, 0.3959073409017089, 0.024910992277520045, 0.024910992277520045, 0.9586819596588612, 0.0, 0.0, 0.0, 0.00965045765042305, 0.49583688098937273, 0.49591940734535456, 0.0, -0.0, 0.0, 0.5, 0.0, 0.6976744186046512, 0.006870015524327755, 0.0]
[0.4642857142857143, 0.5, 0.3333333333333333, 0.42424242424242425, 0.6153846153846154, 0.5869565217391305, 0.0, 0.0, 0.43190503827016624, 0.43189308884950717, 0.6276500252419175, 0.3735339796059396, 0.02812408842146397, 0.02812408842146397, 0.9567504860460758, 0.0, 0.0, 0.0, 0.010994195705279708, 0.495603920891881, 0.4957508584484458, 0.0, -0.0, 0.0, 0.5, 0.0, 0.6976744186046512, 0.007592699024826288, 0.0]
[0.4642857142857143, 0.5, 0.3333333333333333, 0.42424242424242425, 0.6153846153846154, 0.5869565217391305, 0.0, 0.0, 0.4347558953793965, 0.43474416819402867, 0.6342901422234384, 0.36732610456751547, 0.03172967582941055, 0.03172967582941055, 0.9547159932553768, 0.0, 0.0, 0.0, 0.012632218282669782, 0.4952713018283248, 0.49554160749539733, 0.0, -0.0, 0.0, 0.5, 0.0, 0.6976744186046512, 0.008604084141552448, 0.0]
[0.4642857142857143, 0.5, 0.3333333333333333, 0.42424242424242425, 0.6153846153846154, 0.5869565217391305, 0.0, 0.0, 0.43383845681214195, 0.43382662705663966, 0.6293177358506971, 0.3720206028594063, 0.03280409877853734, 0.03280409877853734, 0.9541409276425838, 0.0, 0.0, 0.0, 0.01312629459425807, 0.4952162220142782, 0.49553123489022255, 0.0, -0.0, 0.0, 0.5, 0.0, 0.6976744186046512, 0.008957713842391968, 0.0]
[0.4642857142857143, 0.5, 0.3333333333333333, 0.42424242424242425, 0.6153846153846154, 0.5869565217391305, 0.0, 0.0, 0.43298291932100547, 0.4329711408505704, 0.6508003211158183, 0.351565211903702, 0.033815549686551094, 0.033815549686551094, 0.9535940103232861, 0.0, 0.0, 0.0, 0.013793267495930194, 0.49496355978772044, 0.4953306820243597, 0.0, -0.0, 0.0, 0.5, 0.0, 0.6976744186046512, 0.009313198737800121, 0.0]
[0.4642857142857143, 0.5, 0.3333333333333333, 0.42424242424242425, 0.6153846153846154, 0.5869565217391305, 0.0, 0.0, 0.42243449842952635, 0.422422155823352, 0.6608558070363324, 0.34171911721425074, 0.03303019729043757, 0.03303019729043757, 0.9532895535230637, 0.0, 0.0, 0.0, 0.014020458422601223, 0.49487866135314107, 0.49527095071971416, 0.0, -0.0, 0.0, 0.5, 0.0, 0.6976744186046512, 0.009150790981948376, 0.0]
[0.4642857142857143, 0.5, 0.3333333333333333, 0.42424242424242425, 0.6153846153846154, 0.5869565217391305, 0.0, 0.0, 0.42099596369106956, 0.42098354700646484, 0.664710404084244, 0.3380175434102013, 0.03269844156290804, 0.03269844156290804, 0.9528574012219906, 0.0, 0.0, 0.0, 0.013764187693595884, 0.4946619342081249, 0.4950795881450176, 0.0, -0.0, 0.0, 0.5, 0.0, 0.6976744186046512, 0.009053273126482964, 0.0]
[0.4642857142857143, 0.5, 0.3333333333333333, 0.42424242424242425, 0.6153846153846154, 0.5869565217391305, 0.0, 0.0, 0.4176854670161727, 0.4176728793813439, 0.6593490631584912, 0.3431571960854435, 0.033490852053676336, 0.033490852053676336, 0.9508783221244812, 0.0, 0.0, 0.0, 0.01405100245028734, 0.4943571607582271, 0.49476469215005636, 0.0, -0.0, 0.0, 0.5, 0.0, 0.6976744186046512, 0.009229629300534725, 0.0]
[0.4642857142857143, 0.5, 0.3333333333333333, 0.42424242424242425, 0.6153846153846154, 0.5869565217391305, 0.0, 0.0, 0.41952387712197825, 0.4195113578672391, 0.6495447487037906, 0.3524973692852448, 0.034499451784150946, 0.034499451784150946, 0.9488344080746174, 0.0, 0.0, 0.0, 0.014365535788238048, 0.4941107821650803, 0.49450487084686756, 0.0, -0.0, 0.0, 0.5, 0.0, 0.6976744186046512, 0.009460194036364555, 0.0]
[0.4642857142857143, 0.5, 0.3333333333333333, 0.42424242424242425, 0.6153846153846154, 0.5869565217391305, 0.0, 0.0, 0.35000448974551024, 0.3499878505903722, 0.4837841973933845, 0.5129078880272171, 0.03076917092714991, 0.03076917092714991, 0.9521380513906479, 0.0, 0.0, 0.0, 0.0125506610609591, 0.49461806006729603, 0.49488982697948813, 0.0, -0.0, 0.0, 0.5, 0.0, 0.6976744186046512, 0.008497378788888454, 0.0]
[0.4642857142857143, 0.5, 0.3333333333333333, 0.42424242424242425, 0.6153846153846154, 0.5869565217391305, 0.0, 0.0, 0.3505930941601784, 0.35057647779840356, 0.482297548714377, 0.5143595745362419, 0.02756382604794843, 0.02756382604794843, 0.9544896259903908, 0.0, 0.0, 0.0, 0.011119821155443787, 0.49499727645888925, 0.49516276456415653, 0.0, -0.0, 0.0, 0.5, 0.0, 0.6976744186046512, 0.007700844667851925, 0.0]
[0.4642857142857143, 0.5, 0.3333333333333333, 0.42424242424242425, 0.6153846153846154, 0.5869565217391305, 0.0, 0.0, 0.35259031702409965, 0.35257381462914084, 0.47933739885317433, 0.5172425645892473, 0.02476488772247519, 0.02476488772247519, 0.9576525632292032, 0.0, 0.0, 0.0, 0.009834819007664919, 0.4954120763577521, 0.49550542002543807, 0.0, -0.0, 0.0, 0.5, 0.0, 0.6976744186046512, 0.0071287755854427814, 0.0]
[0.4642857142857143, 0.5, 0.3333333333333333, 0.42424242424242425, 0.6153846153846154, 0.5869565217391305, 0.007586257997900248, 0.007497623562812805, 0.35305082273756794, 0.35303427475588267, 0.4781425223181854, 0.5184501854634371, 0.023246662957327708, 0.023246662957327708, 0.958956828340888, 0.0, 0.0, 0.0, 0.009205556102097034, 0.49562223674729466, 0.49567634612321854, 0.0, -0.0, 0.0, 0.5, 0.0, 0.6976744186046512, 0.006813197396695614, 0.0]
[0.4642857142857143, 0.5, 0.3333333333333333, 0.42424242424242425, 0.6153846153846154, 0.5869565217391305, 0.00842759758234024, 0.008325932547450066, 0.3532485323699893, 0.35323207556175684, 0.47672182481102005, 0.5199110633961734, 0.023044258622186526, 0.023044258622186526, 0.9586557764559984, 0.0, 0.0, 0.0, 0.009284067200496793, 0.49563137255609035, 0.49569720355793834, 0.0, -0.0, 0.0, 0.5, 0.0, 0.6976744186046512, 0.006839332636445761, 0.0]
[0.4642857142857143, 0.5, 0.3333333333333333, 0.42424242424242425, 0.6153846153846154, 0.5869565217391305, 0.008913413621485233, 0.00880478136241436, 0.35397975485821753, 0.3539633094466667, 0.46586886749212875, 0.5306828535486995, 0.02299840029861246, 0.02299840029861246, 0.9591931570321321, 0.0, 0.0, 0.0, 0.009164377860724925, 0.4958196049556136, 0.49589989706873894, 0.0, -0.0, 0.0, 0.5, 0.0, 0.6976744186046512, 0.0069261519238352776, 0.0]
[0.4642857142857143, 0.5, 0.3333333333333333, 0.42424242424242425, 0.6153846153846154, 0.5869565217391305, 0.008757985197007656, 0.008655223995447159, 0.3513612077067505, 0.351344579948294, 0.4479417249303931, 0.5486438513777173, 0.02229668333062104, 0.02229668333062104, 0.9605464488267899, 0.0, 0.0, 0.0, 0.008646798646077513, 0.49608473386615515, 0.49617544608190656, 0.0, -0.0, 0.0, 0.5, 0.0, 0.6976744186046512, 0.006673856172710657, 0.0]
[0.4642857142857143, 0.5, 0.3333333333333333, 0.42424242424242425, 0.6153846153846154, 0.5869565217391305, 0.008468322455883026, 0.008370963856577873, 0.35347879092506423, 0.3534622885301054, 0.4389578404891559, 0.557623794525925, 0.02130073295640094, 0.02130073295640094, 0.9622650127857924, 0.0, 0.0, 0.0, 0.008253904804587363, 0.49634202593006194, 0.4964159820228815, 0.0, -0.0, 0.0, 0.5, 0.0, 0.6976744186046512, 0.006611097138375044, 0.0]
[0.4642857142857143, 0.5, 0.3333333333333333, 0.42424242424242425, 0.6153846153846154, 0.5869565217391305, 0.0, 0.0, 0.3540943940784461, 0.35407794866689535, 0.4368175094943657, 0.5597875636867943, 0.020612168924084733, 0.020612168924084733, 0.9632520712912083, 0.0, 0.0, 0.0, 0.008013691985979676, 0.49646158842369914, 0.49651959305629134, 0.0, -0.0, 0.0, 0.5, 0.0, 0.6976744186046512, 0.006571588106453419, 0.0]
[0.4642857142857143, 0.5, 0.3333333333333333, 0.42424242424242425, 0.6153846153846154, 0.5869565217391305, 0.008878068998456001, 0.008768750354647636, 0.35473773675484593, 0.3547213141366583, 0.43597653126397506, 0.5606834578959203, 0.020569323429039547, 0.020569323429039547, 0.9632870275527239, 0.0, 0.0, 0.0, 0.008134683221578598, 0.49653599550947547, 0.49660250963643193, 0.0, -0.0, 0.0, 0.5, 0.0, 0.6976744186046512, 0.006781900767236948, 0.0]
[0.4642857142857143, 0.5, 0.3333333333333333, 0.42424242424242425, 0.6153846153846154, 0.5869565217391305, 0.008109374903142452, 0.008016221225261688, 0.35796096903872077, 0.3579446831807124, 0.4339823684090638, 0.5627445003960779, 0.020454121487481255, 0.020454121487481255, 0.9639730509370565, 0.0, 0.0, 0.0, 0.008053888101130724, 0.4966366628650576, 0.4966987604275346, 0.0, -0.0, 0.0, 0.5, 0.0, 0.6976744186046512, 0.0068468330428004265, 0.0]
[0.4642857142857143, 0.5, 0.3333333333333333, 0.42424242424242425, 0.6153846153846154, 0.5869565217391305, 0.0, 0.0, 0.3595453585083125, 0.359529072650304, 0.43303499075924234, 0.5636934279945972, 0.01994809335363763, 0.01994809335363763, 0.9652239326387644, 0.0, 0.0, 0.0, 0.007864774204790592, 0.4966960488818586, 0.49675259715877473, 0.0, -0.0, 0.0, 0.5, 0.0, 0.6976744186046512, 0.006838380359113216, 0.0]
[0.4642857142857143, 0.5, 0.3333333333333333, 0.42424242424242425, 0.6153846153846154, 0.5869565217391305, 0.0, 0.0, 0.35908994711152, 0.35907364985683, 0.4395303299960397, 0.5571662236360423, 0.01985674857028893, 0.01985674857028893, 0.9653941951692104, 0.0, 0.0, 0.0, 0.007870743237435817, 0.4965609728824347, 0.4966075469274074, 0.0, -0.0, 0.0, 0.5, 0.0, 0.6976744186046512, 0.006861026864498854, 0.0]
[0.4642857142857143, 0.5, 0.3333333333333333, 0.42424242424242425, 0.6153846153846154, 0.5869565217391305, 0.0067758383229374886, 0.0066965618170797825, 0.359406125249188, 0.35938979380445313, 0.44168152772673686, 0.5549434949894202, 0.020121529565325806, 0.020121529565325806, 0.965203208848834, 0.0, 0.0, 0.0, 0.008001879742369055, 0.49646312510594726, 0.4965152032673359, 0.0, -0.0, 0.0, 0.5, 0.0, 0.6976744186046512, 0.007001079153269529, 0.0]
[0.4642857142857143, 0.5, 0.3333333333333333, 0.42424242424242425, 0.6153846153846154, 0.5869565217391305, 0.0, 0.0, 0.3614924017831427, 0.3614761615118607, 0.44274524270234555, 0.5539023294167988, 0.019716757482716018, 0.019716757482716018, 0.9660470280796289, 0.0, 0.0, 0.0, 0.007891460787504911, 0.4965958453249186, 0.4966468058992177, 0.0, -0.0, 0.0, 0.5, 0.0, 0.6976744186046512, 0.0069744773209095, 0.0]
[0.4642857142857143, 0.5, 0.3333333333333333, 0.42424242424242425, 0.6153846153846154, 0.5869565217391305, 0.0, 0.0, 0.36501624433761803, 0.3650002547933312, 0.4421683654730452, 0.5544511561183247, 0.01930080620305879, 0.01930080620305879, 0.9670614507049322, 0.0, 0.0, 0.0, 0.0076470538042485705, 0.49671923252753913, 0.49675701023079455, 0.0, -0.0, 0.0, 0.5, 0.0, 0.6976744186046512, 0.006826132070273161, 0.0]
[0.4642857142857143, 0.5, 0.3333333333333333, 0.42424242424242425, 0.6153846153846154, 0.5869565217391305, 0.0, 0.0, 0.3632476161132579, 0.36323151260215514, 0.44217981913805465, 0.5543862277096198, 0.01950835409973349, 0.01950835409973349, 0.9670009110122919, 0.0, 0.0, 0.0, 0.007666210969910025, 0.49678385886363685, 0.49682296230457723, 0.0, -0.0, 0.0, 0.5, 0.0, 0.6976744186046512, 0.006880183704197407, 0.0]
[0.4642857142857143, 0.5, 0.3333333333333333, 0.42424242424242425, 0.6153846153846154, 0.5869565217391305, 0.0, 0.0, 0.3642459882149049, 0.3642299644805733, 0.44149558516806897, 0.5551229726023765, 0.019567144502486502, 0.019567144502486502, 0.9672097135335207, 0.0, 0.0, 0.0, 0.007714537903666495, 0.4967465486843139, 0.49678147584199905, 0.0, -0.0, 0.0, 0.5, 0.0, 0.6976744186046512, 0.006938903592526913, 0.0]
[0.4642857142857143, 0.5, 0.3333333333333333, 0.42424242424242425, 0.6153846153846154, 0.5869565217391305, 0.006678273901343346, 0.006611585151404142, 0.3638201853969129, 0.36380410467917335, 0.43928515888308933, 0.5572933023342389, 0.01853584245379482, 0.01853584245379482, 0.9697056515142322, 0.0, 0.0, 0.0, 0.007213342236354946, 0.4968693235423416, 0.49690816132351756, 0.0, -0.0, 0.0, 0.5, 0.0, 0.6976744186046512, 0.00670136883854866, 0.0]
[0.4642857142857143, 0.5, 0.3333333333333333, 0.42424242424242425, 0.6153846153846154, 0.5869565217391305, 0.006785524543374777, 0.006717508193105459, 0.3634084688773802, 0.36339235396959585, 0.4393171835583893, 0.5572286934778016, 0.01834450090037925, 0.01834450090037925, 0.9701041327789426, 0.0, 0.0, 0.0, 0.0071366751100867985, 0.49689923017285764, 0.49693658482283354, 0.0, -0.0, 0.0, 0.5, 0.0, 0.6976744186046512, 0.006647971458733082, 0.0]

程序已被终止，正在关闭套接字...
套接字已关闭。
