[-2.51865239e-01  1.08085485e-04 -1.03696004e-01]
[-0.25481054  0.01651144 -0.09918123]
[-0.26100385  0.02983523 -0.08703364]
[-0.22553004  0.01923061 -0.06416151]
[-0.22275581  0.01535493 -0.06311288]
[-0.22692626  0.01107835 -0.06202319]
[-0.22696129  0.01078493 -0.0592096 ]
[-0.22536469  0.01058182 -0.05702517]
[-0.22043502  0.01045996 -0.05627482]
[-0.22043502  0.01045996 -0.05627482]
[-0.2171661   0.01060264 -0.05532997]
[-0.20836184  0.01230343 -0.05221723]
[-0.19927499  0.01489989 -0.05091405]
[-0.19927499  0.01489989 -0.05091405]
[-0.19498017  0.01616882 -0.05022136]
[-0.19006025  0.0157063  -0.04220717]
[-0.17756745  0.02158095 -0.04034813]
[-0.16988938  0.02548981 -0.04055412]
[-0.16784402  0.02727605 -0.04059259]
[-0.15542285  0.03074499 -0.03281715]
[-0.15342131  0.03104691 -0.03208975]
[-0.1436006   0.03037466 -0.01559078]
[-0.14527451  0.03204142 -0.00785126]
[-0.14466063  0.03412891  0.00127042]
[-0.14229034  0.03716163  0.01018111]
[-0.11761128  0.05255878  0.02762781]
[-0.10950117  0.05696138  0.03235377]
[-0.09104651  0.06875942  0.04536946]
[-0.08677493  0.07063331  0.04653195]
[-0.08204094  0.07223587  0.04800627]
[-0.07821623  0.07361025  0.04954207]
[-0.06469635  0.07838565  0.05850827]
[-0.06047633  0.08026464  0.06222755]
[-0.05674084  0.08194948  0.06560542]
[-0.05286465  0.08299892  0.06873046]
[-0.04659988  0.08496466  0.07490503]
[-0.04409092  0.08557243  0.07780589]
[-0.03853943  0.08609997  0.08207607]
[-0.02151003  0.08309714  0.08635881]
[-0.01993036  0.08197895  0.08641899]
[-0.02677146  0.07656159  0.07858227]
[-0.02858938  0.07514656  0.07710261]
[-0.02880401  0.07373926  0.0756541 ]
[-0.02825082  0.07129509  0.0742618 ]
[-0.02940842  0.05506917  0.06611155]
[-0.03947376  0.04585135  0.06463569]
[-0.0417217   0.02417597  0.03731203]
[-0.04472017  0.02254083  0.02851199]
[-0.04947261  0.02016936  0.02018256]
[-0.06548297  0.01610461 -0.00523655]
[-0.07128022  0.01456876 -0.01137122]
[-0.07124063  0.01274132 -0.01371268]
[-0.0705225   0.00972625 -0.01629687]
[-0.06584246 -0.00323503 -0.02463792]
[-0.0675301  -0.00928427 -0.02865241]
[-0.06987561 -0.01148344 -0.02977687]
[-0.07291628 -0.01349908 -0.0306638 ]
[-0.07650188 -0.01705252 -0.03275388]
[-0.07623023 -0.01946214 -0.03492967]
[-0.07425304 -0.02209752 -0.03769462]
[-0.06759332 -0.03088362 -0.04322926]
[-0.06779252 -0.03185865 -0.0421476 ]
[-0.06062151 -0.034779   -0.04393385]
[-0.05978432 -0.0361183  -0.04368968]
[-0.05673786 -0.03804027 -0.03459775]
[-0.0559988  -0.0368102  -0.03040504]
[-0.05530091 -0.03494412 -0.02590603]
[-0.05420887 -0.03213625 -0.02138836]
[-0.05052028 -0.02377201 -0.01212806]
[-0.04901406 -0.01867381 -0.00566231]
[-0.04874908 -0.01362091  0.00143564]
[-0.04957174 -0.00890727  0.00875044]
[-0.04959139 -0.00453936  0.01632563]
[-0.04539406  0.01111473  0.03660519]
[-0.043531    0.01648309  0.04166899]
[-0.04013258  0.02155104  0.04690547]
[-0.03388526  0.02976199  0.05407706]
[-0.03128848  0.0338782   0.05683946]
[-0.02920926  0.03785469  0.05879012]
[-0.02720925  0.04218104  0.06064823]
[-0.00897702  0.05357955  0.07438069]
[-0.00528974  0.05529258  0.07662898]
[-0.00335736  0.05742967  0.07865919]
[-0.00163856  0.05965963  0.08046736]
[0.00141736 0.06235739 0.08271307]
[0.00351601 0.0634991  0.08255191]
[0.00457663 0.06444414 0.08160244]
[0.00462574 0.06564975 0.07991287]
[0.00404619 0.06669893 0.07898024]
[0.00286468 0.06843585 0.0788609 ]
[0.00260091 0.06901433 0.07955324]
[-0.00387741  0.06951229  0.09795861]
[-0.0051884   0.07013898  0.10433336]
[-0.00704458  0.07142133  0.11096979]
[-0.01268285  0.07630479  0.1405489 ]
[-0.0148822   0.07761577  0.15073432]
[-0.01439148  0.07530168  0.18880829]
[-0.01536455  0.07528275  0.18993588]
[-0.01935303  0.07293911  0.18284142]
[-0.01973614  0.07024503  0.17743008]
[-0.01991177  0.06833739  0.17293543]
[-0.02006669  0.06731566  0.16901079]
[-0.02156714  0.06500494  0.15517366]
[-0.02001282  0.05470017  0.12672013]
[-0.01333665  0.04870474  0.11074241]
[-0.01090855  0.04605698  0.10339954]
[-0.00591362  0.03940909  0.08823416]
[-0.00043024  0.01977058  0.03505112]
[-0.00038874  0.01585582  0.02536688]
[0.00120761 0.01155846 0.01684915]
[ 0.00651776 -0.01187321 -0.02696059]
[ 0.00810999 -0.01443474 -0.03354213]
[ 0.01208106 -0.02143245 -0.05027641]
[ 0.01073081 -0.02833175 -0.06048579]
[ 0.01656253 -0.04467159 -0.08044834]
[ 0.01421412 -0.04755896 -0.08083091]
[ 0.00913795 -0.04996663 -0.08087655]
[ 0.00322311 -0.05219112 -0.0804472 ]
[-0.00851099 -0.06076274 -0.08491193]
[-0.01047961 -0.06376801 -0.08710995]
[-0.01161904 -0.0672411  -0.08955022]
[-0.01246623 -0.07441002 -0.095307  ]
[-0.0130712  -0.08086953 -0.09915026]
[-0.01776973 -0.0859839  -0.10194948]
[-0.02342124 -0.08862925 -0.09330726]
[-0.02225755 -0.0877365  -0.08721761]
[-0.0162927  -0.083406   -0.07485665]
[-0.01140177 -0.07910937 -0.06802318]
[-0.00768086 -0.0740954  -0.06106013]
[-0.00146093 -0.06297374 -0.04575207]
[-0.00146093 -0.06297374 -0.04575207]
[ 0.00113004 -0.04982908 -0.03030828]
[ 0.00090092 -0.03346837 -0.00504149]
[ 0.00376277 -0.02489324  0.00898707]
[ 0.00613544 -0.02066254  0.01415277]
[ 0.01151606 -0.01134644  0.02396054]
[ 0.01096397 -0.006749    0.0293551 ]
[ 0.00811817 -0.00227907  0.03364289]
[0.00045911 0.00554154 0.04060619]
[-0.00282905  0.00903683  0.04418289]
[-0.00646808  0.01195526  0.04850681]
[-0.01026904  0.01349877  0.05205764]
[-0.01738215  0.01635326  0.05644385]
[-0.02063205  0.01749127  0.05784104]
[-0.0266524   0.02022017  0.06081233]
[-0.03448802  0.02657398  0.06265556]
[-0.03615575  0.02870377  0.0627811 ]
[-0.03594304  0.02959957  0.063421  ]
[-0.03427456  0.03000502  0.06420977]
[-0.0286675   0.02886624  0.06274231]
[-0.03625825  0.02647033  0.06094592]
[-0.03958267  0.02721756  0.06100733]
[-0.06173098  0.04158477  0.06072383]
[-0.06173098  0.04158477  0.06072383]
[-0.09273418  0.04203523  0.05451294]
[-0.10075343  0.04386716  0.05276775]
[-0.11697817  0.04708948  0.05089094]
[-0.12542071  0.04821942  0.05073469]
[-0.14401073  0.05172431  0.05569289]
[-0.14959984  0.05338744  0.05967901]
[-0.15541439  0.05531391  0.06412975]
[-0.15867345  0.05688474  0.06621293]
[-0.16255638  0.05847661  0.06630927]
[-0.16245998  0.05790206  0.06426714]
[-0.16255075  0.05704124  0.06343963]
[-0.16233695  0.05647847  0.06294436]
[-0.16152688  0.05835652  0.06898126]
[-0.16348801  0.05920166  0.07403558]
[-0.16525862  0.06092068  0.08229598]
[-0.16673851  0.06264839  0.09283122]
[-0.15999033  0.0657289   0.12502411]
[-0.14915435  0.06916957  0.15955652]
[-0.14630795  0.07302123  0.17138514]
[-0.14577476  0.0772043   0.18087247]
[-0.1473149   0.08653435  0.19890285]
[-0.14770904  0.09710269  0.21774745]
[-0.14792065  0.10192125  0.2266065 ]
[-0.14809776  0.10586884  0.23623137]
[-0.14757661  0.11207843  0.25114778]
[-0.14578849  0.11438222  0.25676122]
[-0.14429466  0.11908462  0.26524451]
[-0.14380312  0.1218747   0.26880956]
[-0.14459006  0.12763231  0.27502629]
[-0.14050377  0.13073321  0.27788374]
[-0.13689935  0.13136941  0.27791634]
[-0.13438506  0.13163528  0.27706307]
[-0.1316998   0.13319439  0.27140659]
[-0.13240398  0.13393982  0.26914269]
[-0.13486577  0.13487659  0.26508117]
[-0.13489216  0.13420247  0.25977603]
[-0.13325887  0.1336876   0.25640851]
[-0.12997356  0.13333343  0.2525776 ]
[-0.12156449  0.13109337  0.24446057]
[-0.12139232  0.13018933  0.24266566]
[-0.12184495  0.12900227  0.24083139]
[-0.11682174  0.12699647  0.24306156]
[-0.10958297  0.12434517  0.24905004]
[-0.09872286  0.12051756  0.25708103]
[-0.08714809  0.11815094  0.2616609 ]
[-0.0738938   0.11682282  0.2583245 ]
[-0.07059494  0.11594196  0.25728995]
[-0.06795631  0.11705325  0.25540566]
[-0.06885623  0.11827742  0.2534059 ]
[-0.06349591  0.11857487  0.24705929]
[-0.05993736  0.11795991  0.24478805]
[-0.05661883  0.11717218  0.24377994]
[-0.05119708  0.11678165  0.24501556]
[-0.04272656  0.11479729  0.24993421]
[-0.03937036  0.11369572  0.25153741]
[-0.03785453  0.11250618  0.25203973]
[-0.03599789  0.11180242  0.25131002]
[-0.03627005  0.11253586  0.25095031]
[-0.03731065  0.1142534   0.25070184]
[-0.03799394  0.11616138  0.25017628]
[-0.0389608   0.1177792   0.25104213]
[-0.03901237  0.12187684  0.26904067]
[-0.03795234  0.12401553  0.28042984]
[-0.03862227  0.12632327  0.29290819]
[-0.04003254  0.13216867  0.31734949]
[-0.04435606  0.1355312   0.32703671]
[-0.04734274  0.13789874  0.33441758]
[-0.05155321  0.13986582  0.33810937]
[-0.05470939  0.14096351  0.3379347 ]
[-0.055697    0.14049655  0.33438051]
[-0.05517292  0.13632764  0.32083416]
[-0.05924859  0.13217129  0.30815154]
[-0.06317427  0.1295168   0.2917918 ]
[-0.06613891  0.12677591  0.27598017]
[-0.06085728  0.11853636  0.23595957]
[-0.05873396  0.11258606  0.21406639]
[-0.05323755  0.1068896   0.19262445]
[-0.04982974  0.09141084  0.13576382]
[-0.04918363  0.08406103  0.11418597]
[-0.04999134  0.0757198   0.09167062]
[-0.05250298  0.06801292  0.07107755]
[-0.05488083  0.06001069  0.05158227]
[-0.05736888  0.05226747  0.03085239]
[-0.06631102  0.03495277 -0.01753478]
[-0.07157521  0.0286815  -0.03506335]
[-0.0777574   0.02273469 -0.05331608]
[-0.08221141  0.00929793 -0.0899612 ]
[-0.08369154  0.00392897 -0.10973849]
[-0.0840696  -0.00029236 -0.13005802]
[-0.0845706  -0.00312501 -0.14933902]
[-0.08716252 -0.00579023 -0.1669559 ]
[-0.08985241 -0.01198945 -0.19766864]
[-0.08871093 -0.0283849  -0.23180838]
[-0.08926424 -0.03503403 -0.23959488]
[-0.09191918 -0.04121178 -0.24402758]
[-0.09472557 -0.04881836 -0.25160789]
[-0.09335037 -0.05257414 -0.25306576]
[-0.09301432 -0.05393551 -0.24550875]
[-0.09240415 -0.0571056  -0.23094074]
[-0.08894384 -0.06669675 -0.19376552]
[-0.08834639 -0.06842294 -0.17664087]
[-0.08684343 -0.06865267 -0.15647925]
[-0.08471219 -0.06626978 -0.13320874]
[-0.07024164 -0.05820574 -0.08556696]
[-0.05569773 -0.04864965 -0.04746728]
[-0.05296093 -0.04407554 -0.02891659]
[-0.05730175 -0.03487524  0.00590256]
[-0.06178181 -0.02921566  0.02077631]
[-0.06429546 -0.02375028  0.03500959]
[-0.0660177  -0.01350245  0.06071755]
[-0.06969979 -0.00081728  0.09210517]
[-0.07228858  0.00505351  0.10549966]
[-0.07435224  0.01076032  0.1193461 ]
[-0.07726438  0.0273058   0.1518936 ]
[-0.07938292  0.03248033  0.15984145]
[-0.08173122  0.03718014  0.16686665]
[-0.08371405  0.0416991   0.17426176]
[-0.0852567   0.05212237  0.19494222]
[-0.08580581  0.05482792  0.19925497]
[-0.08610138  0.05676194  0.20294133]
[-0.08615089  0.05884402  0.20561162]
[-0.0860522   0.06060066  0.20790455]
[-0.08628337  0.06434197  0.20976758]
[-0.08611511  0.06613788  0.21041454]
[-0.08551019  0.06778291  0.21205327]
[-0.08409     0.06882353  0.21432461]
[-0.08231966  0.06954227  0.21715033]
[-0.07886256  0.07124146  0.22628747]
[-0.07493775  0.07218417  0.23116672]
[-0.0617175   0.07700435  0.24125098]
[-0.05748702  0.07918943  0.24676576]
[-0.0527161   0.08174449  0.25620362]
[-0.05209582  0.08252192  0.26222962]
[-0.05285438  0.0840853   0.26769236]
[-0.05450455  0.08710963  0.27445143]
[-0.06233189  0.09837178  0.28666365]
[-0.06233189  0.09837178  0.28666365]
[-0.06415276  0.10362545  0.2836515 ]
[-0.0639019   0.10503945  0.2810604 ]
[-0.059695    0.10751096  0.27418879]
[-0.05575392  0.10819706  0.27189824]
[-0.05261629  0.1093405   0.26978812]
[-0.05015687  0.11063737  0.26733795]
[-0.04304654  0.11258234  0.25824752]
[-0.03982502  0.11239609  0.24952425]
[-0.03518973  0.11000451  0.23795843]
[-0.02977627  0.10765501  0.2197437 ]
[-0.02232247  0.10489385  0.19995086]
[-0.01119048  0.1064236   0.16568755]
[-0.00471745  0.10679954  0.15120196]
[0.000345   0.10470857 0.13737546]
[0.00546721 0.10132866 0.11966928]
[0.00759788 0.09255672 0.06597479]
[-0.00021746  0.08963926  0.03778695]
[-0.00508937  0.08907174  0.02616   ]
[-0.01258656  0.08952066  0.00395574]
[-0.01665766  0.08955293 -0.0064094 ]
[-0.025621    0.08810949 -0.02551255]
[-0.02804106  0.08714125 -0.03239715]
[-0.0322164   0.08436431 -0.04333144]
[-0.03314904  0.08269246 -0.04623447]
[-0.03431691  0.08048749 -0.04773593]
[-0.03326859  0.07868573 -0.04729249]
[-0.03162817  0.07691798 -0.0439245 ]
[-0.02909067  0.07471164 -0.0369322 ]
[-0.01487548  0.06585621  0.00209715]
[-0.01487548  0.06585621  0.00209715]
[-0.01659782  0.06557615  0.01761325]
[-0.02609157  0.06819601  0.05194422]
[-0.03156156  0.06923249  0.0802151 ]
[-0.03055777  0.06882394  0.09468208]
[-0.03073472  0.06827222  0.11074415]
[-0.0332649   0.07228583  0.14291641]
[-0.034822    0.07645182  0.16203403]
[-0.03841862  0.08088465  0.17923783]
[-0.04104422  0.08495566  0.19201784]
[-0.04251201  0.08816189  0.20398134]
[-0.04294068  0.09414301  0.22507641]
[-0.04363042  0.0973663   0.2357945 ]
[-0.04545522  0.10225021  0.24713083]
[-0.04619999  0.10679472  0.25680068]
[-0.04720155  0.11523665  0.27158502]
[-0.04860766  0.12287675  0.28265515]
[-0.04936099  0.12617134  0.28751537]
[-0.04951658  0.12969406  0.29144511]
[-0.0490042   0.13557737  0.29738054]
[-0.04911011  0.1391148   0.29899567]
[-0.04950045  0.1424368   0.29966739]
[-0.05117796  0.14517164  0.29971731]
[-0.05306064  0.14735244  0.298453  ]
[-0.05605713  0.15111847  0.28789786]
[-0.05605713  0.15111847  0.28789786]
[-0.05543468  0.15229569  0.28211728]
[-0.05388094  0.15294424  0.27546936]
[-0.05049264  0.15404479  0.26816189]
[-0.04123727  0.15756397  0.25069001]
[-0.0355027   0.15881214  0.24129786]
[-0.03168836  0.15766712  0.2314498 ]
[-0.02908829  0.15653968  0.21801819]
[-0.02306729  0.15158805  0.1951413 ]
[-0.02173188  0.14999059  0.18259828]
[-0.02145294  0.14916597  0.17148073]
[-0.02024191  0.14913659  0.16211703]
[-0.01736894  0.14832373  0.15409856]
[-0.01455968  0.14750145  0.14608777]
[-0.0114805   0.14607807  0.13841359]
[-0.01059508  0.14292783  0.1241836 ]
[-0.00995516  0.14089388  0.11659232]
[-0.00956889  0.13856174  0.10876136]
[-0.00888225  0.1344693   0.09185649]
[-0.00868381  0.13299812  0.08436249]
[-0.00825993  0.13137855  0.07712673]
[-0.00746525  0.12962291  0.07001032]
[-0.00690388  0.12798779  0.0639005 ]
[-0.00842237  0.12005916  0.04487714]
[-0.00842237  0.12005916  0.04487714]
[-0.00849352  0.11695923  0.04236592]
[-0.01182581  0.11256512  0.04404528]
[-0.01611238  0.11021627  0.0456334 ]
[-0.02095995  0.10785193  0.05108451]
[-0.0203676   0.10800853  0.05199055]
[-0.02035729  0.10810892  0.05256052]
[-0.02073305  0.10793316  0.05282084]
[-0.01844273  0.10540134  0.05677503]
[-0.01721016  0.104965    0.06029925]
[-0.01348926  0.10513327  0.07433836]
[-0.01348926  0.10513327  0.07433836]
[-0.01385158  0.10558466  0.08020423]
[-0.0157413   0.1061172   0.08748723]
[-0.01704348  0.10602865  0.0972773 ]
[-0.01866407  0.10591642  0.10976453]
[-0.01932638  0.10569149  0.13843237]
[-0.02437527  0.10832119  0.17006622]
[-0.02437527  0.10832119  0.17006622]
[-0.02878809  0.11209033  0.18720569]
[-0.03930901  0.12358022  0.22844465]
[-0.03930901  0.12358022  0.22844465]
[-0.04070844  0.12686068  0.2396356 ]
[-0.04104486  0.12989165  0.24972728]
[-0.04154279  0.1412276   0.27505264]
[-0.04424834  0.14672732  0.28290236]
[-0.04992237  0.15890391  0.29671156]
[-0.04992237  0.15890391  0.29671156]
[-0.05232472  0.16371371  0.30185077]
[-0.0578266   0.17500259  0.30917126]
[-0.0578266   0.17500259  0.30917126]
[-0.0599903   0.17780654  0.30852818]
[-0.06138907  0.17928815  0.30650723]
[-0.06741316  0.18229648  0.29580712]
[-0.07110278  0.18323998  0.28787711]
[-0.07298304  0.18394448  0.27885273]
[-0.07022473  0.18255083  0.26841033]
[-0.05259407  0.17043068  0.24456091]
[-0.04291076  0.15074623  0.20368294]
[-0.04291076  0.15074623  0.20368294]
[-0.04201663  0.14685374  0.18818715]
[-0.03889198  0.14568202  0.17007877]
[-0.03225567  0.13634023  0.1289686 ]
[-0.03128484  0.13086069  0.11591788]
[-0.02719139  0.1206873   0.08799601]
[-0.02543212  0.11581469  0.07504645]
[-0.0260381   0.10632127  0.05327668]
[-0.0280412   0.10199679  0.04209534]
[-0.03006964  0.09821923  0.02987519]
[-0.03782195  0.08910251 -0.00343742]
[-0.03782195  0.08910251 -0.00343742]
[-0.04173819  0.08658949 -0.01253528]
[-0.04297657  0.08361704 -0.01926161]
[-0.04461602  0.08051813 -0.02711834]
[-0.04557602  0.07346722 -0.0419564 ]
[-0.05161643  0.06282024 -0.06109544]
[-0.05161643  0.06282024 -0.06109544]
[-0.05386991  0.05777144 -0.06572934]
[-0.05681811  0.04715799 -0.07278599]
[-0.0583319   0.04190806 -0.07552261]
[-0.05975771  0.03687353 -0.07831927]
[-0.06194788  0.0323808  -0.08095039]
[-0.06504283  0.02767759 -0.08327837]
[-0.07025869  0.01701631 -0.08919698]
[-0.07147279  0.01105397 -0.09229399]
[-0.07166089  0.00500604 -0.09554782]
[-0.07041869 -0.01284013 -0.10263477]
[-0.07041869 -0.01284013 -0.10263477]
[-0.0708167  -0.02547321 -0.10376357]
[-0.07168516 -0.03268142 -0.10380275]
[-0.07195955 -0.04133565 -0.10350636]
[-0.07107748 -0.05730931 -0.10281504]
[-0.068639   -0.07147212 -0.10204759]
[-0.0667333  -0.07755563 -0.10200877]
[-0.06560405 -0.0828987  -0.10157247]
[-0.06414297 -0.08762752 -0.10148671]
[-0.06051934 -0.09506132 -0.1012857 ]
[-0.05906461 -0.09816828 -0.10046092]
[-0.05813176 -0.10157886 -0.09780973]
[-0.05041952 -0.10696914 -0.08405939]
[-0.04367059 -0.10999085 -0.07181801]
[-0.03399847 -0.11282945 -0.05803162]
[-0.0267577  -0.11476136 -0.04433973]
[-0.02059683 -0.11534404 -0.02954218]
[-0.01675425 -0.11428715  0.00147639]
[-0.01354563 -0.11052686  0.04884262]
[-0.01354563 -0.11052686  0.04884262]
[-0.01074631 -0.10798988  0.0651774 ]
[-0.01357452 -0.09338342  0.11339892]
[-0.01357452 -0.09338342  0.11339892]
[-0.01374711 -0.08720236  0.12870303]
[-0.01225118 -0.08063816  0.14591756]
[-0.01003546 -0.06884401  0.1741575 ]
[-0.01024673 -0.06480999  0.1852977 ]
[-0.01119494 -0.06065574  0.19471504]
[-0.01477466 -0.05375456  0.21052656]
[-0.01477466 -0.05375456  0.21052656]
[-0.01793584 -0.0481375   0.22649056]
[-0.01835471 -0.04628582  0.23439597]
[-0.01811438 -0.04472544  0.24077861]
[-0.01753108 -0.0433938   0.2458957 ]
[-0.01574873 -0.04067269  0.25382829]
[-0.01574873 -0.04067269  0.25382829]
[-0.01325887 -0.03814784  0.2596851 ]
[-0.01126326 -0.03687971  0.26163918]
[-0.00912837 -0.03593862  0.26244342]
[-0.00593019 -0.03553907  0.26049885]
[-0.00518761 -0.03721634  0.25777009]
[ 0.00123171 -0.04212386  0.24622098]
[ 0.00481317 -0.04509659  0.2377781 ]
[ 0.00840362 -0.05427104  0.21667258]
[ 0.01254018 -0.06424112  0.19009005]
[ 0.0115805  -0.06568892  0.17570697]
[ 0.0111091  -0.06743694  0.16242151]
[ 0.00826464 -0.06867026  0.13709435]
[ 0.00588561 -0.0700984   0.1090377 ]
[ 0.0020903  -0.06957546  0.07995947]
[ 0.0020903  -0.06957546  0.07995947]
[-0.00014878 -0.06852316  0.04841513]
[-0.00262477 -0.06776477  0.03540643]
[-0.00582489 -0.06674232  0.02468204]
[-0.0126681  -0.06525534  0.00796837]
[-0.02355161 -0.0648113  -0.00975773]
[-0.03298725 -0.06630851 -0.02498445]
[-0.03605892 -0.06681216 -0.03282795]
[-0.04341222 -0.07007803 -0.04724567]
[-0.04939665 -0.07380838 -0.05889304]
[-0.05179162 -0.07547718 -0.06396156]
[-0.05531908 -0.07971189 -0.0726574 ]
[-0.05531908 -0.07971189 -0.0726574 ]
[-0.05786681 -0.08586203 -0.08058871]
[-0.05849566 -0.08816169 -0.08181781]
[-0.0584241  -0.09095282 -0.08238713]
[-0.05643832 -0.0975705  -0.08332424]
[-0.05344111 -0.10421049 -0.08552132]
[-0.05110514 -0.10707476 -0.08709899]
[-0.04926647 -0.10984856 -0.08896966]
[-0.04309937 -0.11654092 -0.09599645]
[-0.04031328 -0.11894483 -0.1002581 ]
[-0.03677235 -0.12158867 -0.10591897]
[-0.02791724 -0.12638865 -0.12124804]
[-0.02205236 -0.12782127 -0.13012068]
[-0.01673951 -0.12935388 -0.13797049]
[-0.00997346 -0.1308244  -0.14532021]
[-0.00412866 -0.13222444 -0.1510351 ]
[ 0.00768392 -0.13518767 -0.1617627 ]
[ 0.01830376 -0.13814631 -0.17169662]
[ 0.02255746 -0.140028   -0.17616738]
[ 0.02594223 -0.14196353 -0.18027757]
[ 0.03191348 -0.14535856 -0.18895513]
[ 0.03486214 -0.14639708 -0.19351326]
[ 0.03995503 -0.14876282 -0.20024914]
[ 0.04770496 -0.15205194 -0.20404574]
[ 0.05236774 -0.15395559 -0.20526937]
[ 0.05658876 -0.1553704  -0.2066877 ]
[ 0.06707003 -0.15804245 -0.20953293]
[ 0.07266164 -0.15949103 -0.20994993]
[ 0.08257706 -0.16385983 -0.21082468]
[ 0.08648876 -0.16577554 -0.21211386]
[ 0.0901651  -0.16740984 -0.21376492]
[ 0.09795334 -0.17184977 -0.21538489]
[ 0.09795334 -0.17184977 -0.21538489]
[ 0.0996192  -0.17338921 -0.21496223]
[ 0.1013395  -0.17418732 -0.21524879]
[ 0.10300542 -0.17454121 -0.21603797]
[ 0.10807112 -0.17457584 -0.2189374 ]
[ 0.11139212 -0.17485437 -0.2196566 ]
[ 0.11417699 -0.17548335 -0.22092839]
[ 0.11523364 -0.1763752  -0.22233066]
[ 0.1152306  -0.17727378 -0.22437003]
[ 0.11442596 -0.17904888 -0.22848877]
[ 0.11835376 -0.1800791  -0.2304609 ]
[ 0.1216946  -0.18066129 -0.23043537]
[ 0.12496275 -0.1812634  -0.22976275]
[ 0.13137666 -0.18310958 -0.22604492]
[ 0.13652108 -0.1836392  -0.22366022]
[ 0.13886086 -0.18354751 -0.22330922]
[ 0.14084632 -0.18300621 -0.2237107 ]
[ 0.1439429  -0.18226752 -0.22252622]
[ 0.14487067 -0.18218295 -0.22145365]
[ 0.14540333 -0.18184018 -0.22030756]
[ 0.14555202 -0.1813163  -0.21900524]
[ 0.14430944 -0.18073754 -0.21765706]
[ 0.14073855 -0.17947342 -0.21491386]
[ 0.13394043 -0.17831354 -0.21123742]
[ 0.13394043 -0.17831354 -0.21123742]
[ 0.13316119 -0.17589414 -0.20607759]
[ 0.13516564 -0.17418472 -0.2031842 ]
[ 0.13968334 -0.17314591 -0.1996748 ]
[ 0.14436591 -0.1724644  -0.19564232]
[ 0.14927006 -0.16917983 -0.18550955]
[ 0.14780141 -0.16690125 -0.17915694]
[ 0.14502177 -0.16444518 -0.17251781]
[ 0.14167286 -0.16172369 -0.1654627 ]
[ 0.13819802 -0.15987818 -0.15680936]
[ 0.1359295  -0.15824938 -0.14724891]
[ 0.13034243 -0.15533619 -0.12584378]
[ 0.12803269 -0.15256178 -0.10478569]
[ 0.12867252 -0.14711282 -0.07772887]
[ 0.12661377 -0.13886039 -0.05574236]
[ 0.12521929 -0.13556573 -0.05091371]
[ 0.1225724  -0.13304278 -0.04685966]
[ 0.11268375 -0.12437347 -0.03769121]
[ 0.10624263 -0.11961497 -0.03473243]
[ 0.10231537 -0.11623881 -0.03205285]
[ 0.09416853 -0.1157207  -0.02660956]
[ 0.08914795 -0.11487466 -0.02442779]
[ 0.0861674  -0.11290932 -0.02365031]
[ 0.08169325 -0.10933428 -0.02319218]
[ 0.07974092 -0.10802214 -0.02302797]
[ 0.07840057 -0.10719105 -0.02296681]
[ 0.07613624 -0.1065446  -0.02233801]
[ 0.07269504 -0.10587062 -0.02120841]
[ 0.06409494 -0.10375539 -0.01943713]
[ 0.06262507 -0.10339653 -0.01923373]
[ 0.06117958 -0.10373367 -0.01898915]
[ 0.05895    -0.10373154 -0.01915506]
[ 0.05302716 -0.10425748 -0.019544  ]
[ 0.05034793 -0.10464715 -0.01991138]
[ 0.04785407 -0.10635589 -0.02206774]
[ 0.05195068 -0.10737928 -0.02527253]
[ 0.06089654 -0.10864394 -0.03153709]
[ 0.05846602 -0.11311531 -0.03383557]
[ 0.05635858 -0.11498658 -0.03509287]
[ 0.05445538 -0.1167599  -0.03788847]
[ 0.0516879  -0.11793956 -0.04797076]
[ 0.04993871 -0.11881595 -0.05338956]
[ 0.04884107 -0.12028826 -0.05797686]
[ 0.04815178 -0.12227501 -0.06168124]
[ 0.04582057 -0.12766482 -0.06695642]
[ 0.04244538 -0.130031   -0.06801286]
[ 0.0385898  -0.1322677  -0.06937871]
[ 0.03523651 -0.1339293  -0.07079239]
[ 0.0328468  -0.13575499 -0.07306889]
[ 0.02841323 -0.13833632 -0.0775511 ]
[ 0.02615828 -0.13895582 -0.0792703 ]
[ 0.02378567 -0.13920189 -0.08029918]
[ 0.02093636 -0.14030422 -0.08274477]
[ 0.02030556 -0.14108381 -0.0840233 ]
[ 0.0201932  -0.1424256  -0.08546624]
[ 0.02010579 -0.14479381 -0.08795132]
[ 0.01887794 -0.14597148 -0.08862854]
[ 0.01778891 -0.14647809 -0.08898021]
[ 0.01513279 -0.14643769 -0.08848148]
[ 0.01463141 -0.14573231 -0.08824538]
[ 0.0140866  -0.14488937 -0.08834469]
[ 0.01304603 -0.14376509 -0.08761383]
[ 0.01216572 -0.14329213 -0.08639966]
[ 0.01068259 -0.14343071 -0.08538447]
[ 0.01124637 -0.14417061 -0.08626053]
[ 0.01273089 -0.14464711 -0.08724453]
[ 0.01417798 -0.14510973 -0.08807427]
[ 0.01429737 -0.14538266 -0.08818968]
[ 0.01276307 -0.14547487 -0.08681099]
[ 0.00308407 -0.14559206 -0.08327557]
[-0.00221359 -0.14530596 -0.08153823]
[-0.00657167 -0.14477044 -0.07926023]
[-0.00816009 -0.14416122 -0.07683144]
[-0.0058557  -0.14578535 -0.07077496]
[-0.00652718 -0.14696227 -0.07030367]
[-0.008411   -0.14809975 -0.07051877]
[-0.00691178 -0.14871489 -0.06935973]
[-0.00617818 -0.14888439 -0.0682581 ]
[-0.00857229 -0.15007474 -0.06744435]
[-0.01267801 -0.15142734 -0.06979226]
[-0.01350994 -0.15205608 -0.07034642]
[-0.01296001 -0.15265967 -0.07026089]
[-0.01184119 -0.15321161 -0.06786596]
[-0.01279619 -0.15360488 -0.06738631]
[-0.01546713 -0.15463549 -0.06840118]
[-0.01425926 -0.15483426 -0.06839823]
[-0.01196657 -0.1548665  -0.06809995]
[-0.008711   -0.15416892 -0.0677231 ]
[-0.00801734 -0.15468377 -0.06905843]
[-0.00908684 -0.15479511 -0.06994311]
[-0.00908684 -0.15479511 -0.06994311]
[-0.0058     -0.15420477 -0.06825121]
[-0.00328078 -0.15423909 -0.06761666]
[-0.00195197 -0.1546243  -0.06738539]
[-0.00302784 -0.15532525 -0.0685703 ]
[-0.00440706 -0.15514736 -0.06915865]
[-0.00472077 -0.15289648 -0.07006837]
[-0.00472077 -0.15289648 -0.07006837]
[-0.00304841 -0.15315033 -0.07087597]
[-0.00206401 -0.15375975 -0.07150511]
[-0.00027543 -0.15347824 -0.07240463]
[ 0.00527448 -0.15224445 -0.07238187]
[ 0.00777223 -0.15098672 -0.07239866]
[ 0.01015399 -0.14955725 -0.07337558]
[ 0.00958631 -0.14974952 -0.07549082]
[ 0.00903632 -0.14999354 -0.07663132]
[ 0.01009931 -0.15054682 -0.07708963]
[ 0.01249558 -0.15157549 -0.07799967]
[ 0.01081159 -0.1522076  -0.07911511]
[ 0.00903014 -0.15288079 -0.08086307]
[ 0.00698835 -0.15383957 -0.0823596 ]
[ 0.00500814 -0.15489615 -0.08314662]
[ 0.00301451 -0.15624949 -0.08222196]
[ 0.00223214 -0.15601991 -0.08083413]
[-0.0011288  -0.15580946 -0.07910493]
[-0.00395527 -0.15630776 -0.07980172]
[-0.00780181 -0.15675008 -0.08060517]
[-0.01437993 -0.15728472 -0.08040041]
[-0.01661573 -0.1561829  -0.07930159]
[-0.01930813 -0.15412378 -0.07813666]
[-0.02273879 -0.15144381 -0.07707351]
[-0.02556116 -0.1491161  -0.07670659]
[-0.0347079  -0.14684001 -0.07739425]
[-0.04011206 -0.14642169 -0.07791165]
[-0.05294937 -0.14471167 -0.07731248]
[-0.06447262 -0.14342782 -0.07541243]
[-0.06871544 -0.14251238 -0.07427482]
[-0.07330046 -0.14098683 -0.07168595]
[-0.08377279 -0.13625562 -0.0661834 ]
[-0.08377279 -0.13625562 -0.0661834 ]
[-0.08788422 -0.13355765 -0.06408194]
[-0.09236768 -0.12764736 -0.06159356]
[-0.09313312 -0.12658368 -0.06127373]
[-0.09917512 -0.12488555 -0.05945921]
[-0.10219262 -0.12421241 -0.05820531]
[-0.10473295 -0.12229306 -0.05557154]
[-0.10771292 -0.1192052  -0.05287339]
[-0.11116204 -0.11747121 -0.05085024]
[-0.11439708 -0.11633404 -0.04894712]
[-0.11903609 -0.11502831 -0.04649328]
[-0.12083559 -0.11485939 -0.04658028]
[-0.12242053 -0.11481403 -0.04678142]
[-0.12393852 -0.11476479 -0.04711361]
[-0.12919376 -0.11558802 -0.0455845 ]
[-0.12919376 -0.11558802 -0.0455845 ]
[-0.1310579  -0.11567436 -0.04392098]
[-0.13443111 -0.11515196 -0.03991466]
[-0.13658935 -0.11448202 -0.03812964]
[-0.1382327  -0.11377285 -0.03707881]
[-0.13980328 -0.11292899 -0.0363968 ]
[-0.14058971 -0.11210877 -0.03563932]
[-0.14157042 -0.1112029  -0.034606  ]
[-0.14258146 -0.11113421 -0.03369336]
[-0.14562686 -0.11140943 -0.03220962]
[-0.14562686 -0.11140943 -0.03220962]
[-0.14719363 -0.11164982 -0.03220221]
[-0.14834767 -0.11116048 -0.0320487 ]
[-0.14834767 -0.11116048 -0.0320487 ]
[-0.14749316 -0.11037471 -0.03168873]
[-0.14640275 -0.10981019 -0.0316723 ]
[-0.14336566 -0.10923667 -0.03243109]
[-0.14266131 -0.10949901 -0.03287252]
[-0.14360864 -0.1099152  -0.03323475]
[-0.14608856 -0.11118966 -0.03299879]
[-0.1521805  -0.11629571 -0.03391384]
[-0.15897349 -0.11972471 -0.03436382]
[-0.16619655 -0.12227776 -0.03548019]
[-0.17534428 -0.12270685 -0.03690911]
[-0.17694795 -0.12146153 -0.03722718]
[-0.17672779 -0.11946174 -0.03738858]
[-0.17571006 -0.11761284 -0.03750918]
[-0.17300311 -0.11578921 -0.03806824]
[-0.16535786 -0.1125629  -0.04029638]
[-0.16189072 -0.11072317 -0.04085487]
[-0.15940173 -0.1079057  -0.04083544]
[-0.15789813 -0.10499486 -0.04026949]
[-0.15711452 -0.09851293 -0.03749941]
[-0.15641366 -0.09539376 -0.03539991]
[-0.15370685 -0.08638651 -0.02977937]
[-0.15370685 -0.08638651 -0.02977937]
[-0.15143127 -0.0828293  -0.02827428]
[-0.13917882 -0.067124   -0.01903977]
[-0.13917882 -0.067124   -0.01903977]
[-0.13577766 -0.06098118 -0.01590071]
[-0.13298753 -0.05504223 -0.01340353]
[-0.13029426 -0.0438143  -0.00952509]
[-0.12934094 -0.03869325 -0.00794808]
[-0.12900717 -0.03344493 -0.00561577]
[-0.12747434 -0.02387984  0.00095372]
[-0.12747434 -0.02387984  0.00095372]
[-0.12648819 -0.0192347   0.0048766 ]
[-0.12354151 -0.0046872   0.01802692]
[-0.12443886  0.00037939  0.02192958]
[-0.12582924  0.01639092  0.03436799]
[-0.12582924  0.01639092  0.03436799]
[-0.12499734  0.03038918  0.04178846]
[-0.12536444  0.04086676  0.05044952]
[-0.12424802  0.045621    0.05625212]
[-0.11519877  0.0597132   0.07336616]
[-0.11391805  0.0630545   0.07666019]
[-0.11435281  0.07480159  0.08185463]
[-0.11435281  0.07480159  0.08185463]
[-0.11549071  0.08311249  0.08389047]
[-0.1157026  0.0863801  0.0841906]
[-0.11668468  0.09168628  0.08279683]
[-0.10422927  0.09643069  0.0811616 ]
[-0.09647763  0.09858173  0.08242074]
[-0.09777145  0.09959511  0.08211464]
[-0.10278211  0.10284266  0.08006012]
[-0.10910836  0.10515065  0.07857199]
[-0.11352205  0.10656036  0.07839057]
[-0.11928267  0.10802811  0.07750403]
[-0.12515066  0.10948636  0.07627412]
[-0.13060105  0.11094605  0.07498752]
[-0.14478526  0.1135059   0.06993017]
[-0.14478526  0.1135059   0.06993017]
[-0.14920297  0.11382492  0.0687286 ]
[-0.16661626  0.11452709  0.06628038]
[-0.16661626  0.11452709  0.06628038]
[-0.17197968  0.11473794  0.06542162]
[-0.17789483  0.11447807  0.06463318]
[-0.18385906  0.11500763  0.06334364]
[-0.19000783  0.11537879  0.06195708]
[-0.20923596  0.11640755  0.05910587]
[-0.20923596  0.11640755  0.05910587]
[-0.2144777   0.11595275  0.05889686]
[-0.22413529  0.11484095  0.05691589]
[-0.22814334  0.11438884  0.05589266]
[-0.23078122  0.11412027  0.05491957]
[-0.23286987  0.1142414   0.05438085]
[-0.23445472  0.11444785  0.05393978]
[-0.23392923  0.11640457  0.05410808]
[-0.23462889  0.11795517  0.05466726]
[-0.23621934  0.11840168  0.05421883]
[-0.237634    0.11857573  0.05353858]
[-0.23983369  0.11899872  0.05264583]
[-0.24117858  0.11930076  0.05271234]
[-0.24218623  0.1193719   0.05362806]
[-0.24229723  0.1197433   0.05472399]
[-0.24229492  0.12091428  0.05634208]
[-0.24184855  0.12188062  0.05718469]
[-0.24286807  0.12510961  0.06100506]
[-0.24286807  0.12510961  0.06100506]
[-0.24378534  0.12615202  0.06227706]
[-0.25033429  0.1296287   0.06511136]
[-0.25033429  0.1296287   0.06511136]
[-0.25515869  0.13291152  0.07040289]
[-0.25515869  0.13291152  0.07040289]
[-0.25382484  0.13377933  0.07132211]
[-0.25184342  0.13503048  0.0725617 ]
[-0.24824864  0.13715447  0.0733482 ]
[-0.23871967  0.14142889  0.07500806]
[-0.22834287  0.14653118  0.07999174]
[-0.2254052   0.14852551  0.08129799]
[-0.21519393  0.15234658  0.08361471]
[-0.21519393  0.15234658  0.08361471]
[-0.2127177   0.1538139   0.08605742]
[-0.20965555  0.15547314  0.08817018]
[-0.20675189  0.15614033  0.08826013]
[-0.20064351  0.15860687  0.08863273]
[-0.19913179  0.15969175  0.08930373]
[-0.194169    0.16298696  0.09253963]
[-0.194169    0.16298696  0.09253963]
[-0.19142144  0.16385262  0.0955481 ]
[-0.18974089  0.16478099  0.09744128]
[-0.18898425  0.16555203  0.09772799]
[-0.18774411  0.16633584  0.09787472]
[-0.18257914  0.16711764  0.09889965]
[-0.18019259  0.16757061  0.09988036]
[-0.17673024  0.16932949  0.10240676]
[-0.17673024  0.16932949  0.10240676]
[-0.17341286  0.16990879  0.10329326]
[-0.17122223  0.17004761  0.10433453]
[-0.16875866  0.1700972   0.10572174]
[-0.16693862  0.17023106  0.10638155]
[-0.16506191  0.1708281   0.1067537 ]
[-0.15975601  0.17180488  0.10768466]
[-0.1556406   0.17195374  0.10869801]
[-0.15191733  0.17177553  0.10940868]
[-0.14952337  0.17186555  0.11027275]
[-0.14686928  0.17198597  0.11112687]
[-0.14464035  0.17228973  0.11187197]
[-0.13800709  0.17405188  0.11198465]
[-0.13800709  0.17405188  0.11198465]
[-0.13591455  0.17449336  0.11231603]
[-0.13419563  0.17466067  0.11248422]
[-0.13063688  0.17560871  0.1122608 ]
[-0.12940703  0.17604101  0.11246824]
[-0.12298451  0.17533195  0.11359966]
[-0.11997322  0.17444748  0.11309192]
[-0.11565987  0.17310522  0.11163066]
[-0.11436648  0.17300226  0.11122223]
[-0.1130334   0.1734706   0.11200988]
[-0.11164857  0.17343852  0.12328847]
[-0.11255675  0.17214717  0.12758282]
[-0.11302886  0.17057329  0.13024677]
[-0.1122737   0.16936453  0.13108154]
[-0.11217293  0.16943862  0.12954412]
[-0.11246823  0.17023899  0.12673873]
[-0.11175778  0.17005311  0.12605226]
[-0.11094213  0.17024396  0.12584724]
[-0.10735565  0.17205438  0.12980074]
[-0.10735565  0.17205438  0.12980074]
[-0.10568974  0.17356023  0.1328471 ]
[-0.10467577  0.17546757  0.13613731]
[-0.10456142  0.17746921  0.13964875]
[-0.10498155  0.17949907  0.14307472]
[-0.10335225  0.18794756  0.1607331 ]
[-0.10335225  0.18794756  0.1607331 ]
[-0.10259696  0.19038586  0.16664806]
[-0.10286881  0.19223619  0.17122345]
[-0.10344428  0.1952839   0.18344004]
[-0.10239779  0.19759072  0.1896368 ]
[-0.10105724  0.20011969  0.19656822]
[-0.10217085  0.2049785   0.21101278]
[-0.103874    0.20723143  0.21828948]
[-0.10763359  0.21252652  0.23080362]
[-0.11183481  0.21553379  0.22579239]
[-0.11314831  0.21669275  0.22133364]
[-0.11443448  0.21779247  0.21409746]
[-0.11384861  0.21632116  0.2068561 ]
[-0.11156625  0.21474908  0.20295717]
[-0.10122667  0.21058144  0.18628481]
[-0.09868387  0.20933279  0.17957924]
[-0.09460113  0.20572349  0.1658839 ]
[-0.0937234   0.20306663  0.16021863]
[-0.09259423  0.19720523  0.14602959]
[-0.09163218  0.19376127  0.13848446]
[-0.09038174  0.19087201  0.13189393]
[-0.08933976  0.18742265  0.12613013]
[-0.08804455  0.18366332  0.12185558]
[-0.08413519  0.17630938  0.11108986]
[-0.08146134  0.17302063  0.10463712]
[-0.07144631  0.16393819  0.08547171]
[-0.07144631  0.16393819  0.08547171]
[-0.06535296  0.15767004  0.07144524]
[-0.06086105  0.15087892  0.05463275]
[-0.06086105  0.15087892  0.05463275]
[-0.06102228  0.14742993  0.04563083]
[-0.06109306  0.14347865  0.03711674]
[-0.05975556  0.13936548  0.02989708]
[-0.05752179  0.13293754  0.01538758]
[-0.05503135  0.12927452  0.00229222]
[-0.05365512  0.12780003 -0.00367699]
[-0.05131892  0.12468162 -0.01464029]
[-0.05043996  0.12234136 -0.01899063]
[-0.04953253  0.12019576 -0.02233473]
[-0.04860073  0.11805224 -0.02468617]
[-0.04780961  0.11623605 -0.02466473]
[-0.04810897  0.11337324 -0.0200509 ]
[-0.04918616  0.11280131 -0.01705672]
[-0.05451817  0.1123293  -0.01328799]
[-0.05641825  0.11267017 -0.01199111]
[-0.05726577  0.11224393 -0.01056056]
[-0.05628409  0.11106659 -0.00583069]
[-0.05692378  0.11094052 -0.00263863]
[-0.05775778  0.1111301   0.00280732]
[-0.05985759  0.11034905  0.02524186]
[-0.05985759  0.11034905  0.02524186]
[-0.05928914  0.11007264  0.03532432]
[-0.05829567  0.10972666  0.04473229]
[-0.05663476  0.10938428  0.05417705]
[-0.05495954  0.11020191  0.06300731]
[-0.05501538  0.11131968  0.07114418]
[-0.06007277  0.11717714  0.10006859]
[-0.06007277  0.11717714  0.10006859]
[-0.06217372  0.11935296  0.10893334]
[-0.06820575  0.12629686  0.12407599]
[-0.06820575  0.12629686  0.12407599]
[-0.06935588  0.12860103  0.12685342]
[-0.06912403  0.13042419  0.12897176]
[-0.06756932  0.13238908  0.13156445]
[-0.06643713  0.13274685  0.13130839]
[-0.06694593  0.13444084  0.12822008]
[-0.06840723  0.13654043  0.12424897]
[-0.06736104  0.13809918  0.11875222]
[-0.06639099  0.1390229   0.11531268]
[-0.06437931  0.14142072  0.10703189]
[-0.06179127  0.1435464   0.09642622]
[-0.06139134  0.144007    0.09005217]
[-0.06114429  0.144519    0.08317424]
[-0.06035014  0.14659949  0.06742048]
[-0.05909982  0.1478184   0.05910452]
[-0.05719373  0.14819463  0.05084746]
[-0.05493635  0.14823498  0.03474093]
[-0.05570616  0.14788252  0.02126086]
[-0.05508717  0.14734149  0.0157823 ]
[-0.05452036  0.14767027  0.01242518]
[-0.05461802  0.14628042  0.0102828 ]
[-0.05494172  0.14506361  0.00974836]
[-0.05408917  0.14237136  0.0137304 ]
[-0.05126256  0.14270619  0.01771137]
[-0.03995683  0.14532705  0.03117077]
[-0.03995683  0.14532705  0.03117077]
[-0.0317398   0.14608884  0.04035128]
[-0.0272073   0.14588547  0.04917728]
[-0.0272073   0.14588547  0.04917728]
[-0.02618659  0.14620434  0.0577673 ]
[-0.02421283  0.14651398  0.06486964]
[-0.0222834   0.14663367  0.06780279]
[-0.01947347  0.14678441  0.07029742]
[-0.01669526  0.14749315  0.07233401]
[-0.01437599  0.14804934  0.07389188]
[-0.01144927  0.14939716  0.07803823]
[-0.01056051  0.14981188  0.08045755]
[-0.01066307  0.15025589  0.08254441]
[-0.01097448  0.15081222  0.08426614]
[-0.01062109  0.15200745  0.0871485 ]
[-0.00618244  0.15236241  0.09063746]
[-0.00330145  0.15202878  0.09283095]
[-0.00100134  0.15139492  0.09531308]
[0.00386371 0.15105975 0.09989641]
[0.00670514 0.15046409 0.10178138]
[0.00899085 0.14989419 0.10276811]
[0.00985475 0.14888218 0.10363279]
[0.01020773 0.14796959 0.10393092]
[0.01013329 0.14771752 0.10360467]
[0.01426006 0.14740452 0.10188449]
[0.01569456 0.14698085 0.10207   ]
[0.01722773 0.14667727 0.10312276]
[0.02190783 0.14680935 0.10682671]
[0.02898713 0.14776433 0.1088145 ]
[0.03217254 0.14794029 0.10936825]
[0.03489116 0.14828376 0.10970478]
[0.03909015 0.1483448  0.11247791]
[0.03909015 0.1483448  0.11247791]
[0.03978404 0.14818263 0.11344779]
[0.04092856 0.14769657 0.11436088]
[0.04352502 0.1464244  0.11657541]
[0.04493079 0.14612766 0.11778565]
[0.04791286 0.14652738 0.12003437]
[0.04999912 0.14709973 0.1210412 ]
[0.05286249 0.14735864 0.12225111]
[0.05934878 0.14745532 0.12587747]
[0.06216394 0.147383   0.12782608]
[0.0644914  0.14745162 0.12954061]
[0.06665171 0.14735655 0.13071638]
[0.0722248  0.14754841 0.13299747]
[0.07507124 0.14757219 0.13423872]
[0.07699779 0.14804728 0.13603456]
[0.07843799 0.14906271 0.13903472]
[0.08120144 0.15175715 0.14537641]
[0.08412864 0.15262932 0.15030348]
[0.08606148 0.15194547 0.15250683]
[0.08953475 0.15106286 0.1585962 ]
[0.08966284 0.15221603 0.16263384]
[0.08760106 0.15388763 0.16759847]
[0.08452148 0.1559045  0.17271683]
[0.08165591 0.15762904 0.17736737]
[0.08044413 0.15978532 0.18321185]
[0.08120055 0.16044658 0.18442976]
[0.08186927 0.16097267 0.18437652]
[0.0827047  0.1620294  0.18358786]
[0.0827047  0.1620294  0.18358786]
[0.08673463 0.16146655 0.1825431 ]
[0.09048048 0.16051012 0.18189994]
[0.09427854 0.15861435 0.18153703]
[0.09729437 0.15719138 0.18159337]
[0.09940458 0.15634686 0.18170612]
[0.09865159 0.15808524 0.18207487]
[0.09577832 0.16155483 0.18342859]
[0.09386908 0.16295882 0.18494162]
[0.09180077 0.16395569 0.18666232]
[0.08790967 0.16568099 0.18913506]
[0.08746017 0.16611488 0.1898555 ]
[0.08798345 0.16627105 0.19088268]
[0.08903644 0.16617659 0.19198631]
[0.08996067 0.16591889 0.19297945]
[0.09125667 0.16564916 0.19424738]
[0.09337891 0.16571811 0.19295169]
[0.09424732 0.16578335 0.19137064]
[0.09516521 0.16567551 0.18871684]
[0.09603431 0.16431589 0.18238163]
[0.09799551 0.16280088 0.17867178]
[0.10091189 0.1604573  0.17515108]
[0.10492173 0.15693365 0.17251772]
[0.11154926 0.14750166 0.16848779]
[0.11612136 0.13865958 0.15741758]
[0.11517776 0.11929759 0.13139364]
[0.11461467 0.10241416 0.11114968]
[0.1158084  0.09364615 0.10157248]
[0.11784757 0.08562265 0.09192941]
[0.13014186 0.05672477 0.04806568]
[0.13346682 0.05108296 0.03864557]
[0.14051965 0.03494395 0.0104615 ]
[0.14051965 0.03494395 0.0104615 ]
[0.14138753 0.02812919 0.00211948]
[ 0.14443058  0.01266387 -0.01621819]
[ 1.46817571e-01  3.82858270e-05 -4.27698493e-02]
[ 0.14758918 -0.00528142 -0.05630692]
[ 0.14782465 -0.01043847 -0.06833378]
[ 0.15017367 -0.02356697 -0.09069277]
[ 0.14863748 -0.02960341 -0.10149985]
[ 0.14453999 -0.03613168 -0.1186808 ]
[ 0.14361206 -0.03826562 -0.1237187 ]
[ 0.14350936 -0.03950206 -0.12738098]
[ 0.14392338 -0.04104291 -0.12949146]
[ 0.1438289  -0.04235971 -0.13023429]
[ 0.14296619 -0.04526271 -0.12780203]
[ 0.14216942 -0.0466412  -0.12375631]
[ 0.1397785  -0.04749127 -0.11702009]
[ 0.13615183 -0.04857908 -0.10623388]
[ 0.12702591 -0.05165557 -0.08180942]
[ 0.12661428 -0.0523559  -0.06733873]
[ 0.12768406 -0.05399364 -0.04630097]
[ 0.12660772 -0.05396719 -0.02279684]
[ 0.12376708 -0.05379339 -0.0003831 ]
[ 0.11967174 -0.05489481  0.04739259]
[ 0.1205951  -0.05537803  0.07257954]
[ 0.12139917 -0.05498376  0.09546375]
[ 0.12086428 -0.0547201   0.11691879]
[ 0.11704228 -0.05065797  0.15658745]
[ 0.1129993  -0.04796658  0.17636   ]
[ 0.10920537 -0.04576381  0.19295727]
[ 0.10721711 -0.04492817  0.20670216]
[ 0.10494316 -0.0436619   0.21938361]
[ 0.1033592  -0.0405632   0.23949559]
[ 0.10226063 -0.03784187  0.24776807]
[ 0.09992456 -0.03357384  0.25975639]
[ 0.09775837 -0.03154834  0.26367581]
[ 0.09473014 -0.02929468  0.26635483]
[ 0.09342899 -0.03046126  0.26036838]
[ 0.09342899 -0.03046126  0.26036838]
[ 0.0910401  -0.03192158  0.25291112]
[ 0.08865119 -0.03672732  0.22754163]
[ 0.08712324 -0.03878718  0.21302807]
[ 0.08657367 -0.0397047   0.19883384]
[ 0.08651414 -0.04047361  0.18172897]
[ 0.0829784  -0.04026305  0.16439453]
[ 0.08302066 -0.04566107  0.13084862]
[ 0.08154706 -0.05013742  0.11161588]
[ 0.07683123 -0.05810968  0.07684578]
[ 0.07135893 -0.06229903  0.05988075]
[ 0.06188192 -0.07407294  0.02394964]
[ 0.06012284 -0.08019476  0.00847911]
[ 0.06053913 -0.08504463 -0.00776835]
[ 0.0599162  -0.09014872 -0.02543585]
[ 0.05746258 -0.09628884 -0.04421899]
[ 0.0452063  -0.10774571 -0.08086678]
[ 0.04051602 -0.11204689 -0.09669112]
[ 0.02887883 -0.11860958 -0.12245385]
[ 0.02887883 -0.11860958 -0.12245385]
[ 0.01716503 -0.12458219 -0.14518228]
[ 0.013351   -0.12780198 -0.15368001]
[ 0.00924014 -0.13186789 -0.16070992]
[ 0.00526319 -0.13645142 -0.16739254]
[-0.00470568 -0.15008616 -0.18443437]
[-0.00707459 -0.15410051 -0.18893777]
[-0.0157462  -0.16311456 -0.19854309]
[-0.0157462  -0.16311456 -0.19854309]
[-0.01922494 -0.16493699 -0.20016858]
[-0.02254202 -0.16968217 -0.19645809]
[-0.0195427  -0.17627649 -0.17781234]
[-0.01255816 -0.18100318 -0.1472998 ]
[-0.0058985  -0.18165618 -0.12734456]
[-0.00024874 -0.18241437 -0.10892043]
[ 0.013039   -0.18166082 -0.07444476]
[ 0.01862524 -0.18030523 -0.05713532]
[ 0.02294881 -0.17829758 -0.04083146]
[ 0.02662969 -0.17691688 -0.02653396]
[ 0.02738169 -0.17468449 -0.00223874]
[ 0.02763805 -0.17375322  0.00903889]
[ 0.03146309 -0.17170103  0.03176113]
[ 0.03301742 -0.17157556  0.04254871]
[ 0.03365473 -0.17163663  0.05290501]
[ 0.03088129 -0.17286278  0.07340571]
[ 0.02800774 -0.17549296  0.08920752]
[ 0.02689061 -0.17687906  0.09527385]
[ 0.02579508 -0.17952757  0.10462902]
[ 0.02579508 -0.17952757  0.10462902]
[ 0.02523724 -0.18095012  0.1070966 ]
[ 0.02462039 -0.18890068  0.10125301]
[ 0.02462039 -0.18890068  0.10125301]
[ 0.0262853  -0.19166534  0.09275336]
[ 0.02890878 -0.1938094   0.08080465]
[ 0.03439393 -0.20074029  0.05107307]
[ 0.03134083 -0.20545636  0.0319369 ]
[ 0.02458734 -0.2102979   0.01366083]
[ 0.00822285 -0.21541885 -0.02388737]
[ 0.00293445 -0.21825509 -0.04327848]
[-0.00423678 -0.22147712 -0.06206676]
[-0.01565427 -0.22487684 -0.09690494]
[-0.01565427 -0.22487684 -0.09690494]
[-0.02895966 -0.22430976 -0.12617779]
[-0.03537324 -0.22296552 -0.13926208]
[-0.03942543 -0.22236049 -0.15147084]
[-0.04412178 -0.22224176 -0.16226631]
[-0.05168202 -0.21721369 -0.19253615]
[-0.05168202 -0.21721369 -0.19253615]
[-0.05278871 -0.21645397 -0.19644974]
[-0.0541302  -0.21581306 -0.19938895]
[-0.05653029 -0.21413195 -0.20289318]
[-0.05630833 -0.21336572 -0.20258923]
[-0.05546262 -0.21269748 -0.20104784]
[-0.05409559 -0.21214381 -0.19789211]
[-0.05169121 -0.212154   -0.19365001]
[-0.04963032 -0.21358979 -0.18212929]
[-0.04851008 -0.21501914 -0.17563476]
[-0.04711082 -0.21638227 -0.16895381]
[-0.04479797 -0.21698906 -0.16218819]
[-0.04080366 -0.21738514 -0.15534145]
[-0.02127389 -0.21580687 -0.12077694]
[-0.01520083 -0.21575062 -0.10773832]
[-0.01095497 -0.21604587 -0.09545762]
[-0.00058355 -0.21793751 -0.07212378]
[ 0.01439563 -0.22011495 -0.04340236]
[ 0.01910829 -0.21980485 -0.02876957]
[ 0.02475513 -0.21815461 -0.00089038]
[ 0.02855233 -0.21729152  0.0122766 ]
[ 0.03281201 -0.21317057  0.03684125]
[ 0.03469843 -0.20858437  0.06517553]
[ 0.0362697  -0.20773959  0.07933191]
[ 0.0375978  -0.2076261   0.09359247]
[ 0.0423883  -0.20653637  0.11786742]
[ 0.04292356 -0.20491256  0.13001768]
[ 0.04347185 -0.20310475  0.14276439]
[ 0.04504862 -0.20095766  0.15471719]
[ 0.0462238  -0.19582416  0.17385145]
[ 0.0468805  -0.1924863   0.18216939]
[ 0.04547899 -0.18575194  0.19835079]
[ 0.04503799 -0.18290515  0.20427142]
[ 0.0445228  -0.18067673  0.20985453]
[ 0.04378439 -0.1789093   0.21465278]
[ 0.04346029 -0.17708425  0.21867901]
[ 0.04126594 -0.17307214  0.22523086]
[ 0.03803534 -0.16866834  0.22779052]
[ 0.03803534 -0.16866834  0.22779052]
[ 0.03676265 -0.16591665  0.22660816]
[ 0.03606168 -0.1628083   0.22408229]
[ 0.03659858 -0.15709503  0.21590438]
[ 0.03748821 -0.14937752  0.20348239]
[ 0.03748821 -0.14937752  0.20348239]
[ 0.03655743 -0.14470899  0.19737563]
[ 0.03636808 -0.14071921  0.19147643]
[ 0.0363219  -0.13579978  0.17508675]
[ 0.03514302 -0.13373321  0.16344394]
[ 0.03401507 -0.13129468  0.14961641]
[ 0.03207695 -0.12826954  0.13478106]
[ 0.0273646  -0.11677865  0.10384234]
[ 0.02580192 -0.11022866  0.08982401]
[ 0.02110556 -0.09943061  0.06865645]
[ 0.02036957 -0.09581708  0.05937327]
[ 0.02095047 -0.08785549  0.036609  ]
[ 0.01894469 -0.08381109  0.02297293]
[ 0.01534169 -0.07948889  0.01003519]
[ 0.0025925  -0.07187935 -0.01420061]
[-0.01021951 -0.0662531  -0.03957924]
[-0.01483605 -0.06314308 -0.05001573]
[-0.01792664 -0.06067233 -0.05922821]
[-0.02099573 -0.05820749 -0.0680805 ]
[-0.02324001 -0.05623239 -0.0772374 ]
[-0.02660359 -0.05517476 -0.08765247]
[-0.0319037  -0.05474247 -0.11056817]
[-0.03524351 -0.05472854 -0.12104021]
[-0.03706938 -0.0548768  -0.12927559]
[-0.0383775  -0.05496586 -0.13839054]
[-0.04385133 -0.05650597 -0.15787262]
[-0.04529081 -0.05795579 -0.16564845]
[-0.0468601  -0.05977109 -0.17234142]
[-0.04780869 -0.06168914 -0.17752185]
[-0.04670252 -0.06349953 -0.18321048]
[-0.04760469 -0.06642193 -0.19254291]
[-0.0479349  -0.06849716 -0.19794235]
[-0.04789728 -0.07096128 -0.20343181]
[-0.0478644  -0.07314776 -0.20901382]
[-0.04714991 -0.07711858 -0.21746789]
[-0.04870126 -0.08237822 -0.22183099]
[-0.04878603 -0.08838154 -0.22469014]
[-0.04826574 -0.09122349 -0.22688961]
[-0.04723504 -0.094214   -0.22893429]
[-0.04639916 -0.09933797 -0.23218079]
[-0.04508808 -0.10399417 -0.23299997]
[-0.04394364 -0.10991473 -0.23207286]
[-0.04341243 -0.11311469 -0.23108496]
[-0.03958692 -0.12194611 -0.22563955]
[-0.03751464 -0.12527379 -0.2226713 ]
[-0.03556527 -0.12828423 -0.22006147]
[-0.03320018 -0.13134551 -0.21689039]
[-0.03084654 -0.13458081 -0.21231937]
[-0.02253815 -0.14168116 -0.19867373]
[-0.01715892 -0.14794652 -0.18582763]
[-0.01041126 -0.15415747 -0.1702275 ]
[-0.00407956 -0.15965025 -0.15622194]
[ 0.00502116 -0.16525877 -0.14050467]
[ 0.02918697 -0.17329721 -0.10239506]
[ 0.03897831 -0.17416918 -0.08410977]
[ 0.04411263 -0.17260657 -0.06676277]
[ 0.04780606 -0.171252   -0.05070129]
[ 0.05509683 -0.16862959 -0.01726265]
[ 0.06038263 -0.16779682 -0.00152681]
[ 0.06335778 -0.16678472  0.01419774]
[ 0.06566382 -0.16439384  0.02703672]
[ 0.06677716 -0.162173    0.03883038]
[ 0.06760237 -0.16039339  0.04990135]
[ 0.06796143 -0.1570293   0.07068062]
[ 0.06774076 -0.15508488  0.08101576]
[ 0.0666328  -0.15239242  0.09962187]
[ 0.06593319 -0.15094781  0.10789023]
[ 0.06654734 -0.14732939  0.12149161]
[ 0.06610133 -0.14474277  0.1279922 ]
[ 0.06611796 -0.14133237  0.13354093]
[ 0.06516487 -0.13309857  0.14308962]
[ 0.06558365 -0.12824671  0.14557551]
[ 0.06753722 -0.11923306  0.14924255]
[ 0.06767017 -0.11485353  0.15070193]
[ 0.07017317 -0.10637747  0.15636131]
[ 0.07574514 -0.09333865  0.1741474 ]
[ 0.07755533 -0.08845659  0.18229219]
[ 0.07947548 -0.08317103  0.19117694]
[ 0.08450139 -0.07067902  0.20606953]
[ 0.09041782 -0.05610012  0.21645606]
[ 0.09491492 -0.03957465  0.22830482]
[ 0.09950288 -0.02438774  0.24023913]
[ 0.10043854 -0.00936355  0.25324488]
[0.09519318 0.01362476 0.27221474]
[0.09283476 0.02053974 0.27560195]
[0.08916297 0.03332398 0.27984574]
[0.08550981 0.04288615 0.28322044]
[0.08076987 0.05097364 0.28392655]
[0.07865298 0.05487277 0.28305113]
[0.07088693 0.06169697 0.28296706]
[0.06686672 0.06374909 0.2817724 ]
[0.06381401 0.06482586 0.28005686]
[0.06256706 0.06463382 0.277246  ]
[0.06161845 0.06502599 0.27321908]
[0.06003221 0.06468028 0.26000664]
[0.05402795 0.06367633 0.24309188]
[0.05107289 0.06376709 0.23442779]
[0.04898842 0.06439786 0.22421196]
[0.05001125 0.06651764 0.20589812]
[0.04958501 0.06769507 0.19708756]
[0.05051333 0.06866949 0.18904011]
[0.04870937 0.07228073 0.17356549]
[0.04870937 0.07228073 0.17356549]
[0.04885637 0.07657893 0.15749726]
[0.05157667 0.07863744 0.14784521]
[0.05093068 0.07952523 0.13769969]
[0.0522503  0.08062039 0.12556106]
[0.05303145 0.08190256 0.11445683]
[0.05686117 0.08628788 0.08957015]
[0.05727512 0.08752675 0.07242306]
[0.05577331 0.08882373 0.05396935]
[0.05255177 0.08887811 0.0368882 ]
[0.05004438 0.08877525 0.01968574]
[ 0.05093013  0.08728819 -0.01046093]
[ 0.05224422  0.08653364 -0.02213833]
[ 0.05238169  0.08539315 -0.0346217 ]
[ 0.04993955  0.08489905 -0.04682814]
[ 0.03885443  0.08336921 -0.07995964]
[ 0.03663816  0.08342399 -0.08899091]
[ 0.03497461  0.083069   -0.09809981]
[ 0.03361065  0.08253524 -0.10598851]
[ 0.03200515  0.08160876 -0.12465946]
[ 0.03045349  0.08057728 -0.1365497 ]
[ 0.02827973  0.07635777 -0.15725838]
[ 0.02827973  0.07635777 -0.15725838]
[ 0.02565966  0.07320821 -0.16523753]
[ 0.0231198   0.06673888 -0.17617527]
[ 0.02200375  0.06344654 -0.1809957 ]
[ 0.0194957   0.05646152 -0.19008908]
[ 0.0194957   0.05646152 -0.19008908]
[ 0.01696627  0.05296311 -0.19348726]
[ 0.01440742  0.04981303 -0.19567904]
[ 0.00861093  0.03962892 -0.19734642]
[ 0.00861093  0.03962892 -0.19734642]
[ 0.0072634   0.03548699 -0.19508636]
[ 0.00291198  0.02054293 -0.16926034]
[ 0.00291198  0.02054293 -0.16926034]
[-0.00128576  0.01459925 -0.15018922]
[-0.00137933  0.00789169 -0.12536128]
[ 0.00082845  0.00578432 -0.10922304]
[ 0.00288387  0.00467848 -0.09470014]
[ 0.00370506  0.00315209 -0.08081317]
[ 0.01312343 -0.00198712 -0.04540813]
[ 0.01638739 -0.00294956 -0.02858466]
[ 1.73631072e-02 -1.62994183e-04 -9.07992944e-05]
[0.02157553 0.00258286 0.02591394]
[0.0194898  0.01010433 0.06772839]
[0.0194898  0.01010433 0.06772839]
[0.01740097 0.01359521 0.08132324]
[0.01774185 0.02032906 0.10694205]
[0.02038903 0.02491459 0.11919881]
[0.02159157 0.02971651 0.12992465]
[0.02104635 0.03438567 0.13834532]
[0.0151582  0.04654707 0.15471835]
[0.0151582  0.04654707 0.15471835]
[0.01243669 0.05347965 0.16215602]
[0.00984616 0.06084775 0.16853514]
[0.00823556 0.07448562 0.17714493]
[0.00758084 0.08044422 0.17994413]
[0.00679619 0.09169723 0.18306881]
[0.00679619 0.09169723 0.18306881]
[0.00698928 0.09380012 0.18201832]
[0.00821068 0.09522156 0.17813371]
[0.01104007 0.09690116 0.16407448]
[0.01104007 0.09690116 0.16407448]
[0.01185372 0.09763199 0.15462126]
[0.0166839  0.09856374 0.13323191]
[0.01977073 0.09897694 0.12136467]
[0.02367338 0.09725872 0.10761109]
[0.02983119 0.0919091  0.06843849]
[0.02866009 0.09070441 0.04718304]
[0.0263328  0.09301753 0.02683094]
[0.0241866  0.09679095 0.00634008]
[ 0.02612748  0.09862474 -0.03198478]
[ 0.02612748  0.09862474 -0.03198478]
[ 0.02303078  0.09876841 -0.07471925]
[ 0.02238729  0.0968523  -0.08931531]
[ 0.02347693  0.09579054 -0.10531884]
[ 0.0242629   0.09441612 -0.12147439]
[ 0.02003281  0.09179834 -0.15530823]
[ 0.02003281  0.09179834 -0.15530823]
[ 0.01674343  0.09236901 -0.17343636]
[ 0.01387479  0.0924709  -0.18368146]
[ 0.01275452  0.09225102 -0.18476148]
[ 0.01196275  0.09113491 -0.18205215]
[ 0.01164297  0.08757307 -0.16587278]
[ 0.01164297  0.08757307 -0.16587278]
[ 0.01223742  0.08673446 -0.15661839]
[ 0.01406894  0.08807019 -0.12102347]
[ 0.01406894  0.08807019 -0.12102347]
[ 0.015978    0.08965008 -0.10505258]
[ 0.01569072  0.08981917 -0.09059074]
[ 0.02020714  0.08944318 -0.05360531]
[ 0.022277    0.08779377 -0.03305794]
[ 0.0216782   0.08722633 -0.01400344]
[0.02119123 0.08816399 0.00388003]
[0.01913301 0.09092814 0.02225753]
[0.01686706 0.09355173 0.03680684]
[0.00903772 0.09944157 0.06304359]
[0.00497804 0.10159486 0.07760217]
[0.00224756 0.10334857 0.09020453]
[0.0004859  0.10607629 0.11953124]
[0.0022499  0.11304149 0.15754323]
[0.00086256 0.11561779 0.16817941]
[0.00104131 0.12393696 0.19543897]
[0.00104131 0.12393696 0.19543897]
[0.00340272 0.12746717 0.20256525]
[0.00324044 0.13184094 0.20860957]
[0.00229303 0.14010642 0.21877913]
[-1.57573819e-04  1.43716976e-01  2.22615242e-01]
[-0.00514875  0.15554833  0.23054335]
[-0.00648793  0.16303065  0.23168263]
[-0.00636711  0.16485731  0.23114337]
[-0.00476637  0.1650891   0.22910944]
[-0.00157186  0.16359314  0.22340356]
[0.00909231 0.15952812 0.20482692]
[0.01247323 0.15744938 0.19407015]
[0.01431433 0.15622729 0.18391523]
[0.01550107 0.15528964 0.17143245]
[0.0236556  0.15246119 0.14556603]
[0.03721244 0.13445504 0.08559366]
[0.03721244 0.13445504 0.08559366]
[0.03979359 0.12882477 0.06463806]
[0.03641585 0.12118198 0.01108665]
[0.03641585 0.12118198 0.01108665]
[ 0.03581864  0.11722059 -0.00368406]
[ 0.03584472  0.11329815 -0.01774072]
[ 0.03583491  0.10923705 -0.03256894]
[ 0.03246412  0.10369556 -0.05831994]
[ 0.02721686  0.09812142 -0.07919676]
[ 0.02721686  0.09812142 -0.07919676]
[ 0.02549221  0.09644736 -0.08206917]
[ 0.02354701  0.09414534 -0.08156668]
[ 0.02213102  0.09386799 -0.07859445]
[ 0.02127384  0.09388271 -0.07339647]
[ 0.02185785  0.09274407 -0.06676493]
[ 0.02630425  0.08846717 -0.04736979]
[ 0.03353486  0.08436091 -0.01535172]
[0.03488368 0.08481697 0.00465351]
[0.03484247 0.08670418 0.02390584]
[0.03308078 0.09135243 0.05539041]
[0.03140116 0.09317611 0.07306042]
[0.02884183 0.09469764 0.09004252]
[0.02729065 0.09629858 0.11035287]
[0.02478284 0.10075601 0.14716445]
[0.02307578 0.10692056 0.17890292]
[0.02137036 0.11004107 0.19410253]
[0.01757183 0.11939895 0.23375851]
[0.02049846 0.12135304 0.24666521]
[0.02133893 0.1222621  0.25714231]
[0.02177287 0.12340555 0.26757845]
[0.02216036 0.12461708 0.27754167]
[0.021813   0.12721309 0.29172137]
[0.02213571 0.12850127 0.29553431]
[0.02126438 0.12958108 0.29697779]
[0.01900323 0.13073996 0.29536206]
[0.01522673 0.13152714 0.28958049]
[0.01198444 0.13063413 0.26824269]
[0.01515152 0.12479611 0.22883393]
[0.01515152 0.12479611 0.22883393]
[0.01385801 0.12201314 0.21427512]
[0.01334552 0.11973584 0.20022821]
[0.01775599 0.1144581  0.16836208]
[0.02313592 0.11111483 0.15398139]
[0.028316   0.1073797  0.14046447]
[0.03435058 0.10021058 0.10717088]
[0.0361877  0.09288205 0.06607659]
[0.03431094 0.09177293 0.04926913]
[0.02734326 0.09335833 0.0151897 ]
[ 0.02475158  0.09339749 -0.00241652]
[ 0.02364332  0.09250306 -0.0181822 ]
[ 0.0238842   0.08959283 -0.03573588]
[ 0.02175116  0.08608954 -0.05223539]
[ 0.02221169  0.0788767  -0.07487074]
[ 0.02303383  0.07445371 -0.0858764 ]
[ 0.02474008  0.06917021 -0.09860051]
[ 0.02383076  0.06411895 -0.11142956]
[ 0.02199796  0.05920443 -0.12328549]
[ 0.01489941  0.0494808  -0.14436033]
[ 0.00777588  0.04103386 -0.16400994]
[ 0.00563384  0.03666077 -0.17251703]
[ 0.00544517  0.0320839  -0.17939527]
[ 0.00592031  0.02149337 -0.18966402]
[ 0.00753508  0.01303222 -0.20032805]
[ 0.00707777  0.00904694 -0.20566283]
[ 0.0067855   0.00522979 -0.21138471]
[ 0.00433329 -0.00270221 -0.21847756]
[-0.0003692  -0.019471   -0.21988474]
[-0.0003692  -0.019471   -0.21988474]
[-0.00068762 -0.02538574 -0.21995042]
[-0.00068522 -0.03818344 -0.22382629]
[-0.00181874 -0.04564637 -0.22199984]
[-0.00197315 -0.05324509 -0.21739103]
[-0.00286015 -0.07165368 -0.19866334]
[ 0.00296693 -0.08791995 -0.17438802]
[ 0.00534459 -0.09594908 -0.16187294]
[ 0.00640157 -0.10315342 -0.14998803]
[ 0.008676   -0.11023044 -0.1369995 ]
[ 0.01079335 -0.11730333 -0.12143478]
[ 0.01728933 -0.1300395  -0.09106885]
[ 0.01960303 -0.13630961 -0.07623245]
[ 0.02372158 -0.14170881 -0.06137534]
[ 0.0341273  -0.15244542 -0.01843346]
[ 0.03675512 -0.15495184 -0.00665425]
[ 0.03921728 -0.1565807   0.00592853]
[ 0.04402248 -0.16074462  0.02945809]
[ 0.04536828 -0.16305016  0.04178132]
[ 0.05006678 -0.17013647  0.06628228]
[ 0.0504669  -0.17364538  0.08075588]
[ 0.04893517 -0.17830957  0.10890195]
[ 0.04942319 -0.17917117  0.12180522]
[ 0.05118617 -0.17914021  0.13504013]
[ 0.05268288 -0.17891121  0.14748731]
[ 0.05706752 -0.1767095   0.17483981]
[ 0.05878525 -0.17100134  0.18977858]
[ 0.05845191 -0.16813707  0.19738027]
[ 0.0585035  -0.166436    0.20672399]
[ 0.05799278 -0.16542168  0.215551  ]
[ 0.05773937 -0.1622963   0.23762682]
[ 0.05867175 -0.16117066  0.24344528]
[ 0.05925601 -0.15883535  0.25231585]
[ 0.05853926 -0.15750645  0.25356978]
[ 0.05630719 -0.1552245   0.25202191]
[ 0.05413046 -0.15510696  0.24980237]
[ 0.05346655 -0.15551297  0.24495883]
[ 0.0474991  -0.15376037  0.22745144]
[ 0.04478121 -0.15245701  0.21546757]
[ 0.04290994 -0.15073656  0.20144035]
[ 0.04136226 -0.14925776  0.16987634]
[ 0.04006138 -0.14854063  0.15272452]
[ 0.03908273 -0.14821018  0.13712569]
[ 0.0402927  -0.1481895   0.12198345]
[ 0.04007587 -0.14823595  0.10584088]
[ 0.04308855 -0.15024461  0.06984137]
[ 0.03719044 -0.14929633  0.01050957]
[ 0.03719044 -0.14929633  0.01050957]
[ 0.0286015  -0.14815924 -0.00436024]
[ 0.0114161  -0.14244464 -0.04544505]
[ 0.0114161  -0.14244464 -0.04544505]
[ 0.00818132 -0.14262718 -0.0573873 ]
[ 0.00488064 -0.14381556 -0.0700158 ]
[-0.00337831 -0.14637201 -0.09389396]
[-0.00771374 -0.14722544 -0.10475273]
[-0.01321148 -0.14801434 -0.11441188]
[-0.02089372 -0.14915375 -0.1304757 ]
[-0.02089372 -0.14915375 -0.1304757 ]
[-0.02447086 -0.14957599 -0.13823481]
[-0.03212442 -0.15440565 -0.16215545]
[-0.03212442 -0.15440565 -0.16215545]
[-0.0335295  -0.15647598 -0.16950481]
[-0.03586833 -0.15827933 -0.17610623]
[-0.0405561  -0.16101056 -0.18688381]
[-0.04259509 -0.1622967  -0.19074152]
[-0.04381015 -0.16370068 -0.194612  ]
[-0.04550067 -0.1668057  -0.20049901]
[-0.04550067 -0.1668057  -0.20049901]
[-0.03991231 -0.17234136 -0.21258305]
[-0.03991231 -0.17234136 -0.21258305]
[-0.03743005 -0.17382845 -0.21496055]
[-0.03420162 -0.1750811  -0.21768005]
[-0.02805008 -0.17557462 -0.22241217]
[-0.02443632 -0.17545766 -0.22407557]
[-0.02076035 -0.17562957 -0.22515449]
[-0.01501135 -0.17634057 -0.22614047]
[-0.01249886 -0.1762557  -0.22680068]
[-0.01034721 -0.17608324 -0.22723566]
[-0.00490417 -0.1757424  -0.22816914]
[-0.00284321 -0.17632385 -0.22807343]
[ 0.00303506 -0.17750396 -0.22803015]
[ 0.00303506 -0.17750396 -0.22803015]
[ 0.00904999 -0.17558213 -0.22492634]
[ 0.0175307  -0.17300455 -0.21298134]
[ 0.0271123  -0.17075077 -0.19798715]
[ 0.03544014 -0.16784732 -0.17161584]
[ 0.04155237 -0.16703281 -0.1527324 ]
[ 0.05377448 -0.16552944 -0.10213406]
[ 0.05854354 -0.16357456 -0.08499433]
[ 0.06324188 -0.16188346 -0.06844966]
[ 0.07035916 -0.15923773 -0.03878357]
[ 0.07379158 -0.15961668 -0.02654129]
[ 0.07985666 -0.15898871  0.00030796]
[ 0.07985666 -0.15898871  0.00030796]
[ 0.08189567 -0.15865572  0.00687142]
[ 0.08959944 -0.1596494   0.02417189]
[ 0.08959944 -0.1596494   0.02417189]
[ 0.09227032 -0.16096091  0.03067118]
[ 0.09639682 -0.16241479  0.0375343 ]
[ 0.11263961 -0.17259414  0.06481238]
[ 0.11263961 -0.17259414  0.06481238]
[ 0.11442111 -0.17417982  0.06835298]
[ 0.11686272 -0.1751513   0.06906985]
[ 0.11686272 -0.1751513   0.06906985]
[ 0.11623565 -0.17461506  0.06550728]
[ 0.11540616 -0.1742828   0.05961423]
[ 0.11082355 -0.16968022  0.03128099]
[ 0.11166627 -0.1682959   0.01976179]
[ 0.11263162 -0.16836028  0.00779797]
[ 0.11273233 -0.16932687 -0.00599642]
[ 0.10192738 -0.16961858 -0.04607154]
[ 0.0987683  -0.16970912 -0.05996964]
[ 0.0939778  -0.17427509 -0.08646516]
[ 0.0939778  -0.17427509 -0.08646516]
[ 0.0906899  -0.17763603 -0.09940019]
[ 0.07453205 -0.18129416 -0.13385303]
[ 0.06959053 -0.18074857 -0.14609605]
[ 0.06959053 -0.18074857 -0.14609605]
[ 0.06492028 -0.18000866 -0.15655965]
[ 0.04913982 -0.18010978 -0.18078578]
[ 0.04913982 -0.18010978 -0.18078578]
[ 0.03856037 -0.180558   -0.19258884]
[ 0.03369547 -0.18113798 -0.19795293]
[ 0.03008555 -0.18248627 -0.20286757]
[ 0.02234334 -0.18582432 -0.2117129 ]
[ 0.0207249  -0.18583593 -0.21306057]
[ 0.0207249  -0.18583593 -0.21306057]
[ 0.0189031  -0.18538201 -0.2148782 ]
[ 0.0187959  -0.1855294  -0.21447702]
[ 0.02006229 -0.18611543 -0.21327095]
[ 0.02336942 -0.18680258 -0.21032836]
[ 0.03812978 -0.18845962 -0.18240286]
[ 0.05397103 -0.19114664 -0.13726985]
[ 0.05815706 -0.19196725 -0.12099227]
[ 0.06280432 -0.19346598 -0.09283189]
[ 0.06845774 -0.19439223 -0.07861297]
[ 0.08305529 -0.19631284 -0.04470517]
[ 0.09099319 -0.19379815 -0.01140099]
[ 0.0922767  -0.19267817  0.00193724]
[ 0.09405013 -0.1923191   0.01336483]
[ 0.0980832  -0.19434316  0.03395228]
[ 0.10691366 -0.19728029  0.06660248]
[ 0.10691366 -0.19728029  0.06660248]
[ 0.10671586 -0.19971448  0.07194948]
[ 0.10568715 -0.20277257  0.06916287]
[ 0.10568715 -0.20277257  0.06916287]
[ 0.10838655 -0.20290861  0.06055921]
[ 0.11079038 -0.20187213  0.04059501]
[ 0.10894773 -0.2001996   0.02626217]
[ 0.09943429 -0.19810374 -0.01121467]
[ 0.08969588 -0.19685614 -0.06918078]
[ 0.08534945 -0.19760357 -0.08774874]
[ 0.07029518 -0.19830814 -0.14621159]
[ 0.07029518 -0.19830814 -0.14621159]
[ 0.06293201 -0.19848084 -0.16284107]
[ 0.05587337 -0.19899119 -0.17830467]
[ 0.04441284 -0.19916788 -0.20466667]
[ 0.03838941 -0.19885519 -0.22159827]
[ 0.03647365 -0.19811806 -0.22920999]
[ 0.03375328 -0.1976548  -0.24303964]
[ 0.03213242 -0.19698015 -0.24763401]
[ 0.03041906 -0.19560646 -0.25085828]
[ 0.02814319 -0.1939567  -0.25297904]
[ 0.02631634 -0.19046803 -0.25525719]
[ 0.0259187  -0.18923551 -0.25509351]
[ 0.02642859 -0.18817845 -0.25392911]
[ 0.02742035 -0.18706048 -0.24944882]
[ 0.02742035 -0.18706048 -0.24944882]
[ 0.02928432 -0.18688957 -0.24867968]
[ 0.04077449 -0.18511546 -0.24034879]
[ 0.04077449 -0.18511546 -0.24034879]
[ 0.0453695  -0.18361986 -0.23264641]
[ 0.04989002 -0.18200918 -0.22335096]
[ 0.05853007 -0.17953479 -0.1943419 ]
[ 0.0622137  -0.17709041 -0.17497364]
[ 0.06265416 -0.17430484 -0.15661459]
[ 0.0621557  -0.17133629 -0.13952872]
[ 0.06461214 -0.1686261  -0.12065488]
[ 0.06461214 -0.1686261  -0.12065488]
[ 0.07112611 -0.1593859  -0.0692694 ]
[ 0.07195722 -0.15300879 -0.05264387]
[ 0.07027098 -0.13306086 -0.01359944]
[ 0.06830896 -0.11211915  0.01561678]
[ 0.06742794 -0.10506105  0.02270262]
[ 0.06522054 -0.08510056  0.04226913]
[ 0.06522054 -0.08510056  0.04226913]
[ 0.06655875 -0.07900794  0.04948565]
[ 0.06708134 -0.07264692  0.05659433]
[ 0.06951295 -0.06145588  0.06961071]
[ 0.07020735 -0.05564472  0.07464967]
[ 0.06992095 -0.03714877  0.08974861]
[ 0.06992095 -0.03714877  0.08974861]
[ 0.0704209  -0.03072359  0.09583466]
[ 0.08057543 -0.01545041  0.10779672]
[ 0.08230074 -0.0106161   0.11329579]
[0.08391791 0.00050257 0.12386667]
[0.08509659 0.00634265 0.13046947]
[0.08703866 0.01361351 0.13655236]
[0.0885796  0.02734001 0.1461947 ]
[0.08544496 0.03942581 0.15609728]
[0.08255016 0.05010039 0.16568318]
[0.08297638 0.06188045 0.1714737 ]
[0.08122017 0.07469048 0.17508529]
[0.07514559 0.08692694 0.17931661]
[0.07318612 0.09124158 0.18065313]
[0.07273448 0.09450296 0.18163048]
[0.07477643 0.09637875 0.18074372]
[0.07555958 0.09694895 0.17945348]
[0.075559   0.09902919 0.17478786]
[0.0755419  0.10082395 0.17145924]
[0.07704583 0.10263596 0.16269659]
[0.07823429 0.10195297 0.15222414]
[0.07823429 0.10195297 0.15222414]
[0.07881144 0.10134342 0.14592755]
[0.07868057 0.10100583 0.1389744 ]
[0.07916412 0.10042217 0.12401151]
[0.08020396 0.10257791 0.09526061]
[0.08312148 0.10252526 0.08402233]
[0.08834045 0.10131238 0.06296844]
[0.09056615 0.09998568 0.0417277 ]
[0.09056615 0.09998568 0.0417277 ]
[0.09128242 0.0996216  0.03082534]
[0.09115759 0.09817476 0.00299124]
[ 0.09211805  0.09796772 -0.00377538]
[ 0.09299747  0.09841812 -0.01018422]
[ 0.09420419  0.10062832 -0.02204553]
[ 0.09477731  0.1019368  -0.02763473]
[ 0.09826951  0.10351622 -0.03364034]
[ 0.09900676  0.10396716 -0.03325669]
[ 0.09888209  0.10374676 -0.03245951]
[ 0.09821344  0.10260511 -0.03259138]
[ 0.09897219  0.10160908 -0.03439054]
[ 0.09893594  0.10073218 -0.03589423]
[ 0.09776198  0.09929594 -0.03625057]
[ 0.09499866  0.09808666 -0.03570736]
[ 0.09168432  0.09672756 -0.03356553]
[ 0.08310798  0.09402028 -0.02568946]
[ 0.07877289  0.09340356 -0.01955862]
[ 0.07539161  0.09357172 -0.01210649]
[0.07064626 0.09236538 0.01044388]
[0.06772033 0.09183326 0.02292906]
[0.06414961 0.09214334 0.03534227]
[0.05893238 0.09277494 0.0472637 ]
[0.05488103 0.09410113 0.05789617]
[0.0469661  0.09693815 0.08005633]
[0.03892984 0.10005225 0.10658837]
[0.03709706 0.10192689 0.11766367]
[0.03397284 0.10477694 0.12873079]
[0.03303005 0.10721494 0.138642  ]
[0.03190543 0.10973479 0.14588121]
[0.02840457 0.11427967 0.15625095]
[0.02353469 0.1178672  0.16323379]
[0.0210512  0.11955676 0.16711874]
[0.02231147 0.11880832 0.16576092]
[0.02330685 0.11880059 0.16182332]
[0.02364986 0.11869662 0.15906337]
[0.02776047 0.11709756 0.15280664]
[0.02776047 0.11709756 0.15280664]
[0.02960782 0.11687435 0.15143493]
[0.03149194 0.11698039 0.14910132]
[0.03249738 0.11687503 0.14326376]
[0.03280107 0.11657086 0.1367075 ]
[0.03399996 0.11652341 0.13363872]
[0.03573883 0.11654129 0.13057852]
[0.03786478 0.11657822 0.12763883]
[0.03973984 0.11698051 0.12437136]
[0.04423647 0.11874982 0.11239825]
[0.04423647 0.11874982 0.11239825]
[0.04951701 0.11966102 0.10594057]
[0.05274524 0.1203132  0.10364048]
[0.05707728 0.12217019 0.09754326]
[0.05738176 0.12430073 0.08853059]
[0.05758931 0.12464034 0.08499815]
[0.05823172 0.12532982 0.08248   ]
[0.06272695 0.12543051 0.082583  ]
[0.06379937 0.12539084 0.08371745]
[0.05918223 0.12633216 0.08382239]
[0.05560202 0.12669629 0.0816306 ]
[0.05453151 0.1279079  0.07957003]
[0.06010004 0.13192163 0.08364585]
[0.06010004 0.13192163 0.08364585]
[0.06322429 0.13479173 0.08586343]
[0.06621726 0.13745418 0.08986443]
[0.07598507 0.14751439 0.11128332]
[0.07923067 0.1526265  0.12109943]
[0.08271582 0.15692864 0.13239762]
[0.08420486 0.16424574 0.15609677]
[0.07960259 0.17471343 0.18242043]
[0.07840934 0.17884885 0.19461124]
[0.07655427 0.18284906 0.2058825 ]
[0.07655821 0.18770218 0.22790971]
[0.07680987 0.18948835 0.23752649]
[0.07647078 0.19060859 0.24658069]
[0.07815695 0.19015664 0.25559738]
[0.08176634 0.19149058 0.263028  ]
[0.08461193 0.19260868 0.27003214]
[0.08601566 0.19314714 0.27655745]
[0.08549236 0.19456188 0.28712121]
[0.08416278 0.19468199 0.29233062]
[0.07627346 0.20466822 0.3099663 ]
[0.07307824 0.20864135 0.31656486]
[0.06967395 0.21119308 0.32382149]
[0.06616264 0.21342623 0.33148423]
[0.0656641  0.21388403 0.34726232]
[0.06754616 0.21361281 0.35350379]
[0.07011355 0.21375465 0.35822448]
[0.07237943 0.21450295 0.36190939]
[0.07321244 0.21566503 0.36389509]
[0.0721051  0.21833624 0.36497074]
[0.06488272 0.22510383 0.35203966]
[0.06488272 0.22510383 0.35203966]
[0.06388865 0.2242749  0.34158856]
[0.06679327 0.22442618 0.33014235]
[0.07135483 0.22156405 0.29983857]
[0.07628754 0.21634029 0.28676587]
[0.08272313 0.20274915 0.24617909]
[0.08813257 0.19657467 0.22285923]
[0.09214254 0.19053268 0.20248853]
[0.09580479 0.18382031 0.16621368]
[0.09626847 0.17979251 0.13309012]
[0.09753521 0.17898019 0.11991885]
[0.09821974 0.17863542 0.11072167]
[0.09809292 0.17914398 0.10386283]
[0.09773349 0.17962311 0.09811044]
[0.09635652 0.1800376  0.09431912]
[0.09348764 0.18058184 0.09298182]
[0.09172586 0.18116128 0.09764551]
[0.08869897 0.18173687 0.11654027]
[0.08609969 0.18543972 0.13046387]
[0.08215435 0.1898827  0.1474092 ]
[0.07241619 0.19811763 0.19075362]
[0.07125109 0.20072556 0.21375886]
[0.07510569 0.20051727 0.23638578]
[0.0781401  0.20039493 0.25881192]
[0.08008554 0.19602926 0.29633805]
[0.07898211 0.19454379 0.31129384]
[0.07560567 0.1953568  0.33021963]
[0.07455251 0.19683418 0.33645663]
[0.07495285 0.19888307 0.34100074]
[0.07556852 0.20009917 0.33548158]
[0.07556852 0.20009917 0.33548158]
[0.07708698 0.20129858 0.32908157]
[0.08017305 0.2019712  0.32128859]
[0.08665155 0.20383829 0.30208015]
[0.08882648 0.20325883 0.29070553]
[0.09145962 0.2024128  0.2789951 ]
[0.1037967  0.19499362 0.24431664]
[0.10664687 0.19328201 0.2299407 ]
[0.10706929 0.19261114 0.21487252]
[0.10754169 0.19209862 0.2001797 ]
[0.10739095 0.1908118  0.18569481]
[0.10842485 0.18806732 0.17300583]
[0.11349077 0.18197495 0.15021706]
[0.1166142  0.18064871 0.13922808]
[0.11813412 0.18017672 0.12942229]
[0.11924798 0.18001412 0.12047065]
[0.12027142 0.17997178 0.11231993]
[0.12087936 0.18015081 0.10491855]
[0.12224115 0.18065353 0.0943771 ]
[0.12183977 0.18069245 0.09117441]
[0.1159862  0.18038552 0.08991754]
[0.1159862  0.18038552 0.08991754]
[0.11281145 0.18066479 0.09410031]
[0.10967264 0.18113117 0.10059929]
[0.10575462 0.17933668 0.12102155]
[0.10331676 0.18010207 0.13282286]
[0.08976648 0.18797399 0.17282854]
[0.08859499 0.18864039 0.1904351 ]
[0.08380312 0.18639733 0.23423627]
[0.08380312 0.18639733 0.23423627]
[0.08213494 0.18628429 0.2452186 ]
[0.08074794 0.18498698 0.25610363]
[0.07890736 0.18241821 0.27592486]
[0.07784933 0.18099505 0.28366262]
[0.0776101  0.18026352 0.29006362]
[0.0775594  0.17971031 0.29606003]
[0.07843227 0.17911635 0.30139974]
[0.07940046 0.17866199 0.30528453]
[0.08005012 0.17798692 0.30926713]
[0.08023459 0.17763063 0.30946764]
[0.08055182 0.17733005 0.30872244]
[0.07894983 0.17522672 0.30003631]
[0.07894983 0.17522672 0.30003631]
[0.07710967 0.17597787 0.29361057]
[0.07328229 0.17728934 0.2849094 ]
[0.07026102 0.1777484  0.26672122]
[0.06933749 0.17706738 0.25995943]
[0.06696377 0.17508923 0.24677753]
[0.06587703 0.17283702 0.2396358 ]
[0.0640954  0.16843085 0.22605009]
[0.06183503 0.16712277 0.21287316]
[0.06167687 0.16774996 0.20647152]
[0.06237774 0.16860065 0.19994582]
[0.06493427 0.16898501 0.18873611]
[0.06458253 0.16843827 0.18270688]
[0.06337776 0.16520505 0.16993356]
[0.06227837 0.15868829 0.14937589]
[0.06344909 0.15414011 0.13534603]
[0.06344909 0.15414011 0.13534603]
[0.06415167 0.15177546 0.12938218]
[0.06366794 0.1486733  0.1242605 ]
[0.05751391 0.13868764 0.11101399]
[0.05412126 0.13331234 0.10293955]
[0.05251647 0.1288594  0.09550817]
[0.05236155 0.12199381 0.08170525]
[0.05341317 0.1172696  0.07172912]
[0.05280717 0.11564288 0.06855022]
[0.05167227 0.11425482 0.06628154]
[0.0442119  0.11601805 0.06492175]
[0.04203284 0.11882225 0.06594197]
[0.04009639 0.12187316 0.06828553]
[0.03969648 0.12466862 0.07249573]
[0.03946645 0.12717271 0.07920879]
[0.04010919 0.13129787 0.09595798]
[0.03933901 0.13491267 0.10476701]
[0.03734953 0.14451443 0.1272206 ]
[0.03734953 0.14451443 0.1272206 ]
[0.03691008 0.15034012 0.14174496]
[0.03822592 0.1604618  0.16884126]
[0.03843083 0.17105244 0.18948027]
[0.03924335 0.17618163 0.1982732 ]
[0.03906872 0.18388152 0.20986234]
[0.03895212 0.18757975 0.2148612 ]
[0.03775465 0.1907676  0.21802589]
[0.03650208 0.19452088 0.21989456]
[0.03466684 0.19765155 0.22091657]
[0.03392195 0.19991797 0.22156899]
[0.04018231 0.20451564 0.22892655]
[0.04547902 0.20681562 0.23138706]
[0.049423   0.21031792 0.23400585]
[0.05069541 0.21697833 0.24815856]
[0.05016043 0.21972975 0.25894082]
[0.04674988 0.22064628 0.27248216]
[0.04294107 0.22377735 0.28528872]
[0.03751909 0.22658162 0.30048814]
[0.02605193 0.23967616 0.34510416]
[0.02605193 0.23967616 0.34510416]
[0.02454982 0.2427548  0.35046461]
[0.02357068 0.24425018 0.35345069]
[0.02496307 0.24388792 0.34743175]
[0.0314152  0.24201758 0.33958307]
[0.04077902 0.24104664 0.32081726]
[0.04392654 0.23808092 0.30817828]
[0.05349613 0.22341692 0.27063572]
[0.05869379 0.21762107 0.258807  ]
[0.06909085 0.2042456  0.22337458]
[0.07389023 0.19871305 0.20807134]
[0.07827269 0.19320005 0.19571213]
[0.08084573 0.18783759 0.18288255]
[0.0824484  0.1820659  0.17067079]
[0.08492342 0.17072973 0.14816441]
[0.08511818 0.16580836 0.13940738]
[0.08493412 0.1607524  0.13079575]
[0.08342799 0.15614414 0.12237197]
[0.08308657 0.15046524 0.11375122]
[0.08274077 0.1451696  0.10477132]
[0.08360644 0.13121191 0.07961789]
[0.08360644 0.13121191 0.07961789]
[0.08436911 0.12699075 0.07317725]
[0.08775741 0.11575864 0.05793982]
[0.08775741 0.11575864 0.05793982]
[0.08994461 0.11220223 0.05269977]
[0.09287267 0.10870676 0.0471227 ]
[0.09674307 0.0971562  0.02634559]
[0.09565412 0.09325288 0.02060463]
[0.09565412 0.09325288 0.02060463]
[0.09489275 0.09015882 0.01905769]
[0.09343428 0.08891952 0.02042058]
[0.09204843 0.08837286 0.02329673]
[0.09022326 0.08798995 0.02703802]
[0.08781338 0.08870625 0.03174859]
[0.08267879 0.09082443 0.04258056]
[0.0800881  0.09249534 0.04861972]
[0.07770073 0.09475729 0.0559904 ]
[0.07532335 0.09730175 0.06344569]
[0.07330827 0.10027419 0.07325809]
[0.07213715 0.10265516 0.08413731]
[0.07140218 0.10839302 0.1055392 ]
[0.06608628 0.11717553 0.12517312]
[0.06131393 0.12181524 0.13310981]
[0.04663785 0.12937434 0.15179749]
[0.03700151 0.13584173 0.16931398]
[0.03626647 0.13696839 0.17304637]
[0.03469529 0.13902131 0.17944974]
[0.03504092 0.13961001 0.18146658]
[0.03662742 0.13996182 0.1836466 ]
[0.04259757 0.13376991 0.17534301]
[0.04565615 0.1303111  0.170072  ]
[0.05175442 0.12281251 0.15799932]
[0.05479791 0.11671954 0.13591106]
[0.0555964  0.10882555 0.11543514]
[0.05408519 0.10450098 0.1043673 ]
[0.05369478 0.09981725 0.09030715]
[0.05485444 0.08958189 0.04224868]
[0.05485444 0.08958189 0.04224868]
[0.05286834 0.08718693 0.0250701 ]
[0.05085123 0.08306663 0.00721943]
[ 0.0500816   0.0791966  -0.00915044]
[ 0.05807444  0.06193603 -0.05369205]
[ 0.05807444  0.06193603 -0.05369205]
[ 0.06122199  0.05393131 -0.07085697]
[ 0.06324559  0.04552024 -0.08722105]
[ 0.0632166   0.03008495 -0.11743582]
[ 0.06035682  0.02298413 -0.13311411]
[ 0.05741044  0.01563695 -0.14707138]
[ 0.05378564  0.00890508 -0.160465  ]
[ 0.05207284  0.00262153 -0.17232911]
[ 0.05183823 -0.00426144 -0.18149684]
[ 0.05141791 -0.02028717 -0.19980973]
[ 0.0520954  -0.02866136 -0.21189339]
[ 0.05239867 -0.03608995 -0.22372699]
[ 0.05516928 -0.05404646 -0.25124767]
[ 0.05342104 -0.06444772 -0.26269197]
[ 0.05342104 -0.06444772 -0.26269197]
[ 0.05123123 -0.06975666 -0.26633564]
[ 0.04965348 -0.07583978 -0.26753774]
[ 0.04606809 -0.08581137 -0.26294786]
[ 0.04167984 -0.08913688 -0.25602126]
[ 0.03828927 -0.09301837 -0.24665014]
[ 0.03673693 -0.09685312 -0.23651707]
[ 0.03639489 -0.10040933 -0.2259222 ]
[ 0.0347274  -0.10872836 -0.202601  ]
[ 0.03558307 -0.11273174 -0.19124128]
[ 0.03881528 -0.11632712 -0.18073525]
[ 0.046612   -0.12346499 -0.16010556]
[ 0.04927768 -0.13340904 -0.12560478]
[ 0.04241095 -0.14229475 -0.0845771 ]
[ 0.04251679 -0.14855804 -0.06630944]
[ 0.04544023 -0.15563513 -0.04761181]
[ 0.05542386 -0.16928528 -0.01278199]
[ 0.05702103 -0.17211682 -0.00249869]
[ 0.05775658 -0.17283358  0.00607175]
[ 0.05928532 -0.17410865  0.01575623]
[ 0.0655873  -0.1744712   0.03605725]
[ 0.06811926 -0.17500518  0.04762146]
[ 0.07081317 -0.17549677  0.05904677]
[ 0.07248222 -0.17596354  0.07078203]
[ 0.07343051 -0.17757522  0.09057926]
[ 0.072966   -0.17827837  0.09809994]
[ 0.07226936 -0.17879355  0.10386122]
[ 0.06911088 -0.17890747  0.11199105]
[ 0.06911088 -0.17890747  0.11199105]
[ 0.06681401 -0.17861789  0.11458503]
[ 0.06419846 -0.17806055  0.11585508]
[ 0.06503006 -0.17867321  0.10541085]
[ 0.06316414 -0.17794701  0.09515949]
[ 0.05595224 -0.17517485  0.07413292]
[ 0.05206366 -0.17371187  0.06468279]
[ 0.04915837 -0.17396678  0.05514114]
[ 0.04676179 -0.17722586  0.0343273 ]
[ 0.04676179 -0.17722586  0.0343273 ]
[ 0.0470986  -0.17963777  0.02134902]
[ 0.04688264 -0.18299399 -0.01292808]
[ 0.04688264 -0.18299399 -0.01292808]
[ 0.04598992 -0.18305072 -0.02590797]
[ 0.04745432 -0.18370901 -0.04218383]
[ 0.05314886 -0.1854077  -0.07122637]
[ 0.05422079 -0.18842579 -0.08269162]
[ 0.05253798 -0.19111122 -0.094468  ]
[ 0.04926105 -0.19520202 -0.10381817]
[ 0.04518434 -0.1984935  -0.11224527]
[ 0.03762161 -0.20416665 -0.12789968]
[ 0.03471786 -0.20618224 -0.13538906]
[ 0.03097483 -0.2075287  -0.14188714]
[ 0.02655015 -0.2092143  -0.14711159]
[ 0.02249945 -0.21083261 -0.15170375]
[ 0.01745473 -0.21482468 -0.15820771]
[ 0.01673364 -0.21709102 -0.1612958 ]
[ 0.01719311 -0.21873878 -0.16346745]
[ 0.01758145 -0.22001818 -0.16457482]
[ 0.01845424 -0.22110638 -0.16351283]
[ 0.01973281 -0.22184671 -0.15995814]
[ 0.02384553 -0.21889362 -0.13605903]
[ 0.02384553 -0.21889362 -0.13605903]
[ 0.02541106 -0.21561214 -0.12438937]
[ 0.03012914 -0.20958734 -0.09961626]
[ 0.03338379 -0.20661464 -0.08629433]
[ 0.03927701 -0.20357569 -0.07141426]
[ 0.04476639 -0.20175184 -0.0557996 ]
[ 0.0555819  -0.20032991 -0.02982755]
[ 0.05778951 -0.20023747 -0.01843023]
[ 0.05596828 -0.19937338  0.01090992]
[ 0.05596828 -0.19937338  0.01090992]
[ 0.05443949 -0.19840695  0.02622803]
[ 0.05477664 -0.19857903  0.04025546]
[ 0.05588316 -0.19936685  0.04659927]
[ 0.05648392 -0.20016728  0.05240592]
[ 0.05800611 -0.20131427  0.05888602]
[ 0.0586359  -0.20158631  0.05949365]
[ 0.05999028 -0.20179646  0.05787899]
[ 0.06120773 -0.20192312  0.05472168]
[ 0.06348    -0.20148546  0.05000594]
[ 0.06440262 -0.20122193  0.03414106]
[ 0.05869866 -0.20001206  0.00999002]
[ 0.05454779 -0.20081592 -0.00274712]
[ 0.04842447 -0.20157626 -0.01663215]
[ 0.04218324 -0.20388737 -0.04423138]
[ 0.03976164 -0.2052992  -0.05630205]
[ 0.03915455 -0.20812014 -0.06764898]
[ 0.03907392 -0.21070452 -0.07983426]
[ 0.03833613 -0.21403615 -0.09076231]
[ 0.03454708 -0.21677613 -0.10657202]
[ 0.03152629 -0.21887451 -0.1141066 ]
[ 0.02897438 -0.2200285  -0.12001828]
[ 0.02561527 -0.22188489 -0.12657507]
[ 0.01952501 -0.22465375 -0.13649321]
[ 0.01649477 -0.22606449 -0.13992083]
[ 0.01439059 -0.22713491 -0.14317204]
[ 0.0133348  -0.22847924 -0.1457798 ]
[ 0.01281687 -0.22985871 -0.14635761]
[ 0.01287206 -0.23157851 -0.14343423]
[ 0.01264902 -0.23170763 -0.13916026]
[ 0.01311601 -0.23249315 -0.13423982]
[ 0.01918261 -0.234478   -0.12132955]
[ 0.02734583 -0.23396535 -0.10530947]
[ 0.03086816 -0.23105398 -0.08590298]
[ 0.03774803 -0.22687604 -0.05708724]
[ 0.03774803 -0.22687604 -0.05708724]
[ 0.04253543 -0.22543289 -0.04060476]
[ 0.05743601 -0.22041421 -0.00771689]
[ 0.06095854 -0.21766339  0.0002246 ]
[ 0.06656968 -0.21101163  0.01349784]
[ 0.06892743 -0.20860106  0.02041219]
[ 0.07142589 -0.20658638  0.02755856]
[ 0.07423781 -0.20514876  0.03556522]
[ 0.07604336 -0.20381978  0.04273813]
[ 0.07975603 -0.20149334  0.05502917]
[ 0.08182698 -0.20022123  0.06086319]
[ 0.0836421  -0.19829299  0.0664533 ]
[ 0.08505624 -0.1959646   0.0713959 ]
[ 0.08574661 -0.19362976  0.07555156]
[ 0.08715022 -0.18830685  0.08313298]
[ 0.08821419 -0.18555173  0.08658325]
[ 0.08873536 -0.1823988   0.09034636]
[ 0.08857014 -0.17875144  0.09340828]
[ 0.08731758 -0.16690439  0.10302813]
[ 0.08599082 -0.16252753  0.10676691]
[ 0.08323758 -0.15395544  0.11580205]
[ 0.08323758 -0.15395544  0.11580205]
[ 0.0781092  -0.14375006  0.12565498]
[ 0.06353023 -0.12477427  0.13389225]
[ 0.06353023 -0.12477427  0.13389225]
[ 0.06029437 -0.11857357  0.13385063]
[ 0.05600595 -0.10867999  0.13169172]
[ 0.05443493 -0.10435363  0.12998436]
[ 0.05368984 -0.1006911   0.12698145]
[ 0.05521931 -0.0905949   0.10442076]
[ 0.05307055 -0.08786952  0.09471501]
[ 0.05196393 -0.08523036  0.08532681]
[ 0.05053735 -0.08397781  0.07749504]
[ 0.05583411 -0.09250834  0.04886606]
[ 0.05736721 -0.09680063  0.03705095]
[ 0.05873871 -0.09980463  0.02594828]
[ 0.06009161 -0.10172691  0.01506281]
[ 0.06053693 -0.10301656  0.00535986]
[ 0.0603619  -0.10588929 -0.0094728 ]
[ 0.05995606 -0.10776372 -0.0146516 ]
[ 0.06039036 -0.10898576 -0.01857786]
[ 0.06084051 -0.11020467 -0.02073398]
[ 0.05882478 -0.11549347 -0.01671738]
[ 0.05730938 -0.11748863 -0.01116746]
[ 0.05658094 -0.11890619 -0.00428134]
[ 0.05587    -0.1191081   0.00515868]
[ 0.05518495 -0.1173506   0.01635721]
[ 0.06151525 -0.11346471  0.04691187]
[ 0.07049484 -0.11014412  0.068591  ]
[ 0.0740313  -0.10621613  0.08622497]
[ 0.07649917 -0.10166963  0.10410679]
[ 0.07717781 -0.09867007  0.1203798 ]
[ 0.07415395 -0.0887052   0.16046479]
[ 0.0734697  -0.08559266  0.16910356]
[ 0.07333412 -0.082831    0.17702504]
[ 0.07231624 -0.07618278  0.18796526]
[ 0.07204201 -0.0733266   0.19114324]
[ 0.07218783 -0.07063138  0.19137272]
[ 0.07300705 -0.06948583  0.18904789]
[ 0.07492559 -0.06875619  0.18374242]
[ 0.07682376 -0.06847589  0.17622159]
[ 0.08260589 -0.06686788  0.1477835 ]
[ 0.08372953 -0.06871761  0.13745663]
[ 0.08431604 -0.0721317   0.12659347]
[ 0.08709163 -0.08320574  0.09957577]
[ 0.08738371 -0.09042685  0.08535308]
[ 0.08523533 -0.09731732  0.07201407]
[ 0.08269163 -0.10476374  0.05739607]
[ 0.08054864 -0.11022472  0.04356408]
[ 0.07462414 -0.12182998  0.0034835 ]
[ 0.07411054 -0.12551418 -0.00884232]
[ 0.07334796 -0.12961383 -0.02036704]
[ 0.07165461 -0.13377547 -0.03100131]
[ 0.06936265 -0.14453278 -0.04970438]
[ 0.06810718 -0.15073855 -0.05734368]
[ 0.06723706 -0.15748835 -0.06524537]
[ 0.06569642 -0.16394961 -0.07195069]
[ 0.05932974 -0.18407834 -0.08945145]
[ 0.05932974 -0.18407834 -0.08945145]
[ 0.05830499 -0.19108051 -0.0941134 ]
[ 0.05697287 -0.19754095 -0.09783455]
[ 0.05516494 -0.20402458 -0.10097483]
[ 0.0529217  -0.20956095 -0.10417879]
[ 0.04940728 -0.21838987 -0.10988709]
[ 0.04842713 -0.2219937  -0.11191402]
[ 0.04766684 -0.22448874 -0.11248409]
[ 0.04541082 -0.22718213 -0.10875902]
[ 0.0447128  -0.22683051 -0.10467491]
[ 0.04487181 -0.2263145  -0.09969968]
[ 0.04590242 -0.22580394 -0.09381077]
[ 0.04766912 -0.22544603 -0.08020018]
[ 0.04982231 -0.22868739 -0.06665161]
[ 0.05109423 -0.23220016 -0.05979658]
[ 0.0560162  -0.24252102 -0.0352677 ]
[ 0.05810948 -0.24496013 -0.0262922 ]
[ 0.06193045 -0.24690178 -0.01581615]
[ 0.06271442 -0.24899247  0.00599298]
[ 0.06271442 -0.24899247  0.00599298]
[ 0.05741712 -0.24906376  0.02545595]
[ 0.051364   -0.25126496  0.04469223]
[ 0.051364   -0.25126496  0.04469223]
[ 0.04810081 -0.25198376  0.05518785]
[ 0.04549522 -0.25140008  0.06924047]
[ 0.03903612 -0.24922903  0.08679534]
[ 0.03451682 -0.24719886  0.0924095 ]
[ 0.0288637  -0.24495965  0.0942439 ]
[ 0.02216605 -0.24125531  0.09387673]
[ 0.00583093 -0.23436131  0.09023651]
[-0.00264923 -0.23113324  0.08854336]
[-0.02127471 -0.22430827  0.08367176]
[-0.03007428 -0.22041418  0.08058535]
[-0.03767061 -0.21687362  0.07744452]
[-0.05212731 -0.21058679  0.07005709]
[-0.05918909 -0.20854002  0.06532827]
[-0.06668294 -0.2069785   0.05979827]
[-0.0732145  -0.20563592  0.05454984]
[-0.079354   -0.20452656  0.04857023]
[-0.09071141 -0.20279482  0.03516415]
[-0.1040174  -0.20210528  0.02204052]
[-0.11233555 -0.20252243  0.01510718]
[-0.12132154 -0.20317917  0.00895535]
[-0.14645452 -0.20808843 -0.01334464]
[-0.14645452 -0.20808843 -0.01334464]
[-0.15805131 -0.21269184 -0.02891074]
[-0.16485968 -0.2171312  -0.0433478 ]
[-0.16958877 -0.22072431 -0.05632129]
[-0.17135014 -0.22323288 -0.06736805]
[-0.17135014 -0.22323288 -0.06736805]
[-0.1714729  -0.22419292 -0.07202634]
[-0.16971223 -0.22629847 -0.07993379]
[-0.16645584 -0.22716255 -0.07737199]
[-0.16197418 -0.22586356 -0.06731582]
[-0.15276268 -0.22150666 -0.04689983]
[-0.14652507 -0.21870314 -0.03556442]
[-0.11711805 -0.21337095  0.01110434]
[-0.11711805 -0.21337095  0.01110434]
[-0.10778366 -0.21298234  0.02965543]
[-0.09846092 -0.21180308  0.04852852]
[-0.09274036 -0.21106546  0.06686413]
[-0.08727752 -0.21077235  0.08475826]
[-0.07631689 -0.21135861  0.11793658]
[-0.06610231 -0.2105014   0.14557303]
[-0.06216979 -0.20979235  0.15841086]
[-0.0551282  -0.21061936  0.1799404 ]
[-0.05231951 -0.21173254  0.19087811]
[-0.04850868 -0.21385339  0.20609944]
[-0.04850868 -0.21385339  0.20609944]
[-0.04772642 -0.21484533  0.21011829]
[-0.04714269 -0.21644621  0.21178219]
[-0.04733059 -0.21699184  0.20934054]
[-0.04746626 -0.21779183  0.20353061]
[-0.04847612 -0.21829331  0.19675258]
[-0.05178769 -0.21881664  0.1800573 ]
[-0.05272324 -0.2194287   0.16889352]
[-0.05398283 -0.21954502  0.15537348]
[-0.05712286 -0.22000839  0.14031953]
[-0.06139506 -0.2197541   0.12580356]
[-0.06853666 -0.21900019  0.1029373 ]
[-0.07254748 -0.21884538  0.08939254]
[-0.08256178 -0.22042724  0.06417116]
[-0.09248585 -0.22212464  0.0428363 ]
[-0.10365814 -0.2206607   0.02137675]
[-0.10365814 -0.2206607   0.02137675]
[-0.10627492 -0.21928075  0.01605357]
[-0.10708781 -0.21794924  0.01111457]
[-0.10870085 -0.21360441  0.0045106 ]
[-0.10902223 -0.21051916  0.00253788]
[-0.10903494 -0.20697847  0.00119069]
[-0.10899479 -0.20318431  0.00026696]
[-1.05660924e-01 -1.94340512e-01  2.02590600e-05]
[-0.09802568 -0.17092018  0.01482248]
[-0.09802568 -0.17092018  0.01482248]
[-0.09500126 -0.1636489   0.01973083]
[-0.09110874 -0.14884897  0.02464123]
[-0.08924315 -0.13964719  0.02929682]
[-0.08749075 -0.13034078  0.03388822]
[-0.08615948 -0.12012374  0.03971478]
[-0.08323333 -0.10926431  0.04610869]
[-0.07683975 -0.08812161  0.06369024]
[-0.07409759 -0.07772943  0.07365922]
[-0.07413118 -0.05729548  0.09227027]
[-0.07546291 -0.04725132  0.10061694]
[-0.07801913 -0.02748212  0.11533306]
[-0.07938989 -0.01788343  0.12182968]
[-0.07987406 -0.00882597  0.12704836]
[-8.18951368e-02 -6.25450848e-05  1.31608889e-01]
[-0.08240443  0.01462384  0.13934982]
[-0.08369921  0.02886057  0.14551945]
[-0.08630803  0.04278231  0.14968385]
[-0.08630803  0.04278231  0.14968385]
[-0.08769568  0.05004039  0.15130806]
[-0.09216354  0.07034796  0.15784933]
[-0.094408    0.07752626  0.16093707]
[-0.09598836  0.08463358  0.16380498]
[-0.10095978  0.09711292  0.1679534 ]
[-0.10263223  0.10759936  0.17058174]
[-0.10035746  0.11653338  0.16972058]
[-0.09874677  0.12005208  0.16738664]
[-0.0964106   0.13021161  0.15458462]
[-0.0961128   0.13376944  0.14798695]
[-0.09176129  0.1399973   0.13306564]
[-0.08892492  0.14335942  0.12472718]
[-0.0864195   0.14689898  0.1163519 ]
[-0.08468434  0.15024135  0.10746963]
[-0.08447969  0.15291776  0.09975407]
[-0.08538228  0.15681942  0.07339509]
[-0.08538228  0.15681942  0.07339509]
[-0.08851202  0.15588015  0.06354105]
[-0.09069314  0.15477322  0.05406883]
[-0.08934235  0.15297556  0.03503332]
[-0.08335152  0.15423445  0.02496036]
[-0.07689694  0.15697312  0.01679726]
[-0.06995613  0.15954249  0.00873501]
[-0.06366014  0.16038959  0.00076286]
[-0.05846872  0.16010223 -0.00854201]
[-0.0501912   0.15900782 -0.02452227]
[-0.0470922   0.15868519 -0.03042992]
[-0.04467974  0.15898737 -0.03527525]
[-0.04313569  0.15906595 -0.03881424]
[-0.04110093  0.15940051 -0.04503211]
[-0.04055884  0.1596071  -0.04766339]
[-0.04007895  0.1598237  -0.05075058]
[-0.03861208  0.16055058 -0.05677906]
[-0.03958152  0.1619321  -0.05629356]
[-0.04176839  0.1624251  -0.05220132]
[-0.04284616  0.16236837 -0.04461936]
[-0.04669728  0.16378726 -0.03184679]
[-0.04862972  0.16450688 -0.02237962]
[-0.04988852  0.16507384 -0.00961988]
[-0.05447772  0.16742967  0.02222764]
[-0.05511139  0.1687506   0.0375332 ]
[-0.0537791   0.16912287  0.04940493]
[-0.05082099  0.16941889  0.06039335]
[-0.04891763  0.17104073  0.08213572]
[-0.04990061  0.17311819  0.09248247]
[-0.05034308  0.17580898  0.10318819]
[-0.05002387  0.17753275  0.11373631]
[-0.05029987  0.17911318  0.12359817]
[-0.05128925  0.17984992  0.13288413]
[-0.05584958  0.18272299  0.15145868]
[-0.05584958  0.18272299  0.15145868]
[-0.05607233  0.18328579  0.15518372]
[-0.05539821  0.18328442  0.15832925]
[-0.0536276   0.18370475  0.16425432]
[-0.05239736  0.18414636  0.16631982]
[-0.05157332  0.18463953  0.16701661]
[-0.05033934  0.18491058  0.16581105]
[-0.04718122  0.18517302  0.16132073]
[-0.04304454  0.18603458  0.15104863]
[-0.04304454  0.18603458  0.15104863]
[-0.04261366  0.18610834  0.14713474]
[-0.04288092  0.1858255   0.1337783 ]
[-0.04288092  0.1858255   0.1337783 ]
[-0.0428453   0.18610869  0.12934688]
[-0.04283583  0.18672527  0.12477249]
[-0.04204113  0.18754949  0.12014148]
[-0.03654826  0.18874048  0.10769034]
[-0.02362549  0.18939622  0.08278404]
[-0.01989829  0.18848041  0.07363527]
[-0.0147089   0.18714768  0.05286512]
[-0.01372337  0.1871424   0.04232159]
[-0.01353931  0.18772814  0.03227459]
[-0.01259894  0.18758662  0.02310402]
[-0.01116222  0.18764101  0.01436013]
[-0.00863274  0.18884265  0.00290513]
[-0.00733162  0.19147001 -0.0075643 ]
[-0.00695164  0.19186611 -0.00928933]
[-0.00831518  0.19239882 -0.00813069]
[-0.00979478  0.19164282 -0.00517863]
[-0.01190708  0.1909088  -0.00070412]
[-0.01395304  0.19070297  0.00519665]
[-0.01896974  0.19453852  0.02184459]
[-0.02001394  0.19727251  0.03053162]
[-0.0210867   0.19970922  0.03769905]
[-0.02106979  0.20203741  0.04461017]
[-0.02292989  0.20358847  0.05100798]
[-0.02511992  0.20527905  0.05788368]
[-0.0275861   0.20663947  0.06693314]
[-0.02987047  0.20970187  0.08636647]
[-0.03018191  0.21116938  0.09416771]
[-0.03083588  0.21249954  0.10098246]
[-0.03276198  0.21575762  0.11100405]
[-0.0351574   0.21919082  0.12013714]
[-0.03661923  0.22046363  0.12463517]
[-0.03763319  0.22217377  0.13129658]
[-0.03895704  0.22302313  0.13481124]
[-0.03967583  0.2233095   0.13513093]
[-0.03959858  0.22325832  0.13557293]
[-0.03915581  0.22277668  0.13475201]
[-0.0395865   0.22232008  0.13305688]
[-0.03976888  0.22204599  0.1305532 ]
[-0.03992794  0.22182448  0.12476976]
[-0.03706657  0.2199496   0.11495154]
[-0.03385577  0.21737072  0.10908448]
[-0.02769837  0.21105558  0.09518942]
[-0.02563769  0.20828219  0.08787234]
[-0.02795655  0.20345156  0.06760989]
[-0.02844349  0.20138857  0.05596602]
[-0.0271135   0.20008969  0.04384237]
[-0.02299152  0.19921683  0.03113807]
[-0.01453553  0.19695972  0.00430369]
[-0.01206083  0.19509433 -0.00762817]
[-0.01027963  0.19395991 -0.01690698]
[-0.00971019  0.1931984  -0.0244071 ]
[-0.00754988  0.19169036 -0.03530565]
[-0.00567449  0.18912566 -0.04649937]
[-0.00567449  0.18912566 -0.04649937]
[-0.00590838  0.1889212  -0.0502545 ]
[-0.00572422  0.18909933 -0.05388171]
[-0.00452291  0.18915434 -0.0596417 ]
[-0.00361089  0.1886234  -0.06190436]
[-0.00265487  0.18787776 -0.06394491]
[-1.54414773e-04  1.86766937e-01 -6.68405965e-02]
[ 0.00112804  0.18643847 -0.06765335]
[ 0.0032295   0.18599245 -0.0662925 ]
[ 0.00312591  0.18609461 -0.0646062 ]
[ 0.00132123  0.1863187  -0.05741223]
[ 0.00132123  0.1863187  -0.05741223]
[ 0.00034866  0.18563969 -0.05167986]
[-5.97476959e-05  1.85538635e-01 -4.78992052e-02]
[-0.00222356  0.18648903 -0.03590969]
[-0.00222356  0.18648903 -0.03590969]
[-0.00318416  0.18660854 -0.03245001]
[-0.00287106  0.1867218  -0.0289743 ]
[-0.002265    0.18692708 -0.02570929]
[-0.00047412  0.1881237  -0.02006087]
[ 0.00058504  0.18919498 -0.01740403]
[ 0.00178788  0.19142856 -0.01370185]
[ 0.00317364  0.19401488 -0.01159412]
[ 0.00393379  0.19494824 -0.01075651]
[ 0.00672086  0.19694698 -0.00633568]
[ 0.00672086  0.19694698 -0.00633568]
[ 0.00741146  0.19728364 -0.0044769 ]
[ 1.15171582e-02  1.97600484e-01 -9.13552940e-05]
[0.01460608 0.19759734 0.00212684]
[0.01698654 0.19836967 0.00573874]
[0.01666669 0.19813971 0.01051491]
[0.01275074 0.19722262 0.01686082]
[0.01075158 0.19594021 0.01900326]
[0.01086021 0.19530846 0.0239535 ]
[0.01086021 0.19530846 0.0239535 ]
[0.01400452 0.19568896 0.02701841]
[0.02742619 0.19801424 0.03082174]
[0.02742619 0.19801424 0.03082174]
[0.0302474  0.19851264 0.03003008]
[0.0325441  0.19845462 0.02981305]
[0.03725121 0.19776106 0.03307764]
[0.03985672 0.19674191 0.03632858]
[0.04259335 0.19459514 0.03975682]
[0.04667608 0.18797994 0.04290097]
[0.04728708 0.18374319 0.04319059]
[0.04698983 0.16924484 0.04001415]
[0.04698983 0.16924484 0.04001415]
[0.04744137 0.16446514 0.03711801]
[0.0489015  0.15464127 0.02861666]
[0.04968428 0.14961849 0.02300676]
[0.05019275 0.14412947 0.01721752]
[0.05116575 0.13809514 0.01087024]
[0.0531949  0.13041151 0.00437595]
[ 0.0596989   0.1140002  -0.00644705]
[ 0.06233407  0.09804021 -0.01406443]
[ 0.06096958  0.09096057 -0.01590264]
[ 0.05942947  0.0833263  -0.01861642]
[ 0.05603037  0.06806821 -0.02655351]
[ 0.05330018  0.04332672 -0.04941905]
[ 0.05330018  0.04332672 -0.04941905]
[ 0.05768793  0.02581654 -0.06208853]
[ 0.05814663  0.01596173 -0.06734741]
[ 0.0573447   0.00638474 -0.07223603]
[ 0.05682541 -0.01230835 -0.08088576]
[ 0.05682541 -0.01230835 -0.08088576]
[ 0.05829469 -0.02319474 -0.08514101]
[ 0.06356453 -0.05147403 -0.09676452]
[ 0.06234941 -0.05835963 -0.10044128]
[ 0.05656553 -0.06917293 -0.10534809]
[ 0.05280091 -0.07333342 -0.10722859]
[ 0.05042968 -0.07783708 -0.10838757]
[ 0.04849156 -0.0833916  -0.11024794]
[ 0.04380468 -0.09575041 -0.11510395]
[ 0.03650226 -0.10954469 -0.12102125]
[ 0.03650226 -0.10954469 -0.12102125]
[ 0.03464917 -0.12340911 -0.12604064]
[ 0.0340091  -0.13600665 -0.13063806]
[ 0.03321908 -0.14144602 -0.13294584]
[ 0.03063019 -0.15647329 -0.13921691]
[ 0.02968273 -0.16064399 -0.14094476]
[ 0.02865111 -0.1640806  -0.1423334 ]
[ 0.02646937 -0.16827542 -0.14390367]
[ 0.02479548 -0.17156163 -0.14343132]
[ 0.02512894 -0.17324211 -0.14286059]
[ 0.02721114 -0.17433791 -0.14260058]
[ 0.0306169  -0.17678854 -0.14175324]
[ 0.02896968 -0.17845204 -0.13848701]
[ 0.02797332 -0.17860983 -0.13715312]
[ 0.0292814  -0.17811321 -0.14050885]
[ 0.0300393  -0.17838904 -0.14178452]
[ 0.03018347 -0.17854798 -0.14256436]
[ 0.02826615 -0.17904113 -0.14186199]
[ 0.02705357 -0.17943056 -0.1412276 ]
[ 0.02625661 -0.17983396 -0.14067543]
[ 0.02558011 -0.18034871 -0.14010896]
[ 0.02449749 -0.18072695 -0.13902503]
[ 0.02376374 -0.18064877 -0.1378343 ]
[ 0.0208962  -0.18049051 -0.13338283]
[ 0.01967858 -0.1800272  -0.13073429]
[ 0.01908585 -0.17975803 -0.12842712]
[ 0.02074275 -0.17890811 -0.1280507 ]
[ 0.02427219 -0.17835857 -0.12878363]
[ 0.02902082 -0.17667304 -0.12525469]
[ 0.03132189 -0.17603101 -0.12160003]
[ 0.03361658 -0.17541811 -0.11680518]
[ 0.04040333 -0.17558348 -0.10561872]
[ 0.04173035 -0.17574678 -0.09865151]
[ 0.04101855 -0.17551321 -0.08063266]
[ 0.03991919 -0.17538294 -0.07177373]
[ 0.04010045 -0.17530467 -0.06298181]
[ 0.0419369  -0.17505613 -0.0470102 ]
[ 0.0421183  -0.17448039 -0.02641073]
[ 0.03980484 -0.17522945 -0.02051978]
[ 0.03404995 -0.176425   -0.00966994]
[ 0.03051529 -0.17663135 -0.0044692 ]
[ 0.02719167 -0.17707364  0.00055032]
[ 0.02294353 -0.17768255  0.0060217 ]
[ 0.01134079 -0.1816518   0.01669003]
[ 0.0037361  -0.1846256   0.02066788]
[-0.00651487 -0.18775716  0.02163827]
[-0.02644693 -0.19237524  0.02146445]
[-0.03556841 -0.19269158  0.02229786]
[-0.03556841 -0.19269158  0.02229786]
[-0.05654575 -0.19457471  0.02660465]
[-0.05654575 -0.19457471  0.02660465]
[-0.06060194 -0.19668463  0.02771006]
[-0.06336872 -0.19893979  0.02807504]
[-0.06608201 -0.20395298  0.02592318]
[-0.06755502 -0.20560798  0.02347879]
[-0.06944472 -0.20692639  0.0209898 ]
[-0.07233654 -0.20848742  0.01509964]
[-0.07355981 -0.20954691  0.01164742]
[-7.43287295e-02 -2.15811536e-01  1.02911144e-06]
[-0.07372991 -0.21896079 -0.00432944]
[-0.07256804 -0.22506864 -0.01701507]
[-0.07176189 -0.22806013 -0.02358   ]
[-0.0711324  -0.2338894  -0.03835979]
[-0.07108998 -0.23953098 -0.05416826]
[-0.07196594 -0.24200392 -0.06185853]
[-0.07360464 -0.24430512 -0.070416  ]
[-0.07867802 -0.24879724 -0.08843758]
[-0.08058003 -0.25176236 -0.09839544]
[-0.08369146 -0.25946754 -0.1242875 ]
[-0.08369146 -0.25946754 -0.1242875 ]
[-0.07989693 -0.26272327 -0.1393263 ]
[-0.07674016 -0.26436394 -0.15379803]
[-0.07502744 -0.26516041 -0.15950862]
[-0.07228483 -0.2658585  -0.16583505]
[-0.06704391 -0.26729912 -0.17606147]
[-0.06420067 -0.26839408 -0.18016736]
[-0.0586195  -0.27230951 -0.19271959]
[-0.0586195  -0.27230951 -0.19271959]
[-0.0561814  -0.27301612 -0.19715738]
[-0.05349351 -0.2733013  -0.20045277]
[-0.04663216 -0.27414715 -0.20238616]
[-0.03835942 -0.27724832 -0.20062281]
[-0.03354315 -0.27923989 -0.19944714]
[-0.02942422 -0.28097546 -0.1969911 ]
[-0.02515077 -0.28170782 -0.19456372]
[-0.01454454 -0.28087813 -0.18438295]
[-0.00826416 -0.27972981 -0.17699584]
[-0.00051507 -0.27804512 -0.1682328 ]
[ 0.00739655 -0.27652314 -0.15770367]
[ 0.02037323 -0.27433333 -0.13571508]
[ 0.025575   -0.27308089 -0.12575631]
[ 0.0327113  -0.27165413 -0.11569108]
[ 0.04679049 -0.26965019 -0.09358274]
[ 0.05316415 -0.26879498 -0.08369098]
[ 0.07007227 -0.26592425 -0.05816251]
[ 0.07585751 -0.26455727 -0.05028361]
[ 0.08852111 -0.26221323 -0.03039596]
[ 0.08852111 -0.26221323 -0.03039596]
[ 0.09217272 -0.2608355  -0.0252904 ]
[ 0.09614988 -0.26007614 -0.02182288]
[ 0.10435406 -0.25865832 -0.01518333]
[ 0.10771224 -0.25872865 -0.01262937]
[ 0.10993091 -0.25769544 -0.00432615]
[ 0.10993091 -0.25769544 -0.00432615]
[ 0.11010394 -0.25759196 -0.00247563]
[ 0.11083222 -0.25776502 -0.00066076]
[ 1.12558579e-01 -2.57870287e-01 -8.20718706e-05]
[ 0.11379091 -0.25807947 -0.00048215]
[ 0.11484901 -0.25844014 -0.00248834]
[ 0.11542664 -0.25903061 -0.00651356]
[ 0.11266125 -0.25989464 -0.02612666]
[ 0.11266125 -0.25989464 -0.02612666]
[ 0.10843552 -0.25962409 -0.03348275]
[ 0.10507209 -0.25936788 -0.04191105]
[ 0.10068259 -0.25591362 -0.06408882]
[ 0.0996485  -0.25366622 -0.07517967]
[ 0.09658117 -0.25164387 -0.0870233 ]
[ 0.09258626 -0.24998149 -0.10108028]
[ 0.08591326 -0.24803612 -0.1164979 ]
[ 0.06913649 -0.24463002 -0.14412124]
[ 0.05985314 -0.24354091 -0.15737984]
[ 0.05425057 -0.24277163 -0.16891555]
[ 0.04923681 -0.24248888 -0.17909952]
[ 0.04591229 -0.24142385 -0.18775149]
[ 0.04325671 -0.24033913 -0.19608642]
[ 0.03336943 -0.23771532 -0.21342631]
[ 0.03336943 -0.23771532 -0.21342631]
[ 0.03066943 -0.23746955 -0.21627972]
[ 0.0286312  -0.23568274 -0.21619229]
[ 0.0286312  -0.23568274 -0.21619229]
[ 0.0285146  -0.23401392 -0.21334808]
[ 0.02778483 -0.23228778 -0.2097327 ]
[ 0.02978218 -0.22881494 -0.20090891]
[ 0.03255851 -0.22740386 -0.19380684]
[ 0.03833472 -0.22202276 -0.15546469]
[ 0.03682416 -0.2215441  -0.13889971]
[ 0.03666942 -0.22517456 -0.07849194]
[ 0.03666942 -0.22517456 -0.07849194]
[ 0.03886133 -0.22832911 -0.06192154]
[ 0.04365351 -0.23082566 -0.0453103 ]
[ 0.04771984 -0.23246673 -0.03029142]
[ 0.05438147 -0.23039848 -0.00098212]
[ 0.0601597  -0.22259495  0.02953905]
[ 0.0601597  -0.22259495  0.02953905]
[ 0.06006379 -0.22126597  0.03836664]
[ 0.0571479  -0.21799932  0.06101387]
[ 0.0571479  -0.21799932  0.06101387]
[ 0.05706929 -0.21634585  0.06647169]
[ 0.05810497 -0.21525624  0.07106098]
[ 0.05975962 -0.21427265  0.07668477]
[ 0.06008419 -0.21412519  0.07729347]
[ 0.05906267 -0.213521    0.07308599]
[ 0.05759536 -0.21278539  0.07002473]
[ 0.05604049 -0.21260917  0.0658697 ]
[ 0.05504181 -0.21459813  0.04877863]
[ 0.05504181 -0.21459813  0.04877863]
[ 0.05450242 -0.21620987  0.0400555 ]
[ 0.0503652  -0.21852224  0.00376292]
[ 0.0503652  -0.21852224  0.00376292]
[ 0.04992492 -0.21859874 -0.00632145]
[ 0.04941062 -0.21778865 -0.01566116]
[ 0.04946846 -0.21644504 -0.03412312]
[ 0.05009099 -0.21594822 -0.04284527]
[ 0.06110676 -0.21481557 -0.07582679]
[ 0.06110676 -0.21481557 -0.07582679]
[ 0.06404578 -0.2159681  -0.0857463 ]
[ 0.06580657 -0.21637347 -0.11522742]
[ 0.06580657 -0.21637347 -0.11522742]
[ 0.06409842 -0.21579227 -0.12496304]
[ 0.06246773 -0.21610886 -0.13402505]
[ 0.05475936 -0.21911062 -0.14999039]
[ 0.04991744 -0.22121499 -0.15688887]
[ 0.04528146 -0.2229818  -0.16283891]
[ 0.04177149 -0.22434214 -0.16739324]
[ 0.04021639 -0.22595192 -0.17080945]
[ 0.03861422 -0.22936076 -0.17520793]
[ 0.03867713 -0.2311684  -0.17624445]
[ 0.03994573 -0.23373009 -0.17755356]
[ 0.04145802 -0.23508975 -0.17731006]
[ 0.04306749 -0.23625256 -0.17639202]
[ 0.04706453 -0.2384139  -0.17154223]
[ 0.04799529 -0.23920068 -0.16720514]
[ 0.04738927 -0.23948017 -0.15942179]
[ 0.05113119 -0.2389361  -0.15144314]
[ 0.05422837 -0.23880194 -0.14671162]
[ 0.05683159 -0.23872754 -0.14213181]
[ 0.06369477 -0.23998535 -0.13067812]
[ 0.06696195 -0.2411043  -0.12773931]
[ 0.06992171 -0.24230385 -0.12546736]
[ 0.07217961 -0.24340211 -0.1233182 ]
[ 0.07657186 -0.24326837 -0.11936941]
[ 0.07798471 -0.24248505 -0.11719953]
[ 0.07893348 -0.24117415 -0.11512133]
[ 0.07812572 -0.23927765 -0.11215687]
[ 0.07745304 -0.23871598 -0.11094932]
[ 0.07901694 -0.23885944 -0.10958734]
[ 0.08412587 -0.2389486  -0.10785855]
[ 0.08478508 -0.23734643 -0.107139  ]
[ 0.0851383  -0.23636946 -0.10629775]
[ 0.08556373 -0.23557933 -0.10571673]
[ 0.08663585 -0.23468205 -0.10410842]
[ 0.08757447 -0.23459272 -0.10382687]
[ 0.09006364 -0.23432553 -0.10322537]
[ 0.09068888 -0.23395179 -0.10241441]
[ 0.09086247 -0.23333758 -0.10101072]
[ 0.09153149 -0.23210596 -0.09765677]
[ 0.09254934 -0.23122039 -0.09531288]
[ 0.09370301 -0.23001125 -0.09175875]
[ 0.09483024 -0.22807376 -0.08666295]
[ 0.09720944 -0.22292225 -0.07159629]
[ 0.09850747 -0.2198247  -0.06228901]
[ 0.10017622 -0.21222711 -0.03036282]
[ 0.10017622 -0.21222711 -0.03036282]
[ 0.09895123 -0.21135326 -0.02004568]
[ 0.09299422 -0.20661652  0.00874522]
[ 0.09299422 -0.20661652  0.00874522]
[ 0.09220686 -0.20345639  0.01710461]
[ 0.09230181 -0.20097506  0.02474338]
[ 0.09742492 -0.19783261  0.03746804]
[ 0.09897929 -0.19634126  0.04197109]
[ 0.10072107 -0.19117101  0.0496347 ]
[ 0.10072107 -0.19117101  0.0496347 ]
[ 0.10125244 -0.19026396  0.05033102]
[ 0.10502086 -0.18934508  0.04626806]
[ 0.10502086 -0.18934508  0.04626806]
[ 0.10574258 -0.18820809  0.04253613]
[ 0.10697944 -0.18698253  0.03706635]
[ 0.10772318 -0.18623073  0.01983937]
[ 0.10592566 -0.18772389  0.00858623]
[ 0.10139934 -0.18856977 -0.00587897]
[ 0.09514514 -0.18831947 -0.01939425]
[ 0.09073535 -0.18800588 -0.03402059]
[ 0.08997982 -0.18772493 -0.0469877 ]
[ 0.08418801 -0.19447678 -0.08823021]
[ 0.07983594 -0.1969101  -0.10140441]
[ 0.07102943 -0.19832397 -0.12952431]
[ 0.06770333 -0.19913565 -0.14173196]
[ 0.06541409 -0.19944006 -0.15259838]
[ 0.06344398 -0.20012119 -0.16092686]
[ 0.06203238 -0.20090099 -0.16801712]
[ 0.06024619 -0.20141612 -0.17307147]
[ 0.05929267 -0.20201829 -0.17756554]
[ 0.0573331  -0.20277336 -0.18467163]
[ 0.05648119 -0.20307617 -0.18652698]
[ 0.05559216 -0.20348753 -0.18587402]
[ 0.05680316 -0.2041581  -0.16528985]
[ 0.05680316 -0.2041581  -0.16528985]
[ 0.0587969  -0.20435908 -0.1555319 ]
[ 0.05929942 -0.20488077 -0.14415605]
[ 0.06534359 -0.2034632  -0.12082013]
[ 0.07413942 -0.20432433 -0.11082135]
[ 0.10040942 -0.21012233 -0.07425563]
[ 0.10584501 -0.21207324 -0.0624437 ]
[ 0.11178059 -0.21414956 -0.04207395]
[ 0.11194611 -0.21476518 -0.03502239]
[ 0.10895169 -0.21462782 -0.0274357 ]
[ 0.10809792 -0.21447073 -0.02633526]
[ 0.10766239 -0.21478601 -0.02914781]
[ 0.10703955 -0.21557294 -0.03326067]
[ 0.10419679 -0.21679616 -0.04768849]
[ 0.10203702 -0.21440367 -0.07899937]
[ 0.10231519 -0.21451984 -0.09156851]
[ 0.10130329 -0.21475017 -0.10366782]
[ 0.09889278 -0.21476845 -0.11902945]
[ 0.09415907 -0.21340324 -0.145724  ]
[ 0.09162163 -0.21362446 -0.15754409]
[ 0.0881883  -0.21321635 -0.17055595]
[ 0.08052172 -0.21329619 -0.19448817]
[ 0.07774243 -0.21333095 -0.2039686 ]
[ 0.07146536 -0.21360272 -0.21691577]
[ 0.06672609 -0.21242553 -0.22396377]
[ 0.06598493 -0.2128952  -0.22192623]
[ 0.06598493 -0.2128952  -0.22192623]
[ 0.06600702 -0.21334717 -0.21871665]
[ 0.07275259 -0.21379034 -0.20403782]
[ 0.07440656 -0.21369113 -0.19809109]
[ 0.07608556 -0.21337222 -0.19029179]
[ 0.08010267 -0.21395132 -0.17138639]
[ 0.08985267 -0.21958403 -0.14378932]
[ 0.0944213  -0.22192122 -0.13467057]
[ 0.09803852 -0.22368787 -0.12549339]
[ 0.10238478 -0.22428627 -0.11567362]
[ 0.10580066 -0.22436967 -0.1065807 ]
[ 0.11190221 -0.22740883 -0.08698557]
[ 0.11528618 -0.2292089  -0.0770089 ]
[ 0.11758578 -0.23125732 -0.06603997]
[ 0.11957354 -0.23301522 -0.05443089]
[ 0.12086356 -0.23412481 -0.04323598]
[ 0.12190137 -0.23619099 -0.02341214]
[ 0.12197966 -0.23712784 -0.01509578]
[ 0.12174416 -0.23808901 -0.00860433]
[ 0.12205408 -0.23864608 -0.00345039]
[ 0.12110788 -0.23932253  0.00066883]
[ 1.19925594e-01 -2.39310011e-01 -2.09730119e-04]
[ 0.11898557 -0.23933315 -0.00365138]
[ 0.1186955  -0.23859717 -0.00969233]
[ 0.12012977 -0.23763545 -0.02880986]
[ 0.12106076 -0.23678444 -0.05247016]
[ 0.12150252 -0.23541632 -0.06521183]
[ 0.12021787 -0.23508094 -0.08012807]
[ 0.11299134 -0.23706281 -0.12272704]
[ 0.10946337 -0.23761854 -0.13678846]
[ 0.10610709 -0.23826033 -0.14718102]
[ 0.10271019 -0.23912272 -0.15867722]
[ 0.10006983 -0.23914707 -0.16864675]
[ 0.08729938 -0.24003315 -0.20002483]
[ 0.08729938 -0.24003315 -0.20002483]
[ 0.08169342 -0.24134143 -0.20797436]
[ 0.07969672 -0.24214816 -0.20632868]
[ 0.07910102 -0.24234678 -0.20296378]
[ 0.07883815 -0.24119884 -0.19791022]
[ 0.07791617 -0.23630008 -0.18124653]
[ 0.08011337 -0.23300876 -0.15595359]
[ 0.0805107  -0.23087628 -0.14178966]
[ 0.08444533 -0.22633997 -0.11001015]
[ 0.09059959 -0.21900702 -0.07766409]
[ 0.09471614 -0.21261695 -0.05876029]
[ 0.09826717 -0.20094238 -0.02976936]
[ 0.0958443  -0.18649292 -0.00409428]
[ 0.09595679 -0.17939919  0.00763171]
[ 0.09629681 -0.17173785  0.01866879]
[ 0.09832465 -0.16326687  0.03009815]
[ 0.10081375 -0.14275306  0.05241399]
[ 0.10091884 -0.13131447  0.06289343]
[ 0.10067687 -0.10850345  0.08547832]
[ 0.10260064 -0.086135    0.10688609]
[ 0.10515255 -0.07505506  0.1147209 ]
[ 0.10710535 -0.06477164  0.12285244]
[ 0.10875118 -0.05504693  0.1311942 ]
[ 0.11241603 -0.02622797  0.15340066]
[ 0.11170957 -0.00447509  0.17101508]
[0.10900447 0.00510393 0.17902642]
[0.10754574 0.03177116 0.1897027 ]
[0.10843063 0.04991575 0.19290414]
[0.10843063 0.04991575 0.19290414]
[0.1069063  0.05926736 0.19513208]
[0.10693884 0.06880631 0.19639991]
[0.10912228 0.08732434 0.20002332]
[0.11092517 0.09724253 0.20176275]
[0.11173776 0.1070441  0.20332363]
[0.11154128 0.12529378 0.20357054]
[0.1116359  0.13532251 0.20151138]
[0.11031023 0.15494123 0.19275795]
[0.10991485 0.16377978 0.1855333 ]
[0.10860551 0.1730153  0.17283705]
[0.10758567 0.17981526 0.15696079]
[0.1112156  0.1849049  0.12874448]
[0.11503351 0.18607806 0.11234827]
[0.12330062 0.19155715 0.08194039]
[0.12572334 0.19469602 0.0635774 ]
[0.12766138 0.1977744  0.04543937]
[ 0.13815556  0.20469235 -0.00992776]
[ 0.14094377  0.20681211 -0.02339627]
[ 0.14458085  0.21056758 -0.03773228]
[ 0.14903045  0.21849188 -0.06670865]
[ 0.15127928  0.22201191 -0.08017582]
[ 0.15220959  0.22518542 -0.09146724]
[ 0.15371797  0.22812611 -0.1006494 ]
[ 0.15398038  0.23059662 -0.10782144]
[ 0.15313376  0.23280723 -0.11192755]
[ 0.14863006  0.23866904 -0.10933615]
[ 0.13609523  0.24457739 -0.0857354 ]
[ 0.12189681  0.24683149 -0.04785928]
[ 0.12189681  0.24683149 -0.04785928]
[ 0.12343231  0.2490029  -0.03243788]
[ 0.12242804  0.25050777 -0.01723802]
[0.11989546 0.25383517 0.00036236]
[0.1125258  0.25582883 0.01623989]
[0.09813664 0.25993714 0.04705516]
[0.09351566 0.26235998 0.0640901 ]
[0.09116455 0.2646707  0.08032586]
[0.08984239 0.26686224 0.09636995]
[0.08555981 0.27209219 0.12713307]
[0.08328374 0.2746985  0.14022444]
[0.0797006 0.2759451 0.1516384]
[0.07744319 0.27607954 0.16058658]
[0.07656707 0.27563712 0.16644216]
[0.078108   0.270706   0.17045361]
[0.08114917 0.26608208 0.16734903]
[0.08492813 0.25510886 0.15863675]
[0.08613971 0.24852242 0.15199004]
[0.08527455 0.2328829  0.13589695]
[0.08551509 0.22380719 0.12287867]
[0.08697035 0.20465684 0.08500303]
[0.09058039 0.18523245 0.05481984]
[0.09101207 0.17748372 0.03628623]
[0.09442348 0.16918205 0.01973581]
[ 0.1003359  0.1502002 -0.0105156]
[ 0.10984991  0.12241591 -0.05455368]
[ 0.11074129  0.11460671 -0.0695781 ]
[ 0.11297954  0.09922399 -0.09380248]
[ 0.11320598  0.0815464  -0.1127559 ]
[ 0.11176769  0.07263697 -0.12148052]
[ 0.11210755  0.06424373 -0.1291073 ]
[ 0.1135805   0.05691937 -0.13522905]
[ 0.113715    0.05045757 -0.14121631]
[ 0.11375395  0.04555322 -0.14439015]
[ 0.11154399  0.03054842 -0.14182965]
[ 0.11154399  0.03054842 -0.14182965]
[ 0.11179248  0.02532561 -0.13209304]
[ 0.11095507  0.02089866 -0.11905874]
[ 0.11019722  0.01634391 -0.09291171]
[ 0.1092316   0.01476919 -0.07742998]
[ 0.11007923  0.01402128 -0.05804734]
[ 0.11042086  0.01460332 -0.0369579 ]
[0.10170505 0.01887385 0.00130896]
[0.09776168 0.02361562 0.05568638]
[0.09711148 0.02547737 0.07208237]
[0.09107887 0.03384035 0.10692102]
[0.0869391  0.03978836 0.12138097]
[0.08198158 0.04549603 0.1338792 ]
[0.07891174 0.05093449 0.14550576]
[0.07811168 0.05501094 0.15720242]
[0.07604173 0.06511009 0.17273314]
[0.07504351 0.07787016 0.18194167]
[0.07490627 0.08442213 0.18457858]
[0.07539495 0.09110964 0.18526635]
[0.07794244 0.10644879 0.17901935]
[0.07794244 0.10644879 0.17901935]
[0.0788859  0.11035968 0.17416193]
[0.07971748 0.11162201 0.1699976 ]
[0.0802613  0.11222903 0.15102735]
[0.0813488  0.11281408 0.13719971]
[0.08164558 0.11326839 0.1235597 ]
[0.08524658 0.11812208 0.09055431]
[0.08524658 0.11812208 0.09055431]
[0.08386471 0.12188669 0.07062734]
[0.08255274 0.1222348  0.03577464]
[0.08285905 0.1231413  0.01995169]
[0.0831697  0.12338742 0.00613689]
[ 0.08333433  0.12414051 -0.00694631]
[ 0.08832741  0.12480956 -0.03299011]
[ 0.09172704  0.12349039 -0.04729618]
[ 0.09412437  0.12157887 -0.06095446]
[ 0.09565649  0.11867878 -0.07188606]
[ 0.09698383  0.11506649 -0.08332194]
[ 0.09595465  0.11091002 -0.09330492]
[ 0.08978028  0.09578695 -0.12130149]
[ 0.08730549  0.0907234  -0.13040163]
[ 0.0804983   0.07973003 -0.14763752]
[ 0.0765064   0.07475112 -0.15591775]
[ 0.07123376  0.06546956 -0.17092833]
[ 0.06953818  0.06022865 -0.17618324]
[ 0.07027411  0.04426982 -0.18240425]
[ 0.06941718  0.01660541 -0.1890102 ]
[ 0.06667689  0.00713583 -0.19168861]
[ 0.06674152 -0.02028129 -0.19060306]
[ 0.06674152 -0.02028129 -0.19060306]
[ 0.07534256 -0.03104484 -0.18822162]
[ 0.08323341 -0.04167105 -0.17092034]
[ 0.08579429 -0.04736454 -0.15426393]
[ 0.08702046 -0.05293035 -0.13407552]
[ 0.08991574 -0.06403926 -0.09824701]
[ 0.08952796 -0.06803115 -0.08564553]
[ 0.09066578 -0.07408854 -0.0575026 ]
[ 0.09071112 -0.07660864 -0.04147667]
[ 0.09084421 -0.07917827 -0.02606085]
[ 0.09033277 -0.08201201 -0.0112696 ]
[ 0.09001919 -0.08449715  0.00331969]
[ 0.08818856 -0.08681796  0.02881379]
[ 0.08736092 -0.08731093  0.03961288]
[ 0.08685481 -0.08850209  0.05142181]
[ 0.08756948 -0.0898172   0.06330365]
[ 0.09006803 -0.0936532   0.08724866]
[ 0.09249238 -0.09508676  0.0984335 ]
[ 0.09483755 -0.09674728  0.10829582]
[ 0.09819763 -0.09874178  0.123126  ]
[ 0.09911465 -0.10021706  0.1301513 ]
[ 0.09905565 -0.10423158  0.14497718]
[ 0.09716966 -0.10569533  0.14983951]
[ 0.09541889 -0.10699491  0.15305842]
[ 0.09199837 -0.10723316  0.15290111]
[ 0.08548223 -0.10172252  0.14000818]
[ 0.08548223 -0.10172252  0.14000818]
[ 0.08273972 -0.09905013  0.13331172]
[ 0.08159039 -0.08857438  0.1091063 ]
[ 0.08159039 -0.08857438  0.1091063 ]
[ 0.08142214 -0.08339626  0.09971362]
[ 0.08034583 -0.07724816  0.09030033]
[ 0.07789577 -0.05488335  0.05462063]
[ 0.07618367 -0.03409556  0.02125461]
[ 0.07618367 -0.03409556  0.02125461]
[ 0.07508228 -0.02855919  0.0123921 ]
[ 0.07037533 -0.02014025 -0.00627689]
[ 0.06588692 -0.01711166 -0.01680472]
[ 0.06217979 -0.01510199 -0.02615747]
[ 0.05938139 -0.01343979 -0.03419818]
[ 0.05507799 -0.01124983 -0.05100317]
[ 0.05580727 -0.0099944  -0.05866987]
[ 0.05857571 -0.00956531 -0.06552714]
[ 0.06267146 -0.01106741 -0.07679272]
[ 0.06231566 -0.01309388 -0.08046493]
[ 0.05850889 -0.01914565 -0.08297013]
[ 0.05655148 -0.02231571 -0.08094408]
[ 0.05596898 -0.02471097 -0.07600379]
[ 0.05470591 -0.02979095 -0.06508816]
[ 0.05386441 -0.03465296 -0.0553184 ]
[ 0.0542682  -0.04023731 -0.04293648]
[ 0.05615487 -0.04668382 -0.02833681]
[ 0.0605781  -0.05738904 -0.00017123]
[ 0.0527894  -0.0755415   0.05578775]
[ 0.05139788 -0.07908275  0.07149913]
[ 0.05652848 -0.08729756  0.11812917]
[ 0.05652848 -0.08729756  0.11812917]
[ 0.05921534 -0.08994777  0.13741498]
[ 0.06146113 -0.0928125   0.15162493]
[ 0.06192645 -0.09397219  0.15689203]
[ 0.06120128 -0.09546233  0.16229381]
[ 0.06118547 -0.09572007  0.16072857]
[ 0.06030815 -0.09629896  0.15386754]
[ 0.06000274 -0.0974661   0.14915965]
[ 0.06042335 -0.10122176  0.13315763]
[ 0.0585972  -0.10252789  0.1231198 ]
[ 0.05662297 -0.103033    0.10161492]
[ 0.05837064 -0.10611176  0.0683301 ]
[ 0.05052825 -0.10745833  0.03684311]
[ 0.04459389 -0.10757615  0.02262399]
[ 0.0379272  -0.10825881  0.01033655]
[ 0.02610468 -0.10952067 -0.01261768]
[ 0.01537161 -0.10980198 -0.03436968]
[ 0.01182598 -0.10993636 -0.04330307]
[ 0.01055313 -0.11117201 -0.05248429]
[ 0.01045345 -0.11324971 -0.06151348]
[ 0.01171625 -0.11669695 -0.06957404]
[ 0.01285181 -0.12722579 -0.08646074]
[ 0.01285181 -0.12722579 -0.08646074]
[ 0.01224577 -0.12991299 -0.09012166]
[ 0.0109197  -0.1326824  -0.09405768]
[ 0.0079317  -0.13408308 -0.09378261]
[ 0.00626216 -0.1348508  -0.0923415 ]
[ 0.00534414 -0.13642499 -0.09013675]
[ 0.00510838 -0.13796005 -0.08739534]
[ 0.00798371 -0.14202209 -0.0774297 ]
[ 0.01594218 -0.14746913 -0.0619716 ]
[ 0.02273474 -0.15051977 -0.05078079]
[ 0.03072878 -0.15441656 -0.03785601]
[ 0.0392046  -0.16145173 -0.00794866]
[ 0.03976831 -0.16393569  0.01992642]
[ 0.03803377 -0.16394295  0.03023366]
[ 0.03508348 -0.16360165  0.04247421]
[ 0.03403898 -0.16322276  0.06876811]
[ 0.0355471  -0.16367541  0.08157026]
[ 0.04059873 -0.16396078  0.10083105]
[ 0.04247697 -0.16273707  0.11991016]
[ 0.04297452 -0.16150016  0.12863246]
[ 0.04316101 -0.16097973  0.13734706]
[ 0.04467181 -0.1604317   0.14482543]
[ 0.04705321 -0.16022497  0.15118995]
[ 0.05061587 -0.16049057  0.15771644]
[ 0.05854504 -0.16161358  0.17061445]
[ 0.06306123 -0.16292453  0.17740339]
[ 0.06528164 -0.1635194   0.18180881]
[ 0.06709999 -0.16394395  0.18556403]
[ 0.06831495 -0.16279021  0.19285248]
[ 0.06856838 -0.16269518  0.19762494]
[ 0.06945904 -0.16262507  0.20208928]
[ 0.06999854 -0.16224571  0.20502748]
[ 0.07064    -0.16141132  0.20678595]
[ 0.07076793 -0.15817927  0.2074417 ]
[ 0.07016205 -0.15602005  0.20752972]
[ 0.06829367 -0.15359668  0.20720515]
[ 0.06663098 -0.14810501  0.20469087]
[ 0.06553586 -0.1447753   0.20321454]
[ 0.06395479 -0.1327644   0.19845574]
[ 0.06327995 -0.12828776  0.19557354]
[ 0.05931664 -0.11869816  0.18854612]
[ 0.05784606 -0.1135136   0.18602487]
[ 0.05768052 -0.10328925  0.18136615]
[ 0.05973054 -0.09816776  0.17771603]
[ 0.06254958 -0.08663549  0.17095684]
[ 0.06363293 -0.08034635  0.1680785 ]
[ 0.06915045 -0.06879085  0.16288239]
[ 0.07382466 -0.05708678  0.16207556]
[ 0.07435251 -0.05063903  0.16088545]
[ 0.07456604 -0.04375765  0.15932295]
[ 0.08189195 -0.02961572  0.14834978]
[ 0.08679775 -0.02140092  0.14155143]
[ 0.09172996 -0.00790762  0.13025911]
[ 0.09259052 -0.00199268  0.1253877 ]
[0.09265324 0.00327226 0.12222377]
[0.09266386 0.01470318 0.11595849]
[0.08974171 0.02823166 0.10794415]
[0.08833962 0.03404345 0.10390169]
[0.08821124 0.03931104 0.09913122]
[0.08723914 0.04381922 0.09454705]
[0.08558098 0.05273248 0.08762728]
[0.08390825 0.05732501 0.08644868]
[0.08279124 0.06157358 0.08565079]
[0.08207875 0.06870978 0.08319578]
[0.08290206 0.07185821 0.08133326]
[0.08350669 0.07848489 0.07708283]
[0.08316151 0.08142237 0.07355254]
[0.08435487 0.08432773 0.06888555]
[0.08526981 0.0898492  0.05617501]
[0.08660696 0.0927896  0.04988522]
[0.08828293 0.09489188 0.044567  ]
[0.08983306 0.09631183 0.03986768]
[0.09127805 0.09802818 0.03381561]
[0.09113725 0.10018669 0.01757454]
[0.09087873 0.10051067 0.0080509 ]
[ 0.0900765   0.100757   -0.00057804]
[ 0.08933393  0.10139432 -0.00835633]
[ 0.09077049  0.10329223 -0.01963815]
[ 0.09136521  0.10328285 -0.02311546]
[ 0.09077994  0.10278641 -0.03444273]
[ 0.09077994  0.10278641 -0.03444273]
[ 0.08991983  0.10284375 -0.04487424]
[ 0.09044737  0.10328199 -0.05831841]
[ 0.09444233  0.10009131 -0.08635791]
[ 0.09596608  0.09770758 -0.09844007]
[ 0.09601746  0.09566186 -0.10834501]
[ 0.09467567  0.09424482 -0.11762933]
[ 0.09201734  0.09335815 -0.12608323]
[ 0.08620883  0.09159845 -0.14208752]
[ 0.08333016  0.09043116 -0.14985937]
[ 0.07986591  0.08932464 -0.15730013]
[ 0.07721803  0.08825631 -0.16406441]
[ 0.0676041   0.08493763 -0.17937729]
[ 0.05848407  0.08036187 -0.19007531]
[ 0.05322332  0.07873528 -0.20421597]
[ 0.05234583  0.07901488 -0.20644398]
[ 0.04788003  0.07841233 -0.20814553]
[ 0.04504656  0.07708202 -0.20697953]
[ 0.03910167  0.07358883 -0.20125999]
[ 0.03384705  0.07142212 -0.1918311 ]
[ 0.03184553  0.07077062 -0.18543822]
[ 0.03087517  0.07016311 -0.17795016]
[ 0.02773376  0.06885851 -0.16412283]
[ 0.02661023  0.06846836 -0.14925031]
[ 0.02323126  0.06801206 -0.12841603]
[ 0.02041725  0.07064194 -0.10411099]
[ 0.01566931  0.07404853 -0.08242643]
[ 0.01454372  0.07569712 -0.07014154]
[ 0.01480191  0.07675416 -0.05566995]
[ 0.01317022  0.07845408 -0.02734858]
[ 0.01181493  0.07960202 -0.01490094]
[0.00892358 0.08400911 0.01060396]
[0.00832061 0.08617046 0.02272801]
[0.00543525 0.08911331 0.0494355 ]
[0.00400603 0.09231395 0.07600464]
[0.00407345 0.09427442 0.08833075]
[0.00438621 0.09567387 0.09988008]
[0.00415189 0.09749468 0.11037656]
[0.00067299 0.10078875 0.12902641]
[-0.00057576  0.10221037  0.13735826]
[-0.00128535  0.1036673   0.14468168]
[-0.00095267  0.10472965  0.15065353]
[-0.00037035  0.10641009  0.15994197]
[0.00019816 0.10653052 0.1627883 ]
[0.00375446 0.10564376 0.16527744]
[0.0068284  0.10462862 0.16426285]
[0.0099784  0.10337321 0.16278748]
[0.01323224 0.10015532 0.15931505]
[0.01428283 0.09817442 0.15696372]
[0.01576639 0.09544209 0.15395138]
[0.01759324 0.09208902 0.14981605]
[0.01901889 0.08035419 0.13877064]
[0.0186426  0.07768968 0.13481627]
[0.01844532 0.0747506  0.12938127]
[0.01876271 0.06250331 0.10469419]
[0.02215259 0.05752622 0.09783393]
[0.0258129  0.05221519 0.08840531]
[0.02818069 0.04754157 0.07786307]
[0.03004222 0.04302697 0.06550226]
[0.03061841 0.03414926 0.04231648]
[0.03002225 0.02210253 0.01861922]
[0.03002225 0.02210253 0.01861922]
[0.02858894 0.01573005 0.00869477]
[ 0.01966191 -0.00256027 -0.01595703]
[ 0.01966191 -0.00256027 -0.01595703]
[ 0.01727091 -0.00860655 -0.02284126]
[ 0.01697395 -0.01488644 -0.02958608]
[ 0.01759694 -0.02801817 -0.04231321]
[ 0.01840884 -0.03387348 -0.04764179]
[ 0.01896793 -0.03988326 -0.05354383]
[ 0.01969915 -0.04495448 -0.05889583]
[ 0.02086217 -0.04963921 -0.06120162]
[ 0.02190328 -0.05979731 -0.06420708]
[ 0.02225979 -0.06363649 -0.06591459]
[ 0.02202023 -0.06780491 -0.06970061]
[ 0.01999398 -0.07724267 -0.07927062]
[ 0.01999398 -0.07724267 -0.07927062]
[ 0.01766186 -0.08369802 -0.08348557]
[ 0.01400923 -0.09505226 -0.08838343]
[ 0.01253845 -0.10496777 -0.09219462]
[ 0.0136945  -0.10987917 -0.09446981]
[ 0.01586435 -0.11839718 -0.09773925]
[ 0.01729811 -0.12985381 -0.10360967]
[ 0.01519667 -0.14341515 -0.10987168]
[ 0.01519667 -0.14341515 -0.10987168]
[ 0.01380815 -0.1466527  -0.11207731]
[ 0.0110532  -0.1517559  -0.11455566]
[ 0.00834451 -0.15672232 -0.11535805]
[ 0.00739872 -0.15846387 -0.11538639]
[ 0.00566345 -0.16023503 -0.11463538]
[ 0.00243992 -0.1626122  -0.11053953]
[ 0.00186217 -0.16515227 -0.1028863 ]
[ 0.00282781 -0.16555248 -0.09141289]
[ 0.00481181 -0.1635022  -0.08082431]
[ 0.0100263  -0.15914834 -0.07279264]
[ 0.01568658 -0.15681036 -0.0675309 ]
[ 0.02192082 -0.15435156 -0.06185149]
[ 0.02715257 -0.15217264 -0.05650809]
[ 0.03777776 -0.14801595 -0.0457666 ]
[ 0.04021545 -0.14576183 -0.04134261]
[ 0.03887661 -0.13914749 -0.02556831]
[ 0.03794417 -0.13687888 -0.01967695]
[ 0.04332097 -0.12918691 -0.00494252]
[ 0.04332097 -0.12918691 -0.00494252]
[ 0.04520824 -0.12596673  0.00035227]
[ 0.04592135 -0.1228767   0.0056771 ]
[ 0.04572303 -0.11854126  0.01924452]
[ 0.04457376 -0.11568188  0.02587191]
[ 0.04312166 -0.11214136  0.03335022]
[ 0.04204298 -0.10807738  0.04148493]
[ 0.04067521 -0.10318775  0.05010295]
[ 0.03648297 -0.09248054  0.06368382]
[ 0.03566315 -0.08633689  0.06889006]
[ 0.03624069 -0.08005501  0.07272851]
[ 0.03924171 -0.0680695   0.07942077]
[ 0.03924171 -0.0680695   0.07942077]
[ 0.04093996 -0.0620928   0.08346648]
[ 0.0482879  -0.04179638  0.09592747]
[ 0.0482879  -0.04179638  0.09592747]
[ 0.05404011 -0.02891206  0.101817  ]
[ 0.0594858  -0.01600517  0.10623696]
[ 0.06212913 -0.00974723  0.10877569]
[ 0.0657197  -0.00329357  0.11200551]
[0.06795058 0.00220709 0.11612297]
[0.06978407 0.01218142 0.12457757]
[0.07006293 0.01738184 0.1292408 ]
[0.0705787  0.0231328  0.13423741]
[0.07188945 0.02988847 0.13942018]
[0.07317891 0.03674307 0.14405768]
[0.07474222 0.04470304 0.14797965]
[0.0767344  0.05943451 0.15428847]
[0.07747108 0.06736396 0.157903  ]
[0.07777683 0.07431312 0.16152944]
[0.07942756 0.08724903 0.16957012]
[0.08030263 0.09379238 0.17367168]
[0.08084925 0.10062491 0.17833649]
[0.08047312 0.1072384  0.18382572]
[0.08019435 0.11391864 0.18889475]
[0.08110367 0.12058675 0.19483259]
[0.08393388 0.13954799 0.21599893]
[0.08393388 0.13954799 0.21599893]
[0.08370701 0.14600676 0.22352821]
[0.08383403 0.15840128 0.23653628]
[0.08372528 0.1634344  0.24339458]
[0.08382026 0.16849075 0.24954854]
[0.08356324 0.17296331 0.25481662]
[0.08152658 0.18072087 0.26185662]
[0.0797302  0.1829529  0.26476267]
[0.07462116 0.18583517 0.27028728]
[0.07330332 0.18674539 0.27001294]
[0.07588435 0.18801634 0.26326078]
[0.07881936 0.18761368 0.25774214]
[0.08145449 0.18613179 0.25180393]
[0.08481014 0.18377827 0.24499826]
[0.08844539 0.18002895 0.23602501]
[0.09685344 0.17082357 0.21222243]
[0.10207022 0.16198099 0.18673696]
[0.10452089 0.15396045 0.1614913 ]
[0.10399879 0.14861616 0.13628998]
[0.1049265  0.14548562 0.1247474 ]
[0.10666949 0.14243585 0.11200121]
[0.10602794 0.13451582 0.06538682]
[0.10566044 0.13167177 0.05088515]
[0.10664499 0.12956949 0.03988063]
[0.10760382 0.12780149 0.0292593 ]
[0.10917584 0.12610669 0.02062283]
[0.11142585 0.12505789 0.00564935]
[0.11138282 0.12468711 0.00076399]
[ 0.1111787   0.1247085  -0.00282829]
[ 0.1107137   0.12403417 -0.00473126]
[ 0.10959226  0.12280112 -0.00493733]
[0.10461355 0.11870858 0.00084202]
[0.09947175 0.11654189 0.0072189 ]
[0.09435288 0.1151086  0.01303666]
[0.08474473 0.11377533 0.02559449]
[0.08474473 0.11377533 0.02559449]
[0.07725196 0.11204637 0.04163678]
[0.07041605 0.10957675 0.06426863]
[0.07041605 0.10957675 0.06426863]
[0.06822393 0.10813265 0.0759167 ]
[0.06570265 0.10469245 0.09852144]
[0.06472195 0.10299445 0.10917811]
[0.06397452 0.10143019 0.11879504]
[0.06219283 0.1005132  0.12588643]
[0.05933388 0.09905259 0.1315877 ]
[0.05538783 0.09618162 0.13801043]
[0.05411617 0.09505056 0.14078212]
[0.0535505  0.0943216  0.14342064]
[0.05374149 0.09427447 0.14663677]
[0.05626579 0.09477672 0.14986677]
[0.06525754 0.09832248 0.15054546]
[0.06839958 0.09914685 0.14864218]
[0.06929562 0.09858308 0.14428073]
[0.0682499  0.09695707 0.13790566]
[0.06569344 0.09507737 0.11874513]
[0.06544658 0.09507415 0.10921497]
[0.06615122 0.09606026 0.09870855]
[0.06704978 0.09797721 0.08656776]
[0.06681622 0.10013025 0.07402828]
[0.06482792 0.10233255 0.06012594]
[0.05984598 0.10529017 0.03463538]
[0.05878801 0.10537997 0.02446686]
[0.0582361  0.10603142 0.01599487]
[0.05856051 0.1065071  0.00906937]
[ 0.05821442  0.10816414 -0.00104549]
[ 0.05883933  0.10890465 -0.00407388]
[ 0.05926352  0.10977516 -0.00620545]
[ 0.06028787  0.11198303 -0.00706754]
[ 0.05983988  0.11326287 -0.00582843]
[0.05853581 0.11653177 0.00631462]
[0.05826185 0.11753278 0.01309372]
[0.06045807 0.11750028 0.04240628]
[0.06045807 0.11750028 0.04240628]
[0.06322122 0.11767445 0.0542619 ]
[0.06554081 0.11809279 0.06680278]
[0.06889223 0.11903761 0.0956823 ]
[0.06889223 0.11903761 0.0956823 ]
[0.07091913 0.12117277 0.11976758]
[0.07160187 0.12302941 0.12775381]
[0.07035564 0.12719387 0.13968503]
[0.07048582 0.1311488  0.14716002]
[0.07112852 0.13202251 0.15003365]
[0.0715368  0.1326268  0.15218522]
[0.06866076 0.13292325 0.15272702]
[0.06462803 0.13213898 0.14936687]
[0.0639001  0.13203907 0.14802328]
[0.06392886 0.13280222 0.14615494]
[0.06135907 0.13150465 0.14168625]
[0.06135907 0.13150465 0.14168625]
[0.05911437 0.13046804 0.13869755]
[0.05370284 0.12980136 0.12500003]
[0.05370284 0.12980136 0.12500003]
[0.05337696 0.12928018 0.11597128]
[0.05266423 0.1294916  0.10548636]
[0.04877535 0.13225609 0.08702962]
[0.04686782 0.13444667 0.07592426]
[0.03983506 0.1347923  0.03566129]
[0.03983506 0.1347923  0.03566129]
[0.03719912 0.13332734 0.02374033]
[ 0.03086359  0.12880222 -0.01276693]
[ 0.03086359  0.12880222 -0.01276693]
[ 0.02884944  0.12836701 -0.02321762]
[ 0.02794363  0.12828645 -0.0324596 ]
[ 0.02703307  0.12816601 -0.04687159]
[ 0.02713299  0.12755038 -0.05381643]
[ 0.02647439  0.12592198 -0.0601026 ]
[ 0.02584492  0.12380201 -0.06604118]
[ 0.02446683  0.12178715 -0.07109614]
[ 0.02277434  0.11995157 -0.07582354]
[ 0.01912882  0.11577048 -0.0882817 ]
[ 0.01912882  0.11577048 -0.0882817 ]
[ 0.01762862  0.11381864 -0.09178106]
[ 0.01372178  0.10617919 -0.09788889]
[ 0.01372178  0.10617919 -0.09788889]
[ 0.01247152  0.10365584 -0.09867045]
[ 0.01132763  0.10066576 -0.09898131]
[ 0.01006827  0.09690387 -0.09833603]
[ 0.00590262  0.0892918  -0.09641461]
[ 7.64638186e-05  8.15703198e-02 -9.36270133e-02]
[-0.00244605  0.07692477 -0.09105235]
[-0.0070717   0.0661772  -0.08482908]
[-0.00815495  0.05942884 -0.0802609 ]
[-0.00828201  0.05167265 -0.07358945]
[-0.00858665  0.04328099 -0.06615041]
[-0.00813032  0.03572611 -0.05908393]
[-0.00447651  0.02202425 -0.0431068 ]
[-0.00447651  0.02202425 -0.0431068 ]
[ 8.85725021e-06  1.38072325e-02 -3.25813852e-02]
[ 0.01203672 -0.00783383  0.0076352 ]
[ 0.01203672 -0.00783383  0.0076352 ]
[ 0.01362172 -0.01343129  0.0228376 ]
[ 0.01209552 -0.02702432  0.07065412]
[ 0.01209552 -0.02702432  0.07065412]
[ 0.01182151 -0.03053969  0.08527166]
[ 0.012727   -0.03480751  0.09877323]
[ 0.00774514 -0.03992854  0.12632753]
[ 0.00570027 -0.04190974  0.14008097]
[ 0.00210237 -0.04705921  0.1710386 ]
[ 0.00041669 -0.04879209  0.1766282 ]
[-0.0066308  -0.05318039  0.18180972]
[-0.0066308  -0.05318039  0.18180972]
[-0.00990667 -0.05521065  0.17581341]
[-0.00869712 -0.05698403  0.1689488 ]
[-0.00639505 -0.06423441  0.13383931]
[-0.00639505 -0.06423441  0.13383931]
[-0.00955469 -0.06544821  0.11998118]
[-0.0164325  -0.07033054  0.08696447]
[-0.01957261 -0.07277908  0.06878068]
[-0.023007   -0.07526281  0.05102658]
[-0.02939373 -0.08819126  0.0008879 ]
[-0.03138878 -0.09430707 -0.0127919 ]
[-0.03480432 -0.10108786 -0.02568639]
[-0.03919841 -0.10679103 -0.03640168]
[-0.04267498 -0.11253529 -0.04571017]
[-0.05004215 -0.12221636 -0.06044026]
[-0.05207127 -0.12727629 -0.06770158]
[-0.05358953 -0.13756125 -0.08561118]
[-0.05358953 -0.13756125 -0.08561118]
[-0.05310429 -0.14017877 -0.08978096]
[-0.05033878 -0.14991517 -0.09540841]
[-0.05033878 -0.14991517 -0.09540841]
[-0.04865918 -0.15284088 -0.09463352]
[-0.04816729 -0.15542042 -0.09296767]
[-0.04714887 -0.15713537 -0.08999792]
[-0.04387003 -0.16107951 -0.0819324 ]
[-0.03457771 -0.16662931 -0.05992379]
[-0.03457771 -0.16662931 -0.05992379]
[-0.03271799 -0.16723315 -0.0485009 ]
[-0.01941326 -0.16800064 -0.00769298]
[-0.00475291 -0.16214377  0.01504545]
[-4.68432903e-05 -1.59212068e-01  2.34376863e-02]
[ 0.00939501 -0.15054746  0.0509441 ]
[ 0.00939501 -0.15054746  0.0509441 ]
[ 0.0116558  -0.14608981  0.05965608]
[ 0.0141047  -0.14112347  0.06854787]
[ 0.0191301  -0.13090205  0.08291546]
[ 0.0206996  -0.1258738   0.08804461]
[ 0.02223443 -0.12113015  0.09194475]
[ 0.02315343 -0.11649454  0.09462819]
[ 0.0235052  -0.11184857  0.09635201]
[ 0.0248399  -0.10693673  0.09787048]
[ 0.02795409 -0.09786814  0.09843419]
[ 0.02932172 -0.09306837  0.09713554]
[ 0.03136019 -0.08256613  0.09221647]
[ 0.03174648 -0.07763651  0.08921442]
[ 0.03006042 -0.0651309   0.07752825]
[ 0.02911792 -0.06051298  0.07253322]
[ 0.02911792 -0.06051298  0.07253322]
[ 0.02911641 -0.04479585  0.05956253]
[ 0.02911641 -0.04479585  0.05956253]
[ 0.03121491 -0.0398499   0.0540644 ]
[ 0.0347529  -0.03539384  0.04665168]
[ 0.0436349  -0.02690478  0.02955138]
[ 0.04811457 -0.02337194  0.02271404]
[ 0.05165767 -0.01224659  0.00405538]
[ 0.05165767 -0.01224659  0.00405538]
[ 0.050314   -0.00536432 -0.00631683]
[ 0.04963065 -0.00311787 -0.00988563]
[ 0.04852972 -0.00184754 -0.01244095]
[ 0.04810897 -0.00095331 -0.01462109]
[ 0.04732369 -0.00010873 -0.01676452]
[ 0.04554354  0.00032296 -0.01623329]
[ 0.04554354  0.00032296 -0.01623329]
[ 0.04628707  0.00081569 -0.01505808]
[ 0.04761558  0.00190228 -0.01347854]
[ 0.05047863  0.00415558 -0.01155912]
[ 0.05149681  0.00595001 -0.01104386]
[ 0.05034519  0.00829636 -0.01170633]
[ 0.04980125  0.00967337 -0.01223164]
[ 0.04942063  0.01297947 -0.01187423]
[ 0.04889286  0.01625681 -0.01144302]
[ 0.04631289  0.02286112 -0.01157155]
[ 0.04590011  0.02600173 -0.01197832]
[ 0.04772291  0.03252979 -0.01132812]
[ 0.05214762  0.03675505 -0.00989973]
[ 0.05214762  0.03675505 -0.00989973]
[ 0.05537823  0.03884276 -0.00946922]
[ 0.05679091  0.03958708 -0.00923964]
[ 0.05749861  0.0399225  -0.00875207]
[ 0.05912893  0.0400229  -0.00729204]
[ 0.06089798  0.04238973 -0.00408855]
[ 0.06592447  0.04847777 -0.00037248]
[ 0.06592447  0.04847777 -0.00037248]
[0.06896002 0.05147897 0.00071115]
[0.07246623 0.06073371 0.00347536]
[0.07344875 0.06426995 0.00442072]
[0.07967219 0.07646076 0.01007237]
[0.08023923 0.08249554 0.01356551]
[0.07899839 0.08692309 0.01462726]
[0.07899839 0.08692309 0.01462726]
[0.07917026 0.09050687 0.01598963]
[0.07996569 0.09078708 0.01559578]
[0.07943105 0.09029827 0.01185213]
[0.07764246 0.08904157 0.00860028]
[0.07477618 0.08763298 0.00490937]
[0.07155036 0.0860132  0.00021972]
[ 0.06588746  0.08218979 -0.01138098]
[ 0.06588746  0.08218979 -0.01138098]
[ 0.06302798  0.08066259 -0.01669266]
[ 0.05670968  0.07681096 -0.02721248]
[ 0.05695204  0.0759205  -0.02865589]
[ 0.05695204  0.0759205  -0.02865589]
[ 0.05782654  0.07497649 -0.02964272]
[ 0.05880255  0.07156987 -0.0334106 ]
[ 0.05759794  0.06890737 -0.03563869]
[ 0.0562607   0.06593405 -0.03765007]
[ 0.05519409  0.06308018 -0.03900604]
[ 0.05435005  0.05717143 -0.04051229]
[ 0.05313396  0.05214286 -0.04103788]
[ 0.05152526  0.0499103  -0.04127274]
[ 0.05029934  0.04791136 -0.04145726]
[ 0.04940989  0.04532732 -0.03977833]
[ 0.04940989  0.04532732 -0.03977833]
[ 0.05049548  0.04604798 -0.03811728]
[ 0.05178674  0.04697614 -0.03625736]
[ 0.0532422   0.04771451 -0.03466951]
[ 0.05554896  0.04900035 -0.0315604 ]
[ 0.05708531  0.05085813 -0.02862878]
[ 0.05658571  0.05225498 -0.02702598]
[ 0.05443156  0.05281613 -0.02642084]
[ 0.05381495  0.05272736 -0.0264659 ]
[ 0.05296034  0.05265174 -0.02653456]
[ 0.05218594  0.05203526 -0.02650133]
[ 0.05037164  0.04996643 -0.02604823]
[ 0.04791782  0.04806925 -0.02597859]
[ 0.04502503  0.04804905 -0.02633459]
[ 0.04290055  0.04895889 -0.02547112]
[ 0.04290055  0.04895889 -0.02547112]
[ 0.04256756  0.04926989 -0.02535462]
[ 0.04271465  0.04937432 -0.025448  ]
[ 0.04362865  0.04986201 -0.02520361]
[ 0.04434839  0.0503608  -0.02518274]
[ 0.04467556  0.05094735 -0.02534218]
[ 0.04557939  0.05240743 -0.02626024]
[ 0.04706741  0.05297599 -0.02616498]
[ 0.04957189  0.05472769 -0.02476313]
[ 0.04911048  0.05606276 -0.02345623]
[ 0.04754773  0.06127495 -0.01908693]
[ 0.04797313  0.06526399 -0.01641267]
[ 0.04896078  0.07064852 -0.01299354]
[ 0.04884236  0.07647456 -0.00960775]
[ 0.04832739  0.08253823 -0.00616   ]
[0.04745913 0.09402045 0.00070849]
[0.04926676 0.09891056 0.0044451 ]
[0.05130752 0.10358886 0.0072991 ]
[0.05340538 0.10831435 0.00983748]
[0.05508793 0.11581839 0.01152978]
[0.05548512 0.12218788 0.014121  ]
[0.05622453 0.12290906 0.01524775]
[0.05925163 0.12360919 0.01476989]
[0.05925163 0.12360919 0.01476989]
[0.06107018 0.12335028 0.01308157]
[0.06268307 0.12242315 0.01211297]
[0.06316068 0.12208098 0.01188307]
[0.06331495 0.1222984  0.01147102]
[0.06314801 0.12238292 0.01183253]
[0.06532781 0.12397359 0.01236651]
[0.06532781 0.12397359 0.01236651]
[0.06664526 0.12521708 0.01106375]
[0.06660389 0.12424379 0.01066148]
[0.0670902  0.12360986 0.01069143]
[0.06745306 0.12283967 0.01050032]
[0.06737361 0.12282712 0.0100791 ]
[0.06516125 0.12230021 0.00889258]
[0.06516125 0.12230021 0.00889258]
[0.06448091 0.12205973 0.00889975]
[0.06390735 0.12185196 0.00848207]
[0.063296   0.12152417 0.0075671 ]
[0.06282792 0.12157077 0.00703222]
[0.06241879 0.12190682 0.00690248]
[0.06211469 0.1222745  0.00706345]
[0.06205355 0.12282068 0.00730201]
[0.06246034 0.12299021 0.00761364]
[0.06306711 0.12176397 0.00717501]
[0.06330242 0.12022182 0.00618261]
[0.06267794 0.1175749  0.00462793]
[0.06192747 0.10827896 0.0005506 ]
[ 0.06126986  0.10200845 -0.00177879]
[ 0.05880577  0.0892196  -0.00833411]
[ 0.05716619  0.08216777 -0.01228108]
[ 0.05662035  0.06825397 -0.02019514]
[ 0.06019283  0.04535094 -0.03295112]
[ 0.06019283  0.04535094 -0.03295112]
[ 0.05971735  0.03761625 -0.0372243 ]
[ 0.05856954  0.03051719 -0.04029013]
[ 0.05710222  0.01608793 -0.04461235]
[ 0.05625386  0.0099461  -0.04620086]
[ 0.05527807  0.00448334 -0.0483455 ]
[ 0.05350666 -0.00432729 -0.05132064]
[ 0.05315036 -0.0084755  -0.05268786]
[ 0.05127827 -0.01669256 -0.05362101]
[ 0.05008363 -0.02057768 -0.05446851]
[ 0.04955869 -0.0245935  -0.0552723 ]
[ 0.0511366  -0.03211941 -0.05632206]
[ 0.05164144 -0.03599444 -0.05673439]
[ 0.05133241 -0.03937406 -0.05688395]
[ 0.04989112 -0.04318064 -0.05731774]
[ 0.04799738 -0.04750554 -0.05824888]
[ 0.04683276 -0.05626435 -0.06013653]
[ 0.04703706 -0.06037018 -0.06129793]
[ 0.04727188 -0.06340515 -0.06160554]
[ 0.04676119 -0.06574675 -0.06106116]
[ 0.04423254 -0.06865562 -0.05920807]
[ 0.04371043 -0.06906738 -0.05817096]
[ 0.04432996 -0.06908042 -0.05660789]
[ 0.05110822 -0.06588174 -0.05158398]
[ 0.05283461 -0.06454552 -0.05031572]
[ 0.05310631 -0.06273779 -0.04750538]
[ 0.05155883 -0.0620232  -0.04476994]
[ 0.04989648 -0.06171156 -0.04375982]
[ 0.04650449 -0.06037313 -0.04302068]
[ 0.04525146 -0.05968289 -0.04347108]
[ 0.0441741  -0.05879959 -0.04348427]
[ 0.04262058 -0.05642549 -0.04250989]
[ 0.04355506 -0.05269372 -0.04106354]
[ 0.04539416 -0.05025196 -0.04137366]
[ 0.04566844 -0.04534563 -0.04279707]
[ 0.04460231 -0.04370842 -0.04305841]
[ 0.04154763 -0.04240531 -0.04250686]
[ 0.03985046 -0.04034444 -0.04247286]
[ 0.03950437 -0.03937096 -0.04245792]
[ 0.04054094 -0.03796478 -0.04193522]
[ 0.04196215 -0.03752121 -0.04171131]
[ 0.04541082 -0.0373429  -0.04177785]
[ 0.04507129 -0.03258535 -0.04374328]
[ 0.04454463 -0.03052351 -0.04415388]
[ 0.04429244 -0.02900707 -0.04461866]
[ 0.04301304 -0.02778858 -0.04604178]
[ 0.04023067 -0.02739193 -0.04739327]
[ 0.03195938 -0.02579025 -0.05072936]
[ 0.02407398 -0.02206796 -0.05296716]
[ 0.02407398 -0.02206796 -0.05296716]

程序已被终止，正在关闭套接字...
套接字已关闭。
