[-0.13634509  0.0655181  -0.07439275]
[-0.12846489  0.07524615 -0.06965668]
[-0.12705475  0.06987103 -0.04073174]
[-0.13098822  0.06696567 -0.05580363]
[-0.13390426  0.06268364 -0.06669786]
[-0.13008759  0.05961541 -0.05609394]
[-0.12924128  0.06044845 -0.05657293]
[-0.12829384  0.06189915 -0.05698903]
[-0.12747703  0.0629632  -0.05654213]
[-0.12741132  0.0662293  -0.05295603]
[-0.12741132  0.0662293  -0.05295603]
[-0.12676716  0.06707503 -0.05186049]
[-0.1253472   0.06767318 -0.05081924]
[-0.11897975  0.07013523 -0.04515589]
[-0.11380443  0.07943029 -0.03256072]
[-0.10953783  0.08144786 -0.03207675]
[-0.10892835  0.08323159 -0.03169396]
[-0.11839387  0.08897826 -0.02703044]
[-0.11988004  0.09105945 -0.02071157]
[-0.11988004  0.09105945 -0.02071157]
[-0.11983374  0.09200791 -0.0163155 ]
[-0.11959055  0.09227977 -0.01172889]
[-0.11686096  0.09200032  0.0007987 ]
[-0.11566929  0.09230975  0.0076276 ]
[-0.11359598  0.0947046   0.0173611 ]
[-0.11478348  0.09624503  0.0201972 ]
[-0.11693939  0.09733041  0.02290196]
[-0.11969974  0.0984587   0.02659784]
[-0.12141286  0.09986668  0.0305315 ]
[-0.1161303   0.10365448  0.04464511]
[-0.11787168  0.10268452  0.04429017]
[-0.11929867  0.10155456  0.04396367]
[-0.12015769  0.09793132  0.04290527]
[-0.1189592   0.09659668  0.04215193]
[-0.1178693   0.0954185   0.04109475]
[-0.11316363  0.08894206  0.03722825]
[-0.10838362  0.08510469  0.03488015]
[-0.10588294  0.07979288  0.03158047]
[-0.10387561  0.07474981  0.02551639]
[-0.11215302  0.06740102  0.01714817]
[-0.10700811  0.064642    0.01395324]
[-0.10700811  0.064642    0.01395324]
[-0.10053309  0.06225826  0.01053948]
[-0.09278039  0.05788781  0.00518193]
[-0.09100827  0.05589253  0.00259784]
[-0.09033165  0.05379936 -0.00022273]
[-0.08959469  0.05145417 -0.00269325]
[-0.08868171  0.04881181 -0.0048268 ]
[-0.08361003  0.02604729 -0.01848787]
[-0.08502568  0.02249266 -0.02164713]
[-0.08585236  0.019289   -0.02494711]
[-0.09160568  0.008955   -0.03619014]
[-0.09427986  0.00733842 -0.03763272]
[-0.10312945 -0.00249397 -0.04454902]
[-0.13200268 -0.01275066 -0.05856478]
[-0.13602795 -0.01317352 -0.05929584]
[-0.13657189 -0.01316501 -0.05893895]
[-0.13652581 -0.01295622 -0.05831788]
[-0.13743614 -0.01181855 -0.05640638]
[-0.13921866 -0.01098443 -0.05562003]
[-0.14100275 -0.01033881 -0.05521473]
[-0.15989802 -0.01780831 -0.05606789]
[-0.16137485 -0.01804758 -0.05641292]
[-0.16053258 -0.01810791 -0.05759997]
[-0.15747406 -0.01927528 -0.05920164]
[-0.15522839 -0.02018001 -0.0595293 ]
[-0.15386967 -0.02122952 -0.05949122]
[-0.15543244 -0.02507759 -0.05835532]
[-0.14802522 -0.02330144 -0.06027222]
[-0.13941763 -0.02179991 -0.0578164 ]
[-0.13761945 -0.02130205 -0.05735239]
[-0.13612001 -0.02106237 -0.05688314]
[-0.12975282 -0.01946913 -0.05742585]
[-0.12277303 -0.01987194 -0.05790478]
[-0.11729815 -0.02060985 -0.05811388]
[-0.11320721 -0.02054061 -0.05837281]
[-0.10733879 -0.01890648 -0.05860705]
[-0.10360059 -0.01648668 -0.05768709]
[-0.09751948 -0.01352693 -0.05657975]
[-0.08056966 -0.00561772 -0.05845487]
[-0.08064123  0.00996377 -0.06089977]
[-0.08025199  0.01205316 -0.06145617]
[-0.07875091  0.01364424 -0.06229031]
[-0.07710017  0.01469737 -0.0623851 ]
[-0.07572527  0.01555318 -0.0611706 ]
[-0.07693442  0.0158047  -0.0610116 ]
[-0.0785672   0.01648721 -0.06021323]
[-0.07720386  0.01726209 -0.05755438]
[-0.07674642  0.01781826 -0.05621706]
[-0.07673573  0.01840977 -0.05505643]
[-0.0762419   0.01919402 -0.05325693]
[-0.07314377  0.02269674 -0.04372315]
[-0.0701994   0.02373755 -0.03989318]
[-0.06478606  0.0297062  -0.03252596]
[-0.06589624  0.03110773 -0.03121639]
[-0.07184659  0.03766779 -0.02819546]
[-0.0712779   0.03867134 -0.02775621]
[-0.070182    0.03944605 -0.02724162]
[-0.0690141   0.04001806 -0.02655068]
[-0.06592572  0.04154149 -0.02390663]
[-0.06652687  0.04237276 -0.0235597 ]
[-0.06764949  0.04410661 -0.0238026 ]
[-0.0683953   0.045877   -0.02473443]
[-0.068737    0.0463732  -0.02459071]
[-0.072162    0.04711693 -0.02358321]
[-0.07659087  0.04787208 -0.02372358]
[-0.0851664   0.04876305 -0.02420875]
[-0.12883002  0.05077868 -0.02689601]
[-0.14919022  0.04919957 -0.01949414]
[-0.15464756  0.0504322  -0.02055021]
[-0.15624346  0.0519536  -0.02104888]
[-0.15052897  0.05582028 -0.02155522]
[-0.14728969  0.05640784 -0.02218527]
[-0.14483818  0.05680658 -0.02341931]
[-0.14178735  0.0557532  -0.02827409]
[-0.14053459  0.05371175 -0.02960155]
[-0.13958743  0.05257865 -0.02981363]
[-0.1348566   0.04834826 -0.0333095 ]
[-0.13506761  0.0459131  -0.03586568]
[-0.13626374  0.04439843 -0.03860626]
[-0.13999811  0.042456   -0.04112693]
[-0.13304361  0.02420066 -0.06753013]
[-0.13304361  0.02420066 -0.06753013]
[-0.13184358  0.01909886 -0.07030995]
[-0.12853984  0.01407071 -0.07233553]
[-0.12540465  0.00567384 -0.07625996]
[-0.12511628  0.00155365 -0.07844115]
[-0.12192008 -0.02086948 -0.09030704]
[-0.1209816  -0.0253385  -0.09235073]
[-0.11884328 -0.04065394 -0.09776336]
[-0.11892624 -0.04387135 -0.09899543]
[-0.11774619 -0.06077094 -0.10693674]
[-0.1168774  -0.07527923 -0.11147171]
[-0.11907599 -0.08500475 -0.11319908]
[-0.1193283  -0.0867998  -0.11361834]
[-0.11932989 -0.08920169 -0.11409532]
[-0.11864549 -0.09048711 -0.11310463]
[-0.11873194 -0.09135137 -0.11274056]
[-0.11482568 -0.09378155 -0.10501368]
[-0.11535307 -0.0938018  -0.1026741 ]
[-0.11721947 -0.09349743 -0.10017996]
[-0.12392821 -0.09319998 -0.09507726]
[-0.12723914 -0.09189919 -0.09216343]
[-0.12762655 -0.06854258 -0.06685413]
[-0.12279739 -0.06067207 -0.06165116]
[-0.11389667 -0.03818408 -0.0505433 ]
[-0.11364963 -0.02995885 -0.04623291]
[-0.11279036 -0.01787675 -0.03947373]
[-0.11211091 -0.01443125 -0.03712964]
[-0.10041749  0.00616326 -0.02088985]
[-0.09309858  0.0194956  -0.01750778]
[-0.09269091  0.02447823 -0.01585861]
[-0.08247824  0.03719138 -0.00513384]
[-0.07293778  0.04300592 -0.00067903]
[-0.07034309  0.04882509  0.00705025]
[-0.07106936  0.05033391  0.00991617]
[-0.07105275  0.05221366  0.01258898]
[-0.07106917  0.05423281  0.01442713]
[-0.07135105  0.05933413  0.01819917]
[-0.07108005  0.06019351  0.01960798]
[-0.07401715  0.06529419  0.03352992]
[-0.07348688  0.06655335  0.03752679]
[-0.07269849  0.0680839   0.04133514]
[-0.07207998  0.07233252  0.04996393]
[-0.07224272  0.0732784   0.05212848]
[-0.07225952  0.0741758   0.05406417]
[-0.0714898   0.07458931  0.05555216]
[-0.07059194  0.07481053  0.05665918]
[-0.06936515  0.07502651  0.05759845]
[-0.06598357  0.07594907  0.05984771]
[-0.06658462  0.0759517   0.06152295]
[-0.06815581  0.07493779  0.05961899]
[-0.06876886  0.07439977  0.05768565]
[-0.06994157  0.07259778  0.0550653 ]
[-0.08489237  0.0586053   0.0391505 ]
[-0.08716466  0.05770233  0.03763151]
[-0.09038457  0.05627811  0.03414128]
[-0.09229951  0.05560927  0.03224948]
[-0.09327073  0.05450695  0.0302502 ]
[-0.09350559  0.05323052  0.02868162]
[-0.09552106  0.04473441  0.01906125]
[-0.09630371  0.04362012  0.01837438]
[-0.09658202  0.04143778  0.01613945]
[-0.09658202  0.04143778  0.01613945]
[-0.09689388  0.03952703  0.0133717 ]
[-0.09578362  0.02945028  0.0108424 ]
[-0.09574516  0.02772183  0.00931205]
[-0.09562281  0.02610806  0.00755731]
[-0.09052826  0.01505557  0.00134647]
[-0.09052826  0.01505557  0.00134647]
[-0.08900964  0.01294569  0.00084079]
[-0.08411917  0.0040377  -0.00262868]
[-0.08374423  0.00172782 -0.00381499]
[-0.08281428 -0.00696146 -0.00850103]
[-0.08333635 -0.01070133 -0.0109339 ]
[-0.08391774 -0.01297638 -0.01227133]
[-0.08357291 -0.01571229 -0.01377466]
[-0.08256385 -0.02097912 -0.01686368]
[-0.08190964 -0.03463369 -0.03340739]
[-0.08196241 -0.03784718 -0.03541011]
[-0.08271105 -0.04060276 -0.03645521]
[-0.08371469 -0.0455548  -0.03876985]
[-0.08494878 -0.04750272 -0.04060946]
[-0.08578891 -0.04922032 -0.04337126]
[-0.09350941 -0.05935477 -0.05493781]
[-0.09437722 -0.06061842 -0.05720133]
[-0.09557763 -0.06173408 -0.05939374]
[-0.09762763 -0.06338645 -0.06135597]
[-0.09860396 -0.06419139 -0.06172677]
[-0.09947575 -0.06493814 -0.06205783]
[-0.10028713 -0.06621536 -0.06288714]
[-0.10064189 -0.0675218  -0.06393123]
[-0.1008372  -0.07035573 -0.06529865]
[-0.1006822  -0.07126373 -0.06576312]
[-0.10072809 -0.07208055 -0.06601423]
[-0.10090805 -0.07228719 -0.06643075]
[-0.10122306 -0.07266174 -0.06692559]
[-0.1008293  -0.07227691 -0.06712834]
[-0.09840337 -0.07050022 -0.06443207]
[-0.09734713 -0.0697156  -0.06284342]
[-0.09473046 -0.06647359 -0.05790213]
[-0.09472872 -0.06541926 -0.05639977]
[-0.09516691 -0.06473263 -0.05533669]
[-0.09461032 -0.06395097 -0.05431667]
[-0.09346878 -0.06201135 -0.05329007]
[-0.09256775 -0.06045156 -0.0527144 ]
[-0.09253154 -0.05877625 -0.0523032 ]
[-0.091974   -0.05519374 -0.05139747]
[-0.091974   -0.05519374 -0.05139747]
[-0.09137868 -0.05052891 -0.04998078]
[-0.09112722 -0.04761905 -0.04866664]
[-0.09020068 -0.04061078 -0.04613457]
[-0.086611   -0.03422667 -0.0444005 ]
[-0.08354669 -0.03110925 -0.04343914]
[-0.08136595 -0.02835126 -0.04212064]
[-0.07937919 -0.023429   -0.03953526]
[-0.07788144 -0.01943364 -0.03662384]
[-0.07650371 -0.01466488 -0.03386439]
[-0.07708448 -0.01203695 -0.03290174]
[-0.07734908 -0.00710466 -0.0315403 ]
[-0.07596248 -0.00480506 -0.03040937]
[-0.07447158 -0.00242468 -0.02915063]
[-0.07341982 -0.00013923 -0.0275483 ]
[-0.07354283  0.00348163 -0.02381192]
[-0.07444811  0.00736224 -0.01950173]
[-0.07475003  0.00953996 -0.01695649]
[-0.07591582  0.012125   -0.01409039]
[-0.07747894  0.01619434 -0.00743299]
[-0.07775925  0.01788458 -0.00384591]
[-0.07777392  0.01948643  0.00030202]
[-0.07850255  0.02206245  0.00469624]
[-0.08085583  0.02588009  0.00949393]
[-0.08764119  0.03601743  0.02088359]
[-0.08937155  0.04007385  0.02694743]
[-0.0896584   0.04344546  0.03297256]
[-0.08833485  0.04593984  0.03844674]
[-0.08727692  0.04851791  0.0428831 ]
[-0.08591847  0.05287438  0.04815524]
[-0.08449461  0.05882797  0.04992089]
[-0.08449461  0.05882797  0.04992089]
[-0.08361299  0.06039734  0.04983822]
[-0.08272225  0.06406724  0.04793085]
[-0.08264311  0.06509954  0.04712333]
[-0.08255135  0.06570769  0.04643524]
[-0.08237308  0.06599672  0.04597552]
[-0.08210907  0.06587446  0.04577019]
[-0.08211672  0.06560333  0.04570024]
[-0.08277269  0.06472331  0.0455079 ]
[-0.08335712  0.06437977  0.04557221]
[-0.08388361  0.0639915   0.04537163]
[-0.08498559  0.06339892  0.04484135]
[-0.08546943  0.06258222  0.04384399]
[-0.08538583  0.06118462  0.04312575]
[-0.08511451  0.05869102  0.04284967]
[-0.08464405  0.05640424  0.04187788]
[-0.08502427  0.05092104  0.03637053]
[-0.08554485  0.04885043  0.03211175]
[-0.0859358   0.04666234  0.02812515]
[-0.08514731  0.04356213  0.02323047]
[-0.08494907  0.041809    0.0206371 ]
[-0.08500021  0.03989472  0.01838257]
[-0.0864159   0.03562109  0.0137244 ]
[-0.0864159   0.03562109  0.0137244 ]
[-0.08662573  0.03302598  0.01168101]
[-0.08430467  0.02608179  0.00613563]
[-0.08430467  0.02608179  0.00613563]
[-0.08339287  0.02383146  0.00383774]
[-0.08366076  0.02142859  0.00069013]
[-0.08491492  0.0160345  -0.00541292]
[-0.08611446  0.01361835 -0.00852408]
[-0.08674546  0.01107342 -0.01109597]
[-0.08727628  0.00912813 -0.01365832]
[-0.08740664  0.00733497 -0.01639755]
[-0.08755935  0.00398557 -0.02212515]
[-0.08822731  0.00177232 -0.02518557]
[-0.08989967 -0.00255569 -0.03063857]
[-0.09078537 -0.00707388 -0.03539988]
[-0.09181644 -0.01441364 -0.04178389]
[-0.09181644 -0.01441364 -0.04178389]
[-0.09152001 -0.01629155 -0.04298849]
[-0.0916467  -0.01809368 -0.0442014 ]
[-0.09361483 -0.02195785 -0.04576574]
[-0.09632763 -0.02439512 -0.04698631]
[-0.1013225  -0.03040275 -0.05072962]
[-0.10243151 -0.0317851  -0.05187422]
[-0.10321858 -0.03302272 -0.05319711]
[-0.10386797 -0.03412536 -0.0539257 ]
[-0.10400821 -0.03510053 -0.05393077]
[-0.10264898 -0.0370645  -0.0531249 ]
[-0.10167898 -0.0379086  -0.05312159]
[-0.09934585 -0.03891073 -0.05585518]
[-0.09934585 -0.03891073 -0.05585518]
[-0.1000552  -0.03856291 -0.05387895]
[-0.09934486 -0.03556458 -0.04939383]
[-0.09934486 -0.03556458 -0.04939383]
[-0.09755746 -0.03424305 -0.04795305]
[-0.0925144  -0.032453   -0.04596433]
[-0.09190509 -0.03207213 -0.04490507]
[-0.09158182 -0.03158919 -0.04393242]
[-0.09148812 -0.03103563 -0.04281021]
[-0.09183398 -0.03055592 -0.0419835 ]
[-0.09228429 -0.02950174 -0.04199061]
[-0.09137367 -0.02840596 -0.04180337]
[-0.08751836 -0.02571193 -0.03693591]
[-0.08754069 -0.02519493 -0.03623794]
[-0.0875581  -0.02451559 -0.03547489]
[-0.08734037 -0.02389918 -0.03435278]
[-0.08681941 -0.0231243  -0.03319666]
[-0.08542136 -0.01799633 -0.02486061]
[-0.08570942 -0.01633264 -0.02221845]
[-0.08588445 -0.01497107 -0.01998404]
[-0.08517288 -0.01178994 -0.01500634]
[-0.08394836 -0.01004303 -0.01284353]
[-0.08305115 -0.00798981 -0.01144388]
[-0.08236506 -0.00589432 -0.01080006]
[-0.07973837 -0.00210939 -0.01156276]
[-0.07774789 -0.00072578 -0.01202726]
[-0.07422786  0.00173834 -0.0133326 ]
[-0.07422786  0.00173834 -0.0133326 ]
[-0.07430308  0.00254916 -0.01375204]
[-0.07467905  0.00383546 -0.01496955]
[-0.07472111  0.00383693 -0.0155121 ]
[-0.07469989  0.00383953 -0.01585216]
[-0.07501272  0.00380182 -0.01648807]
[-0.07519198  0.00399578 -0.01724913]
[-0.0754161   0.00410457 -0.01840799]
[-0.0772054   0.00391377 -0.02191775]
[-0.0772054   0.00391377 -0.02191775]
[-0.07792322  0.00362101 -0.02299786]
[-0.07835403  0.0016639  -0.02582374]
[-0.07788672  0.00035282 -0.02727849]
[-0.07659704 -0.00117047 -0.0283212 ]
[-0.07553984 -0.00239179 -0.02894329]
[-0.07452278 -0.00339579 -0.02925442]
[-0.07418993 -0.00574528 -0.02961208]
[-0.07436024 -0.00694915 -0.03014712]
[-0.07274512 -0.00897934 -0.03065232]
[-0.07196268 -0.01095987 -0.03230358]
[-0.07305943 -0.01605619 -0.03732556]
[-0.07363673 -0.0180371  -0.04100268]
[-0.07204899 -0.01933834 -0.04434018]
[-0.06948693 -0.02223924 -0.05251651]
[-0.06934437 -0.02583194 -0.05975447]
[-0.07006414 -0.02709477 -0.06298287]
[-0.07025045 -0.02830238 -0.06609992]
[-0.0714996  -0.03064005 -0.07014082]
[-0.07318089 -0.03288388 -0.07214126]
[-0.07384236 -0.03407926 -0.07309122]
[-0.07361579 -0.0352654  -0.07423477]
[-0.07276286 -0.03737753 -0.07624002]
[-0.07254768 -0.03806732 -0.07681061]
[-0.07272781 -0.03875897 -0.0776637 ]
[-0.07323659 -0.03910635 -0.07789241]
[-0.07473901 -0.03923882 -0.07791618]
[-0.0754488  -0.03899179 -0.07760932]
[-0.07573314 -0.03834749 -0.07688951]
[-0.07572624 -0.03813881 -0.07691243]
[-0.07569146 -0.03810535 -0.07693919]
[-0.0776793  -0.03883928 -0.07650277]
[-0.07877281 -0.03958819 -0.07652497]
[-0.07815005 -0.03964092 -0.07706328]
[-0.07756701 -0.03985852 -0.07788552]
[-0.07690259 -0.04013786 -0.07901613]
[-0.07677861 -0.04023606 -0.0806632 ]
[-0.07728891 -0.04077472 -0.08817708]
[-0.07728891 -0.04077472 -0.08817708]
[-0.07738171 -0.04083882 -0.09138789]
[-0.08124671 -0.04032179 -0.10065733]
[-0.0879175  -0.03907066 -0.11392864]
[-0.09042866 -0.03844748 -0.12304634]
[-0.09277089 -0.03755525 -0.13265987]
[-0.09813824 -0.03627971 -0.14737391]
[-0.10094714 -0.03612842 -0.15249118]
[-0.10325222 -0.03629606 -0.15917854]
[-0.10170899 -0.03694308 -0.1642222 ]
[-0.10060378 -0.03708189 -0.16640016]
[-0.09919521 -0.03700588 -0.16858223]
[-0.0976451  -0.03653853 -0.17010063]
[-0.0960079  -0.0362293  -0.17085034]
[-0.09390687 -0.03551804 -0.17080276]
[-0.0938452  -0.03528104 -0.16993865]
[-0.0944225  -0.03480741 -0.16862068]
[-0.09635793 -0.03282968 -0.16593893]
[-0.09519613 -0.03207248 -0.16520107]
[-0.09417334 -0.03224131 -0.16453859]
[-0.09397839 -0.03280593 -0.16126066]
[-0.09702338 -0.03172293 -0.15247093]
[-0.10163554 -0.03137942 -0.14341275]
[-0.10734298 -0.03094655 -0.13057362]
[-0.11165102 -0.03042373 -0.11661309]
[-0.11342207 -0.02902198 -0.10137581]
[-0.111557   -0.02690952 -0.08868694]
[-0.10165992 -0.02368442 -0.05137102]
[-0.09670891 -0.02458385 -0.03392149]
[-0.08737491 -0.02263774  0.00063248]
[-0.08341868 -0.0202737   0.01998318]
[-0.0829663  -0.01870551  0.02746906]
[-0.07995545 -0.01476506  0.04024473]
[-0.07882498 -0.0125446   0.04714282]
[-0.07789354 -0.01020423  0.05232882]
[-0.07597193 -0.00566499  0.06122166]
[-0.07536608 -0.00350593  0.0648967 ]
[-0.07410094  0.00238907  0.07698693]
[-0.07410094  0.00238907  0.07698693]
[-0.07394683  0.00576232  0.08657002]
[-0.07343113  0.00988283  0.09507937]
[-0.07343113  0.00988283  0.09507937]
[-0.07315952  0.01230476  0.09804434]
[-0.07192918  0.01527794  0.10097963]
[-0.07181218  0.02035834  0.10612423]
[-0.07177313  0.02245096  0.10862198]
[-0.0720412   0.02462048  0.11090174]
[-0.07168249  0.02699474  0.11407845]
[-0.06739381  0.03148197  0.12497403]
[-0.06512794  0.03194707  0.1294748 ]
[-0.06277476  0.03177427  0.13546333]
[-0.06135493  0.03126207  0.14246312]
[-0.06097841  0.03059896  0.14858864]
[-0.06177067  0.03030853  0.16010284]
[-0.06161882  0.03025813  0.16432078]
[-0.06178003  0.02991795  0.16816898]
[-0.06302784  0.02984909  0.17117013]
[-0.06491573  0.02981001  0.17440318]
[-0.06748948  0.02983105  0.17960466]
[-0.06764784  0.02968217  0.18164465]
[-0.06749448  0.0289994   0.18327442]
[-0.06772793  0.02842859  0.18486878]
[-0.06763809  0.02799462  0.1863974 ]
[-0.06780876  0.02768472  0.18887423]
[-0.06753337  0.02766164  0.18962272]
[-0.0674877   0.02773735  0.18972196]
[-0.06689275  0.02794086  0.1893785 ]
[-0.06672353  0.02823316  0.18752757]
[-0.0668823   0.02781039  0.18575658]
[-0.06642942  0.02721236  0.18519603]
[-0.06543917  0.02683888  0.18420587]
[-0.06405648  0.02629695  0.18361349]
[-0.06195176  0.02504884  0.18251227]
[-0.06141381  0.02374147  0.18199657]
[-0.06160955  0.02278324  0.18092509]
[-0.0619716   0.02201361  0.17943622]
[-0.06390266  0.02025159  0.17274287]
[-0.06433895  0.0194565   0.17058587]
[-0.06476694  0.01878862  0.16790794]
[-0.06452196  0.01762891  0.16541158]
[-0.06037595  0.01523092  0.1578979 ]
[-0.0577533   0.01234887  0.14558452]
[-0.05626992  0.01018028  0.13994685]
[-0.05563439  0.00796103  0.13567302]
[-0.05667298  0.00101194  0.1241807 ]
[-0.05667298  0.00101194  0.1241807 ]
[-0.05713938 -0.00114632  0.11941146]
[-0.05667552 -0.00340713  0.11557268]
[-0.05674677 -0.00539558  0.11157844]
[-0.05642769 -0.00921585  0.10557139]
[-0.05672074 -0.01087867  0.10298336]
[-0.05712295 -0.01282584  0.10097272]
[-0.05727229 -0.0144055   0.09883647]
[-0.05708549 -0.01549113  0.0965292 ]
[-0.05707365 -0.01753174  0.09113293]
[-0.05706056 -0.01863736  0.08870296]
[-0.05738261 -0.01986054  0.08653276]
[-0.05778169 -0.0209724   0.08421223]
[-0.05885383 -0.02292258  0.0808892 ]
[-0.05955544 -0.02564989  0.07764416]
[-0.05891779 -0.02841088  0.07381219]
[-0.0583806  -0.03076315  0.06749433]
[-0.0587581 -0.0317385  0.0628164]
[-0.06012859 -0.03224026  0.05766307]
[-0.06244677 -0.03284974  0.04533524]
[-0.06247395 -0.03246059  0.03324017]
[-0.06260434 -0.03203829  0.02703827]
[-0.06294143 -0.03118308  0.01983586]
[-0.06383066 -0.0302748   0.00601101]
[-0.06483838 -0.0297785  -0.00122568]
[-0.06467378 -0.03000378 -0.00783223]
[-0.06389063 -0.02974253 -0.01291889]
[-0.06481347 -0.02997909 -0.01742152]
[-0.06672133 -0.03058605 -0.02602732]
[-0.07000093 -0.03081348 -0.03712033]
[-0.07246696 -0.03021612 -0.04346744]
[-0.07478387 -0.02949037 -0.04965983]
[-0.07877009 -0.02851764 -0.05983463]
[-0.08085388 -0.02631353 -0.07014043]
[-0.08085388 -0.02631353 -0.07014043]
[-0.08237737 -0.02587436 -0.07239916]
[-0.08484691 -0.02505581 -0.07414542]
[-0.0848299  -0.02512711 -0.07417854]
[-0.08443021 -0.02549444 -0.07387973]
[-0.07980617 -0.0237511  -0.07016636]
[-0.0793815  -0.02162831 -0.06851308]
[-0.08253055 -0.01633717 -0.06390812]
[-0.08253055 -0.01633717 -0.06390812]
[-0.08370865 -0.01420703 -0.06161734]
[-0.08130492 -0.00844042 -0.05455654]
[-0.07899436 -0.00639722 -0.0520722 ]
[-0.07686795 -0.00511474 -0.04908938]
[-0.07414913 -0.00340609 -0.04568466]
[-0.07231166 -0.00068981 -0.03971212]
[-0.07197356  0.00343981 -0.03495507]
[-0.07224629  0.00587156 -0.03261824]
[-0.07165975  0.00836012 -0.03029827]
[-0.07146712  0.01344066 -0.02621642]
[-0.07217529  0.01669738 -0.02363976]
[-0.07393748  0.01950389 -0.02116293]
[-0.07547828  0.02227465 -0.01866898]
[-0.07851161  0.02618024 -0.01397365]
[-0.07858132  0.02833586 -0.01116739]
[-0.0784879   0.02993655 -0.00801102]
[-0.07757038  0.03176083 -0.00450038]
[-0.07577932  0.03526329  0.00209341]
[-0.07577932  0.03526329  0.00209341]
[-0.07264908  0.03926204  0.00807037]
[-0.07164944  0.04131466  0.01129405]
[-0.07094906  0.04324895  0.01496882]
[-0.07016879  0.04870474  0.02512133]
[-0.06977392  0.05035025  0.02834292]
[-0.06960309  0.05185869  0.03136972]
[-0.06842844  0.05430249  0.0370967 ]
[-0.06742485  0.05565339  0.03979691]
[-0.06679764  0.0594421   0.04662529]
[-0.06679764  0.0594421   0.04662529]
[-0.06718931  0.06058553  0.04843404]
[-0.06766892  0.06247594  0.05079054]
[-0.06779765  0.0654566   0.05102492]
[-0.06824625  0.06695237  0.05141808]
[-0.06787098  0.06869453  0.05342342]
[-0.06698208  0.0694132   0.05718217]
[-0.06428863  0.06993209  0.06890719]
[-0.06176107  0.07163073  0.08342067]
[-0.06150231  0.07392067  0.08774012]
[-0.06006591  0.07591797  0.09164131]
[-0.0586247   0.07742422  0.09358488]
[-0.05830879  0.07823733  0.09401344]
[-0.05830142  0.07858921  0.09563956]
[-0.05648003  0.07911137  0.09850018]
[-0.0563614   0.07872474  0.09497267]
[-0.05685493  0.07872322  0.09322762]
[-0.05776306  0.07872115  0.09185054]
[-0.05285075  0.07632528  0.08937291]
[-0.04424644  0.07147758  0.08734115]
[-0.04197794  0.06956839  0.08676842]
[-0.04252305  0.0638079   0.08126706]
[-0.038129    0.06147828  0.07313047]
[-0.03559236  0.06124675  0.06880623]
[-0.03405439  0.06135163  0.06419715]
[-0.03366798  0.06048815  0.06011861]
[-0.03464125  0.05926998  0.0559893 ]
[-0.03839534  0.05517702  0.04704525]
[-0.04064422  0.05353593  0.04264287]
[-0.04183967  0.05164324  0.03842714]
[-0.04260052  0.04948921  0.03402924]
[-0.04341477  0.04353716  0.02557914]
[-0.04519134  0.0405162   0.0211152 ]
[-0.04618565  0.03682802  0.0164591 ]
[-0.04922435  0.02939124  0.00837108]
[-0.04922435  0.02939124  0.00837108]
[-0.05050577  0.02180888  0.00163669]
[-0.05169864  0.01776807 -0.00140548]
[-0.05176259  0.01462292 -0.00631562]
[-0.05152942  0.01173654 -0.0114301 ]
[-0.0518545   0.00919151 -0.01734057]
[-0.05029571  0.00286605 -0.02795096]
[-0.04866076 -0.00085157 -0.03197288]
[-0.04694268 -0.00484514 -0.03558385]
[-0.04570998 -0.00887487 -0.03954392]
[-0.04517078 -0.01312503 -0.04435942]
[-0.04566783 -0.02078813 -0.05235581]
[-0.04596118 -0.02412135 -0.05572149]
[-0.04683757 -0.02898482 -0.0605598 ]
[-0.04760497 -0.03145414 -0.06352639]
[-0.04828906 -0.03713258 -0.069831  ]
[-0.04848506 -0.04035151 -0.07363433]
[-0.04830323 -0.04357434 -0.07741746]
[-0.04787166 -0.04682495 -0.0811281 ]
[-0.04775848 -0.05028183 -0.08433205]
[-0.0482084  -0.05872201 -0.08995942]
[-0.04870075 -0.06232875 -0.09259094]
[-0.04944683 -0.06614204 -0.095557  ]
[-0.04912088 -0.06944994 -0.09814627]
[-0.04849191 -0.07270533 -0.10057776]
[-0.04895204 -0.07903612 -0.10582752]
[-0.05052852 -0.08287923 -0.10844672]
[-0.05268588 -0.08701432 -0.11143026]
[-0.05323352 -0.09041659 -0.11386438]
[-0.0530586  -0.09871669 -0.11942687]
[-0.05429031 -0.10318287 -0.122779  ]
[-0.05429031 -0.10318287 -0.122779  ]
[-0.05569603 -0.10510734 -0.12444586]
[-0.05689788 -0.10664571 -0.12582803]
[-0.06171449 -0.10931194 -0.12707137]
[-0.06562852 -0.11091533 -0.1264113 ]
[-0.06688357 -0.11157469 -0.12340729]
[-0.07187011 -0.10919602 -0.1193554 ]
[-0.07187011 -0.10919602 -0.1193554 ]
[-0.07751312 -0.10719308 -0.11657863]
[-0.08996578 -0.09956507 -0.10408009]
[-0.07778058 -0.09212918 -0.09604714]
[-0.07778058 -0.09212918 -0.09604714]
[-0.07320225 -0.08967851 -0.09162194]
[-0.07044212 -0.07996783 -0.0757539 ]
[-0.07044212 -0.07996783 -0.0757539 ]
[-0.07035563 -0.07583144 -0.07003389]
[-0.06965995 -0.0718421  -0.06483841]
[-0.06765845 -0.06362486 -0.05475271]
[-0.06644093 -0.05970653 -0.05068096]
[-0.0656054  -0.05522833 -0.04695328]
[-0.06478726 -0.05053675 -0.04321579]
[-0.06420386 -0.0458399  -0.03926414]
[-0.06347376 -0.04100727 -0.03564709]
[-0.06196581 -0.03296478 -0.0295947 ]
[-0.06060066 -0.02919265 -0.02715618]
[-0.05911596 -0.02494524 -0.02421163]
[-0.05683698 -0.02072403 -0.02109341]
[-0.05262575 -0.01367838 -0.0141041 ]
[-0.05290484 -0.00624156 -0.00673249]
[-0.05433738 -0.0020483  -0.00313526]
[-0.05568372  0.00135375 -0.00019995]
[-0.05679055  0.00451012  0.00159608]
[-0.05641773  0.01158427  0.00524473]
[-0.05608297  0.0154627   0.00686085]
[-0.05400696  0.02306363  0.01036407]
[-0.05353134  0.03548351  0.01368881]
[-0.05353134  0.03548351  0.01368881]
[-0.05381277  0.04033554  0.01463418]
[-0.0539592   0.04484525  0.01586394]
[-0.05321146  0.05028772  0.01680107]
[-0.05256543  0.05537979  0.01804029]
[-0.05045442  0.06603718  0.0220571 ]
[-0.05049314  0.07068681  0.0237451 ]
[-0.05162295  0.07737142  0.02836967]
[-0.05022334  0.08176239  0.03047902]
[-0.0491943   0.08413398  0.03092523]
[-0.04735862  0.08717264  0.03137308]
[-0.04411638  0.09241939  0.03366013]
[-0.04329597  0.09470967  0.03484865]
[-0.04391312  0.096747    0.03601771]
[-0.04504503  0.0985904   0.03755284]
[-0.04521033  0.10045005  0.03937108]
[-0.04353614  0.10317582  0.04163037]
[-0.04257672  0.10401744  0.04203456]
[-0.04262704  0.10517799  0.04182575]
[-0.04300153  0.10559851  0.04166583]
[-0.04433464  0.10664055  0.04088202]
[-0.04534163  0.10693757  0.04014171]
[-0.0475459   0.10665165  0.03705063]
[-0.04896218  0.10639029  0.03504204]
[-0.05099842  0.10632575  0.03261302]
[-0.05391489  0.10639804  0.03036444]
[-0.06087388  0.10560586  0.0257853 ]
[-0.06401839  0.10479982  0.0234183 ]
[-0.06682199  0.10356018  0.02059472]
[-0.06875655  0.10214862  0.01760797]
[-0.07173094  0.09728363  0.01092155]
[-0.07243318  0.09459027  0.00750352]
[-0.0732629   0.09127446  0.00411167]
[-7.39582866e-02  8.79053101e-02 -2.55641062e-05]
[-0.0742026   0.08486678 -0.00540203]
[-0.07526692  0.07933332 -0.01599863]
[-0.07582887  0.07648794 -0.02057226]
[-0.07691211  0.07345864 -0.02482845]
[-0.0775187   0.07074723 -0.02956218]
[-0.07956727  0.06422443 -0.03916204]
[-0.08075167  0.06110044 -0.0442364 ]
[-0.0823611   0.05790999 -0.04933126]
[-0.08315873  0.05288438 -0.06116495]
[-0.08315873  0.05288438 -0.06116495]
[-0.08247344  0.05107435 -0.06721896]
[-0.08042269  0.04727583 -0.07704969]
[-0.07987055  0.04510124 -0.08076869]
[-0.07932905  0.04240295 -0.08484481]
[-0.07909641  0.03955157 -0.08897522]
[-0.07635095  0.0339647  -0.09845073]
[-0.0746032   0.03102994 -0.10275521]
[-0.07315046  0.02861593 -0.10681926]
[-0.07299301  0.02583796 -0.110749  ]
[-0.07304222  0.02375967 -0.11482732]
[-0.07768019  0.01893756 -0.12490428]
[-0.07986846  0.01738846 -0.12978169]
[-0.0824938   0.01533067 -0.13375108]
[-0.08327752  0.01361642 -0.13700403]
[-0.08480311  0.0093451  -0.14403182]
[-0.0853605   0.00712608 -0.14730047]
[-0.08650065  0.00497212 -0.15055683]
[-0.08642994  0.00287697 -0.15303163]
[-0.08664362  0.00076208 -0.15522422]
[-0.08821857 -0.00265854 -0.16005588]
[-0.09190303 -0.00695142 -0.16623607]
[-0.09273685 -0.00798807 -0.1684708 ]
[-0.09283463 -0.0110334  -0.17714921]
[-0.09283463 -0.0110334  -0.17714921]
[-0.09253991 -0.01215743 -0.18018438]
[-0.09299768 -0.01340806 -0.18270431]
[-0.09223761 -0.01505309 -0.18776275]
[-0.09239797 -0.01595226 -0.19069858]
[-0.09293056 -0.01682574 -0.19345112]
[-0.0935721  -0.02073552 -0.19797106]
[-0.09497181 -0.02556106 -0.20670168]
[-0.09651273 -0.02678505 -0.20947313]
[-0.09962994 -0.02868201 -0.21300532]
[-0.10046946 -0.02991603 -0.21756911]
[-0.0994895  -0.03047935 -0.22046174]
[-0.09893757 -0.03143447 -0.22265854]
[-0.09848139 -0.03291725 -0.22467472]
[-0.09929898 -0.03363105 -0.22455035]
[-0.09827233 -0.03417929 -0.22387365]
[-0.09660113 -0.03455018 -0.22286327]
[-0.09444011 -0.0348704  -0.22185621]
[-0.09289394 -0.03493736 -0.22083205]
[-0.09196899 -0.03491311 -0.21881437]
[-0.09118695 -0.03471876 -0.21787913]
[-0.09162684 -0.0345678  -0.21589553]
[-0.09649661 -0.03346935 -0.21068491]
[-0.09993364 -0.03153653 -0.20460986]
[-0.09959712 -0.03012537 -0.19948052]
[-0.09921155 -0.02878959 -0.19369589]
[-0.09582897 -0.02557349 -0.18181123]
[-0.09416334 -0.0237398  -0.17383511]
[-0.09230759 -0.02274654 -0.16554292]
[-0.09103394 -0.02149781 -0.15628645]
[-0.08907565 -0.01545062 -0.12972766]
[-0.0871649  -0.01312259 -0.1224644 ]
[-0.0824003  -0.00891103 -0.10929962]
[-0.08249066 -0.00690034 -0.10323031]
[-0.08275718 -0.00478575 -0.09718303]
[-0.0849987  -0.00033172 -0.08555956]
[-0.08505307  0.0023662  -0.08031116]
[-0.08510824  0.00518149 -0.07580239]
[-0.084435    0.00784119 -0.07161228]
[-0.08243837  0.01229899 -0.06263799]
[-0.08172466  0.01411596 -0.05865071]
[-0.08135235  0.01699981 -0.05351743]
[-0.08067139  0.02066624 -0.04882151]
[-0.07947479  0.02437195 -0.04483423]
[-0.07731009  0.0280618  -0.0413339 ]
[-0.07534566  0.03049892 -0.03907734]
[-0.07228076  0.03460203 -0.03325433]
[-0.070962    0.03876313 -0.02519538]
[-0.06952114  0.04202189 -0.01938473]
[-0.0697423   0.04340918 -0.01720677]
[-0.07011957  0.04425548 -0.01549505]
[-0.07053333  0.04523415 -0.01384636]
[-0.07059002  0.04737712 -0.0102197 ]
[-0.06892693  0.05115284 -0.00519808]
[-0.06892693  0.05115284 -0.00519808]
[-0.06900634  0.05218426 -0.0036141 ]
[-0.06848753  0.05455402 -0.00116714]
[-0.06889139  0.0566996   0.00136145]
[-0.06966142  0.05758232  0.00287423]
[-0.06957068  0.05832797  0.00509341]
[-0.06877327  0.05844355  0.005768  ]
[-0.06918933  0.05921767  0.00790033]
[-0.07020421  0.06007119  0.00869041]
[-0.07114901  0.06213751  0.01010918]
[-0.07077545  0.06308652  0.01065784]
[-0.06935471  0.06511155  0.01250372]
[-0.06899148  0.06589133  0.01410918]
[-0.06825379  0.06666604  0.01612498]
[-0.06736205  0.06732843  0.02184928]
[-0.06778292  0.06757001  0.02948259]
[-0.06803886  0.06819922  0.03407446]
[-0.06449612  0.07037673  0.04453009]
[-0.06449612  0.07037673  0.04453009]
[-0.06260585  0.07211106  0.04917013]
[-0.06262148  0.07301824  0.05086174]
[-0.06301406  0.07397304  0.05229977]
[-0.06332363  0.07476018  0.05328577]
[-0.06370457  0.07535025  0.05363984]
[-0.06388056  0.07634684  0.05352838]
[-0.06402321  0.07680029  0.05324518]
[-0.06428995  0.07700215  0.05284381]
[-0.06426528  0.07685616  0.05250425]
[-0.05929938  0.07537276  0.05264907]
[-0.05637411  0.07357917  0.05254258]
[-0.05498319  0.07242201  0.05234647]
[-0.05332079  0.07131983  0.05164464]
[-0.05402095  0.07125531  0.05092772]
[-0.05448266  0.07215261  0.05065235]
[-0.05669981  0.07320325  0.05015277]
[-0.05908754  0.07472321  0.04921107]
[-0.06151521  0.07543693  0.04817801]
[-0.06399828  0.0758682   0.04652191]
[-0.06435005  0.07503907  0.0461107 ]
[-0.06535562  0.07262916  0.04523491]
[-0.06535562  0.07262916  0.04523491]
[-0.06610387  0.07138985  0.0449565 ]
[-0.06625074  0.06947932  0.04304157]
[-0.06221623  0.06875453  0.03805263]
[-0.06054364  0.06787883  0.03587669]
[-0.05903535  0.06690755  0.0340232 ]
[-0.05873288  0.0631418   0.02984095]
[-0.05873288  0.0631418   0.02984095]
[-0.0589477   0.062278    0.02812337]
[-0.05934214  0.06132961  0.02613921]
[-0.05994918  0.0603547   0.02433302]
[-0.05987618  0.05875933  0.02127582]
[-0.05969853  0.05797291  0.01980965]
[-0.05942691  0.05723633  0.01782218]
[-0.05995418  0.05568995  0.01281919]
[-0.05897854  0.05357433  0.00691417]
[-0.05897854  0.05357433  0.00691417]
[-0.05849316  0.05258713  0.00582428]
[-0.05887002  0.0513856   0.00468568]
[-0.05930269  0.0501842   0.00361246]
[-0.06018464  0.04799291 -0.00172931]
[-0.06018464  0.04799291 -0.00172931]
[-0.06020767  0.04767679 -0.00494097]
[-0.05949897  0.0470599  -0.01503495]
[-0.05949897  0.0470599  -0.01503495]
[-0.05964405  0.04725536 -0.01793813]
[-0.06004782  0.04755493 -0.02081747]
[-0.06095317  0.04756004 -0.02323566]
[-0.06137351  0.04762612 -0.0258205 ]
[-0.06111415  0.04721466 -0.02820857]
[-0.06032936  0.04572204 -0.03200969]
[-0.06027419  0.04469059 -0.03322802]
[-0.06115846  0.04305773 -0.03482002]
[-0.05667406  0.04288017 -0.0348077 ]
[-0.05667406  0.04288017 -0.0348077 ]
[-0.05400162  0.04281924 -0.03553268]
[-0.05179097  0.04283929 -0.03638115]
[-0.05019868  0.04238712 -0.03789917]
[-0.05234533  0.04324124 -0.04280621]
[-0.05424889  0.04323314 -0.04518104]
[-0.05629053  0.04280532 -0.04753724]
[-0.05730732  0.04272692 -0.05154344]
[-0.0573718   0.04281756 -0.05279943]
[-0.05717272  0.04310214 -0.05426623]
[-0.05705065  0.04324788 -0.05607339]
[-0.05764424  0.04301518 -0.05803328]
[-0.05853582  0.04230705 -0.06225853]
[-0.05862995  0.0418705  -0.06397504]
[-0.05841289  0.04156034 -0.06564141]
[-0.05773314  0.04104597 -0.06732707]
[-0.05531202  0.04030173 -0.07070474]
[-0.05437284  0.0398473  -0.07292143]
[-0.05300237  0.03894202 -0.07660495]
[-0.05167089  0.03755366 -0.08182906]
[-0.0507751   0.03609626 -0.08776788]
[-0.04932449  0.03377609 -0.09769003]
[-0.04997555  0.03324852 -0.10137739]
[-0.05048601  0.03273809 -0.10462385]
[-0.05179508  0.03231017 -0.10768268]
[-0.0538765   0.03148247 -0.11364904]
[-0.05534708  0.03184419 -0.11711744]
[-0.05576708  0.03225119 -0.12019001]
[-0.05675096  0.03281474 -0.12282828]
[-0.05704384  0.0330381  -0.12495785]
[-0.05697099  0.03279124 -0.12602049]
[-0.05758355  0.03218628 -0.12614827]
[-0.05817693  0.03114166 -0.12452172]
[-0.05828419  0.03015914 -0.12369388]
[-0.05833408  0.02828753 -0.12254107]
[-0.05860678  0.02785802 -0.12230135]
[-0.05926369  0.02851608 -0.12305232]
[-0.05946428  0.02885895 -0.1233419 ]
[-0.06211638  0.02940715 -0.12265915]
[-0.0653738   0.02892459 -0.12032726]
[-0.07301903  0.02827051 -0.11684128]
[-0.07215916  0.0283732  -0.11647221]
[-0.06944331  0.02896418 -0.11769323]
[-0.06380619  0.03103139 -0.12051279]
[-0.06466866  0.03228639 -0.12136128]
[-0.06503191  0.03216337 -0.12166625]
[-0.06485294  0.0316041  -0.12181804]
[-0.06206989  0.03088819 -0.12239097]
[-0.06128837  0.03093231 -0.12236202]
[-0.06170599  0.03202011 -0.1215791 ]
[-0.06241047  0.03263519 -0.12079589]
[-0.06311463  0.03323999 -0.11860212]
[-0.0625556   0.03325169 -0.11581783]
[-0.06275648  0.03465146 -0.10908925]
[-0.0683104   0.03755236 -0.09560716]
[-0.06807333  0.03934347 -0.09210632]
[-0.06737014  0.04125154 -0.0886059 ]
[-0.06443699  0.0429239  -0.0858213 ]
[-0.06298612  0.04461211 -0.08352107]
[-0.06149995  0.04641384 -0.07649447]
[-0.06102712  0.04692722 -0.07257282]
[-0.06076723  0.04740182 -0.06891403]
[-0.06036104  0.0477605  -0.06597751]
[-0.06098626  0.04900553 -0.06109379]
[-0.06139428  0.05010562 -0.05671868]
[-0.06179991  0.0506872  -0.05403786]
[-0.06288457  0.05120522 -0.05088323]
[-0.06391273  0.05358041 -0.03629879]
[-0.06347896  0.05458145 -0.03015649]
[-0.06358789  0.05571068 -0.02373477]
[-0.06305532  0.05939625 -0.00661986]
[-0.06321118  0.0603643  -0.00169476]
[-0.06340019  0.06123446  0.00294063]
[-0.06352765  0.06192874  0.00714434]
[-0.06350139  0.06314341  0.01112524]
[-0.06181143  0.06546819  0.01808357]
[-0.06124729  0.066491    0.0206222 ]
[-0.06058641  0.06712884  0.02278891]
[-0.05967844  0.06756974  0.02471678]
[-0.05818432  0.06839623  0.02873173]
[-0.05758153  0.06893896  0.03077665]
[-0.05692884  0.06949395  0.03304102]
[-0.05629993  0.06986383  0.03524194]
[-0.05589815  0.07021123  0.03728202]
[-0.05529429  0.07055389  0.0393292 ]
[-0.05454041  0.07153384  0.04184687]
[-0.05415411  0.07213851  0.04311351]
[-0.05435747  0.07264385  0.04452503]
[-0.0541532   0.07327476  0.04620195]
[-0.05446242  0.07477506  0.0497844 ]
[-0.0541108   0.0755577   0.05154439]
[-0.05398856  0.07608671  0.05371676]
[-0.05358184  0.07639816  0.05593088]
[-0.0525443   0.0762988   0.05835581]
[-0.05044212  0.07587583  0.06386568]
[-0.04885925  0.07530933  0.06720483]
[-0.04641991  0.07343864  0.074283  ]
[-0.04542398  0.0710557   0.08112263]
[-0.04471794  0.07008535  0.08412836]
[-0.04408308  0.06919952  0.08639744]
[-0.0416434   0.06785984  0.08993839]
[-0.03981191  0.06648901  0.09198203]
[-0.03900319  0.0657064   0.09233874]
[-0.03858888  0.0643762   0.09259334]
[-0.03832372  0.06277968  0.09287367]
[-0.03776337  0.06098733  0.09324059]
[-0.03744874  0.05925914  0.09369297]
[-0.03710739  0.05648201  0.0935467 ]
[-0.03740653  0.05504997  0.09354261]
[-0.03580643  0.04983286  0.09419475]
[-0.03580643  0.04983286  0.09419475]
[-0.03502827  0.04840883  0.0935536 ]
[-0.03488869  0.04701472  0.09267991]
[-0.03445907  0.04369676  0.09161554]
[-0.03401772  0.04181536  0.09143611]
[-0.03336848  0.03726959  0.09174404]
[-0.03359476  0.03478005  0.09186042]
[-0.03305999  0.03215914  0.09218863]
[-0.02903628  0.02764514  0.09183632]
[-0.02683251  0.02437745  0.09345173]
[-0.02683251  0.02437745  0.09345173]
[-0.02650408  0.02277783  0.09566301]
[-0.0202115   0.01439881  0.10861089]
[-0.01863732  0.01258891  0.11319486]
[-0.0175818   0.01138721  0.11797013]
[-0.01659048  0.01026477  0.12242996]
[-0.01289789  0.00742412  0.12973401]
[-0.01191431  0.00700791  0.13068008]
[-0.01185659  0.00662637  0.13121487]
[-0.01261986  0.00558632  0.13168617]
[-0.01186686  0.00528933  0.13190188]
[-0.01099462  0.00567552  0.13165224]
[-0.01071914  0.00632653  0.13127778]
[-0.01196135  0.00719452  0.12978272]
[-0.01261682  0.00770509  0.12838815]
[-0.01268874  0.00791006  0.12768222]
[-0.01261797  0.00830428  0.12690474]
[-0.01345433  0.0097588   0.12340371]
[-0.01345433  0.0097588   0.12340371]
[-0.01402255  0.01048086  0.12188743]
[-0.01447373  0.01131224  0.12050319]
[-0.01499462  0.01192304  0.11924548]
[-0.01558089  0.01247046  0.11811135]
[-0.01554299  0.01282636  0.11621358]
[-0.01590299  0.01300352  0.11554861]
[-0.01683774  0.01303785  0.11449107]
[-0.01971447  0.0131224   0.11183945]
[-0.02125698  0.01302012  0.10971637]
[-0.02285241  0.01316195  0.10790262]
[-0.02465008  0.01320711  0.10630982]
[-0.02646707  0.01329173  0.10470007]
[-0.02764039  0.01344522  0.10322171]
[-0.02924016  0.01307672  0.0990507 ]
[-0.02962775  0.01327766  0.09603441]
[-0.02926405  0.01311697  0.09229308]
[-0.0261103   0.01092461  0.08297248]
[-0.02725894  0.01009428  0.07808098]
[-0.02969711  0.01413704  0.05198036]
[-0.03141524  0.01593032  0.04168178]
[-0.03452124  0.01642022  0.03257441]
[-0.03776646  0.01476221  0.01630571]
[-0.03780476  0.01318212  0.00412291]
[-0.03761462  0.0130901  -0.00080357]
[-0.03791794  0.01368488 -0.00544061]
[-0.03987567  0.01432233 -0.01011929]
[-0.04205867  0.01490601 -0.01426483]
[-0.04514339  0.01629915 -0.02193618]
[-0.0456481   0.01698606 -0.02590618]
[-0.04542944  0.0176962  -0.02955346]
[-0.04444137  0.01812952 -0.03586188]
[-0.04400914  0.01846921 -0.04022568]
[-0.04431536  0.01906612 -0.04404834]
[-0.04389747  0.01904237 -0.04645   ]
[-0.04222273  0.01939838 -0.05153262]
[-0.04246538  0.0199824  -0.05451892]
[-0.04410309  0.02093137 -0.0583653 ]
[-0.04631458  0.02176475 -0.06246477]
[-0.04781827  0.02248685 -0.0667996 ]
[-0.04969561  0.02341538 -0.07509091]
[-0.04920918  0.02394747 -0.07868905]
[-0.04811268  0.0246279  -0.08212037]
[-0.0466208   0.02527605 -0.08524598]
[-0.0450075   0.02569995 -0.08808837]
[-0.04551393  0.0255992  -0.09501144]
[-0.04739455  0.02537076 -0.09834594]
[-0.05204494  0.02533584 -0.10537351]
[-0.05416409  0.02559102 -0.10844659]
[-0.05697452  0.02619937 -0.11401282]
[-0.05747674  0.0266216  -0.11664777]
[-0.0583926   0.02686376 -0.1194734 ]
[-0.05858758  0.02713873 -0.12195003]
[-0.05893167  0.02741116 -0.1241008 ]
[-0.0596525   0.02703064 -0.12764864]
[-0.06007169  0.02666893 -0.1282704 ]
[-0.0606859   0.02685622 -0.12867305]
[-0.06193646  0.02893766 -0.13203053]
[-0.06185789  0.02935092 -0.1344333 ]
[-0.06174717  0.02977141 -0.13712102]
[-0.06148522  0.02977594 -0.13997242]
[-0.06112563  0.02927573 -0.1456414 ]
[-0.05984448  0.02756789 -0.15592574]
[-0.07077969  0.02458456 -0.15987545]
[-0.0774843   0.02244299 -0.16136476]
[-0.07139427  0.02266759 -0.16426295]
[-0.06488235  0.02289226 -0.16639891]
[-0.06452774  0.02303103 -0.16745396]
[-0.0665559   0.0224691  -0.16870323]
[-0.06822369  0.02294578 -0.1700363 ]
[-0.06690541  0.02358437 -0.17036113]
[-0.06507973  0.02425732 -0.17051844]
[-0.06380157  0.02406014 -0.1705638 ]
[-0.06250561  0.02316402 -0.17077793]
[-0.05924671  0.02076874 -0.17120339]
[-0.05849266  0.02020927 -0.1732178 ]
[-0.05870113  0.02045114 -0.17435746]
[-0.06032808  0.02068904 -0.17607729]
[-0.06186186  0.02043993 -0.17745718]
[-0.06214841  0.01970947 -0.17787814]
[-0.06198291  0.01862138 -0.17749074]
[-0.06151872  0.01778555 -0.17738964]
[-0.06183298  0.01671321 -0.17752449]
[-0.06222132  0.01614806 -0.1772301 ]
[-0.06534863  0.01612954 -0.18019308]
[-0.06534863  0.01612954 -0.18019308]
[-0.06646105  0.01617783 -0.18174624]
[-0.06680147  0.01614609 -0.18337399]
[-0.06556058  0.01601998 -0.18382674]
[-0.06385752  0.01603687 -0.18387075]
[-0.06100348  0.01564182 -0.18365504]
[-0.05990608  0.01512818 -0.18284379]
[-0.05836722  0.01425281 -0.18153559]
[-0.05837421  0.01426628 -0.18118039]
[-0.06364216  0.0152767  -0.18155068]
[-0.06597593  0.01585895 -0.18105677]
[-0.06593474  0.01622868 -0.18050307]
[-0.06605479  0.0169631  -0.17981389]
[-0.06632732  0.01957883 -0.1768368 ]
[-0.06615539  0.02023526 -0.17608902]
[-0.06640316  0.02056306 -0.1758973 ]
[-0.06641361  0.02067656 -0.17615055]
[-0.0665626   0.02082996 -0.17656818]
[-0.06581575  0.02117343 -0.17686908]
[-0.06489655  0.02143717 -0.1759579 ]
[-0.06376361  0.02159674 -0.1747283 ]
[-0.0628158   0.02192454 -0.17320529]
[-0.06151715  0.02282579 -0.17130707]
[-0.06107869  0.02307607 -0.16915813]
[-0.06139512  0.02338945 -0.16629221]
[-0.0636057   0.02340791 -0.15607569]
[-0.0636057   0.02340791 -0.15607569]
[-0.06130533  0.02307452 -0.14030847]
[-0.05927554  0.02181982 -0.13008359]
[-0.05572369  0.02165165 -0.11930762]
[-0.05323006  0.02359764 -0.10785171]
[-0.05080728  0.02957858 -0.09184828]
[-0.05169711  0.03240923 -0.08429763]
[-0.05138993  0.0346863  -0.07737532]
[-0.04998137  0.03679499 -0.0700232 ]
[-0.04727765  0.04013159 -0.05826331]
[-0.04609034  0.04344101 -0.04847428]
[-0.04591542  0.04491331 -0.04408972]
[-0.04558164  0.04639249 -0.04109573]
[-0.04515967  0.04861591 -0.03635877]
[-0.04519085  0.04948371 -0.03394177]
[-0.04510027  0.04986944 -0.03099055]
[-0.04442746  0.05028209 -0.02728416]
[-0.04250372  0.0504919  -0.02321218]
[-0.04028823  0.05068776 -0.01741999]
[-0.04116761  0.05087513 -0.01514149]
[-0.04363912  0.05098537 -0.01295049]
[-0.04479567  0.05141706 -0.01013671]
[-0.04459988  0.05187207 -0.00606364]
[-0.04151827  0.05294959  0.00176586]
[-0.04048342  0.05336578  0.00528679]
[-0.03962432  0.05373554  0.00838156]
[-0.03897543  0.05432838  0.01195715]
[-0.03874068  0.05505161  0.01516993]
[-0.04180559  0.05700699  0.02152378]
[-0.04180559  0.05700699  0.02152378]
[-0.04178783  0.05807599  0.02397735]
[-0.04089131  0.05856608  0.02565766]
[-0.04146094  0.05872653  0.02646465]
[-0.04177764  0.05905724  0.02727573]
[-0.04172524  0.05925289  0.02825733]
[-0.04133232  0.0594787   0.02948649]
[-0.03688576  0.05898442  0.033979  ]
[-0.03540777  0.05908442  0.03646897]
[-0.03163467  0.0594118   0.04321934]
[-0.03163467  0.0594118   0.04321934]
[-0.03171217  0.05912263  0.04660994]
[-0.03502675  0.05764202  0.05219965]
[-0.0346239   0.05703243  0.05367015]
[-0.03252631  0.05670245  0.05628691]
[-0.02538233  0.05483268  0.06306122]
[-0.02219144  0.05045981  0.07227504]
[-0.02002373  0.04867015  0.07563472]
[-0.01552659  0.04687065  0.08140735]
[-0.01392525  0.04578897  0.0836568 ]
[-0.01562955  0.04409762  0.08917999]
[-0.02047032  0.04289347  0.09217004]
[-0.02226999  0.042705    0.09283322]
[-0.02431237  0.04202358  0.0921633 ]
[-0.02439646  0.04203094  0.09131474]
[-0.0242654   0.04161951  0.08990827]
[-0.02353922  0.04006011  0.08611991]
[-0.02271084  0.03848101  0.08446131]
[-0.0217332   0.03668115  0.08252669]
[-0.02074451  0.03484702  0.08047323]
[-0.02063508  0.03322528  0.07833875]
[-0.0213927   0.02983824  0.07236221]
[-0.02233339  0.02833404  0.06968347]
[-0.02286571  0.02672921  0.06736609]
[-0.02253545  0.02356333  0.06315386]
[-0.02185808  0.02173473  0.06116883]
[-0.02087379  0.0200045   0.05908463]
[-0.02062342  0.01809028  0.05714207]
[-0.02057145  0.01593045  0.05525905]
[-0.01940327  0.01140866  0.05293172]
[-0.01830951  0.00908803  0.05231646]
[-0.01770637  0.00712635  0.05163826]
[-0.01705154  0.00555183  0.05027908]
[-0.01532515  0.00418333  0.04891656]
[-0.00831469  0.00207973  0.04543661]
[-0.00721914  0.00040979  0.04486306]
[-0.00888238 -0.00637217  0.04122502]
[-0.00792913 -0.00800617  0.03853566]
[-0.00684989 -0.01011846  0.03553114]
[-0.00722025 -0.01199048  0.03325096]
[-0.0077271  -0.01426204  0.03178015]
[-0.00856469 -0.01732692  0.03027014]
[-0.01164437 -0.0236439   0.02670964]
[-0.01288686 -0.02695471  0.02458155]
[-0.01351542 -0.0335253   0.02078638]
[-0.01363794 -0.03639609  0.01866506]
[-0.01433958 -0.04217824  0.0141772 ]
[-0.01478367 -0.0451709   0.0118376 ]
[-0.0150865  -0.04795573  0.00976801]
[-0.01361942 -0.05414226  0.00540693]
[-0.01235386 -0.05772451  0.00355137]
[-0.01096764 -0.06153329  0.00194075]
[-0.01069176 -0.06533123  0.00027724]
[-0.01051521 -0.0760574  -0.00615452]
[-0.01020912 -0.07906904 -0.00830689]
[-0.01027025 -0.08191393 -0.00991682]
[-0.00973892 -0.08474848 -0.01149539]
[-0.00803051 -0.08785105 -0.01247224]
[-0.00587913 -0.09233231 -0.0131106 ]
[-0.00581855 -0.09304506 -0.01351599]
[-0.00727106 -0.09326267 -0.01486721]
[-0.00888226 -0.09295884 -0.01851768]
[-0.00943653 -0.09313682 -0.01971568]
[-0.00954164 -0.09422635 -0.01921497]
[-0.00930233 -0.09525584 -0.01841705]
[-0.00635403 -0.09739111 -0.01747698]
[-0.00421985 -0.09791822 -0.01737018]
[ 0.00533666 -0.09524031 -0.01951321]
[ 0.03605357 -0.07963965 -0.02230107]
[ 0.05690741 -0.0660653  -0.01757031]
[ 0.06617842 -0.05869476 -0.01445904]
[ 0.07346374 -0.0505166  -0.01112367]
[ 0.0835552  -0.03809618 -0.00757849]
[ 0.09298601 -0.02797157 -0.00664739]
[ 0.0974003  -0.02334019 -0.00646589]
[ 0.10135165 -0.01886422 -0.0059514 ]
[ 0.10857055 -0.01128881 -0.00317297]
[ 0.11289484 -0.00824206 -0.00070482]
[ 0.11645359 -0.00525212  0.00140966]
[0.12129102 0.00037279 0.00383126]
[0.12372462 0.006145   0.00513483]
[0.12466464 0.01159022 0.00698183]
[0.1236091  0.01394611 0.00752039]
[0.12193871 0.01616568 0.00903527]
[0.11899919 0.02025069 0.01347043]
[0.11722547 0.02247241 0.01604469]
[0.11514199 0.02484891 0.01854386]
[0.11346549 0.02720595 0.0210528 ]
[0.10950408 0.03198082 0.02620267]
[0.10602868 0.03419053 0.03029721]
[0.10142434 0.03661816 0.03421829]
[0.09777    0.0387974  0.03801067]
[0.09500534 0.04104628 0.04124242]
[0.09130844 0.04659837 0.04655185]
[0.08488393 0.05421044 0.05181063]
[0.07934441 0.06128285 0.05759884]
[0.07375166 0.06752381 0.06123287]
[0.06609665 0.07401636 0.06512111]
[0.0623899  0.07712903 0.0671175 ]
[0.0540378  0.08296634 0.07077791]
[0.04296308 0.08849242 0.07238671]
[0.03720897 0.09137395 0.07313328]
[0.03179716 0.09376662 0.07341705]
[0.01393059 0.10017599 0.07325853]
[0.01393059 0.10017599 0.07325853]
[0.00843874 0.10200632 0.07259006]
[0.00427381 0.10332054 0.07198421]
[0.00110588 0.10518357 0.07187752]
[-0.00394333  0.11034612  0.07330456]
[-0.00946611  0.11132599  0.07390795]
[-0.01575754  0.11218143  0.0735945 ]
[-0.0208324   0.11301179  0.07187446]
[-0.02740757  0.11817177  0.06843285]
[-0.03121691  0.12029117  0.06591933]
[-0.03472304  0.12140074  0.06346697]
[-0.0389351   0.121223    0.06024689]
[-0.04444136  0.12050822  0.05285683]
[-0.04770219  0.119618    0.04892987]
[-0.05088348  0.1179017   0.04457897]
[-0.05454417  0.11594599  0.04047556]
[-0.05735377  0.11369752  0.03656738]
[-0.06097079  0.10813585  0.03006088]
[-0.0641786   0.10146311  0.02418936]
[-0.06546147  0.09814026  0.02099425]
[-0.06657681  0.09473082  0.0179367 ]
[-0.06905269  0.08889388  0.01247123]
[-0.07152973  0.08650053  0.00947353]
[-0.07406143  0.08432499  0.00667605]
[-0.07689729  0.0822427   0.00325958]
[-0.07939779  0.08011907  0.00019795]
[-0.08377621  0.0745618  -0.00767807]
[-0.08458207  0.07183006 -0.0121552 ]
[-0.08525212  0.06947382 -0.01633247]
[-0.08552847  0.06752422 -0.02047595]
[-0.08739995  0.06420997 -0.02657199]
[-0.08781209  0.06250487 -0.02902852]
[-0.08738868  0.06061422 -0.03152169]
[-0.08666705  0.05873169 -0.03432805]
[-0.08595604  0.05578557 -0.04317458]
[-0.08652741  0.05527378 -0.04591329]
[-0.08723673  0.05508561 -0.04885559]
[-0.08780187  0.05385315 -0.05573982]
[-0.08636689  0.05056082 -0.06633996]
[-0.08636689  0.05056082 -0.06633996]
[-0.08566687  0.04962309 -0.07009872]
[-0.08552533  0.04879477 -0.07419167]
[-0.08387134  0.04753498 -0.081902  ]
[-0.08297005  0.04644989 -0.08854901]
[-0.08328415  0.04572411 -0.09159778]
[-0.08316341  0.04479253 -0.093582  ]
[-0.08268072  0.04368641 -0.09568051]
[-0.08039314  0.04125311 -0.09994749]
[-0.0795918   0.04000643 -0.10275789]
[-0.07898702  0.03837508 -0.10505537]
[-0.07950509  0.0367829  -0.10682317]
[-0.08226226  0.03380426 -0.11152158]
[-0.08533959  0.03104115 -0.11935901]
[-0.08387188  0.02991192 -0.12219389]
[-0.08029279  0.02688729 -0.12730709]
[-0.07804793  0.02026388 -0.13226813]
[-0.07775251  0.01751681 -0.13491037]
[-0.08054151  0.01267495 -0.14213392]
[-0.08313202  0.01037579 -0.14503171]
[-0.08484583  0.00758747 -0.14803973]
[-0.08217959 -0.00206495 -0.16211164]
[-0.08103714 -0.00497475 -0.16743593]
[-0.08085967 -0.0073036  -0.17253022]
[-0.08139087 -0.01139622 -0.18278126]
[-0.08114609 -0.01537182 -0.19211288]
[-0.08025211 -0.0173543  -0.19526762]
[-0.07866299 -0.01918629 -0.19803222]
[-0.0789231  -0.02438114 -0.20331919]
[-0.0789231  -0.02438114 -0.20331919]
[-0.07986351 -0.02550911 -0.20572495]
[-0.08065565 -0.02573287 -0.20814183]
[-0.08204991 -0.02629427 -0.21203983]
[-0.08290512 -0.02674331 -0.21382099]
[-0.08330665 -0.02754473 -0.21589054]
[-0.08383501 -0.02803075 -0.21763979]
[-0.08344492 -0.02808329 -0.21891098]
[-0.0826579  -0.02803354 -0.2188978 ]
[-0.08119774 -0.02778498 -0.21678062]
[-0.08132041 -0.02750484 -0.21581593]
[-0.08132041 -0.02750484 -0.21581593]
[-0.08177366 -0.02737809 -0.21539296]
[-0.08186932 -0.02705881 -0.21492282]
[-0.08045081 -0.02523779 -0.21116231]
[-0.07916108 -0.02462133 -0.20951252]
[-0.07819596 -0.02399007 -0.20777847]
[-0.07612694 -0.02335829 -0.20425756]
[-0.07506745 -0.02280859 -0.20176193]
[-0.07411228 -0.02225559 -0.19908205]
[-0.07341694 -0.02159607 -0.19595064]
[-0.07449033 -0.02059291 -0.1926989 ]
[-0.0798601  -0.01757891 -0.18591669]
[-0.08108778 -0.0151354  -0.17730387]
[-0.07791864 -0.01432445 -0.16924264]
[-0.0700502  -0.01181082 -0.1468512 ]
[-0.0664256  -0.00901349 -0.12836573]
[-0.06471782 -0.00691917 -0.12124927]
[-0.06425918 -0.00447516 -0.11456186]
[-0.06287202 -0.00108662 -0.10848614]
[-0.06167838  0.00521345 -0.09631122]
[-0.05954906  0.01001094 -0.08470778]
[-0.05820914  0.01209228 -0.07963552]
[-0.05791123  0.01447119 -0.07547151]
[-0.05718219  0.01924315 -0.06951993]
[-0.05688536  0.02191369 -0.06739614]
[-0.05623014  0.02413526 -0.06539933]
[-0.05396132  0.02883025 -0.05911557]
[-0.05396132  0.02883025 -0.05911557]
[-0.05362796  0.02997557 -0.05771539]
[-0.05337658  0.03128577 -0.05687457]
[-0.05302787  0.03366328 -0.05598227]
[-0.05225753  0.03444416 -0.05526887]
[-0.05134007  0.03533392 -0.05357635]
[-0.05108124  0.03553261 -0.05294992]
[-0.04909649  0.0361599  -0.05128162]
[-0.0484703   0.0357326  -0.05108255]
[-0.04832332  0.03618342 -0.05109989]
[-0.04835061  0.03643972 -0.05150747]
[-0.04861696  0.03661115 -0.05265091]
[-0.04787877  0.03676264 -0.05391904]
[-0.04729784  0.03688307 -0.05388954]
[-0.0470034   0.03742703 -0.05364818]
[-0.0466689   0.03800359 -0.05311245]
[-0.0463204   0.03800894 -0.05289752]
[-0.04564643  0.03739061 -0.05157334]
[-0.04555378  0.03725444 -0.05100521]
[-0.04658193  0.03739202 -0.05109226]
[-0.04776262  0.03746941 -0.05194899]
[-0.04920553  0.03743446 -0.05291478]
[-0.05134659  0.03758136 -0.05392966]
[-0.05205555  0.0378744  -0.0536968 ]
[-0.05223071  0.03829199 -0.05340093]
[-0.05230625  0.03856036 -0.05309071]
[-0.05276092  0.03924428 -0.05265707]
[-0.05304922  0.0393732  -0.05262482]
[-0.05304816  0.03951642 -0.05248472]
[-0.05249977  0.03955068 -0.05199033]
[-0.05211723  0.03949707 -0.05159434]
[-0.05143002  0.03965809 -0.0504421 ]
[-0.05168814  0.03963449 -0.04991432]
[-0.05162644  0.03951401 -0.04939355]
[-0.05179167  0.03949578 -0.04874794]
[-0.05159511  0.03950658 -0.04715307]
[-0.05105174  0.03953641 -0.04672766]
[-0.05012648  0.03985624 -0.04638037]
[-0.04953373  0.04015626 -0.0462376 ]
[-0.0490949   0.04077729 -0.04552498]
[-0.04827623  0.04187366 -0.04277973]
[-0.04777261  0.0422092  -0.04084969]
[-0.0474188   0.04239724 -0.03903493]
[-0.04679645  0.04254437 -0.03721729]
[-0.04679249  0.04260043 -0.03527627]
[-0.0491699   0.04389771 -0.02790291]
[-0.04971061  0.04480706 -0.0259155 ]
[-0.04957912  0.04639175 -0.02283881]
[-0.04920036  0.0476923  -0.02095699]
[-0.04981114  0.04797385 -0.01979332]
[-0.05053529  0.0478945  -0.01811656]
[-0.05116472  0.04782769 -0.01616551]
[-0.04988215  0.04755681 -0.01226984]
[-0.04930744  0.04817018 -0.00925164]
[-0.04952607  0.04865742 -0.00727233]
[-0.04871425  0.04814263 -0.00508336]
[-0.04883316  0.04805035 -0.00485049]
[-0.0488304   0.04799532 -0.00416525]
[-0.0491016   0.04818894 -0.00389428]
[-0.04954927  0.04841532 -0.00355164]
[-0.05000693  0.04875349 -0.00315118]
[-0.05052907  0.04875878 -0.0030821 ]
[-0.05094591  0.0485533  -0.00345262]
[-0.05088777  0.04827869 -0.00399301]
[-0.04951987  0.04742982 -0.00515899]
[-0.04875653  0.04732729 -0.0051845 ]
[-0.04839914  0.04729666 -0.0050674 ]
[-0.04829913  0.04751809 -0.00457478]
[-0.04863192  0.04799293 -0.00407201]
[-0.04929631  0.048325   -0.00408063]
[-0.05097985  0.04876619 -0.00531744]
[-0.04910334  0.04730546 -0.00597466]
[-0.04787292  0.04656623 -0.00562669]
[-0.04469347  0.04383933 -0.0075323 ]
[-0.04369131  0.042428   -0.01012552]
[-0.04177994  0.04180923 -0.01146498]
[-0.04074627  0.04122436 -0.01328087]
[-0.04046405  0.04155225 -0.01557373]
[-0.04123187  0.04147333 -0.0170067 ]
[-0.04217351  0.04135238 -0.0178097 ]
[-0.04286091  0.04158731 -0.01791945]
[-0.04376152  0.04104072 -0.01829317]
[-0.04439449  0.04022315 -0.01829867]
[-0.04492622  0.0397687  -0.01809039]
[-0.04538531  0.0392863  -0.01784081]
[-0.04539847  0.03881358 -0.01746703]
[-0.04330249  0.03838668 -0.01508749]
[-0.04330249  0.03838668 -0.01508749]
[-0.04465311  0.03881037 -0.00596011]
[-0.04465311  0.03881037 -0.00596011]
[-0.04440211  0.03928016 -0.0008425 ]
[-0.04391457  0.04004602  0.00507778]
[-0.04368193  0.04134985  0.0118322 ]
[-0.04421841  0.0428663   0.0193678 ]
[-0.04761295  0.04564888  0.03238069]
[-0.04943293  0.04746807  0.03684553]
[-0.0509878   0.0488534   0.04104245]
[-0.05180765  0.05057941  0.04571619]
[-0.0504424   0.05335477  0.05583248]
[-0.04962196  0.0546887   0.06002379]
[-0.04848239  0.05582852  0.06355959]
[-0.04775138  0.05759852  0.06844586]
[-0.0473853   0.05913584  0.07225926]
[-0.04719742  0.05988434  0.07372297]
[-0.0472028   0.06050434  0.07437407]
[-0.04707834  0.06062406  0.07409316]
[-0.04742164  0.06051715  0.07381447]
[-0.0492932   0.06004884  0.07270025]
[-0.04979851  0.05994503  0.07192646]
[-0.05061698  0.05984504  0.07147365]
[-0.05238115  0.05957001  0.07119226]
[-0.0512249   0.0572772   0.06871957]
[-0.05038066  0.05741368  0.06689557]
[-0.04780284  0.05882796  0.07069386]
[-0.04780284  0.05882796  0.07069386]
[-0.03933519  0.05954223  0.06969552]
[-0.03868003  0.05921117  0.06867244]
[-0.03868003  0.05921117  0.06867244]
[-0.0429253   0.05600997  0.06527663]
[-0.04563867  0.05214782  0.05906206]
[-0.04724323  0.05011638  0.05585365]
[-0.04740362  0.04628697  0.04699904]
[-0.04793178  0.04440776  0.04102644]
[-0.05047036  0.04221095  0.02821505]
[-0.05264143  0.04138639  0.02114291]
[-0.05384985  0.04055933  0.01505778]
[-0.05295479  0.03810887  0.00544758]
[-0.05086654  0.03661643  0.00162596]
[-0.0468604   0.0332842  -0.00945693]
[-0.04514478  0.02905819 -0.02643642]
[-0.04596157  0.02652118 -0.03421502]
[-0.04910609  0.02270656 -0.04665596]
[-0.05147002  0.02124167 -0.05222131]
[-0.05262019  0.0197429  -0.05675714]
[-0.05434042  0.01865714 -0.06112694]
[-0.05613447  0.01749564 -0.06562691]
[-0.05890379  0.01532827 -0.07548445]
[-0.0614992   0.013399   -0.08482899]
[-0.06293643  0.01204242 -0.08929815]
[-0.0646437   0.01076722 -0.09314509]
[-0.06712689  0.00746266 -0.10106105]
[-0.06913657  0.00469574 -0.10841016]
[-0.06873458  0.00371866 -0.11195772]
[-0.0694577   0.00156585 -0.11887388]
[-0.07023943  0.00060222 -0.12248653]
[-0.07209712 -0.0001421  -0.12636171]
[-0.07272278 -0.00107757 -0.12924382]
[-0.07239422 -0.00221514 -0.1316317 ]
[-0.07195589 -0.00390531 -0.13317168]
[-0.0701833  -0.00853989 -0.13751772]
[-0.0701833  -0.00853989 -0.13751772]
[-0.0706523  -0.00872592 -0.14096099]
[-0.07113739 -0.00876767 -0.14463708]
[-0.0707093  -0.00955554 -0.15064521]
[-0.07405021 -0.01009551 -0.16152893]
[-0.07454344 -0.01001586 -0.16453122]
[-0.07197185 -0.0105407  -0.16663466]
[-0.07019562 -0.01159396 -0.16612718]
[-0.07063507 -0.01193724 -0.16596361]
[-0.07078603 -0.01210447 -0.16730715]
[-0.07067857 -0.01214071 -0.1678495 ]
[-0.07030383 -0.01240803 -0.16824643]
[-0.0699284  -0.01257469 -0.16840746]
[-0.06852972 -0.01283208 -0.16823518]
[-0.0680535  -0.0126892  -0.16840532]
[-0.06777065 -0.01229739 -0.16868266]
[-0.06790495 -0.01202275 -0.16888982]
[-0.06852237 -0.01176329 -0.16859493]
[-0.06867486 -0.01183786 -0.16805956]
[-0.06875985 -0.01178237 -0.16746432]
[-0.06882597 -0.01157707 -0.16680685]
[-0.0689685  -0.01129313 -0.16620749]
[-0.06943102 -0.01108653 -0.16489805]
[-0.06949017 -0.01101048 -0.16387168]
[-0.07011315 -0.01064547 -0.16256426]
[-0.07007195 -0.01014094 -0.1609828 ]
[-0.07153598 -0.00920648 -0.15877296]
[-0.07241271 -0.00745708 -0.15287681]
[-0.07211975 -0.00614075 -0.14819178]
[-0.07175232 -0.00323373 -0.13665487]
[-0.07201249 -0.00121852 -0.13104315]
[-0.07019643  0.00384348 -0.11875656]
[-0.06838343  0.00650375 -0.11250424]
[-0.06607828  0.00894121 -0.10529441]
[-0.0613869   0.01348816 -0.09300763]
[-0.0613869   0.01348816 -0.09300763]
[-0.05758821  0.01857371 -0.08225913]
[-0.052386    0.0222662  -0.07245579]
[-0.05091588  0.02366439 -0.06740078]
[-0.05078389  0.02555076 -0.06360998]
[-0.05091954  0.02961505 -0.05543222]
[-0.04992556  0.03186383 -0.05058819]
[-0.04873978  0.03456524 -0.04424214]
[-0.04992774  0.03656088 -0.03787622]
[-0.05199448  0.04169259 -0.0255769 ]
[-0.05199448  0.04169259 -0.0255769 ]
[-0.05160712  0.04257699 -0.02216561]
[-0.0510312   0.04327996 -0.01767766]
[-0.05023225  0.04403446 -0.01277914]
[-0.05013129  0.04514169 -0.00748603]
[-0.05017189  0.04907456  0.00704324]
[-0.04961123  0.05086552  0.01333277]
[-0.04802386  0.05302098  0.02027895]
[-0.04660566  0.05524404  0.02552529]
[-0.04494465  0.0589841   0.03437463]
[-0.04391071  0.06031717  0.03885666]
[-0.0423726   0.06155517  0.05044388]
[-0.0423726   0.06155517  0.05044388]
[-0.04149628  0.06225804  0.05641995]
[-0.03978324  0.06377734  0.07147717]
[-0.03978324  0.06377734  0.07147717]
[-0.03973767  0.06385874  0.07551119]
[-0.03856532  0.06410994  0.0836332 ]
[-0.03754916  0.06405009  0.08720561]
[-0.03630365  0.06418542  0.09062967]
[-0.03525093  0.06411003  0.09340698]
[-0.03400486  0.06451485  0.09676804]
[-0.03312878  0.06505574  0.10016572]
[-0.03157907  0.06726176  0.10896994]
[-0.03157907  0.06726176  0.10896994]
[-0.0309614   0.06780163  0.11131137]
[-0.02991811  0.06827588  0.11352596]
[-0.02941636  0.06908828  0.11566554]
[-0.03002513  0.06989357  0.11746021]
[-0.03318741  0.07149461  0.12206715]
[-0.03431176  0.07206798  0.1241348 ]
[-0.03474957  0.07377955  0.12651998]
[-0.0346853   0.07480866  0.12734501]
[-0.03481859  0.074619    0.12789312]
[-0.03466558  0.07447432  0.1291635 ]
[-0.03506459  0.07495788  0.12924583]
[-0.03553356  0.07515751  0.12865825]
[-0.03598857  0.07521285  0.12836567]
[-0.03437258  0.07238144  0.12821515]
[-0.0330372   0.07071757  0.1290423 ]
[-0.0305008   0.06835201  0.13065268]
[-0.02952626  0.06864738  0.13094011]
[-0.02731937  0.06648554  0.12972133]
[-0.02932331  0.06614309  0.12866169]
[-0.02932331  0.06614309  0.12866169]
[-0.03061765  0.06711352  0.1284581 ]
[-0.03181648  0.06752122  0.128529  ]
[-0.03308569  0.06758735  0.12852831]
[-0.03309561  0.06717753  0.12835191]
[-0.03312448  0.06713783  0.12788187]
[-0.03311958  0.06691922  0.12696502]
[-0.03342358  0.0654209   0.12470068]
[-0.03423344  0.06374978  0.12427436]
[-0.03510009  0.06108286  0.12480499]
[-0.0360217   0.0575689   0.12651303]
[-0.03595948  0.05318955  0.12709711]
[-0.03344486  0.04502787  0.12640351]
[-0.03208076  0.04159153  0.12554622]
[-0.03162942  0.03948174  0.12522085]
[-0.03232397  0.03735386  0.12551935]
[-0.03237356  0.03577508  0.12616329]
[-0.03123292  0.03324588  0.12741144]
[-0.0286255   0.03151381  0.12810817]
[-0.02400125  0.02600581  0.13265018]
[-0.02378506  0.0232114   0.13725303]
[-0.01899851  0.01867258  0.14338368]
[-0.01592153  0.01592701  0.14399019]
[-0.01341137  0.01350285  0.14254025]
[-0.0122015   0.01150734  0.14135058]
[-0.01284979  0.00968603  0.14073029]
[-0.01252706  0.0065814   0.14288902]
[-0.01182533  0.00468933  0.14475235]
[-0.01130626  0.00052526  0.1476797 ]
[-0.010953   -0.00125982  0.14905496]
[-0.01034381 -0.00393434  0.15200843]
[-0.01160338 -0.00629383  0.15270609]
[-0.01437522 -0.00963624  0.14981093]
[-0.01510132 -0.01077837  0.14857636]
[-0.01604576 -0.01212146  0.14666076]
[-0.01863013 -0.01537879  0.14135253]
[-0.01863013 -0.01537879  0.14135253]
[-0.02040439 -0.01667364  0.13731915]
[-0.02173976 -0.01769991  0.13309141]
[-0.02400787 -0.01902769  0.12338983]
[-0.02569963 -0.0205592   0.11267438]
[-0.03107664 -0.02199883  0.10091582]
[-0.03423258 -0.02286141  0.0946207 ]
[-0.03765712 -0.02348122  0.0886598 ]
[-0.04047025 -0.02435259  0.08235176]
[-0.04592406 -0.02565482  0.06937497]
[-0.04821339 -0.02620735  0.06358527]
[-0.05284257 -0.02689718  0.05433919]
[-0.05389395 -0.02729863  0.05091942]
[-0.05581149 -0.02843462  0.04094908]
[-0.05581149 -0.02843462  0.04094908]
[-0.05635902 -0.0292412   0.03766901]
[-0.05615202 -0.02971011  0.0347691 ]
[-0.05569723 -0.03033557  0.03279851]
[-0.05553303 -0.03117081  0.02914331]
[-0.05658598 -0.03140419  0.02639757]
[-0.05906575 -0.03206052  0.01929788]
[-0.05986722 -0.03207882  0.01553819]
[-0.05972838 -0.03217719  0.01226512]
[-0.05721308 -0.03211145  0.00613226]
[-0.05604191 -0.03221676  0.00265393]
[-0.05626469 -0.03184861 -0.00116659]
[-0.05892837 -0.03055323 -0.01093276]
[-0.05998816 -0.02996334 -0.01543684]
[-0.06007078 -0.02989084 -0.01987073]
[-0.06009057 -0.02977015 -0.02741864]
[-0.06009057 -0.02977015 -0.02741864]
[-0.06135115 -0.02933398 -0.03436626]
[-0.0617678  -0.0291081  -0.03922388]
[-0.06227059 -0.02946886 -0.04508495]
[-0.062316   -0.02975986 -0.04760435]
[-0.06102061 -0.03045857 -0.05288674]
[-0.05877245 -0.03069123 -0.0559927 ]
[-0.05646328 -0.03035351 -0.06147991]
[-0.05689335 -0.02974461 -0.06400283]
[-0.05851443 -0.02922514 -0.06649983]
[-0.06041305 -0.02877924 -0.06901702]
[-0.06644168 -0.02730264 -0.07674649]
[-0.06886468 -0.02689751 -0.07987583]
[-0.07079835 -0.02637063 -0.08259536]
[-0.07246614 -0.02586326 -0.08513943]
[-0.07473813 -0.02422881 -0.09047663]
[-0.07589345 -0.02303546 -0.09294397]
[-0.07643894 -0.02181422 -0.09580023]
[-0.07889702 -0.01908059 -0.0982067 ]
[-0.08541555 -0.0165979  -0.09906674]
[-0.08841196 -0.01490414 -0.10006627]
[-0.09038843 -0.012971   -0.10180406]
[-0.09128242 -0.01091754 -0.10410447]
[-0.09206651 -0.00905174 -0.106457  ]
[-0.09302107 -0.00683829 -0.11089123]
[-0.09292754 -0.00734326 -0.11506213]
[-0.09255316 -0.00907778 -0.12030002]
[-0.09192556 -0.01033906 -0.12497992]
[-0.09135147 -0.01137192 -0.12974368]
[-0.09086909 -0.01175915 -0.13671349]
[-0.09199503 -0.01144449 -0.13998738]
[-0.09394993 -0.01044394 -0.14812455]
[-0.09605577 -0.0098426  -0.15381245]
[-0.0975207  -0.00892594 -0.16432732]
[-0.09815977 -0.00892834 -0.16824271]
[-0.09716876 -0.00945265 -0.17424452]
[-0.09749244 -0.0100995  -0.17882316]
[-0.09835923 -0.00989223 -0.18113405]
[-0.09938155 -0.00963598 -0.1831298 ]
[-0.1002708  -0.00961643 -0.1866098 ]
[-0.10283038 -0.00970326 -0.18825717]
[-0.10558221 -0.0095207  -0.18889356]
[-0.10731355 -0.00954019 -0.18928006]
[-0.10733023 -0.00989682 -0.18943501]
[-0.10701583 -0.00993661 -0.18935817]
[-0.1067159  -0.0083199  -0.18937245]
[-0.1083577  -0.00648694 -0.19022451]
[-0.11130287 -0.00395193 -0.19228791]
[-0.11285382 -0.00282745 -0.19390933]
[-0.11392284 -0.00254713 -0.19443826]
[-0.11392284 -0.00254713 -0.19443826]
[-0.11360015 -0.00272809 -0.19403209]
[-0.11301268 -0.00297663 -0.1933756 ]
[-0.11028472 -0.0033532  -0.19183218]
[-0.10901499 -0.00317549 -0.19144568]
[-0.10667871 -0.00249179 -0.19116102]
[-0.10586023 -0.0017007  -0.19080338]
[-1.04089899e-01 -1.71542211e-04 -1.89895719e-01]
[-0.10240653  0.00051725 -0.18998049]
[-0.10240653  0.00051725 -0.18998049]
[-0.10192154  0.00097222 -0.19018608]
[-0.10145126  0.00124709 -0.19002512]
[-0.09934828  0.00165219 -0.18879308]
[-0.09847457  0.00191164 -0.18836428]
[-0.09725446  0.00234725 -0.18759565]
[-0.09704882  0.0032939  -0.18695639]
[-0.09677116  0.00496203 -0.18458682]
[-0.09616638  0.00548279 -0.18329053]
[-0.09545523  0.00585602 -0.18179756]
[-0.09488027  0.00625232 -0.18010834]
[-0.09363634  0.00657222 -0.17872779]
[-0.09653521  0.00958346 -0.1767617 ]
[-0.09653521  0.00958346 -0.1767617 ]
[-0.10272234  0.01173976 -0.17178629]
[-0.10449847  0.01263865 -0.16811471]
[-0.10686326  0.01316928 -0.1636585 ]
[-0.10787973  0.01425676 -0.1538035 ]
[-0.10599936  0.01542057 -0.14337361]
[-0.10599936  0.01542057 -0.14337361]
[-0.10428026  0.01702613 -0.13264485]
[-0.10472365  0.02006113 -0.11941516]
[-0.1041749   0.02197176 -0.11270882]
[-0.10320339  0.02360809 -0.1063372 ]
[-0.09963032  0.02670082 -0.09409695]
[-0.09820635  0.02799531 -0.08897676]
[-0.0982225   0.02958569 -0.08353868]
[-0.09845671  0.03359345 -0.07388236]
[-0.09845671  0.03359345 -0.07388236]
[-0.09930344  0.03562637 -0.06980734]
[-0.10226817  0.04173049 -0.05931441]
[-0.10389006  0.04351738 -0.05496996]
[-0.10281424  0.04745949 -0.04405571]
[-0.10281424  0.04745949 -0.04405571]
[-0.10175194  0.04962235 -0.03902889]
[-0.10119965  0.04968115 -0.03566744]
[-0.10160395  0.05084551 -0.03126603]
[-0.10174184  0.05156538 -0.02941645]
[-0.10319209  0.05328882 -0.02149446]
[-0.10319209  0.05328882 -0.02149446]
[-0.10360163  0.05359266 -0.01848433]
[-0.10216632  0.05485741 -0.00887392]
[-0.10216632  0.05485741 -0.00887392]
[-0.10183531  0.0555945  -0.00619241]
[-0.10188197  0.05629783 -0.00401187]
[-0.10251868  0.05749374 -0.00146003]
[-0.10247667  0.05785093 -0.00020188]
[-0.10076556  0.060001    0.0076316 ]
[-0.10076556  0.060001    0.0076316 ]
[-0.09967662  0.06159042  0.01217801]
[-0.09714033  0.06968597  0.03154919]
[-0.09714033  0.06968597  0.03154919]
[-0.09445199  0.07194698  0.03887528]
[-0.0905824   0.07386791  0.04755254]
[-0.08152355  0.07607342  0.06498807]
[-0.08152355  0.07607342  0.06498807]
[-0.07895787  0.07705705  0.07326441]
[-0.07765115  0.07777361  0.07996111]
[-0.07528348  0.08005992  0.09079774]
[-0.07386114  0.0817113   0.09493185]
[-0.0727149   0.08342165  0.09838723]
[-0.07188351  0.08611543  0.10508909]
[-0.07238045  0.08701585  0.10802176]
[-0.07219199  0.0880469   0.11108681]
[-0.07178611  0.08891898  0.11392579]
[-0.0706568   0.08878078  0.12286902]
[-0.07004452  0.08750526  0.12797451]
[-0.06928343  0.08626287  0.13291471]
[-0.06831075  0.08600345  0.13889463]
[-0.06794316  0.08623535  0.14565641]
[-0.06542961  0.08906894  0.15823777]
[-0.06482526  0.09025943  0.1633254 ]
[-0.06461586  0.09096544  0.1684408 ]
[-0.06603403  0.09095836  0.17423159]
[-0.06857407  0.08992415  0.18415512]
[-0.06966976  0.08968788  0.18771581]
[-0.07055422  0.09002838  0.19036804]
[-0.07110961  0.09060894  0.19270606]
[-0.07159497  0.09132683  0.19435821]
[-0.07193501  0.09212331  0.19543764]
[-0.07294472  0.09344924  0.19445321]
[-0.07366798  0.09396368  0.19322823]
[-0.07399551  0.09415377  0.19187157]
[-0.07386471  0.09376925  0.19069932]
[-0.07444673  0.0927967   0.18780969]
[-0.07492434  0.0923981   0.18591365]
[-0.07566106  0.09119406  0.17728886]
[-0.07560537  0.09071162  0.17327261]
[-0.0749486   0.09038451  0.16892928]
[-0.06799631  0.08694802  0.15225627]
[-0.06418073  0.08356835  0.146791  ]
[-0.06165157  0.08201799  0.14374714]
[-0.05803229  0.08056488  0.13764152]
[-0.05580928  0.07955566  0.12272844]
[-0.06203388  0.08016636  0.10902951]
[-0.06627215  0.07999128  0.10350085]
[-0.06997011  0.07959843  0.0979705 ]
[-0.07544407  0.07845583  0.08867224]
[-0.07860453  0.07737432  0.08195899]
[-0.07956171  0.07678398  0.079652  ]
[-0.08027072  0.07598998  0.07788923]
[-0.0807337   0.07410342  0.0756919 ]
[-0.08136355  0.0734106   0.07478498]
[-0.08209393  0.07274574  0.07361344]
[-0.08336558  0.07267039  0.0722404 ]
[-0.08486999  0.07245077  0.07038658]
[-0.08746714  0.07207918  0.06434757]
[-0.08861219  0.07169912  0.06074677]
[-0.09052435  0.07068762  0.05426442]
[-0.08952018  0.06891266  0.0469672 ]
[-0.08705594  0.06827022  0.04441974]
[-0.08758912  0.06806539  0.04172654]
[-0.09197885  0.06810109  0.03880689]
[-0.09808121  0.06804561  0.03226637]
[-0.09412052  0.06792091  0.02911029]
[-0.09123401  0.06780214  0.0256614 ]
[-0.08891921  0.0680142   0.02281627]
[-0.0893893   0.06837294  0.01982337]
[-0.09453762  0.06887669  0.01307596]
[-0.09742229  0.06887141  0.00894239]
[-0.09901456  0.0686231   0.00473787]
[-1.00555518e-01  6.80842176e-02  5.28419623e-05]
[-0.10285297  0.06677897 -0.0093804 ]
[-0.10487272  0.06504762 -0.01820442]
[-0.10537569  0.06429481 -0.02207974]
[-0.1058259   0.06369233 -0.02543802]
[-0.10573511  0.06238925 -0.0308083 ]
[-0.10488454  0.06100851 -0.03516303]
[-0.10461838  0.06076583 -0.03731836]
[-0.103445    0.06029831 -0.04217988]
[-0.10317687  0.06003754 -0.04483748]
[-0.10414751  0.05974762 -0.04954085]
[-0.10515402  0.0595286  -0.05135138]
[-0.10634478  0.05928472 -0.05447181]
[-0.10639427  0.05831684 -0.05760506]
[-0.10602704  0.05771162 -0.0592073 ]
[-0.10602266  0.05715919 -0.06087832]
[-0.10561373  0.05691429 -0.06259152]
[-0.10149833  0.05593298 -0.06556375]
[-0.09755786  0.05470723 -0.06763117]
[-0.09442943  0.05307308 -0.06954088]
[-0.09448183  0.05106644 -0.0714425 ]
[-0.09253565  0.048139   -0.07861166]
[-0.08916053  0.04750756 -0.0844609 ]
[-0.08699753  0.04741124 -0.09197361]
[-0.0855688   0.04727593 -0.09960318]
[-0.08556856  0.04655028 -0.10661753]
[-0.0864908   0.04606273 -0.11416871]
[-0.09177305  0.04380856 -0.13448167]
[-0.09177305  0.04380856 -0.13448167]
[-0.0934415   0.04202504 -0.1403195 ]
[-0.09322935  0.03643299 -0.1499663 ]
[-0.09333044  0.03409137 -0.15399441]
[-0.09351125  0.03207059 -0.15739627]
[-0.0947143   0.03053126 -0.16028969]
[-0.09707808  0.02714026 -0.16549626]
[-0.09760639  0.02490482 -0.16858573]
[-0.09548643  0.02226542 -0.17243096]
[-0.09360019  0.01970831 -0.17676295]
[-0.09203404  0.0176839  -0.18157475]
[-0.09129203  0.0140492  -0.18857698]
[-0.09521298  0.01121333 -0.19528934]
[-0.09658169  0.0097993  -0.20266113]
[-0.09743799  0.00741059 -0.21104246]
[-0.09658773  0.00606108 -0.21412246]
[-0.09567319  0.00462889 -0.2160933 ]
[-0.09066702  0.00213772 -0.21490747]
[-9.04667392e-02  1.70194617e-04 -2.14772061e-01]
[-0.09113026 -0.00231465 -0.21575156]
[-0.09163667 -0.00462656 -0.21800965]
[-0.09132978 -0.00727497 -0.22024855]
[-0.09053474 -0.01010165 -0.22200361]
[-0.09077444 -0.01616768 -0.22550732]
[-0.09175613 -0.01902178 -0.22759913]
[-0.09220491 -0.02153747 -0.22975112]
[-0.09207438 -0.02382988 -0.23178142]
[-0.09019078 -0.02613102 -0.2336603 ]
[-0.08700385 -0.02889523 -0.23435622]
[-0.07909697 -0.03501292 -0.23673283]
[-0.07484306 -0.03773379 -0.23778561]
[-0.07053504 -0.04028134 -0.23871189]
[-0.06769562 -0.04209159 -0.23917517]
[-0.06484072 -0.04393302 -0.23924649]
[-0.06009172 -0.04765115 -0.24038623]
[-0.05898313 -0.04929549 -0.24067868]
[-0.05843835 -0.05075157 -0.24085242]
[-0.05672985 -0.05279643 -0.24035959]
[-0.05408982 -0.05330762 -0.23989742]
[-0.04951452 -0.054572   -0.23902124]
[-0.04835615 -0.05458264 -0.23855563]
[-0.04286613 -0.05094434 -0.23741831]
[-0.04245332 -0.04958609 -0.23836224]
[-0.04267073 -0.04880729 -0.23798454]
[-0.04428309 -0.04919958 -0.23838596]
[-0.04058512 -0.0492763  -0.23291528]
[-0.03575611 -0.04935161 -0.22761211]
[-0.03005847 -0.05114496 -0.21443097]
[-0.0277967  -0.05204133 -0.20648517]
[-0.02372443 -0.05252856 -0.18995634]
[-0.02302731 -0.05246278 -0.18238656]
[-0.02112623 -0.05101432 -0.16875766]
[-0.01600867 -0.04798722 -0.15416077]
[-0.01191374 -0.04646128 -0.14679004]
[-0.0088507  -0.04450528 -0.14040478]
[-0.0053506  -0.03836939 -0.12912062]
[-0.004249   -0.03445711 -0.12473371]
[-0.00025544 -0.02823986 -0.11407364]
[ 0.0032291  -0.02548874 -0.10836856]
[ 0.00588893 -0.02233891 -0.10228755]
[ 0.00786682 -0.01921252 -0.09698847]
[ 0.00914172 -0.01285251 -0.08567099]
[ 0.00926206 -0.01000894 -0.08020586]
[ 0.00943626 -0.0075378  -0.07503992]
[ 0.00950863 -0.00515528 -0.07125281]
[ 0.00964018 -0.00319736 -0.06760192]
[ 0.01130459  0.00219847 -0.05885366]
[ 0.01130459  0.00219847 -0.05885366]
[ 0.01244681  0.00360256 -0.05646378]
[ 0.01290785  0.00506978 -0.05426409]
[ 0.01339462  0.0085296  -0.0498756 ]
[ 0.01262537  0.01073529 -0.0476856 ]
[ 0.01223815  0.01308071 -0.04564744]
[ 0.01087317  0.01550752 -0.04381484]
[ 0.00956867  0.01747077 -0.04209669]
[ 0.01023013  0.02142896 -0.03805197]
[ 0.01051395  0.02311347 -0.03540876]
[ 0.00986708  0.02466485 -0.03268161]
[ 0.00849893  0.02667083 -0.02988107]
[ 0.00657972  0.02850318 -0.02739397]
[ 0.00229741  0.03439871 -0.02255391]
[ 0.00229741  0.03439871 -0.02255391]
[-0.00022445  0.03597769 -0.02109845]
[-0.00299028  0.0375158  -0.02010383]
[-0.00927147  0.04060844 -0.01905977]
[-0.01176683  0.04230708 -0.01927578]
[-0.01363164  0.04403996 -0.01936764]
[-0.01577781  0.04574283 -0.01977905]
[-0.01843361  0.04712715 -0.0200177 ]
[-0.02098041  0.04784685 -0.02025968]
[-0.02930955  0.04554744 -0.0221853 ]
[-0.02930955  0.04554744 -0.0221853 ]
[-0.03176307  0.04438591 -0.02298538]
[-0.03599324  0.04268368 -0.02610282]
[-0.03675817  0.04259277 -0.02774151]
[-0.0374485   0.04241134 -0.02931985]
[-0.03886316  0.04214448 -0.03076011]
[-0.03886316  0.04214448 -0.03076011]
[-0.04168866  0.04329822 -0.02887066]
[-0.04391117  0.04437498 -0.02760446]
[-0.04641841  0.04475385 -0.02670537]
[-0.04874637  0.04417532 -0.02606808]
[-0.05036458  0.04298655 -0.02556089]
[-0.05370304  0.0422353  -0.02311219]
[-0.05539046  0.04294993 -0.02074929]
[-0.06368435  0.04192022 -0.01664381]
[-0.07877419  0.04039438 -0.00802941]
[-0.08010802  0.04123525 -0.00767109]
[-0.07738254  0.0436656  -0.0073243 ]
[-0.07416862  0.04544497 -0.00885098]
[-0.07315174  0.04686809 -0.00905558]
[-0.07655298  0.04703073 -0.00842621]
[-0.08673537  0.0466582  -0.00758252]
[-0.09408232  0.04759103 -0.0077724 ]
[-0.09647536  0.04801193 -0.00819578]
[-0.10081177  0.04863224 -0.00974503]
[-0.10247989  0.04885445 -0.01092629]
[-0.10622273  0.04960084 -0.01271718]
[-0.10807411  0.04921553 -0.01369736]
[-0.11000126  0.04845671 -0.01433789]
[-0.111517    0.04739655 -0.01529685]
[-0.11303702  0.04644376 -0.01587505]
[-0.11418187  0.04562653 -0.01694247]
[-0.11559663  0.04456213 -0.02079616]
[-0.1161007   0.04390777 -0.02370032]
[-0.11655928  0.04174976 -0.03040653]
[-0.11700081  0.04046177 -0.03411582]
[-0.11750923  0.03967587 -0.03823902]
[-0.11796265  0.03928039 -0.04220925]
[-0.11826506  0.03892845 -0.05004009]
[-0.11856984  0.03880836 -0.05445224]
[-0.11897624  0.03887058 -0.05976381]
[-0.11979254  0.03905922 -0.06505319]
[-0.11989396  0.03905162 -0.0704537 ]
[-0.11965135  0.03875118 -0.07604674]
[-0.11959885  0.0377735  -0.0857227 ]
[-0.11883851  0.03727164 -0.09044214]
[-0.11602535  0.03608727 -0.09880929]
[-0.11468585  0.03539326 -0.10251475]
[-0.11314491  0.03354254 -0.10894562]
[-0.11309579  0.03243756 -0.11189009]
[-0.11284598  0.03072733 -0.11452931]
[-0.11188623  0.02744466 -0.11904065]
[-0.11177442  0.02607639 -0.12150886]
[-0.11252414  0.02498277 -0.12415921]
[-0.11392357  0.02275532 -0.1293346 ]
[-0.11444795  0.0215951  -0.13170609]
[-0.11423433  0.02016288 -0.13387913]
[-0.11494471  0.01885905 -0.13814829]
[-0.11522527  0.01875704 -0.1395399 ]
[-0.11621166  0.01898886 -0.14073917]
[-0.11932814  0.01929432 -0.14332934]
[-0.1206796   0.01901505 -0.14409208]
[-0.12184078  0.01857473 -0.14446379]
[-0.12221382  0.01776398 -0.14431831]
[-0.12142589  0.01506302 -0.14273924]
[-0.1212086   0.01211916 -0.1418269 ]
[-0.12202804  0.01142565 -0.14163513]
[-0.12222204  0.01118682 -0.14165707]
[-0.12123707  0.0120545  -0.14200009]
[-0.11954286  0.01230995 -0.14285253]
[-0.11939916  0.01207438 -0.14316273]
[-0.11905698  0.01175865 -0.14292285]
[-0.11878286  0.01114411 -0.14151502]
[-0.11904809  0.01106924 -0.14067523]
[-0.11931173  0.01069347 -0.14038369]
[-0.11941525  0.0104499  -0.1404472 ]
[-0.11834205  0.00995883 -0.14192097]
[-0.11826275  0.00951605 -0.14294225]
[-0.11806512  0.00876796 -0.14416307]
[-0.11791972  0.00813679 -0.14543213]
[-0.11789706  0.00725435 -0.147129  ]
[-0.11856218  0.00539591 -0.15023816]
[-0.11925043  0.0041205  -0.151768  ]
[-0.11918535  0.00318512 -0.15318476]
[-0.11908161  0.00266933 -0.15573651]
[-1.17484318e-01 -5.58786342e-05 -1.66196898e-01]
[-0.11822461 -0.0021382  -0.17531945]
[-0.11893409 -0.00560337 -0.18501967]
[-0.12087187 -0.00843191 -0.19501084]
[-0.12101608 -0.00940008 -0.20361985]
[-0.12247532 -0.00970263 -0.21750495]
[-0.12161045 -0.00917682 -0.2226094 ]
[-0.12148366 -0.0098619  -0.22949223]
[-0.11938784 -0.01153142 -0.23736437]
[-0.1169559  -0.0126346  -0.24550249]
[-0.11469086 -0.01332737 -0.25686938]
[-0.1152468  -0.01350645 -0.2605783 ]
[-0.11541623 -0.01388956 -0.26322749]
[-0.11565431 -0.01496816 -0.26574406]
[-0.11551887 -0.01641669 -0.26741377]
[-0.11484029 -0.01865797 -0.2695744 ]
[-0.11502312 -0.01954484 -0.2698957 ]
[-0.11633242 -0.01962167 -0.27015376]
[-0.11768922 -0.01947371 -0.27014753]
[-0.12044364 -0.01881569 -0.2702153 ]
[-0.11916805 -0.01800475 -0.26881987]
[-0.11916805 -0.01800475 -0.26881987]
[-0.11873862 -0.01792444 -0.26816526]
[-0.11943009 -0.01761296 -0.26757586]
[-0.11932285 -0.01762827 -0.26750717]
[-0.1189099  -0.01779263 -0.26752055]
[-0.1179519  -0.01798852 -0.26734394]
[-0.11751685 -0.01798464 -0.26695538]
[-0.11864719 -0.01630033 -0.26534393]
[-0.11965636 -0.01496486 -0.26425543]
[-0.12051358 -0.01374806 -0.26281497]
[-0.12194377 -0.01271481 -0.26088846]
[-0.12336408 -0.01172777 -0.25872883]
[-0.12461109 -0.01072799 -0.25639984]
[-0.12440677 -0.00768023 -0.2470701 ]
[-0.12574453 -0.00693055 -0.24222119]
[-0.12743183 -0.00580795 -0.23735718]
[-0.13153935 -0.00264665 -0.22943237]
[-0.13350257 -0.00107018 -0.22494575]
[-0.13519617  0.00058521 -0.21455014]
[-1.27557311e-01 -1.71712221e-04 -1.99928537e-01]
[-0.122415   -0.00089737 -0.19207123]
[-0.11882857  0.0053668  -0.16576543]
[-0.11796553  0.00813015 -0.15815936]
[-0.11618444  0.011805   -0.14074907]
[-0.116084    0.01306098 -0.13130471]
[-0.11532216  0.01380214 -0.12305289]
[-0.11463094  0.01454992 -0.11544143]
[-0.11132594  0.01663377 -0.10206448]
[-0.10967283  0.01822606 -0.0959544 ]
[-0.10787954  0.01906856 -0.09063778]
[-0.10694638  0.02043334 -0.08632986]
[-0.10674898  0.02195012 -0.08262057]
[-0.10679607  0.02336903 -0.07867538]
[-0.10771205  0.02731713 -0.07186389]
[-0.10797871  0.0288085  -0.06862872]
[-0.10797472  0.03044983 -0.06566831]
[-0.10739861  0.0316401  -0.06304418]
[-0.10691586  0.03344571 -0.05770561]
[-0.10594306  0.0339953  -0.05507439]
[-0.10549325  0.03466196 -0.0519309 ]
[-0.10472471  0.03541782 -0.04927363]
[-0.10402249  0.03612219 -0.04668065]
[-0.10417253  0.03676209 -0.04451253]
[-0.10570845  0.03706468 -0.04265271]
[-0.1061862   0.03743254 -0.04159969]
[-0.10576265  0.03803468 -0.04025407]
[-0.10359047  0.03999363 -0.03769832]
[-0.10289067  0.04072418 -0.03714048]
[-0.10299434  0.04113867 -0.03703324]
[-0.10343144  0.04131683 -0.03667891]
[-0.10341525  0.04133508 -0.03614338]
[-0.103504    0.04143632 -0.03518254]
[-0.1042943   0.04167392 -0.03434181]
[-0.10492802  0.04180378 -0.0334725 ]
[-0.10539406  0.04202649 -0.03243818]
[-0.10615812  0.04262759 -0.02982431]
[-0.10588172  0.04332338 -0.02831331]
[-0.10530175  0.04408444 -0.02636792]
[-0.10477618  0.0447159  -0.02435271]
[-0.10497804  0.04535316 -0.02261658]
[-0.10610825  0.04605028 -0.01906067]
[-0.10671636  0.04691704 -0.01494267]
[-0.10719253  0.04752509 -0.01289292]
[-0.10833474  0.04914937 -0.00878395]
[-0.11256727  0.0505016  -0.00641533]
[-0.11729223  0.05297667 -0.00320862]
[-0.12024288  0.05508723 -0.00085175]
[-1.21793542e-01  5.64009435e-02  4.79465816e-05]
[-0.11956414  0.05718532  0.00161356]
[-0.11055683  0.05522723  0.00596538]
[-0.10705603  0.05491527  0.00878587]
[-0.10572695  0.0549444   0.01071202]
[-0.10572887  0.05548011  0.01231709]
[-0.10637615  0.05598475  0.01376547]
[-0.10723685  0.05706539  0.02071095]
[-0.10664155  0.05725232  0.02351484]
[-0.10625484  0.0574737   0.02616668]
[-0.10553641  0.05731701  0.02859291]
[-0.10498208  0.05614366  0.0370132 ]
[-0.10518289  0.05545937  0.04049407]
[-0.10567616  0.05466766  0.04406562]
[-0.10691145  0.05453945  0.04855451]
[-0.11144142  0.0549207   0.05800986]
[-0.1127231   0.05534749  0.06211978]
[-0.11352597  0.05490184  0.06581089]
[-0.11296865  0.05477943  0.06935411]
[-0.11091617  0.05395959  0.0765166 ]
[-0.10930026  0.05334648  0.08139089]
[-0.10873588  0.05335107  0.08314561]
[-0.10783174  0.05319476  0.08602196]
[-0.10687114  0.05335128  0.08768504]
[-0.10705722  0.05360241  0.08781537]
[-0.1073959   0.05391391  0.0876577 ]
[-0.1083558   0.05382987  0.08680246]
[-0.10834845  0.05362108  0.08628807]
[-0.10818669  0.0532935   0.08593995]
[-0.10783611  0.05291881  0.08549176]
[-0.10764916  0.0525029   0.08513948]
[-0.10707278  0.05193452  0.08486909]
[-0.10732106  0.0517397   0.08437237]
[-0.1075496   0.05168893  0.08379385]
[-0.10774048  0.05140395  0.0832639 ]
[-0.10716539  0.05039795  0.08128335]
[-0.10660019  0.0501752   0.07989713]
[-0.10517222  0.05033722  0.07793538]
[-0.10393919  0.0490668   0.07505296]
[-0.10140848  0.04699936  0.07186429]
[-0.10282987  0.04415046  0.07188109]
[-0.10385211  0.04334972  0.07270471]
[-0.1050368   0.04302094  0.07383898]
[-0.107316    0.04340955  0.07710125]
[-0.10993615  0.04369067  0.07780969]
[-0.11104487  0.04364279  0.07755338]
[-0.11274465  0.04253818  0.07614924]
[-0.1140351   0.04187744  0.07504592]
[-0.11549916  0.04106351  0.07204498]
[-0.11365128  0.04021779  0.06897426]
[-0.11320272  0.03978338  0.06744494]
[-0.11285815  0.039248    0.06604439]
[-0.11391117  0.03786042  0.06313631]
[-0.11404329  0.0368227   0.06122342]
[-0.11409214  0.03584625  0.05953287]
[-0.11367447  0.03514349  0.05733162]
[-0.11364049  0.03451262  0.05533839]
[-0.11441063  0.03242601  0.05167674]
[-0.11475002  0.03115355  0.04957671]
[-0.11158354  0.0294659   0.04215024]
[-0.11158354  0.0294659   0.04215024]
[-0.10927965  0.02820056  0.03679265]
[-0.11083762  0.02685891  0.03030841]
[-0.11083762  0.02685891  0.03030841]
[-0.11189736  0.02594137  0.02727145]
[-0.11225374  0.02520943  0.02443436]
[-0.10740689  0.02150584  0.01494803]
[-0.106334    0.01923689  0.00863429]
[-0.11815977  0.01400069 -0.00094785]
[-0.1248662   0.01197057 -0.00257207]
[-0.12901947  0.01070774 -0.00490882]
[-0.12564504  0.0067673  -0.01605306]
[-0.12019653  0.00538797 -0.02143458]
[-0.11138194  0.00368501 -0.02904777]
[-0.11138194  0.00368501 -0.02904777]
[-0.10871922  0.00328149 -0.03242166]
[-0.10645555  0.00261985 -0.03939694]
[-0.10629828  0.00180538 -0.04270922]
[-0.10599788  0.00152441 -0.04663511]
[-0.10575109  0.00146035 -0.05097774]
[-0.10526173  0.00106724 -0.05544095]
[-0.10675056  0.00092198 -0.06039903]
[-0.11358568 -0.00019977 -0.06983485]
[-0.1167985  -0.00065809 -0.07448669]
[-0.11819172 -0.00191877 -0.07963593]
[-0.12146089 -0.00503418 -0.09429303]
[-0.12181289 -0.00562459 -0.0981053 ]
[-0.12350391 -0.00728352 -0.10428938]
[-0.12350391 -0.00728352 -0.10428938]
[-0.12431026 -0.0093215  -0.10863766]
[-0.12417901 -0.00964724 -0.11066207]
[-0.12422427 -0.00997506 -0.11249706]
[-0.12461416 -0.01003463 -0.11466898]
[-0.12670143 -0.01044055 -0.12017613]
[-0.12764676 -0.01057371 -0.1236098 ]
[-0.128539   -0.01077696 -0.1265761 ]
[-0.12914447 -0.01116386 -0.12988281]
[-0.12915081 -0.01121655 -0.13311045]
[-0.12712487 -0.01348327 -0.14215882]
[-0.1258011  -0.01668607 -0.15339498]
[-0.12614693 -0.01779649 -0.15832858]
[-0.12766367 -0.01890811 -0.1630186 ]
[-0.13045559 -0.0202876  -0.17233314]
[-0.130952   -0.02030102 -0.17844981]
[-0.13253576 -0.01955262 -0.18525411]
[-0.13336752 -0.01902615 -0.19268765]
[-0.13369004 -0.01871408 -0.20454159]
[-0.13188404 -0.01919512 -0.20918964]
[-0.12950026 -0.01970658 -0.21334469]
[-0.12667431 -0.02008117 -0.22219914]
[-0.12633465 -0.01970311 -0.22989571]
[-0.12648036 -0.01972006 -0.23361737]
[-0.12528226 -0.01989697 -0.23655052]
[-0.12577743 -0.0203395  -0.24265082]
[-0.12932326 -0.02054363 -0.24557056]
[-0.13048534 -0.02031942 -0.24615391]
[-0.13055983 -0.02024327 -0.24636376]
[-0.1307025  -0.01934486 -0.24675947]
[-0.13155183 -0.01818327 -0.2470531 ]
[-0.13142198 -0.01766444 -0.24690899]
[-0.12999496 -0.01721284 -0.24551389]
[-0.13043581 -0.01704138 -0.24535826]
[-0.13138278 -0.01665847 -0.24501647]
[-0.13232855 -0.01601434 -0.24464269]
[-0.13350476 -0.01556658 -0.24441686]
[-0.13414316 -0.01492728 -0.24382468]
[-0.13405115 -0.01437587 -0.24348085]
[-0.13203062 -0.01345796 -0.24277514]
[-0.13086404 -0.01331731 -0.24225016]
[-0.13029815 -0.01301004 -0.24085285]
[-0.13018513 -0.01236684 -0.23797527]
[-0.12981478 -0.01187582 -0.23664151]
[-0.12921688 -0.01153345 -0.23532394]
[-0.12851425 -0.01111369 -0.23412021]
[-0.12756262 -0.01071916 -0.23241857]
[-0.12743225 -0.01052915 -0.23129843]
[-0.12903246 -0.00948429 -0.22920823]
[-0.12903246 -0.00948429 -0.22920823]
[-0.12953016 -0.00900804 -0.2268858 ]
[-0.1296768  -0.00815823 -0.22384974]
[-0.12906012 -0.00738403 -0.22040904]
[-0.12517454 -0.00590745 -0.2126473 ]
[-0.12249069 -0.00526343 -0.20894074]
[-0.12139079 -0.00476744 -0.20564647]
[-0.12058068 -0.00411451 -0.20271543]
[-0.11982078 -0.00313091 -0.1959132 ]
[-0.11969497 -0.00231167 -0.19081241]
[-0.11868334 -0.00137622 -0.18534508]
[-0.11739183 -0.00111259 -0.17841911]
[-0.11787231 -0.00141852 -0.16988073]
[-0.11943208 -0.00169529 -0.16143486]
[-0.11958389  0.00102929 -0.14052501]
[-0.11365284  0.0055083  -0.11999346]
[-0.10569025  0.01007682 -0.10271129]
[-0.10291883  0.01149013 -0.09508028]
[-0.10081964  0.01248193 -0.08612148]
[-0.09957     0.01292298 -0.0779579 ]
[-0.09974144  0.01345442 -0.07038003]
[-0.09866306  0.01420686 -0.06451426]
[-0.09653174  0.01754772 -0.05621021]
[-0.09567237  0.01935187 -0.05396955]
[-0.09607459  0.02133533 -0.05218494]
[-0.09693906  0.02301523 -0.050608  ]
[-0.09668386  0.02607562 -0.04812328]
[-0.09557604  0.02734046 -0.0465749 ]
[-0.09403606  0.02828127 -0.04498835]
[-0.09204755  0.02988348 -0.04130871]
[-0.09198075  0.0328945  -0.03707229]
[-0.09257445  0.03387459 -0.03618465]
[-0.09258767  0.03724129 -0.03307611]
[-0.09532007  0.03885432 -0.03026732]
[-0.0973945   0.03992674 -0.0282553 ]
[-0.09855298  0.04097322 -0.0254622 ]
[-0.09868608  0.04266768 -0.02207891]
[-0.09842674  0.04426131 -0.01780372]
[-0.09800252  0.04671043 -0.00984702]
[-0.09632229  0.04778087 -0.00196886]
[-0.09654575  0.04952504  0.00389205]
[-0.09787473  0.05065945  0.00585482]
[-0.09899956  0.05161637  0.00708539]
[-0.09986544  0.05214541  0.00859251]
[-0.09990663  0.05302157  0.01156068]
[-0.10002541  0.0535084   0.01271542]
[-0.09879197  0.05400162  0.01344357]
[-0.09807797  0.0539371   0.01325373]
[-0.09697466  0.05362996  0.01319874]
[-0.0946562   0.05256352  0.01356773]
[-0.09338192  0.05183159  0.01442203]
[-0.09218881  0.05043228  0.01726851]
[-0.09308221  0.05012094  0.01854012]
[-0.09505629  0.04983344  0.02252738]
[-0.09479778  0.050105    0.02537722]
[-0.09136217  0.05036863  0.03337571]
[-0.09242651  0.05180785  0.03766554]
[-0.0940161   0.05303819  0.0417254 ]
[-0.09462889  0.05308835  0.04460085]
[-0.09299757  0.0529412   0.04689737]
[-0.08834856  0.05161352  0.04928347]
[-0.08273833  0.05028071  0.05337374]
[-0.08227001  0.04978007  0.0567091 ]
[-0.08360195  0.04977494  0.06058745]
[-0.08484556  0.04980962  0.06474106]
[-0.08663486  0.04971037  0.07863975]
[-0.08649442  0.04920046  0.08375404]
[-0.08675108  0.04876531  0.08872771]
[-0.08673082  0.0484192   0.09366433]
[-0.08740029  0.04804428  0.09806778]
[-0.08691848  0.04830209  0.10507701]
[-0.08672395  0.04815274  0.10884434]
[-0.08642718  0.04839123  0.11260257]
[-0.08763845  0.04874085  0.11591306]
[-0.08942757  0.04849765  0.11915763]
[-0.09399547  0.0470476   0.12496588]
[-0.09564815  0.04593071  0.12783626]
[-0.09655235  0.04559863  0.13057761]
[-0.09793672  0.04576039  0.13427843]
[-0.0981353   0.04603988  0.13553219]
[-0.09809423  0.04610489  0.136594  ]
[-0.09774657  0.04618836  0.13743804]
[-0.09773655  0.04613682  0.13785601]
[-0.09756177  0.04581011  0.1379755 ]
[-0.09792738  0.04552419  0.13794018]
[-0.09827814  0.04477742  0.13744915]
[-0.09836166  0.04457605  0.13726403]
[-0.09838448  0.04429848  0.13700874]
[-0.09889092  0.04382209  0.13709152]
[-0.09994912  0.04265248  0.13822652]
[-0.10018002  0.04181572  0.13887699]
[-0.10014066  0.04097643  0.13972048]
[-0.0999055   0.04004902  0.1404499 ]
[-0.1007928   0.03831504  0.14301296]
[-0.10231647  0.03795931  0.14576592]
[-0.10235574  0.03826674  0.14602049]
[-0.1021163   0.03834074  0.14532657]
[-0.10106976  0.03805455  0.14316715]
[-0.10106982  0.03773448  0.14227758]
[-0.10171069  0.03705417  0.14294405]
[-0.10171069  0.03705417  0.14294405]
[-0.10203039  0.03670861  0.14361911]
[-0.1023942   0.03620869  0.14436364]
[-0.10294882  0.03619239  0.14332893]
[-0.10317272  0.03630756  0.14249182]
[-0.10354968  0.03590667  0.14066355]
[-0.10372131  0.03499272  0.13925071]
[-0.1027744   0.03465509  0.1382477 ]
[-0.10066444  0.03460624  0.13758011]
[-0.09654917  0.03332159  0.13602452]
[-0.09591433  0.03282655  0.13484678]
[-0.09748256  0.03220984  0.1327965 ]
[-0.09799239  0.03165263  0.13193688]
[-0.0959372   0.02941532  0.12642395]
[-0.0959372   0.02941532  0.12642395]
[-0.09455977  0.02769271  0.12328199]
[-0.0919854   0.0243903   0.12266055]
[-0.0916845   0.02270036  0.12263345]
[-0.09168807  0.02073982  0.12218149]
[-0.09353     0.01749752  0.12107126]
[-0.09407989  0.0158438   0.12045652]
[-0.09434552  0.01289011  0.11985617]
[-0.09409138  0.01009124  0.12045845]
[-0.09396317  0.00927643  0.12163226]
[-0.09371897  0.00877967  0.12310166]
[-0.09230719  0.00809396  0.12491516]
[-0.0925275   0.00646696  0.12475543]
[-0.09259668  0.00550631  0.12509787]
[-0.09357017  0.00358301  0.12498368]
[-0.09357017  0.00358301  0.12498368]
[-0.09499255  0.00276911  0.12453718]
[-0.09600884  0.00201451  0.12459512]
[-0.09688426  0.00132     0.12535356]
[-0.09667541  0.0010401   0.1263226 ]
[-0.09540684 -0.000129    0.12818603]
[-0.09486163 -0.00063803  0.12816809]
[-0.09433828 -0.00110888  0.12797964]
[-0.0941095  -0.00144457  0.12748979]
[-0.09403701 -0.00186323  0.1270078 ]
[-0.09402563 -0.00237884  0.12569088]
[-0.09428256 -0.00274203  0.1249906 ]
[-0.09464565 -0.00283809  0.12462844]
[-0.09533321 -0.00312117  0.12478283]
[-0.09533321 -0.00312117  0.12478283]
[-0.09536938 -0.00393868  0.12559921]
[-0.09536938 -0.00393868  0.12559921]
[-0.09502525 -0.00429102  0.12531891]
[-0.09214895 -0.0049991   0.12502931]
[-0.08786298 -0.0049656   0.12470646]
[-0.07148745 -0.00454896  0.12467203]
[-0.07148745 -0.00454896  0.12467203]
[-0.06666328 -0.0054088   0.12521751]
[-0.05165994 -0.00991558  0.12698138]
[-0.05165994 -0.00991558  0.12698138]
[-0.04667854 -0.01127924  0.12616426]
[-0.04089921 -0.01318517  0.12588993]
[-0.03012487 -0.0169273   0.12507179]
[-0.02533236 -0.01865786  0.1259103 ]
[-0.01472106 -0.02206723  0.12839621]
[-0.01196397 -0.02316109  0.12866877]
[-0.00884103 -0.02412494  0.12818572]
[-0.00566351 -0.02487792  0.1276591 ]
[-0.00242079 -0.02577346  0.12630968]
[-7.77631998e-05 -2.68546306e-02  1.24940276e-01]
[ 0.00345699 -0.02830175  0.12357556]
[ 0.00448743 -0.02868314  0.12396879]
[ 0.00596552 -0.02851631  0.1244797 ]
[ 0.01025913 -0.02841635  0.12332657]
[ 0.01063857 -0.02804212  0.12289134]
[ 0.01068143 -0.02658352  0.12119657]
[ 0.00978916 -0.02575679  0.11958245]
[ 0.01027181 -0.02451042  0.11700989]
[ 0.01302569 -0.02329908  0.10473892]
[ 0.01302569 -0.02329908  0.10473892]
[ 0.01233332 -0.02350364  0.10006315]
[ 0.01104659 -0.023746    0.09522921]
[ 0.01479196 -0.02800432  0.08181312]
[ 0.01479196 -0.02800432  0.08181312]
[ 0.01740611 -0.02850953  0.07659938]
[ 0.01566527 -0.02994501  0.06558977]
[ 0.01566527 -0.02994501  0.06558977]
[ 0.01047737 -0.03166285  0.05121317]
[ 0.00652077 -0.03333289  0.03770817]
[ 0.00652077 -0.03333289  0.03770817]
[ 0.0048894  -0.03369942  0.03151019]
[ 0.00060784 -0.03499639  0.02097141]
[-0.00101737 -0.03611589  0.01569867]
[-0.00252915 -0.03739595  0.01083722]
[-0.00479203 -0.03884548  0.00639419]
[-0.00627449 -0.04022623  0.00149357]
[-0.00518493 -0.04137621 -0.00235271]
[-0.00302998 -0.04444792 -0.00812482]
[-0.00353979 -0.04549272 -0.00910677]
[-0.00444355 -0.04694157 -0.01133856]
[-0.00487033 -0.04782758 -0.01446442]
[-0.00607952 -0.04944689 -0.02544866]
[-0.0125304 -0.051637  -0.0344562]
[-0.01552133 -0.05342744 -0.03783662]
[-0.01981522 -0.05718609 -0.04430649]
[-0.02858389 -0.06238117 -0.0525941 ]
[-0.03554761 -0.0675915  -0.0576065 ]
[-0.03863418 -0.06999356 -0.05978394]
[-0.04120497 -0.07236566 -0.06137998]
[-0.04570101 -0.07559838 -0.06531284]
[-0.05401315 -0.07949471 -0.07168872]
[-0.05401315 -0.07949471 -0.07168872]
[-0.05608858 -0.08047107 -0.07384145]
[-0.05790288 -0.08153263 -0.08017585]
[-0.05806369 -0.08220012 -0.08375899]
[-0.0577915  -0.08464071 -0.09047824]
[-0.05850694 -0.08596268 -0.09406304]
[-0.06364267 -0.08904592 -0.10031923]
[-0.06724712 -0.091565   -0.10770424]
[-0.06724712 -0.091565   -0.10770424]
[-0.06829058 -0.09263614 -0.1124464 ]
[-0.06852532 -0.09329382 -0.11672559]
[-0.06912    -0.0944774  -0.12109976]
[-0.06998241 -0.09580234 -0.12519309]
[-0.07340366 -0.09899566 -0.13452192]
[-0.07618175 -0.09973957 -0.13895495]
[-0.07907909 -0.10002611 -0.14332813]
[-0.08261388 -0.09974254 -0.14787181]
[-0.08484027 -0.09942514 -0.1520211 ]
[-0.08608344 -0.09930414 -0.15834542]
[-0.08631879 -0.09955978 -0.16053963]
[-0.08913717 -0.09962662 -0.16334569]
[-0.09165041 -0.09941073 -0.16619518]
[-0.0913634  -0.09926828 -0.168167  ]
[-0.09063852 -0.09869067 -0.17040865]
[-0.09138372 -0.09807886 -0.17110983]
[-0.09467741 -0.09756957 -0.17237376]
[-0.09578377 -0.09800979 -0.17363156]
[-0.09508029 -0.09845834 -0.17405352]
[-0.09390932 -0.09962139 -0.17352453]
[-0.09447148 -0.09981499 -0.17331019]
[-0.09568339 -0.09983967 -0.17306584]
[-0.09705818 -0.09961008 -0.17310974]
[-0.09894508 -0.09913713 -0.17314291]
[-0.1027982  -0.0978818  -0.17453092]
[-0.10328606 -0.09745279 -0.17491129]
[-0.10398653 -0.09691869 -0.17451328]
[-0.1056853  -0.0953954  -0.17415495]
[-0.1050948  -0.09515182 -0.17348619]
[-0.10329597 -0.09495037 -0.1732761 ]
[-0.10223265 -0.09469273 -0.17287222]
[-0.10174361 -0.09314176 -0.17207427]
[-0.10351085 -0.0912829  -0.16979423]
[-0.10530516 -0.0898394  -0.16902933]
[-0.1081299  -0.08844567 -0.16850613]
[-0.11342036 -0.08548959 -0.16916192]
[-0.11667467 -0.0839862  -0.16951488]
[-0.121691   -0.08116265 -0.16945355]
[-0.12714924 -0.07785135 -0.16929245]
[-0.13053436 -0.0759297  -0.1668672 ]
[-0.1315772  -0.07326222 -0.16025424]
[-0.12955069 -0.07192889 -0.15495373]
[-0.12902607 -0.0693435  -0.14941067]
[-0.12878964 -0.0665796  -0.14413586]
[-0.12829827 -0.06383961 -0.13913043]
[-0.12556652 -0.05437581 -0.12534717]
[-0.12556652 -0.05437581 -0.12534717]
[-0.12709003 -0.0468017  -0.11636577]
[-0.12984981 -0.03959367 -0.1076663 ]
[-0.13133107 -0.03618694 -0.10339132]
[-0.13198118 -0.03274019 -0.0994169 ]
[-0.13048082 -0.02576445 -0.09277357]
[-0.1287778  -0.02220867 -0.08943399]
[-0.12239344 -0.01265602 -0.0780893 ]
[-0.12239344 -0.01265602 -0.0780893 ]
[-0.12056299 -0.00620691 -0.07211884]
[-0.12117782 -0.00368107 -0.06946567]
[-0.1207121  -0.0016054  -0.06669384]
[-0.12019884  0.00072866 -0.06372235]
[-0.11956966  0.00250115 -0.06127346]
[-0.11900116  0.00760353 -0.05707129]
[-0.11929708  0.00950333 -0.05581341]
[-0.1194725   0.0115697  -0.05427479]
[-0.1191497   0.01349083 -0.05292411]
[-0.11882794  0.01525693 -0.05134889]
[-0.11870925  0.01859476 -0.04761123]
[-0.11836598  0.01967168 -0.0458698 ]
[-0.1178453   0.02079003 -0.04432788]
[-0.11786578  0.02219756 -0.04278399]
[-0.11772474  0.02334727 -0.04100651]
[-0.11778363  0.02452639 -0.03900438]
[-0.11776064  0.02643482 -0.03430201]
[-0.11841476  0.02724142 -0.03240846]
[-0.1195505   0.02798942 -0.03082218]
[-0.12085488  0.02877031 -0.02927345]
[-0.1215216   0.02987625 -0.02808531]
[-0.12156151  0.03249845 -0.02355476]
[-0.12201543  0.03397024 -0.02144196]
[-0.12242975  0.03521946 -0.01946456]
[-0.12379365  0.03664132 -0.01770775]
[-0.12686353  0.03843408 -0.01478397]
[-0.12837893  0.03932991 -0.01382146]
[-0.12817047  0.04007398 -0.01341121]
[-0.12534989  0.04154842 -0.01367016]
[-0.12534989  0.04154842 -0.01367016]
[-0.12371258  0.0418076  -0.01373251]
[-0.12202371  0.04183174 -0.01458476]
[-0.12202371  0.04183174 -0.01458476]
[-0.12140478  0.04191743 -0.01459649]
[-0.11756007  0.04243753 -0.01509096]
[-0.11756007  0.04243753 -0.01509096]
[-0.1161928   0.04259335 -0.01611287]
[-0.11511662  0.0427056  -0.01707369]
[-0.11422817  0.04277101 -0.01760399]
[-0.11384735  0.0428475  -0.01806792]
[-0.11333027  0.04295848 -0.01834966]
[-0.11251395  0.04331631 -0.01879732]
[-0.11236159  0.04345648 -0.01900477]
[-0.11217671  0.04325075 -0.01896149]
[-0.113463    0.04253851 -0.01854775]
[-0.11426962  0.04210404 -0.01846113]
[-0.11533836  0.04205896 -0.0184719 ]
[-0.11617476  0.04194918 -0.01863364]
[-0.11710477  0.04181061 -0.01852011]
[-0.11716427  0.04184855 -0.01865845]
[-0.11762563  0.04190166 -0.01867956]
[-0.11785553  0.04205667 -0.01856476]
[-0.1194983   0.04343086 -0.01697617]
[-0.12129404  0.0479218  -0.01369369]
[-0.11890809  0.05064677 -0.01033934]
[-0.11859896  0.05287359 -0.00768163]
[-0.117866    0.05487333 -0.00512878]
[-0.11416225  0.05597162 -0.00036343]
[-0.11150644  0.05586814  0.00133056]
[-0.10818514  0.05546984  0.00360491]
[-0.10712839  0.05559972  0.00598568]
[-0.1063875   0.0556919   0.00843634]
[-0.10438108  0.05658213  0.0130622 ]
[-0.10367157  0.05705413  0.01457846]
[-0.10449775  0.0582676   0.01653797]
[-0.10587751  0.05913454  0.0173299 ]
[-0.10677546  0.0592931   0.0173046 ]
[-0.10725952  0.05935251  0.01700417]
[-0.10793604  0.05893591  0.01622233]
[-0.10756949  0.05886788  0.01616262]
[-0.10704178  0.05894275  0.01649445]
[-0.10624968  0.05969144  0.0171405 ]
[-0.10457592  0.06020709  0.01799111]
[-0.10251237  0.0612305   0.01822243]
[-0.1035591   0.0612849   0.01825508]
[-0.10448494  0.06107461  0.0184579 ]
[-0.10481433  0.06049124  0.01894199]
[-0.10314647  0.05866529  0.019353  ]
[-0.10368581  0.05849689  0.01888391]
[-0.10490364  0.05890699  0.01846946]
[-0.10573413  0.05921656  0.01773277]
[-0.1064366   0.05948233  0.01688974]
[-0.10617659  0.05957055  0.0167071 ]
[-0.1064165   0.05905783  0.01689056]
[-0.10611655  0.05908741  0.01708862]
[-0.10599427  0.0588773   0.01695244]
[-0.10586491  0.05908845  0.01656539]
[-0.10766228  0.05925117  0.01592535]
[-0.10770105  0.05928372  0.01623982]
[-0.10778523  0.05941961  0.01698788]
[-0.10817692  0.0595617   0.01712658]
[-0.108289    0.05988434  0.01771412]
[-0.10669722  0.06057759  0.01932666]
[-0.10719017  0.06174158  0.01970877]
[-0.11732873  0.06655991  0.02015114]
[-0.11785251  0.06676052  0.0213599 ]
[-0.10950798  0.06442878  0.02615752]
[-0.10716489  0.06409828  0.0286881 ]
[-0.10745221  0.06487918  0.03494507]
[-0.10925695  0.06545253  0.03803962]
[-0.11092341  0.06602757  0.04118478]
[-0.11295981  0.06645566  0.0478158 ]
[-0.11291857  0.06612911  0.05552249]
[-0.1106195   0.06570794  0.0636736 ]
[-0.10918822  0.0661428   0.0704568 ]
[-0.10382458  0.06767476  0.07841808]
[-0.09890359  0.0667131   0.07984697]
[-0.0955904   0.06578238  0.08212424]
[-0.09474526  0.06488853  0.08415381]
[-0.09546212  0.06418435  0.08630051]
[-0.09700431  0.06394663  0.08868491]
[-0.09422567  0.06384831  0.09079529]
[-0.09422567  0.06384831  0.09079529]
[-0.09266422  0.06464379  0.09141108]
[-0.09172977  0.06556856  0.09276625]
[-0.09294131  0.06737038  0.09377573]
[-0.09345866  0.068294    0.09377405]
[-0.09317752  0.06931657  0.09371232]
[-0.09291294  0.07072464  0.09274698]
[-0.09291294  0.07072464  0.09274698]
[-0.09425022  0.070716    0.08990443]
[-0.0917415   0.06888691  0.08656682]
[-0.08819373  0.06732279  0.08664796]
[-0.08479155  0.06619253  0.08652329]
[-0.07598874  0.06405043  0.08608383]
[-0.07260387  0.0633103   0.08369072]
[-0.06991036  0.06276371  0.08095236]
[-0.06967337  0.0620851   0.07380617]
[-0.06967337  0.0620851   0.07380617]
[-0.07213163  0.06157506  0.0687345 ]
[-0.07381124  0.0609492   0.06681351]
[-0.07520258  0.0600342   0.06500458]
[-0.07691433  0.05877416  0.06267013]
[-0.07954259  0.05671386  0.05732286]
[-0.08089491  0.05576025  0.05421871]
[-0.08195078  0.05457153  0.0496352 ]
[-0.08195078  0.05457153  0.0496352 ]
[-0.08286642  0.05406053  0.0484162 ]
[-0.08751613  0.05199761  0.04628939]
[-0.09756586  0.04626801  0.0381973 ]
[-0.09968198  0.04285454  0.03182327]
[-0.0964017   0.03509544  0.00701396]
[-0.09663705  0.03123329 -0.00139112]
[-0.0977342  0.0266624 -0.0088278]
[-0.09780764  0.02199459 -0.01568732]
[-0.09699741  0.01764608 -0.02270094]
[-0.09646659  0.01345778 -0.02983862]
[-0.09772515  0.00618014 -0.04383542]
[-0.10099908 -0.00086403 -0.05681431]
[-0.10322236 -0.00411551 -0.06300056]
[-0.10600726 -0.0108359  -0.07562912]
[-0.10913818 -0.01409422 -0.08195169]
[-0.11292309 -0.01737168 -0.08818826]
[-0.11656067 -0.0205199  -0.09428109]
[-0.12028378 -0.02421495 -0.10019939]
[-0.12295163 -0.02797442 -0.10687645]
[-0.12685636 -0.03481046 -0.11854873]
[-0.12848544 -0.03761585 -0.12275153]
[-0.13074871 -0.04024596 -0.12680276]
[-0.13446743 -0.04550859 -0.13389987]
[-0.13558046 -0.0478908  -0.13708669]
[-0.13680745 -0.05058904 -0.14086083]
[-0.13964504 -0.05445833 -0.14868328]
[-0.14205573 -0.05826208 -0.15757771]
[-0.14396297 -0.06102752 -0.16223399]
[-0.14589376 -0.06365056 -0.16722003]
[-0.14525036 -0.06789762 -0.17784461]
[-0.14320315 -0.06911154 -0.18312226]
[-0.14485257 -0.07159512 -0.19033137]
[-0.15002635 -0.07613049 -0.2053902 ]
[-0.14608082 -0.07778697 -0.21574494]
[-0.14399923 -0.07733793 -0.22077778]
[-0.14330188 -0.07742931 -0.22561173]
[-0.14376036 -0.08050953 -0.23655514]
[-0.14376036 -0.08050953 -0.23655514]
[-0.14462507 -0.0833108  -0.24856818]
[-0.14573847 -0.08420791 -0.253526  ]
[-0.14758533 -0.08462343 -0.25946137]
[-0.14801114 -0.08509764 -0.26417825]
[-0.14900534 -0.0872801  -0.27674058]
[-0.14926826 -0.08774225 -0.28033289]
[-0.14935093 -0.08840028 -0.28328881]
[-0.14982101 -0.0886254  -0.28552496]
[-0.15049272 -0.08903661 -0.28648332]
[-0.1510367  -0.0888171  -0.28600699]
[-0.1522891  -0.08825496 -0.28368598]
[-0.1522891  -0.08825496 -0.28368598]
[-0.15401273 -0.08785056 -0.28152955]
[-0.15726103 -0.08590712 -0.27482387]
[-0.15720336 -0.08368548 -0.27064264]
[-0.15625919 -0.08067659 -0.26646981]
[-0.15521518 -0.07737347 -0.26307341]
[-0.15613108 -0.07457037 -0.26200119]
[-0.16782103 -0.07565425 -0.25956088]
[-0.1696398  -0.0742435  -0.25466311]
[-0.1712413  -0.0690737  -0.23584557]
[-0.16878524 -0.06672148 -0.22539072]
[-0.16508301 -0.06320906 -0.21381529]
[-0.15929858 -0.05534411 -0.18771768]
[-0.15586765 -0.05258456 -0.17518163]
[-0.15248565 -0.05068974 -0.16242743]
[-0.149244   -0.04840973 -0.15215701]
[-0.13404438 -0.04111269 -0.12635008]
[-0.12884503 -0.03894104 -0.11961599]
[-0.12479545 -0.0369598  -0.11433484]
[-0.11744788 -0.03417551 -0.10460867]
[-0.11668386 -0.03242842 -0.10057805]
[-0.11671856 -0.03038596 -0.09697029]
[-0.11799311 -0.02793094 -0.09313651]
[-0.11844063 -0.02531879 -0.08947826]
[-0.11605928 -0.02057374 -0.08030467]
[-0.11294057 -0.01554254 -0.06970108]
[-0.11073692 -0.01042721 -0.06057644]
[-0.10997602 -0.0063816  -0.05300585]
[-0.11146936 -0.00487187 -0.04998501]
[-0.11376838 -0.0032402  -0.04721437]
[-0.11747699  0.00105745 -0.04190477]
[-0.11714829  0.00352568 -0.03785217]
[-0.11644487  0.00567221 -0.03392479]
[-0.11623292  0.0075697  -0.02955145]
[-0.11570323  0.00903063 -0.0256712 ]
[-0.11687488  0.01242296 -0.01990264]
[-0.11800741  0.01399197 -0.01737921]
[-0.11832871  0.01530625 -0.01467464]
[-0.11847174  0.01672474 -0.01240855]
[-0.11829049  0.01811307 -0.01020676]
[-0.1168325   0.02194571 -0.00642446]
[-0.11693274  0.02323349 -0.0045873 ]
[-0.11696582  0.02477936 -0.00318443]
[-0.11677025  0.02580012 -0.0019995 ]
[-0.11778063  0.02639329 -0.00081228]
[-0.11766739  0.02839278  0.00120209]
[-0.11796575  0.03076196  0.00267818]
[-0.11836833  0.03201043  0.00310457]
[-0.11843843  0.03297019  0.00391231]
[-0.11779487  0.03559048  0.00625028]
[-0.11707748  0.03693549  0.00723052]
[-0.11659049  0.03836195  0.00832296]
[-0.11631048  0.03968725  0.00939235]
[-0.1163671   0.04107562  0.01025653]
[-0.11789833  0.04365083  0.01235211]
[-0.11981118  0.04744756  0.01736172]
[-0.11981118  0.04744756  0.01736172]
[-0.12012481  0.04874643  0.0196426 ]
[-0.11974244  0.04984284  0.02186812]
[-0.11932256  0.05071796  0.02387448]
[-0.11858145  0.05248439  0.02700472]
[-0.11878879  0.05335412  0.02902287]
[-0.11976258  0.05460117  0.03234762]
[-0.12108347  0.05564535  0.03369375]
[-0.12203744  0.05629951  0.03379058]
[-0.12298039  0.05691531  0.03392493]
[-0.12321551  0.05906513  0.0354435 ]
[-0.12295513  0.05973785  0.03551898]
[-0.12359677  0.06000021  0.03492485]
[-0.12649906  0.05965101  0.03414999]
[-0.12823909  0.05947541  0.03435424]
[-0.1301834   0.06072527  0.03605613]
[-0.13029638  0.0612141   0.03662404]
[-0.12934224  0.0616303   0.03739865]
[-0.12885695  0.0611657   0.03866879]
[-0.12879946  0.06062397  0.03942188]
[-0.12779735  0.05952274  0.04052172]
[-0.12730222  0.05913996  0.04129434]
[-0.12797699  0.05885889  0.0422252 ]
[-0.13010788  0.05887909  0.04422867]
[-0.13529352  0.05845923  0.05177091]
[-0.13741504  0.05757807  0.05685888]
[-0.13862396  0.05619606  0.06285599]
[-0.13894077  0.05478774  0.06914834]
[-0.13831858  0.05292254  0.07645729]
[-0.13638353  0.05105796  0.08377139]
[-0.13389521  0.04950591  0.09697988]
[-0.13319742  0.04961645  0.10221151]
[-0.13343915  0.04988097  0.10566246]
[-0.13305052  0.05023552  0.10824993]
[-0.13112382  0.05031784  0.11032033]
[-0.12882423  0.05032596  0.10838524]
[-0.13010548  0.04854198  0.10529825]
[-0.13106593  0.04772985  0.10390148]
[-0.1314286   0.04692339  0.10267696]
[-0.13163875  0.04644554  0.10203601]
[-0.12903076  0.04602938  0.1017692 ]
[-0.11609935  0.04249801  0.09879148]
[-0.11339749  0.04072893  0.09776145]
[-0.1130192   0.03881713  0.09641387]
[-0.1144435   0.03764227  0.09645145]
[-0.11498262  0.03699361  0.09441569]
[-0.10898863  0.03680497  0.08831124]
[-0.10751603  0.03704467  0.08517174]
[-0.10729494  0.03741835  0.08244309]
[-0.10885994  0.03791909  0.07921935]
[-0.1137989   0.0382708   0.07292577]
[-0.11566584  0.03785098  0.06989343]
[-0.11717211  0.03714619  0.06699913]
[-0.11867625  0.03654126  0.06442025]
[-0.12029407  0.03494424  0.05936496]
[-0.12108464  0.03423091  0.0567755 ]
[-0.12128671  0.03339472  0.05432715]
[-0.12117618  0.03274749  0.05173165]
[-0.12073006  0.03185152  0.04923826]
[-0.11956475  0.03112658  0.04653164]
[-0.1161413   0.02958857  0.04180939]
[-0.11546634  0.02904788  0.03939542]
[-0.11546461  0.02843205  0.036862  ]
[-0.11575807  0.02642517  0.03002238]
[-0.11517095  0.02567664  0.02841254]
[-0.11481641  0.02486859  0.02633453]
[-0.1167885   0.0235954   0.02053462]
[-0.1207316   0.02164266  0.01308595]
[-0.12208406  0.02089615  0.00926186]
[-0.12242133  0.02024265  0.00561137]
[-0.12235795  0.020053    0.00213928]
[-0.12567623  0.01923149 -0.01040966]
[-0.1273736   0.01801988 -0.01711499]
[-0.12760648  0.01742693 -0.01981015]
[-0.12724536  0.01604974 -0.02573488]
[-0.12662424  0.01570453 -0.02803736]
[-0.12601995  0.01548037 -0.03054843]
[-0.12492831  0.01533121 -0.0330221 ]
[-0.12394802  0.0152102  -0.03793231]
[-0.12382686  0.01473677 -0.0432279 ]
[-0.12437709  0.0140612  -0.04637827]
[-0.12543937  0.01333193 -0.04978765]
[-0.12751939  0.01188167 -0.05598153]
[-0.12823419  0.01117737 -0.0591706 ]
[-0.12874439  0.00987141 -0.06275714]
[-0.12766006  0.00649031 -0.07332337]
[-0.12457481  0.00391709 -0.0832215 ]
[-0.12353308  0.00266917 -0.0886445 ]
[-0.12424099  0.0017038  -0.0942573 ]
[-0.12385145  0.00025335 -0.09941778]
[-0.12408832 -0.00112091 -0.10546757]
[-0.12483317 -0.00263635 -0.11185198]
[-0.12563599 -0.00810697 -0.12700799]
[-0.13407415 -0.01802349 -0.15024741]
[-0.13890255 -0.02085727 -0.16048545]
[-0.14193079 -0.0224378  -0.17691134]
[-0.13937303 -0.02283037 -0.18514033]
[-0.13508471 -0.02299813 -0.19295837]
[-0.13391045 -0.0234478  -0.20933282]
[-0.13465989 -0.02433975 -0.21658297]
[-0.13444462 -0.02587772 -0.22263603]
[-0.13511468 -0.0281697  -0.2283705 ]
[-0.13428538 -0.03071097 -0.2341024 ]
[-0.13608429 -0.03508127 -0.24673878]
[-0.13802966 -0.03718793 -0.25185362]
[-0.14041433 -0.0391182  -0.25831574]
[-0.1449048  -0.04381683 -0.27066767]
[-0.15167402 -0.04898345 -0.27992609]
[-0.15638878 -0.0516694  -0.2832748 ]
[-0.16231831 -0.05491119 -0.28723156]
[-0.16568637 -0.05771828 -0.29172802]
[-0.16481857 -0.06453489 -0.30718315]
[-0.16269764 -0.06688492 -0.31181905]
[-0.16061324 -0.06894332 -0.31666961]
[-0.15991774 -0.0713002  -0.32149163]
[-0.16391556 -0.07595082 -0.33056453]
[-0.16562528 -0.07726358 -0.33482224]
[-0.16909616 -0.07899958 -0.33971331]
[-0.17115861 -0.08067398 -0.3439568 ]
[-0.17378715 -0.08230958 -0.34819141]
[-0.17618069 -0.08582814 -0.35420975]
[-0.17731234 -0.08746173 -0.35730803]
[-0.17754964 -0.08977359 -0.36038959]
[-0.17810478 -0.09138321 -0.36417744]
[-0.18301363 -0.0934443  -0.37012923]
[-0.18685056 -0.09425794 -0.3738668 ]
[-0.18698457 -0.09464187 -0.37534025]
[-0.18565403 -0.09462011 -0.37642527]
[-0.18392951 -0.0944925  -0.37788057]
[-0.18420458 -0.09465401 -0.37856841]
[-0.1855858  -0.09534182 -0.37911683]
[-0.18631102 -0.09618179 -0.3793762 ]
[-0.18718007 -0.09743404 -0.38074675]
[-0.18669236 -0.09793063 -0.38124585]
[-0.18730036 -0.09818248 -0.38231531]
[-0.18812927 -0.09844547 -0.38346195]
[-0.18957255 -0.09846316 -0.38596544]
[-0.18810285 -0.0977491  -0.38687858]
[-0.18725509 -0.09738696 -0.38658723]
[-0.18706098 -0.09685542 -0.38654026]
[-0.18640384 -0.09634151 -0.38635123]
[-0.18585894 -0.09609293 -0.38638163]
[-0.1852704  -0.09614307 -0.38690266]
[-0.18487564 -0.09602209 -0.38835588]
[-0.18446432 -0.09584083 -0.38995585]
[-0.18412378 -0.09575264 -0.3933641 ]
[-0.18524941 -0.09587983 -0.39632475]
[-0.18531153 -0.09584279 -0.39721757]
[-0.1864202  -0.0954596  -0.39794329]
[-0.18427688 -0.09327077 -0.39645284]
[-0.18246271 -0.09197938 -0.3948395 ]
[-0.18022538 -0.09153742 -0.39338589]
[-0.17768817 -0.09151435 -0.39128369]
[-0.17648453 -0.09174677 -0.38873526]
[-0.17434877 -0.09205665 -0.3848961 ]
[-0.17259075 -0.09227761 -0.38151708]
[-0.16987222 -0.09127543 -0.37281209]
[-0.16774736 -0.09005255 -0.36742255]
[-0.16588371 -0.08888406 -0.36098158]
[-0.1601387  -0.08613435 -0.34729218]
[-0.1553037  -0.08412917 -0.3394227 ]
[-0.15184811 -0.08165232 -0.33209035]
[-0.14680173 -0.07902246 -0.32456416]
[-0.14344502 -0.07599909 -0.31675988]
[-0.14169537 -0.07107086 -0.2990438 ]
[-0.14374093 -0.06807222 -0.28821462]
[-0.1471747  -0.0618095  -0.27143988]
[-0.14733678 -0.05879142 -0.26360449]
[-0.13855529 -0.05333713 -0.241796  ]
[-0.13212132 -0.04993724 -0.21951482]
[-0.12976031 -0.04862239 -0.20843476]
[-0.12602342 -0.04714153 -0.19570935]
[-0.10986704 -0.04241979 -0.15800117]
[-0.10465299 -0.03984562 -0.14675084]
[-0.09648914 -0.03111566 -0.12634687]
[-0.08662217 -0.02211311 -0.1049064 ]
[-0.08376565 -0.02125376 -0.10081354]
[-0.07813443 -0.01983533 -0.09054657]
[-0.07813443 -0.01983533 -0.09054657]
[-0.07760285 -0.01849419 -0.08807784]
[-0.07770106 -0.01656428 -0.08629899]
[-0.0769653  -0.01380692 -0.08409651]
[-0.07550793 -0.01284934 -0.0824427 ]
[-0.07264172 -0.01114928 -0.07969084]
[-0.07193188 -0.00985238 -0.07857007]
[-0.07188489 -0.00865552 -0.07800741]
[-0.07242977 -0.00499069 -0.07637829]
[-0.07188033 -0.00293558 -0.07541925]
[-0.07094764 -0.00107922 -0.07424269]
[-0.06979032  0.00013855 -0.0730157 ]
[-0.07021213  0.00168685 -0.06955456]
[-0.07152096  0.00255768 -0.0675581 ]
[-0.07214049  0.00327498 -0.06531246]
[-0.07189189  0.003795   -0.06311776]
[-0.07195809  0.00447477 -0.06101886]
[-0.07126428  0.00512721 -0.0590075 ]
[-0.07245626  0.006871   -0.05548647]
[-0.07281583  0.00754461 -0.05372372]
[-0.07408473  0.00840303 -0.05238897]
[-0.07640802  0.01047448 -0.05007462]
[-0.07729028  0.01153911 -0.04916562]
[-0.07771789  0.01229684 -0.04770293]
[-0.07806194  0.01267836 -0.04613025]
[-0.07885182  0.01290876 -0.04403964]
[-0.08077637  0.01284012 -0.04039554]
[-0.08125726  0.012962   -0.03842154]
[-0.08155327  0.01313345 -0.03645908]
[-0.08162652  0.01360086 -0.03438272]
[-0.08155187  0.01412649 -0.03222276]
[-0.08319453  0.01626799 -0.02778904]
[-0.08379566  0.01722526 -0.02559008]
[-0.08414716  0.01784545 -0.02271434]
[-0.08410625  0.01822491 -0.01862159]
[-0.0830171   0.01727404 -0.00889046]
[-0.08269589  0.01635576 -0.00447652]
[-0.08181979  0.01619922  0.00261477]
[-0.08298297  0.01678486  0.00583917]
[-0.08377337  0.0182914   0.00906968]
[-0.08653583  0.02111923  0.01529091]
[-0.08698093  0.02283956  0.01829092]
[-0.08773868  0.02523506  0.02490884]
[-0.08773868  0.02523506  0.02490884]
[-0.08913846  0.02696604  0.03049154]
[-0.09005437  0.02791987  0.03304685]
[-0.09050273  0.02876884  0.03597255]
[-0.08935329  0.03032614  0.04355061]
[-0.08819646  0.03070612  0.04746813]
[-0.08556329  0.03115943  0.05420702]
[-0.084385    0.031286    0.05677775]
[-0.08391204  0.03130512  0.05890812]
[-0.08509758  0.03204049  0.06297967]
[-0.08612166  0.03243279  0.06446982]
[-0.08722307  0.03367609  0.06753196]
[-0.08700984  0.03436999  0.06817634]
[-0.08680788  0.03501961  0.06883138]
[-0.08644906  0.0354261   0.06919323]
[-0.08538497  0.03587566  0.06937356]
[-0.08450908  0.03594326  0.06984047]
[-0.08368097  0.03603677  0.07036604]
[-0.08416324  0.03631632  0.07014619]
[-0.08499767  0.03603527  0.06882838]
[-0.084591    0.03570681  0.06717747]
[-0.08372048  0.03667795  0.06417032]
[-0.08120385  0.03770042  0.0623991 ]
[-0.07940675  0.03918608  0.05918389]
[-0.07826093  0.03870616  0.05870115]
[-0.08004079  0.03813686  0.05637135]
[-0.08112382  0.03724054  0.05397159]
[-0.08293972  0.03617292  0.05146942]
[-0.0854118   0.03414644  0.04710191]
[-0.08658944  0.03149786  0.04226499]
[-0.08807094  0.02997421  0.039612  ]
[-0.08956488  0.02844849  0.03695557]
[-0.09199216  0.02568721  0.03200002]
[-0.09268068  0.02459541  0.02883502]
[-0.09339779  0.02354909  0.02469507]
[-0.09375739  0.02252755  0.02029274]
[-0.09307113  0.02136146  0.01535093]
[-0.09054444  0.01795325  0.00615479]
[-0.08969095  0.01644229  0.00167494]
[-0.08988255  0.01456255 -0.00309239]
[-0.0906972   0.01337064 -0.00818172]
[-0.0920963   0.01030863 -0.01663976]
[-0.09354067  0.00667695 -0.02488498]
[-0.09421237  0.00465783 -0.02964362]
[-9.85688321e-02  3.34011856e-05 -4.29027900e-02]
[-0.10002348 -0.00135021 -0.04735062]
[-0.10087555 -0.00385408 -0.05177019]
[-0.10137003 -0.00630903 -0.05582147]
[-0.10198393 -0.008896   -0.06080389]
[-0.10277487 -0.01129119 -0.06568298]
[-0.10438724 -0.01433919 -0.07487418]
[-0.10420449 -0.01563398 -0.08034827]
[-0.10517051 -0.01744162 -0.08644688]
[-0.1093196  -0.02023115 -0.09530114]
[-0.1193524  -0.03036604 -0.12044127]
[-0.12619402 -0.03699512 -0.14191748]
[-0.12921873 -0.03920726 -0.1534508 ]
[-0.13179995 -0.03906612 -0.16571178]
[-0.1304295  -0.03898021 -0.17693999]
[-0.12313759 -0.03919996 -0.19941263]
[-0.11879388 -0.04061482 -0.20980762]
[-0.11800902 -0.04246138 -0.22072352]
[-0.11976838 -0.04715267 -0.23887813]
[-0.1203713  -0.0498737  -0.24652976]
[-0.12046489 -0.05321003 -0.253979  ]
[-0.12050393 -0.05594046 -0.26002267]
[-0.12033092 -0.06074389 -0.27003166]
[-0.12312341 -0.0647121  -0.27941513]
[-0.12462313 -0.06787919 -0.28719869]
[-0.12370248 -0.06896561 -0.28971916]
[-0.12185092 -0.06816023 -0.29138514]
[-0.12185092 -0.06816023 -0.29138514]
[-0.12178687 -0.0673944  -0.2903471 ]
[-0.12163052 -0.06718218 -0.28919616]
[-0.12107115 -0.06758366 -0.28736106]
[-0.12092335 -0.06759198 -0.28583544]
[-0.12141353 -0.06728145 -0.28444013]
[-0.12176945 -0.06645364 -0.28218532]
[-0.1236115  -0.06534995 -0.28035808]
[-0.12486692 -0.06429119 -0.27912289]
[-0.1259034  -0.06247233 -0.2762818 ]
[-0.12527267 -0.0616865  -0.2747373 ]
[-0.12480864 -0.06101592 -0.27289334]
[-0.12503366 -0.05946094 -0.26792389]
[-0.12486912 -0.05830652 -0.2651251 ]
[-0.12500424 -0.05658594 -0.26241741]
[-0.12477865 -0.05511695 -0.25965616]
[-0.12674198 -0.05206375 -0.2550931 ]
[-0.1281393  -0.05046678 -0.25310606]
[-0.13254021 -0.04559574 -0.24636243]
[-0.13254021 -0.04559574 -0.24636243]
[-0.1336574  -0.04431358 -0.24282888]
[-0.1366687  -0.0421731  -0.23602918]
[-0.13802419 -0.04228236 -0.23173633]
[-0.13796173 -0.04234568 -0.22847989]
[-0.1373165  -0.04121798 -0.22514877]
[-0.14242266 -0.03999859 -0.21490732]
[-0.14560834 -0.03780258 -0.20465761]
[-0.14770872 -0.03634045 -0.1942029 ]
[-0.14345051 -0.02967922 -0.17697777]
[-0.14345051 -0.02967922 -0.17697777]
[-0.14146473 -0.02570207 -0.16620606]
[-0.13550055 -0.01461785 -0.13199189]
[-0.13550055 -0.01461785 -0.13199189]
[-0.13277116 -0.0115231  -0.12177148]
[-0.13106115 -0.00859828 -0.11248951]
[-0.12825046 -0.00334291 -0.09849995]
[-0.12699009 -0.00076734 -0.09326382]
[-0.12561385  0.00436157 -0.08482771]
[-0.1249976  0.0085856 -0.0777144]
[-0.12577787  0.01416441 -0.06812661]
[-0.12662489  0.0169844  -0.06444985]
[-0.12749841  0.01904104 -0.06176219]
[-0.13168669  0.01950948 -0.05766989]
[-0.13405402  0.01931545 -0.05548269]
[-0.13652314  0.01903021 -0.05402242]
[-0.13843049  0.01967943 -0.0518191 ]
[-0.13796899  0.02114069 -0.04993358]
[-0.13673383  0.02184058 -0.04922193]
[-0.13641106  0.02173798 -0.04983081]
[-0.13611385  0.02142995 -0.0504257 ]
[-0.13629418  0.02041604 -0.05030016]
[-0.13762494  0.01943064 -0.04928354]
[-0.13863844  0.01875354 -0.04948874]
[-0.13806598  0.01789871 -0.0497675 ]
[-0.13427885  0.01532938 -0.0479766 ]
[-0.1314898   0.01407074 -0.04568071]
[-0.12408462  0.00957216 -0.04081793]
[-0.12408462  0.00957216 -0.04081793]
[-0.12147352  0.00781033 -0.03984337]
[-0.11825905  0.00588718 -0.03852407]
[-0.11532466  0.00287999 -0.04039691]
[-0.11255989  0.00054441 -0.04387491]
[-0.10897165 -0.00107129 -0.04610795]
[-0.10011541 -0.00318805 -0.04832671]
[-0.09500945 -0.00357642 -0.04744804]
[-0.08764425 -0.004026   -0.04557385]
[-0.07970918 -0.00390821 -0.04301586]
[-0.07028021 -0.00390355 -0.03992668]
[-0.06854764 -0.00426286 -0.03949361]
[-0.06701525 -0.00462037 -0.03952561]
[-0.06451979 -0.00497256 -0.03916197]
[-0.05528067 -0.00427219 -0.03847852]
[-0.04636443 -0.00411814 -0.03953221]
[-0.03615242 -0.00273103 -0.03930293]
[-0.03021309 -0.00176017 -0.0384973 ]
[-0.01671807  0.00023808 -0.03741381]
[-0.00870661  0.00051713 -0.03701254]
[-0.00194966  0.00116372 -0.03674232]
[ 0.00356807  0.00199388 -0.03616975]
[ 0.00973553  0.00280816 -0.03585268]
[ 0.01794053  0.00485223 -0.03406689]
[ 0.0218667   0.00551564 -0.03342554]
[ 0.02610203  0.00674093 -0.03182991]
[ 0.02832644  0.00750425 -0.03046133]
[ 0.03102677  0.00876964 -0.02878975]
[ 0.03728113  0.01119176 -0.02559707]
[ 0.0391903   0.01237111 -0.02451622]
[ 0.04107854  0.01354455 -0.02353897]
[ 0.04336635  0.01473106 -0.02298658]
[ 0.04610165  0.01496867 -0.02330854]
[ 0.0503963   0.01484654 -0.02278408]
[ 0.05587113  0.01520625 -0.02165578]
[ 0.06038318  0.01617916 -0.02039283]
[ 0.06349594  0.01823285 -0.01954552]
[ 0.06320334  0.01962093 -0.01942505]
[ 0.06428096  0.02288852 -0.01858382]
[ 0.06466708  0.02432554 -0.01757774]
[ 0.06596152  0.02693916 -0.01541997]
[ 0.0682381   0.03119173 -0.0121879 ]
[ 0.06993154  0.03458069 -0.01017256]
[ 0.07174132  0.03694564 -0.00770618]
[ 0.07364169  0.03990548 -0.00517275]
[0.07784641 0.04691633 0.00147775]
[0.08294984 0.05138181 0.00638776]
[0.08729843 0.05294006 0.0081921 ]
[0.09158503 0.05360163 0.00964803]
[0.10008717 0.05552632 0.01269053]
[0.10492105 0.05670592 0.01417531]
[0.1122734  0.05789705 0.01597053]
[0.11936805 0.05868267 0.01780421]
[0.12461204 0.05928851 0.01910939]
[0.13159875 0.06030929 0.02104292]
[0.13496444 0.06184147 0.0224528 ]
[0.13804776 0.06380201 0.02424809]
[0.14253235 0.06753253 0.02869104]
[0.14535094 0.06921805 0.0321487 ]
[0.14704276 0.06997961 0.03420435]
[0.14803926 0.07109907 0.03866588]
[0.14811609 0.07197884 0.04080823]
[0.14665953 0.07592083 0.04461491]
[0.14610041 0.0785147  0.04609953]
[0.1458093  0.0806562  0.04689078]
[0.14787686 0.08228688 0.04729576]
[0.1495033  0.08280061 0.04804644]
[0.14941112 0.08364793 0.04885569]
[0.14966933 0.08422041 0.04886188]
[0.14970986 0.08482055 0.04885039]
[0.15039981 0.08588658 0.04904486]
[0.15022138 0.08758043 0.05025218]
[0.14994544 0.08985167 0.05164471]
[0.14952571 0.09279811 0.05293506]
[0.14705057 0.10135331 0.05486193]
[0.14614508 0.10521797 0.05639032]
[0.14668939 0.10688252 0.05813731]
[0.14548034 0.10878131 0.06161378]
[0.14380065 0.11041477 0.06590331]
[0.13466114 0.11575959 0.07963973]
[0.13123039 0.1181288  0.08337615]
[0.12844426 0.12048545 0.08709799]
[0.12381441 0.12379412 0.09301307]
[0.12339026 0.12460279 0.09535655]
[0.12259073 0.12515791 0.09667584]
[0.12190146 0.12556291 0.09763528]
[0.12074414 0.12599097 0.0984842 ]
[0.11725668 0.12741189 0.09968022]
[0.11588184 0.12794596 0.100531  ]
[0.11451758 0.12800615 0.10113023]
[0.11229453 0.12746452 0.10177155]
[0.1090127  0.12654954 0.10317849]
[0.10510657 0.12567475 0.10409369]
[0.09906598 0.12441904 0.10389889]
[0.09721099 0.12419707 0.10287652]
[0.09577427 0.12387908 0.10184903]
[0.09403866 0.12385786 0.10139957]
[0.09146669 0.12338058 0.10054036]
[0.09085788 0.12317688 0.09976073]
[0.09027778 0.1225924  0.09857752]
[0.09041131 0.12193818 0.09727061]
[0.08949938 0.12121442 0.09578234]
[0.08880303 0.1210291  0.09542736]
[0.08828462 0.1208387  0.09505656]
[0.0878177  0.12024419 0.09485302]
[0.08708756 0.1197853  0.0943046 ]
[0.08643035 0.11872572 0.09302881]
[0.08652956 0.11764286 0.09182177]
[0.08795253 0.11373688 0.08916114]
[0.08859659 0.11136953 0.08793264]
[0.08669659 0.10735903 0.08244112]
[0.08669659 0.10735903 0.08244112]
[0.08515697 0.10602954 0.08020872]
[0.08283371 0.10327996 0.07555725]
[0.08255265 0.10187595 0.07341567]
[0.08162101 0.10082608 0.07125991]
[0.080896   0.09951907 0.06928945]
[0.08083757 0.09809699 0.06674748]
[0.08011956 0.09563941 0.06038878]
[0.0796951  0.09527763 0.05681114]
[0.07893265 0.09450344 0.05310615]
[0.07690716 0.09275448 0.04664661]
[0.07533077 0.09013736 0.04028771]
[0.0741427  0.08833324 0.03731852]
[0.07244591 0.08612461 0.03394184]
[0.06892467 0.0834595  0.03179681]
[0.06546283 0.07980967 0.03083626]
[0.05911536 0.0729296  0.02794708]
[0.0582271  0.06692455 0.02318249]
[0.05889239 0.06449002 0.02068715]
[0.05928155 0.06312186 0.01805061]
[0.05859948 0.06166206 0.01301694]
[0.05870768 0.05913408 0.00644773]
[0.05884828 0.05709706 0.00402354]
[0.05795184 0.05272791 0.00348922]
[0.05681104 0.05017317 0.00490762]
[0.05514765 0.04756862 0.00624314]
[0.05257811 0.04412723 0.00683062]
[0.05159857 0.0405531  0.00662197]
[0.05832659 0.03701064 0.00713279]
[0.05977639 0.03716689 0.01106073]
[0.06005471 0.03590937 0.01078753]
[0.05847104 0.0340153  0.00935501]
[0.05691019 0.02882273 0.00499879]
[0.05262118 0.02678065 0.00354041]
[0.04841836 0.02494883 0.00220692]
[0.04387139 0.02315575 0.00036284]
[ 0.03804453  0.01994682 -0.00297417]
[ 0.03626443  0.0190686  -0.00489083]
[ 0.03711576  0.01846812 -0.01055124]
[ 0.03844554  0.01834137 -0.01325805]
[ 0.03944633  0.01807273 -0.01570702]
[ 0.03905824  0.01792921 -0.01554404]
[ 0.03909901  0.01662318 -0.01540024]
[ 0.03904097  0.01555601 -0.0154959 ]
[ 0.03895657  0.01406528 -0.01563612]
[ 0.03828893  0.01290008 -0.01569317]
[ 0.03738593  0.01177635 -0.0166533 ]
[ 0.0369413   0.01066384 -0.01809111]
[ 0.03846127  0.00837051 -0.02241872]
[ 0.03804455  0.00748734 -0.02584808]
[ 0.03743657  0.00628874 -0.0309178 ]
[ 0.03416353  0.00213601 -0.04268585]
[ 0.03416353  0.00213601 -0.04268585]
[ 0.03404509 -0.00047623 -0.04876693]
[ 0.03801096 -0.00751668 -0.06512193]
[ 0.03801096 -0.00751668 -0.06512193]
[ 0.04083323 -0.00940316 -0.06870405]
[ 0.04349231 -0.01173915 -0.07179353]
[ 0.04406237 -0.016347   -0.07500459]
[ 0.0419338  -0.01926607 -0.07739092]
[ 0.03877761 -0.0221696  -0.07932799]
[ 0.03645971 -0.02484792 -0.08089332]
[ 0.03340392 -0.0306694  -0.08312321]
[ 0.0321015  -0.0314914  -0.08307517]
[ 0.03092214 -0.03182431 -0.08320938]
[ 0.03047835 -0.0318613  -0.08302475]
[ 0.03062313 -0.03169547 -0.08336726]
[ 0.03237233 -0.03078809 -0.08392842]
[ 0.03412216 -0.03070324 -0.08536806]
[ 0.03335401 -0.03133225 -0.08645946]
[ 0.03087508 -0.03221825 -0.08721874]
[ 0.01778503 -0.03454171 -0.08748472]
[ 0.0133722  -0.03558711 -0.08758304]
[ 0.00914559 -0.03697027 -0.08759113]
[ 0.00174124 -0.04031773 -0.08766702]
[-0.00155736 -0.0420291  -0.08814202]
[-0.00718736 -0.04552546 -0.08872011]
[-0.01114617 -0.04639382 -0.08893063]
[-0.0200892  -0.04663693 -0.08841774]
[-0.02538708 -0.04552487 -0.08803406]
[-0.02978793 -0.04452917 -0.08701855]
[-0.03231158 -0.04290371 -0.08531448]
[-0.03211221 -0.03999108 -0.08298726]
[-0.02892439 -0.03322297 -0.07282557]
[-0.02944046 -0.03168496 -0.06798919]
[-0.03031283 -0.03079846 -0.06483905]
[-0.03163272 -0.03007604 -0.06264735]
[-0.03454469 -0.02678379 -0.05995835]
[-0.04760876 -0.02471766 -0.04931312]
[-0.04932168 -0.02513322 -0.04697753]
[-0.04981996 -0.02238576 -0.04271013]
[-0.04981996 -0.02238576 -0.04271013]
[-0.05289375 -0.01965262 -0.04053938]
[-0.05582164 -0.01984204 -0.03947518]
[-0.06162067 -0.02356988 -0.0380847 ]
[-0.06317011 -0.02576835 -0.03750091]
[-0.06431882 -0.0274489  -0.03709605]
[-0.06495793 -0.02828495 -0.03657621]
[-0.06553959 -0.02839656 -0.03566587]
[-0.07128731 -0.02429154 -0.03305111]
[-0.07920344 -0.02220335 -0.03392447]
[-0.08367419 -0.02326171 -0.03299179]
[-0.08452366 -0.02497293 -0.03218265]
[-0.08557293 -0.02680129 -0.03269899]
[-0.08817336 -0.02890885 -0.03509175]
[-0.0910301  -0.02623451 -0.03350207]
[-0.09209713 -0.02423345 -0.03187886]
[-0.0928213  -0.02231784 -0.03052599]
[-0.09408657 -0.02000619 -0.02946539]
[-0.09495033 -0.01735654 -0.02888168]
[-0.09506086 -0.01622164 -0.0285225 ]
[-0.09329218 -0.01395582 -0.02601949]
[-0.09199714 -0.01257658 -0.02499245]
[-0.09140855 -0.01079196 -0.02383798]
[-0.09202781 -0.00902069 -0.02335611]
[-0.0925704  -0.00724913 -0.02268715]
[-0.09384062 -0.00416957 -0.02186209]
[-0.09395011 -0.00064412 -0.0209841 ]
[-0.09482569  0.00080646 -0.02078511]
[-0.09547251  0.00168984 -0.01997682]
[-0.09690765  0.00310127 -0.01934194]
[-0.09743755  0.00397469 -0.01926813]
[-0.09828261  0.00494563 -0.02006   ]
[-0.09852744  0.00574123 -0.02075412]
[-0.09785409  0.00695821 -0.0206965 ]
[-0.09559978  0.00854585 -0.0192182 ]
[-0.0927214  0.0112307 -0.019835 ]
[-0.0927214  0.0112307 -0.019835 ]
[-0.09001184  0.01217733 -0.01956408]
[-0.08699669  0.01117584 -0.01857946]
[-0.08487696  0.01092207 -0.01870134]
[-0.08241283  0.01085561 -0.01892743]
[-0.07636964  0.01112232 -0.01914141]
[-0.07433624  0.01188416 -0.01879262]
[-0.07300265  0.01311766 -0.01844905]
[-0.07297819  0.01460799 -0.01789431]
[-0.07373653  0.01625397 -0.01785961]
[-0.07468739  0.01763203 -0.01877949]
[-0.07675246  0.01905433 -0.01958291]
[-0.07675246  0.01905433 -0.01958291]
[-0.07782262  0.01939727 -0.01874351]
[-0.07929677  0.02024584 -0.01820539]

程序已被终止，正在关闭套接字...
套接字已关闭。
