face_1,face_2,face_3,face_4,face_5,face_6,face_7,face_8,face_9,face_10,face_11,face_12,face_13,face_14,face_15,face_16,face_17,face_18,face_19,face_20,face_21,face_22,face_23,face_24,face_25,face_26,face_27,face_28,face_29,neck_1,neck_2,neck_3
0.4642857142857143,0.5,0.3333333333333333,0.42424242424242425,0.6153846153846154,0.5869565217391305,0.0,0.0,0.48342710231959707,0.48344233255997215,0.46318402869295666,0.5309930911660827,0.1311607871736799,0.1311607871736799,0.9218358248472214,0.0,0.0,0.0,0.37596694529056546,0.4715598542243242,0.47295147739350796,0.5630113482475281,0.5630113482475281,0.038222912698984146,0.5391006838707697,0.0361284464597702,0.7856499377724736,0.09388146549463272,0.0,-0.13634509,0.0655181,-0.07439275
0.4642857142857143,0.5,0.3333333333333333,0.42424242424242425,0.6153846153846154,0.5869565217391305,0.0,0.0,0.4824967142728729,0.482511916021544,0.4694872512188286,0.5246747566404073,0.1243284291454724,0.1243284291454724,0.9229303933680058,0.0,0.0,0.0,0.3491330847144127,0.4710459429770708,0.47363358922302723,0.5166406631469727,0.5166406631469727,0.04423539340496063,0.5444471850281669,0.041478436440229416,0.782728505775679,0.09953589737415314,0.0,-0.13390426,0.06268364,-0.06669786
0.4642857142857143,0.5,0.3333333333333333,0.42424242424242425,0.6153846153846154,0.5869565217391305,0.0,0.0,0.4811951562505835,0.4812103138371134,0.4695885905116284,0.5245522651065554,0.12360040630613055,0.12360040630613055,0.9228860586881638,0.0,0.0,0.0,0.36531445682048796,0.4705126639455557,0.47322799265384674,0.540199875831604,0.540199875831604,0.04481242969632149,0.5433387278564392,0.04216179624199867,0.782620774278807,0.1021958738565445,0.0,-0.12747703,0.0629632,-0.05654213
0.4642857142857143,0.5,0.3333333333333333,0.42424242424242425,0.6153846153846154,0.5869565217391305,0.46236884593963623,0.46196699142456055,0.33146284096099676,0.3314722318266363,0.4609375717990941,0.5350680900640693,0.1252487993666104,0.1252487993666104,0.9232435934245586,0.0,0.0,0.0,0.35641930997371674,0.4616166688501835,0.46400875598192215,0.5103183388710022,0.5103183388710022,0.04622478410601616,0.49510660199891954,0.045003678649663925,0.7583798134569512,0.1073044165968895,0.02001380082219839,-0.1253472,0.06767318,-0.05081924
0.4642857142857143,0.5,0.3333333333333333,0.42424242424242425,0.6153846153846154,0.5869565217391305,0.0,0.0,0.44036929671212777,0.44038305250682064,0.4791657975937167,0.5148077689844103,0.12256107160023282,0.12256107160023282,0.9208921566605568,0.0,0.0,0.0,0.37562172710895536,0.46115992963314056,0.4637635312974453,0.5498983263969421,0.5498983263969421,0.047609638422727585,0.5302506122324202,0.048416148871183395,0.7750578610183194,0.09772767871618271,0.0,-0.10892835,0.08323159,-0.03169396
0.6122349621284575,0.6380859646532271,0.3333333333333333,0.42424242424242425,0.3392126860781613,0.31078459243267637,0.0,0.0,0.444329523903462,0.44434437377958863,0.4978543718632161,0.49621845357909894,0.1190118119120598,0.1190118119120598,0.9216340072453022,0.0,0.0,0.0,0.39662948846817014,0.46449314057826996,0.46691562607884407,0.5826775431632996,0.5826775431632996,0.04703406244516373,0.5401996799877711,0.046237628906965256,0.7825219908425974,0.11948369443416595,0.0,-0.11959055,0.09227977,-0.01172889
0.6445130237511226,0.6682121555010477,0.3333333333333333,0.42424242424242425,0.2789603043825199,0.25053221073703497,0.0,0.0,0.4422121344287354,0.4422269273214541,0.5154692002965661,0.47872403447025774,0.11825584939547948,0.11825584939547948,0.9208289049565792,0.0,0.0,0.0,0.41997821629047394,0.46719787269830704,0.4693104848265648,0.6214343309402466,0.6214343309402466,0.0472404919564724,0.5591005375460972,0.04504450038075447,0.7893418546679408,0.12374671548604965,0.0,-0.11478348,0.09624503,0.0201972
0.6683957445479575,0.690502694911427,0.3333333333333333,0.42424242424242425,0.2343792255617615,0.20595113191627656,0.0,0.0,0.43920072656744524,0.43921542258837026,0.5269663237021028,0.46730716364738767,0.11663296925170082,0.11663296925170082,0.920848410576582,0.0,0.0,0.0,0.4294536292552948,0.468143243342638,0.4702279753983021,0.6358576416969299,0.6358576416969299,0.04720734804868698,0.5691445469856262,0.044203538447618484,0.7915423793155094,0.14118285477161407,0.0,-0.1161303,0.10365448,0.04464511
0.9132284486577624,0.919013218747245,0.3333333333333333,0.42424242424242425,-0.2226418221098745,-0.2510699157553594,0.0,0.0,0.39237657696521533,0.39238946661210655,0.5346074625137431,0.46099860462535586,0.09684928825923375,0.09684928825923375,0.9370255060493946,0.0,0.0,0.0,0.45571687221527096,0.48110876977443695,0.4817366264760494,0.6664384007453918,0.6664384007453918,0.04913729056715965,0.6031746031746031,0.043156757950782776,0.8,0.19728855788707733,0.0,-0.1189592,0.09659668,0.04215193
0.9261209865411122,0.9310462541050382,0.3333333333333333,0.42424242424242425,-0.2467078928254608,-0.2751359864709457,0.0,0.0,0.37537285337940457,0.3753851390021709,0.5267905783242979,0.46895600704977614,0.09374968175377166,0.09374968175377166,0.9413596019148827,0.0,0.0,0.0,0.4614076733589172,0.48319158516824245,0.4838169291615486,0.6757729053497314,0.6757729053497314,0.05072418600320816,0.6031746031746031,0.04356839880347252,0.8,0.2002643644809723,0.0,-0.10387561,0.07474981,0.02551639
0.916574185093244,0.9221359060870277,0.3333333333333333,0.42424242424242425,-0.22888719678943992,-0.25731529043492485,0.0,0.0,0.3871488279411943,0.3871614554644087,0.5147108522815412,0.4810116105913382,0.09285718734775271,0.09285718734775271,0.9428408201783895,0.0,0.0,0.0,0.46213636994361873,0.4830770790576935,0.48372467793524265,0.6788839101791382,0.6788839101791382,0.05177946761250496,0.5709785014863997,0.043988846242427826,0.7925017308010611,0.19896765053272247,0.0,-0.10053309,0.06225826,0.01053948
0.8478843555563972,0.858025398519304,0.3333333333333333,0.42424242424242425,-0.10066618165399266,-0.1290942752994776,0.2216743677854538,0.21899741888046265,0.3534118924040639,0.35342335746575493,0.4913648347838659,0.5049940294740255,0.11860687817846026,0.11860687817846026,0.9387645404785872,0.0,0.0,0.0,0.3988903045654297,0.46243172511458397,0.46656810492277145,0.5728862881660461,0.5728862881660461,0.061632949858903885,0.522106796503067,0.06421452760696411,0.7716341437988503,0.16290317475795746,0.07970351725816727,-0.08959469,0.05145417,-0.00269325
0.8102303452434994,0.8228816555605994,0.3333333333333333,0.42424242424242425,-0.030378695736583472,-0.0588067893820684,0.0,0.0,0.40690216051688843,0.4069155687127925,0.4818682186234294,0.5132147807185503,0.1152123830148152,0.1152123830148152,0.9343177042901516,0.0,0.0,0.0,0.43802045583724974,0.463070809841156,0.46689143404364586,0.6419324278831482,0.6419324278831482,0.05839453265070915,0.5441855750386677,0.05652248114347458,0.7818271392999694,0.16287530958652496,0.0,-0.08585236,0.019289,-0.02494711
0.7872289128246761,0.8014136519696977,0.3333333333333333,0.42424242424242425,0.012557311445219987,-0.015870782200264943,0.0,0.0,0.40877595162072555,0.40878943389506,0.4798483975644777,0.5152081002190232,0.11484928429126741,0.11484928429126741,0.9334280006587505,0.0,0.0,0.0,0.43858599364757533,0.4632495492696762,0.4670349434018135,0.6427474021911621,0.6427474021911621,0.057963497936725616,0.5442295689431448,0.05588577687740326,0.7819087079964405,0.1635226011276245,0.0,-0.13200268,-0.01275066,-0.05856478
0.5905287909720626,0.617826871573925,0.3333333333333333,0.42424242424242425,0.3797308722367654,0.35130277859128045,0.0,0.0,0.4272896956303379,0.4273012860555266,0.46065649544075843,0.5340051571857355,0.11374603956937791,0.11374603956937791,0.9265215694904327,0.0,0.0,0.0,0.4116507142782211,0.46453434601426125,0.4681394435465336,0.6016075015068054,0.6016075015068054,0.05374898388981819,0.539319636329772,0.05177619680762291,0.7817397084693576,0.1398719996213913,0.0,-0.13921866,-0.01098443,-0.05562003
0.4642857142857143,0.5,0.3333333333333333,0.42424242424242425,0.6153846153846154,0.5869565217391305,0.0,0.0,0.4354589965557733,0.4354708775963428,0.45516599022407606,0.5394495542778289,0.12301539203950337,0.12301539203950337,0.9193110466003418,0.0,0.0,0.0,0.44461610913276667,0.4611024335026741,0.4659338891506195,0.6524569392204285,0.6524569392204285,0.05301280692219734,0.5491190301993536,0.050903987139463425,0.7862004265189171,0.14233504235744476,0.0,-0.16053258,-0.01810791,-0.05759997
0.4642857142857143,0.5,0.3333333333333333,0.42424242424242425,0.6153846153846154,0.5869565217391305,0.0,0.0,0.4380263099251012,0.4380382593457603,0.4509127714437919,0.5437403878057385,0.13202511838504247,0.13202511838504247,0.9104194827377796,0.0,0.0,0.0,0.47110976874828336,0.45543989166617393,0.46296486631035805,0.6986433863639832,0.6986433863639832,0.05311395972967148,0.5561731098190186,0.05031526833772659,0.7910699003137821,0.15006254613399506,0.0,-0.15543244,-0.02507759,-0.05835532
0.4642857142857143,0.5,0.3333333333333333,0.42424242424242425,0.6153846153846154,0.5869565217391305,0.0,0.0,0.4573398360102856,0.45735240655009196,0.44840043566650917,0.546355382754009,0.17295790570122857,0.17295790570122857,0.9007777534425259,0.0,0.0,0.0,0.487527596950531,0.43919675052165985,0.44939422979950905,0.7224408388137817,0.7224408388137817,0.04940609261393547,0.6031746031746031,0.044478800147771835,0.8,0.15331882238388062,0.0,-0.13612001,-0.02106237,-0.05688314
0.4642857142857143,0.5,0.3333333333333333,0.42424242424242425,0.6153846153846154,0.5869565217391305,0.0,0.0,0.5111804573474377,0.5111944375142996,0.5083054122060936,0.48786354059876214,0.18796383270195555,0.18796383270195555,0.9017581902444363,0.0,0.0,0.0,0.4894307196140289,0.43681463599205017,0.44704629108309746,0.7264994978904724,0.7264994978904724,0.04789776727557182,0.6031746031746031,0.04213990643620491,0.8,0.16077497601509094,0.0,-0.10733879,-0.01890648,-0.05860705
0.4642857142857143,0.5,0.3333333333333333,0.42424242424242425,0.6153846153846154,0.5869565217391305,0.0,0.0,0.5396446048871509,0.5396591584495559,0.5653319445440463,0.43271718649239155,0.21129253719534194,0.21129253719534194,0.9047923795878887,0.0,0.0,0.0,0.4851368963718414,0.4392697401344776,0.448089424520731,0.7231632471084595,0.7231632471084595,0.04604281857609749,0.6031746031746031,0.03968613222241402,0.8,0.17719608545303345,0.0,-0.08064123,0.00996377,-0.06089977
0.4642857142857143,0.5,0.3333333333333333,0.42424242424242425,0.6153846153846154,0.5869565217391305,0.0,0.0,0.5373106841603383,0.5373251522476313,0.5659222299692508,0.43214717006541525,0.21142209214823587,0.21142209214823587,0.9057514257729053,0.0,0.0,0.0,0.485792201757431,0.4396166130900383,0.44847608357667923,0.7251214385032654,0.7251214385032654,0.04536747559905052,0.6031746031746031,0.03827836364507675,0.8,0.18358349800109863,0.0,-0.07572527,0.01555318,-0.0611706
0.4642857142857143,0.5,0.3333333333333333,0.42424242424242425,0.6153846153846154,0.5869565217391305,0.0,0.0,0.5540006684983437,0.5540153474242464,0.6045182717689821,0.3955270906200778,0.21238393017223905,0.21238393017223905,0.9076317325234413,0.0,0.0,0.0,0.4856723099946975,0.4405582435429096,0.4486527405679226,0.7248166799545288,0.7248166799545288,0.043705251067876816,0.6031746031746031,0.036620624363422394,0.8,0.18923816084861755,0.0,-0.07674642,0.01781826,-0.05621706
0.4642857142857143,0.5,0.3333333333333333,0.42424242424242425,0.6153846153846154,0.5869565217391305,0.0,0.0,0.5633273708204922,0.5633420896347805,0.624909054936688,0.3764397687204887,0.2105169211115156,0.2105169211115156,0.9085814841091633,0.0,0.0,0.0,0.4863562375307083,0.44115058705210686,0.4487869329750538,0.7259858250617981,0.7259858250617981,0.042655449360609055,0.6031746031746031,0.03554025664925575,0.8,0.19112172722816467,0.0,-0.06478606,0.0297062,-0.03252596
0.4642857142857143,0.5,0.3333333333333333,0.42424242424242425,0.6153846153846154,0.5869565217391305,0.0,0.0,0.5581714607789457,0.5581860485313955,0.6204256459814185,0.3807622223415014,0.19213439098426274,0.19213439098426274,0.9093828573822975,0.0,0.0,0.0,0.48959200084209437,0.4418704956769943,0.4491470828652382,0.7301858067512512,0.7301858067512512,0.042507775127887726,0.6031746031746031,0.035157714039087296,0.8,0.1940019130706787,0.0,-0.070182,0.03944605,-0.02724162
0.4642857142857143,0.5,0.3333333333333333,0.42424242424242425,0.6153846153846154,0.5869565217391305,0.0,0.0,0.4596087586127549,0.459622067087695,0.47116209899946104,0.5238492778969945,0.17792647438389916,0.17792647438389916,0.9096927270293236,0.0,0.0,0.0,0.49519785344600675,0.43850795552134514,0.44754718616604805,0.7341158390045166,0.7341158390045166,0.0429004430770874,0.6031746031746031,0.03579505532979965,0.8,0.1932886689901352,0.0,-0.06764949,0.04410661,-0.0238026
0.4642857142857143,0.5,0.3333333333333333,0.42424242424242425,0.6153846153846154,0.5869565217391305,0.0,0.0,0.45831988224791753,0.45833318502451675,0.46535177440533904,0.5294812700665881,0.17114809581211637,0.17114809581211637,0.9100388363003731,0.0,0.0,0.0,0.4973803758621215,0.434787817299366,0.4453689940273762,0.7355882525444031,0.7355882525444031,0.04330217465758324,0.6031746031746031,0.03662106767296791,0.8,0.19317826628684998,0.0,-0.07659087,0.04787208,-0.02372358
0.4642857142857143,0.5,0.3333333333333333,0.42424242424242425,0.6153846153846154,0.5869565217391305,0.0,0.0,0.45417608015851807,0.45418928036498296,0.4650347158740173,0.5296734409117512,0.1601001194545201,0.1601001194545201,0.9118224568665028,0.0,0.0,0.0,0.5004343301057815,0.4321201294660568,0.44227511435747147,0.7391472458839417,0.7391472458839417,0.04389118403196335,0.5928576872462318,0.03808305040001869,0.8,0.19077304005622864,0.0,-0.15464756,0.0504322,-0.02055021
0.4642857142857143,0.5,0.3333333333333333,0.42424242424242425,0.6153846153846154,0.5869565217391305,0.0,0.0,0.45364325680194806,0.4536564598575833,0.4673573396401925,0.5272640713035668,0.14880569917815073,0.14880569917815073,0.913515280932188,0.0,0.0,0.0,0.5010689198970795,0.4319245144724846,0.4411624185740948,0.7386744618415833,0.7386744618415833,0.043941181153059006,0.5649420174341353,0.03870001807808876,0.7887606249125891,0.1874624639749527,0.0,-0.14178735,0.0557532,-0.02827409
0.4642857142857143,0.5,0.3333333333333333,0.42424242424242425,0.6153846153846154,0.5869565217391305,0.0,0.0,0.453984470599924,0.4539976850522408,0.4722076989496643,0.5224702024956228,0.1459345327956336,0.1459345327956336,0.9147321581840515,0.0,0.0,0.0,0.4975717186927795,0.4318416938185692,0.4399859383702278,0.7298879027366638,0.7298879027366638,0.04444378241896629,0.5617310892021845,0.03993631899356842,0.7880912097387536,0.18697768449783325,0.0,-0.13506761,0.0459131,-0.03586568
0.4642857142857143,0.5,0.3333333333333333,0.42424242424242425,0.6153846153846154,0.5869565217391305,0.2024150788784027,0.20171381533145905,0.3978849578769895,0.39789628617850137,0.4796554759629142,0.5154697395368876,0.1399311370083264,0.1399311370083264,0.9088262692093849,0.0,0.0,0.0,0.4656340301036834,0.4186916947364807,0.4237861931324005,0.6702287793159485,0.6702287793159485,0.04563514515757561,0.49798775334206835,0.04295403137803078,0.7573885721869247,0.1581462323665619,0.0,-0.13304361,0.02420066,-0.06753013
0.4642857142857143,0.5,0.3333333333333333,0.42424242424242425,0.6153846153846154,0.5869565217391305,0.3263919949531555,0.3257678747177124,0.3460378633174568,0.3460473681499124,0.48463991865601186,0.5111318348647937,0.13663339827741897,0.13663339827741897,0.8980056345462799,0.0,0.0,0.0,0.45199194550514216,0.4093104749917984,0.41314899921417236,0.6489697098731995,0.6489697098731995,0.04840090125799179,0.4806396394968033,0.04767025262117386,0.7440974669487671,0.13994699716567993,0.0,-0.12511628,0.00155365,-0.07844115
0.4642857142857143,0.5,0.3333333333333333,0.42424242424242425,0.6153846153846154,0.5869565217391305,0.29997554421424866,0.2992534339427948,0.35303810404090075,0.35304785960035157,0.4891033584882379,0.5065526282531531,0.13139653418745315,0.13139653418745315,0.8940380029380322,0.0,0.0,0.0,0.44914554357528685,0.4098887965083122,0.41522765159606934,0.6468814611434937,0.6468814611434937,0.05046418309211731,0.47981432676315305,0.05035654827952385,0.7469485392577426,0.1252823770046234,0.0,-0.11774619,-0.06077094,-0.10693674
0.4642857142857143,0.5,0.3333333333333333,0.42424242424242425,0.6153846153846154,0.5869565217391305,0.29098090529441833,0.29045820236206055,0.35705569642907575,0.35706560014538735,0.4912890525495573,0.5042515812544198,0.12828587421349116,0.12828587421349116,0.8915885575115681,0.0,0.0,0.0,0.44466521739959713,0.40805619955062866,0.4124004915356636,0.6397884488105774,0.6397884488105774,0.050773054361343384,0.47969077825546264,0.05093734338879585,0.7478779550035333,0.12144260108470917,0.0,-0.11932989,-0.08920169,-0.11409532
0.4642857142857143,0.5,0.3333333333333333,0.42424242424242425,0.6153846153846154,0.5869565217391305,0.2835664749145508,0.28290992975234985,0.3612949086876718,0.3613049491641626,0.4908960821466738,0.5046173520520764,0.12591751026255746,0.12591751026255746,0.8899801298975945,0.0,0.0,0.0,0.44570176899433134,0.4086366519331932,0.4128089025616646,0.6416235566139221,0.6416235566139221,0.05136941000819206,0.47945223599672315,0.051689233630895615,0.7374396114501842,0.12056708335876465,0.0,-0.11535307,-0.0938018,-0.1026741
0.4642857142857143,0.5,0.3333333333333333,0.42424242424242425,0.6153846153846154,0.5869565217391305,0.28411373496055603,0.2834877371788025,0.36704684808194976,0.36706100276049874,0.4931029797341126,0.5023553614811911,0.12768551175083434,0.12768551175083434,0.8884009420871735,0.0,0.0,0.0,0.44066694080829616,0.4136311337351799,0.41531308740377426,0.6323125958442688,0.6323125958442688,0.05322480946779251,0.478710076212883,0.05383753031492233,0.7390949182039084,0.12367812544107437,0.0,-0.12762655,-0.06854258,-0.06685413
0.4642857142857143,0.5,0.3333333333333333,0.42424242424242425,0.6153846153846154,0.5869565217391305,0.9891344904899597,0.9891397953033447,0.43906373845459623,0.43907968241215667,0.4848224835231701,0.5129818952283662,0.21135682506220682,0.21135682506220682,0.8795378990471363,0.0,0.0,0.0,0.36087045073509216,0.4139469191431999,0.4168287068605423,0.5104873180389404,0.5104873180389404,0.0,0.5,0.0,0.6976744186046512,0.1258218139410019,0.0,-0.11211091,-0.01443125,-0.03712964
0.4642857142857143,0.5,0.3333333333333333,0.42424242424242425,0.6153846153846154,0.5869565217391305,0.98992919921875,0.9899187684059143,0.4249384348524688,0.42495407679796676,0.48444867236664374,0.5127208228954115,0.22028597337859018,0.22028597337859018,0.8729540929198265,0.0,0.0,0.0,0.34907650798559187,0.4088127985596657,0.4116053134202957,0.4945378005504608,0.4945378005504608,0.0,0.5,0.0,0.6976744186046512,0.11579854786396027,0.0,-0.08247824,0.03719138,-0.00513384
0.4642857142857143,0.5,0.3333333333333333,0.42424242424242425,0.6153846153846154,0.5869565217391305,0.1847725659608841,0.18410415947437286,0.4266625875268794,0.42667900444672624,0.5005788976917788,0.4941100788795191,0.15194236700023925,0.15194236700023925,0.8995523639023304,0.0,0.0,0.0,0.40217071175575253,0.4339526742696762,0.434070348739624,0.5774849653244019,0.5774849653244019,0.0,0.5,0.0,0.6976744186046512,0.11732466518878937,0.0,-0.07105275,0.05221366,0.01258898
0.4642857142857143,0.5,0.3333333333333333,0.42424242424242425,0.6153846153846154,0.5869565217391305,0.11359045654535294,0.11297719180583954,0.44869346714384467,0.4487107103231076,0.5007984654027007,0.49357880547164684,0.13537977422986713,0.13537977422986713,0.9037629440426826,0.0,0.0,0.0,0.4146590024232864,0.4363218992948532,0.4365714117884636,0.5973129868507385,0.5973129868507385,0.06123102456331253,0.475507590174675,0.0,0.6976744186046512,0.12278962135314941,0.0,-0.07401715,0.06529419,0.03352992
0.4642857142857143,0.5,0.3333333333333333,0.42424242424242425,0.6153846153846154,0.5869565217391305,0.1952812820672989,0.1945495456457138,0.4348927923187927,0.43490945996563474,0.4932947787625384,0.5014547045275946,0.13223610818386078,0.13223610818386078,0.9066826701164246,0.0,0.0,0.0,0.4144378066062927,0.436694897711277,0.43704696744680405,0.5957448482513428,0.5957448482513428,0.05911661684513092,0.4763533532619476,0.0,0.6976744186046512,0.12568122148513794,0.0,-0.07224272,0.0732784,0.05212848
0.4642857142857143,0.5,0.3333333333333333,0.42424242424242425,0.6153846153846154,0.5869565217391305,0.9665437340736389,0.96642005443573,0.39525190274984384,0.3952667754193337,0.46228637476496215,0.5341908119781928,0.16700740371431624,0.16700740371431624,0.9059440866112709,0.0,0.0,0.0,0.3499523103237152,0.43358293175697327,0.4346553161740303,0.4963957667350769,0.4963957667350769,0.0,0.5,0.0,0.6976744186046512,0.12470788508653641,0.0,-0.06598357,0.07594907,0.05984771
0.4642857142857143,0.5,0.3333333333333333,0.42424242424242425,0.6153846153846154,0.5869565217391305,0.09374212473630905,0.09276279807090759,0.45560738940083956,0.45562477503862253,0.4451024525480106,0.5495341131331082,0.1378845317023141,0.1378845317023141,0.9164255186915398,0.0,0.0,0.0,0.41087916791439055,0.43633150309324265,0.4390578642487526,0.5951923727989197,0.5951923727989197,0.05793243274092674,0.4768270269036293,0.059250608086586,0.7416041762849619,0.12387589365243912,0.0,-0.06994157,0.07259778,0.0550653
0.4642857142857143,0.5,0.3333333333333333,0.42424242424242425,0.6153846153846154,0.5869565217391305,0.013104310259222984,0.013092237524688244,0.464615970451107,0.464633683743486,0.431187394928066,0.5634539666191292,0.13040784746408463,0.13040784746408463,0.9193138256669044,0.0,0.0,0.0,0.4249011427164078,0.4384842552244663,0.4429028667509556,0.6212557554244995,0.6212557554244995,0.054431747645139694,0.4782273009419441,0.05587548762559891,0.7408397956642994,0.14013820886611938,0.0,-0.09229951,0.05560927,0.03224948
0.4642857142857143,0.5,0.3333333333333333,0.42424242424242425,0.6153846153846154,0.5869565217391305,0.0,0.0,0.4638966460984706,0.4639143081057824,0.4199952837613983,0.5748154232145901,0.1273091243846076,0.1273091243846076,0.9205314330756664,0.0,0.0,0.0,0.43301454186439514,0.43884986639022827,0.4439876228570938,0.6334314942359924,0.6334314942359924,0.052282873541116714,0.4790868505835533,0.053865209221839905,0.7459509177783201,0.1461430788040161,0.0,-0.09630371,0.04362012,0.01837438
0.4642857142857143,0.5,0.3333333333333333,0.42424242424242425,0.6153846153846154,0.5869565217391305,0.0,0.0,0.46306179643361106,0.4630778942463731,0.4116610215681233,0.5832774536052985,0.1256236806511879,0.1256236806511879,0.9210958816111088,0.0,0.0,0.0,0.4325502246618271,0.4391758516430855,0.4451177902519703,0.6331138610839844,0.6331138610839844,0.05111800879240036,0.47955279648303983,0.052832406014204025,0.7423199479316557,0.15269023180007935,0.0,-0.09574516,0.02772183,0.00931205
0.4642857142857143,0.5,0.3333333333333333,0.42424242424242425,0.6153846153846154,0.5869565217391305,0.0,0.0,0.4637779923971479,0.4637941243999547,0.4036165314012458,0.5914003586399346,0.12379955500364305,0.12379955500364305,0.9211341328918934,0.0,0.0,0.0,0.43285739123821254,0.43934665620326996,0.44607560336589813,0.6344143748283386,0.6344143748283386,0.0,0.5,0.0,0.6976744186046512,0.16590656340122223,0.0,-0.08900964,0.01294569,0.00084079
0.4642857142857143,0.5,0.3333333333333333,0.42424242424242425,0.6153846153846154,0.5869565217391305,0.0,0.0,0.4630075482291883,0.46302364889112074,0.3986438401114644,0.596430474959135,0.12273843267134259,0.12273843267134259,0.921064268797636,0.0,0.0,0.0,0.43068354725837704,0.43904831632971764,0.44610124826431274,0.630989134311676,0.630989134311676,0.0,0.5,0.0,0.6976744186046512,0.1656752973794937,0.0,-0.08333635,-0.01070133,-0.0109339
0.4642857142857143,0.5,0.3333333333333333,0.42424242424242425,0.6153846153846154,0.5869565217391305,0.0,0.0,0.4624895149161665,0.4625055927847357,0.39666560411909113,0.5984522576719074,0.12145716164793288,0.12145716164793288,0.9213422387838364,0.0,0.0,0.0,0.42184357941150663,0.4396245926618576,0.44691047817468643,0.6194326877593994,0.6194326877593994,0.0,0.5,0.0,0.6976744186046512,0.16572289168834686,0.0,-0.08190964,-0.03463369,-0.03340739
0.4642857142857143,0.5,0.3333333333333333,0.42424242424242425,0.6153846153846154,0.5869565217391305,0.0,0.0,0.5460431093695515,0.5460608483044641,0.5503566365396999,0.4483424814385114,0.16139829265219827,0.16139829265219827,0.9256852008402348,0.0,0.0,0.0,0.38691362440586086,0.4475197605788708,0.45409905910491943,0.5794159173965454,0.5794159173965454,0.04901030659675598,0.5134906849217793,0.050523072481155396,0.7647082434837208,0.167527973651886,0.0,-0.08494878,-0.04750272,-0.04060946
0.4642857142857143,0.5,0.3333333333333333,0.42424242424242425,0.6153846153846154,0.5869565217391305,0.0,0.0,0.5525662707553083,0.5525840837686513,0.557569260123127,0.4415994980088561,0.16300301466669356,0.16300301466669356,0.9259239435195923,0.0,0.0,0.0,0.3930402874946594,0.44792938232421875,0.45451151579618454,0.5893223881721497,0.5893223881721497,0.04884733632206917,0.5222248704660506,0.05000218003988266,0.7680107198309067,0.16824164986610413,0.0,-0.09762763,-0.06338645,-0.06135597
0.4642857142857143,0.5,0.3333333333333333,0.42424242424242425,0.6153846153846154,0.5869565217391305,0.0,0.0,0.5682911157152165,0.5683090369970347,0.6294350077043755,0.37245879387029907,0.162032778773989,0.162032778773989,0.9251348786056042,0.0,0.0,0.0,0.4307060360908508,0.45002544298768044,0.45665550604462624,0.645796000957489,0.645796000957489,0.04799041897058487,0.5534622456346239,0.04600423201918602,0.783370339073414,0.18026110529899597,0.0,-0.10064189,-0.0675218,-0.06393123
0.4642857142857143,0.5,0.3333333333333333,0.42424242424242425,0.6153846153846154,0.5869565217391305,0.0,0.0,0.5630481749146208,0.5630659138495334,0.6496223487088146,0.3529606671857054,0.16100120331559864,0.16100120331559864,0.9242762923240662,0.0,0.0,0.0,0.44336399435997004,0.44933604821562767,0.4558143764734268,0.664590060710907,0.664590060710907,0.04693791642785072,0.5703126797600397,0.04326648265123367,0.7905668379782245,0.18147221207618713,0.0,-0.10090805,-0.07228719,-0.06643075
0.4642857142857143,0.5,0.3333333333333333,0.42424242424242425,0.6153846153846154,0.5869565217391305,0.0,0.0,0.5613338119897058,0.5613515281312552,0.6599840862573219,0.34289673632412476,0.15794925923858372,0.15794925923858372,0.9238684475421906,0.0,0.0,0.0,0.45702391564846034,0.4495452642440796,0.455530371516943,0.6820224523544312,0.6820224523544312,0.04648479074239731,0.5741993756521315,0.041980285197496414,0.7931735392573268,0.17949633300304413,0.0,-0.09734713,-0.0697156,-0.06284342
0.4642857142857143,0.5,0.3333333333333333,0.42424242424242425,0.6153846153846154,0.5869565217391305,0.9447402358055115,0.9446882009506226,0.3600924903986331,0.36010398965036894,0.48253913414637856,0.5143876759039006,0.16319590487650465,0.16319590487650465,0.9186085425317287,0.0,0.0,0.0,0.4192794770002365,0.42324499040842056,0.4264353737235069,0.595924973487854,0.595924973487854,0.052659355103969574,0.47893625795841216,0.05324704200029373,0.7378816056650046,0.13853314518928528,0.0,-0.09346878,-0.06201135,-0.05329007
0.4642857142857143,0.5,0.3333333333333333,0.42424242424242425,0.6153846153846154,0.5869565217391305,0.20123012363910675,0.20062978565692902,0.40978269458500877,0.4097961825576841,0.5082849822297378,0.48696314007050173,0.13661093477691924,0.13661093477691924,0.9158513434231281,0.0,0.0,0.0,0.4363702595233917,0.43022358417510986,0.4322863519191742,0.6266964673995972,0.6266964673995972,0.05422937870025635,0.47830824851989745,0.05542786419391632,0.7483773007122583,0.13518360257148743,0.0,-0.091974,-0.05519374,-0.05139747
0.4642857142857143,0.5,0.3333333333333333,0.42424242424242425,0.6153846153846154,0.5869565217391305,0.07077881693840027,0.0703471228480339,0.4482769070346314,0.44829176830743966,0.5170683684130244,0.47780439634345406,0.12403889958347594,0.12403889958347594,0.9149790294468403,0.0,0.0,0.0,0.45529473721981045,0.4323888421058655,0.43446142971515656,0.657543420791626,0.657543420791626,0.05121029168367386,0.5037582280143859,0.052392564713954926,0.7607783948959306,0.13180255889892578,0.0,-0.086611,-0.03422667,-0.0444005
0.4642857142857143,0.5,0.3333333333333333,0.42424242424242425,0.6153846153846154,0.5869565217391305,0.01461694948375225,0.014564136043190956,0.45054496633846947,0.4505598845946857,0.518490818159986,0.47639299710389027,0.11901444622448513,0.11901444622448513,0.9143168143928051,0.0,0.0,0.0,0.4576952636241913,0.4333551377058029,0.4354024976491928,0.6620010137557983,0.6620010137557983,0.04902781546115875,0.5155985014779227,0.0500158853828907,0.7660947986986748,0.12886369228363037,0.0,-0.07788144,-0.01943364,-0.03662384
0.4642857142857143,0.5,0.3333333333333333,0.42424242424242425,0.6153846153846154,0.5869565217391305,0.0,0.0,0.45305158952909946,0.45306658756208695,0.5304362998409892,0.4646621021161749,0.11227817939860481,0.11227817939860481,0.9139175750315189,0.0,0.0,0.0,0.464052739739418,0.4370947405695915,0.43885722011327744,0.6725811958312988,0.6725811958312988,0.04638960584998131,0.5178451235332187,0.04713656008243561,0.7678574371303237,0.12053060531616211,0.009186450624838471,-0.07447158,-0.00242468,-0.02915063
0.4642857142857143,0.5,0.3333333333333333,0.42424242424242425,0.6153846153846154,0.5869565217391305,0.10111566632986069,0.10067100822925568,0.4380689278159497,0.43808343579162834,0.5414640309705789,0.45384899329450296,0.10979375136750086,0.10979375136750086,0.9124300666153431,0.0,0.0,0.0,0.4499244749546051,0.44333069771528244,0.4440019689500332,0.6478957533836365,0.6478957533836365,0.047225162386894226,0.5092621966013833,0.04818423092365265,0.7650229178888853,0.13110734522342682,0.0739829195663333,-0.07475003,0.00953996,-0.01695649
0.4642857142857143,0.5,0.3333333333333333,0.42424242424242425,0.6153846153846154,0.5869565217391305,0.941489577293396,0.9413653016090393,0.36361072578576054,0.363622350400994,0.5257206948947724,0.4712093304443036,0.12823548167943954,0.12823548167943954,0.9072745777666569,0.0,0.0,0.0,0.3958599656820297,0.4380248039960861,0.44012295827269554,0.5663980841636658,0.5663980841636658,0.053122956305742264,0.4787508174777031,0.056325577199459076,0.7365768162403689,0.11838597804307938,0.07371073123067617,-0.07777392,0.01948643,0.00030202
0.8034575900861195,0.8165604174137115,0.3333333333333333,0.42424242424242425,-0.017736219442807677,-0.04616431308829261,0.0,0.0,0.43286263304504335,0.4328768675003635,0.5424156738284897,0.45327631004403196,0.11021800871406283,0.11021800871406283,0.9234957732260227,0.0,0.0,0.0,0.4588710457086563,0.46965593472123146,0.4705372042953968,0.6728822588920593,0.6728822588920593,0.0545332208275795,0.559610973274897,0.05472485348582268,0.7878165397533151,0.15509478747844696,0.02531177131459117,-0.08937155,0.04007385,0.02694743
0.9095153453804198,0.9155476556883918,0.3333333333333333,0.42424242424242425,-0.2157106959921682,-0.24413878963765312,0.0,0.0,0.4193431314501206,0.41935692713319916,0.5384169030599795,0.4572800782574244,0.09504114410706929,0.09504114410706929,0.9429172910749912,0.0,0.0,0.0,0.43765833973884577,0.4841053206473589,0.4848022824153304,0.6433113217353821,0.6433113217353821,0.05118522047996521,0.6031746031746031,0.045721713453531265,0.8,0.2236729860305786,0.0,-0.08591847,0.05287438,0.04815524
0.9104779426540648,0.9164460798104603,0.3333333333333333,0.42424242424242425,-0.21750754423630536,-0.2459356378817903,0.0,0.0,0.4175258621886857,0.4175396008883562,0.5351105889672303,0.46051449068595024,0.09307125849383219,0.09307125849383219,0.9445448517799377,0.0,0.0,0.0,0.4439969360828399,0.4848989173769951,0.4855713611468673,0.6503528356552124,0.6503528356552124,0.0508500337600708,0.6031746031746031,0.04506572708487511,0.8,0.22832682728767395,0.0,-0.08264311,0.06509954,0.04712333
0.912086505265463,0.917947404914432,0.3333333333333333,0.42424242424242425,-0.2205101944442488,-0.24893828808973373,0.0,0.0,0.4143410652135116,0.4143581374425505,0.5191740791382798,0.4760710408486504,0.08659948195729937,0.08659948195729937,0.9500253386795521,0.0,0.0,0.0,0.4544329226016998,0.4877203684300184,0.4882925357669592,0.666346549987793,0.666346549987793,0.05025952309370041,0.6031746031746031,0.043397463858127594,0.8,0.23150359094142914,0.0,-0.08211672,0.06560333,0.04570024
0.9121756638799394,0.9180306196212769,0.3333333333333333,0.42424242424242425,-0.2206766238579383,-0.24910471750342322,0.0,0.0,0.4152216697058304,0.4152387476332101,0.5147866430633611,0.48044148589588664,0.08588372596672604,0.08588372596672604,0.9506953060626984,0.0,0.0,0.0,0.4545058339834213,0.48817554861307144,0.48872613068670034,0.6667990684509277,0.6667990684509277,0.050470612943172455,0.6031746031746031,0.043388523161411285,0.8,0.23215186595916748,0.0,-0.08498559,0.06339892,0.04484135
0.9105325802451089,0.9164970748954349,0.3333333333333333,0.42424242424242425,-0.2176095344062544,-0.24603762805173934,0.0,0.0,0.4162243611498043,0.416241496060592,0.5056065490779184,0.4894791227858969,0.08609938568302564,0.08609938568302564,0.9511192720383406,0.0,0.0,0.0,0.45186420977115627,0.48861591424793005,0.48916400596499443,0.6645527482032776,0.6645527482032776,0.051104847341775894,0.6031746031746031,0.04366366192698479,0.8,0.2298203855752945,0.0,-0.08464405,0.05640424,0.04187788
0.9061219961870284,0.9123805297745599,0.3333333333333333,0.42424242424242425,-0.2093764441645043,-0.23780453780998922,0.0,0.0,0.41393664826854465,0.41395370910090196,0.4939005188002869,0.5011108552469984,0.08605182703052248,0.08605182703052248,0.9510881155729294,0.0,0.0,0.0,0.4439531475305557,0.48855951614677906,0.48917609825730324,0.6554494500160217,0.6554494500160217,0.051392875611782074,0.5985676939525302,0.04383927956223488,0.8,0.22762013971805573,0.0,-0.08494907,0.041809,0.0206371
0.8999976544153123,0.9066644774542915,0.3333333333333333,0.42424242424242425,-0.1979443395239675,-0.22637243316945244,0.0,0.0,0.41379495902453506,0.4138120255552332,0.4848813459590562,0.5100980247817071,0.08658498259527343,0.08658498259527343,0.9502155482769012,0.0,0.0,0.0,0.4370825797319412,0.4881306393072009,0.4888179171830416,0.6455238461494446,0.6455238461494446,0.051173046231269836,0.5870428520535665,0.04372769221663475,0.8,0.22011438012123108,0.0,-0.08662573,0.03302598,0.01168101
0.8922773450613022,0.8994588553905487,0.3333333333333333,0.42424242424242425,-0.183533095396482,-0.21196118904196692,0.0,0.0,0.4244754503607522,0.42449281320517196,0.4729456483292078,0.52207307372854,0.08847728371620178,0.08847728371620178,0.9480742309242487,0.0,0.0,0.0,0.42673254311084746,0.4864667421206832,0.4873382896184921,0.6287022233009338,0.6287022233009338,0.05029354989528656,0.5652147796418932,0.04346388950943947,0.7908840520783913,0.20662111043930054,0.0,-0.08366076,0.02142859,0.00069013
0.8896771811303639,0.8970320357216729,0.3333333333333333,0.42424242424242425,-0.17867945605873037,-0.2071075497042153,0.0,0.0,0.42653152568846314,0.4265489341196093,0.46677030226924454,0.528314503446769,0.08998693632228034,0.08998693632228034,0.9470560550689697,0.0,0.0,0.0,0.4219168871641159,0.48564859572798014,0.48660448007285595,0.6214452385902405,0.6214452385902405,0.050152454525232315,0.5581545030313825,0.0437072291970253,0.78794127200232,0.20455390214920044,0.0,-0.08727628,0.00912813,-0.01365832
0.861064822900863,0.8703271680408053,0.3333333333333333,0.42424242424242425,-0.12526972069699538,-0.1536978143424803,0.11905607581138611,0.11636336892843246,0.3836290426053691,0.38364498656292945,0.4486476581821478,0.547354153739512,0.10668227715151651,0.10668227715151651,0.9438550118356943,0.0,0.0,0.0,0.3782891362905502,0.47658028081059456,0.47923877462744713,0.5462232232093811,0.5462232232093811,0.05323299020528793,0.5244269900851779,0.054101984947919846,0.7713560837992403,0.1875639408826828,0.0,-0.09078537,-0.00707388,-0.03539988
0.8650742109332765,0.8740692635377247,0.3333333333333333,0.42424242424242425,-0.13275391169083417,-0.1611820053363191,0.0,0.0,0.42771060357358215,0.4277280006080467,0.43499272412141465,0.5602665996922539,0.10427672415971756,0.10427672415971756,0.9441740810871124,0.0,0.0,0.0,0.38207635581493377,0.4770423863083124,0.47953501529991627,0.5588776469230652,0.5588776469230652,0.0518978014588356,0.5265000254388839,0.05243504419922829,0.7717767102253992,0.18643157184123993,0.0,-0.0916467,-0.01809368,-0.0442014
0.8750687035776319,0.8833974566724565,0.3333333333333333,0.42424242424242425,-0.1514102979602976,-0.17983839160578252,0.0,0.0,0.43047834468389334,0.4304958499868331,0.4260173586996746,0.569265752125374,0.10285466377224242,0.10285466377224242,0.9451526552438736,0.0,0.0,0.0,0.38884647488594054,0.4793362896889448,0.4814694784581661,0.571762204170227,0.571762204170227,0.05048539862036705,0.5366617658781627,0.049385104328393936,0.7762544065020806,0.19431966543197632,0.0,-0.10243151,-0.0317851,-0.05187422
0.8760184929484413,0.8842839267518785,0.3333333333333333,0.42424242424242425,-0.15318323811914158,-0.18161133176462652,0.0,0.0,0.43207707117893956,0.4320975339207549,0.42124173882814486,0.5740590510992379,0.10214055755308697,0.10214055755308697,0.9460282698273659,0.0,0.0,0.0,0.3882961869239807,0.48058090917766094,0.4825303256511688,0.5712005496025085,0.5712005496025085,0.05018507316708565,0.5359280610841418,0.04846092313528061,0.7763349897293157,0.19880858063697815,0.0,-0.10264898,-0.0370645,-0.0531249
0.8753909057094937,0.8836981786621941,0.3333333333333333,0.42424242424242425,-0.15201174193977285,-0.18043983558525778,0.0,0.0,0.43165113160076835,0.4316716057392653,0.4183792969920667,0.5769118086051253,0.10114103555679321,0.10114103555679321,0.9466535747051239,0.0,0.0,0.0,0.3817705452442169,0.4812159091234207,0.48308549635112286,0.5623902678489685,0.5623902678489685,0.04981798306107521,0.5341885752148098,0.04788614436984062,0.775767331293156,0.20130038261413574,0.0,-0.1000552,-0.03856291,-0.05387895
0.8747453483797255,0.8830956584877439,0.3333333333333333,0.42424242424242425,-0.15080670159087217,-0.1792347952363571,0.0,0.0,0.4294119571864491,0.4294323686431972,0.42146423054470844,0.5738278523179309,0.10140164622238705,0.10140164622238705,0.946591816842556,0.0,0.0,0.0,0.37773244380950927,0.4816247709095478,0.48342725820839405,0.5566628575325012,0.5566628575325012,0.049654312431812286,0.5326068524330381,0.047492437064647675,0.7750384163024814,0.2032654881477356,0.0,-0.09190509,-0.03207213,-0.04490507
0.873827454589662,0.882238957617018,0.3333333333333333,0.42424242424242425,-0.14909329984942044,-0.17752139349490537,0.0,0.0,0.42957947131096746,0.4295998827677156,0.42810914552918355,0.5671420574365514,0.10097354650497437,0.10097354650497437,0.9468033388257027,0.0,0.0,0.0,0.38409192264080044,0.48205767199397087,0.4837751891463995,0.5639761090278625,0.5639761090278625,0.05007033422589302,0.5314356684684753,0.04754576086997986,0.7745742490298526,0.20638158917427063,0.0,-0.09228429,-0.02950174,-0.04199061
0.8736226700601124,0.8820478253894382,0.3333333333333333,0.42424242424242425,-0.148711035394261,-0.17713912903974594,0.0,0.0,0.4300942594189033,0.4301146879706738,0.43020689852151084,0.5649669950545809,0.10092426091432571,0.10092426091432571,0.9468885287642479,0.0,0.0,0.0,0.39120191931724546,0.4824395477771759,0.4840706065297127,0.5729601383209229,0.5729601383209229,0.05044672265648842,0.5324952238135867,0.0476791076362133,0.7752230819747892,0.21060238778591156,0.0,-0.0875581,-0.02451559,-0.03547489
0.8717358105239414,0.880286756489012,0.3333333333333333,0.42424242424242425,-0.14518889759340847,-0.1736169912388934,0.0,0.0,0.4295553217426541,0.429575767389447,0.43604918510918406,0.5590216379469435,0.10134980082511902,0.10134980082511902,0.946770777925849,0.0,0.0,0.0,0.3923778682947159,0.4827598799020052,0.4842794965952635,0.5746252536773682,0.5746252536773682,0.05094641074538231,0.5337983303599887,0.04786891117691994,0.7758537316045095,0.21141280233860016,0.0,-0.08570942,-0.01633264,-0.02221845
0.866934088724,0.8758051494757334,0.3333333333333333,0.42424242424242425,-0.13622568356685139,-0.16465377721233632,0.0,0.0,0.4267908913683481,0.4268112857300738,0.44609930319266383,0.5488935256044856,0.10085822216102056,0.10085822216102056,0.946059824898839,0.0,0.0,0.0,0.40156766474246974,0.4827308803796768,0.4842614531517029,0.5906908512115479,0.5906908512115479,0.05159716308116913,0.5355112424918583,0.04797067493200302,0.7778425661976948,0.2100580334663391,0.0,-0.08236506,-0.00589432,-0.01080006
0.864480435138657,0.8735150727960799,0.3333333333333333,0.42424242424242425,-0.13164553020754421,-0.16007362385302915,0.0,0.0,0.42329283380599597,0.42331313699426887,0.45528228196313686,0.5396705487553471,0.09819857776165009,0.09819857776165009,0.945429602637887,0.0,0.0,0.0,0.4056472808122635,0.48188701644539833,0.4834801256656647,0.5973660945892334,0.5973660945892334,0.050406210124492645,0.5406214183285123,0.04640152305364609,0.7796961212054242,0.19829364120960236,0.0,-0.07422786,0.00173834,-0.0133326
0.8625870297352474,0.8717478944195641,0.3333333333333333,0.42424242424242425,-0.12811117345451284,-0.15653926709999777,0.0,0.0,0.42375656478035745,0.42377682808024475,0.46459978716323297,0.5303904175479777,0.09656780532428197,0.09656780532428197,0.9450878407806158,0.0,0.0,0.0,0.40830146372318266,0.48140035942196846,0.48294319957494736,0.6005852222442627,0.6005852222442627,0.04972783476114273,0.5391224206440033,0.04559537023305893,0.7795417460418025,0.19897431135177612,0.0,-0.07469989,0.00383953,-0.01585216
0.8590656547319322,0.8684612777498033,0.3333333333333333,0.42424242424242425,-0.1215379401149912,-0.14996603376047613,0.0,0.0,0.4270065165842468,0.42702687675592776,0.4897158361016906,0.5053521417016459,0.09320749236004694,0.09320749236004694,0.9452933315187693,0.0,0.0,0.0,0.43612816035747526,0.4810737855732441,0.4824480377137661,0.6403250694274902,0.6403250694274902,0.05002744868397713,0.5373066904998961,0.045609522610902786,0.7788816731163236,0.20754899084568024,0.0,-0.0772054,0.00391377,-0.02191775
0.8328336505662828,0.8439780738618639,0.3333333333333333,0.42424242424242425,-0.07257153233911229,-0.10099962598459722,0.0,0.0,0.4840407452437435,0.48406151712054735,0.5327569320370544,0.46287647004286553,0.09358869067260198,0.09358869067260198,0.9470088165253401,0.0,0.0,0.0,0.41957867443561553,0.4815880786627531,0.4827463664114475,0.6183577179908752,0.6183577179908752,0.05049361661076546,0.5566134982638888,0.04593299329280853,0.7853842721602251,0.22098223865032196,0.0,-0.07659704,-0.00117047,-0.0283212
0.8296167559566952,0.8409756388929155,0.3333333333333333,0.42424242424242425,-0.06656666240121556,-0.09499475604670049,0.0,0.0,0.4843581057871277,0.48437884632305706,0.5445640651263425,0.4513540317583216,0.09351359414202827,0.09351359414202827,0.9481162503361702,0.0,0.0,0.0,0.4137178510427475,0.48215384036302567,0.48317078687250614,0.6113446354866028,0.6113446354866028,0.04998520389199257,0.5745603621952117,0.04511811211705208,0.7927555201012035,0.2210625261068344,0.0,-0.07436024,-0.00694915,-0.03014712
0.8264263286477044,0.8379979067378573,0.3333333333333333,0.42424242424242425,-0.06061119809109938,-0.08903929173658431,0.0,0.0,0.4736382531618297,0.47365878143456425,0.5453312583908752,0.45045076496463843,0.09254108316132001,0.09254108316132001,0.9474894814193249,0.0,0.0,0.0,0.41451096832752227,0.48235741816461086,0.4832658302038908,0.6128213405609131,0.6128213405609131,0.049741022288799286,0.5699994005854168,0.04459874704480171,0.7916925929833291,0.2194196730852127,0.0,-0.07363673,-0.0180371,-0.04100268
0.8243181513888496,0.8360302746295929,0.3333333333333333,0.42424242424242425,-0.05667593387457037,-0.0851040275200553,0.0,0.0,0.4709084630012512,0.47092895423477055,0.5446622874267243,0.4510535924379452,0.09096865675279073,0.09096865675279073,0.9471730589866638,0.0,0.0,0.0,0.41710148155689236,0.48239796981215477,0.48325279355049133,0.616278350353241,0.616278350353241,0.04966188222169876,0.5661038586071558,0.04445452615618706,0.7900466115842032,0.21928077936172485,0.0,-0.07006414,-0.02709477,-0.06298287
0.8162291979505902,0.8284805847538842,0.3333333333333333,0.42424242424242425,-0.041576554123152976,-0.0700046477686379,0.0,0.0,0.4749589291175055,0.4749795172228184,0.5442955621569836,0.45141411506372425,0.09059112785117968,0.09059112785117968,0.9471348915249109,0.0,0.0,0.0,0.4300611406564712,0.4821849223226309,0.4829774312674999,0.6325145363807678,0.6325145363807678,0.050414275377988815,0.5601343351697164,0.045199207961559296,0.7871052956338539,0.2316623479127884,0.0,-0.07384236,-0.03407926,-0.07309122
0.7550809259215991,0.7714088641934924,0.3333333333333333,0.42424242424242425,0.07256688699763048,0.044138793352145544,0.0,0.0,0.5111060006896578,0.5111261315031216,0.6991517913045209,0.30443318664635066,0.10166007493223464,0.10166007493223464,0.9453181326389313,0.0,0.0,0.0,0.4294728636741638,0.48048185743391514,0.48143723979592323,0.6327112913131714,0.6327112913131714,0.04984908178448677,0.5562791682424999,0.04483555629849434,0.7875520510728969,0.20873622596263885,0.0,-0.07323659,-0.03910635,-0.07789241
0.7467308296334176,0.7636154409911897,0.3333333333333333,0.42424242424242425,0.08815373340223598,0.05972563975675105,0.0,0.0,0.517263810105807,0.5172840164222863,0.6958861633650888,0.3077062680155501,0.10936487998281207,0.10936487998281207,0.9427499920129776,0.0,0.0,0.0,0.4263447880744934,0.47893502935767174,0.480237752199173,0.630952775478363,0.630952775478363,0.0487743504345417,0.5548100201856522,0.04380905628204346,0.7884853073330813,0.1987256556749344,0.0,-0.07572624,-0.03813881,-0.07691243
0.7458269322911898,0.7627718034717772,0.3333333333333333,0.42424242424242425,0.08984100844106113,0.0614129147955762,0.0,0.0,0.5221002711620659,0.5221204874506417,0.6942533835854174,0.30950161006158394,0.11450439159359252,0.11450439159359252,0.9407756831496954,0.0,0.0,0.0,0.41409640610218046,0.47793925553560257,0.4795743618160486,0.6146495938301086,0.6146495938301086,0.04798853397369385,0.5482182076999119,0.043062418699264526,0.787820374636456,0.19373369216918945,0.0,-0.07815005,-0.03964092,-0.07706328
0.7460880130529404,0.763015478849411,0.3333333333333333,0.42424242424242425,0.0893536576857934,0.060925564040308466,0.0,0.0,0.5551163808337589,0.555136963240731,0.6925288605188549,0.3118746954847198,0.11971737125090191,0.11971737125090191,0.9405208826065063,0.0,0.0,0.0,0.3919340580701828,0.47771373204886913,0.4796634130179882,0.5846901535987854,0.5846901535987854,0.04643307253718376,0.5404440353787134,0.04157911241054535,0.7857511201223661,0.18765570223331451,0.0,-0.07728891,-0.04077472,-0.08817708
0.7399838942857015,0.7573183013333215,0.3333333333333333,0.42424242424242425,0.10074801271797251,0.07231991907248758,0.0,0.0,0.555893412283684,0.5559141542441987,0.6723372913455417,0.33098745477764324,0.1238636619278363,0.1238636619278363,0.9415780082345009,0.0,0.0,0.0,0.3821826249361038,0.47814428620040417,0.48028866946697235,0.568145751953125,0.568145751953125,0.04603007435798645,0.5328034768028864,0.041178882122039795,0.7836508148804654,0.2034042924642563,0.0,-0.09042866,-0.03844748,-0.12304634
0.728680778117407,0.7467687262429131,0.3333333333333333,0.42424242424242425,0.12184716289878916,0.09341906925330423,0.0,0.0,0.5591039714576181,0.5591248159882671,0.6561925242553478,0.3464881270104516,0.126971501324858,0.126971501324858,0.9426293671131134,0.0,0.0,0.0,0.3691147148609161,0.4784485585987568,0.480649558827281,0.5477007627487183,0.5477007627487183,0.04610138759016991,0.5302747260956537,0.0413309708237648,0.7811884538725365,0.21116012334823608,0.0,-0.10325222,-0.03629606,-0.15917854
0.7269810612003009,0.7451823237869475,0.3333333333333333,0.42424242424242425,0.1250199678107205,0.09659187416523557,0.0,0.0,0.5602428133583434,0.5602637775541491,0.6343699075979667,0.36741894193584057,0.12964255043438502,0.12964255043438502,0.9442529585212469,0.0,0.0,0.0,0.3641556352376938,0.478854525834322,0.48108821734786034,0.5399866104125977,0.5399866104125977,0.045903176069259644,0.5245142683150276,0.041369520127773285,0.7782333244591259,0.21525293588638306,0.0,-0.0976451,-0.03653853,-0.17010063
0.7256050986193475,0.7438980920447243,0.3333333333333333,0.42424242424242425,0.12758843129516673,0.0991603376496818,0.0,0.0,0.5598030325103672,0.5598239739128098,0.6259570253966643,0.37557335879510445,0.13341876012938364,0.13341876012938364,0.9446331206709146,0.0,0.0,0.0,0.3715770125389099,0.478594521060586,0.48087756894528866,0.5492462515830994,0.5492462515830994,0.046083640307188034,0.5287652975983089,0.041705094277858734,0.779172611791034,0.2175951451063156,0.0,-0.0944225,-0.03480741,-0.16862068
0.7429408079811505,0.7600780874490738,0.3333333333333333,0.42424242424242425,0.09522844048646784,0.0668003468409829,0.0,0.0,0.5208810698347839,0.5209019143654329,0.5425726089833116,0.4553323283883349,0.13522092252969742,0.13522092252969742,0.9446558207273483,0.0,0.0,0.0,0.37158183157443997,0.4783982243388891,0.48079261742532253,0.5489568710327148,0.5489568710327148,0.0469747856259346,0.531665915061557,0.04269504174590111,0.7800337542281595,0.2217726856470108,0.0,-0.09397839,-0.03280593,-0.16126066
0.804652024592672,0.8176752229531605,0.3333333333333333,0.42424242424242425,-0.019965830521705752,-0.04839392416719068,0.0,0.0,0.4428802534909367,0.44290022617544317,0.4357442440995751,0.5590025100414607,0.1193308670605932,0.1193308670605932,0.9442447423934937,0.0,0.0,0.0,0.4009543746709823,0.47853138484060764,0.4808054994791746,0.5838321447372437,0.5838321447372437,0.049293093383312225,0.5230286580229562,0.045315805822610855,0.7746352636536886,0.23570376634597778,0.0,-0.11342207,-0.02902198,-0.10137581
0.8074211215689069,0.820259713464313,0.3333333333333333,0.42424242424242425,-0.02513481154401076,-0.05356290518949569,0.0,0.0,0.44339375377385154,0.4434137606484028,0.43753147740664944,0.557132687475845,0.11286582797765733,0.11286582797765733,0.9442117251455784,0.0,0.0,0.0,0.40267374813556667,0.47863660007715225,0.4807589538395405,0.586627185344696,0.586627185344696,0.05042069032788277,0.5167723818430825,0.04673048108816147,0.7718581156155397,0.2363336831331253,0.0,-0.08737491,-0.02263774,0.00063248
0.808003863408452,0.8208036058478885,0.3333333333333333,0.42424242424242425,-0.02622259631116164,-0.05465068995664657,0.0,0.0,0.44202716628634453,0.4420471731608958,0.43999754835497124,0.5545914428582047,0.11079012815441405,0.11079012815441405,0.9442770555615425,0.0,0.0,0.0,0.40343672037124634,0.47881242632865906,0.4808442499488592,0.5880181789398193,0.5880181789398193,0.050907980650663376,0.5166525221060192,0.04719717428088188,0.771732977916335,0.23564352095127106,0.0,-0.07882498,-0.0125446,0.04714282
0.8084215571482976,0.8211934533384111,0.3333333333333333,0.42424242424242425,-0.02700229129220677,-0.0554303849376917,0.0,0.0,0.4317371081667694,0.43175691559939267,0.4454550772734399,0.5489205813266073,0.10634046580110278,0.10634046580110278,0.9436671454459429,0.0,0.0,0.0,0.4098926424980163,0.47944153286516666,0.48129937425255775,0.6011731624603271,0.6011731624603271,0.05161985382437706,0.5168324240616389,0.047388698905706406,0.7717983398673146,0.2313036024570465,0.0,-0.07410094,0.00238907,0.07698693
0.8062809698638462,0.8191955718729231,0.3333333333333333,0.42424242424242425,-0.023006528361230738,-0.05143462200671567,0.0,0.0,0.42754869091807085,0.4275683672888557,0.4645339713269848,0.5297358690843933,0.1049300708941051,0.1049300708941051,0.9421268720179796,0.0,0.0,0.0,0.4250979721546173,0.47951133362948895,0.48130220361053944,0.6248287558555603,0.6248287558555603,0.052668750286102295,0.5211849468094962,0.047625549137592316,0.773255561673364,0.22712044417858124,0.0,-0.07315952,0.01230476,0.09804434
0.8014338882196517,0.8146716290050082,0.3333333333333333,0.42424242424242425,-0.013958642625401141,-0.04238673627088607,0.0,0.0,0.42501699217874733,0.42503658877276096,0.4670297135358559,0.527265624101435,0.10349950087921961,0.10349950087921961,0.9407245144248009,0.0,0.0,0.0,0.4228605419397354,0.4789771903306246,0.48082055151462555,0.6218961477279663,0.6218961477279663,0.05240551009774208,0.5215918431206354,0.04702901095151901,0.7736858963793101,0.22297488152980804,0.0,-0.0720412,0.02462048,0.11090174
0.8026165969315029,0.8157754904694028,0.3333333333333333,0.42424242424242425,-0.016166365554190043,-0.044594459199674974,0.0,0.0,0.4256975507189165,0.425717523403423,0.46759482938974356,0.5268099106925801,0.10061843054635185,0.10061843054635185,0.9401433560997248,0.0,0.0,0.0,0.41329748928546906,0.4785870760679245,0.48038240522146225,0.6071661710739136,0.6071661710739136,0.051049456000328064,0.5194952497406611,0.04582180082798004,0.7727142912877161,0.21403387188911438,0.0,-0.06277476,0.03177427,0.13546333
0.8042163607620058,0.817268603377872,0.3333333333333333,0.42424242424242425,-0.01915259137112868,-0.04758068501661361,0.0,0.0,0.42721607876553364,0.42723605145004007,0.4655381329428853,0.5289710263854408,0.09821764592613494,0.09821764592613494,0.9401169419288635,0.0,0.0,0.0,0.4120679676532745,0.47829397954046726,0.4800734221935272,0.6055462956428528,0.6055462956428528,0.049891021102666855,0.5185763566266922,0.044825270771980286,0.7721696984629298,0.20892487466335297,0.0,-0.06161882,0.03025813,0.16432078
0.8053868114948273,0.8183610240618389,0.3333333333333333,0.42424242424242425,-0.02133743273906219,-0.04976552638454712,0.0,0.0,0.43005703785679306,0.43007705612802594,0.46018565293707764,0.5344267346840237,0.09603762200900487,0.09603762200900487,0.9402130525559187,0.0,0.0,0.0,0.40179274082183836,0.477959007024765,0.47973440773785114,0.5883086919784546,0.5883086919784546,0.04887641593813896,0.5122887643556746,0.044253937900066376,0.7691507444305475,0.20512869954109192,0.0,-0.06764784,0.02968217,0.18164465
0.7972046903201512,0.8107243776321411,0.3333333333333333,0.42424242424242425,-0.006064139879666808,-0.03449223352515174,0.0,0.0,0.4287458040518241,0.4287657995296938,0.4637791662553528,0.5308184655122451,0.09471312697444643,0.09471312697444643,0.9397449940443039,0.0,0.0,0.0,0.3943215250968933,0.4770923759788275,0.4789550621062517,0.5769020318984985,0.5769020318984985,0.04810995236039162,0.5058249008087885,0.04399408772587776,0.7646149674127268,0.2017597258090973,0.0,-0.06780876,0.02768472,0.18887423
0.7309022308105515,0.748842082089848,0.3333333333333333,0.42424242424242425,0.11770045120491945,0.08927235755943452,0.2781270444393158,0.2777106463909149,0.37020644129576236,0.37022350212811966,0.6980486381122305,0.30593324067209193,0.10031054062502726,0.10031054062502726,0.9397171158343554,0.0,0.0,0.0,0.2977899745106697,0.46626659110188484,0.470131017267704,0.4284375011920929,0.4284375011920929,0.04877256229519844,0.4804909750819206,0.04804648458957672,0.7434361804883147,0.15067851543426514,0.012154511641710997,-0.06672353,0.02823316,0.18752757
0.7247679815405891,0.7431167827712165,0.3333333333333333,0.42424242424242425,0.12915104984218245,0.10072295619669752,0.0,0.0,0.42368855508290104,0.42370677837678167,0.74116280885773,0.2649293022852732,0.10362095066479275,0.10362095066479275,0.9400136303156614,0.0,0.0,0.0,0.32844344228506084,0.4670998826622963,0.4710306655615568,0.48677125573158264,0.48677125573158264,0.04601847752928734,0.48159260898828504,0.04600456357002258,0.7461139538087124,0.14818508923053741,0.0,-0.06405648,0.02629695,0.18361349
0.7353055239433334,0.7529518223471112,0.3333333333333333,0.42424242424242425,0.10948097069039309,0.08105287704490816,0.0,0.0,0.42646159565015684,0.4264798075473559,0.7451366265918739,0.26132129523717146,0.10655980025018966,0.10655980025018966,0.9383918214589357,0.0,0.0,0.0,0.3416505306959152,0.468701358884573,0.47281856276094913,0.5106065273284912,0.5106065273284912,0.04427744448184967,0.4822890222072601,0.043621815741062164,0.7502073846584143,0.15629209578037262,0.0,-0.0619716,0.02201361,0.17943622
0.7399547483239854,0.7572910984357197,0.3333333333333333,0.42424242424242425,0.10080241851317584,0.07237432486769091,0.0,0.0,0.42876949775287343,0.4287876925550501,0.7498367548444759,0.25701355473210613,0.10790034596409118,0.10790034596409118,0.9369882978498936,0.0,0.0,0.0,0.3537549465894699,0.46994682028889656,0.47418929263949394,0.5299025774002075,0.5299025774002075,0.04288579151034355,0.4828456833958626,0.0414309948682785,0.7520148084433966,0.15832892060279846,0.0,-0.06037595,0.01523092,0.1578979
0.7416553965636662,0.7588783701260884,0.3333333333333333,0.42424242424242425,0.09762787513243854,0.0691997814869536,0.0,0.0,0.4306607314779015,0.4306789091850558,0.7582960329365775,0.2491494113532302,0.10899527796677182,0.10899527796677182,0.936156639829278,0.0,0.0,0.0,0.3568445429205894,0.4708066862076521,0.47505649365484715,0.534020185470581,0.534020185470581,0.041979603469371796,0.4832081586122513,0.03993985429406166,0.7529146319558454,0.15903957188129425,0.0,-0.05667298,0.00101194,0.1241807
0.7387502555336272,0.7561669051647186,0.3333333333333333,0.42424242424242425,0.10305080505517816,0.07462271140969323,0.0,0.0,0.433125696948108,0.43314392594032947,0.7607202210800141,0.2468791239981391,0.11032009231192726,0.11032009231192726,0.9356126934289932,0.0,0.0,0.0,0.35773687809705734,0.47137429378926754,0.47559614293277264,0.5349746346473694,0.5349746346473694,0.041281819343566895,0.48348727226257326,0.03890262544155121,0.7534846442556659,0.1595151573419571,0.0,-0.05674677,-0.00539558,0.11157844
0.7385051225622495,0.7559381143914329,0.3333333333333333,0.42424242424242425,0.10350838660174966,0.07508029295626473,0.0,0.0,0.4317906554752736,0.43181282771932916,0.7575993537902832,0.2497831124369952,0.11015696184975761,0.11015696184975761,0.9357054401189089,0.0,0.0,0.0,0.3520696297287941,0.4721841271966696,0.47634949162602425,0.5270024538040161,0.5270024538040161,0.04088523983955383,0.48364590406417846,0.038368064910173416,0.7526698977101681,0.15875865519046783,0.0,-0.05727229,-0.0144055,0.09883647
0.7383718458669526,0.7558137228091557,0.3333333333333333,0.42424242424242425,0.10375716976630389,0.07532907612081896,0.0,0.0,0.4204836714564044,0.42050461855718785,0.8019612104441423,0.20951261889131706,0.11184203837599074,0.11184203837599074,0.9356037210673094,0.0,0.0,0.0,0.33343780934810635,0.4722508266568184,0.4765121191740036,0.4990999400615692,0.4990999400615692,0.04093383625149727,0.4836264654994011,0.038655877113342285,0.7508426969654338,0.15849372744560242,0.0,-0.05778169,-0.0209724,0.08421223
0.7379263898446446,0.7553979638550017,0.3333333333333333,0.42424242424242425,0.10458868767461216,0.07616059402912723,0.0,0.0,0.42495910843289375,0.4249801068187444,0.8025025528202093,0.2091393775688708,0.1203990142260279,0.1203990142260279,0.9343201406300068,0.0,0.0,0.0,0.3416358232498169,0.4713929295539856,0.47603571973741055,0.5123310685157776,0.5123310685157776,0.04202674329280853,0.4831893026828766,0.040522947907447815,0.7492905491313269,0.15790951251983643,0.0,-0.0583806,-0.03076315,0.06749433
0.73933583568959,0.7567134466436174,0.3333333333333333,0.42424242424242425,0.10195772209738063,0.0735296284518957,0.0,0.0,0.41732884205550125,0.4173493389873614,0.8147174705738776,0.19817643087584424,0.12292719845260894,0.12292719845260894,0.9337381366640329,0.0,0.0,0.0,0.33941340297460554,0.4709126949310303,0.4759462811052799,0.5092953443527222,0.5092953443527222,0.04256152734160423,0.4829753890633583,0.041765280067920685,0.7480895662203778,0.1600240021944046,0.0,-0.06247395,-0.03246059,0.03324017
0.7405697405338287,0.7578650911649067,0.3333333333333333,0.42424242424242425,0.09965443305480182,0.07122633940931689,0.0,0.0,0.41403757728080676,0.41405787477073885,0.8208622649796378,0.19257211269834934,0.12622245188270298,0.12622245188270298,0.9325888361781836,0.0,0.0,0.0,0.33423709124326706,0.4706227146089077,0.47587754391133785,0.5023863315582275,0.5023863315582275,0.04253227263689041,0.48298709094524384,0.041932642459869385,0.7480717320428338,0.16075071692466736,0.0,-0.06483838,-0.0297785,-0.00122568
0.718279599079064,0.7370609591404597,0.3333333333333333,0.42424242424242425,0.14126269710369604,0.11283460345821111,0.0,0.0,0.4121579168859449,0.41217909192036034,0.7615450445142349,0.2470515102040421,0.128483208162444,0.128483208162444,0.9319566674530506,0.0,0.0,0.0,0.3108634546399116,0.46937497332692146,0.4750355966389179,0.4536953270435333,0.4536953270435333,0.04248461127281189,0.4830061554908752,0.04230951517820358,0.7435746220222046,0.15310229361057281,0.0,-0.07000093,-0.03081348,-0.03712033
0.6760828012511844,0.6976772811677721,0.3333333333333333,0.42424242424242425,0.22003005304907125,0.19160195940358632,0.9837479591369629,0.9842187166213989,0.41466481074776296,0.41468754712755773,0.41641830987729717,0.5814907075063626,0.14010308044297357,0.14010308044297357,0.9267094135284424,0.0,0.0,0.0,0.26445427536964417,0.4615520238876343,0.46758149564266205,0.37789806723594666,0.37789806723594666,0.0,0.5,0.0,0.6976744186046512,0.12476325035095215,0.0,-0.08085388,-0.02631353,-0.07014043
0.6711853394905727,0.6931063168578677,0.3333333333333333,0.42424242424242425,0.22917198166887986,0.20074388802339493,0.5167145133018494,0.5060511231422424,0.33761072386747104,0.3376307592337264,0.35295709642807793,0.6468438299339948,0.14197988169533868,0.14197988169533868,0.9268683679401875,0.0,0.0,0.0,0.32869823575019835,0.46013835817575455,0.46532702073454857,0.4764404296875,0.4764404296875,0.048159729689359665,0.48073610812425616,0.05079897493124008,0.746019804893538,0.13294222950935364,0.0,-0.0848299,-0.02512711,-0.07417854
0.7246554511643591,0.7430117544200685,0.3333333333333333,0.42424242424242425,0.12936110654447835,0.10093301289899342,0.0,0.0,0.45457168461943676,0.45459567463420775,0.31343465826935335,0.6863980534377057,0.10442251073462623,0.10442251073462623,0.9399087429046631,0.0,0.0,0.0,0.40377703607082366,0.4694540947675705,0.47029480524361134,0.5957238078117371,0.5957238078117371,0.04678282141685486,0.5041256125957246,0.04633273184299469,0.7599585802229338,0.1490144282579422,0.0,-0.08253055,-0.01633717,-0.06390812
0.7320861901555742,0.7499471108118693,0.3333333333333333,0.42424242424242425,0.11549039376087683,0.0870623001153919,0.0,0.0,0.45527821904614596,0.45530224894930255,0.32276931547525967,0.6767188517536256,0.09979368320533208,0.09979368320533208,0.9408225324004889,0.0,0.0,0.0,0.40662406384944916,0.47154646180570126,0.47240955010056496,0.6003530621528625,0.6003530621528625,0.04423127695918083,0.5139281404396844,0.0425499863922596,0.764369011185197,0.15645477175712585,0.0,-0.07899436,-0.00639722,-0.0520722
0.7365782427645865,0.7541396932469474,0.3333333333333333,0.42424242424242425,0.1071052288907206,0.07867713524523567,0.0,0.0,0.4556173330055368,0.45564167631743746,0.3239261584345743,0.6756501165397714,0.09794664702245168,0.09794664702245168,0.9396342299878597,0.0,0.0,0.0,0.40888410806655884,0.47233484126627445,0.4732716381549835,0.6021621823310852,0.6021621823310852,0.04296232759952545,0.5190613775972336,0.04068061336874962,0.7656275117120077,0.16205397248268127,0.0,-0.07224629,0.00587156,-0.03261824
0.741575950313182,0.7588042202923033,0.3333333333333333,0.42424242424242425,0.09777617480000889,0.06934808115452396,0.0,0.0,0.4616193640300466,0.46164381561042245,0.3392263060546058,0.6600316026192043,0.09841971099376678,0.09841971099376678,0.9381402209401131,0.0,0.0,0.0,0.40642504394054413,0.4727779049426317,0.47369805723428726,0.5961178541183472,0.5961178541183472,0.04264046251773834,0.5200548474750821,0.03997063264250755,0.7661227071874364,0.16383829712867737,0.0195898930542171,-0.07393748,0.01950389,-0.02116293
0.7441593149588221,0.761215360628234,0.3333333333333333,0.42424242424242425,0.09295389412814736,0.06452580048266243,0.0,0.0,0.45729319224166143,0.45731714806638757,0.3219196928618743,0.6787148209825706,0.10048660848821914,0.10048660848821914,0.9358313865959644,0.0,0.0,0.0,0.40163521468639374,0.472439780831337,0.4733561836183071,0.5882514119148254,0.5882514119148254,0.041769370436668396,0.53040540691406,0.03908347710967064,0.7720292324936667,0.15588322281837463,0.062406533397734165,-0.0784879,0.02993655,-0.00801102
0.7450887660185496,0.7620828482839797,0.3333333333333333,0.42424242424242425,0.09121891881665622,0.0627908251711713,0.0,0.0,0.45131658436463395,0.4513395828681056,0.2545066800673651,0.7503360356650384,0.10373723826238088,0.10373723826238088,0.926036860793829,0.0,0.0,0.0,0.3972487241029739,0.46935333125293255,0.4701630938798189,0.581279456615448,0.581279456615448,0.04017782211303711,0.5354404501498691,0.03770323842763901,0.773430811891029,0.1504989117383957,0.08782479912042618,-0.07264908,0.03926204,0.00807037
0.7535906501469158,0.7700179401371214,0.3333333333333333,0.42424242424242425,0.07534873511037266,0.046920641464887725,0.0,0.0,0.45612887590838663,0.4561518915068807,0.24761585888397625,0.7577221794241878,0.10825708508491516,0.10825708508491516,0.9225794672966003,0.0,0.0,0.0,0.3936873733997345,0.4696660041809082,0.47026608884334564,0.5760173201560974,0.5760173201560974,0.039954617619514465,0.5498834361159612,0.03754341974854469,0.7806088346554789,0.15258902311325073,0.09939714334905148,-0.06960309,0.05185869,0.03136972
0.7567632670203845,0.7729790492190255,0.3333333333333333,0.42424242424242425,0.06942651694656443,0.0409984233010795,0.0,0.0,0.4452710322622587,0.4452930962378391,0.18175530205721152,0.8281205985509137,0.11244802070515497,0.11244802070515497,0.9200783185660839,0.0,0.0,0.0,0.38283870220184324,0.47071043960750103,0.47098610550165176,0.5600061416625977,0.5600061416625977,0.04023995250463486,0.5521354154934959,0.037670694291591644,0.7823569838737333,0.16062775254249573,0.11022458784282207,-0.06679764,0.0594421,0.04662529
0.7562731341237113,0.7725215918487973,0.3333333333333333,0.42424242424242425,0.0703414316870209,0.041913338041535964,0.0,0.0,0.4435193623001215,0.44354139778399787,0.18235939456217604,0.8274995021969999,0.11407164058515004,0.11407164058515004,0.9185522943735123,0.0,0.0,0.0,0.38361392021179197,0.47105625830590725,0.4711193908005953,0.5608909130096436,0.5608909130096436,0.04067469388246536,0.5527064256251804,0.037999872118234634,0.7825607338617014,0.16612568497657776,0.11572710238397121,-0.06824625,0.06695237,0.05141808
0.7541724695336252,0.7705609715647168,0.3333333333333333,0.42424242424242425,0.0742626722551819,0.045834578609696974,0.0,0.0,0.44031217654394145,0.44033414934606896,0.18086565429804202,0.8289952710704589,0.11242181594882693,0.11242181594882693,0.9180597439408302,0.0,0.0,0.0,0.3979898959398269,0.47111123986542225,0.471236078068614,0.5831740498542786,0.5831740498542786,0.04052330181002617,0.5501401854885949,0.03786952421069145,0.7813272417284721,0.16541355848312378,0.11082397773861885,-0.06176107,0.07163073,0.08342067
0.7491674976689475,0.7658896644910176,0.3333333333333333,0.42424242424242425,0.08360528640258014,0.055177192757095206,0.0,0.0,0.4378195855175332,0.43784142725782227,0.17347271811665815,0.8368921229255308,0.10972316243818829,0.10972316243818829,0.918739590793848,0.0,0.0,0.0,0.4008527994155884,0.4710259325802326,0.47122436948120594,0.5874288082122803,0.5874288082122803,0.03999178484082222,0.5467942125267452,0.0373336486518383,0.7796462733558445,0.1639905869960785,0.10182354599237442,-0.05830879,0.07823733,0.09401344
0.7268981468819437,0.7451049370898141,0.3333333333333333,0.42424242424242425,0.12517474120498728,0.09674664755950235,0.0,0.0,0.44221537678465106,0.442240483674219,0.594743508909674,0.4015920626679018,0.10240415909460614,0.10240415909460614,0.9232718758285046,0.0,0.0,0.0,0.40649618208408356,0.4705361984670162,0.4711278844624758,0.5956138372421265,0.5956138372421265,0.04131884500384331,0.5153887144156865,0.0385710671544075,0.7650668022417745,0.16532929241657257,0.06834817584604025,-0.05776306,0.07872115,0.09185054
0.721578387987046,0.7401398287879096,0.3333333333333333,0.42424242424242425,0.13510495780879622,0.10667686416331129,0.0,0.0,0.4364929547957207,0.4365202270547929,0.5762488429450624,0.4193659056162464,0.09158931406480926,0.09158931406480926,0.9257433861494064,0.0,0.0,0.0,0.40968788564205166,0.469879986718297,0.47117398492991924,0.6030544638633728,0.6030544638633728,0.042835112661123276,0.5186730013007209,0.039784763008356094,0.7670230093563712,0.16450121998786926,0.018405948067083955,-0.04252305,0.0638079,0.08126706
0.7188870254017058,0.7376278903749254,0.3333333333333333,0.42424242424242425,0.1401288346347646,0.11170074098927968,0.0,0.0,0.4354370921337354,0.43546431880608116,0.5639846630351721,0.43138702279928265,0.08544717516217913,0.08544717516217913,0.9291917197406292,0.0,0.0,0.0,0.40848869681358335,0.46967734955251217,0.47143830358982086,0.6032284498214722,0.6032284498214722,0.04339950159192085,0.5177761406179457,0.04008740559220314,0.7661083587553612,0.16567622125148773,0.0,-0.03366798,0.06048815,0.06011861
0.7062490845010394,0.7258324788676368,0.3333333333333333,0.42424242424242425,0.16371965764934188,0.13529156400385695,0.0,0.0,0.43688056163532557,0.43690787948112414,0.5514063791836653,0.4436447692824089,0.08271113836339543,0.08271113836339543,0.9314724989235401,0.0,0.0,0.0,0.40943731665611266,0.4694634024053812,0.4715187158435583,0.6048399209976196,0.6048399209976196,0.04389740899205208,0.5167478422323862,0.04045414552092552,0.7657076894890431,0.16356442868709564,0.0,-0.04183967,0.05164324,0.03842714
0.7017694495263553,0.7216514862245984,0.3333333333333333,0.42424242424242425,0.17208164293541872,0.1436535492899338,0.0,0.0,0.43635056465579264,0.4363778483115464,0.5374769845382661,0.45740980668409326,0.0807407418532031,0.0807407418532031,0.9327008090913296,0.0,0.0,0.0,0.4241669803857803,0.4681539200246334,0.47051502391695976,0.6258751749992371,0.6258751749992371,0.04390265792608261,0.5131746856939224,0.04052898287773132,0.7650950204494388,0.15602031350135803,0.0,-0.04922435,0.02939124,0.00837108
0.6991035342216492,0.7191632986068726,0.3333333333333333,0.42424242424242425,0.1770580181708703,0.14862992452538537,0.0,0.0,0.43652889992949157,0.43655614369685974,0.5152632480141766,0.47947260270788333,0.08165268759642329,0.08165268759642329,0.9331129118800163,0.0,0.0,0.0,0.4260836005210876,0.46662142500281334,0.46935767121613026,0.6296670436859131,0.6296670436859131,0.0437975712120533,0.507523195611106,0.040528759360313416,0.7642397007276845,0.15121792256832123,0.0,-0.05176259,0.01462292,-0.00631562
0.6486585888834226,0.6720813496245278,0.3333333333333333,0.42424242424242425,0.2712219161355598,0.24279382249007486,0.48989248275756836,0.48917630314826965,0.3233387392747926,0.32336109956409465,0.530166343794726,0.46747342983527074,0.09010330640843937,0.09010330640843937,0.933152936398983,0.0,0.0,0.0,0.3171610996127128,0.4585290886461735,0.46293535083532333,0.45834651589393616,0.45834651589393616,0.04542965814471245,0.481828136742115,0.045961178839206696,0.738087380088346,0.11857887357473373,0.0,-0.04866076,-0.00085157,-0.03197288
0.6397502134953227,0.6637668659289678,0.3333333333333333,0.42424242424242425,0.2878508835266798,0.2594227898811949,0.026689425110816956,0.026128102093935013,0.4376438828772842,0.4376697419478378,0.6498691324522117,0.35086898862467164,0.09618521268878664,0.09618521268878664,0.9344324246048927,0.0,0.0,0.0,0.31486624777317046,0.45983609929680824,0.46415020152926445,0.46389448642730713,0.46389448642730713,0.04505272954702377,0.4819789081811905,0.04629501327872276,0.7455958053469658,0.1147463396191597,0.0,-0.04566783,-0.02078813,-0.05235581
0.6398084344608443,0.663821205496788,0.3333333333333333,0.42424242424242425,0.28774220439103937,0.25931411074555444,0.0,0.0,0.4522165147797783,0.45224260748230477,0.6584400410405993,0.3429947249925337,0.09730894650731768,0.09730894650731768,0.9361028652638197,0.0,0.0,0.0,0.3373533695936203,0.4619647450745106,0.466508686542511,0.4998258948326111,0.4998258948326111,0.0431564562022686,0.48273741751909255,0.04416850581765175,0.7485146976487581,0.12025272846221924,0.0,-0.04848506,-0.04035151,-0.07363433
0.6434889237085979,0.6672563287946913,0.3333333333333333,0.42424242424242425,0.28087195779523283,0.2524438641497479,0.0,0.0,0.4502096531723927,0.4502357743666231,0.6499234946234504,0.3510307987100485,0.0990257997597967,0.0990257997597967,0.9374169632792473,0.0,0.0,0.0,0.33818172216415404,0.463700108230114,0.46856316179037094,0.5021844506263733,0.5021844506263733,0.04232747107744217,0.48306901156902315,0.04272909089922905,0.7484671023002891,0.13183727860450745,0.0,-0.0482084,-0.05872201,-0.08995942
0.6489942197998364,0.6723946051465141,0.3333333333333333,0.42424242424242425,0.27059540509158736,0.24216731144610243,0.0,0.0,0.44057508659180444,0.44060104253415167,0.6228444207010944,0.3769721988915435,0.10087906249931881,0.10087906249931881,0.9380596484988928,0.0,0.0,0.0,0.31797026991844174,0.4647875800728798,0.46973439678549767,0.4629470109939575,0.4629470109939575,0.04212198778986931,0.4831512048840523,0.04241103306412697,0.7458892780854258,0.13566918671131134,0.0,-0.04849191,-0.07270533,-0.10057776
0.6111694404057094,0.6370914777119955,0.3333333333333333,0.42424242424242425,0.3412016599606245,0.3127735663151396,0.5977328419685364,0.5713234543800354,0.3097403441514841,0.30976243092042766,0.44375604858361967,0.5530894302949231,0.1067518602524485,0.1067518602524485,0.9339600969105959,0.0,0.0,0.0,0.28480030596256256,0.45820801332592964,0.46270668879151344,0.4067055881023407,0.4067055881023407,0.0,0.5,0.0,0.6976744186046512,0.1283649355173111,0.0,-0.05323352,-0.09041659,-0.11386438
0.6465155535510608,0.6700811833143234,0.3333333333333333,0.42424242424242425,0.27522224875596857,0.24679415511048364,0.0,0.0,0.4381454850246072,0.43817006196848063,0.44812455619498376,0.5463467490554034,0.10235822094338282,0.10235822094338282,0.9353089556097984,0.0,0.0,0.0,0.36246283948421476,0.46015557274222374,0.464214202016592,0.5297539830207825,0.5297539830207825,0.0460403636097908,0.48158385455608366,0.04815293103456497,0.748053543096365,0.12998837232589722,0.0,-0.05569603,-0.10510734,-0.12444586
0.6487331922565187,0.6721509794394175,0.3333333333333333,0.42424242424242425,0.2710826565057804,0.24265456286029546,0.0,0.0,0.44350152079507454,0.4435262515941496,0.4591222599177242,0.5353067052359285,0.0978070337857519,0.0978070337857519,0.9368074219673872,0.0,0.0,0.0,0.3752823710441589,0.4617882929742336,0.4655166417360306,0.5492462515830994,0.5492462515830994,0.04489285498857498,0.4830990570878225,0.04640423133969307,0.7510517234372538,0.14169347286224365,0.0,-0.07187011,-0.10919602,-0.1193554
0.6440463690530687,0.6677766111161973,0.3333333333333333,0.42424242424242425,0.27983139315222066,0.25140329950673573,0.0,0.0,0.48033412555891514,0.48035977094168875,0.4840856837838831,0.5106559407819931,0.09929479232856206,0.09929479232856206,0.9389413800090551,0.0,0.0,0.0,0.38367896676063534,0.46452225372195244,0.4675363078713417,0.5652446150779724,0.5652446150779724,0.04527939483523369,0.5033271941873763,0.04570426791906357,0.7604694474748401,0.1615389585494995,0.0,-0.07778058,-0.09212918,-0.09604714
0.6456461594927879,0.6692697488599353,0.3333333333333333,0.42424242424242425,0.27684511766474473,0.2484170240192598,0.0,0.0,0.4793802389793141,0.47940589148501367,0.5047189890483598,0.49004523015108387,0.09833009115287236,0.09833009115287236,0.9403099771589041,0.0,0.0,0.0,0.398137366771698,0.4662919342517853,0.4691291246563196,0.5878286361694336,0.5878286361694336,0.045103512704372406,0.5072964259556361,0.04437480494379997,0.762047172459059,0.16184969246387482,0.0,-0.07044212,-0.07996783,-0.0757539
0.6461330904137521,0.669724217719502,0.3333333333333333,0.42424242424242425,0.2759361799456116,0.24750808630012666,0.0,0.0,0.48083067042877753,0.4808562887444323,0.5295885177916824,0.4656015077872162,0.0954326561519078,0.0954326561519078,0.9410861972719431,0.0,0.0,0.0,0.40040066540241237,0.46791207045316696,0.470523688942194,0.5921501517295837,0.5921501517295837,0.04497614502906799,0.5188903335541013,0.043307870626449585,0.7663493707429532,0.16254690289497375,0.0,-0.06644093,-0.05970653,-0.05068096
0.646716116084939,0.6702683750126097,0.3333333333333333,0.42424242424242425,0.27484786535939604,0.2464197717139111,0.0,0.0,0.478684316287761,0.4787098776200078,0.5426044228200019,0.4527578863946653,0.09329510586602348,0.09329510586602348,0.9411117397248745,0.0,0.0,0.0,0.3976717978715896,0.46893875300884247,0.47141561284661293,0.5895944833755493,0.5895944833755493,0.0451480932533741,0.5112169805973295,0.042883530259132385,0.7639239113344702,0.16799288988113403,0.0,-0.06196581,-0.03296478,-0.0295947
0.6536968666173163,0.6767837421761619,0.3333333333333333,0.42424242424242425,0.2618171310322917,0.23338903738680677,0.0,0.0,0.4819969712092361,0.4820225923740613,0.5488808403507474,0.4466424384440286,0.09212315348642214,0.09212315348642214,0.9405116215348244,0.0,0.0,0.0,0.3970785558223724,0.4703577272593975,0.47270093858242035,0.5887441039085388,0.5887441039085388,0.04538227617740631,0.526056195535357,0.04242684319615364,0.7698548537527407,0.1716909408569336,0.0,-0.05262575,-0.01367838,-0.0141041
0.6868919084469478,0.7077657812171512,0.3333333333333333,0.42424242424242425,0.19985305295031297,0.17142495930482804,0.0,0.0,0.4559695075620429,0.45599340355419066,0.3211170701634132,0.6784552387657352,0.09436432272195816,0.09436432272195816,0.9375460408627987,0.0,0.0,0.0,0.40338521301746366,0.47008591890335083,0.47221374325454235,0.5938337445259094,0.5938337445259094,0.04514655843377113,0.5140140586429172,0.04190758615732193,0.7644091958050118,0.18146903812885284,0.0,-0.05679055,0.00451012,0.00159608
0.6899650334602311,0.7106340312295489,0.3333333333333333,0.42424242424242425,0.19411655292551744,0.1656884592800325,0.0,0.0,0.4548758079171409,0.45489960988666545,0.32302507980375855,0.6766176834110498,0.0961544258253915,0.0961544258253915,0.9321284852921963,0.0,0.0,0.0,0.4137260913848877,0.46928134746849537,0.4712178409099579,0.605820894241333,0.605820894241333,0.04416199401021004,0.5108244532630557,0.04097669944167137,0.7625665372714054,0.1769038736820221,0.006911285454407334,-0.05353134,0.03548351,0.01368881
0.7016533180361703,0.7215430968337588,0.3333333333333333,0.42424242424242425,0.17229842171709764,0.1438703280716127,0.0,0.0,0.45967275097994686,0.4597001913400727,0.3335249337365933,0.6655958272708256,0.09806217359645027,0.09806217359645027,0.9274738505482674,0.0,0.0,0.0,0.4185165256261825,0.46822332590818405,0.47008578293025494,0.6133290529251099,0.6133290529251099,0.042889758944511414,0.5081711122913966,0.03980141133069992,0.7616440873852997,0.16915199160575867,0.02730651292949915,-0.05256543,0.05537979,0.01804029
0.7043060262997946,0.7240189578798082,0.3333333333333333,0.42424242424242425,0.16734669962499898,0.13891860597951405,0.0,0.0,0.46300999566656226,0.46303753574765205,0.3358118602468224,0.663180300605406,0.09797089866229466,0.09797089866229466,0.9259253032505512,0.0,0.0,0.0,0.41773027181625366,0.46832379326224327,0.47014318220317364,0.6136538982391357,0.6136538982391357,0.042165275663137436,0.5090783328290969,0.03912234306335449,0.7619520211808903,0.1695353239774704,0.023607383482158184,-0.05022334,0.08176239,0.03047902
0.6290442879710879,0.6537746687730154,0.3333333333333333,0.42424242424242425,0.3078352778385847,0.2794071841930998,0.9752072691917419,0.975208044052124,0.37990504013192816,0.37993083082239215,0.5447603929111197,0.4527254856288725,0.11801855904715403,0.11801855904715403,0.9227636754512787,0.0,0.0,0.0,0.32586097121238705,0.45010262355208397,0.4519878551363945,0.46421536803245544,0.46421536803245544,0.05128878727555275,0.4794844850897789,0.0,0.6976744186046512,0.10984896868467331,0.09296921081840992,-0.04329597,0.09470967,0.03484865
0.6164374887233689,0.6420083228084776,0.3333333333333333,0.42424242424242425,0.3313679697676602,0.30293987612217527,0.35404080152511597,0.3537595868110657,0.31838306323064214,0.3184074635259508,0.5433199463793242,0.45365205863643054,0.10713998760495867,0.10713998760495867,0.9212339445948601,0.0,0.0,0.0,0.36569889485836027,0.44275855645537376,0.4453754350543022,0.5274168252944946,0.5274168252944946,0.0,0.5,0.0,0.6976744186046512,0.11378549039363861,0.09443692862987518,-0.04353614,0.10317582,0.04163037
0.5966316857153461,0.6235229066676564,0.3333333333333333,0.42424242424242425,0.3683388020493027,0.33991070840381776,0.05245239660143852,0.05152453854680061,0.41085969809136474,0.41088730655254413,0.5305390095847514,0.46439100925092214,0.0861315562256745,0.0861315562256745,0.9256188124418259,0.0,0.0,0.0,0.35356870442628857,0.46163269504904747,0.4630031883716583,0.5173636674880981,0.5173636674880981,0.0,0.5,0.0,0.6976744186046512,0.11675242334604263,0.09099257178604603,-0.04433464,0.10664055,0.04088202
0.4642857142857143,0.5,0.3333333333333333,0.42424242424242425,0.6153846153846154,0.5869565217391305,0.032398924231529236,0.031582776457071304,0.4120821004615915,0.4121096405426813,0.5088627897131739,0.48600288986881146,0.0717537451003279,0.0717537451003279,0.9378018099814653,0.0,0.0,0.0,0.20226827263832092,0.47837122716009617,0.478659451007843,0.29955098032951355,0.29955098032951355,0.10185576230287552,0.4592576950788498,0.10613598674535751,0.6238828512818314,0.08261661976575851,0.07360292598605156,-0.05391489,0.10639804,0.03036444
0.4642857142857143,0.5,0.3333333333333333,0.42424242424242425,0.6153846153846154,0.5869565217391305,0.4794704020023346,0.4779454171657562,0.3068394898000684,0.3068634228314314,0.48062535493597247,0.5161666637118364,0.06658259779214859,0.06658259779214859,0.9392467960715294,0.0,0.0,0.0,0.12326266765594482,0.48129499703645706,0.48174747452139854,0.1819898635149002,0.1819898635149002,0.09575524926185608,0.4616979002952576,0.09792237728834152,0.6267834991909738,0.06002586707472801,0.0334073044359684,-0.06875655,0.10214862,0.01760797
0.4642857142857143,0.5,0.3333333333333333,0.42424242424242425,0.6153846153846154,0.5869565217391305,0.12018707394599915,0.11877216398715973,0.3975263954804459,0.39755337142579644,0.457191613618548,0.5379668645210927,0.04446967238826412,0.04446967238826412,0.955070985481143,0.0,0.0,0.0,0.05309329107403755,0.4899079129099846,0.49005353078246117,0.0,-0.0,0.0,0.5,0.0,0.6976744186046512,0.037127722054719925,0.016276793321594596,-0.0739582866,0.0879053101,-2.55641062e-05
0.4642857142857143,0.5,0.3333333333333333,0.42424242424242425,0.6153846153846154,0.5869565217391305,0.0679776519536972,0.06662662327289581,0.40965002581448673,0.40967744053207894,0.4427153321114826,0.5522369301975065,0.03847228230110237,0.03847228230110237,0.9611951392143965,0.0,0.0,0.0,0.03919314295053482,0.49211951065808535,0.4922345308586955,0.0,-0.0,0.0,0.5,0.0,0.6976744186046512,0.03238510340452194,0.004937175544910133,-0.07691211,0.07345864,-0.02482845
0.4642857142857143,0.5,0.3333333333333333,0.42424242424242425,0.6153846153846154,0.5869565217391305,0.034515466541051865,0.033425457775592804,0.41684314967569386,0.41687081512028124,0.4255594172395666,0.5693309568145712,0.03242974568690573,0.03242974568690573,0.9655625950545073,0.0,0.0,0.0,0.031698984652757646,0.4940411043353379,0.49418263463303447,0.0,-0.0,0.0,0.5,0.0,0.6976744186046512,0.027685970067977905,0.0,-0.08315873,0.05288438,-0.06116495
0.4642857142857143,0.5,0.3333333333333333,0.42424242424242425,0.6153846153846154,0.5869565217391305,0.0558563657104969,0.053825099021196365,0.4082627704448955,0.4082818484898963,0.41038140785625743,0.5846479615512765,0.02849775499531201,0.02849775499531201,0.9686088254675269,0.0,0.0,0.0,0.026293180696666238,0.49516055220738053,0.49529719399288297,0.0,-0.0,0.0,0.5,0.0,0.6976744186046512,0.024046458303928375,0.0,-0.07987055,0.04510124,-0.08076869
0.4642857142857143,0.5,0.3333333333333333,0.42424242424242425,0.6153846153846154,0.5869565217391305,0.6550527811050415,0.6319368481636047,0.28944170315452555,0.2894567467742395,0.4098439232569124,0.588199176085788,0.04082038466419493,0.04082038466419493,0.9510916117578745,0.0,0.0,0.0,0.046951367706060405,0.4938836474902928,0.4944883771240711,0.0,-0.0,0.0,0.5,0.0,0.6976744186046512,0.025548623874783516,0.0,-0.0746032,0.03102994,-0.10275521
0.4642857142857143,0.5,0.3333333333333333,0.42424242424242425,0.6153846153846154,0.5869565217391305,0.09060023725032806,0.08836479485034943,0.3995951439180976,0.3996139484427399,0.3971675025801358,0.5982815325323477,0.03751842970294612,0.03751842970294612,0.9600605145096779,0.0,0.0,0.0,0.028595557063817976,0.49412621604278684,0.49469775380566716,0.0,-0.0,0.0,0.5,0.0,0.6976744186046512,0.02466483972966671,0.0,-0.07768019,0.01893756,-0.12490428
0.4642857142857143,0.5,0.3333333333333333,0.42424242424242425,0.6153846153846154,0.5869565217391305,0.015846796333789825,0.015943797305226326,0.42634789095781955,0.4263674761551516,0.39866256485933554,0.5963825775555347,0.031433114781975746,0.031433114781975746,0.9672002457082272,0.0,0.0,0.0,0.020776296406984328,0.49515333864837885,0.4956057770177722,0.0,-0.0,0.0,0.5,0.0,0.6976744186046512,0.021496200934052467,0.0,-0.0853605,0.00712608,-0.14730047
0.4642857142857143,0.5,0.3333333333333333,0.42424242424242425,0.6153846153846154,0.5869565217391305,0.9418628811836243,0.938369870185852,0.3567521686079853,0.35676906988680024,0.4081441366877656,0.5895672280468808,0.04291677714458534,0.04291677714458534,0.9408276304602623,0.0,0.0,0.0,0.061252950876951213,0.49083146546036005,0.4921310283243656,0.0,-0.0,0.0485723540186882,0.48057105839252473,0.0,0.6976744186046512,0.024958301335573196,0.0,-0.08821857,-0.00265854,-0.16005588
0.4642857142857143,0.5,0.3333333333333333,0.42424242424242425,0.6153846153846154,0.5869565217391305,0.22008801996707916,0.21811391413211823,0.3654638490075135,0.3654814682772693,0.42481761293247144,0.5712335074444296,0.04691221086042268,0.04691221086042268,0.9462129361927509,0.0,0.0,0.0,0.04118251409381628,0.48948775324970484,0.4908002931624651,0.0,-0.0,0.05424315854907036,0.47830273658037187,0.0,0.6976744186046512,0.025383204221725464,0.0,-0.09283463,-0.0110334,-0.17714921
0.4642857142857143,0.5,0.3333333333333333,0.42424242424242425,0.6153846153846154,0.5869565217391305,0.08015518635511398,0.07791806012392044,0.41879563486598875,0.4188148154811239,0.4461245924291374,0.5490911098734093,0.03738171420991421,0.03738171420991421,0.9611772913485765,0.0,0.0,0.0,0.028119548223912712,0.49185824021697044,0.4926815587095916,0.0,-0.0,0.05050071328878403,0.4797997146844864,0.0,0.6976744186046512,0.02310340665280819,0.0,-0.09239797,-0.01595226,-0.19069858
0.4642857142857143,0.5,0.3333333333333333,0.42424242424242425,0.6153846153846154,0.5869565217391305,0.03834735229611397,0.03692032769322395,0.42667111794305806,0.42669057777689245,0.4634321287530786,0.5315542808631588,0.032265679910779,0.032265679910779,0.9655571095645428,0.0,0.0,0.0,0.02465197443962097,0.4935137736611068,0.49424295127391815,0.0,-0.0,0.04577472433447838,0.48169011026620867,0.0,0.6976744186046512,0.020615674555301666,0.0,-0.09651273,-0.02678505,-0.20947313
0.4642857142857143,0.5,0.3333333333333333,0.42424242424242425,0.6153846153846154,0.5869565217391305,0.026051072403788567,0.02566048689186573,0.4283299562352109,0.42834945025909016,0.4797427859406626,0.5152593482470142,0.029064176071967398,0.029064176071967398,0.9684025198221207,0.0,0.0,0.0,0.02242955807596445,0.4946070392616093,0.49524883227422833,0.0,-0.0,0.04289006069302559,0.48284397572278975,0.0,0.6976744186046512,0.01864764839410782,0.0,-0.09848139,-0.03291725,-0.22467472
0.4642857142857143,0.5,0.3333333333333333,0.42424242424242425,0.6153846153846154,0.5869565217391305,0.0,0.0,0.45715789938520063,0.45717809145582794,0.49922222188935683,0.49589115797852873,0.027496031086359708,0.027496031086359708,0.9711272828280926,0.0,0.0,0.0,0.02078336393460631,0.49546100618317723,0.49599368358030915,0.0,-0.0,0.0,0.5,0.0,0.6976744186046512,0.01730845682322979,0.0,-0.09444011,-0.0348704,-0.22185621
0.4642857142857143,0.5,0.3333333333333333,0.42424242424242425,0.6153846153846154,0.5869565217391305,0.0,0.0,0.46220276870873417,0.46222020848075474,0.5117986724777842,0.48333187809359224,0.026656720521194596,0.026656720521194596,0.9732421627268195,0.0,0.0,0.0,0.019208251871168612,0.49614586564712226,0.49658733583055437,0.0,-0.0,0.0,0.5,0.0,0.6976744186046512,0.016292907297611237,0.0,-0.09162684,-0.0345678,-0.21589553
0.4642857142857143,0.5,0.3333333333333333,0.42424242424242425,0.6153846153846154,0.5869565217391305,0.0,0.0,0.4644628674304736,0.46448034139253896,0.5247910960682491,0.47052290261310964,0.02633122594228813,0.02633122594228813,0.9743676343932748,0.0,0.0,0.0,0.018343529663980007,0.4965670632664114,0.49695042287930846,0.0,-0.0,0.0,0.5,0.0,0.6976744186046512,0.015860777348279953,0.0,-0.09921155,-0.02878959,-0.19369589
0.4642857142857143,0.5,0.3333333333333333,0.42424242424242425,0.6153846153846154,0.5869565217391305,0.23699647188186646,0.23618966341018677,0.36647334427040346,0.3664880004029429,0.5284180415520021,0.4679042243998041,0.02760171491120543,0.02760171491120543,0.9728440325707197,0.0,0.0,0.0,0.025495190918445584,0.4965321512427181,0.4968750679399818,0.0,-0.0,0.0,0.5,0.0,0.6976744186046512,0.016577361151576042,0.0,-0.08907565,-0.01545062,-0.12972766
0.4642857142857143,0.5,0.3333333333333333,0.42424242424242425,0.6153846153846154,0.5869565217391305,0.17354176938533783,0.17297981679439545,0.3680556481472621,0.3680704296432991,0.5324481759882794,0.4637867287007112,0.03800922738654273,0.03800922738654273,0.9572437349706888,0.0,0.0,0.0,0.040371425822377204,0.49475415237247944,0.4952482273802161,0.0,-0.0,0.0,0.5,0.0,0.6976744186046512,0.019919592887163162,0.0,-0.08275718,-0.00478575,-0.09718303
0.4642857142857143,0.5,0.3333333333333333,0.42424242424242425,0.6153846153846154,0.5869565217391305,0.043183136731386185,0.04205698147416115,0.42031761040879023,0.4203339304568435,0.543510008838391,0.4520904283399969,0.038348168932965825,0.038348168932965825,0.9583633169531822,0.0,0.0,0.0,0.09142250977456569,0.49225962068885565,0.49279849184677005,0.13687333464622498,0.13687333464622498,0.0,0.5,0.0,0.6976744186046512,0.026567034423351288,0.015393949579447508,-0.084435,0.00784119,-0.07161228
0.4642857142857143,0.5,0.3333333333333333,0.42424242424242425,0.6153846153846154,0.5869565217391305,0.019072864204645157,0.018929846584796906,0.43055587630882775,0.4305725724473738,0.5458996935282793,0.44942198651647886,0.04542572956000056,0.04542572956000056,0.9547932147979736,0.0,0.0,0.0,0.244883494079113,0.47330810129642487,0.4749972075223923,0.36048614978790283,0.36048614978790283,0.0,0.5,0.0,0.6976744186046512,0.06356092542409897,0.029741465114057064,-0.08067139,0.02066624,-0.04882151
0.4642857142857143,0.5,0.3333333333333333,0.42424242424242425,0.6153846153846154,0.5869565217391305,0.0,0.0,0.4385380209290047,0.43855499628625,0.541186077303002,0.45374218359453455,0.05319735301392419,0.05319735301392419,0.9473830014467239,0.0,0.0,0.0,0.35799044072628017,0.4675157628953457,0.4696448128670454,0.5286324620246887,0.5286324620246887,0.0,0.5,0.0,0.6976744186046512,0.12371845543384552,0.015268551651388407,-0.07228076,0.03460203,-0.03325433
0.5772524062721502,0.6054355791873403,0.3333333333333333,0.42424242424242425,0.404513457009935,0.3760853633644501,0.0,0.0,0.44158865047002616,0.44160577398413225,0.5246832578177661,0.46987874507397537,0.05989016432847296,0.05989016432847296,0.9446798171848059,0.0,0.0,0.0,0.38790987133979793,0.46535787731409073,0.46785005182027817,0.5744664072990417,0.5744664072990417,0.0,0.5,0.0,0.6976744186046512,0.17728540301322937,0.0,-0.07053333,0.04523415,-0.01384636
0.586451780050993,0.6140216613809267,0.3333333333333333,0.42424242424242425,0.3873412926227619,0.35891319897727697,0.0,0.0,0.4413060868447415,0.44132321605718844,0.5043171434796792,0.4899938140220391,0.06621667050889561,0.06621667050889561,0.9428921639919281,0.0,0.0,0.0,0.3993311315774917,0.46434562280774117,0.4670194648206234,0.5918614268302917,0.5918614268302917,0.0,0.5,0.0,0.6976744186046512,0.18783678114414215,0.0,-0.06900634,0.05218426,-0.0036141
0.5839972261871611,0.6117307444413503,0.3333333333333333,0.42424242424242425,0.39192312650191485,0.3634950328564299,0.0,0.0,0.4405112252864509,0.4405283658955795,0.46388988786628094,0.530124364865163,0.07705378745283399,0.07705378745283399,0.9392260275781155,0.0,0.0,0.0,0.40379883646965026,0.4627729095518589,0.465938001871109,0.5976324081420898,0.5976324081420898,0.0,0.5,0.0,0.6976744186046512,0.1721581667661667,0.0,-0.06957068,0.05832797,0.00509341
0.6140522829123906,0.6397821307182312,0.3333333333333333,0.42424242424242425,0.335820353948153,0.3073922603026681,0.0,0.0,0.44192442520170777,0.44194471129495827,0.43609632748262833,0.5581217766241813,0.08136928347604616,0.08136928347604616,0.9378162622451782,0.0,0.0,0.0,0.405733773112297,0.46333685517311096,0.46696170791983604,0.6028670072555542,0.6028670072555542,0.0,0.5,0.0,0.6976744186046512,0.18259809911251068,0.0,-0.07114901,0.06213751,0.01010918
0.616010073749792,0.6416094021664726,0.3333333333333333,0.42424242424242425,0.33216581105167037,0.30373771740618544,0.0,0.0,0.4385657718487041,0.4385859952602058,0.4155635530588504,0.5787774354111802,0.08434132539800236,0.08434132539800236,0.9375169277191162,0.0,0.0,0.0,0.405661529302597,0.46426355093717575,0.46817632019519806,0.6025916934013367,0.6025916934013367,0.0,0.5,0.0,0.6976744186046512,0.18613594770431519,0.0,-0.06736205,0.06732843,0.02184928
0.6183122588055474,0.643758108218511,0.3333333333333333,0.42424242424242425,0.3278683989475935,0.2994403053021086,0.0,0.0,0.43918946664602304,0.43920970715254715,0.3871823797718289,0.6075116080895386,0.08721158174531801,0.08721158174531801,0.9362598415464163,0.0,0.0,0.0,0.4053119719028473,0.4643992446362972,0.468751085922122,0.6021155118942261,0.6021155118942261,0.0,0.5,0.0,0.6976744186046512,0.18917089700698853,0.0,-0.06449612,0.07037673,0.04453009
0.6328596061184293,0.6573356323772006,0.3333333333333333,0.42424242424242425,0.3007133506302141,0.27228525698472916,0.0,0.0,0.43780118557508774,0.4378213292098182,0.3720362013202324,0.6230819311419541,0.0884083631847586,0.0884083631847586,0.9358089361339808,0.0,0.0,0.0,0.40288578569889066,0.46460895240306854,0.46937449648976326,0.5975485444068909,0.5975485444068909,0.0,0.5,0.0,0.6976744186046512,0.199107363820076,0.0,-0.06332363,0.07476018,0.05328577
0.6326572341578347,0.6571467518806458,0.3333333333333333,0.42424242424242425,0.3010911116233239,0.272663017977839,0.0,0.0,0.43918797368073326,0.43920817999721257,0.3604656861343529,0.634935841910875,0.08917598852089474,0.08917598852089474,0.935035252943635,0.0,0.0,0.0,0.403298282623291,0.46468590572476387,0.469702398404479,0.5976629257202148,0.5976629257202148,0.0,0.5,0.0,0.6976744186046512,0.1994977593421936,0.0,-0.06428995,0.07700215,0.05284381
0.6352311702711242,0.6595490922530493,0.3333333333333333,0.42424242424242425,0.29628643087851697,0.26785833723303204,0.0,0.0,0.441852079066902,0.4418722910817221,0.3434619739452238,0.652465550844295,0.09163413462894304,0.09163413462894304,0.9336368516087532,0.0,0.0,0.0,0.4049315810203552,0.46482979506254196,0.47036484628915787,0.6001346707344055,0.6001346707344055,0.0,0.5,0.0,0.6976744186046512,0.19990932941436768,0.0,-0.05332079,0.07131983,0.05164464
0.6368812964785666,0.6610892100466622,0.3333333333333333,0.42424242424242425,0.293206195291291,0.26477810164580606,0.0,0.0,0.4428966305223979,0.4429168596322404,0.34062335687203343,0.6554814432997954,0.09274672716856003,0.09274672716856003,0.9321235753595829,0.0,0.0,0.0,0.40518265068531034,0.4660422094166279,0.47180769965052605,0.6007697582244873,0.6007697582244873,0.0,0.5,0.0,0.6976744186046512,0.20290207862854004,0.0,-0.05908754,0.07472321,0.04921107
0.5920322471786112,0.6192300973667039,0.3333333333333333,0.42424242424242425,0.3769244206512077,0.34849632700572275,0.0,0.0,0.4357460048868825,0.4357638406935887,0.7448461023844907,0.2627279192671443,0.09874597191810608,0.09874597191810608,0.9305500574409962,0.0,0.0,0.0,0.40636377334594725,0.46594302356243134,0.4719516634941101,0.6028276085853577,0.6028276085853577,0.0,0.5,0.0,0.6976744186046512,0.18239955604076385,0.0,-0.06535562,0.07262916,0.04523491
0.5904719802950109,0.6177738482753435,0.3333333333333333,0.42424242424242425,0.3798369188339283,0.35140882518844335,0.0,0.0,0.432079344816919,0.43209704956178685,0.7462943470956718,0.26144137067452394,0.1020112686923572,0.1020112686923572,0.929128885269165,0.0,0.0,0.0,0.40639708936214447,0.4652525335550308,0.4716943372040987,0.6043102145195007,0.6043102145195007,0.0,0.5,0.0,0.6976744186046512,0.17730695009231567,0.0,-0.06221623,0.06875453,0.03805263
0.5912662831445535,0.6185151976015832,0.3333333333333333,0.42424242424242425,0.3783542201814489,0.34992612653596394,0.0,0.0,0.431305054268919,0.4313227020303788,0.7482786005359306,0.2595716310909961,0.10328072522367751,0.10328072522367751,0.9285787455737591,0.0,0.0,0.0,0.40250777304172514,0.46499303728342056,0.4718089457601309,0.6023452281951904,0.6023452281951904,0.0,0.5,0.0,0.6976744186046512,0.1769365817308426,0.0,-0.05873288,0.0631418,0.02984095
0.4642857142857143,0.5,0.3333333333333333,0.42424242424242425,0.6153846153846154,0.5869565217391305,0.0,0.0,0.4959652007594847,0.49598805146224184,0.5137485620738443,0.48428649263623064,0.10510688381535667,0.10510688381535667,0.9300323463976383,0.0,0.0,0.0,0.3812418699264526,0.46567772701382637,0.47247040271759033,0.565952479839325,0.565952479839325,0.0,0.5,0.0,0.6976744186046512,0.17617389559745789,0.0,-0.05969853,0.05797291,0.01980965
0.4642857142857143,0.5,0.3333333333333333,0.42424242424242425,0.6153846153846154,0.5869565217391305,0.0,0.0,0.4877079751477871,0.4877305932870103,0.5557311007443168,0.4429657435959151,0.10770210197993688,0.10770210197993688,0.9340587127953768,0.0,0.0,0.0,0.3636963665485382,0.4662642367184162,0.472669979557395,0.5392900109291077,0.5392900109291077,0.0,0.5,0.0,0.6976744186046512,0.17477795481681824,0.0,-0.05897854,0.05357433,0.00691417
0.4642857142857143,0.5,0.3333333333333333,0.42424242424242425,0.6153846153846154,0.5869565217391305,0.0,0.0,0.5154213783959813,0.5154444880170986,0.5477680626608445,0.45100193128024596,0.10977447032928468,0.10977447032928468,0.9377917293459177,0.0,0.0,0.0,0.32302956879138944,0.46750230342149734,0.47342310659587383,0.48247623443603516,0.48247623443603516,0.0,0.5,0.0,0.6976744186046512,0.1746937334537506,0.0,-0.06018464,0.04799291,-0.00172931
0.4642857142857143,0.5,0.3333333333333333,0.42424242424242425,0.6153846153846154,0.5869565217391305,0.0,0.0,0.5240857896339824,0.5241090616578126,0.5949852439231216,0.4047088271522563,0.10837612407548088,0.10837612407548088,0.9416473861783743,0.0,0.0,0.0,0.3403143227100372,0.4689037390053272,0.47418425790965557,0.509803295135498,0.509803295135498,0.0,0.5,0.0,0.6976744186046512,0.17105059325695038,0.0,-0.05949897,0.0470599,-0.01503495
0.4642857142857143,0.5,0.3333333333333333,0.42424242424242425,0.6153846153846154,0.5869565217391305,0.0,0.0,0.5287242874816545,0.5287475709021662,0.6258614984114813,0.37482866542922333,0.10732973792723248,0.10732973792723248,0.9432473033666611,0.0,0.0,0.0,0.3627201363444328,0.46940277703106403,0.47414880990982056,0.5391867160797119,0.5391867160797119,0.0,0.5,0.0,0.6976744186046512,0.1642763763666153,0.0,-0.06111415,0.04721466,-0.02820857
0.591058518382765,0.618321283823914,0.3333333333333333,0.42424242424242425,0.37874204773678743,0.3503139540913025,0.0,0.0,0.46111219460376135,0.46113562333196345,0.47428411165569295,0.5201223778172565,0.10561207575457437,0.10561207575457437,0.9427775572985411,0.0,0.0,0.0,0.4083818435668945,0.46850471943616867,0.4729186240583658,0.6058651208877563,0.6058651208877563,0.0,0.5,0.0,0.6976744186046512,0.17424124479293823,0.0,-0.05667406,0.04288017,-0.0348077
0.6173905155488423,0.6428978145122528,0.3333333333333333,0.42424242424242425,0.3295889863601098,0.3011608927146249,0.0,0.0,0.44535019931100295,0.445373328876313,0.47419024003851257,0.5200333013538598,0.10185110249689648,0.10185110249689648,0.9408725369721651,0.0,0.0,0.0,0.4295433759689331,0.46732811629772186,0.4714701808989048,0.6322081089019775,0.6322081089019775,0.0,0.5,0.0,0.6976744186046512,0.1825246810913086,0.0,-0.05019868,0.04238712,-0.03789917
0.6199382327142215,0.6452756838666068,0.3333333333333333,0.42424242424242425,0.3248332476514018,0.2964051540059169,0.0,0.0,0.4457150526757906,0.4457381936377822,0.4829400109971231,0.5113368155800767,0.09272889899356025,0.09272889899356025,0.9390179850161076,0.0,0.0,0.0,0.4306345224380493,0.4656042344868183,0.4694169070571661,0.6330185532569885,0.6330185532569885,0.0,0.5,0.0,0.6976744186046512,0.18032371997833252,0.0,-0.05730732,0.04272692,-0.05154344
0.6194736180560929,0.6448420435190201,0.3333333333333333,0.42424242424242425,0.32570052834657526,0.2972724347010903,0.0,0.0,0.4455619496551572,0.44558505642710405,0.4937966145418342,0.5005415226209182,0.08993221180779594,0.08993221180779594,0.9377403557300568,0.0,0.0,0.0,0.4343615144491195,0.4647551700472832,0.46842503920197487,0.6363532543182373,0.6363532543182373,0.0,0.5,0.0,0.6976744186046512,0.1868382841348648,0.0,-0.05853582,0.04230705,-0.06225853
0.6183892303989047,0.6438299483723111,0.3333333333333333,0.42424242424242425,0.3277247186399933,0.2992966249945084,0.0,0.0,0.44573014758057167,0.4457532714475409,0.49970169731257325,0.49463243438403826,0.08779135399631093,0.08779135399631093,0.9371895957738161,0.0,0.0,0.0,0.4350152134895324,0.46369125694036484,0.4671928733587265,0.6369394659996033,0.6369394659996033,0.0,0.5,0.0,0.6976744186046512,0.1887904852628708,0.0,-0.05531202,0.04030173,-0.07070474
0.6196430300672848,0.6450001613961326,0.3333333333333333,0.42424242424242425,0.3253842925923503,0.29695619894686537,0.0,0.0,0.44570515465781974,0.4457283013181522,0.5043886480407779,0.48993299563067316,0.0860291107424668,0.0860291107424668,0.9371297024190426,0.0,0.0,0.0,0.43427329063415526,0.46316172927618027,0.46650783345103264,0.635979950428009,0.635979950428009,0.0,0.5,0.0,0.6976744186046512,0.18938840925693512,0.0038099789526313543,-0.0507751,0.03609626,-0.08776788
0.6201258365597044,0.6454507807890574,0.3333333333333333,0.42424242424242425,0.3244830538065006,0.2960549601610157,0.0,0.0,0.4423660067253769,0.4423890622122566,0.514639456345064,0.4797653207764748,0.08531865796872548,0.08531865796872548,0.9364026840776205,0.0,0.0,0.0,0.4346474438905716,0.46303268522024155,0.4662344567477703,0.6359540820121765,0.6359540820121765,0.0,0.5,0.0,0.6976744186046512,0.1920216828584671,0.043630232103168964,-0.05179508,0.03231017,-0.10768268
0.6206499139467876,0.6459399196836684,0.3333333333333333,0.42424242424242425,0.32350477601727873,0.2950766823717938,0.0,0.0,0.4353253590673151,0.4353469101922234,0.2969109743092757,0.7038858396778549,0.08599879486220224,0.08599879486220224,0.9359976314008236,0.0,0.0,0.0,0.43562654256820676,0.4629732258617878,0.4658016487956047,0.6355012655258179,0.6355012655258179,0.0,0.5,0.0,0.6976744186046512,0.19615060091018677,0.10022679343819618,-0.05675096,0.03281474,-0.12282828
0.6250100469305402,0.6500093771351708,0.3333333333333333,0.42424242424242425,0.3153658611142738,0.28693776746878885,0.0,0.0,0.4381828661402598,0.4382045540253473,0.3047900701344127,0.6955408816988969,0.08753128083688873,0.08753128083688873,0.9347550980746746,0.0,0.0,0.0,0.43412771821022034,0.46280568093061447,0.4653078243136406,0.6329284310340881,0.6329284310340881,0.0,0.5,0.0,0.6976744186046512,0.19492989778518677,0.10985327884554863,-0.05828419,0.03015914,-0.12369388
0.6282340284614336,0.6530184265640047,0.3333333333333333,0.42424242424242425,0.30934776225660604,0.2809196686111211,0.0,0.0,0.43838376684352953,0.43840545472861703,0.30300863203993267,0.6974373123107352,0.08876580478889602,0.08876580478889602,0.9332509003579617,0.0,0.0,0.0,0.43486190140247344,0.4628153517842293,0.4651355557143688,0.6342085599899292,0.6342085599899292,0.0,0.5,0.0,0.6976744186046512,0.19344207644462585,0.11198064312338829,-0.05946428,0.02885895,-0.1233419
0.4642857142857143,0.5,0.3333333333333333,0.42424242424242425,0.6153846153846154,0.5869565217391305,0.5315784811973572,0.5306370854377747,0.31200176488828935,0.312020045165578,0.40728398354058054,0.591478602557469,0.09472672694495747,0.09472672694495747,0.9319389201700687,0.0,0.0,0.0,0.3652315109968185,0.45353278890252113,0.45576076582074165,0.5206518173217773,0.5206518173217773,0.0,0.5,0.0,0.6976744186046512,0.1578049510717392,0.11797405779361725,-0.07215916,0.0283732,-0.11647221
0.5953673000137012,0.6223428133461211,0.3333333333333333,0.42424242424242425,0.37069898869237333,0.3422708950468884,0.0,0.0,0.45237454971437474,0.4523969242495287,0.34019679047637413,0.6581569852559511,0.09407879784703255,0.09407879784703255,0.9336394742131233,0.0,0.0,0.0,0.42522501945495605,0.4566798135638237,0.4574119858443737,0.6205834746360779,0.6205834746360779,0.0,0.5,0.0,0.6976744186046512,0.15898600220680237,0.11868638917803764,-0.06503191,0.03216337,-0.12166625
0.6257414012437775,0.6506919744941924,0.3333333333333333,0.42424242424242425,0.31400066639623075,0.2855725727507458,0.0,0.0,0.4495131962613895,0.44953537990212666,0.32148560465635806,0.6776786118980069,0.09148610755801201,0.09148610755801201,0.934222262352705,0.0,0.0,0.0,0.43211991190910337,0.45980630815029144,0.4615042619407177,0.631581723690033,0.631581723690033,0.0,0.5,0.0,0.6976744186046512,0.1814161241054535,0.11397385038435459,-0.06241047,0.03263519,-0.12079589
0.6395026856944674,0.663535839981503,0.3333333333333333,0.42424242424242425,0.2883129354216095,0.2598848417761246,0.0,0.0,0.43090407342345494,0.4309268268982721,0.5264442445671125,0.4681541251356191,0.08853736200502942,0.08853736200502942,0.9340167790651321,0.0,0.0,0.0,0.433341172337532,0.46109601855278015,0.46311111003160477,0.6329259872436523,0.6329259872436523,0.0,0.5,0.0,0.6976744186046512,0.18847022950649261,0.1076781190931797,-0.0683104,0.03755236,-0.09560716
0.6423338087541717,0.6661782215038935,0.3333333333333333,0.42424242424242425,0.28302817237682837,0.25460007873134344,0.0,0.0,0.42818263703049025,0.4282053962036483,0.519098999224475,0.47521600481150433,0.08544247863548143,0.08544247863548143,0.9332975894212723,0.0,0.0,0.0,0.43359589278697963,0.46177732944488525,0.4641283117234707,0.6336137652397156,0.6336137652397156,0.0,0.5,0.0,0.6976744186046512,0.18767672777175903,0.06603697780519724,-0.06298612,0.04461211,-0.08352107
0.6494690790062859,0.6728378070725335,0.3333333333333333,0.42424242424242425,0.26970900123954844,0.2412809075940635,0.0,0.0,0.4235687303725438,0.42358789959099735,0.5135115096719497,0.4807072850025356,0.08408812539918083,0.08408812539918083,0.9325266480445862,0.0,0.0,0.0,0.43263792693614955,0.4621853679418564,0.46489499136805534,0.6333109736442566,0.6333109736442566,0.0,0.5,0.0,0.6976744186046512,0.18767128884792328,0.03239470301195979,-0.06036104,0.0477605,-0.06597751
0.650929437151977,0.6742008080085119,0.3333333333333333,0.42424242424242425,0.2669829993675917,0.23855490572210675,0.0,0.0,0.4240398805866278,0.42405903840839976,0.5075555212411096,0.4866674189763083,0.08171003311872482,0.08171003311872482,0.9334891848266125,0.0,0.0,0.0,0.41228186190128324,0.462816022336483,0.4658035598695278,0.6073839664459229,0.6073839664459229,0.0,0.5,0.0,0.6976744186046512,0.18784059584140778,0.02596184378489852,-0.06288457,0.05120522,-0.05088323
0.6502315217540378,0.6735494203037686,0.3333333333333333,0.42424242424242425,0.26828577477707827,0.23985768113159334,0.0,0.0,0.42475097083680713,0.42477015715028316,0.49480006350898836,0.4993692200630112,0.07957249613744873,0.07957249613744873,0.9351552780717611,0.0,0.0,0.0,0.39583952128887173,0.4636021926999092,0.46678734198212624,0.5824796557426453,0.5824796557426453,0.0,0.5,0.0,0.6976744186046512,0.1849934607744217,0.03242532489821315,-0.06321118,0.0603643,-0.00169476
0.6516395218315578,0.6748635537094541,0.3333333333333333,0.42424242424242425,0.2656575079657074,0.2372294143202225,0.0,0.0,0.4254123373651596,0.42543153507531717,0.48025899436004305,0.5138558697011635,0.07862720638513565,0.07862720638513565,0.9368592984974384,0.0,0.0,0.0,0.3766662687063217,0.46498220413923264,0.4681657552719116,0.5534018278121948,0.5534018278121948,0.0,0.5,0.0,0.6976744186046512,0.18218426406383514,0.03591769142076373,-0.06181143,0.06546819,0.01808357
0.6406041209896406,0.6645638462569978,0.3333333333333333,0.42424242424242425,0.2862569228706197,0.2578288292251348,0.0,0.0,0.4257171872013158,0.4257363279280654,0.47250626351591735,0.5217642094112896,0.07802507174866541,0.07802507174866541,0.938171049579978,0.0,0.0,0.0,0.3656975597143173,0.46592915058135986,0.46906580962240696,0.5289483070373535,0.5289483070373535,0.0,0.5,0.0,0.6976744186046512,0.1768622100353241,0.05033581983298063,-0.05818432,0.06839623,0.02873173
0.6164598848138537,0.6420292258262634,0.3333333333333333,0.42424242424242425,0.33132616373208856,0.30289807008660363,0.09033078700304031,0.08958259224891663,0.40265273683157754,0.402671051298911,0.4615255579437854,0.5333930414169236,0.07992030786616462,0.07992030786616462,0.9382151775062084,0.0,0.0,0.0,0.31817786395549774,0.4605938084423542,0.46339474990963936,0.4514330327510834,0.4514330327510834,0.0,0.5,0.0,0.6976744186046512,0.14927557110786438,0.07374867331236601,-0.05589815,0.07021123,0.03728202
0.6483423028673445,0.6717861493428549,0.3333333333333333,0.42424242424242425,0.27181231669890576,0.24338422305342083,0.0,0.0,0.4326612593794872,0.43268046278798555,0.4534818285054048,0.5411690385865385,0.07766625976988248,0.07766625976988248,0.940485417842865,0.0,0.0,0.0,0.34868839830160137,0.46282800287008286,0.46548039093613625,0.5033363103866577,0.5033363103866577,0.0,0.5,0.0,0.6976744186046512,0.14991050958633423,0.07079022470861673,-0.0541532,0.07327476,0.04620195
0.6497179195284843,0.6730700582265854,0.3333333333333333,0.42424242424242425,0.26924449893144464,0.2408164052859597,0.0,0.0,0.4289566939465175,0.42897584606994865,0.4479555149151308,0.5466367547137737,0.07693065596478327,0.07693065596478327,0.9420341532677412,0.0,0.0,0.0,0.3454057276248932,0.4646535888314247,0.46737678721547127,0.5004557371139526,0.5004557371139526,0.0,0.5,0.0,0.6976744186046512,0.1595311313867569,0.06560605484992266,-0.05358184,0.07639816,0.05593088
0.5909428969025612,0.6182133704423904,0.3333333333333333,0.42424242424242425,0.37895787449983453,0.3505297808543496,0.0,0.0,0.42710818068247225,0.42712691682702497,0.5615013090192018,0.4350767782445113,0.0772621189909322,0.0772621189909322,0.9426556844264269,0.0,0.0,0.0,0.32973063588142393,0.465737484395504,0.4685956947505474,0.48296359181404114,0.48296359181404114,0.0,0.5,0.0,0.6976744186046512,0.16233158111572266,0.03577756695449352,-0.04641991,0.07343864,0.074283
0.5653700828552246,0.5943454106648763,0.3333333333333333,0.42424242424242425,0.42669379405486285,0.3982657004093779,0.0,0.0,0.42280122654843744,0.422818936991646,0.7005034149490852,0.3028735963559237,0.0800536572933197,0.0800536572933197,0.9431048631668091,0.0,0.0,0.0,0.31393320113420486,0.46597475931048393,0.4692350998520851,0.46124064922332764,0.46124064922332764,0.0,0.5,0.0,0.6976744186046512,0.14470091462135315,0.02446267055347562,-0.0416434,0.06785984,0.08993839
0.5713019379902453,0.5998818087908957,0.3333333333333333,0.42424242424242425,0.4156209978028241,0.38719290415733915,0.0,0.0,0.424677034864918,0.4246948022915346,0.7010746622176744,0.3024078823589636,0.08335167808192118,0.08335167808192118,0.9425036981701851,0.0,0.0,0.0,0.33458131849765776,0.4658578857779503,0.46947865560650826,0.4933929741382599,0.4933929741382599,0.0,0.5,0.0,0.6976744186046512,0.1455991566181183,0.016878931783139706,-0.03776337,0.06098733,0.09324059
0.576222842470521,0.6044746529724863,0.3333333333333333,0.42424242424242425,0.40643530943964284,0.3780072157941579,0.0,0.0,0.42472838831221393,0.4247460987554226,0.7018915079747742,0.3017525959602455,0.0868690705725125,0.0868690705725125,0.940712733194232,0.0,0.0,0.0,0.33665943890810013,0.4654816649854183,0.4694579616189003,0.49743759632110596,0.49743759632110596,0.0,0.5,0.0,0.6976744186046512,0.14575375616550446,0.0082668213872239,-0.03580643,0.04983286,0.09419475
0.576976668267023,0.6051782237158881,0.3333333333333333,0.42424242424242425,0.40502816795283914,0.3766000743073542,0.0,0.0,0.4264680803619881,0.42648583639192306,0.6990336305096774,0.3044715250832578,0.08738852771265167,0.08738852771265167,0.9404569771140814,0.0,0.0,0.0,0.332038202881813,0.4656066745519638,0.4697071202099323,0.49083244800567627,0.49083244800567627,0.0,0.5,0.0,0.6976744186046512,0.14575988054275513,0.004237636458128691,-0.03445907,0.04369676,0.09161554
0.5717282442464715,0.60027969463004,0.3333333333333333,0.42424242424242425,0.4148252261245353,0.3863971324790504,0.9573659300804138,0.956594705581665,0.3715049108173377,0.37152185768287904,0.43044940281096655,0.5664128094234107,0.1045872803245272,0.1045872803245272,0.938077662140131,0.0,0.0,0.0,0.25883345454931256,0.45839760079979897,0.4644737131893635,0.3681284785270691,0.3681284785270691,0.0,0.5,0.0,0.6976744186046512,0.14069706201553345,0.0,-0.03305999,0.03215914,0.09218863
0.4642857142857143,0.5,0.3333333333333333,0.42424242424242425,0.6153846153846154,0.5869565217391305,0.1177329421043396,0.1165454313158989,0.4054326268044758,0.4054498756820795,0.6869143423113266,0.31609819171938747,0.10554734085287368,0.10554734085287368,0.9393083825707436,0.0,0.0,0.0,0.2712786555290222,0.45997459441423416,0.46481697261333466,0.3959959149360657,0.3959959149360657,0.0,0.5,0.0,0.6976744186046512,0.13803070783615112,0.0,-0.02650408,0.02277783,0.09566301
0.4642857142857143,0.5,0.3333333333333333,0.42424242424242425,0.6153846153846154,0.5869565217391305,0.0,0.0,0.43293317850415614,0.43295106559592955,0.6996099834916241,0.3039668116418577,0.09622982570103238,0.09622982570103238,0.9420541375875473,0.0,0.0,0.0,0.30041668266057964,0.4632614925503731,0.4675307348370552,0.4408632218837738,0.4408632218837738,0.0,0.5,0.0,0.6976744186046512,0.13568131625652313,0.0,-0.01289789,0.00742412,0.12973401
0.4642857142857143,0.5,0.3333333333333333,0.42424242424242425,0.6153846153846154,0.5869565217391305,0.0,0.0,0.4339163303375244,0.433934297206069,0.6959912407694537,0.3073755363154771,0.09275385311671666,0.09275385311671666,0.9426414426416159,0.0,0.0,0.0,0.30861174464225766,0.46409036591649055,0.46840430051088333,0.4550149440765381,0.4550149440765381,0.0,0.5,0.0,0.6976744186046512,0.13539506494998932,0.0,-0.01186686,0.00528933,0.13190188
0.4642857142857143,0.5,0.3333333333333333,0.42424242424242425,0.6153846153846154,0.5869565217391305,0.574953019618988,0.569734513759613,0.2900593121238694,0.290073649149324,0.4588758836056944,0.5387687079714493,0.09113967152578491,0.09113967152578491,0.9428086709231138,0.0,0.0,0.0,0.2588585615158081,0.4625616557896137,0.4673643782734871,0.3743131458759308,0.3743131458759308,0.0,0.5,0.0,0.6976744186046512,0.13525807857513428,0.0,-0.01261682,0.00770509,0.12838815
0.4642857142857143,0.5,0.3333333333333333,0.42424242424242425,0.6153846153846154,0.5869565217391305,0.14490635693073273,0.14383842051029205,0.403202045488084,0.4032204169388255,0.4439913843603481,0.550892180176533,0.09124641439744405,0.09124641439744405,0.9392398465424776,0.0,0.0,0.0,0.29846493154764175,0.45685628801584244,0.4608662389218807,0.4292512536048889,0.4292512536048889,0.0,0.5,0.0,0.6976744186046512,0.13390764594078064,0.0,-0.01345433,0.0097588,0.12340371
0.5995800711569332,0.6262747330798043,0.3333333333333333,0.42424242424242425,0.3628351492250068,0.3344070555795219,0.0,0.0,0.43452879940346595,0.43454809968375796,0.4566740817595166,0.5378284917114291,0.0857850510094847,0.0857850510094847,0.9411785248667002,0.0,0.0,0.0,0.31918216347694395,0.4641643390059471,0.4668421670794487,0.4619087874889374,0.4619087874889374,0.0,0.5,0.0,0.6976744186046512,0.13332776725292206,0.004583362024277449,-0.01554299,0.01282636,0.11621358
0.6058462489218939,0.6321231656604342,0.3333333333333333,0.42424242424242425,0.3511382840637468,0.3227101904182619,0.0,0.0,0.43636006948824824,0.4363795863054906,0.46573272843205904,0.5286406878708831,0.0811398561511721,0.0811398561511721,0.942254176363349,0.0,0.0,0.0,0.34628504514694214,0.4646748937666416,0.46747366711497307,0.5052433609962463,0.5052433609962463,0.0,0.5,0.0,0.6976744186046512,0.13077591359615326,0.015292975585907698,-0.02125698,0.01302012,0.10971637
0.6020117765736013,0.6285443248020278,0.3333333333333333,0.42424242424242425,0.35829596578055983,0.3298678721350749,0.0,0.0,0.4320165775929993,0.43203599184010727,0.4961117570988307,0.49833730182907043,0.07650944803442274,0.07650944803442274,0.9410623572766781,0.0,0.0,0.0,0.3912861585617065,0.46372782811522484,0.46660804748535156,0.5726397037506104,0.5726397037506104,0.0,0.5,0.0,0.6976744186046512,0.12767067551612854,0.016243685968220234,-0.02764039,0.01344522,0.10322171
0.6021635244999614,0.6286859561999639,0.3333333333333333,0.42424242424242425,0.3580127029846876,0.3295846093392027,0.0,0.0,0.43097457899418207,0.43099394195622287,0.5191917753356364,0.47546991717924303,0.07472772683416094,0.07472772683416094,0.938871692866087,0.0,0.0,0.0,0.4121484309434891,0.4616231769323349,0.4644710458815098,0.6035493016242981,0.6035493016242981,0.0,0.5,0.0,0.6976744186046512,0.1288272738456726,0.020649258513003588,-0.0261103,0.01092461,0.08297248
0.606627162900709,0.6328520187073283,0.3333333333333333,0.42424242424242425,0.34968057796995866,0.32125248432447373,0.0,0.0,0.427709435413718,0.4277287129006468,0.5314516700932446,0.4633859074087895,0.07347100813473974,0.07347100813473974,0.9366378895938396,0.0,0.0,0.0,0.42707596719264984,0.460524495691061,0.4633791595697403,0.6265857219696045,0.6265857219696045,0.0,0.5,0.0,0.6976744186046512,0.14255087077617645,0.02516749780625105,-0.03776646,0.01476221,0.01630571
0.6123249944122064,0.638169994784726,0.3333333333333333,0.42424242424242425,0.33904462581516337,0.31061653216967844,0.0,0.0,0.4256503798537683,0.42566960605562987,0.5408608530493129,0.45406873271245984,0.07250129378267697,0.07250129378267697,0.9345855861902237,0.0,0.0,0.0,0.44235844314098355,0.45945916697382927,0.46238861978054047,0.6469927430152893,0.6469927430152893,0.0,0.5,0.0,0.6976744186046512,0.1712457835674286,0.029179106932133436,-0.03987567,0.01432233,-0.01011929
0.6138020631458079,0.6395485922694206,0.3333333333333333,0.42424242424242425,0.33628743084577417,0.30785933720028924,0.0,0.0,0.42943292138225486,0.4294522102658653,0.5487133718129553,0.4464291495478582,0.0727956449346883,0.0727956449346883,0.9322787411510944,0.0,0.0,0.0,0.44641734361648555,0.4586908519268036,0.4616609774529934,0.6522728204727173,0.6522728204727173,0.0,0.5,0.0,0.6976744186046512,0.17380741238594055,0.03948025405406952,-0.04542944,0.0176962,-0.02955346
0.615618527999946,0.6412439594666163,0.3333333333333333,0.42424242424242425,0.3328966964513828,0.3044686028058979,0.0,0.0,0.4266344605166871,0.4266536525285039,0.564751978814032,0.43081554759706137,0.07376183888741902,0.07376183888741902,0.9287676401436329,0.0,0.0,0.0,0.45973840951919553,0.45708874240517616,0.46030116081237793,0.669407308101654,0.669407308101654,0.0,0.5,0.0,0.6976744186046512,0.16810639202594757,0.045856148935854435,-0.04389747,0.01904237,-0.04645
0.6271836119038718,0.652038037776947,0.3333333333333333,0.42424242424242425,0.3113085398307214,0.28288044618523644,0.0,0.0,0.42100012917819485,0.42101915593812844,0.5821882064666164,0.41378260291962454,0.07421374587076052,0.07421374587076052,0.9246390610933304,0.0,0.0,0.0,0.471725332736969,0.4550422765314579,0.4585151635110378,0.6855205297470093,0.6855205297470093,0.0,0.5,0.0,0.6976744186046512,0.16503675282001495,0.05626962520182133,-0.04631458,0.02176475,-0.06246477
0.6312119013496807,0.6557977745930353,0.3333333333333333,0.42424242424242425,0.3037890661985447,0.27536097255305975,0.0,0.0,0.41850386272197015,0.4185227926101101,0.5866142787167492,0.4095406098707178,0.07468853944114277,0.07468853944114277,0.9216420873999596,0.0,0.0,0.0,0.47334588468074795,0.4533453471958637,0.4567798785865307,0.687656044960022,0.687656044960022,0.0,0.5,0.0,0.6976744186046512,0.16323482990264893,0.07518005557358265,-0.0466208,0.02527605,-0.08524598
0.638112886320977,0.6622386938995786,0.3333333333333333,0.42424242424242425,0.2909072275854584,0.26247913393997346,0.0,0.0,0.418849581058349,0.41886851094648897,0.5877697255825678,0.40844390720021384,0.07423925346561841,0.07423925346561841,0.9201222434639931,0.0,0.0,0.0,0.4743700236082077,0.45284464955329895,0.4562909007072449,0.6893125176429749,0.6893125176429749,0.0,0.5,0.0,0.6976744186046512,0.16237254440784454,0.0655854307115078,-0.05204494,0.02533584,-0.10537351
0.6381904610565731,0.6623110969861349,0.3333333333333333,0.42424242424242425,0.2907624214123457,0.2623343277668608,0.0,0.0,0.41982474381791474,0.4198437192927811,0.5848573377893714,0.4112928838569798,0.07340852969459126,0.07340852969459126,0.9185461476445198,0.0,0.0,0.0,0.4754546821117401,0.4521335959434509,0.4555407240986824,0.6911407113075256,0.6911407113075256,0.04971253499388695,0.48011498600244523,0.04774321988224983,0.7359221605800612,0.16176141798496246,0.04760765936225653,-0.0583926,0.02686376,-0.1194734
0.6371056653913998,0.6612986210319731,0.3333333333333333,0.42424242424242425,0.29278737332066923,0.2643592796751843,0.0,0.0,0.4173084590904571,0.41732734339187066,0.5816798574837854,0.4144044628512057,0.07209372307573046,0.07209372307573046,0.9179675728082657,0.0,0.0,0.0,0.4772467583417892,0.4511570706963539,0.45471517369151115,0.6946790814399719,0.6946790814399719,0.0,0.5,0.0,0.6976744186046512,0.16179266571998596,0.02244357019662857,-0.06007169,0.02666893,-0.1282704
0.6299167509589877,0.6545889675617218,0.3333333333333333,0.42424242424242425,0.3062066802611718,0.2777785866156869,0.0,0.0,0.4136472409359584,0.4136659998738743,0.5816526877948477,0.4144888780718273,0.07184333833200592,0.07184333833200592,0.9163978509604931,0.0,0.0,0.0,0.48142920136451717,0.45002152770757675,0.4537167139351368,0.7020602226257324,0.7020602226257324,0.0,0.5,0.0,0.6976744186046512,0.15787160396575928,0.0090291618835181,-0.06148522,0.02977594,-0.13997242
0.6307738781684921,0.6553889529572593,0.3333333333333333,0.42424242424242425,0.3046067094700969,0.27617861582461195,0.0,0.0,0.4081746228110494,0.4081932335921045,0.5950101456724207,0.40147075638893637,0.0727040959256036,0.0727040959256036,0.9143000394105911,0.0,0.0,0.0,0.4771470189094543,0.4487084187567234,0.4523485116660595,0.6953334808349609,0.6953334808349609,0.04871809482574463,0.48051276206970217,0.04630209878087044,0.7408364591470291,0.15277878940105438,0.0,-0.0774843,0.02244299,-0.16136476
0.6338302305056935,0.6582415484719806,0.3333333333333333,0.42424242424242425,0.29890151844065416,0.2704734247951692,0.0,0.0,0.4125205080094346,0.4125390618070818,0.4960472241015553,0.49948718711426743,0.07457854758415904,0.07457854758415904,0.9129569418728352,0.0,0.0,0.0,0.47597832977771753,0.4482223838567734,0.45168180018663406,0.693151593208313,0.693151593208313,0.04836051166057587,0.48065579533576963,0.045928195118904114,0.7369353243171476,0.1510043442249298,0.0,-0.0665559,0.0224691,-0.16870323
0.6377185466034072,0.6618706434965134,0.3333333333333333,0.42424242424242425,0.2916433283915887,0.26321523474610375,0.0,0.0,0.4131084913049556,0.4131266234253834,0.38242969002368116,0.6152616478922212,0.07930804576192584,0.07930804576192584,0.9116018712520599,0.0,0.0,0.0,0.4767044812440872,0.4451587237417698,0.44783418625593185,0.6932424306869507,0.6932424306869507,0.0,0.5,0.0,0.6976744186046512,0.14749351143836975,0.0019851222168654203,-0.06380157,0.02406014,-0.1705638
0.6371401775450933,0.6613308323754205,0.3333333333333333,0.42424242424242425,0.2927229506337745,0.2642948569882896,0.0,0.0,0.4136912150319174,0.41370933005732285,0.37628645696330026,0.6216512715104838,0.08166888994829996,0.08166888994829996,0.91053431853652,0.0,0.0,0.0,0.479984450340271,0.4429306499660015,0.4456295855343342,0.6973726749420166,0.6973726749420166,0.0,0.5,0.0,0.6976744186046512,0.14487682282924652,0.007167239091359079,-0.06032808,0.02068904,-0.17607729
0.6337600708717391,0.6581760661469566,0.3333333333333333,0.42424242424242425,0.29903248309070235,0.2706043894452174,0.0,0.0,0.4116948868075019,0.41171291635779533,0.37121755488743974,0.626871612691464,0.08251785699810302,0.08251785699810302,0.909927599132061,0.0,0.0,0.0,0.48070071339607234,0.4421227127313614,0.4447408616542816,0.6982257962226868,0.6982257962226868,0.0,0.5,0.0,0.6976744186046512,0.14378084242343903,0.01218658173456788,-0.06151872,0.01778555,-0.17738964
0.6230028605177289,0.6481360031498803,0.3333333333333333,0.42424242424242425,0.31911260908485484,0.2906845154393699,0.0,0.0,0.4153773768682097,0.41539570843056556,0.3932958105098221,0.6037518371308916,0.08180498810751098,0.08180498810751098,0.9109311178326607,0.0,0.0,0.0,0.4843380630016327,0.44149795547127724,0.4442414194345474,0.7044873833656311,0.7044873833656311,0.0,0.5,0.0,0.6976744186046512,0.14161445200443268,0.005930725019425154,-0.06534863,0.01612954,-0.18019308
0.6202325129083225,0.645550345381101,0.3333333333333333,0.42424242424242425,0.32428392462241346,0.2958558309769285,0.0,0.0,0.41983823179059,0.4198567058114659,0.3941350621429502,0.6027993224268383,0.08118574108396258,0.08118574108396258,0.9139532819390297,0.0,0.0,0.0,0.48330101072788234,0.44265271723270416,0.44542691856622696,0.7034342885017395,0.7034342885017395,0.0,0.5,0.0,0.6976744186046512,0.1412181258201599,0.0037939846515655518,-0.06385752,0.01603687,-0.18387075
0.5815891674941495,0.6094832229945395,0.3333333333333333,0.42424242424242425,0.3964181693955365,0.36799007575005155,0.7270838618278503,0.7252167463302612,0.26109320985199613,0.261106794696465,0.5290107088836612,0.4695284566682743,0.08666218657578742,0.08666218657578742,0.9170217290520668,0.0,0.0,0.0,0.389230078458786,0.4385003335773945,0.44199544563889503,0.5555256009101868,0.5555256009101868,0.0,0.5,0.0,0.6976744186046512,0.14177778363227844,0.04854555241763592,-0.05837421,0.01426628,-0.18118039
0.4642857142857143,0.5,0.3333333333333333,0.42424242424242425,0.6153846153846154,0.5869565217391305,0.15714065730571747,0.1561264842748642,0.3880075223131344,0.3880255404667462,0.5180048080976789,0.47725367449842904,0.09294562307851656,0.09294562307851656,0.9172569923102856,0.0,0.0,0.0,0.42287554144859313,0.43464184552431107,0.43952659144997597,0.6152606010437012,0.6152606010437012,0.0,0.5,0.0,0.6976744186046512,0.13239769637584686,0.0,-0.06632732,0.01957883,-0.1768368
0.5933362540035021,0.6204471704032686,0.3333333333333333,0.42424242424242425,0.3744902745780782,0.3460621809325933,0.0,0.0,0.41703490454197845,0.41705381733509594,0.48812151727325376,0.5066336244692944,0.08650863010968482,0.08650863010968482,0.9214657917618752,0.0,0.0,0.0,0.4230229914188385,0.44526800885796547,0.4506542831659317,0.6188989281654358,0.6188989281654358,0.0,0.5,0.0,0.6976744186046512,0.1426917165517807,0.0,-0.0665626,0.02082996,-0.17656818
0.5986733754121122,0.6254284837179713,0.3333333333333333,0.42424242424242425,0.36452764794867265,0.3360995543031877,0.0,0.0,0.421625533477754,0.4216445545393468,0.47071756573525714,0.5240103813881122,0.08128310952867782,0.08128310952867782,0.924715917557478,0.0,0.0,0.0,0.43825220763683315,0.44548503309488297,0.45123058557510376,0.6422718167304993,0.6422718167304993,0.0,0.5,0.0,0.6976744186046512,0.15249501168727875,0.0,-0.0628158,0.02192454,-0.17320529
0.5979478795613562,0.6247513542572657,0.3333333333333333,0.42424242424242425,0.365881906870084,0.33745381322459905,0.0,0.0,0.42355323088556585,0.4235723431206114,0.46153006248218836,0.5331012122894969,0.07956477946468762,0.07956477946468762,0.9274629093706608,0.0,0.0,0.0,0.40953027606010434,0.4508415050804615,0.4558860957622528,0.5999956727027893,0.5999956727027893,0.0,0.5,0.0,0.6976744186046512,0.1550208479166031,0.0,-0.0636057,0.02340791,-0.15607569
0.5967002133173602,0.6235868657628695,0.3333333333333333,0.42424242424242425,0.3682108838588764,0.3397827902133915,0.0,0.0,0.4239605539843412,0.4239796776160683,0.4420752944727473,0.5526467187190438,0.07990829646587372,0.07990829646587372,0.9297908768057823,0.0,0.0,0.0,0.40479973554611204,0.4525168538093567,0.4576626941561699,0.5916445255279541,0.5916445255279541,0.0,0.5,0.0,0.6976744186046512,0.16277365386486053,0.0,-0.05323006,0.02359764,-0.10785171
0.5958421237411953,0.6227859821584489,0.3333333333333333,0.42424242424242425,0.3698126510677175,0.34138455742223256,0.0,0.0,0.42374156674737,0.4237606903790972,0.42158312072717435,0.5731676738936354,0.0809592567384243,0.0809592567384243,0.9314590580761433,0.0,0.0,0.0,0.3861842811107635,0.45371201634407043,0.4590875282883644,0.5672460198402405,0.5672460198402405,0.0,0.5,0.0,0.6976744186046512,0.16886764764785767,0.0,-0.04998137,0.03679499,-0.0700232
0.5885485419560046,0.6159786391589377,0.3333333333333333,0.42424242424242425,0.3834273370667401,0.35499924342125516,0.0,0.0,0.4248753371247826,0.42489456332664416,0.40749437198128347,0.5872789054431555,0.08268940927726882,0.08268940927726882,0.9327134974300861,0.0,0.0,0.0,0.3892288267612457,0.45473871007561684,0.46013446897268295,0.5694912075996399,0.5694912075996399,0.0,0.5,0.0,0.6976744186046512,0.1777518093585968,0.0,-0.04558164,0.04639249,-0.04109573
0.5871195605113393,0.6146449231439166,0.3333333333333333,0.42424242424242425,0.3860947690967821,0.35766667545129716,0.0,0.0,0.42629555169756506,0.42631482918449387,0.3938659750936592,0.6010568467375831,0.08573997499687332,0.08573997499687332,0.9329266287386417,0.0,0.0,0.0,0.3982809782028198,0.4548362083733082,0.46042054891586304,0.5815041065216064,0.5815041065216064,0.0,0.5,0.0,0.6976744186046512,0.1869727224111557,0.0,-0.04442746,0.05028209,-0.02728416
0.5850880222306365,0.612748820748594,0.3333333333333333,0.42424242424242425,0.38988697388742727,0.36145888024194234,0.0,0.0,0.42661448783218064,0.4266337881124726,0.38907636009712293,0.6058579552875144,0.08728004459823882,0.08728004459823882,0.932216003537178,0.0,0.0,0.0,0.4075436443090439,0.455046109855175,0.4607403539121151,0.5945380330085754,0.5945380330085754,0.0,0.5,0.0,0.6976744186046512,0.1891559511423111,0.0,-0.04363912,0.05098537,-0.01295049
0.5863902018893332,0.6139641884300444,0.3333333333333333,0.42424242424242425,0.38745623852452665,0.3590281448790417,0.0,0.0,0.4264430988359178,0.42646461577078126,0.38531862344614176,0.6096573525080895,0.08840164169669151,0.08840164169669151,0.9314874112606049,0.0,0.0,0.0,0.40852718651294706,0.45475639402866364,0.46065300703048706,0.5958413481712341,0.5958413481712341,0.0,0.5,0.0,0.6976744186046512,0.1891239434480667,0.0,-0.03962432,0.05373554,0.00838156
0.5574653228478772,0.5869676346580187,0.3333333333333333,0.42424242424242425,0.4414493460685779,0.41302125242309295,0.9290394186973572,0.9285035133361816,0.36730866404837903,0.3673278104734694,0.38426009965900254,0.6131678096600239,0.10915298014879227,0.10915298014879227,0.9292120337486267,0.0,0.0,0.0,0.3239419311285019,0.44270923361182213,0.4513041451573372,0.4585230350494385,0.4585230350494385,0.0,0.5,0.0,0.6976744186046512,0.14987289905548096,0.0,-0.04180559,0.05700699,0.02152378
0.4642857142857143,0.5,0.3333333333333333,0.42424242424242425,0.6153846153846154,0.5869565217391305,0.3198999762535095,0.31785693764686584,0.34993686183688744,0.3499557233449378,0.3691883871249897,0.6280089730235809,0.1232520810195378,0.1232520810195378,0.9222282208502293,0.0,0.0,0.0,0.33825057595968244,0.441721860319376,0.4482857920229435,0.489554762840271,0.489554762840271,0.0,0.5,0.0,0.6976744186046512,0.1583603322505951,0.0,-0.04177764,0.05905724,0.02727573
0.5711583679630643,0.59974781009886,0.3333333333333333,0.42424242424242425,0.4158889951868954,0.3874609015414105,0.01113816536962986,0.011046950705349445,0.42875236284208573,0.42877383988856355,0.35594480488997804,0.6398695109628532,0.10601606752191271,0.10601606752191271,0.924100998789072,0.0,0.0,0.0,0.3865162521600723,0.44900084286928177,0.45468832552433014,0.5584975481033325,0.5584975481033325,0.0,0.5,0.0,0.6976744186046512,0.16708306968212128,0.0,-0.03540777,0.05908442,0.03646897
0.582270048558712,0.6101187119881312,0.3333333333333333,0.42424242424242425,0.395147191408353,0.3667190977628681,0.0,0.0,0.4304574260748139,0.430478897422951,0.35666608947184986,0.6392653728711624,0.09913436004093716,0.09913436004093716,0.9266023635864258,0.0,0.0,0.0,0.3881124377250671,0.4534447379410267,0.45939093828201294,0.5623417496681213,0.5623417496681213,0.0,0.5,0.0,0.6976744186046512,0.17765988409519196,0.0,-0.0346239,0.05703243,0.05367015
0.5821753241831348,0.6100303025709258,0.3333333333333333,0.42424242424242425,0.39532401024276376,0.3668959165972788,0.0,0.0,0.42050896639121876,0.42052978812850456,0.4932770619086964,0.5025828620393185,0.09430798568895886,0.09430798568895886,0.9272809214890003,0.0,0.0,0.0,0.39568612575531004,0.4550001323223114,0.461589802056551,0.5791946053504944,0.5791946053504944,0.0,0.5,0.0,0.6976744186046512,0.18276959657669067,0.0,-0.02002373,0.04867015,0.07563472
0.5702105609788781,0.5988631902469529,0.3333333333333333,0.42424242424242425,0.41765823489070963,0.3892301412452247,0.0,0.0,0.420383095741272,0.4204034331195897,0.5662524089302661,0.43179636880904215,0.09511501927460944,0.09511501927460944,0.926910825073719,0.0,0.0,0.0,0.3913173258304596,0.45507026836276054,0.4621367007493973,0.5753276348114014,0.5753276348114014,0.0,0.5,0.0,0.6976744186046512,0.1756104677915573,0.0,-0.02047032,0.04289347,0.09217004
0.5657467673577014,0.594696982867188,0.3333333333333333,0.42424242424242425,0.4259906496502396,0.39756255600475465,0.0,0.0,0.42025394284702394,0.4202743030187049,0.5650651026410309,0.43290080982635354,0.09564524782555445,0.09564524782555445,0.9257068000733852,0.0,0.0,0.0,0.39879757463932036,0.45480044931173325,0.4622870124876499,0.5888040661811829,0.5888040661811829,0.0,0.5,0.0,0.6976744186046512,0.17144685983657837,0.0,-0.0242654,0.04161951,0.08990827
0.5657337997995672,0.5946848798129294,0.3333333333333333,0.42424242424242425,0.4260148557587567,0.39758676211327176,0.0,0.0,0.42016765857061966,0.4201880016472782,0.5685581627585008,0.42954439592128457,0.09534602452601706,0.09534602452601706,0.9257788360118866,0.0,0.0,0.0,0.3919120907783508,0.4552413895726204,0.4630131311714649,0.5786797404289246,0.5786797404289246,0.0,0.5,0.0,0.6976744186046512,0.17058700323104858,0.0,-0.02063508,0.03322528,0.07833875
0.5621499774001893,0.5913399789068434,0.3333333333333333,0.42424242424242425,0.43270465757092863,0.4042765639254437,0.0,0.0,0.4205670267856372,0.4205873584656141,0.5696789979022958,0.42842260915457586,0.09654277669531959,0.09654277669531959,0.9247103929519653,0.0,0.0,0.0,0.3933971881866455,0.4547586999833584,0.4625040702521801,0.5793659090995789,0.5793659090995789,0.0,0.5,0.0,0.6976744186046512,0.16774514317512512,0.0,-0.02253545,0.02356333,0.06315386
0.5624015098881154,0.5915747425622411,0.3333333333333333,0.42424242424242425,0.4322351302601334,0.40380703661464845,0.0,0.0,0.4200439760835403,0.4200606893171088,0.5778361385684624,0.4205687341858228,0.09719075901167734,0.09719075901167734,0.9239721707999706,0.0,0.0,0.0,0.39310260117053986,0.45420994982123375,0.4620133899152279,0.5789928436279297,0.5789928436279297,0.0,0.5,0.0,0.6976744186046512,0.166032612323761,0.0,-0.02057145,0.01593045,0.05525905
0.5626388951426461,0.5917963021331363,0.3333333333333333,0.42424242424242425,0.43179201111834276,0.4033639174728578,0.0,0.0,0.4208136566738325,0.42083032432067463,0.5882739318716367,0.41058741786917075,0.0975360774568149,0.0975360774568149,0.9238909967243671,0.0,0.0,0.0,0.3920805901288986,0.4534989297389984,0.46137478947639465,0.5778154134750366,0.5778154134750366,0.0,0.5,0.0,0.6976744186046512,0.1639401614665985,0.0,-0.01705154,0.00555183,0.05027908
0.4642857142857143,0.5,0.3333333333333333,0.42424242424242425,0.6153846153846154,0.5869565217391305,0.0,0.0,0.41744415367994436,0.41746077574006,0.5939875214323259,0.4048905586370724,0.0974759299840246,0.0974759299840246,0.9233872666954994,0.0,0.0,0.0,0.39133439064025877,0.45295896753668785,0.46079862490296364,0.5763903260231018,0.5763903260231018,0.0,0.5,0.0,0.6976744186046512,0.16201621294021606,0.0,-0.00888238,-0.00637217,0.04122502
0.4642857142857143,0.5,0.3333333333333333,0.42424242424242425,0.6153846153846154,0.5869565217391305,0.6521033644676208,0.6279646754264832,0.29293617646051406,0.29294967013153017,0.4333437097688022,0.5640877880803435,0.10423116918121066,0.10423116918121066,0.9244499243795872,0.0,0.0,0.0,0.29832230061292647,0.442773200571537,0.4504743739962578,0.4231276214122772,0.4231276214122772,0.0,0.5,0.0,0.6976744186046512,0.16091975569725037,0.0,-0.00856469,-0.01732692,0.03027014
0.4642857142857143,0.5,0.3333333333333333,0.42424242424242425,0.6153846153846154,0.5869565217391305,0.10283634811639786,0.10165581852197647,0.41033075530487995,0.41034793580239404,0.45219182101991845,0.5425157174958731,0.09405596980026791,0.09405596980026791,0.9249802529811859,0.0,0.0,0.0,0.4004248648881912,0.44351600483059883,0.45032549649477005,0.5777488350868225,0.5777488350868225,0.0,0.5,0.0,0.6976744186046512,0.15358681976795197,0.0,-0.01363794,-0.03639609,0.01866506
0.4642857142857143,0.5,0.3333333333333333,0.42424242424242425,0.6153846153846154,0.5869565217391305,0.0,0.0,0.4189181491932039,0.4189356203060989,0.46863486491015494,0.5259046836696615,0.08526910628591265,0.08526910628591265,0.9273981377482414,0.0,0.0,0.0,0.403797647356987,0.4478328824043274,0.4525870718061924,0.5845622420310974,0.5845622420310974,0.0,0.5,0.0,0.6976744186046512,0.14883050322532654,0.0,-0.01361942,-0.05414226,0.00540693
0.4642857142857143,0.5,0.3333333333333333,0.42424242424242425,0.6153846153846154,0.5869565217391305,0.0,0.0,0.42081989635700934,0.4208374073582899,0.4790595377836355,0.5155110183176479,0.08302217083317893,0.08302217083317893,0.9288688786327839,0.0,0.0,0.0,0.3948600679636001,0.45108654722571373,0.4547079876065254,0.5739462375640869,0.5739462375640869,0.0,0.5,0.0,0.6976744186046512,0.14887042343616486,0.0,-0.01051521,-0.0760574,-0.00615452
0.4642857142857143,0.5,0.3333333333333333,0.42424242424242425,0.6153846153846154,0.5869565217391305,0.0,0.0,0.42095718648192076,0.4209747259749053,0.4884924671504055,0.5059664171416212,0.07984729217631477,0.07984729217631477,0.9293455444276333,0.0,0.0,0.0,0.43726115524768827,0.4517606720328331,0.45536475256085396,0.6403932571411133,0.6403932571411133,0.0,0.5,0.0,0.6976744186046512,0.14839693903923035,0.0,-0.00587913,-0.09233231,-0.0131106
0.4642857142857143,0.5,0.3333333333333333,0.42424242424242425,0.6153846153846154,0.5869565217391305,0.0,0.0,0.4206436637710659,0.42066117477234644,0.5059393556863354,0.4887242236916417,0.07758712662117823,0.07758712662117823,0.9282318688929081,0.0,0.0,0.0,0.4449666887521743,0.450186338275671,0.4541356936097145,0.6502552032470703,0.6502552032470703,0.0,0.5,0.0,0.6976744186046512,0.14707306027412415,0.0,-0.00943653,-0.09313682,-0.01971568
0.4642857142857143,0.5,0.3333333333333333,0.42424242424242425,0.6153846153846154,0.5869565217391305,0.0,0.0,0.42081783355763946,0.4208353616539424,0.5117027537316711,0.482984797853762,0.07537660322019032,0.07537660322019032,0.9270471446216106,0.0,0.0,0.0,0.44888809025287624,0.4485735408961773,0.4524715356528759,0.6553723216056824,0.6553723216056824,0.0,0.5,0.0,0.6976744186046512,0.14394094049930573,0.0,-0.00421985,-0.09791822,-0.01737018
0.4642857142857143,0.5,0.3333333333333333,0.42424242424242425,0.6153846153846154,0.5869565217391305,0.0,0.0,0.4191832815939792,0.4192007811985782,0.5165211339525693,0.4781567817385698,0.07487339898943901,0.07487339898943901,0.925129845738411,0.0,0.0,0.0,0.4479515492916107,0.44802911952137947,0.45192427560687065,0.6561530828475952,0.6561530828475952,0.0,0.5,0.0,0.6976744186046512,0.1416982114315033,0.0,0.06617842,-0.05869476,-0.01445904
0.4642857142857143,0.5,0.3333333333333333,0.42424242424242425,0.6153846153846154,0.5869565217391305,0.0,0.0,0.42035487755762685,0.42037236576554426,0.5241984971166797,0.47070138034532855,0.07619432838899749,0.07619432838899749,0.9242252670228481,0.0,0.0,0.0,0.44936300516128536,0.44761543720960617,0.45130904763936996,0.6583268642425537,0.6583268642425537,0.0,0.5,0.0,0.6976744186046512,0.14255958795547485,0.0,0.10135165,-0.01886422,-0.0059514
0.4642857142857143,0.5,0.3333333333333333,0.42424242424242425,0.6153846153846154,0.5869565217391305,0.47670212388038635,0.4756108820438385,0.30199409944377487,0.3020079806019653,0.5316973455093559,0.46542757163261544,0.07652314113719123,0.07652314113719123,0.9232291392982006,0.0,0.0,0.0,0.3916429966688156,0.44040507823228836,0.4437345527112484,0.5648196935653687,0.5648196935653687,0.0,0.5,0.0,0.6976744186046512,0.13628312945365906,0.016353395767509937,0.12129102,0.00037279,0.00383126
0.4642857142857143,0.5,0.3333333333333333,0.42424242424242425,0.6153846153846154,0.5869565217391305,0.2915399670600891,0.2914031147956848,0.3309160737644874,0.33093085526052446,0.5432616267103993,0.4534782136552826,0.0885281977908952,0.0885281977908952,0.9204567670822144,0.0,0.0,0.0,0.42038518488407134,0.4303041994571686,0.43342068791389465,0.606539785861969,0.606539785861969,0.0,0.5,0.0,0.6976744186046512,0.1304451823234558,0.0457838736474514,0.12193871,0.01616568,0.00903527
0.4642857142857143,0.5,0.3333333333333333,0.42424242424242425,0.6153846153846154,0.5869565217391305,0.08501487225294113,0.08430486917495728,0.40720473101672433,0.40722179754742244,0.5554281769473511,0.4402380960114777,0.08319793002946037,0.08319793002946037,0.9193446040153503,0.0,0.0,0.0,0.4491209059953689,0.4334772080183029,0.4358060210943222,0.6519963145256042,0.6519963145256042,0.0,0.5,0.0,0.6976744186046512,0.1347649246454239,0.05268571898341179,0.11346549,0.02720595,0.0210528
0.4642857142857143,0.5,0.3333333333333333,0.42424242424242425,0.6153846153846154,0.5869565217391305,0.02024264633655548,0.020068692043423653,0.40726426158306933,0.40728134520878984,0.5497735367222453,0.44573691510738833,0.07699576073459218,0.07699576073459218,0.9192806482315063,0.0,0.0,0.0,0.4566015720367431,0.4363757148385048,0.43912599980831146,0.6631238460540771,0.6631238460540771,0.0,0.5,0.0,0.6976744186046512,0.13735195994377136,0.05513002164661884,0.09777,0.0387974,0.03801067
0.4642857142857143,0.5,0.3333333333333333,0.42424242424242425,0.6153846153846154,0.5869565217391305,0.0,0.0,0.4100561180716491,0.4100732814741408,0.5353635012761585,0.4599038222957017,0.07264376484922001,0.07264376484922001,0.920472402125597,0.0,0.0,0.0,0.46034790277481075,0.43816031888127327,0.4409770183265209,0.6700899004936218,0.6700899004936218,0.0,0.5,0.0,0.6976744186046512,0.13969744741916656,0.03395205130800605,0.07375166,0.06752381,0.06123287
0.4642857142857143,0.5,0.3333333333333333,0.42424242424242425,0.6153846153846154,0.5869565217391305,0.0,0.0,0.40984946204417066,0.4098666140499808,0.5223502303058741,0.4727528343186501,0.06953432889921325,0.06953432889921325,0.9221574366092682,0.0,0.0,0.0,0.4613760471343994,0.43881501257419586,0.44190456718206406,0.6717844605445862,0.6717844605445862,0.0,0.5,0.0,0.6976744186046512,0.14221882820129395,0.01687726005911827,0.04296308,0.08849242,0.07238671
0.4642857142857143,0.5,0.3333333333333333,0.42424242424242425,0.6153846153846154,0.5869565217391305,0.0,0.0,0.40734408394100563,0.4073612188517933,0.5145878649920396,0.4803843087442924,0.06715390565139907,0.06715390565139907,0.9234414026141167,0.0,0.0,0.0,0.4500688999891281,0.44033603370189667,0.44399526342749596,0.6547796726226807,0.6547796726226807,0.0,0.5,0.0,0.6976744186046512,0.14310461282730103,0.002069625770673156,0.01393059,0.10017599,0.07325853
0.4642857142857143,0.5,0.3333333333333333,0.42424242424242425,0.6153846153846154,0.5869565217391305,0.9666526913642883,0.9669927358627319,0.3204153308904878,0.3204295197590815,0.5012418741349622,0.49644676330162,0.07014808378049306,0.07014808378049306,0.9248870685696602,0.0,0.0,0.0,0.24260668754577636,0.44152482599020004,0.44535668566823006,0.34784185886383057,0.34784185886383057,0.0,0.5,0.0,0.6976744186046512,0.10135979950428009,0.03986095078289509,-0.00394333,0.11034612,0.07330456
0.4642857142857143,0.5,0.3333333333333333,0.42424242424242425,0.6153846153846154,0.5869565217391305,0.17455878853797913,0.17349427938461304,0.3672366940040661,0.3672526037715817,0.490781908053513,0.5048147254823904,0.054546411016157696,0.054546411016157696,0.9436335619539022,0.0,0.0,0.0,0.12564630657434464,0.47686424665153027,0.477567283436656,0.18498311936855316,0.18498311936855316,0.0,0.5,0.0,0.6976744186046512,0.05865746736526489,0.04158150404691696,-0.03121691,0.12029117,0.06591933
0.4642857142857143,0.5,0.3333333333333333,0.42424242424242425,0.6153846153846154,0.5869565217391305,0.0958126112818718,0.09486673027276993,0.3885831003207322,0.388599602715691,0.47570089582731345,0.5196357907979433,0.037355054435985434,0.037355054435985434,0.9595313034951687,0.0,0.0,0.0,0.05411909893155098,0.48853862565010786,0.48874715715646744,0.0,-0.0,0.0,0.5,0.0,0.6976744186046512,0.03248181939125061,0.03616433357819915,-0.04770219,0.119618,0.04892987
0.4642857142857143,0.5,0.3333333333333333,0.42424242424242425,0.6153846153846154,0.5869565217391305,0.06665275245904922,0.0655580684542656,0.3924674882943498,0.39248411605280625,0.4677393848991759,0.527492133148263,0.031251698466283936,0.031251698466283936,0.9644851312041283,0.0,0.0,0.0,0.038564278371632094,0.491168312728405,0.49135745223611593,0.0,-0.0,0.0,0.5,0.0,0.6976744186046512,0.027049271389842033,0.02610617084428668,-0.06097079,0.10813585,0.03006088
0.4642857142857143,0.5,0.3333333333333333,0.42424242424242425,0.6153846153846154,0.5869565217391305,0.058057598769664764,0.05687299370765686,0.3928853704186288,0.39290198678040367,0.4605343087681393,0.5347469828616086,0.02705062207366739,0.02705062207366739,0.9675472285598516,0.0,0.0,0.0,0.029497449472546577,0.49290118739008904,0.49310081684961915,0.0,-0.0,0.0,0.5,0.0,0.6976744186046512,0.022889461368322372,0.013654198264703155,-0.06905269,0.08889388,0.01247123
0.4642857142857143,0.5,0.3333333333333333,0.42424242424242425,0.6153846153846154,0.5869565217391305,0.04898157715797424,0.04760146886110306,0.3910416038724706,0.3910581518541559,0.4545996663219386,0.540717333960437,0.023299174915466993,0.023299174915466993,0.9703662050887942,0.0,0.0,0.0,0.023155367281287906,0.4943165788426995,0.49452358903363347,0.0,-0.0,0.0,0.5,0.0,0.6976744186046512,0.019143596291542053,0.0,-0.07939779,0.08011907,0.00019795
0.4642857142857143,0.5,0.3333333333333333,0.42424242424242425,0.6153846153846154,0.5869565217391305,0.03932588919997215,0.038022730499506,0.3914274157347232,0.3914439865097717,0.44979424982636196,0.5455527287146735,0.020601000370723863,0.020601000370723863,0.9725043680518866,0.0,0.0,0.0,0.01963189737871289,0.49534608237445354,0.49559488147497177,0.0,-0.0,0.0,0.5,0.0,0.6976744186046512,0.016518548130989075,0.0,-0.08739995,0.06420997,-0.02657199
0.4642857142857143,0.5,0.3333333333333333,0.42424242424242425,0.6153846153846154,0.5869565217391305,0.7187381386756897,0.7037531137466431,0.24456296140331607,0.24457472277872877,0.45549546828917287,0.5437783601242493,0.02236577615674053,0.02236577615674053,0.957699267193675,0.0,0.0,0.0,0.023831154871731996,0.49521237378939986,0.49558187229558825,0.0,-0.0,0.0,0.5,0.0,0.6976744186046512,0.016028495505452156,0.0,-0.08595604,0.05578557,-0.04317458
0.4642857142857143,0.5,0.3333333333333333,0.42424242424242425,0.6153846153846154,0.5869565217391305,0.20965924859046936,0.208689346909523,0.29569688581827724,0.29571040228265644,0.46381257562746736,0.533664152801784,0.024611111730337143,0.024611111730337143,0.9592622071504593,0.0,0.0,0.0,0.020401118975132703,0.49463403364643455,0.49508676351979375,0.0,-0.0,0.0,0.5,0.0,0.6976744186046512,0.01608935371041298,0.0,-0.08636689,0.05056082,-0.06633996
0.4642857142857143,0.5,0.3333333333333333,0.42424242424242425,0.6153846153846154,0.5869565217391305,0.10521887242794037,0.10423687100410461,0.3068429999780017,0.3068569267229186,0.4707994651384153,0.5264470916354583,0.019862607919744084,0.019862607919744084,0.9685612451285124,0.0,0.0,0.0,0.013031729497015476,0.4957008035853505,0.49600129714235663,0.0,-0.0,0.0,0.5,0.0,0.6976744186046512,0.013160179369151592,0.0,-0.08387134,0.04753498,-0.081902
0.4642857142857143,0.5,0.3333333333333333,0.42424242424242425,0.6153846153846154,0.5869565217391305,0.09922470152378082,0.09821831434965134,0.30622286094534235,0.3062366737234433,0.472918008527154,0.5243668467952411,0.01721971934395177,0.01721971934395177,0.9699770351871848,0.0,0.0,0.0,0.01124937543645501,0.4961307472549379,0.4963442625012249,0.0,-0.0,0.0,0.5,0.0,0.6976744186046512,0.011535530909895897,0.0,-0.08039314,0.04125311,-0.09994749
0.4642857142857143,0.5,0.3333333333333333,0.42424242424242425,0.6153846153846154,0.5869565217391305,0.09468621015548706,0.09362350404262543,0.3055660701846529,0.3055777175932496,0.47645127756189887,0.5210051875674652,0.015507694999022143,0.015507694999022143,0.9697273913770914,0.0,0.0,0.0,0.010460962122306227,0.49630361679010093,0.49645920074544847,0.0,-0.0,0.0,0.5,0.0,0.6976744186046512,0.010333155281841755,0.0,-0.08226226,0.03380426,-0.11152158
0.4642857142857143,0.5,0.3333333333333333,0.42424242424242425,0.6153846153846154,0.5869565217391305,0.12052002549171448,0.11948991566896439,0.30676479594885275,0.3067764661508126,0.4846600736874239,0.5128470354458063,0.014675886902425972,0.014675886902425972,0.9696723986417055,0.0,0.0,0.0,0.010039977775886654,0.4964024741202593,0.49652539007365704,0.0,-0.0,0.02509167604148388,0.48996332958340644,0.0,0.6976744186046512,0.009488514624536037,0.0,-0.07804793,0.02026388,-0.13226813
0.4642857142857143,0.5,0.3333333333333333,0.42424242424242425,0.6153846153846154,0.5869565217391305,0.7275879383087158,0.7234539985656738,0.20035445849708572,0.20036307438837642,0.5008705298257832,0.5002810742562811,0.02385394780763558,0.02385394780763558,0.9393088351935148,0.0,0.0,0.0,0.018563066329807042,0.49386879336088896,0.4946812726557255,0.0,-0.0,0.037157006561756134,0.48513719737529754,0.0,0.6976744186046512,0.011521171778440475,0.0,-0.08484583,0.00758747,-0.14803973
0.4642857142857143,0.5,0.3333333333333333,0.42424242424242425,0.6153846153846154,0.5869565217391305,0.17933247983455658,0.17845584452152252,0.29872238567636755,0.2987339191181482,0.5211061599947526,0.47676752625135754,0.024094105299030034,0.024094105299030034,0.9540879186242819,0.0,0.0,0.0,0.0183097162283957,0.4938236060552299,0.4944870243780315,0.0,-0.0,0.03852364420890808,0.4845905423164368,0.0,0.6976744186046512,0.011983649805188179,0.0,-0.08114609,-0.01537182,-0.19211288
0.4642857142857143,0.5,0.3333333333333333,0.42424242424242425,0.6153846153846154,0.5869565217391305,0.1029229536652565,0.10197688639163971,0.3363928060914545,0.3364053766312608,0.5331018497565508,0.4638952080145342,0.021767803201717992,0.021767803201717992,0.9607967417687178,0.0,0.0,0.0,0.015888450760394333,0.4948616777546704,0.4953039763495326,0.0,-0.0,0.03525366634130478,0.4858985334634781,0.0,0.6976744186046512,0.0113336481153965,0.0,-0.0789231,-0.02438114,-0.20331919
0.4642857142857143,0.5,0.3333333333333333,0.42424242424242425,0.6153846153846154,0.5869565217391305,0.07105617970228195,0.06990822404623032,0.36253866274087876,0.36255189428821805,0.5437004018012241,0.4528742807038605,0.021001596136816913,0.021001596136816913,0.9638575054705143,0.0,0.0,0.0,0.0145334099419415,0.49552013352513313,0.49582781875506043,0.0,-0.0,0.0327208936214447,0.4869116425514221,0.0,0.6976744186046512,0.011160354129970074,0.0,-0.08290512,-0.02674331,-0.21382099
0.4642857142857143,0.5,0.3333333333333333,0.42424242424242425,0.6153846153846154,0.5869565217391305,0.16164222359657288,0.16066747903823853,0.35572300267265133,0.35573609745981133,0.5457050097148232,0.450931476994586,0.02193022785442216,0.02193022785442216,0.9653854425996542,0.0,0.0,0.0,0.014770611841231584,0.49572579422965646,0.4959709858521819,0.0,-0.0,0.0316610150039196,0.4873355939984322,0.0,0.6976744186046512,0.011328423395752907,0.0,-0.0826579,-0.02803354,-0.2188978
0.4642857142857143,0.5,0.3333333333333333,0.42424242424242425,0.6153846153846154,0.5869565217391305,0.44849061965942383,0.44227439165115356,0.29296172782066443,0.2929730789155395,0.5384233649784474,0.45959507479443784,0.04400684897388731,0.04400684897388731,0.9434588141739368,0.0,0.0,0.0,0.03691414855420589,0.4924724632874131,0.4933047262020409,0.0,-0.0,0.04345037788152695,0.48261984884738923,0.0,0.6976744186046512,0.014958496205508709,0.0,-0.08177366,-0.02737809,-0.21539296
0.4642857142857143,0.5,0.3333333333333333,0.42424242424242425,0.6153846153846154,0.5869565217391305,0.0,0.0,0.43391481457887143,0.4339299151819933,0.5409634716196224,0.45407713206680006,0.03779188064592225,0.03779188064592225,0.9589631650596857,0.0,0.0,0.0,0.02625181600451469,0.49346044985577464,0.49407641449943185,0.0,-0.0,0.0,0.5,0.0,0.6976744186046512,0.015668382868170738,0.0,-0.07612694,-0.02335829,-0.20425756
0.4642857142857143,0.5,0.3333333333333333,0.42424242424242425,0.6153846153846154,0.5869565217391305,0.0,0.0,0.44255879299134643,0.4425741785115083,0.5268037870782739,0.4675734414146639,0.037271199481827874,0.037271199481827874,0.960314255207777,0.0,0.0,0.0,0.03936014678329229,0.49356373446062207,0.4940983117558062,0.0,-0.0,0.0,0.5,0.0,0.6976744186046512,0.017721936106681824,0.004406566440593451,-0.07449033,-0.02059291,-0.1926989
0.4642857142857143,0.5,0.3333333333333333,0.42424242424242425,0.6153846153846154,0.5869565217391305,0.0,0.0,0.4469620148948684,0.4469742834226123,0.5129313117345478,0.48117854918343567,0.06914643836872919,0.06914643836872919,0.9431503750383854,0.0,0.0,0.0,0.32597343623638153,0.46064765751361847,0.46310006082057953,0.4840172529220581,0.4840172529220581,0.0,0.5,0.0,0.6976744186046512,0.13168548047542572,0.00628810259513557,-0.0700502,-0.01181082,-0.1468512
0.6138220156232517,0.6395672145817015,0.3333333333333333,0.42424242424242425,0.33625018622121244,0.3078220925757275,0.0,0.0,0.43571254422970074,0.4357246133155166,0.4919924828051153,0.501822823041661,0.08431266727192062,0.08431266727192062,0.9349915757775307,0.0,0.0,0.0,0.36053330600261685,0.45422839000821114,0.4584702327847481,0.5413665771484375,0.5413665771484375,0.0,0.5,0.0,0.6976744186046512,0.17123974859714508,0.0,-0.06287202,-0.00108662,-0.10848614
0.7442903653496787,0.7613376743263669,0.3333333333333333,0.42424242424242425,0.09270926673188173,0.0642811730863968,0.0,0.0,0.4179212757551875,0.41793300294055535,0.4777650699218874,0.5160178828827003,0.08762807452252934,0.08762807452252934,0.9370076488703489,0.0,0.0,0.0,0.3762497872114181,0.4662909023463726,0.46967544965445995,0.5664604306221008,0.5664604306221008,0.0,0.5,0.0,0.6976744186046512,0.18014439940452576,0.0,-0.05718219,0.01924315,-0.06951993
0.725098175307115,0.7434249636199739,0.3333333333333333,0.42424242424242425,0.12853468814466756,0.10010659449918263,0.0,0.0,0.4140171145389914,0.4140287277575433,0.4638168066455119,0.5298717802108309,0.08999466097780637,0.08999466097780637,0.9384260214865208,0.0,0.0,0.0,0.38310669064521785,0.4674218147993088,0.4708087798207998,0.5757055878639221,0.5757055878639221,0.0,0.5,0.0,0.6976744186046512,0.19916972517967224,0.0,-0.05396132,0.02883025,-0.05911557
0.7007625390376364,0.7207117031017939,0.3333333333333333,0.42424242424242425,0.1739612091810276,0.14553311553554266,0.0,0.0,0.41604807727879367,0.4160597360840719,0.43680079056245646,0.5572477857686543,0.09266784680741175,0.09266784680741175,0.9378743655979633,0.0,0.0,0.0,0.38455288112163544,0.4665669873356819,0.47050988487899303,0.5789967775344849,0.5789967775344849,0.0,0.5,0.0,0.6976744186046512,0.20100590586662292,0.0,-0.05225753,0.03444416,-0.05526887
0.6997860517530214,0.7198003149694867,0.3333333333333333,0.42424242424242425,0.1757839854456421,0.14735589180015718,0.0,0.0,0.4128525674229142,0.4128641521497621,0.4169475318824812,0.5773051422772348,0.09584177285432816,0.09584177285432816,0.9360206965357065,0.0,0.0,0.0,0.3908212155103683,0.4645446389913559,0.4699357748031616,0.5919592976570129,0.5919592976570129,0.0,0.5,0.04435521736741066,0.7366125127517207,0.20688098669052124,0.0,-0.0484703,0.0357326,-0.05108255
0.7006496804810706,0.7206063684489992,0.3333333333333333,0.42424242424242425,0.17417187848661703,0.1457437848411321,0.0,0.0,0.4111039973581726,0.411115536498294,0.40874533443560335,0.5856174516125751,0.09807122605187553,0.09807122605187553,0.934147447347641,0.0,0.0,0.0,0.39352488219738,0.46343284100294113,0.4696400910615921,0.5960927605628967,0.5960927605628967,0.0,0.5,0.045546989887952805,0.7385294615875844,0.20762979984283447,0.0,-0.04729784,0.03688307,-0.05388954
0.6975890529297647,0.717749782734447,0.3333333333333333,0.42424242424242425,0.1798850499157213,0.15145695627023636,0.0,0.0,0.41760097201877977,0.41761263082405803,0.3943389487767994,0.6002427561282605,0.09966768856559481,0.09966768856559481,0.932473935186863,0.0,0.0,0.0,0.40609459578990936,0.4621758982539177,0.4687788672745228,0.6090241074562073,0.6090241074562073,0.0,0.5,0.0,0.6976744186046512,0.20794376730918884,0.0,-0.04564643,0.03739061,-0.05157334
0.6898713690184411,0.7105466110838784,0.3333333333333333,0.42424242424242425,0.19429139321685862,0.1658632995713737,0.0,0.0,0.41403644331098743,0.41404799954613125,0.3856800122197226,0.6092395273672184,0.10059063988072532,0.10059063988072532,0.9298683591187,0.0,0.0,0.0,0.3980212718248367,0.45884476602077484,0.4672130458056927,0.6018259525299072,0.6018259525299072,0.0,0.5,0.0,0.6976744186046512,0.21121446788311005,0.0,-0.04920553,0.03743446,-0.05291478
0.6505616268231755,0.6738575183682971,0.3333333333333333,0.42424242424242425,0.2676695786480211,0.23924148500253617,0.0,0.0,0.41891913500616246,0.4189297966018006,0.6929682481813157,0.3109522252825382,0.10695551655122212,0.10695551655122212,0.9266885966062546,0.0,0.0,0.0,0.4113286107778549,0.45413758233189583,0.46392735466361046,0.6152433156967163,0.6152433156967163,0.0,0.5,0.0,0.6976744186046512,0.19252870976924896,0.0,-0.05230625,0.03856036,-0.05309071
0.6585910643140475,0.6813516600264443,0.3333333333333333,0.42424242424242425,0.2526812953317268,0.22425320168624185,0.0,0.0,0.42183354001200224,0.42184428138441155,0.6573723087347261,0.34512173326653184,0.1111301566873278,0.1111301566873278,0.923956923186779,0.0,0.0,0.0,0.4124858051538467,0.4535829648375511,0.4633731208741665,0.6176259517669678,0.6176259517669678,0.0,0.5,0.0,0.6976744186046512,0.18786628544330597,0.0,-0.05249977,0.03955068,-0.05199033
0.6689262258864584,0.6909978108273612,0.3333333333333333,0.42424242424242425,0.23338899372989302,0.2049609000844081,0.0,0.0,0.42467854492523016,0.4246893318843659,0.6420689472504829,0.35989616336097174,0.11415360761540277,0.11415360761540277,0.9214126914739609,0.0,0.0,0.0,0.412874498963356,0.45367497205734253,0.4638194516301155,0.6194005012512207,0.6194005012512207,0.0,0.5,0.0,0.6976744186046512,0.19245657324790955,0.0,-0.05179167,0.03949578,-0.04874794
0.6700889688162577,0.6920830375618405,0.3333333333333333,0.42424242424242425,0.23121854026093447,0.20279044661544954,0.0,0.0,0.4014538287204721,0.4014634133296988,0.7925671081470029,0.2193108931047688,0.11369402387312481,0.11369402387312481,0.9209749735891819,0.0,0.0,0.0,0.40719239711761473,0.4528726413846016,0.46366895362734795,0.6158327460289001,0.6158327460289001,0.0,0.5,0.0,0.6976744186046512,0.197121262550354,0.0,-0.04953373,0.04015626,-0.0462376
0.6761695206874893,0.6977582193083234,0.3333333333333333,0.42424242424242425,0.21986817676796877,0.19144008312248384,0.0,0.0,0.40309256896462087,0.40310217636721085,0.7930852240859665,0.21888654906202176,0.11440948184047427,0.11440948184047427,0.9208115488290787,0.0,0.0,0.0,0.4066620737314224,0.4528089389204979,0.4639541916549206,0.6154424548149109,0.6154424548149109,0.0,0.5,0.0,0.6976744186046512,0.19552449882030487,0.0,-0.0474188,0.04239724,-0.03903493
0.6768936905122939,0.6984341111448076,0.3333333333333333,0.42424242424242425,0.2185163930950002,0.19008829944951527,0.0,0.0,0.403384324013617,0.403393874432799,0.7986468730875457,0.21371690032080481,0.11495310281004226,0.11495310281004226,0.9207385964691639,0.0,0.0,0.0,0.4059632509946823,0.4535815343260765,0.4647595025599003,0.6146135926246643,0.6146135926246643,0.0,0.5,0.0,0.6976744186046512,0.19276386499404907,0.0,-0.04971061,0.04480706,-0.0259155
0.6642676439313662,0.6866498010026084,0.3333333333333333,0.42424242424242425,0.24208501337939864,0.2136569197339137,0.0,0.0,0.4044639487567413,0.4044735447626497,0.800386872847723,0.21200263426768345,0.1157607457467488,0.1157607457467488,0.9201631657779217,0.0,0.0,0.0,0.4031129270792007,0.4527197331190109,0.4640977904200554,0.609764575958252,0.609764575958252,0.0,0.5,0.0,0.6976744186046512,0.1892944574356079,0.0,-0.05116472,0.04782769,-0.01616551
0.6475655354914212,0.6710611664586597,0.3333333333333333,0.42424242424242425,0.273262282467296,0.24483418882181107,0.0,0.0,0.3949928105903173,0.3950020988858225,0.8276473021644024,0.1867711105897773,0.12031325272151402,0.12031325272151402,0.919190313667059,0.0,0.0,0.0,0.401069363951683,0.44952091947197914,0.46126993373036385,0.6054512858390808,0.6054512858390808,0.0,0.5,0.0,0.6976744186046512,0.17568978667259216,0.0,-0.04871425,0.04814263,-0.00508336
0.6507927456072399,0.6740732292334238,0.3333333333333333,0.42424242424242425,0.2672381569177677,0.23881006327228277,0.0,0.0,0.4147363306231526,0.41474781847820685,0.40172289297639985,0.5933832558750828,0.1168560130255563,0.1168560130255563,0.9195433109998703,0.0,0.0,0.0,0.3917643696069717,0.4495021589100361,0.4611225798726082,0.5914514660835266,0.5914514660835266,0.0,0.5,0.0,0.6976744186046512,0.18055565655231476,0.0,-0.04954927,0.04841532,-0.00355164
0.6721297094509715,0.6939877288209068,0.3333333333333333,0.42424242424242425,0.22740915774280196,0.19898106409731703,0.0,0.0,0.41350111268446504,0.41351260053951927,0.41777653789884955,0.5769686367333455,0.09972446198974337,0.09972446198974337,0.9238955490291119,0.0,0.0,0.0,0.42188008725643156,0.45097309723496437,0.4615310803055763,0.6273121237754822,0.6273121237754822,0.0,0.5,0.0,0.6976744186046512,0.18310070037841797,0.0,-0.05088777,0.04827869,-0.00399301
0.67540431058123,0.6970440232091479,0.3333333333333333,0.42424242424242425,0.22129656896631944,0.1928684753208345,0.0,0.0,0.4098314723822628,0.40984291465059064,0.43319905738757625,0.5613434767666734,0.09647481143474579,0.09647481143474579,0.9255790784955025,0.0,0.0,0.0,0.4183573305606842,0.451971635222435,0.4615596644580364,0.6207038760185242,0.6207038760185242,0.0,0.5,0.0,0.6976744186046512,0.18151259422302246,0.0,-0.04863192,0.04799293,-0.00407201
0.677996766709146,0.6994636489285363,0.3333333333333333,0.42424242424242425,0.21645731752754283,0.1880292238820579,0.0,0.0,0.409647387482696,0.4096550574494138,0.441626339296082,0.5528894886936394,0.09302706058536257,0.09302706058536257,0.9265157133340836,0.0,0.0,0.0,0.4190204173326492,0.4525051563978195,0.46141915395855904,0.6225221157073975,0.6225221157073975,0.0,0.5,0.0,0.6976744186046512,0.17799003422260284,0.0,-0.04787292,0.04656623,-0.00562669
0.67362975080808,0.6953877674208747,0.3333333333333333,0.42424242424242425,0.22460908054286605,0.19618098689738112,0.0,0.0,0.41157529572911744,0.4115830226792432,0.4414802452346335,0.5530470809383848,0.0908425822854042,0.0908425822854042,0.927084106951952,0.0,0.0,0.0,0.4234321713447571,0.4528948850929737,0.4608032628893852,0.6267868280410767,0.6267868280410767,0.0,0.5,0.0,0.6976744186046512,0.1737818866968155,0.0,-0.04074627,0.04122436,-0.01328087
0.5948697342759087,0.6218784186575148,0.3333333333333333,0.42424242424242425,0.37162777806958586,0.3431996844241009,0.5144012570381165,0.511702299118042,0.3002621685341713,0.30026759335461356,0.4467336026022129,0.5501818492302653,0.09408110486609596,0.09408110486609596,0.9257402531802654,0.0,0.0,0.0,0.3722783595323562,0.4360108822584152,0.4434127062559128,0.5344075560569763,0.5344075560569763,0.0,0.5,0.0,0.6976744186046512,0.1376977115869522,0.0,-0.04286091,0.04158731,-0.01791945
0.6144458775719007,0.640149485733774,0.3333333333333333,0.42424242424242425,0.33508564391706747,0.30665755027158254,0.024078432470560074,0.023993320763111115,0.4116272873905831,0.4116349402622784,0.4405361327340908,0.5543807155442974,0.09222157299518585,0.09222157299518585,0.9265456683933735,0.0,0.0,0.0,0.3898790419101715,0.4431786946952343,0.44879115745425224,0.5660182237625122,0.5660182237625122,0.0,0.5,0.0,0.6976744186046512,0.13632549345493317,0.0,-0.04538531,0.0392863,-0.01784081
0.6280764930305027,0.6528713934951358,0.3333333333333333,0.42424242424242425,0.30964182839434373,0.2812137347488588,0.0,0.0,0.4182736041668952,0.4182813937987698,0.43986384818476426,0.5549284533285109,0.08966342146907534,0.08966342146907534,0.928249429911375,0.0,0.0,0.0,0.4037180811166763,0.44788068905472755,0.45323387533426285,0.5908697247505188,0.5908697247505188,0.0,0.5,0.0,0.6976744186046512,0.14236491918563843,0.0,-0.04465311,0.03881037,-0.00596011
0.6368550509214401,0.6610647141933441,0.3333333333333333,0.42424242424242425,0.2932551869979272,0.26482709335244226,0.0,0.0,0.42073864941387284,0.42074647323579223,0.4405495010416093,0.5542618108488697,0.08896436542272568,0.08896436542272568,0.9287984147667885,0.0,0.0,0.0,0.41144566535949706,0.4490938037633896,0.45461172983050346,0.6038426756858826,0.6038426756858826,0.0,0.5,0.0,0.6976744186046512,0.1448742300271988,0.0,-0.04421841,0.0428663,0.0193678
0.6435621434024402,0.6673246671756109,0.3333333333333333,0.42424242424242425,0.2807352810333937,0.25230718738790875,0.0,0.0,0.4226538617569903,0.4226617197689545,0.44229579177003064,0.552521862907979,0.08892689432416644,0.08892689432416644,0.9290023855865002,0.0,0.0,0.0,0.4137345194816589,0.4501875154674053,0.45587049797177315,0.608191967010498,0.608191967010498,0.0,0.5,0.0,0.6976744186046512,0.14819547533988953,0.0,-0.05180765,0.05057941,0.04571619
0.6502904966473579,0.6736044635375341,0.3333333333333333,0.42424242424242425,0.26817568830954724,0.2397475946640623,0.0,0.0,0.42200414263723457,0.42201199495085795,0.44490680571495916,0.5499248337598143,0.08887321821280889,0.08887321821280889,0.928854800760746,0.0,0.0,0.0,0.41516571044921874,0.45085911080241203,0.45662086457014084,0.6103508472442627,0.6103508472442627,0.0,0.5,0.0,0.6976744186046512,0.15050694346427917,0.0,-0.04775138,0.05759852,0.06844586
0.6564066782593727,0.6793128997087479,0.3333333333333333,0.42424242424242425,0.2567588159671197,0.22833072232163476,0.0,0.0,0.4127515985222665,0.41275926279064346,0.4192521745342597,0.5759419495762598,0.0888633169233799,0.0888633169233799,0.928902480751276,0.0,0.0,0.0,0.41682364642620084,0.45188790559768677,0.45757047459483147,0.6121388673782349,0.6121388673782349,0.0,0.5,0.0,0.6976744186046512,0.1516643613576889,0.0,-0.04742164,0.06051715,0.07381447
0.6586303572569575,0.681388333439827,0.3333333333333333,0.42424242424242425,0.2526079485049615,0.22417985485947656,0.0,0.0,0.41008805157349626,0.4100955733833532,0.3684569822898558,0.6282753533609916,0.08995441453797477,0.08995441453797477,0.9290484637022018,0.0,0.0,0.0,0.4221856892108917,0.45227164402604103,0.4576367549598217,0.6207059621810913,0.6207059621810913,0.0,0.5,0.0,0.6976744186046512,0.14987556636333466,0.0,-0.05238115,0.05957001,0.07119226
0.6697019555029415,0.6917218251360787,0.3333333333333333,0.42424242424242425,0.231940965112458,0.20351287146697306,0.0,0.0,0.409881475322789,0.40988898003762353,0.3656720435870081,0.6312858494877537,0.0912087011550154,0.0912087011550154,0.9275827072560787,0.0,0.0,0.0,0.4358370572328567,0.4510766491293907,0.45686668157577515,0.6470766067504883,0.6470766067504883,0.0,0.5,0.0,0.6976744186046512,0.14741629362106323,0.0,-0.04780284,0.05882796,0.07069386
0.6689884293647039,0.691055867407057,0.3333333333333333,0.42424242424242425,0.23327288057050138,0.20484478692501645,0.0,0.0,0.4109756251366143,0.4109828791244536,0.2869981178590034,0.7141844510069718,0.09325939629759109,0.09325939629759109,0.9248852841556072,0.0,0.0,0.0,0.4537316799163818,0.44822175800800323,0.45521578937768936,0.6751688718795776,0.6751688718795776,0.0,0.5,0.0,0.6976744186046512,0.14010049402713776,0.0,-0.0429253,0.05600997,0.06527663
0.6646398447808766,0.6869971884621514,0.3333333333333333,0.42424242424242425,0.2413902384603126,0.21296214481482767,0.0,0.0,0.4076007543056918,0.4076079171200783,0.277850662545082,0.7238910389169402,0.09679521300962994,0.09679521300962994,0.9210140444338322,0.0,0.0,0.0,0.4583035886287689,0.4465768299996853,0.45388948172330856,0.683178186416626,0.683178186416626,0.0,0.5,0.0,0.6976744186046512,0.1353224366903305,0.0,-0.04793178,0.04440776,0.04102644
0.6631077659272012,0.6855672481987212,0.3333333333333333,0.42424242424242425,0.24425011898717314,0.2158220253416882,0.0,0.0,0.4058663788078848,0.40587347894052245,0.2688012186929327,0.7335283008127271,0.09853225201368332,0.09853225201368332,0.9189240261912346,0.0,0.0,0.0,0.4601341962814331,0.4461217038333416,0.4536844678223133,0.6863831281661987,0.6863831281661987,0.0,0.5,0.0,0.6976744186046512,0.13358666002750397,0.0,-0.05086654,0.03661643,0.00162596
0.6634974312924203,0.6859309358729256,0.3333333333333333,0.42424242424242425,0.24352274363876414,0.2150946499932792,0.0,0.0,0.40561926456072134,0.4056263418999958,0.2589617340788103,0.7440285308360547,0.10083064436912537,0.10083064436912537,0.9167549721896648,0.0,0.0,0.0,0.4620923519134521,0.445596382021904,0.4533480852842331,0.6894620060920715,0.6894620060920715,0.0,0.5,0.0,0.6976744186046512,0.13268530368804932,0.0,-0.04910609,0.02270656,-0.04665596
0.664945203278746,0.6872821897268295,0.3333333333333333,0.42424242424242425,0.24082023593095636,0.21239214228547143,0.0,0.0,0.40588727462360097,0.40589435196287543,0.2613402215290252,0.7414915839248537,0.10263509516205108,0.10263509516205108,0.9157014787197113,0.0,0.0,0.0,0.46190370023250577,0.44585299491882324,0.45346344634890556,0.6893494129180908,0.6893494129180908,0.0,0.5,0.0,0.6976744186046512,0.1325426995754242,0.0,-0.05613447,0.01749564,-0.06562691
0.6668531905327524,0.6890629778305689,0.3333333333333333,0.42424242424242425,0.23725865972347754,0.2088305660779926,0.0,0.0,0.40592462724754963,0.4059317045868241,0.26169629944897976,0.7411464582159182,0.10360593242304666,0.10360593242304666,0.9148669838905334,0.0,0.0,0.0,0.46141349375247953,0.44566739723086357,0.4531901963055134,0.688390851020813,0.688390851020813,0.0,0.5,0.0,0.6976744186046512,0.13342341780662537,0.0,-0.0646437,0.01076722,-0.09314509
0.6181916303577877,0.6436455216672685,0.3333333333333333,0.42424242424242425,0.32809357205007833,0.2996654784045934,0.6630913615226746,0.6589495539665222,0.2721798561271244,0.2721848022869395,0.4673687762101795,0.530285898581011,0.10231493307011469,0.10231493307011469,0.9196232818067074,0.0,0.0,0.0,0.3639216095209121,0.4397926777601242,0.4464551694691181,0.5222248435020447,0.5222248435020447,0.0,0.5,0.0,0.6976744186046512,0.1285324990749359,0.0,-0.07023943,0.00060222,-0.12248653
0.6164495515681448,0.6420195814636018,0.3333333333333333,0.42424242424242425,0.3313454524574117,0.3029173588119268,0.11049959808588028,0.10931732505559921,0.39707139436419103,0.39707880220723196,0.4672910337466355,0.5276402558190366,0.09700411664588111,0.09700411664588111,0.9210528694093227,0.0,0.0,0.0,0.3962810158729553,0.4379554055631161,0.44470469281077385,0.5752869248390198,0.5752869248390198,0.0,0.5,0.0,0.6976744186046512,0.12941071391105652,0.0,-0.07195589,-0.00390531,-0.13317168
0.6465613125335603,0.6701238916979896,0.3333333333333333,0.42424242424242425,0.2751368319886363,0.24670873834315138,0.0,0.0,0.4123184505429824,0.4123261376047226,0.47098535071367514,0.5238453147009677,0.08963798838002342,0.08963798838002342,0.9239879287779331,0.0,0.0,0.0,0.41519646048545833,0.44593464210629463,0.4514823257923126,0.6065492033958435,0.6065492033958435,0.0,0.5,0.0,0.6976744186046512,0.1338476538658142,0.0,-0.07113739,-0.00876767,-0.14463708
0.656066976132847,0.6789958443906572,0.3333333333333333,0.42424242424242425,0.257392926603301,0.22896483295781606,0.0,0.0,0.4122920216383487,0.41229969730340726,0.4716506377004984,0.523163827331248,0.08745310295905387,0.08745310295905387,0.9255792051553726,0.0,0.0,0.0,0.4097738564014435,0.45266392454504967,0.45737725868821144,0.6033123135566711,0.6033123135566711,0.0,0.5,0.0,0.6976744186046512,0.1377405971288681,0.0,-0.07197185,-0.0105407,-0.16663466
0.6584539825008029,0.6812237170007494,0.3333333333333333,0.42424242424242425,0.25293718138311666,0.22450908773763173,0.0,0.0,0.411192395719014,0.41120007138407255,0.49347450941744087,0.5013449031987058,0.08441446349024773,0.08441446349024773,0.9258158169686794,0.0,0.0,0.0,0.45231751203536985,0.45221103727817535,0.4573063626885414,0.6683166027069092,0.6683166027069092,0.0,0.5,0.0,0.6976744186046512,0.14045384526252747,0.0,-0.07030383,-0.01240803,-0.16824643
0.6505603939294815,0.6738563676675161,0.3333333333333333,0.42424242424242425,0.26767188004958326,0.23924378640409832,0.0,0.0,0.4144967894709133,0.414504231503999,0.3434370038158351,0.6551688209267871,0.08409369470817703,0.08409369470817703,0.9253582917153835,0.0,0.0,0.0,0.4685650467872619,0.450421005487442,0.4552922509610653,0.6871639490127563,0.6871639490127563,0.0,0.5,0.0,0.6976744186046512,0.14034545421600342,0.0,-0.06777065,-0.01229739,-0.16868266
0.6478694304823875,0.6713448017835617,0.3333333333333333,0.42424242424242425,0.272695011817492,0.24426691817200707,0.0,0.0,0.41392771896850994,0.41393500714639403,0.31819379853928753,0.6820134651086021,0.08802380678909166,0.08802380678909166,0.9235473647713661,0.0,0.0,0.0,0.4739004492759704,0.44905686005949974,0.4529700167477131,0.695522665977478,0.695522665977478,0.0,0.5,0.0,0.6976744186046512,0.13785845041275024,0.0,-0.06875985,-0.01178237,-0.16746432
0.6476678479285467,0.6711566580666436,0.3333333333333333,0.42424242424242425,0.2730712992513282,0.2446432056058433,0.0,0.0,0.4136325221216701,0.4136397932045318,0.3149581666658303,0.6854259392904684,0.09082665400845664,0.09082665400845664,0.9211382195353508,0.0,0.0,0.0,0.4778229773044586,0.44781267642974854,0.4514036700129509,0.7018405199050903,0.7018405199050903,0.0,0.5,0.0,0.6976744186046512,0.1347907930612564,0.0,-0.06949017,-0.01101048,-0.16387168
0.6478701844101861,0.671345505449507,0.3333333333333333,0.42424242424242425,0.2726936044856015,0.24426551084011655,0.0,0.0,0.41047769272076695,0.41048490682022065,0.3066634794494162,0.6941414717683778,0.0923003096665655,0.0923003096665655,0.9178567118942738,0.0,0.0,0.0,0.4886565655469894,0.44597141072154045,0.4496167562901974,0.717730700969696,0.717730700969696,0.0,0.5,0.0,0.6976744186046512,0.1317588984966278,0.0,-0.07241271,-0.00745708,-0.15287681
0.6025983235310941,0.6290917686290212,0.3333333333333333,0.42424242424242425,0.3572010781265732,0.32877298448108827,0.976209282875061,0.9761878252029419,0.35610338971446165,0.35610981744288484,0.5114279576571904,0.4860081038506441,0.10651114795889174,0.10651114795889174,0.9170337840914726,0.0,0.0,0.0,0.4005792826414108,0.41911298781633377,0.42515484243631363,0.5721123218536377,0.5721123218536377,0.0,0.5,0.0,0.6976744186046512,0.10683280974626541,0.0,-0.06838343,0.00650375,-0.11250424
0.591363850271418,0.6186062602533234,0.3333333333333333,0.42424242424242425,0.37817209487796855,0.3497440012324836,0.1155453622341156,0.11439410597085953,0.3843169918935568,0.3843241262162393,0.5271888951954377,0.4683927944417159,0.09183097630739212,0.09183097630739212,0.917203065007925,0.0,0.0,0.0,0.4418141841888427,0.43208207935094833,0.43650157004594803,0.6427212357521057,0.6427212357521057,0.0,0.5,0.0,0.6976744186046512,0.1133163571357727,0.0,-0.05758821,0.01857371,-0.08225913
0.6182845586112568,0.6437322547038397,0.3333333333333333,0.42424242424242425,0.32792010597693616,0.29949201233145123,0.0,0.0,0.4108483526948305,0.41085596567814026,0.5171474898750422,0.47798549531244133,0.08407285170895713,0.08407285170895713,0.9176197610795498,0.0,0.0,0.0,0.4368640750646591,0.4441978372633457,0.44895830377936363,0.642504096031189,0.642504096031189,0.0,0.5,0.0,0.6976744186046512,0.11651486158370972,0.0,-0.05091954,0.02961505,-0.05543222
0.628001871917929,0.6528017471234003,0.3333333333333333,0.42424242424242425,0.3097811211378147,0.28135302749232977,0.0,0.0,0.41683940586578777,0.41684714421259517,0.48880561804452316,0.5060652947511951,0.08375917428306172,0.08375917428306172,0.9199531003832817,0.0,0.0,0.0,0.41397574245929714,0.44881464540958405,0.4535240940749645,0.607578456401825,0.607578456401825,0.0,0.5,0.0,0.6976744186046512,0.1212238222360611,0.0,-0.05199448,0.04169259,-0.0255769
0.563246410162676,0.5923633161518309,0.3333333333333333,0.42424242424242425,0.43065798308095365,0.4022298894354687,0.0,0.0,0.39628114846194906,0.39628745082687467,0.6446290978054243,0.3555707579994243,0.08339365944266319,0.08339365944266319,0.9229950234293938,0.0,0.0,0.0,0.3863912284374237,0.45144856348633766,0.4560446925461292,0.570641815662384,0.570641815662384,0.0,0.5,0.0,0.6976744186046512,0.12909215688705444,0.0,-0.05013129,0.04514169,-0.00748603
0.5627576520755178,0.5919071419371499,0.3333333333333333,0.42424242424242425,0.43157033151031565,0.4031422378648307,0.0,0.0,0.40266181998681383,0.40266807676501304,0.6961368447735934,0.30740509930755117,0.08633982656257494,0.08633982656257494,0.9230537861585617,0.0,0.0,0.0,0.3762911975383758,0.4510596804320812,0.456441693007946,0.5582556128501892,0.5582556128501892,0.0,0.5,0.0,0.6976744186046512,0.12934187054634094,0.0,-0.04660566,0.05524404,0.02552529
0.5833208952986059,0.6110995022786988,0.3333333333333333,0.42424242424242425,0.3931856108272178,0.3647575171817329,0.0,0.0,0.4010350348616649,0.4010412460531377,0.6948775114566372,0.308626185361053,0.09260136634111404,0.09260136634111404,0.9200748391449451,0.0,0.0,0.0,0.3971471071243286,0.4498916529119015,0.4564783573150635,0.5916657447814941,0.5916657447814941,0.0,0.5,0.0,0.6976744186046512,0.13216184079647064,0.0,-0.0423726,0.06155517,0.05044388
0.5890892722776958,0.6164833207925161,0.3333333333333333,0.42424242424242425,0.3824179737995833,0.3539898801540984,0.0,0.0,0.4071255981580249,0.4071319347129953,0.681144008672944,0.32171228824969644,0.10327161422797612,0.10327161422797612,0.9175903536379337,0.0,0.0,0.0,0.4115082293748855,0.44826777651906013,0.4560781866312027,0.6123293042182922,0.6123293042182922,0.0,0.5,0.0,0.6976744186046512,0.14455179870128632,0.0,-0.03973767,0.06385874,0.07551119
0.6017412362354142,0.6282918204863867,0.3333333333333333,0.42424242424242425,0.35880097441184217,0.33037288076635724,0.0,0.0,0.4118553691794722,0.41186183679628097,0.6610530608014896,0.3410419947735843,0.10822474424328124,0.10822474424328124,0.9161664359271526,0.0,0.0,0.0,0.4224731832742691,0.4470143988728523,0.45585954561829567,0.6265621781349182,0.6265621781349182,0.0,0.5,0.0,0.6976744186046512,0.1506565809249878,0.0,-0.03400486,0.06451485,0.09676804
0.6133877842554024,0.6391619319717089,0.3333333333333333,0.42424242424242425,0.33706075144119757,0.30863265779571264,0.0,0.0,0.40965198604372216,0.40965838528044135,0.6501004167086308,0.35160870164069297,0.10971241763659886,0.10971241763659886,0.9145704470574856,0.0,0.0,0.0,0.42595786750316617,0.4465119279921055,0.4561299532651901,0.6313761472702026,0.6313761472702026,0.0,0.5,0.0,0.6976744186046512,0.15267468988895416,0.0,-0.0309614,0.06780163,0.11131137
0.6282086255294936,0.6529947171608607,0.3333333333333333,0.42424242424242425,0.30939518106289404,0.2809670874174091,0.0,0.0,0.40669856449841996,0.40670483837164156,0.6814512518122364,0.3219626733444795,0.10949651045458658,0.10949651045458658,0.9138373471796513,0.0,0.0,0.0,0.4330376148223877,0.44707541167736053,0.4569607712328434,0.6420676708221436,0.6420676708221436,0.0,0.5,0.0,0.6976744186046512,0.15384921431541443,0.0,-0.03318741,0.07149461,0.12206715
0.6151659673168546,0.6408215694957309,0.3333333333333333,0.42424242424242425,0.33374147639315355,0.3053133827476686,0.0,0.0,0.39821657851822745,0.3982224478092522,0.7569387565379389,0.2517544192469548,0.10970587709120343,0.10970587709120343,0.913959413766861,0.0,0.0,0.0,0.41364744305610657,0.4469532482326031,0.4575195014476776,0.6167623400688171,0.6167623400688171,0.0,0.5,0.0,0.6976744186046512,0.15344583988189697,0.0,-0.03481859,0.074619,0.12789312
0.6129307532239529,0.6387353696756892,0.3333333333333333,0.42424242424242425,0.33791387603323686,0.30948578238775193,0.0,0.0,0.3966036859479507,0.3966095210489306,0.7554881413169847,0.25313120676449513,0.10985357952969416,0.10985357952969416,0.9119779840111732,0.0,0.0,0.0,0.41479516625404356,0.44625236466526985,0.45756665244698524,0.6191692352294922,0.6191692352294922,0.0,0.5,0.0,0.6976744186046512,0.15241363644599915,0.0,-0.03598857,0.07521285,0.12836567
0.6137641494472822,0.6395132061507967,0.3333333333333333,0.42424242424242425,0.33635820308302206,0.3079301094375371,0.0,0.0,0.3971521968367451,0.3971579863509986,0.7649141771159711,0.24440205525207198,0.10898805622543609,0.10898805622543609,0.9118461757898331,0.0,0.0,0.0,0.4179066151380539,0.44613512605428696,0.457836601883173,0.6239675879478455,0.6239675879478455,0.0,0.5,0.0,0.6976744186046512,0.15158769488334656,0.0,-0.02731937,0.06648554,0.12972133
0.6138963795133999,0.6396366208791733,0.3333333333333333,0.42424242424242425,0.33611137362626886,0.30768327998078393,0.0,0.0,0.39746258546015956,0.39746836357773146,0.764744594493742,0.24458777557544864,0.10879365461213249,0.10879365461213249,0.9119452312588692,0.0,0.0,0.0,0.41793565452098846,0.44601722806692123,0.45782000198960304,0.6232357621192932,0.6232357621192932,0.0,0.5,0.0,0.6976744186046512,0.15044434368610382,0.0,-0.03181648,0.06752122,0.128529
0.6030814493341106,0.6295426860451698,0.3333333333333333,0.42424242424242425,0.35629924329427576,0.3278711496487908,0.0,0.0,0.390844646421035,0.3908518947105335,0.7930278759841481,0.21849516422246607,0.10938619928700584,0.10938619928700584,0.9129464589059353,0.0,0.0,0.0,0.40839419364929197,0.44548965245485306,0.4570373445749283,0.6057151556015015,0.6057151556015015,0.0,0.5,0.0,0.6976744186046512,0.14720743894577026,0.0,-0.03311958,0.06691922,0.12696502
0.5924848300360498,0.6196525080336465,0.3333333333333333,0.42424242424242425,0.3760795993173225,0.34765150567183756,0.0,0.0,0.41815764862994165,0.41816589982742103,0.6297520975765717,0.37114179334443975,0.10963196733168194,0.10963196733168194,0.9130965732038021,0.0,0.0,0.0,0.39903093278408047,0.44446900859475136,0.4557984136044979,0.5907712578773499,0.5907712578773499,0.0,0.5,0.0,0.6976744186046512,0.1437152475118637,0.0,-0.0360217,0.0575689,0.12651303
0.5876643309990565,0.6151533755991194,0.3333333333333333,0.42424242424242425,0.38507786418637663,0.3566497705408917,0.0,0.0,0.40865884501893024,0.40866697085291204,0.6541996891138431,0.3473812621541912,0.1066535445196288,0.1066535445196288,0.9130140356719494,0.0,0.0,0.0,0.4047498762607574,0.4448666498064995,0.45558972656726837,0.598278820514679,0.598278820514679,0.0,0.5,0.0,0.6976744186046512,0.14192892611026764,0.0,-0.03232397,0.03735386,0.12551935
0.5840991350511711,0.6118258593810929,0.3333333333333333,0.42424242424242425,0.3917328966224296,0.3633048029769447,0.0,0.0,0.4063180577914528,0.4063261551337306,0.6578970575423815,0.34375725416512104,0.10003758328301567,0.10003758328301567,0.9136726409196854,0.0,0.0,0.0,0.4049415737390518,0.4439234882593155,0.45439203828573227,0.5983890891075134,0.5983890891075134,0.0,0.5,0.0,0.6976744186046512,0.1340937465429306,0.0,-0.02400125,0.02600581,0.13265018
0.5791276774945713,0.6071858323282666,0.3333333333333333,0.42424242424242425,0.4010129507280823,0.37258485708259736,0.0,0.0,0.40772256773698856,0.407730961392988,0.578550824471687,0.4192572154638138,0.09546315563576563,0.09546315563576563,0.9134291559457779,0.0,0.0,0.0,0.4131633698940277,0.4428492411971092,0.4528922066092491,0.6095755100250244,0.6095755100250244,0.0,0.5,0.0,0.6976744186046512,0.1273832470178604,0.0,-0.01341137,0.01350285,0.14254025
0.5739296247206983,0.6023343164059851,0.3333333333333333,0.42424242424242425,0.41071598257264524,0.3822878889271603,0.0,0.0,0.4094431019649907,0.40945148992264935,0.59072677697096,0.40740248983215827,0.09112173425299781,0.09112173425299781,0.9122927188873291,0.0,0.0,0.0,0.4330060511827469,0.44192491844296455,0.45090241730213165,0.6371169090270996,0.6371169090270996,0.0,0.5,0.0,0.6976744186046512,0.11233792454004288,0.0,-0.01182533,0.00468933,0.14475235
0.5625798537262848,0.5917411968111992,0.3333333333333333,0.42424242424242425,0.43190222176221704,0.4034741281167321,0.08559132367372513,0.08420388400554657,0.3941778566823635,0.3941862674333853,0.49465920016824855,0.5004883229112027,0.08718888142279217,0.08718888142279217,0.9117122665047646,0.0,0.0,0.0,0.4529992282390594,0.4400375187397003,0.44670017063617706,0.6609269380569458,0.6609269380569458,0.0,0.5,0.0,0.6976744186046512,0.110013447701931,0.0,-0.01160338,-0.00629383,0.15270609
0.5753923023030871,0.603699482149548,0.3333333333333333,0.42424242424242425,0.40798565108551943,0.3795575574400345,0.009731179103255272,0.009619112126529217,0.39913023908553114,0.3991387410100058,0.510741796223429,0.48449622576774143,0.08389053600175041,0.08389053600175041,0.9129754528403282,0.0,0.0,0.0,0.4633797228336334,0.43970394507050514,0.44539669156074524,0.6720890402793884,0.6720890402793884,0.0,0.5,0.0,0.6976744186046512,0.11185026913881302,0.0,-0.01863013,-0.01537879,0.14135253
0.5868238256800742,0.6143689039680693,0.3333333333333333,0.42424242424242425,0.38664680744847685,0.3582187138029919,0.0,0.0,0.40231352600039305,0.4023219937348229,0.5340288017037722,0.4616205671270714,0.08179062179156713,0.08179062179156713,0.9118315987288952,0.0,0.0,0.0,0.4697586447000503,0.43901611492037773,0.4438891001045704,0.6844263076782227,0.6844263076782227,0.0,0.5,0.0,0.6976744186046512,0.11634483933448792,0.0,-0.02569963,-0.0205592,0.11267438
0.5902056131689322,0.61752523895767,0.3333333333333333,0.42424242424242425,0.3803341374692754,0.3519060438237905,0.0,0.0,0.39855061525596486,0.3985590488003499,0.5464504495633492,0.4493981218652055,0.08146292396954129,0.08146292396954129,0.9078210107982159,0.0,0.0,0.0,0.48125751018524165,0.4383574612438679,0.442677766084671,0.702013373374939,0.702013373374939,0.0,0.5,0.0,0.6976744186046512,0.11742380261421204,0.0010595237836241722,-0.04047025,-0.02435259,0.08235176
0.5910286229281199,0.6182933813995786,0.3333333333333333,0.42424242424242425,0.3787978525854584,0.35036975893997346,0.0,0.0,0.3964227180408018,0.39643103761837084,0.4887351025016996,0.507006256069275,0.08182846541915621,0.08182846541915621,0.9048917926847935,0.0,0.0,0.0,0.4825549781322479,0.43813369795680046,0.44190700724720955,0.7030297517776489,0.7030297517776489,0.0,0.5,0.0,0.6976744186046512,0.1167987659573555,0.05843386985361576,-0.05389395,-0.02729863,0.05091942
0.6001635491847992,0.6268193125724792,0.3333333333333333,0.42424242424242425,0.3617459902396569,0.333317896594172,0.0,0.0,0.40356759405044934,0.4035758338512472,0.36569790265756175,0.6325943025024119,0.08587704173156194,0.08587704173156194,0.9027440287172794,0.0,0.0,0.0,0.4851610958576202,0.4372110813856125,0.44052162021398544,0.7051734924316406,0.7051734924316406,0.0,0.5,0.0,0.6976744186046512,0.1164274737238884,0.04638765938580036,-0.05569723,-0.03033557,0.03279851
0.6239389284026056,0.6490096665090985,0.3333333333333333,0.42424242424242425,0.3173652823664185,0.28893718872093355,0.0,0.0,0.40860507547513475,0.4086133779576814,0.36647183990843213,0.6318078459968024,0.09114948234387807,0.09114948234387807,0.8995411023497581,0.0,0.0,0.0,0.48674937486648556,0.43588249385356903,0.4388982392847538,0.7075405120849609,0.7075405120849609,0.0,0.5,0.0,0.6976744186046512,0.11589264124631882,0.04318916238844395,-0.05986722,-0.03207882,0.01553819
0.5969490050559952,0.6238190713855956,0.3333333333333333,0.42424242424242425,0.36774647261342436,0.3393183789679394,0.8772891759872437,0.8752318024635315,0.28989713734468125,0.2899035650731045,0.5134954959097145,0.4846851371619665,0.10235405926193511,0.10235405926193511,0.9000895954668522,0.0,0.0,0.0,0.41890484392642974,0.4247247725725174,0.42823293060064316,0.5942074060440063,0.5942074060440063,0.0,0.5,0.0,0.6976744186046512,0.1141391322016716,0.07087287958711386,-0.05626469,-0.03184861,-0.00116659
0.5850224970352083,0.6126876638995277,0.3333333333333333,0.42424242424242425,0.3900092875855601,0.36158119394007515,0.1020754724740982,0.10131265223026276,0.39377607806918724,0.39378414691976105,0.3695622894549689,0.6289003929667395,0.10466541030577252,0.10466541030577252,0.9034543968737125,0.0,0.0,0.0,0.44879928231239313,0.4276112839579582,0.4294952228665352,0.6519527435302734,0.6519527435302734,0.0,0.5,0.0,0.6976744186046512,0.111954465508461,0.07187388371676207,-0.06009057,-0.02977015,-0.02741864
0.5900930384440082,0.6174201692144076,0.3333333333333333,0.42424242424242425,0.38054427695580023,0.3521161833103153,0.0,0.0,0.41319160730387466,0.4132000123565557,0.378260191266441,0.6195372155651258,0.09877523673432215,0.09877523673432215,0.9046402461826801,0.0,0.0,0.0,0.4769131809473037,0.42990269511938095,0.43187032639980316,0.6944451928138733,0.6944451928138733,0.0,0.5,0.0,0.6976744186046512,0.11248300969600677,0.06896291393786669,-0.062316,-0.02975986,-0.04760435
0.5988211452606178,0.6255664022432433,0.3333333333333333,0.42424242424242425,0.3642518108981288,0.33582371725264387,0.0,0.0,0.41883928415652216,0.4188476721141808,0.34688501285093465,0.652209273665124,0.09585921253476824,0.09585921253476824,0.9039132408797741,0.0,0.0,0.0,0.4834147691726684,0.43214721232652664,0.4345832094550133,0.7046319842338562,0.7046319842338562,0.0,0.5,0.0,0.6976744186046512,0.11204719543457031,0.052079278975725174,-0.05689335,-0.02974461,-0.06400283
0.6020427363969031,0.6285732206371095,0.3333333333333333,0.42424242424242425,0.3582381741103963,0.3298100804649114,0.0,0.0,0.41798792924753336,0.41799636279191843,0.3490832617816232,0.6498543830441649,0.09475004992314748,0.09475004992314748,0.9043790064752102,0.0,0.0,0.0,0.48277294039726254,0.4357697144150734,0.43830958008766174,0.704801619052887,0.704801619052887,0.0,0.5,0.0,0.6976744186046512,0.11145943403244019,0.05654600448906422,-0.06886468,-0.02689751,-0.07987583
0.5893058358203798,0.6166854467656877,0.3333333333333333,0.42424242424242425,0.38201372185323995,0.353585628207755,0.9673855304718018,0.9673340916633606,0.33634409667429,0.3363512651870173,0.5387684251564638,0.45932166840281996,0.10735290923288891,0.10735290923288891,0.904356125742197,0.0,0.0,0.0,0.40704991221427916,0.4108278900384903,0.4157184734940529,0.5795648097991943,0.5795648097991943,0.0,0.5,0.0,0.6976744186046512,0.10376517474651337,0.06709212437272072,-0.07589345,-0.02303546,-0.09294397
0.4642857142857143,0.5,0.3333333333333333,0.42424242424242425,0.6153846153846154,0.5869565217391305,0.25306716561317444,0.25302180647850037,0.3378688473090615,0.3378761981686944,0.5564166795227313,0.4406258681029658,0.10139958666903633,0.10139958666903633,0.9030530825257301,0.0,0.0,0.0,0.44690813422203063,0.41820620000362396,0.42296523600816727,0.6459907293319702,0.6459907293319702,0.0,0.5,0.0,0.6976744186046512,0.10117258131504059,0.07780162617564201,-0.08841196,-0.01490414,-0.10006627
0.4642857142857143,0.5,0.3333333333333333,0.42424242424242425,0.6153846153846154,0.5869565217391305,0.07945425808429718,0.07892242819070816,0.3818031346592803,0.3818040919805348,0.565906382883484,0.4305133303943551,0.08552968235952514,0.08552968235952514,0.9013393968343735,0.0,0.0,0.0,0.46275055706501006,0.4251050353050232,0.42795340716838837,0.6722596287727356,0.6722596287727356,0.0,0.5,0.0,0.6976744186046512,0.10195399820804596,0.0795313436537981,-0.09292754,-0.00734326,-0.11506213
0.4642857142857143,0.5,0.3333333333333333,0.42424242424242425,0.6153846153846154,0.5869565217391305,0.030501412227749825,0.030064022168517113,0.38567076951094387,0.38567173822887996,0.5662439696875403,0.4301104690964267,0.08076449590069908,0.08076449590069908,0.9007159471511841,0.0,0.0,0.0,0.4675110131502151,0.42659953981637955,0.42955781519412994,0.6795840263366699,0.6795840263366699,0.0,0.5,0.0,0.6976744186046512,0.10271252691745758,0.06641391664743423,-0.09086909,-0.01175915,-0.13671349
0.4642857142857143,0.5,0.3333333333333333,0.42424242424242425,0.6153846153846154,0.5869565217391305,0.0,0.0,0.3913108618719856,0.39131195595341933,0.5566377922408211,0.43946339518294003,0.07681692285197123,0.07681692285197123,0.899982575327158,0.0,0.0,0.0,0.4800939321517944,0.42744625359773636,0.43070512264966965,0.6994357109069824,0.6994357109069824,0.0,0.5,0.0,0.6976744186046512,0.10524799674749374,0.015864464221522212,-0.0975207,-0.00892594,-0.16432732
0.4642857142857143,0.5,0.3333333333333333,0.42424242424242425,0.6153846153846154,0.5869565217391305,0.0,0.0,0.39178226281306483,0.39178335689449856,0.5393521147521915,0.45630877327458075,0.07527728698083333,0.07527728698083333,0.9003724493086338,0.0,0.0,0.0,0.4849365204572677,0.42798835039138794,0.4314766675233841,0.7074400782585144,0.7074400782585144,0.0,0.5,0.0,0.6976744186046512,0.10686761140823364,0.004164827987551689,-0.09835923,-0.00989223,-0.18113405
0.4642857142857143,0.5,0.3333333333333333,0.42424242424242425,0.6153846153846154,0.5869565217391305,0.0,0.0,0.4326678637564752,0.4326695732587154,0.5017826908390904,0.4933310701053361,0.07799242756196431,0.07799242756196431,0.9140166118741035,0.0,0.0,0.0,0.46835519969463346,0.43984391912817955,0.4462036304175854,0.6861365437507629,0.6861365437507629,0.0,0.5,0.0,0.6976744186046512,0.11458629369735718,0.0,-0.10731355,-0.00954019,-0.18928006
0.5637328088993118,0.5928172883060243,0.3333333333333333,0.42424242424242425,0.42975003877256673,0.4013219451270818,0.0,0.0,0.43695471414416515,0.4369564863281542,0.48074044290053913,0.5142502376221284,0.08412128048283714,0.08412128048283714,0.9175590388476849,0.0,0.0,0.0,0.4680523931980133,0.4427892863750458,0.45042670518159866,0.6881390810012817,0.6881390810012817,0.0,0.5,0.0,0.6976744186046512,0.1490274965763092,0.0,-0.1083577,-0.00648694,-0.19022451
0.5737483760430699,0.602165150973532,0.3333333333333333,0.42424242424242425,0.41105431343755156,0.3826262197920666,0.0,0.0,0.43557563019528217,0.4355773681892264,0.4657652032762823,0.5291324033969169,0.09064381676060813,0.09064381676060813,0.9204594232141972,0.0,0.0,0.0,0.46728101372718805,0.4449961744248867,0.4535559229552746,0.68849116563797,0.68849116563797,0.049571216106414795,0.4801715135574341,0.04708037152886391,0.7478190971495108,0.16275304555892944,0.0,-0.11392284,-0.00254713,-0.19443826
0.5768473253008866,0.6050575036141608,0.3333333333333333,0.42424242424242425,0.4052696081562939,0.376841514510809,0.0,0.0,0.4382430463174561,0.43824484129480834,0.45022071935022767,0.5447249350203105,0.09531805557864054,0.09531805557864054,0.9218096025288105,0.0,0.0,0.0,0.4631479293107986,0.4459519572556019,0.4551870748400688,0.6855592727661133,0.6855592727661133,0.0505363754928112,0.4797854498028755,0.04730241745710373,0.7533132570774056,0.16346198320388794,0.0,-0.10901499,-0.00317549,-0.19144568
0.576731069634358,0.6049489983254008,0.3333333333333333,0.42424242424242425,0.40548661873381364,0.3770585250883287,0.0,0.0,0.44153379824147854,0.44153562740887553,0.43350386733534685,0.5615582340540389,0.10097975709608624,0.10097975709608624,0.922458540648222,0.0,0.0,0.0,0.45604834258556365,0.44768964126706123,0.45703332871198654,0.6751387119293213,0.6751387119293213,0.05146114155650139,0.49070378191887387,0.04801689833402634,0.7628752650736377,0.16527126729488373,0.0,-0.10240653,0.00051725,-0.18998049
0.5767628188644137,0.6049786309401194,0.3333333333333333,0.42424242424242425,0.4054273535043766,0.37699925985889166,0.0,0.0,0.44093460061126183,0.4409364183819773,0.4167684387294558,0.5784186080417892,0.10388730892113278,0.10388730892113278,0.9227298647165298,0.0,0.0,0.0,0.4487655699253082,0.4491873271763325,0.4585592932999134,0.6652275323867798,0.6652275323867798,0.05211920291185379,0.4832769722219497,0.04890746623277664,0.7571736328996891,0.16696485877037048,0.0,-0.09847457,0.00191164,-0.18836428
0.5811164680690992,0.6090420368644927,0.3333333333333333,0.42424242424242425,0.39730054165563017,0.36887244801014524,0.0,0.0,0.43867862748826214,0.43868042816395514,0.4068883534371283,0.5884179382382975,0.10463717792715346,0.10463717792715346,0.9236593656241894,0.0,0.0,0.0,0.43411042392253874,0.4500927999615669,0.4596882537007332,0.647149384021759,0.647149384021759,0.052601106464862823,0.4789595574140549,0.04983760789036751,0.7504606502520483,0.16806069016456604,0.0,-0.09616638,0.00548279,-0.18329053
0.6106811834587937,0.6366357712282075,0.3333333333333333,0.42424242424242425,0.3421130729282005,0.31368497928271555,0.0,0.0,0.40540574773091886,0.4054070241592582,0.3934553070688339,0.6018343853398395,0.10379759328705924,0.10379759328705924,0.9176617600023746,0.0,0.0,0.0,0.4422670692205429,0.44763145595788956,0.45860711857676506,0.6586585640907288,0.6586585640907288,0.0,0.5,0.05087168514728546,0.7421228512688431,0.16569137573242188,0.0,-0.09653521,0.00958346,-0.1767617
0.6205364611177218,0.6458340303765403,0.3333333333333333,0.42424242424242425,0.32371655463153487,0.29528846098604994,0.0,0.0,0.4086072180512758,0.408608557161364,0.3879809908383663,0.607314365721063,0.10364865085908345,0.10364865085908345,0.9149703122675419,0.0,0.0,0.0,0.44305553436279294,0.4475659020245075,0.4587576389312744,0.6601126194000244,0.6601126194000244,0.054014902561903,0.4783940389752388,0.05201638117432594,0.7478956821872744,0.163512721657753,0.0,-0.10686326,0.01316928,-0.1636585
0.6291751343579519,0.6538967920674218,0.3333333333333333,0.42424242424242425,0.30759103124977183,0.2791629376042869,0.0,0.0,0.4100972828855934,0.4100986276940224,0.3829999229876079,0.612416078843254,0.10163729744298118,0.10163729744298118,0.9139329418540001,0.0,0.0,0.0,0.4423913836479187,0.44786858931183815,0.45914458110928535,0.6590301394462585,0.6590301394462585,0.05457897111773491,0.478168411552906,0.053036220371723175,0.7457365190913511,0.16308829188346863,0.0,-0.10472365,0.02006113,-0.11941516
0.6374022251083737,0.6615754101011488,0.3333333333333333,0.42424242424242425,0.2922337951823178,0.26380570153683286,0.0,0.0,0.412168493006471,0.41216986060826316,0.38031002121263435,0.6150490314002652,0.1049117637532098,0.1049117637532098,0.9126744531095028,0.0,0.0,0.0,0.4434553891420364,0.4479380361735821,0.45909344777464867,0.6601060628890991,0.6601060628890991,0.05478443205356598,0.47808622717857363,0.053509753197431564,0.7540474091331626,0.16167780756950378,0.0,-0.09820635,0.02799531,-0.08897676
0.5856909959443978,0.6133115962147713,0.3333333333333333,0.42424242424242425,0.3887614229550729,0.36033332930958795,0.17587663233280182,0.17253103852272034,0.39410829133786845,0.3941093740226206,0.5119732753382586,0.48464580721376,0.11296245136431286,0.11296245136431286,0.911809753626585,0.0,0.0,0.0,0.40183773934841155,0.44294773042201996,0.45681624487042427,0.5934002995491028,0.5934002995491028,0.0,0.5,0.0,0.6976744186046512,0.1491861343383789,0.0,-0.09930344,0.03562637,-0.06980734
0.5753243201900097,0.6036360321773423,0.3333333333333333,0.42424242424242425,0.4081125510299308,0.3796844573844459,0.043332915753126144,0.04237072542309761,0.41299668985844573,0.4129979662867851,0.7526332953691939,0.25510622889265683,0.12687970485006062,0.12687970485006062,0.9138691052794456,0.0,0.0,0.0,0.3996021658182144,0.44165466353297234,0.45379263907670975,0.5953958034515381,0.5953958034515381,0.0,0.5,0.0,0.6976744186046512,0.14311034977436066,0.0,-0.10281424,0.04745949,-0.04405571
0.5863575479459195,0.6139337114161916,0.3333333333333333,0.42424242424242425,0.3875171925522324,0.35908909890674745,0.0,0.0,0.42319891375291874,0.4232002813547109,0.7565654924221294,0.25191497569735555,0.1279708157692637,0.1279708157692637,0.9125183261930943,0.0,0.0,0.0,0.4291837215423584,0.4439833275973797,0.4562692940235138,0.6444342136383057,0.6444342136383057,0.0,0.5,0.0,0.6976744186046512,0.14453734457492828,0.0,-0.10319209,0.05328882,-0.02149446
0.5926659634070737,0.6198215658466021,0.3333333333333333,0.42424242424242425,0.3757414836914112,0.34731339004592626,0.0,0.0,0.42365151586769645,0.4236529119611926,0.7586901073929913,0.24995914558101062,0.1293032935687474,0.1293032935687474,0.9103120677173138,0.0,0.0,0.0,0.42328351140022275,0.44503162801265717,0.4577171988785267,0.6383809447288513,0.6383809447288513,0.0,0.5,0.0,0.6976744186046512,0.14751307666301727,0.0,-0.10216632,0.05485741,-0.00887392
0.5991397462785244,0.6258637631932894,0.3333333333333333,0.42424242424242425,0.36365708899803656,0.33522899535255163,0.0,0.0,0.42054418213736716,0.4205472022579915,0.7659354565476368,0.2432854767688551,0.12944682900394713,0.12944682900394713,0.9089145958423615,0.0,0.0,0.0,0.42441798746585846,0.4461555629968643,0.45912568271160126,0.6394910216331482,0.6394910216331482,0.0,0.5,0.0,0.6976744186046512,0.15019084513187408,0.0,-0.10247667,0.05785093,-0.00020188
0.5990571823148501,0.62578670349386,0.3333333333333333,0.42424242424242425,0.36381120839689535,0.3353831147514104,0.0,0.0,0.40107515118090187,0.4010778407977598,0.8166949315919019,0.1971888628283554,0.13090338025774276,0.13090338025774276,0.9075729101896286,0.0,0.0,0.0,0.41514190733432765,0.446746576577425,0.4599146991968155,0.6272703409194946,0.6272703409194946,0.0,0.5,0.0,0.6976744186046512,0.1507195085287094,0.0,-0.09714033,0.06968597,0.03154919
0.5984504921805291,0.6252204593684938,0.3333333333333333,0.42424242424242425,0.36494369664762777,0.33651560300214284,0.0,0.0,0.4018425467365331,0.4018452135600278,0.8210418083015865,0.19332162686054788,0.13202848711184093,0.13202848711184093,0.9066681191325188,0.0,0.0,0.0,0.4138626933097839,0.4464782401919365,0.4599049314856529,0.6251182556152344,0.6251182556152344,0.0,0.5,0.0,0.6976744186046512,0.14882822334766388,0.0,-0.08152355,0.07607342,0.06498807
0.5923349757989248,0.6195126440789964,0.3333333333333333,0.42424242424242425,0.3763593272266225,0.3479312335811376,0.0,0.0,0.4008320371689805,0.4008346925957937,0.8190718690934191,0.19497619709544106,0.13432517647743225,0.13432517647743225,0.9047474600374699,0.0,0.0,0.0,0.4149752646684646,0.4437415152788162,0.4587351456284523,0.6280064582824707,0.6280064582824707,0.0,0.5,0.0,0.6976744186046512,0.14809106290340424,0.0,-0.07386114,0.0817113,0.09493185
0.592854321180355,0.619997366434998,0.3333333333333333,0.42424242424242425,0.37538988251461947,0.34696178886913454,0.0,0.0,0.4020485417564786,0.40205123137333654,0.8151058694828537,0.1984798789201635,0.1349579808967454,0.1349579808967454,0.9044663980603218,0.0,0.0,0.0,0.4191222012042999,0.4404245764017105,0.4575186036527157,0.6367893815040588,0.6367893815040588,0.0,0.5,0.0,0.6976744186046512,0.1547679305076599,0.0,-0.07219199,0.0880469,0.11108681
0.5932769154508909,0.6203917877541648,0.3333333333333333,0.42424242424242425,0.3746010398762858,0.34617294623080086,0.0,0.0,0.3987916550718348,0.3987942991019663,0.819574986999395,0.19435845136591806,0.1365732029080391,0.1365732029080391,0.9042905680835247,0.0,0.0,0.0,0.419851878285408,0.43754055351018906,0.45573509857058525,0.6384561657905579,0.6384561657905579,0.0,0.5,0.0,0.6976744186046512,0.16256815195083618,0.0,-0.06928343,0.08626287,0.13291471
0.5866487459057853,0.614205496178733,0.3333333333333333,0.42424242424242425,0.38697362302714944,0.3585455293816645,0.0,0.0,0.4378817316223057,0.43788507085001493,0.6782527389307551,0.32526914699077103,0.13747751712799072,0.13747751712799072,0.9043092578649521,0.0,0.0,0.0,0.426156011223793,0.43618127703666687,0.45431867986917496,0.6429821848869324,0.6429821848869324,0.0,0.5,0.0,0.6976744186046512,0.164056196808815,0.0,-0.06482526,0.09025943,0.1633254
0.5399832250993877,0.5706510100927618,0.3333333333333333,0.42424242424242425,0.47408259519909185,0.4456545015536069,0.0,0.0,0.5058165062254519,0.5058206980674035,0.5147578949340215,0.4833208347091205,0.15184103378227778,0.15184103378227778,0.9168914668262005,0.0,0.0,0.0,0.39409421682357787,0.44149240478873253,0.4569457322359085,0.5982853174209595,0.5982853174209595,0.0,0.5,0.049804091453552246,0.7355054985558571,0.18443156778812408,0.0,-0.07055422,0.09002838,0.19036804
0.5439161094171661,0.5743217021226883,0.3333333333333333,0.42424242424242425,0.46674121113923883,0.4383131174937539,0.0,0.0,0.5162254271042278,0.5162296566976872,0.5963421214379042,0.4040550223221464,0.14536794807229725,0.14536794807229725,0.9211932495236397,0.0,0.0,0.0,0.403654682636261,0.4481606148183346,0.4588022418320179,0.6085827946662903,0.6085827946662903,0.04979730024933815,0.4800810799002647,0.04842808470129967,0.7501020971252474,0.18640638887882233,0.0,-0.07294472,0.09344924,0.19445321
0.4642857142857143,0.5,0.3333333333333333,0.42424242424242425,0.6153846153846154,0.5869565217391305,0.0,0.0,0.5275395454457795,0.5275438619389361,0.6363797693817839,0.365390161660565,0.14388990721532277,0.14388990721532277,0.9238300584256649,0.0,0.0,0.0,0.4287409335374832,0.44871535152196884,0.4589865654706955,0.6439229846000671,0.6439229846000671,0.04848037287592888,0.4806078508496284,0.0461508147418499,0.7528132525121057,0.1838706135749817,0.0,-0.07444673,0.0927967,0.18780969
0.4642857142857143,0.5,0.3333333333333333,0.42424242424242425,0.6153846153846154,0.5869565217391305,0.0,0.0,0.5213895840694982,0.5213938507021727,0.6479296109872384,0.35401930493966066,0.14655567705631256,0.14655567705631256,0.924391508102417,0.0,0.0,0.0,0.43594647645950313,0.4482131376862526,0.45785771682858467,0.6514371037483215,0.6514371037483215,0.04760441184043884,0.5112983929732489,0.044509947299957275,0.7701494696355143,0.18046259880065918,0.0,-0.0749486,0.09038451,0.16892928
0.4642857142857143,0.5,0.3333333333333333,0.42424242424242425,0.6153846153846154,0.5869565217391305,0.0,0.0,0.5315613944945327,0.5315668449575085,0.6697661429928548,0.3333353763278032,0.15532298811844417,0.15532298811844417,0.9239943996071815,0.0,0.0,0.0,0.4623476147651672,0.4465588629245758,0.45464319735765457,0.6873645782470703,0.6873645782470703,0.046458154916763306,0.5200789376856788,0.042520277202129364,0.7783461578710135,0.176395982503891,0.0,-0.05580928,0.07955566,0.12272844
0.4642857142857143,0.5,0.3333333333333333,0.42424242424242425,0.6153846153846154,0.5869565217391305,0.0,0.0,0.5269728511514901,0.5269782389327171,0.681473110647548,0.3220895184107032,0.15869158187082838,0.15869158187082838,0.9234372451901436,0.0,0.0,0.0,0.47056573927402495,0.44466952234506607,0.4519084803760052,0.6971837878227234,0.6971837878227234,0.04558267444372177,0.5261769540726192,0.04111441597342491,0.7825628286877344,0.17784862220287323,0.0,-0.07544407,0.07845583,0.08867224
0.4642857142857143,0.5,0.3333333333333333,0.42424242424242425,0.6153846153846154,0.5869565217391305,0.0,0.0,0.5238497615088469,0.5238551051279327,0.6928925286287559,0.3110961425778008,0.16131328684943064,0.16131328684943064,0.9228820279240608,0.0,0.0,0.0,0.47421147525310514,0.44276393204927444,0.4493310786783695,0.7013816237449646,0.7013816237449646,0.04516206309199333,0.5253963460997929,0.04056888446211815,0.7817800732892614,0.18073363602161407,0.0,-0.0807337,0.07410342,0.0756919
0.4642857142857143,0.5,0.3333333333333333,0.42424242424242425,0.6153846153846154,0.5869565217391305,0.0,0.0,0.5242543123648226,0.5242596403134713,0.7094008042753085,0.2954773323435122,0.16129679445709502,0.16129679445709502,0.9221995323896408,0.0,0.0,0.0,0.4807682633399963,0.44149644672870636,0.44691919907927513,0.7096906900405884,0.7096906900405884,0.0452253594994545,0.5249003148268139,0.04057804122567177,0.7809824457522049,0.18235011398792267,0.0,-0.08486999,0.07245077,0.07038658
0.4642857142857143,0.5,0.3333333333333333,0.42424242424242425,0.6153846153846154,0.5869565217391305,0.0,0.0,0.5244969990011839,0.5245022785139357,0.7375458212245263,0.26892561706889834,0.1606848676289831,0.1606848676289831,0.9204816557466984,0.0,0.0,0.0,0.486197417974472,0.4389125630259514,0.44358957931399345,0.71761554479599,0.71761554479599,0.0448555126786232,0.5251590391946217,0.04017193987965584,0.7797980975619583,0.18179990351200104,0.0,-0.08952018,0.06891266,0.0469672
0.5713503312851702,0.5999269758661588,0.3333333333333333,0.42424242424242425,0.41553066365229785,0.3871025700068129,0.0,0.0,0.43521187661026906,0.43521622444429997,0.5532118528796428,0.44234766736262565,0.13443834547485625,0.13443834547485625,0.9207404032349586,0.0,0.0,0.0,0.4853361874818802,0.44365306943655014,0.4473796971142292,0.7133964896202087,0.7133964896202087,0.04586731642484665,0.5277858182551368,0.0411667674779892,0.7801178232008634,0.19944508373737335,0.0,-0.09412052,0.06792091,0.02911029
0.5857336505183152,0.6133514071504275,0.3333333333333333,0.42424242424242425,0.38868180108376044,0.3602537074382755,0.0,0.0,0.4239171098340766,0.4239212582261795,0.5789805192564459,0.41727886550462445,0.12092404599700655,0.12092404599700655,0.9157818742096424,0.0,0.0,0.0,0.49436355531215664,0.44035089015960693,0.44357525929808617,0.7160229682922363,0.7160229682922363,0.048020053654909134,0.5035050738425482,0.04391628876328468,0.7644154352330884,0.2007627934217453,0.07972240447998047,-0.09453762,0.06887669,0.01307596
0.5916579175917875,0.6188807230856683,0.3333333333333333,0.42424242424242425,0.3776231692132787,0.3491950755677938,0.0,0.0,0.42199291120751636,0.4219970083145521,0.584259017703638,0.4122662972259198,0.1171881492648806,0.1171881492648806,0.9120180085301399,0.0,0.0,0.0,0.4983201295137405,0.4370836764574051,0.4403440020978451,0.7193745970726013,0.7193745970726013,0.04839681461453438,0.4881463523895021,0.04482340067625046,0.7602156975934672,0.19779616594314575,0.13840196654200554,-0.10285297,0.06677897,-0.0093804
0.6002643404617196,0.6269133844309382,0.3333333333333333,0.42424242424242425,0.3615578465227388,0.3331297528772539,0.2638320028781891,0.26203277707099915,0.36448989999453835,0.3644927833549835,0.3128488118516327,0.6895326309354032,0.12756195451532093,0.12756195451532093,0.9098004139959812,0.0,0.0,0.0,0.46521041393280027,0.42764952033758163,0.42966821789741516,0.6677579283714294,0.6677579283714294,0.0,0.5,0.0,0.6976744186046512,0.19610559940338135,0.154133765026927,-0.10573511,0.06238925,-0.0308083
0.6415562519714946,0.6654525018400617,0.3333333333333333,0.42424242424242425,0.2844796117044922,0.2560515180590073,0.0,0.0,0.42340708553905015,0.42341092622074983,0.2978092379597359,0.7047361916788627,0.13121757124151504,0.13121757124151504,0.9034612700343132,0.0,0.0,0.0,0.46233380436897276,0.42802491039037704,0.4284626469016075,0.6649436950683594,0.6649436950683594,0.05106893554329872,0.4795724257826805,0.04853758588433266,0.7366350771815972,0.195857971906662,0.16156518831849098,-0.10414751,0.05974762,-0.04954085
0.667386572275843,0.6895608007907867,0.3333333333333333,0.42424242424242425,0.23626301380304193,0.207834920157557,0.0,0.0,0.42593412303559863,0.42593798651066156,0.3007163262959876,0.7016098539819631,0.13230667050395695,0.13230667050395695,0.8925519995391369,0.0,0.0,0.0,0.47298376858234403,0.43558862060308456,0.43570561707019806,0.679239809513092,0.679239809513092,0.0,0.5,0.0,0.6976744186046512,0.21386204659938812,0.16540402546525002,-0.10602704,0.05771162,-0.0592073
0.6640171625074887,0.6864160183403227,0.3333333333333333,0.42424242424242425,0.24255257870397,0.21412448505848508,0.0,0.0,0.4243093665197748,0.42431321859815607,0.29898131828235164,0.7033892520704365,0.13323052121060236,0.13323052121060236,0.8893623314797878,0.0,0.0,0.0,0.485725861787796,0.43418683111667633,0.4352648854255676,0.6970991492271423,0.6970991492271423,0.0,0.5,0.0,0.6976744186046512,0.2187962681055069,0.16572969034314156,-0.09755786,0.05470723,-0.06763117
0.660590569533053,0.683217864897516,0.3333333333333333,0.42424242424242425,0.24894888558958334,0.2205207919440984,0.0,0.0,0.42363395927968944,0.4236377543746627,0.2756271927580095,0.7280044660007015,0.13436025274651392,0.13436025274651392,0.887210063636303,0.0,0.0,0.0,0.48982404470443724,0.4338541701436043,0.4355025589466095,0.7041594386100769,0.7041594386100769,0.0,0.5,0.0,0.6976744186046512,0.2186831533908844,0.16596421599388123,-0.08916053,0.04750756,-0.0844609
0.5807381337952047,0.6086889248755243,0.3333333333333333,0.42424242424242425,0.3980067656335668,0.36957867198808186,0.8250311017036438,0.8244616389274597,0.2706671061980793,0.27066851938659786,0.5659298885392869,0.4333152045660625,0.13645543583801814,0.13645543583801814,0.8952973932027817,0.0,0.0,0.0,0.44795499145984646,0.414850190281868,0.4184352084994316,0.6393339037895203,0.6393339037895203,0.0,0.5,0.0,0.6976744186046512,0.17128558456897736,0.16766833141446114,-0.09177305,0.04380856,-0.13448167
0.5696807226964405,0.5983686745166779,0.3333333333333333,0.42424242424242425,0.4186472663512597,0.3902191727057748,0.07415840774774551,0.07339493185281754,0.3965781231911187,0.3965818157159576,0.5817245609673669,0.41472850469917866,0.11081857872860773,0.11081857872860773,0.900796040892601,0.0,0.0,0.0,0.4629741102457046,0.42893317341804504,0.4315740242600441,0.6699603199958801,0.6699603199958801,0.0,0.5,0.0,0.6976744186046512,0.1734929233789444,0.17040574923157692,-0.09333044,0.03409137,-0.15399441
0.5823501822139536,0.61019350339969,0.3333333333333333,0.42424242424242425,0.39499760858523547,0.36656951493975054,0.0,0.0,0.4143847885824754,0.4143887831193767,0.5689428406509341,0.42704721203219087,0.10287304541894368,0.10287304541894368,0.9082616567611694,0.0,0.0,0.0,0.48447345495224,0.438423004001379,0.4410918690264225,0.7035433053970337,0.7035433053970337,0.05523068457841873,0.47790772616863253,0.05583436042070389,0.7429019998499128,0.18802015483379364,0.16366047784686089,-0.09760639,0.02490482,-0.16858573
0.5970274179819084,0.6238922567831146,0.3333333333333333,0.42424242424242425,0.3676001018183863,0.3391720081729014,0.0,0.0,0.41822948761241613,0.418233550529407,0.562147010808693,0.4336331833794235,0.09832363043512618,0.09832363043512618,0.9131863042712212,0.0,0.0,0.0,0.4870788007974624,0.4402935169637203,0.4431501403450966,0.7073889970779419,0.7073889970779419,0.05200856924057007,0.479196572303772,0.051665596663951874,0.7485905618861665,0.1929222196340561,0.1468663290143013,-0.09129203,0.0140492,-0.18857698
0.6072663828021004,0.633448623948627,0.3333333333333333,0.42424242424242425,0.3484873674873613,0.3200592738418764,0.0,0.0,0.423868861982517,0.4238730274696423,0.5526520250860182,0.4429262996808926,0.09778527542948723,0.09778527542948723,0.9163360930979252,0.0,0.0,0.0,0.4876823902130127,0.4413127340376377,0.4442441388964653,0.7085136771202087,0.7085136771202087,0.04999128356575966,0.4814654167682405,0.049003053456544876,0.7563546798083671,0.19442112743854523,0.10451842099428177,-0.09658773,0.00606108,-0.21412246
0.4642857142857143,0.5,0.3333333333333333,0.42424242424242425,0.6153846153846154,0.5869565217391305,0.7106417417526245,0.7094957828521729,0.27075424522560365,0.2707557040008487,0.5096614485033155,0.4881904031254315,0.11215579829045705,0.11215579829045705,0.9170774482190609,0.0,0.0,0.0,0.4252651989459991,0.41228843480348587,0.41688866168260574,0.5994044542312622,0.5994044542312622,0.0,0.5,0.0,0.6976744186046512,0.16349683701992035,0.10069627314805984,-0.09163667,-0.00462656,-0.21800965
0.4642857142857143,0.5,0.3333333333333333,0.42424242424242425,0.6153846153846154,0.5869565217391305,0.2670709490776062,0.2666749060153961,0.37434097503384944,0.3743442572781506,0.5140887259525277,0.48193740292620657,0.1488322551761355,0.1488322551761355,0.9104174934327602,0.0,0.0,0.0,0.4097064524888992,0.4265678599476814,0.42927946895360947,0.5863658785820007,0.5863658785820007,0.0,0.5,0.0,0.6976744186046512,0.1511724889278412,0.1093827374279499,-0.09175613,-0.01902178,-0.22759913
0.4642857142857143,0.5,0.3333333333333333,0.42424242424242425,0.6153846153846154,0.5869565217391305,0.0,0.0,0.45865214395249554,0.4586568678770193,0.4964158369466862,0.49864209468181864,0.12972412897007807,0.12972412897007807,0.921012245118618,0.0,0.0,0.0,0.4192279696464538,0.44186006858944893,0.44491589441895485,0.6054846048355103,0.6054846048355103,0.053116559982299805,0.4942299643206218,0.0553993321955204,0.7603448334821435,0.17676454782485962,0.0695540988817811,-0.08700385,-0.02889523,-0.23435622
0.5805359347945168,0.6085002058082156,0.3333333333333333,0.42424242424242425,0.39838420376818406,0.36995611012269913,0.0,0.0,0.46459894950713526,0.4646037760017935,0.47904944887124784,0.515832370548763,0.126845155443464,0.126845155443464,0.9249994531273842,0.0,0.0,0.0,0.42110426425933833,0.448054026812315,0.4519839584827423,0.6115016937255859,0.6115016937255859,0.05157250165939331,0.4916855319151803,0.0522330142557621,0.7636740132299966,0.19111858308315277,0.033085409086197615,-0.06769562,-0.04209159,-0.23917517
0.5759767826114383,0.604244997104009,0.3333333333333333,0.42424242424242425,0.40689462117659747,0.37846652753111254,0.0,0.0,0.46429778364830676,0.4643026243888169,0.4668072531601667,0.5279948008853158,0.12487156582730158,0.12487156582730158,0.927394013851881,0.0,0.0,0.0,0.419194945693016,0.45084166154265404,0.45519015938043594,0.6092473864555359,0.6092473864555359,0.050704602152109146,0.47971815913915633,0.05031773820519447,0.7549173870058947,0.1972813755273819,0.030820872634649277,-0.05672985,-0.05279643,-0.24035959
0.5734282627346969,0.6018663785523839,0.3333333333333333,0.42424242424242425,0.41165185827984774,0.3832237646343628,0.0,0.0,0.4650557142598679,0.4650605663970597,0.4541776756939423,0.5405979579944177,0.12181031916822707,0.12181031916822707,0.9296430200338364,0.0,0.0,0.0,0.4121605724096298,0.4526132643222809,0.4573653042316437,0.5991929769515991,0.5991929769515991,0.04993560165166855,0.48002575933933256,0.04892933368682861,0.7466921764750813,0.1995808184146881,0.01542173558846116,-0.04286613,-0.05094434,-0.23741831
0.5701431598336923,0.5988002825114462,0.3333333333333333,0.42424242424242425,0.417784050361723,0.38935595671623807,0.0,0.0,0.46411386969896395,0.4641187075903037,0.44370174909412974,0.5510939730262843,0.1190317954335894,0.1190317954335894,0.9315884411334991,0.0,0.0,0.0,0.40423678457736967,0.453583013266325,0.45853663235902786,0.5886681079864502,0.5886681079864502,0.0,0.5,0.0,0.6976744186046512,0.20167650282382965,0.0,-0.04058512,-0.0492763,-0.23291528
0.4642857142857143,0.5,0.3333333333333333,0.42424242424242425,0.6153846153846154,0.5869565217391305,0.939052939414978,0.9386166930198669,0.3536815834774798,0.35368444404456173,0.44042632000852044,0.5567865439898204,0.1293591835669109,0.1293591835669109,0.9296856224536896,0.0,0.0,0.0,0.3258943602442741,0.43244751542806625,0.44020117074251175,0.46091851592063904,0.46091851592063904,0.0,0.5,0.0,0.6976744186046512,0.159391850233078,0.0,-0.02372443,-0.05252856,-0.18995634
0.4642857142857143,0.5,0.3333333333333333,0.42424242424242425,0.6153846153846154,0.5869565217391305,0.18802212178707123,0.1875040978193283,0.39391563043539657,0.3939190722332402,0.6635662000448252,0.3386209977009962,0.12820897357804437,0.12820897357804437,0.9302330240607262,0.0,0.0,0.0,0.35931121110916137,0.4356159120798111,0.44277244433760643,0.5194146633148193,0.5194146633148193,0.0,0.5,0.0,0.6976744186046512,0.15655547380447388,0.0028126989491283894,-0.0088507,-0.04450528,-0.14040478
0.4642857142857143,0.5,0.3333333333333333,0.42424242424242425,0.6153846153846154,0.5869565217391305,0.043428074568510056,0.042793747037649155,0.4231730717773875,0.42317695234747277,0.6578808286677811,0.344234638364041,0.12035433735166277,0.12035433735166277,0.9301651231944561,0.0,0.0,0.0,0.3816929817199707,0.4387030564248562,0.4465159475803375,0.5522209405899048,0.5522209405899048,0.0,0.5,0.0,0.6976744186046512,0.15374673902988434,0.0046079454477876425,0.0032291,-0.02548874,-0.10836856
0.4642857142857143,0.5,0.3333333333333333,0.42424242424242425,0.6153846153846154,0.5869565217391305,0.010980037041008472,0.010978122241795063,0.4376587498484332,0.437662818463765,0.6391317830714851,0.36251131430132166,0.1128301609839712,0.1128301609839712,0.9296371713280678,0.0,0.0,0.0,0.36744568049907683,0.44316763803362846,0.4513549469411373,0.5343906283378601,0.5343906283378601,0.0,0.5,0.0,0.6976744186046512,0.15200291574001312,0.0,0.00926206,-0.01000894,-0.08020586
0.4642857142857143,0.5,0.3333333333333333,0.42424242424242425,0.6153846153846154,0.5869565217391305,0.007479281630367041,0.007491069380193949,0.4353061043737495,0.43531013879903646,0.6294053991255751,0.3720406040356168,0.10393394955566952,0.10393394955566952,0.9305078014731407,0.0,0.0,0.0,0.300468909740448,0.45324550196528435,0.45943258702754974,0.4440480172634125,0.4440480172634125,0.08985387533903122,0.4640584498643875,0.0,0.6976744186046512,0.11943738907575607,0.0,0.01130459,0.00219847,-0.05885366
0.4642857142857143,0.5,0.3333333333333333,0.42424242424242425,0.6153846153846154,0.5869565217391305,0.7671891450881958,0.7361189723014832,0.2922170230581017,0.29221877814706837,0.5288598908976888,0.47223843939622956,0.09474001824855804,0.09474001824855804,0.9333385583013296,0.0,0.0,0.0,0.20348008275032042,0.46520381420850754,0.4696935638785362,0.30484533309936523,0.30484533309936523,0.08843494206666946,0.46462602317333224,0.09411104023456573,0.6215383406988411,0.09033435583114624,0.0,0.01339462,0.0085296,-0.0498756
0.4642857142857143,0.5,0.3333333333333333,0.42424242424242425,0.6153846153846154,0.5869565217391305,0.12980720400810242,0.12915350496768951,0.4084504282041444,0.40845398966714486,0.6655440713433873,0.3380859690865362,0.09110829659870694,0.09110829659870694,0.935494527220726,0.0,0.0,0.0,0.19204032868146895,0.46625812351703644,0.4709891192615032,0.28933703899383545,0.28933703899383545,0.08615930378437042,0.46553627848625184,0.09119383245706558,0.6278542983670568,0.08593583852052689,0.0,0.01023013,0.02142896,-0.03805197
0.4642857142857143,0.5,0.3333333333333333,0.42424242424242425,0.6153846153846154,0.5869565217391305,0.015410521999001503,0.015281133353710175,0.42422475755556593,0.42422854695219836,0.6718014649633696,0.33212144739034705,0.07065269297787122,0.07065269297787122,0.943501403555274,0.0,0.0,0.0,0.0944675900042057,0.48085608519613743,0.48258822970092297,0.1439661830663681,0.1439661830663681,0.07731393724679947,0.4690744251012802,0.0,0.6976744186046512,0.05533042922616005,0.0,0.00657972,0.02850318,-0.02739397
0.4642857142857143,0.5,0.3333333333333333,0.42424242424242425,0.6153846153846154,0.5869565217391305,0.0,0.0,0.425961361104626,0.4259651846913033,0.6563280080062254,0.34686567627854326,0.059659675295863836,0.059659675295863836,0.9486793633550406,0.0,0.0,0.0,0.05582718886435031,0.486961985938251,0.4881438734009862,0.0,-0.0,0.068275086581707,0.4726899653673172,0.0,0.6976744186046512,0.04496537148952484,0.0,-0.00299028,0.0375158,-0.02010383
0.4642857142857143,0.5,0.3333333333333333,0.42424242424242425,0.6153846153846154,0.5869565217391305,0.0,0.0,0.4187348848547124,0.4187386001729145,0.6436442193747934,0.3590368991549516,0.04937119515878814,0.04937119515878814,0.9530192706733942,0.0,0.0,0.0,0.035694658756256104,0.49059751722961664,0.49144874420017004,0.0,-0.0,0.058037687093019485,0.4767849251627922,0.0,0.6976744186046512,0.03404438495635986,0.0,-0.01577781,0.04574283,-0.01977905
0.4642857142857143,0.5,0.3333333333333333,0.42424242424242425,0.6153846153846154,0.5869565217391305,0.0,0.0,0.41024856243717056,0.41025212959851176,0.6498067584138072,0.35330190662621497,0.04172528561736857,0.04172528561736857,0.9569405056536198,0.0,0.0,0.0,0.028092137351632115,0.4927322370931506,0.4934895196929574,0.0,-0.0,0.05142305791378021,0.4794307768344879,0.0,0.6976744186046512,0.028386030346155167,0.0,-0.03176307,0.04438591,-0.02298538
0.4642857142857143,0.5,0.3333333333333333,0.42424242424242425,0.6153846153846154,0.5869565217391305,0.7809768915176392,0.7516117691993713,0.29812720537641535,0.2981290288454716,0.3990676599068578,0.6017710425834988,0.05229659644620759,0.05229659644620759,0.9377197585999966,0.0,0.0,0.0,0.050458081811666486,0.49088918045163155,0.4935871562920511,0.0,-0.0,0.06228896230459213,0.4750844150781631,0.0,0.6976744186046512,0.027706537395715714,0.0,-0.03886316,0.04214448,-0.03076011
0.4642857142857143,0.5,0.3333333333333333,0.42424242424242425,0.6153846153846154,0.5869565217391305,0.23277145624160767,0.2323783040046692,0.32320144345154045,0.3232037797712687,0.3283033617140002,0.6709855915204922,0.05173628883702415,0.05173628883702415,0.9409102834761143,0.0,0.0,0.0,0.039821208268404004,0.4894923819229007,0.4928459031507373,0.0,-0.0,0.07313854247331619,0.4707445830106735,0.0,0.6976744186046512,0.028620487079024315,0.0,-0.04641841,0.04475385,-0.02670537
0.4642857142857143,0.5,0.3333333333333333,0.42424242424242425,0.6153846153846154,0.5869565217391305,0.10652048140764236,0.10464118421077728,0.3512946510861982,0.35129754584332495,0.36523960790032406,0.6321139950546611,0.035451763708676615,0.035451763708676615,0.9562578741461039,0.0,0.0,0.0,0.024266625009477138,0.4918983904644847,0.49403571290895343,0.0,-0.0,0.06378141045570374,0.4744874358177185,0.06086736544966698,0.6249958016844683,0.023855676874518394,0.0,-0.05539046,0.04294993,-0.02074929
0.4642857142857143,0.5,0.3333333333333333,0.42424242424242425,0.6153846153846154,0.5869565217391305,0.08180004358291626,0.0804443433880806,0.3504386121410713,0.35044144991479,0.38648464073414557,0.6106794866908755,0.029756764748266766,0.029756764748266766,0.9603240266442299,0.0,0.0,0.0,0.020122678205370902,0.4934406019747257,0.494963507167995,0.0,-0.0,0.056041691452264786,0.4775833234190941,0.053662724792957306,0.6236853970344677,0.02015446312725544,0.0,-0.07738254,0.0436656,-0.0073243
0.4642857142857143,0.5,0.3333333333333333,0.42424242424242425,0.6153846153846154,0.5869565217391305,0.06561535596847534,0.06451575458049774,0.3464921122527259,0.3464938103582845,0.40973881736084333,0.5873563088554219,0.02445251348295382,0.02445251348295382,0.9641799926757812,0.0,0.0,0.0,0.016052490938454865,0.49490107083693147,0.49585877312347293,0.0,-0.0,0.04617786779999733,0.4815288528800011,0.04398628696799278,0.6225349632806556,0.015977900475263596,0.0,-0.09408232,0.04759103,-0.0077724
0.4642857142857143,0.5,0.3333333333333333,0.42424242424242425,0.6153846153846154,0.5869565217391305,0.05180712044239044,0.05045709013938904,0.35066738912753803,0.35066913281982304,0.4301451569989352,0.5668235622110553,0.021095952418233668,0.021095952418233668,0.9671219177544117,0.0,0.0,0.0,0.013647760916501283,0.49574764957651496,0.49639577558264136,0.0,-0.0,0.03963718190789223,0.4841451272368431,0.0375187061727047,0.6220485893792884,0.01316477358341217,0.0,-0.10622273,0.04960084,-0.01271718
0.4642857142857143,0.5,0.3333333333333333,0.42424242424242425,0.6153846153846154,0.5869565217391305,0.04631218686699867,0.04497362673282623,0.3499230034720601,0.3499247357676636,0.4421910220760688,0.5546611798652165,0.01902290087725435,0.01902290087725435,0.9689865503460169,0.0,0.0,0.0,0.012162720225751399,0.4962388996500522,0.49668102618306875,0.0,-0.0,0.0352938137948513,0.48588247448205946,0.03327842429280281,0.6191012939048368,0.01127244159579277,0.0,-0.11303702,0.04644376,-0.01587505
0.4642857142857143,0.5,0.3333333333333333,0.42424242424242425,0.6153846153846154,0.5869565217391305,0.045854274183511734,0.04450451210141182,0.34957304557012553,0.3495747664690474,0.4503027811560986,0.5464655252710533,0.018156905259404863,0.018156905259404863,0.9695878932252526,0.0,0.0,0.0,0.0115959326736629,0.496405522339046,0.49674906651489437,0.0,-0.0,0.032814834266901016,0.4868740662932396,0.030863964930176735,0.6170937332303025,0.010325859300792217,0.0,-0.11655928,0.04174976,-0.03040653
0.4642857142857143,0.5,0.3333333333333333,0.42424242424242425,0.6153846153846154,0.5869565217391305,0.5608515739440918,0.556587278842926,0.23970665302604838,0.23970704051322278,0.4696048450287624,0.5301452606808793,0.028474861755967144,0.028474861755967144,0.9405673462897539,0.0,0.0,0.0,0.022236348129808903,0.4941165642812848,0.49474340630695224,0.0,-0.0,0.042463790625333786,0.4830144837498665,0.04011399298906326,0.6165697044411371,0.012175049632787704,0.0,-0.11856984,0.03880836,-0.05445224
0.4642857142857143,0.5,0.3333333333333333,0.42424242424242425,0.6153846153846154,0.5869565217391305,0.1696637123823166,0.16798406839370728,0.32821475251454924,0.3282161998931126,0.47259180130967676,0.5244019229320399,0.029059173539280895,0.029059173539280895,0.9503196943551302,0.0,0.0,0.0,0.02233641808852553,0.49381617875769734,0.49436549795791507,0.0,-0.0,0.04325079917907715,0.48269968032836913,0.04086938872933388,0.6183609054532162,0.012690169736742973,0.0,-0.11965135,0.03875118,-0.07604674
0.4642857142857143,0.5,0.3333333333333333,0.42424242424242425,0.6153846153846154,0.5869565217391305,0.09180290251970291,0.09035827964544296,0.3638701028623271,0.3638720402981993,0.4710906133141162,0.5252828379839324,0.025354760832020217,0.025354760832020217,0.9611870776861906,0.0,0.0,0.0,0.01889737583696842,0.49458751175552607,0.49499296490103006,0.0,-0.0,0.03730926290154457,0.4850762948393822,0.03514177352190018,0.6265118371608646,0.011674880981445312,0.0,-0.11468585,0.03539326,-0.10251475
0.4642857142857143,0.5,0.3333333333333333,0.42424242424242425,0.6153846153846154,0.5869565217391305,0.07524480670690536,0.07387349009513855,0.37345244414947687,0.3734544727588019,0.4700426542508215,0.526085343866407,0.02422872664672988,0.02422872664672988,0.963331077247858,0.0,0.0,0.0,0.01861398173496127,0.49482770869508386,0.4951711497269571,0.0,-0.0,0.034027546644210815,0.4863889813423157,0.0,0.6976744186046512,0.01201117504388094,0.0,-0.11188623,0.02744466,-0.11904065
0.4642857142857143,0.5,0.3333333333333333,0.42424242424242425,0.6153846153846154,0.5869565217391305,0.05252840742468834,0.050785988569259644,0.38248829176047566,0.3824904685266615,0.46598751264594024,0.5297467443678114,0.023285138553806716,0.023285138553806716,0.9658530056476593,0.0,0.0,0.0,0.018145089969038963,0.49513504980131984,0.4954490093514323,0.0,-0.0,0.03074122592806816,0.48770350962877274,0.0,0.6976744186046512,0.01255798153579235,0.0,-0.11423433,0.02016288,-0.13387913
0.4642857142857143,0.5,0.3333333333333333,0.42424242424242425,0.6153846153846154,0.5869565217391305,0.029820090159773827,0.029297204688191414,0.3973967354338666,0.3973983309692908,0.46690364059481065,0.5284735213451536,0.023225105500647002,0.023225105500647002,0.9678889457136393,0.0,0.0,0.0,0.01748006111010909,0.4954134034924209,0.49571110028773546,0.0,-0.0,0.0291131678968668,0.4883547328412533,0.0,0.6976744186046512,0.013459203764796257,0.0,-0.11932814,0.01929432,-0.14332934
0.4642857142857143,0.5,0.3333333333333333,0.42424242424242425,0.6153846153846154,0.5869565217391305,0.9708348512649536,0.9707953929901123,0.3543873229856473,0.35438832589362823,0.47988096500673894,0.517932719135325,0.04657896501677377,0.04657896501677377,0.9364456869661808,0.0,0.0,0.0,0.017917055450379846,0.49111884366720915,0.49197701923549175,0.0,-0.0,0.03945629671216011,0.484217481315136,0.0,0.6976744186046512,0.014535881578922272,0.0,-0.12142589,0.01506302,-0.14273924
0.4642857142857143,0.5,0.3333333333333333,0.42424242424242425,0.6153846153846154,0.5869565217391305,0.10287408530712128,0.10205541551113129,0.4066229475159946,0.4066246627165756,0.48087291080454797,0.5142637341423149,0.05814224481582642,0.05814224481582642,0.9370636865496635,0.0,0.0,0.0,0.35217628479003904,0.43941397592425346,0.44562268257141113,0.5183041095733643,0.5183041095733643,0.05978258699178696,0.4760869652032852,0.0,0.6976744186046512,0.153539776802063,0.0,-0.12123707,0.0120545,-0.14200009
0.4642857142857143,0.5,0.3333333333333333,0.42424242424242425,0.6153846153846154,0.5869565217391305,0.0,0.0,0.42919893041395546,0.42920094192825814,0.48404224818112973,0.5104744970633874,0.080122673617942,0.080122673617942,0.931365430355072,0.0,0.0,0.0,0.4785153537988662,0.417678564786911,0.42683660984039307,0.7014136910438538,0.7014136910438538,0.0,0.5,0.0,0.6976744186046512,0.22413593530654907,0.0,-0.11878286,0.01114411,-0.14151502
0.4642857142857143,0.5,0.3333333333333333,0.42424242424242425,0.6153846153846154,0.5869565217391305,0.0,0.0,0.4355678747534524,0.43556997174286705,0.4836533079297775,0.5106900140108109,0.10398706155163902,0.10398706155163902,0.9216035641729832,0.0,0.0,0.0,0.49431805610656737,0.41168349236249924,0.42045121639966965,0.722754955291748,0.722754955291748,0.0,0.5,0.0,0.6976744186046512,0.2347656935453415,0.0,-0.11826275,0.00951605,-0.14294225
0.4642857142857143,0.5,0.3333333333333333,0.42424242424242425,0.6153846153846154,0.5869565217391305,0.0,0.0,0.4406061938342355,0.44060834780705815,0.47835683691569997,0.5159110589368799,0.11133341916969845,0.11133341916969845,0.9191400147974491,0.0,0.0,0.0,0.49911205768585204,0.4143455773591995,0.42254339158535004,0.7311741709709167,0.7311741709709167,0.0,0.5,0.0,0.6976744186046512,0.232277050614357,0.0,-0.11856218,0.00539591,-0.15023816
0.4642857142857143,0.5,0.3333333333333333,0.42424242424242425,0.6153846153846154,0.5869565217391305,0.0,0.0,0.44146694530720465,0.4414691277717313,0.4514096040798647,0.5428033768624188,0.11792691690581186,0.11792691690581186,0.916927270591259,0.0,0.0,0.0,0.49638093709945674,0.4229491129517555,0.4327927678823471,0.7306709885597229,0.7306709885597229,0.0,0.5,0.0,0.6976744186046512,0.22410818934440613,0.0,-0.117484318,-5.58786342e-05,-0.166196898
0.4642857142857143,0.5,0.3333333333333333,0.42424242424242425,0.6153846153846154,0.5869565217391305,0.0,0.0,0.43585711113581466,0.4358592138235701,0.4237870053169148,0.5705763904537293,0.1211332849093846,0.1211332849093846,0.91568848118186,0.0,0.0,0.0,0.4743013054132461,0.4315932169556618,0.4433846101164818,0.708068311214447,0.708068311214447,0.0,0.5,0.0,0.6976744186046512,0.22496946156024933,0.0,-0.12101608,-0.00940008,-0.20361985
0.4642857142857143,0.5,0.3333333333333333,0.42424242424242425,0.6153846153846154,0.5869565217391305,0.0,0.0,0.4276937307864712,0.4276957423007739,0.40193748109427285,0.5926982013440218,0.12386228357042586,0.12386228357042586,0.9123984985053539,0.0,0.0,0.0,0.4699028819799423,0.43219278007745743,0.4459079019725323,0.7054749727249146,0.7054749727249146,0.0,0.5,0.0,0.6976744186046512,0.22810551524162292,0.0,-0.1169559,-0.0126346,-0.24550249
0.4642857142857143,0.5,0.3333333333333333,0.42424242424242425,0.6153846153846154,0.5869565217391305,0.0,0.0,0.42380568447805955,0.4238076333106134,0.3907637185849834,0.6040653598417465,0.12430766331298011,0.12430766331298011,0.9104228168725967,0.0,0.0,0.0,0.4678696662187576,0.4334881380200386,0.44967225939035416,0.7042893767356873,0.7042893767356873,0.0,0.5,0.0,0.6976744186046512,0.23235267400741577,0.0,-0.11565431,-0.01496816,-0.26574406
0.5728964420656364,0.6013700125945939,0.3333333333333333,0.42424242424242425,0.41264459019542765,0.3842164965499427,0.0,0.0,0.4226510467766348,0.422652984212507,0.37682267083264676,0.6183184031496034,0.12243724295071194,0.12243724295071194,0.9096449352800846,0.0,0.0,0.0,0.4636399507522583,0.4345383867621422,0.4515095353126526,0.7006618976593018,0.7006618976593018,0.0,0.5,0.0,0.6976744186046512,0.23348332941532135,0.0,-0.11633242,-0.01962167,-0.27015376
0.7334352153397742,0.7512062009837892,0.3333333333333333,0.42424242424242425,0.112972213417037,0.08454411977155207,0.0,0.0,0.41108847507783147,0.41109025296016133,0.36729869195197784,0.628206175503671,0.1211784194622721,0.1211784194622721,0.9114006087183952,0.0,0.0,0.0,0.4587985515594482,0.44705698266625404,0.46093305200338364,0.697616696357727,0.697616696357727,0.0,0.5,0.050436247140169144,0.7443942114450904,0.23284019529819489,0.0,-0.11916805,-0.01800475,-0.26881987
0.8619451444773447,0.8711488015121884,0.3333333333333333,0.42424242424242425,-0.12691298763976133,-0.15534108128524626,0.0,0.0,0.3898252132517886,0.38982671761376,0.36996158359155595,0.6261713492888059,0.11383210441895894,0.11383210441895894,0.9237167276442051,0.0,0.0,0.0,0.4564297348260879,0.4596911333501339,0.4711660537868738,0.69693922996521,0.69693922996521,0.05799063667654991,0.47896981523150484,0.050622351467609406,0.7731311672995257,0.2334350198507309,0.0,-0.1179519,-0.01798852,-0.26734394
0.8694317362138203,0.8781362871328989,0.3333333333333333,0.42424242424242425,-0.14088795888118244,-0.16931605252666737,0.0,0.0,0.3852953970090381,0.3852968329909199,0.3714502181423326,0.6247555680251664,0.1080519865666117,0.1080519865666117,0.9282939955592155,0.0,0.0,0.0,0.4552189260721206,0.462012454867363,0.4733172357082367,0.6967726945877075,0.6967726945877075,0.05864158272743225,0.4880477563729362,0.05033588409423828,0.7770880627944026,0.22851863503456116,0.0,-0.12051358,-0.01374806,-0.26281497
0.8702210365306764,0.8788729674286313,0.3333333333333333,0.42424242424242425,-0.14236131947264707,-0.170789413118132,0.0,0.0,0.3828670946635434,0.382868507852062,0.37212942617573197,0.6242787650570081,0.105257263141019,0.105257263141019,0.9293343797326088,0.0,0.0,0.0,0.457131415605545,0.4625502824783325,0.47414030507206917,0.7008111476898193,0.7008111476898193,0.05902847647666931,0.4868486031653389,0.050097789615392685,0.7776894805909589,0.21938246488571167,0.0,-0.12440677,-0.00768023,-0.2470701
0.8711521994499933,0.8797420528199937,0.3333333333333333,0.42424242424242425,-0.14409949025537205,-0.17252758390085698,0.0,0.0,0.382017016182894,0.3820184407680942,0.3716437907793326,0.6248835983462766,0.10477440697806223,0.10477440697806223,0.9295895285904408,0.0,0.0,0.0,0.4572950959205627,0.4630991667509079,0.47514945082366467,0.7026645541191101,0.7026645541191101,0.06029915064573288,0.4874829195794605,0.050368960946798325,0.7817492478115614,0.21287335455417633,0.0,-0.13350257,-0.00107018,-0.22494575
0.8704507982447034,0.8790874116950564,0.3333333333333333,0.42424242424242425,-0.14279020800549758,-0.1712183016509825,0.0,0.0,0.3840083355657457,0.3840097487542643,0.36478594019581667,0.6318057945941141,0.10586818946259363,0.10586818946259363,0.9294536337256432,0.0,0.0,0.0,0.45433351695537566,0.46330083161592484,0.4756515733897686,0.7004140615463257,0.7004140615463257,0.06090732663869858,0.48609739542007446,0.0505593977868557,0.7821105152022008,0.20864322781562805,0.0,-0.11882857,0.0053668,-0.16576543
0.8375205802065986,0.8483525415261586,0.3333333333333333,0.42424242424242425,-0.08132046766770185,-0.10974856131318678,0.12874969840049744,0.12175894528627396,0.3834299767678372,0.383431355766311,0.48541731337516303,0.5118801951129801,0.11792072228022984,0.11792072228022984,0.9292709194123745,0.0,0.0,0.0,0.4578409820795059,0.451104961335659,0.4683273173868656,0.6915084719657898,0.6915084719657898,0.0,0.5,0.05133003741502762,0.7391911985482588,0.187280535697937,0.0,-0.11463094,0.01454992,-0.11544143
0.8116217943884078,0.8241803414291806,0.3333333333333333,0.42424242424242425,-0.03297606747374571,-0.06140416111923064,0.0,0.0,0.41509488732135547,0.4150964714600981,0.7912569684234678,0.22043054869201806,0.13570920165096012,0.13570920165096012,0.9304592926055193,0.0,0.0,0.0,0.45875296890735623,0.448625098913908,0.46356477215886116,0.6872081160545349,0.6872081160545349,0.0,0.5,0.0,0.6976744186046512,0.1699543446302414,0.0,-0.10694638,0.02043334,-0.08632986
0.8200680209057671,0.832063486178716,0.3333333333333333,0.42424242424242425,-0.04874235697281659,-0.07717045061830152,0.0,0.0,0.4223832760440688,0.4223848487861298,0.8338670639417367,0.18143559454453329,0.13644160968916758,0.13644160968916758,0.9299482461065054,0.0,0.0,0.0,0.4540556401014328,0.4579722546041012,0.46780334413051605,0.6861985325813293,0.6861985325813293,0.0,0.5,0.050978489220142365,0.7520657093372456,0.18341681361198425,0.0,-0.10797871,0.0288085,-0.06862872
0.820290935181436,0.8322715395026736,0.3333333333333333,0.42424242424242425,-0.04915846362073195,-0.07758655726621688,0.0,0.0,0.41683274450539176,0.41683426596238554,0.8331085919877995,0.1823237151483682,0.13558130711317062,0.13558130711317062,0.9284516982734203,0.0,0.0,0.0,0.44604435861110686,0.46047110855579376,0.469845287501812,0.6736941933631897,0.6736941933631897,0.0,0.5,0.04921302944421768,0.7553773702577103,0.18925724923610687,0.0,-0.10594306,0.0339953,-0.05507439
0.8145823890254611,0.8269435630904304,0.3333333333333333,0.42424242424242425,-0.03850251079624534,-0.06693060444173027,0.0,0.0,0.41348691811753047,0.41348841678116105,0.8350154619599848,0.18066700233733402,0.13278977679354806,0.13278977679354806,0.9278173223137856,0.0,0.0,0.0,0.4455708622932434,0.4621427282691002,0.4714150168001652,0.6723970174789429,0.6723970174789429,0.0,0.5,0.048352595418691635,0.7554035049018472,0.19167618453502655,0.0,-0.10570845,0.03706468,-0.04265271
0.8041514520134245,0.8172080218791962,0.3333333333333333,0.42424242424242425,-0.019031428373776915,-0.047459522019261846,0.0,0.0,0.4137944575705446,0.4137959391391528,0.8337756169685671,0.18181708706445898,0.13094797730445862,0.13094797730445862,0.9267655834555626,0.0,0.0,0.0,0.44361107945442196,0.46248238533735275,0.471860671415925,0.6695425510406494,0.6695425510406494,0.0,0.5,0.04752994328737259,0.7517537435646667,0.192119300365448,0.0,-0.10289067,0.04072418,-0.03714048
0.8027334646100089,0.8158845669693418,0.3333333333333333,0.42424242424242425,-0.016384518554067973,-0.044812612199552904,0.0,0.0,0.4136353769904113,0.4136368585590195,0.8352489115859081,0.18048882661717752,0.12943270483187266,0.12943270483187266,0.926332637667656,0.0,0.0,0.0,0.4435232520103454,0.4625062681734562,0.4720248822122812,0.669423520565033,0.669423520565033,0.0,0.5,0.04676021635532379,0.7515400544155476,0.19139625132083893,0.0,-0.103504,0.04143632,-0.03518254
0.7991843273242314,0.8125720388359494,0.3333333333333333,0.42424242424242425,-0.009759462287283305,-0.038187555932768236,0.0,0.0,0.40924758619377766,0.4092489708905922,0.8627348812314795,0.15555555555555556,0.1294196237410818,0.1294196237410818,0.9249657392501831,0.0,0.0,0.0,0.4449613064527511,0.46102920547127724,0.47152096778154373,0.6733705401420593,0.6733705401420593,0.0,0.5,0.045521896332502365,0.7506776167902836,0.18597714602947235,0.0,-0.10615812,0.04262759,-0.02982431
0.7911361924239567,0.8050604462623596,0.3333333333333333,0.42424242424242425,0.0052637228598961805,-0.02316437078558875,0.0,0.0,0.40696603891726435,0.4069674179157381,0.8652907922208651,0.15555555555555556,0.13228118419647217,0.13228118419647217,0.9235433451831341,0.0,0.0,0.0,0.4454082876443863,0.45882242545485497,0.4707118645310402,0.675917387008667,0.675917387008667,0.0,0.5,0.04454031586647034,0.7490611600494662,0.18319165706634521,0.0,-0.10610825,0.04605028,-0.01906067
0.7723510258254551,0.7875276241037581,0.3333333333333333,0.42424242424242425,0.04032936717709934,0.01190127353161441,0.0,0.0,0.40845028574562436,0.40845202373956857,0.3866356695587275,0.609180954122128,0.12689779379538127,0.12689779379538127,0.9199158102273941,0.0,0.0,0.0,0.4428252637386322,0.45175421237945557,0.4659031294286251,0.6724840402603149,0.6724840402603149,0.0460093691945076,0.48159625232219694,0.04502975940704346,0.7511560086074264,0.1750929355621338,0.0,-0.11256727,0.0505016,-0.00641533
0.7720104810737428,0.7872097823354933,0.3333333333333333,0.42424242424242425,0.04096505071362888,0.01253695706814395,0.0,0.0,0.41445035369172833,0.4144521828591254,0.40631878148073447,0.5893079193504038,0.11856252061469215,0.11856252061469215,0.9227894097566605,0.0,0.0,0.0,0.42925440073013305,0.45275966823101044,0.466048002243042,0.6479370594024658,0.6479370594024658,0.048820871859788895,0.48047165125608443,0.04661469906568527,0.7566706606641759,0.18199226260185242,0.0,-0.11956414,0.05718532,0.00161356
0.7707391991501763,0.7860232525401645,0.3333333333333333,0.42424242424242425,0.04333811030428636,0.014910016658801428,0.0,0.0,0.413096011938602,0.4130977955192726,0.4240172239836042,0.5712989699835481,0.11332081364733833,0.11332081364733833,0.9248542115092278,0.0,0.0,0.0,0.44125231802463527,0.45398328825831413,0.4655144289135933,0.6544315218925476,0.6544315218925476,0.049824684858322144,0.48007012605667115,0.047027360647916794,0.7480720586554949,0.18283586204051971,0.0,-0.10572887,0.05548011,0.01231709
0.7688279123533339,0.7842393848631117,0.3333333333333333,0.42424242424242425,0.046905845658392065,0.018477752012907134,0.0,0.0,0.4121546175466213,0.4121564068256327,0.43595237029898004,0.5591683331833465,0.11161988867180689,0.11161988867180689,0.9256328493356705,0.0,0.0,0.0,0.4470561891794204,0.45479390397667885,0.46430737897753716,0.6600435972213745,0.6600435972213745,0.049967482686042786,0.4800130069255829,0.046865422278642654,0.7473527224257935,0.18125024437904358,0.0,-0.10625484,0.0574737,0.02616668
0.7684286854096822,0.7838667730490367,0.3333333333333333,0.42424242424242425,0.04765106928654206,0.019222975641057127,0.0,0.0,0.40942444559720914,0.40942618359115335,0.4504809226862103,0.544606524923057,0.11110529835735049,0.11110529835735049,0.925631795078516,0.0,0.0,0.0,0.4512008935213089,0.4551416411995888,0.4634605869650841,0.6686866879463196,0.6686866879463196,0.05009561777114868,0.4799617528915405,0.04620548337697983,0.748809336056543,0.18214796483516693,0.0,-0.10691145,0.05453945,0.04855451
0.7694854970489229,0.7848531305789948,0.3333333333333333,0.42424242424242425,0.04567835422662592,0.017250260581140986,0.0,0.0,0.4090913775774079,0.4090931326663745,0.4584252360218114,0.5365646296381216,0.10975310312850135,0.10975310312850135,0.9261147789657116,0.0,0.0,0.0,0.45532448589801783,0.45594749599695206,0.46306024119257927,0.6739881038665771,0.6739881038665771,0.049816638231277466,0.480073344707489,0.04539107531309128,0.7483396670499514,0.18277664482593536,0.0,-0.11296865,0.05477943,0.06935411
0.7699853245701109,0.7853196362654369,0.3333333333333333,0.42424242424242425,0.044745342853741765,0.016317249208256834,0.0,0.0,0.408692590593152,0.40869434568211865,0.46165851448051787,0.5333623530025413,0.10899937046425684,0.10899937046425684,0.9260134324431419,0.0,0.0,0.0,0.45471862256526946,0.45635922625660896,0.46267665550112724,0.6731439232826233,0.6731439232826233,0.049583688378334045,0.4801665246486664,0.04477609321475029,0.7481153798831064,0.18099884688854218,0.0,-0.10783174,0.05319476,0.08602196
0.7697880970580238,0.7851355572541554,0.3333333333333333,0.42424242424242425,0.0451135008763045,0.01668540723081957,0.0,0.0,0.41034436294271204,0.41034613512670104,0.4654192570062714,0.5295259165667616,0.10815760919025967,0.10815760919025967,0.926229190081358,0.0,0.0,0.0,0.4543281555175781,0.4568307027220726,0.46249179914593697,0.6723995804786682,0.6723995804786682,0.049238964915275574,0.4803044140338898,0.044248852878808975,0.7478012854969779,0.17969177663326263,0.0,-0.1083558,0.05382987,0.08680246
0.7681625222875959,0.7836183541350894,0.3333333333333333,0.42424242424242425,0.048147907114436506,0.019719813468951575,0.0,0.0,0.4101964055238217,0.4101981606127883,0.4700985492757356,0.5247664885306171,0.10770246918712344,0.10770246918712344,0.9261303693056107,0.0,0.0,0.0,0.45810965895652767,0.45737405493855476,0.46243691071867943,0.6778361797332764,0.6778361797332764,0.04904791712760925,0.4803808331489563,0.04387834668159485,0.7497894218148188,0.17949779331684113,0.0,-0.10707278,0.05193452,0.08486909
0.7613827334273429,0.7772905511988534,0.3333333333333333,0.42424242424242425,0.06080351298690867,0.03237541934142374,0.0,0.0,0.41259415336594296,0.4125959483432952,0.4791161365536385,0.5158964597877485,0.10714298912457058,0.10714298912457058,0.9264707677066326,0.0,0.0,0.0,0.4729774475097656,0.4550722725689411,0.4592108987271786,0.6938267946243286,0.6938267946243286,0.04902273043990135,0.4803909078240395,0.043922316282987595,0.7470092103751593,0.17265278100967407,0.0,-0.10716539,0.05039795,0.08128335
0.7048901163396382,0.7245641085836623,0.3333333333333333,0.42424242424242425,0.16625639821729093,0.137828304571806,0.2730388343334198,0.27230554819107056,0.3468004152834073,0.3468013726046619,0.47294355703813395,0.5235973884402402,0.13986039906740189,0.13986039906740189,0.9228202365338802,0.0,0.0,0.0,0.4413844138383865,0.43299929052591324,0.4379681646823883,0.6383574604988098,0.6383574604988098,0.0,0.5,0.0,0.6976744186046512,0.12911202013492584,0.0,-0.10140848,0.04699936,0.07186429
0.7294557183271363,0.7474920037719939,0.3333333333333333,0.42424242424242425,0.12040060784062773,0.0919725141951428,0.0,0.0,0.4193785067498114,0.41938037580559406,0.49303655061393575,0.5021909928407947,0.11710280286414283,0.11710280286414283,0.9251112975180149,0.0,0.0,0.0,0.4826689660549163,0.4438850209116936,0.44743364304304123,0.7073320746421814,0.7073320746421814,0.05275768041610718,0.47889692783355714,0.053799938410520554,0.7425122411358496,0.14105536043643951,0.0,-0.107316,0.04340955,0.07710125
0.7372889128469285,0.7548029853238,0.3333333333333333,0.42424242424242425,0.10577864473701548,0.07735055109153055,0.0,0.0,0.4215473066552419,0.42154918710770617,0.5095061801131779,0.48575187225819955,0.10926490383488792,0.10926490383488792,0.9272758178412914,0.0,0.0,0.0,0.4886412322521209,0.44960639998316765,0.4523540884256363,0.7181205153465271,0.7181205153465271,0.050752945244312286,0.4796988219022751,0.049782395362854004,0.7474990843167139,0.14895839989185333,0.0,-0.1140351,0.04187744,0.07504592
0.7448506578803062,0.7618606140216191,0.3333333333333333,0.42424242424242425,0.09166338734137713,0.0632352936958922,0.0,0.0,0.4180577966040908,0.4180595175030127,0.2828671626789392,0.7196613314907997,0.10667027639491218,0.10667027639491218,0.928050559014082,0.0,0.0,0.0,0.4948919594287872,0.4518016614019871,0.4542261138558388,0.7255629897117615,0.7255629897117615,0.048984233289957047,0.4804063066840172,0.046716973185539246,0.7436503680033046,0.1545165330171585,0.0,-0.11391117,0.03786042,0.06313631
0.7509949033459027,0.7675952431228426,0.3333333333333333,0.42424242424242425,0.08019412913893031,0.051766035493445384,0.0,0.0,0.4148014626585047,0.4148014797535271,0.278920628600549,0.7240352753192877,0.10846256145409176,0.10846256145409176,0.9263318181037903,0.0,0.0,0.0,0.49691426455974574,0.4530433975160122,0.4552568607032299,0.7276772260665894,0.7276772260665894,0.04667149484157562,0.4813314020633698,0.04374724626541138,0.7421451904486085,0.15958218276500702,0.0,-0.11364049,0.03451262,0.05533839
0.7563174207295691,0.7725629260142644,0.3333333333333333,0.42424242424242425,0.0702587633560866,0.041830669710601676,0.0,0.0,0.416631672851898,0.41663171843862445,0.2840342968417399,0.7186514943274618,0.10908547256674087,0.10908547256674087,0.9245467223227024,0.0,0.0,0.0,0.4912776410579681,0.4544115960597992,0.45643287152051926,0.7187662124633789,0.7187662124633789,0.0448022298514843,0.4820791080594063,0.04148268327116966,0.745915581667146,0.16194815933704376,0.0,-0.11158354,0.0294659,0.04215024
0.7585201494040943,0.7746188061104881,0.3333333333333333,0.42424242424242425,0.0661470031636393,0.037718909518154375,0.0,0.0,0.4181882373233598,0.41818829430676785,0.2903366617673214,0.7119477268791969,0.11009824595281056,0.11009824595281056,0.9228903725743294,0.0,0.0,0.0,0.4882305920124054,0.4551917016506195,0.4570199027657509,0.714232325553894,0.714232325553894,0.04361298680305481,0.4825548052787781,0.04007262736558914,0.7478280395789202,0.16085118055343628,0.0,-0.11189736,0.02594137,0.02727145
0.7593568762143452,0.775399751133389,0.3333333333333333,0.42424242424242425,0.06458511311783754,0.036157019472352614,0.0,0.0,0.415810490657449,0.4158105077524714,0.2844324968968933,0.7181899173259229,0.10992770216294698,0.10992770216294698,0.9219572953879833,0.0,0.0,0.0,0.4892950356006622,0.4556427337229252,0.45740315318107605,0.715871274471283,0.715871274471283,0.04310319572687149,0.4827587217092514,0.039397526532411575,0.7425126099829064,0.16086941957473755,0.0,-0.1248662,0.01197057,-0.00257207
0.7591032549029304,0.7751630379094018,0.3333333333333333,0.42424242424242425,0.06505853956581187,0.03663044592032694,0.0,0.0,0.41607794798127096,0.41607797647297495,0.2851270106736834,0.7174505690037128,0.10999734380415509,0.10999734380415509,0.9215759225189686,0.0,0.0,0.0,0.48994804620742793,0.45569587126374245,0.457424771040678,0.7168678045272827,0.7168678045272827,0.042913198471069336,0.4828347206115723,0.03913373500108719,0.7422466205736232,0.16034981608390808,0.0,-0.11138194,0.00368501,-0.02904777
0.6882828963654382,0.7090640366077423,0.3333333333333333,0.42424242424242425,0.1972565421691308,0.16882844852364587,0.7907846570014954,0.7797597646713257,0.28161658201345297,0.2816153739652032,0.4925309097675703,0.5055448196991401,0.11736535600253514,0.11736535600253514,0.9223720729351044,0.0,0.0,0.0,0.4390108823776245,0.44165919348597527,0.4453307203948498,0.6309210062026978,0.6309210062026978,0.0,0.5,0.0,0.6976744186046512,0.12625530362129211,0.0,-0.10629828,0.00180538,-0.04270922
0.70034492512544,0.7203219301170773,0.3333333333333333,0.42424242424242425,0.17474075515046084,0.1463126615049759,0.0,0.0,0.40750812777597634,0.40750808218924994,0.2233650880379613,0.7835130522350914,0.11851330420800618,0.11851330420800618,0.9240547828376293,0.0,0.0,0.0,0.46343022882938384,0.4458758197724819,0.44654998928308487,0.6808915138244629,0.6808915138244629,0.0,0.5,0.0,0.6976744186046512,0.12354643642902374,0.0,-0.10675056,0.00092198,-0.06039903
0.7094523906707764,0.7288222312927246,0.3333333333333333,0.42424242424242425,0.1577401527991662,0.12931205915368127,0.0,0.0,0.4109199238552874,0.4109198896652426,0.20475031814429318,0.8031612960097388,0.11777829378843309,0.11777829378843309,0.9220938198268414,0.0,0.0,0.0,0.47933456897735593,0.44842783361673355,0.4490739740431309,0.7038371562957764,0.7038371562957764,0.04626399651169777,0.4814944013953209,0.04416947811841965,0.7365213315067596,0.1307382434606552,0.0,-0.12181289,-0.00562459,-0.0981053
0.7132612693877447,0.7323771847618951,0.3333333333333333,0.42424242424242425,0.1506302458608253,0.12220215221534036,0.0,0.0,0.40645713149703483,0.40645709160864923,0.19729764055795468,0.8110640057591539,0.11789614600794657,0.11789614600794657,0.9196698889136314,0.0,0.0,0.0,0.4915828466415405,0.45035386830568314,0.4513850323855877,0.7221205234527588,0.7221205234527588,0.0,0.5,0.0,0.6976744186046512,0.1361013650894165,0.0,-0.12417901,-0.00964724,-0.11066207
0.7120187431573868,0.7312174936135609,0.3333333333333333,0.42424242424242425,0.15294962815749347,0.12452153451200854,0.0,0.0,0.4045497942609039,0.40454972018247354,0.17798730839278915,0.8316764999707338,0.11893534234591893,0.11893534234591893,0.917481854557991,0.0,0.0,0.0,0.4926204413175583,0.45130958408117294,0.4525866247713566,0.724119246006012,0.724119246006012,0.0,0.5,0.0,0.6976744186046512,0.13832847774028778,0.0,-0.12764676,-0.01057371,-0.1236098
0.7011278835790498,0.7210526913404465,0.3333333333333333,0.42424242424242425,0.17327923270372247,0.14485113905823754,0.0,0.0,0.40454671145853077,0.40454569145552743,0.17553184775503827,0.8342350094035247,0.12052355600254877,0.12052355600254877,0.9144039563834667,0.0,0.0,0.0,0.4923910468816757,0.4515605606138706,0.45312221348285675,0.7249259352684021,0.7249259352684021,0.0,0.5,0.0,0.6976744186046512,0.1348227709531784,0.0,-0.12712487,-0.01348327,-0.14215882
0.6896216237828845,0.7103135155306922,0.3333333333333333,0.42424242424242425,0.19475758432323104,0.1663294906777461,0.0,0.0,0.4064150150601768,0.4064140406438999,0.17835776892492466,0.8310804079362535,0.12408417250428881,0.12408417250428881,0.9119920246303082,0.0,0.0,0.0,0.4840645670890808,0.4512993171811104,0.4530445225536823,0.7159371972084045,0.7159371972084045,0.0,0.5,0.0,0.6976744186046512,0.13160622119903564,0.0,-0.13045559,-0.0202876,-0.17233314
0.6417710326966786,0.6656529638502333,0.3333333333333333,0.42424242424242425,0.28407868768414885,0.2556505940386639,0.9253363609313965,0.925273060798645,0.38590336438574707,0.3859020423706813,0.477973129165788,0.5186458978274078,0.132144960973944,0.132144960973944,0.9180339761078358,0.0,0.0,0.0,0.39882329702377317,0.4322124645113945,0.43945496529340744,0.5712815523147583,0.5712815523147583,0.0,0.5,0.0,0.6976744186046512,0.10976792126893997,0.0,-0.13188404,-0.01919512,-0.20918964
0.6347938123203459,0.6591408914989896,0.3333333333333333,0.42424242424242425,0.2971028323866364,0.26867473874115144,0.28065305948257446,0.27960172295570374,0.35276388848488915,0.35276219037933054,0.4585002575276231,0.5375918367688054,0.1276209790791784,0.1276209790791784,0.9194656237959862,0.0,0.0,0.0,0.3925145953893661,0.4352709427475929,0.44165611639618874,0.5692323446273804,0.5692323446273804,0.0,0.5,0.0,0.6976744186046512,0.10682793706655502,0.0,-0.12648036,-0.01972006,-0.23361737
0.6610531707604727,0.6836496260431077,0.3333333333333333,0.42424242424242425,0.24808536329839986,0.21965726965291493,0.0,0.0,0.41290186376918114,0.4129008266711554,0.43472324388660843,0.5603323421623643,0.11474459831203734,0.11474459831203734,0.9224597737193108,0.0,0.0,0.0,0.39979786872863765,0.44515687599778175,0.45161665230989456,0.5847302675247192,0.5847302675247192,0.0,0.5,0.0,0.6976744186046512,0.11987920105457306,0.0,-0.13048534,-0.02031942,-0.24615391
0.6660727776941799,0.6883345925145679,0.3333333333333333,0.42424242424242425,0.2387154303554796,0.21028733670999467,0.0,0.0,0.4217607323115916,0.42175981487872266,0.4176082260066191,0.5775090403077657,0.1113284326025418,0.1113284326025418,0.9245598837733269,0.0,0.0,0.0,0.41612236201763153,0.4473618045449257,0.45496541261672974,0.6205676198005676,0.6205676198005676,0.0,0.5,0.0,0.6976744186046512,0.13291583955287933,0.0,-0.13142198,-0.01766444,-0.24690899
0.6724678061547733,0.6943032857444551,0.3333333333333333,0.42424242424242425,0.22677804389570516,0.19834995025022023,0.0,0.0,0.4199096263024821,0.4199087031712724,0.39486859815754355,0.6005373261576122,0.1100712748510497,0.1100712748510497,0.9245360977947712,0.0,0.0,0.0,0.41956319510936735,0.44761131703853607,0.45653723552823067,0.6278477907180786,0.6278477907180786,0.0,0.5,0.0,0.6976744186046512,0.14120443165302277,0.0,-0.13350476,-0.01556658,-0.24441686
0.6761453595189821,0.6977356688843833,0.3333333333333333,0.42424242424242425,0.21991327761584883,0.1914851839703639,0.0,0.0,0.41930202931792515,0.419301060599989,0.38401912822322226,0.6115168920615841,0.10860222790922439,0.10860222790922439,0.9228177405893803,0.0,0.0,0.0,0.4215103566646576,0.4469835050404072,0.4575127512216568,0.6325364112854004,0.6325364112854004,0.0,0.5,0.0,0.6976744186046512,0.14320556819438934,0.0,-0.13086404,-0.01331731,-0.24225016
0.6819912713198435,0.703191853231854,0.3333333333333333,0.42424242424242425,0.2090009089209076,0.18057281527542268,0.0,0.0,0.4213664071281827,0.4213654669019506,0.3755827346677762,0.620140544492423,0.10917322444064277,0.10917322444064277,0.9217308014631271,0.0,0.0,0.0,0.4237977504730224,0.44665534794330597,0.4577890448272228,0.6355804204940796,0.6355804204940796,0.0,0.5,0.05279828608036041,0.7356092797289061,0.14445488154888153,0.0,-0.12921688,-0.01153345,-0.23532394
0.6576054944168954,0.6804317947891023,0.3333333333333333,0.42424242424242425,0.25452102580641073,0.2260929321609258,0.0,0.0,0.41472971484948296,0.41472878601993246,0.6675169850854528,0.3356365258966709,0.1143592010651316,0.1143592010651316,0.9123255461454391,0.0,0.0,0.0,0.4409612149000168,0.43980012089014053,0.4557504393160343,0.6565455794334412,0.6565455794334412,0.0,0.5,0.0,0.6976744186046512,0.1335643231868744,0.0,-0.12903246,-0.00948429,-0.22920823
0.6559698524929228,0.6789051956600614,0.3333333333333333,0.42424242424242425,0.2575742240644928,0.2291461304190079,0.0,0.0,0.43047402534156637,0.4304744527171264,0.6351912892343438,0.36689615335742054,0.12060283018010004,0.12060283018010004,0.9098636358976364,0.0,0.0,0.0,0.44254721999168395,0.44169218093156815,0.45579105615615845,0.6589828729629517,0.6589828729629517,0.0,0.5,0.0,0.6976744186046512,0.13443882763385773,0.0,-0.12517454,-0.00590745,-0.2126473
0.6592089037100475,0.6819283101293776,0.3333333333333333,0.42424242424242425,0.25152799512586027,0.22309990148037534,0.0,0.0,0.4303186087945679,0.43031901907510556,0.6051044031037427,0.39604927517437294,0.12328555009194783,0.12328555009194783,0.9094184376299381,0.0,0.0,0.0,0.43836506903171535,0.4431849271059036,0.4562530182301998,0.6532092094421387,0.6532092094421387,0.0,0.5,0.0,0.6976744186046512,0.14054331183433533,0.0,-0.11982078,-0.00313091,-0.1959132
0.6593319624662399,0.6820431649684906,0.3333333333333333,0.42424242424242425,0.2512982854476342,0.2228701918021493,0.0,0.0,0.4014284255171825,0.40142852808731694,0.7618280013250347,0.24819810754659705,0.12477273387568338,0.12477273387568338,0.9095669575035572,0.0,0.0,0.0,0.4371952325105667,0.44480448216199875,0.4572431594133377,0.6517079472541809,0.6517079472541809,0.0,0.5,0.0,0.6976744186046512,0.14564424753189087,0.0,-0.11787231,-0.00141852,-0.16988073
0.6607266756750289,0.6833448972966936,0.3333333333333333,0.42424242424242425,0.24869482079122823,0.2202667271457433,0.0,0.0,0.3963226779697046,0.39632273495311265,0.7672913197577569,0.24341954733121418,0.12597382600818363,0.12597382600818363,0.9095726199448109,0.0,0.0,0.0,0.4340825527906418,0.445877131074667,0.4582727923989296,0.6503061652183533,0.6503061652183533,0.0,0.5,0.0,0.6976744186046512,0.14797577261924744,0.0,-0.10569025,0.01007682,-0.10271129
0.6605760497706277,0.6832043131192526,0.3333333333333333,0.42424242424242425,0.24897598914611035,0.22054789550062542,0.0,0.0,0.3953321695783626,0.395332215165089,0.7753910781320605,0.23608122404806425,0.12665102524416788,0.12665102524416788,0.9090477749705315,0.0,0.0,0.0,0.4329932421445846,0.44561906158924103,0.45808109641075134,0.6488895416259766,0.6488895416259766,0.0,0.5,0.0,0.6976744186046512,0.14749698340892792,0.0,-0.09974144,0.01345442,-0.07038003
0.6536288357206753,0.6767202466726303,0.3333333333333333,0.42424242424242425,0.2619441220393548,0.23351602839386987,0.0,0.0,0.4103016367833883,0.41030183622531635,0.6739536940937516,0.33022729611482904,0.12713526508637837,0.12713526508637837,0.9077961780130863,0.0,0.0,0.0,0.43296349346637725,0.4444344565272331,0.45717698708176613,0.6482085585594177,0.6482085585594177,0.0,0.5,0.0,0.6976744186046512,0.14669457077980042,0.0,-0.09693906,0.02301523,-0.050608
0.6490074977988288,0.6724069979455736,0.3333333333333333,0.42424242424242425,0.2705706194934682,0.2421425258479833,0.0,0.0,0.4065838796914649,0.40658406773671135,0.6902321898458564,0.3148644325559449,0.12708415410348348,0.12708415410348348,0.905936136841774,0.0,0.0,0.0,0.43980001509189603,0.4407814107835293,0.45559486746788025,0.6585279703140259,0.6585279703140259,0.0,0.5,0.0,0.6976744186046512,0.14807158708572388,0.0,-0.09204755,0.02988348,-0.04130871
0.6553002847802072,0.67828026579486,0.3333333333333333,0.42424242424242425,0.25882408379489547,0.23039599014941053,0.0,0.0,0.41123803373048684,0.41123826736245966,0.6872117957011236,0.31763685770239425,0.12870065867900848,0.12870065867900848,0.9043748266994953,0.0,0.0,0.0,0.446451660990715,0.436414435505867,0.4533207155764103,0.6699156761169434,0.6699156761169434,0.0,0.5,0.0,0.6976744186046512,0.15463699400424957,0.0,-0.09532007,0.03885432,-0.03026732
0.6513560715885389,0.674599000149303,0.3333333333333333,0.42424242424242425,0.2661866150860094,0.23775852144052445,0.0,0.0,0.3977246863436289,0.3977247661204001,0.6975686782632685,0.30735873760679666,0.12854917240994318,0.12854917240994318,0.9022896140813828,0.0,0.0,0.0,0.45638771951198576,0.43367721140384674,0.4518861807882786,0.6856933832168579,0.6856933832168579,0.0,0.5,0.0,0.6976744186046512,0.1598639190196991,0.0,-0.09842674,0.04426131,-0.01780372
0.6477182901331356,0.6712037374575933,0.3333333333333333,0.42424242424242425,0.27297714046942884,0.2445490468239439,0.0,0.0,0.3874930305189202,0.3874930305189202,0.7104198727507436,0.29505032147727045,0.12873150940452305,0.12873150940452305,0.8990200385451317,0.0,0.0,0.0,0.4675351500511169,0.42096222192049026,0.44493693485856056,0.7027137875556946,0.7027137875556946,0.0,0.5,0.0,0.6976744186046512,0.1598867028951645,0.0,-0.09899956,0.05161637,0.00708539
0.5914417310130029,0.6186789489454694,0.3333333333333333,0.42424242424242425,0.3780267174936768,0.34959862384819185,0.8526560068130493,0.8272011280059814,0.2902116173767907,0.2902105916754465,0.39990619354904494,0.5987744361624385,0.1345182689172881,0.1345182689172881,0.902439296245575,0.0,0.0,0.0,0.37629920840263364,0.4183846339583397,0.43650560081005096,0.5460287928581238,0.5460287928581238,0.0,0.5,0.0,0.6976744186046512,0.16299349069595337,0.0,-0.09879197,0.05400162,0.01344357
0.5860729978552887,0.6136681313316027,0.3333333333333333,0.42424242424242425,0.38804835272141,0.35962025907592504,0.040618933737277985,0.03943020477890968,0.4159260188188425,0.41594029886088907,0.41628847888049386,0.5791929042881301,0.12446985180888857,0.12446985180888857,0.9124924466013908,0.0,0.0,0.0,0.42618200480937957,0.4304705187678337,0.44062158092856407,0.6215528845787048,0.6215528845787048,0.0,0.5,0.0,0.6976744186046512,0.16434511542320251,0.0,-0.09338192,0.05183159,0.01442203
0.6022573530319191,0.6287735294964578,0.3333333333333333,0.42424242424242425,0.35783755639169973,0.3294094627462148,0.0,0.0,0.4169542616229668,0.4169685758550582,0.4383253246602775,0.5568348981510506,0.11841220515114921,0.11841220515114921,0.9155538529157639,0.0,0.0,0.0,0.45380667746067044,0.4329153895378113,0.4422963000833988,0.6653698086738586,0.6653698086738586,0.0,0.5,0.0,0.6976744186046512,0.16479691863059998,0.0,-0.09479778,0.050105,0.02537722
0.6094330692929881,0.6354708646734556,0.3333333333333333,0.42424242424242425,0.3444428860377043,0.31601479239221936,0.0,0.0,0.4185887167148335,0.41860303094692486,0.4450998882946503,0.5500482459318519,0.114313614155565,0.114313614155565,0.9168630614876747,0.0,0.0,0.0,0.4610182702541351,0.43543123453855515,0.44383151084184647,0.677488386631012,0.677488386631012,0.0,0.5,0.0,0.6976744186046512,0.16821490228176117,0.0,-0.09462889,0.05308835,0.04460085
0.6081817620212123,0.6343029778864648,0.3333333333333333,0.42424242424242425,0.3467786596116857,0.31835056596620076,0.0,0.0,0.420504470400327,0.4205187846324184,0.4506823419384929,0.5445205675889561,0.11344116713319506,0.11344116713319506,0.9169631637632847,0.0,0.0,0.0,0.45966330766677854,0.43552354723215103,0.4437047056853771,0.6753320693969727,0.6753320693969727,0.0,0.5,0.0,0.6976744186046512,0.16959428787231445,0.0,-0.08360195,0.04977494,0.06058745
0.6128937885874793,0.638700869348314,0.3333333333333333,0.42424242424242425,0.33798287668798727,0.30955478304250234,0.0,0.0,0.42138538260304903,0.42139969683514045,0.4603809635680219,0.5347573652385476,0.11021754571369717,0.11021754571369717,0.9180545695126057,0.0,0.0,0.0,0.46421831846237177,0.43648631125688553,0.44453369081020355,0.6841106414794922,0.6841106414794922,0.0,0.5,0.0,0.6976744186046512,0.16966065764427185,0.0,-0.08675108,0.04876531,0.08872771
0.6146359738139879,0.6403269088930554,0.3333333333333333,0.42424242424242425,0.33473079759850466,0.30630270395301973,0.0,0.0,0.4210415162274304,0.42105584185620337,0.4793435502120687,0.515806893267043,0.10998551334653582,0.10998551334653582,0.9176377393305302,0.0,0.0,0.0,0.47793506681919096,0.43622731417417526,0.4439935088157654,0.7047924399375916,0.7047924399375916,0.051541391760110855,0.47938344329595567,0.049771662801504135,0.7418102632428325,0.16980639100074768,0.0,-0.08672395,0.04815274,0.10884434
0.6202155362282481,0.6455345004796982,0.3333333333333333,0.42424242424242425,0.32431561442521906,0.2958875207797341,0.0,0.0,0.4204583822199309,0.4204727192453855,0.49903806540438367,0.4961529055648684,0.11028717138937542,0.11028717138937542,0.9163232482969761,0.0,0.0,0.0,0.4933249175548553,0.4354923814535141,0.4425918199121952,0.7256205081939697,0.7256205081939697,0.050685588270425797,0.4797257646918297,0.04808393493294716,0.7427932153087716,0.16783538460731506,0.0,-0.09399547,0.0470476,0.12496588
0.6275916731073743,0.652418894900216,0.3333333333333333,0.42424242424242425,0.31054682558418345,0.2821187319386985,0.0,0.0,0.4200862406772592,0.42010055490935055,0.5022357201513551,0.4930069256872287,0.11170410684176854,0.11170410684176854,0.9150182604789734,0.0,0.0,0.0,0.4968376189470291,0.4343389719724655,0.4409363567829132,0.7306824922561646,0.7306824922561646,0.049993060529232025,0.4800027757883072,0.04683626815676689,0.747615285217762,0.16579243540763855,0.0,-0.09809423,0.04610489,0.136594
0.6273626209724517,0.6522051129076216,0.3333333333333333,0.42424242424242425,0.31097438956937223,0.2825462959238873,0.0,0.0,0.41937475154322373,0.4193890543786335,0.5038408711695078,0.49147876744465846,0.11197210954768318,0.11197210954768318,0.9140566438436508,0.0,0.0,0.0,0.4974263548851013,0.4337023049592972,0.44002483040094376,0.7313467860221863,0.7313467860221863,0.04995138943195343,0.48001944422721865,0.04655960202217102,0.747802062609861,0.16547369956970215,0.0,-0.09792738,0.04552419,0.13794018
0.6214953242313295,0.6467289692825742,0.3333333333333333,0.42424242424242425,0.3219266768194672,0.29349858317398225,0.17444738745689392,0.17391714453697205,0.38869665685620863,0.3887106177911704,0.5138231576286811,0.4821045694519361,0.11224325746297838,0.11224325746297838,0.9132830090820789,0.0,0.0,0.0,0.4935969740152359,0.43180469423532486,0.4372888579964638,0.7155515551567078,0.7155515551567078,0.0,0.5,0.0,0.6976744186046512,0.16100332140922546,0.0,-0.09889092,0.04382209,0.13709152
0.5761240601894402,0.6043824561768107,0.3333333333333333,0.42424242424242425,0.4066197030309938,0.3781916093855089,0.34165695309638977,0.34114938974380493,0.33100872878590687,0.33102211988678854,0.5242990870776641,0.4727075097159213,0.13867236141647613,0.13867236141647613,0.9094014056026936,0.0,0.0,0.0,0.4687649846076965,0.41782786697149277,0.4230307415127754,0.6765545010566711,0.6765545010566711,0.0,0.5,0.0,0.6976744186046512,0.12554962933063507,0.0,-0.0999055,0.04004902,0.1404499
0.5863525587178412,0.6139290548033185,0.3333333333333333,0.42424242424242425,0.38752650577797854,0.3590984121324936,0.011737653985619545,0.011723731644451618,0.4032250439915557,0.4032391986701046,0.5493056630541217,0.44674283181225544,0.11358119547367097,0.11358119547367097,0.9094024822115898,0.0,0.0,0.0,0.4969440966844558,0.42620158195495605,0.4296293333172798,0.7198712229728699,0.7198712229728699,0.05508171021938324,0.4779673159122467,0.05589227378368378,0.7433779871221199,0.13645444810390472,0.0,-0.10106976,0.03805455,0.14316715
0.5969838764341104,0.6238516180051698,0.3333333333333333,0.42424242424242425,0.3676813793742759,0.339253285728791,0.0,0.0,0.409653934876276,0.40966814083989217,0.5703075590826585,0.4260794172272805,0.10883724583046778,0.10883724583046778,0.9087727665901184,0.0,0.0,0.0,0.5089332312345505,0.42816728353500366,0.4309426322579384,0.7384210228919983,0.7384210228919983,0.05356745794415474,0.48318866510239855,0.05327070131897926,0.7515149052406467,0.15669485926628113,0.020338196773082018,-0.10203039,0.03670861,0.14361911
0.6055776377518971,0.6318724619017707,0.3333333333333333,0.42424242424242425,0.35163969158107405,0.3232115979355891,0.0,0.0,0.4108458910116046,0.41086000010342716,0.5107469090597123,0.4852605100292954,0.1062379458120891,0.1062379458120891,0.9079383499920368,0.0,0.0,0.0,0.5127931535243988,0.4288803040981293,0.4315274655818939,0.7433883547782898,0.7433883547782898,0.052672699093818665,0.47893092036247253,0.05160526558756828,0.7390569635601931,0.163029283285141,0.039343833923339844,-0.10354968,0.03590667,0.14066355
0.6264132573491051,0.6513190401924981,0.3333333333333333,0.42424242424242425,0.31274653499961924,0.2843184413541343,0.0,0.0,0.41109721063427895,0.41111052195838943,0.3111329730564504,0.6905270369918528,0.11064471943037851,0.11064471943037851,0.9063222296535969,0.0,0.0,0.0,0.5145084589719772,0.4292389303445816,0.4314531832933426,0.7453338503837585,0.7453338503837585,0.0,0.5,0.0,0.6976744186046512,0.16727852821350098,0.07068342063575983,-0.09654917,0.03332159,0.13602452
0.6384984006484349,0.6625985072718726,0.3333333333333333,0.42424242424242425,0.2901876008408702,0.26175950719538527,0.0,0.0,0.4106353544140409,0.41064860305640255,0.30632461051867976,0.6956575267350874,0.11400455875056131,0.11400455875056131,0.903811976313591,0.0,0.0,0.0,0.5163084834814071,0.42884354293346405,0.43083754926919937,0.7474537491798401,0.7474537491798401,0.0,0.5,0.0,0.6976744186046512,0.1690995693206787,0.09719735011458397,-0.0959372,0.02941532,0.12642395
0.6373860023560978,0.6615602688656913,0.3333333333333333,0.42424242424242425,0.29226407765323287,0.26383598400774794,0.0,0.0,0.40231586232012134,0.4023286266035149,0.22956581735702136,0.7771614536449918,0.11773516024862017,0.11773516024862017,0.9009792022407055,0.0,0.0,0.0,0.5159107148647308,0.4289824068546295,0.43072301894426346,0.7468417882919312,0.7468417882919312,0.0,0.5,0.0,0.6976744186046512,0.16920438408851624,0.1091995369642973,-0.09168807,0.02073982,0.12218149
0.6337405751858439,0.6581578701734543,0.3333333333333333,0.42424242424242425,0.29906887503770685,0.2706407813922219,0.0,0.0,0.40135309345179715,0.40136583494182754,0.22772935608376965,0.779133831743022,0.12217778712511064,0.12217778712511064,0.8949850164353848,0.0,0.0,0.0,0.5153749465942382,0.4280697777867317,0.42953378707170486,0.7463262677192688,0.7463262677192688,0.0,0.5,0.0,0.6976744186046512,0.16844183206558228,0.1186895277351141,-0.09409138,0.01009124,0.12045845
0.6335843081275623,0.6580120209190581,0.3333333333333333,0.42424242424242425,0.2993605735464993,0.2709324799010144,0.0,0.0,0.40270685967250264,0.4027196125592146,0.22750823766733902,0.7793306980210047,0.1263500164662089,0.1263500164662089,0.8916171416640282,0.0,0.0,0.0,0.5130891591310501,0.42764632403850555,0.428898848593235,0.7434055209159851,0.7434055209159851,0.0,0.5,0.0,0.6976744186046512,0.16660535335540771,0.127076068893075,-0.0925275,0.00646696,0.12475543
0.6333785479267439,0.657819978064961,0.3333333333333333,0.42424242424242425,0.2997446592546936,0.2713165656092087,0.0,0.0,0.4020414530205225,0.4020542059072345,0.22691472128290063,0.7799519083417346,0.12759465724229813,0.12759465724229813,0.8896279036998749,0.0,0.0,0.0,0.513228890299797,0.42759285867214203,0.4289247617125511,0.7437825202941895,0.7437825202941895,0.0,0.5,0.0,0.6976744186046512,0.16497871279716492,0.1282078865915537,-0.09499255,0.00276911,0.12453718
0.6283636596940813,0.6531394157144759,0.3333333333333333,0.42424242424242425,0.30910578395566374,0.2806776903101788,0.0,0.0,0.4030034925012242,0.4030162339912546,0.2213489010958553,0.7858653956977126,0.12825563549995422,0.12825563549995422,0.8889981843531132,0.0,0.0,0.0,0.5117456495761871,0.42760036885738373,0.42895928770303726,0.7419551014900208,0.7419551014900208,0.0,0.5,0.0,0.6976744186046512,0.16514256596565247,0.1285938173532486,-0.09486163,-0.00063803,0.12816809
0.604469355018366,0.6308380646838082,0.3333333333333333,0.42424242424242425,0.353708486016999,0.32528039237151407,0.5536632537841797,0.5534491539001465,0.3037817601264093,0.3037946383766189,0.48564663170400585,0.5125613291855702,0.13364469898598536,0.13364469898598536,0.8975982330739498,0.0,0.0,0.0,0.4479873269796371,0.4276653155684471,0.4290004149079323,0.6461332440376282,0.6461332440376282,0.0,0.5,0.0,0.6976744186046512,0.16124291718006134,0.13207021169364452,-0.09402563,-0.00237884,0.12569088
0.5813530860912233,0.6092628803518083,0.3333333333333333,0.42424242424242425,0.39685885468099874,0.3684307610355138,0.1362094134092331,0.13558165729045868,0.4036836122691517,0.4036972882870734,0.38718462491810435,0.6110158996367268,0.14459634998014995,0.14459634998014995,0.9018568731844425,0.0,0.0,0.0,0.46737845838069914,0.4224107190966606,0.42336519807577133,0.6764225959777832,0.6764225959777832,0.0,0.5,0.0,0.6976744186046512,0.13295574486255646,0.13312037102878094,-0.09533321,-0.00312117,0.12478283
0.6031512053949493,0.6296077917019526,0.3333333333333333,0.42424242424242425,0.3561690319807102,0.3277409383352253,0.0,0.0,0.44196752745152434,0.44198144279975965,0.3659942163791985,0.6324518382840535,0.13007077787603652,0.13007077787603652,0.9069651030004025,0.0,0.0,0.0,0.47755519747734065,0.434155635535717,0.43520358949899673,0.6950991153717041,0.6950991153717041,0.0,0.5,0.0,0.6976744186046512,0.14802075922489166,0.11351303197443485,-0.09214895,-0.0049991,0.12502931
0.6298121856082054,0.6544913732343249,0.3333333333333333,0.42424242424242425,0.30640186891596544,0.2779737752704805,0.0,0.0,0.4417045718169349,0.4417184472767846,0.3634845189337065,0.6351180007712512,0.1262476188795907,0.1262476188795907,0.9084542542695999,0.0,0.0,0.0,0.4874013006687164,0.43509049713611603,0.4364067018032074,0.710440993309021,0.710440993309021,0.0506325289607048,0.47974698841571806,0.0,0.6976744186046512,0.1538083851337433,0.07989492267370224,-0.05165994,-0.00991558,0.12698138
0.636575219531854,0.6608035382297304,0.3333333333333333,0.42424242424242425,0.2937775389251546,0.2653494452796697,0.0,0.0,0.4405439850477142,0.4405578662059047,0.3723485387762008,0.6259619181693575,0.1229599490761757,0.1229599490761757,0.9097981713712215,0.0,0.0,0.0,0.49038860201835627,0.43710169196128845,0.4394880644977093,0.7151196002960205,0.7151196002960205,0.04829258471727371,0.4806829661130905,0.04604705050587654,0.7359562071343494,0.16346967220306396,0.02164137316867709,-0.03012487,-0.0169273,0.12507179
0.6201382630637714,0.64546237885952,0.3333333333333333,0.42424242424242425,0.3244598576655755,0.29603176402009057,0.0,0.0,0.46239194507580644,0.46240616528527456,0.43342258620216556,0.5630765206334646,0.11981308460235597,0.11981308460235597,0.9142601303756237,0.0,0.0,0.0,0.4877408236265182,0.4422699101269245,0.4448435567319393,0.7120957970619202,0.7120957970619202,0.048289041966199875,0.48068438321352003,0.04545030742883682,0.7468536244921906,0.17181986570358276,0.0,-0.00884103,-0.02412494,0.12818572
0.6158183277362869,0.6414304392205344,0.3333333333333333,0.42424242424242425,0.3325237369435466,0.30409564329806166,0.0,0.0,0.46180224373053413,0.46181647248751345,0.4346935612293776,0.5617845422343537,0.11900179088115694,0.11900179088115694,0.9164339266717434,0.0,0.0,0.0,0.4876849144697189,0.44339442625641823,0.4461401104927063,0.7119117379188538,0.7119117379188538,0.04786134138703346,0.4817152122656504,0.04453326761722565,0.7493260429175788,0.17392928898334503,0.0,0.00345699,-0.02830175,0.12357556
0.61213244125247,0.6379902785023054,0.3333333333333333,0.42424242424242425,0.3394040583800047,0.31097596473451977,0.0,0.0,0.4630135685262443,0.4630278115290757,0.4421291380949731,0.5542568111780731,0.11859012501580375,0.11859012501580375,0.9172879718244076,0.0,0.0,0.0,0.4883074879646301,0.4443201310932636,0.44719604402780533,0.7127892971038818,0.7127892971038818,0.048227399587631226,0.48670723135509186,0.04457201436161995,0.7524198081431,0.1742207556962967,0.0,0.01063857,-0.02804212,0.12289134
0.6125047618434543,0.6383377777205573,0.3333333333333333,0.42424242424242425,0.3387090599435008,0.3102809662980159,0.0,0.0,0.4628210016463956,0.4628352474983974,0.4403840611131424,0.5560157698968321,0.11807167104312352,0.11807167104312352,0.9176878407597542,0.0,0.0,0.0,0.48989839553833003,0.44452017173171043,0.4474879391491413,0.7153818011283875,0.7153818011283875,0.04799672216176987,0.4967974225680033,0.04414484649896622,0.7571628096318522,0.17304886877536774,0.0,0.01302569,-0.02329908,0.10473892
0.6086153325935205,0.6347076437539525,0.3333333333333333,0.42424242424242425,0.34596932787671053,0.3175412342312256,0.0,0.0,0.45931386662714796,0.45932808683661613,0.43607870251453174,0.5603530951634141,0.1171495020389557,0.1171495020389557,0.9183889031410217,0.0,0.0,0.0,0.4898718804121017,0.4442989155650139,0.44744522869586945,0.7153867483139038,0.7153867483139038,0.047851063311100006,0.48085957467556,0.04388843849301338,0.7427750883060833,0.1742362082004547,0.0,0.01479196,-0.02800432,0.08181312
0.6082479125332265,0.6343647183643447,0.3333333333333333,0.42424242424242425,0.34665517865592604,0.3182270850104411,0.0,0.0,0.4316581690516572,0.43167225535011655,0.43984112889999183,0.5565963274084422,0.11608437235866274,0.11608437235866274,0.9125312864780426,0.0,0.0,0.0,0.5013988673686981,0.43281883746385574,0.43603382259607315,0.7317947745323181,0.7317947745323181,0.0457540825009346,0.483455963551052,0.04186350479722023,0.7497570590051108,0.15410976111888885,0.0,0.01047737,-0.03166285,0.05121317
0.6118002650993211,0.637680247426033,0.3333333333333333,0.42424242424242425,0.3400241205325494,0.31159602688706445,0.0,0.0,0.4077663765810644,0.4077802748342773,0.43115546712455965,0.5656504953631885,0.1136090180703572,0.1136090180703572,0.9011062271893024,0.0,0.0,0.0,0.5028421998023986,0.43072158098220825,0.43409544974565506,0.7342633008956909,0.7342633008956909,0.04445115476846695,0.4822195380926132,0.04058161750435829,0.7386780872421209,0.1536063849925995,0.0,0.00060784,-0.03499639,0.02097141
0.630391432770661,0.6550320039192835,0.3333333333333333,0.42424242424242425,0.30532060754604834,0.2768925139005634,0.0,0.0,0.39572837521423576,0.39574215380229183,0.43130172643789144,0.5656876998302763,0.10778508016041348,0.10778508016041348,0.8962312340736389,0.0,0.0,0.0,0.5052513420581818,0.430455282330513,0.4341679811477661,0.7386305928230286,0.7386305928230286,0.04433818906545639,0.48226472437381745,0.0,0.6976744186046512,0.16431516408920288,0.0,-0.00518493,-0.04137621,-0.00235271
0.631343013828709,0.6559201462401284,0.3333333333333333,0.42424242424242425,0.3035443229043586,0.2751162292588737,0.0,0.0,0.3896586963369103,0.38967239514819524,0.4296264997175957,0.567497886054096,0.10268901075635638,0.10268901075635638,0.891507763415575,0.0,0.0,0.0,0.5061617225408553,0.43033815920352936,0.4343382865190506,0.7401986718177795,0.7401986718177795,0.04466421529650688,0.48213431388139727,0.0,0.6976744186046512,0.16870389878749847,0.0,-0.00487033,-0.04782758,-0.01446442
0.6302465899359613,0.6548968172735639,0.3333333333333333,0.42424242424242425,0.3055909808374878,0.2771628871920029,0.0,0.0,0.38440146409758646,0.38441517430555294,0.4322707406877332,0.5649038325082681,0.09814228330339705,0.09814228330339705,0.8874703384935856,0.0,0.0,0.0,0.5066698491573334,0.42995215952396393,0.4342377632856369,0.7410060167312622,0.7410060167312622,0.0,0.5,0.0,0.6976744186046512,0.1724861115217209,0.0,-0.01981522,-0.05718609,-0.04430649
0.5885003748394194,0.6159336831834581,0.3333333333333333,0.42424242424242425,0.3835172490176992,0.35508915537221425,0.6582351326942444,0.6561400890350342,0.24384800197973305,0.24386001408214097,0.5141652375744588,0.4856443730589942,0.10211635913167681,0.10211635913167681,0.8852028883993626,0.0,0.0,0.0,0.47621170878410335,0.4067944586277008,0.41585633158683777,0.6886827349662781,0.6886827349662781,0.0,0.5,0.0,0.6976744186046512,0.17483791708946228,0.0,-0.04120497,-0.07236566,-0.06137998
0.5649094152308646,0.5939154542154736,0.3333333333333333,0.42424242424242425,0.42755370695366823,0.3991256133081833,0.42783358693122864,0.427645742893219,0.2748635922973516,0.274876219820566,0.5250536642156641,0.4735646199491188,0.1246177511555808,0.1246177511555808,0.8659229800105095,0.0,0.0,0.0,0.483776843547821,0.3951421007514,0.4069521427154541,0.7045745849609375,0.7045745849609375,0.0,0.5,0.0,0.6976744186046512,0.1563771516084671,0.0,-0.05790288,-0.08153263,-0.08017585
0.5859139190898055,0.6135196578171518,0.3333333333333333,0.42424242424242425,0.3883452997503118,0.35991720610482686,0.0538562536239624,0.052849385887384415,0.34289074946999776,0.34290423174433227,0.501883730612852,0.4950577243513582,0.09088602449212756,0.09088602449212756,0.8763987012207508,0.0,0.0,0.0,0.4892774492502212,0.41635850071907043,0.42653322219848633,0.7145594358444214,0.7145594358444214,0.0,0.5,0.0,0.6976744186046512,0.17031323909759521,0.0,-0.06364267,-0.08904592,-0.10031923
0.5937884598970413,0.6208692292372385,0.3333333333333333,0.42424242424242425,0.3736461569101383,0.3452180632646534,0.006197497248649597,0.006269177421927452,0.348841458388086,0.3488549520591021,0.4799470814304644,0.5167554362275582,0.08616118824907712,0.08616118824907712,0.8794230595231056,0.0,0.0,0.0,0.4997772097587585,0.4171232059597969,0.4276600480079651,0.7312512993812561,0.7312512993812561,0.0,0.5,0.0,0.6976744186046512,0.17198891937732697,0.0,-0.06852532,-0.09329382,-0.11672559
0.564825605068888,0.5938372313976288,0.3333333333333333,0.42424242424242425,0.42771015258935785,0.3992820589438729,0.9598356485366821,0.9600173234939575,0.29283157771677637,0.29284422803335386,0.46256948258179326,0.5363168216179657,0.11582169681787492,0.11582169681787492,0.8791021667420864,0.0,0.0,0.0,0.43833730220794676,0.38942480832338333,0.40512727200984955,0.6323438882827759,0.6323438882827759,0.0,0.5,0.0,0.6976744186046512,0.15755578875541687,0.0,-0.07618175,-0.09973957,-0.13895495
0.5533289290255025,0.5831070004238023,0.3333333333333333,0.42424242424242425,0.4491706145370109,0.420742520891526,0.14593659341335297,0.1452043056488037,0.3563167014039953,0.3563303090418274,0.43692095717326174,0.5597784702033153,0.11131395718881062,0.11131395718881062,0.8804089538753033,0.0,0.0,0.0,0.4780712306499481,0.4118412360548973,0.42309167236089706,0.6973119974136353,0.6973119974136353,0.0,0.5,0.0,0.6976744186046512,0.16912831366062164,0.0,-0.08608344,-0.09930414,-0.15834542
0.5566961257940247,0.5862497174077563,0.3333333333333333,0.42424242424242425,0.44288518056910264,0.4144570869236177,0.0,0.0,0.3887796816816749,0.38879356283986544,0.4244230484187489,0.5718926316756768,0.10159234383276532,0.10159234383276532,0.8968448750674725,0.0,0.0,0.0,0.4829460501670837,0.421993151307106,0.4325036555528641,0.7034460306167603,0.7034460306167603,0.0,0.5,0.0,0.6976744186046512,0.20273880660533905,0.0,-0.09063852,-0.09869067,-0.17040865
0.5596858397835777,0.5890401171313392,0.3333333333333333,0.42424242424242425,0.43730438112193704,0.4088762874764521,0.0,0.0,0.40336941715408237,0.4033834920558601,0.41279455831356304,0.5834353432322045,0.10027678949492319,0.10027678949492319,0.9066153950989246,0.0,0.0,0.0,0.4848682194948196,0.4254296123981476,0.43763406202197075,0.708635151386261,0.708635151386261,0.0,0.5,0.0,0.6976744186046512,0.20856833457946777,0.0,-0.09508029,-0.09845834,-0.17405352
0.5659352670468035,0.59487291591035,0.3333333333333333,0.42424242424242425,0.4256387835639155,0.39721068991843056,0.0,0.0,0.4093308218578535,0.4093449366480169,0.3993156516985045,0.5969509500111899,0.10081221482583455,0.10081221482583455,0.9116211459040642,0.0,0.0,0.0,0.4702937662601471,0.4321007877588272,0.445360004901886,0.6980332732200623,0.6980332732200623,0.0,0.5,0.0,0.6976744186046512,0.2099146991968155,0.0,-0.09705818,-0.09961008,-0.17310974
0.5696599852471125,0.5983493195639716,0.3333333333333333,0.42424242424242425,0.41868597625667214,0.3902578826111872,0.0,0.0,0.4138728097565543,0.4138869929268073,0.3851172326855632,0.6112397760501049,0.10524565620081766,0.10524565620081766,0.9136202111840248,0.0,0.0,0.0,0.46110893487930293,0.43445994704961777,0.4481988437473774,0.6875475645065308,0.6875475645065308,0.0,0.5,0.0,0.6976744186046512,0.21103937923908234,0.0,-0.10398653,-0.09691869,-0.17451328
0.5490466945228123,0.5791102482212914,0.3333333333333333,0.42424242424242425,0.45716411894203257,0.42873602529654764,0.0,0.0,0.4011909528626538,0.4012042983768091,0.6137747021523762,0.3868970332541789,0.10790730693510601,0.10790730693510601,0.910834077745676,0.0,0.0,0.0,0.4629519760608673,0.43023861199617386,0.44780077040195465,0.6893033385276794,0.6893033385276794,0.0,0.5,0.0,0.6976744186046512,0.20018072426319122,0.0,-0.10174361,-0.09314176,-0.17207427
0.5423001228343873,0.5728134479787614,0.3333333333333333,0.42424242424242425,0.4697577194270925,0.44132962578160756,0.0,0.0,0.40453227756128257,0.40454515581149214,0.7244045583969321,0.28206184256322475,0.1153266802430153,0.1153266802430153,0.9020105339586735,0.0,0.0,0.0,0.47092124223709103,0.4271608144044876,0.4440729580819607,0.6955732703208923,0.6955732703208923,0.0,0.5,0.0,0.6976744186046512,0.17352688312530518,0.0,-0.11342036,-0.08548959,-0.16916192
0.4642857142857143,0.5,0.3333333333333333,0.42424242424242425,0.6153846153846154,0.5869565217391305,0.0,0.0,0.4052387578537542,0.40525164180230455,0.7244534273676388,0.2820587654591924,0.11941897549799511,0.11941897549799511,0.8977891877293587,0.0,0.0,0.0,0.47131944894790645,0.4251795634627342,0.44179782271385193,0.6954573392868042,0.6954573392868042,0.0,0.5,0.0,0.6976744186046512,0.16734446585178375,0.0,-0.13053436,-0.0759297,-0.1668672
0.4642857142857143,0.5,0.3333333333333333,0.42424242424242425,0.6153846153846154,0.5869565217391305,0.0,0.0,0.40148176198707713,0.4014943439235651,0.7475626609977299,0.2609345374503459,0.1211273723414966,0.1211273723414966,0.8957271128892899,0.0,0.0,0.0,0.4704699009656906,0.42425380647182465,0.44079307839274406,0.6941910982131958,0.6941910982131958,0.0,0.5,0.0,0.6976744186046512,0.16003671288490295,0.0,-0.12878964,-0.0665796,-0.14413586
0.4642857142857143,0.5,0.3333333333333333,0.42424242424242425,0.6153846153846154,0.5869565217391305,0.0,0.0,0.3914233585160731,0.39143543899857064,0.7862326501660319,0.22558061793424383,0.12257374290909087,0.12257374290909087,0.8948208317160606,0.0,0.0,0.0,0.4627368092536926,0.4237357974052429,0.44020363688468933,0.6846953630447388,0.6846953630447388,0.0,0.5,0.0,0.6976744186046512,0.15558426082134247,0.0,-0.12709003,-0.0468017,-0.11636577
0.4642857142857143,0.5,0.3333333333333333,0.42424242424242425,0.6153846153846154,0.5869565217391305,0.0,0.0,0.39365505670726186,0.39366717137980417,0.7866655873067064,0.22519702842490347,0.12404610535928182,0.12404610535928182,0.8934864476323128,0.0,0.0,0.0,0.4615424185991287,0.42338214814662933,0.4397515803575516,0.683040201663971,0.683040201663971,0.0,0.5,0.0,0.6976744186046512,0.15157194435596466,0.0,-0.1287778,-0.02220867,-0.08943399
0.4642857142857143,0.5,0.3333333333333333,0.42424242424242425,0.6153846153846154,0.5869565217391305,0.0,0.0,0.39320193604347126,0.3932139709392424,0.7977882015089688,0.2148831683358038,0.12605620814221247,0.12605620814221247,0.895175825804472,0.0,0.0,0.0,0.4577717840671539,0.42415980994701385,0.44000402837991714,0.6770476698875427,0.6770476698875427,0.0,0.5,0.0,0.6976744186046512,0.15028388798236847,0.0,-0.12117782,-0.00368107,-0.06946567
0.4642857142857143,0.5,0.3333333333333333,0.42424242424242425,0.6153846153846154,0.5869565217391305,0.0,0.0,0.38861184275173094,0.3886238092674124,0.8025919028039644,0.2105539336892382,0.12875269034079143,0.12875269034079143,0.8942708969116211,0.0,0.0,0.0,0.45550973713397974,0.42409608513116837,0.44017162919044495,0.6751478910446167,0.6751478910446167,0.0,0.5,0.0,0.6976744186046512,0.15004417300224304,0.0,-0.11900116,0.00760353,-0.05707129
0.4642857142857143,0.5,0.3333333333333333,0.42424242424242425,0.6153846153846154,0.5869565217391305,0.06786088645458221,0.06671367585659027,0.4517245627726013,0.4517381020303438,0.588765601810944,0.4115818809090285,0.13806549566132684,0.13806549566132684,0.9080777615308762,0.0,0.0,0.0,0.40443298816680906,0.42977580428123474,0.4443999119102955,0.6046435832977295,0.6046435832977295,0.0,0.5,0.0,0.6976744186046512,0.15477775037288666,0.0,-0.11882794,0.01525693,-0.05134889
0.4642857142857143,0.5,0.3333333333333333,0.42424242424242425,0.6153846153846154,0.5869565217391305,0.0,0.0,0.5469051857067567,0.5469186907744544,0.5633748778877476,0.43780499566302883,0.17136025109461378,0.17136025109461378,0.9208854623138905,0.0,0.0,0.0,0.4021604061126709,0.44216298311948776,0.45345982164144516,0.6100029349327087,0.6100029349327087,0.0,0.5,0.04739907756447792,0.7378192001217326,0.17505347728729248,0.0,-0.11772474,0.02334727,-0.04100651
0.4642857142857143,0.5,0.3333333333333333,0.42424242424242425,0.6153846153846154,0.5869565217391305,0.0,0.0,0.5462842688505782,0.546297696990675,0.6018686458667879,0.4003799344061387,0.1597831611122404,0.1597831611122404,0.9228843338787556,0.0,0.0,0.0,0.4109580248594284,0.44635220989584923,0.4567454680800438,0.6228195428848267,0.6228195428848267,0.04514619708061218,0.4819415211677551,0.045439351350069046,0.7461621460699758,0.17880789935588837,0.0,-0.1195505,0.02798942,-0.03082218
0.4642857142857143,0.5,0.3333333333333333,0.42424242424242425,0.6153846153846154,0.5869565217391305,0.0,0.0,0.5461972437898698,0.5462106348907514,0.6375960232422867,0.3657492710978255,0.15257877962929864,0.15257877962929864,0.9237857796251774,0.0,0.0,0.0,0.4158359318971634,0.44632500782608986,0.4567132629454136,0.6287100911140442,0.6287100911140442,0.0440983809530735,0.4823606476187706,0.04308614879846573,0.7490778229264325,0.17669908702373505,0.0,-0.12201543,0.03397024,-0.02144196
0.4642857142857143,0.5,0.3333333333333333,0.42424242424242425,0.6153846153846154,0.5869565217391305,0.0,0.0,0.5445879326267863,0.5446013294260087,0.6631734931902038,0.34091455707991736,0.15482690717492786,0.15482690717492786,0.9227579273283482,0.0,0.0,0.0,0.4371366947889328,0.44558529928326607,0.4558344930410385,0.6569243669509888,0.6569243669509888,0.04372101649641991,0.482511593401432,0.04139822721481323,0.7548163398060688,0.17410247027873993,0.0,-0.12837893,0.03932991,-0.01382146
0.4642857142857143,0.5,0.3333333333333333,0.42424242424242425,0.6153846153846154,0.5869565217391305,0.0,0.0,0.5372393836710695,0.5372528773420855,0.6706672672103969,0.3332471204254818,0.15718088618346623,0.15718088618346623,0.9222514405846596,0.0,0.0,0.0,0.44355502426624294,0.4443972259759903,0.4540528133511543,0.6647635698318481,0.6647635698318481,0.043618492782115936,0.49109423964742627,0.04027179256081581,0.7639661400990431,0.1726943701505661,0.0,-0.12202371,0.04183174,-0.01458476
0.4642857142857143,0.5,0.3333333333333333,0.42424242424242425,0.6153846153846154,0.5869565217391305,0.0,0.0,0.5315983624804772,0.5316112891665836,0.6878702161872821,0.3165935370885113,0.16036888850586756,0.16036888850586756,0.9213595166802406,0.0,0.0,0.0,0.4549091935157776,0.4424620531499386,0.45084480941295624,0.6768344044685364,0.6768344044685364,0.0436612106859684,0.4904714538937523,0.03954113647341728,0.7645543751328491,0.17499741911888123,0.0,-0.11756007,0.04243753,-0.01509096
0.4642857142857143,0.5,0.3333333333333333,0.42424242424242425,0.6153846153846154,0.5869565217391305,0.0,0.0,0.5326840018223167,0.5326968943183782,0.6993759868249838,0.30562190612410445,0.16192542122943063,0.16192542122943063,0.92049590498209,0.0,0.0,0.0,0.46974740028381345,0.43988102674484253,0.4477101154625416,0.6977128386497498,0.6977128386497498,0.04340118169784546,0.49083546797434485,0.03888179734349251,0.7660298027791256,0.1769419014453888,0.0,-0.11384735,0.0428475,-0.01806792
0.4642857142857143,0.5,0.3333333333333333,0.42424242424242425,0.6153846153846154,0.5869565217391305,0.0,0.0,0.53084679406642,0.5308597008083337,0.705086089001103,0.3001029718851674,0.16466549996818816,0.16466549996818816,0.9194417260587215,0.0,0.0,0.0,0.47757343053817747,0.4380270503461361,0.4454498700797558,0.7093664407730103,0.7093664407730103,0.04332943633198738,0.5071162046894194,0.03853195905685425,0.7729946882572285,0.1783849000930786,0.0,-0.11217671,0.04325075,-0.01896149
0.7408758174805414,0.7581507629818387,0.3333333333333333,0.42424242424242425,0.09908308942093813,0.0706549957754532,0.0,0.0,0.5169663709618622,0.5169794657490222,0.6445269379515493,0.35753880535844584,0.15618152916431427,0.15618152916431427,0.9233042486011982,0.0,0.0,0.0,0.47917896211147304,0.45146796479821205,0.45614099130034447,0.7108598351478577,0.7108598351478577,0.04395059868693352,0.5493338079679579,0.0387360081076622,0.7880749354182288,0.21527953445911407,0.0,-0.11617476,0.04194918,-0.01863364
0.7129379319293159,0.7320754031340281,0.3333333333333333,0.42424242424242425,0.1512338091165592,0.12280571547107427,0.0,0.0,0.5213320123078035,0.5213451099441339,0.6487569644847746,0.35349669870814626,0.15231951006821223,0.15231951006821223,0.9264798127114773,0.0,0.0,0.0,0.48200506567955015,0.45308123528957367,0.45785145834088326,0.713182806968689,0.713182806968689,0.04441329464316368,0.5536233555702936,0.03886127099394798,0.7905237701569879,0.2163819819688797,0.0,-0.1194983,0.04343086,-0.01697617
0.7421502126824289,0.7593401985036002,0.3333333333333333,0.42424242424242425,0.09670421837741494,0.06827612473193001,0.0,0.0,0.5191257244428302,0.5191388064087235,0.6521438303230825,0.3502460232149752,0.15136592090129852,0.15136592090129852,0.9279763288795948,0.0,0.0,0.0,0.48216611742973325,0.45451607182621956,0.4594006948173046,0.7136119604110718,0.7136119604110718,0.04422098398208618,0.5605579775477212,0.03843122348189354,0.7953919600262198,0.2143697291612625,0.0,-0.117866,0.05487333,-0.00512878
0.7733783367134276,0.7884864475991991,0.3333333333333333,0.42424242424242425,0.0384117201862173,0.009983626540732371,0.0,0.0,0.5510628490101539,0.5510755905001843,0.719170062537403,0.2874729414008493,0.1538075666342463,0.1538075666342463,0.9292958565056324,0.0,0.0,0.0,0.4720292866230011,0.45602016150951385,0.4612453207373619,0.7035818696022034,0.7035818696022034,0.04341691732406616,0.5611123835283612,0.03761644661426544,0.796222738748373,0.21133729815483093,0.0,-0.10712839,0.05559972,0.00598568
0.8290782386348361,0.840473022725847,0.3333333333333333,0.42424242424242425,-0.0655614300670786,-0.09398952371256353,0.0,0.0,0.5491455510743034,0.5491582241842441,0.7228547920460455,0.2841219523162226,0.15346514859369823,0.15346514859369823,0.9312135614454746,0.0,0.0,0.0,0.4604558199644088,0.4603666178882122,0.46581558510661125,0.6889315247535706,0.6889315247535706,0.04176937788724899,0.5698133252915881,0.03606047481298447,0.8,0.2037886530160904,0.0,-0.10449775,0.0582676,0.01653797
0.8331571654194878,0.8442800210581886,0.3333333333333333,0.42424242424242425,-0.0731754267317617,-0.10160352037724663,0.0,0.0,0.5515094906604541,0.5515221580720541,0.7230290473077311,0.2840361808904904,0.15218897589615413,0.15218897589615413,0.9324500411748886,0.0,0.0,0.0,0.46094043552875513,0.46200041845440865,0.4673098586499691,0.6894403100013733,0.6894403100013733,0.04078715294599533,0.5744495495917304,0.03508744761347771,0.8,0.20382142066955566,0.0,-0.10756949,0.05886788,0.01616262
0.8324120541413625,0.8435845838652717,0.3333333333333333,0.42424242424242425,-0.07178455234592795,-0.10021264599141289,0.0,0.0,0.5479538285709475,0.5479664959825475,0.7223325277149791,0.2846636821794642,0.15069360179560526,0.15069360179560526,0.9336381200700998,0.0,0.0,0.0,0.4616634368896484,0.4628950469195843,0.468144278973341,0.690207839012146,0.690207839012146,0.040155500173568726,0.5776566579228355,0.034433528780937195,0.8,0.20461121201515198,0.0,-0.10251237,0.0612305,0.01822243
0.8542469030334836,0.8639637761645846,0.3333333333333333,0.42424242424242425,-0.11254293694455397,-0.1409710305900389,0.52169269323349,0.48131316900253296,0.3328918822636796,0.3329041450930827,0.5070815923735926,0.49103459887426576,0.17816125814403808,0.17816125814403808,0.9344464726746082,0.0,0.0,0.0,0.45470001399517057,0.44768406078219414,0.4549878388643265,0.6589788198471069,0.6589788198471069,0.05359124764800072,0.502760890930418,0.04998309910297394,0.7698728061865929,0.20264947414398193,0.0,-0.10314647,0.05866529,0.019353
0.8549126656282515,0.8645851545863681,0.3333333333333333,0.42424242424242425,-0.11378569378812087,-0.1422137874336058,0.0,0.0,0.404713000439777,0.4047262034954122,0.5124556968704465,0.4839411845803894,0.1363466147865568,0.1363466147865568,0.9367439765483141,0.0,0.0,0.0,0.4834922909736633,0.45127129554748535,0.4558144323527813,0.7076379060745239,0.7076379060745239,0.054845571517944336,0.5295256470877027,0.05152678117156029,0.7777562897739022,0.1983041912317276,0.0,-0.1064366,0.05948233,0.01688974
0.8562182202225639,0.8658036722077264,0.3333333333333333,0.42424242424242425,-0.1162227290308373,-0.14465082267632223,0.0,0.0,0.4216202682108542,0.421633596629987,0.5221014549923673,0.47431826540839783,0.12259536023650851,0.12259536023650851,0.9387937374413013,0.0,0.0,0.0,0.4881828814744949,0.4596795551478863,0.46163539588451385,0.7149990797042847,0.7149990797042847,0.052639175206422806,0.5473801474722605,0.04884181544184685,0.7851771997331187,0.20053817331790924,0.0,-0.10586491,0.05908845,0.01656539
0.855983704328537,0.8655847907066345,0.3333333333333333,0.42424242424242425,-0.11578496602865362,-0.14421305967413856,0.0,0.0,0.4242036395045585,0.42421700781207694,0.5241940381650031,0.4722145291582298,0.1174522883125714,0.1174522883125714,0.9397516138851643,0.0,0.0,0.0,0.4870923608541488,0.46251658722758293,0.4644223488867283,0.7139105200767517,0.7139105200767517,0.0503031350672245,0.5530029350803012,0.046035364270210266,0.7877179590422054,0.2025974839925766,0.0,-0.10817692,0.0595617,0.01712658
0.8607429578190758,0.8700267606311374,0.3333333333333333,0.42424242424242425,-0.12466890587765944,-0.15309699952314437,0.35899055004119873,0.35764122009277344,0.32825418503289017,0.3282666416058805,0.5108577574587233,0.4865280204653006,0.11998288333415986,0.11998288333415986,0.9390643797814846,0.0,0.0,0.0,0.4795141458511352,0.44576092809438705,0.4509168900549412,0.6915454268455505,0.6915454268455505,0.052240319550037384,0.47910387217998507,0.05190421640872955,0.7477976871264536,0.18840448558330536,0.05728399846702814,-0.11732873,0.06655991,0.02015114
0.8707768675826845,0.8793917430771722,0.3333333333333333,0.42424242424242425,-0.1433988707697289,-0.17182696441521383,0.0,0.0,0.3962879750742283,0.39630116103484114,0.5144153406013722,0.48194616127601725,0.11755366942712239,0.11755366942712239,0.9395580533891916,0.0,0.0,0.0,0.48336159288883207,0.4498923830688,0.45243340730667114,0.7032923698425293,0.7032923698425293,0.0517473928630352,0.510091245174408,0.051237694919109344,0.7663036506016587,0.18601232767105103,0.04131397698074579,-0.10745221,0.06487918,0.03494507
0.8685176209324883,0.8772831128703223,0.3333333333333333,0.42424242424242425,-0.13918161035602927,-0.1676097040015142,0.0,0.0,0.4042299919784867,0.4042432007324627,0.5177854162785109,0.47859771365138765,0.11404924094676973,0.11404924094676973,0.9402179699391127,0.0,0.0,0.0,0.4842741221189499,0.45432861894369125,0.4562495946884155,0.7071434855461121,0.7071434855461121,0.049542952328920364,0.5266511066565438,0.0478183776140213,0.7742837045428365,0.18649280071258545,0.014298418536782265,-0.11291857,0.06612911,0.05552249
0.8684815743139811,0.8772494693597157,0.3333333333333333,0.42424242424242425,-0.1391143233348161,-0.16754241698030103,0.0,0.0,0.40770968948677894,0.40772291533577737,0.518275134536094,0.4780819283338117,0.11153664972100939,0.11153664972100939,0.9404146354645491,0.0,0.0,0.0,0.48545146882534024,0.4576895907521248,0.4594305418431759,0.7102278470993042,0.7102278470993042,0.04798901826143265,0.5430955787499745,0.045227523893117905,0.7806184866227383,0.19162142276763916,0.0,-0.0955904,0.06578238,0.08212424
0.8669017851352692,0.8757749994595845,0.3333333333333333,0.42424242424242425,-0.13616538353455365,-0.16459347718003858,0.0,0.0,0.4019575506505729,0.40197072521450417,0.5089256338646945,0.48747846952081364,0.11041864752769472,0.11041864752769472,0.9405460972338915,0.0,0.0,0.0,0.4885394901037216,0.4582274258136749,0.4599687308073044,0.7127705812454224,0.7127705812454224,0.04731239378452301,0.5303151721046084,0.044123657047748566,0.7755507814676262,0.19404727220535278,0.0014228187501430511,-0.09422567,0.06384831,0.09079529
0.8344755279166358,0.8455104927221935,0.3333333333333333,0.42424242424242425,-0.07563637005977142,-0.10406446370525635,0.3719017505645752,0.36243176460266113,0.3454368821065695,0.34544790269767806,0.33337746067667096,0.668073773561376,0.15692589538437982,0.15692589538437982,0.9308090507984161,0.0,0.0,0.0,0.45756527483463283,0.43963200226426125,0.44222594052553177,0.6633381247520447,0.6633381247520447,0.0512177012860775,0.479512919485569,0.050791770219802856,0.7362576227548511,0.18346351385116577,0.05126538686454296,-0.09294131,0.06737038,0.09377573
0.8229688689822242,0.8347709443834093,0.3333333333333333,0.42424242424242425,-0.05415727338220311,-0.08258536702768804,0.0,0.0,0.4159614624986229,0.41597301873376674,0.2849148956357179,0.7181047841143603,0.1309274562767574,0.1309274562767574,0.9331464506685734,0.0,0.0,0.0,0.4755278646945953,0.4506331756711006,0.45019406452775,0.6984816789627075,0.6984816789627075,0.04862235486507416,0.48055105805397036,0.046891577541828156,0.751935773810675,0.18286815285682678,0.08699005469679832,-0.09291294,0.07072464,0.09274698
0.8314762257394337,0.8427111440234714,0.3333333333333333,0.42424242424242425,-0.07003767266232741,-0.09846576630781234,0.0,0.0,0.4172588892238318,0.41727040557059003,0.27734649614439866,0.7261641982357948,0.1231467936720167,0.1231467936720167,0.9343568421900272,0.0,0.0,0.0,0.4806817501783371,0.4582001492381096,0.45812564343214035,0.7058073282241821,0.7058073282241821,0.04520299658179283,0.507014841314346,0.04278608411550522,0.7636403608634028,0.18963545560836792,0.08968338370323181,-0.07598874,0.06405043,0.08608383
0.8298206002939315,0.8411658936076694,0.3333333333333333,0.42424242424242425,-0.0669471718307234,-0.09537526547620834,0.0,0.0,0.41583328971899264,0.41584493142924844,0.31883302701362914,0.6826000637073084,0.118522723870618,0.118522723870618,0.9342843592166901,0.0,0.0,0.0,0.4685688644647598,0.4612338915467262,0.46148255839943886,0.6895133852958679,0.6895133852958679,0.043908268213272095,0.48243669271469114,0.041059449315071106,0.7488547408476819,0.18776154518127441,0.05028711166232824,-0.06967337,0.0620851,0.07380617
0.7720822372606823,0.7872767547766368,0.3333333333333333,0.42424242424242425,0.04083110583134186,0.012403012185856932,0.37798142433166504,0.3778258264064789,0.34121855996534883,0.34122919306928295,0.2914732528234303,0.712840018668498,0.12437901326588223,0.12437901326588223,0.9321839734911919,0.0,0.0,0.0,0.42137381732463836,0.44771770015358925,0.45039040967822075,0.6122202277183533,0.6122202277183533,0.0,0.5,0.0,0.6976744186046512,0.14799435436725616,0.10772705078125,-0.07691433,0.05877416,0.06267013
0.7437944671227819,0.760874835981263,0.3333333333333333,0.42424242424242425,0.09363494342208933,0.0652068497766044,0.0,0.0,0.41913233272888006,0.4191438148855935,0.283384868337365,0.7201667857165039,0.12146585221801486,0.12146585221801486,0.927936963737011,0.0,0.0,0.0,0.4552754819393158,0.44818663969635963,0.44934113323688507,0.6675989031791687,0.6675989031791687,0.0,0.5,0.0,0.6976744186046512,0.1402318775653839,0.12290916405618191,-0.08195078,0.05457153,0.0496352
0.6511828633291381,0.6744373391071955,0.3333333333333333,0.42424242424242425,0.26650993717022436,0.23808184352473943,0.06937786936759949,0.06900084018707275,0.41629396638268495,0.4163054827294432,0.28927123159113166,0.7137386128227245,0.11686335184744427,0.11686335184744427,0.925438117235899,0.0,0.0,0.0,0.44858282208442685,0.452494740486145,0.4522278718650341,0.6553214192390442,0.6553214192390442,0.0,0.5,0.0,0.6976744186046512,0.14182749390602112,0.12017394416034222,-0.09968198,0.04285454,0.03182327
0.4642857142857143,0.5,0.3333333333333333,0.42424242424242425,0.6153846153846154,0.5869565217391305,0.3114543855190277,0.3114476203918457,0.3321356668526994,0.3321470407409376,0.5491425480487013,0.44841520366381,0.11376590601035527,0.11376590601035527,0.9114341698586941,0.0,0.0,0.0,0.43419891893863677,0.42913680523633957,0.4333871528506279,0.6256927847862244,0.6256927847862244,0.0,0.5,0.0,0.6976744186046512,0.1114930585026741,0.11648841202259064,-0.09699741,0.01764608,-0.02270094
0.4642857142857143,0.5,0.3333333333333333,0.42424242424242425,0.6153846153846154,0.5869565217391305,0.11508872359991074,0.11453693360090256,0.39471848106748975,0.39473070970684804,0.5467580118097265,0.44947899271784914,0.1023689125265394,0.1023689125265394,0.9053031168878078,0.0,0.0,0.0,0.4472253561019897,0.4287183880805969,0.43227655440568924,0.6479722261428833,0.6479722261428833,0.0,0.5,0.0,0.6976744186046512,0.10079369693994522,0.10984404012560844,-0.10322236,-0.00411551,-0.06300056
0.4642857142857143,0.5,0.3333333333333333,0.42424242424242425,0.6153846153846154,0.5869565217391305,0.09501056373119354,0.09437628835439682,0.40287431111527217,0.4028866081347201,0.5344575591114693,0.46150904489926076,0.09619324335030148,0.09619324335030148,0.9071665406227112,0.0,0.0,0.0,0.39148939251899717,0.4407610520720482,0.4432249814271927,0.5667237639427185,0.5667237639427185,0.10197842866182327,0.45920862853527067,0.0,0.6976744186046512,0.09682850539684296,0.10077903047204018,-0.11656067,-0.0205199,-0.09428109
0.4642857142857143,0.5,0.3333333333333333,0.42424242424242425,0.6153846153846154,0.5869565217391305,0.9579262733459473,0.9574974775314331,0.3279798669067441,0.3279909786713055,0.5099513359211143,0.48811429038735643,0.09499466312783106,0.09499466312783106,0.9148832596838474,0.0,0.0,0.0,0.2384353220462799,0.4478535130620003,0.44984840601682663,0.34160315990448,0.34160315990448,0.10632134228944778,0.4574714630842209,0.11074584722518921,0.5796243804831838,0.09489227086305618,0.08536676876246929,-0.12848544,-0.03761585,-0.12275153
0.4642857142857143,0.5,0.3333333333333333,0.42424242424242425,0.6153846153846154,0.5869565217391305,0.16162997484207153,0.16039416193962097,0.3890050966470693,0.3890166414855315,0.4814543167901996,0.5147358644710166,0.0826224232358592,0.0826224232358592,0.9277840256690979,0.0,0.0,0.0,0.11322780326008795,0.4768536351621151,0.47757065668702126,0.16951559484004974,0.16951559484004974,0.10592169314622879,0.4576313227415085,0.10369162261486053,0.5895962930002878,0.058819837868213654,0.06750903557986021,-0.13964504,-0.05445833,-0.14868328
0.4642857142857143,0.5,0.3333333333333333,0.42424242424242425,0.6153846153846154,0.5869565217391305,0.06633824855089188,0.06496545672416687,0.4146514994236525,0.41466333487749557,0.44738994889231987,0.5483727271715901,0.062022334230797636,0.062022334230797636,0.9438589345663786,0.0,0.0,0.0,0.05894550122320651,0.48644660692662,0.4870448084548116,0.0,-0.0,0.08100412786006927,0.4675983488559723,0.07673580944538116,0.6008356220500414,0.04008382931351662,0.029922351241111755,-0.14525036,-0.06789762,-0.17784461
0.4642857142857143,0.5,0.3333333333333333,0.42424242424242425,0.6153846153846154,0.5869565217391305,0.0,0.0,0.4513522901680912,0.4513644447290191,0.416183139352452,0.5796164890269654,0.05557186901569367,0.05557186901569367,0.9513683896511793,0.0,0.0,0.0,0.04419197309762239,0.4894271930679679,0.48992480523884296,0.0,-0.0,0.07243838906288147,0.4710246443748474,0.06885502487421036,0.6097003852212152,0.035154566168785095,0.010246204910799861,-0.14608082,-0.07778697,-0.21574494
0.4642857142857143,0.5,0.3333333333333333,0.42424242424242425,0.6153846153846154,0.5869565217391305,0.0,0.0,0.4712107257906839,0.47122304845266544,0.3865215431891709,0.6095354251099767,0.053656697273254395,0.053656697273254395,0.9562535267323256,0.0,0.0,0.0,0.03766021244227886,0.4914468424394727,0.49199569039046764,0.0,-0.0,0.0692426934838295,0.4723029226064682,0.06577633321285248,0.612348739144414,0.0317932590842247,0.0,-0.14376036,-0.08050953,-0.23655514
0.4642857142857143,0.5,0.3333333333333333,0.42424242424242425,0.6153846153846154,0.5869565217391305,0.0,0.0,0.4734020768798332,0.47341448216775633,0.36888567986497456,0.6271835455652355,0.05254011335117477,0.05254011335117477,0.9583796467632055,0.0,0.0,0.0,0.03529227189719677,0.49275593692436814,0.4934696047566831,0.0,-0.0,0.07044661790132523,0.4718213528394699,0.06635962426662445,0.6163432293160017,0.029701165854930878,0.0,-0.14900534,-0.0872801,-0.27674058
0.4642857142857143,0.5,0.3333333333333333,0.42424242424242425,0.6153846153846154,0.5869565217391305,0.0,0.0,0.46697622036158926,0.46698848604016274,0.34326494811369856,0.653879890427712,0.053218246570655284,0.053218246570655284,0.9583718422800303,0.0,0.0,0.0,0.03858066517859697,0.49346131272614,0.49435965809971094,0.0,-0.0,0.08185636252164841,0.46725745499134064,0.07578974217176437,0.614685868454534,0.030007369816303253,0.0,-0.15049272,-0.08903661,-0.28648332
0.4642857142857143,0.5,0.3333333333333333,0.42424242424242425,0.6153846153846154,0.5869565217391305,0.4886217415332794,0.47768306732177734,0.3400207003489507,0.34003129926284004,0.5018833347562395,0.49720907023891614,0.07947779925806182,0.07947779925806182,0.9339930787682533,0.0,0.0,0.0,0.08030128665268421,0.4879858363419771,0.49143461138010025,0.12542933225631714,0.12542933225631714,0.11113470047712326,0.4555461198091507,0.1028306856751442,0.612359686299812,0.03936135768890381,0.0,-0.15401273,-0.08785056,-0.28152955
0.4642857142857143,0.5,0.3333333333333333,0.42424242424242425,0.6153846153846154,0.5869565217391305,0.06254474073648453,0.06203187629580498,0.4027204901036979,0.4027307699105024,0.7593344301840088,0.25072197106731964,0.07269749683993204,0.07269749683993204,0.9386314582079649,0.0,0.0,0.0,0.05096620321273804,0.48875655326992273,0.4914886085316539,0.0,-0.0,0.10821618884801865,0.45671352446079255,0.10280241072177887,0.6144387309634408,0.03852023929357529,0.0,-0.15521518,-0.07737347,-0.26307341
0.4642857142857143,0.5,0.3333333333333333,0.42424242424242425,0.6153846153846154,0.5869565217391305,0.014741658233106136,0.014694681391119957,0.41640546011879154,0.4164158709874345,0.7490013097030027,0.26042594913720124,0.06760539220912117,0.06760539220912117,0.9412044882774353,0.0,0.0,0.0,0.04700392466038465,0.49001064989715815,0.4921474838629365,0.0,-0.0,0.1015244647860527,0.4593902140855789,0.09820643067359924,0.6179467536682306,0.03649052977561951,0.0,-0.1712413,-0.0690737,-0.23584557
0.4642857142857143,0.5,0.3333333333333333,0.42424242424242425,0.6153846153846154,0.5869565217391305,0.0,0.0,0.42599292421432117,0.4260022125098263,0.7611936848204632,0.24926903092331865,0.06817051342555455,0.06817051342555455,0.9407765790820122,0.0,0.0,0.0,0.06261645890772342,0.4905780451372266,0.4922968219034374,0.10362217575311661,-0.0,0.09306158870458603,0.4627753645181656,0.0918598398566246,0.6203451007604599,0.03718896955251694,0.0,-0.15248565,-0.05068974,-0.16242743
0.4642857142857143,0.5,0.3333333333333333,0.42424242424242425,0.6153846153846154,0.5869565217391305,0.0,0.0,0.4298162088795328,0.42982541739826674,0.7690890323135638,0.24223452037829918,0.07527596450277738,0.07527596450277738,0.9386227242648602,0.0,0.0,0.0,0.1718878574669361,0.48018416576087475,0.4837140031158924,0.269810289144516,0.269810289144516,0.08975914865732193,0.4640963405370712,0.09056945145130157,0.6205376272284707,0.05585422366857529,0.0,-0.12479545,-0.0369598,-0.11433484
0.4642857142857143,0.5,0.3333333333333333,0.42424242424242425,0.6153846153846154,0.5869565217391305,0.8053929805755615,0.7722371220588684,0.34577016666332117,0.34577931819864716,0.4097495245432079,0.5898881101648799,0.09634054665054595,0.09634054665054595,0.9347642175853252,0.0,0.0,0.0,0.24345498383045194,0.45503560081124306,0.4639371708035469,0.3688104450702667,0.3688104450702667,0.08972339332103729,0.4641106426715851,0.0930497795343399,0.6209090923847155,0.09983829408884048,0.0,-0.11799311,-0.02793094,-0.09313651
0.6851343874420438,0.7061254282792409,0.3333333333333333,0.42424242424242425,0.2031337588261336,0.17470566518064867,0.0,0.0,0.4272919350782726,0.42730277332247557,0.3301388542693158,0.6668215289803759,0.10186854217733657,0.10186854217733657,0.9312995783984661,0.0,0.0,0.0,0.3538690283894539,0.45551393181085587,0.4634741023182869,0.5267912149429321,0.5267912149429321,0.09927167743444443,0.4602913290262222,0.0,0.6976744186046512,0.1537286937236786,0.0,-0.11073692,-0.01042721,-0.06057644
0.7362698596857843,0.7538518690400653,0.3333333333333333,0.42424242424242425,0.10768087730448472,0.07925278365899979,0.0,0.0,0.42159203293218667,0.4216028426846856,0.36945834032208236,0.6264799372365274,0.09943072284970965,0.09943072284970965,0.9318633526563644,0.0,0.0,0.0,0.3745266586542129,0.4604755640029907,0.46760523691773415,0.5657406449317932,0.5657406449317932,0.10286755114793777,0.4588529795408249,0.0,0.6976744186046512,0.1619700789451599,0.0,-0.11714829,0.00352568,-0.03785217
0.734340070613793,0.7520507325728734,0.3333333333333333,0.42424242424242425,0.11128315023886859,0.08285505659338366,0.0,0.0,0.4136259291413637,0.4136365337535938,0.39960673434328625,0.5964006982792809,0.09764751685517176,0.09764751685517176,0.9307526722550392,0.0,0.0,0.0,0.4089888334274292,0.4595678001642227,0.46795330569148064,0.6192985773086548,0.6192985773086548,0.0,0.5,0.0,0.6976744186046512,0.19573326408863068,0.0,-0.11687488,0.01242296,-0.01990264
0.7407092615252449,0.7579953107568953,0.3333333333333333,0.42424242424242425,0.09939399387082493,0.07096590022534,0.0,0.0,0.4126321897907877,0.412642760212973,0.4188209241024623,0.5770761786701069,0.09864816176039833,0.09864816176039833,0.9286969229578972,0.0,0.0,0.0,0.43542453944683074,0.45760058239102364,0.4669799730181694,0.6543173789978027,0.6543173789978027,0.0,0.5,0.0,0.6976744186046512,0.19829799234867096,0.0,-0.11829049,0.01811307,-0.01020676
0.7437875930752074,0.7608684202035267,0.3333333333333333,0.42424242424242425,0.09364777497756183,0.0652196813320769,0.0,0.0,0.4090248779402636,0.40903544836244893,0.4361205625260537,0.5593573977204804,0.10128833885703768,0.10128833885703768,0.9257899522781372,0.0,0.0,0.0,0.44691512286663054,0.4558240585029125,0.46545397117733955,0.6690362691879272,0.6690362691879272,0.0,0.5,0.0,0.6976744186046512,0.18868857622146606,0.0,-0.11677025,0.02580012,-0.0019995
0.7458491509868985,0.7627925409211053,0.3333333333333333,0.42424242424242425,0.08979953354240489,0.061371439896919955,0.0,0.0,0.41145206910930215,0.4114626965148955,0.45701201046402096,0.5382873135651908,0.10279630443879537,0.10279630443879537,0.9250550046563148,0.0,0.0,0.0,0.45497336387634274,0.45628494024276733,0.46520205214619637,0.6786175966262817,0.6786175966262817,0.0,0.5,0.0,0.6976744186046512,0.18611617386341095,0.0,-0.11843843,0.03297019,0.00391231
0.7455223099816413,0.7624874893161986,0.3333333333333333,0.42424242424242425,0.09040963675221836,0.06198154310673343,0.0,0.0,0.4137515319692929,0.41376218216824945,0.47219856450936076,0.5230455525695885,0.10505765676498413,0.10505765676498413,0.9246398471295834,0.0,0.0,0.0,0.46074252128601073,0.4571690857410431,0.46493497863411903,0.6864392757415771,0.6864392757415771,0.0,0.5,0.0,0.6976744186046512,0.18571528792381287,0.0,-0.11631048,0.03968725,0.00939235
0.7469663744171461,0.7638352827893363,0.3333333333333333,0.42424242424242425,0.08771404980594277,0.05928595616045784,0.0,0.0,0.41531035868205257,0.4153210145793499,0.48415076026041237,0.5110689052381611,0.10376915335655212,0.10376915335655212,0.9252770133316517,0.0,0.0,0.0,0.47132942080497736,0.45806246623396873,0.46490801498293877,0.7023004293441772,0.7023004293441772,0.0,0.5,0.0,0.6976744186046512,0.18477173149585724,0.0,-0.11981118,0.04744756,0.01736172
0.7472238008465086,0.7640755474567413,0.3333333333333333,0.42424242424242425,0.08723352047113275,0.05880542682564782,0.0,0.0,0.4176260162265989,0.4176367120122818,0.49219262919052154,0.5030222497017793,0.1032009135399546,0.1032009135399546,0.925695288926363,0.0,0.0,0.0,0.4733544379472732,0.45854920521378517,0.46458661928772926,0.7042116522789001,0.7042116522789001,0.0,0.5,0.0,0.6976744186046512,0.18264079093933105,0.0,-0.11858145,0.05248439,0.02700472
0.7467567470102083,0.7636396305428611,0.3333333333333333,0.42424242424242425,0.08810535429889321,0.05967726065340828,0.0,0.0,0.41789274416279837,0.41790344564682214,0.5013368806123277,0.49397321043182696,0.10427698493003845,0.10427698493003845,0.9247587472200394,0.0,0.0,0.0,0.47738957703113555,0.45818107947707176,0.46356794983148575,0.7086067199707031,0.7086067199707031,0.0,0.5,0.0,0.6976744186046512,0.17837221920490265,0.0,-0.12203744,0.05629951,0.03379058
0.7418426633590743,0.7590531524684694,0.3333333333333333,0.42424242424242425,0.09727831044767665,0.06885021680219172,0.0,0.0,0.42338164814571577,0.42339241800982913,0.509732942023879,0.4856250442869982,0.10314777493476868,0.10314777493476868,0.925046481192112,0.0,0.0,0.0,0.4809180289506912,0.45807475969195366,0.4628894366323948,0.712368369102478,0.712368369102478,0.0,0.5,0.0,0.6976744186046512,0.17346824705600739,0.0,-0.12649906,0.05965101,0.03414999
0.7283743109021867,0.7464826901753743,0.3333333333333333,0.42424242424242425,0.12241923503386676,0.09399114138838183,0.0,0.0,0.42593076671286706,0.4259415593703436,0.5231108776014121,0.47238354194637877,0.10246232151985168,0.10246232151985168,0.9246563613414764,0.0,0.0,0.0,0.48569160699844355,0.4575463868677616,0.46183376386761665,0.7178004384040833,0.7178004384040833,0.054692886769771576,0.47812284529209137,0.047967080026865005,0.7406286743664464,0.16952620446681976,0.0,-0.12934224,0.0616303,0.03739865
0.722191473203046,0.7407120416561762,0.3333333333333333,0.42424242424242425,0.13396053207226294,0.10553243842677801,0.0,0.0,0.4273191503539368,0.42732998859813975,0.529896601436243,0.4656358744805853,0.10215692754302706,0.10215692754302706,0.9237577393651009,0.0,0.0,0.0,0.48870120942592615,0.4562375955283642,0.4601743556559086,0.7215129137039185,0.7215129137039185,0.05367745831608772,0.4785290166735649,0.04724632203578949,0.7429988714758047,0.16216754913330078,0.0,-0.12730222,0.05913996,0.04129434
0.7202849317164648,0.7389326029353671,0.3333333333333333,0.42424242424242425,0.13751940951388109,0.10909131586839615,0.0,0.0,0.42695490101327405,0.42696565948070575,0.4807526886349198,0.514722068787938,0.103638656437397,0.103638656437397,0.923359502106905,0.0,0.0,0.0,0.49178827106952666,0.45500997453927994,0.45860613882541656,0.7238321304321289,0.7238321304321289,0.052631981670856476,0.4789472073316574,0.04664941504597664,0.7448429293757262,0.15569040179252625,0.0,-0.13741504,0.05757807,0.05685888
0.720367846034822,0.7390099896325005,0.3333333333333333,0.42424242424242425,0.13736463611961436,0.10893654247412943,0.0,0.0,0.42866796471648644,0.42867862631212456,0.42867856363037576,0.5675726026986748,0.11246327842984881,0.11246327842984881,0.9216463267803192,0.0,0.0,0.0,0.49425586760044093,0.4528942182660103,0.45560960471630096,0.7261339426040649,0.7261339426040649,0.051047325134277344,0.4795810699462891,0.045549362897872925,0.7490110250059948,0.14667373895645142,0.0,-0.13389521,0.04950591,0.09697988
0.7299026289866084,0.7479091203875012,0.3333333333333333,0.42424242424242425,0.11956637460961306,0.09113828096412813,0.0,0.0,0.42865689853865147,0.4286675544359488,0.42843412760338867,0.5678536990012033,0.11709954057421004,0.11709954057421004,0.919702660292387,0.0,0.0,0.0,0.49274815618991846,0.4521491602063179,0.4544844441115856,0.7240273356437683,0.7240273356437683,0.04991862177848816,0.48390121261278785,0.044697683304548264,0.7521486689531526,0.13794907927513123,0.0,-0.13112382,0.05031784,0.11032033
0.7500729560852051,0.7667347590128581,0.3333333333333333,0.42424242424242425,0.08191509735889924,0.053487003713414305,0.0,0.0,0.4261997625887052,0.42620986004860406,0.294107595775597,0.7079839838115887,0.12335278093814851,0.12335278093814851,0.9180318526923656,0.0,0.0,0.0,0.4938354432582855,0.4530918411910534,0.45507706701755524,0.725460410118103,0.725460410118103,0.04866870492696762,0.5146467430250985,0.04361151531338692,0.7644211227983929,0.13070499897003174,0.0,-0.1314286,0.04692339,0.10267696
0.7613333023729778,0.7772444155481126,0.3333333333333333,0.42424242424242425,0.06089578428839015,0.03246769064290522,0.0,0.0,0.4239051376200543,0.42391528636502035,0.31711670955781956,0.6839130753946072,0.12749371784073968,0.12749371784073968,0.9151484109461308,0.0,0.0,0.0,0.4936276197433471,0.4538840837776661,0.45560505613684654,0.7229393720626831,0.7229393720626831,0.04687562957406044,0.5157203243838416,0.042092546820640564,0.7650215663882189,0.12696629762649536,0.0,-0.11339749,0.04072893,0.09776145
0.7635230457498914,0.779288176033232,0.3333333333333333,0.42424242424242425,0.056808263318151586,0.028380169672666655,0.0,0.0,0.4270745946617929,0.42708479469182614,0.3248062101878354,0.675879155649915,0.1293511422617095,0.1293511422617095,0.9129084497690201,0.0,0.0,0.0,0.4931401044130325,0.45433542132377625,0.45577556267380714,0.7209430932998657,0.7209430932998657,0.04597610980272293,0.48941401545963586,0.04147976264357567,0.7557570236886657,0.1245109885931015,0.0,-0.10751603,0.03704467,0.08517174
0.7604621077577274,0.7764313005738788,0.3333333333333333,0.42424242424242425,0.06252201423685777,0.03409392059137284,0.0,0.0,0.43115042979129187,0.4311606013296211,0.3102563061176249,0.6912832751961963,0.1331086829304695,0.1331086829304695,0.9098013900220394,0.0,0.0,0.0,0.495679360628128,0.4530234858393669,0.4542434848845005,0.7225281596183777,0.7225281596183777,0.04482739791274071,0.4820690408349037,0.04069884121417999,0.7506328314369501,0.12260878086090088,0.013245883164927363,-0.11566584,0.03785098,0.06989343
0.7277287535724186,0.745880170000924,0.3333333333333333,0.42424242424242425,0.12362427538276743,0.0951961817372825,0.5483942627906799,0.5482046604156494,0.30973701632045647,0.3097459855088768,0.5488918495451743,0.44920100486022746,0.13840946768011367,0.13840946768011367,0.9100806266069412,0.0,0.0,0.0,0.47956740558147426,0.4361209571361542,0.4409134313464165,0.6893520355224609,0.6893520355224609,0.048258353024721146,0.48069665879011153,0.0,0.6976744186046512,0.1124766543507576,0.07073351182043552,-0.12108464,0.03423091,0.0567755
0.7059992949167888,0.7255993419223361,0.3333333333333333,0.42424242424242425,0.1641859315399431,0.13575783789445817,0.05122240632772446,0.05033726245164871,0.403224690694426,0.40323516424481776,0.5487119928144816,0.4474546571483981,0.13544426964862008,0.13544426964862008,0.912997666746378,0.0,0.0,0.0,0.48436149060726164,0.4425574541091919,0.44454482942819595,0.7068145871162415,0.7068145871162415,0.05217425152659416,0.48588465177823625,0.05471137538552284,0.7511386756113796,0.10526669770479202,0.031048054806888103,-0.11956475,0.03112658,0.04653164
0.7103436575049445,0.7296540803379483,0.3333333333333333,0.42424242424242425,0.1560764547087189,0.12764836106323396,0.0,0.0,0.420952661999325,0.4209633805783711,0.5415005202958962,0.4543460595625486,0.1275194117001125,0.1275194117001125,0.9151210635900497,0.0,0.0,0.0,0.49171521365642545,0.44453445076942444,0.44669272378087044,0.7219050526618958,0.7219050526618958,0.050989780575037,0.527821084336629,0.05178278684616089,0.772282289730948,0.10602767765522003,0.0,-0.11575807,0.02642517,0.03002238
0.7151938701669376,0.7341809454891417,0.3333333333333333,0.42424242424242425,0.14702272440633207,0.11859463076084714,0.0,0.0,0.42392742952926665,0.42393817660001676,0.5319817553970599,0.4636759814472494,0.12447856898818697,0.12447856898818697,0.916641641408205,0.0,0.0,0.0,0.49070054590702056,0.4470786973834038,0.4493437595665455,0.7218204736709595,0.7218204736709595,0.050030335783958435,0.5387257304456499,0.048859819769859314,0.775910522788763,0.10948018729686737,0.0,-0.12208406,0.02089615,0.00926186
0.7183129049482799,0.7370920446183946,0.3333333333333333,0.42424242424242425,0.14120052614782613,0.1127724325023412,0.0,0.0,0.42108942217854195,0.42110014645592886,0.5196103213166188,0.4759220007450079,0.12579530477523804,0.12579530477523804,0.9158686511218548,0.0,0.0,0.0,0.48970832526683805,0.44717390462756157,0.44957083091139793,0.7212938666343689,0.7212938666343689,0.04955589398741722,0.5268895961935558,0.04704919457435608,0.7707218245364899,0.11173585057258606,0.0,-0.1273736,0.01801988,-0.01711499
0.719353121306215,0.738062913219134,0.3333333333333333,0.42424242424242425,0.1392587889463474,0.11083069530086248,0.0,0.0,0.41822394312681704,0.41823462751581836,0.508735394757063,0.48669156854462164,0.13132507247584208,0.13132507247584208,0.9132451675832272,0.0,0.0,0.0,0.48884963989257807,0.44556204974651337,0.4484318383038044,0.7205155491828918,0.7205155491828918,0.049731262028217316,0.5249165878409431,0.04638472944498062,0.7694002765035907,0.11410801857709885,0.0,-0.12601995,0.01548037,-0.03054843
0.7184845787428674,0.7372522734933429,0.3333333333333333,0.42424242424242425,0.14088006839792955,0.11245197475244462,0.0,0.0,0.4167144070619835,0.4167250914509848,0.48836063247451816,0.506909583717591,0.1393320943628039,0.1393320943628039,0.9104024432599545,0.0,0.0,0.0,0.4893446236848831,0.4389705955982208,0.4437801092863083,0.7205998301506042,0.7205998301506042,0.050076525658369064,0.5190181997087266,0.04626353830099106,0.7660436894484731,0.13530908524990082,0.0,-0.12437709,0.0140612,-0.04637827
0.7188805771015939,0.7376218719614877,0.3333333333333333,0.42424242424242425,0.14014087146164012,0.11171277781615518,0.0,0.0,0.4215893718070327,0.42160014167114607,0.46895536239014984,0.5261171918931422,0.14418808477265496,0.14418808477265496,0.9110725820064545,0.0,0.0,0.0,0.49929787218570704,0.431760236620903,0.4390423968434334,0.7340344190597534,0.7340344190597534,0.049584511667490005,0.545075481846219,0.04548362269997597,0.7789068898662579,0.17543385922908783,0.0,-0.12766006,0.00649031,-0.07332337
0.7102018747301329,0.729521749748124,0.3333333333333333,0.42424242424242425,0.1563411158883674,0.12791302224288248,0.0,0.0,0.4205776256995265,0.4205883727702766,0.4571494886341788,0.5380161323756556,0.1554594188928604,0.1554594188928604,0.9106525629758835,0.0,0.0,0.0,0.5156477123498916,0.42535117268562317,0.43332502245903015,0.7571206092834473,0.7571206092834473,0.04855458438396454,0.6031746031746031,0.04435168579220772,0.8,0.1933489888906479,0.0,-0.12385145,0.00025335,-0.09941778
0.7075552599770683,0.7270515759785969,0.3333333333333333,0.42424242424242425,0.16128146342742145,0.13285336978193651,0.0,0.0,0.41844881105149456,0.41845953532888147,0.4416727522819038,0.553463113951074,0.15897303819656372,0.15897303819656372,0.9105611629784107,0.0,0.0,0.0,0.5175557792186737,0.42318495362997055,0.4319644346833229,0.7605661749839783,0.7605661749839783,0.047566723078489304,0.5801489599167354,0.04333387687802315,0.7954332371090734,0.2152673304080963,0.0,-0.13407415,-0.01802349,-0.15024741
0.7057643710147767,0.7253800796137916,0.3333333333333333,0.42424242424242425,0.1646244561570323,0.13619636251154738,0.0,0.0,0.41538189565246464,0.4153926256281924,0.4156795826742344,0.5796130643241442,0.16114890043224608,0.16114890043224608,0.9108913466334343,0.0,0.0,0.0,0.5115326523780822,0.42004355788230896,0.4325440675020218,0.7583576440811157,0.7583576440811157,0.04719443991780281,0.5711571261996314,0.04292317479848862,0.8,0.2204533964395523,0.0,-0.13508471,-0.02299813,-0.19295837
0.7024356910870189,0.7222733116812177,0.3333333333333333,0.42424242424242425,0.1708379920221802,0.14240989837669527,0.0,0.0,0.41222470713847,0.4122353858291305,0.391918931818829,0.6036133389577305,0.16251646514449802,0.16251646514449802,0.9102591089904308,0.0,0.0,0.0,0.5057189762592316,0.4169114977121353,0.4331446662545204,0.7540817260742188,0.7540817260742188,0.04843303933739662,0.5042312925770169,0.0442383848130703,0.7740920223295689,0.23385737836360931,0.0,-0.13511468,-0.0281697,-0.2283705
0.6474425654326167,0.6709463944037756,0.3333333333333333,0.42424242424242425,0.27349182657706433,0.2450637329315794,0.8659010529518127,0.8526736497879028,0.32546771917470785,0.32547684791667053,0.416159063862569,0.5821213884695032,0.1878301426768303,0.1878301426768303,0.9041547738015652,0.0,0.0,0.0,0.4408082783222198,0.3934016227722168,0.4157002791762352,0.6448538899421692,0.6448538899421692,0.06631848216056824,0.4734726071357727,0.0,0.6976744186046512,0.21526488661766052,0.0,-0.1449048,-0.04381683,-0.27066767
0.6306196068014418,0.6552449663480123,0.3333333333333333,0.42424242424242425,0.3048946826885908,0.2764665890431059,0.07541508227586746,0.07364439219236374,0.4385608256888891,0.43857080348363114,0.6866974520637702,0.31800401319686533,0.1971644482442311,0.1971644482442311,0.9066536538302898,0.0,0.0,0.0,0.4614986717700958,0.41349056363105774,0.4336343854665756,0.6867946982383728,0.6867946982383728,0.0,0.5,0.0668102353811264,0.7420438391611327,0.22352643311023712,0.0,-0.16568637,-0.05771828,-0.29172802
0.6626396299827667,0.6851303213172488,0.3333333333333333,0.42424242424242425,0.24512397275011766,0.21669587910463273,0.0,0.0,0.4544943040005336,0.4545043587228764,0.7003976993305505,0.3052448355166401,0.19473836890288762,0.19473836890288762,0.9086072035133839,0.0,0.0,0.0,0.4602041661739349,0.42555544525384903,0.4423011280596256,0.6851199865341187,0.6851199865341187,0.0,0.5,0.0626334697008133,0.7451293011044348,0.2520696520805359,0.0,-0.15991774,-0.0713002,-0.32149163
0.6416859186830974,0.6655735241042243,0.3333333333333333,0.42424242424242425,0.2842375671761668,0.2558094735306819,0.0,0.0,0.5288401319009624,0.528851337688147,0.45823768368186735,0.5404680158799688,0.1929592766932079,0.1929592766932079,0.9151166938245296,0.0,0.0,0.0,0.4231311589479446,0.43438874930143356,0.44787152111530304,0.6305652260780334,0.6305652260780334,0.05401322618126869,0.5339761508835686,0.0593804232776165,0.784726879711068,0.27046844363212585,0.0,-0.17115861,-0.08067398,-0.3439568
0.6380631891744477,0.6621923098961512,0.3333333333333333,0.42424242424242425,0.290999995592313,0.26257190194682806,0.0,0.0,0.5428045542472635,0.5428158740012641,0.4299547754327836,0.5689981865330768,0.18836957003389088,0.18836957003389088,0.922309260815382,0.0,0.0,0.0,0.4075292289257049,0.4458216689527035,0.4568990580737591,0.6116048097610474,0.6116048097610474,0.05274646356701851,0.5501315641024755,0.05883019417524338,0.7941697754485663,0.31164225935935974,0.0,-0.17810478,-0.09138321,-0.36417744
0.6392860157149178,0.6633336146672567,0.3333333333333333,0.42424242424242425,0.28871738605010205,0.2602892924046171,0.0,0.0,0.5421627729162432,0.5421741069160957,0.4256715719832061,0.5731882363564147,0.17721220318760192,0.17721220318760192,0.9243414215743542,0.0,0.0,0.0,0.4032273113727569,0.44730763882398605,0.45826564356684685,0.605276882648468,0.605276882648468,0.05156228318810463,0.5413281354639266,0.058629587292671204,0.7883788653930952,0.32081255316734314,0.0,-0.18565403,-0.09462011,-0.37642527
0.6504693726698558,0.6737714144918654,0.3333333333333333,0.42424242424242425,0.2678417864008847,0.23941369275539975,0.0,0.0,0.5430430440556251,0.5430551900690418,0.39765492725554663,0.6010300645358198,0.17259994787829264,0.17259994787829264,0.9258903190493584,0.0,0.0,0.0,0.4037740737199783,0.4499848112463951,0.45973341912031174,0.6051376461982727,0.6051376461982727,0.050201985985040665,0.54848042083165,0.05818862468004227,0.7893833851571693,0.30772078037261963,0.0,-0.18631102,-0.09618179,-0.3793762
0.6444267300622804,0.668131614724795,0.3333333333333333,0.42424242424242425,0.2791213859350254,0.25069329228954046,0.0,0.0,0.5400642933854637,0.5400764821364364,0.3927511175093642,0.6056985499019554,0.16866351876940047,0.16866351876940047,0.9266353622078896,0.0,0.0,0.0,0.40829263925552367,0.45077260211110115,0.4600022882223129,0.6091784834861755,0.6091784834861755,0.049031998962163925,0.5475735432571834,0.05804051458835602,0.7888548639278079,0.3077962100505829,0.0,-0.18812927,-0.09844547,-0.38346195
0.6376314014196396,0.6617893079916636,0.3333333333333333,0.42424242424242425,0.2918059994012882,0.2633779057558033,0.0,0.0,0.5389684939019767,0.538980679803779,0.39189583074522294,0.6064794049385578,0.16494726496083398,0.16494726496083398,0.9271842502057552,0.0,0.0,0.0,0.4076733827590942,0.4512806423008442,0.46020372211933136,0.6082710027694702,0.6082710027694702,0.04817526787519455,0.5420077703301869,0.05799371004104614,0.7867804849736912,0.31027597188949585,0.0,-0.18640384,-0.09634151,-0.38635123
0.641192424155417,0.6651129292117225,0.3333333333333333,0.42424242424242425,0.2851587569611705,0.25673066331568556,0.0,0.0,0.5479232455758702,0.5479355938803854,0.36962742149032096,0.62886943957951,0.16143406608275007,0.16143406608275007,0.9286422580480576,0.0,0.0,0.0,0.4079446256160736,0.45237475261092186,0.46080735325813293,0.6083176136016846,0.6083176136016846,0.04711170122027397,0.5461373314971015,0.05744478106498718,0.7881005914058796,0.31577324867248535,0.0,-0.18446432,-0.09584083,-0.38995585
0.638349459994407,0.6624594959947798,0.3333333333333333,0.42424242424242425,0.2904656233950558,0.2620375297495709,0.0,0.0,0.5514307566856107,0.5514431220851482,0.3662988382817226,0.6322760615653741,0.16049919383866448,0.16049919383866448,0.9298555366694927,0.0,0.0,0.0,0.40268230140209194,0.4538385160267353,0.4617047682404518,0.5997488498687744,0.5997488498687744,0.04644165560603142,0.5469759475617182,0.05713792145252228,0.788377913711376,0.32209983468055725,0.0,-0.1864202,-0.0954596,-0.39794329
0.6398945418851716,0.6639015724261602,0.3333333333333333,0.42424242424242425,0.28758147053229505,0.2591533768868101,0.0,0.0,0.554887808987561,0.5549002256721657,0.3664960806501983,0.6321911277957395,0.15957389559064594,0.15957389559064594,0.9304197691380978,0.0,0.0,0.0,0.4018630862236023,0.454684529453516,0.4622494801878929,0.598550021648407,0.598550021648407,0.045877523720264435,0.5484031476671734,0.056635014712810516,0.7890898054249065,0.32406342029571533,0.0,-0.17768817,-0.09151435,-0.39128369
0.6397031684006964,0.6637229571739832,0.3333333333333333,0.42424242424242425,0.2879387010366489,0.259510607391164,0.0,0.0,0.5525988424713252,0.5526112249658851,0.3656686131858461,0.6329917617732612,0.1558958526168551,0.1558958526168551,0.9308674745261669,0.0,0.0,0.0,0.4030393898487091,0.454634677618742,0.46193715929985046,0.6000269651412964,0.6000269651412964,0.04492079094052315,0.5421331884369017,0.056036099791526794,0.7866001553660216,0.32875704765319824,0.0,-0.16987222,-0.09127543,-0.37281209
0.6737566679006531,0.6955062233739429,0.3333333333333333,0.42424242424242425,0.2243721686367296,0.19594407499124467,0.0,0.0,0.5822535436422374,0.5822659090417749,0.390480374287009,0.6091738084027639,0.151330190045493,0.151330190045493,0.9320583529770374,0.0,0.0,0.0,0.38115537762641905,0.4584801234304905,0.4650351144373417,0.5710752010345459,0.5710752010345459,0.043960779905319214,0.5521556976295653,0.054714761674404144,0.7906521233015282,0.3717002868652344,0.0,-0.15184811,-0.08165232,-0.33209035
0.6816660712162654,0.702888333135181,0.3333333333333333,0.42424242424242425,0.2096079491142534,0.18117985546876847,0.0,0.0,0.5879552407656755,0.5879675890701906,0.3928827491818605,0.6070335115980185,0.14911494084766932,0.14911494084766932,0.9327548444271088,0.0,0.0,0.0,0.3658500164747238,0.46034540981054306,0.46723825857043266,0.5499442219734192,0.5499442219734192,0.043119028210639954,0.5668666324918232,0.05309096723794937,0.7981972474344942,0.3742850720882416,0.0,-0.14374093,-0.06807222,-0.28821462
0.7211691914569764,0.7397579120265113,0.3333333333333333,0.42424242424242425,0.13586879133159285,0.10744069768610792,0.0,0.0,0.5700750667779897,0.5700872498306216,0.410936118539843,0.5887026472888937,0.14233043683426722,0.14233043683426722,0.9345705583691597,0.0,0.0,0.0,0.3598799720406532,0.4621502310037613,0.46941488794982433,0.5429156422615051,0.5429156422615051,0.04197473078966141,0.5683320316057356,0.05055820196866989,0.7988950497535772,0.3734646439552307,0.0,-0.13212132,-0.04993724,-0.21951482
0.7128216673930486,0.7319668895668454,0.3333333333333333,0.42424242424242425,0.1514508362509247,0.12302274260543977,0.0,0.0,0.5799186655941703,0.5799279595880162,0.44678011245982824,0.553200736876149,0.14180298894643784,0.14180298894643784,0.9358340688049793,0.0,0.0,0.0,0.3942629247903824,0.4640234038233757,0.4710194803774357,0.5915516018867493,0.5915516018867493,0.04115377739071846,0.5871235548503815,0.047875408083200455,0.8,0.33355534076690674,0.0,-0.10465299,-0.03984562,-0.14675084
0.6884925326421147,0.7092596971326404,0.3333333333333333,0.42424242424242425,0.19686522111933458,0.16843712747384965,0.0,0.0,0.5867985915499481,0.5868077031968885,0.5362787630772271,0.4656286660794724,0.15940386269773757,0.15940386269773757,0.9354222882539034,0.0,0.0,0.0,0.4067646503448486,0.4647054076194763,0.4713961072266102,0.6092503070831299,0.6092503070831299,0.039786018431186676,0.586637516816457,0.044059623032808304,0.8,0.30724433064460754,0.0,-0.07813443,-0.01983533,-0.09054657
0.6919205004260653,0.7124591337309943,0.3333333333333333,0.42424242424242425,0.1904663479226268,0.16203825427714186,0.0,0.0,0.5610172235715002,0.5610261756648981,0.6236855413900051,0.3795264117753706,0.16409405108009067,0.16409405108009067,0.9342974126338959,0.0,0.0,0.0,0.4639716297388076,0.45947692915797234,0.46546826511621475,0.6792809963226318,0.6792809963226318,0.037643518298864365,0.590620668161483,0.03837718442082405,0.8,0.28421521186828613,0.0,-0.07550793,-0.01284934,-0.0824427
0.6932829189158621,0.7137307243214713,0.3333333333333333,0.42424242424242425,0.1879231667416728,0.15949507309618788,0.0,0.0,0.5406853754935256,0.5406942079217667,0.637430691582295,0.3656519206435862,0.16162684453385218,0.16162684453385218,0.9328650683164597,0.0,0.0,0.0,0.47953104376792904,0.45508528500795364,0.46031202003359795,0.7012156844139099,0.7012156844139099,0.035684987902641296,0.5929444924233451,0.03480681777000427,0.8,0.28472447395324707,0.0,-0.07242977,-0.00499069,-0.07637829
0.6969979469265257,0.7171980837980906,0.3333333333333333,0.42424242424242425,0.1809884477884342,0.15256035414294927,0.0,0.0,0.5188547241756155,0.5188633471898322,0.663162563772548,0.3405780358655909,0.15064249613455363,0.15064249613455363,0.9312063623219728,0.0,0.0,0.0,0.48929203152656553,0.45148584246635437,0.45609544590115547,0.7109647393226624,0.7109647393226624,0.03378244861960411,0.5904077944301424,0.03167356923222542,0.8,0.2744477093219757,0.05732954479753971,-0.07021213,0.00168685,-0.06955456
0.6955750545575505,0.7158700509203805,0.3333333333333333,0.42424242424242425,0.18364451354385447,0.15521641989836954,0.0,0.0,0.5164185111085042,0.5164271198768688,0.6746563109111603,0.32944726163930194,0.14676421880722046,0.14676421880722046,0.9302772581577301,0.0,0.0,0.0,0.49232449829578395,0.44954343885183334,0.45409736782312393,0.7142866849899292,0.7142866849899292,0.03300975263118744,0.585633911783733,0.030232850462198257,0.8,0.27436673641204834,0.08984033949673176,-0.07126428,0.00512721,-0.0590075
0.6938060738501095,0.7142190022601022,0.3333333333333333,0.42424242424242425,0.1869466108644111,0.15851851721892618,0.0,0.0,0.5153175489282517,0.5153261448753496,0.6810829452529237,0.323264539077172,0.14478672827993122,0.14478672827993122,0.929974589496851,0.0,0.0,0.0,0.4919593155384063,0.4483841843903065,0.45293478667736053,0.7132141590118408,0.7132141590118408,0.03284137323498726,0.5820594543502444,0.029617486521601677,0.8,0.2811681628227234,0.11755703017115593,-0.07640802,0.01047448,-0.05007462
0.6849243697665987,0.7059294117821587,0.3333333333333333,0.42424242424242425,0.20352579182029795,0.17509769817481302,0.0,0.0,0.5171190309364982,0.5171276482523741,0.6879743248737109,0.31661252396005923,0.14346292508499964,0.14346292508499964,0.9300122708082199,0.0,0.0,0.0,0.48958190381526945,0.44733206555247307,0.45180967822670937,0.709124743938446,0.709124743938446,0.0330335758626461,0.5745362128530229,0.029267005622386932,0.8,0.2852868437767029,0.16228724271059036,-0.07885182,0.01290876,-0.04403964
0.6752491611100379,0.6968992170360353,0.3333333333333333,0.42424242424242425,0.22158618131254476,0.19315808766705983,0.0,0.0,0.5176850684970105,0.5176937000587383,0.693181115400267,0.3115381058903037,0.14420946261712483,0.14420946261712483,0.9297669604420662,0.0,0.0,0.0,0.4916315376758575,0.44625863432884216,0.45059704408049583,0.712084949016571,0.712084949016571,0.03343570604920387,0.5729891648368229,0.029376864433288574,0.8,0.287444531917572,0.18859786912798882,-0.08162652,0.01360086,-0.03438272
0.6672309881874493,0.6894155889749527,0.3333333333333333,0.42424242424242425,0.23655343743471002,0.2081253437892251,0.0,0.0,0.5234581131210291,0.5234668002415798,0.7013187107574871,0.30372602255298303,0.147380248776504,0.147380248776504,0.9287306554615498,0.0,0.0,0.0,0.49645013511180874,0.4440932348370552,0.4476291313767433,0.7177637815475464,0.7177637815475464,0.03392460197210312,0.5712538891368442,0.029556894674897194,0.8,0.29089227318763733,0.2527076192200184,-0.08414716,0.01784545,-0.02271434
0.6585694576303165,0.6813314937882953,0.3333333333333333,0.42424242424242425,0.25272162780802476,0.22429353416253983,0.0,0.0,0.5039047114622297,0.5039134683874551,0.6336849670337218,0.3673953052181992,0.14928331332547326,0.14928331332547326,0.9274748750030994,0.0,0.0,0.0,0.5006520420312881,0.4413667358458042,0.444515123963356,0.7236975431442261,0.7236975431442261,0.03462892398238182,0.5723173353407118,0.030040573328733444,0.8,0.30264949798583984,0.27249984443187714,-0.08298297,0.01678486,0.00583917
0.7456776279778707,0.762632452779346,0.3333333333333333,0.42424242424242425,0.09011970982592332,0.06169161618043839,0.0,0.0,0.38105682296461174,0.38106461829482713,0.47799600515493246,0.5171398633929962,0.13205586799553462,0.13205586799553462,0.9258168563246727,0.0,0.0,0.0,0.5216523766517639,0.44941553100943565,0.4479283317923546,0.7364607453346252,0.7364607453346252,0.036268431693315506,0.6031746031746031,0.03138796612620354,0.8,0.32923412322998047,0.4271659627556801,-0.08773868,0.02523506,0.02490884
0.7712225644361406,0.7864743934737312,0.3333333333333333,0.42424242424242425,0.0424358284371531,0.01400773479166817,0.0,0.0,0.38345838869506954,0.3834662296120113,0.49453973160419135,0.500741904775175,0.12116400791066034,0.12116400791066034,0.9243587702512741,0.0,0.0,0.0,0.5289704263210296,0.45246777310967445,0.45018571242690086,0.7461525201797485,0.7461525201797485,0.03795265406370163,0.6031746031746031,0.032809775322675705,0.8,0.3328978419303894,0.4982324689626694,-0.09050273,0.02876884,0.03597255
0.77394795133954,0.789018087916904,0.3333333333333333,0.42424242424242425,0.037348439550807355,0.008920345905322424,0.0,0.0,0.38581926827221025,0.38582708639578883,0.5052127221431832,0.4900902470434095,0.11853186147553581,0.11853186147553581,0.9231036230921745,0.0,0.0,0.0,0.5348353177309035,0.45355498418211937,0.45099083706736565,0.7550540566444397,0.7550540566444397,0.03882326930761337,0.6031746031746031,0.033613063395023346,0.8,0.33530154824256897,0.5162885785102844,-0.084385,0.031286,0.05677775
0.7814289374010903,0.7960003415743511,0.3333333333333333,0.42424242424242425,0.023383932235913396,-0.005044161409571535,0.0,0.0,0.37666634255112014,0.37667403531120114,0.5163048947404493,0.47915324489604855,0.11627111583948137,0.11627111583948137,0.9213986843824387,0.0,0.0,0.0,0.5364170879125595,0.4548061117529869,0.4521213360130787,0.7567682266235352,0.7567682266235352,0.039992667734622955,0.6031746031746031,0.03465738892555237,0.8,0.3388826251029968,0.5403771623969078,-0.08700984,0.03436999,0.06817634
0.7848856342690331,0.799226591984431,0.3333333333333333,0.42424242424242425,0.016931431415753484,-0.011496662229731447,0.0,0.0,0.3765267104081397,0.376534391771539,0.5257771512062555,0.46976893234840494,0.11582459722246444,0.11582459722246444,0.9188519790768623,0.0,0.0,0.0,0.5383412599563598,0.45542700216174126,0.4525250792503357,0.7581978440284729,0.7581978440284729,0.04108955338597298,0.6003853990918113,0.03564368933439255,0.8,0.3365626633167267,0.5599971488118172,-0.08450908,0.03594326,0.06984047
0.7832400493678593,0.7976907127433353,0.3333333333333333,0.42424242424242425,0.020003189897944806,-0.008424903747540124,0.0,0.0,0.3762161052477747,0.37622380940453726,0.5285060695206913,0.4670389028575128,0.11507660682712283,0.11507660682712283,0.917266272008419,0.0,0.0,0.0,0.538298138976097,0.45511553436517715,0.4521365724503994,0.7580034136772156,0.7580034136772156,0.04168757051229477,0.596468498782506,0.03616959974169731,0.8,0.33473753929138184,0.5517513677477837,-0.084591,0.03570681,0.06717747
0.7833920766909916,0.7978326049115922,0.3333333333333333,0.42424242424242425,0.019719405561430925,-0.008708688084054006,0.0,0.0,0.37710176416838376,0.3771095025151911,0.5287684353770079,0.46679236414277026,0.11424743171249117,0.11424743171249117,0.9162860438227654,0.0,0.0,0.0,0.5397409081459045,0.45466480404138565,0.45173150673508644,0.7609698176383972,0.7609698176383972,0.04179103672504425,0.5943380111739749,0.036216430366039276,0.8,0.33186817169189453,0.512121170759201,-0.07826093,0.03870616,0.05870115
0.7759517849910826,0.7908883326583438,0.3333333333333333,0.42424242424242425,0.03360795006792772,0.005179856422442786,0.02127961441874504,0.02127888984978199,0.37617609149867215,0.3761837842587531,0.5190948508323721,0.47675472777791916,0.13401933014392853,0.13401933014392853,0.918286457657814,0.0,0.0,0.0,0.48960055410861963,0.4175812229514122,0.420926034450531,0.703730046749115,0.703730046749115,0.05713939294219017,0.5012655239256602,0.057468265295028687,0.7720515209921571,0.32411566376686096,0.2913750149309635,-0.0854118,0.03414644,0.04710191
0.7793137885275341,0.7940262026256986,0.3333333333333333,0.42424242424242425,0.027332210133218404,-0.0010958835122665267,0.0,0.0,0.3986645364852526,0.3986725483524184,0.5167571578039494,0.4784175890986773,0.12615529022046498,0.12615529022046498,0.9211033657193184,0.0,0.0,0.0,0.5220647484064102,0.43708592653274536,0.43660275638103485,0.7500097751617432,0.7500097751617432,0.05161917209625244,0.5542472175189427,0.04660215601325035,0.7950016804212747,0.3172937333583832,0.26389122009277344,-0.09268068,0.02459541,0.02883502
0.7885427340155555,0.8026398850811852,0.3333333333333333,0.42424242424242425,0.010104845222244974,-0.018323248423239957,0.0,0.0,0.3884685522739564,0.38847642738094296,0.49627293217535456,0.498715967971959,0.11722919664212636,0.11722919664212636,0.9235821291804314,0.0,0.0,0.0,0.5278804272413253,0.449578121304512,0.4487648718059063,0.7541690468788147,0.7541690468788147,0.04731319099664688,0.5776235205786568,0.041811663657426834,0.8,0.3198588788509369,0.3267943859100342,-0.09054444,0.01795325,0.00615479
0.797331208274478,0.8108424610561795,0.3333333333333333,0.42424242424242425,-0.00630030672774351,-0.03472840037322844,0.0,0.0,0.38755790043059546,0.38756577553758204,0.46867740587340256,0.5264401140171479,0.10884622378008707,0.10884622378008707,0.9265579096972942,0.0,0.0,0.0,0.5161094844341277,0.4545349106192589,0.45498843863606453,0.7395718693733215,0.7395718693733215,0.04470536857843399,0.5767583544292147,0.03924515098333359,0.8,0.31968018412590027,0.2389717474579811,-0.0920963,0.01030863,-0.01663976
0.7991521301723662,0.8125419881608751,0.3333333333333333,0.42424242424242425,-0.009699360937134749,-0.03812745458261968,0.0,0.0,0.393282088905174,0.3932900323922502,0.4461950296197749,0.5489869278208425,0.10483412338154657,0.10483412338154657,0.9287069253623486,0.0,0.0,0.0,0.5034754127264023,0.4576863460242748,0.4586428292095661,0.7203690409660339,0.7203690409660339,0.04310878366231918,0.5763685589744931,0.037848327308893204,0.8,0.31412091851234436,0.1891140267252922,-0.10002348,-0.00135021,-0.04735062
0.8163826621714092,0.8286238180266486,0.3333333333333333,0.42424242424242425,-0.04186302066868186,-0.07029111431416679,0.0,0.0,0.39447998271161694,0.3944879034053299,0.4158366118516794,0.5795309569315468,0.09933477001530784,0.09933477001530784,0.9322824701666832,0.0,0.0,0.0,0.4814231097698211,0.461865808814764,0.46346455439925194,0.689025342464447,0.689025342464447,0.04174398258328438,0.5588121172927675,0.036834195256233215,0.7946118400540463,0.3119097352027893,0.14196207746863365,-0.10438724,-0.01433919,-0.07487418
0.818516703588622,0.8306155900160472,0.3333333333333333,0.42424242424242425,-0.04584656464747894,-0.07427465829296387,0.0,0.0,0.40161011141527225,0.40161822585257245,0.39305591036211235,0.6024603252834339,0.09824363248688835,0.09824363248688835,0.9343564864248037,0.0,0.0,0.0,0.45668787658214566,0.4624762162566185,0.46486374735832214,0.6491649746894836,0.6491649746894836,0.04063328728079796,0.5565467978280688,0.03629547730088234,0.7926256521496662,0.30741041898727417,0.10513324290513992,-0.1193524,-0.03036604,-0.12044127
0.7628317915257954,0.7786430054240756,0.3333333333333333,0.42424242424242425,0.058098604536464094,0.029670510890979163,0.8850802779197693,0.88382887840271,0.3147661553742097,0.3147727426561753,0.40567267510904637,0.5924541243125052,0.14806124248674937,0.14806124248674937,0.9281542301177979,0.0,0.0,0.0,0.37987685203552246,0.4184701070189476,0.4315226897597313,0.5355033874511719,0.5355033874511719,0.04427548870444298,0.49562104684965946,0.04644543677568436,0.7600204451659391,0.25095105171203613,0.039657759480178356,-0.1304295,-0.03898021,-0.17693999
0.7719317000536692,0.7871362533834245,0.3333333333333333,0.42424242424242425,0.041112108617766374,0.012684014972281443,0.3448854088783264,0.34492236375808716,0.3434817927745286,0.3434883002797231,0.7125895729940206,0.2939045902825172,0.14679028519562312,0.14679028519562312,0.9324165489524603,0.0,0.0,0.0,0.35327704846858976,0.4382591210305691,0.4529374726116657,0.5114965438842773,0.5114965438842773,0.04482395574450493,0.486062235775448,0.048489607870578766,0.7620580914581931,0.30812665820121765,0.0,-0.11976838,-0.04715267,-0.23887813
0.7986955692370733,0.8121158646212684,0.3333333333333333,0.42424242424242425,-0.008847113857921363,-0.037275207503406294,0.0,0.0,0.41550538439595675,0.41551230218168883,0.8198750616259602,0.19421006657146767,0.13650160815034595,0.13650160815034595,0.9373227190226316,0.0,0.0,0.0,0.3580055445432663,0.44858957454562187,0.45986301824450493,0.5255777835845947,0.5255777835845947,0.04201357439160347,0.4831945702433586,0.04621339589357376,0.7673587108594041,0.3452615439891815,0.0,-0.12312341,-0.0647121,-0.27941513
0.8083842687663578,0.8211586508486006,0.3333333333333333,0.42424242424242425,-0.02693268631258572,-0.05536077995807065,0.0,0.0,0.4278582247903652,0.42786538190641094,0.8025445837819554,0.2101846128252628,0.11470824480056764,0.11470824480056764,0.9404450953006744,0.0,0.0,0.0,0.36746710538864136,0.45595839992165565,0.4638219103217125,0.5407860279083252,0.5407860279083252,0.038382284343242645,0.5006212970567128,0.042708542197942734,0.776242389408655,0.36579859256744385,0.0,-0.12185092,-0.06816023,-0.29138514
0.812077290955044,0.8246054715580411,0.3333333333333333,0.42424242424242425,-0.033826327731466654,-0.062254421376951585,0.0,0.0,0.4218842894351733,0.42189137817112937,0.7957555349652672,0.21660174233457052,0.10662133140223368,0.10662133140223368,0.9423647802323103,0.0,0.0,0.0,0.3653610199689865,0.458620298653841,0.4661162868142128,0.5383936762809753,0.5383936762809753,0.03573301061987877,0.5013263112022763,0.040066275745630264,0.7769163546347341,0.37108567357063293,0.0,-0.12092335,-0.06759198,-0.28583544
0.8161932222899937,0.8284470074706607,0.3333333333333333,0.42424242424242425,-0.04150939955670607,-0.069937493202191,0.0,0.0,0.41899668942446006,0.41900369268530413,0.8042106190785395,0.20891370047979962,0.10545890246118819,0.10545890246118819,0.9429178554564714,0.0,0.0,0.0,0.3649759769439697,0.4592396542429924,0.46687616407871246,0.5385600328445435,0.5385600328445435,0.034701764583587646,0.5002024916429368,0.03899374604225159,0.7773923193819301,0.3722991347312927,0.0,-0.12486692,-0.06429119,-0.27912289
0.8149831060852324,0.8273175656795502,0.3333333333333333,0.42424242424242425,-0.03925051597448492,-0.06767860961996985,0.0,0.0,0.41976772621986286,0.41977463830725414,0.8212974586632694,0.1933310633129139,0.10498081999165672,0.10498081999165672,0.9433659818023443,0.0,0.0,0.0,0.3653530091047287,0.45965009182691574,0.46743904054164886,0.5396126508712769,0.5396126508712769,0.03390633314847946,0.5000652117388589,0.03806466981768608,0.7788780634832937,0.37068864703178406,0.0,-0.12503366,-0.05946094,-0.26792389
0.8130059526080178,0.8254722224341499,0.3333333333333333,0.42424242424242425,-0.0355598294836843,-0.06398792312916923,0.0,0.0,0.41353256752568496,0.41353929726617056,0.8375175350254853,0.17851991311035414,0.10395623743534088,0.10395623743534088,0.9438019320368767,0.0,0.0,0.0,0.3658752590417862,0.46031906828284264,0.46816761791706085,0.5403698682785034,0.5403698682785034,0.03345050290226936,0.494689404964447,0.037400465458631516,0.7788270837519058,0.37394240498542786,0.0,-0.1281393,-0.05046678,-0.25310606
0.8103176057338715,0.8229630986849468,0.3333333333333333,0.42424242424242425,-0.03054158198527801,-0.05896967563076294,0.0,0.0,0.41475591582048466,0.41476262846594786,0.8423313565737431,0.1741262416260142,0.10527688477720534,0.10527688477720534,0.9430957995355129,0.0,0.0,0.0,0.3686023116111755,0.46040498465299606,0.4684160202741623,0.5443229675292969,0.5443229675292969,0.03337007388472557,0.491904933774282,0.0369756817817688,0.779262081135151,0.37254613637924194,0.0,-0.1366687,-0.0421731,-0.23602918
0.7485611091057459,0.7653237018320296,0.3333333333333333,0.42424242424242425,0.08473721172055637,0.05630911807507144,0.9794150590896606,0.978929340839386,0.40780741603151105,0.40781521136172644,0.3740496872487989,0.6243523819218124,0.13898522193942753,0.13898522193942753,0.9290779139846563,0.0,0.0,0.0,0.3496915400028229,0.4231549948453903,0.4359840899705887,0.4885214567184448,0.4885214567184448,0.040942590683698654,0.4836229637265205,0.04753205552697182,0.7484997072538664,0.28771743178367615,0.0,-0.14242266,-0.03999859,-0.21490732
0.7389510486807143,0.756354312102,0.3333333333333333,0.42424242424242425,0.10267599118061554,0.07424789753513061,0.1474045217037201,0.14285197854042053,0.4025739173816221,0.40258196343883274,0.35340533931214313,0.6432784008883559,0.14624868652650289,0.14624868652650289,0.9263149350881577,0.0,0.0,0.0,0.3868742376565933,0.43488313257694244,0.443115271627903,0.5408475399017334,0.5408475399017334,0.04451628029346466,0.49692139786387246,0.04994358494877815,0.7649945814249127,0.298916220664978,0.0,-0.14345051,-0.02967922,-0.17697777
0.7792862923372359,0.7940005395147536,0.3333333333333333,0.42424242424242425,0.027383536355108373,-0.0010445572903765576,0.0,0.0,0.43179340777388037,0.43180185271494703,0.39026352962617894,0.6053100769145489,0.1199576524751527,0.1199576524751527,0.9336223360151052,0.0,0.0,0.0,0.4390201866626739,0.45518678426742554,0.4581864960491657,0.6220663189888,0.6220663189888,0.045478641986846924,0.5326186550988091,0.04889487102627754,0.7818548563261365,0.3275550603866577,0.06348021328449249,-0.13106115,-0.00859828,-0.11248951
0.781095843229975,0.7956894536813099,0.3333333333333333,0.42424242424242425,0.02400570802199542,-0.004422385623489511,0.0,0.0,0.4317866324466684,0.431795077387735,0.4078690321905891,0.5875383338047893,0.11901964566537312,0.11901964566537312,0.9335531443357468,0.0,0.0,0.0,0.4466978073120117,0.4572996608912945,0.4599919468164444,0.6354345679283142,0.6354345679283142,0.046274565160274506,0.5328388374949258,0.04799560084939003,0.7822345829633779,0.3328782916069031,0.08184205740690231,-0.1249976,0.0085856,-0.0777144
0.7853217593261174,0.7996336420377095,0.3333333333333333,0.42424242424242425,0.016117331309196348,-0.012310762336288583,0.0,0.0,0.43207566938710257,0.43208413712153243,0.42166936511519304,0.5734844873963026,0.12035819568804333,0.12035819568804333,0.9330954365432262,0.0,0.0,0.0,0.4575738906860351,0.4591064304113388,0.4613196477293968,0.6523842215538025,0.6523842215538025,0.04703732579946518,0.5393208189616128,0.04688876122236252,0.7837448173830676,0.33989641070365906,0.09957019239664078,-0.13168669,0.01950948,-0.05766989
0.7806259776864732,0.795250912507375,0.3333333333333333,0.42424242424242425,0.024882790369865293,-0.003545303275619638,0.0,0.0,0.4323497937696614,0.43235825010740964,0.4274932346653984,0.567618584035181,0.12167555945260185,0.12167555945260185,0.9317428078502417,0.0,0.0,0.0,0.4600757628679275,0.46025288850069046,0.4621671326458454,0.6566517353057861,0.6566517353057861,0.04810735955834389,0.5385970009697808,0.04690120741724968,0.7840921136355677,0.34753844141960144,0.1123927440494299,-0.13796899,0.02114069,-0.04993358
0.7986667425859542,0.8120889597468905,0.3333333333333333,0.42424242424242425,-0.00879330410916579,-0.03722139775465072,0.0,0.0,0.4252863071616703,0.425294695119329,0.431298250450003,0.5636756342131545,0.11993703033242907,0.11993703033242907,0.9319938514381647,0.0,0.0,0.0,0.47792755663394926,0.4629415273666382,0.4640403799712658,0.6846328973770142,0.6846328973770142,0.04847635701298714,0.5461722664416782,0.04620949923992157,0.7866595481890579,0.352782279253006,0.11827176436781883,-0.13762494,0.01943064,-0.04928354
0.8071856300036113,0.8200399213367038,0.3333333333333333,0.42424242424242425,-0.024695227288792254,-0.053123320934277185,0.0,0.0,0.4196694355393915,0.4196777437202789,0.4329990798155163,0.561967345719533,0.11660409293004445,0.11660409293004445,0.9330787807703018,0.0,0.0,0.0,0.4873133063316345,0.4649724140763283,0.46569784358143806,0.698973536491394,0.698973536491394,0.04787849262356758,0.5641626867036971,0.04474549740552902,0.7939530172666838,0.3542138338088989,0.1156089548021555,-0.1314898,0.01407074,-0.04568071
0.8287898302078247,0.840203841527303,0.3333333333333333,0.42424242424242425,-0.06502306766999066,-0.0934511613154756,0.0,0.0,0.40776867871074784,0.40777678744970725,0.43962032959064606,0.5556192147256247,0.10949287563562395,0.10949287563562395,0.9348400011658669,0.0,0.0,0.0,0.5018015801906586,0.4666696637868881,0.4671679697930813,0.7186142802238464,0.7186142802238464,0.04558577388525009,0.6031746031746031,0.04166821017861366,0.8,0.3509947955608368,0.11379006318747997,-0.11825905,0.00588718,-0.03852407
0.845249510946728,0.8555662102169461,0.3333333333333333,0.42424242424242425,-0.09574780504927671,-0.12417589869476164,0.0,0.0,0.3945619476456943,0.3945697543725913,0.43886952190508577,0.5569428133291343,0.09843608098370689,0.09843608098370689,0.9369250871241093,0.0,0.0,0.0,0.5302758634090423,0.46745356172323227,0.467889204621315,0.7604532241821289,0.7604532241821289,0.042799193412065506,0.6031746031746031,0.03841063007712364,0.8,0.34562280774116516,0.10309751145541668,-0.10011541,-0.00318805,-0.04832671
0.8544588543119884,0.8641615973578559,0.3333333333333333,0.42424242424242425,-0.11293857933109641,-0.14136667297658134,0.0,0.0,0.3777481611554527,0.3777556259819016,0.44031095140066934,0.556355859207384,0.09132563535656249,0.09132563535656249,0.9375367984175682,0.0,0.0,0.0,0.5395728051662445,0.46716566756367683,0.4677693136036396,0.7746434807777405,0.7746434807777405,0.039953481405973434,0.6031746031746031,0.03526341915130615,0.8,0.34328022599220276,0.05091334693133831,-0.07028021,-0.00390355,-0.03992668
0.86305109446957,0.8721810215049319,0.3333333333333333,0.42424242424242425,-0.12897742762524855,-0.15740552127073348,0.0,0.0,0.3652563724189598,0.3652635751217319,0.44505829610514597,0.5519889765135139,0.08639710556183543,0.08639710556183543,0.9379078838974237,0.0,0.0,0.0,0.5420832514762878,0.4670623317360878,0.4678862616419792,0.7780892252922058,0.7780892252922058,0.038429584354162216,0.6031746031746031,0.03354419395327568,0.8,0.34402886033058167,0.059671211056411266,-0.04636443,-0.00411814,-0.03953221
0.8733192008166086,0.8817645874288347,0.3333333333333333,0.42424242424242425,-0.14814455947305394,-0.17657265311853887,0.0,0.0,0.34103891407326575,0.3410457292888634,0.4477146859378705,0.5499508780264439,0.08210849815181324,0.08210849815181324,0.9370808303356171,0.0,0.0,0.0,0.5424138039350509,0.4665880613029003,0.4677092246711254,0.7785269618034363,0.7785269618034363,0.03763887658715248,0.6031746031746031,0.03254154697060585,0.8,0.3510582149028778,0.06470778491348028,-0.00870661,0.00051713,-0.03701254
0.8749190710839772,0.8832577996783786,0.3333333333333333,0.42424242424242425,-0.15113098397214186,-0.1795590776176268,0.0,0.0,0.31603019552066725,0.31603655486900084,0.4470684542026848,0.5514144530551105,0.07908122880118235,0.07908122880118235,0.9328402318060398,0.0,0.0,0.0,0.5350364446640015,0.4653574414551258,0.46668555215001106,0.765977680683136,0.765977680683136,0.0384446457028389,0.6031746031746031,0.03305315971374512,0.8,0.3571774959564209,0.09993639774620533,0.01794053,0.00485223,-0.03406689
0.8805978503965196,0.8885579937034183,0.3333333333333333,0.42424242424242425,-0.1617313720222212,-0.19015946566770614,0.0,0.0,0.30697476841067717,0.3069809682054684,0.45074021428766486,0.5479222861525611,0.0775203640971865,0.0775203640971865,0.9291999489068985,0.0,0.0,0.0,0.5298836857080459,0.4646734744310379,0.46603842452168465,0.7589724659919739,0.7589724659919739,0.03965810313820839,0.6031746031746031,0.03397879749536514,0.8,0.35890626907348633,0.10742167010903358,0.03102677,0.00876964,-0.02878975
0.8920056294827234,0.8992052541838752,0.3333333333333333,0.42424242424242425,-0.18302589298313499,-0.21145398662861992,0.0,0.0,0.2973991169756275,0.2974051572168762,0.45277940543158335,0.5460244188465484,0.0754016504756042,0.0754016504756042,0.9270167276263237,0.0,0.0,0.0,0.5270528048276901,0.4645639769732952,0.4657561331987381,0.7544907927513123,0.7544907927513123,0.04037204757332802,0.6031746031746031,0.03451114520430565,0.8,0.3557251989841461,0.11332147754728794,0.04610165,0.01496867,-0.02330854
0.8882337907950083,0.8956848714086745,0.3333333333333333,0.42424242424242425,-0.17598512743273342,-0.20441322107821835,0.0,0.0,0.2927286656819156,0.2927346147497115,0.4556236866555296,0.5433658928483162,0.07360737504703659,0.07360737504703659,0.9229199290275574,0.0,0.0,0.0,0.5172127932310104,0.4632384814321995,0.4642547182738781,0.7401482462882996,0.7401482462882996,0.041636187583208084,0.6031746031746031,0.0356048047542572,0.8,0.3541854918003082,0.11750280857086182,0.06349594,0.01823285,-0.01954552
0.889374119894845,0.8967491785685221,0.3333333333333333,0.42424242424242425,-0.17811374175242878,-0.2065418353979137,0.0,0.0,0.2847768590281616,0.28478267133577834,0.4567358688688187,0.5423338521000481,0.07323097437620163,0.07323097437620163,0.9200977422297001,0.0,0.0,0.0,0.5165454924106597,0.4623822011053562,0.4632664956152439,0.7392417192459106,0.7392417192459106,0.04231196641921997,0.6031746031746031,0.03622504696249962,0.8,0.34929800033569336,0.11864490807056427,0.06596152,0.02693916,-0.01541997
0.8886684966938836,0.8960905969142914,0.3333333333333333,0.42424242424242425,-0.17679657844396734,-0.20522467208945228,0.0,0.0,0.2841399212868218,0.2841456880077121,0.4611632374914837,0.5379186366137259,0.07357643385018621,0.07357643385018621,0.9161232113838196,0.0,0.0,0.0,0.5182362854480743,0.4610893055796623,0.4616744890809059,0.741245448589325,0.741245448589325,0.04257164150476456,0.6031746031746031,0.03647509217262268,0.8,0.33377042412757874,0.12148035690188408,0.07364169,0.03990548,-0.00517275
0.8883785804112753,0.8958200083838569,0.3333333333333333,0.42424242424242425,-0.17625540138309836,-0.2046834950285833,0.0,0.0,0.2756075676722919,0.2756130836661869,0.4712269518161139,0.5278379540547764,0.07311632590634483,0.07311632590634483,0.9123266637325287,0.0,0.0,0.0,0.5136081963777542,0.4602215215563774,0.46050429344177246,0.7325116395950317,0.7325116395950317,0.04424956813454628,0.6031746031746031,0.03812369704246521,0.8,0.3378029763698578,0.128439050167799,0.10008717,0.05552632,0.01269053
0.8899429539839427,0.8972800903850131,0.3333333333333333,0.42424242424242425,-0.1791755653854109,-0.20760365903089584,0.0,0.0,0.25077248896057247,0.2507777314341091,0.4797867899529109,0.519657629689062,0.07080062691654478,0.07080062691654478,0.9076984003186226,0.0,0.0,0.0,0.5088114619255065,0.45918216183781624,0.45920389518141747,0.7245272994041443,0.7245272994041443,0.04601753503084183,0.6031746031746031,0.039914753288030624,0.8,0.33439549803733826,0.13159495778381824,0.12461204,0.05928851,0.01910939
0.888020580013593,0.8954858746793535,0.3333333333333333,0.42424242424242425,-0.17558713397409154,-0.20401522761957647,0.0,0.0,0.24477124715626353,0.2447763984563474,0.4821333738175678,0.5174610532213985,0.068556440195867,0.068556440195867,0.9002649448812008,0.0,0.0,0.0,0.4940518200397491,0.4580195024609566,0.45746275782585144,0.7000689506530762,0.7000689506530762,0.04802871495485306,0.6031746031746031,0.042096227407455444,0.8,0.33348652720451355,0.13370553962886333,0.14253235,0.06753253,0.02869104
0.883796934570585,0.8915438055992126,0.3333333333333333,0.42424242424242425,-0.16770299581380987,-0.1961310894592948,0.0,0.0,0.23945166367189835,0.23945672379852934,0.4910712954419065,0.5085851551875051,0.06725139383758817,0.06725139383758817,0.8931070603430271,0.0,0.0,0.0,0.49861728250980375,0.4552040249109268,0.4535413272678852,0.706433892250061,0.706433892250061,0.05018850788474083,0.5941028803113907,0.044504232704639435,0.8,0.32488304376602173,0.13734090141952038,0.14811609,0.07197884,0.04080823
0.8800965682381675,0.888090130355623,0.3333333333333333,0.42424242424242425,-0.1607956453266306,-0.18922373897211553,0.0,0.0,0.24189796137764163,0.24190304429763587,0.4981832916689876,0.5013374554672793,0.06564506462642125,0.06564506462642125,0.8883929662406445,0.0,0.0,0.0,0.509121549129486,0.4520728215575218,0.4496097043156624,0.7217680811882019,0.7217680811882019,0.05051803961396217,0.5948754463876996,0.04542545974254608,0.8,0.3163830637931824,0.1370574627071619,0.14787686,0.08228688,0.04729576
0.8783994678940092,0.8865061700344086,0.3333333333333333,0.42424242424242425,-0.15762772468420172,-0.18605581832968665,0.0,0.0,0.24136395846452585,0.2413690413845201,0.49941378688514515,0.5002708571312254,0.06583193849240031,0.06583193849240031,0.884746115654707,0.0,0.0,0.0,0.5053062707185745,0.45073241740465164,0.4484609588980675,0.7163299918174744,0.7163299918174744,0.05197926610708237,0.5909998672349113,0.0469939187169075,0.8,0.3136172890663147,0.13812778517603874,0.15039981,0.08588658,0.04904486
0.8721132888680413,0.8806390696101718,0.3333333333333333,0.42424242424242425,-0.1458935238357283,-0.17432161748121322,0.0,0.0,0.25504633573455515,0.25505162379481827,0.5037578164277523,0.49554863641133906,0.06566742967282023,0.06566742967282023,0.8790933974087238,0.0,0.0,0.0,0.47123869359493253,0.4359143599867821,0.43452486395835876,0.6669501662254333,0.6669501662254333,0.05278520658612251,0.557925368112231,0.04823127016425133,0.7908717703160851,0.31312045454978943,0.13708473183214664,0.14705057,0.10135331,0.05486193
0.8500393472966694,0.860036724143558,0.3333333333333333,0.42424242424242425,-0.10468883290250075,-0.13311692654798568,0.4343802034854889,0.4343965947628021,0.22607505936923494,0.2260798687688707,0.501923648736673,0.498059735648668,0.07483348516481264,0.07483348516481264,0.863293819129467,0.0,0.0,0.0,0.43779567182064055,0.4025900587439537,0.40936341881752014,0.6211058497428894,0.6211058497428894,0.07314540445804596,0.4707418382167816,0.07573584467172623,0.7473509373186633,0.349984347820282,0.13695798814296722,0.14380065,0.11041477,0.06590331
0.8382310108059929,0.8490156100855933,0.3333333333333333,0.42424242424242425,-0.08264660478657126,-0.1110746984320562,0.014448960311710835,0.014504707418382168,0.2799098149768253,0.27991560449107883,0.5340253997943142,0.46492377562408416,0.07363054901361465,0.07363054901361465,0.8661793991923332,0.0,0.0,0.0,0.44423219263553615,0.4138539135456085,0.41574564576148987,0.627285361289978,0.627285361289978,0.06890857964754105,0.507460906392052,0.07028327137231827,0.7704841856693113,0.3430061340332031,0.14002135023474693,0.12381441,0.12379412,0.09301307
0.837980635818981,0.8487819267643822,0.3333333333333333,0.42424242424242425,-0.08217923814414907,-0.110607331789634,0.0,0.0,0.2818970999343901,0.2819028666552804,0.5378493112770139,0.46113478357381116,0.07205244153738022,0.07205244153738022,0.8677297160029411,0.0,0.0,0.0,0.4885245949029922,0.4287499636411667,0.4249834716320038,0.6945309638977051,0.6945309638977051,0.06023412197828293,0.5565432854115017,0.05851421132683754,0.7914226138314535,0.3279787302017212,0.1464905496686697,0.11725668,0.12741189,0.09968022
0.8381571968396504,0.8489467170503404,0.3333333333333333,0.42424242424242425,-0.08250881871606541,-0.11093691236155034,0.0,0.0,0.28789619916255793,0.2879020570569011,0.5451727818348667,0.4538540762144972,0.07181025243231229,0.07181025243231229,0.8695167526602745,0.0,0.0,0.0,0.5009648621082305,0.43114999681711197,0.42753026634454727,0.7127707600593567,0.7127707600593567,0.05692799761891365,0.5595483410926092,0.05480001121759415,0.792890805317912,0.324982613325119,0.15170833095908165,0.1090127,0.12654954,0.10317849
0.7836998566275551,0.7981198661857181,0.3333333333333333,0.42424242424242425,0.01914488301317918,-0.00928321063230575,0.0,0.0,0.3736714655764928,0.37367821241200083,0.7937054087053521,0.21678187828396245,0.09078129593815124,0.09078129593815124,0.8730139210820198,0.0,0.0,0.0,0.5194872736930847,0.43146708607673645,0.42859022319316864,0.7471937537193298,0.7471937537193298,0.053267769515514374,0.5631333357757992,0.0506022684276104,0.7973905028991921,0.3039640784263611,0.15916481614112854,0.09577427,0.12387908,0.10184903
0.7746084985278902,0.7896345986260308,0.3333333333333333,0.42424242424242425,0.03611541813255381,0.007687324487068881,0.0,0.0,0.37892268036793114,0.3789295297735736,0.7871803982080054,0.22297524534670798,0.09758519807032177,0.09758519807032177,0.8750507310032845,0.0,0.0,0.0,0.5212972491979598,0.4300125017762184,0.42733336985111237,0.7511282563209534,0.7511282563209534,0.0500047467648983,0.5311321341802203,0.04692407697439194,0.783794546976339,0.2973037362098694,0.16641613095998764,0.09027778,0.1225924,0.09857752
0.7731158811421621,0.788241489066018,0.3333333333333333,0.42424242424242425,0.038901637252579446,0.010473543607094515,0.0,0.0,0.3823534006370413,0.38236027283604695,0.784663053589159,0.2252932620043458,0.10160898523671287,0.10160898523671287,0.8770186118781567,0.0,0.0,0.0,0.5216696292161941,0.4299987703561783,0.4276181310415268,0.751965343952179,0.751965343952179,0.047745898365974426,0.5469908842018671,0.04443640634417534,0.7907058454530184,0.29579299688339233,0.16837233677506447,0.08828462,0.1208387,0.09505656
0.7694755629414604,0.784843858745363,0.3333333333333333,0.42424242424242425,0.04569689789388942,0.01726880424840449,0.0,0.0,0.4064205595457759,0.406427762248548,0.7862399668356201,0.22380916333284656,0.10577167783464705,0.10577167783464705,0.8786615617573261,0.0,0.0,0.0,0.49566025137901304,0.43033723533153534,0.42841776460409164,0.7177761197090149,0.7177761197090149,0.04647305607795715,0.5394497376585763,0.04292389750480652,0.7894246509775174,0.29499441385269165,0.16968218609690666,0.08795253,0.11373688,0.08916114
0.7677193546578998,0.7832047310140398,0.3333333333333333,0.42424242424242425,0.048975153356535905,0.020547059711050975,0.0,0.0,0.423275419676509,0.42328283891623153,0.7795092462353679,0.2302524140363847,0.11035928768771036,0.11035928768771036,0.8812900297343731,0.0,0.0,0.0,0.4902530640363693,0.43177439272403717,0.43140554428100586,0.7106266021728516,0.7106266021728516,0.046196676790714264,0.5340703593360052,0.04233093187212944,0.7879510028071182,0.29918989539146423,0.16764791682362556,0.08515697,0.10602954,0.08020872
0.7665670336711974,0.782129231426451,0.3333333333333333,0.42424242424242425,0.0511261525317136,0.022698058886228667,0.0,0.0,0.4263732257810195,0.426380673512446,0.7752910152676,0.2342996036066785,0.11108588427305223,0.11108588427305223,0.8844337537884712,0.0,0.0,0.0,0.4740684062242508,0.4328734502196312,0.4333469197154045,0.6897122263908386,0.6897122263908386,0.045703575015068054,0.5427107030437106,0.04166964069008827,0.7907435748466226,0.30121633410453796,0.1607144996523857,0.080896,0.09951907,0.06928945
0.7738091931456611,0.7888885802692838,0.3333333333333333,0.42424242424242425,0.037607454846047994,0.009179361200563063,0.0,0.0,0.4279641854375544,0.4279731717209971,0.7472378327787265,0.26084115304130395,0.10696213160242354,0.10696213160242354,0.8899943120777607,0.0,0.0,0.0,0.45513879656791684,0.43341827392578125,0.4349147528409958,0.66217041015625,0.66217041015625,0.04517994821071625,0.5402902814130934,0.041078899055719376,0.7891637606676235,0.3040170967578888,0.15310977585613728,0.07893265,0.09450344,0.05310615
0.811376670286769,0.8239515589343177,0.3333333333333333,0.42424242424242425,-0.032518502484019995,-0.060946596129504926,0.0,0.0,0.31147507864476165,0.3114830791152458,0.48397070408779164,0.5142869634285889,0.08732089506728309,0.08732089506728309,0.8948886916041374,0.0,0.0,0.0,0.4828864902257919,0.444598913192749,0.4463655650615692,0.6939086318016052,0.6939086318016052,0.04444916918873787,0.6031746031746031,0.040166065096855164,0.8,0.34122416377067566,0.13909672386944294,0.06892467,0.0834595,0.03179681
0.818438437013399,0.8305425412125058,0.3333333333333333,0.42424242424242425,-0.0457004670403961,-0.07412856068588103,0.0,0.0,0.3139084525135689,0.3139164871740979,0.46990459200073154,0.5281807947290509,0.08116959195051875,0.08116959195051875,0.896514892578125,0.0,0.0,0.0,0.48796723484992977,0.4462461471557617,0.44807106629014015,0.7007186412811279,0.7007186412811279,0.04366686940193176,0.5990710693692404,0.03925935551524162,0.8,0.34135979413986206,0.12426706030964851,0.05889239,0.06449002,0.02068715
0.8117896985440027,0.8243370519744025,0.3333333333333333,0.42424242424242425,-0.03328948856418967,-0.061717582209674604,0.0,0.0,0.32361771864371364,0.3236259356511483,0.4714761801477144,0.526575267264259,0.07742419040628842,0.07742419040628842,0.8987603969871998,0.0,0.0,0.0,0.4847531050443649,0.44669508561491966,0.44877760857343674,0.6960064172744751,0.6960064172744751,0.04283459112048149,0.5959770442947508,0.03850594535470009,0.8,0.3406515121459961,0.11533954180777073,0.05884828,0.05709706,0.00402354
0.7763463996705555,0.7912566396925185,0.3333333333333333,0.42424242424242425,0.03287133599957859,0.004443242354093657,0.6163755655288696,0.6164178848266602,0.24052115106673816,0.2405279662823358,0.4660603915756109,0.5336309200782342,0.10433517396450043,0.10433517396450043,0.8993355706334114,0.0,0.0,0.0,0.40948959589004513,0.40698178112506866,0.4159626439213753,0.5826408267021179,0.5826408267021179,0.0,0.5,0.0623500756919384,0.741557321446233,0.33735454082489014,0.10834136977791786,0.05257811,0.04412723,0.00683062
0.769728190842129,0.785079644785987,0.3333333333333333,0.42424242424242425,0.04522532581264138,0.01679723216715645,0.0,0.0,0.3604983604205042,0.36050711307197414,0.45731029011323393,0.5403482453038492,0.09266576064484461,0.09266576064484461,0.904289998114109,0.0,0.0,0.0,0.4430665701627731,0.43405915796756744,0.4403589740395546,0.632949709892273,0.632949709892273,0.05855065956711769,0.5358024774089691,0.05792797729372978,0.77989483685341,0.35595133900642395,0.105234794318676,0.05847104,0.0340153,0.00935501
0.7670264151834306,0.7825579875045352,0.3333333333333333,0.42424242424242425,0.050268640375544904,0.021840546730059973,0.0,0.0,0.3618492546774461,0.36185800732891604,0.45383049858231844,0.543932091386956,0.08639189015541758,0.08639189015541758,0.9093517884612083,0.0,0.0,0.0,0.46704926192760465,0.43830402567982674,0.44235552102327347,0.6693422198295593,0.6693422198295593,0.052019331604242325,0.5560888118214077,0.04974209889769554,0.7886132325024106,0.35506871342658997,0.10331803932785988,0.04387139,0.02315575,0.00036284
0.7681719064712524,0.7836271127065022,0.3333333333333333,0.42424242424242425,0.0481303899716109,0.019702296326125968,0.0,0.0,0.36018231904301545,0.3601910261077589,0.4545081908570649,0.5432649866294172,0.08219264713781221,0.08219264713781221,0.9109031334519386,0.0,0.0,0.0,0.46517643034458156,0.43982090428471565,0.4436894468963146,0.6667702198028564,0.6667702198028564,0.04913066327571869,0.5566825284844352,0.0467379093170166,0.788745065761167,0.35304152965545654,0.0982567947357893,0.03844554,0.01834137,-0.01325805
0.7694406161705654,0.7848112417591943,0.3333333333333333,0.42424242424242425,0.04576213186622691,0.017334038220741976,0.0,0.0,0.35598069304034086,0.3559893887084027,0.45116247843601964,0.5466518218391434,0.07834505289793015,0.07834505289793015,0.9119750037789345,0.0,0.0,0.0,0.4643850445747375,0.44194236397743225,0.44580676034092903,0.6662843823432922,0.6662843823432922,0.04606200382113457,0.5724055833286709,0.0435253269970417,0.7957030079045961,0.35011574625968933,0.09343625046312809,0.03904097,0.01555601,-0.0154959
0.7713231295347214,0.7865682542324066,0.3333333333333333,0.42424242424242425,0.042248106919802186,0.013820013274317255,0.0,0.0,0.35262321924388296,0.352631823738492,0.42305807356168845,0.57490192545253,0.0756795917238508,0.0756795917238508,0.9130931608378887,0.0,0.0,0.0,0.4488146990537643,0.4462749622762203,0.44963812083005905,0.6408173441886902,0.6408173441886902,0.04454471170902252,0.5788267065608312,0.04207727313041687,0.7978538761651793,0.3483702540397644,0.08565209805965424,0.0369413,0.01066384,-0.01809111
0.769598071773847,0.7849582003222572,0.3333333333333333,0.42424242424242425,0.0454682147401011,0.017040121094616167,0.0,0.0,0.34979185046019107,0.34980042076475537,0.40243605172428987,0.5958682937507598,0.07511943046535764,0.07511943046535764,0.9145890399813652,0.0,0.0,0.0,0.44459862709045406,0.44931817799806595,0.452279232442379,0.6331667900085449,0.6331667900085449,0.04332277178764343,0.5792542752765474,0.04106809198856354,0.796734169125557,0.3639959394931793,0.0671117240563035,0.03416353,0.00213601,-0.04268585
0.7791127470277605,0.7938385638925765,0.3333333333333333,0.42424242424242425,0.02770748759946262,-0.0007206060460223096,0.0,0.0,0.34922598242531766,0.34923450714315557,0.3976877496985587,0.6007359190328577,0.07375897307481084,0.07375897307481084,0.9153008200228214,0.0,0.0,0.0,0.4435470968484878,0.4504368044435978,0.45354704186320305,0.6314496397972107,0.6314496397972107,0.04246235266327858,0.5871016525086902,0.04044480249285698,0.7980812548897988,0.3670034408569336,0.04695604555308819,0.04083323,-0.00940316,-0.06870405
0.7335297933646612,0.7512944738070171,0.3333333333333333,0.42424242424242425,0.11279566777058136,0.08436757412509643,0.0,0.0,0.41738952938502877,0.4173985669535387,0.6320982298477202,0.3706299455803571,0.07424111611076764,0.07424111611076764,0.9163628853857517,0.0,0.0,0.0,0.4224573493003845,0.4490603134036064,0.4531751424074173,0.6076581478118896,0.6076581478118896,0.04216717928647995,0.5678805264215621,0.0405140221118927,0.7938622865219449,0.3646857440471649,0.02986881649121642,0.03877761,-0.0221696,-0.07932799
0.7275421520074208,0.7457060085402595,0.3333333333333333,0.42424242424242425,0.12397259830409652,0.09554450465861158,0.0,0.0,0.42131911089953683,0.4213281826580916,0.6325497207860418,0.3701708074686809,0.07464426702686719,0.07464426702686719,0.9180315360426903,0.0,0.0,0.0,0.419153681397438,0.447794396430254,0.45300616323947906,0.6065645217895508,0.6065645217895508,0.04146604612469673,0.5153083191031501,0.03992011770606041,0.7716492468187975,0.35305219888687134,0.020410127472132444,0.03092214,-0.03182431,-0.08320938
0.707799106836319,0.7272791663805643,0.3333333333333333,0.42424242424242425,0.1608262826234867,0.13239818897800176,0.0,0.0,0.4332340395017518,0.43324325941716735,0.633411469468651,0.36933890669518576,0.07407265582254956,0.07407265582254956,0.9229216761887074,0.0,0.0,0.0,0.4262893587350845,0.44788797199726105,0.45373255759477615,0.6180857419967651,0.6180857419967651,0.04021083563566208,0.4839156657457352,0.03885508328676224,0.7535398924766585,0.322018027305603,0.016396597493439913,0.03335401,-0.03133225,-0.08645946
0.6387683600187302,0.6628504693508148,0.3333333333333333,0.42424242424242425,0.2896836766829858,0.26125558303750085,0.0,0.0,0.4387296732251548,0.4387389957107048,0.6231875747841129,0.3791136809511754,0.07076602429151535,0.07076602429151535,0.9376711193472147,0.0,0.0,0.0,0.3582340002059936,0.4489932022988796,0.4553639888763428,0.5218781232833862,0.5218781232833862,0.0,0.5,0.0,0.6976744186046512,0.274283230304718,0.013966008555144072,0.00914559,-0.03697027,-0.08759113
0.4642857142857143,0.5,0.3333333333333333,0.42424242424242425,0.6153846153846154,0.5869565217391305,0.8986385464668274,0.8977603316307068,0.3340254759925273,0.33403368160328034,0.4371352603740947,0.5618776324665519,0.07714222584451948,0.07714222584451948,0.9346380308270454,0.0,0.0,0.0,0.28537089228630064,0.4283556714653969,0.4358288124203682,0.40591883659362793,0.40591883659362793,0.0,0.5,0.07899492979049683,0.6229925346235896,0.14352655410766602,0.009520929888822138,-0.01114617,-0.04639382,-0.08893063
0.4642857142857143,0.5,0.3333333333333333,0.42424242424242425,0.6153846153846154,0.5869565217391305,0.17429965734481812,0.17335519194602966,0.3660435412171694,0.36605247621554493,0.4242916503782254,0.5729185780484585,0.07468774382557188,0.07468774382557188,0.932843279093504,0.0,0.0,0.0,0.19670631289482116,0.455386970192194,0.45801991969347,0.28328150510787964,0.28328150510787964,0.07976926863193512,0.46809229254722595,0.08252052217721939,0.6278167942235636,0.1024702712893486,0.00866043963469565,-0.03231158,-0.04290371,-0.08531448
0.4642857142857143,0.5,0.3333333333333333,0.42424242424242425,0.6153846153846154,0.5869565217391305,0.04601525142788887,0.045321881771087646,0.3991974909036611,0.3992069729427535,0.4286180586477539,0.5678980107238548,0.051079168915748596,0.051079168915748596,0.9535646792501211,0.0,0.0,0.0,0.10049945265054702,0.4781813770532608,0.47895126417279243,0.14507479965686798,0.14507479965686798,0.0,0.5,0.0,0.6976744186046512,0.051546670496463776,0.012102414621040225,-0.03163272,-0.03007604,-0.06264735
0.4642857142857143,0.5,0.3333333333333333,0.42424242424242425,0.6153846153846154,0.5869565217391305,0.0,0.0,0.41445988701588793,0.41446962548031635,0.4318685916824049,0.5642085587152738,0.042790918211851804,0.042790918211851804,0.9607401434332132,0.0,0.0,0.0,0.055156967416405675,0.4859512122347951,0.4863599697127938,0.0,-0.0,0.0,0.5,0.0,0.6976744186046512,0.03359038010239601,0.011510465992614627,-0.04981996,-0.02238576,-0.04271013
0.4642857142857143,0.5,0.3333333333333333,0.42424242424242425,0.6153846153846154,0.5869565217391305,0.0,0.0,0.42170247247524517,0.42171590916285323,0.4347987070138322,0.5609781511518919,0.038150301469223845,0.038150301469223845,0.9639971479773521,0.0,0.0,0.0,0.03539322260767221,0.489984224550426,0.49034908413887024,0.0,-0.0,0.0,0.5,0.0,0.6976744186046512,0.02653379552066326,0.001146752038039267,-0.06162067,-0.02356988,-0.0380847
0.4642857142857143,0.5,0.3333333333333333,0.42424242424242425,0.6153846153846154,0.5869565217391305,0.0,0.0,0.4297274173331762,0.4297409850826227,0.43590223059827465,0.5597093240430154,0.034962844635759084,0.034962844635759084,0.9661595392972231,0.0,0.0,0.0,0.027152455411851406,0.4921387545764446,0.49255508882924914,0.0,-0.0,0.04158347100019455,0.48336661159992217,0.0,0.6976744186046512,0.022740138694643974,0.0,-0.06553959,-0.02839656,-0.03566587
0.4642857142857143,0.5,0.3333333333333333,0.42424242424242425,0.6153846153846154,0.5869565217391305,0.0,0.0,0.44320983412616793,0.44322358422252006,0.4375358765257476,0.5581039486526936,0.03394568738128458,0.03394568738128458,0.9673837162554264,0.0,0.0,0.0,0.024094837345182894,0.4936601612716913,0.4941345239058137,0.0,-0.0,0.0419076606631279,0.48323693573474885,0.0,0.6976744186046512,0.020710444077849388,0.0,-0.08452366,-0.02497293,-0.03218265
0.4642857142857143,0.5,0.3333333333333333,0.42424242424242425,0.6153846153846154,0.5869565217391305,0.0,0.0,0.44503741168611133,0.44505119597250825,0.440345585916056,0.5552468679759067,0.03322370882545199,0.03322370882545199,0.9679652899503708,0.0,0.0,0.0,0.02256831722334027,0.49450508877635,0.4950363808311522,0.0,-0.0,0.045118771493434906,0.481952491402626,0.0,0.6976744186046512,0.019501084461808205,0.0,-0.0928213,-0.02231784,-0.03052599
0.4642857142857143,0.5,0.3333333333333333,0.42424242424242425,0.6153846153846154,0.5869565217391305,0.0,0.0,0.44438512831299526,0.4443988955043698,0.44714709700407534,0.5483766996274209,0.03129689422036921,0.03129689422036921,0.9695351459085941,0.0,0.0,0.0,0.019909988064318894,0.49538390105590224,0.49592233216390014,0.0,-0.0,0.045472558587789536,0.4818109765648842,0.0,0.6976744186046512,0.01728210225701332,0.0,-0.09329218,-0.01395582,-0.02601949
0.4642857142857143,0.5,0.3333333333333333,0.42424242424242425,0.6153846153846154,0.5869565217391305,0.0,0.0,0.4454923159305726,0.44550612870867345,0.45203503687112784,0.5434406137666506,0.029759078419634277,0.029759078419634277,0.9711174871772528,0.0,0.0,0.0,0.017838388215750456,0.49591185664758086,0.49642110406421125,0.0,-0.0,0.04321926087141037,0.48271229565143586,0.0,0.6976744186046512,0.015644224360585213,0.0,-0.0925704,-0.00724913,-0.02268715
0.4642857142857143,0.5,0.3333333333333333,0.42424242424242425,0.6153846153846154,0.5869565217391305,0.0,0.0,0.44812454479830216,0.4481383917664479,0.4537132039352767,0.5417004501791752,0.028884076912488257,0.028884076912488257,0.9723620600998402,0.0,0.0,0.0,0.016535650100558994,0.49624669714830816,0.49670770741067827,0.0,-0.0,0.040636129677295685,0.4837455481290817,0.0,0.6976744186046512,0.014549411833286285,0.0,-0.09547251,0.00168984,-0.01997682
0.4642857142857143,0.5,0.3333333333333333,0.42424242424242425,0.6153846153846154,0.5869565217391305,0.0,0.0,0.4429231676955068,0.44293695768024455,0.45565796217544585,0.5397293328390472,0.027962382882833484,0.027962382882833484,0.9731634771451354,0.0,0.0,0.0,0.015630574990063904,0.49644002923741937,0.49685515533201396,0.0,-0.0,0.03791210055351257,0.484835159778595,0.0,0.6976744186046512,0.013597295619547367,0.0,-0.09785409,0.00695821,-0.0206965
0.4642857142857143,0.5,0.3333333333333333,0.42424242424242425,0.6153846153846154,0.5869565217391305,0.0,0.0,0.4362864583217847,0.4363001400380472,0.45703702902930643,0.5383726903808226,0.0268373398908547,0.0268373398908547,0.9738528430461884,0.0,0.0,0.0,0.014611561503261327,0.4966106559149921,0.4969817637465894,0.0,-0.0,0.03542143851518631,0.4858314245939255,0.0,0.6976744186046512,0.012772560119628906,0.0,-0.09001184,0.01217733,-0.01956408
0.4642857142857143,0.5,0.3333333333333333,0.42424242424242425,0.6153846153846154,0.5869565217391305,0.0,0.0,0.4290920124455118,0.4291055630999359,0.45802247159567666,0.5374573188866935,0.02532904302435262,0.02532904302435262,0.9745365837588906,0.0,0.0,0.0,0.013725367467850446,0.49674221384339035,0.49708598223514855,0.0,-0.0,0.03333345055580139,0.48666661977767944,0.0,0.6976744186046512,0.011923717334866524,0.0,-0.07636964,0.01112232,-0.01914141
0.4642857142857143,0.5,0.3333333333333333,0.42424242424242425,0.6153846153846154,0.5869565217391305,0.0,0.0,0.42864703471072546,0.4286586878176629,0.4591261604320023,0.5363634497161527,0.024505285546183586,0.024505285546183586,0.9747668653726578,0.0,0.0,0.0,0.01309256786480546,0.496796817984432,0.49712537811137736,0.0,-0.0,0.032354872673749924,0.48705805093050003,0.0,0.6976744186046512,0.011451074853539467,0.0,-0.07373653,0.01625397,-0.01785961
0.4642857142857143,0.5,0.3333333333333333,0.42424242424242425,0.6153846153846154,0.5869565217391305,0.0,0.0,0.42867716753687957,0.42868879785045383,0.45926203451922476,0.536219589404298,0.024296593453202932,0.024296593453202932,0.974863026291132,0.0,0.0,0.0,0.012922839634120463,0.49681829451583326,0.49714204436168075,0.0,-0.0,0.032167304307222366,0.48713307827711105,0.0,0.6976744186046512,0.011352111585438251,0.0,-0.07929677,0.02024584,-0.01820539
