YAML 文件验证通过
init data completed...
[0.4642857142857143, 0.5, 0.3333333333333333, 0.42424242424242425, 0.6153846153846154, 0.5869565217391305, 0.0, 0.0, 0.4280821467904698, 0.4280794742686343, 0.4638795795677725, 0.5305459338159402, 0.132730667080198, 0.132730667080198, 0.8857998475432396, 0.0, 0.0, 0.0, 0.04175627529621124, 0.46998488530516624, 0.47157896123826504, 0.0, -0.0, 0.0, 0.5, 0.0, 0.6976744186046512, 0.046769607812166214, 0.14509117230772972]
[0.4642857142857143, 0.5, 0.3333333333333333, 0.42424242424242425, 0.6153846153846154, 0.5869565217391305, 0.0, 0.0, 0.4426011202668141, 0.44259919422762345, 0.4526688376758568, 0.5416328094492856, 0.03323534769671304, 0.03323534769671304, 0.9630195330828428, 0.0, 0.0, 0.0, 0.03001097664237022, 0.4922959813848138, 0.491535191424191, 0.0, -0.0, 0.0, 0.5, 0.0, 0.6976744186046512, 0.01914329268038273, 0.0]
[0.4642857142857143, 0.5, 0.3333333333333333, 0.42424242424242425, 0.6153846153846154, 0.5869565217391305, 0.0, 0.0, 0.44636879482415165, 0.44636706252854824, 0.451089756210721, 0.5431615574701288, 0.036619357498628755, 0.036619357498628755, 0.9599903970956802, 0.0, 0.0, 0.0, 0.03055988252162933, 0.4923461405560374, 0.49185735918581486, 0.0, -0.0, 0.0, 0.5, 0.0, 0.6976744186046512, 0.0179726742208004, 0.0]
[0.4642857142857143, 0.5, 0.3333333333333333, 0.42424242424242425, 0.6153846153846154, 0.5869565217391305, 0.09203626960515976, 0.0914858803153038, 0.40223778365447005, 0.40223374922918315, 0.4541354709328019, 0.5400403539782905, 0.04161329008638859, 0.04161329008638859, 0.9457697421312332, 0.0, 0.0, 0.0, 0.03475602641701698, 0.4913451662287116, 0.4913968872278929, 0.0, -0.0, 0.0, 0.5, 0.0, 0.6976744186046512, 0.01694437302649021, 0.0]
[0.4642857142857143, 0.5, 0.3333333333333333, 0.42424242424242425, 0.6153846153846154, 0.5869565217391305, 0.0795271173119545, 0.0788876861333847, 0.4021131039577506, 0.40210904673910053, 0.4549826261646205, 0.5389907139044596, 0.04186554678848812, 0.04186554678848812, 0.9428767766803503, 0.0, 0.0, 0.0, 0.03561158906668424, 0.4906177194789052, 0.4909560503438115, 0.0, -0.0, 0.0, 0.5, 0.0, 0.6976744186046512, 0.015961959958076477, 0.0]
[0.4642857142857143, 0.5, 0.3333333333333333, 0.42424242424242425, 0.6153846153846154, 0.5869565217391305, 0.7057796120643616, 0.6958298087120056, 0.2523781218446691, 0.2523754778145376, 0.4621530022493512, 0.5353609220994767, 0.0756600419325488, 0.0756600419325488, 0.8770783133804798, 0.0, 0.0, 0.0, 0.10000769197940826, 0.4666615016758442, 0.4703685250133276, 0.1429644078016281, 0.1429644078016281, 0.0, 0.5, 0.0, 0.6976744186046512, 0.01682627946138382, 0.0]
[0.4642857142857143, 0.5, 0.3333333333333333, 0.42424242424242425, 0.6153846153846154, 0.5869565217391305, 0.2520844638347626, 0.251345694065094, 0.3508162183925709, 0.35081856610898077, 0.4577325514124183, 0.5373281389253267, 0.07304102714572634, 0.07304102714572634, 0.9139629416167736, 0.0, 0.0, 0.0, 0.06041366942226886, 0.47812830097973347, 0.4791468624025583, 0.0, -0.0, 0.0, 0.5, 0.0, 0.6976744186046512, 0.018822623416781425, 0.0]
[0.4642857142857143, 0.5, 0.3333333333333333, 0.42424242424242425, 0.6153846153846154, 0.5869565217391305, 0.14219219982624054, 0.14159265160560608, 0.3876428854852972, 0.3876472276209873, 0.4607745764588307, 0.533430869852329, 0.05628746801189014, 0.05628746801189014, 0.9304183535277843, 0.0, 0.0, 0.0, 0.044964215718209743, 0.48387433029711246, 0.4845922812819481, 0.0, -0.0, 0.0, 0.5, 0.0, 0.6976744186046512, 0.01764303259551525, 0.0]
[0.4642857142857143, 0.5, 0.3333333333333333, 0.42424242424242425, 0.6153846153846154, 0.5869565217391305, 0.09223633259534836, 0.09186635911464691, 0.4136741997862865, 0.4136799494121544, 0.4797896348495556, 0.5139558698838751, 0.0518886824803693, 0.0518886824803693, 0.9324538037180901, 0.0, 0.0, 0.0, 0.03943791110068559, 0.48609672114253044, 0.48679157067090273, 0.0, -0.0, 0.0, 0.5, 0.0, 0.6976744186046512, 0.016977109014987946, 0.0]
[0.4642857142857143, 0.5, 0.3333333333333333, 0.42424242424242425, 0.6153846153846154, 0.5869565217391305, 0.09021288901567459, 0.08981525897979736, 0.41655542335364376, 0.41656129264466846, 0.4922124330616818, 0.5016125485677742, 0.05154113684381758, 0.05154113684381758, 0.9325753338634968, 0.0, 0.0, 0.0, 0.04142942056059837, 0.4864581264555454, 0.48712126538157463, 0.0, -0.0, 0.0, 0.5, 0.0, 0.6976744186046512, 0.01721223071217537, 0.0]
[0.4642857142857143, 0.5, 0.3333333333333333, 0.42424242424242425, 0.6153846153846154, 0.5869565217391305, 0.08070217072963715, 0.07975103706121445, 0.41965611281859944, 0.4196622100432562, 0.5079540026518401, 0.4856178472825669, 0.05101974521364485, 0.05101974521364485, 0.9328553937375546, 0.0, 0.0, 0.0, 0.043079071864485736, 0.4875608151778579, 0.4882358368486166, 0.0, -0.0, 0.0, 0.5, 0.0, 0.6976744186046512, 0.017694376409053802, 0.0016745246830396354]
[0.4642857142857143, 0.5, 0.3333333333333333, 0.42424242424242425, 0.6153846153846154, 0.5869565217391305, 0.07655069977045059, 0.07545441389083862, 0.42381729199827056, 0.42382362855324096, 0.5095378066169144, 0.48393484802541903, 0.053330226136105406, 0.053330226136105406, 0.9308777749538422, 0.0, 0.0, 0.0, 0.05177458338439464, 0.4874744340777397, 0.48822489101439714, 0.0, -0.0, 0.0, 0.5, 0.0, 0.6976744186046512, 0.01940322481095791, 0.005244666826911271]
[0.4642857142857143, 0.5, 0.3333333333333333, 0.42424242424242425, 0.6153846153846154, 0.5869565217391305, 0.10504540801048279, 0.1037408709526062, 0.42095258792089457, 0.42095874782730014, 0.5146297663165325, 0.4789312888235202, 0.054984196488346376, 0.054984196488346376, 0.9295196197926998, 0.0, 0.0, 0.0, 0.05495862029492855, 0.4872626019641757, 0.48804194573313, 0.0, -0.0, 0.0, 0.5, 0.0, 0.6976744186046512, 0.020192673429846764, 0.0072495994390919805]
[0.4642857142857143, 0.5, 0.3333333333333333, 0.42424242424242425, 0.6153846153846154, 0.5869565217391305, 0.4449130892753601, 0.4436948895454407, 0.3166890718740897, 0.316689607518125, 0.5747748189400989, 0.4215307052864349, 0.1471864911062377, 0.1471864911062377, 0.8484566733241081, 0.0, 0.0, 0.0, 0.13686468228697776, 0.45709746330976486, 0.4594747759401798, 0.19605779647827148, 0.19605779647827148, 0.0, 0.5, 0.0, 0.6976744186046512, 0.026740755885839462, 0.027667414397001266]
[0.4642857142857143, 0.5, 0.3333333333333333, 0.42424242424242425, 0.6153846153846154, 0.5869565217391305, 0.1579776108264923, 0.15714046359062195, 0.3974207254486376, 0.39742560322836296, 0.6211022441747311, 0.3752033313368698, 0.14053674148661752, 0.14053674148661752, 0.8658165261149406, 0.0, 0.0, 0.0, 0.12804809510707854, 0.46504584699869156, 0.4695511180907488, 0.1840120106935501, 0.1840120106935501, 0.0, 0.5, 0.0, 0.6976744186046512, 0.030751993879675865, 0.06399382371455431]
[0.4642857142857143, 0.5, 0.3333333333333333, 0.42424242424242425, 0.6153846153846154, 0.5869565217391305, 0.10292273759841919, 0.10163796693086624, 0.40942692437545747, 0.40943242897267096, 0.6332801113165132, 0.3631025285560765, 0.13459441385098866, 0.13459441385098866, 0.8700687326490879, 0.0, 0.0, 0.0, 0.1150493673980236, 0.46880677714943886, 0.4730217084288597, 0.16736239194869995, 0.16736239194869995, 0.0, 0.5, 0.0, 0.6976744186046512, 0.032566849142313004, 0.0660758139565587]
[0.4642857142857143, 0.5, 0.3333333333333333, 0.42424242424242425, 0.6153846153846154, 0.5869565217391305, 0.3009670674800873, 0.30023086071014404, 0.36160348523871166, 0.3616080439113522, 0.5961180056942125, 0.40056358053346386, 0.1210377471787589, 0.1210377471787589, 0.8830116800963879, 0.0, 0.0, 0.0, 0.10864470228552818, 0.47265823371708393, 0.4764683470129967, 0.15619264543056488, 0.15619264543056488, 0.0, 0.5, 0.0, 0.6976744186046512, 0.03276357799768448, 0.05945590790361166]
[0.4642857142857143, 0.5, 0.3333333333333333, 0.42424242424242425, 0.6153846153846154, 0.5869565217391305, 0.9851385951042175, 0.9851213097572327, 0.35937339397962875, 0.35937772471863727, 0.5524487823646793, 0.44596303666704196, 0.15877095184155873, 0.15877095184155873, 0.8521139472723007, 0.0, 0.0, 0.0, 0.10915053412318229, 0.45592227578163147, 0.45854420214891434, 0.16073572635650635, 0.16073572635650635, 0.0, 0.5, 0.0, 0.6976744186046512, 0.03229564055800438, 0.056388331577181816]
[0.4642857142857143, 0.5, 0.3333333333333333, 0.42424242424242425, 0.6153846153846154, 0.5869565217391305, 0.29410600662231445, 0.29381003975868225, 0.34284445614933284, 0.3428481030874453, 0.5561663628080379, 0.44021063000881827, 0.11636923466409957, 0.11636923466409957, 0.8749913014471531, 0.0, 0.0, 0.0, 0.08560399115085601, 0.469918604940176, 0.4719433803111315, 0.12460187077522278, 0.12460187077522278, 0.0, 0.5, 0.0, 0.6976744186046512, 0.030987244099378586, 0.041723744943737984]
[0.4642857142857143, 0.5, 0.3333333333333333, 0.42424242424242425, 0.6153846153846154, 0.5869565217391305, 0.13440698385238647, 0.1339418590068817, 0.3993679966570998, 0.39937461812911024, 0.5178883582296608, 0.4769088166115111, 0.072678378117936, 0.072678378117936, 0.9194950684905052, 0.0, 0.0, 0.0, 0.05193810984492302, 0.48178941383957863, 0.4825951550155878, 0.0, -0.0, 0.0, 0.5, 0.0, 0.6976744186046512, 0.026528211310505867, 0.034545352682471275]
[0.4642857142857143, 0.5, 0.3333333333333333, 0.42424242424242425, 0.6153846153846154, 0.5869565217391305, 0.0954769104719162, 0.0950000062584877, 0.3997009849001299, 0.3997076177688219, 0.48836280995299663, 0.5060343470623064, 0.05373403962169375, 0.05373403962169375, 0.936839148402214, 0.0, 0.0, 0.0, 0.03231322914361954, 0.4871640792116523, 0.48756333999335766, 0.0, -0.0, 0.0, 0.5, 0.0, 0.6976744186046512, 0.02248501032590866, 0.026110562030225992]
[0.4642857142857143, 0.5, 0.3333333333333333, 0.42424242424242425, 0.6153846153846154, 0.5869565217391305, 0.08762159198522568, 0.08703873306512833, 0.38921040786611877, 0.3892165164874571, 0.4689244602879876, 0.5254670653420191, 0.041799194046429226, 0.041799194046429226, 0.9494091290980577, 0.0, 0.0, 0.0, 0.024586266838014126, 0.48976498283445835, 0.4900665618479252, 0.0, -0.0, 0.0, 0.5, 0.0, 0.6976744186046512, 0.018213553354144096, 0.014967821771278977]
[0.4642857142857143, 0.5, 0.3333333333333333, 0.42424242424242425, 0.6153846153846154, 0.5869565217391305, 0.8199937343597412, 0.8160196542739868, 0.255660913186593, 0.2556600242454281, 0.4569616143379795, 0.541584048747054, 0.05639821557062013, 0.05639821557062013, 0.9164660722017288, 0.0, 0.0, 0.0, 0.049122048541903496, 0.48321355506777763, 0.4847453171387315, 0.0, -0.0, 0.0, 0.5, 0.0, 0.6976744186046512, 0.018309295177459717, 0.00376836396753788]
[0.4642857142857143, 0.5, 0.3333333333333333, 0.42424242424242425, 0.6153846153846154, 0.5869565217391305, 0.20471911132335663, 0.20349706709384918, 0.3551915982029406, 0.35519587195854113, 0.4462546342645503, 0.5491018006730439, 0.05058372925434794, 0.05058372925434794, 0.938143378123641, 0.0, 0.0, 0.0, 0.031125389039516446, 0.48575091548264027, 0.48609751369804144, 0.0, -0.0, 0.0, 0.5, 0.0, 0.6976744186046512, 0.018168024718761444, 0.0]
[0.4642857142857143, 0.5, 0.3333333333333333, 0.42424242424242425, 0.6153846153846154, 0.5869565217391305, 0.15070083737373352, 0.14957165718078613, 0.36388282155899426, 0.3638875397851773, 0.44445734908430345, 0.5506645264754966, 0.0434058638555663, 0.0434058638555663, 0.9448362644761801, 0.0, 0.0, 0.0, 0.02588841039687395, 0.48816688638180494, 0.48835860658437014, 0.0, -0.0, 0.0, 0.5, 0.0, 0.6976744186046512, 0.016180507838726044, 0.0]
[0.4642857142857143, 0.5, 0.3333333333333333, 0.42424242424242425, 0.6153846153846154, 0.5869565217391305, 0.1311568021774292, 0.13013939559459686, 0.3711914108998461, 0.3711946247640577, 0.4407885578348805, 0.5542631143443278, 0.037485692383987565, 0.037485692383987565, 0.9497574307024479, 0.0, 0.0, 0.0, 0.022678806260228154, 0.4902309151366353, 0.4904186371713877, 0.0, -0.0, 0.0, 0.5, 0.0, 0.6976744186046512, 0.013960402458906174, 0.0]
[0.4642857142857143, 0.5, 0.3333333333333333, 0.42424242424242425, 0.6153846153846154, 0.5869565217391305, 0.12080372124910355, 0.11985550075769424, 0.38210433755732404, 0.3821080414788445, 0.4362731526960151, 0.5586333939616078, 0.03493938462010452, 0.03493938462010452, 0.9523478765040636, 0.0, 0.0, 0.0, 0.0214622788131237, 0.49138812348246574, 0.49157414492219687, 0.0, -0.0, 0.0, 0.5, 0.0, 0.6976744186046512, 0.013074520044028759, 0.0]
[0.4642857142857143, 0.5, 0.3333333333333333, 0.42424242424242425, 0.6153846153846154, 0.5869565217391305, 0.12457611411809921, 0.12384636700153351, 0.3894440056489029, 0.3894480970575978, 0.4390276565606462, 0.5556627962370654, 0.040055517373340475, 0.040055517373340475, 0.9471179191023111, 0.0, 0.0, 0.0, 0.0997696191072464, 0.48460939805954695, 0.4855937724933028, 0.14364245533943176, 0.14364245533943176, 0.0, 0.5, 0.0, 0.6976744186046512, 0.023786010220646858, 0.0]
[0.4642857142857143, 0.5, 0.3333333333333333, 0.42424242424242425, 0.6153846153846154, 0.5869565217391305, 0.5825681090354919, 0.5790606141090393, 0.29600787846581655, 0.2960074225985525, 0.44706029417865817, 0.549909527304131, 0.11394713073968889, 0.11394713073968889, 0.8873193711042404, 0.0, 0.0, 0.0, 0.3106448248028755, 0.4221273809671402, 0.4271070286631584, 0.44074180722236633, 0.44074180722236633, 0.07430577278137207, 0.4702776908874512, 0.083226777613163, 0.5606464209944703, 0.11133590340614319, 0.0]
[0.4642857142857143, 0.5, 0.3333333333333333, 0.42424242424242425, 0.6153846153846154, 0.5869565217391305, 0.5204361081123352, 0.5187245011329651, 0.29598932466816946, 0.29598886880090547, 0.4581707367249702, 0.5387048651857034, 0.2096389766250338, 0.2096389766250338, 0.8308349847793579, 0.0, 0.0, 0.0, 0.42244944274425505, 0.36754010617733, 0.37034641206264496, 0.6040835976600647, 0.6040835976600647, 0.1218397244811058, 0.4512641102075577, 0.13752534985542297, 0.4449898600578308, 0.12284289300441742, 0.01794452196918428]
[0.4642857142857143, 0.5, 0.3333333333333333, 0.42424242424242425, 0.6153846153846154, 0.5869565217391305, 0.29124870896339417, 0.290987491607666, 0.3588679853406509, 0.3588705381973296, 0.46467041239911694, 0.5307467604407794, 0.25294592337948935, 0.25294592337948935, 0.825906902551651, 0.0, 0.0, 0.0, 0.4714444518089294, 0.365837037563324, 0.3676319867372513, 0.6780949234962463, 0.6780949234962463, 0.13510575890541077, 0.44595769643783567, 0.15294323861598969, 0.4388227045536041, 0.13222406804561615, 0.04530221223831177]
[0.4642857142857143, 0.5, 0.3333333333333333, 0.42424242424242425, 0.6153846153846154, 0.5869565217391305, 0.24334366619586945, 0.24324820935726166, 0.3734907597930208, 0.3734940306406404, 0.46942760668566763, 0.5257940446846749, 0.3180926506008421, 0.3180926506008421, 0.8067591786384583, 0.0, 0.0, 0.0, 0.5109857439994812, 0.36511923372745514, 0.36376458406448364, 0.7308757305145264, 0.7308757305145264, 0.16281087696552277, 0.4348756492137909, 0.18903610110282898, 0.4243855595588684, 0.13321523368358612, 0.05795881152153015]
[0.4642857142857143, 0.5, 0.3333333333333333, 0.42424242424242425, 0.6153846153846154, 0.5869565217391305, 0.23964449763298035, 0.23956894874572754, 0.37403800565015743, 0.37404131068782187, 0.4699115810157236, 0.5252974171888709, 0.3329616359301976, 0.3329616359301976, 0.8041303306818008, 0.0, 0.0, 0.0, 0.5156483381986617, 0.36392104625701904, 0.3613162487745285, 0.7365726232528687, 0.7365726232528687, 0.17085835337638855, 0.4316566586494446, 0.19918541610240936, 0.42032583355903624, 0.13295555114746094, 0.059933140873909]
[0.4642857142857143, 0.5, 0.3333333333333333, 0.42424242424242425, 0.6153846153846154, 0.5869565217391305, 0.22099502384662628, 0.22095488011837006, 0.3658137841160849, 0.36581671306325647, 0.4771753201407183, 0.5181784800265482, 0.48764054264341083, 0.48764054264341083, 0.7781390324234962, 0.0, 0.0, 0.0, 0.5228140354156494, 0.3234376013278961, 0.31602416932582855, 0.7433132529258728, 0.7433132529258728, 0.2644250988960266, 0.39422996044158937, 0.31258711218833923, 0.37496515512466433, 0.10556802898645401, 0.07252399809658527]
[0.4642857142857143, 0.5, 0.3333333333333333, 0.42424242424242425, 0.6153846153846154, 0.5869565217391305, 0.2214883267879486, 0.22144904732704163, 0.36292199012654236, 0.36292475952017145, 0.4785554283663602, 0.5168537981372896, 0.48967772296496803, 0.48967772296496803, 0.7758163213729858, 0.0, 0.0, 0.0, 0.5210160553455353, 0.3228418678045273, 0.3152255415916443, 0.7394363284111023, 0.7394363284111023, 0.26680895686149597, 0.39327641725540163, 0.31414082646369934, 0.37434366941452024, 0.10159070789813995, 0.0757566886022687]
[0.4642857142857143, 0.5, 0.3333333333333333, 0.42424242424242425, 0.6153846153846154, 0.5869565217391305, 0.21655414998531342, 0.21651749312877655, 0.3594056351918791, 0.3594115386729486, 0.4832449933197029, 0.5120901903681677, 0.49473545381001066, 0.49473545381001066, 0.7749267816543579, 0.0, 0.0, 0.0, 0.5088183462619781, 0.3200370967388153, 0.31187720596790314, 0.717597484588623, 0.717597484588623, 0.26687461137771606, 0.39325015544891356, 0.31178510189056396, 0.3752859592437744, 0.0924367681145668, 0.08309617638587952]
[0.4642857142857143, 0.5, 0.3333333333333333, 0.42424242424242425, 0.6153846153846154, 0.5869565217391305, 0.21046902239322662, 0.21044397354125977, 0.35936875553021697, 0.3593746818046497, 0.49012515575662396, 0.5053345794152981, 0.5220614373683929, 0.5220614373683929, 0.7746831327676773, 0.0, 0.0, 0.0, 0.5072573751211166, 0.3150949776172638, 0.309489369392395, 0.7151449918746948, 0.7151449918746948, 0.26696157455444336, 0.39321537017822267, 0.3104237914085388, 0.3758304834365845, 0.08927631378173828, 0.08887582458555698]
[0.4642857142857143, 0.5, 0.3333333333333333, 0.42424242424242425, 0.6153846153846154, 0.5869565217391305, 0.2125779092311859, 0.21254459023475647, 0.36324866460796523, 0.36325477322930355, 0.5153973955041364, 0.48007378336069867, 0.6271045122827803, 0.6271045122827803, 0.7721107825636864, 0.0, 0.0, 0.0, 0.5393100947141647, 0.2922443747520447, 0.2844327688217163, 0.7588604092597961, 0.7588604092597961, 0.28753840923309326, 0.3849846363067627, 0.3219979405403137, 0.37120082378387453, 0.09162744879722595, 0.09686993435025215]
[0.4642857142857143, 0.5, 0.3333333333333333, 0.42424242424242425, 0.6153846153846154, 0.5869565217391305, 0.2128993719816208, 0.21286237239837646, 0.36387185795129373, 0.36387801215935844, 0.5199308472883177, 0.47551996570649563, 0.6401778544698443, 0.6401778544698443, 0.7706646844744682, 0.0, 0.0, 0.0, 0.5409786701202393, 0.2879142314195633, 0.2803484946489334, 0.7607632279396057, 0.7607632279396057, 0.29299697279930115, 0.3828012108802795, 0.3258492946624756, 0.3696602821350098, 0.09222575277090073, 0.09763794019818306]
[0.4642857142857143, 0.5, 0.3333333333333333, 0.42424242424242425, 0.6153846153846154, 0.5869565217391305, 0.21427257359027863, 0.21421271562576294, 0.36418249730170343, 0.3641886970964946, 0.5423100322883854, 0.45321808439773037, 0.6869841260569437, 0.6869841260569437, 0.7674060016870499, 0.0, 0.0, 0.0, 0.5486027598381042, 0.2679087966680527, 0.26024438440799713, 0.7683241963386536, 0.7683241963386536, 0.3165346086025238, 0.37338615655899043, 0.3420204222202301, 0.36319183111190795, 0.0932152196764946, 0.10466345585882664]
[0.4642857142857143, 0.5, 0.3333333333333333, 0.42424242424242425, 0.6153846153846154, 0.5869565217391305, 0.2157757580280304, 0.2157035768032074, 0.3634608138359755, 0.36346694525067713, 0.547744132478652, 0.4478907625665578, 0.7031853497028351, 0.7031853497028351, 0.7665553167462349, 0.0, 0.0, 0.0, 0.5516752183437347, 0.26307007670402527, 0.2545240521430969, 0.7718607783317566, 0.7718607783317566, 0.3286254107952118, 0.36854983568191524, 0.35113325715065, 0.35954669713973997, 0.09232894331216812, 0.11169914156198502]
[0.4642857142857143, 0.5, 0.3333333333333333, 0.42424242424242425, 0.6153846153846154, 0.5869565217391305, 0.21018558740615845, 0.20990636944770813, 0.36726524269147764, 0.36727153365972165, 0.5560023417664304, 0.43966460359661297, 0.705744070666177, 0.705744070666177, 0.7669840455055237, 0.0, 0.0, 0.0, 0.5474683463573455, 0.26588404178619385, 0.2590370178222656, 0.7648440003395081, 0.7648440003395081, 0.334795743227005, 0.366081702709198, 0.35681387782096863, 0.3572744488716125, 0.08501278609037399, 0.11522441171109676]
[0.4642857142857143, 0.5, 0.3333333333333333, 0.42424242424242425, 0.6153846153846154, 0.5869565217391305, 0.0, 0.0, 0.48875140189326743, 0.48876143880829526, 0.6913009364563922, 0.3118339409513131, 0.6794755586556026, 0.6794755586556026, 0.81424330919981, 0.0, 0.0, 0.0, 0.528984048962593, 0.29998989403247833, 0.2967372536659241, 0.7550876140594482, 0.7550876140594482, 0.31782984733581543, 0.37286806106567383, 0.340181827545166, 0.3639272689819336, 0.0810827761888504, 0.11224222369492054]
[0.4642857142857143, 0.5, 0.3333333333333333, 0.42424242424242425, 0.6153846153846154, 0.5869565217391305, 0.0, 0.0, 0.49332113501332686, 0.49333132150980075, 0.6766750165199003, 0.325905993558658, 0.6453234808785575, 0.6453234808785575, 0.8191145583987236, 0.0, 0.0, 0.0, 0.5322564661502838, 0.3212376981973648, 0.319397896528244, 0.7641510367393494, 0.7641510367393494, 0.3110249936580658, 0.37559000253677366, 0.336803674697876, 0.3652785301208496, 0.08371229469776154, 0.1121086161583662]
[0.4642857142857143, 0.5, 0.3333333333333333, 0.42424242424242425, 0.6153846153846154, 0.5869565217391305, 0.0, 0.0, 0.5040392507131195, 0.5040497370847781, 0.6095028042109473, 0.39124594996987017, 0.6200217349188669, 0.6200217349188669, 0.827441394329071, 0.0, 0.0, 0.0, 0.5331902533769607, 0.32944193482398987, 0.32391951978206635, 0.7673117518424988, 0.7673117518424988, 0.3200814723968506, 0.37196741104125974, 0.3639659285545349, 0.35441362857818604, 0.08723669499158859, 0.10993541218340397]
[0.4642857142857143, 0.5, 0.3333333333333333, 0.42424242424242425, 0.6153846153846154, 0.5869565217391305, 0.0, 0.0, 0.4873858237243747, 0.48739320450029683, 0.597780713159769, 0.40273981107529855, 0.6176257772105082, 0.6176257772105082, 0.825333945453167, 0.0, 0.0, 0.0, 0.5333982437849044, 0.3312411904335022, 0.32614874839782715, 0.7694242000579834, 0.7694242000579834, 0.32309862971305847, 0.3707605481147766, 0.36942142248153687, 0.35223143100738524, 0.09071419388055801, 0.10626128874719143]
[0.4642857142857143, 0.5, 0.3333333333333333, 0.42424242424242425, 0.6153846153846154, 0.5869565217391305, 0.0, 0.0, 0.48309070646876817, 0.48309794193699984, 0.5812142517553005, 0.41884075792473496, 0.6241324543952942, 0.6241324543952942, 0.8235301151871681, 0.0, 0.0, 0.0, 0.5339308410882949, 0.32696433365345, 0.321729838848114, 0.7706707715988159, 0.7706707715988159, 0.3256717026233673, 0.36973131895065303, 0.37471485137939453, 0.35011405944824214, 0.09170224517583847, 0.10541415773332119]
[0.4642857142857143, 0.5, 0.3333333333333333, 0.42424242424242425, 0.6153846153846154, 0.5869565217391305, 0.0, 0.0, 0.48600186199576634, 0.48600930687802246, 0.5500208276179734, 0.44870849726482237, 0.6484838468687876, 0.6484838468687876, 0.816444106400013, 0.0, 0.0, 0.0, 0.5431551218032836, 0.31138718128204346, 0.30840249359607697, 0.7883713841438293, 0.7883713841438293, 0.3466382622718811, 0.36134469509124756, 0.4078441262245178, 0.3368623495101929, 0.09523705393075943, 0.10150915011763573]
[0.4642857142857143, 0.5, 0.3333333333333333, 0.42424242424242425, 0.6153846153846154, 0.5869565217391305, 0.0, 0.0, 0.48092475715832317, 0.48093201114616246, 0.5710163358064728, 0.42807114689066983, 0.6633639548506056, 0.6633639548506056, 0.8139869049191475, 0.0, 0.0, 0.0, 0.5497251987457275, 0.2891269773244858, 0.28922238945961, 0.7983962893486023, 0.7983962893486023, 0.3536566197872162, 0.3585373520851135, 0.414748877286911, 0.3341004490852356, 0.10261176526546478, 0.09631725028157234]
[0.4642857142857143, 0.5, 0.3333333333333333, 0.42424242424242425, 0.6153846153846154, 0.5869565217391305, 0.0, 0.0, 0.4803794230945252, 0.48038664004314924, 0.5997391873062454, 0.40007368277814553, 0.6853755882808141, 0.6853755882808141, 0.8114903122186661, 0.0, 0.0, 0.0, 0.5490135878324508, 0.2790236175060272, 0.2819191813468933, 0.7973697781562805, 0.7973697781562805, 0.34806472063064575, 0.36077411174774165, 0.4040849804878235, 0.3383660078048706, 0.10707560926675797, 0.08458360098302364]
[0.4642857142857143, 0.5, 0.3333333333333333, 0.42424242424242425, 0.6153846153846154, 0.5869565217391305, 0.0, 0.0, 0.47423133077402646, 0.47423833118570013, 0.6096148791778156, 0.3903229897103797, 0.6939687899180822, 0.6939687899180822, 0.8106442764401436, 0.0, 0.0, 0.0, 0.5495988190174103, 0.2686523348093033, 0.2717749625444412, 0.7977120280265808, 0.7977120280265808, 0.3489672839641571, 0.3604130864143371, 0.40338635444641113, 0.33864545822143555, 0.10685475915670395, 0.0797880720347166]
[0.4642857142857143, 0.5, 0.3333333333333333, 0.42424242424242425, 0.6153846153846154, 0.5869565217391305, 0.0, 0.0, 0.4629023112712809, 0.4629088985532465, 0.6302207975041114, 0.3701509658460129, 0.7121391381536212, 0.7121391381536212, 0.809596449136734, 0.0, 0.0, 0.0, 0.5553482621908188, 0.2557809501886368, 0.25734302401542664, 0.802790641784668, 0.802790641784668, 0.3521503508090973, 0.3591398596763611, 0.40565285086631775, 0.3377388596534729, 0.10494636744260788, 0.08497881703078747]
[0.4642857142857143, 0.5, 0.3333333333333333, 0.42424242424242425, 0.6153846153846154, 0.5869565217391305, 0.0, 0.0, 0.45154736146872176, 0.45155349858176413, 0.6481412587612583, 0.35281513156165534, 0.7486672912325179, 0.7486672912325179, 0.8065009340643883, 0.0, 0.0, 0.0, 0.5733093708753585, 0.23294532299041748, 0.23503181338310242, 0.8268610835075378, 0.8268610835075378, 0.352533757686615, 0.358986496925354, 0.40407833456993103, 0.33836866617202754, 0.10334672778844833, 0.09377703070640564]
[0.4642857142857143, 0.5, 0.3333333333333333, 0.42424242424242425, 0.6153846153846154, 0.5869565217391305, 0.0, 0.0, 0.4458842250174819, 0.4458901341968923, 0.6524785166716712, 0.3487451258347955, 0.7843592337199621, 0.7843592337199621, 0.803936056792736, 0.0, 0.0, 0.0, 0.577523398399353, 0.22138142585754395, 0.224330872297287, 0.8330730199813843, 0.8330730199813843, 0.3536260724067688, 0.35854957103729246, 0.4027569890022278, 0.33889720439910886, 0.10137781500816345, 0.10348922573029995]
[0.4642857142857143, 0.5, 0.3333333333333333, 0.42424242424242425, 0.6153846153846154, 0.5869565217391305, 0.0, 0.0, 0.43888489033022526, 0.4388905259892772, 0.651128431579123, 0.34999085151391957, 0.7891131724630084, 0.7891131724630084, 0.801146112382412, 0.0, 0.0, 0.0, 0.579812815785408, 0.21831583976745605, 0.22106778621673584, 0.8362355828285217, 0.8362355828285217, 0.35703298449516296, 0.35718680620193477, 0.4048731029033661, 0.33805075883865354, 0.09984898567199707, 0.1090958621352911]
[0.4642857142857143, 0.5, 0.3333333333333333, 0.42424242424242425, 0.6153846153846154, 0.5869565217391305, 0.0, 0.0, 0.43830073631972244, 0.4383029415776123, 0.6741184673163448, 0.3282658588311362, 0.8477634617260524, 0.8477634617260524, 0.7977358847856522, 0.0, 0.0, 0.0, 0.5854469776153564, 0.1977556347846985, 0.20048150420188904, 0.8428993225097656, 0.8428993225097656, 0.36418065428733826, 0.3543277382850647, 0.41202497482299805, 0.33519001007080074, 0.09974696487188339, 0.11245539411902428]
[0.4642857142857143, 0.5, 0.3333333333333333, 0.42424242424242425, 0.6153846153846154, 0.5869565217391305, 0.0, 0.0, 0.438372603793901, 0.43837479195676843, 0.6681777760813843, 0.333792406053383, 0.9055245774132865, 0.9055245774132865, 0.7891120463609695, 0.0, 0.0, 0.0, 0.5918737977743148, 0.18456614017486572, 0.18766698241233826, 0.8511579036712646, 0.8511579036712646, 0.3841349184513092, 0.3463460326194763, 0.43285712599754333, 0.32685714960098267, 0.10160332918167114, 0.11549441143870354]
[0.4642857142857143, 0.5, 0.3333333333333333, 0.42424242424242425, 0.6153846153846154, 0.5869565217391305, 0.0, 0.0, 0.4381296037487956, 0.43813178621332227, 0.6655997669263733, 0.3361893561277922, 0.9110184226717268, 0.9110184226717268, 0.7867688536643982, 0.0, 0.0, 0.0, 0.5927995324134826, 0.18338501453399658, 0.18656572699546814, 0.8524498343467712, 0.8524498343467712, 0.3876798748970032, 0.34492805004119875, 0.43619227409362793, 0.3255230903625488, 0.10211972147226334, 0.11736181564629078]
[0.4642857142857143, 0.5, 0.3333333333333333, 0.42424242424242425, 0.6153846153846154, 0.5869565217391305, 0.0, 0.0, 0.4361294063509764, 0.4361315375304359, 0.6672260505975318, 0.334537247576125, 0.916164517402649, 0.916164517402649, 0.7837912887334824, 0.0, 0.0, 0.0, 0.5932835638523102, 0.1806696355342865, 0.1826997995376587, 0.8528473377227783, 0.8528473377227783, 0.39053860306739807, 0.34378455877304076, 0.4378452003002167, 0.3248619198799133, 0.10269228368997574, 0.118759386241436]
[0.4642857142857143, 0.5, 0.3333333333333333, 0.42424242424242425, 0.6153846153846154, 0.5869565217391305, 0.5427905917167664, 0.5392637848854065, 0.283665363464939, 0.28366121507283604, 0.49639613991941595, 0.5010672686382137, 0.9851634076663427, 0.9851634076663427, 0.7619433477520943, 0.0, 0.0, 0.0, 0.5974599361419677, 0.15536129474639893, 0.1512528657913208, 0.8545690178871155, 0.8545690178871155, 0.47468724846839905, 0.31012510061264037, 0.5066778659820557, 0.29732885360717776, 0.10146348178386688, 0.12065871618688107]
[0.4642857142857143, 0.5, 0.3333333333333333, 0.42424242424242425, 0.6153846153846154, 0.5869565217391305, 0.41093286871910095, 0.4107903838157654, 0.30131747845709894, 0.3013139910725289, 0.4947416166958344, 0.5021859213174821, 0.9312304428645544, 0.9312304428645544, 0.7478417158126831, 0.0, 0.0, 0.0, 0.5986346960067749, 0.15496188402175903, 0.14943748712539673, 0.8545012474060059, 0.8545012474060059, 0.4808999300003052, 0.3076400279998779, 0.5119550228118896, 0.29521799087524414, 0.10060399770736694, 0.12458390556275845]
[0.4642857142857143, 0.5, 0.3333333333333333, 0.42424242424242425, 0.6153846153846154, 0.5869565217391305, 0.2674487829208374, 0.26739975810050964, 0.33649195722138675, 0.3364899400087433, 0.5138897213721595, 0.48219688827124835, 0.8478488240923201, 0.8478488240923201, 0.7388583570718765, 0.0, 0.0, 0.0, 0.5981552332639694, 0.17155346274375916, 0.16489318013191223, 0.8502926230430603, 0.8502926230430603, 0.4321717321872711, 0.32713130712509153, 0.4705992639064789, 0.31176029443740844, 0.09922344237565994, 0.139837134629488]
[0.5836886701484522, 0.611442758805222, 0.3333333333333333, 0.42424242424242425, 0.39249909777417147, 0.36407100412868654, 0.6312199234962463, 0.6303002238273621, 0.24128999400093265, 0.2412842272800424, 0.527245012455643, 0.47158254327504584, 0.8029947536332267, 0.8029947536332267, 0.7441190630197525, 0.0, 0.0, 0.0, 0.5978930234909057, 0.18912425637245178, 0.1876375675201416, 0.8485221266746521, 0.8485221266746521, 0.40879690647125244, 0.33648123741149905, 0.4520770311355591, 0.3191691875457764, 0.10713409632444382, 0.12596004642546177]
[0.4642857142857143, 0.5, 0.3333333333333333, 0.42424242424242425, 0.6153846153846154, 0.5869565217391305, 0.31835588812828064, 0.31815463304519653, 0.31998380693833184, 0.31998106033806595, 0.5283665029086301, 0.4682062478589232, 0.8244729042053223, 0.8244729042053223, 0.744243934750557, 0.0, 0.0, 0.0, 0.5996766299009323, 0.18955454230308533, 0.18627780675888062, 0.8495482206344604, 0.8495482206344604, 0.40457087755203247, 0.338171648979187, 0.4485112130641937, 0.32059551477432247, 0.1101132482290268, 0.12446320615708828]
[0.4642857142857143, 0.5, 0.3333333333333333, 0.42424242424242425, 0.6153846153846154, 0.5869565217391305, 0.23112928867340088, 0.23101164400577545, 0.347999118254244, 0.3479975569088646, 0.5197101932866623, 0.47622410967923895, 0.7878518104553223, 0.7878518104553223, 0.7454655766487122, 0.0, 0.0, 0.0, 0.5990681588649749, 0.18960809707641602, 0.18586060404777527, 0.8479336500167847, 0.8479336500167847, 0.37802615761756897, 0.34878953695297243, 0.4259543716907501, 0.32961825132369993, 0.10752234607934952, 0.12650538235902786]
[0.4642857142857143, 0.5, 0.3333333333333333, 0.42424242424242425, 0.6153846153846154, 0.5869565217391305, 0.2050517350435257, 0.20499132573604584, 0.35958256867374105, 0.3595812352619937, 0.5048549343648422, 0.4912041530047908, 0.7488458497183664, 0.7488458497183664, 0.750213511288166, 0.0, 0.0, 0.0, 0.5912132978439331, 0.2030339539051056, 0.19973799586296082, 0.8379413485527039, 0.8379413485527039, 0.36103224754333496, 0.355587100982666, 0.41175511479377747, 0.33529795408248897, 0.10446178168058395, 0.12692103162407875]
[0.4642857142857143, 0.5, 0.3333333333333333, 0.42424242424242425, 0.6153846153846154, 0.5869565217391305, 0.1764460653066635, 0.17633771896362305, 0.36697208585064456, 0.3669709689758476, 0.4963699193603678, 0.4995288191921574, 0.7362305905137744, 0.7362305905137744, 0.7532549276947975, 0.0, 0.0, 0.0, 0.589066281914711, 0.20810440182685852, 0.20531007647514343, 0.8351765275001526, 0.8351765275001526, 0.35086730122566223, 0.35965307950973513, 0.4041886329650879, 0.33832454681396484, 0.10316160321235657, 0.12374650686979294]
[0.4642857142857143, 0.5, 0.3333333333333333, 0.42424242424242425, 0.6153846153846154, 0.5869565217391305, 0.15850581228733063, 0.15846474468708038, 0.37441656922291155, 0.37441573726515465, 0.4759270715212047, 0.5199450796415833, 0.729939192533493, 0.729939192533493, 0.7591687515377998, 0.0, 0.0, 0.0, 0.5883389413356781, 0.22007307410240173, 0.21891823410987854, 0.8349101543426514, 0.8349101543426514, 0.33271080255508423, 0.3669156789779663, 0.3949987590312958, 0.34200049638748165, 0.10341651737689972, 0.12121058069169521]
[0.5304561499506235, 0.5617590732872486, 0.3333333333333333, 0.42424242424242425, 0.4918664688101182, 0.46343837516463326, 0.14279057085514069, 0.14277608692646027, 0.37792031942772364, 0.37791960143678277, 0.45491123735106925, 0.5409748804450213, 0.7255385603223529, 0.7255385603223529, 0.7672969996929169, 0.0, 0.0, 0.0, 0.5892814069986343, 0.23675942420959473, 0.23433345556259155, 0.8372486233711243, 0.8372486233711243, 0.3258526623249054, 0.36965893507003783, 0.39253759384155273, 0.3429849624633789, 0.10570049285888672, 0.1192115806043148]
[0.5598701884349188, 0.5892121758725908, 0.3333333333333333, 0.42424242424242425, 0.4369602636394338, 0.40853216999394887, 0.11432044953107834, 0.1142905130982399, 0.3858088744985898, 0.38580846421805215, 0.4426989208899766, 0.553122460371228, 0.7241879829338619, 0.7241879829338619, 0.7686656266450882, 0.0, 0.0, 0.0, 0.5901011437177658, 0.23900958895683289, 0.23671609163284302, 0.839444637298584, 0.839444637298584, 0.3208904266357422, 0.3716438293457031, 0.39194393157958984, 0.34322242736816405, 0.1088239774107933, 0.11509343050420284]
[0.6138681293953033, 0.639610254102283, 0.3333333333333333, 0.42424242424242425, 0.3361641071800493, 0.30773601353456437, 0.09315469115972519, 0.09310957789421082, 0.39057473881066873, 0.39057445389362866, 0.4384914768813445, 0.5572898589337368, 0.7077557700020927, 0.7077557700020927, 0.7695905417203903, 0.0, 0.0, 0.0, 0.5899732619524002, 0.2548435479402542, 0.2566077262163162, 0.8404087424278259, 0.8404087424278259, 0.319217711687088, 0.37231291532516475, 0.3933030962944031, 0.34267876148223875, 0.11174462735652924, 0.11029546149075031]
[0.7566982074862434, 0.7729183269871606, 0.3333333333333333, 0.42424242424242425, 0.06954796141029429, 0.04111986776480936, 0.18427643179893494, 0.18430094420909882, 0.3691773551371995, 0.36917635222921863, 0.4405674166250867, 0.5558966092880288, 0.678987056016922, 0.678987056016922, 0.7907620817422867, 0.0, 0.0, 0.0, 0.5904897749423981, 0.2897164523601532, 0.2904192954301834, 0.8423662781715393, 0.8423662781715393, 0.30130353569984436, 0.37947858572006227, 0.369891494512558, 0.35204340219497676, 0.11781050264835358, 0.1055692695081234]
[0.828805440948123, 0.8402184115515815, 0.3333333333333333, 0.42424242424242425, -0.06505220771854758, -0.09348030136403251, 0.06889598816633224, 0.06886301934719086, 0.37204210480130195, 0.37204122725681865, 0.44671637081963156, 0.5497909950486967, 0.6348812154361181, 0.6348812154361181, 0.8179943710565567, 0.0, 0.0, 0.0, 0.5937549114227294, 0.3099267929792404, 0.3101850152015686, 0.8494588136672974, 0.8494588136672974, 0.2864539623260498, 0.3854184150695801, 0.3513743579387665, 0.3594502568244934, 0.12121748179197311, 0.09945991449058056]
[0.8443067818880081, 0.854686329762141, 0.3333333333333333, 0.42424242424242425, -0.09398804413966644, -0.12241613778515137, 0.0, 0.0, 0.38690712711779157, 0.3869067396306171, 0.4519242269359173, 0.5442702914749409, 0.6129349555288043, 0.6129349555288043, 0.8268109783530235, 0.0, 0.0, 0.0, 0.5971693754196167, 0.3161653131246567, 0.3158593028783798, 0.8558604121208191, 0.8558604121208191, 0.27991384267807007, 0.388034462928772, 0.342140793800354, 0.3631436824798584, 0.12785704433918, 0.09625437669456005]
[0.8343713262251445, 0.8454132378101349, 0.3333333333333333, 0.42424242424242425, -0.07544186023565436, -0.10386995388113929, 0.0, 0.0, 0.3928980435285696, 0.39289789537170877, 0.454351469390023, 0.5417209855748357, 0.6113657142434802, 0.6113657142434802, 0.8261896967887878, 0.0, 0.0, 0.0, 0.5973022013902664, 0.312320739030838, 0.31240449845790863, 0.8562273383140564, 0.8562273383140564, 0.2782519459724426, 0.38869922161102294, 0.3385715186595917, 0.36457139253616333, 0.13152320683002472, 0.09670581668615341]
[0.8134712768452508, 0.8259065250555675, 0.3333333333333333, 0.42424242424242425, -0.036428434726519465, -0.0648565283720044, 0.0, 0.0, 0.39541629988194427, 0.3954175193268756, 0.4598155371545606, 0.5361637855528367, 0.6108537529196059, 0.6108537529196059, 0.8260539025068283, 0.0, 0.0, 0.0, 0.5982870370149612, 0.311912402510643, 0.3118786960840225, 0.8577480316162109, 0.8577480316162109, 0.2800178527832031, 0.38799285888671875, 0.338792085647583, 0.3644831657409668, 0.133735790848732, 0.09906481951475143]
[0.6080807090869972, 0.6342086618145307, 0.3333333333333333, 0.42424242424242425, 0.346967291755554, 0.3185391981100691, 0.9943162202835083, 0.9943153262138367, 0.33904681971606515, 0.3390460903284427, 0.48020916664349644, 0.5193853002838554, 0.7737171649932861, 0.7737171649932861, 0.7273480594158173, 0.0, 0.0, 0.0, 0.5832228779792785, 0.20647215843200684, 0.19704583287239075, 0.8298137187957764, 0.8298137187957764, 0.32066529989242554, 0.37173388004302976, 0.37005695700645447, 0.3519772171974182, 0.11488465964794159, 0.08162160404026508]
[0.4642857142857143, 0.5, 0.3333333333333333, 0.42424242424242425, 0.6153846153846154, 0.5869565217391305, 0.9870172739028931, 0.9870085716247559, 0.34562873384464765, 0.3456282437873388, 0.4779673168581713, 0.5212476320243424, 0.7922653215272086, 0.7922653215272086, 0.7132171839475632, 0.0, 0.0, 0.0, 0.5802838712930679, 0.19016748666763306, 0.1776956021785736, 0.824651300907135, 0.824651300907135, 0.3364618420600891, 0.36541526317596434, 0.38301560282707214, 0.34679375886917113, 0.10404881089925766, 0.08299846202135086]
[0.4642857142857143, 0.5, 0.3333333333333333, 0.42424242424242425, 0.6153846153846154, 0.5869565217391305, 0.5873020887374878, 0.5869251489639282, 0.28044969857764745, 0.2804469861674263, 0.4650040189121239, 0.532485025056183, 0.7473204604216985, 0.7473204604216985, 0.7518783435225487, 0.0, 0.0, 0.0, 0.5765685826539992, 0.22471725940704346, 0.22202163934707642, 0.8197652697563171, 0.8197652697563171, 0.3417501449584961, 0.36329994201660154, 0.4001018702983856, 0.33995925188064574, 0.10894573479890823, 0.08632207289338112]
[0.4642857142857143, 0.5, 0.3333333333333333, 0.42424242424242425, 0.6153846153846154, 0.5869565217391305, 0.09559334069490433, 0.09553729742765427, 0.39928974704122455, 0.3992911260396983, 0.4648032122314774, 0.5305740551277917, 0.676568980727877, 0.676568980727877, 0.7670658752322197, 0.0, 0.0, 0.0, 0.5768276631832122, 0.2505688965320587, 0.24791046977043152, 0.8202837705612183, 0.8202837705612183, 0.32603955268859863, 0.3695841789245605, 0.3945765197277069, 0.3421693921089172, 0.11398029327392578, 0.09596888907253742]
[0.4642857142857143, 0.5, 0.3333333333333333, 0.42424242424242425, 0.6153846153846154, 0.5869565217391305, 0.5930398106575012, 0.5931710004806519, 0.322675178885232, 0.3226738796635294, 0.4794670588997536, 0.5182980112723543, 0.706695488521031, 0.706695488521031, 0.7667694836854935, 0.0, 0.0, 0.0, 0.5772782951593398, 0.22002223134040833, 0.20850065350532532, 0.8205896615982056, 0.8205896615982056, 0.33068209886550903, 0.3677271604537964, 0.3899843394756317, 0.34400626420974734, 0.11087614297866821, 0.10126539506018162]
[0.4642857142857143, 0.5, 0.3333333333333333, 0.42424242424242425, 0.6153846153846154, 0.5869565217391305, 0.9895352721214294, 0.9895294308662415, 0.3399142325494303, 0.339913525955171, 0.511799037883888, 0.48687545970060125, 0.7798742396490915, 0.7798742396490915, 0.7208263278007507, 0.0, 0.0, 0.0, 0.5771022439002991, 0.19645294547080994, 0.1811026930809021, 0.8188920617103577, 0.8188920617103577, 0.3436509668827057, 0.36253961324691775, 0.39072278141975403, 0.3437108874320984, 0.10252957791090012, 0.09978261776268482]
[0.4642857142857143, 0.5, 0.3333333333333333, 0.42424242424242425, 0.6153846153846154, 0.5869565217391305, 0.9843639135360718, 0.9843539595603943, 0.34149111160584666, 0.34149045059831373, 0.5451878169070694, 0.45381318492091133, 0.7786505562918528, 0.7786505562918528, 0.7261842042207718, 0.0, 0.0, 0.0, 0.5781156182289123, 0.20265889167785645, 0.1828979253768921, 0.8179193139076233, 0.8179193139076233, 0.3828262984752655, 0.34686948060989375, 0.39744916558265686, 0.34102033376693724, 0.09940194338560104, 0.1014589425176382]
[0.4642857142857143, 0.5, 0.3333333333333333, 0.42424242424242425, 0.6153846153846154, 0.5869565217391305, 0.2721802592277527, 0.27195054292678833, 0.35929144044223293, 0.35929133787209855, 0.5890963164159946, 0.4084051242927242, 0.8308379564966475, 0.8308379564966475, 0.7502433359622955, 0.0, 0.0, 0.0, 0.5814033478498458, 0.2095561921596527, 0.2029438018798828, 0.811019241809845, 0.811019241809845, 0.4090069830417633, 0.33639720678329466, 0.41641342639923096, 0.3334346294403076, 0.10418407618999481, 0.11925284750759602]
[0.4642857142857143, 0.5, 0.3333333333333333, 0.42424242424242425, 0.6153846153846154, 0.5869565217391305, 0.14031411707401276, 0.1393895000219345, 0.3907275455175805, 0.39072860540896936, 0.6180590452701138, 0.3794707503824293, 0.8145013877323696, 0.8145013877323696, 0.7505775764584541, 0.0, 0.0, 0.0, 0.5809003740549087, 0.21135276556015015, 0.20452281832695007, 0.8093612194061279, 0.8093612194061279, 0.40670245885849, 0.337319016456604, 0.40001845359802246, 0.339992618560791, 0.10157143324613571, 0.1353817991912365]
[0.4642857142857143, 0.5, 0.3333333333333333, 0.42424242424242425, 0.6153846153846154, 0.5869565217391305, 0.11673983931541443, 0.11577405780553818, 0.3971460198353171, 0.39715314276131797, 0.6212675872314045, 0.37621719152881306, 0.7980292184012278, 0.7980292184012278, 0.7510178536176682, 0.0, 0.0, 0.0, 0.5801445364952087, 0.2142890989780426, 0.20570114254951477, 0.8079490661621094, 0.8079490661621094, 0.39663398265838623, 0.34134640693664553, 0.38291171193122864, 0.34683531522750854, 0.09990251064300537, 0.14122639782726765]
[0.4642857142857143, 0.5, 0.3333333333333333, 0.42424242424242425, 0.6153846153846154, 0.5869565217391305, 0.11165806651115417, 0.1107020378112793, 0.3981176097352008, 0.3981247896446097, 0.6183371129045068, 0.3790469077936728, 0.7945589934076582, 0.7945589934076582, 0.7514797225594521, 0.0, 0.0, 0.0, 0.5755649298429488, 0.22190815210342407, 0.21239951252937317, 0.7998397350311279, 0.7998397350311279, 0.3914031386375427, 0.3434387445449829, 0.3774985074996948, 0.3490005970001221, 0.09559044241905212, 0.14374532736837864]
[0.4642857142857143, 0.5, 0.3333333333333333, 0.42424242424242425, 0.6153846153846154, 0.5869565217391305, 0.10746612399816513, 0.1065976470708847, 0.4027411522874413, 0.4027484347669846, 0.6046972566535322, 0.3922629784392987, 0.7910239270755224, 0.7910239270755224, 0.752091646194458, 0.0, 0.0, 0.0, 0.5727767944335938, 0.22421005368232727, 0.21499216556549072, 0.7962003350257874, 0.7962003350257874, 0.3881324529647827, 0.34474701881408687, 0.3762614130973816, 0.3494954347610474, 0.09020055830478668, 0.14838656410574913]
[0.4642857142857143, 0.5, 0.3333333333333333, 0.42424242424242425, 0.6153846153846154, 0.5869565217391305, 0.10476098954677582, 0.10398180782794952, 0.40475873532304346, 0.40476608048433554, 0.6013109378559411, 0.39559084365695607, 0.7816670196396964, 0.7816670196396964, 0.7530997693538666, 0.0, 0.0, 0.0, 0.5700931340456008, 0.22621363401412964, 0.21656227111816406, 0.7926866412162781, 0.7926866412162781, 0.38653427362442017, 0.34538629055023196, 0.37662428617477417, 0.3493502855300903, 0.08759625256061554, 0.14733818359673023]
[0.4642857142857143, 0.5, 0.3333333333333333, 0.42424242424242425, 0.6153846153846154, 0.5869565217391305, 0.09900128096342087, 0.0982813835144043, 0.4062206560521463, 0.40622805249850563, 0.6043094845620441, 0.3926352624404904, 0.7823091745376587, 0.7823091745376587, 0.753496341407299, 0.0, 0.0, 0.0, 0.5680913984775543, 0.22704169154167175, 0.21704724431037903, 0.7896974086761475, 0.7896974086761475, 0.38540583848953247, 0.34583766460418697, 0.3764496445655823, 0.34942014217376705, 0.08599400520324707, 0.1470593549311161]
[0.4642857142857143, 0.5, 0.3333333333333333, 0.42424242424242425, 0.6153846153846154, 0.5869565217391305, 0.0728137195110321, 0.07175137102603912, 0.4060861866059312, 0.406093628639017, 0.6550095031183947, 0.34327806929050797, 0.784727760723659, 0.784727760723659, 0.7537617459893227, 0.0, 0.0, 0.0, 0.5712296336889267, 0.22705551981925964, 0.21633896231651306, 0.7931047081947327, 0.7931047081947327, 0.3855759799480438, 0.3457696080207825, 0.3722304105758667, 0.3511078357696533, 0.08618280291557312, 0.14663515612483025]
[0.4642857142857143, 0.5, 0.3333333333333333, 0.42424242424242425, 0.6153846153846154, 0.5869565217391305, 0.07365797460079193, 0.07226475328207016, 0.39317904011013405, 0.3931861060527269, 0.7192564493839417, 0.2817968241292655, 0.77960661479405, 0.77960661479405, 0.7450338751077652, 0.0, 0.0, 0.0, 0.573575335741043, 0.22279268503189087, 0.2154095470905304, 0.7953306436538696, 0.7953306436538696, 0.38151052594184875, 0.34739578962326045, 0.35349175333976746, 0.358603298664093, 0.08133643120527267, 0.14184266328811646]
[0.4642857142857143, 0.5, 0.3333333333333333, 0.42424242424242425, 0.6153846153846154, 0.5869565217391305, 0.07939054071903229, 0.07768801599740982, 0.3892513903331574, 0.3892582967222079, 0.7103852268386753, 0.29033378200316245, 0.7744669914245605, 0.7744669914245605, 0.742476649582386, 0.0, 0.0, 0.0, 0.574053943157196, 0.21961423754692078, 0.21286481618881226, 0.7950147986412048, 0.7950147986412048, 0.3814523220062256, 0.34741907119750975, 0.3482935130596161, 0.36068259477615355, 0.07905140519142151, 0.1416284590959549]
[0.4642857142857143, 0.5, 0.3333333333333333, 0.42424242424242425, 0.6153846153846154, 0.5869565217391305, 0.09315668791532516, 0.09189603477716446, 0.3907812922680127, 0.3907882556404712, 0.6726472241016921, 0.3266233006986509, 0.7724394117082869, 0.7724394117082869, 0.7460786625742912, 0.0, 0.0, 0.0, 0.5735595226287842, 0.2237589955329895, 0.2142476737499237, 0.7935594916343689, 0.7935594916343689, 0.3871559202671051, 0.34513763189315794, 0.35218438506126404, 0.35912624597549436, 0.08067120611667633, 0.14442422427237034]
[0.4642857142857143, 0.5, 0.3333333333333333, 0.42424242424242425, 0.6153846153846154, 0.5869565217391305, 0.7691588401794434, 0.7517602443695068, 0.2591437162906216, 0.259146565461022, 0.5785140188884552, 0.4212805025385574, 0.7766231894493103, 0.7766231894493103, 0.7590519413352013, 0.0, 0.0, 0.0, 0.5692383080720901, 0.21424785256385803, 0.19841107726097107, 0.7868791818618774, 0.7868791818618774, 0.4210028350353241, 0.33159886598587035, 0.397968590259552, 0.3408125638961792, 0.08071710169315338, 0.1500421855598688]
[0.4642857142857143, 0.5, 0.3333333333333333, 0.42424242424242425, 0.6153846153846154, 0.5869565217391305, 0.19761914014816284, 0.1973227709531784, 0.3738947265690645, 0.37390086938044764, 0.5746898452820787, 0.42224421733145456, 0.7601383328437805, 0.7601383328437805, 0.766417533159256, 0.0, 0.0, 0.0, 0.5696147978305817, 0.22622844576835632, 0.22240447998046875, 0.7926980257034302, 0.7926980257034302, 0.3926115036010742, 0.3429553985595703, 0.39127397537231445, 0.3434904098510742, 0.08046043664216995, 0.14927634969353676]
[0.4642857142857143, 0.5, 0.3333333333333333, 0.42424242424242425, 0.6153846153846154, 0.5869565217391305, 0.14656135439872742, 0.14645716547966003, 0.37855598074072405, 0.37856230589901285, 0.4964740323205523, 0.49919993375450383, 0.7004476657935552, 0.7004476657935552, 0.7716239169239998, 0.0, 0.0, 0.0, 0.5754528194665909, 0.2262936532497406, 0.22076505422592163, 0.810317873954773, 0.810317873954773, 0.3295709192752838, 0.3681716322898865, 0.36497169733047485, 0.3540113210678101, 0.08185120671987534, 0.14762945473194122]
[0.4642857142857143, 0.5, 0.3333333333333333, 0.42424242424242425, 0.6153846153846154, 0.5869565217391305, 0.1469772756099701, 0.1469072848558426, 0.37288170973155965, 0.3728878639396245, 0.44795717883064456, 0.5479235298154409, 0.6523181923798153, 0.6523181923798153, 0.7753443494439125, 0.0, 0.0, 0.0, 0.5774739980697632, 0.23220854997634888, 0.22692936658859253, 0.8195940256118774, 0.8195940256118774, 0.3101500868797302, 0.3759399652481079, 0.3562728464603424, 0.35749086141586306, 0.08396117389202118, 0.14042597264051437]
[0.4642857142857143, 0.5, 0.3333333333333333, 0.42424242424242425, 0.6153846153846154, 0.5869565217391305, 0.15066920220851898, 0.15063072741031647, 0.36853418341102384, 0.3685401780655462, 0.42773637147068294, 0.5684421467114994, 0.627809294632503, 0.627809294632503, 0.7766683399677277, 0.0, 0.0, 0.0, 0.5743023842573165, 0.23814016580581665, 0.23344343900680542, 0.8204880952835083, 0.8204880952835083, 0.298318088054657, 0.3806727647781372, 0.34628042578697205, 0.3614878296852112, 0.08551892638206482, 0.13194845989346504]
[0.4642857142857143, 0.5, 0.3333333333333333, 0.42424242424242425, 0.6153846153846154, 0.5869565217391305, 0.15424975752830505, 0.15420696139335632, 0.36903232096714, 0.36903831562166234, 0.4137999963578029, 0.5825789452916071, 0.6232797460896629, 0.6232797460896629, 0.7759017497301102, 0.0, 0.0, 0.0, 0.5728740721940994, 0.2457737922668457, 0.24316012859344482, 0.8200703263282776, 0.8200703263282776, 0.2953028380870819, 0.38187886476516725, 0.34368792176246643, 0.36252483129501345, 0.09160114079713821, 0.12428643181920052]
[0.4642857142857143, 0.5, 0.3333333333333333, 0.42424242424242425, 0.6153846153846154, 0.5869565217391305, 0.15691505372524261, 0.15686562657356262, 0.37103297423222326, 0.3710390258701536, 0.40803101892453075, 0.5884287194990925, 0.6213189661502838, 0.6213189661502838, 0.7738464623689651, 0.0, 0.0, 0.0, 0.5736653953790665, 0.24787718057632446, 0.24550682306289673, 0.8223203420639038, 0.8223203420639038, 0.3012876510620117, 0.3794849395751953, 0.35785987973213196, 0.3568560481071472, 0.09922480583190918, 0.11609037406742573]
[0.4642857142857143, 0.5, 0.3333333333333333, 0.42424242424242425, 0.6153846153846154, 0.5869565217391305, 0.1730274260044098, 0.17295680940151215, 0.3706881448370093, 0.3706941622848948, 0.3996671139624105, 0.5969094489951384, 0.6381881662777492, 0.6381881662777492, 0.7713942155241966, 0.0, 0.0, 0.0, 0.5754303306341171, 0.2511046230792999, 0.2477436065673828, 0.8255831599235535, 0.8255831599235535, 0.3240525424480438, 0.3703789830207824, 0.38698917627334595, 0.3452043294906616, 0.10088719427585602, 0.1101596187800169]
[0.4642857142857143, 0.5, 0.3333333333333333, 0.42424242424242425, 0.6153846153846154, 0.5869565217391305, 0.6252082586288452, 0.6201817393302917, 0.26485899256018786, 0.26486188731731464, 0.40526067367247365, 0.5936665631338419, 0.694308876991272, 0.694308876991272, 0.7453645616769791, 0.0, 0.0, 0.0, 0.5769247949123382, 0.22201129794120789, 0.21872329711914062, 0.8287478685379028, 0.8287478685379028, 0.39064672589302063, 0.3437413096427917, 0.4544968605041504, 0.3182012557983398, 0.10226495563983917, 0.09631236083805561]
[0.4642857142857143, 0.5, 0.3333333333333333, 0.42424242424242425, 0.6153846153846154, 0.5869565217391305, 0.24927282333374023, 0.2491816282272339, 0.3499453067779541, 0.34995068601166995, 0.3869154125053158, 0.6101871557440351, 0.712001600435802, 0.712001600435802, 0.74452293664217, 0.0, 0.0, 0.0, 0.5797085911035538, 0.22286155819892883, 0.22023171186447144, 0.8335086107254028, 0.8335086107254028, 0.3905070722103119, 0.34379717111587527, 0.45420244336128235, 0.31831902265548706, 0.10508747398853302, 0.09651736356317997]
[0.4642857142857143, 0.5, 0.3333333333333333, 0.42424242424242425, 0.6153846153846154, 0.5869565217391305, 0.18842598795890808, 0.18838515877723694, 0.36845471435021715, 0.3684606976080579, 0.38193183738460507, 0.6148366200485781, 0.6977685860225133, 0.6977685860225133, 0.7478048652410507, 0.0, 0.0, 0.0, 0.5814240425825119, 0.22912517189979553, 0.22603586316108704, 0.8356208801269531, 0.8356208801269531, 0.3737289011478424, 0.350508439540863, 0.44051098823547363, 0.32379560470581054, 0.1066705510020256, 0.10363349691033363]
[0.4642857142857143, 0.5, 0.3333333333333333, 0.42424242424242425, 0.6153846153846154, 0.5869565217391305, 0.16368183493614197, 0.1636362224817276, 0.37582342118651646, 0.37583702882434855, 0.3808463718421601, 0.6159726583656293, 0.693758534533637, 0.693758534533637, 0.7503285184502602, 0.0, 0.0, 0.0, 0.5817686975002289, 0.2303173542022705, 0.22696015238761902, 0.8357595205307007, 0.8357595205307007, 0.35908442735671997, 0.35636622905731197, 0.4257389008998871, 0.32970443964004514, 0.10710934549570084, 0.10970732197165489]
[0.4642857142857143, 0.5, 0.3333333333333333, 0.42424242424242425, 0.6153846153846154, 0.5869565217391305, 0.1549140214920044, 0.15488146245479584, 0.3814502820002189, 0.3814641403650463, 0.3831331957822548, 0.6135320646990275, 0.6854620575904846, 0.6854620575904846, 0.7514016851782799, 0.0, 0.0, 0.0, 0.5812029302120209, 0.23420649766921997, 0.2301158308982849, 0.8343014121055603, 0.8343014121055603, 0.34863877296447754, 0.360544490814209, 0.4140384793281555, 0.3343846082687378, 0.10796511918306351, 0.11457471176981926]
[0.4642857142857143, 0.5, 0.3333333333333333, 0.42424242424242425, 0.6153846153846154, 0.5869565217391305, 0.1499241292476654, 0.1498865932226181, 0.3842313116412774, 0.3842453295596471, 0.38883284720134553, 0.6076433993155773, 0.6759481770651682, 0.6759481770651682, 0.7522293627262115, 0.0, 0.0, 0.0, 0.5816240638494491, 0.2374674379825592, 0.23450931906700134, 0.8342632055282593, 0.8342632055282593, 0.3411126434803009, 0.3635549426078796, 0.40613266825675964, 0.33754693269729613, 0.10981003940105438, 0.117260767146945]
[0.4642857142857143, 0.5, 0.3333333333333333, 0.42424242424242425, 0.6153846153846154, 0.5869565217391305, 0.14477625489234924, 0.14469453692436218, 0.38804932534124836, 0.38806350281316054, 0.4091391467683402, 0.587008775597498, 0.6680105626583099, 0.6680105626583099, 0.7555060908198357, 0.0, 0.0, 0.0, 0.5801605373620986, 0.23772895336151123, 0.23600855469703674, 0.8320758938789368, 0.8320758938789368, 0.31539663672447205, 0.3738413453102112, 0.37545666098594666, 0.34981733560562134, 0.11170393228530884, 0.11807439848780632]
[0.4642857142857143, 0.5, 0.3333333333333333, 0.42424242424242425, 0.6153846153846154, 0.5869565217391305, 0.14444652199745178, 0.14437812566757202, 0.38958620204524375, 0.38960036812047427, 0.42590769413096496, 0.5701543399931546, 0.6668972756181445, 0.6668972756181445, 0.7596133276820183, 0.0, 0.0, 0.0, 0.5793876349925995, 0.23661991953849792, 0.23497053980827332, 0.8306315541267395, 0.8306315541267395, 0.3041537404060364, 0.37833850383758544, 0.35844168066978455, 0.35662332773208616, 0.11434433609247208, 0.12118153274059296]
[0.4642857142857143, 0.5, 0.3333333333333333, 0.42424242424242425, 0.6153846153846154, 0.5869565217391305, 0.14681455492973328, 0.14676494896411896, 0.38997423626040867, 0.38998845931904724, 0.4376074875745901, 0.558313691934374, 0.685904324054718, 0.685904324054718, 0.7585429400205612, 0.0, 0.0, 0.0, 0.5807052135467529, 0.23360851407051086, 0.22966629266738892, 0.8316153287887573, 0.8316153287887573, 0.301882803440094, 0.3792468786239624, 0.3555815815925598, 0.3577673673629761, 0.11692342162132263, 0.12642794288694859]
[0.4642857142857143, 0.5, 0.3333333333333333, 0.42424242424242425, 0.6153846153846154, 0.5869565217391305, 0.148421511054039, 0.1483898162841797, 0.38765172931021985, 0.38766590678213203, 0.4557518309434559, 0.5399996678249736, 0.7098845498902457, 0.7098845498902457, 0.7559255808591843, 0.0, 0.0, 0.0, 0.5825455009937286, 0.22862717509269714, 0.22355031967163086, 0.832100510597229, 0.832100510597229, 0.3078332543373108, 0.3768666982650757, 0.36107659339904785, 0.35556936264038086, 0.11728153377771378, 0.14266994781792164]
[0.4642857142857143, 0.5, 0.3333333333333333, 0.42424242424242425, 0.6153846153846154, 0.5869565217391305, 0.1510913223028183, 0.15107309818267822, 0.38271659008631514, 0.38273051683123205, 0.47277819403726784, 0.5229094989846309, 0.7280745037964412, 0.7280745037964412, 0.7525687292218208, 0.0, 0.0, 0.0, 0.5837019443511963, 0.21843957901000977, 0.21095934510231018, 0.8308095932006836, 0.8308095932006836, 0.32374629378318787, 0.3705014824867249, 0.3744399845600128, 0.35022400617599486, 0.11613316088914871, 0.15499496832489967]
[0.4642857142857143, 0.5, 0.3333333333333333, 0.42424242424242425, 0.6153846153846154, 0.5869565217391305, 0.15602311491966248, 0.15600578486919403, 0.3817806604031623, 0.38179460994144243, 0.4944624104617203, 0.5010333065270416, 0.7498693466186523, 0.7498693466186523, 0.7484177649021149, 0.0, 0.0, 0.0, 0.5898597538471222, 0.2115441858768463, 0.2039473056793213, 0.8343812823295593, 0.8343812823295593, 0.33214977383613586, 0.36714009046554563, 0.37861233949661255, 0.34855506420135496, 0.11691500246524811, 0.16825996339321136]
[0.4642857142857143, 0.5, 0.3333333333333333, 0.42424242424242425, 0.6153846153846154, 0.5869565217391305, 0.15858376026153564, 0.15856386721134186, 0.3802164772500499, 0.3802304495816933, 0.5089034181707903, 0.48660939277193466, 0.7676304238183158, 0.7676304238183158, 0.7472350299358368, 0.0, 0.0, 0.0, 0.592445906996727, 0.21110406517982483, 0.2033151090145111, 0.8373262286186218, 0.8373262286186218, 0.34136244654655457, 0.3634550213813782, 0.3814070522785187, 0.3474371790885925, 0.11781256645917892, 0.17975151538848877]
[0.4642857142857143, 0.5, 0.3333333333333333, 0.42424242424242425, 0.6153846153846154, 0.5869565217391305, 0.16280798614025116, 0.16274438798427582, 0.38108893881336453, 0.38110354935917756, 0.5162772634859066, 0.4794550632148988, 0.7652089425495693, 0.7652089425495693, 0.7520101442933083, 0.0, 0.0, 0.0, 0.5947319865226746, 0.21299317479133606, 0.20427772402763367, 0.8398312926292419, 0.8398312926292419, 0.34702906012535095, 0.36118837594985964, 0.38077273964881897, 0.34769090414047243, 0.1182684451341629, 0.18516942858695984]
[0.4642857142857143, 0.5, 0.3333333333333333, 0.42424242424242425, 0.6153846153846154, 0.5869565217391305, 0.09395646303892136, 0.0937664583325386, 0.4207156964971276, 0.42073195956177284, 0.5249622143933239, 0.47061090778843573, 0.7841985992022924, 0.7841985992022924, 0.7664541453123093, 0.0, 0.0, 0.0, 0.5959781140089034, 0.2184700071811676, 0.2095378339290619, 0.8412640690803528, 0.8412640690803528, 0.3508886992931366, 0.35964452028274535, 0.37979692220687866, 0.34808123111724854, 0.11973895877599716, 0.18762275576591492]
[0.4642857142857143, 0.5, 0.3333333333333333, 0.42424242424242425, 0.6153846153846154, 0.5869565217391305, 0.0777571052312851, 0.07751873880624771, 0.42145740963077, 0.4214737125838008, 0.5316682127420123, 0.4639448291662268, 0.7834815553256445, 0.7834815553256445, 0.7669836431741714, 0.0, 0.0, 0.0, 0.5975448429584502, 0.216978520154953, 0.20721164345741272, 0.8435154557228088, 0.8435154557228088, 0.3516328036785126, 0.3593468785285949, 0.37677624821662903, 0.3492895007133484, 0.11984185874462128, 0.1844053529202938]
[0.4642857142857143, 0.5, 0.3333333333333333, 0.42424242424242425, 0.6153846153846154, 0.5869565217391305, 0.04267069697380066, 0.04242467135190964, 0.42239663295490565, 0.4224129643996405, 0.5381576912352961, 0.457531990507542, 0.780306671346937, 0.780306671346937, 0.7668513655662537, 0.0, 0.0, 0.0, 0.5979641199111938, 0.2168893814086914, 0.20703649520874023, 0.8441826701164246, 0.8441826701164246, 0.35185274481773376, 0.35925890207290645, 0.37303784489631653, 0.3507848620414734, 0.12017299234867096, 0.18172059208154678]
[0.4642857142857143, 0.5, 0.3333333333333333, 0.42424242424242425, 0.6153846153846154, 0.5869565217391305, 0.03543708845973015, 0.03516547009348869, 0.42149345163633445, 0.4215097830810693, 0.5483967776964089, 0.4473487477862762, 0.7764466319765364, 0.7764466319765364, 0.7655656933784485, 0.0, 0.0, 0.0, 0.5967120468616485, 0.21826130151748657, 0.20855194330215454, 0.8424254655838013, 0.8424254655838013, 0.3552526831626892, 0.3578989267349243, 0.3722905218601227, 0.3510837912559509, 0.11996503919363022, 0.17878945916891098]
[0.4642857142857143, 0.5, 0.3333333333333333, 0.42424242424242425, 0.6153846153846154, 0.5869565217391305, 0.03638226538896561, 0.03605283796787262, 0.4197565916619383, 0.4197728148381979, 0.5651774796199616, 0.43092607261523186, 0.7422379510743278, 0.7422379510743278, 0.7691830992698669, 0.0, 0.0, 0.0, 0.5941965728998184, 0.22876852750778198, 0.21975666284561157, 0.8377884030342102, 0.8377884030342102, 0.35436874628067017, 0.3582525014877319, 0.3654601275920868, 0.35381594896316526, 0.1156754121184349, 0.17924677580595016]
[0.4642857142857143, 0.5, 0.3333333333333333, 0.42424242424242425, 0.6153846153846154, 0.5869565217391305, 0.04052465036511421, 0.04008742421865463, 0.41520627848732766, 0.4152223421100449, 0.5737543144827819, 0.4225334081270904, 0.7430763755525862, 0.7430763755525862, 0.7696726247668266, 0.0, 0.0, 0.0, 0.5924026191234588, 0.22411179542541504, 0.21552777290344238, 0.8342028260231018, 0.8342028260231018, 0.3545750081539154, 0.35816999673843386, 0.3601545989513397, 0.35593816041946413, 0.10689465701580048, 0.1816452108323574]
[0.4642857142857143, 0.5, 0.3333333333333333, 0.42424242424242425, 0.6153846153846154, 0.5869565217391305, 0.04578574374318123, 0.04536384716629982, 0.41125907200472306, 0.4112749475821938, 0.576792088566957, 0.4195753538307172, 0.7278717841420855, 0.7278717841420855, 0.7703947052359581, 0.0, 0.0, 0.0, 0.5901031881570815, 0.22489836812019348, 0.21711426973342896, 0.8296368718147278, 0.8296368718147278, 0.3543452322483063, 0.3582619071006775, 0.35554274916648865, 0.35778290033340454, 0.10007781535387039, 0.18509946763515472]
[0.4642857142857143, 0.5, 0.3333333333333333, 0.42424242424242425, 0.6153846153846154, 0.5869565217391305, 0.03941987454891205, 0.03881239891052246, 0.4099724835237171, 0.40998830211777987, 0.5771207802610233, 0.4193110078009724, 0.7038777002266475, 0.7038777002266475, 0.7702292799949646, 0.0, 0.0, 0.0, 0.5900622993707656, 0.22803661227226257, 0.21917283535003662, 0.8299049139022827, 0.8299049139022827, 0.3474383056163788, 0.3610246777534485, 0.34847545623779297, 0.3606098175048828, 0.09978276491165161, 0.1794346421957016]
[0.4642857142857143, 0.5, 0.3333333333333333, 0.42424242424242425, 0.6153846153846154, 0.5869565217391305, 0.03727656230330467, 0.03665285184979439, 0.40674683514334276, 0.4067624770888407, 0.5713970647487312, 0.42511871115832617, 0.6489300302096777, 0.6489300302096777, 0.771817535161972, 0.0, 0.0, 0.0, 0.5581708610057831, 0.25582654774188995, 0.24648499488830566, 0.783371090888977, 0.783371090888977, 0.3219006061553955, 0.3712397575378418, 0.32968512177467346, 0.3681259512901306, 0.08350152522325516, 0.15564328990876675]
[0.4642857142857143, 0.5, 0.3333333333333333, 0.42424242424242425, 0.6153846153846154, 0.5869565217391305, 0.038069844245910645, 0.03749595209956169, 0.4061381611723745, 0.4061537404361236, 0.5624840106836468, 0.4340069033624971, 0.6727746554783413, 0.6727746554783413, 0.7734673619270325, 0.0, 0.0, 0.0, 0.5527384519577025, 0.25054189562797546, 0.24112734198570251, 0.7767857313156128, 0.7767857313156128, 0.31517335772514343, 0.37393065690994265, 0.3256668150424957, 0.3697332739830017, 0.07656076550483704, 0.1395468506962061]
[0.4642857142857143, 0.5, 0.3333333333333333, 0.42424242424242425, 0.6153846153846154, 0.5869565217391305, 0.034715455025434494, 0.034226078540086746, 0.40903479305325685, 0.409050514775526, 0.5449712999008354, 0.4511715252991566, 0.7048964074679784, 0.7048964074679784, 0.7734216526150703, 0.0, 0.0, 0.0, 0.5680593758821487, 0.2363131046295166, 0.22506898641586304, 0.8016979694366455, 0.8016979694366455, 0.31989622116088867, 0.3720415115356445, 0.3341432213783264, 0.3663427114486694, 0.07806918025016785, 0.13345642015337944]
[0.4642857142857143, 0.5, 0.3333333333333333, 0.42424242424242425, 0.6153846153846154, 0.5869565217391305, 0.028915489092469215, 0.028685981407761574, 0.40905996832291436, 0.4090757185368875, 0.5008078372145132, 0.4947337052967484, 0.7048276492527553, 0.7048276492527553, 0.77740129083395, 0.0, 0.0, 0.0, 0.5722330570220947, 0.23509010672569275, 0.22365069389343262, 0.8094075918197632, 0.8094075918197632, 0.3164796233177185, 0.37340815067291255, 0.3365493416786194, 0.3653802633285522, 0.08022629469633102, 0.13530811294913292]
[0.4642857142857143, 0.5, 0.3333333333333333, 0.42424242424242425, 0.6153846153846154, 0.5869565217391305, 0.03456014394760132, 0.03451715409755707, 0.4114715802282038, 0.411487415917289, 0.45390246007912016, 0.5415592481433041, 0.7127821871212551, 0.7127821871212551, 0.7850007265806198, 0.0, 0.0, 0.0, 0.5811967760324478, 0.23574310541152954, 0.2245389223098755, 0.8267356157302856, 0.8267356157302856, 0.31375548243522644, 0.3744978070259094, 0.34567445516586304, 0.3617302179336548, 0.08424746990203857, 0.13911147601902485]
[0.4642857142857143, 0.5, 0.3333333333333333, 0.42424242424242425, 0.6153846153846154, 0.5869565217391305, 0.0380336232483387, 0.038028817623853683, 0.4209183864794087, 0.42093459256064597, 0.42967530600655374, 0.5659760672156665, 0.7420372537204198, 0.7420372537204198, 0.7866758182644844, 0.0, 0.0, 0.0, 0.5827858060598373, 0.23900502920150757, 0.22997665405273438, 0.8303212523460388, 0.8303212523460388, 0.3120587468147278, 0.3751765012741089, 0.35674208402633667, 0.35730316638946535, 0.08894717693328857, 0.14158246107399464]
[0.4642857142857143, 0.5, 0.3333333333333333, 0.42424242424242425, 0.6153846153846154, 0.5869565217391305, 0.035355839878320694, 0.03535476699471474, 0.42637245650501143, 0.42638888482153986, 0.4197603924552524, 0.5759208728382231, 0.76109202844756, 0.76109202844756, 0.7862997502088547, 0.0, 0.0, 0.0, 0.5837551832199096, 0.2419581413269043, 0.23323401808738708, 0.8326595425605774, 0.8326595425605774, 0.31334319710731506, 0.374662721157074, 0.366924911737442, 0.35323003530502317, 0.09574700146913528, 0.14080921187996864]
[0.4642857142857143, 0.5, 0.3333333333333333, 0.42424242424242425, 0.6153846153846154, 0.5869565217391305, 0.17217300832271576, 0.1721472591161728, 0.37568328758954544, 0.37569761321831846, 0.41285937124183025, 0.5831866192037649, 0.7772573402949743, 0.7772573402949743, 0.7613394409418106, 0.0, 0.0, 0.0, 0.5974704086780548, 0.22140997648239136, 0.21305185556411743, 0.8546183705329895, 0.8546183705329895, 0.3444406986236572, 0.3622237205505371, 0.4228295683860779, 0.33086817264556884, 0.1039852723479271, 0.13629822991788387]
[0.4642857142857143, 0.5, 0.3333333333333333, 0.42424242424242425, 0.6153846153846154, 0.5869565217391305, 0.1898847073316574, 0.18984685838222504, 0.37503143159198943, 0.3750457344273992, 0.40734574785651945, 0.5887256144514909, 0.7904809713363647, 0.7904809713363647, 0.7509706094861031, 0.0, 0.0, 0.0, 0.6071487426757812, 0.21307724714279175, 0.20549646019935608, 0.8689004182815552, 0.8689004182815552, 0.36159491539001465, 0.3553620338439941, 0.4451296329498291, 0.32194814682006834, 0.12119652330875397, 0.1268550381064415]
[0.4642857142857143, 0.5, 0.3333333333333333, 0.42424242424242425, 0.6153846153846154, 0.5869565217391305, 0.19065456092357635, 0.19062113761901855, 0.3790922629901602, 0.3791067823625204, 0.4076463923171647, 0.5882657013654659, 0.794627240725926, 0.794627240725926, 0.7492135390639305, 0.0, 0.0, 0.0, 0.6117625206708908, 0.21001112461090088, 0.20283165574073792, 0.875322163105011, 0.875322163105011, 0.3646928668022156, 0.35412285327911375, 0.44938287138938904, 0.32024685144424436, 0.12831485271453857, 0.12184401974081993]
[0.4642857142857143, 0.5, 0.3333333333333333, 0.42424242424242425, 0.6153846153846154, 0.5869565217391305, 0.04777565225958824, 0.047700461000204086, 0.452105770375487, 0.45212267735264267, 0.5247411358652789, 0.4728628122961038, 0.8527195027896337, 0.8527195027896337, 0.7688116580247879, 0.0, 0.0, 0.0, 0.6128493070602417, 0.21916675567626953, 0.21739917993545532, 0.8784664273262024, 0.8784664273262024, 0.365024209022522, 0.3539903163909912, 0.44106557965278625, 0.3235737681388855, 0.13237957656383514, 0.08172674104571342]
[0.4642857142857143, 0.5, 0.3333333333333333, 0.42424242424242425, 0.6153846153846154, 0.5869565217391305, 0.0, 0.0, 0.4666774136158522, 0.46669475366690877, 0.5311852384707668, 0.46682934637456686, 0.8166099446160453, 0.8166099446160453, 0.7720475718379021, 0.0, 0.0, 0.0, 0.6098557263612747, 0.23311227560043335, 0.23090600967407227, 0.8771803975105286, 0.8771803975105286, 0.34188225865364075, 0.3632470965385437, 0.4050118029117584, 0.3379952788352966, 0.13397304713726044, 0.078812250867486]
[0.4642857142857143, 0.5, 0.3333333333333333, 0.42424242424242425, 0.6153846153846154, 0.5869565217391305, 0.0, 0.0, 0.46139480381577236, 0.4614119415757305, 0.5307649858367147, 0.46727595953316303, 0.7689181821686881, 0.7689181821686881, 0.7709671035408974, 0.0, 0.0, 0.0, 0.6089690446853637, 0.23663559556007385, 0.23522010445594788, 0.8772647976875305, 0.8772647976875305, 0.33360975980758667, 0.3665560960769653, 0.39371001720428467, 0.3425159931182861, 0.14133791625499725, 0.0785606075078249]
[0.4642857142857143, 0.5, 0.3333333333333333, 0.42424242424242425, 0.6153846153846154, 0.5869565217391305, 0.0, 0.0, 0.4591470704935705, 0.459164097135883, 0.5474868210506256, 0.45088999307355687, 0.7705747229712351, 0.7705747229712351, 0.7660771384835243, 0.0, 0.0, 0.0, 0.6141355931758881, 0.23016056418418884, 0.23166987299919128, 0.8859940767288208, 0.8859940767288208, 0.3283814787864685, 0.36864740848541255, 0.3889545500278473, 0.34441817998886104, 0.17423954606056213, 0.08192871697247028]
[0.4642857142857143, 0.5, 0.3333333333333333, 0.42424242424242425, 0.6153846153846154, 0.5869565217391305, 0.0, 0.0, 0.4538508445081474, 0.4538676546135095, 0.5513414408919004, 0.44710740026000306, 0.7619026729038784, 0.7619026729038784, 0.7624724879860878, 0.0, 0.0, 0.0, 0.6162373811006545, 0.2266954779624939, 0.22977858781814575, 0.8891275525093079, 0.8891275525093079, 0.32283541560173035, 0.3708658337593078, 0.3835381865501404, 0.34658472537994384, 0.1842861920595169, 0.08521409705281258]
[0.4642857142857143, 0.5, 0.3333333333333333, 0.42424242424242425, 0.6153846153846154, 0.5869565217391305, 0.0, 0.0, 0.443624627749733, 0.4436410902563062, 0.549761564508223, 0.4485761703947484, 0.7392066504274096, 0.7392066504274096, 0.7586670741438866, 0.0, 0.0, 0.0, 0.6161499500274658, 0.22061973810195923, 0.2247893512248993, 0.8897684812545776, 0.8897684812545776, 0.3173770606517792, 0.3730491757392883, 0.37495508790016174, 0.3500179648399353, 0.19003185629844666, 0.055220089852809906]
[0.4642857142857143, 0.5, 0.3333333333333333, 0.42424242424242425, 0.6153846153846154, 0.5869565217391305, 0.0, 0.0, 0.43583192446947555, 0.43584814194739435, 0.5464147893466184, 0.4517155800854448, 0.737588895218713, 0.737588895218713, 0.7529134154319763, 0.0, 0.0, 0.0, 0.6144763886928558, 0.21461880207061768, 0.2179800570011139, 0.8881992697715759, 0.8881992697715759, 0.3135848641395569, 0.3745660543441772, 0.36848175525665283, 0.35260729789733886, 0.18578661978244781, 0.043098246678709984]
[0.4642857142857143, 0.5, 0.3333333333333333, 0.42424242424242425, 0.6153846153846154, 0.5869565217391305, 0.0, 0.0, 0.4331559836294637, 0.43317209853724814, 0.5434289185996265, 0.45462242909138284, 0.7391977735928127, 0.7391977735928127, 0.7530625239014626, 0.0, 0.0, 0.0, 0.6098817408084869, 0.21581774950027466, 0.21909424662590027, 0.8836356997489929, 0.8836356997489929, 0.31281861662864685, 0.37487255334854125, 0.3660026788711548, 0.35359892845153806, 0.17592012882232666, 0.048834094777703285]
[0.4642857142857143, 0.5, 0.3333333333333333, 0.42424242424242425, 0.6153846153846154, 0.5869565217391305, 0.0, 0.0, 0.4352791968084886, 0.4352953459063178, 0.5461606832352924, 0.4520556342710678, 0.7402843875544413, 0.7402843875544413, 0.7548043057322502, 0.0, 0.0, 0.0, 0.6070708870887755, 0.21797505021095276, 0.2215394377708435, 0.8799834847450256, 0.8799834847450256, 0.3123474419116974, 0.37506102323532103, 0.36365965008735657, 0.3545361399650574, 0.17109574377536774, 0.048192981630563736]
[0.4642857142857143, 0.5, 0.3333333333333333, 0.42424242424242425, 0.6153846153846154, 0.5869565217391305, 0.0, 0.0, 0.437737472426595, 0.437753684206173, 0.5496502873090667, 0.448694467949771, 0.7437756870474135, 0.7437756870474135, 0.7573557645082474, 0.0, 0.0, 0.0, 0.6060670256614684, 0.22349801659584045, 0.22601374983787537, 0.8782811760902405, 0.8782811760902405, 0.31287771463394165, 0.3748489141464233, 0.3630067706108093, 0.35479729175567626, 0.16378231346607208, 0.05105660296976566]
[0.4642857142857143, 0.5, 0.3333333333333333, 0.42424242424242425, 0.6153846153846154, 0.5869565217391305, 0.0, 0.0, 0.4420705990399275, 0.4420869646747071, 0.5501569780747247, 0.44828825602745187, 0.7414291799068451, 0.7414291799068451, 0.7630453184247017, 0.0, 0.0, 0.0, 0.6019642114639282, 0.2317350208759308, 0.23256447911262512, 0.8712874054908752, 0.8712874054908752, 0.3115290701389313, 0.3753883719444275, 0.3613433837890625, 0.355462646484375, 0.15094786882400513, 0.07535143755376339]
[0.4642857142857143, 0.5, 0.3333333333333333, 0.42424242424242425, 0.6153846153846154, 0.5869565217391305, 0.08859440684318542, 0.08853548765182495, 0.44199915324296823, 0.44201009405730557, 0.4382724497559877, 0.5584740127939972, 0.7842518602098738, 0.7842518602098738, 0.778530977666378, 0.0, 0.0, 0.0, 0.5705651491880417, 0.24695751070976257, 0.24302157759666443, 0.8237703442573547, 0.8237703442573547, 0.3384123742580414, 0.36463505029678345, 0.40645819902420044, 0.3374167203903198, 0.13197365403175354, 0.08172938600182533]
[0.4642857142857143, 0.5, 0.3333333333333333, 0.42424242424242425, 0.6153846153846154, 0.5869565217391305, 0.2815660834312439, 0.2815336585044861, 0.36872424587009056, 0.3687324628775252, 0.4190578611129556, 0.5775391061784154, 0.800184394632067, 0.800184394632067, 0.7453404068946838, 0.0, 0.0, 0.0, 0.5764791697263717, 0.2277383804321289, 0.21917042136192322, 0.8268152475357056, 0.8268152475357056, 0.3863756060600281, 0.3454497575759887, 0.45204535126686096, 0.3191818594932556, 0.12879912555217743, 0.1179781649261713]
[0.4642857142857143, 0.5, 0.3333333333333333, 0.42424242424242425, 0.6153846153846154, 0.5869565217391305, 0.1935834139585495, 0.1934358775615692, 0.39842699545063437, 0.3984364319030003, 0.42549470688143376, 0.5705526639872204, 0.749207181589944, 0.749207181589944, 0.743699848651886, 0.0, 0.0, 0.0, 0.5658540308475494, 0.23983335494995117, 0.2350899577140808, 0.8075911998748779, 0.8075911998748779, 0.3619769215583801, 0.35520923137664795, 0.4212966561317444, 0.33148133754730225, 0.1273496001958847, 0.12965667992830276]
[0.4642857142857143, 0.5, 0.3333333333333333, 0.42424242424242425, 0.6153846153846154, 0.5869565217391305, 0.1349429190158844, 0.1347871869802475, 0.4154274083004399, 0.41543757983876917, 0.43424078816437583, 0.5610432432988584, 0.7382796066147941, 0.7382796066147941, 0.7539965882897377, 0.0, 0.0, 0.0, 0.5635137945413589, 0.23018097877502441, 0.22245639562606812, 0.8029553294181824, 0.8029553294181824, 0.3177070617675781, 0.37291717529296875, 0.3722526729106903, 0.35109893083572385, 0.12608246505260468, 0.13531776145100594]
[0.4642857142857143, 0.5, 0.3333333333333333, 0.42424242424242425, 0.6153846153846154, 0.5869565217391305, 0.12072044610977173, 0.12058146297931671, 0.42449028884019724, 0.4245008022789745, 0.4427604857639874, 0.5525197320846659, 0.7114081510475704, 0.7114081510475704, 0.7571433857083321, 0.0, 0.0, 0.0, 0.5607977777719497, 0.24735713005065918, 0.2384861409664154, 0.7972659468650818, 0.7972659468650818, 0.30839934945106506, 0.376640260219574, 0.36223286390304565, 0.35510685443878176, 0.12286194413900375, 0.14318941161036491]
[0.4642857142857143, 0.5, 0.3333333333333333, 0.42424242424242425, 0.6153846153846154, 0.5869565217391305, 0.0641760304570198, 0.0638609454035759, 0.44387088154743554, 0.44388215856388014, 0.45059184088989607, 0.5445413679574639, 0.703684389591217, 0.703684389591217, 0.7602530345320702, 0.0, 0.0, 0.0, 0.5607761859893798, 0.24061843752861023, 0.23010414838790894, 0.7969147562980652, 0.7969147562980652, 0.2918531000614166, 0.38325875997543335, 0.328696072101593, 0.3685215711593628, 0.14053180813789368, 0.1512489840388298]
[0.4642857142857143, 0.5, 0.3333333333333333, 0.42424242424242425, 0.6153846153846154, 0.5869565217391305, 0.06034305691719055, 0.06013135984539986, 0.44242109828423815, 0.44243232401561555, 0.45472417791760444, 0.540355346861072, 0.6988496226923807, 0.6988496226923807, 0.76210867613554, 0.0, 0.0, 0.0, 0.560900980234146, 0.24265536665916443, 0.23091447353363037, 0.796448290348053, 0.796448290348053, 0.2861248850822449, 0.3855500459671021, 0.3234530985355377, 0.3706187605857849, 0.13643868267536163, 0.158340185880661]
[0.4642857142857143, 0.5, 0.3333333333333333, 0.42424242424242425, 0.6153846153846154, 0.5869565217391305, 0.056245557963848114, 0.0561353862285614, 0.4409323383699639, 0.44094354130797814, 0.4584125914035746, 0.5365254820368207, 0.705409049987793, 0.705409049987793, 0.7626655399799347, 0.0, 0.0, 0.0, 0.5619475036859511, 0.23991155624389648, 0.22857198119163513, 0.797441840171814, 0.797441840171814, 0.28273069858551025, 0.3869077205657959, 0.32065120339393616, 0.3717395186424255, 0.13287968933582306, 0.16459506005048752]
[0.4642857142857143, 0.5, 0.3333333333333333, 0.42424242424242425, 0.6153846153846154, 0.5869565217391305, 0.07084141671657562, 0.07070144265890121, 0.4381573603668359, 0.43816844933803406, 0.4623658409765984, 0.5326703237023404, 0.7065242528915405, 0.7065242528915405, 0.7621854171156883, 0.0, 0.0, 0.0, 0.5623229086399077, 0.24075034260749817, 0.22830665111541748, 0.7973729968070984, 0.7973729968070984, 0.2827090322971344, 0.38691638708114623, 0.32130521535873413, 0.3714779138565063, 0.12897148728370667, 0.16757361590862274]
[0.4642857142857143, 0.5, 0.3333333333333333, 0.42424242424242425, 0.6153846153846154, 0.5869565217391305, 0.0, 0.0, 0.48549644053552166, 0.4855087945383776, 0.6035571896095349, 0.3955393078627545, 0.7597936051232475, 0.7597936051232475, 0.7771955654025078, 0.0, 0.0, 0.0, 0.560337632894516, 0.2379516363143921, 0.2271166741847992, 0.7965115904808044, 0.7965115904808044, 0.2875441312789917, 0.3849823474884033, 0.32067152857780457, 0.37173138856887816, 0.12430943548679352, 0.16639361158013344]
[0.4642857142857143, 0.5, 0.3333333333333333, 0.42424242424242425, 0.6153846153846154, 0.5869565217391305, 0.0, 0.0, 0.47982359980989825, 0.4798381989590297, 0.6088124046362153, 0.3905793922530483, 0.7440494213785445, 0.7440494213785445, 0.7816029712557793, 0.0, 0.0, 0.0, 0.5557360380887985, 0.2451878786087036, 0.23678672313690186, 0.793800950050354, 0.793800950050354, 0.28363895416259766, 0.38654441833496095, 0.31455671787261963, 0.3741773128509521, 0.11998984962701797, 0.16448764130473137]
[0.4642857142857143, 0.5, 0.3333333333333333, 0.42424242424242425, 0.6153846153846154, 0.5869565217391305, 0.0, 0.0, 0.4805826700896196, 0.48059717521612777, 0.6133411723842584, 0.3866326872244341, 0.7051652457032885, 0.7051652457032885, 0.7799753695726395, 0.0, 0.0, 0.0, 0.5571263819932937, 0.25630681216716766, 0.24415704607963562, 0.7963014841079712, 0.7963014841079712, 0.28835827112197876, 0.3846566915512085, 0.3210337460041046, 0.37158650159835815, 0.11679963767528534, 0.1658686250448227]
[0.4642857142857143, 0.5, 0.3333333333333333, 0.42424242424242425, 0.6153846153846154, 0.5869565217391305, 0.0, 0.0, 0.48494087082706033, 0.48495536883064255, 0.6317800800841351, 0.36915952292677956, 0.7032884444509234, 0.7032884444509234, 0.7820028364658356, 0.0, 0.0, 0.0, 0.5584457755088805, 0.2633454501628876, 0.25156475603580475, 0.7981909513473511, 0.7981909513473511, 0.2913343906402588, 0.3834662437438965, 0.3248251676559448, 0.370069932937622, 0.11759284138679504, 0.16609994694590569]
[0.4642857142857143, 0.5, 0.3333333333333333, 0.42424242424242425, 0.6153846153846154, 0.5869565217391305, 0.0, 0.0, 0.47871464143291714, 0.4787290041009053, 0.6295957920884083, 0.3711693391238704, 0.7058846099036081, 0.7058846099036081, 0.7795681729912758, 0.0, 0.0, 0.0, 0.5603874921798706, 0.2621116042137146, 0.25077781081199646, 0.8009248375892639, 0.8009248375892639, 0.29809391498565674, 0.3807624340057373, 0.3336174786090851, 0.36655300855636597, 0.11811424046754837, 0.16378402709960938]
[0.4642857142857143, 0.5, 0.3333333333333333, 0.42424242424242425, 0.6153846153846154, 0.5869565217391305, 0.0, 0.0, 0.47852129815413436, 0.47853575769391615, 0.6127532289771231, 0.38713999910923946, 0.705394915172032, 0.705394915172032, 0.777264416217804, 0.0, 0.0, 0.0, 0.5600529968738556, 0.26452626287937164, 0.2556951493024826, 0.8005051016807556, 0.8005051016807556, 0.29860442876815796, 0.3805582284927368, 0.33368873596191406, 0.36652450561523436, 0.11899180710315704, 0.1610560528934002]
[0.4642857142857143, 0.5, 0.3333333333333333, 0.42424242424242425, 0.6153846153846154, 0.5869565217391305, 0.0, 0.0, 0.46805456012886293, 0.4680687603941383, 0.6019680249303523, 0.3975602016343619, 0.7083037282739367, 0.7083037282739367, 0.7768855541944504, 0.0, 0.0, 0.0, 0.5595180213451385, 0.26667626202106476, 0.258308470249176, 0.7996605634689331, 0.7996605634689331, 0.2924734055995941, 0.38301063776016236, 0.32648664712905884, 0.3694053411483764, 0.11926914006471634, 0.1591063290834427]
[0.4642857142857143, 0.5, 0.3333333333333333, 0.42424242424242425, 0.6153846153846154, 0.5869565217391305, 0.39966219663619995, 0.39847829937934875, 0.3616572889725519, 0.3616687198441981, 0.4872246760711159, 0.5092025875082841, 0.367926476257188, 0.367926476257188, 0.8132174462080002, 0.0, 0.0, 0.0, 0.5289329588413239, 0.3164837807416916, 0.317753866314888, 0.7610785365104675, 0.7610785365104675, 0.151387557387352, 0.4394449770450592, 0.16299083828926086, 0.43480366468429565, 0.14466592669487, 0.13328613713383675]
[0.4642857142857143, 0.5, 0.3333333333333333, 0.42424242424242425, 0.6153846153846154, 0.5869565217391305, 0.19716444611549377, 0.19652755558490753, 0.41740290339088804, 0.41741615773159046, 0.4742576969969113, 0.5213894124418048, 0.17201490700244904, 0.17201490700244904, 0.8701356127858162, 0.0, 0.0, 0.0, 0.3671829909086227, 0.38877540081739426, 0.39235614985227585, 0.5336065888404846, 0.5336065888404846, 0.11519743502140045, 0.4539210259914398, 0.11979389190673828, 0.5603526671265446, 0.08366606384515762, 0.12067596428096294]
[0.4642857142857143, 0.5, 0.3333333333333333, 0.42424242424242425, 0.6153846153846154, 0.5869565217391305, 0.1328200399875641, 0.1320543736219406, 0.4315286571619388, 0.43154238446492765, 0.47246032349238204, 0.5229813408162758, 0.1419647623385702, 0.1419647623385702, 0.876632247120142, 0.0, 0.0, 0.0, 0.24605533331632612, 0.4268938973546028, 0.43025223165750504, 0.3603232800960541, 0.3603232800960541, 0.09705523401498795, 0.4611779063940048, 0.09930364042520523, 0.5918560229068579, 0.05449361726641655, 0.09883910417556763]
[0.4642857142857143, 0.5, 0.3333333333333333, 0.42424242424242425, 0.6153846153846154, 0.5869565217391305, 0.2082517445087433, 0.20705853402614594, 0.41300657647973493, 0.4130197396469846, 0.4802233783054534, 0.5153552399260086, 0.12410218694380352, 0.12410218694380352, 0.8788114301860332, 0.0, 0.0, 0.0, 0.12401931881904601, 0.4640488103032112, 0.46584267169237137, 0.18384341895580292, 0.18384341895580292, 0.09014930576086044, 0.4639402776956558, 0.09091614186763763, 0.594827130783436, 0.04196830093860626, 0.0843723863363266]
[0.4642857142857143, 0.5, 0.3333333333333333, 0.42424242424242425, 0.6153846153846154, 0.5869565217391305, 0.35676309466362, 0.35519230365753174, 0.3577335710507278, 0.3577471217051519, 0.5038530755909177, 0.4926859666416289, 0.12991672647850855, 0.12991672647850855, 0.863573893904686, 0.0, 0.0, 0.0, 0.10728057101368904, 0.46932265162467957, 0.4705708231776953, 0.15935158729553223, 0.15935158729553223, 0.09007088840007782, 0.46397164463996887, 0.08923215419054031, 0.583380741435428, 0.03902122750878334, 0.057461787946522236]
[0.4642857142857143, 0.5, 0.3333333333333333, 0.42424242424242425, 0.6153846153846154, 0.5869565217391305, 0.12127622216939926, 0.11993326991796494, 0.43141985874103084, 0.4314357856035688, 0.520752671970692, 0.4749289053069423, 0.11945762804576329, 0.11945762804576329, 0.8693501055240631, 0.0, 0.0, 0.0, 0.07374530434608459, 0.479368032887578, 0.48009470477700233, 0.11025272309780121, 0.11025272309780121, 0.11046425998210907, 0.4558142960071564, 0.10553217679262161, 0.5539506916389909, 0.035411521792411804, 0.035744605120271444]
[0.4642857142857143, 0.5, 0.3333333333333333, 0.42424242424242425, 0.6153846153846154, 0.5869565217391305, 0.068818598985672, 0.06726982444524765, 0.44195884887848486, 0.44197512333981165, 0.527388932600076, 0.4681879846766569, 0.11744608304330281, 0.11744608304330281, 0.8722040802240372, 0.0, 0.0, 0.0, 0.07149474695324898, 0.4812208004295826, 0.48204474709928036, 0.10717810690402985, -0.0, 0.11609509587287903, 0.4535619616508484, 0.11070040613412857, 0.5506012883297233, 0.033708278089761734, 0.02917408011853695]
[0.4642857142857143, 0.5, 0.3333333333333333, 0.42424242424242425, 0.6153846153846154, 0.5869565217391305, 0.05467265844345093, 0.0528569333255291, 0.44729713431735796, 0.44731364810899843, 0.5416082730712671, 0.4538659287633627, 0.11663282556193216, 0.11663282556193216, 0.8741202615201473, 0.0, 0.0, 0.0, 0.07364366129040717, 0.4825222175568342, 0.48346457444131374, 0.11043334007263184, -0.0, 0.11471376568078995, 0.45411449372768403, 0.1089281365275383, 0.5538604841675869, 0.033654291182756424, 0.0253443606197834]
[0.4642857142857143, 0.5, 0.3333333333333333, 0.42424242424242425, 0.6153846153846154, 0.5869565217391305, 0.6570931077003479, 0.6213151216506958, 0.32940519289122483, 0.3294176950509416, 0.5500323439647317, 0.44743808637334964, 0.15245136937924794, 0.15245136937924794, 0.8622946068644524, 0.0, 0.0, 0.0, 0.13107745870947837, 0.47789357602596283, 0.4794705417007208, 0.19138473272323608, 0.19138473272323608, 0.11458176374435425, 0.4541672945022583, 0.10850362479686737, 0.5543871535811313, 0.035518329590559006, 0.02620033686980605]
[0.4642857142857143, 0.5, 0.3333333333333333, 0.42424242424242425, 0.6153846153846154, 0.5869565217391305, 0.555001437664032, 0.5432091355323792, 0.3400606913046901, 0.34007360374494444, 0.5780909056873212, 0.41954165384322184, 0.22375402706010003, 0.22375402706010003, 0.8234321177005768, 0.0, 0.0, 0.0, 0.11584137380123137, 0.4651820845901966, 0.46620114520192146, 0.16825462877750397, 0.16825462877750397, 0.11164616793394089, 0.45534153282642365, 0.10759802907705307, 0.5489127545855766, 0.03547155112028122, 0.026907396968454123]
[0.4642857142857143, 0.5, 0.3333333333333333, 0.42424242424242425, 0.6153846153846154, 0.5869565217391305, 0.10353285074234009, 0.10132870078086853, 0.44675605976330846, 0.44677254506324493, 0.6229901044820052, 0.37436703144427647, 0.1908661478332111, 0.1908661478332111, 0.8465500697493553, 0.0, 0.0, 0.0, 0.11178502365946769, 0.47201845794916153, 0.47559358179569244, 0.16381676495075226, 0.16381676495075226, 0.1117812991142273, 0.4552874803543091, 0.10651890933513641, 0.5440129616925883, 0.03639236465096474, 0.037609722930938005]
[0.4642857142857143, 0.5, 0.3333333333333333, 0.42424242424242425, 0.6153846153846154, 0.5869565217391305, 0.03105110116302967, 0.030523307621479034, 0.45996028640758013, 0.45997730735155185, 0.6502536792828066, 0.347450690738507, 0.15869397670030594, 0.15869397670030594, 0.85459353774786, 0.0, 0.0, 0.0, 0.09564991742372513, 0.47805677354335785, 0.4808391146361828, 0.14213326573371887, 0.14213326573371887, 0.11281590908765793, 0.45487363636493683, 0.1055358275771141, 0.5737535863421684, 0.03740464895963669, 0.04212159663438797]
[0.4642857142857143, 0.5, 0.3333333333333333, 0.42424242424242425, 0.6153846153846154, 0.5869565217391305, 0.015778550878167152, 0.01574907824397087, 0.4674250815156313, 0.46744237028162067, 0.6647701112991538, 0.3332786664401546, 0.1492956919329507, 0.1492956919329507, 0.8616936057806015, 0.0, 0.0, 0.0, 0.09326049983501433, 0.479979632422328, 0.482741741463542, 0.13907770812511444, 0.13907770812511444, 0.1112375482916832, 0.45550498068332673, 0.10289038717746735, 0.5943453415881756, 0.038501255214214325, 0.04425180144608021]
[0.4642857142857143, 0.5, 0.3333333333333333, 0.42424242424242425, 0.6153846153846154, 0.5869565217391305, 0.0, 0.0, 0.47661828880784163, 0.4766358140549742, 0.654955539831012, 0.3427945992636129, 0.14451285558087487, 0.14451285558087487, 0.8687238916754723, 0.0, 0.0, 0.0, 0.08895140588283539, 0.4815358053892851, 0.4841766841709614, 0.1329742968082428, 0.1329742968082428, 0.10968297719955444, 0.4561268091201782, 0.1008872240781784, 0.6194222181342369, 0.03884423151612282, 0.044100661762058735]
[0.4642857142857143, 0.5, 0.3333333333333333, 0.42424242424242425, 0.6153846153846154, 0.5869565217391305, 0.0, 0.0, 0.48647468609746053, 0.48649331112436767, 0.6516214520252002, 0.34647937435898174, 0.1426999324134418, 0.1426999324134418, 0.8799306564033031, 0.0, 0.0, 0.0, 0.09016536213457584, 0.48182718828320503, 0.4843845656141639, 0.1356067955493927, 0.1356067955493927, 0.0, 0.5, 0.0, 0.6976744186046512, 0.039112918078899384, 0.04479550290852785]
[0.4642857142857143, 0.5, 0.3333333333333333, 0.42424242424242425, 0.6153846153846154, 0.5869565217391305, 0.0, 0.0, 0.516219592003248, 0.5162377312466018, 0.7674803451187979, 0.23913300465392745, 0.1386962298836027, 0.1386962298836027, 0.9024362713098526, 0.0, 0.0, 0.0, 0.06626432538032531, 0.48374761268496513, 0.4855423606932163, 0.10288199037313461, -0.0, 0.0, 0.5, 0.0, 0.6976744186046512, 0.03892520070075989, 0.02501966431736946]
[0.4642857142857143, 0.5, 0.3333333333333333, 0.42424242424242425, 0.6153846153846154, 0.5869565217391305, 0.0, 0.0, 0.5295720552851092, 0.5295904181883394, 0.7585471930057095, 0.2478373114004595, 0.12619318174464364, 0.12619318174464364, 0.9140278995037079, 0.0, 0.0, 0.0, 0.061029906198382375, 0.4870806457474828, 0.48805325478315353, 0.0, -0.0, 0.0, 0.5, 0.0, 0.6976744186046512, 0.03920022398233414, 0.006016274564899504]
[0.4642857142857143, 0.5, 0.3333333333333333, 0.42424242424242425, 0.6153846153846154, 0.5869565217391305, 0.0, 0.0, 0.5251890254522145, 0.5252071661201535, 0.7540191318519257, 0.25247947613043675, 0.12584892766816277, 0.12584892766816277, 0.9166359081864357, 0.0, 0.0, 0.0, 0.056019303575158115, 0.48802721686661243, 0.48889999371021986, 0.0, -0.0, 0.0, 0.5, 0.0, 0.6976744186046512, 0.04026404023170471, 0.000794866937212646]
[0.4642857142857143, 0.5, 0.3333333333333333, 0.42424242424242425, 0.6153846153846154, 0.5869565217391305, 0.0, 0.0, 0.5255354161928079, 0.5255535768049397, 0.7322015297344492, 0.2732707386896163, 0.11949085763522557, 0.11949085763522557, 0.9200799986720085, 0.0, 0.0, 0.0, 0.051098426803946495, 0.4884446393698454, 0.4893798204138875, 0.0, -0.0, 0.0, 0.5, 0.0, 0.6976744186046512, 0.04023418948054314, 0.0]
[0.4642857142857143, 0.5, 0.3333333333333333, 0.42424242424242425, 0.6153846153846154, 0.5869565217391305, 0.0, 0.0, 0.5302780227269087, 0.5302962460207894, 0.6903570290961183, 0.3135041930200898, 0.11374341057879585, 0.11374341057879585, 0.9225263968110085, 0.0, 0.0, 0.0, 0.045293421298265454, 0.48821152187883854, 0.4894082574173808, 0.0, -0.0, 0.0, 0.5, 0.0, 0.6976744186046512, 0.03996887058019638, 0.0]
[0.4642857142857143, 0.5, 0.3333333333333333, 0.42424242424242425, 0.6153846153846154, 0.5869565217391305, 0.0, 0.0, 0.5368384797532062, 0.5368568369580956, 0.6615223875465175, 0.34132233034761594, 0.11170965220246996, 0.11170965220246996, 0.9224983640015125, 0.0, 0.0, 0.0, 0.044081450812518595, 0.487975699827075, 0.48965494707226753, 0.0, -0.0, 0.2666257917881012, 0.3933496832847595, 0.0, 0.6976744186046512, 0.03908742219209671, 0.0]
[0.4642857142857143, 0.5, 0.3333333333333333, 0.42424242424242425, 0.6153846153846154, 0.5869565217391305, 0.8043672442436218, 0.7585487365722656, 0.34249771211160984, 0.34251154768307396, 0.4461065799738663, 0.5514499508691285, 0.10961668831961496, 0.10961668831961496, 0.8952604383230209, 0.0, 0.0, 0.0, 0.05137036852538585, 0.48682178743183613, 0.48918735794723034, 0.0, -0.0, 0.20846344530582428, 0.4166146218776703, 0.0, 0.6976744186046512, 0.03662493824958801, 0.0]
[0.4642857142857143, 0.5, 0.3333333333333333, 0.42424242424242425, 0.6153846153846154, 0.5869565217391305, 0.1951523870229721, 0.1929387003183365, 0.42572253794332765, 0.42573938793707533, 0.4522508415847618, 0.5429209108397741, 0.10180771350860596, 0.10180771350860596, 0.8965165242552757, 0.0, 0.0, 0.0, 0.06580581553280353, 0.48560483008623123, 0.48821259941905737, 0.10238520801067352, -0.0, 0.1419692486524582, 0.4432123005390167, 0.0, 0.6976744186046512, 0.035416148602962494, 0.0]
[0.4642857142857143, 0.5, 0.3333333333333333, 0.42424242424242425, 0.6153846153846154, 0.5869565217391305, 0.08096335083246231, 0.07920350879430771, 0.44845929952698044, 0.44847688460669144, 0.46857930893651845, 0.5262095733942033, 0.07970397227576802, 0.07970397227576802, 0.9102255627512932, 0.0, 0.0, 0.0, 0.054463560879230495, 0.48657639045268297, 0.4886700473725796, 0.0, -0.0, 0.12106253206729889, 0.4515749871730804, 0.0, 0.6976744186046512, 0.032594308257102966, 0.0]
[0.4642857142857143, 0.5, 0.3333333333333333, 0.42424242424242425, 0.6153846153846154, 0.5869565217391305, 0.049606967717409134, 0.04773198068141937, 0.44977633994122534, 0.449801053645278, 0.4811186973383048, 0.5135856002461563, 0.07169064400451525, 0.07169064400451525, 0.9161269254982471, 0.0, 0.0, 0.0, 0.045847886800765986, 0.48759904131293297, 0.4892245549708605, 0.0, -0.0, 0.10726559162139893, 0.4570937633514404, 0.0, 0.6976744186046512, 0.029322922229766846, 0.0006286607822403312]
[0.4642857142857143, 0.5, 0.3333333333333333, 0.42424242424242425, 0.6153846153846154, 0.5869565217391305, 0.04630092903971672, 0.044469621032476425, 0.4476024286240966, 0.44762708534474127, 0.4935753686250282, 0.5011612342780174, 0.06743923627904484, 0.06743923627904484, 0.9177941828966141, 0.0, 0.0, 0.0, 0.0427958844229579, 0.488250351510942, 0.4895448526367545, 0.0, -0.0, 0.09712760150432587, 0.46114895939826966, 0.0, 0.6976744186046512, 0.02627948485314846, 0.00978846219368279]
[0.4642857142857143, 0.5, 0.3333333333333333, 0.42424242424242425, 0.6153846153846154, 0.5869565217391305, 0.03763256594538689, 0.03637814521789551, 0.4483789130333049, 0.44840360394399437, 0.5037727521351373, 0.4910138797071144, 0.06503870976822718, 0.06503870976822718, 0.9192904084920883, 0.0, 0.0, 0.0, 0.04077285826206207, 0.4887971980497241, 0.48997936863452196, 0.0, -0.0, 0.09054698795080185, 0.46378120481967927, 0.0, 0.6976744186046512, 0.024889156222343445, 0.012936919229105115]
[0.4642857142857143, 0.5, 0.3333333333333333, 0.42424242424242425, 0.6153846153846154, 0.5869565217391305, 0.03374920412898064, 0.032467570155858994, 0.4467017830671817, 0.446726365709396, 0.5225228629650167, 0.47256124470424876, 0.06221218566809382, 0.06221218566809382, 0.9206657893955708, 0.0, 0.0, 0.0, 0.03920170925557613, 0.48971462436020374, 0.49070734437555075, 0.0, -0.0, 0.0, 0.5, 0.0, 0.6976744186046512, 0.023373452946543694, 0.01428649527952075]
[0.4642857142857143, 0.5, 0.3333333333333333, 0.42424242424242425, 0.6153846153846154, 0.5869565217391305, 0.03561645373702049, 0.03393992781639099, 0.4452294571677768, 0.4452539714299014, 0.5320686835859747, 0.46316714810545034, 0.0638866557606629, 0.0638866557606629, 0.9192629642784595, 0.0, 0.0, 0.0, 0.039709131792187685, 0.4899701690301299, 0.49088052194565535, 0.0, -0.0, 0.0, 0.5, 0.0, 0.6976744186046512, 0.023539435118436813, 0.01423598499968648]
[0.4642857142857143, 0.5, 0.3333333333333333, 0.42424242424242425, 0.6153846153846154, 0.5869565217391305, 0.03426958620548248, 0.03262638673186302, 0.4430909382453612, 0.44311541831744106, 0.5378008383409927, 0.45737791876897255, 0.06370552150266512, 0.06370552150266512, 0.9190699644386768, 0.0, 0.0, 0.0, 0.03894761987030506, 0.49021999537944794, 0.4910869253799319, 0.0, -0.0, 0.0, 0.5, 0.0, 0.6976744186046512, 0.022997498512268066, 0.014271364780142903]
[0.4642857142857143, 0.5, 0.3333333333333333, 0.42424242424242425, 0.6153846153846154, 0.5869565217391305, 0.14728638529777527, 0.14529356360435486, 0.419563714222516, 0.4195873680351797, 0.5361911995233131, 0.4591515273431924, 0.06275490990706853, 0.06275490990706853, 0.9196729511022568, 0.0, 0.0, 0.0, 0.03953309748321771, 0.4902604529634118, 0.49111794494092464, 0.0, -0.0, 0.0, 0.5, 0.0, 0.6976744186046512, 0.022525126114487648, 0.013415307039394975]
[0.4642857142857143, 0.5, 0.3333333333333333, 0.42424242424242425, 0.6153846153846154, 0.5869565217391305, 0.46124067902565, 0.45888009667396545, 0.3282647041700082, 0.3282846597594923, 0.5103351255846753, 0.4861942059628544, 0.09677848645618985, 0.09677848645618985, 0.8766974918544292, 0.0, 0.0, 0.0, 0.07861362285912037, 0.48294203728437424, 0.48457501269876957, 0.11776731163263321, 0.11776731163263321, 0.07766257226467133, 0.46893497109413146, 0.0741252452135086, 0.6121707205162492, 0.02865094691514969, 0.013411864638328552]
[0.4642857142857143, 0.5, 0.3333333333333333, 0.42424242424242425, 0.6153846153846154, 0.5869565217391305, 0.22278161346912384, 0.22212930023670197, 0.40192483077769525, 0.4019476355375797, 0.46478585508539844, 0.5307676762006884, 0.29885305890015196, 0.29885305890015196, 0.8429179042577744, 0.0, 0.0, 0.0, 0.4197684109210968, 0.3979184553027153, 0.4009656086564064, 0.605963945388794, 0.605963945388794, 0.10656093060970306, 0.4573756277561188, 0.11654826998710632, 0.45338069200515746, 0.11478056758642197, 0.07531377021223307]
[0.4642857142857143, 0.5, 0.3333333333333333, 0.42424242424242425, 0.6153846153846154, 0.5869565217391305, 0.16655182838439941, 0.16643276810646057, 0.4104851062621487, 0.4105081674473691, 0.42775837846285525, 0.5680763160812645, 0.5582089722156525, 0.5582089722156525, 0.7894380167126656, 0.0, 0.0, 0.0, 0.5307351529598235, 0.3169097900390625, 0.3109236806631088, 0.7558017373085022, 0.7558017373085022, 0.2207237184047699, 0.41171051263809205, 0.2636873424053192, 0.3945250630378723, 0.13184699416160583, 0.10917092673480511]
[0.4642857142857143, 0.5, 0.3333333333333333, 0.42424242424242425, 0.6153846153846154, 0.5869565217391305, 0.14791236817836761, 0.14777962863445282, 0.4098178134593635, 0.4098449090698709, 0.4078320955455189, 0.5877787154622967, 0.6096346037728446, 0.6096346037728446, 0.7729750871658325, 0.0, 0.0, 0.0, 0.5533417910337448, 0.2871785908937454, 0.28022922575473785, 0.7904844284057617, 0.7904844284057617, 0.24596288800239563, 0.40161484479904175, 0.29900580644607544, 0.3803976774215698, 0.1265774667263031, 0.1192247774451971]
[0.4642857142857143, 0.5, 0.3333333333333333, 0.42424242424242425, 0.6153846153846154, 0.5869565217391305, 0.14069028198719025, 0.14047080278396606, 0.4107159460479853, 0.4107430986419007, 0.40431135288843917, 0.5912832121497535, 0.623146231685366, 0.623146231685366, 0.7655004486441612, 0.0, 0.0, 0.0, 0.5624944746494293, 0.28128020465373993, 0.274123951792717, 0.8063462972640991, 0.8063462972640991, 0.25239309668540955, 0.39904276132583616, 0.30683499574661255, 0.377266001701355, 0.1280268430709839, 0.12148013338446617]
[0.4642857142857143, 0.5, 0.3333333333333333, 0.42424242424242425, 0.6153846153846154, 0.5869565217391305, 0.0, 0.0, 0.4680476907790277, 0.46807544169872717, 0.5064564480608326, 0.49104746002945293, 0.6724186880247934, 0.6724186880247934, 0.7745146453380585, 0.0, 0.0, 0.0, 0.5667700856924056, 0.28190313279628754, 0.2755472660064697, 0.8154401779174805, 0.8154401779174805, 0.2557435631752014, 0.39770257472991943, 0.30852770805358887, 0.37658891677856443, 0.13245755434036255, 0.12135435827076435]
[0.4642857142857143, 0.5, 0.3333333333333333, 0.42424242424242425, 0.6153846153846154, 0.5869565217391305, 0.0, 0.0, 0.4665963461704509, 0.46662409424098, 0.504506609037547, 0.492914019938814, 0.6536483126027244, 0.6536483126027244, 0.7762200981378555, 0.0, 0.0, 0.0, 0.5672774821519851, 0.2822585850954056, 0.2761097103357315, 0.8175497055053711, 0.8175497055053711, 0.25556933879852295, 0.39777226448059083, 0.3068523705005646, 0.37725905179977415, 0.13359281420707703, 0.12105136178433895]
[0.4642857142857143, 0.5, 0.3333333333333333, 0.42424242424242425, 0.6153846153846154, 0.5869565217391305, 0.0, 0.0, 0.46901691586747907, 0.46904492891085536, 0.47868159390544346, 0.5182206477484734, 0.6488610165459769, 0.6488610165459769, 0.7743829563260078, 0.0, 0.0, 0.0, 0.5692383289337157, 0.27980607748031616, 0.27463363111019135, 0.8227875828742981, 0.8227875828742981, 0.2548200488090515, 0.3980719804763794, 0.30513128638267517, 0.3779474854469299, 0.14326652884483337, 0.11789507232606411]
[0.4642857142857143, 0.5, 0.3333333333333333, 0.42424242424242425, 0.6153846153846154, 0.5869565217391305, 0.0, 0.0, 0.47057006988197164, 0.47059810286954074, 0.47913908092287255, 0.5177995774025165, 0.6462955900600978, 0.6462955900600978, 0.7705982699990273, 0.0, 0.0, 0.0, 0.5813280582427978, 0.2730231285095215, 0.26951704919338226, 0.8416357636451721, 0.8416357636451721, 0.25648364424705505, 0.397406542301178, 0.3066793382167816, 0.37732826471328734, 0.16470107436180115, 0.11576218530535698]
[0.4642857142857143, 0.5, 0.3333333333333333, 0.42424242424242425, 0.6153846153846154, 0.5869565217391305, 0.0, 0.0, 0.4696025485974197, 0.46963058443415917, 0.48148422880564773, 0.5154253010261532, 0.6506586287702834, 0.6506586287702834, 0.7662106826901436, 0.0, 0.0, 0.0, 0.5878354668617248, 0.2630072087049484, 0.25949685275554657, 0.8499884009361267, 0.8499884009361267, 0.26031848788261414, 0.39587260484695436, 0.3111707866191864, 0.37553168535232545, 0.17529061436653137, 0.11496085673570633]
[0.4642857142857143, 0.5, 0.3333333333333333, 0.42424242424242425, 0.6153846153846154, 0.5869565217391305, 0.0, 0.0, 0.46944524305044577, 0.46947328173635566, 0.5100440735684754, 0.4869926916658942, 0.6548708890165602, 0.6548708890165602, 0.7555871531367302, 0.0, 0.0, 0.0, 0.594928190112114, 0.24867013096809387, 0.24454188346862793, 0.8587888479232788, 0.8587888479232788, 0.2660996615886688, 0.3935601353645325, 0.31668150424957275, 0.3733273983001709, 0.1886090785264969, 0.062378472648561]
[0.4642857142857143, 0.5, 0.3333333333333333, 0.42424242424242425, 0.6153846153846154, 0.5869565217391305, 0.0, 0.0, 0.4718754144517231, 0.4719033990033954, 0.5410242415750915, 0.45658690928906326, 0.6629019762788501, 0.6629019762788501, 0.7534966990351677, 0.0, 0.0, 0.0, 0.5813243240118027, 0.24961614608764648, 0.24720275402069092, 0.8412243127822876, 0.8412243127822876, 0.26973024010658264, 0.39210790395736694, 0.3175314664840698, 0.3729874134063721, 0.17783690989017487, 0.022118925116956234]
[0.4642857142857143, 0.5, 0.3333333333333333, 0.42424242424242425, 0.6153846153846154, 0.5869565217391305, 0.0, 0.0, 0.47206813803594383, 0.4720961054925937, 0.5659270165755234, 0.4321386453475774, 0.6855173834732601, 0.6855173834732601, 0.7552325874567032, 0.0, 0.0, 0.0, 0.5726992517709731, 0.24834170937538147, 0.24356859922409058, 0.8273900151252747, 0.8273900151252747, 0.2750374376773834, 0.38998502492904663, 0.3200739026069641, 0.3719704389572144, 0.15452520549297333, 0.024195380974560976]
[0.4642857142857143, 0.5, 0.3333333333333333, 0.42424242424242425, 0.6153846153846154, 0.5869565217391305, 0.0, 0.0, 0.46832947088245225, 0.4683559425246419, 0.594198103616616, 0.40465147905043797, 0.7063159559454237, 0.7063159559454237, 0.757275253534317, 0.0, 0.0, 0.0, 0.5710156142711639, 0.2458668053150177, 0.23939460515975952, 0.8243833184242249, 0.8243833184242249, 0.2797662913799286, 0.3880934834480286, 0.32250505685806274, 0.37099797725677486, 0.14038002490997314, 0.06132984068244696]
[0.4642857142857143, 0.5, 0.3333333333333333, 0.42424242424242425, 0.6153846153846154, 0.5869565217391305, 0.0, 0.0, 0.4662192755629866, 0.46624567312674586, 0.6176850403700003, 0.3817958671727048, 0.7163404566901072, 0.7163404566901072, 0.7591340392827988, 0.0, 0.0, 0.0, 0.5720109015703201, 0.24256786704063416, 0.23291617631912231, 0.8241230249404907, 0.8241230249404907, 0.28382545709609985, 0.38646981716156004, 0.3245648443698883, 0.37017406225204463, 0.13364112377166748, 0.11581606231629848]
[0.4642857142857143, 0.5, 0.3333333333333333, 0.42424242424242425, 0.6153846153846154, 0.5869565217391305, 0.0, 0.0, 0.4678461404649067, 0.4678727574147868, 0.6350003720241568, 0.3646372968739756, 0.7587688309805735, 0.7587688309805735, 0.7600708454847336, 0.0, 0.0, 0.0, 0.6133532822132111, 0.20855864882469177, 0.19570866227149963, 0.8748496174812317, 0.8748496174812317, 0.3098004162311554, 0.3760798335075378, 0.33731433749198914, 0.36507426500320433, 0.16914229094982147, 0.14415357261896133]
[0.4642857142857143, 0.5, 0.3333333333333333, 0.42424242424242425, 0.6153846153846154, 0.5869565217391305, 0.0, 0.0, 0.4755772532286197, 0.47560398414531585, 0.6644514144948518, 0.3363978242276453, 0.7777371151106699, 0.7777371151106699, 0.7643653377890587, 0.0, 0.0, 0.0, 0.623122176527977, 0.19382351636886597, 0.18071094155311584, 0.8874577879905701, 0.8874577879905701, 0.3180653154850006, 0.37277387380599974, 0.33952218294143677, 0.36419112682342525, 0.18493740260601044, 0.15918927267193794]
[0.4642857142857143, 0.5, 0.3333333333333333, 0.42424242424242425, 0.6153846153846154, 0.5869565217391305, 0.0, 0.0, 0.4757015824773799, 0.47572835613163206, 0.6740694387920956, 0.3270461631727898, 0.7912972143718175, 0.7912972143718175, 0.7624287009239197, 0.0, 0.0, 0.0, 0.6235684692859649, 0.19198918342590332, 0.17885851860046387, 0.8873187899589539, 0.8873187899589539, 0.323224812746048, 0.3707100749015808, 0.33589428663253784, 0.36564228534698484, 0.21042035520076752, 0.18044333904981613]
[0.4642857142857143, 0.5, 0.3333333333333333, 0.42424242424242425, 0.6153846153846154, 0.5869565217391305, 0.0, 0.0, 0.4735750500148387, 0.4736016584172076, 0.6837042731947014, 0.31798967617141083, 0.7892363837787084, 0.7892363837787084, 0.7622658014297485, 0.0, 0.0, 0.0, 0.6236572980880737, 0.1903948187828064, 0.17526569962501526, 0.8863799571990967, 0.8863799571990967, 0.3288017511367798, 0.3684792995452881, 0.33290421962738037, 0.36683831214904783, 0.22481517493724823, 0.19056780263781548]
[0.4642857142857143, 0.5, 0.3333333333333333, 0.42424242424242425, 0.6153846153846154, 0.5869565217391305, 0.0, 0.0, 0.469529327767301, 0.4695557623702755, 0.6888677449344904, 0.3131272363794415, 0.7848384550639562, 0.7848384550639562, 0.7604576870799065, 0.0, 0.0, 0.0, 0.6247344464063644, 0.18531927466392517, 0.1688937544822693, 0.887309193611145, 0.887309193611145, 0.33377161622047424, 0.3664913535118103, 0.33176934719085693, 0.3672922611236572, 0.23270487785339355, 0.19726786762475967]
[0.4642857142857143, 0.5, 0.3333333333333333, 0.42424242424242425, 0.6153846153846154, 0.5869565217391305, 0.0, 0.0, 0.47278706635389456, 0.4728135693369586, 0.6898289068707089, 0.3122830613798616, 0.7694414683750698, 0.7694414683750698, 0.7566656842827797, 0.0, 0.0, 0.0, 0.6258505851030349, 0.18534329533576965, 0.1687171459197998, 0.8892395496368408, 0.8892395496368408, 0.32993370294570923, 0.36802651882171633, 0.325612336397171, 0.36975506544113157, 0.27701085805892944, 0.1946032978594303]
[0.4642857142857143, 0.5, 0.3333333333333333, 0.42424242424242425, 0.6153846153846154, 0.5869565217391305, 0.0, 0.0, 0.47742423791274513, 0.47745103008660483, 0.6676635236174837, 0.3332809229831116, 0.7661071419715881, 0.7661071419715881, 0.7547376677393913, 0.0, 0.0, 0.0, 0.6270142048597336, 0.18833410739898682, 0.17091608047485352, 0.8918457627296448, 0.8918457627296448, 0.32323527336120605, 0.37070589065551757, 0.3198322355747223, 0.37206710577011104, 0.2952611744403839, 0.18684320151805878]
[0.4642857142857143, 0.5, 0.3333333333333333, 0.42424242424242425, 0.6153846153846154, 0.5869565217391305, 0.05493176728487015, 0.05420193821191788, 0.43839526609526536, 0.4384211479591822, 0.6359927152812367, 0.36340162306802404, 0.798071665423257, 0.798071665423257, 0.7472757548093796, 0.0, 0.0, 0.0, 0.62873674929142, 0.1871064305305481, 0.1707909107208252, 0.8945247530937195, 0.8945247530937195, 0.32138463854789734, 0.371446144580841, 0.3224807679653168, 0.37100769281387325, 0.27925819158554077, 0.17842654138803482]
[0.4642857142857143, 0.5, 0.3333333333333333, 0.42424242424242425, 0.6153846153846154, 0.5869565217391305, 0.0, 0.0, 0.4680823480877776, 0.4681056913408677, 0.6548542575216202, 0.3452481224654915, 0.7545091850417002, 0.7545091850417002, 0.7459336221218109, 0.0, 0.0, 0.0, 0.6283319920301437, 0.19010117650032043, 0.17610511183738708, 0.8947979211807251, 0.8947979211807251, 0.30353081226348877, 0.3785876750946045, 0.30774056911468506, 0.376903772354126, 0.2766000032424927, 0.171216931194067]
[0.4642857142857143, 0.5, 0.3333333333333333, 0.42424242424242425, 0.6153846153846154, 0.5869565217391305, 0.0, 0.0, 0.46754156129993857, 0.46756486466464303, 0.6579944421866656, 0.34226643145147695, 0.7444360000746592, 0.7444360000746592, 0.744970515370369, 0.0, 0.0, 0.0, 0.6267603188753128, 0.19502344727516174, 0.18144384026527405, 0.8931541442871094, 0.8931541442871094, 0.2956937551498413, 0.38172249794006347, 0.29894065856933594, 0.38042373657226564, 0.27232205867767334, 0.16291406005620956]
[0.4642857142857143, 0.5, 0.3333333333333333, 0.42424242424242425, 0.6153846153846154, 0.5869565217391305, 0.0, 0.0, 0.46382529432413455, 0.46384848657119343, 0.6641774952525619, 0.336261588295782, 0.7296193497521537, 0.7296193497521537, 0.7400779277086258, 0.0, 0.0, 0.0, 0.6254101544618607, 0.2028462290763855, 0.18942174315452576, 0.8914049863815308, 0.8914049863815308, 0.294295072555542, 0.3822819709777832, 0.29469239711761475, 0.3821230411529541, 0.267701119184494, 0.15391839668154716]
[0.4642857142857143, 0.5, 0.3333333333333333, 0.42424242424242425, 0.6153846153846154, 0.5869565217391305, 0.0, 0.0, 0.45319903694648817, 0.4532218616505654, 0.6761557951028214, 0.3246803716258788, 0.7187893560954504, 0.7187893560954504, 0.7330548465251923, 0.0, 0.0, 0.0, 0.6252317875623703, 0.20166730880737305, 0.18873754143714905, 0.8908259868621826, 0.8908259868621826, 0.2962661385536194, 0.3814935445785522, 0.2920411229133606, 0.3831835508346558, 0.23523956537246704, 0.14777053147554398]
[0.4642857142857143, 0.5, 0.3333333333333333, 0.42424242424242425, 0.6153846153846154, 0.5869565217391305, 0.4596196413040161, 0.45809558033943176, 0.32252607609984063, 0.3225443107904029, 0.586505463200819, 0.4105879763065693, 0.8129524758883886, 0.8129524758883886, 0.7236195802688599, 0.0, 0.0, 0.0, 0.6263574808835983, 0.1840275526046753, 0.1680591106414795, 0.889710545539856, 0.889710545539856, 0.3468959331512451, 0.36124162673950194, 0.3248186409473419, 0.37007254362106323, 0.23618575930595398, 0.1479913853108883]
[0.4642857142857143, 0.5, 0.3333333333333333, 0.42424242424242425, 0.6153846153846154, 0.5869565217391305, 0.21060150861740112, 0.20954716205596924, 0.3726744838700012, 0.37269506627697335, 0.6159234552948698, 0.3809323861944921, 0.841799761567797, 0.841799761567797, 0.7093797624111176, 0.0, 0.0, 0.0, 0.6279344111680984, 0.18108463287353516, 0.167690247297287, 0.8897466063499451, 0.8897466063499451, 0.36213743686676025, 0.3551450252532959, 0.33332881331443787, 0.3666684746742248, 0.2416888028383255, 0.1684185490012169]
[0.4642857142857143, 0.5, 0.3333333333333333, 0.42424242424242425, 0.6153846153846154, 0.5869565217391305, 0.16239288449287415, 0.16103395819664001, 0.38403339686858723, 0.38405449212623144, 0.6239556085539137, 0.3729676671004838, 0.7662621991974967, 0.7662621991974967, 0.7143131643533707, 0.0, 0.0, 0.0, 0.6276553869247437, 0.18522909283638, 0.17400667071342468, 0.8876312375068665, 0.8876312375068665, 0.35809189081192017, 0.35676324367523193, 0.317003071308136, 0.3731987714767456, 0.23085638880729675, 0.17846159636974335]
[0.4642857142857143, 0.5, 0.3333333333333333, 0.42424242424242425, 0.6153846153846154, 0.5869565217391305, 0.15675164759159088, 0.15540733933448792, 0.3857378389821682, 0.385758945636494, 0.6209630451056515, 0.37597307460891083, 0.7513111404010229, 0.7513111404010229, 0.7161974310874939, 0.0, 0.0, 0.0, 0.6268331676721572, 0.18968114256858826, 0.17809808254241943, 0.8858087658882141, 0.8858087658882141, 0.3506964445114136, 0.35972142219543457, 0.3087305724620819, 0.37650777101516725, 0.22714804112911224, 0.18076034262776375]
[0.4642857142857143, 0.5, 0.3333333333333333, 0.42424242424242425, 0.6153846153846154, 0.5869565217391305, 0.1427648961544037, 0.14136523008346558, 0.3928955020685725, 0.3929168594498935, 0.6091652003118686, 0.3874834836960244, 0.7308878643172129, 0.7308878643172129, 0.718842551112175, 0.0, 0.0, 0.0, 0.626342836022377, 0.19634413719177246, 0.1850321888923645, 0.8848738670349121, 0.8848738670349121, 0.3439260721206665, 0.36242957115173335, 0.30351877212524414, 0.37859249114990234, 0.22293074429035187, 0.17975203692913055]
[0.4642857142857143, 0.5, 0.3333333333333333, 0.42424242424242425, 0.6153846153846154, 0.5869565217391305, 0.07627686113119125, 0.07503044605255127, 0.4432952522547705, 0.4433180057295878, 0.48099444501714544, 0.5151067751720754, 0.7257928592818125, 0.7257928592818125, 0.7471801787614822, 0.0, 0.0, 0.0, 0.6258576154708861, 0.21551388502120972, 0.20177984237670898, 0.884287416934967, 0.884287416934967, 0.32414892315864563, 0.37034043073654177, 0.2957184314727783, 0.3817126274108887, 0.22032739222049713, 0.17872245982289314]
[0.4642857142857143, 0.5, 0.3333333333333333, 0.42424242424242425, 0.6153846153846154, 0.5869565217391305, 0.0, 0.0, 0.4588737723704278, 0.4588973264621275, 0.4216274595169447, 0.5740726858041888, 0.7192169342722212, 0.7192169342722212, 0.7644146606326103, 0.0, 0.0, 0.0, 0.6262182295322418, 0.21322894096374512, 0.1958795189857483, 0.88637775182724, 0.88637775182724, 0.2931916117668152, 0.38272335529327395, 0.28404074907302856, 0.38638370037078856, 0.23175197839736938, 0.17787719145417213]
[0.4642857142857143, 0.5, 0.3333333333333333, 0.42424242424242425, 0.6153846153846154, 0.5869565217391305, 0.0, 0.0, 0.4607213653524337, 0.4607449821258822, 0.38118377060096986, 0.6151321701925475, 0.7031211256980896, 0.7031211256980896, 0.7732435911893845, 0.0, 0.0, 0.0, 0.626402187347412, 0.22831299901008606, 0.20767515897750854, 0.8882076144218445, 0.8882076144218445, 0.2855270206928253, 0.38578919172286985, 0.28337278962135315, 0.38665088415145876, 0.2563621699810028, 0.1808454655110836]
[0.4642857142857143, 0.5, 0.3333333333333333, 0.42424242424242425, 0.6153846153846154, 0.5869565217391305, 0.0, 0.0, 0.46627518483375274, 0.46629871613208923, 0.3347343381914536, 0.6633274317648803, 0.7172745679106032, 0.7172745679106032, 0.7738877981901169, 0.0, 0.0, 0.0, 0.624869817495346, 0.24781537055969238, 0.2261691689491272, 0.8880176544189453, 0.8880176544189453, 0.28087317943573, 0.387650728225708, 0.29311302304267883, 0.38275479078292846, 0.2649255394935608, 0.17522890120744705]
[0.4642857142857143, 0.5, 0.3333333333333333, 0.42424242424242425, 0.6153846153846154, 0.5869565217391305, 0.0, 0.0, 0.4670742033316574, 0.4670978286526171, 0.3304620869528951, 0.6675699148710958, 0.7190217077732086, 0.7190217077732086, 0.7731405645608902, 0.0, 0.0, 0.0, 0.6217532783746719, 0.2553410679101944, 0.23687511682510376, 0.885564386844635, 0.885564386844635, 0.2797757387161255, 0.3880897045135498, 0.30686721205711365, 0.37725311517715454, 0.2621990740299225, 0.17221270129084587]
[0.4642857142857143, 0.5, 0.3333333333333333, 0.42424242424242425, 0.6153846153846154, 0.5869565217391305, 0.0, 0.0, 0.4420305112123945, 0.4420538117279286, 0.3928086821481329, 0.6023543418428816, 0.6767913486276355, 0.6767913486276355, 0.7640583887696266, 0.0, 0.0, 0.0, 0.6211151003837585, 0.2454463541507721, 0.23295345902442932, 0.8854130506515503, 0.8854130506515503, 0.27865955233573914, 0.38853617906570437, 0.3152008056640625, 0.37391967773437496, 0.25243231654167175, 0.17203999683260918]
[0.4642857142857143, 0.5, 0.3333333333333333, 0.42424242424242425, 0.6153846153846154, 0.5869565217391305, 0.026188738644123077, 0.026147259399294853, 0.4317078927734842, 0.4317307545167766, 0.3803339086572709, 0.6151805035192192, 0.6607957184314728, 0.6607957184314728, 0.7540653422474861, 0.0, 0.0, 0.0, 0.6211521089076996, 0.2387600541114807, 0.22951188683509827, 0.8860293030738831, 0.8860293030738831, 0.27597948908805847, 0.3896082043647766, 0.31922420859336853, 0.37231031656265257, 0.2391132116317749, 0.16887091100215912]
[0.4642857142857143, 0.5, 0.3333333333333333, 0.42424242424242425, 0.6153846153846154, 0.5869565217391305, 0.037421442568302155, 0.037382543087005615, 0.43089861441296784, 0.4309215160446459, 0.3698269204017537, 0.6256996349389826, 0.6529446371964046, 0.6529446371964046, 0.7477668300271034, 0.0, 0.0, 0.0, 0.6215603083372115, 0.2342570424079895, 0.2287021279335022, 0.8874622583389282, 0.8874622583389282, 0.2746953070163727, 0.3901218771934509, 0.3273456394672394, 0.3690617442131042, 0.2343994826078415, 0.1604219153523445]
[0.4642857142857143, 0.5, 0.3333333333333333, 0.42424242424242425, 0.6153846153846154, 0.5869565217391305, 0.052777111530303955, 0.05273911729454994, 0.42708994029356917, 0.4271126994667272, 0.36914351838952497, 0.6263203552024036, 0.6515381378786905, 0.6515381378786905, 0.7449172660708427, 0.0, 0.0, 0.0, 0.6227581411600113, 0.23174947500228882, 0.22714945673942566, 0.8895561099052429, 0.8895561099052429, 0.27465927600860596, 0.3901362895965576, 0.332926481962204, 0.36682940721511836, 0.23170983791351318, 0.15546873211860657]
[0.4642857142857143, 0.5, 0.3333333333333333, 0.42424242424242425, 0.6153846153846154, 0.5869565217391305, 0.5944135189056396, 0.5929388403892517, 0.3061995205414227, 0.3062167979107304, 0.40016331408265443, 0.5969244783690003, 0.6805020996502468, 0.6805020996502468, 0.7399585843086243, 0.0, 0.0, 0.0, 0.620742031931877, 0.226497083902359, 0.2254006266593933, 0.8862850666046143, 0.8862850666046143, 0.28235605359077454, 0.38705757856369016, 0.3437158167362213, 0.36251367330551143, 0.23540475964546204, 0.14301699586212635]
[0.4642857142857143, 0.5, 0.3333333333333333, 0.42424242424242425, 0.6153846153846154, 0.5869565217391305, 0.13605259358882904, 0.13598383963108063, 0.4335248429278343, 0.43354729439058903, 0.45609983431449586, 0.5398844701673464, 0.6778822839260101, 0.6778822839260101, 0.753588892519474, 0.0, 0.0, 0.0, 0.6191466599702835, 0.22865360975265503, 0.23240450024604797, 0.8844364285469055, 0.8844364285469055, 0.280510276556015, 0.387795889377594, 0.339558482170105, 0.364176607131958, 0.23957693576812744, 0.13725371100008488]
[0.4642857142857143, 0.5, 0.3333333333333333, 0.42424242424242425, 0.6153846153846154, 0.5869565217391305, 0.0, 0.0, 0.4682260545444306, 0.4682498394189328, 0.47756232153161304, 0.51891499342421, 0.6000986908163344, 0.6000986908163344, 0.7711292803287506, 0.0, 0.0, 0.0, 0.615047350525856, 0.24963787198066711, 0.24866774678230286, 0.8821929097175598, 0.8821929097175598, 0.25287413597106934, 0.3988503456115723, 0.2983895540237427, 0.3806441783905029, 0.2410837709903717, 0.139255253598094]
[0.4642857142857143, 0.5, 0.3333333333333333, 0.42424242424242425, 0.6153846153846154, 0.5869565217391305, 0.0, 0.0, 0.4645288798594794, 0.4645525393704839, 0.4847439561131807, 0.5117374374300704, 0.5878146844250816, 0.5878146844250816, 0.7735171541571617, 0.0, 0.0, 0.0, 0.6118703752756118, 0.2503291666507721, 0.24753305315971375, 0.8793720006942749, 0.8793720006942749, 0.24574773013591766, 0.40170090794563296, 0.2861986756324768, 0.3855205297470093, 0.24229207634925842, 0.14124786481261253]
[0.4642857142857143, 0.5, 0.3333333333333333, 0.42424242424242425, 0.6153846153846154, 0.5869565217391305, 0.0, 0.0, 0.4616933398903214, 0.46171693671957714, 0.5020689583858956, 0.4944470844528137, 0.5778569408825466, 0.5778569408825466, 0.7745642885565758, 0.0, 0.0, 0.0, 0.6100009024143218, 0.25075066089630127, 0.24688440561294556, 0.8768948912620544, 0.8768948912620544, 0.23965944349765778, 0.4041362226009369, 0.2773609757423401, 0.38905560970306396, 0.24563901126384735, 0.14452846720814705]
[0.4642857142857143, 0.5, 0.3333333333333333, 0.42424242424242425, 0.6153846153846154, 0.5869565217391305, 0.9854975342750549, 0.9854685068130493, 0.3633290226099368, 0.3633482716051616, 0.45133104105524535, 0.5475130420006433, 0.6516578367778234, 0.6516578367778234, 0.7200084626674652, 0.0, 0.0, 0.0, 0.6077741742134094, 0.19569239020347595, 0.18587905168533325, 0.8680068254470825, 0.8680068254470825, 0.2530115246772766, 0.3987953901290894, 0.28582340478897095, 0.3856706380844116, 0.2486228495836258, 0.13586183078587055]
[0.4642857142857143, 0.5, 0.3333333333333333, 0.42424242424242425, 0.6153846153846154, 0.5869565217391305, 0.9768399596214294, 0.9767705798149109, 0.35825767024753197, 0.35827686225934874, 0.4560496176861896, 0.5423832111280639, 0.6653349953038352, 0.6653349953038352, 0.703284427523613, 0.0, 0.0, 0.0, 0.6037110179662704, 0.18974795937538147, 0.1787397861480713, 0.8559884428977966, 0.8559884428977966, 0.27432379126548767, 0.39027048349380494, 0.30004462599754333, 0.37998214960098264, 0.2432243525981903, 0.12627149000763893]
[0.4642857142857143, 0.5, 0.3333333333333333, 0.42424242424242425, 0.6153846153846154, 0.5869565217391305, 0.3170429766178131, 0.3166179955005646, 0.34934964781737465, 0.3493692159196843, 0.4564058038746194, 0.5398624432309813, 0.6637207312243326, 0.6637207312243326, 0.7443739101290703, 0.0, 0.0, 0.0, 0.6061951369047165, 0.21326160430908203, 0.20699116587638855, 0.8614217638969421, 0.8614217638969421, 0.27660128474235535, 0.3893594861030579, 0.30390802025794983, 0.37843679189682006, 0.242026686668396, 0.15164082869887352]
[0.4642857142857143, 0.5, 0.3333333333333333, 0.42424242424242425, 0.6153846153846154, 0.5869565217391305, 0.15463247895240784, 0.15448638796806335, 0.40352388777650794, 0.40354581499190906, 0.46090892908905934, 0.5345404650188946, 0.6417978874274664, 0.6417978874274664, 0.747044138610363, 0.0, 0.0, 0.0, 0.6158437848091125, 0.220696359872818, 0.21349084377288818, 0.8778426647186279, 0.8778426647186279, 0.2685798406600952, 0.3925680637359619, 0.2969711124897003, 0.38121155500411985, 0.2443801611661911, 0.17688501626253128]
[0.4642857142857143, 0.5, 0.3333333333333333, 0.42424242424242425, 0.6153846153846154, 0.5869565217391305, 0.9923475980758667, 0.992340087890625, 0.3566998350460716, 0.3567190156612068, 0.482620046311993, 0.515755155181743, 0.713779159954616, 0.713779159954616, 0.6885793507099152, 0.0, 0.0, 0.0, 0.6119163542985916, 0.18580904603004456, 0.16923531889915466, 0.8650322556495667, 0.8650322556495667, 0.290039598941803, 0.3839841604232788, 0.30508488416671753, 0.377966046333313, 0.24148277938365936, 0.16883134841918945]
[0.4642857142857143, 0.5, 0.3333333333333333, 0.42424242424242425, 0.6153846153846154, 0.5869565217391305, 0.46460431814193726, 0.4641457200050354, 0.3125613077648739, 0.3125792347450329, 0.4966327353856076, 0.5003729827950557, 0.6616977921554021, 0.6616977921554021, 0.7265768498182297, 0.0, 0.0, 0.0, 0.6077334523200988, 0.21608862280845642, 0.20633605122566223, 0.8584522604942322, 0.8584522604942322, 0.29069146513938904, 0.38372341394424436, 0.3042125105857849, 0.37831499576568606, 0.2387852519750595, 0.15651239082217216]
[0.4642857142857143, 0.5, 0.3333333333333333, 0.42424242424242425, 0.6153846153846154, 0.5869565217391305, 0.19791045784950256, 0.1975642591714859, 0.38961228904942935, 0.38963360084402404, 0.5102747274459434, 0.48552145414958214, 0.6759328501565116, 0.6759328501565116, 0.7349954396486282, 0.0, 0.0, 0.0, 0.6156918495893478, 0.22466138005256653, 0.21491897106170654, 0.8736411333084106, 0.8736411333084106, 0.27931809425354004, 0.388272762298584, 0.28644245862960815, 0.38542301654815675, 0.24049589037895203, 0.1702379807829857]
[0.4642857142857143, 0.5, 0.3333333333333333, 0.42424242424242425, 0.6153846153846154, 0.5869565217391305, 0.14522095024585724, 0.1445821225643158, 0.4059735987883909, 0.4059956342722672, 0.5270132751811303, 0.468608237310709, 0.653203981263297, 0.653203981263297, 0.7355284839868546, 0.0, 0.0, 0.0, 0.6248839408159256, 0.22487518191337585, 0.21468082070350647, 0.8873170018196106, 0.8873170018196106, 0.27247172594070435, 0.3910113096237183, 0.27598151564598083, 0.3896073937416077, 0.24603533744812012, 0.1773177832365036]
[0.4642857142857143, 0.5, 0.3333333333333333, 0.42424242424242425, 0.6153846153846154, 0.5869565217391305, 0.13284777104854584, 0.13215680420398712, 0.40848531914486713, 0.40850758256237546, 0.5374176534138492, 0.45801395617246576, 0.6410838876451765, 0.6410838876451765, 0.7335464358329773, 0.0, 0.0, 0.0, 0.6271396249532699, 0.22542664408683777, 0.21445563435554504, 0.8902876377105713, 0.8902876377105713, 0.27036434412002563, 0.3918542623519897, 0.27021467685699463, 0.39191412925720215, 0.2540102005004883, 0.1787416823208332]
[0.4642857142857143, 0.5, 0.3333333333333333, 0.42424242424242425, 0.6153846153846154, 0.5869565217391305, 0.1825401484966278, 0.1819959282875061, 0.3959590896365747, 0.39598093707520465, 0.5693814533390461, 0.4265340308563609, 0.6742063590458461, 0.6742063590458461, 0.7303393483161926, 0.0, 0.0, 0.0, 0.6287086069583893, 0.21998488903045654, 0.20686885714530945, 0.8916704654693604, 0.8916704654693604, 0.2762013375759125, 0.389519464969635, 0.2704203426837921, 0.39183186292648314, 0.2476567178964615, 0.18401533365249634]
[0.4642857142857143, 0.5, 0.3333333333333333, 0.42424242424242425, 0.6153846153846154, 0.5869565217391305, 0.9840806126594543, 0.9831680655479431, 0.35494177154555606, 0.3549611686976416, 0.5603945031904581, 0.4378461718736547, 0.7098414642470224, 0.7098414642470224, 0.7189178615808487, 0.0, 0.0, 0.0, 0.6068024188280106, 0.20465463399887085, 0.1721772849559784, 0.8510340452194214, 0.8510340452194214, 0.3272668421268463, 0.3690932631492615, 0.291646271944046, 0.3833414912223816, 0.2453397959470749, 0.17887692898511887]
[0.4642857142857143, 0.5, 0.3333333333333333, 0.42424242424242425, 0.6153846153846154, 0.5869565217391305, 0.21732227504253387, 0.2163262516260147, 0.3769556017268456, 0.37697662860440023, 0.616030356168291, 0.38114298547380465, 0.736128900732313, 0.736128900732313, 0.7231314927339554, 0.0, 0.0, 0.0, 0.6158007472753524, 0.22508466243743896, 0.21396028995513916, 0.8665490746498108, 0.8665490746498108, 0.3406147360801697, 0.3637541055679321, 0.3015914261341095, 0.3793634295463562, 0.24363262951374054, 0.18923653289675713]
[0.4642857142857143, 0.5, 0.3333333333333333, 0.42424242424242425, 0.6153846153846154, 0.5869565217391305, 0.15059615671634674, 0.14930126070976257, 0.39421097543909717, 0.3942328798611351, 0.6321034495278937, 0.3649814538649751, 0.7066346492086139, 0.7066346492086139, 0.7231527119874954, 0.0, 0.0, 0.0, 0.623596841096878, 0.2180367410182953, 0.20554488897323608, 0.8788135647773743, 0.8788135647773743, 0.3349370062351227, 0.3660251975059509, 0.29462507367134094, 0.3821499705314636, 0.2368246167898178, 0.2004912681877613]
[0.4642857142857143, 0.5, 0.3333333333333333, 0.42424242424242425, 0.6153846153846154, 0.5869565217391305, 0.13852724432945251, 0.13714009523391724, 0.39710052428236425, 0.3971225084811734, 0.6260845998505106, 0.3709725982093852, 0.7118325999804906, 0.7118325999804906, 0.7240065634250641, 0.0, 0.0, 0.0, 0.6256115108728408, 0.2121371030807495, 0.19980531930923462, 0.8818382620811462, 0.8818382620811462, 0.33493050932884216, 0.36602779626846316, 0.29320821166038513, 0.38271671533584595, 0.22744067013263702, 0.2051527239382267]
[0.4642857142857143, 0.5, 0.3333333333333333, 0.42424242424242425, 0.6153846153846154, 0.5869565217391305, 0.12743927538394928, 0.12596243619918823, 0.4018503306700668, 0.40187239464564717, 0.5986868291238526, 0.39778883046396785, 0.6962247831480844, 0.6962247831480844, 0.7268367558717728, 0.0, 0.0, 0.0, 0.6246828973293304, 0.2141004502773285, 0.20309540629386902, 0.8810049891471863, 0.8810049891471863, 0.3316546678543091, 0.3673381328582763, 0.29153215885162354, 0.3833871364593506, 0.2167561650276184, 0.20137473940849304]
[0.4642857142857143, 0.5, 0.3333333333333333, 0.42424242424242425, 0.6153846153846154, 0.5869565217391305, 0.12224067747592926, 0.12111023813486099, 0.40644258933131144, 0.4064647729720486, 0.552293992635169, 0.4433214796154216, 0.7084738995347705, 0.7084738995347705, 0.7301912009716034, 0.0, 0.0, 0.0, 0.6242210417985916, 0.20603865385055542, 0.1930924952030182, 0.8816347718238831, 0.8816347718238831, 0.316398948431015, 0.37344042062759397, 0.288892537355423, 0.3844429850578308, 0.21379876136779785, 0.19459504634141922]
[0.4642857142857143, 0.5, 0.3333333333333333, 0.42424242424242425, 0.6153846153846154, 0.5869565217391305, 0.12311714142560959, 0.12224774807691574, 0.4036003253200086, 0.40362244627899696, 0.5131276323963989, 0.4819786190252181, 0.7113154658249446, 0.7113154658249446, 0.7376040667295456, 0.0, 0.0, 0.0, 0.6248796850442886, 0.20086562633514404, 0.18712151050567627, 0.8842450380325317, 0.8842450380325317, 0.3072097897529602, 0.3771160840988159, 0.29008370637893677, 0.3839665174484253, 0.21714477241039276, 0.1959773525595665]
[0.4642857142857143, 0.5, 0.3333333333333333, 0.42424242424242425, 0.6153846153846154, 0.5869565217391305, 0.13294854760169983, 0.1328505128622055, 0.39897542656265755, 0.398998231322542, 0.4763857295476684, 0.5187493512046446, 0.7056441903114319, 0.7056441903114319, 0.7482803091406822, 0.0, 0.0, 0.0, 0.625076201558113, 0.20260709524154663, 0.1880238652229309, 0.8860374689102173, 0.8860374689102173, 0.30204761028289795, 0.3791809558868408, 0.2950771749019623, 0.38196913003921507, 0.21824651956558228, 0.19719472154974937]
[0.4642857142857143, 0.5, 0.3333333333333333, 0.42424242424242425, 0.6153846153846154, 0.5869565217391305, 0.1388152539730072, 0.13877080380916595, 0.3992777919222246, 0.39930058528542745, 0.4385709630371736, 0.5566701921510714, 0.7113511221749442, 0.7113511221749442, 0.7502167001366615, 0.0, 0.0, 0.0, 0.6242566108703613, 0.21300271153450012, 0.20257803797721863, 0.8870901465415955, 0.8870901465415955, 0.2948205769062042, 0.3820717692375183, 0.30916985869407654, 0.3763320565223694, 0.21576891839504242, 0.194479338824749]
[0.4642857142857143, 0.5, 0.3333333333333333, 0.42424242424242425, 0.6153846153846154, 0.5869565217391305, 0.13899880647659302, 0.1389673352241516, 0.3972014305012632, 0.3972241326910132, 0.4231788555933002, 0.5721641433689786, 0.6949485199792045, 0.6949485199792045, 0.7487893477082253, 0.0, 0.0, 0.0, 0.6241210103034973, 0.21849718689918518, 0.20951032638549805, 0.8883633017539978, 0.8883633017539978, 0.29103773832321167, 0.3835849046707153, 0.3211420476436615, 0.37154318094253536, 0.21164441108703613, 0.18287265673279762]
[0.4642857142857143, 0.5, 0.3333333333333333, 0.42424242424242425, 0.6153846153846154, 0.5869565217391305, 0.1351909339427948, 0.13516251742839813, 0.3967215732224357, 0.3967442868088673, 0.4149192416645145, 0.5804789215104708, 0.6812471577099392, 0.6812471577099392, 0.7474113702774048, 0.0, 0.0, 0.0, 0.6230294466018677, 0.22322523593902588, 0.21824127435684204, 0.8879676461219788, 0.8879676461219788, 0.2899864614009857, 0.3840054154396057, 0.32989373803138733, 0.36804250478744505, 0.2107490748167038, 0.1686185784637928]
[0.4642857142857143, 0.5, 0.3333333333333333, 0.42424242424242425, 0.6153846153846154, 0.5869565217391305, 0.09918240457773209, 0.09913287311792374, 0.4112885552200259, 0.4113118386405376, 0.40084287541318353, 0.5946015184007178, 0.6581559138638633, 0.6581559138638633, 0.7474965900182724, 0.0, 0.0, 0.0, 0.6205135136842728, 0.23388749361038208, 0.23146528005599976, 0.8861032724380493, 0.8861032724380493, 0.2882615029811859, 0.3846953988075256, 0.3371356427669525, 0.365145742893219, 0.20999811589717865, 0.15315521508455276]
[0.4642857142857143, 0.5, 0.3333333333333333, 0.42424242424242425, 0.6153846153846154, 0.5869565217391305, 0.0817994698882103, 0.0817517638206482, 0.41960722105452936, 0.4196308463754891, 0.38329412832314835, 0.6123090867963799, 0.6403652897902898, 0.6403652897902898, 0.7514089718461037, 0.0, 0.0, 0.0, 0.6203483521938323, 0.2347266972064972, 0.2325034737586975, 0.8866888880729675, 0.8866888880729675, 0.28442975878715515, 0.38622809648513795, 0.33966878056526184, 0.3641324877738953, 0.21056710183620453, 0.1452539674937725]
[0.4642857142857143, 0.5, 0.3333333333333333, 0.42424242424242425, 0.6153846153846154, 0.5869565217391305, 0.06730931252241135, 0.06729202717542648, 0.4182769661879676, 0.41830058581058654, 0.353233500146957, 0.6428896600789317, 0.6256919886384692, 0.6256919886384692, 0.7537047863006592, 0.0, 0.0, 0.0, 0.6215879708528518, 0.22647994756698608, 0.2300768494606018, 0.8895476460456848, 0.8895476460456848, 0.27918848395347595, 0.3883246064186096, 0.34236788749694824, 0.3630528450012207, 0.2122204750776291, 0.13249190524220467]
[0.4642857142857143, 0.5, 0.3333333333333333, 0.42424242424242425, 0.6153846153846154, 0.5869565217391305, 0.01601370796561241, 0.016013087704777718, 0.4270478979351416, 0.42707179677645973, 0.33379391821574983, 0.6629497229432462, 0.623733401298523, 0.623733401298523, 0.7559577003121376, 0.0, 0.0, 0.0, 0.6228720039129256, 0.226800799369812, 0.23388686776161194, 0.8928413987159729, 0.8928413987159729, 0.2739892303943634, 0.39040430784225466, 0.34476131200790405, 0.3620954751968384, 0.21807274222373962, 0.11774457059800625]
[0.4642857142857143, 0.5, 0.3333333333333333, 0.42424242424242425, 0.6153846153846154, 0.5869565217391305, 0.0, 0.0, 0.43309409395002724, 0.43311826061336306, 0.32964315560306234, 0.6670696575322019, 0.587667248078755, 0.587667248078755, 0.7582744732499123, 0.0, 0.0, 0.0, 0.6214401036500931, 0.24072608351707458, 0.24844449758529663, 0.8927522301673889, 0.8927522301673889, 0.2646304965019226, 0.39414780139923095, 0.3367651700973511, 0.3652939319610595, 0.23014754056930542, 0.1044545229524374]
[0.4642857142857143, 0.5, 0.3333333333333333, 0.42424242424242425, 0.6153846153846154, 0.5869565217391305, 0.0, 0.0, 0.43658390601324076, 0.43660819234173337, 0.33143042879852236, 0.6652269052907062, 0.5658577808312008, 0.5658577808312008, 0.7585171684622765, 0.0, 0.0, 0.0, 0.6195358335971832, 0.25068499147892, 0.25912342965602875, 0.8912922739982605, 0.8912922739982605, 0.2549367845058441, 0.39802528619766236, 0.32238051295280457, 0.3710477948188782, 0.2366531491279602, 0.09712244383990765]
[0.4642857142857143, 0.5, 0.3333333333333333, 0.42424242424242425, 0.6153846153846154, 0.5869565217391305, 0.0, 0.0, 0.4362636193718555, 0.4362879170970297, 0.3422192569900425, 0.6541011456043219, 0.5495073539870127, 0.5495073539870127, 0.7579415440559387, 0.0, 0.0, 0.0, 0.6177354544401168, 0.25938643515110016, 0.26772908866405487, 0.8891329169273376, 0.8891329169273376, 0.24866262078285217, 0.40053495168685915, 0.3131384551525116, 0.3747446179389954, 0.2404230684041977, 0.0936906598508358]
[0.4642857142857143, 0.5, 0.3333333333333333, 0.42424242424242425, 0.6153846153846154, 0.5869565217391305, 0.0, 0.0, 0.43142263953134163, 0.43144670362454296, 0.3603182700578387, 0.6357026961241301, 0.5235923826694489, 0.5235923826694489, 0.7569940537214279, 0.0, 0.0, 0.0, 0.6139598965644836, 0.2607294023036957, 0.2685835063457489, 0.8846363425254822, 0.8846363425254822, 0.23972821235656738, 0.40410871505737306, 0.29544487595558167, 0.38182204961776733, 0.24110612273216248, 0.08956960402429104]
[0.4642857142857143, 0.5, 0.3333333333333333, 0.42424242424242425, 0.6153846153846154, 0.5869565217391305, 0.0, 0.0, 0.4222189131020132, 0.4222424700428833, 0.4281555015315973, 0.5672504968619889, 0.5127882531711033, 0.5127882531711033, 0.7566055506467819, 0.0, 0.0, 0.0, 0.6133492350578308, 0.2567169964313507, 0.2626678794622421, 0.8831474184989929, 0.8831474184989929, 0.22652830183506012, 0.40938867926597594, 0.2728574573993683, 0.39085701704025266, 0.24440409243106842, 0.08705849759280682]
[0.4642857142857143, 0.5, 0.3333333333333333, 0.42424242424242425, 0.6153846153846154, 0.5869565217391305, 0.0, 0.0, 0.42022173012647757, 0.42024526427398445, 0.44522436854944175, 0.5499849804592584, 0.5241147960935321, 0.5241147960935321, 0.7557504549622536, 0.0, 0.0, 0.0, 0.616335305571556, 0.25495193898677826, 0.2607455253601074, 0.8864623308181763, 0.8864623308181763, 0.22385451197624207, 0.41045819520950316, 0.26738154888153076, 0.3930473804473877, 0.2435626983642578, 0.08761216886341572]
[0.4642857142857143, 0.5, 0.3333333333333333, 0.42424242424242425, 0.6153846153846154, 0.5869565217391305, 0.0, 0.0, 0.4151789264514843, 0.41520224976038156, 0.46381227361540495, 0.5314228030458641, 0.5211606195994786, 0.5211606195994786, 0.7499784156680107, 0.0, 0.0, 0.0, 0.6186754584312438, 0.2557224929332733, 0.26063886284828186, 0.8895734548568726, 0.8895734548568726, 0.2221444845199585, 0.4111422061920166, 0.2613908350467682, 0.3954436659812927, 0.2453213781118393, 0.05713726859539747]
[0.4642857142857143, 0.5, 0.3333333333333333, 0.42424242424242425, 0.6153846153846154, 0.5869565217391305, 0.0, 0.0, 0.40642508972671243, 0.4064480597384801, 0.48235921046018143, 0.5129760686748975, 0.48829151051385067, 0.48829151051385067, 0.7418094724416733, 0.0, 0.0, 0.0, 0.6210189491510391, 0.2565222233533859, 0.2609158456325531, 0.8926243185997009, 0.8926243185997009, 0.22266478836536407, 0.4109340846538544, 0.25643688440322876, 0.3974252462387085, 0.2501865029335022, 0.07550153881311417]
[0.4642857142857143, 0.5, 0.3333333333333333, 0.42424242424242425, 0.6153846153846154, 0.5869565217391305, 0.0, 0.0, 0.40418765330633744, 0.4042105720330379, 0.4888013264816076, 0.5064698085679556, 0.47946821366037645, 0.47946821366037645, 0.7402420341968536, 0.0, 0.0, 0.0, 0.6220739006996154, 0.25660015642642975, 0.2602418214082718, 0.8934434652328491, 0.8934434652328491, 0.22229036688804626, 0.41108385324478147, 0.25196754932403564, 0.39921298027038576, 0.2543092966079712, 0.09215771220624447]
[0.4642857142857143, 0.5, 0.3333333333333333, 0.42424242424242425, 0.6153846153846154, 0.5869565217391305, 0.0955520048737526, 0.0954129621386528, 0.3809920670197525, 0.3810141195986513, 0.5115951199091643, 0.483858820762456, 0.4772322944232396, 0.4772322944232396, 0.7412666529417038, 0.0, 0.0, 0.0, 0.6227862417697906, 0.25624340772628784, 0.25760750472545624, 0.8934664726257324, 0.8934664726257324, 0.22294948995113373, 0.4108202040195465, 0.24773110449314117, 0.40090755820274354, 0.2570433020591736, 0.09925819933414459]
[0.4642857142857143, 0.5, 0.3333333333333333, 0.42424242424242425, 0.6153846153846154, 0.5869565217391305, 0.13341361284255981, 0.13301385939121246, 0.36053088654979465, 0.3605521755510261, 0.5375757139909791, 0.4582555544257342, 0.48476668340819223, 0.48476668340819223, 0.7422793358564377, 0.0, 0.0, 0.0, 0.6257318407297134, 0.2501890957355499, 0.2503494322299957, 0.8958411812782288, 0.8958411812782288, 0.22706837952136993, 0.40917264819145205, 0.24659040570259094, 0.4013638377189636, 0.2604960799217224, 0.10136233642697334]
[0.4642857142857143, 0.5, 0.3333333333333333, 0.42424242424242425, 0.6153846153846154, 0.5869565217391305, 0.15002290904521942, 0.1492881178855896, 0.3481928846348312, 0.3482136721820722, 0.556233637419531, 0.44001192886509766, 0.493652778012412, 0.493652778012412, 0.7423931360244751, 0.0, 0.0, 0.0, 0.6278293520212173, 0.25002264976501465, 0.2500893324613571, 0.8972479701042175, 0.8972479701042175, 0.23184706270694733, 0.4072611749172211, 0.24386581778526306, 0.4024536728858948, 0.2613816559314728, 0.10826120153069496]
[0.4642857142857143, 0.5, 0.3333333333333333, 0.42424242424242425, 0.6153846153846154, 0.5869565217391305, 0.18771891295909882, 0.18716028332710266, 0.3308961067783217, 0.33091418191534155, 0.5578921281128951, 0.43866884133505274, 0.4942402030740466, 0.4942402030740466, 0.7405723184347153, 0.0, 0.0, 0.0, 0.6276015222072601, 0.24928778409957886, 0.24952343106269836, 0.8960280418395996, 0.8960280418395996, 0.23432867228984833, 0.4062685310840607, 0.24125340580940247, 0.403498637676239, 0.26313936710357666, 0.11498562060296535]
[0.4642857142857143, 0.5, 0.3333333333333333, 0.42424242424242425, 0.6153846153846154, 0.5869565217391305, 0.19620531797409058, 0.19575698673725128, 0.3274951888315992, 0.32751315000180303, 0.5643616196758204, 0.4323830813745645, 0.49740891371454515, 0.49740891371454515, 0.734970435500145, 0.0, 0.0, 0.0, 0.627542108297348, 0.24956688284873962, 0.24963149428367615, 0.8946569561958313, 0.8946569561958313, 0.23520983755588531, 0.4059160649776459, 0.23687638342380524, 0.4052494466304779, 0.26344528794288635, 0.13653763569891453]
[0.4642857142857143, 0.5, 0.3333333333333333, 0.42424242424242425, 0.6153846153846154, 0.5869565217391305, 0.20075763761997223, 0.20027729868888855, 0.3276057480398145, 0.32762374340006317, 0.5848760625372426, 0.4121722404126633, 0.502216752086367, 0.502216752086367, 0.732300728559494, 0.0, 0.0, 0.0, 0.627168247103691, 0.2509153485298157, 0.2525172084569931, 0.8928372859954834, 0.8928372859954834, 0.23489674925804138, 0.4060413002967834, 0.2307916134595871, 0.40768335461616517, 0.26186177134513855, 0.14978675171732903]
[0.4642857142857143, 0.5, 0.3333333333333333, 0.42424242424242425, 0.6153846153846154, 0.5869565217391305, 0.20167523622512817, 0.20115907490253448, 0.32659422416759953, 0.32661211695771375, 0.591268666387744, 0.405970747515936, 0.508642111505781, 0.508642111505781, 0.7311732620000839, 0.0, 0.0, 0.0, 0.6267307370901107, 0.2520759552717209, 0.2532496750354767, 0.8910697102546692, 0.8910697102546692, 0.23633542656898499, 0.405465829372406, 0.22815175354480743, 0.408739298582077, 0.25884750485420227, 0.15451641753315926]
[0.4642857142857143, 0.5, 0.3333333333333333, 0.42424242424242425, 0.6153846153846154, 0.5869565217391305, 0.20226524770259857, 0.20172248780727386, 0.32494695920561284, 0.32496481780568226, 0.5940097563581302, 0.40333279181570164, 0.5042339222771781, 0.5042339222771781, 0.7308005541563034, 0.0, 0.0, 0.0, 0.6260423451662063, 0.25716136395931244, 0.256322905421257, 0.8894127011299133, 0.8894127011299133, 0.23792009055614471, 0.4048319637775421, 0.22734884917736053, 0.4090604603290558, 0.25480127334594727, 0.15517473220825195]
[0.4642857142857143, 0.5, 0.3333333333333333, 0.42424242424242425, 0.6153846153846154, 0.5869565217391305, 0.20139233767986298, 0.20081745088100433, 0.3256510575916297, 0.3256689731751072, 0.5957194181518847, 0.4016459119884685, 0.49757135765893123, 0.49757135765893123, 0.730696976184845, 0.0, 0.0, 0.0, 0.6250659584999084, 0.2595429867506027, 0.2586828023195267, 0.8877219557762146, 0.8877219557762146, 0.2379024177789688, 0.4048390328884125, 0.22564344108104706, 0.4097426235675812, 0.2540826201438904, 0.15590247698128223]
[0.4642857142857143, 0.5, 0.3333333333333333, 0.42424242424242425, 0.6153846153846154, 0.5869565217391305, 0.20131713151931763, 0.20073199272155762, 0.32700031072642105, 0.32701820351653527, 0.6045955982536476, 0.39302412861341224, 0.4938299315316337, 0.4938299315316337, 0.7304095476865768, 0.0, 0.0, 0.0, 0.621812754869461, 0.26260559260845184, 0.2611214965581894, 0.8811649084091187, 0.8811649084091187, 0.2395886778831482, 0.4041645288467407, 0.2244187593460083, 0.4102324962615967, 0.24004904925823212, 0.15953363850712776]
[0.4642857142857143, 0.5, 0.3333333333333333, 0.42424242424242425, 0.6153846153846154, 0.5869565217391305, 0.20382057130336761, 0.20330391824245453, 0.32935299608949037, 0.3293709800530574, 0.6339990823720199, 0.3646409666054513, 0.5703780055046082, 0.5703780055046082, 0.730648934841156, 0.0, 0.0, 0.0, 0.6129667162895203, 0.25306855142116547, 0.24683523178100586, 0.8646295666694641, 0.8646295666694641, 0.2866092026233673, 0.3853563189506531, 0.2562633454799652, 0.3974946618080139, 0.1960543841123581, 0.16814522445201874]
[0.4642857142857143, 0.5, 0.3333333333333333, 0.42424242424242425, 0.6153846153846154, 0.5869565217391305, 0.19874384999275208, 0.19789011776447296, 0.33429640930423776, 0.33431457561471034, 0.6615389127348394, 0.3380212815217666, 0.6365654936858587, 0.6365654936858587, 0.7300489395856857, 0.0, 0.0, 0.0, 0.6121912479400634, 0.23731496930122375, 0.23119080066680908, 0.8628234267234802, 0.8628234267234802, 0.31619876623153687, 0.37352049350738525, 0.273906409740448, 0.3904374361038208, 0.1910049170255661, 0.1739925518631935]
[0.4642857142857143, 0.5, 0.3333333333333333, 0.42424242424242425, 0.6153846153846154, 0.5869565217391305, 0.167154923081398, 0.165917307138443, 0.3456433671838239, 0.34566196656819737, 0.6721263273724178, 0.3276887992549302, 0.6526775658130646, 0.6526775658130646, 0.7300407886505127, 0.0, 0.0, 0.0, 0.6110066413879394, 0.22545549273490906, 0.21858352422714233, 0.8600575923919678, 0.8600575923919678, 0.33554360270500183, 0.36578255891799927, 0.28848233819007874, 0.3846070647239685, 0.19053038954734802, 0.17626453191041946]
[0.4642857142857143, 0.5, 0.3333333333333333, 0.42424242424242425, 0.6153846153846154, 0.5869565217391305, 0.11902004480361938, 0.11750110238790512, 0.3675531342654109, 0.3675715513028789, 0.6793974102341194, 0.3202491594723438, 0.659060435635703, 0.659060435635703, 0.7332957983016968, 0.0, 0.0, 0.0, 0.6110590249300003, 0.2245713770389557, 0.21671360731124878, 0.859268307685852, 0.859268307685852, 0.3537827134132385, 0.3584869146347046, 0.3016708493232727, 0.37933166027069093, 0.2047928124666214, 0.18054107204079628]
[0.4642857142857143, 0.5, 0.3333333333333333, 0.42424242424242425, 0.6153846153846154, 0.5869565217391305, 0.07028298079967499, 0.0688285380601883, 0.38099640915544264, 0.38101538463030904, 0.6786215355473768, 0.3206288513165765, 0.6522561396871295, 0.6522561396871295, 0.7329531908035278, 0.0, 0.0, 0.0, 0.6134910106658935, 0.2225145697593689, 0.21378138661384583, 0.8623505234718323, 0.8623505234718323, 0.3604064881801605, 0.3558374047279358, 0.3065430819988251, 0.37738276720047, 0.21239185333251953, 0.20555531606078148]
[0.4642857142857143, 0.5, 0.3333333333333333, 0.42424242424242425, 0.6153846153846154, 0.5869565217391305, 0.02863612025976181, 0.028005991131067276, 0.3914225835417242, 0.39144201488385466, 0.6536832826771198, 0.3444012122623272, 0.6190420261451176, 0.6190420261451176, 0.7353133335709572, 0.0, 0.0, 0.0, 0.6191850662231445, 0.22361329197883606, 0.21833536028862, 0.8728306293487549, 0.8728306293487549, 0.34723079204559326, 0.3611076831817627, 0.30148521065711975, 0.3794059157371521, 0.21503369510173798, 0.21458789706230164]
[0.6447863624919028, 0.6684672716591094, 0.3333333333333333, 0.42424242424242425, 0.27845007206639677, 0.25002197842091184, 0.0, 0.0, 0.3834234806593244, 0.38344251311759875, 0.6298474308181675, 0.3678387614959918, 0.5920044013432094, 0.5920044013432094, 0.7560000494122505, 0.0, 0.0, 0.0, 0.6270666301250457, 0.25625503063201904, 0.2572825103998184, 0.8877030611038208, 0.8877030611038208, 0.30261850357055664, 0.3789525985717773, 0.27221083641052246, 0.391115665435791, 0.232980877161026, 0.20990760996937752]
[0.6187566504591987, 0.6441728737619188, 0.3333333333333333, 0.42424242424242425, 0.3270388678607778, 0.29861077421529286, 0.0, 0.0, 0.3879814808956752, 0.38800065011412876, 0.6113786182257687, 0.3857734686051404, 0.5824490317276546, 0.5824490317276546, 0.7617110088467598, 0.0, 0.0, 0.0, 0.628863650560379, 0.25775696337223053, 0.25880588591098785, 0.8909552693367004, 0.8909552693367004, 0.2914727032184601, 0.38341091871261596, 0.26551350951194763, 0.39379459619522095, 0.2349000722169876, 0.20189134404063225]
[0.4642857142857143, 0.5, 0.3333333333333333, 0.42424242424242425, 0.6153846153846154, 0.5869565217391305, 0.6071967482566833, 0.6048991680145264, 0.2534748245151731, 0.2534882725994628, 0.5470273011501159, 0.45164836245735973, 0.6290446860449656, 0.6290446860449656, 0.7551091611385345, 0.0, 0.0, 0.0, 0.6208507418632507, 0.23191767930984497, 0.23010563850402832, 0.8779828548431396, 0.8779828548431396, 0.3105117380619049, 0.37579530477523804, 0.291598916053772, 0.3833604335784912, 0.21632839739322662, 0.1939963921904564]
[0.5311379889469772, 0.562395456350512, 0.3333333333333333, 0.42424242424242425, 0.4905937026835915, 0.46216560903810655, 0.26958298683166504, 0.2693396508693695, 0.3317843185556094, 0.33180115145433475, 0.5060742859858628, 0.49028221844664444, 0.6519483668463572, 0.6519483668463572, 0.744009792804718, 0.0, 0.0, 0.0, 0.6211227566003799, 0.23367881774902344, 0.233089417219162, 0.8789049983024597, 0.8789049983024597, 0.30650320649147034, 0.37739871740341185, 0.2962733805179596, 0.38149064779281616, 0.23367266356945038, 0.20238826051354408]
[0.4642857142857143, 0.5, 0.3333333333333333, 0.42424242424242425, 0.6153846153846154, 0.5869565217391305, 0.18617531657218933, 0.1861228197813034, 0.35516004079158625, 0.35517791078833727, 0.4641201948572527, 0.5314317351950691, 0.6208881948675429, 0.6208881948675429, 0.7546258270740509, 0.0, 0.0, 0.0, 0.6264243632555008, 0.23474523425102234, 0.23311969637870789, 0.891467809677124, 0.891467809677124, 0.27185723185539246, 0.391257107257843, 0.29096198081970215, 0.38361520767211915, 0.24133017659187317, 0.2094866707921028]
[0.4642857142857143, 0.5, 0.3333333333333333, 0.42424242424242425, 0.6153846153846154, 0.5869565217391305, 0.1394767314195633, 0.13945455849170685, 0.3654438022445766, 0.3654620483318205, 0.4262546547056384, 0.5695520552868091, 0.5598224912370955, 0.5598224912370955, 0.7617719620466232, 0.0, 0.0, 0.0, 0.6309013724327087, 0.25340352952480316, 0.2543151080608368, 0.9006184339523315, 0.9006184339523315, 0.23344527184963226, 0.4066218912601471, 0.27362921833992004, 0.390548312664032, 0.24076853692531586, 0.18723251298069954]
[0.4642857142857143, 0.5, 0.3333333333333333, 0.42424242424242425, 0.6153846153846154, 0.5869565217391305, 0.11824281513690948, 0.11822458356618881, 0.3714754276020349, 0.3714939016229108, 0.40352384218978155, 0.5923953573238275, 0.5466675971235548, 0.5466675971235548, 0.7662503346800804, 0.0, 0.0, 0.0, 0.6307586163282394, 0.2554694414138794, 0.25833943486213684, 0.9012197256088257, 0.9012197256088257, 0.22618988156318665, 0.40952404737472536, 0.270163893699646, 0.3919344425201416, 0.238520547747612, 0.1573479175567627]
[0.4642857142857143, 0.5, 0.3333333333333333, 0.42424242424242425, 0.6153846153846154, 0.5869565217391305, 0.10639365017414093, 0.10637660324573517, 0.37724592079396, 0.3772624573789637, 0.38863729154174687, 0.6075357462611705, 0.5424739633287703, 0.5424739633287703, 0.7689219638705254, 0.0, 0.0, 0.0, 0.630104187130928, 0.2557327300310135, 0.25987212359905243, 0.9009347558021545, 0.9009347558021545, 0.22318969666957855, 0.41072412133216857, 0.27134576439857483, 0.3914616942405701, 0.237261101603508, 0.13725520111620426]
[0.549505047145344, 0.579538044002321, 0.3333333333333333, 0.42424242424242425, 0.45630852737997335, 0.4278804337344884, 0.06938005238771439, 0.06931689381599426, 0.38305762438655583, 0.3830744116985547, 0.38319697161249633, 0.6129987911735342, 0.5426649323531559, 0.5426649323531559, 0.7703716903924942, 0.0, 0.0, 0.0, 0.62918062210083, 0.25796179473400116, 0.2678924947977066, 0.9005755186080933, 0.9005755186080933, 0.22187983989715576, 0.4112480640411377, 0.2745813727378845, 0.39016745090484617, 0.24000658094882965, 0.12390590272843838]
[0.8025618706430708, 0.8157244126001995, 0.3333333333333333, 0.42424242424242425, -0.01606420981578338, -0.04449230346126831, 0.0, 0.0, 0.37751482549634535, 0.3775312937012594, 0.3755344811178758, 0.6212368254857077, 0.5101693315165384, 0.5101693315165384, 0.7837734594941139, 0.0, 0.0, 0.0, 0.630316224694252, 0.3020295649766922, 0.3157879561185837, 0.9036851525306702, 0.9036851525306702, 0.21357589960098267, 0.41456964015960696, 0.267936646938324, 0.3928253412246704, 0.26840677857398987, 0.0917127076536417]
[0.8132553874027162, 0.8257050282425351, 0.3333333333333333, 0.42424242424242425, -0.03602544110045469, -0.06445353474593962, 0.0, 0.0, 0.37593333078388047, 0.3759497306087049, 0.37476943327865453, 0.622124877709453, 0.49107651625360765, 0.49107651625360765, 0.7993543520569801, 0.0, 0.0, 0.0, 0.6325077801942824, 0.3101451098918915, 0.3249632716178894, 0.90793377161026, 0.90793377161026, 0.2079121172428131, 0.4168351531028748, 0.2625240385532379, 0.39499038457870483, 0.279922217130661, 0.08170749992132187]
[0.832627588794345, 0.8437857495413886, 0.3333333333333333, 0.42424242424242425, -0.07218688369816184, -0.10061497734364677, 0.0, 0.0, 0.3783344406470742, 0.3783508404718986, 0.3796223226514419, 0.6173025200466759, 0.46731267656598774, 0.46731267656598774, 0.8009215965867043, 0.0, 0.0, 0.0, 0.6337955474853515, 0.312861829996109, 0.326870322227478, 0.9102424383163452, 0.9102424383163452, 0.2027519941329956, 0.4188992023468018, 0.2568918764591217, 0.3972432494163513, 0.2837923467159271, 0.07665264420211315]
[0.8914778268053418, 0.8987126383516524, 0.3333333333333333, 0.42424242424242425, -0.18204066131868923, -0.21046875496417417, 0.0, 0.0, 0.37575398120551906, 0.37577031265025385, 0.3948160480586794, 0.6019622789007706, 0.43531845722879686, 0.43531845722879686, 0.8226904422044754, 0.0, 0.0, 0.0, 0.6337306261062622, 0.3421091288328171, 0.3542957603931427, 0.9106749296188354, 0.9106749296188354, 0.200271874666214, 0.4198912501335144, 0.2522834241390228, 0.39908663034439085, 0.3073593080043793, 0.07616568356752396]
[0.8691058265311378, 0.8778321047623951, 0.3333333333333333, 0.42424242424242425, -0.140279594140175, -0.16870768778565992, 0.0, 0.0, 0.3864417208312346, 0.3864584169697807, 0.412495879780494, 0.5838358169253374, 0.4098189302853176, 0.4098189302853176, 0.8265447691082954, 0.0, 0.0, 0.0, 0.6341416835784912, 0.3450798839330673, 0.3561541438102722, 0.9114840030670166, 0.9114840030670166, 0.19749701023101807, 0.4210011959075928, 0.24648775160312653, 0.4014048993587494, 0.31335240602493286, 0.08103231899440289]
[0.8308584129526502, 0.8421345187558068, 0.3333333333333333, 0.42424242424242425, -0.06888442212699819, -0.09731251577248312, 0.0, 0.0, 0.4121546289433029, 0.41217216273794666, 0.46755146786542057, 0.5285794535006387, 0.41640573314258034, 0.41640573314258034, 0.828106090426445, 0.0, 0.0, 0.0, 0.6338534384965896, 0.3446143865585327, 0.3545024245977402, 0.91117262840271, 0.91117262840271, 0.19626586139202118, 0.4214936554431915, 0.24208801984786987, 0.40316479206085204, 0.31751301884651184, 0.08479949086904526]
[0.7770087740250996, 0.7918748557567596, 0.3333333333333333, 0.42424242424242425, 0.03163490387109613, 0.0032068102256112008, 0.0, 0.0, 0.44249213380065977, 0.4425101234625676, 0.5882578682489195, 0.4107592114476305, 0.45494109392166143, 0.45494109392166143, 0.8325792849063873, 0.0, 0.0, 0.0, 0.6310562282800674, 0.3445500135421753, 0.3540240079164505, 0.9089557528495789, 0.9089557528495789, 0.19555847346782684, 0.42177661061286925, 0.23431842029094696, 0.4062726318836212, 0.3197143077850342, 0.09124541655182838]
[0.7364264992730958, 0.7539980659882228, 0.3333333333333333, 0.42424242424242425, 0.10738848340816987, 0.07896038976268493, 0.0, 0.0, 0.4445278831467346, 0.44454587850698324, 0.617110419683657, 0.3827198987202658, 0.48962635653359554, 0.48962635653359554, 0.8284606114029884, 0.0, 0.0, 0.0, 0.627412474155426, 0.3344004899263382, 0.3388417065143585, 0.9039252996444702, 0.9039252996444702, 0.19809603691101074, 0.4207615852355957, 0.23038892447948456, 0.40784443020820615, 0.3129032552242279, 0.09880929253995419]
[0.7256024643069221, 0.7438956333531274, 0.3333333333333333, 0.42424242424242425, 0.1275933486783607, 0.09916525503287577, 0.0, 0.0, 0.4576472216080981, 0.45766457875417704, 0.6575359878758855, 0.34393301378877805, 0.527893602848053, 0.527893602848053, 0.8244554847478867, 0.0, 0.0, 0.0, 0.6265003830194473, 0.33005212247371674, 0.3323230445384979, 0.9017993807792664, 0.9017993807792664, 0.20323197543621063, 0.41870720982551574, 0.22956159710884094, 0.40817536115646363, 0.310932993888855, 0.1046839077025652]
[0.6842559373804501, 0.7053055415550867, 0.3333333333333333, 0.42424242424242425, 0.2047735322744419, 0.17634543862895696, 0.12136106938123703, 0.11975165456533432, 0.4233609517719276, 0.4233777789723121, 0.6402462075818793, 0.36009891032666086, 0.6214291283062526, 0.6214291283062526, 0.8201804235577583, 0.0, 0.0, 0.0, 0.6264836311340332, 0.3020993024110794, 0.3114951252937317, 0.9006764888763428, 0.9006764888763428, 0.21105892956256866, 0.41557642817497253, 0.23035253584384918, 0.4078589856624603, 0.287577748298645, 0.10841432958841324]
[0.6679345358695303, 0.6900722334782282, 0.3333333333333333, 0.42424242424242425, 0.23524014842815894, 0.206812054782674, 0.0, 0.0, 0.442277483001038, 0.44229465780021127, 0.6633610369826366, 0.33798132475607207, 0.608841883284705, 0.608841883284705, 0.8016974702477455, 0.0, 0.0, 0.0, 0.6266764968633651, 0.2896980792284012, 0.2928120344877243, 0.8972354531288147, 0.8972354531288147, 0.21992281079292297, 0.4120308756828308, 0.23087641596794128, 0.40764943361282346, 0.28097566962242126, 0.11231266893446445]
[0.6746297872492245, 0.6963211347659428, 0.3333333333333333, 0.42424242424242425, 0.22274234585272967, 0.19431425220724474, 0.0, 0.0, 0.44854256938110115, 0.4485597156885705, 0.6814946845658195, 0.32089981881833163, 0.55355076278959, 0.55355076278959, 0.8059931248426437, 0.0, 0.0, 0.0, 0.628283593058586, 0.2926661819219589, 0.29464301466941833, 0.8993521332740784, 0.8993521332740784, 0.21707339584827423, 0.4131706416606903, 0.22254303097724915, 0.41098278760910034, 0.2985863983631134, 0.1355880219489336]
[0.6369378942818869, 0.6611420346630944, 0.3333333333333333, 0.42424242424242425, 0.2931005460584266, 0.2646724524129417, 0.0, 0.0, 0.45389168451666606, 0.4539089476401218, 0.6786482835590953, 0.3236463507041826, 0.4654463061264583, 0.4654463061264583, 0.812006026506424, 0.0, 0.0, 0.0, 0.6233314394950866, 0.31634320318698883, 0.32748861610889435, 0.8963351845741272, 0.8963351845741272, 0.1924123764038086, 0.4230350494384766, 0.1923528015613556, 0.4230588793754578, 0.29045915603637695, 0.14980950392782688]
[0.5417056951139655, 0.5722586487730345, 0.3333333333333333, 0.42424242424242425, 0.47086731783854663, 0.4424392241930617, 0.1414782702922821, 0.14044202864170074, 0.41480224902953516, 0.4148188255029244, 0.6368575980512863, 0.3636157211285882, 0.4154064612729209, 0.4154064612729209, 0.8332875818014145, 0.0, 0.0, 0.0, 0.5835058242082596, 0.34148070216178894, 0.3543529063463211, 0.844772219657898, 0.844772219657898, 0.15024004876613617, 0.4399039804935455, 0.16029667854309082, 0.4358813285827637, 0.1974608600139618, 0.1369776949286461]
[0.4642857142857143, 0.5, 0.3333333333333333, 0.42424242424242425, 0.6153846153846154, 0.5869565217391305, 0.07171528041362762, 0.07075248658657074, 0.41967087152127325, 0.4196873910112545, 0.6315005992612237, 0.36934492414307135, 0.31434738210269386, 0.31434738210269386, 0.8493863716721535, 0.0, 0.0, 0.0, 0.5112916171550751, 0.3659198135137558, 0.38050786405801773, 0.7507821917533875, 0.7507821917533875, 0.14001068472862244, 0.44399572610855104, 0.1491914987564087, 0.4403234004974365, 0.14896738529205322, 0.08072478696703911]
[0.4642857142857143, 0.5, 0.3333333333333333, 0.42424242424242425, 0.6153846153846154, 0.5869565217391305, 0.0, 0.0, 0.4434505890249978, 0.4434674846054719, 0.6163564836089971, 0.38435870734450417, 0.22834281836237227, 0.22834281836237227, 0.8740093633532524, 0.0, 0.0, 0.0, 0.453915387392044, 0.4002794623374939, 0.4055599644780159, 0.6678417325019836, 0.6678417325019836, 0.1274060606956482, 0.44903757572174074, 0.13234448432922363, 0.44706220626831056, 0.12057723104953766, 0.07985318079590797]
[0.4642857142857143, 0.5, 0.3333333333333333, 0.42424242424242425, 0.6153846153846154, 0.5869565217391305, 0.0, 0.0, 0.4447360321395028, 0.44475297900504407, 0.6142551748520102, 0.3863926617132268, 0.1840819524867194, 0.1840819524867194, 0.8860715143382549, 0.0, 0.0, 0.0, 0.36379226744174953, 0.4212346449494362, 0.4270167648792267, 0.539854884147644, 0.539854884147644, 0.12046559900045395, 0.4518137603998184, 0.12406670302152634, 0.4503733187913895, 0.08917669206857681, 0.07827126421034336]
[0.4642857142857143, 0.5, 0.3333333333333333, 0.42424242424242425, 0.6153846153846154, 0.5869565217391305, 0.0, 0.0, 0.4435479223842147, 0.44356483505971117, 0.6043172457022148, 0.3960460043267533, 0.14373971415417536, 0.14373971415417536, 0.8909573592245579, 0.0, 0.0, 0.0, 0.23509171456098554, 0.45375560969114304, 0.45624734461307526, 0.3536415994167328, 0.3536415994167328, 0.11486155539751053, 0.4540553778409958, 0.1169014722108841, 0.4579360609830812, 0.06082949787378311, 0.06946568377315998]
[0.4642857142857143, 0.5, 0.3333333333333333, 0.42424242424242425, 0.6153846153846154, 0.5869565217391305, 0.0, 0.0, 0.4418013581354349, 0.441818310699317, 0.5876314382480162, 0.41210260668807863, 0.11075876653194429, 0.11075876653194429, 0.9021008312702179, 0.0, 0.0, 0.0, 0.11113252937793731, 0.48141169734299183, 0.4826842285692692, 0.17257659137248993, 0.17257659137248993, 0.11184071004390717, 0.45526371598243714, 0.1113475114107132, 0.5063704765120218, 0.05099143087863922, 0.02195213921368122]
[0.4642857142857143, 0.5, 0.3333333333333333, 0.42424242424242425, 0.6153846153846154, 0.5869565217391305, 0.0, 0.0, 0.43556181741718125, 0.43557866741092893, 0.5843753835211293, 0.41520037290420353, 0.0987169412629945, 0.0987169412629945, 0.9061486944556236, 0.0, 0.0, 0.0, 0.07672053985297679, 0.48546758107841015, 0.4868121240288019, 0.12255392223596573, -0.0, 0.11033740639686584, 0.4558650374412537, 0.10789276659488678, 0.5497830794301144, 0.04727613553404808, 0.0]
[0.4642857142857143, 0.5, 0.3333333333333333, 0.42424242424242425, 0.6153846153846154, 0.5869565217391305, 0.08715657889842987, 0.08671882748603821, 0.3658654908605105, 0.3658815829749317, 0.4355001385763544, 0.560420275752284, 0.08382726726787432, 0.08382726726787432, 0.897041566669941, 0.0, 0.0, 0.0, 0.06691859029233455, 0.48703031428158283, 0.4888159902766347, 0.10800428688526154, -0.0, 0.10930730402469635, 0.45627707839012144, 0.10427602380514145, 0.5480017391748206, 0.04074525460600853, 0.0]
[0.4642857142857143, 0.5, 0.3333333333333333, 0.42424242424242425, 0.6153846153846154, 0.5869565217391305, 0.11980171501636505, 0.11981151252985, 0.3568921654447771, 0.35690792705543184, 0.444371383914984, 0.5518405664326761, 0.08115358916776522, 0.08115358916776522, 0.8889146856963634, 0.0, 0.0, 0.0, 0.06951412595808505, 0.48648544028401375, 0.4885236341506243, 0.11113656312227249, -0.0, 0.10825212299823761, 0.45669915080070494, 0.10285600274801254, 0.5442620120769324, 0.03763773664832115, 0.0]
[0.4642857142857143, 0.5, 0.3333333333333333, 0.42424242424242425, 0.6153846153846154, 0.5869565217391305, 0.13291800022125244, 0.13039137423038483, 0.35328589069227867, 0.35330152693943584, 0.44696951960970294, 0.5492860657826386, 0.08033364745123046, 0.08033364745123046, 0.8832780048251152, 0.0, 0.0, 0.0, 0.07354595847427844, 0.4856468504294753, 0.48813229985535145, 0.11903583258390427, -0.0, 0.1054866686463356, 0.45780533254146577, 0.09952900558710098, 0.550182104803795, 0.0358511358499527, 0.0]
[0.4642857142857143, 0.5, 0.3333333333333333, 0.42424242424242425, 0.6153846153846154, 0.5869565217391305, 0.14851415157318115, 0.14589998126029968, 0.3508301223441246, 0.35084569021119216, 0.44794303554877724, 0.5483592434726705, 0.07948380229728563, 0.07948380229728563, 0.8809024095535278, 0.0, 0.0, 0.0, 0.07587589956820011, 0.48515892401337624, 0.4879239909350872, 0.12260960787534714, -0.0, 0.10765756666660309, 0.45693697333335875, 0.10105000436306, 0.551938088827355, 0.035189926624298096, 0.0]
[0.4642857142857143, 0.5, 0.3333333333333333, 0.42424242424242425, 0.6153846153846154, 0.5869565217391305, 0.14439988136291504, 0.1414138823747635, 0.35548641895928756, 0.35550207799980793, 0.4554011778439436, 0.5408551241147536, 0.0791958293744496, 0.0791958293744496, 0.880938071757555, 0.0, 0.0, 0.0, 0.0786908708512783, 0.48492369893938303, 0.4879556791856885, 0.1274295449256897, -0.0, 0.1048622876405716, 0.45805508494377134, 0.0978495180606842, 0.5687563918357672, 0.03516915813088417, 0.0]
[0.4642857142857143, 0.5, 0.3333333333333333, 0.42424242424242425, 0.6153846153846154, 0.5869565217391305, 0.12888774275779724, 0.12643982470035553, 0.36294737053646864, 0.3629632803039843, 0.4654392638808227, 0.5306572309592892, 0.07652690101947103, 0.07652690101947103, 0.8845034241676331, 0.0, 0.0, 0.0, 0.08003802597522736, 0.4851745804771781, 0.48823582101613283, 0.12925049662590027, -0.0, 0.09958122670650482, 0.4601675093173981, 0.09252624213695526, 0.5718682533086732, 0.03467116877436638, 0.0]
[0.4642857142857143, 0.5, 0.3333333333333333, 0.42424242424242425, 0.6153846153846154, 0.5869565217391305, 0.12421920895576477, 0.12194929271936417, 0.36699919855617424, 0.3670151881004611, 0.47860114045626345, 0.517560526307586, 0.07352321541735105, 0.07352321541735105, 0.8898324146866798, 0.0, 0.0, 0.0, 0.07990833707153797, 0.4856192972511053, 0.4885967271402478, 0.12885864078998566, -0.0, 0.09544332325458527, 0.4618226706981659, 0.08837470412254333, 0.5728492140769958, 0.03413592278957367, 0.0]
[0.4642857142857143, 0.5, 0.3333333333333333, 0.42424242424242425, 0.6153846153846154, 0.5869565217391305, 0.11549091339111328, 0.11320541799068451, 0.3713456080019132, 0.3713617229096976, 0.5014010029729192, 0.49481773872853646, 0.07018139851944788, 0.07018139851944788, 0.8965720236301422, 0.0, 0.0, 0.0, 0.07473498508334159, 0.4865037417039275, 0.4893038822337985, 0.11837100982666016, -0.0, 0.09144750982522964, 0.46342099606990816, 0.08379580825567245, 0.5795079435026923, 0.03336900472640991, 0.0]
[0.4642857142857143, 0.5, 0.3333333333333333, 0.42424242424242425, 0.6153846153846154, 0.5869565217391305, 0.11949355155229568, 0.11724433302879333, 0.374724758286777, 0.37474132906182545, 0.5104080892771653, 0.4855938458711143, 0.06975856742688588, 0.06975856742688588, 0.899773295968771, 0.0, 0.0, 0.0, 0.07186527028679847, 0.4870128855109215, 0.48956190049648285, 0.11288610100746155, -0.0, 0.08861257880926132, 0.46455496847629546, 0.08115008473396301, 0.5874006762061008, 0.03308280557394028, 0.0]
[0.4642857142857143, 0.5, 0.3333333333333333, 0.42424242424242425, 0.6153846153846154, 0.5869565217391305, 0.5471844673156738, 0.5447482466697693, 0.2770771241780676, 0.2770909369561686, 0.5238692227672664, 0.4743936259654872, 0.10277042963675091, 0.10277042963675091, 0.869998387992382, 0.0, 0.0, 0.0, 0.09019789583981036, 0.48387608490884304, 0.48640600964426994, 0.1373666226863861, 0.1373666226863861, 0.0911959856748581, 0.46352160573005674, 0.08481107652187347, 0.5805963381778363, 0.03417935594916344, 0.0]
[0.4642857142857143, 0.5, 0.3333333333333333, 0.42424242424242425, 0.6153846153846154, 0.5869565217391305, 0.3660726249217987, 0.364383339881897, 0.32541483857207726, 0.3254299961586071, 0.5347564513323184, 0.4626458126039345, 0.11099485414368766, 0.11099485414368766, 0.8667604103684425, 0.0, 0.0, 0.0, 0.09447891265153885, 0.48212363943457603, 0.4848242327570915, 0.1439388543367386, 0.1439388543367386, 0.09480996429920197, 0.4620760142803192, 0.08931499719619751, 0.5745081187680711, 0.03567250818014145, 0.0]
[0.4642857142857143, 0.5, 0.3333333333333333, 0.42424242424242425, 0.6153846153846154, 0.5869565217391305, 0.20804114639759064, 0.2051706463098526, 0.37108248141709976, 0.3710988356551978, 0.5298201382502087, 0.4667014813053398, 0.11067459093672889, 0.11067459093672889, 0.8732425309717655, 0.0, 0.0, 0.0, 0.09289288409054279, 0.48225575871765614, 0.4850665517151356, 0.14229649305343628, 0.14229649305343628, 0.0949450433254242, 0.4620219826698303, 0.08914230763912201, 0.5742112044678178, 0.03598222881555557, 0.0]
[0.4642857142857143, 0.5, 0.3333333333333333, 0.42424242424242425, 0.6153846153846154, 0.5869565217391305, 0.029814250767230988, 0.029223771765828133, 0.4436029056746007, 0.44362099220830215, 0.520939554755592, 0.4747381077619123, 0.10791155908788955, 0.10791155908788955, 0.8983421474695206, 0.0, 0.0, 0.0, 0.08400655388832091, 0.48371269181370735, 0.4865004578605294, 0.13146667182445526, 0.13146667182445526, 0.09498129040002823, 0.4620074838399887, 0.0873694121837616, 0.5765405990356622, 0.035828880965709686, 0.0]
[0.4642857142857143, 0.5, 0.3333333333333333, 0.42424242424242425, 0.6153846153846154, 0.5869565217391305, 0.0, 0.0, 0.46606060241422054, 0.46607913341850443, 0.5050177227841053, 0.4904695798921717, 0.10836753994226456, 0.10836753994226456, 0.9028273783624172, 0.0, 0.0, 0.0, 0.08170432485640049, 0.4848715690895915, 0.48760896176099777, 0.1286359578371048, 0.1286359578371048, 0.09287526458501816, 0.46284989416599276, 0.08402407169342041, 0.5817627040452735, 0.035795699805021286, 0.0]
[0.4642857142857143, 0.5, 0.3333333333333333, 0.42424242424242425, 0.6153846153846154, 0.5869565217391305, 0.0, 0.0, 0.4673322612423286, 0.4673509204592805, 0.4889910206854001, 0.50604419379521, 0.10564313935382026, 0.10564313935382026, 0.9072685539722443, 0.0, 0.0, 0.0, 0.07946169748902321, 0.4859498320147395, 0.4883280983194709, 0.12487507611513138, 0.12487507611513138, 0.09318271279335022, 0.46272691488265993, 0.08419021964073181, 0.585654485364293, 0.035991836339235306, 0.0028808164643123746]
[0.4642857142857143, 0.5, 0.3333333333333333, 0.42424242424242425, 0.6153846153846154, 0.5869565217391305, 0.0, 0.0, 0.46775111778288453, 0.46776983398324445, 0.47640013637779777, 0.5184682662987978, 0.10173083416053227, 0.10173083416053227, 0.9098630137741566, 0.0, 0.0, 0.0, 0.0804207481443882, 0.4863761216402054, 0.4884112924337387, 0.1258338838815689, 0.1258338838815689, 0.09307277202606201, 0.4627708911895752, 0.08467473089694977, 0.5894195686939151, 0.036376502364873886, 0.00962431775406003]
[0.4642857142857143, 0.5, 0.3333333333333333, 0.42424242424242425, 0.6153846153846154, 0.5869565217391305, 0.0, 0.0, 0.47205402324578044, 0.472072793580378, 0.46388717830523024, 0.5310355865426041, 0.10136379727295468, 0.10136379727295468, 0.9115958362817764, 0.0, 0.0, 0.0, 0.08601365871727466, 0.4860826823860407, 0.4877112954854965, 0.13400305807590485, 0.13400305807590485, 0.09258531033992767, 0.46296587586402893, 0.08573731780052185, 0.5878169072228809, 0.036994025111198425, 0.018615563167259097]
[0.4642857142857143, 0.5, 0.3333333333333333, 0.42424242424242425, 0.6153846153846154, 0.5869565217391305, 0.0, 0.0, 0.4746098857992694, 0.4746286903239117, 0.4538031835856903, 0.5411830593540787, 0.10061243815081461, 0.10061243815081461, 0.9126666262745857, 0.0, 0.0, 0.0, 0.08468422293663025, 0.4862044043838978, 0.48753516003489494, 0.13137352466583252, 0.13137352466583252, 0.09289675951004028, 0.4628412961959839, 0.08733797073364258, 0.5843891272711199, 0.03685038536787033, 0.021138901356607676]
[0.4642857142857143, 0.5, 0.3333333333333333, 0.42424242424242425, 0.6153846153846154, 0.5869565217391305, 0.30241474509239197, 0.3011664152145386, 0.3801346262827886, 0.38015213158572836, 0.4748481932607253, 0.5212235080985627, 0.16706138317074096, 0.16706138317074096, 0.8993031531572342, 0.0, 0.0, 0.0, 0.13927993699908256, 0.48150158673524857, 0.4821877460926771, 0.20315414667129517, 0.20315414667129517, 0.09341780841350555, 0.4626328766345978, 0.08943348377943039, 0.4922798553178477, 0.03920987248420715, 0.02140097552910447]
[0.4642857142857143, 0.5, 0.3333333333333333, 0.42424242424242425, 0.6153846153846154, 0.5869565217391305, 0.0446765311062336, 0.04383460059762001, 0.44513794751285823, 0.4451560568399229, 0.5498129806372677, 0.44838569765514397, 0.19281868423734394, 0.19281868423734394, 0.886122141033411, 0.0, 0.0, 0.0, 0.2564735561609268, 0.4633381962776184, 0.46298086643218994, 0.37218335270881653, 0.37218335270881653, 0.0947210043668747, 0.4621115982532501, 0.09327759593725204, 0.4626889616250992, 0.06051455810666084, 0.03525327192619443]
[0.4642857142857143, 0.5, 0.3333333333333333, 0.42424242424242425, 0.6153846153846154, 0.5869565217391305, 0.0, 0.0, 0.4717174279530235, 0.4717358734821954, 0.5264773633238462, 0.4716365578474957, 0.17014145318950927, 0.17014145318950927, 0.8942417800426483, 0.0, 0.0, 0.0, 0.24160179346799848, 0.4614994451403618, 0.46103009954094887, 0.35459819436073303, 0.35459819436073303, 0.09625539928674698, 0.4614978402853012, 0.09668110311031342, 0.4613275587558746, 0.06512963026762009, 0.04908467177301645]
[0.4642857142857143, 0.5, 0.3333333333333333, 0.42424242424242425, 0.6153846153846154, 0.5869565217391305, 0.0, 0.0, 0.4829417091026817, 0.48296025292823236, 0.5258144439976257, 0.47245392785194906, 0.1601123543722289, 0.1601123543722289, 0.8990991339087486, 0.0, 0.0, 0.0, 0.2180283024907112, 0.46449627727270126, 0.4649430401623249, 0.32299700379371643, 0.32299700379371643, 0.09770934283733368, 0.46091626286506654, 0.09866682440042496, 0.4607191543246425, 0.06149572506546974, 0.04936077166348696]
[0.4642857142857143, 0.5, 0.3333333333333333, 0.42424242424242425, 0.6153846153846154, 0.5869565217391305, 0.0, 0.0, 0.47964801113646527, 0.4796666774763432, 0.4986691933737829, 0.4988541299430129, 0.1715775632432529, 0.1715775632432529, 0.90140001475811, 0.0, 0.0, 0.0, 0.4057621657848358, 0.43290241062641144, 0.4380640611052513, 0.5950649976730347, 0.5950649976730347, 0.10265735536813736, 0.4589370578527451, 0.10729517042636871, 0.4586200242818788, 0.12228555977344513, 0.05152684636414051]
[0.4642857142857143, 0.5, 0.3333333333333333, 0.42424242424242425, 0.6153846153846154, 0.5869565217391305, 0.0, 0.0, 0.47045575831633907, 0.4704743520023718, 0.47416632695134237, 0.5230841018451053, 0.23005862321172443, 0.23005862321172443, 0.8682558834552765, 0.0, 0.0, 0.0, 0.5168240159749985, 0.41714178770780563, 0.42192190885543823, 0.7510554790496826, 0.7510554790496826, 0.11011181771755219, 0.4559552729129791, 0.12309018522500992, 0.45076392590999603, 0.19114866852760315, 0.05547571927309036]
[0.4642857142857143, 0.5, 0.3333333333333333, 0.42424242424242425, 0.6153846153846154, 0.5869565217391305, 0.0, 0.0, 0.466574142585521, 0.4665926393997601, 0.44635002448955413, 0.5511131458062009, 0.3930225649050304, 0.3930225649050304, 0.8287512063980103, 0.0, 0.0, 0.0, 0.5549456536769867, 0.36508622765541077, 0.3672811985015869, 0.8032703995704651, 0.8032703995704651, 0.15837889909744263, 0.43664844036102296, 0.19119194149971008, 0.42352322340011594, 0.2080441266298294, 0.059880344197154045]
[0.4642857142857143, 0.5, 0.3333333333333333, 0.42424242424242425, 0.6153846153846154, 0.5869565217391305, 0.0, 0.0, 0.4576165474395679, 0.4576349673262062, 0.43422218308166155, 0.5631346992684545, 0.4883503913879395, 0.4883503913879395, 0.8132148012518883, 0.0, 0.0, 0.0, 0.5708908408880233, 0.3198343962430954, 0.3231489211320877, 0.8261808753013611, 0.8261808753013611, 0.20701131224632263, 0.4171954751014709, 0.25432682037353516, 0.3982692718505859, 0.18720467388629913, 0.06919297855347395]
[0.4642857142857143, 0.5, 0.3333333333333333, 0.42424242424242425, 0.6153846153846154, 0.5869565217391305, 0.0, 0.0, 0.4519951712788861, 0.45201359401469476, 0.4258938870512049, 0.5712929439881513, 0.5210040935448238, 0.5210040935448238, 0.8020339906215668, 0.0, 0.0, 0.0, 0.5840958535671233, 0.301692396402359, 0.3051649034023285, 0.8448097109794617, 0.8448097109794617, 0.23266984522342682, 0.40693206191062925, 0.2879844605922699, 0.38480621576309204, 0.18706932663917542, 0.07628961931914091]
[0.4642857142857143, 0.5, 0.3333333333333333, 0.42424242424242425, 0.6153846153846154, 0.5869565217391305, 0.0, 0.0, 0.44963987037738923, 0.44965826462149394, 0.4237820192687142, 0.5733005919665675, 0.527631938457489, 0.527631938457489, 0.7974074333906174, 0.0, 0.0, 0.0, 0.5928850442171096, 0.2987520396709442, 0.30308130383491516, 0.8574523329734802, 0.8574523329734802, 0.2411249727010727, 0.40355001091957093, 0.29753056168556213, 0.38098777532577516, 0.2287817746400833, 0.07781870197504759]
[0.4642857142857143, 0.5, 0.3333333333333333, 0.42424242424242425, 0.6153846153846154, 0.5869565217391305, 0.0, 0.0, 0.4459666800088682, 0.44598759861794757, 0.42034647820328663, 0.5762424188129254, 0.5299124121665955, 0.5299124121665955, 0.7906250730156898, 0.0, 0.0, 0.0, 0.6038727164268494, 0.29618123173713684, 0.3038308918476105, 0.8725531101226807, 0.8725531101226807, 0.24793694913387299, 0.4008252203464508, 0.30714699625968933, 0.3771412014961243, 0.2845000624656677, 0.07695955224335194]
[0.4642857142857143, 0.5, 0.3333333333333333, 0.42424242424242425, 0.6153846153846154, 0.5869565217391305, 0.0, 0.0, 0.4400001467983764, 0.4400210141223886, 0.4283435410796798, 0.56816552645567, 0.5411435663700104, 0.5411435663700104, 0.7809166386723518, 0.0, 0.0, 0.0, 0.610476130247116, 0.2841866761445999, 0.2984345257282257, 0.8807767033576965, 0.8807767033576965, 0.24957744777202606, 0.40016902089118955, 0.31000110507011414, 0.37599955797195433, 0.3021309971809387, 0.0762227363884449]
[0.4642857142857143, 0.5, 0.3333333333333333, 0.42424242424242425, 0.6153846153846154, 0.5869565217391305, 0.0, 0.0, 0.43421415411947334, 0.4342348049065351, 0.45086260894972324, 0.5458028303170017, 0.5626999480383738, 0.5626999480383738, 0.7767141535878181, 0.0, 0.0, 0.0, 0.6141107678413391, 0.2715737819671631, 0.28701548278331757, 0.8850609064102173, 0.8850609064102173, 0.24829789996147156, 0.4006808400154114, 0.3086871802806854, 0.37652512788772585, 0.31957921385765076, 0.07956745103001595]
[0.4642857142857143, 0.5, 0.3333333333333333, 0.42424242424242425, 0.6153846153846154, 0.5869565217391305, 0.0, 0.0, 0.429512720946828, 0.4295333774322305, 0.459259339204026, 0.5372829909711627, 0.5677589135510581, 0.5677589135510581, 0.7721558585762978, 0.0, 0.0, 0.0, 0.6167448192834853, 0.2633927911520004, 0.278094545006752, 0.8884743452072144, 0.8884743452072144, 0.24618685245513916, 0.40152525901794434, 0.3052275478839874, 0.377908980846405, 0.3300415575504303, 0.08609089069068432]
[0.4642857142857143, 0.5, 0.3333333333333333, 0.42424242424242425, 0.6153846153846154, 0.5869565217391305, 0.0, 0.0, 0.43548933452219624, 0.435510013800962, 0.47857691538493446, 0.5180367451958122, 0.5889127509934562, 0.5889127509934562, 0.7689520493149757, 0.0, 0.0, 0.0, 0.6182049453258514, 0.25927379727363586, 0.27189354598522186, 0.890343964099884, 0.890343964099884, 0.24654066562652588, 0.4013837337493896, 0.30269113183021545, 0.37892354726791383, 0.3284693956375122, 0.09847670793533325]
[0.4642857142857143, 0.5, 0.3333333333333333, 0.42424242424242425, 0.6153846153846154, 0.5869565217391305, 0.0, 0.0, 0.4343549487239772, 0.4343756166060614, 0.5106039099096112, 0.486178262005294, 0.5928605582032885, 0.5928605582032885, 0.7645658999681473, 0.0, 0.0, 0.0, 0.619789656996727, 0.258370041847229, 0.26911549270153046, 0.892094612121582, 0.892094612121582, 0.2471851110458374, 0.40112595558166503, 0.29800692200660706, 0.3807972311973572, 0.32560667395591736, 0.1162264309823513]
[0.4642857142857143, 0.5, 0.3333333333333333, 0.42424242424242425, 0.6153846153846154, 0.5869565217391305, 0.0, 0.0, 0.4334428779937569, 0.4334635002891147, 0.5430662562468768, 0.4541825855616579, 0.60873915042196, 0.60873915042196, 0.7616211697459221, 0.0, 0.0, 0.0, 0.6213711977005004, 0.24971845746040344, 0.25361935794353485, 0.8938965201377869, 0.8938965201377869, 0.2489742487668991, 0.40041030049324033, 0.29341474175453186, 0.38263410329818726, 0.3096154034137726, 0.13658649288117886]
[0.4642857142857143, 0.5, 0.3333333333333333, 0.42424242424242425, 0.6153846153846154, 0.5869565217391305, 0.0, 0.0, 0.4307387702551672, 0.430759421042229, 0.563627114943291, 0.43377135674715905, 0.614616402557918, 0.614616402557918, 0.7603471353650093, 0.0, 0.0, 0.0, 0.6229052782058715, 0.24646598100662231, 0.2471407949924469, 0.8956799507141113, 0.8956799507141113, 0.2532188594341278, 0.3987124562263489, 0.2897498905658722, 0.38410004377365115, 0.30168816447257996, 0.153997540473938]
[0.4642857142857143, 0.5, 0.3333333333333333, 0.42424242424242425, 0.6153846153846154, 0.5869565217391305, 0.0, 0.0, 0.43101974404336846, 0.4310404518138382, 0.5687575647981399, 0.42862094560448527, 0.6188535051686423, 0.6188535051686423, 0.7594961374998093, 0.0, 0.0, 0.0, 0.6242975831031798, 0.2402290403842926, 0.2382325530052185, 0.8971825838088989, 0.8971825838088989, 0.25868287682533264, 0.3965268492698669, 0.287272185087204, 0.3850911259651184, 0.3016327917575836, 0.17020674422383308]
[0.4642857142857143, 0.5, 0.3333333333333333, 0.42424242424242425, 0.6153846153846154, 0.5869565217391305, 0.0, 0.0, 0.4358566039834834, 0.43587736303902036, 0.5702093310839359, 0.42720685674806347, 0.629999680178506, 0.629999680178506, 0.759595163166523, 0.0, 0.0, 0.0, 0.6245130002498627, 0.24335965514183044, 0.24126297235488892, 0.8970450758934021, 0.8970450758934021, 0.2642582356929779, 0.39429670572280884, 0.28540244698524475, 0.3858390212059021, 0.3052036464214325, 0.1846453733742237]
[0.4642857142857143, 0.5, 0.3333333333333333, 0.42424242424242425, 0.6153846153846154, 0.5869565217391305, 0.0, 0.0, 0.43166704136828393, 0.4316879713740449, 0.5415217950512756, 0.45483031596047424, 0.6433443086487907, 0.6433443086487907, 0.7603936120867729, 0.0, 0.0, 0.0, 0.623037102818489, 0.24668362736701965, 0.24460923671722412, 0.8945532441139221, 0.8945532441139221, 0.2696549594402313, 0.3921380162239075, 0.286954402923584, 0.3852182388305664, 0.3093280792236328, 0.19191987812519073]
[0.4642857142857143, 0.5, 0.3333333333333333, 0.42424242424242425, 0.6153846153846154, 0.5869565217391305, 0.0, 0.0, 0.42951791213529744, 0.4295388136493544, 0.5425065823084537, 0.45381312793750334, 0.6432228216103145, 0.6432228216103145, 0.7618242874741554, 0.0, 0.0, 0.0, 0.6219033569097518, 0.2454426884651184, 0.2415722906589508, 0.8925436735153198, 0.8925436735153198, 0.27107030153274536, 0.39157187938690186, 0.2865685522556305, 0.3853725790977478, 0.29898393154144287, 0.19596528261899948]
[0.4642857142857143, 0.5, 0.3333333333333333, 0.42424242424242425, 0.6153846153846154, 0.5869565217391305, 0.0, 0.0, 0.42961534236630794, 0.4296362096903201, 0.5514731922295536, 0.44504678905301476, 0.6427736367498126, 0.6427736367498126, 0.7652077376842499, 0.0, 0.0, 0.0, 0.6202837854623794, 0.24619504809379578, 0.24178022146224976, 0.8897103071212769, 0.8897103071212769, 0.2707369923591614, 0.39170520305633544, 0.28461068868637085, 0.38615572452545166, 0.29359740018844604, 0.19867533817887306]
[0.4642857142857143, 0.5, 0.3333333333333333, 0.42424242424242425, 0.6153846153846154, 0.5869565217391305, 0.13262644410133362, 0.13260166347026825, 0.38562372400929323, 0.38564427222622055, 0.4739041177993979, 0.5210705332905973, 0.6477802140372141, 0.6477802140372141, 0.7640723064541817, 0.0, 0.0, 0.0, 0.6208035320043563, 0.24516373872756958, 0.2375386357307434, 0.8890851736068726, 0.8890851736068726, 0.2723505198955536, 0.39105979204177854, 0.28479862213134766, 0.3860805511474609, 0.29646405577659607, 0.20317645743489265]
[0.4642857142857143, 0.5, 0.3333333333333333, 0.42424242424242425, 0.6153846153846154, 0.5869565217391305, 0.1751956045627594, 0.1750807762145996, 0.3677231499615409, 0.3677434132614281, 0.47512042294496787, 0.5199566016866823, 0.6545027238982065, 0.6545027238982065, 0.7582672834396362, 0.0, 0.0, 0.0, 0.6220141112804413, 0.23393818736076355, 0.22464603185653687, 0.8891011476516724, 0.8891011476516724, 0.27474620938301086, 0.3901015162467957, 0.28659722208976746, 0.385361111164093, 0.29889950156211853, 0.21076789125800133]
[0.4642857142857143, 0.5, 0.3333333333333333, 0.42424242424242425, 0.6153846153846154, 0.5869565217391305, 0.18014587461948395, 0.18003928661346436, 0.36440717148279367, 0.364427377799273, 0.47328480502615466, 0.5216738166311681, 0.6512523336069925, 0.6512523336069925, 0.7533876597881317, 0.0, 0.0, 0.0, 0.6236182242631911, 0.23108160495758057, 0.222121924161911, 0.8902258276939392, 0.8902258276939392, 0.2745353877544403, 0.3901858448982239, 0.28586235642433167, 0.38565505743026735, 0.3019704520702362, 0.2176823653280735]
[0.4642857142857143, 0.5, 0.3333333333333333, 0.42424242424242425, 0.6153846153846154, 0.5869565217391305, 0.19152799248695374, 0.19149255752563477, 0.35544248475171414, 0.3554625429113326, 0.4655579318279974, 0.5294486641605265, 0.6391599987234389, 0.6391599987234389, 0.7501929551362991, 0.0, 0.0, 0.0, 0.6278216540813446, 0.22854289412498474, 0.22099274396896362, 0.8939140439033508, 0.8939140439033508, 0.2761589288711548, 0.3895364284515381, 0.28791168332099915, 0.38483532667160036, 0.31845369935035706, 0.22482089698314667]
[0.4642857142857143, 0.5, 0.3333333333333333, 0.42424242424242425, 0.6153846153846154, 0.5869565217391305, 0.2097749263048172, 0.20975013077259064, 0.3457762410946148, 0.345796048527238, 0.468888651914396, 0.5263772014855377, 0.646571410553796, 0.646571410553796, 0.7429660558700562, 0.0, 0.0, 0.0, 0.6328161776065826, 0.22102943062782288, 0.21707722544670105, 0.8997521996498108, 0.8997521996498108, 0.27864354848861694, 0.3885425806045532, 0.28995370864868164, 0.3840185165405273, 0.34160178899765015, 0.23960014805197716]
[0.4642857142857143, 0.5, 0.3333333333333333, 0.42424242424242425, 0.6153846153846154, 0.5869565217391305, 0.22233913838863373, 0.222336545586586, 0.3336639276654041, 0.3336834957677137, 0.47135949237396796, 0.5240246842235219, 0.6639254944665092, 0.6639254944665092, 0.7376247197389603, 0.0, 0.0, 0.0, 0.6373809725046158, 0.21566346287727356, 0.21256601810455322, 0.9059235453605652, 0.9059235453605652, 0.28015387058258057, 0.3879384517669678, 0.2902076542377472, 0.38391693830490115, 0.36090198159217834, 0.2583795040845871]
[0.4642857142857143, 0.5, 0.3333333333333333, 0.42424242424242425, 0.6153846153846154, 0.5869565217391305, 0.22904549539089203, 0.22904419898986816, 0.325790154090575, 0.3258094942592526, 0.4727076742206887, 0.5228962332472468, 0.6650361844471523, 0.6650361844471523, 0.7285676300525665, 0.0, 0.0, 0.0, 0.6391975402832031, 0.21076533198356628, 0.20687130093574524, 0.9082446694374084, 0.9082446694374084, 0.2816299498081207, 0.38734802007675173, 0.2909034192562103, 0.3836386322975159, 0.3716582953929901, 0.26552964001893997]
[0.4642857142857143, 0.5, 0.3333333333333333, 0.42424242424242425, 0.6153846153846154, 0.5869565217391305, 0.23277023434638977, 0.23276954889297485, 0.3178486728303519, 0.3178686398165176, 0.46874803110928653, 0.5270344053759352, 0.6645950249263219, 0.6645950249263219, 0.7161362767219543, 0.0, 0.0, 0.0, 0.6394340693950653, 0.2088029682636261, 0.20529690384864807, 0.908343493938446, 0.908343493938446, 0.2836739420890808, 0.3865304231643677, 0.2940378189086914, 0.3823848724365234, 0.3703405261039734, 0.26719026267528534]
[0.4642857142857143, 0.5, 0.3333333333333333, 0.42424242424242425, 0.6153846153846154, 0.5869565217391305, 0.23661617934703827, 0.23661670088768005, 0.30833293375048076, 0.3083526500096513, 0.4724572606342017, 0.5235760880423271, 0.6422010276998793, 0.6422010276998793, 0.7072714269161224, 0.0, 0.0, 0.0, 0.6378844469785689, 0.21269884705543518, 0.20999035239219666, 0.9057214260101318, 0.9057214260101318, 0.2854936122894287, 0.3858025550842285, 0.2967965304851532, 0.38128138780593873, 0.3694445788860321, 0.2667134255170822]
[0.4642857142857143, 0.5, 0.3333333333333333, 0.42424242424242425, 0.6153846153846154, 0.5869565217391305, 0.2455814927816391, 0.24557554721832275, 0.30112954717749163, 0.30114914946984606, 0.4881043403372026, 0.508010429081857, 0.5964026280811855, 0.5964026280811855, 0.7023515552282333, 0.0, 0.0, 0.0, 0.6357406437397003, 0.22082474827766418, 0.21986153721809387, 0.9021748900413513, 0.9021748900413513, 0.2867268919944763, 0.3853092432022095, 0.298543781042099, 0.3805824875831604, 0.38925981521606445, 0.25907620787620544]
[0.4642857142857143, 0.5, 0.3333333333333333, 0.42424242424242425, 0.6153846153846154, 0.5869565217391305, 0.2566070854663849, 0.2565697431564331, 0.2945845924873425, 0.29460398963942813, 0.5072710565068753, 0.48917152065113395, 0.5923916825226375, 0.5923916825226375, 0.7037080526351929, 0.0, 0.0, 0.0, 0.6337917298078537, 0.22113969922065735, 0.21774521470069885, 0.8986138105392456, 0.8986138105392456, 0.28579339385032654, 0.3856826424598694, 0.295159250497818, 0.3819362998008728, 0.39101317524909973, 0.25877634063363075]
[0.4642857142857143, 0.5, 0.3333333333333333, 0.42424242424242425, 0.6153846153846154, 0.5869565217391305, 0.2599526345729828, 0.25991344451904297, 0.29608972943307793, 0.2961091721718899, 0.5198837932391559, 0.476779407291927, 0.5794288430895125, 0.5794288430895125, 0.7077761143445969, 0.0, 0.0, 0.0, 0.63227279484272, 0.21707621216773987, 0.2121085226535797, 0.8953749537467957, 0.8953749537467957, 0.27996858954429626, 0.38801256418228147, 0.28052425384521484, 0.38779029846191404, 0.3827756643295288, 0.26393935084342957]
[0.4642857142857143, 0.5, 0.3333333333333333, 0.42424242424242425, 0.6153846153846154, 0.5869565217391305, 0.24701137840747833, 0.2468651682138443, 0.31006289303416734, 0.31008267767342734, 0.5258556743424891, 0.47045873359735285, 0.5747839169842857, 0.5747839169842857, 0.7107426077127457, 0.0, 0.0, 0.0, 0.6317568659782409, 0.21452340483665466, 0.20638269186019897, 0.8942212462425232, 0.8942212462425232, 0.2786997854709625, 0.388520085811615, 0.27495285868644714, 0.3900188565254211, 0.37643781304359436, 0.2637176588177681]
[0.4642857142857143, 0.5, 0.3333333333333333, 0.42424242424242425, 0.6153846153846154, 0.5869565217391305, 0.2201329469680786, 0.21983462572097778, 0.3328974438443011, 0.3329177641275964, 0.528297094268507, 0.4676257179931696, 0.5715435743331909, 0.5715435743331909, 0.7145712375640869, 0.0, 0.0, 0.0, 0.6314931958913803, 0.21372848749160767, 0.20389530062675476, 0.8940372467041016, 0.8940372467041016, 0.27586811780929565, 0.38965275287628176, 0.2686062455177307, 0.3925575017929077, 0.373058557510376, 0.2586100436747074]
[0.4642857142857143, 0.5, 0.3333333333333333, 0.42424242424242425, 0.6153846153846154, 0.5869565217391305, 0.18716363608837128, 0.1865161657333374, 0.3525940323423017, 0.3526147515094531, 0.5382365420261259, 0.4576913161163298, 0.5637511398111071, 0.5637511398111071, 0.7210740298032761, 0.0, 0.0, 0.0, 0.6298787355422973, 0.22027772665023804, 0.21133166551589966, 0.8922467231750488, 0.8922467231750488, 0.2694666087627411, 0.3922133564949036, 0.2595997154712677, 0.3961601138114929, 0.3586282730102539, 0.23289594799280167]
[0.4642857142857143, 0.5, 0.3333333333333333, 0.42424242424242425, 0.6153846153846154, 0.5869565217391305, 0.166403129696846, 0.1656370460987091, 0.36670705602000364, 0.36672811708760306, 0.5472037702172026, 0.44859295770674723, 0.5573117307254246, 0.5573117307254246, 0.7252132445573807, 0.0, 0.0, 0.0, 0.6277968287467957, 0.22388306260108948, 0.2144298553466797, 0.8896486163139343, 0.8896486163139343, 0.2644493579864502, 0.39422025680541994, 0.25280430912971497, 0.398878276348114, 0.34099721908569336, 0.21829061210155487]
[0.4642857142857143, 0.5, 0.3333333333333333, 0.42424242424242425, 0.6153846153846154, 0.5869565217391305, 0.14957372844219208, 0.14839623868465424, 0.37802784711863296, 0.37804919310327245, 0.5664389612113996, 0.42947223213338437, 0.5533920867102488, 0.5533920867102488, 0.7283042073249817, 0.0, 0.0, 0.0, 0.6259244978427887, 0.2336600124835968, 0.22078096866607666, 0.8868958353996277, 0.8868958353996277, 0.2623438239097595, 0.3950624704360962, 0.24774833023548126, 0.4009006679058075, 0.3268033564090729, 0.2057359553873539]
[0.4642857142857143, 0.5, 0.3333333333333333, 0.42424242424242425, 0.6153846153846154, 0.5869565217391305, 0.14270493388175964, 0.14115376770496368, 0.384899191373165, 0.3849156139913526, 0.6087256872859101, 0.38815808747005687, 0.5527112100805556, 0.5527112100805556, 0.7295972853899002, 0.0, 0.0, 0.0, 0.6234931170940399, 0.25212639570236206, 0.2413095235824585, 0.8825386762619019, 0.8825386762619019, 0.2748241126537323, 0.39007035493850706, 0.24940696358680725, 0.4002372145652771, 0.31241610646247864, 0.1914055086672306]
[0.4642857142857143, 0.5, 0.3333333333333333, 0.42424242424242425, 0.6153846153846154, 0.5869565217391305, 0.14308682084083557, 0.14121589064598083, 0.38416612262251726, 0.38418256803406814, 0.632739315981163, 0.36470008119291786, 0.5284258084637778, 0.5284258084637778, 0.7314497828483582, 0.0, 0.0, 0.0, 0.6164127022027969, 0.2632362097501755, 0.2552686780691147, 0.8694241046905518, 0.8694241046905518, 0.2772330343723297, 0.3891067862510681, 0.24506798386573792, 0.4019728064537048, 0.2950931191444397, 0.18411291763186455]
[0.4642857142857143, 0.5, 0.3333333333333333, 0.42424242424242425, 0.6153846153846154, 0.5869565217391305, 0.142752006649971, 0.14069779217243195, 0.38306647960816015, 0.38308293641639257, 0.6379542323417007, 0.35974374414123444, 0.49529567360877996, 0.49529567360877996, 0.731825202703476, 0.0, 0.0, 0.0, 0.6124422550201416, 0.2729966789484024, 0.26732897758483887, 0.8643444776535034, 0.8643444776535034, 0.27904483675956726, 0.3883820652961731, 0.24040354788303375, 0.4038385808467865, 0.30333295464515686, 0.1763523556292057]
[0.4642857142857143, 0.5, 0.3333333333333333, 0.42424242424242425, 0.6153846153846154, 0.5869565217391305, 0.14382515847682953, 0.14169153571128845, 0.38541172293814374, 0.38542819114305776, 0.6377394618769221, 0.35986619008836007, 0.49025209886687143, 0.49025209886687143, 0.7319497317075729, 0.0, 0.0, 0.0, 0.6105094671249389, 0.2746514230966568, 0.26944729685783386, 0.8619219660758972, 0.8619219660758972, 0.27558082342147827, 0.3897676706314087, 0.23371094465255737, 0.4065156221389771, 0.3031907379627228, 0.17125753685832024]
[0.4642857142857143, 0.5, 0.3333333333333333, 0.42424242424242425, 0.6153846153846154, 0.5869565217391305, 0.1475418508052826, 0.14558011293411255, 0.3886117173882333, 0.388628196989829, 0.5986930859020517, 0.3978981816239334, 0.4869712889194489, 0.4869712889194489, 0.7370104789733887, 0.0, 0.0, 0.0, 0.6089800179004669, 0.2783595770597458, 0.2740699499845505, 0.8612842559814453, 0.8612842559814453, 0.26604771614074707, 0.39358091354370117, 0.22702480852603912, 0.40919007658958434, 0.2987078130245209, 0.15519626438617706]
[0.4642857142857143, 0.5, 0.3333333333333333, 0.42424242424242425, 0.6153846153846154, 0.5869565217391305, 0.15001527965068817, 0.14837804436683655, 0.3879277113518797, 0.3879441567634305, 0.5464864488313577, 0.4490335078307315, 0.4731292171137674, 0.4731292171137674, 0.7387620061635971, 0.0, 0.0, 0.0, 0.6053443163633346, 0.2714429050683975, 0.2685977518558502, 0.860312819480896, 0.860312819480896, 0.24664169549942017, 0.4013433218002319, 0.22365669906139374, 0.4105373203754425, 0.29649049043655396, 0.12908258475363255]
[0.4642857142857143, 0.5, 0.3333333333333333, 0.42424242424242425, 0.6153846153846154, 0.5869565217391305, 0.14719168841838837, 0.1458454579114914, 0.3952652140739543, 0.39528164808882355, 0.5046418406368441, 0.49076424109497624, 0.47486139195305965, 0.47486139195305965, 0.7421122789382935, 0.0, 0.0, 0.0, 0.6007759749889373, 0.26475608348846436, 0.26353634893894196, 0.8590924143791199, 0.8590924143791199, 0.2362106591463089, 0.4055157363414764, 0.22438867390155792, 0.4102445304393768, 0.29515698552131653, 0.12143905274569988]
[0.4642857142857143, 0.5, 0.3333333333333333, 0.42424242424242425, 0.6153846153846154, 0.5869565217391305, 0.14770494401454926, 0.14666606485843658, 0.39316060027930294, 0.3931769773107642, 0.46135494677104183, 0.533997027077998, 0.44669034225600107, 0.44669034225600107, 0.7502813637256622, 0.0, 0.0, 0.0, 0.5982672810554504, 0.2674289792776108, 0.2753887176513672, 0.8588079810142517, 0.8588079810142517, 0.2219380885362625, 0.411224764585495, 0.22700338065624237, 0.40919864773750303, 0.3077192008495331, 0.09883148595690727]
[0.4642857142857143, 0.5, 0.3333333333333333, 0.42424242424242425, 0.6153846153846154, 0.5869565217391305, 0.14768952131271362, 0.14683257043361664, 0.3972960571485997, 0.39731253675019534, 0.43609140981451733, 0.5593965250214422, 0.42964813964707516, 0.42964813964707516, 0.754254475235939, 0.0, 0.0, 0.0, 0.5978102445602417, 0.2851615995168686, 0.3004557639360428, 0.860319972038269, 0.860319972038269, 0.21713541448116302, 0.4131458342075348, 0.23301835358142853, 0.4067926585674286, 0.3366602957248688, 0.02561697270721197]
[0.4642857142857143, 0.5, 0.3333333333333333, 0.42424242424242425, 0.6153846153846154, 0.5869565217391305, 0.1448436677455902, 0.14403517544269562, 0.39768725964124985, 0.39770373924284547, 0.4200866338627744, 0.5755046902440879, 0.42283087968826294, 0.42283087968826294, 0.7542043924331665, 0.0, 0.0, 0.0, 0.5988247036933898, 0.28572651743888855, 0.30387556552886963, 0.8633759617805481, 0.8633759617805481, 0.21689419448375702, 0.4132423222064972, 0.24085301160812378, 0.4036587953567505, 0.3522493243217468, 0.0]
[0.4642857142857143, 0.5, 0.3333333333333333, 0.42424242424242425, 0.6153846153846154, 0.5869565217391305, 0.13400426506996155, 0.13327094912528992, 0.40137310602468923, 0.4013896084196481, 0.4090441326338292, 0.5866843833015658, 0.4383176352296557, 0.4383176352296557, 0.7442785799503326, 0.0, 0.0, 0.0, 0.6023534893989563, 0.28422415256500244, 0.3037931025028229, 0.869130551815033, 0.869130551815033, 0.22346855700016022, 0.41061257719993594, 0.26617226004600525, 0.3935310959815979, 0.4046967327594757, 0.0]
[0.4642857142857143, 0.5, 0.3333333333333333, 0.42424242424242425, 0.6153846153846154, 0.5869565217391305, 0.13193534314632416, 0.13128997385501862, 0.40040183523189044, 0.40041832623016765, 0.4073788495182307, 0.5884973788074002, 0.4595252658639636, 0.4595252658639636, 0.7343061417341232, 0.0, 0.0, 0.0, 0.6082969665527344, 0.27105531096458435, 0.28326888382434845, 0.8754287958145142, 0.8754287958145142, 0.22980117797851562, 0.40807952880859377, 0.2776365280151367, 0.3889453887939453, 0.4016871750354767, 0.0]
[0.4642857142857143, 0.5, 0.3333333333333333, 0.42424242424242425, 0.6153846153846154, 0.5869565217391305, 0.13526050746440887, 0.13460640609264374, 0.39743011631427716, 0.3974465389324648, 0.4091779353741706, 0.586740677210336, 0.47038972377777105, 0.47038972377777105, 0.7322364896535873, 0.0, 0.0, 0.0, 0.6082767307758331, 0.26321937143802643, 0.2789803445339203, 0.8766005635261536, 0.8766005635261536, 0.23432548344135284, 0.40626980662345885, 0.2821778357028961, 0.38712886571884153, 0.355000376701355, 0.0]
[0.4642857142857143, 0.5, 0.3333333333333333, 0.42424242424242425, 0.6153846153846154, 0.5869565217391305, 0.1377045065164566, 0.13725309073925018, 0.39269749612242955, 0.392713895947254, 0.41498444207995616, 0.5807989431790088, 0.5175312289169857, 0.5175312289169857, 0.7255969494581223, 0.0, 0.0, 0.0, 0.6112485110759734, 0.24351739883422852, 0.25309130549430847, 0.8799932599067688, 0.8799932599067688, 0.24010062217712402, 0.4039597511291504, 0.2911653518676758, 0.3835338592529297, 0.3308853209018707, 0.0]
[0.4642857142857143, 0.5, 0.3333333333333333, 0.42424242424242425, 0.6153846153846154, 0.5869565217391305, 0.14712198078632355, 0.14686426520347595, 0.3883091696817606, 0.38832546693645065, 0.42206031118250714, 0.5737280971638736, 0.5254427237170084, 0.5254427237170084, 0.7230249345302582, 0.0, 0.0, 0.0, 0.6138431340456009, 0.2291112244129181, 0.2406614124774933, 0.8839499950408936, 0.8839499950408936, 0.2442893236875534, 0.4022842705249786, 0.29662394523620605, 0.3813504219055176, 0.2986731231212616, 0.0]
[0.4642857142857143, 0.5, 0.3333333333333333, 0.42424242424242425, 0.6153846153846154, 0.5869565217391305, 0.2583521008491516, 0.25810226798057556, 0.3743558704967025, 0.3743718600409892, 0.43041070537858894, 0.5658615526466428, 0.6142650118895939, 0.6142650118895939, 0.724479541182518, 0.0, 0.0, 0.0, 0.6153678059577942, 0.22789600491523743, 0.23804810643196106, 0.8858523964881897, 0.8858523964881897, 0.2563924491405487, 0.39744302034378054, 0.30479735136032104, 0.37808105945587156, 0.2961498498916626, 0.0]
[0.4642857142857143, 0.5, 0.3333333333333333, 0.42424242424242425, 0.6153846153846154, 0.5869565217391305, 0.14736321568489075, 0.14723093807697296, 0.3970525556495039, 0.39706890988760196, 0.44025838420678276, 0.5555579621150554, 0.5778409540653229, 0.5778409540653229, 0.7364706546068192, 0.0, 0.0, 0.0, 0.6165486365556716, 0.2326931655406952, 0.23926442861557007, 0.8866503238677979, 0.8866503238677979, 0.26556718349456787, 0.39377312660217284, 0.30831053853034973, 0.3766757845878601, 0.2983344793319702, 0.03075452521443367]
[0.4642857142857143, 0.5, 0.3333333333333333, 0.42424242424242425, 0.6153846153846154, 0.5869565217391305, 0.03483399376273155, 0.034594278782606125, 0.41360955210990247, 0.41362624824844857, 0.44400989826960957, 0.5513241785155605, 0.5542918826852526, 0.5542918826852526, 0.7451541423797607, 0.0, 0.0, 0.0, 0.6184113085269928, 0.24733176827430725, 0.25069311261177063, 0.8886727690696716, 0.8886727690696716, 0.2547977566719055, 0.3980808973312378, 0.2915666103363037, 0.3833733558654785, 0.3177458643913269, 0.09455189108848572]
[0.4642857142857143, 0.5, 0.3333333333333333, 0.42424242424242425, 0.6153846153846154, 0.5869565217391305, 0.015094642527401447, 0.01502505224198103, 0.4125805913148373, 0.41259727035836097, 0.4450735505634694, 0.5502190366023307, 0.5490111027445113, 0.5490111027445113, 0.7463379949331284, 0.0, 0.0, 0.0, 0.6194283545017242, 0.2503386586904526, 0.2531849443912506, 0.8894886374473572, 0.8894886374473572, 0.24948455393314362, 0.40020617842674255, 0.2838853597640991, 0.38644585609436033, 0.3284609615802765, 0.11217365972697735]
[0.4642857142857143, 0.5, 0.3333333333333333, 0.42424242424242425, 0.6153846153846154, 0.5869565217391305, 0.9323880076408386, 0.932349681854248, 0.3376436488806176, 0.3376584873600626, 0.46086242208061434, 0.5376362952237325, 0.6522237828799657, 0.6522237828799657, 0.6857088953256607, 0.0, 0.0, 0.0, 0.6095003485679626, 0.19724223017692566, 0.2019936442375183, 0.8648838400840759, 0.8648838400840759, 0.2716027796268463, 0.39135888814926145, 0.28597694635391235, 0.38560922145843507, 0.32906192541122437, 0.12099996209144592]
[0.4642857142857143, 0.5, 0.3333333333333333, 0.42424242424242425, 0.6153846153846154, 0.5869565217391305, 0.5728643536567688, 0.5706335306167603, 0.2836239479239994, 0.2836382165693644, 0.456004301630972, 0.541658738324514, 0.6381496787071228, 0.6381496787071228, 0.7154055386781693, 0.0, 0.0, 0.0, 0.6072666108608246, 0.22061583399772644, 0.23104041814804077, 0.8624424338340759, 0.8624424338340759, 0.28488078713417053, 0.3860476851463318, 0.29433026909828186, 0.38226789236068726, 0.32751068472862244, 0.12274488806724548]
[0.4642857142857143, 0.5, 0.3333333333333333, 0.42424242424242425, 0.6153846153846154, 0.5869565217391305, 0.19868575036525726, 0.19855079054832458, 0.3734026406508787, 0.3734186074018022, 0.4395689305566237, 0.5565391403737882, 0.5373936678682055, 0.5373936678682055, 0.7321865409612656, 0.0, 0.0, 0.0, 0.6140453666448593, 0.2454695999622345, 0.2545246481895447, 0.8775462508201599, 0.8775462508201599, 0.25744426250457764, 0.39702229499816893, 0.28643208742141724, 0.3854271650314331, 0.3484634757041931, 0.12826116755604744]
[0.4642857142857143, 0.5, 0.3333333333333333, 0.42424242424242425, 0.6153846153846154, 0.5869565217391305, 0.1536119133234024, 0.1535540074110031, 0.38023342411559125, 0.38024961880014685, 0.42220025673423167, 0.5736631517491828, 0.5244282526629312, 0.5244282526629312, 0.7319332659244537, 0.0, 0.0, 0.0, 0.6183757394552231, 0.24710196256637573, 0.2559041827917099, 0.8838728070259094, 0.8838728070259094, 0.24121229350566864, 0.40351508259773256, 0.27495473623275757, 0.390018105506897, 0.37095919251441956, 0.1306542009115219]
[0.4642857142857143, 0.5, 0.3333333333333333, 0.42424242424242425, 0.6153846153846154, 0.5869565217391305, 0.13151435554027557, 0.1314750611782074, 0.37892219031062224, 0.37893837359849625, 0.4062989170647032, 0.5896865114148621, 0.5029261537960598, 0.5029261537960598, 0.7313332110643387, 0.0, 0.0, 0.0, 0.6201430529356002, 0.2491375207901001, 0.2612908333539963, 0.8864961266517639, 0.8864961266517639, 0.23319001495838165, 0.40672399401664733, 0.2698400914669037, 0.3920639634132385, 0.38077613711357117, 0.12631422840058804]
[0.4642857142857143, 0.5, 0.3333333333333333, 0.42424242424242425, 0.6153846153846154, 0.5869565217391305, 0.08006450533866882, 0.08002817630767822, 0.373011312794731, 0.37302742770251535, 0.3894267282795952, 0.6067243196261722, 0.4783522231238229, 0.4783522231238229, 0.7373770624399185, 0.0, 0.0, 0.0, 0.6170522361993789, 0.27506548166275024, 0.2901748716831207, 0.8823251128196716, 0.8823251128196716, 0.22249089181423187, 0.4110036432743073, 0.26186779141426086, 0.39525288343429565, 0.43290936946868896, 0.11584525927901268]
[0.4642857142857143, 0.5, 0.3333333333333333, 0.42424242424242425, 0.6153846153846154, 0.5869565217391305, 0.08072859793901443, 0.08070611208677292, 0.3680494597491525, 0.3680654037067129, 0.38199725433699716, 0.614562130972208, 0.4463882957186018, 0.4463882957186018, 0.739210844039917, 0.0, 0.0, 0.0, 0.6135950684547424, 0.278471440076828, 0.2960294485092163, 0.8771818280220032, 0.8771818280220032, 0.21393361687660217, 0.4144265532493591, 0.2535768151283264, 0.3985692739486694, 0.43685758113861084, 0.1028861477971077]
[0.4642857142857143, 0.5, 0.3333333333333333, 0.42424242424242425, 0.6153846153846154, 0.5869565217391305, 0.0806359350681305, 0.08061563223600388, 0.3681573863239179, 0.36817333028147825, 0.3785709445836667, 0.6180862584437234, 0.43873237712042673, 0.43873237712042673, 0.7396951913833618, 0.0, 0.0, 0.0, 0.6123414933681488, 0.28101646900177, 0.2998576760292053, 0.8753738403320312, 0.8753738403320312, 0.2102891206741333, 0.41588435173034666, 0.25025850534439087, 0.39989659786224363, 0.4406276345252991, 0.09744004346430302]
[0.4642857142857143, 0.5, 0.3333333333333333, 0.42424242424242425, 0.6153846153846154, 0.5869565217391305, 0.0721602588891983, 0.07215137779712677, 0.36374010091529974, 0.3637559992861338, 0.3660098754197188, 0.630910647936072, 0.4599349626473018, 0.4599349626473018, 0.740852415561676, 0.0, 0.0, 0.0, 0.6080355077981948, 0.2827869653701782, 0.3052227199077606, 0.8699776530265808, 0.8699776530265808, 0.20762665569782257, 0.41694933772087095, 0.2481333464384079, 0.40074666142463683, 0.4552927315235138, 0.09056441485881805]
[0.4642857142857143, 0.5, 0.3333333333333333, 0.42424242424242425, 0.6153846153846154, 0.5869565217391305, 0.06593876332044601, 0.06593985855579376, 0.3571375018096107, 0.35715328621362863, 0.35613376187092943, 0.6411554954197343, 0.44547391789300106, 0.44547391789300106, 0.7409565895795822, 0.0, 0.0, 0.0, 0.5988418519496918, 0.2834644168615341, 0.3104902505874634, 0.8583405613899231, 0.8583405613899231, 0.20494124293327332, 0.41802350282669065, 0.24553076922893524, 0.4017876923084259, 0.46739307045936584, 0.08279243484139442]
[0.4642857142857143, 0.5, 0.3333333333333333, 0.42424242424242425, 0.6153846153846154, 0.5869565217391305, 0.06336915493011475, 0.06337002664804459, 0.3549515840884149, 0.354967334302388, 0.3563626072374858, 0.6409877248698799, 0.43109199830463957, 0.43109199830463957, 0.7399616539478302, 0.0, 0.0, 0.0, 0.5959127128124236, 0.28906773030757904, 0.31611694395542145, 0.853859543800354, 0.853859543800354, 0.20111505687236786, 0.41955397725105287, 0.2410164177417755, 0.4035934329032898, 0.4715457856655121, 0.07810748182237148]
[0.4642857142857143, 0.5, 0.3333333333333333, 0.42424242424242425, 0.6153846153846154, 0.5869565217391305, 0.06121954321861267, 0.06121833622455597, 0.3548748844212373, 0.3548908055854345, 0.3592071391884273, 0.6381533530605861, 0.42605483106204445, 0.42605483106204445, 0.7404735833406448, 0.0, 0.0, 0.0, 0.59450905919075, 0.2921377867460251, 0.31917667388916016, 0.8514823317527771, 0.8514823317527771, 0.19811022281646729, 0.4207559108734131, 0.23725935816764832, 0.4050962567329407, 0.47862568497657776, 0.0761163467541337]
[0.4642857142857143, 0.5, 0.3333333333333333, 0.42424242424242425, 0.6153846153846154, 0.5869565217391305, 0.9888088703155518, 0.9888112545013428, 0.3346654566478547, 0.3346800899870309, 0.4238179302124403, 0.5760152957698761, 0.5765515991619655, 0.5765515991619655, 0.6199156492948532, 0.0, 0.0, 0.0, 0.5689825445413589, 0.2179533839225769, 0.2506349980831146, 0.8105758428573608, 0.8105758428573608, 0.24069197475910187, 0.40372321009635925, 0.26379770040512085, 0.39448091983795164, 0.4586881101131439, 0.06686897482722998]
[0.4642857142857143, 0.5, 0.3333333333333333, 0.42424242424242425, 0.6153846153846154, 0.5869565217391305, 0.987881600856781, 0.98786860704422, 0.3178767998405442, 0.3178912280394516, 0.45771936830097587, 0.5415991009142791, 0.5087792021887644, 0.5087792021887644, 0.6109024882316589, 0.0, 0.0, 0.0, 0.5669051438570022, 0.23330283164978027, 0.2472248673439026, 0.80507493019104, 0.80507493019104, 0.25722354650497437, 0.39711058139801025, 0.27238911390304565, 0.3910443544387817, 0.4292922616004944, 0.08889518678188324]
[0.4642857142857143, 0.5, 0.3333333333333333, 0.42424242424242425, 0.6153846153846154, 0.5869565217391305, 0.9844635128974915, 0.9844532012939453, 0.32539780053308315, 0.325412331302125, 0.4948523639492961, 0.5047046506331432, 0.5070960947445461, 0.5070960947445461, 0.6466492861509323, 0.0, 0.0, 0.0, 0.5705585569143294, 0.23397162556648254, 0.23936983942985535, 0.8062667846679688, 0.8062667846679688, 0.259230375289917, 0.3963078498840332, 0.26804521679878235, 0.39278191328048706, 0.4252112805843353, 0.12795060873031616]
[0.4642857142857143, 0.5, 0.3333333333333333, 0.42424242424242425, 0.6153846153846154, 0.5869565217391305, 0.931727945804596, 0.9312860369682312, 0.29362168685883905, 0.29363575036393524, 0.5106489695394928, 0.48835423612179263, 0.5091982654162815, 0.5091982654162815, 0.70502869784832, 0.0, 0.0, 0.0, 0.5739490509033203, 0.2513989806175232, 0.25809019804000854, 0.8097629547119141, 0.8097629547119141, 0.2519584894180298, 0.3992166042327881, 0.23935566842556, 0.404257732629776, 0.421450674533844, 0.1447860524058342]
[0.4642857142857143, 0.5, 0.3333333333333333, 0.42424242424242425, 0.6153846153846154, 0.5869565217391305, 0.1958247572183609, 0.1956532597541809, 0.34637888622101587, 0.34639456805489943, 0.5295265312404523, 0.4671484819511104, 0.416522387947355, 0.416522387947355, 0.7404064834117889, 0.0, 0.0, 0.0, 0.5922612816095352, 0.29607032239437103, 0.298408105969429, 0.8416450619697571, 0.8416450619697571, 0.24171948432922363, 0.40331220626831055, 0.2255253940820694, 0.40978984236717225, 0.42169371247291565, 0.2021915651857853]
[0.4642857142857143, 0.5, 0.3333333333333333, 0.42424242424242425, 0.6153846153846154, 0.5869565217391305, 0.11383454501628876, 0.1133786290884018, 0.3731304081174657, 0.3731466369920661, 0.5160741176363615, 0.48003563866737875, 0.38336130125182016, 0.38336130125182016, 0.7553025335073471, 0.0, 0.0, 0.0, 0.5942729473114013, 0.30319321155548096, 0.30609340965747833, 0.8456824421882629, 0.8456824421882629, 0.21912860870361328, 0.4123485565185547, 0.2056848704814911, 0.4177260518074036, 0.4239196479320526, 0.20196668803691864]
[0.4642857142857143, 0.5, 0.3333333333333333, 0.42424242424242425, 0.6153846153846154, 0.5869565217391305, 0.09451750665903091, 0.0941515788435936, 0.3690442304994135, 0.3690604707706955, 0.4837062768566905, 0.511979799261006, 0.35486195768628803, 0.35486195768628803, 0.7554922848939896, 0.0, 0.0, 0.0, 0.5928070217370986, 0.305067241191864, 0.3150116205215454, 0.8457250595092773, 0.8457250595092773, 0.19745051860809326, 0.4210197925567627, 0.195020854473114, 0.4219916582107544, 0.4231494963169098, 0.1903914287686348]
[0.4642857142857143, 0.5, 0.3333333333333333, 0.42424242424242425, 0.6153846153846154, 0.5869565217391305, 0.14190083742141724, 0.14162926375865936, 0.3714666407605202, 0.3714828696351206, 0.4455239588170389, 0.5502363310666608, 0.383716779095786, 0.383716779095786, 0.7515370473265648, 0.0, 0.0, 0.0, 0.5990205734968185, 0.2899184077978134, 0.3116665631532669, 0.8587503433227539, 0.8587503433227539, 0.1909148395061493, 0.4236340641975403, 0.1930166631937027, 0.4227933347225189, 0.4243444800376892, 0.17238274216651917]
[0.4642857142857143, 0.5, 0.3333333333333333, 0.42424242424242425, 0.6153846153846154, 0.5869565217391305, 0.5525450110435486, 0.5520859360694885, 0.2720876113862426, 0.2721015153377963, 0.4199214503596435, 0.5782877613157382, 0.48467932002885006, 0.48467932002885006, 0.7292895615100861, 0.0, 0.0, 0.0, 0.5975864619016646, 0.279758021235466, 0.3057791292667389, 0.8545181751251221, 0.8545181751251221, 0.18897604942321777, 0.4244095802307129, 0.2009885013103485, 0.4196045994758606, 0.4570203721523285, 0.11641685850918293]
[0.4642857142857143, 0.5, 0.3333333333333333, 0.42424242424242425, 0.6153846153846154, 0.5869565217391305, 0.9088624119758606, 0.9080175161361694, 0.29653353900800017, 0.29654924363524693, 0.39614779589053095, 0.6033602186593631, 0.4848297153200422, 0.4848297153200422, 0.7038774341344833, 0.0, 0.0, 0.0, 0.5766077399253845, 0.27630676329135895, 0.3101527690887451, 0.8253856301307678, 0.8253856301307678, 0.19614171981811523, 0.4215433120727539, 0.2241397202014923, 0.41034411191940307, 0.4574778079986572, 0.02717501251026988]
[0.4642857142857143, 0.5, 0.3333333333333333, 0.42424242424242425, 0.6153846153846154, 0.5869565217391305, 0.20449846982955933, 0.20485292375087738, 0.3508742388986037, 0.3508913225243242, 0.3558704301458472, 0.6418150441773712, 0.3654857724905014, 0.3654857724905014, 0.731154128909111, 0.0, 0.0, 0.0, 0.5760661303997039, 0.3129798024892807, 0.34001292288303375, 0.8252595067024231, 0.8252595067024231, 0.18773400783538818, 0.42490639686584475, 0.21976327896118164, 0.4120946884155273, 0.48185423016548157, 0.02666867570951581]
[0.4642857142857143, 0.5, 0.3333333333333333, 0.42424242424242425, 0.6153846153846154, 0.5869565217391305, 0.13625819981098175, 0.13625191152095795, 0.3680203982110689, 0.3680378009438743, 0.3490198164551481, 0.6485484202044366, 0.3259759822062084, 0.3259759822062084, 0.7470740228891373, 0.0, 0.0, 0.0, 0.5701435774564743, 0.3152130991220474, 0.34662260115146637, 0.8212102055549622, 0.8212102055549622, 0.1740940809249878, 0.4303623676300049, 0.2076244205236435, 0.4169502317905426, 0.48414939641952515, 0.02741007599979639]
[0.4642857142857143, 0.5, 0.3333333333333333, 0.42424242424242425, 0.6153846153846154, 0.5869565217391305, 0.11087765544652939, 0.1108730211853981, 0.3680088305792435, 0.368026199122004, 0.35015568952031617, 0.6473386624524465, 0.3081085000719343, 0.3081085000719343, 0.7507107332348824, 0.0, 0.0, 0.0, 0.5677383571863174, 0.31632034480571747, 0.348537340760231, 0.8184086680412292, 0.8184086680412292, 0.1659933179616928, 0.4336026728153229, 0.1992841213941574, 0.42028635144233706, 0.4850567579269409, 0.02384586026892066]
[0.4642857142857143, 0.5, 0.3333333333333333, 0.42424242424242425, 0.6153846153846154, 0.5869565217391305, 0.1613447070121765, 0.16124582290649414, 0.3696701590463263, 0.36968757317581324, 0.3502160577427589, 0.6472818784863675, 0.2994681469031743, 0.2994681469031743, 0.7573458105325699, 0.0, 0.0, 0.0, 0.5654006868600845, 0.31936870515346527, 0.3548491448163986, 0.8163796663284302, 0.8163796663284302, 0.16108523309230804, 0.43556590676307677, 0.193977952003479, 0.4224088191986084, 0.4872533082962036, 0.0172951293643564]
[0.4642857142857143, 0.5, 0.3333333333333333, 0.42424242424242425, 0.6153846153846154, 0.5869565217391305, 0.9966378211975098, 0.9966281652450562, 0.338900543307711, 0.338916726595585, 0.3950004121769455, 0.6045166912265256, 0.469287463596889, 0.469287463596889, 0.6539714485406876, 0.0, 0.0, 0.0, 0.5667449474334716, 0.2480374276638031, 0.2866460531949997, 0.8166561126708984, 0.8166561126708984, 0.19308190047740936, 0.42276723980903624, 0.23516622185707092, 0.40593351125717164, 0.46510401368141174, 0.003917063004337251]
[0.4642857142857143, 0.5, 0.3333333333333333, 0.42424242424242425, 0.6153846153846154, 0.5869565217391305, 0.9921959638595581, 0.9921954274177551, 0.34321169142057517, 0.34322793169185717, 0.41209471088978344, 0.5872590125354202, 0.46204464776175364, 0.46204464776175364, 0.6475366652011871, 0.0, 0.0, 0.0, 0.5644093424081802, 0.24558302760124207, 0.27972692251205444, 0.8100442886352539, 0.8100442886352539, 0.20131759345531464, 0.41947296261787415, 0.2381308376789093, 0.4047476649284363, 0.4375072121620178, 0.008679681923240423]
[0.4642857142857143, 0.5, 0.3333333333333333, 0.42424242424242425, 0.6153846153846154, 0.5869565217391305, 0.7761945128440857, 0.7746381759643555, 0.24943087160245409, 0.24944598360225761, 0.4487517782652583, 0.5501674491669156, 0.4195933682577951, 0.4195933682577951, 0.7220892459154129, 0.0, 0.0, 0.0, 0.5684483617544174, 0.27156229317188263, 0.30226196348667145, 0.811536967754364, 0.811536967754364, 0.20213955640792847, 0.41914417743682864, 0.21751701831817627, 0.4129931926727295, 0.4142860174179077, 0.060751535929739475]
[0.4642857142857143, 0.5, 0.3333333333333333, 0.42424242424242425, 0.6153846153846154, 0.5869565217391305, 0.22851750254631042, 0.22811897099018097, 0.3598776971404912, 0.3598949631131174, 0.46031717064275796, 0.5358040393259917, 0.32725606645856586, 0.32725606645856586, 0.7620649561285973, 0.0, 0.0, 0.0, 0.5737144410610199, 0.3108556270599365, 0.3418481796979904, 0.8239628076553345, 0.8239628076553345, 0.1863696426153183, 0.4254521429538727, 0.18753571808338165, 0.4249857127666473, 0.42331430315971375, 0.10148984380066395]
[0.4642857142857143, 0.5, 0.3333333333333333, 0.42424242424242425, 0.6153846153846154, 0.5869565217391305, 0.15728101134300232, 0.15646439790725708, 0.37736531243041643, 0.377382965890217, 0.4756819288999583, 0.5198405578254464, 0.29495814016887123, 0.29495814016887123, 0.7727240547537804, 0.0, 0.0, 0.0, 0.5754821717739105, 0.3197706788778305, 0.35171957314014435, 0.8298068642616272, 0.8298068642616272, 0.17399120330810547, 0.4304035186767578, 0.1713811457157135, 0.4314475417137146, 0.41945430636405945, 0.12328448705375195]
[0.4642857142857143, 0.5, 0.3333333333333333, 0.42424242424242425, 0.6153846153846154, 0.5869565217391305, 0.12940266728401184, 0.12854093313217163, 0.37865810640455433, 0.378674756956374, 0.47967681197545725, 0.5157580100504842, 0.281362703868321, 0.281362703868321, 0.7751827985048294, 0.0, 0.0, 0.0, 0.5740939140319824, 0.3272438943386078, 0.3550020456314087, 0.8298988342285156, 0.8298988342285156, 0.16802473366260529, 0.43279010653495786, 0.1654128134250641, 0.4338348746299744, 0.4189838469028473, 0.12818518094718456]
[0.4642857142857143, 0.5, 0.3333333333333333, 0.42424242424242425, 0.6153846153846154, 0.5869565217391305, 0.12634724378585815, 0.12580223381519318, 0.37649073108432396, 0.37650740442950686, 0.4816321092969373, 0.5138566874130683, 0.37914212260927477, 0.37914212260927477, 0.7578458338975906, 0.0, 0.0, 0.0, 0.5939206779003143, 0.31693290174007416, 0.3178166151046753, 0.8475616574287415, 0.8475616574287415, 0.17153656482696533, 0.43138537406921384, 0.17813220620155334, 0.42874711751937866, 0.39840611815452576, 0.13371839188039303]
[0.4642857142857143, 0.5, 0.3333333333333333, 0.42424242424242425, 0.6153846153846154, 0.5869565217391305, 0.08186914771795273, 0.08169174194335938, 0.3767303007282673, 0.37674686010663416, 0.4878002825704177, 0.5078533942060712, 0.4290634606565748, 0.4290634606565748, 0.7467062920331955, 0.0, 0.0, 0.0, 0.6059289425611496, 0.30187639594078064, 0.29771509766578674, 0.8627089262008667, 0.8627089262008667, 0.19211730360984802, 0.42315307855606077, 0.20068612694740295, 0.41972554922103883, 0.41092172265052795, 0.14326578006148338]
[0.4642857142857143, 0.5, 0.3333333333333333, 0.42424242424242425, 0.6153846153846154, 0.5869565217391305, 0.05226941034197807, 0.05194081738591194, 0.3837046367944313, 0.38372133293297733, 0.5032068855248492, 0.492517153295408, 0.43393392648015705, 0.43393392648015705, 0.746597096323967, 0.0, 0.0, 0.0, 0.6114683300256729, 0.3006656914949417, 0.2944999933242798, 0.8706522583961487, 0.8706522583961487, 0.21161623299121857, 0.4153535068035126, 0.21452879905700684, 0.41418848037719724, 0.413964182138443, 0.15149826183915138]
[0.4642857142857143, 0.5, 0.3333333333333333, 0.42424242424242425, 0.6153846153846154, 0.5869565217391305, 0.04828616604208946, 0.0478685200214386, 0.3852091127326338, 0.38522583166454305, 0.5146047320808097, 0.48113863230612675, 0.4425684043339321, 0.4425684043339321, 0.7469132244586945, 0.0, 0.0, 0.0, 0.6140594273805617, 0.2931268513202667, 0.2832064628601074, 0.8742132782936096, 0.8742132782936096, 0.22268570959568024, 0.4109257161617279, 0.22194887697696686, 0.41122044920921325, 0.4151168465614319, 0.15593808144330978]
[0.4642857142857143, 0.5, 0.3333333333333333, 0.42424242424242425, 0.6153846153846154, 0.5869565217391305, 0.07676322013139725, 0.07639313489198685, 0.3830492820156236, 0.38306590977408006, 0.5155754430116248, 0.4802275075004793, 0.47424271702766424, 0.47424271702766424, 0.7459971010684967, 0.0, 0.0, 0.0, 0.6161922365427017, 0.28487466275691986, 0.2757594585418701, 0.8772657513618469, 0.8772657513618469, 0.23560866713523865, 0.40575653314590454, 0.23399606347084045, 0.4064015746116638, 0.4112522602081299, 0.16045570373535156]
[0.4642857142857143, 0.5, 0.3333333333333333, 0.42424242424242425, 0.6153846153846154, 0.5869565217391305, 0.45674359798431396, 0.45666736364364624, 0.27699392840237735, 0.277008835261912, 0.49733187443439636, 0.5005865281165621, 0.5893508238451822, 0.5893508238451822, 0.7380458563566208, 0.0, 0.0, 0.0, 0.6129952549934387, 0.2539830803871155, 0.2544417232275009, 0.8693166375160217, 0.8693166375160217, 0.26304736733436584, 0.39478105306625366, 0.2657727301120758, 0.3936909079551697, 0.41034674644470215, 0.16459260135889053]
[0.4642857142857143, 0.5, 0.3333333333333333, 0.42424242424242425, 0.6153846153846154, 0.5869565217391305, 0.26738861203193665, 0.2673533260822296, 0.3257721245402816, 0.32578792034098114, 0.48696256094179463, 0.5096045114291508, 0.49454067434583393, 0.49454067434583393, 0.7286366522312164, 0.0, 0.0, 0.0, 0.612488442659378, 0.2672923803329468, 0.265585795044899, 0.8681967258453369, 0.8681967258453369, 0.250419020652771, 0.3998323917388916, 0.26089563965797424, 0.3956417441368103, 0.3931649923324585, 0.16855990514159203]
[0.4642857142857143, 0.5, 0.3333333333333333, 0.42424242424242425, 0.6153846153846154, 0.5869565217391305, 0.20143285393714905, 0.2013283222913742, 0.33782918685708857, 0.33784519919473854, 0.4776232424931134, 0.5184749533017274, 0.4785681622368949, 0.4785681622368949, 0.7276115864515305, 0.0, 0.0, 0.0, 0.613870483636856, 0.28350110352039337, 0.28741006553173065, 0.8714516758918762, 0.8714516758918762, 0.23358048498630524, 0.4065678060054779, 0.2482471764087677, 0.40070112943649294, 0.3997510075569153, 0.16856428235769272]
[0.4642857142857143, 0.5, 0.3333333333333333, 0.42424242424242425, 0.6153846153846154, 0.5869565217391305, 0.1739315241575241, 0.1737629771232605, 0.34382612071575214, 0.34384228121026295, 0.47250559396087327, 0.5235165289842781, 0.4647677072456905, 0.4647677072456905, 0.729804590344429, 0.0, 0.0, 0.0, 0.6160387784242629, 0.28557656705379486, 0.2896409183740616, 0.8757034540176392, 0.8757034540176392, 0.21583448350429535, 0.41366620659828185, 0.23146623373031616, 0.40741350650787356, 0.4088740348815918, 0.16842519864439964]
[0.4642857142857143, 0.5, 0.3333333333333333, 0.42424242424242425, 0.6153846153846154, 0.5869565217391305, 0.17963436245918274, 0.17950527369976044, 0.3458791759228387, 0.34589537060739434, 0.46682619729415864, 0.5291219839807628, 0.4635239498955863, 0.4635239498955863, 0.7310729473829269, 0.0, 0.0, 0.0, 0.6187378346920013, 0.284349262714386, 0.28986890614032745, 0.8810131549835205, 0.8810131549835205, 0.2085634171962738, 0.41657463312149046, 0.22567573189735413, 0.40972970724105834, 0.40206262469291687, 0.1642792485654354]
[0.6077232940920761, 0.6338750744859377, 0.3333333333333333, 0.42424242424242425, 0.34763446641273993, 0.319206372767255, 0.4813474714756012, 0.48128846287727356, 0.25312296336741114, 0.25313734597959203, 0.4593314545560293, 0.539214335317087, 0.5540229805878231, 0.5540229805878231, 0.7304088771343231, 0.0, 0.0, 0.0, 0.6041199266910553, 0.2836450934410095, 0.3048623353242874, 0.8572656512260437, 0.8572656512260437, 0.22267544269561768, 0.41092982292175295, 0.24688102304935455, 0.4012475907802582, 0.40024957060813904, 0.13776577077805996]
[0.8067031871704828, 0.8195896413591173, 0.3333333333333333, 0.42424242424242425, -0.023794667333619124, -0.052222760979104055, 0.18637241423130035, 0.1863338202238083, 0.3120230310961576, 0.31203855337649866, 0.44430674193694075, 0.5527344078145286, 0.4630002805164882, 0.4630002805164882, 0.7738272398710251, 0.0, 0.0, 0.0, 0.6195943087339401, 0.3271087557077408, 0.34567512571811676, 0.885711669921875, 0.885711669921875, 0.1932610273361206, 0.42269558906555177, 0.22238487005233765, 0.41104605197906496, 0.4108009338378906, 0.12932001613080502]
[0.8406691955668586, 0.8512912491957347, 0.3333333333333333, 0.42424242424242425, -0.08719788300685394, -0.11562597665233887, 0.12190989404916763, 0.12165772169828415, 0.32625577691408236, 0.3262716069048267, 0.43944480929730273, 0.5573047029334496, 0.4134353143828256, 0.4134353143828256, 0.7962595745921135, 0.0, 0.0, 0.0, 0.6244530647993087, 0.34243060648441315, 0.3612123280763626, 0.8938829302787781, 0.8938829302787781, 0.1801152378320694, 0.4279539048671722, 0.2101755291223526, 0.415929788351059, 0.4262898564338684, 0.11661402881145477]
[0.7660245427063532, 0.7816229065259297, 0.3333333333333333, 0.42424242424242425, 0.05213880233275592, 0.023710708687270987, 0.11216304451227188, 0.11170081794261932, 0.33692782330923277, 0.33694374447343, 0.43839908398360183, 0.5581854336796317, 0.3868005318301065, 0.3868005318301065, 0.795864649116993, 0.0, 0.0, 0.0, 0.6251257687807082, 0.3390188068151474, 0.3594937026500702, 0.8950719237327576, 0.8950719237327576, 0.17526762187480927, 0.4298929512500763, 0.20615966618061066, 0.41753613352775576, 0.4304097592830658, 0.10429822839796543]
[0.7267907520844823, 0.7450047019455168, 0.3333333333333333, 0.42424242424242425, 0.12537521149358183, 0.0969471178480969, 0.07728841155767441, 0.07677727192640305, 0.34415801487734854, 0.3441740728017249, 0.4370924316446366, 0.5593235602605133, 0.3617941694600242, 0.3617941694600242, 0.7943168804049492, 0.0, 0.0, 0.0, 0.6230537295341492, 0.3335805982351303, 0.35327407717704773, 0.8923250436782837, 0.8923250436782837, 0.17111773788928986, 0.43155290484428405, 0.20174424350261688, 0.41930230259895324, 0.4337981641292572, 0.09847912937402725]
[0.706017602057684, 0.7256164285871718, 0.3333333333333333, 0.42424242424242425, 0.1641517582102719, 0.13572366456478696, 0.43964794278144836, 0.4389539062976837, 0.2692992992656409, 0.26931397819154346, 0.45879910416174574, 0.5393008076387377, 0.4522517536367689, 0.4522517536367689, 0.7671690359711647, 0.0, 0.0, 0.0, 0.6115921437740326, 0.31023795902729034, 0.33280573785305023, 0.8730552196502686, 0.8730552196502686, 0.1872648447751999, 0.42509406208992007, 0.221243217587471, 0.4115027129650116, 0.43388426303863525, 0.09471124969422817]
[0.6064464331028008, 0.632683337562614, 0.3333333333333333, 0.42424242424242425, 0.3500179402593874, 0.32158984661390244, 0.18388083577156067, 0.1834193468093872, 0.35004042348259945, 0.35005654978706546, 0.45358263500333973, 0.5426414870002707, 0.3914711943694524, 0.3914711943694524, 0.7709717303514481, 0.0, 0.0, 0.0, 0.6129310011863708, 0.3174870163202286, 0.3303690403699875, 0.8749483823776245, 0.8749483823776245, 0.1869688481092453, 0.42521246075630187, 0.2183232605457306, 0.4126706957817078, 0.43188193440437317, 0.10077569633722305]
[0.4642857142857143, 0.5, 0.3333333333333333, 0.42424242424242425, 0.6153846153846154, 0.5869565217391305, 0.14942757785320282, 0.14897902309894562, 0.3653726869513838, 0.36538907537952664, 0.4621732598508977, 0.5335989552355127, 0.373089930840901, 0.373089930840901, 0.7707308307290077, 0.0, 0.0, 0.0, 0.61623615026474, 0.3052278459072113, 0.30966441333293915, 0.8799697756767273, 0.8799697756767273, 0.1844959557056427, 0.4262016177177429, 0.21108748018741608, 0.4155650079250336, 0.41806960105895996, 0.12626341544091702]
[0.4642857142857143, 0.5, 0.3333333333333333, 0.42424242424242425, 0.6153846153846154, 0.5869565217391305, 0.35296425223350525, 0.3527725040912628, 0.335505243925018, 0.33552125626266804, 0.47248143014670785, 0.5237508561546848, 0.41819674628121517, 0.41819674628121517, 0.7644634693861008, 0.0, 0.0, 0.0, 0.6008054733276367, 0.30217546224594116, 0.30787403881549835, 0.8559392690658569, 0.8559392690658569, 0.1859084516763687, 0.4256366193294525, 0.2065839022397995, 0.4173664391040802, 0.4158315062522888, 0.1366252452135086]
[0.4642857142857143, 0.5, 0.3333333333333333, 0.42424242424242425, 0.6153846153846154, 0.5869565217391305, 0.376199871301651, 0.37569713592529297, 0.31107805244781317, 0.3110906457809828, 0.4730920330060372, 0.5235578704467873, 0.4449784329959325, 0.4449784329959325, 0.7527889162302017, 0.0, 0.0, 0.0, 0.5854512959718704, 0.2949512302875519, 0.30744287371635437, 0.8334978222846985, 0.8334978222846985, 0.1926024705171585, 0.4229590117931366, 0.20856571197509766, 0.41657371520996095, 0.41581276059150696, 0.13827833347022533]
[0.7697285456316811, 0.7850799759229024, 0.3333333333333333, 0.42424242424242425, 0.045224663538810606, 0.016796569893325675, 0.11971978843212128, 0.11895088106393814, 0.3532327707593345, 0.3532458199597681, 0.46245671811568806, 0.5339155080390884, 0.35245686769485474, 0.35245686769485474, 0.8013652786612511, 0.0, 0.0, 0.0, 0.5948944568634033, 0.35656507313251495, 0.37335848808288574, 0.8537108898162842, 0.8537108898162842, 0.1754453033208847, 0.4298218786716461, 0.1945342719554901, 0.42218629121780393, 0.4258882701396942, 0.1335040107369423]
[0.8800865276938392, 0.8880807591809167, 0.3333333333333333, 0.42424242424242425, -0.16077690297721792, -0.18920499662270285, 0.0, 0.0, 0.3482927765490676, 0.3483057573694116, 0.4626428059820463, 0.5337729982340035, 0.3081884554454259, 0.3081884554454259, 0.8418767377734184, 0.0, 0.0, 0.0, 0.6018314063549042, 0.3871205747127533, 0.40175189077854156, 0.865415632724762, 0.865415632724762, 0.16428306698799133, 0.43428677320480347, 0.18255972862243652, 0.4269761085510254, 0.4326152205467224, 0.12927704490721226]
[0.900407347650755, 0.9070468578073714, 0.3333333333333333, 0.42424242424242425, -0.19870910023012722, -0.22713719387561215, 0.0, 0.0, 0.34208467357701144, 0.3420975632239026, 0.46163712575832244, 0.5349477923914255, 0.2766064660889762, 0.2766064660889762, 0.8554036766290665, 0.0, 0.0, 0.0, 0.6019572019577026, 0.39625084400177, 0.41004379838705063, 0.8665164113044739, 0.8665164113044739, 0.159764364361763, 0.4360942542552948, 0.17690256237983704, 0.4292389750480652, 0.44643649458885193, 0.12457994744181633]
[0.8972340566771371, 0.9040851195653279, 0.3333333333333333, 0.42424242424242425, -0.19278562374604047, -0.2212137173915254, 0.0, 0.0, 0.3423555499053138, 0.34236846234556817, 0.4615006248536119, 0.535094611566741, 0.26651005659784593, 0.26651005659784593, 0.8593935817480087, 0.0, 0.0, 0.0, 0.6009494394063949, 0.4006239250302315, 0.41317150741815567, 0.8662911057472229, 0.8662911057472229, 0.1548933982849121, 0.43804264068603516, 0.17065362632274628, 0.4317385494709015, 0.41569983959198, 0.11744076386094093]
[0.6428779406206948, 0.6666860779126486, 0.3333333333333333, 0.42424242424242425, 0.28201245955931836, 0.25358436591383343, 0.5864754915237427, 0.5863103270530701, 0.2595594900288044, 0.2595713197843067, 0.4675394928022279, 0.5307521197303025, 0.36915274603026255, 0.36915274603026255, 0.7821620851755142, 0.0, 0.0, 0.0, 0.5813897669315338, 0.33481067419052124, 0.3574926555156708, 0.8324344158172607, 0.8324344158172607, 0.15640588104724884, 0.4374376475811005, 0.17587831616401672, 0.4296486735343933, 0.38828185200691223, 0.10159448720514774]
[0.4642857142857143, 0.5, 0.3333333333333333, 0.42424242424242425, 0.6153846153846154, 0.5869565217391305, 0.30960649251937866, 0.3094887435436249, 0.33579003560155574, 0.3358029822318549, 0.46429551285949766, 0.5318439503194219, 0.3628993034362793, 0.3628993034362793, 0.7707844898104668, 0.0, 0.0, 0.0, 0.5696570008993148, 0.3367222249507904, 0.3505115509033203, 0.8140851855278015, 0.8140851855278015, 0.16286629438400269, 0.4348534822463989, 0.18151971697807312, 0.42739211320877074, 0.34840697050094604, 0.10630234144628048]
[0.4642857142857143, 0.5, 0.3333333333333333, 0.42424242424242425, 0.6153846153846154, 0.5869565217391305, 0.2330835908651352, 0.23295381665229797, 0.35975142190834764, 0.35976465345568687, 0.4569006050521967, 0.5388326291093812, 0.2712211970772062, 0.2712211970772062, 0.8053293824195862, 0.0, 0.0, 0.0, 0.5485562175512313, 0.35601043701171875, 0.3656184524297714, 0.7854142785072327, 0.7854142785072327, 0.15340876579284668, 0.43863649368286134, 0.16240090131759644, 0.4350396394729614, 0.2691243588924408, 0.1202146615833044]
[0.4642857142857143, 0.5, 0.3333333333333333, 0.42424242424242425, 0.6153846153846154, 0.5869565217391305, 0.21154478192329407, 0.21136704087257385, 0.3645559437644185, 0.3645691639150762, 0.4543583900249255, 0.541485326417267, 0.2379547485283443, 0.2379547485283443, 0.8248041570186615, 0.0, 0.0, 0.0, 0.45025556981563564, 0.375824898481369, 0.3815772607922554, 0.6495398879051208, 0.6495398879051208, 0.14149916172027588, 0.44340033531188966, 0.14824576675891876, 0.4407016932964325, 0.17335587739944458, 0.12330546043813229]
[0.4642857142857143, 0.5, 0.3333333333333333, 0.42424242424242425, 0.6153846153846154, 0.5869565217391305, 0.19659511744976044, 0.1962985098361969, 0.36895070933019225, 0.3689639522742131, 0.452301300392552, 0.5436674055936409, 0.22290951439312529, 0.22290951439312529, 0.8357911854982376, 0.0, 0.0, 0.0, 0.4153710514307022, 0.38348280638456345, 0.3890528678894043, 0.6012222766876221, 0.6012222766876221, 0.13443920016288757, 0.44622431993484496, 0.14088565111160278, 0.4436457395553589, 0.12648029625415802, 0.10719550773501396]
[0.4642857142857143, 0.5, 0.3333333333333333, 0.42424242424242425, 0.6153846153846154, 0.5869565217391305, 0.1271987408399582, 0.12679621577262878, 0.3930698257103477, 0.39308325100127417, 0.45212638697250396, 0.5437786692592377, 0.22202931344509128, 0.22202931344509128, 0.8466266915202141, 0.0, 0.0, 0.0, 0.33157242536544795, 0.4108181446790695, 0.41430309414863586, 0.4826419949531555, 0.4826419949531555, 0.12974411249160767, 0.44810235500335693, 0.13545015454292297, 0.44581993818283083, 0.09440413117408752, 0.09907090105116367]
[0.4642857142857143, 0.5, 0.3333333333333333, 0.42424242424242425, 0.6153846153846154, 0.5869565217391305, 0.026227891445159912, 0.0257622878998518, 0.42257595404156306, 0.422589681344552, 0.4520313386479482, 0.543319640840622, 0.21463434611048018, 0.21463434611048018, 0.853426493704319, 0.0, 0.0, 0.0, 0.12397099807858467, 0.4639611020684242, 0.46672673523426056, 0.18755972385406494, 0.18755972385406494, 0.11903036385774612, 0.45238785445690155, 0.11314855515956879, 0.4547405779361725, 0.05022937059402466, 0.06479558534920216]
[0.4642857142857143, 0.5, 0.3333333333333333, 0.42424242424242425, 0.6153846153846154, 0.5869565217391305, 0.016336172819137573, 0.016226157546043396, 0.4284630352862706, 0.42847679108096354, 0.4595518179423039, 0.5358283527216031, 0.2039830280201776, 0.2039830280201776, 0.8542579784989357, 0.0, 0.0, 0.0, 0.08031532913446426, 0.47176921740174294, 0.47794051095843315, 0.13086503744125366, -0.0, 0.11208618432283401, 0.45516552627086637, 0.10211288183927536, 0.45915484726428984, 0.04221376031637192, 0.027001630514860153]
[0.4642857142857143, 0.5, 0.3333333333333333, 0.42424242424242425, 0.6153846153846154, 0.5869565217391305, 0.0, 0.0, 0.4293581078658824, 0.42937184656555294, 0.47188363145915774, 0.5235868550572701, 0.18429263894047057, 0.18429263894047057, 0.8541103228926659, 0.0, 0.0, 0.0, 0.07227901630103588, 0.4737436305731535, 0.48095225542783737, 0.11910500377416611, -0.0, 0.11196435987949371, 0.45521425604820254, 0.0984652191400528, 0.46061391234397886, 0.037443164736032486, 0.011283062631264329]
[0.4642857142857143, 0.5, 0.3333333333333333, 0.42424242424242425, 0.6153846153846154, 0.5869565217391305, 0.0, 0.0, 0.43153923898080565, 0.431553011870521, 0.4872113220094495, 0.5082128768846541, 0.16399261142526356, 0.16399261142526356, 0.8599151372909546, 0.0, 0.0, 0.0, 0.06866805143654346, 0.4754037410020828, 0.48238152638077736, 0.11294345557689667, -0.0, 0.1081504300236702, 0.4567398279905319, 0.09307654201984406, 0.4673597632452499, 0.03381449729204178, 0.007326964405365288]
[0.4642857142857143, 0.5, 0.3333333333333333, 0.42424242424242425, 0.6153846153846154, 0.5869565217391305, 0.0, 0.0, 0.435468267756256, 0.43548201785260815, 0.49578846707569707, 0.49977546617537516, 0.16207681702716012, 0.16207681702716012, 0.8672084808349609, 0.0, 0.0, 0.0, 0.06975110359489917, 0.476435374468565, 0.48294104263186455, 0.11438801884651184, -0.0, 0.10297520458698273, 0.4588099181652069, 0.0876554548740387, 0.4793014152105465, 0.03214816004037857, 0.008541151182726026]
[0.4642857142857143, 0.5, 0.3333333333333333, 0.42424242424242425, 0.6153846153846154, 0.5869565217391305, 0.0, 0.0, 0.43471875929239834, 0.4347325435787952, 0.5038240817206312, 0.49168363419312544, 0.1595135352441243, 0.1595135352441243, 0.8721962608397007, 0.0, 0.0, 0.0, 0.0761882346123457, 0.4768713638186455, 0.48276028595864773, 0.12110298126935959, -0.0, 0.09659047424793243, 0.461363810300827, 0.08170880377292633, 0.485840474450311, 0.030981384217739105, 0.015282731037586927]
[0.4642857142857143, 0.5, 0.3333333333333333, 0.42424242424242425, 0.6153846153846154, 0.5869565217391305, 0.2957340180873871, 0.2938053607940674, 0.34318255010572035, 0.34319542835593, 0.5016163462990215, 0.4951215742600301, 0.17099457127707346, 0.17099457127707346, 0.849053256213665, 0.0, 0.0, 0.0, 0.09414158016443253, 0.4741313233971596, 0.4766445569694042, 0.14118877053260803, 0.14118877053260803, 0.09491904079914093, 0.4620323836803436, 0.08302552998065948, 0.48685973466828814, 0.03250342234969139, 0.023076862562447786]
[0.4642857142857143, 0.5, 0.3333333333333333, 0.42424242424242425, 0.6153846153846154, 0.5869565217391305, 0.05324138328433037, 0.05217982456088066, 0.420990031718296, 0.42100371913289936, 0.49054987660215643, 0.5049889180623273, 0.16368662672383447, 0.16368662672383447, 0.863579511642456, 0.0, 0.0, 0.0, 0.09421435594558715, 0.4737179968506098, 0.4759441129863262, 0.14139437675476074, 0.14139437675476074, 0.09298184514045715, 0.46280726194381716, 0.08315005898475647, 0.4780397373576497, 0.03299429640173912, 0.030582265462726355]
[0.4642857142857143, 0.5, 0.3333333333333333, 0.42424242424242425, 0.6153846153846154, 0.5869565217391305, 0.012782211415469646, 0.012764884158968925, 0.43096391170020315, 0.43097771877996327, 0.4732260437358178, 0.5220660875627183, 0.13940487589154926, 0.13940487589154926, 0.8778560385107994, 0.0, 0.0, 0.0, 0.09268642961978912, 0.474806847050786, 0.47654889337718487, 0.13968460261821747, 0.13968460261821747, 0.09040473401546478, 0.46383810639381406, 0.08228161931037903, 0.48605696406475335, 0.0325147807598114, 0.0349464500322938]
[0.4642857142857143, 0.5, 0.3333333333333333, 0.42424242424242425, 0.6153846153846154, 0.5869565217391305, 0.0, 0.0, 0.4357381753666223, 0.43575330446144817, 0.45523918826083154, 0.5402029575576239, 0.12209450027772359, 0.12209450027772359, 0.8924225829541683, 0.0, 0.0, 0.0, 0.07781649231910705, 0.47937759570777416, 0.4798543993383646, 0.11811394989490509, 0.11811394989490509, 0.08925915509462357, 0.4642963379621506, 0.08245091140270233, 0.49661769423373914, 0.03188256174325943, 0.03509956179186702]
[0.4642857142857143, 0.5, 0.3333333333333333, 0.42424242424242425, 0.6153846153846154, 0.5869565217391305, 0.038445036858320236, 0.03729575499892235, 0.43203725687176503, 0.4320523232848421, 0.43954774412552666, 0.5561429883379332, 0.10988768190145494, 0.10988768190145494, 0.903163518756628, 0.0, 0.0, 0.0, 0.09280138239264488, 0.4830080606043339, 0.4831974636763334, 0.1380683034658432, 0.1380683034658432, 0.08534378558397293, 0.4658624857664108, 0.07983148843050003, 0.5097313259923181, 0.03031139262020588, 0.030858065001666546]
[0.4642857142857143, 0.5, 0.3333333333333333, 0.42424242424242425, 0.6153846153846154, 0.5869565217391305, 0.36837783455848694, 0.3668622076511383, 0.3270001169828338, 0.3270145565784228, 0.4261923604440051, 0.570651554418061, 0.16830718410866602, 0.16830718410866602, 0.8511183261871338, 0.0, 0.0, 0.0, 0.19359592795372008, 0.45072977989912033, 0.45149193704128265, 0.2784520089626312, 0.2784520089626312, 0.08948007971048355, 0.46420796811580656, 0.08526390045881271, 0.49024846664694854, 0.037899136543273926, 0.03336993744596839]
[0.4642857142857143, 0.5, 0.3333333333333333, 0.42424242424242425, 0.6153846153846154, 0.5869565217391305, 0.15704606473445892, 0.1568513810634613, 0.3824089252698034, 0.38242380933597486, 0.3947096714326118, 0.6016195066065857, 0.17518132392849242, 0.17518132392849242, 0.8496103510260582, 0.0, 0.0, 0.0, 0.21222431659698485, 0.449249554425478, 0.4500734433531761, 0.3089456856250763, 0.3089456856250763, 0.09428971260786057, 0.4622841149568558, 0.09168721735477448, 0.4633251130580902, 0.04851343110203743, 0.03637037938460708]
[0.4642857142857143, 0.5, 0.3333333333333333, 0.42424242424242425, 0.6153846153846154, 0.5869565217391305, 0.13085591793060303, 0.13058100640773773, 0.3905221887118046, 0.39053711836470245, 0.3817779707863044, 0.6148381927906391, 0.2276690836463656, 0.2276690836463656, 0.8482506349682808, 0.0, 0.0, 0.0, 0.2752726763486862, 0.43766752630472183, 0.43976155295968056, 0.3989614248275757, 0.3989614248275757, 0.10233592987060547, 0.4590656280517578, 0.10585568845272064, 0.45765772461891174, 0.0652213990688324, 0.04452477674931288]
[0.4642857142857143, 0.5, 0.3333333333333333, 0.42424242424242425, 0.6153846153846154, 0.5869565217391305, 0.48651939630508423, 0.4861851632595062, 0.2963086824800043, 0.29632267760501085, 0.3893818937341752, 0.6089827259406938, 0.4101843067577907, 0.4101843067577907, 0.7825388982892036, 0.0, 0.0, 0.0, 0.45845629572868346, 0.3564227521419525, 0.3626822531223297, 0.6603186726570129, 0.6603186726570129, 0.1472313106060028, 0.4411074757575989, 0.16953381896018982, 0.43218647241592406, 0.09764709323644638, 0.054562222212553024]
[0.4642857142857143, 0.5, 0.3333333333333333, 0.42424242424242425, 0.6153846153846154, 0.5869565217391305, 0.2633741497993469, 0.2633582055568695, 0.3410155394793013, 0.3410300132649351, 0.37510580633612023, 0.6224751490201316, 0.4968467141900744, 0.4968467141900744, 0.77265465259552, 0.0, 0.0, 0.0, 0.523080250620842, 0.3293883800506592, 0.3332502543926239, 0.7493848204612732, 0.7493848204612732, 0.18814519047737122, 0.4247419238090515, 0.21754616498947144, 0.41298153400421145, 0.1049748957157135, 0.07033885922282934]
[0.4642857142857143, 0.5, 0.3333333333333333, 0.42424242424242425, 0.6153846153846154, 0.5869565217391305, 0.1800130009651184, 0.18001346290111542, 0.3637675783146408, 0.36378238260404105, 0.3831684001317216, 0.6134246452765935, 0.5261372455528804, 0.5261372455528804, 0.7782389670610428, 0.0, 0.0, 0.0, 0.5774012953042984, 0.2873624414205551, 0.2831721156835556, 0.8222807049751282, 0.8222807049751282, 0.19603002071380615, 0.42158799171447753, 0.22615265846252441, 0.40953893661499025, 0.12492132186889648, 0.12128987349569798]
[0.4642857142857143, 0.5, 0.3333333333333333, 0.42424242424242425, 0.6153846153846154, 0.5869565217391305, 0.17304299771785736, 0.1730453073978424, 0.3601827863069611, 0.36019762478640616, 0.38759732155225474, 0.60881951406348, 0.5569941231182644, 0.5569941231182644, 0.7755335345864296, 0.0, 0.0, 0.0, 0.5977186828851699, 0.27698636054992676, 0.2720809578895569, 0.8514690399169922, 0.8514690399169922, 0.20378722250461578, 0.41848511099815366, 0.23654763400554657, 0.4053809463977814, 0.1894381046295166, 0.13953524641692638]
[0.4642857142857143, 0.5, 0.3333333333333333, 0.42424242424242425, 0.6153846153846154, 0.5869565217391305, 0.1730068176984787, 0.17301270365715027, 0.37004093868554666, 0.3700553326944092, 0.3182591129215452, 0.6816716102472861, 0.6271694387708392, 0.6271694387708392, 0.7602786347270012, 0.0, 0.0, 0.0, 0.6143107891082763, 0.26975347101688385, 0.2680312991142273, 0.8757972121238708, 0.8757972121238708, 0.21202807128429413, 0.41518877148628236, 0.24715381860733032, 0.40113847255706786, 0.3227384388446808, 0.1438534166663885]
[0.4642857142857143, 0.5, 0.3333333333333333, 0.42424242424242425, 0.6153846153846154, 0.5869565217391305, 0.00720966188237071, 0.007185875903815031, 0.39548959194132294, 0.39550268672848293, 0.2761564318582159, 0.7255364234264626, 0.6305025730814253, 0.6305025730814253, 0.7517609000205994, 0.0, 0.0, 0.0, 0.6237697422504425, 0.26823291182518005, 0.26236072182655334, 0.8907009363174438, 0.8907009363174438, 0.21768724918365479, 0.41292510032653806, 0.2527463436126709, 0.39890146255493164, 0.3542470335960388, 0.14443384483456612]
[0.4642857142857143, 0.5, 0.3333333333333333, 0.42424242424242425, 0.6153846153846154, 0.5869565217391305, 0.0, 0.0, 0.3964059763155294, 0.3964190369126446, 0.2719832405761369, 0.7299839442313693, 0.6217116968972343, 0.6217116968972343, 0.7491481155157089, 0.0, 0.0, 0.0, 0.6258755356073379, 0.26924164593219757, 0.26268285512924194, 0.8941324949264526, 0.8941324949264526, 0.2210875302553177, 0.41156498789787294, 0.2556225657463074, 0.39775097370147705, 0.37574729323387146, 0.14297077432274818]
[0.4642857142857143, 0.5, 0.3333333333333333, 0.42424242424242425, 0.6153846153846154, 0.5869565217391305, 0.0, 0.0, 0.3964102272777667, 0.3964232764782003, 0.27175576281137265, 0.730129172145016, 0.6051525473594666, 0.6051525473594666, 0.7469251304864883, 0.0, 0.0, 0.0, 0.6275928437709808, 0.27082160115242004, 0.2640216201543808, 0.8967911601066589, 0.8967911601066589, 0.22301310300827026, 0.4107947587966919, 0.2575071156024933, 0.3969971537590027, 0.38416051864624023, 0.1404537446796894]
[0.4642857142857143, 0.5, 0.3333333333333333, 0.42424242424242425, 0.6153846153846154, 0.5869565217391305, 0.0, 0.0, 0.38705483950802744, 0.3870679001051427, 0.27230414833666944, 0.7294984569918307, 0.5964315363339016, 0.5964315363339016, 0.7365475445985794, 0.0, 0.0, 0.0, 0.6302526175975799, 0.2633865475654602, 0.2582896500825882, 0.9006024599075317, 0.9006024599075317, 0.2255477011203766, 0.40978091955184937, 0.25933727622032166, 0.39626508951187134, 0.4329688251018524, 0.14331920072436333]
[0.4642857142857143, 0.5, 0.3333333333333333, 0.42424242424242425, 0.6153846153846154, 0.5869565217391305, 0.0, 0.0, 0.3795879844497768, 0.3796010222535288, 0.27181497996897364, 0.7300969081394024, 0.5946732844625201, 0.5946732844625201, 0.7308532297611237, 0.0, 0.0, 0.0, 0.6318266481161117, 0.256555438041687, 0.2534697353839874, 0.902839183807373, 0.902839183807373, 0.22727756202220917, 0.4090889751911163, 0.2598515748977661, 0.39605937004089353, 0.4538331627845764, 0.1488545723259449]
[0.4642857142857143, 0.5, 0.3333333333333333, 0.42424242424242425, 0.6153846153846154, 0.5869565217391305, 0.0, 0.0, 0.3742920034930082, 0.3743050185033969, 0.2766635841894788, 0.7249781797715806, 0.5856992730072567, 0.5856992730072567, 0.7272199988365173, 0.0, 0.0, 0.0, 0.6311360031366348, 0.2560614198446274, 0.25412486493587494, 0.9019321799278259, 0.9019321799278259, 0.22720032930374146, 0.40911986827850344, 0.2600490152835846, 0.39598039388656614, 0.4643508493900299, 0.14824217185378075]
[0.4642857142857143, 0.5, 0.3333333333333333, 0.42424242424242425, 0.6153846153846154, 0.5869565217391305, 0.0, 0.0, 0.37198623826809185, 0.37199926467516226, 0.28293934926020253, 0.7183587135771214, 0.5529285541602543, 0.5529285541602543, 0.7269882559776306, 0.0, 0.0, 0.0, 0.627966809272766, 0.25814293324947357, 0.2595769166946411, 0.8983588814735413, 0.8983588814735413, 0.22654782235622406, 0.40938087105751036, 0.26065608859062195, 0.3957375645637512, 0.49004897475242615, 0.1381324790418148]
[0.4642857142857143, 0.5, 0.3333333333333333, 0.42424242424242425, 0.6153846153846154, 0.5869565217391305, 0.0, 0.0, 0.3704696932440734, 0.3704827196511438, 0.2818685626436602, 0.719513243010071, 0.5291421072823661, 0.5291421072823661, 0.7303708046674728, 0.0, 0.0, 0.0, 0.6235967993736267, 0.2677781581878662, 0.27326682209968567, 0.8937245011329651, 0.8937245011329651, 0.22608843445777893, 0.40956462621688844, 0.26307836174964905, 0.3947686553001404, 0.5177710652351379, 0.10298429988324642]
[0.4642857142857143, 0.5, 0.3333333333333333, 0.42424242424242425, 0.6153846153846154, 0.5869565217391305, 0.0, 0.0, 0.3681485994824032, 0.36816163728615525, 0.28273306932321696, 0.7186189795948529, 0.4994530550071172, 0.4994530550071172, 0.7330266982316971, 0.0, 0.0, 0.0, 0.6204367846250534, 0.2706715017557144, 0.2787901908159256, 0.8901928663253784, 0.8901928663253784, 0.22623704373836517, 0.40950518250465395, 0.2687801122665405, 0.3924879550933838, 0.5422852635383606, 0.06818638183176517]
[0.4642857142857143, 0.5, 0.3333333333333333, 0.42424242424242425, 0.6153846153846154, 0.5869565217391305, 0.13051888346672058, 0.13046212494373322, 0.36245297109191776, 0.3624662254326202, 0.3413111580033603, 0.6570797139275776, 0.49236787217003963, 0.49236787217003963, 0.7308409661054611, 0.0, 0.0, 0.0, 0.6192836582660675, 0.25953420996665955, 0.2721497714519501, 0.8890609741210938, 0.8890609741210938, 0.22720903158187866, 0.40911638736724854, 0.27644309401512146, 0.3894227623939514, 0.5561128854751587, 0.04759867675602436]
[0.4642857142857143, 0.5, 0.3333333333333333, 0.42424242424242425, 0.6153846153846154, 0.5869565217391305, 0.20074187219142914, 0.20066910982131958, 0.3386706266530841, 0.33868391518383134, 0.3996515916820694, 0.5969903625853381, 0.49141249486378263, 0.49141249486378263, 0.7073171585798264, 0.0, 0.0, 0.0, 0.6205606818199157, 0.24590441584587097, 0.2643095701932907, 0.8899005651473999, 0.8899005651473999, 0.23942023515701294, 0.4042319059371948, 0.2975572943687439, 0.38097708225250243, 0.5512924194335938, 0.042742728255689144]
[0.4642857142857143, 0.5, 0.3333333333333333, 0.42424242424242425, 0.6153846153846154, 0.5869565217391305, 0.2097698301076889, 0.2097155898809433, 0.33880452626521906, 0.3388178603826928, 0.40332497009583684, 0.5933106077282146, 0.49589033637728014, 0.49589033637728014, 0.6988892257213593, 0.0, 0.0, 0.0, 0.6223669022321701, 0.2330007255077362, 0.2515713721513748, 0.8919401168823242, 0.8919401168823242, 0.24404653906822205, 0.4023813843727112, 0.3013516664505005, 0.3794593334197998, 0.5437798500061035, 0.04274874925613403]
[0.4642857142857143, 0.5, 0.3333333333333333, 0.42424242424242425, 0.6153846153846154, 0.5869565217391305, 0.2206796407699585, 0.22055527567863464, 0.33562743914514837, 0.3356407504692588, 0.4278629031281626, 0.5685907437691446, 0.4919525129454477, 0.4919525129454477, 0.6971192508935928, 0.0, 0.0, 0.0, 0.6238072097301482, 0.23609420657157898, 0.2525821775197983, 0.8936300277709961, 0.8936300277709961, 0.2480083853006363, 0.4007966458797455, 0.30213236808776855, 0.3791470527648926, 0.53945392370224, 0.04193535540252924]
[0.4642857142857143, 0.5, 0.3333333333333333, 0.42424242424242425, 0.6153846153846154, 0.5869565217391305, 0.2215726673603058, 0.22140906751155853, 0.34136751459387926, 0.3413808829013978, 0.4535434361169717, 0.5424922218121666, 0.49320431692259653, 0.49320431692259653, 0.6986093521118164, 0.0, 0.0, 0.0, 0.6261880636215209, 0.23609459400177002, 0.24708586931228638, 0.8972806334495544, 0.8972806334495544, 0.2501273453235626, 0.39994906187057494, 0.29950737953186035, 0.38019704818725586, 0.5159501433372498, 0.024214298464357853]
[0.4642857142857143, 0.5, 0.3333333333333333, 0.42424242424242425, 0.6153846153846154, 0.5869565217391305, 0.21981482207775116, 0.21959666907787323, 0.34364583660949943, 0.34365921631369944, 0.47859364001518456, 0.51752447290534, 0.5073259557996478, 0.5073259557996478, 0.7043790072202682, 0.0, 0.0, 0.0, 0.6295211672782898, 0.2359582483768463, 0.2441437840461731, 0.902528703212738, 0.902528703212738, 0.2534096837043762, 0.39863612651824953, 0.29602062702178955, 0.3815917491912842, 0.4709354639053345, 0.0]
[0.4642857142857143, 0.5, 0.3333333333333333, 0.42424242424242425, 0.6153846153846154, 0.5869565217391305, 0.21373790502548218, 0.21325232088565826, 0.34349150274725304, 0.34350488245145316, 0.4919601318998045, 0.5039970762592378, 0.5223408341407776, 0.5223408341407776, 0.7071755826473236, 0.0, 0.0, 0.0, 0.6308898150920867, 0.2342836558818817, 0.23535630106925964, 0.9044878482818604, 0.9044878482818604, 0.2614741325378418, 0.39541034698486327, 0.29707181453704834, 0.38117127418518065, 0.4594007134437561, 0.0]
[0.4642857142857143, 0.5, 0.3333333333333333, 0.42424242424242425, 0.6153846153846154, 0.5869565217391305, 0.21194615960121155, 0.21147577464580536, 0.34310742318060383, 0.3431208142814855, 0.4912294479047819, 0.5046981488262896, 0.5273905609335219, 0.5273905609335219, 0.708244264125824, 0.0, 0.0, 0.0, 0.6316941976547241, 0.2272028923034668, 0.2241065502166748, 0.9051482081413269, 0.9051482081413269, 0.2662734389305115, 0.3934906244277954, 0.29604557156562805, 0.38158177137374877, 0.4414854645729065, 0.0]
[0.4642857142857143, 0.5, 0.3333333333333333, 0.42424242424242425, 0.6153846153846154, 0.5869565217391305, 0.20841717720031738, 0.20807664096355438, 0.3447515540551501, 0.34476496794939493, 0.4923681217044535, 0.5034317495667405, 0.529165587254933, 0.529165587254933, 0.7106273025274277, 0.0, 0.0, 0.0, 0.6315386116504669, 0.23094359040260315, 0.22767594456672668, 0.9043872952461243, 0.9043872952461243, 0.26908785104751587, 0.39236485958099365, 0.2950497269630432, 0.3819801092147827, 0.40345126390457153, 0.0640330696478486]
[0.4642857142857143, 0.5, 0.3333333333333333, 0.42424242424242425, 0.6153846153846154, 0.5869565217391305, 0.20564517378807068, 0.20540295541286469, 0.34258683416173286, 0.3426002366592962, 0.4969006678085938, 0.49887660419913094, 0.5213964411190578, 0.5213964411190578, 0.712080255150795, 0.0, 0.0, 0.0, 0.631774953007698, 0.23811346292495728, 0.23453238606452942, 0.9035260081291199, 0.9035260081291199, 0.2701151371002197, 0.3919539451599121, 0.2897163927555084, 0.38411344289779664, 0.40599194169044495, 0.11586369015276432]
[0.4642857142857143, 0.5, 0.3333333333333333, 0.42424242424242425, 0.6153846153846154, 0.5869565217391305, 0.20275545120239258, 0.2024843841791153, 0.3402752452325183, 0.3402886363333999, 0.4986797535567621, 0.4972071157080215, 0.5169024850640979, 0.5169024850640979, 0.7161209136247635, 0.0, 0.0, 0.0, 0.6316947609186172, 0.24567943811416626, 0.24380075931549072, 0.9022539854049683, 0.9022539854049683, 0.26611411571502686, 0.3935543537139893, 0.2782030701637268, 0.38871877193450927, 0.4199172556400299, 0.14024639502167702]
[0.4642857142857143, 0.5, 0.3333333333333333, 0.42424242424242425, 0.6153846153846154, 0.5869565217391305, 0.5516380071640015, 0.5512435436248779, 0.2566486635809875, 0.256661313897565, 0.49774533286548256, 0.500156411654584, 0.5929377036435264, 0.5929377036435264, 0.7180294692516327, 0.0, 0.0, 0.0, 0.6272461235523223, 0.2442704141139984, 0.24313116073608398, 0.8908922672271729, 0.8908922672271729, 0.28320446610450745, 0.386718213558197, 0.2861346900463104, 0.3855461239814758, 0.4314098358154297, 0.15866022557020187]
[0.4642857142857143, 0.5, 0.3333333333333333, 0.42424242424242425, 0.6153846153846154, 0.5869565217391305, 0.40043631196022034, 0.40032657980918884, 0.28162018336483896, 0.28163297044159574, 0.5003588382095939, 0.49696788226618543, 0.5977342597075871, 0.5977342597075871, 0.7209604829549789, 0.0, 0.0, 0.0, 0.6197942048311234, 0.2473386824131012, 0.2481803596019745, 0.8775704503059387, 0.8775704503059387, 0.2976817786693573, 0.3809272885322571, 0.2975887954235077, 0.38096448183059695, 0.4357779324054718, 0.16296202316880226]
[0.4642857142857143, 0.5, 0.3333333333333333, 0.42424242424242425, 0.6153846153846154, 0.5869565217391305, 0.23122426867485046, 0.23100998997688293, 0.336942684582041, 0.33695608707960434, 0.49666313389690153, 0.4993007317049275, 0.5342080550534385, 0.5342080550534385, 0.7257989645004272, 0.0, 0.0, 0.0, 0.6227424949407577, 0.2570076584815979, 0.257853165268898, 0.884066104888916, 0.884066104888916, 0.2658240795135498, 0.39367036819458007, 0.2706194818019867, 0.39175220727920534, 0.4395903944969177, 0.16864672303199768]
[0.4642857142857143, 0.5, 0.3333333333333333, 0.42424242424242425, 0.6153846153846154, 0.5869565217391305, 0.19843114912509918, 0.19816306233406067, 0.34260032783274896, 0.3426137987104019, 0.4922054134181079, 0.5034625661937908, 0.51749587059021, 0.51749587059021, 0.7263435423374176, 0.0, 0.0, 0.0, 0.6241425186395645, 0.2628650814294815, 0.2643011659383774, 0.8870930671691895, 0.8870930671691895, 0.25228264927864075, 0.3990869402885437, 0.257233589887619, 0.39710656404495237, 0.4467605650424957, 0.17266927286982536]
[0.4642857142857143, 0.5, 0.3333333333333333, 0.42424242424242425, 0.6153846153846154, 0.5869565217391305, 0.19042007625102997, 0.19014473259449005, 0.34742212705812764, 0.3474356435225069, 0.4819807850721917, 0.5136014074435375, 0.5144104361534119, 0.5144104361534119, 0.724980428814888, 0.0, 0.0, 0.0, 0.6262755781412124, 0.25855861604213715, 0.2603301554918289, 0.8908970355987549, 0.8908970355987549, 0.24576236307621002, 0.401695054769516, 0.251790314912796, 0.3992838740348816, 0.4556577801704407, 0.17527446150779724]
[0.4642857142857143, 0.5, 0.3333333333333333, 0.42424242424242425, 0.6153846153846154, 0.5869565217391305, 0.1890452355146408, 0.18879365921020508, 0.3488503136096903, 0.34886378448734323, 0.4711694242165604, 0.5244911276081046, 0.5160870722361973, 0.5160870722361973, 0.7238825559616089, 0.0, 0.0, 0.0, 0.6263141095638275, 0.25449229776859283, 0.2565641850233078, 0.891177773475647, 0.891177773475647, 0.24070973694324493, 0.403716105222702, 0.24759644269943237, 0.4009614229202271, 0.45733362436294556, 0.1818317174911499]
[0.4642857142857143, 0.5, 0.3333333333333333, 0.42424242424242425, 0.6153846153846154, 0.5869565217391305, 0.3893778622150421, 0.38901814818382263, 0.30971997828146236, 0.3097330730686224, 0.45336159066533954, 0.5435408903188911, 0.6262633843081339, 0.6262633843081339, 0.7277822345495224, 0.0, 0.0, 0.0, 0.6217079877853393, 0.2576866149902344, 0.2648664265871048, 0.8823139667510986, 0.8823139667510986, 0.24559512734413147, 0.4017619490623474, 0.2593427300453186, 0.3962629079818726, 0.4552558958530426, 0.18940411508083344]
[0.4642857142857143, 0.5, 0.3333333333333333, 0.42424242424242425, 0.6153846153846154, 0.5869565217391305, 0.17693297564983368, 0.1769079715013504, 0.36983909205770404, 0.3698526085220833, 0.4255980975769218, 0.5702543914609334, 0.5548807340008872, 0.5548807340008872, 0.7309990227222443, 0.0, 0.0, 0.0, 0.6216082900762557, 0.27822916209697723, 0.2848019450902939, 0.8821290731430054, 0.8821290731430054, 0.2495061457157135, 0.4001975417137146, 0.26794740557670593, 0.39282103776931765, 0.45394447445869446, 0.1909353770315647]
[0.4642857142857143, 0.5, 0.3333333333333333, 0.42424242424242425, 0.6153846153846154, 0.5869565217391305, 0.04924945905804634, 0.0491621308028698, 0.3790199738387624, 0.3790336270633209, 0.4113188931864489, 0.5842564086106671, 0.5156064459255764, 0.5156064459255764, 0.7373419404029846, 0.0, 0.0, 0.0, 0.6224674969911574, 0.28789179027080536, 0.29519130289554596, 0.8844921588897705, 0.8844921588897705, 0.2383284568786621, 0.40466861724853515, 0.2632297873497009, 0.3947080850601196, 0.45358094573020935, 0.185447558760643]
[0.4642857142857143, 0.5, 0.3333333333333333, 0.42424242424242425, 0.6153846153846154, 0.5869565217391305, 0.022695671766996384, 0.022615408524870872, 0.3757820170422585, 0.3757956474734538, 0.41473631922647103, 0.5809304323929851, 0.5074063156332289, 0.5074063156332289, 0.741204634308815, 0.0, 0.0, 0.0, 0.6225375086069107, 0.2906320095062256, 0.2968441992998123, 0.8856752514839172, 0.8856752514839172, 0.23032411932945251, 0.407870352268219, 0.2572924494743347, 0.3970830202102661, 0.45064079761505127, 0.1816360093653202]
[0.4642857142857143, 0.5, 0.3333333333333333, 0.42424242424242425, 0.6153846153846154, 0.5869565217391305, 0.018307015299797058, 0.018202176317572594, 0.3742229054124588, 0.374237652718451, 0.4215090878834916, 0.5741654704628615, 0.51570149404662, 0.51570149404662, 0.7388682812452316, 0.0, 0.0, 0.0, 0.6212228715419769, 0.2880844324827194, 0.2948142737150192, 0.8842427134513855, 0.8842427134513855, 0.2281845360994339, 0.40872618556022644, 0.25494474172592163, 0.39802210330963134, 0.4493347108364105, 0.182239580899477]
[0.4642857142857143, 0.5, 0.3333333333333333, 0.42424242424242425, 0.6153846153846154, 0.5869565217391305, 0.04050763323903084, 0.040404126048088074, 0.3732904859072391, 0.3733052332132314, 0.4326969936746484, 0.5629283915520575, 0.5280009976455143, 0.5280009976455143, 0.7361681312322617, 0.0, 0.0, 0.0, 0.6200130224227904, 0.2807890474796295, 0.2838476151227951, 0.8823538422584534, 0.8823538422584534, 0.2287634164094925, 0.408494633436203, 0.25319188833236694, 0.3987232446670532, 0.44704771041870117, 0.1919807866215706]
[0.4642857142857143, 0.5, 0.3333333333333333, 0.42424242424242425, 0.6153846153846154, 0.5869565217391305, 0.048987533897161484, 0.0488959401845932, 0.3711207970606437, 0.3711355671599992, 0.4428691474247161, 0.5526694547426924, 0.5397296164716994, 0.5397296164716994, 0.7335881888866425, 0.0, 0.0, 0.0, 0.6188140630722045, 0.2756189852952957, 0.27867792546749115, 0.8802675008773804, 0.8802675008773804, 0.22954760491847992, 0.408180958032608, 0.2505455017089844, 0.39978179931640623, 0.4458170533180237, 0.20836059004068375]
[0.4642857142857143, 0.5, 0.3333333333333333, 0.42424242424242425, 0.6153846153846154, 0.5869565217391305, 0.05013931542634964, 0.05003916472196579, 0.36765380115399626, 0.3676685484599885, 0.45142537138886024, 0.544040456733963, 0.5386378509657724, 0.5386378509657724, 0.730546846985817, 0.0, 0.0, 0.0, 0.6185283839702606, 0.2733196020126343, 0.27480655908584595, 0.8795324563980103, 0.8795324563980103, 0.23164941370487213, 0.4073402345180511, 0.2493872344493866, 0.40024510622024534, 0.44477710127830505, 0.2222912758588791]
[0.4642857142857143, 0.5, 0.3333333333333333, 0.42424242424242425, 0.6153846153846154, 0.5869565217391305, 0.05224335566163063, 0.0521417111158371, 0.36932723289693975, 0.36934194601288717, 0.455696371841613, 0.5397424418720592, 0.5362863200051444, 0.5362863200051444, 0.7347194999456406, 0.0, 0.0, 0.0, 0.6167973071336745, 0.27124032378196716, 0.2707676738500595, 0.8766179084777832, 0.8766179084777832, 0.2302624136209488, 0.40789503455162046, 0.2451157122850418, 0.40195371508598327, 0.4350641667842865, 0.231797955930233]
[0.4642857142857143, 0.5, 0.3333333333333333, 0.42424242424242425, 0.6153846153846154, 0.5869565217391305, 0.054710522294044495, 0.05461680144071579, 0.37183822956413426, 0.3718530110601713, 0.459020618612862, 0.5363600762983987, 0.5415344664028713, 0.5415344664028713, 0.7396271377801895, 0.0, 0.0, 0.0, 0.6153929024934768, 0.26916076242923737, 0.26804114878177643, 0.87424236536026, 0.87424236536026, 0.22889599204063416, 0.40844160318374634, 0.24068158864974976, 0.4037273645401001, 0.430839866399765, 0.2407952956855297]
[0.4642857142857143, 0.5, 0.3333333333333333, 0.42424242424242425, 0.6153846153846154, 0.5869565217391305, 0.05683711916208267, 0.056749142706394196, 0.3686095610631356, 0.36862430836912774, 0.4651456768152591, 0.5303196356077217, 0.5463097138064249, 0.5463097138064249, 0.7405072748661041, 0.0, 0.0, 0.0, 0.6145954251289367, 0.26868513226509094, 0.2671579420566559, 0.8728642463684082, 0.8728642463684082, 0.23069044947624207, 0.40772382020950315, 0.23965217173099518, 0.40413913130760193, 0.42530056834220886, 0.24756954982876778]
[0.4642857142857143, 0.5, 0.3333333333333333, 0.42424242424242425, 0.6153846153846154, 0.5869565217391305, 0.05708964541554451, 0.05699694901704788, 0.3692507497667127, 0.36926545148597845, 0.47051360217380706, 0.5249946842863222, 0.5469594895839691, 0.5469594895839691, 0.7418016642332077, 0.0, 0.0, 0.0, 0.6142267167568206, 0.26788924634456635, 0.2653837352991104, 0.8724220991134644, 0.8724220991134644, 0.23271401226520538, 0.40691439509391786, 0.23988857865333557, 0.40404456853866577, 0.4161098897457123, 0.24797119200229645]
[0.4642857142857143, 0.5, 0.3333333333333333, 0.42424242424242425, 0.6153846153846154, 0.5869565217391305, 0.06298094242811203, 0.06282871961593628, 0.36821663767156365, 0.36823136218419267, 0.4814763921624616, 0.5140410714755272, 0.5473257601261139, 0.5473257601261139, 0.7436520308256149, 0.0, 0.0, 0.0, 0.6134923249483109, 0.2586199939250946, 0.2551022619009018, 0.8723195195198059, 0.8723195195198059, 0.23314052820205688, 0.40674378871917727, 0.23890455067157745, 0.40443817973136903, 0.3872409164905548, 0.23143917322158813]
[0.4642857142857143, 0.5, 0.3333333333333333, 0.42424242424242425, 0.6153846153846154, 0.5869565217391305, 0.17628958821296692, 0.17615528404712677, 0.3659268619909341, 0.36594148393342874, 0.49154694663293047, 0.5042299275593771, 0.5566796660423279, 0.5566796660423279, 0.7451334595680237, 0.0, 0.0, 0.0, 0.613295954465866, 0.2563830614089966, 0.2523209750652313, 0.8728394508361816, 0.8728394508361816, 0.23351514339447021, 0.40659394264221194, 0.2389955073595047, 0.4044017970561981, 0.35790932178497314, 0.21192634478211403]
[0.4642857142857143, 0.5, 0.3333333333333333, 0.42424242424242425, 0.6153846153846154, 0.5869565217391305, 0.3141433596611023, 0.3137369453907013, 0.31701293137515707, 0.31702715443379564, 0.5272625035127307, 0.46971482660250224, 0.6370278980050769, 0.6370278980050769, 0.7488202825188637, 0.0, 0.0, 0.0, 0.6114656388759613, 0.24762725830078125, 0.24995648860931396, 0.870212733745575, 0.870212733745575, 0.2517150938510895, 0.3993139624595642, 0.25414183735847473, 0.3983432650566101, 0.3459940254688263, 0.19238188862800598]
[0.4642857142857143, 0.5, 0.3333333333333333, 0.42424242424242425, 0.6153846153846154, 0.5869565217391305, 0.12719038128852844, 0.1264938861131668, 0.381142537406936, 0.38115710236602257, 0.5865921976461466, 0.41094272081477645, 0.5869833273547037, 0.5869833273547037, 0.7639210969209671, 0.0, 0.0, 0.0, 0.6131235122680664, 0.24695101380348206, 0.24900218844413757, 0.8749205470085144, 0.8749205470085144, 0.24704454839229584, 0.40118218064308164, 0.24890658259391785, 0.4004373669624329, 0.33827027678489685, 0.17856931313872337]
[0.4642857142857143, 0.5, 0.3333333333333333, 0.42424242424242425, 0.6153846153846154, 0.5869565217391305, 0.045773688703775406, 0.04533067345619202, 0.38992166336818135, 0.38993623972394953, 0.6016308882952193, 0.3965063504866792, 0.5602455352033888, 0.5602455352033888, 0.7674868479371071, 0.0, 0.0, 0.0, 0.6162355661392211, 0.2538996785879135, 0.254451721906662, 0.8820163607597351, 0.8820163607597351, 0.23429246246814728, 0.4062830150127411, 0.24152326583862305, 0.40339069366455077, 0.3372395634651184, 0.169245433062315]
[0.4642857142857143, 0.5, 0.3333333333333333, 0.42424242424242425, 0.6153846153846154, 0.5869565217391305, 0.013392183929681778, 0.013347197324037552, 0.3963555118093983, 0.3963700197850769, 0.6116036684973518, 0.3870572705974948, 0.5396614755902972, 0.5396614755902972, 0.7676440104842186, 0.0, 0.0, 0.0, 0.6165622800588607, 0.2598196864128113, 0.2599722445011139, 0.8846629858016968, 0.8846629858016968, 0.2231125831604004, 0.41075496673583983, 0.23474030196666718, 0.40610387921333313, 0.3396413326263428, 0.1500144600868225]
[0.4642857142857143, 0.5, 0.3333333333333333, 0.42424242424242425, 0.6153846153846154, 0.5869565217391305, 0.010803956538438797, 0.010749689303338528, 0.40250783942169716, 0.40252229041396775, 0.6162430752303815, 0.38267702440408125, 0.5128721041338785, 0.5128721041338785, 0.7680161371827126, 0.0, 0.0, 0.0, 0.6117580562829971, 0.25201693177223206, 0.25301094353199005, 0.8799017667770386, 0.8799017667770386, 0.21433687210083008, 0.41426525115966795, 0.22698262333869934, 0.4092069506645203, 0.3466039001941681, 0.12461064383387566]
[0.4642857142857143, 0.5, 0.3333333333333333, 0.42424242424242425, 0.6153846153846154, 0.5869565217391305, 0.0, 0.0, 0.41711251024534324, 0.417127041014385, 0.6004678797311582, 0.3979741746968516, 0.48780190093176706, 0.48780190093176706, 0.7700189128518105, 0.0, 0.0, 0.0, 0.6122587144374847, 0.2639019042253494, 0.26866288483142853, 0.8805992603302002, 0.8805992603302002, 0.20859740674495697, 0.4165610373020172, 0.22301100194454193, 0.4107955992221832, 0.36286625266075134, 0.11728266254067421]
[0.4642857142857143, 0.5, 0.3333333333333333, 0.42424242424242425, 0.6153846153846154, 0.5869565217391305, 0.0, 0.0, 0.42846237997707853, 0.42847694493616517, 0.587588324601518, 0.410518445152119, 0.47539421490260536, 0.47539421490260536, 0.7703897356987, 0.0, 0.0, 0.0, 0.6123057156801224, 0.26790519058704376, 0.2734670341014862, 0.8810311555862427, 0.8810311555862427, 0.2056216448545456, 0.41775134205818176, 0.22246353328227997, 0.411014586687088, 0.3718838095664978, 0.11024796403944492]
[0.4642857142857143, 0.5, 0.3333333333333333, 0.42424242424242425, 0.6153846153846154, 0.5869565217391305, 0.5563982129096985, 0.5540602207183838, 0.2836977528340502, 0.28371165678560395, 0.4671523104890127, 0.5301100591805828, 0.5742908162730082, 0.5742908162730082, 0.7463768422603607, 0.0, 0.0, 0.0, 0.6136398583650589, 0.2439272105693817, 0.254585400223732, 0.8817932605743408, 0.8817932605743408, 0.23355917632579803, 0.4065763294696808, 0.270009309053421, 0.3919962763786316, 0.36162444949150085, 0.03737638704478741]
[0.4642857142857143, 0.5, 0.3333333333333333, 0.42424242424242425, 0.6153846153846154, 0.5869565217391305, 0.2929697632789612, 0.2928314805030823, 0.3424637613971192, 0.342478121215937, 0.44603160690395144, 0.5503960612576454, 0.5755716349397387, 0.5755716349397387, 0.7436755150556564, 0.0, 0.0, 0.0, 0.6022704601287842, 0.2556353956460953, 0.25853508710861206, 0.8623182773590088, 0.8623182773590088, 0.24872587621212006, 0.400509649515152, 0.2853550910949707, 0.38585796356201174, 0.2700890302658081, 0.07637643720954657]
[0.4642857142857143, 0.5, 0.3333333333333333, 0.42424242424242425, 0.6153846153846154, 0.5869565217391305, 0.1991012841463089, 0.19909323751926422, 0.36997170384481803, 0.36998635997735746, 0.4417125153040111, 0.5542101938533117, 0.5555157789162227, 0.5555157789162227, 0.7570438757538795, 0.0, 0.0, 0.0, 0.5936211258172989, 0.2547106146812439, 0.2506071478128433, 0.8503641486167908, 0.8503641486167908, 0.24799717962741852, 0.40080112814903257, 0.28615862131118774, 0.3855365514755249, 0.16502974927425385, 0.10311645455658436]
[0.4642857142857143, 0.5, 0.3333333333333333, 0.42424242424242425, 0.6153846153846154, 0.5869565217391305, 0.17418909072875977, 0.1741897165775299, 0.37629933521350983, 0.37631400274273086, 0.43662967508655204, 0.5592349033374581, 0.5729095212050846, 0.5729095212050846, 0.7600129842758179, 0.0, 0.0, 0.0, 0.5923295408487319, 0.2497987151145935, 0.2434915006160736, 0.8484118580818176, 0.8484118580818176, 0.24890930950641632, 0.4004362761974335, 0.28990957140922546, 0.3840361714363098, 0.14609017968177795, 0.11150241829454899]
[0.4642857142857143, 0.5, 0.3333333333333333, 0.42424242424242425, 0.6153846153846154, 0.5869565217391305, 0.16057762503623962, 0.16057799756526947, 0.38295769828227466, 0.38297249117499327, 0.422799636711354, 0.5730249646466224, 0.6024838132517679, 0.6024838132517679, 0.7629755958914757, 0.0, 0.0, 0.0, 0.5937067419290543, 0.24789944291114807, 0.24119114875793457, 0.8498788475990295, 0.8498788475990295, 0.2562880218029022, 0.3974847912788391, 0.3075731694698334, 0.3769707322120667, 0.14231295883655548, 0.119800865650177]
[0.4642857142857143, 0.5, 0.3333333333333333, 0.42424242424242425, 0.6153846153846154, 0.5869565217391305, 0.14331099390983582, 0.1433091163635254, 0.39264996056347, 0.3926647420595071, 0.4017668271839733, 0.5941073070014133, 0.6014400720596313, 0.6014400720596313, 0.762556679546833, 0.0, 0.0, 0.0, 0.5969960570335388, 0.24476128816604614, 0.23918816447257996, 0.8538424372673035, 0.8538424372673035, 0.2608211040496826, 0.39567155838012696, 0.314553827047348, 0.3741784691810608, 0.1446189135313034, 0.12178752571344376]
[0.4642857142857143, 0.5, 0.3333333333333333, 0.42424242424242425, 0.6153846153846154, 0.5869565217391305, 0.09472013264894485, 0.09470713138580322, 0.42170229012833954, 0.4217171570994886, 0.38807309881906893, 0.6080107485536357, 0.6169239750930241, 0.6169239750930241, 0.7628344744443893, 0.0, 0.0, 0.0, 0.5918768644332886, 0.249435156583786, 0.2456536591053009, 0.8473773002624512, 0.8473773002624512, 0.26033613085746765, 0.39586554765701293, 0.31609445810317993, 0.373562216758728, 0.14672791957855225, 0.12084860354661942]
[0.4642857142857143, 0.5, 0.3333333333333333, 0.42424242424242425, 0.6153846153846154, 0.5869565217391305, 0.0515633150935173, 0.05154912918806076, 0.43663686069430174, 0.436651807442222, 0.38272459055679936, 0.6132691033660973, 0.6160865511213031, 0.6160865511213031, 0.7647031173110008, 0.0, 0.0, 0.0, 0.589095738530159, 0.2572629451751709, 0.2522788643836975, 0.8432672023773193, 0.8432672023773193, 0.25742146372795105, 0.39703141450881957, 0.3148554861545563, 0.37405780553817747, 0.15372343361377716, 0.12482316233217716]
[0.4642857142857143, 0.5, 0.3333333333333333, 0.42424242424242425, 0.6153846153846154, 0.5869565217391305, 0.023813247680664062, 0.023702530190348625, 0.4503008209268632, 0.450315779071465, 0.3979203103833171, 0.5978046355415663, 0.6050874718597957, 0.6050874718597957, 0.7677121832966805, 0.0, 0.0, 0.0, 0.5876278728246689, 0.2676289975643158, 0.26099708676338196, 0.8409143686294556, 0.8409143686294556, 0.25690004229545593, 0.3972399830818176, 0.31485557556152344, 0.3740577697753906, 0.16049303114414215, 0.13010221533477306]
[0.4642857142857143, 0.5, 0.3333333333333333, 0.42424242424242425, 0.6153846153846154, 0.5869565217391305, 0.007698715198785067, 0.007701259572058916, 0.4581604084822689, 0.4581754293086196, 0.40871292797146974, 0.5867267618621006, 0.5909142749650138, 0.5909142749650138, 0.7704117819666862, 0.0, 0.0, 0.0, 0.5871787011623382, 0.279644176363945, 0.27072468400001526, 0.8399921655654907, 0.8399921655654907, 0.26021867990493774, 0.3959125280380249, 0.31588444113731384, 0.3736462235450745, 0.1784352958202362, 0.13566854409873486]
[0.4642857142857143, 0.5, 0.3333333333333333, 0.42424242424242425, 0.6153846153846154, 0.5869565217391305, 0.0, 0.0, 0.508492404684054, 0.5085069219195364, 0.4802958384070752, 0.5168149326038584, 0.5764485682759967, 0.5764485682759967, 0.7980697154998779, 0.0, 0.0, 0.0, 0.5748002052307128, 0.30022215843200684, 0.2926756292581558, 0.8289458155632019, 0.8289458155632019, 0.26125964522361755, 0.395496141910553, 0.3097645342350006, 0.3760941863059998, 0.20721317827701569, 0.1373501680791378]
[0.4642857142857143, 0.5, 0.3333333333333333, 0.42424242424242425, 0.6153846153846154, 0.5869565217391305, 0.0, 0.0, 0.5052309322596508, 0.5052454391668905, 0.4904760246807941, 0.5067043351802903, 0.5558237433433533, 0.5558237433433533, 0.8033108487725258, 0.0, 0.0, 0.0, 0.572748777270317, 0.3056079000234604, 0.29835352301597595, 0.8274641633033752, 0.8274641633033752, 0.2577262818813324, 0.39690948724746705, 0.29718196392059326, 0.3811272144317627, 0.23348106443881989, 0.13889068737626076]
[0.4642857142857143, 0.5, 0.3333333333333333, 0.42424242424242425, 0.6153846153846154, 0.5869565217391305, 0.0, 0.0, 0.5045060135609333, 0.504520427870135, 0.5277842236522506, 0.4700521740762449, 0.541794810976301, 0.541794810976301, 0.8031498119235039, 0.0, 0.0, 0.0, 0.5752985894680023, 0.30578985810279846, 0.29881708323955536, 0.8310149312019348, 0.8310149312019348, 0.2535143196582794, 0.39859427213668824, 0.28608113527297974, 0.3855675458908081, 0.2530880570411682, 0.14276879839599133]
[0.4642857142857143, 0.5, 0.3333333333333333, 0.42424242424242425, 0.6153846153846154, 0.5869565217391305, 0.0, 0.0, 0.5017889488638018, 0.5018033158055455, 0.5512940420931202, 0.4470439093468016, 0.5310480296611786, 0.5310480296611786, 0.8021050095558167, 0.0, 0.0, 0.0, 0.5758413463830947, 0.3065776973962784, 0.30032436549663544, 0.8320830464363098, 0.8320830464363098, 0.2484450787305832, 0.4006219685077667, 0.2754882872104645, 0.38980468511581423, 0.2710861563682556, 0.1470392942428589]
[0.4642857142857143, 0.5, 0.3333333333333333, 0.42424242424242425, 0.6153846153846154, 0.5869565217391305, 0.0, 0.0, 0.5026638138804221, 0.5026781113736374, 0.5787723075819289, 0.4203346805357746, 0.5394506667341505, 0.5394506667341505, 0.7999127134680748, 0.0, 0.0, 0.0, 0.5762103885412215, 0.3074594885110855, 0.3007878512144089, 0.8323818445205688, 0.8323818445205688, 0.2470303475856781, 0.4011878609657288, 0.270729660987854, 0.3917081356048584, 0.27764618396759033, 0.15152981504797935]
[0.4642857142857143, 0.5, 0.3333333333333333, 0.42424242424242425, 0.6153846153846154, 0.5869565217391305, 0.0, 0.0, 0.47926832499057337, 0.4792827147256804, 0.5784057504132418, 0.4203095280594803, 0.584362064089094, 0.584362064089094, 0.7986322939395905, 0.0, 0.0, 0.0, 0.5797323316335677, 0.29265329241752625, 0.2827434539794922, 0.8335443139076233, 0.8335443139076233, 0.24873408675193787, 0.40050636529922484, 0.2706829607486725, 0.39172681570053103, 0.28191620111465454, 0.154074439778924]
[0.4642857142857143, 0.5, 0.3333333333333333, 0.42424242424242425, 0.6153846153846154, 0.5869565217391305, 0.37764495611190796, 0.3736531138420105, 0.35435795373716045, 0.354372404729431, 0.47730428926347546, 0.5190332311466542, 0.6202327992234912, 0.6202327992234912, 0.7717947065830231, 0.0, 0.0, 0.0, 0.5902422726154327, 0.25393150746822357, 0.24378708004951477, 0.8396810293197632, 0.8396810293197632, 0.25855574011802673, 0.3965777039527893, 0.28090307116508484, 0.3876387715339661, 0.28721195459365845, 0.14292691834270954]
[0.4642857142857143, 0.5, 0.3333333333333333, 0.42424242424242425, 0.6153846153846154, 0.5869565217391305, 0.12863704562187195, 0.12827296555042267, 0.4216609429674896, 0.42167587262038747, 0.48678938409110556, 0.5084210999558528, 0.5881257142339434, 0.5881257142339434, 0.7703371495008469, 0.0, 0.0, 0.0, 0.6000791758298873, 0.25766392052173615, 0.24336597323417664, 0.8535106182098389, 0.8535106182098389, 0.26038098335266113, 0.39584760665893554, 0.2783129811286926, 0.38867480754852296, 0.3098289370536804, 0.1736912876367569]
[0.4642857142857143, 0.5, 0.3333333333333333, 0.42424242424242425, 0.6153846153846154, 0.5869565217391305, 0.0645575225353241, 0.06417698413133621, 0.43394164806570196, 0.4339566233053262, 0.49001684240697674, 0.5051037282327798, 0.5534586949007853, 0.5534586949007853, 0.7717612087726593, 0.0, 0.0, 0.0, 0.6028044760227202, 0.2611704468727112, 0.24568259716033936, 0.8576162457466125, 0.8576162457466125, 0.25884196162223816, 0.39646321535110474, 0.27127885818481445, 0.39148845672607424, 0.31467360258102417, 0.1833203062415123]
[0.4642857142857143, 0.5, 0.3333333333333333, 0.42424242424242425, 0.6153846153846154, 0.5869565217391305, 0.03268864378333092, 0.03227442130446434, 0.43928367161614035, 0.4392986810458094, 0.4915248769590093, 0.5035025685462117, 0.5502646097115108, 0.5502646097115108, 0.7721088156104088, 0.0, 0.0, 0.0, 0.6036436349153518, 0.26136408746242523, 0.24531486630439758, 0.8587760925292969, 0.8587760925292969, 0.25744256377220154, 0.3970229744911194, 0.2654918432235718, 0.3938032627105713, 0.3167983293533325, 0.1893889345228672]
[0.4642857142857143, 0.5, 0.3333333333333333, 0.42424242424242425, 0.6153846153846154, 0.5869565217391305, 0.04660453274846077, 0.04636070504784584, 0.43884697926887817, 0.43886202288859205, 0.4872969011161797, 0.5076520091438335, 0.5687996745109558, 0.5687996745109558, 0.7735766619443893, 0.0, 0.0, 0.0, 0.601981484889984, 0.2734881639480591, 0.25467483699321747, 0.8558774590492249, 0.8558774590492249, 0.259402334690094, 0.3962390661239624, 0.26518839597702026, 0.3939246416091919, 0.3189304769039154, 0.19376803189516068]
[0.4642857142857143, 0.5, 0.3333333333333333, 0.42424242424242425, 0.6153846153846154, 0.5869565217391305, 0.05422433465719223, 0.053993504494428635, 0.43558526608957615, 0.4356002869159268, 0.4736643914510825, 0.5212709610315804, 0.581191863332476, 0.581191863332476, 0.7755077108740807, 0.0, 0.0, 0.0, 0.6000198245048523, 0.28121423721313477, 0.26286832988262177, 0.8530960083007812, 0.8530960083007812, 0.26175644993782043, 0.39529742002487184, 0.26867765188217163, 0.39252893924713134, 0.3200863003730774, 0.19532311707735062]
[0.4642857142857143, 0.5, 0.3333333333333333, 0.42424242424242425, 0.6153846153846154, 0.5869565217391305, 0.06591387838125229, 0.0657205879688263, 0.43965940311351653, 0.43967437265479997, 0.4538850744413372, 0.5412437039460501, 0.5995612059320723, 0.5995612059320723, 0.7754997238516808, 0.0, 0.0, 0.0, 0.5982852429151535, 0.2843368351459503, 0.2688235342502594, 0.8508220911026001, 0.8508220911026001, 0.26055318117141724, 0.3957787275314331, 0.27198687195777893, 0.3912052512168884, 0.3176860213279724, 0.19308369606733322]
[0.4642857142857143, 0.5, 0.3333333333333333, 0.42424242424242425, 0.6153846153846154, 0.5869565217391305, 0.06394948810338974, 0.06367718428373337, 0.44821155276398816, 0.4482265621936572, 0.4390021222955182, 0.5561647648589311, 0.6090297230652401, 0.6090297230652401, 0.7758156433701515, 0.0, 0.0, 0.0, 0.5971552520990371, 0.2903453856706619, 0.27877748012542725, 0.8494755625724792, 0.8494755625724792, 0.25885850191116333, 0.39645659923553467, 0.2754354476928711, 0.38982582092285156, 0.3182991147041321, 0.18869390711188316]
[0.4642857142857143, 0.5, 0.3333333333333333, 0.42424242424242425, 0.6153846153846154, 0.5869565217391305, 0.04434879869222641, 0.04405037686228752, 0.4561486719443283, 0.4561636414856117, 0.4293372234468478, 0.5659889148372943, 0.599545602287565, 0.599545602287565, 0.7756963819265366, 0.0, 0.0, 0.0, 0.5923274338245391, 0.2917536199092865, 0.2792470157146454, 0.8424603343009949, 0.8424603343009949, 0.25737398862838745, 0.39705040454864504, 0.2772301733493805, 0.3891079306602478, 0.31401097774505615, 0.1861107349395752]
[0.4642857142857143, 0.5, 0.3333333333333333, 0.42424242424242425, 0.6153846153846154, 0.5869565217391305, 0.023392021656036377, 0.023076670244336128, 0.46557011488062927, 0.46558504738269757, 0.4246766416794028, 0.5707580307650926, 0.5526768522603172, 0.5526768522603172, 0.7783486619591713, 0.0, 0.0, 0.0, 0.5809016048908233, 0.3059495836496353, 0.29072605073451996, 0.8254271149635315, 0.8254271149635315, 0.2566564977169037, 0.39733740091323855, 0.2785055935382843, 0.38859776258468626, 0.31588342785835266, 0.18321827054023743]
[0.4642857142857143, 0.5, 0.3333333333333333, 0.42424242424242425, 0.6153846153846154, 0.5869565217391305, 0.010790464468300343, 0.01078410167247057, 0.4706398916518027, 0.4706548270030414, 0.4231993012400932, 0.572214482511612, 0.5533499589988163, 0.5533499589988163, 0.7794928848743439, 0.0, 0.0, 0.0, 0.5781413406133651, 0.3072923868894577, 0.2930876463651657, 0.8215785622596741, 0.8215785622596741, 0.2598075568675995, 0.3960769772529602, 0.28192585706710815, 0.3872296571731567, 0.3178161382675171, 0.18266508355736732]
[0.4642857142857143, 0.5, 0.3333333333333333, 0.42424242424242425, 0.6153846153846154, 0.5869565217391305, 0.0, 0.0, 0.4875389509629565, 0.48755385497332077, 0.4290755214472346, 0.5662179575089008, 0.5558223170893534, 0.5558223170893534, 0.7829029187560081, 0.0, 0.0, 0.0, 0.5764822363853455, 0.3088579773902893, 0.2942827343940735, 0.8198199272155762, 0.8198199272155762, 0.2644449770450592, 0.3942220091819763, 0.28621602058410645, 0.3855135917663574, 0.3257388472557068, 0.18150491639971733]
[0.4642857142857143, 0.5, 0.3333333333333333, 0.42424242424242425, 0.6153846153846154, 0.5869565217391305, 0.0, 0.0, 0.5171024601614498, 0.5171173641718141, 0.4609932702312506, 0.5337495438632678, 0.5434766411781311, 0.5434766411781311, 0.7942475453019142, 0.0, 0.0, 0.0, 0.574454402923584, 0.3267243802547455, 0.31038619577884674, 0.8187837600708008, 0.8187837600708008, 0.2698734402656555, 0.3920506238937378, 0.28764066100120544, 0.38494373559951783, 0.3429800271987915, 0.17950301989912987]
[0.4642857142857143, 0.5, 0.3333333333333333, 0.42424242424242425, 0.6153846153846154, 0.5869565217391305, 0.0, 0.0, 0.5443640932526232, 0.5443788405586155, 0.4985139787617366, 0.496502863466803, 0.5483845514910562, 0.5483845514910562, 0.798951268196106, 0.0, 0.0, 0.0, 0.5692353665828704, 0.3275420516729355, 0.3103761076927185, 0.812865138053894, 0.812865138053894, 0.27124470472335815, 0.3915021181106567, 0.2816496193408966, 0.3873401522636414, 0.34251686930656433, 0.17526187002658844]
[0.4642857142857143, 0.5, 0.3333333333333333, 0.42424242424242425, 0.6153846153846154, 0.5869565217391305, 0.0, 0.0, 0.5428950467483491, 0.5429098282443862, 0.5091481234443803, 0.48585834575606074, 0.5533744607652937, 0.5533744607652937, 0.798698678612709, 0.0, 0.0, 0.0, 0.5699600160121917, 0.3218033164739609, 0.3011356443166733, 0.8131617903709412, 0.8131617903709412, 0.27461186051368713, 0.39015525579452515, 0.2770307958126068, 0.38918768167495726, 0.3381151854991913, 0.1648925244808197]
[0.4642857142857143, 0.5, 0.3333333333333333, 0.42424242424242425, 0.6153846153846154, 0.5869565217391305, 0.0, 0.0, 0.5405668072673149, 0.5405816058583743, 0.4961951013875281, 0.4986796182559913, 0.558516936642783, 0.558516936642783, 0.797943152487278, 0.0, 0.0, 0.0, 0.5709291219711303, 0.32282860577106476, 0.3028455376625061, 0.8144826292991638, 0.8144826292991638, 0.2817566990852356, 0.38729732036590575, 0.2803802192211151, 0.38784791231155397, 0.33082079887390137, 0.1533045992255211]
[0.4642857142857143, 0.5, 0.3333333333333333, 0.42424242424242425, 0.6153846153846154, 0.5869565217391305, 0.0, 0.0, 0.5355234764957975, 0.5355382950310498, 0.4714481955960421, 0.5233396467874833, 0.5192755162715912, 0.5192755162715912, 0.8005197420716286, 0.0, 0.0, 0.0, 0.5732279062271117, 0.3378714919090271, 0.32104358077049255, 0.8193859457969666, 0.8193859457969666, 0.28603148460388184, 0.3855874061584473, 0.28539425134658813, 0.3858422994613647, 0.3536691665649414, 0.15254845842719078]
[0.4642857142857143, 0.5, 0.3333333333333333, 0.42424242424242425, 0.6153846153846154, 0.5869565217391305, 0.0, 0.0, 0.5346454191618166, 0.5346638561434773, 0.428882336297409, 0.5665950031861242, 0.5005244272095817, 0.5005244272095817, 0.8033135384321213, 0.0, 0.0, 0.0, 0.5710536450147629, 0.34844332933425903, 0.3329324424266815, 0.8193826675415039, 0.8193826675415039, 0.2856918275356293, 0.38572326898574827, 0.2890031933784485, 0.3843987226486206, 0.3825553357601166, 0.15610731206834316]
[0.4642857142857143, 0.5, 0.3333333333333333, 0.42424242424242425, 0.6153846153846154, 0.5869565217391305, 0.0, 0.0, 0.5321726697580764, 0.5321910839463739, 0.3981586263922843, 0.5978027664857836, 0.4836708520139967, 0.4836708520139967, 0.8046089559793472, 0.0, 0.0, 0.0, 0.5681439071893691, 0.3546570837497711, 0.3430004119873047, 0.8167200684547424, 0.8167200684547424, 0.28123965859413147, 0.3875041365623474, 0.29069483280181885, 0.38372206687927246, 0.3881869316101074, 0.14734044671058655]
[0.4642857142857143, 0.5, 0.3333333333333333, 0.42424242424242425, 0.6153846153846154, 0.5869565217391305, 0.0, 0.0, 0.5258083895105249, 0.525826872078912, 0.38352378285409844, 0.6125298747090441, 0.4614879190921784, 0.4614879190921784, 0.8020413741469383, 0.0, 0.0, 0.0, 0.5701663374900817, 0.35937243700027466, 0.3495614379644394, 0.8199502229690552, 0.8199502229690552, 0.2776995003223419, 0.38892019987106324, 0.293417364358902, 0.38263305425643923, 0.40196549892425537, 0.0653315195813775]
[0.4642857142857143, 0.5, 0.3333333333333333, 0.42424242424242425, 0.6153846153846154, 0.5869565217391305, 0.0, 0.0, 0.5221533113182388, 0.5221717981603816, 0.3799893983691418, 0.6161644816120035, 0.44125348329544073, 0.44125348329544073, 0.7993731647729874, 0.0, 0.0, 0.0, 0.5722989171743392, 0.3539731949567795, 0.3448113650083542, 0.8227892518043518, 0.8227892518043518, 0.2713940739631653, 0.3914423704147339, 0.29247021675109863, 0.3830119132995605, 0.4067530930042267, 0.04704795312136412]
[0.4642857142857143, 0.5, 0.3333333333333333, 0.42424242424242425, 0.6153846153846154, 0.5869565217391305, 0.0, 0.0, 0.5199135684944247, 0.5199320410907154, 0.3816602430653618, 0.6145719435150668, 0.4387063000883375, 0.4387063000883375, 0.7982418686151505, 0.0, 0.0, 0.0, 0.5713039427995681, 0.33744707703590393, 0.3308461159467697, 0.8219987750053406, 0.8219987750053406, 0.25921279191970825, 0.3963148832321167, 0.286678284406662, 0.3853286862373352, 0.3959273099899292, 0.03911344334483147]
[0.4642857142857143, 0.5, 0.3333333333333333, 0.42424242424242425, 0.6153846153846154, 0.5869565217391305, 0.3251112997531891, 0.32438018918037415, 0.38726931365908446, 0.38728786745673155, 0.4070539073324112, 0.5894240401392407, 0.5070962650435312, 0.5070962650435312, 0.7777092903852463, 0.0, 0.0, 0.0, 0.5755148619413375, 0.29495710134506226, 0.2940056771039963, 0.8221316337585449, 0.8221316337585449, 0.24323852360248566, 0.40270459055900576, 0.2805947959423065, 0.3877620816230774, 0.353651225566864, 0.05554689094424248]
[0.4642857142857143, 0.5, 0.3333333333333333, 0.42424242424242425, 0.6153846153846154, 0.5869565217391305, 0.07491037994623184, 0.07444475591182709, 0.453074892893804, 0.45309352931739266, 0.41425442763997766, 0.5816143358592043, 0.4312493971415929, 0.4312493971415929, 0.779884859919548, 0.0, 0.0, 0.0, 0.5757102102041244, 0.31533633172512054, 0.3130374401807785, 0.82298344373703, 0.82298344373703, 0.23631460964679718, 0.40547415614128113, 0.273524671792984, 0.3905901312828064, 0.3442239761352539, 0.06455695256590843]
[0.4642857142857143, 0.5, 0.3333333333333333, 0.42424242424242425, 0.6153846153846154, 0.5869565217391305, 0.017852194607257843, 0.017727699130773544, 0.464291700669502, 0.4643104054731803, 0.42187118325133166, 0.573635326751053, 0.40550340499196735, 0.40550340499196735, 0.7828587666153908, 0.0, 0.0, 0.0, 0.5772520720958709, 0.3196338415145874, 0.3170194774866104, 0.827265739440918, 0.827265739440918, 0.22949542105197906, 0.40820183157920836, 0.26013869047164917, 0.3959445238113403, 0.3423827886581421, 0.06795300636440516]
[0.4642857142857143, 0.5, 0.3333333333333333, 0.42424242424242425, 0.6153846153846154, 0.5869565217391305, 0.008603421039879322, 0.008603028953075409, 0.46335476522919783, 0.46337357260301054, 0.4316477011996063, 0.563452520665151, 0.3930580190249852, 0.3930580190249852, 0.7864312082529068, 0.0, 0.0, 0.0, 0.5811259925365447, 0.312563493847847, 0.31209079921245575, 0.8367817997932434, 0.8367817997932434, 0.22197052836418152, 0.4112117886543274, 0.24710118770599365, 0.40115952491760254, 0.3378634452819824, 0.07719860877841711]
[0.4642857142857143, 0.5, 0.3333333333333333, 0.42424242424242425, 0.6153846153846154, 0.5869565217391305, 0.0, 0.0, 0.45792158247180015, 0.45794041548814646, 0.4499927458298138, 0.5449676914613466, 0.39162339908736093, 0.39162339908736093, 0.7836368456482887, 0.0, 0.0, 0.0, 0.5825199872255324, 0.3054979741573334, 0.3037698417901993, 0.8397680521011353, 0.8397680521011353, 0.22067931294441223, 0.4117282748222351, 0.24283654987812042, 0.40286538004875183, 0.31689906120300293, 0.103877829387784]
[0.4642857142857143, 0.5, 0.3333333333333333, 0.42424242424242425, 0.6153846153846154, 0.5869565217391305, 0.0, 0.0, 0.4540936707538583, 0.4541114296329637, 0.46233990212927356, 0.5324255058865196, 0.44326403311320717, 0.44326403311320717, 0.7803152725100517, 0.0, 0.0, 0.0, 0.5848039180040359, 0.3047042191028595, 0.30410876870155334, 0.8439508080482483, 0.8439508080482483, 0.23225146532058716, 0.4070994138717651, 0.24817200005054474, 0.4007311999797821, 0.30848416686058044, 0.07838486693799496]
[0.4642857142857143, 0.5, 0.3333333333333333, 0.42424242424242425, 0.6153846153846154, 0.5869565217391305, 0.4936958849430084, 0.49195578694343567, 0.3218236188359744, 0.32184113553559573, 0.4929471415098949, 0.5032980835865783, 0.5715940254075187, 0.5715940254075187, 0.7645772248506546, 0.0, 0.0, 0.0, 0.5846307873725891, 0.2736239582300186, 0.27465979754924774, 0.8398534655570984, 0.8398534655570984, 0.24075864255428314, 0.4036965429782867, 0.2563681900501251, 0.39745272397994996, 0.260989248752594, 0.0767132081091404]
[0.4642857142857143, 0.5, 0.3333333333333333, 0.42424242424242425, 0.6153846153846154, 0.5869565217391305, 0.16662810742855072, 0.16600701212882996, 0.42109085816042374, 0.42110846603349794, 0.48319860312724433, 0.512435997028829, 0.5450345150062016, 0.5450345150062016, 0.7641479223966599, 0.0, 0.0, 0.0, 0.5823508203029633, 0.28766585886478424, 0.2894899696111679, 0.8357028961181641, 0.8357028961181641, 0.24210390448570251, 0.403158438205719, 0.25738686323165894, 0.3970452547073364, 0.25327590107917786, 0.06895390804857016]
[0.4642857142857143, 0.5, 0.3333333333333333, 0.42424242424242425, 0.6153846153846154, 0.5869565217391305, 0.0640658587217331, 0.06350438296794891, 0.4426684632583968, 0.4426860597347894, 0.47953599742676056, 0.5159327696153306, 0.5016339250973293, 0.5016339250973293, 0.7669524326920509, 0.0, 0.0, 0.0, 0.5817381352186203, 0.2903710752725601, 0.29097528755664825, 0.8353988528251648, 0.8353988528251648, 0.2343015819787979, 0.40627936720848085, 0.24950557947158813, 0.40019776821136477, 0.2508043944835663, 0.09500273503363132]
[0.4642857142857143, 0.5, 0.3333333333333333, 0.42424242424242425, 0.6153846153846154, 0.5869565217391305, 0.02197062037885189, 0.02164987474679947, 0.4482113248303561, 0.4482289725918159, 0.47951307870006016, 0.5157512404216129, 0.4703207101140704, 0.4703207101140704, 0.776054821908474, 0.0, 0.0, 0.0, 0.5824864208698273, 0.29865455627441406, 0.2958422005176544, 0.8365631103515625, 0.8365631103515625, 0.2273828387260437, 0.4090468645095825, 0.24201028048992157, 0.40319588780403137, 0.2512354850769043, 0.11467669159173965]
[0.4642857142857143, 0.5, 0.3333333333333333, 0.42424242424242425, 0.6153846153846154, 0.5869565217391305, 0.017987070605158806, 0.0176826361566782, 0.4472403674463013, 0.4472580778895099, 0.48358288498499197, 0.5114920440818288, 0.4705999578748431, 0.4705999578748431, 0.7801501080393791, 0.0, 0.0, 0.0, 0.5852209001779556, 0.29761193692684174, 0.29202479124069214, 0.8396934866905212, 0.8396934866905212, 0.22272154688835144, 0.4109113812446594, 0.23495087027549744, 0.40601965188980105, 0.254738450050354, 0.1523787807673216]
[0.4642857142857143, 0.5, 0.3333333333333333, 0.42424242424242425, 0.6153846153846154, 0.5869565217391305, 0.015376357361674309, 0.015124712139368057, 0.4474769055729386, 0.44749465020619206, 0.4873341013095119, 0.507645501638639, 0.48838755914143156, 0.48838755914143156, 0.7839523330330849, 0.0, 0.0, 0.0, 0.5856676310300827, 0.29826347529888153, 0.29220275580883026, 0.8394200801849365, 0.8394200801849365, 0.22213372588157654, 0.4111465096473694, 0.23165525496006012, 0.407337898015976, 0.25574058294296265, 0.16906922683119774]
[0.4642857142857143, 0.5, 0.3333333333333333, 0.42424242424242425, 0.6153846153846154, 0.5869565217391305, 0.01683967188000679, 0.016548242419958115, 0.4475038131381996, 0.4475215463747714, 0.4817619830312966, 0.5131737241730813, 0.48621786492211483, 0.48621786492211483, 0.7879427969455719, 0.0, 0.0, 0.0, 0.5856584101915359, 0.29688093066215515, 0.29073162376880646, 0.8387286067008972, 0.8387286067008972, 0.21859318017959595, 0.4125627279281616, 0.22678476572036743, 0.40928609371185304, 0.24635931849479675, 0.17423545941710472]
[0.4642857142857143, 0.5, 0.3333333333333333, 0.42424242424242425, 0.6153846153846154, 0.5869565217391305, 0.01683826930820942, 0.016692019999027252, 0.45463295887806676, 0.45465066932127535, 0.4693022175455185, 0.5256023496509687, 0.5935858402933394, 0.5935858402933394, 0.7900867611169815, 0.0, 0.0, 0.0, 0.5932305961847305, 0.2904432415962219, 0.2826453894376755, 0.8482977747917175, 0.8482977747917175, 0.22339126467704773, 0.4106434941291809, 0.2322174608707428, 0.4071130156517029, 0.24642686545848846, 0.18048668280243874]
[0.4642857142857143, 0.5, 0.3333333333333333, 0.42424242424242425, 0.6153846153846154, 0.5869565217391305, 0.0, 0.0, 0.47017631168347246, 0.47019397938912505, 0.4407831444111199, 0.5541774484269371, 0.5938846937247685, 0.5938846937247685, 0.7908008024096489, 0.0, 0.0, 0.0, 0.5986460238695144, 0.28983187675476074, 0.2829630523920059, 0.8562904000282288, 0.8562904000282288, 0.2259901463985443, 0.40960394144058226, 0.23879824578762054, 0.40448070168495176, 0.24855422973632812, 0.18801245838403702]
[0.4642857142857143, 0.5, 0.3333333333333333, 0.42424242424242425, 0.6153846153846154, 0.5869565217391305, 0.0, 0.0, 0.4745947709502955, 0.47461260105866093, 0.4199113187096999, 0.5752600903898029, 0.5604856780597142, 0.5604856780597142, 0.7917640879750252, 0.0, 0.0, 0.0, 0.59947971701622, 0.2963310778141022, 0.29102376103401184, 0.8579733967781067, 0.8579733967781067, 0.22438965737819672, 0.4102441370487213, 0.24269059300422668, 0.4029237627983093, 0.25126609206199646, 0.18622435629367828]
[0.4642857142857143, 0.5, 0.3333333333333333, 0.42424242424242425, 0.6153846153846154, 0.5869565217391305, 0.0, 0.0, 0.4769676355627253, 0.47698546994484636, 0.40725818145343495, 0.5880026688032757, 0.5479181025709425, 0.5479181025709425, 0.7914207950234413, 0.0, 0.0, 0.0, 0.5977469712495803, 0.2987843304872513, 0.29554079473018646, 0.8562871813774109, 0.8562871813774109, 0.22150163352489471, 0.4113993465900421, 0.24459761381149292, 0.40216095447540284, 0.25260618329048157, 0.18068697303533554]
[0.4642857142857143, 0.5, 0.3333333333333333, 0.42424242424242425, 0.6153846153846154, 0.5869565217391305, 0.0, 0.0, 0.4823266045541198, 0.4823444132937072, 0.4053368149022527, 0.589932753815883, 0.526669238294874, 0.526669238294874, 0.7928645834326744, 0.0, 0.0, 0.0, 0.5912037849426269, 0.3137703835964203, 0.31034745275974274, 0.848286509513855, 0.848286509513855, 0.21877755224704742, 0.41248897910118104, 0.24412646889686584, 0.40234941244125366, 0.2842847406864166, 0.17359735444188118]
[0.4642857142857143, 0.5, 0.3333333333333333, 0.42424242424242425, 0.6153846153846154, 0.5869565217391305, 0.0, 0.0, 0.4898406283406409, 0.4898583544542867, 0.40195662751936323, 0.593496333749932, 0.5010473515306201, 0.5010473515306201, 0.7964809238910675, 0.0, 0.0, 0.0, 0.5865496188402175, 0.3208331763744354, 0.3186850994825363, 0.8429084420204163, 0.8429084420204163, 0.2158416509628296, 0.4136633396148682, 0.24263852834701538, 0.40294458866119387, 0.2873462736606598, 0.16653839498758316]
[0.4642857142857143, 0.5, 0.3333333333333333, 0.42424242424242425, 0.6153846153846154, 0.5869565217391305, 0.0, 0.0, 0.49738779492377094, 0.49740541526196563, 0.3913974310654299, 0.6044211072579346, 0.45693499701363705, 0.45693499701363705, 0.7993120923638344, 0.0, 0.0, 0.0, 0.5852668166160583, 0.3294001370668411, 0.32681412994861603, 0.8413583040237427, 0.8413583040237427, 0.21085341274738312, 0.41565863490104676, 0.23989790678024292, 0.40404083728790285, 0.2777029275894165, 0.16064541414380074]
[0.4642857142857143, 0.5, 0.3333333333333333, 0.42424242424242425, 0.6153846153846154, 0.5869565217391305, 0.0, 0.0, 0.5058149911790916, 0.505832528179052, 0.39517524866939274, 0.6006904861616537, 0.4506132006645203, 0.4506132006645203, 0.803748369216919, 0.0, 0.0, 0.0, 0.575609990954399, 0.3327283263206482, 0.3300957977771759, 0.8283759355545044, 0.8283759355545044, 0.20553278923034668, 0.4177868843078613, 0.23522469401359558, 0.40591012239456176, 0.27588000893592834, 0.15690205618739128]
[0.4642857142857143, 0.5, 0.3333333333333333, 0.42424242424242425, 0.6153846153846154, 0.5869565217391305, 0.0, 0.0, 0.502934117525474, 0.5029511931379028, 0.5352414114753329, 0.46210825962449986, 0.46375398124967304, 0.46375398124967304, 0.8154109418392181, 0.0, 0.0, 0.0, 0.5584982842206955, 0.33497093617916107, 0.33188575506210327, 0.8083268404006958, 0.8083268404006958, 0.19863364100456238, 0.42054654359817506, 0.22445528209209442, 0.4102178871631622, 0.24868951737880707, 0.15065371058881283]
[0.4642857142857143, 0.5, 0.3333333333333333, 0.42424242424242425, 0.6153846153846154, 0.5869565217391305, 0.0, 0.0, 0.5110001255175808, 0.5110169990169843, 0.5565870827060356, 0.44159597643424126, 0.46697431377002174, 0.46697431377002174, 0.8169112578034401, 0.0, 0.0, 0.0, 0.5471791207790374, 0.34316347539424896, 0.33930256962776184, 0.7947091460227966, 0.7947091460227966, 0.19225791096687317, 0.42309683561325073, 0.2140110284090042, 0.4143955886363983, 0.22473442554473877, 0.14613641425967216]
[0.4642857142857143, 0.5, 0.3333333333333333, 0.42424242424242425, 0.6153846153846154, 0.5869565217391305, 0.0, 0.0, 0.5189112246492397, 0.5189279734974381, 0.5727436966467542, 0.4259909789780535, 0.43607526591845924, 0.43607526591845924, 0.8206700459122658, 0.0, 0.0, 0.0, 0.5349305719137192, 0.3608151823282242, 0.3600582033395767, 0.7823976874351501, 0.7823976874351501, 0.18522043526172638, 0.42591182589530946, 0.2012573629617691, 0.41949705481529237, 0.21675647795200348, 0.14283785596489906]
[0.4642857142857143, 0.5, 0.3333333333333333, 0.42424242424242425, 0.6153846153846154, 0.5869565217391305, 0.0, 0.0, 0.5218416875794558, 0.5218583395558607, 0.5951718303942999, 0.40428454009291726, 0.3434129059314728, 0.3434129059314728, 0.8542953953146935, 0.0, 0.0, 0.0, 0.48662704229354853, 0.3893148824572563, 0.39203450828790665, 0.716742992401123, 0.716742992401123, 0.1596810519695282, 0.4361275792121887, 0.16366547346115112, 0.43453381061553953, 0.17312300205230713, 0.13746965676546097]
[0.4642857142857143, 0.5, 0.3333333333333333, 0.42424242424242425, 0.6153846153846154, 0.5869565217391305, 0.445494145154953, 0.4396512508392334, 0.36015780478089077, 0.36016802760428723, 0.46253885115081905, 0.5337310698423918, 0.28496103627341135, 0.28496103627341135, 0.866879478096962, 0.0, 0.0, 0.0, 0.430737829208374, 0.37723810970783234, 0.3870151564478874, 0.6238636374473572, 0.6238636374473572, 0.14353424310684204, 0.4425863027572632, 0.1498592346906662, 0.44005630612373353, 0.14036159217357635, 0.11336380615830421]
[0.4642857142857143, 0.5, 0.3333333333333333, 0.42424242424242425, 0.6153846153846154, 0.5869565217391305, 0.047249723225831985, 0.04570736363530159, 0.46638856472066437, 0.46639928045054013, 0.45020638232477306, 0.5452179768351656, 0.22245209131922042, 0.22245209131922042, 0.8795138821005821, 0.0, 0.0, 0.0, 0.3800466865301132, 0.396814301609993, 0.4105765148997307, 0.5672174692153931, 0.5672174692153931, 0.13493742048740387, 0.44602503180503844, 0.139927938580513, 0.45883632676545966, 0.1204889640212059, 0.10662763379514217]
[0.4642857142857143, 0.5, 0.3333333333333333, 0.42424242424242425, 0.6153846153846154, 0.5869565217391305, 0.0, 0.0, 0.4793742742410809, 0.4793851110606987, 0.45107978411431976, 0.5438677115325895, 0.17583099326917104, 0.17583099326917104, 0.8913488239049911, 0.0, 0.0, 0.0, 0.2120909586548805, 0.44864196702837944, 0.4557763412594795, 0.3253727853298187, 0.3253727853298187, 0.12786491215229034, 0.44885403513908384, 0.12719455361366272, 0.48149057599001155, 0.06430549919605255, 0.10260813869535923]
[0.4642857142857143, 0.5, 0.3333333333333333, 0.42424242424242425, 0.6153846153846154, 0.5869565217391305, 0.0, 0.0, 0.47022930910208943, 0.47024012740209953, 0.4491748686730292, 0.5458241720278856, 0.13348348438739777, 0.13348348438739777, 0.8946378417313099, 0.0, 0.0, 0.0, 0.08973096832633018, 0.47774440981447697, 0.4808405563235283, 0.14067037403583527, 0.14067037403583527, 0.1184142455458641, 0.45263430178165437, 0.10784076899290085, 0.5034543955048849, 0.04137029871344566, 0.05221738014370203]
[0.4642857142857143, 0.5, 0.3333333333333333, 0.42424242424242425, 0.6153846153846154, 0.5869565217391305, 0.0, 0.0, 0.45777663947519337, 0.4577873751492619, 0.4492173953904248, 0.5460126389515281, 0.11873767312083926, 0.11873767312083926, 0.8966870009899139, 0.0, 0.0, 0.0, 0.06577321402728557, 0.48157077096402645, 0.484779748134315, 0.10675597190856934, -0.0, 0.11784786731004715, 0.4528608530759811, 0.10568800568580627, 0.5219244402508403, 0.03604426980018616, 0.024404118303209543]
[0.4642857142857143, 0.5, 0.3333333333333333, 0.42424242424242425, 0.6153846153846154, 0.5869565217391305, 0.0, 0.0, 0.4422297821901952, 0.44224042099247013, 0.4454530885525005, 0.5500118670118876, 0.10162689856120519, 0.10162689856120519, 0.8993284106254578, 0.0, 0.0, 0.0, 0.05685196928679943, 0.4833693876862526, 0.4866882674396038, 0.0, -0.0, 0.12144187837839127, 0.45142324864864347, 0.10798529535531998, 0.5290096928906995, 0.031440116465091705, 0.011623437749221921]
[0.4642857142857143, 0.5, 0.3333333333333333, 0.42424242424242425, 0.6153846153846154, 0.5869565217391305, 0.0, 0.0, 0.4354702108904691, 0.43548082120104, 0.4440118812922082, 0.55149823896522, 0.0727038537817342, 0.0727038537817342, 0.9214670844376087, 0.0, 0.0, 0.0, 0.04476374592632055, 0.4876250857487321, 0.4896793011575937, 0.0, -0.0, 0.10921723395586014, 0.45631310641765593, 0.09810540825128555, 0.5963645043761231, 0.026632560417056084, 0.0]
[0.4642857142857143, 0.5, 0.3333333333333333, 0.42424242424242425, 0.6153846153846154, 0.5869565217391305, 0.0, 0.0, 0.4295397310822233, 0.42955034709113504, 0.44279705771524636, 0.5527128940849819, 0.05318669868367059, 0.05318669868367059, 0.9401753470301628, 0.0, 0.0, 0.0, 0.03183721378445625, 0.49066491052508354, 0.4919501869007945, 0.0, -0.0, 0.07655002176761627, 0.4693799912929535, 0.07094394415616989, 0.626418843518856, 0.021416213363409042, 0.0]
[0.4642857142857143, 0.5, 0.3333333333333333, 0.42424242424242425, 0.6153846153846154, 0.5869565217391305, 0.0, 0.0, 0.42251065675432775, 0.4225212385731947, 0.4537291364961555, 0.5417041412794289, 0.045821147837809155, 0.045821147837809155, 0.9461102411150932, 0.0, 0.0, 0.0, 0.026676207967102527, 0.49246407812461257, 0.493593443185091, 0.0, -0.0, 0.062380027025938034, 0.47504798918962476, 0.0, 0.6976744186046512, 0.01792243868112564, 0.0]
[0.4642857142857143, 0.5, 0.3333333333333333, 0.42424242424242425, 0.6153846153846154, 0.5869565217391305, 0.0, 0.0, 0.4503199046702048, 0.45033007620853405, 0.6234079068295131, 0.3769446759054761, 0.044566152085150995, 0.044566152085150995, 0.9481146559119225, 0.0, 0.0, 0.0, 0.026381141133606432, 0.49353236658498645, 0.4945493093691766, 0.0, -0.0, 0.05716937035322189, 0.4771322518587112, 0.0, 0.6976744186046512, 0.016574591398239136, 0.0]
[0.4642857142857143, 0.5, 0.3333333333333333, 0.42424242424242425, 0.6153846153846154, 0.5869565217391305, 0.0, 0.0, 0.4832030848722841, 0.48321327065646535, 0.6211227126148873, 0.3796181778556252, 0.044851736830813546, 0.044851736830813546, 0.9508040565997362, 0.0, 0.0, 0.0, 0.02629906106740236, 0.49428131338208914, 0.4951934586279094, 0.0, -0.0, 0.05701231211423874, 0.4771950751543045, 0.0, 0.6976744186046512, 0.015910087153315544, 0.0]
[0.4642857142857143, 0.5, 0.3333333333333333, 0.42424242424242425, 0.6153846153846154, 0.5869565217391305, 0.0, 0.0, 0.5056496534646128, 0.5056598292766976, 0.6258600966196444, 0.3753187455314473, 0.04771088383027486, 0.04771088383027486, 0.9518560580909252, 0.0, 0.0, 0.0, 0.027200688794255256, 0.4945845673792064, 0.4954865579493344, 0.0, -0.0, 0.060817357152700424, 0.47567305713891983, 0.0, 0.6976744186046512, 0.01673995703458786, 0.0]
[0.4642857142857143, 0.5, 0.3333333333333333, 0.42424242424242425, 0.6153846153846154, 0.5869565217391305, 0.0, 0.0, 0.5160232343021816, 0.5160335953103424, 0.5607659210438483, 0.43803082090896084, 0.05487253091164998, 0.05487253091164998, 0.9503499139100313, 0.0, 0.0, 0.0, 0.030015442334115502, 0.49438173696398735, 0.4953454378992319, 0.0, -0.0, 0.06657374650239944, 0.47337050139904024, 0.0, 0.6976744186046512, 0.018489740788936615, 0.0]
[0.4642857142857143, 0.5, 0.3333333333333333, 0.42424242424242425, 0.6153846153846154, 0.5869565217391305, 0.0, 0.0, 0.5062314041998829, 0.5062422239244782, 0.4351889920736134, 0.5603124364333623, 0.05533552063362939, 0.05533552063362939, 0.9508066084235907, 0.0, 0.0, 0.0, 0.030219732411205767, 0.4945344217121601, 0.4953791396692395, 0.0, -0.0, 0.06545275449752808, 0.47381889820098877, 0.0, 0.6976744186046512, 0.01885210908949375, 0.0]
[0.4642857142857143, 0.5, 0.3333333333333333, 0.42424242424242425, 0.6153846153846154, 0.5869565217391305, 0.0, 0.0, 0.5128606295152558, 0.5128714606365328, 0.43329885812835983, 0.5622060755705008, 0.05491606625063079, 0.05491606625063079, 0.9514153022319078, 0.0, 0.0, 0.0, 0.02987983003258705, 0.49470545211806893, 0.4954219460487366, 0.0, -0.0, 0.06419628858566284, 0.47432148456573486, 0.0, 0.6976744186046512, 0.01902548409998417, 0.0]
[0.4642857142857143, 0.5, 0.3333333333333333, 0.42424242424242425, 0.6153846153846154, 0.5869565217391305, 0.0, 0.0, 0.5229046076365228, 0.5229154857691114, 0.4272166144095689, 0.5682153157084161, 0.05504453288657325, 0.05504453288657325, 0.9520305525511503, 0.0, 0.0, 0.0, 0.0304425410926342, 0.49486851412802935, 0.4955407837405801, 0.0, -0.0, 0.0647110715508461, 0.47411557137966154, 0.0, 0.6976744186046512, 0.020016781985759735, 0.0]
[0.4642857142857143, 0.5, 0.3333333333333333, 0.42424242424242425, 0.6153846153846154, 0.5869565217391305, 0.0, 0.0, 0.5251594966501852, 0.5251704004253074, 0.43187209616199734, 0.5633654685373237, 0.0553105931196894, 0.0553105931196894, 0.9532194379717112, 0.0, 0.0, 0.0, 0.030755084753036496, 0.49508048919960856, 0.4957501203753054, 0.0, -0.0, 0.06480016559362411, 0.47407993376255037, 0.0, 0.6976744186046512, 0.0206300038844347, 0.0]
[0.4642857142857143, 0.5, 0.3333333333333333, 0.42424242424242425, 0.6153846153846154, 0.5869565217391305, 0.0, 0.0, 0.5214202211988131, 0.5214311192755945, 0.4297668099631315, 0.5654758704216435, 0.0559961423277855, 0.0559961423277855, 0.9535083211958408, 0.0, 0.0, 0.0, 0.031443167664110656, 0.49522397853434086, 0.49588277423754334, 0.0, -0.0, 0.0652054101228714, 0.47391783595085146, 0.0, 0.6976744186046512, 0.02137867733836174, 0.0]
[0.4642857142857143, 0.5, 0.3333333333333333, 0.42424242424242425, 0.6153846153846154, 0.5869565217391305, 0.0, 0.0, 0.5209872398959975, 0.5209981465202901, 0.4308767156892707, 0.5642939219973461, 0.055965754602636614, 0.055965754602636614, 0.9542337842285633, 0.0, 0.0, 0.0, 0.031689338758587836, 0.49535156413912773, 0.4960209592245519, 0.0, -0.0, 0.06500516086816788, 0.47399793565273285, 0.0, 0.6976744186046512, 0.02172674424946308, 0.0]
[0.4642857142857143, 0.5, 0.3333333333333333, 0.42424242424242425, 0.6153846153846154, 0.5869565217391305, 0.0, 0.0, 0.5191911841327784, 0.5192020850587301, 0.4297207502744394, 0.5655064754977914, 0.055288009877715795, 0.055288009877715795, 0.9545944910496473, 0.0, 0.0, 0.0, 0.03179917000234127, 0.4954519495368004, 0.49605837650597095, 0.0, -0.0, 0.06475625932216644, 0.4740974962711334, 0.0, 0.6976744186046512, 0.02167225256562233, 0.0]
[0.4642857142857143, 0.5, 0.3333333333333333, 0.42424242424242425, 0.6153846153846154, 0.5869565217391305, 0.0, 0.0, 0.5206694106640825, 0.5206803187129603, 0.4311469595017442, 0.5640232557953607, 0.05489893257617951, 0.05489893257617951, 0.9552081059664488, 0.0, 0.0, 0.0, 0.031801270507276054, 0.4955253922380507, 0.49612985947169363, 0.0, -0.0, 0.06409675627946854, 0.4743612974882126, 0.0, 0.6976744186046512, 0.021863779053092003, 0.0]
[0.4642857142857143, 0.5, 0.3333333333333333, 0.42424242424242425, 0.6153846153846154, 0.5869565217391305, 0.0, 0.0, 0.5211358084619387, 0.5211467136616461, 0.43145563862291847, 0.5637343306848647, 0.05487622427088874, 0.05487622427088874, 0.955389866605401, 0.0, 0.0, 0.0, 0.03164156042039394, 0.49552415683865547, 0.4961422048509121, 0.0, -0.0, 0.06369364261627197, 0.4745225429534912, 0.0, 0.6976744186046512, 0.02180464379489422, 0.0]

程序已被终止，正在关闭套接字...
套接字已关闭。
