face_1,face_2,face_3,face_4,face_5,face_6,face_7,face_8,face_9,face_10,face_11,face_12,face_13,face_14,face_15,face_16,face_17,face_18,face_19,face_20,face_21,face_22,face_23,face_24,face_25,face_26,face_27,face_28,face_29,neck_1,neck_2,neck_3
0.4642857142857143,0.5,0.3333333333333333,0.42424242424242425,0.6153846153846154,0.5869565217391305,0.0,0.0,0.4039954710644928,0.40401872029495967,0.5111725138603616,0.4809691180639873,0.20577462656157358,0.20577462656157358,0.8664911016821861,0.0,0.0,0.0,0.044427023641765116,0.44101620092988014,0.47185796312987804,0.0,-0.0,0.08974522352218628,0.4641019105911255,0.0,0.6976744186046512,0.05693361535668373,0.0,-0.02371098,0.04097934,-0.03704087
0.4642857142857143,0.5,0.3333333333333333,0.42424242424242425,0.6153846153846154,0.5869565217391305,0.0,0.0,0.44769745415528917,0.44769943717788785,0.48145279390862067,0.5155475503805212,0.08688543257968767,0.08688543257968767,0.9295616559684277,0.0,0.0,0.0,0.07040448188781738,0.4785127602517605,0.4802252072840929,0.10431905090808868,-0.0,0.0,0.5,0.0,0.6976744186046512,0.036421917378902435,0.0,-0.03679945,0.03550678,-0.04068745
0.4642857142857143,0.5,0.3333333333333333,0.42424242424242425,0.6153846153846154,0.5869565217391305,0.16136959195137024,0.16036616265773773,0.3495835761039252,0.34959981637520726,0.47069148158024193,0.5225588601309706,0.11010150824274337,0.11010150824274337,0.8818127550184727,0.0,0.0,0.0,0.19450611025094985,0.46157805249094963,0.4635776951909065,0.2836989760398865,0.2836989760398865,0.07895315438508987,0.46841873824596403,0.07665535807609558,0.5762275187082069,0.04251416400074959,0.025071841664612293,-0.06003417,0.04775596,-0.04042367
0.4642857142857143,0.5,0.3333333333333333,0.42424242424242425,0.6153846153846154,0.5869565217391305,0.1407017707824707,0.1397821009159088,0.3565630976602179,0.3565793379314999,0.4710825074243272,0.5221096969648661,0.11113709637096951,0.11113709637096951,0.882346723228693,0.0,0.0,0.0,0.2098340541124344,0.45721039548516273,0.4585132636129856,0.30661797523498535,0.30661797523498535,0.08486682921648026,0.4660532683134079,0.08334475010633469,0.5331063201261121,0.04417288303375244,0.03447898896411061,-0.02221119,0.05444518,-0.02040395
0.4642857142857143,0.5,0.3333333333333333,0.42424242424242425,0.6153846153846154,0.5869565217391305,0.11189055442810059,0.11103992909193039,0.36212479224852345,0.36214097553639746,0.46715298859156795,0.5262877973675449,0.15251964862857548,0.15251964862857548,0.8745496310293674,0.0,0.0,0.0,0.3225122109055519,0.42335329204797745,0.4252321943640709,0.47089681029319763,0.47089681029319763,0.11380462348461151,0.4544781506061554,0.11661303043365479,0.4533547878265381,0.06408904492855072,0.06268628407269716,-0.02093517,0.04822776,-0.02119639
0.4642857142857143,0.5,0.3333333333333333,0.42424242424242425,0.6153846153846154,0.5869565217391305,0.6108031272888184,0.6029317378997803,0.2736314286693332,0.27364722447003276,0.4683964434818829,0.5277032680716108,0.23290058331830163,0.23290058331830163,0.848526269197464,0.0,0.0,0.0,0.3696285367012024,0.39161577820777893,0.39842938631772995,0.5397084951400757,0.5397084951400757,0.12304946035146713,0.45078021585941314,0.12632660567760468,0.44946935772895813,0.08310800045728683,0.07167716044932604,-0.02306212,0.02938735,-0.01935361
0.4642857142857143,0.5,0.3333333333333333,0.42424242424242425,0.6153846153846154,0.5869565217391305,0.21661750972270966,0.2164912223815918,0.37984552666060556,0.37986143642812115,0.4585936419366651,0.5352890688711502,0.24753054337842126,0.24753054337842126,0.8353365361690521,0.0,0.0,0.0,0.3733121156692505,0.39583907276391983,0.39887963980436325,0.5427939295768738,0.5427939295768738,0.12903620302677155,0.4483855187892914,0.13196948170661926,0.4472122073173523,0.08320261538028717,0.07733994629234076,-0.06902629,0.00797346,-0.01506597
0.4642857142857143,0.5,0.3333333333333333,0.42424242424242425,0.6153846153846154,0.5869565217391305,0.10548759251832962,0.10515189915895462,0.4177758142095679,0.41779162710528983,0.44761743235542484,0.5460129131841791,0.22539694394384113,0.22539694394384113,0.8430436104536057,0.0,0.0,0.0,0.3798062354326248,0.40179096907377243,0.40556134283542633,0.5515413284301758,0.5515413284301758,0.1319287121295929,0.44722851514816286,0.13592754304409027,0.4456289827823639,0.08117491751909256,0.08381734602153301,-0.09023391,0.00268738,-0.01721689
0.4642857142857143,0.5,0.3333333333333333,0.42424242424242425,0.6153846153846154,0.5869565217391305,0.06971737742424011,0.0692390725016594,0.42432413092078947,0.4243399666098746,0.44574122515508824,0.5476798587907062,0.2710592320987157,0.2710592320987157,0.8445862680673599,0.0,0.0,0.0,0.3840946346521377,0.396498903632164,0.40136653929948807,0.5566304922103882,0.5566304922103882,0.13297498226165771,0.4468100070953369,0.13921155035495758,0.44431537985801695,0.08565102517604828,0.08817240595817566,-0.0899488,0.00110211,-0.02320085
0.4642857142857143,0.5,0.3333333333333333,0.42424242424242425,0.6153846153846154,0.5869565217391305,0.060808468610048294,0.06034564971923828,0.42971565595776356,0.4297314802501671,0.45159567770037096,0.541669056595119,0.2722463011741638,0.2722463011741638,0.8381761983036995,0.0,0.0,0.0,0.43806257545948024,0.3891037702560425,0.3917229175567627,0.632541298866272,0.632541298866272,0.13363198935985565,0.44654720425605776,0.142335444688797,0.4430658221244812,0.09603770822286606,0.09030860848724842,-0.0946414,0.00189241,-0.0207005
0.4642857142857143,0.5,0.3333333333333333,0.42424242424242425,0.6153846153846154,0.5869565217391305,0.12152409553527832,0.12109699845314026,0.4220586757586973,0.4220745741295313,0.4741025653669529,0.5190288006866817,0.26895551809242796,0.26895551809242796,0.8332870602607727,0.0,0.0,0.0,0.443879234790802,0.3863011822104454,0.38881638646125793,0.6407020092010498,0.6407020092010498,0.13416102528572083,0.44633558988571165,0.1440308690071106,0.4423876523971558,0.0997626781463623,0.09281518869102001,-0.10217299,0.0198332,-0.00481998
0.4642857142857143,0.5,0.3333333333333333,0.42424242424242425,0.6153846153846154,0.5869565217391305,0.6902645826339722,0.6793296933174133,0.29649251095423507,0.29650844351511385,0.5046178509782195,0.49071619838368546,0.3599677554198674,0.3599677554198674,0.8058009296655655,0.0,0.0,0.0,0.4435894459486007,0.35012735426425934,0.3511631637811661,0.6368621587753296,0.6368621587753296,0.1424056887626648,0.44303772449493406,0.15135762095451355,0.4394569516181946,0.09789039939641953,0.08852527476847172,-0.10180473,0.03526682,0.02326971
0.4642857142857143,0.5,0.3333333333333333,0.42424242424242425,0.6153846153846154,0.5869565217391305,0.20133627951145172,0.20116613805294037,0.3890281863239938,0.38904825588029385,0.5097512871197943,0.48401726882676044,0.37910780736378263,0.37910780736378263,0.8061732947826385,0.0,0.0,0.0,0.4480571717023849,0.353593647480011,0.3596133440732956,0.6421636343002319,0.6421636343002319,0.14814899861812592,0.44074040055274966,0.1572267860174179,0.43710928559303286,0.09694010764360428,0.09212393313646317,-0.09653336,0.06250659,0.03666873
0.4642857142857143,0.5,0.3333333333333333,0.42424242424242425,0.6153846153846154,0.5869565217391305,0.14592593908309937,0.14559510350227356,0.39772717082021797,0.3977473087566077,0.5485415269494285,0.44531437174033434,0.3669605936322894,0.3669605936322894,0.7985237836837769,0.0,0.0,0.0,0.4575866788625717,0.3534224182367325,0.3584347665309906,0.6521565914154053,0.6521565914154053,0.15286996960639954,0.4388520121574402,0.15977449715137482,0.4360902011394501,0.09421397000551224,0.09487141855061054,-0.08345395,0.08688421,0.05985599
0.4642857142857143,0.5,0.3333333333333333,0.42424242424242425,0.6153846153846154,0.5869565217391305,0.1335340440273285,0.13305822014808655,0.39989881989604886,0.39991904900589137,0.5660649734063085,0.4278965611252178,0.3666277229785919,0.3666277229785919,0.7948497012257576,0.0,0.0,0.0,0.4581003963947296,0.35086363554000854,0.3557965010404587,0.6521062850952148,0.6521062850952148,0.15481489896774292,0.4380740404129028,0.1597411185503006,0.43610355257987976,0.09230004251003265,0.09517221711575985,-0.07500938,0.11740135,0.09585884
0.4642857142857143,0.5,0.3333333333333333,0.42424242424242425,0.6153846153846154,0.5869565217391305,0.1144973561167717,0.11380894482135773,0.3983372579797048,0.3983574642961841,0.5761730493140722,0.4180622164144976,0.36996877619198393,0.36996877619198393,0.7866295576095581,0.0,0.0,0.0,0.4540629833936691,0.34360621869564056,0.3503514528274536,0.6445327401161194,0.6445327401161194,0.15595409274101257,0.43761836290359496,0.15587086975574493,0.437651652097702,0.0896444171667099,0.09472617879509926,-0.05829083,0.15714002,0.09626936
0.4642857142857143,0.5,0.3333333333333333,0.42424242424242425,0.6153846153846154,0.5869565217391305,0.10795699805021286,0.10668998956680298,0.39828993895769577,0.3983100768940855,0.5721594172727538,0.42213053543248047,0.36534668079444343,0.36534668079444343,0.7866460755467415,0.0,0.0,0.0,0.44913035631179804,0.3513348549604416,0.35727059841156006,0.6393105387687683,0.6393105387687683,0.15680374205112457,0.4372785031795502,0.15430915355682373,0.4382763385772705,0.08932478725910187,0.08874434977769852,-0.05616485,0.15292345,0.08387416
0.4642857142857143,0.5,0.3333333333333333,0.42424242424242425,0.6153846153846154,0.5869565217391305,0.10408662259578705,0.10269957780838013,0.3957036672085239,0.39572380514491357,0.5600239115964842,0.43412296716792587,0.37082127162388395,0.37082127162388395,0.7879987955093384,0.0,0.0,0.0,0.45310606062412256,0.34770897030830383,0.35218818485736847,0.6452313661575317,0.6452313661575317,0.15647190809249878,0.4374112367630005,0.1538827270269394,0.43844690918922424,0.08776399493217468,0.08579941466450691,-0.04741804,0.13966502,0.06766509
0.4642857142857143,0.5,0.3333333333333333,0.42424242424242425,0.6153846153846154,0.5869565217391305,0.9111759066581726,0.9076640605926514,0.3024203581290309,0.30243984645456934,0.5222127008506491,0.47412731400816616,0.43876096606254583,0.43876096606254583,0.7850045338273048,0.0,0.0,0.0,0.4514403641223907,0.32350631058216095,0.31930118799209595,0.6401605010032654,0.6401605010032654,0.15415853261947632,0.43833658695220945,0.15341821312904358,0.43863271474838256,0.08522114157676697,0.08659419603645802,-0.04541212,0.12089504,0.05112243
0.4642857142857143,0.5,0.3333333333333333,0.42424242424242425,0.6153846153846154,0.5869565217391305,0.31889474391937256,0.3183760941028595,0.3274773872149378,0.3274973086143771,0.49554074168148277,0.4990675897894074,0.4387918114662171,0.4387918114662171,0.7793087512254715,0.0,0.0,0.0,0.43949232697486873,0.3361267000436783,0.341047078371048,0.6259870529174805,0.6259870529174805,0.1566924899816513,0.4373230040073395,0.15903453528881073,0.4363861858844757,0.08608558773994446,0.0865476205945015,-0.03387241,0.09785765,0.00607917
0.4642857142857143,0.5,0.3333333333333333,0.42424242424242425,0.6153846153846154,0.5869565217391305,0.21503770351409912,0.2149152010679245,0.3646849428034649,0.3647048869962674,0.4642517353562962,0.5298162840697729,0.41430532932281494,0.41430532932281494,0.7943596616387367,0.0,0.0,0.0,0.44686937332153315,0.34828589856624603,0.3489691913127899,0.643024742603302,0.643024742603302,0.16018891334533691,0.43592443466186526,0.16718512773513794,0.4331259489059448,0.09427183121442795,0.09076563641428947,-0.02826723,0.07031749,-0.01371017
0.4642857142857143,0.5,0.3333333333333333,0.42424242424242425,0.6153846153846154,0.5869565217391305,0.09240064769983292,0.0920276865363121,0.4184137548588886,0.41843364206828304,0.47193855491696535,0.5218556934236745,0.41063521589551655,0.41063521589551655,0.8090007603168488,0.0,0.0,0.0,0.44785256087779995,0.3693956583738327,0.3713809698820114,0.6452286243438721,0.6452286243438721,0.16268528997898102,0.4349258840084076,0.1733776181936264,0.43064895272254944,0.1047743558883667,0.09011350572109222,-0.00867576,0.01381522,-0.01971802
0.4642857142857143,0.5,0.3333333333333333,0.42424242424242425,0.6153846153846154,0.5869565217391305,0.0,0.0,0.4761988353660868,0.47621439183647274,0.47916257945574947,0.5159517194476634,0.43093415243285044,0.43093415243285044,0.823714055120945,0.0,0.0,0.0,0.5310724437236786,0.374447226524353,0.37699923664331436,0.7779424786567688,0.7779424786567688,0.18930533528327942,0.42427786588668825,0.20883308351039886,0.4164667665958405,0.23800507187843323,0.002697815652936697,0.0059191,0.00458627,-0.01839549
0.4642857142857143,0.5,0.3333333333333333,0.42424242424242425,0.6153846153846154,0.5869565217391305,0.0,0.0,0.46034777928036896,0.4603635408910237,0.4749620802999682,0.519750928622992,0.45486439551625935,0.45486439551625935,0.8025243580341339,0.0,0.0,0.0,0.5454579740762711,0.36308129131793976,0.37056873738765717,0.8003700375556946,0.8003700375556946,0.22826863825321198,0.4086925446987152,0.2421327382326126,0.40314690470695497,0.4133321940898895,0.0,0.01454653,-0.01197048,-0.01536648
0.4642857142857143,0.5,0.3333333333333333,0.42424242424242425,0.6153846153846154,0.5869565217391305,0.0,0.0,0.45488116435749354,0.4548969630073635,0.47545194101607136,0.519258107618843,0.4896765095846994,0.4896765095846994,0.7926415950059891,0.0,0.0,0.0,0.5577894061803818,0.34127064049243927,0.3532777279615402,0.8163771033287048,0.8163771033287048,0.25067195296287537,0.39973121881484985,0.26222649216651917,0.3951094031333923,0.47859957814216614,0.0,0.01099989,-0.02663329,-0.02540769
0.4642857142857143,0.5,0.3333333333333333,0.42424242424242425,0.6153846153846154,0.5869565217391305,0.0,0.0,0.4453748617299884,0.44539071451409595,0.47879453502011343,0.5159378525353249,0.5438013587679182,0.5438013587679182,0.779648020863533,0.0,0.0,0.0,0.5683003693819045,0.3040832579135895,0.31935781240463257,0.8313902616500854,0.8313902616500854,0.2661174535751343,0.3935530185699463,0.27479779720306396,0.3900808811187744,0.5036833882331848,0.0,-0.02035936,-0.04095537,-0.0315886
0.4642857142857143,0.5,0.3333333333333333,0.42424242424242425,0.6153846153846154,0.5869565217391305,0.0,0.0,0.441692474239415,0.4417083555152266,0.47875173620694456,0.5159062837272889,0.5554932143007006,0.5554932143007006,0.7772160172462463,0.0,0.0,0.0,0.5721679478883743,0.29396145045757294,0.3100764900445938,0.8354291319847107,0.8354291319847107,0.2691526412963867,0.3923389434814453,0.27664676308631897,0.3893412947654724,0.5383917689323425,0.0,-0.06877305,-0.04732986,-0.03841477
0.4642857142857143,0.5,0.3333333333333333,0.42424242424242425,0.6153846153846154,0.5869565217391305,0.0,0.0,0.458707600205168,0.45872340170420833,0.4590681114342655,0.5354998348269312,0.5160366211618697,0.5160366211618697,0.7980232611298561,0.0,0.0,0.0,0.5781933069229126,0.3256448954343796,0.3321516811847687,0.8419911861419678,0.8419911861419678,0.29438257217407227,0.3822469711303711,0.2974923551082611,0.38100305795669553,0.6556089520454407,0.0,-0.10023776,-0.0534124,-0.03911294
0.4642857142857143,0.5,0.3333333333333333,0.42424242424242425,0.6153846153846154,0.5869565217391305,0.0,0.0,0.49659633367228007,0.4966119417838795,0.4351640732292919,0.5593148161565547,0.4981588891574315,0.4981588891574315,0.805846817791462,0.0,0.0,0.0,0.5805556148290634,0.33345353603363037,0.32832498848438263,0.8421179056167603,0.8421179056167603,0.3294214606285095,0.3682314157485962,0.34278416633605957,0.3628863334655762,0.6929394602775574,0.031217187643051147,-0.10876074,-0.05587975,-0.03010669
0.4642857142857143,0.5,0.3333333333333333,0.42424242424242425,0.6153846153846154,0.5869565217391305,0.1984879970550537,0.19379344582557678,0.41304143323041287,0.4130575595348788,0.4251929512443324,0.5693078856572544,0.5895188663687025,0.5895188663687025,0.7848213613033295,0.0,0.0,0.0,0.6013011455535888,0.2989567965269089,0.290799081325531,0.8602025508880615,0.8602025508880615,0.34847491979599,0.360610032081604,0.3700507581233978,0.3519796967506409,0.6629135012626648,0.02796516055241227,-0.1048729,-0.05326925,-0.01339734
0.4642857142857143,0.5,0.3333333333333333,0.42424242424242425,0.6153846153846154,0.5869565217391305,0.3090773820877075,0.30702877044677734,0.3631071748058837,0.3631235632340265,0.4128965814072589,0.5815472208012535,0.624538723911558,0.624538723911558,0.7559600323438644,0.0,0.0,0.0,0.6052654176950454,0.28848254680633545,0.28419244289398193,0.8633694052696228,0.8633694052696228,0.3734798729419708,0.35060805082321167,0.3960537910461426,0.34157848358154297,0.6315839886665344,0.021818012464791536,-0.11946436,-0.0513347,-0.00692177
0.4642857142857143,0.5,0.3333333333333333,0.42424242424242425,0.6153846153846154,0.5869565217391305,0.1282166689634323,0.1274016946554184,0.4189195623817225,0.41893593371484295,0.3982596009912728,0.5954842369774737,0.6067230658871787,0.6067230658871787,0.7546661794185638,0.0,0.0,0.0,0.6064378827810287,0.3070581704378128,0.30233198404312134,0.8651334643363953,0.8651334643363953,0.3687794506549835,0.3524882197380066,0.39815717935562134,0.3407371282577515,0.6230728626251221,0.08435062132775784,-0.17104103,-0.00735267,-0.00190758
0.4642857142857143,0.5,0.3333333333333333,0.42424242424242425,0.6153846153846154,0.5869565217391305,0.02362312376499176,0.02325299382209778,0.43733470230211946,0.43734971173178855,0.39597024698786254,0.5975385287245141,0.5532281313623701,0.5532281313623701,0.7600892633199692,0.0,0.0,0.0,0.6025388240814209,0.32561105489730835,0.31853877007961273,0.8612192273139954,0.8612192273139954,0.35454586148262024,0.3581816554069519,0.39094823598861694,0.3436207056045532,0.6124152541160583,0.08953439071774483,-0.20236723,0.0055573,-0.01320551
0.4642857142857143,0.5,0.3333333333333333,0.42424242424242425,0.6153846153846154,0.5869565217391305,0.017360391095280647,0.01717497408390045,0.4385353199154651,0.4385503977252238,0.4012736699777169,0.5918444132435112,0.5256382056644985,0.5256382056644985,0.7588103860616684,0.0,0.0,0.0,0.5995022684335708,0.32100893557071686,0.3172682970762253,0.858198344707489,0.858198344707489,0.3501608371734619,0.35993566513061526,0.38669392466545105,0.3453224301338196,0.5953624844551086,0.06098800804466009,-0.23135082,0.01011025,-0.03123769
0.4642857142857143,0.5,0.3333333333333333,0.42424242424242425,0.6153846153846154,0.5869565217391305,0.016592828556895256,0.01634768582880497,0.44225504863330556,0.4422700580629746,0.4076543301059001,0.5854110178203878,0.5149253564221519,0.5149253564221519,0.7577063888311386,0.0,0.0,0.0,0.5969256907701492,0.3214706927537918,0.3173643946647644,0.8556905388832092,0.8556905388832092,0.3462277352809906,0.36150890588760376,0.3812757432460785,0.3474897027015686,0.5847257375717163,0.022258746903389692,-0.23850699,0.01355799,-0.04849827
0.4642857142857143,0.5,0.3333333333333333,0.42424242424242425,0.6153846153846154,0.5869565217391305,0.0,0.0,0.46410984097201785,0.4641245085012389,0.4262263510468813,0.5670092312493648,0.5113074396337782,0.5113074396337782,0.7437496110796928,0.0,0.0,0.0,0.5890503227710724,0.2954953610897064,0.2809179872274399,0.8439733982086182,0.8439733982086182,0.3260645270347595,0.3695741891860962,0.34838029742240906,0.3606478810310364,0.5784015655517578,0.08521345444023609,-0.23105318,0.01710225,-0.06230457
0.4642857142857143,0.5,0.3333333333333333,0.42424242424242425,0.6153846153846154,0.5869565217391305,0.0,0.0,0.48876529872189517,0.48877958588686776,0.44823096131275536,0.5451695188572889,0.5236014723777771,0.5236014723777771,0.7412217408418655,0.0,0.0,0.0,0.5839878529310226,0.3102518618106842,0.29065558314323425,0.8370411396026611,0.8370411396026611,0.31418055295944214,0.37432777881622314,0.32720375061035156,0.36911849975585936,0.5617634057998657,0.102965347468853,-0.23551592,0.01654277,-0.06237948
0.4642857142857143,0.5,0.3333333333333333,0.42424242424242425,0.6153846153846154,0.5869565217391305,0.0,0.0,0.5018626177259659,0.5018767448031766,0.454602814655231,0.5387449316444584,0.5351711171013969,0.5351711171013969,0.763840951025486,0.0,0.0,0.0,0.5796036154031753,0.3320842534303665,0.31113725900650024,0.8302496075630188,0.8302496075630188,0.31577131152153015,0.3736914753913879,0.32385385036468506,0.37045845985412595,0.5628641843795776,0.13486170209944248,-0.22664588,0.01876121,-0.0516223
0.4642857142857143,0.5,0.3333333333333333,0.42424242424242425,0.6153846153846154,0.5869565217391305,0.0,0.0,0.5099995488703365,0.5100135895820694,0.45229091231727236,0.5409788094510033,0.5391277372837067,0.5391277372837067,0.7651142477989197,0.0,0.0,0.0,0.5797493755817413,0.331317663192749,0.3097980469465256,0.8300530314445496,0.8300530314445496,0.31590527296066284,0.37363789081573484,0.32178995013237,0.37128401994705196,0.5248394012451172,0.15159963630139828,-0.22227082,0.02292675,-0.03409336
0.4642857142857143,0.5,0.3333333333333333,0.42424242424242425,0.6153846153846154,0.5869565217391305,0.0,0.0,0.5199415473477562,0.5199554099863392,0.4422161004739327,0.5513176065478858,0.5364084882395609,0.5364084882395609,0.767173707485199,0.0,0.0,0.0,0.5781605750322342,0.33986783027648926,0.3187074512243271,0.827906608581543,0.827906608581543,0.3123924136161804,0.37504303455352783,0.3165450692176819,0.37338197231292725,0.526368260383606,0.15983043238520622,-0.19705887,0.02011099,-0.02628655
0.4642857142857143,0.5,0.3333333333333333,0.42424242424242425,0.6153846153846154,0.5869565217391305,0.0,0.0,0.5185805057704335,0.5185942971797564,0.43287277039332783,0.5611020366423622,0.5325307590620859,0.5325307590620859,0.771644689142704,0.0,0.0,0.0,0.5768210709095001,0.34334008395671844,0.32342223823070526,0.8259906768798828,0.8259906768798828,0.30838626623153687,0.37664549350738524,0.31303730607032776,0.37478507757186885,0.5289344787597656,0.15619918704032898,-0.15715857,0.00408379,-0.02098648
0.4642857142857143,0.5,0.3333333333333333,0.42424242424242425,0.6153846153846154,0.5869565217391305,0.0,0.0,0.5160462256827273,0.5160578360521086,0.42975498590597005,0.5644590143270242,0.5320397019386292,0.5320397019386292,0.777394600212574,0.0,0.0,0.0,0.5694849342107773,0.3637333810329437,0.34685420989990234,0.8143026828765869,0.8143026828765869,0.3034742772579193,0.37861028909683225,0.3088982105255127,0.37644071578979493,0.5371284484863281,0.15264690853655338,-0.11730128,-0.00053793,-0.02297596
0.4642857142857143,0.5,0.3333333333333333,0.42424242424242425,0.6153846153846154,0.5869565217391305,0.0,0.0,0.5143866109916403,0.5143982113889253,0.42782431966260104,0.5665893817729243,0.5334384313651493,0.5334384313651493,0.7755921259522438,0.0,0.0,0.0,0.5699552178382873,0.346448078751564,0.32829974591732025,0.8160045146942139,0.8160045146942139,0.3014851212501526,0.37940595149993894,0.30791357159614563,0.37683457136154175,0.5347281694412231,0.14875078573822975,-0.08486255,0.000597,-0.02267421
0.4642857142857143,0.5,0.3333333333333333,0.42424242424242425,0.6153846153846154,0.5869565217391305,0.0,0.0,0.5158329581553348,0.5158444331891222,0.4289583863537353,0.5660009775124768,0.49212864467075895,0.49212864467075895,0.7708039432764053,0.0,0.0,0.0,0.5699563026428223,0.3495510518550873,0.3334004878997803,0.8166411519050598,0.8166411519050598,0.2909987270832062,0.3836005091667175,0.30274254083633423,0.3789029836654663,0.5626041293144226,0.14240052551031113,-0.06977346,0.00729994,-0.01744003
0.4642857142857143,0.5,0.3333333333333333,0.42424242424242425,0.6153846153846154,0.5869565217391305,0.0,0.0,0.5117747045440838,0.5117861938237233,0.4307301714588989,0.5644557249597969,0.48144068036760607,0.48144068036760607,0.7714274749159813,0.0,0.0,0.0,0.5691075474023819,0.35967738926410675,0.34738150238990784,0.814994752407074,0.814994752407074,0.2740844786167145,0.3903662085533142,0.287743479013443,0.3849026083946228,0.5863909125328064,0.14199687168002129,-0.0331718,0.02361125,-0.01252657
0.4642857142857143,0.5,0.3333333333333333,0.42424242424242425,0.6153846153846154,0.5869565217391305,0.3043322265148163,0.29099687933921814,0.41059143160314904,0.41060412180811223,0.44130805277231777,0.5545556275397603,0.5620889578546797,0.5620889578546797,0.753717228770256,0.0,0.0,0.0,0.5775754064321518,0.3198164850473404,0.3038947880268097,0.8219128251075745,0.8219128251075745,0.30305615067481995,0.378777539730072,0.3055497705936432,0.37778009176254274,0.5598569512367249,0.002338496269658208,-0.10305844,0.02433897,-0.02709859
0.4642857142857143,0.5,0.3333333333333333,0.42424242424242425,0.6153846153846154,0.5869565217391305,0.013821510598063469,0.013594591990113258,0.4636392235527987,0.463651338225341,0.4288716234167037,0.5666053677557481,0.5480943407331195,0.5480943407331195,0.7524102032184601,0.0,0.0,0.0,0.5801162272691727,0.3415742367506027,0.3365502208471298,0.8281686902046204,0.8281686902046204,0.30228927731513977,0.3790842890739441,0.31248417496681213,0.37500633001327516,0.6145246624946594,0.055702426470816135,-0.12870553,0.01833666,-0.05140395
0.4642857142857143,0.5,0.3333333333333333,0.42424242424242425,0.6153846153846154,0.5869565217391305,0.0,0.0,0.46191629602166023,0.46192846482844013,0.42633484175738595,0.569040361377928,0.5233100482395717,0.5233100482395717,0.7494671940803528,0.0,0.0,0.0,0.5870135813951491,0.3213624358177185,0.3211616575717926,0.8439725637435913,0.8439725637435913,0.2964635193347931,0.38141459226608276,0.31472593545913696,0.3741096258163452,0.6321225166320801,0.03700451459735632,-0.17153296,0.01462378,-0.07217662
0.4642857142857143,0.5,0.3333333333333333,0.42424242424242425,0.6153846153846154,0.5869565217391305,0.0,0.0,0.46022351841169834,0.4602357100118415,0.4261184358687975,0.5692047114987168,0.5231045612267086,0.5231045612267086,0.7483928427100182,0.0,0.0,0.0,0.5874893933534622,0.3156028389930725,0.3187801092863083,0.8449183702468872,0.8449183702468872,0.2952795624732971,0.3818881750106812,0.3144380748271942,0.3742247700691223,0.6284727454185486,0.028731164056807756,-0.18934068,0.00906772,-0.07399999
0.4642857142857143,0.5,0.3333333333333333,0.42424242424242425,0.6153846153846154,0.5869565217391305,0.0,0.0,0.43837085440327517,0.4383833166746063,0.43123988804352215,0.5641003863995613,0.554946426834379,0.554946426834379,0.738790825009346,0.0,0.0,0.0,0.6031074285507202,0.2923276424407959,0.2964063435792923,0.8675076961517334,0.8675076961517334,0.2781462073326111,0.3887415170669556,0.30786022543907166,0.37685590982437134,0.6091610193252563,0.0,-0.2100411,-0.01809449,-0.03814414
0.4642857142857143,0.5,0.3333333333333333,0.42424242424242425,0.6153846153846154,0.5869565217391305,0.011893458664417267,0.011288321577012539,0.42449381611315284,0.42450643793802645,0.436687034585052,0.5587999646545774,0.583809209721429,0.583809209721429,0.7366479188203812,0.0,0.0,0.0,0.6091693580150603,0.28160005807876587,0.28416702151298523,0.8745178580284119,0.8745178580284119,0.2646128535270691,0.3941548585891724,0.2999822795391083,0.3800070881843567,0.5869420766830444,0.026691965758800507,-0.21603154,-0.03081539,0.01632666
0.4642857142857143,0.5,0.3333333333333333,0.42424242424242425,0.6153846153846154,0.5869565217391305,0.0,0.0,0.4641472904677601,0.4641496039941252,0.4789289147174609,0.5166161060966401,0.5394167346613749,0.5394167346613749,0.7509868741035461,0.0,0.0,0.0,0.6086112886667251,0.29623349010944366,0.29356661438941956,0.8757513761520386,0.8757513761520386,0.2627549469470978,0.3948980212211609,0.29330572485923767,0.3826777100563049,0.5548597574234009,0.026552516501396894,-0.16294455,-0.01162445,0.09363378
0.4642857142857143,0.5,0.3333333333333333,0.42424242424242425,0.6153846153846154,0.5869565217391305,0.0,0.0,0.4964562000753091,0.49645801927060973,0.4552343817103661,0.5403515731348768,0.5899162377629962,0.5899162377629962,0.7482839524745941,0.0,0.0,0.0,0.6025078654289245,0.305460125207901,0.30001969635486603,0.8681343793869019,0.8681343793869019,0.2778468430042267,0.38886126279830935,0.3026244044303894,0.37895023822784424,0.5191043019294739,0.028315959498286247,-0.15265531,-0.00265358,0.11105658
0.4642857142857143,0.5,0.3333333333333333,0.42424242424242425,0.6153846153846154,0.5869565217391305,0.0,0.0,0.5105399659783161,0.5105415636506181,0.4401422178312196,0.5556663413284656,0.5951011180877686,0.5951011180877686,0.743269681930542,0.0,0.0,0.0,0.598271182179451,0.3032167851924896,0.29955707490444183,0.8641592860221863,0.8641592860221863,0.2803671061992645,0.3878531575202942,0.3063737154006958,0.37745051383972167,0.5084275007247925,0.008911071345210075,-0.15165673,0.02806624,0.0909031
0.4642857142857143,0.5,0.3333333333333333,0.42424242424242425,0.6153846153846154,0.5869565217391305,0.0,0.0,0.5305483320703014,0.5305496113478112,0.425388734837563,0.570678739777436,0.5746532338006156,0.5746532338006156,0.7390857040882111,0.0,0.0,0.0,0.5812659740447997,0.30861884355545044,0.30944767594337463,0.8435656428337097,0.8435656428337097,0.2864548861980438,0.38541804552078246,0.31314390897750854,0.37474243640899657,0.4918891191482544,0.0,-0.15448193,0.04639724,0.05649846
0.4642857142857143,0.5,0.3333333333333333,0.42424242424242425,0.6153846153846154,0.5869565217391305,0.0,0.0,0.5367958989015729,0.5367970898548002,0.4234690379002354,0.5725394631612318,0.5715787836483547,0.5715787836483547,0.7385455295443535,0.0,0.0,0.0,0.5745142132043838,0.3115486353635788,0.31333838403224945,0.8342552185058594,0.8342552185058594,0.309162974357605,0.37633481025695803,0.3297313451766968,0.3681074619293213,0.4915412664413452,0.0,-0.14681573,0.09237493,0.08585481
0.4642857142857143,0.5,0.3333333333333333,0.42424242424242425,0.6153846153846154,0.5869565217391305,0.0,0.0,0.5393130811177066,0.5393142378808892,0.4246278695804895,0.5714219800664129,0.5710777853216444,0.5710777853216444,0.7383484393358231,0.0,0.0,0.0,0.5740036875009537,0.31171323359012604,0.3134157657623291,0.8334735631942749,0.8334735631942749,0.31686264276504517,0.3732549428939819,0.33608782291412354,0.3655648708343506,0.4937054216861725,0.0,-0.13842459,0.12180375,0.09615742
0.4642857142857143,0.5,0.3333333333333333,0.42424242424242425,0.6153846153846154,0.5869565217391305,0.10116326808929443,0.10049106180667877,0.4706930628698141,0.470695282373556,0.4278993554142647,0.5678321208091762,0.6798349959509714,0.6798349959509714,0.7325020655989647,0.0,0.0,0.0,0.5810469895601272,0.27066972851753235,0.2582717835903168,0.8275716304779053,0.8275716304779053,0.32826781272888184,0.36869287490844727,0.35612764954566956,0.35754894018173217,0.4389210045337677,0.11416995897889137,-0.12565819,0.17940095,0.0882611
0.4642857142857143,0.5,0.3333333333333333,0.42424242424242425,0.6153846153846154,0.5869565217391305,0.0,0.0,0.5044113299301888,0.5044130355148196,0.46710840762231365,0.5281267431173857,0.6315012276172638,0.6315012276172638,0.7321823015809059,0.0,0.0,0.0,0.5785682111978531,0.28199928998947144,0.26274222135543823,0.8251693844795227,0.8251693844795227,0.31989189982414246,0.372043240070343,0.33322450518608093,0.3667101979255676,0.43218594789505005,0.1404248084872961,-0.11636507,0.19728951,0.07847848
0.4642857142857143,0.5,0.3333333333333333,0.42424242424242425,0.6153846153846154,0.5869565217391305,0.0,0.0,0.4986606577934829,0.4986624639894436,0.49371390383740454,0.5012025586455041,0.6252273065703257,0.6252273065703257,0.7320540472865105,0.0,0.0,0.0,0.5763514548540115,0.2820431739091873,0.26208411157131195,0.821625828742981,0.821625828742981,0.30683356523513794,0.3772665739059448,0.3125579357147217,0.3749768257141113,0.40612950921058655,0.1446691621094942,-0.11359378,0.21102957,0.06303355
0.4642857142857143,0.5,0.3333333333333333,0.42424242424242425,0.6153846153846154,0.5869565217391305,0.0,0.0,0.48728271509675636,0.48729077967357454,0.5370575752586525,0.4577581120671957,0.6507953788552966,0.6507953788552966,0.7337283194065094,0.0,0.0,0.0,0.574563530087471,0.27676793932914734,0.2577524036169052,0.8170689940452576,0.8170689940452576,0.2990945279598236,0.38036218881607053,0.2971477210521698,0.3811409115791321,0.3721126914024353,0.14585739001631737,-0.12478331,0.16717632,0.03151134
0.4642857142857143,0.5,0.3333333333333333,0.42424242424242425,0.6153846153846154,0.5869565217391305,0.0,0.0,0.4849729781283019,0.4849811011131133,0.5433220861062948,0.4515611322563825,0.6513138754027231,0.6513138754027231,0.7344100326299667,0.0,0.0,0.0,0.5751110225915909,0.27691303193569183,0.25784482061862946,0.817367672920227,0.817367672920227,0.298598051071167,0.3805607795715332,0.2951606810092926,0.38193572759628297,0.3695611357688904,0.14602749608457088,-0.1297142,0.11719304,-0.01450653
0.4642857142857143,0.5,0.3333333333333333,0.42424242424242425,0.6153846153846154,0.5869565217391305,0.0,0.0,0.4878777985249149,0.48788583888378473,0.5062558101935323,0.4883509139891058,0.6110465739454543,0.6110465739454543,0.7379513531923294,0.0,0.0,0.0,0.5794840157032013,0.2941911816596985,0.27320727705955505,0.8226882815361023,0.8226882815361023,0.2966674864292145,0.3813330054283142,0.29153871536254883,0.38338451385498046,0.40877455472946167,0.14531956054270267,-0.13110442,0.06484406,-0.05025154
0.4642857142857143,0.5,0.3333333333333333,0.42424242424242425,0.6153846153846154,0.5869565217391305,0.0,0.0,0.4882180144009581,0.4882260390893907,0.5054019932451713,0.4892205662704056,0.5999306270054409,0.5999306270054409,0.7384616807103157,0.0,0.0,0.0,0.5802897334098815,0.3006083071231842,0.2801177650690079,0.8241502046585083,0.8241502046585083,0.29637232422828674,0.3814510703086853,0.29277077317237854,0.38289169073104856,0.4101825952529907,0.1448764093220234,-0.13717933,0.0339667,-0.07677457
0.4642857142857143,0.5,0.3333333333333333,0.42424242424242425,0.6153846153846154,0.5869565217391305,0.0,0.0,0.4848840597938625,0.48489216140989594,0.5250588924433488,0.46977293828198785,0.6196084192820958,0.6196084192820958,0.7375155538320541,0.0,0.0,0.0,0.5830449491739272,0.2932002693414688,0.2704089432954788,0.8268035054206848,0.8268035054206848,0.2993556559085846,0.3802577376365662,0.29601263999938965,0.38159494400024413,0.4187917113304138,0.14658678323030472,-0.13601943,-0.00603976,-0.10222512
0.4642857142857143,0.5,0.3333333333333333,0.42424242424242425,0.6153846153846154,0.5869565217391305,0.7689425349235535,0.6878252625465393,0.33669007713434573,0.3367009723619567,0.5322581762109614,0.46430770520675657,0.6742187908717565,0.6742187908717565,0.7383823245763779,0.0,0.0,0.0,0.5822256088256835,0.2717495262622833,0.24230846762657166,0.8212945461273193,0.8212945461273193,0.339457243680954,0.3642171025276184,0.3120224177837372,0.3751910328865051,0.41700947284698486,0.14496144838631153,-0.13463077,-0.02000943,-0.11342943
0.4642857142857143,0.5,0.3333333333333333,0.42424242424242425,0.6153846153846154,0.5869565217391305,0.13143642246723175,0.12991555035114288,0.4346129980871372,0.43462217241582635,0.5646675237050248,0.4307986919049729,0.712352842092514,0.712352842092514,0.7380271404981613,0.0,0.0,0.0,0.5918684154748917,0.2617291957139969,0.23949602246284485,0.833742618560791,0.833742618560791,0.3528948128223419,0.35884207487106323,0.3235819339752197,0.37056722640991213,0.4502308666706085,0.15070988796651363,-0.11507185,-0.05711025,-0.13302827
0.4642857142857143,0.5,0.3333333333333333,0.42424242424242425,0.6153846153846154,0.5869565217391305,0.09482010453939438,0.0941842794418335,0.4449077402428505,0.4449167208279524,0.5701006067414585,0.42529835705040925,0.7043545799595969,0.7043545799595969,0.7380294501781464,0.0,0.0,0.0,0.5940726548433304,0.26342634856700897,0.24162521958351135,0.8368229269981384,0.8368229269981384,0.35148853063583374,0.3594045877456665,0.32243475317955017,0.37102609872817993,0.45666933059692383,0.15745941549539566,-0.1028921,-0.10707035,-0.18458813
0.4642857142857143,0.5,0.3333333333333333,0.42424242424242425,0.6153846153846154,0.5869565217391305,0.008927210234105587,0.00894758477807045,0.45925818529001383,0.4592668781089053,0.5696475772511207,0.4256616148797727,0.6639500600951059,0.6639500600951059,0.737272173166275,0.0,0.0,0.0,0.5974925428628921,0.2760205715894699,0.25216472148895264,0.841842532157898,0.841842532157898,0.3399540185928345,0.36401839256286617,0.31238117814064026,0.3750475287437439,0.4522826075553894,0.1795072853565216,-0.10875181,-0.13262282,-0.21125138
0.4642857142857143,0.5,0.3333333333333333,0.42424242424242425,0.6153846153846154,0.5869565217391305,0.0,0.0,0.46121054226764074,0.461219212293169,0.5695784164888225,0.4256828013108697,0.6510173848697118,0.6510173848697118,0.7363819926977158,0.0,0.0,0.0,0.5980502158403396,0.28182217478752136,0.2583485245704651,0.8430140018463135,0.8430140018463135,0.32908710837364197,0.3683651566505432,0.30517661571502686,0.3779293537139893,0.451945036649704,0.17866037786006927,-0.10958023,-0.13569047,-0.20898107
0.4642857142857143,0.5,0.3333333333333333,0.42424242424242425,0.6153846153846154,0.5869565217391305,0.0,0.0,0.4625830588787509,0.4625891076675109,0.5667135870479489,0.4285189680975158,0.6276857214314597,0.6276857214314597,0.735667496919632,0.0,0.0,0.0,0.5997133255004883,0.28840872645378113,0.2666027545928955,0.8472086787223816,0.8472086787223816,0.31707292795181274,0.3731708288192749,0.29414644837379456,0.38234142065048216,0.45332708954811096,0.17338158562779427,-0.11316616,-0.12900595,-0.17756
0.4642857142857143,0.5,0.3333333333333333,0.42424242424242425,0.6153846153846154,0.5869565217391305,0.0,0.0,0.46501407648363713,0.4650200454956259,0.5606983672136558,0.43459646509841976,0.6137966258185251,0.6137966258185251,0.7371768206357956,0.0,0.0,0.0,0.6017597049474716,0.30184441804885864,0.2791159301996231,0.8510982990264893,0.8510982990264893,0.3115040361881256,0.37539838552474974,0.2902693450450897,0.38389226198196413,0.45962852239608765,0.16804294660687447,-0.10534891,-0.11834204,-0.14647023
0.4642857142857143,0.5,0.3333333333333333,0.42424242424242425,0.6153846153846154,0.5869565217391305,0.9111550450325012,0.9104577898979187,0.38418670502948943,0.38419409007916716,0.5224205934180812,0.47466295234509176,0.6792817371232169,0.6792817371232169,0.7270670831203461,0.0,0.0,0.0,0.5932052075862884,0.29093822836875916,0.2600196599960327,0.834060549736023,0.834060549736023,0.3224959075450897,0.3710016369819641,0.30469051003456116,0.3781237959861755,0.4391365051269531,0.13557552359998226,-0.0786024,-0.07552586,-0.07280335
0.4642857142857143,0.5,0.3333333333333333,0.42424242424242425,0.6153846153846154,0.5869565217391305,0.5906652808189392,0.5895275473594666,0.3432584520051858,0.34326670320266517,0.5026675619640838,0.4938310539238717,0.6830147973128728,0.6830147973128728,0.7275692820549011,0.0,0.0,0.0,0.589072248339653,0.28060759603977203,0.26048845052719116,0.8282544016838074,0.8282544016838074,0.33249756693840027,0.36700097322463987,0.3168677091598511,0.37325291633605956,0.4324299991130829,0.1243877224624157,-0.0441346,-0.04529311,-0.04250056
0.4642857142857143,0.5,0.3333333333333333,0.42424242424242425,0.6153846153846154,0.5869565217391305,0.07431952655315399,0.07380381226539612,0.4603817413915412,0.4603877104035299,0.4598926898398317,0.5355639895968359,0.6343967573983329,0.6343967573983329,0.7611313089728355,0.0,0.0,0.0,0.5947780072689056,0.31884758174419403,0.30769045650959015,0.8440501689910889,0.8440501689910889,0.3062596023082733,0.37749615907669065,0.3151523768901825,0.37393904924392696,0.45993730425834656,0.12733583338558674,-0.02519772,-0.013933,-0.02556739
0.4642857142857143,0.5,0.3333333333333333,0.42424242424242425,0.6153846153846154,0.5869565217391305,0.010143091902136803,0.010124646127223969,0.4714620653575511,0.471467829229271,0.42121279695521807,0.5742029812157674,0.5777173808642796,0.5777173808642796,0.7606962099671364,0.0,0.0,0.0,0.5938072532415389,0.3273470550775528,0.32124944031238556,0.8467888832092285,0.8467888832092285,0.2883404493331909,0.38466382026672363,0.3101362884044647,0.3759454846382141,0.4644065499305725,0.12551598250865936,-0.01930953,0.00403782,-0.02308767
0.4642857142857143,0.5,0.3333333333333333,0.42424242424242425,0.6153846153846154,0.5869565217391305,0.0,0.0,0.47223784602167046,0.4722435814016864,0.39209535245001886,0.6037561792665818,0.5278988821165903,0.5278988821165903,0.7585276216268539,0.0,0.0,0.0,0.5862706780433654,0.3351195305585861,0.33336684107780457,0.8408758044242859,0.8408758044242859,0.28003382682800293,0.3879864692687988,0.30952730774879456,0.3761890769004822,0.47851040959358215,0.1130773313343525,-0.01967701,0.03025565,0.00098375
0.4642857142857143,0.5,0.3333333333333333,0.42424242424242425,0.6153846153846154,0.5869565217391305,0.3398283123970032,0.3379870653152466,0.43866935058943857,0.43867549340082174,0.40081202459608845,0.597701193561011,0.5903010708945139,0.5903010708945139,0.677058532834053,0.0,0.0,0.0,0.5772854924201964,0.30176180601119995,0.304733470082283,0.8268953561782837,0.8268953561782837,0.32453641295433044,0.3701854348182678,0.36082497239112854,0.35567001104354856,0.5196095705032349,0.0,-0.0243532,0.06675231,0.02015077
0.4642857142857143,0.5,0.3333333333333333,0.42424242424242425,0.6153846153846154,0.5869565217391305,0.9929285645484924,0.992948591709137,0.4285052371982407,0.42851151107146224,0.3967458139642019,0.6026820762156934,0.6268680095672607,0.6268680095672607,0.6431330144405365,0.0,0.0,0.0,0.5743504911661148,0.28229133784770966,0.29415424168109894,0.8221439123153687,0.8221439123153687,0.3548588752746582,0.35805644989013674,0.3940308094024658,0.34238767623901367,0.5213280916213989,0.0,-0.02866375,0.09990241,0.02584938
0.4642857142857143,0.5,0.3333333333333333,0.42424242424242425,0.6153846153846154,0.5869565217391305,0.5449204444885254,0.5435720682144165,0.3476267430795994,0.347634846120218,0.36431610060011677,0.6334729581621769,0.6103142244475229,0.6103142244475229,0.6921603381633759,0.0,0.0,0.0,0.5756334811449051,0.29081912338733673,0.30678677558898926,0.8257824778556824,0.8257824778556824,0.32534679770469666,0.3698612809181213,0.3897686004638672,0.3440925598144531,0.5013960003852844,0.0,-0.06125732,0.11323926,0.04091591
0.4642857142857143,0.5,0.3333333333333333,0.42424242424242425,0.6153846153846154,0.5869565217391305,0.054718855768442154,0.054599832743406296,0.44032662183787125,0.4403331236447249,0.32052428316659726,0.6772712944975724,0.5308087595871517,0.5308087595871517,0.729173019528389,0.0,0.0,0.0,0.5732734471559524,0.3223477154970169,0.3401907831430435,0.827509880065918,0.827509880065918,0.2763618528842926,0.38945525884628296,0.3504766821861267,0.3598093271255493,0.5026412010192871,0.0,-0.09499828,0.1227804,0.04260313
0.4642857142857143,0.5,0.3333333333333333,0.42424242424242425,0.6153846153846154,0.5869565217391305,0.0,0.0,0.44583523068327746,0.44584160712663345,0.29324058182608786,0.7055208076203936,0.4493011321340289,0.4493011321340289,0.7426518723368645,0.0,0.0,0.0,0.556886264681816,0.3367559611797333,0.3558730483055115,0.8126960396766663,0.8126960396766663,0.2509443759918213,0.3996222496032715,0.32205724716186523,0.37117710113525393,0.5384320616722107,0.0,-0.12128715,0.12461503,0.0417126
0.4642857142857143,0.5,0.3333333333333333,0.42424242424242425,0.6153846153846154,0.5869565217391305,0.0,0.0,0.4539009386221264,0.45390713841691754,0.278537859652284,0.7208343463413067,0.44353578771863666,0.44353578771863666,0.7471935302019119,0.0,0.0,0.0,0.5483019143342971,0.33459022641181946,0.35662655532360077,0.8032225966453552,0.8032225966453552,0.24417099356651306,0.4023316025733948,0.3153114914894104,0.37387540340423586,0.5430012941360474,0.0,-0.13755522,0.12846145,0.03330817
0.4642857142857143,0.5,0.3333333333333333,0.42424242424242425,0.6153846153846154,0.5869565217391305,0.0,0.0,0.45619498236001566,0.45620114226642117,0.29690338411932926,0.7016554065183239,0.4480785770075662,0.4480785770075662,0.7515013664960861,0.0,0.0,0.0,0.5505346924066543,0.3342127650976181,0.35638895630836487,0.8049402832984924,0.8049402832984924,0.2429988980293274,0.40280044078826904,0.31445762515068054,0.37421694993972776,0.5441888570785522,0.0,-0.15726606,0.13228597,0.02174004
0.4642857142857143,0.5,0.3333333333333333,0.42424242424242425,0.6153846153846154,0.5869565217391305,0.0,0.0,0.45502057426518283,0.4550267769091444,0.3207299932695028,0.6768437137972506,0.4675770657403129,0.4675770657403129,0.756239540874958,0.0,0.0,0.0,0.5551789075136184,0.3269292563199997,0.3546582907438278,0.8126453161239624,0.8126453161239624,0.24952951073646545,0.4001881957054138,0.3183637261390686,0.3726545095443725,0.5530155897140503,0.0,-0.20201057,0.14137068,0.00222279
0.4642857142857143,0.5,0.3333333333333333,0.42424242424242425,0.6153846153846154,0.5869565217391305,0.0,0.0,0.4490823390151073,0.4490886755700777,0.3509344133774591,0.6457691000656183,0.47502030219350544,0.47502030219350544,0.7531634718179703,0.0,0.0,0.0,0.5597064852714538,0.3129216432571411,0.3510782867670059,0.8225342035293579,0.8225342035293579,0.268135666847229,0.3927457332611084,0.3218885660171509,0.37124457359313967,0.556710422039032,0.0,-0.22321894,0.13749659,-0.00881261
0.4642857142857143,0.5,0.3333333333333333,0.42424242424242425,0.6153846153846154,0.5869565217391305,0.0,0.0,0.444903779895994,0.4449102076244172,0.3814721978189385,0.6145410699046087,0.4922308453491756,0.4922308453491756,0.7500628978013992,0.0,0.0,0.0,0.5617155849933624,0.2957938611507416,0.3432905524969101,0.8297006487846375,0.8297006487846375,0.2898891866207123,0.38404432535171507,0.32481029629707336,0.37007588148117065,0.5622337460517883,0.0,-0.22687733,0.13669717,-0.00782665
0.4642857142857143,0.5,0.3333333333333333,0.42424242424242425,0.6153846153846154,0.5869565217391305,0.031123030930757523,0.028838325291872025,0.4284805918742776,0.42848735580480807,0.4179180504942943,0.5776967721454449,0.5637647850172861,0.5637647850172861,0.7202722132205963,0.0,0.0,0.0,0.5933936715126037,0.2579117715358734,0.28694842755794525,0.8647371530532837,0.8647371530532837,0.29247841238975525,0.3830086350440979,0.322948694229126,0.3708205223083496,0.5347017049789429,0.0,-0.24423704,0.13422851,-0.02301843
0.4642857142857143,0.5,0.3333333333333333,0.42424242424242425,0.6153846153846154,0.5869565217391305,0.214747816324234,0.21368858218193054,0.38373516850444145,0.3837427814877512,0.43424104458971186,0.5619006181487567,0.6813850998878479,0.6813850998878479,0.690286785364151,0.0,0.0,0.0,0.6143333822488785,0.24948564171791077,0.263992577791214,0.8860821723937988,0.8860821723937988,0.29284706711769104,0.38286117315292356,0.3245527744293213,0.37017889022827144,0.5860230922698975,0.0,-0.24733094,0.12929073,-0.03466279
0.4642857142857143,0.5,0.3333333333333333,0.42424242424242425,0.6153846153846154,0.5869565217391305,0.6859856843948364,0.6830505132675171,0.27834717037572915,0.2783515011147377,0.46161778843881524,0.5360204794046249,0.6955915689468384,0.6955915689468384,0.6751168221235275,0.0,0.0,0.0,0.6144528567790984,0.2167835235595703,0.22624698281288147,0.8835328221321106,0.8835328221321106,0.32870912551879883,0.3685163497924805,0.3463346064090729,0.36146615743637084,0.6024655699729919,0.0,-0.24327394,0.10674378,-0.04457045
0.4642857142857143,0.5,0.3333333333333333,0.42424242424242425,0.6153846153846154,0.5869565217391305,0.26402801275253296,0.2636331021785736,0.3576467625269698,0.3576496686807782,0.4510064293731923,0.5450343677470556,0.7217121124267578,0.7217121124267578,0.6770175248384476,0.0,0.0,0.0,0.617749536037445,0.2307220995426178,0.24060887098312378,0.8853529095649719,0.8853529095649719,0.31409281492233276,0.3743628740310669,0.34068694710731506,0.36372522115707395,0.6011025905609131,0.0,-0.22293539,0.07912346,-0.0387101
0.4642857142857143,0.5,0.3333333333333333,0.42424242424242425,0.6153846153846154,0.5869565217391305,0.15390869975090027,0.15347690880298615,0.39209287937011134,0.39209512451638684,0.4617384735986334,0.5338422857843844,0.7022398284503393,0.7022398284503393,0.6861327886581421,0.0,0.0,0.0,0.621504732966423,0.2467980682849884,0.2487306296825409,0.8895200490951538,0.8895200490951538,0.2918582558631897,0.38325669765472414,0.3214836120605469,0.37140655517578125,0.5669001936912537,0.07409779354929924,-0.19415481,0.07358281,-0.04169267
0.4642857142857143,0.5,0.3333333333333333,0.42424242424242425,0.6153846153846154,0.5869565217391305,0.10649934411048889,0.10605543106794357,0.40135211333717946,0.4013541647398677,0.4815058098468452,0.5140231957804354,0.6875584168093546,0.6875584168093546,0.6991451978683472,0.0,0.0,0.0,0.6234617620706557,0.25578930974006653,0.250965878367424,0.8913692831993103,0.8913692831993103,0.28412461280822754,0.386350154876709,0.30367887020111084,0.37852845191955564,0.5091695785522461,0.11257419362664223,-0.17222907,0.08404683,-0.04191973
0.4642857142857143,0.5,0.3333333333333333,0.42424242424242425,0.6153846153846154,0.5869565217391305,0.10327333956956863,0.10283352434635162,0.4048213429934208,0.40482332601601945,0.4918502180286849,0.5037516943076779,0.67832493356296,0.67832493356296,0.711419478058815,0.0,0.0,0.0,0.6231240540742874,0.2626224458217621,0.25352929532527924,0.8899822235107422,0.8899822235107422,0.28311148285865784,0.38675540685653687,0.29724687337875366,0.38110125064849854,0.49453163146972656,0.130307050421834,-0.12216409,0.10218497,-0.02095546
0.4642857142857143,0.5,0.3333333333333333,0.42424242424242425,0.6153846153846154,0.5869565217391305,0.07610053569078445,0.0756477639079094,0.4086338236044743,0.40863574964366495,0.5021524075596784,0.49347276504768645,0.670156159571239,0.670156159571239,0.7194355577230453,0.0,0.0,0.0,0.621118751168251,0.263639360666275,0.2534727603197098,0.8862094879150391,0.8862094879150391,0.2839083671569824,0.38643665313720704,0.2914050817489624,0.383437967300415,0.4717324674129486,0.1475286576896906,-0.09245989,0.12441905,0.00326415
0.4642857142857143,0.5,0.3333333333333333,0.42424242424242425,0.6153846153846154,0.5869565217391305,0.014469713903963566,0.014166777022182941,0.4580190468928554,0.45801996432572434,0.549942754650663,0.4463172797212587,0.6728102266788483,0.6728102266788483,0.7568584680557251,0.0,0.0,0.0,0.615943545103073,0.27476800978183746,0.2636897414922714,0.8787676692008972,0.8787676692008972,0.2872367203235626,0.38510531187057495,0.2900451421737671,0.38398194313049316,0.4574998915195465,0.15254301019012928,-0.07880771,0.13601656,0.01078366
0.4642857142857143,0.5,0.3333333333333333,0.42424242424242425,0.6153846153846154,0.5869565217391305,0.0,0.0,0.48856916539299783,0.48856947096652326,0.5797831419549071,0.41711830905422376,0.6231733305113657,0.6231733305113657,0.7635325044393539,0.0,0.0,0.0,0.6039282083511353,0.29139570891857147,0.277009516954422,0.8620121479034424,0.8620121479034424,0.2977513372898102,0.3808994650840759,0.2907325327396393,0.3837069869041443,0.39748281240463257,0.1540040597319603,-0.06955827,0.12945198,0.00877957
0.4642857142857143,0.5,0.3333333333333333,0.42424242424242425,0.6153846153846154,0.5869565217391305,0.0,0.0,0.49156117610220246,0.49156142041856427,0.5818449669084859,0.4150327847012548,0.6211361927645548,0.6211361927645548,0.7638518363237381,0.0,0.0,0.0,0.6000801354646682,0.2914552092552185,0.27678488194942474,0.8550001978874207,0.8550001978874207,0.3011914789676666,0.37952340841293336,0.29201313853263855,0.3831947445869446,0.3741101920604706,0.1557633001357317,-0.06256528,0.11432402,0.00064833
0.4642857142857143,0.5,0.3333333333333333,0.42424242424242425,0.6153846153846154,0.5869565217391305,0.0,0.0,0.49367809403922774,0.4936809182793871,0.5755477760763514,0.4204443963895514,0.6522066678319659,0.6522066678319659,0.756214439868927,0.0,0.0,0.0,0.5898924648761749,0.2704722285270691,0.24823331832885742,0.8352779150009155,0.8352779150009155,0.32909125089645386,0.36836349964141846,0.3092609643936157,0.3762956142425537,0.34527647495269775,0.16386942937970161,-0.04909378,0.09780924,-0.01397404
0.4642857142857143,0.5,0.3333333333333333,0.42424242424242425,0.6153846153846154,0.5869565217391305,0.3353523910045624,0.33359381556510925,0.3853988332912525,0.3854031754269427,0.5255897698165354,0.47022709034546334,0.7052093531404223,0.7052093531404223,0.7446813359856606,0.0,0.0,0.0,0.5863389372825623,0.24449822306632996,0.2210995852947235,0.8273723721504211,0.8273723721504211,0.33083149790763855,0.3676674008369446,0.31582269072532654,0.3736709237098694,0.26878008246421814,0.16441186890006065,-0.042676,0.09045522,-0.02262988
0.4642857142857143,0.5,0.3333333333333333,0.42424242424242425,0.6153846153846154,0.5869565217391305,0.24558033049106598,0.2448868602514267,0.40176254203169115,0.40176673601052043,0.5246015578565361,0.4708871519537724,0.7132055716855186,0.7132055716855186,0.744741752743721,0.0,0.0,0.0,0.5859789490699767,0.24676457047462463,0.2252810001373291,0.8265842199325562,0.8265842199325562,0.33071622252464294,0.3677135109901428,0.31667861342430115,0.37332855463027953,0.26755189895629883,0.16477014869451523,-0.0417639,0.07276039,-0.03629106
0.4642857142857143,0.5,0.3333333333333333,0.42424242424242425,0.6153846153846154,0.5869565217391305,0.0,0.0,0.4757083321620584,0.4757114634003284,0.5275126293330074,0.46706302963246304,0.7065992908818381,0.7065992908818381,0.748174175620079,0.0,0.0,0.0,0.5751000493764877,0.2655154913663864,0.24247685074806213,0.8075831532478333,0.8075831532478333,0.3229709267616272,0.3708116292953491,0.3156377375125885,0.3737449049949646,0.2673874497413635,0.1770750992000103,-0.03365027,0.05105283,-0.03840565
0.4642857142857143,0.5,0.3333333333333333,0.42424242424242425,0.6153846153846154,0.5869565217391305,0.0,0.0,0.48928701102619643,0.48928994139795323,0.5255267404689388,0.46884715164546026,0.6972908335072654,0.6972908335072654,0.7510162889957428,0.0,0.0,0.0,0.5675651013851165,0.2664019763469696,0.24386528134346008,0.7974750995635986,0.7974750995635986,0.31983086466789246,0.37206765413284304,0.3134983479976654,0.3746006608009338,0.26846253871917725,0.19193168729543686,-0.02754016,0.03310842,-0.0278926
0.4642857142857143,0.5,0.3333333333333333,0.42424242424242425,0.6153846153846154,0.5869565217391305,0.0,0.0,0.5030512730973856,0.503053994055118,0.5293785253856652,0.4649247215486571,0.6920932020459857,0.6920932020459857,0.7534954026341438,0.0,0.0,0.0,0.5571337670087814,0.2663121074438095,0.2445775270462036,0.7826011180877686,0.7826011180877686,0.3151146471500397,0.37395414113998415,0.30788660049438477,0.3768453598022461,0.25371140241622925,0.2051938697695732,-0.04257269,0.02654101,-0.00632925
0.4642857142857143,0.5,0.3333333333333333,0.42424242424242425,0.6153846153846154,0.5869565217391305,0.0,0.0,0.5147632171843294,0.5147657543705708,0.5207077077880189,0.4735945533333449,0.6776269844600133,0.6776269844600133,0.7574784159660339,0.0,0.0,0.0,0.5520470559597015,0.27172811329364777,0.2493170201778412,0.7764220237731934,0.7764220237731934,0.31177863478660583,0.37528854608535767,0.30391669273376465,0.3784333229064941,0.256567120552063,0.21124295890331268,-0.048657,0.0363613,-0.00183606
0.4642857142857143,0.5,0.3333333333333333,0.42424242424242425,0.6153846153846154,0.5869565217391305,0.0,0.0,0.590974301498661,0.5909755665303188,0.3988870111067938,0.598709158819396,0.6619785300322942,0.6619785300322942,0.8127894550561905,0.0,0.0,0.0,0.5280966371297836,0.32310719788074493,0.301664337515831,0.7473639845848083,0.7473639845848083,0.29961320757865906,0.38015471696853637,0.29389816522598267,0.3824407339096069,0.2840960621833801,0.21692896261811256,-0.08051003,0.08912113,0.00121329
0.4642857142857143,0.5,0.3333333333333333,0.42424242424242425,0.6153846153846154,0.5869565217391305,0.0,0.0,0.604042061428267,0.604043121319656,0.35883698636669503,0.6400161919534042,0.6410761603287288,0.6410761603287288,0.8191620856523514,0.0,0.0,0.0,0.5217814475297927,0.33233150839805603,0.31025779247283936,0.7404640913009644,0.7404640913009644,0.2969765067100525,0.381209397315979,0.2914578914642334,0.38341684341430665,0.29492732882499695,0.21728496998548508,-0.09252958,0.11920124,0.00932016
0.4642857142857143,0.5,0.3333333333333333,0.42424242424242425,0.6153846153846154,0.5869565217391305,0.0,0.0,0.5765850621473265,0.5765865665092978,0.3156032188444703,0.6839496131558213,0.618554949760437,0.618554949760437,0.817861832678318,0.0,0.0,0.0,0.531531211733818,0.3367322087287903,0.314625084400177,0.7566642165184021,0.7566642165184021,0.28988662362098694,0.3840453505516052,0.28544729948043823,0.3858210802078247,0.32786229252815247,0.208012443035841,-0.09570802,0.1316694,0.00562861
0.4642857142857143,0.5,0.3333333333333333,0.42424242424242425,0.6153846153846154,0.5869565217391305,0.0,0.0,0.45614470020079023,0.4561463185295776,0.38786938313544367,0.6094720709569545,0.6266129655497416,0.6266129655497416,0.8158145844936371,0.0,0.0,0.0,0.50977823138237,0.3312268555164337,0.3114326000213623,0.724365770816803,0.724365770816803,0.2529899477958679,0.39880402088165284,0.26642176508903503,0.393431293964386,0.20009762048721313,0.18320050090551376,-0.10085028,0.14474131,-0.00443429
0.4642857142857143,0.5,0.3333333333333333,0.42424242424242425,0.6153846153846154,0.5869565217391305,0.8379099369049072,0.8391222357749939,0.4163193809826561,0.4163216090339092,0.47379737363034863,0.5232024022492984,0.6390999683312008,0.6390999683312008,0.7619998306035995,0.0,0.0,0.0,0.5076696008443832,0.28477945923805237,0.26475873589515686,0.7188644409179688,0.7188644409179688,0.25049275159835815,0.3998028993606567,0.2658695876598358,0.3936521649360657,0.16901397705078125,0.16791481524705887,-0.09789943,0.15726323,-0.01439856
0.4642857142857143,0.5,0.3333333333333333,0.42424242424242425,0.6153846153846154,0.5869565217391305,0.019934698939323425,0.019569318741559982,0.4840774368601593,0.48407865060674987,0.4726629365470624,0.5221591386188235,0.3069190148796354,0.3069190148796354,0.8548159524798393,0.0,0.0,0.0,0.160309337079525,0.4664577506482601,0.4647875875234604,0.22986812889575958,0.22986812889575958,0.14349937438964844,0.4426002502441406,0.14631988108158112,0.4414720475673676,0.0794164314866066,0.09866914711892605,-0.09557277,0.20315072,-0.03684758
0.4642857142857143,0.5,0.3333333333333333,0.42424242424242425,0.6153846153846154,0.5869565217391305,0.0,0.0,0.5002489095361436,0.500249869617532,0.4827822666779075,0.5116807446374442,0.17079038811581476,0.17079038811581476,0.8951968736946583,0.0,0.0,0.0,0.10235273167490959,0.4804954919964075,0.48039494827389717,0.15412777662277222,0.15412777662277222,0.12431296706199646,0.4502748131752014,0.11763101071119308,0.5331203029599301,0.0606464259326458,0.07484593894332647,-0.09435159,0.21110207,-0.03374456
0.4642857142857143,0.5,0.3333333333333333,0.42424242424242425,0.6153846153846154,0.5869565217391305,0.0,0.0,0.497302086714007,0.49730309514225557,0.4855688365308094,0.5088793975622609,0.1437007263302803,0.1437007263302803,0.9009874649345875,0.0,0.0,0.0,0.08220286816358566,0.48296101205050945,0.48332458920776844,0.125008225440979,0.125008225440979,0.11960199475288391,0.4521592020988464,0.11220352351665497,0.561720146689304,0.05410143733024597,0.06872162222862244,-0.10088811,0.20717618,-0.02782362
0.4642857142857143,0.5,0.3333333333333333,0.42424242424242425,0.6153846153846154,0.5869565217391305,0.0,0.0,0.48644877431725453,0.48644996099672627,0.4966620608280995,0.497744930811133,0.11636626507554736,0.11636626507554736,0.9102287217974663,0.0,0.0,0.0,0.0711514949798584,0.486289931461215,0.4868518514558673,0.10852104425430298,-0.0,0.11180749535560608,0.45527700185775755,0.10422395914793015,0.593842500170996,0.04746975377202034,0.053339130245149136,-0.10965637,0.16621736,-0.03584019
0.4642857142857143,0.5,0.3333333333333333,0.42424242424242425,0.6153846153846154,0.5869565217391305,0.0,0.0,0.47830026948657134,0.4783015929262223,0.5041051064377533,0.49046492434773753,0.11250008429799761,0.11250008429799761,0.9125230498611927,0.0,0.0,0.0,0.0693625271320343,0.4870344391092658,0.487674773670733,0.10561201721429825,-0.0,0.10881351679563522,0.4564745932817459,0.10123051702976227,0.5977109733015992,0.0450812503695488,0.04830657970160246,-0.11183987,0.14078586,-0.03875961
0.4642857142857143,0.5,0.3333333333333333,0.42424242424242425,0.6153846153846154,0.5869565217391305,0.0,0.0,0.46434547876080867,0.46434702586033605,0.5168902454025203,0.47801697864536524,0.10652747537408556,0.10652747537408556,0.9149164780974388,0.0,0.0,0.0,0.060498119890689844,0.48817453160881996,0.48891126550734043,0.0,-0.0,0.1031956598162651,0.458721736073494,0.09581415355205536,0.6029519681320634,0.04104160517454147,0.039582992903888226,-0.10746144,0.10608362,-0.0550573
0.4642857142857143,0.5,0.3333333333333333,0.42424242424242425,0.6153846153846154,0.5869565217391305,0.0,0.0,0.45973182567902776,0.4597334383094744,0.5185987903214777,0.4764736001345163,0.10020466787474497,0.10020466787474497,0.9176170155405998,0.0,0.0,0.0,0.05345928743481636,0.48926860373467207,0.49004552979022264,0.0,-0.0,0.09929174929857254,0.46028330028057096,0.09207091480493546,0.6055098910664404,0.03671129047870636,0.03046601079404354,-0.09645224,0.08811963,-0.06400882
0.4642857142857143,0.5,0.3333333333333333,0.42424242424242425,0.6153846153846154,0.5869565217391305,0.0,0.0,0.4585114718623189,0.45851310158778785,0.5175417637733839,0.47751135346943696,0.09580888386283602,0.09580888386283602,0.921284906566143,0.0,0.0,0.0,0.05036058239638805,0.49000513553619385,0.49077566526830196,0.0,-0.0,0.09851615875959396,0.4605935364961624,0.09121377021074295,0.6128152875706208,0.03435274586081505,0.025182501412928104,-0.09630554,0.08005766,-0.06253666
0.4642857142857143,0.5,0.3333333333333333,0.42424242424242425,0.6153846153846154,0.5869565217391305,0.34854820370674133,0.34632569551467896,0.3640372693880566,0.364040346492089,0.5057057835460849,0.4902043506196028,0.0988780866776194,0.0988780866776194,0.9154437035322189,0.0,0.0,0.0,0.0618075780570507,0.49034326802939177,0.4910586327314377,0.0,-0.0,0.09580475836992264,0.46167809665203097,0.08881258964538574,0.6199815106946369,0.033376000821590424,0.02078210934996605,-0.06186864,0.04051465,-0.03340188
0.4642857142857143,0.5,0.3333333333333333,0.42424242424242425,0.6153846153846154,0.5869565217391305,0.12148483097553253,0.12012884020805359,0.4009075287879083,0.40091343226897785,0.48345391443764957,0.5114089252337393,0.09273636553968703,0.09273636553968703,0.9182330332696438,0.0,0.0,0.0,0.06543438471853733,0.4891693005338311,0.48985678888857365,0.0,-0.0,0.08702530711889267,0.4651898771524429,0.08213978260755539,0.6255910701529924,0.0338868647813797,0.01847037929110229,-0.0559584,0.01648166,-0.02176535
0.4642857142857143,0.5,0.3333333333333333,0.42424242424242425,0.6153846153846154,0.5869565217391305,0.03906724974513054,0.03777725249528885,0.42341990110751093,0.4234254000063836,0.46706340497584004,0.5274673681591432,0.07628254060234342,0.07628254060234342,0.9341877400875092,0.0,0.0,0.0,0.052415444701910015,0.4904532805085182,0.491002582013607,0.0,-0.0,0.07424130290746689,0.47030347883701323,0.0,0.6976744186046512,0.03192063793540001,0.014782758662477136,-0.07665956,-0.02024556,-0.02484484
0.4642857142857143,0.5,0.3333333333333333,0.42424242424242425,0.6153846153846154,0.5869565217391305,0.026080574840307236,0.025659600272774696,0.4252335690175598,0.42523903372638766,0.45641655379453994,0.5382078729960882,0.07042120876056808,0.07042120876056808,0.938564408570528,0.0,0.0,0.0,0.048470865935087204,0.49138790275901556,0.4918398493900895,0.0,-0.0,0.0,0.5,0.0,0.6976744186046512,0.02997593954205513,0.012740566162392497,-0.08375601,-0.07294568,-0.03324091
0.4642857142857143,0.5,0.3333333333333333,0.42424242424242425,0.6153846153846154,0.5869565217391305,0.021630771458148956,0.021312324330210686,0.4255770080176184,0.4255824727264463,0.446281547528152,0.5482924347005378,0.06397914407508715,0.06397914407508715,0.9431773796677589,0.0,0.0,0.0,0.04472755100578069,0.49236589344218373,0.4927134453319013,0.0,-0.0,0.0,0.5,0.0,0.6976744186046512,0.027962731197476387,0.007991721504367888,-0.08397518,-0.11645556,-0.04738787
0.4642857142857143,0.5,0.3333333333333333,0.42424242424242425,0.6153846153846154,0.5869565217391305,0.018287723883986473,0.018073759973049164,0.42348478241586773,0.4234902813147404,0.43993387509486415,0.5546346960250159,0.05826305864112718,0.05826305864112718,0.9468845035880804,0.0,0.0,0.0,0.038838074170053,0.49326736479997635,0.49352684151381254,0.0,-0.0,0.0,0.5,0.0,0.6976744186046512,0.02587789110839367,0.0016872715787030756,-0.07966412,-0.15494366,-0.06692714
0.4642857142857143,0.5,0.3333333333333333,0.42424242424242425,0.6153846153846154,0.5869565217391305,0.018428483977913857,0.018113406375050545,0.41975069387920955,0.41975626115817183,0.4410281103838014,0.5535297852507348,0.055539477616548545,0.055539477616548545,0.9483085200190544,0.0,0.0,0.0,0.03728246055543422,0.49359153769910336,0.4938214961439371,0.0,-0.0,0.0,0.5,0.0,0.6976744186046512,0.024374591186642647,0.0,-0.08060873,-0.1595038,-0.06546444
0.4642857142857143,0.5,0.3333333333333333,0.42424242424242425,0.6153846153846154,0.5869565217391305,0.053356852382421494,0.05170321837067604,0.4151775018662841,0.4151831432236768,0.44839100491248396,0.5462432280103695,0.054920408874750144,0.054920408874750144,0.9485829547047615,0.0,0.0,0.0,0.037142299115657806,0.4936038232408464,0.49384058779105544,0.0,-0.0,0.0,0.5,0.0,0.6976744186046512,0.023839859291911125,0.0,-0.05797645,-0.12690453,-0.0322222
0.4642857142857143,0.5,0.3333333333333333,0.42424242424242425,0.6153846153846154,0.5869565217391305,0.9284051656723022,0.9281197190284729,0.3309907334256582,0.33099758283130065,0.4623270580691088,0.5351222114804092,0.10356024439845767,0.10356024439845767,0.8713282644748688,0.0,0.0,0.0,0.08093379028141498,0.48388915695250034,0.48492504842579365,0.12042117863893509,0.12042117863893509,0.057416193187236786,0.4770335227251053,0.05464239418506622,0.6152549074139706,0.027787843719124794,0.0,-0.07788044,-0.06795885,0.00587187
0.4642857142857143,0.5,0.3333333333333333,0.42424242424242425,0.6153846153846154,0.5869565217391305,0.19969451427459717,0.1984427124261856,0.37752776072996297,0.3775339833181173,0.4608051651522489,0.5350162821740945,0.2898257225751877,0.2898257225751877,0.8227693513035774,0.0,0.0,0.0,0.11176686361432074,0.48164636455476284,0.48260052129626274,0.16937783360481262,0.16937783360481262,0.12501853704452515,0.44999258518218993,0.12122493237257004,0.451510027050972,0.04178458824753761,0.0,-0.08622977,0.03101858,-0.00594437
0.4642857142857143,0.5,0.3333333333333333,0.42424242424242425,0.6153846153846154,0.5869565217391305,0.9671078324317932,0.966720700263977,0.3373173504896875,0.33732407453183233,0.4657553365991859,0.5319173064851346,0.5619366254125323,0.5619366254125323,0.6964150369167328,0.0,0.0,0.0,0.39319078326225276,0.3379422277212143,0.32870617508888245,0.5588449239730835,0.5588449239730835,0.22751718759536743,0.408993124961853,0.2453051209449768,0.4018779516220093,0.04389039799571037,0.027000121772289276,-0.08882795,0.04347347,-0.01194057
0.4642857142857143,0.5,0.3333333333333333,0.42424242424242425,0.6153846153846154,0.5869565217391305,0.27282223105430603,0.2723100185394287,0.36500614687771915,0.3650161645608468,0.47778702705357773,0.5186381737264525,0.6342593686921256,0.6342593686921256,0.7572461143136024,0.0,0.0,0.0,0.4865112394094467,0.3029223829507828,0.2975863516330719,0.6975804567337036,0.6975804567337036,0.26376065611839294,0.39449573755264283,0.2900847792625427,0.3839660882949829,0.06783591955900192,0.06845077034085989,-0.0845778,0.04234625,-0.01687315
0.4642857142857143,0.5,0.3333333333333333,0.42424242424242425,0.6153846153846154,0.5869565217391305,0.1638992577791214,0.1637706309556961,0.405416608768485,0.4054261136009406,0.4835833721931304,0.5122085620016208,0.6500679467405592,0.6500679467405592,0.7636950239539146,0.0,0.0,0.0,0.5063314318656921,0.2792944312095642,0.2722111940383911,0.7197784781455994,0.7197784781455994,0.2661707401275635,0.39353170394897463,0.2950565814971924,0.38197736740112304,0.08959843218326569,0.09139928035438061,-0.12674212,0.03138737,-0.04820716
0.4642857142857143,0.5,0.3333333333333333,0.42424242424242425,0.6153846153846154,0.5869565217391305,0.1515495479106903,0.1514836847782135,0.40941952792909814,0.40942898717482734,0.4855638191417344,0.5100669631260024,0.6506560742855072,0.6506560742855072,0.7636132091283798,0.0,0.0,0.0,0.5154388040304184,0.2752002775669098,0.2675587385892868,0.7320209741592407,0.7320209741592407,0.2660473883152008,0.3935810446739197,0.2953718900680542,0.3818512439727783,0.09370767325162888,0.09346949867904186,-0.17939512,0.02648354,-0.06404305
0.4642857142857143,0.5,0.3333333333333333,0.42424242424242425,0.6153846153846154,0.5869565217391305,0.11992136389017105,0.11985425651073456,0.42193103292476153,0.4219403725053339,0.4963791599322687,0.4987128167894962,0.7042534223624639,0.7042534223624639,0.7447607517242432,0.0,0.0,0.0,0.5786922544240951,0.2376922369003296,0.22363781929016113,0.821505606174469,0.821505606174469,0.27261883020401,0.390952467918396,0.30175527930259705,0.37929788827896116,0.14896172285079956,0.11410660110414028,-0.21588533,0.01773045,-0.0660079
0.4642857142857143,0.5,0.3333333333333333,0.42424242424242425,0.6153846153846154,0.5869565217391305,0.11068200320005417,0.11054045706987381,0.4250093905921192,0.42501874156937314,0.4966554909973026,0.4981942335865871,0.7254045775958471,0.7254045775958471,0.7324144095182419,0.0,0.0,0.0,0.6075429022312164,0.22050654888153076,0.2067795693874359,0.8651312589645386,0.8651312589645386,0.2841559946537018,0.3863376021385193,0.30551883578300476,0.3777924656867981,0.26987186074256897,0.14861905947327614,-0.21892552,0.01799751,-0.0689171
0.4642857142857143,0.5,0.3333333333333333,0.42424242424242425,0.6153846153846154,0.5869565217391305,0.07154134660959244,0.07114838808774948,0.4318516790069084,0.43186088752564233,0.4862940088056925,0.5084653931588967,0.6868658746991839,0.6868658746991839,0.7280803471803665,0.0,0.0,0.0,0.6116231232881546,0.24914813041687012,0.2345171868801117,0.872904360294342,0.872904360294342,0.29238617420196533,0.38304553031921384,0.30689114332199097,0.37724354267120364,0.44979333877563477,0.16050290316343307,-0.22846069,0.00846433,-0.062364
0.4642857142857143,0.5,0.3333333333333333,0.42424242424242425,0.6153846153846154,0.5869565217391305,0.06261787563562393,0.06217394396662712,0.43382221654085995,0.4338313965678899,0.4840923223509159,0.5106775118510942,0.6821600667067937,0.6821600667067937,0.7283042818307877,0.0,0.0,0.0,0.6127339631319045,0.24986904859542847,0.23519179224967957,0.8749983906745911,0.8749983906745911,0.2927975058555603,0.3828809976577759,0.30667737126350403,0.3773290514945984,0.46215036511421204,0.16133522614836693,-0.23004878,0.00588388,-0.06669839
0.4642857142857143,0.5,0.3333333333333333,0.42424242424242425,0.6153846153846154,0.5869565217391305,0.021248018369078636,0.021021436899900436,0.44139836577566816,0.44140744893090444,0.4784766431064496,0.5161141107638019,0.628634478364672,0.628634478364672,0.730460450053215,0.0,0.0,0.0,0.6209442228078842,0.2517543435096741,0.2351728081703186,0.8859639167785645,0.8859639167785645,0.29348400235176086,0.38260639905929567,0.29954490065574646,0.3801820397377014,0.5642057061195374,0.18023613840341568,-0.22487927,-0.01045628,-0.06923971
0.4642857142857143,0.5,0.3333333333333333,0.42424242424242425,0.6153846153846154,0.5869565217391305,0.01882174424827099,0.018628645688295364,0.44331127029076134,0.44332031925595283,0.47811853657717,0.5164073701747695,0.6275797103132521,0.6275797103132521,0.733243390917778,0.0,0.0,0.0,0.6215911418199539,0.25309181213378906,0.23749521374702454,0.8868191838264465,0.8868191838264465,0.293942391872406,0.3824230432510376,0.29777342081069946,0.38089063167572024,0.5656598210334778,0.18757281824946404,-0.21181953,-0.019746,-0.07714456
0.4642857142857143,0.5,0.3333333333333333,0.42424242424242425,0.6153846153846154,0.5869565217391305,0.0,0.0,0.46626538938591633,0.4662739938805254,0.4174781841712062,0.5778430043916579,0.628224355833871,0.628224355833871,0.7583049461245537,0.0,0.0,0.0,0.621023079752922,0.27522948384284973,0.25450974702835083,0.8858672976493835,0.8858672976493835,0.29651591181755066,0.38139363527297976,0.29557737708091736,0.38176904916763305,0.5742940902709961,0.19994378089904785,-0.21163836,0.00608421,-0.06808046
0.4642857142857143,0.5,0.3333333333333333,0.42424242424242425,0.6153846153846154,0.5869565217391305,0.0,0.0,0.5003066156095118,0.500314450872631,0.3205648781464615,0.6780432031391177,0.6221810621874674,0.6221810621874674,0.77493966370821,0.0,0.0,0.0,0.618583458662033,0.30215781927108765,0.2855493873357773,0.8833985924720764,0.8833985924720764,0.30914515256881714,0.37634193897247314,0.2962508201599121,0.3814996719360352,0.6049313545227051,0.2072237804532051,-0.19235464,0.02964787,-0.06119496
0.4642857142857143,0.5,0.3333333333333333,0.42424242424242425,0.6153846153846154,0.5869565217391305,0.0,0.0,0.5058987824313955,0.5059063231170063,0.25429882738831855,0.7481648538531532,0.5833313294819423,0.5833313294819423,0.7842974960803986,0.0,0.0,0.0,0.6125336289405823,0.3303096145391464,0.31577320396900177,0.8804432153701782,0.8804432153701782,0.31230348348617554,0.3750786066055298,0.2959156632423401,0.38163373470306394,0.6331939697265625,0.2056667022407055,-0.16239995,0.0545559,-0.06501748
0.4642857142857143,0.5,0.3333333333333333,0.42424242424242425,0.6153846153846154,0.5869565217391305,0.0,0.0,0.4765441320252464,0.4765521381940714,0.2208745940009677,0.7832291153096738,0.5079525496278491,0.5079525496278491,0.7844071537256241,0.0,0.0,0.0,0.6041543692350387,0.3420606255531311,0.32942378520965576,0.8718224167823792,0.8718224167823792,0.3151014447212219,0.37395942211151123,0.2982720732688904,0.38069117069244385,0.6530965566635132,0.17978670075535774,-0.14654991,0.06781608,-0.06330255
0.4642857142857143,0.5,0.3333333333333333,0.42424242424242425,0.6153846153846154,0.5869565217391305,0.0,0.0,0.49417102509258354,0.4941786825941808,0.21640784699419946,0.7882933447460777,0.48910187823431833,0.48910187823431833,0.7856262773275375,0.0,0.0,0.0,0.6009996116161346,0.3444060832262039,0.3323419988155365,0.8682534694671631,0.8682534694671631,0.31478145718574524,0.3740874171257019,0.2991204559803009,0.3803518176078796,0.7128033638000488,0.16787594184279442,-0.15046847,0.09396579,-0.06337999
0.4642857142857143,0.5,0.3333333333333333,0.42424242424242425,0.6153846153846154,0.5869565217391305,0.0,0.0,0.4942368181354685,0.49424441616063364,0.19860310764203337,0.8073741477437908,0.4303424486092159,0.4303424486092159,0.7897899821400642,0.0,0.0,0.0,0.5779922217130661,0.3648204505443573,0.3560124933719635,0.840510368347168,0.840510368347168,0.30640408396720886,0.37743836641311646,0.2979573905467987,0.3808170437812805,0.7516949772834778,0.10730586014688015,-0.16879293,0.12961382,-0.06382677
0.4642857142857143,0.5,0.3333333333333333,0.42424242424242425,0.6153846153846154,0.5869565217391305,0.0,0.0,0.4919478227713824,0.4919554492882515,0.19284814812713097,0.8134743127444,0.40674013750893734,0.40674013750893734,0.7939113229513168,0.0,0.0,0.0,0.5720377296209335,0.3706790655851364,0.3639361262321472,0.8327579498291016,0.8327579498291016,0.3027710020542145,0.3788915991783142,0.2964174449443817,0.3814330220222473,0.7645023465156555,0.10000903159379959,-0.18412746,0.15596439,-0.05822316
0.4642857142857143,0.5,0.3333333333333333,0.42424242424242425,0.6153846153846154,0.5869565217391305,0.0,0.0,0.4910166319708979,0.49102435108580506,0.20326498863118103,0.8020095473671001,0.39854422211647034,0.39854422211647034,0.7988830506801605,0.0,0.0,0.0,0.5674546182155609,0.37484048306941986,0.3723117709159851,0.8271267414093018,0.8271267414093018,0.2976529598236084,0.38093881607055663,0.29508429765701294,0.3819662809371948,0.768483579158783,0.03887636121362448,-0.19942252,0.17984664,-0.0481156
0.4642857142857143,0.5,0.3333333333333333,0.42424242424242425,0.6153846153846154,0.5869565217391305,0.0,0.0,0.49008573036120906,0.49009345161299406,0.2099900792707221,0.7950534231981351,0.37186662001269205,0.37186662001269205,0.8007716313004494,0.0,0.0,0.0,0.5627758979797363,0.37734220921993256,0.3748030513525009,0.8238372206687927,0.8238372206687927,0.296845406293869,0.3812618374824524,0.2957302927970886,0.38170788288116453,0.7990585565567017,0.004351496463641524,-0.21186637,0.19117138,-0.04331313
0.4642857142857143,0.5,0.3333333333333333,0.42424242424242425,0.6153846153846154,0.5869565217391305,0.22559012472629547,0.22418399155139923,0.3689247590861858,0.3689349021328111,0.42983831844183956,0.5655833909896267,0.4781778795378549,0.4781778795378549,0.7415483444929123,0.0,0.0,0.0,0.5914406061172485,0.3149365931749344,0.31556855142116547,0.8464596271514893,0.8464596271514893,0.29432299733161926,0.3822708010673523,0.3012629449367523,0.37949482202529905,0.7679247856140137,0.03630933118984103,-0.17380134,0.22713728,-0.03390311
0.4642857142857143,0.5,0.3333333333333333,0.42424242424242425,0.6153846153846154,0.5869565217391305,0.1659187376499176,0.1641821563243866,0.39116526926452755,0.39117515018747595,0.4319390174763608,0.5630177322760088,0.4500438485826765,0.4500438485826765,0.735044851899147,0.0,0.0,0.0,0.5919458538293838,0.3189380019903183,0.3239956647157669,0.8477395176887512,0.8477395176887512,0.2933933436870575,0.382642662525177,0.3022301197052002,0.3791079521179199,0.7777961492538452,0.03601593431085348,-0.11689103,0.22880125,-0.02195885
0.4642857142857143,0.5,0.3333333333333333,0.42424242424242425,0.6153846153846154,0.5869565217391305,0.0,0.0,0.4641389509459982,0.46413532110290817,0.47331438796242153,0.5215159811384997,0.3714950382709503,0.3714950382709503,0.790160521864891,0.0,0.0,0.0,0.5787651658058166,0.34560151398181915,0.359336793422699,0.844528079032898,0.844528079032898,0.29136618971824646,0.3834535241127014,0.3012171983718872,0.3795131206512451,0.791671633720398,0.0269102375023067,-0.05579877,0.18658757,-0.01173521
0.4642857142857143,0.5,0.3333333333333333,0.42424242424242425,0.6153846153846154,0.5869565217391305,0.0,0.0,0.4782851902522275,0.4782816629792719,0.4763148179701592,0.5189996650701677,0.34934618643351967,0.34934618643351967,0.7993830442428589,0.0,0.0,0.0,0.5642194390296935,0.3626953363418579,0.37462009489536285,0.830162763595581,0.830162763595581,0.29322898387908936,0.38270840644836424,0.29951584339141846,0.38019366264343263,0.7924076914787292,0.007728374330326915,-0.06013081,0.16274627,-0.02909159
0.4642857142857143,0.5,0.3333333333333333,0.42424242424242425,0.6153846153846154,0.5869565217391305,0.0,0.0,0.48807029417550357,0.48806682388595596,0.4753568613506412,0.5201990575402412,0.3413492015429906,0.3413492015429906,0.7999975383281708,0.0,0.0,0.0,0.5605015218257904,0.3752330467104912,0.3795398101210594,0.8240271210670471,0.8240271210670471,0.30985304713249207,0.3760587811470032,0.3058255910873413,0.3776697635650635,0.7966334819793701,0.00811930513009429,-0.06531756,0.12556142,-0.06538538
0.4642857142857143,0.5,0.3333333333333333,0.42424242424242425,0.6153846153846154,0.5869565217391305,0.0,0.0,0.4981122009498895,0.49810880028694354,0.4704750016132231,0.5253401205548315,0.33530161849090034,0.33530161849090034,0.8023896738886833,0.0,0.0,0.0,0.561594608426094,0.3862253278493881,0.38709063082933426,0.8223621845245361,0.8223621845245361,0.3206622898578644,0.37173508405685424,0.3212319016456604,0.3715072393417358,0.7961972951889038,0.018999238964170218,-0.13594036,0.04189521,-0.12779512
0.4642857142857143,0.5,0.3333333333333333,0.42424242424242425,0.6153846153846154,0.5869565217391305,0.0,0.0,0.5057089454129367,0.5057055908709366,0.4605281175208593,0.535404220942051,0.337698512843677,0.337698512843677,0.8028830289840698,0.0,0.0,0.0,0.5606157600879669,0.38811084628105164,0.3908214718103409,0.8211894035339355,0.8211894035339355,0.3296698331832886,0.3681320667266845,0.33162665367126465,0.3673493385314941,0.795855700969696,0.0,-0.14621082,0.01821178,-0.12734747
0.4642857142857143,0.5,0.3333333333333333,0.42424242424242425,0.6153846153846154,0.5869565217391305,0.0,0.0,0.5125629581639233,0.5125596545508442,0.44714016212332086,0.5491081464878181,0.33419700605528696,0.33419700605528696,0.8062127307057381,0.0,0.0,0.0,0.5579223573207854,0.39242200553417206,0.39559634029865265,0.8178929686546326,0.8178929686546326,0.33357536792755127,0.36656985282897947,0.33931437134742737,0.36427425146102904,0.7966666221618652,0.0,-0.13185529,0.00907776,-0.13172339
0.4642857142857143,0.5,0.3333333333333333,0.42424242424242425,0.6153846153846154,0.5869565217391305,0.0,0.0,0.5093786733271287,0.5093753647280013,0.43878423483832163,0.5577465095415803,0.3288688829966954,0.3288688829966954,0.810939259827137,0.0,0.0,0.0,0.552344000339508,0.3952247276902199,0.4014640897512436,0.8136745691299438,0.8136745691299438,0.3304964005947113,0.36780143976211543,0.3388632833957672,0.3644546866416931,0.7948706150054932,0.0,-0.12352548,-0.00172298,-0.13572951
0.4642857142857143,0.5,0.3333333333333333,0.42424242424242425,0.6153846153846154,0.5869565217391305,0.0,0.0,0.504005417526908,0.5040020626287616,0.42201573306242324,0.5743111485454315,0.3288895104612623,0.3288895104612623,0.8118366748094559,0.0,0.0,0.0,0.5446764558553695,0.3960246741771698,0.4105239287018776,0.8089849352836609,0.8089849352836609,0.33237284421920776,0.3670508623123169,0.34179091453552246,0.363283634185791,0.7923517823219299,0.0,-0.08358096,-0.01729257,-0.14176992
0.4642857142857143,0.5,0.3333333333333333,0.42424242424242425,0.6153846153846154,0.5869565217391305,0.0,0.0,0.5015826788989125,0.5015793156313281,0.4225578390161576,0.5738232865223643,0.3238629549741745,0.3238629549741745,0.8122677206993103,0.0,0.0,0.0,0.542984014749527,0.39652130752801895,0.41193005442619324,0.8069031834602356,0.8069031834602356,0.3312532305717468,0.3674987077713012,0.3405332863330841,0.36378668546676635,0.787348747253418,0.0,-0.04269138,-0.04755264,-0.1466406
0.4642857142857143,0.5,0.3333333333333333,0.42424242424242425,0.6153846153846154,0.5869565217391305,0.2528107464313507,0.2511887550354004,0.3797097465960063,0.37970582613753545,0.41242355074071063,0.5841913421062342,0.4217026701995305,0.4217026701995305,0.7872006446123123,0.0,0.0,0.0,0.5774865567684173,0.35031646490097046,0.35832659900188446,0.830809473991394,0.830809473991394,0.3208772540092468,0.3716490983963012,0.33957457542419434,0.36417016983032224,0.7241787314414978,0.0,-0.0262482,-0.07011154,-0.17990802
0.4642857142857143,0.5,0.3333333333333333,0.42424242424242425,0.6153846153846154,0.5869565217391305,0.0,0.0,0.46519076493684464,0.4651876707377899,0.2974974703378477,0.7027343873489377,0.33955315394060953,0.33955315394060953,0.8151313215494156,0.0,0.0,0.0,0.5748931437730789,0.3716981112957001,0.3688000589609146,0.8315256834030151,0.8315256834030151,0.28008848428726196,0.3879646062850952,0.28478267788887024,0.3860869288444519,0.7172678709030151,0.027335812337696552,-0.0314656,-0.09517939,-0.21799576
0.4642857142857143,0.5,0.3333333333333333,0.42424242424242425,0.6153846153846154,0.5869565217391305,0.0,0.0,0.479395823941404,0.4793927340161048,0.2962980379793886,0.7040123770336754,0.3335305622645787,0.3335305622645787,0.8173807263374329,0.0,0.0,0.0,0.567465654015541,0.3838591203093529,0.3798524811863899,0.8243751525878906,0.8243751525878906,0.27814364433288574,0.3887425422668457,0.2802882492542267,0.38788470029830935,0.7195736765861511,0.04487025085836649,-0.02096509,-0.11837966,-0.22095138
0.4642857142857143,0.5,0.3333333333333333,0.42424242424242425,0.6153846153846154,0.5869565217391305,0.0,0.0,0.484062112597161,0.4840590084260098,0.3075987595217178,0.69219401821301,0.33201956323214943,0.33201956323214943,0.8172443509101868,0.0,0.0,0.0,0.5619664460420608,0.3902140334248543,0.384859137237072,0.8165479898452759,0.8165479898452759,0.2843708097934723,0.3862516760826111,0.27795884013175964,0.38881646394729613,0.7298368215560913,0.07475079968571663,0.0072303,-0.06198053,-0.03192437
0.4642857142857143,0.5,0.3333333333333333,0.42424242424242425,0.6153846153846154,0.5869565217391305,0.0,0.0,0.4795165375929262,0.4795134775839162,0.27895974201180507,0.7224998004071292,0.32910464065415523,0.32910464065415523,0.8155825510621071,0.0,0.0,0.0,0.5631754606962204,0.38896238058805466,0.382655069231987,0.8182028532028198,0.8182028532028198,0.27870553731918335,0.38851778507232665,0.2709346115589142,0.3916261553764343,0.7342635989189148,0.07425194140523672,0.02008224,-0.0110082,0.01092724
0.4642857142857143,0.5,0.3333333333333333,0.42424242424242425,0.6153846153846154,0.5869565217391305,0.0,0.0,0.43671446069932573,0.4367113437069078,0.33516839220692507,0.6637972029804905,0.37244862743786405,0.37244862743786405,0.8205408155918121,0.0,0.0,0.0,0.5740476012229919,0.3816187307238579,0.3769128769636154,0.8258852958679199,0.8258852958679199,0.275606244802475,0.38975750207901,0.26910507678985596,0.39235796928405764,0.733853816986084,0.07779658306390047,0.02024615,0.01473591,0.02231088
0.4642857142857143,0.5,0.3333333333333333,0.42424242424242425,0.6153846153846154,0.5869565217391305,0.34372591972351074,0.3401739299297333,0.3564764258966391,0.35647329180919873,0.4719704171895525,0.523850967455042,0.42727721588952206,0.42727721588952206,0.7916702702641487,0.0,0.0,0.0,0.5914501398801804,0.35059675574302673,0.34648367762565613,0.8444673418998718,0.8444673418998718,0.3081396222114563,0.3767441511154175,0.3084529638290405,0.3766188144683838,0.7093006372451782,0.034475233405828476,0.0252996,0.03367719,0.03052322
0.4642857142857143,0.5,0.3333333333333333,0.42424242424242425,0.6153846153846154,0.5869565217391305,0.0,0.0,0.4529969823292063,0.4529937542191427,0.45050833170546173,0.5442980602019554,0.3132190981081554,0.3132190981081554,0.7913632094860077,0.0,0.0,0.0,0.5881634950637817,0.38555145263671875,0.37840045988559723,0.8451234698295593,0.8451234698295593,0.304494708776474,0.3782021164894104,0.31081587076187134,0.37567365169525146,0.7439361810684204,0.058664618991315365,0.00382756,0.09074848,0.0912682
0.4642857142857143,0.5,0.3333333333333333,0.42424242424242425,0.6153846153846154,0.5869565217391305,0.0,0.0,0.47266130967076375,0.47265808156070016,0.44592030121309123,0.5488368912198525,0.2941470593214035,0.2941470593214035,0.8033287823200226,0.0,0.0,0.0,0.5834273427724838,0.39186710119247437,0.38613957166671753,0.8412429690361023,0.8412429690361023,0.30073246359825134,0.37970701456069944,0.3078860938549042,0.37684556245803835,0.747897744178772,0.0777497049421072,-0.01445902,0.11020306,0.11268073
0.4642857142857143,0.5,0.3333333333333333,0.42424242424242425,0.6153846153846154,0.5869565217391305,0.0,0.0,0.4855178833919547,0.4855146396114539,0.44303647350398806,0.5514175949777695,0.2733225694724492,0.2733225694724492,0.8058895319700241,0.0,0.0,0.0,0.5732506453990935,0.39424947649240494,0.39085113257169724,0.826504647731781,0.826504647731781,0.306392639875412,0.3774429440498352,0.3119781017303467,0.37520875930786135,0.6852635741233826,0.11728147976100445,-0.02342314,0.14322434,0.13565177
0.4642857142857143,0.5,0.3333333333333333,0.42424242424242425,0.6153846153846154,0.5869565217391305,0.0,0.0,0.5061551846179178,0.5061519572201468,0.4338449871106996,0.5608354059341026,0.28335159378392355,0.28335159378392355,0.8090590834617615,0.0,0.0,0.0,0.5689937680959701,0.3957320526242256,0.3915907293558121,0.8192632794380188,0.8192632794380188,0.30816248059272766,0.3767350077629089,0.3143821060657501,0.3742471575737,0.6672102808952332,0.12435557320713997,-0.04019845,0.16208884,0.16989847
0.4642857142857143,0.5,0.3333333333333333,0.42424242424242425,0.6153846153846154,0.5869565217391305,0.0,0.0,0.515328276054809,0.5153212685202093,0.42632647659309053,0.5686506361801305,0.3055630730731147,0.3055630730731147,0.8146070465445518,0.0,0.0,0.0,0.5658399283885955,0.3957144021987915,0.3906489610671997,0.8159791231155396,0.8159791231155396,0.29623302817344666,0.3815067887306213,0.30823397636413574,0.3767064094543457,0.6456757187843323,0.12201204895973206,-0.05377987,0.17051028,0.17469265
0.4642857142857143,0.5,0.3333333333333333,0.42424242424242425,0.6153846153846154,0.5869565217391305,0.0,0.0,0.5161295810119599,0.5161225749019455,0.42480718496880615,0.5702122593536382,0.30615715043885366,0.30615715043885366,0.8166634142398834,0.0,0.0,0.0,0.5626260489225388,0.39605168253183365,0.39083582907915115,0.8122725486755371,0.8122725486755371,0.2915286421775818,0.3833885431289673,0.3049995005130768,0.3780001997947693,0.6224465370178223,0.11976626701653004,-0.07413393,0.1921993,0.17435253
0.4642857142857143,0.5,0.3333333333333333,0.42424242424242425,0.6153846153846154,0.5869565217391305,0.0,0.0,0.5201605060930233,0.5201535242009573,0.4205388427920369,0.5746412776459648,0.3088839884315218,0.3088839884315218,0.8153363913297653,0.0,0.0,0.0,0.5589468091726303,0.39603598415851593,0.39089031517505646,0.8076454401016235,0.8076454401016235,0.2887818515300751,0.38448725938796996,0.303509384393692,0.3785962462425232,0.6156420111656189,0.11133884079754353,-0.08315826,0.19663174,0.19526017
0.4642857142857143,0.5,0.3333333333333333,0.42424242424242425,0.6153846153846154,0.5869565217391305,0.0,0.0,0.5210422317338947,0.5210352640876806,0.41441003793056336,0.5809820963998548,0.3068813255855016,0.3068813255855016,0.8158260881900787,0.0,0.0,0.0,0.5562986135482788,0.4012393355369568,0.397467777132988,0.8037298917770386,0.8037298917770386,0.28894418478012085,0.3844223260879517,0.3051047921180725,0.377958083152771,0.6192598938941956,0.09710998274385929,-0.08575801,0.19702441,0.23688133
0.4642857142857143,0.5,0.3333333333333333,0.42424242424242425,0.6153846153846154,0.5869565217391305,0.0,0.0,0.5210854023638009,0.5210784446896832,0.4113020431927012,0.5842190445900369,0.2916903900248664,0.2916903900248664,0.818268395960331,0.0,0.0,0.0,0.5536603271961211,0.40835951268672943,0.40661007910966873,0.800763726234436,0.800763726234436,0.2906204164028168,0.3837518334388733,0.3082450032234192,0.3767019987106323,0.6277074217796326,0.06441475823521614,-0.10366235,0.21157636,0.23239763
0.4642857142857143,0.5,0.3333333333333333,0.42424242424242425,0.6153846153846154,0.5869565217391305,0.0,0.0,0.5210687518119812,0.521061811232886,0.40580054587661424,0.5899345174523608,0.28308707688535967,0.28308707688535967,0.8224532827734947,0.0,0.0,0.0,0.5514485776424407,0.41088779270648956,0.4093272387981415,0.7986043691635132,0.7986043691635132,0.29261186718940735,0.38295525312423706,0.3118169605731964,0.3752732157707214,0.6461545825004578,0.02922880696132779,-0.11766973,0.21700078,0.22781104
0.4642857142857143,0.5,0.3333333333333333,0.42424242424242425,0.6153846153846154,0.5869565217391305,0.0,0.0,0.5184089971090138,0.5184020422840665,0.41221407403453586,0.5833237412276226,0.27923424329076496,0.27923424329076496,0.8274523094296455,0.0,0.0,0.0,0.5497857391834259,0.4165181815624237,0.416901633143425,0.7971307039260864,0.7971307039260864,0.2974497675895691,0.3810200929641724,0.318135142326355,0.37274594306945796,0.6717913746833801,0.009430486825294793,-0.12601744,0.22251317,0.21931233
0.4642857142857143,0.5,0.3333333333333333,0.42424242424242425,0.6153846153846154,0.5869565217391305,0.0,0.0,0.5288540216066642,0.5288471551059992,0.4497759011689837,0.5460978376940099,0.2820514248950141,0.2820514248950141,0.8313340693712234,0.0,0.0,0.0,0.5492363899946212,0.4187266454100609,0.4185345694422722,0.7965732216835022,0.7965732216835022,0.3082706332206726,0.37669174671173095,0.32378214597702026,0.3704871416091919,0.6743895411491394,0.0,-0.12686949,0.22403426,0.22171485
0.4642857142857143,0.5,0.3333333333333333,0.42424242424242425,0.6153846153846154,0.5869565217391305,0.0,0.0,0.5263047947710376,0.5262979624604176,0.4725181929923836,0.5236962176139172,0.25626187877995626,0.25626187877995626,0.8373540118336678,0.0,0.0,0.0,0.547894674539566,0.4226181209087372,0.4216834232211113,0.7967106699943542,0.7967106699943542,0.31320804357528687,0.3747167825698853,0.32536745071411133,0.36985301971435547,0.703096866607666,0.0,-0.1216084,0.22034697,0.22801024
0.4642857142857143,0.5,0.3333333333333333,0.42424242424242425,0.6153846153846154,0.5869565217391305,0.0,0.0,0.5189901210267959,0.5189832587998866,0.4729631080454212,0.5230322440946484,0.25448637349264963,0.25448637349264963,0.8346731066703796,0.0,0.0,0.0,0.549640542268753,0.42147205024957657,0.4191528856754303,0.7993861436843872,0.7993861436843872,0.31291040778160095,0.3748358368873596,0.32403987646102905,0.37038404941558833,0.7494832873344421,0.0,-0.11486085,0.2167128,0.2319383
0.4642857142857143,0.5,0.3333333333333333,0.42424242424242425,0.6153846153846154,0.5869565217391305,0.0,0.0,0.5173946083959612,0.517387796029534,0.47448541694115953,0.521329001481806,0.2502490367208208,0.2502490367208208,0.8336770161986351,0.0,0.0,0.0,0.5536109685897826,0.42152293026447296,0.41767503321170807,0.8046973943710327,0.8046973943710327,0.3153911232948303,0.37384355068206787,0.3246057331562042,0.3701577067375183,0.7693738341331482,0.026037157513201237,-0.10325153,0.21278639,0.23492768
0.4642857142857143,0.5,0.3333333333333333,0.42424242424242425,0.6153846153846154,0.5869565217391305,0.0,0.0,0.5173917236109309,0.5173849169428444,0.4747625073101051,0.5210596779513719,0.2497595229319164,0.2497595229319164,0.8334590345621109,0.0,0.0,0.0,0.5541240394115448,0.4212242588400841,0.4173898920416832,0.8054043054580688,0.8054043054580688,0.3152092695236206,0.3739162921905518,0.3242110013961792,0.3703155994415283,0.7711905837059021,0.032104707788676023,-0.09680335,0.21222591,0.2278693
0.4642857142857143,0.5,0.3333333333333333,0.42424242424242425,0.6153846153846154,0.5869565217391305,0.0,0.0,0.520009225116861,0.5200024383929673,0.4835225196117197,0.5124880969587698,0.23708931037357878,0.23708931037357878,0.833128422498703,0.0,0.0,0.0,0.5524287402629852,0.426754355430603,0.42414994537830353,0.8015241622924805,0.8015241622924805,0.319927841424942,0.37202886343002317,0.3267900347709656,0.3692839860916137,0.7601092457771301,0.06593168247491121,-0.08768392,0.20806308,0.21445085
0.4642857142857143,0.5,0.3333333333333333,0.42424242424242425,0.6153846153846154,0.5869565217391305,0.0,0.0,0.5280260384424694,0.5280192488694054,0.4977645774088786,0.49823710220443085,0.2420633286237717,0.2420633286237717,0.8327734023332596,0.0,0.0,0.0,0.5522883623838424,0.42575138807296753,0.4210590049624443,0.8007131218910217,0.8007131218910217,0.31837931275367737,0.37264827489852903,0.3233668804168701,0.37065324783325193,0.7082158923149109,0.09144537150859833,-0.08239392,0.20632689,0.205485
0.4642857142857143,0.5,0.3333333333333333,0.42424242424242425,0.6153846153846154,0.5869565217391305,0.0,0.0,0.5358711294188782,0.5358643341474734,0.497549472344651,0.49830028540722904,0.2513638990265983,0.2513638990265983,0.8330930471420288,0.0,0.0,0.0,0.5527753353118896,0.4249046593904495,0.4197370111942291,0.8011081218719482,0.8011081218719482,0.31780707836151123,0.3728771686553955,0.3216473162174225,0.37134107351303103,0.7020103931427002,0.10053005069494247,-0.07372113,0.20557556,0.19902696
0.4642857142857143,0.5,0.3333333333333333,0.42424242424242425,0.6153846153846154,0.5869565217391305,0.128238707780838,0.12757469713687897,0.4448715044936988,0.4448645297245587,0.4782290074611029,0.5164462129148375,0.3888451627322606,0.3888451627322606,0.7982093989849091,0.0,0.0,0.0,0.5780945271253586,0.39556609094142914,0.38252127170562744,0.8221198320388794,0.8221198320388794,0.3331497311592102,0.3667401075363159,0.3342277407646179,0.3663089036941528,0.6650071740150452,0.10750380344688892,-0.06884787,0.20217742,0.19894657
0.4642857142857143,0.5,0.3333333333333333,0.42424242424242425,0.6153846153846154,0.5869565217391305,0.0,0.0,0.5142229888338887,0.5142159955451411,0.49287080012589524,0.501393475855691,0.3413117038352149,0.3413117038352149,0.8179767802357674,0.0,0.0,0.0,0.5657679975032806,0.4115730971097946,0.4020991176366806,0.8068017959594727,0.8068017959594727,0.3171645700931549,0.373134171962738,0.30977773666381836,0.37608890533447265,0.6371135115623474,0.13293991796672344,-0.05868802,0.19150101,0.19448866
0.4642857142857143,0.5,0.3333333333333333,0.42424242424242425,0.6153846153846154,0.5869565217391305,0.0,0.0,0.5239412426720613,0.5239342508078989,0.497117497155133,0.49716399066484174,0.34545545067105976,0.34545545067105976,0.8191103413701057,0.0,0.0,0.0,0.5614011168479919,0.41659947484731674,0.40776658803224564,0.8000583648681641,0.8000583648681641,0.3145727515220642,0.3741708993911743,0.30477672815322876,0.3780893087387085,0.6329277753829956,0.13704409822821617,-0.0488713,0.17627124,0.17858759
0.4642857142857143,0.5,0.3333333333333333,0.42424242424242425,0.6153846153846154,0.5869565217391305,0.0,0.0,0.5084962631730687,0.5084892442417874,0.4956987445629122,0.49840430292020516,0.3157469204493932,0.3157469204493932,0.8381472155451775,0.0,0.0,0.0,0.5578316509723663,0.42536140233278275,0.41417889297008514,0.7964871525764465,0.7964871525764465,0.28389832377433777,0.38644067049026487,0.2786621153354645,0.3885351538658142,0.6599264740943909,0.14411728829145432,-0.04391383,0.16926642,0.17030843
0.4642857142857143,0.5,0.3333333333333333,0.42424242424242425,0.6153846153846154,0.5869565217391305,0.0,0.0,0.4916964974503672,0.49168946284864873,0.49759264208419146,0.4965012565346972,0.2754722216299602,0.2754722216299602,0.8397244587540627,0.0,0.0,0.0,0.5662873893976211,0.42390066385269165,0.41211581975221634,0.8105459809303284,0.8105459809303284,0.28662553429603577,0.38534978628158567,0.27810096740722656,0.3887596130371094,0.7021296620368958,0.14483289793133736,-0.0353155,0.16360433,0.15773147
0.4642857142857143,0.5,0.3333333333333333,0.42424242424242425,0.6153846153846154,0.5869565217391305,0.0,0.0,0.4682783140279139,0.46827130506872905,0.4848600726282619,0.5095218968842221,0.2515402116945812,0.2515402116945812,0.8377910256385803,0.0,0.0,0.0,0.5679242759943008,0.42221899330616,0.41225284337997437,0.81437087059021,0.81437087059021,0.2811517119407654,0.38753931522369384,0.2695796489715576,0.39216814041137693,0.7202179431915283,0.1391515787690878,-0.03421671,0.1595622,0.15327583
0.4642857142857143,0.5,0.3333333333333333,0.42424242424242425,0.6153846153846154,0.5869565217391305,0.0,0.0,0.46365586270793674,0.46364885374875187,0.48300604764407723,0.5113530558513587,0.2498947083950043,0.2498947083950043,0.8370583802461624,0.0,0.0,0.0,0.5680608570575714,0.4219316691160202,0.41214416921138763,0.8147307634353638,0.8147307634353638,0.279606431722641,0.3881574273109436,0.26791539788246155,0.3928338408470154,0.7215046286582947,0.138103561475873,-0.02682084,0.15430021,0.13716693
0.4642857142857143,0.5,0.3333333333333333,0.42424242424242425,0.6153846153846154,0.5869565217391305,0.0,0.0,0.4756828263886344,0.47567593994377677,0.5144141767152637,0.48116059371157266,0.22139120314802443,0.22139120314802443,0.8437727242708206,0.0,0.0,0.0,0.5675313472747803,0.417382188141346,0.4107349067926407,0.816454291343689,0.816454291343689,0.2661047875881195,0.3935580849647522,0.25209465622901917,0.39916213750839236,0.7473487854003906,0.11478387750685215,-0.01337352,0.15155213,0.11847369
0.4642857142857143,0.5,0.3333333333333333,0.42424242424242425,0.6153846153846154,0.5869565217391305,0.0,0.0,0.4806506413232756,0.4806437662750995,0.5040494920561236,0.4914649090798311,0.2049380434410913,0.2049380434410913,0.845600463449955,0.0,0.0,0.0,0.5686396837234496,0.4193262681365013,0.4135231524705887,0.8207880258560181,0.8207880258560181,0.26452797651290894,0.3941888093948364,0.2540413439273834,0.39838346242904665,0.7574469447135925,0.08895276114344597,0.00044957,0.1186184,0.07927096
0.4642857142857143,0.5,0.3333333333333333,0.42424242424242425,0.6153846153846154,0.5869565217391305,0.0,0.0,0.489888139681652,0.4898812902760095,0.48506989978239595,0.5105863554933052,0.2138459256717137,0.2138459256717137,0.8437242805957794,0.0,0.0,0.0,0.5694528490304946,0.42401474714279175,0.4172104448080063,0.8227596879005432,0.8227596879005432,0.2685146927833557,0.39259412288665774,0.27568045258522034,0.38972781896591185,0.7567749619483948,0.06844821851700544,0.00023403,0.10894074,0.05331748
0.4642857142857143,0.5,0.3333333333333333,0.42424242424242425,0.6153846153846154,0.5869565217391305,0.0,0.0,0.4906756268746538,0.4906687845919374,0.47307665888255684,0.5226319983351476,0.22167178136961802,0.22167178136961802,0.8417283296585083,0.0,0.0,0.0,0.5687661260366439,0.42415373772382736,0.41713596880435944,0.8220070600509644,0.8220070600509644,0.2702566981315613,0.3918973207473755,0.2802005112171173,0.3879197955131531,0.7571905851364136,0.062414007261395454,0.00464936,0.07467282,0.00246871
0.4642857142857143,0.5,0.3333333333333333,0.42424242424242425,0.6153846153846154,0.5869565217391305,0.0,0.0,0.5251511656759346,0.5251443874995522,0.4410489435177688,0.5550452804444973,0.26654559586729326,0.26654559586729326,0.8328202292323112,0.0,0.0,0.0,0.556831607222557,0.4266590476036072,0.42084140330553055,0.8067548274993896,0.8067548274993896,0.33289018273353577,0.3668439269065857,0.35356953740119934,0.35857218503952026,0.7641547918319702,0.053723989985883236,0.00347959,0.04595532,-0.01478463
0.4642857142857143,0.5,0.3333333333333333,0.42424242424242425,0.6153846153846154,0.5869565217391305,0.0,0.0,0.5383376448377825,0.538330880907252,0.43380871147316225,0.5623230247556315,0.26981958321162636,0.26981958321162636,0.8346144035458565,0.0,0.0,0.0,0.5534308075904846,0.4290924072265625,0.42461658269166946,0.8023054003715515,0.8023054003715515,0.35147425532341003,0.35941029787063594,0.3756169080734253,0.34975323677062986,0.7481375336647034,0.056106848642230034,-0.00204276,0.0098974,-0.0362809
0.4642857142857143,0.5,0.3333333333333333,0.42424242424242425,0.6153846153846154,0.5869565217391305,0.0,0.0,0.5465764427276232,0.5465696844954335,0.4327583135200048,0.5633620616418176,0.2745432193790163,0.2745432193790163,0.8372005671262741,0.0,0.0,0.0,0.5498081028461456,0.43241141736507416,0.42846109718084335,0.798599362373352,0.798599362373352,0.37832266092300415,0.3486709356307983,0.3992186188697815,0.34031255245208736,0.7565487623214722,0.016083178343251348,-0.01055188,-0.00994862,-0.05357043
0.4642857142857143,0.5,0.3333333333333333,0.42424242424242425,0.6153846153846154,0.5869565217391305,0.0,0.0,0.5239662840307101,0.5239594859101349,0.4104876249287826,0.5857135284876454,0.33184166465486803,0.33184166465486803,0.8388029411435127,0.0,0.0,0.0,0.5559076249599456,0.4320937395095825,0.4274696037173271,0.8024330735206604,0.8024330735206604,0.38894838094711304,0.34442064762115476,0.4126732647418976,0.33493069410324094,0.7615100145339966,0.0,-0.03234666,-0.04303545,-0.08561634
0.4642857142857143,0.5,0.3333333333333333,0.42424242424242425,0.6153846153846154,0.5869565217391305,0.0,0.0,0.5451738987096637,0.5451671518741557,0.40240000402038456,0.5941385794957277,0.25558135339191984,0.25558135339191984,0.8459470570087433,0.0,0.0,0.0,0.5485988169908523,0.4402822181582451,0.43792370334267616,0.7987328767776489,0.7987328767776489,0.3807355463504791,0.34770578145980835,0.41003847122192383,0.3359846115112305,0.7661057114601135,0.0,-0.04456396,-0.05856612,-0.105468
0.4642857142857143,0.5,0.3333333333333333,0.42424242424242425,0.6153846153846154,0.5869565217391305,0.0,0.0,0.5165164399443347,0.5165095506503067,0.3759819490275921,0.6200665515371258,0.2424959944827216,0.2424959944827216,0.8478402867913246,0.0,0.0,0.0,0.5441156953573226,0.4433506987988949,0.4418787844479084,0.7921902537345886,0.7921902537345886,0.3713034987449646,0.3514786005020142,0.40711095929145813,0.3371556162834167,0.7685878872871399,0.0,-0.05669442,-0.07247674,-0.09722798
0.4642857142857143,0.5,0.3333333333333333,0.42424242424242425,0.6153846153846154,0.5869565217391305,0.0,0.0,0.4693331566868959,0.4693261705210742,0.3523529925264318,0.6436057876623789,0.238342359662056,0.238342359662056,0.8251476883888245,0.0,0.0,0.0,0.5436863005161285,0.44078246504068375,0.44040851667523384,0.7896309494972229,0.7896309494972229,0.33493074774742126,0.3660277009010315,0.38305148482322693,0.34677940607070923,0.7758065462112427,0.0,-0.06618843,-0.07503161,-0.08758079
0.4642857142857143,0.5,0.3333333333333333,0.42424242424242425,0.6153846153846154,0.5869565217391305,0.0,0.0,0.4598363845343799,0.4598294211619215,0.34455205514371734,0.6518349382612441,0.2370978891849518,0.2370978891849518,0.8208693489432335,0.0,0.0,0.0,0.543855258822441,0.4311954081058502,0.4344707578420639,0.789715588092804,0.789715588092804,0.28718897700309753,0.385124409198761,0.3373616337776184,0.36505534648895266,0.7770296335220337,0.0,-0.08486358,-0.0748083,-0.07536502
0.4642857142857143,0.5,0.3333333333333333,0.42424242424242425,0.6153846153846154,0.5869565217391305,0.0,0.0,0.43189467298824974,0.4318877836942217,0.3290225948931838,0.6682582060597316,0.22993942456586022,0.22993942456586022,0.8103908896446228,0.0,0.0,0.0,0.5412545025348663,0.4239789694547653,0.4296042174100876,0.7879238724708557,0.7879238724708557,0.2525154948234558,0.3989938020706177,0.30590060353279114,0.37763975858688353,0.7763937711715698,0.0,-0.09524438,-0.07081082,-0.06597038
0.4642857142857143,0.5,0.3333333333333333,0.42424242424242425,0.6153846153846154,0.5869565217391305,0.0,0.0,0.41757881117140583,0.4175719275757186,0.296497115213602,0.7020940533964807,0.20514106644051416,0.20514106644051416,0.8050833195447922,0.0,0.0,0.0,0.5208078354597091,0.4238361790776253,0.4324974864721298,0.7675966024398804,0.7675966024398804,0.24714763462543488,0.40114094614982604,0.304164320230484,0.3783342719078064,0.7776587009429932,0.0,-0.09118467,-0.0644315,-0.05490895
0.4642857142857143,0.5,0.3333333333333333,0.42424242424242425,0.6153846153846154,0.5869565217391305,0.0,0.0,0.4095164794994814,0.40950965858554295,0.2564871042226058,0.7441479794559192,0.19384839705058507,0.19384839705058507,0.803293950855732,0.0,0.0,0.0,0.511974960565567,0.4246985390782356,0.43832361698150635,0.7572398781776428,0.7572398781776428,0.24480056762695312,0.40207977294921876,0.30774006247520447,0.37690397500991824,0.7856951951980591,0.0,-0.1006559,-0.05028483,-0.05057503
0.4642857142857143,0.5,0.3333333333333333,0.42424242424242425,0.6153846153846154,0.5869565217391305,0.0,0.0,0.3997312772798265,0.39972449625427364,0.24237208612562366,0.7592529133168,0.18718926502125605,0.18718926502125605,0.7870910987257957,0.0,0.0,0.0,0.5118867367506027,0.42098046839237213,0.43490952998399734,0.7570049166679382,0.7570049166679382,0.23746062815189362,0.40501574873924256,0.3070984184741974,0.37716063261032107,0.7971535921096802,0.0,-0.09907475,-0.03088962,-0.04459956
0.4642857142857143,0.5,0.3333333333333333,0.42424242424242425,0.6153846153846154,0.5869565217391305,0.0,0.0,0.4042051700059588,0.40419836618704275,0.29963022253937294,0.6993795005992033,0.18583615975720544,0.18583615975720544,0.788845919072628,0.0,0.0,0.0,0.5195937931537628,0.4190961867570877,0.43372443318367004,0.7615928649902344,0.7615928649902344,0.23998895287513733,0.4040044188499451,0.31671085953712463,0.37331565618515017,0.7976887226104736,0.0,-0.09973017,-0.00379812,-0.02647763
0.4642857142857143,0.5,0.3333333333333333,0.42424242424242425,0.6153846153846154,0.5869565217391305,0.4151364266872406,0.41252216696739197,0.3065100801150612,0.3065103764287828,0.3962932403411282,0.6014042831237134,0.2812688478401729,0.2812688478401729,0.760875016450882,0.0,0.0,0.0,0.5512114226818084,0.39023401588201523,0.40934760868549347,0.799626350402832,0.799626350402832,0.292581707239151,0.3829673171043396,0.35002413392066956,0.35999034643173217,0.765058159828186,0.0,-0.10286893,0.02071254,-0.01496944
0.4642857142857143,0.5,0.3333333333333333,0.42424242424242425,0.6153846153846154,0.5869565217391305,0.16583563387393951,0.16319110989570618,0.38025936296291607,0.38025936296291607,0.45416302241057327,0.5416943358594961,0.436126036303384,0.436126036303384,0.7487195730209351,0.0,0.0,0.0,0.5781234830617904,0.3472559452056885,0.3680375665426254,0.8380500674247742,0.8380500674247742,0.3032292425632477,0.3787083029747009,0.31405794620513916,0.3743768215179443,0.7122400999069214,0.0,-0.09860374,0.04417874,0.00369462
0.4642857142857143,0.5,0.3333333333333333,0.42424242424242425,0.6153846153846154,0.5869565217391305,0.1282411366701126,0.1259925365447998,0.38635535677805916,0.3863553225880143,0.47674300127002067,0.5188279227767751,0.4955983800547464,0.4955983800547464,0.748363196849823,0.0,0.0,0.0,0.5945882707834244,0.3108292520046234,0.32599905133247375,0.859947919845581,0.859947919845581,0.2951715886592865,0.3819313645362854,0.29935210943222046,0.3802591562271118,0.669928789138794,0.0,-0.11879422,0.06538633,0.01623644
0.4642857142857143,0.5,0.3333333333333333,0.42424242424242425,0.6153846153846154,0.5869565217391305,0.11834722012281418,0.11647538095712662,0.3845329931999484,0.3845329362165404,0.48979010328963885,0.5057194567496595,0.544218122959137,0.544218122959137,0.745782881975174,0.0,0.0,0.0,0.6049387872219085,0.28949862718582153,0.2936667948961258,0.8717617392539978,0.8717617392539978,0.2844267189502716,0.38622931241989134,0.2914144694805145,0.38343421220779417,0.639533281326294,0.0,-0.12561251,0.08667082,0.02619521
0.4642857142857143,0.5,0.3333333333333333,0.42424242424242425,0.6153846153846154,0.5869565217391305,0.11799756437540054,0.11632875353097916,0.3839163073618143,0.3839162731717695,0.49710273239797204,0.4983322360040986,0.5970864423683712,0.5970864423683712,0.741875559091568,0.0,0.0,0.0,0.6103464543819427,0.2724274545907974,0.2723041921854019,0.8768722414970398,0.8768722414970398,0.28216975927352905,0.38713209629058837,0.2898617684841156,0.38405529260635374,0.6292182803153992,0.0,-0.13147801,0.09382468,0.02940202
0.4642857142857143,0.5,0.3333333333333333,0.42424242424242425,0.6153846153846154,0.5869565217391305,0.11593497544527054,0.11440705507993698,0.3831113483436249,0.3831113027568985,0.5082773101261423,0.48727318109512735,0.596842212336404,0.596842212336404,0.7418500334024429,0.0,0.0,0.0,0.6122091263532639,0.27102838456630707,0.2699851095676422,0.8792004585266113,0.8792004585266113,0.28136730194091797,0.3874530792236328,0.28817805647850037,0.38472877740859984,0.6188594102859497,0.011885964777320623,-0.11489026,0.10072088,0.02209582
0.4642857142857143,0.5,0.3333333333333333,0.42424242424242425,0.6153846153846154,0.5869565217391305,0.10322307050228119,0.10123436152935028,0.38305055844396296,0.38305053565059977,0.5298533481803952,0.4657660131877918,0.5891181954315731,0.5891181954315731,0.741914764046669,0.0,0.0,0.0,0.6126603424549102,0.2711186408996582,0.2675047665834427,0.8797436952590942,0.8797436952590942,0.28284111618995667,0.38686355352401736,0.2856020927429199,0.385759162902832,0.613503098487854,0.02528546843677759,-0.10164421,0.10527152,0.02242812
0.4642857142857143,0.5,0.3333333333333333,0.42424242424242425,0.6153846153846154,0.5869565217391305,0.0,0.0,0.43427457362698324,0.4342743342966696,0.6135960591682741,0.3841701264540456,0.5871321048055377,0.5871321048055377,0.775712862610817,0.0,0.0,0.0,0.6118213713169097,0.27885428071022034,0.27107708156108856,0.8779783844947815,0.8779783844947815,0.2921726703643799,0.38313093185424807,0.2822962701320648,0.38708149194717406,0.6299581527709961,0.10783531703054905,-0.09293772,0.11455897,0.01943263
0.4642857142857143,0.5,0.3333333333333333,0.42424242424242425,0.6153846153846154,0.5869565217391305,0.0,0.0,0.4428189564389435,0.44281865442688106,0.6463534271283997,0.35276881544762717,0.5587789629186903,0.5587789629186903,0.7702555507421494,0.0,0.0,0.0,0.6031146049499512,0.2851720452308655,0.2736552804708481,0.8610893487930298,0.8610893487930298,0.3143940567970276,0.3742423772811889,0.2783694267272949,0.38865222930908205,0.6478984355926514,0.1699797809123993,-0.08457938,0.12897806,0.0240244
0.4642857142857143,0.5,0.3333333333333333,0.42424242424242425,0.6153846153846154,0.5869565217391305,0.0,0.0,0.43648094839165363,0.43648067487129516,0.660180143370911,0.33960532909091024,0.5323090297835215,0.5323090297835215,0.7618774324655533,0.0,0.0,0.0,0.6018425047397613,0.28470173478126526,0.2704486548900604,0.8586249351501465,0.8586249351501465,0.323641300201416,0.3705434799194336,0.27830085158348083,0.38867965936660764,0.6514756083488464,0.17838399857282639,-0.07473638,0.13489,0.02563678
0.4642857142857143,0.5,0.3333333333333333,0.42424242424242425,0.6153846153846154,0.5869565217391305,0.0,0.0,0.43671087074462134,0.43671062571596686,0.6798424278572914,0.32077338403264555,0.5357273348740169,0.5357273348740169,0.7541584670543671,0.0,0.0,0.0,0.6027708262205124,0.28046202659606934,0.26253241300582886,0.8586636185646057,0.8586636185646057,0.3307742178440094,0.36769031286239623,0.27704885601997375,0.3891804575920105,0.6370587944984436,0.19821489229798317,-0.06492648,0.1379419,0.03366477
0.4642857142857143,0.5,0.3333333333333333,0.42424242424242425,0.6153846153846154,0.5869565217391305,0.0,0.0,0.43680197581734304,0.43680171939200696,0.7056876970294784,0.2961555488656123,0.5508928639548166,0.5508928639548166,0.7426761016249657,0.0,0.0,0.0,0.6046194374561309,0.27448301017284393,0.25525467097759247,0.8593922257423401,0.8593922257423401,0.3329896926879883,0.3668041229248047,0.2738555371761322,0.3904577851295471,0.5966562628746033,0.20933672785758972,-0.05241741,0.13571765,0.03702031
0.4642857142857143,0.5,0.3333333333333333,0.42424242424242425,0.6153846153846154,0.5869565217391305,0.0,0.0,0.4334671472272271,0.4334668965002319,0.7243783232358856,0.2783763608735966,0.5486270998205458,0.5486270998205458,0.7383050918579102,0.0,0.0,0.0,0.6032303243875503,0.2739327996969223,0.2543812543153763,0.8557087779045105,0.8557087779045105,0.3363902270793915,0.36544390916824343,0.2729271650314331,0.39082913398742675,0.6061930656433105,0.21703071892261505,-0.04082776,0.12521891,0.02783661
0.4642857142857143,0.5,0.3333333333333333,0.42424242424242425,0.6153846153846154,0.5869565217391305,0.0,0.0,0.43602805566149505,0.43602778783947743,0.7271993894194098,0.27559069278312637,0.5523307408605304,0.5523307408605304,0.7334516569972038,0.0,0.0,0.0,0.6035046756267547,0.26973527669906616,0.2489999532699585,0.8543445467948914,0.8543445467948914,0.3462553918361664,0.36149784326553347,0.2747599482536316,0.3900960206985474,0.6028761267662048,0.2479599043726921,-0.04637937,0.11631112,0.02843257
0.4642857142857143,0.5,0.3333333333333333,0.42424242424242425,0.6153846153846154,0.5869565217391305,0.0,0.0,0.458224024758968,0.458223668612668,0.7317510189107453,0.2708963540447779,0.631452202796936,0.631452202796936,0.7143174260854721,0.0,0.0,0.0,0.6076915204524993,0.25305525958538055,0.23070639371871948,0.8579742312431335,0.8579742312431335,0.3718341886997223,0.3512663245201111,0.2861862778663635,0.3855254888534546,0.5498150587081909,0.27300769463181496,-0.0492519,0.11269128,0.02911417
0.4642857142857143,0.5,0.3333333333333333,0.42424242424242425,0.6153846153846154,0.5869565217391305,0.0,0.0,0.446416905915532,0.4464166096018104,0.805921990374534,0.20069990690939238,0.6430914359433311,0.6430914359433311,0.705280527472496,0.0,0.0,0.0,0.6070868253707885,0.2512868046760559,0.23175442218780518,0.854241132736206,0.854241132736206,0.3836701512336731,0.3465319395065307,0.2895095944404602,0.3841961622238159,0.46766695380210876,0.2739240415394306,-0.04934163,0.12744547,0.02187412
0.4642857142857143,0.5,0.3333333333333333,0.42424242424242425,0.6153846153846154,0.5869565217391305,0.0,0.0,0.4455474131877746,0.44554711687405296,0.8096779947299119,0.19719567804395305,0.6467993131705694,0.6467993131705694,0.7049660831689835,0.0,0.0,0.0,0.6067748814821243,0.2512378841638565,0.23176491260528564,0.8534765243530273,0.8534765243530273,0.38495272397994995,0.34601891040802,0.2899376153945923,0.38402495384216306,0.4650561511516571,0.2731301821768284,-0.04347094,0.12934624,0.02480412
0.4642857142857143,0.5,0.3333333333333333,0.42424242424242425,0.6153846153846154,0.5869565217391305,0.0,0.0,0.4973354825525621,0.4973349431689907,0.5949595899928368,0.40189712904100844,0.7512985169887543,0.7512985169887543,0.7008729428052902,0.0,0.0,0.0,0.606959381699562,0.2566661089658737,0.234897643327713,0.8513035774230957,0.8513035774230957,0.41200488805770874,0.3351980447769165,0.31938236951828003,0.37224705219268794,0.46968522667884827,0.274612233042717,-0.0487229,0.13899943,0.03519086
0.4642857142857143,0.5,0.3333333333333333,0.42424242424242425,0.6153846153846154,0.5869565217391305,0.0,0.0,0.5375360649356878,0.537534614707954,0.598781227837557,0.39867175418099254,0.6666486390999385,0.6666486390999385,0.7200195640325546,0.0,0.0,0.0,0.5920679986476898,0.2853130102157593,0.25915318727493286,0.8226768970489502,0.8226768970489502,0.40336060523986816,0.3386557579040527,0.3095417618751526,0.376183295249939,0.4940038025379181,0.2768799848854542,-0.05978037,0.1540066,0.05190893
0.4642857142857143,0.5,0.3333333333333333,0.42424242424242425,0.6153846153846154,0.5869565217391305,0.0,0.0,0.5368949674055635,0.5368935342728521,0.5907944675613316,0.40639174093429214,0.6636268326214382,0.6636268326214382,0.7218082994222641,0.0,0.0,0.0,0.5877666860818862,0.28708915412425995,0.2610912173986435,0.8170029520988464,0.8170029520988464,0.40254467725753784,0.3389821290969849,0.3074415326118469,0.3770233869552612,0.5012860298156738,0.27386173605918884,-0.0653925,0.15568025,0.04359326
0.4642857142857143,0.5,0.3333333333333333,0.42424242424242425,0.6153846153846154,0.5869565217391305,0.0,0.0,0.54380455892355,0.5438030802041122,0.5974888783340017,0.39998729593160687,0.6645244359970093,0.6645244359970093,0.7241438776254654,0.0,0.0,0.0,0.585830956697464,0.2912634164094925,0.2666190564632416,0.8140931129455566,0.8140931129455566,0.4039059281349182,0.33843762874603267,0.3072202801704407,0.3771118879318237,0.5126422047615051,0.26953522115945816,-0.06871951,0.15156732,0.0088272
0.4642857142857143,0.5,0.3333333333333333,0.42424242424242425,0.6153846153846154,0.5869565217391305,0.0,0.0,0.5495692113161543,0.5495676841608197,0.6016740931151702,0.39613926337229766,0.6655280930655344,0.6655280930655344,0.728737011551857,0.0,0.0,0.0,0.5843070775270461,0.2927863597869873,0.26884016394615173,0.8119023442268372,0.8119023442268372,0.4064771234989166,0.3374091506004333,0.30811986327171326,0.3767520546913147,0.5089178085327148,0.26602189987897873,-0.06822098,0.13156682,-0.01953912
0.4642857142857143,0.5,0.3333333333333333,0.42424242424242425,0.6153846153846154,0.5869565217391305,0.0,0.0,0.5465164249531398,0.5465149148928276,0.6009456058305263,0.3968716255286861,0.6652807337897165,0.6652807337897165,0.729651115834713,0.0,0.0,0.0,0.5830184340476989,0.2925168573856354,0.2688816338777542,0.8102883100509644,0.8102883100509644,0.4054431915283203,0.33782272338867186,0.30619361996650696,0.37752255201339724,0.5088315606117249,0.26743311434984207,-0.07046883,0.11327197,-0.04968472
0.4642857142857143,0.5,0.3333333333333333,0.42424242424242425,0.6153846153846154,0.5869565217391305,0.0,0.0,0.528967524007903,0.5289661450094292,0.5943468018198105,0.4030063794579556,0.6582626061780112,0.6582626061780112,0.7318956777453423,0.0,0.0,0.0,0.5822283208370208,0.29198864102363586,0.2704073488712311,0.809977114200592,0.809977114200592,0.4045209288597107,0.3381916284561157,0.30460497736930847,0.3781580090522766,0.5069352388381958,0.2689930610358715,-0.07737098,0.09364755,-0.06693099
0.4642857142857143,0.5,0.3333333333333333,0.42424242424242425,0.6153846153846154,0.5869565217391305,0.0,0.0,0.5211414583668427,0.5211401392009473,0.5763027492490371,0.4207992776579378,0.6393631654126304,0.6393631654126304,0.7343244105577469,0.0,0.0,0.0,0.5818883806467056,0.29364629089832306,0.274520680308342,0.8105563521385193,0.8105563521385193,0.40061822533607483,0.33975270986557005,0.30112868547439575,0.3795485258102417,0.5073373317718506,0.27381841093301773,-0.09439102,0.06021807,-0.08462492
0.4642857142857143,0.5,0.3333333333333333,0.42424242424242425,0.6153846153846154,0.5869565217391305,0.0,0.0,0.5057851165590049,0.5057839110037793,0.5589265308234249,0.4378030924172014,0.6366947080407824,0.6366947080407824,0.7358859702944756,0.0,0.0,0.0,0.5836264669895171,0.2911660820245743,0.2697300314903259,0.8147115111351013,0.8147115111351013,0.3959808349609375,0.341607666015625,0.2977449893951416,0.38090200424194337,0.5007335543632507,0.2845211513340473,-0.10319262,0.03761583,-0.09673756
0.4642857142857143,0.5,0.3333333333333333,0.42424242424242425,0.6153846153846154,0.5869565217391305,0.0,0.0,0.48993039928932264,0.48992930876935187,0.593266641432651,0.40398322322805746,0.6442834649767195,0.6442834649767195,0.7370192855596542,0.0,0.0,0.0,0.5859688729047775,0.28183451294898987,0.2611749619245529,0.819033682346344,0.819033682346344,0.39065778255462646,0.3437368869781494,0.2959368824958801,0.38162524700164796,0.45335879921913147,0.2930126525461674,-0.11212966,0.01446032,-0.10228696
0.4642857142857143,0.5,0.3333333333333333,0.42424242424242425,0.6153846153846154,0.5869565217391305,0.0,0.0,0.4779827892780304,0.4779817849454643,0.6037150336497145,0.39359522772514066,0.652524403163365,0.652524403163365,0.7449357658624649,0.0,0.0,0.0,0.5853982865810394,0.27348563075065613,0.25590161979198456,0.8188496232032776,0.8188496232032776,0.38080331683158875,0.34767867326736446,0.2927922010421753,0.38288311958312987,0.3552704155445099,0.2862349897623062,-0.12099455,-0.00528552,-0.11115465
0.4642857142857143,0.5,0.3333333333333333,0.42424242424242425,0.6153846153846154,0.5869565217391305,0.0,0.0,0.47715797296673573,0.4771569828800216,0.5924727201005925,0.40483193410691476,0.8730313181877136,0.8730313181877136,0.7198982238769531,0.0,0.0,0.0,0.5851494699716567,0.19354727864265442,0.17551851272583008,0.8180945515632629,0.8180945515632629,0.3787034749984741,0.34851861000061035,0.30622586607933044,0.3775096535682678,0.3029243052005768,0.2604307234287262,-0.13765277,-0.02480117,-0.11450465
0.4642857142857143,0.5,0.3333333333333333,0.42424242424242425,0.6153846153846154,0.5869565217391305,0.0,0.0,0.4748018913925492,0.47480092267461305,0.5756333024734293,0.42136341339720773,0.9196717398507255,0.9196717398507255,0.7088407874107361,0.0,0.0,0.0,0.5965661615133285,0.1814563274383545,0.16301488876342773,0.8354418277740479,0.8354418277740479,0.3861032724380493,0.34555869102478026,0.3176453709602356,0.37294185161590576,0.3182740807533264,0.26119329035282135,-0.15456251,-0.04811361,-0.10681194
0.4642857142857143,0.5,0.3333333333333333,0.42424242424242425,0.6153846153846154,0.5869565217391305,0.0,0.0,0.4795963172133065,0.47959530575781434,0.552915909550158,0.4439236802712403,0.9333992004394532,0.9333992004394532,0.7033555805683136,0.0,0.0,0.0,0.5994188427925109,0.17631635069847107,0.15714946389198303,0.8395645022392273,0.8395645022392273,0.3908025622367859,0.34367897510528567,0.323655903339386,0.3705376386642456,0.3268797993659973,0.2666805684566498,-0.16047725,-0.06001065,-0.10411435
0.4642857142857143,0.5,0.3333333333333333,0.42424242424242425,0.6153846153846154,0.5869565217391305,0.0,0.0,0.48476172069062695,0.4847606807434308,0.5357728045483621,0.4610020977082667,0.9339751090322223,0.9339751090322223,0.7045261114835739,0.0,0.0,0.0,0.6005921632051467,0.17420193552970886,0.15587228536605835,0.8417223691940308,0.8417223691940308,0.38874363899230957,0.34450254440307615,0.3239421844482422,0.3704231262207031,0.3274228274822235,0.27124863117933273,-0.16709928,-0.08080399,-0.09826786
0.4642857142857143,0.5,0.3333333333333333,0.42424242424242425,0.6153846153846154,0.5869565217391305,0.0,0.0,0.48494578991975656,0.48494474427421963,0.5327196022064691,0.4639924388036167,0.9320709960801261,0.9320709960801261,0.7051066607236862,0.0,0.0,0.0,0.6012852489948273,0.17567753791809082,0.15777847170829773,0.8434270024299622,0.8434270024299622,0.3915509879589081,0.34337960481643676,0.3287685215473175,0.368492591381073,0.3321340084075928,0.27170633897185326,-0.16690442,-0.08756036,-0.0947356
0.4642857142857143,0.5,0.3333333333333333,0.42424242424242425,0.6153846153846154,0.5869565217391305,0.0,0.0,0.4811211718427975,0.4811201618118906,0.5282921367120105,0.4686711925798752,0.9413395183426994,0.9413395183426994,0.7289262562990189,0.0,0.0,0.0,0.6005694448947906,0.1840430498123169,0.16648995876312256,0.8436091542243958,0.8436091542243958,0.3862466812133789,0.34550132751464846,0.32636192440986633,0.3694552302360534,0.36200928688049316,0.2755408547818661,-0.18425835,-0.10224842,-0.0829957
0.4642857142857143,0.5,0.3333333333333333,0.42424242424242425,0.6153846153846154,0.5869565217391305,0.1315656304359436,0.13149498403072357,0.41569447813708743,0.41569394819139294,0.6084292026140494,0.389988417328607,1.0,1.0,0.729547306895256,0.0,0.0,0.0,0.6121107846498489,0.1504640281200409,0.14162376523017883,0.8653744459152222,0.8653744459152222,0.40096819400787354,0.3396127223968506,0.3532448709011078,0.3587020516395569,0.33211421966552734,0.2803204394876957,-0.18066231,-0.09933978,-0.07589492
0.4642857142857143,0.5,0.3333333333333333,0.42424242424242425,0.6153846153846154,0.5869565217391305,0.0,0.0,0.44513741756716374,0.4451366824812005,0.5945874769418691,0.40306715796093595,0.9823825103896006,0.9823825103896006,0.728871688246727,0.0,0.0,0.0,0.6108590871095657,0.16460496187210083,0.15843361616134644,0.865500271320343,0.865500271320343,0.36317986249923706,0.35472805500030513,0.3388456106185913,0.36446175575256345,0.32655230164527893,0.27679504826664925,-0.17552483,-0.08539011,-0.06289083
0.4642857142857143,0.5,0.3333333333333333,0.42424242424242425,0.6153846153846154,0.5869565217391305,0.0,0.0,0.4419248639739494,0.44192412888798616,0.5448768983379605,0.45170248529828483,0.9859891448702132,0.9859891448702132,0.6939967721700668,0.0,0.0,0.0,0.6118672460317611,0.1632884442806244,0.15934592485427856,0.8683568239212036,0.8683568239212036,0.34103071689605713,0.3635877132415771,0.32669100165367126,0.3693235993385315,0.3570643365383148,0.2694479748606682,-0.17410447,-0.07416674,-0.04251397
0.4642857142857143,0.5,0.3333333333333333,0.42424242424242425,0.6153846153846154,0.5869565217391305,0.0,0.0,0.43890229876137143,0.4388978483572061,0.5158755447053088,0.48022849901177866,1.0,1.0,0.6768274307250977,0.0,0.0,0.0,0.6147288352251052,0.15692371129989624,0.1555347740650177,0.8740733861923218,0.8740733861923218,0.33693817257881165,0.3652247309684753,0.32503417134284973,0.3699863314628601,0.35941383242607117,0.2545855939388275,-0.17407056,-0.05888083,-0.03955231
0.4642857142857143,0.5,0.3333333333333333,0.42424242424242425,0.6153846153846154,0.5869565217391305,0.0,0.0,0.4437503901312046,0.44374593402869844,0.48695230392835337,0.5088727048609903,1.0,1.0,0.6683460026979446,0.0,0.0,0.0,0.6168496280908584,0.15710166096687317,0.15600654482841492,0.8778744339942932,0.8778744339942932,0.33560216426849365,0.36575913429260254,0.3274628221988678,0.36901487112045284,0.360514760017395,0.2325495332479477,-0.16659563,-0.02752768,-0.03059958
0.4642857142857143,0.5,0.3333333333333333,0.42424242424242425,0.6153846153846154,0.5869565217391305,0.0,0.0,0.45157085002950226,0.4515664110220185,0.45791928604045745,0.538139417403464,1.0,1.0,0.6635735332965851,0.0,0.0,0.0,0.617229351401329,0.1571793556213379,0.15684205293655396,0.8792805075645447,0.8792805075645447,0.3398149013519287,0.3640740394592285,0.34736183285713196,0.3610552668571472,0.35337549448013306,0.2136947587132454,-0.15226351,-0.00325502,-0.02440019
0.4642857142857143,0.5,0.3333333333333333,0.42424242424242425,0.6153846153846154,0.5869565217391305,0.26584723591804504,0.26554352045059204,0.3811547090628863,0.38115027575374333,0.4153915087533954,0.5814304475523951,1.0,1.0,0.5916900634765625,0.0,0.0,0.0,0.61854188144207,0.1292322278022766,0.13128003478050232,0.8816249966621399,0.8816249966621399,0.4064207375049591,0.33743170499801634,0.43239104747772217,0.3270435810089111,0.3352588415145874,0.19308796152472496,-0.10913787,0.02027386,-0.0178579
0.4642857142857143,0.5,0.3333333333333333,0.42424242424242425,0.6153846153846154,0.5869565217391305,0.20876283943653107,0.20863471925258636,0.38470079793984757,0.3846963646307046,0.3900650336227271,0.6068714792773504,1.0,1.0,0.6054679900407791,0.0,0.0,0.0,0.6221157282590866,0.1306338906288147,0.13337233662605286,0.8871051669120789,0.8871051669120789,0.4159838557243347,0.3336064577102661,0.45303934812545776,0.3187842607498169,0.31970369815826416,0.1827436499297619,-0.04696298,0.06603127,-0.02418316
0.40262200337435516,0.43359292671084404,0.13281414657831192,0.13281414657831192,0.6153846153846154,0.5869565217391305,0.02763213776051998,0.027442364022135735,0.40641773886707955,0.4064133169546182,0.3900727263828081,0.6068011788468921,0.9569306032998222,0.9569306032998222,0.6786657869815826,0.0,0.0,0.0,0.6234755933284759,0.1937146782875061,0.20451217889785767,0.8895882964134216,0.8895882964134216,0.31068745255470276,0.3757250189781189,0.37717053294181824,0.3491317868232727,0.3341063857078552,0.1356408279389143,-0.00491322,0.09845191,-0.02208843
0.7301772538395155,0.7481654369168811,0.3333333333333333,0.42424242424242425,0.11905374155085313,0.0906256479053682,0.0,0.0,0.4162135229056014,0.4162091123898216,0.39502310297001386,0.6021803657998952,0.8959475585392543,0.8959475585392543,0.7305151522159576,0.0,0.0,0.0,0.6236565262079239,0.24783316254615784,0.25788864493370056,0.8915389180183411,0.8915389180183411,0.27815935015678406,0.3887362599372864,0.3453419506549835,0.3618632197380066,0.36841291189193726,0.10269330814480782,0.01738516,0.11924376,-0.02370776
0.7011673095680419,0.7210894889301724,0.3333333333333333,0.42424242424242425,0.17320563752427065,0.14477754387878572,0.0,0.0,0.41929573834968115,0.4192912936438566,0.3992682870897691,0.5975114473598586,0.9025329777172634,0.9025329777172634,0.7302586883306503,0.0,0.0,0.0,0.6249974071979523,0.2347991168498993,0.24390485882759094,0.894324004650116,0.894324004650116,0.2722264528274536,0.39110941886901857,0.33871763944625854,0.3645129442214966,0.3745223879814148,0.1013450138270855,0.03839984,0.13712248,-0.0237493
0.7114679412472815,0.7307034118307961,0.3333333333333333,0.42424242424242425,0.15397779172302317,0.12554969807753824,0.0,0.0,0.4249336938329226,0.42492927761880206,0.41259377157710936,0.5839851020576343,0.9005535074642727,0.9005535074642727,0.7287417948246002,0.0,0.0,0.0,0.6253079533576965,0.23634013533592224,0.24459046125411987,0.8955294489860535,0.8955294489860535,0.26862838864326477,0.3925486445426941,0.33236226439476013,0.3670550942420959,0.3813794255256653,0.10400090366601944,0.04674917,0.14480081,-0.01910154
0.6715137859185537,0.6934128668573167,0.3333333333333333,0.42424242424242425,0.2285588816699819,0.20013078802449696,0.0,0.0,0.4270935530416368,0.42708914252585706,0.4341035151344868,0.5622935208838432,0.9045173866408213,0.9045173866408213,0.7279029339551926,0.0,0.0,0.0,0.625261640548706,0.23598900437355042,0.24328309297561646,0.8957051634788513,0.8957051634788513,0.26831597089767456,0.3926736116409302,0.3290409445762634,0.3683836221694946,0.38840505480766296,0.10689616203308105,0.0568539,0.15077777,-0.02010329
0.6242684569387209,0.6493172264761395,0.3333333333333333,0.42424242424242425,0.31675016243233645,0.2883220687868515,0.0,0.0,0.49178111852355033,0.49178935048912953,0.47725493166004496,0.5199422504153758,0.8869363580431258,0.8869363580431258,0.7357858568429947,0.0,0.0,0.0,0.6223351925611496,0.24410030245780945,0.24273666739463806,0.892848014831543,0.892848014831543,0.2905043363571167,0.38379826545715334,0.33824822306632996,0.364700710773468,0.4118846356868744,0.11195492930710316,0.0624684,0.15814245,-0.01637372
0.6087195121106648,0.6348048779699538,0.3333333333333333,0.42424242424242425,0.3457748594447079,0.317346765799223,0.0,0.0,0.5033536822629476,0.5033744851244795,0.5233019059292445,0.4748259134953104,0.8578655975205558,0.8578655975205558,0.7401909232139587,0.0,0.0,0.0,0.6201507717370986,0.25143231451511383,0.24634447693824768,0.8902488946914673,0.8902488946914673,0.28873902559280396,0.38450438976287843,0.32261696457862854,0.37095321416854854,0.4216558039188385,0.13591215945780277,0.06559235,0.16582033,-0.01580829
0.6147045812436512,0.6403909424940745,0.3333333333333333,0.42424242424242425,0.33460273039646643,0.3061746367509815,0.0,0.0,0.4452552022715144,0.4452756650133297,0.5309401556820988,0.46677880779000536,0.952316735471998,0.952316735471998,0.7270747423171997,0.0,0.0,0.0,0.6199715495109558,0.21363279223442078,0.20832520723342896,0.8880571126937866,0.8880571126937866,0.3016628921031952,0.3793348431587219,0.32433226704597473,0.3702670931816101,0.3829691708087921,0.15629876405000687,0.06322304,0.16992524,-0.01069384
0.5711111809526171,0.5997037688891093,0.3333333333333333,0.42424242424242425,0.41597707760639685,0.3875489839609119,0.0,0.0,0.48861362099875455,0.48863449544569276,0.5905016184309017,0.40822799706727503,0.9711790936333793,0.9711790936333793,0.7294810712337494,0.0,0.0,0.0,0.6218576282262802,0.2156393826007843,0.2020551562309265,0.8876841068267822,0.8876841068267822,0.3330789804458618,0.36676840782165526,0.33925291895866394,0.3642988324165344,0.35288357734680176,0.1704941876232624,0.03969373,0.17229277,0.00305799
0.46953247190408764,0.5048969737771485,0.3333333333333333,0.42424242424242425,0.6055906678303185,0.5771625741848335,0.0,0.0,0.5154935037200811,0.5155144280275012,0.6261429052735834,0.3739322708345457,0.9121254086494447,0.9121254086494447,0.7388411462306976,0.0,0.0,0.0,0.6188397645950316,0.23231181502342224,0.21821779012680054,0.8806465268135071,0.8806465268135071,0.33114802837371826,0.36754078865051265,0.3343839943408966,0.36624640226364136,0.3546235263347626,0.17951667308807373,0.0172764,0.1751575,0.02183014
0.4642857142857143,0.5,0.3333333333333333,0.42424242424242425,0.6153846153846154,0.5869565217391305,0.0,0.0,0.5481497888127431,0.5481707928969345,0.6274796676453396,0.372985901791046,0.8927118778228761,0.8927118778228761,0.7148357629776001,0.0,0.0,0.0,0.6052392363548278,0.19552883505821228,0.18201884627342224,0.857761800289154,0.857761800289154,0.33630111813545227,0.3654795527458191,0.3325217664241791,0.3669912934303283,0.3313030004501343,0.1868809387087822,0.00061496,0.18133229,0.04109802
0.4642857142857143,0.5,0.3333333333333333,0.42424242424242425,0.6153846153846154,0.5869565217391305,0.6291803121566772,0.6283820271492004,0.36760322268104917,0.3676228591634484,0.5066816137238169,0.49067140942499193,1.0,1.0,0.6539227664470673,0.0,0.0,0.0,0.6127849698066711,0.14237332344055176,0.12818554043769836,0.8668032884597778,0.8668032884597778,0.39231058955192566,0.3430757641792297,0.3648194968700409,0.35407220125198363,0.3033432066440582,0.20013652741909027,-0.01326374,0.19095024,0.04030938
0.4642857142857143,0.5,0.3333333333333333,0.42424242424242425,0.6153846153846154,0.5869565217391305,0.953931987285614,0.953925371170044,0.3758318319375383,0.3758516393701615,0.5112423092753664,0.48612706811154044,0.9923513446535384,0.9923513446535384,0.6195562481880188,0.0,0.0,0.0,0.619113677740097,0.13032224774360657,0.11786934733390808,0.8739553093910217,0.8739553093910217,0.3924888074398041,0.3430044770240783,0.36728233098983765,0.35308706760406494,0.2893659472465515,0.20587947219610214,-0.04428269,0.20226376,0.05475025
0.4642857142857143,0.5,0.3333333333333333,0.42424242424242425,0.6153846153846154,0.5869565217391305,0.0,0.0,0.5047965954640171,0.5048176180678161,0.6158468126111003,0.3834739715551049,0.8969464046614511,0.8969464046614511,0.6992880254983902,0.0,0.0,0.0,0.6147628813982009,0.16403955221176147,0.1523379683494568,0.8707676529884338,0.8707676529884338,0.3676202893257141,0.35295188426971436,0.3426628112792969,0.36293487548828124,0.29335710406303406,0.21196328103542328,-0.05251062,0.20453154,0.06316992
0.4642857142857143,0.5,0.3333333333333333,0.42424242424242425,0.6153846153846154,0.5869565217391305,0.0,0.0,0.5049167788136986,0.5049376069616177,0.6322872210187165,0.3680236270682483,0.8569495167051043,0.8569495167051043,0.7041901797056198,0.0,0.0,0.0,0.6108624041080475,0.17651426792144775,0.16554012894630432,0.8662256002426147,0.8662256002426147,0.3496149778366089,0.3601540088653564,0.3266567289829254,0.3693373084068298,0.31530097126960754,0.21245112642645836,-0.05762077,0.21009745,0.07109148
0.4642857142857143,0.5,0.3333333333333333,0.42424242424242425,0.6153846153846154,0.5869565217391305,0.0,0.0,0.4972139282176987,0.49723474247591215,0.6420245799690086,0.3584692532377485,0.8511924317904882,0.8511924317904882,0.7054769098758698,0.0,0.0,0.0,0.6094363451004028,0.17974558472633362,0.16860505938529968,0.8645247220993042,0.8645247220993042,0.34160342812538147,0.36335862874984737,0.3183063566684723,0.37267745733261104,0.32309502363204956,0.2116662822663784,-0.05744705,0.21449716,0.07811951
0.4642857142857143,0.5,0.3333333333333333,0.42424242424242425,0.6153846153846154,0.5869565217391305,0.26837295293807983,0.26839885115623474,0.3603701477524883,0.3603861600901383,0.5656444643469203,0.4327826490315101,0.967210488659995,0.967210488659995,0.6959846168756485,0.0,0.0,0.0,0.6152400702238082,0.151839017868042,0.14143607020378113,0.8747372627258301,0.8747372627258301,0.3291628062725067,0.3683348774909973,0.30577772855758667,0.37768890857696535,0.3217940330505371,0.21492406725883484,-0.05891813,0.22489879,0.08861886
0.4642857142857143,0.5,0.3333333333333333,0.42424242424242425,0.6153846153846154,0.5869565217391305,0.998266339302063,0.9982706904411316,0.3769105506444752,0.37692627806508516,0.5102776243399479,0.489043222508006,0.9539195043700083,0.9539195043700083,0.5743205696344376,0.0,0.0,0.0,0.619007471203804,0.1333959698677063,0.1218196451663971,0.8788669109344482,0.8788669109344482,0.327860027551651,0.3688559889793396,0.30615344643592834,0.37753862142562866,0.3089655041694641,0.21898817270994186,-0.06005835,0.23037888,0.09910769
0.4642857142857143,0.5,0.3333333333333333,0.42424242424242425,0.6153846153846154,0.5869565217391305,0.9927434325218201,0.9927431344985962,0.38667792845410554,0.3866937014614419,0.5096724498625239,0.4897278610601885,0.9738943832261222,0.9738943832261222,0.5493326485157013,0.0,0.0,0.0,0.6187169939279555,0.1246974766254425,0.11390390992164612,0.8763490915298462,0.8763490915298462,0.3348332941532135,0.3660666823387146,0.31193625926971436,0.37522549629211427,0.31775546073913574,0.22217445075511932,-0.05068705,0.2220625,0.10941213
0.4642857142857143,0.5,0.3333333333333333,0.42424242424242425,0.6153846153846154,0.5869565217391305,0.9890967011451721,0.9890962243080139,0.3787087076708646,0.37872451486824577,0.5095393045682525,0.48962003135721677,0.9442942908832006,0.9442942908832006,0.57193523645401,0.0,0.0,0.0,0.618349015712738,0.12596014142036438,0.1147412359714508,0.8749355673789978,0.8749355673789978,0.3386716842651367,0.3645313262939453,0.3157002627849579,0.37371989488601687,0.31507712602615356,0.21927092224359512,-0.04908931,0.23217408,0.11471105
0.4642857142857143,0.5,0.3333333333333333,0.42424242424242425,0.6153846153846154,0.5869565217391305,0.15443909168243408,0.15426629781723022,0.3978557481820451,0.3978725810807704,0.5229565166720469,0.47327813586536327,0.8958466563905989,0.8958466563905989,0.6938574016094208,0.0,0.0,0.0,0.6188699722290039,0.15714037418365479,0.14503255486488342,0.8760508894920349,0.8760508894920349,0.3272189795970917,0.3691124081611633,0.31069526076316833,0.3757218956947327,0.3074468672275543,0.2217710204422474,-0.0512634,0.2403751,0.12548113
0.4642857142857143,0.5,0.3333333333333333,0.42424242424242425,0.6153846153846154,0.5869565217391305,0.057395968586206436,0.05715710669755936,0.42311793463179986,0.4231351379226772,0.5316453623954014,0.46407985704984034,0.8259529301098415,0.8259529301098415,0.6923131793737411,0.0,0.0,0.0,0.6209162682294845,0.17905226349830627,0.1635589599609375,0.8796688914299011,0.8796688914299011,0.31047946214675903,0.37580821514129636,0.29858824610710144,0.38056470155715943,0.33041608333587646,0.2223752625286579,-0.04787152,0.2453935,0.15197705
0.4642857142857143,0.5,0.3333333333333333,0.42424242424242425,0.6153846153846154,0.5869565217391305,0.051838282495737076,0.051549773663282394,0.42412960666087574,0.4241468555384795,0.5413450296704674,0.45437011795740917,0.7493917856897627,0.7493917856897627,0.694868192076683,0.0,0.0,0.0,0.620365896821022,0.20861998200416565,0.19503900408744812,0.879518985748291,0.879518985748291,0.303845077753067,0.3784619688987732,0.28951188921928406,0.38419524431228635,0.3498465418815613,0.2152540720999241,-0.05313184,0.24185061,0.15829188
0.4642857142857143,0.5,0.3333333333333333,0.42424242424242425,0.6153846153846154,0.5869565217391305,0.09495823830366135,0.09406094998121262,0.42967447404879683,0.42969171722805977,0.5511349330212828,0.44488549181830994,0.5548781156539917,0.5548781156539917,0.7281333059072495,0.0,0.0,0.0,0.5914535403251647,0.3012731373310089,0.2957029193639755,0.8409857749938965,0.8409857749938965,0.2590007483959198,0.3963997006416321,0.2413756400346756,0.40344974398612976,0.36308127641677856,0.20625237375497818,-0.05316517,0.24332282,0.16293956
0.4642857142857143,0.5,0.3333333333333333,0.42424242424242425,0.6153846153846154,0.5869565217391305,0.7862167954444885,0.7826555967330933,0.3019567183281222,0.3019720126748313,0.5261277102831445,0.47213202288177636,0.38248162184442797,0.38248162184442797,0.7981471195816994,0.0,0.0,0.0,0.5120068371295928,0.33088091015815735,0.3358726352453232,0.7336045503616333,0.7336045503616333,0.17572131752967834,0.4297114729881287,0.17193640768527985,0.43122543692588805,0.23319369554519653,0.1558374334126711,-0.04736752,0.242286,0.1500636
0.4642857142857143,0.5,0.3333333333333333,0.42424242424242425,0.6153846153846154,0.5869565217391305,0.15359896421432495,0.15274247527122498,0.4259343338742083,0.4259514630866552,0.5332401855269991,0.4629036910168705,0.31847217253276283,0.31847217253276283,0.8425295650959015,0.0,0.0,0.0,0.4258870631456375,0.380561888217926,0.38554709404706955,0.6167505383491516,0.6167505383491516,0.14131927490234375,0.4434722900390625,0.13766802847385406,0.4614179841307707,0.1992282122373581,0.1627509854733944,-0.04245295,0.22585677,0.11903747
0.4642857142857143,0.5,0.3333333333333333,0.42424242424242425,0.6153846153846154,0.5869565217391305,0.07341247797012329,0.07254746556282043,0.44241953693885877,0.4424367402297361,0.499220003632127,0.4967022028246933,0.25095221187387196,0.25095221187387196,0.8733515329658985,0.0,0.0,0.0,0.2790281236171722,0.4345036894083023,0.4363389387726784,0.4051123559474945,0.4051123559474945,0.1286424845457077,0.44854300618171694,0.1244918629527092,0.5002912393836088,0.1264544129371643,0.16061626374721527,-0.03640457,0.19676383,0.06376816
0.4642857142857143,0.5,0.3333333333333333,0.42424242424242425,0.6153846153846154,0.5869565217391305,0.035608839243650436,0.034513216465711594,0.45180388937488797,0.4518212465209669,0.4671331298738775,0.5284426106954802,0.22014902106353215,0.22014902106353215,0.8769214265048504,0.0,0.0,0.0,0.14689994305372236,0.4738951977342367,0.47396433912217617,0.21651920676231384,0.21651920676231384,0.12243394553661346,0.4510264217853546,0.11792599409818649,0.5000686160353727,0.07749699056148529,0.08397345431149006,-0.04322984,0.16964413,0.01928716
0.4642857142857143,0.5,0.3333333333333333,0.42424242424242425,0.6153846153846154,0.5869565217391305,0.02329636923968792,0.02302662283182144,0.46226323665214086,0.46228067357499103,0.4477740512523323,0.54780364384792,0.21798689450536457,0.21798689450536457,0.8762852735817432,0.0,0.0,0.0,0.1107758268713951,0.4824567697942257,0.4825093001127243,0.16680145263671875,0.16680145263671875,0.12196493148803711,0.45121402740478517,0.1161464974284172,0.49291364675344423,0.07086590677499771,0.04769586957991123,-0.04564627,0.14508677,0.00255801
0.4642857142857143,0.5,0.3333333333333333,0.42424242424242425,0.6153846153846154,0.5869565217391305,0.017051564529538155,0.01694069802761078,0.47201059903970866,0.47202810149347807,0.4322047709962834,0.5634503481727207,0.20155109465122223,0.20155109465122223,0.8794654794037342,0.0,0.0,0.0,0.10158294811844826,0.4855656921863556,0.48588334396481514,0.15514202415943146,0.15514202415943146,0.14633949100971222,0.4414642035961151,0.13864657282829285,0.4989950046982876,0.06730999052524567,0.022045159712433815,-0.04591218,0.12638146,-0.02691276
0.4642857142857143,0.5,0.3333333333333333,0.42424242424242425,0.6153846153846154,0.5869565217391305,0.0,0.0,0.4784386081061901,0.4784562202530199,0.4221278992027443,0.5734390459775874,0.19326673022338323,0.19326673022338323,0.8824708126485348,0.0,0.0,0.0,0.09793307110667228,0.48704695515334606,0.48736889474093914,0.15008673071861267,0.15008673071861267,0.14980381727218628,0.44007847309112547,0.14225243031978607,0.5245089773521867,0.06438945233821869,0.01328870072029531,-0.05165248,0.10719354,-0.0346105
0.4642857142857143,0.5,0.3333333333333333,0.42424242424242425,0.6153846153846154,0.5869565217391305,0.0,0.0,0.4814467721869795,0.4814643672387869,0.40636250484969827,0.5894794735985499,0.16278817717518126,0.16278817717518126,0.8915989845991135,0.0,0.0,0.0,0.0868670217692852,0.4879639418795705,0.48836710397154093,0.1332377791404724,0.1332377791404724,0.14812323451042175,0.4407507061958313,0.14075861871242523,0.5440852357897648,0.05875587835907936,0.008633221732452512,-0.05384632,0.07852536,-0.0324758
0.4642857142857143,0.5,0.3333333333333333,0.42424242424242425,0.6153846153846154,0.5869565217391305,0.01579873636364937,0.015824971720576286,0.49518081382002477,0.4951983622166668,0.3988590322534623,0.5975394974424502,0.151711500116757,0.151711500116757,0.9097161516547203,0.0,0.0,0.0,0.07933579236268996,0.48899410758167505,0.48935957346111536,0.12000518292188644,0.12000518292188644,0.14075839519500732,0.4436966419219971,0.13491274416446686,0.5975528165351514,0.05615437403321266,0.00732655287720263,-0.04991537,0.05126432,-0.03402822
0.4642857142857143,0.5,0.3333333333333333,0.42424242424242425,0.6153846153846154,0.5869565217391305,0.0,0.0,0.5642886809135714,0.5643065964970488,0.3962371002875596,0.6000530925530498,0.13895888945886067,0.13895888945886067,0.9170760102570057,0.0,0.0,0.0,0.06927092894911765,0.49024959187954664,0.49067184142768383,0.1075078696012497,-0.0,0.12630851566791534,0.4494765937328339,0.0,0.6976744186046512,0.055735088884830475,0.0042653767741285264,-0.04038926,0.02820046,-0.043592
0.4642857142857143,0.5,0.3333333333333333,0.42424242424242425,0.6153846153846154,0.5869565217391305,0.0,0.0,0.5718831503140539,0.5719011114842577,0.3971750015966295,0.5991413551757664,0.13417616486549377,0.13417616486549377,0.9205078855156898,0.0,0.0,0.0,0.06600595153868198,0.491157753393054,0.491755373775959,0.10358908027410507,-0.0,0.0,0.5,0.0,0.6976744186046512,0.05740385875105858,0.0,-0.04080853,0.00722387,-0.05720463
0.4642857142857143,0.5,0.3333333333333333,0.42424242424242425,0.6153846153846154,0.5869565217391305,0.0,0.0,0.5722148165420182,0.572234407437691,0.39747795958363985,0.598895223892391,0.1346076758844512,0.1346076758844512,0.922123733907938,0.0,0.0,0.0,0.06709978654980658,0.4914337955415249,0.4922949247993529,0.1058916375041008,-0.0,0.0,0.5,0.0,0.6976744186046512,0.06210717931389809,0.0,-0.04727528,-0.00563176,-0.0667432
0.4642857142857143,0.5,0.3333333333333333,0.42424242424242425,0.6153846153846154,0.5869565217391305,0.8518158793449402,0.8170455694198608,0.3891284771220862,0.38914615337525,0.4010919954763088,0.5963693659523882,0.18178134092262815,0.18178134092262815,0.8873349279165268,0.0,0.0,0.0,0.09863928407430649,0.4856888074427843,0.4887302964925766,0.14685264229774475,0.14685264229774475,0.10226539522409439,0.45909384191036223,0.0,0.6976744186046512,0.06292393803596497,0.0,-0.04855053,-0.01627457,-0.06899277
0.4642857142857143,0.5,0.3333333333333333,0.42424242424242425,0.6153846153846154,0.5869565217391305,0.0,0.0,0.5192658665873124,0.5192851982084788,0.4023321481781298,0.593684931735413,0.16774331884724755,0.16774331884724755,0.9028197154402733,0.0,0.0,0.0,0.09365326426923275,0.48483957536518574,0.48759949672967196,0.14435702562332153,0.14435702562332153,0.09524138271808624,0.4619034469127655,0.0,0.6976744186046512,0.0657687783241272,0.0,-0.04915698,-0.02572741,-0.06926693
0.4642857142857143,0.5,0.3333333333333333,0.42424242424242425,0.6153846153846154,0.5869565217391305,0.0,0.0,0.5293614360616038,0.5293809215379719,0.40746476910082374,0.5882372210581439,0.15237943402358464,0.15237943402358464,0.9067570827901363,0.0,0.0,0.0,0.08938754945993423,0.4854884361848235,0.48808284662663937,0.13973258435726166,0.13973258435726166,0.09296516329050064,0.4628139346837997,0.0,0.6976744186046512,0.06677906960248947,0.0,-0.04978361,-0.0337139,-0.06874384
0.4642857142857143,0.5,0.3333333333333333,0.42424242424242425,0.6153846153846154,0.5869565217391305,0.9110958576202393,0.8965585827827454,0.41987156708427414,0.41988942568434356,0.43439867779128183,0.5631424326292137,0.19895456731319427,0.19895456731319427,0.8636370152235031,0.0,0.0,0.0,0.1277916170656681,0.4796460159122944,0.48341860994696617,0.19003474712371826,0.19003474712371826,0.0950896143913269,0.46196415424346926,0.09010997414588928,0.5785730377186177,0.0676647275686264,0.0,-0.05545686,-0.04170045,-0.07406871
0.4642857142857143,0.5,0.3333333333333333,0.42424242424242425,0.6153846153846154,0.5869565217391305,0.4287039637565613,0.39946767687797546,0.38045725494224303,0.38047490840204357,0.443639665671106,0.55298812982207,0.4272348327296121,0.4272348327296121,0.8022093549370766,0.0,0.0,0.0,0.4137896358966827,0.37100595235824585,0.3849082216620445,0.6006134152412415,0.6006134152412415,0.14944525063037872,0.44022189974784853,0.15493853390216827,0.43802458643913267,0.1736375093460083,0.030659614130854607,-0.05458073,-0.04907547,-0.08211309
0.4642857142857143,0.5,0.3333333333333333,0.42424242424242425,0.6153846153846154,0.5869565217391305,0.059019967913627625,0.05824298784136772,0.4636435770851704,0.46366242434736876,0.44995672661761255,0.5456925090145148,0.6186829081603459,0.6186829081603459,0.7671924382448196,0.0,0.0,0.0,0.5095011264085769,0.2827941030263901,0.2779829502105713,0.727729856967926,0.727729856967926,0.2259664684534073,0.4096134126186371,0.2556270360946655,0.3977491855621338,0.16819803416728973,0.12395222671329975,-0.05046414,-0.05265184,-0.08542806
0.4642857142857143,0.5,0.3333333333333333,0.42424242424242425,0.6153846153846154,0.5869565217391305,0.025140300393104553,0.024794407188892365,0.4606140940868604,0.46063305816504513,0.465469106091596,0.5296827263580859,0.6528310477733612,0.6528310477733612,0.7469713315367699,0.0,0.0,0.0,0.5640679210424423,0.24535012245178223,0.2335483729839325,0.8035235404968262,0.8035235404968262,0.2716933786869049,0.391322648525238,0.2958329916000366,0.3816668033599854,0.18857410550117493,0.1500422228127718,-0.04514396,-0.05835368,-0.08640548
0.4642857142857143,0.5,0.3333333333333333,0.42424242424242425,0.6153846153846154,0.5869565217391305,0.9812057018280029,0.9811926484107971,0.3890963840666966,0.38911371841941234,0.48623912808544095,0.5117888222182407,0.7490137006555285,0.7490137006555285,0.666133388876915,0.0,0.0,0.0,0.5875126957893371,0.19071590900421143,0.1703021228313446,0.8333101868629456,0.8333101868629456,0.35822391510009766,0.35671043395996094,0.35191449522972107,0.35923420190811156,0.2623121440410614,0.11654864065349102,-0.04461807,-0.06765073,-0.0912479
0.4642857142857143,0.5,0.3333333333333333,0.42424242424242425,0.6153846153846154,0.5869565217391305,0.32262754440307617,0.3219881057739258,0.3403996742022425,0.34041700855495827,0.49545098070489746,0.5005994234617941,0.8497310536248344,0.8497310536248344,0.6582273691892624,0.0,0.0,0.0,0.6265923202037811,0.196885883808136,0.1840442419052124,0.8918617367744446,0.8918617367744446,0.35314542055130005,0.35874183177947994,0.35084354877471924,0.3596625804901123,0.5197901725769043,0.04756458103656769,-0.04025422,-0.07490144,-0.09366625
0.4642857142857143,0.5,0.3333333333333333,0.42424242424242425,0.6153846153846154,0.5869565217391305,0.1672591269016266,0.16622032225131989,0.3948850093790496,0.3948963262838798,0.4919213069670515,0.5037976172361907,0.8044919797352382,0.8044919797352382,0.6592574715614319,0.0,0.0,0.0,0.6310120850801467,0.19493398070335388,0.18133804202079773,0.8982724547386169,0.8982724547386169,0.31206268072128296,0.3751749277114868,0.2999460697174072,0.3800215721130371,0.6252933144569397,0.10746246203780174,-0.02851539,-0.07091489,-0.09180405
0.4642857142857143,0.5,0.3333333333333333,0.42424242424242425,0.6153846153846154,0.5869565217391305,0.13378940522670746,0.1326606422662735,0.39116449429017863,0.39117575421160083,0.4944616454594678,0.5011697532975145,0.7438383783612933,0.7438383783612933,0.6614072620868683,0.0,0.0,0.0,0.6266908496618271,0.19733136892318726,0.1839774250984192,0.8939474821090698,0.8939474821090698,0.2929205298423767,0.3828317880630493,0.2780938148498535,0.3887624740600586,0.6527597904205322,0.12153751216828823,-0.03211519,-0.07530242,-0.09382837
0.4642857142857143,0.5,0.3333333333333333,0.42424242424242425,0.6153846153846154,0.5869565217391305,0.11873260140419006,0.11759630590677261,0.3856616635623443,0.38567288929372173,0.4979164499440453,0.49759304153709016,0.7370231407029288,0.7370231407029288,0.6626685857772827,0.0,0.0,0.0,0.6205195009708404,0.19917693734169006,0.1886305809020996,0.8865656852722168,0.8865656852722168,0.28954431414604187,0.38418227434158325,0.2739246189594269,0.39043015241622925,0.6604881286621094,0.12828588485717773,-0.03581178,-0.09250016,-0.10200281
0.4642857142857143,0.5,0.3333333333333333,0.42424242424242425,0.6153846153846154,0.5869565217391305,0.11237315088510513,0.11116032302379608,0.38148221550206607,0.3814933614566723,0.497796773568622,0.49769689379818305,0.7394531794956752,0.7394531794956752,0.6656050831079483,0.0,0.0,0.0,0.6174473553895949,0.19894587993621826,0.18874669075012207,0.8820812702178955,0.8820812702178955,0.28692004084587097,0.3852319836616516,0.269349068403244,0.3922603726387024,0.6588734984397888,0.13615526258945465,-0.03951607,-0.11558038,-0.11291535
0.4642857142857143,0.5,0.3333333333333333,0.42424242424242425,0.6153846153846154,0.5869565217391305,0.11970480531454086,0.11868986487388611,0.37469791910160566,0.37470896248607743,0.499062668346937,0.4964679554310579,0.7444967116628375,0.7444967116628375,0.6688345819711685,0.0,0.0,0.0,0.6157839328050613,0.19886928796768188,0.18853434920310974,0.8793994784355164,0.8793994784355164,0.2840191125869751,0.38639235496520996,0.2647394835948944,0.39410420656204226,0.6376075148582458,0.14544058591127396,-0.04257129,-0.13775833,-0.12412652
0.4642857142857143,0.5,0.3333333333333333,0.42424242424242425,0.6153846153846154,0.5869565217391305,0.13527297973632812,0.1342730075120926,0.3717917083098373,0.3718026833142195,0.5068499954207222,0.48877011243010976,0.7557513458388193,0.7557513458388193,0.6757136732339859,0.0,0.0,0.0,0.6155552268028259,0.19903436303138733,0.1886630356311798,0.8784604072570801,0.8784604072570801,0.28358739614486694,0.38656504154205323,0.262353777885437,0.3950584888458252,0.6078075170516968,0.1601582206785679,-0.04272317,-0.14243002,-0.12710515
0.4642857142857143,0.5,0.3333333333333333,0.42424242424242425,0.6153846153846154,0.5869565217391305,0.4647565484046936,0.46415066719055176,0.3149249453389622,0.3149347920718658,0.5306862974485977,0.4663658946189046,0.8229661413601467,0.8229661413601467,0.6934713125228882,0.0,0.0,0.0,0.6133718281984328,0.18668323755264282,0.17944249510765076,0.8733648657798767,0.8733648657798767,0.2971096336841583,0.38115614652633667,0.2665310204029083,0.39338759183883665,0.5753002166748047,0.17435817047953606,-0.0483208,-0.15421911,-0.12428965
0.4642857142857143,0.5,0.3333333333333333,0.42424242424242425,0.6153846153846154,0.5869565217391305,0.0,0.0,0.4582100837681991,0.4582223209550686,0.6017442738804717,0.39566549192144534,0.796094366482326,0.796094366482326,0.7275882810354233,0.0,0.0,0.0,0.612738886475563,0.2111225724220276,0.19737508893013,0.8726866245269775,0.8726866245269775,0.30202847719192505,0.37918860912323,0.26471617817878723,0.3941135287284851,0.5663943290710449,0.20614370703697205,-0.06343046,-0.17264917,-0.12225623
0.4642857142857143,0.5,0.3333333333333333,0.42424242424242425,0.6153846153846154,0.5869565217391305,0.0,0.0,0.4672095104339702,0.4672219043252117,0.6055263766367167,0.391819066294242,0.7271704503468105,0.7271704503468105,0.7332290858030319,0.0,0.0,0.0,0.6126879632472991,0.228931725025177,0.21354946494102478,0.8728585243225098,0.8728585243225098,0.3013680577278137,0.3794527769088745,0.2587886452674866,0.39648454189300536,0.5605233907699585,0.2137947827577591,-0.0643284,-0.18521327,-0.10874478
0.4642857142857143,0.5,0.3333333333333333,0.42424242424242425,0.6153846153846154,0.5869565217391305,0.0,0.0,0.4873467459277487,0.4873594218868598,0.5506112213116531,0.44559029679858614,0.7287723677498954,0.7287723677498954,0.7322175055742264,0.0,0.0,0.0,0.6139161288738251,0.23685845732688904,0.21591919660568237,0.8737505674362183,0.8737505674362183,0.30308207869529724,0.3787671685218811,0.25671637058258057,0.39731345176696775,0.5498396754264832,0.22142495959997177,-0.0646167,-0.18763185,-0.09767438
0.4642857142857143,0.5,0.3333333333333333,0.42424242424242425,0.6153846153846154,0.5869565217391305,0.0,0.0,0.5278643793631238,0.527877226272459,0.377924513406553,0.6201226004172415,0.7239352805273874,0.7239352805273874,0.7261157780885696,0.0,0.0,0.0,0.6112399578094482,0.25453323125839233,0.23013398051261902,0.8684505224227905,0.8684505224227905,0.3139956295490265,0.3744017481803894,0.25999122858047485,0.3960035085678101,0.563944399356842,0.2264934405684471,-0.06573667,-0.18680191,-0.08532829
0.4642857142857143,0.5,0.3333333333333333,0.42424242424242425,0.6153846153846154,0.5869565217391305,0.0,0.0,0.5155644295434423,0.5155787964851861,0.386101313348482,0.6112927022394619,0.7107973524502346,0.7107973524502346,0.7169134169816971,0.0,0.0,0.0,0.6086207181215286,0.25365664064884186,0.22551089525222778,0.8634333610534668,0.8634333610534668,0.33224251866340637,0.3671029925346374,0.2657870650291443,0.3936851739883423,0.5882247090339661,0.2244105376303196,-0.06363561,-0.1748026,-0.06070034
0.4642857142857143,0.5,0.3333333333333333,0.42424242424242425,0.6153846153846154,0.5869565217391305,0.0,0.0,0.5177392055837876,0.517753690766103,0.41351261763454167,0.5830896761808928,0.6859837898186275,0.6859837898186275,0.7151671200990677,0.0,0.0,0.0,0.6039104551076888,0.25833237171173096,0.23129546642303467,0.855535626411438,0.855535626411438,0.3406681716442108,0.36373273134231565,0.2695449888706207,0.3921820044517517,0.608784019947052,0.21985923871397972,-0.06684784,-0.15099512,-0.04166611
0.4642857142857143,0.5,0.3333333333333333,0.42424242424242425,0.6153846153846154,0.5869565217391305,0.0,0.0,0.5200259981830079,0.5200404990357606,0.4232404489590151,0.5732853474803403,0.6645328445093973,0.6645328445093973,0.715231329202652,0.0,0.0,0.0,0.5979147613048553,0.26097455620765686,0.23340356349945068,0.8476966023445129,0.8476966023445129,0.34741055965423584,0.3610357761383056,0.27086952328681946,0.39165219068527224,0.6443676948547363,0.21535173058509827,-0.06915723,-0.14317331,-0.03557761
0.4642857142857143,0.5,0.3333333333333333,0.42424242424242425,0.6153846153846154,0.5869565217391305,0.0,0.0,0.5192154149024482,0.5192299727386088,0.44349778838185006,0.5526245336537216,0.6175602121012552,0.6175602121012552,0.7151372581720352,0.0,0.0,0.0,0.5869915306568145,0.27387674152851105,0.24844145774841309,0.8327107429504395,0.8327107429504395,0.35129085183143616,0.35948365926742554,0.26898854970932007,0.392404580116272,0.6614925861358643,0.2109844610095024,-0.08384812,-0.14601067,-0.03133387
0.4642857142857143,0.5,0.3333333333333333,0.42424242424242425,0.6153846153846154,0.5869565217391305,0.7912777662277222,0.7866871356964111,0.3380983308897876,0.3381104797523746,0.5659584828134249,0.4315130245110678,0.7065638899803162,0.7065638899803162,0.716385006904602,0.0,0.0,0.0,0.591836580634117,0.23132959008216858,0.20611786842346191,0.838523805141449,0.838523805141449,0.35164353251457214,0.3593425869941711,0.26795440912246704,0.3928182363510132,0.6309292316436768,0.2109452337026596,-0.1015085,-0.15733242,-0.02468126
0.4642857142857143,0.5,0.3333333333333333,0.42424242424242425,0.6153846153846154,0.5869565217391305,0.24207450449466705,0.24117277562618256,0.3635303791804706,0.36354323463731697,0.6425395048371236,0.3554533949722929,0.677874939782279,0.677874939782279,0.7004816681146622,0.0,0.0,0.0,0.5931632131338119,0.24701529741287231,0.22465768456459045,0.8395585417747498,0.8395585417747498,0.35852620005607605,0.3565895199775696,0.27660590410232544,0.38935763835906984,0.6477835178375244,0.22189857438206673,-0.12061183,-0.15752003,-0.02119846
0.4642857142857143,0.5,0.3333333333333333,0.42424242424242425,0.6153846153846154,0.5869565217391305,0.11185113340616226,0.10864832997322083,0.3992377895698037,0.39925136301759095,0.6709280460788005,0.32728455895852815,0.6117852670805796,0.6117852670805796,0.7075961232185364,0.0,0.0,0.0,0.5941413730382918,0.25418397784233093,0.23262083530426025,0.8398305773735046,0.8398305773735046,0.35648220777511597,0.35740711688995364,0.27307212352752686,0.39077115058898926,0.6392353773117065,0.2293853834271431,-0.13622007,-0.14866248,-0.01601146
0.4642857142857143,0.5,0.3333333333333333,0.42424242424242425,0.6153846153846154,0.5869565217391305,0.03821023181080818,0.03646545112133026,0.41303633891373703,0.4130501288984747,0.6851343401987284,0.31338165589951145,0.5970769694873265,0.5970769694873265,0.7110866159200668,0.0,0.0,0.0,0.5943070977926254,0.26300986111164093,0.24238896369934082,0.8391071557998657,0.8391071557998657,0.3523688316345215,0.3590524673461914,0.2665121257305145,0.3933951497077942,0.6395110487937927,0.23173648864030838,-0.1477103,-0.1368788,-0.01311224
0.4642857142857143,0.5,0.3333333333333333,0.42424242424242425,0.6153846153846154,0.5869565217391305,0.028881562873721123,0.02764083445072174,0.4197222078735468,0.41973610042841897,0.6912678404930217,0.30759508198984675,0.5880536777632578,0.5880536777632578,0.7156574726104736,0.0,0.0,0.0,0.5933192998170852,0.2682933360338211,0.24749505519866943,0.8366457223892212,0.8366457223892212,0.35260340571403503,0.35895863771438596,0.2632071375846863,0.3947171449661255,0.6429829597473145,0.23417586460709572,-0.14846261,-0.12253543,-0.00525946
0.4642857142857143,0.5,0.3333333333333333,0.42424242424242425,0.6153846153846154,0.5869565217391305,0.07154643535614014,0.06727209687232971,0.41845612772108265,0.4184699120074795,0.6624150212362665,0.335601583670881,0.5884972640446254,0.5884972640446254,0.7176942229270935,0.0,0.0,0.0,0.5943180292844772,0.27043597400188446,0.2495073676109314,0.8378496170043945,0.8378496170043945,0.3511147201061249,0.35955411195755005,0.26237526535987854,0.3950498938560486,0.6308974027633667,0.22926697507500648,-0.1427552,-0.11001668,0.00189569
0.4642857142857143,0.5,0.3333333333333333,0.42424242424242425,0.6153846153846154,0.5869565217391305,0.08925027400255203,0.08490785211324692,0.40963262878002216,0.40964706837561116,0.6011588719333335,0.3949046950444614,0.6440938583442144,0.6440938583442144,0.7164503186941147,0.0,0.0,0.0,0.6045693695545196,0.25360091030597687,0.2314266562461853,0.8544432520866394,0.8544432520866394,0.3420509994029999,0.3631796002388,0.26365673542022705,0.39453730583190916,0.5787957310676575,0.2137349732220173,-0.13517676,-0.09801207,0.00788856
0.4642857142857143,0.5,0.3333333333333333,0.42424242424242425,0.6153846153846154,0.5869565217391305,0.3015768527984619,0.30054429173469543,0.3537317516698892,0.3537454846712189,0.5567891629658511,0.4392827349861944,0.7246951971735274,0.7246951971735274,0.7043248265981674,0.0,0.0,0.0,0.6093699008226394,0.22712692618370056,0.2092554271221161,0.8650197386741638,0.8650197386741638,0.33419468998908997,0.36632212400436404,0.26886144280433655,0.3924554228782654,0.5758504271507263,0.1960567943751812,-0.1316334,-0.08364189,0.01743913
0.4642857142857143,0.5,0.3333333333333333,0.42424242424242425,0.6153846153846154,0.5869565217391305,0.07631167769432068,0.07352147251367569,0.43668687503150955,0.4367012804370537,0.5858380678278994,0.41074432738145905,0.745818955557687,0.745818955557687,0.7148152440786362,0.0,0.0,0.0,0.6100741058588027,0.23039096593856812,0.21960175037384033,0.8682016730308533,0.8682016730308533,0.3277864456176758,0.3688854217529297,0.27640900015830994,0.389436399936676,0.5553287267684937,0.06183625664561987,-0.12649241,-0.07649878,0.01906893
0.4642857142857143,0.5,0.3333333333333333,0.42424242424242425,0.6153846153846154,0.5869565217391305,0.0,0.0,0.4811333150070438,0.48114798396085007,0.5618684702120137,0.43421671627077907,0.6628968885966711,0.6628968885966711,0.7288405746221542,0.0,0.0,0.0,0.6032805383205413,0.24301734566688538,0.23246154189109802,0.8682678937911987,0.8682678937911987,0.3208003640174866,0.3716798543930053,0.2784256637096405,0.3886297345161438,0.5579836964607239,0.002744533121585846,-0.1262585,-0.07297005,0.01779251
0.4642857142857143,0.5,0.3333333333333333,0.42424242424242425,0.6153846153846154,0.5869565217391305,0.0,0.0,0.48459022342588887,0.4846049408155919,0.5508276613902863,0.44496904089112993,0.6290249313626971,0.6290249313626971,0.7292021214962006,0.0,0.0,0.0,0.601017865538597,0.2585073262453079,0.249812513589859,0.8678750991821289,0.8678750991821289,0.31519320607185364,0.3739227175712585,0.2814326286315918,0.38742694854736326,0.5783039927482605,0.0,-0.14848038,-0.08118684,0.02831582
0.4642857142857143,0.5,0.3333333333333333,0.42424242424242425,0.6153846153846154,0.5869565217391305,0.0,0.0,0.4848972471790606,0.48491199590963796,0.5214527544510296,0.4738209085249714,0.5993612749235971,0.5993612749235971,0.7355846166610718,0.0,0.0,0.0,0.6003335207700728,0.2659996747970581,0.261108860373497,0.8676816821098328,0.8676816821098328,0.3088768720626831,0.3764492511749268,0.28177666664123535,0.38728933334350585,0.5822687149047852,0.0,-0.15367527,-0.08766687,0.04004407
0.4642857142857143,0.5,0.3333333333333333,0.42424242424242425,0.6153846153846154,0.5869565217391305,0.0,0.0,0.48556519814020815,0.4855799397478596,0.5027033904599414,0.4924805528524451,0.5854937221322741,0.5854937221322741,0.7381584644317627,0.0,0.0,0.0,0.5989056259393691,0.2687191069126129,0.27090126276016235,0.8668127655982971,0.8668127655982971,0.30805981159210205,0.37677607536315916,0.28632208704948425,0.3854711651802063,0.6008540391921997,0.0,-0.13931607,-0.08335917,0.04805253
0.4642857142857143,0.5,0.3333333333333333,0.42424242424242425,0.6153846153846154,0.5869565217391305,0.0,0.0,0.4873350671782776,0.48734981733344024,0.478381311289439,0.5166648155138045,0.5730225571564266,0.5730225571564266,0.7419024705886841,0.0,0.0,0.0,0.5961432337760925,0.2772352546453476,0.28018510341644287,0.8646063804626465,0.8646063804626465,0.3118482828140259,0.3752606868743896,0.30150002241134644,0.3793999910354614,0.6297346353530884,0.0,-0.12954136,-0.07191554,0.05260501
0.4642857142857143,0.5,0.3333333333333333,0.42424242424242425,0.6153846153846154,0.5869565217391305,0.0,0.0,0.4946415584612759,0.4946563114656089,0.4636394201455563,0.5315515969446416,0.563604405948094,0.563604405948094,0.7434278726577759,0.0,0.0,0.0,0.5909985899925232,0.28922082483768463,0.2994452267885208,0.8606312870979309,0.8606312870979309,0.32369643449783325,0.3705214262008667,0.3227703273296356,0.37089186906814575,0.6397954821586609,0.0,-0.12342302,-0.0594308,0.05979568
0.4642857142857143,0.5,0.3333333333333333,0.42424242424242425,0.6153846153846154,0.5869565217391305,0.0,0.0,0.4931055731914695,0.49312029485492814,0.4621176127038084,0.5331784447515393,0.5512326104300364,0.5512326104300364,0.7429445385932922,0.0,0.0,0.0,0.5868026703596114,0.29151612520217896,0.30311544239521027,0.8567618727684021,0.8567618727684021,0.3241541385650635,0.37033834457397463,0.32413607835769653,0.37034556865692136,0.637885332107544,0.0,-0.1160074,-0.04285598,0.06005105
0.4642857142857143,0.5,0.3333333333333333,0.42424242424242425,0.6153846153846154,0.5869565217391305,0.0,0.0,0.4892176023860734,0.4892337393749284,0.4581477068806242,0.536941935302144,0.5417611343520029,0.5417611343520029,0.741206556558609,0.0,0.0,0.0,0.5806688308715819,0.29272545874118805,0.30840492248535156,0.8516553640365601,0.8516553640365601,0.32474491000175476,0.3701020359992981,0.32386890053749084,0.37045243978500364,0.6365848183631897,0.0,-0.09135195,-0.00946712,0.07327023
0.4642857142857143,0.5,0.3333333333333333,0.42424242424242425,0.6153846153846154,0.5869565217391305,0.0,0.0,0.4911197975819243,0.4911359794452131,0.45009206790997014,0.5448887701535494,0.5445576991353717,0.5445576991353717,0.7394395768642426,0.0,0.0,0.0,0.5796461313962936,0.2919802814722061,0.3057755380868912,0.8493790626525879,0.8493790626525879,0.32530876994132996,0.369876492023468,0.3250942528247833,0.3699622988700867,0.6306092143058777,0.0,-0.08055513,0.01421316,0.08103033
0.4642857142857143,0.5,0.3333333333333333,0.42424242424242425,0.6153846153846154,0.5869565217391305,0.0,0.0,0.49335737147477116,0.49337347783504437,0.44777686053434707,0.5475424696571234,0.5792102004800525,0.5792102004800525,0.7376107424497604,0.0,0.0,0.0,0.5804933845996856,0.2925746738910675,0.3032059222459793,0.8487755060195923,0.8487755060195923,0.3230576813220978,0.37077692747116087,0.3276035487651825,0.368958580493927,0.5980229377746582,0.0,-0.06349732,0.04728236,0.08959942
0.4642857142857143,0.5,0.3333333333333333,0.42424242424242425,0.6153846153846154,0.5869565217391305,0.0,0.0,0.4919456303347593,0.4919616875468431,0.44193487026039546,0.5535669377204628,0.6399796903133392,0.6399796903133392,0.7293758988380432,0.0,0.0,0.0,0.5832276135683059,0.2814059555530548,0.28322233259677887,0.8491306304931641,0.8491306304931641,0.316977322101593,0.37320907115936275,0.32753685116767883,0.3689852595329285,0.5814343690872192,0.0,-0.03777755,0.09455875,0.0718606
0.4642857142857143,0.5,0.3333333333333333,0.42424242424242425,0.6153846153846154,0.5869565217391305,0.0,0.0,0.49128702465252483,0.4913030925489976,0.4367414423430171,0.5587420477871179,0.7106869987079076,0.7106869987079076,0.715927928686142,0.0,0.0,0.0,0.5883629947900771,0.25692136585712433,0.259263277053833,0.8521569967269897,0.8521569967269897,0.31482771039009094,0.3740689158439636,0.32978859543800354,0.36808456182479854,0.5795115232467651,0.0,-0.03441899,0.12053074,0.05636181
0.4642857142857143,0.5,0.3333333333333333,0.42424242424242425,0.6153846153846154,0.5869565217391305,0.0,0.0,0.4905986950000887,0.4906147678826097,0.4303683951981437,0.5651366325233402,0.7263963775975364,0.7263963775975364,0.7056391537189484,0.0,0.0,0.0,0.590517520904541,0.2532576471567154,0.25594574213027954,0.8545810580253601,0.8545810580253601,0.3148120641708374,0.37407517433166504,0.3336130678653717,0.3665547728538513,0.5791184902191162,0.0,-0.01694491,0.15663001,0.02742333
0.4642857142857143,0.5,0.3333333333333333,0.42424242424242425,0.6153846153846154,0.5869565217391305,0.3532680869102478,0.35091978311538696,0.3395511684636541,0.33956622348004956,0.4166183957178324,0.5792698461347916,0.9053739479609899,0.9053739479609899,0.6473747342824936,0.0,0.0,0.0,0.6069951593875884,0.19078722596168518,0.20073261857032776,0.8690013289451599,0.8690013289451599,0.32140809297561646,0.3714367628097534,0.3605160117149353,0.3557935953140259,0.5434063076972961,0.0,-0.000674241781,0.173260421,-1.17653981e-05
0.4642857142857143,0.5,0.3333333333333333,0.42424242424242425,0.6153846153846154,0.5869565217391305,0.2050757259130478,0.20493921637535095,0.3688517519438472,0.3688670918772827,0.4032254998588197,0.5924396163368266,0.9125819376536779,0.9125819376536779,0.635145753622055,0.0,0.0,0.0,0.6139799237251281,0.1849484145641327,0.19359877705574036,0.8776717185974121,0.8776717185974121,0.32441309094429016,0.3702347636222839,0.369917094707489,0.3520331621170044,0.5445104241371155,0.0,-0.00372782,0.16736466,-0.0264553
0.4642857142857143,0.5,0.3333333333333333,0.42424242424242425,0.6153846153846154,0.5869565217391305,0.15374755859375,0.15326257050037384,0.3903259036645835,0.3903415171183774,0.39638119992972787,0.5990680944572621,0.8925712960106986,0.8925712960106986,0.6354022771120071,0.0,0.0,0.0,0.6163007378578186,0.18662545084953308,0.19286391139030457,0.8808223009109497,0.8808223009109497,0.3214115500450134,0.3714353799819946,0.3709755539894104,0.3516097784042358,0.5535664558410645,3.402121365070343e-05,-0.01548191,0.16054909,-0.03649756
0.4642857142857143,0.5,0.3333333333333333,0.42424242424242425,0.6153846153846154,0.5869565217391305,0.11176963150501251,0.11133445799350739,0.4045299982249623,0.4045457940256618,0.37754379586097614,0.6180109890600869,0.8580340657915388,0.8580340657915388,0.6417930275201797,0.0,0.0,0.0,0.6172094702720642,0.19349271059036255,0.19451582431793213,0.8824757933616638,0.8824757933616638,0.31514859199523926,0.3739405632019043,0.36955955624580383,0.35217617750167846,0.5566359758377075,0.020474381744861603,-0.02895706,0.14316666,-0.04127248
0.4642857142857143,0.5,0.3333333333333333,0.42424242424242425,0.6153846153846154,0.5869565217391305,0.0,0.0,0.4670597124510012,0.46707621769513047,0.3866186885031414,0.6091310993384627,0.7973225201879229,0.7973225201879229,0.6784126609563828,0.0,0.0,0.0,0.6122059553861617,0.21356278657913208,0.2201610803604126,0.8814685344696045,0.8814685344696045,0.3129676282405853,0.37481294870376586,0.3685035705566406,0.35259857177734377,0.5751726627349854,0.0,-0.04705663,0.13344459,-0.04993051
0.4642857142857143,0.5,0.3333333333333333,0.42424242424242425,0.6153846153846154,0.5869565217391305,0.0,0.0,0.4777881510513007,0.4778046990329859,0.38638986592994823,0.6094908241965297,0.7418484134333475,0.7418484134333475,0.6864250302314758,0.0,0.0,0.0,0.5950175404548644,0.22635936737060547,0.24370607733726501,0.8685067892074585,0.8685067892074585,0.32029426097869873,0.3718822956085205,0.37046748399734497,0.351813006401062,0.5877195000648499,0.0,-0.05615325,0.12024258,-0.05343433
0.4642857142857143,0.5,0.3333333333333333,0.42424242424242425,0.6153846153846154,0.5869565217391305,0.0,0.0,0.48050036895343495,0.48051698389062464,0.3801207223312349,0.6157078222785757,0.7239649338381632,0.7239649338381632,0.6889316737651825,0.0,0.0,0.0,0.5922093987464905,0.23063600063323975,0.24777528643608093,0.8650559186935425,0.8650559186935425,0.33907437324523926,0.3643702507019043,0.3796747326850891,0.34813010692596436,0.5839446187019348,0.0,-0.05611318,0.11816468,-0.05530301
0.4642857142857143,0.5,0.3333333333333333,0.42424242424242425,0.6153846153846154,0.5869565217391305,0.0,0.0,0.48624890928742537,0.48626560685055664,0.37823002425024205,0.6175103955190856,0.7284171879291534,0.7284171879291534,0.6931103318929672,0.0,0.0,0.0,0.5887042284011841,0.2339719533920288,0.2535110265016556,0.8614472150802612,0.8614472150802612,0.3543619215488434,0.35825523138046267,0.39133408665657043,0.34346636533737185,0.5450916290283203,0.0,-0.03992511,0.1104858,-0.05395383
0.4642857142857143,0.5,0.3333333333333333,0.42424242424242425,0.6153846153846154,0.5869565217391305,0.0,0.0,0.4876042097863914,0.4876209301428859,0.38027122690846316,0.6153931428045383,0.7189806018556868,0.7189806018556868,0.6986475586891174,0.0,0.0,0.0,0.5880313158035277,0.24193540215492249,0.253867045044899,0.8585193157196045,0.8585193157196045,0.34935468435287476,0.3602581262588501,0.3885587453842163,0.3445765018463135,0.5218507647514343,0.0,-0.02972513,0.09991366,-0.05400153
0.4642857142857143,0.5,0.3333333333333333,0.42424242424242425,0.6153846153846154,0.5869565217391305,0.0,0.0,0.4905998061765448,0.49061654647723213,0.38266241026198206,0.6129731087515454,0.7097019680908748,0.7097019680908748,0.70220085978508,0.0,0.0,0.0,0.5873829573392868,0.24370995163917542,0.2554626911878586,0.8564413189888,0.8564413189888,0.35024774074554443,0.3599009037017822,0.3896152675151825,0.34415389299392696,0.5365377068519592,0.0,-0.03570871,0.11582027,-0.07229177
0.4642857142857143,0.5,0.3333333333333333,0.42424242424242425,0.6153846153846154,0.5869565217391305,0.0,0.0,0.4918844778781639,0.49190121461738817,0.3975836182187666,0.5978362413888173,0.6992306879588537,0.6992306879588537,0.7024547457695007,0.0,0.0,0.0,0.5871928870677947,0.2460680603981018,0.2561138719320297,0.8547981977462769,0.8547981977462769,0.347802072763443,0.3608791708946228,0.38495856523513794,0.3460165739059448,0.5290638208389282,0.0,-0.04595446,0.12873143,-0.07767269
0.4642857142857143,0.5,0.3333333333333333,0.42424242424242425,0.6153846153846154,0.5869565217391305,0.0,0.0,0.498778873969076,0.49879559940065527,0.4253473591850091,0.5699798154848661,0.688678196498326,0.688678196498326,0.7052031308412552,0.0,0.0,0.0,0.5871322631835937,0.25009846687316895,0.25405554473400116,0.8524452447891235,0.8524452447891235,0.3421017825603485,0.3631592869758606,0.37148115038871765,0.3514075398445129,0.4964464008808136,0.00431503402069211,-0.0567281,0.13703637,-0.06908252
0.4642857142857143,0.5,0.3333333333333333,0.42424242424242425,0.6153846153846154,0.5869565217391305,0.0,0.0,0.5084472004587746,0.508463956429899,0.43380134351850697,0.5616146326698213,0.6831038211073195,0.6831038211073195,0.7169855833053589,0.0,0.0,0.0,0.5853945732116699,0.25903424620628357,0.25480999052524567,0.8471955060958862,0.8471955060958862,0.33854416012763977,0.36458233594894407,0.3652012050151825,0.35391951799392696,0.46480733156204224,0.05605011247098446,-0.06997923,0.13887374,-0.05408985
0.4642857142857143,0.5,0.3333333333333333,0.42424242424242425,0.6153846153846154,0.5869565217391305,0.0,0.0,0.5151918777202329,0.5152086493617946,0.43596205747834127,0.5595380187411331,0.6630902205194746,0.6630902205194746,0.729284942150116,0.0,0.0,0.0,0.5812210589647293,0.27417609095573425,0.26522035896778107,0.8380671143531799,0.8380671143531799,0.3368888199329376,0.365244472026825,0.3598538935184479,0.35605844259262087,0.446113646030426,0.10689857415854931,-0.07942242,0.14410783,-0.04575133
0.4642857142857143,0.5,0.3333333333333333,0.42424242424242425,0.6153846153846154,0.5869565217391305,0.0,0.0,0.5291273254281477,0.5291461157069379,0.43761812067852424,0.5580800090326241,0.6567246999059405,0.6567246999059405,0.7352004796266556,0.0,0.0,0.0,0.5731445640325545,0.27612316608428955,0.26508985459804535,0.8244099020957947,0.8244099020957947,0.331376850605011,0.3674492597579956,0.34942200779914856,0.36023119688034055,0.409717857837677,0.14266080223023891,-0.08159443,0.14779288,-0.03802435
0.4642857142857143,0.5,0.3333333333333333,0.42424242424242425,0.6153846153846154,0.5869565217391305,0.0,0.0,0.523856716333794,0.5238755906631112,0.4485644054230495,0.5467193507390947,0.665966740676335,0.665966740676335,0.7353751361370087,0.0,0.0,0.0,0.5707145810127258,0.26161693036556244,0.24728184938430786,0.8206483125686646,0.8206483125686646,0.32690170407295227,0.3692393183708191,0.3421410918235779,0.36314356327056885,0.3884024918079376,0.17135309055447578,-0.08185827,0.14639473,-0.02988236
0.4642857142857143,0.5,0.3333333333333333,0.42424242424242425,0.6153846153846154,0.5869565217391305,0.0,0.0,0.5336313139412189,0.5336501213150316,0.46262931516020067,0.532971589282133,0.6670019669192179,0.6670019669192179,0.7374979704618454,0.0,0.0,0.0,0.5691071510314941,0.2624277025461197,0.2472367286682129,0.8181880116462708,0.8181880116462708,0.3248752951622009,0.3700498819351196,0.3375970423221588,0.36496118307113645,0.3854314088821411,0.18065465614199638,-0.08647376,0.15515204,-0.01168447
0.4642857142857143,0.5,0.3333333333333333,0.42424242424242425,0.6153846153846154,0.5869565217391305,0.0,0.0,0.53763414762672,0.5376529550005328,0.4763822336155871,0.5192783367286854,0.6708717984812601,0.6708717984812601,0.7407525479793549,0.0,0.0,0.0,0.5670689076185226,0.26554153859615326,0.25065934658050537,0.8152334094047546,0.8152334094047546,0.32307174801826477,0.37077130079269405,0.3320988714694977,0.3671604514122009,0.38533642888069153,0.18708281219005585,-0.0921525,0.16849914,0.01323947
0.4642857142857143,0.5,0.3333333333333333,0.42424242424242425,0.6153846153846154,0.5869565217391305,0.0,0.0,0.5372118008524236,0.5372305654886804,0.4898365917784762,0.5059763778413409,0.6718273460865021,0.6718273460865021,0.7434984892606735,0.0,0.0,0.0,0.5647670984268188,0.2673013210296631,0.25233176350593567,0.8116097450256348,0.8116097450256348,0.31850242614746094,0.37259902954101565,0.32409489154815674,0.3703620433807373,0.3846360445022583,0.1915500871837139,-0.09320857,0.17268984,0.02968217
0.4642857142857143,0.5,0.3333333333333333,0.42424242424242425,0.6153846153846154,0.5869565217391305,0.2974005341529846,0.29631438851356506,0.39604055311666164,0.39605845730345746,0.4803942131380734,0.5151084932218268,0.8162963816097805,0.8162963816097805,0.7175044566392899,0.0,0.0,0.0,0.5788197815418243,0.22379851341247559,0.21089282631874084,0.8200220465660095,0.8200220465660095,0.31442949175834656,0.3742282032966614,0.3187095522880554,0.37251617908477785,0.35464468598365784,0.1932837814092636,-0.09318497,0.17280425,0.04197037
0.4642857142857143,0.5,0.3333333333333333,0.42424242424242425,0.6153846153846154,0.5869565217391305,0.1725577712059021,0.17239199578762054,0.42509841577044866,0.4251166504610109,0.47073928496121903,0.5244613309840577,0.8127244881221227,0.8127244881221227,0.7035889476537704,0.0,0.0,0.0,0.5847273558378219,0.22335338592529297,0.20954644680023193,0.826121985912323,0.826121985912323,0.3105383515357971,0.3757846593856812,0.31686103343963623,0.3732555866241455,0.3332294523715973,0.19234618172049522,-0.09285943,0.16622734,0.02887813
0.4642857142857143,0.5,0.3333333333333333,0.42424242424242425,0.6153846153846154,0.5869565217391305,0.038370754569768906,0.037997253239154816,0.4572166464296855,0.457235260059911,0.47345712285196806,0.521313294005389,0.7809489113943918,0.7809489113943918,0.7150978595018387,0.0,0.0,0.0,0.5850176244974136,0.23113447427749634,0.21338683366775513,0.8273316025733948,0.8273316025733948,0.3074952960014343,0.37700188159942627,0.31313008069992065,0.3747479677200317,0.33527833223342896,0.19787633791565895,-0.09455766,0.14602779,-0.03880627
0.4642857142857143,0.5,0.3333333333333333,0.42424242424242425,0.6153846153846154,0.5869565217391305,0.0,0.0,0.4704972251423458,0.47051593849353535,0.47574421461408045,0.5189991493703252,0.7555327670914787,0.7555327670914787,0.7223741412162781,0.0,0.0,0.0,0.5829910010099411,0.2363528311252594,0.21663478016853333,0.8255778551101685,0.8255778551101685,0.3033856749534607,0.37864573001861573,0.3076367974281311,0.3769452810287476,0.33818548917770386,0.2033611387014389,-0.07920332,0.13275117,-0.12917796
0.4642857142857143,0.5,0.3333333333333333,0.42424242424242425,0.6153846153846154,0.5869565217391305,0.0,0.0,0.4868865336788316,0.4869053268067923,0.4811669238210864,0.5136740384953833,0.7502873029027667,0.7502873029027667,0.7302191406488419,0.0,0.0,0.0,0.5805351704359054,0.23924151062965393,0.21622395515441895,0.8222353458404541,0.8222353458404541,0.3038440942764282,0.3784623622894287,0.30689185857772827,0.37724325656890867,0.3246597945690155,0.2076440490782261,-0.07346457,0.12872641,-0.19095168
0.4642857142857143,0.5,0.3333333333333333,0.42424242424242425,0.6153846153846154,0.5869565217391305,0.0,0.0,0.477464801551735,0.4774835348471173,0.49043893204364447,0.5044339908417912,0.7732316425868444,0.7732316425868444,0.7222425043582916,0.0,0.0,0.0,0.5772748738527298,0.22854304313659668,0.2077822983264923,0.816088080406189,0.816088080406189,0.30334365367889404,0.3786625385284424,0.30467841029167175,0.3781286358833313,0.30688318610191345,0.20908160135149956,-0.07335425,0.12359124,-0.23984343
0.4642857142857143,0.5,0.3333333333333333,0.42424242424242425,0.6153846153846154,0.5869565217391305,0.16988451778888702,0.16950224339962006,0.4315701980663759,0.4315884897403462,0.5042933714264437,0.490970543825325,0.8244531920978002,0.8244531920978002,0.718504786491394,0.0,0.0,0.0,0.5765908628702163,0.21896231174468994,0.20032110810279846,0.814531683921814,0.814531683921814,0.3022278845310211,0.37910884618759155,0.30103424191474915,0.37958630323410036,0.30289238691329956,0.2089732326567173,-0.07494006,0.10780121,-0.29464522
0.4642857142857143,0.5,0.3333333333333333,0.42424242424242425,0.6153846153846154,0.5869565217391305,0.35754305124282837,0.35683783888816833,0.3614434302423014,0.36146100392533076,0.5225697816785845,0.47316676749275427,0.8366630758558001,0.8366630758558001,0.7040880918502808,0.0,0.0,0.0,0.5816231459379195,0.1997319757938385,0.1780795156955719,0.8170945048332214,0.8170945048332214,0.30752065777778625,0.3769917368888855,0.3032096326351166,0.37871614694595335,0.29143092036247253,0.20682556554675102,-0.07486797,0.09436575,-0.30514407
0.4642857142857143,0.5,0.3333333333333333,0.42424242424242425,0.6153846153846154,0.5869565217391305,0.09369472414255142,0.09307684004306793,0.4272666059534135,0.4272851312593566,0.5493510959253256,0.4456453541674026,0.8356332353183202,0.8356332353183202,0.7099307477474213,0.0,0.0,0.0,0.592472943663597,0.2008257806301117,0.18273356556892395,0.8334600329399109,0.8334600329399109,0.30880606174468994,0.376477575302124,0.2963925004005432,0.3814429998397827,0.2965696156024933,0.2183251455426216,-0.05985755,0.08018797,-0.31218794
0.4642857142857143,0.5,0.3333333333333333,0.42424242424242425,0.6153846153846154,0.5869565217391305,0.07475503534078598,0.0739603266119957,0.4251891447526775,0.4252076928519838,0.563622653142444,0.4314858434254485,0.8245217800140381,0.8245217800140381,0.6894814819097519,0.0,0.0,0.0,0.6025610625743866,0.20087096095085144,0.1820981800556183,0.849320113658905,0.849320113658905,0.31508368253707886,0.3739665269851684,0.2933611571788788,0.38265553712844846,0.33746108412742615,0.21967552602291107,-0.05436585,0.05721626,-0.28232789
0.4642857142857143,0.5,0.3333333333333333,0.42424242424242425,0.6153846153846154,0.5869565217391305,0.06408549100160599,0.06305138021707535,0.4226351598024824,0.4226537192984703,0.5834099307342879,0.4119883549550245,0.8193234886441912,0.8193234886441912,0.6855045258998871,0.0,0.0,0.0,0.6076641291379928,0.2041795551776886,0.18528777360916138,0.8569744825363159,0.8569744825363159,0.33326905965805054,0.36669237613677974,0.29403990507125854,0.38238403797149656,0.3670479655265808,0.22001614794135094,-0.06667144,0.00746668,-0.16269299
0.4642857142857143,0.5,0.3333333333333333,0.42424242424242425,0.6153846153846154,0.5869565217391305,0.07809136807918549,0.07728804647922516,0.4171991022321508,0.4172176332364347,0.5830617450163423,0.4123067440489232,0.8063752736364093,0.8063752736364093,0.6876838654279709,0.0,0.0,0.0,0.6123857825994491,0.20476466417312622,0.18702161312103271,0.8639426827430725,0.8639426827430725,0.3410458266735077,0.3635816693305969,0.2959038019180298,0.3816384792327881,0.3676491677761078,0.2223631739616394,-0.05035675,-0.05239811,-0.06508271
0.4642857142857143,0.5,0.3333333333333333,0.42424242424242425,0.6153846153846154,0.5869565217391305,0.09082834422588348,0.0901699960231781,0.4028683734441578,0.4028866765148097,0.5517534252334507,0.4433897229448509,0.7787788340023586,0.7787788340023586,0.7016398161649704,0.0,0.0,0.0,0.6154529005289078,0.2054435908794403,0.18794333934783936,0.8693092465400696,0.8693092465400696,0.3348918557167053,0.36604325771331786,0.2912463843822479,0.3835014462471008,0.37021180987358093,0.22366048768162727,-0.04913175,-0.09459911,0.00536864
0.4642857142857143,0.5,0.3333333333333333,0.42424242424242425,0.6153846153846154,0.5869565217391305,0.09164026379585266,0.09105184674263,0.3994162616036818,0.39943435953406486,0.5238484337954402,0.47132599257551644,0.7750517555645534,0.7750517555645534,0.7065626233816147,0.0,0.0,0.0,0.6176341295242309,0.19648271799087524,0.1798214614391327,0.8736053705215454,0.8736053705215454,0.310040146112442,0.3759839415550232,0.2840039134025574,0.38639843463897705,0.35052862763404846,0.22647738456726074,-0.03902934,-0.11247786,0.02587391
0.4642857142857143,0.5,0.3333333333333333,0.42424242424242425,0.6153846153846154,0.5869565217391305,0.10335860401391983,0.10314249247312546,0.3961862368975725,0.39620426644786594,0.5049546649448047,0.49014270027047996,0.7740930148533413,0.7740930148533413,0.7171006351709366,0.0,0.0,0.0,0.6184852838516235,0.1975747048854828,0.18146970868110657,0.8759595155715942,0.8759595155715942,0.3023666739463806,0.37905333042144773,0.2806832194328308,0.38772671222686766,0.3451828956604004,0.22770656272768974,-0.01465177,-0.15985093,0.0670511
0.4642857142857143,0.5,0.3333333333333333,0.42424242424242425,0.6153846153846154,0.5869565217391305,0.6304560899734497,0.6279987096786499,0.27797066960234484,0.2779869212703085,0.4902300109256978,0.5068147861200304,0.810542745249612,0.810542745249612,0.7023837268352509,0.0,0.0,0.0,0.6181597173213959,0.1967095136642456,0.18499279022216797,0.8765369653701782,0.8765369653701782,0.3047274053096771,0.37810903787612915,0.2989819049835205,0.3804072380065918,0.35616177320480347,0.21418139338493347,0.00590084,-0.20650126,0.12694038
0.4642857142857143,0.5,0.3333333333333333,0.42424242424242425,0.6153846153846154,0.5869565217391305,0.11392145603895187,0.1136486753821373,0.42081064794988976,0.42082887694211124,0.4762240163340851,0.5188999156144513,0.8323175992284503,0.8323175992284503,0.7169613689184189,0.0,0.0,0.0,0.6181054145097732,0.20509862899780273,0.1919533908367157,0.877236545085907,0.877236545085907,0.3058096170425415,0.3776761531829834,0.30314573645591736,0.3787417054176331,0.35770583152770996,0.2064732275903225,0.0084786,-0.21543372,0.14546496
0.4642857142857143,0.5,0.3333333333333333,0.42424242424242425,0.6153846153846154,0.5869565217391305,0.006817979738116264,0.006816753651946783,0.4513387566086895,0.4513573730880854,0.4568293700938471,0.5378106402342857,0.7918036835534232,0.7918036835534232,0.7392982169985771,0.0,0.0,0.0,0.6160058796405792,0.2258720099925995,0.21085205674171448,0.8764832615852356,0.8764832615852356,0.2967519760131836,0.3812992095947266,0.2962214946746826,0.38151140213012696,0.36372965574264526,0.2064136043190956,0.00419468,-0.21629547,0.15507843
0.4642857142857143,0.5,0.3333333333333333,0.42424242424242425,0.6153846153846154,0.5869565217391305,0.0,0.0,0.4616192728565938,0.46163798620778335,0.44854160636150586,0.5460524646553843,0.7770047017506191,0.7770047017506191,0.7487486377358437,0.0,0.0,0.0,0.6123162716627121,0.22987008094787598,0.21606001257896423,0.8736506104469299,0.8736506104469299,0.2870059609413147,0.3851976156234741,0.2903372049331665,0.3838651180267334,0.36779120564460754,0.20441221073269844,0.01989453,-0.20767686,0.15877365
0.4642857142857143,0.5,0.3333333333333333,0.42424242424242425,0.6153846153846154,0.5869565217391305,0.0,0.0,0.4594207418580356,0.45943940677332834,0.43848748804278403,0.5562533521999029,0.7240218136991774,0.7240218136991774,0.7494542151689529,0.0,0.0,0.0,0.6133349657058715,0.23058971762657166,0.21824517846107483,0.8758386373519897,0.8758386373519897,0.28127163648605347,0.3874913454055786,0.28791454434394836,0.38483418226242067,0.38681113719940186,0.2005290426313877,0.02583331,-0.20097533,0.16108496
0.4642857142857143,0.5,0.3333333333333333,0.42424242424242425,0.6153846153846154,0.5869565217391305,0.0,0.0,0.4483937344177275,0.4484122141369442,0.4270327859353381,0.5681758119608152,0.721136565719332,0.721136565719332,0.7464936375617981,0.0,0.0,0.0,0.6173744648694992,0.2242203652858734,0.21320027112960815,0.8820233941078186,0.8820233941078186,0.2736249268054962,0.3905500292778015,0.2846337854862213,0.3861464858055115,0.3961561918258667,0.19252276048064232,0.02926182,-0.20205699,0.16148317
0.4642857142857143,0.5,0.3333333333333333,0.42424242424242425,0.6153846153846154,0.5869565217391305,0.0,0.0,0.43884354886771615,0.438861851938368,0.409441061958984,0.5863195527301414,0.7422351624284472,0.7422351624284472,0.742790661752224,0.0,0.0,0.0,0.617512047290802,0.2249390184879303,0.21609759330749512,0.881980299949646,0.881980299949646,0.2630887031555176,0.39476451873779295,0.2803332507610321,0.3878666996955872,0.3966503441333771,0.1822836510837078,0.02359322,-0.19855887,0.155918
0.4642857142857143,0.5,0.3333333333333333,0.42424242424242425,0.6153846153846154,0.5869565217391305,0.40684711933135986,0.40590640902519226,0.3370563436876519,0.3370733931233276,0.42489199907328384,0.5716544623989853,0.831963803086962,0.831963803086962,0.7225167751312256,0.0,0.0,0.0,0.6176422238349915,0.2117314636707306,0.21178314089775085,0.8815496563911438,0.8815496563911438,0.27695995569229126,0.3892160177230835,0.3066119849681854,0.3773552060127258,0.3781566321849823,0.16038991510868073,4.59313393e-05,-0.185681194,0.139777705
0.4642857142857143,0.5,0.3333333333333333,0.42424242424242425,0.6153846153846154,0.5869565217391305,0.0,0.0,0.4553092664559986,0.45532749544822004,0.4363816092164749,0.5597243630328274,0.7681534120014736,0.7681534120014736,0.7288504540920258,0.0,0.0,0.0,0.6117210894823074,0.2276429831981659,0.2275928556919098,0.8752248883247375,0.8752248883247375,0.27745532989501953,0.3890178680419922,0.30718132853507996,0.377127468585968,0.3699072301387787,0.1451366487890482,-0.04584956,-0.16172299,0.12694326
0.4642857142857143,0.5,0.3333333333333333,0.42424242424242425,0.6153846153846154,0.5869565217391305,0.0,0.0,0.47039988038644737,0.4704154539518557,0.4453458856670168,0.5504490561832383,0.673568993806839,0.673568993806839,0.7350589483976364,0.0,0.0,0.0,0.5983827710151672,0.2507380545139313,0.2463446855545044,0.8609366416931152,0.8609366416931152,0.26201102137565613,0.39519559144973754,0.28818002343177795,0.3847279906272888,0.38934779167175293,0.13940454460680485,-0.08878555,-0.1459486,0.11683939
0.4642857142857143,0.5,0.3333333333333333,0.42424242424242425,0.6153846153846154,0.5869565217391305,0.0,0.0,0.47574836870452414,0.47576398500748845,0.4520582348165275,0.5436848311198095,0.6608969824654716,0.6608969824654716,0.7294289320707321,0.0,0.0,0.0,0.5939640700817108,0.25193679332733154,0.24443110823631287,0.8534751534461975,0.8534751534461975,0.2593151032924652,0.3962739586830139,0.28365057706832886,0.38653976917266847,0.38368237018585205,0.1400439813733101,-0.13930586,-0.15345387,0.10998913
0.4642857142857143,0.5,0.3333333333333333,0.42424242424242425,0.6153846153846154,0.5869565217391305,0.0,0.0,0.48174217274950293,0.4817577975999785,0.466211144030664,0.5296032373530865,0.6337318675858634,0.6337318675858634,0.7295064181089401,0.0,0.0,0.0,0.5919492959976196,0.2603592574596405,0.24737003445625305,0.8503335118293762,0.8503335118293762,0.2582114040851593,0.39671543836593626,0.28080472350120544,0.38767811059951784,0.36960574984550476,0.14378994703292847,-0.17309994,-0.16526507,0.10013122
0.4642857142857143,0.5,0.3333333333333333,0.42424242424242425,0.6153846153846154,0.5869565217391305,0.0,0.0,0.48829735596138935,0.4883129857979131,0.48002936404704133,0.5159062979731409,0.6379918115479606,0.6379918115479606,0.75021992623806,0.0,0.0,0.0,0.5884646743535995,0.26335151493549347,0.2503264248371124,0.8455297946929932,0.8455297946929932,0.25833946466445923,0.3966642141342163,0.2783523499965668,0.3886590600013733,0.36646631360054016,0.1480839867144823,-0.22958563,-0.18293084,0.05440312
0.4642857142857143,0.5,0.3333333333333333,0.42424242424242425,0.6153846153846154,0.5869565217391305,0.0,0.0,0.4900455207316415,0.49006119686718425,0.5079516670444043,0.4879865677766494,0.6380253391606467,0.6380253391606467,0.7583773583173752,0.0,0.0,0.0,0.5865824550390243,0.2637283205986023,0.25011974573135376,0.8424911499023438,0.8424911499023438,0.25825294852256775,0.3966988205909729,0.27374643087387085,0.39050142765045165,0.36544719338417053,0.15650302171707153,-0.24711245,-0.17699078,0.03545303
0.4642857142857143,0.5,0.3333333333333333,0.42424242424242425,0.6153846153846154,0.5869565217391305,0.0,0.0,0.48928795837535455,0.4893036202650453,0.5340770296111389,0.46215079204023635,0.6353808726583209,0.6353808726583209,0.7619389891624451,0.0,0.0,0.0,0.5862332940101623,0.2676272690296173,0.25012002885341644,0.8405546545982361,0.8405546545982361,0.26517024636268616,0.3939319014549255,0.27181491255760193,0.39127403497695923,0.3696844279766083,0.1662144437432289,-0.23442002,-0.14389038,0.01622929
0.4642857142857143,0.5,0.3333333333333333,0.42424242424242425,0.6153846153846154,0.5869565217391305,0.0,0.0,0.49046276820321383,0.4904784393527084,0.5613475734827396,0.43529628972883616,0.6291293246405466,0.6291293246405466,0.760313130915165,0.0,0.0,0.0,0.5876103907823562,0.270586296916008,0.2501332759857178,0.8409963846206665,0.8409963846206665,0.27774015069007874,0.38890393972396853,0.2749941647052765,0.3900023341178894,0.37720268964767456,0.16886301338672638,-0.20400077,-0.09317768,-0.00694022
0.4642857142857143,0.5,0.3333333333333333,0.42424242424242425,0.6153846153846154,0.5869565217391305,0.0,0.0,0.484610228875855,0.4846258907655457,0.5306845708513351,0.46541220320747595,0.6277439423969814,0.6277439423969814,0.762909784913063,0.0,0.0,0.0,0.5877134263515472,0.2696664184331894,0.25000281631946564,0.8403558731079102,0.8403558731079102,0.27684736251831055,0.38926105499267577,0.27087870240211487,0.39164851903915404,0.3712729513645172,0.1718747615814209,-0.18380441,-0.03532586,-0.02945204
0.4642857142857143,0.5,0.3333333333333333,0.42424242424242425,0.6153846153846154,0.5869565217391305,0.6211982369422913,0.5748974084854126,0.33838545888605354,0.3383996591513289,0.45557812272248716,0.5414807064874628,0.6738767240728651,0.6738767240728651,0.7292831093072891,0.0,0.0,0.0,0.5868223220109939,0.24927189946174622,0.24557152390480042,0.8357858061790466,0.8357858061790466,0.27385446429252625,0.3904582142829895,0.27552154660224915,0.38979138135910035,0.366892009973526,0.11613458395004272,-0.155278,0.02614283,-0.03837285
0.4642857142857143,0.5,0.3333333333333333,0.42424242424242425,0.6153846153846154,0.5869565217391305,0.0,0.0,0.48140029794399414,0.4814158415931133,0.3706942648550292,0.6264208511407648,0.5882270847048079,0.5882270847048079,0.7455025240778923,0.0,0.0,0.0,0.5861436933279037,0.2687828838825226,0.27586671710014343,0.8410916328430176,0.8410916328430176,0.2483936846256256,0.40064252614974977,0.2771528661251068,0.38913885354995725,0.4469732940196991,0.10107023641467094,-0.14441875,0.08747575,-0.04914481
0.4642857142857143,0.5,0.3333333333333333,0.42424242424242425,0.6153846153846154,0.5869565217391305,0.0,0.0,0.4926366282352754,0.49265228442662534,0.34867385878845564,0.6487632362559416,0.5160340241023472,0.5160340241023472,0.7721137180924416,0.0,0.0,0.0,0.566154333949089,0.28402405977249146,0.2970741391181946,0.8251705169677734,0.8251705169677734,0.21780094504356384,0.41287962198257444,0.2753632068634033,0.38985471725463866,0.4536190629005432,0.07858692668378353,-0.12889361,0.14949393,-0.05351473
0.4642857142857143,0.5,0.3333333333333333,0.42424242424242425,0.6153846153846154,0.5869565217391305,0.0,0.0,0.4872154476081892,0.48723198419319286,0.3039534853247794,0.6943723343475776,0.49953175442559383,0.49953175442559383,0.7611121982336044,0.0,0.0,0.0,0.5457623451948166,0.28738249838352203,0.31167125701904297,0.8030033111572266,0.8030033111572266,0.209859237074852,0.4160563051700592,0.2767246663570404,0.38931013345718385,0.47382014989852905,0.05276343785226345,-0.10784142,0.18831322,-0.05627749
0.4642857142857143,0.5,0.3333333333333333,0.42424242424242425,0.6153846153846154,0.5869565217391305,0.0,0.0,0.48403118485246516,0.48404778554380284,0.27311554647996367,0.7260794639080883,0.48987407769475666,0.48987407769475666,0.7592463716864586,0.0,0.0,0.0,0.5382880210876464,0.2957058250904083,0.3216492682695389,0.7933288812637329,0.7933288812637329,0.2080676555633545,0.4167729377746582,0.2813558280467987,0.3874576687812805,0.4783349633216858,0.04298074636608362,-0.087426,0.22754715,-0.0552803
0.4642857142857143,0.5,0.3333333333333333,0.42424242424242425,0.6153846153846154,0.5869565217391305,0.8610203862190247,0.8535197973251343,0.3388671624273005,0.3388819553200191,0.37839276886351025,0.6208969536469904,0.5266142742974418,0.5266142742974418,0.7508742362260818,0.0,0.0,0.0,0.5464181512594223,0.24869847297668457,0.28997740149497986,0.8002091646194458,0.8002091646194458,0.19922314584255219,0.4203107416629791,0.27294671535491943,0.3908213138580322,0.46143221855163574,0.029252103995531797,-0.06964567,0.2519024,-0.05149589
0.4642857142857143,0.5,0.3333333333333333,0.42424242424242425,0.6153846153846154,0.5869565217391305,0.23207223415374756,0.23199836909770966,0.37102237531833393,0.37103765826836144,0.26029569286689247,0.7417346523500488,0.5212099424430302,0.5212099424430302,0.7538630738854408,0.0,0.0,0.0,0.5516893833875656,0.3037610799074173,0.3226587772369385,0.8035944104194641,0.8035944104194641,0.19103766977787018,0.42358493208885195,0.26355454325675964,0.39457818269729616,0.45753785967826843,0.016937381587922573,-0.05846898,0.25950167,-0.0447541
0.4642857142857143,0.5,0.3333333333333333,0.42424242424242425,0.6153846153846154,0.5869565217391305,0.12107373774051666,0.12092620879411697,0.4115643549147801,0.41158044133086047,0.3540431432012846,0.6429192059759834,0.538945666381291,0.538945666381291,0.7330906242132187,0.0,0.0,0.0,0.5775298446416854,0.2968510687351227,0.30749936401844025,0.829603910446167,0.829603910446167,0.19748623669147491,0.42100550532341,0.2677798569202423,0.39288805723190307,0.43348029255867004,0.023993917275220156,-0.04753006,0.28217176,-0.03228313
0.4642857142857143,0.5,0.3333333333333333,0.42424242424242425,0.6153846153846154,0.5869565217391305,0.5076173543930054,0.5045403242111206,0.3139986686451257,0.31401355271129716,0.43488683185431515,0.5624547882022588,0.5120331687586649,0.5120331687586649,0.7310235053300858,0.0,0.0,0.0,0.5847179681062697,0.2917109727859497,0.29547499120235443,0.8380899429321289,0.8380899429321289,0.2131998986005783,0.4147200405597687,0.2670128047466278,0.3931948781013489,0.46832191944122314,0.04281657747924328,-0.04308832,0.2904844,-0.02073456
0.4642857142857143,0.5,0.3333333333333333,0.42424242424242425,0.6153846153846154,0.5869565217391305,0.4057822823524475,0.4047273099422455,0.3239600749590201,0.32397530092563953,0.4675219048733465,0.5289680689465653,0.5397651450974601,0.5397651450974601,0.7226635068655014,0.0,0.0,0.0,0.580173847079277,0.28103482723236084,0.2868051528930664,0.8256576061248779,0.8256576061248779,0.22957298159599304,0.40817080736160277,0.26269176602363586,0.3949232935905457,0.42781221866607666,0.05480092950165272,-0.03691064,0.30345872,-0.01750045
0.4642857142857143,0.5,0.3333333333333333,0.42424242424242425,0.6153846153846154,0.5869565217391305,0.11617089807987213,0.1152249127626419,0.3964071843637791,0.3964232080981107,0.5072529642748331,0.4883075154255676,0.508918719632285,0.508918719632285,0.7327497452497482,0.0,0.0,0.0,0.5813358604907989,0.28860096633434296,0.2889023423194885,0.8295120000839233,0.8295120000839233,0.23351560533046722,0.4065937578678131,0.2528822720050812,0.3988470911979675,0.42802655696868896,0.0966025609523058,-0.02805812,0.30110002,-0.01758381
0.4642857142857143,0.5,0.3333333333333333,0.42424242424242425,0.6153846153846154,0.5869565217391305,0.07748191803693771,0.07632280886173248,0.4004084111171744,0.4004245260249588,0.5336788836902232,0.4620436518365014,0.5165067953722818,0.5165067953722818,0.7454378008842468,0.0,0.0,0.0,0.5816092729568481,0.2737590968608856,0.2707158774137497,0.8314372897148132,0.8314372897148132,0.23575006425380707,0.40569997429847715,0.24205347895622253,0.40317860841751096,0.4099414646625519,0.11294892989099026,-0.04360785,0.28680113,-0.02415004
0.4642857142857143,0.5,0.3333333333333333,0.42424242424242425,0.6153846153846154,0.5869565217391305,0.09087695926427841,0.0894550010561943,0.3971395921068939,0.3971557867914495,0.5552252818248012,0.4404305859637256,0.5924250611237117,0.5924250611237117,0.7433193176984787,0.0,0.0,0.0,0.5885123640298843,0.24903631210327148,0.2451489269733429,0.8414308428764343,0.8414308428764343,0.25310468673706055,0.3987581253051758,0.24077019095420837,0.40369192361831663,0.392363041639328,0.1358565129339695,-0.05221599,0.2641851,-0.03516816
0.4642857142857143,0.5,0.3333333333333333,0.42424242424242425,0.6153846153846154,0.5869565217391305,0.7090577483177185,0.6491287350654602,0.2880743976760777,0.2880890538086171,0.5529278247807723,0.4449338821283896,0.6595925561019353,0.6595925561019353,0.7266687601804733,0.0,0.0,0.0,0.5771672695875167,0.23121881484985352,0.22510984539985657,0.8195533752441406,0.8195533752441406,0.27252131700515747,0.39099147319793703,0.24275055527687073,0.4028997778892517,0.39206528663635254,0.12870995327830315,-0.05947945,0.25133979,-0.05290985
0.4642857142857143,0.5,0.3333333333333333,0.42424242424242425,0.6153846153846154,0.5869565217391305,0.15581218898296356,0.15148261189460754,0.37860716323779603,0.3786232097654908,0.5764121289007067,0.4196213622343421,0.650633020060403,0.650633020060403,0.7265097945928574,0.0,0.0,0.0,0.5986479222774506,0.238601416349411,0.23686325550079346,0.8524311184883118,0.8524311184883118,0.27756980061531067,0.3889720797538757,0.24421048164367676,0.4023158073425293,0.4088529050350189,0.14817518182098866,-0.07079527,0.22692917,-0.06875916
0.4642857142857143,0.5,0.3333333333333333,0.42424242424242425,0.6153846153846154,0.5869565217391305,0.10936866700649261,0.10777359455823898,0.38542159246441055,0.38543770737219496,0.5815748028727836,0.4145186462041702,0.5948186133589064,0.5948186133589064,0.7312950044870377,0.0,0.0,0.0,0.6016510784626007,0.24582841992378235,0.24142932891845703,0.8572434782981873,0.8572434782981873,0.2761507034301758,0.3895397186279297,0.24025939404964447,0.4038962423801422,0.4375118911266327,0.1528504304587841,-0.07872032,0.18770325,-0.06833806
0.4642857142857143,0.5,0.3333333333333333,0.42424242424242425,0.6153846153846154,0.5869565217391305,0.08279547095298767,0.08087043464183807,0.38656849751736877,0.3865846124251532,0.5841792637257913,0.4119805596248091,0.5745916281427657,0.5745916281427657,0.7324995994567871,0.0,0.0,0.0,0.6027255773544311,0.24700963497161865,0.24206611514091492,0.8589708209037781,0.8589708209037781,0.2740744352340698,0.39037022590637205,0.23615822196006775,0.4055367112159729,0.4507504403591156,0.15460141003131866,-0.06694186,0.1444685,-0.06004112
0.4642857142857143,0.5,0.3333333333333333,0.42424242424242425,0.6153846153846154,0.5869565217391305,0.056407324969768524,0.054401982575654984,0.39939334287698136,0.39940958314826336,0.5698986119567551,0.42597257333726724,0.5697383838040488,0.5697383838040488,0.7395036518573761,0.0,0.0,0.0,0.6010282754898071,0.25258368253707886,0.24476191401481628,0.8573014736175537,0.8573014736175537,0.27046236395835876,0.3918150544166565,0.2323375940322876,0.40706496238708495,0.4695611596107483,0.15436348505318165,-0.0696657,0.10085233,-0.06179691
0.4642857142857143,0.5,0.3333333333333333,0.42424242424242425,0.6153846153846154,0.5869565217391305,0.02414548769593239,0.023919694125652313,0.4166258377509181,0.4166421691956529,0.5610882476912402,0.4346296066485167,0.5290047611509051,0.5290047611509051,0.7414748519659042,0.0,0.0,0.0,0.6000875204801559,0.2606583386659622,0.2517942190170288,0.8566792607307434,0.8566792607307434,0.270548015832901,0.3917807936668396,0.23277583718299866,0.4068896651268005,0.4841783940792084,0.1524749305099249,-0.07122578,0.07742684,-0.06133768
0.4642857142857143,0.5,0.3333333333333333,0.42424242424242425,0.6153846153846154,0.5869565217391305,0.0,0.0,0.4371930301531323,0.43720949265970555,0.5471136908458251,0.44834146713384887,0.5033640989235469,0.5033640989235469,0.7418638169765472,0.0,0.0,0.0,0.5971174091100693,0.27185460925102234,0.2615688443183899,0.8541021347045898,0.8541021347045898,0.274396687746048,0.3902413249015808,0.23844121396541595,0.4046235144138336,0.4747663140296936,0.1487191580235958,-0.06772725,0.0415776,-0.05970864
0.4642857142857143,0.5,0.3333333333333333,0.42424242424242425,0.6153846153846154,0.5869565217391305,0.0,0.0,0.45533635066982436,0.455352986975792,0.5436219869334656,0.4515209019703295,0.49684111561094013,0.49684111561094013,0.7348507642745972,0.0,0.0,0.0,0.5891449093818664,0.2698114216327667,0.2586987763643265,0.8439952731132507,0.8439952731132507,0.2726283073425293,0.3909486770629883,0.24038201570510864,0.4038471937179565,0.4841611981391907,0.14046860858798027,-0.05469194,0.0075265,-0.07379358
0.4642857142857143,0.5,0.3333333333333333,0.42424242424242425,0.6153846153846154,0.5869565217391305,0.0,0.0,0.48084134911943804,0.4808581407051925,0.5308863149090434,0.46398317330147476,0.4864393600395748,0.4864393600395748,0.7325368523597717,0.0,0.0,0.0,0.5717626065015793,0.289103627204895,0.27489764988422394,0.8216880559921265,0.8216880559921265,0.2747868597507477,0.3900852560997009,0.245662122964859,0.4017351508140564,0.5089749693870544,0.137345427647233,-0.05225624,-0.00539533,-0.07514112
0.4642857142857143,0.5,0.3333333333333333,0.42424242424242425,0.6153846153846154,0.5869565217391305,0.0,0.0,0.5039550078673071,0.503971830793936,0.4817751120085014,0.5129576487882593,0.5073704251221248,0.5073704251221248,0.736171580851078,0.0,0.0,0.0,0.5558575987815857,0.2964385747909546,0.28210365772247314,0.8027946352958679,0.8027946352958679,0.2798527479171753,0.3880589008331299,0.25676876306533813,0.39729249477386475,0.5136265754699707,0.13374092988669872,-0.03490348,-0.0192235,-0.07317683
0.4642857142857143,0.5,0.3333333333333333,0.42424242424242425,0.6153846153846154,0.5869565217391305,0.0,0.0,0.5156971980349283,0.51571407652038,0.460051243323441,0.53463857050329,0.5072031702314105,0.5072031702314105,0.7555529996752739,0.0,0.0,0.0,0.5504764467477798,0.3101297914981842,0.3004860579967499,0.796272337436676,0.796272337436676,0.2859758138656616,0.38560967445373534,0.2663024663925171,0.3934790134429932,0.5265769362449646,0.14140318147838116,-0.02562722,-0.02294744,-0.07357859
0.4642857142857143,0.5,0.3333333333333333,0.42424242424242425,0.6153846153846154,0.5869565217391305,0.0,0.0,0.5315501773106664,0.5315670130585621,0.4517673402169922,0.5432844464632516,0.5302491996969496,0.5302491996969496,0.7512246817350388,0.0,0.0,0.0,0.5461184740066528,0.3057042062282562,0.3048161715269089,0.7932618260383606,0.7932618260383606,0.33741888403892517,0.3650324463844299,0.30277568101882935,0.37888972759246825,0.5621585845947266,0.0,-0.01728047,-0.02562608,-0.07196751
0.4642857142857143,0.5,0.3333333333333333,0.42424242424242425,0.6153846153846154,0.5869565217391305,0.0,0.0,0.5323450474164682,0.5323618717676822,0.4492139934809668,0.5458743907930695,0.49620132361139574,0.49620132361139574,0.7503352612257004,0.0,0.0,0.0,0.5497131198644638,0.3060622662305832,0.3071862608194351,0.8004637956619263,0.8004637956619263,0.3181769549846649,0.372729218006134,0.3020038902759552,0.37919844388961793,0.5354482531547546,0.0,-0.01051774,-0.02130968,-0.0666342
0.4642857142857143,0.5,0.3333333333333333,0.42424242424242425,0.6153846153846154,0.5869565217391305,0.0,0.0,0.526551552871901,0.5265684085639896,0.4412461402995181,0.5537356483184762,0.46531015208789284,0.46531015208789284,0.7702345177531242,0.0,0.0,0.0,0.5556996554136275,0.3677169680595398,0.3516354411840439,0.8016756772994995,0.8016756772994995,0.30744054913520813,0.37702378034591677,0.29984644055366516,0.3800614237785339,0.551490306854248,0.13859335333108902,-0.01219065,-0.00309538,-0.05546695
0.4642857142857143,0.5,0.3333333333333333,0.42424242424242425,0.6153846153846154,0.5869565217391305,0.0,0.0,0.5178722404727061,0.5178891488744469,0.4479742738530467,0.546666518572361,0.4026332497596741,0.4026332497596741,0.797476127743721,0.0,0.0,0.0,0.5555869191884995,0.3957802727818489,0.3800392150878906,0.7984989285469055,0.7984989285469055,0.3069562017917633,0.37721751928329467,0.3019089996814728,0.3792364001274109,0.5728210210800171,0.14387684874236584,-0.0395321,0.04742493,-0.04912438
0.4642857142857143,0.5,0.3333333333333333,0.42424242424242425,0.6153846153846154,0.5869565217391305,0.0,0.0,0.5098033044237935,0.5098201964428046,0.4609563962679292,0.5335925559987935,0.3810502375875201,0.3810502375875201,0.8000073060393333,0.0,0.0,0.0,0.5560410767793655,0.3967261165380478,0.38048579543828964,0.7975575923919678,0.7975575923919678,0.30229610204696655,0.3790815591812134,0.2991066873073578,0.3803573250770569,0.5775015354156494,0.14597277157008648,-0.04471033,0.0722729,-0.04263593
0.4642857142857143,0.5,0.3333333333333333,0.42424242424242425,0.6153846153846154,0.5869565217391305,0.0,0.0,0.5044879241780614,0.5045048161970725,0.48075085661835243,0.5137348796801124,0.356429038303239,0.356429038303239,0.8030016496777534,0.0,0.0,0.0,0.5566930025815964,0.3968699052929878,0.37947438657283783,0.7974734306335449,0.7974734306335449,0.2926803529262543,0.3829278588294983,0.28898024559020996,0.38440790176391604,0.5868627429008484,0.1482373010367155,-0.06328392,0.14740524,-0.03249281
0.4642857142857143,0.5,0.3333333333333333,0.42424242424242425,0.6153846153846154,0.5869565217391305,0.0,0.0,0.4924508708726836,0.49246771374350523,0.494528641208408,0.5000080382568152,0.3486877360514232,0.3486877360514232,0.8054196015000343,0.0,0.0,0.0,0.5595560729503631,0.3930225744843483,0.37494006752967834,0.8011163473129272,0.8011163473129272,0.28602373600006104,0.3855905055999756,0.27606984972953796,0.3895720601081848,0.596759557723999,0.15427076257765293,-0.07314752,0.21162742,-0.03173894
0.4642857142857143,0.5,0.3333333333333333,0.42424242424242425,0.6153846153846154,0.5869565217391305,0.0,0.0,0.48516266734604624,0.48517947887599355,0.5015511051048285,0.4930123846977158,0.33964074083736967,0.33964074083736967,0.8089438676834106,0.0,0.0,0.0,0.5616487860679626,0.39008761942386627,0.37297026813030243,0.8041308522224426,0.8041308522224426,0.2800036370754242,0.38799854516983034,0.26337742805480957,0.39464902877807617,0.5955724716186523,0.1644483022391796,-0.06891113,0.27122825,-0.03722496
0.4642857142857143,0.5,0.3333333333333333,0.42424242424242425,0.6153846153846154,0.5869565217391305,0.0,0.0,0.4779943854015598,0.4780111940823367,0.5103338584161398,0.48419215090593415,0.3422817162105016,0.3422817162105016,0.8151101693511009,0.0,0.0,0.0,0.5617246180772781,0.38256384432315826,0.3704248517751694,0.8047767877578735,0.8047767877578735,0.27700772881507874,0.3891969084739685,0.25446030497550964,0.39821587800979613,0.5934616327285767,0.1880582980811596,-0.07321908,0.30025393,-0.04194975
0.4642857142857143,0.5,0.3333333333333333,0.42424242424242425,0.6153846153846154,0.5869565217391305,0.0,0.0,0.4635185896780477,0.4635353399508314,0.520016178517223,0.4745711007897252,0.3425256907939911,0.3425256907939911,0.817259855568409,0.0,0.0,0.0,0.5561305314302444,0.38354822993278503,0.37629129737615585,0.7996022701263428,0.7996022701263428,0.2749793529510498,0.39000825881958007,0.2458234578371048,0.4016706168651581,0.5873196125030518,0.19182205200195312,-0.0751858,0.32668066,-0.04791269
0.4642857142857143,0.5,0.3333333333333333,0.42424242424242425,0.6153846153846154,0.5869565217391305,0.0,0.0,0.4585658767711136,0.45858256151297805,0.5246103731897548,0.4701331019122965,0.3331301042011806,0.3331301042011806,0.8166187182068825,0.0,0.0,0.0,0.5536529421806335,0.3784266710281372,0.3721172958612442,0.7966698408126831,0.7966698408126831,0.2673795819282532,0.39304816722869873,0.2337980568408966,0.40648077726364135,0.5841259360313416,0.19130703061819077,-0.08038329,0.35153273,-0.05866265
0.4642857142857143,0.5,0.3333333333333333,0.42424242424242425,0.6153846153846154,0.5869565217391305,0.3852992653846741,0.38279473781585693,0.3456765657173288,0.34569201961758034,0.551985792174622,0.44490488897039554,0.4330670407840184,0.4330670407840184,0.8063088059425354,0.0,0.0,0.0,0.5642685890197754,0.35131725668907166,0.3495710641145706,0.8067076206207275,0.8067076206207275,0.262315958738327,0.3950736165046692,0.22892315685749054,0.4084307372570038,0.5402776598930359,0.18188176676630974,-0.08459255,0.39016831,-0.07023126
0.4642857142857143,0.5,0.3333333333333333,0.42424242424242425,0.6153846153846154,0.5869565217391305,0.0,0.0,0.4733711491351374,0.47338773415603785,0.5629151699419915,0.43307528162498954,0.3821867065770286,0.3821867065770286,0.8046605885028839,0.0,0.0,0.0,0.5628060638904571,0.35841578245162964,0.35669927299022675,0.8087206482887268,0.8087206482887268,0.24200449883937836,0.40319820046424865,0.21397653222084045,0.4144093871116638,0.5293245315551758,0.17274295911192894,-0.08597317,0.40286219,-0.07494337
0.4642857142857143,0.5,0.3333333333333333,0.42424242424242425,0.6153846153846154,0.5869565217391305,0.0,0.0,0.48727176858407817,0.4872883436328822,0.5507266753946162,0.44529846197281875,0.33904129905360086,0.33904129905360086,0.8132317364215851,0.0,0.0,0.0,0.555937311053276,0.3779485672712326,0.3774229362607002,0.8070470094680786,0.8070470094680786,0.23119787871837616,0.4075208485126495,0.20336750149726868,0.4186529994010925,0.5283010601997375,0.1700422540307045,-0.08369442,0.40340725,-0.07423255
0.4642857142857143,0.5,0.3333333333333333,0.42424242424242425,0.6153846153846154,0.5869565217391305,0.0,0.0,0.4972550675671825,0.4972716686146665,0.5362196399422494,0.4596452543835289,0.313240545136588,0.313240545136588,0.8230657950043678,0.0,0.0,0.0,0.5518279254436492,0.3925224542617798,0.39231161773204803,0.8050476908683777,0.8050476908683777,0.22630749642848969,0.4094770014286041,0.2008255273103714,0.41966978907585145,0.5275482535362244,0.15916679054498672,-0.09027267,0.39674303,-0.07403255
0.4642857142857143,0.5,0.3333333333333333,0.42424242424242425,0.6153846153846154,0.5869565217391305,0.0,0.0,0.5038623756392508,0.5038789503319085,0.5283918918660676,0.46756193076624647,0.30403099954128265,0.30403099954128265,0.8298855274915695,0.0,0.0,0.0,0.5526577800512313,0.395763635635376,0.39590728282928467,0.806416392326355,0.806416392326355,0.22691339254379272,0.4092346429824829,0.20427288115024567,0.41829084753990176,0.5427396893501282,0.14862697571516037,-0.09067221,0.37149283,-0.07195429
0.4642857142857143,0.5,0.3333333333333333,0.42424242424242425,0.6153846153846154,0.5869565217391305,0.0,0.0,0.5010363995337976,0.5010529824178203,0.5149979389648365,0.48074543539419634,0.27679396527154104,0.27679396527154104,0.8416190892457962,0.0,0.0,0.0,0.5503352969884872,0.4052061587572098,0.4058500900864601,0.8051524758338928,0.8051524758338928,0.22406157851219177,0.4103753685951233,0.20653924345970154,0.41738430261611936,0.5504434704780579,0.10551820509135723,-0.10139934,0.33522713,-0.07020226
0.4642857142857143,0.5,0.3333333333333333,0.42424242424242425,0.6153846153846154,0.5869565217391305,0.0,0.0,0.45903172182991214,0.45904841796845824,0.4643124853675726,0.5300944143859145,0.26857404836586546,0.26857404836586546,0.8423456028103828,0.0,0.0,0.0,0.5501958370208739,0.4030161201953888,0.40355148166418076,0.8036264777183533,0.8036264777183533,0.22300323843955994,0.410798704624176,0.20978115499019623,0.4160875380039215,0.5593710541725159,0.09216448292136192,-0.11437366,0.31411266,-0.06962057
0.4642857142857143,0.5,0.3333333333333333,0.42424242424242425,0.6153846153846154,0.5869565217391305,0.0,0.0,0.45135737878642623,0.4513740521316091,0.4576116554139905,0.5367604573934935,0.2655795748744692,0.2655795748744692,0.8375991731882095,0.0,0.0,0.0,0.5519298762083054,0.3987913280725479,0.39966335892677307,0.803625226020813,0.803625226020813,0.222521111369133,0.4109915554523468,0.2162921130657196,0.41348315477371217,0.5623411536216736,0.09180164895951748,-0.16483379,0.26777524,-0.04924089
0.4642857142857143,0.5,0.3333333333333333,0.42424242424242425,0.6153846153846154,0.5869565217391305,0.0,0.0,0.4492778547863203,0.4492945452265256,0.45076732699319466,0.5435269308085146,0.27043757694108145,0.27043757694108145,0.8257534056901932,0.0,0.0,0.0,0.5597076535224914,0.3968191146850586,0.3975466713309288,0.8102217316627502,0.8102217316627502,0.23475171625614166,0.40609931349754336,0.24124491214752197,0.4035020351409912,0.6162216067314148,0.08913652040064335,-0.18690714,0.23883131,-0.03789695
0.4642857142857143,0.5,0.3333333333333333,0.42424242424242425,0.6153846153846154,0.5869565217391305,0.68350750207901,0.5313200950622559,0.30874877586875316,0.30876381948846704,0.4367712560620864,0.5599047116015604,0.46242405261312214,0.46242405261312214,0.7727740481495857,0.0,0.0,0.0,0.5710775524377822,0.33801431953907013,0.34942787885665894,0.8225388526916504,0.8225388526916504,0.3346012234687805,0.36615951061248775,0.32142242789268494,0.371431028842926,0.644816517829895,0.0,-0.20312442,0.213773,-0.03976743
0.4642857142857143,0.5,0.3333333333333333,0.42424242424242425,0.6153846153846154,0.5869565217391305,0.1476876139640808,0.14388401806354523,0.3984151884884953,0.39843141736309573,0.4266048063511602,0.5684448961609357,0.4885063001087734,0.4885063001087734,0.7599959298968315,0.0,0.0,0.0,0.5835125625133514,0.33313019573688507,0.34432531893253326,0.8431171178817749,0.8431171178817749,0.329318106174469,0.3682727575302124,0.33366045355796814,0.3665358185768127,0.6460805535316467,0.0,-0.21078202,0.1973722,-0.04586757
0.4642857142857143,0.5,0.3333333333333333,0.42424242424242425,0.6153846153846154,0.5869565217391305,0.047783154994249344,0.04585950821638107,0.40673585444061977,0.406752202980377,0.4278830410645523,0.5668849133972862,0.45724198222160345,0.45724198222160345,0.7585806101560593,0.0,0.0,0.0,0.5901550501585007,0.32135695219039917,0.3399350196123123,0.854182243347168,0.854182243347168,0.3156658709049225,0.37373365163803096,0.32866767048835754,0.36853293180465696,0.6509114503860474,0.0,-0.22633647,0.15801731,-0.06729579
0.4642857142857143,0.5,0.3333333333333333,0.42424242424242425,0.6153846153846154,0.5869565217391305,0.03381303697824478,0.03285221382975578,0.4048793691977944,0.40489570634087,0.42749026013150043,0.5672507753683955,0.4563204944133759,0.4563204944133759,0.7597783654928207,0.0,0.0,0.0,0.5916188895702361,0.3155812472105026,0.3354376554489136,0.8568248748779297,0.8568248748779297,0.3096104860305786,0.37615580558776857,0.3244860768318176,0.37020556926727294,0.6832222938537598,0.0,-0.22452022,0.09880093,-0.08002709
0.4642857142857143,0.5,0.3333333333333333,0.42424242424242425,0.6153846153846154,0.5869565217391305,0.02686423808336258,0.02636587806046009,0.3996016400266104,0.3996179144879372,0.42724360175160103,0.5676159912901166,0.45126589281218393,0.45126589281218393,0.7617437615990639,0.0,0.0,0.0,0.5906957626342773,0.3113478422164917,0.3329303711652756,0.85627681016922,0.85627681016922,0.30272141098976135,0.37891143560409546,0.31782808899879456,0.37286876440048217,0.6882250905036926,0.0,-0.21423382,0.06686615,-0.06914216
0.4642857142857143,0.5,0.3333333333333333,0.42424242424242425,0.6153846153846154,0.5869565217391305,0.0,0.0,0.40675257907086987,0.40676882504049267,0.4319448183872959,0.5631145812762577,0.44755880321775166,0.44755880321775166,0.7665407359600067,0.0,0.0,0.0,0.5905676722526549,0.31535686552524567,0.32883988320827484,0.8554239273071289,0.8554239273071289,0.29760053753852844,0.3809597849845886,0.31258341670036316,0.3749666333198547,0.6878637075424194,0.0,-0.20238771,0.03557424,-0.06207381
0.4642857142857143,0.5,0.3333333333333333,0.42424242424242425,0.6153846153846154,0.5869565217391305,0.0,0.0,0.42903327964687893,0.42904963388497697,0.4520509352419618,0.543058645435268,0.4515066955770765,0.4515066955770765,0.7706810384988785,0.0,0.0,0.0,0.5915196925401687,0.3201737403869629,0.327679842710495,0.8550142049789429,0.8550142049789429,0.2966579496860504,0.38133682012557985,0.3094780743122101,0.37620877027511596,0.6601711511611938,0.04938827361911535,-0.19916148,-0.00297585,-0.04917323
0.4642857142857143,0.5,0.3333333333333333,0.42424242424242425,0.6153846153846154,0.5869565217391305,0.0,0.0,0.44291186788569903,0.44292839307402104,0.47783733485533675,0.5169240387351695,0.4390617140701839,0.4390617140701839,0.7733176648616791,0.0,0.0,0.0,0.5924053937196732,0.3228134363889694,0.322149857878685,0.8547835350036621,0.8547835350036621,0.29893386363983154,0.38042645454406737,0.3066270649433136,0.37734917402267454,0.6438151001930237,0.07330564316362143,-0.19057366,-0.0307306,-0.04770334
0.4642857142857143,0.5,0.3333333333333333,0.42424242424242425,0.6153846153846154,0.5869565217391305,0.0,0.0,0.4523584604491239,0.4523750796600692,0.5008012932043231,0.4938632609460773,0.4273176406111036,0.4273176406111036,0.7729602158069611,0.0,0.0,0.0,0.5922372490167618,0.33553409576416016,0.32705533504486084,0.8530362248420715,0.8530362248420715,0.30578118562698364,0.37768752574920655,0.30568602681159973,0.3777255892753601,0.6319769620895386,0.09330087341368198,-0.1535594,-0.05700604,-0.04632009
0.4642857142857143,0.5,0.3333333333333333,0.42424242424242425,0.6153846153846154,0.5869565217391305,0.0,0.0,0.45799352972274987,0.4580101774253991,0.5189444217581594,0.4758424063207036,0.4066578830991473,0.4066578830991473,0.770837314426899,0.0,0.0,0.0,0.5909363180398941,0.3454478830099106,0.3283173739910126,0.8494477868080139,0.8494477868080139,0.3076687157154083,0.3769325137138367,0.30102062225341797,0.3795917510986328,0.6098597645759583,0.1117247436195612,-0.13429502,-0.06794376,-0.04288912
0.4642857142857143,0.5,0.3333333333333333,0.42424242424242425,0.6153846153846154,0.5869565217391305,0.0,0.0,0.46760182695224684,0.4676185173924521,0.524828286289485,0.4700734915691803,0.40469884872436523,0.40469884872436523,0.7932498306035995,0.0,0.0,0.0,0.5850661486387252,0.35056348145008087,0.33674128353595734,0.837839663028717,0.837839663028717,0.30777835845947266,0.37688865661621096,0.2906093895435333,0.3837562441825867,0.5951263904571533,0.1546842511743307,-0.10992606,-0.08048072,-0.03978046
0.4642857142857143,0.5,0.3333333333333333,0.42424242424242425,0.6153846153846154,0.5869565217391305,0.0,0.0,0.46620197255114526,0.4662186060079425,0.531629261733469,0.463496062034808,0.4105556011199951,0.4105556011199951,0.7930759936571121,0.0,0.0,0.0,0.5829538881778716,0.34661784768104553,0.3318498730659485,0.8342939615249634,0.8342939615249634,0.3089253306388855,0.3764298677444458,0.285465806722641,0.3858136773109436,0.5929036736488342,0.1644439622759819,-0.08858187,-0.09877195,-0.0387506
0.4642857142857143,0.5,0.3333333333333333,0.42424242424242425,0.6153846153846154,0.5869565217391305,0.3867810070514679,0.3838833272457123,0.3412763297443864,0.34129189761145395,0.541139299623369,0.45495598716849306,0.4863520818097251,0.4863520818097251,0.7603051513433456,0.0,0.0,0.0,0.586296483874321,0.31037960946559906,0.29091885685920715,0.8351100087165833,0.8351100087165833,0.3385666608810425,0.364573335647583,0.2965294122695923,0.3813882350921631,0.5689946413040161,0.16966624185442924,-0.06782831,-0.117863,-0.03984081
0.4642857142857143,0.5,0.3333333333333333,0.42424242424242425,0.6153846153846154,0.5869565217391305,0.0,0.0,0.46831593162470975,0.46833269044500464,0.5396843821551103,0.455200685319157,0.4279837225164686,0.4279837225164686,0.7789424955844879,0.0,0.0,0.0,0.5852133065462112,0.3378928303718567,0.32516124844551086,0.8335880041122437,0.8335880041122437,0.3317268490791321,0.36730926036834716,0.29254648089408875,0.3829814076423645,0.5809921026229858,0.1755315251648426,-0.04097034,-0.1311401,-0.03834606
0.4642857142857143,0.5,0.3333333333333333,0.42424242424242425,0.6153846153846154,0.5869565217391305,0.0,0.0,0.47382484533134883,0.4738416867775853,0.539553249087434,0.4551204184906382,0.414586854832513,0.414586854832513,0.7836875468492508,0.0,0.0,0.0,0.5831843674182892,0.339876726269722,0.3265669643878937,0.8317869901657104,0.8317869901657104,0.3173397183418274,0.373064112663269,0.27945610880851746,0.388217556476593,0.5781213641166687,0.18286922946572304,-0.02908409,-0.14156577,-0.03836736
0.4642857142857143,0.5,0.3333333333333333,0.42424242424242425,0.6153846153846154,0.5869565217391305,0.0,0.0,0.4748737873584317,0.4748906088604754,0.5387896856659913,0.4559406376654919,0.3854754992893764,0.3854754992893764,0.7926054745912552,0.0,0.0,0.0,0.576169604063034,0.353997141122818,0.34411726891994476,0.8247150182723999,0.8247150182723999,0.30929532647132874,0.3762818694114685,0.2697477638721466,0.3921008944511414,0.5679522752761841,0.19134212285280228,-0.01998756,-0.15757672,-0.03943931
0.4642857142857143,0.5,0.3333333333333333,0.42424242424242425,0.6153846153846154,0.5869565217391305,0.0,0.0,0.47354196259897935,0.47355877555351183,0.5390479943036577,0.45568929524945434,0.36469164703573503,0.36469164703573503,0.7979168221354485,0.0,0.0,0.0,0.5726132810115814,0.36407946050167084,0.35406394302845,0.8204475045204163,0.8204475045204163,0.30393803119659424,0.3784247875213623,0.26377710700035095,0.3944891571998596,0.5667979717254639,0.19326899200677872,-0.02916947,-0.16379073,-0.04095982
0.4642857142857143,0.5,0.3333333333333333,0.42424242424242425,0.6153846153846154,0.5869565217391305,0.5481752753257751,0.5364171862602234,0.32450414114198994,0.32451948107542544,0.5156257522379691,0.48039689068078034,0.45732866440500536,0.45732866440500536,0.7940356060862541,0.0,0.0,0.0,0.5771035581827163,0.346102699637413,0.3387538939714432,0.8219740986824036,0.8219740986824036,0.30928346514701843,0.3762866139411926,0.2711171507835388,0.39155313968658445,0.5296227931976318,0.17756717279553413,-0.04266066,-0.1731661,-0.04580927
0.4642857142857143,0.5,0.3333333333333333,0.42424242424242425,0.6153846153846154,0.5869565217391305,0.08722618967294693,0.08608238399028778,0.43150375541263963,0.4315202122208721,0.5040299862794165,0.4907760252637521,0.4494303464889527,0.4494303464889527,0.7917694374918938,0.0,0.0,0.0,0.5787276148796081,0.3458620011806488,0.3378816246986389,0.8239611983299255,0.8239611983299255,0.30108168721199036,0.37956732511520386,0.27108851075172424,0.3915645956993103,0.5287310481071472,0.17655756324529648,-0.04802235,-0.18356097,-0.04751306
0.4642857142857143,0.5,0.3333333333333333,0.42424242424242425,0.6153846153846154,0.5869565217391305,0.0,0.0,0.4591784569547008,0.459195190132462,0.5303748460846239,0.4642714010775153,0.41407050830977304,0.41407050830977304,0.793284073472023,0.0,0.0,0.0,0.5760313540697097,0.3573899567127228,0.34682755172252655,0.8216857314109802,0.8216857314109802,0.2804078459739685,0.3878368616104126,0.25570979714393616,0.3977160811424255,0.5286831855773926,0.1775134541094303,-0.07048659,-0.19614531,-0.03457478
0.4642857142857143,0.5,0.3333333333333333,0.42424242424242425,0.6153846153846154,0.5869565217391305,0.0,0.0,0.4717663681529904,0.4717831811075229,0.5308495235716636,0.46378806211245854,0.4065811846937452,0.4065811846937452,0.7956571877002716,0.0,0.0,0.0,0.5683267176151275,0.3657127469778061,0.35632428526878357,0.8116757869720459,0.8116757869720459,0.2788926661014557,0.3884429335594177,0.25148290395736694,0.3994068384170532,0.5222567319869995,0.17506422474980354,-0.08461309,-0.18426509,-0.00588012
0.4642857142857143,0.5,0.3333333333333333,0.42424242424242425,0.6153846153846154,0.5869565217391305,0.0,0.0,0.4793226885863973,0.4793395371555598,0.5225535485302285,0.47196571680550775,0.4053078378949847,0.4053078378949847,0.7979465499520302,0.0,0.0,0.0,0.5576254338026047,0.37205269932746887,0.3619479537010193,0.7975205183029175,0.7975205183029175,0.27745622396469116,0.3890175104141235,0.2487756609916687,0.4004897356033325,0.5084134340286255,0.1747332699596882,-0.10094869,-0.17262496,0.01905327
0.4642857142857143,0.5,0.3333333333333333,0.42424242424242425,0.6153846153846154,0.5869565217391305,0.0,0.0,0.49693423637810447,0.49695118110676795,0.5044248560105181,0.4898646668261319,0.38921030504362925,0.38921030504362925,0.8119549751281738,0.0,0.0,0.0,0.545848336815834,0.395061232149601,0.38676682114601135,0.7825924158096313,0.7825924158096313,0.27672263979911804,0.38931094408035277,0.2478218972682953,0.4008712410926819,0.5129455327987671,0.1759749837219715,-0.11205855,-0.15711597,0.02946206
0.4642857142857143,0.5,0.3333333333333333,0.42424242424242425,0.6153846153846154,0.5869565217391305,0.0,0.0,0.5041290544272609,0.5041460593446491,0.4796184794852656,0.514439530805187,0.3685141035488674,0.3685141035488674,0.8177610039710999,0.0,0.0,0.0,0.5421964049339294,0.40276340395212173,0.3961012214422226,0.7783286571502686,0.7783286571502686,0.2735796272754669,0.39056814908981324,0.2472062110900879,0.40111751556396485,0.5139276385307312,0.17667923122644424,-0.12318971,-0.13395949,0.03337805
0.4642857142857143,0.5,0.3333333333333333,0.42424242424242425,0.6153846153846154,0.5869565217391305,0.0,0.0,0.5441113889331344,0.5441283842345724,0.4578713629943235,0.5367099800660956,0.35533792206219267,0.35533792206219267,0.833672970533371,0.0,0.0,0.0,0.5415860354900359,0.41400308161973953,0.40815436840057373,0.7788858413696289,0.7788858413696289,0.277209609746933,0.3891161561012268,0.2626863121986389,0.39492547512054443,0.5413807034492493,0.16952857375144958,-0.13351281,-0.10619911,0.03632794
0.4642857142857143,0.5,0.3333333333333333,0.42424242424242425,0.6153846153846154,0.5869565217391305,0.0,0.0,0.5352833826045005,0.5353003608109163,0.44774227730402755,0.5468469209191854,0.38606818233217516,0.38606818233217516,0.8337942734360695,0.0,0.0,0.0,0.5377511262893676,0.40528780966997147,0.3989017605781555,0.7776389718055725,0.7776389718055725,0.277373343706131,0.3890506625175476,0.26679718494415283,0.3932811260223389,0.5365133285522461,0.09977484121918678,-0.15645875,-0.02567898,0.0354457
0.4642857142857143,0.5,0.3333333333333333,0.42424242424242425,0.6153846153846154,0.5869565217391305,0.0,0.0,0.524366139453866,0.5243830749227257,0.43971660305847404,0.5549534918379893,0.45033099395888193,0.45033099395888193,0.8232089281082153,0.0,0.0,0.0,0.5051374793052673,0.38971368968486786,0.3907056227326393,0.744062602519989,0.744062602519989,0.2670431435108185,0.3931827425956726,0.26649996638298035,0.39340001344680786,0.3045161962509155,0.09291845373809338,-0.1586365,0.01615904,0.03786086
0.4642857142857143,0.5,0.3333333333333333,0.42424242424242425,0.6153846153846154,0.5869565217391305,0.0,0.0,0.5215473668525141,0.521564232516699,0.4364926812753623,0.5584140067723418,0.3344838108335223,0.3344838108335223,0.8599600195884705,0.0,0.0,0.0,0.39302808344364165,0.4143829196691513,0.42175447195768356,0.5861034393310547,0.5861034393310547,0.18468523025512695,0.42612590789794924,0.18733929097652435,0.42506428360939025,0.16599461436271667,0.12253526598215103,-0.17232276,0.07066383,0.036913
0.4642857142857143,0.5,0.3333333333333333,0.42424242424242425,0.6153846153846154,0.5869565217391305,0.0,0.0,0.5106658686814299,0.5106822378776725,0.4290104805853353,0.5657049978560694,0.27195396167891367,0.27195396167891367,0.8738118782639503,0.0,0.0,0.0,0.3054878517985344,0.4344666972756386,0.43973855301737785,0.4593856930732727,0.4593856930732727,0.16554290056228638,0.43378283977508547,0.1651306301355362,0.4339477479457855,0.10632313042879105,0.11315351352095604,-0.17134769,0.10631993,0.04538225
0.4642857142857143,0.5,0.3333333333333333,0.42424242424242425,0.6153846153846154,0.5869565217391305,0.0,0.0,0.5026473121977559,0.5026636609155862,0.4292351604647664,0.5654368474715477,0.20054351006235396,0.20054351006235396,0.890029352158308,0.0,0.0,0.0,0.24716891646385192,0.4570314958691597,0.4636780098080635,0.38179677724838257,0.38179677724838257,0.1623498648405075,0.435060054063797,0.1595512330532074,0.48583573380181955,0.0919237807393074,0.04787207115441561,-0.15499563,0.15488732,0.03542417
0.4642857142857143,0.5,0.3333333333333333,0.42424242424242425,0.6153846153846154,0.5869565217391305,0.06433188915252686,0.06253500282764435,0.45494357828428367,0.45495953078935525,0.440756550254603,0.5544910309703703,0.17127262694495066,0.17127262694495066,0.8952830471098423,0.0,0.0,0.0,0.15677803233265875,0.4719537738710642,0.4755891375243664,0.24031135439872742,0.24031135439872742,0.1539701521396637,0.4384119391441345,0.14442352950572968,0.5206030468608058,0.062270041555166245,0.03903417382389307,-0.13363193,0.17208681,0.01149076
0.4642857142857143,0.5,0.3333333333333333,0.42424242424242425,0.6153846153846154,0.5869565217391305,0.15241117775440216,0.1486036628484726,0.40832826147571805,0.40834384073946717,0.4461129450205407,0.549468756725587,0.170035505933421,0.170035505933421,0.882291816174984,0.0,0.0,0.0,0.10294105038046836,0.47925572469830513,0.48265891522169113,0.16255445778369904,0.16255445778369904,0.13980139791965485,0.4440794408321381,0.12647542357444763,0.5757340130417846,0.055065009742975235,0.019547005649656057,-0.12402511,0.18229684,-0.00381691
0.4642857142857143,0.5,0.3333333333333333,0.42424242424242425,0.6153846153846154,0.5869565217391305,0.0,0.0,0.44340146932729574,0.4434173563014481,0.4497018284369153,0.5454721064521473,0.11956112725394114,0.11956112725394114,0.905258659273386,0.0,0.0,0.0,0.06388297341763972,0.4849300319328904,0.4879710953682661,0.10335231572389603,-0.0,0.12094520032405853,0.4516219198703766,0.10774921625852585,0.6223577295624932,0.04036606475710869,0.0,-0.09665154,0.20835522,-0.02756283
0.4642857142857143,0.5,0.3333333333333333,0.42424242424242425,0.6153846153846154,0.5869565217391305,0.0,0.0,0.44214449512343107,0.4421603763992426,0.44852632341147836,0.5466288717715685,0.08545553843889918,0.08545553843889918,0.9262645952403545,0.0,0.0,0.0,0.04067719075828791,0.4891023561358452,0.49145622830837965,0.0,-0.0,0.08380654454231262,0.46647738218307494,0.0,0.6976744186046512,0.028215937316417694,0.0,-0.06551773,0.21551315,-0.05868952
0.4642857142857143,0.5,0.3333333333333333,0.42424242424242425,0.6153846153846154,0.5869565217391305,0.0,0.0,0.43134863517936284,0.4313644195833808,0.4486013648614829,0.5467587212879794,0.07997947079794748,0.07997947079794748,0.9301696233451366,0.0,0.0,0.0,0.03815183490514755,0.49067444540560246,0.4929258218035102,0.0,-0.0,0.07504783570766449,0.4699808657169342,0.0,0.6976744186046512,0.02522270940244198,0.0,-0.04915922,0.20654643,-0.08378727
0.4642857142857143,0.5,0.3333333333333333,0.42424242424242425,0.6153846153846154,0.5869565217391305,0.45361173152923584,0.40783268213272095,0.3343770636199309,0.3343917539425152,0.45331025431306593,0.5436313379455429,0.13004461037261147,0.13004461037261147,0.8823954313993454,0.0,0.0,0.0,0.08552396595478057,0.4854140533134341,0.4917295938357711,0.13863804936408997,0.13863804936408997,0.07660256326198578,0.4693589746952057,0.0,0.6976744186046512,0.03168163076043129,0.0,-0.03824803,0.19604506,-0.09198009
0.4642857142857143,0.5,0.3333333333333333,0.42424242424242425,0.6153846153846154,0.5869565217391305,0.11620423942804337,0.11239595711231232,0.41049699869939976,0.4105126520415793,0.4433660769325825,0.551977865461245,0.10848497173615865,0.10848497173615865,0.9051740430295467,0.0,0.0,0.0,0.0714689802378416,0.48564858362078667,0.49121708143502474,0.11282198876142502,-0.0,0.07847088575363159,0.46861164569854735,0.0,0.6976744186046512,0.034786392003297806,0.0,-0.00775785,0.17174529,-0.10419003
0.4642857142857143,0.5,0.3333333333333333,0.42424242424242425,0.6153846153846154,0.5869565217391305,0.04768754914402962,0.045116860419511795,0.42615178825750405,0.426167601153226,0.43791257674105993,0.5571955332300239,0.09177535772323608,0.09177535772323608,0.9186104498803616,0.0,0.0,0.0,0.0602220918983221,0.4875747477635741,0.4918624898418784,0.0,-0.0,0.07390684634447098,0.4704372614622116,0.0,0.6976744186046512,0.03530464693903923,0.0,0.01267246,0.14614114,-0.10930623
0.4642857142857143,0.5,0.3333333333333333,0.42424242424242425,0.6153846153846154,0.5869565217391305,0.9296508431434631,0.9272691011428833,0.36089676561592643,0.36091289192039244,0.44014433191565666,0.5573113699921864,0.15053345156567438,0.15053345156567438,0.8492108434438705,0.0,0.0,0.0,0.11058375388383865,0.47143653966486454,0.47883285768330097,0.16615837812423706,0.16615837812423706,0.0762813538312912,0.4694874584674835,0.06825106590986252,0.6164337538702543,0.03752460330724716,0.0,0.01735396,0.12160075,-0.11910738
0.4642857142857143,0.5,0.3333333333333333,0.42424242424242425,0.6153846153846154,0.5869565217391305,0.18912021815776825,0.18678097426891327,0.397475440917006,0.39749241057591045,0.46682122264263964,0.528582792728348,0.1356997128043856,0.1356997128043856,0.8744478859007359,0.0,0.0,0.0,0.10884757637977599,0.4725696202367544,0.47846125438809395,0.16656413674354553,0.16656413674354553,0.08273973315954208,0.46690410673618316,0.07433226704597473,0.6120814279068348,0.03914014250040054,0.0,0.01630562,0.10984316,-0.12608141
0.4642857142857143,0.5,0.3333333333333333,0.42424242424242425,0.6153846153846154,0.5869565217391305,0.06535782665014267,0.06365374475717545,0.43928380267797873,0.4393011256340129,0.4774148969075876,0.5175743647282205,0.1221952001963343,0.1221952001963343,0.8850231915712357,0.0,0.0,0.0,0.10014355331659316,0.4760584682226181,0.47980745509266853,0.15525181591510773,0.15525181591510773,0.08980706334114075,0.4640771746635437,0.08192197233438492,0.6076739243296689,0.03833450376987457,0.0,-0.00301602,0.0760031,-0.13832135
0.4642857142857143,0.5,0.3333333333333333,0.42424242424242425,0.6153846153846154,0.5869565217391305,0.01725834235548973,0.017182400450110435,0.458383415898675,0.45840087276571795,0.4867089748040668,0.5081140021242507,0.11768167040177754,0.11768167040177754,0.8879325464367867,0.0,0.0,0.0,0.09795887172222137,0.47745754942297935,0.48097543604671955,0.1530325710773468,0.1530325710773468,0.09592726826667786,0.46162909269332886,0.08711498975753784,0.6063297737476437,0.03703422099351883,0.009908224456012249,-0.02604824,0.04237514,-0.14864254
0.4642857142857143,0.5,0.3333333333333333,0.42424242424242425,0.6153846153846154,0.5869565217391305,0.0,0.0,0.4655298504045315,0.4655473500091305,0.49415899625129955,0.5006434374461388,0.11648682079144887,0.11648682079144887,0.889438021928072,0.0,0.0,0.0,0.09113727398216724,0.47841241769492626,0.4820373859256506,0.14280390739440918,0.14280390739440918,0.10015812516212463,0.45993674993515016,0.08974789828062057,0.6071438345798227,0.035194531083106995,0.020807841792702675,-0.04023662,0.01651262,-0.18760477
0.4642857142857143,0.5,0.3333333333333333,0.42424242424242425,0.6153846153846154,0.5869565217391305,0.0,0.0,0.4669001589085814,0.46691772689327,0.5025565493816285,0.49210392101722233,0.11620950485978808,0.11620950485978808,0.8902982883155346,0.0,0.0,0.0,0.08479600474238395,0.47950482554733753,0.4830186925828457,0.1328216791152954,0.1328216791152954,0.10520651936531067,0.45791739225387573,0.09327566623687744,0.6088606978571692,0.03313694894313812,0.029934635385870934,-0.05853769,-0.00141514,-0.20610064
0.4642857142857143,0.5,0.3333333333333333,0.42424242424242425,0.6153846153846154,0.5869565217391305,0.0,0.0,0.465757935042591,0.4657755828040508,0.512350965640285,0.482142543195032,0.11584771530968803,0.11584771530968803,0.8905092291533947,0.0,0.0,0.0,0.08374386169016361,0.48053034394979477,0.4837749972939491,0.13026872277259827,0.13026872277259827,0.10657908022403717,0.45736836791038515,0.09404540807008743,0.6118833550880122,0.0329134501516819,0.03825550898909569,-0.08342457,-0.02511853,-0.2080659
0.4642857142857143,0.5,0.3333333333333333,0.42424242424242425,0.6153846153846154,0.5869565217391305,0.0,0.0,0.46376833086032027,0.46378602990684725,0.5235682591995363,0.4707994886788943,0.11478242065225329,0.11478242065225329,0.8906352035701275,0.0,0.0,0.0,0.08184981904923916,0.48153391666710377,0.4845148604363203,0.12658120691776276,0.12658120691776276,0.10341351479291916,0.45863459408283236,0.09096267819404602,0.6176911017229391,0.033121589571237564,0.044390736147761345,-0.11074528,-0.05231726,-0.19441687
0.4642857142857143,0.5,0.3333333333333333,0.42424242424242425,0.6153846153846154,0.5869565217391305,0.0,0.0,0.4632844875921027,0.4633022778120825,0.5374212490668944,0.4567793536545847,0.11582132961068835,0.11582132961068835,0.8904211334884167,0.0,0.0,0.0,0.08371637649834156,0.48204510286450386,0.4848889596760273,0.12940873205661774,0.12940873205661774,0.09956227988004684,0.46017508804798124,0.0873459205031395,0.6217613227145616,0.03409048914909363,0.04941139370203018,-0.11800859,-0.06786826,-0.174153
0.4642857142857143,0.5,0.3333333333333333,0.42424242424242425,0.6153846153846154,0.5869565217391305,0.7283186316490173,0.701456606388092,0.3017761948915558,0.30179212745243456,0.5378224208067753,0.4589964754900052,0.12986677033560617,0.12986677033560617,0.8703769594430923,0.0,0.0,0.0,0.09678041934967041,0.48041520081460476,0.48227889463305473,0.14375144243240356,0.14375144243240356,0.09678684175014496,0.461285263299942,0.0861310139298439,0.5875717657943105,0.03471842408180237,0.0458286190405488,-0.12269802,-0.08814141,-0.14177507
0.4642857142857143,0.5,0.3333333333333333,0.42424242424242425,0.6153846153846154,0.5869565217391305,0.2126236855983734,0.21143928170204163,0.3850003255256959,0.38501736356469,0.5544471961818279,0.44118356471713094,0.2606027786220823,0.2606027786220823,0.8131921887397766,0.0,0.0,0.0,0.11650259867310524,0.468733012676239,0.4718884788453579,0.17025849223136902,0.17025849223136902,0.09858161211013794,0.4605673551559448,0.08977104723453522,0.4640915811061859,0.035638295114040375,0.04160255193710327,-0.11861371,-0.11339609,-0.08416627
0.4642857142857143,0.5,0.3333333333333333,0.42424242424242425,0.6153846153846154,0.5869565217391305,0.11928552389144897,0.11848293244838715,0.41233177326377446,0.4123489651579702,0.5382571329806093,0.4570931954725244,0.5182791607720512,0.5182791607720512,0.7760490775108337,0.0,0.0,0.0,0.5403875142335891,0.3055068552494049,0.3009817749261856,0.7709261775016785,0.7709261775016785,0.19577838480472565,0.42168864607810974,0.19467055797576904,0.4221317768096924,0.12011346220970154,0.09013605304062366,-0.10126907,-0.1191415,-0.02914389
0.4642857142857143,0.5,0.3333333333333333,0.42424242424242425,0.6153846153846154,0.5869565217391305,0.0,0.0,0.4752181722830632,0.4752357288710702,0.547678595861103,0.44765758646099285,0.6573747737067087,0.6573747737067087,0.7759722918272018,0.0,0.0,0.0,0.5902649492025375,0.26757217943668365,0.266840860247612,0.8466574549674988,0.8466574549674988,0.25945141911506653,0.3962194323539734,0.24433691799640656,0.4022652328014374,0.22313393652439117,0.14338609762489796,-0.07491996,-0.11241227,0.01993893
0.4642857142857143,0.5,0.3333333333333333,0.42424242424242425,0.6153846153846154,0.5869565217391305,0.0,0.0,0.4606971189123267,0.46071461566775523,0.511926899391652,0.48295407809850543,0.6566767181668963,0.6566767181668963,0.7757312431931496,0.0,0.0,0.0,0.5980676770210266,0.26752670109272003,0.266634002327919,0.860803484916687,0.860803484916687,0.2808396816253662,0.3876641273498535,0.2691729664802551,0.39233081340789794,0.3178257942199707,0.15158834867179394,-0.0615743,-0.10526681,0.0432171
0.4642857142857143,0.5,0.3333333333333333,0.42424242424242425,0.6153846153846154,0.5869565217391305,0.0,0.0,0.44672016021626404,0.44673750596566136,0.48784832528170846,0.5071489539196062,0.6220360951764243,0.6220360951764243,0.7754370793700218,0.0,0.0,0.0,0.5993776828050613,0.26886992156505585,0.2745490223169327,0.8645756840705872,0.8645756840705872,0.28210076689720154,0.3871596932411194,0.2743608057498932,0.3902556777000427,0.44406968355178833,0.1546904258430004,-0.0533194,-0.10203764,0.05915187
0.4642857142857143,0.5,0.3333333333333333,0.42424242424242425,0.6153846153846154,0.5869565217391305,0.0,0.0,0.44124308598884887,0.441260294978067,0.46578529277677516,0.529585150819385,0.5339794499533518,0.5339794499533518,0.7769961580634117,0.0,0.0,0.0,0.6028534591197967,0.2917795181274414,0.3008233904838562,0.8699790239334106,0.8699790239334106,0.28681471943855286,0.38527411222457886,0.27946779131889343,0.38821288347244265,0.615265965461731,0.16314851120114326,-0.03926222,-0.09528213,0.0801008
0.4642857142857143,0.5,0.3333333333333333,0.42424242424242425,0.6153846153846154,0.5869565217391305,0.0,0.0,0.43084877672432487,0.43086591733345336,0.44727346910801263,0.5482366678882917,0.44967847211020334,0.44967847211020334,0.7857614457607269,0.0,0.0,0.0,0.5924768239259719,0.2996677905321121,0.31025853753089905,0.8590153455734253,0.8590153455734253,0.2900560796260834,0.38397756814956663,0.2838503122329712,0.3864598751068115,0.7073330283164978,0.12914346531033516,-0.03142343,-0.08270209,0.08766147
0.4642857142857143,0.5,0.3333333333333333,0.42424242424242425,0.6153846153846154,0.5869565217391305,0.0,0.0,0.43348578649998626,0.43350285303068437,0.4363421140163852,0.5595490257986823,0.35574816167354584,0.35574816167354584,0.7914807945489883,0.0,0.0,0.0,0.5577979803085327,0.32928481698036194,0.34797078371047974,0.8207105994224548,0.8207105994224548,0.28697213530540466,0.3852111458778381,0.28346893191337585,0.38661242723464967,0.7983816862106323,0.04634988959878683,-0.0267866,-0.06166182,0.08987734
0.4642857142857143,0.5,0.3333333333333333,0.42424242424242425,0.6153846153846154,0.5869565217391305,0.0,0.0,0.44252838094649305,0.44254543038216876,0.41926848888397217,0.5769579195788845,0.34138597548007965,0.34138597548007965,0.7931726649403572,0.0,0.0,0.0,0.5476593554019927,0.3392390310764313,0.36020414531230927,0.809554934501648,0.809554934501648,0.2844479978084564,0.3862208008766174,0.28570279479026794,0.3857188820838928,0.8182290196418762,0.016505770618095994,-0.01011387,-0.03631217,0.08262658
0.4642857142857143,0.5,0.3333333333333333,0.42424242424242425,0.6153846153846154,0.5869565217391305,0.0,0.0,0.4583625514238332,0.4583796407478945,0.4048298278228731,0.5916691408279926,0.3405780877385821,0.3405780877385821,0.7936840578913689,0.0,0.0,0.0,0.5466137498617172,0.3471014201641083,0.3675644099712372,0.8081827759742737,0.8081827759742737,0.2890511751174927,0.38437952995300295,0.30006447434425354,0.3799742102622986,0.8270778059959412,0.004080706858076155,0.00596487,-0.00869726,0.07426064
0.4642857142857143,0.5,0.3333333333333333,0.42424242424242425,0.6153846153846154,0.5869565217391305,0.0,0.0,0.46758965814546694,0.46760705517993145,0.38922724076484405,0.6073253179320819,0.33402353525161743,0.33402353525161743,0.8029303699731827,0.0,0.0,0.0,0.5461498498916626,0.35377949476242065,0.376260869204998,0.8075701594352722,0.8075701594352722,0.29327186942100525,0.3826912522315979,0.3095014691352844,0.3761994123458862,0.8225035667419434,0.0,0.00914792,-0.00144856,0.06172067
0.4642857142857143,0.5,0.3333333333333333,0.42424242424242425,0.6153846153846154,0.5869565217391305,0.16517087817192078,0.15754295885562897,0.3927254635790794,0.39274259279152635,0.3769920597112886,0.619512359402553,0.4238288104534149,0.4238288104534149,0.8043918088078499,0.0,0.0,0.0,0.5654435157775879,0.3327209800481796,0.36674006283283234,0.8251350522041321,0.8251350522041321,0.305138498544693,0.3779446005821228,0.34433016180992126,0.3622679352760315,0.7959303259849548,0.0,0.01839537,0.00368816,0.06600948
0.4642857142857143,0.5,0.3333333333333333,0.42424242424242425,0.6153846153846154,0.5869565217391305,0.09765791147947311,0.09662210941314697,0.39830048088817704,0.39831779244752963,0.3212032632663646,0.6763059499792063,0.439851496900831,0.439851496900831,0.7856957092881203,0.0,0.0,0.0,0.5723658829927444,0.3374396413564682,0.3616083562374115,0.834591805934906,0.834591805934906,0.3137519955635071,0.37449920177459717,0.3655620217323303,0.35377519130706786,0.7803127765655518,0.0,0.0104608,0.01676445,0.08102646
0.4642857142857143,0.5,0.3333333333333333,0.42424242424242425,0.6153846153846154,0.5869565217391305,0.0,0.0,0.43650638578498796,0.43652405633981095,0.3054611523338303,0.6919290567624587,0.4052215495279857,0.4052215495279857,0.7784474268555641,0.0,0.0,0.0,0.5747368276119231,0.348983496427536,0.3639604449272156,0.8356753587722778,0.8356753587722778,0.31457772850990295,0.3741689085960388,0.37706029415130615,0.3491758823394775,0.7807819247245789,0.0,0.00990545,0.01808912,0.0895546
0.4642857142857143,0.5,0.3333333333333333,0.42424242424242425,0.6153846153846154,0.5869565217391305,0.0,0.0,0.4555291939192019,0.4555470810109753,0.3179686570942516,0.6785093388132971,0.38862782929624834,0.38862782929624834,0.7762605845928192,0.0,0.0,0.0,0.569489523768425,0.35774369537830353,0.3749739080667496,0.8314743638038635,0.8314743638038635,0.3287327289581299,0.36850690841674805,0.3915534019470215,0.3433786392211914,0.7687272429466248,0.0,0.01130485,0.02299231,0.14121133
0.4642857142857143,0.5,0.3333333333333333,0.42424242424242425,0.6153846153846154,0.5869565217391305,0.0,0.0,0.4598586280076955,0.4598765350436617,0.3388591847501795,0.6569705565111993,0.38979896477290565,0.38979896477290565,0.7758231908082962,0.0,0.0,0.0,0.5699758291244507,0.36421002447605133,0.377567857503891,0.8310924768447876,0.8310924768447876,0.35032036900520325,0.3598718523979187,0.3979673981666565,0.3408130407333374,0.7661803960800171,0.0,0.01034034,0.02346172,0.17123023
0.4642857142857143,0.5,0.3333333333333333,0.42424242424242425,0.6153846153846154,0.5869565217391305,0.0,0.0,0.44771801946723894,0.4477357185137659,0.3883689338800784,0.60691623974434,0.388294096503939,0.388294096503939,0.7775463908910751,0.0,0.0,0.0,0.5769561916589736,0.3647431582212448,0.3743158280849457,0.8339172005653381,0.8339172005653381,0.353155255317688,0.35873789787292476,0.3928073048591614,0.34287707805633544,0.7654450535774231,0.0,0.00343931,0.03059741,0.18050033
0.4642857142857143,0.5,0.3333333333333333,0.42424242424242425,0.6153846153846154,0.5869565217391305,0.2210877537727356,0.21814937889575958,0.38518497456100204,0.3852021835502202,0.4376784034258549,0.5577078197663482,0.4523089102336339,0.4523089102336339,0.7715521305799484,0.0,0.0,0.0,0.5883309304714203,0.34569989144802094,0.3408382385969162,0.8425402045249939,0.8425402045249939,0.3980095684528351,0.34079617261886597,0.3938297927379608,0.3424680829048157,0.7616698741912842,0.0,-0.00931802,0.04094738,0.18005966
0.4642857142857143,0.5,0.3333333333333333,0.42424242424242425,0.6153846153846154,0.5869565217391305,0.0,0.0,0.45888556223754445,0.4589034293851251,0.47446916812236634,0.5196239667407819,0.3963910681860788,0.3963910681860788,0.7811045497655869,0.0,0.0,0.0,0.58126722574234,0.34501035511493683,0.34672811627388,0.842521071434021,0.842521071434021,0.3708866536617279,0.3516453385353088,0.34488603472709656,0.3620455861091614,0.7596932053565979,0.0,-0.02088937,0.06336027,0.17415348
0.4642857142857143,0.5,0.3333333333333333,0.42424242424242425,0.6153846153846154,0.5869565217391305,0.0,0.0,0.4655057834621597,0.4655236933472963,0.5048975308869127,0.48937831913713237,0.3801274725369045,0.3801274725369045,0.7926563546061516,0.0,0.0,0.0,0.5745441079139709,0.344441220164299,0.34657903015613556,0.8360263705253601,0.8360263705253601,0.3603631556034088,0.35585473775863646,0.32157012820243835,0.3713719487190247,0.7640988230705261,0.04296158440411091,-0.02711955,0.08728201,0.16043399
0.4642857142857143,0.5,0.3333333333333333,0.42424242424242425,0.6153846153846154,0.5869565217391305,0.0,0.0,0.46267773111281385,0.46269558971288327,0.526331847643989,0.46824484841950714,0.3718462160655431,0.3718462160655431,0.7963021174073219,0.0,0.0,0.0,0.5716865867376327,0.34589213132858276,0.34595680236816406,0.830990731716156,0.830990731716156,0.3546919524669647,0.3581232190132141,0.30130040645599365,0.37947983741760255,0.7653465270996094,0.10689224116504192,-0.04096685,0.1349051,0.10923056
0.4642857142857143,0.5,0.3333333333333333,0.42424242424242425,0.6153846153846154,0.5869565217391305,0.0,0.0,0.45275451792813626,0.4527723679806944,0.5375342386174612,0.4570962839732384,0.368409241948809,0.368409241948809,0.7990424558520317,0.0,0.0,0.0,0.568520250916481,0.3512793630361557,0.3462770879268646,0.8230059742927551,0.8230059742927551,0.349705308675766,0.3601178765296936,0.2918514013290405,0.3832594394683838,0.7715932130813599,0.12812183238565922,-0.0483904,0.15912378,0.08046256
0.4642857142857143,0.5,0.3333333333333333,0.42424242424242425,0.6153846153846154,0.5869565217391305,0.0,0.0,0.44640727571957883,0.44642510582794426,0.5453943019843238,0.449290913281381,0.36077850631305153,0.36077850631305153,0.8013100400567055,0.0,0.0,0.0,0.5633482992649078,0.3535795360803604,0.3473439961671829,0.8131978511810303,0.8131978511810303,0.34746411442756653,0.3610143542289734,0.2858431339263916,0.38566274642944337,0.7740103006362915,0.13963457196950912,-0.05505881,0.19328152,0.0299312
0.4642857142857143,0.5,0.3333333333333333,0.42424242424242425,0.6153846153846154,0.5869565217391305,0.0,0.0,0.434398814551461,0.43441653069301045,0.5472196173029693,0.4477045863759171,0.3435391506978444,0.3435391506978444,0.8001869395375252,0.0,0.0,0.0,0.561591437458992,0.3693927675485611,0.3637325316667557,0.8094568848609924,0.8094568848609924,0.34104377031326294,0.3635824918746948,0.27797985076904297,0.3888080596923828,0.7888907194137573,0.14839151874184608,-0.04849118,0.22034311,-0.00502255
0.4642857142857143,0.5,0.3333333333333333,0.42424242424242425,0.6153846153846154,0.5869565217391305,0.0,0.0,0.421022426785748,0.4210400631505262,0.5437308508852927,0.45125101715332644,0.3325650840997696,0.3325650840997696,0.7919685989618301,0.0,0.0,0.0,0.5608986437320709,0.36730559170246124,0.3637235015630722,0.807948887348175,0.807948887348175,0.3216141164302826,0.3713543534278869,0.266670823097229,0.3933316707611084,0.8036317229270935,0.14653032645583153,-0.03339642,0.24234697,-0.05755363
0.4642857142857143,0.5,0.3333333333333333,0.42424242424242425,0.6153846153846154,0.5869565217391305,0.0,0.0,0.4147607423151428,0.414778378679921,0.5448738297814393,0.4500440287949656,0.31387134322098326,0.31387134322098326,0.7901054471731186,0.0,0.0,0.0,0.5562265992164611,0.36285312473773956,0.3621561974287033,0.804386556148529,0.804386556148529,0.30454137921333313,0.37818344831466677,0.2509956359863281,0.39960174560546874,0.7875111699104309,0.13925290666520596,-0.02500563,0.24051243,-0.08327647
0.4642857142857143,0.5,0.3333333333333333,0.42424242424242425,0.6153846153846154,0.5869565217391305,0.0,0.0,0.4191891394883223,0.4192067701547597,0.5626888546387506,0.4326109352298216,0.3119495404618127,0.3119495404618127,0.7952170968055725,0.0,0.0,0.0,0.5519901454448699,0.36604978144168854,0.3632975369691849,0.7970312833786011,0.7970312833786011,0.2987782061100006,0.3804887175559998,0.24470163881778717,0.4021193444728851,0.7807895541191101,0.13459672220051289,-0.02395142,0.24193731,-0.10455201
0.4642857142857143,0.5,0.3333333333333333,0.42424242424242425,0.6153846153846154,0.5869565217391305,0.0,0.0,0.4179718599264754,0.4179895361796392,0.5900260064159707,0.40569825285884614,0.3112887591123581,0.3112887591123581,0.8024294748902321,0.0,0.0,0.0,0.5448027521371841,0.367869570851326,0.3621656149625778,0.7864198088645935,0.7864198088645935,0.2993922233581543,0.38024311065673827,0.24027091264724731,0.4038916349411011,0.78090900182724,0.1353698130697012,-0.02736353,0.24198246,-0.10897911
0.4642857142857143,0.5,0.3333333333333333,0.42424242424242425,0.6153846153846154,0.5869565217391305,0.0,0.0,0.40637906992640593,0.4063967461795698,0.6609795066184341,0.33677430220766635,0.30270352959632874,0.30270352959632874,0.797610379755497,0.0,0.0,0.0,0.5436185210943222,0.36143235862255096,0.3544561117887497,0.7830058932304382,0.7830058932304382,0.30129310488700867,0.37948275804519654,0.23332318663597107,0.40667072534561155,0.7628716826438904,0.14107093214988708,-0.03816856,0.23569053,-0.10100214
0.4642857142857143,0.5,0.3333333333333333,0.42424242424242425,0.6153846153846154,0.5869565217391305,0.0,0.0,0.40776711166702767,0.40778475373014667,0.6875471544539268,0.31139067841710777,0.3188154527119228,0.3188154527119228,0.7910585030913353,0.0,0.0,0.0,0.5425442099571227,0.34893864393234253,0.34234051406383514,0.7790493965148926,0.7790493965148926,0.29830119013786316,0.3806795239448547,0.2241322547197342,0.41034709811210635,0.6987221837043762,0.1363591756671667,-0.03078593,0.21944682,-0.10424062
0.4642857142857143,0.5,0.3333333333333333,0.42424242424242425,0.6153846153846154,0.5869565217391305,0.0,0.0,0.41574562074577376,0.41576334828400474,0.6924452088759004,0.30657042914042687,0.3307890253407615,0.3307890253407615,0.7877828106284142,0.0,0.0,0.0,0.5432956457138061,0.34945914149284363,0.3439749628305435,0.7787051796913147,0.7787051796913147,0.2982516884803772,0.3806993246078491,0.22022080421447754,0.411911678314209,0.6793764233589172,0.13021311722695827,-0.02821487,0.20515248,-0.10554297
0.4642857142857143,0.5,0.3333333333333333,0.42424242424242425,0.6153846153846154,0.5869565217391305,0.0,0.0,0.4222143259376686,0.42223212185598924,0.683674835566125,0.31487282051360355,0.35622410476207733,0.35622410476207733,0.7862450554966927,0.0,0.0,0.0,0.5498675376176834,0.34576477110385895,0.33982689678668976,0.7861436605453491,0.7861436605453491,0.30490842461586,0.378036630153656,0.22161243855953217,0.4113550245761871,0.6837679147720337,0.13352187350392342,-0.03507066,0.1817898,-0.10937823
0.4642857142857143,0.5,0.3333333333333333,0.42424242424242425,0.6153846153846154,0.5869565217391305,0.4548872709274292,0.4427809417247772,0.32108881778972326,0.3211054113581349,0.6226533553340468,0.3755570273503696,0.47181863869939533,0.47181863869939533,0.7849025651812553,0.0,0.0,0.0,0.5616100251674652,0.3171907514333725,0.31167489290237427,0.8016807436943054,0.8016807436943054,0.3208269774913788,0.37166920900344846,0.2319696843624115,0.4072121262550354,0.6552839279174805,0.1595981977880001,-0.06170303,0.15785231,-0.11954889
0.4642857142857143,0.5,0.3333333333333333,0.42424242424242425,0.6153846153846154,0.5869565217391305,0.0589134655892849,0.05455045774579048,0.41314249900285416,0.41316012397095075,0.6037827413351085,0.39231950598004167,0.4449043529374259,0.4449043529374259,0.7863610833883286,0.0,0.0,0.0,0.5666873067617416,0.3320285677909851,0.3264818787574768,0.8092730641365051,0.8092730641365051,0.3222367465496063,0.37110530138015746,0.23835144937038422,0.4046594202518463,0.6443787217140198,0.16295548528432846,-0.11443167,0.13287029,-0.12383515
0.4642857142857143,0.5,0.3333333333333333,0.42424242424242425,0.6153846153846154,0.5869565217391305,0.0,0.0,0.4411533428195786,0.44117111024619515,0.5665082644322178,0.428743072444526,0.40046474763325285,0.40046474763325285,0.7915090024471283,0.0,0.0,0.0,0.5687951028347015,0.3417934477329254,0.3336635231971741,0.813933253288269,0.813933253288269,0.3176327049732208,0.37294691801071167,0.24186764657497406,0.4032529413700104,0.6917809844017029,0.15848560258746147,-0.14963571,0.10754397,-0.12376826
0.4642857142857143,0.5,0.3333333333333333,0.42424242424242425,0.6153846153846154,0.5869565217391305,0.0,0.0,0.4404368391456385,0.4404545495888471,0.5376250787173357,0.45727155353958654,0.37395364471844267,0.37395364471844267,0.7983424589037895,0.0,0.0,0.0,0.5695666283369064,0.34717099368572235,0.339787557721138,0.8168141841888428,0.8168141841888428,0.3076753318309784,0.37692986726760863,0.2440001219511032,0.40239995121955874,0.7128881812095642,0.15043538995087147,-0.18744837,0.06451283,-0.12179013
0.4642857142857143,0.5,0.3333333333333333,0.42424242424242425,0.6153846153846154,0.5869565217391305,0.0,0.0,0.4313288676351252,0.43134661796671936,0.49909523659052746,0.4952092546299306,0.36207649324621477,0.36207649324621477,0.8019291535019875,0.0,0.0,0.0,0.572399240732193,0.34526124596595764,0.33985504508018494,0.8230636119842529,0.8230636119842529,0.29863983392715454,0.3805440664291382,0.24722357094287872,0.4011105716228485,0.7243181467056274,0.14667445793747902,-0.20931785,0.02814158,-0.09619538
0.4642857142857143,0.5,0.3333333333333333,0.42424242424242425,0.6153846153846154,0.5869565217391305,0.0,0.0,0.4253279221445379,0.4253456781744729,0.46236507454976067,0.5317202820781946,0.3611781873873302,0.3611781873873302,0.8033013194799423,0.0,0.0,0.0,0.5760402202606201,0.34857942163944244,0.3442886173725128,0.8284157514572144,0.8284157514572144,0.28924480080604553,0.3843020796775818,0.25171971321105957,0.39931211471557615,0.7256749272346497,0.14388165436685085,-0.22734191,0.0060005,-0.07996658
0.4642857142857143,0.5,0.3333333333333333,0.42424242424242425,0.6153846153846154,0.5869565217391305,0.0,0.0,0.42730505835713667,0.42732281438707165,0.4462561215314993,0.547937582636148,0.3675266461712974,0.3675266461712974,0.8023885264992714,0.0,0.0,0.0,0.5787695050239563,0.3531399965286255,0.3497990071773529,0.8323843479156494,0.8323843479156494,0.28852054476737976,0.3845917820930481,0.2620343267917633,0.3951862692832947,0.724614679813385,0.13914567418396473,-0.23889715,-0.02863882,-0.05294946
0.4642857142857143,0.5,0.3333333333333333,0.42424242424242425,0.6153846153846154,0.5869565217391305,0.0,0.0,0.43008507939187335,0.4301028240251268,0.44170552913818945,0.5526019701829553,0.3811716394765037,0.3811716394765037,0.8004717230796814,0.0,0.0,0.0,0.5866934180259704,0.3543752431869507,0.3505255877971649,0.841918408870697,0.841918408870697,0.2922476828098297,0.3831009268760681,0.2816363573074341,0.3873454570770264,0.7161769866943359,0.13526973314583302,-0.24288537,-0.05947319,-0.0356431
0.4642857142857143,0.5,0.3333333333333333,0.42424242424242425,0.6153846153846154,0.5869565217391305,0.3053063154220581,0.30095240473747253,0.3612173086826478,0.3612343239282787,0.44489786501824286,0.5504980547911984,0.4962811725480216,0.4962811725480216,0.7891087979078293,0.0,0.0,0.0,0.5977769911289215,0.33493345975875854,0.3297652304172516,0.8543570637702942,0.8543570637702942,0.3245333135128021,0.37018667459487914,0.32500603795051575,0.3699975848197937,0.6926673650741577,0.13776669278740883,-0.23950404,-0.07837623,-0.01757286
0.4642857142857143,0.5,0.3333333333333333,0.42424242424242425,0.6153846153846154,0.5869565217391305,0.22965601086616516,0.22798405587673187,0.3672089088943219,0.3672262204536744,0.4396431742389161,0.5557228942335029,0.5585865676403046,0.5585865676403046,0.7715207934379578,0.0,0.0,0.0,0.6017845094203949,0.31764523684978485,0.313016802072525,0.8587339520454407,0.8587339520454407,0.3577820360660553,0.3568871855735779,0.35854658484458923,0.3565813660621643,0.670401394367218,0.1336914487183094,-0.23628754,-0.09160563,-0.00937266
0.4642857142857143,0.5,0.3333333333333333,0.42424242424242425,0.6153846153846154,0.5869565217391305,0.09198089689016342,0.0915076807141304,0.4004299394487195,0.40044758151183846,0.4317365668243933,0.5632068431121618,0.5683388241699764,0.5683388241699764,0.7706941068172455,0.0,0.0,0.0,0.6041616082191467,0.3062363564968109,0.3069421499967575,0.8630456328392029,0.8630456328392029,0.33474770188331604,0.36610091924667354,0.3358643054962158,0.36565427780151366,0.6618991494178772,0.1424291916191578,-0.231545,-0.09067558,-0.00786057
0.4642857142857143,0.5,0.3333333333333333,0.42424242424242425,0.6153846153846154,0.5869565217391305,0.07453926652669907,0.07412957400083542,0.4051480174748437,0.4051656709346443,0.42350257263584756,0.5716382677144297,0.5636705032416752,0.5636705032416752,0.7689668983221054,0.0,0.0,0.0,0.6072459161281585,0.29549990594387054,0.29321517050266266,0.8686758875846863,0.8686758875846863,0.3221086859703064,0.3711565256118774,0.3268231451511383,0.3692707419395447,0.6322012543678284,0.15026054345071316,-0.24571946,-0.10414553,-0.0072214
0.4642857142857143,0.5,0.3333333333333333,0.42424242424242425,0.6153846153846154,0.5869565217391305,0.035809800028800964,0.03533737361431122,0.4286101322557001,0.4286278711906127,0.4135295815951054,0.5818627493280704,0.5153491241591318,0.5153491241591318,0.7705212011933327,0.0,0.0,0.0,0.6089221060276031,0.31385889649391174,0.308973491191864,0.871408998966217,0.871408998966217,0.31511828303337097,0.3739526867866516,0.3217412829399109,0.37130348682403563,0.6134268641471863,0.1536216214299202,-0.24147794,-0.11863087,-0.00325317
0.4642857142857143,0.5,0.3333333333333333,0.42424242424242425,0.6153846153846154,0.5869565217391305,0.0,0.0,0.478700741755119,0.4787188724509617,0.4054098790279994,0.5895699262112499,0.47261325376374386,0.47261325376374386,0.7866941913962364,0.0,0.0,0.0,0.5988172352313995,0.3292901813983917,0.3250804990530014,0.8597015142440796,0.8597015142440796,0.3001590073108673,0.3799363970756531,0.31151217222213745,0.37539513111114503,0.6048341393470764,0.15306856483221054,-0.22522245,-0.14804864,0.00597288
0.4642857142857143,0.5,0.3333333333333333,0.42424242424242425,0.6153846153846154,0.5869565217391305,0.0,0.0,0.5005337953243412,0.5005520370042745,0.3949143786275364,0.600125455782878,0.4539836304528373,0.4539836304528373,0.7831044867634773,0.0,0.0,0.0,0.5878500908613205,0.331282839179039,0.32477447390556335,0.8445864319801331,0.8445864319801331,0.2998502850532532,0.3800598859786987,0.31111669540405273,0.3755533218383789,0.5947176218032837,0.156780444085598,-0.211687,-0.16034615,0.02313676
0.4642857142857143,0.5,0.3333333333333333,0.42424242424242425,0.6153846153846154,0.5869565217391305,0.0,0.0,0.5209480196408515,0.5209663412311109,0.4010348297213961,0.593852485748317,0.4956014667238508,0.4956014667238508,0.7742858454585075,0.0,0.0,0.0,0.5727021932601928,0.3410732001066208,0.33253344893455505,0.8230692744255066,0.8230692744255066,0.3236027956008911,0.3705588817596436,0.32971081137657166,0.3681156754493713,0.5900534391403198,0.16174040734767914,-0.20358568,-0.17699821,0.03955356
0.4642857142857143,0.5,0.3333333333333333,0.42424242424242425,0.6153846153846154,0.5869565217391305,0.0,0.0,0.5417239265961583,0.5417422325159806,0.4055198342120898,0.5895108315679762,0.501629114151001,0.501629114151001,0.7743544727563858,0.0,0.0,0.0,0.5535450458526611,0.35551823675632477,0.35016967356204987,0.8003864884376526,0.8003864884376526,0.3397205173969269,0.3641117930412292,0.3395783305168152,0.36416866779327395,0.5598896741867065,0.15043020248413086,-0.18562386,-0.19839691,0.06579153
0.4642857142857143,0.5,0.3333333333333333,0.42424242424242425,0.6153846153846154,0.5869565217391305,0.0,0.0,0.5481918710595564,0.548210236811957,0.41161338343902937,0.5831852886411879,0.507073530129024,0.507073530129024,0.778307244181633,0.0,0.0,0.0,0.5522932857275009,0.3578900396823883,0.346606120467186,0.797648012638092,0.797648012638092,0.35227257013320923,0.3590909719467163,0.3508182764053345,0.35967268943786623,0.5626499652862549,0.1438355538994074,-0.15956562,-0.2215718,0.08872861
0.4642857142857143,0.5,0.3333333333333333,0.42424242424242425,0.6153846153846154,0.5869565217391305,0.0,0.0,0.5552379036496747,0.5552562010219858,0.41279339015369887,0.582223411563199,0.501819167818342,0.501819167818342,0.7843854129314423,0.0,0.0,0.0,0.5505254715681076,0.3624924570322037,0.3503579795360565,0.7945508360862732,0.7945508360862732,0.3636385500431061,0.35454457998275757,0.3577544689178467,0.35689821243286135,0.5746512413024902,0.1237249094992876,-0.13535106,-0.25749111,0.12870425
0.4642857142857143,0.5,0.3333333333333333,0.42424242424242425,0.6153846153846154,0.5869565217391305,0.0,0.0,0.5540581020752741,0.5540764051459259,0.4206820705880626,0.5742523844059243,0.5052010715007782,0.5052010715007782,0.7872684821486473,0.0,0.0,0.0,0.549603846669197,0.36614617705345154,0.3564217686653137,0.7932687997817993,0.7932687997817993,0.3728882968425751,0.35084468126296997,0.3631943166255951,0.3547222733497619,0.6106181740760803,0.09861542843282223,-0.10997709,-0.28322932,0.15082453
0.4642857142857143,0.5,0.3333333333333333,0.42424242424242425,0.6153846153846154,0.5869565217391305,0.0,0.0,0.5527497459324094,0.5527680433047205,0.42807767359294124,0.5668207151775327,0.50518912928445,0.50518912928445,0.7912469431757927,0.0,0.0,0.0,0.5501934587955475,0.36861632764339447,0.3597898930311203,0.7941409945487976,0.7941409945487976,0.3757847547531128,0.34968609809875484,0.3639834523200989,0.35440661907196047,0.6418778896331787,0.08450241759419441,-0.10082247,-0.29794309,0.16374137
0.4642857142857143,0.5,0.3333333333333333,0.42424242424242425,0.6153846153846154,0.5869565217391305,0.14012247323989868,0.13087265193462372,0.4545607010675434,0.4545785482709312,0.4300103912389985,0.5653343927285361,0.5892228867326464,0.5892228867326464,0.784210205078125,0.0,0.0,0.0,0.5749825567007064,0.32854534685611725,0.32303404808044434,0.8179529905319214,0.8179529905319214,0.36840468645095825,0.3526381254196167,0.3601941466331482,0.3559223413467407,0.6039415597915649,0.022802266757935286,-0.08294102,-0.3081103,0.17097743
0.4642857142857143,0.5,0.3333333333333333,0.42424242424242425,0.6153846153846154,0.5869565217391305,0.0,0.0,0.5536687059566578,0.553686855172108,0.41973940546608335,0.575677311506549,0.4996858324323382,0.4996858324323382,0.8013961166143417,0.0,0.0,0.0,0.5625016301870346,0.36070285737514496,0.3596383333206177,0.8143773674964905,0.8143773674964905,0.3709046542644501,0.35163813829421997,0.36159318685531616,0.3553627252578735,0.6578461527824402,0.005014872876927257,-0.07298522,-0.3028504,0.17054863
0.4642857142857143,0.5,0.3333333333333333,0.42424242424242425,0.6153846153846154,0.5869565217391305,0.0,0.0,0.5498370675238323,0.5498552737226906,0.4190867118124296,0.5761420909756177,0.4613134052072253,0.4613134052072253,0.8022771552205086,0.0,0.0,0.0,0.5562973201274871,0.3669859766960144,0.36706265807151794,0.8089997172355652,0.8089997172355652,0.38628387451171875,0.3454864501953125,0.36846399307250977,0.3526144027709961,0.6756770610809326,0.0,-0.0632472,-0.28947547,0.16298594
0.4642857142857143,0.5,0.3333333333333333,0.42424242424242425,0.6153846153846154,0.5869565217391305,0.0,0.0,0.5416446626756205,0.5416629315562276,0.4206348769295512,0.5743572381504128,0.4408069167818342,0.4408069167818342,0.8000918850302696,0.0,0.0,0.0,0.5539109170436859,0.3653182089328766,0.36679236590862274,0.8070570826530457,0.8070570826530457,0.39151573181152344,0.34339370727539065,0.37245306372642517,0.3510187745094299,0.6924003958702087,0.0,-0.05897188,-0.27115992,0.15124275
0.4642857142857143,0.5,0.3333333333333333,0.42424242424242425,0.6153846153846154,0.5869565217391305,0.0,0.0,0.5309695505731192,0.5309878593421119,0.4340736273369871,0.5605771425270163,0.43415748647281105,0.43415748647281105,0.7985688373446465,0.0,0.0,0.0,0.5506691873073577,0.3472791463136673,0.355170339345932,0.8063071966171265,0.8063071966171265,0.39121153950691223,0.3435153841972351,0.3676777482032776,0.352928900718689,0.705248236656189,0.0,-0.06891841,-0.22962169,0.12734585
0.4642857142857143,0.5,0.3333333333333333,0.42424242424242425,0.6153846153846154,0.5869565217391305,0.0,0.0,0.5146034257361811,0.5146217316560034,0.45883235967865865,0.5355773522060137,0.40986721004758564,0.40986721004758564,0.7955524921417236,0.0,0.0,0.0,0.5496191591024399,0.34242597222328186,0.3505619764328003,0.8068899512290955,0.8068899512290955,0.3887752592563629,0.34448989629745486,0.3570089340209961,0.35719642639160154,0.708463191986084,0.0,-0.07429282,-0.19448088,0.10428782
0.4642857142857143,0.5,0.3333333333333333,0.42424242424242425,0.6153846153846154,0.5869565217391305,0.0,0.0,0.5096741073674044,0.5096923919184486,0.48930138010481805,0.5051484773030878,0.3836257755756378,0.3836257755756378,0.7957777678966522,0.0,0.0,0.0,0.5501915603876113,0.34242741763591766,0.3489348292350769,0.8084076642990112,0.8084076642990112,0.37916553020477295,0.3483337879180908,0.33870989084243774,0.3645160436630249,0.7016719579696655,0.0,-0.07583371,-0.15773568,0.07590646
0.4642857142857143,0.5,0.3333333333333333,0.42424242424242425,0.6153846153846154,0.5869565217391305,0.0,0.0,0.49007810740580293,0.4900964161747956,0.527333678638502,0.4671265091489829,0.42839418564523973,0.42839418564523973,0.7977419346570969,0.0,0.0,0.0,0.560916668176651,0.34912800788879395,0.3486432731151581,0.8098576068878174,0.8098576068878174,0.3770262598991394,0.3491894960403442,0.33001509308815,0.36799396276473995,0.6745057702064514,0.0,-0.07417023,-0.12082852,0.0469772
0.4642857142857143,0.5,0.3333333333333333,0.42424242424242425,0.6153846153846154,0.5869565217391305,0.9762595295906067,0.9748284816741943,0.3863260445129803,0.38634319651879045,0.525953235635338,0.47061895384564634,0.5478584553514209,0.5478584553514209,0.7527086436748505,0.0,0.0,0.0,0.5890999108552932,0.2994895577430725,0.27993616461753845,0.8386903405189514,0.8386903405189514,0.4014885723590851,0.33940457105636596,0.335405558347702,0.3658377766609192,0.6148862242698669,0.0,-0.07024753,-0.07894772,0.02057894
0.4642857142857143,0.5,0.3333333333333333,0.42424242424242425,0.6153846153846154,0.5869565217391305,0.0830056443810463,0.07934486120939255,0.44217869656491693,0.4421967432102327,0.5538133412428613,0.44122640484327064,0.5202713821615492,0.5202713821615492,0.7869226261973381,0.0,0.0,0.0,0.5742548406124115,0.33374273777008057,0.3248920887708664,0.8234286308288574,0.8234286308288574,0.37226083874702454,0.3510956645011902,0.31826484203338623,0.3726940631866455,0.613041877746582,0.013896345626562834,-0.07107006,-0.04572989,-0.00462021
0.4642857142857143,0.5,0.3333333333333333,0.42424242424242425,0.6153846153846154,0.5869565217391305,0.0,0.0,0.47853750993371236,0.4785558244010458,0.558986574240442,0.43580044473283785,0.38521185517311096,0.38521185517311096,0.802116371691227,0.0,0.0,0.0,0.5554205060005187,0.34740394353866577,0.3372740149497986,0.7989544868469238,0.7989544868469238,0.3461352288722992,0.3615459084510803,0.2942820191383362,0.3822871923446655,0.6297599673271179,0.10115204378962517,-0.06834751,-0.02173104,-0.01993292
0.4642857142857143,0.5,0.3333333333333333,0.42424242424242425,0.6153846153846154,0.5869565217391305,0.0,0.0,0.47652117056098997,0.476539460810375,0.5583483657691036,0.4364583181782794,0.3635086864233017,0.3635086864233017,0.8043905273079872,0.0,0.0,0.0,0.5481127828359603,0.3535142242908478,0.3445817232131958,0.7895312309265137,0.7895312309265137,0.3387264013290405,0.36450943946838377,0.2856180667877197,0.3857527732849121,0.6435967087745667,0.113498754799366,-0.06317122,0.0038555,-0.02521877
0.4642857142857143,0.5,0.3333333333333333,0.42424242424242425,0.6153846153846154,0.5869565217391305,0.0,0.0,0.47268562164178995,0.47270385918152263,0.555066514653412,0.4398039166325087,0.3458285331726074,0.3458285331726074,0.8051757588982582,0.0,0.0,0.0,0.5481144309043884,0.35182715952396393,0.34414099156856537,0.7902488708496094,0.7902488708496094,0.33037269115448,0.36785092353820803,0.2774067223072052,0.3890373110771179,0.6439512968063354,0.12011449784040451,-0.04632491,0.02318759,-0.01166166
0.4642857142857143,0.5,0.3333333333333333,0.42424242424242425,0.6153846153846154,0.5869565217391305,0.0,0.0,0.4686461020382139,0.468664256952005,0.5428989073742416,0.4520258319486801,0.33465569572789333,0.33465569572789333,0.8071179762482643,0.0,0.0,0.0,0.5539437115192413,0.3469286561012268,0.3417069762945175,0.802532970905304,0.802532970905304,0.32256123423576355,0.37097550630569454,0.27088502049446106,0.3916459918022156,0.6479073762893677,0.12442952021956444,-0.03635436,0.04608643,0.01181944
0.4642857142857143,0.5,0.3333333333333333,0.42424242424242425,0.6153846153846154,0.5869565217391305,0.0,0.0,0.46209289330141495,0.4621109655892644,0.5241715696072259,0.4706936419985212,0.32761939934321815,0.32761939934321815,0.8090346530079842,0.0,0.0,0.0,0.5602973073720932,0.3319172263145447,0.3399749994277954,0.8187146186828613,0.8187146186828613,0.31298330426216125,0.3748066782951355,0.2637118995189667,0.39451524019241335,0.6497350931167603,0.0,-0.02789313,0.06219534,0.01541624
0.4642857142857143,0.5,0.3333333333333333,0.42424242424242425,0.6153846153846154,0.5869565217391305,0.0,0.0,0.45388849914415846,0.45390652299611106,0.5053827186074129,0.48933264123727394,0.32674222120216917,0.32674222120216917,0.8040464967489243,0.0,0.0,0.0,0.5630310773849487,0.3242485225200653,0.338070884346962,0.8258183002471924,0.8258183002471924,0.3027869164943695,0.3788852334022522,0.2571757733821869,0.3971296906471252,0.6442652940750122,0.0,-0.02291104,0.06691203,0.01740231
0.4642857142857143,0.5,0.3333333333333333,0.42424242424242425,0.6153846153846154,0.5869565217391305,0.0,0.0,0.451305860087247,0.45132386114583645,0.4993727781968352,0.49529619991386775,0.323699414730072,0.323699414730072,0.8055224344134331,0.0,0.0,0.0,0.5654360055923462,0.3315328359603882,0.3463560491800308,0.8294816017150879,0.8294816017150879,0.28732407093048096,0.3850703716278076,0.2505592405796051,0.399776303768158,0.6442573666572571,0.0,-0.02207124,0.09131701,0.0059312
0.4642857142857143,0.5,0.3333333333333333,0.42424242424242425,0.6153846153846154,0.5869565217391305,0.0,0.0,0.4399317382170639,0.4399487306693316,0.4787970693571846,0.5158793077819384,0.3257010983569282,0.3257010983569282,0.8058805912733078,0.0,0.0,0.0,0.570141115784645,0.3338930606842041,0.34768563508987427,0.8316084146499634,0.8316084146499634,0.27242520451545715,0.39102991819381716,0.24684716761112213,0.40126113295555116,0.64373779296875,0.0,-0.02008795,0.11101006,-0.00738825
0.4642857142857143,0.5,0.3333333333333333,0.42424242424242425,0.6153846153846154,0.5869565217391305,0.7010400891304016,0.6167715787887573,0.3016964637070723,0.3017121683343191,0.47656519024367544,0.5196834859104452,0.45648766415459774,0.45648766415459774,0.7692916840314865,0.0,0.0,0.0,0.586858057975769,0.31242555379867554,0.31274838745594025,0.8384401798248291,0.8384401798248291,0.29891714453697205,0.3804331421852112,0.2792176306247711,0.38831294775009156,0.6099416017532349,0.0,-0.01768657,0.1349175,-0.03772394
0.4642857142857143,0.5,0.3333333333333333,0.42424242424242425,0.6153846153846154,0.5869565217391305,0.07670050114393234,0.07526986300945282,0.4078891131435708,0.4079058776622065,0.4920562358419936,0.5028786287202384,0.43940618634223944,0.43940618634223944,0.7776028513908386,0.0,0.0,0.0,0.5881267994642257,0.3369651734828949,0.3333643823862076,0.8401713371276855,0.8401713371276855,0.2935316264629364,0.3825873494148254,0.27833834290504456,0.3886646628379822,0.6172989010810852,0.1095492485910654,-0.01676213,0.14898629,-0.06060187
0.4642857142857143,0.5,0.3333333333333333,0.42424242424242425,0.6153846153846154,0.5869565217391305,0.0,0.0,0.4137274963677955,0.4137443463615432,0.5141501255746553,0.4806914892018361,0.47090162123952595,0.47090162123952595,0.7824941799044609,0.0,0.0,0.0,0.5921129971742629,0.3378054052591324,0.3331807404756546,0.8448834419250488,0.8448834419250488,0.2909630239009857,0.3836147904396057,0.27433130145072937,0.39026747941970824,0.6190335750579834,0.15571999363601208,-0.01629334,0.17051764,-0.08971998
0.4642857142857143,0.5,0.3333333333333333,0.42424242424242425,0.6153846153846154,0.5869565217391305,0.0,0.0,0.4021733924034221,0.4021901797154209,0.5188876107249616,0.476108364980895,0.4945866763591767,0.4945866763591767,0.7796318456530571,0.0,0.0,0.0,0.5948260515928268,0.3174031525850296,0.31199847161769867,0.8484749794006348,0.8484749794006348,0.2926775813102722,0.3829289674758911,0.272393137216568,0.3910427451133728,0.6027805209159851,0.17399169504642487,-0.00945204,0.20529428,-0.10353466
0.4642857142857143,0.5,0.3333333333333333,0.42424242424242425,0.6153846153846154,0.5869565217391305,0.0,0.0,0.39890525719403763,0.3989220331093549,0.5190044438063984,0.47604244657451245,0.5031851146902357,0.5031851146902357,0.7774413377046585,0.0,0.0,0.0,0.5964556783437729,0.31297437846660614,0.30707012116909027,0.850924551486969,0.850924551486969,0.293537437915802,0.3825850248336792,0.27063965797424316,0.39174413681030273,0.5975401997566223,0.1788240484893322,-0.00290962,0.24215473,-0.11645798
0.4642857142857143,0.5,0.3333333333333333,0.42424242424242425,0.6153846153846154,0.5869565217391305,0.0,0.0,0.39820303926048495,0.39821973539903105,0.510047914250175,0.4850229348046323,0.502872190305165,0.502872190305165,0.7759396508336067,0.0,0.0,0.0,0.5971405029296875,0.3083523213863373,0.3045865148305893,0.8520376086235046,0.8520376086235046,0.29143211245536804,0.3834271550178528,0.26794126629829407,0.39282349348068235,0.5929911732673645,0.18467731773853302,-0.01831458,0.27596483,-0.12185222
0.4642857142857143,0.5,0.3333333333333333,0.42424242424242425,0.6153846153846154,0.5869565217391305,0.0,0.0,0.39409993757025463,0.3941166337088007,0.4864388421092389,0.5084191311791062,0.4864142409392766,0.4864142409392766,0.7750389501452446,0.0,0.0,0.0,0.5978689283132552,0.29310959577560425,0.2935905158519745,0.8538078665733337,0.8538078665733337,0.2891523241996765,0.3843390703201294,0.2669593095779419,0.39321627616882326,0.5961982607841492,0.18760111182928085,-0.02843257,0.28845876,-0.11102035
0.4642857142857143,0.5,0.3333333333333333,0.42424242424242425,0.6153846153846154,0.5869565217391305,0.0,0.0,0.3919599028891861,0.3919766788045034,0.4639257931116662,0.5307385491316856,0.4786731515611921,0.4786731515611921,0.7772800177335739,0.0,0.0,0.0,0.5981420069932937,0.29320691525936127,0.29503394663333893,0.8548080325126648,0.8548080325126648,0.2864992618560791,0.38540029525756836,0.2673925459384918,0.39304298162460327,0.6063622832298279,0.1905602589249611,-0.03625628,0.30384165,-0.09018941
0.4642857142857143,0.5,0.3333333333333333,0.42424242424242425,0.6153846153846154,0.5869565217391305,0.0,0.0,0.39413637276133434,0.39415313727997003,0.45579160536224483,0.538900882410907,0.48137918114662176,0.48137918114662176,0.7787515223026276,0.0,0.0,0.0,0.5992717683315276,0.293956995010376,0.29634517431259155,0.8565057516098022,0.8565057516098022,0.28829246759414673,0.3846830129623413,0.2721782922744751,0.39112868309021,0.6116898655891418,0.19711144268512726,-0.04089561,0.30800298,-0.06376205
0.4642857142857143,0.5,0.3333333333333333,0.42424242424242425,0.6153846153846154,0.5869565217391305,0.0,0.0,0.3963958104755409,0.3964125749941766,0.45013612178270035,0.5445800411718931,0.49164214304515297,0.49164214304515297,0.7812952771782875,0.0,0.0,0.0,0.5993138253688812,0.2936975657939911,0.2960035800933838,0.8563117980957031,0.8563117980957031,0.290574312210083,0.3837702751159668,0.27617403864860535,0.3895303845405579,0.6127187013626099,0.2058464102447033,-0.04947177,0.32299906,-0.03065234
0.4642857142857143,0.5,0.3333333333333333,0.42424242424242425,0.6153846153846154,0.5869565217391305,0.0,0.0,0.3994580646317958,0.39947487473715787,0.445218727192049,0.549485061103203,0.5021226831844875,0.5021226831844875,0.7841198965907097,0.0,0.0,0.0,0.6003326654434203,0.29335902631282806,0.29552721977233887,0.8573700785636902,0.8573700785636902,0.2897471487522125,0.384101140499115,0.2774637043476105,0.3890145182609558,0.6061251759529114,0.21221335977315903,-0.05804003,0.33262634,-0.01635241
0.4642857142857143,0.5,0.3333333333333333,0.42424242424242425,0.6153846153846154,0.5869565217391305,0.0,0.0,0.40538607705847485,0.4054029783372897,0.4602820774109368,0.5340813482759965,0.5043063206332071,0.5043063206332071,0.7847478315234184,0.0,0.0,0.0,0.6022701680660247,0.2930779457092285,0.2943935990333557,0.8599275350570679,0.8599275350570679,0.2902083396911621,0.38391666412353515,0.27879780530929565,0.3884808778762817,0.5918048620223999,0.2169778011739254,-0.06977586,0.33135098,-0.0167248
0.4642857142857143,0.5,0.3333333333333333,0.42424242424242425,0.6153846153846154,0.5869565217391305,0.0,0.0,0.41995231257342014,0.41996925374062066,0.5022742817139193,0.4923072720070364,0.48518893974167965,0.48518893974167965,0.7861111238598824,0.0,0.0,0.0,0.602165025472641,0.29702775180339813,0.288648396730423,0.8596916794776917,0.8596916794776917,0.30528756976127625,0.3778849720954895,0.28364160656929016,0.38654335737228396,0.6012546420097351,0.21712156012654305,-0.07409565,0.32397801,-0.02355
0.4642857142857143,0.5,0.3333333333333333,0.42424242424242425,0.6153846153846154,0.5869565217391305,0.34350723028182983,0.3426360487937927,0.32830202830225286,0.32831816600340047,0.5388288987982114,0.4571178692881915,0.5944399322782244,0.5944399322782244,0.7580817192792892,0.0,0.0,0.0,0.6026455104351043,0.25869858264923096,0.25224636495113373,0.859756588935852,0.859756588935852,0.34914669394493103,0.36034132242202754,0.3062797486782074,0.37748810052871706,0.6006038784980774,0.21214500069618225,-0.07396675,0.31076992,-0.03185165
0.4642857142857143,0.5,0.3333333333333333,0.42424242424242425,0.6153846153846154,0.5869565217391305,0.03029465861618519,0.02953934483230114,0.4097474845372012,0.40976443140274255,0.5741886135269078,0.42127568174224006,0.5961221243653979,0.5961221243653979,0.7539713829755783,0.0,0.0,0.0,0.6052334159612656,0.26649346947669983,0.26144589483737946,0.86388099193573,0.86388099193573,0.3627244234085083,0.35491023063659666,0.31388211250305176,0.3744471549987793,0.5708723068237305,0.2036643773317337,-0.07775881,0.27846116,-0.04605654
0.4642857142857143,0.5,0.3333333333333333,0.42424242424242425,0.6153846153846154,0.5869565217391305,0.0,0.0,0.42467044188461156,0.4246874457335609,0.5872210722352533,0.4085829695091142,0.5897823827607291,0.5897823827607291,0.7557527348399162,0.0,0.0,0.0,0.5997102797031402,0.2902270406484604,0.28429800271987915,0.8556061387062073,0.8556061387062073,0.34165188670158386,0.36333924531936646,0.29755866527557373,0.3809765338897705,0.3389666676521301,0.19113784655928612,-0.0819996,0.24137768,-0.07069883
0.4642857142857143,0.5,0.3333333333333333,0.42424242424242425,0.6153846153846154,0.5869565217391305,0.0,0.0,0.4307608228340659,0.4307778779680825,0.5831191842916135,0.4124627304300017,0.6508148993764605,0.6508148993764605,0.7735494524240494,0.0,0.0,0.0,0.5866647541522979,0.29130132496356964,0.2824486494064331,0.8363831639289856,0.8363831639289856,0.3350593149662018,0.3659762740135193,0.2903047502040863,0.38387809991836547,0.2809031009674072,0.18410507589578629,-0.0843228,0.19979361,-0.09357961
0.4642857142857143,0.5,0.3333333333333333,0.42424242424242425,0.6153846153846154,0.5869565217391305,0.0,0.0,0.433882202974469,0.4338993036952119,0.5695532241241426,0.4255955255231661,0.6526416753019606,0.6526416753019606,0.7727669775485992,0.0,0.0,0.0,0.5980231583118438,0.267771914601326,0.25932325422763824,0.8523389101028442,0.8523389101028442,0.3377155065536499,0.36491379737854,0.29134854674339294,0.3834605813026428,0.3330386281013489,0.196942538022995,-0.10175235,0.14620179,-0.10383108
0.4642857142857143,0.5,0.3333333333333333,0.42424242424242425,0.6153846153846154,0.5869565217391305,0.0,0.0,0.4268457151051917,0.4268628215242754,0.521451034976693,0.47283457131909545,0.6197295018604824,0.6197295018604824,0.7667576596140862,0.0,0.0,0.0,0.6119994044303894,0.25678226351737976,0.24685975909233093,0.8733511567115784,0.8733511567115784,0.34055572748184204,0.36377770900726314,0.2965489625930786,0.38138041496276853,0.44983410835266113,0.22444188594818115,-0.11430728,0.09451351,-0.10605402
0.4642857142857143,0.5,0.3333333333333333,0.42424242424242425,0.6153846153846154,0.5869565217391305,0.0,0.0,0.4334417953090048,0.4334588618397029,0.48159254001841717,0.5126311481062308,0.5553623608180455,0.5553623608180455,0.7663374692201614,0.0,0.0,0.0,0.6159019261598586,0.27961699664592743,0.2747424989938736,0.8813482522964478,0.8813482522964478,0.3368455171585083,0.3652617931365967,0.30007490515708923,0.37997003793716433,0.46691349148750305,0.22648347541689873,-0.11706941,0.06056352,-0.10034883
0.4642857142857143,0.5,0.3333333333333333,0.42424242424242425,0.6153846153846154,0.5869565217391305,0.0,0.0,0.4374074245274181,0.4374245195498202,0.4573198291357343,0.5368725637012361,0.5439447079386031,0.5439447079386031,0.7672564908862114,0.0,0.0,0.0,0.616146570444107,0.3022562563419342,0.300645187497139,0.8830540776252747,0.8830540776252747,0.3124009370803833,0.37503962516784667,0.30008137226104736,0.37996745109558105,0.4388975501060486,0.19674066454172134,-0.11520495,0.03194967,-0.09821953
0.4642857142857143,0.5,0.3333333333333333,0.42424242424242425,0.6153846153846154,0.5869565217391305,0.0,0.0,0.4564525416658668,0.4564696737274841,0.4405261150509632,0.5538871036282524,0.3542508504220418,0.3542508504220418,0.8149113655090332,0.0,0.0,0.0,0.5568219900131225,0.3750928267836571,0.38111988455057144,0.8105961084365845,0.8105961084365845,0.19881358742713928,0.42047456502914426,0.21252146363258362,0.41499141454696653,0.26737886667251587,0.14604573138058186,-0.103639,0.01231082,-0.10038782
0.4642857142857143,0.5,0.3333333333333333,0.42424242424242425,0.6153846153846154,0.5869565217391305,0.0,0.0,0.46693114648585565,0.4669483583242442,0.4328823550025546,0.561428779860021,0.20546353289059233,0.20546353289059233,0.8883078545331955,0.0,0.0,0.0,0.39245121777057645,0.43031100183725357,0.43554940819740295,0.5840962529182434,0.5840962529182434,0.15909281373023987,0.43636287450790406,0.16379617154598236,0.44122092945631164,0.17220506072044373,0.10291924700140953,-0.09935278,-0.00277125,-0.09091949
0.4642857142857143,0.5,0.3333333333333333,0.42424242424242425,0.6153846153846154,0.5869565217391305,0.0,0.0,0.47165068613639527,0.47166787803059096,0.4275490043268149,0.5669275049333085,0.16894791807447163,0.16894791807447163,0.9017252549529076,0.0,0.0,0.0,0.30735127478837965,0.44845106825232506,0.4508915804326534,0.45728081464767456,0.45728081464767456,0.14909279346466064,0.44036288261413575,0.15264730155467987,0.5270392672960149,0.1070532277226448,0.09423336014151573,-0.09525833,-0.01272315,-0.08717445
0.4642857142857143,0.5,0.3333333333333333,0.42424242424242425,0.6153846153846154,0.5869565217391305,0.0,0.0,0.4726475595744117,0.4726647229769034,0.42385540819988654,0.5707898189592493,0.1535308946456228,0.1535308946456228,0.9051564373075962,0.0,0.0,0.0,0.20874066501855848,0.463900338858366,0.46714068949222565,0.3168322741985321,0.3168322741985321,0.14064545929431915,0.44374181628227233,0.1403830647468567,0.5780907391115677,0.07784854620695114,0.06869809236377478,-0.09150974,-0.03656844,-0.07949799
0.4642857142857143,0.5,0.3333333333333333,0.42424242424242425,0.6153846153846154,0.5869565217391305,0.0,0.0,0.46498999244624295,0.4650071558487347,0.42544178639041763,0.569080342361571,0.13342449707644327,0.13342449707644327,0.9081818796694279,0.0,0.0,0.0,0.1433377996087074,0.476352971047163,0.4772722143679857,0.2148781716823578,0.2148781716823578,0.12280897051095963,0.45087641179561616,0.11885889619588852,0.5993306740771893,0.05983313173055649,0.057534296065568924,-0.09361006,-0.04842674,-0.0771527
0.4642857142857143,0.5,0.3333333333333333,0.42424242424242425,0.6153846153846154,0.5869565217391305,0.0,0.0,0.460983580202719,0.4610007293593587,0.42821478137094704,0.5663168194480375,0.1191913230078561,0.1191913230078561,0.9130699597299099,0.0,0.0,0.0,0.09165479093790053,0.48260233364999294,0.4835807830095291,0.1395958811044693,0.1395958811044693,0.10910933464765549,0.4563562661409378,0.1048300713300705,0.6025918451852577,0.05056669935584068,0.04310057498514652,-0.09371103,-0.06079719,-0.07015274
0.4642857142857143,0.5,0.3333333333333333,0.42424242424242425,0.6153846153846154,0.5869565217391305,0.0,0.0,0.4582148133910637,0.45823195969853303,0.4316428291182217,0.5628304691268604,0.10522981839520591,0.10522981839520591,0.919079814106226,0.0,0.0,0.0,0.06060977131128311,0.48691603541374207,0.48839168436825275,0.0,-0.0,0.09712110459804535,0.46115155816078185,0.09073703736066818,0.6235568745191707,0.040628690272569656,0.017611838411539793,-0.09339887,-0.0664816,-0.06502326
0.4642857142857143,0.5,0.3333333333333333,0.42424242424242425,0.6153846153846154,0.5869565217391305,0.0,0.0,0.46097449989665307,0.4609916205615888,0.4348398889227989,0.5597355332053819,0.09434311517647335,0.09434311517647335,0.9238634631037712,0.0,0.0,0.0,0.04890437051653862,0.48903595469892025,0.49061231408268213,0.0,-0.0,0.09578193724155426,0.4616872251033783,0.0,0.6976744186046512,0.0335359200835228,0.0,-0.09042448,-0.05898697,-0.05556389
0.4642857142857143,0.5,0.3333333333333333,0.42424242424242425,0.6153846153846154,0.5869565217391305,0.0,0.0,0.4635887846892012,0.46360586831492173,0.43731280927676314,0.5574064533971528,0.0894001844738211,0.0894001844738211,0.9269407987594604,0.0,0.0,0.0,0.045117732509970664,0.49015465658158064,0.4917894909158349,0.0,-0.0,0.09547301381826401,0.4618107944726944,0.0,0.6976744186046512,0.02986215427517891,0.0,-0.09122423,-0.04807399,-0.04893489
0.4642857142857143,0.5,0.3333333333333333,0.42424242424242425,0.6153846153846154,0.5869565217391305,0.0,0.0,0.465619431171089,0.46563719289936484,0.44624038271420774,0.5486186447671855,0.15676844865083694,0.15676844865083694,0.8941581211984158,0.0,0.0,0.0,0.06473001018166542,0.4898937754333019,0.4923525406047702,0.11337949335575104,-0.0,0.12282058596611023,0.4508717656135559,0.10086742043495178,0.588553527066874,0.03034665249288082,0.0,-0.08702139,-0.00799266,-0.0444273
0.4642857142857143,0.5,0.3333333333333333,0.42424242424242425,0.6153846153846154,0.5869565217391305,0.3288443386554718,0.32590657472610474,0.35890436354832256,0.35892137879395347,0.4667776588272182,0.5293351104742204,0.19495246665818353,0.19495246665818353,0.8686793595552444,0.0,0.0,0.0,0.07520630136132239,0.48532993346452713,0.49105169996619225,0.12791657447814941,-0.0,0.12417522072792053,0.4503299117088318,0.10104046761989594,0.6029353342777075,0.03426952287554741,0.0,-0.08118843,0.04027116,-0.05161446
0.4642857142857143,0.5,0.3333333333333333,0.42424242424242425,0.6153846153846154,0.5869565217391305,0.04255615919828415,0.038875337690114975,0.43081793730391144,0.4308354540035328,0.47172453378400203,0.5235762248025063,0.12734017201832362,0.12734017201832362,0.8958543725311756,0.0,0.0,0.0,0.07062099948525428,0.48466048017144203,0.4904354829341173,0.11644896119832993,-0.0,0.1177041158080101,0.45291835367679595,0.09666988253593445,0.6140623744143996,0.0343363881111145,0.0,-0.07311732,0.08040856,-0.05218938
0.4642857142857143,0.5,0.3333333333333333,0.42424242424242425,0.6153846153846154,0.5869565217391305,0.0,0.0,0.4442515876963307,0.4442691556810193,0.4722964021717385,0.5229637158481791,0.08800251143319267,0.08800251143319267,0.9201200418174267,0.0,0.0,0.0,0.05064974147826433,0.4874276965856552,0.49165052082389593,0.0,-0.0,0.09117404371500015,0.4635303825139999,0.08043201267719269,0.6278067931186322,0.030304761603474617,0.0,-0.06310566,0.10277812,-0.05178656
0.4642857142857143,0.5,0.3333333333333333,0.42424242424242425,0.6153846153846154,0.5869565217391305,0.0,0.0,0.4425944361130548,0.44261198700272103,0.4768259263745229,0.5184630922053507,0.0768454878457955,0.0768454878457955,0.9268614463508129,0.0,0.0,0.0,0.04332613088190555,0.48942051734775305,0.4927225415594876,0.0,-0.0,0.0787617638707161,0.46849529445171356,0.0,0.6976744186046512,0.026119649410247803,0.0,-0.06158582,0.11447804,-0.05333829
0.4642857142857143,0.5,0.3333333333333333,0.42424242424242425,0.6153846153846154,0.5869565217391305,0.0,0.0,0.4409887576422318,0.4410063370236019,0.4805645678854809,0.5147068399721482,0.07428061749253954,0.07428061749253954,0.9295509979128838,0.0,0.0,0.0,0.04103192053735256,0.49055768735706806,0.49321379279717803,0.0,-0.0,0.07102388888597488,0.47159044444561005,0.0,0.6976744186046512,0.023763146251440048,0.0,-0.06432218,0.12366777,-0.05794387
0.4642857142857143,0.5,0.3333333333333333,0.42424242424242425,0.6153846153846154,0.5869565217391305,0.0,0.0,0.4421345515187338,0.4421521365984448,0.48131562487345125,0.5139018239705507,0.0721791439822742,0.0721791439822742,0.9321588985621929,0.0,0.0,0.0,0.039087855629622935,0.4914514357224107,0.49354397458955646,0.0,-0.0,0.06452791392803192,0.47418883442878723,0.0,0.6976744186046512,0.02224060706794262,0.0,-0.06368415,0.12584235,-0.05760153
0.4642857142857143,0.5,0.3333333333333333,0.42424242424242425,0.6153846153846154,0.5869565217391305,0.0,0.0,0.4443523286633464,0.4443699308380798,0.47887656833428044,0.5163404089720204,0.07102503308228085,0.07102503308228085,0.9340857230126858,0.0,0.0,0.0,0.03739991281181573,0.49216202180832624,0.4937584330327809,0.0,-0.0,0.0583963505923748,0.47664145976305006,0.0,0.6976744186046512,0.021367516368627548,0.0,-0.07936391,0.12172674,-0.06434394
0.4642857142857143,0.5,0.3333333333333333,0.42424242424242425,0.6153846153846154,0.5869565217391305,0.0,0.0,0.45132910361937306,0.4513467513808329,0.4739105740195251,0.5211424492006725,0.0692529497402055,0.0692529497402055,0.9362252205610275,0.0,0.0,0.0,0.03599108159542083,0.4927774486131966,0.49401881312951446,0.0,-0.0,0.0,0.5,0.0,0.6976744186046512,0.02074497751891613,0.0,-0.09407788,0.11495298,-0.06493739
0.4642857142857143,0.5,0.3333333333333333,0.42424242424242425,0.6153846153846154,0.5869565217391305,0.0,0.0,0.47438004037390247,0.4743978078005191,0.47039264064446007,0.5244527834728566,0.0656705429511411,0.0656705429511411,0.9401203244924545,0.0,0.0,0.0,0.0343637952581048,0.4934638305567205,0.4944248991087079,0.0,-0.0,0.0,0.5,0.0,0.6976744186046512,0.020377397537231445,0.0,-0.11710652,0.09693459,-0.06635191
0.4642857142857143,0.5,0.3333333333333333,0.42424242424242425,0.6153846153846154,0.5869565217391305,0.0,0.0,0.4894128560336097,0.48942630981624013,0.46496240392925636,0.5297705577340176,0.06213563095246043,0.06213563095246043,0.9445155281573534,0.0,0.0,0.0,0.032417097873985765,0.4942049263045192,0.49495287192985415,0.0,-0.0,0.0,0.5,0.0,0.6976744186046512,0.02021302655339241,0.0,-0.13388423,0.08524895,-0.06795033
0.4642857142857143,0.5,0.3333333333333333,0.42424242424242425,0.6153846153846154,0.5869565217391305,0.0,0.0,0.5148417175271999,0.5148553721763436,0.4528412267309302,0.5420426455163541,0.061611463981015344,0.061611463981015344,0.9462000075727701,0.0,0.0,0.0,0.03206452075392008,0.4944931473582983,0.4952013664878905,0.0,-0.0,0.0,0.5,0.0,0.6976744186046512,0.020869899541139603,0.0011182125308550894,-0.16683792,0.05311364,-0.07030892
0.4642857142857143,0.5,0.3333333333333333,0.42424242424242425,0.6153846153846154,0.5869565217391305,0.0,0.0,0.533613196066643,0.5336269860513807,0.43760627952634035,0.5574471700009784,0.06494280216949327,0.06494280216949327,0.9458080269396305,0.0,0.0,0.0,0.03416122235357761,0.49452791968360543,0.49530433770269156,0.0,-0.0,0.0,0.5,0.0,0.6976744186046512,0.02327081747353077,0.005773431621491909,-0.18696536,0.00961592,-0.06795608
0.4642857142857143,0.5,0.3333333333333333,0.42424242424242425,0.6153846153846154,0.5869565217391305,0.0,0.0,0.5386385770646381,0.5386524154852727,0.42848402797378043,0.5666413990769236,0.06909477125321116,0.06909477125321116,0.9447830393910408,0.0,0.0,0.0,0.0378003504127264,0.49436516081914306,0.495254912879318,0.0,-0.0,0.0,0.5,0.0,0.6976744186046512,0.026562524959445,0.0,-0.1950335,-0.0123145,-0.07225269
0.4642857142857143,0.5,0.3333333333333333,0.42424242424242425,0.6153846153846154,0.5869565217391305,0.0,0.0,0.5417554355716159,0.5417692682939096,0.4229187491291112,0.5723101120669295,0.07410804075854166,0.07410804075854166,0.9433530494570732,0.0,0.0,0.0,0.0445225216448307,0.4940574415959418,0.49509363202378154,0.0,-0.0,0.0,0.5,0.0,0.6976744186046512,0.030310235917568207,0.0,-0.19930524,-0.02262459,-0.0724903
0.4642857142857143,0.5,0.3333333333333333,0.42424242424242425,0.6153846153846154,0.5869565217391305,0.0,0.0,0.544179834553662,0.5441937014660005,0.42024099051838393,0.5750384192343145,0.07834066237722125,0.07834066237722125,0.9419743567705154,0.0,0.0,0.0,0.04760756362229585,0.4938738364726305,0.4949505287222564,0.0,-0.0,0.0,0.5,0.0,0.6976744186046512,0.03330346941947937,0.0,-0.19947025,-0.03629813,-0.06856478
0.4642857142857143,0.5,0.3333333333333333,0.42424242424242425,0.6153846153846154,0.5869565217391305,0.0,0.0,0.5437844950655906,0.5437983562795883,0.42305401064469755,0.5721984545035248,0.08136131135480745,0.08136131135480745,0.9404747560620308,0.0,0.0,0.0,0.04942542742937803,0.4936576299369335,0.494760001078248,0.0,-0.0,0.0,0.5,0.0,0.6976744186046512,0.0354546494781971,0.0,-0.20135937,-0.04145253,-0.0713618
0.4642857142857143,0.5,0.3333333333333333,0.42424242424242425,0.6153846153846154,0.5869565217391305,0.0,0.0,0.5410761135714004,0.541089960539546,0.42575999313741064,0.5694400786163196,0.08001180631773813,0.08001180631773813,0.9411010723561049,0.0,0.0,0.0,0.04801692608743906,0.49380280962213874,0.4948409995995462,0.0,-0.0,0.0,0.5,0.0,0.6976744186046512,0.034629642963409424,0.0,-0.20552991,-0.03926655,-0.07296132
0.4642857142857143,0.5,0.3333333333333333,0.42424242424242425,0.6153846153846154,0.5869565217391305,0.0,0.0,0.541193442408487,0.5412072865274623,0.4257157740127972,0.5695061793696078,0.07964995556644032,0.07964995556644032,0.9411811530590057,0.0,0.0,0.0,0.047621267102658744,0.49380990117788315,0.49485012982040644,0.0,-0.0,0.0,0.5,0.0,0.6976744186046512,0.034385502338409424,0.0,-0.20789708,-0.03402517,-0.07806976
