face_1,face_2,face_3,face_4,face_5,face_6,face_7,face_8,face_9,face_10,face_11,face_12,face_13,face_14,face_15,face_16,face_17,face_18,face_19,face_20,face_21,face_22,face_23,face_24,face_25,face_26,face_27,face_28,face_29,neck_1,neck_2,neck_3
0.4642857142857143,0.5,0.3333333333333333,0.42424242424242425,0.6153846153846154,0.5869565217391305,0.0,0.0,0.44847303252831017,0.44847428616328633,0.4576985380161789,0.5370382101945571,0.12037629527705057,0.12037629527705057,0.9177060499787331,0.0,0.0,0.0,0.03572522234171629,0.4694342538714409,0.4652616083621979,0.0,-0.0,0.0,0.5,0.0,0.6976744186046512,0.048516951501369476,0.11851053684949875,-0.23917464,0.02047272,-0.09279424
0.4642857142857143,0.5,0.3333333333333333,0.42424242424242425,0.6153846153846154,0.5869565217391305,0.0,0.0,0.45931089209325,0.4593125446120822,0.4574054581029465,0.5374076891874897,0.15159796923398972,0.15159796923398972,0.9083134531974792,0.0,0.0,0.0,0.041588377021253106,0.463986050337553,0.45829514414072037,0.0,-0.0,0.03550310060381889,0.4857987597584724,0.04133051633834839,0.5922866837922917,0.05451608821749687,0.11103091761469841,-0.20565308,0.01464212,-0.02392791
0.4642857142857143,0.5,0.3333333333333333,0.42424242424242425,0.6153846153846154,0.5869565217391305,0.0,0.0,0.4568893166390705,0.45689088653196114,0.45063495453639424,0.5441057625687095,0.02366588983152594,0.02366588983152594,0.9805608494207263,0.0,0.0,0.0,0.004955788538791239,0.5,0.4984398050000891,0.0,-0.0,0.0,0.5,0.0,0.6976744186046512,0.01489495299756527,0.0,-0.16303422,-0.00212356,-0.01067305
0.4642857142857143,0.5,0.3333333333333333,0.42424242424242425,0.6153846153846154,0.5869565217391305,0.0,0.0,0.43952459176685343,0.4395255433897671,0.44704413368414736,0.5476130393341846,0.024611324604068487,0.024611324604068487,0.9750520223751664,0.0,0.0,0.0,0.00828981939703226,0.49883923679590225,0.4976604611147195,0.0,-0.0,0.0,0.5,0.0,0.6976744186046512,0.013831693679094315,0.0,-0.12475154,0.00048935,-0.00813038
0.4642857142857143,0.5,0.3333333333333333,0.42424242424242425,0.6153846153846154,0.5869565217391305,0.0,0.0,0.4338189627882627,0.4338197206675892,0.44954376785978534,0.545156894183245,0.024343554728797505,0.024343554728797505,0.9721945691853762,0.0,0.0,0.0,0.010591241670772432,0.4975861655548215,0.4969850399065763,0.0,-0.0,0.0,0.5,0.0,0.6976744186046512,0.012705795466899872,0.0,-0.11294941,0.00135145,0.00315967
0.4642857142857143,0.5,0.3333333333333333,0.42424242424242425,0.6153846153846154,0.5869565217391305,0.706000804901123,0.7074820399284363,0.28694008595628906,0.28693573242391723,0.4618894311939553,0.5363505201808758,0.036345778831413815,0.036345778831413815,0.9333394318819046,0.0,0.0,0.0,0.024843497201800346,0.49176322016865015,0.4926098180003464,0.0,-0.0,0.0,0.5,0.0,0.6976744186046512,0.013017979450523853,0.0,-0.11101433,0.00626262,0.01869763
0.4642857142857143,0.5,0.3333333333333333,0.42424242424242425,0.6153846153846154,0.5869565217391305,0.9811896681785583,0.9811843037605286,0.36328021062263793,0.3632785125170793,0.4696082953741172,0.5290989655330983,0.059130061417818076,0.059130061417818076,0.9005483128130436,0.0,0.0,0.0,0.029634668119251726,0.4827339891344309,0.48437668289989233,0.0,-0.0,0.0,0.5,0.0,0.6976744186046512,0.013569115661084652,0.0,-0.09173912,0.02904311,0.07241339
0.4642857142857143,0.5,0.3333333333333333,0.42424242424242425,0.6153846153846154,0.5869565217391305,0.16947592794895172,0.16884851455688477,0.37505502272290436,0.3750536437244306,0.4716208296797699,0.5241580624374736,0.04393587687185833,0.04393587687185833,0.9460086524486542,0.0,0.0,0.0,0.027203027904033658,0.48743397183716297,0.48761562816798687,0.0,-0.0,0.0,0.5,0.0,0.6976744186046512,0.014165264554321766,0.0,-0.08541806,0.03061968,0.08870184
0.4642857142857143,0.5,0.3333333333333333,0.42424242424242425,0.6153846153846154,0.5869565217391305,0.0561346560716629,0.05506015941500664,0.40301597186757776,0.4030176585764548,0.4815813385049882,0.5135264543178154,0.02916163764894009,0.02916163764894009,0.9608364421874285,0.0,0.0,0.0,0.016767407115548846,0.49304302548989654,0.493165441788733,0.0,-0.0,0.0,0.5,0.0,0.6976744186046512,0.011284998618066311,0.0,-0.08857835,0.03083735,0.08884484
0.4642857142857143,0.5,0.3333333333333333,0.42424242424242425,0.6153846153846154,0.5869565217391305,0.05332453176379204,0.05237947404384613,0.4039776124644234,0.40397935615670844,0.4846404372050247,0.5105325432119538,0.02514532501144069,0.02514532501144069,0.963837644085288,0.0,0.0,0.0,0.014871848095208405,0.4941606321372092,0.4942920794710517,0.0,-0.0,0.0,0.5,0.0,0.6976744186046512,0.010112651623785496,0.0,-0.09464685,0.03393649,0.07919748
0.4642857142857143,0.5,0.3333333333333333,0.42424242424242425,0.6153846153846154,0.5869565217391305,0.0521879717707634,0.05125943571329117,0.40463306411502464,0.4046348362990137,0.48501085927335985,0.510143206925916,0.024213555401989394,0.024213555401989394,0.9646428544074297,0.0,0.0,0.0,0.014395003486424683,0.4944170145317912,0.49453757889568806,0.0,-0.0,0.0,0.5,0.0,0.6976744186046512,0.009819716215133667,0.0,-0.09854533,0.03105583,0.09036703
0.4642857142857143,0.5,0.3333333333333333,0.42424242424242425,0.6153846153846154,0.5869565217391305,0.05096086487174034,0.05017499253153801,0.40880829540311037,0.408810249934005,0.482946223613181,0.5120590118964766,0.023548531212977,0.023548531212977,0.9658372141420841,0.0,0.0,0.0,0.014829734340310095,0.49464857252314687,0.4947490827180445,0.0,-0.0,0.0,0.5,0.0,0.6976744186046512,0.010019301436841488,0.0,-0.09896859,0.0314068,0.11281885
0.4642857142857143,0.5,0.3333333333333333,0.42424242424242425,0.6153846153846154,0.5869565217391305,0.05421614646911621,0.053511474281549454,0.4126361444393034,0.4126382756187629,0.49239901953286014,0.5025653111496523,0.024025136870997294,0.024025136870997294,0.9656669292598963,0.0,0.0,0.0,0.01652321983128786,0.4946237481199205,0.4947232003323734,0.0,-0.0,0.0,0.5,0.0,0.6976744186046512,0.010644501075148582,0.0,-0.0969914,0.03301796,0.14794432
0.4642857142857143,0.5,0.3333333333333333,0.42424242424242425,0.6153846153846154,0.5869565217391305,0.05507540702819824,0.05446932092308998,0.4092096466407265,0.40921160686996194,0.5065153624940785,0.4885340643607813,0.02379136026969978,0.02379136026969978,0.9660936146974564,0.0,0.0,0.0,0.01644407734274864,0.4947810242883861,0.49486203119158745,0.0,-0.0,0.0,0.5,0.0,0.6976744186046512,0.010581301525235176,0.0,-0.0930268,0.0191403,0.22576745
0.4642857142857143,0.5,0.3333333333333333,0.42424242424242425,0.6153846153846154,0.5869565217391305,0.782443106174469,0.7770689725875854,0.2586904702633334,0.2586858887973297,0.4871390186121997,0.5118795227087656,0.04384654308004039,0.04384654308004039,0.9328567460179329,0.0,0.0,0.0,0.03610956128686666,0.48831866402179,0.48945573065429926,0.0,-0.0,0.0,0.5,0.0,0.6976744186046512,0.012986317276954651,0.0,-0.09251084,0.01701435,0.23702632
0.4642857142857143,0.5,0.3333333333333333,0.42424242424242425,0.6153846153846154,0.5869565217391305,0.22791431844234467,0.22727927565574646,0.3515739381655224,0.3515733113480344,0.3163914361373872,0.6854753325085289,0.05575642255800111,0.05575642255800111,0.9298193342983723,0.0,0.0,0.0,0.04683411363512277,0.48494943138211966,0.4859314328059554,0.0,-0.0,0.0,0.5,0.0,0.6976744186046512,0.016943922266364098,0.0,-0.10053856,0.01637393,0.30839962
0.4642857142857143,0.5,0.3333333333333333,0.42424242424242425,0.6153846153846154,0.5869565217391305,0.07223811745643616,0.071178138256073,0.3961662471180436,0.39616257738656796,0.31645279587112923,0.6847967512926175,0.04914580711296627,0.04914580711296627,0.9481663350015879,0.0,0.0,0.0,0.029815929569303987,0.4896247647702694,0.49001454934477806,0.0,-0.0,0.0,0.5,0.0,0.6976744186046512,0.017170319333672523,0.0,-0.10848348,0.01302787,0.33355135
0.4642857142857143,0.5,0.3333333333333333,0.42424242424242425,0.6153846153846154,0.5869565217391305,0.06023025140166283,0.05881292000412941,0.4095098409324486,0.40950673533671217,0.343786266520192,0.6560560867795019,0.052114046577896395,0.052114046577896395,0.9469114206731319,0.0,0.0,0.0,0.030577277205884455,0.48968799598515034,0.49025873001664877,0.0,-0.0,0.0,0.5,0.0,0.6976744186046512,0.017618797719478607,0.0,-0.11178335,0.01077217,0.38163102
0.4642857142857143,0.5,0.3333333333333333,0.42424242424242425,0.6153846153846154,0.5869565217391305,0.0812905803322792,0.07982074469327927,0.4014527232423567,0.4014493498246027,0.2807063518473113,0.7229220816505064,0.06262765931231636,0.06262765931231636,0.9409475680440664,0.0,0.0,0.0,0.0414854796603322,0.48868895694613457,0.48933754581958055,0.0,-0.0,0.0,0.5,0.0,0.6976744186046512,0.020910188555717468,0.0,-0.10752679,0.00987622,0.39453897
0.4642857142857143,0.5,0.3333333333333333,0.42424242424242425,0.6153846153846154,0.5869565217391305,0.08249997347593307,0.08099989593029022,0.40585982571596396,0.40585664604179716,0.29815551473351326,0.7044192841535722,0.0670926778444222,0.0670926778444222,0.9372652564197779,0.0,0.0,0.0,0.04413868207484484,0.4882842814549804,0.48898422811180353,0.0,-0.0,0.0,0.5,0.0,0.6976744186046512,0.022568898275494576,0.0,-0.08655275,0.00438399,0.39525384
0.4642857142857143,0.5,0.3333333333333333,0.42424242424242425,0.6153846153846154,0.5869565217391305,0.08475612848997116,0.08288969099521637,0.4069858463498876,0.4069826837707432,0.3142648495406083,0.6876781287151764,0.07519430880035673,0.07519430880035673,0.9304827712476254,0.0,0.0,0.0,0.047817633673548694,0.48705624137073755,0.48802715726196766,0.0,-0.0,0.0,0.5,0.0,0.6976744186046512,0.028676824644207954,0.014965874142944813,-0.08590686,0.00777442,0.39930275
0.4642857142857143,0.5,0.3333333333333333,0.42424242424242425,0.6153846153846154,0.5869565217391305,0.08461839705705643,0.08272665739059448,0.40710111238760427,0.4070979726018231,0.31625142790391386,0.6856172667811928,0.07590022204177721,0.07590022204177721,0.92992103099823,0.0,0.0,0.0,0.048192884773015976,0.4868727046996355,0.48787118680775166,0.0,-0.0,0.0,0.5,0.0,0.6976744186046512,0.02901550568640232,0.016060223570093513,-0.0905297,0.0126776,0.39740402
0.4642857142857143,0.5,0.3333333333333333,0.42424242424242425,0.6153846153846154,0.5869565217391305,0.08510325849056244,0.08285251259803772,0.40486182970480983,0.40485855885719024,0.3288933679205054,0.6722467255131415,0.07841957466942924,0.07841957466942924,0.9266780205070972,0.0,0.0,0.0,0.04760243557393551,0.48678415175527334,0.48794581089168787,0.0,-0.0,0.0,0.5,0.0,0.6976744186046512,0.030991433188319206,0.01887638703919947,-0.09030115,0.01117872,0.39388412
0.4642857142857143,0.5,0.3333333333333333,0.42424242424242425,0.6153846153846154,0.5869565217391305,0.08311142027378082,0.08067289739847183,0.3980605351537409,0.39805700218244444,0.30541032313388805,0.6971637919523014,0.07819284551909993,0.07819284551909993,0.9267707392573357,0.0,0.0,0.0,0.04601791426539421,0.48650420270860195,0.4876721864566207,0.0,-0.0,0.0,0.5,0.0,0.6976744186046512,0.030207760632038116,0.02062079729512334,-0.08844911,0.00815334,0.38660538
0.4642857142857143,0.5,0.3333333333333333,0.42424242424242425,0.6153846153846154,0.5869565217391305,0.0821722224354744,0.07952244579792023,0.40355944542310435,0.40355082953181365,0.30480698280990925,0.6978527669418332,0.07768352649041585,0.07768352649041585,0.9275736436247826,0.0,0.0,0.0,0.04540134109556675,0.4863730054348707,0.48749244399368763,0.0,-0.0,0.0,0.5,0.0,0.6976744186046512,0.03045354224741459,0.025041184853762388,-0.08520941,0.00528083,0.3767108
0.4642857142857143,0.5,0.3333333333333333,0.42424242424242425,0.6153846153846154,0.5869565217391305,0.08172577619552612,0.07909329980611801,0.40331190949872164,0.4033032708140678,0.30676755394580035,0.6957453495635079,0.07695145905017853,0.07695145905017853,0.9279661774635315,0.0,0.0,0.0,0.04459606148302555,0.48657460045069456,0.4876754889264703,0.0,-0.0,0.0,0.5,0.0,0.6976744186046512,0.030285153537988663,0.024723524693399668,-0.109904708,7.49417668e-05,0.282900006
0.4642857142857143,0.5,0.3333333333333333,0.42424242424242425,0.6153846153846154,0.5869565217391305,0.07603273540735245,0.07312336564064026,0.40361558547667287,0.4036069581887006,0.3055937869143076,0.6969573524617734,0.07355254409568651,0.07355254409568651,0.9293575584888458,0.0,0.0,0.0,0.041046717949211595,0.4875825308263302,0.48861973360180855,0.0,-0.0,0.0,0.5,0.0,0.6976744186046512,0.029160605743527412,0.019107796251773834,-0.10661061,-0.00348461,0.24969243
0.4642857142857143,0.5,0.3333333333333333,0.42424242424242425,0.6153846153846154,0.5869565217391305,0.07771316915750504,0.0751267671585083,0.40684511442713256,0.4068365783126131,0.315308979318885,0.6867540059941626,0.07276894524693489,0.07276894524693489,0.9306314326822758,0.0,0.0,0.0,0.04026114474982023,0.48812718596309423,0.4891111617907882,0.0,-0.0,0.0,0.5,0.0,0.6976744186046512,0.02970438078045845,0.022216506768018007,-0.09931423,0.0095393,0.02575261
0.4642857142857143,0.5,0.3333333333333333,0.42424242424242425,0.6153846153846154,0.5869565217391305,0.08416175842285156,0.08219572901725769,0.40479613923205926,0.4047876031175398,0.2999575580283287,0.7029165633043363,0.07190950747047152,0.07190950747047152,0.9321810454130173,0.0,0.0,0.0,0.04067029077559709,0.4880090868100524,0.48894419334828854,0.0,-0.0,0.0,0.5,0.0,0.6976744186046512,0.029590772464871407,0.02581925829872489,-0.10349573,0.01961289,-0.02846367
0.4642857142857143,0.5,0.3333333333333333,0.42424242424242425,0.6153846153846154,0.5869565217391305,0.18289028108119965,0.182450532913208,0.3750416886054307,0.37503134041853664,0.43942607315275,0.5579254183888955,0.07265593856573105,0.07265593856573105,0.9318377487361431,0.0,0.0,0.0,0.0441151775419712,0.487315664999187,0.48825331404805183,0.0,-0.0,0.0,0.5,0.0,0.6976744186046512,0.02966744266450405,0.030043842270970345,-0.10189419,0.02146883,-0.05238793
0.4642857142857143,0.5,0.3333333333333333,0.42424242424242425,0.6153846153846154,0.5869565217391305,0.8444720506668091,0.8444646000862122,0.2711445587770889,0.27112994823127584,0.5682567661168698,0.43092526345083815,0.08142202294298581,0.08142202294298581,0.9193027950823307,0.0,0.0,0.0,0.06148629076778888,0.47824044711887836,0.4801736921072006,0.0,-0.0,0.0,0.5,0.0,0.6976744186046512,0.028074732050299644,0.030627897940576077,-0.09718546,0.02297846,-0.07547953
0.4642857142857143,0.5,0.3333333333333333,0.42424242424242425,0.6153846153846154,0.5869565217391305,0.3332676887512207,0.33291366696357727,0.32312761574812643,0.3231149084481409,0.5912258205632634,0.4073610856879003,0.060025512107781,0.060025512107781,0.9233515150845051,0.0,0.0,0.0,0.04495237413793802,0.4810944404453039,0.48203698731958866,0.0,-0.0,0.0,0.5,0.0,0.6976744186046512,0.02600712701678276,0.02004705835133791,-0.11010204,0.01793649,-0.11435898
0.4642857142857143,0.5,0.3333333333333333,0.42424242424242425,0.6153846153846154,0.5869565217391305,0.1675119549036026,0.16639383137226105,0.383755853481548,0.38374814932478546,0.552409765825217,0.4455424535292234,0.043184248996632445,0.043184248996632445,0.9401153437793255,0.0,0.0,0.0,0.027963293343782423,0.4876448754221201,0.4882528157904744,0.0,-0.0,0.0,0.5,0.0,0.6976744186046512,0.019297011196613312,0.0,-0.09804477,0.02630642,-0.18568975
0.4642857142857143,0.5,0.3333333333333333,0.42424242424242425,0.6153846153846154,0.5869565217391305,0.16347762942314148,0.162374347448349,0.39195483136587345,0.3919474349195141,0.5253520920217379,0.4720862538084651,0.040814267205340524,0.040814267205340524,0.9425111059099436,0.0,0.0,0.0,0.026659843325614926,0.48895988520234823,0.4895603507757187,0.0,-0.0,0.0,0.5,0.0,0.6976744186046512,0.018411463126540184,0.0,-0.09548945,0.03141615,-0.20824553
0.4642857142857143,0.5,0.3333333333333333,0.42424242424242425,0.6153846153846154,0.5869565217391305,0.4658831059932709,0.46459826827049255,0.3170485460051615,0.31703838016517305,0.5185908810244464,0.4798819145275981,0.0486104642706258,0.0486104642706258,0.9332596976310015,0.0,0.0,0.0,0.057671656459569925,0.48509914241731167,0.4869312960654497,0.0,-0.0,0.0,0.5,0.0,0.6976744186046512,0.021558959037065506,0.0,-0.08090171,0.037341,-0.27237979
0.4642857142857143,0.5,0.3333333333333333,0.42424242424242425,0.6153846153846154,0.5869565217391305,0.45816025137901306,0.4575222134590149,0.3006836178197916,0.3006734519798031,0.6586196299492744,0.3459334961036373,0.06972212344408035,0.06972212344408035,0.923613179475069,0.0,0.0,0.0,0.06700283214449881,0.4818061050027609,0.48445884697139263,0.0,-0.0,0.0,0.5,0.0,0.6976744186046512,0.030136017128825188,0.0,-0.13681773,0.01775608,-0.21112914
0.4642857142857143,0.5,0.3333333333333333,0.42424242424242425,0.6153846153846154,0.5869565217391305,0.1713191121816635,0.17091822624206543,0.36005505229957246,0.3600473139527651,0.752141551351456,0.2576227757437913,0.0674366977597986,0.0674366977597986,0.9338156804442406,0.0,0.0,0.0,0.04071267377585172,0.4856851687654853,0.4869606727734208,0.0,-0.0,0.0,0.5,0.0,0.6976744186046512,0.03127525746822357,0.0,-0.18906016,0.01449347,-0.17563769
0.4642857142857143,0.5,0.3333333333333333,0.42424242424242425,0.6153846153846154,0.5869565217391305,0.1430770754814148,0.14305998384952545,0.36405670073018703,0.36404913333360367,0.7572369849020847,0.25287348220676076,0.06426809621708734,0.06426809621708734,0.9380527772009373,0.0,0.0,0.0,0.03428565803915262,0.48751713894307613,0.48853847570717335,0.0,-0.0,0.0,0.5,0.0,0.6976744186046512,0.03031739592552185,0.0,-0.20711998,0.01102985,-0.17538248
0.4642857142857143,0.5,0.3333333333333333,0.42424242424242425,0.6153846153846154,0.5869565217391305,0.1309080719947815,0.13088785111904144,0.36991690859967846,0.36990940958318475,0.7270001982183802,0.28115430201394104,0.06137961521744729,0.06137961521744729,0.9415533058345318,0.0,0.0,0.0,0.03271017242223024,0.48956215288490057,0.49050792772322893,0.0,-0.0,0.0,0.5,0.0,0.6976744186046512,0.030747536569833755,0.0,-0.21465585,0.01474069,-0.16915859
0.4642857142857143,0.5,0.3333333333333333,0.42424242424242425,0.6153846153846154,0.5869565217391305,0.7700468897819519,0.7626927495002747,0.2827189602313944,0.2827074951697034,0.33969024216923616,0.6602007749608958,0.08057153916784696,0.08057153916784696,0.9194653555750847,0.0,0.0,0.0,0.04941786639392376,0.48406718485057354,0.48665011674165726,0.0,-0.0,0.0,0.5,0.0,0.6976744186046512,0.03422718495130539,0.0,-0.22229013,0.01872237,-0.16469742
0.4642857142857143,0.5,0.3333333333333333,0.42424242424242425,0.6153846153846154,0.5869565217391305,0.6281933784484863,0.6251786351203918,0.2927112287590654,0.2927000144243696,0.35265943789801224,0.6463946639187199,0.08927235113722938,0.08927235113722938,0.9067416414618492,0.0,0.0,0.0,0.049461767077445984,0.48219267278909683,0.48414756916463375,0.0,-0.0,0.0,0.5,0.0,0.6976744186046512,0.03391202539205551,0.0,-0.22728419,0.02901952,-0.15514843
0.4642857142857143,0.5,0.3333333333333333,0.42424242424242425,0.6153846153846154,0.5869565217391305,0.43350157141685486,0.4316703677177429,0.33694348234975313,0.3369245068748868,0.3497730687289119,0.6484657486760999,0.09503356314131192,0.09503356314131192,0.8991870991885662,0.0,0.0,0.0,0.05142497643828392,0.4806666187942028,0.48208354972302914,0.0,-0.0,0.07002096623182297,0.4719916135072708,0.07407175004482269,0.6240212189596753,0.033396705985069275,0.0,-0.22815703,0.02633561,-0.14998794
0.4642857142857143,0.5,0.3333333333333333,0.42424242424242425,0.6153846153846154,0.5869565217391305,0.3672284781932831,0.3640422224998474,0.36351011588058324,0.3634922116937874,0.36006300718333023,0.6378589254897543,0.09989766404032707,0.09989766404032707,0.8990931175649166,0.0,0.0,0.0,0.06322316452860832,0.4798218347132206,0.4807597827166319,0.0,-0.0,0.07633998990058899,0.4694640040397644,0.08047839254140854,0.6183482117431108,0.035778723657131195,0.0,-0.22988902,0.02582371,-0.14645973
0.4642857142857143,0.5,0.3333333333333333,0.42424242424242425,0.6153846153846154,0.5869565217391305,0.36077627539634705,0.35715118050575256,0.3676533338900506,0.3676356120501604,0.36274305082871855,0.6350963641712309,0.10228647717407773,0.10228647717407773,0.8993986956775188,0.0,0.0,0.0,0.06710569560527802,0.4793530460447073,0.47999604418873787,0.0,-0.0,0.0806986466050148,0.46772054135799407,0.08483210951089859,0.6147131115891213,0.03760586306452751,0.0,-0.23384269,0.02569939,-0.14308286
0.4642857142857143,0.5,0.3333333333333333,0.42424242424242425,0.6153846153846154,0.5869565217391305,0.34253790974617004,0.33843791484832764,0.37404863875409156,0.3740312360212862,0.3645737225877167,0.6333322775244891,0.10718933173588345,0.10718933173588345,0.898644894361496,0.0,0.0,0.0,0.08198560997843742,0.4784069210290909,0.4785709101706743,0.11660337448120117,0.11660337448120117,0.09022373706102371,0.4639105051755905,0.09487301111221313,0.5944642424583435,0.03957788646221161,0.0,-0.22635115,0.03353299,-0.12943907
0.4642857142857143,0.5,0.3333333333333333,0.42424242424242425,0.6153846153846154,0.5869565217391305,0.34643319249153137,0.34316015243530273,0.3730180824236022,0.373000645500752,0.3649659621783926,0.6330395936459423,0.11032221572739738,0.11032221572739738,0.8970453180372715,0.0,0.0,0.0,0.0876095026731491,0.4769582021981478,0.47671584598720074,0.12458226084709167,0.12458226084709167,0.09684151411056519,0.4612633943557739,0.10172470659017563,0.5902129723582157,0.0401860773563385,0.0,-0.20450718,0.03267074,-0.11153378
0.4642857142857143,0.5,0.3333333333333333,0.42424242424242425,0.6153846153846154,0.5869565217391305,0.346466988325119,0.343138724565506,0.37278160128037285,0.3727641415641595,0.3649533232584966,0.6330336160864424,0.11090920971972602,0.11090920971972602,0.8967421464622021,0.0,0.0,0.0,0.0879344642162323,0.4767465963959694,0.47646542452275753,0.1250380128622055,0.1250380128622055,0.09763932228088379,0.46094427108764646,0.10253877937793732,0.589895858321079,0.04025151580572128,0.0,-0.08544558,0.03496911,-0.08660596
0.4642857142857143,0.5,0.3333333333333333,0.42424242424242425,0.6153846153846154,0.5869565217391305,0.375283807516098,0.37262946367263794,0.3649977133333341,0.3649799345100359,0.37745258821812006,0.6203694696357506,0.11103948312146324,0.11103948312146324,0.8971417546272278,0.0,0.0,0.0,0.10160558298230171,0.47578347101807594,0.4752241373062134,0.14397715032100677,0.14397715032100677,0.10376890748739243,0.45849243700504305,0.10845005512237549,0.5868120248927626,0.04084509611129761,0.0,-0.07328141,0.03488218,-0.08459067
0.4642857142857143,0.5,0.3333333333333333,0.42424242424242425,0.6153846153846154,0.5869565217391305,0.41553881764411926,0.41372916102409363,0.3589062212074236,0.35888827143390134,0.37837832926792125,0.619547501070271,0.1097807607480458,0.1097807607480458,0.8973701149225235,0.0,0.0,0.0,0.10204070955514907,0.4756647050380707,0.47512688860297203,0.14482951164245605,0.14482951164245605,0.10479223728179932,0.4580831050872803,0.10933718085289001,0.5863613410051479,0.041145604103803635,0.0,-0.0280458,0.02923467,-0.08133124
0.4642857142857143,0.5,0.3333333333333333,0.42424242424242425,0.6153846153846154,0.5869565217391305,0.975971519947052,0.9761328101158142,0.42940684007641006,0.4293925543360227,0.4214897989998812,0.57853411625899,0.12318393481629236,0.12318393481629236,0.8937762603163719,0.0,0.0,0.0,0.09840623885393142,0.4751883316785097,0.4747665040194988,0.13963863253593445,0.13963863253593445,0.10549497604370117,0.45780200958251954,0.1108132004737854,0.5962253829767538,0.040318507701158524,0.0,0.03164253,0.0247404,-0.07473321
0.4642857142857143,0.5,0.3333333333333333,0.42424242424242425,0.6153846153846154,0.5869565217391305,0.18170025944709778,0.1817847639322281,0.43939561552117024,0.43938086251683717,0.3644221239290547,0.6328570188066878,0.12159629591873715,0.12159629591873715,0.9074973575770855,0.0,0.0,0.0,0.09807640090584754,0.47602122835814953,0.4754733182489872,0.13872030377388,0.13872030377388,0.10301069170236588,0.45879572331905366,0.10848551988601685,0.5966293985067412,0.040208104997873306,0.0,0.04791825,0.02515362,-0.07151011
0.4642857142857143,0.5,0.3333333333333333,0.42424242424242425,0.6153846153846154,0.5869565217391305,0.03754246607422829,0.036538731306791306,0.47851477782767315,0.4785004180088554,0.3658757250805886,0.630260592614209,0.0874424832207816,0.0874424832207816,0.9263137504458427,0.0,0.0,0.0,0.0706454675644636,0.48266105353832245,0.48273079097270966,0.10428450256586075,-0.0,0.09383074939250946,0.4624677002429962,0.0,0.6976744186046512,0.040492601692676544,0.0,0.06005477,0.02666986,-0.06721074
0.4642857142857143,0.5,0.3333333333333333,0.42424242424242425,0.6153846153846154,0.5869565217391305,0.03182361647486687,0.0309185441583395,0.4458708111232371,0.44585506660760477,0.38107958213776977,0.6148692373513214,0.04719086789659092,0.04719086789659092,0.9503708947449923,0.0,0.0,0.0,0.02906179092824459,0.49027886148542166,0.4902711929753423,0.0,-0.0,0.0,0.5,0.0,0.6976744186046512,0.027236390858888626,0.0,0.13405988,0.01649998,-0.10395819
0.4642857142857143,0.5,0.3333333333333333,0.42424242424242425,0.6153846153846154,0.5869565217391305,0.061433345079422,0.060054171830415726,0.4197961894321624,0.4197793565334371,0.3810380640266958,0.614966519425471,0.03583626688591072,0.03583626688591072,0.9588721301406622,0.0,0.0,0.0,0.021118554845452307,0.49235174991190434,0.4923763880506158,0.0,-0.0,0.0,0.5,0.0,0.6976744186046512,0.02132328785955906,0.0,0.17510948,0.019162,-0.15456355
0.4642857142857143,0.5,0.3333333333333333,0.42424242424242425,0.6153846153846154,0.5869565217391305,0.08022573590278625,0.07881757616996765,0.38237147577406116,0.3823532068934541,0.3806136060171328,0.6156799175036747,0.027671158313751224,0.027671158313751224,0.9646695200353861,0.0,0.0,0.0,0.01637139543890953,0.49438685923814774,0.49442341178655624,0.0,-0.0,0.0,0.5,0.0,0.6976744186046512,0.016322651877999306,0.0,0.19275311,0.02150863,-0.18054479
0.4642857142857143,0.5,0.3333333333333333,0.42424242424242425,0.6153846153846154,0.5869565217391305,0.08100661635398865,0.07961287349462509,0.37145213278484157,0.37143352200378654,0.3822903086076959,0.6142816700346789,0.024866689262645587,0.024866689262645587,0.9662775844335556,0.0,0.0,0.0,0.014730870444327592,0.4950507557950914,0.49509447114542127,0.0,-0.0,0.0,0.5,0.0,0.6976744186046512,0.01454833522439003,0.0,0.19330833,0.02290666,-0.18512298
0.4642857142857143,0.5,0.3333333333333333,0.42424242424242425,0.6153846153846154,0.5869565217391305,0.7594783902168274,0.7459059953689575,0.24266689548528902,0.24264526458360952,0.40396318426551603,0.5969711677243509,0.024048455192574435,0.024048455192574435,0.9570182394236326,0.0,0.0,0.0,0.015018415357917547,0.49527756962925196,0.4954492785036564,0.0,-0.0,0.0,0.5,0.0,0.6976744186046512,0.0142415352165699,0.0,0.18706099,0.02460813,-0.19446814
0.4642857142857143,0.5,0.3333333333333333,0.42424242424242425,0.6153846153846154,0.5869565217391305,0.25289812684059143,0.2518182694911957,0.32803916384111625,0.3280199262425731,0.49702884147858983,0.5021229831433383,0.02550051414540836,0.02550051414540836,0.9565016627311707,0.0,0.0,0.0,0.015401904191821813,0.49506937293335795,0.49532370269298553,0.0,-0.0,0.0,0.5,0.0,0.6976744186046512,0.014855646528303623,0.0,0.18293682,0.02436791,-0.19551951
0.4642857142857143,0.5,0.3333333333333333,0.42424242424242425,0.6153846153846154,0.5869565217391305,0.09099950641393661,0.0905684381723404,0.38606091211220506,0.3860447060309678,0.7040856427034046,0.30245198751676106,0.02540368719824723,0.02540368719824723,0.960373792797327,0.0,0.0,0.0,0.014252386894077061,0.4952971003949642,0.49559356411919,0.0,-0.0,0.0,0.5,0.0,0.6976744186046512,0.014463919214904308,0.0,0.11424354,0.03276639,-0.2281732
0.4642857142857143,0.5,0.3333333333333333,0.42424242424242425,0.6153846153846154,0.5869565217391305,0.0,0.0,0.4172389906177557,0.4172239640930643,0.6742559112964579,0.33128958080689674,0.024136078677007133,0.024136078677007133,0.9622124675661325,0.0,0.0,0.0,0.012727183010429143,0.4956302554346621,0.4960053935647011,0.0,-0.0,0.0,0.5,0.0,0.6976744186046512,0.014364019967615604,0.0,0.04701439,0.04362795,-0.33194453
0.4642857142857143,0.5,0.3333333333333333,0.42424242424242425,0.6153846153846154,0.5869565217391305,0.0,0.0,0.4026917020859727,0.4026781172415039,0.6217470114363312,0.38171556615414126,0.025057891117674966,0.025057891117674966,0.953917546197772,0.0,0.0,0.0,0.013942726049572229,0.49517376720905304,0.49570204969495535,0.0,-0.0,0.0,0.5,0.0,0.6976744186046512,0.017076103016734123,0.0,0.03590054,0.04874327,-0.33796379
0.4642857142857143,0.5,0.3333333333333333,0.42424242424242425,0.6153846153846154,0.5869565217391305,0.0,0.0,0.4033192603583545,0.4033056755138857,0.6081326837521438,0.3949842780720841,0.027225898312670846,0.027225898312670846,0.9475696980953217,0.0,0.0,0.0,0.016067764908075332,0.4944045781157911,0.4951220932416618,0.0,-0.0,0.0,0.5,0.0,0.6976744186046512,0.020642297342419624,0.0,0.00815504,0.05145462,-0.32851028
0.4642857142857143,0.5,0.3333333333333333,0.42424242424242425,0.6153846153846154,0.5869565217391305,0.0,0.0,0.40686606722625673,0.4068526305386487,0.5909188452459886,0.4117553497996836,0.028574952323521887,0.028574952323521887,0.9454488959163427,0.0,0.0,0.0,0.016802196484059093,0.4940362381748855,0.49486020114272833,0.0,-0.0,0.0,0.5,0.0,0.6976744186046512,0.022527074441313744,0.0,-3.2672286e-05,0.0499644466,-0.318243593
0.4642857142857143,0.5,0.3333333333333333,0.42424242424242425,0.6153846153846154,0.5869565217391305,0.0,0.0,0.4118125518466957,0.41179932029935645,0.5911685978249428,0.41157497451997804,0.029302247400794713,0.029302247400794713,0.9452158212661743,0.0,0.0,0.0,0.017008034233003854,0.49394323164597154,0.49480959633365273,0.0,-0.0,0.0,0.5,0.0,0.6976744186046512,0.02346896380186081,0.0,-0.0033612,0.04977389,-0.30899367
0.4642857142857143,0.5,0.3333333333333333,0.42424242424242425,0.6153846153846154,0.5869565217391305,0.0,0.0,0.41542121990233033,0.41540816500355593,0.5925372481118196,0.41027014565006903,0.029391259221093997,0.029391259221093997,0.9455068055540323,0.0,0.0,0.0,0.016973210312426087,0.4939867341890931,0.4948474382981658,0.0,-0.0,0.0,0.5,0.0,0.6976744186046512,0.023577947169542313,0.0,-0.0775483,0.04064059,-0.25099304
0.4642857142857143,0.5,0.3333333333333333,0.42424242424242425,0.6153846153846154,0.5869565217391305,0.12867935001850128,0.12869364023208618,0.3851767347602042,0.3851642895838955,0.8392643727946236,0.17873895733073336,0.03022105699138982,0.03022105699138982,0.9532065279781818,0.0,0.0,0.0,0.016400112118571997,0.49433173052966595,0.49516638461500406,0.0,-0.0,0.0,0.5,0.0,0.6976744186046512,0.022317809984087944,0.0,-0.11016601,0.01871436,-0.24429578
0.4642857142857143,0.5,0.3333333333333333,0.42424242424242425,0.6153846153846154,0.5869565217391305,0.027067581191658974,0.027125636115670204,0.41484450222657243,0.4148328434212942,0.8331524920053281,0.1837905592439229,0.02909294063491481,0.02909294063491481,0.963040255010128,0.0,0.0,0.0,0.01446539908647537,0.49494654685258865,0.4957050895318389,0.0,-0.0,0.0,0.5,0.0,0.6976744186046512,0.019665153697133064,0.0,-0.12359173,0.00785112,-0.24071096
0.4642857142857143,0.5,0.3333333333333333,0.42424242424242425,0.6153846153846154,0.5869565217391305,0.0,0.0,0.42661454481558864,0.4266030740555568,0.809551354803957,0.2054649278670328,0.02962869458964893,0.02962869458964893,0.967345217242837,0.0,0.0,0.0,0.014070978760719298,0.49587426986545324,0.496516544604674,0.0,-0.0,0.0,0.5,0.0,0.6976744186046512,0.020484862849116325,0.0,-0.16680485,-0.01098832,-0.24372502
0.4642857142857143,0.5,0.3333333333333333,0.42424242424242425,0.6153846153846154,0.5869565217391305,0.0,0.0,0.4316936355248008,0.4316824268884458,0.8196953587504692,0.19610927797361677,0.030144681887967248,0.030144681887967248,0.9677145052701235,0.0,0.0,0.0,0.01427897959947586,0.4959727921523154,0.49659047764725983,0.0,-0.0,0.0,0.5,0.0,0.6976744186046512,0.020976034924387932,0.0,-0.21436628,0.004236,-0.21245539
0.4642857142857143,0.5,0.3333333333333333,0.42424242424242425,0.6153846153846154,0.5869565217391305,0.0,0.0,0.4350720792154053,0.43505376474807184,0.8321843894900145,0.18457337450976075,0.03383888729981014,0.03383888729981014,0.9660572130233049,0.0,0.0,0.0,0.017341916076838968,0.4957299558445811,0.4963016277179122,0.0,-0.0,0.0,0.5,0.0,0.6976744186046512,0.023513928055763245,0.0,-0.23528959,0.02896057,-0.16663375
0.4642857142857143,0.5,0.3333333333333333,0.42424242424242425,0.6153846153846154,0.5869565217391305,0.0,0.0,0.4281492219600349,0.42813094168274624,0.8439824166307031,0.1738642319159977,0.0370993438575949,0.0370993438575949,0.9646578934043646,0.0,0.0,0.0,0.02052621832117438,0.4955085483379662,0.49603863013908267,0.0,-0.0,0.0,0.5,0.0,0.6976744186046512,0.025460390374064445,0.0,-0.27750138,0.00710852,-0.20293704
0.4642857142857143,0.5,0.3333333333333333,0.42424242424242425,0.6153846153846154,0.5869565217391305,0.288160115480423,0.2873733341693878,0.3567368742612762,0.35671449117861104,0.734457844757897,0.27511811798384217,0.05346685381872314,0.05346685381872314,0.9606089703738689,0.0,0.0,0.0,0.03213051781058311,0.49473845586180687,0.49530235631391406,0.0,-0.0,0.0,0.5,0.0,0.6976744186046512,0.03197277709841728,0.0,-0.22458178,0.03753101,-0.14434329
0.4642857142857143,0.5,0.3333333333333333,0.42424242424242425,0.6153846153846154,0.5869565217391305,0.0,0.0,0.43729831269776614,0.43727986716859424,0.844917970223363,0.17206446795750252,0.061876116586583006,0.061876116586583006,0.9576256368309259,0.0,0.0,0.0,0.033726643398404116,0.4939633742906153,0.4945221203379333,0.0,-0.0,0.04029224067926407,0.48388310372829435,0.0,0.6976744186046512,0.03316540643572807,0.0,-0.19212166,0.05232489,-0.09878391
0.4642857142857143,0.5,0.3333333333333333,0.42424242424242425,0.6153846153846154,0.5869565217391305,0.0,0.0,0.44995046983941334,0.4499320072152191,0.8361960897938016,0.1793613529063497,0.1969201969248908,0.1969201969248908,0.9121535792946815,0.0,0.0,0.0,0.12280384227633476,0.46414512395858765,0.46949975192546844,0.18731878697872162,0.18731878697872162,0.07399719953536987,0.47040112018585206,0.08091722428798676,0.6058737670266351,0.0658760517835617,0.0,-0.17357409,0.0632269,-0.04639181
0.4642857142857143,0.5,0.3333333333333333,0.42424242424242425,0.6153846153846154,0.5869565217391305,0.0,0.0,0.44556384150430306,0.4455456011154,0.8933912481450215,0.15555555555555556,0.22661820054054263,0.22661820054054263,0.8957795612514019,0.0,0.0,0.0,0.05537966527044773,0.47511790320277214,0.4824437629431486,0.0,-0.0,0.06984783709049225,0.4720608651638031,0.0,0.6976744186046512,0.10526782274246216,0.0,-0.14468508,0.06413557,-0.02695525
0.4642857142857143,0.5,0.3333333333333333,0.42424242424242425,0.6153846153846154,0.5869565217391305,0.0,0.0,0.43917330045317143,0.43915496319247477,0.8834935036945526,0.15555555555555556,0.24867562311036248,0.24867562311036248,0.8789693117141724,0.0,0.0,0.0,0.05599882788956165,0.4596899300813675,0.47408852353692055,0.0,-0.0,0.05884343758225441,0.47646262496709824,0.0,0.6976744186046512,0.06929271668195724,0.0,-0.1352391,0.06155886,-0.01586093
0.4642857142857143,0.5,0.3333333333333333,0.42424242424242425,0.6153846153846154,0.5869565217391305,0.0,0.0,0.44510677758867834,0.44508814401426006,0.8643668176567121,0.15555555555555556,0.27970987771238603,0.27970987771238603,0.8761958479881287,0.0,0.0,0.0,0.05675805807113647,0.45605094358325005,0.4658241234719753,0.0,-0.0,0.04806116595864296,0.4807755336165428,0.0,0.6976744186046512,0.0514986477792263,0.0,-0.12799694,0.06042434,-0.00826517
0.4642857142857143,0.5,0.3333333333333333,0.42424242424242425,0.6153846153846154,0.5869565217391305,0.9353992342948914,0.9340588450431824,0.45642507566320734,0.4564048522517057,0.4197395365279218,0.580505333320082,0.17630075237580708,0.17630075237580708,0.9196897558867931,0.0,0.0,0.0,0.06918992586433886,0.47538071125745773,0.47841993533074856,0.0,0.09640570729970932,0.0,0.5,0.0,0.6976744186046512,0.15350116789340973,0.0,-0.11099716,0.06115244,0.04016504
0.4642857142857143,0.5,0.3333333333333333,0.42424242424242425,0.6153846153846154,0.5869565217391305,0.5069817304611206,0.5044980049133301,0.37167965613633225,0.3716547315936699,0.342446039557229,0.6559260734357929,0.13725279697350093,0.13725279697350093,0.9158261828124523,0.0,0.0,0.0,0.10282952934503554,0.481333089992404,0.4831652659922838,0.14908042550086975,0.14908042550086975,0.12546198070049286,0.4498152077198029,0.13479270040988922,0.5996747869391774,0.07853710651397705,0.0,-0.08114726,0.05987668,0.06078594
0.4642857142857143,0.5,0.3333333333333333,0.42424242424242425,0.6153846153846154,0.5869565217391305,0.09069248288869858,0.08929581940174103,0.47264673331499557,0.4726268489547715,0.3819861425724358,0.6138408919770626,0.09287666795509203,0.09287666795509203,0.929767545312643,0.0,0.0,0.0,0.06507783867418766,0.48431667871773243,0.4850950362160802,0.0,-0.0,0.10819259285926819,0.4567229628562927,0.10836385935544968,0.611863617980203,0.0562540665268898,0.0,-0.0772329,0.05993254,0.0721947
0.4642857142857143,0.5,0.3333333333333333,0.42424242424242425,0.6153846153846154,0.5869565217391305,0.050722505897283554,0.04972008988261223,0.47107984345000287,0.471059782441214,0.4016282549323817,0.5935383048790996,0.07268800267151425,0.07268800267151425,0.9417055696249008,0.0,0.0,0.0,0.0518399428576231,0.48754315730184317,0.4878614628687501,0.0,-0.0,0.09275498241186142,0.4628980070352554,0.09222676604986191,0.6181965005952259,0.04444723203778267,0.0,-0.08342946,0.06022606,0.08992354
0.4642857142857143,0.5,0.3333333333333333,0.42424242424242425,0.6153846153846154,0.5869565217391305,0.05421829968690872,0.05334535986185074,0.46562213218462856,0.4656018403930372,0.40722589465445813,0.5879054750534084,0.06607346502797945,0.06607346502797945,0.945213170722127,0.0,0.0,0.0,0.04721596613526344,0.48910501319915056,0.4893481181934476,0.0,-0.0,0.08426918834447861,0.46629232466220855,0.08316858112812042,0.6215416726677917,0.04077492281794548,0.0,-0.05952913,0.05356327,0.10169904
0.4642857142857143,0.5,0.3333333333333333,0.42424242424242425,0.6153846153846154,0.5869565217391305,0.04775197431445122,0.0467037670314312,0.4628797344450285,0.46285934008330276,0.4141965438941241,0.5809124712227813,0.059892231864588606,0.059892231864588606,0.9487279765307903,0.0,0.0,0.0,0.041572449170053004,0.49057781137526035,0.4907925808802247,0.0,-0.0,0.07303289324045181,0.47078684270381926,0.0,0.6976744186046512,0.036588042974472046,0.0,-0.04816753,0.04948744,0.11771527
0.4642857142857143,0.5,0.3333333333333333,0.42424242424242425,0.6153846153846154,0.5869565217391305,0.066584512591362,0.06572113186120987,0.4476266693658628,0.447605534219833,0.43247934554776546,0.5623080295718145,0.05569182602422578,0.05569182602422578,0.9501406718045473,0.0,0.0,0.0,0.039702924154698845,0.4912903606891632,0.4914611568674445,0.0,-0.0,0.06680526584386826,0.4732778936624527,0.0,0.6976744186046512,0.03367234766483307,0.00017699669115245342,-0.03736087,0.04851838,0.14175045
0.4642857142857143,0.5,0.3333333333333333,0.42424242424242425,0.6153846153846154,0.5869565217391305,0.06995163857936859,0.06905944645404816,0.44478393809061434,0.4447626718827461,0.4507227944598371,0.5438997518783267,0.04928075309310641,0.04928075309310641,0.952070040628314,0.0,0.0,0.0,0.03766687773168087,0.49192103277891874,0.4920752448961139,0.0,-0.0,0.06181320920586586,0.47527471631765367,0.0,0.6976744186046512,0.030744226649403572,0.007102955132722855,-0.03384713,0.04716986,0.15212335
0.4642857142857143,0.5,0.3333333333333333,0.42424242424242425,0.6153846153846154,0.5869565217391305,0.07629051804542542,0.0754714161157608,0.43668134194259206,0.4366597395326166,0.46396528831175593,0.5307373011950502,0.04432960147304195,0.04432960147304195,0.9539207778871059,0.0,0.0,0.0,0.03564052544534206,0.4924500621855259,0.4925905419513583,0.0,-0.0,0.0,0.5,0.0,0.6976744186046512,0.028380177915096283,0.010737540433183312,-0.0285801,0.04228457,0.17084433
0.4642857142857143,0.5,0.3333333333333333,0.42424242424242425,0.6153846153846154,0.5869565217391305,0.07952965795993805,0.07869786769151688,0.4351395304754633,0.4351178995737838,0.4668262941659522,0.5279665057740699,0.042955191539866586,0.042955191539866586,0.954373199492693,0.0,0.0,0.0,0.03501359578222036,0.4925792054273188,0.4927169596776366,0.0,-0.0,0.0,0.5,0.0,0.6976744186046512,0.02766532078385353,0.011195597471669316,-0.03518747,0.038681,0.18566284
0.4642857142857143,0.5,0.3333333333333333,0.42424242424242425,0.6153846153846154,0.5869565217391305,0.14308176934719086,0.1418844610452652,0.4055993944463493,0.40557661247982807,0.4798154810988424,0.515352239749577,0.04076756536960602,0.04076756536960602,0.9548828676342964,0.0,0.0,0.0,0.05626694932579994,0.4918536739423871,0.49203968700021505,0.0,-0.0,0.0,0.5,0.0,0.6976744186046512,0.027524854987859726,0.01567692612297833,-0.03129479,0.03503211,0.1746929
0.4642857142857143,0.5,0.3333333333333333,0.42424242424242425,0.6153846153846154,0.5869565217391305,0.8231115341186523,0.8226760625839233,0.2968336136345654,0.2968076064071509,0.4836499971937723,0.5140275322177847,0.06961625069379807,0.06961625069379807,0.9342630058526993,0.0,0.0,0.0,0.2505068495869636,0.44023367390036583,0.4417557492852211,0.36318960785865784,0.36318960785865784,0.05544263869524002,0.477822944521904,0.0,0.6976744186046512,0.12144295871257782,0.02535469364374876,-0.02285092,0.03345296,0.16557591
0.4642857142857143,0.5,0.3333333333333333,0.42424242424242425,0.6153846153846154,0.5869565217391305,0.21329952776432037,0.21294963359832764,0.38794349575589765,0.38792038328560996,0.46383106959253606,0.532371955728845,0.08386158251336644,0.08386158251336644,0.928482785820961,0.0,0.0,0.0,0.29366759210824966,0.4399786554276943,0.441067885607481,0.42675668001174927,0.42675668001174927,0.06781816482543945,0.4728727340698242,0.07158003747463226,0.6248895477416904,0.14473362267017365,0.0504063256084919,-0.00301645,0.0233569,0.12411582
0.4642857142857143,0.5,0.3333333333333333,0.42424242424242425,0.6153846153846154,0.5869565217391305,0.1237618699669838,0.1232941746711731,0.4143566672706239,0.4143344152497972,0.46242347114628635,0.5331124095291704,0.07951696004186358,0.07951696004186358,0.9322623424232006,0.0,0.0,0.0,0.3230674847960472,0.4395815134048462,0.4410553202033043,0.4717070162296295,0.4717070162296295,0.071229487657547,0.4715082049369812,0.0,0.6976744186046512,0.1612338125705719,0.0539468415081501,-0.00313813,0.02418299,0.11914201
0.4642857142857143,0.5,0.3333333333333333,0.42424242424242425,0.6153846153846154,0.5869565217391305,0.10604231804609299,0.10557398200035095,0.4151999305356757,0.41517767851484894,0.4646756263809496,0.5307577696352064,0.0758269482425281,0.0758269482425281,0.9345349296927452,0.0,0.0,0.0,0.3249438628554344,0.438616331666708,0.4403873272240162,0.47513389587402344,0.47513389587402344,0.0,0.5,0.0,0.6976744186046512,0.16337348520755768,0.05357802379876375,-0.00592386,0.02534274,0.12131379
0.4642857142857143,0.5,0.3333333333333333,0.42424242424242425,0.6153846153846154,0.5869565217391305,0.10266926139593124,0.10218510776758194,0.40677026102237446,0.40674765000607727,0.4948402396608037,0.5006883517683299,0.06762248596974782,0.06762248596974782,0.9396562967449427,0.0,0.0,0.0,0.22547788470983504,0.4552755728363991,0.45621297135949135,0.3315102159976959,0.3315102159976959,0.0,0.5,0.0,0.6976744186046512,0.1079120859503746,0.0525604747235775,0.00062019,0.02477925,0.13592005
0.4642857142857143,0.5,0.3333333333333333,0.42424242424242425,0.6153846153846154,0.5869565217391305,0.10203973203897476,0.10154908150434494,0.4060464349805055,0.4060237840758227,0.49900990144401275,0.49654902002728873,0.06620285234280995,0.06620285234280995,0.940549373626709,0.0,0.0,0.0,0.217024827003479,0.4561300687491894,0.457094457000494,0.3186137080192566,0.3186137080192566,0.0,0.5,0.0,0.6976744186046512,0.10451111197471619,0.052455770783126354,-0.00269432,0.02332695,0.1438069
0.4642857142857143,0.5,0.3333333333333333,0.42424242424242425,0.6153846153846154,0.5869565217391305,0.10293776541948318,0.10239855945110321,0.4009905308200114,0.4009677374568086,0.5008702357379758,0.4947909679234547,0.06116674680794989,0.06116674680794989,0.9431469738483429,0.0,0.0,0.0,0.17456998452544212,0.46421780437231064,0.4649890102446079,0.25562170147895813,0.25562170147895813,0.0,0.5,0.0,0.6976744186046512,0.07602939754724503,0.04974780138581991,-0.01737627,0.01918745,0.26521659
0.4642857142857143,0.5,0.3333333333333333,0.42424242424242425,0.6153846153846154,0.5869565217391305,0.12820902466773987,0.12776753306388855,0.3940491425603571,0.39402609847015907,0.5061244427815906,0.48971407677379164,0.057575918201889315,0.057575918201889315,0.9453853014856577,0.0,0.0,0.0,0.1583003781735897,0.46774062141776085,0.46851422265172005,0.2323673516511917,0.2323673516511917,0.0,0.5,0.0,0.6976744186046512,0.06928590685129166,0.046592820435762405,-0.01335398,0.0187295,0.284978
0.4642857142857143,0.5,0.3333333333333333,0.42424242424242425,0.6153846153846154,0.5869565217391305,0.2715509235858917,0.27145346999168396,0.3594594047356746,0.3594352437706796,0.5553161931539357,0.4419197903485822,0.08191676810383797,0.08191676810383797,0.9383598044514656,0.0,0.0,0.0,0.19018821269273756,0.4599987268447876,0.4619152136147022,0.28043362498283386,0.28043362498283386,0.0,0.5,0.0,0.6976744186046512,0.08705524355173111,0.0457000732421875,-0.0097357,0.02333066,0.31249774
0.4642857142857143,0.5,0.3333333333333333,0.42424242424242425,0.6153846153846154,0.5869565217391305,0.0,0.0,0.45251832740028775,0.4524976794623964,0.544958316231321,0.4510063987794337,0.054982924567801614,0.054982924567801614,0.9546827804297209,0.0,0.0,0.0,0.12688213363289833,0.47872637398540974,0.4792216904461384,0.19165679812431335,0.19165679812431335,0.0,0.5,0.0,0.6976744186046512,0.05729682371020317,0.04186438396573067,-0.01003321,0.02243399,0.31424814
0.4642857142857143,0.5,0.3333333333333333,0.42424242424242425,0.6153846153846154,0.5869565217391305,0.0,0.0,0.4379907807702088,0.4379702040615775,0.5194897016877198,0.4760544757719427,0.04922723663704736,0.04922723663704736,0.9577041771262884,0.0,0.0,0.0,0.13774463087320327,0.4785990882664919,0.4791376683861017,0.20524320006370544,0.20524320006370544,0.0,0.5,0.0,0.6976744186046512,0.057809602469205856,0.03569881897419691,-0.00836683,0.02261819,0.3175132
0.4642857142857143,0.5,0.3333333333333333,0.42424242424242425,0.6153846153846154,0.5869565217391305,0.0,0.0,0.4355445970312815,0.43552396333924215,0.5123082323580354,0.48330283934887186,0.04719758140189308,0.04719758140189308,0.9573493544012308,0.0,0.0,0.0,0.17059319540858267,0.47558631002902985,0.4765708949416876,0.253275066614151,0.253275066614151,0.0,0.5,0.0,0.6976744186046512,0.05810300633311272,0.031032213009893894,-0.00984834,0.02457979,0.32268232
0.4642857142857143,0.5,0.3333333333333333,0.42424242424242425,0.6153846153846154,0.5869565217391305,0.0,0.0,0.4340922096263382,0.43407150185586846,0.5087367972611925,0.4868241689350541,0.044726336907063215,0.044726336907063215,0.9585096184164286,0.0,0.0,0.0,0.1345559574663639,0.4757885131984949,0.4766429793089628,0.19939559698104858,0.19939559698104858,0.0,0.5,0.0,0.6976744186046512,0.056573133915662766,0.02833052072674036,-0.01059722,0.02412052,0.31745666
0.4642857142857143,0.5,0.3333333333333333,0.42424242424242425,0.6153846153846154,0.5869565217391305,0.0,0.0,0.4347783867305369,0.4347576960550895,0.5107244483371538,0.48483182385085827,0.04374084728104728,0.04374084728104728,0.9590765349566936,0.0,0.0,0.0,0.13881651684641838,0.47582037188112736,0.4766026046127081,0.20607858896255493,0.20607858896255493,0.0,0.5,0.0,0.6976744186046512,0.05611421912908554,0.027235823217779398,-0.01438613,0.02157896,0.29962838
0.4642857142857143,0.5,0.3333333333333333,0.42424242424242425,0.6153846153846154,0.5869565217391305,0.8274356722831726,0.8246018886566162,0.27720146197433904,0.27717602458100477,0.5069510419612633,0.49190163561713807,0.06363445360745702,0.06363445360745702,0.9368146993219852,0.0,0.0,0.0,0.1968944638967514,0.4542125053703785,0.45683158189058304,0.2864462733268738,0.2864462733268738,0.0,0.5,0.0,0.6976744186046512,0.08595051616430283,0.02782251453027129,-0.0202234,0.02333437,0.28939596
0.4642857142857143,0.5,0.3333333333333333,0.42424242424242425,0.6153846153846154,0.5869565217391305,0.684673547744751,0.6821498274803162,0.27421165652302437,0.2741862419230532,0.48413518669500405,0.5147969506844001,0.07152073085308075,0.07152073085308075,0.9324863664805889,0.0,0.0,0.0,0.17568745836615562,0.45187652111053467,0.4546411745250225,0.25714415311813354,0.25714415311813354,0.0,0.5,0.0,0.6976744186046512,0.0878303274512291,0.02806329634040594,-0.02981761,0.01616152,0.24805048
0.4642857142857143,0.5,0.3333333333333333,0.42424242424242425,0.6153846153846154,0.5869565217391305,0.10631419718265533,0.10531330108642578,0.4083551861360014,0.40833470629916363,0.31686605094267806,0.6845312314046679,0.07946224617106575,0.07946224617106575,0.9322050735354424,0.0,0.0,0.0,0.1934531196951866,0.4560367204248905,0.4563625454902649,0.2831152677536011,0.2831152677536011,0.0,0.5,0.0,0.6976744186046512,0.08526775240898132,0.04290042910724878,-0.03302668,0.00906934,0.21531036
0.4642857142857143,0.5,0.3333333333333333,0.42424242424242425,0.6153846153846154,0.5869565217391305,0.02811807580292225,0.027347218245267868,0.4319569786465647,0.4319372851807574,0.3362359193725294,0.6641419981856597,0.0809506406741483,0.0809506406741483,0.9334730505943298,0.0,0.0,0.0,0.1616103671491146,0.46458329632878304,0.46544020250439644,0.23474326729774475,0.23474326729774475,0.0,0.5,0.0,0.6976744186046512,0.0785684734582901,0.053748185746371746,-0.03345679,0.00647775,0.1996301
0.4642857142857143,0.5,0.3333333333333333,0.42424242424242425,0.6153846153846154,0.5869565217391305,0.019488699734210968,0.019316531717777252,0.4385752196977517,0.43855568578548687,0.34692906102532406,0.6529043686726759,0.08282760424273355,0.08282760424273355,0.9330612123012543,0.0,0.0,0.0,0.15836816802620887,0.4655326083302498,0.4665401838719845,0.22992312908172607,0.22992312908172607,0.0,0.5,0.0,0.6976744186046512,0.07678072899580002,0.059581794776022434,-0.02276663,-0.00025672,0.17377302
0.4642857142857143,0.5,0.3333333333333333,0.42424242424242425,0.6153846153846154,0.5869565217391305,0.0,0.0,0.438627564656347,0.4386068568858772,0.36076943049239385,0.6383657416189099,0.08525111579469273,0.08525111579469273,0.931522935628891,0.0,0.0,0.0,0.16800603047013282,0.4647204242646694,0.46586746349930763,0.24256764352321625,0.24256764352321625,0.0,0.5,0.0,0.6976744186046512,0.07675166428089142,0.06859096698462963,-0.01413822,0.01912045,0.12241729
0.4642857142857143,0.5,0.3333333333333333,0.42424242424242425,0.6153846153846154,0.5869565217391305,0.0,0.0,0.4401284050531187,0.4401077086793305,0.3653612560797376,0.6335458798294036,0.0875411368906498,0.0875411368906498,0.929963793605566,0.0,0.0,0.0,0.1705382876098156,0.4640367850661278,0.4653705060482025,0.2465810924768448,0.2465810924768448,0.0,0.5,0.0,0.6976744186046512,0.07726729661226273,0.0733911944553256,-0.01207017,0.02066505,0.11818591
0.4642857142857143,0.5,0.3333333333333333,0.42424242424242425,0.6153846153846154,0.5869565217391305,0.0,0.0,0.4254797943235583,0.4254593144867206,0.28922990722364494,0.7137662041888816,0.09003390691110066,0.09003390691110066,0.9283503629267216,0.0,0.0,0.0,0.18695886433124542,0.4626512676477432,0.4640091620385647,0.2692558169364929,0.2692558169364929,0.0,0.5,0.0,0.6976744186046512,0.07814036309719086,0.07698701228946447,-0.00643457,0.01870041,0.11044884
0.4642857142857143,0.5,0.3333333333333333,0.42424242424242425,0.6153846153846154,0.5869565217391305,0.0,0.0,0.4276263593031845,0.42760590795805076,0.2908825400226659,0.7119554652260043,0.09230839354651316,0.09230839354651316,0.9267706610262394,0.0,0.0,0.0,0.186822971701622,0.4611382596194744,0.46250347793102264,0.26901206374168396,0.26901206374168396,0.0,0.5,0.0,0.6976744186046512,0.07827554643154144,0.07923307828605175,-0.01080338,0.02191784,0.07291253
0.4642857142857143,0.5,0.3333333333333333,0.42424242424242425,0.6153846153846154,0.5869565217391305,0.0,0.0,0.42762270666673124,0.4276022610199383,0.28929853804024863,0.7135866038835249,0.09275395423173904,0.09275395423173904,0.9263396486639977,0.0,0.0,0.0,0.18703153580427168,0.46089456230401993,0.46229199320077896,0.26945534348487854,0.26945534348487854,0.0,0.5,0.0,0.6976744186046512,0.07830635458230972,0.07851466536521912,-0.01901385,0.02947141,0.01583197
0.4642857142857143,0.5,0.3333333333333333,0.42424242424242425,0.6153846153846154,0.5869565217391305,0.0,0.0,0.4294697953455763,0.42944944087223613,0.27720011716591014,0.7262213867840708,0.09474139660596848,0.09474139660596848,0.9245626702904701,0.0,0.0,0.0,0.19228658974170684,0.46045757085084915,0.4617909900844097,0.2778729498386383,0.2778729498386383,0.0,0.5,0.0,0.6976744186046512,0.07891368120908737,0.07546326145529747,-0.01713228,0.02986127,-0.01315465
0.4642857142857143,0.5,0.3333333333333333,0.42424242424242425,0.6153846153846154,0.5869565217391305,0.0,0.0,0.4306254758433676,0.43060528662191067,0.26126008006400403,0.7430724062331042,0.0947713851928711,0.0947713851928711,0.9248070903122425,0.0,0.0,0.0,0.19225293993949888,0.4607352279126644,0.4619559794664383,0.2780608832836151,0.2780608832836151,0.0,0.5,0.0,0.6976744186046512,0.07837484776973724,0.07245445623993874,-0.01719821,0.030913,-0.02394745
0.4642857142857143,0.5,0.3333333333333333,0.42424242424242425,0.6153846153846154,0.5869565217391305,0.07692582905292511,0.07526987046003342,0.4135515259055289,0.4135307611516511,0.26864597309615823,0.7354419404137836,0.09441692382097244,0.09441692382097244,0.9265330657362938,0.0,0.0,0.0,0.1997090309858322,0.46032752096652985,0.46146639063954353,0.2924749255180359,0.2924749255180359,0.0,0.5,0.0,0.6976744186046512,0.07554245740175247,0.0677419314160943,-0.01808598,0.03021517,-0.03273869
0.4642857142857143,0.5,0.3333333333333333,0.42424242424242425,0.6153846153846154,0.5869565217391305,0.8182056546211243,0.8180643320083618,0.26737319169491247,0.26734720726086125,0.5498441847514923,0.44965667838069673,0.090633753154959,0.090633753154959,0.9279981404542923,0.0,0.0,0.0,0.172569427639246,0.45912159234285355,0.46062328666448593,0.2541183531284332,0.2541183531284332,0.0,0.5,0.0,0.6976744186046512,0.0732976645231247,0.06648261100053787,-0.01806925,0.03078229,-0.03499319
0.4642857142857143,0.5,0.3333333333333333,0.42424242424242425,0.6153846153846154,0.5869565217391305,0.28845009207725525,0.2882864475250244,0.33041012948147425,0.33038518214544876,0.5427388552270018,0.4545111290988635,0.08009468870503562,0.08009468870503562,0.9279603399336338,0.0,0.0,0.0,0.16944751664996147,0.45916690304875374,0.46067091450095177,0.24925504624843597,0.24925504624843597,0.0,0.5,0.0,0.6976744186046512,0.07284556329250336,0.06301955319941044,-0.01973572,0.02939542,-0.04076448
0.4642857142857143,0.5,0.3333333333333333,0.42424242424242425,0.6153846153846154,0.5869565217391305,0.16679176688194275,0.16611900925636292,0.37069031020651355,0.3706693745024118,0.5313354951701702,0.46488868524143345,0.058052082146917074,0.058052082146917074,0.9361354615539312,0.0,0.0,0.0,0.11346701309084892,0.469730032607913,0.46993972919881344,0.16721104085445404,0.16721104085445404,0.0,0.5,0.0,0.6976744186046512,0.05000178888440132,0.05513729993253946,-0.01993851,0.02688153,-0.05196415
0.4642857142857143,0.5,0.3333333333333333,0.42424242424242425,0.6153846153846154,0.5869565217391305,0.1282292604446411,0.12755095958709717,0.3815175794050753,0.38149694001469514,0.5154617710847471,0.4804488880405868,0.05050873649971826,0.05050873649971826,0.945557801052928,0.0,0.0,0.0,0.11338515728712081,0.47376712039113045,0.47408231906592846,0.16660669445991516,0.16660669445991516,0.0,0.5,0.0,0.6976744186046512,0.04632597044110298,0.04862647503614426,-0.02337361,0.02599616,-0.07892712
0.4642857142857143,0.5,0.3333333333333333,0.42424242424242425,0.6153846153846154,0.5869565217391305,0.12504224479198456,0.12424246966838837,0.37887549810610127,0.3788548131289947,0.5055185820102464,0.49036923211067124,0.045657431972878325,0.045657431972878325,0.9479125235229731,0.0,0.0,0.0,0.12293162494897841,0.4734950587153435,0.4739011749625206,0.18124175071716309,0.18124175071716309,0.0,0.5,0.0,0.6976744186046512,0.0444025844335556,0.04323191940784454,-0.02468767,0.02793383,-0.09600171
0.4642857142857143,0.5,0.3333333333333333,0.42424242424242425,0.6153846153846154,0.5869565217391305,0.12348519265651703,0.12257976084947586,0.3836439152748589,0.38362329867784195,0.47959714204813736,0.5159872400550445,0.04229120910167694,0.04229120910167694,0.9493258986622095,0.0,0.0,0.0,0.12289553433656691,0.4734279718250036,0.4739288780838251,0.18078088760375977,0.18078088760375977,0.0,0.5,0.0,0.6976744186046512,0.0438547320663929,0.03736845217645168,-0.02329189,0.02793064,-0.10050835
0.4642857142857143,0.5,0.3333333333333333,0.42424242424242425,0.6153846153846154,0.5869565217391305,0.1228034719824791,0.1218389943242073,0.38699433452540555,0.386973820498523,0.45755490278878586,0.5380959732531995,0.04084239713847637,0.04084239713847637,0.950216494500637,0.0,0.0,0.0,0.1124413251876831,0.47394867055118084,0.474531102925539,0.16270551085472107,0.16270551085472107,0.0,0.5,0.0,0.6976744186046512,0.04417189955711365,0.03211287083104253,-0.02724903,0.02795144,-0.10113709
0.4642857142857143,0.5,0.3333333333333333,0.42424242424242425,0.6153846153846154,0.5869565217391305,0.12204413115978241,0.12109613418579102,0.38955793827487223,0.38953756100816894,0.4395947782304957,0.5561113164255435,0.040879108543906896,0.040879108543906896,0.9510104898363352,0.0,0.0,0.0,0.10628464221954345,0.47447485849261284,0.47508667781949043,0.15337815880775452,0.15337815880775452,0.0,0.5,0.0,0.6976744186046512,0.04501807689666748,0.026990370824933052,-0.02487265,0.02776932,-0.10003415
0.4642857142857143,0.5,0.3333333333333333,0.42424242424242425,0.6153846153846154,0.5869565217391305,0.12018676847219467,0.1192672997713089,0.3888978424765184,0.38887731705295425,0.4182863513552664,0.5773408466561069,0.04126997797616891,0.04126997797616891,0.9516360312700272,0.0,0.0,0.0,0.10505894869565963,0.47514996863901615,0.4757248777896166,0.15148869156837463,0.15148869156837463,0.0,0.5,0.0,0.6976744186046512,0.04641053080558777,0.017345008673146367,-0.02872151,0.02919889,-0.10154697
0.4642857142857143,0.5,0.3333333333333333,0.42424242424242425,0.6153846153846154,0.5869565217391305,0.11782179027795792,0.11692529171705246,0.3898195035143063,0.38979901228078695,0.4095060344407937,0.5861750798466506,0.04114933844123568,0.04114933844123568,0.9524978213012218,0.0,0.0,0.0,0.10121214836835861,0.47639152221381664,0.4768844358623028,0.145931676030159,0.145931676030159,0.0,0.5,0.0,0.6976744186046512,0.046899501234292984,0.00648040440864861,-0.02851647,0.0390121,-0.12307093
0.4642857142857143,0.5,0.3333333333333333,0.42424242424242425,0.6153846153846154,0.5869565217391305,0.11727568507194519,0.11638809740543365,0.3908554732685563,0.39083503901844496,0.4065376661475712,0.589220421327409,0.04167166671582631,0.04167166671582631,0.9524328764528036,0.0,0.0,0.0,0.10072993710637092,0.47680625319480896,0.47728112526237965,0.14522084593772888,0.14522084593772888,0.0,0.5,0.0,0.6976744186046512,0.04734707623720169,0.0,-0.02687078,0.03478245,-0.14629541
0.4642857142857143,0.5,0.3333333333333333,0.42424242424242425,0.6153846153846154,0.5869565217391305,0.11876603960990906,0.11784037947654724,0.3919237526151464,0.3919035349019855,0.4587096373620042,0.5372650996056336,0.042943189452801435,0.042943189452801435,0.9522146806120872,0.0,0.0,0.0,0.0977688692510128,0.4769729860126972,0.47754726372659206,0.1417284607887268,0.1417284607887268,0.0,0.5,0.0,0.6976744186046512,0.04740815982222557,0.0,-0.02561448,0.03175328,-0.14189392
0.4642857142857143,0.5,0.3333333333333333,0.42424242424242425,0.6153846153846154,0.5869565217391305,0.1313389092683792,0.13027209043502808,0.39145110943577255,0.3914323960845831,0.5154470665163109,0.48190071130979084,0.046826458669134555,0.046826458669134555,0.9507458712905645,0.0,0.0,0.0,0.09975201711058616,0.47651071660220623,0.4774971064180136,0.1460781693458557,0.1460781693458557,0.0,0.5,0.0,0.6976744186046512,0.04865964129567146,0.0,-0.02009877,0.03061581,-0.13551134
0.4642857142857143,0.5,0.3333333333333333,0.42424242424242425,0.6153846153846154,0.5869565217391305,0.13347837328910828,0.13237249851226807,0.39012095713934525,0.3901022095981109,0.5189644357556367,0.4785219997971687,0.05167274336729731,0.05167274336729731,0.9475968070328236,0.0,0.0,0.0,0.12194628342986107,0.47384243831038475,0.47601346112787724,0.1787160038948059,0.1787160038948059,0.0,0.5,0.0,0.6976744186046512,0.05309169739484787,0.0,-0.01823054,0.03143908,-0.13436869
0.4642857142857143,0.5,0.3333333333333333,0.42424242424242425,0.6153846153846154,0.5869565217391305,0.13346946239471436,0.13237380981445312,0.3916729914298705,0.39165428947536257,0.5098167204549162,0.48752695670268686,0.05353538319468498,0.05353538319468498,0.9466710221022367,0.0,0.0,0.0,0.12021184265613555,0.47324301674962044,0.47547134570777416,0.17578460276126862,0.17578460276126862,0.0,0.5,0.0,0.6976744186046512,0.055312879383563995,0.0,-0.0191681,0.03193596,-0.1347927
0.4642857142857143,0.5,0.3333333333333333,0.42424242424242425,0.6153846153846154,0.5869565217391305,0.1333364099264145,0.1322828233242035,0.3911124114552602,0.3910937322941155,0.5094591531311349,0.4879127058831907,0.053735061415604184,0.053735061415604184,0.9463971704244614,0.0,0.0,0.0,0.11955128014087676,0.473105326294899,0.4752549957484007,0.1750350296497345,0.1750350296497345,0.0,0.5,0.0,0.6976744186046512,0.055802520364522934,0.0,-0.02551799,0.03447641,-0.13992503
0.4642857142857143,0.5,0.3333333333333333,0.42424242424242425,0.6153846153846154,0.5869565217391305,0.13303403556346893,0.13196872174739838,0.39162046412436957,0.39160176216986164,0.5102478818501387,0.487139748746938,0.05446546311889376,0.05446546311889376,0.945905577391386,0.0,0.0,0.0,0.11972481235861777,0.47292673774063587,0.4751205015927553,0.1753656268119812,0.1753656268119812,0.0,0.5,0.0,0.6976744186046512,0.056334201246500015,0.0,-0.02359665,0.02554658,-0.14903641
0.4642857142857143,0.5,0.3333333333333333,0.42424242424242425,0.6153846153846154,0.5869565217391305,0.5143044590950012,0.5136165022850037,0.302803810878192,0.30278350199157833,0.5846795495563893,0.41652219422638026,0.06409138973270144,0.06409138973270144,0.941669536754489,0.0,0.0,0.0,0.15741640329360962,0.46528681740164757,0.4695842005312443,0.23047859966754913,0.23047859966754913,0.0,0.5,0.0,0.6976744186046512,0.07442060858011246,0.0,-0.0097749,0.0266535,-0.1628899
0.4642857142857143,0.5,0.3333333333333333,0.42424242424242425,0.6153846153846154,0.5869565217391305,0.039082325994968414,0.03862369805574417,0.4065262466726066,0.4065107243922655,0.830339517465741,0.18525033739688473,0.07043897307344846,0.07043897307344846,0.9405684936791658,0.0,0.0,0.0,0.11832340136170387,0.46958726085722446,0.47300369665026665,0.180214986205101,0.180214986205101,0.05233033001422882,0.47906786799430845,0.0,0.6976744186046512,0.06834830343723297,0.0,-0.00459401,0.02870498,-0.1728936
0.4642857142857143,0.5,0.3333333333333333,0.42424242424242425,0.6153846153846154,0.5869565217391305,0.013997811824083328,0.01387426070868969,0.41037213665577466,0.41035679672233916,0.8330446338106523,0.1828286565234004,0.066180234508855,0.066180234508855,0.9436623454093933,0.0,0.0,0.0,0.10077786669135093,0.476487984880805,0.47907436452805996,0.15505756437778473,0.15505756437778473,0.04689159244298935,0.48124336302280424,0.0,0.6976744186046512,0.05592712014913559,0.0,-0.00338251,0.03147228,-0.17562798
0.4642857142857143,0.5,0.3333333333333333,0.42424242424242425,0.6153846153846154,0.5869565217391305,0.07766754180192947,0.07727182656526566,0.38515772509529306,0.3851405275027565,0.7505448078790085,0.25845628344939225,0.0652764125594071,0.0652764125594071,0.9438567347824574,0.0,0.0,0.0,0.10396335870027541,0.47619575448334217,0.47891224548220634,0.15872788429260254,0.15872788429260254,0.04577471315860748,0.481690114736557,0.0,0.6976744186046512,0.056135423481464386,0.0,-0.00354072,0.03277267,-0.17882974
0.4642857142857143,0.5,0.3333333333333333,0.42424242424242425,0.6153846153846154,0.5869565217391305,0.18886221945285797,0.18819694221019745,0.3636811002946493,0.3636622501832805,0.593925329740827,0.4066350486898007,0.06430533315454211,0.06430533315454211,0.9400990977883339,0.0,0.0,0.0,0.1428883671760559,0.4673223979771137,0.4708285257220268,0.2089807093143463,0.2089807093143463,0.05035873502492905,0.4798565059900284,0.0,0.6976744186046512,0.06013038754463196,0.0,0.00073489,0.03306751,-0.17750143
0.4642857142857143,0.5,0.3333333333333333,0.42424242424242425,0.6153846153846154,0.5869565217391305,0.015429321676492691,0.015307093970477581,0.5019136762841254,0.5019002326516645,0.7578884876025112,0.25222792857413034,0.07093243300914764,0.07093243300914764,0.941713497042656,0.0,0.0,0.0,0.13330185562372207,0.46896129101514816,0.4726053327322006,0.20458760857582092,0.20458760857582092,0.049919504672288895,0.48003219813108444,0.0,0.6976744186046512,0.07344033569097519,0.0,0.000118663907,0.0343170427,-0.175715059
0.4642857142857143,0.5,0.3333333333333333,0.42424242424242425,0.6153846153846154,0.5869565217391305,0.0,0.0,0.5352374482793061,0.5352251398631765,0.765244908816044,0.2455611889443885,0.07330666961414474,0.07330666961414474,0.9440021570771933,0.0,0.0,0.0,0.12656532377004623,0.47477799467742443,0.4780594576150179,0.19587267935276031,0.19587267935276031,0.0,0.5,0.0,0.6976744186046512,0.08069456368684769,0.0,-0.00135013,0.03577397,-0.1737994
0.4642857142857143,0.5,0.3333333333333333,0.42424242424242425,0.6153846153846154,0.5869565217391305,0.0,0.0,0.5365005994845986,0.5364883395043659,0.751087996517495,0.2590786790250086,0.07414272853306363,0.07414272853306363,0.9448902271687984,0.0,0.0,0.0,0.12711995095014572,0.4769223015755415,0.48027644865214825,0.19821268320083618,0.19821268320083618,0.0,0.5,0.0,0.6976744186046512,0.08858051151037216,0.0,-0.00190116,0.03682439,-0.17388837
0.4642857142857143,0.5,0.3333333333333333,0.42424242424242425,0.6153846153846154,0.5869565217391305,0.0,0.0,0.5327475839089709,0.5327352071127518,0.746272898540898,0.2637009223555465,0.07424723356962204,0.07424723356962204,0.9447966516017914,0.0,0.0,0.0,0.129437917470932,0.4778090510517359,0.4811058212071657,0.20201492309570312,0.20201492309570312,0.0,0.5,0.0,0.6976744186046512,0.08920309692621231,0.0,0.00159951,0.04856493,-0.17699027
0.4642857142857143,0.5,0.3333333333333333,0.42424242424242425,0.6153846153846154,0.5869565217391305,0.0,0.0,0.533467603459185,0.5334552608530106,0.7434815093162639,0.2664300856986369,0.07403255041156497,0.07403255041156497,0.9450735114514828,0.0,0.0,0.0,0.12795414999127389,0.4787392243742943,0.4819323867559433,0.1998274028301239,0.1998274028301239,0.0,0.5,0.0,0.6976744186046512,0.08970805257558823,0.0,0.00154356,0.04740642,-0.17766421
0.4642857142857143,0.5,0.3333333333333333,0.42424242424242425,0.6153846153846154,0.5869565217391305,0.0,0.0,0.5317420290487447,0.5317296123641398,0.7387840023004302,0.27088003399672467,0.07503714146358627,0.07503714146358627,0.9449144247919321,0.0,0.0,0.0,0.12798045650124548,0.4787314496934414,0.4820061419159174,0.20002847909927368,0.20002847909927368,0.0,0.5,0.0,0.6976744186046512,0.09156142175197601,0.0,-0.00819705,0.03995198,-0.17119668
0.4642857142857143,0.5,0.3333333333333333,0.42424242424242425,0.6153846153846154,0.5869565217391305,0.0,0.0,0.5295970738503947,0.5295845830873596,0.7385622456698299,0.27104685862200617,0.07524577634675163,0.07524577634675163,0.94497493468225,0.0,0.0,0.0,0.12840142324566842,0.47881651297211647,0.4821414537727833,0.20062948763370514,0.20062948763370514,0.0,0.5,0.0,0.6976744186046512,0.09223147481679916,0.0,-0.01233783,0.03867616,-0.17094308
0.4642857142857143,0.5,0.3333333333333333,0.42424242424242425,0.6153846153846154,0.5869565217391305,0.0,0.0,0.5257576970707618,0.5257450410558434,0.7355274461195528,0.2737946213494701,0.07678044959902763,0.07678044959902763,0.9447022546082735,0.0,0.0,0.0,0.12973814234137535,0.4782884567975998,0.4817154034972191,0.20248126983642578,0.20248126983642578,0.0,0.5,0.0,0.6976744186046512,0.09445996582508087,0.0,-0.03295437,0.03539202,-0.17778757
0.4642857142857143,0.5,0.3333333333333333,0.42424242424242425,0.6153846153846154,0.5869565217391305,0.0,0.0,0.5257518135338851,0.5257362656110104,0.7329977930845768,0.27619198170441694,0.0774606822856835,0.0774606822856835,0.9447160195559263,0.0,0.0,0.0,0.12998405396938323,0.47810366190969944,0.4815781805664301,0.2027927190065384,0.2027927190065384,0.0,0.5,0.0,0.6976744186046512,0.09581559151411057,0.0,-0.05330552,0.03158232,-0.19882666
0.4642857142857143,0.5,0.3333333333333333,0.42424242424242425,0.6153846153846154,0.5869565217391305,0.0,0.0,0.4769690658462663,0.4769515121074297,0.703656170153937,0.30317560841836116,0.07921057354126658,0.07921057354126658,0.9454186670482159,0.0,0.0,0.0,0.12345775514841079,0.47788843140006065,0.48138601146638393,0.18957151472568512,0.18957151472568512,0.0,0.5,0.0,0.6976744186046512,0.09666825830936432,0.0,-0.049147,0.03263673,-0.20093936
0.4642857142857143,0.5,0.3333333333333333,0.42424242424242425,0.6153846153846154,0.5869565217391305,0.4513087868690491,0.4474162459373474,0.3154991671414494,0.3154758039441665,0.5583934909299044,0.4419711893826046,0.08483131017003741,0.08483131017003741,0.9443386010825634,0.0,0.0,0.0,0.14184943214058876,0.4724865462630987,0.4768595341593027,0.21104557812213898,0.21104557812213898,0.0,0.5,0.0,0.6976744186046512,0.09849335253238678,0.0,-0.04848591,0.03189049,-0.20064008
0.4642857142857143,0.5,0.3333333333333333,0.42424242424242425,0.6153846153846154,0.5869565217391305,0.3045301139354706,0.3034957945346832,0.3273610726825138,0.32733715104783245,0.4630069869426195,0.5344849802745182,0.08079951362950462,0.08079951362950462,0.9349242616444826,0.0,0.0,0.0,0.15011883452534674,0.46398184075951576,0.46808337047696114,0.22124531865119934,0.22124531865119934,0.06264179199934006,0.47494328320026397,0.0,0.6976744186046512,0.0895107090473175,0.0,-0.05834108,0.02765889,-0.19737701
0.4642857142857143,0.5,0.3333333333333333,0.42424242424242425,0.6153846153846154,0.5869565217391305,0.2952500879764557,0.2943319082260132,0.32994442688119574,0.32992051664319594,0.45782566515027223,0.5395314864464467,0.07830953225493431,0.07830953225493431,0.9331776592880487,0.0,0.0,0.0,0.14643954783678054,0.4641413390636444,0.467965442687273,0.21440869569778442,0.21440869569778442,0.06425932049751282,0.4742962718009949,0.0,0.6976744186046512,0.08123145252466202,0.0,-0.0402261,0.01678714,-0.16251159
0.4642857142857143,0.5,0.3333333333333333,0.42424242424242425,0.6153846153846154,0.5869565217391305,0.26423439383506775,0.2633936107158661,0.3412033226020478,0.3411797086777696,0.4647116142522765,0.5324843968141096,0.07472868210503034,0.07472868210503034,0.9298292063176632,0.0,0.0,0.0,0.14229396209120748,0.4646754786372185,0.46802134811878204,0.20859229564666748,0.20859229564666748,0.067940853536129,0.4728236585855484,0.0,0.6976744186046512,0.07565702497959137,0.0,-0.05730321,0.01316646,-0.15312621
0.4642857142857143,0.5,0.3333333333333333,0.42424242424242425,0.6153846153846154,0.5869565217391305,0.2617661654949188,0.2609369158744812,0.34212597515113496,0.342102327036812,0.46205642961863125,0.535092164129367,0.07500687081898962,0.07500687081898962,0.9290406443178654,0.0,0.0,0.0,0.14179740846157074,0.4646417871117592,0.46801789849996567,0.20808738470077515,0.20808738470077515,0.06874088197946548,0.4725036472082138,0.0,0.6976744186046512,0.07570691406726837,0.0,-0.04129585,0.008801,-0.12535955
0.4642857142857143,0.5,0.3333333333333333,0.42424242424242425,0.6153846153846154,0.5869565217391305,0.27291303873062134,0.27186426520347595,0.34839707897908373,0.3483736587983928,0.46969080449974104,0.5274279128474391,0.07645442017487118,0.07645442017487118,0.9271916225552559,0.0,0.0,0.0,0.137877456843853,0.46576207876205444,0.4690408259630203,0.20319055020809174,0.20319055020809174,0.0712934136390686,0.47148263454437256,0.0,0.6976744186046512,0.07465271651744843,0.0,-0.04264859,0.00316104,-0.09848554
0.4642857142857143,0.5,0.3333333333333333,0.42424242424242425,0.6153846153846154,0.5869565217391305,0.7023841738700867,0.7008031010627747,0.265030603791742,0.2650057134391245,0.45001027962445755,0.5492948390905938,0.08320187351533345,0.08320187351533345,0.9230529479682446,0.0,0.0,0.0,0.14762480109930037,0.45924320444464684,0.4648914076387882,0.21494655311107635,0.21494655311107635,0.07235604524612427,0.4710575819015503,0.0,0.6976744186046512,0.07580357044935226,0.0,-0.04103188,0.00536617,-0.0747058
0.4642857142857143,0.5,0.3333333333333333,0.42424242424242425,0.6153846153846154,0.5869565217391305,0.41770854592323303,0.4166119396686554,0.3027050472354342,0.3026809318571656,0.5417509652232577,0.4575784661751126,0.08548445467438018,0.08548445467438018,0.9222746267914772,0.0,0.0,0.0,0.13980914428830146,0.46008745580911636,0.4652485102415085,0.2049209326505661,0.2049209326505661,0.07219300419092178,0.4711227983236313,0.0,0.6976744186046512,0.07460746169090271,0.0,-0.03711827,0.00551272,-0.05902177
0.4642857142857143,0.5,0.3333333333333333,0.42424242424242425,0.6153846153846154,0.5869565217391305,0.39323046803474426,0.3922206461429596,0.30908237953258977,0.30905875421163,0.5487159987480645,0.4507276473441447,0.08558431906359537,0.08558431906359537,0.922335721552372,0.0,0.0,0.0,0.13926198557019231,0.4613223746418953,0.4658137634396553,0.20425768196582794,0.20425768196582794,0.0725570023059845,0.4709771990776062,0.0,0.6976744186046512,0.07367709279060364,0.0,-0.03392647,0.00574206,-0.0472247
0.4642857142857143,0.5,0.3333333333333333,0.42424242424242425,0.6153846153846154,0.5869565217391305,0.3611431121826172,0.3598501980304718,0.3147887549938253,0.314765403193224,0.5636971418533909,0.4363241792358308,0.08432107312338694,0.08432107312338694,0.9235284999012947,0.0,0.0,0.0,0.13402052298188208,0.4647914655506611,0.4678298123180866,0.19708697497844696,0.19708697497844696,0.07247404754161835,0.4710103809833527,0.0,0.6976744186046512,0.07040788978338242,0.0,-0.02678437,0.01468267,-0.03192602
0.4642857142857143,0.5,0.3333333333333333,0.42424242424242425,0.6153846153846154,0.5869565217391305,0.35456109046936035,0.35320302844047546,0.31719022955083026,0.3171670145104082,0.5654726080867118,0.43458835066111956,0.08347170161349433,0.08347170161349433,0.9240632951259613,0.0,0.0,0.0,0.1331559754908085,0.46556153893470764,0.46840716153383255,0.19589243829250336,0.19589243829250336,0.07240230590105057,0.47103907763957975,0.0,0.6976744186046512,0.06959844380617142,0.0,-0.02640159,0.01376473,-0.03117667
0.4642857142857143,0.5,0.3333333333333333,0.42424242424242425,0.6153846153846154,0.5869565217391305,0.34704747796058655,0.3454456925392151,0.31973237334884147,0.319708998754877,0.549341135225606,0.4499942025030042,0.08264088737113136,0.08264088737113136,0.9246607422828674,0.0,0.0,0.0,0.12906060367822647,0.4684307873249054,0.4709413889795542,0.19064490497112274,0.19064490497112274,0.0733242779970169,0.4706702888011932,0.0,0.6976744186046512,0.06555657088756561,0.0,-0.0373284,0.01242683,-0.03915729
0.4642857142857143,0.5,0.3333333333333333,0.42424242424242425,0.6153846153846154,0.5869565217391305,0.3354111611843109,0.33386966586112976,0.32856732025657054,0.32854394566260603,0.5279433811599848,0.47045664230627904,0.07583050855568478,0.07583050855568478,0.9248158484697342,0.0,0.0,0.0,0.1263544127345085,0.4703038353472948,0.472303481772542,0.18627993762493134,0.18627993762493134,0.07395951449871063,0.4704161942005157,0.0,0.6976744186046512,0.06241046264767647,0.0,-0.03757958,0.0120213,-0.03953944
0.4642857142857143,0.5,0.3333333333333333,0.42424242424242425,0.6153846153846154,0.5869565217391305,0.30342817306518555,0.30203884840011597,0.3307891033347661,0.33076592248438874,0.5514480967366673,0.4476410156859444,0.07424312244568552,0.07424312244568552,0.9246917180716991,0.0,0.0,0.0,0.12483166530728339,0.46989856474101543,0.4721471332013607,0.1846330314874649,0.1846330314874649,0.07345449179410934,0.47061820328235626,0.0,0.6976744186046512,0.06228071078658104,0.0,-0.04248735,0.00897586,-0.04142643
0.4642857142857143,0.5,0.3333333333333333,0.42424242424242425,0.6153846153846154,0.5869565217391305,0.46589961647987366,0.4639420509338379,0.30743840821158586,0.30741431562668053,0.41704247193856175,0.5812006819037995,0.07105460656540735,0.07105460656540735,0.9256981275975704,0.0,0.0,0.0,0.11083537116646766,0.47260464914143085,0.4743015915155411,0.16438670456409454,0.16438670456409454,0.07236288487911224,0.4710548460483551,0.0,0.6976744186046512,0.05973965302109718,0.0,-0.0401872,0.01017038,-0.03941746
0.4642857142857143,0.5,0.3333333333333333,0.42424242424242425,0.6153846153846154,0.5869565217391305,0.8561717867851257,0.8465192317962646,0.316947913306621,0.3169242993823429,0.34673667364321065,0.6532266098449558,0.07264022848435811,0.07264022848435811,0.923278134316206,0.0,0.0,0.0,0.11159490123391151,0.47160779125988483,0.4734915979206562,0.16088716685771942,0.16088716685771942,0.0,0.5,0.07472415268421173,0.6273932495089465,0.05733600631356239,0.0,-0.04139733,0.01233524,-0.03848385
0.4642857142857143,0.5,0.3333333333333333,0.42424242424242425,0.6153846153846154,0.5869565217391305,0.27030330896377563,0.26900285482406616,0.3567507212294219,0.35672747199895505,0.34420140204420513,0.6536897595885557,0.06799872166344098,0.06799872166344098,0.9308619424700737,0.0,0.0,0.0,0.08369322009384632,0.47638521157205105,0.4772504158318043,0.12207743525505066,0.12207743525505066,0.06847205013036728,0.47261117994785307,0.07099712640047073,0.6278562216564667,0.051960334181785583,0.0,-0.04476156,0.01009828,-0.04130914
0.4642857142857143,0.5,0.3333333333333333,0.42424242424242425,0.6153846153846154,0.5869565217391305,0.15350079536437988,0.15254680812358856,0.3909237963747568,0.3909013335153204,0.36871900339655395,0.6276587074112432,0.049949871110064645,0.049949871110064645,0.9471972957253456,0.0,0.0,0.0,0.045015398412942886,0.4867778364568949,0.48680419474840164,0.0,-0.0,0.05771086737513542,0.4769156530499458,0.0,0.6976744186046512,0.03254612162709236,0.0,-0.04271513,0.01067455,-0.0403855
0.4642857142857143,0.5,0.3333333333333333,0.42424242424242425,0.6153846153846154,0.5869565217391305,0.1225397139787674,0.12154863029718399,0.3942825807895989,0.3942602205002969,0.3876755369780852,0.6082891808818398,0.04198894303824221,0.04198894303824221,0.9515180140733719,0.0,0.0,0.0,0.03789740782231092,0.4889852162450552,0.4889649301767349,0.0,-0.0,0.0,0.5,0.0,0.6976744186046512,0.02694850228726864,0.0,-0.03957269,0.0139745,-0.03341657
0.4642857142857143,0.5,0.3333333333333333,0.42424242424242425,0.6153846153846154,0.5869565217391305,0.11275848001241684,0.11171472817659378,0.3943380940256793,0.3943157565297406,0.39976265234427516,0.5961182315257899,0.03792747988232545,0.03792747988232545,0.9543586559593678,0.0,0.0,0.0,0.032948210090398784,0.490178563632071,0.4901503175497055,0.0,-0.0,0.0,0.5,0.0,0.6976744186046512,0.02356245554983616,0.0,-0.04547955,0.01131707,-0.03529356
0.4642857142857143,0.5,0.3333333333333333,0.42424242424242425,0.6153846153846154,0.5869565217391305,0.11214005947113037,0.11109244078397751,0.3939282123718845,0.39390590906599054,0.40622683875191506,0.5896341294170515,0.03566817646580083,0.03566817646580083,0.9557269625365734,0.0,0.0,0.0,0.03149143885821104,0.4907880434766412,0.49078121967613697,0.0,-0.0,0.0,0.5,0.0,0.6976744186046512,0.021564343944191933,0.0,-0.0316538,0.00692983,-0.07164955
0.4642857142857143,0.5,0.3333333333333333,0.42424242424242425,0.6153846153846154,0.5869565217391305,0.11135353893041611,0.11026806384325027,0.3927656710717692,0.3927433335758304,0.4102093179640761,0.5856450572245842,0.03200079048318522,0.03200079048318522,0.9576015211641788,0.0,0.0,0.0,0.029638367146253584,0.4916946729645133,0.49172962829470634,0.0,-0.0,0.0,0.5,0.0,0.6976744186046512,0.018687603995203972,0.0,-0.03143758,0.00796658,-0.09254657
0.4642857142857143,0.5,0.3333333333333333,0.42424242424242425,0.6153846153846154,0.5869565217391305,0.10217630863189697,0.10101164132356644,0.3936530508913,0.39363073618872446,0.4091110368531703,0.5866981163028955,0.030333764318908964,0.030333764318908964,0.9589645676314831,0.0,0.0,0.0,0.02799643725156784,0.4922387325204909,0.49227468483150005,0.0,-0.0,0.0,0.5,0.0,0.6976744186046512,0.017499705776572227,0.0,-0.03366869,0.00891859,-0.10286961
0.4642857142857143,0.5,0.3333333333333333,0.42424242424242425,0.6153846153846154,0.5869565217391305,0.10117099434137344,0.10000286251306534,0.39347525126163635,0.3934529251623792,0.4081488207239038,0.5876645121651393,0.029585521136011397,0.029585521136011397,0.9594494234770536,0.0,0.0,0.0,0.027223251946270465,0.49254553811624646,0.49257949786260724,0.0,-0.0,0.0,0.5,0.0,0.6976744186046512,0.017017625272274017,0.0,-0.03484689,0.01283048,-0.12218714
0.4642857142857143,0.5,0.3333333333333333,0.42424242424242425,0.6153846153846154,0.5869565217391305,0.0,0.0,0.4612762868746289,0.46125622016749923,0.38843827129094144,0.6072386689618664,0.027130131742783958,0.027130131742783958,0.9682888891547918,0.0,0.0,0.0,0.02098672958090901,0.4946298925206065,0.4946209811605513,0.0,-0.0,0.0,0.5,0.0,0.6976744186046512,0.014894561842083931,0.0,-0.03369521,0.01658389,-0.14102136
0.4642857142857143,0.5,0.3333333333333333,0.42424242424242425,0.6153846153846154,0.5869565217391305,0.0,0.0,0.46384989121220077,0.4638320069695978,0.3887566261947953,0.6067776731910892,0.02672734803387097,0.02672734803387097,0.9727324973791838,0.0,0.0,0.0,0.01807172419503331,0.4956646072678268,0.49567053373903036,0.0,-0.0,0.0,0.5,0.0,0.6976744186046512,0.014352044090628624,0.0,-0.03334908,0.01772354,-0.14973508
0.4642857142857143,0.5,0.3333333333333333,0.42424242424242425,0.6153846153846154,0.5869565217391305,0.0,0.0,0.4632394536047547,0.4632215551162997,0.3890380786436238,0.6064984203018098,0.026614003415618627,0.026614003415618627,0.9731120551005006,0.0,0.0,0.0,0.017797057423740624,0.49574720906093717,0.49575044959783554,0.0,-0.0,0.0,0.5,0.0,0.6976744186046512,0.014285510405898094,0.0,-0.03346287,0.02022087,-0.1672159
0.4642857142857143,0.5,0.3333333333333333,0.42424242424242425,0.6153846153846154,0.5869565217391305,0.0,0.0,0.4643265004367719,0.4643086247416801,0.38858934570224973,0.6069209636688638,0.027066635500107496,0.027066635500107496,0.9735164940357208,0.0,0.0,0.0,0.017336573544889686,0.49587765568867326,0.4958901833742857,0.0,-0.0,0.0,0.5,0.0,0.6976744186046512,0.014060461893677711,0.0,-0.03554537,0.02376463,-0.18664594
0.4642857142857143,0.5,0.3333333333333333,0.42424242424242425,0.6153846153846154,0.5869565217391305,0.0,0.0,0.4659676881182946,0.46594987225578116,0.38877824569979313,0.6067845168983909,0.02728036604821682,0.02728036604821682,0.973989425227046,0.0,0.0,0.0,0.01714583896100521,0.4960041237063706,0.49602550361305475,0.0,-0.0,0.0,0.5,0.0,0.6976744186046512,0.014098982326686382,0.0,-0.03797665,0.02588363,-0.1955134
0.4642857142857143,0.5,0.3333333333333333,0.42424242424242425,0.6153846153846154,0.5869565217391305,0.0,0.0,0.4636385312043914,0.4636206783026628,0.3918453890324551,0.6038000735857696,0.027053638228348324,0.027053638228348324,0.9742116387933493,0.0,0.0,0.0,0.017052168305963275,0.49602876231074333,0.49604163179174066,0.0,-0.0,0.0,0.5,0.0,0.6976744186046512,0.0139948520809412,0.0,-0.03842385,0.02579755,-0.19668104
0.4642857142857143,0.5,0.3333333333333333,0.42424242424242425,0.6153846153846154,0.5869565217391305,0.9135434627532959,0.9131364822387695,0.33298699896832495,0.3329665989082584,0.42807536006657615,0.5702085625550437,0.044997681730559895,0.044997681730559895,0.9425778221338987,0.0,0.0,0.0,0.045562551915645594,0.48762421030551195,0.4881063774228096,0.0,-0.0,0.0,0.5,0.0,0.6976744186046512,0.017158987000584602,0.0,-0.04135914,0.02572067,-0.2002411
0.4642857142857143,0.5,0.3333333333333333,0.42424242424242425,0.6153846153846154,0.5869565217391305,0.950638473033905,0.9508679509162903,0.35764051714545225,0.3576206869194658,0.4202164420662145,0.5780557847109119,0.05313814750739507,0.05313814750739507,0.9322353675961494,0.0,0.0,0.0,0.04552292004227638,0.4854950997978449,0.48594502732157707,0.0,-0.0,0.0,0.5,0.03751341626048088,0.626066543681677,0.018346771597862244,0.0,-0.03581115,0.03061292,-0.19933948
0.4642857142857143,0.5,0.3333333333333333,0.42424242424242425,0.6153846153846154,0.5869565217391305,0.07922296971082687,0.07840506732463837,0.4099244977958344,0.40990328857137415,0.5829636195877542,0.4165032529415587,0.04299174195953778,0.04299174195953778,0.9540617763996124,0.0,0.0,0.0,0.03794145844876766,0.4897039756178856,0.48993403650820255,0.0,-0.0,0.04225980490446091,0.48309607803821564,0.0,0.6976744186046512,0.021865470334887505,0.0,-0.03622103,0.0284718,-0.19529128
0.4642857142857143,0.5,0.3333333333333333,0.42424242424242425,0.6153846153846154,0.5869565217391305,0.09893283247947693,0.09818866103887558,0.39867757428900463,0.398656889311898,0.7016518357606965,0.3037945166094075,0.04577911858047758,0.04577911858047758,0.9524332843720913,0.0,0.0,0.0,0.08718020953238009,0.48666227608919144,0.4879438290372491,0.13130003213882446,0.13130003213882446,0.04560089856386185,0.48175964057445525,0.0,0.6976744186046512,0.03290561959147453,0.0,-0.03298775,0.0268889,-0.18527512
0.4642857142857143,0.5,0.3333333333333333,0.42424242424242425,0.6153846153846154,0.5869565217391305,0.09829971194267273,0.09765101969242096,0.39836957896872643,0.3983490877352071,0.7153566189067542,0.29112776601696966,0.04981937951275281,0.04981937951275281,0.9501830767840147,0.0,0.0,0.0,0.0905015654861927,0.48465782031416893,0.48623846005648375,0.13651283085346222,0.13651283085346222,0.04753398150205612,0.48098640739917753,0.0,0.6976744186046512,0.03755878657102585,0.0,-0.04150298,0.02589266,-0.18017551
0.4642857142857143,0.5,0.3333333333333333,0.42424242424242425,0.6153846153846154,0.5869565217391305,0.08983096480369568,0.08935513347387314,0.3929177711844216,0.3928972001741311,0.7247884898067205,0.2823968594155799,0.05123547943575042,0.05123547943575042,0.9495879411697388,0.0,0.0,0.0,0.07803491614758967,0.4848435213789344,0.4863182594999671,0.1183474138379097,0.1183474138379097,0.04843055084347725,0.4806277796626091,0.0,0.6976744186046512,0.03834886476397514,0.0,-0.05744548,0.02667412,-0.17685327
0.4642857142857143,0.5,0.3333333333333333,0.42424242424242425,0.6153846153846154,0.5869565217391305,0.07991756498813629,0.07964736968278885,0.3926453790974663,0.3926248536739021,0.7290760809787145,0.27841643160610713,0.05188204880271639,0.05188204880271639,0.9496736116707325,0.0,0.0,0.0,0.06921515278518199,0.4854912059381604,0.48688580747693777,0.10510975122451782,-0.0,0.04855421558022499,0.48057831376791,0.0,0.6976744186046512,0.0384308360517025,0.0,-0.06313341,0.0294802,-0.15276948
0.4642857142857143,0.5,0.3333333333333333,0.42424242424242425,0.6153846153846154,0.5869565217391305,0.07357152551412582,0.07337076216936111,0.4049057924040873,0.4048853125672495,0.6744521621536342,0.3299317345741779,0.053039174526929855,0.053039174526929855,0.9500503968447447,0.0,0.0,0.0,0.0628828227519989,0.48675872199237347,0.487964672036469,0.0,-0.0,0.04807538166642189,0.48076984733343125,0.0,0.6976744186046512,0.03809865936636925,0.0,-0.06058656,0.03278677,-0.12820905
0.4642857142857143,0.5,0.3333333333333333,0.42424242424242425,0.6153846153846154,0.5869565217391305,0.07096928358078003,0.07079488039016724,0.40337785069846743,0.4033574506384009,0.6869215678074619,0.31823823779713767,0.05523997492023877,0.05523997492023877,0.950105831027031,0.0,0.0,0.0,0.061200976744294165,0.487332153134048,0.48848996218293905,0.0,-0.0,0.047787144780159,0.4808851420879364,0.0,0.6976744186046512,0.03891344368457794,0.0,-0.0634829,0.03755427,-0.09355611
0.4642857142857143,0.5,0.3333333333333333,0.42424242424242425,0.6153846153846154,0.5869565217391305,0.06953489035367966,0.06937883794307709,0.40460488012142437,0.4045845142514026,0.6802595008171767,0.3246624332490382,0.05576512111084802,0.05576512111084802,0.9499546494334936,0.0,0.0,0.0,0.060135031118988984,0.48770938999950886,0.4888105262070894,0.0,-0.0,0.0480128675699234,0.4807948529720306,0.0,0.6976744186046512,0.039302825927734375,0.0,-0.06460995,0.04843577,-0.01465526
0.4642857142857143,0.5,0.3333333333333333,0.42424242424242425,0.6153846153846154,0.5869565217391305,0.07024133950471878,0.07009755820035934,0.4045090682192013,0.40448874223756515,0.6823447516497873,0.32275102739757555,0.058154293469020304,0.058154293469020304,0.9488199353218079,0.0,0.0,0.0,0.07152691036462783,0.4871100578457117,0.48827227763831615,0.1102268248796463,-0.0,0.04959391430020332,0.48016243427991867,0.0,0.6976744186046512,0.041600409895181656,0.0,-0.05159617,0.06040066,0.01935485
0.4642857142857143,0.5,0.3333333333333333,0.42424242424242425,0.6153846153846154,0.5869565217391305,0.07827737927436829,0.0781722366809845,0.39860200289330566,0.39858153445314953,0.6934227250502168,0.312220288457601,0.06599638611078262,0.06599638611078262,0.9452181849628687,0.0,0.0,0.0,0.17916335985064505,0.4678277187049389,0.4730441961437464,0.2677655518054962,0.2677655518054962,0.05524582415819168,0.4779016703367233,0.0,0.6976744186046512,0.10537093132734299,0.0,-0.02573329,0.07546302,0.08802813
0.4642857142857143,0.5,0.3333333333333333,0.42424242424242425,0.6153846153846154,0.5869565217391305,0.08358173072338104,0.08346745371818542,0.39974887375621904,0.3997284509027893,0.6972518049280229,0.3085901718471925,0.07234668625252588,0.07234668625252588,0.9429619945585728,0.0,0.0,0.0,0.2190894395112991,0.45717811957001686,0.46452031657099724,0.32778236269950867,0.32778236269950867,0.05837559700012207,0.47664976119995117,0.0,0.6976744186046512,0.15097171068191528,0.0,-0.02517468,0.07744262,0.09912469
0.4642857142857143,0.5,0.3333333333333333,0.42424242424242425,0.6153846153846154,0.5869565217391305,0.09198913723230362,0.09174825996160507,0.4060499907451651,0.4060297445403002,0.688945618459873,0.31646279435717983,0.08058088166373117,0.08058088166373117,0.9374217912554741,0.0,0.0,0.0,0.26895082145929333,0.4471137262880802,0.45694364607334137,0.4018234610557556,0.4018234610557556,0.06383632868528366,0.47446546852588656,0.0,0.6976744186046512,0.2209656536579132,0.0,-0.02321597,0.08013412,0.11360057
0.4642857142857143,0.5,0.3333333333333333,0.42424242424242425,0.6153846153846154,0.5869565217391305,0.09483296424150467,0.09454817324876785,0.43153420734587866,0.43151427454975777,0.5902277447753381,0.4105857995403834,0.08494113704987935,0.08494113704987935,0.9351907838135958,0.0,0.0,0.0,0.3000266432762146,0.4403722584247589,0.4512747898697853,0.44465723633766174,0.44465723633766174,0.06623785942792892,0.47350485622882843,0.07432229071855545,0.6265167961286944,0.2519350051879883,0.0,-0.02035307,0.08189978,0.12785244
0.4642857142857143,0.5,0.3333333333333333,0.42424242424242425,0.6153846153846154,0.5869565217391305,0.08810847252607346,0.08766613155603409,0.43901609462716157,0.43899658350825993,0.6175669251618832,0.38429804280833985,0.08996248245239258,0.08996248245239258,0.932536706328392,0.0,0.0,0.0,0.320218788087368,0.4341087266802788,0.44514330476522446,0.4733750522136688,0.4733750522136688,0.06816727668046951,0.4727330893278122,0.07713284343481064,0.6222814269537149,0.25557568669319153,0.0,-0.02103377,0.08333883,0.13819547
0.4642857142857143,0.5,0.3333333333333333,0.42424242424242425,0.6153846153846154,0.5869565217391305,0.08537579327821732,0.08491306751966476,0.441381213769858,0.4413618679028396,0.6286588367039113,0.3736936927019018,0.09218656591006688,0.09218656591006688,0.931753620505333,0.0,0.0,0.0,0.33124905973672863,0.4332514852285385,0.44419359415769577,0.490822434425354,0.490822434425354,0.06905298680067062,0.47237880527973175,0.07825945317745209,0.6197935741308124,0.25402528047561646,0.0,-0.01942568,0.08224127,0.14962266
0.4642857142857143,0.5,0.3333333333333333,0.42424242424242425,0.6153846153846154,0.5869565217391305,0.058445725589990616,0.05788623169064522,0.44509481677133766,0.4450755335860681,0.632957391483606,0.3692681219057594,0.09353742535625185,0.09353742535625185,0.9319806881248951,0.0,0.0,0.0,0.3368196040391922,0.4344145283102989,0.4445890262722969,0.49959009885787964,0.49959009885787964,0.07117581367492676,0.4715296745300293,0.08067294955253601,0.6161129180082056,0.24558602273464203,0.0,-0.03240743,0.08111424,0.16834764
0.4642857142857143,0.5,0.3333333333333333,0.42424242424242425,0.6153846153846154,0.5869565217391305,0.08533454686403275,0.08460547775030136,0.4322000812618044,0.43218030232088517,0.6467349082516438,0.3558997346105306,0.09446694648691586,0.09446694648691586,0.9323282167315483,0.0,0.0,0.0,0.33062428534030913,0.43471328169107437,0.4444943107664585,0.49131783843040466,0.49131783843040466,0.07211268693208694,0.47115492522716523,0.08124248683452606,0.613885073121204,0.21801115572452545,0.0,-0.03781524,0.0831707,0.17606002
0.4642857142857143,0.5,0.3333333333333333,0.42424242424242425,0.6153846153846154,0.5869565217391305,0.8086645007133484,0.8045682311058044,0.30271669464403084,0.30269180429141335,0.41379491913614946,0.585267106223466,0.09710693997996195,0.09710693997996195,0.9316928088665009,0.0,0.0,0.0,0.29904378950595856,0.43291065841913223,0.44134368747472763,0.43666306138038635,0.43666306138038635,0.07390720397233963,0.47043711841106417,0.08263274282217026,0.6054764986038208,0.21550436317920685,0.0,-0.03965092,0.08202109,0.19651201
0.4642857142857143,0.5,0.3333333333333333,0.42424242424242425,0.6153846153846154,0.5869565217391305,0.2612491846084595,0.2605029344558716,0.37350482329811696,0.37348147149751565,0.4413133693242848,0.5551054429479334,0.09565900479044234,0.09565900479044234,0.9291188791394234,0.0,0.0,0.0,0.295282281935215,0.4309675619006157,0.4365073889493942,0.42799893021583557,0.42799893021583557,0.07581784576177597,0.4696728616952896,0.08362870663404465,0.6056802633196808,0.21110910177230835,0.0,-0.0501241,0.09010461,0.22977699
0.4642857142857143,0.5,0.3333333333333333,0.42424242424242425,0.6153846153846154,0.5869565217391305,0.15441304445266724,0.15379859507083893,0.4071608765859221,0.4071385789783689,0.4586082838233525,0.5370926250754483,0.0864450287606035,0.0864450287606035,0.9303057454526424,0.0,0.0,0.0,0.3240399077534675,0.4311741068959236,0.4363536611199379,0.4722497761249542,0.4722497761249542,0.0760384351015091,0.4695846259593964,0.08347903937101364,0.6152656362500302,0.21084356307983398,0.0,-0.06016047,0.08804618,0.23185892
0.4642857142857143,0.5,0.3333333333333333,0.42424242424242425,0.6153846153846154,0.5869565217391305,0.09681854397058487,0.09625328332185745,0.4115563430476143,0.41153421069194435,0.49833697253699283,0.49732290029475107,0.07095170074275563,0.07095170074275563,0.9335205666720867,0.0,0.0,0.0,0.34685937613248824,0.431507408618927,0.4359746500849724,0.5077683329582214,0.5077683329582214,0.07215676456689835,0.4711372941732407,0.0780380368232727,0.6270541008128676,0.2043609470129013,0.01722133019939065,-0.07546792,0.08789022,0.23103629
0.4642857142857143,0.5,0.3333333333333333,0.42424242424242425,0.6153846153846154,0.5869565217391305,0.0926475077867508,0.09206230938434601,0.4131891342239672,0.41316704175668284,0.516228517029527,0.47951822362433383,0.06809668083276067,0.06809668083276067,0.9335926957428455,0.0,0.0,0.0,0.3551375404000282,0.43154919892549515,0.4356745257973671,0.5199419260025024,0.5199419260025024,0.07323460280895233,0.4707061588764191,0.07858213782310486,0.6264843081319055,0.20491282641887665,0.0308140367269516,-0.07611679,0.08826121,0.23314343
0.4642857142857143,0.5,0.3333333333333333,0.42424242424242425,0.6153846153846154,0.5869565217391305,0.08992723375558853,0.08935129642486572,0.41045825568029576,0.41043604354785457,0.5302486021933547,0.46565283844114896,0.06676344999245236,0.06676344999245236,0.9328902065753937,0.0,0.0,0.0,0.3561119869351387,0.4321807771921158,0.436115026473999,0.5221327543258667,0.5221327543258667,0.0740269273519516,0.47038922905921937,0.0,0.6976744186046512,0.20489399135112762,0.04132014699280262,-0.07718351,0.08901051,0.23483463
0.4642857142857143,0.5,0.3333333333333333,0.42424242424242425,0.6153846153846154,0.5869565217391305,0.15317067503929138,0.1529180109500885,0.3955773008029274,0.3955546441999038,0.5459422003014822,0.45049611236073045,0.06681874128324646,0.06681874128324646,0.9322854205965996,0.0,0.0,0.0,0.3477612867951393,0.433132067322731,0.4369150176644325,0.5106031894683838,0.5106031894683838,0.07490944117307663,0.47003622353076935,0.0,0.6976744186046512,0.2052377462387085,0.05042002070695162,-0.07908753,0.08957105,0.2353279
0.4642857142857143,0.5,0.3333333333333333,0.42424242424242425,0.6153846153846154,0.5869565217391305,0.8607372045516968,0.8604655861854553,0.30438940839603346,0.30436433569651034,0.5339953268007385,0.4644975511288729,0.07615598184721811,0.07615598184721811,0.9308897033333778,0.0,0.0,0.0,0.32286332249641414,0.42506711184978485,0.42848654836416245,0.46950387954711914,0.46950387954711914,0.07906652987003326,0.4683733880519867,0.08325706422328949,0.6161466171575147,0.1808405965566635,0.07229875773191452,-0.08002293,0.09019817,0.23390783
0.4642857142857143,0.5,0.3333333333333333,0.42424242424242425,0.6153846153846154,0.5869565217391305,0.43727245926856995,0.43703603744506836,0.31783374317745405,0.3178090009816974,0.47765824882523733,0.5202352932893929,0.08837260039789337,0.08837260039789337,0.9289704225957394,0.0,0.0,0.0,0.30296389758586884,0.42221494764089584,0.42484962940216064,0.4409288465976715,0.4409288465976715,0.08286994695663452,0.4668520212173462,0.08739221841096878,0.6134362345518067,0.1686573028564453,0.08388069458305836,-0.08242263,0.08938493,0.23110913
0.4642857142857143,0.5,0.3333333333333333,0.42424242424242425,0.6153846153846154,0.5869565217391305,0.1771000325679779,0.17660874128341675,0.39331093390630717,0.3932894397648069,0.32060672676130186,0.6808732499077439,0.0949896765606744,0.0949896765606744,0.9278987161815166,0.0,0.0,0.0,0.31153568923473357,0.4295681342482567,0.43002763390541077,0.45234301686286926,0.45234301686286926,0.0844803899526596,0.46620784401893617,0.08792746067047119,0.6123831244402154,0.17047004401683807,0.0970846600830555,-0.08455225,0.08772168,0.22492179
0.4642857142857143,0.5,0.3333333333333333,0.42424242424242425,0.6153846153846154,0.5869565217391305,0.07655505836009979,0.07560909539461136,0.4202701660232836,0.420249509537881,0.3248113614879192,0.6760415583627352,0.10267707386187146,0.10267707386187146,0.9242313653230667,0.0,0.0,0.0,0.33582309633493423,0.4301803633570671,0.43122531473636627,0.48786595463752747,0.48786595463752747,0.08458784967660904,0.4661648601293564,0.08590901643037796,0.6117058302773986,0.16452619433403015,0.1093808002769947,-0.09715518,0.08624082,0.20824522
0.4642857142857143,0.5,0.3333333333333333,0.42424242424242425,0.6153846153846154,0.5869565217391305,0.07269700616598129,0.07171831279993057,0.4207244662436199,0.4206996100810472,0.3225029408361898,0.6784202509532189,0.10365564908300128,0.10365564908300128,0.9235237501561642,0.0,0.0,0.0,0.34286924600601193,0.42944999039173126,0.43080367147922516,0.49873989820480347,0.49873989820480347,0.08403654396533966,0.4663853824138641,0.08484005182981491,0.6112695762584376,0.15866327285766602,0.11171030811965466,-0.10896988,0.0809079,0.20195226
0.4642857142857143,0.5,0.3333333333333333,0.42424242424242425,0.6153846153846154,0.5869565217391305,0.06267867237329483,0.06177758425474167,0.4249175789251382,0.42489281393601835,0.3313784599304199,0.6690664587189039,0.10492180074964251,0.10492180074964251,0.9228985980153084,0.0,0.0,0.0,0.34575073719024657,0.42805925756692886,0.4298446550965309,0.502892792224884,0.502892792224884,0.08411900699138641,0.46635239720344546,0.08441523462533951,0.6106943879709688,0.1553763896226883,0.11459022760391235,-0.13402668,0.07918205,0.18180841
0.4642857142857143,0.5,0.3333333333333333,0.42424242424242425,0.6153846153846154,0.5869565217391305,0.059914618730545044,0.05899712070822716,0.4276749775468961,0.42765030942956983,0.3306516707513346,0.6698056702809347,0.10544544884136746,0.10544544884136746,0.9230922162532806,0.0,0.0,0.0,0.3450616881251335,0.4282511845231056,0.4301128685474396,0.5018385052680969,0.5018385052680969,0.08440745621919632,0.4662370175123215,0.08459039777517319,0.6101412863232369,0.1542963683605194,0.11569825001060963,-0.14703135,0.07405677,0.17771164
0.4642857142857143,0.5,0.3333333333333333,0.42424242424242425,0.6153846153846154,0.5869565217391305,0.05055845528841019,0.0497303307056427,0.43178499132451775,0.4317603061121691,0.34653581852666737,0.6530987960607959,0.10734007294688906,0.10734007294688906,0.924029216170311,0.0,0.0,0.0,0.3362954974174499,0.42897217720746994,0.4311731979250908,0.4890292286872864,0.4890292286872864,0.08552658557891846,0.4657893657684326,0.08539918065071106,0.6082320837087409,0.14910729229450226,0.11846411973237991,-0.1515151,0.07133423,0.17671447
0.4642857142857143,0.5,0.3333333333333333,0.42424242424242425,0.6153846153846154,0.5869565217391305,0.17237839102745056,0.1721542626619339,0.39197259879249,0.3919455772604131,0.45532800260055134,0.5411086846099479,0.1074320450425148,0.1074320450425148,0.9227347932755947,0.0,0.0,0.0,0.32008040249347686,0.4292348176240921,0.4316913112998009,0.46273407340049744,0.46273407340049744,0.0880843922495842,0.46476624310016634,0.08795047551393509,0.6085937244947567,0.1494632363319397,0.12751729227602482,-0.15670721,0.06669025,0.17675821
0.4642857142857143,0.5,0.3333333333333333,0.42424242424242425,0.6153846153846154,0.5869565217391305,0.1776880919933319,0.17749850451946259,0.39063255417643267,0.3906055098509925,0.45584026349434204,0.5406540923496455,0.10742359927722386,0.10742359927722386,0.9226466119289398,0.0,0.0,0.0,0.31904743909835814,0.4292653650045395,0.43176472932100296,0.4612392783164978,0.4612392783164978,0.08856218308210373,0.4645751267671585,0.0884474590420723,0.6084227284719778,0.14930470287799835,0.1287743728607893,-0.15659222,0.06348068,0.1748665
0.4642857142857143,0.5,0.3333333333333333,0.42424242424242425,0.6153846153846154,0.5869565217391305,0.5618188977241516,0.5618154406547546,0.2994280226144006,0.29939798096169934,0.5701882472229733,0.42805975020906845,0.10746979819876808,0.10746979819876808,0.9189291149377823,0.0,0.0,0.0,0.2893491417169571,0.4248158782720566,0.42837681621313095,0.4163825511932373,0.4163825511932373,0.09413516521453857,0.46234593391418455,0.09545580297708511,0.6061417280241501,0.14552795886993408,0.14072496443986893,-0.15733847,0.05308595,0.18243533
0.4642857142857143,0.5,0.3333333333333333,0.42424242424242425,0.6153846153846154,0.5869565217391305,0.5152774453163147,0.5152789950370789,0.30484554918044837,0.3048156670812895,0.5686381902567059,0.42950929414195216,0.10768549250704902,0.10768549250704902,0.9176685400307178,0.0,0.0,0.0,0.28815192431211467,0.4235756918787956,0.4270690083503723,0.414761483669281,0.414761483669281,0.09532202780246735,0.4618711888790131,0.09696021676063538,0.6053896698840829,0.14347365498542786,0.1440707314759493,-0.14364317,0.04596123,0.17899308
0.4642857142857143,0.5,0.3333333333333333,0.42424242424242425,0.6153846153846154,0.5869565217391305,0.49666979908943176,0.4966720640659332,0.31573791622431735,0.31570826205879055,0.5644226944925225,0.43336936159703243,0.10752982859100615,0.10752982859100615,0.9157552495598793,0.0,0.0,0.0,0.2796786621212959,0.4276045858860016,0.430171862244606,0.40427830815315247,0.40427830815315247,0.09779153764247894,0.4608833849430084,0.09968026727437973,0.6046777617099673,0.13977093994617462,0.14965591952204704,-0.11502068,0.05158877,0.16882055
0.4642857142857143,0.5,0.3333333333333333,0.42424242424242425,0.6153846153846154,0.5869565217391305,0.4861096441745758,0.4861118793487549,0.31948317350894495,0.31945362191355253,0.562563981198444,0.43504539178338103,0.10705778109175819,0.10705778109175819,0.9153408147394657,0.0,0.0,0.0,0.26930611580610275,0.4314100444316864,0.4337005242705345,0.38793617486953735,0.38793617486953735,0.09962967038154602,0.46014813184738157,0.10156460851430893,0.6062034812084465,0.13081635534763336,0.15161363407969475,-0.09720671,0.05839811,0.15591335
0.4642857142857143,0.5,0.3333333333333333,0.42424242424242425,0.6153846153846154,0.5869565217391305,0.49569088220596313,0.4956968426704407,0.32302923959254304,0.32300283348127257,0.5598405389895175,0.43765135699836016,0.10482555521386011,0.10482555521386011,0.9173159562051296,0.0,0.0,0.0,0.2623861894011497,0.4362252578139305,0.4384576752781868,0.3784935176372528,0.3784935176372528,0.10002303123474121,0.4599907875061035,0.10253652930259705,0.6070144959660464,0.11838752031326294,0.14814671128988266,-0.09026246,0.05607589,0.13995007
0.4642857142857143,0.5,0.3333333333333333,0.42424242424242425,0.6153846153846154,0.5869565217391305,0.5049354434013367,0.5048378705978394,0.3235780923817855,0.323551686270515,0.5559044385731334,0.4414896112048553,0.10166794061660767,0.10166794061660767,0.9183450303971767,0.0,0.0,0.0,0.2620372787117958,0.437456414103508,0.43989765644073486,0.3787710666656494,0.3787710666656494,0.09961628168821335,0.46015348732471467,0.10248572379350662,0.6131157573572426,0.1167062520980835,0.14151726849377155,-0.09009066,0.05345306,0.13647103
0.4642857142857143,0.5,0.3333333333333333,0.42424242424242425,0.6153846153846154,0.5869565217391305,0.5703078508377075,0.5702840089797974,0.3197444994180654,0.3197179451499341,0.5507939044193829,0.4466272694608171,0.0986221113375255,0.0986221113375255,0.9192821867763996,0.0,0.0,0.0,0.2604839324951172,0.4386690631508827,0.44119860604405403,0.3774142563343048,0.3774142563343048,0.09855768829584122,0.4605769246816635,0.10184977203607559,0.6162809407295182,0.11510850489139557,0.131534393876791,-0.08619793,0.04854279,0.13638461
0.4642857142857143,0.5,0.3333333333333333,0.42424242424242425,0.6153846153846154,0.5869565217391305,0.8199116587638855,0.8197606801986694,0.30227329534964625,0.30224658152797257,0.5432866338790033,0.45488936216785114,0.09762915649584362,0.09762915649584362,0.9217848442494869,0.0,0.0,0.0,0.2588277176022529,0.43956948816776276,0.4422098509967327,0.3754861056804657,0.3754861056804657,0.09763095527887344,0.4609476178884506,0.10169529169797897,0.6160483422667481,0.114679716527462,0.12157907709479332,-0.05887118,0.04120738,0.1127991
0.4642857142857143,0.5,0.3333333333333333,0.42424242424242425,0.6153846153846154,0.5869565217391305,0.9936594367027283,0.9936575889587402,0.43997521655737326,0.43995384208102983,0.5391534819885604,0.4600818384623158,0.1249390414782933,0.1249390414782933,0.9098807275295258,0.0,0.0,0.0,0.2458844035863876,0.43441808223724365,0.4368937388062477,0.3565956652164459,0.3565956652164459,0.09750248491764069,0.46099900603294375,0.10219777375459671,0.6097371668316598,0.1104208379983902,0.11391920037567616,-0.04676737,0.03663037,0.09390385
0.4642857142857143,0.5,0.3333333333333333,0.42424242424242425,0.6153846153846154,0.5869565217391305,0.5896975994110107,0.5896204710006714,0.34274495172227093,0.34271945734552856,0.5593994418248164,0.4384857080583996,0.11227739708764213,0.11227739708764213,0.9292517229914665,0.0,0.0,0.0,0.25417275875806805,0.4442343898117542,0.44649914279580116,0.36799752712249756,0.36799752712249756,0.09499751776456833,0.4620009928941727,0.10049980878829956,0.6097566076489382,0.11726447194814682,0.10659802705049515,-0.03303582,0.04101498,0.081976
0.4642857142857143,0.5,0.3333333333333333,0.42424242424242425,0.6153846153846154,0.5869565217391305,0.07576820999383926,0.07476802915334702,0.46406322569509767,0.46404168311770055,0.5659647452899649,0.43069273695612453,0.09265978687575886,0.09265978687575886,0.939155662432313,0.0,0.0,0.0,0.2865787595510483,0.4534209594130516,0.4559064880013466,0.42239609360694885,0.42239609360694885,0.09090036153793335,0.46363985538482666,0.0,0.6976744186046512,0.13683442771434784,0.0878229271620512,-0.01376663,0.03883415,0.06961946
0.4642857142857143,0.5,0.3333333333333333,0.42424242424242425,0.6153846153846154,0.5869565217391305,0.024984410032629967,0.024419868364930153,0.46545261794248916,0.46543110670596644,0.5554565717795611,0.44091772572209637,0.08195307371871813,0.08195307371871813,0.940972214564681,0.0,0.0,0.0,0.30848046243190763,0.45261818915605545,0.45560118183493614,0.45703816413879395,0.45703816413879395,0.0,0.5,0.0,0.6976744186046512,0.13806115090847015,0.07278557401150465,0.00983731,0.02634452,0.0588761
0.4642857142857143,0.5,0.3333333333333333,0.42424242424242425,0.6153846153846154,0.5869565217391305,0.012577279470860958,0.012563424184918404,0.4680912517452787,0.46806979179382324,0.5485688333985455,0.44756205947580985,0.07535532649074282,0.07535532649074282,0.9420009572058916,0.0,0.0,0.0,0.32427503913640976,0.4516220912337303,0.45428550243377686,0.4773504137992859,0.4773504137992859,0.0,0.5,0.0,0.6976744186046512,0.1391797661781311,0.06860984954982996,0.01629861,0.01805196,0.01784543
0.4642857142857143,0.5,0.3333333333333333,0.42424242424242425,0.6153846153846154,0.5869565217391305,0.011116272769868374,0.011099664494395256,0.4675896097095701,0.467568124115581,0.5462534151843128,0.4498118100106552,0.07272024771996907,0.07272024771996907,0.9427144452929497,0.0,0.0,0.0,0.32487235963344574,0.45140527933835983,0.45389727503061295,0.47794127464294434,0.47794127464294434,0.0,0.5,0.0,0.6976744186046512,0.1389114260673523,0.06712394766509533,0.00140902,0.00812871,-0.01988142
0.4642857142857143,0.5,0.3333333333333333,0.42424242424242425,0.6153846153846154,0.5869565217391305,0.012553883716464043,0.012389622628688812,0.451104167314606,0.45108201216557287,0.5389972363329755,0.456962794641641,0.05739682487079076,0.05739682487079076,0.9492655247449875,0.0,0.0,0.0,0.10609118193387984,0.47921097092330456,0.47925038263201714,0.1579144150018692,0.1579144150018692,0.0,0.5,0.0,0.6976744186046512,0.05036631226539612,0.05163347348570824,-0.0225633621,7.42599295e-05,-0.0551529117
0.4642857142857143,0.5,0.3333333333333333,0.42424242424242425,0.6153846153846154,0.5869565217391305,0.011283554136753082,0.011139288544654846,0.4504919147856149,0.45046974254155936,0.5277460504672268,0.4680460219122889,0.04683154502085277,0.04683154502085277,0.9563741609454155,0.0,0.0,0.0,0.05881940834224224,0.4869968816637993,0.48697904497385025,0.0,-0.0,0.0,0.5,0.0,0.6976744186046512,0.033948373049497604,0.03892664099112153,-0.03931852,0.00155767,-0.08008649
0.4642857142857143,0.5,0.3333333333333333,0.42424242424242425,0.6153846153846154,0.5869565217391305,0.010060439817607403,0.009935852140188217,0.4468872754569263,0.4468649949443956,0.5170718059371124,0.4786916564978281,0.03720976146204131,0.03720976146204131,0.9626252073794603,0.0,0.0,0.0,0.04109578188508749,0.49091821257025003,0.4908808162435889,0.0,-0.0,0.0,0.5,0.0,0.6976744186046512,0.02581927552819252,0.019493623403832316,-0.05505617,-0.0013968,-0.11364608
0.4642857142857143,0.5,0.3333333333333333,0.42424242424242425,0.6153846153846154,0.5869565217391305,0.3426210582256317,0.34055233001708984,0.34134606603910544,0.34132087937276634,0.5016030358652768,0.4958788210706952,0.034831738365548,0.034831738365548,0.9616056866943836,0.0,0.0,0.0,0.03768853079527616,0.49216094706207514,0.49215866811573505,0.0,-0.0,0.0,0.5,0.0,0.6976744186046512,0.022730715572834015,0.006077309953980148,-0.10149667,-0.00844174,-0.15584329
0.4642857142857143,0.5,0.3333333333333333,0.42424242424242425,0.6153846153846154,0.5869565217391305,0.03579218313097954,0.03501934930682182,0.42515579236397094,0.42513309587256176,0.49682767811742384,0.49976641151184287,0.03141157728220736,0.03141157728220736,0.9651122465729713,0.0,0.0,0.0,0.02600592002272606,0.49318399792537093,0.4931908999569714,0.0,-0.0,0.0,0.5,0.0,0.6976744186046512,0.01966618373990059,0.000546483788639307,-0.14739446,-0.02237875,-0.19876209
0.4642857142857143,0.5,0.3333333333333333,0.42424242424242425,0.6153846153846154,0.5869565217391305,0.016669727861881256,0.01660006493330002,0.42578414840406487,0.42576142911929243,0.48739984021815924,0.5090165423794818,0.029079743794032508,0.029079743794032508,0.9675278980284929,0.0,0.0,0.0,0.022761175129562616,0.49385414691641927,0.49386444641277194,0.0,-0.0,0.0,0.5,0.0,0.6976744186046512,0.018034866079688072,0.0,-0.1584622,-0.02911624,-0.20711853
0.4642857142857143,0.5,0.3333333333333333,0.42424242424242425,0.6153846153846154,0.5869565217391305,0.01359722949564457,0.013495528139173985,0.4260416051397816,0.42601882317326034,0.4611060774349118,0.5351146013462699,0.02458590748054641,0.02458590748054641,0.9707497097551823,0.0,0.0,0.0,0.020262395031750202,0.4950869157910347,0.49512181570753455,0.0,-0.0,0.0,0.5,0.0,0.6976744186046512,0.01533845067024231,0.0,-0.16462896,-0.03652709,-0.22052591
0.4642857142857143,0.5,0.3333333333333333,0.42424242424242425,0.6153846153846154,0.5869565217391305,0.01579361967742443,0.015321053564548492,0.4229934486786676,0.42297041028681037,0.43600146150497815,0.5599586250284612,0.023122968684349744,0.023122968684349744,0.971213897690177,0.0,0.0,0.0,0.018998808320611713,0.49565004371106625,0.4956917087547481,0.0,-0.0,0.0,0.5,0.0,0.6976744186046512,0.014716561883687973,0.0,-0.16827059,-0.03439736,-0.23423453
0.4642857142857143,0.5,0.3333333333333333,0.42424242424242425,0.6153846153846154,0.5869565217391305,0.019599316641688347,0.018703291192650795,0.43736110841338993,0.43733845750870715,0.40507250306255277,0.5908495655656494,0.0218780358721103,0.0218780358721103,0.9716968946158886,0.0,0.0,0.0,0.017672456149011848,0.49612516909837723,0.4961715922690928,0.0,-0.0,0.03970949724316597,0.4841162011027336,0.0,0.6976744186046512,0.0143833477050066,0.0,-0.17077255,-0.03088189,-0.24065454
0.4642857142857143,0.5,0.3333333333333333,0.42424242424242425,0.6153846153846154,0.5869565217391305,0.0,0.0,0.46003896054984506,0.46001707892117033,0.36358322559305634,0.6328800913885898,0.023789766377636367,0.023789766377636367,0.9707125891000032,0.0,0.0,0.0,0.01977808391675353,0.49610211374238133,0.4961689841002226,0.0,-0.0,0.04834352806210518,0.48066258877515794,0.04515945538878441,0.6175522194352261,0.015803145244717598,0.0,-0.16990806,-0.01862685,-0.24899444
0.4642857142857143,0.5,0.3333333333333333,0.42424242424242425,0.6153846153846154,0.5869565217391305,0.0,0.0,0.49260132060338163,0.4925808421911291,0.331005093244476,0.6667249307071224,0.030597838174019544,0.030597838174019544,0.9674136992543936,0.0,0.0,0.0,0.028732350654900072,0.4956496567465365,0.4957345509901643,0.0,-0.0,0.0663670152425766,0.47345319390296936,0.06375940144062042,0.6156213616215905,0.019464749842882156,0.0,-0.17678267,0.01038722,-0.30474061
0.4642857142857143,0.5,0.3333333333333333,0.42424242424242425,0.6153846153846154,0.5869565217391305,0.0,0.0,0.5035736214789788,0.5035535622509214,0.32154690740669206,0.6764454909487341,0.03331049744571959,0.03331049744571959,0.9664542134851217,0.0,0.0,0.0,0.029288444668054577,0.4955136524513364,0.4956068964675069,0.0,-0.0,0.07035045325756073,0.4718598186969757,0.0677235797047615,0.6240761106790499,0.020522266626358032,0.0,-0.16671884,0.03460633,-0.27463257
0.4642857142857143,0.5,0.3333333333333333,0.42424242424242425,0.6153846153846154,0.5869565217391305,0.0,0.0,0.5217027620307346,0.5216833890965974,0.28986002974938707,0.7091151728406184,0.05343549219625337,0.05343549219625337,0.9554147347807884,0.0,0.0,0.0,0.04168987404555082,0.4944208478555083,0.494512896053493,0.0,-0.0,0.08808929473161697,0.4647642821073532,0.08734504878520966,0.6213948269223059,0.03076820820569992,0.0,-0.15532736,0.05816888,-0.21018617
0.4642857142857143,0.5,0.3333333333333333,0.42424242424242425,0.6153846153846154,0.5869565217391305,0.0,0.0,0.527560421317303,0.527541291987235,0.27551577879867406,0.7240263517175938,0.05821015951888902,0.05821015951888902,0.952767375856638,0.0,0.0,0.0,0.0417969137430191,0.49380461126565933,0.4939376022666693,0.0,-0.0,0.0936528667807579,0.46253885328769684,0.09322625398635864,0.6226364609807037,0.03244078531861305,0.0,-0.14679401,0.0929117,-0.1795606
0.4642857142857143,0.5,0.3333333333333333,0.42424242424242425,0.6153846153846154,0.5869565217391305,0.0,0.0,0.5366819662756035,0.5366632272818804,0.2581660861494892,0.7421531726884973,0.07609630801848004,0.07609630801848004,0.9439087752252817,0.0,0.0,0.0,0.04958391971886158,0.49276598170399666,0.4928703051991761,0.0,-0.0,0.11574621498584747,0.453701514005661,0.11926866322755814,0.6018820162429366,0.036361899226903915,0.0,-0.13987703,0.11135305,-0.16398418
0.4642857142857143,0.5,0.3333333333333333,0.42424242424242425,0.6153846153846154,0.5869565217391305,0.16815823316574097,0.1656247228384018,0.46038965923608377,0.4603685582800987,0.41863282757097176,0.5790299046741111,0.10188113365854537,0.10188113365854537,0.9390001147985458,0.0,0.0,0.0,0.07349499352276324,0.4913924941793084,0.4915001206099987,0.1126866564154625,-0.0,0.12026801705360413,0.45189279317855835,0.12382128089666367,0.5867135732672936,0.03977504000067711,0.0,-0.13243495,0.13364223,-0.14155249
0.4642857142857143,0.5,0.3333333333333333,0.42424242424242425,0.6153846153846154,0.5869565217391305,0.28584223985671997,0.2834339439868927,0.3546833859802888,0.3546608889308076,0.6855471963864211,0.3210021610191124,0.10613381862640381,0.10613381862640381,0.9305655546486378,0.0,0.0,0.0,0.0762050673365593,0.48720589466392994,0.4875690620392561,0.11587106436491013,0.11587106436491013,0.11544542759656906,0.45382182896137235,0.1211264431476593,0.5928559878537821,0.043145205825567245,0.0,-0.12814278,0.14286129,-0.11442439
0.4642857142857143,0.5,0.3333333333333333,0.42424242424242425,0.6153846153846154,0.5869565217391305,0.08024019747972488,0.07992647588253021,0.4099810253365774,0.4099610583504117,0.7703090470789951,0.24153820592581604,0.10631946580750602,0.10631946580750602,0.930577889084816,0.0,0.0,0.0,0.0679367184638977,0.4874797025695443,0.48766615986824036,0.10399167239665985,-0.0,0.11515006422996521,0.4539399743080139,0.12075217813253403,0.5932414358438447,0.043993666768074036,0.0,-0.12394117,0.17118327,-0.07877979
0.4642857142857143,0.5,0.3333333333333333,0.42424242424242425,0.6153846153846154,0.5869565217391305,0.02083301544189453,0.02059282921254635,0.41454576101175455,0.4145266601733906,0.8092555425363106,0.20553394617081094,0.10533715997423446,0.10533715997423446,0.9309446737170219,0.0,0.0,0.0,0.06640598624944687,0.48782085068523884,0.48798524122685194,0.10181951522827148,-0.0,0.11285068839788437,0.45485972464084623,0.11746541410684586,0.6035492690496667,0.04338111728429794,0.0,-0.11907636,0.17703706,-0.06311858
0.4642857142857143,0.5,0.3333333333333333,0.42424242424242425,0.6153846153846154,0.5869565217391305,0.0,0.0,0.4097499291254047,0.40973070862188393,0.8236422119359441,0.1918757982458662,0.1001916133931705,0.1001916133931705,0.9337211400270462,0.0,0.0,0.0,0.06392274610698223,0.488436714746058,0.48867426346987486,0.0,-0.0,0.10788141191005707,0.45684743523597715,0.11070004105567932,0.6023525983788247,0.041675467044115067,0.0,-0.09502753,0.18385699,-0.03084082
0.4642857142857143,0.5,0.3333333333333333,0.42424242424242425,0.6153846153846154,0.5869565217391305,0.0,0.0,0.4149122384036704,0.4148927728714952,0.8033672418466717,0.2103026596532902,0.09902321866580419,0.09902321866580419,0.9338664598762989,0.0,0.0,0.0,0.06437712796032428,0.488393004052341,0.4886197792366147,0.0,-0.0,0.1081537976861,0.45673848092556,0.11045633256435394,0.5883164010768713,0.04103076085448265,0.0,-0.09576581,0.18275732,-0.0202557
0.4642857142857143,0.5,0.3333333333333333,0.42424242424242425,0.6153846153846154,0.5869565217391305,0.0,0.0,0.42740412401195693,0.4273844476411721,0.7800001696920305,0.2312637555616941,0.08951755772743906,0.08951755772743906,0.9359300099313259,0.0,0.0,0.0,0.0637051124125719,0.4884195225313306,0.488810770213604,0.0,-0.0,0.10983524471521378,0.4560659021139145,0.11016058921813965,0.5966221315916195,0.038506340235471725,0.0,-0.09111138,0.16365741,0.000831
0.4642857142857143,0.5,0.3333333333333333,0.42424242424242425,0.6153846153846154,0.5869565217391305,0.0,0.0,0.423402914353584,0.423383272172844,0.7959299953672216,0.21645823531984548,0.08463018174682345,0.08463018174682345,0.937759704887867,0.0,0.0,0.0,0.06189239360392093,0.4885116470977664,0.48909294325858355,0.0,-0.0,0.1094813346862793,0.4562074661254883,0.10855472832918167,0.6030768883782764,0.03709674999117851,0.0,-0.08721202,0.14408034,0.02702283
0.4642857142857143,0.5,0.3333333333333333,0.42424242424242425,0.6153846153846154,0.5869565217391305,0.0,0.0,0.42133956794301136,0.4213197719070697,0.7925385708562731,0.21947739862296545,0.08157911843487195,0.08157911843487195,0.9383727852255106,0.0,0.0,0.0,0.06148076765239238,0.4884400274604559,0.48906466364860535,0.0,-0.0,0.10715293139219284,0.45713882744312284,0.10548645257949829,0.6050573046817336,0.03627403825521469,0.0,-0.08955936,0.08141601,0.09672219
0.4642857142857143,0.5,0.3333333333333333,0.42424242424242425,0.6153846153846154,0.5869565217391305,0.0,0.0,0.42587508252656253,0.42585447732622717,0.7599560963720027,0.2484136187956798,0.07569645664521626,0.07569645664521626,0.9397689886391163,0.0,0.0,0.0,0.05542207695543765,0.48845814261585474,0.48911477625370026,0.0,-0.0,0.1031651496887207,0.45873394012451174,0.10057669878005981,0.6139060213815335,0.03453812003135681,0.0,-0.08193115,0.04785141,0.10960387
0.4642857142857143,0.5,0.3333333333333333,0.42424242424242425,0.6153846153846154,0.5869565217391305,0.7990984320640564,0.7958212494850159,0.3241026132558089,0.32407722144920104,0.44802604327922113,0.5498823259181725,0.07500048992889269,0.07500048992889269,0.931278757750988,0.0,0.0,0.0,0.06780156381428241,0.4875971442088485,0.48810571152716875,0.10017797350883484,-0.0,0.103465236723423,0.4586139053106308,0.10025118291378021,0.6005066252031992,0.03481780365109444,0.0,-0.07475214,0.02596843,0.1149186
0.4642857142857143,0.5,0.3333333333333333,0.42424242424242425,0.6153846153846154,0.5869565217391305,0.2958873510360718,0.2945897877216339,0.40928265948140596,0.4092596324862303,0.45398725139023466,0.5425409283801607,0.07700595472540174,0.07700595472540174,0.9248158894479275,0.0,0.0,0.0,0.07269020415842532,0.4864450851455331,0.4867960624396801,0.10648234933614731,0.10648234933614731,0.10096331685781479,0.4596146732568741,0.09762851148843765,0.5990062931249308,0.036312513053417206,0.0,-0.07014998,-0.03521287,0.1117943
0.4642857142857143,0.5,0.3333333333333333,0.42424242424242425,0.6153846153846154,0.5869565217391305,0.029928261414170265,0.02932211570441723,0.47322643977050344,0.47320550976474246,0.465588779795922,0.5299943173314093,0.05731125761355673,0.05731125761355673,0.9495245795696974,0.0,0.0,0.0,0.04194418769329786,0.4895716495811939,0.4896528488025069,0.0,-0.0,0.07777513563632965,0.46888994574546816,0.07427863776683807,0.6195144060739252,0.03446175158023834,0.0,-0.06544907,-0.05646832,0.11049365
0.4642857142857143,0.5,0.3333333333333333,0.42424242424242425,0.6153846153846154,0.5869565217391305,0.013200721703469753,0.01317597646266222,0.47672341037434784,0.4767053793994692,0.474803541062211,0.5207591844967578,0.050744938531092236,0.050744938531092236,0.9536803625524044,0.0,0.0,0.0,0.03883528783917427,0.4912758534774184,0.4913639919832349,0.0,-0.0,0.06899434328079224,0.4724022626876831,0.06558392941951752,0.6272722226242686,0.032120950520038605,0.0,-0.07502869,-0.06584915,0.11975046
0.4642857142857143,0.5,0.3333333333333333,0.42424242424242425,0.6153846153846154,0.5869565217391305,0.012059705331921577,0.012047834694385529,0.47640171339361437,0.4763836667482985,0.4762599529203448,0.5192911409004646,0.049877494041408815,0.049877494041408815,0.9541739858686924,0.0,0.0,0.0,0.038538558594882484,0.4915014021098614,0.49158479180186987,0.0,-0.0,0.06798875331878662,0.47280449867248536,0.06459954380989075,0.6276340297488279,0.03177579492330551,0.0,-0.07711671,-0.07008591,0.12232246
0.4642857142857143,0.5,0.3333333333333333,0.42424242424242425,0.6153846153846154,0.5869565217391305,0.008516905829310417,0.008493389002978802,0.4710302849800591,0.47101194771936244,0.4817330240633474,0.51358648063981,0.045804365405014584,0.045804365405014584,0.9557595457881689,0.0,0.0,0.0,0.03793367315083742,0.4926541382446885,0.4926779051311314,0.0,-0.0,0.06208580732345581,0.4751656770706177,0.0,0.6976744186046512,0.030273372307419777,0.002241662878077477,-0.07178717,-0.07903279,0.11756232
0.4642857142857143,0.5,0.3333333333333333,0.42424242424242425,0.6153846153846154,0.5869565217391305,0.0,0.0,0.4708066564445058,0.4707882792954235,0.5022416841772956,0.49303383895083047,0.04349078317838056,0.04349078317838056,0.9562189280986786,0.0,0.0,0.0,0.037443023361265655,0.49303758749738336,0.49305978836491704,0.0,-0.0,0.0,0.5,0.0,0.6976744186046512,0.028856104239821434,0.005776107427664101,-0.07276885,-0.07860903,0.09861191
0.4642857142857143,0.5,0.3333333333333333,0.42424242424242425,0.6153846153846154,0.5869565217391305,0.0,0.0,0.4745915143485279,0.47457325686460244,0.5276485575544675,0.46781900001478877,0.039550592856747765,0.039550592856747765,0.9580232668668032,0.0,0.0,0.0,0.03532451223582029,0.49354336550459266,0.49359304271638393,0.0,-0.0,0.0,0.5,0.0,0.6976744186046512,0.026096269488334656,0.01106629497371614,-0.07666675,-0.08174468,0.09402246
0.4642857142857143,0.5,0.3333333333333333,0.42424242424242425,0.6153846153846154,0.5869565217391305,0.0,0.0,0.47129192429792355,0.4712735642438637,0.5406525274079799,0.4550517420873081,0.03490685751395566,0.03490685751395566,0.9612433109432459,0.0,0.0,0.0,0.031672442145645616,0.49418479576706886,0.4942776239477098,0.0,-0.0,0.0,0.5,0.0,0.6976744186046512,0.02259216271340847,0.011727350065484643,-0.07441035,-0.08025111,0.09718189
0.4642857142857143,0.5,0.3333333333333333,0.42424242424242425,0.6153846153846154,0.5869565217391305,0.0,0.0,0.4674402077612868,0.46742169385202526,0.5429273905307339,0.4527905492841349,0.031428384993757524,0.031428384993757524,0.9637152887880802,0.0,0.0,0.0,0.028837400674819946,0.4946885285899043,0.494789419695735,0.0,-0.0,0.0,0.5,0.0,0.6976744186046512,0.020178431645035744,0.009264881373383105,-0.07713462,-0.07423504,0.116289
0.4642857142857143,0.5,0.3333333333333333,0.42424242424242425,0.6153846153846154,0.5869565217391305,0.0,0.0,0.466237048687944,0.4662184834936153,0.5417250491692961,0.4539631082673779,0.030498125457337925,0.030498125457337925,0.9643908031284809,0.0,0.0,0.0,0.02791859861463308,0.4948640498332679,0.4949598405510187,0.0,-0.0,0.0,0.5,0.0,0.6976744186046512,0.01956995204091072,0.00794411520473659,-0.07503476,-0.07262145,0.13231403
0.4642857142857143,0.5,0.3333333333333333,0.42424242424242425,0.6153846153846154,0.5869565217391305,0.0,0.0,0.46706731403762936,0.46704880012836786,0.5256831143371917,0.469866146042465,0.028173638773815974,0.028173638773815974,0.9663147572427988,0.0,0.0,0.0,0.026756007596850394,0.49519409565255046,0.4952867776155472,0.0,-0.0,0.0,0.5,0.0,0.6976744186046512,0.018772581592202187,0.004641378181986511,-0.05874925,-0.06715573,0.18280686
0.4642857142857143,0.5,0.3333333333333333,0.42424242424242425,0.6153846153846154,0.5869565217391305,0.23883914947509766,0.23807242512702942,0.40323155149675005,0.40321087791632515,0.5255046280574616,0.4708157574418803,0.029547779953905517,0.029547779953905517,0.9643965791910887,0.0,0.0,0.0,0.042221374809741974,0.494862059596926,0.49496648646891117,0.0,-0.0,0.0,0.5,0.0,0.6976744186046512,0.02000996470451355,0.0033976294798776507,-0.04031214,-0.06171454,0.2417485
0.4642857142857143,0.5,0.3333333333333333,0.42424242424242425,0.6153846153846154,0.5869565217391305,0.18729737401008606,0.1864224076271057,0.41356728751618366,0.4135469957245923,0.5304734872130545,0.46593310563509094,0.041304213394011774,0.041304213394011774,0.9479441791772842,0.0,0.0,0.0,0.06651108711957932,0.48963404074311256,0.4903382556512952,0.1003476083278656,-0.0,0.0,0.5,0.0,0.6976744186046512,0.026120753958821297,0.005300643388181925,-0.02817633,-0.06339273,0.27284685
0.4642857142857143,0.5,0.3333333333333333,0.42424242424242425,0.6153846153846154,0.5869565217391305,0.02015419863164425,0.01993495598435402,0.4711655094564303,0.47114720923494885,0.5130037504673916,0.48255975861343736,0.03932332486978599,0.03932332486978599,0.9565775506198406,0.0,0.0,0.0,0.03923611398786306,0.49123512115329504,0.4917269079014659,0.0,-0.0,0.0,0.5,0.0,0.6976744186046512,0.025485843420028687,0.0052266864804551005,-0.02817954,-0.0629917,0.31321397
0.4642857142857143,0.5,0.3333333333333333,0.42424242424242425,0.6153846153846154,0.5869565217391305,0.0,0.0,0.47544054433446997,0.47542240651570133,0.5046164409950176,0.490878646683232,0.03670805000833103,0.03670805000833103,0.9601546507328749,0.0,0.0,0.0,0.03644826803356409,0.4924630359746516,0.4928270950913429,0.0,-0.0,0.06995518505573273,0.4720179259777069,0.0,0.6976744186046512,0.02394688129425049,0.003957204753533006,-0.02994974,-0.07333837,0.33149487
0.4642857142857143,0.5,0.3333333333333333,0.42424242424242425,0.6153846153846154,0.5869565217391305,0.0,0.0,0.5155389323175296,0.5155225367664606,0.5125676521721579,0.48349577947004296,0.03615829162299633,0.03615829162299633,0.9634348154067993,0.0,0.0,0.0,0.0350481778383255,0.49350654426962137,0.49378493428230286,0.0,-0.0,0.06564630568027496,0.47374147772789,0.0,0.6976744186046512,0.023355981335043907,0.004334489349275827,-0.03250589,-0.07414723,0.33914807
0.4642857142857143,0.5,0.3333333333333333,0.42424242424242425,0.6153846153846154,0.5869565217391305,0.0,0.0,0.5322237411375027,0.532208079247812,0.5268868916805114,0.46954735236636946,0.03772999293037824,0.03772999293037824,0.9651679042726755,0.0,0.0,0.0,0.03530396353453397,0.4940234050154686,0.49431233294308186,0.0,-0.0,0.06516042351722717,0.4739358305931091,0.0,0.6976744186046512,0.024188343435525894,0.004286749754101038,-0.04163833,-0.0656757,0.37584868
0.4642857142857143,0.5,0.3333333333333333,0.42424242424242425,0.6153846153846154,0.5869565217391305,0.0,0.0,0.5261587804863603,0.5261428393779704,0.5342007747799671,0.46219216769279026,0.03848192148974964,0.03848192148974964,0.967030718922615,0.0,0.0,0.0,0.03506258800625801,0.49457995826378465,0.49490031879395247,0.0,-0.0,0.06346413493156433,0.4746143460273743,0.0,0.6976744186046512,0.024881182238459587,0.003047856444027275,-0.0380657,-0.06362677,0.38448769
0.4642857142857143,0.5,0.3333333333333333,0.42424242424242425,0.6153846153846154,0.5869565217391305,0.0,0.0,0.5263304316063,0.5263146301072597,0.5613488841011237,0.43595260182889833,0.04037690082831043,0.04037690082831043,0.9678359981626272,0.0,0.0,0.0,0.037747749127447605,0.49470497388392687,0.4951090179383755,0.0,-0.0,0.0,0.5,0.0,0.6976744186046512,0.02553706243634224,0.005246835062280297,-0.04049561,-0.06110747,0.4018299
0.4642857142857143,0.5,0.3333333333333333,0.42424242424242425,0.6153846153846154,0.5869565217391305,0.0,0.0,0.4989291154432251,0.49891221923949497,0.5413553009297606,0.45558991618589,0.04224022717348167,0.04224022717348167,0.967594476416707,0.0,0.0,0.0,0.03839375153183937,0.4946058844216168,0.49507433269172907,0.0,-0.0,0.06486968696117401,0.4740521252155304,0.0,0.6976744186046512,0.025303324684500694,0.008024800918065012,-0.04161769,-0.06014881,0.4041605
0.4642857142857143,0.5,0.3333333333333333,0.42424242424242425,0.6153846153846154,0.5869565217391305,0.16625089943408966,0.1655365228652954,0.41162120726094875,0.41160264776496086,0.27384299666658185,0.7310956107448159,0.0678907281586102,0.0678907281586102,0.9512761272490025,0.0,0.0,0.0,0.07446056865155697,0.4891412751749158,0.48986596893519163,0.1092580184340477,0.1092580184340477,0.0,0.5,0.0,0.6976744186046512,0.03556344285607338,0.01537700998596847,-0.04125367,-0.0607169,0.40008798
0.4642857142857143,0.5,0.3333333333333333,0.42424242424242425,0.6153846153846154,0.5869565217391305,0.02087826281785965,0.02079709805548191,0.4559471700661041,0.455929961076886,0.2670009304870839,0.7377195900251893,0.06774416459458216,0.06774416459458216,0.9511305466294289,0.0,0.0,0.0,0.054664356634020805,0.48939582146704197,0.49002889823168516,0.0,-0.0,0.0,0.5,0.0,0.6976744186046512,0.03607126697897911,0.020113757345825434,-0.03873156,-0.06372544,0.39052272
0.4642857142857143,0.5,0.3333333333333333,0.42424242424242425,0.6153846153846154,0.5869565217391305,0.0,0.0,0.47012241107783853,0.47010561236915804,0.27580005762453974,0.7282863971101572,0.06634556023137911,0.06634556023137911,0.9500522259622812,0.0,0.0,0.0,0.04837936423718929,0.4904954880475998,0.49106947984546423,0.0,-0.0,0.0,0.5,0.0,0.6976744186046512,0.03627712279558182,0.021863635629415512,-0.03979062,-0.06219171,0.38618478
0.4642857142857143,0.5,0.3333333333333333,0.42424242424242425,0.6153846153846154,0.5869565217391305,0.0,0.0,0.47186478419695943,0.4718479740915973,0.2846636899798596,0.7188854682007387,0.06643281717385564,0.06643281717385564,0.9495097771286964,0.0,0.0,0.0,0.04828175790607929,0.4907037215307355,0.4912720676511526,0.0,-0.0,0.0,0.5,0.0,0.6976744186046512,0.036699872463941574,0.02407822757959366,-0.05571779,-0.05185223,0.3600938
0.4642857142857143,0.5,0.3333333333333333,0.42424242424242425,0.6153846153846154,0.5869565217391305,0.0,0.0,0.4732633564713808,0.47324659195274515,0.2861020651647739,0.7173608087394201,0.06584632609571729,0.06584632609571729,0.9497284013777971,0.0,0.0,0.0,0.04629581980407238,0.4912332212552428,0.4917822517454624,0.0,-0.0,0.0,0.5,0.0,0.6976744186046512,0.03673699498176575,0.02207194920629263,-0.05849473,-0.05402233,0.35089341
0.4642857142857143,0.5,0.3333333333333333,0.42424242424242425,0.6153846153846154,0.5869565217391305,0.0,0.0,0.4716662226625884,0.4716493840655223,0.29067828869500534,0.7125723106176808,0.06681711546012334,0.06681711546012334,0.9487199932336807,0.0,0.0,0.0,0.04601091258227825,0.49144669994711876,0.49203955568373203,0.0,-0.0,0.0,0.5,0.0,0.6976744186046512,0.03738004341721535,0.022129854187369347,-0.05962064,-0.0549975,0.34527642
0.4642857142857143,0.5,0.3333333333333333,0.42424242424242425,0.6153846153846154,0.5869565217391305,0.0,0.0,0.4557105293693324,0.45569349133033826,0.2486660630935465,0.757312696654249,0.06961300436939512,0.06961300436939512,0.9466037340462208,0.0,0.0,0.0,0.053259884193539615,0.4908986585214734,0.4915529526770115,0.0,-0.0,0.0,0.5,0.0,0.6976744186046512,0.039026834070682526,0.025365266483277082,-0.07280075,-0.05372322,0.30423769
0.4642857142857143,0.5,0.3333333333333333,0.42424242424242425,0.6153846153846154,0.5869565217391305,0.0,0.0,0.4588862346417589,0.45886932196626246,0.25870610651049053,0.7468797412424146,0.07812419906258583,0.07812419906258583,0.9359991904348135,0.0,0.0,0.0,0.05936618372797966,0.4897548360750079,0.4906034404411912,0.0,-0.0,0.0,0.5,0.0,0.6976744186046512,0.04171653464436531,0.02790829399600625,-0.09256786,-0.04979019,0.22883788
0.4642857142857143,0.5,0.3333333333333333,0.42424242424242425,0.6153846153846154,0.5869565217391305,0.0,0.0,0.4657579863276582,0.4657410821996729,0.28550690765818487,0.7184055995252296,0.08007285318204335,0.08007285318204335,0.9333940409123898,0.0,0.0,0.0,0.05814037807285785,0.48966399021446705,0.49057918321341276,0.0,-0.0,0.0,0.5,0.0,0.6976744186046512,0.04181357100605965,0.02492576837539673,-0.08709578,-0.05147118,0.19075286
0.4642857142857143,0.5,0.3333333333333333,0.42424242424242425,0.6153846153846154,0.5869565217391305,0.0,0.0,0.46805159129330576,0.4680346985620021,0.29221923401433236,0.7112535663995364,0.07987471829567637,0.07987471829567637,0.9336408860981464,0.0,0.0,0.0,0.055051431059837334,0.4900001138448715,0.4909099992364645,0.0,-0.0,0.0,0.5,0.0,0.6976744186046512,0.04199325665831566,0.018660796340554953,-0.08683287,-0.05127566,0.16973782
0.4642857142857143,0.5,0.3333333333333333,0.42424242424242425,0.6153846153846154,0.5869565217391305,0.0,0.0,0.46487541875693356,0.46485845194719944,0.28822433241922585,0.7155015882930104,0.08015338863645281,0.08015338863645281,0.9334232285618782,0.0,0.0,0.0,0.054365234822034834,0.490042794495821,0.4909608568996191,0.0,-0.0,0.0,0.5,0.0,0.6976744186046512,0.042116679251194,0.016838274896144867,-0.08752615,-0.0520042,0.16311248
0.4642857142857143,0.5,0.3333333333333333,0.42424242424242425,0.6153846153846154,0.5869565217391305,0.0,0.0,0.465443272663576,0.4654264597090435,0.28255655751857434,0.7214564228098383,0.08072329951184137,0.08072329951184137,0.9331093803048134,0.0,0.0,0.0,0.0545672170817852,0.48997237626463175,0.49093191139400005,0.0,-0.0,0.0,0.5,0.0,0.6976744186046512,0.04243335872888565,0.015931962989270687,-0.09064901,-0.05118679,0.1593492
0.4642857142857143,0.5,0.3333333333333333,0.42424242424242425,0.6153846153846154,0.5869565217391305,0.0,0.0,0.46568585957897324,0.4656691007586784,0.27297472908209663,0.7315461329652013,0.07975232654384205,0.07975232654384205,0.9340532962232828,0.0,0.0,0.0,0.0535042155534029,0.4901807773858309,0.4911471949890256,0.0,-0.0,0.0,0.5,0.0,0.6976744186046512,0.042718447744846344,0.01351631130091846,-0.09671347,-0.05057902,0.15553603
0.4642857142857143,0.5,0.3333333333333333,0.42424242424242425,0.6153846153846154,0.5869565217391305,0.0,0.0,0.4641199441302575,0.4641031767624514,0.26600260397216335,0.738917575005085,0.07990415607179915,0.07990415607179915,0.9340295009315014,0.0,0.0,0.0,0.05371033623814583,0.49017987586557865,0.4911625599488616,0.0,-0.0,0.0,0.5,0.0,0.6976744186046512,0.04297560080885887,0.01351751503534615,-0.10562487,-0.04651832,0.14443682
0.4642857142857143,0.5,0.3333333333333333,0.42424242424242425,0.6153846153846154,0.5869565217391305,0.0,0.0,0.4659170013768723,0.46590038501509745,0.2568423159947587,0.7486645299612855,0.08274040850145477,0.08274040850145477,0.9330758713185787,0.0,0.0,0.0,0.05605676062405109,0.48977695032954216,0.49083931371569633,0.0,-0.0,0.0,0.5,0.0,0.6976744186046512,0.04380755126476288,0.017351792193949223,-0.11127451,-0.04528141,0.12636767
0.4642857142857143,0.5,0.3333333333333333,0.42424242424242425,0.6153846153846154,0.5869565217391305,0.0,0.0,0.4685034868138242,0.4684869416813094,0.2510309656992925,0.7546670026072074,0.08321170828172139,0.08321170828172139,0.9340396653860807,0.0,0.0,0.0,0.0578935120254755,0.48965717758983374,0.4907109420746565,0.0,-0.0,0.0,0.5,0.0,0.6976744186046512,0.04541289061307907,0.020853127352893353,-0.11180204,-0.04278848,0.1136348
0.4642857142857143,0.5,0.3333333333333333,0.42424242424242425,0.6153846153846154,0.5869565217391305,0.0,0.0,0.4706690244191463,0.4706525163258467,0.25167239373318323,0.7538914812175945,0.08340567882571902,0.08340567882571902,0.9350119084119797,0.0,0.0,0.0,0.05955936759710311,0.4894332978874445,0.490474347025156,0.0,-0.0,0.0,0.5,0.0,0.6976744186046512,0.04617765173316002,0.025200829841196537,-0.11777895,-0.04170833,0.09140836
0.4642857142857143,0.5,0.3333333333333333,0.42424242424242425,0.6153846153846154,0.5869565217391305,0.058516182005405426,0.05777125805616379,0.4530379704945858,0.4530193768085531,0.4993358399936249,0.4971006707018643,0.07969755679368973,0.07969755679368973,0.9397909455001354,0.0,0.0,0.0,0.05745054148137569,0.4895406337454915,0.49052637815475464,0.0,-0.0,0.0,0.5,0.0,0.6976744186046512,0.044430479407310486,0.032522904220968485,-0.11205604,-0.0367876,0.07122396
0.4642857142857143,0.5,0.3333333333333333,0.42424242424242425,0.6153846153846154,0.5869565217391305,0.8674044609069824,0.8671944737434387,0.33724706715425157,0.33722484362512883,0.5869285422119083,0.4120992332703246,0.07838460749813489,0.07838460749813489,0.9387010801583529,0.0,0.0,0.0,0.0827696707099676,0.4874264048412442,0.48863673117011786,0.12244996428489685,0.12244996428489685,0.0,0.5,0.0,0.6976744186046512,0.04329090565443039,0.043548657558858395,-0.10796053,-0.0371135,0.06084422
0.4642857142857143,0.5,0.3333333333333333,0.42424242424242425,0.6153846153846154,0.5869565217391305,0.19846457242965698,0.1981407105922699,0.4124160802159209,0.4123958226143744,0.5840275738936765,0.41310920719384187,0.06879171622650965,0.06879171622650965,0.9375478085130453,0.0,0.0,0.0,0.0806388434022665,0.48612202424556017,0.48730093240737915,0.12005454301834106,0.12005454301834106,0.0,0.5,0.0,0.6976744186046512,0.040021900087594986,0.04568394273519516,-0.10740895,-0.03659462,0.05438864
0.4642857142857143,0.5,0.3333333333333333,0.42424242424242425,0.6153846153846154,0.5869565217391305,0.1350802630186081,0.1344521939754486,0.43056978026038145,0.4305500298111662,0.5664099053716568,0.42991642919548106,0.053574118231024065,0.053574118231024065,0.9421365782618523,0.0,0.0,0.0,0.06527533568441868,0.4872170574963093,0.48815151024609804,0.0,-0.0,0.10120481997728348,0.4595180720090866,0.0,0.6976744186046512,0.03645910695195198,0.042308191768825054,-0.11156541,-0.03165938,0.04085173
0.4642857142857143,0.5,0.3333333333333333,0.42424242424242425,0.6153846153846154,0.5869565217391305,0.11253507435321808,0.11171487718820572,0.43480244512539745,0.4347828314363614,0.555705617764256,0.44036216028739067,0.04830353760293552,0.04830353760293552,0.9455619845539331,0.0,0.0,0.0,0.06284425221383572,0.4881858052685857,0.4889406654983759,0.0,-0.0,0.09729129821062088,0.46108348071575167,0.0,0.6976744186046512,0.03354547172784805,0.037307965103536844,-0.12455513,-0.02260874,0.02375042
0.4642857142857143,0.5,0.3333333333333333,0.42424242424242425,0.6153846153846154,0.5869565217391305,0.1449664831161499,0.1442766934633255,0.4132489895957378,0.41322856104396727,0.5430236155626651,0.4527721208499854,0.04629473867160934,0.04629473867160934,0.9456758629530668,0.0,0.0,0.0,0.06291314773261547,0.4883498251438141,0.4890192626044154,0.0,-0.0,0.09511197358369827,0.46195521056652067,0.08960467576980591,0.6243116772452066,0.032637108117341995,0.03549093380570412,-0.12454525,0.01355235,-0.12638193
0.4642857142857143,0.5,0.3333333333333333,0.42424242424242425,0.6153846153846154,0.5869565217391305,0.144942045211792,0.1442214846611023,0.41369727236818854,0.4136768381180772,0.5397850604403771,0.4559338110532127,0.046207789065582414,0.046207789065582414,0.9439737536013126,0.0,0.0,0.0,0.05921656936407089,0.4880967326462269,0.48871887382119894,0.0,-0.0,0.09466780722141266,0.4621328771114349,0.08928113430738449,0.6227548836275589,0.0324709489941597,0.03557229181751609,-0.11832979,0.02143849,-0.15145372
0.4642857142857143,0.5,0.3333333333333333,0.42424242424242425,0.6153846153846154,0.5869565217391305,0.13924206793308258,0.13851726055145264,0.4153154473003876,0.4152950130502763,0.5263437172878769,0.46901891673221596,0.04560063460043499,0.04560063460043499,0.9429439026862383,0.0,0.0,0.0,0.05537555553019046,0.4883167427033186,0.48889041040092707,0.0,-0.0,0.0919785127043724,0.46320859491825106,0.08664187788963318,0.6235892585543699,0.032014984637498856,0.03553259884938598,-0.11786549,0.02315375,-0.16423579
0.4642857142857143,0.5,0.3333333333333333,0.42424242424242425,0.6153846153846154,0.5869565217391305,0.13637059926986694,0.1356310397386551,0.41482194819368323,0.4148015196419127,0.5131756366438893,0.48209134360293765,0.04521636425384454,0.04521636425384454,0.9418117441236973,0.0,0.0,0.0,0.053234678134322165,0.4884590916335583,0.48896132595837116,0.0,-0.0,0.09016700088977814,0.46393319964408875,0.08475101739168167,0.623094879610594,0.031892649829387665,0.03382550785318017,-0.11584881,0.02029465,-0.16702622
0.4642857142857143,0.5,0.3333333333333333,0.42424242424242425,0.6153846153846154,0.5869565217391305,0.13651511073112488,0.1357279121875763,0.4143289619376509,0.41430853908422116,0.5084351890686594,0.4868677555438387,0.04497123616082328,0.04497123616082328,0.9414371661841869,0.0,0.0,0.0,0.05202827639877796,0.48848290275782347,0.4889546502381563,0.0,-0.0,0.08972782641649246,0.464108869433403,0.08426833152770996,0.6224881961595181,0.0316067598760128,0.03144069109112024,-0.11377235,0.01764218,-0.17594717
0.4642857142857143,0.5,0.3333333333333333,0.42424242424242425,0.6153846153846154,0.5869565217391305,0.1378978043794632,0.1370401680469513,0.4151153329681484,0.41509493290808186,0.4985084316940768,0.4967343300701277,0.04512482854936804,0.04512482854936804,0.9405240993946791,0.0,0.0,0.0,0.050775136798620224,0.48838381189852953,0.4888061247766018,0.0,-0.0,0.08935631066560745,0.46425747573375703,0.08405588567256927,0.621410244426062,0.03185441717505455,0.028256599325686693,-0.11653121,0.01756949,-0.17854898
0.4642857142857143,0.5,0.3333333333333333,0.42424242424242425,0.6153846153846154,0.5869565217391305,0.13832363486289978,0.13745729625225067,0.41443417040385433,0.4144137760421286,0.4866043603898918,0.508685434588916,0.04333634727767536,0.04333634727767536,0.9421026408672333,0.0,0.0,0.0,0.04794027395546436,0.4889860851690173,0.48931044433265924,0.0,-0.0,0.08238326758146286,0.46704669296741486,0.0777478814125061,0.6223828570787296,0.03201627731323242,0.025508194230496883,-0.11093825,0.01805893,-0.18046308
0.4642857142857143,0.5,0.3333333333333333,0.42424242424242425,0.6153846153846154,0.5869565217391305,0.14819779992103577,0.1471780389547348,0.41219699040881536,0.4121765789520672,0.478379311171818,0.5170561547666339,0.04354656274829592,0.04354656274829592,0.9422957375645638,0.0,0.0,0.0,0.047030738368630406,0.48927637096494436,0.4895298220217228,0.0,-0.0,0.07661527395248413,0.4693538904190063,0.0723424032330513,0.6211787375599839,0.03248745948076248,0.02261359477415681,-0.10906599,0.0248799,-0.17612745
0.4642857142857143,0.5,0.3333333333333333,0.42424242424242425,0.6153846153846154,0.5869565217391305,0.1512611359357834,0.1502247005701065,0.41161473394579917,0.41159430539402864,0.47620261621520804,0.5192659029490583,0.043892172564353266,0.043892172564353266,0.9423935748636723,0.0,0.0,0.0,0.0469240415841341,0.4893919927999377,0.48963227681815624,0.0,-0.0,0.07402654737234116,0.47038938105106354,0.06989435851573944,0.6212909277095351,0.03297514095902443,0.021716267801821232,-0.10309458,0.02201331,-0.15089369
0.4642857142857143,0.5,0.3333333333333333,0.42424242424242425,0.6153846153846154,0.5869565217391305,0.9017342925071716,0.9011887907981873,0.35053858383207886,0.35051522063479595,0.46308836494759437,0.5346222760977704,0.0613224320113659,0.0613224320113659,0.9251029044389725,0.0,0.0,0.0,0.06618985459208487,0.4869774542748928,0.48782364651560783,0.0,-0.0,0.07421862334012985,0.47031255066394806,0.07046184688806534,0.6168900828721912,0.03646663948893547,0.016770142829045653,-0.09775438,0.01862967,-0.12980264
0.4642857142857143,0.5,0.3333333333333333,0.42424242424242425,0.6153846153846154,0.5869565217391305,0.32593193650245667,0.3239094913005829,0.3661823072123482,0.36616101821111674,0.7062940232840369,0.3000425694726799,0.07801626675895283,0.07801626675895283,0.9308306016027927,0.0,0.0,0.0,0.06655218973755836,0.48591348342597485,0.4867819854989648,0.0,-0.0,0.0769442543387413,0.46922229826450346,0.07449311763048172,0.6168944180704827,0.03990216925740242,0.0025204330449923873,-0.08670738,0.01157387,-0.09012313
0.4642857142857143,0.5,0.3333333333333333,0.42424242424242425,0.6153846153846154,0.5869565217391305,0.07754284888505936,0.07651662081480026,0.4194757318405531,0.4194567620640275,0.7530773556711112,0.2563842527674393,0.08442557815994536,0.08442557815994536,0.9346552640199661,0.0,0.0,0.0,0.07054442167282104,0.48632992431521416,0.48691712878644466,0.10692410171031952,-0.0,0.07857924699783325,0.4685683012008667,0.07683635503053665,0.6074291779551395,0.043527841567993164,0.0,-0.08303642,0.01064585,-0.0764981
0.4642857142857143,0.5,0.3333333333333333,0.42424242424242425,0.6153846153846154,0.5869565217391305,0.05218138545751572,0.05077004060149193,0.4245418018410356,0.42452293463464447,0.7458926824493116,0.26312652960283534,0.08651521589074816,0.08651521589074816,0.9345727190375328,0.0,0.0,0.0,0.07156596854329109,0.4865831062197685,0.48704912699759007,0.10847301036119461,-0.0,0.0802282840013504,0.4679086863994598,0.07892856001853943,0.6080824206041735,0.045059531927108765,0.0,-0.08118346,0.0113151,-0.06158236
0.4642857142857143,0.5,0.3333333333333333,0.42424242424242425,0.6153846153846154,0.5869565217391305,0.03138785436749458,0.03060229681432247,0.42303212901602283,0.4230133529830845,0.7580803849273157,0.25182820136364237,0.08435179080281939,0.08435179080281939,0.9360268115997314,0.0,0.0,0.0,0.0704803843051195,0.48736147955060005,0.4877814771607518,0.10709568858146667,-0.0,0.08062782138586044,0.4677488714456558,0.07962509989738464,0.6161050273235454,0.046555403620004654,0.0,-0.07912945,0.00979956,-0.0490774
0.4642857142857143,0.5,0.3333333333333333,0.42424242424242425,0.6153846153846154,0.5869565217391305,0.030202923342585564,0.029515402391552925,0.42175485732222606,0.42173607559094695,0.760243497888627,0.2498195134380301,0.08446634614041874,0.08446634614041874,0.9359553791582584,0.0,0.0,0.0,0.07048355787992477,0.48735589254647493,0.4877776922658086,0.10710105299949646,-0.0,0.08067171275615692,0.4677313148975372,0.07969578355550766,0.6160753410915996,0.046652134507894516,0.0,-0.09848384,0.00604348,-0.00647893
0.4642857142857143,0.5,0.3333333333333333,0.42424242424242425,0.6153846153846154,0.5869565217391305,0.023919127881526947,0.023443587124347687,0.4195033516984141,0.41948453007874936,0.7648016690752019,0.24563624748941537,0.08418631074684008,0.08418631074684008,0.9363163411617279,0.0,0.0,0.0,0.06905748583376407,0.48777470272034407,0.48825068213045597,0.10508662462234497,-0.0,0.08037135750055313,0.46785145699977876,0.0795803889632225,0.6194398864064106,0.04738404601812363,0.0,-0.08377572,0.01092014,0.00752405
0.4642857142857143,0.5,0.3333333333333333,0.42424242424242425,0.6153846153846154,0.5869565217391305,0.020343028008937836,0.019927171990275383,0.413626578752215,0.41360773433918707,0.775790645789006,0.23554656012741554,0.08390212431550026,0.08390212431550026,0.9369502197951078,0.0,0.0,0.0,0.06668165437877177,0.4882401553913951,0.48874032124876976,0.10160314291715622,-0.0,0.07764537632465363,0.46894184947013856,0.07715632021427155,0.6260537356138229,0.04775432497262955,0.0,-0.06674211,0.00911029,0.03928092
0.4642857142857143,0.5,0.3333333333333333,0.42424242424242425,0.6153846153846154,0.5869565217391305,0.06757554411888123,0.06648986041545868,0.411592407846542,0.411573335499882,0.7631908165109318,0.24718439551151455,0.08247424183147295,0.08247424183147295,0.9378615282475948,0.0,0.0,0.0,0.06454809419810771,0.48870211374014616,0.48922968469560146,0.0,-0.0,0.07671402394771576,0.4693143904209137,0.0,0.6976744186046512,0.047927889972925186,0.0,-0.06050584,0.00917815,0.04889062
0.4642857142857143,0.5,0.3333333333333333,0.42424242424242425,0.6153846153846154,0.5869565217391305,0.8823918104171753,0.878767728805542,0.35472842566597756,0.3547140088637518,0.4145878489569086,0.5845671790229152,0.0843383904014315,0.0843383904014315,0.9288587085902691,0.0,0.0,0.0,0.09099797829985617,0.48612668458372355,0.48678912315517664,0.13406048715114594,0.13406048715114594,0.07783934473991394,0.4688642621040344,0.0781153216958046,0.621614009141922,0.050347950309515,0.0,-0.05203264,0.00881729,0.08430105
0.4642857142857143,0.5,0.3333333333333333,0.42424242424242425,0.6153846153846154,0.5869565217391305,0.11797527968883514,0.1164773553609848,0.4444649734642948,0.44445365655946456,0.4863735961070708,0.5112470353715912,0.0783479932163443,0.0783479932163443,0.936893867328763,0.0,0.0,0.0,0.06086346693336963,0.4864542940631509,0.4868625355884433,0.0,-0.0,0.07599744200706482,0.46960102319717406,0.07537764310836792,0.6253940681385439,0.051489535719156265,0.0,-0.04967851,0.00982376,0.09581406
0.4642857142857143,0.5,0.3333333333333333,0.42424242424242425,0.6153846153846154,0.5869565217391305,0.06967473775148392,0.06824160367250443,0.4503815208292828,0.4503704375564254,0.5007735944600565,0.4968534139961809,0.06400446806635175,0.06400446806635175,0.945521354675293,0.0,0.0,0.0,0.045283406414091586,0.48824864625930786,0.48848237842321396,0.0,-0.0,0.06789878755807877,0.4728404849767685,0.0,0.6976744186046512,0.04555666074156761,0.0,-0.05008809,0.00862995,0.103013
0.4642857142857143,0.5,0.3333333333333333,0.42424242424242425,0.6153846153846154,0.5869565217391305,0.0398128479719162,0.038313183933496475,0.45625730226418254,0.45624647256749085,0.5288265556040047,0.4692080218700282,0.053256244531699595,0.053256244531699595,0.9524433147162199,0.0,0.0,0.0,0.03515182882547378,0.4908348796889186,0.4910536864772439,0.0,-0.0,0.055630553513765335,0.47774777859449385,0.0,0.6976744186046512,0.03884803131222725,0.0,-0.05194716,0.00811167,0.10393793
0.4642857142857143,0.5,0.3333333333333333,0.42424242424242425,0.6153846153846154,0.5869565217391305,0.12988007068634033,0.12753702700138092,0.43509712912156523,0.4350854475229238,0.5309403950124124,0.46687131465456405,0.05185409315994808,0.05185409315994808,0.9535635132342577,0.0,0.0,0.0,0.035463371127843854,0.49155057966709137,0.49179766699671745,0.0,-0.0,0.05200837925076485,0.47919664829969405,0.0,0.6976744186046512,0.03742823749780655,0.0,-0.05725735,0.00132814,0.11424576
0.4642857142857143,0.5,0.3333333333333333,0.42424242424242425,0.6153846153846154,0.5869565217391305,0.9613990783691406,0.960459291934967,0.38440090566018803,0.3843874689725799,0.43440293445185996,0.5640481112456408,0.06795220077037811,0.06795220077037811,0.9267503470182419,0.0,0.0,0.0,0.061533359810709946,0.48636058159172535,0.48712806310504675,0.0,-0.0,0.0,0.5,0.0,0.6976744186046512,0.03824861720204353,0.0,-0.06088349,0.00021834,0.12075857
0.4642857142857143,0.5,0.3333333333333333,0.42424242424242425,0.6153846153846154,0.5869565217391305,0.8682184219360352,0.8678871989250183,0.34500026383773774,0.3449852772014319,0.4475821539275277,0.5505154390043961,0.0821094454399177,0.0821094454399177,0.9152475968003273,0.0,0.0,0.0,0.06294586658477783,0.48231773637235165,0.48301186971366405,0.0,-0.0,0.0,0.5,0.0,0.6976744186046512,0.03801427036523819,0.0,-0.05384068,-0.00895917,0.15383223
0.4642857142857143,0.5,0.3333333333333333,0.42424242424242425,0.6153846153846154,0.5869565217391305,0.18660840392112732,0.18544314801692963,0.40814687189134996,0.40813384548427956,0.4609197131990247,0.5352920619246558,0.06017535126635007,0.06017535126635007,0.9420181158930063,0.0,0.0,0.0,0.04648263566195965,0.4860765393823385,0.48624649550765753,0.0,-0.0,0.0,0.5,0.0,0.6976744186046512,0.03826851025223732,0.0,-0.04857537,-0.0199188,0.18257713
0.4642857142857143,0.5,0.3333333333333333,0.42424242424242425,0.6153846153846154,0.5869565217391305,0.02872294746339321,0.0282546766102314,0.4586721907154324,0.4586610447608262,0.471471330859693,0.5240020162238167,0.04271495289036206,0.04271495289036206,0.9568028524518013,0.0,0.0,0.0,0.033038612641394134,0.49027311243116856,0.4902623314410448,0.0,-0.0,0.0,0.5,0.0,0.6976744186046512,0.032371554523706436,0.0,-0.04860184,-0.03096539,0.21122116
0.4642857142857143,0.5,0.3333333333333333,0.42424242424242425,0.6153846153846154,0.5869565217391305,0.014495553448796272,0.014445376582443714,0.463106744945847,0.4630957556956129,0.47824358666604155,0.5171418350189133,0.039326113515666554,0.039326113515666554,0.9595888759940863,0.0,0.0,0.0,0.030426274240016937,0.49138815980404615,0.49136599246412516,0.0,-0.0,0.0,0.5,0.0,0.6976744186046512,0.030360450968146324,0.0,-0.04553777,-0.03336639,0.21786803
0.4642857142857143,0.5,0.3333333333333333,0.42424242424242425,0.6153846153846154,0.5869565217391305,0.0,0.0,0.46532628857610786,0.4653175986063868,0.5037583987269529,0.49174762086197654,0.03356217938874449,0.03356217938874449,0.9645316433161497,0.0,0.0,0.0,0.02774660754948854,0.49353132769465446,0.49352177837863564,0.0,-0.0,0.0,0.5,0.0,0.6976744186046512,0.02636917494237423,0.003346731828060001,-0.04533128,-0.03317738,0.21962292
0.4642857142857143,0.5,0.3333333333333333,0.42424242424242425,0.6153846153846154,0.5869565217391305,0.0,0.0,0.46466258287885676,0.4646538473224093,0.5127933634512739,0.48273894293991554,0.031855148928506036,0.031855148928506036,0.9662348385900259,0.0,0.0,0.0,0.02687491364777088,0.49442092701792717,0.49442565999925137,0.0,-0.0,0.0,0.5,0.0,0.6976744186046512,0.025215478613972664,0.003860032302327454,-0.0491075,-0.03285206,0.21997283
0.4642857142857143,0.5,0.3333333333333333,0.42424242424242425,0.6153846153846154,0.5869565217391305,0.0,0.0,0.4618099934740231,0.46180115249827075,0.5169684152416244,0.4786272253583945,0.03114778149340834,0.03114778149340834,0.9667609557509422,0.0,0.0,0.0,0.027309154905378816,0.4947731546126306,0.49478995660319924,0.0,-0.0,0.0,0.5,0.0,0.6976744186046512,0.024652421474456787,0.007160179084166884,-0.05104337,-0.03412488,0.2166746
0.4642857142857143,0.5,0.3333333333333333,0.42424242424242425,0.6153846153846154,0.5869565217391305,0.030025769025087357,0.028910750523209572,0.4566479463194342,0.4566389030525835,0.5181592872676156,0.4775297021268152,0.031176777556538585,0.031176777556538585,0.9666342008858919,0.0,0.0,0.0,0.027864791266620156,0.4948416566476226,0.4948636656627059,0.0,-0.0,0.0,0.5,0.0,0.6976744186046512,0.02466321364045143,0.00944034371059388,-0.05263002,-0.03673627,0.2158816
0.4642857142857143,0.5,0.3333333333333333,0.42424242424242425,0.6153846153846154,0.5869565217391305,0.6294091939926147,0.6277275085449219,0.31757663404052616,0.31756279846906205,0.4667415626874162,0.5315434141272518,0.05605568577136313,0.05605568577136313,0.9418304767459631,0.0,0.0,0.0,0.05513518527150154,0.4895909782499075,0.4903026334941387,0.0,-0.0,0.0,0.5,0.0,0.6976744186046512,0.0319165401160717,0.010413129348307848,-0.05249898,-0.03764737,0.21598242
0.4642857142857143,0.5,0.3333333333333333,0.42424242424242425,0.6153846153846154,0.5869565217391305,0.11901871114969254,0.11824929714202881,0.42954392506105266,0.42953422648500983,0.35791469851141905,0.6414368396000876,0.055580077958958495,0.055580077958958495,0.9484450053423643,0.0,0.0,0.0,0.05547961592674255,0.4898777352645993,0.4904306484386325,0.0,-0.0,0.0,0.5,0.0,0.6976744186046512,0.036517396569252014,0.00918898091185838,-0.0514488,-0.03700089,0.21195173
0.4642857142857143,0.5,0.3333333333333333,0.42424242424242425,0.6153846153846154,0.5869565217391305,0.02007085643708706,0.019880326464772224,0.45390789059790326,0.45389909805804773,0.3685056233269307,0.630273886843297,0.05329385665910585,0.05329385665910585,0.952778160572052,0.0,0.0,0.0,0.05123785026371479,0.4904586235061288,0.49092038068920374,0.0,-0.0,0.06471528857946396,0.4741138845682144,0.0,0.6976744186046512,0.03528043255209923,0.01091762911528349,-0.0513257,-0.0400651,0.20744848
0.4642857142857143,0.5,0.3333333333333333,0.42424242424242425,0.6153846153846154,0.5869565217391305,0.012111388146877289,0.012024860829114914,0.45439257152221857,0.45438374764148864,0.3816757197589765,0.6166057782186326,0.05382841719048364,0.05382841719048364,0.9541998077183962,0.0,0.0,0.0,0.06307820752263069,0.4902037847787142,0.49068891163915396,0.0,-0.0,0.06439680606126785,0.47424127757549284,0.0,0.6976744186046512,0.03453969582915306,0.01977577805519104,-0.04897177,-0.04438082,0.20189656
0.4642857142857143,0.5,0.3333333333333333,0.42424242424242425,0.6153846153846154,0.5869565217391305,0.0,0.0,0.45007036862820105,0.45006178122861434,0.2766652708983558,0.7270509512378376,0.06590949637549265,0.06590949637549265,0.9518291410058737,0.0,0.0,0.0,0.11399379521608352,0.4841382931917906,0.48514073994010687,0.16968221962451935,0.16968221962451935,0.06657824665307999,0.473368701338768,0.06340782344341278,0.6273944502653078,0.04140777513384819,0.03146415809169412,-0.05237133,-0.04472815,0.19992982
0.4642857142857143,0.5,0.3333333333333333,0.42424242424242425,0.6153846153846154,0.5869565217391305,0.0,0.0,0.4563073878306504,0.4562990340630365,0.27769318319871367,0.7259306916264635,0.06987682676741055,0.06987682676741055,0.949772460386157,0.0,0.0,0.0,0.10932089537382125,0.48306606337428093,0.484080171212554,0.16307169198989868,0.16307169198989868,0.06803517788648605,0.4727859288454056,0.06433955579996109,0.6258093998875729,0.04317645728588104,0.03209774615243077,-0.05378061,-0.04295775,0.1941319
0.4642857142857143,0.5,0.3333333333333333,0.42424242424242425,0.6153846153846154,0.5869565217391305,0.0,0.0,0.45671387042415756,0.45670551950571414,0.2762613269156753,0.7274367061166822,0.07231682006801878,0.07231682006801878,0.9478860888630152,0.0,0.0,0.0,0.10420629233121871,0.4826203566044569,0.4836280234158039,0.15533040463924408,0.15533040463924408,0.06902780383825302,0.4723888784646988,0.06485790759325027,0.6258179091436918,0.043756596744060516,0.031630846206098795,-0.06164479,-0.03821703,0.17663524
0.4642857142857143,0.5,0.3333333333333333,0.42424242424242425,0.6153846153846154,0.5869565217391305,0.0,0.0,0.45575539525562675,0.4557470471863537,0.2675287791921349,0.7366805317702252,0.07502341642975807,0.07502341642975807,0.9464433044195175,0.0,0.0,0.0,0.11763553619384765,0.48129286989569664,0.4823441319167614,0.17575329542160034,0.17575329542160034,0.07153045386075974,0.4713878184556961,0.06706853955984116,0.6240146433891253,0.0454823337495327,0.03342610318213701,-0.05940511,-0.02868048,0.16160829
0.4642857142857143,0.5,0.3333333333333333,0.42424242424242425,0.6153846153846154,0.5869565217391305,0.0,0.0,0.4562651203877611,0.4562567979610217,0.2650380800148725,0.7393315480675747,0.0768725893327168,0.0768725893327168,0.9456592425704002,0.0,0.0,0.0,0.12205235436558723,0.4801304694265127,0.48119231313467026,0.18236833810806274,0.18236833810806274,0.07349901646375656,0.4706003934144974,0.06879844516515732,0.6227445030628249,0.04636639356613159,0.03392078913748264,-0.05961538,-0.00924808,0.13268808
0.4642857142857143,0.5,0.3333333333333333,0.42424242424242425,0.6153846153846154,0.5869565217391305,0.0,0.0,0.45710237190326813,0.4570940893649143,0.2620153381537297,0.7425158378904175,0.0785841846040317,0.0785841846040317,0.9446502160280943,0.0,0.0,0.0,0.12489688917994499,0.47916366532444954,0.4802279006689787,0.18647123873233795,0.18647123873233795,0.07497875392436981,0.47000849843025205,0.07010304927825928,0.6221776992775674,0.04665302857756615,0.03322019474580884,-0.06413482,0.00467251,0.1205446
0.4642857142857143,0.5,0.3333333333333333,0.42424242424242425,0.6153846153846154,0.5869565217391305,0.0,0.0,0.45440594267890744,0.45439754902290797,0.258348455848475,0.7463160043870007,0.08047773369721005,0.08047773369721005,0.9434033874422312,0.0,0.0,0.0,0.14871970787644384,0.4781313184648752,0.4791578948497772,0.2208160161972046,0.2208160161972046,0.07734473049640656,0.46906210780143737,0.07255792617797852,0.6110815773176592,0.048579491674900055,0.03707542084157467,-0.06258816,0.01178772,0.10434161
0.4642857142857143,0.5,0.3333333333333333,0.42424242424242425,0.6153846153846154,0.5869565217391305,0.0,0.0,0.4555476138058402,0.4555392571890559,0.26043188321202937,0.744096432265036,0.08284961538655418,0.08284961538655418,0.9430977068841457,0.0,0.0,0.0,0.16971829533576965,0.4763449188321829,0.4774408023804426,0.2535133361816406,0.2535133361816406,0.07833118736743927,0.4686675250530243,0.07371841371059418,0.6096898019313812,0.052290257066488266,0.03905507503077388,-0.05937495,0.0149336,0.07166716
0.4642857142857143,0.5,0.3333333333333333,0.42424242424242425,0.6153846153846154,0.5869565217391305,0.0,0.0,0.4574410841296325,0.4574328101387899,0.2565878964746887,0.7481013743366334,0.08385036672864642,0.08385036672864642,0.943175558000803,0.0,0.0,0.0,0.17107303366065024,0.4756559245288372,0.47670208290219307,0.25522565841674805,0.25522565841674805,0.08012057840824127,0.4679517686367035,0.07559055835008621,0.6080027236494907,0.054441921412944794,0.03904642770066857,-0.06207114,0.01099506,0.06214988
0.4642857142857143,0.5,0.3333333333333333,0.42424242424242425,0.6153846153846154,0.5869565217391305,0.0,0.0,0.45690488735530843,0.45689657917442106,0.2555591180265292,0.7491029147157655,0.08377464222056526,0.08377464222056526,0.9438319392502308,0.0,0.0,0.0,0.16828255653381347,0.47577150724828243,0.4766896367073059,0.2503858506679535,0.2503858506679535,0.08203539252281189,0.46718584299087523,0.07759184390306473,0.6063306470249975,0.05542930215597153,0.03804461797699332,-0.06911516,0.01050791,0.03295321
0.4642857142857143,0.5,0.3333333333333333,0.42424242424242425,0.6153846153846154,0.5869565217391305,0.0,0.0,0.4586457333190947,0.4586375049149785,0.24919021927375867,0.7558268656871464,0.08357356169394085,0.08357356169394085,0.9445270039141178,0.0,0.0,0.0,0.1642069876194,0.47631958685815334,0.4770853631198406,0.24400386214256287,0.24400386214256287,0.08422567695379257,0.46630972921848296,0.07988317310810089,0.6046370295591132,0.05593910813331604,0.0363578530959785,-0.07211206,0.00715604,0.01150269
0.4642857142857143,0.5,0.3333333333333333,0.42424242424242425,0.6153846153846154,0.5869565217391305,0.0,0.0,0.45640327096213346,0.4563949713287572,0.246963809142833,0.7582201460300799,0.08281575781958445,0.08281575781958445,0.945483872666955,0.0,0.0,0.0,0.1563760444521904,0.4767069723457098,0.4773428253829479,0.23198483884334564,0.23198483884334564,0.08417727798223495,0.466329088807106,0.07991278916597366,0.6042052043038746,0.055470529943704605,0.0372347398661077,-0.07218138,0.0073704,-0.00757524
0.4642857142857143,0.5,0.3333333333333333,0.42424242424242425,0.6153846153846154,0.5869565217391305,0.0,0.0,0.4557049791853925,0.45569666815533466,0.24643069517088212,0.7587696484301737,0.08212606555649213,0.08212606555649213,0.9456891417503357,0.0,0.0,0.0,0.14689693376421928,0.477120254188776,0.4776888396590948,0.21808169782161713,0.21808169782161713,0.0840412974357605,0.4663834810256958,0.07981819659471512,0.6042066909546076,0.05485296621918678,0.036794154439121485,-0.07634367,0.00646554,-0.03038093
0.4642857142857143,0.5,0.3333333333333333,0.42424242424242425,0.6153846153846154,0.5869565217391305,0.0,0.0,0.45264257972144717,0.4526341347803805,0.24115900054260603,0.7642353601660322,0.07901776315910476,0.07901776315910476,0.9468117393553257,0.0,0.0,0.0,0.13424142152070997,0.4786181654781103,0.47908490151166916,0.20070192217826843,0.20070192217826843,0.08307527750730515,0.46676988899707794,0.07890699058771133,0.6056946204152218,0.053238771855831146,0.0314003718085587,-0.0763818,0.0064873,-0.03578059
0.4642857142857143,0.5,0.3333333333333333,0.42424242424242425,0.6153846153846154,0.5869565217391305,0.0,0.0,0.4584172241546456,0.45840903848808534,0.22364029510527222,0.782786377022822,0.0756762203361307,0.0756762203361307,0.948475481942296,0.0,0.0,0.0,0.13603800907731056,0.47966067492961884,0.48011134192347527,0.20482824742794037,0.20482824742794037,0.077671118080616,0.4689315527677536,0.07347624748945236,0.6157056848670162,0.0521201528608799,0.024200149346143007,-0.08681702,0.00554785,-0.06235514
0.4642857142857143,0.5,0.3333333333333333,0.42424242424242425,0.6153846153846154,0.5869565217391305,0.8389611840248108,0.837638258934021,0.3021696311337998,0.3021552029348924,0.5060709189787421,0.4921971629677443,0.07567951189620155,0.07567951189620155,0.9405274018645287,0.0,0.0,0.0,0.22200641632080076,0.45913681760430336,0.46182186156511307,0.3211243748664856,0.3211243748664856,0.07725578546524048,0.4690976858139038,0.0747627392411232,0.6169642230799032,0.08432771265506744,0.03264327999204397,-0.10274108,0.01572565,-0.1361088
0.4642857142857143,0.5,0.3333333333333333,0.42424242424242425,0.6153846153846154,0.5869565217391305,0.6768476366996765,0.6765506267547607,0.30458148806774366,0.30456710545556265,0.5064459517170776,0.4917771838540506,0.07588730858904975,0.07588730858904975,0.9386825375258923,0.0,0.0,0.0,0.23051799088716504,0.4573736637830734,0.4600265175104141,0.3346244990825653,0.3346244990825653,0.07768330723047256,0.468926677107811,0.07569188624620438,0.6162109329949979,0.08972044289112091,0.03439942840486765,-0.10881796,0.02010154,-0.16951528
0.4642857142857143,0.5,0.3333333333333333,0.42424242424242425,0.6153846153846154,0.5869565217391305,0.08915872126817703,0.08854413032531738,0.45125454652833663,0.4512453095178987,0.4838546160644145,0.5117591766002251,0.07287089845963887,0.07287089845963887,0.9390756245702505,0.0,0.0,0.0,0.24586073607206343,0.4558079168200493,0.4575553834438324,0.3602047264575958,0.3602047264575958,0.07697974145412445,0.46920810341835023,0.07679478824138641,0.6270126357328061,0.09806564450263977,0.048287645913660526,-0.10785749,0.01987661,-0.17916784
0.4642857142857143,0.5,0.3333333333333333,0.42424242424242425,0.6153846153846154,0.5869565217391305,0.029839498922228813,0.029352907091379166,0.4636016828836036,0.4635929216846225,0.4628102260839415,0.5325656038688605,0.07058907300233841,0.07058907300233841,0.9423382543027401,0.0,0.0,0.0,0.2315936893224716,0.45821432396769524,0.45888105779886246,0.33834168314933777,0.33834168314933777,0.0,0.5,0.0,0.6976744186046512,0.10027280449867249,0.05301828030496836,-0.10843231,0.02792758,-0.22410783
0.4642857142857143,0.5,0.3333333333333333,0.42424242424242425,0.6153846153846154,0.5869565217391305,0.019261503592133522,0.01906323991715908,0.4644015190934132,0.4643927749894545,0.4494675810432799,0.545898362288233,0.07069444816027369,0.07069444816027369,0.9436752237379551,0.0,0.0,0.0,0.19350322932004926,0.4625287726521492,0.4627229906618595,0.2825755178928375,0.2825755178928375,0.0,0.5,0.0,0.6976744186046512,0.09618260711431503,0.05204979795962572,-0.111011,0.02974724,-0.23655766
0.4642857142857143,0.5,0.3333333333333333,0.42424242424242425,0.6153846153846154,0.5869565217391305,0.017801064997911453,0.017540128901600838,0.46531586061244257,0.4653071677935511,0.4315563397015486,0.5640088226104051,0.07103949785232544,0.07103949785232544,0.9438244551420212,0.0,0.0,0.0,0.17982764095067977,0.46529287472367287,0.4653302766382694,0.2619597613811493,0.2619597613811493,0.07099699229001999,0.471601203083992,0.0,0.6976744186046512,0.08958948403596878,0.047024297527968884,-0.11180325,0.03465453,-0.24252616
0.4642857142857143,0.5,0.3333333333333333,0.42424242424242425,0.6153846153846154,0.5869565217391305,0.01255657710134983,0.012379840947687626,0.46730479239049877,0.4672954271673928,0.41441584453983926,0.5813718515139414,0.06637146430356163,0.06637146430356163,0.9464267399162054,0.0,0.0,0.0,0.08529473319649696,0.48142060451209545,0.4812204986810684,0.1258639395236969,0.1258639395236969,0.06436475366353989,0.47425409853458406,0.06493628025054932,0.6255181358997212,0.04993846267461777,0.02588788978755474,-0.11173655,0.03225357,-0.24983978
0.4642857142857143,0.5,0.3333333333333333,0.42424242424242425,0.6153846153846154,0.5869565217391305,0.012125903740525246,0.011957632377743721,0.4678206090489492,0.4678112694683768,0.4106078257296327,0.5852490738240022,0.06499890770230975,0.06499890770230975,0.9471424072980881,0.0,0.0,0.0,0.07630733363330364,0.4828652013093233,0.4826921410858631,0.11243919283151627,0.11243919283151627,0.06275786459445953,0.47489685416221616,0.06309214979410172,0.6250409781932831,0.047143518924713135,0.022060659248381853,-0.10284859,0.03877122,-0.23412135
0.4642857142857143,0.5,0.3333333333333333,0.42424242424242425,0.6153846153846154,0.5869565217391305,0.03618814796209335,0.034767113626003265,0.4615673410277066,0.4615580128438158,0.48307761310619335,0.5140314925646412,0.061719151479857313,0.061719151479857313,0.9489238038659096,0.0,0.0,0.0,0.06583393700420856,0.485192290507257,0.48504525050520897,0.0,-0.0,0.05868028849363327,0.4765278846025467,0.05840766057372093,0.6254452952118807,0.04281851649284363,0.009617324103601277,-0.09672849,0.03488367,-0.22417736
0.4642857142857143,0.5,0.3333333333333333,0.42424242424242425,0.6153846153846154,0.5869565217391305,0.046082351356744766,0.04463046416640282,0.4555548877378723,0.45554571625835355,0.5987500009299692,0.4022119395768843,0.06640437990427017,0.06640437990427017,0.9448054991662502,0.0,0.0,0.0,0.08858607448637484,0.48474687710404396,0.4848678093403578,0.13413727283477783,0.13413727283477783,0.0708618015050888,0.4716552793979645,0.0678081139922142,0.6151809179505636,0.042997103184461594,0.0,-0.10270348,0.03100163,-0.21531962
0.4642857142857143,0.5,0.3333333333333333,0.42424242424242425,0.6153846153846154,0.5869565217391305,0.03429347649216652,0.03315020352602005,0.4702864891028541,0.47027783902151865,0.5639683600821412,0.436167315310269,0.07033914859805789,0.07033914859805789,0.9399227946996689,0.0,0.0,0.0,0.09444056376814841,0.4844927778467536,0.48486813995987177,0.14333872497081757,0.14333872497081757,0.09347067773342133,0.4626117289066315,0.09046148508787155,0.6061391913613607,0.04448481276631355,0.0,-0.10462558,0.02918455,-0.20672643
0.4642857142857143,0.5,0.3333333333333333,0.42424242424242425,0.6153846153846154,0.5869565217391305,0.03130987286567688,0.03021322377026081,0.46427857454146754,0.46426973641488567,0.5769208653707121,0.42366603313800205,0.07340761965938977,0.07340761965938977,0.9374796915799379,0.0,0.0,0.0,0.09608622267842293,0.4842662662267685,0.4848604341968894,0.14569392800331116,0.14569392800331116,0.09846972674131393,0.4606121093034744,0.09556375443935394,0.6059454173542733,0.045089978724718094,0.0,-0.11567264,0.03038546,-0.14117865
0.4642857142857143,0.5,0.3333333333333333,0.42424242424242425,0.6153846153846154,0.5869565217391305,0.03338855132460594,0.03238432854413986,0.4096836859135965,0.4096737480072401,0.7729171776634784,0.23846527307890064,0.07530248856970242,0.07530248856970242,0.9365512952208519,0.0,0.0,0.0,0.08911163099110125,0.48454100266098976,0.4852550784125924,0.13634377717971802,0.13634377717971802,0.09913202375173569,0.4603471904993057,0.09664200246334076,0.6062124738859576,0.04507014527916908,0.0,-0.08630944,0.02883487,-0.08233986
0.4642857142857143,0.5,0.3333333333333333,0.42424242424242425,0.6153846153846154,0.5869565217391305,0.025286443531513214,0.02475673519074917,0.4055803448930525,0.4055704639701041,0.7888535450339089,0.224054533887725,0.07843648482646262,0.07843648482646262,0.9343663416802883,0.0,0.0,0.0,0.08143978901207446,0.48547723423689604,0.48631052672863007,0.12546516954898834,0.12546516954898834,0.10406313836574554,0.45837474465370176,0.10314565151929855,0.6034798538962076,0.04415154084563255,0.0,-0.07638328,0.03231914,-0.04230459
0.4642857142857143,0.5,0.3333333333333333,0.42424242424242425,0.6153846153846154,0.5869565217391305,0.01892142742872238,0.01873398944735527,0.40582565846452295,0.4058158174299601,0.7866048202004077,0.22610377120647507,0.07948262350899833,0.07948262350899833,0.9328054748475552,0.0,0.0,0.0,0.07339905872941016,0.4862910257652402,0.487078950740397,0.1129772812128067,-0.0,0.10770323127508163,0.4569187074899673,0.10756006836891174,0.6025432015574256,0.04317568242549896,0.0,-0.07250858,0.03649242,-0.01355795
0.4642857142857143,0.5,0.3333333333333333,0.42424242424242425,0.6153846153846154,0.5869565217391305,0.01496507041156292,0.014887280762195587,0.4048902587270645,0.4048803664074345,0.7879176951275273,0.2248949935691028,0.08029948121735028,0.08029948121735028,0.9318455159664154,0.0,0.0,0.0,0.0707257717847824,0.48677721060812473,0.4875567303970456,0.10916536301374435,-0.0,0.10916497558355331,0.4563340097665787,0.10936245322227478,0.6025272226610849,0.04274966940283775,0.0,-0.06826233,0.03804804,0.00303492
0.4642857142857143,0.5,0.3333333333333333,0.42424242424242425,0.6153846153846154,0.5869565217391305,0.01045755110681057,0.010417365469038486,0.40322777919514,0.40321790966887316,0.7970330117993327,0.21653090056173613,0.08082744532397816,0.08082744532397816,0.9316459819674492,0.0,0.0,0.0,0.06811715327203273,0.4873653883114457,0.48811712116003036,0.10526025295257568,-0.0,0.1083301231265068,0.45666795074939726,0.1090666726231575,0.6042141450005909,0.04239977151155472,0.0,-0.06157257,0.03824199,0.01304399
0.4642857142857143,0.5,0.3333333333333333,0.42424242424242425,0.6153846153846154,0.5869565217391305,0.03605438023805618,0.035102251917123795,0.39997226011228837,0.3999621512557079,0.7763077132332621,0.23573977946728591,0.08070134956921851,0.08070134956921851,0.9316289350390434,0.0,0.0,0.0,0.06745034009218215,0.4874881124123931,0.4882355136796832,0.10428136587142944,-0.0,0.10753095149993896,0.4569876194000244,0.10845721513032913,0.6046430593313172,0.04233677312731743,0.0,-0.05222707,0.04647904,0.03180548
0.4642857142857143,0.5,0.3333333333333333,0.42424242424242425,0.6153846153846154,0.5869565217391305,0.43398594856262207,0.4305438697338104,0.34152199661298643,0.34150910696609527,0.5752985534430918,0.4263682775191499,0.09069658815860748,0.09069658815860748,0.9229802563786507,0.0,0.0,0.0,0.09345817416906356,0.48284823447465897,0.4844601908698678,0.14026759564876556,0.14026759564876556,0.10396786034107208,0.45841285586357117,0.10555451363325119,0.6034935040529384,0.04332398995757103,0.0,-0.05035244,0.04898503,0.03380932
0.4642857142857143,0.5,0.3333333333333333,0.42424242424242425,0.6153846153846154,0.5869565217391305,0.11474642157554626,0.11408740282058716,0.409395657579484,0.4093854062643835,0.6965016069649282,0.3102371746855023,0.08898384070822171,0.08898384070822171,0.9269969835877419,0.0,0.0,0.0,0.09027559757232666,0.4832717087119818,0.48466354608535767,0.13738997280597687,0.13738997280597687,0.10300460457801819,0.4587981581687927,0.10424918681383133,0.6033396097116692,0.04400153085589409,0.0,-0.05400533,0.05384181,0.03928736
0.4642857142857143,0.5,0.3333333333333333,0.42424242424242425,0.6153846153846154,0.5869565217391305,0.06500852853059769,0.06420440971851349,0.4242208143037318,0.42421113852105224,0.7039549227654364,0.30342783977556365,0.0862456884767328,0.0862456884767328,0.9293928667902946,0.0,0.0,0.0,0.07866607941687107,0.4844737686216831,0.48564399499446154,0.12047263234853745,0.12047263234853745,0.10229215770959854,0.4590831369161606,0.10307444632053375,0.6041672271351481,0.04394744336605072,0.0,-0.07122582,0.04260769,0.15291016
0.4642857142857143,0.5,0.3333333333333333,0.42424242424242425,0.6153846153846154,0.5869565217391305,0.06853143125772476,0.06746502965688705,0.4195362710132198,0.41952649266040576,0.7240660997467333,0.2843135077405792,0.08408233257276672,0.08408233257276672,0.9314443953335285,0.0,0.0,0.0,0.07750681452453136,0.48532043397426605,0.4864098057150841,0.11901532858610153,0.11901532858610153,0.09963368624448776,0.4601465255022049,0.09980935603380203,0.6064011849636255,0.044169291853904724,0.0,-0.06272438,0.03651833,0.18902087
0.4642857142857143,0.5,0.3333333333333333,0.42424242424242425,0.6153846153846154,0.5869565217391305,0.8557092547416687,0.8536902070045471,0.37587298535480096,0.37586079090548746,0.3966622193046555,0.6025859338097038,0.08235281333327293,0.08235281333327293,0.9329792857170105,0.0,0.0,0.0,0.10908113270998,0.4850987056270242,0.48605799674987793,0.1610357016324997,0.1610357016324997,0.09775125235319138,0.46089949905872346,0.09757518768310547,0.6065532287885976,0.04542704299092293,0.0,-0.05908446,0.03457463,0.20901582
0.4642857142857143,0.5,0.3333333333333333,0.42424242424242425,0.6153846153846154,0.5869565217391305,0.21958039700984955,0.21793894469738007,0.41440542797285557,0.41439417944811496,0.37485125005587105,0.6223617349431751,0.08110431954264641,0.08110431954264641,0.9298718497157097,0.0,0.0,0.0,0.08471105359494685,0.48352605290710926,0.48391485773026943,0.12349800020456314,0.12349800020456314,0.09497717767953873,0.4620091289281845,0.09376565366983414,0.605157544446546,0.04433309659361839,0.0,-0.06132513,0.03130119,0.21935757
0.4642857142857143,0.5,0.3333333333333333,0.42424242424242425,0.6153846153846154,0.5869565217391305,0.0745321735739708,0.07347127050161362,0.45474992302134204,0.45474008768512003,0.40329189692582956,0.5928091024526851,0.06776710972189903,0.06776710972189903,0.9399974104017019,0.0,0.0,0.0,0.059171158820390694,0.4858239209279418,0.48587432969361544,0.0,-0.0,0.0798991248011589,0.4680403500795364,0.07721555978059769,0.6106341474278029,0.04028072953224182,0.0,-0.05554823,0.0259331,0.21922299
0.4642857142857143,0.5,0.3333333333333333,0.42424242424242425,0.6153846153846154,0.5869565217391305,0.03759501874446869,0.03629292547702789,0.4565156222985306,0.4565058581915686,0.42250084990980974,0.5733559869620763,0.05748757294246129,0.05748757294246129,0.9470893740653992,0.0,0.0,0.0,0.05294433385133743,0.4877157974988222,0.48769919387996197,0.0,-0.0,0.06956028938293457,0.47217588424682616,0.06714969873428345,0.6192378422548604,0.03705381602048874,0.0,-0.05264749,0.02093024,0.21714233
0.4642857142857143,0.5,0.3333333333333333,0.42424242424242425,0.6153846153846154,0.5869565217391305,0.03173669055104256,0.030512843281030655,0.45586614820742927,0.45585636985461525,0.44012307710447,0.555590687838262,0.050492880067655024,0.050492880067655024,0.9508235398679972,0.0,0.0,0.0,0.04939088970422745,0.48913875315338373,0.48914136085659266,0.0,-0.0,0.06095154583454132,0.47561938166618345,0.058683279901742935,0.6231751847405766,0.033237967640161514,0.0,-0.05118469,0.02088987,0.21600001
0.4642857142857143,0.5,0.3333333333333333,0.42424242424242425,0.6153846153846154,0.5869565217391305,0.02830960974097252,0.02726902812719345,0.4560392039683763,0.4560294142188807,0.44935440059829623,0.546256436052053,0.04647602194121906,0.04647602194121906,0.9527517519891262,0.0,0.0,0.0,0.049183222651481624,0.4897113861516118,0.4897243566811085,0.0,-0.0,0.05655850097537041,0.47737659960985185,0.05435912311077118,0.6257209701593532,0.031191082671284676,0.0029782450292259455,-0.05104879,0.02005047,0.21526113
0.4642857142857143,0.5,0.3333333333333333,0.42424242424242425,0.6153846153846154,0.5869565217391305,0.02561105228960514,0.024726973846554756,0.4534057613540562,0.45339586048691494,0.4590855398096044,0.5364173460480309,0.04432335628994874,0.04432335628994874,0.9540091995149851,0.0,0.0,0.0,0.0499718390405178,0.49005841463804245,0.49008260294795036,0.0,-0.0,0.05346739664673805,0.4786130413413048,0.0,0.6976744186046512,0.030292706564068794,0.006496458081528544,-0.05454493,0.01920309,0.21166542
0.4642857142857143,0.5,0.3333333333333333,0.42424242424242425,0.6153846153846154,0.5869565217391305,0.026875833049416542,0.025915803387761116,0.45091972341956876,0.45090973422814506,0.46784155330056215,0.5277217392433163,0.04281585903040001,0.04281585903040001,0.9544333554804325,0.0,0.0,0.0,0.05451976209878921,0.48965814989060163,0.48967283591628075,0.0,-0.0,0.050749752670526505,0.4797000989317894,0.0,0.6976744186046512,0.029622726142406464,0.011890392052009702,-0.0590746,0.01729552,0.2049965
0.4642857142857143,0.5,0.3333333333333333,0.42424242424242425,0.6153846153846154,0.5869565217391305,0.05415656045079231,0.05303886532783508,0.44571963414179433,0.4457094512067835,0.47525784983005853,0.520403958478753,0.04319088799612863,0.04319088799612863,0.9534539058804512,0.0,0.0,0.0,0.06713322252035141,0.4885391993448138,0.48855373729020357,0.1000312939286232,-0.0,0.05005726218223572,0.47997709512710574,0.0,0.6976744186046512,0.030027642846107483,0.01723629655316472,-0.0614448,0.02007352,0.19619736
0.4642857142857143,0.5,0.3333333333333333,0.42424242424242425,0.6153846153846154,0.5869565217391305,0.21176141500473022,0.210768461227417,0.40721709641626186,0.40720555727614044,0.4876219401737928,0.50859543784348,0.04564349406531879,0.04564349406531879,0.9490990433841944,0.0,0.0,0.0,0.10821151062846183,0.4853895278647542,0.4853955563157797,0.16073934733867645,0.16073934733867645,0.05195709317922592,0.4792171627283096,0.04990769550204277,0.6263965229655422,0.03263446316123009,0.02179973293095827,-0.07078719,0.02492856,0.18491375
0.4642857142857143,0.5,0.3333333333333333,0.42424242424242425,0.6153846153846154,0.5869565217391305,0.07497457414865494,0.07385893911123276,0.44548090785228955,0.44547137452812996,0.3090765444316098,0.6929793179554369,0.07472367691142219,0.07472367691142219,0.9370517656207085,0.0,0.0,0.0,0.13455308899283408,0.4753294996917248,0.4755327869206667,0.19996103644371033,0.19996103644371033,0.07126142084598541,0.47149543166160585,0.06872168928384781,0.6131536097720612,0.04324914887547493,0.02796927932649851,-0.08005748,0.03274714,0.17534572
0.4642857142857143,0.5,0.3333333333333333,0.42424242424242425,0.6153846153846154,0.5869565217391305,0.012960407882928848,0.012841753661632538,0.45594921861962195,0.45593998730752483,0.3242795695310341,0.6768178319333338,0.07718386128544807,0.07718386128544807,0.9397148359566927,0.0,0.0,0.0,0.12980138435959815,0.476774113252759,0.4772019237279892,0.19357459247112274,0.19357459247112274,0.07513383775949478,0.46994646489620207,0.07163586467504501,0.617340735571329,0.044564105570316315,0.032293007243424654,-0.15760572,0.04857324,0.1627474
0.4642857142857143,0.5,0.3333333333333333,0.42424242424242425,0.6153846153846154,0.5869565217391305,0.0,0.0,0.4577316909629574,0.45772265054527705,0.29096623725234666,0.7119846179375406,0.07793343492916653,0.07793343492916653,0.9411175511777401,0.0,0.0,0.0,0.12452469691634177,0.47822824120521545,0.4789242446422577,0.18626385927200317,0.18626385927200317,0.07628399133682251,0.469486403465271,0.07202077656984329,0.6201157251069712,0.045132678002119064,0.03451629541814327,-0.17677008,0.05247009,0.14993787
0.4642857142857143,0.5,0.3333333333333333,0.42424242424242425,0.6153846153846154,0.5869565217391305,0.0,0.0,0.4565068411553567,0.4564977950393356,0.27768670988356403,0.7259543625341496,0.08036145674330848,0.08036145674330848,0.9405932761728764,0.0,0.0,0.0,0.14541769847273825,0.47780047729611397,0.4785889908671379,0.217555969953537,0.217555969953537,0.07690246403217316,0.4692390143871307,0.07225176692008972,0.619568050254223,0.0458793118596077,0.03818311030045152,-0.1834406,0.05186852,0.13875456
0.4642857142857143,0.5,0.3333333333333333,0.42424242424242425,0.6153846153846154,0.5869565217391305,0.0,0.0,0.4582789168759012,0.4582699277432881,0.28212792832354516,0.7213076961149398,0.0814132285969598,0.0814132285969598,0.9406268149614334,0.0,0.0,0.0,0.12761981636285782,0.4782276786863804,0.47909106872975826,0.19104823470115662,0.19104823470115662,0.07700850814580917,0.46919659674167635,0.07198242098093033,0.6203736694053162,0.04574156180024147,0.037605524994432926,-0.18331916,0.05491179,0.11255179
0.4642857142857143,0.5,0.3333333333333333,0.42424242424242425,0.6153846153846154,0.5869565217391305,0.0,0.0,0.45867496295823196,0.45866598807147085,0.28416458370580727,0.7191639689090324,0.08325977783117976,0.08325977783117976,0.9401978310197592,0.0,0.0,0.0,0.12961307168006897,0.4779074788093567,0.47881996259093285,0.19393131136894226,0.19393131136894226,0.07685228437185287,0.46925908625125884,0.07170611619949341,0.6205330321262049,0.04581604525446892,0.04013001453131437,-0.17310218,0.05437667,0.08404586
0.4642857142857143,0.5,0.3333333333333333,0.42424242424242425,0.6153846153846154,0.5869565217391305,0.0,0.0,0.4566558698623176,0.45664682659546685,0.2794104123890514,0.7242052568253727,0.08371352617229735,0.08371352617229735,0.9403591975569725,0.0,0.0,0.0,0.1310539111495018,0.4777112063020468,0.478612145408988,0.19581370055675507,0.19581370055675507,0.0780075266957283,0.46879698932170866,0.07279819250106812,0.6189437920964042,0.04576164111495018,0.043791686184704304,-0.18964022,0.06385265,-0.05001933
0.4642857142857143,0.5,0.3333333333333333,0.42424242424242425,0.6153846153846154,0.5869565217391305,0.0,0.0,0.4542375282165425,0.45422843081545416,0.2732763536573596,0.7306812046084253,0.08319984589304244,0.08319984589304244,0.9407384376972914,0.0,0.0,0.0,0.13056820034980773,0.4777264464646578,0.4786110259592533,0.19479237496852875,0.19479237496852875,0.0785185918211937,0.46859256327152254,0.07331440597772598,0.6181188620800195,0.04535645619034767,0.04422477446496487,-0.1671202,0.05760087,-0.13986896
0.4642857142857143,0.5,0.3333333333333333,0.42424242424242425,0.6153846153846154,0.5869565217391305,0.0,0.0,0.45344612555111796,0.4534370082058369,0.2696354101994297,0.7344635239016207,0.08142940433962005,0.08142940433962005,0.9422543216496706,0.0,0.0,0.0,0.12305466160178184,0.4787454530596733,0.4795604534447193,0.18372294306755066,0.18372294306755066,0.08048120886087418,0.46780751645565033,0.0752764567732811,0.6163744697737139,0.0447530522942543,0.04016199614852667,-0.15108377,0.06013679,-0.15952331
0.4642857142857143,0.5,0.3333333333333333,0.42424242424242425,0.6153846153846154,0.5869565217391305,0.0,0.0,0.4543745505194363,0.45436545881668877,0.2686239775006675,0.7354803814208252,0.08120029898626464,0.08120029898626464,0.9431969188153744,0.0,0.0,0.0,0.12278157249093055,0.47909718938171864,0.4798429775983095,0.18320763111114502,0.18320763111114502,0.08159033954143524,0.4673638641834259,0.07648061960935593,0.6146754203147666,0.04461080953478813,0.04002173896878958,-0.14147199,0.05974273,-0.16867477
0.4642857142857143,0.5,0.3333333333333333,0.42424242424242425,0.6153846153846154,0.5869565217391305,0.9595310688018799,0.9595029354095459,0.373874326508998,0.3738618813326892,0.5294672029652058,0.46862308148849485,0.08377757987805776,0.08377757987805776,0.9288823790848255,0.0,0.0,0.0,0.12457777932286261,0.4750522878021002,0.4765077456831932,0.18451924622058868,0.18451924622058868,0.08293850719928741,0.466824597120285,0.0800316333770752,0.6161990241948948,0.04475121572613716,0.04411982372403145,-0.13666268,0.0585213,-0.17106098
0.4642857142857143,0.5,0.3333333333333333,0.42424242424242425,0.6153846153846154,0.5869565217391305,0.6758005023002625,0.6758708953857422,0.2865493165375398,0.2865339310173779,0.5211690126937845,0.4770823823739598,0.08842602904353823,0.08842602904353823,0.9159004501998425,0.0,0.0,0.0,0.14813107624650002,0.4656756669282913,0.46834466606378555,0.21871046721935272,0.21871046721935272,0.08726305514574051,0.4650947779417038,0.08667807281017303,0.6145213336445565,0.04535819962620735,0.06960435770452023,-0.13456832,0.05648346,-0.17042255
0.4642857142857143,0.5,0.3333333333333333,0.42424242424242425,0.6153846153846154,0.5869565217391305,0.5161868333816528,0.5160973072052002,0.31131379280673843,0.31129899991401977,0.5139834476816495,0.4834467794374977,0.09118797789726939,0.09118797789726939,0.9113352634012699,0.0,0.0,0.0,0.14353115558624266,0.4641839750111103,0.4669232852756977,0.21256379783153534,0.21256379783153534,0.08986803889274597,0.4640527844429016,0.08992951363325119,0.6116954809011415,0.044807255268096924,0.08835243061184883,-0.1273173,0.05553366,-0.17460556
0.4642857142857143,0.5,0.3333333333333333,0.42424242424242425,0.6153846153846154,0.5869565217391305,0.4530112147331238,0.4529142677783966,0.3211557846908132,0.3211412881118162,0.5056450207135418,0.49154836697919824,0.09286456342254366,0.09286456342254366,0.909808024764061,0.0,0.0,0.0,0.1414595179259777,0.46394484490156174,0.46650391072034836,0.20973193645477295,0.20973193645477295,0.08946097642183304,0.4642156094312668,0.08945346623659134,0.6110078477582266,0.044723983854055405,0.09175628423690796,-0.11982663,0.0526468,-0.18219185
0.4642857142857143,0.5,0.3333333333333333,0.42424242424242425,0.6153846153846154,0.5869565217391305,0.43012210726737976,0.4299786388874054,0.32911472566724964,0.32910049121192947,0.49886186362509516,0.4980813323603027,0.09402523349438395,0.09402523349438395,0.9082178249955177,0.0,0.0,0.0,0.13563350215554237,0.4646850824356079,0.46690351516008377,0.2013126164674759,0.2013126164674759,0.08847026526927948,0.4646118938922882,0.08803370594978333,0.6101740342240001,0.04410174861550331,0.09258626028895378,-0.10631323,0.05115283,-0.18157886
0.4642857142857143,0.5,0.3333333333333333,0.42424242424242425,0.6153846153846154,0.5869565217391305,0.6836705803871155,0.6835057139396667,0.30628695588266874,0.3062720490231341,0.5028452782555133,0.49462885012767466,0.09444653455700194,0.09444653455700194,0.9058329872786999,0.0,0.0,0.0,0.128838250041008,0.46497707441449165,0.46692053973674774,0.19110547006130219,0.19110547006130219,0.08725427836179733,0.4650982886552811,0.08658593893051147,0.6081065812776255,0.045087408274412155,0.09069941006600857,-0.10232198,0.0529589,-0.19354951
0.4642857142857143,0.5,0.3333333333333333,0.42424242424242425,0.6153846153846154,0.5869565217391305,0.9878895282745361,0.9878767728805542,0.4439086558486034,0.4438990427476726,0.48885078024453915,0.5105026098277277,0.12429269828966687,0.12429269828966687,0.8666646108031273,0.0,0.0,0.0,0.10481328219175338,0.46500539779663086,0.4669177122414112,0.15667051076889038,0.15667051076889038,0.09004876762628555,0.4639804929494858,0.09034696221351624,0.5994046531444372,0.04271697252988815,0.05829961970448494,-0.09186423,0.04910682,-0.20517695
0.4642857142857143,0.5,0.3333333333333333,0.42424242424242425,0.6153846153846154,0.5869565217391305,0.9717215299606323,0.9716475605964661,0.427304762043415,0.4272942827946825,0.4754818630036159,0.5223885823111639,0.12618151094232288,0.12618151094232288,0.872546598315239,0.0,0.0,0.0,0.1042694978415966,0.46530040353536606,0.4671434015035629,0.15546612441539764,0.15546612441539764,0.09076188504695892,0.4636952459812164,0.09114482253789902,0.5971004276774651,0.042204227298498154,0.052455104887485504,-0.09060868,0.0483541,-0.20535995
0.4642857142857143,0.5,0.3333333333333333,0.42424242424242425,0.6153846153846154,0.5869565217391305,0.19759833812713623,0.19583478569984436,0.387060629022281,0.3870488562501867,0.6461756047053729,0.35547520822087797,0.10330734508378166,0.10330734508378166,0.9176211468875408,0.0,0.0,0.0,0.12114266753196716,0.47176829166710377,0.4726533852517605,0.1791868656873703,0.1791868656873703,0.08743095397949219,0.4650276184082031,0.08726068586111069,0.5971303998037827,0.043524522334337234,0.03864516969770193,-0.08952652,0.0484263,-0.20654999
0.4642857142857143,0.5,0.3333333333333333,0.42424242424242425,0.6153846153846154,0.5869565217391305,0.07277268916368484,0.0718768760561943,0.41583652067822663,0.4158260186361309,0.6579924135773405,0.3451258588652716,0.0984879317028182,0.0984879317028182,0.9230388849973679,0.0,0.0,0.0,0.10713755935430526,0.47467367723584175,0.4751223996281624,0.15803638100624084,0.15803638100624084,0.08839442580938339,0.46464222967624663,0.08764947205781937,0.5980740071729173,0.0431063137948513,0.02949879039078951,-0.09006501,0.04815489,-0.20564362
0.4642857142857143,0.5,0.3333333333333333,0.42424242424242425,0.6153846153846154,0.5869565217391305,0.0617850124835968,0.06071537733078003,0.41723336065704464,0.41722293269337934,0.6519337780844869,0.35121164125369975,0.09810553065368108,0.09810553065368108,0.9238018020987511,0.0,0.0,0.0,0.11311413347721098,0.4750755447894335,0.47546588256955147,0.1663477122783661,0.1663477122783661,0.09001252055168152,0.4639949917793274,0.08937587589025497,0.5948960261289463,0.042968057096004486,0.023461815435439348,-0.08958179,0.04811383,-0.20393249
0.4642857142857143,0.5,0.3333333333333333,0.42424242424242425,0.6153846153846154,0.5869565217391305,0.0780268982052803,0.07699601352214813,0.4189682091171381,0.4189606987039628,0.642625071122587,0.3602568683336565,0.10080952729497637,0.10080952729497637,0.9236551150679588,0.0,0.0,0.0,0.13632574304938316,0.4743727929890156,0.47471294924616814,0.20088180899620056,0.20088180899620056,0.08805077522993088,0.46477968990802765,0.08759425580501556,0.5972232998803605,0.04553377255797386,0.012137085432186723,-0.10709205,0.03970784,-0.1420282
0.4642857142857143,0.5,0.3333333333333333,0.42424242424242425,0.6153846153846154,0.5869565217391305,0.0864948183298111,0.08535502105951309,0.4410253523868539,0.4410185257745746,0.5765723263556369,0.4238049130999969,0.10226644043411529,0.10226644043411529,0.9241359941661358,0.0,0.0,0.0,0.1421826861798763,0.47290573082864285,0.47342224791646004,0.20893146097660065,0.20893146097660065,0.08549720793962479,0.4658011168241501,0.08523282408714294,0.6031269978645236,0.05146133899688721,0.005801584338769317,-0.07676798,0.03547655,-0.06973511
0.4642857142857143,0.5,0.3333333333333333,0.42424242424242425,0.6153846153846154,0.5869565217391305,0.08710341155529022,0.0859011635184288,0.43975947167631774,0.43975261087399364,0.5811110434067182,0.4194742196781863,0.10303724557161331,0.10303724557161331,0.9258879125118256,0.0,0.0,0.0,0.16184918582439423,0.4712068848311901,0.4722126070410013,0.2384398877620697,0.2384398877620697,0.08333580195903778,0.4666656792163849,0.08365888148546219,0.6103917297928833,0.06262767314910889,0.0,-0.06130548,0.03800904,-0.03533135
0.4642857142857143,0.5,0.3333333333333333,0.42424242424242425,0.6153846153846154,0.5869565217391305,0.08745495975017548,0.08616604655981064,0.43830560840110705,0.43829867921869337,0.5747289871850387,0.42551954384692947,0.10233826403106963,0.10233826403106963,0.927179504185915,0.0,0.0,0.0,0.1733881890773773,0.4693583995103836,0.47087697871029377,0.25599801540374756,0.25599801540374756,0.08414774388074875,0.4663409024477005,0.08549144119024277,0.6127293425243955,0.07613518089056015,0.0,-0.06248943,0.04112919,-0.01963672
0.4642857142857143,0.5,0.3333333333333333,0.42424242424242425,0.6153846153846154,0.5869565217391305,0.08300327509641647,0.08164367079734802,0.4382028160314031,0.4381958469606039,0.5644336353068597,0.4354544186860557,0.10170187801122665,0.10170187801122665,0.9278121516108513,0.0,0.0,0.0,0.172471659630537,0.46851373836398125,0.4704074915498495,0.25524070858955383,0.25524070858955383,0.08544921875,0.4658203125,0.08749545365571976,0.6133158366347469,0.07890226691961288,0.0,-0.0571905,0.04689223,0.01224833
0.4642857142857143,0.5,0.3333333333333333,0.42424242424242425,0.6153846153846154,0.5869565217391305,0.0996527150273323,0.09878309816122055,0.40524981263490756,0.405242222444961,0.7402846033668883,0.2687386203171824,0.10230681193726404,0.10230681193726404,0.9286087825894356,0.0,0.0,0.0,0.1713012859225273,0.46801936253905296,0.47021356225013733,0.2551102042198181,0.2551102042198181,0.08490512520074844,0.4660379499197006,0.08752752095460892,0.6146138906478882,0.08017828315496445,0.0,-0.06029332,0.04820139,0.02180603
0.4642857142857143,0.5,0.3333333333333333,0.42424242424242425,0.6153846153846154,0.5869565217391305,0.08379504829645157,0.08278241753578186,0.40524676402257914,0.40523917383263264,0.746816474666559,0.2626041968916793,0.10266049099820002,0.10266049099820002,0.9289936125278473,0.0,0.0,0.0,0.16695875078439712,0.46744393557310104,0.4701489172875881,0.2514970898628235,0.2514970898628235,0.0833762064576149,0.46664951741695404,0.08662836998701096,0.6157192622506341,0.07969887554645538,0.0,-0.04960639,0.04958209,0.03658633
0.4642857142857143,0.5,0.3333333333333333,0.42424242424242425,0.6153846153846154,0.5869565217391305,0.07961294800043106,0.0786912813782692,0.4053864930373533,0.40537895413247393,0.7456348895114877,0.26390916252176755,0.10343442537954876,0.10343442537954876,0.929726954549551,0.0,0.0,0.0,0.16121414229273795,0.4670676402747631,0.4703780971467495,0.24319776892662048,0.24319776892662048,0.07904589176177979,0.4683816432952881,0.08299915492534637,0.6192871564349463,0.07760459929704666,0.0,-0.0523239,0.04638303,0.04400095
0.4642857142857143,0.5,0.3333333333333333,0.42424242424242425,0.6153846153846154,0.5869565217391305,0.0821903795003891,0.08131042122840881,0.401110059216647,0.40110232086983966,0.7360871827397246,0.27278674441536754,0.10197831051690238,0.10197831051690238,0.9298277944326401,0.0,0.0,0.0,0.1581790417432785,0.46731947734951973,0.4706801436841488,0.2385633885860443,0.2385633885860443,0.07841889560222626,0.4686324417591095,0.08229944109916687,0.6206300646759744,0.07512024790048599,0.0,-0.06434947,0.05299495,0.04540622
0.4642857142857143,0.5,0.3333333333333333,0.42424242424242425,0.6153846153846154,0.5869565217391305,0.0830758586525917,0.08222238719463348,0.3997741629926926,0.39976740476050293,0.7376672642636709,0.2712677263114416,0.10067226099116462,0.10067226099116462,0.929625004529953,0.0,0.0,0.0,0.1555110588669777,0.4677816182374954,0.4711444452404976,0.23452596366405487,0.23452596366405487,0.07825980335474014,0.4686960786581039,0.08197347074747086,0.6215542780105457,0.07262847572565079,0.0,-0.07878415,0.04977639,0.04767361
0.4642857142857143,0.5,0.3333333333333333,0.42424242424242425,0.6153846153846154,0.5869565217391305,0.0829600989818573,0.0821160152554512,0.39921019820364667,0.3992034171780938,0.7387151435501944,0.2702598265839758,0.10067781167370933,0.10067781167370933,0.9288746155798435,0.0,0.0,0.0,0.14875495359301566,0.46849679574370384,0.47175681591033936,0.2245568037033081,0.2245568037033081,0.07791182398796082,0.46883527040481565,0.0813836008310318,0.6213275585756746,0.07051755487918854,0.0,-0.07634227,0.0483678,0.04957886
0.4642857142857143,0.5,0.3333333333333333,0.42424242424242425,0.6153846153846154,0.5869565217391305,0.5318467617034912,0.5291286110877991,0.3386371773925839,0.3386273876430883,0.3653169799717161,0.6331837445731778,0.10640889406204224,0.10640889406204224,0.9128905162215233,0.0,0.0,0.0,0.15532042533159254,0.46177254617214203,0.4636855907738209,0.22290992736816406,0.22290992736816406,0.07847993075847626,0.4686080276966095,0.0820077508687973,0.6105124499908714,0.07013517618179321,0.0,-0.06844624,0.05053259,0.04998769
0.4642857142857143,0.5,0.3333333333333333,0.42424242424242425,0.6153846153846154,0.5869565217391305,0.10270483046770096,0.10163018107414246,0.4411302702376765,0.44112417301301976,0.3976684095298811,0.5985693642737027,0.0767667085996696,0.0767667085996696,0.9359374307096004,0.0,0.0,0.0,0.08973514586687087,0.4783152099698782,0.478256206959486,0.1317528635263443,0.1317528635263443,0.07121431082487106,0.47151427567005155,0.0,0.6976744186046512,0.05440274998545647,0.0,-0.06479807,0.05240006,0.0528132
0.4642857142857143,0.5,0.3333333333333333,0.42424242424242425,0.6153846153846154,0.5869565217391305,0.07119801640510559,0.07011812925338745,0.4417038082392676,0.44169771671295166,0.4194620900126762,0.5764305951211872,0.06591294226901873,0.06591294226901873,0.9426972642540932,0.0,0.0,0.0,0.08076940588653087,0.4811622966080904,0.48119145818054676,0.1189969927072525,0.1189969927072525,0.0,0.5,0.0,0.6976744186046512,0.045712411403656006,0.0,-0.05482327,0.05054796,0.05612722
0.4642857142857143,0.5,0.3333333333333333,0.42424242424242425,0.6153846153846154,0.5869565217391305,0.06941840797662735,0.06830038875341415,0.43964427971703146,0.4396381084139443,0.4366260680368252,0.5591246607433036,0.059291773608752665,0.059291773608752665,0.9454270508140326,0.0,0.0,0.0,0.08137815073132515,0.4819824583828449,0.4820266216993332,0.11969663202762604,0.11969663202762604,0.0,0.5,0.0,0.6976744186046512,0.043451353907585144,0.0,-0.06341404,0.04419927,0.06559943
0.4642857142857143,0.5,0.3333333333333333,0.42424242424242425,0.6153846153846154,0.5869565217391305,0.06776953488588333,0.06663970649242401,0.43882101192984935,0.4388147950400358,0.45293419231192333,0.5427100665318072,0.05388848749654634,0.05388848749654634,0.9479327462613583,0.0,0.0,0.0,0.08364686295390128,0.4821234066039324,0.48216887190937996,0.12290097028017044,0.12290097028017044,0.0,0.5,0.0,0.6976744186046512,0.04062233865261078,0.004013851284980774,-0.05068013,0.03757736,0.06657556
0.4642857142857143,0.5,0.3333333333333333,0.42424242424242425,0.6153846153846154,0.5869565217391305,0.06759950518608093,0.06649447977542877,0.43756864768369247,0.4375623966038341,0.4611432904495108,0.5344949010858522,0.04928325169852802,0.04928325169852802,0.9506956953555346,0.0,0.0,0.0,0.0824871391057968,0.4827553201466799,0.4828022476285696,0.12132064253091812,0.12132064253091812,0.0,0.5,0.0,0.6976744186046512,0.03822498023509979,0.012147108791396022,-0.05285341,0.03660782,0.06481466
0.4642857142857143,0.5,0.3333333333333333,0.42424242424242425,0.6153846153846154,0.5869565217391305,0.04390030726790428,0.04276622459292412,0.44759333977051946,0.44758747617783556,0.4738572888346977,0.5218170301813418,0.04790213491235461,0.04790213491235461,0.9520906750112772,0.0,0.0,0.0,0.08164199031889438,0.4831490032374859,0.48322097957134247,0.12035340815782547,0.12035340815782547,0.0,0.5,0.0,0.6976744186046512,0.03652564436197281,0.015279584331437945,-0.05767113,0.03196179,0.05399108
0.4642857142857143,0.5,0.3333333333333333,0.42424242424242425,0.6153846153846154,0.5869565217391305,0.021177632734179497,0.02099793031811714,0.45274287336871,0.45273722346380607,0.4766725227664123,0.5189315186125321,0.04549361765384674,0.04549361765384674,0.9543977901339531,0.0,0.0,0.0,0.07462808229029178,0.48417119309306145,0.484251344576478,0.11045994609594345,0.11045994609594345,0.0,0.5,0.0,0.6976744186046512,0.03403919190168381,0.017131849890574813,-0.06398205,0.02651191,0.03719198
0.4642857142857143,0.5,0.3333333333333333,0.42424242424242425,0.6153846153846154,0.5869565217391305,0.0,0.0,0.5023211925922685,0.5023175308740846,0.48226832477358056,0.5136776113550654,0.045617832137005675,0.045617832137005675,0.9576307348906994,0.0,0.0,0.0,0.07106483578681945,0.4857318112626672,0.4858436780050397,0.10568024218082428,-0.0,0.0,0.5,0.0,0.6976744186046512,0.032963551580905914,0.01943086739629507,-0.07175332,0.02247725,0.01877581
0.4642857142857143,0.5,0.3333333333333333,0.42424242424242425,0.6153846153846154,0.5869565217391305,0.0,0.0,0.5056438408008497,0.5056403046242366,0.48264958081236303,0.5131998681606749,0.046175995043345866,0.046175995043345866,0.9585672076791525,0.0,0.0,0.0,0.07037082687020302,0.48623669706285,0.486368496902287,0.10525578260421753,-0.0,0.0,0.5,0.0,0.6976744186046512,0.03317707031965256,0.019912105053663254,-0.07512592,0.02100769,0.00432612
0.4642857142857143,0.5,0.3333333333333333,0.42424242424242425,0.6153846153846154,0.5869565217391305,0.0,0.0,0.5110034519240232,0.5110001383388476,0.4858170989936442,0.5101305338159752,0.04840947155441557,0.04840947155441557,0.9607357513159513,0.0,0.0,0.0,0.07322576902806759,0.487321306951344,0.4875850761309266,0.11199486255645752,-0.0,0.0,0.5,0.0,0.6976744186046512,0.035735297948122025,0.019319587154313922,-0.08272591,0.01906976,-0.01814755
0.4642857142857143,0.5,0.3333333333333333,0.42424242424242425,0.6153846153846154,0.5869565217391305,0.0,0.0,0.5119650212916088,0.5119617504439892,0.4869520090392169,0.5090698703018652,0.048846285790205,0.048846285790205,0.9610686898231506,0.0,0.0,0.0,0.07338286750018597,0.4874725863337517,0.48776483722031116,0.11222075670957565,-0.0,0.0,0.5,0.0,0.6976744186046512,0.036060038954019547,0.018965008202940226,-0.09888972,0.01033485,-0.07129756
0.4642857142857143,0.5,0.3333333333333333,0.42424242424242425,0.6153846153846154,0.5869565217391305,0.0,0.0,0.5091867232926717,0.5091833399028213,0.48954234869142793,0.5064802080399169,0.04960732002343451,0.04960732002343451,0.9619017504155636,0.0,0.0,0.0,0.07522104792296885,0.4879808109253645,0.48836249951273203,0.11505238711833954,-0.0,0.0,0.5,0.0,0.6976744186046512,0.036965593695640564,0.017260628519579768,-0.09812833,0.00804491,-0.09742781
0.4642857142857143,0.5,0.3333333333333333,0.42424242424242425,0.6153846153846154,0.5869565217391305,0.0,0.0,0.5075508165484861,0.507547364778546,0.48980586632487877,0.5061990177147653,0.04965233217392649,0.04965233217392649,0.9621214680373669,0.0,0.0,0.0,0.07564189992845058,0.4881068542599678,0.488520254381001,0.11561963707208633,0.11561963707208633,0.0,0.5,0.0,0.6976744186046512,0.03725637122988701,0.01662821974605322,-0.11905497,0.01228404,-0.15323114
0.4642857142857143,0.5,0.3333333333333333,0.42424242424242425,0.6153846153846154,0.5869565217391305,0.25650280714035034,0.2553254961967468,0.4006154318384641,0.4006078644418808,0.4899331003028622,0.5070586067262111,0.05010206252336502,0.05010206252336502,0.9598460923880339,0.0,0.0,0.0,0.10282145068049431,0.4864756343886256,0.48689764738082886,0.152290940284729,0.152290940284729,0.0,0.5,0.0,0.6976744186046512,0.03758011758327484,0.017932081827893853,-0.11828178,0.0115824,-0.17086066
0.4642857142857143,0.5,0.3333333333333333,0.42424242424242425,0.6153846153846154,0.5869565217391305,0.4545336663722992,0.4534887969493866,0.33483558631080057,0.33482571678453377,0.49369817000616123,0.5038582703756734,0.08040214489613261,0.08040214489613261,0.9199836030602455,0.0,0.0,0.0,0.1337987534701824,0.4653993844985962,0.46657606586813927,0.19524383544921875,0.19524383544921875,0.0,0.5,0.050651825964450836,0.6251859838186309,0.046186983585357666,0.017465383280068636,-0.1086398,0.00276008,-0.21093532
0.4642857142857143,0.5,0.3333333333333333,0.42424242424242425,0.6153846153846154,0.5869565217391305,0.11013557761907578,0.10894405841827393,0.43302803308512466,0.43302165664176867,0.4986870633705339,0.4974829154027757,0.06283429584332875,0.06283429584332875,0.9437878727912903,0.0,0.0,0.0,0.09658077359199524,0.4785942807793617,0.4790058769285679,0.143740713596344,0.143740713596344,0.0,0.5,0.0,0.6976744186046512,0.045889802277088165,0.018718399805948138,-0.10727485,0.00384847,-0.2210744
0.4642857142857143,0.5,0.3333333333333333,0.42424242424242425,0.6153846153846154,0.5869565217391305,0.010217889212071896,0.010203409008681774,0.4588045175855064,0.45879910416174574,0.4902476180864794,0.5053575893154514,0.04988143486636026,0.04988143486636026,0.9540147818624973,0.0,0.0,0.0,0.07939292192459106,0.48359469324350357,0.4838419370353222,0.11834893375635147,0.11834893375635147,0.0,0.5,0.0,0.6976744186046512,0.03570916876196861,0.022032163105905056,-0.10645639,0.00540452,-0.22361578
0.4642857142857143,0.5,0.3333333333333333,0.42424242424242425,0.6153846153846154,0.5869565217391305,0.009092709980905056,0.009099346585571766,0.45902123118449806,0.4590158206099078,0.4899769533090792,0.5056230066332666,0.04922587158424514,0.04922587158424514,0.9545228984206915,0.0,0.0,0.0,0.0789281666278839,0.483831325545907,0.484066104516387,0.11765266209840775,0.11765266209840775,0.0,0.5,0.0,0.6976744186046512,0.03515719249844551,0.02234540181234479,-0.10461202,-0.00122825,-0.22853968
0.4642857142857143,0.5,0.3333333333333333,0.42424242424242425,0.6153846153846154,0.5869565217391305,0.0,0.0,0.465919383283327,0.46591424053075436,0.47701888501530165,0.5184023279482224,0.04458971986813205,0.04458971986813205,0.9578060507774353,0.0,0.0,0.0,0.06725488491356373,0.4859181921929121,0.48611233942210674,0.0,-0.0,0.0,0.5,0.0,0.6976744186046512,0.031252797693014145,0.02200220013037324,-0.10857023,-0.00217483,-0.22638793
0.4642857142857143,0.5,0.3333333333333333,0.42424242424242425,0.6153846153846154,0.5869565217391305,0.0,0.0,0.46950396445239706,0.46949894421415167,0.4570787608281604,0.5381777159519856,0.04404779656657151,0.04404779656657151,0.9586478732526302,0.0,0.0,0.0,0.06316328383982181,0.4869631789624691,0.4870954994112253,0.0,-0.0,0.0,0.5,0.0,0.6976744186046512,0.029856480658054352,0.019443437922745943,-0.10521055,-0.00205811,-0.22815529
0.4642857142857143,0.5,0.3333333333333333,0.42424242424242425,0.6153846153846154,0.5869565217391305,0.0964428037405014,0.09541600197553635,0.4525672248626986,0.4525615863544763,0.44071442811940414,0.555281125554953,0.04901459440588951,0.04901459440588951,0.9563713725656271,0.0,0.0,0.0,0.0690992560237646,0.4870191961526871,0.4870969960466027,0.10231997072696686,-0.0,0.0,0.5,0.0,0.6976744186046512,0.031269390136003494,0.014789944980293512,-0.10373866,-0.00376913,-0.22582142
0.4642857142857143,0.5,0.3333333333333333,0.42424242424242425,0.6153846153846154,0.5869565217391305,0.9426504969596863,0.9422070384025574,0.389091597460424,0.38908376794016386,0.4422594477524037,0.5558667044845432,0.08788431595478739,0.08788431595478739,0.921952199190855,0.0,0.0,0.0,0.11265408769249916,0.47344416938722134,0.4750712364912033,0.1626950055360794,0.1626950055360794,0.04904508590698242,0.48038196563720703,0.04744933173060417,0.6184515183748202,0.04336883872747421,0.002474621869623661,-0.10599179,-0.00434243,-0.22212045
0.4642857142857143,0.5,0.3333333333333333,0.42424242424242425,0.6153846153846154,0.5869565217391305,0.18358750641345978,0.18220064043998718,0.40969219353641195,0.40968553787435674,0.6794033137151889,0.32554209751512486,0.09226069918700627,0.09226069918700627,0.922431692481041,0.0,0.0,0.0,0.12477425932884216,0.4719003476202488,0.47349846363067627,0.18521709740161896,0.18521709740161896,0.058295831084251404,0.4766816675662994,0.05714310333132744,0.6136131511871205,0.047568634152412415,0.0,-0.10251533,-0.00516866,-0.22125018
0.4642857142857143,0.5,0.3333333333333333,0.42424242424242425,0.6153846153846154,0.5869565217391305,0.09641340374946594,0.0957845002412796,0.41220254629109604,0.41219614705437685,0.7334050421049216,0.2750520628172804,0.09598792663642339,0.09598792663642339,0.9254760779440403,0.0,0.0,0.0,0.1312334358692169,0.47195699997246265,0.47363713197410107,0.19614022970199585,0.19614022970199585,0.06491044163703918,0.47403582334518435,0.06413371115922928,0.6167979417152183,0.050119902938604355,0.0,-0.10373824,-0.00360054,-0.21670023
0.4642857142857143,0.5,0.3333333333333333,0.42424242424242425,0.6153846153846154,0.5869565217391305,0.0839371606707573,0.08332600444555283,0.41244295928947783,0.41243655435441784,0.7256966685701738,0.2823175613049973,0.09637899696826935,0.09637899696826935,0.9260351434350014,0.0,0.0,0.0,0.13139782547950743,0.4719563126564026,0.4737751204520464,0.19664081931114197,0.19664081931114197,0.06641778349876404,0.4734328866004944,0.06578559428453445,0.6184088265479998,0.0505865253508091,0.0,-0.10545844,-0.0030501,-0.21269014
0.4642857142857143,0.5,0.3333333333333333,0.42424242424242425,0.6153846153846154,0.5869565217391305,0.06020359694957733,0.059588782489299774,0.39633639957435274,0.39632974391229747,0.7881493212843944,0.22460898244763378,0.0975409522652626,0.0975409522652626,0.9266038089990616,0.0,0.0,0.0,0.13008200973272324,0.47179184667766094,0.4740434642881155,0.19546851515769958,0.19546851515769958,0.06918925791978836,0.47232429683208466,0.06961686164140701,0.6219045921813611,0.051776476204395294,0.0,-0.11000394,0.0013818,-0.19183426
0.4642857142857143,0.5,0.3333333333333333,0.42424242424242425,0.6153846153846154,0.5869565217391305,0.03641372546553612,0.03594018891453743,0.3980805705199962,0.39807394904798576,0.7833878105046872,0.2290087853466753,0.09898516748632705,0.09898516748632705,0.9261092804372311,0.0,0.0,0.0,0.11426911652088165,0.4728078804910183,0.4752384629100561,0.17355377972126007,0.17355377972126007,0.06837102770805359,0.47265158891677855,0.06984860450029373,0.6269437299911366,0.05182548612356186,0.0,-0.12466781,-0.00439146,-0.1347207
0.4642857142857143,0.5,0.3333333333333333,0.42424242424242425,0.6153846153846154,0.5869565217391305,0.033990103751420975,0.033540137112140656,0.396528821146511,0.39652216548445574,0.7847880751863265,0.2277515946058602,0.10030352111373629,0.10030352111373629,0.9254674464464188,0.0,0.0,0.0,0.11393933072686195,0.4729446228593588,0.4753772187978029,0.1728978008031845,0.1728978008031845,0.06795778125524521,0.4728168874979019,0.0,0.6976744186046512,0.05209938436746597,0.0,-0.09178083,-0.00202252,-0.05847295
0.4642857142857143,0.5,0.3333333333333333,0.42424242424242425,0.6153846153846154,0.5869565217391305,0.03171239793300629,0.03128553554415703,0.4037391141085506,0.40373269777680904,0.7846549391518587,0.22794611316743313,0.10505768337420056,0.10505768337420056,0.9253920055925846,0.0,0.0,0.0,0.1969483494758606,0.46230561286211014,0.46732910349965096,0.29669076204299927,0.29669076204299927,0.06969229876995087,0.4721230804920197,0.07417305558919907,0.623516766137855,0.09387680888175964,0.0,-0.07682379,0.01137064,-0.01257368
0.4642857142857143,0.5,0.3333333333333333,0.42424242424242425,0.6153846153846154,0.5869565217391305,0.031223945319652557,0.03076225332915783,0.40430326124450217,0.4042968677061238,0.7832208947059529,0.2292386336212126,0.10841448392186846,0.10841448392186846,0.92627814412117,0.0,0.0,0.0,0.20287411510944364,0.4598640203475952,0.46513473987579346,0.30522865056991577,0.30522865056991577,0.0713190883398056,0.47147236466407777,0.07756666094064713,0.6212866756805154,0.1026977151632309,0.0,-0.06941968,0.01734882,0.00193573
0.4642857142857143,0.5,0.3333333333333333,0.42424242424242425,0.6153846153846154,0.5869565217391305,0.033455006778240204,0.03297374024987221,0.399586983894071,0.39958043080215017,0.7868241379411454,0.22586744961678817,0.10858711387429919,0.10858711387429919,0.9263782761991024,0.0,0.0,0.0,0.2155909866094589,0.4564766101539135,0.4622725397348404,0.32199302315711975,0.32199302315711975,0.07195038348436356,0.4712198466062546,0.07951413094997406,0.6209890284510546,0.11319362372159958,0.0,-0.05900479,0.01897457,0.02718202
0.4642857142857143,0.5,0.3333333333333333,0.42424242424242425,0.6153846153846154,0.5869565217391305,0.03285035863518715,0.032335203140974045,0.4031043075466703,0.4030978912149287,0.7918575051637726,0.2212760912933901,0.11016236884253366,0.11016236884253366,0.9264625310897827,0.0,0.0,0.0,0.22274639904499052,0.4547448046505451,0.46065040677785873,0.3343164324760437,0.3343164324760437,0.07234051823616028,0.4710637927055359,0.08088508993387222,0.6194278372581615,0.11985984444618225,0.0,-0.05799294,0.02368097,0.04417239
0.4642857142857143,0.5,0.3333333333333333,0.42424242424242425,0.6153846153846154,0.5869565217391305,0.04424609616398811,0.04353906959295273,0.4054163124547634,0.4054099702014522,0.7859204494702429,0.22682132907346325,0.11172470237527575,0.11172470237527575,0.9261772595345974,0.0,0.0,0.0,0.2425306051969528,0.4494861774146557,0.4571535475552082,0.36505189538002014,0.36505189538002014,0.07256141304969788,0.4709754347801208,0.0818026214838028,0.6180489375147709,0.13276304304599762,0.0,-0.05493588,0.0240321,0.05066184
0.4642857142857143,0.5,0.3333333333333333,0.42424242424242425,0.6153846153846154,0.5869565217391305,0.04807617887854576,0.047374382615089417,0.40087502545198106,0.4008685749301947,0.7951633178025312,0.2182679599780603,0.11335079691239766,0.11335079691239766,0.925079707056284,0.0,0.0,0.0,0.25566035956144334,0.4448820985853672,0.4521755389869213,0.3815504312515259,0.3815504312515259,0.0726865828037262,0.4709253668785095,0.08235371857881546,0.6161270723786465,0.13683438301086426,0.0,-0.05678729,0.02323368,0.05080688
0.4642857142857143,0.5,0.3333333333333333,0.42424242424242425,0.6153846153846154,0.5869565217391305,0.8993939757347107,0.8982089161872864,0.3935851608590004,0.39357758206573545,0.4026248491516988,0.5965857148575687,0.1153812131711415,0.1153812131711415,0.9221704564988613,0.0,0.0,0.0,0.26364648193120954,0.44276442378759384,0.4489746727049351,0.38587620854377747,0.38587620854377747,0.07438410073518753,0.470246359705925,0.08421400189399719,0.6121679395437241,0.14380358159542084,0.0,-0.05991794,0.02073364,0.05717658
0.4642857142857143,0.5,0.3333333333333333,0.42424242424242425,0.6153846153846154,0.5869565217391305,0.40870314836502075,0.40729981660842896,0.3737246310961634,0.37371609498164393,0.37710663055142757,0.620705477999405,0.11627431426729476,0.11627431426729476,0.9194741807878017,0.0,0.0,0.0,0.24558002203702925,0.44433171302080154,0.4475944750010967,0.35425159335136414,0.35425159335136414,0.07853755354881287,0.4685849785804749,0.08810961246490479,0.6105605998011523,0.14050306379795074,0.0,-0.06916795,0.01940934,0.06151382
0.4642857142857143,0.5,0.3333333333333333,0.42424242424242425,0.6153846153846154,0.5869565217391305,0.1173340454697609,0.11639118194580078,0.44555987545910575,0.4455539377879914,0.4175065847017569,0.5785167491408146,0.09714703474725997,0.09714703474725997,0.9293588139116764,0.0,0.0,0.0,0.2432076796889305,0.4493289552628994,0.45124997943639755,0.35308679938316345,0.35308679938316345,0.07804178446531296,0.46878328621387483,0.0,0.6976744186046512,0.13963784277439117,0.0,-0.06826033,0.00074791,0.07434015
0.4642857142857143,0.5,0.3333333333333333,0.42424242424242425,0.6153846153846154,0.5869565217391305,0.060477953404188156,0.05948682874441147,0.4517893529075054,0.45178363177334147,0.43988520556608535,0.5556957773766428,0.08220339992216656,0.08220339992216656,0.9346678704023361,0.0,0.0,0.0,0.2474299371242523,0.45047150179743767,0.4524754174053669,0.36192575097084045,0.36192575097084045,0.0756751000881195,0.4697299599647522,0.0,0.6976744186046512,0.13688088953495026,0.0,-0.0647219,-0.00608257,0.07594198
0.4642857142857143,0.5,0.3333333333333333,0.42424242424242425,0.6153846153846154,0.5869565217391305,0.056286439299583435,0.05536967143416405,0.44982689562080924,0.44982112320157813,0.4519736657407042,0.5435427479779921,0.07777450606226921,0.07777450606226921,0.9370974656194448,0.0,0.0,0.0,0.25711967200040814,0.4507158026099205,0.4526972621679306,0.376420259475708,0.376420259475708,0.07400529831647873,0.4703978806734085,0.0,0.6976744186046512,0.13491517305374146,0.004570817691273987,-0.06046555,-0.00805092,0.08415579
0.4642857142857143,0.5,0.3333333333333333,0.42424242424242425,0.6153846153846154,0.5869565217391305,0.050673454999923706,0.04974445700645447,0.44798816070957803,0.4479823085135757,0.4592682485598679,0.5361586955099165,0.07352729461022786,0.07352729461022786,0.9391971733421087,0.0,0.0,0.0,0.25898832082748413,0.45078957825899124,0.45277170464396477,0.3792862594127655,0.3792862594127655,0.0,0.5,0.0,0.6976744186046512,0.12905865907669067,0.01328514888882637,-0.0553127,-0.01808366,0.09043764
0.4642857142857143,0.5,0.3333333333333333,0.42424242424242425,0.6153846153846154,0.5869565217391305,0.04573230817914009,0.044817883521318436,0.44647348474134224,0.4464675641652503,0.47196892137509233,0.5234642951433285,0.06834926615868296,0.06834926615868296,0.941453754901886,0.0,0.0,0.0,0.2646706312894821,0.45122868195176125,0.45315464213490486,0.38813379406929016,0.38813379406929016,0.0,0.5,0.0,0.6976744186046512,0.11788897961378098,0.024013875517994165,-0.04948304,-0.0210323,0.10140771
0.4642857142857143,0.5,0.3333333333333333,0.42424242424242425,0.6153846153846154,0.5869565217391305,0.04609829559922218,0.045234955847263336,0.4473658904974593,0.44735999841307134,0.47581303062676017,0.5196420276319497,0.06688277902347702,0.06688277902347702,0.9422509968280792,0.0,0.0,0.0,0.26215293556451796,0.45198024809360504,0.4537218101322651,0.38427430391311646,0.38427430391311646,0.0,0.5,0.0,0.6976744186046512,0.11596380174160004,0.028968676924705505,-0.04090332,-0.02389748,0.11935193
0.4642857142857143,0.5,0.3333333333333333,0.42424242424242425,0.6153846153846154,0.5869565217391305,0.04275990277528763,0.04186225309967995,0.44763187764935464,0.44762601405667074,0.47755658330242673,0.5179117008052816,0.06411676162055562,0.06411676162055562,0.9438930414617062,0.0,0.0,0.0,0.24944908171892163,0.45353351905941963,0.45514869689941406,0.3667561411857605,0.3667561411857605,0.0,0.5,0.0,0.6976744186046512,0.10857558250427246,0.03368766512721777,-0.04415812,-0.02794476,0.16853519
0.4642857142857143,0.5,0.3333333333333333,0.42424242424242425,0.6153846153846154,0.5869565217391305,0.1863921880722046,0.1843414306640625,0.4161840453886393,0.41617705352447687,0.4882527422266754,0.5082888471642092,0.07224763078348978,0.07224763078348978,0.9429627489298582,0.0,0.0,0.0,0.22447173893451688,0.4566267132759094,0.4581608884036541,0.3301723301410675,0.3301723301410675,0.0,0.5,0.0,0.6976744186046512,0.10765674710273743,0.032473711762577295,-0.02083796,-0.02670167,0.22636485
0.4642857142857143,0.5,0.3333333333333333,0.42424242424242425,0.6153846153846154,0.5869565217391305,0.0,0.0,0.4959779180315667,0.4959740000661199,0.4982756998810212,0.49766307414553085,0.07333098511610713,0.07333098511610713,0.9475642796605825,0.0,0.0,0.0,0.18619471341371535,0.4696167856454849,0.4704599641263485,0.27877768874168396,0.27877768874168396,0.0,0.5,0.0,0.6976744186046512,0.089944027364254,0.031037237495183945,-0.01741063,-0.02761856,0.25221199
0.4642857142857143,0.5,0.3333333333333333,0.42424242424242425,0.6153846153846154,0.5869565217391305,0.0,0.0,0.5006491966976518,0.5006454634830982,0.4959144467064117,0.5000004936535951,0.07201131965432848,0.07201131965432848,0.9497531857341528,0.0,0.0,0.0,0.2169312000274658,0.4702528230845928,0.47122079506516457,0.32591673731803894,0.32591673731803894,0.0,0.5,0.0,0.6976744186046512,0.08863426744937897,0.034678198862820864,-0.01387955,-0.02900689,0.26970059
0.4642857142857143,0.5,0.3333333333333333,0.42424242424242425,0.6153846153846154,0.5869565217391305,0.0,0.0,0.5019179763945522,0.5019142933075902,0.4967734829787998,0.4991358787055631,0.07023414596915245,0.07023414596915245,0.9510021843016148,0.0,0.0,0.0,0.18844669461250305,0.47149685584008694,0.4725736975669861,0.28383058309555054,0.28383058309555054,0.0,0.5,0.0,0.6976744186046512,0.08774865418672562,0.03222267376258969,-0.01757484,-0.03285025,0.2856636
0.4642857142857143,0.5,0.3333333333333333,0.42424242424242425,0.6153846153846154,0.5869565217391305,0.0,0.0,0.49877383752617394,0.49877001215876515,0.5043074833674367,0.4913839128636899,0.06592430972627232,0.06592430972627232,0.954664932563901,0.0,0.0,0.0,0.15891143083572387,0.4768631402403116,0.4782932475209236,0.24530911445617676,0.24530911445617676,0.0,0.5,0.0,0.6976744186046512,0.08501649647951126,0.0,-0.0222458,-0.03229535,0.29497012
0.4642857142857143,0.5,0.3333333333333333,0.42424242424242425,0.6153846153846154,0.5869565217391305,0.0,0.0,0.4926446664572674,0.4926406049648617,0.5117459685237185,0.48411894432166747,0.06221315690449306,0.06221315690449306,0.9559275768697262,0.0,0.0,0.0,0.1674564778804779,0.4778812490403652,0.4792468994855881,0.2554289996623993,0.2554289996623993,0.0,0.5,0.0,0.6976744186046512,0.0729023814201355,0.0,-0.02224717,-0.03664722,0.29481557
0.4642857142857143,0.5,0.3333333333333333,0.42424242424242425,0.6153846153846154,0.5869565217391305,0.0,0.0,0.48347909540564793,0.48347468488986817,0.5224503430308165,0.47373719989860896,0.05905227735638619,0.05905227735638619,0.9578629024326801,0.0,0.0,0.0,0.12524762004613876,0.4802941009402275,0.48166696913540363,0.1932888627052307,0.1932888627052307,0.0,0.5,0.0,0.6976744186046512,0.06849787384271622,0.0,-0.02576197,-0.03793857,0.29627466
0.4642857142857143,0.5,0.3333333333333333,0.42424242424242425,0.6153846153846154,0.5869565217391305,0.9380595684051514,0.9378882646560669,0.3671282659753103,0.3671196158939748,0.5222239194591004,0.4758076008550929,0.08088638473834311,0.08088638473834311,0.9437563009560108,0.0,0.0,0.0,0.18222308754920957,0.467570424079895,0.4701166171580553,0.2698915898799896,0.2698915898799896,0.0,0.5,0.0,0.6976744186046512,0.07255609333515167,0.0,-0.02786415,-0.03634799,0.30008987
0.4642857142857143,0.5,0.3333333333333333,0.42424242424242425,0.6153846153846154,0.5869565217391305,0.2885986864566803,0.2879014015197754,0.3691858114749478,0.3691775374841052,0.32664978299040637,0.6753044096000741,0.08753074333071709,0.08753074333071709,0.9395789988338947,0.0,0.0,0.0,0.18717433363199232,0.4636634662747383,0.4662237837910652,0.2774723768234253,0.2774723768234253,0.06892846524715424,0.47242861390113833,0.0685415118932724,0.6265233197184497,0.07731254398822784,0.004813773557543755,-0.03393398,-0.03502624,0.29790714
0.4642857142857143,0.5,0.3333333333333333,0.42424242424242425,0.6153846153846154,0.5869565217391305,0.042744722217321396,0.04117779806256294,0.4335203469369425,0.4335143408857386,0.31803030174503366,0.6836430880074696,0.08745663932391576,0.08745663932391576,0.9367777314037085,0.0,0.0,0.0,0.1843230292201042,0.4641869030892849,0.465954527258873,0.27141618728637695,0.27141618728637695,0.0,0.5,0.0,0.6976744186046512,0.07959939539432526,0.02125175204128027,-0.04643246,-0.03972945,0.26932162
0.4642857142857143,0.5,0.3333333333333333,0.42424242424242425,0.6153846153846154,0.5869565217391305,0.020788634195923805,0.020618604496121407,0.44302083155849015,0.4430151674077342,0.32054567473796314,0.6808703209605723,0.08591386888708388,0.08591386888708388,0.9365459326654673,0.0,0.0,0.0,0.16754640713334082,0.46648136153817177,0.4676406979560852,0.24698011577129364,0.24698011577129364,0.0,0.5,0.0,0.6976744186046512,0.07800258696079254,0.025988747365772724,-0.0494431,-0.03867808,0.26496065
0.4642857142857143,0.5,0.3333333333333333,0.42424242424242425,0.6153846153846154,0.5869565217391305,0.014088205061852932,0.014052306301891804,0.4520034794597735,0.45199806603601284,0.3457790902650151,0.6543771390426633,0.08452755266002247,0.08452755266002247,0.9361853264272213,0.0,0.0,0.0,0.16535963937640188,0.46812330186367035,0.46924095042049885,0.24347729980945587,0.24347729980945587,0.0,0.5,0.0,0.6976744186046512,0.0769047886133194,0.03287667874246836,-0.06769961,-0.0363648,0.26116598
0.4642857142857143,0.5,0.3333333333333333,0.42424242424242425,0.6153846153846154,0.5869565217391305,0.0,0.0,0.4475886158459957,0.44758317962887184,0.29562278459450486,0.7072608985540237,0.08326487349612373,0.08326487349612373,0.9352968260645866,0.0,0.0,0.0,0.15961916670203208,0.4715474918484688,0.4721649307757616,0.23137739300727844,0.23137739300727844,0.0,0.5,0.0,0.6976744186046512,0.07439865916967392,0.04759227856993675,-0.08643651,-0.02914577,0.26553246
0.4642857142857143,0.5,0.3333333333333333,0.42424242424242425,0.6153846153846154,0.5869565217391305,0.0,0.0,0.4480324881026667,0.44802706328222447,0.2980573893049251,0.7046707747264707,0.08393195324710438,0.08393195324710438,0.9347699135541916,0.0,0.0,0.0,0.15991077572107315,0.4716250076889992,0.47224404849112034,0.23178420960903168,0.23178420960903168,0.0,0.5,0.0,0.6976744186046512,0.07448960840702057,0.04900082480162382,-0.10234608,-0.02428889,0.27449185
0.4642857142857143,0.5,0.3333333333333333,0.42424242424242425,0.6153846153846154,0.5869565217391305,0.0,0.0,0.45172095002453366,0.4517156163775442,0.314108942936301,0.6877170711762084,0.08741987603051322,0.08741987603051322,0.9319811575114727,0.0,0.0,0.0,0.15216481760144232,0.4724475387483835,0.4731341451406479,0.22079254686832428,0.22079254686832428,0.0,0.5,0.0,0.6976744186046512,0.07488138973712921,0.05619151517748833,-0.10997462,-0.01960389,0.25215602
0.4642857142857143,0.5,0.3333333333333333,0.42424242424242425,0.6153846153846154,0.5869565217391305,0.0,0.0,0.45374403195900853,0.45373877808879026,0.3129155850091354,0.6889820230571941,0.08983881345817021,0.08983881345817021,0.9301683343946934,0.0,0.0,0.0,0.15482502952218055,0.4702068902552128,0.47158402390778065,0.22496674954891205,0.22496674954891205,0.0,0.5,0.0,0.6976744186046512,0.07667139172554016,0.05965957883745432,-0.11446381,-0.01812931,0.24675088
0.4642857142857143,0.5,0.3333333333333333,0.42424242424242425,0.6153846153846154,0.5869565217391305,0.0,0.0,0.4557425084579059,0.4557373514594813,0.3067011796721537,0.6955645070198566,0.09017756474869593,0.09017756474869593,0.9304801151156425,0.0,0.0,0.0,0.16122620552778244,0.47090848349034786,0.47214992716908455,0.2337910681962967,0.2337910681962967,0.0,0.5,0.0,0.6976744186046512,0.07611863315105438,0.06285780109465122,-0.14168933,-0.01343696,0.19737396
0.4642857142857143,0.5,0.3333333333333333,0.42424242424242425,0.6153846153846154,0.5869565217391305,0.026105225086212158,0.024391191080212593,0.43905068925416263,0.4390447686780707,0.3626677187633332,0.6367805372865838,0.09080832558018821,0.09080832558018821,0.9302840195596218,0.0,0.0,0.0,0.19623219072818754,0.4654671289026737,0.4671776778995991,0.28539910912513733,0.28539910912513733,0.0,0.5,0.0,0.6976744186046512,0.07438734173774719,0.06849356461316347,-0.15135477,-0.00377051,0.12277108
0.4642857142857143,0.5,0.3333333333333333,0.42424242424242425,0.6153846153846154,0.5869565217391305,0.11561010032892227,0.11486145108938217,0.41013238466492574,0.41012522185053923,0.43219706683952086,0.5649813612840321,0.09078798549515861,0.09078798549515861,0.9296364933252335,0.0,0.0,0.0,0.19203630238771438,0.4645158126950264,0.46628521755337715,0.2788207232952118,0.2788207232952118,0.0,0.5,0.0,0.6976744186046512,0.07387670129537582,0.07140740752220154,-0.14532949,0.0040119,0.05231173
0.4642857142857143,0.5,0.3333333333333333,0.42424242424242425,0.6153846153846154,0.5869565217391305,0.148370161652565,0.14781948924064636,0.41114788597901963,0.4111407630530188,0.44120234855046464,0.555820881521845,0.09069982117840222,0.09069982117840222,0.9273606240749359,0.0,0.0,0.0,0.17987124174833297,0.46462466940283775,0.4663972742855549,0.2601301968097687,0.2601301968097687,0.0,0.5,0.0,0.6976744186046512,0.07246015220880508,0.08532698266208172,-0.1420142,0.00714368,0.0303003
0.4642857142857143,0.5,0.3333333333333333,0.42424242424242425,0.6153846153846154,0.5869565217391305,0.140249103307724,0.1397334635257721,0.41505418407301603,0.41504716941549036,0.4500565558501001,0.5467895450379556,0.09304592918072428,0.09304592918072428,0.9239669255912304,0.0,0.0,0.0,0.174723145365715,0.46469226107001305,0.4666409455239773,0.2524096965789795,0.2524096965789795,0.0,0.5,0.0,0.6976744186046512,0.06976768374443054,0.10089157149195671,-0.13511138,0.01393118,-0.01655139
0.4642857142857143,0.5,0.3333333333333333,0.42424242424242425,0.6153846153846154,0.5869565217391305,0.12069576233625412,0.1198817789554596,0.4230961099865332,0.4230894201344331,0.44985211647719314,0.5469065903825874,0.09501588929976737,0.09501588929976737,0.922090295702219,0.0,0.0,0.0,0.1574741117656231,0.46564433723688126,0.46798913925886154,0.2284921258687973,0.2284921258687973,0.0,0.5,0.0,0.6976744186046512,0.0665038675069809,0.10504194535315037,-0.12136542,0.0163352,-0.06335031
0.4642857142857143,0.5,0.3333333333333333,0.42424242424242425,0.6153846153846154,0.5869565217391305,0.11831912398338318,0.11759686470031738,0.4241444907270472,0.4241378236683103,0.4545582792727031,0.5421347079103302,0.09986416303685734,0.09986416303685734,0.9179034233093262,0.0,0.0,0.0,0.18138485699892043,0.4636562690138817,0.4664296992123127,0.2607008218765259,0.2607008218765259,0.0,0.5,0.0,0.6976744186046512,0.06784482300281525,0.11535882018506527,-0.11651295,0.01999326,-0.10325966
0.4642857142857143,0.5,0.3333333333333333,0.42424242424242425,0.6153846153846154,0.5869565217391305,0.11629825830459595,0.11555325239896774,0.42526714364155754,0.42526051647120633,0.4449859214786362,0.5517609022036971,0.10127164955650057,0.10127164955650057,0.9175206199288368,0.0,0.0,0.0,0.17034537494182586,0.4636937454342842,0.4665755033493042,0.24736469984054565,0.24736469984054565,0.08169292658567429,0.4673228293657303,0.0,0.6976744186046512,0.06680639833211899,0.11587582528591156,-0.11668173,0.02035993,-0.10683372
0.4642857142857143,0.5,0.3333333333333333,0.42424242424242425,0.6153846153846154,0.5869565217391305,0.18167337775230408,0.1811097264289856,0.4138482442093625,0.4138411896634512,0.43154787196711875,0.5652515488253902,0.09846115484833717,0.09846115484833717,0.9202668219804764,0.0,0.0,0.0,0.1705572925508022,0.4641175642609596,0.46693921089172363,0.2479887753725052,0.2479887753725052,0.08281806856393814,0.4668727725744247,0.0,0.6976744186046512,0.062114130705595016,0.10578827932476997,-0.12074254,0.02067659,-0.11904008
0.4642857142857143,0.5,0.3333333333333333,0.42424242424242425,0.6153846153846154,0.5869565217391305,0.28410443663597107,0.283915251493454,0.3840384114084918,0.38403017160769404,0.5060850651097799,0.4904315491656678,0.09859922475048474,0.09859922475048474,0.9203820005059242,0.0,0.0,0.0,0.1709937699139118,0.4638715870678425,0.4666864611208439,0.24862442910671234,0.24862442910671234,0.08316273987293243,0.466734904050827,0.0,0.6976744186046512,0.062017083168029785,0.10552270337939262,-0.11504162,0.02475936,-0.12837058
0.4642857142857143,0.5,0.3333333333333333,0.42424242424242425,0.6153846153846154,0.5869565217391305,0.26838406920433044,0.26818302273750305,0.39349194740018245,0.39348414067328547,0.6309340018387278,0.3684782065072839,0.10409098118543625,0.10409098118543625,0.9177444018423557,0.0,0.0,0.0,0.1661807008087635,0.45954426750540733,0.4620881751179695,0.2456972897052765,0.2456972897052765,0.08583805710077286,0.46566477715969085,0.08565548807382584,0.6230790878451148,0.061694394797086716,0.09663780219852924,-0.11157812,0.03206004,-0.12858851
0.4642857142857143,0.5,0.3333333333333333,0.42424242424242425,0.6153846153846154,0.5869565217391305,0.11519540846347809,0.11419569700956345,0.4470286569905327,0.44702296434807276,0.6207610161309033,0.37889010085151886,0.09886728865759714,0.09886728865759714,0.9213077686727047,0.0,0.0,0.0,0.1644103206694126,0.4612322710454464,0.46331580355763435,0.2440716177225113,0.2440716177225113,0.08388867974281311,0.46644452810287473,0.08303722739219666,0.6199538621098496,0.059396252036094666,0.0787603110074997,-0.10784865,0.03089129,-0.12581156
0.4642857142857143,0.5,0.3333333333333333,0.42424242424242425,0.6153846153846154,0.5869565217391305,0.037793222814798355,0.037017956376075745,0.4620378330834281,0.4620327188225595,0.5779438657012997,0.42071760903758204,0.09222168741481646,0.09222168741481646,0.9260829202830791,0.0,0.0,0.0,0.14183133989572524,0.4672831930220127,0.4683830067515373,0.2120979130268097,0.2120979130268097,0.07849352806806564,0.4686025887727737,0.07681097835302353,0.6245653331279755,0.057012252509593964,0.05941624753177166,-0.10251786,0.02572599,-0.07987545
0.4642857142857143,0.5,0.3333333333333333,0.42424242424242425,0.6153846153846154,0.5869565217391305,0.02996920794248581,0.02913997881114483,0.4584181187941513,0.45841288201895547,0.5504297690455362,0.4478951502889743,0.09037869583283152,0.09037869583283152,0.9279458522796631,0.0,0.0,0.0,0.13643009290099142,0.46946162544190884,0.47065961733460426,0.20461267232894897,0.20461267232894897,0.0756683498620987,0.4697326600551605,0.0741758644580841,0.6263431386892185,0.05669413506984711,0.02518982859328389,-0.1030808,0.0168543,-0.01889539
0.4642857142857143,0.5,0.3333333333333333,0.42424242424242425,0.6153846153846154,0.5869565217391305,0.03076871670782566,0.02976522035896778,0.45465531631819833,0.4546499285369713,0.5322739834083425,0.4657501718003658,0.08790478642497744,0.08790478642497744,0.9293712601065636,0.0,0.0,0.0,0.1455246977508068,0.47039254009723663,0.4714482333511114,0.21666382253170013,0.21666382253170013,0.07393622398376465,0.47042551040649416,0.0,0.6976744186046512,0.05757796764373779,0.009540622122585773,-0.09049361,0.01420969,0.02800591
0.4642857142857143,0.5,0.3333333333333333,0.42424242424242425,0.6153846153846154,0.5869565217391305,0.033923253417015076,0.032746125012636185,0.45316816618520034,0.4531619378987052,0.5221271958223492,0.47607024308093826,0.08850050824029106,0.08850050824029106,0.9291149564087391,0.0,0.0,0.0,0.15107542872428892,0.47018006816506386,0.4710540473461151,0.22423085570335388,0.22423085570335388,0.07554367929697037,0.46978252828121186,0.07586992532014847,0.6221131235361099,0.060381148010492325,0.0,-0.07648415,0.00429777,0.06009336
0.4642857142857143,0.5,0.3333333333333333,0.42424242424242425,0.6153846153846154,0.5869565217391305,0.04362258315086365,0.04216054826974869,0.4538782278848652,0.453872042335926,0.5051969277670689,0.49287951648526573,0.09015168728572982,0.09015168728572982,0.9281850904226303,0.0,0.0,0.0,0.15681134834885596,0.4692217167466879,0.4700464494526386,0.2319864183664322,0.2319864183664322,0.07679703086614609,0.46928118765354154,0.07769179344177246,0.6193765322136324,0.06276922672986984,0.0,-0.06343474,-0.01004445,0.10344822
0.4642857142857143,0.5,0.3333333333333333,0.42424242424242425,0.6153846153846154,0.5869565217391305,0.055361609905958176,0.05394258722662926,0.4521564286252053,0.4521501718470061,0.5043222933551778,0.4937392080668459,0.0907191208430699,0.0907191208430699,0.9278817437589169,0.0,0.0,0.0,0.16554639786481856,0.46852678060531616,0.46937342174351215,0.2446180135011673,0.2446180135011673,0.07742849737405777,0.4690286010503769,0.07855270802974701,0.6183002126771351,0.06396675854921341,0.0,-0.04979156,-0.01687254,0.13416387
0.4642857142857143,0.5,0.3333333333333333,0.42424242424242425,0.6153846153846154,0.5869565217391305,0.06943067163228989,0.06763212382793427,0.4508557994324664,0.45084946287749605,0.49329133767698735,0.5044589609711799,0.09054754195468767,0.09054754195468767,0.927737720310688,0.0,0.0,0.0,0.1500854507088661,0.4687587134540081,0.46950115635991096,0.2211173176765442,0.2211173176765442,0.07820847630500793,0.4687166094779968,0.07975643873214722,0.6179642296114634,0.0657980889081955,0.0,-0.05147486,-0.02409787,0.16983874
0.4642857142857143,0.5,0.3333333333333333,0.42424242424242425,0.6153846153846154,0.5869565217391305,0.15121251344680786,0.14958244562149048,0.43174071521649626,0.43173361508385855,0.457856065798444,0.5391864333913563,0.09153204837015698,0.09153204837015698,0.9272596687078476,0.0,0.0,0.0,0.16948389410972595,0.46725061535835266,0.4683525934815407,0.2502572238445282,0.2502572238445282,0.07890316843986511,0.46843873262405394,0.08065113425254822,0.6146954849015835,0.06801147013902664,0.0,-0.02707964,-0.03813355,0.24882959
0.4642857142857143,0.5,0.3333333333333333,0.42424242424242425,0.6153846153846154,0.5869565217391305,0.0963781401515007,0.09516669064760208,0.46466172242939585,0.4646557477190663,0.4020657735390599,0.5946976209183218,0.09851540305784771,0.09851540305784771,0.9314446449279785,0.0,0.0,0.0,0.1411777138710022,0.47047714702785015,0.4709102790802717,0.2073419690132141,0.2073419690132141,0.07732478529214859,0.4690700858831406,0.07891066372394562,0.6207696123178615,0.07892364263534546,0.0,-0.02890352,-0.03986675,0.24671546
0.4642857142857143,0.5,0.3333333333333333,0.42424242424242425,0.6153846153846154,0.5869565217391305,0.0,0.0,0.5104562053545939,0.5104519337358712,0.4464409586120518,0.5493778632037676,0.08207053478275027,0.08207053478275027,0.9497037883847952,0.0,0.0,0.0,0.12131406143307685,0.476507818326354,0.4767801072448492,0.17979812622070312,0.17979812622070312,0.0,0.5,0.0,0.6976744186046512,0.07091257721185684,0.0,-0.0302305,-0.04105647,0.2461831
0.4642857142857143,0.5,0.3333333333333333,0.42424242424242425,0.6153846153846154,0.5869565217391305,0.0,0.0,0.5113357399834274,0.5113315096776755,0.47411196762927404,0.5217515334521785,0.07728148251771927,0.07728148251771927,0.952424606308341,0.0,0.0,0.0,0.1418630339205265,0.4777013696730137,0.47803692519664764,0.21387262642383575,0.21387262642383575,0.0,0.5,0.0,0.6976744186046512,0.06852400302886963,0.005949583719484508,-0.02965584,-0.03709726,0.24786206
0.4642857142857143,0.5,0.3333333333333333,0.42424242424242425,0.6153846153846154,0.5869565217391305,0.0,0.0,0.5050849610686758,0.5050804821728064,0.4913302123774534,0.5044625224341803,0.07111024909785817,0.07111024909785817,0.9549143370240927,0.0,0.0,0.0,0.1422391481697559,0.47929951548576355,0.47980031184852123,0.21419475972652435,0.21419475972652435,0.0,0.5,0.0,0.6976744186046512,0.06712149828672409,0.01498824218288064,-0.03343799,-0.03835338,0.2392032
0.4642857142857143,0.5,0.3333333333333333,0.42424242424242425,0.6153846153846154,0.5869565217391305,0.0,0.0,0.5024047527056237,0.5024001664316449,0.5206294168591727,0.4753097197243128,0.06509892908590181,0.06509892908590181,0.9578891173005104,0.0,0.0,0.0,0.12197313234210014,0.48188100196421146,0.48245436511933804,0.1849006861448288,0.1849006861448288,0.0,0.5,0.0,0.6976744186046512,0.06336912512779236,0.02096115378662944,-0.04351594,-0.03574936,0.21270271
0.4642857142857143,0.5,0.3333333333333333,0.42424242424242425,0.6153846153846154,0.5869565217391305,0.5162906050682068,0.5142534375190735,0.33040167314372604,0.3303910628331551,0.4684919961095996,0.5293624881525973,0.0661316966371877,0.0661316966371877,0.9545292593538761,0.0,0.0,0.0,0.1748607538640499,0.4741200916469097,0.4756479449570179,0.26015806198120117,0.26015806198120117,0.0,0.5,0.0,0.6976744186046512,0.06881508976221085,0.024480049032717943,-0.04478838,-0.03680318,0.17347753
0.4642857142857143,0.5,0.3333333333333333,0.42424242424242425,0.6153846153846154,0.5869565217391305,0.2869857847690582,0.28591781854629517,0.37645489991736913,0.3764463865962129,0.282334800887974,0.7218147572727499,0.08112253355128425,0.08112253355128425,0.947587464004755,0.0,0.0,0.0,0.1964784935116768,0.4675331562757492,0.4690254833549261,0.29050546884536743,0.29050546884536743,0.06562340259552002,0.473750638961792,0.0,0.6976744186046512,0.08135385811328888,0.029481947422027588,-0.04135645,-0.0375792,0.15888309
0.4642857142857143,0.5,0.3333333333333333,0.42424242424242425,0.6153846153846154,0.5869565217391305,0.04440048336982727,0.04313759133219719,0.43394397298874865,0.43393736861176063,0.2676434526024084,0.736820528607017,0.08974899138723101,0.08974899138723101,0.941796125844121,0.0,0.0,0.0,0.20713243186473845,0.4657604806125164,0.466730460524559,0.30413979291915894,0.30413979291915894,0.0,0.5,0.0,0.6976744186046512,0.086339071393013,0.04319257568567991,-0.03825095,-0.03458454,0.13396594
0.4642857142857143,0.5,0.3333333333333333,0.42424242424242425,0.6153846153846154,0.5869565217391305,0.0,0.0,0.441776023312235,0.4417696867572646,0.26044738269900725,0.7442943698310893,0.09146345513207572,0.09146345513207572,0.9361881203949451,0.0,0.0,0.0,0.19686013609170913,0.46571243926882744,0.46668557077646255,0.2874850332736969,0.2874850332736969,0.0,0.5,0.0,0.6976744186046512,0.08300988376140594,0.051477449014782906,-0.03618828,-0.03640346,0.1300884
0.4642857142857143,0.5,0.3333333333333333,0.42424242424242425,0.6153846153846154,0.5869565217391305,0.0,0.0,0.44243486547561267,0.44242854031732387,0.26352624182035544,0.7409888762994155,0.09324562336717333,0.09324562336717333,0.9332798980176449,0.0,0.0,0.0,0.20280541777610778,0.4636685140430927,0.4648066535592079,0.2972296178340912,0.2972296178340912,0.0,0.5,0.0,0.6976744186046512,0.07985960692167282,0.05416573025286198,-0.03244523,-0.03692724,0.12200337
0.4642857142857143,0.5,0.3333333333333333,0.42424242424242425,0.6153846153846154,0.5869565217391305,0.0,0.0,0.4502576275035938,0.4502515587706411,0.2668213415784088,0.7374468332444226,0.09344169071742467,0.09344169071742467,0.9322644956409931,0.0,0.0,0.0,0.20858100056648254,0.4639677591621876,0.46510811895132065,0.3066297173500061,0.3066297173500061,0.0,0.5,0.0,0.6976744186046512,0.07961868494749069,0.053174267522990704,-0.02865579,-0.03694206,0.11695049
0.4642857142857143,0.5,0.3333333333333333,0.42424242424242425,0.6153846153846154,0.5869565217391305,0.0,0.0,0.4458257942309115,0.44581957734109795,0.26300306575476096,0.7415019663017927,0.09422042007957186,0.09422042007957186,0.931758988648653,0.0,0.0,0.0,0.19475657492876053,0.4645206555724144,0.4656137339770794,0.28581321239471436,0.28581321239471436,0.0,0.5,0.0,0.6976744186046512,0.07810012251138687,0.053711519576609135,-0.02506669,-0.03890834,0.11598102
0.4642857142857143,0.5,0.3333333333333333,0.42424242424242425,0.6153846153846154,0.5869565217391305,0.8179348111152649,0.8184329271316528,0.32066190949361595,0.32065101426600495,0.577982944922511,0.4212843318235755,0.0950473440544946,0.0950473440544946,0.9322037994861603,0.0,0.0,0.0,0.1893298715353012,0.4634713940322399,0.4653696306049824,0.2787618637084961,0.2787618637084961,0.0,0.5,0.0,0.6976744186046512,0.08045132458209991,0.06681302096694708,-0.02480628,-0.03804269,0.11097999
0.4642857142857143,0.5,0.3333333333333333,0.42424242424242425,0.6153846153846154,0.5869565217391305,0.05218230560421944,0.05109630152583122,0.4509799776751954,0.4509734473766378,0.5800007957801309,0.41703454344445334,0.08547580135720118,0.08547580135720118,0.939507620409131,0.0,0.0,0.0,0.15469954684376716,0.4724805410951376,0.47348628006875515,0.22952266037464142,0.22952266037464142,0.0,0.5,0.0,0.6976744186046512,0.07036786526441574,0.07088292855769396,-0.02451008,-0.03840962,0.10591658
0.4642857142857143,0.5,0.3333333333333333,0.42424242424242425,0.6153846153846154,0.5869565217391305,0.009933901019394398,0.009934465400874615,0.46318761579849066,0.46318152142300434,0.5599923769784931,0.43643445352700605,0.06522717752626965,0.06522717752626965,0.9503196142613888,0.0,0.0,0.0,0.11676572114229201,0.48030768148601055,0.4809741284698248,0.17426706850528717,0.17426706850528717,0.0,0.5,0.0,0.6976744186046512,0.05552321672439575,0.06339511834084988,-0.02796856,-0.03581487,0.09414262
0.4642857142857143,0.5,0.3333333333333333,0.42424242424242425,0.6153846153846154,0.5869565217391305,0.0,0.0,0.4660631239300248,0.46605856525738426,0.547605258214998,0.4485100354514154,0.0561993063560554,0.0561993063560554,0.9551102966070175,0.0,0.0,0.0,0.10370961353182792,0.4831133019179106,0.483771538361907,0.15627750754356384,0.15627750754356384,0.0,0.5,0.0,0.6976744186046512,0.04976730793714523,0.05346599966287613,-0.05068413,-0.0291497,0.0675014
0.4642857142857143,0.5,0.3333333333333333,0.42424242424242425,0.6153846153846154,0.5869565217391305,0.0,0.0,0.46135281274241197,0.4613480574770138,0.537333739647218,0.4585126179759356,0.051160885819367,0.051160885819367,0.9579717200249434,0.0,0.0,0.0,0.10450828000903128,0.48409704491496086,0.48474979493767023,0.1578967422246933,0.1578967422246933,0.0,0.5,0.0,0.6976744186046512,0.04813731834292412,0.04617110826075077,-0.06135898,-0.02466219,0.05156774
0.4642857142857143,0.5,0.3333333333333333,0.42424242424242425,0.6153846153846154,0.5869565217391305,0.0,0.0,0.45865489340193183,0.45865006120893287,0.528923564157796,0.4668742948868028,0.04839243101222175,0.04839243101222175,0.9593802597373724,0.0,0.0,0.0,0.10660210922360419,0.4843205865472555,0.4849938442930579,0.16132861375808716,0.16132861375808716,0.0,0.5,0.0,0.6976744186046512,0.04802829027175903,0.04041589330881834,-0.067446,-0.02185699,0.04256218
0.4642857142857143,0.5,0.3333333333333333,0.42424242424242425,0.6153846153846154,0.5869565217391305,0.0,0.0,0.4539284787032162,0.4539234727108228,0.5251463106895724,0.470653360427401,0.046268604429704804,0.046268604429704804,0.9603932425379753,0.0,0.0,0.0,0.10992344170808792,0.4841663409024477,0.48488801904022694,0.16595691442489624,0.16595691442489624,0.0,0.5,0.0,0.6976744186046512,0.048644259572029114,0.03682893933728337,-0.08875561,-0.01755063,0.00946671
0.4642857142857143,0.5,0.3333333333333333,0.42424242424242425,0.6153846153846154,0.5869565217391305,0.0,0.0,0.4518984932288613,0.4518934331022303,0.5239945677452744,0.47179630513350274,0.045560836525900025,0.045560836525900025,0.9604297149926424,0.0,0.0,0.0,0.1134402684867382,0.4837773572653532,0.48447709903120995,0.17118678987026215,0.17118678987026215,0.0,0.5,0.0,0.6976744186046512,0.04904147610068321,0.035833336878567934,-0.11489047,-0.00636152,-0.0200127
0.4642857142857143,0.5,0.3333333333333333,0.42424242424242425,0.6153846153846154,0.5869565217391305,0.0,0.0,0.4493104094073148,0.44930524671054933,0.5179473189619258,0.477751903227998,0.04442749678024224,0.04442749678024224,0.9605785012245178,0.0,0.0,0.0,0.12477374300360679,0.48275348730385303,0.4836386311799288,0.1878727823495865,0.1878727823495865,0.0,0.5,0.0,0.6976744186046512,0.05056098848581314,0.030833049677312374,-0.12497424,0.00646591,-0.03763065
0.4642857142857143,0.5,0.3333333333333333,0.42424242424242425,0.6153846153846154,0.5869565217391305,0.0,0.0,0.44731671951469,0.4473114941361757,0.512841708174627,0.48283001382259244,0.04449810034462384,0.04449810034462384,0.9601204749196768,0.0,0.0,0.0,0.12772076055407525,0.48216981068253517,0.4829364065080881,0.19159290194511414,0.19159290194511414,0.0,0.5,0.0,0.6976744186046512,0.051141995936632156,0.031938403844833374,-0.13023616,0.00930257,-0.0429592
0.4642857142857143,0.5,0.3333333333333333,0.42424242424242425,0.6153846153846154,0.5869565217391305,0.0,0.0,0.4470073508942788,0.4470021027224014,0.5045260688713814,0.4910355675922019,0.04450471273490361,0.04450471273490361,0.9599438663572073,0.0,0.0,0.0,0.12571415901184083,0.4821205735206604,0.48270608484745026,0.18754291534423828,0.18754291534423828,0.0,0.5,0.0,0.6976744186046512,0.0506599061191082,0.03314294619485736,-0.14105771,0.01613853,-0.05220209
0.4642857142857143,0.5,0.3333333333333333,0.42424242424242425,0.6153846153846154,0.5869565217391305,0.0,0.0,0.46642958707608867,0.4664250483476409,0.46949898125336686,0.5261765913976487,0.037111979244010794,0.037111979244010794,0.9640720933675766,0.0,0.0,0.0,0.0304675567895174,0.4911685613915324,0.49135664105415344,0.0,-0.0,0.0,0.5,0.0,0.6976744186046512,0.025372900068759918,0.013649570755660534,-0.14469787,0.02290929,-0.0620373
0.4642857142857143,0.5,0.3333333333333333,0.42424242424242425,0.6153846153846154,0.5869565217391305,0.011794738471508026,0.011068226769566536,0.4665596289115016,0.46655510727807625,0.46251232822356214,0.5332358284679877,0.03572543151676655,0.03572543151676655,0.9646614287048578,0.0,0.0,0.0,0.02895212396979332,0.4920909134671092,0.49228839995339513,0.0,-0.0,0.0,0.5,0.0,0.6976744186046512,0.024143708869814873,0.007990930462256074,-0.15144681,0.02736903,-0.07562622
0.4642857142857143,0.5,0.3333333333333333,0.42424242424242425,0.6153846153846154,0.5869565217391305,0.6693480610847473,0.6666563153266907,0.3011543463566563,0.3011444540370263,0.4541151734428698,0.5442766686305894,0.05230619439056942,0.05230619439056942,0.9225757382810116,0.0,0.0,0.0,0.06523710414767266,0.48859390057623386,0.48964950907975435,0.0,-0.0,0.07783974707126617,0.4688641011714935,0.07134724408388138,0.6189430175825608,0.028025135397911072,0.0,-0.17301502,0.03164747,-0.10647133
0.4642857142857143,0.5,0.3333333333333333,0.42424242424242425,0.6153846153846154,0.5869565217391305,0.2786616086959839,0.2773425877094269,0.39064387108126286,0.3906367709486252,0.44890313759360667,0.5478919047362896,0.056082358849900114,0.056082358849900114,0.9254935458302498,0.0,0.0,0.0,0.0616362128406763,0.4877113616093993,0.48874147050082684,0.0,-0.0,0.08237691968679428,0.46704923212528227,0.07621698826551437,0.6178398967482324,0.030293991789221764,0.0,-0.17106889,0.03257712,-0.14203858
0.4642857142857143,0.5,0.3333333333333333,0.42424242424242425,0.6153846153846154,0.5869565217391305,0.06313569098711014,0.061726633459329605,0.46712143402938405,0.4671169722285371,0.4447011070087353,0.5515724356362008,0.053248847169535506,0.053248847169535506,0.9439378082752228,0.0,0.0,0.0,0.04208619147539139,0.4893520809710026,0.49011078104376793,0.0,-0.0,0.08002560585737228,0.4679897576570511,0.07466112822294235,0.6202924130267875,0.02955697290599346,0.0,-0.16119267,0.03489875,-0.1913525
0.4642857142857143,0.5,0.3333333333333333,0.42424242424242425,0.6153846153846154,0.5869565217391305,0.03131178021430969,0.03051493689417839,0.4739058415474901,0.4739015962835936,0.43068839692248895,0.5654764972391315,0.05146860810262817,0.05146860810262817,0.9468813166022301,0.0,0.0,0.0,0.03888098914176225,0.49034435115754604,0.4909776020795107,0.0,-0.0,0.07803880423307419,0.46878447830677034,0.07350189238786697,0.6226475744746452,0.028650518506765366,0.0,-0.15677033,0.03940186,-0.21624029
0.4642857142857143,0.5,0.3333333333333333,0.42424242424242425,0.6153846153846154,0.5869565217391305,0.02598341926932335,0.02527981996536255,0.4781818764843403,0.4781777993214974,0.42391558837708276,0.5724458109301722,0.0533721675830228,0.0533721675830228,0.9472888950258493,0.0,0.0,0.0,0.03932148758322,0.49087030068039894,0.4913274282589555,0.0,-0.0,0.07996292412281036,0.4680148303508759,0.07645825296640396,0.6182138673787894,0.02879026159644127,0.0,-0.14524372,0.04165319,-0.24863747
0.4642857142857143,0.5,0.3333333333333333,0.42424242424242425,0.6153846153846154,0.5869565217391305,0.13507984578609467,0.13304346799850464,0.456578415164984,0.45657357157530337,0.4210873707758537,0.5753755131318915,0.06231210859758514,0.06231210859758514,0.9446519892662764,0.0,0.0,0.0,0.06172922439873218,0.4905907493084669,0.4909741496667266,0.0,-0.0,0.08263760805130005,0.46694495677948,0.07959878444671631,0.6154435561146847,0.030193137004971504,0.0,-0.1415163,0.03931542,-0.2736772
0.4642857142857143,0.5,0.3333333333333333,0.42424242424242425,0.6153846153846154,0.5869565217391305,0.9823092222213745,0.9822689890861511,0.42633986199563134,0.42633431181169146,0.44097423826987153,0.5592359564620674,0.1092193541782243,0.1092193541782243,0.9034868851304054,0.0,0.0,0.0,0.08025523722171783,0.48267524875700474,0.4834483340382576,0.11804616451263428,0.11804616451263428,0.10547583550214767,0.45780966579914095,0.10579649358987808,0.5929192796696064,0.03249678760766983,0.0,-0.1467261,0.02932492,-0.29527286
0.4642857142857143,0.5,0.3333333333333333,0.42424242424242425,0.6153846153846154,0.5869565217391305,0.9765876531600952,0.9765482544898987,0.42778663653488597,0.4277812003177621,0.43567227405526215,0.5649447181035132,0.12483491961445128,0.12483491961445128,0.8896021395921707,0.0,0.0,0.0,0.08097010776400565,0.4785218220204115,0.479405352845788,0.11869324743747711,0.11869324743747711,0.11175353080034256,0.455298587679863,0.11279191076755524,0.5852660224881283,0.03320898488163948,0.0,-0.14099896,0.03233859,-0.31160563
0.4642857142857143,0.5,0.3333333333333333,0.42424242424242425,0.6153846153846154,0.5869565217391305,0.4923228323459625,0.49099457263946533,0.3021109838102789,0.3021017524981818,0.6354583020875832,0.3688776943874582,0.09971245591129577,0.09971245591129577,0.9124630950391293,0.0,0.0,0.0,0.08279010728001594,0.47875627502799034,0.4796549119055271,0.12317056953907013,0.12317056953907013,0.10983671993017197,0.4560653120279312,0.11224780976772308,0.5916092388851698,0.03538323938846588,0.0,-0.13868778,0.03307981,-0.31511283
0.4642857142857143,0.5,0.3333333333333333,0.42424242424242425,0.6153846153846154,0.5869565217391305,0.12256918102502823,0.12178678065538406,0.3609330184601005,0.3609260892776869,0.7902257738788088,0.22295226963659953,0.09332534191863878,0.09332534191863878,0.9214787036180496,0.0,0.0,0.0,0.07910395450890063,0.4812534227967262,0.4819811563938856,0.11969280242919922,0.11969280242919922,0.1052173599600792,0.4579130560159683,0.10830727964639664,0.6091493887956753,0.03916434571146965,0.0,-0.13653458,0.03084455,-0.33610222
0.4642857142857143,0.5,0.3333333333333333,0.42424242424242425,0.6153846153846154,0.5869565217391305,0.09289349615573883,0.09240207821130753,0.368501896612047,0.36849516117322056,0.7895800151059094,0.2234386572139846,0.09409064427018166,0.09409064427018166,0.9244036264717579,0.0,0.0,0.0,0.07006503976881504,0.48296228237450123,0.48363152891397476,0.10604595392942429,-0.0,0.1005246713757515,0.4597901314496994,0.10398688912391663,0.6213548328987388,0.04071930795907974,0.0,-0.13285646,0.03096382,-0.34108084
0.4642857142857143,0.5,0.3333333333333333,0.42424242424242425,0.6153846153846154,0.5869565217391305,0.08386202156543732,0.08335507661104202,0.37725008058274456,0.3772433451439181,0.744219626796861,0.2652442381846467,0.09309603699616024,0.09309603699616024,0.9281225353479385,0.0,0.0,0.0,0.06423573829233646,0.4851553300395608,0.4856746159493923,0.0,-0.0,0.0959244892001152,0.46163020431995394,0.0,0.6976744186046512,0.042840760201215744,0.0,-0.12937711,0.03067362,-0.34145832
0.4642857142857143,0.5,0.3333333333333333,0.42424242424242425,0.6153846153846154,0.5869565217391305,0.08478942513465881,0.08427886664867401,0.38239170488390367,0.38238515179198285,0.7457870580042297,0.2639039200482309,0.092434005013534,0.092434005013534,0.9298775941133499,0.0,0.0,0.0,0.06232922039926052,0.48654045164585114,0.4869883554056287,0.0,-0.0,0.09329643100500107,0.4626814275979996,0.0,0.6976744186046512,0.04457321763038635,0.0,-0.12500989,0.03206492,-0.33589348
0.4642857142857143,0.5,0.3333333333333333,0.42424242424242425,0.6153846153846154,0.5869565217391305,0.09077612310647964,0.09031694382429123,0.3847702265241634,0.3847636506388794,0.7148278128804486,0.29292885199053065,0.09240131026932172,0.09240131026932172,0.9305306896567345,0.0,0.0,0.0,0.059594417735934255,0.48783040419220924,0.4882331620901823,0.0,-0.0,0.09250146895647049,0.4629994124174118,0.0,0.6976744186046512,0.04664873331785202,0.0,-0.11866715,0.03282337,-0.31200218
0.4642857142857143,0.5,0.3333333333333333,0.42424242424242425,0.6153846153846154,0.5869565217391305,0.09093184769153595,0.09050897508859634,0.3911430799254496,0.3911367433704792,0.7191186179166542,0.28900944201435186,0.0927494333258697,0.0927494333258697,0.9307578206062317,0.0,0.0,0.0,0.058597357198595997,0.4884610567241907,0.4888213835656643,0.0,-0.0,0.09247837960720062,0.46300864815711973,0.0,0.6976744186046512,0.04788757488131523,0.0,-0.09973144,0.04205456,-0.26620731
0.4642857142857143,0.5,0.3333333333333333,0.42424242424242425,0.6153846153846154,0.5869565217391305,0.0940667912364006,0.09368874132633209,0.3949052156955289,0.3948989703140113,0.7115798270041355,0.296225182590197,0.09391812873738153,0.09391812873738153,0.9311432652175426,0.0,0.0,0.0,0.05944036766886711,0.48888405319303274,0.48923283629119396,0.0,-0.0,0.0891420766711235,0.4643431693315506,0.0,0.6976744186046512,0.049723897129297256,0.0,-0.10888549,0.043998,-0.23201063
0.4642857142857143,0.5,0.3333333333333333,0.42424242424242425,0.6153846153846154,0.5869565217391305,0.1007944867014885,0.10027362406253815,0.39239926775828377,0.39239294259999496,0.7119994984074258,0.2958103661732687,0.09476193626012122,0.09476193626012122,0.9312740862369537,0.0,0.0,0.0,0.06051757335662841,0.48886444233357906,0.48923372849822044,0.0,-0.0,0.08682430535554886,0.46527027785778047,0.0,0.6976744186046512,0.05042542889714241,0.0,-0.1028189,0.04044509,-0.15666544
0.4642857142857143,0.5,0.3333333333333333,0.42424242424242425,0.6153846153846154,0.5869565217391305,0.09024281799793243,0.08986771106719971,0.40633535225578293,0.4063294373780318,0.694094992504521,0.3127068127951653,0.09672668363366808,0.09672668363366808,0.931909766048193,0.0,0.0,0.0,0.06597117260098456,0.48842157796025276,0.48890090826898813,0.10218606889247894,-0.0,0.08354730159044266,0.4665810793638229,0.0,0.6976744186046512,0.05190695822238922,0.0,-0.09535475,0.04085556,-0.13839473
0.4642857142857143,0.5,0.3333333333333333,0.42424242424242425,0.6153846153846154,0.5869565217391305,0.08469019085168839,0.0842837318778038,0.40107079764853015,0.40106473461391823,0.7058390449611452,0.3015522195043295,0.09779609207596099,0.09779609207596099,0.9319642372429371,0.0,0.0,0.0,0.07983436696231365,0.48639420606195927,0.4872905137017369,0.12214083224534988,0.12214083224534988,0.07950181514024734,0.46819927394390104,0.0,0.6976744186046512,0.05208998918533325,0.0,-0.08301922,0.04370535,-0.098028
0.4642857142857143,0.5,0.3333333333333333,0.42424242424242425,0.6153846153846154,0.5869565217391305,0.22434823215007782,0.2230738252401352,0.40952262800920536,0.4095173228539199,0.4766739088878121,0.5215104594462638,0.10172978043556213,0.10172978043556213,0.9293285831809044,0.0,0.0,0.0,0.1106735736131668,0.47954161465168,0.48103397712111473,0.16691653430461884,0.16691653430461884,0.07760199159383774,0.4689592033624649,0.08139888197183609,0.6123141303311948,0.05250995233654976,0.0,-0.07647638,0.04687868,-0.07982383
0.4642857142857143,0.5,0.3333333333333333,0.42424242424242425,0.6153846153846154,0.5869565217391305,0.38141900300979614,0.3716936707496643,0.3930676261507986,0.39306165428963946,0.29251046481597487,0.7077723246408871,0.10617133229970932,0.10617133229970932,0.9242806769907475,0.0,0.0,0.0,0.14305998533964157,0.4717898052185774,0.4742147382348776,0.20973709225654602,0.20973709225654602,0.07919152081012726,0.4683233916759491,0.08344276994466782,0.6167248983022778,0.06012376397848129,0.0,-0.07343344,0.05433524,-0.05663538
0.4642857142857143,0.5,0.3333333333333333,0.42424242424242425,0.6153846153846154,0.5869565217391305,0.07903973013162613,0.07834595441818237,0.4717396742755095,0.47173621538264343,0.33339541045019316,0.6643499078481142,0.09883752358811243,0.09883752358811243,0.9337377399206161,0.0,0.0,0.0,0.10463439375162124,0.4773615878075361,0.4771249648183584,0.1521264612674713,0.1521264612674713,0.07869315892457962,0.4685227364301682,0.08190888166427612,0.616946762730909,0.06084468588232994,0.0,-0.06945994,0.05430916,-0.05141964
0.4642857142857143,0.5,0.3333333333333333,0.42424242424242425,0.6153846153846154,0.5869565217391305,0.0,0.0,0.4826208141634159,0.48261767580221987,0.35919151433795177,0.6371993083520278,0.07766997175557273,0.07766997175557273,0.9423270765691996,0.0,0.0,0.0,0.07303327620029448,0.4827253520488739,0.4824865721166134,0.10705737769603729,0.10705737769603729,0.06978880614042282,0.47208447754383087,0.07076990604400635,0.620658669707387,0.04849371314048767,0.0,-0.0671015,0.05815316,-0.03022081
0.4642857142857143,0.5,0.3333333333333333,0.42424242424242425,0.6153846153846154,0.5869565217391305,0.0,0.0,0.48567174144274416,0.485668715623779,0.3789162412428263,0.6170833960495254,0.06494607244219099,0.06494607244219099,0.9496630504727364,0.0,0.0,0.0,0.057539824023842806,0.4863510159775615,0.4862338164821267,0.0,-0.0,0.05958285555243492,0.476166857779026,0.0,0.6976744186046512,0.04228969290852547,0.0,-0.06114777,0.05651695,-0.02175686
0.4642857142857143,0.5,0.3333333333333333,0.42424242424242425,0.6153846153846154,0.5869565217391305,0.0,0.0,0.4978509571324913,0.4978483508538676,0.3881732414603005,0.607928738032832,0.06165407331926483,0.06165407331926483,0.9527317676693201,0.0,0.0,0.0,0.05355471111834049,0.48768063355237246,0.4875764073804021,0.0,-0.0,0.0,0.5,0.0,0.6976744186046512,0.03989587351679802,0.0,-0.05536267,0.05478894,-0.0149428
0.4642857142857143,0.5,0.3333333333333333,0.42424242424242425,0.6153846153846154,0.5869565217391305,0.0,0.0,0.5087095684519689,0.5087073318532046,0.4015591910418771,0.594475861438551,0.05988823516028268,0.05988823516028268,0.9571219235658646,0.0,0.0,0.0,0.051929337531328196,0.4896014789119363,0.48954844381660223,0.0,-0.0,0.0,0.5,0.0,0.6976744186046512,0.038875825703144073,0.0,-0.05481806,0.05434794,-0.00881885
0.4642857142857143,0.5,0.3333333333333333,0.42424242424242425,0.6153846153846154,0.5869565217391305,0.0,0.0,0.5046819352311568,0.5046795632967985,0.41514298701605423,0.5806930993478061,0.05689085328153202,0.05689085328153202,0.959692295640707,0.0,0.0,0.0,0.048949483782052994,0.49066591169685125,0.4906623922288418,0.0,-0.0,0.0,0.5,0.0,0.6976744186046512,0.0381709560751915,0.0,-0.0565011293,0.0505009033,-9.66072548e-05
0.4642857142857143,0.5,0.3333333333333333,0.42424242424242425,0.6153846153846154,0.5869565217391305,0.0,0.0,0.5007995794283272,0.5007970784799718,0.4254942966008961,0.5702575141516921,0.0527163887662547,0.0527163887662547,0.962211225181818,0.0,0.0,0.0,0.04772011339664459,0.4914767723530531,0.49152785539627075,0.0,-0.0,0.0,0.5,0.0,0.6976744186046512,0.03692130744457245,0.0,-0.05255092,0.04843611,0.0049899
0.4642857142857143,0.5,0.3333333333333333,0.42424242424242425,0.6153846153846154,0.5869565217391305,0.0,0.0,0.49937954577786514,0.4993770016022525,0.43575196535136,0.5600253657766505,0.05040541557329042,0.05040541557329042,0.9635164458304644,0.0,0.0,0.0,0.047907273471355434,0.49185793567448854,0.49196893628686666,0.0,-0.0,0.0,0.5,0.0,0.6976744186046512,0.03601490706205368,0.0,-0.04968459,0.04150921,0.03264146
0.4642857142857143,0.5,0.3333333333333333,0.42424242424242425,0.6153846153846154,0.5869565217391305,0.0,0.0,0.495162848019919,0.49516329498352557,0.44429720861278116,0.5513053337463862,0.047920484627996175,0.047920484627996175,0.9642869420349598,0.0,0.0,0.0,0.04912277609109878,0.492000263184309,0.4921762505546212,0.0,-0.0,0.0,0.5,0.0,0.6976744186046512,0.03523008152842522,0.0,-0.05023288,0.04061521,0.03535897
0.4642857142857143,0.5,0.3333333333333333,0.42424242424242425,0.6153846153846154,0.5869565217391305,0.0,0.0,0.4945947341264776,0.49459515972130613,0.4475566994391709,0.5480112016378301,0.04684119352272579,0.04684119352272579,0.9644515626132488,0.0,0.0,0.0,0.052024534344673155,0.49195514153689146,0.49219680298119783,0.0,-0.0,0.0,0.5,0.0,0.6976744186046512,0.035506170243024826,0.0,-0.03394032,0.0393732,0.0465219
0.4642857142857143,0.5,0.3333333333333333,0.42424242424242425,0.6153846153846154,0.5869565217391305,0.0,0.0,0.4933769431385438,0.4933773227904996,0.45166425723190745,0.5438998786664095,0.046818306935685026,0.046818306935685026,0.9642623346298933,0.0,0.0,0.0,0.05286721363663673,0.4918608469888568,0.4921264695003629,0.0,-0.0,0.0,0.5,0.0,0.6976744186046512,0.035663753747940063,0.0,-0.0294283,0.03138651,0.05174636
0.4642857142857143,0.5,0.3333333333333333,0.42424242424242425,0.6153846153846154,0.5869565217391305,0.0,0.0,0.4934622900378864,0.49346267111442743,0.46135682722350607,0.5342327033305893,0.04686853981443814,0.04686853981443814,0.9641331601887941,0.0,0.0,0.0,0.05755672194063663,0.49136327765882015,0.49164896085858345,0.0,-0.0,0.0,0.5,0.0,0.6976744186046512,0.0362699031829834,0.0019875337602570653,-0.03289945,0.02624774,0.05601307
0.4642857142857143,0.5,0.3333333333333333,0.42424242424242425,0.6153846153846154,0.5869565217391305,0.0,0.0,0.4942023136134813,0.49420272353787265,0.46954826620295215,0.5261385777661672,0.04697367282850402,0.04697367282850402,0.9641365353018045,0.0,0.0,0.0,0.06348103247582912,0.4908637283369899,0.49118622206151485,0.0,-0.0,0.0,0.5,0.0,0.6976744186046512,0.037157464772462845,0.003936756402254105,-0.03416594,0.01274937,0.06759386
0.4642857142857143,0.5,0.3333333333333333,0.42424242424242425,0.6153846153846154,0.5869565217391305,0.0,0.0,0.49528859295022193,0.49528904276299884,0.47161613709612055,0.524136294775615,0.046636153544698446,0.046636153544698446,0.9644404277205467,0.0,0.0,0.0,0.06442813463509083,0.49073649756610394,0.4910679515451193,0.0,-0.0,0.0,0.5,0.0,0.6976744186046512,0.037467584013938904,0.0049635604955255985,-0.03562554,0.00983593,0.0685811
0.4642857142857143,0.5,0.3333333333333333,0.42424242424242425,0.6153846153846154,0.5869565217391305,0.17654189467430115,0.17496760189533234,0.39560498334253724,0.39560178087500725,0.48646916013146907,0.5099251200267912,0.049424222005265105,0.049424222005265105,0.9457703195512295,0.0,0.0,0.0,0.10128329172730445,0.478275777772069,0.4791604820638895,0.15020252764225006,0.15020252764225006,0.0,0.5,0.0,0.6976744186046512,0.046794988214969635,0.00983221223577857,-0.03871432,0.00925956,0.06597577
0.4642857142857143,0.5,0.3333333333333333,0.42424242424242425,0.6153846153846154,0.5869565217391305,0.035942696034908295,0.0348125621676445,0.4387865141746419,0.43878486165580965,0.4819158909425681,0.5137375721461408,0.04391186737588474,0.04391186737588474,0.955634243786335,0.0,0.0,0.0,0.06893946379423141,0.4850621363148093,0.4853362971916795,0.1030847355723381,-0.0,0.0,0.5,0.0,0.6976744186046512,0.03815032169222832,0.01184821012429893,-0.0440158,0.00786541,0.0647646
0.4642857142857143,0.5,0.3333333333333333,0.42424242424242425,0.6153846153846154,0.5869565217391305,0.015418059192597866,0.015334713272750378,0.44221572438343987,0.4422141915297645,0.48737134708957053,0.5081062267382281,0.038781345688870976,0.038781345688870976,0.9599943161010742,0.0,0.0,0.0,0.06551345288753509,0.48726779501885176,0.4875158118084073,0.0,-0.0,0.0,0.5,0.0,0.6976744186046512,0.03360607475042343,0.016170080052688718,-0.04996647,0.00445925,0.0572905
0.4642857142857143,0.5,0.3333333333333333,0.42424242424242425,0.6153846153846154,0.5869565217391305,0.009680514223873615,0.0,0.4498203482272292,0.4498186558200114,0.49397977346102095,0.5015900344232705,0.03676895185240678,0.03676895185240678,0.961891008540988,0.0,0.0,0.0,0.0647020947188139,0.4885795647278428,0.4889137614518404,0.0,-0.0,0.0,0.5,0.0,0.6976744186046512,0.03044983744621277,0.016774426912888885,-0.05549306,0.00641935,0.0514146
0.4642857142857143,0.5,0.3333333333333333,0.42424242424242425,0.6153846153846154,0.5869565217391305,0.0,0.0,0.45365467057857184,0.45365313202655566,0.4919979767179398,0.5035305018128168,0.03693578764796257,0.03693578764796257,0.9622032567858696,0.0,0.0,0.0,0.06480791009962558,0.48871634248644114,0.48903414513915777,0.0,-0.0,0.0,0.5,0.0,0.6976744186046512,0.029538793489336967,0.019191771280020475,-0.05182854,0.00547147,0.04591325
0.4642857142857143,0.5,0.3333333333333333,0.42424242424242425,0.6153846153846154,0.5869565217391305,0.0,0.0,0.4568763130253633,0.4568748941385039,0.481003579457449,0.5145113954301952,0.03865151533058712,0.03865151533058712,0.9616213012486696,0.0,0.0,0.0,0.06575219593942165,0.4884502235800028,0.4887748872861266,0.0,-0.0,0.0,0.5,0.0,0.6976744186046512,0.028996750712394714,0.019189424347132444,-0.05815949,0.00314182,0.03666473
0.4642857142857143,0.5,0.3333333333333333,0.42424242424242425,0.6153846153846154,0.5869565217391305,0.0,0.0,0.45827301339483173,0.45827164294386913,0.4752311360083848,0.5202650072874981,0.038912675476499965,0.038912675476499965,0.9615875761955976,0.0,0.0,0.0,0.06590571403503417,0.4883724404498935,0.48866115137934685,0.0,-0.0,0.0,0.5,0.0,0.6976744186046512,0.02891300804913044,0.01870180363766849,-0.07280569,-0.00839174,0.03021502
0.4642857142857143,0.5,0.3333333333333333,0.42424242424242425,0.6153846153846154,0.5869565217391305,0.0,0.0,0.501520777288575,0.5015209676487724,0.4624632996993129,0.5333958791906424,0.041668462966169634,0.041668462966169634,0.9630753099918365,0.0,0.0,0.0,0.061094238236546514,0.48908410407602787,0.4893210045993328,0.0,-0.0,0.0,0.5,0.0,0.6976744186046512,0.029150592163205147,0.01915200613439083,-0.07536808,-0.01052437,0.02554235
0.4642857142857143,0.5,0.3333333333333333,0.42424242424242425,0.6153846153846154,0.5869565217391305,0.0,0.0,0.5065664937060832,0.5065668633859427,0.45946860792076155,0.5364589710029949,0.04222247882613114,0.04222247882613114,0.9646485652774572,0.0,0.0,0.0,0.045541039668023586,0.49017731845378876,0.49043194111436605,0.0,-0.0,0.0,0.5,0.0,0.6976744186046512,0.028303934261202812,0.01591947628185153,-0.07453282,-0.02756363,0.01842843
0.4642857142857143,0.5,0.3333333333333333,0.42424242424242425,0.6153846153846154,0.5869565217391305,0.0,0.0,0.5078088723222794,0.5078092861642801,0.45966963683669926,0.5362238930761878,0.04035533405840397,0.04035533405840397,0.9666147418320179,0.0,0.0,0.0,0.03269451055675745,0.49158196337521076,0.49182334169745445,0.0,-0.0,0.0,0.5,0.0,0.6976744186046512,0.026724303141236305,0.009301492245867848,-0.07835657,-0.03103774,0.016191
0.4642857142857143,0.5,0.3333333333333333,0.42424242424242425,0.6153846153846154,0.5869565217391305,0.0,0.0,0.5075077905139778,0.5075081958084672,0.45798615037141294,0.5379055589215883,0.03949657215603761,0.03949657215603761,0.9675064608454704,0.0,0.0,0.0,0.031075641885399817,0.4930683937855065,0.49333100160583854,0.0,-0.0,0.0,0.5,0.0,0.6976744186046512,0.024860145524144173,0.0021056178957223892,-0.07588206,-0.01666704,0.02207679
0.4642857142857143,0.5,0.3333333333333333,0.42424242424242425,0.6153846153846154,0.5869565217391305,0.0,0.0,0.5030260924855336,0.5030263368018955,0.45787025751620813,0.5380137860838309,0.03527900869292872,0.03527900869292872,0.970278212800622,0.0,0.0,0.0,0.02529248110949993,0.4947282033972442,0.4950535814277828,0.0,-0.0,0.04122354835271835,0.48351058065891267,0.0,0.6976744186046512,0.02204529196023941,0.0,-0.07725246,-0.01107909,0.02167865
0.4642857142857143,0.5,0.3333333333333333,0.42424242424242425,0.6153846153846154,0.5869565217391305,0.0,0.0,0.4980129340724097,0.49801299853489,0.4654461759682139,0.5303416739407684,0.032649919656770575,0.032649919656770575,0.9719863869249821,0.0,0.0,0.0,0.02236641319468617,0.4956370438449085,0.4959927052259445,0.0,-0.0,0.042833682149648666,0.48286652714014056,0.0,0.6976744186046512,0.02019033394753933,0.0,-0.06783468,-0.01179617,0.0233474
0.4642857142857143,0.5,0.3333333333333333,0.42424242424242425,0.6153846153846154,0.5869565217391305,0.0,0.0,0.4944392751980694,0.494439211804028,0.46613435319003366,0.5296319883315964,0.031612495492611616,0.031612495492611616,0.9720026236027479,0.0,0.0,0.0,0.021727857086807488,0.4959318800829351,0.49629031494259834,0.0,-0.0,0.042213376611471176,0.48311464935541154,0.0,0.6976744186046512,0.019561422988772392,0.0,-0.0696343,-0.00686913,0.02182186
0.4642857142857143,0.5,0.3333333333333333,0.42424242424242425,0.6153846153846154,0.5869565217391305,0.0,0.0,0.49345323252518364,0.4934531342288048,0.4636078655833724,0.5321977474784709,0.029957161418029243,0.029957161418029243,0.9729803781956434,0.0,0.0,0.0,0.020005724672228095,0.49631030880846083,0.49667707178741693,0.0,-0.0,0.04209534823894501,0.483161860704422,0.0,0.6976744186046512,0.018352124840021133,0.0,-0.0754344,0.00100443,0.01521866
0.4642857142857143,0.5,0.3333333333333333,0.42424242424242425,0.6153846153846154,0.5869565217391305,0.0,0.0,0.49404300118210664,0.49404292318606696,0.4630375955802305,0.5327966188786768,0.02930693594472749,0.02930693594472749,0.9733623648062348,0.0,0.0,0.0,0.019409058708697555,0.4964311409275979,0.49679363844916224,0.0,-0.0,0.04179949685931206,0.4832802012562752,0.0,0.6976744186046512,0.01788496784865856,0.0,-0.07136607,-0.00305975,0.01278322
0.4642857142857143,0.5,0.3333333333333333,0.42424242424242425,0.6153846153846154,0.5869565217391305,0.0,0.0,0.49456272191629813,0.4945626631521586,0.4585675720275018,0.5371887674814378,0.029158266261219982,0.029158266261219982,0.9729073336347938,0.0,0.0,0.0,0.019905143603682517,0.4964440620969981,0.4967839093878865,0.0,-0.0,0.0413135327398777,0.48347458690404893,0.0,0.6976744186046512,0.01773538440465927,0.0,-0.07435641,0.00069259,0.01285973
0.4642857142857143,0.5,0.3333333333333333,0.42424242424242425,0.6153846153846154,0.5869565217391305,0.0,0.0,0.4975245632943528,0.49752460994951814,0.46024111488809094,0.5355810646750453,0.029147725020136152,0.029147725020136152,0.9730973374098539,0.0,0.0,0.0,0.019704343285411596,0.49649826786480844,0.49684079573489726,0.0,-0.0,0.04113658517599106,0.48354536592960357,0.0,0.6976744186046512,0.01759641245007515,0.0,-0.078881,-0.00035486,0.01554891
0.4642857142857143,0.5,0.3333333333333333,0.42424242424242425,0.6153846153846154,0.5869565217391305,0.0,0.0,0.49785699772988634,0.4978570559598064,0.4613562374452332,0.5344798774103311,0.029121955324496542,0.029121955324496542,0.9732071831822395,0.0,0.0,0.0,0.019563683122396466,0.49653560342267156,0.4968432909809053,0.0,-0.0,0.0,0.5,0.0,0.6976744186046512,0.01731988415122032,0.0,-0.08213718,0.00175137,0.01527736
0.4642857142857143,0.5,0.3333333333333333,0.42424242424242425,0.6153846153846154,0.5869565217391305,0.0,0.0,0.4953515126047581,0.4953514791270059,0.46068936347049694,0.5351559285629269,0.028432332245366915,0.028432332245366915,0.9737865598872304,0.0,0.0,0.0,0.018952574394643304,0.4966225374955684,0.49691733601503074,0.0,-0.0,0.0,0.5,0.0,0.6976744186046512,0.016792580485343933,0.0,-0.08439998,0.00397933,0.01435835
0.4642857142857143,0.5,0.3333333333333333,0.42424242424242425,0.6153846153846154,0.5869565217391305,0.0,0.0,0.4954520103238509,0.4954519836128784,0.4624942758799055,0.5333165383425037,0.028186812996864322,0.028186812996864322,0.9739406667649746,0.0,0.0,0.0,0.018363108951598404,0.4966626283712685,0.4969230233691633,0.0,-0.0,0.0,0.5,0.0,0.6976744186046512,0.01642492786049843,0.0,-0.0871248,0.00525399,0.01554756
0.4642857142857143,0.5,0.3333333333333333,0.42424242424242425,0.6153846153846154,0.5869565217391305,0.0,0.0,0.4948962450910709,0.49489619807975926,0.46240084303496676,0.533320596985739,0.02854946202465466,0.02854946202465466,0.9734932240098715,0.0,0.0,0.0,0.01876826714724302,0.4965819341596216,0.49681903840973973,0.0,-0.0,0.0,0.5,0.0,0.6976744186046512,0.016439028084278107,0.0,-0.08808712,0.0059187,0.01375584
0.4642857142857143,0.5,0.3333333333333333,0.42424242424242425,0.6153846153846154,0.5869565217391305,0.0,0.0,0.4939754320376234,0.49397526393656976,0.46344924941801435,0.5322419979439589,0.02827481898878302,0.02827481898878302,0.9735995279625058,0.0,0.0,0.0,0.018497431091964243,0.4966061918530613,0.49682638235390186,0.0,-0.0,0.0,0.5,0.0,0.6976744186046512,0.01627594791352749,0.0,-0.08777118,0.00446117,0.01522565
0.4642857142857143,0.5,0.3333333333333333,0.42424242424242425,0.6153846153846154,0.5869565217391305,0.0,0.0,0.49328476321628856,0.4932845687604087,0.4667092046591793,0.5289946602539117,0.028604797220655852,0.028604797220655852,0.973462775349617,0.0,0.0,0.0,0.018279387336224317,0.49662684882059693,0.4968649693764746,0.0,-0.0,0.0,0.5,0.0,0.6976744186046512,0.016412347555160522,0.0,-0.09209964,0.01695149,0.01652128
