face_1,face_2,face_3,face_4,face_5,face_6,face_7,face_8,face_9,face_10,face_11,face_12,face_13,face_14,face_15,face_16,face_17,face_18,face_19,face_20,face_21,face_22,face_23,face_24,face_25,face_26,face_27,face_28,face_29,neck_1,neck_2,neck_3
0.4642857142857143,0.5,0.3333333333333333,0.42424242424242425,0.6153846153846154,0.5869565217391305,0.0,0.0,0.4345462306279753,0.4345341672405002,0.47085516641974223,0.525168477982403,0.14307501592806407,0.14307501592806407,0.9152655266225338,0.0,0.0,0.0,0.033625287190079685,0.47466747649013996,0.46942102164030075,0.0,-0.0,0.033989034593105316,0.4864043861627579,0.0,0.6976744186046512,0.05934226140379906,0.0048062787391245365,-0.10840525,0.01990743,-0.05741566
0.4642857142857143,0.5,0.3333333333333333,0.42424242424242425,0.6153846153846154,0.5869565217391305,0.0,0.0,0.4373041591954277,0.4372921755847238,0.46269135014732754,0.5331583338822684,0.02358528386269297,0.02358528386269297,0.9758804049342871,0.0,0.0,0.0,0.01202779896557331,0.4982091337442398,0.4990738713531755,0.0,-0.0,0.0,0.5,0.0,0.6976744186046512,0.019444843754172325,0.0,-0.12750037,0.02501511,-0.05494095
0.4642857142857143,0.5,0.3333333333333333,0.42424242424242425,0.6153846153846154,0.5869565217391305,0.0,0.0,0.4366018956751486,0.4365898892710815,0.4605171938015444,0.535276136486703,0.024156977555581504,0.024156977555581504,0.9749524602666497,0.0,0.0,0.0,0.012598371598869562,0.4978887517936528,0.4986469753785059,0.0,-0.0,0.0,0.5,0.0,0.6976744186046512,0.01841469295322895,0.0,-0.1149364,0.02182065,-0.05631043
0.4642857142857143,0.5,0.3333333333333333,0.42424242424242425,0.6153846153846154,0.5869565217391305,0.6206052899360657,0.6112021803855896,0.2631359510622334,0.26311748843803917,0.45934750678206493,0.5395738094481587,0.036244925909808705,0.036244925909808705,0.9328899346292019,0.0,0.0,0.0,0.03324558865278959,0.4923171545378864,0.493256158195436,0.0,-0.0,0.0,0.5,0.0,0.6976744186046512,0.015795940533280373,0.0,-0.10776867,0.01678612,-0.05709828
0.4642857142857143,0.5,0.3333333333333333,0.42424242424242425,0.6153846153846154,0.5869565217391305,0.9691784381866455,0.9691713452339172,0.3571191531522324,0.35710439444955855,0.4722016587084156,0.5265654547214002,0.05720049941114017,0.05720049941114017,0.9129774756729603,0.0,0.0,0.0,0.03913134820759296,0.485394942574203,0.4865329070016742,0.0,-0.0,0.0,0.5,0.0,0.6976744186046512,0.016005579382181168,0.0,-0.10060348,0.01246626,-0.0471826
0.4642857142857143,0.5,0.3333333333333333,0.42424242424242425,0.6153846153846154,0.5869565217391305,0.08324259519577026,0.08213990181684494,0.3948199685171503,0.3948062127224574,0.4844067140587429,0.5120427573793427,0.038775245526007245,0.038775245526007245,0.9565290547907352,0.0,0.0,0.0,0.026910833455622195,0.48934775684028864,0.4894556412473321,0.0,-0.0,0.0,0.5,0.0,0.6976744186046512,0.015511618927121162,0.0,-0.09817704,0.01304926,-0.04201633
0.4642857142857143,0.5,0.3333333333333333,0.42424242424242425,0.6153846153846154,0.5869565217391305,0.0432589165866375,0.04220357537269592,0.4009775272063042,0.4009639651551985,0.4866026024517548,0.5095727859167428,0.034861947808946886,0.034861947808946886,0.9600629452615976,0.0,0.0,0.0,0.023402067087590694,0.4906384348869324,0.49071928672492504,0.0,-0.0,0.0,0.5,0.0,0.6976744186046512,0.01474208664149046,0.0,-0.08795894,0.0138629,-0.01767856
0.4642857142857143,0.5,0.3333333333333333,0.42424242424242425,0.6153846153846154,0.5869565217391305,0.020035916939377785,0.01964508555829525,0.3931659795130188,0.3931521325448731,0.4914051085197675,0.5048897441390318,0.026980871334671974,0.026980871334671974,0.9658176824450493,0.0,0.0,0.0,0.01625193590298295,0.4933393900282681,0.49340845784172416,0.0,-0.0,0.0,0.5,0.0,0.6976744186046512,0.011779503896832466,0.0,-0.07438792,0.01556217,-0.00490081
0.4642857142857143,0.5,0.3333333333333333,0.42424242424242425,0.6153846153846154,0.5869565217391305,0.017531005665659904,0.017262957990169525,0.3870988079056457,0.38708467602046,0.48937974226292413,0.5069109456210423,0.02407078631222248,0.02407078631222248,0.9678900968283415,0.0,0.0,0.0,0.014539986569434404,0.494310503359884,0.49437533458694816,0.0,-0.0,0.0,0.5,0.0,0.6976744186046512,0.010768573731184006,0.0,-0.07188427,0.01746697,0.00015358
0.4642857142857143,0.5,0.3333333333333333,0.42424242424242425,0.6153846153846154,0.5869565217391305,0.013346340507268906,0.01320455688983202,0.37369672062292153,0.3736821100771085,0.48464390037164634,0.5120313122618444,0.019609181742583005,0.019609181742583005,0.9700366267934442,0.0,0.0,0.0,0.01161241172812879,0.49568860279396176,0.49575037509202957,0.0,-0.0,0.0,0.5,0.0,0.6976744186046512,0.009293464943766594,0.0,-0.04803465,0.02982611,0.01302397
0.4642857142857143,0.5,0.3333333333333333,0.42424242424242425,0.6153846153846154,0.5869565217391305,0.01333865150809288,0.013181735761463642,0.3724431540268557,0.3724284978943163,0.4844556115211538,0.5122484418397145,0.01924942114523479,0.01924942114523479,0.96988829318434,0.0,0.0,0.0,0.011333662597462534,0.49574374593794346,0.4958099778741598,0.0,-0.0,0.0,0.5,0.0,0.6976744186046512,0.009120778180658817,0.0,-0.01880137,0.03676712,0.00921926
0.4642857142857143,0.5,0.3333333333333333,0.42424242424242425,0.6153846153846154,0.5869565217391305,0.018420392647385597,0.01794425956904888,0.3726229594724812,0.37260832613330497,0.4740003086412842,0.5226777075758805,0.017460426315665245,0.017460426315665245,0.9700491046532989,0.0,0.0,0.0,0.010513876331970096,0.496187697397545,0.49624911276623607,0.0,-0.0,0.0,0.5,0.0,0.6976744186046512,0.008513164706528187,0.0,-0.00970791,0.03652507,0.00966422
0.4642857142857143,0.5,0.3333333333333333,0.42424242424242425,0.6153846153846154,0.5869565217391305,0.02690676972270012,0.02581697888672352,0.3725373931870178,0.37252265727770717,0.46314475572815816,0.5332316587071068,0.01731839030981064,0.01731839030981064,0.9700695816427469,0.0,0.0,0.0,0.010566226625815033,0.4961308103520423,0.4961835122667253,0.0,-0.0,0.0,0.5,0.0,0.6976744186046512,0.008203103207051754,0.0,-0.00996483,0.02128527,-0.01136828
0.4642857142857143,0.5,0.3333333333333333,0.42424242424242425,0.6153846153846154,0.5869565217391305,0.5356315970420837,0.5328842997550964,0.27352904088182617,0.27351094295144307,0.45267385506493185,0.5463235446993703,0.030902590868728503,0.030902590868728503,0.9334789030253887,0.0,0.0,0.0,0.03365639969706535,0.49156343564391136,0.49256361089646816,0.0,-0.0,0.0,0.5,0.0,0.6976744186046512,0.01035902090370655,0.0,-0.01815792,0.00889485,-0.03044064
0.4642857142857143,0.5,0.3333333333333333,0.42424242424242425,0.6153846153846154,0.5869565217391305,0.197180837392807,0.1964094638824463,0.37907539590139006,0.37906097909916425,0.44853280242496874,0.5478991836543698,0.0448944845369884,0.0448944845369884,0.9392543230205774,0.0,0.0,0.0,0.038939762860536575,0.4878686470910907,0.48912692721933126,0.0,-0.0,0.0,0.5,0.0,0.6976744186046512,0.014117177575826645,0.0,-0.03924921,-0.00671394,-0.04033752
0.4642857142857143,0.5,0.3333333333333333,0.42424242424242425,0.6153846153846154,0.5869565217391305,0.015442808158695698,0.015364625491201878,0.45565210713027315,0.45564093553313334,0.44342990404789123,0.55233443521924,0.04181689981903349,0.04181689981903349,0.9507082272320986,0.0,0.0,0.0,0.03069096133112907,0.4902031486853957,0.49100910127162933,0.0,-0.0,0.0,0.5,0.0,0.6976744186046512,0.015843220055103302,0.0,-0.0860563,-0.0107317,-0.04094318
0.4642857142857143,0.5,0.3333333333333333,0.42424242424242425,0.6153846153846154,0.5869565217391305,0.0,0.0,0.4590986089542309,0.4590875456255663,0.4429427414961572,0.5525976497721895,0.039677762293389866,0.039677762293389866,0.95414630882442,0.0,0.0,0.0,0.028762446157634257,0.4917593952268362,0.4923147149384022,0.0,-0.0,0.0,0.5,0.0,0.6976744186046512,0.01677641272544861,0.0,-0.11526757,-0.01149608,-0.04580646
0.4642857142857143,0.5,0.3333333333333333,0.42424242424242425,0.6153846153846154,0.5869565217391305,0.0,0.0,0.4601955851450933,0.4601845702523255,0.4441868374498123,0.5512853250911035,0.03889272255556924,0.03889272255556924,0.9553554207086563,0.0,0.0,0.0,0.028259593620896337,0.492169588804245,0.49265422113239765,0.0,-0.0,0.0,0.5,0.0,0.6976744186046512,0.017036544159054756,0.0,-0.12700966,-0.01388217,-0.04593313
0.4642857142857143,0.5,0.3333333333333333,0.42424242424242425,0.6153846153846154,0.5869565217391305,0.0,0.0,0.45744684230301164,0.4574356735550423,0.4642870850134534,0.5310089809894055,0.03690746346754687,0.03690746346754687,0.9584068488329649,0.0,0.0,0.0,0.028348092548549173,0.49285600846633315,0.49313104525208473,0.0,-0.0,0.0,0.5,0.0,0.6976744186046512,0.017796365544199944,0.0,-0.13373682,-0.00763027,-0.04765405
0.4642857142857143,0.5,0.3333333333333333,0.42424242424242425,0.6153846153846154,0.5869565217391305,0.0,0.0,0.4505421741514771,0.4505306919947637,0.4836296968546698,0.5117424320257822,0.035140784457325935,0.035140784457325935,0.9600399043411016,0.0,0.0,0.0,0.027788229100406167,0.49325744109228253,0.49345790641382337,0.0,-0.0,0.0,0.5,0.0,0.6976744186046512,0.01772652566432953,0.0,-0.13290309,-0.00552601,-0.04491235
0.4642857142857143,0.5,0.3333333333333333,0.42424242424242425,0.6153846153846154,0.5869565217391305,0.5713015794754028,0.570460855960846,0.2878280470065815,0.28781038215009935,0.4949337433788562,0.5034540414759529,0.03950358368456364,0.03950358368456364,0.9394177924841642,0.0,0.0,0.0,0.046001779101788993,0.4896382549777627,0.49038888700306416,0.0,-0.0,0.0,0.5,0.0,0.6976744186046512,0.018146730959415436,0.0,-0.12451829,0.01633788,-0.00553509
0.4642857142857143,0.5,0.3333333333333333,0.42424242424242425,0.6153846153846154,0.5869565217391305,0.2291451245546341,0.22866559028625488,0.3474716912264122,0.347456111962663,0.5215904406106266,0.4758239266014869,0.052833062197480886,0.052833062197480886,0.9336742721498013,0.0,0.0,0.0,0.04323456007987261,0.48492781817913055,0.4854292441159487,0.0,-0.0,0.0,0.5,0.0,0.6976744186046512,0.01897452399134636,0.0,-0.10767271,0.03254659,0.02464074
0.4642857142857143,0.5,0.3333333333333333,0.42424242424242425,0.6153846153846154,0.5869565217391305,0.08947949856519699,0.08859923481941223,0.39495344645206604,0.3949396564673283,0.5471175229800135,0.4497264716588238,0.03660461067089013,0.03660461067089013,0.9572513159364462,0.0,0.0,0.0,0.023076583351939916,0.49160513188689947,0.4915413986891508,0.0,-0.0,0.0,0.5,0.0,0.6976744186046512,0.016952410340309143,0.0,-0.08089347,0.06595141,0.06836596
0.4642857142857143,0.5,0.3333333333333333,0.42424242424242425,0.6153846153846154,0.5869565217391305,0.07817977666854858,0.07711820304393768,0.3972565562501692,0.3972428460422027,0.5599118480262975,0.4371075073523407,0.03420928892280375,0.03420928892280375,0.9589135516434908,0.0,0.0,0.0,0.021841241978108883,0.4924438027665019,0.4924059403128922,0.0,-0.0,0.0,0.5,0.0,0.6976744186046512,0.016232775524258614,0.0,-0.05691543,0.09602628,0.09465602
0.4642857142857143,0.5,0.3333333333333333,0.42424242424242425,0.6153846153846154,0.5869565217391305,0.05845729261636734,0.057404935359954834,0.3880726429518049,0.38805861363675354,0.5957152241730553,0.4021927817551123,0.030661029741168026,0.030661029741168026,0.9608339965343475,0.0,0.0,0.0,0.01967311147600412,0.49364835349842906,0.4936856641434133,0.0,-0.0,0.0,0.5,0.0,0.6976744186046512,0.01440406497567892,0.0,-0.05018237,0.11959879,0.15568259
0.4642857142857143,0.5,0.3333333333333333,0.42424242424242425,0.6153846153846154,0.5869565217391305,0.05714644119143486,0.055973608046770096,0.3857349442250414,0.38572080094317407,0.6003280994313169,0.3976094694889248,0.03133357103381838,0.03133357103381838,0.959171075373888,0.0,0.0,0.0,0.01977268401533365,0.49385161558166146,0.493992674164474,0.0,-0.0,0.0,0.5,0.0,0.6976744186046512,0.014078952372074127,0.0,-0.04956067,0.12038062,0.16891313
0.4642857142857143,0.5,0.3333333333333333,0.42424242424242425,0.6153846153846154,0.5869565217391305,0.051501061767339706,0.05019102245569229,0.3884911063068456,0.38847704280174944,0.5975052667621444,0.40041654054744247,0.03111212913479124,0.03111212913479124,0.9593245964497328,0.0,0.0,0.0,0.019081125035881996,0.4942301264964044,0.4943938758224249,0.0,-0.0,0.0,0.5,0.0,0.6976744186046512,0.013700813986361027,0.0,-0.04674705,0.11978138,0.17228931
0.4642857142857143,0.5,0.3333333333333333,0.42424242424242425,0.6153846153846154,0.5869565217391305,0.047902900725603104,0.04662847891449928,0.3903753994527784,0.3903614499144983,0.5913239858802373,0.4064802247702455,0.030667840370110104,0.030667840370110104,0.9598910212516785,0.0,0.0,0.0,0.01855491530150175,0.4944823165424168,0.49465069780126214,0.0,-0.0,0.0,0.5,0.0,0.6976744186046512,0.013410362415015697,0.0,-0.04391281,0.11789897,0.17031932
0.4642857142857143,0.5,0.3333333333333333,0.42424242424242425,0.6153846153846154,0.5869565217391305,0.04122644290328026,0.040062714368104935,0.3940529946387384,0.39403920465400066,0.5821505404339238,0.41543098475640816,0.028609488425510272,0.028609488425510272,0.9620685745030642,0.0,0.0,0.0,0.017114416137337683,0.4949273862875998,0.4950796142220497,0.0,-0.0,0.0,0.5,0.0,0.6976744186046512,0.012793620117008686,0.0,-0.04147242,0.11121805,0.16247249
0.4642857142857143,0.5,0.3333333333333333,0.42424242424242425,0.6153846153846154,0.5869565217391305,0.037913959473371506,0.03684068098664284,0.3899895078137545,0.389975512688748,0.5607280270775236,0.4363647856123766,0.027577118682009835,0.027577118682009835,0.9627830851823092,0.0,0.0,0.0,0.016545638255774972,0.495022214949131,0.4951536995358765,0.0,-0.0,0.0,0.5,0.0,0.6976744186046512,0.012391586787998676,0.0,-0.03742933,0.10691974,0.15281063
0.4642857142857143,0.5,0.3333333333333333,0.42424242424242425,0.6153846153846154,0.5869565217391305,0.1954103708267212,0.19394217431545258,0.35681937483938886,0.35680238238712114,0.5246200974083312,0.47257370697557993,0.02639164749000754,0.02639164749000754,0.9626282062381506,0.0,0.0,0.0,0.01772757126018405,0.4947526389732957,0.49485227512195706,0.0,-0.0,0.0,0.5,0.0,0.6976744186046512,0.012027185410261154,0.0,-0.03628575,0.10434046,0.14471939
0.4642857142857143,0.5,0.3333333333333333,0.42424242424242425,0.6153846153846154,0.5869565217391305,0.31091415882110596,0.3099769949913025,0.3169164584654011,0.3168981212047044,0.5429384538593985,0.45595943079345264,0.03223852653588568,0.03223852653588568,0.9426929242908955,0.0,0.0,0.0,0.0401389529928565,0.4894730746746063,0.49003316555172205,0.0,-0.0,0.0,0.5,0.0,0.6976744186046512,0.014992373995482922,0.0,-0.03472244,0.10133638,0.13568893
0.4642857142857143,0.5,0.3333333333333333,0.42424242424242425,0.6153846153846154,0.5869565217391305,0.14048106968402863,0.13949555158615112,0.3762929986585395,0.37627814878241284,0.732130482821346,0.27515027941932135,0.03350431631718363,0.03350431631718363,0.9476878829300404,0.0,0.0,0.0,0.03592209219932556,0.4897504886612296,0.49028800521045923,0.0,-0.0,0.0,0.5,0.0,0.6976744186046512,0.015993958339095116,0.0,-0.03270722,0.09849801,0.12655313
0.4642857142857143,0.5,0.3333333333333333,0.42424242424242425,0.6153846153846154,0.5869565217391305,0.04961865395307541,0.048370860517024994,0.3954359477610251,0.3954222717431034,0.762548271602244,0.24724085467216794,0.03331035641687257,0.03331035641687257,0.9563934244215488,0.0,0.0,0.0,0.029487804882228373,0.4912264496088028,0.49171548057347536,0.0,-0.0,0.0,0.5,0.0,0.6976744186046512,0.01652313955128193,0.0,-0.02713441,0.08505527,0.05805233
0.4642857142857143,0.5,0.3333333333333333,0.42424242424242425,0.6153846153846154,0.5869565217391305,0.0427863635122776,0.041662052273750305,0.396822638994877,0.3968088376134577,0.739442297423091,0.26873442633835304,0.03344136157206127,0.03344136157206127,0.9579820446670055,0.0,0.0,0.0,0.027737277187407015,0.4920344380661845,0.4925489635206759,0.0,-0.0,0.0,0.5,0.0,0.6976744186046512,0.016952313482761383,0.0,-0.02629626,0.07858306,0.02446997
0.4642857142857143,0.5,0.3333333333333333,0.42424242424242425,0.6153846153846154,0.5869565217391305,0.04205974563956261,0.041044119745492935,0.39595104357936417,0.39593721940458165,0.7394911208070715,0.2686494526803329,0.032724264476980486,0.032724264476980486,0.9594068974256516,0.0,0.0,0.0,0.025145423598587513,0.49296140344813466,0.4934966517612338,0.0,-0.0,0.0,0.5,0.0,0.6976744186046512,0.017180096358060837,0.0,-0.02218493,0.06348654,-0.03115402
0.4642857142857143,0.5,0.3333333333333333,0.42424242424242425,0.6153846153846154,0.5869565217391305,0.03845403715968132,0.03763463348150253,0.40249672765713573,0.4024831770027117,0.7290320214076434,0.27863315090343965,0.03255354506628854,0.03255354506628854,0.960386211052537,0.0,0.0,0.0,0.024062925577163694,0.4934386173263192,0.49398428900167346,0.0,-0.0,0.0,0.5,0.0,0.6976744186046512,0.017651500180363655,0.0,-0.0201176,0.04800483,-0.14756235
0.4642857142857143,0.5,0.3333333333333333,0.42424242424242425,0.6153846153846154,0.5869565217391305,0.03848452493548393,0.03767602518200874,0.4007282133995917,0.400714594365078,0.7332136462341075,0.27469787674647167,0.03334552182682923,0.03334552182682923,0.9606138039380312,0.0,0.0,0.0,0.02446105144917965,0.4935041074641049,0.4940881822258234,0.0,-0.0,0.0,0.5,0.0,0.6976744186046512,0.018531909212470055,0.0,-0.02212875,0.04523135,-0.17112519
0.4642857142857143,0.5,0.3333333333333333,0.42424242424242425,0.6153846153846154,0.5869565217391305,0.03573034331202507,0.03492005169391632,0.4005543798151253,0.4005407721772932,0.7363150479916633,0.27173300723450083,0.032698601218206544,0.032698601218206544,0.9616437703371048,0.0,0.0,0.0,0.023663981538265943,0.4937403188087046,0.49432691605761647,0.0,-0.0,0.0,0.5,0.0,0.6976744186046512,0.01834118738770485,0.0,-0.02265015,0.04374688,-0.19314195
0.4642857142857143,0.5,0.3333333333333333,0.42424242424242425,0.6153846153846154,0.5869565217391305,0.03511751443147659,0.0342993438243866,0.40075643158323676,0.4007428467387679,0.7371305033536075,0.2709605173621939,0.032643784901925495,0.032643784901925495,0.9618395436555147,0.0,0.0,0.0,0.023555341362953185,0.4937749421223998,0.49436248652637005,0.0,-0.0,0.0,0.5,0.0,0.6976744186046512,0.018334364518523216,0.0,-0.02701643,0.04255606,-0.20547159
0.4642857142857143,0.5,0.3333333333333333,0.42424242424242425,0.6153846153846154,0.5869565217391305,0.03512101247906685,0.034292206168174744,0.40103843107278214,0.40102827662947527,0.7474641024952409,0.26134265261849254,0.032487337344459126,0.032487337344459126,0.9621407780796289,0.0,0.0,0.0,0.02350307712331414,0.4938777950592339,0.4944804208353162,0.0,-0.0,0.0,0.5,0.0,0.6976744186046512,0.018479982390999794,0.0,-0.02845425,0.04300215,-0.21120347
0.4642857142857143,0.5,0.3333333333333333,0.42424242424242425,0.6153846153846154,0.5869565217391305,0.035091105848550797,0.034262847155332565,0.4008982290957216,0.4008880632557331,0.746515078024928,0.2622272858377574,0.03247750523899283,0.03247750523899283,0.9621726516634226,0.0,0.0,0.0,0.023513078317046163,0.4938701535575092,0.4944730610586703,0.0,-0.0,0.0,0.5,0.0,0.6976744186046512,0.018468579277396202,0.0,-0.02682864,0.04380087,-0.21461143
0.4642857142857143,0.5,0.3333333333333333,0.42424242424242425,0.6153846153846154,0.5869565217391305,0.054017599672079086,0.05284221097826958,0.39675425890526855,0.39674312434734393,0.5619456143497736,0.4372056897643369,0.0302853954157659,0.0302853954157659,0.9640251435339451,0.0,0.0,0.0,0.02183699794113636,0.49428222887218,0.49478265549987555,0.0,-0.0,0.0,0.5,0.0,0.6976744186046512,0.01723119057714939,0.0,-0.02559157,0.0427899,-0.21180324
0.4642857142857143,0.5,0.3333333333333333,0.42424242424242425,0.6153846153846154,0.5869565217391305,0.04866309463977814,0.047343816608190536,0.39872448303047603,0.39871347383604905,0.5787807240312915,0.42093771314935013,0.02884652066443648,0.02884652066443648,0.9649934358894825,0.0,0.0,0.0,0.02088941726833582,0.494466501288116,0.4948446387425065,0.0,-0.0,0.0,0.5,0.0,0.6976744186046512,0.016068605706095695,0.0,-0.02583278,0.0425674,-0.2103444
0.4642857142857143,0.5,0.3333333333333333,0.42424242424242425,0.6153846153846154,0.5869565217391305,0.04844052344560623,0.04713618382811546,0.3988854383647328,0.39887447475703225,0.5787818636994517,0.4209429670195684,0.028575037473014424,0.028575037473014424,0.9652332663536072,0.0,0.0,0.0,0.02066678199917078,0.49452610220760107,0.4948897114954889,0.0,-0.0,0.0,0.5,0.0,0.6976744186046512,0.015913600102066994,0.0,-0.02315656,0.03863202,-0.20155224
0.4642857142857143,0.5,0.3333333333333333,0.42424242424242425,0.6153846153846154,0.5869565217391305,0.032257553189992905,0.03152722492814064,0.41596602117126347,0.4159555476208718,0.5081086235680042,0.48949833759107686,0.026741961815527508,0.026741961815527508,0.9675314296036959,0.0,0.0,0.0,0.018918097298592326,0.4951411634683609,0.49535530572757125,0.0,-0.0,0.0,0.5,0.0,0.6976744186046512,0.01482366118580103,0.0,-0.02339503,0.03753385,-0.19966778
0.4642857142857143,0.5,0.3333333333333333,0.42424242424242425,0.6153846153846154,0.5869565217391305,0.025790441781282425,0.025328511372208595,0.4148645831795541,0.41485402415405037,0.4888082414181693,0.5082769860678326,0.02574457786977291,0.02574457786977291,0.9688736656680703,0.0,0.0,0.0,0.01805235547944903,0.4954371405765414,0.49559920839965343,0.0,-0.0,0.0,0.5,0.0,0.6976744186046512,0.014411636628210545,0.0,-0.01952032,0.02837358,-0.16704565
0.4642857142857143,0.5,0.3333333333333333,0.42424242424242425,0.6153846153846154,0.5869565217391305,0.02487383969128132,0.024341266602277756,0.41282264543536973,0.4128117559060996,0.4051810165664206,0.5912031219697996,0.02491954980151994,0.02491954980151994,0.9701845087110996,0.0,0.0,0.0,0.01709906719624996,0.49571428168565035,0.4958272846415639,0.0,-0.0,0.0,0.5,0.0,0.6976744186046512,0.013934099115431309,0.0,-0.01478539,0.02712486,-0.14940484
0.4642857142857143,0.5,0.3333333333333333,0.42424242424242425,0.6153846153846154,0.5869565217391305,0.0,0.0,0.422075354802221,0.4220648641568069,0.40737270670684755,0.588785942785548,0.024081318240080564,0.024081318240080564,0.9717310126870871,0.0,0.0,0.0,0.016025321930646895,0.4959425665438175,0.49600972700864077,0.0,-0.0,0.0,0.5,0.0,0.6976744186046512,0.013196428306400776,0.0,-0.01272779,0.02676877,-0.1426954
0.4642857142857143,0.5,0.3333333333333333,0.42424242424242425,0.6153846153846154,0.5869565217391305,0.0,0.0,0.4215156865621388,0.4215051731233615,0.4105313255043832,0.5854745685661678,0.022253943607211113,0.022253943607211113,0.9743233472108841,0.0,0.0,0.0,0.014267020020633936,0.4963779663667083,0.4963802753482014,0.0,-0.0,0.0,0.5,0.0,0.6976744186046512,0.011945713311433792,0.0,-0.01225477,0.03099017,-0.13268623
0.4642857142857143,0.5,0.3333333333333333,0.42424242424242425,0.6153846153846154,0.5869565217391305,0.0,0.0,0.4212492492413202,0.42123870161249805,0.4142875748884154,0.5816552584936646,0.021901509192373072,0.021901509192373072,0.9749622102826834,0.0,0.0,0.0,0.013715010974556206,0.4964511499274522,0.49642837862484157,0.0,-0.0,0.0,0.5,0.0,0.6976744186046512,0.01160630863159895,0.0,-0.01393043,0.03228854,-0.13071452
0.4642857142857143,0.5,0.3333333333333333,0.42424242424242425,0.6153846153846154,0.5869565217391305,0.0,0.0,0.4227664780662347,0.4227560273092062,0.4247699862000591,0.571155071207893,0.02136062298502241,0.02136062298502241,0.9756307732313871,0.0,0.0,0.0,0.01322658946737647,0.4965305479709059,0.49648281396366656,0.0,-0.0,0.0,0.5,0.0,0.6976744186046512,0.011217540130019188,0.0,-0.01466995,0.03513842,-0.13190408
0.4642857142857143,0.5,0.3333333333333333,0.42424242424242425,0.6153846153846154,0.5869565217391305,0.2089032679796219,0.20806652307510376,0.35366436309158,0.3536510745608328,0.44960588547285385,0.5475657381194905,0.022578196866171702,0.022578196866171702,0.9714237488806248,0.0,0.0,0.0,0.016609094105660915,0.496083649341017,0.49604892497882247,0.0,-0.0,0.0,0.5,0.0,0.6976744186046512,0.011940783821046352,0.0,-0.01601481,0.04031256,-0.12117667
0.4642857142857143,0.5,0.3333333333333333,0.42424242424242425,0.6153846153846154,0.5869565217391305,0.5722944736480713,0.5710651278495789,0.2541475250433781,0.25413063516124484,0.4567756005500516,0.542614459769853,0.031323877296277454,0.031323877296277454,0.9415643084794283,0.0,0.0,0.0,0.035672937892377375,0.49054404348134995,0.49103787168860435,0.0,-0.0,0.0,0.5,0.0,0.6976744186046512,0.014255968853831291,0.0,-0.01174625,0.03573263,-0.10725316
0.4642857142857143,0.5,0.3333333333333333,0.42424242424242425,0.6153846153846154,0.5869565217391305,0.08285900205373764,0.08189881592988968,0.38638289116080815,0.3863709132484451,0.47729845986083635,0.5189404336667147,0.030663706628339633,0.030663706628339633,0.9572176225483418,0.0,0.0,0.0,0.0243514496833086,0.49124252051115036,0.4915896076709032,0.0,-0.0,0.0,0.5,0.0,0.6976744186046512,0.014665234833955765,0.0,-0.01382554,0.03584528,-0.10502055
0.4642857142857143,0.5,0.3333333333333333,0.42424242424242425,0.6153846153846154,0.5869565217391305,0.06618818640708923,0.0652138739824295,0.38983235897115265,0.3898205634056952,0.4798757709690991,0.5163712085040482,0.029427673933761462,0.029427673933761462,0.9591041840612888,0.0,0.0,0.0,0.023191351629793643,0.49176024459302425,0.49206475354731083,0.0,-0.0,0.0,0.5,0.0,0.6976744186046512,0.014143656939268112,0.0,-0.01688533,0.03687496,-0.09999514
0.4642857142857143,0.5,0.3333333333333333,0.42424242424242425,0.6153846153846154,0.5869565217391305,0.03760990872979164,0.03660217300057411,0.39353311221412673,0.3935214306154853,0.4942798890444106,0.5019308065998345,0.02453506924211979,0.02453506924211979,0.9649522192776203,0.0,0.0,0.0,0.018434119317680596,0.49380863225087523,0.4939765240997076,0.0,-0.0,0.0,0.5,0.0,0.6976744186046512,0.011855731718242168,0.0,-0.01697142,0.03743271,-0.09543647
0.4642857142857143,0.5,0.3333333333333333,0.42424242424242425,0.6153846153846154,0.5869565217391305,0.029463764280080795,0.028705524280667305,0.39726217481419873,0.39724804292901295,0.50245509879311,0.493667238022533,0.022176393041653295,0.022176393041653295,0.9680262142792344,0.0,0.0,0.0,0.01591687798500061,0.4949952610768378,0.4951100959442556,0.0,-0.0,0.0,0.5,0.0,0.6976744186046512,0.011050560511648655,0.0,-0.02107076,0.03868763,-0.07254292
0.4642857142857143,0.5,0.3333333333333333,0.42424242424242425,0.6153846153846154,0.5869565217391305,0.17687995731830597,0.17596423625946045,0.3538462541299386,0.35383048112260224,0.5084856927508834,0.48880629119585345,0.02214089169033936,0.02214089169033936,0.9682063898071647,0.0,0.0,0.0,0.015508685074746608,0.49531859112903476,0.49541546823456883,0.0,-0.0,0.0,0.5,0.0,0.6976744186046512,0.01116219162940979,0.0,-0.01700225,0.04310552,-0.04378642
0.4642857142857143,0.5,0.3333333333333333,0.42424242424242425,0.6153846153846154,0.5869565217391305,0.6098283529281616,0.6063329577445984,0.27227649998710446,0.27225837926335816,0.41961329548582293,0.5810860027951852,0.04986194893717766,0.04986194893717766,0.9367613587528467,0.0,0.0,0.0,0.04016596097499132,0.48801192082464695,0.4888877095654607,0.0,-0.0,0.0,0.5,0.0,0.6976744186046512,0.016277600079774857,0.0,-0.012289,0.04136193,-0.00455568
0.4642857142857143,0.5,0.3333333333333333,0.42424242424242425,0.6153846153846154,0.5869565217391305,0.03693486377596855,0.036380890756845474,0.40597870450174833,0.40596608267687473,0.2751870301211997,0.7292274780933938,0.05722744124276298,0.05722744124276298,0.9448379557579756,0.0,0.0,0.0,0.033691903576254845,0.4882677672430873,0.4889614684507251,0.0,-0.0,0.0,0.5,0.0,0.6976744186046512,0.02070799097418785,0.0,-0.01637905,0.0403173,0.0045233
0.4642857142857143,0.5,0.3333333333333333,0.42424242424242425,0.6153846153846154,0.5869565217391305,0.0,0.0,0.4296684793942745,0.42965672941554345,0.28684800076894956,0.7165324409372213,0.05317870793598039,0.05317870793598039,0.9504953715950251,0.0,0.0,0.0,0.027347317337989806,0.4902879949659109,0.49078274983912706,0.0,-0.0,0.0,0.5,0.0,0.6976744186046512,0.019550589844584465,0.0,-0.00979468,0.04132583,0.0305551
0.4642857142857143,0.5,0.3333333333333333,0.42424242424242425,0.6153846153846154,0.5869565217391305,0.0,0.0,0.4277290377060724,0.42771724214061496,0.28221367695591415,0.7214810738321422,0.052327960729599,0.052327960729599,0.9512542095035315,0.0,0.0,0.0,0.027001162990927696,0.4911976112052798,0.49159807432442904,0.0,-0.0,0.0,0.5,0.0,0.6976744186046512,0.019822174683213234,0.0,-0.01092515,0.03948874,0.04612136
0.4642857142857143,0.5,0.3333333333333333,0.42424242424242425,0.6153846153846154,0.5869565217391305,0.0,0.0,0.43361227826908033,0.43360064795550607,0.29659138856380896,0.7061982605648264,0.05130003871662277,0.05130003871662277,0.9523613732308149,0.0,0.0,0.0,0.026246822252869603,0.4919850882142782,0.4923455840907991,0.0,-0.0,0.0,0.5,0.0,0.6976744186046512,0.019696814939379692,0.0,-0.01352549,0.03902511,0.04956444
0.4642857142857143,0.5,0.3333333333333333,0.42424242424242425,0.6153846153846154,0.5869565217391305,0.0,0.0,0.42829619356596677,0.4282843353187605,0.2964249742190651,0.7063440241225085,0.05100439967853683,0.05100439967853683,0.9527004715055227,0.0,0.0,0.0,0.026031422056257723,0.49214805755764246,0.4924958483316004,0.0,-0.0,0.0,0.5,0.0,0.6976744186046512,0.01950538530945778,0.0,-0.01545283,0.03899982,0.05366058
0.4642857142857143,0.5,0.3333333333333333,0.42424242424242425,0.6153846153846154,0.5869565217391305,0.8229023814201355,0.8230236768722534,0.27633312600976423,0.27631477735238597,0.5697601422752978,0.4306763941147081,0.05967448864664351,0.05967448864664351,0.9302599802613258,0.0,0.0,0.0,0.052010927349328995,0.48615110013633966,0.4872131161391735,0.0,-0.0,0.0,0.5,0.0,0.6976744186046512,0.02097266912460327,0.0,-0.01791642,0.03355142,0.09440561
0.4642857142857143,0.5,0.3333333333333333,0.42424242424242425,0.6153846153846154,0.5869565217391305,0.22343137860298157,0.22317974269390106,0.33576011931235206,0.3357435257439404,0.5719074765309321,0.42614429853563734,0.050914508423634944,0.050914508423634944,0.9430893212556839,0.0,0.0,0.0,0.03188393209129572,0.48754844814538956,0.48800809495151043,0.0,-0.0,0.0,0.5,0.0,0.6976744186046512,0.021086832508444786,0.0,-0.02269901,0.03003066,0.10911657
0.4642857142857143,0.5,0.3333333333333333,0.42424242424242425,0.6153846153846154,0.5869565217391305,0.10187288373708725,0.10066305845975876,0.375408354042593,0.37539340159633194,0.55394093279173,0.4431036434432922,0.038819446095398495,0.038819446095398495,0.9544151183217764,0.0,0.0,0.0,0.02391880042850971,0.4906771248206496,0.4908558204770088,0.0,-0.0,0.0,0.5,0.0,0.6976744186046512,0.018147798255085945,0.0,-0.02061432,0.02399037,0.18827328
0.4642857142857143,0.5,0.3333333333333333,0.42424242424242425,0.6153846153846154,0.5869565217391305,0.0677594542503357,0.06657737493515015,0.38972990280355596,0.389715520191375,0.5427282734081349,0.4538812573001166,0.03360990434885025,0.03360990434885025,0.9581607133150101,0.0,0.0,0.0,0.021351354941725728,0.49220270942896605,0.4923571739345789,0.0,-0.0,0.0,0.5,0.0,0.6976744186046512,0.01563216932117939,0.0,-0.02078282,0.02375981,0.20201762
0.4642857142857143,0.5,0.3333333333333333,0.42424242424242425,0.6153846153846154,0.5869565217391305,0.05168412625789642,0.05037793517112732,0.39875198322318023,0.3987379425114473,0.5368476027968281,0.4595827093949003,0.030707271237458502,0.030707271237458502,0.9604718517512083,0.0,0.0,0.0,0.020545223914086818,0.49300711089745164,0.4931476698257029,0.0,-0.0,0.0,0.5,0.0,0.6976744186046512,0.014132303185760975,0.0,-0.01827959,0.0204507,0.22626375
0.4642857142857143,0.5,0.3333333333333333,0.42424242424242425,0.6153846153846154,0.5869565217391305,0.04679903760552406,0.045568156987428665,0.4017896547372209,0.4017757165956224,0.5193947844250024,0.47666861445173886,0.028108330443501476,0.028108330443501476,0.9627056382596493,0.0,0.0,0.0,0.019614322762936353,0.493745397310704,0.4938551774248481,0.0,-0.0,0.0,0.5,0.0,0.6976744186046512,0.013049782253801823,0.0,-0.02148631,0.02353122,0.23113912
0.4642857142857143,0.5,0.3333333333333333,0.42424242424242425,0.6153846153846154,0.5869565217391305,0.048973675817251205,0.04782497510313988,0.4004671610108297,0.4004531658858232,0.5150727752745722,0.48090017953698033,0.026988907318030088,0.026988907318030088,0.9635741747915745,0.0,0.0,0.0,0.020177750289440154,0.4938681158237159,0.49396882439032197,0.0,-0.0,0.0,0.5,0.0,0.6976744186046512,0.012696996331214905,0.0,-0.0216298,0.02576384,0.2317045
0.4642857142857143,0.5,0.3333333333333333,0.42424242424242425,0.6153846153846154,0.5869565217391305,0.05020885169506073,0.04914006218314171,0.4074162534272466,0.40740253752093925,0.513213010636616,0.48261050803660843,0.0268699335200446,0.0268699335200446,0.9641314093023539,0.0,0.0,0.0,0.024162880145013332,0.49377961782738566,0.49387295451015234,0.0,-0.0,0.0,0.5,0.0,0.6976744186046512,0.01370334904640913,0.0,-0.02210174,0.02522747,0.2283027
0.4642857142857143,0.5,0.3333333333333333,0.42424242424242425,0.6153846153846154,0.5869565217391305,0.05182451009750366,0.05079016461968422,0.40724598130578066,0.4072322540027917,0.5154534614792745,0.48038324885290346,0.027630307844706947,0.027630307844706947,0.9635912403464317,0.0,0.0,0.0,0.029734801314771173,0.49336334923282266,0.4934656089171767,0.0,-0.0,0.0,0.5,0.0,0.6976744186046512,0.014546415768563747,0.0,-0.02396258,0.01077768,0.20243762
0.4642857142857143,0.5,0.3333333333333333,0.42424242424242425,0.6153846153846154,0.5869565217391305,0.553786039352417,0.552837610244751,0.2808162386513121,0.2807980951342026,0.5217774914965803,0.4770522609444872,0.05901402660778591,0.05901402660778591,0.9345874935388565,0.0,0.0,0.0,0.10129572004079818,0.47602758184075356,0.4773050434887409,0.14999298751354218,0.14999298751354218,0.0,0.5,0.0,0.6976744186046512,0.025362910702824593,0.0020595433306880295,-0.02634845,0.008948,0.17871179
0.4642857142857143,0.5,0.3333333333333333,0.42424242424242425,0.6153846153846154,0.5869565217391305,0.1761721968650818,0.1755162626504898,0.3834301477180612,0.3834163463366419,0.3345217444928609,0.6668546705304728,0.0758344999381474,0.0758344999381474,0.9268824383616447,0.0,0.0,0.0,0.09416389688849448,0.47592422738671303,0.4762156493961811,0.13720090687274933,0.13720090687274933,0.0,0.5,0.0,0.6976744186046512,0.035082243382930756,0.013200101675465703,-0.02327111,0.00818037,0.16632408
0.4642857142857143,0.5,0.3333333333333333,0.42424242424242425,0.6153846153846154,0.5869565217391305,0.031040800735354424,0.029703743755817413,0.4233890616870975,0.4233766563991743,0.35219323384374324,0.6476869906289121,0.07649151342255729,0.07649151342255729,0.9356492236256599,0.0,0.0,0.0,0.1515893079340458,0.47450653836131096,0.4749145247042179,0.21956707537174225,0.21956707537174225,0.0,0.5,0.0,0.6976744186046512,0.053722456097602844,0.03142626490443945,-0.01984085,0.00043151,0.14084692
0.4642857142857143,0.5,0.3333333333333333,0.42424242424242425,0.6153846153846154,0.5869565217391305,0.02313121221959591,0.022083068266510963,0.42510712853353294,0.4250947916256994,0.3516768729937464,0.6481348631208252,0.08240171841212682,0.08240171841212682,0.933349683880806,0.0,0.0,0.0,0.20935634374618528,0.4571521319448948,0.4576629437506199,0.30410894751548767,0.30410894751548767,0.0,0.5,0.0,0.6976744186046512,0.08088771998882294,0.053800600580871105,-0.01639665,-0.00176345,0.12686132
0.4642857142857143,0.5,0.3333333333333333,0.42424242424242425,0.6153846153846154,0.5869565217391305,0.0,0.0,0.43189143063233415,0.4318792418813614,0.37512939746703516,0.6235402657875773,0.0864488072693348,0.0864488072693348,0.9303989000618458,0.0,0.0,0.0,0.24145215302705764,0.4505942091345787,0.45124857500195503,0.35046789050102234,0.35046789050102234,0.0,0.5,0.0,0.6976744186046512,0.10032141208648682,0.06289088167250156,-0.01971554,-0.00340016,0.12006719
0.4642857142857143,0.5,0.3333333333333333,0.42424242424242425,0.6153846153846154,0.5869565217391305,0.0,0.0,0.43243926341857325,0.43242708606428215,0.3990447297834757,0.5991349758832399,0.08848751495991435,0.08848751495991435,0.9279568679630756,0.0,0.0,0.0,0.23498433977365493,0.44881898164749146,0.4493449255824089,0.3390312194824219,0.3390312194824219,0.0,0.5,0.0,0.6976744186046512,0.10290481895208359,0.069508939050138,-0.02400067,-0.00740085,0.11324227
0.4642857142857143,0.5,0.3333333333333333,0.42424242424242425,0.6153846153846154,0.5869565217391305,0.0,0.0,0.43439028983362316,0.43437811817767286,0.42222090752129343,0.575306463487239,0.08780566975474358,0.08780566975474358,0.9277321062982082,0.0,0.0,0.0,0.22071853429079055,0.45182478427886963,0.4515461437404156,0.31635886430740356,0.31635886430740356,0.0,0.5,0.0,0.6976744186046512,0.10160600394010544,0.07372304331511259,-0.02635852,-0.0135415,0.11292249
0.4642857142857143,0.5,0.3333333333333333,0.42424242424242425,0.6153846153846154,0.5869565217391305,0.012228214181959629,0.0,0.43529634311595794,0.43528422274507483,0.42467069261160684,0.5727806126701622,0.08748085371085576,0.08748085371085576,0.9276287667453289,0.0,0.0,0.0,0.22689282447099685,0.45281652361154556,0.4525816738605499,0.3229994773864746,0.3229994773864746,0.0,0.5,0.0,0.6976744186046512,0.10204459726810455,0.07873263210058212,-0.02912957,-0.01659828,0.1084508
0.4642857142857143,0.5,0.3333333333333333,0.42424242424242425,0.6153846153846154,0.5869565217391305,0.012728867121040821,0.012527409940958023,0.44239766670686564,0.44238580276131856,0.428887111507,0.5684378758050693,0.08948300832084248,0.08948300832084248,0.9274776354432106,0.0,0.0,0.0,0.2294366285204887,0.4526594802737236,0.4525831378996372,0.3268086016178131,0.3268086016178131,0.0,0.5,0.0,0.6976744186046512,0.10265763103961945,0.08482665754854679,-0.02942027,-0.02111992,0.09425496
0.4642857142857143,0.5,0.3333333333333333,0.42424242424242425,0.6153846153846154,0.5869565217391305,0.0,0.0,0.44873806235895103,0.44872646053708076,0.43195679060131825,0.5652178552485283,0.09169207619769233,0.09169207619769233,0.9271412566304207,0.0,0.0,0.0,0.23329514265060422,0.45254818350076675,0.4527309499680996,0.33291301131248474,0.33291301131248474,0.0,0.5,0.0,0.6976744186046512,0.10360860824584961,0.08905800990760326,-0.02948708,-0.02029275,0.09015386
0.4642857142857143,0.5,0.3333333333333333,0.42424242424242425,0.6153846153846154,0.5869565217391305,0.0,0.0,0.46080129597884517,0.46079024689603265,0.4334007957469437,0.5638328108351677,0.09493064135313034,0.09493064135313034,0.9278957284986973,0.0,0.0,0.0,0.22827246636152265,0.45333846658468246,0.45387859642505646,0.3259158730506897,0.3259158730506897,0.0,0.5,0.0,0.6976744186046512,0.1039315015077591,0.09444287046790123,-0.03226392,-0.02014058,0.08775415
0.4642857142857143,0.5,0.3333333333333333,0.42424242424242425,0.6153846153846154,0.5869565217391305,0.0,0.0,0.470317687518738,0.47030708290650786,0.4212009501046934,0.5762759264814188,0.09837736508675984,0.09837736508675984,0.9294929280877113,0.0,0.0,0.0,0.22315078079700468,0.4548146575689316,0.4559438042342663,0.31830042600631714,0.31830042600631714,0.0,0.5,0.0,0.6976744186046512,0.10244594514369965,0.10167170315980911,-0.03483925,-0.02068331,0.08730718
0.4642857142857143,0.5,0.3333333333333333,0.42424242424242425,0.6153846153846154,0.5869565217391305,0.11325710266828537,0.11221979558467865,0.43892003199794327,0.43890804268889855,0.43527551568033135,0.5620711659274589,0.10148957371711731,0.10148957371711731,0.9297590553760529,0.0,0.0,0.0,0.21806513369083402,0.4544609263539314,0.4558257982134819,0.3091161549091339,0.3091161549091339,0.0,0.5,0.0,0.6976744186046512,0.10181334614753723,0.10873117484152317,-0.04008187,-0.01900791,0.08557104
0.4642857142857143,0.5,0.3333333333333333,0.42424242424242425,0.6153846153846154,0.5869565217391305,0.4498409628868103,0.4497140347957611,0.32421868845791935,0.32420429444905674,0.45275715625992696,0.5457993721364283,0.10672056249209813,0.10672056249209813,0.9238801673054695,0.0,0.0,0.0,0.19415704309940338,0.44247978925704956,0.4445873759686947,0.27333536744117737,0.27333536744117737,0.0,0.5,0.0,0.6976744186046512,0.10455841571092606,0.12065434828400612,-0.04111784,-0.01799704,0.08601896
0.4642857142857143,0.5,0.3333333333333333,0.42424242424242425,0.6153846153846154,0.5869565217391305,0.31044989824295044,0.3104054629802704,0.3513758182525635,0.35136202826782575,0.4720387915808202,0.5252903028103812,0.1074842576469694,0.1074842576469694,0.9218229502439499,0.0,0.0,0.0,0.19417994916439055,0.44284776970744133,0.44477997347712517,0.2736528217792511,0.2736528217792511,0.0,0.5,0.0,0.6976744186046512,0.10354545712471008,0.12246355414390564,-0.04117631,-0.02104184,0.16218169
0.4642857142857143,0.5,0.3333333333333333,0.42424242424242425,0.6153846153846154,0.5869565217391305,0.16773204505443573,0.16729910671710968,0.4030737644399785,0.4030616611641178,0.43299225320323703,0.5642536226189109,0.10700503630297525,0.10700503630297525,0.9216360487043858,0.0,0.0,0.0,0.16852980852127075,0.459391001611948,0.4605802036821842,0.24118730425834656,0.24118730425834656,0.0,0.5,0.0,0.6976744186046512,0.07778887450695038,0.12351489625871181,-0.03387235,-0.01650588,0.21507174
0.4642857142857143,0.5,0.3333333333333333,0.42424242424242425,0.6153846153846154,0.5869565217391305,0.1517372578382492,0.15127861499786377,0.422957868238708,0.4229460555782282,0.6151691317330354,0.38213771063733915,0.10257507009165628,0.10257507009165628,0.9252191819250584,0.0,0.0,0.0,0.15766212716698647,0.46437904611229897,0.4659539833664894,0.22674864530563354,0.22674864530563354,0.0,0.5,0.0,0.6976744186046512,0.06482774764299393,0.12438850477337837,-0.02947588,-0.01394527,0.22707488
0.4642857142857143,0.5,0.3333333333333333,0.42424242424242425,0.6153846153846154,0.5869565217391305,0.07174693048000336,0.07120164483785629,0.4633948359617084,0.4633844136963839,0.5924345811056133,0.4039190827040048,0.0953901931643486,0.0953901931643486,0.9286636523902416,0.0,0.0,0.0,0.15312128141522408,0.466023039072752,0.4680541083216667,0.22222740948200226,0.22222740948200226,0.08751685917377472,0.4649932563304901,0.0,0.6976744186046512,0.05353914573788643,0.1193604338914156,-0.0176513,-0.01494667,0.24340796
0.4642857142857143,0.5,0.3333333333333333,0.42424242424242425,0.6153846153846154,0.5869565217391305,0.06078023090958595,0.060240257531404495,0.46649531743722483,0.4664850005912051,0.587713192343484,0.4084377074054226,0.09457735078675407,0.09457735078675407,0.9293103255331516,0.0,0.0,0.0,0.1530708484351635,0.4661756381392479,0.46827971935272217,0.22236859798431396,0.22236859798431396,0.08790431171655655,0.4648382753133774,0.0,0.6976744186046512,0.05259016528725624,0.1166284829378128,-0.01036451,-0.01713729,0.25140962
0.4642857142857143,0.5,0.3333333333333333,0.42424242424242425,0.6153846153846154,0.5869565217391305,0.028804969042539597,0.02836380898952484,0.47450086799224067,0.4744908104207274,0.5567993231074988,0.4385001818440334,0.09490926883050374,0.09490926883050374,0.9303350634872913,0.0,0.0,0.0,0.16530294269323348,0.4660019502043724,0.467906229197979,0.24072353541851044,0.24072353541851044,0.09153266996145248,0.46338693201541903,0.08959341049194336,0.6086850443551707,0.051229268312454224,0.10963708162307739,-0.00862865,-0.01792719,0.25737906
0.4642857142857143,0.5,0.3333333333333333,0.42424242424242425,0.6153846153846154,0.5869565217391305,0.02882075123488903,0.028400694951415062,0.47221195845941283,0.4722018011669356,0.5493453007127314,0.4457671391069953,0.0952084389116083,0.0952084389116083,0.9295325800776482,0.0,0.0,0.0,0.16711614131927488,0.46559957414865494,0.46728963032364845,0.24315108358860016,0.24315108358860016,0.09156060963869095,0.46337575614452364,0.08981504291296005,0.606360296870387,0.05102603882551193,0.10770432651042938,-0.01017914,-0.02254471,0.29841053
0.4642857142857143,0.5,0.3333333333333333,0.42424242424242425,0.6153846153846154,0.5869565217391305,0.07887563854455948,0.07843270152807236,0.46534977428771795,0.4653394118549719,0.5140375705225746,0.4808755171179949,0.0921673673604216,0.0921673673604216,0.9288623109459877,0.0,0.0,0.0,0.14000222906470297,0.46749088913202286,0.4685695990920067,0.20568139851093292,0.20568139851093292,0.0900503396987915,0.4639798641204834,0.08860396593809128,0.6042493256025536,0.048380929976701736,0.09056471288204193,-0.01548796,-0.02251766,0.31873864
0.4642857142857143,0.5,0.3333333333333333,0.42424242424242425,0.6153846153846154,0.5869565217391305,0.24488383531570435,0.24441808462142944,0.4241930064006244,0.4241812621202341,0.5043809819916694,0.4909978445761012,0.09243440681270192,0.09243440681270192,0.9284325540065765,0.0,0.0,0.0,0.14776940345764158,0.46757206320762634,0.4684659466147423,0.21540430188179016,0.21540430188179016,0.0896802693605423,0.4641278922557831,0.08842646330595016,0.6000178601852684,0.048677582293748856,0.08809794671833515,-0.02977027,-0.01619257,0.31946376
0.4642857142857143,0.5,0.3333333333333333,0.42424242424242425,0.6153846153846154,0.5869565217391305,0.9194905161857605,0.9185301661491394,0.38216701930613184,0.382154232229375,0.47535586129183066,0.521873352581816,0.14033477753400803,0.14033477753400803,0.9043901078402996,0.0,0.0,0.0,0.16563439220190046,0.45371124520897865,0.45467496290802956,0.23587669432163239,0.23587669432163239,0.08570922166109085,0.4657163113355637,0.0862569734454155,0.5966085126233656,0.05029050633311272,0.07041785400360823,-0.04501361,-0.01052506,0.31831589
0.4642857142857143,0.5,0.3333333333333333,0.42424242424242425,0.6153846153846154,0.5869565217391305,0.026233159005641937,0.026442725211381912,0.4788006635856446,0.47878644195159126,0.584960910831765,0.41470448049436287,0.12444887310266496,0.12444887310266496,0.9237212091684341,0.0,0.0,0.0,0.14915796369314194,0.46338241547346115,0.4645480588078499,0.2212667167186737,0.2212667167186737,0.0792686939239502,0.4682925224304199,0.08017753064632416,0.6035970601924631,0.05384024232625961,0.029282751493155956,-0.05844598,-0.00357316,0.3164911
0.4642857142857143,0.5,0.3333333333333333,0.42424242424242425,0.6153846153846154,0.5869565217391305,0.013579433783888817,0.012837296351790428,0.44507784141409235,0.44506223935698,0.5659741076639004,0.43272299880000825,0.06979768563594137,0.06979768563594137,0.9416180048137903,0.0,0.0,0.0,0.10950250104069709,0.47809541411697865,0.47813363932073116,0.1617007553577423,0.1617007553577423,0.0,0.5,0.0,0.6976744186046512,0.05244278907775879,0.0071733101503923535,-0.06189013,-0.00400291,0.31633431
0.4642857142857143,0.5,0.3333333333333333,0.42424242424242425,0.6153846153846154,0.5869565217391305,0.04853472486138344,0.04775251820683479,0.40326682422630644,0.4032498545674019,0.5773504917753814,0.42183499668519264,0.05389088498694557,0.05389088498694557,0.9484520964324474,0.0,0.0,0.0,0.09048785418272018,0.48018647730350494,0.4805181473493576,0.1320011168718338,0.1320011168718338,0.0,0.5,0.0,0.6976744186046512,0.048982687294483185,0.0,-0.06715713,-0.00515561,0.3198016
0.4642857142857143,0.5,0.3333333333333333,0.42424242424242425,0.6153846153846154,0.5869565217391305,0.08642827719449997,0.08539148420095444,0.37983751479343975,0.37981947384646475,0.47588076965302856,0.5212073362073703,0.046049170196056366,0.046049170196056366,0.9517248850315809,0.0,0.0,0.0,0.08899552822113037,0.4817103389650583,0.4821617305278778,0.13002294301986694,0.13002294301986694,0.0,0.5,0.0,0.6976744186046512,0.046414729207754135,0.0,-0.06263206,-0.00870179,0.32515782
0.4642857142857143,0.5,0.3333333333333333,0.42424242424242425,0.6153846153846154,0.5869565217391305,0.09259858727455139,0.09150747954845428,0.37030252671834385,0.3702841210775576,0.4646444735517921,0.532443036831993,0.04486656215574061,0.04486656215574061,0.9517446402460337,0.0,0.0,0.0,0.09024374708533286,0.48183462023735046,0.48237353935837746,0.13197307288646698,0.13197307288646698,0.0,0.5,0.0,0.6976744186046512,0.04635857418179512,0.0,-0.06743892,-0.00497157,0.32089409
0.4642857142857143,0.5,0.3333333333333333,0.42424242424242425,0.6153846153846154,0.5869565217391305,0.10129564255475998,0.10069968551397324,0.3431344219193176,0.34311537806436165,0.47937595952537276,0.518533107718769,0.04334909575326103,0.04334909575326103,0.9368388839066029,0.0,0.0,0.0,0.09982951804995537,0.47477411292493343,0.47700197994709015,0.14579273760318756,0.14579273760318756,0.0,0.5,0.0,0.6976744186046512,0.04726315289735794,0.0,-0.085664,0.00121675,0.28490481
0.4642857142857143,0.5,0.3333333333333333,0.42424242424242425,0.6153846153846154,0.5869565217391305,0.12143779546022415,0.12110262364149094,0.32617367521982576,0.3261541982909689,0.47422042984807466,0.524141440377358,0.04338400438427925,0.04338400438427925,0.9111177213490009,0.0,0.0,0.0,0.13540766984224317,0.45465022698044777,0.4588416963815689,0.19781532883644104,0.19781532883644104,0.0,0.5,0.0,0.6976744186046512,0.058545101433992386,0.0,-0.125382,0.00268605,0.24903543
0.4642857142857143,0.5,0.3333333333333333,0.42424242424242425,0.6153846153846154,0.5869565217391305,0.14497315883636475,0.14473159611225128,0.31034510906066315,0.31032533581808464,0.47249876449942363,0.5263070463627697,0.047038854765040536,0.047038854765040536,0.8704292252659798,0.0,0.0,0.0,0.18065049648284912,0.42445002496242523,0.43124017119407654,0.26349055767059326,0.26349055767059326,0.0,0.5,0.0,0.6976744186046512,0.08025085180997849,0.0,-0.1715264,0.00778287,0.20752086
0.4642857142857143,0.5,0.3333333333333333,0.42424242424242425,0.6153846153846154,0.5869565217391305,0.15944482386112213,0.15925444662570953,0.2886576570470748,0.28863821430826275,0.45480646480793707,0.544311693482321,0.05507259230528559,0.05507259230528559,0.8274517878890038,0.0,0.0,0.0,0.19867660999298095,0.40974871814250946,0.41627364605665207,0.2887539863586426,0.2887539863586426,0.08469872176647186,0.46612051129341125,0.0,0.6976744186046512,0.09653358906507492,0.0,-0.17604022,0.00820097,0.20308724
0.4642857142857143,0.5,0.3333333333333333,0.42424242424242425,0.6153846153846154,0.5869565217391305,0.18193292617797852,0.1816980242729187,0.2739090974198701,0.27388931278061,0.44608134772080077,0.5532540685380686,0.058179673339639394,0.058179673339639394,0.805728904902935,0.0,0.0,0.0,0.19243292361497877,0.4073730558156967,0.414333239197731,0.27858805656433105,0.27858805656433105,0.09662331640720367,0.46135067343711855,0.10126665979623795,0.6278262339359106,0.09897524863481522,0.0,-0.19097936,0.00896941,0.18732716
0.4642857142857143,0.5,0.3333333333333333,0.42424242424242425,0.6153846153846154,0.5869565217391305,0.2165393978357315,0.21638646721839905,0.26346941796589085,0.2634493825996355,0.4374204851245333,0.5622967155161547,0.060347438390765874,0.060347438390765874,0.7944673374295235,0.0,0.0,0.0,0.19057871103286741,0.4006226062774658,0.40923168510198593,0.2752067744731903,0.2752067744731903,0.11414812505245209,0.4543407499790192,0.1198403611779213,0.6265551423610644,0.11106672883033752,0.0,-0.22099746,0.01190071,0.14878346
0.4642857142857143,0.5,0.3333333333333333,0.42424242424242425,0.6153846153846154,0.5869565217391305,0.2415621280670166,0.24137116968631744,0.2497995998389862,0.2497793137457357,0.42432516801881515,0.575703949825207,0.06137642743332046,0.06137642743332046,0.7859464064240456,0.0,0.0,0.0,0.18637724220752716,0.39887847006320953,0.4074683040380478,0.26745766401290894,0.26745766401290894,0.12951788306236267,0.44819284677505494,0.1355634182691574,0.626973572165467,0.11890064924955368,0.002579719584900886,-0.22216462,0.0122067,0.14254455
0.4642857142857143,0.5,0.3333333333333333,0.42424242424242425,0.6153846153846154,0.5869565217391305,0.2611570954322815,0.2609090209007263,0.24332074590212527,0.24330027746196914,0.42281838995092913,0.5773784115432503,0.061806783612285345,0.061806783612285345,0.7710654586553574,0.0,0.0,0.0,0.18190921396017073,0.397007517516613,0.4058890640735626,0.2603291869163513,0.2603291869163513,0.14097341895103455,0.4436106324195862,0.0,0.6976744186046512,0.12006455659866333,0.005941236158832908,-0.21880059,0.01020089,0.1134743
0.4642857142857143,0.5,0.3333333333333333,0.42424242424242425,0.6153846153846154,0.5869565217391305,0.2754383087158203,0.27527695894241333,0.23296294020877056,0.2329422210416192,0.4122153504628752,0.588124379664438,0.062440740210669386,0.062440740210669386,0.766399085521698,0.0,0.0,0.0,0.19301754981279373,0.38137441128492355,0.3919030576944351,0.2748916745185852,0.2748916745185852,0.15060368180274963,0.43975852727890014,0.0,0.6976744186046512,0.11824804544448853,0.009486585040576756,-0.21239962,0.01517648,0.08684178
0.4642857142857143,0.5,0.3333333333333333,0.42424242424242425,0.6153846153846154,0.5869565217391305,0.6393761038780212,0.6392685770988464,0.21751031638559376,0.21748977956534798,0.48081721522156184,0.5207162531971653,0.06908920460513661,0.06908920460513661,0.780554749071598,0.0,0.0,0.0,0.17590311020612714,0.40052737295627594,0.41196994483470917,0.2524387836456299,0.2524387836456299,0.0,0.5,0.16253302991390228,0.6275856824115266,0.12017632275819778,0.008488557068631053,-0.21100928,0.01711329,0.08225389
0.4642857142857143,0.5,0.3333333333333333,0.42424242424242425,0.6153846153846154,0.5869565217391305,0.35806402564048767,0.35819587111473083,0.3162251585528226,0.3162074025228876,0.6788020133972168,0.3267482995024552,0.0740260843719755,0.0740260843719755,0.8333178237080574,0.0,0.0,0.0,0.16110461875796317,0.41646023839712143,0.43106362223625183,0.23301339149475098,0.23301339149475098,0.0,0.5,0.0,0.6976744186046512,0.12004535645246506,0.0013302569277584553,-0.20523033,0.0474472,-0.03158883
0.4642857142857143,0.5,0.3333333333333333,0.42424242424242425,0.6153846153846154,0.5869565217391305,0.23047833144664764,0.23249132931232452,0.34677227687653345,0.34675512487072335,0.623631361565672,0.379398905701614,0.07231482969863075,0.07231482969863075,0.8515004888176918,0.0,0.0,0.0,0.15652924701571463,0.43011514842510223,0.4423374608159065,0.22839327156543732,0.22839327156543732,0.14863620698451996,0.440545517206192,0.0,0.6976744186046512,0.11690852046012878,0.0,-0.0463269,0.02960124,-0.07724831
0.4642857142857143,0.5,0.3333333333333333,0.42424242424242425,0.6153846153846154,0.5869565217391305,0.20081040263175964,0.20619262754917145,0.34864899122920134,0.34863354872563146,0.5663539362683123,0.43482861550264057,0.0719289481639862,0.0719289481639862,0.8583184853196144,0.0,0.0,0.0,0.15522714778780936,0.4373961091041565,0.448605515062809,0.2296973168849945,0.2296973168849945,0.0,0.5,0.0,0.6976744186046512,0.12000929564237595,0.0,-0.03385393,0.02845545,-0.08015135
0.4642857142857143,0.5,0.3333333333333333,0.42424242424242425,0.6153846153846154,0.5869565217391305,0.18363842368125916,0.19028016924858093,0.3504548638090349,0.3504393073386489,0.5184998172646955,0.4814980152637457,0.0734729293201651,0.0734729293201651,0.8599462062120438,0.0,0.0,0.0,0.15681875944137572,0.4380365200340748,0.44979849085211754,0.23477649688720703,0.23477649688720703,0.0,0.5,0.0,0.6976744186046512,0.12061439454555511,0.0,-0.00285738,0.02323222,-0.08429284
0.4642857142857143,0.5,0.3333333333333333,0.42424242424242425,0.6153846153846154,0.5869565217391305,0.16905926167964935,0.1764197200536728,0.35690506648834985,0.35688976074495915,0.5313485187280702,0.46902076869297615,0.07358620209353312,0.07358620209353312,0.8662173300981522,0.0,0.0,0.0,0.1548379898071289,0.4393492490053177,0.4513116106390953,0.23369762301445007,0.23369762301445007,0.0,0.5,0.0,0.6976744186046512,0.12248564511537552,0.0,0.01776955,0.02223895,-0.08169764
0.4642857142857143,0.5,0.3333333333333333,0.42424242424242425,0.6153846153846154,0.5869565217391305,0.1573636531829834,0.1658964306116104,0.35362250308005805,0.35360710616321456,0.5317668738146357,0.46862684809176414,0.07320543485028404,0.07320543485028404,0.8684132434427738,0.0,0.0,0.0,0.15636509731411932,0.43972885608673096,0.45201994106173515,0.23858219385147095,0.23858219385147095,0.0,0.5,0.0,0.6976744186046512,0.12518823146820068,0.0,0.08607856,0.01869435,-0.07589107
0.4642857142857143,0.5,0.3333333333333333,0.42424242424242425,0.6153846153846154,0.5869565217391305,0.15644587576389313,0.16455687582492828,0.3578401756104274,0.35782492685044476,0.5362963567044493,0.4642650132374777,0.07331130760056633,0.07331130760056633,0.8693663738667965,0.0,0.0,0.0,0.15481267422437667,0.43995753303170204,0.45230625197291374,0.23608066141605377,0.23608066141605377,0.0,0.5,0.0,0.6976744186046512,0.12670855224132538,0.0,0.10299793,0.01940383,-0.07176965
0.4642857142857143,0.5,0.3333333333333333,0.42424242424242425,0.6153846153846154,0.5869565217391305,0.15447726845741272,0.16212356090545654,0.36805804145039833,0.36804337392117736,0.6114199311965738,0.3913148657035139,0.07219759747385979,0.07219759747385979,0.8747973926365376,0.0,0.0,0.0,0.14806586802005767,0.4431985765695572,0.45407071709632874,0.22499792277812958,0.22499792277812958,0.0,0.5,0.0,0.6976744186046512,0.1288706660270691,0.0,0.1610911,0.01496985,-0.05871598
0.4642857142857143,0.5,0.3333333333333333,0.42424242424242425,0.6153846153846154,0.5869565217391305,0.15282250940799713,0.15986450016498566,0.3631342647180502,0.36311946042865,0.6031670128182289,0.39927674702380356,0.07045300677418709,0.07045300677418709,0.8798334561288357,0.0,0.0,0.0,0.14371542632579803,0.44684553146362305,0.4562850818037987,0.2182789146900177,0.2182789146900177,0.0,0.5,0.0,0.6976744186046512,0.13305488228797913,0.0,0.2140995,0.0128495,-0.06018053
0.4642857142857143,0.5,0.3333333333333333,0.42424242424242425,0.6153846153846154,0.5869565217391305,0.4788531959056854,0.47887250781059265,0.2756724603773303,0.27565459038057927,0.4673636733459925,0.5325938590917209,0.07034815049597196,0.07034815049597196,0.8816945292055607,0.0,0.0,0.0,0.13154112920165062,0.44007614627480507,0.45189162716269493,0.19428348541259766,0.19428348541259766,0.0,0.5,0.0,0.6976744186046512,0.13173262774944305,0.0,0.2289728,0.00888388,-0.06497634
0.4642857142857143,0.5,0.3333333333333333,0.42424242424242425,0.6153846153846154,0.5869565217391305,0.6424399018287659,0.6408390402793884,0.2032946200033447,0.20327538240480153,0.3048153479742046,0.700215504178075,0.08288467569010599,0.08288467569010599,0.8797053769230843,0.0,0.0,0.0,0.13868586570024488,0.43375906348228455,0.44608525559306145,0.2000720053911209,0.2000720053911209,0.0,0.5,0.0,0.6976744186046512,0.10012231022119522,0.0,0.2624375,0.00410181,-0.0738922
0.4642857142857143,0.5,0.3333333333333333,0.42424242424242425,0.6153846153846154,0.5869565217391305,0.19465592503547668,0.19433827698230743,0.29343247915089243,0.2934134466926181,0.38706368333295016,0.6124904478890439,0.05958987133843559,0.05958987133843559,0.8939607627689838,0.0,0.0,0.0,0.10094991251826285,0.45989901572465897,0.46164149418473244,0.14398978650569916,0.14398978650569916,0.0,0.5,0.0,0.6976744186046512,0.06929369270801544,0.0,0.26738671,0.00429285,-0.0755753
0.4642857142857143,0.5,0.3333333333333333,0.42424242424242425,0.6153846153846154,0.5869565217391305,0.1722666174173355,0.1718934327363968,0.30484470582600987,0.30482594688809395,0.42241374507233015,0.5765031421225062,0.05487452926380294,0.05487452926380294,0.8964330591261387,0.0,0.0,0.0,0.12131146416068077,0.46084632351994514,0.4626682586967945,0.1754482090473175,0.1754482090473175,0.0,0.5,0.0,0.6976744186046512,0.06664181500673294,0.0,0.28812457,0.00157808,-0.08344727
0.4642857142857143,0.5,0.3333333333333333,0.42424242424242425,0.6153846153846154,0.5869565217391305,0.16074584424495697,0.16035354137420654,0.3056850971272981,0.30566640656947175,0.43825642602165615,0.5604259865582053,0.05096450714128358,0.05096450714128358,0.902697741985321,0.0,0.0,0.0,0.10691794380545616,0.4609989561140537,0.4628293886780739,0.1545218825340271,0.1545218825340271,0.0,0.5,0.0,0.6976744186046512,0.06137369945645332,0.0,0.32000718,-0.0021222,-0.09439291
0.4642857142857143,0.5,0.3333333333333333,0.42424242424242425,0.6153846153846154,0.5869565217391305,0.15892766416072845,0.15850554406642914,0.3059358469158924,0.30591713356470285,0.445274969815752,0.5533654751964048,0.04848532644765718,0.04848532644765718,0.9054480344057083,0.0,0.0,0.0,0.10314369499683379,0.46102628856897354,0.4628322124481201,0.1493154615163803,0.1493154615163803,0.0,0.5,0.0,0.6976744186046512,0.05756474658846855,0.0,0.32913569,-0.00388577,-0.09719965
0.4642857142857143,0.5,0.3333333333333333,0.42424242424242425,0.6153846153846154,0.5869565217391305,0.15486261248588562,0.15430103242397308,0.3047010164643793,0.30468221193973694,0.4517248761813454,0.5467704021743283,0.04556362384131977,0.04556362384131977,0.9116930700838566,0.0,0.0,0.0,0.08899336121976376,0.46429551765322685,0.46540430933237076,0.12935686111450195,0.12935686111450195,0.0,0.5,0.0,0.6976744186046512,0.04986681416630745,0.0,0.3427128,-0.00459768,-0.1020277
0.4642857142857143,0.5,0.3333333333333333,0.42424242424242425,0.6153846153846154,0.5869565217391305,0.14815086126327515,0.14765651524066925,0.30548162077398644,0.30546272507589134,0.4664058363916313,0.5318746330354633,0.040060696857316155,0.040060696857316155,0.9239939264953136,0.0,0.0,0.0,0.06371334493160248,0.4737845901399851,0.4741042796522379,0.0,-0.0,0.0,0.5,0.0,0.6976744186046512,0.0389157198369503,0.0,0.35332385,0.00054302,-0.13520598
0.4642857142857143,0.5,0.3333333333333333,0.42424242424242425,0.6153846153846154,0.5869565217391305,0.13471496105194092,0.13416562974452972,0.30737037002242545,0.3073515199110567,0.47749678064030854,0.5206799120287088,0.03255645079272134,0.03255645079272134,0.9372500889003277,0.0,0.0,0.0,0.04749076068401337,0.48013677448034286,0.48010438680648804,0.0,-0.0,0.0,0.5,0.0,0.6976744186046512,0.02795874886214733,0.0,0.34651212,0.01839757,-0.2410589
0.4642857142857143,0.5,0.3333333333333333,0.42424242424242425,0.6153846153846154,0.5869565217391305,0.11954066157341003,0.11887767165899277,0.3145209557695553,0.31450227660841057,0.48748420985205454,0.5105190523901081,0.028285734089357514,0.028285734089357514,0.9445746149867773,0.0,0.0,0.0,0.03908230774104595,0.48389676958322525,0.4837594386190176,0.0,-0.0,0.0,0.5,0.0,0.6976744186046512,0.023002931848168373,0.0,0.34111807,0.03432772,-0.35393393
0.4642857142857143,0.5,0.3333333333333333,0.42424242424242425,0.6153846153846154,0.5869565217391305,0.10032322257757187,0.09957881271839142,0.3288152892548541,0.328796963390839,0.48983125813148676,0.507911899071072,0.025869405695370266,0.025869405695370266,0.9516361877322197,0.0,0.0,0.0,0.03270184863358736,0.48712977208197117,0.48705345019698143,0.0,-0.0,0.0,0.5,0.0,0.6976744186046512,0.020029643550515175,0.0,0.31938077,0.04140562,-0.4437753
0.4642857142857143,0.5,0.3333333333333333,0.42424242424242425,0.6153846153846154,0.5869565217391305,0.09495580941438675,0.09420570731163025,0.3358427452539623,0.3358245789434896,0.49018233504509606,0.5073397001795691,0.024542887029903277,0.024542887029903277,0.9550271816551685,0.0,0.0,0.0,0.02998292166739702,0.4884457616135478,0.48835057206451893,0.0,-0.0,0.0,0.5,0.0,0.6976744186046512,0.018520250916481018,0.0,0.32142392,0.04559286,-0.45349914
0.4642857142857143,0.5,0.3333333333333333,0.42424242424242425,0.6153846153846154,0.5869565217391305,0.18361088633537292,0.18279285728931427,0.3229997221871954,0.32298462158407354,0.507825270010226,0.490144329995949,0.0338609197310039,0.0338609197310039,0.9429073929786682,0.0,0.0,0.0,0.05154894925653934,0.4847500044852495,0.4850004957988858,0.0,-0.0,0.04383716359734535,0.4824651345610619,0.04427529498934746,0.6225521949141525,0.022851217538118362,0.0,0.30607018,0.04383557,-0.45252454
0.4642857142857143,0.5,0.3333333333333333,0.42424242424242425,0.6153846153846154,0.5869565217391305,0.155104860663414,0.15435771644115448,0.33815802670801576,0.33814339336883953,0.5075436808012184,0.4901494300109656,0.033436496076839316,0.033436496076839316,0.9481799509376287,0.0,0.0,0.0,0.04441098626703024,0.4861452644690871,0.48619370721280575,0.0,-0.0,0.043211136013269424,0.4827155455946922,0.043592602014541626,0.623982857133067,0.02248409390449524,0.0,0.30715991,0.04532916,-0.45088553
0.4642857142857143,0.5,0.3333333333333333,0.42424242424242425,0.6153846153846154,0.5869565217391305,0.054799459874629974,0.054087113589048386,0.3801959974132122,0.3801826405023754,0.49571949542708427,0.5010630461676804,0.028296420350670818,0.028296420350670818,0.9613110274076462,0.0,0.0,0.0,0.03925404455512762,0.48955771047621965,0.48938777670264244,0.0,-0.0,0.0,0.5,0.0,0.6976744186046512,0.018942950293421745,0.003585462982300669,0.29992414,0.04027183,-0.43746209
0.4642857142857143,0.5,0.3333333333333333,0.42424242424242425,0.6153846153846154,0.5869565217391305,0.04995457082986832,0.04926442354917526,0.39091252505665297,0.3908994530628562,0.4694483315511598,0.5270881036904705,0.026264382260186334,0.026264382260186334,0.9648124594241381,0.0,0.0,0.0,0.039996414631605144,0.4904628125950694,0.4903090763837099,0.0,-0.0,0.0,0.5,0.0,0.6976744186046512,0.01788080483675003,0.005879713571630418,0.25658844,0.0319935,-0.38694617
0.4642857142857143,0.5,0.3333333333333333,0.42424242424242425,0.6153846153846154,0.5869565217391305,0.17113856971263885,0.17061182856559753,0.372725985474158,0.37271383661157087,0.7519201366213037,0.25782096403683985,0.05130381722535406,0.05130381722535406,0.9393609687685966,0.0,0.0,0.0,0.056639897823333736,0.48203704692423344,0.4832835979759693,0.0,-0.0,0.0,0.5,0.0,0.6976744186046512,0.03525819256901741,0.0,0.20261568,0.0240351,-0.29286098
0.4642857142857143,0.5,0.3333333333333333,0.42424242424242425,0.6153846153846154,0.5869565217391305,0.06353014707565308,0.06350192427635193,0.3963304277131936,0.396318894271413,0.7247159385316458,0.28320702671726117,0.04563594236969948,0.04563594236969948,0.95523083768785,0.0,0.0,0.0,0.034594489634037016,0.49057720229029655,0.4913488822057843,0.0,-0.0,0.0,0.5,0.0,0.6976744186046512,0.03020884469151497,0.0,0.17225269,0.0244973,-0.13359758
0.4642857142857143,0.5,0.3333333333333333,0.42424242424242425,0.6153846153846154,0.5869565217391305,0.09055937826633453,0.09046678990125656,0.3756596280785409,0.37564771854626744,0.7584074241025498,0.25205957679351426,0.044624105628047674,0.044624105628047674,0.9554311018437147,0.0,0.0,0.0,0.03458093740046024,0.4910064786672592,0.4918029122054577,0.0,-0.0,0.0,0.5,0.0,0.6976744186046512,0.029818519949913025,0.0,0.16083286,0.02984716,-0.04875925
0.4642857142857143,0.5,0.3333333333333333,0.42424242424242425,0.6153846153846154,0.5869565217391305,0.10331536084413528,0.10320921987295151,0.367132163640418,0.36711999198446765,0.7538868619652597,0.2563603653228027,0.04443161189556122,0.04443161189556122,0.9548258725553751,0.0,0.0,0.0,0.03488874156028032,0.4909179965034127,0.49172903317958117,0.0,-0.0,0.0,0.5,0.0,0.6976744186046512,0.029581189155578613,0.0,0.15724624,0.03122743,-0.0231349
0.4642857142857143,0.5,0.3333333333333333,0.42424242424242425,0.6153846153846154,0.5869565217391305,0.110417939722538,0.11030688136816025,0.36790475608285933,0.36789250465013784,0.7467984679096288,0.2628637905051963,0.04427932468908174,0.04427932468908174,0.9534687232226133,0.0,0.0,0.0,0.03577831648290157,0.49078563693910837,0.4916296871379018,0.0,-0.0,0.0,0.5,0.0,0.6976744186046512,0.02962220460176468,0.0,0.15611539,0.03007245,-0.01478969
0.4642857142857143,0.5,0.3333333333333333,0.42424242424242425,0.6153846153846154,0.5869565217391305,0.11360810697078705,0.11349913477897644,0.36820772546655134,0.3681953486703322,0.7340521456862499,0.27457194341477603,0.04452494904398918,0.04452494904398918,0.9529281836003065,0.0,0.0,0.0,0.03678299933671951,0.4908013278618455,0.4916611583903432,0.0,-0.0,0.0,0.5,0.0,0.6976744186046512,0.030912594869732857,0.0,0.14604912,0.02736068,0.02207623
0.4642857142857143,0.5,0.3333333333333333,0.42424242424242425,0.6153846153846154,0.5869565217391305,0.11912817507982254,0.1190003901720047,0.379066563473149,0.3790543690238355,0.7156947356565049,0.29162666715075314,0.04475100232022149,0.04475100232022149,0.9528664778918028,0.0,0.0,0.0,0.03678882364183664,0.49109872058033943,0.49197721015661955,0.0,-0.0,0.0,0.5,0.0,0.6976744186046512,0.03197428956627846,0.0,0.13912055,0.02542376,0.0377885
0.4642857142857143,0.5,0.3333333333333333,0.42424242424242425,0.6153846153846154,0.5869565217391305,0.11127810180187225,0.11116833984851837,0.38460824548856254,0.3845963131629258,0.7275681632426683,0.28049666789881306,0.04433503108365196,0.04433503108365196,0.9540319573134184,0.0,0.0,0.0,0.03641802128404378,0.49130773451179266,0.49221771908923984,0.0,-0.0,0.0,0.5,0.0,0.6976744186046512,0.03210582211613655,0.0,0.1395461,0.02666884,0.0419806
0.4642857142857143,0.5,0.3333333333333333,0.42424242424242425,0.6153846153846154,0.5869565217391305,0.09450513124465942,0.09441567957401276,0.3991014054810796,0.39908999740279655,0.7231541828717146,0.2848520465329723,0.04388885838644845,0.04388885838644845,0.9549471270292997,0.0,0.0,0.0,0.036973076127469535,0.4913773126900196,0.49230370996519923,0.0,-0.0,0.0,0.5,0.0,0.6976744186046512,0.031731411814689636,0.0,0.12108192,0.02771254,0.06040315
0.4642857142857143,0.5,0.3333333333333333,0.42424242424242425,0.6153846153846154,0.5869565217391305,0.0,0.0,0.45956705815477533,0.459557661590795,0.7264818999325112,0.2819946021417764,0.04575265837567193,0.04575265837567193,0.955131322145462,0.0,0.0,0.0,0.040182529017329216,0.4914043955504894,0.4924144856631756,0.0,-0.0,0.0,0.5,0.0,0.6976744186046512,0.03480139374732971,0.0,0.09847816,0.03212152,0.06118314
0.4642857142857143,0.5,0.3333333333333333,0.42424242424242425,0.6153846153846154,0.5869565217391305,0.0,0.0,0.5041035251481811,0.5040954940491151,0.641072774708385,0.3638149807097073,0.04735378016318594,0.04735378016318594,0.9545475523918867,0.0,0.0,0.0,0.04666267670691013,0.4915254106745124,0.492574171628803,0.0,-0.0,0.0,0.5,0.0,0.6976744186046512,0.04197310656309128,0.0,0.07487997,0.03044377,0.07380116
0.4642857142857143,0.5,0.3333333333333333,0.42424242424242425,0.6153846153846154,0.5869565217391305,0.0,0.0,0.506316381419366,0.5063084479043862,0.6404983819556738,0.36451101024515037,0.04932152107357979,0.04932152107357979,0.9524386394768953,0.0,0.0,0.0,0.058145364001393314,0.49093835707753897,0.4920885907486081,0.0,-0.0,0.0,0.5,0.0,0.6976744186046512,0.04761325567960739,0.0,0.05115826,0.02221706,0.07778313
0.4642857142857143,0.5,0.3333333333333333,0.42424242424242425,0.6153846153846154,0.5869565217391305,0.0,0.0,0.5068230629252202,0.5068151457929703,0.6398881922260525,0.36510397958887186,0.05149688571691513,0.05149688571691513,0.9497556146234274,0.0,0.0,0.0,0.06075239181518554,0.49025216046720743,0.4915424594655633,0.0,-0.0,0.0,0.5,0.0,0.6976744186046512,0.052449457347393036,0.0,0.04710241,0.02168606,0.07166052
0.4642857142857143,0.5,0.3333333333333333,0.42424242424242425,0.6153846153846154,0.5869565217391305,0.0,0.0,0.5030937146958157,0.5030856707754828,0.6398836905368199,0.3650975746538119,0.05139628425240517,0.05139628425240517,0.9491854347288609,0.0,0.0,0.0,0.05897370353341102,0.4901377921923995,0.49145528580993414,0.0,-0.0,0.0,0.5,0.0,0.6976744186046512,0.05349535495042801,0.0,0.03043652,0.01849053,0.03898143
0.4642857142857143,0.5,0.3333333333333333,0.42424242424242425,0.6153846153846154,0.5869565217391305,0.0,0.0,0.5012918982661932,0.5012837902395265,0.6398994863375195,0.3650611622560954,0.05169233839426722,0.05169233839426722,0.948468130081892,0.0,0.0,0.0,0.05947142802178859,0.49000386893749237,0.49134224746376276,0.0,-0.0,0.0,0.5,0.0,0.6976744186046512,0.05475081875920296,0.0,0.03162516,0.00919441,-0.21528269
0.4642857142857143,0.5,0.3333333333333333,0.42424242424242425,0.6153846153846154,0.5869565217391305,0.0,0.0,0.5090042944734001,0.5089963766288575,0.589214710842811,0.4140478948739422,0.05489620779241835,0.05489620779241835,0.9464638531208038,0.0,0.0,0.0,0.0780658435076475,0.48863476887345314,0.4901981558650732,0.11910789459943771,0.11910789459943771,0.0,0.5,0.0,0.6976744186046512,0.05772513896226883,0.0,0.03622212,0.00836553,-0.21483108
0.4642857142857143,0.5,0.3333333333333333,0.42424242424242425,0.6153846153846154,0.5869565217391305,0.0,0.0,0.5109493554379243,0.5109414803309377,0.5828276571762494,0.42015476112333305,0.055186051343168535,0.055186051343168535,0.9471788909286261,0.0,0.0,0.0,0.0727360215038061,0.4882599925622344,0.48986833542585373,0.1093871146440506,-0.0,0.0,0.5,0.0,0.6976744186046512,0.0571613684296608,0.0,0.03016537,0.00498213,-0.20935307
0.4642857142857143,0.5,0.3333333333333333,0.42424242424242425,0.6153846153846154,0.5869565217391305,0.43802210688591003,0.43330246210098267,0.29427779381863245,0.2942622259515649,0.38279064572336113,0.6172654295464041,0.06971789790051325,0.06971789790051325,0.9416180402040482,0.0,0.0,0.0,0.10373747944831847,0.48345083370804787,0.4860247289761901,0.15210437774658203,0.15210437774658203,0.0,0.5,0.0,0.6976744186046512,0.06484611332416534,0.0,0.02749812,0.00379277,-0.20731525
0.4642857142857143,0.5,0.3333333333333333,0.42424242424242425,0.6153846153846154,0.5869565217391305,0.10333369672298431,0.10290267318487167,0.3635644324650956,0.36355057410026825,0.3897755237200064,0.6079728944756966,0.048798232206276486,0.048798232206276486,0.9458961952477694,0.0,0.0,0.0,0.06204022690653801,0.48427807353436947,0.48502132948487997,0.0,-0.0,0.0,0.5,0.0,0.6976744186046512,0.0453069806098938,0.0,0.03018264,0.00376673,-0.20723982
0.4642857142857143,0.5,0.3333333333333333,0.42424242424242425,0.6153846153846154,0.5869565217391305,0.07815619558095932,0.07755779474973679,0.3699379696672779,0.369924270855993,0.3978783364049791,0.5995946980748482,0.043978089732783186,0.043978089732783186,0.948834890499711,0.0,0.0,0.0,0.05633585005998611,0.48592123109847307,0.4861838473007083,0.0,-0.0,0.0,0.5,0.0,0.6976744186046512,0.03926677629351616,0.0,0.02530647,0.00026097,-0.2043236
0.4642857142857143,0.5,0.3333333333333333,0.42424242424242425,0.6153846153846154,0.5869565217391305,0.023945331573486328,0.023616183549165726,0.37635393671506223,0.37634040885400133,0.4226839774881221,0.5742359831565147,0.03273563592561654,0.03273563592561654,0.9577543493360281,0.0,0.0,0.0,0.042315018735826014,0.48947996366769075,0.48954631853848696,0.0,-0.0,0.0,0.5,0.0,0.6976744186046512,0.02907734178006649,0.0,0.04307795,0.00063936,-0.20125906
0.4642857142857143,0.5,0.3333333333333333,0.42424242424242425,0.6153846153846154,0.5869565217391305,0.02286001294851303,0.022539548575878143,0.37618267878063777,0.3761691395228953,0.4250821014207362,0.5718364446107967,0.032256838998624256,0.032256838998624256,0.9579485952854156,0.0,0.0,0.0,0.04249285105615854,0.48960700165480375,0.4896709583699703,0.0,-0.0,0.0,0.5,0.0,0.6976744186046512,0.028685204684734344,0.0,0.04844943,0.00082358,-0.19854766
0.4642857142857143,0.5,0.3333333333333333,0.42424242424242425,0.6153846153846154,0.5869565217391305,0.021013222634792328,0.020542796701192856,0.37749139391897285,0.3774779686280464,0.4034450455331894,0.5939809291991353,0.02863215548651559,0.02863215548651559,0.9601230546832085,0.0,0.0,0.0,0.04008094593882561,0.4898781096562743,0.489911200478673,0.0,-0.0,0.0,0.5,0.0,0.6976744186046512,0.026026971638202667,0.0,0.05623673,-0.00466634,-0.19623911
0.4642857142857143,0.5,0.3333333333333333,0.42424242424242425,0.6153846153846154,0.5869565217391305,0.0,0.0,0.41449170655091905,0.4144806460714249,0.19692314560053226,0.8119938838043764,0.03121325480086463,0.03121325480086463,0.9611151088029146,0.0,0.0,0.0,0.040154959075152874,0.4903179816901684,0.490213836543262,0.0,-0.0,0.0,0.5,0.0,0.6976744186046512,0.02414507232606411,0.0,0.06190698,-0.00613543,-0.19627467
0.4642857142857143,0.5,0.3333333333333333,0.42424242424242425,0.6153846153846154,0.5869565217391305,0.0,0.0,0.4202051308597251,0.42019421283875097,0.21149909108820203,0.7964693697136579,0.03558096209807055,0.03558096209807055,0.9594685509800911,0.0,0.0,0.0,0.04793569222092628,0.48972091171890497,0.48958109971135855,0.0,-0.0,0.0,0.5,0.0,0.6976744186046512,0.02398846484720707,0.0,0.06280254,-0.00372832,-0.19525078
0.4642857142857143,0.5,0.3333333333333333,0.42424242424242425,0.6153846153846154,0.5869565217391305,0.0,0.0,0.42646612583109345,0.4264553730620025,0.21659659883488203,0.7910443441311164,0.03941996023058891,0.03941996023058891,0.9573905318975449,0.0,0.0,0.0,0.06165859997272491,0.4889559680595994,0.4888373939320445,0.0,-0.0,0.0,0.5,0.0,0.6976744186046512,0.025752615183591843,0.0,0.06694995,-0.00192739,-0.19895189
0.4642857142857143,0.5,0.3333333333333333,0.42424242424242425,0.6153846153846154,0.5869565217391305,0.0,0.0,0.4285344924799115,0.42852382518593257,0.21422305754448218,0.7936133613043437,0.04034353021000113,0.04034353021000113,0.956648163497448,0.0,0.0,0.0,0.06645689643919467,0.48870985861867666,0.4886013874784112,0.10340341180562973,-0.0,0.0,0.5,0.0,0.6976744186046512,0.026867320761084557,0.0,0.06766184,-0.00198067,-0.19419782
0.4642857142857143,0.5,0.3333333333333333,0.42424242424242425,0.6153846153846154,0.5869565217391305,0.0,0.0,0.4292936539330856,0.4292829638457435,0.23865298422527131,0.7679116333369265,0.04841458584581103,0.04841458584581103,0.9492320474237204,0.0,0.0,0.0,0.08688444644212723,0.4857369037345052,0.48576201777905226,0.1322508305311203,0.1322508305311203,0.0,0.5,0.0,0.6976744186046512,0.034682497382164,0.0,0.05535044,0.00227706,-0.17464821
0.4642857142857143,0.5,0.3333333333333333,0.42424242424242425,0.6153846153846154,0.5869565217391305,0.0,0.0,0.4263335197423202,0.42632269859313965,0.24184369037985576,0.7645179750763841,0.049909786986453195,0.049909786986453195,0.9475493244826794,0.0,0.0,0.0,0.09257397763431072,0.4847817402333021,0.4848691215738654,0.13996504247188568,0.13996504247188568,0.0,0.5,0.0,0.6976744186046512,0.03630922734737396,0.0016293668886646628,0.05990662,0.00994311,-0.15635303
0.4642857142857143,0.5,0.3333333333333333,0.42424242424242425,0.6153846153846154,0.5869565217391305,0.0,0.0,0.4259563066763358,0.4259459527911009,0.1651778485533384,0.8468233736199079,0.05625828568424498,0.05625828568424498,0.9373400080949068,0.0,0.0,0.0,0.11230630353093146,0.4808281436562538,0.48139045387506485,0.1718934178352356,0.1718934178352356,0.0,0.5,0.0,0.6976744186046512,0.04093213751912117,0.008153246017172933,0.06884812,0.00840946,-0.09733816
0.4642857142857143,0.5,0.3333333333333333,0.42424242424242425,0.6153846153846154,0.5869565217391305,0.0,0.0,0.42572293682718365,0.4257126000369712,0.16428145395866084,0.8477851851669775,0.06360475240009172,0.06360475240009172,0.9270259141921997,0.0,0.0,0.0,0.12085344716906547,0.47789871878921986,0.4786181692034006,0.1833498775959015,0.1833498775959015,0.0,0.5,0.0,0.6976744186046512,0.04715036228299141,0.012257786002010107,0.07228234,0.00223716,-0.03964154
0.4642857142857143,0.5,0.3333333333333333,0.42424242424242425,0.6153846153846154,0.5869565217391305,0.0,0.0,0.42462644499528934,0.42461603982498725,0.16860412411662407,0.8431043400996452,0.06619825959205627,0.06619825959205627,0.9239603579044342,0.0,0.0,0.0,0.12678568512201308,0.47661424428224564,0.4773036353290081,0.19130273163318634,0.19130273163318634,0.0,0.5,0.0,0.6976744186046512,0.050741035491228104,0.01341588911600411,0.0832584,0.00719592,0.01841852
0.4642857142857143,0.5,0.3333333333333333,0.42424242424242425,0.6153846153846154,0.5869565217391305,0.0,0.0,0.42422494560081236,0.42421552054512796,0.15898388886314962,0.8533742089977634,0.07017500166382108,0.07017500166382108,0.9213068597018719,0.0,0.0,0.0,0.12697401866316796,0.4752936400473118,0.47589326836168766,0.1917363405227661,0.1917363405227661,0.0,0.5,0.0,0.6976744186046512,0.05442473292350769,0.0155847636051476,0.09876773,0.00608065,0.06929209
0.4642857142857143,0.5,0.3333333333333333,0.42424242424242425,0.6153846153846154,0.5869565217391305,0.0,0.0,0.42793247986933924,0.4279230890036997,0.18522942088985989,0.8253463043486817,0.06987827430878367,0.06987827430878367,0.9219154305756092,0.0,0.0,0.0,0.12034742757678031,0.4755081608891487,0.47604832984507084,0.1812361478805542,0.1812361478805542,0.0,0.5,0.0,0.6976744186046512,0.054219383746385574,0.015291766030713916,0.10088474,-0.00400489,0.1020619
0.4642857142857143,0.5,0.3333333333333333,0.42424242424242425,0.6153846153846154,0.5869565217391305,0.0,0.0,0.44246127728522394,0.44245246195200527,0.16932984200763884,0.842512875117895,0.07022125912564142,0.07022125912564142,0.9235986322164536,0.0,0.0,0.0,0.10641045346856116,0.4756909944117069,0.4761745482683182,0.16149111092090607,0.16149111092090607,0.0,0.5,0.0,0.6976744186046512,0.054081402719020844,0.014107351889833808,0.09784088,-0.01153824,0.12193736
0.4642857142857143,0.5,0.3333333333333333,0.42424242424242425,0.6153846153846154,0.5869565217391305,0.0,0.0,0.41820547480428194,0.4181957306415127,0.19527370387235976,0.8145940139183756,0.06924197343843325,0.06924197343843325,0.9274755828082561,0.0,0.0,0.0,0.106449443846941,0.47683724761009216,0.4772373754531145,0.1612725555896759,0.1612725555896759,0.0,0.5,0.0,0.6976744186046512,0.05125923082232475,0.01610157312825322,0.09686214,-0.01473912,0.13054498
0.4642857142857143,0.5,0.3333333333333333,0.42424242424242425,0.6153846153846154,0.5869565217391305,0.8258185982704163,0.825833261013031,0.2483944573776216,0.24837882113046444,0.5388894208758557,0.46232256282533285,0.07396942270653589,0.07396942270653589,0.912803903222084,0.0,0.0,0.0,0.1410024031996727,0.46467968076467514,0.467605322599411,0.21066734194755554,0.21066734194755554,0.06638900935649872,0.47344439625740053,0.0,0.6976744186046512,0.05802862346172333,0.023374429438263178,0.10381559,-0.02392149,0.15974772
0.4642857142857143,0.5,0.3333333333333333,0.42424242424242425,0.6153846153846154,0.5869565217391305,0.8220860362052917,0.8220626711845398,0.22944747421527228,0.22943140489421432,0.5385572674397529,0.4629360803859817,0.07781923615506718,0.07781923615506718,0.9056454226374626,0.0,0.0,0.0,0.13950480967760084,0.4613121598958969,0.4647756405174732,0.2070559561252594,0.2070559561252594,0.07182654738426208,0.4712693810462952,0.0,0.6976744186046512,0.06042591482400894,0.026097490917891264,0.1084222,-0.03023645,0.18750152
0.4642857142857143,0.5,0.3333333333333333,0.42424242424242425,0.6153846153846154,0.5869565217391305,0.15490642189979553,0.15428060293197632,0.3304100041179766,0.33039620273655734,0.5437104679202487,0.45450756193752223,0.04643572228295463,0.04643572228295463,0.9433165900409222,0.0,0.0,0.0,0.057862467318773265,0.48335396125912666,0.48364707455039024,0.0,-0.0,0.0597362145781517,0.4761055141687393,0.0,0.6976744186046512,0.031032634899020195,0.026834956370294094,0.10521463,-0.03354642,0.20190789
0.4642857142857143,0.5,0.3333333333333333,0.42424242424242425,0.6153846153846154,0.5869565217391305,0.1318311095237732,0.13123545050621033,0.33961889894241126,0.33960547365148486,0.45761882392671777,0.5403283381502619,0.042790680059364865,0.042790680059364865,0.9476101081818342,0.0,0.0,0.0,0.061785595118999476,0.4846717743203044,0.48493735678493977,0.0,-0.0,0.05430787056684494,0.478276851773262,0.0,0.6976744186046512,0.02863636240363121,0.025982600636780262,0.10708729,-0.03530245,0.20509329
0.4642857142857143,0.5,0.3333333333333333,0.42424242424242425,0.6153846153846154,0.5869565217391305,0.3889284133911133,0.38696420192718506,0.27898700287419564,0.27897298495582595,0.2754468288749855,0.7314129627406889,0.07889714624200549,0.07889714624200549,0.9112555719912052,0.0,0.0,0.0,0.13821267187595365,0.4627544544637203,0.4658345766365528,0.20554344356060028,0.20554344356060028,0.06511621922254562,0.47395351231098176,0.0,0.6976744186046512,0.05412445217370987,0.021779965609312057,0.11029179,-0.04770955,0.20354232
0.4642857142857143,0.5,0.3333333333333333,0.42424242424242425,0.6153846153846154,0.5869565217391305,0.1351829171180725,0.1337144672870636,0.3443279507967072,0.34431582472748323,0.23162006921567607,0.7764832143295285,0.0742955452629498,0.0742955452629498,0.9267089925706387,0.0,0.0,0.0,0.10134336799383163,0.4726157318800688,0.47198986634612083,0.15007558465003967,0.15007558465003967,0.06473059952259064,0.47410776019096373,0.0,0.6976744186046512,0.04625192657113075,0.021270450670272112,0.10954467,-0.05112147,0.20542531
0.4642857142857143,0.5,0.3333333333333333,0.42424242424242425,0.6153846153846154,0.5869565217391305,0.04962487518787384,0.04806464910507202,0.3693965019277131,0.3693850596593853,0.22365656956659907,0.7843246783120176,0.06808472531182426,0.06808472531182426,0.9358670860528946,0.0,0.0,0.0,0.09475698247551917,0.4761765766888857,0.4758197758346796,0.141056627035141,0.141056627035141,0.05832622945308685,0.47666950821876525,0.0,0.6976744186046512,0.0402957908809185,0.02373147988691926,0.10602955,-0.04734151,0.20441674
0.4642857142857143,0.5,0.3333333333333333,0.42424242424242425,0.6153846153846154,0.5869565217391305,0.03578200191259384,0.03458964079618454,0.37378638971376144,0.37377507280893124,0.22461240925250953,0.7831883151895407,0.06506227489028658,0.06506227489028658,0.9394889175891876,0.0,0.0,0.0,0.08990446925163269,0.4783655237406492,0.4781907740980387,0.13446882367134094,0.13446882367134094,0.05531223118305206,0.4778751075267792,0.0,0.6976744186046512,0.037283170968294144,0.02244569594040513,0.09932949,-0.04854061,0.19752964
0.4642857142857143,0.5,0.3333333333333333,0.42424242424242425,0.6153846153846154,0.5869565217391305,0.02757836878299713,0.026920974254608154,0.37940112445824004,0.3793899443135891,0.22237138857577088,0.7854411428284185,0.060679657118661065,0.060679657118661065,0.9434917159378529,0.0,0.0,0.0,0.08658216930925845,0.4803619720041752,0.4802031144499779,0.12963338196277618,0.12963338196277618,0.050170112401247025,0.4799319550395012,0.0,0.6976744186046512,0.0335073359310627,0.02126738429069519,0.09751855,-0.0587904,0.19095555
0.4642857142857143,0.5,0.3333333333333333,0.42424242424242425,0.6153846153846154,0.5869565217391305,0.024757422506809235,0.024174777790904045,0.3776673472862171,0.3776561329515213,0.22023291524008176,0.7877047973148175,0.05932425814015525,0.05932425814015525,0.9445718973875046,0.0,0.0,0.0,0.08551273457705974,0.48093339055776596,0.4807286821305752,0.12807171046733856,0.12807171046733856,0.04838894307613373,0.4806444227695465,0.0,0.6976744186046512,0.03208734840154648,0.021010059863328934,0.09541539,-0.06277749,0.17199081
0.4642857142857143,0.5,0.3333333333333333,0.42424242424242425,0.6153846153846154,0.5869565217391305,0.0242282897233963,0.02357979491353035,0.37554787221875746,0.37553657810729046,0.22200489408883267,0.785810372518941,0.05919485219887325,0.05919485219887325,0.9443734735250473,0.0,0.0,0.0,0.09219089299440383,0.4803014639765024,0.4800191894173622,0.13884715735912323,0.13884715735912323,0.0477217473089695,0.4809113010764122,0.046486835926771164,0.6274339712636415,0.03139775991439819,0.022885003127157688,0.08731157,-0.06357387,0.14514719
0.4642857142857143,0.5,0.3333333333333333,0.42424242424242425,0.6153846153846154,0.5869565217391305,0.02941570244729519,0.028376653790473938,0.37545237942361925,0.37544107391547066,0.22065201680929208,0.7872194354387765,0.05992087934698378,0.05992087934698378,0.9446544125676155,0.0,0.0,0.0,0.09644185602664947,0.4791023563593626,0.47879000566899776,0.14462830126285553,0.14462830126285553,0.04746200144290924,0.4810151994228363,0.04612204432487488,0.6256091594696045,0.031674835830926895,0.024752537719905376,0.08518358,-0.06611125,0.14243378
0.4642857142857143,0.5,0.3333333333333333,0.42424242424242425,0.6153846153846154,0.5869565217391305,0.03351733833551407,0.032642509788274765,0.38126989532383176,0.3812587493692256,0.22226143339168042,0.785387601218255,0.058712187622274675,0.058712187622274675,0.9468112532049417,0.0,0.0,0.0,0.0820249393582344,0.48014778085052967,0.4797715414315462,0.1236165463924408,0.1236165463924408,0.04515744000673294,0.4819370239973068,0.043685365468263626,0.6250022109164748,0.029568906873464584,0.02295264508575201,0.07970799,-0.07103403,0.15277536
0.4642857142857143,0.5,0.3333333333333333,0.42424242424242425,0.6153846153846154,0.5869565217391305,0.07441563904285431,0.073550283908844,0.36681051509558127,0.366798628356671,0.2761863823374644,0.7281963291354612,0.06064478307962418,0.06064478307962418,0.9425399340689182,0.0,0.0,0.0,0.1077777400612831,0.47725803405046463,0.4768589101731777,0.15965421497821808,0.15965421497821808,0.04704765975475311,0.48118093609809875,0.045610763132572174,0.6246065850867781,0.030746888369321823,0.024519488215446472,0.07396073,-0.06867689,0.19028044
0.4642857142857143,0.5,0.3333333333333333,0.42424242424242425,0.6153846153846154,0.5869565217391305,0.21928825974464417,0.21887965500354767,0.32796307959474524,0.32794960871709233,0.3689194824226044,0.6313505940359313,0.06585224398544857,0.06585224398544857,0.9317462369799614,0.0,0.0,0.0,0.12479989305138588,0.47101692482829094,0.4712413139641285,0.1859659105539322,0.1859659105539322,0.060159504413604736,0.4759361982345581,0.058400336652994156,0.6261401900718379,0.037863392382860184,0.032382647041231394,0.06070489,-0.06376708,0.19157828
0.4642857142857143,0.5,0.3333333333333333,0.42424242424242425,0.6153846153846154,0.5869565217391305,0.22319726645946503,0.2228194773197174,0.32846791839964307,0.32845448171203495,0.37003846560563913,0.630199261372171,0.06628629352365221,0.06628629352365221,0.931307889521122,0.0,0.0,0.0,0.12514528334140776,0.4707531277090311,0.4709987062960863,0.18648146092891693,0.18648146092891693,0.06127258390188217,0.47549096643924715,0.05950761213898659,0.6264015235180078,0.03847366198897362,0.03341384930536151,0.05666894,-0.06269283,0.19011101
0.4642857142857143,0.5,0.3333333333333333,0.42424242424242425,0.6153846153846154,0.5869565217391305,0.1925380825996399,0.19194239377975464,0.3403255159950621,0.34031235282781247,0.3657919252807734,0.6342119132988717,0.06782259525997299,0.06782259525997299,0.929728303104639,0.0,0.0,0.0,0.12609570249915122,0.4697137288749218,0.47001589089632034,0.18768750131130219,0.18768750131130219,0.06774841248989105,0.47290063500404356,0.0,0.6976744186046512,0.04200046509504318,0.039294599555432796,0.04918358,-0.06429046,0.18556052
0.4642857142857143,0.5,0.3333333333333333,0.42424242424242425,0.6153846153846154,0.5869565217391305,0.18922974169254303,0.18860535323619843,0.341332868681811,0.34131975110128776,0.36601979053271205,0.6339519606898842,0.06774103002888816,0.06774103002888816,0.9297728426754475,0.0,0.0,0.0,0.12186001539230346,0.46986992470920086,0.4701860826462507,0.18127651512622833,0.18127651512622833,0.06793434172868729,0.47282626330852506,0.0,0.6976744186046512,0.04198096692562103,0.039130463264882565,0.04527479,-0.062758,0.17693374
0.4642857142857143,0.5,0.3333333333333333,0.42424242424242425,0.6153846153846154,0.5869565217391305,0.19850102066993713,0.19790196418762207,0.3361936376837882,0.33618047451653854,0.3425783550306214,0.6585680293712693,0.06841002032160759,0.06841002032160759,0.9291803017258644,0.0,0.0,0.0,0.12488603591918944,0.4694245681166649,0.4697079658508301,0.18633820116519928,0.18633820116519928,0.06952671706676483,0.47218931317329405,0.0,0.6976744186046512,0.04346926510334015,0.04059738479554653,0.0457238,-0.06233947,0.17167768
0.4642857142857143,0.5,0.3333333333333333,0.42424242424242425,0.6153846153846154,0.5869565217391305,0.942571759223938,0.9425933957099915,0.3012642103672939,0.3012497365816601,0.5388674281295354,0.46046434528690405,0.07249611030731883,0.07249611030731883,0.9185455590486526,0.0,0.0,0.0,0.09179462119936943,0.46587200835347176,0.46768946945667267,0.13612371683120728,0.13612371683120728,0.06944844126701355,0.4722206234931946,0.06880610436201096,0.626048262036124,0.043209370225667953,0.03910935949534178,0.02305118,-0.05848587,0.15728764
0.4642857142857143,0.5,0.3333333333333333,0.42424242424242425,0.6153846153846154,0.5869565217391305,0.42729878425598145,0.42731165885925293,0.2848097498512633,0.28479477461163905,0.5369192850749306,0.46229449279854856,0.07146086011614118,0.07146086011614118,0.9203194417059422,0.0,0.0,0.0,0.11066009700298308,0.46693892031908035,0.46860145032405853,0.16340263187885284,0.16340263187885284,0.06897236406803131,0.47241105437278746,0.06887323409318924,0.6267320382040601,0.04361797124147415,0.03960368223488331,0.01971792,-0.04838873,0.16002604
0.4642857142857143,0.5,0.3333333333333333,0.42424242424242425,0.6153846153846154,0.5869565217391305,0.20063325762748718,0.20027655363082886,0.3446363677942046,0.3446229652966414,0.5387503386227624,0.45870325026908243,0.05847869707005365,0.05847869707005365,0.9362828377634287,0.0,0.0,0.0,0.0816868532449007,0.4760993029922247,0.4763610903173685,0.1209992915391922,0.1209992915391922,0.062459785491228104,0.47501608580350874,0.0,0.6976744186046512,0.03854891285300255,0.04115128889679909,0.01739453,-0.04860755,0.17289597
0.4642857142857143,0.5,0.3333333333333333,0.42424242424242425,0.6153846153846154,0.5869565217391305,0.1037217304110527,0.10299389064311981,0.37784768837587784,0.37783526599293227,0.5329261499654723,0.46388776598144854,0.04480295681527683,0.04480295681527683,0.9492497071623802,0.0,0.0,0.0,0.05673174895346164,0.48344481363892555,0.48349198140203953,0.0,-0.0,0.04969470575451851,0.4801221176981926,0.0,0.6976744186046512,0.027116302400827408,0.03386048134416342,0.01728941,-0.04961636,0.17654076
0.4642857142857143,0.5,0.3333333333333333,0.42424242424242425,0.6153846153846154,0.5869565217391305,0.025113478302955627,0.024800652638077736,0.4173696934607015,0.41735864437788894,0.530230464374586,0.46632354455007374,0.04230999919985022,0.04230999919985022,0.9557608664035797,0.0,0.0,0.0,0.055839447677135466,0.4851349238306284,0.48522935435175896,0.0,-0.0,0.04459399729967117,0.48216240108013153,0.0,0.6976744186046512,0.025525186210870743,0.031155406031757593,0.01020334,-0.04963019,0.1799769
0.4642857142857143,0.5,0.3333333333333333,0.42424242424242425,0.6153846153846154,0.5869565217391305,0.011377841234207153,0.011382375843822956,0.42124846287028966,0.4212375391509747,0.528164069351685,0.4683508375584003,0.040079171636274884,0.040079171636274884,0.9585613720119,0.0,0.0,0.0,0.05140881650149822,0.48637105245143175,0.4864754918962717,0.0,-0.0,0.04100602865219116,0.48359758853912355,0.0,0.6976744186046512,0.02389662340283394,0.028270790353417397,0.00912613,-0.04970042,0.17674986
0.4642857142857143,0.5,0.3333333333333333,0.42424242424242425,0.6153846153846154,0.5869565217391305,0.0,0.0,0.42461082584315457,0.4246000274873373,0.5131887627719237,0.4830565456627837,0.03661696799099445,0.03661696799099445,0.9624023623764515,0.0,0.0,0.0,0.04606406539678573,0.48805697448551655,0.4881325336173177,0.0,-0.0,0.036061715334653854,0.48557531386613845,0.0,0.6976744186046512,0.02150200866162777,0.024088537320494652,0.0130545,-0.05120055,0.16851968
0.4642857142857143,0.5,0.3333333333333333,0.42424242424242425,0.6153846153846154,0.5869565217391305,0.0,0.0,0.4204761553448883,0.42046522022889177,0.5027906256469669,0.49336299790884247,0.034913761275155206,0.034913761275155206,0.9644403643906116,0.0,0.0,0.0,0.04679350517690181,0.48860418517142534,0.4886753661558032,0.0,-0.0,0.03356802091002464,0.48657279163599015,0.0,0.6976744186046512,0.020642070099711418,0.02302595181390643,0.00497561,-0.05256595,0.15945558
0.4642857142857143,0.5,0.3333333333333333,0.42424242424242425,0.6153846153846154,0.5869565217391305,0.0,0.0,0.4141071996087098,0.4140960308607404,0.4995830135391473,0.4966400282282168,0.03393375181726047,0.03393375181726047,0.9649918247014284,0.0,0.0,0.0,0.04839186817407608,0.4884325321763754,0.48853212408721447,0.0,-0.0,0.032497305423021317,0.4870010778307915,0.0,0.6976744186046512,0.020393071696162224,0.022050016559660435,0.0130055,-0.05623258,0.15449755
0.4642857142857143,0.5,0.3333333333333333,0.42424242424242425,0.6153846153846154,0.5869565217391305,0.0,0.0,0.4127400707788267,0.4127288564441309,0.4754133831930434,0.5207710085539193,0.0311103423259088,0.0311103423259088,0.9670437090098858,0.0,0.0,0.0,0.047164732590317726,0.4889910826459527,0.48906872421503067,0.0,-0.0,0.0,0.5,0.0,0.6976744186046512,0.01976543478667736,0.018784278072416782,0.0161893,-0.05443542,0.13388646
0.4642857142857143,0.5,0.3333333333333333,0.42424242424242425,0.6153846153846154,0.5869565217391305,0.0,0.0,0.41150516624888317,0.41149393481916496,0.45990762804024077,0.5363479616258564,0.02867369912564755,0.02867369912564755,0.9684057282283902,0.0,0.0,0.0,0.04450786765664816,0.48982608783990145,0.4898538216948509,0.0,-0.0,0.0,0.5,0.0,0.6976744186046512,0.018977411091327667,0.0138602196238935,0.01650498,-0.05421593,0.13169084
0.4642857142857143,0.5,0.3333333333333333,0.42424242424242425,0.6153846153846154,0.5869565217391305,0.0,0.0,0.4068908379137174,0.4068794184387528,0.445426426015894,0.5508761671265904,0.027301210377897536,0.027301210377897536,0.9689604295417666,0.0,0.0,0.0,0.0420249143615365,0.4905433561652899,0.49056247994303703,0.0,-0.0,0.0,0.5,0.0,0.6976744186046512,0.01852838136255741,0.009465051116421819,0.01218206,-0.04893946,0.12575042
0.4642857142857143,0.5,0.3333333333333333,0.42424242424242425,0.6153846153846154,0.5869565217391305,0.0,0.0,0.4020927380877289,0.4020811704559034,0.42283804922669155,0.5736918557163811,0.02524671277829579,0.02524671277829579,0.9696062775328755,0.0,0.0,0.0,0.029984992183744907,0.49199953209608793,0.4919965472072363,0.0,-0.0,0.0,0.5,0.0,0.6976744186046512,0.017822720110416412,0.0,0.01024204,-0.04753377,0.1232905
0.4642857142857143,0.5,0.3333333333333333,0.42424242424242425,0.6153846153846154,0.5869565217391305,0.008456090465188026,0.008349006064236164,0.39689708211909747,0.39688530934700317,0.41654415203553996,0.5801941839681706,0.023576062438743457,0.023576062438743457,0.9701749226078391,0.0,0.0,0.0,0.025840310007333753,0.4932788861915469,0.4932576888240874,0.0,-0.0,0.0,0.5,0.0,0.6976744186046512,0.017055615782737732,0.0,0.0083555,-0.04628908,0.10658621
0.4642857142857143,0.5,0.3333333333333333,0.42424242424242425,0.6153846153846154,0.5869565217391305,0.013649631291627884,0.013202674686908722,0.3917279918152789,0.391716093679687,0.42557773170690005,0.571276232179168,0.023159806483558247,0.023159806483558247,0.969800541177392,0.0,0.0,0.0,0.02599600292742252,0.49351857975125313,0.49349547177553177,0.0,-0.0,0.0,0.5,0.0,0.6976744186046512,0.016456956043839455,0.0,0.02416954,-0.05923155,0.06013384
0.4642857142857143,0.5,0.3333333333333333,0.42424242424242425,0.6153846153846154,0.5869565217391305,0.3711915612220764,0.3693205416202545,0.2891257643471712,0.28911081190091015,0.4425546047108579,0.556179031011272,0.028570032279406278,0.028570032279406278,0.9525112714618444,0.0,0.0,0.0,0.054718401283025735,0.4890746343880892,0.48941750172525644,0.0,-0.0,0.02946791611611843,0.4882128335535526,0.02812730334699154,0.6241858161466066,0.017294825986027718,0.0,0.02256445,-0.0640557,0.03630317
0.4642857142857143,0.5,0.3333333333333333,0.42424242424242425,0.6153846153846154,0.5869565217391305,0.38693341612815857,0.38458773493766785,0.28773265678157767,0.28771763595522704,0.44405111436862105,0.5547043543236952,0.03372345518852984,0.03372345518852984,0.9448958449065685,0.0,0.0,0.0,0.0641530767083168,0.4859661664813757,0.48650058824568987,0.0,-0.0,0.03440673649311066,0.4862373054027557,0.032861724495887756,0.6198969483375549,0.01889939233660698,0.0,0.03005356,-0.07062251,-0.00845666
0.4642857142857143,0.5,0.3333333333333333,0.42424242424242425,0.6153846153846154,0.5869565217391305,0.020841997116804123,0.020619694143533707,0.42386473638377725,0.4238538924412335,0.44014832075421717,0.5559388778661344,0.03358035215309688,0.03358035215309688,0.958633903414011,0.0,0.0,0.0,0.03340889606624842,0.48978574853390455,0.4897263441234827,0.0,-0.0,0.03855699673295021,0.4845772013068199,0.03681815415620804,0.6110371233418931,0.018782703205943108,0.0,0.036341,-0.07126928,-0.02963787
0.4642857142857143,0.5,0.3333333333333333,0.42424242424242425,0.6153846153846154,0.5869565217391305,0.0,0.0,0.45057914498659213,0.45056926406364367,0.44000403876514327,0.5558559135855391,0.03275350800582341,0.03275350800582341,0.9622235633432865,0.0,0.0,0.0,0.030166634358465668,0.49167399294674397,0.49161369912326336,0.0,-0.0,0.0376812219619751,0.48492751121520994,0.035939279943704605,0.6147501115189042,0.018015706911683083,0.0,0.04846483,-0.06935973,-0.02201928
0.4642857142857143,0.5,0.3333333333333333,0.42424242424242425,0.6153846153846154,0.5869565217391305,0.0,0.0,0.4587885764771164,0.458779008962912,0.43884896798981765,0.5570852644591162,0.0329719324197088,0.0329719324197088,0.9628324303776026,0.0,0.0,0.0,0.02986849173903465,0.4921132707968354,0.49205390736460686,0.0,-0.0,0.03776697814464569,0.4848932087421417,0.03603838011622429,0.6172013594660648,0.018097059801220894,0.0,0.04658452,-0.06574088,-0.0134305
0.4642857142857143,0.5,0.3333333333333333,0.42424242424242425,0.6153846153846154,0.5869565217391305,0.0,0.0,0.4550914416805508,0.4550816690260776,0.4321153412357571,0.5634040042792812,0.03508062501038824,0.03508062501038824,0.9614622741937637,0.0,0.0,0.0,0.030503136292099952,0.49309494299814105,0.49303800519555807,0.0,-0.0,0.041369739919900894,0.48345210403203964,0.039684195071458817,0.6204449038865955,0.01965652033686638,0.0,0.04753449,-0.05747445,-0.01212356
0.4642857142857143,0.5,0.3333333333333333,0.42424242424242425,0.6153846153846154,0.5869565217391305,0.0,0.0,0.45647879677110603,0.4564690583066776,0.4287715833456065,0.5667060460410149,0.03602309019437858,0.03602309019437858,0.9608360286802053,0.0,0.0,0.0,0.030540332570672034,0.4932228052057326,0.4931686772033572,0.0,-0.0,0.04268287494778633,0.4829268500208855,0.041086580604314804,0.6210610062577004,0.02029094286262989,0.0,0.03380262,-0.05626188,-0.01214871
0.4642857142857143,0.5,0.3333333333333333,0.42424242424242425,0.6153846153846154,0.5869565217391305,0.39935165643692017,0.39700570702552795,0.3495811600074258,0.3495678600799969,0.43940256179860626,0.5576948015506427,0.06253948967371668,0.06253948967371668,0.9261532388627529,0.0,0.0,0.0,0.07898737974464892,0.484432159923017,0.48489142768085003,0.11552923172712326,0.11552923172712326,0.0673089399933815,0.4730764240026474,0.06395257264375687,0.608601490425509,0.029330609366297722,0.0,0.01700725,-0.05766297,-0.01184533
0.4642857142857143,0.5,0.3333333333333333,0.42424242424242425,0.6153846153846154,0.5869565217391305,0.11219628900289536,0.11092215776443481,0.43088125156854806,0.43087066974968113,0.44346360973372745,0.5524635439513468,0.06052727145808084,0.06052727145808084,0.9416025634855032,0.0,0.0,0.0,0.048585130274295805,0.4864883031696081,0.48637134302407503,0.0,-0.0,0.06605156511068344,0.47357937395572663,0.06313919275999069,0.6070866245169972,0.030228758230805397,0.0,-0.03206516,-0.04570987,-0.00346701
0.4642857142857143,0.5,0.3333333333333333,0.42424242424242425,0.6153846153846154,0.5869565217391305,0.027016254141926765,0.02654571831226349,0.44453980977403046,0.4445296610290644,0.45777766802570785,0.5378132529235429,0.04819287519369807,0.04819287519369807,0.9514568224549294,0.0,0.0,0.0,0.03796298503875732,0.4905403582379222,0.4903793763369322,0.0,-0.0,0.06094484031200409,0.47562206387519834,0.058755140751600266,0.6054178018902624,0.02718326263129711,0.0,-0.04727712,-0.03728217,-0.00368125
0.4642857142857143,0.5,0.3333333333333333,0.42424242424242425,0.6153846153846154,0.5869565217391305,0.02297499030828476,0.022582577541470528,0.4422127441512011,0.44220250423278223,0.4667799182193457,0.5287553356386229,0.04532219575984138,0.04532219575984138,0.9530537575483322,0.0,0.0,0.0,0.03746324870735407,0.491299862973392,0.4911639168858528,0.0,-0.0,0.059930600225925446,0.4760277599096298,0.0578472875058651,0.6022715291311574,0.02621491812169552,0.0,-0.08604138,-0.02110665,-0.02483802
0.4642857142857143,0.5,0.3333333333333333,0.42424242424242425,0.6153846153846154,0.5869565217391305,0.02199983410537243,0.021590590476989746,0.4400407702699446,0.44003043917807294,0.47249649086144413,0.5230922305282575,0.04405321021165167,0.04405321021165167,0.9535824097692966,0.0,0.0,0.0,0.03698361907154321,0.4917282871901989,0.4916024748235941,0.0,-0.0,0.05981774255633354,0.47607290297746657,0.057712458074092865,0.5996770013210385,0.025733135640621185,0.0,-0.10418151,0.01433082,-0.0331396
0.4642857142857143,0.5,0.3333333333333333,0.42424242424242425,0.6153846153846154,0.5869565217391305,0.020307613536715508,0.019901849329471588,0.4375850133184721,0.4375746195448516,0.481906973039215,0.5138146023170848,0.04235237171607358,0.04235237171607358,0.9544111136347055,0.0,0.0,0.0,0.03623171132057905,0.4922366258688271,0.4921243889257312,0.0,-0.0,0.05929024890065193,0.4762839004397392,0.05720991641283035,0.5987656948178314,0.02492336556315422,0.0,-0.08530495,0.05388647,-0.03247479
0.4642857142857143,0.5,0.3333333333333333,0.42424242424242425,0.6153846153846154,0.5869565217391305,0.016814017668366432,0.01648038811981678,0.4306768634807083,0.4306662018850702,0.5051567726278852,0.49059567847575053,0.039570577708738196,0.039570577708738196,0.9556744936853647,0.0,0.0,0.0,0.03361250292509794,0.49278741981834173,0.4927195394411683,0.0,-0.0,0.054535333067178726,0.4781858667731285,0.052620839327573776,0.6024146426555722,0.02278812788426876,0.0,-0.06923659,0.08724286,-0.02414594
0.4642857142857143,0.5,0.3333333333333333,0.42424242424242425,0.6153846153846154,0.5869565217391305,0.016028398647904396,0.01570816896855831,0.42868092844180805,0.42867022125944354,0.5128006601766693,0.48302039538874403,0.038301335381610055,0.038301335381610055,0.9560268390923738,0.0,0.0,0.0,0.03220515288412571,0.49306893115863204,0.4930284358561039,0.0,-0.0,0.052458152174949646,0.47901673913002013,0.05052976310253143,0.6037140169809031,0.021966522559523582,0.0016988517018035054,-0.06422088,0.11681321,-0.01990275
0.4642857142857143,0.5,0.3333333333333333,0.42424242424242425,0.6153846153846154,0.5869565217391305,0.0,0.0,0.47069843640518916,0.47068937319414567,0.423439942172107,0.5730044235526212,0.04125425325972694,0.04125425325972694,0.9588220976293087,0.0,0.0,0.0,0.031336954608559606,0.4934964766725898,0.49347694078460336,0.0,-0.0,0.04989724978804588,0.4800411000847816,0.0478130578994751,0.605844366689061,0.022259151563048363,0.0,-0.06228165,0.12739705,-0.01761037
0.4642857142857143,0.5,0.3333333333333333,0.42424242424242425,0.6153846153846154,0.5869565217391305,0.0,0.0,0.46998775643554747,0.4699786704311407,0.42137918280825787,0.5750735295611581,0.04094398314399379,0.04094398314399379,0.9598848912864923,0.0,0.0,0.0,0.0303223168477416,0.4937302628532052,0.49373721424490213,0.0,-0.0,0.048537492752075195,0.48058500289916994,0.046359557658433914,0.606706312229467,0.021966414526104927,0.0,-0.06083544,0.1417499,-0.01379135
0.4642857142857143,0.5,0.3333333333333333,0.42424242424242425,0.6153846153846154,0.5869565217391305,0.09949103742837906,0.0983080044388771,0.41320991607286733,0.41319888408507716,0.44372287284347794,0.5533772203671609,0.04010936112276146,0.04010936112276146,0.9614256341010332,0.0,0.0,0.0,0.029202825948596,0.49386216746643186,0.49389191530644894,0.0,-0.0,0.046796973794698715,0.4812812104821205,0.044566940516233444,0.608633624952893,0.021023159846663475,0.0,-0.05886515,0.15339103,-0.00977003
0.4642857142857143,0.5,0.3333333333333333,0.42424242424242425,0.6153846153846154,0.5869565217391305,0.22169514000415802,0.22088800370693207,0.3636855563971554,0.36367290608057784,0.45553541365818584,0.5422292676021624,0.0408351088740996,0.0408351088740996,0.9597010854631662,0.0,0.0,0.0,0.033508921042084694,0.49362526973709464,0.4936589249409735,0.0,-0.0,0.0476449616253376,0.48094201534986497,0.04540801793336868,0.6090595243975174,0.021303240209817886,0.0,-0.05385267,0.17036515,0.00291688
0.4642857142857143,0.5,0.3333333333333333,0.42424242424242425,0.6153846153846154,0.5869565217391305,0.030007317662239075,0.02946585975587368,0.4241199536715593,0.4241092464891948,0.3899435222034928,0.6074148502627427,0.04269048039402281,0.04269048039402281,0.9583250768482685,0.0,0.0,0.0,0.03553937133401632,0.4922942421399057,0.49231591215357184,0.0,-0.0,0.04936269298195839,0.48025492280721666,0.04684895649552345,0.6155048466699068,0.02247864007949829,0.0,-0.04545548,0.18989861,0.02602683
0.4642857142857143,0.5,0.3333333333333333,0.42424242424242425,0.6153846153846154,0.5869565217391305,0.013211069628596306,0.01318560540676117,0.4244507936401075,0.4244400921560838,0.3865138390324084,0.6108352907250484,0.040464179058160105,0.040464179058160105,0.9609018992632627,0.0,0.0,0.0,0.03134035114198923,0.49289477709680796,0.4928914373740554,0.0,-0.0,0.046729449182748795,0.48130822032690046,0.04428248852491379,0.6168470375759657,0.021576208993792534,0.0,-0.04413348,0.20063323,0.04309944
0.4642857142857143,0.5,0.3333333333333333,0.42424242424242425,0.6153846153846154,0.5869565217391305,0.0,0.0,0.42204814522489764,0.42203797368656837,0.3854673501410402,0.6118203344075624,0.036433723622134755,0.036433723622134755,0.9643547665327787,0.0,0.0,0.0,0.026701028086245058,0.4939161781221628,0.4938966790214181,0.0,-0.0,0.04232252389192581,0.48307099044322965,0.03995375707745552,0.6175292075373406,0.019759228453040123,0.0,-0.04423391,0.2004364,0.04725535
0.4642857142857143,0.5,0.3333333333333333,0.42424242424242425,0.6153846153846154,0.5869565217391305,0.0,0.0,0.4236129210054532,0.4236027950538504,0.3775999473112263,0.6197642089709219,0.029675629256027087,0.029675629256027087,0.969659541733563,0.0,0.0,0.0,0.018976543098688126,0.49534887401387095,0.4953134418465197,0.0,-0.0,0.03569629788398743,0.48572148084640504,0.03344990685582161,0.626356934392175,0.016408512368798256,0.0,-0.04180542,0.2020922,0.05215661
0.4642857142857143,0.5,0.3333333333333333,0.42424242424242425,0.6153846153846154,0.5869565217391305,0.0,0.0,0.41967976663126316,0.4196694811261179,0.3781237387976273,0.6192381039581558,0.026431090331503326,0.026431090331503326,0.9718809258192778,0.0,0.0,0.0,0.016722319927066562,0.49595133075490594,0.4959122105501592,0.0,-0.0,0.03323129937052727,0.4867074802517891,0.0,0.6976744186046512,0.01474541425704956,0.0,-0.03417605,0.19837047,0.05327741
0.4642857142857143,0.5,0.3333333333333333,0.42424242424242425,0.6153846153846154,0.5869565217391305,0.0,0.0,0.4125326967604074,0.41252219471831164,0.3803806122584735,0.616950482250349,0.023879273129361018,0.023879273129361018,0.9733146363869309,0.0,0.0,0.0,0.015050697419792413,0.49639643100090325,0.4963527258951217,0.0,-0.0,0.03136725723743439,0.48745309710502627,0.0,0.6976744186046512,0.01345236785709858,0.0,-0.02933759,0.19335204,0.05550987
0.4642857142857143,0.5,0.3333333333333333,0.42424242424242425,0.6153846153846154,0.5869565217391305,0.0,0.0,0.39982784136303523,0.3998168777553347,0.3852557365570652,0.6120709189442736,0.02159021728272949,0.02159021728272949,0.9742951709777117,0.0,0.0,0.0,0.013530678953975438,0.4967743353918195,0.4967301576398313,0.0,-0.0,0.0,0.5,0.0,0.6976744186046512,0.01235064584761858,0.0,-0.00310887,0.12007428,0.02945258
0.4642857142857143,0.5,0.3333333333333333,0.42424242424242425,0.6153846153846154,0.5869565217391305,0.5437961220741272,0.5401846170425415,0.24144758731411703,0.24143229296740792,0.4419061107343743,0.5586033597879788,0.026670659759214947,0.026670659759214947,0.9450578074902296,0.0,0.0,0.0,0.023987628147006033,0.4959676321595907,0.4962508787866682,0.0,-0.0,0.033542733639478683,0.48658290654420855,0.03108062408864498,0.6237904762112817,0.013263994827866554,0.0,0.00251085,0.09188051,0.01870079
0.4642857142857143,0.5,0.3333333333333333,0.42424242424242425,0.6153846153846154,0.5869565217391305,0.19596564769744873,0.19476553797721863,0.3162837830829803,0.3162702894119642,0.4418877221886104,0.5562256295493161,0.0334927998483181,0.0334927998483181,0.9408660940825939,0.0,0.0,0.0,0.027649198099970816,0.49420169135555625,0.49485729029402137,0.0,-0.0,0.041492439806461334,0.4834030240774155,0.03870059549808502,0.6185141136479932,0.016343049705028534,0.0,0.01332781,0.04926651,0.00293854
0.4642857142857143,0.5,0.3333333333333333,0.42424242424242425,0.6153846153846154,0.5869565217391305,0.11322146654129028,0.1123775914311409,0.3479815559678962,0.34796898542808985,0.43532547303413116,0.562409556197568,0.03034765832126141,0.03034765832126141,0.9536988567560911,0.0,0.0,0.0,0.02098603006452322,0.49469325598329306,0.49519524816423655,0.0,-0.0,0.03946363925933838,0.48421454429626465,0.036678992211818695,0.6256181937317515,0.015640664845705032,0.0,0.01230613,0.00170821,-0.00038427
0.4642857142857143,0.5,0.3333333333333333,0.42424242424242425,0.6153846153846154,0.5869565217391305,0.07051019370555878,0.06941795349121094,0.3513955687017787,0.3513830437486988,0.4337792852412674,0.5636823091071098,0.023198963941207955,0.023198963941207955,0.9615070670843124,0.0,0.0,0.0,0.015199302602559327,0.49575671553611755,0.49600845156237483,0.0,-0.0,0.032906871289014816,0.48683725148439405,0.0,0.6976744186046512,0.012879413552582264,0.0,0.01325472,-0.0153154,-0.00041058
0.4642857142857143,0.5,0.3333333333333333,0.42424242424242425,0.6153846153846154,0.5869565217391305,0.056994885206222534,0.05601213872432709,0.3558826929752503,0.35587028198898635,0.4366708455988372,0.5606479177004926,0.02127470382090126,0.02127470382090126,0.9636678602546453,0.0,0.0,0.0,0.014267248194664716,0.4959117965772748,0.49610615777783096,0.0,-0.0,0.030746612697839737,0.4877013549208641,0.02847263403236866,0.6274003500855246,0.012176631949841976,0.0,0.01529696,-0.02522429,-0.00045017
0.4642857142857143,0.5,0.3333333333333333,0.42424242424242425,0.6153846153846154,0.5869565217391305,0.05469568818807602,0.05371212959289551,0.35901001078676764,0.3589977251640013,0.4367464112961953,0.5605313488796103,0.020645512267947197,0.020645512267947197,0.9644776154309511,0.0,0.0,0.0,0.014302240312099456,0.4959416575729847,0.4961170854512602,0.0,-0.0,0.02989822067320347,0.4880407117307186,0.027738109230995178,0.6265615308007528,0.01214172225445509,0.0,0.01992018,-0.03967711,0.00051722
0.4642857142857143,0.5,0.3333333333333333,0.42424242424242425,0.6153846153846154,0.5869565217391305,0.6444879770278931,0.639933168888092,0.2376858390312122,0.23767040792432387,0.44547370514951745,0.5550778496229718,0.033649967185088565,0.033649967185088565,0.9327119514346123,0.0,0.0,0.0,0.03165225591510534,0.49217292852699757,0.4930891804397106,0.0,-0.0,0.036858756095170975,0.4852564975619316,0.034561432898044586,0.6218406713979189,0.016249626874923706,0.0,0.02398265,-0.05688788,0.00169829
0.4642857142857143,0.5,0.3333333333333333,0.42424242424242425,0.6153846153846154,0.5869565217391305,0.15169818699359894,0.15085667371749878,0.3327597833272376,0.3327467797135304,0.4499838564181647,0.5479134765176832,0.03259904948728425,0.03259904948728425,0.9518273789435625,0.0,0.0,0.0,0.023925257101655006,0.4924012692645192,0.4931862042285502,0.0,-0.0,0.03716240078210831,0.48513503968715666,0.03488875553011894,0.6244128214758496,0.016396230086684227,0.0,0.03412822,-0.08427934,0.00057809
0.4642857142857143,0.5,0.3333333333333333,0.42424242424242425,0.6153846153846154,0.5869565217391305,0.08843714743852615,0.08765847235918045,0.34575426829248723,0.34574164076927283,0.45664912872515034,0.5409850491341801,0.0276023947766849,0.0276023947766849,0.9586064610630274,0.0,0.0,0.0,0.01824067598208785,0.4936611568555236,0.4942105854861438,0.0,-0.0,0.033003002405166626,0.4867987990379333,0.0,0.6976744186046512,0.014759213663637638,0.0,0.04761418,-0.12160911,-0.00359516
0.4642857142857143,0.5,0.3333333333333333,0.42424242424242425,0.6153846153846154,0.5869565217391305,0.061117395758628845,0.06057148054242134,0.3417543179674313,0.3417415308906745,0.4588878159313311,0.5387107316275577,0.022337215819529126,0.022337215819529126,0.964028388261795,0.0,0.0,0.0,0.014452941436320543,0.4946230547502637,0.4949469482526183,0.0,-0.0,0.0,0.5,0.0,0.6976744186046512,0.01287996955215931,0.0,0.07124669,-0.14410664,-0.01437932
0.4642857142857143,0.5,0.3333333333333333,0.42424242424242425,0.6153846153846154,0.5869565217391305,0.06021573022007942,0.059634022414684296,0.3355962920143317,0.3355833681773957,0.4606200431546563,0.5370543222531712,0.02009983374071973,0.02009983374071973,0.9648712202906609,0.0,0.0,0.0,0.013277819100767373,0.49486020766198635,0.49508901592344046,0.0,-0.0,0.0,0.5,0.0,0.6976744186046512,0.01212004292756319,0.0,0.06061529,-0.16320112,-0.01815038
0.4642857142857143,0.5,0.3333333333333333,0.42424242424242425,0.6153846153846154,0.5869565217391305,0.05987577512860298,0.059258364140987396,0.32870892402546814,0.3286957494615369,0.46377613758721725,0.5339842029620261,0.01815559542072671,0.01815559542072671,0.9645987208932638,0.0,0.0,0.0,0.012574345525354146,0.49483279790729284,0.49496260192245245,0.0,-0.0,0.0,0.5,0.0,0.6976744186046512,0.011564739979803562,0.0,0.05935863,-0.18245111,-0.02166894
0.4642857142857143,0.5,0.3333333333333333,0.42424242424242425,0.6153846153846154,0.5869565217391305,0.05843447148799896,0.05782944709062576,0.3270155708830853,0.32700236212910927,0.46632411363703796,0.5314662016094023,0.017339225326265608,0.017339225326265608,0.9644515514373779,0.0,0.0,0.0,0.011965978145599365,0.49493531649932265,0.4950074702501297,0.0,-0.0,0.0,0.5,0.0,0.6976744186046512,0.011463174596428871,0.0,0.05694999,-0.17989533,-0.01585739
0.4642857142857143,0.5,0.3333333333333333,0.42424242424242425,0.6153846153846154,0.5869565217391305,0.05870535597205162,0.05806315690279007,0.32206249328234,0.3220491249748215,0.471291955638798,0.5265459293566466,0.016801954646195685,0.016801954646195685,0.9629815686494112,0.0,0.0,0.0,0.012108053639531135,0.4947934574447572,0.49480402655899525,0.0,-0.0,0.0,0.5,0.0,0.6976744186046512,0.01157995592802763,0.0,0.05632941,-0.17869271,-0.01480523
0.4642857142857143,0.5,0.3333333333333333,0.42424242424242425,0.6153846153846154,0.5869565217391305,0.061243996024131775,0.06057240813970566,0.3189452273439951,0.318931790656387,0.4752998551492709,0.5226599344509231,0.016467138858778138,0.016467138858778138,0.9619708880782127,0.0,0.0,0.0,0.011942154821008443,0.4946921719238162,0.49465583777055144,0.0,-0.0,0.0,0.5,0.0,0.6976744186046512,0.011566320434212685,0.0,0.05978226,-0.16829476,-0.010984
0.4642857142857143,0.5,0.3333333333333333,0.42424242424242425,0.6153846153846154,0.5869565217391305,0.06279701739549637,0.06208529323339462,0.31821285379092507,0.3181993829132722,0.47630519204796157,0.5216976015056702,0.016425795453999723,0.016425795453999723,0.9608980342745781,0.0,0.0,0.0,0.012017798423767089,0.49448309699073434,0.49442855827510357,0.0,-0.0,0.0,0.5,0.0,0.6976744186046512,0.011529156006872654,0.0,0.06235655,-0.14934947,0.00260983
0.4642857142857143,0.5,0.3333333333333333,0.42424242424242425,0.6153846153846154,0.5869565217391305,0.24185320734977722,0.24098458886146545,0.27834625864120105,0.27833187602902004,0.48423364690111426,0.5151974614167483,0.01744508876332215,0.01744508876332215,0.9511730745434761,0.0,0.0,0.0,0.018500601407140493,0.49334365501999855,0.493350135628134,0.0,-0.0,0.0,0.5,0.0,0.6976744186046512,0.012059519998729229,0.0,0.0848225,-0.11602359,0.01937399
0.4642857142857143,0.5,0.3333333333333333,0.42424242424242425,0.6153846153846154,0.5869565217391305,0.24973873794078827,0.24898897111415863,0.26920751039202306,0.2691929226395733,0.487828423826462,0.5119520996263738,0.03200077451765537,0.03200077451765537,0.9305496476590633,0.0,0.0,0.0,0.03445775862783193,0.4846484959125519,0.4855546485632658,0.0,-0.0,0.04052279517054558,0.48379088193178177,0.041188519448041916,0.621870445997216,0.01981474459171295,0.0,0.1056957,-0.08387273,0.02705499
0.4642857142857143,0.5,0.3333333333333333,0.42424242424242425,0.6153846153846154,0.5869565217391305,0.16606086492538452,0.16530874371528625,0.30606394561709227,0.306050315185897,0.48850154460730105,0.5102895944519157,0.031037293374538425,0.031037293374538425,0.9449679311364889,0.0,0.0,0.0,0.025060890987515447,0.4881038945168257,0.48822840210050344,0.0,-0.0,0.03924897313117981,0.48430041074752805,0.0398113988339901,0.6227142138536587,0.019223226234316826,0.0,0.11032493,-0.07505585,0.02714682
0.4642857142857143,0.5,0.3333333333333333,0.42424242424242425,0.6153846153846154,0.5869565217391305,0.07152144610881805,0.07080718874931335,0.3597067583131517,0.35969458665720133,0.4944326918337131,0.5031130470640979,0.02799823880195618,0.02799823880195618,0.9546437915414572,0.0,0.0,0.0,0.020990897994488476,0.4912617513909936,0.49122288078069687,0.0,-0.0,0.035654082894325256,0.4857383668422699,0.03583061322569847,0.623515825285468,0.017361527308821678,0.0,0.118525,-0.06168866,0.02671505
0.4642857142857143,0.5,0.3333333333333333,0.42424242424242425,0.6153846153846154,0.5869565217391305,0.028894057497382164,0.0283410232514143,0.3836016335861177,0.3835901457310635,0.49901962388185767,0.49795620249466,0.026024219446948597,0.026024219446948597,0.960021672770381,0.0,0.0,0.0,0.02042286330834031,0.4925770200788975,0.49255407974123955,0.0,-0.0,0.03258851170539856,0.4869645953178406,0.032415442168712616,0.6245724752891896,0.015905877575278282,0.0,0.13981981,-0.02796209,0.03678254
0.4642857142857143,0.5,0.3333333333333333,0.42424242424242425,0.6153846153846154,0.5869565217391305,0.0,0.0,0.4157162457989461,0.4157058349303032,0.5155005112546808,0.48118727334320155,0.02533728789005961,0.02533728789005961,0.9659414160996675,0.0,0.0,0.0,0.02010033605620265,0.4940431248396635,0.49403020832687616,0.0,-0.0,0.02820703200995922,0.4887171871960163,0.02762443572282791,0.626178463531095,0.014035889878869057,0.0,0.14706687,-0.01368429,0.04317783
0.4642857142857143,0.5,0.3333333333333333,0.42424242424242425,0.6153846153846154,0.5869565217391305,0.055434610694646835,0.05430855229496956,0.38038837339864406,0.3803766462132762,0.5147695466163738,0.48172866700433586,0.02549120890242713,0.02549120890242713,0.9659484624862671,0.0,0.0,0.0,0.02066404391080141,0.49399670911952853,0.49396058823913336,0.0,-0.0,0.028308086097240448,0.48867676556110384,0.0276702381670475,0.6251017697328745,0.013744857162237167,0.0,0.15000731,-0.00363333,0.04859428
0.4642857142857143,0.5,0.3333333333333333,0.42424242424242425,0.6153846153846154,0.5869565217391305,0.0677567794919014,0.06661073118448257,0.3782861301137658,0.37827433454830833,0.5143058341616198,0.4822200976133296,0.025841515245182176,0.025841515245182176,0.9648629557341337,0.0,0.0,0.0,0.02173975994810462,0.4936853754334152,0.493639687076211,0.0,-0.0,0.029450882226228714,0.4882196471095085,0.028734343126416206,0.6207607288000195,0.013691593892872334,0.0,0.15133542,0.00623964,0.0498311
0.4642857142857143,0.5,0.3333333333333333,0.42424242424242425,0.6153846153846154,0.5869565217391305,0.0681287869811058,0.0669834166765213,0.39033412067201806,0.3903215273388485,0.5196740059734075,0.47668121918159,0.026777877605387145,0.026777877605387145,0.9633834473788738,0.0,0.0,0.0,0.024188732914626598,0.4932588734664023,0.493201591540128,0.0,-0.0,0.03120562992990017,0.48751774802803993,0.03025968000292778,0.6187769181506578,0.014249240979552269,0.0,0.15134371,0.00838103,0.05371946
0.4642857142857143,0.5,0.3333333333333333,0.42424242424242425,0.6153846153846154,0.5869565217391305,0.06404456496238708,0.06286352872848511,0.39197077532343383,0.39195826176703547,0.5201251079999694,0.4761229983200712,0.027655925867812976,0.027655925867812976,0.9628680050373077,0.0,0.0,0.0,0.025888948887586593,0.49307262478396297,0.4930163067765534,0.0,-0.0,0.03198635205626488,0.487205459177494,0.03087201714515686,0.6196099103883256,0.014855150133371353,0.0,0.1501588,0.00998425,0.05546695
0.4642857142857143,0.5,0.3333333333333333,0.42424242424242425,0.6153846153846154,0.5869565217391305,0.11006351560354233,0.10810872912406921,0.38264171388819385,0.38262888122471067,0.5310400846355504,0.46543418170794426,0.029188704543880055,0.029188704543880055,0.9607741553336382,0.0,0.0,0.0,0.02935725804418325,0.49252506252378225,0.4924770058132708,0.0,-0.0,0.0336911641061306,0.48652353435754775,0.03240775689482689,0.6188545722601025,0.015626151114702225,0.0011694594286382198,0.09847078,0.04353375,0.06765991
0.4642857142857143,0.5,0.3333333333333333,0.42424242424242425,0.6153846153846154,0.5869565217391305,0.14311616122722626,0.14196553826332092,0.36427556260366056,0.3642626729567694,0.6520108652388389,0.3499855634536565,0.03701679940734591,0.03701679940734591,0.9501356855034828,0.0,0.0,0.0,0.04614028986543417,0.48837090749293566,0.4886516388505697,0.0,-0.0,0.039095111191272736,0.48436195552349093,0.037306081503629684,0.6227925852980725,0.01975470595061779,0.0,0.03842834,0.08202063,0.07320677
0.4642857142857143,0.5,0.3333333333333333,0.42424242424242425,0.6153846153846154,0.5869565217391305,0.11072248220443726,0.1092679351568222,0.37136122145570716,0.37134860532917435,0.6423896840607914,0.3592988176915153,0.038259177069578855,0.038259177069578855,0.9518038127571344,0.0,0.0,0.0,0.04228654131293297,0.4891796363517642,0.4894134206697345,0.0,-0.0,0.03800123929977417,0.48479950428009033,0.035834841430187225,0.6257054642882458,0.021420089527964592,0.0,0.01988464,0.09316234,0.07379774
0.4642857142857143,0.5,0.3333333333333333,0.42424242424242425,0.6153846153846154,0.5869565217391305,0.1095009446144104,0.10807254165410995,0.3733313316140986,0.3733187496776107,0.6408902226624935,0.3607462418416212,0.038817672591124265,0.038817672591124265,0.9522278662770987,0.0,0.0,0.0,0.04269079398363829,0.48935251869261265,0.489573628641665,0.0,-0.0,0.0382801853120327,0.48468792587518694,0.035966772586107254,0.625986919500107,0.022196076810359955,0.0,0.00728407,0.10290064,0.07627775
0.4642857142857143,0.5,0.3333333333333333,0.42424242424242425,0.6153846153846154,0.5869565217391305,0.10882854461669922,0.10744649171829224,0.3760217006530178,0.3760092554767091,0.6491589026514932,0.3529343864379325,0.03994105782892023,0.03994105782892023,0.9519326370209455,0.0,0.0,0.0,0.04306782744824886,0.48925685975700617,0.4895002357661724,0.0,-0.0,0.03842529281973839,0.4846298828721046,0.0360155887901783,0.6263676424359167,0.0228273943066597,0.0,-0.01001064,0.11321582,0.07673487
0.4642857142857143,0.5,0.3333333333333333,0.42424242424242425,0.6153846153846154,0.5869565217391305,0.10596480220556259,0.10462041199207306,0.37734363594201054,0.3773312249557466,0.6438813159388292,0.3579344525569205,0.0404171206589256,0.0404171206589256,0.952716488391161,0.0,0.0,0.0,0.0429441075772047,0.4895213907584548,0.4897788967937231,0.0,-0.0,0.038486383855342865,0.48460544645786285,0.03595355525612831,0.6271990180708642,0.02348628267645836,0.0,-0.01774975,0.11406669,0.07728242
0.4642857142857143,0.5,0.3333333333333333,0.42424242424242425,0.6153846153846154,0.5869565217391305,0.1020769327878952,0.10081245750188828,0.3773359773719744,0.37732356638571046,0.6442455196927657,0.35758042603965423,0.04064626193472318,0.04064626193472318,0.9535327162593603,0.0,0.0,0.0,0.04304759167134761,0.4897595541551709,0.4900235803797841,0.0,-0.0,0.038841612637043,0.4844633549451828,0.03620040789246559,0.6271873223920201,0.023920293897390366,0.0,-0.01280333,0.09152394,0.03698177
0.4642857142857143,0.5,0.3333333333333333,0.42424242424242425,0.6153846153846154,0.5869565217391305,0.10169410705566406,0.10044614970684052,0.3761649113540212,0.37615252316112047,0.654033878793224,0.34835433362268303,0.04019313358834812,0.04019313358834812,0.9538811892271042,0.0,0.0,0.0,0.0426379032433033,0.48992593586444855,0.49018671456724405,0.0,-0.0,0.03837244212627411,0.4846510231494904,0.0,0.6976744186046512,0.023709436878561974,0.0,-0.00769747,0.08048452,0.00907908
0.4642857142857143,0.5,0.3333333333333333,0.42424242424242425,0.6153846153846154,0.5869565217391305,0.1827203333377838,0.18144041299819946,0.3585224037644512,0.3585091836137936,0.5911712076650295,0.40858567052265377,0.040621742872255194,0.040621742872255194,0.9528473168611526,0.0,0.0,0.0,0.04384728949517011,0.48950731195509434,0.48978505842387676,0.0,-0.0,0.03847603127360344,0.4846095874905586,0.0,0.6976744186046512,0.024023976176977158,0.0,0.00475054,0.0667553,-0.05117081
0.4642857142857143,0.5,0.3333333333333333,0.42424242424242425,0.6153846153846154,0.5869565217391305,0.799199104309082,0.7931978106498718,0.2700536684142016,0.2700376674732332,0.452859130917726,0.5465027845846713,0.06234469690493175,0.06234469690493175,0.9159142598509789,0.0,0.0,0.0,0.07196758352220058,0.47530607879161835,0.47575829178094864,0.10441865026950836,0.10441865026950836,0.049267467111349106,0.48029301315546036,0.048673827201128006,0.6050842099411543,0.026483891531825066,0.0,0.00440382,0.06265242,-0.06579278
0.4642857142857143,0.5,0.3333333333333333,0.42424242424242425,0.6153846153846154,0.5869565217391305,0.12320096790790558,0.12234951555728912,0.3708133715744456,0.37080076684459445,0.34926267974007424,0.6513340313114988,0.06319254902856691,0.06319254902856691,0.9364888481795788,0.0,0.0,0.0,0.0575428020209074,0.48238368704915047,0.4824022427201271,0.0,-0.0,0.05468374490737915,0.4781265020370483,0.053438179194927216,0.6133393007655477,0.031780362129211426,0.0,-0.00278316,0.0570673,-0.07579429
0.4642857142857143,0.5,0.3333333333333333,0.42424242424242425,0.6153846153846154,0.5869565217391305,0.06157663092017174,0.06053721159696579,0.39133715401644004,0.391325119120669,0.358380161781384,0.6414670920913985,0.057740113032715666,0.057740113032715666,0.9463279545307159,0.0,0.0,0.0,0.03675798363983631,0.48736491799354553,0.48750859685242176,0.0,-0.0,0.051537685096263885,0.47938492596149446,0.05027101933956146,0.6218316839184872,0.028776006773114204,0.0,-0.00420242,0.05615412,-0.07685718
0.4642857142857143,0.5,0.3333333333333333,0.42424242424242425,0.6153846153846154,0.5869565217391305,0.03658614680171013,0.03526470437645912,0.3945996934551582,0.39458779531956634,0.3730633842329678,0.6262745747324108,0.049981541399444857,0.049981541399444857,0.9521456155925989,0.0,0.0,0.0,0.02865683678537607,0.4907308267429471,0.49089531786739826,0.0,-0.0,0.04378287494182587,0.48248685002326963,0.042675890028476715,0.6264013727737028,0.023416003212332726,0.0,-0.00610265,0.05406071,-0.08135717
0.4642857142857143,0.5,0.3333333333333333,0.42424242424242425,0.6153846153846154,0.5869565217391305,0.034076303243637085,0.0328744500875473,0.3964695128154572,0.39645756909313895,0.3873276418755205,0.6114465574410809,0.048661918512412486,0.048661918512412486,0.9525448773056269,0.0,0.0,0.0,0.02874816246330738,0.4912366820499301,0.4914174070581794,0.0,-0.0,0.041493188589811325,0.48340272456407546,0.04053834080696106,0.6251517492671346,0.02193005569279194,0.0,-0.00623243,0.05013275,-0.08525845
0.4642857142857143,0.5,0.3333333333333333,0.42424242424242425,0.6153846153846154,0.5869565217391305,0.02769637480378151,0.027094148099422455,0.40115121263390974,0.40113934868836265,0.4046783317343455,0.5932805432821501,0.04582052784306663,0.04582052784306663,0.9542524851858616,0.0,0.0,0.0,0.026870874315500257,0.49223701236769557,0.49240290420129895,0.0,-0.0,0.0,0.5,0.037331610918045044,0.6278282559888307,0.02030857652425766,0.0,-0.00572737,0.04182914,-0.08325882
0.4642857142857143,0.5,0.3333333333333333,0.42424242424242425,0.6153846153846154,0.5869565217391305,0.025280803442001343,0.024677937850356102,0.39916656030979486,0.39915436586048136,0.41217823716924024,0.5856420855398565,0.04332430926816804,0.04332430926816804,0.955854170024395,0.0,0.0,0.0,0.024977684393525122,0.4930822062306106,0.49322639824822545,0.0,-0.0,0.0,0.5,0.0,0.6976744186046512,0.019328629598021507,0.0,-0.00392952,0.04060441,-0.08151434
0.4642857142857143,0.5,0.3333333333333333,0.42424242424242425,0.6153846153846154,0.5869565217391305,0.5860926508903503,0.579915463924408,0.2601017441393997,0.26008574319843125,0.3953410817833749,0.6068828018805215,0.05487327064786639,0.05487327064786639,0.9351477269083261,0.0,0.0,0.0,0.03877287376672029,0.49189427215605974,0.4921061769127846,0.0,-0.0,0.0,0.5,0.0,0.6976744186046512,0.026067208498716354,0.0,-0.02475759,0.05181704,-0.01000021
0.4642857142857143,0.5,0.3333333333333333,0.42424242424242425,0.6153846153846154,0.5869565217391305,0.07620391249656677,0.07125478237867355,0.37563878354789193,0.37562661189194163,0.27822050765641104,0.7269637096401788,0.06191059148737363,0.06191059148737363,0.9329912979155779,0.0,0.0,0.0,0.04729707092046737,0.4903539875522256,0.4904506355524063,0.0,-0.0,0.0,0.5,0.0,0.6976744186046512,0.03007749654352665,0.0,0.00589736,0.0683287,0.09202592
0.4642857142857143,0.5,0.3333333333333333,0.42424242424242425,0.6153846153846154,0.5869565217391305,0.034858670085668564,0.033749159425497055,0.3972473477314353,0.39723579149629146,0.28982337802135694,0.7142786559770891,0.06085698093686785,0.06085698093686785,0.9341985322535038,0.0,0.0,0.0,0.04117595180869102,0.4905139682814479,0.4905686704441905,0.0,-0.0,0.0,0.5,0.0,0.6976744186046512,0.028883881866931915,0.0,0.01045459,0.07359748,0.1251913
0.4642857142857143,0.5,0.3333333333333333,0.42424242424242425,0.6153846153846154,0.5869565217391305,0.0,0.0,0.4068554170273002,0.4068440944241292,0.3063917825600385,0.6967023859009865,0.057553691523415704,0.057553691523415704,0.9367439839988947,0.0,0.0,0.0,0.03695433586835861,0.49090196937322617,0.4908494520932436,0.0,-0.0,0.0,0.5,0.0,0.6976744186046512,0.026733314618468285,0.0,0.00730149,0.08552615,0.17349841
0.4642857142857143,0.5,0.3333333333333333,0.42424242424242425,0.6153846153846154,0.5869565217391305,0.0,0.0,0.4029122620650049,0.4029008539867219,0.29385958119058697,0.7099129861394438,0.05590729947601046,0.05590729947601046,0.9373549092561007,0.0,0.0,0.0,0.03556760102510452,0.49110931996256113,0.4909927984699607,0.0,-0.0,0.0,0.5,0.0,0.6976744186046512,0.025572314858436584,0.0,0.00920885,0.09654158,0.20652921
0.4642857142857143,0.5,0.3333333333333333,0.42424242424242425,0.6153846153846154,0.5869565217391305,0.0,0.0,0.3975903422609114,0.39757880881913077,0.2920870780944824,0.7119122718027349,0.05663789276565825,0.05663789276565825,0.9359217155724764,0.0,0.0,0.0,0.03726495765149593,0.4906185753643513,0.4904868761077523,0.0,-0.0,0.0,0.5,0.0,0.6976744186046512,0.02601724863052368,0.0,0.01483183,0.09686983,0.21779196
0.4642857142857143,0.5,0.3333333333333333,0.42424242424242425,0.6153846153846154,0.5869565217391305,0.0,0.0,0.3947810716428447,0.39476949261433764,0.27690275494956607,0.7279393909487574,0.05590427666902543,0.05590427666902543,0.9373614378273487,0.0,0.0,0.0,0.035792879201471804,0.4909241758286953,0.4908150704577565,0.0,-0.0,0.0,0.5,0.0,0.6976744186046512,0.025909975171089172,0.0,0.01461696,0.09785126,0.22851719
0.4642857142857143,0.5,0.3333333333333333,0.42424242424242425,0.6153846153846154,0.5869565217391305,0.15984965860843658,0.15892325341701508,0.33316361334310207,0.3331490483840155,0.496561007876925,0.5015261902129394,0.053877298321042745,0.053877298321042745,0.9401459097862244,0.0,0.0,0.0,0.035041905008256435,0.4908819356933236,0.49084689747542143,0.0,-0.0,0.0,0.5,0.0,0.6976744186046512,0.025133278220891953,0.0,0.02873359,0.10276143,0.26860827
0.4642857142857143,0.5,0.3333333333333333,0.42424242424242425,0.6153846153846154,0.5869565217391305,0.6345721483230591,0.6339489817619324,0.22175418988696477,0.221736684584025,0.5508112102803947,0.4504807040472053,0.05227443629077503,0.05227443629077503,0.9363853149116039,0.0,0.0,0.0,0.03930025175213814,0.4894564524292946,0.48984133265912533,0.0,-0.0,0.0430905818939209,0.48276376724243164,0.0,0.6976744186046512,0.025079185143113136,0.0,0.03937482,0.0987238,0.29792112
0.4642857142857143,0.5,0.3333333333333333,0.42424242424242425,0.6153846153846154,0.5869565217391305,0.21425582468509674,0.21354228258132935,0.33772575057487414,0.3377160178087866,0.7320037517219383,0.2758242107891394,0.04915505647659302,0.04915505647659302,0.9386198651045561,0.0,0.0,0.0,0.03741109333932399,0.4894085908308625,0.4900595135986805,0.0,-0.0,0.04557107388973236,0.48177157044410707,0.0,0.6976744186046512,0.024391692131757736,0.0,0.04496799,0.09645587,0.32190481
0.4642857142857143,0.5,0.3333333333333333,0.42424242424242425,0.6153846153846154,0.5869565217391305,0.12744538486003876,0.1267210841178894,0.3696771110221031,0.3696688142378973,0.7680298019321654,0.24280410373137462,0.045713662569011965,0.045713662569011965,0.9446994755417109,0.0,0.0,0.0,0.036155336908996104,0.4902572622522712,0.4909435035660863,0.0,-0.0,0.04407235234975815,0.48237105906009675,0.0,0.6976744186046512,0.023876553401350975,0.0,0.04734381,0.09296628,0.36560431
0.4642857142857143,0.5,0.3333333333333333,0.42424242424242425,0.6153846153846154,0.5869565217391305,0.07205359637737274,0.07181797176599503,0.3870314877074262,0.3870236809805292,0.7433949173294563,0.26567478202218486,0.03915196018559593,0.03915196018559593,0.9545611217617989,0.0,0.0,0.0,0.023046576511114834,0.4925880879163742,0.4932072455994785,0.0,-0.0,0.03810572624206543,0.4847577095031738,0.0,0.6976744186046512,0.02185951918363571,0.0,0.04960462,0.0882061,0.37279958
0.4642857142857143,0.5,0.3333333333333333,0.42424242424242425,0.6153846153846154,0.5869565217391305,0.06517689675092697,0.06511877477169037,0.3897972116050939,0.38978945046492336,0.7335090482212161,0.2749093763636307,0.0377737358212471,0.0377737358212471,0.9569859076291323,0.0,0.0,0.0,0.022122624237090348,0.4935321528464556,0.49414083594456315,0.0,-0.0,0.0,0.5,0.0,0.6976744186046512,0.0218516755849123,0.0,0.07418171,0.04410251,0.34240037
0.4642857142857143,0.5,0.3333333333333333,0.42424242424242425,0.6153846153846154,0.5869565217391305,0.05050693824887276,0.05051307752728462,0.3934851891679928,0.39347754199463825,0.7217210957470633,0.28611518634158334,0.037634101297174184,0.037634101297174184,0.9586965870112181,0.0,0.0,0.0,0.022102222871035335,0.4943183846771717,0.49495909875258803,0.0,-0.0,0.0,0.5,0.0,0.6976744186046512,0.022674819454550743,0.0,0.0775724,0.02309543,0.27010286
0.4642857142857143,0.5,0.3333333333333333,0.42424242424242425,0.6153846153846154,0.5869565217391305,0.04978002607822418,0.04978872835636139,0.3971819307790432,0.3971743975725046,0.714295177569125,0.29316437581250543,0.03903017246297428,0.03903017246297428,0.958213284611702,0.0,0.0,0.0,0.02349972231313586,0.49432802526280284,0.49502039747312665,0.0,-0.0,0.0,0.5,0.0,0.6976744186046512,0.02426573634147644,0.0,0.07793202,0.0086215,0.16916502
0.4642857142857143,0.5,0.3333333333333333,0.42424242424242425,0.6153846153846154,0.5869565217391305,0.04971442371606827,0.049723390489816666,0.397406046522735,0.3973985133161964,0.7142626286464713,0.29319703870197505,0.039064348010080206,0.039064348010080206,0.9582632947713137,0.0,0.0,0.0,0.023653677850961684,0.49435652466490865,0.49505155300721526,0.0,-0.0,0.0,0.5,0.0,0.6976744186046512,0.024473926052451134,0.0,0.07295789,-0.00753983,0.01306651
0.4642857142857143,0.5,0.3333333333333333,0.42424242424242425,0.6153846153846154,0.5869565217391305,0.0498841367661953,0.049889154732227325,0.38896144735653587,0.3889536064395941,0.7211692000438332,0.28659653658570067,0.03832355540777956,0.03832355540777956,0.9591599721461535,0.0,0.0,0.0,0.02377888150513172,0.49468764336779714,0.4953700150363147,0.0,-0.0,0.0,0.5,0.0,0.6976744186046512,0.024990111589431763,0.0,0.0456585,-0.01517547,-0.17871214
0.4642857142857143,0.5,0.3333333333333333,0.42424242424242425,0.6153846153846154,0.5869565217391305,0.0525030680000782,0.052507366985082626,0.39220407679249636,0.39219629285896257,0.6967073398611969,0.30979382097784414,0.037437972745725086,0.037437972745725086,0.9595275763422251,0.0,0.0,0.0,0.02310605626553297,0.49480886571109295,0.49549055052921176,0.0,-0.0,0.0,0.5,0.0,0.6976744186046512,0.024407926946878433,0.0,0.04672741,-0.01254327,-0.19323832
0.4642857142857143,0.5,0.3333333333333333,0.42424242424242425,0.6153846153846154,0.5869565217391305,0.056801117956638336,0.05681408941745758,0.435251366112018,0.4352458843081677,0.8637890970729734,0.15555555555555556,0.03819407363023077,0.03819407363023077,0.957372022792697,0.0,0.0,0.0,0.023929988779127595,0.4944225586950779,0.49521555844694376,0.0,-0.0,0.0,0.5,0.0,0.6976744186046512,0.025718720629811287,0.0,0.04615039,-0.01107312,-0.21358152
0.4642857142857143,0.5,0.3333333333333333,0.42424242424242425,0.6153846153846154,0.5869565217391305,0.017947465181350708,0.018111316487193108,0.49419535950082666,0.49419194975615005,0.9,0.15555555555555556,0.0410581220473562,0.0410581220473562,0.9537505991756916,0.0,0.0,0.0,0.027806785516440866,0.4934427719563246,0.4945189110003412,0.0,-0.0,0.0,0.5,0.0,0.6976744186046512,0.03020615689456463,0.0,0.05001452,-0.0111273,-0.27190554
0.4642857142857143,0.5,0.3333333333333333,0.42424242424242425,0.6153846153846154,0.5869565217391305,0.022497646510601044,0.022841257974505424,0.49349343147036223,0.4934899611808146,0.9,0.15555555555555556,0.042036633406366625,0.042036633406366625,0.9522844962775707,0.0,0.0,0.0,0.031314147636294365,0.49296763772144914,0.49417818197980523,0.0,-0.0,0.0,0.5,0.0,0.6976744186046512,0.035228461027145386,0.0,0.05175168,-0.01096638,-0.27509284
0.4642857142857143,0.5,0.3333333333333333,0.42424242424242425,0.6153846153846154,0.5869565217391305,0.03246786817908287,0.0331028513610363,0.4762096137777113,0.4762054995756532,0.886717032292149,0.15555555555555556,0.04769591348511833,0.04769591348511833,0.9401092417538166,0.0,0.0,0.0,0.05022186040878296,0.48951095435768366,0.4918869882822037,0.0,-0.0,0.0,0.5,0.0,0.6976744186046512,0.04682160168886185,0.0,0.05168237,-0.01131955,-0.27608261
0.4642857142857143,0.5,0.3333333333333333,0.42424242424242425,0.6153846153846154,0.5869565217391305,0.05202251300215721,0.0526384674012661,0.47551295600019494,0.47550883325062565,0.8928430677599934,0.15555555555555556,0.05003067797848157,0.05003067797848157,0.9372431300580502,0.0,0.0,0.0,0.051018865779042244,0.48818495962768793,0.4907109057530761,0.0,-0.0,0.0,0.5,0.0,0.6976744186046512,0.05018958821892738,0.0,0.04802052,-0.01266418,-0.27389002
0.4642857142857143,0.5,0.3333333333333333,0.42424242424242425,0.6153846153846154,0.5869565217391305,0.05736014246940613,0.0579245388507843,0.4633250996669893,0.4633205438435192,0.8786274853445604,0.15555555555555556,0.050528219767979214,0.050528219767979214,0.9365572351962328,0.0,0.0,0.0,0.05137325786054134,0.48793272767215967,0.4904932314530015,0.0,-0.0,0.0,0.5,0.0,0.6976744186046512,0.05059225112199783,0.0,0.05619005,-0.01072659,-0.26930067
0.4642857142857143,0.5,0.3333333333333333,0.42424242424242425,0.6153846153846154,0.5869565217391305,0.45234671235084534,0.4473983347415924,0.2571469948806908,0.25713416221720764,0.3217734620402466,0.6804668100517927,0.07179823571017811,0.07179823571017811,0.9051983878016472,0.0,0.0,0.0,0.053577066957950586,0.4860150860622525,0.4888130882754922,0.0,-0.0,0.0,0.5,0.0,0.6976744186046512,0.05295821651816368,0.0,0.06626431,-0.01777781,-0.26368085
0.4642857142857143,0.5,0.3333333333333333,0.42424242424242425,0.6153846153846154,0.5869565217391305,0.22825448215007782,0.2279544174671173,0.2946793217048135,0.2946674919493112,0.33576121339378573,0.6649456579821466,0.053623677896601815,0.053623677896601815,0.9316906668245792,0.0,0.0,0.0,0.03752823267132044,0.48718714714050293,0.48941809963434935,0.0,-0.0,0.0,0.5,0.0,0.6976744186046512,0.040211524814367294,0.0,0.08609611,-0.01361043,-0.27109832
0.4642857142857143,0.5,0.3333333333333333,0.42424242424242425,0.6153846153846154,0.5869565217391305,0.12476369738578796,0.12408983707427979,0.3280309468336816,0.3280201313828419,0.43377684065306393,0.5641345985254361,0.03248437973005431,0.03248437973005431,0.9476913884282112,0.0,0.0,0.0,0.024947723187506196,0.49129457026720047,0.49198962841182947,0.0,-0.0,0.04053131863474846,0.4837874725461006,0.039112724363803864,0.627528139671614,0.02281297743320465,0.0,0.11602197,-0.00628607,-0.29969531
0.4642857142857143,0.5,0.3333333333333333,0.42424242424242425,0.6153846153846154,0.5869565217391305,0.1192907989025116,0.11859983205795288,0.3295588201592119,0.3295480616917802,0.4397451061591591,0.5580345074251842,0.03163191755967481,0.03163191755967481,0.9481857046484947,0.0,0.0,0.0,0.02523312326520681,0.4915486006066203,0.492155771702528,0.0,-0.0,0.039434898644685745,0.4842260405421257,0.03805801272392273,0.6247076617423878,0.02195761352777481,0.0,0.15307078,0.00498284,-0.33454591
0.4642857142857143,0.5,0.3333333333333333,0.42424242424242425,0.6153846153846154,0.5869565217391305,0.0663665309548378,0.06562192738056183,0.3580218843018803,0.3580121287424295,0.44886014361226534,0.5484580776323957,0.029291283073169846,0.029291283073169846,0.9531124923378229,0.0,0.0,0.0,0.02379707023501396,0.49262105487287045,0.4930380159057677,0.0,-0.0,0.03526965156197548,0.4858921393752098,0.034002598375082016,0.6268587465896163,0.019744768738746643,0.0,0.16276235,0.00713407,-0.33905816
0.4642857142857143,0.5,0.3333333333333333,0.42424242424242425,0.6153846153846154,0.5869565217391305,0.02767680026590824,0.027026185765862465,0.3698692932639478,0.3698560617166085,0.45810319144228906,0.5389185230494407,0.025925621656434878,0.025925621656434878,0.9589218907058239,0.0,0.0,0.0,0.0212806255556643,0.4940106919966638,0.49424978718161583,0.0,-0.0,0.030619267374277115,0.48775229305028917,0.0,0.6976744186046512,0.017131244763731956,0.0,0.16373686,0.00878457,-0.34161133
0.4642857142857143,0.5,0.3333333333333333,0.42424242424242425,0.6153846153846154,0.5869565217391305,0.026967152953147888,0.02632572129368782,0.370893649799646,0.37088046383903317,0.45912192941395774,0.537849022833334,0.02566777834934848,0.02566777834934848,0.9593688100576401,0.0,0.0,0.0,0.02113280268386006,0.4941090610809624,0.4943335182033479,0.0,-0.0,0.030272914096713066,0.48789083436131475,0.0,0.6976744186046512,0.0169267188757658,0.0,0.15226502,0.01694369,-0.30367795
0.4642857142857143,0.5,0.3333333333333333,0.42424242424242425,0.6153846153846154,0.5869565217391305,0.24945348501205444,0.24826611578464508,0.31013496564861465,0.3101198194587664,0.481273122374004,0.5169458719279474,0.025456910952925682,0.025456910952925682,0.9589516967535019,0.0,0.0,0.0,0.04137888718396425,0.4932124577462673,0.49339013919234276,0.0,-0.0,0.02934444695711136,0.48826222121715546,0.028234977275133133,0.6193184228830559,0.016202552244067192,0.0,0.1439578,0.01650272,-0.27939972
0.4642857142857143,0.5,0.3333333333333333,0.42424242424242425,0.6153846153846154,0.5869565217391305,0.62595134973526,0.621136486530304,0.23701291056937512,0.23699586113369941,0.48894609282964957,0.511076327327054,0.03695566340216569,0.03695566340216569,0.937629621475935,0.0,0.0,0.0,0.06217761896550655,0.484460505656898,0.48519065883010626,0.0,-0.0,0.04067102447152138,0.48373159021139145,0.040142178535461426,0.6128363605848579,0.01958174630999565,0.0,0.10603488,0.0235363,-0.11248746
0.4642857142857143,0.5,0.3333333333333333,0.42424242424242425,0.6153846153846154,0.5869565217391305,0.23503242433071136,0.23420535027980804,0.3131445443425078,0.3131293867559779,0.5095004169537506,0.4883112991238593,0.03954404831996986,0.03954404831996986,0.9372218102216721,0.0,0.0,0.0,0.05443627648055553,0.48405163921415806,0.4847282813861966,0.0,-0.0,0.045004960149526596,0.4819980159401894,0.04434569925069809,0.6111925095319748,0.02082030288875103,0.0,0.10156385,0.02672,-0.08163318
0.4642857142857143,0.5,0.3333333333333333,0.42424242424242425,0.6153846153846154,0.5869565217391305,0.07771327346563339,0.076483353972435,0.38680455698337884,0.38679179269998526,0.5239899378433738,0.4724565205970134,0.03522290449057307,0.03522290449057307,0.9523086454719305,0.0,0.0,0.0,0.03568665310740471,0.48825246188789606,0.4881991781294346,0.0,-0.0,0.04231153056025505,0.483075387775898,0.041328344494104385,0.6119598500257315,0.018494615331292152,0.0,0.09368428,0.03009061,-0.04523956
0.4642857142857143,0.5,0.3333333333333333,0.42424242424242425,0.6153846153846154,0.5869565217391305,0.07185434550046921,0.07062804698944092,0.3941772526582386,0.39416472770515865,0.5217650278006639,0.47456531697381243,0.03488489293626377,0.03488489293626377,0.9534370414912701,0.0,0.0,0.0,0.03592448607087135,0.48883763886988163,0.4887750567868352,0.0,-0.0,0.04210975393652916,0.4831560984253883,0.040987588465213776,0.6112374573252922,0.01828012987971306,0.0,0.09188581,0.03352819,-0.01588657
0.4642857142857143,0.5,0.3333333333333333,0.42424242424242425,0.6153846153846154,0.5869565217391305,0.058680158108472824,0.05734660476446152,0.4063470395527652,0.40633498756197167,0.5067806181214736,0.4892494283665612,0.03386539673166616,0.03386539673166616,0.9565408919006586,0.0,0.0,0.0,0.0366071593016386,0.49005776923149824,0.4899983573704958,0.0,-0.0,0.0399000383913517,0.4840399846434593,0.038526877760887146,0.6142859230207842,0.01800503395497799,0.0031097704777494073,0.08781507,0.04171747,0.00020878
0.4642857142857143,0.5,0.3333333333333333,0.42424242424242425,0.6153846153846154,0.5869565217391305,0.05743369087576866,0.05610131472349167,0.40865817261471576,0.40864621179737504,0.49857100419500705,0.4973787041462124,0.03406267080988203,0.03406267080988203,0.957065274938941,0.0,0.0,0.0,0.03861445058137178,0.49003092013299465,0.4899825770407915,0.0,-0.0,0.0391584150493145,0.4843366339802742,0.037730924785137177,0.6156978513612303,0.0182077344506979,0.005364385433495045,0.08603913,0.04614529,0.00326718
0.4642857142857143,0.5,0.3333333333333333,0.42424242424242425,0.6153846153846154,0.5869565217391305,0.05376856029033661,0.05250946432352066,0.41145357916961434,0.4114416867323633,0.4732077264193139,0.522599249970566,0.03495118713804654,0.03495118713804654,0.9582165218889713,0.0,0.0,0.0,0.04026548787951469,0.49035198614001274,0.49032959062606096,0.0,-0.0,0.037316229194402695,0.48507350832223894,0.03580108657479286,0.6202787732662157,0.01934920623898506,0.0065335637191310525,0.08341516,0.05067868,0.00593081
0.4642857142857143,0.5,0.3333333333333333,0.42424242424242425,0.6153846153846154,0.5869565217391305,0.05333055555820465,0.05206192284822464,0.4097546131615429,0.4097426523442022,0.45795924850449277,0.5378444470656711,0.03523092583886215,0.03523092583886215,0.9586416110396385,0.0,0.0,0.0,0.04096498731523752,0.49059015698730946,0.4905946897342801,0.0,-0.0,0.03699423000216484,0.48520230799913405,0.03528907895088196,0.6225361068581426,0.01996432989835739,0.004018410691060126,0.06871309,0.06698458,0.02396687
0.4642857142857143,0.5,0.3333333333333333,0.42424242424242425,0.6153846153846154,0.5869565217391305,0.2506171464920044,0.24917984008789062,0.35465860959448736,0.3546447626263416,0.4528426826570048,0.5439504443180898,0.035840471142104695,0.035840471142104695,0.9544234219938517,0.0,0.0,0.0,0.06604927070438861,0.4894616613164544,0.48945824429392815,0.0,-0.0,0.03742275387048721,0.48503089845180514,0.035517074167728424,0.6212461722451588,0.020703040063381195,0.0014754931908100843,0.06643671,0.07010542,0.03178702
0.4642857142857143,0.5,0.3333333333333333,0.42424242424242425,0.6153846153846154,0.5869565217391305,0.3950047791004181,0.3908979296684265,0.3088646345339131,0.3088493515838856,0.45386184800423357,0.5439905613496194,0.05632369379912104,0.05632369379912104,0.9273727349936962,0.0,0.0,0.0,0.09366852715611457,0.477989137172699,0.4792606197297573,0.13703592121601105,0.13703592121601105,0.05162452906370163,0.47935018837451937,0.04767417535185814,0.6161159900731819,0.02990599349141121,0.0,0.04299193,0.06929138,0.06459802
0.4642857142857143,0.5,0.3333333333333333,0.42424242424242425,0.6153846153846154,0.5869565217391305,0.1131693422794342,0.1121746227145195,0.3913106453350352,0.3912981317786368,0.44866086123778304,0.5477762939489544,0.043764980509877205,0.043764980509877205,0.950852520763874,0.0,0.0,0.0,0.04961663857102394,0.48619947489351034,0.48615230340510607,0.0,-0.0,0.04739762842655182,0.4810409486293793,0.04398830235004425,0.6179532980503039,0.026777639985084534,0.0,-0.00634823,0.07119093,0.08037054
0.4642857142857143,0.5,0.3333333333333333,0.42424242424242425,0.6153846153846154,0.5869565217391305,0.0762123167514801,0.07535140961408615,0.39194438060884496,0.3919318328624018,0.4440601747304942,0.5522998174427294,0.03767849212246282,0.03767849212246282,0.9572395086288452,0.0,0.0,0.0,0.037836700491607186,0.4891811888664961,0.4891617354005575,0.0,-0.0,0.041107941418886185,0.48355682343244555,0.038235995918512344,0.6211568536453469,0.023128142580389977,0.0,-0.02537942,0.05919428,0.07228163
0.4642857142857143,0.5,0.3333333333333333,0.42424242424242425,0.6153846153846154,0.5869565217391305,0.0588851161301136,0.05794104188680649,0.38802875433095785,0.38801611541106185,0.4377145821915986,0.5588332753741668,0.03191689561520304,0.03191689561520304,0.9611100256443024,0.0,0.0,0.0,0.027915704064071175,0.49131275434046984,0.49133191537112,0.0,-0.0,0.035475753247737885,0.48580969870090485,0.03302130848169327,0.6237276834110881,0.019333092495799065,0.0,-0.02558117,0.0521877,0.06722774
0.4642857142857143,0.5,0.3333333333333333,0.42424242424242425,0.6153846153846154,0.5869565217391305,0.011726721189916134,0.011735926382243633,0.4080348823995937,0.4080230754374546,0.4061633421403728,0.5910683903999078,0.028121982301984517,0.028121982301984517,0.9658292271196842,0.0,0.0,0.0,0.020108365174382924,0.49316304828971624,0.49318673042580485,0.0,-0.0,0.030888373032212257,0.4876446507871151,0.0,0.6976744186046512,0.016591433435678482,0.0,-0.03047995,0.02505317,0.03146776
0.4642857142857143,0.5,0.3333333333333333,0.42424242424242425,0.6153846153846154,0.5869565217391305,0.0,0.0,0.4034342870657576,0.4034222749633497,0.41537224266314826,0.5817183932605661,0.025251000853521485,0.025251000853521485,0.9687275560572743,0.0,0.0,0.0,0.01705360384657979,0.49445852916687727,0.4944871529005468,0.0,-0.0,0.02822684496641159,0.48870926201343534,0.0,0.6976744186046512,0.014399891719222069,0.0,-0.03657137,-0.01971583,0.0021379
0.4642857142857143,0.5,0.3333333333333333,0.42424242424242425,0.6153846153846154,0.5869565217391305,0.0,0.0,0.4191257967319817,0.4191146222856715,0.34017742751433333,0.6594565716523235,0.025839906718049734,0.025839906718049734,0.9685749458149076,0.0,0.0,0.0,0.017428755853325126,0.4946199511177838,0.494668060913682,0.0,-0.0,0.028656667098402977,0.4885373331606388,0.02668503113090992,0.6222948743853458,0.014073917642235756,0.0,-0.03547371,-0.02774182,-0.00099165
0.4642857142857143,0.5,0.3333333333333333,0.42424242424242425,0.6153846153846154,0.5869565217391305,0.0,0.0,0.4362774606416604,0.43626694720288306,0.3411086845580296,0.6584917057945847,0.028614489627735957,0.028614489627735957,0.9677996132522821,0.0,0.0,0.0,0.01851998185738921,0.4949971023015678,0.49509534565731883,0.0,-0.0,0.0319238044321537,0.4872304782271385,0.029483409598469734,0.6191763697668564,0.014183511026203632,0.0,-0.03136221,-0.04232652,-0.0043573
0.4642857142857143,0.5,0.3333333333333333,0.42424242424242425,0.6153846153846154,0.5869565217391305,0.0,0.0,0.4276061529867052,0.42759533183752463,0.3403189856965045,0.6593156744776852,0.028592736593314582,0.028592736593314582,0.9688666686415672,0.0,0.0,0.0,0.018256564065814017,0.4953148541972041,0.49541217973455787,0.0,-0.0,0.02985466830432415,0.48805813267827036,0.027480991557240486,0.6274385143851126,0.013963735662400723,0.0,-0.0247988,-0.05781332,-0.0009987
0.4642857142857143,0.5,0.3333333333333333,0.42424242424242425,0.6153846153846154,0.5869565217391305,0.0,0.0,0.4370097715129816,0.43699929796258985,0.3645187677890347,0.6346149569437056,0.03214460664561817,0.03214460664561817,0.9642431754618883,0.0,0.0,0.0,0.024766981974244116,0.4948914526030421,0.49504094244912267,0.0,-0.0,0.030696488916873932,0.4877214044332504,0.028321517631411552,0.6240471469801526,0.014965120702981949,0.0,-0.01914524,-0.07359449,-0.00196753
0.4642857142857143,0.5,0.3333333333333333,0.42424242424242425,0.6153846153846154,0.5869565217391305,0.0,0.0,0.4376907973170964,0.43768030097334154,0.3955078950119748,0.6028481515091596,0.03734933079353401,0.03734933079353401,0.9580100141465664,0.0,0.0,0.0,0.029881154745817182,0.49360896507278085,0.49384076427668333,0.0,-0.0,0.03294198587536812,0.48682320564985276,0.03084392100572586,0.6221916197344315,0.016653859987854958,0.0,-0.01241408,-0.09525863,-0.00132723
0.4642857142857143,0.5,0.3333333333333333,0.42424242424242425,0.6153846153846154,0.5869565217391305,0.0,0.0,0.4396901228687731,0.4396797404918342,0.3957945215542503,0.6027516273143364,0.03834528449390616,0.03834528449390616,0.9573504887521267,0.0,0.0,0.0,0.02724010031670332,0.4937739842571318,0.49401257606223226,0.0,-0.0,0.032525159418582916,0.4869899362325668,0.0,0.6976744186046512,0.016802430152893066,0.0,-0.00117829,-0.1138972,-0.00449792
0.4642857142857143,0.5,0.3333333333333333,0.42424242424242425,0.6153846153846154,0.5869565217391305,0.0,0.0,0.4437194367439751,0.4437092595073051,0.39984132363736974,0.5988683334221525,0.038745968735643795,0.038745968735643795,0.9581762067973614,0.0,0.0,0.0,0.025592520833015442,0.49402387347072363,0.4942443775944412,0.0,-0.0,0.0,0.5,0.0,0.6976744186046512,0.01753375306725502,0.0,0.01182226,-0.11820788,-0.00417759
0.4642857142857143,0.5,0.3333333333333333,0.42424242424242425,0.6153846153846154,0.5869565217391305,0.0,0.0,0.44707077912573145,0.44706065317412863,0.42198956628146633,0.5760422645923006,0.03941464104822704,0.03941464104822704,0.9573508985340595,0.0,0.0,0.0,0.025029200874269006,0.49412819277495146,0.49435604689642787,0.0,-0.0,0.032280806452035904,0.4870876774191856,0.0,0.6976744186046512,0.017917761579155922,0.0,0.03649974,-0.12186635,0.02430018
0.4642857142857143,0.5,0.3333333333333333,0.42424242424242425,0.6153846153846154,0.5869565217391305,0.0,0.0,0.44869088009712116,0.4486808282239487,0.4225688425122438,0.5755171382695671,0.04027054379028934,0.04027054379028934,0.9565083626657724,0.0,0.0,0.0,0.02514301538467407,0.4941025273874402,0.494337547570467,0.0,-0.0,0.03293575718998909,0.48682569712400436,0.0,0.6976744186046512,0.018439922481775284,0.0,0.04322,-0.11993635,0.03328615
0.4642857142857143,0.5,0.3333333333333333,0.42424242424242425,0.6153846153846154,0.5869565217391305,0.0,0.0,0.4502969346584371,0.4502869796570583,0.41960687345574055,0.5786478081300604,0.04111325767423426,0.04111325767423426,0.9560815040022135,0.0,0.0,0.0,0.025180571526288983,0.49407065147534013,0.49429920222610235,0.0,-0.0,0.0,0.5,0.0,0.6976744186046512,0.019018596038222313,0.0,0.04952992,-0.11793929,0.04217797
0.4642857142857143,0.5,0.3333333333333333,0.42424242424242425,0.6153846153846154,0.5869565217391305,0.0,0.0,0.4280358705648273,0.42802504371730593,0.43346821851529765,0.5645366421114596,0.042721208717141836,0.042721208717141836,0.9552751556038857,0.0,0.0,0.0,0.02577438596636057,0.4939174307510257,0.4941275306046009,0.0,-0.0,0.0,0.5,0.0,0.6976744186046512,0.019813410937786102,0.0,0.05745586,-0.11127084,0.07841871
0.4642857142857143,0.5,0.3333333333333333,0.42424242424242425,0.6153846153846154,0.5869565217391305,0.09870903939008713,0.09724891185760498,0.3781112366379105,0.3780985293379249,0.41618811970231184,0.5821842753585798,0.043384939698236334,0.043384939698236334,0.9544939063489437,0.0,0.0,0.0,0.026564714312553403,0.49375756084918976,0.4939589621499181,0.0,-0.0,0.0,0.5,0.0,0.6976744186046512,0.019988609477877617,0.0,0.05518425,-0.11397518,0.08118467
0.4642857142857143,0.5,0.3333333333333333,0.42424242424242425,0.6153846153846154,0.5869565217391305,0.013056430965662003,0.013083946891129017,0.40090220653760045,0.4008910263929495,0.28698209412467185,0.7172876876302654,0.054529926606587,0.054529926606587,0.941804327070713,0.0,0.0,0.0,0.03225738648325205,0.492278762627393,0.4923318703658879,0.0,-0.0,0.0,0.5,0.0,0.6976744186046512,0.024043168872594833,0.0,0.05488995,-0.11166032,0.10312589
0.4642857142857143,0.5,0.3333333333333333,0.42424242424242425,0.6153846153846154,0.5869565217391305,0.0,0.0,0.40701191056071,0.40700085577955664,0.29665705624319627,0.7070091230640854,0.05282999681574958,0.05282999681574958,0.9437353760004044,0.0,0.0,0.0,0.030743698216974733,0.49251537024974823,0.4925613314844668,0.0,-0.0,0.0,0.5,0.0,0.6976744186046512,0.023067258298397064,0.0,0.06164121,-0.11041324,0.12162952
0.4642857142857143,0.5,0.3333333333333333,0.42424242424242425,0.6153846153846154,0.5869565217391305,0.0,0.0,0.4073745985559934,0.4073635494731808,0.29513760506536946,0.7085228645044298,0.05091522421155657,0.05091522421155657,0.9454573728144169,0.0,0.0,0.0,0.029780642129480835,0.4926382750272751,0.49267764622345567,0.0,-0.0,0.0,0.5,0.0,0.6976744186046512,0.022291915491223335,0.0,0.07851565,-0.11086424,0.15633453
0.4642857142857143,0.5,0.3333333333333333,0.42424242424242425,0.6153846153846154,0.5869565217391305,0.0,0.0,0.4131635087853864,0.41315258506607144,0.31139213359606654,0.6913687047214804,0.04922443202563695,0.04922443202563695,0.9462052956223488,0.0,0.0,0.0,0.028060030005872247,0.49300835095345974,0.4930393625982106,0.0,-0.0,0.0,0.5,0.0,0.6976744186046512,0.02172873169183731,0.0,0.08416418,-0.11410534,0.1783752
0.4642857142857143,0.5,0.3333333333333333,0.42424242424242425,0.6153846153846154,0.5869565217391305,0.0,0.0,0.4164011464748054,0.41639030823060247,0.31804485530743865,0.6844286156835286,0.04915773336376463,0.04915773336376463,0.9461529590189457,0.0,0.0,0.0,0.027493957616388797,0.4932428617030382,0.4932649815455079,0.0,-0.0,0.0,0.5,0.0,0.6976744186046512,0.021951884031295776,0.0,0.0911636,-0.10699832,0.19033019
0.4642857142857143,0.5,0.3333333333333333,0.42424242424242425,0.6153846153846154,0.5869565217391305,0.0,0.0,0.41665469984707365,0.4166438274128259,0.3342168376732967,0.6674456454549141,0.05225862243345806,0.05225862243345806,0.943958105519414,0.0,0.0,0.0,0.030053413100540636,0.492395072709769,0.4923708331771195,0.0,-0.0,0.0,0.5,0.0,0.6976744186046512,0.02396751567721367,0.0,0.09100427,-0.10533131,0.19266069
0.4642857142857143,0.5,0.3333333333333333,0.42424242424242425,0.6153846153846154,0.5869565217391305,0.0,0.0,0.4165440551637464,0.4165331770311578,0.3351615655946458,0.6664528691239334,0.052680881427867074,0.052680881427867074,0.9437115099281073,0.0,0.0,0.0,0.03048744313418865,0.49224145896732807,0.4922084021382034,0.0,-0.0,0.0,0.5,0.0,0.6976744186046512,0.02420325018465519,0.0,0.09089813,-0.1031193,0.19628036
0.4642857142857143,0.5,0.3333333333333333,0.42424242424242425,0.6153846153846154,0.5869565217391305,0.360701322555542,0.3594663441181183,0.267629138370317,0.2676129778758062,0.521618909521267,0.4782212983531154,0.058755251978124895,0.058755251978124895,0.9232083559036255,0.0,0.0,0.0,0.05055023021996021,0.4870916707441211,0.4871841287240386,0.0,-0.0,0.0,0.5,0.0,0.6976744186046512,0.02665717527270317,0.0,0.09113001,-0.10183533,0.20061287
0.4642857142857143,0.5,0.3333333333333333,0.42424242424242425,0.6153846153846154,0.5869565217391305,0.23126880824565887,0.23086056113243103,0.2972580488507652,0.29724243539697126,0.626423981631919,0.37386786818681617,0.06098909037453788,0.06098909037453788,0.9254340380430222,0.0,0.0,0.0,0.04153684750199318,0.48412126302719116,0.48457170743495226,0.0,-0.0,0.0,0.5,0.0,0.6976744186046512,0.031016403809189796,0.0,0.0920848,-0.09414753,0.21644147
0.4642857142857143,0.5,0.3333333333333333,0.42424242424242425,0.6153846153846154,0.5869565217391305,0.10772563517093658,0.10646379739046097,0.33306710624330127,0.3330525298875331,0.586581148563334,0.4118045492741569,0.04062507700707232,0.04062507700707232,0.948102967813611,0.0,0.0,0.0,0.027193411998450753,0.4899004679173231,0.49008741322904825,0.0,-0.0,0.0,0.5,0.0,0.6976744186046512,0.02155141346156597,0.006956301513127983,0.10178275,-0.09154861,0.24829705
0.4642857142857143,0.5,0.3333333333333333,0.42424242424242425,0.6153846153846154,0.5869565217391305,0.0919884666800499,0.090682253241539,0.34128964106849685,0.3412753610264503,0.5641878088847173,0.4337475262859305,0.035309561395219395,0.035309561395219395,0.9520283862948418,0.0,0.0,0.0,0.025391240045428275,0.4914420861750841,0.4916100697591901,0.0,-0.0,0.038839880377054214,0.4844640478491783,0.0,0.6976744186046512,0.018364934250712395,0.0047436164459213614,0.09780464,-0.08794956,0.26127714
0.4642857142857143,0.5,0.3333333333333333,0.42424242424242425,0.6153846153846154,0.5869565217391305,0.07693824172019958,0.07576882094144821,0.3466463777348826,0.34663232562646806,0.5487630784397599,0.44887226757943466,0.030960664153099064,0.030960664153099064,0.9559479895979166,0.0,0.0,0.0,0.022837731428444384,0.49282220657914877,0.49300319515168667,0.0,-0.0,0.03503476455807686,0.48598609417676925,0.0,0.6976744186046512,0.01597587764263153,7.08550214767456e-05,0.09981421,-0.08741315,0.27396628
0.4642857142857143,0.5,0.3333333333333333,0.42424242424242425,0.6153846153846154,0.5869565217391305,0.0740431398153305,0.07291139662265778,0.3474049636556359,0.34739093434058455,0.5377798114634381,0.4597227632151001,0.02796357630618981,0.02796357630618981,0.9587651379406452,0.0,0.0,0.0,0.020427471119910477,0.49379525939002633,0.4939755820669234,0.0,-0.0,0.0330449603497982,0.48678201586008074,0.0,0.6976744186046512,0.014594673179090023,0.0,0.10408965,-0.08939178,0.28561544
0.4642857142857143,0.5,0.3333333333333333,0.42424242424242425,0.6153846153846154,0.5869565217391305,0.07330261170864105,0.0721612498164177,0.3441842956251214,0.3441701181532092,0.5222647893839083,0.4750560979719549,0.026038984901138717,0.026038984901138717,0.9594440832734108,0.0,0.0,0.0,0.019232917483896016,0.4942331099882722,0.4944269140250981,0.0,-0.0,0.03189476206898689,0.48724209517240524,0.0,0.6976744186046512,0.013815650716423988,0.0,0.10077966,-0.09010448,0.29898301
0.4642857142857143,0.5,0.3333333333333333,0.42424242424242425,0.6153846153846154,0.5869565217391305,0.07222972810268402,0.0710950568318367,0.3468396426614794,0.34682559055306483,0.5034967088363139,0.49370495534029285,0.02390735649636814,0.02390735649636814,0.9605008903890848,0.0,0.0,0.0,0.01805591629818082,0.49468362610787153,0.4949061772786081,0.0,-0.0,0.030556784942746162,0.48777728602290155,0.02889331802725792,0.6269219864246457,0.012947574257850647,0.0,0.09986157,-0.09277157,0.30184719
0.4642857142857143,0.5,0.3333333333333333,0.42424242424242425,0.6153846153846154,0.5869565217391305,0.07132255285978317,0.07020159810781479,0.3454468086162443,0.3454326881277402,0.4849644234941749,0.5121080176273627,0.02149224081741912,0.02149224081741912,0.9627618454396725,0.0,0.0,0.0,0.017319345101714134,0.4949226710014045,0.4951253472827375,0.0,-0.0,0.028701234608888626,0.48851950615644457,0.027028558775782585,0.6232503801584244,0.01202043890953064,0.0,0.09100229,-0.10686155,0.26484194
0.4642857142857143,0.5,0.3333333333333333,0.42424242424242425,0.6153846153846154,0.5869565217391305,0.07060207426548004,0.06946408003568649,0.3448790715255883,0.34486488265699455,0.4822218106422096,0.5148319812344725,0.02097055848155703,0.02097055848155703,0.9632402379065752,0.0,0.0,0.0,0.01706133959814906,0.49500439083203673,0.49519707588478923,0.0,-0.0,0.028245970606803894,0.48870161175727844,0.026581738144159317,0.6230168252490288,0.011784877628087997,0.0,0.06696334,-0.11642226,0.19352312
0.4642857142857143,0.5,0.3333333333333333,0.42424242424242425,0.6153846153846154,0.5869565217391305,0.07019633054733276,0.06898648291826248,0.34306666864719715,0.34305212648147376,0.47007603228206163,0.5269457050030313,0.020309980027377605,0.020309980027377605,0.9636540375649929,0.0,0.0,0.0,0.017256918642669913,0.49493973329663277,0.4951039901934564,0.0,-0.0,0.027551917359232903,0.48897923305630686,0.025877254083752632,0.6213720281456793,0.011441584676504135,0.0,0.05734742,-0.11496013,0.14213778
0.4642857142857143,0.5,0.3333333333333333,0.42424242424242425,0.6153846153846154,0.5869565217391305,0.07033780217170715,0.06914283335208893,0.3461809942416889,0.34616658883614476,0.4583592777270432,0.5386327156436552,0.020040241735322137,0.020040241735322137,0.9639741312712431,0.0,0.0,0.0,0.017157087940722703,0.49504756089299917,0.49519874108955264,0.0,-0.0,0.027140595018863678,0.4891437619924545,0.025491343811154366,0.6233683505723643,0.01149808056652546,0.0,0.05647225,-0.11833899,0.12559433
0.4642857142857143,0.5,0.3333333333333333,0.42424242424242425,0.6153846153846154,0.5869565217391305,0.07278303056955338,0.07162372767925262,0.3458355038389421,0.3458210642433531,0.4464120338341474,0.5506315747513776,0.019737498701683114,0.019737498701683114,0.9642407540231943,0.0,0.0,0.0,0.01630505220964551,0.49530483689159155,0.495438810903579,0.0,-0.0,0.0262321624904871,0.48950713500380516,0.024610836058855057,0.6258293761070385,0.011521103791892529,0.0,0.05649415,-0.11916262,0.1028877
0.4642857142857143,0.5,0.3333333333333333,0.42424242424242425,0.6153846153846154,0.5869565217391305,0.6104554533958435,0.6066321730613708,0.23875518966587278,0.23873791229656505,0.45141674979922874,0.549197199445559,0.035992226164255826,0.035992226164255826,0.9294694475829601,0.0,0.0,0.0,0.03534044008702039,0.49307334888726473,0.4937473936006427,0.0,-0.0,0.03782762214541435,0.48486895114183426,0.03555076941847801,0.6205503833155299,0.018761834129691124,0.0,0.0550046,-0.11350813,0.08393555
0.4642857142857143,0.5,0.3333333333333333,0.42424242424242425,0.6153846153846154,0.5869565217391305,0.0642302930355072,0.06351207196712494,0.4073567285592424,0.4073454401461162,0.6704932740723881,0.3336953747062287,0.039015554689935276,0.039015554689935276,0.9466122109442949,0.0,0.0,0.0,0.03318367656320333,0.4930441859178245,0.4937421651557088,0.0,-0.0,0.04036872833967209,0.48385250866413115,0.0,0.6976744186046512,0.02114095725119114,0.0,0.05344751,-0.1090469,0.07514536
0.4642857142857143,0.5,0.3333333333333333,0.42424242424242425,0.6153846153846154,0.5869565217391305,0.02014392986893654,0.019971083849668503,0.4234293831466033,0.42341870445594276,0.6686488807087418,0.3355286677019952,0.03834760082619531,0.03834760082619531,0.9502059333026409,0.0,0.0,0.0,0.03186646308749914,0.4933394086547196,0.4939882974140346,0.0,-0.0,0.039843831211328506,0.4840624675154686,0.0,0.6976744186046512,0.021288391202688217,0.0,0.0513052,-0.09549947,0.05728224
0.4642857142857143,0.5,0.3333333333333333,0.42424242424242425,0.6153846153846154,0.5869565217391305,0.0,0.0,0.4369236012033933,0.43691340117336,0.6225553096822297,0.3801268687389042,0.03559401258826256,0.03559401258826256,0.9567382447421551,0.0,0.0,0.0,0.02761455215513706,0.4943004809319973,0.4948692633770406,0.0,-0.0,0.0,0.5,0.0,0.6976744186046512,0.021618971601128578,0.0,0.05086284,-0.09276696,0.05223981
0.4642857142857143,0.5,0.3333333333333333,0.42424242424242425,0.6153846153846154,0.5869565217391305,0.0,0.0,0.44299722903089356,0.44298726263283317,0.6122009685800819,0.39028302154800354,0.0356238814336913,0.0356238814336913,0.9582832809537649,0.0,0.0,0.0,0.025254725478589535,0.4946345998905599,0.4951933603733778,0.0,-0.0,0.0,0.5,0.0,0.6976744186046512,0.021368909627199173,0.0,0.04331507,-0.07626794,0.02721878
0.4642857142857143,0.5,0.3333333333333333,0.42424242424242425,0.6153846153846154,0.5869565217391305,0.0,0.0,0.44736811854871233,0.4473583174025351,0.5966424126014199,0.4055059680468671,0.035888190780367174,0.035888190780367174,0.9589850082993507,0.0,0.0,0.0,0.023584933578968046,0.49483505776152015,0.49538074852898717,0.0,-0.0,0.0,0.5,0.0,0.6976744186046512,0.02149234525859356,0.0,0.04052917,-0.06916952,0.01089829
0.4642857142857143,0.5,0.3333333333333333,0.42424242424242425,0.6153846153846154,0.5869565217391305,0.0,0.0,0.4425498750879933,0.4425405981891698,0.7827474765522302,0.2295745394147326,0.03869598598352501,0.03869598598352501,0.9585063941776752,0.0,0.0,0.0,0.022848328482359646,0.49467559857293963,0.4953290522098541,0.0,-0.0,0.0,0.5,0.0,0.6976744186046512,0.0222567617893219,0.0,0.0371286,-0.05301017,-0.01392047
0.4642857142857143,0.5,0.3333333333333333,0.42424242424242425,0.6153846153846154,0.5869565217391305,0.0,0.0,0.43967036102287627,0.4396610157439631,0.7835181885422073,0.22888711437389864,0.04003876288022314,0.04003876288022314,0.9580383617430925,0.0,0.0,0.0,0.023850190453231335,0.49453304382041097,0.4952513109892607,0.0,-0.0,0.0,0.5,0.0,0.6976744186046512,0.023378120735287666,0.0,0.04977286,-0.03158719,-0.03931206
0.4642857142857143,0.5,0.3333333333333333,0.42424242424242425,0.6153846153846154,0.5869565217391305,0.0,0.0,0.4374719582369861,0.4374626300530953,0.7915358224288911,0.2216932098400018,0.04435790303562369,0.04435790303562369,0.9556906390935183,0.0,0.0,0.0,0.043678177334368226,0.4931522263213992,0.4940877198241651,0.0,-0.0,0.03497738018631935,0.4860090479254723,0.0,0.6976744186046512,0.027670888230204582,0.0,0.0468843,-0.02665031,-0.05221245
0.4642857142857143,0.5,0.3333333333333333,0.42424242424242425,0.6153846153846154,0.5869565217391305,0.0,0.0,0.4218296480452353,0.42181904343300525,0.66682757702202,0.3379571409977139,0.04639663866588048,0.04639663866588048,0.9543712977319956,0.0,0.0,0.0,0.048232141137123104,0.49215279519557953,0.4931839262135327,0.0,-0.0,0.036312688142061234,0.4854749247431755,0.0,0.6976744186046512,0.030191224068403244,0.0,0.03337505,-0.02064303,-0.07192292
0.4642857142857143,0.5,0.3333333333333333,0.42424242424242425,0.6153846153846154,0.5869565217391305,0.028676198795437813,0.028325725346803665,0.4277456996545737,0.42773479872862197,0.5143720517308944,0.4845393679059436,0.048658885061740875,0.048658885061740875,0.9537178110331297,0.0,0.0,0.0,0.05311487503349781,0.48861078079789877,0.49012346286326647,0.0,-0.0,0.037120990455150604,0.48515160381793976,0.0,0.6976744186046512,0.03259878233075142,0.0,0.04420256,0.0171677,-0.1485332
0.4642857142857143,0.5,0.3333333333333333,0.42424242424242425,0.6153846153846154,0.5869565217391305,0.16161127388477325,0.16033430397510529,0.40652440610852797,0.40651237691109765,0.42170020453560647,0.5759200722213407,0.05890463878001486,0.05890463878001486,0.9498707838356495,0.0,0.0,0.0,0.08782149069011211,0.48500975500792265,0.48636737652122974,0.12984666228294373,0.12984666228294373,0.04258785396814346,0.4829648584127426,0.04079561308026314,0.6247754031142523,0.03578942269086838,0.0,0.05037982,0.03253649,-0.18604757
0.4642857142857143,0.5,0.3333333333333333,0.42424242424242425,0.6153846153846154,0.5869565217391305,0.4890384376049042,0.47304999828338623,0.33202572306529055,0.33201088458584554,0.3694676628076323,0.6290051968507461,0.08239205394472396,0.08239205394472396,0.9273261018097401,0.0,0.0,0.0,0.1256429113447666,0.4696360882371664,0.47190940752625465,0.18255150318145752,0.18255150318145752,0.057780925184488297,0.4768876299262047,0.05656551569700241,0.610604310451552,0.04234009236097336,0.0,0.06165657,0.03707371,-0.21619023
0.4642857142857143,0.5,0.3333333333333333,0.42424242424242425,0.6153846153846154,0.5869565217391305,0.07438052445650101,0.07351905852556229,0.4399146488930026,0.4399036112068716,0.38119725287530437,0.6152162150210172,0.06974243159805026,0.06974243159805026,0.9404623731970787,0.0,0.0,0.0,0.06620864309370517,0.48245679773390293,0.4824802801012993,0.0,-0.0,0.058201178908348083,0.47671952843666077,0.057044658809900284,0.6156965258509614,0.039737772196531296,0.0,0.06328069,0.03415682,-0.23694806
0.4642857142857143,0.5,0.3333333333333333,0.42424242424242425,0.6153846153846154,0.5869565217391305,0.01693539135158062,0.016626935452222824,0.4484539886733542,0.44844326439596727,0.40698920837096,0.5887634514344076,0.06053170721445765,0.06053170721445765,0.9474196825176477,0.0,0.0,0.0,0.053469859063625336,0.48556878231465816,0.48554729856550694,0.0,-0.0,0.05175980553030968,0.47929607778787614,0.050666969269514084,0.6263425253158392,0.03405526280403137,0.0,0.05736279,0.03650185,-0.23160268
0.4642857142857143,0.5,0.3333333333333333,0.42424242424242425,0.6153846153846154,0.5869565217391305,0.015934821218252182,0.01562628336250782,0.4380749509621761,0.43806382780093306,0.44174937217231003,0.5537611455443889,0.05374020231621606,0.05374020231621606,0.9506321530789137,0.0,0.0,0.0,0.051596414670348166,0.48665060475468636,0.4865966122597456,0.0,-0.0,0.046846989542245865,0.48126120418310164,0.045865170657634735,0.6259196979361912,0.03047027438879013,0.0,0.04750173,0.03363283,-0.22101441
0.4642857142857143,0.5,0.3333333333333333,0.42424242424242425,0.6153846153846154,0.5869565217391305,0.015194579027593136,0.014898978173732758,0.42969061744828524,0.4296791637832758,0.4713470699910224,0.5241343829822763,0.047156076346124925,0.047156076346124925,0.9542297534644604,0.0,0.0,0.0,0.049963632598519325,0.48760591074824333,0.48748734313994646,0.0,-0.0,0.04189708083868027,0.4832411676645279,0.04087548330426216,0.6252242572778879,0.02689981274306774,0.0,-0.04067972,0.00306956,-0.17353792
0.4642857142857143,0.5,0.3333333333333333,0.42424242424242425,0.6153846153846154,0.5869565217391305,0.016248824074864388,0.01589798554778099,0.42522667972353173,0.4252150494099575,0.4856167937669882,0.5099268323782019,0.04347395417945726,0.04347395417945726,0.9562124740332365,0.0,0.0,0.0,0.048475314676761624,0.4883135687559843,0.4881808562204242,0.0,-0.0,0.03927256911993027,0.4842909723520279,0.03820940479636192,0.6244582786809567,0.02508615143597126,0.0,-0.05724368,0.00771501,-0.16644506
0.4642857142857143,0.5,0.3333333333333333,0.42424242424242425,0.6153846153846154,0.5869565217391305,0.016435900703072548,0.016075370833277702,0.42462822287761914,0.4246165640723409,0.48680939523941247,0.5087201517302442,0.04279649683407375,0.04279649683407375,0.9565642345696688,0.0,0.0,0.0,0.048136623576283455,0.4884595349431038,0.48832749761641026,0.0,-0.0,0.03881784901022911,0.48447286039590837,0.03774860128760338,0.6243576750505803,0.024773141369223595,0.0,-0.08409947,0.01628013,-0.1256479
0.4642857142857143,0.5,0.3333333333333333,0.42424242424242425,0.6153846153846154,0.5869565217391305,0.024238083511590958,0.023343542590737343,0.40779180827605793,0.407779482764906,0.5137545695496335,0.48206238463498846,0.0360656955412456,0.0360656955412456,0.9588150270283222,0.0,0.0,0.0,0.039597940631210804,0.49030769243836403,0.4901514444500208,0.0,-0.0,0.03516307845711708,0.4859347686171532,0.03414604067802429,0.6199709533952004,0.020115144550800323,0.005213494296185672,-0.08261816,0.02436928,-0.08479457
0.4642857142857143,0.5,0.3333333333333333,0.42424242424242425,0.6153846153846154,0.5869565217391305,0.02062753587961197,0.02021007239818573,0.4270820936782866,0.4270706343149364,0.5274399042585384,0.4689823903676834,0.037022210391504426,0.037022210391504426,0.9586108103394508,0.0,0.0,0.0,0.04018083661794662,0.4904388338327408,0.4902982283383608,0.0,-0.0,0.0360310822725296,0.48558756709098816,0.03501880168914795,0.6181270490552104,0.020298026502132416,0.006224773242138326,-0.0801948,0.03047731,-0.07015899
0.4642857142857143,0.5,0.3333333333333333,0.42424242424242425,0.6153846153846154,0.5869565217391305,0.0,0.0,0.4481281176579842,0.4481174845540501,0.5271473371959781,0.4690605146200611,0.03952641572271075,0.03952641572271075,0.9595242142677307,0.0,0.0,0.0,0.04165419545024633,0.49070666916668415,0.49061400536447763,0.0,-0.0,0.036975327879190445,0.48520986884832384,0.03601417690515518,0.6169048194275346,0.021244535222649574,0.006101585458964109,-0.05237916,0.07235371,-0.00772422
0.4642857142857143,0.5,0.3333333333333333,0.42424242424242425,0.6153846153846154,0.5869565217391305,0.0,0.0,0.44765087021924344,0.4476402086236053,0.5281881847299535,0.46803832345386714,0.04037645379347461,0.04037645379347461,0.9595836065709591,0.0,0.0,0.0,0.04212932158261537,0.4907649178057909,0.49070154409855604,0.0,-0.0,0.03738958388566971,0.4850441664457321,0.03642665222287178,0.6165078317010125,0.021358462050557137,0.005460809334181249,-0.04794175,0.09153138,0.01159252
0.4642857142857143,0.5,0.3333333333333333,0.42424242424242425,0.6153846153846154,0.5869565217391305,0.0,0.0,0.4444312962701626,0.44442049221600444,0.5237258140489203,0.47240155440164977,0.040619902844939916,0.040619902844939916,0.9600438475608826,0.0,0.0,0.0,0.04255287516862154,0.4909102125093341,0.49091493524610996,0.0,-0.0,0.0372811034321785,0.4850875586271286,0.03627397492527962,0.6173608261485433,0.021422848105430603,0.005626741913147271,-0.03920957,0.12327792,0.04053259
0.4642857142857143,0.5,0.3333333333333333,0.42424242424242425,0.6153846153846154,0.5869565217391305,0.0,0.0,0.4444254497725011,0.44441466281336534,0.520598731293961,0.4755336189310541,0.040851538734776635,0.040851538734776635,0.9601294733583927,0.0,0.0,0.0,0.0430617906153202,0.4908086881041527,0.4908277252689004,0.0,-0.0,0.03706895932555199,0.4851724162697792,0.03605680167675018,0.6178929119609123,0.021438054740428925,0.006302043912000954,-0.03423654,0.13295315,0.05050635
0.4642857142857143,0.5,0.3333333333333333,0.42424242424242425,0.6153846153846154,0.5869565217391305,0.6092933416366577,0.6021729111671448,0.2754840048503694,0.2754675480421369,0.4981790677738691,0.5008357507498219,0.056380653487784524,0.056380653487784524,0.9296251907944679,0.0,0.0,0.0,0.09018628895282745,0.47788722068071365,0.4787079431116581,0.13137187063694,0.13137187063694,0.04745781794190407,0.48101687282323835,0.04557488113641739,0.6161078498807064,0.026880847290158272,0.005790097056888044,-0.03092656,0.13597985,0.0557561
0.4642857142857143,0.5,0.3333333333333333,0.42424242424242425,0.6153846153846154,0.5869565217391305,0.1298760622739792,0.12887908518314362,0.3819724665545141,0.3819592464038565,0.47459527525345635,0.5215618755753085,0.05329313022749765,0.05329313022749765,0.9427522290498018,0.0,0.0,0.0,0.06240399368107318,0.4831972159445286,0.48308966122567654,0.0,-0.0,0.048035360872745514,0.4807858556509018,0.04614965245127678,0.615960463534954,0.028675803914666176,0.005489596514962614,-0.03572717,0.13914499,0.06167794
0.4642857142857143,0.5,0.3333333333333333,0.42424242424242425,0.6153846153846154,0.5869565217391305,0.06157428026199341,0.060430094599723816,0.4087674496962509,0.408755238151915,0.4591555781163859,0.5368167156876337,0.04621241241693497,0.04621241241693497,0.9529334716498852,0.0,0.0,0.0,0.04776250422000885,0.48658515978604555,0.48639523796737194,0.0,-0.0,0.04280377924442291,0.48287848830223085,0.04104906693100929,0.6217082867095637,0.02695966325700283,0.0019990000873804092,-0.04076158,0.14214915,0.05701782
0.4642857142857143,0.5,0.3333333333333333,0.42424242424242425,0.6153846153846154,0.5869565217391305,0.04392806068062782,0.04262825474143028,0.41419861239183475,0.41418661168610843,0.44952794926572254,0.5464594964264862,0.042676718107291636,0.042676718107291636,0.9563629571348429,0.0,0.0,0.0,0.04518909491598606,0.48801375553011894,0.487847862765193,0.0,-0.0,0.03944912925362587,0.48422034829854965,0.037734244018793106,0.623535250508508,0.025623869150877,0.0,-0.03608203,0.13712604,0.05124573
0.4642857142857143,0.5,0.3333333333333333,0.42424242424242425,0.6153846153846154,0.5869565217391305,0.04019594192504883,0.038847316056489944,0.41264206501539535,0.41262999023123864,0.4459675119666251,0.5499855356913401,0.040806900443775315,0.040806900443775315,0.9578606933355331,0.0,0.0,0.0,0.04337224029004574,0.4887725841253996,0.4886310128495097,0.0,-0.0,0.0,0.5,0.0360516682267189,0.6250131372795549,0.025032268837094307,0.0,-0.01877725,0.10919712,0.02471253
0.4642857142857143,0.5,0.3333333333333333,0.42424242424242425,0.6153846153846154,0.5869565217391305,0.03495749831199646,0.03387133777141571,0.41188640234347285,0.41187427627424894,0.4377411706497747,0.5582028018662459,0.037374441911067285,0.037374441911067285,0.9605587758123875,0.0,0.0,0.0,0.04024487268179655,0.4900528509169817,0.489955841563642,0.0,-0.0,0.0,0.5,0.0,0.6976744186046512,0.02383267506957054,0.0,-0.01508927,0.09632725,0.00879184
0.4642857142857143,0.5,0.3333333333333333,0.42424242424242425,0.6153846153846154,0.5869565217391305,0.030544789507985115,0.029714498668909073,0.41487974646442477,0.4148677457586985,0.42300562033461797,0.5730463847096924,0.035370967483946254,0.035370967483946254,0.9624015465378761,0.0,0.0,0.0,0.03891315124928951,0.49096216075122356,0.49090398382395506,0.0,-0.0,0.0,0.5,0.0,0.6976744186046512,0.023189906030893326,0.0,-0.02039451,0.07185202,-0.02404339
0.4642857142857143,0.5,0.3333333333333333,0.42424242424242425,0.6153846153846154,0.5869565217391305,0.02527546137571335,0.0246555395424366,0.41391407144229225,0.4139022587818124,0.502854022359472,0.4942101018555939,0.033278425357171466,0.033278425357171466,0.9639182649552822,0.0,0.0,0.0,0.03770991265773773,0.49176100082695484,0.491766263730824,0.0,-0.0,0.0,0.5,0.0,0.6976744186046512,0.022407734766602516,0.0,-0.02369871,0.05123767,-0.0389823
0.4642857142857143,0.5,0.3333333333333333,0.42424242424242425,0.6153846153846154,0.5869565217391305,0.050908464938402176,0.04971018806099892,0.4003577642641377,0.4003467550697108,0.7824177705535014,0.22881283080322062,0.03532305226794311,0.03532305226794311,0.9624190255999565,0.0,0.0,0.0,0.04001278840005398,0.49126276187598705,0.4914914881810546,0.0,-0.0,0.0,0.5,0.0,0.6976744186046512,0.02346760779619217,0.0,-0.02655879,-0.01093951,-0.06178414
0.4642857142857143,0.5,0.3333333333333333,0.42424242424242425,0.6153846153846154,0.5869565217391305,0.016478991135954857,0.016425156965851784,0.4022186258326981,0.40220789015862957,0.7985862427414261,0.214215322793961,0.037966608735067506,0.037966608735067506,0.9612697493284941,0.0,0.0,0.0,0.04038772005587816,0.4911070950329304,0.4915984319522977,0.0,-0.0,0.03281683474779129,0.4868732661008835,0.0,0.6976744186046512,0.025023719295859337,0.0,-0.02867397,-0.03650969,-0.06151808
0.4642857142857143,0.5,0.3333333333333333,0.42424242424242425,0.6153846153846154,0.5869565217391305,0.015578411519527435,0.015478324145078659,0.4040841486440334,0.40407334458987526,0.7813452516413555,0.23011998459617627,0.037636460204209604,0.037636460204209604,0.9612141568213701,0.0,0.0,0.0,0.03833866380155086,0.4915387034416199,0.4920494556427002,0.0,-0.0,0.03291942551732063,0.4868322297930717,0.0,0.6976744186046512,0.025479521602392197,0.0,-0.03035439,-0.04567767,-0.0590953
0.4642857142857143,0.5,0.3333333333333333,0.42424242424242425,0.6153846153846154,0.5869565217391305,0.014818774536252022,0.01462198980152607,0.40627159921890466,0.40626096611497053,0.7826194234377568,0.22922272385369702,0.03871526968266283,0.03871526968266283,0.9595685750246048,0.0,0.0,0.0,0.03679944090545177,0.4919880283996463,0.49259717483073473,0.0,-0.0,0.033484671264886856,0.48660613149404525,0.0,0.6976744186046512,0.026954084634780884,0.0,-0.0291937,-0.06830999,-0.05124342
0.4642857142857143,0.5,0.3333333333333333,0.42424242424242425,0.6153846153846154,0.5869565217391305,0.044386278837919235,0.042986806482076645,0.40003040598181877,0.40001949935752623,0.777989111256645,0.2334244296331428,0.03715252636798791,0.03715252636798791,0.9606862645596266,0.0,0.0,0.0,0.033735705167055124,0.4926677327603102,0.4932922753505409,0.0,-0.0,0.03235847130417824,0.4870566114783287,0.0,0.6976744186046512,0.02660650946199894,0.0,-0.02718575,-0.07673533,-0.04619886
0.4642857142857143,0.5,0.3333333333333333,0.42424242424242425,0.6153846153846154,0.5869565217391305,0.48180049657821655,0.4745423197746277,0.27771002749412055,0.2776934567190721,0.4057220341370621,0.5934023823559804,0.06254778908831733,0.06254778908831733,0.9242723658680916,0.0,0.0,0.0,0.08545358926057815,0.4791897404938936,0.48149823769927025,0.12165765464305878,0.12165765464305878,0.05352319777011871,0.47859072089195254,0.04989951103925705,0.6114323125329129,0.03979184478521347,0.0,-0.01831389,-0.10121431,-0.05555853
0.4642857142857143,0.5,0.3333333333333333,0.42424242424242425,0.6153846153846154,0.5869565217391305,0.17570966482162476,0.17468175292015076,0.3514100994708205,0.35139583082545556,0.41163911714608536,0.5856450857162881,0.051494118358407705,0.051494118358407705,0.9384488649666309,0.0,0.0,0.0,0.0601436261087656,0.4820165392011404,0.48267215117812157,0.0,-0.0,0.05293861776590347,0.4788245528936386,0.04971221089363098,0.6109735352355381,0.03371399641036987,0.0,-0.01636952,-0.12681711,-0.14008765
0.4642857142857143,0.5,0.3333333333333333,0.42424242424242425,0.6153846153846154,0.5869565217391305,0.08457297086715698,0.08368773758411407,0.3781865231165695,0.3781732003957774,0.44534869494903156,0.5511914645144583,0.03737526945769787,0.03737526945769787,0.9545888975262642,0.0,0.0,0.0,0.03896419182419777,0.4879847150295973,0.48800284694880247,0.0,-0.0,0.043811507523059845,0.4824753969907761,0.04130171984434128,0.6140781921702763,0.024404680356383324,0.0,-0.0155026,-0.13526082,-0.15500282
0.4642857142857143,0.5,0.3333333333333333,0.42424242424242425,0.6153846153846154,0.5869565217391305,0.06726651638746262,0.06652729958295822,0.3811072874707428,0.38109404452672196,0.4662267802778211,0.5301518337169928,0.033241481121097295,0.033241481121097295,0.9580473192036152,0.0,0.0,0.0,0.03672251887619495,0.4894044669345021,0.48945566918700933,0.0,-0.0,0.03839574009180069,0.4846417039632797,0.03623971343040466,0.6150012359369633,0.02094253897666931,0.0,-0.01254182,-0.1395473,-0.15477364
0.4642857142857143,0.5,0.3333333333333333,0.42424242424242425,0.6153846153846154,0.5869565217391305,0.0653107687830925,0.06458054482936859,0.3828448597377391,0.38283170796717103,0.4698222196352869,0.5264913506484574,0.03287342110914843,0.03287342110914843,0.9583840072154999,0.0,0.0,0.0,0.03635982647538185,0.4895759988576174,0.4896275298669934,0.0,-0.0,0.037758540362119675,0.4848965838551521,0.03564613312482834,0.6152651944132739,0.02052347920835018,0.0,-0.01159538,-0.13763593,-0.1211952
0.4642857142857143,0.5,0.3333333333333333,0.42424242424242425,0.6153846153846154,0.5869565217391305,0.04337195307016373,0.04261394590139389,0.3967792974147468,0.39677308622327406,0.47715574064172706,0.5191272566190362,0.029055029153823856,0.029055029153823856,0.9627661779522896,0.0,0.0,0.0,0.032751580141484736,0.49161954782903194,0.49169511161744595,0.0,-0.0,0.03259259834885597,0.48696296066045763,0.030817097052931786,0.6184550790592682,0.01802145317196846,0.0,-0.00699016,-0.13220055,-0.09776071
0.4642857142857143,0.5,0.3333333333333333,0.42424242424242425,0.6153846153846154,0.5869565217391305,0.02982339635491371,0.029450582340359688,0.40257383760485094,0.4025678657436918,0.471004799150828,0.5252632584849412,0.028984198080641885,0.028984198080641885,0.9633958656340837,0.0,0.0,0.0,0.03287333641201257,0.49171501491218805,0.491775075905025,0.0,-0.0,0.03195801377296448,0.48721679449081423,0.030275611206889153,0.6188778336658034,0.01790798455476761,0.0,-0.00457526,-0.11771585,-0.07765356
0.4642857142857143,0.5,0.3333333333333333,0.42424242424242425,0.6153846153846154,0.5869565217391305,0.0,0.0,0.41829129751508143,0.4182859923597959,0.4458307346923857,0.5500973414116056,0.028208278651748388,0.028208278651748388,0.9661190249025822,0.0,0.0,0.0,0.03101890347898006,0.4927220423705876,0.4927354580722749,0.0,-0.0,0.029388941824436188,0.48824442327022555,0.027948571369051933,0.6225443042294924,0.017101675271987915,0.0,0.00069579,-0.09309079,-0.01998451
0.4642857142857143,0.5,0.3333333333333333,0.42424242424242425,0.6153846153846154,0.5869565217391305,0.0,0.0,0.4201678751075701,0.420162644030715,0.4456087159381086,0.5503527983858476,0.028374538357768743,0.028374538357768743,0.9668636526912451,0.0,0.0,0.0,0.029490947164595126,0.493186557199806,0.49319888558238745,0.0,-0.0,0.028365930542349815,0.4886536277830601,0.02697180025279522,0.6274989732476168,0.016632815822958946,0.0,0.00252474,-0.07240275,0.00295919
0.4642857142857143,0.5,0.3333333333333333,0.42424242424242425,0.6153846153846154,0.5869565217391305,0.0,0.0,0.4226571496996323,0.4226520211929117,0.4485854379989449,0.5473107295334403,0.027170299685427123,0.027170299685427123,0.9680981449782848,0.0,0.0,0.0,0.027301831170916557,0.493762141559273,0.49377313209697604,0.0,-0.0,0.028250059112906456,0.4886999763548374,0.02683841437101364,0.6272480827431346,0.015716979280114174,0.0,0.00682463,-0.06335417,0.01429558
0.4642857142857143,0.5,0.3333333333333333,0.42424242424242425,0.6153846153846154,0.5869565217391305,0.0,0.0,0.4287178365951742,0.4287129645137896,0.4701218583387809,0.5257581365901193,0.0255680363625288,0.0255680363625288,0.9696169309318066,0.0,0.0,0.0,0.0232845040038228,0.4946160721592605,0.4946207357570529,0.0,-0.0,0.028957491740584373,0.48841700330376625,0.027499571442604065,0.6244911825241045,0.014333430677652359,0.0,0.00639558,-0.02393125,0.02056518
0.4642857142857143,0.5,0.3333333333333333,0.42424242424242425,0.6153846153846154,0.5869565217391305,0.0,0.0,0.42791798898868305,0.42791311120895764,0.4853219730106412,0.5105884952202759,0.025303808173963004,0.025303808173963004,0.9696856252849102,0.0,0.0,0.0,0.021873028576374052,0.494920217897743,0.49489432852715254,0.0,-0.0,0.029208138585090637,0.48831674456596375,0.027931854128837585,0.6230871708587159,0.01361914724111557,0.0,0.008168,-0.00551038,0.0111673
0.4642857142857143,0.5,0.3333333333333333,0.42424242424242425,0.6153846153846154,0.5869565217391305,0.0,0.0,0.4284554963813913,0.4284506186016659,0.4873677955986665,0.5084422550460754,0.026881935607109754,0.026881935607109754,0.9692835779860616,0.0,0.0,0.0,0.04845680519938469,0.4942128104157746,0.49417939595878124,0.0,-0.0,0.030068811029195786,0.4879724755883217,0.028834370896220207,0.6213950556378032,0.015451409853994846,0.0,-0.00013346,0.02093191,-0.03520575
0.4642857142857143,0.5,0.3333333333333333,0.42424242424242425,0.6153846153846154,0.5869565217391305,0.0,0.0,0.42336050730134517,0.42335540158798773,0.492649353342576,0.5031661214103156,0.03294471518269607,0.03294471518269607,0.9637031015008688,0.0,0.0,0.0,0.1937099680304527,0.4721847288310528,0.473294397816062,0.2878475487232208,0.2878475487232208,0.03436608240008354,0.4862535670399666,0.035068292170763016,0.6234527777793796,0.07625937461853027,0.0,0.00157878,0.01621124,-0.04409854
0.4642857142857143,0.5,0.3333333333333333,0.42424242424242425,0.6153846153846154,0.5869565217391305,0.0,0.0,0.42045813149293565,0.42045291751110303,0.4940461566383251,0.5018099732831555,0.037997007103902955,0.037997007103902955,0.958814537152648,0.0,0.0,0.0,0.22145591974258422,0.4648204743862152,0.466352254152298,0.3280356526374817,0.3280356526374817,0.03888609632849693,0.48444556146860124,0.04134226217865944,0.6240864340649095,0.09348402172327042,0.0,-0.00261039,0.01557902,-0.04303176
0.4642857142857143,0.5,0.3333333333333333,0.42424242424242425,0.6153846153846154,0.5869565217391305,0.0,0.0,0.4160199844586462,0.4160145881299079,0.49592218576551167,0.5001767034461754,0.05048387284789767,0.05048387284789767,0.9475558381527662,0.0,0.0,0.0,0.2504530683159828,0.45583104342222214,0.4581744596362114,0.3702678084373474,0.3702678084373474,0.052334945648908615,0.47906602174043655,0.055836837738752365,0.6270339166702227,0.1135844960808754,0.008106062887236476,-0.01364362,0.05266599,-0.01616859
0.4642857142857143,0.5,0.3333333333333333,0.42424242424242425,0.6153846153846154,0.5869565217391305,0.0,0.0,0.4120369639041091,0.4120313795301244,0.5113403385444535,0.4847845504155756,0.054936914571693966,0.054936914571693966,0.9422295577824116,0.0,0.0,0.0,0.28669139146804806,0.4487427622079849,0.4514608085155487,0.4277484714984894,0.4277484714984894,0.06250658631324768,0.47499736547470095,0.06655637919902802,0.6258466649194097,0.1319722831249237,0.007812302792444825,-0.01502054,0.06561163,-0.0089975
0.4642857142857143,0.5,0.3333333333333333,0.42424242424242425,0.6153846153846154,0.5869565217391305,0.0,0.0,0.40967593047176676,0.40967027771769243,0.5404059431065109,0.456172092872135,0.05801577387111528,0.05801577387111528,0.9378742594271898,0.0,0.0,0.0,0.2715378195047378,0.4486876130104065,0.4516175277531147,0.40369459986686707,0.40369459986686707,0.06782014667987823,0.4728719413280487,0.07191713899374008,0.6232487999422606,0.1348445564508438,0.007209692266769707,-0.01437859,0.08408014,-0.00085774
0.4642857142857143,0.5,0.3333333333333333,0.42424242424242425,0.6153846153846154,0.5869565217391305,0.045405104756355286,0.044618502259254456,0.40171571306699094,0.4017097298091502,0.5669864293038275,0.43022196283253333,0.061448298926864355,0.061448298926864355,0.933634540066123,0.0,0.0,0.0,0.25727801173925396,0.44946593418717384,0.45222481340169907,0.3832838237285614,0.3832838237285614,0.07032468169927597,0.4718701273202896,0.07433033734560013,0.6237096044906351,0.129774272441864,0.013877369929105043,-0.01776686,0.11931221,0.00155563
0.4642857142857143,0.5,0.3333333333333333,0.42424242424242425,0.6153846153846154,0.5869565217391305,0.683925211429596,0.6455594301223755,0.262923608090636,0.2629125533094826,0.4582246173864113,0.541846695246655,0.08875558684979167,0.08875558684979167,0.9149325489997864,0.0,0.0,0.0,0.24165607541799544,0.4349391236901283,0.43635348975658417,0.35334688425064087,0.35334688425064087,0.07580401748418808,0.46967839300632475,0.07995149493217468,0.6088338237862254,0.12856176495552063,0.022307615727186203,-0.01140521,0.13454145,0.00393139
0.4642857142857143,0.5,0.3333333333333333,0.42424242424242425,0.6153846153846154,0.5869565217391305,0.12215860188007355,0.11991645395755768,0.36674923513861046,0.3667423629396048,0.2724358711826186,0.73235734876159,0.09674764637436187,0.09674764637436187,0.9101425781846046,0.0,0.0,0.0,0.2597889482975006,0.44311800599098206,0.4430709145963192,0.37836360931396484,0.37836360931396484,0.08029445260763168,0.4678822189569473,0.08432361483573914,0.5964373190735662,0.11028435826301575,0.026009036228060722,-0.00127762,0.14732258,0.01620235
0.4642857142857143,0.5,0.3333333333333333,0.42424242424242425,0.6153846153846154,0.5869565217391305,0.0926237553358078,0.09025761485099792,0.37840440487542526,0.3783979657503205,0.27207457358249054,0.7325519812899789,0.0971250342471259,0.0971250342471259,0.9093981087207794,0.0,0.0,0.0,0.26279505640268325,0.4434500075876713,0.4433169923722744,0.38279303908348083,0.38279303908348083,0.08030640333890915,0.4678774386644363,0.08424413949251175,0.5962822291740152,0.10898075252771378,0.026454946491867304,0.00049651,0.17355999,0.05194082
0.4642857142857143,0.5,0.3333333333333333,0.42424242424242425,0.6153846153846154,0.5869565217391305,0.0299447700381279,0.02908843755722046,0.40240632917867336,0.4024008017880967,0.28134244623421256,0.7224731663622268,0.09853942053658622,0.09853942053658622,0.9053820483386517,0.0,0.0,0.0,0.27009825259447096,0.4445577450096607,0.44419630244374275,0.3936028778553009,0.3936028778553009,0.07908124476671219,0.4683675020933151,0.08214269578456879,0.5980789453484292,0.10361883789300919,0.02827767515555024,-0.00472037,0.20653494,0.09132976
0.4642857142857143,0.5,0.3333333333333333,0.42424242424242425,0.6153846153846154,0.5869565217391305,0.016939500346779823,0.016810106113553047,0.40218800294923507,0.4021824755586584,0.26923652634338024,0.7353017042466783,0.09554958237068994,0.09554958237068994,0.9041538536548615,0.0,0.0,0.0,0.27927880734205246,0.44695325195789337,0.446918822824955,0.4085145890712738,0.4085145890712738,0.07831189036369324,0.4686752438545227,0.08051867038011551,0.5972704256689826,0.09371545910835266,0.02537059597671032,-0.00111012,0.22390336,0.11872254
0.4642857142857143,0.5,0.3333333333333333,0.42424242424242425,0.6153846153846154,0.5869565217391305,0.23435868322849274,0.23378467559814453,0.3229891916533957,0.322980176878249,0.4897976172642772,0.5085085239004172,0.09233715278761728,0.09233715278761728,0.9068767800927162,0.0,0.0,0.0,0.2404929459095001,0.45016685873270035,0.45058032497763634,0.3535821735858917,0.3535821735858917,0.08016663044691086,0.46793334782123563,0.08232036978006363,0.5963268494883249,0.08796299993991852,0.024405918084084988,-0.01091259,0.24159411,0.17063387
0.4642857142857143,0.5,0.3333333333333333,0.42424242424242425,0.6153846153846154,0.5869565217391305,0.2652522325515747,0.2646501660346985,0.3170833400740906,0.31707401758854065,0.5809996066540195,0.4179784735980904,0.090275981596538,0.090275981596538,0.9090557247400284,0.0,0.0,0.0,0.19443711042404174,0.451432291418314,0.4528390243649483,0.2884337902069092,0.2884337902069092,0.08519239723682404,0.4659230411052704,0.08758168667554855,0.5981081377628238,0.08762751519680023,0.02882357919588685,-0.01062771,0.24506196,0.1887213
0.4642857142857143,0.5,0.3333333333333333,0.42424242424242425,0.6153846153846154,0.5869565217391305,0.0639118030667305,0.06298599392175674,0.3949254448053714,0.3949192108205354,0.5345825493677624,0.46240248775340353,0.07038164617759841,0.07038164617759841,0.9322072193026543,0.0,0.0,0.0,0.12728438228368757,0.4678645692765713,0.46864162385463715,0.19185425341129303,0.19185425341129303,0.07391565293073654,0.4704337388277054,0.07461394369602203,0.610800163690434,0.06271611899137497,0.031619598157703876,-0.00695755,0.2367304,0.17726922
0.4642857142857143,0.5,0.3333333333333333,0.42424242424242425,0.6153846153846154,0.5869565217391305,0.0,0.0,0.4145281531386804,0.4145226770331709,0.4848435132498951,0.5112726009775935,0.044054383678095686,0.044054383678095686,0.9552363250404596,0.0,0.0,0.0,0.04119537137448787,0.4884886350482702,0.48853282257914543,0.0,-0.0,0.04719635099172592,0.48112145960330965,0.04615909606218338,0.6164596039195394,0.02655349299311638,0.018064567120745778,-0.00302962,0.23009165,0.16282262
0.4642857142857143,0.5,0.3333333333333333,0.42424242424242425,0.6153846153846154,0.5869565217391305,0.0,0.0,0.42043140057623957,0.4204261865944069,0.475277922235529,0.5207911379427979,0.03955049041126456,0.03955049041126456,0.9591365624219179,0.0,0.0,0.0,0.03146756794303655,0.49076143838465214,0.49084086157381535,0.0,-0.0,0.042722463607788086,0.4829110145568848,0.04149245470762253,0.6189395192750665,0.023443657904863358,0.008069904870353639,0.00475626,0.21664007,0.13797274
0.4642857142857143,0.5,0.3333333333333333,0.42424242424242425,0.6153846153846154,0.5869565217391305,0.0,0.0,0.42097308485275475,0.4209678993626261,0.47383630754386946,0.5222437019963059,0.03869294321962766,0.03869294321962766,0.9597839899361134,0.0,0.0,0.0,0.02980108130723238,0.4911333089694381,0.4912116453051567,0.0,-0.0,0.042044688016176224,0.4831821247935295,0.040767163038253784,0.6193168010822563,0.022849369794130325,0.005861485842615366,0.0074734,0.20539688,0.11159502
0.4642857142857143,0.5,0.3333333333333333,0.42424242424242425,0.6153846153846154,0.5869565217391305,0.0,0.0,0.42236856862646216,0.4223634515164231,0.4574778327294563,0.5385040499575457,0.030153260699340278,0.030153260699340278,0.9654472693800926,0.0,0.0,0.0,0.022151254210621116,0.4946222906000912,0.49469046015292406,0.0,-0.0,0.038581348955631256,0.4845674604177475,0.036609064787626266,0.621501169232435,0.016919462010264397,0.0,0.00067756,0.12255337,-0.00309919
0.4642857142857143,0.5,0.3333333333333333,0.42424242424242425,0.6153846153846154,0.5869565217391305,0.0,0.0,0.4249814573255141,0.42497644278560953,0.456269040846232,0.5396416766870952,0.026180889191372056,0.026180889191372056,0.9688066141679883,0.0,0.0,0.0,0.01896226918324828,0.49581667641177773,0.4958739960566163,0.0,-0.0,0.036173608154058456,0.48553055673837664,0.03398093581199646,0.6240739690703015,0.014579452574253082,0.0,-0.00053007,0.1072006,-0.017213
0.4642857142857143,0.5,0.3333333333333333,0.42424242424242425,0.6153846153846154,0.5869565217391305,0.0,0.0,0.42256783390592206,0.4225624660688878,0.45964070066211327,0.5364472808568422,0.02474963398916381,0.02474963398916381,0.9696727357804775,0.0,0.0,0.0,0.017745859082788227,0.4960849080234766,0.4961407803930342,0.0,-0.0,0.03428908437490463,0.4862843662500381,0.03221505880355835,0.6252352512160013,0.013665014877915382,0.0,-0.00184221,0.06819732,-0.03550255
0.4642857142857143,0.5,0.3333333333333333,0.42424242424242425,0.6153846153846154,0.5869565217391305,0.0,0.0,0.41968842810928025,0.41968295200377076,0.4591040508696955,0.5370428329735317,0.02351652431700911,0.02351652431700911,0.9705920908600092,0.0,0.0,0.0,0.016718178894370793,0.4962915733922273,0.49633826897479594,0.0,-0.0,0.03296995535492897,0.4868120178580284,0.030942460522055626,0.6274272761372632,0.012967727147042751,0.0,-0.0101222,0.03841965,-0.02808227
0.4642857142857143,0.5,0.3333333333333333,0.42424242424242425,0.6153846153846154,0.5869565217391305,0.0,0.0,0.41213895280776014,0.41213316329350663,0.4596209302687052,0.5366240191705318,0.02094733528792858,0.02094733528792858,0.9728607703000307,0.0,0.0,0.0,0.01405932493507862,0.49680438614450395,0.49683364294469357,0.0,-0.0,0.030286094173789024,0.4878855623304844,0.0,0.6976744186046512,0.011344804428517818,0.0,-0.00331784,0.02625886,-0.02759152
0.4642857142857143,0.5,0.3333333333333333,0.42424242424242425,0.6153846153846154,0.5869565217391305,0.0,0.0,0.3976478613129537,0.3976414563778937,0.4617119677663989,0.5346734315277235,0.01894194499722549,0.01894194499722549,0.9740060809999704,0.0,0.0,0.0,0.012531623523682355,0.497132888995111,0.49714811984449625,0.0,-0.0,0.0,0.5,0.0,0.6976744186046512,0.01047087274491787,0.0,0.00264794,0.01881872,-0.0239075
0.4642857142857143,0.5,0.3333333333333333,0.42424242424242425,0.6153846153846154,0.5869565217391305,0.0,0.0,0.38984934002673877,0.3898425931912307,0.46187019644458255,0.5346799247870659,0.017628507422549386,0.017628507422549386,0.973861750215292,0.0,0.0,0.0,0.011530285701155663,0.49726490257307887,0.4972771047614515,0.0,-0.0,0.0,0.5,0.0,0.6976744186046512,0.009831815958023071,0.0,0.01331814,0.00350467,-0.01612479
0.4642857142857143,0.5,0.3333333333333333,0.42424242424242425,0.6153846153846154,0.5869565217391305,0.0,0.0,0.38916302046402007,0.3891562508351488,0.46091966191395745,0.5356961939525827,0.017243982292711735,0.017243982292711735,0.9738809950649738,0.0,0.0,0.0,0.011203054804354906,0.4973006499931216,0.4973074640147388,0.0,-0.0,0.0,0.5,0.0,0.6976744186046512,0.009632500819861889,0.0,0.03145871,-0.00090725,-0.01228981
0.4642857142857143,0.5,0.3333333333333333,0.42424242424242425,0.6153846153846154,0.5869565217391305,0.0,0.0,0.3919304994506544,0.39192386658196243,0.4588698974986833,0.5377577496595588,0.016755652613937855,0.016755652613937855,0.9739846233278513,0.0,0.0,0.0,0.010890179313719273,0.4973320842254907,0.49733129562810063,0.0,-0.0,0.0,0.5,0.0,0.6976744186046512,0.009359831921756268,0.0,0.04420747,0.00094832,-0.01160139
0.4642857142857143,0.5,0.3333333333333333,0.42424242424242425,0.6153846153846154,0.5869565217391305,0.0,0.0,0.3959116794411129,0.39590520612596325,0.45953804790175895,0.5369849520768485,0.016901767812669277,0.016901767812669277,0.9736661687493324,0.0,0.0,0.0,0.011311162682250141,0.49716845131479204,0.4971661800518632,0.0,-0.0,0.0,0.5,0.0,0.6976744186046512,0.009249169379472733,0.0,0.03766455,0.00734476,-0.01782804
0.4642857142857143,0.5,0.3333333333333333,0.42424242424242425,0.6153846153846154,0.5869565217391305,0.0,0.0,0.40252990339727746,0.4025237149991679,0.460676852763269,0.5357458478697349,0.01698068343102932,0.01698068343102932,0.9741289662197232,0.0,0.0,0.0,0.011337529821321368,0.49708614498376846,0.49708093935623765,0.0,-0.0,0.0,0.5,0.0,0.6976744186046512,0.009087800979614258,0.0,0.01773234,0.00690877,-0.01659065
0.4642857142857143,0.5,0.3333333333333333,0.42424242424242425,0.6153846153846154,0.5869565217391305,0.0,0.0,0.409823033139537,0.40981714675348985,0.4627154085421881,0.5335570368159975,0.017430679207401618,0.017430679207401618,0.9745808411389589,0.0,0.0,0.0,0.011731402203440666,0.49698635120876133,0.4969801225233823,0.0,-0.0,0.0,0.5,0.0,0.6976744186046512,0.009178925305604935,0.0,0.00240598,0.00498462,-0.01710486
