YAML 文件验证通过
init data completed...
[0.4642857142857143, 0.5, 0.3333333333333333, 0.42424242424242425, 0.6153846153846154, 0.5869565217391305, 0.011288982816040516, 0.011109190993010998, 0.3698413486006611, 0.36980939230545073, 0.45359672130179907, 0.5388868972579968, 0.03430223491575037, 0.03430223491575037, 0.9524951055645943, 0.0, 0.0, 0.0, 0.030164423026144502, 0.49492613365873694, 0.49585234420374036, 0.0, -0.0, 0.03535054624080658, 0.48585978150367737, 0.0, 0.6976744186046512, 0.010706647299230099, 0.0]
[0.4642857142857143, 0.5, 0.3333333333333333, 0.42424242424242425, 0.6153846153846154, 0.5869565217391305, 0.010150210000574589, 0.01003857608884573, 0.3668913403614985, 0.3668591561326561, 0.45331834880617333, 0.5388826448711742, 0.05168187032852854, 0.05168187032852854, 0.946751318871975, 0.0, 0.0, 0.0, 0.024773954972624777, 0.48835749737918377, 0.4918461190536618, 0.0, -0.0, 0.0, 0.5, 0.0, 0.6976744186046512, 0.016772247850894928, 0.0]
[0.4642857142857143, 0.5, 0.3333333333333333, 0.42424242424242425, 0.6153846153846154, 0.5869565217391305, 0.27439597249031067, 0.2736041247844696, 0.3044882404188809, 0.3044553040090528, 0.46395858706297427, 0.5292323978812876, 0.06088732608727047, 0.06088732608727047, 0.9242026209831238, 0.0, 0.0, 0.0, 0.03213575929403305, 0.4908301401883364, 0.4919003723189235, 0.0, -0.0, 0.0, 0.5, 0.0, 0.6976744186046512, 0.01274827029556036, 0.0]
[0.4642857142857143, 0.5, 0.3333333333333333, 0.42424242424242425, 0.6153846153846154, 0.5869565217391305, 0.22744989395141602, 0.22709795832633972, 0.3194206513136796, 0.31938777188725953, 0.4641253575540182, 0.528741066993258, 0.06328225934079716, 0.06328225934079716, 0.9219773262739182, 0.0, 0.0, 0.0, 0.03308233208954334, 0.49065397307276726, 0.491688777692616, 0.0, -0.0, 0.0, 0.5, 0.0, 0.6976744186046512, 0.012785375118255615, 0.0]
[0.4642857142857143, 0.5, 0.3333333333333333, 0.42424242424242425, 0.6153846153846154, 0.5869565217391305, 0.06581901758909225, 0.06477808952331543, 0.3868099704071395, 0.3867781394754268, 0.4725824617291044, 0.5193423946267965, 0.13098958879709244, 0.13098958879709244, 0.8600590452551842, 0.0, 0.0, 0.0, 0.03943115714937448, 0.48469026014208794, 0.48555744532495737, 0.0, -0.0, 0.020000148564577103, 0.5354470492355408, 0.018653811886906624, 0.7787102014692717, 0.012093046680092812, 0.0]
[0.4642857142857143, 0.5, 0.3333333333333333, 0.42424242424242425, 0.6153846153846154, 0.5869565217391305, 0.5751479864120483, 0.5742088556289673, 0.2617219647759461, 0.26169267530423046, 0.48446189964022734, 0.509964672210289, 0.38043330822672167, 0.38043330822672167, 0.7457710802555084, 0.0, 0.0, 0.0, 0.06382107697427272, 0.4684787541627884, 0.4685385450720787, 0.0, -0.0, 0.03181510418653488, 0.6031746031746031, 0.030422009527683258, 0.8, 0.012985121458768845, 0.0]
[0.4642857142857143, 0.5, 0.3333333333333333, 0.42424242424242425, 0.6153846153846154, 0.5869565217391305, 0.25048959255218506, 0.2493569552898407, 0.3403922435658384, 0.34036385443196926, 0.4757259115434286, 0.5169145965844627, 0.3951857345444816, 0.3951857345444816, 0.7429193407297134, 0.0, 0.0, 0.0, 0.06348204426467419, 0.46687719225883484, 0.4668785519897938, 0.0, -0.0, 0.03420541062951088, 0.6031746031746031, 0.032831620424985886, 0.8, 0.013610629364848137, 0.0]
[0.4642857142857143, 0.5, 0.3333333333333333, 0.42424242424242425, 0.6153846153846154, 0.5869565217391305, 0.1241578534245491, 0.1229294091463089, 0.39474517209580023, 0.39471789983672806, 0.45959733343944953, 0.5326071134324233, 0.4186211100646428, 0.4186211100646428, 0.7457441166043282, 0.0, 0.0, 0.0, 0.07205829247832297, 0.46683507412672043, 0.4662783406674862, 0.11175075173377991, -0.0, 0.03403334692120552, 0.5284515453709496, 0.03257020190358162, 0.7700516378810239, 0.01456099096685648, 0.0]
[0.4642857142857143, 0.5, 0.3333333333333333, 0.42424242424242425, 0.6153846153846154, 0.5869565217391305, 0.12984853982925415, 0.12855488061904907, 0.3912511432603942, 0.391223814017914, 0.4585473372193185, 0.5336118463069891, 0.4242004667009626, 0.4242004667009626, 0.7600087076425552, 0.0, 0.0, 0.0, 0.07887513376772404, 0.46705422177910805, 0.4660434201359749, 0.12179767340421677, 0.12179767340421677, 0.03516627475619316, 0.5662897919851636, 0.0334341935813427, 0.7863785937255205, 0.01633290760219097, 0.00484486052300781]
[0.0, 0.0, 1.0, 1.0, 0.6153846153846154, 0.5869565217391305, 0.9563292264938354, 0.9562117457389832, 0.30153928067442565, 0.30151065221024287, 0.463927001159916, 0.5300994374733303, 0.8007967046328954, 0.8007967046328954, 0.6353186070919037, 0.0, 0.0, 0.0, 0.08190607503056525, 0.44678009301424026, 0.44639842584729195, 0.12461193650960922, 0.12461193650960922, 0.10497287660837173, 0.4580108493566513, 0.09997446835041046, 0.5900395956150322, 0.018487293273210526, 0.005595748662017286]
[0.0, 0.0, 1.0, 1.0, 0.6153846153846154, 0.5869565217391305, 0.566976010799408, 0.5657910704612732, 0.29461374519887895, 0.2945806948222348, 0.45122322844729595, 0.5336348006483196, 1.0, 1.0, 0.7010061889886856, 0.0, 0.0, 0.0, 0.10384325310587883, 0.4334142580628395, 0.43815435469150543, 0.15732920169830322, 0.15732920169830322, 0.16530580818653107, 0.4338776767253876, 0.15338651835918427, 0.4386453926563263, 0.02409658581018448, 0.006143188802525401]
[0.0, 0.0, 1.0, 1.0, 0.6153846153846154, 0.5869565217391305, 0.2602982819080353, 0.2586035430431366, 0.38013705377596974, 0.3801057470916106, 0.4395021460024394, 0.5443312872271643, 1.0, 1.0, 0.7383841127157211, 0.0, 0.0, 0.0, 0.27325449138879776, 0.3569030910730362, 0.3738323152065277, 0.41050755977630615, 0.41050755977630615, 0.2492421418428421, 0.40030314326286315, 0.22923217713832855, 0.4083071291446686, 0.030271681025624275, 0.0]
[0.0, 0.0, 1.0, 1.0, 0.6153846153846154, 0.5869565217391305, 0.20518416166305542, 0.20295867323875427, 0.3919640284879258, 0.3919341463887669, 0.43332654066796966, 0.5530388288505397, 1.0, 1.0, 0.7523368820548058, 0.0, 0.0, 0.0, 0.41239320039749144, 0.24465546011924744, 0.27573101222515106, 0.6147008538246155, 0.6147008538246155, 0.29167231917381287, 0.38333107233047486, 0.26640403270721436, 0.39343838691711425, 0.0749664381146431, 0.0]
[0.0, 0.0, 1.0, 1.0, 0.6153846153846154, 0.5869565217391305, 0.7708619236946106, 0.763180673122406, 0.3161874013466771, 0.3161585449488623, 0.45175050731826694, 0.5410541757064335, 1.0, 1.0, 0.7184681594371796, 0.0, 0.0, 0.0, 0.45971435606479644, 0.18195247650146484, 0.2031330168247223, 0.678196907043457, 0.678196907043457, 0.29362010955810547, 0.3825519561767578, 0.27254462242126465, 0.39098215103149414, 0.09202682971954346, 0.0]
[0.0, 0.0, 1.0, 1.0, 0.6153846153846154, 0.5869565217391305, 0.1770341843366623, 0.17070995271205902, 0.428183759603628, 0.42815629929930943, 0.4785978909774219, 0.5110111895933611, 1.0, 1.0, 0.7233351618051529, 0.0, 0.0, 0.0, 0.4550079733133316, 0.18693169951438904, 0.21092399954795837, 0.6744043827056885, 0.6744043827056885, 0.2847834527492523, 0.38608661890029905, 0.2723541557788849, 0.39105833768844606, 0.13570652902126312, 0.0]
[0.4642857142857143, 0.5, 0.3333333333333333, 0.42424242424242425, 0.6153846153846154, 0.5869565217391305, 0.0, 0.0, 0.4617005055538783, 0.4616749342495351, 0.5171383639822499, 0.47752323451000644, 1.0, 1.0, 0.7244859784841537, 0.0, 0.0, 0.0, 0.4533799529075622, 0.20853948593139648, 0.23534587025642395, 0.6750439405441284, 0.6750439405441284, 0.28454694151878357, 0.38618122339248656, 0.2723667621612549, 0.391053295135498, 0.17761728167533875, 0.0]
[0.4642857142857143, 0.5, 0.3333333333333333, 0.42424242424242425, 0.6153846153846154, 0.5869565217391305, 0.0, 0.0, 0.45903230590984423, 0.4590066234878555, 0.5205600039452941, 0.47402413984962855, 1.0, 1.0, 0.722560703754425, 0.0, 0.0, 0.0, 0.45197104215621947, 0.21605587005615234, 0.2403404414653778, 0.6738097667694092, 0.6738097667694092, 0.28456321358680725, 0.3861747145652771, 0.2725158631801605, 0.3909936547279358, 0.1866159588098526, 0.0]
[0.4642857142857143, 0.5, 0.3333333333333333, 0.42424242424242425, 0.6153846153846154, 0.5869565217391305, 0.0, 0.0, 0.4559407052984657, 0.4559147721494817, 0.5126838712573736, 0.4813930860162415, 1.0, 1.0, 0.7233140617609024, 0.0, 0.0, 0.0, 0.4385258078575134, 0.2255338728427887, 0.2452562153339386, 0.6503139734268188, 0.6503139734268188, 0.2856694161891937, 0.3857322335243225, 0.27496135234832764, 0.3900154590606689, 0.20101769268512726, 0.0]
[0.4642857142857143, 0.5, 0.3333333333333333, 0.42424242424242425, 0.6153846153846154, 0.5869565217391305, 0.0, 0.0, 0.4590956372695033, 0.45906953601946565, 0.5044248449699829, 0.48902750648407767, 1.0, 1.0, 0.7223040908575058, 0.0, 0.0, 0.0, 0.433590030670166, 0.23370987176895142, 0.25044551491737366, 0.6404638886451721, 0.6404638886451721, 0.2881871461868286, 0.38472514152526854, 0.2794186770915985, 0.3882325291633606, 0.21385179460048676, 0.0]
[0.4642857142857143, 0.5, 0.3333333333333333, 0.42424242424242425, 0.6153846153846154, 0.5869565217391305, 0.0, 0.0, 0.44978503560928723, 0.44975861240299436, 0.4959297962557973, 0.49730006704316265, 1.0, 1.0, 0.7212182730436325, 0.0, 0.0, 0.0, 0.4399638414382934, 0.2324131429195404, 0.24935144186019897, 0.6463249921798706, 0.6463249921798706, 0.2877335846424103, 0.38490656614303587, 0.28039994835853577, 0.3878400206565857, 0.21652843058109283, 0.0]
[0.0, 0.0, 1.0, 1.0, 0.6153846153846154, 0.5869565217391305, 0.8960321545600891, 0.8946366310119629, 0.32341061814565275, 0.3233822062184204, 0.46443575757411426, 0.5303350296753948, 1.0, 1.0, 0.7090584635734558, 0.0, 0.0, 0.0, 0.4283376783132553, 0.19691070914268494, 0.20787560939788818, 0.6254186630249023, 0.6254186630249023, 0.28127360343933105, 0.38749055862426757, 0.27721965312957764, 0.38911213874816897, 0.1659148931503296, 0.0]
[0.0, 0.0, 1.0, 1.0, 0.6153846153846154, 0.5869565217391305, 0.70014888048172, 0.6699444055557251, 0.3134647683021443, 0.3134338377082781, 0.45131666983974594, 0.5384262191697192, 1.0, 1.0, 0.7107332348823547, 0.0, 0.0, 0.0, 0.39954410791397094, 0.23730763792991638, 0.25182436406612396, 0.5881409645080566, 0.5881409645080566, 0.28164979815483093, 0.38734008073806764, 0.2780363857746124, 0.38878544569015505, 0.14022400975227356, 0.0]
[0.0, 0.0, 1.0, 1.0, 0.6153846153846154, 0.5869565217391305, 0.41094326972961426, 0.41037729382514954, 0.33548341927975134, 0.3354497078955743, 0.45217783729159355, 0.5306739954779248, 1.0, 1.0, 0.7146718502044678, 0.0, 0.0, 0.0, 0.10360172241926192, 0.47333405539393425, 0.4715926107019186, 0.15656039118766785, 0.15656039118766785, 0.21977178752422333, 0.41209128499031067, 0.20530983805656433, 0.5771732157052949, 0.04199892655014992, 0.0]
[0.0, 0.0, 1.0, 1.0, 0.6153846153846154, 0.5869565217391305, 0.27425044775009155, 0.27050599455833435, 0.3589505656955347, 0.3589184270534187, 0.46361384314287235, 0.5214853240649919, 0.6979089336735862, 0.6979089336735862, 0.7608582004904747, 0.0, 0.0, 0.0, 0.0826233472675085, 0.48359653912484646, 0.4828094206750393, 0.12622414529323578, 0.12622414529323578, 0.07326005399227142, 0.6031746031746031, 0.06512132287025452, 0.8, 0.0477776974439621, 0.0]
[0.4642857142857143, 0.5, 0.3333333333333333, 0.42424242424242425, 0.6153846153846154, 0.5869565217391305, 0.16972671449184418, 0.16816817224025726, 0.3713276924184358, 0.37130022641577637, 0.4665574122569301, 0.5207061329439032, 0.3461731863873346, 0.3461731863873346, 0.8429727032780647, 0.0, 0.0, 0.0, 0.07318055406212806, 0.4894642950966954, 0.4897405281662941, 0.0, -0.0, 0.0427560992538929, 0.6031746031746031, 0.039362531155347824, 0.8, 0.04943615943193436, 0.0]
[0.4642857142857143, 0.5, 0.3333333333333333, 0.42424242424242425, 0.6153846153846154, 0.5869565217391305, 0.16945189237594604, 0.16796056926250458, 0.37616795426800875, 0.37614048826534935, 0.46557475333004106, 0.5215626932872135, 0.31500254358564106, 0.31500254358564106, 0.8482599854469299, 0.0, 0.0, 0.0, 0.07048293724656104, 0.4914584467187524, 0.4917203336954117, 0.0, -0.0, 0.035232461988925934, 0.6031746031746031, 0.03261064365506172, 0.8, 0.0499831922352314, 0.0]
[0.4642857142857143, 0.5, 0.3333333333333333, 0.42424242424242425, 0.6153846153846154, 0.5869565217391305, 0.16075310111045837, 0.15960650146007538, 0.3820451773831311, 0.3820178937273773, 0.46489400389545504, 0.522437317370862, 0.28583386114665443, 0.28583386114665443, 0.8481608256697655, 0.0, 0.0, 0.0, 0.06899572759866714, 0.493020870257169, 0.4932919177226722, 0.0, -0.0, 0.03055017814040184, 0.6031746031746031, 0.02795604057610035, 0.8, 0.05050092190504074, 0.0]
[0.4642857142857143, 0.5, 0.3333333333333333, 0.42424242424242425, 0.6153846153846154, 0.5869565217391305, 0.1573571115732193, 0.15600982308387756, 0.38587303781600574, 0.38584575416025196, 0.4668462298112435, 0.5202584684414293, 0.2876783694539751, 0.2876783694539751, 0.8445410430431366, 0.0, 0.0, 0.0, 0.06901687085628509, 0.49360282253473997, 0.49388823192566633, 0.0, -0.0, 0.028667641803622246, 0.6031746031746031, 0.02606966905295849, 0.8, 0.051407426595687866, 0.0]
[0.4642857142857143, 0.5, 0.3333333333333333, 0.42424242424242425, 0.6153846153846154, 0.5869565217391305, 0.0, 0.0, 0.486384991364087, 0.48636052981161476, 0.521636159823456, 0.4675641075324324, 0.38513566766466417, 0.38513566766466417, 0.8429203703999519, 0.0, 0.0, 0.0, 0.06795828677713871, 0.49446756672114134, 0.4947876473888755, 0.0, -0.0, 0.028190217912197113, 0.6031746031746031, 0.025362791493535042, 0.8, 0.05850253254175186, 0.0]
[0.4642857142857143, 0.5, 0.3333333333333333, 0.42424242424242425, 0.6153846153846154, 0.5869565217391305, 0.0, 0.0, 0.48556508844714774, 0.48554092035922675, 0.5320910666686399, 0.45809434836448215, 0.3703446686267853, 0.3703446686267853, 0.8393611907958984, 0.0, 0.0, 0.0, 0.07003877498209476, 0.49480106262490153, 0.4951825123280287, 0.0, -0.0, 0.028499653562903404, 0.6031746031746031, 0.02538766898214817, 0.8, 0.06757775694131851, 0.0]
[0.4642857142857143, 0.5, 0.3333333333333333, 0.42424242424242425, 0.6153846153846154, 0.5869565217391305, 0.0, 0.0, 0.4764012689230319, 0.4763771165055481, 0.5270826695754013, 0.4636389992154529, 0.3473377972841263, 0.3473377972841263, 0.8265220671892166, 0.0, 0.0, 0.0, 0.07105778716504574, 0.49488309444859624, 0.49534034775570035, 0.0, -0.0, 0.028107790276408195, 0.6031746031746031, 0.024840041995048523, 0.8, 0.06915190815925598, 0.0]
[0.4642857142857143, 0.5, 0.3333333333333333, 0.42424242424242425, 0.6153846153846154, 0.5869565217391305, 0.03774459287524223, 0.03153412789106369, 0.46405590617633913, 0.46403148308766734, 0.5075134617876597, 0.48298384623084833, 0.34451742257390705, 0.34451742257390705, 0.820731870830059, 0.0, 0.0, 0.0, 0.07252718620002269, 0.49491559201851487, 0.49554640566930175, 0.0, -0.0, 0.027601569890975952, 0.6031746031746031, 0.023907097056508064, 0.8, 0.07034198939800262, 0.0]
[0.4642857142857143, 0.5, 0.3333333333333333, 0.42424242424242425, 0.6153846153846154, 0.5869565217391305, 0.05885346606373787, 0.05261476710438728, 0.4612028324125374, 0.46117812155765514, 0.49868262658896456, 0.4911501384323409, 0.35107583871909553, 0.35107583871909553, 0.822482243180275, 0.0, 0.0, 0.0, 0.07151649259030818, 0.49498793855309486, 0.4956424171105027, 0.0, -0.0, 0.028087735176086426, 0.6031746031746031, 0.024159101769328117, 0.8, 0.07080335915088654, 0.0]
[0.0, 0.0, 1.0, 1.0, 0.6153846153846154, 0.5869565217391305, 0.8585476279258728, 0.8601946830749512, 0.30578007707176424, 0.30575495878551473, 0.46013035338877717, 0.5355563367251406, 0.49349488956587656, 0.49349488956587656, 0.8302124962210655, 0.0, 0.0, 0.0, 0.07344086281955242, 0.49470833968371153, 0.49538226891309023, 0.0, -0.0, 0.032367829233407974, 0.6031746031746031, 0.028714360669255257, 0.8, 0.07202685624361038, 0.0]
[0.0, 0.0, 1.0, 1.0, 0.6153846153846154, 0.5869565217391305, 0.37151870131492615, 0.3688492476940155, 0.31612681658728403, 0.31609899728749496, 0.4642670980830949, 0.5244894323517164, 0.4314223144735609, 0.4314223144735609, 0.8290784060955048, 0.0, 0.0, 0.0, 0.08305852077901363, 0.4937934563495219, 0.49438858730718493, 0.0, -0.0, 0.038224220275878906, 0.6031746031746031, 0.03486389294266701, 0.8, 0.0716123878955841, 0.0]
[0.0, 0.0, 1.0, 1.0, 0.6153846153846154, 0.5869565217391305, 0.22929027676582336, 0.22666306793689728, 0.3553354129280688, 0.3553035705996745, 0.464343666688434, 0.5233443251252807, 0.4777775279113225, 0.4777775279113225, 0.8049121871590614, 0.0, 0.0, 0.0, 0.08951784856617451, 0.4933524620719254, 0.4938626759685576, 0.13621889054775238, -0.0, 0.040117498487234116, 0.6031746031746031, 0.03640294075012207, 0.8, 0.06849201768636703, 0.0]
[0.0, 0.0, 1.0, 1.0, 0.6153846153846154, 0.5869565217391305, 0.23096463084220886, 0.22890067100524902, 0.3474950772170583, 0.34746296136830546, 0.4711483004672122, 0.5162105010476162, 0.6046496118818011, 0.6046496118818011, 0.7739628404378891, 0.0, 0.0, 0.0, 0.3146950677037239, 0.43114811927080154, 0.43068692088127136, 0.47589221596717834, 0.47589221596717834, 0.06590262055397034, 0.4737538056714194, 0.0, 0.6976744186046512, 0.049760449677705765, 0.0]
[0.0, 0.0, 1.0, 1.0, 0.6153846153846154, 0.5869565217391305, 0.24912644922733307, 0.24712692201137543, 0.34149604636898, 0.3414636569998688, 0.47259025990849013, 0.5144791228770703, 0.6641502252646856, 0.6641502252646856, 0.7658605352044106, 0.0, 0.0, 0.0, 0.3240105241537094, 0.4228493869304657, 0.42219968885183334, 0.48964008688926697, 0.48964008688926697, 0.0, 0.5, 0.0, 0.6976744186046512, 0.049258675426244736, 0.0]
[0.0, 0.0, 1.0, 1.0, 0.6153846153846154, 0.5869565217391305, 0.34231963753700256, 0.33911821246147156, 0.32582835576730296, 0.32579496349021075, 0.4723107762364083, 0.5132048542088755, 0.6712316828114646, 0.6712316828114646, 0.7779707834124565, 0.0, 0.0, 0.0, 0.1867509678006172, 0.4633478596806526, 0.4623519852757454, 0.2829669713973999, 0.2829669713973999, 0.07749498635530472, 0.6031746031746031, 0.07229112833738327, 0.8, 0.050127774477005005, 0.0]
[0.0, 0.0, 1.0, 1.0, 0.6153846153846154, 0.5869565217391305, 0.3377361297607422, 0.33498629927635193, 0.32776328436959085, 0.3277289461679258, 0.4726120047769857, 0.5108937638844809, 0.6709466874599457, 0.6709466874599457, 0.767084926366806, 0.0, 0.0, 0.0, 0.12420781925320624, 0.48244563303887844, 0.4819482918828726, 0.1889219582080841, 0.1889219582080841, 0.07390155643224716, 0.6031746031746031, 0.06823903322219849, 0.8, 0.05776432901620865, 0.0]
[0.0, 0.0, 1.0, 1.0, 0.6153846153846154, 0.5869565217391305, 0.1856328845024109, 0.18540608882904053, 0.43383006315614253, 0.4337975427251929, 0.5035603486186687, 0.4787007339547236, 0.7630694338253566, 0.7630694338253566, 0.7680996805429459, 0.0, 0.0, 0.0, 0.11216970682144164, 0.4846795527264476, 0.4843671228736639, 0.16916555166244507, 0.16916555166244507, 0.07691913098096848, 0.6031746031746031, 0.07144257426261902, 0.8, 0.06684189289808273, 0.0]
[0.4642857142857143, 0.5, 0.3333333333333333, 0.42424242424242425, 0.6153846153846154, 0.5869565217391305, 0.01299701351672411, 0.013134855777025223, 0.4811415704782789, 0.4811119903911824, 0.5389707447465929, 0.4475480301607585, 0.6915373035839626, 0.6915373035839626, 0.7661178037524223, 0.0, 0.0, 0.0, 0.11949911043047905, 0.4854109240695834, 0.48511194065213203, 0.18224479258060455, 0.18224479258060455, 0.07393752783536911, 0.6031746031746031, 0.06855654716491699, 0.8, 0.0686706155538559, 0.0]
[0.4642857142857143, 0.5, 0.3333333333333333, 0.42424242424242425, 0.6153846153846154, 0.5869565217391305, 0.0, 0.0, 0.4879495050209658, 0.4879204748237566, 0.5444342027886648, 0.44302433393602797, 0.7467837418828692, 0.7467837418828692, 0.7565927281975746, 0.0, 0.0, 0.0, 0.18203794062137602, 0.4736358691006899, 0.47297555580735207, 0.27867749333381653, 0.27867749333381653, 0.07395102828741074, 0.6031746031746031, 0.06933123618364334, 0.8, 0.07067901641130447, 0.0]
[0.4642857142857143, 0.5, 0.3333333333333333, 0.42424242424242425, 0.6153846153846154, 0.5869565217391305, 0.0, 0.0, 0.4894578237777458, 0.48942892820383804, 0.5334711962630598, 0.4540111566770095, 0.8358484932354519, 0.8358484932354519, 0.730928897857666, 0.0, 0.0, 0.0, 0.21237145364284515, 0.4591386429965496, 0.4582454301416874, 0.3267723619937897, 0.3267723619937897, 0.08783670514822006, 0.46486531794071195, 0.0, 0.6976744186046512, 0.0719607025384903, 0.0]
[0.4642857142857143, 0.5, 0.3333333333333333, 0.42424242424242425, 0.6153846153846154, 0.5869565217391305, 0.0, 0.0, 0.4859058221599112, 0.485878264983799, 0.5346391310427431, 0.4526722745224755, 0.8376704369272505, 0.8376704369272505, 0.7273362129926682, 0.0, 0.0, 0.0, 0.20686054229736328, 0.45836394280195236, 0.4574676491320133, 0.31643521785736084, 0.31643521785736084, 0.09014377743005753, 0.5236881290163312, 0.08450327813625336, 0.7476910875113898, 0.07240532338619232, 0.0]
[0.4642857142857143, 0.5, 0.3333333333333333, 0.42424242424242425, 0.6153846153846154, 0.5869565217391305, 0.0, 0.0, 0.4965873708944932, 0.49655991913768577, 0.537543638030612, 0.4493635329365452, 0.8107171314103263, 0.8107171314103263, 0.7432816252112389, 0.0, 0.0, 0.0, 0.14447061717510223, 0.473751749843359, 0.47330470755696297, 0.21902862191200256, 0.21902862191200256, 0.09206043183803558, 0.6031746031746031, 0.08673050999641418, 0.7889431056588195, 0.07228567451238632, 0.0]
[0.4642857142857143, 0.5, 0.3333333333333333, 0.42424242424242425, 0.6153846153846154, 0.5869565217391305, 0.0, 0.0, 0.5007981778145634, 0.5007708855222619, 0.5500817656744963, 0.4371596357739856, 0.7374592551163265, 0.7374592551163265, 0.7470811232924461, 0.0, 0.0, 0.0, 0.13701470345258712, 0.478213669732213, 0.4780713729560375, 0.20760059356689453, 0.20760059356689453, 0.08567533642053604, 0.6031746031746031, 0.08089600503444672, 0.8, 0.07221982628107071, 0.0]
[0.4642857142857143, 0.5, 0.3333333333333333, 0.42424242424242425, 0.6153846153846154, 0.5869565217391305, 0.0, 0.0, 0.49644681490801035, 0.4964206858785613, 0.5566798061075448, 0.4338466888125444, 0.47832744462149485, 0.47832744462149485, 0.813843309879303, 0.0, 0.0, 0.0, 0.10836292430758476, 0.48706088215112686, 0.4877649061381817, 0.16111817955970764, 0.16111817955970764, 0.05638720467686653, 0.6031746031746031, 0.05177653953433037, 0.8, 0.07343129068613052, 0.0]
[0.4642857142857143, 0.5, 0.3333333333333333, 0.42424242424242425, 0.6153846153846154, 0.5869565217391305, 0.0, 0.0, 0.505583426279388, 0.5055597959723801, 0.570014413638507, 0.4263789790031737, 0.24326322334153314, 0.24326322334153314, 0.8655063435435295, 0.0, 0.0, 0.0, 0.09191195741295814, 0.49244054313749075, 0.49333685496822, 0.13504761457443237, 0.13504761457443237, 0.033261317759752274, 0.6031746031746031, 0.02873178943991661, 0.8, 0.0800810232758522, 0.0]
[0.4642857142857143, 0.5, 0.3333333333333333, 0.42424242424242425, 0.6153846153846154, 0.5869565217391305, 0.0, 0.0, 0.5121522146360824, 0.5121289810760528, 0.5643337433926234, 0.4325464414086392, 0.18650627561977934, 0.18650627561977934, 0.8910209313035011, 0.0, 0.0, 0.0, 0.08897247090935706, 0.49328982550650835, 0.4942446150816977, 0.13319726288318634, 0.13319726288318634, 0.030118098482489586, 0.6031746031746031, 0.025699803605675697, 0.8, 0.09157497435808182, 0.0]
[0.4642857142857143, 0.5, 0.3333333333333333, 0.42424242424242425, 0.6153846153846154, 0.5869565217391305, 0.0, 0.0, 0.49236863241824774, 0.492344747110489, 0.5435785883699275, 0.45250582598768685, 0.14560053391116007, 0.14560053391116007, 0.9034341610968113, 0.0, 0.0, 0.0, 0.07564831748604774, 0.4947958434931934, 0.4955639415420592, 0.11250174790620804, 0.11250174790620804, 0.02268928848206997, 0.6031746031746031, 0.01989748701453209, 0.8, 0.08778811991214752, 0.0]
[0.4642857142857143, 0.5, 0.3333333333333333, 0.42424242424242425, 0.6153846153846154, 0.5869565217391305, 0.0, 0.0, 0.49121383801245094, 0.491189901419625, 0.5439410199398749, 0.45208429692529534, 0.1428125851920673, 0.1428125851920673, 0.9039102010428905, 0.0, 0.0, 0.0, 0.07567874155938625, 0.4950583637692034, 0.4957634308375418, 0.11243385821580887, 0.11243385821580887, 0.021574165672063828, 0.6031746031746031, 0.018922774121165276, 0.8, 0.08706331998109818, 0.0]
[0.4642857142857143, 0.5, 0.3333333333333333, 0.42424242424242425, 0.6153846153846154, 0.5869565217391305, 0.0, 0.0, 0.49015208326607773, 0.49012806760877314, 0.5626703920145564, 0.4335455542945903, 0.1390246514763151, 0.1390246514763151, 0.9059010818600655, 0.0, 0.0, 0.0, 0.08012631237506866, 0.49593932647258043, 0.49648048053495586, 0.11901237815618515, 0.11901237815618515, 0.018322575837373734, 0.6031746031746031, 0.015968680381774902, 0.8, 0.08588358759880066, 0.0]
[0.4642857142857143, 0.5, 0.3333333333333333, 0.42424242424242425, 0.6153846153846154, 0.5869565217391305, 0.0, 0.0, 0.4868495970337614, 0.48682546883422606, 0.5641815805982221, 0.43198564489707847, 0.1372932642698288, 0.1372932642698288, 0.906440794467926, 0.0, 0.0, 0.0, 0.08196395821869373, 0.49614040995948017, 0.4966747418511659, 0.12203972786664963, 0.12203972786664963, 0.017472051084041595, 0.6031746031746031, 0.015140915289521217, 0.8, 0.08736161887645721, 0.0]
[0.4642857142857143, 0.5, 0.3333333333333333, 0.42424242424242425, 0.6153846153846154, 0.5869565217391305, 0.7300814986228943, 0.7287013530731201, 0.27039069108251856, 0.2703634074267648, 0.48681170449202193, 0.5097424654107654, 0.12970236795289178, 0.12970236795289178, 0.9086823686957359, 0.0, 0.0, 0.0, 0.08138962723314762, 0.49606602219864726, 0.49648441444151103, 0.12069494277238846, 0.12069494277238846, 0.018606584519147873, 0.6031746031746031, 0.01681545004248619, 0.8, 0.07419431954622269, 0.0]
[0.4642857142857143, 0.5, 0.3333333333333333, 0.42424242424242425, 0.6153846153846154, 0.5869565217391305, 0.3983510434627533, 0.3965509235858917, 0.2876558431475842, 0.28762862787192, 0.48071893736235727, 0.5154198591106885, 0.12415867298841478, 0.12415867298841478, 0.9087598919868469, 0.0, 0.0, 0.0, 0.0815084706991911, 0.49585437308996916, 0.4961598652880639, 0.12030596286058426, 0.12030596286058426, 0.020250067114830017, 0.6031746031746031, 0.018627392128109932, 0.8, 0.06972760707139969, 0.0]
[0.4642857142857143, 0.5, 0.3333333333333333, 0.42424242424242425, 0.6153846153846154, 0.5869565217391305, 0.16497336328029633, 0.1642262041568756, 0.3691223775451543, 0.36909516226949013, 0.4822730572456156, 0.5111302792177551, 0.09107391749109542, 0.09107391749109542, 0.9167446158826351, 0.0, 0.0, 0.0, 0.07408227436244487, 0.49579945858567953, 0.4960089698433876, 0.10986273735761642, 0.10986273735761642, 0.019054466858506203, 0.6031746031746031, 0.017315343022346497, 0.8, 0.06488475203514099, 0.0]
[0.4642857142857143, 0.5, 0.3333333333333333, 0.42424242424242425, 0.6153846153846154, 0.5869565217391305, 0.1576538383960724, 0.1569441556930542, 0.35621505440079226, 0.35618644872997274, 0.4825677070517385, 0.5081678998807142, 0.1614038007599967, 0.1614038007599967, 0.8860366307199001, 0.0, 0.0, 0.0, 0.07861693203449249, 0.4959902763366699, 0.4962005221750587, 0.11642484366893768, 0.11642484366893768, 0.01873212307691574, 0.6031746031746031, 0.01667100377380848, 0.8, 0.06340478360652924, 0.0]
[0.09217055567673277, 0.0992605984210968, 0.8014788031578064, 0.8014788031578064, 0.6153846153846154, 0.5869565217391305, 0.25825992226600647, 0.2570025324821472, 0.33516593052369914, 0.3351363903249883, 0.49201960690732666, 0.49758231725970326, 0.2003688578094755, 0.2003688578094755, 0.8665075451135635, 0.0, 0.0, 0.0, 0.08036994226276874, 0.49611506913788617, 0.49630619399249554, 0.11824128031730652, -0.0, 0.01880103349685669, 0.6031746031746031, 0.0163851510733366, 0.8, 0.0615219846367836, 0.0]
[0.052574650517531796, 0.05661885440349579, 0.8867622911930084, 0.8867622911930084, 0.6153846153846154, 0.5869565217391305, 0.32060956954956055, 0.31978026032447815, 0.322198022619944, 0.3221682316942379, 0.49520523299108726, 0.4943479618145854, 0.21523054156984603, 0.21523054156984603, 0.8641945123672485, 0.0, 0.0, 0.0, 0.07732488550245761, 0.4960807044990361, 0.4962253086268902, 0.0, -0.0, 0.018537431955337524, 0.6031746031746031, 0.015979701653122902, 0.8, 0.05772637575864792, 0.0]
[0.03870802585567745, 0.0416855663061142, 0.9166288673877716, 0.9166288673877716, 0.6153846153846154, 0.5869565217391305, 0.2536374032497406, 0.2525274157524109, 0.3333986357110864, 0.3333689815455595, 0.49897577897796896, 0.4903499375287201, 0.21575559462819782, 0.21575559462819782, 0.8624206557869911, 0.0, 0.0, 0.0, 0.07513808645308018, 0.4960159189067781, 0.4960953912232071, 0.0, -0.0, 0.01805352047085762, 0.6031746031746031, 0.01534538809210062, 0.8, 0.054460056126117706, 0.0]
[0.018755703100136356, 0.02019844949245453, 0.9596031010150909, 0.9596031010150909, 0.6153846153846154, 0.5869565217391305, 0.2700135111808777, 0.2680280804634094, 0.3321880118112947, 0.33215834624908624, 0.49489929477183814, 0.49445455497760343, 0.21735547908714842, 0.21735547908714842, 0.859831228852272, 0.0, 0.0, 0.0, 0.0744385439902544, 0.4959992556832731, 0.49605269357562065, 0.0, -0.0, 0.01795147731900215, 0.6031746031746031, 0.015176941640675068, 0.8, 0.053701795637607574, 0.0]
[0.4642857142857143, 0.5, 0.3333333333333333, 0.42424242424242425, 0.6153846153846154, 0.5869565217391305, 0.10863745212554932, 0.10628386586904526, 0.43882500646675066, 0.43879730113377763, 0.6457928585504711, 0.3467110916893017, 0.317822630916323, 0.317822630916323, 0.8558992743492126, 0.0, 0.0, 0.0, 0.07265131287276744, 0.49617217341437936, 0.4962323857471347, 0.0, -0.0, 0.01785530149936676, 0.6031746031746031, 0.01520997192710638, 0.8, 0.055947043001651764, 0.0]
[0.4642857142857143, 0.5, 0.3333333333333333, 0.42424242424242425, 0.6153846153846154, 0.5869565217391305, 0.0, 0.0, 0.4733204481478631, 0.4732944836580047, 0.6674044314579571, 0.32808868601896063, 0.31167298555374146, 0.31167298555374146, 0.8492737039923668, 0.0, 0.0, 0.0, 0.07271197587251663, 0.49634187994524837, 0.49645101465284824, 0.0, -0.0, 0.017473479732871056, 0.6031746031746031, 0.01512568537145853, 0.8, 0.058311935514211655, 0.0]
[0.4642857142857143, 0.5, 0.3333333333333333, 0.42424242424242425, 0.6153846153846154, 0.5869565217391305, 0.0, 0.0, 0.47273222552202854, 0.47270462275918995, 0.6615521556788604, 0.33384483078874955, 0.314609557390213, 0.314609557390213, 0.8282007798552513, 0.0, 0.0, 0.0, 0.07718555852770805, 0.496297910111025, 0.49647624092176557, 0.0, -0.0, 0.017619909718632698, 0.6031746031746031, 0.01545561570674181, 0.8, 0.06096973270177841, 0.0]
[0.4642857142857143, 0.5, 0.3333333333333333, 0.42424242424242425, 0.6153846153846154, 0.5869565217391305, 0.0, 0.0, 0.47846530768201184, 0.47843811235054046, 0.6517104601085072, 0.3438638587248206, 0.3241922280618123, 0.3241922280618123, 0.8210676237940788, 0.0, 0.0, 0.0, 0.08113227300345897, 0.4961318594869226, 0.49638928356580436, 0.0, -0.0, 0.01816706545650959, 0.6031746031746031, 0.016041681170463562, 0.8, 0.06351852416992188, 0.0]
[0.4642857142857143, 0.5, 0.3333333333333333, 0.42424242424242425, 0.6153846153846154, 0.5869565217391305, 0.028704853728413582, 0.0, 0.471403623174299, 0.47137577823197635, 0.6295207677334262, 0.3642659929874016, 0.32494910061359406, 0.32494910061359406, 0.8232942149043083, 0.0, 0.0, 0.0, 0.08065191581845282, 0.4959884542040527, 0.49632722209207714, 0.0, -0.0, 0.018911661580204964, 0.6031746031746031, 0.01674603670835495, 0.8, 0.06379782408475876, 0.0]
[0.4642857142857143, 0.5, 0.3333333333333333, 0.42424242424242425, 0.6153846153846154, 0.5869565217391305, 0.5551056265830994, 0.5519324541091919, 0.2904368841853242, 0.2904047683365715, 0.46551018543042827, 0.5248458892113341, 0.3643868863582611, 0.3643868863582611, 0.8353125751018524, 0.0, 0.0, 0.0, 0.08279066793620586, 0.49545490043237805, 0.49578099977225065, 0.0, -0.0, 0.025686031207442284, 0.6031746031746031, 0.02304287627339363, 0.8, 0.06350240111351013, 0.0]
[0.4642857142857143, 0.5, 0.3333333333333333, 0.42424242424242425, 0.6153846153846154, 0.5869565217391305, 0.3619248569011688, 0.35835427045822144, 0.3117858661520322, 0.31175361354310016, 0.47561268551171854, 0.5137058352370513, 0.3711441584995815, 0.3711441584995815, 0.8358204215764999, 0.0, 0.0, 0.0, 0.0873715054243803, 0.49463827023282647, 0.49485251028090715, 0.126278817653656, 0.126278817653656, 0.029405485838651657, 0.6031746031746031, 0.026887306943535805, 0.8, 0.06172998249530792, 0.0]
[0.4642857142857143, 0.5, 0.3333333333333333, 0.42424242424242425, 0.6153846153846154, 0.5869565217391305, 0.37559452652931213, 0.3729766011238098, 0.31986279697308806, 0.31983023665375276, 0.4695394223780295, 0.5187712128891265, 0.3841100420270648, 0.3841100420270648, 0.8323205560445786, 0.0, 0.0, 0.0, 0.0893039308488369, 0.49353307904675603, 0.49359076796099544, 0.12964199483394623, 0.12964199483394623, 0.03262493386864662, 0.6031746031746031, 0.030377132818102837, 0.8, 0.05646735057234764, 0.0]
[0.0, 0.0, 1.0, 1.0, 0.6153846153846154, 0.5869565217391305, 0.9595808982849121, 0.9592651128768921, 0.3334195714151882, 0.33339073781073664, 0.46321735258995916, 0.5322132184737449, 0.5385871018682208, 0.5385871018682208, 0.7369137406349182, 0.0, 0.0, 0.0, 0.08758906349539756, 0.4917199332267046, 0.49098804499953985, 0.0, -0.0, 0.04067765548825264, 0.6031746031746031, 0.04001268744468689, 0.8, 0.05437133461236954, 0.0]
[0.0, 0.0, 1.0, 1.0, 0.6153846153846154, 0.5869565217391305, 0.9657122492790222, 0.9656993746757507, 0.33235384492527686, 0.33232517087436775, 0.46095886649866635, 0.5348920626183946, 0.5279810513768878, 0.5279810513768878, 0.7133030742406845, 0.0, 0.0, 0.0, 0.08302628695964813, 0.48534762766212225, 0.4837472327053547, 0.0, -0.0, 0.051132213324308395, 0.6031746031746031, 0.05137261375784874, 0.8, 0.04668856039643288, 0.0]
[0.0, 0.0, 1.0, 1.0, 0.6153846153846154, 0.5869565217391305, 0.9621766805648804, 0.962156355381012, 0.33328106754368625, 0.3332523479060506, 0.4608613137533286, 0.5348327813544597, 0.5038772949150631, 0.5038772949150631, 0.7132650166749954, 0.0, 0.0, 0.0, 0.08226694203913211, 0.48423467203974724, 0.4826484601944685, 0.0, -0.0, 0.05324821174144745, 0.6031746031746031, 0.05343915522098541, 0.8, 0.04348457232117653, 0.0]
[0.0, 0.0, 1.0, 1.0, 0.6153846153846154, 0.5869565217391305, 0.9555433392524719, 0.9554334282875061, 0.33167795332622346, 0.3316492678786327, 0.45982849518154134, 0.5359007088285053, 0.5132512109620231, 0.5132512109620231, 0.719889834523201, 0.0, 0.0, 0.0, 0.08088182918727398, 0.4842702131718397, 0.48275939375162125, 0.0, -0.0, 0.053953301161527634, 0.6031746031746031, 0.05379531905055046, 0.8, 0.041246917098760605, 0.0]
[0.0, 0.0, 1.0, 1.0, 0.6153846153846154, 0.5869565217391305, 0.9114566445350647, 0.9095324277877808, 0.29965775692212193, 0.2996292880114816, 0.45268575889886453, 0.5432719343314385, 0.45426149453435627, 0.45426149453435627, 0.7654785811901093, 0.0, 0.0, 0.0, 0.07978603579103946, 0.4850224740803242, 0.4836506489664316, 0.0, -0.0, 0.05288352072238922, 0.6031746031746031, 0.05255267024040222, 0.8, 0.04121759906411171, 0.0]
[0.4642857142857143, 0.5, 0.3333333333333333, 0.42424242424242425, 0.6153846153846154, 0.5869565217391305, 0.76590496301651, 0.7601213455200195, 0.2678899856188101, 0.26785955647893434, 0.45435562917880756, 0.5387692165483657, 0.3718978060143335, 0.3718978060143335, 0.8178213834762573, 0.0, 0.0, 0.0, 0.07651466168463229, 0.4883059123530984, 0.4874917948618531, 0.0, -0.0, 0.046606212854385376, 0.6031746031746031, 0.046337272971868515, 0.8, 0.042854566127061844, 0.0]
[0.4642857142857143, 0.5, 0.3333333333333333, 0.42424242424242425, 0.6153846153846154, 0.5869565217391305, 0.7654485106468201, 0.7601740956306458, 0.26641452563196477, 0.26638400531863615, 0.4558409017085117, 0.5370907033100133, 0.37448307233197353, 0.37448307233197353, 0.8175163045525551, 0.0, 0.0, 0.0, 0.0770940463989973, 0.4885686179623008, 0.48781659081578255, 0.0, -0.0, 0.04614438861608505, 0.6031746031746031, 0.04593001306056976, 0.8, 0.04313027113676071, 0.0]
[0.4642857142857143, 0.5, 0.3333333333333333, 0.42424242424242425, 0.6153846153846154, 0.5869565217391305, 0.739986777305603, 0.7359831929206848, 0.26095360050237887, 0.26092271549523904, 0.4590571991116321, 0.5332288693692848, 0.38783795067242216, 0.38783795067242216, 0.809811420738697, 0.0, 0.0, 0.0, 0.0848392691463232, 0.4888224918395281, 0.48825152963399887, 0.12465759366750717, -0.0, 0.04532749205827713, 0.6031746031746031, 0.0450553223490715, 0.8, 0.04541442170739174, 0.0]
[0.4642857142857143, 0.5, 0.3333333333333333, 0.42424242424242425, 0.6153846153846154, 0.5869565217391305, 0.8582666516304016, 0.8561680316925049, 0.2766880186748323, 0.2766594585907391, 0.4568757317946016, 0.5396996216901123, 0.4599791126591819, 0.4599791126591819, 0.8055566176772118, 0.0, 0.0, 0.0, 0.08677967935800551, 0.48862953670322895, 0.48820126336067915, 0.1276746541261673, 0.1276746541261673, 0.046936098486185074, 0.6031746031746031, 0.04625856503844261, 0.8, 0.047096122056245804, 0.0]
[0.4642857142857143, 0.5, 0.3333333333333333, 0.42424242424242425, 0.6153846153846154, 0.5869565217391305, 0.8088923096656799, 0.7706929445266724, 0.355333749012555, 0.35530597529949237, 0.46701764729921036, 0.5284227462794489, 0.6907205496515547, 0.6907205496515547, 0.8197133913636208, 0.0, 0.0, 0.0, 0.08155784755945206, 0.4889023993164301, 0.48867060150951147, 0.11740301549434662, 0.11740301549434662, 0.05244266614317894, 0.6031746031746031, 0.04929298534989357, 0.8, 0.05007823929190636, 0.0]
[0.4642857142857143, 0.5, 0.3333333333333333, 0.42424242424242425, 0.6153846153846154, 0.5869565217391305, 0.28898727893829346, 0.26649510860443115, 0.4075660343151931, 0.4075374742311, 0.4783877774816626, 0.5130148943199432, 0.672121069261006, 0.672121069261006, 0.8298513814806938, 0.0, 0.0, 0.0, 0.07961685582995415, 0.4891273332759738, 0.4891178011894226, 0.1139485239982605, 0.1139485239982605, 0.05690130591392517, 0.6031746031746031, 0.05268643796443939, 0.8, 0.05320418253540993, 0.0]
[0.4642857142857143, 0.5, 0.3333333333333333, 0.42424242424242425, 0.6153846153846154, 0.5869565217391305, 0.2621479630470276, 0.2516636252403259, 0.41634253334132937, 0.41631425247593545, 0.48079771834851226, 0.5108076363124487, 0.6693566271236965, 0.6693566271236965, 0.8297183141112328, 0.0, 0.0, 0.0, 0.07935834117233753, 0.4891242980957031, 0.48914648592472076, 0.11361462622880936, 0.11361462622880936, 0.05698496848344803, 0.6031746031746031, 0.0527367889881134, 0.8, 0.05319252237677574, 0.0]
[0.4642857142857143, 0.5, 0.3333333333333333, 0.42424242424242425, 0.6153846153846154, 0.5869565217391305, 0.12525884807109833, 0.12239105254411697, 0.4385469673240618, 0.43851935316454155, 0.47752990509538307, 0.5143988275568476, 0.5471090972423553, 0.5471090972423553, 0.8179072812199593, 0.0, 0.0, 0.0, 0.07686669901013374, 0.4894544240087271, 0.48972401581704617, 0.11077737808227539, 0.11077737808227539, 0.054343439638614655, 0.6031746031746031, 0.05016668513417244, 0.8, 0.05265868827700615, 0.0]
[0.4642857142857143, 0.5, 0.3333333333333333, 0.42424242424242425, 0.6153846153846154, 0.5869565217391305, 0.07714992761611938, 0.07504037767648697, 0.44251129162243175, 0.4424854781386045, 0.4852927889582304, 0.5091790790033107, 0.44816960181508747, 0.44816960181508747, 0.8122130781412125, 0.0, 0.0, 0.0, 0.07700806260108947, 0.48999510519206524, 0.49055902287364006, 0.11157122254371643, 0.11157122254371643, 0.048569582402706146, 0.6031746031746031, 0.04441620409488678, 0.8, 0.04926707223057747, 0.0]
[0.4642857142857143, 0.5, 0.3333333333333333, 0.42424242424242425, 0.6153846153846154, 0.5869565217391305, 0.09011805802583694, 0.08772444725036621, 0.4382389777021244, 0.43821306734650356, 0.4823302215759431, 0.5120922930559232, 0.44185076441083637, 0.44185076441083637, 0.8121321350336075, 0.0, 0.0, 0.0, 0.07753497771918773, 0.49009709246456623, 0.49073318392038345, 0.11264389753341675, 0.11264389753341675, 0.046766046434640884, 0.6031746031746031, 0.04266912862658501, 0.8, 0.04803381487727165, 0.0]
[0.4642857142857143, 0.5, 0.3333333333333333, 0.42424242424242425, 0.6153846153846154, 0.5869565217391305, 0.7892624735832214, 0.7706423401832581, 0.2921440615024895, 0.2921166410865565, 0.4581143373968952, 0.5393119236770547, 0.5483555580888476, 0.5483555580888476, 0.7923647835850716, 0.0, 0.0, 0.0, 0.07328168600797652, 0.4879293106496334, 0.48802946601063013, 0.10782130807638168, -0.0, 0.049295492470264435, 0.6031746031746031, 0.04532862827181816, 0.8, 0.04451915621757507, 0.0]
[0.4642857142857143, 0.5, 0.3333333333333333, 0.42424242424242425, 0.6153846153846154, 0.5869565217391305, 0.2666424512863159, 0.26740291714668274, 0.3486469740165579, 0.34861866465946, 0.4684927824806301, 0.5247688818337534, 0.45670866966247564, 0.45670866966247564, 0.8078521117568016, 0.0, 0.0, 0.0, 0.0775501623749733, 0.48753721825778484, 0.4877054188400507, 0.11457246541976929, 0.11457246541976929, 0.047925833612680435, 0.6031746031746031, 0.043970029801130295, 0.8, 0.04226316884160042, 0.0]
[0.0, 0.0, 1.0, 1.0, 0.6153846153846154, 0.5869565217391305, 0.9115824103355408, 0.9101632237434387, 0.28655237084820895, 0.2865247452920071, 0.46789477865281115, 0.5290460564387638, 0.4805116142545428, 0.4805116142545428, 0.7432963103055954, 0.0, 0.0, 0.0, 0.09385124891996383, 0.48637906555086374, 0.4866098742932081, 0.13913019001483917, 0.13913019001483917, 0.04561491310596466, 0.6031746031746031, 0.04176361858844757, 0.8, 0.04153001680970192, 0.0]
[0.0, 0.0, 1.0, 1.0, 0.6153846153846154, 0.5869565217391305, 0.9537705183029175, 0.9534289240837097, 0.29051301401842167, 0.2904855480157622, 0.46951433258348396, 0.5276834976782028, 0.48676658953939167, 0.48676658953939167, 0.7178633213043213, 0.0, 0.0, 0.0, 0.092426598072052, 0.48450386989861727, 0.4842978697270155, 0.1379166841506958, 0.1379166841506958, 0.045607324689626694, 0.6031746031746031, 0.04187957942485809, 0.8, 0.0408010296523571, 0.0]
[0.0, 0.0, 1.0, 1.0, 0.6153846153846154, 0.5869565217391305, 0.6251727342605591, 0.6218987703323364, 0.2586046304575116, 0.25857602478669206, 0.4728772084070209, 0.5228516465796517, 0.404795025076185, 0.404795025076185, 0.7748276069760323, 0.0, 0.0, 0.0, 0.1418874733150005, 0.48204915784299374, 0.4819852579385042, 0.20939412713050842, 0.20939412713050842, 0.045833561569452286, 0.6031746031746031, 0.04255611076951027, 0.8, 0.04046289995312691, 0.0]
[0.4642857142857143, 0.5, 0.3333333333333333, 0.42424242424242425, 0.6153846153846154, 0.5869565217391305, 0.2690119445323944, 0.2686528265476227, 0.3353700222978172, 0.33534089237964404, 0.47517277360190396, 0.5169665996426099, 0.3555132874420711, 0.3555132874420711, 0.7877862975001335, 0.0, 0.0, 0.0, 0.12481302022933959, 0.483704287558794, 0.484042027965188, 0.18516036868095398, 0.18516036868095398, 0.04386226460337639, 0.6031746031746031, 0.04053835570812225, 0.8, 0.0422012135386467, 0.0]
[0.4642857142857143, 0.5, 0.3333333333333333, 0.42424242424242425, 0.6153846153846154, 0.5869565217391305, 0.22774621844291687, 0.2274210900068283, 0.34570281227505684, 0.34567378492701806, 0.49783748821364304, 0.49412223913878783, 0.317602955869266, 0.317602955869266, 0.7923375889658928, 0.0, 0.0, 0.0, 0.13775720000267028, 0.48478192649781704, 0.4850274734199047, 0.20377005636692047, 0.20377005636692047, 0.04035036638379097, 0.6031746031746031, 0.03729797154664993, 0.8, 0.039314333349466324, 0.0]
[0.4642857142857143, 0.5, 0.3333333333333333, 0.42424242424242425, 0.6153846153846154, 0.5869565217391305, 0.3855908215045929, 0.3851214349269867, 0.3234856994840428, 0.32345647839241687, 0.5169122994060042, 0.4757711314739684, 0.3100192972591945, 0.3100192972591945, 0.7958603352308273, 0.0, 0.0, 0.0, 0.125790074467659, 0.4846688164398074, 0.48471334110945463, 0.18352888524532318, 0.18352888524532318, 0.03940943256020546, 0.6031746031746031, 0.036296114325523376, 0.8, 0.03659490868449211, 0.000795027008280158]
[0.4642857142857143, 0.5, 0.3333333333333333, 0.42424242424242425, 0.6153846153846154, 0.5869565217391305, 0.35214003920555115, 0.35123127698898315, 0.32923726278782806, 0.3292062524171906, 0.5420847626306815, 0.449587591696829, 0.3442671256405967, 0.3442671256405967, 0.7741227149963379, 0.0, 0.0, 0.0, 0.08737794384360313, 0.4831471089273691, 0.48038152791559696, 0.1265416443347931, 0.1265416443347931, 0.045999925583601, 0.6031746031746031, 0.044777292758226395, 0.8, 0.03194741532206535, 0.02580455271527171]
[0.4642857142857143, 0.5, 0.3333333333333333, 0.42424242424242425, 0.6153846153846154, 0.5869565217391305, 0.0, 0.0, 0.5016212944176411, 0.5015945697335052, 0.7044673631569623, 0.29306283137943684, 0.3730134665966034, 0.3730134665966034, 0.8058881163597107, 0.0, 0.0, 0.0, 0.06853055767714977, 0.4871400585398078, 0.4858317971229553, 0.10454848408699036, -0.0, 0.034184541553258896, 0.6031746031746031, 0.032731786370277405, 0.8, 0.025688540190458298, 0.0]
[0.4642857142857143, 0.5, 0.3333333333333333, 0.42424242424242425, 0.6153846153846154, 0.5869565217391305, 0.0, 0.0, 0.5113579328839684, 0.5113316898877033, 0.6934161833549777, 0.3040708405515154, 0.36026639597756527, 0.36026639597756527, 0.8090766221284866, 0.0, 0.0, 0.0, 0.06524809040129184, 0.48773928731679916, 0.48652346804738045, 0.0, -0.0, 0.03334580734372139, 0.6031746031746031, 0.032025791704654694, 0.8, 0.024670282378792763, 0.0]
[0.4642857142857143, 0.5, 0.3333333333333333, 0.42424242424242425, 0.6153846153846154, 0.5869565217391305, 0.0, 0.0, 0.5116560123789606, 0.5116294773427296, 0.6656957383821389, 0.3299603174516343, 0.3473114009414401, 0.3473114009414401, 0.8242156580090523, 0.0, 0.0, 0.0, 0.06223589330911636, 0.4887914089486003, 0.4878229545429349, 0.0, -0.0, 0.032067183405160904, 0.6031746031746031, 0.030942684039473534, 0.8, 0.023274440318346024, 0.0]
[0.4642857142857143, 0.5, 0.3333333333333333, 0.42424242424242425, 0.6153846153846154, 0.5869565217391305, 0.3723656237125397, 0.37088409066200256, 0.35994793488920074, 0.35991625211434886, 0.4318233810464921, 0.5568811579939633, 0.4026524935449873, 0.4026524935449873, 0.7999905571341515, 0.0, 0.0, 0.0, 0.06708393171429633, 0.48635314498096704, 0.4850970162078738, 0.0, -0.0, 0.03747205436229706, 0.6031746031746031, 0.037493519484996796, 0.8, 0.023496679961681366, 0.0]
[0.4642857142857143, 0.5, 0.3333333333333333, 0.42424242424242425, 0.6153846153846154, 0.5869565217391305, 0.10500945895910263, 0.1043906882405281, 0.4419134046105992, 0.4418835111147587, 0.42602276072675366, 0.5622731642736253, 0.37015562610966823, 0.37015562610966823, 0.8102647662162781, 0.0, 0.0, 0.0, 0.06941406838595866, 0.4861311875283718, 0.4851231621578336, 0.10506521910429001, -0.0, 0.03664499148726463, 0.6031746031746031, 0.036524903029203415, 0.8, 0.02314983308315277, 0.0]
[0.4642857142857143, 0.5, 0.3333333333333333, 0.42424242424242425, 0.6153846153846154, 0.5869565217391305, 0.030790479853749275, 0.03017583303153515, 0.4527605752644074, 0.452731607748947, 0.42502877634752323, 0.564741882101249, 0.3213492355176381, 0.3213492355176381, 0.8142995238304138, 0.0, 0.0, 0.0, 0.06963473483920096, 0.4867424461990595, 0.4864080147817731, 0.1069454476237297, -0.0, 0.0330919548869133, 0.6031746031746031, 0.03252759203314781, 0.8, 0.02295045740902424, 0.0]
[0.4642857142857143, 0.5, 0.3333333333333333, 0.42424242424242425, 0.6153846153846154, 0.5869565217391305, 0.015076994895935059, 0.015036206692457199, 0.45532335560362835, 0.45529438808816797, 0.43017067986738156, 0.5594079170731417, 0.32128413873059414, 0.32128413873059414, 0.8122695758938789, 0.0, 0.0, 0.0, 0.07001104466617107, 0.4872813718393445, 0.4872389445081353, 0.10848172754049301, -0.0, 0.030945410951972008, 0.6031746031746031, 0.03017527610063553, 0.8, 0.023591341450810432, 0.0]
[0.4642857142857143, 0.5, 0.3333333333333333, 0.42424242424242425, 0.6153846153846154, 0.5869565217391305, 0.023601986467838287, 0.02300778031349182, 0.45079798976504326, 0.4507689852103676, 0.4340857705012334, 0.555650741641952, 0.3126561748129981, 0.3126561748129981, 0.8116393759846687, 0.0, 0.0, 0.0, 0.06881772316992282, 0.48759418819099665, 0.48765215277671814, 0.10686583071947098, -0.0, 0.029341796413064003, 0.6031746031746031, 0.028545165434479713, 0.8, 0.023349398747086525, 0.0]
[0.4642857142857143, 0.5, 0.3333333333333333, 0.42424242424242425, 0.6153846153846154, 0.5869565217391305, 0.04059372842311859, 0.039985377341508865, 0.4436486405578672, 0.443627887200671, 0.4346453817579076, 0.555689208169102, 0.306735954114369, 0.306735954114369, 0.8087695688009262, 0.0, 0.0, 0.0, 0.0680090483278036, 0.4876944702118635, 0.4877338679507375, 0.10551966726779938, -0.0, 0.028451308608055115, 0.6031746031746031, 0.02772284299135208, 0.8, 0.022983986884355545, 0.0]
[0.4642857142857143, 0.5, 0.3333333333333333, 0.42424242424242425, 0.6153846153846154, 0.5869565217391305, 0.6645062565803528, 0.6615097522735596, 0.29358100070552207, 0.29355766030160235, 0.45151818026548135, 0.5422783246181156, 0.40030098387173246, 0.40030098387173246, 0.7507669255137444, 0.0, 0.0, 0.0, 0.0682235162705183, 0.47970040887594223, 0.47890137135982513, 0.0, -0.0, 0.04529070109128952, 0.6031746031746031, 0.04538607969880104, 0.8, 0.02441072091460228, 0.0]
[0.4642857142857143, 0.5, 0.3333333333333333, 0.42424242424242425, 0.6153846153846154, 0.5869565217391305, 0.1788090467453003, 0.17723502218723297, 0.3915300656459072, 0.3915081954139141, 0.44421910715376667, 0.5471408648433416, 0.33341658966881893, 0.33341658966881893, 0.7873753979802132, 0.0, 0.0, 0.0, 0.06898500211536884, 0.48174452409148216, 0.48188027925789356, 0.10514762997627258, -0.0, 0.03609147295355797, 0.6031746031746031, 0.0351334847509861, 0.8, 0.025132445618510246, 0.0]
[0.4642857142857143, 0.5, 0.3333333333333333, 0.42424242424242425, 0.6153846153846154, 0.5869565217391305, 0.12310288846492767, 0.1221429705619812, 0.4090965459725141, 0.40907559887173073, 0.45227101656036667, 0.5403513637208524, 0.31309668506894794, 0.31309668506894794, 0.7924201339483261, 0.0, 0.0, 0.0, 0.07072374820709228, 0.4843879332765937, 0.4848548071458936, 0.10873972624540329, -0.0, 0.03138510137796402, 0.6031746031746031, 0.03008745238184929, 0.8, 0.02735387347638607, 0.0]
[0.4642857142857143, 0.5, 0.3333333333333333, 0.42424242424242425, 0.6153846153846154, 0.5869565217391305, 0.11473111063241959, 0.11388030648231506, 0.40754329793539834, 0.4075224192147045, 0.45594283932709556, 0.5370039645909301, 0.28387936098234995, 0.28387936098234995, 0.7926775515079498, 0.0, 0.0, 0.0, 0.07205877490341663, 0.4860325511544943, 0.4864887911826372, 0.11110442876815796, -0.0, 0.02866901271045208, 0.6031746031746031, 0.02728012390434742, 0.8, 0.028362080454826355, 0.0]
[0.4642857142857143, 0.5, 0.3333333333333333, 0.42424242424242425, 0.6153846153846154, 0.5869565217391305, 0.11245283484458923, 0.11160877346992493, 0.40713469840828365, 0.40711395644776904, 0.4625110403985412, 0.5308983761944638, 0.25313412504536764, 0.25313412504536764, 0.8060115575790405, 0.0, 0.0, 0.0, 0.07229306921362877, 0.4874215219169855, 0.48795640654861927, 0.11160748451948166, -0.0, 0.026755372062325478, 0.6031746031746031, 0.02527918666601181, 0.8, 0.02995695360004902, 0.0]
[0.4642857142857143, 0.5, 0.3333333333333333, 0.42424242424242425, 0.6153846153846154, 0.5869565217391305, 0.10615412145853043, 0.10555979609489441, 0.4058608229256041, 0.4058400695684079, 0.46911206106382847, 0.5243579374393993, 0.24712743503706797, 0.24712743503706797, 0.8096417710185051, 0.0, 0.0, 0.0, 0.07186302505433559, 0.4883954422548413, 0.48889794293791056, 0.11084683239459991, -0.0, 0.02543812058866024, 0.6031746031746031, 0.023947101086378098, 0.8, 0.030587919056415558, 0.0]
[0.4642857142857143, 0.5, 0.3333333333333333, 0.42424242424242425, 0.6153846153846154, 0.5869565217391305, 0.1041237935423851, 0.1036699116230011, 0.4040593722582319, 0.40403859610767257, 0.48033430078289474, 0.5132248781784492, 0.23222586938313078, 0.23222586938313078, 0.8111031576991081, 0.0, 0.0, 0.0, 0.07350743487477301, 0.4901779731735587, 0.49061567708849907, 0.11246529966592789, -0.0, 0.023922149091959, 0.6031746031746031, 0.022283419966697693, 0.8, 0.03311794623732567, 0.0]
[0.4642857142857143, 0.5, 0.3333333333333333, 0.42424242424242425, 0.6153846153846154, 0.5869565217391305, 0.0, 0.0, 0.5188770232077539, 0.518860278633311, 0.6134097120274093, 0.3848618252504802, 0.30797447477068224, 0.30797447477068224, 0.820452369749546, 0.0, 0.0, 0.0, 0.07518547102808952, 0.4913514507934451, 0.4918693481013179, 0.11405324935913086, 0.11405324935913086, 0.024085698649287224, 0.6031746031746031, 0.022235091775655746, 0.8, 0.043682705610990524, 0.0]
[0.4642857142857143, 0.5, 0.3333333333333333, 0.42424242424242425, 0.6153846153846154, 0.5869565217391305, 0.0, 0.0, 0.521441498803363, 0.5214249422741666, 0.6014614994165774, 0.39687518129334576, 0.2728282979556493, 0.2728282979556493, 0.8209005519747734, 0.0, 0.0, 0.0, 0.07762524597346782, 0.4923264952376485, 0.4929572083055973, 0.11602570116519928, 0.11602570116519928, 0.023152543231844902, 0.6031746031746031, 0.021207349374890327, 0.8, 0.050328634679317474, 0.0]
[0.4642857142857143, 0.5, 0.3333333333333333, 0.42424242424242425, 0.6153846153846154, 0.5869565217391305, 0.0, 0.0, 0.5213168390508364, 0.5213014307373113, 0.6045820817892684, 0.39375295779850417, 0.2693516335317067, 0.2693516335317067, 0.820569321513176, 0.0, 0.0, 0.0, 0.07813544049859046, 0.4924304815940559, 0.4930807794444263, 0.11658680438995361, 0.11658680438995361, 0.02292945422232151, 0.6031746031746031, 0.020976005122065544, 0.8, 0.05075196176767349, 0.0]
[0.4642857142857143, 0.5, 0.3333333333333333, 0.42424242424242425, 0.6153846153846154, 0.5869565217391305, 0.0, 0.0, 0.503610372927973, 0.5035943502620803, 0.5889011824336152, 0.40884967465195055, 0.26326613766806467, 0.26326613766806467, 0.8204589411616325, 0.0, 0.0, 0.0, 0.0811414260417223, 0.493300708476454, 0.4940423252992332, 0.11941266059875488, 0.11941266059875488, 0.02157733403146267, 0.6031746031746031, 0.01957648992538452, 0.8, 0.054890748113393784, 0.0]
[0.4642857142857143, 0.5, 0.3333333333333333, 0.42424242424242425, 0.6153846153846154, 0.5869565217391305, 0.20394466817378998, 0.20334969460964203, 0.40404068170040564, 0.4040214782919072, 0.5386954636008516, 0.4573985353659895, 0.36228558846882414, 0.36228558846882414, 0.8269840255379677, 0.0, 0.0, 0.0, 0.08109284713864326, 0.4929199917241931, 0.49345445446670055, 0.11872708797454834, 0.11872708797454834, 0.03102090395987034, 0.6031746031746031, 0.028213942423462868, 0.8, 0.05386774614453316, 0.0]
[0.4642857142857143, 0.5, 0.3333333333333333, 0.42424242424242425, 0.6153846153846154, 0.5869565217391305, 0.0, 0.0, 0.5021681973058908, 0.5021521130266883, 0.6054958107366617, 0.39260440022671383, 0.31492862318243303, 0.31492862318243303, 0.8285404220223427, 0.0, 0.0, 0.0, 0.07941110283136367, 0.493024708237499, 0.4935364588163793, 0.11638712882995605, 0.11638712882995605, 0.03059321641921997, 0.6031746031746031, 0.0277933981269598, 0.8, 0.05400155484676361, 0.0]
[0.4642857142857143, 0.5, 0.3333333333333333, 0.42424242424242425, 0.6153846153846154, 0.5869565217391305, 0.0, 0.0, 0.5301995280823789, 0.5301845101051987, 0.6040447966318514, 0.3947248098220647, 0.2669106104544231, 0.2669106104544231, 0.8248677477240562, 0.0, 0.0, 0.0, 0.07394220679998398, 0.49330488545820117, 0.4938841057009995, 0.10873132944107056, 0.10873132944107056, 0.02588946372270584, 0.6031746031746031, 0.023548737168312073, 0.8, 0.053735774010419846, 0.0]
[0.4642857142857143, 0.5, 0.3333333333333333, 0.42424242424242425, 0.6153846153846154, 0.5869565217391305, 0.0, 0.0, 0.5480765195467276, 0.5480622053146362, 0.610759721431404, 0.38867423178310323, 0.2553092262574605, 0.2553092262574605, 0.8288605287671089, 0.0, 0.0, 0.0, 0.07399239987134933, 0.4927954524755478, 0.49349277978762984, 0.11014071851968765, 0.11014071851968765, 0.02283577434718609, 0.6031746031746031, 0.02079637721180916, 0.8, 0.043797191232442856, 0.0]
[0.4642857142857143, 0.5, 0.3333333333333333, 0.42424242424242425, 0.6153846153846154, 0.5869565217391305, 0.0, 0.0, 0.5430217778477568, 0.5430072470787151, 0.6141369114870323, 0.3852072130830926, 0.25691775338990347, 0.25691775338990347, 0.8291457518935204, 0.0, 0.0, 0.0, 0.07421055510640144, 0.49292635917663574, 0.4936188920401037, 0.11070214956998825, 0.11070214956998825, 0.02247864566743374, 0.6031746031746031, 0.020444422960281372, 0.8, 0.04426319897174835, 0.0]
[0.4642857142857143, 0.5, 0.3333333333333333, 0.42424242424242425, 0.6153846153846154, 0.5869565217391305, 0.3345676064491272, 0.332893431186676, 0.35337182167155334, 0.35335151278493965, 0.5624100177283496, 0.4348997535891966, 0.33856160938739777, 0.33856160938739777, 0.8290949985384941, 0.0, 0.0, 0.0, 0.07266574129462242, 0.492695105727762, 0.4931622124277055, 0.10760913789272308, 0.10760913789272308, 0.022566787898540497, 0.6031746031746031, 0.020671086385846138, 0.8, 0.040419723838567734, 0.0]
[0.4642857142857143, 0.5, 0.3333333333333333, 0.42424242424242425, 0.6153846153846154, 0.5869565217391305, 0.0, 0.0, 0.5010461172527041, 0.5010300729509236, 0.6316063034830768, 0.36749974440839456, 0.2734282187053136, 0.2734282187053136, 0.8263291269540787, 0.0, 0.0, 0.0, 0.07142871990799904, 0.4925900623202324, 0.49289757665246725, 0.10551127046346664, -0.0, 0.021287573501467705, 0.6031746031746031, 0.019572924822568893, 0.8, 0.03650125861167908, 0.0]
[0.4642857142857143, 0.5, 0.3333333333333333, 0.42424242424242425, 0.6153846153846154, 0.5869565217391305, 0.0, 0.0, 0.5033742796280644, 0.50335643883531, 0.6250144514481378, 0.37366056254848645, 0.2563340004001345, 0.2563340004001345, 0.8271927163004875, 0.0, 0.0, 0.0, 0.07058068700134754, 0.4927606452256441, 0.4929897515103221, 0.1042758896946907, -0.0, 0.01999938115477562, 0.6031746031746031, 0.018446020781993866, 0.8, 0.03511140123009682, 0.0]
[0.4642857142857143, 0.5, 0.3333333333333333, 0.42424242424242425, 0.6153846153846154, 0.5869565217391305, 0.0, 0.0, 0.5084182835160889, 0.5084004847485978, 0.6393362623327776, 0.3593545474645462, 0.2560744860342571, 0.2560744860342571, 0.8214518576860428, 0.0, 0.0, 0.0, 0.06902999281883239, 0.4930370976217091, 0.49307036492973566, 0.10237313061952591, -0.0, 0.018341926857829094, 0.6031746031746031, 0.01700916513800621, 0.8, 0.03397370129823685, 0.0]
[0.4642857142857143, 0.5, 0.3333333333333333, 0.42424242424242425, 0.6153846153846154, 0.5869565217391305, 0.0, 0.0, 0.5088028631121433, 0.5087850686184079, 0.6400398250747593, 0.35863085818285645, 0.25680250355175566, 0.25680250355175566, 0.8210472017526627, 0.0, 0.0, 0.0, 0.06912070699036121, 0.49306304287165403, 0.4930785815231502, 0.1025119349360466, -0.0, 0.018348492681980133, 0.6031746031746031, 0.01702522486448288, 0.8, 0.034187301993370056, 0.0]
[0.4642857142857143, 0.5, 0.3333333333333333, 0.42424242424242425, 0.6153846153846154, 0.5869565217391305, 0.20645852386951447, 0.20593677461147308, 0.3904143647071736, 0.3903921069880061, 0.5550877238778722, 0.4403090403544465, 0.29134312910693033, 0.29134312910693033, 0.815820038318634, 0.0, 0.0, 0.0, 0.07163666859269141, 0.49315208243206143, 0.4929863973520696, 0.10702572762966156, -0.0, 0.018857663497328758, 0.6031746031746031, 0.017531411722302437, 0.8, 0.03416242450475693, 0.0]
[0.4642857142857143, 0.5, 0.3333333333333333, 0.42424242424242425, 0.6153846153846154, 0.5869565217391305, 0.758546769618988, 0.758053719997406, 0.2839548163842517, 0.2839301083785398, 0.5152359814534452, 0.48159394113278475, 0.35445759338991983, 0.35445759338991983, 0.797405295073986, 0.0, 0.0, 0.0, 0.07310767397284507, 0.4922524942085147, 0.49133824929594994, 0.10761238634586334, 0.10761238634586334, 0.024024980142712593, 0.6031746031746031, 0.02285539172589779, 0.8, 0.03445569425821304, 0.0]
[0.4642857142857143, 0.5, 0.3333333333333333, 0.42424242424242425, 0.6153846153846154, 0.5869565217391305, 0.1957031935453415, 0.19531939923763275, 0.37733494027394865, 0.3773120329439298, 0.5153044897557216, 0.4789610284641591, 0.25160848030022215, 0.25160848030022215, 0.7977078184485435, 0.0, 0.0, 0.0, 0.07378540821373462, 0.49156476091593504, 0.4905420793220401, 0.10820242017507553, 0.10820242017507553, 0.025400135666131973, 0.6031746031746031, 0.023996353149414062, 0.8, 0.03365079686045647, 0.0]
[0.4642857142857143, 0.5, 0.3333333333333333, 0.42424242424242425, 0.6153846153846154, 0.5869565217391305, 0.11000613123178482, 0.10971816629171371, 0.4105056088923496, 0.4104835449167693, 0.5181061046529226, 0.4755003007323924, 0.22436433604785375, 0.22436433604785375, 0.8080348372459412, 0.0, 0.0, 0.0, 0.07220068611204623, 0.4919482572004199, 0.49105923529714346, 0.10629776865243912, -0.0, 0.02283470705151558, 0.6031746031746031, 0.021154725924134254, 0.8, 0.03148221969604492, 0.00609751557931304]
[0.4642857142857143, 0.5, 0.3333333333333333, 0.42424242424242425, 0.6153846153846154, 0.5869565217391305, 0.9728128910064697, 0.9726375341415405, 0.3564580772392608, 0.35643515851256036, 0.5202028390668318, 0.47579377668031037, 0.35060082163129536, 0.35060082163129536, 0.7454236298799515, 0.0, 0.0, 0.0, 0.06977894343435764, 0.49075296241790056, 0.48950022738426924, 0.0, -0.0, 0.02438126690685749, 0.6031746031746031, 0.02323254756629467, 0.8, 0.030288510024547577, 0.015061669982969761]
[0.4642857142857143, 0.5, 0.3333333333333333, 0.42424242424242425, 0.6153846153846154, 0.5869565217391305, 0.3152582049369812, 0.3147883415222168, 0.32493624632490753, 0.3249118574262805, 0.5037181880289464, 0.490984926437506, 0.24025966014180866, 0.24025966014180866, 0.783281497657299, 0.0, 0.0, 0.0, 0.0725077848881483, 0.49018219392746687, 0.4889326924458146, 0.10537299513816833, 0.10537299513816833, 0.025338519364595413, 0.6031746031746031, 0.024210983887314796, 0.8, 0.03149448707699776, 0.01585161196999252]
[0.4642857142857143, 0.5, 0.3333333333333333, 0.42424242424242425, 0.6153846153846154, 0.5869565217391305, 0.2419973909854889, 0.24161817133426666, 0.34885136210439766, 0.34882747465976105, 0.5074158541957917, 0.48666252979990127, 0.2600650808640889, 0.2600650808640889, 0.7843738123774529, 0.0, 0.0, 0.0, 0.07494807876646518, 0.49020552448928356, 0.4890000307932496, 0.1107173040509224, 0.1107173040509224, 0.025267310440540314, 0.6031746031746031, 0.024064529687166214, 0.8, 0.031869787722826004, 0.015392955392599106]
[0.4642857142857143, 0.5, 0.3333333333333333, 0.42424242424242425, 0.6153846153846154, 0.5869565217391305, 0.1297452300786972, 0.12921354174613953, 0.35940034713161606, 0.3593772688513732, 0.4904455862811145, 0.5028762582104652, 0.22854346249784743, 0.22854346249784743, 0.7484414875507355, 0.0, 0.0, 0.0, 0.4875431805849075, 0.37982822209596634, 0.3812014013528824, 0.6990963816642761, 0.6990963816642761, 0.09563744068145752, 0.461745023727417, 0.0941392332315445, 0.5750286024670268, 0.05261080339550972, 0.11404767632484436]
[0.4642857142857143, 0.5, 0.3333333333333333, 0.42424242424242425, 0.6153846153846154, 0.5869565217391305, 0.17161831259727478, 0.1704178899526596, 0.3407776679409166, 0.34075424776022567, 0.48350900742109604, 0.510217228372917, 0.17514318759952274, 0.17514318759952274, 0.8171438872814178, 0.0, 0.0, 0.0, 0.2344792380928993, 0.44878101348876953, 0.44946513697505, 0.34059327840805054, 0.34059327840805054, 0.10505999624729156, 0.45797600150108336, 0.10278719663619995, 0.5663504087647726, 0.0503733865916729, 0.11879619210958481]
[0.4642857142857143, 0.5, 0.3333333333333333, 0.42424242424242425, 0.6153846153846154, 0.5869565217391305, 0.42236649990081787, 0.42163050174713135, 0.2572709907765142, 0.25724625997743916, 0.4730649402447002, 0.5229209526496403, 0.13911048748663493, 0.13911048748663493, 0.8377858549356461, 0.0, 0.0, 0.0, 0.10469755753874778, 0.47116659581661224, 0.47239093109965324, 0.1550709456205368, 0.1550709456205368, 0.10820280015468597, 0.4567188799381256, 0.10357771068811417, 0.5893858019695726, 0.035567864775657654, 0.051403241232037544]
[0.4642857142857143, 0.5, 0.3333333333333333, 0.42424242424242425, 0.6153846153846154, 0.5869565217391305, 0.2131037712097168, 0.21260422468185425, 0.31268058543451427, 0.3126568233533753, 0.46978040236132096, 0.5250102663992418, 0.08316993181194579, 0.08316993181194579, 0.9025607816874981, 0.0, 0.0, 0.0, 0.056835939735174174, 0.48288771882653236, 0.4833328891545534, 0.0, -0.0, 0.09523212909698486, 0.46190714836120605, 0.08965791761875153, 0.6002306279747985, 0.02971811033785343, 0.032812273129820824]
[0.4642857142857143, 0.5, 0.3333333333333333, 0.42424242424242425, 0.6153846153846154, 0.5869565217391305, 0.13699837028980255, 0.13616958260536194, 0.32498798725937794, 0.32496447590523425, 0.4605020134216513, 0.5340407219552579, 0.0462217176599162, 0.0462217176599162, 0.9404302090406418, 0.0, 0.0, 0.0, 0.034419473633170126, 0.4904942214488983, 0.4907536245882511, 0.0, -0.0, 0.06467147916555405, 0.47413140833377837, 0.0603225901722908, 0.608589420484942, 0.02041478641331196, 0.009638731135055423]
[0.4642857142857143, 0.5, 0.3333333333333333, 0.42424242424242425, 0.6153846153846154, 0.5869565217391305, 0.3994893729686737, 0.39905408024787903, 0.25323631476261876, 0.2532117663104493, 0.46285554213915914, 0.533636739508777, 0.04136452451348305, 0.04136452451348305, 0.9428673665970564, 0.0, 0.0, 0.0, 0.034323837421834466, 0.4918686430901289, 0.4921767972409725, 0.0, -0.0, 0.05928397923707962, 0.47628640830516816, 0.0551685132086277, 0.6165943225455839, 0.018434302881360054, 0.0]
[0.4642857142857143, 0.5, 0.3333333333333333, 0.42424242424242425, 0.6153846153846154, 0.5869565217391305, 0.31264975666999817, 0.31213346123695374, 0.26773134381091845, 0.2677068637388386, 0.46466744071438937, 0.5312401854690534, 0.0436786881514958, 0.0436786881514958, 0.9328590109944344, 0.0, 0.0, 0.0, 0.0343311820179224, 0.491281570866704, 0.4918299578130245, 0.0, -0.0, 0.06608282029628754, 0.473566871881485, 0.06241011992096901, 0.6199533734903779, 0.01852542720735073, 0.0]
[0.4642857142857143, 0.5, 0.3333333333333333, 0.42424242424242425, 0.6153846153846154, 0.5869565217391305, 0.17963653802871704, 0.17861908674240112, 0.32086058784397337, 0.32083688274624245, 0.4682683191381495, 0.5261477520948564, 0.04037282429635525, 0.04037282429635525, 0.9459164384752512, 0.0, 0.0, 0.0, 0.025516159459948538, 0.4922927562147379, 0.4927483513019979, 0.0, -0.0, 0.0, 0.5, 0.0, 0.6976744186046512, 0.016440564766526222, 0.0]
[0.4642857142857143, 0.5, 0.3333333333333333, 0.42424242424242425, 0.6153846153846154, 0.5869565217391305, 0.12819235026836395, 0.12726393342018127, 0.352307212056439, 0.35228409958615126, 0.4691026673490185, 0.5245923301407251, 0.03688309474715165, 0.03688309474715165, 0.9490099102258682, 0.0, 0.0, 0.0, 0.023882262594997882, 0.4937737355940044, 0.4940233575180173, 0.0, -0.0, 0.0, 0.5, 0.0, 0.6976744186046512, 0.01331797894090414, 0.0]
[0.4642857142857143, 0.5, 0.3333333333333333, 0.42424242424242425, 0.6153846153846154, 0.5869565217391305, 0.11449725925922394, 0.11370828747749329, 0.3686067688761432, 0.36858395271957717, 0.47209359537347095, 0.521055372854897, 0.03741697009120669, 0.03741697009120669, 0.9484515301883221, 0.0, 0.0, 0.0, 0.025913608632981776, 0.4943356984294951, 0.4944786843843758, 0.0, -0.0, 0.0, 0.5, 0.0, 0.6976744186046512, 0.011981314979493618, 0.0]
[0.4642857142857143, 0.5, 0.3333333333333333, 0.42424242424242425, 0.6153846153846154, 0.5869565217391305, 0.1234145313501358, 0.12315584719181061, 0.4072149367450984, 0.40719427456135504, 0.4941912574077427, 0.49876378844795854, 0.09231117687055043, 0.09231117687055043, 0.9029791951179504, 0.0, 0.0, 0.0, 0.09865738153457641, 0.49316063430160284, 0.4932919987477362, 0.15165524184703827, 0.15165524184703827, 0.049118589609861374, 0.6031746031746031, 0.04536047577857971, 0.8, 0.015290378592908382, 0.0]
[0.4642857142857143, 0.5, 0.3333333333333333, 0.42424242424242425, 0.6153846153846154, 0.5869565217391305, 0.11889389902353287, 0.11863585561513901, 0.41385777183518124, 0.4138372407132763, 0.4943068126362551, 0.4983798285464661, 0.1260761437671525, 0.1260761437671525, 0.8932798802852631, 0.0, 0.0, 0.0, 0.08625425845384598, 0.49241190357133746, 0.49258819688111544, 0.13227719068527222, 0.13227719068527222, 0.050914108753204346, 0.6031746031746031, 0.047611381858587265, 0.8, 0.017421981319785118, 0.0]
[0.4642857142857143, 0.5, 0.3333333333333333, 0.42424242424242425, 0.6153846153846154, 0.5869565217391305, 0.10669118911027908, 0.10650306195020676, 0.41830314436560606, 0.4182827215121763, 0.49435797269611015, 0.4982306573809852, 0.13153375791651864, 0.13153375791651864, 0.8883059993386269, 0.0, 0.0, 0.0, 0.08068997263908385, 0.4919792376458645, 0.492184953764081, 0.12371057271957397, 0.12371057271957397, 0.05143950879573822, 0.6031746031746031, 0.04824419319629669, 0.8, 0.017849959433078766, 0.0]
[0.4642857142857143, 0.5, 0.3333333333333333, 0.42424242424242425, 0.6153846153846154, 0.5869565217391305, 0.08023807406425476, 0.08001193404197693, 0.42548859256175464, 0.4254683178651857, 0.4965648140124336, 0.49585351473919925, 0.15382564493588038, 0.15382564493588038, 0.8741661831736565, 0.0, 0.0, 0.0, 0.07700453177094459, 0.4910062998533249, 0.49122152756899595, 0.11807183176279068, 0.11807183176279068, 0.05182399973273277, 0.6031746031746031, 0.04877901077270508, 0.8, 0.018898772075772285, 0.0]
[0.4642857142857143, 0.5, 0.3333333333333333, 0.42424242424242425, 0.6153846153846154, 0.5869565217391305, 0.07121147960424423, 0.07089749723672867, 0.45531113266261086, 0.4552919548966461, 0.5319335331880339, 0.461036743620335, 0.15789013888154713, 0.15789013888154713, 0.8769257813692093, 0.0, 0.0, 0.0, 0.07367585077881812, 0.491279199719429, 0.49144689086824656, 0.11216355115175247, -0.0, 0.043870680034160614, 0.6031746031746031, 0.041077710688114166, 0.8, 0.021588394418358803, 0.0]
[0.4642857142857143, 0.5, 0.3333333333333333, 0.42424242424242425, 0.6153846153846154, 0.5869565217391305, 0.0, 0.0, 0.5403244254921864, 0.540309341984087, 0.6931013158356938, 0.3084785299542251, 0.19934498838015965, 0.19934498838015965, 0.8758983835577965, 0.0, 0.0, 0.0, 0.0727289468050003, 0.4920099936425686, 0.4921674467623234, 0.11108000576496124, -0.0, 0.03363789990544319, 0.6031746031746031, 0.031235123053193092, 0.8, 0.03751916065812111, 0.0]
[0.4642857142857143, 0.5, 0.3333333333333333, 0.42424242424242425, 0.6153846153846154, 0.5869565217391305, 0.0, 0.0, 0.5398608683172194, 0.5398457933566311, 0.6987763846125703, 0.30311634567403384, 0.18726141325065068, 0.18726141325065068, 0.8781192377209663, 0.0, 0.0, 0.0, 0.06994923688471316, 0.4935234463773668, 0.4936602129600942, 0.10738013684749603, -0.0, 0.026510685682296753, 0.6031746031746031, 0.024274511262774467, 0.8, 0.049075331538915634, 0.0]
[0.4642857142857143, 0.5, 0.3333333333333333, 0.42424242424242425, 0.6153846153846154, 0.5869565217391305, 0.0, 0.0, 0.5358128012024421, 0.5357975638391411, 0.699987236445994, 0.30186558266164193, 0.18670685589313507, 0.18670685589313507, 0.8798260428011417, 0.0, 0.0, 0.0, 0.06903463713824748, 0.4942722446285188, 0.49438608158379793, 0.10584541410207748, -0.0, 0.024032196030020714, 0.6031746031746031, 0.021797096356749535, 0.8, 0.0541357547044754, 0.0]
[0.4642857142857143, 0.5, 0.3333333333333333, 0.42424242424242425, 0.6153846153846154, 0.5869565217391305, 0.5636298656463623, 0.551991879940033, 0.32221135673741763, 0.3221891104149317, 0.5144969294449567, 0.481286333299681, 0.1876361348799297, 0.1876361348799297, 0.8815851174294949, 0.0, 0.0, 0.0, 0.0687168102711439, 0.4946234687231481, 0.4946453869342804, 0.10395759344100952, -0.0, 0.022962670773267746, 0.6031746031746031, 0.02074115164577961, 0.8, 0.053164832293987274, 0.0]
[0.4642857142857143, 0.5, 0.3333333333333333, 0.42424242424242425, 0.6153846153846154, 0.5869565217391305, 0.21877571940422058, 0.21838447451591492, 0.38371587392249024, 0.3836944595577612, 0.4928624962187634, 0.5000544569409777, 0.15656511166266035, 0.15656511166266035, 0.8848489224910736, 0.0, 0.0, 0.0, 0.07104715295135974, 0.494795979000628, 0.49476447235792875, 0.10538038611412048, -0.0, 0.022669075056910515, 0.6031746031746031, 0.02043633908033371, 0.8, 0.05294249951839447, 0.0]
[0.4642857142857143, 0.5, 0.3333333333333333, 0.42424242424242425, 0.6153846153846154, 0.5869565217391305, 0.1464373618364334, 0.1460581123828888, 0.40976161072404615, 0.409740914350258, 0.49605583429450517, 0.4965102998015479, 0.1492753837789808, 0.1492753837789808, 0.8863478973507881, 0.0, 0.0, 0.0, 0.07129060290753841, 0.49504963075742126, 0.49498821841552854, 0.10499683022499084, -0.0, 0.02172810584306717, 0.6031746031746031, 0.019467096775770187, 0.8, 0.05281906574964523, 0.0]
[0.4642857142857143, 0.5, 0.3333333333333333, 0.42424242424242425, 0.6153846153846154, 0.5869565217391305, 0.0971149131655693, 0.09677540510892868, 0.423426676434723, 0.4234061965978852, 0.49568153450525515, 0.49623306982325277, 0.14601112476416997, 0.14601112476416997, 0.8852258697152138, 0.0, 0.0, 0.0, 0.07031453959643841, 0.4951538140885532, 0.4950738688930869, 0.103305883705616, -0.0, 0.0209775660187006, 0.6031746031746031, 0.018750209361314774, 0.8, 0.05163537338376045, 0.0]
[0.4642857142857143, 0.5, 0.3333333333333333, 0.42424242424242425, 0.6153846153846154, 0.5869565217391305, 0.06497567892074585, 0.06448635458946228, 0.43638235000077896, 0.4363623887129541, 0.4927254489856286, 0.4994076952600976, 0.1538358469094549, 0.1538358469094549, 0.8751941099762917, 0.0, 0.0, 0.0, 0.07091267108917236, 0.4953801240772009, 0.495320662856102, 0.10489990562200546, -0.0, 0.020627466961741447, 0.6031746031746031, 0.01867402344942093, 0.8, 0.06509499996900558, 0.0]
[0.4642857142857143, 0.5, 0.3333333333333333, 0.42424242424242425, 0.6153846153846154, 0.5869565217391305, 0.059372156858444214, 0.05887264758348465, 0.44041249013539707, 0.440392677004433, 0.49110959612730587, 0.5011118695516609, 0.1626627945474216, 0.1626627945474216, 0.8700500540435314, 0.0, 0.0, 0.0, 0.07686960399150848, 0.4955928805284202, 0.49559421464800835, 0.11463015526533127, 0.11463015526533127, 0.02083105407655239, 0.6031746031746031, 0.019184013828635216, 0.8, 0.08707781881093979, 0.0]
[0.4642857142857143, 0.5, 0.3333333333333333, 0.42424242424242425, 0.6153846153846154, 0.5869565217391305, 0.05354936048388481, 0.05304781347513199, 0.44025925605292526, 0.44023952269873246, 0.48822967391852895, 0.5042161033845945, 0.16700561557497298, 0.16700561557497298, 0.868810374289751, 0.0, 0.0, 0.0, 0.07758717089891433, 0.49559668311849236, 0.49567234981805086, 0.11580700427293777, 0.11580700427293777, 0.020914845168590546, 0.6031746031746031, 0.01942162588238716, 0.8, 0.06592471152544022, 0.0]
[0.4642857142857143, 0.5, 0.3333333333333333, 0.42424242424242425, 0.6153846153846154, 0.5869565217391305, 0.0, 0.0, 0.49784382476861344, 0.4978267680319386, 0.6210378985104096, 0.3761435005855783, 0.23448204355580468, 0.23448204355580468, 0.8516910299658775, 0.0, 0.0, 0.0, 0.237428842484951, 0.48537653032690287, 0.4856970142573118, 0.3625854253768921, 0.3625854253768921, 0.023951947689056396, 0.6031746031746031, 0.02199482172727585, 0.8, 0.045349061489105225, 0.0]
[0.4642857142857143, 0.5, 0.3333333333333333, 0.42424242424242425, 0.6153846153846154, 0.5869565217391305, 0.0, 0.0, 0.530786494224067, 0.5307710118321114, 0.6705545084426325, 0.32983137539599594, 0.2493157344205039, 0.2493157344205039, 0.8428849056363106, 0.0, 0.0, 0.0, 0.4084879457950592, 0.45974890887737274, 0.46085163950920105, 0.6098262667655945, 0.6098262667655945, 0.028177237138152122, 0.6031746031746031, 0.024902330711483955, 0.8, 0.049242403358221054, 0.0]
[0.4642857142857143, 0.5, 0.3333333333333333, 0.42424242424242425, 0.6153846153846154, 0.5869565217391305, 0.0, 0.0, 0.5242996027775066, 0.5242839209436231, 0.6789303970154568, 0.32187177341202655, 0.2483731188944408, 0.2483731188944408, 0.8391863331198692, 0.0, 0.0, 0.0, 0.4138112902641296, 0.4546150453388691, 0.45636261999607086, 0.6201264262199402, 0.6201264262199402, 0.03107186034321785, 0.6031746031746031, 0.026732269674539566, 0.8, 0.051891352981328964, 0.0]
[0.4642857142857143, 0.5, 0.3333333333333333, 0.42424242424242425, 0.6153846153846154, 0.5869565217391305, 0.0, 0.0, 0.524113235692449, 0.5240975823502696, 0.6814665803489903, 0.3195663614842399, 0.24600827268191747, 0.24600827268191747, 0.8398717492818832, 0.0, 0.0, 0.0, 0.4238287717103958, 0.4566710963845253, 0.45741916075348854, 0.6280068159103394, 0.6280068159103394, 0.03297365456819534, 0.6031746031746031, 0.028022553771734238, 0.8, 0.05504504591226578, 0.0]
[0.4642857142857143, 0.5, 0.3333333333333333, 0.42424242424242425, 0.6153846153846154, 0.5869565217391305, 0.0, 0.0, 0.5110627844730253, 0.5110466788250447, 0.6785394224564386, 0.3223184321573491, 0.2505667933395931, 0.2505667933395931, 0.836664579808712, 0.0, 0.0, 0.0, 0.4656513035297393, 0.44196999818086624, 0.4451589174568653, 0.6870547533035278, 0.6870547533035278, 0.03423530235886574, 0.6031746031746031, 0.028813771903514862, 0.8, 0.07091759145259857, 0.0]
[0.4642857142857143, 0.5, 0.3333333333333333, 0.42424242424242425, 0.6153846153846154, 0.5869565217391305, 0.0, 0.0, 0.49999117218914, 0.4999774792473131, 0.6859364842365623, 0.31533983373226626, 0.2600990874426706, 0.2600990874426706, 0.831935741007328, 0.0, 0.0, 0.0, 0.4767337083816528, 0.4324093610048294, 0.43767109140753746, 0.7038748860359192, 0.7038748860359192, 0.03446061536669731, 0.6031746031746031, 0.02872849628329277, 0.8, 0.07869609445333481, 0.0]
[0.4642857142857143, 0.5, 0.3333333333333333, 0.42424242424242425, 0.6153846153846154, 0.5869565217391305, 0.0, 0.0, 0.499431495503104, 0.4994178266081083, 0.6886732491662808, 0.31287154043103216, 0.2574914161648069, 0.2574914161648069, 0.8283796086907387, 0.0, 0.0, 0.0, 0.4801129788160324, 0.43448228389024734, 0.4378141462802887, 0.7068943381309509, 0.7068943381309509, 0.034663282334804535, 0.6031746031746031, 0.02867480181157589, 0.8, 0.08412428200244904, 0.0]
[0.4642857142857143, 0.5, 0.3333333333333333, 0.42424242424242425, 0.6153846153846154, 0.5869565217391305, 0.0, 0.0, 0.4992741175693946, 0.4992604705328781, 0.6893772335854816, 0.3122995181880941, 0.25040886231831144, 0.25040886231831144, 0.8339512497186661, 0.0, 0.0, 0.0, 0.45783430635929107, 0.44501058384776115, 0.4476451389491558, 0.6732140183448792, 0.6732140183448792, 0.03497496247291565, 0.6031746031746031, 0.029017021879553795, 0.8, 0.08342098444700241, 0.0]
[0.4642857142857143, 0.5, 0.3333333333333333, 0.42424242424242425, 0.6153846153846154, 0.5869565217391305, 0.0, 0.0, 0.48767011394692195, 0.4876560817827002, 0.6823644451155946, 0.31890751932086225, 0.24612008460930418, 0.24612008460930418, 0.8340019285678864, 0.0, 0.0, 0.0, 0.4625939905643463, 0.44705114886164665, 0.4491550996899605, 0.6729018092155457, 0.6729018092155457, 0.035243742167949677, 0.6031746031746031, 0.029626047238707542, 0.8, 0.07926267385482788, 0.0]
[0.4642857142857143, 0.5, 0.3333333333333333, 0.42424242424242425, 0.6153846153846154, 0.5869565217391305, 0.0, 0.0, 0.47501023412890464, 0.47499573754990765, 0.6652575131812013, 0.33509623201531114, 0.23839028818266733, 0.23839028818266733, 0.8305967524647713, 0.0, 0.0, 0.0, 0.44036824405193326, 0.45199234038591385, 0.45167773589491844, 0.6376428604125977, 0.6376428604125977, 0.034996263682842255, 0.6031746031746031, 0.03058532252907753, 0.8, 0.06231622397899628, 0.0]
[0.4642857142857143, 0.5, 0.3333333333333333, 0.42424242424242425, 0.6153846153846154, 0.5869565217391305, 0.18643058836460114, 0.1861608773469925, 0.3575665982685855, 0.35754777095058, 0.49072869196106783, 0.5028285915896673, 0.19117917333330428, 0.19117917333330428, 0.8390265479683876, 0.0, 0.0, 0.0, 0.12217635065317153, 0.49027756322175264, 0.49011554289609194, 0.18153251707553864, 0.18153251707553864, 0.03453519195318222, 0.6031746031746031, 0.031439390033483505, 0.8, 0.042854901403188705, 0.0]
[0.4642857142857143, 0.5, 0.3333333333333333, 0.42424242424242425, 0.6153846153846154, 0.5869565217391305, 0.18229030072689056, 0.1820109486579895, 0.36057918568642144, 0.3605604153518239, 0.491465874201481, 0.5019671050307349, 0.18352153045790537, 0.18352153045790537, 0.8435865417122841, 0.0, 0.0, 0.0, 0.11450789347290992, 0.4910789616405964, 0.49093642365187407, 0.16911618411540985, 0.16911618411540985, 0.03390301764011383, 0.6031746031746031, 0.030833693221211433, 0.8, 0.04267595335841179, 0.0]
[0.4642857142857143, 0.5, 0.3333333333333333, 0.42424242424242425, 0.6153846153846154, 0.5869565217391305, 0.14650608599185944, 0.14628441631793976, 0.37124319742104295, 0.371224666416759, 0.4874367298519178, 0.5057196561915874, 0.16663724290473123, 0.16663724290473123, 0.8509392365813255, 0.0, 0.0, 0.0, 0.09572893604636191, 0.4928253283724189, 0.49280263436958194, 0.14066702127456665, 0.14066702127456665, 0.029858488589525223, 0.6031746031746031, 0.027040615677833557, 0.8, 0.044693220406770706, 0.0]
[0.4642857142857143, 0.5, 0.3333333333333333, 0.42424242424242425, 0.6153846153846154, 0.5869565217391305, 0.14878705143928528, 0.1482754498720169, 0.3731806332932831, 0.3731609626208391, 0.4831232397209846, 0.5102662625955072, 0.16024626259292876, 0.16024626259292876, 0.8579257428646088, 0.0, 0.0, 0.0, 0.08180706836283207, 0.4941865876317024, 0.4941782611422241, 0.12027940899133682, 0.12027940899133682, 0.026399193331599236, 0.6031746031746031, 0.02389395236968994, 0.8, 0.04771845415234566, 0.0]
[0.4642857142857143, 0.5, 0.3333333333333333, 0.42424242424242425, 0.6153846153846154, 0.5869565217391305, 0.14948885142803192, 0.1489531248807907, 0.3729474116009918, 0.37292774092854775, 0.47884792277507526, 0.5145538338233084, 0.14869530286107746, 0.14869530286107746, 0.8719284757971764, 0.0, 0.0, 0.0, 0.07124877274036406, 0.49442719109356403, 0.4943480333313346, 0.10544683784246445, -0.0, 0.02537001669406891, 0.6031746031746031, 0.023059191182255745, 0.8, 0.045234329998493195, 0.0]
[0.4642857142857143, 0.5, 0.3333333333333333, 0.42424242424242425, 0.6153846153846154, 0.5869565217391305, 0.14892549812793732, 0.1483876258134842, 0.3731498394595961, 0.3731301687871521, 0.47871874851204926, 0.5146727097599223, 0.14726229012012482, 0.14726229012012482, 0.8730453290045261, 0.0, 0.0, 0.0, 0.07092006132006645, 0.49448032584041357, 0.4943976067006588, 0.10504517704248428, -0.0, 0.025208959355950356, 0.6031746031746031, 0.02293546497821808, 0.8, 0.04508791118860245, 0.0]
[0.4642857142857143, 0.5, 0.3333333333333333, 0.42424242424242425, 0.6153846153846154, 0.5869565217391305, 0.13340771198272705, 0.13295015692710876, 0.3776554149605804, 0.3776358012715444, 0.477490549504643, 0.5157391969783306, 0.13669910175459726, 0.13669910175459726, 0.8887898735702038, 0.0, 0.0, 0.0, 0.06928696371614933, 0.49505876330658793, 0.4949865168891847, 0.0, -0.0, 0.024274909868836403, 0.6031746031746031, 0.02210424095392227, 0.8, 0.04704988747835159, 0.0]
[0.4642857142857143, 0.5, 0.3333333333333333, 0.42424242424242425, 0.6153846153846154, 0.5869565217391305, 0.1978277564048767, 0.1974857747554779, 0.34653914635769495, 0.34651743567924426, 0.4806038679173982, 0.5092167792260482, 0.13879154941865376, 0.13879154941865376, 0.8898036181926727, 0.0, 0.0, 0.0, 0.07023341916501522, 0.49544142559170723, 0.4954048595391214, 0.0, -0.0, 0.02494962140917778, 0.6031746031746031, 0.02249043621122837, 0.8, 0.05010891333222389, 0.0]
[0.4642857142857143, 0.5, 0.3333333333333333, 0.42424242424242425, 0.6153846153846154, 0.5869565217391305, 0.23748333752155304, 0.23674088716506958, 0.33677834443334864, 0.33675583598718584, 0.4760463890792307, 0.512452898307644, 0.15517500362225942, 0.15517500362225942, 0.8723137825727463, 0.0, 0.0, 0.0, 0.07132918387651443, 0.4955048388801515, 0.4954912504181266, 0.0, -0.0, 0.024848071858286858, 0.6031746031746031, 0.02233763597905636, 0.8, 0.05162370204925537, 0.0]
[0.4642857142857143, 0.5, 0.3333333333333333, 0.42424242424242425, 0.6153846153846154, 0.5869565217391305, 0.2713705599308014, 0.27053260803222656, 0.3296893805436377, 0.32966653019702685, 0.47717843428396584, 0.5109510379078689, 0.19205317965575627, 0.19205317965575627, 0.8628220185637474, 0.0, 0.0, 0.0, 0.0698041547089815, 0.4955782853066921, 0.49550742050632834, 0.0, -0.0, 0.0228554867208004, 0.6031746031746031, 0.020422829315066338, 0.8, 0.049461573362350464, 0.0]
[0.4642857142857143, 0.5, 0.3333333333333333, 0.42424242424242425, 0.6153846153846154, 0.5869565217391305, 0.2834913432598114, 0.28249216079711914, 0.32511687233160835, 0.3250939194148631, 0.47667786781008337, 0.5115323427479713, 0.20412144916398187, 0.20412144916398187, 0.8560206741094589, 0.0, 0.0, 0.0, 0.07081465274095534, 0.4954143287613988, 0.49533523339778185, 0.0, -0.0, 0.02194844000041485, 0.6031746031746031, 0.01946241222321987, 0.8, 0.047948744148015976, 0.0]
[0.4642857142857143, 0.5, 0.3333333333333333, 0.42424242424242425, 0.6153846153846154, 0.5869565217391305, 0.30677205324172974, 0.3056928813457489, 0.318420581106474, 0.3183976053963655, 0.475869777553624, 0.5129867245721949, 0.21147313926901137, 0.21147313926901137, 0.8447264730930328, 0.0, 0.0, 0.0, 0.07198950126767158, 0.49502010690048337, 0.4949250598438084, 0.0, -0.0, 0.021680254489183426, 0.6031746031746031, 0.01920330338180065, 0.8, 0.04599437490105629, 0.0]
[0.4642857142857143, 0.5, 0.3333333333333333, 0.42424242424242425, 0.6153846153846154, 0.5869565217391305, 0.6038370132446289, 0.602928102016449, 0.2529521726969323, 0.25292782938503167, 0.4795329431160914, 0.5109396896621643, 0.2178023968424116, 0.2178023968424116, 0.7985086143016815, 0.0, 0.0, 0.0, 0.0676346369087696, 0.4921641079708934, 0.4914095625281334, 0.0, -0.0, 0.03010294772684574, 0.6031746031746031, 0.029406223446130753, 0.8, 0.03996805101633072, 0.0]
[0.4642857142857143, 0.5, 0.3333333333333333, 0.42424242424242425, 0.6153846153846154, 0.5869565217391305, 0.362448513507843, 0.3618566691875458, 0.29122993367124017, 0.2912059778465139, 0.48177376292631685, 0.5067703789501705, 0.21023399063519072, 0.21023399063519072, 0.8102451637387276, 0.0, 0.0, 0.0, 0.06837067939341068, 0.492293004412204, 0.49160693772137165, 0.0, -0.0, 0.0291709303855896, 0.6031746031746031, 0.028308779001235962, 0.8, 0.040283847600221634, 0.0]
[0.4642857142857143, 0.5, 0.3333333333333333, 0.42424242424242425, 0.6153846153846154, 0.5869565217391305, 0.16870588064193726, 0.16793887317180634, 0.3729086172968206, 0.37288640516437943, 0.4926205225872948, 0.49280890264606336, 0.19052097839968546, 0.19052097839968546, 0.8381765782833099, 0.0, 0.0, 0.0, 0.071615681797266, 0.4936914723366499, 0.4933622106909752, 0.0, -0.0, 0.0240237545222044, 0.6031746031746031, 0.02228577807545662, 0.8, 0.042098239064216614, 0.0]
[0.4642857142857143, 0.5, 0.3333333333333333, 0.42424242424242425, 0.6153846153846154, 0.5869565217391305, 0.0, 0.0, 0.4926495613320152, 0.49263315509655736, 0.6763896550092825, 0.3185943385104554, 0.25760950786726816, 0.25760950786726816, 0.8395348712801933, 0.0, 0.0, 0.0, 0.07296066991984844, 0.4944856548681855, 0.4942691596224904, 0.0, -0.0, 0.022231698036193848, 0.6031746031746031, 0.02017742022871971, 0.8, 0.04584776982665062, 0.0]
[0.4642857142857143, 0.5, 0.3333333333333333, 0.42424242424242425, 0.6153846153846154, 0.5869565217391305, 0.0, 0.0, 0.503117931931926, 0.5031018679530626, 0.6585861351020478, 0.33547624296662865, 0.2585371690137046, 0.2585371690137046, 0.8406299948692322, 0.0, 0.0, 0.0, 0.07217666395008564, 0.4947929326444864, 0.4945985358208418, 0.0, -0.0, 0.022199597209692, 0.6031746031746031, 0.02002253383398056, 0.8, 0.049718551337718964, 0.0]
[0.4642857142857143, 0.5, 0.3333333333333333, 0.42424242424242425, 0.6153846153846154, 0.5869565217391305, 0.28014808893203735, 0.2792919874191284, 0.36051050928309136, 0.3604884908942374, 0.5092260090787369, 0.4783748287493088, 0.25350749492645264, 0.25350749492645264, 0.8734731897711754, 0.0, 0.0, 0.0, 0.06344591975212097, 0.49503003945574164, 0.4948694738559425, 0.0, -0.0, 0.02301594242453575, 0.6031746031746031, 0.020963165909051895, 0.8, 0.05467554181814194, 0.0]
[0.4642857142857143, 0.5, 0.3333333333333333, 0.42424242424242425, 0.6153846153846154, 0.5869565217391305, 0.21508358418941498, 0.2147686928510666, 0.40555931231715714, 0.40553856465830174, 0.4822110379289259, 0.5042118980090837, 0.20092553326061796, 0.20092553326061796, 0.8649196550250053, 0.0, 0.0, 0.0, 0.06433760821819305, 0.49387626349925995, 0.49374715704470873, 0.0, -0.0, 0.024697883054614067, 0.6031746031746031, 0.023143678903579712, 0.8, 0.04889646917581558, 0.0]
[0.4642857142857143, 0.5, 0.3333333333333333, 0.42424242424242425, 0.6153846153846154, 0.5869565217391305, 0.04955436289310455, 0.04943067580461502, 0.47822603292720495, 0.47820793927057753, 0.4916099503379935, 0.4943858272892061, 0.1725010041679655, 0.1725010041679655, 0.8656821250915527, 0.0, 0.0, 0.0, 0.06339990422129631, 0.4932619403116405, 0.49327903240919113, 0.0, -0.0, 0.023562975227832794, 0.6031746031746031, 0.02245352976024151, 0.8, 0.04105827957391739, 0.0]
[0.4642857142857143, 0.5, 0.3333333333333333, 0.42424242424242425, 0.6153846153846154, 0.5869565217391305, 0.0, 0.0, 0.498183209043046, 0.4981658597321857, 0.4858941804496554, 0.49987441786337944, 0.1538895123771259, 0.1538895123771259, 0.8733216822147369, 0.0, 0.0, 0.0, 0.06222229935228824, 0.4928349107503891, 0.4929806590080261, 0.0, -0.0, 0.024204447865486145, 0.6031746031746031, 0.023443397134542465, 0.8, 0.03791085258126259, 0.0]
[0.4642857142857143, 0.5, 0.3333333333333333, 0.42424242424242425, 0.6153846153846154, 0.5869565217391305, 0.0, 0.0, 0.5045875415035005, 0.5045705045329453, 0.4871082903094319, 0.4988836587450422, 0.14620801700013025, 0.14620801700013025, 0.8801014795899391, 0.0, 0.0, 0.0, 0.0607696808874607, 0.49238578928634524, 0.4926354964263737, 0.0, -0.0, 0.026784557849168777, 0.6031746031746031, 0.026205377653241158, 0.8, 0.035530928522348404, 0.0]
[0.4642857142857143, 0.5, 0.3333333333333333, 0.42424242424242425, 0.6153846153846154, 0.5869565217391305, 0.13385793566703796, 0.13358141481876373, 0.4619933261926042, 0.46197458719888107, 0.4899158257827248, 0.4960242655212924, 0.14654010002102172, 0.14654010002102172, 0.8812961429357529, 0.0, 0.0, 0.0, 0.060149237886071204, 0.4920475436374545, 0.49232463957741857, 0.0, -0.0, 0.027882585301995277, 0.6031746031746031, 0.027298619970679283, 0.8, 0.03422229364514351, 0.0]
[0.4642857142857143, 0.5, 0.3333333333333333, 0.42424242424242425, 0.6153846153846154, 0.5869565217391305, 0.1520538032054901, 0.1518719345331192, 0.44925110107626104, 0.44923107710668736, 0.5152011945074421, 0.4705381228813883, 0.18875786236354283, 0.18875786236354283, 0.8528357818722725, 0.0, 0.0, 0.0, 0.059801610186696046, 0.49085914343595505, 0.4910930087789893, 0.0, -0.0, 0.0327284075319767, 0.6031746031746031, 0.03352674841880798, 0.8, 0.033316753804683685, 0.0]
[0.4642857142857143, 0.5, 0.3333333333333333, 0.42424242424242425, 0.6153846153846154, 0.5869565217391305, 0.0339977890253067, 0.033933889120817184, 0.4948657514887148, 0.49484694874480395, 0.5414642617533814, 0.44241214978712645, 0.1652751011507852, 0.1652751011507852, 0.8556552901864052, 0.0, 0.0, 0.0, 0.060815897211432456, 0.49088017269968987, 0.4910179330036044, 0.0, -0.0, 0.02844107151031494, 0.6031746031746031, 0.02801153063774109, 0.8, 0.031822193413972855, 0.005161293083801866]
[0.4642857142857143, 0.5, 0.3333333333333333, 0.42424242424242425, 0.6153846153846154, 0.5869565217391305, 0.8220203518867493, 0.8215910196304321, 0.34155880789455906, 0.3415369376625659, 0.5321073183366035, 0.45997195165831495, 0.24746171065739225, 0.24746171065739225, 0.8340998366475105, 0.0, 0.0, 0.0, 0.06009861193597316, 0.4907622206956148, 0.49070765916258097, 0.0, -0.0, 0.026448410004377365, 0.6031746031746031, 0.02604309841990471, 0.8, 0.030687617138028145, 0.04750814754515886]
[0.4642857142857143, 0.5, 0.3333333333333333, 0.42424242424242425, 0.6153846153846154, 0.5869565217391305, 0.9825026988983154, 0.9825029969215393, 0.4063739528163669, 0.406355193878451, 0.5495460475607994, 0.44607292347104277, 0.2913606805460794, 0.2913606805460794, 0.8035700097680092, 0.0, 0.0, 0.0, 0.05879416055977344, 0.48985008150339127, 0.4895351277664304, 0.0, -0.0, 0.03192926198244095, 0.6031746031746031, 0.034405965358018875, 0.8, 0.03210882470011711, 0.061705647967755795]
[0.4642857142857143, 0.5, 0.3333333333333333, 0.42424242424242425, 0.6153846153846154, 0.5869565217391305, 0.9756290316581726, 0.9756261110305786, 0.4141427401602838, 0.41412439720124633, 0.5532037099506385, 0.4429296958920098, 0.3036446337188993, 0.3036446337188993, 0.7711685001850128, 0.0, 0.0, 0.0, 0.058514703437685965, 0.488424826413393, 0.4879473093897104, 0.0, -0.0, 0.035874854773283005, 0.6031746031746031, 0.038544733077287674, 0.8, 0.03438332676887512, 0.0649347435683012]
[0.4642857142857143, 0.5, 0.3333333333333333, 0.42424242424242425, 0.6153846153846154, 0.5869565217391305, 0.9717892408370972, 0.9717873930931091, 0.40797712401723774, 0.407958387872685, 0.5606676360617177, 0.4349712107828374, 0.30388897018773214, 0.30388897018773214, 0.7579574808478355, 0.0, 0.0, 0.0, 0.05906264707446098, 0.4868837399408221, 0.4863395756110549, 0.0, -0.0, 0.03583148866891861, 0.6031746031746031, 0.03807538375258446, 0.8, 0.035262927412986755, 0.07728789001703262]
[0.4642857142857143, 0.5, 0.3333333333333333, 0.42424242424242425, 0.6153846153846154, 0.5869565217391305, 0.952978253364563, 0.9529784917831421, 0.36524336880525254, 0.3652226496381012, 0.5578228875738257, 0.4359894700938789, 0.2672622139964785, 0.2672622139964785, 0.7941877767443657, 0.0, 0.0, 0.0, 0.05914283655583858, 0.4864276638254523, 0.48581089172512293, 0.0, -0.0, 0.034487031400203705, 0.6031746031746031, 0.036386530846357346, 0.8, 0.0343741774559021, 0.08706800639629364]
[0.4642857142857143, 0.5, 0.3333333333333333, 0.42424242424242425, 0.6153846153846154, 0.5869565217391305, 0.354830265045166, 0.354839563369751, 0.3548920136336843, 0.3548676817184653, 0.5694284247622663, 0.41518317531166704, 0.18426779125417983, 0.18426779125417983, 0.8433956801891327, 0.0, 0.0, 0.0, 0.06087177246809005, 0.48664423637092113, 0.48614350985735655, 0.0, -0.0, 0.03201189264655113, 0.6031746031746031, 0.03355686739087105, 0.8, 0.032374218106269836, 0.09540041908621788]
[0.4642857142857143, 0.5, 0.3333333333333333, 0.42424242424242425, 0.6153846153846154, 0.5869565217391305, 0.849829375743866, 0.8498328328132629, 0.3636139738400169, 0.3635915109805805, 0.5539205954134122, 0.4348962320145817, 0.23260583834988732, 0.23260583834988732, 0.8033586665987968, 0.0, 0.0, 0.0, 0.06448785364627838, 0.4861858244985342, 0.48586277198046446, 0.0, -0.0, 0.032035112380981445, 0.5716383390956454, 0.03336780145764351, 0.7915018342955168, 0.03159356489777565, 0.08822532370686531]
[0.4642857142857143, 0.5, 0.3333333333333333, 0.42424242424242425, 0.6153846153846154, 0.5869565217391305, 0.9620323777198792, 0.9620317220687866, 0.4394503822746058, 0.4394319937288419, 0.5311012734190683, 0.4617457539761221, 0.2679237723350525, 0.2679237723350525, 0.7508272528648376, 0.0, 0.0, 0.0, 0.06243952885270118, 0.48440427985042334, 0.4843523669987917, 0.0, -0.0, 0.04048826918005943, 0.5178258466342138, 0.04395934194326401, 0.761624958019617, 0.031443074345588684, 0.0494978716596961]
[0.4642857142857143, 0.5, 0.3333333333333333, 0.42424242424242425, 0.6153846153846154, 0.5869565217391305, 0.43566328287124634, 0.43540558218955994, 0.30976888144221404, 0.3097386688392887, 0.5342805857412218, 0.4423069926059902, 0.19272570099149433, 0.19272570099149433, 0.8126725777983665, 0.0, 0.0, 0.0, 0.06779535748064518, 0.48453251272439957, 0.48434402234852314, 0.0, -0.0, 0.04450991004705429, 0.4821960359811783, 0.0, 0.6976744186046512, 0.03265003114938736, 0.040650442242622375]
[0.4642857142857143, 0.5, 0.3333333333333333, 0.42424242424242425, 0.6153846153846154, 0.5869565217391305, 0.2778695523738861, 0.27782607078552246, 0.34298669813240007, 0.3429580126848093, 0.5154736905891171, 0.4616375766743615, 0.17454593841518676, 0.17454593841518676, 0.8234908804297447, 0.0, 0.0, 0.0, 0.07134811840951442, 0.4843434616923332, 0.4839599262923002, 0.0, -0.0, 0.0, 0.5, 0.0, 0.6976744186046512, 0.0351281575858593, 0.032901675440371037]
[0.4642857142857143, 0.5, 0.3333333333333333, 0.42424242424242425, 0.6153846153846154, 0.5869565217391305, 0.2579231262207031, 0.25744304060935974, 0.35348220992954466, 0.3534541854894868, 0.49944712168912814, 0.4780945444603445, 0.17048965075186323, 0.17048965075186323, 0.828909233212471, 0.0, 0.0, 0.0, 0.0747769821435213, 0.48429594561457634, 0.4838431868702173, 0.0, -0.0, 0.0, 0.5, 0.0, 0.6976744186046512, 0.036915481090545654, 0.023079209495335817]
[0.4642857142857143, 0.5, 0.3333333333333333, 0.42424242424242425, 0.6153846153846154, 0.5869565217391305, 0.25609058141708374, 0.255577951669693, 0.35974743306978707, 0.35972025198416774, 0.4753756687244539, 0.5037763795200265, 0.1617626686181341, 0.1617626686181341, 0.8326936289668083, 0.0, 0.0, 0.0, 0.07588917277753353, 0.4839590322226286, 0.4834993965923786, 0.0, -0.0, 0.05786187946796417, 0.47685524821281433, 0.0, 0.6976744186046512, 0.037742648273706436, 0.010152000468224287]
[0.4642857142857143, 0.5, 0.3333333333333333, 0.42424242424242425, 0.6153846153846154, 0.5869565217391305, 0.24594634771347046, 0.24547359347343445, 0.36177196238282533, 0.3617448496772956, 0.4596949118273208, 0.5193507968303072, 0.15620087406464986, 0.15620087406464986, 0.8355786576867104, 0.0, 0.0, 0.0, 0.07747292220592499, 0.48397150449454784, 0.48356313817203045, 0.0, -0.0, 0.05670253559947014, 0.4773189857602119, 0.057962432503700256, 0.7426862243216399, 0.038658443838357925, 0.0]
[0.4642857142857143, 0.5, 0.3333333333333333, 0.42424242424242425, 0.6153846153846154, 0.5869565217391305, 0.8990074992179871, 0.8983447551727295, 0.40294747781115325, 0.40292631417341945, 0.41916129169682925, 0.5732173292353727, 0.1975155674985477, 0.1975155674985477, 0.7995827198028564, 0.0, 0.0, 0.0, 0.0632501021027565, 0.484284371137619, 0.4840926844626665, 0.0, -0.0, 0.05375039204955101, 0.4903677489076341, 0.05566379427909851, 0.7507753246572129, 0.03872106224298477, 0.0]
[0.4642857142857143, 0.5, 0.3333333333333333, 0.42424242424242425, 0.6153846153846154, 0.5869565217391305, 0.534411609172821, 0.5295833349227905, 0.3355819094021507, 0.3355567569258564, 0.3959587933228531, 0.591563767109906, 0.19286262137549265, 0.19286262137549265, 0.8341017886996269, 0.0, 0.0, 0.0, 0.0539218470454216, 0.4837758783251047, 0.4838201217353344, 0.0, -0.0, 0.053575873374938965, 0.5200006001525455, 0.05680110678076744, 0.7592770916431449, 0.037302758544683456, 0.0]
[0.4642857142857143, 0.5, 0.3333333333333333, 0.42424242424242425, 0.6153846153846154, 0.5869565217391305, 0.12247287482023239, 0.12157393991947174, 0.44782293731806155, 0.44780043457023955, 0.38750325334231667, 0.5962112455426798, 0.16196896455117635, 0.16196896455117635, 0.8463982343673706, 0.0, 0.0, 0.0, 0.061238778010010715, 0.4853533236309886, 0.48564424738287926, 0.0, -0.0, 0.044274549931287766, 0.6031746031746031, 0.046739254146814346, 0.8, 0.038904447108507156, 0.0]
[0.4642857142857143, 0.5, 0.3333333333333333, 0.42424242424242425, 0.6153846153846154, 0.5869565217391305, 0.9753613471984863, 0.9753340482711792, 0.42430720115027054, 0.42429440837517296, 0.4372817476210585, 0.5567439207567774, 0.22750808724335264, 0.22750808724335264, 0.7880448326468468, 0.0, 0.0, 0.0, 0.05997621677815914, 0.4863556893542409, 0.48681146930903196, 0.0, -0.0, 0.0461140051484108, 0.5245818320720914, 0.04936511069536209, 0.7613605707017488, 0.03865675628185272, 0.0]
[0.4642857142857143, 0.5, 0.3333333333333333, 0.42424242424242425, 0.6153846153846154, 0.5869565217391305, 0.1761198192834854, 0.17617134749889374, 0.4064783806098807, 0.4064627158710195, 0.4227571669773663, 0.5613398957156264, 0.16544596425124578, 0.16544596425124578, 0.850916862487793, 0.0, 0.0, 0.0, 0.06518661119043827, 0.4868821892887354, 0.4870610199868679, 0.0, -0.0, 0.04088569059967995, 0.6031746031746031, 0.040236879140138626, 0.8, 0.03911660239100456, 0.0]
[0.4642857142857143, 0.5, 0.3333333333333333, 0.42424242424242425, 0.6153846153846154, 0.5869565217391305, 0.1676972657442093, 0.16773007810115814, 0.4126896689544444, 0.4126742093558521, 0.4226617653556809, 0.561106079259014, 0.1630364198769842, 0.1630364198769842, 0.8527395948767662, 0.0, 0.0, 0.0, 0.06504262946546077, 0.4873106814920902, 0.4874490378424525, 0.0, -0.0, 0.03767892345786095, 0.6031746031746031, 0.03668693080544472, 0.8, 0.03945809230208397, 0.0]
[0.4642857142857143, 0.5, 0.3333333333333333, 0.42424242424242425, 0.6153846153846154, 0.5869565217391305, 0.16223150491714478, 0.16212062537670135, 0.4109355942924893, 0.4109202828507578, 0.4270193321527076, 0.5578108094411024, 0.1608511486223766, 0.1608511486223766, 0.8577049747109413, 0.0, 0.0, 0.0, 0.0637882798910141, 0.48880181927233934, 0.48879472352564335, 0.0, -0.0, 0.031092973425984383, 0.6031746031746031, 0.030021686106920242, 0.8, 0.04073821008205414, 0.0030473340302705765]
[0.4642857142857143, 0.5, 0.3333333333333333, 0.42424242424242425, 0.6153846153846154, 0.5869565217391305, 0.16438403725624084, 0.16424115002155304, 0.406288887984894, 0.4062736335265705, 0.431066248202643, 0.5547584021958243, 0.16214079090527128, 0.16214079090527128, 0.8599696680903435, 0.0, 0.0, 0.0, 0.06286335624754429, 0.4897584645077586, 0.4896439854055643, 0.0, -0.0, 0.026516543701291084, 0.6031746031746031, 0.025521280243992805, 0.8, 0.042013030499219894, 0.0159847317263484]
[0.4642857142857143, 0.5, 0.3333333333333333, 0.42424242424242425, 0.6153846153846154, 0.5869565217391305, 0.1648504137992859, 0.16469764709472656, 0.4058432663375971, 0.40582806886268163, 0.43238275867119347, 0.5538043024626625, 0.1625206108604159, 0.1625206108604159, 0.8604258373379707, 0.0, 0.0, 0.0, 0.0621953435242176, 0.49010931234806776, 0.4899523230269551, 0.0, -0.0, 0.024813184514641762, 0.6031746031746031, 0.023837648332118988, 0.8, 0.04191497340798378, 0.02120395889505744]
[0.4642857142857143, 0.5, 0.3333333333333333, 0.42424242424242425, 0.6153846153846154, 0.5869565217391305, 0.164192795753479, 0.1640334576368332, 0.40605159767727095, 0.40603649707414907, 0.43042380016574894, 0.5561430972296645, 0.1624203899077007, 0.1624203899077007, 0.8605257123708725, 0.0, 0.0, 0.0, 0.061666506528854366, 0.49055392667651176, 0.490316616371274, 0.0, -0.0, 0.02289794571697712, 0.6031746031746031, 0.021990196779370308, 0.8, 0.041579607874155045, 0.02700911369174719]
[0.4642857142857143, 0.5, 0.3333333333333333, 0.42424242424242425, 0.6153846153846154, 0.5869565217391305, 0.16130511462688446, 0.16115683317184448, 0.4075966913887009, 0.4075816648640095, 0.43021986224683245, 0.5564059844841642, 0.1616585467542921, 0.1616585467542921, 0.8604967966675758, 0.0, 0.0, 0.0, 0.06113887950778007, 0.4906527800485492, 0.490380784496665, 0.0, -0.0, 0.02230607159435749, 0.6031746031746031, 0.021425940096378326, 0.8, 0.04074323922395706, 0.030402059201151133]
[0.4642857142857143, 0.5, 0.3333333333333333, 0.42424242424242425, 0.6153846153846154, 0.5869565217391305, 0.15837927162647247, 0.15822145342826843, 0.4097731270708044, 0.40975816322786174, 0.43461763083820815, 0.5519114637643333, 0.16194837433951242, 0.16194837433951242, 0.8601251393556595, 0.0, 0.0, 0.0, 0.060116683319211, 0.49070610478520393, 0.4904096955433488, 0.0, -0.0, 0.02124434895813465, 0.6031746031746031, 0.020399995148181915, 0.8, 0.039891526103019714, 0.034218658693134785]
[0.4642857142857143, 0.5, 0.3333333333333333, 0.42424242424242425, 0.6153846153846154, 0.5869565217391305, 0.16086241602897644, 0.16071757674217224, 0.4088006938164822, 0.40878575276690277, 0.4528105639590816, 0.5338966593523048, 0.1601622413311686, 0.1601622413311686, 0.8603791370987892, 0.0, 0.0, 0.0, 0.05888594649732112, 0.4907977497205138, 0.4904594039544463, 0.0, -0.0, 0.020310916006565094, 0.6031746031746031, 0.019468745216727257, 0.8, 0.03878117725253105, 0.04033583216369152]
[0.4642857142857143, 0.5, 0.3333333333333333, 0.42424242424242425, 0.6153846153846154, 0.5869565217391305, 0.17218485474586487, 0.17198725044727325, 0.41222423987452433, 0.4122094925685321, 0.4398440008637554, 0.5471845547345532, 0.1608956392322268, 0.1608956392322268, 0.855059303343296, 0.0, 0.0, 0.0, 0.05834240205585956, 0.49105215817689896, 0.4907202897593379, 0.0, -0.0, 0.020260712131857872, 0.6031746031746031, 0.01923886127769947, 0.8, 0.03588847070932388, 0.05632664542645216]
[0.4642857142857143, 0.5, 0.3333333333333333, 0.42424242424242425, 0.6153846153846154, 0.5869565217391305, 0.1483098268508911, 0.14767518639564514, 0.4236201351049069, 0.4236059747280172, 0.43316432600039595, 0.5544863656319129, 0.16217150858470372, 0.16217150858470372, 0.8553519770503044, 0.0, 0.0, 0.0, 0.057082740589976304, 0.49134896136820316, 0.49101327173411846, 0.0, -0.0, 0.01985916681587696, 0.6031746031746031, 0.01876535452902317, 0.8, 0.03496198356151581, 0.07171354256570339]
[0.4642857142857143, 0.5, 0.3333333333333333, 0.42424242424242425, 0.6153846153846154, 0.5869565217391305, 0.0378592275083065, 0.03668099641799927, 0.48152681108186624, 0.481515251997552, 0.3795243681730777, 0.609647933150746, 0.1993383573634284, 0.1993383573634284, 0.8561847135424614, 0.0, 0.0, 0.0, 0.05404604412615299, 0.4920031726360321, 0.4916764609515667, 0.0, -0.0, 0.0188660379499197, 0.6031746031746031, 0.017607556656003, 0.8, 0.03288917616009712, 0.08538640104234219]
[0.4642857142857143, 0.5, 0.3333333333333333, 0.42424242424242425, 0.6153846153846154, 0.5869565217391305, 0.0, 0.0, 0.5389407401331068, 0.5389318336264353, 0.3664856754798962, 0.6243230981484376, 0.22413788097245355, 0.22413788097245355, 0.8566302508115768, 0.0, 0.0, 0.0, 0.053732645139098166, 0.49241319252178073, 0.49212182220071554, 0.0, -0.0, 0.017988130450248718, 0.6031746031746031, 0.016734758391976357, 0.8, 0.03294902667403221, 0.08516010828316212]
[0.4642857142857143, 0.5, 0.3333333333333333, 0.42424242424242425, 0.6153846153846154, 0.5869565217391305, 0.0, 0.0, 0.5992032241638943, 0.5991974118562775, 0.37025821642027756, 0.6257018344985317, 0.2126846036740712, 0.2126846036740712, 0.8598873540759087, 0.0, 0.0, 0.0, 0.05295226387679577, 0.49372624419629574, 0.4935238352045417, 0.0, -0.0, 0.01592823676764965, 0.6031746031746031, 0.01466182991862297, 0.8, 0.036661721765995026, 0.07932659238576889]
[0.4642857142857143, 0.5, 0.3333333333333333, 0.42424242424242425, 0.6153846153846154, 0.5869565217391305, 0.0, 0.0, 0.5954874785862735, 0.5954815523118407, 0.38555799934649787, 0.6101011449879893, 0.21490649453231267, 0.21490649453231267, 0.8602045178413391, 0.0, 0.0, 0.0, 0.05318089686334133, 0.49412592919543386, 0.49393415497615933, 0.0, -0.0, 0.015694476664066315, 0.6031746031746031, 0.014368084259331226, 0.8, 0.03917641192674637, 0.08165460079908371]
[0.4642857142857143, 0.5, 0.3333333333333333, 0.42424242424242425, 0.6153846153846154, 0.5869565217391305, 0.0, 0.0, 0.6006044119767432, 0.600598668049216, 0.42114836581578446, 0.5738769292780769, 0.21966924624783654, 0.21966924624783654, 0.8603857457637787, 0.0, 0.0, 0.0, 0.05412414744496345, 0.49464712478220463, 0.49449503188952804, 0.0, -0.0, 0.015650659799575806, 0.6031746031746031, 0.01421007327735424, 0.8, 0.043932538479566574, 0.08690315298736095]
[0.4642857142857143, 0.5, 0.3333333333333333, 0.42424242424242425, 0.6153846153846154, 0.5869565217391305, 0.0, 0.0, 0.6029247307640645, 0.6029190780099902, 0.42383719630268746, 0.5714235585068147, 0.2212527074984142, 0.2212527074984142, 0.8619510158896446, 0.0, 0.0, 0.0, 0.05442972332239151, 0.494873168412596, 0.4947461695410311, 0.0, -0.0, 0.015573539771139622, 0.6031746031746031, 0.014098791405558586, 0.8, 0.045802175998687744, 0.09009889326989651]
[0.4642857142857143, 0.5, 0.3333333333333333, 0.42424242424242425, 0.6153846153846154, 0.5869565217391305, 0.0, 0.0, 0.5971854530830456, 0.5971795382052945, 0.4199116663084887, 0.5749213909847052, 0.2172421238252095, 0.2172421238252095, 0.8647920340299606, 0.0, 0.0, 0.0, 0.0539609208703041, 0.49512974824756384, 0.49502104707062244, 0.0, -0.0, 0.01564643159508705, 0.6031746031746031, 0.014148077927529812, 0.8, 0.047506533563137054, 0.09423075243830681]
[0.4642857142857143, 0.5, 0.3333333333333333, 0.42424242424242425, 0.6153846153846154, 0.5869565217391305, 0.11852798610925674, 0.1173308938741684, 0.459260769487567, 0.4592513273368602, 0.44485482545017513, 0.5434539094203239, 0.24424615715231215, 0.24424615715231215, 0.8590943664312363, 0.0, 0.0, 0.0, 0.05888067632913589, 0.49509137170389295, 0.4949878426268697, 0.0, -0.0, 0.015615002252161503, 0.6031746031746031, 0.01413933839648962, 0.8, 0.04771583527326584, 0.09921418502926826]
[0.4642857142857143, 0.5, 0.3333333333333333, 0.42424242424242425, 0.6153846153846154, 0.5869565217391305, 0.479776531457901, 0.4785892963409424, 0.34211706294612265, 0.34210339832488257, 0.6023066773241382, 0.3886843748297285, 0.22700947310243336, 0.22700947310243336, 0.8364729136228561, 0.0, 0.0, 0.0, 0.06414303183555603, 0.49391726963222027, 0.49364857375621796, 0.0, -0.0, 0.018735112622380257, 0.6031746031746031, 0.017764385789632797, 0.8, 0.04648149758577347, 0.10857999324798584]
[0.4642857142857143, 0.5, 0.3333333333333333, 0.42424242424242425, 0.6153846153846154, 0.5869565217391305, 0.1668102741241455, 0.16610181331634521, 0.42060522276402434, 0.4205941280944853, 0.5980946233577984, 0.39114594408881775, 0.19976889448506494, 0.19976889448506494, 0.8369221016764641, 0.0, 0.0, 0.0, 0.06368095986545086, 0.49345923168584704, 0.49312315601855516, 0.0, -0.0, 0.019172925502061844, 0.6031746031746031, 0.018143517896533012, 0.8, 0.04486043006181717, 0.11404014192521572]
[0.4642857142857143, 0.5, 0.3333333333333333, 0.42424242424242425, 0.6153846153846154, 0.5869565217391305, 0.11333911120891571, 0.11290062218904495, 0.4372084555616798, 0.4371979649162657, 0.5768800424572159, 0.4114206748477765, 0.18494097249848504, 0.18494097249848504, 0.8421403169631958, 0.0, 0.0, 0.0, 0.06215915121138096, 0.49350996501743793, 0.49320218013599515, 0.0, -0.0, 0.01867060735821724, 0.6031746031746031, 0.01747911609709263, 0.8, 0.044043637812137604, 0.10741615667939186]
[0.4642857142857143, 0.5, 0.3333333333333333, 0.42424242424242425, 0.6153846153846154, 0.5869565217391305, 0.0870831087231636, 0.0869280993938446, 0.4486839167246627, 0.4486739731199655, 0.5511100084786206, 0.43728409893375464, 0.17654631819043842, 0.17654631819043842, 0.8533632084727287, 0.0, 0.0, 0.0, 0.06092507652938366, 0.4935027835890651, 0.4932486107572913, 0.0, -0.0, 0.01817822828888893, 0.6031746031746031, 0.01689777337014675, 0.8, 0.04350823536515236, 0.09932238608598709]
[0.4642857142857143, 0.5, 0.3333333333333333, 0.42424242424242425, 0.6153846153846154, 0.5869565217391305, 0.07751290500164032, 0.07747316360473633, 0.4498938226335135, 0.4498838562354531, 0.5282703519551294, 0.45942120701992667, 0.16940568174634663, 0.16940568174634663, 0.8553294911980629, 0.0, 0.0, 0.0, 0.06001179367303848, 0.4932920248247683, 0.49308770801872015, 0.0, -0.0, 0.01753157004714012, 0.6031746031746031, 0.01634099893271923, 0.8, 0.04354039579629898, 0.0782084371894598]
[0.4642857142857143, 0.5, 0.3333333333333333, 0.42424242424242425, 0.6153846153846154, 0.5869565217391305, 0.07220135629177094, 0.07216288149356842, 0.45074492111716624, 0.45073493762408345, 0.5065329582581785, 0.4805985834534213, 0.16207847212042129, 0.16207847212042129, 0.85807304084301, 0.0, 0.0, 0.0, 0.05903642140328884, 0.4930641259998083, 0.49293250730261207, 0.0, -0.0, 0.01700943149626255, 0.6031746031746031, 0.015967780724167824, 0.8, 0.04273713007569313, 0.03856703406199813]
[0.4642857142857143, 0.5, 0.3333333333333333, 0.42424242424242425, 0.6153846153846154, 0.5869565217391305, 0.069278784096241, 0.06919162720441818, 0.4486993934182774, 0.4486893928301722, 0.48975216302429514, 0.49748578736653926, 0.1574381600533213, 0.1574381600533213, 0.8629170581698418, 0.0, 0.0, 0.0, 0.057901121303439135, 0.49295156355947256, 0.492926019243896, 0.0, -0.0, 0.016870759427547455, 0.6031746031746031, 0.01600806415081024, 0.8, 0.042562711983919144, 0.017378045013174415]
[0.4642857142857143, 0.5, 0.3333333333333333, 0.42424242424242425, 0.6153846153846154, 0.5869565217391305, 0.06793446093797684, 0.06783713400363922, 0.4484738359943631, 0.4484637955178722, 0.479237599536976, 0.5078426784761955, 0.1550247200897762, 0.1550247200897762, 0.866009458899498, 0.0, 0.0, 0.0, 0.057097111642360684, 0.4929696978069842, 0.49301504669710994, 0.0, -0.0, 0.016862714663147926, 0.6031746031746031, 0.01608569175004959, 0.8, 0.042572081089019775, 0.004672989598475397]
[0.4642857142857143, 0.5, 0.3333333333333333, 0.42424242424242425, 0.6153846153846154, 0.5869565217391305, 0.5727784633636475, 0.5700531005859375, 0.2992756945681162, 0.29926090167539754, 0.44680091140375083, 0.5439335836399531, 0.20018277423722405, 0.20018277423722405, 0.8596760407090187, 0.0, 0.0, 0.0, 0.057152381911873815, 0.49211474042385817, 0.4921982432715595, 0.0, -0.0, 0.018430817872285843, 0.6031746031746031, 0.018009774386882782, 0.8, 0.04224443435668945, 0.0]
[0.4642857142857143, 0.5, 0.3333333333333333, 0.42424242424242425, 0.6153846153846154, 0.5869565217391305, 0.1410689502954483, 0.14040693640708923, 0.4270164032055361, 0.42700575870492036, 0.416783157543744, 0.5719458869442151, 0.167066752910614, 0.167066752910614, 0.8677017241716385, 0.0, 0.0, 0.0, 0.05547383986413478, 0.49181068129837513, 0.4919410403817892, 0.0, -0.0, 0.01850012317299843, 0.6031746031746031, 0.018348388373851776, 0.8, 0.040769945830106735, 0.0]
[0.4642857142857143, 0.5, 0.3333333333333333, 0.42424242424242425, 0.6153846153846154, 0.5869565217391305, 0.06845583766698837, 0.06784868240356445, 0.4496135953279572, 0.44960379418178, 0.40343704506270517, 0.5854118127389296, 0.1437736355832645, 0.1437736355832645, 0.8733141832053661, 0.0, 0.0, 0.0, 0.05129466168582439, 0.4920566799119115, 0.49230586737394333, 0.0, -0.0, 0.017809001728892326, 0.6031746031746031, 0.017803598195314407, 0.8, 0.037601288408041, 0.0]
[0.4642857142857143, 0.5, 0.3333333333333333, 0.42424242424242425, 0.6153846153846154, 0.5869565217391305, 0.05838495492935181, 0.05791005864739418, 0.4561442813727413, 0.4561347480485818, 0.400634019826156, 0.58838294187827, 0.1425831232752119, 0.1425831232752119, 0.8746867626905441, 0.0, 0.0, 0.0, 0.05013403557240963, 0.4921931969001889, 0.49256779812276363, 0.0, -0.0, 0.017008280381560326, 0.6031746031746031, 0.01711460016667843, 0.8, 0.035618338733911514, 0.0]
[0.4642857142857143, 0.5, 0.3333333333333333, 0.42424242424242425, 0.6153846153846154, 0.5869565217391305, 0.05975516885519028, 0.059283602982759476, 0.46179943729768974, 0.4617902430248078, 0.4062786993515423, 0.5835216816428465, 0.13836781361273356, 0.13836781361273356, 0.8751698397099972, 0.0, 0.0, 0.0, 0.04891064204275608, 0.4921318832784891, 0.4926225580275059, 0.0, -0.0, 0.016669131815433502, 0.6031746031746031, 0.016831418499350548, 0.8, 0.03340667858719826, 0.0]
[0.4642857142857143, 0.5, 0.3333333333333333, 0.42424242424242425, 0.6153846153846154, 0.5869565217391305, 0.05715251341462135, 0.05673040449619293, 0.4685902497508558, 0.4685812663165835, 0.4267393099874201, 0.5624779840107808, 0.13669737215553013, 0.13669737215553013, 0.8752552010118961, 0.0, 0.0, 0.0, 0.0482872262597084, 0.4921561060473323, 0.4926945171318948, 0.0, -0.0, 0.01648424006998539, 0.6031746031746031, 0.01661597192287445, 0.8, 0.031809691339731216, 0.0]
[0.4642857142857143, 0.5, 0.3333333333333333, 0.42424242424242425, 0.6153846153846154, 0.5869565217391305, 0.0, 0.0, 0.5730122765437139, 0.5730079628997278, 0.6895767894803224, 0.31227832036031544, 0.1917919729437147, 0.1917919729437147, 0.8817330077290535, 0.0, 0.0, 0.0, 0.046924080699682236, 0.49284620955586433, 0.4933874048292637, 0.0, -0.0, 0.01539842039346695, 0.6031746031746031, 0.015414713881909847, 0.8, 0.03139336407184601, 0.0]
[0.4642857142857143, 0.5, 0.3333333333333333, 0.42424242424242425, 0.6153846153846154, 0.5869565217391305, 0.0, 0.0, 0.5639188813889687, 0.5639142315428753, 0.6804591478854702, 0.3205890996911507, 0.18715185778481622, 0.18715185778481622, 0.8827207796275616, 0.0, 0.0, 0.0, 0.04628526382148265, 0.4935022951103747, 0.4939659661613405, 0.0, -0.0, 0.014894604682922363, 0.6031746031746031, 0.014667914249002934, 0.8, 0.0330205112695694, 0.0]
[0.4642857142857143, 0.5, 0.3333333333333333, 0.42424242424242425, 0.6153846153846154, 0.5869565217391305, 0.0, 0.0, 0.5616489131409625, 0.5616441322330307, 0.6812554226322795, 0.3194228316761517, 0.18210320600441526, 0.18210320600441526, 0.8833265192806721, 0.0, 0.0, 0.0, 0.045806133560836314, 0.4940284388139844, 0.4944114447571337, 0.0, -0.0, 0.014379733242094517, 0.6031746031746031, 0.01390285324305296, 0.8, 0.03483258932828903, 0.0]
[0.4642857142857143, 0.5, 0.3333333333333333, 0.42424242424242425, 0.6153846153846154, 0.5869565217391305, 0.0, 0.0, 0.5562282410907927, 0.5562232265508882, 0.6840100689554306, 0.3165939929557754, 0.17257979937962126, 0.17257979937962126, 0.8839353211224079, 0.0, 0.0, 0.0, 0.0455250009894371, 0.4943968025036156, 0.49470752803608775, 0.0, -0.0, 0.01436725165694952, 0.6031746031746031, 0.013685094192624092, 0.8, 0.035650573670864105, 0.0]
[0.4642857142857143, 0.5, 0.3333333333333333, 0.42424242424242425, 0.6153846153846154, 0.5869565217391305, 0.0, 0.0, 0.5494352319272481, 0.5494299780570299, 0.6879731624121875, 0.3125860307635536, 0.16847109688179834, 0.16847109688179834, 0.884083591401577, 0.0, 0.0, 0.0, 0.046050561405718324, 0.49457808397710323, 0.49483589734882116, 0.0, -0.0, 0.014636103063821793, 0.6031746031746031, 0.013834619894623756, 0.8, 0.03697475045919418, 0.0]
[0.4642857142857143, 0.5, 0.3333333333333333, 0.42424242424242425, 0.6153846153846154, 0.5869565217391305, 0.6845672130584717, 0.668459415435791, 0.3103835842577495, 0.31036958913274293, 0.47969448822862104, 0.5128290315380466, 0.2048765655074801, 0.2048765655074801, 0.8589902371168137, 0.0, 0.0, 0.0, 0.04941319860517979, 0.4938186057843268, 0.49404434207826853, 0.0, -0.0, 0.016090093180537224, 0.6031746031746031, 0.015645915642380714, 0.8, 0.037227194756269455, 0.0]
[0.4642857142857143, 0.5, 0.3333333333333333, 0.42424242424242425, 0.6153846153846154, 0.5869565217391305, 0.21152053773403168, 0.21106824278831482, 0.40381277086174056, 0.4038013058000495, 0.459038146709165, 0.5297557847854918, 0.2130922568695886, 0.2130922568695886, 0.8386413753032684, 0.0, 0.0, 0.0, 0.1759486250579357, 0.4861603109166026, 0.48632592149078846, 0.2632805407047272, 0.2632805407047272, 0.025057464838027954, 0.6031746031746031, 0.02529413253068924, 0.8, 0.03769630193710327, 0.0]
[0.4642857142857143, 0.5, 0.3333333333333333, 0.42424242424242425, 0.6153846153846154, 0.5869565217391305, 0.06506949663162231, 0.06491158157587051, 0.433125867898332, 0.43311567926498035, 0.4653362008399307, 0.5245709300218481, 0.20896907363619124, 0.20896907363619124, 0.8435149788856506, 0.0, 0.0, 0.0, 0.42003389596939084, 0.43580223619937897, 0.4371388554573059, 0.6069523096084595, 0.6069523096084595, 0.0, 0.5, 0.0, 0.6976744186046512, 0.04769650101661682, 0.032908665016293526]
[0.4642857142857143, 0.5, 0.3333333333333333, 0.42424242424242425, 0.6153846153846154, 0.5869565217391305, 0.012970814481377602, 0.012955647893249989, 0.43411166376183186, 0.4341015207152066, 0.46470744876515113, 0.5253129907542793, 0.18337629735469818, 0.18337629735469818, 0.8459088504314423, 0.0, 0.0, 0.0, 0.37099040448665616, 0.4427672401070595, 0.44385698437690735, 0.536758542060852, 0.536758542060852, 0.0, 0.5, 0.0, 0.6976744186046512, 0.050744373351335526, 0.07499845698475838]
[0.4642857142857143, 0.5, 0.3333333333333333, 0.42424242424242425, 0.6153846153846154, 0.5869565217391305, 0.017429698258638382, 0.017029020935297012, 0.44063834957137393, 0.44062849714012947, 0.46433003055889793, 0.5260196192036117, 0.12752666537250792, 0.12752666537250792, 0.8667335286736488, 0.0, 0.0, 0.0, 0.14941411316394804, 0.47514515928924084, 0.47594692930579185, 0.22220420837402344, 0.22220420837402344, 0.10159031301736832, 0.4593638747930527, 0.0, 0.6976744186046512, 0.03543052449822426, 0.08909041061997414]
[0.4642857142857143, 0.5, 0.3333333333333333, 0.42424242424242425, 0.6153846153846154, 0.5869565217391305, 0.02251344360411167, 0.021997837349772453, 0.439727697728013, 0.43971784529676855, 0.4657567982236013, 0.5246810561561626, 0.11302636138030461, 0.11302636138030461, 0.8731754869222641, 0.0, 0.0, 0.0, 0.11532015651464461, 0.47871940582990646, 0.47973938286304474, 0.1739363819360733, 0.1739363819360733, 0.10753248631954193, 0.45698700547218324, 0.0, 0.6976744186046512, 0.034060101956129074, 0.07824672386050224]
[0.4642857142857143, 0.5, 0.3333333333333333, 0.42424242424242425, 0.6153846153846154, 0.5869565217391305, 0.08984772861003876, 0.08910262584686279, 0.4172662571784871, 0.41725567535962016, 0.47814131996827647, 0.5128817753804978, 0.072762630879879, 0.072762630879879, 0.9245835207402706, 0.0, 0.0, 0.0, 0.06317154243588448, 0.4839236419647932, 0.48552176356315613, 0.0, -0.0, 0.11009584367275238, 0.45596166253089904, 0.0, 0.6976744186046512, 0.02749893255531788, 0.042935232631862164]
[0.4642857142857143, 0.5, 0.3333333333333333, 0.42424242424242425, 0.6153846153846154, 0.5869565217391305, 0.34332576394081116, 0.34263089299201965, 0.31751983297942477, 0.31750611137477663, 0.4875566742274319, 0.5052182135978068, 0.07040506760988917, 0.07040506760988917, 0.9019588530063629, 0.0, 0.0, 0.0, 0.07895953208208084, 0.48046688362956047, 0.4827943965792656, 0.11923113465309143, 0.11923113465309143, 0.10872997343540192, 0.45650801062583923, 0.0, 0.6976744186046512, 0.025008199736475945, 0.030663320794701576]
[0.4642857142857143, 0.5, 0.3333333333333333, 0.42424242424242425, 0.6153846153846154, 0.5869565217391305, 0.1320761889219284, 0.1312914788722992, 0.388973482252307, 0.38896196020720797, 0.48079329786063607, 0.5107471284806564, 0.0652132449405534, 0.0652132449405534, 0.9327753782272339, 0.0, 0.0, 0.0, 0.04609979093074798, 0.48557026498019695, 0.48632365372031927, 0.0, -0.0, 0.0869913175702095, 0.4652034729719162, 0.0, 0.6976744186046512, 0.022883014753460884, 0.025003589689731598]
[0.4642857142857143, 0.5, 0.3333333333333333, 0.42424242424242425, 0.6153846153846154, 0.5869565217391305, 0.07235196977853775, 0.07147970050573349, 0.3997616494362942, 0.39975046929164326, 0.4768063069871461, 0.5145753507581718, 0.0555347784289292, 0.0555347784289292, 0.940426629036665, 0.0, 0.0, 0.0, 0.03688363451510668, 0.4891754603013396, 0.4897201135754585, 0.0, -0.0, 0.07717756181955338, 0.46912897527217867, 0.0, 0.6976744186046512, 0.019866954535245895, 0.023064820561558008]
[0.4642857142857143, 0.5, 0.3333333333333333, 0.42424242424242425, 0.6153846153846154, 0.5869565217391305, 0.06454663723707199, 0.06363920867443085, 0.39873340663216994, 0.3987244944271576, 0.47675657044405234, 0.514690833332839, 0.05036372957485063, 0.05036372957485063, 0.9432500991970301, 0.0, 0.0, 0.0, 0.03278887160122394, 0.4904539091512561, 0.4910653801634908, 0.0, -0.0, 0.07344812899827957, 0.4706207484006882, 0.0, 0.6976744186046512, 0.01803390495479107, 0.020094458013772964]
[0.4642857142857143, 0.5, 0.3333333333333333, 0.42424242424242425, 0.6153846153846154, 0.5869565217391305, 0.11008092015981674, 0.10887371748685837, 0.38240500481133255, 0.38239561394569294, 0.4737334781349503, 0.518109119822322, 0.043215034529566765, 0.043215034529566765, 0.947372667491436, 0.0, 0.0, 0.0, 0.026710413210093972, 0.4920466272160411, 0.4926105788908899, 0.0, -0.0, 0.06732035428285599, 0.4730718582868576, 0.0, 0.6976744186046512, 0.0147829819470644, 0.006712866015732288]
[0.4642857142857143, 0.5, 0.3333333333333333, 0.42424242424242425, 0.6153846153846154, 0.5869565217391305, 0.8374258875846863, 0.8356806635856628, 0.28521943776147085, 0.2852075852126054, 0.46876506629911024, 0.526209165962836, 0.0629690316106592, 0.0629690316106592, 0.8908338136970997, 0.0, 0.0, 0.0, 0.029561687633395194, 0.48828710336238146, 0.48949309904128313, 0.0, -0.0, 0.0, 0.5, 0.0, 0.6976744186046512, 0.014575102366507053, 0.0014268601080402732]
[0.4642857142857143, 0.5, 0.3333333333333333, 0.42424242424242425, 0.6153846153846154, 0.5869565217391305, 0.36411622166633606, 0.36322861909866333, 0.28804941615000734, 0.2880374268409627, 0.46755054473421087, 0.5265660302538211, 0.08992703897612436, 0.08992703897612436, 0.8876644931733608, 0.0, 0.0, 0.0, 0.03868555352091789, 0.48169125989079475, 0.4833872150629759, 0.0, -0.0, 0.0, 0.5, 0.0, 0.6976744186046512, 0.014988950453698635, 0.0]
[0.4642857142857143, 0.5, 0.3333333333333333, 0.42424242424242425, 0.6153846153846154, 0.5869565217391305, 0.17884458601474762, 0.17812667787075043, 0.3732915002119017, 0.3732818586192669, 0.45957942640348326, 0.5324439970024178, 0.1180179842880794, 0.1180179842880794, 0.8804234005510807, 0.0, 0.0, 0.0, 0.06220039725303649, 0.48451125901192427, 0.48539931885898113, 0.0, -0.0, 0.04737771302461624, 0.6031746031746031, 0.04461400955915451, 0.8, 0.015217234380543232, 0.0]
[0.4642857142857143, 0.5, 0.3333333333333333, 0.42424242424242425, 0.6153846153846154, 0.5869565217391305, 0.16098232567310333, 0.160184845328331, 0.37185173463183196, 0.3718417511387491, 0.4547906946497711, 0.5352793546246702, 0.1612971829516547, 0.1612971829516547, 0.8449940606951714, 0.0, 0.0, 0.0, 0.06425501964986324, 0.4862488890066743, 0.4869331121444702, 0.0, -0.0, 0.041402850300073624, 0.6031746031746031, 0.03892767056822777, 0.8, 0.01651909574866295, 0.0]
[0.0, 0.0, 1.0, 1.0, 0.6153846153846154, 0.5869565217391305, 0.5866570472717285, 0.5862626433372498, 0.26832561237634256, 0.2683125973659537, 0.45439018391742303, 0.5372565221781435, 0.2665639562266214, 0.2665639562266214, 0.785979837179184, 0.0, 0.0, 0.0, 0.07324132658541202, 0.4876676872372627, 0.488011728040874, 0.0, -0.0, 0.03495165333151817, 0.6031746031746031, 0.03289490193128586, 0.8, 0.021423982456326485, 0.0]
[0.0, 0.0, 1.0, 1.0, 0.6153846153846154, 0.5869565217391305, 0.5308979749679565, 0.529895007610321, 0.27832057052087145, 0.2783076694772987, 0.4508557880357848, 0.539800213075682, 0.28589788292135515, 0.28589788292135515, 0.7723840996623039, 0.0, 0.0, 0.0, 0.07441253997385501, 0.48668851237744093, 0.4865340515971184, 0.0, -0.0, 0.0340208075940609, 0.6031746031746031, 0.032620299607515335, 0.8, 0.025791211053729057, 0.0]
[0.4642857142857143, 0.5, 0.3333333333333333, 0.42424242424242425, 0.6153846153846154, 0.5869565217391305, 0.16847959160804749, 0.16806058585643768, 0.38339149017406926, 0.3833814155075336, 0.44780766576471565, 0.5389387322150904, 0.2589050680398941, 0.2589050680398941, 0.7888467982411385, 0.0, 0.0, 0.0, 0.07275576442480086, 0.4882393218576908, 0.48805186431854963, 0.0, -0.0, 0.02851187065243721, 0.6031746031746031, 0.027491923421621323, 0.8, 0.028983989730477333, 0.0]
[0.4642857142857143, 0.5, 0.3333333333333333, 0.42424242424242425, 0.6153846153846154, 0.5869565217391305, 0.1412908434867859, 0.14086391031742096, 0.3960724182384192, 0.396062560108834, 0.44719862140159533, 0.5379189585699812, 0.2546096593141556, 0.2546096593141556, 0.7916402220726013, 0.0, 0.0, 0.0, 0.0706655729562044, 0.48922910541296005, 0.48909515980631113, 0.0, -0.0, 0.02541140280663967, 0.6031746031746031, 0.024491893127560616, 0.8, 0.030026329681277275, 0.0]
[0.0, 0.0, 1.0, 1.0, 0.6153846153846154, 0.5869565217391305, 0.8185792565345764, 0.8176734447479248, 0.2714409864655416, 0.2714283361489641, 0.4548004331141995, 0.5338496095768985, 0.41963138750621254, 0.41963138750621254, 0.7705722525715828, 0.0, 0.0, 0.0, 0.07335759364068507, 0.48941605631262064, 0.48917082976549864, 0.0, -0.0, 0.023623323068022728, 0.6031746031746031, 0.022803079336881638, 0.8, 0.03199749439954758, 0.0]
[0.0, 0.0, 1.0, 1.0, 0.6153846153846154, 0.5869565217391305, 0.9100473523139954, 0.9097987413406372, 0.27352566746407214, 0.27351374653511706, 0.4589625582184436, 0.5327206970350186, 0.4846681441579547, 0.4846681441579547, 0.741013377904892, 0.0, 0.0, 0.0, 0.07263807095587253, 0.48633401840925217, 0.4860572377219796, 0.0, -0.0, 0.025898829102516174, 0.6031746031746031, 0.025405293330550194, 0.8, 0.03305429220199585, 0.0]
[0.0, 0.0, 1.0, 1.0, 0.6153846153846154, 0.5869565217391305, 0.23238106071949005, 0.23144300282001495, 0.3892034558903419, 0.3891938712811151, 0.45931469573573447, 0.5228203769345078, 0.37651981626238146, 0.37651981626238146, 0.7888090834021568, 0.0, 0.0, 0.0, 0.07418392524123191, 0.4861921165138483, 0.4858620073646307, 0.0, -0.0, 0.02559482678771019, 0.6031746031746031, 0.025106502696871758, 0.8, 0.03295094892382622, 0.0]
[0.0, 0.0, 1.0, 1.0, 0.6153846153846154, 0.5869565217391305, 0.17688454687595367, 0.17604489624500275, 0.40335810024925217, 0.40334893731724464, 0.4555414339552418, 0.525989959339744, 0.3718632991824832, 0.3718632991824832, 0.7932334095239639, 0.0, 0.0, 0.0, 0.0713210817426443, 0.4872694695368409, 0.48707082867622375, 0.0, -0.0, 0.023541953414678574, 0.6031746031746031, 0.022899683564901352, 0.8, 0.0319393016397953, 0.0]
[0.0, 0.0, 1.0, 1.0, 0.6153846153846154, 0.5869565217391305, 0.11713307350873947, 0.1163720041513443, 0.4141055869782632, 0.4140967545500221, 0.4565317856422118, 0.5244874920666738, 0.37717103958129883, 0.37717103958129883, 0.7944143041968346, 0.0, 0.0, 0.0, 0.06915420293807983, 0.48791924118995667, 0.4878351707011461, 0.0, -0.0, 0.021717876195907593, 0.6031746031746031, 0.020994557067751884, 0.8, 0.030840273946523666, 0.0]
[0.0, 0.0, 1.0, 1.0, 0.6153846153846154, 0.5869565217391305, 0.11297572404146194, 0.11220263689756393, 0.4180994970620704, 0.41809081279069016, 0.45726486578954106, 0.5234865842033705, 0.36699042788573677, 0.36699042788573677, 0.7948547303676605, 0.0, 0.0, 0.0, 0.06688422337174416, 0.48817497305572033, 0.4880886934697628, 0.0, -0.0, 0.020359855145215988, 0.6031746031746031, 0.019652748480439186, 0.8, 0.029598090797662735, 0.0]
[0.0, 0.0, 1.0, 1.0, 0.6153846153846154, 0.5869565217391305, 0.11302712559700012, 0.11225945502519608, 0.4181082725069035, 0.41809957114050084, 0.45796215465830115, 0.5227751121643573, 0.3590251079627446, 0.3590251079627446, 0.7958123609423637, 0.0, 0.0, 0.0, 0.06599829532206059, 0.4882083283737302, 0.4881148925051093, 0.0, -0.0, 0.020024986937642097, 0.6031746031746031, 0.019325250759720802, 0.8, 0.029134105890989304, 0.0]
[0.0, 0.0, 1.0, 1.0, 0.6153846153846154, 0.5869565217391305, 0.08037441968917847, 0.07971462607383728, 0.4272966760978188, 0.4272882995368418, 0.4644571747880137, 0.5159903029132249, 0.346488750406674, 0.346488750406674, 0.8007379472255707, 0.0, 0.0, 0.0, 0.06434688903391361, 0.48843463882803917, 0.48826032411307096, 0.0, -0.0, 0.01901894435286522, 0.6031746031746031, 0.018388783559203148, 0.8, 0.028538230806589127, 0.0]
[0.0, 0.0, 1.0, 1.0, 0.6153846153846154, 0.5869565217391305, 0.0720360055565834, 0.07140514999628067, 0.4299313495537519, 0.42992308695959086, 0.4676349685023437, 0.5129629938319303, 0.34190754805292406, 0.34190754805292406, 0.8040198236703873, 0.0, 0.0, 0.0, 0.0633689559996128, 0.48841626197099686, 0.4881673650816083, 0.0, -0.0, 0.018491223454475403, 0.6031746031746031, 0.01789574883878231, 0.8, 0.028113529086112976, 0.0]
[0.0, 0.0, 1.0, 1.0, 0.6153846153846154, 0.5869565217391305, 0.07185777276754379, 0.07125909626483917, 0.42739299515237317, 0.4273846299880777, 0.4718278333060372, 0.5088719925683903, 0.3410508909395763, 0.3410508909395763, 0.8056254759430885, 0.0, 0.0, 0.0, 0.062471517547965046, 0.48818688932806253, 0.48785646725445986, 0.0, -0.0, 0.01804881915450096, 0.6031746031746031, 0.01749696582555771, 0.8, 0.027267638593912125, 0.0]
[0.0, 0.0, 1.0, 1.0, 0.6153846153846154, 0.5869565217391305, 0.08607438951730728, 0.0856129601597786, 0.42070360461794853, 0.42069497732997624, 0.47364039003963, 0.5070631312088067, 0.34151457250118256, 0.34151457250118256, 0.8057992309331894, 0.0, 0.0, 0.0, 0.06231300309300422, 0.48780754767358303, 0.4874100461602211, 0.0, -0.0, 0.01785355433821678, 0.6031746031746031, 0.017343737185001373, 0.8, 0.026585977524518967, 0.0]
[0.0, 0.0, 1.0, 1.0, 0.6153846153846154, 0.5869565217391305, 0.07656729221343994, 0.07627594470977783, 0.4261795619705667, 0.42617123669465684, 0.46934254185419466, 0.5121417461065622, 0.3453661394970758, 0.3453661394970758, 0.8054699599742889, 0.0, 0.0, 0.0, 0.06181759424507618, 0.4875886356458068, 0.4871652014553547, 0.0, -0.0, 0.01730906404554844, 0.6031746031746031, 0.01688298024237156, 0.8, 0.02583763375878334, 0.0]
[0.0, 0.0, 1.0, 1.0, 0.6153846153846154, 0.5869565217391305, 0.06092704087495804, 0.06055406108498573, 0.4398431176209313, 0.43983544765421356, 0.4589519365111911, 0.5237040271899845, 0.3307400643825531, 0.3307400643825531, 0.8138555809855461, 0.0, 0.0, 0.0, 0.06024889647960662, 0.4875735593959689, 0.4871604647487402, 0.0, -0.0, 0.016449561342597008, 0.6031746031746031, 0.016202742233872414, 0.8, 0.025306306779384613, 0.0]
[0.0, 0.0, 1.0, 1.0, 0.6153846153846154, 0.5869565217391305, 0.033188849687576294, 0.03283536806702614, 0.44994327853332283, 0.4499360758305508, 0.4463802712825243, 0.5371815633540805, 0.29011234641075134, 0.29011234641075134, 0.8313906863331795, 0.0, 0.0, 0.0, 0.05826572775840759, 0.48765920754522085, 0.48729250580072403, 0.0, -0.0, 0.015730002894997597, 0.6031746031746031, 0.015653233975172043, 0.8, 0.02461325004696846, 0.0]
[0.4642857142857143, 0.5, 0.3333333333333333, 0.42424242424242425, 0.6153846153846154, 0.5869565217391305, 0.014617692679166794, 0.014536779373884201, 0.4591139545860072, 0.4591072049013287, 0.43703360197421015, 0.5478195963529916, 0.24690109704222, 0.24690109704222, 0.8392614796757698, 0.0, 0.0, 0.0, 0.055253874883055686, 0.4876962546259165, 0.4874922800809145, 0.0, -0.0, 0.015445216558873653, 0.6031746031746031, 0.015596860088407993, 0.8, 0.023567719385027885, 0.0]
[0.4642857142857143, 0.5, 0.3333333333333333, 0.42424242424242425, 0.6153846153846154, 0.5869565217391305, 0.01594833843410015, 0.015728667378425598, 0.459788618192618, 0.4597819083963252, 0.42946932238328983, 0.5556922250065026, 0.21956004202365878, 0.21956004202365878, 0.841333769261837, 0.0, 0.0, 0.0, 0.05344326831400394, 0.4871854968369007, 0.4871104061603546, 0.0, -0.0, 0.016279185190796852, 0.6031746031746031, 0.016627002507448196, 0.8, 0.02262917160987854, 0.0]
[0.4642857142857143, 0.5, 0.3333333333333333, 0.42424242424242425, 0.6153846153846154, 0.5869565217391305, 0.01590479165315628, 0.015632102265954018, 0.4640915749405812, 0.46408499050778595, 0.418812325306194, 0.5659834251982254, 0.21516857402665276, 0.21516857402665276, 0.8398029133677483, 0.0, 0.0, 0.0, 0.05279783830046653, 0.48654852621257305, 0.4865565039217472, 0.0, -0.0, 0.01736573688685894, 0.6031746031746031, 0.017868701368570328, 0.8, 0.02253120020031929, 0.0]
[0.4642857142857143, 0.5, 0.3333333333333333, 0.42424242424242425, 0.6153846153846154, 0.5869565217391305, 0.01242965366691351, 0.01223619282245636, 0.4758730711946068, 0.47586688279649725, 0.41400859551949437, 0.5705711664998002, 0.21126189402171544, 0.21126189402171544, 0.8388265520334244, 0.0, 0.0, 0.0, 0.052436546236276624, 0.48622749373316765, 0.4863122021779418, 0.0, -0.0, 0.018307091668248177, 0.6031746031746031, 0.018961364403367043, 0.8, 0.022660674527287483, 0.0]
[0.4642857142857143, 0.5, 0.3333333333333333, 0.42424242424242425, 0.6153846153846154, 0.5869565217391305, 0.011764733120799065, 0.011582505889236927, 0.48065747220931043, 0.48065148182854367, 0.42132802310454914, 0.5632535495625349, 0.20900432552610126, 0.20900432552610126, 0.8403030559420586, 0.0, 0.0, 0.0, 0.05173516012728214, 0.48595255985856056, 0.4861034043133259, 0.0, -0.0, 0.01931067183613777, 0.6031746031746031, 0.020025568082928658, 0.8, 0.02259855531156063, 0.0]
[0.4642857142857143, 0.5, 0.3333333333333333, 0.42424242424242425, 0.6153846153846154, 0.5869565217391305, 0.0, 0.0, 0.5423210044435971, 0.5423174315839151, 0.698569466461415, 0.2942309684502185, 0.24409696459770205, 0.24409696459770205, 0.8592913523316383, 0.0, 0.0, 0.0, 0.04951854981482029, 0.4867196660488844, 0.4868547599762678, 0.0, -0.0, 0.019444366917014122, 0.6031746031746031, 0.02013867162168026, 0.8, 0.021798046305775642, 0.0]
[0.4642857142857143, 0.5, 0.3333333333333333, 0.42424242424242425, 0.6153846153846154, 0.5869565217391305, 0.0, 0.0, 0.5654246280571699, 0.5654220011220608, 0.7120764488015986, 0.284171778608184, 0.25687708386353086, 0.25687708386353086, 0.8612538650631905, 0.0, 0.0, 0.0, 0.04853911604732275, 0.48783047031611204, 0.4879428958520293, 0.0, -0.0, 0.018178682774305344, 0.6031746031746031, 0.018666623160243034, 0.8, 0.02216234989464283, 0.0]
[0.4642857142857143, 0.5, 0.3333333333333333, 0.42424242424242425, 0.6153846153846154, 0.5869565217391305, 0.0, 0.0, 0.572235210903744, 0.5722329087740604, 0.7106306657736433, 0.287302994084809, 0.28692914971283506, 0.28692914971283506, 0.8628288432955742, 0.0, 0.0, 0.0, 0.04879868682473898, 0.48914899211376905, 0.48931157402694225, 0.0, -0.0, 0.01719936542212963, 0.6031746031746031, 0.017361337319016457, 0.8, 0.024781951680779457, 0.0]
[0.4642857142857143, 0.5, 0.3333333333333333, 0.42424242424242425, 0.6153846153846154, 0.5869565217391305, 0.0, 0.0, 0.5815566479589925, 0.5815547390148244, 0.7221639935874574, 0.27832689927544646, 0.2927276704992567, 0.2927276704992567, 0.8618180900812149, 0.0, 0.0, 0.0, 0.04974145628511906, 0.48990706354379654, 0.4902671752497554, 0.0, -0.0, 0.01622420735657215, 0.6031746031746031, 0.016031701117753983, 0.8, 0.028146248310804367, 0.0]
[0.4642857142857143, 0.5, 0.3333333333333333, 0.42424242424242425, 0.6153846153846154, 0.5869565217391305, 0.0, 0.0, 0.5934874635353599, 0.5934859477767069, 0.7143556027749756, 0.2864168109168464, 0.31518969152654924, 0.31518969152654924, 0.8608255982398987, 0.0, 0.0, 0.0, 0.05150736942887306, 0.4906068881973624, 0.49108136910945177, 0.0, -0.0, 0.015537909232079983, 0.6031746031746031, 0.015077401883900166, 0.8, 0.03116045705974102, 0.0]
[0.4642857142857143, 0.5, 0.3333333333333333, 0.42424242424242425, 0.6153846153846154, 0.5869565217391305, 0.0, 0.0, 0.5949882925354499, 0.5949868508552274, 0.7203173892675805, 0.2819080329483321, 0.31978824308940346, 0.31978824308940346, 0.8586559817194939, 0.0, 0.0, 0.0, 0.05264361873269081, 0.4910127501934767, 0.49159142561256886, 0.0, -0.0, 0.015109004452824593, 0.6031746031746031, 0.014422746375203133, 0.8, 0.03290398791432381, 0.0]
[0.4642857142857143, 0.5, 0.3333333333333333, 0.42424242424242425, 0.6153846153846154, 0.5869565217391305, 0.0, 0.0, 0.5990616659817231, 0.5990603325699757, 0.7262717907105076, 0.2766245997380066, 0.3209298636232104, 0.3209298636232104, 0.8557007014751434, 0.0, 0.0, 0.0, 0.05391968004405498, 0.491198668256402, 0.491898650303483, 0.0, -0.0, 0.015294967219233513, 0.6031746031746031, 0.014336349442601204, 0.8, 0.034651003777980804, 0.0]
[0.4642857142857143, 0.5, 0.3333333333333333, 0.42424242424242425, 0.6153846153846154, 0.5869565217391305, 0.0, 0.0, 0.5982104136428688, 0.5982091030244845, 0.7269007279813632, 0.2761036802153692, 0.3203542211226055, 0.3203542211226055, 0.8545634895563126, 0.0, 0.0, 0.0, 0.05430698916316032, 0.4912147046998143, 0.4919417379423976, 0.0, -0.0, 0.01537526585161686, 0.6031746031746031, 0.014341329224407673, 0.8, 0.034967679530382156, 0.0]
[0.4642857142857143, 0.5, 0.3333333333333333, 0.42424242424242425, 0.6153846153846154, 0.5869565217391305, 0.0, 0.0, 0.5968876122060743, 0.5968862560009638, 0.7280087817467421, 0.2758351743968399, 0.31726233661174774, 0.31726233661174774, 0.8508032187819481, 0.0, 0.0, 0.0, 0.054904901608824726, 0.4912520498037338, 0.4919877275824547, 0.0, -0.0, 0.015468480996787548, 0.6031746031746031, 0.014321323484182358, 0.8, 0.03476991876959801, 0.0]
[0.4642857142857143, 0.5, 0.3333333333333333, 0.42424242424242425, 0.6153846153846154, 0.5869565217391305, 0.0, 0.0, 0.6026851155333948, 0.6026839758652346, 0.7388185570390456, 0.26608900581166983, 0.3163860312529973, 0.3163860312529973, 0.8510814532637596, 0.0, 0.0, 0.0, 0.05427909716963768, 0.49150143936276436, 0.4922341611236334, 0.0, -0.0, 0.01511889323592186, 0.6031746031746031, 0.013947186060249805, 0.8, 0.034835848957300186, 0.0]
[0.4642857142857143, 0.5, 0.3333333333333333, 0.42424242424242425, 0.6153846153846154, 0.5869565217391305, 0.0, 0.0, 0.6345735549015024, 0.63457339534796, 0.7474188120825569, 0.25884222067514245, 0.3167700873953956, 0.3167700873953956, 0.8558172956109047, 0.0, 0.0, 0.0, 0.05452125892043114, 0.4921396328136325, 0.49283671053126454, 0.0, -0.0, 0.015125652775168419, 0.6031746031746031, 0.0138503173366189, 0.8, 0.03689773380756378, 0.0]
[0.4642857142857143, 0.5, 0.3333333333333333, 0.42424242424242425, 0.6153846153846154, 0.5869565217391305, 0.0, 0.0, 0.633599640078572, 0.6335982838734614, 0.7567856991040319, 0.24982714921470306, 0.3203049302101135, 0.3203049302101135, 0.859491840004921, 0.0, 0.0, 0.0, 0.054436680674552915, 0.49272026354447007, 0.4933813437819481, 0.0, -0.0, 0.015108363702893257, 0.6031746031746031, 0.013748996891081333, 0.8, 0.03961174935102463, 0.0]
[0.4642857142857143, 0.5, 0.3333333333333333, 0.42424242424242425, 0.6153846153846154, 0.5869565217391305, 0.0, 0.0, 0.5423093940742157, 0.54230501205014, 0.6457948073830249, 0.3491395421916572, 0.3291379979678563, 0.3291379979678563, 0.8622589632868767, 0.0, 0.0, 0.0, 0.055102030932903286, 0.4928158978000283, 0.4934408883564174, 0.0, -0.0, 0.014593812637031078, 0.6031746031746031, 0.013344302773475647, 0.8, 0.03971193730831146, 0.0]
[0.0, 0.0, 1.0, 1.0, 0.6153846153846154, 0.5869565217391305, 0.4564479887485504, 0.45258215069770813, 0.3348857317098468, 0.33487465413533024, 0.47552361189749226, 0.51271533254405, 0.2578844981534141, 0.2578844981534141, 0.8319227397441864, 0.0, 0.0, 0.0, 0.05666978992521762, 0.4897598419338465, 0.49025794491171837, 0.0, -0.0, 0.018289223313331604, 0.6031746031746031, 0.018228180706501007, 0.8, 0.036281947046518326, 0.0]
[0.4642857142857143, 0.5, 0.3333333333333333, 0.42424242424242425, 0.6153846153846154, 0.5869565217391305, 0.12640103697776794, 0.12572714686393738, 0.435564911616236, 0.4355567174021646, 0.4838470073548603, 0.5026900022430534, 0.2521511699472155, 0.2521511699472155, 0.8383989855647087, 0.0, 0.0, 0.0, 0.05677181109786033, 0.4887817017734051, 0.4892384111881256, 0.0, -0.0, 0.018175970762968063, 0.6031746031746031, 0.017910925671458244, 0.8, 0.03249557316303253, 0.0]
[0.0, 0.0, 1.0, 1.0, 0.6153846153846154, 0.5869565217391305, 0.9830366373062134, 0.9830260276794434, 0.3536544935653132, 0.35364490895608647, 0.4773821969789027, 0.5166178469397548, 0.3436965708221708, 0.3436965708221708, 0.7568100094795227, 0.0, 0.0, 0.0, 0.057008890435099595, 0.48608580883592367, 0.4859218578785658, 0.0, -0.0, 0.019088061526417732, 0.6031746031746031, 0.01895136572420597, 0.8, 0.031196504831314087, 0.0]
[0.0, 0.0, 1.0, 1.0, 0.6153846153846154, 0.5869565217391305, 0.9874456524848938, 0.9874395728111267, 0.36367978967626513, 0.36367052417412316, 0.47538631322506963, 0.5187781392223698, 0.3556395960705621, 0.3556395960705621, 0.7224403470754623, 0.0, 0.0, 0.0, 0.05670095458626747, 0.4825478382408619, 0.48226160556077957, 0.0, -0.0, 0.02174379676580429, 0.6031746031746031, 0.02265987917780876, 0.8, 0.03063194453716278, 0.0]
[0.0, 0.0, 1.0, 1.0, 0.6153846153846154, 0.5869565217391305, 0.9814147353172302, 0.9814063906669617, 0.36581101472245575, 0.36580173782363223, 0.4756890689209816, 0.5184442335464708, 0.35528726875782013, 0.35528726875782013, 0.7209548652172089, 0.0, 0.0, 0.0, 0.056497212126851076, 0.4814504627138376, 0.4810967855155468, 0.0, -0.0, 0.024267317727208138, 0.6031746031746031, 0.02564769983291626, 0.8, 0.03020048886537552, 0.0]
[0.0, 0.0, 1.0, 1.0, 0.6153846153846154, 0.5869565217391305, 0.9770843386650085, 0.9770727157592773, 0.37089447036072126, 0.3708853644121217, 0.47443874753000176, 0.519779836305874, 0.35266391932964325, 0.35266391932964325, 0.7257525324821472, 0.0, 0.0, 0.0, 0.05648029595613479, 0.48085035011172295, 0.4802557732909918, 0.0, -0.0, 0.02650810405611992, 0.6031746031746031, 0.028296783566474915, 0.8, 0.03006073459982872, 0.0]
[0.4642857142857143, 0.5, 0.3333333333333333, 0.42424242424242425, 0.6153846153846154, 0.5869565217391305, 0.9755505323410034, 0.9755373001098633, 0.3720425720652476, 0.3720335117033745, 0.47269266764019, 0.5215458119525914, 0.35849228501319885, 0.35849228501319885, 0.7269372344017029, 0.0, 0.0, 0.0, 0.05690916404128074, 0.4805255960673094, 0.47978827357292175, 0.0, -0.0, 0.027331188321113586, 0.6031746031746031, 0.029298832640051842, 0.8, 0.03046558052301407, 0.0]
[0.4642857142857143, 0.5, 0.3333333333333333, 0.42424242424242425, 0.6153846153846154, 0.5869565217391305, 0.9739685654640198, 0.9739543795585632, 0.37158133696415685, 0.37157338208039903, 0.4707640015144421, 0.5232573371037876, 0.36800908190863474, 0.36800908190863474, 0.7378461509943008, 0.0, 0.0, 0.0, 0.057804855331778524, 0.4801100827753544, 0.4792942404747009, 0.0, -0.0, 0.02813178114593029, 0.6031746031746031, 0.030283624306321144, 0.8, 0.03154575824737549, 0.0]
[0.4642857142857143, 0.5, 0.3333333333333333, 0.42424242424242425, 0.6153846153846154, 0.5869565217391305, 0.1925990730524063, 0.192300483584404, 0.41414802252220606, 0.4141401987002867, 0.4847027642321176, 0.4998118158913429, 0.26436571563993183, 0.26436571563993183, 0.8154739663004875, 0.0, 0.0, 0.0, 0.06011369489133358, 0.48154062777757645, 0.4810709897428751, 0.0, -0.0, 0.026329832151532173, 0.6031746031746031, 0.02751949615776539, 0.8, 0.03118300437927246, 0.0]
[0.4642857142857143, 0.5, 0.3333333333333333, 0.42424242424242425, 0.6153846153846154, 0.5869565217391305, 0.0, 0.0, 0.48921780182800145, 0.48921249026208263, 0.4929988005307163, 0.4914449306969838, 0.21808993603502003, 0.21808993603502003, 0.8312286958098412, 0.0, 0.0, 0.0, 0.05959170311689376, 0.485935072414577, 0.4861781531944871, 0.0, -0.0, 0.020958436653017998, 0.6031746031746031, 0.020813900977373123, 0.8, 0.03007613494992256, 0.0]
[0.4642857142857143, 0.5, 0.3333333333333333, 0.42424242424242425, 0.6153846153846154, 0.5869565217391305, 0.5803119540214539, 0.580029308795929, 0.3095289015177331, 0.3095191459582823, 0.4640950195875952, 0.5295240703043422, 0.2739038105521883, 0.2739038105521883, 0.812605656683445, 0.0, 0.0, 0.0, 0.0596408974379301, 0.48705792985856533, 0.4874136885628104, 0.0, -0.0, 0.01968531683087349, 0.6031746031746031, 0.01956941932439804, 0.8, 0.030452851206064224, 0.0]
[0.4642857142857143, 0.5, 0.3333333333333333, 0.42424242424242425, 0.6153846153846154, 0.5869565217391305, 0.5019283890724182, 0.4991934597492218, 0.3209011600304744, 0.32089097139712275, 0.46438109908915387, 0.5240289294874184, 0.2730822776045118, 0.2730822776045118, 0.8054529801011086, 0.0, 0.0, 0.0, 0.060734995827078815, 0.48568037524819374, 0.4861152619123459, 0.0, -0.0, 0.022327318787574768, 0.6031746031746031, 0.02297704666852951, 0.8, 0.031446173787117004, 0.0]
[0.4642857142857143, 0.5, 0.3333333333333333, 0.42424242424242425, 0.6153846153846154, 0.5869565217391305, 0.12356378883123398, 0.12289408594369888, 0.4389755338373421, 0.4389686958283813, 0.46217826584329114, 0.5238463375531415, 0.24869048169681005, 0.24869048169681005, 0.8192968592047691, 0.0, 0.0, 0.0, 0.06211606934666633, 0.4860169291496277, 0.4864630363881588, 0.0, -0.0, 0.020860258489847183, 0.6031746031746031, 0.021285414695739746, 0.8, 0.03187694400548935, 0.0]
[0.4642857142857143, 0.5, 0.3333333333333333, 0.42424242424242425, 0.6153846153846154, 0.5869565217391305, 0.20391780138015747, 0.2029646337032318, 0.42001065218653777, 0.4200032614385193, 0.4600787862537012, 0.526547718635658, 0.22926009127071928, 0.22926009127071928, 0.829198494553566, 0.0, 0.0, 0.0, 0.06088553331792354, 0.48695500660687685, 0.48749705869704485, 0.0, -0.0, 0.019162967801094055, 0.6031746031746031, 0.01937507465481758, 0.8, 0.03126130998134613, 0.0]
[0.4642857142857143, 0.5, 0.3333333333333333, 0.42424242424242425, 0.6153846153846154, 0.5869565217391305, 0.9776413440704346, 0.9776071906089783, 0.35211859697593556, 0.3521100152746897, 0.4561203910789344, 0.5375552178062348, 0.29077425599098206, 0.29077425599098206, 0.7625705972313881, 0.0, 0.0, 0.0, 0.060554036870598786, 0.4850368797779083, 0.4859747439622879, 0.0, -0.0, 0.020419951528310776, 0.6031746031746031, 0.021007021889090538, 0.8, 0.03104863502085209, 0.0]
[0.4642857142857143, 0.5, 0.3333333333333333, 0.42424242424242425, 0.6153846153846154, 0.5869565217391305, 0.8796489834785461, 0.8794268369674683, 0.28884212373547524, 0.288831866722034, 0.46435572437756834, 0.5294967239668397, 0.3038737603596279, 0.3038737603596279, 0.7664792388677597, 0.0, 0.0, 0.0, 0.05671017542481422, 0.4818670693784952, 0.4826514758169651, 0.0, -0.0, 0.024211229756474495, 0.6031746031746031, 0.025352342054247856, 0.8, 0.0287493746727705, 0.0]
[0.4642857142857143, 0.5, 0.3333333333333333, 0.42424242424242425, 0.6153846153846154, 0.5869565217391305, 0.45512494444847107, 0.4545575976371765, 0.3040532746688813, 0.3040429036886241, 0.346807629382861, 0.6453939953857302, 0.30404741210596903, 0.30404741210596903, 0.7890879213809967, 0.0, 0.0, 0.0, 0.057675411552190775, 0.4819883964955807, 0.48256068490445614, 0.0, -0.0, 0.023827899247407913, 0.6031746031746031, 0.024833574891090393, 0.8, 0.028382156044244766, 0.0]
[0.4642857142857143, 0.5, 0.3333333333333333, 0.42424242424242425, 0.6153846153846154, 0.5869565217391305, 0.19479860365390778, 0.19445057213306427, 0.37859732790157397, 0.3785890881007762, 0.26304201961247464, 0.7318605104271764, 0.31031034886837006, 0.31031034886837006, 0.8019188567996025, 0.0, 0.0, 0.0, 0.05837864652276039, 0.48300657235085964, 0.4832358565181494, 0.0, -0.0, 0.021652795374393463, 0.6031746031746031, 0.022060979157686234, 0.8, 0.02639688365161419, 0.003487215144559741]
[0.4642857142857143, 0.5, 0.3333333333333333, 0.42424242424242425, 0.6153846153846154, 0.5869565217391305, 0.16017724573612213, 0.15968134999275208, 0.38917167054535556, 0.3891638068350506, 0.25181774701032766, 0.7440046092013733, 0.29993657554898945, 0.29993657554898945, 0.8061068430542946, 0.0, 0.0, 0.0, 0.05695400089025497, 0.4843842498958111, 0.4844786264002323, 0.0, -0.0, 0.019291799515485764, 0.6031746031746031, 0.019083311781287193, 0.8, 0.023825371637940407, 0.03329521045088768]
[0.4642857142857143, 0.5, 0.3333333333333333, 0.42424242424242425, 0.6153846153846154, 0.5869565217391305, 0.15811049938201904, 0.1576010137796402, 0.38785933126227123, 0.387851387775195, 0.2637985541305396, 0.731246320462313, 0.297893402831895, 0.297893402831895, 0.8050384521484375, 0.0, 0.0, 0.0, 0.05623996220529079, 0.48480634577572346, 0.48483929317444563, 0.0, -0.0, 0.01832488924264908, 0.6031746031746031, 0.017929106950759888, 0.8, 0.02267191745340824, 0.04320176783949137]
[0.4642857142857143, 0.5, 0.3333333333333333, 0.42424242424242425, 0.6153846153846154, 0.5869565217391305, 0.31413722038269043, 0.31370171904563904, 0.34403428110520196, 0.3440246053225223, 0.41682038480419503, 0.5708593116498991, 0.29713703053338186, 0.29713703053338186, 0.8049401789903641, 0.0, 0.0, 0.0, 0.05701714642345905, 0.48496396467089653, 0.4849441684782505, 0.0, -0.0, 0.018116861581802368, 0.6031746031746031, 0.017669925466179848, 0.8, 0.022713903337717056, 0.04639568738639355]
[0.4642857142857143, 0.5, 0.3333333333333333, 0.42424242424242425, 0.6153846153846154, 0.5869565217391305, 0.8927053213119507, 0.8926106095314026, 0.27713481418033403, 0.2771241240929919, 0.5079558368052852, 0.48517553067293445, 0.2899174392223358, 0.2899174392223358, 0.7853744328022003, 0.0, 0.0, 0.0, 0.060227586328983305, 0.4839734211564064, 0.48380083590745926, 0.0, -0.0, 0.019860193133354187, 0.6031746031746031, 0.019908109679818153, 0.8, 0.02447349950671196, 0.04011004697531462]
[0.4642857142857143, 0.5, 0.3333333333333333, 0.42424242424242425, 0.6153846153846154, 0.5869565217391305, 0.9296090006828308, 0.9293679594993591, 0.30619407292761724, 0.3061842489880768, 0.49815550424429245, 0.4954156314387098, 0.2908832366977419, 0.2908832366977419, 0.7638389766216278, 0.0, 0.0, 0.0, 0.059081446006894106, 0.4825692307204008, 0.48211121931672096, 0.0, -0.0, 0.022189099341630936, 0.6031746031746031, 0.022760875523090363, 0.8, 0.024966293945908546, 0.02394460141658783]
[0.4642857142857143, 0.5, 0.3333333333333333, 0.42424242424242425, 0.6153846153846154, 0.5869565217391305, 0.9252884984016418, 0.924834132194519, 0.2838149335142759, 0.28380458532738184, 0.4925378211426689, 0.5015323273259819, 0.28817436524799894, 0.28817436524799894, 0.7540597394108772, 0.0, 0.0, 0.0, 0.05742546059191227, 0.480877285823226, 0.4803137946873903, 0.0, -0.0, 0.024285316467285156, 0.6031746031746031, 0.025129927322268486, 0.8, 0.024739395827054977, 0.01540456316433847]
[0.4642857142857143, 0.5, 0.3333333333333333, 0.42424242424242425, 0.6153846153846154, 0.5869565217391305, 0.8243861794471741, 0.8219206929206848, 0.2375429474372937, 0.23753079857470655, 0.481674806964557, 0.5093802304335757, 0.2711964611496244, 0.2711964611496244, 0.7510291337966919, 0.0, 0.0, 0.0, 0.056418488174676894, 0.4790542460978031, 0.4786564093083143, 0.0, -0.0, 0.025900565087795258, 0.6031746031746031, 0.02694903127849102, 0.8, 0.02466346137225628, 0.0]
[0.4642857142857143, 0.5, 0.3333333333333333, 0.42424242424242425, 0.6153846153846154, 0.5869565217391305, 0.7701718807220459, 0.7665039896965027, 0.23825471579002833, 0.2382423845805356, 0.4742860063540092, 0.5157084658263924, 0.2619379120213645, 0.2619379120213645, 0.7525373920798302, 0.0, 0.0, 0.0, 0.05781011246144771, 0.47773335315287113, 0.47743916884064674, 0.0, -0.0, 0.0275010596960783, 0.6031746031746031, 0.028698371723294258, 0.8, 0.025120707228779793, 0.0]
[0.4642857142857143, 0.5, 0.3333333333333333, 0.42424242424242425, 0.6153846153846154, 0.5869565217391305, 0.7218127250671387, 0.718009889125824, 0.24341157745448855, 0.2433992918317222, 0.46666327603232566, 0.5229936891207909, 0.25782104049410143, 0.25782104049410143, 0.755362793803215, 0.0, 0.0, 0.0, 0.05932606421411037, 0.4766429755836725, 0.47666290402412415, 0.0, -0.0, 0.028262753039598465, 0.6031746031746031, 0.029481438919901848, 0.8, 0.02597012370824814, 0.0]
[0.4642857142857143, 0.5, 0.3333333333333333, 0.42424242424242425, 0.6153846153846154, 0.5869565217391305, 0.7200960516929626, 0.7157103419303894, 0.24632388547091366, 0.2463128306897603, 0.46174859385189543, 0.5278565334949571, 0.24776582206998554, 0.24776582206998554, 0.7630682215094566, 0.0, 0.0, 0.0, 0.06080904155969619, 0.4757857993245125, 0.4762181490659714, 0.0, -0.0, 0.029168538749217987, 0.6031746031746031, 0.03034316934645176, 0.8, 0.026953810825943947, 0.0]
[0.4642857142857143, 0.5, 0.3333333333333333, 0.42424242424242425, 0.6153846153846154, 0.5869565217391305, 0.7398369312286377, 0.732289731502533, 0.24653659313632242, 0.24652540159498987, 0.46776120384610176, 0.5217714092648913, 0.2398552852017539, 0.2398552852017539, 0.7708315029740334, 0.0, 0.0, 0.0, 0.05845936276018619, 0.4762654062360525, 0.47690522484481335, 0.0, -0.0, 0.029272004961967468, 0.6031746031746031, 0.03037627413868904, 0.8, 0.02672003023326397, 0.0]
[0.4642857142857143, 0.5, 0.3333333333333333, 0.42424242424242425, 0.6153846153846154, 0.5869565217391305, 0.9665843844413757, 0.9667055606842041, 0.35123522878832847, 0.3512278437386507, 0.4482063045921107, 0.545837294594457, 0.2676883872066225, 0.2676883872066225, 0.7426314204931259, 0.0, 0.0, 0.0, 0.055767746269702906, 0.4761560447514057, 0.4769887048751116, 0.0, -0.0, 0.030210604891180992, 0.6031746031746031, 0.031460948288440704, 0.8, 0.026287343353033066, 0.0]
[0.4642857142857143, 0.5, 0.3333333333333333, 0.42424242424242425, 0.6153846153846154, 0.5869565217391305, 0.9465038776397705, 0.9460788369178772, 0.31407316875275415, 0.3140646554315979, 0.451584839456168, 0.5420543869475739, 0.3028626527105059, 0.3028626527105059, 0.7445657849311829, 0.0, 0.0, 0.0, 0.05325747206807136, 0.47549426183104515, 0.47647257521748543, 0.0, -0.0, 0.03183372691273689, 0.6031746031746031, 0.033296406269073486, 0.8, 0.025679079815745354, 0.0]
[0.4642857142857143, 0.5, 0.3333333333333333, 0.42424242424242425, 0.6153846153846154, 0.5869565217391305, 0.6358358860015869, 0.6281034350395203, 0.28200810361318784, 0.28199814291346825, 0.47112148977374485, 0.5193247354686552, 0.25599558438573566, 0.25599558438573566, 0.7903254330158234, 0.0, 0.0, 0.0, 0.05243056416511535, 0.4765480514615774, 0.47762689739465714, 0.0, -0.0, 0.03074702061712742, 0.6031746031746031, 0.032141316682100296, 0.8, 0.026126526296138763, 0.0]
[0.4642857142857143, 0.5, 0.3333333333333333, 0.42424242424242425, 0.6153846153846154, 0.5869565217391305, 0.493649423122406, 0.4911101460456848, 0.2995100103418412, 0.29950057388947526, 0.5141929386336762, 0.47632280494190715, 0.23300872317382268, 0.23300872317382268, 0.7950418815016747, 0.0, 0.0, 0.0, 0.0499479629099369, 0.47793135046958923, 0.47911916486918926, 0.0, -0.0, 0.028456779196858406, 0.6031746031746031, 0.0296811293810606, 0.8, 0.02611851692199707, 0.0]
[0.4642857142857143, 0.5, 0.3333333333333333, 0.42424242424242425, 0.6153846153846154, 0.5869565217391305, 0.44746530055999756, 0.44472959637641907, 0.3017470649733826, 0.301737674107743, 0.5630589960638014, 0.42808108479702633, 0.22677278944424223, 0.22677278944424223, 0.7942875400185585, 0.0, 0.0, 0.0, 0.04698668383061885, 0.47879771143198013, 0.48011932894587517, 0.0, -0.0, 0.027058633044362068, 0.6031746031746031, 0.028093276545405388, 0.8, 0.02581632323563099, 0.0]
[0.4642857142857143, 0.5, 0.3333333333333333, 0.42424242424242425, 0.6153846153846154, 0.5869565217391305, 0.3894144594669342, 0.3882833421230316, 0.3095275567093041, 0.3095183937772966, 0.5847120187022719, 0.4068148199453814, 0.2269688780818667, 0.2269688780818667, 0.7928177267313004, 0.0, 0.0, 0.0, 0.045704783871769905, 0.479232894256711, 0.4805595204234123, 0.0, -0.0, 0.02573455311357975, 0.6031746031746031, 0.02666524611413479, 0.8, 0.025502607226371765, 0.0]
[0.4642857142857143, 0.5, 0.3333333333333333, 0.42424242424242425, 0.6153846153846154, 0.5869565217391305, 0.37679317593574524, 0.3756922781467438, 0.3102491490015792, 0.3102400202596165, 0.5851239004736877, 0.4065081124501242, 0.22043637931346896, 0.22043637931346896, 0.7957687601447105, 0.0, 0.0, 0.0, 0.044444178417325016, 0.48008942790329456, 0.4813864342868328, 0.0, -0.0, 0.02463221177458763, 0.6031746031746031, 0.0255025215446949, 0.8, 0.025136692449450493, 0.0]
[0.4642857142857143, 0.5, 0.3333333333333333, 0.42424242424242425, 0.6153846153846154, 0.5869565217391305, 0.4900014400482178, 0.4854409098625183, 0.3014724049467885, 0.3014631508413282, 0.5460683929076842, 0.44536467669292296, 0.21746056420462473, 0.21746056420462473, 0.7968819066882133, 0.0, 0.0, 0.0, 0.04350965712219476, 0.4805366024374962, 0.4818596616387367, 0.0, -0.0, 0.023990448564291, 0.6031746031746031, 0.024828920140862465, 0.8, 0.025124026462435722, 0.0]
[0.4642857142857143, 0.5, 0.3333333333333333, 0.42424242424242425, 0.6153846153846154, 0.5869565217391305, 0.6094771027565002, 0.6008927226066589, 0.28421853559650834, 0.2842037654971529, 0.4928189950850908, 0.4989490870941159, 0.21828149046216694, 0.21828149046216694, 0.796026922762394, 0.0, 0.0, 0.0, 0.04342726934701204, 0.4803978055715561, 0.48178728856146336, 0.0, -0.0, 0.024167031049728394, 0.6031746031746031, 0.02499508112668991, 0.8, 0.02531619556248188, 0.0]
[0.4642857142857143, 0.5, 0.3333333333333333, 0.42424242424242425, 0.6153846153846154, 0.5869565217391305, 0.9834831953048706, 0.983360767364502, 0.38074907837132876, 0.3807380235901754, 0.4057559107731223, 0.5895749692428586, 0.30073645923818865, 0.30073645923818865, 0.7325072586536407, 0.0, 0.0, 0.0, 0.04238679055124521, 0.4767717942595482, 0.47870114631950855, 0.0, -0.0, 0.027524884790182114, 0.6031746031746031, 0.028806710615754128, 0.8, 0.025332026183605194, 0.0]
[0.4642857142857143, 0.5, 0.3333333333333333, 0.42424242424242425, 0.6153846153846154, 0.5869565217391305, 0.9811176061630249, 0.9810324907302856, 0.381558732822338, 0.3815477122312294, 0.40762408331292993, 0.5876489984323093, 0.3033286120210375, 0.3033286120210375, 0.7202256768941879, 0.0, 0.0, 0.0, 0.041719484515488146, 0.4753154870122671, 0.47719589807093143, 0.0, -0.0, 0.03073349967598915, 0.6031746031746031, 0.03232719376683235, 0.8, 0.025045722723007202, 0.0]
[0.4642857142857143, 0.5, 0.3333333333333333, 0.42424242424242425, 0.6153846153846154, 0.5869565217391305, 0.9802013635635376, 0.9801234006881714, 0.38067628776594054, 0.3806652329847872, 0.4086410035138832, 0.5865261745675749, 0.30319545950208393, 0.30319545950208393, 0.7251089662313461, 0.0, 0.0, 0.0, 0.04170956090092659, 0.4751802049577236, 0.47696372121572495, 0.0, -0.0, 0.03119794651865959, 0.6031746031746031, 0.03287966549396515, 0.8, 0.02495439350605011, 0.0]
[0.4642857142857143, 0.5, 0.3333333333333333, 0.42424242424242425, 0.6153846153846154, 0.5869565217391305, 0.7122422456741333, 0.7068876028060913, 0.2783030880112949, 0.27828811277167065, 0.4241497445972654, 0.5678118560847036, 0.25409598435674396, 0.25409598435674396, 0.7804883792996407, 0.0, 0.0, 0.0, 0.042891030386090274, 0.4761848449707031, 0.47777691669762135, 0.0, -0.0, 0.03101898916065693, 0.6031746031746031, 0.03286189213395119, 0.8, 0.025290613994002342, 0.0]
[0.4642857142857143, 0.5, 0.3333333333333333, 0.42424242424242425, 0.6153846153846154, 0.5869565217391305, 0.4661698341369629, 0.46459224820137024, 0.3154886480043313, 0.3154742881855135, 0.4331088697477235, 0.556066283907299, 0.23979740483420237, 0.23979740483420237, 0.7878551706671715, 0.0, 0.0, 0.0, 0.0457113578915596, 0.47701829485595226, 0.47877011075615883, 0.0, -0.0, 0.028143970295786858, 0.6031746031746031, 0.02964307926595211, 0.8, 0.026033569127321243, 0.0]
[0.4642857142857143, 0.5, 0.3333333333333333, 0.42424242424242425, 0.6153846153846154, 0.5869565217391305, 0.9556761384010315, 0.9554439187049866, 0.3518325972511481, 0.351820391405153, 0.41888216986938825, 0.575075834540012, 0.25858680052416666, 0.25858680052416666, 0.7742634639143944, 0.0, 0.0, 0.0, 0.04596452936530113, 0.4771758057177067, 0.4789710622280836, 0.0, -0.0, 0.027197223156690598, 0.6031746031746031, 0.028626717627048492, 0.8, 0.025884293019771576, 0.0]
[0.4642857142857143, 0.5, 0.3333333333333333, 0.42424242424242425, 0.6153846153846154, 0.5869565217391305, 0.9820826053619385, 0.982039213180542, 0.37427193393670805, 0.37426057144515146, 0.4193050380418679, 0.5751448799109089, 0.29962480068206787, 0.29962480068206787, 0.7362493127584457, 0.0, 0.0, 0.0, 0.04451575856655836, 0.4754755273461342, 0.4773421362042427, 0.0, -0.0, 0.030553778633475304, 0.6031746031746031, 0.032170362770557404, 0.8, 0.025187410414218903, 0.0]
[0.4642857142857143, 0.5, 0.3333333333333333, 0.42424242424242425, 0.6153846153846154, 0.5869565217391305, 0.5556962490081787, 0.5526211857795715, 0.29693358532557296, 0.29691895198639673, 0.4750303920094871, 0.5155782245490514, 0.23269296756812505, 0.23269296756812505, 0.7989092022180557, 0.0, 0.0, 0.0, 0.044099702127277846, 0.47704679891467094, 0.47865789383649826, 0.0, -0.0, 0.02950335666537285, 0.6031746031746031, 0.03113999404013157, 0.8, 0.024872049689292908, 0.0]
[0.4642857142857143, 0.5, 0.3333333333333333, 0.42424242424242425, 0.6153846153846154, 0.5869565217391305, 0.4962140917778015, 0.4953189194202423, 0.3053970801898672, 0.3053825836108702, 0.48439620916747683, 0.505695392656458, 0.2269840453352247, 0.2269840453352247, 0.8015018403530121, 0.0, 0.0, 0.0, 0.04421242401003837, 0.47738397493958473, 0.4789551291614771, 0.0, -0.0, 0.029077721759676933, 0.6031746031746031, 0.030675096437335014, 0.8, 0.0248543880879879, 0.0]
[0.4642857142857143, 0.5, 0.3333333333333333, 0.42424242424242425, 0.6153846153846154, 0.5869565217391305, 0.29146116971969604, 0.29054588079452515, 0.3509041437911258, 0.3508905817400201, 0.5258634155384669, 0.46157931683801506, 0.2202777990273067, 0.2202777990273067, 0.8072729557752609, 0.0, 0.0, 0.0, 0.04515347760170698, 0.4799190927296877, 0.48123436979949474, 0.0, -0.0, 0.025579875335097313, 0.6031746031746031, 0.026556581258773804, 0.8, 0.024269048124551773, 0.0]
[0.4642857142857143, 0.5, 0.3333333333333333, 0.42424242424242425, 0.6153846153846154, 0.5869565217391305, 0.2894171476364136, 0.2885254919528961, 0.3505730473972415, 0.350559394172683, 0.5250982879224745, 0.4621405806135215, 0.22023390446390426, 0.22023390446390426, 0.8078285232186317, 0.0, 0.0, 0.0, 0.04525723811239004, 0.480105834081769, 0.4814176131039858, 0.0, -0.0, 0.025349849835038185, 0.6031746031746031, 0.026262624189257622, 0.8, 0.024197330698370934, 0.0]
[0.4642857142857143, 0.5, 0.3333333333333333, 0.42424242424242425, 0.6153846153846154, 0.5869565217391305, 0.9800263047218323, 0.9799262285232544, 0.347923432891729, 0.3479110674921915, 0.45875406732522733, 0.5348423502932492, 0.2264804393053055, 0.2264804393053055, 0.7675445601344109, 0.0, 0.0, 0.0, 0.04647042639553547, 0.48023757338523865, 0.4814716260880232, 0.0, -0.0, 0.02623319998383522, 0.6031746031746031, 0.0270700603723526, 0.8, 0.02336152456700802, 0.0]
[0.4642857142857143, 0.5, 0.3333333333333333, 0.42424242424242425, 0.6153846153846154, 0.5869565217391305, 0.3922794461250305, 0.39191925525665283, 0.3335105169343675, 0.33349660158613215, 0.49399929668889675, 0.4944019706886945, 0.18653735518455505, 0.18653735518455505, 0.817516379058361, 0.0, 0.0, 0.0, 0.11464524120092391, 0.4730254076421261, 0.47404884546995163, 0.16982485353946686, 0.16982485353946686, 0.14553239941596985, 0.44178704023361204, 0.13561154901981354, 0.5908020499140717, 0.02084360644221306, 0.025135409086942673]
[0.4642857142857143, 0.5, 0.3333333333333333, 0.42424242424242425, 0.6153846153846154, 0.5869565217391305, 0.2583984434604645, 0.25795668363571167, 0.3739446554311603, 0.3739321076847171, 0.5098297183702827, 0.4785407359417214, 0.14745452574321202, 0.14745452574321202, 0.8304686099290848, 0.0, 0.0, 0.0, 0.10331192836165427, 0.474502744153142, 0.47584534250199795, 0.1514064371585846, 0.1514064371585846, 0.16449041664600372, 0.4342038333415985, 0.15204943716526031, 0.6013524255087209, 0.020499281585216522, 0.03895670408383012]
[0.4642857142857143, 0.5, 0.3333333333333333, 0.42424242424242425, 0.6153846153846154, 0.5869565217391305, 0.2396230846643448, 0.2392137199640274, 0.37884780416980984, 0.3788355299437251, 0.5122564258926458, 0.4765204575909205, 0.12817920850855966, 0.12817920850855966, 0.8430413901805878, 0.0, 0.0, 0.0, 0.09893440827727318, 0.47675628401339054, 0.4783602301031351, 0.14476972818374634, 0.14476972818374634, 0.17130392789840698, 0.4314784288406372, 0.15906666219234467, 0.6139165422944135, 0.01991446688771248, 0.04562455229461193]
[0.4642857142857143, 0.5, 0.3333333333333333, 0.42424242424242425, 0.6153846153846154, 0.5869565217391305, 0.23397336900234222, 0.23354774713516235, 0.379225079917543, 0.3792128854682295, 0.5142033039155928, 0.4748134227322752, 0.12363590300083162, 0.12363590300083162, 0.846532791852951, 0.0, 0.0, 0.0, 0.09635163992643356, 0.4773872159421444, 0.4790048375725746, 0.14063195884227753, 0.14063195884227753, 0.17356356978416443, 0.4305745720863342, 0.1613912284374237, 0.6141022072975025, 0.019784435629844666, 0.04705005791038275]
[0.4642857142857143, 0.5, 0.3333333333333333, 0.42424242424242425, 0.6153846153846154, 0.5869565217391305, 0.9737509489059448, 0.9737346768379211, 0.355485176720993, 0.35547311903185874, 0.5259577173803778, 0.46828324953816314, 0.13821830174752645, 0.13821830174752645, 0.8564465120434761, 0.0, 0.0, 0.0, 0.07612750642001628, 0.47830245085060596, 0.4802856631577015, 0.11441077291965485, 0.11441077291965485, 0.1498335599899292, 0.4400665760040283, 0.14146488904953003, 0.6183730221764986, 0.019465383142232895, 0.0474265543743968]
[0.4642857142857143, 0.5, 0.3333333333333333, 0.42424242424242425, 0.6153846153846154, 0.5869565217391305, 0.9546709060668945, 0.9547771215438843, 0.34435880161380217, 0.34434632224744866, 0.5288663300227936, 0.46491719404045934, 0.14453426003456116, 0.14453426003456116, 0.855425663292408, 0.0, 0.0, 0.0, 0.07212981656193733, 0.4777915123850107, 0.47987247817218304, 0.10887262225151062, -0.0, 0.142384871840477, 0.4430460512638092, 0.13463039696216583, 0.618939321748046, 0.019230589270591736, 0.046787350438535213]
[0.4642857142857143, 0.5, 0.3333333333333333, 0.42424242424242425, 0.6153846153846154, 0.5869565217391305, 0.25242313742637634, 0.2518916726112366, 0.36253783078312185, 0.36252541979685793, 0.5477135694277674, 0.4439100954267714, 0.12047517512525832, 0.12047517512525832, 0.8723150566220284, 0.0, 0.0, 0.0, 0.07801301144063472, 0.47735956870019436, 0.4798112977296114, 0.11253173649311066, 0.11253173649311066, 0.1490187644958496, 0.44039249420166016, 0.13794249296188354, 0.6097100640452185, 0.020146861672401428, 0.04816036205738783]
[0.4642857142857143, 0.5, 0.3333333333333333, 0.42424242424242425, 0.6153846153846154, 0.5869565217391305, 0.19043564796447754, 0.1897718608379364, 0.37512198962399423, 0.3751084617629334, 0.554923662947879, 0.4368175301856744, 0.10153332459075111, 0.10153332459075111, 0.8858690448105335, 0.0, 0.0, 0.0, 0.07864305078983307, 0.47996158711612225, 0.48222775384783745, 0.11368599534034729, 0.11368599534034729, 0.16599363088607788, 0.4336025476455688, 0.15288838744163513, 0.5976756887380467, 0.021950354799628258, 0.04659895785152912]
[0.4642857142857143, 0.5, 0.3333333333333333, 0.42424242424242425, 0.6153846153846154, 0.5869565217391305, 0.8358055949211121, 0.8325472474098206, 0.26646198141415306, 0.2664465275139015, 0.5286575741567302, 0.46584840549742923, 0.10081598801272257, 0.10081598801272257, 0.8883596733212471, 0.0, 0.0, 0.0, 0.08081190101802349, 0.47848808765411377, 0.4816734101623297, 0.11790987849235535, 0.11790987849235535, 0.14275313913822174, 0.4428987443447113, 0.1366916447877884, 0.6227690327999204, 0.02294713631272316, 0.047416118904948235]
[0.4642857142857143, 0.5, 0.3333333333333333, 0.42424242424242425, 0.6153846153846154, 0.5869565217391305, 0.2567598223686218, 0.2564610242843628, 0.3528924316566715, 0.35287865306861543, 0.4920117944820889, 0.5004875479368539, 0.09624649903603963, 0.09624649903603963, 0.9000389873981476, 0.0, 0.0, 0.0, 0.08059630915522575, 0.47826546989381313, 0.4815985895693302, 0.11798166483640671, 0.11798166483640671, 0.1326177567243576, 0.44695289731025695, 0.0, 0.6976744186046512, 0.023002834990620613, 0.042880685068666935]
[0.4642857142857143, 0.5, 0.3333333333333333, 0.42424242424242425, 0.6153846153846154, 0.5869565217391305, 0.18553626537322998, 0.18477651476860046, 0.37982668794591845, 0.3798135019853056, 0.469974644553365, 0.5221016594551667, 0.08813243093235153, 0.08813243093235153, 0.9075060896575451, 0.0, 0.0, 0.0, 0.06583381444215775, 0.48079426027834415, 0.48367100581526756, 0.0, -0.0, 0.12768471240997314, 0.44892611503601076, 0.0, 0.6976744186046512, 0.022902172058820724, 0.03438637359067798]
[0.4642857142857143, 0.5, 0.3333333333333333, 0.42424242424242425, 0.6153846153846154, 0.5869565217391305, 0.2890753149986267, 0.2887783646583557, 0.35824600004557217, 0.35823230123428723, 0.4749398510725047, 0.5174125460953325, 0.08497714730245727, 0.08497714730245727, 0.9103254042565823, 0.0, 0.0, 0.0, 0.06178777255117893, 0.48186024837195873, 0.48447128385305405, 0.0, -0.0, 0.12551245093345642, 0.44979501962661744, 0.0, 0.6976744186046512, 0.022686181589961052, 0.030579213052988052]
[0.4642857142857143, 0.5, 0.3333333333333333, 0.42424242424242425, 0.6153846153846154, 0.5869565217391305, 0.3624473810195923, 0.36237454414367676, 0.3223409598005889, 0.3223262238912783, 0.5119116086064059, 0.4801279745817134, 0.08594291284680367, 0.08594291284680367, 0.8932570815086365, 0.0, 0.0, 0.0, 0.06186972483992576, 0.4817322753369808, 0.48399998247623444, 0.0, -0.0, 0.1252242773771286, 0.44991028904914854, 0.0, 0.6976744186046512, 0.022383589297533035, 0.0274042971432209]
[0.4642857142857143, 0.5, 0.3333333333333333, 0.42424242424242425, 0.6153846153846154, 0.5869565217391305, 0.2516724467277527, 0.2515195906162262, 0.36399887396774144, 0.36398502699959573, 0.482813690178253, 0.5082175951108372, 0.08325571194291115, 0.08325571194291115, 0.9021342433989048, 0.0, 0.0, 0.0, 0.061290564388036727, 0.4825551323592663, 0.4844189714640379, 0.0, -0.0, 0.11902208626270294, 0.4523911654949188, 0.0, 0.6976744186046512, 0.02263425663113594, 0.030116357374936342]
[0.4642857142857143, 0.5, 0.3333333333333333, 0.42424242424242425, 0.6153846153846154, 0.5869565217391305, 0.2303895801305771, 0.2300899475812912, 0.3697899495666387, 0.3697761937719458, 0.47435285643911274, 0.5162428847183866, 0.08191968447395734, 0.08191968447395734, 0.9055127315223217, 0.0, 0.0, 0.0, 0.059751239791512485, 0.48321213386952877, 0.48484198842197657, 0.0, -0.0, 0.1146826446056366, 0.45412694215774535, 0.0, 0.6976744186046512, 0.022604787722229958, 0.031096136663109064]
[0.4642857142857143, 0.5, 0.3333333333333333, 0.42424242424242425, 0.6153846153846154, 0.5869565217391305, 0.21627642214298248, 0.21589680016040802, 0.3782446803827815, 0.37823116391840217, 0.4438112484109561, 0.5470024948828485, 0.08094990359885353, 0.08094990359885353, 0.9085880480706692, 0.0, 0.0, 0.0, 0.055217327922582625, 0.4835008345544338, 0.48478242103010416, 0.0, -0.0, 0.1125033050775528, 0.45499867796897886, 0.0, 0.6976744186046512, 0.02237587980926037, 0.029662535525858402]
[0.4642857142857143, 0.5, 0.3333333333333333, 0.42424242424242425, 0.6153846153846154, 0.5869565217391305, 0.215186208486557, 0.214797243475914, 0.3789878124032832, 0.37897435292231196, 0.43785563891977924, 0.552963553412416, 0.08168408913271769, 0.08168408913271769, 0.9083409458398819, 0.0, 0.0, 0.0, 0.0556542120873928, 0.48328110203146935, 0.4845371413975954, 0.0, -0.0, 0.11314311623573303, 0.4547427535057068, 0.0, 0.6976744186046512, 0.022582096979022026, 0.02845413750037551]
[0.4642857142857143, 0.5, 0.3333333333333333, 0.42424242424242425, 0.6153846153846154, 0.5869565217391305, 0.2012224644422531, 0.20063821971416473, 0.3892989486854801, 0.3892766453795862, 0.4170692940287107, 0.5738930897725877, 0.08210871368646622, 0.08210871368646622, 0.9101359285414219, 0.0, 0.0, 0.0, 0.05428846664726734, 0.48300820402801037, 0.4841770064085722, 0.0, -0.0, 0.1125330775976181, 0.45498676896095275, 0.0, 0.6976744186046512, 0.022578123956918716, 0.01643676427192986]
[0.4642857142857143, 0.5, 0.3333333333333333, 0.42424242424242425, 0.6153846153846154, 0.5869565217391305, 0.2065848857164383, 0.20579096674919128, 0.39559461236227994, 0.39557227486634117, 0.40877764972628416, 0.5818772687004305, 0.0850344475890909, 0.0850344475890909, 0.9093153662979603, 0.0, 0.0, 0.0, 0.05253343544900417, 0.48317689821124077, 0.48428454622626305, 0.0, -0.0, 0.057021841406822205, 0.479512016451548, 0.05551687255501747, 0.7634825450043345, 0.022305410355329514, 0.0]
[0.4642857142857143, 0.5, 0.3333333333333333, 0.42424242424242425, 0.6153846153846154, 0.5869565217391305, 0.9542393684387207, 0.9538792371749878, 0.3666434967267126, 0.3666215467179482, 0.4114038269560834, 0.5822301242086623, 0.2189027624470847, 0.2189027624470847, 0.8534345105290413, 0.0, 0.0, 0.0, 0.044515401311218734, 0.48421739786863327, 0.4854255113750696, 0.0, -0.0, 0.05038345977663994, 0.6031746031746031, 0.05097545310854912, 0.8, 0.022071102634072304, 0.0]
[0.4642857142857143, 0.5, 0.3333333333333333, 0.42424242424242425, 0.6153846153846154, 0.5869565217391305, 0.9791963696479797, 0.9791073203086853, 0.3673671404216759, 0.36734534996645396, 0.4155977545003362, 0.578369551025836, 0.4108203734670367, 0.4108203734670367, 0.7391706556081772, 0.0, 0.0, 0.0, 0.0413051713258028, 0.47950711473822594, 0.47924930043518543, 0.0, -0.0, 0.043025512248277664, 0.6031746031746031, 0.04490043222904205, 0.8, 0.021311992779374123, 0.0]
[0.4642857142857143, 0.5, 0.3333333333333333, 0.42424242424242425, 0.6153846153846154, 0.5869565217391305, 0.7852613925933838, 0.7820417284965515, 0.2714093948641425, 0.27138386629735534, 0.4130871966053833, 0.5758800371034601, 0.3666488826274872, 0.3666488826274872, 0.7773934528231621, 0.0, 0.0, 0.0, 0.044895857386291024, 0.4773274455219507, 0.47760139405727386, 0.0, -0.0, 0.03962545469403267, 0.6031746031746031, 0.041543420404195786, 0.8, 0.021500611677765846, 0.0]
[0.4642857142857143, 0.5, 0.3333333333333333, 0.42424242424242425, 0.6153846153846154, 0.5869565217391305, 0.9890569448471069, 0.9891226887702942, 0.37723195985899827, 0.37721057968431404, 0.4230198149015525, 0.5713490626729418, 0.33214512680258074, 0.33214512680258074, 0.7455132752656937, 0.0, 0.0, 0.0, 0.0438720092177391, 0.4762002192437649, 0.47682860866189003, 0.0, -0.0, 0.039027467370033264, 0.6031746031746031, 0.04099821671843529, 0.8, 0.021922903135418892, 0.0]
[0.4642857142857143, 0.5, 0.3333333333333333, 0.42424242424242425, 0.6153846153846154, 0.5869565217391305, 0.632922887802124, 0.6310345530509949, 0.2776557109096082, 0.27762984044237304, 0.42442919692847286, 0.5631372435776221, 0.27475772159440176, 0.27475772159440176, 0.7911346256732941, 0.0, 0.0, 0.0, 0.047075191885232924, 0.47631577774882317, 0.4771466515958309, 0.0, -0.0, 0.03774823620915413, 0.6031746031746031, 0.039620302617549896, 0.8, 0.023431845009326935, 0.0]
[0.4642857142857143, 0.5, 0.3333333333333333, 0.42424242424242425, 0.6153846153846154, 0.5869565217391305, 0.4075029194355011, 0.4066219627857208, 0.3236898596382506, 0.32366387520419937, 0.43724905054154406, 0.5474840046805082, 0.24291738867759707, 0.24291738867759707, 0.809495322406292, 0.0, 0.0, 0.0, 0.04928891025483608, 0.47720370441675186, 0.4782227147370577, 0.0, -0.0, 0.03471365198493004, 0.6031746031746031, 0.036243949085474014, 0.8, 0.024175196886062622, 0.0]
[0.4642857142857143, 0.5, 0.3333333333333333, 0.42424242424242425, 0.6153846153846154, 0.5869565217391305, 0.40785714983940125, 0.4072458744049072, 0.3274348434025197, 0.3274088817618317, 0.44592377720097964, 0.5385813123358772, 0.23883177765778135, 0.23883177765778135, 0.8132367581129074, 0.0, 0.0, 0.0, 0.05050039961934089, 0.47787447087466717, 0.4787709154188633, 0.0, -0.0, 0.031444001942873, 0.6031746031746031, 0.032692331820726395, 0.8, 0.023887991905212402, 0.0]
[0.4642857142857143, 0.5, 0.3333333333333333, 0.42424242424242425, 0.6153846153846154, 0.5869565217391305, 0.4829012453556061, 0.4827307462692261, 0.295188457058675, 0.29516213072417574, 0.4139819158878655, 0.5716685002615479, 0.24279774299689702, 0.24279774299689702, 0.8099641054868698, 0.0, 0.0, 0.0, 0.05196004584431648, 0.47828823141753674, 0.47892922535538673, 0.0, -0.0, 0.029146790504455566, 0.6031746031746031, 0.03021097369492054, 0.8, 0.024071261286735535, 0.0]
[0.4642857142857143, 0.5, 0.3333333333333333, 0.42424242424242425, 0.6153846153846154, 0.5869565217391305, 0.40578919649124146, 0.4056006371974945, 0.3005380138156519, 0.3005113455807046, 0.4248952984126074, 0.5594595322879683, 0.2346916709627424, 0.2346916709627424, 0.8085834160447121, 0.0, 0.0, 0.0, 0.05396219342947006, 0.47908099740743637, 0.4794659987092018, 0.0, -0.0, 0.027360081672668457, 0.6031746031746031, 0.02794691175222397, 0.8, 0.02451755665242672, 0.0]
[0.4642857142857143, 0.5, 0.3333333333333333, 0.42424242424242425, 0.6153846153846154, 0.5869565217391305, 0.40963348746299744, 0.40960797667503357, 0.3021002937229368, 0.3020736254879895, 0.43460140766194855, 0.5495361531391149, 0.226727340902601, 0.226727340902601, 0.8080655410885811, 0.0, 0.0, 0.0, 0.05584553405642509, 0.47991445660591125, 0.4801011011004448, 0.0, -0.0, 0.02616100199520588, 0.6031746031746031, 0.0264040045440197, 0.8, 0.025119123980402946, 0.0]
[0.4642857142857143, 0.5, 0.3333333333333333, 0.42424242424242425, 0.6153846153846154, 0.5869565217391305, 0.35548046231269836, 0.3554507791996002, 0.3095824317312149, 0.30955590025644686, 0.4338350435060023, 0.5502704242396714, 0.21563965295042312, 0.21563965295042312, 0.8124281913042068, 0.0, 0.0, 0.0, 0.05619395188987255, 0.4810177683830261, 0.48096676729619503, 0.0, -0.0, 0.024930797517299652, 0.6031746031746031, 0.02489743009209633, 0.8, 0.024667972698807716, 0.010242289863526821]
[0.4642857142857143, 0.5, 0.3333333333333333, 0.42424242424242425, 0.6153846153846154, 0.5869565217391305, 0.35346081852912903, 0.353396475315094, 0.30821390680783567, 0.3081872157795251, 0.4260569165815131, 0.5578390247755771, 0.20032834793840137, 0.20032834793840137, 0.8228245079517365, 0.0, 0.0, 0.0, 0.056003826856613155, 0.4823731333017349, 0.48203613609075546, 0.0, -0.0, 0.024986082687973976, 0.6031746031746031, 0.024865256622433662, 0.8, 0.024380948394536972, 0.027909083291888237]
[0.4642857142857143, 0.5, 0.3333333333333333, 0.42424242424242425, 0.6153846153846154, 0.5869565217391305, 0.3798801898956299, 0.37986406683921814, 0.3086364729682528, 0.3086095540063103, 0.42875500117387644, 0.554488111817222, 0.19302186157022205, 0.19302186157022205, 0.8244601562619209, 0.0, 0.0, 0.0, 0.05677628852427005, 0.48323771730065346, 0.48278580233454704, 0.0, -0.0, 0.025840573012828827, 0.6031746031746031, 0.025642171502113342, 0.8, 0.024880513548851013, 0.04967418499290943]
[0.4642857142857143, 0.5, 0.3333333333333333, 0.42424242424242425, 0.6153846153846154, 0.5869565217391305, 0.343314528465271, 0.3432033658027649, 0.3292009415635643, 0.32917462662574665, 0.39080345881372747, 0.593245487089544, 0.18792921943323954, 0.18792921943323954, 0.8352707847952843, 0.0, 0.0, 0.0, 0.057044331729412076, 0.4852869492024183, 0.4848222443833947, 0.0, -0.0, 0.024953266605734825, 0.6031746031746031, 0.024514885619282722, 0.8, 0.025994539260864258, 0.07874730043113232]
[0.4642857142857143, 0.5, 0.3333333333333333, 0.42424242424242425, 0.6153846153846154, 0.5869565217391305, 0.354394793510437, 0.3542223870754242, 0.321733505274552, 0.32170740687368476, 0.35419143682228216, 0.6317287872165334, 0.19049972295761108, 0.19049972295761108, 0.8407801315188408, 0.0, 0.0, 0.0, 0.05777379497885703, 0.4859225954860449, 0.4855475975200534, 0.0, -0.0, 0.025020545348525047, 0.6031746031746031, 0.02449129894375801, 0.8, 0.02700330875813961, 0.08783150464296341]
[0.4642857142857143, 0.5, 0.3333333333333333, 0.42424242424242425, 0.6153846153846154, 0.5869565217391305, 0.3573942482471466, 0.35721325874328613, 0.32759551381973645, 0.3275690621217396, 0.3820170845629836, 0.6018708803634976, 0.19267097115516663, 0.19267097115516663, 0.8380536139011383, 0.0, 0.0, 0.0, 0.058327149599790566, 0.48610750399529934, 0.4857145883142948, 0.0, -0.0, 0.024674681946635246, 0.6031746031746031, 0.02414022758603096, 0.8, 0.026954133063554764, 0.09704847820103168]
[0.4642857142857143, 0.5, 0.3333333333333333, 0.42424242424242425, 0.6153846153846154, 0.5869565217391305, 0.3239333927631378, 0.3238094449043274, 0.33916190340687624, 0.3391358961794618, 0.3416610817152501, 0.6437324275883338, 0.2064489679677146, 0.2064489679677146, 0.8335797414183617, 0.0, 0.0, 0.0, 0.060340202599763866, 0.4864002401009202, 0.48600829392671585, 0.0, -0.0, 0.023401498794555664, 0.6031746031746031, 0.02280201017856598, 0.8, 0.02809167467057705, 0.12095194309949875]
[0.4642857142857143, 0.5, 0.3333333333333333, 0.42424242424242425, 0.6153846153846154, 0.5869565217391305, 0.32862815260887146, 0.32855507731437683, 0.33971381050678784, 0.33968776908932863, 0.34842441961824555, 0.6366390645795247, 0.21854056843689512, 0.21854056843689512, 0.8329085484147072, 0.0, 0.0, 0.0, 0.06276212260127068, 0.4867560239508748, 0.48644802905619144, 0.0, -0.0, 0.021753763779997826, 0.6031746031746031, 0.021010739728808403, 0.8, 0.029534943401813507, 0.13732481747865677]
[0.4642857142857143, 0.5, 0.3333333333333333, 0.42424242424242425, 0.6153846153846154, 0.5869565217391305, 0.4512622654438019, 0.45114436745643616, 0.3061112646391013, 0.30608404936343714, 0.42052228341367004, 0.5619913969914676, 0.21461283521992822, 0.21461283521992822, 0.830400250852108, 0.0, 0.0, 0.0, 0.06265279725193977, 0.48661922477185726, 0.48644757457077503, 0.0, -0.0, 0.021034304052591324, 0.6031746031746031, 0.02015789970755577, 0.8, 0.028651166707277298, 0.14132210984826088]
[0.4642857142857143, 0.5, 0.3333333333333333, 0.42424242424242425, 0.6153846153846154, 0.5869565217391305, 0.989863932132721, 0.9898641705513, 0.398516014930623, 0.39849482849952594, 0.5574444949512956, 0.43682704641481157, 0.31298821525914333, 0.31298821525914333, 0.7823016941547394, 0.0, 0.0, 0.0, 0.0632528766989708, 0.484969662502408, 0.4848420564085245, 0.0, -0.0, 0.02289305068552494, 0.6031746031746031, 0.022225063294172287, 0.8, 0.03052741475403309, 0.12121336534619331]
[0.4642857142857143, 0.5, 0.3333333333333333, 0.42424242424242425, 0.6153846153846154, 0.5869565217391305, 0.9829070568084717, 0.9829035401344299, 0.3801915868974325, 0.38016979644221055, 0.5395094801317437, 0.4539173391940666, 0.2676538271563394, 0.2676538271563394, 0.7827254310250282, 0.0, 0.0, 0.0, 0.05876013524830341, 0.48425677232444286, 0.48411721736192703, 0.0, -0.0, 0.02417350560426712, 0.6031746031746031, 0.023627333343029022, 0.8, 0.03027249313890934, 0.08259969763457775]
[0.4642857142857143, 0.5, 0.3333333333333333, 0.42424242424242425, 0.6153846153846154, 0.5869565217391305, 0.8503032922744751, 0.8501426577568054, 0.24781226929469496, 0.2477857150265637, 0.5159686983315485, 0.4714796939219339, 0.2473946660757065, 0.2473946660757065, 0.8097559660673141, 0.0, 0.0, 0.0, 0.058661514520645136, 0.484091866761446, 0.4839623887091875, 0.0, -0.0, 0.026369845494627953, 0.6031746031746031, 0.026297785341739655, 0.8, 0.031117694452404976, 0.029494299087673426]
[0.4642857142857143, 0.5, 0.3333333333333333, 0.42424242424242425, 0.6153846153846154, 0.5869565217391305, 0.7653579115867615, 0.7647078037261963, 0.2409378137460858, 0.24091041612351605, 0.5062876183318819, 0.47922497561004784, 0.23823116506849018, 0.23823116506849018, 0.8117079809308052, 0.0, 0.0, 0.0, 0.05911539569497108, 0.48384387977421284, 0.4837856646627188, 0.0, -0.0, 0.026967903599143028, 0.6031746031746031, 0.026978490874171257, 0.8, 0.031875357031822205, 0.02556564984843135]
[0.4642857142857143, 0.5, 0.3333333333333333, 0.42424242424242425, 0.6153846153846154, 0.5869565217391305, 0.6248419880867004, 0.6221808791160583, 0.267201762810264, 0.2671739093204301, 0.4975333798740835, 0.4855299275823528, 0.20404053585869927, 0.20404053585869927, 0.826416440308094, 0.0, 0.0, 0.0, 0.06019637212157249, 0.4836409855633974, 0.4837984833866358, 0.0, -0.0, 0.027412204071879387, 0.6031746031746031, 0.027332324534654617, 0.8, 0.03315898776054382, 0.004739945870824158]
[0.4642857142857143, 0.5, 0.3333333333333333, 0.42424242424242425, 0.6153846153846154, 0.5869565217391305, 0.5822745561599731, 0.5815659761428833, 0.26948866652713, 0.2694606534837537, 0.4943708267283713, 0.488285001281064, 0.2027674551521029, 0.2027674551521029, 0.8276633620262146, 0.0, 0.0, 0.0, 0.06092983819544315, 0.48366186209023, 0.48386009596288204, 0.0, -0.0, 0.027609586715698242, 0.6031746031746031, 0.027553927153348923, 0.8, 0.033441755920648575, 0.0]
[0.4642857142857143, 0.5, 0.3333333333333333, 0.42424242424242425, 0.6153846153846154, 0.5869565217391305, 0.4594244062900543, 0.4591168761253357, 0.28086100481664245, 0.2808332880869878, 0.4857630829966091, 0.49679598041925055, 0.19955308309623174, 0.19955308309623174, 0.8254124447703362, 0.0, 0.0, 0.0, 0.061971193179488175, 0.4832361489534378, 0.4835671987384558, 0.0, -0.0, 0.027780108153820038, 0.6031746031746031, 0.02781492844223976, 0.8, 0.03372807055711746, 0.0]
[0.4642857142857143, 0.5, 0.3333333333333333, 0.42424242424242425, 0.6153846153846154, 0.5869565217391305, 0.5159236192703247, 0.513710081577301, 0.28339476065699504, 0.28336802404195816, 0.47672837790294087, 0.5081589648823387, 0.19280292093753815, 0.19280292093753815, 0.829628050327301, 0.0, 0.0, 0.0, 0.058116752281785006, 0.4835372809320688, 0.4839055761694908, 0.0, -0.0, 0.027504660189151764, 0.6031746031746031, 0.027887461706995964, 0.8, 0.033476125448942184, 0.0]
[0.4642857142857143, 0.5, 0.3333333333333333, 0.42424242424242425, 0.6153846153846154, 0.5869565217391305, 0.48404914140701294, 0.4824388325214386, 0.2831337310615962, 0.28310792897445064, 0.4748840529193842, 0.5102171970320427, 0.18908418715000153, 0.18908418715000153, 0.8310351297259331, 0.0, 0.0, 0.0, 0.055607899278402324, 0.4836941100656986, 0.48409948125481606, 0.0, -0.0, 0.02769816666841507, 0.6031746031746031, 0.028184115886688232, 0.8, 0.03297039493918419, 0.0]
[0.4642857142857143, 0.5, 0.3333333333333333, 0.42424242424242425, 0.6153846153846154, 0.5869565217391305, 0.48945310711860657, 0.4849737882614136, 0.2873331347113586, 0.2873076973180242, 0.45955194900414226, 0.5264313300248036, 0.17925758979150228, 0.17925758979150228, 0.8314273804426193, 0.0, 0.0, 0.0, 0.050509268417954445, 0.4840410705655813, 0.48482308350503445, 0.0, -0.0, 0.028646638616919518, 0.6031746031746031, 0.02938125468790531, 0.8, 0.0317065492272377, 0.0]
[0.4642857142857143, 0.5, 0.3333333333333333, 0.42424242424242425, 0.6153846153846154, 0.5869565217391305, 0.49409326910972595, 0.48891445994377136, 0.28706291939058903, 0.2870375731707075, 0.45922683301892836, 0.526970333231972, 0.18065267375537328, 0.18065267375537328, 0.8312825039029121, 0.0, 0.0, 0.0, 0.050461599603295326, 0.48415591195225716, 0.4850305737927556, 0.0, -0.0, 0.028635742142796516, 0.6031746031746031, 0.02934161014854908, 0.8, 0.03205579146742821, 0.0]
[0.4642857142857143, 0.5, 0.3333333333333333, 0.42424242424242425, 0.6153846153846154, 0.5869565217391305, 0.48799431324005127, 0.4805271625518799, 0.2973663173259786, 0.2973412446264555, 0.466480359292623, 0.5198749273679858, 0.19209709550653187, 0.19209709550653187, 0.8333475366234779, 0.0, 0.0, 0.0, 0.05013298988342285, 0.48438700288534164, 0.4855060828849673, 0.0, -0.0, 0.029322734102606773, 0.6031746031746031, 0.029966261237859726, 0.8, 0.03319428861141205, 0.0]
[0.4642857142857143, 0.5, 0.3333333333333333, 0.42424242424242425, 0.6153846153846154, 0.5869565217391305, 0.474091112613678, 0.467073529958725, 0.29686996904887386, 0.29684562573697326, 0.4694815500288575, 0.5189223784738877, 0.1975406174148832, 0.1975406174148832, 0.8325531706213951, 0.0, 0.0, 0.0, 0.048306077346205706, 0.4841259680688381, 0.485545851290226, 0.0, -0.0, 0.02929120510816574, 0.6031746031746031, 0.029799383133649826, 0.8, 0.033208008855581284, 0.0]
[0.4642857142857143, 0.5, 0.3333333333333333, 0.42424242424242425, 0.6153846153846154, 0.5869565217391305, 0.47763434052467346, 0.47249582409858704, 0.29595027963700304, 0.29592591353173925, 0.47010241844913925, 0.5183206735737187, 0.18938607403210234, 0.18938607403210234, 0.83302853256464, 0.0, 0.0, 0.0, 0.046268723160028453, 0.4839713890105486, 0.4855226846411824, 0.0, -0.0, 0.02880178764462471, 0.6031746031746031, 0.029362335801124573, 0.8, 0.03207414597272873, 0.0]
[0.4642857142857143, 0.5, 0.3333333333333333, 0.42424242424242425, 0.6153846153846154, 0.5869565217391305, 0.7419136166572571, 0.7245789170265198, 0.2623269918088019, 0.2623033322977974, 0.4322640964223595, 0.5596023309277025, 0.17936185002326965, 0.17936185002326965, 0.8315178006887436, 0.0, 0.0, 0.0, 0.04380574878305196, 0.4834670964628458, 0.4853419391438365, 0.0, -0.0, 0.02907704748213291, 0.6031746031746031, 0.02962329611182213, 0.8, 0.030733393505215645, 0.0]
[0.4642857142857143, 0.5, 0.3333333333333333, 0.42424242424242425, 0.6153846153846154, 0.5869565217391305, 0.986877977848053, 0.9868426322937012, 0.3836083804216257, 0.38358770684120075, 0.3935471529258597, 0.601292265140253, 0.21537071892193388, 0.21537071892193388, 0.7863006368279457, 0.0, 0.0, 0.0, 0.041637863405048846, 0.48209303617477417, 0.4841168038547039, 0.0, -0.0, 0.030981767922639847, 0.6031746031746031, 0.031880155205726624, 0.8, 0.028800198808312416, 0.0]
[0.4642857142857143, 0.5, 0.3333333333333333, 0.42424242424242425, 0.6153846153846154, 0.5869565217391305, 0.9847498536109924, 0.9847961664199829, 0.3850443167166774, 0.3850236659296156, 0.39548864601675, 0.5993528063570286, 0.21685291613851276, 0.21685291613851276, 0.7855131924152374, 0.0, 0.0, 0.0, 0.0409516554325819, 0.48174627497792244, 0.48376801423728466, 0.0, -0.0, 0.03138728067278862, 0.6031746031746031, 0.03242885693907738, 0.8, 0.02812371402978897, 0.0]
[0.4642857142857143, 0.5, 0.3333333333333333, 0.42424242424242425, 0.6153846153846154, 0.5869565217391305, 0.980290949344635, 0.9802835583686829, 0.382024879893199, 0.3820041379326844, 0.3985417828277238, 0.5961180662739067, 0.2217045958553042, 0.2217045958553042, 0.7833312228322029, 0.0, 0.0, 0.0, 0.03919805977493524, 0.480581309646368, 0.48260195925831795, 0.0, -0.0, 0.03264307975769043, 0.6031746031746031, 0.03408219292759895, 0.8, 0.02621658332645893, 0.0]
[0.4642857142857143, 0.5, 0.3333333333333333, 0.42424242424242425, 0.6153846153846154, 0.5869565217391305, 0.523620069026947, 0.5177894830703735, 0.2980813907163777, 0.2980573665115619, 0.45612980188876673, 0.5331975455899033, 0.19041055015155248, 0.19041055015155248, 0.8185339495539665, 0.0, 0.0, 0.0, 0.03910762071609497, 0.4811175763607025, 0.4830456506460905, 0.0, -0.0, 0.03097808174788952, 0.6031746031746031, 0.03242141380906105, 0.8, 0.0264073945581913, 0.0]
[0.4642857142857143, 0.5, 0.3333333333333333, 0.42424242424242425, 0.6153846153846154, 0.5869565217391305, 0.3802048861980438, 0.3780699670314789, 0.3266348533375085, 0.32661074935592155, 0.463185077187664, 0.5245951565177622, 0.18439340804304397, 0.18439340804304397, 0.8224922195076942, 0.0, 0.0, 0.0, 0.039718252234160895, 0.4818669930100441, 0.48370365612208843, 0.0, -0.0, 0.02956390380859375, 0.6031746031746031, 0.030842291191220284, 0.8, 0.027073994278907776, 0.0]
[0.4642857142857143, 0.5, 0.3333333333333333, 0.42424242424242425, 0.6153846153846154, 0.5869565217391305, 0.9758993983268738, 0.9757068753242493, 0.37071023160595284, 0.370689067968219, 0.39253616469767993, 0.6016022035947443, 0.26732776846204487, 0.26732776846204487, 0.7950665801763535, 0.0, 0.0, 0.0, 0.040949556231498714, 0.48197459802031517, 0.48380097933113575, 0.0, -0.0, 0.029302529990673065, 0.6031746031746031, 0.030750807374715805, 0.8, 0.027984799817204475, 0.0]
[0.4642857142857143, 0.5, 0.3333333333333333, 0.42424242424242425, 0.6153846153846154, 0.5869565217391305, 0.8062784075737, 0.8014428615570068, 0.2854393025429253, 0.2854164407996329, 0.43955498101834356, 0.553702621625561, 0.24961970746517184, 0.24961970746517184, 0.8158091530203819, 0.0, 0.0, 0.0, 0.041472263820469375, 0.48205427825450897, 0.48375419713556767, 0.0, -0.0, 0.02807576209306717, 0.6031746031746031, 0.0301680825650692, 0.8, 0.028171513229608536, 0.0]
[0.4642857142857143, 0.5, 0.3333333333333333, 0.42424242424242425, 0.6153846153846154, 0.5869565217391305, 0.41805601119995117, 0.4154902696609497, 0.318581787167726, 0.31855876587089116, 0.5396397641466407, 0.45191909062880126, 0.1594424407396998, 0.1594424407396998, 0.8616359978914261, 0.0, 0.0, 0.0, 0.039708915352821346, 0.48388848453760147, 0.48542135395109653, 0.0, -0.0, 0.02703949064016342, 0.6031746031746031, 0.029718700796365738, 0.8, 0.02662849798798561, 0.0]
[0.4642857142857143, 0.5, 0.3333333333333333, 0.42424242424242425, 0.6153846153846154, 0.5869565217391305, 0.321171373128891, 0.32020723819732666, 0.3324463973765619, 0.33242392312044394, 0.5546998207245457, 0.4379733360469633, 0.14164272163595473, 0.14164272163595473, 0.8816887550055981, 0.0, 0.0, 0.0, 0.03705479372292757, 0.4856625460088253, 0.4870433071628213, 0.0, -0.0, 0.026196686550974846, 0.6031746031746031, 0.02930915355682373, 0.8, 0.024764616042375565, 0.0]
[0.4642857142857143, 0.5, 0.3333333333333333, 0.42424242424242425, 0.6153846153846154, 0.5869565217391305, 0.288714200258255, 0.28788435459136963, 0.32854558678475665, 0.32852326068549953, 0.5796096160808439, 0.414087190632104, 0.12561449514968057, 0.12561449514968057, 0.8898535892367363, 0.0, 0.0, 0.0, 0.0348794437944889, 0.4870354738086462, 0.48833056911826134, 0.0, -0.0, 0.025847753509879112, 0.6031746031746031, 0.029389305040240288, 0.8, 0.023719489574432373, 0.0]
[0.4642857142857143, 0.5, 0.3333333333333333, 0.42424242424242425, 0.6153846153846154, 0.5869565217391305, 0.28529495000839233, 0.28446635603904724, 0.32983082475899284, 0.3298084530730092, 0.581662198325644, 0.4119994553229043, 0.12139667357717242, 0.12139667357717242, 0.8926553316414356, 0.0, 0.0, 0.0, 0.03373304009437561, 0.4879136262461543, 0.48915628157556057, 0.0, -0.0, 0.025612611323595047, 0.6031746031746031, 0.029451068490743637, 0.8, 0.02326809987425804, 0.0]
[0.4642857142857143, 0.5, 0.3333333333333333, 0.42424242424242425, 0.6153846153846154, 0.5869565217391305, 0.42235320806503296, 0.4198880195617676, 0.320756205637186, 0.3207336402076152, 0.5231724823638084, 0.469335579228852, 0.12178165039845876, 0.12178165039845876, 0.8927929922938347, 0.0, 0.0, 0.0, 0.03324454557150602, 0.4882664382457733, 0.48943543061614037, 0.0, -0.0, 0.025152355432510376, 0.6031746031746031, 0.029111841693520546, 0.8, 0.022930769249796867, 0.0]
[0.4642857142857143, 0.5, 0.3333333333333333, 0.42424242424242425, 0.6153846153846154, 0.5869565217391305, 0.9696011543273926, 0.9696214199066162, 0.38672400523782, 0.3867033886408031, 0.35103338216048585, 0.6445702432395801, 0.17570513167551588, 0.17570513167551588, 0.8503732532262802, 0.0, 0.0, 0.0, 0.0340528592467308, 0.487729131244123, 0.4889386584982276, 0.0, -0.0, 0.025683684274554253, 0.6031746031746031, 0.029897958040237427, 0.8, 0.023290304467082024, 0.0]
[0.4642857142857143, 0.5, 0.3333333333333333, 0.42424242424242425, 0.6153846153846154, 0.5869565217391305, 0.9671331644058228, 0.9669544100761414, 0.3877839536101595, 0.38776444249125785, 0.3503944386031842, 0.6452630418157892, 0.21856270730495453, 0.21856270730495453, 0.8173376172780991, 0.0, 0.0, 0.0, 0.03507385458797216, 0.4855719693005085, 0.4869309589266777, 0.0, -0.0, 0.026598909869790077, 0.6031746031746031, 0.030916405841708183, 0.8, 0.023096533492207527, 0.0]
[0.4642857142857143, 0.5, 0.3333333333333333, 0.42424242424242425, 0.6153846153846154, 0.5869565217391305, 0.5123223066329956, 0.5120367407798767, 0.3164098645715367, 0.31638807411631475, 0.3689882955861137, 0.6231234948397544, 0.18702583653586252, 0.18702583653586252, 0.8386337161064148, 0.0, 0.0, 0.0, 0.03637486901134252, 0.48448677733540535, 0.4860908817499876, 0.0, -0.0, 0.027064140886068344, 0.6031746031746031, 0.030883966013789177, 0.8, 0.024055618792772293, 0.0]
[0.4642857142857143, 0.5, 0.3333333333333333, 0.42424242424242425, 0.6153846153846154, 0.5869565217391305, 0.3827131986618042, 0.38162922859191895, 0.3379094650822889, 0.3378867059091309, 0.41538260224672396, 0.5719278374497289, 0.17898984253406525, 0.17898984253406525, 0.8501511141657829, 0.0, 0.0, 0.0, 0.038516266644001006, 0.4841450620442629, 0.4858267791569233, 0.0, -0.0, 0.027088943868875504, 0.6031746031746031, 0.02993450127542019, 0.8, 0.025256263092160225, 0.0]
[0.4642857142857143, 0.5, 0.3333333333333333, 0.42424242424242425, 0.6153846153846154, 0.5869565217391305, 0.37100037932395935, 0.37073764204978943, 0.34144547929271457, 0.3414224124091533, 0.4425250417187838, 0.5435070492974609, 0.17307923308440618, 0.17307923308440618, 0.852205403149128, 0.0, 0.0, 0.0, 0.04311367738991975, 0.48387978598475456, 0.48535824846476316, 0.0, -0.0, 0.027305295690894127, 0.6031746031746031, 0.029227491468191147, 0.8, 0.025515830144286156, 0.0]
[0.4642857142857143, 0.5, 0.3333333333333333, 0.42424242424242425, 0.6153846153846154, 0.5869565217391305, 0.9484683871269226, 0.9483722448348999, 0.3429369060304835, 0.3429160501031529, 0.48500461531642747, 0.5074627330557971, 0.18154849431344441, 0.18154849431344441, 0.8474248796701431, 0.0, 0.0, 0.0, 0.045028659887611865, 0.48387505300343037, 0.48502123542129993, 0.0, -0.0, 0.026745373383164406, 0.6031746031746031, 0.02811102569103241, 0.8, 0.025444302707910538, 0.0]
[0.4642857142857143, 0.5, 0.3333333333333333, 0.42424242424242425, 0.6153846153846154, 0.5869565217391305, 0.6406939625740051, 0.6393375992774963, 0.2769573450544368, 0.2769339362704275, 0.46324290679927993, 0.5248256999898773, 0.21379214312349049, 0.21379214312349049, 0.8314271345734596, 0.0, 0.0, 0.0, 0.04610149636864662, 0.48379283025860786, 0.48465440329164267, 0.0, -0.0, 0.02674173191189766, 0.6031746031746031, 0.02800481766462326, 0.8, 0.024498680606484413, 0.0]
[0.4642857142857143, 0.5, 0.3333333333333333, 0.42424242424242425, 0.6153846153846154, 0.5869565217391305, 0.48027655482292175, 0.48018157482147217, 0.30192824941748186, 0.30190486342683576, 0.45210961105718667, 0.5349302187083962, 0.19642483975206104, 0.19642483975206104, 0.8319941759109497, 0.0, 0.0, 0.0, 0.04680665582418442, 0.4838515017181635, 0.4846193939447403, 0.0, -0.0, 0.026337062940001488, 0.6031746031746031, 0.027462873607873917, 0.8, 0.024396030232310295, 0.0]
[0.4642857142857143, 0.5, 0.3333333333333333, 0.42424242424242425, 0.6153846153846154, 0.5869565217391305, 0.2341558337211609, 0.2338341325521469, 0.3734839445774232, 0.37346178942839003, 0.39289331390570503, 0.5943954720957051, 0.18056164362600874, 0.18056164362600874, 0.8455734327435493, 0.0, 0.0, 0.0, 0.04832881651818752, 0.4855732824653387, 0.48612449038773775, 0.0, -0.0, 0.023093760013580322, 0.6031746031746031, 0.023247508332133293, 0.8, 0.02344231680035591, 0.03658425994217396]
[0.4642857142857143, 0.5, 0.3333333333333333, 0.42424242424242425, 0.6153846153846154, 0.5869565217391305, 0.19351357221603394, 0.19299481809139252, 0.38483524459269947, 0.3848132489972087, 0.38066318158209894, 0.6066962837894327, 0.17718920750277384, 0.17718920750277384, 0.8473889455199242, 0.0, 0.0, 0.0, 0.048148407787084575, 0.486635017208755, 0.48715104442089796, 0.0, -0.0, 0.021481482312083244, 0.6031746031746031, 0.021202271804213524, 0.8, 0.022489972412586212, 0.061142221093177795]
[0.4642857142857143, 0.5, 0.3333333333333333, 0.42424242424242425, 0.6153846153846154, 0.5869565217391305, 0.18935878574848175, 0.1887170970439911, 0.38265753248225665, 0.3826355368867659, 0.3874978513152376, 0.5998552404621085, 0.17334207892417908, 0.17334207892417908, 0.8461528271436691, 0.0, 0.0, 0.0, 0.04807258360087871, 0.48736894968897104, 0.4878039574250579, 0.0, -0.0, 0.019537650048732758, 0.6031746031746031, 0.01892011985182762, 0.8, 0.021767472848296165, 0.08831042796373367]
[0.4642857142857143, 0.5, 0.3333333333333333, 0.42424242424242425, 0.6153846153846154, 0.5869565217391305, 0.512554407119751, 0.5123438835144043, 0.2971972133643769, 0.297174420001174, 0.46853942340008387, 0.5203712870417722, 0.17376001924276352, 0.17376001924276352, 0.8398984149098396, 0.0, 0.0, 0.0, 0.048881362751126284, 0.4875291232019663, 0.4878738271072507, 0.0, -0.0, 0.01912829838693142, 0.6031746031746031, 0.018348149955272675, 0.8, 0.021527811884880066, 0.10254301130771637]
[0.4642857142857143, 0.5, 0.3333333333333333, 0.42424242424242425, 0.6153846153846154, 0.5869565217391305, 0.5628138780593872, 0.5624781847000122, 0.2855583978656601, 0.28553578684936287, 0.4359523987906841, 0.5544188347731569, 0.20137173788888116, 0.20137173788888116, 0.8249918296933174, 0.0, 0.0, 0.0, 0.04965665116906166, 0.48672955948859453, 0.4868881953880191, 0.0, -0.0, 0.021026210859417915, 0.6031746031746031, 0.020573832094669342, 0.8, 0.022129341959953308, 0.10749790817499161]
[0.4642857142857143, 0.5, 0.3333333333333333, 0.42424242424242425, 0.6153846153846154, 0.5869565217391305, 0.18743909895420074, 0.18627645075321198, 0.3840132703288791, 0.38399245998827497, 0.2947857667109707, 0.6988906171485475, 0.17988967044012888, 0.17988967044012888, 0.8373943939805031, 0.0, 0.0, 0.0, 0.04904417991638183, 0.48768004681915045, 0.48785172030329704, 0.0, -0.0, 0.019421448931097984, 0.6031746031746031, 0.018617095425724983, 0.8, 0.021200066432356834, 0.11547056026756763]
[0.4642857142857143, 0.5, 0.3333333333333333, 0.42424242424242425, 0.6153846153846154, 0.5869565217391305, 0.13755488395690918, 0.1361159086227417, 0.3969267818713507, 0.3969063818112842, 0.28664586922406693, 0.7077721422939816, 0.17952142017228265, 0.17952142017228265, 0.8377511650323868, 0.0, 0.0, 0.0, 0.048400494456291195, 0.4882524274289608, 0.4884089408442378, 0.0, -0.0, 0.018015164881944656, 0.6031746031746031, 0.017117561772465706, 0.8, 0.02086413837969303, 0.11765899136662483]
[0.4642857142857143, 0.5, 0.3333333333333333, 0.42424242424242425, 0.6153846153846154, 0.5869565217391305, 0.13087810575962067, 0.12949566543102264, 0.39590024856946665, 0.3958795407989969, 0.3001792918655658, 0.6928596072118957, 0.17811309546232224, 0.17811309546232224, 0.837522029876709, 0.0, 0.0, 0.0, 0.047756363078951834, 0.48890143167227507, 0.48904088232666254, 0.0, -0.0, 0.01595146954059601, 0.6031746031746031, 0.014919353649020195, 0.8, 0.020568562671542168, 0.12235462665557861]
[0.4642857142857143, 0.5, 0.3333333333333333, 0.42424242424242425, 0.6153846153846154, 0.5869565217391305, 0.15490327775478363, 0.15406440198421478, 0.3858011019617376, 0.38578021184436223, 0.299172850913345, 0.6939174130080941, 0.17976518188204085, 0.17976518188204085, 0.8365904539823532, 0.0, 0.0, 0.0, 0.048161973059177396, 0.4891818966716528, 0.4893209896981716, 0.0, -0.0, 0.015297246165573597, 0.6031746031746031, 0.014192289672791958, 0.8, 0.020475449040532112, 0.11116406880319118]
[0.4642857142857143, 0.5, 0.3333333333333333, 0.42424242424242425, 0.6153846153846154, 0.5869565217391305, 0.2240447700023651, 0.22360612452030182, 0.37064628482548734, 0.3706250756010271, 0.3196407782188109, 0.6726152827994495, 0.1810036280325481, 0.1810036280325481, 0.8363809064030647, 0.0, 0.0, 0.0, 0.04846978895366191, 0.4891656693071127, 0.48930671252310276, 0.0, -0.0, 0.015272681601345539, 0.6031746031746031, 0.014168324880301952, 0.8, 0.020609280094504356, 0.11024168692529202]
[0.4642857142857143, 0.5, 0.3333333333333333, 0.42424242424242425, 0.6153846153846154, 0.5869565217391305, 0.9868504405021667, 0.9868497252464294, 0.3857699206408761, 0.3857501587949793, 0.5508409556193744, 0.4434043904740719, 0.24800980729716166, 0.24800980729716166, 0.8020272478461266, 0.0, 0.0, 0.0, 0.04887026958167553, 0.48702481854707, 0.48726591281592846, 0.0, -0.0, 0.018255744129419327, 0.6031746031746031, 0.017480723559856415, 0.8, 0.02191484160721302, 0.09386304765939713]
[0.4642857142857143, 0.5, 0.3333333333333333, 0.42424242424242425, 0.6153846153846154, 0.5869565217391305, 0.9818675518035889, 0.9818668961524963, 0.39684048619826484, 0.3968210434594528, 0.5440309568527324, 0.4503065285622909, 0.26051329714911325, 0.26051329714911325, 0.7891620248556137, 0.0, 0.0, 0.0, 0.047517369687557216, 0.48478339426219463, 0.4850824549794197, 0.0, -0.0, 0.021005932241678238, 0.6031746031746031, 0.020514454692602158, 0.8, 0.022396329790353775, 0.06265546195209026]
[0.4642857142857143, 0.5, 0.3333333333333333, 0.42424242424242425, 0.6153846153846154, 0.5869565217391305, 0.9793376922607422, 0.9793356657028198, 0.40240368514854186, 0.40238433358318265, 0.529177479374705, 0.4649620513792425, 0.25126368871756966, 0.25126368871756966, 0.7876615151762962, 0.0, 0.0, 0.0, 0.04646079875528812, 0.4826685208827257, 0.4830574654042721, 0.0, -0.0, 0.023382164537906647, 0.6031746031746031, 0.023088285699486732, 0.8, 0.023055899888277054, 0.039009673055261374]
[0.4642857142857143, 0.5, 0.3333333333333333, 0.42424242424242425, 0.6153846153846154, 0.5869565217391305, 0.8628376126289368, 0.8626968860626221, 0.27160193040311675, 0.2715795017337252, 0.5272630192125732, 0.46428077484813246, 0.20783297717571259, 0.20783297717571259, 0.8237665891647339, 0.0, 0.0, 0.0, 0.046104862913489336, 0.4828839525580406, 0.4832763746380806, 0.0, -0.0, 0.02360536716878414, 0.6031746031746031, 0.02349075675010681, 0.8, 0.022595234215259552, 0.031829806976020336]
[0.4642857142857143, 0.5, 0.3333333333333333, 0.42424242424242425, 0.6153846153846154, 0.5869565217391305, 0.4553024470806122, 0.4552815556526184, 0.321819253906921, 0.32179624400676776, 0.5268061889289214, 0.46076575332521663, 0.18088774489504952, 0.18088774489504952, 0.8397609889507294, 0.0, 0.0, 0.0, 0.048363710194826125, 0.48332520946860313, 0.4837191980332136, 0.0, -0.0, 0.02341955155134201, 0.6031746031746031, 0.023369140923023224, 0.8, 0.023415839299559593, 0.030550637748092413]
[0.4642857142857143, 0.5, 0.3333333333333333, 0.42424242424242425, 0.6153846153846154, 0.5869565217391305, 0.4027882218360901, 0.4027729630470276, 0.33115640698609794, 0.3311334084826263, 0.516323317476258, 0.47063536506715237, 0.17066714486905507, 0.17066714486905507, 0.8438700512051582, 0.0, 0.0, 0.0, 0.04881752617657184, 0.4834106434136629, 0.4838274847716093, 0.0, -0.0, 0.022595642134547234, 0.6031746031746031, 0.022516395896673203, 0.8, 0.02356729470193386, 0.02237294800579548]
[0.4642857142857143, 0.5, 0.3333333333333333, 0.42424242424242425, 0.6153846153846154, 0.5869565217391305, 0.40441659092903137, 0.40438351035118103, 0.327812632000925, 0.3277895309273189, 0.5072316859579907, 0.4795390966466868, 0.17209029091256006, 0.17209029091256006, 0.8408317118883133, 0.0, 0.0, 0.0, 0.04941483624279499, 0.4830172713845968, 0.4834635816514492, 0.0, -0.0, 0.022755473852157593, 0.6031746031746031, 0.022710854187607765, 0.8, 0.024034027010202408, 0.015779323875904083]
[0.4642857142857143, 0.5, 0.3333333333333333, 0.42424242424242425, 0.6153846153846154, 0.5869565217391305, 0.40469029545783997, 0.40465566515922546, 0.32735952273381597, 0.32733634188343874, 0.49944501299140387, 0.4869834717504786, 0.17357564930404937, 0.17357564930404937, 0.8388107866048813, 0.0, 0.0, 0.0, 0.04976849816739559, 0.48280347138643265, 0.4832483511418104, 0.0, -0.0, 0.02280186302959919, 0.6031746031746031, 0.02279713563621044, 0.8, 0.02432991936802864, 0.012700444785878062]
[0.4642857142857143, 0.5, 0.3333333333333333, 0.42424242424242425, 0.6153846153846154, 0.5869565217391305, 0.3713674247264862, 0.3709363639354706, 0.31509985021149906, 0.3150764870142162, 0.4685597978176168, 0.5177750916320958, 0.18873300935540882, 0.18873300935540882, 0.8290973007678986, 0.0, 0.0, 0.0, 0.048508487269282335, 0.4818171691149473, 0.4822209868580103, 0.0, -0.0, 0.024945488199591637, 0.6031746031746031, 0.02542816661298275, 0.8, 0.024984203279018402, 0.0]
[0.4642857142857143, 0.5, 0.3333333333333333, 0.42424242424242425, 0.6153846153846154, 0.5869565217391305, 0.36607831716537476, 0.3657199740409851, 0.3166232332444784, 0.31659974468369784, 0.46500676551238984, 0.520989337632528, 0.1867504364677838, 0.1867504364677838, 0.8276505619287491, 0.0, 0.0, 0.0, 0.04779243282973766, 0.48181128315627575, 0.48221810907125473, 0.0, -0.0, 0.02503386326134205, 0.6031746031746031, 0.02561069279909134, 0.8, 0.024712074548006058, 0.0]
[0.4642857142857143, 0.5, 0.3333333333333333, 0.42424242424242425, 0.6153846153846154, 0.5869565217391305, 0.3669208586215973, 0.366565465927124, 0.3167178257017701, 0.3166943599343528, 0.4644740760668286, 0.5214997522638992, 0.18576079181262425, 0.18576079181262425, 0.8281011953949928, 0.0, 0.0, 0.0, 0.047391373291611666, 0.48190777376294136, 0.48233434930443764, 0.0, -0.0, 0.02496609278023243, 0.6031746031746031, 0.025566907599568367, 0.8, 0.024601083248853683, 0.0]
[0.4642857142857143, 0.5, 0.3333333333333333, 0.42424242424242425, 0.6153846153846154, 0.5869565217391305, 0.37422287464141846, 0.3736000061035156, 0.3168794762336046, 0.316856044656232, 0.4645515848983998, 0.5216029406682888, 0.17972053693873544, 0.17972053693873544, 0.8297614827752113, 0.0, 0.0, 0.0, 0.046002596616744995, 0.48221878707408905, 0.48272751085460186, 0.0, -0.0, 0.02486424148082733, 0.6031746031746031, 0.025500895455479622, 0.8, 0.02454741671681404, 0.0]
[0.4642857142857143, 0.5, 0.3333333333333333, 0.42424242424242425, 0.6153846153846154, 0.5869565217391305, 0.3733031749725342, 0.3727121353149414, 0.3178995248236574, 0.3178761046429665, 0.46420668712309626, 0.5218791677386031, 0.1795241715652602, 0.1795241715652602, 0.830221988260746, 0.0, 0.0, 0.0, 0.04600941054522991, 0.48224096931517124, 0.48276516050100327, 0.0, -0.0, 0.02492634952068329, 0.6031746031746031, 0.025559118017554283, 0.8, 0.02454550750553608, 0.0]
[0.4642857142857143, 0.5, 0.3333333333333333, 0.42424242424242425, 0.6153846153846154, 0.5869565217391305, 0.37188032269477844, 0.37133514881134033, 0.3183690681056356, 0.3183456023382183, 0.4649313080835069, 0.5211147039793139, 0.17984815474067417, 0.17984815474067417, 0.8325299248099327, 0.0, 0.0, 0.0, 0.04614408016204834, 0.48246290907263756, 0.48302468098700047, 0.0, -0.0, 0.025120578706264496, 0.6031746031746031, 0.02570653147995472, 0.8, 0.024663997814059258, 0.0]
[0.4642857142857143, 0.5, 0.3333333333333333, 0.42424242424242425, 0.6153846153846154, 0.5869565217391305, 0.3819102942943573, 0.3815332353115082, 0.3206245967580529, 0.320601005627138, 0.45962661151448353, 0.5259167726996702, 0.18956436642578672, 0.18956436642578672, 0.8311793580651283, 0.0, 0.0, 0.0, 0.04766838178038597, 0.48237193934619427, 0.48297016881406307, 0.0, -0.0, 0.025012120604515076, 0.6031746031746031, 0.025499330833554268, 0.8, 0.02499597705900669, 0.0]
[0.4642857142857143, 0.5, 0.3333333333333333, 0.42424242424242425, 0.6153846153846154, 0.5869565217391305, 0.38189205527305603, 0.3816237151622772, 0.32982704106070115, 0.32980362088001025, 0.45719834905737444, 0.5282146343258959, 0.19226105085441045, 0.19226105085441045, 0.8328612968325615, 0.0, 0.0, 0.0, 0.04888692498207092, 0.4822938647121191, 0.4828824009746313, 0.0, -0.0, 0.024932796135544777, 0.6031746031746031, 0.02533351629972458, 0.8, 0.024931196123361588, 0.0]
[0.4642857142857143, 0.5, 0.3333333333333333, 0.42424242424242425, 0.6153846153846154, 0.5869565217391305, 0.41154471039772034, 0.411487340927124, 0.32953665361349715, 0.32951331320957744, 0.47726641809051396, 0.5084146722274296, 0.1916965948683875, 0.1916965948683875, 0.8366706669330597, 0.0, 0.0, 0.0, 0.04937993735074997, 0.48244205117225647, 0.48297770507633686, 0.0, -0.0, 0.02424226514995098, 0.6031746031746031, 0.024510784074664116, 0.8, 0.02455933764576912, 0.0]
[0.4642857142857143, 0.5, 0.3333333333333333, 0.42424242424242425, 0.6153846153846154, 0.5869565217391305, 0.9650599360466003, 0.9650838971138, 0.3644915411166889, 0.3644711068665776, 0.4993376889271416, 0.4933126530678682, 0.22278996450560434, 0.22278996450560434, 0.8371070921421051, 0.0, 0.0, 0.0, 0.04935048073530197, 0.4827708415687084, 0.48321464471518993, 0.0, -0.0, 0.02413378469645977, 0.6031746031746031, 0.024578437209129333, 0.8, 0.024815229699015617, 0.0]
[0.4642857142857143, 0.5, 0.3333333333333333, 0.42424242424242425, 0.6153846153846154, 0.5869565217391305, 0.18864043056964874, 0.187857985496521, 0.4230376564065995, 0.42301556963765596, 0.5492863057904216, 0.43522606337680825, 0.19800017986978805, 0.19800017986978805, 0.8543073758482933, 0.0, 0.0, 0.0, 0.0489639226347208, 0.48422132804989815, 0.4845499349758029, 0.0, -0.0, 0.023622015491127968, 0.6031746031746031, 0.0240369513630867, 0.8, 0.02494090050458908, 0.0]
[0.4642857142857143, 0.5, 0.3333333333333333, 0.42424242424242425, 0.6153846153846154, 0.5869565217391305, 0.014457535929977894, 0.014366436749696732, 0.47953795480682565, 0.4795174094390687, 0.5472984908871623, 0.43778615694834166, 0.16876332994018284, 0.16876332994018284, 0.8627789691090584, 0.0, 0.0, 0.0, 0.047494875639677046, 0.4862640257924795, 0.4865866545587778, 0.0, -0.0, 0.02134581468999386, 0.6031746031746031, 0.021415090188384056, 0.8, 0.024695701897144318, 0.0]
[0.4642857142857143, 0.5, 0.3333333333333333, 0.42424242424242425, 0.6153846153846154, 0.5869565217391305, 0.0, 0.0, 0.48226155941846494, 0.482241128017524, 0.5429393712922674, 0.44220421733130866, 0.15755077025720052, 0.15755077025720052, 0.8652543872594833, 0.0, 0.0, 0.0, 0.04927594996988773, 0.48784980550408363, 0.48822654131799936, 0.0, -0.0, 0.020057978108525276, 0.6031746031746031, 0.019893016666173935, 0.8, 0.02493414282798767, 0.0]
[0.4642857142857143, 0.5, 0.3333333333333333, 0.42424242424242425, 0.6153846153846154, 0.5869565217391305, 0.0, 0.0, 0.4749382897271253, 0.47491797229300037, 0.5246632281498517, 0.4611875787013297, 0.1470232542072024, 0.1470232542072024, 0.8698053807020187, 0.0, 0.0, 0.0, 0.11329030990600585, 0.4876799890771508, 0.48821728955954313, 0.17562109231948853, 0.17562109231948853, 0.0, 0.5, 0.0, 0.6976744186046512, 0.026533273980021477, 0.01972032245248556]
[0.4642857142857143, 0.5, 0.3333333333333333, 0.42424242424242425, 0.6153846153846154, 0.5869565217391305, 0.29677149653434753, 0.2956423759460449, 0.35803562869989164, 0.35801415735175457, 0.5023570474429523, 0.4876007673110784, 0.1331901443856103, 0.1331901443856103, 0.8755709789693356, 0.0, 0.0, 0.0, 0.10327363163232803, 0.48696920834481716, 0.48756307549774647, 0.15440510213375092, 0.15440510213375092, 0.0862465500831604, 0.46550137996673585, 0.0, 0.6976744186046512, 0.0270451158285141, 0.03160922322422266]
[0.4642857142857143, 0.5, 0.3333333333333333, 0.42424242424242425, 0.6153846153846154, 0.5869565217391305, 0.2853904962539673, 0.28510817885398865, 0.3385706663587581, 0.33854942294425305, 0.46626278524417036, 0.5252457702770238, 0.12797559478453227, 0.12797559478453227, 0.858244925737381, 0.0, 0.0, 0.0, 0.08492489047348499, 0.48200503550469875, 0.48304968513548374, 0.12647931277751923, 0.12647931277751923, 0.10434551537036896, 0.4582617938518524, 0.09624003618955612, 0.6110206818164781, 0.025024203583598137, 0.033750038128346205]
[0.4642857142857143, 0.5, 0.3333333333333333, 0.42424242424242425, 0.6153846153846154, 0.5869565217391305, 0.2096322923898697, 0.20894105732440948, 0.37200147563139296, 0.3719805969106992, 0.4537783502164808, 0.5370263035114541, 0.11485411652496884, 0.11485411652496884, 0.8699914515018463, 0.0, 0.0, 0.0, 0.08419572971761226, 0.48235354386270046, 0.48335966281592846, 0.12586165964603424, 0.12586165964603424, 0.11070523411035538, 0.45571790635585785, 0.10226261615753174, 0.6181259054777234, 0.024474240839481354, 0.033040756825357676]
[0.4642857142857143, 0.5, 0.3333333333333333, 0.42424242424242425, 0.6153846153846154, 0.5869565217391305, 0.19023917615413666, 0.1894591748714447, 0.3766272975199537, 0.3766064985760311, 0.44043539176707514, 0.550505540630279, 0.11030361056327821, 0.11030361056327821, 0.8751053251326084, 0.0, 0.0, 0.0, 0.07930081523954868, 0.4822148270905018, 0.48331148736178875, 0.11954490095376968, 0.11954490095376968, 0.11774305254220963, 0.45290277898311615, 0.10945383459329605, 0.6204617664564488, 0.02385425940155983, 0.030116664711385965]
[0.4642857142857143, 0.5, 0.3333333333333333, 0.42424242424242425, 0.6153846153846154, 0.5869565217391305, 0.9510143399238586, 0.950559139251709, 0.33256932198431477, 0.3325484774536658, 0.428233996176127, 0.5648911045517971, 0.1299206220677921, 0.1299206220677921, 0.8533677607774734, 0.0, 0.0, 0.0, 0.06804213225841521, 0.47991413064301014, 0.48207984678447247, 0.10197967290878296, -0.0, 0.12014029175043106, 0.4519438832998276, 0.11233130097389221, 0.6124175097360167, 0.023321297019720078, 0.021804410498589277]
[0.4642857142857143, 0.5, 0.3333333333333333, 0.42424242424242425, 0.6153846153846154, 0.5869565217391305, 0.7425415515899658, 0.7356801629066467, 0.27141279107525973, 0.27138666988102933, 0.4374259954200876, 0.5567661116985138, 0.1344472063439233, 0.1344472063439233, 0.8490129187703133, 0.0, 0.0, 0.0, 0.06406805515289306, 0.4787106551229954, 0.4812005218118429, 0.0, -0.0, 0.12049473822116852, 0.4518021047115326, 0.11332856863737106, 0.6115811023601266, 0.022953445091843605, 0.01564665581099689]
[0.4642857142857143, 0.5, 0.3333333333333333, 0.42424242424242425, 0.6153846153846154, 0.5869565217391305, 0.26449963450431824, 0.2631963789463043, 0.3514377364237039, 0.3514122762370064, 0.4840711572885969, 0.5084906482053254, 0.12093389672892435, 0.12093389672892435, 0.8588235974311829, 0.0, 0.0, 0.0, 0.058456186577677725, 0.47659701853990555, 0.47904287464916706, 0.0, -0.0, 0.12020108848810196, 0.45191956460475924, 0.11419643461704254, 0.6259702544572742, 0.021386809647083282, 0.0]
[0.4642857142857143, 0.5, 0.3333333333333333, 0.42424242424242425, 0.6153846153846154, 0.5869565217391305, 0.5745285749435425, 0.5673952698707581, 0.30706847192680403, 0.30704269263302164, 0.43299415075072367, 0.5607829819110287, 0.11886307171412877, 0.11886307171412877, 0.8637503311038017, 0.0, 0.0, 0.0, 0.057565773278474806, 0.4758071359246969, 0.4780517090111971, 0.0, -0.0, 0.11813431233167648, 0.4527462750673294, 0.11324562877416611, 0.6237202501574228, 0.02132374979555607, 0.0]
[0.4642857142857143, 0.5, 0.3333333333333333, 0.42424242424242425, 0.6153846153846154, 0.5869565217391305, 0.0, 0.0, 0.4826372909158411, 0.48261385791388345, 0.3685073898125789, 0.623129198878896, 0.10272327810525894, 0.10272327810525894, 0.9112958312034607, 0.0, 0.0, 0.0, 0.04549101870507002, 0.4834179673343897, 0.48504157923161983, 0.0, -0.0, 0.09151564538478851, 0.4633937418460846, 0.0, 0.6976744186046512, 0.02161591127514839, 0.0]
[0.4642857142857143, 0.5, 0.3333333333333333, 0.42424242424242425, 0.6153846153846154, 0.5869565217391305, 0.0, 0.0, 0.4942856254928655, 0.4942624781202404, 0.37117014469197784, 0.6204001836926664, 0.09966047746794565, 0.09966047746794565, 0.916523315012455, 0.0, 0.0, 0.0, 0.04280871823430061, 0.48571083787828684, 0.4872520165517926, 0.0, -0.0, 0.08323391526937485, 0.4667064338922501, 0.0, 0.6976744186046512, 0.02112385258078575, 0.0]
[0.4642857142857143, 0.5, 0.3333333333333333, 0.42424242424242425, 0.6153846153846154, 0.5869565217391305, 0.0, 0.0, 0.4959823370948576, 0.49595925347242026, 0.3738226539546171, 0.6177483183425375, 0.09806690471512931, 0.09806690471512931, 0.9186135567724705, 0.0, 0.0, 0.0, 0.04170167129486799, 0.48632655944675207, 0.4878420475870371, 0.0, -0.0, 0.08040836453437805, 0.46783665418624876, 0.0, 0.6976744186046512, 0.02090528979897499, 0.0]
[0.4642857142857143, 0.5, 0.3333333333333333, 0.42424242424242425, 0.6153846153846154, 0.5869565217391305, 0.19294799864292145, 0.1922096312046051, 0.4440051572500634, 0.4439809905867276, 0.3972703804249517, 0.5942933321860229, 0.1148016325065068, 0.1148016325065068, 0.9204347431659698, 0.0, 0.0, 0.0, 0.04639996755868196, 0.4874132825061679, 0.48879674170166254, 0.0, -0.0, 0.0, 0.5, 0.0, 0.6976744186046512, 0.02062750980257988, 0.0]
[0.4642857142857143, 0.5, 0.3333333333333333, 0.42424242424242425, 0.6153846153846154, 0.5869565217391305, 0.9818921089172363, 0.9818200469017029, 0.4034444529057461, 0.40342009819716385, 0.4425174914172229, 0.5502805790391246, 0.1727086997457913, 0.1727086997457913, 0.8820794932544231, 0.0, 0.0, 0.0, 0.05441641360521316, 0.48623402044177055, 0.48776692245155573, 0.0, -0.0, 0.0540877990424633, 0.5698751059789506, 0.055295005440711975, 0.7874736471404863, 0.02142172120511532, 0.0]
[0.4642857142857143, 0.5, 0.3333333333333333, 0.42424242424242425, 0.6153846153846154, 0.5869565217391305, 0.9382704496383667, 0.937957763671875, 0.3625642141010291, 0.3625387653110132, 0.4596194116608818, 0.5324584351734216, 0.18656832831246514, 0.18656832831246514, 0.8667446821928024, 0.0, 0.0, 0.0, 0.05400587245821953, 0.4852838749065995, 0.48678087536245584, 0.0, -0.0, 0.06005004048347473, 0.6031746031746031, 0.06231297552585602, 0.8, 0.024880757555365562, 0.0]
[0.4642857142857143, 0.5, 0.3333333333333333, 0.42424242424242425, 0.6153846153846154, 0.5869565217391305, 0.5989953875541687, 0.5963221192359924, 0.28129505883211386, 0.2812654274599502, 0.456246153460406, 0.5290482844900168, 0.1877710010324206, 0.1877710010324206, 0.8621125668287277, 0.0, 0.0, 0.0, 0.06158604845404624, 0.48494486417621374, 0.4863057276234031, 0.0, -0.0, 0.05662029981613159, 0.6031746031746031, 0.058393917977809906, 0.8, 0.02640565112233162, 0.0]
[0.4642857142857143, 0.5, 0.3333333333333333, 0.42424242424242425, 0.6153846153846154, 0.5869565217391305, 0.9635455012321472, 0.9634900689125061, 0.3746364909877741, 0.3746202507164921, 0.47267432468115256, 0.5199263150053266, 0.22614767508847375, 0.22614767508847375, 0.8034092262387276, 0.0, 0.0, 0.0, 0.061751019582152365, 0.4840753097087145, 0.4849476898089051, 0.0, -0.0, 0.047917284071445465, 0.6031746031746031, 0.04988522455096245, 0.8, 0.03100511059165001, 0.0]
[0.4642857142857143, 0.5, 0.3333333333333333, 0.42424242424242425, 0.6153846153846154, 0.5869565217391305, 0.9120806455612183, 0.9119146466255188, 0.3322510126671873, 0.33223421395850683, 0.4761779523716374, 0.5163983753438155, 0.22499845496245793, 0.22499845496245793, 0.8098806887865067, 0.0, 0.0, 0.0, 0.06145875863730907, 0.4840063117444515, 0.4848445765674114, 0.0, -0.0, 0.04740004986524582, 0.6031746031746031, 0.04942595586180687, 0.8, 0.031047476455569267, 0.0]
[0.4642857142857143, 0.5, 0.3333333333333333, 0.42424242424242425, 0.6153846153846154, 0.5869565217391305, 0.42524707317352295, 0.42522120475769043, 0.32121817012589926, 0.3211987045937241, 0.4710149507449644, 0.5120870306381937, 0.18055624195507597, 0.18055624195507597, 0.8553467020392418, 0.0, 0.0, 0.0, 0.062196814268827436, 0.48432438261806965, 0.48490429017692804, 0.0, -0.0, 0.04216954857110977, 0.6031746031746031, 0.04393124207854271, 0.8, 0.031869493424892426, 0.0]
[0.4642857142857143, 0.5, 0.3333333333333333, 0.42424242424242425, 0.6153846153846154, 0.5869565217391305, 0.39088502526283264, 0.3908572494983673, 0.3274059414179785, 0.3273862935388977, 0.48500513244085514, 0.49732593751039783, 0.17221879746232716, 0.17221879746232716, 0.8593577295541763, 0.0, 0.0, 0.0, 0.06160557754337787, 0.48494687024503946, 0.48530407156795263, 0.0, -0.0, 0.0383099801838398, 0.6031746031746031, 0.0394778773188591, 0.8, 0.032486606389284134, 0.0]
[0.4642857142857143, 0.5, 0.3333333333333333, 0.42424242424242425, 0.6153846153846154, 0.5869565217391305, 0.39962464570999146, 0.39961346983909607, 0.3306084203446572, 0.3305888636390292, 0.4639633936134397, 0.5183071143717835, 0.173492431640625, 0.173492431640625, 0.8627067282795906, 0.0, 0.0, 0.0, 0.062456025183200835, 0.4856172064319253, 0.4859062172472477, 0.0, -0.0, 0.03535018116235733, 0.6031746031746031, 0.03598128631711006, 0.8, 0.03366827592253685, 0.005592999514192343]
[0.4642857142857143, 0.5, 0.3333333333333333, 0.42424242424242425, 0.6153846153846154, 0.5869565217391305, 0.3526969850063324, 0.3526955842971802, 0.33665554518909346, 0.3366360682602366, 0.4386314167347283, 0.5436132820404233, 0.17694255603211267, 0.17694255603211267, 0.8636775687336922, 0.0, 0.0, 0.0, 0.0634688701480627, 0.4860213892534375, 0.4862783644348383, 0.0, -0.0, 0.03355103358626366, 0.6031746031746031, 0.03386225178837776, 0.8, 0.03446812927722931, 0.01802642596885562]
[0.4642857142857143, 0.5, 0.3333333333333333, 0.42424242424242425, 0.6153846153846154, 0.5869565217391305, 0.29916784167289734, 0.29915574193000793, 0.34584555571211456, 0.34582598760980493, 0.4367263417398952, 0.544680673158141, 0.17634281090327672, 0.17634281090327672, 0.8630276918411255, 0.0, 0.0, 0.0, 0.06649609021842479, 0.4871326433494687, 0.4874168699607253, 0.0, -0.0, 0.029462294653058052, 0.6031746031746031, 0.029073312878608704, 0.8, 0.035964980721473694, 0.05637962371110916]
[0.4642857142857143, 0.5, 0.3333333333333333, 0.42424242424242425, 0.6153846153846154, 0.5869565217391305, 0.29876068234443665, 0.2987469732761383, 0.3468183992469744, 0.3467987969546199, 0.43432284997024684, 0.547003868895274, 0.17599943493093764, 0.17599943493093764, 0.8629887253046036, 0.0, 0.0, 0.0, 0.06659355573356152, 0.48720591329038143, 0.48749368730932474, 0.0, -0.0, 0.029197482392191887, 0.6031746031746031, 0.02875308133661747, 0.8, 0.03598128259181976, 0.059652882628142834]
[0.4642857142857143, 0.5, 0.3333333333333333, 0.42424242424242425, 0.6153846153846154, 0.5869565217391305, 0.40961217880249023, 0.4095807373523712, 0.3216451126120514, 0.32162514562588573, 0.46504225477889666, 0.516242360471033, 0.17456973237650736, 0.17456973237650736, 0.8599349930882454, 0.0, 0.0, 0.0, 0.0678896989673376, 0.4876723112538457, 0.48802035581320524, 0.0, -0.0, 0.026331640779972076, 0.6031746031746031, 0.025458164513111115, 0.8, 0.03574400022625923, 0.09545287117362022]
[0.4642857142857143, 0.5, 0.3333333333333333, 0.42424242424242425, 0.6153846153846154, 0.5869565217391305, 0.6265645623207092, 0.6267113089561462, 0.28861134093304663, 0.2885890718171975, 0.5300640158397973, 0.4524780636713058, 0.1823212259582111, 0.1823212259582111, 0.8589030355215073, 0.0, 0.0, 0.0, 0.06872833110392093, 0.4876188803464174, 0.48799473885446787, 0.0, -0.0, 0.026042120531201363, 0.6031746031746031, 0.025214731693267822, 0.8, 0.03595365583896637, 0.09815891273319721]
[0.4642857142857143, 0.5, 0.3333333333333333, 0.42424242424242425, 0.6153846153846154, 0.5869565217391305, 0.9222369194030762, 0.9222198724746704, 0.33162788770394847, 0.33160891222908206, 0.5547627247086446, 0.43686558999198755, 0.215424724987575, 0.215424724987575, 0.8450580760836601, 0.0, 0.0, 0.0, 0.0701602391898632, 0.48719759844243526, 0.48758567590266466, 0.0, -0.0, 0.027730736881494522, 0.6031746031746031, 0.027615712955594063, 0.8, 0.038469187915325165, 0.09164443239569664]
[0.4642857142857143, 0.5, 0.3333333333333333, 0.42424242424242425, 0.6153846153846154, 0.5869565217391305, 0.9234564900398254, 0.9234431982040405, 0.334648521178995, 0.33462969386098945, 0.556536207919367, 0.4355016693279752, 0.21153913012572698, 0.21153913012572698, 0.8428225815296173, 0.0, 0.0, 0.0, 0.06987135522067546, 0.48699639830738306, 0.487485246732831, 0.0, -0.0, 0.02922806143760681, 0.6031746031746031, 0.029237108305096626, 0.8, 0.03901456668972969, 0.08927551098167896]
[0.4642857142857143, 0.5, 0.3333333333333333, 0.42424242424242425, 0.6153846153846154, 0.5869565217391305, 0.9239294528961182, 0.9239161014556885, 0.3367072633302006, 0.3366884929956031, 0.5538879895073506, 0.4382823000851776, 0.20941756665706635, 0.20941756665706635, 0.842377319931984, 0.0, 0.0, 0.0, 0.06987827867269515, 0.4869697680696845, 0.4874915722757578, 0.0, -0.0, 0.029802296310663223, 0.6031746031746031, 0.029824042692780495, 0.8, 0.03952151536941528, 0.08714943192899227]
[0.4642857142857143, 0.5, 0.3333333333333333, 0.42424242424242425, 0.6153846153846154, 0.5869565217391305, 0.9007238149642944, 0.9007071852684021, 0.29641104747414815, 0.2963908753477137, 0.5501220757373204, 0.4389750587730011, 0.20267797367913384, 0.20267797367913384, 0.8363478034734726, 0.0, 0.0, 0.0, 0.06798638738691806, 0.4864799315109849, 0.4871405279263854, 0.0, -0.0, 0.03176717460155487, 0.6031746031746031, 0.03210248053073883, 0.8, 0.037863992154598236, 0.07913695648312569]
[0.4642857142857143, 0.5, 0.3333333333333333, 0.42424242424242425, 0.6153846153846154, 0.5869565217391305, 0.8745070099830627, 0.8744580745697021, 0.28414349984484466, 0.2841228034710565, 0.5432299866731034, 0.4449715025743558, 0.20339237792151316, 0.20339237792151316, 0.8361117020249367, 0.0, 0.0, 0.0, 0.0684876687824726, 0.48612306360155344, 0.4867893969640136, 0.0, -0.0, 0.03214967995882034, 0.6031746031746031, 0.03263907879590988, 0.8, 0.038158223032951355, 0.0722549157217145]
[0.4642857142857143, 0.5, 0.3333333333333333, 0.42424242424242425, 0.6153846153846154, 0.5869565217391305, 0.8767306208610535, 0.8766301870346069, 0.2967406850927874, 0.29672042179290015, 0.5425574599442928, 0.44645913421715144, 0.20081019827297758, 0.20081019827297758, 0.8386289179325104, 0.0, 0.0, 0.0, 0.06960175521671771, 0.48635811917483807, 0.48701091669499874, 0.0, -0.0, 0.032294660806655884, 0.6031746031746031, 0.032801996916532516, 0.8, 0.03981010615825653, 0.06751093547791243]
[0.4642857142857143, 0.5, 0.3333333333333333, 0.42424242424242425, 0.6153846153846154, 0.5869565217391305, 0.8620011210441589, 0.8619764447212219, 0.2872810290830769, 0.2872604694694679, 0.5296679783049778, 0.4584458562151146, 0.20049055772168298, 0.20049055772168298, 0.843325175344944, 0.0, 0.0, 0.0, 0.07192255891859531, 0.48676982149481773, 0.48734722286462784, 0.0, -0.0, 0.033159289509058, 0.6031746031746031, 0.03373662754893303, 0.8, 0.04372262954711914, 0.05928227677941322]
[0.4642857142857143, 0.5, 0.3333333333333333, 0.42424242424242425, 0.6153846153846154, 0.5869565217391305, 0.7901320457458496, 0.7901279330253601, 0.2674738243934529, 0.26745267215240065, 0.5233157842382646, 0.46374633316277497, 0.19824084426675526, 0.19824084426675526, 0.8446017503738403, 0.0, 0.0, 0.0, 0.07192914597690105, 0.4868191722780466, 0.48740040976554155, 0.0, -0.0, 0.0332556813955307, 0.6031746031746031, 0.03385964781045914, 0.8, 0.04416734352707863, 0.056732241064310074]
[0.4642857142857143, 0.5, 0.3333333333333333, 0.42424242424242425, 0.6153846153846154, 0.5869565217391305, 0.855624258518219, 0.8555982708930969, 0.2737439822968288, 0.27372296681595576, 0.5105962670100123, 0.4763521343020084, 0.19659909818853652, 0.19659909818853652, 0.8445502147078514, 0.0, 0.0, 0.0, 0.07128988318145274, 0.48668320570141077, 0.4872094029560685, 0.0, -0.0, 0.03418859466910362, 0.6031746031746031, 0.03504946082830429, 0.8, 0.04432295262813568, 0.03140176413580775]
[0.4642857142857143, 0.5, 0.3333333333333333, 0.42424242424242425, 0.6153846153846154, 0.5869565217391305, 0.8493202924728394, 0.8491515517234802, 0.2784436090954403, 0.27842316344864737, 0.4914230155557337, 0.49718330234181535, 0.19761886979852405, 0.19761886979852405, 0.8226900398731232, 0.0, 0.0, 0.0, 0.06804824993014336, 0.48608684726059437, 0.4865936329588294, 0.0, -0.0, 0.034908194094896317, 0.6031746031746031, 0.036124859005212784, 0.8, 0.042724091559648514, 0.014593519736081362]
[0.4642857142857143, 0.5, 0.3333333333333333, 0.42424242424242425, 0.6153846153846154, 0.5869565217391305, 0.8359456658363342, 0.8333619236946106, 0.275124804239656, 0.2751043813862263, 0.47584438004867524, 0.513081248649397, 0.18741845020226072, 0.18741845020226072, 0.8313668444752693, 0.0, 0.0, 0.0, 0.06501117534935474, 0.48588039074093103, 0.48643649835139513, 0.0, -0.0, 0.035737477242946625, 0.6031746031746031, 0.03718315809965134, 0.8, 0.04146793857216835, 0.0]
[0.4642857142857143, 0.5, 0.3333333333333333, 0.42424242424242425, 0.6153846153846154, 0.5869565217391305, 0.7302408218383789, 0.7281954288482666, 0.2666365329895603, 0.26661524398832886, 0.46826616801449716, 0.5178325821924341, 0.18258415162563324, 0.18258415162563324, 0.8527562916278839, 0.0, 0.0, 0.0, 0.06465076729655266, 0.48603421356529, 0.4866286935284734, 0.0, -0.0, 0.036625936627388, 0.6031746031746031, 0.038284141570329666, 0.8, 0.041836149990558624, 0.0]
[0.4642857142857143, 0.5, 0.3333333333333333, 0.42424242424242425, 0.6153846153846154, 0.5869565217391305, 0.6875698566436768, 0.6831117868423462, 0.26719738648452906, 0.2671765305571985, 0.46029455392811996, 0.5271269692239018, 0.16573289675371988, 0.16573289675371988, 0.86356420814991, 0.0, 0.0, 0.0, 0.06268005035817623, 0.4869112353771925, 0.48776366841048, 0.0, -0.0, 0.03666547313332558, 0.6031746031746031, 0.03850292041897774, 0.8, 0.04321867600083351, 0.0]
[0.4642857142857143, 0.5, 0.3333333333333333, 0.42424242424242425, 0.6153846153846154, 0.5869565217391305, 0.9578427076339722, 0.9577678442001343, 0.3776989958710242, 0.3776812398410892, 0.44801582615416546, 0.544762923721551, 0.1717335411480495, 0.1717335411480495, 0.8599901646375656, 0.0, 0.0, 0.0, 0.06082319095730781, 0.48730162251740694, 0.48824897315353155, 0.0, -0.0, 0.0344402939081192, 0.6031746031746031, 0.03612971305847168, 0.8, 0.04357253760099411, 0.0]
[0.4642857142857143, 0.5, 0.3333333333333333, 0.42424242424242425, 0.6153846153846154, 0.5869565217391305, 0.9755703210830688, 0.975469172000885, 0.38260780876042966, 0.3825902122840371, 0.4438626132549337, 0.5491612585855438, 0.18402791981186187, 0.18402791981186187, 0.8504458293318748, 0.0, 0.0, 0.0, 0.057145750522613524, 0.4874963974580169, 0.48844398465007544, 0.0, -0.0, 0.03420461341738701, 0.6031746031746031, 0.03586358204483986, 0.8, 0.04313008859753609, 0.0]
[0.4642857142857143, 0.5, 0.3333333333333333, 0.42424242424242425, 0.6153846153846154, 0.5869565217391305, 0.3931150436401367, 0.3924697935581207, 0.3399498699727979, 0.3399298801932691, 0.44281901342235147, 0.5443149999445707, 0.17523274357829777, 0.17523274357829777, 0.8744741193950176, 0.0, 0.0, 0.0, 0.0558546245098114, 0.48825104534626007, 0.4891839409247041, 0.0, -0.0, 0.030858369544148445, 0.6031746031746031, 0.03218677639961243, 0.8, 0.04387634992599487, 0.0]
[0.4642857142857143, 0.5, 0.3333333333333333, 0.42424242424242425, 0.6153846153846154, 0.5869565217391305, 0.28928694128990173, 0.2884390950202942, 0.36729870334865944, 0.367279158039713, 0.43471595570872434, 0.5523029761042645, 0.15938673168420792, 0.15938673168420792, 0.8877582773566246, 0.0, 0.0, 0.0, 0.05365338921546936, 0.48929490707814693, 0.4901913972571492, 0.0, -0.0, 0.026999300345778465, 0.6031746031746031, 0.02785082533955574, 0.8, 0.04489302262663841, 0.0]
[0.4642857142857143, 0.5, 0.3333333333333333, 0.42424242424242425, 0.6153846153846154, 0.5869565217391305, 0.19785794615745544, 0.1971307098865509, 0.411945841736365, 0.41192700872001864, 0.4273658140667538, 0.5594837812210993, 0.16004318105322976, 0.16004318105322976, 0.891049437224865, 0.0, 0.0, 0.0, 0.05322088859975338, 0.4902230417355895, 0.4910615002736449, 0.0, -0.0, 0.025048865005373955, 0.6031746031746031, 0.025662574917078018, 0.8, 0.046696987003088, 0.0]
[0.4642857142857143, 0.5, 0.3333333333333333, 0.42424242424242425, 0.6153846153846154, 0.5869565217391305, 0.077008455991745, 0.07638803869485855, 0.4627429201315739, 0.4627252837667958, 0.42517013508776635, 0.5625457387074864, 0.16126452812126707, 0.16126452812126707, 0.89719607681036, 0.0, 0.0, 0.0, 0.052548294141888614, 0.4914868623018265, 0.49222652334719896, 0.0, -0.0, 0.0232856385409832, 0.6031746031746031, 0.023762045428156853, 0.8, 0.04951787367463112, 0.0]
[0.4642857142857143, 0.5, 0.3333333333333333, 0.42424242424242425, 0.6153846153846154, 0.5869565217391305, 0.025247137993574142, 0.024854009971022606, 0.4762188123243489, 0.4762013155689203, 0.4233148863848947, 0.5639335119137978, 0.15536246023007802, 0.15536246023007802, 0.9045069850981236, 0.0, 0.0, 0.0, 0.052203162014484404, 0.4926998009905219, 0.4933694014325738, 0.0, -0.0, 0.022533515468239784, 0.6031746031746031, 0.022923611104488373, 0.8, 0.05499587208032608, 0.0]
[0.4642857142857143, 0.5, 0.3333333333333333, 0.42424242424242425, 0.6153846153846154, 0.5869565217391305, 0.010713132098317146, 0.010716080665588379, 0.504970955432715, 0.5049540502362908, 0.4260533038334454, 0.5611575260166406, 0.15768062855516163, 0.15768062855516163, 0.9072429202497005, 0.0, 0.0, 0.0, 0.052717745304107666, 0.4933893298730254, 0.494032712187618, 0.0, -0.0, 0.021930677816271782, 0.6031746031746031, 0.022204844281077385, 0.8, 0.06465712189674377, 0.0]
[0.4642857142857143, 0.5, 0.3333333333333333, 0.42424242424242425, 0.6153846153846154, 0.5869565217391305, 0.0, 0.0, 0.5128664674654062, 0.512849529147376, 0.4396833418432203, 0.5466048233488043, 0.14598501580102105, 0.14598501580102105, 0.9123163484036922, 0.0, 0.0, 0.0, 0.05199780277907848, 0.49428389221429825, 0.4949165671132505, 0.0, -0.0, 0.020836923271417618, 0.6031746031746031, 0.02085241675376892, 0.8, 0.06333696097135544, 0.0]
[0.4642857142857143, 0.5, 0.3333333333333333, 0.42424242424242425, 0.6153846153846154, 0.5869565217391305, 0.9091992378234863, 0.9087315201759338, 0.3616172980168125, 0.3615991203096583, 0.46485604724738155, 0.5270664300512351, 0.17227939729179656, 0.17227939729179656, 0.8909991905093193, 0.0, 0.0, 0.0, 0.052666297927498815, 0.4936484326608479, 0.4943052241578698, 0.0, -0.0, 0.02205616421997547, 0.6031746031746031, 0.022481409832835197, 0.8, 0.0576685331761837, 0.0]
[0.4642857142857143, 0.5, 0.3333333333333333, 0.42424242424242425, 0.6153846153846154, 0.5869565217391305, 0.9684975743293762, 0.9684900045394897, 0.38298180226386164, 0.38296406902728986, 0.4820642643403369, 0.51040804586214, 0.20804607442447118, 0.20804607442447118, 0.8656255751848221, 0.0, 0.0, 0.0, 0.059492537379264826, 0.4918959941715002, 0.4927622498944402, 0.0, -0.0, 0.03241089731454849, 0.6031746031746031, 0.03442058339715004, 0.8, 0.05591905489563942, 0.0]
[0.4642857142857143, 0.5, 0.3333333333333333, 0.42424242424242425, 0.6153846153846154, 0.5869565217391305, 0.9672372341156006, 0.9672310948371887, 0.3855534976572653, 0.38553583280078313, 0.4966562830666739, 0.49596630199866765, 0.22516030286039626, 0.22516030286039626, 0.8515663519501686, 0.0, 0.0, 0.0, 0.06200955510139465, 0.4904228188097477, 0.4914179677143693, 0.0, -0.0, 0.03559708222746849, 0.6031746031746031, 0.037447936832904816, 0.8, 0.05332087725400925, 0.0]
[0.4642857142857143, 0.5, 0.3333333333333333, 0.42424242424242425, 0.6153846153846154, 0.5869565217391305, 0.27709802985191345, 0.276913046836853, 0.3557540700266968, 0.3557343879575711, 0.2845201601717714, 0.7064569424438153, 0.19950714494500843, 0.19950714494500843, 0.8653001561760902, 0.0, 0.0, 0.0, 0.062115965038537974, 0.4899582602083683, 0.4908630717545748, 0.0, -0.0, 0.03349471837282181, 0.6031746031746031, 0.033685263246297836, 0.8, 0.04737267643213272, 0.0]
[0.4642857142857143, 0.5, 0.3333333333333333, 0.42424242424242425, 0.6153846153846154, 0.5869565217391305, 0.1306120753288269, 0.1298244446516037, 0.4191420142099005, 0.4191237510276342, 0.24726335952204453, 0.74646836662333, 0.18895174775804793, 0.18895174775804793, 0.8782186880707741, 0.0, 0.0, 0.0, 0.06017511412501335, 0.49052037205547094, 0.49122569616883993, 0.0, -0.0, 0.029135631397366524, 0.6031746031746031, 0.027561405673623085, 0.8, 0.04231605678796768, 0.039496440440416336]
[0.4642857142857143, 0.5, 0.3333333333333333, 0.42424242424242425, 0.6153846153846154, 0.5869565217391305, 0.11547298729419708, 0.11448881030082703, 0.42556414116409036, 0.42554609451877456, 0.24116928034941054, 0.7532159998990787, 0.18695478992802758, 0.18695478992802758, 0.8793523795902729, 0.0, 0.0, 0.0, 0.059359554946422574, 0.49071952048689127, 0.4913600981235504, 0.0, -0.0, 0.027713289484381676, 0.6031746031746031, 0.02603757381439209, 0.8, 0.04067343473434448, 0.04526922479271889]
[0.4642857142857143, 0.5, 0.3333333333333333, 0.42424242424242425, 0.6153846153846154, 0.5869565217391305, 0.09828849881887436, 0.09715689718723297, 0.4248053216113643, 0.42478758267645167, 0.2228505962437471, 0.7736427509939187, 0.18130656863961903, 0.18130656863961903, 0.882565762847662, 0.0, 0.0, 0.0, 0.057086247950792306, 0.49141769390553236, 0.4919022209942341, 0.0, -0.0, 0.023229094222187996, 0.6031746031746031, 0.02138468064367771, 0.8, 0.036641478538513184, 0.0620027631521225]
[0.4642857142857143, 0.5, 0.3333333333333333, 0.42424242424242425, 0.6153846153846154, 0.5869565217391305, 0.08586767315864563, 0.08490824699401855, 0.4271493967814838, 0.42713158376814075, 0.22952333052801127, 0.7662415636150554, 0.17616564674036844, 0.17616564674036844, 0.8823711834847927, 0.0, 0.0, 0.0, 0.055795043706893914, 0.49170048255473375, 0.49210853315889835, 0.0, -0.0, 0.02034626714885235, 0.6031746031746031, 0.018538711592555046, 0.8, 0.03466057777404785, 0.0683196447789669]
[0.4642857142857143, 0.5, 0.3333333333333333, 0.42424242424242425, 0.6153846153846154, 0.5869565217391305, 0.08421424776315689, 0.08322674036026001, 0.42813257140821526, 0.42811475269653143, 0.22914473276521236, 0.7664813270025859, 0.17583896539040975, 0.17583896539040975, 0.8823159448802471, 0.0, 0.0, 0.0, 0.05548250004649162, 0.49171730410307646, 0.49212430976331234, 0.0, -0.0, 0.019705913960933685, 0.6031746031746031, 0.017926573753356934, 0.8, 0.03433387354016304, 0.06825783289968967]
[0.4642857142857143, 0.5, 0.3333333333333333, 0.42424242424242425, 0.6153846153846154, 0.5869565217391305, 0.1033201664686203, 0.10280846059322357, 0.4121747212929662, 0.41215676582110317, 0.22568262603497186, 0.77066643921362, 0.16352444887161255, 0.16352444887161255, 0.8823597095906734, 0.0, 0.0, 0.0, 0.05550024807453155, 0.49161076080054045, 0.4920495245605707, 0.0, -0.0, 0.020051581785082817, 0.6031746031746031, 0.018248967826366425, 0.8, 0.034613270312547684, 0.06968552246689796]
[0.4642857142857143, 0.5, 0.3333333333333333, 0.42424242424242425, 0.6153846153846154, 0.5869565217391305, 0.13520532846450806, 0.13499638438224792, 0.40281474066054157, 0.40279505859141596, 0.3205056040054526, 0.6662454495187877, 0.1553187572530338, 0.1553187572530338, 0.879053384065628, 0.0, 0.0, 0.0, 0.05514551699161529, 0.49118572659790516, 0.491734960116446, 0.0, -0.0, 0.02133888565003872, 0.6031746031746031, 0.019677599892020226, 0.8, 0.03387731313705444, 0.07176471874117851]
[0.4642857142857143, 0.5, 0.3333333333333333, 0.42424242424242425, 0.6153846153846154, 0.5869565217391305, 0.12652339041233063, 0.12609124183654785, 0.43897071873936555, 0.43895197119813123, 0.253930395465508, 0.7365239869517481, 0.23319034704140257, 0.23319034704140257, 0.8543999865651131, 0.0, 0.0, 0.0, 0.05922421254217624, 0.4892968535423279, 0.4899324048310518, 0.0, -0.0, 0.02146848849952221, 0.6031746031746031, 0.02017715387046337, 0.8, 0.033101022243499756, 0.12325613759458065]
[0.4642857142857143, 0.5, 0.3333333333333333, 0.42424242424242425, 0.6153846153846154, 0.5869565217391305, 0.34925156831741333, 0.3489578366279602, 0.36311265660973396, 0.363091755095677, 0.36749015620288156, 0.6160318071431407, 0.2388931065797806, 0.2388931065797806, 0.8472871109843254, 0.0, 0.0, 0.0, 0.06383092105388641, 0.4881862010806799, 0.4888429017737508, 0.0, -0.0, 0.020403603091835976, 0.6031746031746031, 0.019252482801675797, 0.8, 0.03490108996629715, 0.17554046586155891]
[0.4642857142857143, 0.5, 0.3333333333333333, 0.42424242424242425, 0.6153846153846154, 0.5869565217391305, 0.8719987273216248, 0.8718914985656738, 0.34920307509529885, 0.34918371213325805, 0.5922765832102321, 0.39820441045856336, 0.27663408645561766, 0.27663408645561766, 0.8401760756969452, 0.0, 0.0, 0.0, 0.06729960702359676, 0.487806623801589, 0.4883995112031698, 0.0, -0.0, 0.02069096639752388, 0.6031746031746031, 0.019826728850603104, 0.8, 0.03609948605298996, 0.17983239144086838]
[0.4642857142857143, 0.5, 0.3333333333333333, 0.42424242424242425, 0.6153846153846154, 0.5869565217391305, 0.23035290837287903, 0.22996562719345093, 0.43231437288324415, 0.43229609260595553, 0.23420305872054675, 0.759411805851687, 0.25293691882065367, 0.25293691882065367, 0.8467131704092026, 0.0, 0.0, 0.0, 0.06902354657649994, 0.48743130546063185, 0.48787675611674786, 0.0, -0.0, 0.02111094817519188, 0.6031746031746031, 0.02076379768550396, 0.8, 0.039153601974248886, 0.19218169152736664]
[0.4642857142857143, 0.5, 0.3333333333333333, 0.42424242424242425, 0.6153846153846154, 0.5869565217391305, 0.09626806527376175, 0.09450071305036545, 0.48568102403990854, 0.4856646498576177, 0.17707238279382764, 0.822825905419166, 0.20905168993132456, 0.20905168993132456, 0.8685187548398972, 0.0, 0.0, 0.0, 0.06308117248117924, 0.48857440520077944, 0.48886597994714975, 0.0, -0.0, 0.018760301172733307, 0.6031746031746031, 0.018079470843076706, 0.8, 0.03777255490422249, 0.20511595532298088]
[0.4642857142857143, 0.5, 0.3333333333333333, 0.42424242424242425, 0.6153846153846154, 0.5869565217391305, 0.0836508721113205, 0.08168699592351913, 0.47492327174994503, 0.47490705142285583, 0.1865672317563234, 0.8140151308731134, 0.19567520490714482, 0.19567520490714482, 0.8710799403488636, 0.0, 0.0, 0.0, 0.05799708217382431, 0.4896541787311435, 0.48980689235031605, 0.0, -0.0, 0.016820738092064857, 0.6031746031746031, 0.01591535098850727, 0.8, 0.035169050097465515, 0.20777802914381027]
[0.4642857142857143, 0.5, 0.3333333333333333, 0.42424242424242425, 0.6153846153846154, 0.5869565217391305, 0.08113152533769608, 0.0791778415441513, 0.47455393948928803, 0.47453951698872143, 0.18273078962220285, 0.8183619392027084, 0.18725678324699402, 0.18725678324699402, 0.8727502524852753, 0.0, 0.0, 0.0, 0.05608073063194751, 0.49021454248577356, 0.49031161796301603, 0.0, -0.0, 0.01626860722899437, 0.6031746031746031, 0.015305115841329098, 0.8, 0.0343293659389019, 0.206095352768898]
[0.4642857142857143, 0.5, 0.3333333333333333, 0.42424242424242425, 0.6153846153846154, 0.5869565217391305, 0.08322494477033615, 0.08134253323078156, 0.4641791128519616, 0.46416420314325657, 0.1936911834585507, 0.8056306833924066, 0.18813916615077428, 0.18813916615077428, 0.8730035983026028, 0.0, 0.0, 0.0, 0.05514387413859367, 0.490977612324059, 0.4910748824477196, 0.0, -0.0, 0.014964062720537186, 0.6031746031746031, 0.013869544491171837, 0.8, 0.03312685340642929, 0.19618039950728416]
[0.4642857142857143, 0.5, 0.3333333333333333, 0.42424242424242425, 0.6153846153846154, 0.5869565217391305, 0.09330025315284729, 0.09175742417573929, 0.4520568729130761, 0.45204173242156864, 0.19709897360427886, 0.8020075415511382, 0.18948966903345926, 0.18948966903345926, 0.8710632920265198, 0.0, 0.0, 0.0, 0.054201252013444896, 0.4910418903455138, 0.49118508491665125, 0.0, -0.0, 0.014522483572363853, 0.6031746031746031, 0.01338204089552164, 0.8, 0.031240340322256088, 0.17855064943432808]
[0.4642857142857143, 0.5, 0.3333333333333333, 0.42424242424242425, 0.6153846153846154, 0.5869565217391305, 0.09364242106676102, 0.09205834567546844, 0.44936595113509925, 0.4493507707552062, 0.20153264744103977, 0.7973392100402041, 0.1893854034798486, 0.1893854034798486, 0.8706693649291992, 0.0, 0.0, 0.0, 0.05393934734165668, 0.49103321973234415, 0.4911837661638856, 0.0, -0.0, 0.01441142987459898, 0.6031746031746031, 0.013263307511806488, 0.8, 0.030747760087251663, 0.1764766313135624]
[0.4642857142857143, 0.5, 0.3333333333333333, 0.42424242424242425, 0.6153846153846154, 0.5869565217391305, 0.16818095743656158, 0.1676831841468811, 0.4158088552336392, 0.41579140691410743, 0.44202540549903707, 0.5425135948639248, 0.18042270094156265, 0.18042270094156265, 0.8693643361330032, 0.0, 0.0, 0.0, 0.05422255955636501, 0.49058572202920914, 0.49089393578469753, 0.0, -0.0, 0.014830403961241245, 0.6031746031746031, 0.013584189116954803, 0.8, 0.028534360229969025, 0.09271492250263691]
[0.4642857142857143, 0.5, 0.3333333333333333, 0.42424242424242425, 0.6153846153846154, 0.5869565217391305, 0.17002856731414795, 0.16952598094940186, 0.4211736151638724, 0.42115624662111184, 0.42711146292677343, 0.5574003105857696, 0.1792039615767343, 0.1792039615767343, 0.8759074509143829, 0.0, 0.0, 0.0, 0.05492352582514286, 0.49014724884182215, 0.4905893187969923, 0.0, -0.0, 0.016701361164450645, 0.6031746031746031, 0.01539760734885931, 0.8, 0.029742132872343063, 0.04413085989654064]
[0.4642857142857143, 0.5, 0.3333333333333333, 0.42424242424242425, 0.6153846153846154, 0.5869565217391305, 0.17027972638607025, 0.16982202231884003, 0.4279637694586759, 0.427946383820893, 0.4761225915661733, 0.5075616619504382, 0.17914950315441405, 0.17914950315441405, 0.882786575704813, 0.0, 0.0, 0.0, 0.05606837533414363, 0.48959275241941214, 0.4902751063928008, 0.0, -0.0, 0.020972639322280884, 0.6031746031746031, 0.020019078627228737, 0.8, 0.033519431948661804, 0.0]
[0.4642857142857143, 0.5, 0.3333333333333333, 0.42424242424242425, 0.6153846153846154, 0.5869565217391305, 0.15252146124839783, 0.15154395997524261, 0.4324061446618396, 0.432388861594191, 0.4687064987523606, 0.5150634278936044, 0.17772595265081953, 0.17772595265081953, 0.883984699845314, 0.0, 0.0, 0.0, 0.05606960095465183, 0.48946460150182247, 0.49028043262660503, 0.0, -0.0, 0.02280837669968605, 0.6031746031746031, 0.022171154618263245, 0.8, 0.035691164433956146, 0.0]
[0.4642857142857143, 0.5, 0.3333333333333333, 0.42424242424242425, 0.6153846153846154, 0.5869565217391305, 0.14125657081604004, 0.13995283842086792, 0.4356198265265324, 0.4356030620078968, 0.43821527830273427, 0.547505731029396, 0.16643712030989785, 0.16643712030989785, 0.8841667771339417, 0.0, 0.0, 0.0, 0.05369608774781227, 0.48919796850532293, 0.4902569893747568, 0.0, -0.0, 0.024779343977570534, 0.6031746031746031, 0.024646203964948654, 0.8, 0.03761548176407814, 0.0]
[0.4642857142857143, 0.5, 0.3333333333333333, 0.42424242424242425, 0.6153846153846154, 0.5869565217391305, 0.13537073135375977, 0.13372106850147247, 0.4370381492501691, 0.4370216810452551, 0.42500599438100195, 0.5619231066507268, 0.15884488821029663, 0.15884488821029663, 0.882712833583355, 0.0, 0.0, 0.0, 0.05227805525064468, 0.4892160100862384, 0.4903881484642625, 0.0, -0.0, 0.024472976103425026, 0.6031746031746031, 0.024535441771149635, 0.8, 0.03872831165790558, 0.0]
[0.4642857142857143, 0.5, 0.3333333333333333, 0.42424242424242425, 0.6153846153846154, 0.5869565217391305, 0.05117245018482208, 0.04961026459932327, 0.4673282695545977, 0.4673128299001982, 0.3908343096308225, 0.598430663809443, 0.1620100225721087, 0.1620100225721087, 0.8852491714060307, 0.0, 0.0, 0.0, 0.05081146992743015, 0.48969081323593855, 0.4909527311101556, 0.0, -0.0, 0.0239265076816082, 0.6031746031746031, 0.024252604693174362, 0.8, 0.04118330404162407, 0.0]
[0.4642857142857143, 0.5, 0.3333333333333333, 0.42424242424242425, 0.6153846153846154, 0.5869565217391305, 0.02511805295944214, 0.024758806452155113, 0.47616811276165977, 0.4761529266834259, 0.3848427664025564, 0.6048613724648788, 0.16014635562896729, 0.16014635562896729, 0.8883913643658161, 0.0, 0.0, 0.0, 0.04960034564137458, 0.4900379432365298, 0.49130115006119013, 0.0, -0.0, 0.02366636134684086, 0.6031746031746031, 0.024126067757606506, 0.8, 0.04166155308485031, 0.0]
[0.4642857142857143, 0.5, 0.3333333333333333, 0.42424242424242425, 0.6153846153846154, 0.5869565217391305, 0.0, 0.0, 0.5087896066345631, 0.5087754825845959, 0.36229163966716815, 0.6297237291340112, 0.16281402536800932, 0.16281402536800932, 0.8958933316171169, 0.0, 0.0, 0.0, 0.047156124562025066, 0.4913206994533539, 0.49250369891524315, 0.0, -0.0, 0.022447196766734123, 0.6031746031746031, 0.023175252601504326, 0.8, 0.04432191699743271, 0.0]
[0.4642857142857143, 0.5, 0.3333333333333333, 0.42424242424242425, 0.6153846153846154, 0.5869565217391305, 0.0, 0.0, 0.5171598937383801, 0.5171460111556044, 0.3517994443043696, 0.6407703616600369, 0.16650985394205367, 0.16650985394205367, 0.8984926827251911, 0.0, 0.0, 0.0, 0.04675638973712921, 0.4923390890471637, 0.49341983115300536, 0.0, -0.0, 0.02167709916830063, 0.6031746031746031, 0.02280166558921337, 0.8, 0.048045337200164795, 0.0]
[0.4642857142857143, 0.5, 0.3333333333333333, 0.42424242424242425, 0.6153846153846154, 0.5869565217391305, 0.0, 0.0, 0.5125329108128812, 0.5125189584254307, 0.3435693876693171, 0.6493768620850657, 0.1698418174471174, 0.1698418174471174, 0.8988238200545311, 0.0, 0.0, 0.0, 0.04675133991986513, 0.4926270260475576, 0.49365437822416425, 0.0, -0.0, 0.021606842055916786, 0.6031746031746031, 0.02301318384706974, 0.8, 0.04833146557211876, 0.0]
[0.4642857142857143, 0.5, 0.3333333333333333, 0.42424242424242425, 0.6153846153846154, 0.5869565217391305, 0.2667720913887024, 0.26315686106681824, 0.3728829975565806, 0.3728665065583034, 0.472926370842279, 0.5184373300065908, 0.1754208068762507, 0.1754208068762507, 0.8874512873589993, 0.0, 0.0, 0.0, 0.04611774105578661, 0.492128849029541, 0.49323718482628465, 0.0, -0.0, 0.022016970440745354, 0.6031746031746031, 0.023674143478274345, 0.8, 0.04450298100709915, 0.0]
[0.4642857142857143, 0.5, 0.3333333333333333, 0.42424242424242425, 0.6153846153846154, 0.5869565217391305, 0.208034947514534, 0.20541509985923767, 0.39684145491620093, 0.39682537419846137, 0.5473909322208018, 0.44476081212159047, 0.1722648899470057, 0.1722648899470057, 0.8831381574273109, 0.0, 0.0, 0.0, 0.043209626525640484, 0.4910638052970171, 0.4922705041244626, 0.0, -0.0, 0.02356058359146118, 0.6031746031746031, 0.02580413408577442, 0.8, 0.03632497042417526, 0.0]
[0.4642857142857143, 0.5, 0.3333333333333333, 0.42424242424242425, 0.6153846153846154, 0.5869565217391305, 0.17047397792339325, 0.16867640614509583, 0.412913847379885, 0.4128982567194543, 0.5742704018124203, 0.41910200405708414, 0.16475755189146316, 0.16475755189146316, 0.883371151983738, 0.0, 0.0, 0.0, 0.04051694609224796, 0.49022201262414455, 0.49150500912219286, 0.0, -0.0, 0.02425643987953663, 0.6031746031746031, 0.02711133100092411, 0.8, 0.03284766152501106, 0.0]
[0.4642857142857143, 0.5, 0.3333333333333333, 0.42424242424242425, 0.6153846153846154, 0.5869565217391305, 0.32127058506011963, 0.31764331459999084, 0.3727613949638936, 0.3727452686594276, 0.49536787360963586, 0.49751477482619244, 0.16218571790627073, 0.16218571790627073, 0.8837899565696716, 0.0, 0.0, 0.0, 0.039417221583426, 0.48966591712087393, 0.49099803157150745, 0.0, -0.0, 0.024949049577116966, 0.6031746031746031, 0.028344295918941498, 0.8, 0.031036971136927605, 0.0]
[0.4642857142857143, 0.5, 0.3333333333333333, 0.42424242424242425, 0.6153846153846154, 0.5869565217391305, 0.8974050283432007, 0.8955157995223999, 0.3548673398180172, 0.3548514528438648, 0.3836750054222676, 0.6117841556418188, 0.21112599543162755, 0.21112599543162755, 0.8576987907290459, 0.0, 0.0, 0.0, 0.039888608269393444, 0.4887303849682212, 0.49027850292623043, 0.0, -0.0, 0.025380922481417656, 0.6031746031746031, 0.029162520542740822, 0.8, 0.031242452561855316, 0.0]
[0.4642857142857143, 0.5, 0.3333333333333333, 0.42424242424242425, 0.6153846153846154, 0.5869565217391305, 0.2554691731929779, 0.25291138887405396, 0.36592001258529167, 0.36590386348746246, 0.6154910196081858, 0.379763405769272, 0.16436219215393066, 0.16436219215393066, 0.8768695779144764, 0.0, 0.0, 0.0, 0.03969983011484146, 0.4882720410823822, 0.48990455362945795, 0.0, -0.0, 0.025696929544210434, 0.6031746031746031, 0.02968558482825756, 0.8, 0.030561275780200958, 0.0]
[0.4642857142857143, 0.5, 0.3333333333333333, 0.42424242424242425, 0.6153846153846154, 0.5869565217391305, 0.19408701360225677, 0.19210822880268097, 0.3716611365287299, 0.37164536352139355, 0.6822943897137906, 0.31644095831523156, 0.14876209731612888, 0.14876209731612888, 0.885877501219511, 0.0, 0.0, 0.0, 0.03749251756817102, 0.488503772765398, 0.4900532951578498, 0.0, -0.0, 0.02580290287733078, 0.6031746031746031, 0.029866663739085197, 0.8, 0.02873738296329975, 0.0]
[0.4642857142857143, 0.5, 0.3333333333333333, 0.42424242424242425, 0.6153846153846154, 0.5869565217391305, 0.18591368198394775, 0.1838994324207306, 0.3713245583309954, 0.3713087853236591, 0.6885744627301598, 0.31039991929877053, 0.14485171330826624, 0.14485171330826624, 0.8872868567705154, 0.0, 0.0, 0.0, 0.03640980180352926, 0.4886480187997222, 0.4901348603889346, 0.0, -0.0, 0.026299873366951942, 0.6031746031746031, 0.03049592301249504, 0.8, 0.027653604745864868, 0.0]
[0.4642857142857143, 0.5, 0.3333333333333333, 0.42424242424242425, 0.6153846153846154, 0.5869565217391305, 0.18425720930099487, 0.18228240311145782, 0.3780016917343577, 0.37798588453697657, 0.6757684218951895, 0.32217301050011515, 0.14577240816184453, 0.14577240816184453, 0.8863471783697605, 0.0, 0.0, 0.0, 0.03689071182161569, 0.48859367799013853, 0.49004347436130047, 0.0, -0.0, 0.026648813858628273, 0.6031746031746031, 0.030935611575841904, 0.8, 0.027343874797225, 0.0]
[0.4642857142857143, 0.5, 0.3333333333333333, 0.42424242424242425, 0.6153846153846154, 0.5869565217391305, 0.1831541657447815, 0.181224524974823, 0.37569370415652914, 0.37567756645538153, 0.679963301062356, 0.3170405605276451, 0.14968182359422957, 0.14968182359422957, 0.8845592625439167, 0.0, 0.0, 0.0, 0.03853591959923505, 0.48879839945584536, 0.4902283940464258, 0.0, -0.0, 0.026093393564224243, 0.6031746031746031, 0.03018416464328766, 0.8, 0.028387730941176414, 0.0]
[0.4642857142857143, 0.5, 0.3333333333333333, 0.42424242424242425, 0.6153846153846154, 0.5869565217391305, 0.1851269155740738, 0.18314878642559052, 0.36783318492240247, 0.3678166369407172, 0.6906384017681757, 0.30587491245565585, 0.1549976585166795, 0.1549976585166795, 0.8827724866569042, 0.0, 0.0, 0.0, 0.040649328753352164, 0.48899647034704685, 0.4904328742995858, 0.0, -0.0, 0.025951312854886055, 0.6031746031746031, 0.02974209189414978, 0.8, 0.02984345331788063, 0.0]
[0.4642857142857143, 0.5, 0.3333333333333333, 0.42424242424242425, 0.6153846153846154, 0.5869565217391305, 0.19440284371376038, 0.19229231774806976, 0.3684824310798718, 0.36846573494132573, 0.6817050217214552, 0.31390515107219075, 0.15767636575869154, 0.15767636575869154, 0.8825985789299011, 0.0, 0.0, 0.0, 0.042039424926042554, 0.4890108313411474, 0.4904668778181076, 0.0, -0.0, 0.026396600529551506, 0.6031746031746031, 0.029953964054584503, 0.8, 0.030492223799228668, 0.0]
[0.4642857142857143, 0.5, 0.3333333333333333, 0.42424242424242425, 0.6153846153846154, 0.5869565217391305, 0.2516668736934662, 0.24750401079654694, 0.36971081100959846, 0.3696938755407388, 0.5631251196104528, 0.42763571387672467, 0.16724087297916412, 0.16724087297916412, 0.8822487220168114, 0.0, 0.0, 0.0, 0.042789283022284505, 0.4887947514653206, 0.4902534242719412, 0.0, -0.0, 0.026530632749199867, 0.6031746031746031, 0.02972855605185032, 0.8, 0.030698327347636223, 0.0]
[0.4642857142857143, 0.5, 0.3333333333333333, 0.42424242424242425, 0.6153846153846154, 0.5869565217391305, 0.3637619614601135, 0.35534369945526123, 0.3533532678739063, 0.35333618424818575, 0.5259915313346892, 0.46451742124324497, 0.17989904220615116, 0.17989904220615116, 0.8767849542200565, 0.0, 0.0, 0.0, 0.04435533657670021, 0.48804517555981874, 0.4895109925419092, 0.0, -0.0, 0.026873555034399033, 0.6031746031746031, 0.02970569021999836, 0.8, 0.0316905677318573, 0.0]
[0.4642857142857143, 0.5, 0.3333333333333333, 0.42424242424242425, 0.6153846153846154, 0.5869565217391305, 0.7561029195785522, 0.736542284488678, 0.32366485531881706, 0.3236476007428726, 0.41214760288909563, 0.5796408237913548, 0.25439459298338213, 0.25439459298338213, 0.862113244831562, 0.0, 0.0, 0.0, 0.04586366470903158, 0.48709773272275925, 0.488668967038393, 0.0, -0.0, 0.02823283150792122, 0.6031746031746031, 0.030932873487472534, 0.8, 0.03338393196463585, 0.0]
[0.4642857142857143, 0.5, 0.3333333333333333, 0.42424242424242425, 0.6153846153846154, 0.5869565217391305, 0.0, 0.0, 0.5084639913322365, 0.5084480331288241, 0.46262138876814685, 0.5264347832193288, 0.18544590366738184, 0.18544590366738184, 0.8801350370049477, 0.0, 0.0, 0.0, 0.0467979134991765, 0.48775218799710274, 0.4892973890528083, 0.0, -0.0, 0.027960442006587982, 0.6031746031746031, 0.030173631384968758, 0.8, 0.03615216910839081, 0.0]
[0.4642857142857143, 0.5, 0.3333333333333333, 0.42424242424242425, 0.6153846153846154, 0.5869565217391305, 0.0, 0.0, 0.5255810969418367, 0.5255653866162492, 0.48250752829912746, 0.5059305745779847, 0.15724583928074157, 0.15724583928074157, 0.8884667046368122, 0.0, 0.0, 0.0, 0.045228819362819195, 0.48920232988893986, 0.49070024490356445, 0.0, -0.0, 0.02659960649907589, 0.6031746031746031, 0.028169939294457436, 0.8, 0.03753944858908653, 0.0]
[0.4642857142857143, 0.5, 0.3333333333333333, 0.42424242424242425, 0.6153846153846154, 0.5869565217391305, 0.0, 0.0, 0.5938001428917763, 0.5937872019598178, 0.6662958078584981, 0.3313393615121317, 0.19168910171304432, 0.19168910171304432, 0.8981904722750187, 0.0, 0.0, 0.0, 0.04433249570429325, 0.4905569376423955, 0.49196548014879227, 0.0, -0.0, 0.023960277438163757, 0.6031746031746031, 0.024746660143136978, 0.8, 0.03822264075279236, 0.0]
[0.4642857142857143, 0.5, 0.3333333333333333, 0.42424242424242425, 0.6153846153846154, 0.5869565217391305, 0.0, 0.0, 0.6021390321377814, 0.6021264729946567, 0.6884792434553799, 0.3107453983048358, 0.19548943000180383, 0.19548943000180383, 0.9019372947514057, 0.0, 0.0, 0.0, 0.04567228015512228, 0.4917846852913499, 0.49313613632693887, 0.0, -0.0, 0.02065226621925831, 0.6031746031746031, 0.02060151845216751, 0.8, 0.04211852326989174, 0.0]
[0.4642857142857143, 0.5, 0.3333333333333333, 0.42424242424242425, 0.6153846153846154, 0.5869565217391305, 0.0, 0.0, 0.5997488516922435, 0.5997362355657108, 0.7019820888001422, 0.29793224594054624, 0.194945079939706, 0.194945079939706, 0.9025281630456448, 0.0, 0.0, 0.0, 0.046247452124953264, 0.4920968543738127, 0.49340677028521895, 0.0, -0.0, 0.01978377066552639, 0.6031746031746031, 0.01954761892557144, 0.8, 0.04280044138431549, 0.0]
[0.4642857142857143, 0.5, 0.3333333333333333, 0.42424242424242425, 0.6153846153846154, 0.5869565217391305, 0.9665870070457458, 0.9667674899101257, 0.3768245740784742, 0.3768068750319472, 0.5045911168562067, 0.4881903689353867, 0.2091000441993986, 0.2091000441993986, 0.8777143359184265, 0.0, 0.0, 0.0, 0.04816190134733915, 0.49173044320195913, 0.4928035829216242, 0.0, -0.0, 0.019862806424498558, 0.6031746031746031, 0.01970530115067959, 0.8, 0.03544728457927704, 0.0]
[0.4642857142857143, 0.5, 0.3333333333333333, 0.42424242424242425, 0.6153846153846154, 0.5869565217391305, 0.2499745637178421, 0.24959594011306763, 0.3946370517774476, 0.39461815607935247, 0.4829849409897514, 0.5041451077565586, 0.1634956044810159, 0.1634956044810159, 0.8754928223788738, 0.0, 0.0, 0.0, 0.04822131916880607, 0.4909035312011838, 0.49179178662598133, 0.0, -0.0, 0.02051137015223503, 0.6031746031746031, 0.02026638574898243, 0.8, 0.031170550733804703, 0.0]
[0.4642857142857143, 0.5, 0.3333333333333333, 0.42424242424242425, 0.6153846153846154, 0.5869565217391305, 0.08408313244581223, 0.0829782485961914, 0.4550539978831494, 0.4550360338637751, 0.5095249169700232, 0.47654920572026005, 0.13789696352822442, 0.13789696352822442, 0.8825191669166088, 0.0, 0.0, 0.0, 0.04586625415831804, 0.4910901356488466, 0.4918026952072978, 0.0, -0.0, 0.018748898059129715, 0.6031746031746031, 0.0179311390966177, 0.8, 0.02629394270479679, 0.03574382280930877]
[0.4642857142857143, 0.5, 0.3333333333333333, 0.42424242424242425, 0.6153846153846154, 0.5869565217391305, 0.9215770959854126, 0.9210191965103149, 0.3333501314341908, 0.33333168020667814, 0.5281136276389171, 0.4648987827013323, 0.1946498772927693, 0.1946498772927693, 0.866205632686615, 0.0, 0.0, 0.0, 0.04679550267755985, 0.4904134478420019, 0.49108709674328566, 0.0, -0.0, 0.01994999125599861, 0.6031746031746031, 0.01916019432246685, 0.8, 0.024720976129174232, 0.0486306007951498]
[0.4642857142857143, 0.5, 0.3333333333333333, 0.42424242424242425, 0.6153846153846154, 0.5869565217391305, 0.23798826336860657, 0.23730184137821198, 0.3694767117728239, 0.36945765652118634, 0.3147257997246591, 0.6763623407597701, 0.18132438617093224, 0.18132438617093224, 0.8629437759518623, 0.0, 0.0, 0.0, 0.04943017475306988, 0.4896245086565614, 0.4902637954801321, 0.0, -0.0, 0.0210120789706707, 0.6031746031746031, 0.02035360410809517, 0.8, 0.024848753586411476, 0.05984311457723379]
[0.4642857142857143, 0.5, 0.3333333333333333, 0.42424242424242425, 0.6153846153846154, 0.5869565217391305, 0.19760440289974213, 0.19694384932518005, 0.38501038879554994, 0.3849916412543156, 0.30685788404417313, 0.6846257668785516, 0.17910537975175042, 0.17910537975175042, 0.8632621094584465, 0.0, 0.0, 0.0, 0.049653049930930136, 0.4895760165527463, 0.49020164366811514, 0.0, -0.0, 0.020567838102579117, 0.6031746031746031, 0.019831648096442223, 0.8, 0.024567177519202232, 0.07341095246374607]
[0.4642857142857143, 0.5, 0.3333333333333333, 0.42424242424242425, 0.6153846153846154, 0.5869565217391305, 0.14286954700946808, 0.1422985941171646, 0.41663114860454437, 0.4166125948068973, 0.3106829522900554, 0.6788765171011315, 0.18282094172069005, 0.18282094172069005, 0.8643466457724571, 0.0, 0.0, 0.0, 0.10865926370024681, 0.48905034735798836, 0.4898635959252715, 0.16325314342975616, 0.16325314342975616, 0.019921399652957916, 0.6031746031746031, 0.018824758008122444, 0.8, 0.02568846568465233, 0.09097850881516933]
[0.4642857142857143, 0.5, 0.3333333333333333, 0.42424242424242425, 0.6153846153846154, 0.5869565217391305, 0.1353776603937149, 0.13497011363506317, 0.4222731214180503, 0.42225457331874405, 0.309929574652794, 0.6792830481305354, 0.1860134942190988, 0.1860134942190988, 0.8665364906191826, 0.0, 0.0, 0.0, 0.12302582561969756, 0.4882666915655136, 0.48917877674102783, 0.1833401918411255, 0.1833401918411255, 0.021361473947763443, 0.6031746031746031, 0.02001049928367138, 0.8, 0.02798953279852867, 0.1022831629961729]
[0.4642857142857143, 0.5, 0.3333333333333333, 0.42424242424242425, 0.6153846153846154, 0.5869565217391305, 0.12633560597896576, 0.12571991980075836, 0.42662268774459283, 0.4266042935004882, 0.30881644936410235, 0.6806956896083938, 0.18748799072844644, 0.18748799072844644, 0.8698993846774101, 0.0, 0.0, 0.0, 0.12314280197024345, 0.48751142993569374, 0.48857366759330034, 0.18365654349327087, 0.18365654349327087, 0.02389356680214405, 0.6031746031746031, 0.02211114950478077, 0.8, 0.03077561780810356, 0.11006086133420467]
[0.4642857142857143, 0.5, 0.3333333333333333, 0.42424242424242425, 0.6153846153846154, 0.5869565217391305, 0.12434515357017517, 0.12371089309453964, 0.42869275819731034, 0.42867444942831767, 0.31248855134953046, 0.6769547060793668, 0.18625253545386453, 0.18625253545386453, 0.8744589537382126, 0.0, 0.0, 0.0, 0.12368713915348052, 0.48669064976274967, 0.48796035908162594, 0.18400265276432037, 0.18400265276432037, 0.027887912467122078, 0.57528413288177, 0.025093823671340942, 0.8, 0.03225717693567276, 0.11811140924692154]
[0.4642857142857143, 0.5, 0.3333333333333333, 0.42424242424242425, 0.6153846153846154, 0.5869565217391305, 0.7548789978027344, 0.7539739012718201, 0.27642705745952306, 0.27640672577954617, 0.49320069844362613, 0.4961642338663802, 0.18376423844269346, 0.18376423844269346, 0.8719453141093254, 0.0, 0.0, 0.0, 0.1398384392261505, 0.47590089961886406, 0.4801590535789728, 0.2089119553565979, 0.2089119553565979, 0.0, 0.5, 0.0, 0.6976744186046512, 0.03417031094431877, 0.1291102170944214]
[0.4642857142857143, 0.5, 0.3333333333333333, 0.42424242424242425, 0.6153846153846154, 0.5869565217391305, 0.19615411758422852, 0.19565975666046143, 0.3965532556318644, 0.39653593267583026, 0.2083043049216043, 0.7917502317961447, 0.1525886356830597, 0.1525886356830597, 0.8921129740774632, 0.0, 0.0, 0.0, 0.08665173761546612, 0.48177751898765564, 0.4839174095541239, 0.12772881984710693, 0.12772881984710693, 0.0, 0.5, 0.0, 0.6976744186046512, 0.034043796360492706, 0.09914199821650982]
[0.4642857142857143, 0.5, 0.3333333333333333, 0.42424242424242425, 0.6153846153846154, 0.5869565217391305, 0.1576048880815506, 0.15692026913166046, 0.41251110004877267, 0.412494221563321, 0.1909442184987989, 0.8104225093451736, 0.1415390308414187, 0.1415390308414187, 0.8932832702994347, 0.0, 0.0, 0.0, 0.07396223656833172, 0.48396648466587067, 0.48600140307098627, 0.10972518473863602, 0.10972518473863602, 0.0, 0.5, 0.0, 0.6976744186046512, 0.03283790871500969, 0.08689453825354576]
[0.4642857142857143, 0.5, 0.3333333333333333, 0.42424242424242425, 0.6153846153846154, 0.5869565217391305, 0.14933185279369354, 0.14776264131069183, 0.4173517208938161, 0.41733515011876765, 0.17338318578599743, 0.8297413206414506, 0.14134822679417475, 0.14134822679417475, 0.8889460563659668, 0.0, 0.0, 0.0, 0.07037841007113456, 0.4849060568958521, 0.48713151551783085, 0.1054106280207634, -0.0, 0.0, 0.5, 0.03841870278120041, 0.7374200118748948, 0.031950194388628006, 0.07800547406077385]
[0.4642857142857143, 0.5, 0.3333333333333333, 0.42424242424242425, 0.6153846153846154, 0.5869565217391305, 0.14446938037872314, 0.14275744557380676, 0.418843005173065, 0.41882663953828536, 0.16542285441440563, 0.8387993347981642, 0.13750533440283366, 0.13750533440283366, 0.8914746530354023, 0.0, 0.0, 0.0, 0.06721146926283836, 0.4858878832310438, 0.48808805271983147, 0.10070734471082687, -0.0, 0.0, 0.5, 0.03781598433852196, 0.7367525028801242, 0.03166031092405319, 0.07153524085879326]
[0.4642857142857143, 0.5, 0.3333333333333333, 0.42424242424242425, 0.6153846153846154, 0.5869565217391305, 0.14138878881931305, 0.13968677818775177, 0.42380427128954096, 0.42378571749189387, 0.15739806341167617, 0.8464928242667404, 0.13645702706915994, 0.13645702706915994, 0.8905486911535263, 0.0, 0.0, 0.0, 0.0655733361840248, 0.4863369259983301, 0.48855630680918694, 0.0, -0.0, 0.0385996513068676, 0.48456013947725296, 0.03661860153079033, 0.7495147518293802, 0.031003795564174652, 0.06954207085072994]
[0.4642857142857143, 0.5, 0.3333333333333333, 0.42424242424242425, 0.6153846153846154, 0.5869565217391305, 0.13983894884586334, 0.13818752765655518, 0.4171322549962177, 0.41711365561184416, 0.17481237524554105, 0.828321681601089, 0.13534862015928542, 0.13534862015928542, 0.8909555785357952, 0.0, 0.0, 0.0, 0.06409267447888851, 0.48646900337189436, 0.4887158190831542, 0.0, -0.0, 0.0, 0.5, 0.0, 0.6976744186046512, 0.030465593561530113, 0.06643189582973719]
[0.4642857142857143, 0.5, 0.3333333333333333, 0.42424242424242425, 0.6153846153846154, 0.5869565217391305, 0.14107714593410492, 0.13978220522403717, 0.4131817092859038, 0.4131629389513063, 0.18442246745239022, 0.8178376690556802, 0.13338903231280191, 0.13338903231280191, 0.8932364694774151, 0.0, 0.0, 0.0, 0.06341656222939492, 0.4865284189581871, 0.4888070784509182, 0.0, -0.0, 0.0, 0.5, 0.03608429431915283, 0.7421557603100705, 0.029874341562390327, 0.0663309870287776]
[0.4642857142857143, 0.5, 0.3333333333333333, 0.42424242424242425, 0.6153846153846154, 0.5869565217391305, 0.1971088945865631, 0.19643735885620117, 0.3712960324369471, 0.37127458388217316, 0.4729478564362681, 0.5145235385944414, 0.13275523803063802, 0.13275523803063802, 0.8892892487347126, 0.0, 0.0, 0.0, 0.0667155910283327, 0.48546670097857714, 0.4880141029134393, 0.0, -0.0, 0.0, 0.5, 0.0, 0.6976744186046512, 0.028680497780442238, 0.07245639339089394]
[0.4642857142857143, 0.5, 0.3333333333333333, 0.42424242424242425, 0.6153846153846154, 0.5869565217391305, 0.2175014615058899, 0.2167699784040451, 0.35228233310050305, 0.35226087314904764, 0.5732523818316925, 0.4164883118919792, 0.13173640838691167, 0.13173640838691167, 0.8775709569454193, 0.0, 0.0, 0.0, 0.06728343404829501, 0.4826414454728365, 0.48636890947818756, 0.0, -0.0, 0.0, 0.5, 0.0, 0.6976744186046512, 0.026469500735402107, 0.07861844263970852]
[0.4642857142857143, 0.5, 0.3333333333333333, 0.42424242424242425, 0.6153846153846154, 0.5869565217391305, 0.22076892852783203, 0.22001734375953674, 0.34997545100078986, 0.34995391127256315, 0.5696673618903807, 0.4198036065698303, 0.12743163321699416, 0.12743163321699416, 0.8748111501336098, 0.0, 0.0, 0.0, 0.06570472531020641, 0.480636702850461, 0.4848282774910331, 0.0, -0.0, 0.0, 0.5, 0.0, 0.6976744186046512, 0.024085430428385735, 0.0778004340827465]
[0.4642857142857143, 0.5, 0.3333333333333333, 0.42424242424242425, 0.6153846153846154, 0.5869565217391305, 0.22346775233745575, 0.22274599969387054, 0.347171502633031, 0.34714992871475947, 0.5632507281367227, 0.4262390049597451, 0.12307701366288322, 0.12307701366288322, 0.8717561289668083, 0.0, 0.0, 0.0, 0.06616869568824768, 0.4784150328487158, 0.48305399529635906, 0.0, -0.0, 0.0, 0.5, 0.0, 0.6976744186046512, 0.022204644978046417, 0.07564596366137266]
[0.4642857142857143, 0.5, 0.3333333333333333, 0.42424242424242425, 0.6153846153846154, 0.5869565217391305, 0.22626636922359467, 0.22571077942848206, 0.34672193773390003, 0.3467005689558974, 0.5533985020325699, 0.43642429908369923, 0.11892892420291902, 0.11892892420291902, 0.8698133006691933, 0.0, 0.0, 0.0, 0.06570847518742085, 0.47728386893868446, 0.48209403455257416, 0.0, -0.0, 0.0, 0.5, 0.0, 0.6976744186046512, 0.02085668034851551, 0.07085003890097141]
[0.4642857142857143, 0.5, 0.3333333333333333, 0.42424242424242425, 0.6153846153846154, 0.5869565217391305, 0.2963508367538452, 0.29593363404273987, 0.33480862176213166, 0.334787480917761, 0.5670301754661545, 0.424329901237966, 0.11123969086578915, 0.11123969086578915, 0.8707091026008129, 0.0, 0.0, 0.0, 0.06407702043652534, 0.47741805016994476, 0.4819807633757591, 0.0, -0.0, 0.11309532076120377, 0.4547618716955185, 0.0, 0.6976744186046512, 0.019940296187996864, 0.06329342257231474]
[0.4642857142857143, 0.5, 0.3333333333333333, 0.42424242424242425, 0.6153846153846154, 0.5869565217391305, 0.3049679100513458, 0.30442574620246887, 0.33187385088627014, 0.33185273283526273, 0.5419194537640529, 0.4492499877977503, 0.0994906627706119, 0.0994906627706119, 0.8770730569958687, 0.0, 0.0, 0.0, 0.06158912032842636, 0.47855037450790405, 0.48253267630934715, 0.0, -0.0, 0.11856462806463242, 0.45257414877414703, 0.0, 0.6976744186046512, 0.019543468952178955, 0.05340175237506628]
[0.4642857142857143, 0.5, 0.3333333333333333, 0.42424242424242425, 0.6153846153846154, 0.5869565217391305, 0.2886069118976593, 0.28819364309310913, 0.3325191765852685, 0.3324994831194613, 0.5224438939336153, 0.46869651030805276, 0.09173557960561345, 0.09173557960561345, 0.8815088421106339, 0.0, 0.0, 0.0, 0.059148935973644255, 0.47923812828958035, 0.48274726420640945, 0.0, -0.0, 0.12381736934185028, 0.4504730522632599, 0.0, 0.6976744186046512, 0.019458254799246788, 0.04500051029026508]
[0.4642857142857143, 0.5, 0.3333333333333333, 0.42424242424242425, 0.6153846153846154, 0.5869565217391305, 0.28540894389152527, 0.2849796414375305, 0.3346188328234233, 0.3345991507542977, 0.49735492920898344, 0.4932371272588957, 0.08891140509928977, 0.08891140509928977, 0.8837560042738914, 0.0, 0.0, 0.0, 0.060225831344723695, 0.4798290506005287, 0.48284453712403774, 0.0, -0.0, 0.0, 0.5, 0.0, 0.6976744186046512, 0.019740382209420204, 0.038155727088451385]
[0.4642857142857143, 0.5, 0.3333333333333333, 0.42424242424242425, 0.6153846153846154, 0.5869565217391305, 0.41342660784721375, 0.4131176173686981, 0.3359879845642907, 0.33596783523121937, 0.4761810722132258, 0.512871934345935, 0.09669568921838488, 0.09669568921838488, 0.8855761364102364, 0.0, 0.0, 0.0, 0.07529360204935073, 0.48092062398791313, 0.4833305459469557, 0.11562778800725937, -0.0, 0.06123648211359978, 0.4928351801539224, 0.056205857545137405, 0.7568056248994761, 0.020563190802931786, 0.02125652739778161]
[0.4642857142857143, 0.5, 0.3333333333333333, 0.42424242424242425, 0.6153846153846154, 0.5869565217391305, 0.9825113415718079, 0.9824703335762024, 0.3775721963915269, 0.37755359700715335, 0.44867878821794205, 0.5434083682806446, 0.16904114612511228, 0.16904114612511228, 0.8572138845920563, 0.0, 0.0, 0.0, 0.0593901876360178, 0.48190601356327534, 0.48403824493288994, 0.0, -0.0, 0.057746272534132004, 0.6031746031746031, 0.0551614910364151, 0.8, 0.021748071536421776, 0.0]
[0.4642857142857143, 0.5, 0.3333333333333333, 0.42424242424242425, 0.6153846153846154, 0.5869565217391305, 0.5516823530197144, 0.5511559247970581, 0.2924228927145497, 0.29240194561376626, 0.4664072239376163, 0.5221818835461295, 0.1652358365910394, 0.1652358365910394, 0.8657015189528465, 0.0, 0.0, 0.0, 0.05812454670667648, 0.48333020508289337, 0.4849514728412032, 0.0, -0.0, 0.05103592574596405, 0.6031746031746031, 0.05107409134507179, 0.8, 0.02280052937567234, 0.0]
[0.4642857142857143, 0.5, 0.3333333333333333, 0.42424242424242425, 0.6153846153846154, 0.5869565217391305, 0.43751391768455505, 0.4359023869037628, 0.31511258030484784, 0.3150919295177861, 0.4884540987972092, 0.5000129160365406, 0.15594323298760823, 0.15594323298760823, 0.8680857568979263, 0.0, 0.0, 0.0, 0.05797222293913364, 0.48408510349690914, 0.48532402981072664, 0.0, -0.0, 0.047730401158332825, 0.6031746031746031, 0.04778824746608734, 0.8, 0.02343055233359337, 0.0]
[0.4642857142857143, 0.5, 0.3333333333333333, 0.42424242424242425, 0.6153846153846154, 0.5869565217391305, 0.4043388366699219, 0.40243229269981384, 0.3246905452662626, 0.3246700768261065, 0.502818956728989, 0.48586563963228563, 0.1545533963612148, 0.1545533963612148, 0.870846800506115, 0.0, 0.0, 0.0, 0.05768470279872417, 0.48523221258074045, 0.48626665584743023, 0.0, -0.0, 0.04104670509696007, 0.6031746031746031, 0.04134991765022278, 0.8, 0.02529776841402054, 0.0]
[0.4642857142857143, 0.5, 0.3333333333333333, 0.42424242424242425, 0.6153846153846154, 0.5869565217391305, 0.36290451884269714, 0.3607005774974823, 0.33313944098142545, 0.33311912069813016, 0.5075970621455468, 0.48128820235546366, 0.15416686556168965, 0.15416686556168965, 0.8731686398386955, 0.0, 0.0, 0.0, 0.05686218366026878, 0.4861748842522502, 0.4871322875842452, 0.0, -0.0, 0.0370064377784729, 0.6031746031746031, 0.03728903457522392, 0.8, 0.027183106169104576, 0.0]
[0.4642857142857143, 0.5, 0.3333333333333333, 0.42424242424242425, 0.6153846153846154, 0.5869565217391305, 0.30996227264404297, 0.3079891502857208, 0.34359799334013663, 0.3435778098170206, 0.516323388705518, 0.4724791715016962, 0.15358118074280877, 0.15358118074280877, 0.8755946792662144, 0.0, 0.0, 0.0, 0.05545455850660801, 0.48695494793355465, 0.4878858160227537, 0.0, -0.0, 0.03360927104949951, 0.6031746031746031, 0.03398662060499191, 0.8, 0.028918476775288582, 0.0]
[0.4642857142857143, 0.5, 0.3333333333333333, 0.42424242424242425, 0.6153846153846154, 0.5869565217391305, 0.3042069971561432, 0.3020882308483124, 0.3443190727817397, 0.34429893484535, 0.5161176387142269, 0.47276113110285595, 0.15456043715987888, 0.15456043715987888, 0.8769765123724937, 0.0, 0.0, 0.0, 0.05414296463131904, 0.4873799178749323, 0.4883530158549547, 0.0, -0.0, 0.03028048202395439, 0.6031746031746031, 0.030749497935175896, 0.8, 0.03033572807908058, 0.0]
[0.4642857142857143, 0.5, 0.3333333333333333, 0.42424242424242425, 0.6153846153846154, 0.5869565217391305, 0.32337626814842224, 0.32053864002227783, 0.34017103397595494, 0.3401508846428837, 0.5089184019579258, 0.4801181050554466, 0.1562574026840074, 0.1562574026840074, 0.8776339553296566, 0.0, 0.0, 0.0, 0.054017862677574156, 0.48760036565363407, 0.48864779341965914, 0.0, -0.0, 0.028180235996842384, 0.6031746031746031, 0.0286632739007473, 0.8, 0.031737808138132095, 0.0]
[0.4642857142857143, 0.5, 0.3333333333333333, 0.42424242424242425, 0.6153846153846154, 0.5869565217391305, 0.32755792140960693, 0.3247518837451935, 0.3446369148349215, 0.344616856675303, 0.5182996345523666, 0.4709970615511364, 0.16165486936058318, 0.16165486936058318, 0.8788404501974583, 0.0, 0.0, 0.0, 0.05506136119365692, 0.48800454661250114, 0.4891731860116124, 0.0, -0.0, 0.025281887501478195, 0.6031746031746031, 0.025774911046028137, 0.8, 0.03669183328747749, 0.0]
[0.4642857142857143, 0.5, 0.3333333333333333, 0.42424242424242425, 0.6153846153846154, 0.5869565217391305, 0.32768088579177856, 0.3249119818210602, 0.345886344435566, 0.3458663660527187, 0.5208997974318255, 0.46833506455106394, 0.16564149409532547, 0.16564149409532547, 0.8803220838308334, 0.0, 0.0, 0.0, 0.05674704313278198, 0.4884240133687854, 0.4896747265011072, 0.0, -0.0, 0.024202799424529076, 0.6031746031746031, 0.02470889873802662, 0.8, 0.046943336725234985, 0.0]
[0.4642857142857143, 0.5, 0.3333333333333333, 0.42424242424242425, 0.6153846153846154, 0.5869565217391305, 0.34330853819847107, 0.34094318747520447, 0.3444557531841854, 0.34443566083452215, 0.5209394436379464, 0.4682076382540785, 0.16777305730751585, 0.16777305730751585, 0.8846542499959469, 0.0, 0.0, 0.0, 0.057484076544642444, 0.48895636945962906, 0.49032610934227705, 0.0, -0.0, 0.0235450379550457, 0.6031746031746031, 0.024004317820072174, 0.8, 0.05111228674650192, 0.0]
[0.4642857142857143, 0.5, 0.3333333333333333, 0.42424242424242425, 0.6153846153846154, 0.5869565217391305, 0.34151995182037354, 0.339334636926651, 0.3451256729220797, 0.345105364035466, 0.5193967489279935, 0.4689876898246281, 0.16804916518075128, 0.16804916518075128, 0.8878938890993595, 0.0, 0.0, 0.0, 0.05685812607407569, 0.48942882008850574, 0.4908459447324276, 0.0, -0.0, 0.022910669445991516, 0.6031746031746031, 0.023281078785657883, 0.8, 0.052286334335803986, 0.0]
[0.4642857142857143, 0.5, 0.3333333333333333, 0.42424242424242425, 0.6153846153846154, 0.5869565217391305, 0.3370565176010132, 0.3350299298763275, 0.34335166546400375, 0.343331242610574, 0.5092804225350429, 0.47867737645578157, 0.16294667231185098, 0.16294667231185098, 0.8891594409942627, 0.0, 0.0, 0.0, 0.05492356494069099, 0.48959676548838615, 0.4910376090556383, 0.0, -0.0, 0.022504599764943123, 0.6031746031746031, 0.02279810421168804, 0.8, 0.05110519006848335, 0.0]
[0.4642857142857143, 0.5, 0.3333333333333333, 0.42424242424242425, 0.6153846153846154, 0.5869565217391305, 0.3377312421798706, 0.33578869700431824, 0.34117719001113567, 0.34115664179420835, 0.504878209593989, 0.4828130213703247, 0.1612462688769613, 0.1612462688769613, 0.8883071132004261, 0.0, 0.0, 0.0, 0.05416153930127621, 0.4896156806498766, 0.4909882713109255, 0.0, -0.0, 0.02256024070084095, 0.6031746031746031, 0.022894060239195824, 0.8, 0.0504535436630249, 0.0]
[0.4642857142857143, 0.5, 0.3333333333333333, 0.42424242424242425, 0.6153846153846154, 0.5869565217391305, 0.3037680685520172, 0.30241549015045166, 0.3427405526031727, 0.342719844832703, 0.4944401228262635, 0.4923384989146242, 0.16135363174336298, 0.16135363174336298, 0.8874354250729084, 0.0, 0.0, 0.0, 0.054576182365417475, 0.48973351158201694, 0.4909927872940898, 0.0, -0.0, 0.02256065420806408, 0.6031746031746031, 0.022932711988687515, 0.8, 0.04963410645723343, 0.0]
[0.4642857142857143, 0.5, 0.3333333333333333, 0.42424242424242425, 0.6153846153846154, 0.5869565217391305, 0.3081448972225189, 0.3063811659812927, 0.34261023154906056, 0.3425891134980532, 0.5032831136543254, 0.48224033811985373, 0.1617758082492011, 0.1617758082492011, 0.8882420212030411, 0.0, 0.0, 0.0, 0.05500767901539802, 0.4897395148873329, 0.4909684034064412, 0.0, -0.0, 0.023823514580726624, 0.6031746031746031, 0.02417070046067238, 0.8, 0.04948101565241814, 0.0]
[0.4642857142857143, 0.5, 0.3333333333333333, 0.42424242424242425, 0.6153846153846154, 0.5869565217391305, 0.31043684482574463, 0.3087644577026367, 0.3425843382884622, 0.34256330001422597, 0.49676354578473597, 0.4890947981905932, 0.1538529938885144, 0.1538529938885144, 0.8877498991787434, 0.0, 0.0, 0.0, 0.05321862250566482, 0.4896458750590682, 0.4909025551751256, 0.0, -0.0, 0.02400606870651245, 0.6031746031746031, 0.024386771023273468, 0.8, 0.04684874415397644, 0.0]
[0.4642857142857143, 0.5, 0.3333333333333333, 0.42424242424242425, 0.6153846153846154, 0.5869565217391305, 0.3171762526035309, 0.3162821829319, 0.34762620743556416, 0.34760541988832316, 0.5043367461281798, 0.4821415117953471, 0.15044815306152617, 0.15044815306152617, 0.8892439231276512, 0.0, 0.0, 0.0, 0.05180636346340179, 0.48944108560681343, 0.4907623091712594, 0.0, -0.0, 0.024771178141236305, 0.6031746031746031, 0.02519947849214077, 0.8, 0.04508959874510765, 0.0]
[0.4642857142857143, 0.5, 0.3333333333333333, 0.42424242424242425, 0.6153846153846154, 0.5869565217391305, 0.33977648615837097, 0.3389027714729309, 0.3570891228962127, 0.3570682897622453, 0.4305950751951958, 0.5552428523595963, 0.1490599342754909, 0.1490599342754909, 0.8913693726062775, 0.0, 0.0, 0.0, 0.051160226762294765, 0.48935715202242136, 0.49065742921084166, 0.0, -0.0, 0.02524404786527157, 0.6031746031746031, 0.025738833472132683, 0.8, 0.04392330348491669, 0.0]
[0.4642857142857143, 0.5, 0.3333333333333333, 0.42424242424242425, 0.6153846153846154, 0.5869565217391305, 0.29865026473999023, 0.2978581190109253, 0.3622443890252487, 0.3622234647178285, 0.44547105542104515, 0.5395754106819237, 0.1482599335057395, 0.1482599335057395, 0.8941031210124493, 0.0, 0.0, 0.0, 0.051312159374356264, 0.4895519642159343, 0.4909040601924062, 0.0, -0.0, 0.024889543652534485, 0.6031746031746031, 0.02516988292336464, 0.8, 0.04411263018846512, 0.0]
[0.4642857142857143, 0.5, 0.3333333333333333, 0.42424242424242425, 0.6153846153846154, 0.5869565217391305, 0.2949162423610687, 0.2942691445350647, 0.37179589089198506, 0.3717745677007088, 0.4601344732891761, 0.5229208956662322, 0.14662907591887883, 0.14662907591887883, 0.8955477587878704, 0.0, 0.0, 0.0, 0.05262397490441799, 0.4895769124850631, 0.4908023439347744, 0.0, -0.0, 0.026931528002023697, 0.6031746031746031, 0.026979921385645866, 0.8, 0.0436299592256546, 0.0]
[0.4642857142857143, 0.5, 0.3333333333333333, 0.42424242424242425, 0.6153846153846154, 0.5869565217391305, 0.3034161329269409, 0.30321672558784485, 0.36322371727193975, 0.36320264480765874, 0.4840131353579789, 0.5003323878151914, 0.14060051845652718, 0.14060051845652718, 0.8958261981606483, 0.0, 0.0, 0.0, 0.05290344506502151, 0.4896044163033366, 0.490578374825418, 0.0, -0.0, 0.02792469412088394, 0.6031746031746031, 0.027681738138198853, 0.8, 0.041373807936906815, 0.0]
[0.4642857142857143, 0.5, 0.3333333333333333, 0.42424242424242425, 0.6153846153846154, 0.5869565217391305, 0.3394683599472046, 0.33922767639160156, 0.3476691387351567, 0.3476483169978709, 0.5017857369583948, 0.48450330880535675, 0.1370953183088984, 0.1370953183088984, 0.893120925873518, 0.0, 0.0, 0.0, 0.052230211719870565, 0.4896632665768266, 0.49037131760269403, 0.0, -0.0, 0.027136534452438354, 0.6031746031746031, 0.026664813980460167, 0.8, 0.03848884254693985, 0.0]
[0.4642857142857143, 0.5, 0.3333333333333333, 0.42424242424242425, 0.6153846153846154, 0.5869565217391305, 0.3402334153652191, 0.3401491343975067, 0.35340471249465505, 0.3533842896412253, 0.5128985092357286, 0.47453308145990286, 0.1356383093765804, 0.1356383093765804, 0.889867015182972, 0.0, 0.0, 0.0, 0.05132955275475978, 0.4900655187666416, 0.49047971703112125, 0.0, -0.0, 0.025168633088469505, 0.6031746031746031, 0.024384569376707077, 0.8, 0.03541754186153412, 0.0008805980905890465]
[0.4642857142857143, 0.5, 0.3333333333333333, 0.42424242424242425, 0.6153846153846154, 0.5869565217391305, 0.5803807973861694, 0.580380380153656, 0.3095447087151143, 0.30952442262186375, 0.5249081770275109, 0.4652541768203907, 0.13608013412782125, 0.13608013412782125, 0.8878470733761787, 0.0, 0.0, 0.0, 0.05177726931869983, 0.4906123373657465, 0.4908037632703781, 0.0, -0.0, 0.023204678669571877, 0.6031746031746031, 0.022251363843679428, 0.8, 0.03476757928729057, 0.03595877904444933]
[0.4642857142857143, 0.5, 0.3333333333333333, 0.42424242424242425, 0.6153846153846154, 0.5869565217391305, 0.5005537867546082, 0.5005915760993958, 0.3176638072580954, 0.31764345278475525, 0.5461472180559804, 0.4436719959547547, 0.17484740487166814, 0.17484740487166814, 0.8641309812664986, 0.0, 0.0, 0.0, 0.05528792887926101, 0.49046965409070253, 0.4904816038906574, 0.0, -0.0, 0.023650651797652245, 0.6031746031746031, 0.022987009957432747, 0.8, 0.03579747676849365, 0.0518601480871439]
[0.4642857142857143, 0.5, 0.3333333333333333, 0.42424242424242425, 0.6153846153846154, 0.5869565217391305, 0.21656398475170135, 0.21647173166275024, 0.40403408302175836, 0.4040142527957719, 0.5732629522538778, 0.4141997898463259, 0.1535413893205779, 0.1535413893205779, 0.8726612105965614, 0.0, 0.0, 0.0, 0.056763907149434085, 0.4910870874300599, 0.49094882141798735, 0.0, -0.0, 0.022456586360931396, 0.6031746031746031, 0.021551458165049553, 0.8, 0.03709850087761879, 0.0748659810051322]
[0.4642857142857143, 0.5, 0.3333333333333333, 0.42424242424242425, 0.6153846153846154, 0.5869565217391305, 0.1658005714416504, 0.16554409265518188, 0.4199706270407536, 0.4199503694392071, 0.5789160881170123, 0.4082916817240637, 0.1423057381595884, 0.1423057381595884, 0.8771070726215839, 0.0, 0.0, 0.0, 0.05667636655271053, 0.49195503257215023, 0.49172511510550976, 0.0, -0.0, 0.02129242941737175, 0.6031746031746031, 0.020043525844812393, 0.8, 0.037826742976903915, 0.08553316816687584]
[0.4642857142857143, 0.5, 0.3333333333333333, 0.42424242424242425, 0.6153846153846154, 0.5869565217391305, 0.14945530891418457, 0.14914585649967194, 0.4283757424035446, 0.4283556101654957, 0.583592836077309, 0.4036411632264727, 0.13656291046312877, 0.13656291046312877, 0.8868324048817158, 0.0, 0.0, 0.0, 0.05524667762219906, 0.4926641583442688, 0.4923943132162094, 0.0, -0.0, 0.020277738571166992, 0.6031746031746031, 0.018756244331598282, 0.8, 0.036764711141586304, 0.0983620434999466]
[0.4642857142857143, 0.5, 0.3333333333333333, 0.42424242424242425, 0.6153846153846154, 0.5869565217391305, 0.16499145328998566, 0.16452229022979736, 0.4052044139537483, 0.405184207637269, 0.4749160946897065, 0.5119034899301734, 0.1341674796172551, 0.1341674796172551, 0.8890092670917511, 0.0, 0.0, 0.0, 0.05379347763955593, 0.4930234393104911, 0.49274082761257887, 0.0, -0.0, 0.01992957666516304, 0.6031746031746031, 0.01821592077612877, 0.8, 0.03523348644375801, 0.10880731046199799]
[0.4642857142857143, 0.5, 0.3333333333333333, 0.42424242424242425, 0.6153846153846154, 0.5869565217391305, 0.16872693598270416, 0.16817137598991394, 0.4083319767939201, 0.4083117875724632, 0.41334114886150763, 0.5735969071127894, 0.1352411082812718, 0.1352411082812718, 0.8879974707961082, 0.0, 0.0, 0.0, 0.05232172384858131, 0.4930544928647578, 0.49275990249589086, 0.0, -0.0, 0.01927739568054676, 0.6031746031746031, 0.017495904117822647, 0.8, 0.03349623084068298, 0.12962943874299526]
[0.4642857142857143, 0.5, 0.3333333333333333, 0.42424242424242425, 0.6153846153846154, 0.5869565217391305, 0.165948748588562, 0.16529029607772827, 0.4080615050478146, 0.4080412360495864, 0.42455595082124375, 0.5619932425415944, 0.13829240309340615, 0.13829240309340615, 0.8848619945347309, 0.0, 0.0, 0.0, 0.05187410116195679, 0.49289141641929746, 0.492657414637506, 0.0, -0.0, 0.019402766600251198, 0.6031746031746031, 0.017540019005537033, 0.8, 0.03305421397089958, 0.141553720459342]
[0.4642857142857143, 0.5, 0.3333333333333333, 0.42424242424242425, 0.6153846153846154, 0.5869565217391305, 0.1568286418914795, 0.15600138902664185, 0.4016196048510462, 0.4015998885918758, 0.31987665533791537, 0.671199757961146, 0.14327225408383779, 0.14327225408383779, 0.8834676146507263, 0.0, 0.0, 0.0, 0.05203731209039688, 0.49285009410232306, 0.4926316528581083, 0.0, -0.0, 0.018547020852565765, 0.6031746031746031, 0.0166951771825552, 0.8, 0.03229786455631256, 0.14944725669920444]
[0.4642857142857143, 0.5, 0.3333333333333333, 0.42424242424242425, 0.6153846153846154, 0.5869565217391305, 0.14267095923423767, 0.14124055206775665, 0.4024511637240933, 0.40243131070474364, 0.31303750670890734, 0.6778408094705582, 0.15158082757677352, 0.15158082757677352, 0.8819113858044147, 0.0, 0.0, 0.0, 0.05284509770572185, 0.4927434539422393, 0.4926510052755475, 0.0, -0.0, 0.01772007718682289, 0.6031746031746031, 0.015936467796564102, 0.8, 0.03264918178319931, 0.14440258033573627]
[0.4642857142857143, 0.5, 0.3333333333333333, 0.42424242424242425, 0.6153846153846154, 0.5869565217391305, 0.14079569280147552, 0.1392393708229065, 0.40444276232564425, 0.40442278394279696, 0.3157943867816524, 0.674355248369582, 0.17372978585106988, 0.17372978585106988, 0.8781394958496094, 0.0, 0.0, 0.0, 0.055045039579272266, 0.49217261373996735, 0.4922755556181073, 0.0, -0.0, 0.01823236793279648, 0.6031746031746031, 0.01647651381790638, 0.8, 0.03183409571647644, 0.11859693564474583]
[0.4642857142857143, 0.5, 0.3333333333333333, 0.42424242424242425, 0.6153846153846154, 0.5869565217391305, 0.1607397347688675, 0.16010598838329315, 0.40016838560596707, 0.4001485553799806, 0.32894173543722177, 0.6615807193592397, 0.17174086400440763, 0.17174086400440763, 0.8733098097145557, 0.0, 0.0, 0.0, 0.05753160715103149, 0.49049953557550907, 0.4908300079405308, 0.0, -0.0, 0.022468335926532745, 0.6031746031746031, 0.02053193561732769, 0.8, 0.027881547808647156, 0.10152056813240051]
[0.4642857142857143, 0.5, 0.3333333333333333, 0.42424242424242425, 0.6153846153846154, 0.5869565217391305, 0.14223624765872955, 0.1408773809671402, 0.40379602913646806, 0.40377643824079523, 0.31885702842508173, 0.6725964440847624, 0.1656593808106014, 0.1656593808106014, 0.8736988008022308, 0.0, 0.0, 0.0, 0.08486221171915531, 0.4884950527921319, 0.489245031028986, 0.12926475703716278, 0.12926475703716278, 0.025931255891919136, 0.6031746031746031, 0.023782042786478996, 0.8, 0.025351950898766518, 0.08914724923670292]
[0.4642857142857143, 0.5, 0.3333333333333333, 0.42424242424242425, 0.6153846153846154, 0.5869565217391305, 0.13453586399555206, 0.13351434469223022, 0.40164003910115753, 0.4016204937922111, 0.331674534321743, 0.6596109966880226, 0.16597499272653035, 0.16597499272653035, 0.8702174052596092, 0.0, 0.0, 0.0, 0.1298061095178127, 0.4810712691396475, 0.48210130631923676, 0.19752846658229828, 0.19752846658229828, 0.02797894924879074, 0.6031746031746031, 0.025605877861380577, 0.8, 0.02381543256342411, 0.09012383408844471]
[0.4642857142857143, 0.5, 0.3333333333333333, 0.42424242424242425, 0.6153846153846154, 0.5869565217391305, 0.12660057842731476, 0.12597043812274933, 0.4004355238227042, 0.40041595572039457, 0.33316669044713443, 0.658097061504091, 0.17235136990036284, 0.17235136990036284, 0.8629836291074753, 0.0, 0.0, 0.0, 0.17569025382399558, 0.4750964418053627, 0.4760592859238386, 0.26591888070106506, 0.26591888070106506, 0.028830481693148613, 0.6031746031746031, 0.02638203091919422, 0.8, 0.024000730365514755, 0.09518193081021309]
[0.4642857142857143, 0.5, 0.3333333333333333, 0.42424242424242425, 0.6153846153846154, 0.5869565217391305, 0.1790013611316681, 0.17883217334747314, 0.39081845684671496, 0.3907987519842261, 0.3332118668930024, 0.6581977853760842, 0.18173545598983765, 0.18173545598983765, 0.8577998876571655, 0.0, 0.0, 0.0, 0.19923361539840698, 0.4706626906991005, 0.4714792016893625, 0.3007185161113739, 0.3007185161113739, 0.02956571988761425, 0.6031746031746031, 0.02705678902566433, 0.8, 0.02496097981929779, 0.10075165890157223]
[0.4642857142857143, 0.5, 0.3333333333333333, 0.42424242424242425, 0.6153846153846154, 0.5869565217391305, 0.975717306137085, 0.9757139682769775, 0.3579614704927112, 0.35794223289416804, 0.5504690135186306, 0.442901842402176, 0.2724278611796243, 0.2724278611796243, 0.8351722657680511, 0.0, 0.0, 0.0, 0.1597172528505325, 0.45653199404478073, 0.4561227485537529, 0.2425384372472763, 0.2425384372472763, 0.035643354058265686, 0.6031746031746031, 0.034019939601421356, 0.8, 0.026174044236540794, 0.09932143613696098]
[0.4642857142857143, 0.5, 0.3333333333333333, 0.42424242424242425, 0.6153846153846154, 0.5869565217391305, 0.6334219574928284, 0.6333306431770325, 0.2818027126173672, 0.28178153758295177, 0.44230966153153956, 0.5473670270036735, 0.24944154279572625, 0.24944154279572625, 0.837288036942482, 0.0, 0.0, 0.0, 0.15703677907586097, 0.46054087579250336, 0.46063197031617165, 0.23754280805587769, 0.23754280805587769, 0.037191372364759445, 0.6031746031746031, 0.0358634851872921, 0.8, 0.026907898485660553, 0.09456079453229904]
[0.4642857142857143, 0.5, 0.3333333333333333, 0.42424242424242425, 0.6153846153846154, 0.5869565217391305, 0.28800851106643677, 0.2878009080886841, 0.3718137722854177, 0.37179399904283916, 0.2733256101152409, 0.7209229441440762, 0.22225765245301385, 0.22225765245301385, 0.851950153708458, 0.0, 0.0, 0.0, 0.13828168734908103, 0.4691910147666931, 0.47078131698071957, 0.20723967254161835, 0.20723967254161835, 0.03455400839447975, 0.6031746031746031, 0.03315622732043266, 0.8, 0.026989910751581192, 0.10552051477134228]
[0.4642857142857143, 0.5, 0.3333333333333333, 0.42424242424242425, 0.6153846153846154, 0.5869565217391305, 0.22217582166194916, 0.2217625230550766, 0.40234851381290937, 0.4023293218010926, 0.25279106920581473, 0.7426443240787919, 0.22688777319022588, 0.22688777319022588, 0.8555227220058441, 0.0, 0.0, 0.0, 0.13866837844252586, 0.47269132547080517, 0.4739815015345812, 0.20719470083713531, 0.20719470083713531, 0.031417734920978546, 0.6031746031746031, 0.029894087463617325, 0.8, 0.027560237795114517, 0.13139642775058746]
[0.4642857142857143, 0.5, 0.3333333333333333, 0.42424242424242425, 0.6153846153846154, 0.5869565217391305, 0.20249103009700775, 0.2015671283006668, 0.41180809574418953, 0.4117892000460944, 0.23352803326929505, 0.7633117275023273, 0.22802542362894332, 0.22802542362894332, 0.8568175360560417, 0.0, 0.0, 0.0, 0.13809272795915603, 0.47501158341765404, 0.4761540610343218, 0.20602361857891083, 0.20602361857891083, 0.029333369806408882, 0.6031746031746031, 0.02775665372610092, 0.8, 0.028107738122344017, 0.14087087474763393]
[0.4642857142857143, 0.5, 0.3333333333333333, 0.42424242424242425, 0.6153846153846154, 0.5869565217391305, 0.18959152698516846, 0.18821781873703003, 0.4132062976264589, 0.4131874760067942, 0.2330622280988821, 0.7640165666726483, 0.2184430403368814, 0.2184430403368814, 0.8613868951797485, 0.0, 0.0, 0.0, 0.11993497237563132, 0.47721423022449017, 0.47837401553988457, 0.17863696813583374, 0.17863696813583374, 0.02739788591861725, 0.6031746031746031, 0.02574482560157776, 0.8, 0.028281698003411293, 0.14433080330491066]
[0.4642857142857143, 0.5, 0.3333333333333333, 0.42424242424242425, 0.6153846153846154, 0.5869565217391305, 0.1926620900630951, 0.1917317509651184, 0.40349263807555685, 0.4034737309807801, 0.23561020699787322, 0.7615258219086595, 0.20973174699715208, 0.20973174699715208, 0.8629539832472801, 0.0, 0.0, 0.0, 0.11347813233733177, 0.47887803241610527, 0.48006035573780537, 0.16955114901065826, 0.16955114901065826, 0.025823045521974564, 0.6031746031746031, 0.024143725633621216, 0.8, 0.02748754993081093, 0.14154943637549877]
[0.4642857142857143, 0.5, 0.3333333333333333, 0.42424242424242425, 0.6153846153846154, 0.5869565217391305, 0.9697942137718201, 0.9697926640510559, 0.3691945413330545, 0.36917539490796414, 0.5740048648294481, 0.41954885654599394, 0.24993565465722767, 0.24993565465722767, 0.8483086451888084, 0.0, 0.0, 0.0, 0.12888023927807807, 0.47592565789818764, 0.4763476997613907, 0.19658634066581726, 0.19658634066581726, 0.02688530460000038, 0.6031746031746031, 0.025310056284070015, 0.8, 0.026628097519278526, 0.1254009921103716]
[0.4642857142857143, 0.5, 0.3333333333333333, 0.42424242424242425, 0.6153846153846154, 0.5869565217391305, 0.8644115924835205, 0.8642184138298035, 0.3009708369895103, 0.300950231789175, 0.5580687937727394, 0.4336124186255458, 0.21982253662177495, 0.21982253662177495, 0.8601967170834541, 0.0, 0.0, 0.0, 0.095754736661911, 0.47711373679339886, 0.4776582382619381, 0.14560455083847046, 0.14560455083847046, 0.028691383078694344, 0.6031746031746031, 0.027220403775572777, 0.8, 0.02572154998779297, 0.058512953110039234]
[0.4642857142857143, 0.5, 0.3333333333333333, 0.42424242424242425, 0.6153846153846154, 0.5869565217391305, 0.37053540349006653, 0.37052077054977417, 0.3494001351168689, 0.34937854980191585, 0.5588542074819823, 0.4275395600740536, 0.19115783274173737, 0.19115783274173737, 0.8684342876076698, 0.0, 0.0, 0.0, 0.09566084370017051, 0.4787135571241379, 0.47924814373254776, 0.145520880818367, 0.145520880818367, 0.029479285702109337, 0.6031746031746031, 0.027956822887063026, 0.8, 0.025858841836452484, 0.04223161842674017]
[0.4642857142857143, 0.5, 0.3333333333333333, 0.42424242424242425, 0.6153846153846154, 0.5869565217391305, 0.24440555274486542, 0.24430561065673828, 0.38001321743368877, 0.37999160932537246, 0.5436078379532575, 0.44065307198194836, 0.17428739262478693, 0.17428739262478693, 0.8714239075779915, 0.0, 0.0, 0.0, 0.09623630642890929, 0.4797796383500099, 0.48029159381985664, 0.14695428311824799, 0.14695428311824799, 0.030204182490706444, 0.6031746031746031, 0.02844192273914814, 0.8, 0.02573179081082344, 0.03002196317538619]
[0.4642857142857143, 0.5, 0.3333333333333333, 0.42424242424242425, 0.6153846153846154, 0.5869565217391305, 0.20869816839694977, 0.20850081741809845, 0.3952826965835309, 0.3952612822188018, 0.5270427327538996, 0.4567536997242999, 0.16775093972682953, 0.16775093972682953, 0.8736956492066383, 0.0, 0.0, 0.0, 0.08732768297195434, 0.4814533982425928, 0.4819689691066742, 0.13489781320095062, 0.13489781320095062, 0.029862869530916214, 0.6031746031746031, 0.028040003031492233, 0.8, 0.025445345789194107, 0.01219439902342856]
[0.4642857142857143, 0.5, 0.3333333333333333, 0.42424242424242425, 0.6153846153846154, 0.5869565217391305, 0.19419437646865845, 0.19399285316467285, 0.395029074831173, 0.3950076832598072, 0.50942232475454, 0.474171094360538, 0.16127464494534902, 0.16127464494534902, 0.8738425076007843, 0.0, 0.0, 0.0, 0.07727040536701679, 0.4826729819178581, 0.48322633281350136, 0.11917766183614731, 0.11917766183614731, 0.02897520922124386, 0.6031746031746031, 0.02733854204416275, 0.8, 0.02433551661670208, 0.0]
[0.4642857142857143, 0.5, 0.3333333333333333, 0.42424242424242425, 0.6153846153846154, 0.5869565217391305, 0.21420350670814514, 0.2139793187379837, 0.37217216373173734, 0.3721504302599234, 0.517831248033571, 0.4661941238338081, 0.15847081584589823, 0.15847081584589823, 0.8734513409435749, 0.0, 0.0, 0.0, 0.07984774447977543, 0.48354391753673553, 0.48408395424485207, 0.12392254173755646, 0.12392254173755646, 0.028552550822496414, 0.6031746031746031, 0.02732272259891033, 0.8, 0.023813461884856224, 0.0]
[0.4642857142857143, 0.5, 0.3333333333333333, 0.42424242424242425, 0.6153846153846154, 0.5869565217391305, 0.21870057284832, 0.21842274069786072, 0.3698504203592158, 0.36982877806085473, 0.5176737658380323, 0.4666242630891494, 0.1575563315834318, 0.1575563315834318, 0.8710707202553749, 0.0, 0.0, 0.0, 0.0755880769342184, 0.4839923847466707, 0.48458013590425253, 0.11639325320720673, -0.0, 0.028556842356920242, 0.6031746031746031, 0.027622787281870842, 0.8, 0.023052232339978218, 0.0]
[0.4642857142857143, 0.5, 0.3333333333333333, 0.42424242424242425, 0.6153846153846154, 0.5869565217391305, 0.22460508346557617, 0.2234811782836914, 0.3694320937643544, 0.36941062241621725, 0.5158605780131958, 0.46903490627650274, 0.16256230750254225, 0.16256230750254225, 0.8690979927778244, 0.0, 0.0, 0.0, 0.07551063075661658, 0.48355902545154095, 0.48431396298110485, 0.11666146665811539, -0.0, 0.02852194756269455, 0.6031746031746031, 0.027767356485128403, 0.8, 0.02298298291862011, 0.0]
[0.4642857142857143, 0.5, 0.3333333333333333, 0.42424242424242425, 0.6153846153846154, 0.5869565217391305, 0.22395332157611847, 0.22274775803089142, 0.3702504894701518, 0.3702292460556468, 0.5203945155809304, 0.4652154281029459, 0.1640229778630393, 0.1640229778630393, 0.8679013922810555, 0.0, 0.0, 0.0, 0.07849135808646679, 0.48257127217948437, 0.48346878960728645, 0.1216145008802414, 0.1216145008802414, 0.029093675315380096, 0.6031746031746031, 0.028484562411904335, 0.8, 0.0230169165879488, 0.0]
[0.4642857142857143, 0.5, 0.3333333333333333, 0.42424242424242425, 0.6153846153846154, 0.5869565217391305, 0.22235460579395294, 0.22114402055740356, 0.37282682331296724, 0.3728057508486863, 0.5273592072052892, 0.45884888846326694, 0.1663384373698916, 0.1663384373698916, 0.8665124028921127, 0.0, 0.0, 0.0, 0.08743287771940231, 0.48135608434677124, 0.4824256058782339, 0.1359809935092926, 0.1359809935092926, 0.030211620032787323, 0.6031746031746031, 0.02959056757390499, 0.8, 0.023200418800115585, 0.0]
[0.4642857142857143, 0.5, 0.3333333333333333, 0.42424242424242425, 0.6153846153846154, 0.5869565217391305, 0.2186529040336609, 0.21737168729305267, 0.37644694503361137, 0.3764261460896888, 0.5235949772949656, 0.46321450131750425, 0.16617653625352044, 0.16617653625352044, 0.8671219497919083, 0.0, 0.0, 0.0, 0.09488651230931282, 0.48034208454191685, 0.48151846416294575, 0.1470104306936264, 0.1470104306936264, 0.03134676814079285, 0.6031746031746031, 0.030756518244743347, 0.8, 0.023526031523942947, 0.0]
[0.4642857142857143, 0.5, 0.3333333333333333, 0.42424242424242425, 0.6153846153846154, 0.5869565217391305, 0.21806170046329498, 0.2167063057422638, 0.3776401434072345, 0.37761951541353594, 0.5233624764427857, 0.4639749335006769, 0.1671441857303892, 0.1671441857303892, 0.8676730170845985, 0.0, 0.0, 0.0, 0.10456410050392151, 0.4795138482004404, 0.48080606758594513, 0.16303186118602753, 0.16303186118602753, 0.032575201243162155, 0.6031746031746031, 0.03194138780236244, 0.8, 0.023860696703195572, 0.0]
[0.4642857142857143, 0.5, 0.3333333333333333, 0.42424242424242425, 0.6153846153846154, 0.5869565217391305, 0.22227829694747925, 0.2209625244140625, 0.37489187922578016, 0.3748714905623952, 0.5391611519552781, 0.44937343665285684, 0.16712625111852375, 0.16712625111852375, 0.8687683343887329, 0.0, 0.0, 0.0, 0.10364048331975936, 0.4786490574479103, 0.4800251219421625, 0.15992023050785065, 0.15992023050785065, 0.033672675490379333, 0.6031746031746031, 0.03304491192102432, 0.8, 0.024062639102339745, 0.0]
[0.4642857142857143, 0.5, 0.3333333333333333, 0.42424242424242425, 0.6153846153846154, 0.5869565217391305, 0.2234707474708557, 0.22212471067905426, 0.3756966103103375, 0.375676438183903, 0.5429586373825146, 0.44607734538350413, 0.1660144329071045, 0.1660144329071045, 0.871253713965416, 0.0, 0.0, 0.0, 0.10350643172860145, 0.47787199169397354, 0.4792760591953993, 0.1594073325395584, 0.1594073325395584, 0.03531954810023308, 0.6031746031746031, 0.03471941873431206, 0.8, 0.02394169755280018, 0.0]
[0.4642857142857143, 0.5, 0.3333333333333333, 0.42424242424242425, 0.6153846153846154, 0.5869565217391305, 0.22533798217773438, 0.2239769697189331, 0.3759852312718933, 0.3759651275255484, 0.5431441440181112, 0.44624842097102296, 0.164904636996133, 0.164904636996133, 0.8729004040360451, 0.0, 0.0, 0.0, 0.10216432511806488, 0.4777083657681942, 0.47910269908607006, 0.15685328841209412, 0.15685328841209412, 0.03681338578462601, 0.6031746031746031, 0.03619161620736122, 0.8, 0.023603100329637527, 0.0]
[0.4642857142857143, 0.5, 0.3333333333333333, 0.42424242424242425, 0.6153846153846154, 0.5869565217391305, 0.22783119976520538, 0.22652173042297363, 0.3766916089942305, 0.37667144826447757, 0.5425638819743752, 0.44658984275843805, 0.16269702464342117, 0.16269702464342117, 0.8736674524843693, 0.0, 0.0, 0.0, 0.0922835785895586, 0.47837751545011997, 0.4796305950731039, 0.14062608778476715, 0.14062608778476715, 0.03864041715860367, 0.6031746031746031, 0.03812440112233162, 0.8, 0.02325834147632122, 0.0]
[0.4642857142857143, 0.5, 0.3333333333333333, 0.42424242424242425, 0.6153846153846154, 0.5869565217391305, 0.17207977175712585, 0.17102795839309692, 0.41799179272259623, 0.41797200238499543, 0.3998608005662265, 0.5880189717563065, 0.1662112932120051, 0.1662112932120051, 0.8745452240109444, 0.0, 0.0, 0.0, 0.09476009868085383, 0.47901357896625996, 0.4804107490926981, 0.146551251411438, 0.146551251411438, 0.03753354400396347, 0.6031746031746031, 0.03713482990860939, 0.8, 0.023377416655421257, 0.0]
[0.4642857142857143, 0.5, 0.3333333333333333, 0.42424242424242425, 0.6153846153846154, 0.5869565217391305, 0.11020603030920029, 0.10951955616474152, 0.4328662286980886, 0.4328468144509806, 0.40808151762070666, 0.580072512995394, 0.16267282622201104, 0.16267282622201104, 0.8766465671360493, 0.0, 0.0, 0.0, 0.09254859946668148, 0.4808816686272621, 0.48229750618338585, 0.14269724488258362, 0.14269724488258362, 0.036065589636564255, 0.6031746031746031, 0.03579186275601387, 0.8, 0.023993678390979767, 0.0]
[0.4642857142857143, 0.5, 0.3333333333333333, 0.42424242424242425, 0.6153846153846154, 0.5869565217391305, 0.009096969850361347, 0.009092572145164013, 0.46484856532591023, 0.46483007136084153, 0.3975715377362691, 0.5918860766622756, 0.16954196350915093, 0.16954196350915093, 0.8785959258675575, 0.0, 0.0, 0.0, 0.09845647886395453, 0.482605904340744, 0.4838641732931137, 0.15187421441078186, 0.15187421441078186, 0.03416423872113228, 0.6031746031746031, 0.03395937755703926, 0.8, 0.025197256356477737, 0.0]
[0.4642857142857143, 0.5, 0.3333333333333333, 0.42424242424242425, 0.6153846153846154, 0.5869565217391305, 0.0, 0.0, 0.4834759427985999, 0.4834579274941585, 0.4134353937200105, 0.576244010074594, 0.16335180827549528, 0.16335180827549528, 0.8816400244832039, 0.0, 0.0, 0.0, 0.07694946229457855, 0.4863530918955803, 0.4873309312388301, 0.11790553480386734, 0.11790553480386734, 0.03102695196866989, 0.6031746031746031, 0.03052569180727005, 0.8, 0.0263358186930418, 0.0]
[0.4642857142857143, 0.5, 0.3333333333333333, 0.42424242424242425, 0.6153846153846154, 0.5869565217391305, 0.0, 0.0, 0.4926260165001193, 0.4926080610282562, 0.434022592996776, 0.5550039796271847, 0.16063551817621505, 0.16063551817621505, 0.8853196427226067, 0.0, 0.0, 0.0, 0.07522756978869438, 0.48845903016626835, 0.4893657872453332, 0.11627576500177383, -0.0, 0.028184447437524796, 0.6031746031746031, 0.027368228882551193, 0.8, 0.027818406000733376, 0.0]
[0.4642857142857143, 0.5, 0.3333333333333333, 0.42424242424242425, 0.6153846153846154, 0.5869565217391305, 0.20699484646320343, 0.20665861666202545, 0.4303101410601381, 0.43029080089146043, 0.45064328551064486, 0.5376021621623363, 0.16406213066407613, 0.16406213066407613, 0.892021156847477, 0.0, 0.0, 0.0, 0.06939364746212959, 0.4898886848241091, 0.4906980013474822, 0.1079806387424469, -0.0, 0.026921851560473442, 0.6031746031746031, 0.02589261159300804, 0.8, 0.027219559997320175, 0.0]
[0.4642857142857143, 0.5, 0.3333333333333333, 0.42424242424242425, 0.6153846153846154, 0.5869565217391305, 0.5877900123596191, 0.5846900343894958, 0.3161943647191356, 0.3161738278988898, 0.35969560096186387, 0.6318764654167245, 0.20344605403287072, 0.20344605403287072, 0.8766265138983727, 0.0, 0.0, 0.0, 0.06586852297186852, 0.4889333974570036, 0.48959885258227587, 0.0, -0.0, 0.03126869350671768, 0.6031746031746031, 0.031590480357408524, 0.8, 0.025188172236084938, 0.0]
[0.4642857142857143, 0.5, 0.3333333333333333, 0.42424242424242425, 0.6153846153846154, 0.5869565217391305, 0.03017696924507618, 0.02992817386984825, 0.4525820576438029, 0.4525638713891374, 0.23006576698551218, 0.7669636801546842, 0.16825390181371144, 0.16825390181371144, 0.8810945488512516, 0.0, 0.0, 0.0, 0.05848203673958778, 0.4893613690510392, 0.48988665360957384, 0.0, -0.0, 0.03011416457593441, 0.6031746031746031, 0.02966178208589554, 0.8, 0.023134276270866394, 0.0]
[0.4642857142857143, 0.5, 0.3333333333333333, 0.42424242424242425, 0.6153846153846154, 0.5869565217391305, 0.0, 0.0, 0.4717075441809047, 0.4716897254692209, 0.23028670305503712, 0.7667877837708479, 0.16246172998632705, 0.16246172998632705, 0.885635033249855, 0.0, 0.0, 0.0, 0.056962251663208, 0.48976932000368834, 0.4903274830430746, 0.0, -0.0, 0.027445590123534203, 0.6031746031746031, 0.026399817317724228, 0.8, 0.022058401256799698, 0.0]
[0.4642857142857143, 0.5, 0.3333333333333333, 0.42424242424242425, 0.6153846153846154, 0.5869565217391305, 0.0, 0.0, 0.4751147758892344, 0.47509698282008417, 0.2344758496913582, 0.7622399151844408, 0.15737122723034452, 0.15737122723034452, 0.8875488489866257, 0.0, 0.0, 0.0, 0.05574211254715919, 0.4900843473151326, 0.4907038416713476, 0.0, -0.0, 0.025170160457491875, 0.6031746031746031, 0.02379710040986538, 0.8, 0.0214301198720932, 0.012625486124306917]
[0.4642857142857143, 0.5, 0.3333333333333333, 0.42424242424242425, 0.6153846153846154, 0.5869565217391305, 0.9097678661346436, 0.9092547297477722, 0.29570135331746494, 0.2956812039843937, 0.5077843886887367, 0.48476046922735183, 0.21564894488879613, 0.21564894488879613, 0.8710094466805458, 0.0, 0.0, 0.0, 0.07588713355362414, 0.48820474464446306, 0.4888049094006419, 0.11565660685300827, 0.11565660685300827, 0.025570938363671303, 0.6031746031746031, 0.02421383373439312, 0.8, 0.021547973155975342, 0.023538521490991116]
[0.4642857142857143, 0.5, 0.3333333333333333, 0.42424242424242425, 0.6153846153846154, 0.5869565217391305, 0.19651949405670166, 0.19582277536392212, 0.3855672420552766, 0.3855480956301862, 0.2246910919422857, 0.7731650248945506, 0.19685415284974236, 0.19685415284974236, 0.865896113216877, 0.0, 0.0, 0.0, 0.07231819182634353, 0.48645750526338816, 0.48711632285267115, 0.10871894657611847, -0.0, 0.026861440390348434, 0.6031746031746031, 0.02557343803346157, 0.8, 0.021628553047776222, 0.032228403724730015]
[0.4642857142857143, 0.5, 0.3333333333333333, 0.42424242424242425, 0.6153846153846154, 0.5869565217391305, 0.0999518632888794, 0.09894145280122757, 0.4202567236373347, 0.4202384376617052, 0.20482175254457086, 0.7950347782270352, 0.18789512770516534, 0.18789512770516534, 0.8696074262261391, 0.0, 0.0, 0.0, 0.05618656687438488, 0.48759732861071825, 0.48826872650533915, 0.0, -0.0, 0.02507847175002098, 0.6031746031746031, 0.023638738319277763, 0.8, 0.020885659381747246, 0.03935680724680424]
[0.4642857142857143, 0.5, 0.3333333333333333, 0.42424242424242425, 0.6153846153846154, 0.5869565217391305, 0.07710074633359909, 0.07589598000049591, 0.42478728636273005, 0.424769131448939, 0.1917597422408328, 0.8089985851525299, 0.1832451139177595, 0.1832451139177595, 0.8698488101363182, 0.0, 0.0, 0.0, 0.054003275185823436, 0.4885956197977066, 0.4892602954059839, 0.0, -0.0, 0.022837156429886818, 0.6031746031746031, 0.021313892677426338, 0.8, 0.020454689860343933, 0.04375132266432047]
[0.4642857142857143, 0.5, 0.3333333333333333, 0.42424242424242425, 0.6153846153846154, 0.5869565217391305, 0.05896713584661484, 0.05749724805355072, 0.43166790181774484, 0.4316500318209938, 0.16898732613878997, 0.8336239877161464, 0.1798421995980399, 0.1798421995980399, 0.8703048899769783, 0.0, 0.0, 0.0, 0.053013464063405985, 0.48914164397865534, 0.48983244877308607, 0.0, -0.0, 0.02141852118074894, 0.6031746031746031, 0.01982489973306656, 0.8, 0.020151225849986076, 0.04157447721809149]
[0.4642857142857143, 0.5, 0.3333333333333333, 0.42424242424242425, 0.6153846153846154, 0.5869565217391305, 0.3103678226470947, 0.3098074197769165, 0.34577535215344984, 0.3457547127630697, 0.29474163875980997, 0.6972377906059394, 0.1857057639530727, 0.1857057639530727, 0.8651743605732918, 0.0, 0.0, 0.0, 0.05577855259180069, 0.4890951542183757, 0.4898214917629957, 0.0, -0.0, 0.02100367285311222, 0.6031746031746031, 0.01941673643887043, 0.8, 0.0201213788241148, 0.03757672617211938]
[0.4642857142857143, 0.5, 0.3333333333333333, 0.42424242424242425, 0.6153846153846154, 0.5869565217391305, 0.9355809092521667, 0.9353675842285156, 0.3205701092233165, 0.3205502903940117, 0.5351930297127645, 0.45763590545038374, 0.2575611855302538, 0.2575611855302538, 0.8383407071232796, 0.0, 0.0, 0.0, 0.06764920093119144, 0.48723596055060625, 0.48769891262054443, 0.0, -0.0, 0.023118916898965836, 0.6031746031746031, 0.022132784128189087, 0.8, 0.02125699073076248, 0.02063965890556574]
[0.4642857142857143, 0.5, 0.3333333333333333, 0.42424242424242425, 0.6153846153846154, 0.5869565217391305, 0.40269824862480164, 0.4025346040725708, 0.3408333863172659, 0.34081121977155115, 0.5309881385608112, 0.45339396938488497, 0.2230773653302874, 0.2230773653302874, 0.8418100327253342, 0.0, 0.0, 0.0, 0.06673861443996429, 0.4861455289646983, 0.48639829363673925, 0.0, -0.0, 0.024770308285951614, 0.6031746031746031, 0.024187086150050163, 0.8, 0.022031739354133606, 0.006728225853294134]
[0.4642857142857143, 0.5, 0.3333333333333333, 0.42424242424242425, 0.6153846153846154, 0.5869565217391305, 0.2771065831184387, 0.27704378962516785, 0.3703512247388267, 0.3703291607632464, 0.5107179194631813, 0.4722189111823055, 0.234140157699585, 0.234140157699585, 0.8393155634403229, 0.0, 0.0, 0.0, 0.06651418767869471, 0.4851428559049964, 0.4852957585826516, 0.0, -0.0, 0.025310354307293892, 0.6031746031746031, 0.02489626593887806, 0.8, 0.02302638255059719, 0.0]
[0.4642857142857143, 0.5, 0.3333333333333333, 0.42424242424242425, 0.6153846153846154, 0.5869565217391305, 0.23532944917678833, 0.2349429577589035, 0.38852187734716936, 0.3885003376189427, 0.4882705474047998, 0.495093584010017, 0.22275641560554507, 0.22275641560554507, 0.8396766930818558, 0.0, 0.0, 0.0, 0.06493261829018593, 0.48453893791884184, 0.484753449447453, 0.0, -0.0, 0.02579955756664276, 0.6031746031746031, 0.025574548169970512, 0.8, 0.02339792437851429, 0.0]
[0.4642857142857143, 0.5, 0.3333333333333333, 0.42424242424242425, 0.6153846153846154, 0.5869565217391305, 0.9638435244560242, 0.9637035131454468, 0.36646551475014333, 0.36644641391177935, 0.4597425556547555, 0.5327604344145923, 0.2801408086504255, 0.2801408086504255, 0.8290157243609428, 0.0, 0.0, 0.0, 0.09164383597671985, 0.4814848564565182, 0.4817946758121252, 0.13827157020568848, 0.13827157020568848, 0.028705423697829247, 0.6031746031746031, 0.029089322313666344, 0.8, 0.02337430603802204, 0.0]
[0.4642857142857143, 0.5, 0.3333333333333333, 0.42424242424242425, 0.6153846153846154, 0.5869565217391305, 0.21534469723701477, 0.21487858891487122, 0.4068679533770618, 0.4068487214768594, 0.44321727615925366, 0.5468079449804011, 0.17227825841733388, 0.17227825841733388, 0.8634753674268723, 0.0, 0.0, 0.0, 0.09309894740581512, 0.481060404330492, 0.48130219243466854, 0.13960541784763336, 0.13960541784763336, 0.13052411377429962, 0.44779035449028015, 0.122438445687294, 0.6263672993626705, 0.023517169058322906, 0.0]
[0.4642857142857143, 0.5, 0.3333333333333333, 0.42424242424242425, 0.6153846153846154, 0.5869565217391305, 0.1021093875169754, 0.10164722055196762, 0.43250779166504255, 0.43248921507403226, 0.42333638052639494, 0.56755908196054, 0.11560609298092979, 0.11560609298092979, 0.8775405958294868, 0.0, 0.0, 0.0, 0.08126101791858673, 0.48259064368903637, 0.48285041376948357, 0.12407670170068741, 0.12407670170068741, 0.1571323424577713, 0.4371470630168915, 0.15238353610038757, 0.6044947477274163, 0.024178631603717804, 0.0007217656821012497]
[0.4642857142857143, 0.5, 0.3333333333333333, 0.42424242424242425, 0.6153846153846154, 0.5869565217391305, 0.05598030611872673, 0.05534261092543602, 0.4379240190093877, 0.43790551079846707, 0.413278290464135, 0.5777273565651075, 0.1052854848759515, 0.1052854848759515, 0.8840686827898026, 0.0, 0.0, 0.0, 0.07669272609055042, 0.48319921642541885, 0.4836221784353256, 0.11757777631282806, 0.11757777631282806, 0.15666551887989044, 0.4373337924480438, 0.15384061634540558, 0.6085324391376141, 0.02417183108627796, 0.005960105336271226]
[0.4642857142857143, 0.5, 0.3333333333333333, 0.42424242424242425, 0.6153846153846154, 0.5869565217391305, 0.051006872206926346, 0.05046730488538742, 0.4369730115164762, 0.4369544919088739, 0.4056635691604468, 0.5854260073058641, 0.10325647358383452, 0.10325647358383452, 0.885390892624855, 0.0, 0.0, 0.0, 0.07350317649543285, 0.48267971724271774, 0.4833931680768728, 0.11225199699401855, -0.0, 0.13139213621616364, 0.44744314551353453, 0.0, 0.6976744186046512, 0.023674536496400833, 0.0068601814564317465]
[0.4642857142857143, 0.5, 0.3333333333333333, 0.42424242424242425, 0.6153846153846154, 0.5869565217391305, 0.03507610782980919, 0.034739814698696136, 0.43767302989047985, 0.4376545102828775, 0.4041485057050366, 0.5869812184213857, 0.10146615760666984, 0.10146615760666984, 0.8923408016562462, 0.0, 0.0, 0.0, 0.0672459926456213, 0.48295969888567924, 0.48383742943406105, 0.10216794162988663, -0.0, 0.10766559839248657, 0.4569337606430054, 0.0, 0.6976744186046512, 0.023234980180859566, 0.007147162104956806]
[0.4642857142857143, 0.5, 0.3333333333333333, 0.42424242424242425, 0.6153846153846154, 0.5869565217391305, 0.024232706055045128, 0.02393793687224388, 0.4367308719208318, 0.43671233521820707, 0.4190112429868651, 0.5718351881266501, 0.08999576259936606, 0.08999576259936606, 0.9071633405983448, 0.0, 0.0, 0.0, 0.05866644307971, 0.48430212400853634, 0.4851665273308754, 0.0, -0.0, 0.09480276703834534, 0.4620788931846619, 0.0, 0.6976744186046512, 0.022028451785445213, 0.009700252558104694]
[0.4642857142857143, 0.5, 0.3333333333333333, 0.42424242424242425, 0.6153846153846154, 0.5869565217391305, 0.0, 0.0, 0.45535320921108324, 0.4553350542972922, 0.43353996062597855, 0.5573566262148256, 0.0822009811443942, 0.0822009811443942, 0.9180098474025726, 0.0, 0.0, 0.0, 0.05261561721563339, 0.4863485209643841, 0.48703235387802124, 0.0, -0.0, 0.0, 0.5, 0.0, 0.6976744186046512, 0.02081160433590412, 0.0146497564855963]
[0.4642857142857143, 0.5, 0.3333333333333333, 0.42424242424242425, 0.6153846153846154, 0.5869565217391305, 0.0, 0.0, 0.47150468609756996, 0.4714869101234421, 0.4400702192952026, 0.5510567144249588, 0.07867430203727314, 0.07867430203727314, 0.926299910992384, 0.0, 0.0, 0.0, 0.04589795339852571, 0.4881949760019779, 0.48877287562936544, 0.0, -0.0, 0.0, 0.5, 0.0, 0.6976744186046512, 0.0195907149463892, 0.01752493088133633]
[0.4642857142857143, 0.5, 0.3333333333333333, 0.42424242424242425, 0.6153846153846154, 0.5869565217391305, 0.0, 0.0, 0.47109750545731466, 0.47107971523733483, 0.4313340132368682, 0.5598343235591123, 0.08174084393041475, 0.08174084393041475, 0.9258238114416599, 0.0, 0.0, 0.0, 0.046653120778501034, 0.4885601680725813, 0.4891881626099348, 0.0, -0.0, 0.0, 0.5, 0.0, 0.6976744186046512, 0.01956036500632763, 0.017752153798937798]
[0.4642857142857143, 0.5, 0.3333333333333333, 0.42424242424242425, 0.6153846153846154, 0.5869565217391305, 0.0, 0.0, 0.46513908383495267, 0.46512124802824645, 0.4461554660395956, 0.5451639188128671, 0.08062722959688733, 0.08062722959688733, 0.9259560257196426, 0.0, 0.0, 0.0, 0.044954777136445044, 0.48901973478496075, 0.4896865040063858, 0.0, -0.0, 0.0, 0.5, 0.0, 0.6976744186046512, 0.019070427864789963, 0.017047232249751687]
[0.4642857142857143, 0.5, 0.3333333333333333, 0.42424242424242425, 0.6153846153846154, 0.5869565217391305, 0.0, 0.0, 0.46315089853954133, 0.4631329516151895, 0.45661500990960613, 0.5343725676809574, 0.07765546174986022, 0.07765546174986022, 0.9270841516554356, 0.0, 0.0, 0.0, 0.04390762262046337, 0.489700673148036, 0.4903436079621315, 0.0, -0.0, 0.0, 0.5, 0.0, 0.6976744186046512, 0.018636120483279228, 0.017726460937410593]
[0.4642857142857143, 0.5, 0.3333333333333333, 0.42424242424242425, 0.6153846153846154, 0.5869565217391305, 0.0, 0.0, 0.4613058156766581, 0.46128779182470553, 0.4680515941424762, 0.5227885289077727, 0.0745266250201634, 0.0745266250201634, 0.9286228977143764, 0.0, 0.0, 0.0, 0.04377597011625767, 0.4903615368530154, 0.4909715699031949, 0.0, -0.0, 0.0, 0.5, 0.0, 0.6976744186046512, 0.018134964630007744, 0.021352816838771105]
[0.4642857142857143, 0.5, 0.3333333333333333, 0.42424242424242425, 0.6153846153846154, 0.5869565217391305, 0.0, 0.0, 0.46356482316613423, 0.46354628076516874, 0.4725723129841383, 0.5185280020054116, 0.07382614804165705, 0.07382614804165705, 0.9291679225862026, 0.0, 0.0, 0.0, 0.04576408304274082, 0.4902207534760237, 0.4908737884834409, 0.0, -0.0, 0.0, 0.5, 0.0, 0.6976744186046512, 0.017752153798937798, 0.023599998094141483]
[0.4642857142857143, 0.5, 0.3333333333333333, 0.42424242424242425, 0.6153846153846154, 0.5869565217391305, 0.0, 0.0, 0.4639344574388537, 0.463915963473785, 0.4700574129534953, 0.5211973242225834, 0.07523060377155032, 0.07523060377155032, 0.9288979507982731, 0.0, 0.0, 0.0, 0.04782908409833908, 0.4895266182720661, 0.49030114244669676, 0.0, -0.0, 0.0, 0.5, 0.0, 0.6976744186046512, 0.01775452308356762, 0.02516987267881632]
[0.4642857142857143, 0.5, 0.3333333333333333, 0.42424242424242425, 0.6153846153846154, 0.5869565217391305, 0.0, 0.0, 0.46030387641366993, 0.46028533971104524, 0.46529474256143516, 0.5260756823295795, 0.0768648274242878, 0.0768648274242878, 0.9286341853439808, 0.0, 0.0, 0.0, 0.047672697529196735, 0.48916702158749104, 0.489962394349277, 0.0, -0.0, 0.0, 0.5, 0.0, 0.6976744186046512, 0.017830176278948784, 0.023052268661558628]
[0.4642857142857143, 0.5, 0.3333333333333333, 0.42424242424242425, 0.6153846153846154, 0.5869565217391305, 0.0, 0.0, 0.45586333037790333, 0.4558447138985074, 0.4631637369013653, 0.5282626399979714, 0.07623427148376193, 0.07623427148376193, 0.929290447384119, 0.0, 0.0, 0.0, 0.04598677828907966, 0.48909397702664137, 0.4899007994681597, 0.0, -0.0, 0.0, 0.5, 0.0, 0.6976744186046512, 0.017510348930954933, 0.019981672521680593]
[0.4642857142857143, 0.5, 0.3333333333333333, 0.42424242424242425, 0.6153846153846154, 0.5869565217391305, 0.0, 0.0, 0.4549551516144499, 0.4549365123416908, 0.46379699351454784, 0.5276115732206162, 0.07331576730523791, 0.07331576730523791, 0.9316391870379448, 0.0, 0.0, 0.0, 0.04260337986052036, 0.48954461235553026, 0.4903256809338927, 0.0, -0.0, 0.0, 0.5, 0.0, 0.6976744186046512, 0.016966208815574646, 0.018238722113892436]
[0.4642857142857143, 0.5, 0.3333333333333333, 0.42424242424242425, 0.6153846153846154, 0.5869565217391305, 0.0, 0.0, 0.4548686536502656, 0.45484999158414324, 0.46455753396619576, 0.5268032607288656, 0.0700500501053674, 0.0700500501053674, 0.9342685341835022, 0.0, 0.0, 0.0, 0.03881514593958854, 0.4900758219882846, 0.49082721769809723, 0.0, -0.0, 0.0, 0.5, 0.0, 0.6976744186046512, 0.016368189826607704, 0.016323209274560213]
[0.4642857142857143, 0.5, 0.3333333333333333, 0.42424242424242425, 0.6153846153846154, 0.5869565217391305, 0.0, 0.0, 0.452181740655042, 0.4521630159071709, 0.46351378882592315, 0.5278635196607787, 0.06851048075727055, 0.06851048075727055, 0.935308713465929, 0.0, 0.0, 0.0, 0.03795220218598842, 0.4902877975255251, 0.49104917235672474, 0.0, -0.0, 0.0, 0.5, 0.0, 0.6976744186046512, 0.015850018709897995, 0.015782087575644255]
[0.4642857142857143, 0.5, 0.3333333333333333, 0.42424242424242425, 0.6153846153846154, 0.5869565217391305, 0.0, 0.0, 0.4493421149755299, 0.4493233332442508, 0.463075623457564, 0.5282863707382359, 0.06806517285960062, 0.06806517285960062, 0.9356132261455059, 0.0, 0.0, 0.0, 0.036728219315409656, 0.49037887901067734, 0.49116781167685986, 0.0, -0.0, 0.0, 0.5, 0.0, 0.6976744186046512, 0.015539223328232765, 0.014229516964405775]
[0.4642857142857143, 0.5, 0.3333333333333333, 0.42424242424242425, 0.6153846153846154, 0.5869565217391305, 0.0, 0.0, 0.4364706172997819, 0.4364515791431668, 0.46194512392777104, 0.5295091435006147, 0.06400721413748606, 0.06400721413748606, 0.9376689568161964, 0.0, 0.0, 0.0, 0.031656801141798495, 0.4910150095820427, 0.49173135869205, 0.0, -0.0, 0.0, 0.5, 0.0, 0.6976744186046512, 0.01452715415507555, 0.008744604419916868]
[0.4642857142857143, 0.5, 0.3333333333333333, 0.42424242424242425, 0.6153846153846154, 0.5869565217391305, 0.0, 0.0, 0.4259245555213943, 0.42590535211289593, 0.45767350805421175, 0.5339909583450453, 0.05853241841707911, 0.05853241841707911, 0.9402947593480349, 0.0, 0.0, 0.0, 0.026426144875586033, 0.49168551992625, 0.49230803828686476, 0.0, -0.0, 0.0, 0.5, 0.0, 0.6976744186046512, 0.013195785693824291, 0.0014059117529541254]
[0.4642857142857143, 0.5, 0.3333333333333333, 0.42424242424242425, 0.6153846153846154, 0.5869565217391305, 0.0, 0.0, 0.41929092325170453, 0.4192701072127596, 0.4562567238825913, 0.5355306742473446, 0.05378236728055137, 0.05378236728055137, 0.942972220480442, 0.0, 0.0, 0.0, 0.023002242296934126, 0.4922522734850645, 0.4928124132566154, 0.0, -0.0, 0.0, 0.5, 0.0, 0.6976744186046512, 0.0119834179058671, 0.0]

程序已被终止，正在关闭套接字...
套接字已关闭。
