face_1,face_2,face_3,face_4,face_5,face_6,face_7,face_8,face_9,face_10,face_11,face_12,face_13,face_14,face_15,face_16,face_17,face_18,face_19,face_20,face_21,face_22,face_23,face_24,face_25,face_26,face_27,face_28,face_29,neck_1,neck_2,neck_3
0.4642857142857143,0.5,0.3333333333333333,0.42424242424242425,0.6153846153846154,0.5869565217391305,0.16585342586040497,0.15801171958446503,0.3875785512176572,0.3875658781077164,0.4549345435649441,0.5378557411771381,0.06631936345781599,0.06631936345781599,0.9377941209822893,0.0,0.0,0.0,0.03426286540925502,0.48662108555436134,0.4935351046733558,0.0,-0.0,0.0,0.5,0.0,0.6976744186046512,0.022764967754483223,0.0,-0.17494737,0.02349003,-0.0865045
0.4642857142857143,0.5,0.3333333333333333,0.42424242424242425,0.6153846153846154,0.5869565217391305,0.09298018366098404,0.0932534858584404,0.4161807688426789,0.4161688593104054,0.4472709390446971,0.5451001294490662,0.03260063672704356,0.03260063672704356,0.9566863421350718,0.0,0.0,0.0,0.029948155768215655,0.49728988902643323,0.4987798834918067,0.0,-0.0,0.0,0.5,0.0,0.6976744186046512,0.010045082308351994,0.0,-0.17800456,0.0290344,-0.06707465
0.4642857142857143,0.5,0.3333333333333333,0.42424242424242425,0.6153846153846154,0.5869565217391305,0.030340882018208504,0.029765406623482704,0.4345179668576038,0.43450652458927597,0.44669273980033103,0.5453213981592354,0.04099904692598752,0.04099904692598752,0.9542295224964619,0.0,0.0,0.0,0.029472468979656694,0.4950117068365216,0.4952357620932162,0.0,-0.0,0.0,0.5,0.0,0.6976744186046512,0.012641428038477898,0.0,-0.18299218,0.03118319,-0.07571484
0.4642857142857143,0.5,0.3333333333333333,0.42424242424242425,0.6153846153846154,0.5869565217391305,0.04059165343642235,0.0399540439248085,0.4350327264738356,0.43502131269721184,0.4487789308591737,0.5432462219931605,0.04342769804809775,0.04342769804809775,0.9533727150410414,0.0,0.0,0.0,0.03027145359665155,0.4941743928939104,0.49446187214925885,0.0,-0.0,0.0,0.5,0.0,0.6976744186046512,0.013953827321529388,0.0,-0.19363228,0.03686843,-0.06230296
0.4642857142857143,0.5,0.3333333333333333,0.42424242424242425,0.6153846153846154,0.5869565217391305,0.9918928742408752,0.9918715953826904,0.3912738568468258,0.3912619587112339,0.4699503525265316,0.5261307169050327,0.12384084186383656,0.12384084186383656,0.8776278086006641,0.0,0.0,0.0,0.06240073144435882,0.476899191737175,0.47876633517444134,0.0,-0.0,0.0,0.5,0.07674280554056168,0.6246914177439934,0.01957515999674797,0.0,-0.26156082,0.03121827,-0.03361066
0.4642857142857143,0.5,0.3333333333333333,0.42424242424242425,0.6153846153846154,0.5869565217391305,0.9830638766288757,0.983031153678894,0.38563793567125015,0.3856258209987079,0.47305166026146417,0.5228524016098077,0.13073658304555077,0.13073658304555077,0.8673203960061073,0.0,0.0,0.0,0.05711417905986309,0.47387300059199333,0.47566987574100494,0.0,-0.0,0.0,0.5,0.08910134434700012,0.62033902940362,0.020567797124385834,0.0027439469704404473,-0.31128805,0.03162309,-0.03681795
0.4642857142857143,0.5,0.3333333333333333,0.42424242424242425,0.6153846153846154,0.5869565217391305,0.4191547632217407,0.41883787512779236,0.3444056305785024,0.3443916582468591,0.49148856998059764,0.5010022619663593,0.10083726474217007,0.10083726474217007,0.9046941958367825,0.0,0.0,0.0,0.0559622261673212,0.4763288628309965,0.4774618726223707,0.0,-0.0,0.0,0.5,0.0,0.6976744186046512,0.022658778354525566,0.013376935385167599,-0.34040594,0.02440922,-0.04176835
0.4642857142857143,0.5,0.3333333333333333,0.42424242424242425,0.6153846153846154,0.5869565217391305,0.33149614930152893,0.33102214336395264,0.37135948916010375,0.3713462234227197,0.4776625254300083,0.5145609425034573,0.10159061423369817,0.10159061423369817,0.9060548953711987,0.0,0.0,0.0,0.05541383400559425,0.4775966461747885,0.47842341661453247,0.0,-0.0,0.0,0.5,0.10284662246704102,0.6265803270561751,0.024167729541659355,0.019115450559183955,-0.38913504,0.01941353,-0.06694502
0.4642857142857143,0.5,0.3333333333333333,0.42424242424242425,0.6153846153846154,0.5869565217391305,0.36815130710601807,0.3671002984046936,0.3650807723488452,0.3650672558844659,0.46946084510755814,0.5224719148470334,0.10404324425118311,0.10404324425118311,0.9061778038740158,0.0,0.0,0.0,0.0559179812669754,0.4778352100402117,0.4785736985504627,0.0,-0.0,0.0,0.5,0.10470131039619446,0.626122199518736,0.024815045297145844,0.02023184671998024,-0.460031533,0.000143239071,-0.11224068
0.4642857142857143,0.5,0.3333333333333333,0.42424242424242425,0.6153846153846154,0.5869565217391305,0.9313599467277527,0.9305238127708435,0.36970822396287495,0.36969576738988463,0.513200293364534,0.4832764275392606,0.16876306384801865,0.16876306384801865,0.8559843152761459,0.0,0.0,0.0,0.04921528436243534,0.4718147087842226,0.4718547444790602,0.0,-0.0,0.0,0.5,0.19288647174835205,0.6145868554364804,0.024787360802292824,0.010384238557890058,-0.48827686,-0.03801812,-0.18530153
0.4642857142857143,0.5,0.3333333333333333,0.42424242424242425,0.6153846153846154,0.5869565217391305,0.6137149333953857,0.599014401435852,0.30363563187491593,0.3036205654618389,0.5463895627918937,0.44701144020091915,0.16531373773302352,0.16531373773302352,0.870206855237484,0.0,0.0,0.0,0.05028322488069534,0.4748830124735832,0.4750189557671547,0.0,-0.0,0.0,0.5,0.1908489167690277,0.6233058332703835,0.025448797270655632,0.004243730218149722,-0.5,-0.05744552,-0.26133424
0.4642857142857143,0.5,0.3333333333333333,0.42424242424242425,0.6153846153846154,0.5869565217391305,0.35023120045661926,0.34598883986473083,0.3102840342439611,0.31026593631357813,0.6221019952748519,0.3695241141678904,0.16312446977411,0.16312446977411,0.8742512166500092,0.0,0.0,0.0,0.05201882869005203,0.4757772386074066,0.4763637948781252,0.0,-0.0,0.0,0.5,0.0,0.6976744186046512,0.027658840641379356,0.0,-0.5,-0.06152773,-0.26042885
0.4642857142857143,0.5,0.3333333333333333,0.42424242424242425,0.6153846153846154,0.5869565217391305,0.25123777985572815,0.24531397223472595,0.3295969078691238,0.32957837686483993,0.6510074330105609,0.3380851257320977,0.17053472676447462,0.17053472676447462,0.8762864843010902,0.0,0.0,0.0,0.057591931149363514,0.47587474435567856,0.4769734609872103,0.0,-0.0,0.0,0.5,0.0,0.6976744186046512,0.031568657606840134,0.0,-0.5,-0.06213562,-0.26724523
0.4642857142857143,0.5,0.3333333333333333,0.42424242424242425,0.6153846153846154,0.5869565217391305,0.20510150492191315,0.199615016579628,0.32245554203740956,0.32243717058666804,0.7059926494357691,0.2869325563460367,0.17928198512111393,0.17928198512111393,0.8764473088085651,0.0,0.0,0.0,0.06275738701224327,0.4764427002519369,0.47787392884492874,0.0,-0.0,0.0,0.5,0.0,0.6976744186046512,0.03624818101525307,0.0,-0.5,-0.06253795,-0.26543117
0.4642857142857143,0.5,0.3333333333333333,0.42424242424242425,0.6153846153846154,0.5869565217391305,0.2029220312833786,0.19731749594211578,0.32033628350690035,0.32031770691589,0.6965650864814481,0.29562120405204845,0.18586495625121255,0.18586495625121255,0.8754520751535892,0.0,0.0,0.0,0.0642384398728609,0.4764704443514347,0.47809075750410557,0.0,-0.0,0.0,0.5,0.0,0.6976744186046512,0.038345664739608765,0.0,-0.5,-0.06584217,-0.27031696
0.4642857142857143,0.5,0.3333333333333333,0.42424242424242425,0.6153846153846154,0.5869565217391305,0.20818576216697693,0.20278507471084595,0.31989638299376744,0.3198777494193491,0.6936461228029678,0.29805601390273756,0.18962819661412922,0.18962819661412922,0.8749272376298904,0.0,0.0,0.0,0.06571070998907089,0.47669033892452717,0.4783386941999197,0.0,-0.0,0.0,0.5,0.0,0.6976744186046512,0.04029034450650215,0.0,-0.5,-0.0632774,-0.26936978
0.4642857142857143,0.5,0.3333333333333333,0.42424242424242425,0.6153846153846154,0.5869565217391305,0.1897890418767929,0.18370971083641052,0.3207026298369778,0.32068428117959946,0.7135996836777171,0.2800029864452031,0.19211715353386744,0.19211715353386744,0.8753250166773796,0.0,0.0,0.0,0.06693957708775997,0.4768737405538559,0.4785980340093374,0.0,-0.0,0.0,0.5,0.0,0.6976744186046512,0.041477274149656296,0.0,-0.5,-0.0357346,-0.1998653
0.4642857142857143,0.5,0.3333333333333333,0.42424242424242425,0.6153846153846154,0.5869565217391305,0.1912866085767746,0.18477468192577362,0.32123803454193056,0.3212195491243731,0.6977208239626475,0.2946659569935812,0.19248289721352715,0.19248289721352715,0.8757105953991413,0.0,0.0,0.0,0.067820143699646,0.4771148432046175,0.4788733050227165,0.0,-0.0,0.0,0.5,0.0,0.6976744186046512,0.042223211377859116,0.0,-0.5,-0.02282154,-0.09458897
0.4642857142857143,0.5,0.3333333333333333,0.42424242424242425,0.6153846153846154,0.5869565217391305,0.722190797328949,0.7061381340026855,0.33554189565304815,0.3355262138191646,0.5107808056399653,0.4847178228447993,0.1920013129711151,0.1920013129711151,0.8743755742907524,0.0,0.0,0.0,0.06880268976092338,0.47738201916217804,0.47910348512232304,0.0,-0.0,0.0,0.5,0.0,0.6976744186046512,0.04290129616856575,0.0,-0.5,-0.00816552,-0.05048522
0.4642857142857143,0.5,0.3333333333333333,0.42424242424242425,0.6153846153846154,0.5869565217391305,0.9665716886520386,0.9665529131889343,0.4317865925582827,0.4317745291708076,0.4989510000101068,0.5002921632274793,0.19378566316195897,0.19378566316195897,0.8404233977198601,0.0,0.0,0.0,0.06432105973362923,0.475744416937232,0.4778205528855324,0.0,-0.0,0.0,0.5,0.0,0.6976744186046512,0.04110680893063545,0.0,-0.49705722,0.0191661,-0.01856031
0.4642857142857143,0.5,0.3333333333333333,0.42424242424242425,0.6153846153846154,0.5869565217391305,0.9638669490814209,0.9638051986694336,0.42958909580857985,0.4295767759957687,0.4855208892667271,0.512871521216227,0.19536288721220835,0.19536288721220835,0.8295125961303711,0.0,0.0,0.0,0.06083736643195152,0.4747626055032015,0.4767526797950268,0.0,-0.0,0.0,0.5,0.0,0.6976744186046512,0.039741843938827515,0.0,-0.48559233,0.03747086,-0.00292418
0.4642857142857143,0.5,0.3333333333333333,0.42424242424242425,0.6153846153846154,0.5869565217391305,0.9588450193405151,0.9587513208389282,0.39990382303927186,0.3998806193955314,0.46500095605394354,0.531249433876173,0.19004504595484054,0.19004504595484054,0.8414099887013435,0.0,0.0,0.0,0.05959260277450084,0.4722151346504688,0.47168190218508244,0.0,-0.0,0.1342606097459793,0.44629575610160827,0.14785733819007874,0.6074740997580594,0.03464582562446594,0.0,-0.47093894,0.03395408,-0.00267557
0.4642857142857143,0.5,0.3333333333333333,0.42424242424242425,0.6153846153846154,0.5869565217391305,0.29693785309791565,0.2966957092285156,0.37269254761033943,0.3726657426152129,0.3877281440603574,0.6015781338032021,0.16745792967932566,0.16745792967932566,0.8872065320611,0.0,0.0,0.0,0.06710658483207226,0.47425955906510353,0.4735230077058077,0.0,-0.0,0.13799110054969788,0.44480355978012087,0.15148143470287323,0.5954733144405276,0.0351126492023468,0.0,-0.45596718,0.0350723,-0.00387346
0.4642857142857143,0.5,0.3333333333333333,0.42424242424242425,0.6153846153846154,0.5869565217391305,0.20834225416183472,0.20807555317878723,0.38529512348867967,0.385268751567454,0.3807193330323491,0.6091550038781216,0.16187733305352076,0.16187733305352076,0.892846129834652,0.0,0.0,0.0,0.07720325700938702,0.47511392273008823,0.4745582193136215,0.11592579632997513,0.11592579632997513,0.13707713782787323,0.44516914486885073,0.14696957170963287,0.592523591462956,0.03567766770720482,0.00730950734578073,-0.45174136,0.04068001,-0.01847299
0.4642857142857143,0.5,0.3333333333333333,0.42424242424242425,0.6153846153846154,0.5869565217391305,0.20780962705612183,0.2075282633304596,0.3860863153154946,0.3860599775843137,0.38236086546349024,0.6076016532708713,0.16184943595102858,0.16184943595102858,0.8933150842785835,0.0,0.0,0.0,0.07996236868202686,0.47487401217222214,0.4744369573891163,0.11993452906608582,0.11993452906608582,0.13466650247573853,0.4461333990097046,0.14176097512245178,0.5923762674941573,0.03581714257597923,0.011824001558125019,-0.43070316,0.03404015,-0.02824354
0.4642857142857143,0.5,0.3333333333333333,0.42424242424242425,0.6153846153846154,0.5869565217391305,0.8800626397132874,0.8798794150352478,0.392141497613823,0.3921168693848823,0.49430826215169626,0.498859645936908,0.16216584614345006,0.16216584614345006,0.8602210804820061,0.0,0.0,0.0,0.08049259036779403,0.4744750391691923,0.4746645037084818,0.0,-0.0,0.0,0.5,0.0,0.6976744186046512,0.036214813590049744,0.027336026541888714,-0.38671074,0.02499727,-0.04338894
0.4642857142857143,0.5,0.3333333333333333,0.42424242424242425,0.6153846153846154,0.5869565217391305,0.9896145462989807,0.9896032214164734,0.4037718795681547,0.40374886966800144,0.5019605066734107,0.49469401635307153,0.19146918186119627,0.19146918186119627,0.8296817913651466,0.0,0.0,0.0,0.0729527112096548,0.46816975995898247,0.4696162063628435,0.0,-0.0,0.0,0.5,0.0,0.6976744186046512,0.033853743225336075,0.02689971122890711,-0.37986335,-0.00551369,-0.06973116
0.4642857142857143,0.5,0.3333333333333333,0.42424242424242425,0.6153846153846154,0.5869565217391305,0.9842181205749512,0.9842068552970886,0.4029412894130437,0.40291823392616405,0.5005438417217642,0.49599702175392424,0.18895440867968968,0.18895440867968968,0.8315973654389381,0.0,0.0,0.0,0.06829028651118278,0.4675970524549484,0.4691539295017719,0.0,-0.0,0.0,0.5,0.0,0.6976744186046512,0.03234180808067322,0.024618457537144423,-0.37479135,-0.0253658,-0.07502082
0.4642857142857143,0.5,0.3333333333333333,0.42424242424242425,0.6153846153846154,0.5869565217391305,0.9805690050125122,0.9805499315261841,0.39512071554793,0.3950972611771943,0.49697049029071744,0.4989253592030218,0.1763299373643739,0.1763299373643739,0.8373544663190842,0.0,0.0,0.0,0.06648023016750812,0.4669668413698673,0.46871090307831764,0.0,-0.0,0.0,0.5,0.0,0.6976744186046512,0.030729366466403008,0.02562935696914792,-0.37541353,-0.03282586,-0.08064451
0.4642857142857143,0.5,0.3333333333333333,0.42424242424242425,0.6153846153846154,0.5869565217391305,0.891660749912262,0.8903133869171143,0.3434017538796419,0.34337597458585956,0.4951531779355802,0.49759484791112396,0.14759817293712071,0.14759817293712071,0.8587701246142387,0.0,0.0,0.0,0.06562249660491944,0.46855201572179794,0.4703680034726858,0.0,-0.0,0.0,0.5,0.0,0.6976744186046512,0.03005853295326233,0.02854702528566122,-0.38171954,-0.04622895,-0.09317917
0.4642857142857143,0.5,0.3333333333333333,0.42424242424242425,0.6153846153846154,0.5869565217391305,0.4612729549407959,0.4603935480117798,0.329451395038437,0.3294273138502132,0.5007172473964511,0.4903973420258411,0.12628986899341857,0.12628986899341857,0.8829186670482159,0.0,0.0,0.0,0.07088786140084266,0.4712322819977999,0.47316774539649487,0.10595449805259705,-0.0,0.0,0.5,0.0,0.6976744186046512,0.03118760697543621,0.03853590693324804,-0.39386235,-0.05103062,-0.10373454
0.4642857142857143,0.5,0.3333333333333333,0.42424242424242425,0.6153846153846154,0.5869565217391305,0.9912641644477844,0.9911205172538757,0.3847461795259844,0.3847250842683402,0.4792862961328736,0.5165646899675953,0.17516393746648518,0.17516393746648518,0.8348537683486938,0.0,0.0,0.0,0.05526212304830551,0.4708668477833271,0.47311207465827465,0.0,-0.0,0.07290034741163254,0.4919549827537839,0.07352426648139954,0.7538636895113213,0.029394665732979774,0.02186924684792757,-0.40445172,-0.07993564,-0.1551815
0.4642857142857143,0.5,0.3333333333333333,0.42424242424242425,0.6153846153846154,0.5869565217391305,0.7110777497291565,0.6944727897644043,0.28978159778660617,0.2897572316813423,0.4772777079282254,0.5153045987713127,0.1783989103777068,0.1783989103777068,0.8674433380365372,0.0,0.0,0.0,0.048681745678186415,0.47073821164667606,0.4728800654411316,0.0,-0.0,0.09173879027366638,0.6031746031746031,0.09354934096336365,0.8,0.024479877203702927,0.0,-0.4127598,-0.0913377,-0.18037871
0.4642857142857143,0.5,0.3333333333333333,0.42424242424242425,0.6153846153846154,0.5869565217391305,0.38593757152557373,0.3843783438205719,0.3436786248624667,0.34365474881451175,0.48136064603953244,0.5093332732562075,0.15985546367509026,0.15985546367509026,0.8801671341061592,0.0,0.0,0.0,0.04905690290033817,0.4728659838438034,0.474508311599493,0.0,-0.0,0.09353797882795334,0.5735138985845778,0.09444854408502579,0.7917914777820887,0.023404844105243683,0.0,-0.41818958,-0.09530754,-0.18550099
0.4642857142857143,0.5,0.3333333333333333,0.42424242424242425,0.6153846153846154,0.5869565217391305,0.3386726677417755,0.3366749882698059,0.35835831434275406,0.35833492835210795,0.47603880173845453,0.5151998547198845,0.14976169914007187,0.14976169914007187,0.8846593275666237,0.0,0.0,0.0,0.05011569820344448,0.4742437470704317,0.475397452712059,0.0,-0.0,0.0,0.5,0.0,0.6976744186046512,0.023183215409517288,0.0,-0.42114949,-0.09431175,-0.18870126
0.4642857142857143,0.5,0.3333333333333333,0.42424242424242425,0.6153846153846154,0.5869565217391305,0.29935288429260254,0.2972700297832489,0.368603714565474,0.36858055650846,0.4607890388477829,0.5302460557821326,0.13570587549890792,0.13570587549890792,0.8925697952508926,0.0,0.0,0.0,0.051344247162342066,0.4757367055863142,0.4766361862421036,0.0,-0.0,0.0,0.5,0.0,0.6976744186046512,0.023534519597887993,0.0,-0.42382851,-0.09547872,-0.18778785
0.4642857142857143,0.5,0.3333333333333333,0.42424242424242425,0.6153846153846154,0.5869565217391305,0.2934494912624359,0.29118019342422485,0.3720121771154167,0.37198908743849224,0.45127931721579734,0.5399665234257063,0.13520341366529465,0.13520341366529465,0.8930683992803097,0.0,0.0,0.0,0.05354018360376358,0.476489057764411,0.4772361386567354,0.0,-0.0,0.0,0.5,0.0,0.6976744186046512,0.02363794855773449,0.0,-0.42395952,-0.08771338,-0.17688036
0.4642857142857143,0.5,0.3333333333333333,0.42424242424242425,0.6153846153846154,0.5869565217391305,0.2843805253505707,0.28203630447387695,0.3746378130028398,0.37461495125954736,0.4461162614548867,0.5454993416720043,0.13392773589917592,0.13392773589917592,0.8947322145104408,0.0,0.0,0.0,0.055071904137730596,0.4774377252906561,0.47821351885795593,0.0,-0.0,0.0,0.5,0.0,0.6976744186046512,0.02434684708714485,0.0,-0.41799157,-0.08792561,-0.17648853
0.4642857142857143,0.5,0.3333333333333333,0.42424242424242425,0.6153846153846154,0.5869565217391305,0.30711472034454346,0.3046668767929077,0.3732430529184141,0.37322033933198245,0.4381579188042343,0.553978754495179,0.13731258256094797,0.13731258256094797,0.8946471139788628,0.0,0.0,0.0,0.05621304027736187,0.4779328666627407,0.4786132350564003,0.0,-0.0,0.0,0.5,0.0,0.6976744186046512,0.0245071854442358,0.0,-0.42542502,-0.08636975,-0.17369434
0.4642857142857143,0.5,0.3333333333333333,0.42424242424242425,0.6153846153846154,0.5869565217391305,0.985548734664917,0.9846709370613098,0.36753471722794306,0.36751340543334843,0.4684089570382813,0.5278513252114653,0.1657885579126222,0.1657885579126222,0.8496740087866783,0.0,0.0,0.0,0.05568135045468807,0.4765725713223219,0.4781814906746149,0.0,-0.0,0.0,0.5,0.0,0.6976744186046512,0.02367565408349037,0.0,-0.42531886,-0.08564598,-0.16817033
0.4642857142857143,0.5,0.3333333333333333,0.42424242424242425,0.6153846153846154,0.5869565217391305,0.9855839610099792,0.9854656457901001,0.36653518266477275,0.36651383668013326,0.4677010977473359,0.5284984800778607,0.1683683427316802,0.1683683427316802,0.8458302095532417,0.0,0.0,0.0,0.05517159402370452,0.47609286941587925,0.47785588167607784,0.0,-0.0,0.0,0.5,0.0,0.6976744186046512,0.023349225521087646,0.0,-0.42946872,-0.07469191,-0.15459986
0.4642857142857143,0.5,0.3333333333333333,0.42424242424242425,0.6153846153846154,0.5869565217391305,0.4388647973537445,0.43536248803138733,0.32673199865147895,0.32670874942101213,0.48225369855733036,0.5110075369569079,0.1401924395135471,0.1401924395135471,0.8893955983221531,0.0,0.0,0.0,0.05473772436380386,0.47693872079253197,0.47863185219466686,0.0,-0.0,0.0,0.5,0.0,0.6976744186046512,0.02312491089105606,0.0,-0.40048304,-0.07077216,-0.21598825
0.4642857142857143,0.5,0.3333333333333333,0.42424242424242425,0.6153846153846154,0.5869565217391305,0.3185189962387085,0.3148350119590759,0.3427677222921105,0.34274482635877324,0.5407398316873875,0.4531822418340939,0.1356771428670202,0.1356771428670202,0.9011589586734772,0.0,0.0,0.0,0.05659374147653579,0.47892671823501587,0.48042543418705463,0.0,-0.0,0.0,0.5,0.0,0.6976744186046512,0.02450137957930565,0.0,-0.36840689,-0.04673448,-0.19599378
0.4642857142857143,0.5,0.3333333333333333,0.42424242424242425,0.6153846153846154,0.5869565217391305,0.31067320704460144,0.3062514364719391,0.34519232071608474,0.34516964131969796,0.5586809551282776,0.4361572748337781,0.13440966606140137,0.13440966606140137,0.9051844365894794,0.0,0.0,0.0,0.05855411887168884,0.4805029034614563,0.4818391501903534,0.0,-0.0,0.0,0.5,0.0,0.6976744186046512,0.025925979018211365,0.0,-0.34133922,-0.02817272,-0.04915788
0.4642857142857143,0.5,0.3333333333333333,0.42424242424242425,0.6153846153846154,0.5869565217391305,0.29695191979408264,0.29258993268013,0.34753968382884626,0.34751722096940985,0.5735724576344682,0.42181251103239303,0.13479421713522502,0.13479421713522502,0.9069670476019382,0.0,0.0,0.0,0.06027439981698989,0.48123545944690704,0.48244951106607914,0.0,-0.0,0.0,0.5,0.0,0.6976744186046512,0.026727762073278427,0.0,-0.31970967,-0.00711813,0.01969013
0.4642857142857143,0.5,0.3333333333333333,0.42424242424242425,0.6153846153846154,0.5869565217391305,0.2681382894515991,0.26383987069129944,0.3471350788386328,0.3471125475991068,0.5746241491109874,0.4206843877107139,0.13397302478551865,0.13397302478551865,0.9097786210477352,0.0,0.0,0.0,0.06068709231913089,0.4820872154086828,0.48312786407768726,0.0,-0.0,0.0,0.5,0.0,0.6976744186046512,0.027357473969459534,0.0,-0.31409206,0.04385971,0.11796687
0.4642857142857143,0.5,0.3333333333333333,0.42424242424242425,0.6153846153846154,0.5869565217391305,0.26535820960998535,0.26109641790390015,0.34736134855514733,0.34733881731562133,0.575008758623331,0.4203275348164105,0.13365282544067927,0.13365282544067927,0.9100762084126472,0.0,0.0,0.0,0.06056767776608467,0.48216092959046364,0.48318457417190075,0.0,-0.0,0.0,0.5,0.0,0.6976744186046512,0.02735574170947075,0.0,-0.2898371,0.08744625,0.20119286
0.4642857142857143,0.5,0.3333333333333333,0.42424242424242425,0.6153846153846154,0.5869565217391305,0.25917544960975647,0.25501492619514465,0.35307762773269447,0.35305527884007415,0.5759970560584424,0.4194582415305811,0.13156474700995854,0.13156474700995854,0.9120522029697895,0.0,0.0,0.0,0.061238592863082884,0.4828108511865139,0.4837854988873005,0.0,-0.0,0.2957364618778229,0.38170541524887086,0.0,0.6976744186046512,0.027868693694472313,0.0,-0.29448808,0.09446369,0.21082732
0.4642857142857143,0.5,0.3333333333333333,0.42424242424242425,0.6153846153846154,0.5869565217391305,0.269056111574173,0.2649903893470764,0.34943985255224985,0.34941737829613184,0.572132504009152,0.4231283946834554,0.12905893049069814,0.12905893049069814,0.9136465303599834,0.0,0.0,0.0,0.061081314459443085,0.4831366278231144,0.48412901535630226,0.0,-0.0,0.3009081184864044,0.3796367526054382,0.0,0.6976744186046512,0.027958601713180542,0.0,-0.29502683,0.10448267,0.20616479
0.4642857142857143,0.5,0.3333333333333333,0.42424242424242425,0.6153846153846154,0.5869565217391305,0.2680599093437195,0.26390719413757324,0.35083367810878424,0.35081107848916865,0.5714022217471558,0.4235066505458063,0.12748348925794875,0.12748348925794875,0.9144510105252266,0.0,0.0,0.0,0.059993930906057355,0.48316105268895626,0.48414858616888523,0.0,-0.0,0.3086891770362854,0.37652432918548584,0.0,0.6976744186046512,0.027804160490632057,0.0,-0.29839783,0.09881041,0.1682442
0.4642857142857143,0.5,0.3333333333333333,0.42424242424242425,0.6153846153846154,0.5869565217391305,0.2658179998397827,0.26194530725479126,0.3525091726510976,0.3524865274447556,0.5763434923857621,0.4183752148779988,0.1265010131256921,0.1265010131256921,0.9156059585511684,0.0,0.0,0.0,0.05916472822427749,0.48341236636042595,0.48435364849865437,0.0,-0.0,0.0,0.5,0.0,0.6976744186046512,0.02783217653632164,0.0,-0.28283494,0.08076272,0.11174339
0.4642857142857143,0.5,0.3333333333333333,0.42424242424242425,0.6153846153846154,0.5869565217391305,0.2657226026058197,0.2617206573486328,0.35084204327307966,0.3508192954966033,0.5598719539423518,0.43442215285332614,0.1252595548118864,0.1252595548118864,0.9162118062376976,0.0,0.0,0.0,0.058459712192416184,0.48338718339800835,0.48433202877640724,0.0,-0.0,0.0,0.5,0.0,0.6976744186046512,0.02781953662633896,0.0,-0.27733339,0.05941145,0.07227617
0.4642857142857143,0.5,0.3333333333333333,0.42424242424242425,0.6153846153846154,0.5869565217391305,0.2687802314758301,0.2642086148262024,0.3502276139779027,0.3502048662014263,0.5568698343765667,0.4372720982280283,0.1253302927528109,0.1253302927528109,0.9161556661128998,0.0,0.0,0.0,0.058506556972861286,0.48333870619535446,0.48428695648908615,0.0,-0.0,0.0,0.5,0.0,0.6976744186046512,0.027860498055815697,0.0,-0.27669492,0.0381514,0.02783632
0.4642857142857143,0.5,0.3333333333333333,0.42424242424242425,0.6153846153846154,0.5869565217391305,0.2912019193172455,0.28649961948394775,0.3391940078589474,0.3391706788517093,0.5643033541411332,0.42918741766348345,0.12754814965384348,0.12754814965384348,0.9146377108991146,0.0,0.0,0.0,0.058573024719953536,0.48282450810074806,0.4838561974465847,0.0,-0.0,0.0,0.5,0.0,0.6976744186046512,0.02835683524608612,0.0,-0.29451949,0.01503883,-0.01023144
0.4642857142857143,0.5,0.3333333333333333,0.42424242424242425,0.6153846153846154,0.5869565217391305,0.3590204119682312,0.35561567544937134,0.33893896152138936,0.33891579206769373,0.5130759398978253,0.47990676499183,0.1277744450739452,0.1277744450739452,0.9136755615472794,0.0,0.0,0.0,0.05806848630309105,0.482671357691288,0.48370949923992157,0.0,-0.0,0.0,0.5,0.0,0.6976744186046512,0.028194306418299675,0.0,-0.27882127,-0.02764365,-0.09156725
0.4642857142857143,0.5,0.3333333333333333,0.42424242424242425,0.6153846153846154,0.5869565217391305,0.9806535243988037,0.9805717468261719,0.3746806759223428,0.3746596148547433,0.4708725805492292,0.5256883718036962,0.14001451964889255,0.14001451964889255,0.8749121092259884,0.0,0.0,0.0,0.05631636530160904,0.4815919566899538,0.4827929101884365,0.0,-0.0,0.0,0.5,0.0,0.6976744186046512,0.026876473799347878,0.0,-0.25525691,-0.06975184,-0.15538247
0.4642857142857143,0.5,0.3333333333333333,0.42424242424242425,0.6153846153846154,0.5869565217391305,0.30247223377227783,0.3001560568809509,0.3585921286624887,0.3585702242404507,0.6011294684948019,0.39582480613355153,0.13698885483401163,0.13698885483401163,0.9052615873515606,0.0,0.0,0.0,0.06478618532419204,0.48230645433068275,0.48330862633883953,0.0,-0.0,0.24802502989768982,0.4007899880409241,0.0,0.6976744186046512,0.027803093194961548,0.0,-0.24705381,-0.10566654,-0.21725342
0.4642857142857143,0.5,0.3333333333333333,0.42424242424242425,0.6153846153846154,0.5869565217391305,0.20075084269046783,0.1990172266960144,0.3813097723127551,0.3812887682285637,0.6061430966648955,0.39209633616092276,0.13679477785314834,0.13679477785314834,0.9074985831975937,0.0,0.0,0.0,0.06591952703893184,0.4829426445066929,0.483844006434083,0.10185384005308151,-0.0,0.0,0.5,0.0,0.6976744186046512,0.028440361842513084,0.0,-0.25905483,-0.12236258,-0.25084099
0.4642857142857143,0.5,0.3333333333333333,0.42424242424242425,0.6153846153846154,0.5869565217391305,0.8940660953521729,0.8926368951797485,0.3638630483164158,0.36384092735742746,0.3971751953402167,0.5977683143173025,0.12364974511521204,0.12364974511521204,0.9074892476201057,0.0,0.0,0.0,0.0615714244544506,0.4843612238764763,0.4851885950192809,0.0,-0.0,0.0,0.5,0.0,0.6976744186046512,0.028114885091781616,0.0,-0.33967579,-0.132414,-0.28192824
0.4642857142857143,0.5,0.3333333333333333,0.42424242424242425,0.6153846153846154,0.5869565217391305,0.6299479603767395,0.6286740303039551,0.32271634369917623,0.3226932426255702,0.37678738670640877,0.6181406605033477,0.139511057308742,0.139511057308742,0.8917207792401314,0.0,0.0,0.0,0.0609543427824974,0.4835829623043537,0.48428189754486084,0.0,-0.0,0.0,0.5,0.0,0.6976744186046512,0.026961153373122215,0.0,-0.39887304,-0.11570038,-0.25288516
0.4642857142857143,0.5,0.3333333333333333,0.42424242424242425,0.6153846153846154,0.5869565217391305,0.22937916219234467,0.22900785505771637,0.398350261593412,0.3983283799647373,0.40628474529113184,0.5867930364147832,0.1175077898161752,0.1175077898161752,0.9077312089502811,0.0,0.0,0.0,0.06070859543979167,0.4842208381742239,0.48467120714485645,0.0,-0.0,0.0,0.5,0.0,0.6976744186046512,0.026032015681266785,0.0,-0.43909409,-0.09444082,-0.16541788
0.4642857142857143,0.5,0.3333333333333333,0.42424242424242425,0.6153846153846154,0.5869565217391305,0.1850603222846985,0.18460513651371002,0.40553681526767593,0.40551504760581725,0.44762380310044003,0.5450539686148248,0.09907460106270655,0.09907460106270655,0.9093413650989532,0.0,0.0,0.0,0.06040205471217632,0.48502200562506914,0.4853592924773693,0.0,-0.0,0.0,0.5,0.0,0.6976744186046512,0.0240472462028265,0.0,-0.49303716,-0.06618728,-0.11421636
0.4642857142857143,0.5,0.3333333333333333,0.42424242424242425,0.6153846153846154,0.5869565217391305,0.24848969280719757,0.24820813536643982,0.39144918339658197,0.391427221991136,0.4789756724529011,0.5140532288856255,0.09195421423230853,0.09195421423230853,0.910705678164959,0.0,0.0,0.0,0.056200246885418886,0.4859526017680764,0.48641868121922016,0.0,-0.0,0.0,0.5,0.0,0.6976744186046512,0.021396247670054436,0.0,-0.5,-0.01062155,-0.08429328
0.4642857142857143,0.5,0.3333333333333333,0.42424242424242425,0.6153846153846154,0.5869565217391305,0.9090306758880615,0.9090026617050171,0.3335508156005101,0.33352801084062567,0.5310453783941542,0.46356629978351743,0.11816351541451046,0.11816351541451046,0.896260853856802,0.0,0.0,0.0,0.05492170043289661,0.4853723896667361,0.48592276964336634,0.0,-0.0,0.0,0.5,0.0,0.6976744186046512,0.019544294103980064,0.003755185753107071,-0.5,0.03101436,-0.07194678
0.4642857142857143,0.5,0.3333333333333333,0.42424242424242425,0.6153846153846154,0.5869565217391305,0.2533470094203949,0.2530550956726074,0.3857739436694815,0.3857531105355141,0.3332976497154163,0.6651683377439566,0.10521200618573598,0.10521200618573598,0.9020783193409443,0.0,0.0,0.0,0.054499192535877226,0.4861196493729949,0.48677091021090746,0.0,-0.0,0.10110478103160858,0.45955808758735656,0.10084982961416245,0.7403223651872818,0.019269371405243874,0.008136704564094543,-0.5,0.05896621,-0.07775684
0.4642857142857143,0.5,0.3333333333333333,0.42424242424242425,0.6153846153846154,0.5869565217391305,0.14631642401218414,0.1457320600748062,0.3995632104162504,0.3995426166125967,0.32969482815744316,0.6687194753508673,0.09299069376928466,0.09299069376928466,0.9107480421662331,0.0,0.0,0.0,0.050869929417967794,0.4883744465187192,0.4890160681679845,0.0,-0.0,0.0945134237408638,0.4627374540718775,0.0917682871222496,0.7421401223211095,0.019728610292077065,0.020926326978951693,-0.5,0.06336839,-0.09285498
0.4642857142857143,0.5,0.3333333333333333,0.42424242424242425,0.6153846153846154,0.5869565217391305,0.12331829965114594,0.12221971154212952,0.4048191776239165,0.4047985325351956,0.3425295658366858,0.6550801661406096,0.08732620892780169,0.08732620892780169,0.9133646786212921,0.0,0.0,0.0,0.04843822009861469,0.4893647227436304,0.490034525282681,0.0,-0.0,0.08919860422611237,0.47011821799808073,0.08638123422861099,0.7468198820255524,0.019499309360980988,0.028313081711530685,-0.5,0.06436022,-0.09031616
0.4642857142857143,0.5,0.3333333333333333,0.42424242424242425,0.6153846153846154,0.5869565217391305,0.11907514929771423,0.11791334301233292,0.4074261229535134,0.4074055234515188,0.3457491055957218,0.6516868953672417,0.08526204153895378,0.08526204153895378,0.9144499562680721,0.0,0.0,0.0,0.04747378714382648,0.48971934150904417,0.49040427803993225,0.0,-0.0,0.08712544292211533,0.4720252827992515,0.08432792872190475,0.7478755054085754,0.01946629397571087,0.030906165484339,-0.5,0.1101225,-0.05543098
0.4642857142857143,0.5,0.3333333333333333,0.42424242424242425,0.6153846153846154,0.5869565217391305,0.9603508114814758,0.9603435397148132,0.36782260880187634,0.36780053342961444,0.5827114110239149,0.41274736255299704,0.1203370573265212,0.1203370573265212,0.8942258432507515,0.0,0.0,0.0,0.04603935740888118,0.4880592003464699,0.4890046352520585,0.0,-0.0,0.0,0.5,0.0,0.6976744186046512,0.01864267885684967,0.027940094005316496,-0.5,0.13337448,-0.04404209
0.4642857142857143,0.5,0.3333333333333333,0.42424242424242425,0.6153846153846154,0.5869565217391305,0.3419616222381592,0.34182584285736084,0.35780942736346677,0.3577865884135376,0.5904626474781657,0.4036196348949276,0.0992679170199803,0.0992679170199803,0.8942698910832405,0.0,0.0,0.0,0.04686748310923576,0.4872577516362071,0.4881778433918953,0.0,-0.0,0.0,0.5,0.0,0.6976744186046512,0.018206266686320305,0.022609864827245474,-0.5,0.14462803,-0.03625404
0.4642857142857143,0.5,0.3333333333333333,0.42424242424242425,0.6153846153846154,0.5869565217391305,0.18229463696479797,0.18173281848430634,0.4038170446173411,0.4037954820957512,0.5610705144546684,0.43157363206382415,0.08698855127607073,0.08698855127607073,0.9008693061769009,0.0,0.0,0.0,0.04800198785960674,0.48750691395252943,0.4883523629978299,0.0,-0.0,0.0,0.5,0.0,0.6976744186046512,0.01799328252673149,0.01643981202505529,-0.5,0.1413801,-0.03923652
0.4642857142857143,0.5,0.3333333333333333,0.42424242424242425,0.6153846153846154,0.5869565217391305,0.16312526166439056,0.16269873082637787,0.4102209083892647,0.4101995396112621,0.5305697891725865,0.4616973750627241,0.0821787039084094,0.0821787039084094,0.90660809725523,0.0,0.0,0.0,0.04951223656535148,0.48789907060563564,0.4886220609769225,0.0,-0.0,0.0,0.5,0.0,0.6976744186046512,0.018394874408841133,0.010903911897912621,-0.5,0.12804094,-0.03946788
0.4642857142857143,0.5,0.3333333333333333,0.42424242424242425,0.6153846153846154,0.5869565217391305,0.26188576221466064,0.2616180181503296,0.3769594652019085,0.376937435416373,0.4944440276142972,0.49775415642488935,0.08070377899067743,0.08070377899067743,0.9093548730015755,0.0,0.0,0.0,0.05371959619224071,0.48803692031651735,0.48856183234602213,0.0,-0.0,0.21826042234897614,0.4126958310604095,0.20941632986068726,0.613041206501251,0.019747819751501083,0.007070152787491679,-0.5,0.12331859,-0.03785058
0.4642857142857143,0.5,0.3333333333333333,0.42424242424242425,0.6153846153846154,0.5869565217391305,0.6860857009887695,0.674200713634491,0.28655560750578374,0.2865326317956753,0.48620258889964163,0.5084045149349523,0.10180021503141949,0.10180021503141949,0.8964601829648018,0.0,0.0,0.0,0.06495201960206032,0.48456613440066576,0.4854040127247572,0.0,-0.0,0.15182168781757355,0.4392713248729706,0.14743368327617645,0.5883753265059272,0.022015005350112915,0.006357587408274412,-0.5,0.11519032,-0.04191203
0.4642857142857143,0.5,0.3333333333333333,0.42424242424242425,0.6153846153846154,0.5869565217391305,0.2454262375831604,0.24442675709724426,0.36625461915710916,0.3662331592056537,0.557833144587267,0.4372594365147692,0.10054536695991244,0.10054536695991244,0.9052836559712887,0.0,0.0,0.0,0.11295621097087859,0.4753678422421217,0.47674780897796154,0.16800391674041748,0.16800391674041748,0.13144682347774506,0.44742127060890197,0.12716767191886902,0.5908629194248555,0.026332715526223183,0.011779326014220715,-0.5,0.1061576,-0.04288442
0.4642857142857143,0.5,0.3333333333333333,0.42424242424242425,0.6153846153846154,0.5869565217391305,0.18582187592983246,0.18514090776443481,0.3807136118981852,0.380692516640541,0.5473018215673604,0.44776283481558193,0.09696355355637415,0.09696355355637415,0.9107674732804298,0.0,0.0,0.0,0.11778799816966055,0.4726308509707451,0.4740305207669735,0.17481163144111633,0.17481163144111633,0.12275170534849167,0.45089931786060333,0.11930852383375168,0.6063856842905976,0.029107697308063507,0.014863002579659224,-0.5,0.09368277,-0.04899614
0.4642857142857143,0.5,0.3333333333333333,0.42424242424242425,0.6153846153846154,0.5869565217391305,0.17160078883171082,0.17102186381816864,0.3812427028415308,0.381221767137429,0.5452831302044725,0.45020112065415946,0.09148049833519119,0.09148049833519119,0.9147737100720406,0.0,0.0,0.0,0.1181215077638626,0.47174905613064766,0.47326325066387653,0.17519806325435638,0.17519806325435638,0.107570119202137,0.4569719523191452,0.10709493607282639,0.6155685231436131,0.030470512807369232,0.010396651923656464,-0.49060007,0.0725128,-0.05070886
0.4642857142857143,0.5,0.3333333333333333,0.42424242424242425,0.6153846153846154,0.5869565217391305,0.17229053378105164,0.17175620794296265,0.3741493626260849,0.3741283813352566,0.5358076926399143,0.45983592086672054,0.08047637396625111,0.08047637396625111,0.9215803444385529,0.0,0.0,0.0,0.07998026274144648,0.4749953430145979,0.47656890749931335,0.11948490887880325,0.11948490887880325,0.08907724171876907,0.46436910331249237,0.08855368196964264,0.6266716001338737,0.029506171122193336,0.0,-0.47693583,0.06045567,-0.05445812
0.4642857142857143,0.5,0.3333333333333333,0.42424242424242425,0.6153846153846154,0.5869565217391305,0.6468691825866699,0.6421754360198975,0.27435158497972656,0.2743292930705141,0.45296335926931175,0.5438341433192252,0.07618234093700137,0.07618234093700137,0.924108911305666,0.0,0.0,0.0,0.0853667814284563,0.4778543207794428,0.4796086773276329,0.13012021780014038,0.13012021780014038,0.08239252120256424,0.4670429915189743,0.0,0.6976744186046512,0.028683820739388466,0.0,-0.48831877,0.04416067,-0.09413709
0.4642857142857143,0.5,0.3333333333333333,0.42424242424242425,0.6153846153846154,0.5869565217391305,0.4986426532268524,0.49728429317474365,0.2882236486183298,0.2882016074361127,0.484036471488143,0.5128389438018693,0.08480523579886982,0.08480523579886982,0.9121737480163574,0.0,0.0,0.0,0.0692671999335289,0.4781987927854061,0.4805666618049145,0.10631135106086731,-0.0,0.08914806693792343,0.46434077322483064,0.0,0.6976744186046512,0.029639920219779015,0.0,-0.47100314,0.02400168,-0.12764995
0.4642857142857143,0.5,0.3333333333333333,0.42424242424242425,0.6153846153846154,0.5869565217391305,0.31688371300697327,0.31607237458229065,0.324340074513656,0.32432057479143594,0.5395549842322078,0.457436577489175,0.07758856085794313,0.07758856085794313,0.9161401242017746,0.0,0.0,0.0,0.05361947603523731,0.4830718971788883,0.4844754785299301,0.0,-0.0,0.13891662657260895,0.4444333493709564,0.0,0.6976744186046512,0.02845614030957222,0.0,-0.49706989,-0.03344172,-0.24234572
0.4642857142857143,0.5,0.3333333333333333,0.42424242424242425,0.6153846153846154,0.5869565217391305,0.9443718194961548,0.9431378245353699,0.37673009558799847,0.37671145061689854,0.4298170237422673,0.5666163356372043,0.10050921035664423,0.10050921035664423,0.9049445800483227,0.0,0.0,0.0,0.052526376396417614,0.48461607191711664,0.4859090307727456,0.0,-0.0,0.17052336037158966,0.4317906558513641,0.0,0.6976744186046512,0.02745990641415119,0.0,-0.5,-0.0422539,-0.26742268
0.4642857142857143,0.5,0.3333333333333333,0.42424242424242425,0.6153846153846154,0.5869565217391305,0.8951886296272278,0.8937552571296692,0.33284531542265616,0.3328259182705706,0.42107843007913737,0.575476053232394,0.1120896584221295,0.1120896584221295,0.8937510922551155,0.0,0.0,0.0,0.05154770277440548,0.48444575536996126,0.48582713585346937,0.0,-0.0,0.1934102177619934,0.42263591289520264,0.20919930934906006,0.6219754108162814,0.026144035160541534,0.0,-0.5,-0.04829943,-0.27532026
0.4642857142857143,0.5,0.3333333333333333,0.42424242424242425,0.6153846153846154,0.5869565217391305,0.946234405040741,0.9461789727210999,0.37989559228288056,0.37987715245204945,0.44394869239106916,0.5527427751157019,0.12090293424470085,0.12090293424470085,0.8847862258553505,0.0,0.0,0.0,0.05931760482490062,0.4841429553925991,0.4855397632345557,0.0,-0.0,0.27614933252334595,0.38954026699066163,0.30251386761665344,0.616004272948864,0.027980616316199303,0.0,-0.5,-0.04797285,-0.27463371
0.4642857142857143,0.5,0.3333333333333333,0.42424242424242425,0.6153846153846154,0.5869565217391305,0.9691649079322815,0.9691576957702637,0.39068717847134826,0.3906696275816821,0.48911993994767533,0.5096695124026643,0.16814386738198145,0.16814386738198145,0.8388655707240105,0.0,0.0,0.0,0.05796442069113254,0.4789082333445549,0.48095393367111683,0.0,-0.0,0.28966617584228516,0.38413352966308595,0.3139232099056244,0.5980023048644842,0.028359996154904366,0.0,-0.5,-0.03359627,-0.26656592
0.4642857142857143,0.5,0.3333333333333333,0.42424242424242425,0.6153846153846154,0.5869565217391305,0.9684099555015564,0.9683815836906433,0.38883708676690126,0.38881930794360303,0.4851586785074858,0.5130077656956015,0.17011215644223351,0.17011215644223351,0.8414030224084854,0.0,0.0,0.0,0.05717886313796043,0.4780455734580755,0.48001070134341717,0.0,-0.0,0.28945842385292053,0.3842166304588318,0.3124699890613556,0.5953057179617327,0.028615249320864677,0.0,-0.5,-0.00755133,-0.20907128
0.4642857142857143,0.5,0.3333333333333333,0.42424242424242425,0.6153846153846154,0.5869565217391305,0.9027538895606995,0.9011372327804565,0.3788423451593228,0.37882373437826766,0.46975379680812246,0.526223861983761,0.17052250249045237,0.17052250249045237,0.861334927380085,0.0,0.0,0.0,0.06050268858671188,0.47778249718248844,0.4793955162167549,0.0,-0.0,0.2739344537258148,0.3904262185096741,0.2951183021068573,0.5688882255276968,0.030540669336915016,0.0,-0.49315965,0.01034888,-0.16671857
0.4642857142857143,0.5,0.3333333333333333,0.42424242424242425,0.6153846153846154,0.5869565217391305,0.602769672870636,0.6024578809738159,0.3463017420832559,0.3462809773293781,0.4492417444006663,0.5421480163852703,0.25235226111752646,0.25235226111752646,0.8331026881933212,0.0,0.0,0.0,0.06854558587074279,0.47067809477448463,0.47067810222506523,0.0,-0.0,0.28200283646583557,0.38719886541366577,0.3136017322540283,0.5110433420469594,0.03269047290086746,0.0,-0.48028591,0.03673987,-0.11838737
0.4642857142857143,0.5,0.3333333333333333,0.42424242424242425,0.6153846153846154,0.5869565217391305,0.27773332595825195,0.2770971953868866,0.41087593266430594,0.41085563517437385,0.5061922038889296,0.4823409423266902,0.3393751169954028,0.3393751169954028,0.8233530223369598,0.0,0.0,0.0,0.09580969661474227,0.4643550142645836,0.46376531943678856,0.0,-0.0,0.24497747421264648,0.4020090103149414,0.2700204849243164,0.45539218325947606,0.03633233159780502,0.0,-0.47457501,0.0436864,-0.06120485
0.4642857142857143,0.5,0.3333333333333333,0.42424242424242425,0.6153846153846154,0.5869565217391305,0.0,0.0,0.4870857733157579,0.48706719387557723,0.51353257643789,0.4744002018507712,0.31181786741529194,0.31181786741529194,0.8386734500527382,0.0,0.0,0.0,0.09968357533216476,0.46332256123423576,0.4630284272134304,0.1518011838197708,0.1518011838197708,0.23902539908885956,0.4043898403644562,0.2560679018497467,0.46574297339417214,0.042884599417448044,0.0007218116661533713,-0.46952608,0.06983282,0.03806636
0.4642857142857143,0.5,0.3333333333333333,0.42424242424242425,0.6153846153846154,0.5869565217391305,0.0,0.0,0.49530847552971446,0.4952886606180189,0.518078031776968,0.46829914790899707,0.26782357266971046,0.26782357266971046,0.848932258784771,0.0,0.0,0.0,0.1003161571919918,0.4638464115560055,0.46437783166766167,0.15368013083934784,0.15368013083934784,0.23098573088645935,0.40760570764541626,0.24099119007587433,0.5025853597840597,0.04643763601779938,0.012371802004054189,-0.46361118,0.07153752,0.04731992
0.4642857142857143,0.5,0.3333333333333333,0.42424242424242425,0.6153846153846154,0.5869565217391305,0.0,0.0,0.49615032596239395,0.4961305160367466,0.518944290696321,0.46738574946537026,0.26631194565977373,0.26631194565977373,0.8496986106038094,0.0,0.0,0.0,0.10030018761754035,0.46394287422299385,0.46458180248737335,0.1537685990333557,0.1537685990333557,0.22784577310085297,0.40886169075965884,0.2369060516357422,0.5062647267829541,0.046742673963308334,0.013801431050524116,-0.45589861,0.07991934,0.04552796
0.4642857142857143,0.5,0.3333333333333333,0.42424242424242425,0.6153846153846154,0.5869565217391305,0.0,0.0,0.48209202238296234,0.4820718174910682,0.524929001613967,0.4613230453571849,0.26352838746138985,0.26352838746138985,0.8527654260396957,0.0,0.0,0.0,0.10100381895899772,0.46379808709025383,0.4651009067893028,0.1551641970872879,0.1551641970872879,0.20926010608673096,0.41629595756530763,0.2173200398683548,0.5126193789548652,0.0480765700340271,0.02104630460962653,-0.44875717,0.08328058,0.04253754
0.4642857142857143,0.5,0.3333333333333333,0.42424242424242425,0.6153846153846154,0.5869565217391305,0.9743598103523254,0.9746636748313904,0.44372135708482496,0.4437038517818852,0.5454577587074805,0.4529248819701708,0.3240201728684562,0.3240201728684562,0.768525205552578,0.0,0.0,0.0,0.09060047306120395,0.46225594729185104,0.46180156245827675,0.0,-0.0,0.20367074012756348,0.4185317039489746,0.21976637840270996,0.5014290989831437,0.04309231787919998,0.020733161363750696,-0.43326976,0.07506739,0.03346052
0.4642857142857143,0.5,0.3333333333333333,0.42424242424242425,0.6153846153846154,0.5869565217391305,0.9739665389060974,0.9739808440208435,0.4464701797036778,0.44645274278082764,0.543307341649473,0.4550866159330084,0.3482737285750253,0.3482737285750253,0.742199644446373,0.0,0.0,0.0,0.08771955296397209,0.4577443450689316,0.4567118100821972,0.0,-0.0,0.19665010273456573,0.4213399589061737,0.21996130049228668,0.4888948659564174,0.04043472185730934,0.026999684050679207,-0.42999637,0.07021303,0.02645949
0.4642857142857143,0.5,0.3333333333333333,0.42424242424242425,0.6153846153846154,0.5869565217391305,0.4439500570297241,0.4434983432292938,0.32406160799540706,0.3240378345175865,0.5251328056218747,0.460932036608122,0.299833853329931,0.299833853329931,0.8118311166763306,0.0,0.0,0.0,0.09298434406518935,0.4604698121547699,0.46108272299170494,0.0,-0.0,0.19862087070941925,0.4205516517162323,0.23255524039268494,0.5005144033321115,0.039658863097429276,0.03322648582980037,-0.43258243,0.0541287,-0.00372673
0.4642857142857143,0.5,0.3333333333333333,0.42424242424242425,0.6153846153846154,0.5869565217391305,0.44116175174713135,0.4408286511898041,0.3340190596607857,0.333994978472562,0.5274831062293189,0.4571961872841564,0.29488357050078257,0.29488357050078257,0.8254216909408569,0.0,0.0,0.0,0.10453799739480019,0.46306199580430984,0.4643256403505802,0.15959060192108154,0.15959060192108154,0.18876013159751892,0.42449594736099244,0.21365724503993988,0.4954801673112914,0.0445898212492466,0.03320041345432401,-0.42648723,0.04590302,-0.0172234
0.4642857142857143,0.5,0.3333333333333333,0.42424242424242425,0.6153846153846154,0.5869565217391305,0.9704514741897583,0.9704439640045166,0.4554947816391064,0.45547716236935065,0.5595895897589952,0.4378679851222398,0.30241302081516813,0.30241302081516813,0.7880598902702332,0.0,0.0,0.0,0.09002461917698383,0.4630797766149044,0.4640103839337826,0.0,-0.0,0.19026927649974823,0.4238922894001007,0.2165926843881607,0.514736951783646,0.04362598434090614,0.03435236634686589,-0.4226042,0.03645413,-0.02269291
0.4642857142857143,0.5,0.3333333333333333,0.42424242424242425,0.6153846153846154,0.5869565217391305,0.9552401900291443,0.9552220702171326,0.4433466398921113,0.44332834821814104,0.5600072154579381,0.43601475933035244,0.3040908489908491,0.3040908489908491,0.7848785817623138,0.0,0.0,0.0,0.08812822960317135,0.46269283071160316,0.46345581114292145,0.0,-0.0,0.19220209121704102,0.42311916351318357,0.21867744624614716,0.5145047639691552,0.04276489093899727,0.034594505559653044,-0.42196741,0.03549534,-0.02348435
0.4642857142857143,0.5,0.3333333333333333,0.42424242424242425,0.6153846153846154,0.5869565217391305,0.9030040502548218,0.9029184579849243,0.4089854682152859,0.4089659115096579,0.5545532480024699,0.4396056941494153,0.28086617588996887,0.28086617588996887,0.8047075495123863,0.0,0.0,0.0,0.08705508671700954,0.4635774828493595,0.46442364156246185,0.0,-0.0,0.1910800039768219,0.42356799840927123,0.21863944828510284,0.5197493974552598,0.041626498103141785,0.036345948465168476,-0.42169707,0.0337393,-0.02212635
0.4642857142857143,0.5,0.3333333333333333,0.42424242424242425,0.6153846153846154,0.5869565217391305,0.9427486658096313,0.9427253603935242,0.41937553221591345,0.4193518841015905,0.5473020124617771,0.4486361739233798,0.27558098946298876,0.27558098946298876,0.8019948601722717,0.0,0.0,0.0,0.08415876552462577,0.4642820581793785,0.4654495641589165,0.0,-0.0,0.1985798329114914,0.42056806683540343,0.22598670423030853,0.519354197868081,0.040551088750362396,0.03413636237382889,-0.41655298,0.03577696,-0.01529831
0.4642857142857143,0.5,0.3333333333333333,0.42424242424242425,0.6153846153846154,0.5869565217391305,0.9457710385322571,0.9457486867904663,0.41977260399958827,0.41974900717033253,0.545545766731977,0.4504594948227451,0.2740359093461718,0.2740359093461718,0.8019883036613464,0.0,0.0,0.0,0.08244291767477989,0.46459177508950233,0.46576447412371635,0.0,-0.0,0.20563894510269165,0.41774442195892336,0.23399296402931213,0.5191024444824042,0.0404309444129467,0.031818244606256485,-0.41606402,0.03981124,-0.00522603
0.4642857142857143,0.5,0.3333333333333333,0.42424242424242425,0.6153846153846154,0.5869565217391305,0.9485421180725098,0.9485192894935608,0.41256991262417675,0.41254608216294825,0.5401309753695136,0.45567960807009317,0.270665671144213,0.270665671144213,0.8025730922818184,0.0,0.0,0.0,0.0808273933827877,0.46507638320326805,0.4662865921854973,0.0,-0.0,0.2121688425540924,0.41513246297836304,0.24040821194648743,0.5179987466612528,0.04029316455125809,0.026390119455754757,-0.42790323,0.04551245,-0.00091624
0.4642857142857143,0.5,0.3333333333333333,0.42424242424242425,0.6153846153846154,0.5869565217391305,0.9486708641052246,0.9486463069915771,0.40821112068387794,0.40818714776412934,0.5363658565180252,0.45924770393922676,0.26575027831963133,0.26575027831963133,0.802692323923111,0.0,0.0,0.0,0.0801990307867527,0.4653349444270134,0.4665851294994354,0.0,-0.0,0.2110913097858429,0.41556347608566285,0.23884305357933044,0.521626819011777,0.03990921378135681,0.023401989601552486,-0.43382197,0.05481593,0.00637992
0.4642857142857143,0.5,0.3333333333333333,0.42424242424242425,0.6153846153846154,0.5869565217391305,0.9485110640525818,0.9484862089157104,0.4049211950192716,0.404897108132707,0.5345987668456812,0.4609157564484544,0.26482753455638885,0.26482753455638885,0.8022861704230309,0.0,0.0,0.0,0.08028028681874275,0.4652800038456917,0.46657567471265793,0.0,-0.0,0.20996633172035217,0.4160134673118591,0.2372422069311142,0.5217360410579416,0.03985551744699478,0.022945557720959187,-0.43021932,0.07335988,0.01236593
0.4642857142857143,0.5,0.3333333333333333,0.42424242424242425,0.6153846153846154,0.5869565217391305,0.9483416676521301,0.9483152627944946,0.40464456906510127,0.4046204479884919,0.5255154349607901,0.4698997605548484,0.2621414618832725,0.2621414618832725,0.8000973016023636,0.0,0.0,0.0,0.07974040620028972,0.4647201783955097,0.4660574533045292,0.0,-0.0,0.2367081344127655,0.4053167462348938,0.2702769935131073,0.509711760421132,0.03891636058688164,0.02002802910283208,-0.43308064,0.0949018,0.02248822
0.4642857142857143,0.5,0.3333333333333333,0.42424242424242425,0.6153846153846154,0.5869565217391305,0.9500832557678223,0.9500568509101868,0.4137932894106805,0.41376946464779274,0.5188319607287019,0.47666053990282425,0.2562538321529116,0.2562538321529116,0.7986650466918945,0.0,0.0,0.0,0.07640461139380932,0.46449705585837364,0.4657401069998741,0.0,-0.0,0.26167842745780945,0.3953286290168762,0.2980940341949463,0.5121478923531466,0.03794730082154274,0.017972170608118176,-0.42853259,0.10681003,0.06227138
0.4642857142857143,0.5,0.3333333333333333,0.42424242424242425,0.6153846153846154,0.5869565217391305,0.9653410911560059,0.9653372168540955,0.4152807899916377,0.41525782567821085,0.5149403857227494,0.48259320787393745,0.2618000443492617,0.2618000443492617,0.7481204867362976,0.0,0.0,0.0,0.07200359851121901,0.46252090856432915,0.46409599855542183,0.0,-0.0,0.28178539872169495,0.38728584051132203,0.30918964743614197,0.5191840543303379,0.03703688085079193,0.014115475350990891,-0.4330472,0.11580534,0.12804464
0.4642857142857143,0.5,0.3333333333333333,0.42424242424242425,0.6153846153846154,0.5869565217391305,0.9673089385032654,0.9673042893409729,0.41603597970127376,0.4160130837679365,0.5120517699827883,0.4855923870958694,0.26353464594909126,0.26353464594909126,0.7559181898832321,0.0,0.0,0.0,0.06633796952664851,0.4624283127486706,0.463908314704895,0.0,-0.0,0.3444230854511261,0.36223076581954955,0.37638506293296814,0.5273398618365444,0.037179939448833466,0.011463306145742536,-0.44853484,0.1144492,0.15025601
0.4642857142857143,0.5,0.3333333333333333,0.42424242424242425,0.6153846153846154,0.5869565217391305,0.9691298604011536,0.9691230058670044,0.41151132615528874,0.4114883903335659,0.5135413233910191,0.4842717510285792,0.2582546110664095,0.2582546110664095,0.7717520967125893,0.0,0.0,0.0,0.06245951429009437,0.4629238359630108,0.46411727368831635,0.0,-0.0,0.3724338412284851,0.35102646350860595,0.4045543670654297,0.5264172339162161,0.03725608065724373,0.007212820928543806,-0.46859928,0.10719296,0.14875303
0.4642857142857143,0.5,0.3333333333333333,0.42424242424242425,0.6153846153846154,0.5869565217391305,0.9384257197380066,0.9380167722702026,0.3878580662306135,0.3878337115220313,0.5188435283605273,0.4767988899191246,0.19152315599577768,0.19152315599577768,0.8336037769913673,0.0,0.0,0.0,0.06088754124939441,0.466208528727293,0.4677397087216377,0.0,-0.0,0.382761150598526,0.3468955397605896,0.4174785614013672,0.5349342039851255,0.035200782120227814,0.0036764773540198803,-0.48511949,0.10181209,0.14783004
0.4642857142857143,0.5,0.3333333333333333,0.42424242424242425,0.6153846153846154,0.5869565217391305,0.8434935212135315,0.8406314849853516,0.33684510619416974,0.33681871147958087,0.4709784927605215,0.5223340149996563,0.17328772161688125,0.17328772161688125,0.8669198676943779,0.0,0.0,0.0,0.062087867036461825,0.47244609892368317,0.4738716632127762,0.0,-0.0,0.34679093956947327,0.3612836241722107,0.36464235186576843,0.5440539849358936,0.034773580729961395,0.004108331631869078,-0.48538878,0.09826931,0.14697297
0.4642857142857143,0.5,0.3333333333333333,0.42424242424242425,0.6153846153846154,0.5869565217391305,0.9847691059112549,0.9847325086593628,0.3991234808533415,0.39910063050673067,0.5014093207697568,0.4972635919636973,0.18177377858332228,0.18177377858332228,0.823084369301796,0.0,0.0,0.0,0.061245172098279,0.47252832166850567,0.4739060718566179,0.0,-0.0,0.3853307366371155,0.34586770534515376,0.41497310996055603,0.5450099533380464,0.033932726830244064,0.0,-0.48659005,0.08915117,0.15274857
0.4642857142857143,0.5,0.3333333333333333,0.42424242424242425,0.6153846153846154,0.5869565217391305,0.8816686868667603,0.8762733340263367,0.35223474055813553,0.35221003255242367,0.5047925272048317,0.4918246396362389,0.19082242356879373,0.19082242356879373,0.8553262576460838,0.0,0.0,0.0,0.06124728694558143,0.47308835200965405,0.4749473091214895,0.0,-0.0,0.3860400915145874,0.34558396339416503,0.4071216583251953,0.5758892484875613,0.03341545909643173,0.0,-0.5,0.07566108,0.12594821
0.4642857142857143,0.5,0.3333333333333333,0.42424242424242425,0.6153846153846154,0.5869565217391305,0.49282175302505493,0.4865020513534546,0.2936884942063866,0.2936595238417558,0.5498123082330533,0.440434061951614,0.19004409334489278,0.19004409334489278,0.8762521147727966,0.0,0.0,0.0,0.06826607137918472,0.4749628733843565,0.47714980877935886,0.0,-0.0,0.31634971499443054,0.3734601140022278,0.32884469628334045,0.5961920736834061,0.03522939234972,0.0,-0.5,0.07762042,0.09269349
0.4642857142857143,0.5,0.3333333333333333,0.42424242424242425,0.6153846153846154,0.5869565217391305,0.39458924531936646,0.3900280296802521,0.30767518566853685,0.3076461697171796,0.5699583932500952,0.41992315775982914,0.20154160048280445,0.20154160048280445,0.8773560225963593,0.0,0.0,0.0,0.07268960177898406,0.47570047341287136,0.478141225874424,0.0,-0.0,0.3085852265357971,0.37656590938568113,0.3207508623600006,0.598408087741497,0.037807464599609375,0.0,-0.5,0.06989505,0.07894907
0.4642857142857143,0.5,0.3333333333333333,0.42424242424242425,0.6153846153846154,0.5869565217391305,0.3680238425731659,0.36280688643455505,0.3129233803393508,0.31289429600790397,0.5850680567338408,0.4048974308360781,0.19917574844190053,0.19917574844190053,0.8798010647296906,0.0,0.0,0.0,0.07472568601369857,0.47643615305423737,0.47885712794959545,0.0,-0.0,0.29101452231407166,0.3835941910743713,0.29942938685417175,0.6074435662391574,0.03913493826985359,0.0,-0.5,0.06953005,0.06997441
0.4642857142857143,0.5,0.3333333333333333,0.42424242424242425,0.6153846153846154,0.5869565217391305,0.3522689640522003,0.34689193964004517,0.3146750958882144,0.3146464788207133,0.6038523978530563,0.38745302036610385,0.19149375281163625,0.19149375281163625,0.8830084353685379,0.0,0.0,0.0,0.07649964652955532,0.4774347338825464,0.4797778222709894,0.0,-0.0,0.2723100483417511,0.39107598066329957,0.27932336926460266,0.6102130925932596,0.04060525447130203,0.0,-0.5,0.06746101,0.05982752
0.4642857142857143,0.5,0.3333333333333333,0.42424242424242425,0.6153846153846154,0.5869565217391305,0.3520823121070862,0.34679192304611206,0.3141096951172867,0.31408099827301433,0.6018032061210326,0.389331900088276,0.18833580826010024,0.18833580826010024,0.8847496397793293,0.0,0.0,0.0,0.07694942578673362,0.4779655709862709,0.4802742674946785,0.0,-0.0,0.26816973090171814,0.39273210763931277,0.27496272325515747,0.6112647576387539,0.04114910960197449,0.0,-0.5,0.06532166,0.02848261
0.4642857142857143,0.5,0.3333333333333333,0.42424242424242425,0.6153846153846154,0.5869565217391305,0.4441806375980377,0.43791916966438293,0.3109431955144237,0.31091407699293205,0.5238337064336408,0.4649442212708771,0.1849381998181343,0.1849381998181343,0.8870542086660862,0.0,0.0,0.0,0.07820679508149624,0.4786456748843193,0.4809291958808899,0.0,-0.0,0.26518338918685913,0.39392664432525637,0.2725942134857178,0.6129926928254061,0.042143672704696655,0.0,-0.49156224,0.05811455,0.01105159
0.4642857142857143,0.5,0.3333333333333333,0.42424242424242425,0.6153846153846154,0.5869565217391305,0.9744958281517029,0.974458634853363,0.410684502603447,0.4106620340456698,0.5006572545522087,0.49827926992635607,0.19145184861762185,0.19145184861762185,0.8575912341475487,0.0,0.0,0.0,0.07027963809669018,0.47836802527308464,0.48080755211412907,0.0,-0.0,0.24941806495189667,0.40023277401924134,0.2650772035121918,0.610855627198552,0.040849458426237106,0.0,-0.48699387,0.04424272,-0.00644701
0.4642857142857143,0.5,0.3333333333333333,0.42424242424242425,0.6153846153846154,0.5869565217391305,0.9560338854789734,0.9557740688323975,0.40586220762241865,0.4058390438670638,0.4798742081991345,0.517502810662786,0.19879178277083806,0.19879178277083806,0.8542331084609032,0.0,0.0,0.0,0.06583992689847945,0.4780519548803568,0.48019430227577686,0.0,-0.0,0.2484515905380249,0.40061936378479,0.26606446504592896,0.5947338356528171,0.037819620221853256,0.0,-0.47398087,0.02690781,-0.03183134
0.4642857142857143,0.5,0.3333333333333333,0.42424242424242425,0.6153846153846154,0.5869565217391305,0.8691350221633911,0.8655938506126404,0.3645695286088874,0.3645441026122347,0.4269032854423012,0.5674830376025545,0.20137942263058256,0.20137942263058256,0.8640718460083008,0.0,0.0,0.0,0.06419115699827671,0.47845959663391113,0.4801547937095165,0.0,-0.0,0.25012004375457764,0.39995198249816893,0.2696104645729065,0.5846357449542645,0.03552430868148804,0.0,-0.47518199,-0.00205574,-0.06966131
0.4642857142857143,0.5,0.3333333333333333,0.42424242424242425,0.6153846153846154,0.5869565217391305,0.7600973844528198,0.7512447237968445,0.3132666255958222,0.3132392051798891,0.4014356282199546,0.5912171712290438,0.19494621349232538,0.19494621349232538,0.8666050359606743,0.0,0.0,0.0,0.06450848318636417,0.4784626383334398,0.47992973402142525,0.0,-0.0,0.2771417200565338,0.3891433119773865,0.2974872589111328,0.5772128666556159,0.03495020791888237,0.0,-0.47859901,-0.01585469,-0.07875663
0.4642857142857143,0.5,0.3333333333333333,0.42424242424242425,0.6153846153846154,0.5869565217391305,0.8019929528236389,0.7946382761001587,0.3251888195825581,0.32516180944716266,0.41589487168802586,0.5768441522047985,0.1932873417224203,0.1932873417224203,0.8651184067130089,0.0,0.0,0.0,0.06356220506131649,0.4777151606976986,0.47892539761960506,0.0,-0.0,0.3187102675437927,0.3725158929824829,0.3357574939727783,0.5676595762718556,0.03441096469759941,0.0,-0.47903683,-0.03080209,-0.10354334
0.4642857142857143,0.5,0.3333333333333333,0.42424242424242425,0.6153846153846154,0.5869565217391305,0.8752541542053223,0.8745023608207703,0.3599096306423384,0.3598834980514264,0.44431969996392157,0.5485018807781308,0.19180796508278167,0.19180796508278167,0.8600253611803055,0.0,0.0,0.0,0.06194428950548172,0.47704133950173855,0.47809051536023617,0.0,-0.0,0.34385567903518677,0.36245772838592527,0.3609376847743988,0.5662640790606654,0.03359352424740791,0.0,-0.47888129,-0.03679726,-0.10486881
0.4642857142857143,0.5,0.3333333333333333,0.42424242424242425,0.6153846153846154,0.5869565217391305,0.9519056081771851,0.9518803358078003,0.4122744194636153,0.41225029838700594,0.5025211918892528,0.49216952601486086,0.18426887691020966,0.18426887691020966,0.8502263277769089,0.0,0.0,0.0,0.062014864385128016,0.4755096770823002,0.4763594679534435,0.0,-0.0,0.34759822487831116,0.3609607100486755,0.37678882479667664,0.5626393854618073,0.03328489884734154,0.004216948873363435,-0.48358294,-0.04310179,-0.11238862
0.4642857142857143,0.5,0.3333333333333333,0.42424242424242425,0.6153846153846154,0.5869565217391305,0.955165445804596,0.9551512598991394,0.40469810497692393,0.40467318613260245,0.5296331358001519,0.46380389780154374,0.18364302281822478,0.18364302281822478,0.8490917086601257,0.0,0.0,0.0,0.05995237194001674,0.4739305377006531,0.4750246312469244,0.0,-0.0,0.3040814995765686,0.37836740016937254,0.32923978567123413,0.614917557253394,0.03213110938668251,0.012453880626708269,-0.48341703,-0.06274949,-0.12687013
0.4642857142857143,0.5,0.3333333333333333,0.42424242424242425,0.6153846153846154,0.5869565217391305,0.9531347751617432,0.9531272053718567,0.4047922073769068,0.4047673056276077,0.5458860972871288,0.44783332329128667,0.220888831785747,0.220888831785747,0.8296578750014305,0.0,0.0,0.0,0.05751780197024345,0.472481083124876,0.47399608977138996,0.0,-0.0,0.0,0.5,0.10894591361284256,0.7445031029800343,0.030454333871603012,0.02134388778358698,-0.4837259,-0.07703298,-0.16770409
0.4642857142857143,0.5,0.3333333333333333,0.42424242424242425,0.6153846153846154,0.5869565217391305,0.9496693015098572,0.9496648907661438,0.4085989155687292,0.40857408219951974,0.5529996181765204,0.44075071874990923,0.249490567616054,0.249490567616054,0.8210042864084244,0.0,0.0,0.0,0.056434509903192515,0.4704409334808588,0.4726146496832371,0.0,-0.0,0.07864212244749069,0.6031746031746031,0.08800205588340759,0.8,0.028401348739862442,0.023439934011548758,-0.49022367,-0.09477568,-0.202626
0.4642857142857143,0.5,0.3333333333333333,0.42424242424242425,0.6153846153846154,0.5869565217391305,0.9423327445983887,0.9423328042030334,0.39480154008300083,0.3947762508465273,0.554393039150858,0.43916580503296393,0.2520685536520822,0.2520685536520822,0.8266052827239037,0.0,0.0,0.0,0.056667894124984734,0.47034455090761185,0.47232932783663273,0.0,-0.0,0.06764557212591171,0.6031746031746031,0.07704325765371323,0.8,0.028031572699546814,0.024818917736411095,-0.5,-0.10096664,-0.24119008
0.4642857142857143,0.5,0.3333333333333333,0.42424242424242425,0.6153846153846154,0.5869565217391305,0.9248248338699341,0.9248257279396057,0.3708494648650773,0.3708235260177525,0.5545222661235364,0.43880310564099895,0.24653992482594084,0.24653992482594084,0.831515483558178,0.0,0.0,0.0,0.05699945054948329,0.4707665629684925,0.4725750293582678,0.0,-0.0,0.06550128757953644,0.6031746031746031,0.07477680593729019,0.8,0.02815844677388668,0.025185630656778812,-0.5,-0.11719099,-0.27820474
0.4642857142857143,0.5,0.3333333333333333,0.42424242424242425,0.6153846153846154,0.5869565217391305,0.9626857042312622,0.9626845717430115,0.46073127761625654,0.4607083702862377,0.551652370857691,0.44355082643596844,0.23636839219502043,0.23636839219502043,0.8373380228877068,0.0,0.0,0.0,0.05598415173590183,0.472661504521966,0.4740301314741373,0.0,-0.0,0.06402423232793808,0.6031746031746031,0.0729978010058403,0.8,0.028904903680086136,0.02178627997636795,-0.5,-0.11407474,-0.28517821
0.4642857142857143,0.5,0.3333333333333333,0.42424242424242425,0.6153846153846154,0.5869565217391305,0.39926737546920776,0.399120956659317,0.35805902608721935,0.3580312295807935,0.5592022450430671,0.43055111039386373,0.1755623838731221,0.1755623838731221,0.8864123411476612,0.0,0.0,0.0,0.05931919813156127,0.4788409061729908,0.4796489514410496,0.0,-0.0,0.0581650510430336,0.6031746031746031,0.06268766522407532,0.8,0.031251899898052216,0.012496871640905738,-0.5,-0.10745925,-0.28206936
0.4642857142857143,0.5,0.3333333333333333,0.42424242424242425,0.6153846153846154,0.5869565217391305,0.3898847997188568,0.3895317614078522,0.35958023235401276,0.3595524358475869,0.5573751860321365,0.4323242744975012,0.17401576574359623,0.17401576574359623,0.8873044773936272,0.0,0.0,0.0,0.05984314307570457,0.47916748747229576,0.4799745362251997,0.0,-0.0,0.05817931517958641,0.6031746031746031,0.06264638155698776,0.8,0.031534187495708466,0.011906330473721027,-0.5,-0.10341419,-0.27956447
0.4642857142857143,0.5,0.3333333333333333,0.42424242424242425,0.6153846153846154,0.5869565217391305,0.34628933668136597,0.3459964096546173,0.369387270615616,0.3693598046129566,0.5274733392731865,0.4619232857837681,0.1620695261018617,0.1620695261018617,0.8978176191449165,0.0,0.0,0.0,0.06337217129766941,0.4823120664805174,0.4830342233181,0.0,-0.0,0.06258159130811691,0.6031746031746031,0.0664561316370964,0.8,0.03539727255702019,0.0022464542416855693,-0.5,-0.10255797,-0.27921093
0.4642857142857143,0.5,0.3333333333333333,0.42424242424242425,0.6153846153846154,0.5869565217391305,0.3220537602901459,0.3215479552745819,0.36700452080648216,0.36697676988678274,0.5190496772356744,0.46969488810804055,0.1610779921923365,0.1610779921923365,0.900474451482296,0.0,0.0,0.0,0.06498692110180855,0.4834402445703745,0.4840718563646078,0.0,-0.0,0.06804615259170532,0.6031746031746031,0.07115980237722397,0.8,0.037678755819797516,0.0,-0.5,-0.09928533,-0.26986748
0.4642857142857143,0.5,0.3333333333333333,0.42424242424242425,0.6153846153846154,0.5869565217391305,0.33213984966278076,0.331731915473938,0.3708639956341191,0.3708370424821318,0.5049892488874167,0.4852159148141891,0.14921257006270547,0.14921257006270547,0.9061138331890106,0.0,0.0,0.0,0.06559508442878723,0.4849171284586191,0.48545977845788,0.0,-0.0,0.07191626727581024,0.6031746031746031,0.07433103024959564,0.8,0.039286792278289795,0.0,-0.5,-0.09444055,-0.26072836
0.4642857142857143,0.5,0.3333333333333333,0.42424242424242425,0.6153846153846154,0.5869565217391305,0.317139208316803,0.31679320335388184,0.3734821211083669,0.37345509957629,0.5049843372737929,0.484886328480617,0.14631014317274094,0.14631014317274094,0.9080747589468956,0.0,0.0,0.0,0.06620894558727741,0.48558651469647884,0.4860687479376793,0.0,-0.0,0.07202202081680298,0.6031746031746031,0.07415999472141266,0.8,0.03975571319460869,0.0,-0.5,-0.09399916,-0.26181275
0.4642857142857143,0.5,0.3333333333333333,0.42424242424242425,0.6153846153846154,0.5869565217391305,0.1753282994031906,0.17469167709350586,0.43002287060535205,0.42999707421654726,0.5263320442367466,0.4632199945180361,0.1461201214364597,0.1461201214364597,0.9118980579078197,0.0,0.0,0.0,0.0669273991137743,0.48640718776732683,0.48688870668411255,0.0,-0.0,0.07044045627117157,0.6031746031746031,0.07249946892261505,0.8,0.04051253944635391,0.0,-0.5,-0.09158891,-0.25902075
0.4642857142857143,0.5,0.3333333333333333,0.42424242424242425,0.6153846153846154,0.5869565217391305,0.047505367547273636,0.046597179025411606,0.4879950888982011,0.48797096782159166,0.5310580714482878,0.45849601301084236,0.13479760714939662,0.13479760714939662,0.9196037948131561,0.0,0.0,0.0,0.06610532328486442,0.4876631833612919,0.4881978081539273,0.0,-0.0,0.07192406803369522,0.6031746031746031,0.07381660491228104,0.8,0.04184838384389877,0.0,-0.5,-0.08325419,-0.25128177
0.4642857142857143,0.5,0.3333333333333333,0.42424242424242425,0.6153846153846154,0.5869565217391305,0.02674907073378563,0.026388999074697495,0.5056726672823753,0.5056492531561715,0.570236033508928,0.42049190915514767,0.12868585331099375,0.12868585331099375,0.9230196289718151,0.0,0.0,0.0,0.06375799924135207,0.48813267704099417,0.4887195769697428,0.0,-0.0,0.07254476100206375,0.6031746031746031,0.07436725497245789,0.8,0.041848551481962204,0.0,-0.49170282,-0.06960358,-0.22811571
0.4642857142857143,0.5,0.3333333333333333,0.42424242424242425,0.6153846153846154,0.5869565217391305,0.0,0.0,0.5488100042762537,0.5487892281256944,0.7410616519118358,0.2596390766527133,0.1364750521523612,0.1364750521523612,0.9244564473628998,0.0,0.0,0.0,0.057116327807307236,0.48854270577430725,0.4891375647857785,0.0,-0.0,0.062058404088020325,0.6031746031746031,0.06337855756282806,0.8,0.040413226932287216,0.0,-0.47676098,-0.05637016,-0.19061266
0.4642857142857143,0.5,0.3333333333333333,0.42424242424242425,0.6153846153846154,0.5869565217391305,0.0,0.0,0.5733471281441858,0.5733284432847003,0.8129202366786978,0.19509998785099558,0.14163103486810413,0.14163103486810413,0.9265777692198753,0.0,0.0,0.0,0.055858927220106123,0.4897493487223983,0.4903137618675828,0.0,-0.0,0.05975526571273804,0.6031746031746031,0.06115236505866051,0.8,0.04058181121945381,0.0,-0.49118441,-0.04201613,-0.16452534
0.4642857142857143,0.5,0.3333333333333333,0.42424242424242425,0.6153846153846154,0.5869565217391305,0.0,0.0,0.5632062525867731,0.5631878412476461,0.8791743209211593,0.15555555555555556,0.15819009393453598,0.15819009393453598,0.9253709800541401,0.0,0.0,0.0,0.057619802281260485,0.4908105656504631,0.49134369753301144,0.0,-0.0,0.05298038199543953,0.6031746031746031,0.05313204228878021,0.8,0.04195012152194977,0.0,-0.49724826,-0.02813798,-0.14386448
0.4642857142857143,0.5,0.3333333333333333,0.42424242424242425,0.6153846153846154,0.5869565217391305,0.9572136998176575,0.9576663970947266,0.4536824471408049,0.45365891584246837,0.5620150885208159,0.4322358476449559,0.18337050718920572,0.18337050718920572,0.9097544439136982,0.0,0.0,0.0,0.06183088310062885,0.4907370861619711,0.4913184968754649,0.0,-0.0,0.04902879521250725,0.6031746031746031,0.05083724483847618,0.8,0.04008499160408974,0.0,-0.5,-0.00901015,-0.11425803
0.4642857142857143,0.5,0.3333333333333333,0.42424242424242425,0.6153846153846154,0.5869565217391305,0.6408151984214783,0.6261934041976929,0.3407691432230787,0.3407413695100161,0.5199762374219657,0.4702291075581068,0.1909859318818365,0.1909859318818365,0.907006062567234,0.0,0.0,0.0,0.06479625105857849,0.48991499468684196,0.49054227862507105,0.0,-0.0,0.047439973801374435,0.6031746031746031,0.05014291778206825,0.8,0.03845708444714546,0.0,-0.5,0.00669226,-0.09125425
0.4642857142857143,0.5,0.3333333333333333,0.42424242424242425,0.6153846153846154,0.5869565217391305,0.0904693454504013,0.09032183885574341,0.44023379016788694,0.44020746383338766,0.39032819439758537,0.5973569881341148,0.18513446939843042,0.18513446939843042,0.9147567003965378,0.0,0.0,0.0,0.06546261832118035,0.48938558995723724,0.490242981351912,0.0,-0.0,0.04036562144756317,0.6031746031746031,0.04009056091308594,0.8,0.037155214697122574,0.08549273014068604,-0.49790674,0.02063745,-0.06911529
0.4642857142857143,0.5,0.3333333333333333,0.42424242424242425,0.6153846153846154,0.5869565217391305,0.9555413126945496,0.9555429816246033,0.44761620721215273,0.4475926046845562,0.6071536062324481,0.388364093886684,0.24721494742802214,0.24721494742802214,0.8758224733173847,0.0,0.0,0.0,0.06620630659162997,0.48728019557893276,0.4877069378271699,0.0,-0.0,0.037285223603248596,0.6031746031746031,0.03836141899228096,0.8,0.03717504069209099,0.10722759179770947,-0.5,0.04652285,-0.03416378
0.4642857142857143,0.5,0.3333333333333333,0.42424242424242425,0.6153846153846154,0.5869565217391305,0.3821115791797638,0.3815050423145294,0.3405852235753951,0.34055585432690827,0.48295192480315213,0.503234387533108,0.22628941706248693,0.22628941706248693,0.8771173283457756,0.0,0.0,0.0,0.07657974734902381,0.4854626748710871,0.4858440328389406,0.11322161555290222,0.11322161555290222,0.03343837335705757,0.6031746031746031,0.035963453352451324,0.8,0.039820022881031036,0.11751866899430752,-0.49455073,0.06118201,-0.01076857
0.4642857142857143,0.5,0.3333333333333333,0.42424242424242425,0.6153846153846154,0.5869565217391305,0.25677675008773804,0.25671839714050293,0.3718291122188532,0.3717998683338639,0.4344849221793005,0.550184526738149,0.21130977996758055,0.21130977996758055,0.8839343264698982,0.0,0.0,0.0,0.07556637302041053,0.48485981579869986,0.4856889871880412,0.11097177863121033,0.11097177863121033,0.031247910112142563,0.6031746031746031,0.03370395302772522,0.8,0.04061870276927948,0.1241497416049242,-0.48874404,0.07602972,0.00957811
0.4642857142857143,0.5,0.3333333333333333,0.42424242424242425,0.6153846153846154,0.5869565217391305,0.22731193900108337,0.22731219232082367,0.37667461654196277,0.37664514472334154,0.43928289664179143,0.5443891937663811,0.2118835598230362,0.2118835598230362,0.8861928097903728,0.0,0.0,0.0,0.07524159401655196,0.48429299890995026,0.48541688080877066,0.11022759228944778,0.11022759228944778,0.03070557862520218,0.6031746031746031,0.03327766805887222,0.8,0.04162206873297691,0.12579328380525112,-0.483951,0.08456644,0.02698711
0.4642857142857143,0.5,0.3333333333333333,0.42424242424242425,0.6153846153846154,0.5869565217391305,0.21825572848320007,0.21825410425662994,0.37287471216905643,0.3728462432584161,0.34108405632908895,0.6470930924556401,0.21602850939546314,0.21602850939546314,0.8859204538166523,0.0,0.0,0.0,0.07574770487844944,0.4837010819464922,0.4849540377035737,0.11094260960817337,0.11094260960817337,0.030017361044883728,0.6031746031746031,0.03276816010475159,0.8,0.04231138527393341,0.12381013482809067,-0.47989341,0.09007398,0.04824521
0.4642857142857143,0.5,0.3333333333333333,0.42424242424242425,0.6153846153846154,0.5869565217391305,0.1999739706516266,0.19992491602897644,0.37649157443876247,0.3764632878750278,0.33001676161931986,0.6587141348293994,0.2200825299535479,0.2200825299535479,0.8857600800693035,0.0,0.0,0.0,0.07677713744342327,0.48320881463587284,0.4846357451751828,0.11262496560811996,0.11262496560811996,0.029719535261392593,0.6031746031746031,0.03252376243472099,0.8,0.04303823411464691,0.11963492259383202,-0.5,0.10092757,0.07590279
0.4642857142857143,0.5,0.3333333333333333,0.42424242424242425,0.6153846153846154,0.5869565217391305,0.21662293374538422,0.2165687084197998,0.3742457785524328,0.3742175603687877,0.33141046181235667,0.6575639931188664,0.22220015525817874,0.22220015525817874,0.8845736719667912,0.0,0.0,0.0,0.07772788517177104,0.4829850345849991,0.4844694407656789,0.11411385238170624,0.11411385238170624,0.02966400235891342,0.6031746031746031,0.032614175230264664,0.8,0.04343349114060402,0.11574138887226582,-0.5,0.10185627,0.08933757
0.4642857142857143,0.5,0.3333333333333333,0.42424242424242425,0.6153846153846154,0.5869565217391305,0.1928829401731491,0.19284217059612274,0.36774351583156256,0.3677150127308775,0.3517444097289164,0.6363374172108984,0.22188421870980946,0.22188421870980946,0.8855408430099487,0.0,0.0,0.0,0.07784526571631431,0.4824958648532629,0.48419617488980293,0.11486448347568512,0.11486448347568512,0.03059602901339531,0.6031746031746031,0.033713702112436295,0.8,0.04262508451938629,0.10535326786339283,-0.5,0.10076181,0.09024545
0.4642857142857143,0.5,0.3333333333333333,0.42424242424242425,0.6153846153846154,0.5869565217391305,0.31223809719085693,0.31210431456565857,0.3507783358229278,0.3507480092531864,0.49866248055024653,0.48463846775080865,0.2209394318716867,0.2209394318716867,0.8870850205421448,0.0,0.0,0.0,0.09142740964889526,0.4821175243705511,0.48382433876395226,0.13747775554656982,0.13747775554656982,0.0319613553583622,0.6031746031746031,0.035592220723629,0.8,0.04486839473247528,0.08699269033968449,-0.5,0.1000616,0.09111137
0.4642857142857143,0.5,0.3333333333333333,0.42424242424242425,0.6153846153846154,0.5869565217391305,0.518692672252655,0.5181184411048889,0.33755192838708936,0.3375209977932232,0.5892871253577063,0.39523229265709403,0.21855775799070087,0.21855775799070087,0.8867558427155018,0.0,0.0,0.0,0.10514439269900322,0.4810980502516031,0.48286521807312965,0.15938033163547516,0.15938033163547516,0.033711809664964676,0.6031746031746031,0.03885497525334358,0.8,0.048479944467544556,0.08212084881961346,-0.5,0.09874844,0.09551575
0.4642857142857143,0.5,0.3333333333333333,0.42424242424242425,0.6153846153846154,0.5869565217391305,0.6376317739486694,0.636539876461029,0.32688348334332495,0.32685370381430046,0.5757587229544529,0.41161471474872213,0.21981276571750644,0.21981276571750644,0.8782121539115906,0.0,0.0,0.0,0.12511137276887893,0.47944391146302223,0.48092648573219776,0.18985098600387573,0.18985098600387573,0.03796873614192009,0.6031746031746031,0.04773245006799698,0.8,0.0573759563267231,0.07425115909427404,-0.5,0.09867867,0.09972226
0.4642857142857143,0.5,0.3333333333333333,0.42424242424242425,0.6153846153846154,0.5869565217391305,0.6848524808883667,0.6849921345710754,0.3217479562668226,0.3217180399776189,0.570801998415595,0.4164144158084757,0.21772947694574085,0.21772947694574085,0.8754498362541199,0.0,0.0,0.0,0.11056973487138748,0.47872185334563255,0.48002235405147076,0.16823069751262665,0.16823069751262665,0.04159630835056305,0.6008713425151885,0.0521504282951355,0.8,0.056726034730672836,0.06620495114475489,-0.5,0.10085264,0.10623132
0.4642857142857143,0.5,0.3333333333333333,0.42424242424242425,0.6153846153846154,0.5869565217391305,0.6396114826202393,0.6392419338226318,0.3180785325015708,0.3180480235849238,0.5690211700435807,0.4170726881377733,0.21357120147773198,0.21357120147773198,0.8742934390902519,0.0,0.0,0.0,0.10540332719683647,0.47810403257608414,0.4793675635010004,0.1603793501853943,0.1603793501853943,0.04401635751128197,0.5990530460599869,0.05506150797009468,0.8,0.05293009802699089,0.05849400535225868,-0.5,0.10930499,0.11602949
0.4642857142857143,0.5,0.3333333333333333,0.42424242424242425,0.6153846153846154,0.5869565217391305,0.711360514163971,0.7108652591705322,0.3137708489799135,0.3137406477736697,0.5657751671898661,0.4210868159347414,0.20222151918070658,0.20222151918070658,0.8749920427799225,0.0,0.0,0.0,0.09834705963730811,0.47811539098620415,0.47932856529951096,0.1492270529270172,0.1492270529270172,0.04596782848238945,0.5996017162761991,0.05694788694381714,0.8,0.05025365948677063,0.05358952563256025,-0.5,0.11659807,0.11286104
0.4642857142857143,0.5,0.3333333333333333,0.42424242424242425,0.6153846153846154,0.5869565217391305,0.9828584790229797,0.9828507304191589,0.47008034592604775,0.4700579571450418,0.554524511269812,0.4414269408527291,0.20767070353031158,0.20767070353031158,0.8231711760163307,0.0,0.0,0.0,0.08243542052805423,0.4755942281335592,0.4766789525747299,0.0,-0.0,0.051103875041007996,0.5428357072292812,0.06233591213822365,0.7777692134990248,0.04476579278707504,0.04309569951146841,-0.5,0.11693739,0.09780569
0.4642857142857143,0.5,0.3333333333333333,0.42424242424242425,0.6153846153846154,0.5869565217391305,0.9760535359382629,0.9760385155677795,0.4581544822078362,0.45813167459878135,0.5457242644083887,0.4497717050880998,0.20323011491979873,0.20323011491979873,0.8124449774622917,0.0,0.0,0.0,0.07784904949367046,0.4734237287193537,0.47456089965999126,0.0,-0.0,0.06334298849105835,0.5144499057815188,0.07478862255811691,0.7640961769881637,0.041108373552560806,0.03135614562779665,-0.49783545,0.1068652,0.05755563
0.4642857142857143,0.5,0.3333333333333333,0.42424242424242425,0.6153846153846154,0.5869565217391305,0.877083420753479,0.8764863014221191,0.3662402479416098,0.3662137962436129,0.5379801679751613,0.4541739354803225,0.18302038311958313,0.18302038311958313,0.843421146273613,0.0,0.0,0.0,0.07858812473714351,0.4746955130249262,0.4760327022522688,0.0,-0.0,0.07287520915269852,0.4708499163389206,0.08552451431751251,0.7440191503007745,0.03949258103966713,0.021992605179548264,-0.49529787,0.09779608,0.0358594
0.4642857142857143,0.5,0.3333333333333333,0.42424242424242425,0.6153846153846154,0.5869565217391305,0.6839399337768555,0.6759220361709595,0.3031141425181985,0.3030851949469309,0.5260647407681263,0.4633328387609125,0.15459451292242324,0.15459451292242324,0.8702551648020744,0.0,0.0,0.0,0.08300728984177112,0.47777966037392616,0.4790694173425436,0.0,-0.0,0.0,0.5,0.0,0.6976744186046512,0.04266843944787979,0.013443351490423083,-0.49556264,0.0778909,0.01210941
0.4642857142857143,0.5,0.3333333333333333,0.42424242424242425,0.6153846153846154,0.5869565217391305,0.5554631352424622,0.5496509671211243,0.301415922992772,0.30138544826616975,0.5098221431384807,0.47621956240328,0.1466599213225501,0.1466599213225501,0.8857344016432762,0.0,0.0,0.0,0.08356498368084431,0.4796792473644018,0.48101577907800674,0.0,-0.0,0.07835071533918381,0.49599894502806285,0.087212935090065,0.758051838032728,0.04459069296717644,0.0032511295285075903,-0.49731659,0.06417619,0.00366461
0.4642857142857143,0.5,0.3333333333333333,0.42424242424242425,0.6153846153846154,0.5869565217391305,0.5190442204475403,0.5183133482933044,0.3002250837322403,0.3001943810720061,0.4880263585433449,0.4973899868609978,0.14612392123256412,0.14612392123256412,0.886121466755867,0.0,0.0,0.0,0.08463557101786136,0.4805173762142658,0.4818948693573475,0.0,-0.0,0.07817860692739487,0.46872855722904205,0.08574281632900238,0.741286736934684,0.04750163108110428,0.0,-0.5,0.05152173,-0.02070002
0.4642857142857143,0.5,0.3333333333333333,0.42424242424242425,0.6153846153846154,0.5869565217391305,0.5013603568077087,0.4972624182701111,0.30291508807734824,0.3028842942436612,0.4708021120177172,0.5139185770925049,0.14285972607987268,0.14285972607987268,0.8888293877243996,0.0,0.0,0.0,0.07934044711291789,0.4809664711356163,0.4821989666670561,0.0,-0.0,0.08690406382083893,0.4926440905010889,0.09064918011426926,0.7510585203593554,0.046953845769166946,0.0,-0.49932289,0.03964513,-0.03954361
0.4642857142857143,0.5,0.3333333333333333,0.42424242424242425,0.6153846153846154,0.5869565217391305,0.756381094455719,0.7352641224861145,0.2956385803952044,0.2956097012040264,0.4487589524763264,0.5410756328087185,0.13793768627302988,0.13793768627302988,0.8907484076917171,0.0,0.0,0.0,0.07151367627084254,0.48116295225918293,0.48234771005809307,0.0,-0.0,0.08654498308897018,0.547598934362805,0.09031589329242706,0.7733020814525526,0.045202456414699554,0.0,-0.48744779,0.02766469,-0.05306615
0.4642857142857143,0.5,0.3333333333333333,0.42424242424242425,0.6153846153846154,0.5869565217391305,0.989470899105072,0.9895214438438416,0.4181503433570351,0.4181266895443714,0.45553365002170804,0.5399123079867431,0.15045292675495148,0.15045292675495148,0.8470250591635704,0.0,0.0,0.0,0.0665123727172613,0.47851783968508244,0.4802285749465227,0.0,-0.0,0.08782307058572769,0.5505502749057043,0.0928233340382576,0.7678099656694157,0.03962277993559837,0.0,-0.48772853,0.01443547,-0.06109564
0.4642857142857143,0.5,0.3333333333333333,0.42424242424242425,0.6153846153846154,0.5869565217391305,0.9851705431938171,0.9849973917007446,0.4163260252480297,0.41630238283204757,0.4561074843370208,0.5394746882345156,0.15533861837216786,0.15533861837216786,0.8400314450263977,0.0,0.0,0.0,0.06248753145337104,0.4765164963901043,0.47840309143066406,0.0,-0.0,0.08948783576488495,0.5624700094026233,0.09482725709676743,0.7731884371402652,0.03628120198845863,0.0,-0.47399595,-0.00805532,-0.0774203
0.4642857142857143,0.5,0.3333333333333333,0.42424242424242425,0.6153846153846154,0.5869565217391305,0.9818389415740967,0.9817189574241638,0.4137224476378461,0.41369863427163994,0.4607723740501112,0.5344971334108608,0.1576702456389155,0.1576702456389155,0.8568577691912651,0.0,0.0,0.0,0.059246245026588436,0.47671039775013924,0.4785381145775318,0.0,-0.0,0.09082674235105515,0.6031746031746031,0.09700577706098557,0.8,0.03438274562358856,0.0,-0.47016906,-0.02734286,-0.08999864
0.4642857142857143,0.5,0.3333333333333333,0.42424242424242425,0.6153846153846154,0.5869565217391305,0.7948775291442871,0.7740891575813293,0.32454522617916304,0.32451799950681726,0.4709466874713424,0.5211697271580855,0.13673165546996255,0.13673165546996255,0.8949728719890118,0.0,0.0,0.0,0.056013417989015574,0.48065376095473766,0.48167453333735466,0.0,-0.0,0.08984314650297165,0.6031746031746031,0.09571313858032227,0.8,0.03302770107984543,0.0,-0.46785569,-0.04256698,-0.10396931
0.4642857142857143,0.5,0.3333333333333333,0.42424242424242425,0.6153846153846154,0.5869565217391305,0.578292191028595,0.5619610548019409,0.3052711696515348,0.3052413787258287,0.5202805330944791,0.46715672745024905,0.12546634035451074,0.12546634035451074,0.9053038991987705,0.0,0.0,0.0,0.05539062023162841,0.48214864917099476,0.4830379392951727,0.0,-0.0,0.08321113139390945,0.6031746031746031,0.08746841549873352,0.8,0.0330052375793457,0.0,-0.46950656,-0.05850482,-0.12331651
0.4642857142857143,0.5,0.3333333333333333,0.42424242424242425,0.6153846153846154,0.5869565217391305,0.39288559556007385,0.38993778824806213,0.3367090867992569,0.33668004805453644,0.5173743650402667,0.47013532996354956,0.12130825115101679,0.12130825115101679,0.9132386259734631,0.0,0.0,0.0,0.05358154438436031,0.4840147625654936,0.4850994721055031,0.0,-0.0,0.07533502578735352,0.6031746031746031,0.07991781830787659,0.8,0.0334160216152668,0.0,-0.47099244,-0.06895667,-0.16294935
0.4642857142857143,0.5,0.3333333333333333,0.42424242424242425,0.6153846153846154,0.5869565217391305,0.49711284041404724,0.4839160442352295,0.31552161860420413,0.3154924544959862,0.538047525212596,0.4505338011867863,0.11812990265233177,0.11812990265233177,0.9191104881465435,0.0,0.0,0.0,0.05389492511749267,0.484661721624434,0.4862099699676037,0.0,-0.0,0.07673346996307373,0.6031746031746031,0.0827510878443718,0.8,0.03497567027807236,0.0,-0.48083132,-0.08701731,-0.20646654
0.4642857142857143,0.5,0.3333333333333333,0.42424242424242425,0.6153846153846154,0.5869565217391305,0.5014266967773438,0.4877496361732483,0.31518164419535244,0.31515253707054236,0.5394036334513707,0.4493418792415025,0.11788217084748405,0.11788217084748405,0.919710423797369,0.0,0.0,0.0,0.05395147055387497,0.4846802419051528,0.48631880711764097,0.0,-0.0,0.07697782665491104,0.6031746031746031,0.08317824453115463,0.8,0.03523343801498413,0.0,-0.49006348,-0.09253227,-0.21582228
0.4642857142857143,0.5,0.3333333333333333,0.42424242424242425,0.6153846153846154,0.5869565217391305,0.44288378953933716,0.43223345279693604,0.32136430977407426,0.3213352254426274,0.553274494740065,0.4354135843758779,0.11323382279702596,0.11323382279702596,0.9252813942730427,0.0,0.0,0.0,0.05530977621674537,0.4850602690130472,0.48740811087191105,0.0,-0.0,0.0769803524017334,0.6031746031746031,0.08453648537397385,0.8,0.037828318774700165,0.0,-0.5,-0.10919993,-0.23015676
0.4642857142857143,0.5,0.3333333333333333,0.42424242424242425,0.6153846153846154,0.5869565217391305,0.43949559330940247,0.4289551079273224,0.3228003828293051,0.3227713668779479,0.558902911200806,0.43003504585758856,0.11285948966230666,0.11285948966230666,0.9260761775076389,0.0,0.0,0.0,0.05580322928726673,0.48520052898675203,0.48760113306343555,0.0,-0.0,0.07655321806669235,0.6031746031746031,0.08425498008728027,0.8,0.038299474865198135,0.0,-0.5,-0.12967308,-0.25994956
0.4642857142857143,0.5,0.3333333333333333,0.42424242424242425,0.6153846153846154,0.5869565217391305,0.37912869453430176,0.3727753460407257,0.3110984639045613,0.3110692883996617,0.6006523464195587,0.38960393887810174,0.13129127344914845,0.13129127344914845,0.9273388646543026,0.0,0.0,0.0,0.0700869496911764,0.48572733346372843,0.48804264422506094,0.10729900002479553,-0.0,0.08526439219713211,0.5393081884535532,0.09598188102245331,0.7853215568980505,0.04091648757457733,0.0,-0.5,-0.13609339,-0.27665517
0.4642857142857143,0.5,0.3333333333333333,0.42424242424242425,0.6153846153846154,0.5869565217391305,0.401679128408432,0.3969760239124298,0.30675125669111025,0.30672199001275785,0.6059721122508295,0.3845097589624493,0.13405101107699532,0.13405101107699532,0.9250958934426308,0.0,0.0,0.0,0.07149262428283691,0.4855756191536784,0.487631400115788,0.10891468822956085,-0.0,0.08905692398548126,0.5461732125471508,0.09944454580545425,0.7863766509433125,0.04007917270064354,0.0,-0.5,-0.1418657,-0.27886274
0.4642857142857143,0.5,0.3333333333333333,0.42424242424242425,0.6153846153846154,0.5869565217391305,0.3934495747089386,0.3898928165435791,0.3076102017900456,0.30758102628514594,0.6102444546628408,0.38035173666358174,0.1331387513450214,0.1331387513450214,0.9221141561865807,0.0,0.0,0.0,0.07504739575088024,0.4855958968400955,0.4874394601210952,0.11393837630748749,0.11393837630748749,0.08403367549180984,0.53999891640648,0.09250668436288834,0.7850305619108122,0.0412614643573761,0.0,-0.5,-0.13231237,-0.28588036
0.4642857142857143,0.5,0.3333333333333333,0.42424242424242425,0.6153846153846154,0.5869565217391305,0.38387730717658997,0.37986454367637634,0.3001101140082452,0.3000810068834352,0.6043165846946819,0.38675660334348627,0.24098712418760573,0.24098712418760573,0.8766071833670139,0.0,0.0,0.0,0.3862155735492706,0.40797896683216095,0.41463033109903336,0.5664350986480713,0.5664350986480713,0.0786026194691658,0.4685589522123337,0.08623191714286804,0.746425525393597,0.06400137394666672,0.0,-0.5,-0.13212888,-0.27856761
0.4642857142857143,0.5,0.3333333333333333,0.42424242424242425,0.6153846153846154,0.5869565217391305,0.3937661051750183,0.38979628682136536,0.2976880912343129,0.29765921204313495,0.6012536125474861,0.39042239156730724,0.2858633015836988,0.2858633015836988,0.855452410876751,0.0,0.0,0.0,0.47503598928451535,0.3543258011341095,0.36411747336387634,0.6949811577796936,0.6949811577796936,0.07822765409946442,0.47492944815802196,0.08531485497951508,0.7451568660867769,0.09600633382797241,0.0,-0.5,-0.10978138,-0.24060568
0.4642857142857143,0.5,0.3333333333333333,0.42424242424242425,0.6153846153846154,0.5869565217391305,0.39253175258636475,0.38781845569610596,0.30403408265706455,0.3040055225729714,0.5863707943126759,0.40516107027156356,0.2901150711945125,0.2901150711945125,0.8532674089074135,0.0,0.0,0.0,0.48355226814746854,0.3541698753833771,0.3639931231737137,0.707456111907959,0.707456111907959,0.07921698689460754,0.47528415492602755,0.08574046194553375,0.745807348988777,0.10467781871557236,0.0,-0.5,-0.09345683,-0.21775544
0.4642857142857143,0.5,0.3333333333333333,0.42424242424242425,0.6153846153846154,0.5869565217391305,0.41067957878112793,0.4035716950893402,0.3049426717010556,0.30491433955059455,0.5903884949693261,0.40166930937579615,0.28856751109872547,0.28856751109872547,0.8542485162615776,0.0,0.0,0.0,0.48084169626235956,0.36357250809669495,0.3728044629096985,0.7043341398239136,0.7043341398239136,0.07902327179908752,0.4913410549125974,0.08484222739934921,0.7510250031428282,0.10554856061935425,0.0,-0.49247902,-0.07441384,-0.19124009
0.4642857142857143,0.5,0.3333333333333333,0.42424242424242425,0.6153846153846154,0.5869565217391305,0.9787323474884033,0.9780526161193848,0.38151585850615344,0.3814918570947009,0.480634774293316,0.5160592414402319,0.31791395374706816,0.31791395374706816,0.8225637152791023,0.0,0.0,0.0,0.47275896370410914,0.3615823984146118,0.37060537934303284,0.6945269703865051,0.6945269703865051,0.0,0.5,0.0,0.6976744186046512,0.10435633361339569,0.0,-0.47728955,-0.04909353,-0.15552019
0.4642857142857143,0.5,0.3333333333333333,0.42424242424242425,0.6153846153846154,0.5869565217391305,0.9857621788978577,0.9857266545295715,0.3875616043521159,0.38753776249420574,0.46366248987828795,0.5330327125347317,0.3400018279041563,0.3400018279041563,0.7978007271885872,0.0,0.0,0.0,0.3802862405776977,0.37042027711868286,0.374051108956337,0.5538341403007507,0.5538341403007507,0.0,0.5,0.0,0.6976744186046512,0.07828259468078613,0.0,-0.45684805,-0.01984263,-0.12882018
0.4642857142857143,0.5,0.3333333333333333,0.42424242424242425,0.6153846153846154,0.5869565217391305,0.9752493500709534,0.9751383066177368,0.3858758072096349,0.38585141831100783,0.45436827949538516,0.5411181039672914,0.35918449716908596,0.35918449716908596,0.7884752675890923,0.0,0.0,0.0,0.39718109071254726,0.38134893774986267,0.3795490115880966,0.571919858455658,0.571919858455658,0.0,0.5,0.0,0.6976744186046512,0.07156378030776978,0.0,-0.45340517,0.00045452,-0.09751111
0.4642857142857143,0.5,0.3333333333333333,0.42424242424242425,0.6153846153846154,0.5869565217391305,0.6053274273872375,0.6054779291152954,0.28227047801701566,0.2822391599359749,0.40165703155342525,0.5836089773747428,0.341112847839083,0.341112847839083,0.8018343821167946,0.0,0.0,0.0,0.3854757159948349,0.3859691768884659,0.3796079680323601,0.5492864847183228,0.5492864847183228,0.0,0.5,0.0,0.6976744186046512,0.07119163125753403,0.0,-0.44018167,0.02094387,-0.06018502
0.4642857142857143,0.5,0.3333333333333333,0.42424242424242425,0.6153846153846154,0.5869565217391305,0.4736146032810211,0.473521888256073,0.3106837956444939,0.31065150884551707,0.42462936824412006,0.5566987208942902,0.3338924263204847,0.3338924263204847,0.8165505304932594,0.0,0.0,0.0,0.37689714431762694,0.38729579746723175,0.37905153632164,0.537080705165863,0.537080705165863,0.0,0.5,0.0,0.6976744186046512,0.06827350705862045,0.0,-0.40693694,0.04438952,-0.02562275
0.4642857142857143,0.5,0.3333333333333333,0.42424242424242425,0.6153846153846154,0.5869565217391305,0.9856740236282349,0.9856747984886169,0.4027089566619173,0.4026849552504647,0.49218450691800275,0.5033027220359901,0.4055383588586535,0.4055383588586535,0.7786005958914757,0.0,0.0,0.0,0.3249366551637649,0.37674587965011597,0.3674200475215912,0.47816547751426697,0.47816547751426697,0.0,0.5,0.0,0.6976744186046512,0.05863805487751961,0.0,-0.35887692,0.05311673,-0.01083838
0.4642857142857143,0.5,0.3333333333333333,0.42424242424242425,0.6153846153846154,0.5869565217391305,0.9451740384101868,0.9451580047607422,0.39488163596129555,0.3948561415845532,0.49901998002815773,0.49330063526711954,0.3751938683646066,0.3751938683646066,0.7872147932648659,0.0,0.0,0.0,0.2681116625666618,0.4171208590269089,0.4080440625548363,0.39228546619415283,0.39228546619415283,0.0,0.5,0.0,0.6976744186046512,0.05416334047913551,0.005975544918328524,-0.28172632,0.05847032,-0.0025155
0.4642857142857143,0.5,0.3333333333333333,0.42424242424242425,0.6153846153846154,0.5869565217391305,0.46269679069519043,0.46269601583480835,0.30802549686760106,0.30799417878656044,0.46115102594714774,0.5223365621579942,0.3198684751987457,0.3198684751987457,0.8266728669404984,0.0,0.0,0.0,0.31815870255231854,0.41375571489334106,0.40743375569581985,0.45573851466178894,0.45573851466178894,0.0,0.5,0.0,0.6976744186046512,0.05495523288846016,0.08794327266514301,-0.23963334,0.05945033,-0.00036527
0.4642857142857143,0.5,0.3333333333333333,0.42424242424242425,0.6153846153846154,0.5869565217391305,0.3903443217277527,0.3903689980506897,0.33174313094830193,0.33171273599847095,0.44323552794483834,0.5410104152982544,0.3187137522867748,0.3187137522867748,0.8337453007698059,0.0,0.0,0.0,0.3183645337820053,0.41058219224214554,0.4057224914431572,0.45732641220092773,0.45732641220092773,0.0,0.5,0.0,0.6976744186046512,0.05659105256199837,0.10361919179558754,-0.20901765,0.05926105,0.00447372
0.4642857142857143,0.5,0.3333333333333333,0.42424242424242425,0.6153846153846154,0.5869565217391305,0.3376653790473938,0.337729811668396,0.3452008682272858,0.34517072400445004,0.44155656881131816,0.5425245670191366,0.30384096716131487,0.30384096716131487,0.8420143872499466,0.0,0.0,0.0,0.29154982417821884,0.4146701917052269,0.41339392215013504,0.41871508955955505,0.41871508955955505,0.05729949101805687,0.5002121773977128,0.0606129914522171,0.7548111759472725,0.0582745298743248,0.11656380258500576,-0.1424941,0.05482098,0.01839495
0.4642857142857143,0.5,0.3333333333333333,0.42424242424242425,0.6153846153846154,0.5869565217391305,0.35080111026763916,0.35086068511009216,0.34109677502575614,0.3410668359431892,0.4291793794066683,0.5557756313982111,0.29988247369016924,0.29988247369016924,0.8482592105865479,0.0,0.0,0.0,0.28571228235960006,0.4155033081769943,0.41554008424282074,0.4091380536556244,0.4091380536556244,0.05554633215069771,0.5147801438967387,0.05803348124027252,0.7629309637948525,0.06041867285966873,0.14319658279418945,-0.11172343,0.04689943,0.03099164
0.4642857142857143,0.5,0.3333333333333333,0.42424242424242425,0.6153846153846154,0.5869565217391305,0.25898751616477966,0.2589896023273468,0.3553731359441695,0.3553434475885978,0.3996598998629568,0.5853064019816278,0.2874593010970525,0.2874593010970525,0.8602453991770744,0.0,0.0,0.0,0.12196551263332366,0.46846887096762657,0.47037871927022934,0.1787002831697464,0.1787002831697464,0.1095864549279213,0.4561654180288315,0.11639280617237091,0.5560575044432352,0.05918825417757034,0.08173264563083649,-0.09135677,0.02160041,0.08757678
0.4642857142857143,0.5,0.3333333333333333,0.42424242424242425,0.6153846153846154,0.5869565217391305,0.2313578575849533,0.23135459423065186,0.3686555922601237,0.3686254936240143,0.41598447809711697,0.5669464597516893,0.2757247005190168,0.2757247005190168,0.8645406663417816,0.0,0.0,0.0,0.10600051209330558,0.4731549806892872,0.47535511292517185,0.15666474401950836,0.15666474401950836,0.0,0.5,0.0,0.6976744186046512,0.05687394738197327,0.06596768740564585,-0.08674023,0.01496656,0.12349743
0.4642857142857143,0.5,0.3333333333333333,0.42424242424242425,0.6153846153846154,0.5869565217391305,0.23530757427215576,0.23530857264995575,0.3681665150658806,0.36813635944636325,0.413195601840776,0.5695861441860641,0.2658049762248993,0.2658049762248993,0.8679259568452835,0.0,0.0,0.0,0.09571126624941825,0.4744829498231411,0.47677702084183693,0.1412629634141922,0.1412629634141922,0.05515541508793831,0.48364443958751735,0.06137150153517723,0.753491981778034,0.05367695540189743,0.05907927639782429,-0.08182617,0.00445006,0.13270643
0.4642857142857143,0.5,0.3333333333333333,0.42424242424242425,0.6153846153846154,0.5869565217391305,0.23236849904060364,0.23236963152885437,0.3663297004954993,0.36629947649589234,0.40618208398326633,0.57671143784755,0.26442000908511026,0.26442000908511026,0.8696021437644958,0.0,0.0,0.0,0.09219663515686988,0.47514466010034084,0.4774604607373476,0.1356857419013977,0.1356857419013977,0.0557582750916481,0.4941862424214681,0.06290087848901749,0.7581078915228677,0.050925664603710175,0.054886965081095695,-0.06020852,-0.0316881,0.10442587
0.4642857142857143,0.5,0.3333333333333333,0.42424242424242425,0.6153846153846154,0.5869565217391305,0.2283615618944168,0.22836242616176605,0.36688191530581415,0.3668516457194808,0.4039005708967978,0.5789593008070051,0.26074227477822987,0.26074227477822987,0.8718789592385292,0.0,0.0,0.0,0.09116475135087966,0.4757264368236065,0.4780840463936329,0.13428401947021484,0.13428401947021484,0.05569157004356384,0.502362994447587,0.06324627250432968,0.7625525942895302,0.049781475216150284,0.05277089308947325,-0.0498577,-0.0695364,0.06120436
0.4642857142857143,0.5,0.3333333333333333,0.42424242424242425,0.6153846153846154,0.5869565217391305,0.26046672463417053,0.26045313477516174,0.3563773659401597,0.35634683423014946,0.418892985320228,0.5637189886145514,0.2556964648621423,0.2556964648621423,0.873346358537674,0.0,0.0,0.0,0.08409464731812477,0.47611597925424576,0.4785842038691044,0.12339289486408234,0.12339289486408234,0.0548674501478672,0.5808807251945374,0.06257450580596924,0.8,0.04599635303020477,0.053900121711194515,-0.04230138,-0.11487713,0.0139035
0.4642857142857143,0.5,0.3333333333333333,0.42424242424242425,0.6153846153846154,0.5869565217391305,0.2708252966403961,0.2707928419113159,0.35424843162697084,0.35421778595014464,0.4234601769802903,0.5590350952910369,0.25600764368261614,0.25600764368261614,0.8724656589329243,0.0,0.0,0.0,0.0830493938177824,0.4762332122772932,0.4787701405584812,0.12177091836929321,0.12177091836929321,0.05252430960536003,0.6031746031746031,0.0597715750336647,0.8,0.044292572885751724,0.05796610377728939,-0.04583017,-0.16217688,-0.02747976
0.4642857142857143,0.5,0.3333333333333333,0.42424242424242425,0.6153846153846154,0.5869565217391305,0.26636502146720886,0.2663143277168274,0.35222302476944933,0.3521915471348662,0.44718360627358544,0.5333076033441282,0.259098123226847,0.259098123226847,0.870260700583458,0.0,0.0,0.0,0.08210018463432789,0.4762154798954725,0.47886237129569054,0.12031093239784241,0.12031093239784241,0.04820765182375908,0.6031746031746031,0.0542057640850544,0.8,0.043359920382499695,0.06456905510276556,-0.061754,-0.19478831,-0.05311286
0.4642857142857143,0.5,0.3333333333333333,0.42424242424242425,0.6153846153846154,0.5869565217391305,0.33098769187927246,0.33079949021339417,0.33665918073052425,0.3366272472286771,0.4665426877443011,0.5138230273139586,0.26067926415375303,0.26067926415375303,0.8688173666596413,0.0,0.0,0.0,0.08264120742678642,0.47638672962784767,0.4790491107851267,0.12115637212991714,0.12115637212991714,0.04459192603826523,0.6031746031746031,0.05051315948367119,0.8,0.04349978268146515,0.06768137216567993,-0.07735463,-0.21629566,-0.06566704
0.4642857142857143,0.5,0.3333333333333333,0.42424242424242425,0.6153846153846154,0.5869565217391305,0.9833953976631165,0.9834041595458984,0.47189313914078374,0.4718703742692849,0.6046906921649299,0.39125339200295584,0.27560645980494364,0.27560645980494364,0.8356718271970749,0.0,0.0,0.0,0.06995014697313308,0.47503263503313065,0.47625192254781723,0.0,-0.0,0.04507925733923912,0.6031746031746031,0.053438637405633926,0.8,0.04129255563020706,0.06902259308844805,-0.09420555,-0.22539149,-0.06159191
0.4642857142857143,0.5,0.3333333333333333,0.42424242424242425,0.6153846153846154,0.5869565217391305,0.979629397392273,0.9796271920204163,0.45498057191276187,0.4549574195540886,0.5850132614887011,0.4106148496817854,0.27062375630651203,0.27062375630651203,0.8234800547361374,0.0,0.0,0.0,0.0617543913424015,0.47294994071125984,0.4742040131241083,0.0,-0.0,0.05089358985424042,0.6031746031746031,0.06026403605937958,0.8,0.0370282344520092,0.05579062271863222,-0.13329262,-0.21862666,-0.04450426
0.4642857142857143,0.5,0.3333333333333333,0.42424242424242425,0.6153846153846154,0.5869565217391305,0.9768117070198059,0.9768091440200806,0.4454897744705755,0.44546634289320297,0.5679168145013813,0.4272886393352352,0.267863433275904,0.267863433275904,0.8204989284276962,0.0,0.0,0.0,0.06015981212258339,0.4723647739738226,0.4735168293118477,0.0,-0.0,0.05403624847531319,0.5998857134864444,0.06303062289953232,0.8,0.034157924354076385,0.03369466168805957,-0.16531101,-0.21223156,-0.03135132
0.4642857142857143,0.5,0.3333333333333333,0.42424242424242425,0.6153846153846154,0.5869565217391305,0.9683966636657715,0.9683771133422852,0.4254075108705014,0.42538304219510314,0.5534836409424733,0.44013108117124045,0.23551863219056812,0.23551863219056812,0.8394385278224945,0.0,0.0,0.0,0.061166315153241155,0.47314281202852726,0.47436814568936825,0.0,-0.0,0.06577462702989578,0.5009671104332757,0.07226099818944931,0.761425087964812,0.03361593931913376,0.02673807553946972,-0.20225843,-0.19118363,-0.02258361
0.4642857142857143,0.5,0.3333333333333333,0.42424242424242425,0.6153846153846154,0.5869565217391305,0.42670372128486633,0.42662444710731506,0.3366437154335912,0.3366135028306658,0.5693964684670559,0.416273700980743,0.16889534890651703,0.16889534890651703,0.8843202143907547,0.0,0.0,0.0,0.06606088541448116,0.4776406604796648,0.4788537919521332,0.0,-0.0,0.07319041341543198,0.4931512739923265,0.07926707714796066,0.7568323057751323,0.03534195199608803,0.022650149185210466,-0.24321362,-0.16269621,-0.00428161
0.4642857142857143,0.5,0.3333333333333333,0.42424242424242425,0.6153846153846154,0.5869565217391305,0.3632279932498932,0.3626597821712494,0.36201470030425387,0.36198503474204535,0.5506867870090113,0.43436560251921996,0.1444219265665327,0.1444219265665327,0.9033782184123993,0.0,0.0,0.0,0.06863281615078448,0.4812844842672348,0.48235015757381916,0.0,-0.0,0.07787122577428818,0.5380430207366035,0.08194690197706223,0.7772916213197764,0.0379149354994297,0.01665624207817018,-0.27057511,-0.14268072,0.00905207
0.4642857142857143,0.5,0.3333333333333333,0.42424242424242425,0.6153846153846154,0.5869565217391305,0.984690248966217,0.9847437143325806,0.4381989639530218,0.4381753386320621,0.4877411793796328,0.5064555171292274,0.16105653452021737,0.16105653452021737,0.8790350072085857,0.0,0.0,0.0,0.06728829219937324,0.4820656720548868,0.48298515006899834,0.0,-0.0,0.0890522226691246,0.4643791109323502,0.0,0.6976744186046512,0.037933140993118286,0.007639839313924313,-0.28974646,-0.11741073,0.0369611
0.4642857142857143,0.5,0.3333333333333333,0.42424242424242425,0.6153846153846154,0.5869565217391305,0.9758611917495728,0.9758127927780151,0.43475750231150234,0.4347340194490626,0.4821209713788151,0.5126750224812259,0.18367987658296314,0.18367987658296314,0.8706798553466797,0.0,0.0,0.0,0.0665493369102478,0.4820214156061411,0.4825970996171236,0.0,-0.0,0.09688853472471237,0.4971574748319293,0.10501900315284729,0.743467450834984,0.03789878636598587,0.0,-0.31191661,-0.08317856,0.0647117
0.4642857142857143,0.5,0.3333333333333333,0.42424242424242425,0.6153846153846154,0.5869565217391305,0.9754738807678223,0.9754400253295898,0.4249658666650834,0.4249423781043029,0.4754020976290876,0.5199321358604545,0.20014558519635883,0.20014558519635883,0.8503336012363434,0.0,0.0,0.0,0.06611278392374514,0.4806912038475275,0.48095610551536083,0.0,-0.0,0.09766818583011627,0.5199763798524463,0.10546483099460602,0.7558412334426892,0.037340812385082245,0.0,-0.34532906,-0.04492465,0.07592609
0.4642857142857143,0.5,0.3333333333333333,0.42424242424242425,0.6153846153846154,0.5869565217391305,0.6909836530685425,0.6891072392463684,0.30568904037913214,0.30566082219548707,0.45777119186138787,0.5329659521984959,0.1758454686829022,0.1758454686829022,0.8836701326072216,0.0,0.0,0.0,0.0654739461839199,0.48125160299241543,0.48138418048620224,0.0,-0.0,0.09418211877346039,0.5489460821189578,0.1009366512298584,0.7708544011206128,0.03632891923189163,0.0,-0.3662762,-0.01590406,0.08693061
0.4642857142857143,0.5,0.3333333333333333,0.42424242424242425,0.6153846153846154,0.5869565217391305,0.35573384165763855,0.3541771173477173,0.3579154392957231,0.3578869703850828,0.44056923439580215,0.5467376317286761,0.16652538840259826,0.16652538840259826,0.89329057559371,0.0,0.0,0.0,0.06624421998858451,0.48265494778752327,0.4827254209667444,0.0,-0.0,0.09222275763750076,0.6031746031746031,0.09760872274637222,0.8,0.03767106309533119,0.0,-0.38967189,0.01396497,0.09409464
0.4642857142857143,0.5,0.3333333333333333,0.42424242424242425,0.6153846153846154,0.5869565217391305,0.3021869659423828,0.30088168382644653,0.36797030979543066,0.3679418180914271,0.42818431234268567,0.558514162056767,0.16227800399065018,0.16227800399065018,0.8988635949790478,0.0,0.0,0.0,0.06425520740449428,0.4836652558296919,0.48369112610816956,0.0,-0.0,0.09268146008253098,0.6031746031746031,0.09739082306623459,0.8,0.03722420707345009,0.0,-0.41623103,0.04093737,0.11427766
0.4642857142857143,0.5,0.3333333333333333,0.42424242424242425,0.6153846153846154,0.5869565217391305,0.3282791078090668,0.3241688311100006,0.3416826898235664,0.341653651078846,0.5273467078947428,0.45986193949081655,0.16305093254361835,0.16305093254361835,0.9015165008604527,0.0,0.0,0.0,0.06040125414729118,0.4842479731887579,0.48453724570572376,0.0,-0.0,0.0847446396946907,0.6031746031746031,0.08797775208950043,0.8,0.03416424244642258,0.0,-0.43480446,0.0572728,0.12934786
0.4642857142857143,0.5,0.3333333333333333,0.42424242424242425,0.6153846153846154,0.5869565217391305,0.33047839999198914,0.3255636692047119,0.3487977065274182,0.34876916923668827,0.5301227201467262,0.45790047941376055,0.16283196530171803,0.16283196530171803,0.90283327922225,0.0,0.0,0.0,0.059357393160462374,0.4845430552959442,0.48506754357367754,0.0,-0.0,0.08270490169525146,0.6031746031746031,0.08638102561235428,0.8,0.03340701013803482,0.0,-0.45679575,0.06444936,0.1273059
0.4642857142857143,0.5,0.3333333333333333,0.42424242424242425,0.6153846153846154,0.5869565217391305,0.30530181527137756,0.29947715997695923,0.3502178812118151,0.3501894692845828,0.5380321396924341,0.4505012522641327,0.15837770487580982,0.15837770487580982,0.9044186696410179,0.0,0.0,0.0,0.054976230114698404,0.48457708209753036,0.4853124376386404,0.0,-0.0,0.0818236768245697,0.6031746031746031,0.08587586879730225,0.8,0.03191331773996353,0.0,-0.46764355,0.06773507,0.12156086
0.4642857142857143,0.5,0.3333333333333333,0.42424242424242425,0.6153846153846154,0.5869565217391305,0.40310943126678467,0.3956841230392456,0.3125872808022435,0.31255803691725426,0.5831349743939722,0.4065035765708468,0.1558641131435122,0.1558641131435122,0.9055463522672653,0.0,0.0,0.0,0.05374675020575523,0.4842432253062725,0.4853892866522074,0.0,-0.0,0.07782009989023209,0.6031746031746031,0.08317398279905319,0.8,0.03055398538708687,0.0,-0.4613268,0.05039186,0.10470784
0.4642857142857143,0.5,0.3333333333333333,0.42424242424242425,0.6153846153846154,0.5869565217391305,0.37165310978889465,0.36680474877357483,0.3252761409569881,0.32524764925298455,0.5739764130138303,0.41645458911112065,0.1559852489403316,0.1559852489403316,0.9070089124143124,0.0,0.0,0.0,0.05405310317873954,0.48408194072544575,0.4854598958045244,0.0,-0.0,0.07693654298782349,0.6031746031746031,0.08282283693552017,0.8,0.030428310856223106,0.0,-0.47388517,0.04899224,0.08001824
0.4642857142857143,0.5,0.3333333333333333,0.42424242424242425,0.6153846153846154,0.5869565217391305,0.36462152004241943,0.35753101110458374,0.33071445507027675,0.33068656739039815,0.5614508616080931,0.429728691659461,0.15562452908073154,0.15562452908073154,0.9090953171253204,0.0,0.0,0.0,0.05872069112956523,0.48371345177292824,0.48552058078348637,0.0,-0.0,0.07849488407373428,0.6031746031746031,0.08508241921663284,0.8,0.03160744532942772,0.0,-0.48402011,0.04071106,0.05001435
0.4642857142857143,0.5,0.3333333333333333,0.42424242424242425,0.6153846153846154,0.5869565217391305,0.3904202878475189,0.38482415676116943,0.3244200222350899,0.3243922257286641,0.5564409658512239,0.4350170710296015,0.156170092523098,0.156170092523098,0.9110396727919579,0.0,0.0,0.0,0.062279011681675905,0.48344482854008675,0.48548467364162207,0.0,-0.0,0.07844927906990051,0.6031746031746031,0.08592893183231354,0.8,0.03349873051047325,0.0,-0.49037721,0.02157111,0.02181738
0.4642857142857143,0.5,0.3333333333333333,0.42424242424242425,0.6153846153846154,0.5869565217391305,0.38580089807510376,0.37897366285324097,0.326146676481112,0.32611869762778056,0.550878393718435,0.4399976944097775,0.1569409774882453,0.1569409774882453,0.9128029122948647,0.0,0.0,0.0,0.06992202289402484,0.48314981162548065,0.48547752667218447,0.109084852039814,-0.0,0.07878825813531876,0.5959340911062937,0.08706970512866974,0.8,0.037576768547296524,0.0,-0.491058761,0.00359879807,0.000455238594
0.4642857142857143,0.5,0.3333333333333333,0.42424242424242425,0.6153846153846154,0.5869565217391305,0.3940497636795044,0.38713544607162476,0.3231898872163966,0.32316162344602506,0.5512224994243673,0.43925302383725956,0.1598615252545902,0.1598615252545902,0.9140101075172424,0.0,0.0,0.0,0.0717798288911581,0.4831899665296078,0.4855394773185253,0.11135336011648178,-0.0,0.0779467523097992,0.6031746031746031,0.0869923010468483,0.8,0.040090594440698624,0.0,-0.4948149,-0.00518837,-0.0205533
0.4642857142857143,0.5,0.3333333333333333,0.42424242424242425,0.6153846153846154,0.5869565217391305,0.5524605512619019,0.5323785543441772,0.3252974755449459,0.32526930294802725,0.4809670060816048,0.5088740553677602,0.15501332602330617,0.15501332602330617,0.9165783487260342,0.0,0.0,0.0,0.0716440301388502,0.48365948535501957,0.48599505331367254,0.11077547073364258,-0.0,0.076888807117939,0.6031746031746031,0.08625326305627823,0.8,0.04116621986031532,0.0,-0.49686005,-0.03008493,-0.04057037
0.4642857142857143,0.5,0.3333333333333333,0.42424242424242425,0.6153846153846154,0.5869565217391305,0.9798703789710999,0.979812741279602,0.4130541405303984,0.4130309995684068,0.4599000093585902,0.5371369254014182,0.2125743989433561,0.2125743989433561,0.8890089243650436,0.0,0.0,0.0,0.0711572553962469,0.48327694088220596,0.48551891185343266,0.0,-0.0,0.07717933505773544,0.57439124584198,0.08744440972805023,0.7799358886861524,0.04151666536927223,0.0,-0.5,-0.04700246,-0.05106427
0.4642857142857143,0.5,0.3333333333333333,0.42424242424242425,0.6153846153846154,0.5869565217391305,0.25341013073921204,0.24913282692432404,0.4284136705599141,0.4283880850097189,0.32458485244109114,0.6675088742444387,0.18852594175509046,0.18852594175509046,0.9118952937424183,0.0,0.0,0.0,0.06619423553347586,0.484710393473506,0.48646626994013786,0.0,-0.0,0.07398739457130432,0.6031746031746031,0.08433309942483902,0.8,0.04074103385210037,0.0,-0.5,-0.06150011,-0.06017637
0.4642857142857143,0.5,0.3333333333333333,0.42424242424242425,0.6153846153846154,0.5869565217391305,0.0,0.0,0.5435167357297063,0.5434946204690587,0.3636090390768835,0.627443663426106,0.16308217708553588,0.16308217708553588,0.9254605695605278,0.0,0.0,0.0,0.0595329750329256,0.4872429268434644,0.4882674431428313,0.0,-0.0,0.07605224847793579,0.6031746031746031,0.08592125028371811,0.8,0.040419962257146835,0.0,-0.5,-0.07835864,-0.07140074
0.4642857142857143,0.5,0.3333333333333333,0.42424242424242425,0.6153846153846154,0.5869565217391305,0.0,0.0,0.5686249359160035,0.5686045985376857,0.39996110276100055,0.5933325349436157,0.13724056205579213,0.13724056205579213,0.9306454733014107,0.0,0.0,0.0,0.05029611214995384,0.48921420332044363,0.49002370703965425,0.0,-0.0,0.07351468503475189,0.6031746031746031,0.07915680855512619,0.8,0.039011869579553604,0.0,-0.5,-0.08634628,-0.08471845
0.4642857142857143,0.5,0.3333333333333333,0.42424242424242425,0.6153846153846154,0.5869565217391305,0.0,0.0,0.5671627245715198,0.5671423928915429,0.4407369422639077,0.5523365215242656,0.14400053769350052,0.14400053769350052,0.9329060167074203,0.0,0.0,0.0,0.06434894651174546,0.49051017221063375,0.49114389065653086,0.10112208127975464,-0.0,0.07163447141647339,0.5313498921810634,0.07480252534151077,0.7826497358118379,0.04439906030893326,0.0,-0.5,-0.09241845,-0.09357167
0.4642857142857143,0.5,0.3333333333333333,0.42424242424242425,0.6153846153846154,0.5869565217391305,0.0,0.0,0.5637305512255054,0.5637099859135557,0.4831666525303748,0.5094641983344446,0.12061977492911476,0.12061977492911476,0.9358235914260149,0.0,0.0,0.0,0.07164828851819038,0.4915612079203129,0.4920667549595237,0.11215648800134659,-0.0,0.0,0.5,0.0,0.6976744186046512,0.05047895014286041,0.005607343045994639,-0.5,-0.09834644,-0.0961609
0.4642857142857143,0.5,0.3333333333333333,0.42424242424242425,0.6153846153846154,0.5869565217391305,0.0,0.0,0.5133789092815173,0.5133565219250965,0.5087635580941778,0.4832129879111263,0.11154732533863614,0.11154732533863614,0.9383445084095001,0.0,0.0,0.0,0.07353710271418094,0.49237615847960114,0.4928701212629676,0.11469898372888565,-0.0,0.0,0.5,0.0,0.6976744186046512,0.054640498012304306,0.021519968286156654,-0.5,-0.0983985,-0.10262044
0.4642857142857143,0.5,0.3333333333333333,0.42424242424242425,0.6153846153846154,0.5869565217391305,0.34872809052467346,0.3481898009777069,0.3646135425932321,0.3645872846388224,0.508039259802315,0.4842733750557074,0.10852168181112835,0.10852168181112835,0.9291464909911156,0.0,0.0,0.0,0.07333435900509357,0.49154424015432596,0.49206410720944405,0.11033372581005096,-0.0,0.0,0.5,0.0,0.6976744186046512,0.04226477071642876,0.026161752175539732,-0.5,-0.10429013,-0.11004534
0.4642857142857143,0.5,0.3333333333333333,0.42424242424242425,0.6153846153846154,0.5869565217391305,0.03677202761173248,0.036302659660577774,0.43805536006650325,0.4380310281512842,0.516363099017973,0.4762019374351834,0.0670838968030044,0.0670838968030044,0.9420443587005138,0.0,0.0,0.0,0.04505438227206468,0.49198440555483103,0.4925012825988233,0.0,-0.0,0.0,0.5,0.0,0.6976744186046512,0.030456189066171646,0.02697533229365945,-0.5,-0.10322095,-0.11373062
0.4642857142857143,0.5,0.3333333333333333,0.42424242424242425,0.6153846153846154,0.5869565217391305,0.017236867919564247,0.01683127135038376,0.41886432836434123,0.4188395861685846,0.513578130398836,0.4792363836883309,0.05382556202156204,0.05382556202156204,0.9486819636076689,0.0,0.0,0.0,0.03342628683894872,0.49289603903889656,0.49337748158723116,0.0,-0.0,0.0,0.5,0.0,0.6976744186046512,0.022314822301268578,0.025651415344327688,-0.5,-0.115169,-0.12576838
0.4642857142857143,0.5,0.3333333333333333,0.42424242424242425,0.6153846153846154,0.5869565217391305,0.02972307801246643,0.02890615537762642,0.3864944190869596,0.38646906147039645,0.5193353820713255,0.47405295066071695,0.04391617540802275,0.04391617540802275,0.9523346349596977,0.0,0.0,0.0,0.023069867864251137,0.4935619970783591,0.4939916837029159,0.0,-0.0,0.0,0.5,0.0,0.6976744186046512,0.01808943599462509,0.02083511557430029,-0.5,-0.13249192,-0.14619319
0.4642857142857143,0.5,0.3333333333333333,0.42424242424242425,0.6153846153846154,0.5869565217391305,0.03350605443120003,0.032495804131031036,0.35935669784108265,0.35933102111743465,0.5259635724255505,0.4681726333465398,0.035150510125926564,0.035150510125926564,0.9570740163326263,0.0,0.0,0.0,0.015733019914478064,0.494623264297843,0.49497844418510795,0.0,-0.0,0.0,0.5,0.0,0.6976744186046512,0.013697550632059574,0.00895035220310092,-0.5,-0.13208205,-0.16376375
0.4642857142857143,0.5,0.3333333333333333,0.42424242424242425,0.6153846153846154,0.5869565217391305,0.07982390373945236,0.07850982993841171,0.34129741360534904,0.3412714975513874,0.5296683543954707,0.4649794940004335,0.033613870452557294,0.033613870452557294,0.9575779959559441,0.0,0.0,0.0,0.015010399930179118,0.49478614795953035,0.4951301706023514,0.0,-0.0,0.0,0.5,0.0,0.6976744186046512,0.012827386148273945,0.005731416749767959,-0.5,-0.1418815,-0.1903767
0.4642857142857143,0.5,0.3333333333333333,0.42424242424242425,0.6153846153846154,0.5869565217391305,0.16091465950012207,0.1600756049156189,0.3163524936763552,0.31632634968876155,0.572522994209202,0.42347372553265983,0.046404424522604265,0.046404424522604265,0.9439041316509247,0.0,0.0,0.0,0.019622147828340528,0.4920396963134408,0.4930378654971719,0.0,-0.0,0.0,0.5,0.0,0.6976744186046512,0.012888919562101364,0.004360034072306007,-0.5,-0.15607901,-0.19527295
0.4642857142857143,0.5,0.3333333333333333,0.42424242424242425,0.6153846153846154,0.5869565217391305,0.10122981667518616,0.10003742575645447,0.3374834913140729,0.33745757526011133,0.5855935748175043,0.4101915427370641,0.04049522270049368,0.04049522270049368,0.9500875994563103,0.0,0.0,0.0,0.015859902277588843,0.49319464107975364,0.49394336622208357,0.0,-0.0,0.0,0.5,0.0,0.6976744186046512,0.01150415651500225,0.0,-0.5,-0.16345529,-0.19867425
0.4642857142857143,0.5,0.3333333333333333,0.42424242424242425,0.6153846153846154,0.5869565217391305,0.07142297178506851,0.0700569599866867,0.339358142867371,0.33933218122668296,0.5891254463341679,0.40659218577029776,0.037245944674525945,0.037245944674525945,0.9513918999582529,0.0,0.0,0.0,0.014349664002656935,0.4938259832561016,0.49444108037278056,0.0,-0.0,0.0,0.5,0.0,0.6976744186046512,0.010549507103860378,0.0,-0.5,-0.1576491,-0.20452926
0.4642857142857143,0.5,0.3333333333333333,0.42424242424242425,0.6153846153846154,0.5869565217391305,0.049260590225458145,0.04771542549133301,0.34662610303831376,0.3466003693312577,0.5672040147489616,0.4281457267750695,0.03199297801724502,0.03199297801724502,0.9544637035578489,0.0,0.0,0.0,0.012550968769937753,0.49482516571879387,0.49527824064716697,0.0,-0.0,0.0,0.5,0.0,0.6976744186046512,0.009486167691648006,0.0,-0.5,-0.15144479,-0.2013008
0.4642857142857143,0.5,0.3333333333333333,0.42424242424242425,0.6153846153846154,0.5869565217391305,0.044009897857904434,0.0424903966486454,0.34532292668723696,0.34529719298018097,0.5283753438843823,0.46639207849488384,0.028116637840867046,0.028116637840867046,0.9583445992320776,0.0,0.0,0.0,0.01150029352866113,0.49547149892896414,0.4958608071319759,0.0,-0.0,0.0,0.5,0.0,0.6976744186046512,0.008831114508211613,0.0,-0.5,-0.15485531,-0.19919717
0.4642857142857143,0.5,0.3333333333333333,0.42424242424242425,0.6153846153846154,0.5869565217391305,0.044410161674022675,0.04284553602337837,0.3443560550135363,0.34433027571975383,0.49747604014170327,0.4970341824614017,0.02582734716790063,0.02582734716790063,0.9601325336843729,0.0,0.0,0.0,0.010987723059952258,0.49577347561717033,0.4961846836376935,0.0,-0.0,0.0,0.5,0.0,0.6976744186046512,0.008510886691510677,0.0,-0.5,-0.15279897,-0.20226663
0.4642857142857143,0.5,0.3333333333333333,0.42424242424242425,0.6153846153846154,0.5869565217391305,0.0993104800581932,0.09806550294160843,0.33697261226792635,0.33695034315207717,0.4646120699368289,0.5301362003190061,0.024925852194428444,0.024925852194428444,0.9603387303650379,0.0,0.0,0.0,0.011552769318223,0.4958456582389772,0.4963490916416049,0.0,-0.0,0.0,0.5,0.0,0.6976744186046512,0.009082297794520855,0.0,-0.5,-0.14986826,-0.20667569
0.4642857142857143,0.5,0.3333333333333333,0.42424242424242425,0.6153846153846154,0.5869565217391305,0.2160264253616333,0.21537160873413086,0.3060803340452351,0.3060580421360227,0.4399300230164829,0.5557659919201949,0.0278920800025974,0.0278920800025974,0.9554730392992496,0.0,0.0,0.0,0.016127583663910625,0.49496160726994276,0.49556603794917464,0.0,-0.0,0.0,0.5,0.0,0.6976744186046512,0.010555186308920383,0.0,-0.5,-0.14373693,-0.20706734
0.4642857142857143,0.5,0.3333333333333333,0.42424242424242425,0.6153846153846154,0.5869565217391305,0.06730864197015762,0.06680000573396683,0.36290777846458533,0.36288566890227864,0.42738642496542995,0.566910360762717,0.02720345077770097,0.02720345077770097,0.9588860664516687,0.0,0.0,0.0,0.01512349797412753,0.4952450757846236,0.4957510535605252,0.0,-0.0,0.0,0.5,0.0,0.6976744186046512,0.010135618038475513,0.0,-0.5,-0.1350618,-0.19918743
0.4642857142857143,0.5,0.3333333333333333,0.42424242424242425,0.6153846153846154,0.5869565217391305,0.028339933604002,0.027961088344454765,0.38651617535213667,0.38649428232678035,0.4253407946964067,0.5685775107972202,0.02728770487010479,0.02728770487010479,0.9615619722753763,0.0,0.0,0.0,0.013495633378624916,0.49571205070242286,0.49614679836668074,0.0,-0.0,0.0,0.5,0.0,0.6976744186046512,0.009330634959042072,0.0,-0.5,-0.12454777,-0.19737506
0.4642857142857143,0.5,0.3333333333333333,0.42424242424242425,0.6153846153846154,0.5869565217391305,0.014231434091925621,0.014195555821061134,0.4140248699808212,0.4140033986326841,0.4246393517372029,0.5692046644874051,0.044613516490374296,0.044613516490374296,0.9523610882461071,0.0,0.0,0.0,0.02027183948084712,0.49581465125083923,0.49625459336675704,0.0,-0.0,0.012501928955316544,0.6031746031746031,0.011755349114537239,0.8,0.009781019762158394,0.0,-0.5,-0.11362202,-0.19649321
0.4642857142857143,0.5,0.3333333333333333,0.42424242424242425,0.6153846153846154,0.5869565217391305,0.03441989794373512,0.034310728311538696,0.4428061807588683,0.4427851709763361,0.4220852414235102,0.5716539338778761,0.09707711104835784,0.09707711104835784,0.9210882037878036,0.0,0.0,0.0,0.05496798455715179,0.4950028541497886,0.4954730994068086,0.0,-0.0,0.019038820639252663,0.6031746031746031,0.017785804346203804,0.8,0.022508740425109863,0.0,-0.5,-0.10544454,-0.19403686
0.4642857142857143,0.5,0.3333333333333333,0.42424242424242425,0.6153846153846154,0.5869565217391305,0.9749796390533447,0.9750350713729858,0.36689352852436596,0.3668714645487856,0.4422323236501923,0.5520253116274833,0.13780732239995686,0.13780732239995686,0.8794098719954491,0.0,0.0,0.0,0.05565819926559925,0.49184012319892645,0.49262469355016947,0.0,-0.0,0.03179458901286125,0.6031746031746031,0.03384263440966606,0.8,0.025569332763552666,0.0,-0.5,-0.0898254,-0.17966309
0.4642857142857143,0.5,0.3333333333333333,0.42424242424242425,0.6153846153846154,0.5869565217391305,0.9164212346076965,0.9163270592689514,0.3174176731255497,0.3173952216627949,0.45030695803990556,0.5445655723723075,0.14453924660171782,0.14453924660171782,0.871010534465313,0.0,0.0,0.0,0.050105994939804076,0.4885162841528654,0.489571345038712,0.0,-0.0,0.04758420214056969,0.6031746031746031,0.05021139979362488,0.8,0.02306729555130005,0.0,-0.5,-0.07363114,-0.16990338
0.4642857142857143,0.5,0.3333333333333333,0.42424242424242425,0.6153846153846154,0.5869565217391305,0.494172602891922,0.49393224716186523,0.31664622035126844,0.3166237460951504,0.4262569226452771,0.5686710690056567,0.11841079486267908,0.11841079486267908,0.9076526872813702,0.0,0.0,0.0,0.04956495389342308,0.4880946259945631,0.4889097921550274,0.0,-0.0,0.05362896993756294,0.6031746031746031,0.05560007318854332,0.8,0.021810291334986687,0.0,-0.5,-0.05377092,-0.13047175
0.4642857142857143,0.5,0.3333333333333333,0.42424242424242425,0.6153846153846154,0.5869565217391305,0.348650187253952,0.348251074552536,0.35709737409369213,0.35707511637452455,0.3955135477660491,0.5990271490294385,0.12035259710890907,0.12035259710890907,0.912177812308073,0.0,0.0,0.0,0.04926879182457924,0.48789515905082226,0.488414840772748,0.0,-0.0,0.0785297080874443,0.6031746031746031,0.0777374729514122,0.8,0.020951492711901665,0.0,-0.5,-0.02871196,-0.10804439
0.4642857142857143,0.5,0.3333333333333333,0.42424242424242425,0.6153846153846154,0.5869565217391305,0.9864926934242249,0.9864912033081055,0.4370239033981673,0.43700305316917754,0.5272471379367617,0.4673880117066681,0.19596950284072331,0.19596950284072331,0.8721529096364975,0.0,0.0,0.0,0.05124812200665474,0.48466664366424084,0.4853347549214959,0.0,-0.0,0.07891334593296051,0.6031746031746031,0.07970164716243744,0.8,0.020619288086891174,0.0,-0.5,-0.00777348,-0.0797736
0.4642857142857143,0.5,0.3333333333333333,0.42424242424242425,0.6153846153846154,0.5869565217391305,0.6679476499557495,0.6678118705749512,0.2918247264840179,0.29180106697301333,0.46471692795507313,0.527773374758482,0.20144856401852201,0.20144856401852201,0.8749873600900173,0.0,0.0,0.0,0.059231790527701375,0.48278651013970375,0.48351367749273777,0.0,-0.0,0.0748918280005455,0.6031746031746031,0.07808893173933029,0.8,0.021379197016358376,0.0,-0.5,0.00495147,-0.07369528
0.4642857142857143,0.5,0.3333333333333333,0.42424242424242425,0.6153846153846154,0.5869565217391305,0.4143078327178955,0.41434767842292786,0.33420366310936545,0.33417969588795765,0.43690870004219945,0.5533845478992111,0.2012947521039418,0.2012947521039418,0.8800407089293003,0.0,0.0,0.0,0.06776407025754451,0.4821682460606098,0.48300303891301155,0.0,-0.0,0.06732315570116043,0.6031746031746031,0.07175061106681824,0.8,0.02588452771306038,0.0,-0.5,0.01439709,-0.07660102
0.4642857142857143,0.5,0.3333333333333333,0.42424242424242425,0.6153846153846154,0.5869565217391305,0.30119720101356506,0.3011322617530823,0.35556697070484633,0.355542935103349,0.4099786491284635,0.5794157592739198,0.20507317568574635,0.20507317568574635,0.8828017599880695,0.0,0.0,0.0,0.06846586056053638,0.4816564302891493,0.48263569362461567,0.0,-0.0,0.059536971151828766,0.6031746031746031,0.06485038250684738,0.8,0.028574980795383453,0.00951309921219945,-0.5,0.01911894,-0.08016478
0.4642857142857143,0.5,0.3333333333333333,0.42424242424242425,0.6153846153846154,0.5869565217391305,0.25078102946281433,0.2507861852645874,0.35811090378186894,0.35808633253633637,0.4067582204282626,0.5810658164228987,0.22660111742360253,0.22660111742360253,0.8828138038516045,0.0,0.0,0.0,0.07224683985114097,0.48084256425499916,0.48194452561438084,0.0,-0.0,0.053429730236530304,0.6031746031746031,0.06006728485226631,0.8,0.03200153633952141,0.0201713596470654,-0.49482238,0.01129718,-0.08101282
0.4642857142857143,0.5,0.3333333333333333,0.42424242424242425,0.6153846153846154,0.5869565217391305,0.2183777093887329,0.21840916574001312,0.36073861386534356,0.36071399703308454,0.3942181097617797,0.5936455505021393,0.24976772921425958,0.24976772921425958,0.8774389959871769,0.0,0.0,0.0,0.08000139817595481,0.4793775137513876,0.48057188279926777,0.12052580714225769,0.12052580714225769,0.05188794806599617,0.5613689791588556,0.059285398572683334,0.7905885689826899,0.036538828164339066,0.031860764138400555,-0.5,0.0100545,-0.08569822
0.4642857142857143,0.5,0.3333333333333333,0.42424242424242425,0.6153846153846154,0.5869565217391305,0.9603046178817749,0.9603118300437927,0.48626193996825134,0.4862420370884197,0.5875350223216682,0.4083424197505532,0.30411675572395325,0.30411675572395325,0.8091167435050011,0.0,0.0,0.0,0.08441962711513042,0.4736622851341963,0.4726862199604511,0.1297703981399536,-0.0,0.0,0.5,0.0,0.6976744186046512,0.03975846245884895,0.04965937230736017,-0.5,0.00316792,-0.09329998
0.4642857142857143,0.5,0.3333333333333333,0.42424242424242425,0.6153846153846154,0.5869565217391305,0.9608227610588074,0.9608210921287537,0.4555212931696817,0.4555005027732703,0.5777664649554922,0.4169934812006435,0.26076569088867735,0.26076569088867735,0.8124234303832054,0.0,0.0,0.0,0.07895801961421967,0.46886009350419044,0.4680272862315178,0.0,-0.0,0.0,0.5,0.0,0.6976744186046512,0.041015610098838806,0.050340499728918076,-0.5,-0.0094453,-0.10503701
0.4642857142857143,0.5,0.3333333333333333,0.42424242424242425,0.6153846153846154,0.5869565217391305,0.7927287220954895,0.7925465703010559,0.3400398467740411,0.34001652916348457,0.5621632453816343,0.43051861845461814,0.2351918284382139,0.2351918284382139,0.8372722789645195,0.0,0.0,0.0,0.0777984496206045,0.4703739285469055,0.47031168080866337,0.0,-0.0,0.0,0.5,0.0,0.6976744186046512,0.04187605157494545,0.044901082292199135,-0.5,-0.0175569,-0.14188741
0.4642857142857143,0.5,0.3333333333333333,0.42424242424242425,0.6153846153846154,0.5869565217391305,0.5311443209648132,0.5274167656898499,0.3121420580388027,0.31211607360475146,0.5454822045895156,0.4408414021454117,0.23082034928458078,0.23082034928458078,0.8491662964224815,0.0,0.0,0.0,0.0868385300040245,0.47168579511344433,0.4720829389989376,0.1324138194322586,-0.0,0.13539373874664307,0.4458425045013428,0.16105018556118011,0.6119410225818324,0.04467376321554184,0.03099098801612854,-0.5,-0.02534532,-0.17938648
0.4642857142857143,0.5,0.3333333333333333,0.42424242424242425,0.6153846153846154,0.5869565217391305,0.4981576204299927,0.4976852834224701,0.3153605834931762,0.3153343027454033,0.5106821189248083,0.47424875704731084,0.23096080337251937,0.23096080337251937,0.8520087897777557,0.0,0.0,0.0,0.09503476545214652,0.4720124341547489,0.47274487651884556,0.1436617374420166,0.1436617374420166,0.15346546471118927,0.4386138141155243,0.16927821934223175,0.5686735552410747,0.04805665463209152,0.01425776514224708,-0.5,-0.03927036,-0.22647004
0.4642857142857143,0.5,0.3333333333333333,0.42424242424242425,0.6153846153846154,0.5869565217391305,0.48490336537361145,0.4842160940170288,0.3170434630851673,0.3170171823373944,0.48798354833349444,0.4966883273648436,0.22088410598891123,0.22088410598891123,0.8532932251691818,0.0,0.0,0.0,0.09484742283821106,0.4721738435328007,0.4729017224162817,0.14313307404518127,-0.0,0.196508526802063,0.4213965892791748,0.21123483777046204,0.5690957536531049,0.04866722598671913,0.005811474402435124,-0.5,-0.0424756,-0.24623097
0.4642857142857143,0.5,0.3333333333333333,0.42424242424242425,0.6153846153846154,0.5869565217391305,0.432860791683197,0.43110039830207825,0.32716855993690275,0.3271420284621346,0.455564215921763,0.5279134171820001,0.21654285490512848,0.21654285490512848,0.8526136949658394,0.0,0.0,0.0,0.09315703138709068,0.47200458869338036,0.4726316351443529,0.0,-0.0,0.21605129539966583,0.41357948184013366,0.22853302955627441,0.6077742472637532,0.04783674329519272,0.0,-0.5,-0.05667247,-0.28794298
0.4642857142857143,0.5,0.3333333333333333,0.42424242424242425,0.6153846153846154,0.5869565217391305,0.43547841906547546,0.43305709958076477,0.33068542772223797,0.33065859993374824,0.42869720860147564,0.5540258762121378,0.2237314305135182,0.2237314305135182,0.8497593030333519,0.0,0.0,0.0,0.0883905567228794,0.47209480963647366,0.47265471518039703,0.0,-0.0,0.0,0.5,0.25420698523521423,0.6224371822074403,0.04670731723308563,0.0,-0.5,-0.06800911,-0.33606321
0.4642857142857143,0.5,0.3333333333333333,0.42424242424242425,0.6153846153846154,0.5869565217391305,0.4498618245124817,0.44635191559791565,0.3305217371843969,0.3304949891726784,0.4128418146538233,0.570266487613868,0.22596295390810286,0.22596295390810286,0.8487014621496201,0.0,0.0,0.0,0.08552561402320862,0.47249322943389416,0.4733374398201704,0.0,-0.0,0.0,0.5,0.0,0.6976744186046512,0.04564261808991432,0.0,-0.48741552,-0.06823196,-0.37583509
0.4642857142857143,0.5,0.3333333333333333,0.42424242424242425,0.6153846153846154,0.5869565217391305,0.4501662850379944,0.4464274048805237,0.3335762415971628,0.33354866162768737,0.3944471488719233,0.5865367535372714,0.2390885033777782,0.2390885033777782,0.8489990904927254,0.0,0.0,0.0,0.08486444652080535,0.4725925885140896,0.4737089816480875,0.0,-0.0,0.0,0.5,0.0,0.6976744186046512,0.04510967433452606,0.0,-0.48007219,-0.06429349,-0.40123248
0.4642857142857143,0.5,0.3333333333333333,0.42424242424242425,0.6153846153846154,0.5869565217391305,0.4228401482105255,0.41842249035835266,0.34232616926014536,0.342298988174526,0.39771940968004743,0.5839787028209151,0.24055308529308866,0.24055308529308866,0.8490817919373512,0.0,0.0,0.0,0.08465317822992802,0.47263502702116966,0.47397149726748466,0.0,-0.0,0.0,0.5,0.0,0.6976744186046512,0.04433292895555496,0.0,-0.48213407,-0.06686217,-0.41516376
0.4642857142857143,0.5,0.3333333333333333,0.42424242424242425,0.6153846153846154,0.5869565217391305,0.4132292568683624,0.40731969475746155,0.34317509667595303,0.34314793838369684,0.40372478847977766,0.5778403389927483,0.22369029266493662,0.22369029266493662,0.8573756739497185,0.0,0.0,0.0,0.08454266376793385,0.4732573051005602,0.47486141324043274,0.0,-0.0,0.0,0.5,0.0,0.6976744186046512,0.04428503289818764,0.0,-0.48312511,-0.05869975,-0.41312736
0.4642857142857143,0.5,0.3333333333333333,0.42424242424242425,0.6153846153846154,0.5869565217391305,0.44279783964157104,0.43122804164886475,0.34845929346394583,0.34843269360908813,0.3968661629219128,0.586031361993316,0.21434016525745392,0.21434016525745392,0.8649100661277771,0.0,0.0,0.0,0.08280626982450484,0.4746441300958395,0.47625889256596565,0.0,-0.0,0.0,0.5,0.0,0.6976744186046512,0.04332887753844261,0.0,-0.48428743,-0.04546335,-0.38602978
0.4642857142857143,0.5,0.3333333333333333,0.42424242424242425,0.6153846153846154,0.5869565217391305,0.4460029602050781,0.44026798009872437,0.3404933549250061,0.3404663561862924,0.39536312296559206,0.5868674909356852,0.21751309079783304,0.21751309079783304,0.8636945262551308,0.0,0.0,0.0,0.08243207745254039,0.47528832219541073,0.476879358291626,0.0,-0.0,0.0,0.5,0.0,0.6976744186046512,0.0421556755900383,0.0,-0.47112369,-0.03893817,-0.34793428
0.4642857142857143,0.5,0.3333333333333333,0.42424242424242425,0.6153846153846154,0.5869565217391305,0.4676932394504547,0.4542814791202545,0.30775010745338455,0.30772286938435717,0.5206725034385521,0.46214454096037794,0.2170937295470919,0.2170937295470919,0.8637483716011047,0.0,0.0,0.0,0.08532082326710223,0.4756770934909582,0.47739783115684986,0.0,-0.0,0.0,0.5,0.0,0.6976744186046512,0.04250480607151985,0.0,-0.4942626,-0.01013616,-0.30986345
0.4642857142857143,0.5,0.3333333333333333,0.42424242424242425,0.6153846153846154,0.5869565217391305,0.4217241704463959,0.4157763123512268,0.3130579979424267,0.31302988232891604,0.5229056133936741,0.4574257734350169,0.21320340888840814,0.21320340888840814,0.8686945587396622,0.0,0.0,0.0,0.08667301647365093,0.4760195016860962,0.4777777325361967,0.0,-0.0,0.0,0.5,0.0,0.6976744186046512,0.0425594300031662,0.0,-0.49091148,0.00712417,-0.26241031
0.4642857142857143,0.5,0.3333333333333333,0.42424242424242425,0.6153846153846154,0.5869565217391305,0.509036123752594,0.46228647232055664,0.30404935421041046,0.30402129558030777,0.535767516488099,0.44525733134891926,0.21180461559976851,0.21180461559976851,0.8710389584302902,0.0,0.0,0.0,0.09431043416261672,0.4763880204409361,0.47819260507822037,0.14156226813793182,0.14156226813793182,0.0,0.5,0.0,0.6976744186046512,0.045164234936237335,0.0,-0.49008536,0.01966519,-0.18531032
0.4642857142857143,0.5,0.3333333333333333,0.42424242424242425,0.6153846153846154,0.5869565217391305,0.3818519115447998,0.3657984733581543,0.32543161448739455,0.32540271250285335,0.5292899247337254,0.4484627278260879,0.19890993301357543,0.19890993301357543,0.8907864689826965,0.0,0.0,0.0,0.09787377193570136,0.4775163345038891,0.4792426135390997,0.14614173769950867,0.14614173769950867,0.0,0.5,0.08317255228757858,0.7426736215779255,0.048473507165908813,0.0,-0.49638348,0.0231043,-0.12074114
0.4642857142857143,0.5,0.3333333333333333,0.42424242424242425,0.6153846153846154,0.5869565217391305,0.34862083196640015,0.3338405191898346,0.33061087063120154,0.3305817179196651,0.54911862641402,0.42812593073912786,0.1918738548244749,0.1918738548244749,0.8972241766750813,0.0,0.0,0.0,0.09529336616396904,0.4788148235529661,0.4804048780351877,0.14174480736255646,0.14174480736255646,0.06877194344997406,0.4754407235554286,0.07430189102888107,0.75347714905822,0.05015842989087105,0.0,-0.5,0.04086253,-0.06310458
0.4642857142857143,0.5,0.3333333333333333,0.42424242424242425,0.6153846153846154,0.5869565217391305,0.3603745102882385,0.3375431299209595,0.3321833619652013,0.33215473350101854,0.5529759244754711,0.4255581444075135,0.1880000425236566,0.1880000425236566,0.9000251702964306,0.0,0.0,0.0,0.09207768216729163,0.4800634142011404,0.48149778321385384,0.13656015694141388,0.13656015694141388,0.06507029384374619,0.48564145536649794,0.07061842083930969,0.7559366606522439,0.051282722502946854,0.0,-0.4983479,0.05327067,-0.03950079
0.4642857142857143,0.5,0.3333333333333333,0.42424242424242425,0.6153846153846154,0.5869565217391305,0.3236003816127777,0.3135109543800354,0.34020452882318153,0.3401761054992676,0.5629192955407312,0.41610468819259405,0.18517094531229567,0.18517094531229567,0.9016625471413136,0.0,0.0,0.0,0.09069666601717472,0.48078280314803123,0.4821656234562397,0.13419334590435028,0.13419334590435028,0.06177186965942383,0.4944874469249967,0.06752186268568039,0.7591716408036476,0.05335979908704758,0.0,-0.49610918,0.06415693,-0.00908191
0.4642857142857143,0.5,0.3333333333333333,0.42424242424242425,0.6153846153846154,0.5869565217391305,0.3165202736854553,0.3038294315338135,0.3412886495571975,0.341260100869786,0.5664443974285235,0.41231860799447023,0.182456374168396,0.182456374168396,0.9027720503509045,0.0,0.0,0.0,0.08971165306866169,0.48124316334724426,0.48260187171399593,0.1323806196451187,0.1323806196451187,0.05942624434828758,0.499034323389568,0.06514621526002884,0.7610936831076478,0.054842542856931686,0.0,-0.48787259,0.06720303,0.00992221
0.4642857142857143,0.5,0.3333333333333333,0.42424242424242425,0.6153846153846154,0.5869565217391305,0.31000813841819763,0.29296520352363586,0.3398257943002033,0.33979676695216454,0.5681551533037117,0.40957165443140003,0.18291981092521123,0.18291981092521123,0.9013006277382374,0.0,0.0,0.0,0.09004070609807968,0.48124963231384754,0.48261639289557934,0.13265743851661682,0.13265743851661682,0.0582837238907814,0.4984723603914654,0.06405821442604065,0.7608128694254299,0.056149572134017944,0.0,-0.47970798,0.06865149,0.03423613
0.4642857142857143,0.5,0.3333333333333333,0.42424242424242425,0.6153846153846154,0.5869565217391305,0.30813154578208923,0.2907581925392151,0.34445712078597757,0.3444280706445756,0.5583253273772464,0.4186953134741377,0.18350625676768167,0.18350625676768167,0.8987324014306068,0.0,0.0,0.0,0.0974167563021183,0.48112643510103226,0.4826668929308653,0.1441769003868103,0.1441769003868103,0.05742017552256584,0.49995683535696966,0.06316712498664856,0.7621405611551085,0.063817098736763,0.0,-0.47554728,0.06992115,0.04695163
0.4642857142857143,0.5,0.3333333333333333,0.42424242424242425,0.6153846153846154,0.5869565217391305,0.30216914415359497,0.2858535349369049,0.35750377975959846,0.3574746726347885,0.54402175973068,0.4319821461158268,0.18291060945817403,0.18291060945817403,0.8957607820630074,0.0,0.0,0.0,0.10203925967216491,0.4807573836296797,0.48276850022375584,0.151140034198761,0.151140034198761,0.0572805255651474,0.49657287626039415,0.06291995197534561,0.7621288763055968,0.07684697210788727,0.0,-0.47518488,0.07349826,0.06020283
0.4642857142857143,0.5,0.3333333333333333,0.42424242424242425,0.6153846153846154,0.5869565217391305,0.3016774654388428,0.287305623292923,0.3654268439823537,0.3653979647911757,0.5286041351167011,0.4472267804997779,0.16711361706256866,0.16711361706256866,0.8956653587520123,0.0,0.0,0.0,0.09608744829893112,0.4808251019567251,0.48321412689983845,0.14106424152851105,0.14106424152851105,0.056528594344854355,0.4846543953532264,0.06234181672334671,0.7586824031936568,0.07882268726825714,0.0,-0.48404872,0.08024256,0.07858691
0.4642857142857143,0.5,0.3333333333333333,0.42424242424242425,0.6153846153846154,0.5869565217391305,0.32353025674819946,0.31516551971435547,0.35356190692398337,0.3535327770058101,0.536197695631826,0.4397736014594489,0.16333859946046558,0.16333859946046558,0.8950978331267834,0.0,0.0,0.0,0.09553352519869804,0.48105750791728497,0.4835318438708782,0.14005421102046967,0.14005421102046967,0.05684446170926094,0.47726221531629565,0.0631362721323967,0.7508735618619031,0.07992970943450928,0.0,-0.48593702,0.08387934,0.10147282
0.4642857142857143,0.5,0.3333333333333333,0.42424242424242425,0.6153846153846154,0.5869565217391305,0.3339666724205017,0.32589995861053467,0.34904844491933085,0.34901969109165054,0.5357445892138873,0.4414735988672053,0.1620216082249369,0.1620216082249369,0.8945921957492828,0.0,0.0,0.0,0.09576757699251175,0.4812045060098171,0.48374101519584656,0.1404370367527008,0.1404370367527008,0.057562146335840225,0.4769751414656639,0.06434950977563858,0.7489180980726731,0.0807061493396759,0.0,-0.48588451,0.08762787,0.12935293
0.4642857142857143,0.5,0.3333333333333333,0.42424242424242425,0.6153846153846154,0.5869565217391305,0.33330410718917847,0.32633107900619507,0.3484822349840095,0.3484539370235932,0.5388487774600946,0.4398079624544772,0.15465760337454934,0.15465760337454934,0.897684570401907,0.0,0.0,0.0,0.09314459264278412,0.48154828883707523,0.4841254372149706,0.13647010922431946,0.13647010922431946,0.05771632865071297,0.47691346853971484,0.06493694335222244,0.7486028886984948,0.07866048067808151,0.0,-0.5,0.0821794,0.1593589
0.4642857142857143,0.5,0.3333333333333333,0.42424242424242425,0.6153846153846154,0.5869565217391305,0.8338714241981506,0.8307772278785706,0.3604530016277306,0.3604295472569949,0.4683397421417455,0.5222045657916866,0.1489825120994023,0.1489825120994023,0.892070110887289,0.0,0.0,0.0,0.09788826555013656,0.4818688668310642,0.4844113942235708,0.14155590534210205,0.14155590534210205,0.05837372690439224,0.48030519580084174,0.06616200506687164,0.754378757677799,0.08187995105981827,0.0,-0.5,0.07507235,0.16660039
0.4642857142857143,0.5,0.3333333333333333,0.42424242424242425,0.6153846153846154,0.5869565217391305,0.9793865084648132,0.9793720245361328,0.4424963220811483,0.44247611576466894,0.4694991208627165,0.5264836322458428,0.1501667605979102,0.1501667605979102,0.8501816242933273,0.0,0.0,0.0,0.1129024714231491,0.479641692712903,0.48231046088039875,0.0,-0.0,0.06149721145629883,0.4850982016041165,0.06929183751344681,0.7459403817043748,0.06884179264307022,0.0,-0.49455806,0.06657954,0.17998034
0.4642857142857143,0.5,0.3333333333333333,0.42424242424242425,0.6153846153846154,0.5869565217391305,0.9758329391479492,0.9758241176605225,0.4452095015782927,0.4451892952618134,0.4597963337460622,0.5359870215966136,0.152670613356999,0.152670613356999,0.8405715152621269,0.0,0.0,0.0,0.09667457789182662,0.4780880566686392,0.4806747790426016,0.0,-0.0,0.06413470208644867,0.4854613287108285,0.07116607576608658,0.742265721783042,0.06197989359498024,0.0,-0.49394181,0.0601153,0.18954982
0.4642857142857143,0.5,0.3333333333333333,0.42424242424242425,0.6153846153846154,0.5869565217391305,0.9741914868354797,0.9741787910461426,0.442772908146933,0.4427526049586601,0.4646664748456236,0.5310049750558227,0.16496984022004266,0.16496984022004266,0.8268334493041039,0.0,0.0,0.0,0.08811411932110785,0.4763405341655016,0.47784057818353176,0.0,-0.0,0.06586436182260513,0.47890990310245085,0.0,0.6976744186046512,0.04997355490922928,0.0,-0.48971334,0.0521352,0.20046306
0.4642857142857143,0.5,0.3333333333333333,0.42424242424242425,0.6153846153846154,0.5869565217391305,0.9733259081840515,0.9733123183250427,0.4311710919750352,0.4311503272211574,0.4603876534201219,0.5345037634303825,0.16980241984128952,0.16980241984128952,0.817279152572155,0.0,0.0,0.0,0.08569341711699963,0.4749251417815685,0.4759520310908556,0.0,-0.0,0.06739073991775513,0.47304370403289797,0.0,0.6976744186046512,0.04605506733059883,0.0,-0.49460157,0.04345222,0.2092886
0.4642857142857143,0.5,0.3333333333333333,0.42424242424242425,0.6153846153846154,0.5869565217391305,0.9680907726287842,0.9680429100990295,0.43078657933448516,0.4307651649697561,0.45344834790403027,0.5395984305541734,0.17082187746252334,0.17082187746252334,0.8354091942310333,0.0,0.0,0.0,0.08468958437442779,0.4752379097044468,0.47613028436899185,0.0,-0.0,0.07011982798576355,0.47195206880569457,0.0,0.6976744186046512,0.04377106577157974,0.0,-0.49509104,0.03377002,0.21512152
0.4642857142857143,0.5,0.3333333333333333,0.42424242424242425,0.6153846153846154,0.5869565217391305,0.9552229642868042,0.9551255702972412,0.4249350899264188,0.4249135274048289,0.4528938110198391,0.5399939723333432,0.1731027343443462,0.1731027343443462,0.8369481787085533,0.0,0.0,0.0,0.08483093231916428,0.4764112178236246,0.4772415552288294,0.0,-0.0,0.07216241955757141,0.47113503217697145,0.0,0.6976744186046512,0.0438443198800087,0.0,-0.49206885,0.02335599,0.21608122
0.4642857142857143,0.5,0.3333333333333333,0.42424242424242425,0.6153846153846154,0.5869565217391305,0.9674687385559082,0.9674601554870605,0.42489134946243257,0.4248703681716044,0.4670438283260192,0.5275060285523057,0.18017413892916273,0.18017413892916273,0.8085462749004364,0.0,0.0,0.0,0.0842795569449663,0.4756895825266838,0.47692716866731644,0.0,-0.0,0.0,0.5,0.0,0.6976744186046512,0.04433126375079155,0.0,-0.48223158,0.01067418,0.20630579
0.4642857142857143,0.5,0.3333333333333333,0.42424242424242425,0.6153846153846154,0.5869565217391305,0.9599762558937073,0.9598333835601807,0.4025181762119096,0.4024963857566877,0.47275648335881715,0.5205355986987605,0.17689963004418782,0.17689963004418782,0.8305032178759575,0.0,0.0,0.0,0.08284889794886112,0.4760409165173769,0.477678244933486,0.0,-0.0,0.0,0.5,0.0,0.6976744186046512,0.04424159601330757,0.0,-0.48093646,0.00350723,0.20347096
0.4642857142857143,0.5,0.3333333333333333,0.42424242424242425,0.6153846153846154,0.5869565217391305,0.8921923637390137,0.8907105922698975,0.35608728620335883,0.3560632619985431,0.4475038074398588,0.5416090402452207,0.1706396894795554,0.1706396894795554,0.848785974085331,0.0,0.0,0.0,0.08201939016580581,0.4769149888306856,0.47884634882211685,0.0,-0.0,0.0,0.5,0.0,0.6976744186046512,0.04475228115916252,0.0,-0.48128271,-0.00981717,0.19922899
0.4642857142857143,0.5,0.3333333333333333,0.42424242424242425,0.6153846153846154,0.5869565217391305,0.7745682597160339,0.7725508809089661,0.294138275642468,0.29411158461415743,0.421148006820314,0.5633057869649476,0.15566774777003697,0.15566774777003697,0.8734918683767319,0.0,0.0,0.0,0.0930133730173111,0.47794184461236,0.4801200795918703,0.0,-0.0,0.0,0.5,0.0,0.6976744186046512,0.04976024106144905,0.0,-0.47803437,-0.01510411,0.20128146
0.4642857142857143,0.5,0.3333333333333333,0.42424242424242425,0.6153846153846154,0.5869565217391305,0.7112408876419067,0.6568523049354553,0.29992988688540045,0.2999041303849813,0.4858551795806301,0.5008448453017398,0.15196587358202254,0.15196587358202254,0.8919648341834545,0.0,0.0,0.0,0.08376783169806003,0.47888296097517014,0.4814183674752712,0.0,-0.0,0.09394454210996628,0.46242218315601347,0.10410318523645401,0.7415330113279959,0.05185649171471596,0.0,-0.46785494,-0.02441269,0.19444753
0.4642857142857143,0.5,0.3333333333333333,0.42424242424242425,0.6153846153846154,0.5869565217391305,0.5847873091697693,0.5694631338119507,0.30544740793581904,0.30542101322123016,0.46488643364970134,0.5200256883705501,0.12307148426771165,0.12307148426771165,0.9098627604544163,0.0,0.0,0.0,0.07475079037249088,0.48088151030242443,0.4835008215159178,0.0,-0.0,0.08818458765745163,0.534331224267445,0.09757882356643677,0.7845207814906919,0.05119479447603226,0.0,-0.46253779,-0.03363863,0.19466834
0.4642857142857143,0.5,0.3333333333333333,0.42424242424242425,0.6153846153846154,0.5869565217391305,0.5276960134506226,0.5087160468101501,0.3088310940999602,0.3088047221787345,0.478208803993794,0.5065456363889906,0.11152523436716626,0.11152523436716626,0.9151807650923729,0.0,0.0,0.0,0.06865454092621803,0.48286363668739796,0.4857345540076494,0.0,-0.0,0.07010333985090256,0.5752237713526165,0.07742495834827423,0.8,0.049773480743169785,0.0,-0.4565711,-0.04001631,0.19519423
0.4642857142857143,0.5,0.3333333333333333,0.42424242424242425,0.6153846153846154,0.5869565217391305,0.5187397599220276,0.4956699013710022,0.3187637237928109,0.31873833198620305,0.47601034992283664,0.5110080327125576,0.1084691658616066,0.1084691658616066,0.9177040979266167,0.0,0.0,0.0,0.06721250973641872,0.4836930353194475,0.4873187830671668,0.0,-0.0,0.06708690524101257,0.599493434504857,0.07049643993377686,0.8,0.051597751677036285,0.0,-0.453298,-0.04299943,0.1899635
0.4642857142857143,0.5,0.3333333333333333,0.42424242424242425,0.6153846153846154,0.5869565217391305,0.3608464002609253,0.35377851128578186,0.34011799381978197,0.3400930806738013,0.4861253892030588,0.5012751384122828,0.10933264557804381,0.10933264557804381,0.9203664436936378,0.0,0.0,0.0,0.06767468862235546,0.48466683458536863,0.4888419872149825,0.10456527769565582,-0.0,0.06334488838911057,0.6031746031746031,0.0646774023771286,0.8,0.06815411150455475,0.0,-0.44014868,-0.04554512,0.17769402
0.4642857142857143,0.5,0.3333333333333333,0.42424242424242425,0.6153846153846154,0.5869565217391305,0.34844890236854553,0.34192100167274475,0.34031906547327573,0.3402941979140214,0.4545275509699353,0.5330236023123766,0.10785602033138275,0.10785602033138275,0.9214866571128368,0.0,0.0,0.0,0.06720401644706725,0.4858910907059908,0.4898453410714865,0.10360385477542877,-0.0,0.058897294104099274,0.6031746031746031,0.062210872769355774,0.8,0.07424768805503845,0.0,-0.42068272,-0.0564655,0.16200078
0.4642857142857143,0.5,0.3333333333333333,0.42424242424242425,0.6153846153846154,0.5869565217391305,0.3622095584869385,0.35459092259407043,0.3376136072279162,0.3375887168752988,0.44813298404102797,0.5393908286021221,0.10344997048377991,0.10344997048377991,0.9223579876124859,0.0,0.0,0.0,0.06538775637745857,0.48724794387817383,0.4905980881303549,0.0,-0.0,0.05426379665732384,0.6031746031746031,0.060274649411439896,0.8,0.0750739648938179,0.0,-0.41524827,-0.06203288,0.14630832
0.4642857142857143,0.5,0.3333333333333333,0.42424242424242425,0.6153846153846154,0.5869565217391305,0.9582778811454773,0.9567236304283142,0.37709954181547145,0.37707809326069763,0.4284797257264759,0.5669967732517892,0.10575167302574431,0.10575167302574431,0.9194897003471851,0.0,0.0,0.0,0.06572011858224869,0.48779421020299196,0.49092976097017527,0.0,-0.0,0.05241376906633377,0.6031746031746031,0.059911906719207764,0.8,0.07465267181396484,0.0,-0.43122637,-0.05506114,0.13966686
0.4642857142857143,0.5,0.3333333333333333,0.42424242424242425,0.6153846153846154,0.5869565217391305,0.6569358706474304,0.572860836982727,0.33000847623179563,0.3299851130345127,0.4393904927127904,0.5526837314013491,0.1116965657898358,0.1116965657898358,0.9185728393495083,0.0,0.0,0.0,0.0677327986806631,0.48756395000964403,0.49095235858112574,0.0,-0.0,0.05076708644628525,0.6031746031746031,0.058033253997564316,0.8,0.07157018780708313,0.0,-0.42375293,-0.05036784,0.13580757
0.4642857142857143,0.5,0.3333333333333333,0.42424242424242425,0.6153846153846154,0.5869565217391305,0.3654101490974426,0.3600215017795563,0.3404232539364758,0.34039826101372395,0.5593211067338291,0.42878977604572854,0.10984999260732106,0.10984999260732106,0.9235169179737568,0.0,0.0,0.0,0.0660419873893261,0.48751477524638176,0.4910278422757983,0.1011122465133667,-0.0,0.051861248910427094,0.6031746031746031,0.057730160653591156,0.8,0.06134822219610214,0.0,-0.42145827,-0.04953557,0.13562509
0.4642857142857143,0.5,0.3333333333333333,0.42424242424242425,0.6153846153846154,0.5869565217391305,0.5116068720817566,0.5061192512512207,0.32486906288686723,0.32484373946034883,0.5548155882162528,0.4328784153470068,0.10721106082201004,0.10721106082201004,0.9264378696680069,0.0,0.0,0.0,0.0631562665104866,0.48794534523040056,0.49087594263255596,0.0,-0.0,0.05301776900887489,0.6031746031746031,0.059479933232069016,0.8,0.054401133209466934,0.0,-0.41839781,-0.04866013,0.13156989
0.4642857142857143,0.5,0.3333333333333333,0.42424242424242425,0.6153846153846154,0.5869565217391305,0.9868563413619995,0.9867509603500366,0.4175394242397914,0.4175187962460928,0.4508993746445694,0.545039441407246,0.14688885637692042,0.14688885637692042,0.8755706064403057,0.0,0.0,0.0,0.06672643385827541,0.4868031404912472,0.4885683339089155,0.0,-0.0,0.05809808894991875,0.5157228788686177,0.06681372970342636,0.7590132674505544,0.04805419594049454,0.0,-0.41011911,-0.04735019,0.1313038
0.4642857142857143,0.5,0.3333333333333333,0.42424242424242425,0.6153846153846154,0.5869565217391305,0.9106931686401367,0.9101985096931458,0.39391460473405243,0.39389229003147685,0.4429527249892401,0.5492992574415922,0.15008960451398579,0.15008960451398579,0.8744249567389488,0.0,0.0,0.0,0.0690410990267992,0.4849078059196472,0.48540923558175564,0.0,-0.0,0.08087433874607086,0.5181697677998316,0.09066344797611237,0.7564844182410906,0.045990001410245895,0.0,-0.40619736,-0.0466492,0.13166723
0.4642857142857143,0.5,0.3333333333333333,0.42424242424242425,0.6153846153846154,0.5869565217391305,0.41927048563957214,0.4192943572998047,0.3497857760288975,0.34975865192668615,0.4618712905260163,0.5216522484112374,0.13360527477094106,0.13360527477094106,0.9028616771101952,0.0,0.0,0.0,0.07058840058743954,0.4850007360801101,0.485519097186625,0.0,-0.0,0.06961512565612793,0.6031746031746031,0.07525892555713654,0.8,0.04513269290328026,0.0,-0.40299057,-0.04867822,0.13067523
0.4642857142857143,0.5,0.3333333333333333,0.42424242424242425,0.6153846153846154,0.5869565217391305,0.31999021768569946,0.3199881315231323,0.3804385985744615,0.3804120101162854,0.48803306406588215,0.4954776464816439,0.13417442462274007,0.13417442462274007,0.9076140336692333,0.0,0.0,0.0,0.07985284775495528,0.486176710575819,0.48665098287165165,0.11909787356853485,-0.0,0.059134967625141144,0.6031746031746031,0.06330897659063339,0.8,0.048322491347789764,0.0,-0.40534773,-0.05095894,0.13254662
0.4642857142857143,0.5,0.3333333333333333,0.42424242424242425,0.6153846153846154,0.5869565217391305,0.31339743733406067,0.3133969306945801,0.3778767499139615,0.37785018424914857,0.5026792513979439,0.481053476301201,0.13099871575832367,0.13099871575832367,0.9111621901392937,0.0,0.0,0.0,0.0806242037564516,0.487145503051579,0.4877259014174342,0.12064550071954727,0.12064550071954727,0.051076848059892654,0.6031746031746031,0.0545010045170784,0.8,0.04883679375052452,0.0,-0.41759008,-0.04354934,0.13854411
0.4642857142857143,0.5,0.3333333333333333,0.42424242424242425,0.6153846153846154,0.5869565217391305,0.2765877842903137,0.27653205394744873,0.38712355010140237,0.3870971553868135,0.5194420421898479,0.4645546086153104,0.12486628123692105,0.12486628123692105,0.9143105670809746,0.0,0.0,0.0,0.07918569035828113,0.48795887641608715,0.4886007411405444,0.11895786970853806,0.11895786970853806,0.04767979681491852,0.6031746031746031,0.05058958753943443,0.8,0.048602111637592316,0.017830852884799242,-0.40975609,-0.04480864,0.13375457
0.4642857142857143,0.5,0.3333333333333333,0.42424242424242425,0.6153846153846154,0.5869565217391305,0.27203720808029175,0.2719557583332062,0.39142104498970803,0.3913948440187064,0.529785119096818,0.4545683746305474,0.12100144156387875,0.12100144156387875,0.9163817390799522,0.0,0.0,0.0,0.07746695317327976,0.4885289669036865,0.4892921093851328,0.11667094379663467,0.11667094379663467,0.04186740145087242,0.6031746031746031,0.04292651265859604,0.8,0.04892895370721817,0.04423331469297409,-0.40849047,-0.04251237,0.14090405
0.4642857142857143,0.5,0.3333333333333333,0.42424242424242425,0.6153846153846154,0.5869565217391305,0.2737583816051483,0.27365341782569885,0.392007882918728,0.39198171613777116,0.5371548145952462,0.44744351119379194,0.12005017272063664,0.12005017272063664,0.9171209409832954,0.0,0.0,0.0,0.07630175054073333,0.4887056052684784,0.48963203374296427,0.11505908519029617,0.11505908519029617,0.03891602158546448,0.6031746031746031,0.03975341096520424,0.8,0.048891425132751465,0.059888740070164204,-0.40906333,-0.04152349,0.14503448
0.4642857142857143,0.5,0.3333333333333333,0.42424242424242425,0.6153846153846154,0.5869565217391305,0.9804767370223999,0.9804696440696716,0.47077502495472107,0.47075381573026087,0.5847490066324091,0.4102172080640305,0.16095576541764398,0.16095576541764398,0.8951448015868664,0.0,0.0,0.0,0.0754731737077236,0.4883971083909273,0.48954653926193714,0.11445752531290054,0.11445752531290054,0.03562856465578079,0.6031746031746031,0.03697379305958748,0.8,0.048220280557870865,0.06724105216562748,-0.40847286,-0.03727066,0.1530512
0.4642857142857143,0.5,0.3333333333333333,0.42424242424242425,0.6153846153846154,0.5869565217391305,0.765759289264679,0.7657865285873413,0.3223182006274309,0.3222927062506885,0.5336435653739404,0.45589582591343514,0.17707143511090961,0.17707143511090961,0.8896366246044636,0.0,0.0,0.0,0.07866859063506126,0.48788151424378157,0.4889163989573717,0.11917954683303833,0.11917954683303833,0.03320426121354103,0.6031746031746031,0.03553393855690956,0.8,0.048752233386039734,0.07614529225975275,-0.40436741,-0.03120685,0.15756536
0.4642857142857143,0.5,0.3333333333333333,0.42424242424242425,0.6153846153846154,0.5869565217391305,0.3638305366039276,0.3630601167678833,0.3658351301007243,0.36580882655958824,0.4077436345029287,0.5776568937319364,0.17401520162820816,0.17401520162820816,0.8957499600946903,0.0,0.0,0.0,0.0894615925848484,0.4882724266499281,0.4892270751297474,0.13001342117786407,0.13001342117786407,0.030503874644637108,0.6031746031746031,0.03254503756761551,0.8,0.06967461854219437,0.10427343659102917,-0.40625882,-0.02754119,0.1614076
0.4642857142857143,0.5,0.3333333333333333,0.42424242424242425,0.6153846153846154,0.5869565217391305,0.3257288932800293,0.3254861533641815,0.38147536609642363,0.38144898277851635,0.3991581039720466,0.5853728275403416,0.17446338598217284,0.17446338598217284,0.8966974280774593,0.0,0.0,0.0,0.08989038243889808,0.488626747392118,0.4895471604540944,0.13088539242744446,0.13088539242744446,0.02872474305331707,0.6031746031746031,0.030407005921006203,0.8,0.07212113589048386,0.11151649057865143,-0.41041299,-0.02474078,0.16596644
0.4642857142857143,0.5,0.3333333333333333,0.42424242424242425,0.6153846153846154,0.5869565217391305,0.29997238516807556,0.2999545931816101,0.38506578806481445,0.38503945033363357,0.40860007803025256,0.5757305767471835,0.17879611147301538,0.17879611147301538,0.8922110497951508,0.0,0.0,0.0,0.09700509384274482,0.4887400884181261,0.48958911187946796,0.14047358930110931,0.14047358930110931,0.02825697511434555,0.6031746031746031,0.02973758429288864,0.8,0.0881725400686264,0.1196078211069107,-0.41957536,-0.02273567,0.17809327
0.4642857142857143,0.5,0.3333333333333333,0.42424242424242425,0.6153846153846154,0.5869565217391305,0.28305473923683167,0.28300514817237854,0.3932479444470962,0.39322183464954735,0.42973259712496403,0.5543974235247079,0.17937024789197106,0.17937024789197106,0.8889498487114906,0.0,0.0,0.0,0.09673240110278129,0.48876639269292355,0.4895482799038291,0.140009343624115,0.140009343624115,0.027073191478848457,0.6031746031746031,0.02831495739519596,0.8,0.09021101146936417,0.12738462537527084,-0.41836371,-0.02901828,0.17567927
0.4642857142857143,0.5,0.3333333333333333,0.42424242424242425,0.6153846153846154,0.5869565217391305,0.28128671646118164,0.28120970726013184,0.394349798417684,0.39432348347986634,0.4372770407915571,0.5462459788843911,0.17932300588914327,0.17932300588914327,0.8864929936826229,0.0,0.0,0.0,0.09663604646921158,0.48878735955804586,0.4894911637529731,0.13994252681732178,0.13994252681732178,0.02571498043835163,0.6031746031746031,0.026681100949645042,0.8,0.0936591625213623,0.132975485175848,-0.41833183,-0.04061626,0.15178867
0.4642857142857143,0.5,0.3333333333333333,0.42424242424242425,0.6153846153846154,0.5869565217391305,0.2766398787498474,0.2765207290649414,0.3967165358891679,0.3966902665380766,0.41689675966594686,0.5667521214001443,0.17932364983218058,0.17932364983218058,0.8848823867738247,0.0,0.0,0.0,0.09574904665350914,0.48879364132881165,0.4894486656412482,0.13857969641685486,0.13857969641685486,0.024604348465800285,0.6031746031746031,0.025351477786898613,0.8,0.09573130309581757,0.13987258076667786,-0.40777087,-0.05322115,0.12279879
0.4642857142857143,0.5,0.3333333333333333,0.42424242424242425,0.6153846153846154,0.5869565217391305,0.270719975233078,0.2705994248390198,0.39440446829932596,0.3943780621880555,0.41867100645433647,0.5647936935526868,0.1785325525062425,0.1785325525062425,0.883993823081255,0.0,0.0,0.0,0.09341984614729881,0.48874423559755087,0.4893935900181532,0.13524015247821808,0.13524015247821808,0.023507265374064445,0.6031746031746031,0.024073103442788124,0.8,0.09400172531604767,0.1454829704016447,-0.40762105,-0.06229619,0.08231342
0.4642857142857143,0.5,0.3333333333333333,0.42424242424242425,0.6153846153846154,0.5869565217391305,0.2763614356517792,0.2763080596923828,0.3906358820074603,0.39060914539242336,0.43085038365643064,0.5518435274330147,0.17823326268366407,0.17823326268366407,0.884065255522728,0.0,0.0,0.0,0.09294615685939789,0.48868646565824747,0.48931880947202444,0.1346585899591446,0.1346585899591446,0.023685773834586143,0.6031746031746031,0.024129441007971764,0.8,0.0921347513794899,0.1446645800024271,-0.41117375,-0.07708998,0.05215204
0.4642857142857143,0.5,0.3333333333333333,0.42424242424242425,0.6153846153846154,0.5869565217391305,0.2734125554561615,0.2733193635940552,0.38842808265758977,0.3884014144226424,0.4264392011708101,0.5565268612506918,0.17662138278995243,0.17662138278995243,0.8859857767820358,0.0,0.0,0.0,0.08970703482627868,0.4889087378978729,0.48946707881987095,0.1296749860048294,0.1296749860048294,0.02429652214050293,0.6031746031746031,0.024610769003629684,0.8,0.08772925287485123,0.14445810578763485,-0.44361746,-0.09759764,0.01067978
0.4642857142857143,0.5,0.3333333333333333,0.42424242424242425,0.6153846153846154,0.5869565217391305,0.27592232823371887,0.27582186460494995,0.38406571785760885,0.38403915219279594,0.41651898246422325,0.5671509083844002,0.17604874180895944,0.17604874180895944,0.8834928795695305,0.0,0.0,0.0,0.0888037160038948,0.48887250665575266,0.48943924717605114,0.12853668630123138,0.12853668630123138,0.024922868236899376,0.6031746031746031,0.02516515925526619,0.8,0.08562619239091873,0.13990680687129498,-0.45213535,-0.11043555,-0.01576423
0.4642857142857143,0.5,0.3333333333333333,0.42424242424242425,0.6153846153846154,0.5869565217391305,0.2790599465370178,0.2789769768714905,0.38386037244851456,0.38383378399033846,0.4215268382150858,0.5618774159296015,0.1765683825526919,0.1765683825526919,0.8829469531774521,0.0,0.0,0.0,0.0889727994799614,0.48898639995604753,0.48957190569490194,0.12906168401241302,0.12906168401241302,0.02595200017094612,0.6031746031746031,0.02594868466258049,0.8,0.08651197701692581,0.1393992267549038,-0.45542764,-0.12268352,-0.04498351
0.4642857142857143,0.5,0.3333333333333333,0.42424242424242425,0.6153846153846154,0.5869565217391305,0.27107957005500793,0.2710331380367279,0.3867977303710996,0.3867711419129235,0.41895452170253483,0.564396368905139,0.1729613755430494,0.1729613755430494,0.8841350302100182,0.0,0.0,0.0,0.08673456348478793,0.4891886133700609,0.4897519126534462,0.12586133182048798,0.12586133182048798,0.025902319699525833,0.6031746031746031,0.02553815208375454,0.8,0.08345694839954376,0.14470468275249004,-0.4605354,-0.13652441,-0.07128324
0.4642857142857143,0.5,0.3333333333333333,0.42424242424242425,0.6153846153846154,0.5869565217391305,0.26258864998817444,0.2625679671764374,0.3902992240329546,0.39027280652500246,0.4328942873281913,0.5505662133578082,0.16910172466720855,0.16910172466720855,0.8831444084644318,0.0,0.0,0.0,0.0861113354563713,0.4893482243642211,0.4898404413834214,0.1244426816701889,0.1244426816701889,0.026022640988230705,0.6031746031746031,0.025323741137981415,0.8,0.08345410227775574,0.15155231580138206,-0.46958285,-0.14991654,-0.09861323
0.4642857142857143,0.5,0.3333333333333333,0.42424242424242425,0.6153846153846154,0.5869565217391305,0.9732177257537842,0.9732156991958618,0.4402076860686789,0.4401858500267306,0.596516114575913,0.398630452606869,0.17035258667809625,0.17035258667809625,0.8683031834661961,0.0,0.0,0.0,0.08928527534008025,0.48924073576927185,0.4894230058416724,0.12817201018333435,0.12817201018333435,0.027291858568787575,0.6031746031746031,0.02721322700381279,0.8,0.07593566179275513,0.15372919850051403,-0.47626835,-0.16336592,-0.12191895
0.4642857142857143,0.5,0.3333333333333333,0.42424242424242425,0.6153846153846154,0.5869565217391305,0.6839784979820251,0.6838833689689636,0.3069381850627367,0.30691188152160065,0.5466336312758991,0.4416427028288071,0.16356727374451502,0.16356727374451502,0.8773362375795841,0.0,0.0,0.0,0.08079032488167286,0.4889786848798394,0.48903963901102543,0.0,-0.0,0.02766496315598488,0.6031746031746031,0.028558172285556793,0.8,0.05921759828925133,0.13898207806050777,-0.478684,-0.16743195,-0.14545189
0.4642857142857143,0.5,0.3333333333333333,0.42424242424242425,0.6153846153846154,0.5869565217391305,0.33910274505615234,0.3390887975692749,0.37218932713422903,0.37216375298071547,0.5277113931584768,0.459293074128682,0.12209667158978327,0.12209667158978327,0.900553572922945,0.0,0.0,0.0,0.07747924588620662,0.48962443973869085,0.4897974357008934,0.0,0.11246181279420853,0.029064463451504707,0.6031746031746031,0.029760463163256645,0.8,0.05717457830905914,0.13210042379796505,-0.47424209,-0.17896186,-0.15967011
0.4642857142857143,0.5,0.3333333333333333,0.42424242424242425,0.6153846153846154,0.5869565217391305,0.30498287081718445,0.305004745721817,0.3770238906430013,0.3769980315724477,0.5088744207390408,0.4769615262639176,0.12488742492028646,0.12488742492028646,0.9036244563758373,0.0,0.0,0.0,0.07230600081384181,0.48938487004488707,0.4896170608699322,0.0,-0.0,0.0,0.5,0.0,0.6976744186046512,0.044324394315481186,0.06917634047567844,-0.45887675,-0.19028716,-0.14440033
0.4642857142857143,0.5,0.3333333333333333,0.42424242424242425,0.6153846153846154,0.5869565217391305,0.2742140591144562,0.2742365002632141,0.38279961491178144,0.3827739609814967,0.5100787016732287,0.47600956714809234,0.12870684798274723,0.12870684798274723,0.9061695486307144,0.0,0.0,0.0,0.06837174594402312,0.488980651833117,0.489039340056479,0.0,-0.0,0.0,0.5,0.4391798973083496,0.6278207603582117,0.04281383752822876,0.03401488298550248,-0.442867,-0.19123282,-0.13125841
0.4642857142857143,0.5,0.3333333333333333,0.42424242424242425,0.6153846153846154,0.5869565217391305,0.26394620537757874,0.26398220658302307,0.3851012317445948,0.38507594250812127,0.5108691227994503,0.47601278671064473,0.13051991483994893,0.13051991483994893,0.9068457260727882,0.0,0.0,0.0,0.06662483774125576,0.48872421123087406,0.48860115371644497,0.0,-0.0,0.5456420183181763,0.28485592111708624,0.5652190446853638,0.5154945614726044,0.04315221309661865,0.02619408303871751,-0.43904301,-0.17894226,-0.11915603
0.4642857142857143,0.5,0.3333333333333333,0.42424242424242425,0.6153846153846154,0.5869565217391305,0.25604841113090515,0.2560577988624573,0.3854244872215373,0.385399448712059,0.5078264631003312,0.47976411842656586,0.14389434563262124,0.14389434563262124,0.9057453833520412,0.0,0.0,0.0,0.06671861074864864,0.4883264061063528,0.48820917401462793,0.0,-0.0,0.5717195272445679,0.2713121891021728,0.5897576212882996,0.46730601510336234,0.04440445080399513,0.018812388880178332,-0.43442392,-0.15368198,-0.09523086
0.4642857142857143,0.5,0.3333333333333333,0.42424242424242425,0.6153846153846154,0.5869565217391305,0.2516777515411377,0.2517091929912567,0.3846373982000989,0.38461234829393903,0.5050846590566134,0.48244564933890316,0.14537295060498376,0.14537295060498376,0.9052705019712448,0.0,0.0,0.0,0.06506389267742634,0.4882779847830534,0.4880449501797557,0.0,-0.0,0.5824301242828369,0.28483762059892925,0.6031956076622009,0.5113331245821576,0.04518960788846016,0.01454618526622653,-0.43151605,-0.12752892,-0.06919798
0.4642857142857143,0.5,0.3333333333333333,0.42424242424242425,0.6153846153846154,0.5869565217391305,0.24989169836044312,0.2499268501996994,0.38225997064127293,0.382234863751705,0.5058548111846068,0.4816910009716432,0.14704657984631403,0.14704657984631403,0.9037092626094818,0.0,0.0,0.0,0.0644314281642437,0.48829513136297464,0.4879146218299866,0.0,-0.0,0.5800715684890747,0.27897792415959494,0.6029409170150757,0.4990999227346376,0.045482080429792404,0.011432196479290724,-0.3995638,-0.09007225,-0.04906224
0.4642857142857143,0.5,0.3333333333333333,0.42424242424242425,0.6153846153846154,0.5869565217391305,0.2375272959470749,0.23754335939884186,0.38044972173570446,0.38042456925941015,0.49643472196039234,0.4910067624794543,0.14810797359262196,0.14810797359262196,0.9025473706424236,0.0,0.0,0.0,0.06387173682451248,0.4882631991058588,0.48781345039606094,0.0,-0.0,0.5604638457298279,0.2852630641252275,0.5829344391822815,0.5094983688620633,0.044836997985839844,0.009498561848886311,-0.37966547,-0.06153214,-0.03161208
0.4642857142857143,0.5,0.3333333333333333,0.42424242424242425,0.6153846153846154,0.5869565217391305,0.982136070728302,0.9821367263793945,0.4349248739775007,0.4349031689973908,0.5661883196912806,0.4288738949526286,0.19100095544542586,0.19100095544542586,0.8622535094618797,0.0,0.0,0.0,0.06944519393146037,0.48697312641888857,0.4858789285644889,0.0,-0.0,0.0,0.5,0.4247256815433502,0.6148256396138391,0.043113213032484055,0.012661167420446873,-0.37601175,-0.03971082,-0.01024494
0.4642857142857143,0.5,0.3333333333333333,0.42424242424242425,0.6153846153846154,0.5869565217391305,0.43981024622917175,0.4398207366466522,0.3241311733399021,0.32410516611248763,0.4771393422414878,0.5103539970996452,0.17202765281711307,0.17202765281711307,0.8813721090555191,0.0,0.0,0.0,0.07197670266032219,0.48610017355531454,0.4849673444405198,0.0,-0.0,0.0,0.5,0.0,0.6976744186046512,0.04180411621928215,0.016129245050251484,-0.36709853,-0.01356464,-0.00522536
0.4642857142857143,0.5,0.3333333333333333,0.42424242424242425,0.6153846153846154,0.5869565217391305,0.27424728870391846,0.27427995204925537,0.3762409614103474,0.3762151935132466,0.4379834811956431,0.5480181215604399,0.1515016651579312,0.1515016651579312,0.8968349955976009,0.0,0.0,0.0,0.07149521894752979,0.4867493659257889,0.48587080277502537,0.0,-0.0,0.0,0.5,0.0,0.6976744186046512,0.041797835379838943,0.023616584949195385,-0.35585297,0.01437104,0.01005115
0.4642857142857143,0.5,0.3333333333333333,0.42424242424242425,0.6153846153846154,0.5869565217391305,0.19464994966983795,0.19466201961040497,0.39871750826133595,0.39869200248791203,0.4213568738040231,0.5643121039782559,0.14437602566821237,0.14437602566821237,0.9014895744621754,0.0,0.0,0.0,0.06955390647053718,0.4874990601092577,0.48682540841400623,0.0,-0.0,0.0,0.5,0.0,0.6976744186046512,0.04131264239549637,0.031133342999964952,-0.35455466,0.03368717,0.02356376
0.4642857142857143,0.5,0.3333333333333333,0.42424242424242425,0.6153846153846154,0.5869565217391305,0.17286469042301178,0.17286448180675507,0.4046288644378545,0.4046034840279282,0.422747998347018,0.5629658752378446,0.13899386461291996,0.13899386461291996,0.9039216376841068,0.0,0.0,0.0,0.0683942712843418,0.4880733145400882,0.48753636609762907,0.0,-0.0,0.0,0.5,0.0,0.6976744186046512,0.04116993397474289,0.039795865304768085,-0.36367803,0.04417286,0.03702902
0.4642857142857143,0.5,0.3333333333333333,0.42424242424242425,0.6153846153846154,0.5869565217391305,0.1668199896812439,0.166822150349617,0.40621904342169973,0.4061936915034774,0.4195116484826199,0.5661796760554018,0.13646611677748818,0.13646611677748818,0.9050470441579819,0.0,0.0,0.0,0.06728468835353851,0.4881947813555598,0.487752185203135,0.0,-0.0,0.0,0.5,0.0,0.6976744186046512,0.04079119861125946,0.0537424860522151,-0.3773825,0.05766516,0.04985929
0.4642857142857143,0.5,0.3333333333333333,0.42424242424242425,0.6153846153846154,0.5869565217391305,0.7654459476470947,0.7675765752792358,0.3040731960683206,0.3040479182285287,0.5461268664318106,0.4446746418120022,0.1454059619988714,0.1454059619988714,0.8990078419446945,0.0,0.0,0.0,0.07239472530782222,0.4881269074976444,0.48771538119763136,0.0,-0.0,0.12406598776578903,0.4503736048936844,0.0,0.6976744186046512,0.04148159921169281,0.06477344315499067,-0.3934189,0.06182231,0.06805524
0.4642857142857143,0.5,0.3333333333333333,0.42424242424242425,0.6153846153846154,0.5869565217391305,0.981184184551239,0.9811767935752869,0.45611148172309246,0.45609030383950666,0.5913022068216969,0.40469503716751853,0.18822858376162394,0.18822858376162394,0.8559187352657318,0.0,0.0,0.0,0.07486783973872661,0.4865330923348665,0.485636736266315,0.0,-0.0,0.11053695529699326,0.46871620795083424,0.0,0.6976744186046512,0.04081866145133972,0.060005560517311096,-0.40409585,0.06521115,0.08296385
0.4642857142857143,0.5,0.3333333333333333,0.42424242424242425,0.6153846153846154,0.5869565217391305,0.9768562912940979,0.9768539667129517,0.45531813592345494,0.4552969437940171,0.5875676966078195,0.40833193480347996,0.1920911456857409,0.1920911456857409,0.8483310341835022,0.0,0.0,0.0,0.07535989508032798,0.4850519597530365,0.4839670453220606,0.0,-0.0,0.0,0.5,0.0,0.6976744186046512,0.04134703800082207,0.050936536863446236,-0.40673744,0.06845407,0.10448837
0.4642857142857143,0.5,0.3333333333333333,0.42424242424242425,0.6153846153846154,0.5869565217391305,0.6864485144615173,0.686253547668457,0.3067125535603919,0.3066867514732463,0.5832403367153773,0.4070998395555512,0.1447008869477681,0.1447008869477681,0.8809277787804604,0.0,0.0,0.0,0.07445040382444858,0.48514500074088573,0.48422026447951794,0.0,-0.0,0.0,0.5,0.0,0.6976744186046512,0.0408768355846405,0.03421743167564273,-0.40786468,0.06592696,0.10291233
0.4642857142857143,0.5,0.3333333333333333,0.42424242424242425,0.6153846153846154,0.5869565217391305,0.3693782687187195,0.36929669976234436,0.3579775626071324,0.3579521480071613,0.5727508594611407,0.4162918331011709,0.12069716517414367,0.12069716517414367,0.8996141962707043,0.0,0.0,0.0,0.06539046317338944,0.48638775758445263,0.48575927410274744,0.0,-0.0,0.0,0.5,0.4185166656970978,0.6155451993609584,0.04142927750945091,0.020250966772437096,-0.41329499,0.05310625,0.08340249
0.4642857142857143,0.5,0.3333333333333333,0.42424242424242425,0.6153846153846154,0.5869565217391305,0.3536093533039093,0.35317569971084595,0.35833463203838634,0.35830945676872883,0.5394398606530111,0.4495361470760802,0.11320375438247408,0.11320375438247408,0.9038382470607758,0.0,0.0,0.0,0.05962057560682296,0.486885548569262,0.48638360761106014,0.0,-0.0,0.0,0.5,0.42065849900245667,0.6155009481102921,0.040580637753009796,0.005923535791225731,-0.40754246,0.0473701,0.07366019
0.4642857142857143,0.5,0.3333333333333333,0.42424242424242425,0.6153846153846154,0.5869565217391305,0.9926757216453552,0.992672860622406,0.4022761220913772,0.4022543430328369,0.47632853957480725,0.5192042753932986,0.148528947361878,0.148528947361878,0.8367895483970642,0.0,0.0,0.0,0.06129983998835086,0.48474692553281784,0.48496066965162754,0.0,-0.0,0.0,0.5,0.0,0.6976744186046512,0.03870423510670662,0.0,-0.40527531,0.03361182,0.0504038
0.4642857142857143,0.5,0.3333333333333333,0.42424242424242425,0.6153846153846154,0.5869565217391305,0.9824939966201782,0.9824866056442261,0.3976247032559397,0.3976029469907626,0.46610208633524963,0.5295752072146878,0.17963032637323653,0.17963032637323653,0.8335586413741112,0.0,0.0,0.0,0.0650844570249319,0.48316434398293495,0.4834726732224226,0.0,-0.0,0.0,0.5,0.0,0.6976744186046512,0.038672417402267456,0.0,-0.41562759,0.02017358,0.03095479
0.4642857142857143,0.5,0.3333333333333333,0.42424242424242425,0.6153846153846154,0.5869565217391305,0.9795644879341125,0.9795538187026978,0.3961390318423795,0.3961173553539736,0.4688463958681883,0.5272732541797671,0.17914288278136936,0.17914288278136936,0.844648003578186,0.0,0.0,0.0,0.06726020723581314,0.4825929719954729,0.48303790017962456,0.0,-0.0,0.0,0.5,0.0,0.6976744186046512,0.03820428252220154,0.0,-0.41658732,0.00607303,0.01163238
0.4642857142857143,0.5,0.3333333333333333,0.42424242424242425,0.6153846153846154,0.5869565217391305,0.9764953851699829,0.9764602184295654,0.3837272364140469,0.3837052294218745,0.47499744705214786,0.5206981752109751,0.17058514058589935,0.17058514058589935,0.8644681870937347,0.0,0.0,0.0,0.0672646664083004,0.48230949975550175,0.4830288104712963,0.0,-0.0,0.0,0.5,0.0,0.6976744186046512,0.03600737825036049,0.0,-0.41368925,-0.01256377,-0.00567946
0.4642857142857143,0.5,0.3333333333333333,0.42424242424242425,0.6153846153846154,0.5869565217391305,0.6168620586395264,0.6030575633049011,0.29526317370325383,0.29523762234310347,0.5268789140033904,0.4635134476725909,0.1472676917910576,0.1472676917910576,0.9000496305525303,0.0,0.0,0.0,0.06883408389985561,0.48360379226505756,0.4845590041950345,0.0,-0.0,0.0,0.5,0.0,0.6976744186046512,0.03627362474799156,0.0,-0.41252639,-0.02640638,-0.02282251
0.4642857142857143,0.5,0.3333333333333333,0.42424242424242425,0.6153846153846154,0.5869565217391305,0.44004714488983154,0.43574926257133484,0.3309369752785444,0.33091202794251884,0.5547374069804671,0.4361904049871934,0.1353446926389422,0.1353446926389422,0.9154113084077835,0.0,0.0,0.0,0.0693825751543045,0.485503320582211,0.4866128982976079,0.0,-0.0,0.11865035444498062,0.5328842150786566,0.12756603956222534,0.7786742121327755,0.037944257259368896,0.0,-0.42051455,-0.03910964,-0.03421478
0.4642857142857143,0.5,0.3333333333333333,0.42424242424242425,0.6153846153846154,0.5869565217391305,0.35275551676750183,0.3488021194934845,0.34584421090368556,0.3458195370880185,0.5564738908643704,0.43454332237211235,0.13238114437886647,0.13238114437886647,0.9185584671795368,0.0,0.0,0.0,0.0694395300000906,0.4868382699787617,0.4880312690511346,0.0,-0.0,0.10268822312355042,0.5837424813754974,0.10977718979120255,0.8,0.039464060217142105,0.0,-0.42476189,-0.06170435,-0.05483527
0.4642857142857143,0.5,0.3333333333333333,0.42424242424242425,0.6153846153846154,0.5869565217391305,0.3155798316001892,0.31160852313041687,0.3619577738796548,0.3619337382781574,0.5829971429266847,0.4096997303392367,0.13131594551461084,0.13131594551461084,0.9202020317316055,0.0,0.0,0.0,0.07111350335180759,0.48820335138589144,0.4895177809521556,0.10897362232208252,-0.0,0.09279242157936096,0.6031746031746031,0.09786706417798996,0.8,0.0426035113632679,0.0,-0.42186906,-0.08436614,-0.07615329
0.4642857142857143,0.5,0.3333333333333333,0.42424242424242425,0.6153846153846154,0.5869565217391305,0.31499895453453064,0.31079986691474915,0.3701143333150597,0.3700910157045032,0.5841160748246523,0.41002425084783695,0.11953191033431462,0.11953191033431462,0.9219379276037216,0.0,0.0,0.0,0.0685471661388874,0.4891703864559531,0.49054244812577963,0.0,-0.0,0.07770159095525742,0.6031746031746031,0.08047734946012497,0.8,0.044443581253290176,0.0,-0.4169391,-0.1034593,-0.09043854
0.4642857142857143,0.5,0.3333333333333333,0.42424242424242425,0.6153846153846154,0.5869565217391305,0.35234877467155457,0.3494214713573456,0.36530952654194876,0.3652861519479843,0.5865582982167231,0.4076246225532514,0.11379841715097429,0.11379841715097429,0.9235746897757053,0.0,0.0,0.0,0.06437264792621135,0.4899808634072542,0.4913510140031576,0.0,-0.0,0.06124929338693619,0.6031746031746031,0.06324414163827896,0.8,0.045582398772239685,0.0,-0.42777836,-0.12241153,-0.10916998
0.4642857142857143,0.5,0.3333333333333333,0.42424242424242425,0.6153846153846154,0.5869565217391305,0.9788128733634949,0.9788259863853455,0.4134037736269074,0.41338174953971263,0.42706387608274676,0.5674112214134432,0.12324394924300058,0.12324394924300058,0.8934010751545429,0.0,0.0,0.0,0.06289289109408855,0.4898299928754568,0.4911143407225609,0.0,-0.0,0.057311683893203735,0.6011731974662295,0.060155849903821945,0.7894147287101246,0.044432833790779114,0.0,-0.42824643,-0.14021371,-0.11941221
0.4642857142857143,0.5,0.3333333333333333,0.42424242424242425,0.6153846153846154,0.5869565217391305,0.5425684452056885,0.541225254535675,0.33067964960466606,0.33065591031689034,0.43838516863536653,0.5549153473672608,0.12413979108844485,0.12413979108844485,0.8996693566441536,0.0,0.0,0.0,0.0662917010486126,0.48977396450936794,0.490976357832551,0.0,-0.0,0.0676242783665657,0.5641338777920556,0.07427020370960236,0.781328176516433,0.04613978788256645,0.0,-0.42440456,-0.1680918,-0.14888997
0.4642857142857143,0.5,0.3333333333333333,0.42424242424242425,0.6153846153846154,0.5869565217391305,0.22575421631336212,0.22450155019760132,0.4110145277092607,0.41099155199915227,0.4585667828073009,0.5331784575728061,0.10844959212200983,0.10844959212200983,0.9159436859190464,0.0,0.0,0.0,0.06647958606481552,0.49053539615124464,0.49145861342549324,0.0,-0.0,0.0740746334195137,0.5263997619114225,0.07758845388889313,0.7690598391169725,0.04844045266509056,0.0,-0.42996686,-0.18417759,-0.16982472
0.4642857142857143,0.5,0.3333333333333333,0.42424242424242425,0.6153846153846154,0.5869565217391305,0.17827746272087097,0.17717783153057098,0.43251098843423175,0.43248836032291216,0.4770595782915447,0.5145496398444791,0.09636495794568743,0.09636495794568743,0.9243810512125492,0.0,0.0,0.0,0.061060778796672814,0.4910839023068547,0.49186745937913656,0.0,-0.0,0.08106594532728195,0.5571420282598525,0.08217877894639969,0.7887381336889988,0.04836292937397957,0.0,-0.43513661,-0.19937187,-0.18115194
0.4642857142857143,0.5,0.3333333333333333,0.42424242424242425,0.6153846153846154,0.5869565217391305,0.16090774536132812,0.16023029386997223,0.4384204926499901,0.4383979671088049,0.4950912875438511,0.49658307901025456,0.0912632527095931,0.0912632527095931,0.9285694472491741,0.0,0.0,0.0,0.056117608770728106,0.49136398546397686,0.4921179758384824,0.0,-0.0,0.07832542806863785,0.6031746031746031,0.07875823974609375,0.8,0.04467155039310455,0.0,-0.4504548,-0.20683973,-0.17608047
0.4642857142857143,0.5,0.3333333333333333,0.42424242424242425,0.6153846153846154,0.5869565217391305,0.1558355838060379,0.15525637567043304,0.4401607716288667,0.4401382289926591,0.5171921021851709,0.47452645998789245,0.08668635040521622,0.08668635040521622,0.931408129632473,0.0,0.0,0.0,0.05332710817456245,0.4917803155258298,0.49244812643155456,0.0,-0.0,0.0660693347454071,0.6031746031746031,0.06581208109855652,0.8,0.04079000651836395,0.0,-0.45115896,-0.21498424,-0.17862783
0.4642857142857143,0.5,0.3333333333333333,0.42424242424242425,0.6153846153846154,0.5869565217391305,0.15633746981620789,0.1557706892490387,0.44038041417502993,0.44035787153882233,0.5345783411430811,0.4573424636925105,0.08220776649458068,0.08220776649458068,0.9334990158677101,0.0,0.0,0.0,0.05027291923761368,0.4921669661998749,0.4927102127112448,0.0,-0.0,0.05536579340696335,0.6031746031746031,0.05431671440601349,0.8,0.03637763112783432,0.0,-0.45443236,-0.22658704,-0.19603133
0.4642857142857143,0.5,0.3333333333333333,0.42424242424242425,0.6153846153846154,0.5869565217391305,0.184926375746727,0.1844940036535263,0.4321869864746444,0.4321643298716208,0.5514573337471051,0.44083474648335647,0.08152146956750325,0.08152146956750325,0.9342346899211407,0.0,0.0,0.0,0.04997144788503646,0.4923679702915251,0.49283459736034274,0.0,-0.0,0.05451904982328415,0.6031746031746031,0.05328526720404625,0.8,0.03451082855463028,0.013231650227680802,-0.45072007,-0.22909081,-0.20051765
0.4642857142857143,0.5,0.3333333333333333,0.42424242424242425,0.6153846153846154,0.5869565217391305,0.9889903664588928,0.9889899492263794,0.451313837764368,0.4512926684282934,0.5634734990719855,0.43220848421243085,0.11097391269036702,0.11097391269036702,0.8836308643221855,0.0,0.0,0.0,0.051184285432100296,0.4914577752351761,0.491862528026104,0.0,-0.0,0.05200379341840744,0.6031746031746031,0.05187523365020752,0.8,0.0317818783223629,0.02983321202918887,-0.4460338,-0.2301058,-0.19925015
0.4642857142857143,0.5,0.3333333333333333,0.42424242424242425,0.6153846153846154,0.5869565217391305,0.978922426700592,0.9789222478866577,0.4479379754221462,0.44791671491261875,0.5720899203083483,0.4236759254576321,0.11994849890470506,0.11994849890470506,0.8780751004815102,0.0,0.0,0.0,0.050650316476821895,0.48993662558496,0.4903613654896617,0.0,-0.0,0.05018401890993118,0.6031746031746031,0.05108193680644035,0.8,0.029693985357880592,0.04344196058809757,-0.44526466,-0.23102808,-0.19260375
0.4642857142857143,0.5,0.3333333333333333,0.42424242424242425,0.6153846153846154,0.5869565217391305,0.4770185947418213,0.47674882411956787,0.33585129276516335,0.3358277472209748,0.5059626070536801,0.4877198113487459,0.12067300932747978,0.12067300932747978,0.8989909812808037,0.0,0.0,0.0,0.05379693806171417,0.48962725047022104,0.4901120672002435,0.0,-0.0,0.047051507979631424,0.6031746031746031,0.04838016629219055,0.8,0.03009074740111828,0.06606961134821177,-0.44023063,-0.22694804,-0.1861209
0.4642857142857143,0.5,0.3333333333333333,0.42424242424242425,0.6153846153846154,0.5869565217391305,0.25165656208992004,0.2513321340084076,0.40056116084067817,0.40053857261774417,0.4482854602441733,0.545094549348837,0.10159208838428771,0.10159208838428771,0.9177354462444782,0.0,0.0,0.0,0.05466910786926746,0.49010380171239376,0.49066087417304516,0.0,-0.0,0.043765995651483536,0.6031746031746031,0.04375050589442253,0.8,0.031080393120646477,0.09450498037040234,-0.43526923,-0.21804328,-0.1707982
0.4642857142857143,0.5,0.3333333333333333,0.42424242424242425,0.6153846153846154,0.5869565217391305,0.2905667722225189,0.2904324233531952,0.38733387586035645,0.3873108659602032,0.4570641787740514,0.5357491172927693,0.09723775088787079,0.09723775088787079,0.9207930378615856,0.0,0.0,0.0,0.055036903545260425,0.4905143016949296,0.4911055127158761,0.0,-0.0,0.04269079118967056,0.6031746031746031,0.04209202900528908,0.8,0.03156188502907753,0.09809072129428387,-0.44152682,-0.21169913,-0.16185224
0.4642857142857143,0.5,0.3333333333333333,0.42424242424242425,0.6153846153846154,0.5869565217391305,0.9856144785881042,0.9856465458869934,0.4358199921438389,0.4357984467172714,0.568726309398848,0.42677887716388563,0.17668610172612328,0.17668610172612328,0.8345851004123688,0.0,0.0,0.0,0.05560649894177913,0.4885113360360265,0.4889591820538044,0.0,-0.0,0.04306602105498314,0.6031746031746031,0.04351089149713516,0.8,0.02995798923075199,0.08914908394217491,-0.441233,-0.20099601,-0.16752496
0.0,0.0,1.0,1.0,0.6153846153846154,0.5869565217391305,0.9857978224754333,0.9858000874519348,0.4159583056178193,0.41593628153062456,0.5488583376029254,0.4459583070441774,0.21004548030240197,0.21004548030240197,0.7784484550356865,0.0,0.0,0.0,0.054305085539817805,0.48511069640517235,0.48496841732412577,0.0,-0.0,0.04473594203591347,0.5625786696161542,0.046530403196811676,0.7851113366006419,0.02870362065732479,0.0610623462125659,-0.42482128,-0.19648294,-0.16754356
0.0,0.0,1.0,1.0,0.6153846153846154,0.5869565217391305,0.9726184010505676,0.9726192951202393,0.38172782538725814,0.3817040063227112,0.5321816873823936,0.4592525133388626,0.25468541043145315,0.25468541043145315,0.7679482772946358,0.0,0.0,0.0,0.05343225337564945,0.48415917716920376,0.4837218839675188,0.0,-0.0,0.04201466590166092,0.5237753481145888,0.04347613826394081,0.7668687299240468,0.027218108996748924,0.0563605735078454,-0.42923515,-0.19151112,-0.16259894
0.0,0.0,1.0,1.0,0.6153846153846154,0.5869565217391305,0.9146579504013062,0.9144508838653564,0.3073053177638446,0.30727611946558175,0.5196406535847009,0.46075082367231873,0.2782576424734933,0.2782576424734933,0.770077757537365,0.0,0.0,0.0,0.05334499701857567,0.48347399570047855,0.4829678889364004,0.0,-0.0,0.03807064890861511,0.48477174043655397,0.03871346265077591,0.7395716656952404,0.027005018666386604,0.05065038800239563,-0.43972182,-0.17796518,-0.15873922
0.0,0.0,1.0,1.0,0.6153846153846154,0.5869565217391305,0.7375195622444153,0.7355969548225403,0.23239816625533094,0.2323647283915124,0.48822402757508804,0.4840281412610082,0.27960880526474546,0.27960880526474546,0.7909349873661995,0.0,0.0,0.0,0.05525051616132259,0.4821449890732765,0.4817822817713022,0.0,-0.0,0.0,0.5,0.0,0.6976744186046512,0.02711259014904499,0.04413136746734381,-0.44082647,-0.16828819,-0.14759928
0.0,0.0,1.0,1.0,0.6153846153846154,0.5869565217391305,0.8082201480865479,0.8034350275993347,0.2644834491080581,0.2644515839863006,0.4696873911936014,0.5051179284980553,0.2571446342127664,0.2571446342127664,0.8085939213633537,0.0,0.0,0.0,0.05852104537189006,0.48183535411953926,0.48140882700681686,0.0,-0.0,0.0,0.5,0.0,0.6976744186046512,0.028429193422198296,0.02218587091192603,-0.43085005,-0.15354727,-0.13293509
0.0,0.0,1.0,1.0,0.6153846153846154,0.5869565217391305,0.9818282127380371,0.9818346500396729,0.42292737071874265,0.4229046229422662,0.4524776213027779,0.5393497207715857,0.34163211073194233,0.34163211073194233,0.6523255258798599,0.0,0.0,0.0,0.05745914168655872,0.481203343719244,0.4805677682161331,0.0,-0.0,0.0,0.5,0.0,0.6976744186046512,0.027928179129958153,0.0019466690719127655,-0.43512239,-0.13713305,-0.12114812
0.0,0.0,1.0,1.0,0.6153846153846154,0.5869565217391305,0.8859717845916748,0.882313072681427,0.33111209668803165,0.3310844597351483,0.42068386556541487,0.5625906131412919,0.3085678070783615,0.3085678070783615,0.75417360663414,0.0,0.0,0.0,0.05792326331138611,0.48110589757561684,0.48037959076464176,0.0,-0.0,0.0,0.5,0.0,0.6976744186046512,0.02691456489264965,0.0,-0.43253385,-0.11799581,-0.11266551
0.0,0.0,1.0,1.0,0.6153846153846154,0.5869565217391305,0.6460431218147278,0.63299959897995,0.25620779434991836,0.25617595202152404,0.39612438710652165,0.579909506258449,0.2676262600081308,0.2676262600081308,0.8096842244267464,0.0,0.0,0.0,0.06103887148201465,0.4815820101648569,0.48088204860687256,0.0,-0.0,0.0,0.5,0.0,0.6976744186046512,0.026928778737783432,0.0,-0.43536505,-0.10924412,-0.10574219
0.0,0.0,1.0,1.0,0.6153846153846154,0.5869565217391305,0.9374998807907104,0.9381656646728516,0.3961458584546587,0.3961215721261661,0.37828893369743977,0.6115021276605694,0.29789746872016365,0.29789746872016365,0.7486055493354797,0.0,0.0,0.0,0.06245732381939888,0.4816536158323288,0.4811750706285238,0.0,-0.0,0.03871145471930504,0.4887791786875043,0.037989597767591476,0.7443521656962329,0.027610888704657555,0.0,-0.42416548,-0.09953975,-0.09486514
0.0,0.0,1.0,1.0,0.6153846153846154,0.5869565217391305,0.9138913154602051,0.9101577997207642,0.35120090198334497,0.3511759888373643,0.35859634543468116,0.6319866086460614,0.30941243682588854,0.30941243682588854,0.7505474761128426,0.0,0.0,0.0,0.06116299033164978,0.48123929649591446,0.48133665323257446,0.0,-0.0,0.040409017354249954,0.5085404363889543,0.040076643228530884,0.7540305210060851,0.027628587558865547,0.0,-0.40588745,-0.09306239,-0.0922256
0.0,0.0,1.0,1.0,0.6153846153846154,0.5869565217391305,0.6462212800979614,0.6229106783866882,0.2751656499465155,0.2751365884084318,0.4165913627890738,0.5652800818423646,0.28705325509820667,0.28705325509820667,0.8020930886268616,0.0,0.0,0.0,0.06169707663357257,0.4813784211874008,0.48189131543040276,0.0,-0.0,0.03907260298728943,0.5095551818136185,0.03920245170593262,0.7583631505799848,0.02825520560145378,0.0,-0.39973021,-0.07899891,-0.0833952
0.0,0.0,1.0,1.0,0.6153846153846154,0.5869565217391305,0.5880279541015625,0.5617506504058838,0.29089142943431495,0.2908634163909387,0.41796447487679766,0.5658327161930209,0.27655449296746937,0.27655449296746937,0.8085872083902359,0.0,0.0,0.0,0.0623943842947483,0.4820000324398279,0.482755271717906,0.0,-0.0,0.03679381683468819,0.5269879675100719,0.037438295781612396,0.7712975244016148,0.029488051310181618,0.0,-0.40051591,-0.06100335,-0.07588478
0.0,0.0,1.0,1.0,0.6153846153846154,0.5869565217391305,0.9784368872642517,0.9784868955612183,0.4058133158583486,0.40579124618442747,0.31761832310182414,0.679307106525396,0.31920633145741056,0.31920633145741056,0.7040721476078033,0.0,0.0,0.0,0.0587175827473402,0.4817889332771301,0.48289263248443604,0.0,-0.0,0.0371246412396431,0.5450133581956227,0.038431644439697266,0.7713324325375779,0.030385451391339302,0.0,-0.40174758,-0.04790804,-0.06890842
0.4642857142857143,0.5,0.3333333333333333,0.42424242424242425,0.6153846153846154,0.5869565217391305,0.9085646867752075,0.9053691625595093,0.36664190119128837,0.36661905084467755,0.3566366518432734,0.6387283783291261,0.3228583612612316,0.3228583612612316,0.7677508145570755,0.0,0.0,0.0,0.05673591084778309,0.4818547088652849,0.48324830271303654,0.0,-0.0,0.03817650303244591,0.5502658874269515,0.04007101058959961,0.7762783393263817,0.031094875186681747,0.0,-0.39727277,-0.03448252,-0.06234675
0.4642857142857143,0.5,0.3333333333333333,0.42424242424242425,0.6153846153846154,0.5869565217391305,0.690405011177063,0.6606650352478027,0.2960328371985237,0.2960065108640244,0.42467016836425314,0.5633902976327776,0.27063979634216856,0.27063979634216856,0.7944066971540451,0.0,0.0,0.0,0.0577133223414421,0.48277801275253296,0.48425973020493984,0.0,-0.0,0.03676056116819382,0.5335033346736242,0.038887202739715576,0.7736012023375478,0.03217902407050133,0.0,-0.39814063,-0.01973218,-0.05696682
0.4642857142857143,0.5,0.3333333333333333,0.42424242424242425,0.6153846153846154,0.5869565217391305,0.5381068587303162,0.5306771397590637,0.29711545357056834,0.2970889220958002,0.4549330505996544,0.5323610548028932,0.2621120108025415,0.2621120108025415,0.8042188212275505,0.0,0.0,0.0,0.059272627159953115,0.48350694216787815,0.48505863081663847,0.0,-0.0,0.03487696871161461,0.561748154579647,0.037127796560525894,0.7871721949168416,0.03327541798353195,0.0,-0.409156883,0.000330552255,-0.0530469902
0.4642857142857143,0.5,0.3333333333333333,0.42424242424242425,0.6153846153846154,0.5869565217391305,0.485623836517334,0.4799792170524597,0.29946446920216196,0.2994380972809363,0.46486675158057567,0.5226052446250884,0.2553290235144752,0.2553290235144752,0.80970548838377,0.0,0.0,0.0,0.06082644537091255,0.48420560732483864,0.4856917280703783,0.0,-0.0,0.03347344696521759,0.6031746031746031,0.03597920760512352,0.8,0.03385128453373909,0.0,-0.39036342,0.0223428,-0.03892483
0.4642857142857143,0.5,0.3333333333333333,0.42424242424242425,0.6153846153846154,0.5869565217391305,0.5645103454589844,0.556927502155304,0.29565784078711077,0.29563181076633316,0.4621877820724283,0.5263125509599832,0.2528816248689379,0.2528816248689379,0.8116062954068184,0.0,0.0,0.0,0.0618588663637638,0.4845957038924098,0.48600018210709095,0.0,-0.0,0.03253365308046341,0.6031746031746031,0.0352400578558445,0.8,0.03421732410788536,0.0,-0.35794985,0.04110994,0.01275904
0.4642857142857143,0.5,0.3333333333333333,0.42424242424242425,0.6153846153846154,0.5869565217391305,0.9740602970123291,0.9738503694534302,0.4015163737091006,0.40149412738661466,0.32884697202970603,0.6674598457201895,0.32509853797299526,0.32509853797299526,0.6951569765806198,0.0,0.0,0.0,0.060135250166058536,0.48404726572334766,0.48559666611254215,0.0,-0.0,0.034537337720394135,0.5710818162040104,0.03727353736758232,0.783909086657818,0.03541770204901695,0.0,-0.33756385,0.05808901,0.02423644
0.4642857142857143,0.5,0.3333333333333333,0.42424242424242425,0.6153846153846154,0.5869565217391305,0.8266639113426208,0.822004497051239,0.3163338259118921,0.3163101322108427,0.38912116045249806,0.6053568773875451,0.3155253508261272,0.3155253508261272,0.7675413563847542,0.0,0.0,0.0,0.05928159244358539,0.4838653411716223,0.48529592528939247,0.0,-0.0,0.0350436307489872,0.5633340165728614,0.038110390305519104,0.7812943777372671,0.03575897961854935,0.0,-0.33186201,0.08202802,0.03587708
0.4642857142857143,0.5,0.3333333333333333,0.42424242424242425,0.6153846153846154,0.5869565217391305,0.5613356828689575,0.5482036471366882,0.293369273154731,0.2933426049197837,0.45207774593542915,0.5349570578935675,0.27102633246353697,0.27102633246353697,0.7951514348387718,0.0,0.0,0.0,0.06129496619105339,0.4840917829424143,0.4853926496580243,0.0,-0.0,0.033845387399196625,0.5607484167530423,0.03703834116458893,0.7859392771713956,0.03551492840051651,0.0,-0.31833897,0.10103947,0.04453665
0.4642857142857143,0.5,0.3333333333333333,0.42424242424242425,0.6153846153846154,0.5869565217391305,0.45876792073249817,0.4541412889957428,0.30277743895696635,0.3027502692680286,0.4627651550573783,0.5228374805044211,0.2433499268123082,0.2433499268123082,0.8127205297350883,0.0,0.0,0.0,0.062180849909782406,0.4848492853343487,0.48595326766371727,0.0,-0.0,0.03165339678525925,0.5798793908149477,0.03451672941446304,0.7975535276670789,0.034146763384342194,0.0,-0.31869226,0.10969914,0.05181967
0.4642857142857143,0.5,0.3333333333333333,0.42424242424242425,0.6153846153846154,0.5869565217391305,0.4561663866043091,0.4499078094959259,0.307743862071867,0.30771710266346686,0.4766311499630288,0.509607189649327,0.2453155496290752,0.2453155496290752,0.8126185610890388,0.0,0.0,0.0,0.06319110281765461,0.4850362576544285,0.4859874006360769,0.0,-0.0,0.03066568821668625,0.5667054634245615,0.03347822651267052,0.792803532162378,0.03338843211531639,0.0,-0.32362611,0.11141339,0.0582903
0.4642857142857143,0.5,0.3333333333333333,0.42424242424242425,0.6153846153846154,0.5869565217391305,0.4901089072227478,0.4828798472881317,0.3039477413972523,0.3039205489149513,0.4828481922072161,0.5024311836038853,0.24589227778570993,0.24589227778570993,0.8062943890690804,0.0,0.0,0.0,0.06363285295665264,0.4847452398389578,0.4855791013687849,0.0,-0.0,0.03082357347011566,0.5265517774082366,0.03362423554062843,0.7727024375006211,0.03239300474524498,0.0,-0.34035904,0.11365264,0.08391346
0.4642857142857143,0.5,0.3333333333333333,0.42424242424242425,0.6153846153846154,0.5869565217391305,0.5507684946060181,0.5356032848358154,0.29886871906812973,0.2988412074787439,0.4871089342219424,0.4978127752567062,0.21927999598639353,0.21927999598639353,0.8040210902690887,0.0,0.0,0.0,0.0627736147493124,0.48452927079051733,0.48526631481945515,0.0,-0.0,0.03176238760352135,0.4907588452573806,0.03439347445964813,0.7569029723662277,0.030905351042747498,0.0,-0.34315165,0.11355112,0.12777944
0.4642857142857143,0.5,0.3333333333333333,0.42424242424242425,0.6153846153846154,0.5869565217391305,0.9790076613426208,0.9789271950721741,0.4194071751023798,0.4193849971599834,0.3785048552270601,0.6159783965948157,0.2678528428077698,0.2678528428077698,0.6868507713079453,0.0,0.0,0.0,0.05371395573019981,0.4835045225918293,0.48436987586319447,0.0,-0.0,0.043578095734119415,0.4894561053268493,0.0468091145157814,0.7478102729764096,0.028601935133337975,0.0,-0.3292189,0.11795474,0.14922959
0.4642857142857143,0.5,0.3333333333333333,0.42424242424242425,0.6153846153846154,0.5869565217391305,0.7347512245178223,0.7209269404411316,0.27846986704985,0.27844205914674247,0.39752677157093874,0.5875639791875629,0.2066572542701449,0.2066572542701449,0.7579770013689995,0.0,0.0,0.0,0.054164658114314077,0.48338470235466957,0.4841827992349863,0.0,-0.0,0.04716246575117111,0.48113501369953154,0.05068066343665123,0.7371502748668887,0.02796170674264431,0.0,-0.31124675,0.11111684,0.14363323
0.4642857142857143,0.5,0.3333333333333333,0.42424242424242425,0.6153846153846154,0.5869565217391305,0.48543795943260193,0.48223403096199036,0.297841946435932,0.2978137282522869,0.4191703520587024,0.5639261432468499,0.18138831747429712,0.18138831747429712,0.8082375526428223,0.0,0.0,0.0,0.05643536783754825,0.4838073067367077,0.4844912765547633,0.0,-0.0,0.04789343476295471,0.4808426260948181,0.05106871947646141,0.7382179603933595,0.028470898047089577,0.0,-0.29058742,0.11293556,0.12216926
0.4642857142857143,0.5,0.3333333333333333,0.42424242424242425,0.6153846153846154,0.5869565217391305,0.4597035050392151,0.4568518400192261,0.3019504501532414,0.3019225510766812,0.4265068119844105,0.5572859459543383,0.17650973583970753,0.17650973583970753,0.813079409301281,0.0,0.0,0.0,0.05883232690393924,0.4842455927282572,0.48478019423782825,0.0,-0.0,0.04822803661227226,0.4807087853550911,0.050998467952013016,0.7393929409946121,0.029150379821658134,0.0,-0.28823918,0.09648021,0.08335483
0.4642857142857143,0.5,0.3333333333333333,0.42424242424242425,0.6153846153846154,0.5869565217391305,0.4487973749637604,0.44613415002822876,0.3003351072964203,0.30030693469950165,0.43596384675735267,0.5472055232041146,0.17355002995048252,0.17355002995048252,0.8150941208004951,0.0,0.0,0.0,0.061316357180476184,0.48457434866577387,0.4850453231483698,0.0,-0.0,0.0473257377743721,0.48106970489025114,0.04951033741235733,0.7384866950383713,0.02965976670384407,0.0,-0.28326295,0.08312807,0.05223063
0.4642857142857143,0.5,0.3333333333333333,0.42424242424242425,0.6153846153846154,0.5869565217391305,0.45259222388267517,0.44990745186805725,0.29789149920753494,0.29786316705707383,0.4468628751616177,0.5358496645161978,0.16877701239926476,0.16877701239926476,0.8159640803933144,0.0,0.0,0.0,0.06191421747207641,0.4845584137365222,0.4849102748557925,0.0,-0.0,0.0,0.5,0.0,0.6976744186046512,0.029083972796797752,0.0,-0.28404334,0.05918292,0.01977226
0.4642857142857143,0.5,0.3333333333333333,0.42424242424242425,0.6153846153846154,0.5869565217391305,0.4622301757335663,0.4605424404144287,0.2938852693109166,0.2938570967139979,0.4551308229138245,0.528047222771512,0.16558847789253509,0.16558847789253509,0.813997782766819,0.0,0.0,0.0,0.062928032502532,0.48431070148944855,0.4845102885738015,0.0,-0.0,0.0,0.5,0.0,0.6976744186046512,0.028936220332980156,0.0,-0.29340718,0.02785613,-0.01380011
0.4642857142857143,0.5,0.3333333333333333,0.42424242424242425,0.6153846153846154,0.5869565217391305,0.7582697868347168,0.7546235918998718,0.26585121045377014,0.26582388121128997,0.4612971741428339,0.5250467471770479,0.1677722324218069,0.1677722324218069,0.8084971755743027,0.0,0.0,0.0,0.06405511833727359,0.4842079021036625,0.484389410354197,0.0,-0.0,0.0,0.5,0.0,0.6976744186046512,0.02907283790409565,0.0,-0.30047666,-0.0035892,-0.03977346
0.4642857142857143,0.5,0.3333333333333333,0.42424242424242425,0.6153846153846154,0.5869565217391305,0.9744793772697449,0.9744126796722412,0.4154533870361503,0.4154311407136644,0.4643026671263729,0.5292921649287758,0.23895723479134698,0.23895723479134698,0.7571902051568031,0.0,0.0,0.0,0.0571695614606142,0.48410299606621265,0.4842247795313597,0.0,-0.0,0.05085817724466324,0.47995892119786093,0.05169619247317314,0.7453087015553963,0.028240520507097244,0.0,-0.30069856,-0.03230361,-0.05828521
0.4642857142857143,0.5,0.3333333333333333,0.42424242424242425,0.6153846153846154,0.5869565217391305,0.18257059156894684,0.18238815665245056,0.4423804577176475,0.44235602323229406,0.5017334030403348,0.48438336442984264,0.19915411514895304,0.19915411514895304,0.826903410255909,0.0,0.0,0.0,0.06296742707490921,0.4851347543299198,0.4851707061752677,0.0,-0.0,0.03484446555376053,0.6031746031746031,0.034066494554281235,0.8,0.029350265860557556,0.0069534312933683395,-0.29817058,-0.04899726,-0.0693623
0.4642857142857143,0.5,0.3333333333333333,0.42424242424242425,0.6153846153846154,0.5869565217391305,0.01671753264963627,0.016717765480279922,0.48857591721455407,0.48855220143243416,0.5240238828595236,0.4614389382123897,0.16558826501880375,0.16558826501880375,0.8612676188349724,0.0,0.0,0.0,0.06419034600257874,0.48673578538000584,0.4868423342704773,0.0,-0.0,0.027665404602885246,0.6031746031746031,0.0267268605530262,0.8,0.028995849192142487,0.028444465715438128,-0.28681093,-0.06552297,-0.08151429
0.4642857142857143,0.5,0.3333333333333333,0.42424242424242425,0.6153846153846154,0.5869565217391305,0.0,0.0,0.5124212831657657,0.5123986009202085,0.5372993587079969,0.449758804044527,0.15866456819432123,0.15866456819432123,0.862255834043026,0.0,0.0,0.0,0.06298997588455676,0.48784102592617273,0.4879611302167177,0.0,-0.0,0.025018714368343353,0.6031746031746031,0.02415158972144127,0.8,0.027797749266028404,0.03303788369521499,-0.27200683,-0.08354677,-0.08886679
0.4642857142857143,0.5,0.3333333333333333,0.42424242424242425,0.6153846153846154,0.5869565217391305,0.0,0.0,0.5271313932384177,0.5271098620577023,0.5604787075724702,0.4294214713135317,0.15713781650577274,0.15713781650577274,0.8683443367481232,0.0,0.0,0.0,0.0593961201608181,0.49011173099279404,0.4902869826182723,0.0,-0.0,0.02017875947058201,0.6031746031746031,0.019488777965307236,0.8,0.02646767348051071,0.043139271438121796,-0.26713141,-0.10212917,-0.09750868
0.4642857142857143,0.5,0.3333333333333333,0.42424242424242425,0.6153846153846154,0.5869565217391305,0.0,0.0,0.516528105872539,0.516506492065882,0.5739450094576776,0.4167543104405562,0.15249924468142648,0.15249924468142648,0.8733940906822681,0.0,0.0,0.0,0.05549484230577945,0.4912041462957859,0.49141605757176876,0.0,-0.0,0.01781585067510605,0.6031746031746031,0.017139634117484093,0.8,0.025061020627617836,0.06259990856051445,-0.26786299,-0.12986258,-0.1129201
0.4642857142857143,0.5,0.3333333333333333,0.42424242424242425,0.6153846153846154,0.5869565217391305,0.9754751920700073,0.9754816293716431,0.3962940267121587,0.3962716664228567,0.5613285581194876,0.43371897759851896,0.3311993501016072,0.3311993501016072,0.7777101844549179,0.0,0.0,0.0,0.05207192935049534,0.48965238500386477,0.48995060846209526,0.0,-0.0,0.020666951313614845,0.6031746031746031,0.02072078548371792,0.8,0.024235913529992104,0.11736424639821053,-0.28160394,-0.15751874,-0.13689187
0.4642857142857143,0.5,0.3333333333333333,0.42424242424242425,0.6153846153846154,0.5869565217391305,0.11896340548992157,0.11863385885953903,0.431822811212412,0.431799852597326,0.29183564450499205,0.7023265912878759,0.2240215029035296,0.2240215029035296,0.8468517288565636,0.0,0.0,0.0,0.052543013542890545,0.48865204583853483,0.48896340746432543,0.0,-0.0,0.020884424448013306,0.6031746031746031,0.02095588482916355,0.8,0.024609653279185295,0.14282251708209515,-0.30246524,-0.17879744,-0.16486624
0.4642857142857143,0.5,0.3333333333333333,0.42424242424242425,0.6153846153846154,0.5869565217391305,0.030119698494672775,0.02954605408012867,0.46080423917186875,0.46078228346476363,0.2927051885178167,0.7026230987530999,0.19377185830048155,0.19377185830048155,0.859930045902729,0.0,0.0,0.0,0.051176193729043,0.4894072460010648,0.4897127654403448,0.0,-0.0,0.018667617812752724,0.6031746031746031,0.01848684996366501,0.8,0.024581225588917732,0.15184737741947174,-0.33202113,-0.19118264,-0.20899197
0.4642857142857143,0.5,0.3333333333333333,0.42424242424242425,0.6153846153846154,0.5869565217391305,0.8538085222244263,0.8536109328269958,0.31207144419960037,0.3120478872587302,0.5490611586470449,0.4459140081427927,0.25453363146100727,0.25453363146100727,0.8250856548547745,0.0,0.0,0.0,0.0491422738879919,0.4894555788487196,0.48972927406430244,0.0,-0.0,0.018250877037644386,0.6031746031746031,0.0179146695882082,0.8,0.023708410561084747,0.1556497160345316,-0.38172534,-0.19843777,-0.24135247
0.4642857142857143,0.5,0.3333333333333333,0.42424242424242425,0.6153846153846154,0.5869565217391305,0.9728597402572632,0.9728598594665527,0.3407657698053247,0.3407423040379074,0.5666972043181469,0.4279251326059925,0.27411118149757385,0.27411118149757385,0.7752684280276299,0.0,0.0,0.0,0.05216918624937534,0.4842813704162836,0.4844584334641695,0.0,-0.0,0.027505282312631607,0.5589596624412234,0.027580225840210915,0.7906238206250723,0.022057242691516876,0.13579553924500942,-0.42333814,-0.19745082,-0.25113326
0.4642857142857143,0.5,0.3333333333333333,0.42424242424242425,0.6153846153846154,0.5869565217391305,0.5265714526176453,0.5261856317520142,0.2988017065803134,0.2987777051688608,0.553805346470718,0.440621457587186,0.12472708842584065,0.12472708842584065,0.8525939583778381,0.0,0.0,0.0,0.08346820138394832,0.4816803075373173,0.4824548102915287,0.12402238696813583,0.12402238696813583,0.14908717572689056,0.4403651297092438,0.14100462198257446,0.563959926366806,0.021848775446414948,0.0730931106954813,-0.46114677,-0.22282025,-0.26548651
0.4642857142857143,0.5,0.3333333333333333,0.42424242424242425,0.6153846153846154,0.5869565217391305,0.48634272813796997,0.48562896251678467,0.31175295253556723,0.3117290536942491,0.5176160245506987,0.4762023021289946,0.11587967830044883,0.11587967830044883,0.8584724962711334,0.0,0.0,0.0,0.08315614014863967,0.48116906732320786,0.48199032060801983,0.12375716120004654,0.12375716120004654,0.18235643208026886,0.42705742716789247,0.17065732181072235,0.5480475446512533,0.024284696206450462,0.06003458984196186,-0.5,-0.22692907,-0.26166004
0.4642857142857143,0.5,0.3333333333333333,0.42424242424242425,0.6153846153846154,0.5869565217391305,0.8348995447158813,0.8311202526092529,0.2847096186067133,0.28468577674880313,0.47467483263854543,0.519988503847655,0.1257624849677086,0.1257624849677086,0.8350099474191666,0.0,0.0,0.0,0.07024400904774665,0.4801332540810108,0.4808874223381281,0.0,-0.0,0.16601905226707458,0.43359237909317017,0.15813063085079193,0.568710399228473,0.024389594793319702,0.044814180582761765,-0.5,-0.21522208,-0.26078561
0.4642857142857143,0.5,0.3333333333333333,0.42424242424242425,0.6153846153846154,0.5869565217391305,0.45271098613739014,0.45230650901794434,0.3251659236492208,0.32514226413821623,0.4719118410952916,0.521715591167578,0.12027673955474581,0.12027673955474581,0.8508690446615219,0.0,0.0,0.0,0.07072254866361617,0.4796219691634178,0.4802944231778383,0.1061466634273529,-0.0,0.15351472795009613,0.4385941088199615,0.14438970386981964,0.577205651721289,0.02443399652838707,0.041620456613600254,-0.5,-0.19978404,-0.24513803
0.4642857142857143,0.5,0.3333333333333333,0.42424242424242425,0.6153846153846154,0.5869565217391305,0.2909277081489563,0.28989121317863464,0.34924472996655204,0.3492211616290003,0.46078391603940305,0.5322613723026812,0.10893398629767555,0.10893398629767555,0.8659816756844521,0.0,0.0,0.0,0.0702363345772028,0.47948030196130276,0.48016142286360264,0.10598985850811005,-0.0,0.14997996389865875,0.4400080144405365,0.14032438397407532,0.581100624661113,0.024544496089220047,0.035872210282832384,-0.5,-0.1667593,-0.19427994
0.4642857142857143,0.5,0.3333333333333333,0.42424242424242425,0.6153846153846154,0.5869565217391305,0.2546035051345825,0.2528834342956543,0.35784666032225865,0.3578231831581597,0.44834589684670556,0.544590391495665,0.10119001780237472,0.10119001780237472,0.8835062980651855,0.0,0.0,0.0,0.06987107880413532,0.4802476614713669,0.481043491512537,0.10567738860845566,-0.0,0.144733726978302,0.4421065092086792,0.13589458167552948,0.5966668974521548,0.025584496557712555,0.023961197584867477,-0.48570114,-0.13947712,-0.15195499
0.4642857142857143,0.5,0.3333333333333333,0.42424242424242425,0.6153846153846154,0.5869565217391305,0.24888278543949127,0.24735353887081146,0.3551082542703895,0.3550847998996538,0.4423332469641137,0.5507748481341297,0.09394215685980661,0.09394215685980661,0.8879023566842079,0.0,0.0,0.0,0.0678951047360897,0.48070469312369823,0.4816404767334461,0.10252047330141068,-0.0,0.13861429691314697,0.4445542812347412,0.13061277568340302,0.6055491469627203,0.025773271918296814,0.01451081014238298,-0.45904311,-0.10697813,-0.11483157
0.4642857142857143,0.5,0.3333333333333333,0.42424242424242425,0.6153846153846154,0.5869565217391305,0.23637822270393372,0.23497481644153595,0.3546606496004939,0.3546372408164847,0.4335517049063688,0.559743688955653,0.08281407345618522,0.08281407345618522,0.9020361453294754,0.0,0.0,0.0,0.05774325877428054,0.48155724443495274,0.48263499327003956,0.0,-0.0,0.10586906224489212,0.45765237510204315,0.10182826220989227,0.6168994654056638,0.024238916113972664,0.0017654593102633953,-0.45159333,-0.08855941,-0.09518993
0.4642857142857143,0.5,0.3333333333333333,0.42424242424242425,0.6153846153846154,0.5869565217391305,0.2330661118030548,0.2316724956035614,0.3554552262417445,0.3554318174577352,0.4222603058495895,0.5710294185194819,0.08002095456634249,0.08002095456634249,0.9040492810308933,0.0,0.0,0.0,0.05537152402102947,0.48215564154088497,0.483302840963006,0.0,-0.0,0.10144683718681335,0.45942126512527465,0.0972491055727005,0.620754309171854,0.023038068786263466,0.0,-0.45240628,-0.07481095,-0.0738887
0.4642857142857143,0.5,0.3333333333333333,0.42424242424242425,0.6153846153846154,0.5869565217391305,0.262016236782074,0.25939810276031494,0.3567736171627591,0.35675026536215787,0.4140744626408097,0.5795233752891115,0.08124556658523424,0.08124556658523424,0.8978299684822559,0.0,0.0,0.0,0.05389404371380806,0.4823264591395855,0.4836122952401638,0.0,-0.0,0.10146310925483704,0.45941475629806516,0.09722542762756348,0.6253891351611115,0.022124264389276505,0.0,-0.45383235,-0.05605932,-0.06438328
0.4642857142857143,0.5,0.3333333333333333,0.42424242424242425,0.6153846153846154,0.5869565217391305,0.3288293778896332,0.327892005443573,0.3451982583871991,0.3451763653618428,0.5173816389722988,0.47751194039853945,0.09692210970180376,0.09692210970180376,0.8884006291627884,0.0,0.0,0.0,0.05449171625077724,0.48171347193419933,0.4831853676587343,0.0,-0.0,0.11173176765441895,0.4553072929382324,0.0,0.6976744186046512,0.02215147577226162,0.0,-0.45598453,-0.0393939,-0.05777651
0.4642857142857143,0.5,0.3333333333333333,0.42424242424242425,0.6153846153846154,0.5869565217391305,0.4486823081970215,0.44586434960365295,0.34310333177190894,0.3430814045565078,0.4669231688087347,0.5277314492160408,0.12237910181283952,0.12237910181283952,0.8876862041652203,0.0,0.0,0.0,0.05969836600124836,0.4826711155474186,0.4840417895466089,0.0,-0.0,0.0,0.5,0.0,0.6976744186046512,0.02390878275036812,0.0,-0.4550954,-0.02873242,-0.05131291
0.4642857142857143,0.5,0.3333333333333333,0.42424242424242425,0.6153846153846154,0.5869565217391305,0.9659697413444519,0.9660083055496216,0.3913198994404955,0.39129951077711056,0.44081616059771916,0.5559150745833203,0.19506718963384628,0.19506718963384628,0.8591464385390282,0.0,0.0,0.0,0.06315403170883656,0.4829620886594057,0.4845466883853078,0.0,-0.0,0.0,0.5,0.0,0.6976744186046512,0.028465721756219864,0.0,-0.45121177,-0.0157298,-0.04394926
0.4642857142857143,0.5,0.3333333333333333,0.42424242424242425,0.6153846153846154,0.5869565217391305,0.3748336434364319,0.3680351674556732,0.33845040857450004,0.3384289372263629,0.5696333997792086,0.4275167211241243,0.18574836530855726,0.18574836530855726,0.8843219503760338,0.0,0.0,0.0,0.0819102082401514,0.48341843113303185,0.4853039151057601,0.12823140621185303,0.12823140621185303,0.0,0.5,0.0846695825457573,0.7406601784101059,0.04888960346579552,0.0,-0.4433847,0.00548497,-0.0399579
0.4642857142857143,0.5,0.3333333333333333,0.42424242424242425,0.6153846153846154,0.5869565217391305,0.2047741711139679,0.1828153431415558,0.36497723349649636,0.3649553404711401,0.6627370116815512,0.33471747469896973,0.21940417587757113,0.21940417587757113,0.8789141550660133,0.0,0.0,0.0,0.08906851522624493,0.48243362829089165,0.48533795215189457,0.14210927486419678,0.14210927486419678,0.06882747262716293,0.47246901094913485,0.07041383534669876,0.7675620216096557,0.06529513746500015,0.0,-0.44242879,0.01886449,-0.04063062
0.4642857142857143,0.5,0.3333333333333333,0.42424242424242425,0.6153846153846154,0.5869565217391305,0.1757773607969284,0.1556992083787918,0.34754151869458405,0.3475165143751505,0.6742703508920469,0.3165756215050339,0.22035562566348485,0.22035562566348485,0.8489380329847336,0.0,0.0,0.0,0.08446331918239593,0.4817511662840843,0.48495100252330303,0.130559504032135,0.130559504032135,0.05856625735759735,0.501010938769295,0.0625532791018486,0.7699357129113619,0.06470862030982971,0.0,-0.44126602,0.02755254,-0.0343473
0.4642857142857143,0.5,0.3333333333333333,0.42424242424242425,0.6153846153846154,0.5869565217391305,0.7224302291870117,0.6573837995529175,0.37098423062501396,0.3709597049662078,0.3727366527681369,0.6141597255415437,0.2296738113675799,0.2296738113675799,0.788225494325161,0.0,0.0,0.0,0.08371503613889217,0.4808908961713314,0.48377829045057297,0.0,-0.0,0.05661429092288017,0.4773542836308479,0.06130678206682205,0.7413700316101313,0.06081926450133324,0.0,-0.43574634,0.03300028,-0.03133759
0.4642857142857143,0.5,0.3333333333333333,0.42424242424242425,0.6153846153846154,0.5869565217391305,0.9313791990280151,0.9393860697746277,0.5118457272392386,0.5118271513605209,0.33990416927957623,0.6562555970876162,0.2844842310462679,0.2844842310462679,0.6531522870063782,0.0,0.0,0.0,0.07250555008649825,0.48023952171206474,0.4825292360037565,0.0,-0.0,0.0,0.5,0.0,0.6976744186046512,0.043611619621515274,0.0,-0.44074225,0.03868654,-0.02851861
0.4642857142857143,0.5,0.3333333333333333,0.42424242424242425,0.6153846153846154,0.5869565217391305,0.916628360748291,0.9127182364463806,0.4615313759497429,0.46150995588667304,0.36226794596611883,0.6280507304649685,0.2816809075219291,0.2816809075219291,0.6979806274175644,0.0,0.0,0.0,0.0630091268569231,0.4797778222709894,0.48186752386391163,0.0,-0.0,0.0,0.5,0.0,0.6976744186046512,0.03610793128609657,0.0,-0.45570382,0.05039588,-0.01605351
0.4642857142857143,0.5,0.3333333333333333,0.42424242424242425,0.6153846153846154,0.5869565217391305,0.6739853024482727,0.6469611525535583,0.333237270096292,0.33320906330932853,0.38339563856617215,0.5952824359363574,0.2125780923025949,0.2125780923025949,0.7955261468887329,0.0,0.0,0.0,0.0633136048913002,0.4807911813259125,0.48242843337357044,0.0,-0.0,0.0,0.5,0.0,0.6976744186046512,0.03374312445521355,0.0,-0.43933871,0.06856546,0.01100867
0.0,0.0,1.0,1.0,0.6153846153846154,0.5869565217391305,0.9644763469696045,0.9641112089157104,0.5021120558277371,0.5020914807217641,0.40821818092813,0.5808085762241324,0.3088927056108202,0.3088927056108202,0.6915035247802734,0.0,0.0,0.0,0.061160254850983614,0.4811065439134836,0.4824377950280905,0.0,-0.0,0.0,0.5,0.0,0.6976744186046512,0.03141627833247185,0.0,-0.4334529,0.0753151,0.04617057
0.4642857142857143,0.5,0.3333333333333333,0.42424242424242425,0.6153846153846154,0.5869565217391305,0.7194420695304871,0.6955767273902893,0.32509786266669716,0.32506802615426467,0.42996422898017195,0.5440836145426023,0.26027971080371315,0.26027971080371315,0.7643608003854752,0.0,0.0,0.0,0.06200141906738281,0.4812964368611574,0.4820930138230324,0.0,-0.0,0.0,0.5,0.0,0.6976744186046512,0.02973257005214691,0.0,-0.43618878,0.08638535,0.07522649
0.4642857142857143,0.5,0.3333333333333333,0.42424242424242425,0.6153846153846154,0.5869565217391305,0.5371303558349609,0.5346394777297974,0.3072322194480531,0.30719919186477224,0.4387011701244697,0.5277238048918567,0.23860919688429152,0.23860919688429152,0.7836026251316071,0.0,0.0,0.0,0.06525846384465694,0.4813357088714838,0.48143032379448414,0.0,-0.0,0.0,0.5,0.11010032147169113,0.6175523857737697,0.029761334881186485,0.0,-0.44254547,0.09174746,0.08811329
0.4642857142857143,0.5,0.3333333333333333,0.42424242424242425,0.6153846153846154,0.5869565217391305,0.4014819860458374,0.4004589319229126,0.3388716299264882,0.33884001553172594,0.44370747022829365,0.5245265086061361,0.23356139659881595,0.23356139659881595,0.7801611796021461,0.0,0.0,0.0,0.06633093133568763,0.48054685816168785,0.4801502376794815,0.0,-0.0,0.11276885867118835,0.45489245653152466,0.11571118980646133,0.6050944917423781,0.029708046466112137,0.0,-0.44816815,0.09394673,0.09155916
0.4642857142857143,0.5,0.3333333333333333,0.42424242424242425,0.6153846153846154,0.5869565217391305,0.3810493052005768,0.3800230324268341,0.3442501912381407,0.34421918086750325,0.46035479678706503,0.5090815063137802,0.21993825478213175,0.21993825478213175,0.7798212468624115,0.0,0.0,0.0,0.06649576686322689,0.4791801869869232,0.4784029293805361,0.0,-0.0,0.12053193151950836,0.4517872273921967,0.12296542525291443,0.6040856172872144,0.030379364266991615,0.0,-0.45226779,0.09571262,0.08836197
0.4642857142857143,0.5,0.3333333333333333,0.42424242424242425,0.6153846153846154,0.5869565217391305,0.36583396792411804,0.364978164434433,0.3482774480123137,0.3482465288151291,0.4703790586491616,0.49902525681559895,0.21828142660004754,0.21828142660004754,0.7780933305621147,0.0,0.0,0.0,0.06719363518059253,0.4782745260745287,0.47735270857810974,0.0,-0.0,0.12321196496486664,0.45071521401405334,0.12516692280769348,0.6019649671953778,0.030949346721172333,0.0,-0.45488122,0.10022982,0.07669315
0.4642857142857143,0.5,0.3333333333333333,0.42424242424242425,0.6153846153846154,0.5869565217391305,0.31970369815826416,0.31879860162734985,0.35851760576149705,0.3584872563983924,0.4744663246503068,0.49575569132267355,0.217242283480508,0.217242283480508,0.7781894505023956,0.0,0.0,0.0,0.06877217181026934,0.4779762662947178,0.47687591798603535,0.0,-0.0,0.11931243538856506,0.45227502584457396,0.12026792764663696,0.6062175160230592,0.03237219154834747,0.0032398937037214637,-0.4544478,0.09424336,0.06946783
0.4642857142857143,0.5,0.3333333333333333,0.42424242424242425,0.6153846153846154,0.5869565217391305,0.5196110010147095,0.5193148851394653,0.3229206634069264,0.322889880969921,0.4835435707072227,0.4880403829071713,0.2170217888695853,0.2170217888695853,0.7564155161380768,0.0,0.0,0.0,0.06934388726949692,0.4776092302054167,0.47644959203898907,0.0,-0.0,0.1184374988079071,0.4526250004768372,0.11939255893230438,0.6116877773473429,0.03276384249329567,0.010000390466302633,-0.45453837,0.09261907,0.05154606
0.4642857142857143,0.5,0.3333333333333333,0.42424242424242425,0.6153846153846154,0.5869565217391305,0.9542000889778137,0.9541841745376587,0.4476235295800816,0.4476009755471924,0.5195615221505867,0.46739018277451316,0.3370112819331033,0.3370112819331033,0.6310093551874161,0.0,0.0,0.0,0.05897804275155067,0.4774016756564379,0.47592189349234104,0.0,-0.0,0.0,0.5,0.0,0.6976744186046512,0.03128962963819504,0.019526324467733502,-0.46270677,0.08468433,0.02925616
0.4642857142857143,0.5,0.3333333333333333,0.42424242424242425,0.6153846153846154,0.5869565217391305,0.3837883770465851,0.38377079367637634,0.3242093317823246,0.32418088566504744,0.4160445329108156,0.5619663299902853,0.23711869759219034,0.23711869759219034,0.7618134915828705,0.0,0.0,0.0,0.0638834584504366,0.4771463070064783,0.47570296563208103,0.0,-0.0,0.0,0.5,0.0,0.6976744186046512,0.03196294233202934,0.035753282718360424,-0.45679613,0.07334791,0.02241155
0.4642857142857143,0.5,0.3333333333333333,0.42424242424242425,0.6153846153846154,0.5869565217391305,0.14559464156627655,0.14562056958675385,0.3777400467181525,0.37770835254661894,0.3788913053034825,0.6025264944168117,0.254058199269431,0.254058199269431,0.7805792316794395,0.0,0.0,0.0,0.06711222007870674,0.47646500915288925,0.47535150684416294,0.0,-0.0,0.0,0.5,0.0,0.6976744186046512,0.0321972519159317,0.0636755907908082,-0.44802525,0.0565311,0.0014141
0.4642857142857143,0.5,0.3333333333333333,0.42424242424242425,0.6153846153846154,0.5869565217391305,0.11345972865819931,0.11346269398927689,0.38979916043764773,0.3897680930836023,0.3713266553204101,0.6110757436118157,0.25934053318841116,0.25934053318841116,0.7903038561344147,0.0,0.0,0.0,0.06814251318573951,0.47647345811128616,0.4756816327571869,0.0,-0.0,0.03747851401567459,0.5461090665961068,0.03985324129462242,0.7895908630344757,0.03148458153009415,0.08216617628931999,-0.43381997,0.04140007,-0.02316589
0.4642857142857143,0.5,0.3333333333333333,0.42424242424242425,0.6153846153846154,0.5869565217391305,0.09882760792970657,0.09882964938879013,0.395924170204148,0.39589387782445146,0.32427923902726763,0.6609755897562495,0.26701084205082487,0.26701084205082487,0.79375059902668,0.0,0.0,0.0,0.06865992844104767,0.4768514186143875,0.4764544554054737,0.0,-0.0,0.03103690780699253,0.602284776786017,0.03313736617565155,0.8,0.030850984156131744,0.09487313218414783,-0.43507799,0.02756501,-0.03846112
0.4642857142857143,0.5,0.3333333333333333,0.42424242424242425,0.6153846153846154,0.5869565217391305,0.06810424476861954,0.06810178607702255,0.4033314889977129,0.4033013903616035,0.3310060847557753,0.6540124566280996,0.26799518082823076,0.26799518082823076,0.8014297410845757,0.0,0.0,0.0,0.06849432624876499,0.4772237706929445,0.4771556779742241,0.0,-0.0,0.028139173984527588,0.6031746031746031,0.030089443549513817,0.8,0.030057720839977264,0.09940641932189465,-0.4324316,0.00722664,-0.04900989
0.4642857142857143,0.5,0.3333333333333333,0.42424242424242425,0.6153846153846154,0.5869565217391305,0.04964869096875191,0.0496307872235775,0.40902987538514585,0.40900032948809417,0.31204547116223075,0.6745944989064405,0.2614663647753852,0.2614663647753852,0.8076571077108383,0.0,0.0,0.0,0.0676715776324272,0.4775690119713545,0.4779889602214098,0.0,-0.0,0.02557571791112423,0.6031746031746031,0.027294721454381943,0.8,0.028639329597353935,0.10086973197758198,-0.43368309,-0.01307468,-0.06799032
0.4642857142857143,0.5,0.3333333333333333,0.42424242424242425,0.6153846153846154,0.5869565217391305,0.0507914274930954,0.05076870322227478,0.404748882891799,0.4047193142013842,0.31870683155825674,0.6679591343411474,0.25776142520563944,0.25776142520563944,0.8097284063696861,0.0,0.0,0.0,0.06631846390664577,0.4775623120367527,0.4781813081353903,0.0,-0.0,0.024947810918092728,0.5831103646565997,0.026564162224531174,0.8,0.027451571077108383,0.0987161137163639,-0.4361504,-0.02703991,-0.0785088
0.4642857142857143,0.5,0.3333333333333333,0.42424242424242425,0.6153846153846154,0.5869565217391305,0.38628536462783813,0.3856491446495056,0.31507529036264803,0.3150421032258247,0.40495813736268255,0.5759793378148385,0.28248728385993416,0.28248728385993416,0.7683322504162788,0.0,0.0,0.0,0.06583084948360919,0.4769526496529579,0.4773104451596737,0.0,-0.0,0.025454364717006683,0.515251363553698,0.027170438319444656,0.7754371990991193,0.026945171877741814,0.09371146559715271,-0.43601968,-0.04144586,-0.08226974
0.4642857142857143,0.5,0.3333333333333333,0.42424242424242425,0.6153846153846154,0.5869565217391305,0.9712396264076233,0.9712397456169128,0.48579523018623627,0.4857720450621034,0.5436632913567596,0.4517849858763974,0.6271226065499442,0.6271226065499442,0.5595818758010864,0.0,0.0,0.0,0.06509159691631794,0.46510520949959755,0.46283547580242157,0.0,-0.0,0.0,0.5,0.0,0.6976744186046512,0.02614683099091053,0.0859804917126894,-0.42223381,-0.0540762,-0.0880592
0.4642857142857143,0.5,0.3333333333333333,0.42424242424242425,0.6153846153846154,0.5869565217391305,0.9602068662643433,0.960196852684021,0.4694524258090251,0.4694284158500613,0.536425634962195,0.45785572464511176,0.6096247264317104,0.6096247264317104,0.5801577866077423,0.0,0.0,0.0,0.06507422439754008,0.46439291909337044,0.46197783201932907,0.0,-0.0,0.0,0.5,0.0,0.6976744186046512,0.02555093914270401,0.07361543830484152,-0.41652107,-0.06084973,-0.09130526
0.0,0.0,1.0,1.0,0.6153846153846154,0.5869565217391305,0.9217474460601807,0.9215935468673706,0.4209601154290923,0.42093298562854015,0.5109278320924274,0.47827033827404625,0.6487491301127843,0.6487491301127843,0.6275156587362289,0.0,0.0,0.0,0.0664789080619812,0.46471602097153664,0.4620736464858055,0.0,-0.0,0.0,0.5,0.0,0.6976744186046512,0.024981001392006874,0.0557087454944849,-0.41809186,-0.06409954,-0.08982352
0.0,0.0,1.0,1.0,0.6153846153846154,0.5869565217391305,0.9501692652702332,0.9501773118972778,0.46926514129109864,0.46924105725370446,0.4841599673545611,0.5094716004791446,0.6764835970742362,0.6764835970742362,0.515426516532898,0.0,0.0,0.0,0.06581619158387184,0.46433763206005096,0.4615524224936962,0.0,-0.0,0.0,0.5,0.0,0.6976744186046512,0.024978676810860634,0.04363934509456158,-0.40672925,-0.05819304,-0.09222636
0.0,0.0,1.0,1.0,0.6153846153846154,0.5869565217391305,0.9545489549636841,0.9545500874519348,0.45622860541991017,0.45620408830861514,0.4664448500819234,0.5269053123142655,0.6471194326877594,0.6471194326877594,0.5376261174678802,0.0,0.0,0.0,0.062163889408111565,0.4624604173004627,0.45942406728863716,0.0,-0.0,0.0,0.5,0.0,0.6976744186046512,0.02440487965941429,0.029394524171948433,-0.38965085,-0.05000729,-0.08444879
0.0,0.0,1.0,1.0,0.6153846153846154,0.5869565217391305,0.9457123875617981,0.9454817771911621,0.43366411037700353,0.43363834817824354,0.45018844964627325,0.5414127908126296,0.6090233794280461,0.6090233794280461,0.5890387445688248,0.0,0.0,0.0,0.059201658517122266,0.46143876016139984,0.4586842991411686,0.0,-0.0,0.0,0.5,0.0,0.6976744186046512,0.023053402081131935,0.01478059682995081,-0.37755499,-0.0377912,-0.07893406
0.0,0.0,1.0,1.0,0.6153846153846154,0.5869565217391305,0.9414705038070679,0.9413961172103882,0.44614069024189934,0.44611564603408027,0.4345548522176068,0.5581757269122241,0.620944265808378,0.620944265808378,0.5535646378993988,0.0,0.0,0.0,0.058859608694911,0.46043139323592186,0.4577772803604603,0.0,-0.0,0.0,0.5,0.0,0.6976744186046512,0.02221032790839672,0.0021707400446757674,-0.37551233,-0.02933354,-0.07319099
0.0,0.0,1.0,1.0,0.6153846153846154,0.5869565217391305,0.9568559527397156,0.9568447470664978,0.44848491926722045,0.44846015997644134,0.42244988964802904,0.570986270682939,0.6580792367458344,0.6580792367458344,0.515757218003273,0.0,0.0,0.0,0.05624529495835304,0.45683030784130096,0.4540921449661255,0.0,-0.0,0.0,0.5,0.14426903426647186,0.6198273512513138,0.02143138460814953,0.0,-0.36863158,-0.02663709,-0.07427119
0.4642857142857143,0.5,0.3333333333333333,0.42424242424242425,0.6153846153846154,0.5869565217391305,0.9275510907173157,0.9262300729751587,0.40694616880289225,0.4069205205709483,0.41230603385837766,0.5813633951761932,0.6156398143087115,0.6156398143087115,0.615313708782196,0.0,0.0,0.0,0.05552959255874156,0.4558480270206928,0.4534584507346153,0.0,-0.0,0.0,0.5,0.0,0.6976744186046512,0.020799631252884865,0.0,-0.37463323,-0.02295298,-0.07346942
0.0,0.0,1.0,1.0,0.6153846153846154,0.5869565217391305,0.9625842571258545,0.9626502990722656,0.4332783668948405,0.43325369307917344,0.41115302018408106,0.5835760865516412,0.6429568145956313,0.6429568145956313,0.5232363939285278,0.0,0.0,0.0,0.05366907976567745,0.45448434725403786,0.4525904133915901,0.0,-0.0,0.0,0.5,0.0,0.6976744186046512,0.020193668082356453,0.0,-0.36862778,-0.01683456,-0.06917265
0.4642857142857143,0.5,0.3333333333333333,0.42424242424242425,0.6153846153846154,0.5869565217391305,0.9261133074760437,0.9247006773948669,0.4008326183997422,0.4008071696097263,0.4124352665293969,0.582116362532917,0.6461401922362192,0.6461401922362192,0.6493245661258698,0.0,0.0,0.0,0.0533573966473341,0.4541090056300163,0.45223746448755264,0.0,-0.0,0.0,0.5,0.0,0.6976744186046512,0.01975460723042488,0.0,-0.3721043,-0.01035512,-0.06707919
0.4642857142857143,0.5,0.3333333333333333,0.42424242424242425,0.6153846153846154,0.5869565217391305,0.3892489969730377,0.39014750719070435,0.36718446301228685,0.36715349822837584,0.38904329832379725,0.5945898795396324,0.5318367906979152,0.5318367906979152,0.751010462641716,0.0,0.0,0.0,0.06314157471060752,0.4571465440094471,0.45447417721152306,0.0,-0.0,0.0,0.5,0.0,0.6976744186046512,0.020520798861980438,0.0,-0.37179316,0.00401599,-0.0648053
0.4642857142857143,0.5,0.3333333333333333,0.42424242424242425,0.6153846153846154,0.5869565217391305,0.9297394752502441,0.9298866391181946,0.3828799045336634,0.38285418222328904,0.4262273083681358,0.5683056272871814,0.6909470047269549,0.6909470047269549,0.6429508775472641,0.0,0.0,0.0,0.0634390015155077,0.4588181897997856,0.4553912356495857,0.0,-0.0,0.0,0.5,0.0,0.6976744186046512,0.020889686420559883,0.0,-0.3708401,0.02239589,-0.05558356
0.4642857142857143,0.5,0.3333333333333333,0.42424242424242425,0.6153846153846154,0.5869565217391305,0.6839524507522583,0.6837223768234253,0.3229671276778153,0.32293719999193005,0.4119493234225942,0.5758976734682383,0.6084979857717242,0.6084979857717242,0.7406933754682541,0.0,0.0,0.0,0.0683301817625761,0.45530643686652184,0.45078716799616814,0.0,-0.0,0.05766025185585022,0.4769358992576599,0.0,0.6976744186046512,0.020400458946824074,0.0,-0.37223891,0.06060741,-0.02993646
0.4642857142857143,0.5,0.3333333333333333,0.42424242424242425,0.6153846153846154,0.5869565217391305,0.24752075970172882,0.24698862433433533,0.4019339823130212,0.4019026870253437,0.40767235395785273,0.5727302664046028,0.577462592295238,0.577462592295238,0.7666787952184677,0.0,0.0,0.0,0.11677643880248069,0.44308024644851685,0.4379807524383068,0.1779932677745819,0.1779932677745819,0.0,0.5,0.0,0.6976744186046512,0.01960116997361183,0.0,-0.37876966,0.07782683,-0.01644587
0.4642857142857143,0.5,0.3333333333333333,0.42424242424242425,0.6153846153846154,0.5869565217391305,0.22074350714683533,0.21994797885417938,0.4122665842450144,0.41223571063455616,0.4138629972136955,0.5667938802661171,0.5436126462050846,0.5436126462050846,0.7673606872558594,0.0,0.0,0.0,0.1077816255390644,0.44624705985188484,0.44310639426112175,0.16419948637485504,0.16419948637485504,0.047464512288570404,0.4810141950845718,0.0,0.6976744186046512,0.019490959122776985,0.0,-0.37752002,0.09364524,0.01406338
0.4642857142857143,0.5,0.3333333333333333,0.42424242424242425,0.6153846153846154,0.5869565217391305,0.20024210214614868,0.19937764108181,0.41948719690224406,0.4194567563656867,0.4206762012970379,0.560473527103213,0.5320759117603302,0.5320759117603302,0.7694731280207634,0.0,0.0,0.0,0.09829635024070739,0.4521016888320446,0.4496164284646511,0.15079514682292938,0.15079514682292938,0.04402126371860504,0.48362114174025395,0.04477090761065483,0.7471574699982655,0.01941344328224659,0.0,-0.37240272,0.0912426,0.06938283
0.4642857142857143,0.5,0.3333333333333333,0.42424242424242425,0.6153846153846154,0.5869565217391305,0.17964954674243927,0.17892931401729584,0.42832661130916094,0.42829679759009165,0.42897623925546385,0.5530536719598865,0.5277902952262333,0.5277902952262333,0.7724918201565742,0.0,0.0,0.0,0.09245312884449958,0.45489055290818214,0.45255839079618454,0.1421811580657959,0.1421811580657959,0.040493689477443695,0.48380252420902253,0.04102351516485214,0.7439165826626989,0.019290316849946976,0.0,-0.38072703,0.09485111,0.12016625
0.4642857142857143,0.5,0.3333333333333333,0.42424242424242425,0.6153846153846154,0.5869565217391305,0.17039555311203003,0.16977564990520477,0.42959219570597545,0.4295625244454262,0.445144044737515,0.5370377956402639,0.5447901359626225,0.5447901359626225,0.7714855670928955,0.0,0.0,0.0,0.08759909272193908,0.4572799727320671,0.4547899216413498,0.13455361127853394,0.13455361127853394,0.03834567591547966,0.5404431365785144,0.038759563118219376,0.7735696053782175,0.01946037821471691,0.0,-0.38663011,0.09060753,0.14994898
0.4642857142857143,0.5,0.3333333333333333,0.42424242424242425,0.6153846153846154,0.5869565217391305,0.1535985916852951,0.15347662568092346,0.4346726027319126,0.43464273772777606,0.4890785336665396,0.4923316210172778,0.5499481090477535,0.5499481090477535,0.7758560851216316,0.0,0.0,0.0,0.07954428605735302,0.45983918383717537,0.4568941369652748,0.12267272174358368,-0.0,0.035262200981378555,0.5907224218050638,0.035802874714136124,0.8,0.019009310752153397,0.0,-0.38794974,0.07621223,0.16627471
0.4642857142857143,0.5,0.3333333333333333,0.42424242424242425,0.6153846153846154,0.5869565217391305,0.15115267038345337,0.1510506123304367,0.43491495886450743,0.4348846778814925,0.5271918611818245,0.45364705549320755,0.5389636542115893,0.5389636542115893,0.776907742023468,0.0,0.0,0.0,0.08122464306652545,0.45961320400238037,0.4565609246492386,0.1256532371044159,-0.0,0.03305964171886444,0.5787612360621255,0.03376412391662598,0.7941861623941466,0.01795186661183834,0.0,-0.38251444,0.05432666,0.17071442
0.4642857142857143,0.5,0.3333333333333333,0.42424242424242425,0.6153846153846154,0.5869565217391305,0.13184815645217896,0.13185147941112518,0.4410826890919906,0.44105311470323494,0.5121600227875646,0.4697586468432597,0.5301321617194584,0.5301321617194584,0.788393460214138,0.0,0.0,0.0,0.07088264338672161,0.46111853793263435,0.4591657742857933,0.0,-0.0,0.03198469430208206,0.6031746031746031,0.03272299841046333,0.8,0.01724535971879959,0.0102797313593328,-0.38382808,0.02464297,0.16255833
0.4642857142857143,0.5,0.3333333333333333,0.42424242424242425,0.6153846153846154,0.5869565217391305,0.13005855679512024,0.130055233836174,0.43901130802088895,0.43898386481159274,0.2541711845543827,0.7381042166325553,0.5134687466280802,0.5134687466280802,0.7984960526227951,0.0,0.0,0.0,0.06054723858833313,0.4627555049955845,0.4621266797184944,0.0,-0.0,0.032735005021095276,0.6031746031746031,0.033209171146154404,0.8,0.015973560512065887,0.07688391022384167,-0.37732894,-0.01359229,0.13225783
0.4642857142857143,0.5,0.3333333333333333,0.42424242424242425,0.6153846153846154,0.5869565217391305,0.08988456428050995,0.08978428691625595,0.46968592672001563,0.46965962032970915,0.2662121205667237,0.7263064858055885,0.4775605882917132,0.4775605882917132,0.7971213385462761,0.0,0.0,0.0,0.05858717672526836,0.4641333222389221,0.46396515145897865,0.0,-0.0,0.03187834098935127,0.6031746031746031,0.03200488165020943,0.8,0.01509965118020773,0.1254861056804657,-0.37947298,-0.03340687,0.10777198
0.4642857142857143,0.5,0.3333333333333333,0.42424242424242425,0.6153846153846154,0.5869565217391305,0.08896125853061676,0.08877169340848923,0.4686122140054721,0.4685857936483496,0.29455142814388235,0.6965429349287012,0.4677146673202515,0.4677146673202515,0.8012676686048508,0.0,0.0,0.0,0.05660509541630745,0.4656008556485176,0.4657384268939495,0.0,-0.0,0.03108190931379795,0.6031746031746031,0.030869774520397186,0.8,0.014671709388494492,0.14352603815495968,-0.37140568,-0.06692918,0.07074064
0.4642857142857143,0.5,0.3333333333333333,0.42424242424242425,0.6153846153846154,0.5869565217391305,0.07715015858411789,0.07681579887866974,0.46578421294119343,0.46575782677411576,0.28541060569865295,0.706354474879537,0.46456790396145414,0.46456790396145414,0.8005724549293518,0.0,0.0,0.0,0.0560236532241106,0.46611927077174187,0.4666258171200752,0.0,-0.0,0.030123228207230568,0.6031746031746031,0.02961532026529312,0.8,0.01443097461014986,0.15028434805572033,-0.37481668,-0.09090426,0.042866
0.4642857142857143,0.5,0.3333333333333333,0.42424242424242425,0.6153846153846154,0.5869565217391305,0.3820042610168457,0.38200289011001587,0.3465586802699598,0.3465280459898152,0.41769819141118064,0.5672735032006792,0.47119751572608953,0.47119751572608953,0.7857012525200844,0.0,0.0,0.0,0.057647339627146715,0.46378306671977043,0.46390752866864204,0.0,-0.0,0.030255528166890144,0.5644211627188183,0.029743852093815804,0.8,0.014320031739771366,0.14740430749952793,-0.37106889,-0.11110207,0.01560301
0.4642857142857143,0.5,0.3333333333333333,0.42424242424242425,0.6153846153846154,0.5869565217391305,0.3783407211303711,0.37817108631134033,0.3702545808788467,0.37022316022767165,0.581068157693852,0.4023515033397752,0.481475761958531,0.481475761958531,0.7601364627480507,0.0,0.0,0.0,0.06240756623446941,0.45664214715361595,0.45394622907042503,0.0,-0.0,0.030556570738554,0.5269205220161922,0.031238313764333725,0.7806361180751823,0.01434518862515688,0.125423027202487,-0.37550669,-0.11709066,-0.00633583
0.4642857142857143,0.5,0.3333333333333333,0.42424242424242425,0.6153846153846154,0.5869565217391305,0.11446411907672882,0.11434558779001236,0.4497905402065007,0.44976190604397714,0.5665593899458817,0.4180934661154487,0.4331514239311218,0.4331514239311218,0.780370257794857,0.0,0.0,0.0,0.06279267705976962,0.45980966836214066,0.459836233407259,0.0,-0.0,0.028728531673550606,0.6031746031746031,0.02958827093243599,0.8,0.014111975207924843,0.06871112622320652,-0.37995767,-0.10994065,-0.01236862
0.4642857142857143,0.5,0.3333333333333333,0.42424242424242425,0.6153846153846154,0.5869565217391305,0.07747499644756317,0.07738278061151505,0.4580800390836158,0.45805186078835625,0.5247991848630158,0.4595730450089023,0.4041640034743718,0.4041640034743718,0.7836489900946617,0.0,0.0,0.0,0.06328553818166256,0.46138687059283257,0.4609987810254097,0.0,-0.0,0.028134385123848915,0.6031746031746031,0.029037445783615112,0.8,0.014242732897400856,0.0500553660094738,-0.37627951,-0.08945084,-0.01745906
0.4642857142857143,0.5,0.3333333333333333,0.42424242424242425,0.6153846153846154,0.5869565217391305,0.04106079041957855,0.04098835587501526,0.46145836595823386,0.46143061503853444,0.4816222910557377,0.5031756091477488,0.40512729968343464,0.40512729968343464,0.7885049879550934,0.0,0.0,0.0,0.06290246658027172,0.4635339193046093,0.4623302295804024,0.0,-0.0,0.02690640091896057,0.6031746031746031,0.027710603550076485,0.8,0.015367249958217144,0.027971896342933178,-0.37300641,-0.06060083,-0.02812105
0.4642857142857143,0.5,0.3333333333333333,0.42424242424242425,0.6153846153846154,0.5869565217391305,0.03475739806890488,0.0345904715359211,0.46070903984128175,0.4606817618838688,0.45512180813867775,0.5308915894705701,0.3966489008494786,0.3966489008494786,0.7858013585209846,0.0,0.0,0.0,0.06181058473885059,0.46489112079143524,0.46334316581487656,0.0,-0.0,0.025889307260513306,0.6031746031746031,0.026622651144862175,0.8,0.01625962182879448,0.01056764624081552,-0.37116201,-0.03301946,-0.03813122
0.4642857142857143,0.5,0.3333333333333333,0.42424242424242425,0.6153846153846154,0.5869565217391305,0.02095591090619564,0.02075815387070179,0.471532704839287,0.4715060622468733,0.45324854698053507,0.5336790098008366,0.3951558044978551,0.3951558044978551,0.7838363870978355,0.0,0.0,0.0,0.061245143413543694,0.46589722111821175,0.4644315019249916,0.0,-0.0,0.025515612214803696,0.6031746031746031,0.02624654956161976,0.8,0.01704993285238743,0.0,-0.36129419,-0.00077406,-0.04315919
0.4642857142857143,0.5,0.3333333333333333,0.42424242424242425,0.6153846153846154,0.5869565217391305,0.012449166737496853,0.012424847111105919,0.4703940253412746,0.47036815772320983,0.4523355901583203,0.5366871197473884,0.3831894908632551,0.3831894908632551,0.7783320397138596,0.0,0.0,0.0,0.0600352942943573,0.4661340042948723,0.46478037163615227,0.0,-0.0,0.025096477940678596,0.6031746031746031,0.025863435119390488,0.8,0.01699848659336567,0.0,-0.34305883,0.02803801,-0.04556699
0.4642857142857143,0.5,0.3333333333333333,0.42424242424242425,0.6153846153846154,0.5869565217391305,0.00761923473328352,0.0076170628890395164,0.4682454687915386,0.46821980916291306,0.4531203628042232,0.5365442694664407,0.38322306105068754,0.38322306105068754,0.7744740918278694,0.0,0.0,0.0,0.059734021127223966,0.46563443541526794,0.46429261565208435,0.0,-0.0,0.023432668298482895,0.6031746031746031,0.02418818138539791,0.8,0.016589051112532616,0.0,-0.33707192,0.03580176,-0.04678967
0.4642857142857143,0.5,0.3333333333333333,0.42424242424242425,0.6153846153846154,0.5869565217391305,0.0,0.0,0.49169601950203257,0.49167151663658953,0.46179771070042713,0.5292439883064763,0.4069119691848755,0.4069119691848755,0.7810113802552223,0.0,0.0,0.0,0.06163551658391952,0.46641554683446884,0.465102706104517,0.0,-0.0,0.022115737199783325,0.6031746031746031,0.02282666228711605,0.8,0.01678355596959591,0.0,-0.31537726,0.03896531,-0.04735671
0.4642857142857143,0.5,0.3333333333333333,0.42424242424242425,0.6153846153846154,0.5869565217391305,0.0,0.0,0.4971178338914597,0.49709398152723366,0.4789989345046348,0.5133864888218981,0.3147534281015396,0.3147534281015396,0.7955832406878471,0.0,0.0,0.0,0.08431887589395046,0.46832018718123436,0.46732744202017784,0.13273780047893524,0.13273780047893524,0.022681616246700287,0.5945187882771568,0.0230974480509758,0.8,0.018054626882076263,0.0,-0.29257802,0.03568871,-0.05099866
0.4642857142857143,0.5,0.3333333333333333,0.42424242424242425,0.6153846153846154,0.5869565217391305,0.0,0.0,0.49832920694499355,0.49830529955616415,0.4891001011741777,0.5030891425244388,0.2113611570426396,0.2113611570426396,0.850255586206913,0.0,0.0,0.0,0.09333641268312931,0.4765956047922373,0.4774039313197136,0.14699865877628326,0.14699865877628326,0.06643835455179214,0.47342465817928314,0.0,0.6976744186046512,0.020998232066631317,0.01630989369004965,-0.27387943,0.02460012,-0.0518614
0.4642857142857143,0.5,0.3333333333333333,0.42424242424242425,0.6153846153846154,0.5869565217391305,0.0,0.0,0.4923164626836321,0.4922924819286649,0.48663444762931957,0.5057740069661446,0.1404007843562535,0.1404007843562535,0.887608140707016,0.0,0.0,0.0,0.0872168868780136,0.4810259211808443,0.48269044421613216,0.1353088915348053,0.1353088915348053,0.09217944741249084,0.4631282210350037,0.08063880354166031,0.6153774261474609,0.024174824357032776,0.03633547108620405,-0.25300892,0.0077141,-0.05506813
0.4642857142857143,0.5,0.3333333333333333,0.42424242424242425,0.6153846153846154,0.5869565217391305,0.0,0.0,0.48054492428015566,0.48052066929253745,0.47857858072503345,0.5138742326043937,0.12452362903526852,0.12452362903526852,0.901282474398613,0.0,0.0,0.0,0.07392203360795974,0.4833136349916458,0.48485068790614605,0.11395028233528137,-0.0,0.09428372234106064,0.46228651106357577,0.08344121277332306,0.6202199206102726,0.026609275490045547,0.04012614022940397,-0.22944703,-0.01053529,-0.0753845
0.4642857142857143,0.5,0.3333333333333333,0.42424242424242425,0.6153846153846154,0.5869565217391305,0.0,0.0,0.46990855804592885,0.4698840950688714,0.46755437401922895,0.5250538871980711,0.11129040803228106,0.11129040803228106,0.907722894102335,0.0,0.0,0.0,0.06118133291602134,0.4851444810628891,0.48655258025974035,0.0,-0.0,0.09062948822975159,0.46374820470809935,0.08100114017724991,0.6242654767147331,0.026267100125551224,0.03527887864038348,-0.21660321,-0.02482876,-0.08627525
0.4642857142857143,0.5,0.3333333333333333,0.42424242424242425,0.6153846153846154,0.5869565217391305,0.0,0.0,0.45830310918177064,0.45827829005841314,0.43963620516811686,0.552905385461815,0.10121756898505348,0.10121756898505348,0.9196981228888035,0.0,0.0,0.0,0.05449382849037647,0.48644076474010944,0.48768249340355396,0.0,-0.0,0.0,0.5,0.0,0.6976744186046512,0.024710167199373245,0.030524989124387503,-0.1973828,-0.03800962,-0.08858754
0.4642857142857143,0.5,0.3333333333333333,0.42424242424242425,0.6153846153846154,0.5869565217391305,0.0,0.0,0.45364503753344826,0.45362019846589796,0.4304929495313655,0.5623344976525412,0.09044273889490537,0.09044273889490537,0.9274790808558464,0.0,0.0,0.0,0.045290376804769036,0.4877856420353055,0.4888409776613116,0.0,-0.0,0.0,0.5,0.0,0.6976744186046512,0.02270718663930893,0.026237901765853167,-0.17271644,-0.03994062,-0.08405391
0.4642857142857143,0.5,0.3333333333333333,0.42424242424242425,0.6153846153846154,0.5869565217391305,0.0,0.0,0.4420584957640668,0.44203351423799647,0.43293937260060644,0.5602044703263576,0.08105063810944557,0.08105063810944557,0.9318624511361122,0.0,0.0,0.0,0.03964319862425327,0.4896699385717511,0.49054299481213093,0.0,-0.0,0.0,0.5,0.0,0.6976744186046512,0.02008529007434845,0.020615102257579565,-0.14953511,-0.03271195,-0.08461022
0.4642857142857143,0.5,0.3333333333333333,0.42424242424242425,0.6153846153846154,0.5869565217391305,0.0,0.0,0.4281909452113777,0.428165747148357,0.4419650885616616,0.5514148262964329,0.06662581648145403,0.06662581648145403,0.9358865320682526,0.0,0.0,0.0,0.031681965477764605,0.49109705071896315,0.4918345781043172,0.0,-0.0,0.0,0.5,0.0,0.6976744186046512,0.01750328578054905,0.013818556908518076,-0.13492387,-0.02977604,-0.08489561
0.4642857142857143,0.5,0.3333333333333333,0.42424242424242425,0.6153846153846154,0.5869565217391305,0.0,0.0,0.4173227961159117,0.41729741000764453,0.44724683506311014,0.5462405747204342,0.05879793582218034,0.05879793582218034,0.9397095758467913,0.0,0.0,0.0,0.028374166972935197,0.49216593336313963,0.492801227606833,0.0,-0.0,0.0,0.5,0.0,0.6976744186046512,0.015274294652044773,0.006950845709070563,-0.1140716,-0.02478186,-0.08493477
0.4642857142857143,0.5,0.3333333333333333,0.42424242424242425,0.6153846153846154,0.5869565217391305,0.0,0.0,0.4089294022401478,0.4089039249584278,0.4517112742418541,0.5420115909835754,0.05016818642616272,0.05016818642616272,0.9455562494695187,0.0,0.0,0.0,0.023649469017982483,0.4930703090503812,0.4936179621145129,0.0,-0.0,0.0,0.5,0.0,0.6976744186046512,0.013366020284593105,0.00015615427400916815,-0.09810174,-0.02185905,-0.08585753
0.4642857142857143,0.5,0.3333333333333333,0.42424242424242425,0.6153846153846154,0.5869565217391305,0.0,0.0,0.397216018253713,0.397190341530065,0.4532968005304355,0.5406054541617411,0.04350034253937858,0.04350034253937858,0.9502589292824268,0.0,0.0,0.0,0.020808496978133917,0.4937093621119857,0.4941844348795712,0.0,-0.0,0.0,0.5,0.0,0.6976744186046512,0.011829040944576263,0.0,-0.0935969,-0.02012339,-0.08718047
0.4642857142857143,0.5,0.3333333333333333,0.42424242424242425,0.6153846153846154,0.5869565217391305,0.0,0.0,0.3923611002716006,0.3923353893579078,0.4538374648039473,0.5401475183999739,0.03842470236122608,0.03842470236122608,0.9537515062838793,0.0,0.0,0.0,0.018604509253054857,0.4942778944969177,0.494693947955966,0.0,-0.0,0.0,0.5,0.0,0.6976744186046512,0.010623008944094181,0.0,-0.08461013,-0.02251942,-0.08939959
0.4642857142857143,0.5,0.3333333333333333,0.42424242424242425,0.6153846153846154,0.5869565217391305,0.0,0.0,0.38804321671991004,0.3880173918394012,0.4521237087523276,0.5418949929586966,0.03542240576020309,0.03542240576020309,0.9553281255066395,0.0,0.0,0.0,0.017397625744342803,0.49452668242156506,0.49491502810269594,0.0,-0.0,0.0,0.5,0.0,0.6976744186046512,0.009954928420484066,0.0,-0.08175852,-0.02172046,-0.08896399
0.4642857142857143,0.5,0.3333333333333333,0.42424242424242425,0.6153846153846154,0.5869565217391305,0.0,0.0,0.3873639858931474,0.3873381838060018,0.45148613279681815,0.5425876020650741,0.033220695331692696,0.033220695331692696,0.9566993117332458,0.0,0.0,0.0,0.01643405854701996,0.494700915645808,0.49506565276533365,0.0,-0.0,0.0,0.5,0.0,0.6976744186046512,0.009505189955234528,0.0,-0.08219272,-0.02086268,-0.08817481
0.4642857142857143,0.5,0.3333333333333333,0.42424242424242425,0.6153846153846154,0.5869565217391305,0.0,0.0,0.3892283462429594,0.3892026125359034,0.4504863190149486,0.5435732697159058,0.031110774725675586,0.031110774725675586,0.9585417490452528,0.0,0.0,0.0,0.015226977504789829,0.49502966552972794,0.4953609611839056,0.0,-0.0,0.0,0.5,0.0,0.6976744186046512,0.009086539037525654,0.0,-0.0888526,-0.01912304,-0.09042463
0.4642857142857143,0.5,0.3333333333333333,0.42424242424242425,0.6153846153846154,0.5869565217391305,0.0,0.0,0.39024358543337645,0.39021785172632045,0.45000504284926174,0.5440388861287798,0.029717995119946345,0.029717995119946345,0.9598121996968985,0.0,0.0,0.0,0.014351835567504167,0.49519705446437,0.4955007485114038,0.0,-0.0,0.0,0.5,0.0,0.6976744186046512,0.008739450946450233,0.0,-0.08635704,-0.01890606,-0.09300987
