YAML 文件验证通过
init data completed...
[0.4642857142857143, 0.5, 0.3333333333333333, 0.42424242424242425, 0.6153846153846154, 0.5869565217391305, 0.0, 0.0, 0.39891013497376304, 0.39887796214160226, 0.4636128744249362, 0.5316873570650481, 0.03181512201470988, 0.03181512201470988, 0.9641190692782402, 0.0, 0.0, 0.0, 0.01830681776627898, 0.4941375060006976, 0.494327996391803, 0.0, -0.0, 0.03541897237300873, 0.4858324110507965, 0.0338815413415432, 0.6122438938811768, 0.011313613504171371, 0.0]
[0.4642857142857143, 0.5, 0.3333333333333333, 0.42424242424242425, 0.6153846153846154, 0.5869565217391305, 0.10076901316642761, 0.10008547455072403, 0.3668323625342112, 0.36679894746375585, 0.46148268077843047, 0.5343843988610448, 0.03158673511019775, 0.03158673511019775, 0.9622732512652874, 0.0, 0.0, 0.0, 0.02054250668734312, 0.49333144212141633, 0.49351630872115493, 0.0, -0.0, 0.035253025591373444, 0.48589878976345063, 0.033799391239881516, 0.6116628629523655, 0.011509474366903305, 0.0]
[0.4642857142857143, 0.5, 0.3333333333333333, 0.42424242424242425, 0.6153846153846154, 0.5869565217391305, 0.2105097621679306, 0.21016313135623932, 0.34286678224859, 0.34283255801374096, 0.46158074352526984, 0.5346702561273123, 0.03368901487972056, 0.03368901487972056, 0.956469414755702, 0.0, 0.0, 0.0, 0.02620685528963804, 0.49183596298098564, 0.49201895482838154, 0.0, -0.0, 0.03525042161345482, 0.48589983135461806, 0.03384138643741608, 0.6118162686741629, 0.012213504873216152, 0.0]
[0.4642857142857143, 0.5, 0.3333333333333333, 0.42424242424242425, 0.6153846153846154, 0.5869565217391305, 0.1407627910375595, 0.13986587524414062, 0.3428992286011092, 0.3428648676060809, 0.4608620118000767, 0.5352002288888968, 0.039377328274505484, 0.039377328274505484, 0.9427447412163019, 0.0, 0.0, 0.0, 0.03656566813588142, 0.486694092862308, 0.4872928075492382, 0.0, -0.0, 0.03811865672469139, 0.48475253731012347, 0.03680816665291786, 0.6101187162621077, 0.013541294261813164, 0.0]
[0.4642857142857143, 0.5, 0.3333333333333333, 0.42424242424242425, 0.6153846153846154, 0.5869565217391305, 0.03657711297273636, 0.035855863243341446, 0.38063655893387804, 0.38060333760700993, 0.4574487626438615, 0.5375764711928362, 0.03454428166151047, 0.03454428166151047, 0.9560610242187977, 0.0, 0.0, 0.0, 0.0244537029415369, 0.4901291085407138, 0.49032372795045376, 0.0, -0.0, 0.036798249930143356, 0.48528070002794266, 0.03544022515416145, 0.6107832855263422, 0.012621077708899975, 0.0]
[0.4642857142857143, 0.5, 0.3333333333333333, 0.42424242424242425, 0.6153846153846154, 0.5869565217391305, 0.021250072866678238, 0.02103261835873127, 0.38726900594868124, 0.38723611512557954, 0.4612649756681395, 0.5337932230700904, 0.03132355133337634, 0.03132355133337634, 0.9597217198461294, 0.0, 0.0, 0.0, 0.022435112483799455, 0.4915337422862649, 0.4917127974331379, 0.0, -0.0, 0.03502989187836647, 0.4859880432486534, 0.03369470313191414, 0.6115357751070067, 0.011846747249364853, 0.0]
[0.4642857142857143, 0.5, 0.3333333333333333, 0.42424242424242425, 0.6153846153846154, 0.5869565217391305, 0.0, 0.0, 0.3920884346642868, 0.39205574898145396, 0.46324870771021504, 0.5317777697893624, 0.027747913928968568, 0.027747913928968568, 0.9639488253742456, 0.0, 0.0, 0.0, 0.019413067400455473, 0.4932225397787988, 0.49338857643306255, 0.0, -0.0, 0.032416701316833496, 0.4870333194732666, 0.031125761568546295, 0.617008074078449, 0.011098562739789486, 0.0]
[0.4642857142857143, 0.5, 0.3333333333333333, 0.42424242424242425, 0.6153846153846154, 0.5869565217391305, 0.0, 0.0, 0.38646279329551564, 0.3864298910757324, 0.463143188684438, 0.5319124799904764, 0.02668080053159169, 0.02668080053159169, 0.9649430643767118, 0.0, 0.0, 0.0, 0.018674902245402334, 0.49371063942089677, 0.4938795818015933, 0.0, -0.0, 0.03133605793118477, 0.4874655768275261, 0.03009193204343319, 0.6179112559834192, 0.010919664986431599, 0.0]
[0.4642857142857143, 0.5, 0.3333333333333333, 0.42424242424242425, 0.6153846153846154, 0.5869565217391305, 0.6047289967536926, 0.6055493950843811, 0.22633647645180816, 0.22629927768306113, 0.4694460778573731, 0.5294654001874581, 0.03326732399208205, 0.03326732399208205, 0.9437632840126753, 0.0, 0.0, 0.0, 0.036042857542634005, 0.4903994081541896, 0.49164148047566414, 0.0, -0.0, 0.03786144405603409, 0.4848554223775864, 0.03729000315070152, 0.611106933549393, 0.011504782363772392, 0.0]
[0.4642857142857143, 0.5, 0.3333333333333333, 0.42424242424242425, 0.6153846153846154, 0.5869565217391305, 0.09736458957195282, 0.09661167860031128, 0.3641370245421138, 0.3641031877944392, 0.507947458819723, 0.48759078381799553, 0.0407579674252442, 0.0407579674252442, 0.9556193128228188, 0.0, 0.0, 0.0, 0.0257141949608922, 0.4900026535615325, 0.49012778513133526, 0.0, -0.0, 0.05010986328125, 0.4799560546875, 0.04991470277309418, 0.6066028288630552, 0.013552695512771606, 0.0]
[0.4642857142857143, 0.5, 0.3333333333333333, 0.42424242424242425, 0.6153846153846154, 0.5869565217391305, 0.02474956214427948, 0.024061908945441246, 0.38056154597557756, 0.3805295896803672, 0.5393771504124993, 0.4564734211336764, 0.03294126396732671, 0.03294126396732671, 0.9625071715563536, 0.0, 0.0, 0.0, 0.019461171701550484, 0.4929266688413918, 0.49300910579040647, 0.0, -0.0, 0.04117332398891449, 0.4835306704044342, 0.040545981377363205, 0.6200219465549602, 0.011771961115300655, 0.0]
[0.4642857142857143, 0.5, 0.3333333333333333, 0.42424242424242425, 0.6153846153846154, 0.5869565217391305, 0.02077939175069332, 0.02033926360309124, 0.38397692631125224, 0.38394510677622107, 0.5527286962614917, 0.44326208011091506, 0.0318717144961868, 0.0318717144961868, 0.9624893628060818, 0.0, 0.0, 0.0, 0.017690814379602668, 0.4935124199837446, 0.49371478240936995, 0.0, -0.0, 0.03557226061820984, 0.48577109575271604, 0.034756943583488464, 0.6261004871407221, 0.010700016282498837, 0.0]
[0.4642857142857143, 0.5, 0.3333333333333333, 0.42424242424242425, 0.6153846153846154, 0.5869565217391305, 0.9758498072624207, 0.9758656620979309, 0.3152203359293892, 0.3151875704697852, 0.5003516458795828, 0.4980943587673731, 0.06444711504237993, 0.06444711504237993, 0.9066309481859207, 0.0, 0.0, 0.0, 0.04634445086121559, 0.47770356945693493, 0.47990286350250244, 0.0, -0.0, 0.050333257764577866, 0.47986669689416883, 0.050100646913051605, 0.6102517767007961, 0.01181457843631506, 0.0]
[0.4642857142857143, 0.5, 0.3333333333333333, 0.42424242424242425, 0.6153846153846154, 0.5869565217391305, 0.9603942036628723, 0.9603317379951477, 0.3031188835377447, 0.3030856052274686, 0.4866805799718569, 0.5114371006798284, 0.0689389875956944, 0.0689389875956944, 0.9022253789007664, 0.0, 0.0, 0.0, 0.047956050559878345, 0.4756349418312311, 0.4779129922389984, 0.0, -0.0, 0.05591884255409241, 0.47763246297836304, 0.056022509932518005, 0.6044599621794945, 0.012827427126467228, 0.0]
[0.4642857142857143, 0.5, 0.3333333333333333, 0.42424242424242425, 0.6153846153846154, 0.5869565217391305, 0.13343609869480133, 0.1325942426919937, 0.34776679689979917, 0.34773365534970224, 0.4401671081838371, 0.5555142991480171, 0.03989510504262788, 0.03989510504262788, 0.9541681576520205, 0.0, 0.0, 0.0, 0.026081935875117777, 0.4900394110009074, 0.4902075454592705, 0.0, -0.0, 0.047404639422893524, 0.48103814423084257, 0.046190593391656876, 0.6213538972444312, 0.013865592889487743, 0.0]
[0.4642857142857143, 0.5, 0.3333333333333333, 0.42424242424242425, 0.6153846153846154, 0.5869565217391305, 0.07048309594392776, 0.06974200159311295, 0.35885097009502, 0.3588181704453711, 0.4328407970030951, 0.5626953507820867, 0.031838959881237576, 0.031838959881237576, 0.9610488824546337, 0.0, 0.0, 0.0, 0.020935481041669843, 0.49272902263328433, 0.49279557494446635, 0.0, -0.0, 0.03898737579584122, 0.48440504968166354, 0.03780515864491463, 0.6248839442120042, 0.012611310929059982, 0.0]
[0.4642857142857143, 0.5, 0.3333333333333333, 0.42424242424242425, 0.6153846153846154, 0.5869565217391305, 0.058814264833927155, 0.05806119367480278, 0.354299408983774, 0.3542664611772643, 0.4210163580527953, 0.5746676225000718, 0.027173424937895367, 0.027173424937895367, 0.9633152224123478, 0.0, 0.0, 0.0, 0.018015569914132355, 0.4942356310784817, 0.4943085340783, 0.0, -0.0, 0.033327970653772354, 0.4866688117384911, 0.03219107910990715, 0.6214056649180346, 0.011157087050378323, 0.0]
[0.4642857142857143, 0.5, 0.3333333333333333, 0.42424242424242425, 0.6153846153846154, 0.5869565217391305, 0.04656241089105606, 0.045750588178634644, 0.35456206830464176, 0.3545291888782217, 0.39775816979417383, 0.5982940973738133, 0.025342271796294624, 0.025342271796294624, 0.9630242735147476, 0.0, 0.0, 0.0, 0.01659454572945833, 0.49509946210309863, 0.49521479383111, 0.0, -0.0, 0.03211820870637894, 0.4871527165174484, 0.031000010669231415, 0.6204185964063157, 0.010935756377875805, 0.0]
[0.4642857142857143, 0.5, 0.3333333333333333, 0.42424242424242425, 0.6153846153846154, 0.5869565217391305, 0.04549144208431244, 0.04467828944325447, 0.35544612029314493, 0.35541333204017767, 0.39209910195826575, 0.6040667388402203, 0.025180864280888015, 0.025180864280888015, 0.9629869926720858, 0.0, 0.0, 0.0, 0.016306189820170403, 0.49518725788220763, 0.4953137133270502, 0.0, -0.0, 0.03195081651210785, 0.48721967339515687, 0.030839696526527405, 0.6217648885970892, 0.0108852693811059, 0.0]
[0.4642857142857143, 0.5, 0.3333333333333333, 0.42424242424242425, 0.6153846153846154, 0.5869565217391305, 0.14517903327941895, 0.14441588521003723, 0.33735290813628394, 0.3373281545438457, 0.3872464177257472, 0.6091053143463394, 0.02565093737627779, 0.02565093737627779, 0.9613371696323156, 0.0, 0.0, 0.0, 0.015625946316868065, 0.495645550545305, 0.4958494999445975, 0.0, -0.0, 0.031827498227357864, 0.4872690007090569, 0.03072754479944706, 0.6211070612419484, 0.011654247529804707, 0.0]
[0.4642857142857143, 0.5, 0.3333333333333333, 0.42424242424242425, 0.6153846153846154, 0.5869565217391305, 0.2996004819869995, 0.29797571897506714, 0.2706816255704395, 0.27065552716957225, 0.4357965149797399, 0.5615630085513372, 0.03778669184872083, 0.03778669184872083, 0.9279315583407879, 0.0, 0.0, 0.0, 0.03914130441844463, 0.4905904680490494, 0.4916020557284355, 0.0, -0.0, 0.04458114132285118, 0.48216754347085955, 0.04335401952266693, 0.5991503111151761, 0.014266743324697018, 0.0]
[0.4642857142857143, 0.5, 0.3333333333333333, 0.42424242424242425, 0.6153846153846154, 0.5869565217391305, 0.13654984533786774, 0.13568386435508728, 0.33381755493339116, 0.3337925620106392, 0.4786539939917752, 0.5167984387564107, 0.03556486751352038, 0.03556486751352038, 0.9447200689464808, 0.0, 0.0, 0.0, 0.028619061596691607, 0.49095595721155405, 0.4917696537449956, 0.0, -0.0, 0.045284565538167953, 0.4818861737847328, 0.04404570534825325, 0.5943726834862731, 0.014006351120769978, 0.0]
[0.4642857142857143, 0.5, 0.3333333333333333, 0.42424242424242425, 0.6153846153846154, 0.5869565217391305, 0.09481901675462723, 0.0938405841588974, 0.34576784174027453, 0.34574315652792587, 0.49273377354924586, 0.5024571224512101, 0.031919670956475396, 0.031919670956475396, 0.9502655956894159, 0.0, 0.0, 0.0, 0.02525020632892847, 0.4920814372599125, 0.4926808448508382, 0.0, -0.0, 0.04282037913799286, 0.48287184834480285, 0.0415395051240921, 0.5927442187486693, 0.013125943951308727, 0.0]
[0.4642857142857143, 0.5, 0.3333333333333333, 0.42424242424242425, 0.6153846153846154, 0.5869565217391305, 0.08806345611810684, 0.08706086128950119, 0.3495072297338774, 0.3494825901082551, 0.492415892319971, 0.5026634308798996, 0.030755077355674336, 0.030755077355674336, 0.9522755015641451, 0.0, 0.0, 0.0, 0.024720972962677477, 0.4923065649345517, 0.4928295142017305, 0.0, -0.0, 0.041559137403964996, 0.483376345038414, 0.04035088047385216, 0.5919076086476792, 0.012981398962438107, 0.0]
[0.4642857142857143, 0.5, 0.3333333333333333, 0.42424242424242425, 0.6153846153846154, 0.5869565217391305, 0.1110466718673706, 0.11042451858520508, 0.3525684467921065, 0.3525438641498923, 0.4968627909372915, 0.4980741866409386, 0.048647948673793254, 0.048647948673793254, 0.9466673340648413, 0.0, 0.0, 0.0, 0.032917840778827666, 0.4856136115267873, 0.4858796438202262, 0.0, -0.0, 0.057485584169626236, 0.47700576633214953, 0.05649874731898308, 0.5963870536449344, 0.0184322502464056, 0.0]
[0.6174267040831702, 0.6429315904776255, 0.3333333333333333, 0.42424242424242425, 0.3295214344293644, 0.30109334078387945, 0.0, 0.0, 0.35267391168364604, 0.35264902133102854, 0.4853289662993889, 0.5088298932265547, 0.03922381704407079, 0.03922381704407079, 0.9570800885558128, 0.0, 0.0, 0.0, 0.08412853963673114, 0.4888255363330245, 0.48961115442216396, 0.13035106658935547, 0.13035106658935547, 0.05046965554356575, 0.4798121377825737, 0.0, 0.6976744186046512, 0.04027242586016655, 0.0]
[0.672036346580301, 0.6939005901416142, 0.3333333333333333, 0.42424242424242425, 0.2275834351013869, 0.19915534145590197, 0.0, 0.0, 0.35049647309356163, 0.35047158274094414, 0.4837459501299302, 0.5104851558098551, 0.04054537042975426, 0.04054537042975426, 0.9557711556553841, 0.0, 0.0, 0.0, 0.09565632194280624, 0.48783188220113516, 0.48907641135156155, 0.14762139320373535, 0.14762139320373535, 0.05147680640220642, 0.47940927743911743, 0.0, 0.6976744186046512, 0.04826996475458145, 0.0]
[0.5761135273746082, 0.6043726255496343, 0.3333333333333333, 0.42424242424242425, 0.40663936428534686, 0.37821127063986193, 0.0, 0.0, 0.3445804328809049, 0.34455548554487936, 0.47529745329862344, 0.5192835165204732, 0.0444653763302735, 0.0444653763302735, 0.9513870794326067, 0.0, 0.0, 0.0, 0.20030238777399062, 0.47500429302453995, 0.4771473705768585, 0.29574906826019287, 0.29574906826019287, 0.06252890825271606, 0.47498843669891355, 0.06211972236633301, 0.6192461279935615, 0.08728232234716415, 0.0]
[0.6771814869273276, 0.6987027211321725, 0.3333333333333333, 0.42424242424242425, 0.2179791731202705, 0.18955107947478556, 0.10332620143890381, 0.10238374024629593, 0.33653733880752357, 0.33651228890136364, 0.46506660948747885, 0.5299893227356975, 0.04585997866732734, 0.04585997866732734, 0.9502232782542706, 0.0, 0.0, 0.0, 0.2960891678929329, 0.46397772803902626, 0.4680793657898903, 0.4368313252925873, 0.4368313252925873, 0.07220162451267242, 0.471119350194931, 0.07969879359006882, 0.6170226858798847, 0.1590094268321991, 0.0]
[0.8795457751978011, 0.887576056851281, 0.3333333333333333, 0.42424242424242425, -0.15976749831794668, -0.1881955919634316, 0.0, 0.0, 0.29703503858518876, 0.2970010992673797, 0.4562081740189693, 0.5399973115610525, 0.05081043977822577, 0.05081043977822577, 0.9500835239887238, 0.0, 0.0, 0.0, 0.35104980915784834, 0.45180312916636467, 0.45933159440755844, 0.5199344754219055, 0.5199344754219055, 0.0, 0.5, 0.0, 0.6976744186046512, 0.280146062374115, 0.0]
[0.8805327642531622, 0.8884972466362847, 0.3333333333333333, 0.42424242424242425, -0.161609877887954, -0.19003797153343893, 0.0, 0.0, 0.2824115005551515, 0.28237724213025767, 0.45135370905495054, 0.5451913670082115, 0.048683924334389825, 0.048683924334389825, 0.949347136542201, 0.0, 0.0, 0.0, 0.35448007583618163, 0.45564351975917816, 0.4611021839082241, 0.5250509977340698, 0.5250509977340698, 0.0, 0.5, 0.0, 0.6976744186046512, 0.39444389939308167, 0.0]
[0.9193160519713447, 0.9246949818399217, 0.3333333333333333, 0.42424242424242425, -0.234005348295228, -0.26243344194071294, 0.0, 0.0, 0.25812772491921887, 0.25809280548679214, 0.445190879400556, 0.5518023626190705, 0.04626334378761905, 0.04626334378761905, 0.9490572158247232, 0.0, 0.0, 0.0, 0.39462804496288295, 0.46101589500904083, 0.46524687111377716, 0.5826396346092224, 0.5826396346092224, 0.0, 0.5, 0.0, 0.6976744186046512, 0.5038174390792847, 0.0]
[0.9437988904260454, 0.947545631064309, 0.3333333333333333, 0.42424242424242425, -0.2797066467440026, -0.3081347403894875, 0.0, 0.0, 0.2421941383390992, 0.24215905935313004, 0.4384221850572079, 0.5590663172125766, 0.04330666336630072, 0.04330666336630072, 0.9485071711242199, 0.0, 0.0, 0.0, 0.4416742861270904, 0.4671265631914139, 0.4708236660808325, 0.6519964933395386, 0.6519964933395386, 0.0, 0.5, 0.0, 0.6976744186046512, 0.6977586150169373, 0.0]
[0.961283327568145, 0.963864439063602, 0.3333333333333333, 0.42424242424242425, -0.31234426274258864, -0.34077235638807357, 0.0, 0.0, 0.24085149527963673, 0.24081632512021472, 0.4419335938320561, 0.5556299300325767, 0.04191348196140358, 0.04191348196140358, 0.9469580929726362, 0.0, 0.0, 0.0, 0.4685708254575729, 0.4727485254406929, 0.47555347345769405, 0.6934370398521423, 0.6934370398521423, 0.06324845552444458, 0.4908079836103651, 0.06311726570129395, 0.746240887877553, 0.8356767892837524, 0.0]
[0.9675097777729943, 0.969675792588128, 0.3333333333333333, 0.42424242424242425, -0.3239669697916405, -0.35239506343712546, 0.0, 0.0, 0.23713649618466087, 0.23710130323187567, 0.44395648202294374, 0.5537365926403908, 0.0418523805482047, 0.0418523805482047, 0.9353106860071421, 0.0, 0.0, 0.0, 0.5259225010871886, 0.4733235575258732, 0.4764115009456873, 0.7733318209648132, 0.7733318209648132, 0.08502376824617386, 0.546064150238794, 0.08834151923656464, 0.7760041254724181, 0.85, 0.0]
[0.9658853560686111, 0.968159665664037, 0.3333333333333333, 0.42424242424242425, -0.3209347159434587, -0.3493628095889436, 0.0, 0.0, 0.2529352144347094, 0.2529003405890091, 0.4642960428051921, 0.5328744496665032, 0.04382886923849583, 0.04382886923849583, 0.9192806519567966, 0.0, 0.0, 0.0, 0.5598640739917755, 0.4712342359125614, 0.47502878308296204, 0.8172614574432373, 0.8172614574432373, 0.12622088193893433, 0.5415879951583014, 0.13247229158878326, 0.7825105087181856, 0.85, 0.0]
[0.9324541751827513, 0.9369572301705678, 0.3333333333333333, 0.42424242424242425, -0.2585298449565202, -0.28695793860200514, 0.0, 0.0, 0.306566698829257, 0.3065337168327025, 0.5129151626367185, 0.48442439248360775, 0.04846616781183652, 0.04846616781183652, 0.9118647091090679, 0.0, 0.0, 0.0, 0.5714100241661071, 0.47120318561792374, 0.4749824497848749, 0.8372440338134766, 0.8372440338134766, 0.1556870937347412, 0.5695673142160688, 0.15902996063232422, 0.8, 0.85, 0.0]
[0.9359129475695747, 0.9401854177316029, 0.3333333333333333, 0.42424242424242425, -0.2649862200785905, -0.29341431372407545, 0.0, 0.0, 0.29836749301129956, 0.2983344426346555, 0.5185078376793725, 0.47928948082791184, 0.05515067172901971, 0.05515067172901971, 0.8965242505073547, 0.0, 0.0, 0.0, 0.5791918277740478, 0.46858980134129524, 0.4734034687280655, 0.8450950384140015, 0.8450950384140015, 0.18533077836036682, 0.5882184354085771, 0.19283254444599152, 0.8, 0.85, 0.0]
[0.9216172170071375, 0.9268427358733283, 0.3333333333333333, 0.42424242424242425, -0.23830085636204124, -0.26672895000752617, 0.0, 0.0, 0.29118787991613093, 0.2911576331231608, 0.5175157921605995, 0.4801190908684051, 0.0649296705211912, 0.0649296705211912, 0.8833164311945438, 0.0, 0.0, 0.0, 0.588349038362503, 0.4631561301648617, 0.4694785475730896, 0.8546544313430786, 0.8546544313430786, 0.21862514317035675, 0.6031746031746031, 0.22787582874298096, 0.8, 0.85, 0.0]
[0.8981816463527226, 0.9049695365958743, 0.3333333333333333, 0.42424242424242425, -0.19455445780713332, -0.22298255145261825, 0.0, 0.0, 0.31300828561728133, 0.31297906452565527, 0.5560707731411061, 0.4424389205922082, 0.0694129429757595, 0.0694129429757595, 0.8738308288156986, 0.0, 0.0, 0.0, 0.5928285926580429, 0.45359786599874496, 0.46091438457369804, 0.8628053665161133, 0.8628053665161133, 0.20051170885562897, 0.5166040696795025, 0.20553556084632874, 0.7842859807749127, 0.85, 0.0]
[0.901126931820597, 0.9077184696992238, 0.3333333333333333, 0.42424242424242425, -0.20005232401383222, -0.22848041765931715, 0.0, 0.0, 0.29890190620495305, 0.29887245717969496, 0.5510099399158194, 0.44791029647882263, 0.07121735119393895, 0.07121735119393895, 0.8708230927586555, 0.0, 0.0, 0.0, 0.5911406159400939, 0.45241903886199, 0.4600713849067688, 0.8604402542114258, 0.8604402542114258, 0.19631002843379974, 0.45447555255322225, 0.20107026398181915, 0.7577344212074613, 0.85, 0.0]
[0.9081689899876004, 0.9142910573217604, 0.3333333333333333, 0.42424242424242425, -0.2131974992589053, -0.24162559290439023, 0.0, 0.0, 0.28546494507652853, 0.2854350629773696, 0.5454453619670685, 0.45361335550571213, 0.07015176649604525, 0.07015176649604525, 0.8680727668106556, 0.0, 0.0, 0.0, 0.5904338240623473, 0.4533362463116646, 0.46118002012372017, 0.859017014503479, 0.859017014503479, 0.0, 0.5, 0.20191550254821777, 0.7533681561607262, 0.85, 0.0]
[0.9079654472214835, 0.9141010840733845, 0.3333333333333333, 0.42424242424242425, -0.21281755276215375, -0.24124564640763868, 0.0, 0.0, 0.2832746396329161, 0.28324484870721, 0.5500332784926231, 0.4493423692988114, 0.0696019030043057, 0.0696019030043057, 0.8645210303366184, 0.0, 0.0, 0.0, 0.5893225252628326, 0.45219338312745094, 0.4609355255961418, 0.8566319346427917, 0.8566319346427917, 0.0, 0.5, 0.0, 0.6976744186046512, 0.85, 0.0]
[0.8914242890619096, 0.8986626697911156, 0.3333333333333333, 0.42424242424242425, -0.18194072419761587, -0.2103688178431008, 0.0, 0.0, 0.26668727101604983, 0.26665736612352764, 0.6086847504055979, 0.39273867592934164, 0.06709039211273193, 0.06709039211273193, 0.8365237638354301, 0.0, 0.0, 0.0, 0.5740741372108459, 0.44045452773571014, 0.45123162493109703, 0.8308758735656738, 0.8308758735656738, 0.0, 0.5, 0.0, 0.6976744186046512, 0.85, 0.0]
[0.8895853793337232, 0.8969463540448083, 0.3333333333333333, 0.42424242424242425, -0.17850809270500112, -0.20693618635048605, 0.0, 0.0, 0.25761827045827246, 0.2575883883591136, 0.6474074948130328, 0.3556678577266683, 0.06598359506045069, 0.06598359506045069, 0.8062603548169136, 0.0, 0.0, 0.0, 0.5623433113098144, 0.4235270768404007, 0.43493232131004333, 0.811683177947998, 0.811683177947998, 0.4663986563682556, 0.31344053745269773, 0.0, 0.6976744186046512, 0.85, 0.0]
[0.8802812007211503, 0.888262454006407, 0.3333333333333333, 0.42424242424242425, -0.1611402926281985, -0.18956838627368344, 0.0, 0.0, 0.239477921626308, 0.23944733293288978, 0.6292176387961919, 0.37316291504967913, 0.06443159920828684, 0.06443159920828684, 0.7787094712257385, 0.0, 0.0, 0.0, 0.5547397285699844, 0.40268875658512115, 0.41414976119995117, 0.8001131415367126, 0.8001131415367126, 0.502556562423706, 0.2989773750305176, 0.5383973121643066, 0.6097018302873124, 0.85, 0.0]
[0.9113535455295018, 0.9172633091608683, 0.3333333333333333, 0.42424242424242425, -0.21914200293712116, -0.2475700965826061, 0.0, 0.0, 0.16523790906537789, 0.16520556528299307, 0.4825742245290293, 0.518303852071675, 0.0634847501558917, 0.0634847501558917, 0.7697450220584869, 0.0, 0.0, 0.0, 0.5539922773838043, 0.39648862928152084, 0.41033829003572464, 0.7967455387115479, 0.7967455387115479, 0.5240748524665833, 0.29037005901336665, 0.557571291923523, 0.5801143930401913, 0.85, 0.0]
[0.8987381515048799, 0.9054889414045546, 0.3333333333333333, 0.42424242424242425, -0.19559326742449368, -0.2240213610699786, 0.0, 0.0, 0.18368243532928408, 0.18365034227389448, 0.48734167867819167, 0.5131499706394536, 0.062137767672538764, 0.062137767672538764, 0.7584095597267151, 0.0, 0.0, 0.0, 0.5533782571554183, 0.3921184167265892, 0.4051733613014221, 0.7942176461219788, 0.7942176461219788, 0.5053756833076477, 0.2978497266769409, 0.5339184403419495, 0.572287228911422, 0.85, 0.0]
[0.856409611446517, 0.8659823040167491, 0.3333333333333333, 0.42424242424242425, -0.11657999264888275, -0.14500808629436768, 0.0, 0.0, 0.20964332383631745, 0.20960917937823964, 0.49265428739341677, 0.5071104502308159, 0.05698719727141517, 0.05698719727141517, 0.7659415081143379, 0.0, 0.0, 0.0, 0.5506947636604309, 0.39689962565898895, 0.40722523629665375, 0.7860588431358337, 0.7860588431358337, 0.39160510897636414, 0.3433579564094543, 0.39980730414390564, 0.6015504619409872, 0.85, 0.0]
[0.8531548430522282, 0.8629445201820798, 0.3333333333333333, 0.42424242424242425, -0.11050442497954405, -0.13893251862502898, 0.0, 0.0, 0.22109514258331825, 0.2210612032655092, 0.49543505134933535, 0.5041061766922081, 0.055824613996914456, 0.055824613996914456, 0.7670660614967346, 0.0, 0.0, 0.0, 0.5509622097015381, 0.3980722874403, 0.4077480733394623, 0.7862553596496582, 0.7862553596496582, 0.36352959275245667, 0.3545881628990173, 0.36993372440338135, 0.6018922772518425, 0.85, 0.0036220322363078594]
[0.8465631902217865, 0.8567923108736675, 0.3333333333333333, 0.42424242424242425, -0.09820000636271942, -0.12662810000820435, 0.0, 0.0, 0.2618928238265145, 0.2618589984755215, 0.5740494885362585, 0.4245642284083726, 0.05450380966067314, 0.05450380966067314, 0.8194615989923477, 0.0, 0.0, 0.0, 0.5594488441944122, 0.41614098846912384, 0.4174734726548195, 0.7959538102149963, 0.7959538102149963, 0.0, 0.5, 0.0, 0.6976744186046512, 0.85, 0.09632923640310764]
[0.8579357032264983, 0.8674066563447316, 0.3333333333333333, 0.42424242424242425, -0.11942869730484784, -0.14785679095033277, 0.0, 0.0, 0.2719477285162668, 0.2719140855121795, 0.6059047008791572, 0.39298122010718295, 0.0572174574647631, 0.0572174574647631, 0.833557017147541, 0.0, 0.0, 0.0, 0.5636340200901031, 0.42568712681531906, 0.4242054745554924, 0.8030099868774414, 0.8030099868774414, 0.0, 0.5, 0.0, 0.6976744186046512, 0.85, 0.11550601571798325]
[0.8600928059646061, 0.8694199522336323, 0.3333333333333333, 0.42424242424242425, -0.12345528908264936, -0.1518833827281343, 0.0, 0.0, 0.28670845979942194, 0.2866748167953345, 0.6261404321936759, 0.3725012009225379, 0.06091675055878503, 0.06091675055878503, 0.8464640527963638, 0.0, 0.0, 0.0, 0.5652498573064804, 0.43178558349609375, 0.4282912090420723, 0.8055732250213623, 0.8055732250213623, 0.0, 0.5, 0.0, 0.6976744186046512, 0.85, 0.13158757239580154]
[0.7960384615830012, 0.8096358974774678, 0.3333333333333333, 0.42424242424242425, -0.003887179570320254, -0.032315273215805185, 0.3193915784358978, 0.3175768554210663, 0.2696444591646213, 0.2696104970534491, 0.6032146623440044, 0.3953640952798144, 0.11052106640168599, 0.11052106640168599, 0.8722354918718338, 0.0, 0.0, 0.0, 0.541696310043335, 0.4224807545542717, 0.42519526928663254, 0.7725759148597717, 0.7725759148597717, 0.22115257382392883, 0.4115389704704285, 0.0, 0.6976744186046512, 0.8480086326599121, 0.1589762233197689]
[0.7514261500466437, 0.7679977400435342, 0.3333333333333333, 0.42424242424242425, 0.0793891352975471, 0.05096104165206217, 0.0, 0.0, 0.3638324596229976, 0.3638010047817777, 0.5763713800656408, 0.41952884397310186, 0.09947870991059712, 0.09947870991059712, 0.9053933136165142, 0.0, 0.0, 0.0, 0.5216816037893295, 0.42894579470157623, 0.43084267526865005, 0.7486903667449951, 0.7486903667449951, 0.15579824149608612, 0.43768070340156556, 0.0, 0.6976744186046512, 0.7496446967124939, 0.19901113584637642]
[0.6796663974722226, 0.7010219709740745, 0.3333333333333333, 0.42424242424242425, 0.2133406734364665, 0.18491257979098158, 0.9278368949890137, 0.9273424744606018, 0.2978570584357355, 0.2978244639263554, 0.48258847180561626, 0.5149026093195268, 0.11449401399918965, 0.11449401399918965, 0.909985788166523, 0.0, 0.0, 0.0, 0.45907090008258816, 0.40320754051208496, 0.4128393679857254, 0.649222195148468, 0.649222195148468, 0.13416412472724915, 0.44633435010910033, 0.0, 0.6976744186046512, 0.6104042530059814, 0.22493088617920876]
[0.6630419347257841, 0.6855058057440652, 0.3333333333333333, 0.42424242424242425, 0.24437300389648509, 0.21594491025100016, 0.8869243860244751, 0.8846790194511414, 0.24097692715734187, 0.2409427143191744, 0.46492137302632086, 0.5331606730511671, 0.11769861515079226, 0.11769861515079226, 0.9105649180710316, 0.0, 0.0, 0.0, 0.4573583483695984, 0.40270112454891205, 0.4120646119117737, 0.6453229784965515, 0.6453229784965515, 0.13313113152980804, 0.44674754738807676, 0.0, 0.6976744186046512, 0.6021817922592163, 0.21355977281928062]
[0.6622598987250101, 0.6847759054766761, 0.3333333333333333, 0.42424242424242425, 0.24583280443126326, 0.21740471078577833, 0.016420802101492882, 0.016430633142590523, 0.37640247518200265, 0.37637127106777796, 0.4138936087004769, 0.5806563336529599, 0.09814876530851638, 0.09814876530851638, 0.9198563657701015, 0.0, 0.0, 0.0, 0.47032649815082544, 0.42873047292232513, 0.4345191940665245, 0.6621055006980896, 0.6621055006980896, 0.120700903236866, 0.4517196387052536, 0.0, 0.6976744186046512, 0.6210843920707703, 0.18735451623797417]
[0.5773020502002466, 0.6054819135202302, 0.3333333333333333, 0.42424242424242425, 0.40442078834415507, 0.37599269469867014, 0.0, 0.0, 0.3751529088211789, 0.37512598985923634, 0.42153942584991455, 0.5728646532248762, 0.08822802188141006, 0.08822802188141006, 0.9318738430738449, 0.0, 0.0, 0.0, 0.42638943195343015, 0.4243219792842865, 0.4302816689014435, 0.6112518906593323, 0.6112518906593323, 0.10067568719387054, 0.4597297251224518, 0.10550495982170105, 0.6103160041709279, 0.2571365237236023, 0.11127802543342113]
[0.5365158357613143, 0.5674147800438933, 0.3333333333333333, 0.42424242424242425, 0.4805550552968286, 0.4521269616513437, 0.0, 0.0, 0.3727138024215261, 0.3726868378728571, 0.4336963173992091, 0.560772009755817, 0.08348906146628517, 0.08348906146628517, 0.9338961988687515, 0.0, 0.0, 0.0, 0.37722008228302, 0.42334381490945816, 0.42893728613853455, 0.5464658737182617, 0.5464658737182617, 0.09780532121658325, 0.4608778715133667, 0.10368173569440842, 0.6064857265283895, 0.16900712251663208, 0.0685276323929429]
[0.4642857142857143, 0.5, 0.3333333333333333, 0.42424242424242425, 0.6153846153846154, 0.5869565217391305, 0.0, 0.0, 0.37086342580003906, 0.37083648404473324, 0.44597748976136714, 0.5485637398289854, 0.07689564887966428, 0.07689564887966428, 0.9344176463782787, 0.0, 0.0, 0.0, 0.3192012935876846, 0.4292498826980591, 0.4341157302260399, 0.4651597738265991, 0.4651597738265991, 0.0948568806052208, 0.4620572477579117, 0.10143208503723145, 0.6010839550994164, 0.09778353571891785, 0.05275729577988386]
[0.4642857142857143, 0.5, 0.3333333333333333, 0.42424242424242425, 0.6153846153846154, 0.5869565217391305, 0.8809487223625183, 0.876807451248169, 0.25979314479499654, 0.25976458471090347, 0.46722038001904753, 0.5314691618974482, 0.09109257587364743, 0.09109257587364743, 0.9143348149955273, 0.0, 0.0, 0.0, 0.1865060418844223, 0.420809842646122, 0.42991888523101807, 0.2703813910484314, 0.2703813910484314, 0.09251007437705994, 0.46299597024917605, 0.09866131097078323, 0.5639537406522175, 0.06207824498414993, 0.027135268319398165]
[0.4642857142857143, 0.5, 0.3333333333333333, 0.42424242424242425, 0.6153846153846154, 0.5869565217391305, 0.10963630676269531, 0.1089089959859848, 0.36787558057795977, 0.36784853625251956, 0.5295965752455746, 0.46534943598355616, 0.08839736027376993, 0.08839736027376993, 0.9212261475622654, 0.0, 0.0, 0.0, 0.28023748248815533, 0.43029894679784775, 0.4375484585762024, 0.41022583842277527, 0.41022583842277527, 0.09038832038640976, 0.4638446718454361, 0.09404052048921585, 0.5856980764588644, 0.05271904170513153, 0.05124914925545454]
[0.4642857142857143, 0.5, 0.3333333333333333, 0.42424242424242425, 0.6153846153846154, 0.5869565217391305, 0.08384128659963608, 0.08287309855222702, 0.3679971603772836, 0.3679701502418883, 0.5330152207305281, 0.4619673282598168, 0.08851439292941775, 0.08851439292941775, 0.9207972325384617, 0.0, 0.0, 0.0, 0.28631393164396285, 0.42751605063676834, 0.43508315086364746, 0.41901376843452454, 0.41901376843452454, 0.09039736539125443, 0.4638410538434982, 0.09385037422180176, 0.5860627737156181, 0.05317239835858345, 0.05491242278367281]
[0.4642857142857143, 0.5, 0.3333333333333333, 0.42424242424242425, 0.6153846153846154, 0.5869565217391305, 0.017742570489645004, 0.017583241686224937, 0.3696105316081877, 0.3695834986794291, 0.5304174782213243, 0.46439776748311173, 0.08923914815698351, 0.08923914815698351, 0.9154838733375072, 0.0, 0.0, 0.0, 0.2855508029460907, 0.4271424412727356, 0.4332808554172516, 0.41780197620391846, 0.41780197620391846, 0.0914805456995964, 0.46340778172016145, 0.09274066984653473, 0.5784188730772152, 0.05486685410141945, 0.06965687032788992]
[0.4642857142857143, 0.5, 0.3333333333333333, 0.42424242424242425, 0.6153846153846154, 0.5869565217391305, 0.018215361982584, 0.01796104945242405, 0.36981514762965945, 0.3697881033042193, 0.5220035076369292, 0.47264800194293954, 0.0870907652590956, 0.0870907652590956, 0.9159559942781925, 0.0, 0.0, 0.0, 0.29088333696126933, 0.42735279351472855, 0.43326566368341446, 0.4256889224052429, 0.4256889224052429, 0.09151215851306915, 0.46339513659477233, 0.09272453933954239, 0.5782170212546061, 0.05544719099998474, 0.06780122872442007]
[0.4642857142857143, 0.5, 0.3333333333333333, 0.42424242424242425, 0.6153846153846154, 0.5869565217391305, 0.5543633103370667, 0.5529832243919373, 0.2431199135789452, 0.2430903961735975, 0.4757673527269017, 0.5221811171192917, 0.09516927812780654, 0.09516927812780654, 0.9156666994094849, 0.0, 0.0, 0.0, 0.3093861177563667, 0.40223267674446106, 0.41209663450717926, 0.4447469115257263, 0.4447469115257263, 0.09558719396591187, 0.46176512241363527, 0.09758296608924866, 0.5555019960847012, 0.10662607848644257, 0.09172994643449783]
[0.4642857142857143, 0.5, 0.3333333333333333, 0.42424242424242425, 0.6153846153846154, 0.5869565217391305, 0.1435990333557129, 0.1430128663778305, 0.3777278978555654, 0.3777014233642053, 0.4504000860236115, 0.544606624644021, 0.10565898780311858, 0.10565898780311858, 0.9169893227517605, 0.0, 0.0, 0.0, 0.2973151639103889, 0.4297903925180435, 0.434436097741127, 0.42559853196144104, 0.42559853196144104, 0.09884124994277954, 0.46046350002288816, 0.10147599875926971, 0.558632414701373, 0.11758014559745789, 0.09449612349271774]
[0.4642857142857143, 0.5, 0.3333333333333333, 0.42424242424242425, 0.6153846153846154, 0.5869565217391305, 0.019931072369217873, 0.01973622478544712, 0.3951967883976194, 0.3951715219545091, 0.4413131869773792, 0.5532168763580281, 0.10067092520850046, 0.10067092520850046, 0.92337441816926, 0.0, 0.0, 0.0, 0.2766839027404785, 0.4372771382331848, 0.4405958354473114, 0.39991044998168945, 0.39991044998168945, 0.1003538966178894, 0.45985844135284426, 0.10323580354452133, 0.5745436528394389, 0.10826423019170761, 0.09077364578843117]
[0.4642857142857143, 0.5, 0.3333333333333333, 0.42424242424242425, 0.6153846153846154, 0.5869565217391305, 0.0, 0.0, 0.3959901455939386, 0.39596486775414663, 0.4400278122429638, 0.5544078482830566, 0.0973839099918093, 0.0973839099918093, 0.9264440611004829, 0.0, 0.0, 0.0, 0.2725397929549217, 0.43981170281767845, 0.4430089518427849, 0.39416471123695374, 0.39416471123695374, 0.10042540729045868, 0.45982983708381653, 0.10356476157903671, 0.5773236377294674, 0.10578341782093048, 0.08622267283499241]
[0.4642857142857143, 0.5, 0.3333333333333333, 0.42424242424242425, 0.6153846153846154, 0.5869565217391305, 0.0, 0.0, 0.3968007459695207, 0.39677546812972875, 0.4389686901300405, 0.5554107037435312, 0.09560781397989819, 0.09560781397989819, 0.9278699234127998, 0.0, 0.0, 0.0, 0.27289337664842606, 0.44056331366300583, 0.4437859319150448, 0.39484262466430664, 0.39484262466430664, 0.10067696124315262, 0.45972921550273893, 0.1040005311369896, 0.5777717121811801, 0.10333964228630066, 0.08285063318908215]
[0.4642857142857143, 0.5, 0.3333333333333333, 0.42424242424242425, 0.6153846153846154, 0.5869565217391305, 0.9286375641822815, 0.9280388951301575, 0.29775448830132273, 0.2977273414057482, 0.4692654347556499, 0.5286384797638228, 0.11085716741425651, 0.11085716741425651, 0.920542024075985, 0.0, 0.0, 0.0, 0.2561971083283424, 0.4066775366663933, 0.41349729895591736, 0.3668014705181122, 0.3668014705181122, 0.10013040900230408, 0.4599478363990784, 0.10404054075479507, 0.5475680218186489, 0.09239068627357483, 0.07214324083179235]
[0.4642857142857143, 0.5, 0.3333333333333333, 0.42424242424242425, 0.6153846153846154, 0.5869565217391305, 0.16240061819553375, 0.16149012744426727, 0.3520533965604939, 0.3520267397222282, 0.4897534914499943, 0.5052648146288751, 0.09226956005607333, 0.09226956005607333, 0.9173855073750019, 0.0, 0.0, 0.0, 0.2854806140065193, 0.4243963435292244, 0.430718794465065, 0.41877490282058716, 0.41877490282058716, 0.0987807959318161, 0.46048768162727355, 0.1031336560845375, 0.5760883973088375, 0.08729588240385056, 0.059676854871213436]
[0.4642857142857143, 0.5, 0.3333333333333333, 0.42424242424242425, 0.6153846153846154, 0.5869565217391305, 0.05275752767920494, 0.052054889500141144, 0.36132593045499084, 0.36129955853376516, 0.4916527199471658, 0.5032207058168455, 0.08811892143317632, 0.08811892143317632, 0.9172655642032623, 0.0, 0.0, 0.0, 0.31675381809473035, 0.4198063537478447, 0.4275786429643631, 0.4661054313182831, 0.4661054313182831, 0.09795182198286057, 0.4608192712068558, 0.10267003625631332, 0.5806000080219536, 0.08899623900651932, 0.05698111839592457]
[0.8940485609429223, 0.9011119902133942, 0.3333333333333333, 0.42424242424242425, -0.1868393650421729, -0.21526745868765784, 0.0, 0.0, 0.28247962991776476, 0.28245136614739325, 0.46127913889419964, 0.5354036055212444, 0.06627274144973073, 0.06627274144973073, 0.9335774034261703, 0.0, 0.0, 0.0, 0.45388935208320613, 0.45391352474689484, 0.46011822298169136, 0.6721029281616211, 0.6721029281616211, 0.0, 0.5, 0.0, 0.6976744186046512, 0.7024965286254883, 0.0]
[0.9334698312339329, 0.9379051758183373, 0.3333333333333333, 0.42424242424242425, -0.2604257362520592, -0.28885382989754416, 0.0, 0.0, 0.25709343047716426, 0.2570648248063447, 0.4505070381821, 0.5472008498523655, 0.0534546934068203, 0.0534546934068203, 0.9334846995770931, 0.0, 0.0, 0.0, 0.5207139581441879, 0.46253856644034386, 0.46621160954236984, 0.7606269121170044, 0.7606269121170044, 0.06480667740106583, 0.5014294012198373, 0.06640038639307022, 0.7590547528897608, 0.85, 0.0]
[0.9432413031657536, 0.9470252162880368, 0.3333333333333333, 0.42424242424242425, -0.2786658171914581, -0.30709391083694304, 0.0, 0.0, 0.23741197677233022, 0.23738321154796826, 0.4538852710340948, 0.5445518372341, 0.049641574067728865, 0.049641574067728865, 0.9078375734388828, 0.0, 0.0, 0.0, 0.5493175625801086, 0.46234067901968956, 0.46683233976364136, 0.7997440695762634, 0.7997440695762634, 0.10542881488800049, 0.5272991534263368, 0.1090606302022934, 0.7783828736391178, 0.85, 0.0]
[0.945066287404015, 0.948728534910414, 0.3333333333333333, 0.42424242424242425, -0.2820724544362124, -0.31050054808169736, 0.0, 0.0, 0.21646405542785763, 0.21643503947650045, 0.45994918034135956, 0.5391520980388617, 0.049717232052768984, 0.049717232052768984, 0.8875667043030262, 0.0, 0.0, 0.0, 0.5677046656608581, 0.4555121436715126, 0.4631691537797451, 0.8224893808364868, 0.8224893808364868, 0.12903191149234772, 0.496245760293234, 0.13499610126018524, 0.7714780004218568, 0.85, 0.0]
[0.9450264622767766, 0.9486913647916582, 0.3333333333333333, 0.42424242424242425, -0.2819981141987009, -0.31042620784418584, 0.0, 0.0, 0.21019585775371719, 0.21017153723517978, 0.46185808462121064, 0.5372153815821475, 0.050171991544110436, 0.050171991544110436, 0.8747047483921051, 0.0, 0.0, 0.0, 0.5679785579442977, 0.45046551898121834, 0.4585961401462555, 0.8227606415748596, 0.8227606415748596, 0.1367393583059311, 0.4822569404329572, 0.1422659456729889, 0.7662282988082532, 0.85, 0.0]
[0.9409034706297374, 0.9448432392544217, 0.3333333333333333, 0.42424242424242425, -0.2743018631242279, -0.3027299567697128, 0.0, 0.0, 0.20527023475894968, 0.20524589144704902, 0.45813705668166765, 0.5411052385383486, 0.05198348579662187, 0.05198348579662187, 0.8680374585092068, 0.0, 0.0, 0.0, 0.5635532855987548, 0.448474396020174, 0.45668285340070724, 0.8150870203971863, 0.8150870203971863, 0.14324553310871124, 0.45676735705799526, 0.14789831638336182, 0.7545308409215407, 0.85, 0.0]
[0.938966426111403, 0.9430353310373094, 0.3333333333333333, 0.42424242424242425, -0.2706860466900034, -0.29911414033548833, 0.0, 0.0, 0.19913530987945616, 0.1991109893609187, 0.45564996740330244, 0.5438112637686178, 0.0530777924827167, 0.0530777924827167, 0.8654338046908379, 0.0, 0.0, 0.0, 0.5581699639558791, 0.44763217866420746, 0.45610104873776436, 0.8064708113670349, 0.8064708113670349, 0.0, 0.5, 0.15175820887088776, 0.7476343920584335, 0.85, 0.0]
[0.9300604632922581, 0.9347230990727742, 0.3333333333333333, 0.42424242424242425, -0.25406158276093305, -0.282489676406418, 0.0, 0.0, 0.19557578431488676, 0.19555146379634936, 0.44710285508609865, 0.5526846064528083, 0.05283850112131664, 0.05283850112131664, 0.8573443219065666, 0.0, 0.0, 0.0, 0.5504899650812148, 0.44543130695819855, 0.4545755572617054, 0.7924479842185974, 0.7924479842185974, 0.0, 0.5, 0.0, 0.6976744186046512, 0.85, 0.0]
[0.9276417387383324, 0.9324656228224436, 0.3333333333333333, 0.42424242424242425, -0.2495466302602718, -0.2779747239057567, 0.0, 0.0, 0.19096274950308278, 0.19093849736463497, 0.4474943766858336, 0.552481433179998, 0.05265301891735622, 0.05265301891735622, 0.8518930673599243, 0.0, 0.0, 0.0, 0.5446074664592743, 0.4423963353037834, 0.45238183811306953, 0.7837997674942017, 0.7837997674942017, 0.0, 0.5, 0.0, 0.6976744186046512, 0.85, 0.0]
[0.9145995506218502, 0.9202929139137268, 0.3333333333333333, 0.42424242424242425, -0.2252012124428382, -0.2536293060883231, 0.0, 0.0, 0.2154953374917375, 0.21547133608028496, 0.4722428748074271, 0.5272788670454558, 0.05355090435062136, 0.05355090435062136, 0.8489948138594627, 0.0, 0.0, 0.0, 0.5406150728464126, 0.43987132236361504, 0.4499581679701805, 0.7790380716323853, 0.7790380716323853, 0.0, 0.5, 0.0, 0.6976744186046512, 0.85, 0.0]
[0.9092428492648261, 0.9152933259805043, 0.3333333333333333, 0.42424242424242425, -0.21520203657639325, -0.24363013022187818, 0.0, 0.0, 0.21689288976315557, 0.21686886555833979, 0.4777366209554399, 0.5217614286209789, 0.05370292546493667, 0.05370292546493667, 0.8474594429135323, 0.0, 0.0, 0.0, 0.5395437240600586, 0.43969208002090454, 0.4494226984679699, 0.7775470018386841, 0.7775470018386841, 0.0, 0.5, 0.0, 0.6976744186046512, 0.85, 0.0]
[0.9024414448511033, 0.9089453485276964, 0.3333333333333333, 0.42424242424242425, -0.20250608167077733, -0.23093417531626226, 0.0, 0.0, 0.21716041546706716, 0.21713643684897777, 0.4839422195067141, 0.5156594857380399, 0.053018895643098016, 0.053018895643098016, 0.844408206641674, 0.0, 0.0, 0.0, 0.5374795496463776, 0.43913212418556213, 0.44831034168601036, 0.773764431476593, 0.773764431476593, 0.0, 0.5, 0.0, 0.6976744186046512, 0.85, 0.0]
[0.8828025304135823, 0.8906156950526767, 0.3333333333333333, 0.42424242424242425, -0.16584677472073805, -0.19427486836622299, 0.0, 0.0, 0.24889306219768342, 0.2488696990004005, 0.557757573191568, 0.44219514557275397, 0.05218042326825006, 0.05218042326825006, 0.8366954326629639, 0.0, 0.0, 0.0, 0.528308007121086, 0.43744297325611115, 0.44554378464818, 0.7619045972824097, 0.7619045972824097, 0.0, 0.5, 0.0, 0.6976744186046512, 0.85, 0.0]
[0.8629701847121829, 0.8721055057313707, 0.3333333333333333, 0.42424242424242425, -0.12882639607812596, -0.1572544897236109, 0.0, 0.0, 0.2647756372309552, 0.26475279828102594, 0.607328078031084, 0.39402541826554915, 0.05191067499773843, 0.05191067499773843, 0.8332491219043732, 0.0, 0.0, 0.0, 0.5190490961074828, 0.4340677931904793, 0.4431263767182827, 0.7512645721435547, 0.7512645721435547, 0.0, 0.5, 0.0, 0.6976744186046512, 0.85, 0.0]
[0.8557138159161523, 0.8653328948550754, 0.3333333333333333, 0.42424242424242425, -0.11528117432553542, -0.14370926797102035, 0.0, 0.0, 0.2689858221415124, 0.26896307436503597, 0.532642044939001, 0.46737685435538034, 0.051691449646438875, 0.051691449646438875, 0.8334503024816513, 0.0, 0.0, 0.0, 0.5176967203617096, 0.42733699828386307, 0.4377252198755741, 0.7474660873413086, 0.7474660873413086, 0.0, 0.5, 0.0, 0.6976744186046512, 0.85, 0.0]
[0.841850431902068, 0.8523937364419301, 0.3333333333333333, 0.42424242424242425, -0.08940285749924481, -0.11783095114472975, 0.0, 0.0, 0.28321658493683854, 0.28319399671390455, 0.4869501827209903, 0.5122273665262631, 0.05180201094065394, 0.05180201094065394, 0.8412914648652077, 0.0, 0.0, 0.0, 0.5029326349496841, 0.42227867245674133, 0.4333754852414131, 0.724554717540741, 0.724554717540741, 0.0, 0.5, 0.0, 0.6976744186046512, 0.85, 0.0]
[0.8319809316169648, 0.8431822028425005, 0.3333333333333333, 0.42424242424242425, -0.07097979030038548, -0.09940788394587041, 0.0, 0.0, 0.28223453288324474, 0.28221178510676836, 0.439072952671671, 0.5598572287522534, 0.05223762510078294, 0.05223762510078294, 0.8485211879014969, 0.0, 0.0, 0.0, 0.4849504768848419, 0.42258618026971817, 0.4339250326156616, 0.6981366872787476, 0.6981366872787476, 0.1251206398010254, 0.45091205811689766, 0.13471587002277374, 0.7411363796699186, 0.85, 0.0]
[0.812942161446526, 0.8254126840167575, 0.3333333333333333, 0.42424242424242425, -0.035440752648899676, -0.0638688462943846, 0.0, 0.0, 0.282426726521771, 0.28240388757184176, 0.4239747884396613, 0.5749191387155037, 0.052518509328365326, 0.052518509328365326, 0.8516872748732567, 0.0, 0.0, 0.0, 0.4748000234365463, 0.4226142466068268, 0.4342678338289261, 0.6843156814575195, 0.6843156814575195, 0.1162802129983902, 0.45348791480064393, 0.1289936751127243, 0.7415350836290177, 0.85, 0.0]
[0.8138265808423361, 0.8262381421195136, 0.3333333333333333, 0.42424242424242425, -0.03709166885441184, -0.06551976249989677, 0.0, 0.0, 0.2813897880495848, 0.28136692630629234, 0.4128138528955142, 0.586296257912948, 0.05136493061270033, 0.05136493061270033, 0.8560371547937393, 0.0, 0.0, 0.0, 0.47191751003265375, 0.42527759820222855, 0.4376164376735687, 0.6805617213249207, 0.6805617213249207, 0.10878050327301025, 0.4564877986907959, 0.12147911638021469, 0.7388900616747696, 0.85, 0.0]
[0.810755540217672, 0.823371837536494, 0.3333333333333333, 0.42424242424242425, -0.03135905968837249, -0.059787153333857423, 0.0, 0.0, 0.2815214197220811, 0.28149874032569433, 0.42745989937171425, 0.5718074628494844, 0.05103120314223426, 0.05103120314223426, 0.8561417236924171, 0.0, 0.0, 0.0, 0.4749783486127853, 0.42559824883937836, 0.43850117176771164, 0.6858554482460022, 0.6858554482460022, 0.0, 0.5, 0.0, 0.6976744186046512, 0.85, 0.0]
[0.8162410656611124, 0.828491661283705, 0.3333333333333333, 0.42424242424242425, -0.04159870718279446, -0.07002680082827939, 0.0, 0.0, 0.24203871039541913, 0.2420151420578674, 0.39078439216540833, 0.6090404159429602, 0.04995526745915413, 0.04995526745915413, 0.8555360287427902, 0.0, 0.0, 0.0, 0.46964515745639795, 0.4278443232178688, 0.44005926698446274, 0.6775641441345215, 0.6775641441345215, 0.0, 0.5, 0.0, 0.6976744186046512, 0.85, 0.0]
[0.8245738127401896, 0.8362688918908436, 0.3333333333333333, 0.42424242424242425, -0.05715316839707196, -0.0855812620425569, 0.0, 0.0, 0.2335356918393312, 0.23351191836151064, 0.3874788188569632, 0.6124718599013521, 0.04949785768985748, 0.04949785768985748, 0.8551072925329208, 0.0, 0.0, 0.0, 0.4691917926073074, 0.42814774811267853, 0.4402843564748764, 0.6767582893371582, 0.6767582893371582, 0.0, 0.5, 0.0, 0.6976744186046512, 0.85, 0.0]
[0.8485864308618364, 0.8586806688043807, 0.3333333333333333, 0.42424242424242425, -0.10197672222414578, -0.1304048158696307, 0.0, 0.0, 0.2263311428048187, 0.22630727815354534, 0.4036516217838966, 0.5961955494629443, 0.04585678423089641, 0.04585678423089641, 0.8510797396302223, 0.0, 0.0, 0.0, 0.46780764460563656, 0.42997582256793976, 0.4415779933333397, 0.6735253930091858, 0.6735253930091858, 0.0, 0.5, 0.0, 0.6976744186046512, 0.85, 0.0]
[0.8438704439571926, 0.8542790810267131, 0.3333333333333333, 0.42424242424242425, -0.09317354666881073, -0.12160164031429566, 0.0, 0.0, 0.23198603945526064, 0.23196237994425611, 0.401431069547314, 0.5983477956883487, 0.043814109106148996, 0.043814109106148996, 0.8463970497250557, 0.0, 0.0, 0.0, 0.47144447267055506, 0.42848075926303864, 0.4396703541278839, 0.6746719479560852, 0.6746719479560852, 0.0, 0.5, 0.0, 0.6976744186046512, 0.85, 0.0]
[0.8070927283593587, 0.8199532131354015, 0.3333333333333333, 0.42424242424242425, -0.024521810886187434, -0.052949904531672365, 0.0, 0.0, 0.24836462086518912, 0.24834226057588715, 0.38384871364323636, 0.6155402169806046, 0.04470818942146642, 0.04470818942146642, 0.8421904966235161, 0.0, 0.0, 0.0, 0.4563765794038772, 0.425501324236393, 0.436628982424736, 0.6512537002563477, 0.6512537002563477, 0.0, 0.5, 0.0, 0.6976744186046512, 0.85, 0.0]
[0.8123977013996668, 0.8249045213063557, 0.3333333333333333, 0.42424242424242425, -0.03442442722809613, -0.06285252087358106, 0.0, 0.0, 0.28848837073856737, 0.2884671501174256, 0.4722493110833615, 0.5265779654286281, 0.04529557856065887, 0.04529557856065887, 0.8417147248983383, 0.0, 0.0, 0.0, 0.45640219748020167, 0.41997847706079483, 0.43103739619255066, 0.6518500447273254, 0.6518500447273254, 0.0, 0.5, 0.0, 0.6976744186046512, 0.85, 0.0]
[0.7796445056086494, 0.7943348719014062, 0.3333333333333333, 0.42424242424242425, 0.02671487158180308, -0.0017132220636818518, 0.0, 0.0, 0.297869366851865, 0.2978482829909024, 0.5095885154394073, 0.48930466238394243, 0.04620832258037159, 0.04620832258037159, 0.8426100537180901, 0.0, 0.0, 0.0, 0.4563391536474228, 0.42075661569833755, 0.43171417713165283, 0.6523908376693726, 0.6523908376693726, 0.0, 0.5, 0.0, 0.6976744186046512, 0.85, 0.0]
[0.7774111231168112, 0.7922503815756904, 0.3333333333333333, 0.42424242424242425, 0.030883852233234643, 0.0024557585877497123, 0.0, 0.0, 0.29846983521208026, 0.2984488653179337, 0.5192334843411273, 0.47986969158658055, 0.04956676757761411, 0.04956676757761411, 0.8435158506035805, 0.0, 0.0, 0.0, 0.4510096132755279, 0.424056313931942, 0.43478066474199295, 0.6494300961494446, 0.6494300961494446, 0.0, 0.5, 0.0, 0.6976744186046512, 0.85, 0.0]
[0.7763160296848842, 0.7912282943725586, 0.3333333333333333, 0.42424242424242425, 0.03292802663949823, 0.0044999329940133, 0.0, 0.0, 0.3039112492227646, 0.3038904160887972, 0.5233385077967927, 0.47575886294622444, 0.04975349775382451, 0.04975349775382451, 0.8442341089248657, 0.0, 0.0, 0.0, 0.4529744863510132, 0.42369939386844635, 0.4340904802083969, 0.6514606475830078, 0.6514606475830078, 0.0, 0.5, 0.0, 0.6976744186046512, 0.85, 0.0]
[0.7506761958911305, 0.7672977828317218, 0.3333333333333333, 0.42424242424242425, 0.08078904972117174, 0.052360956075686804, 0.0, 0.0, 0.3033474097972162, 0.30332625755616405, 0.4742703985985561, 0.52386362062079, 0.05166457699877876, 0.05166457699877876, 0.8425096943974495, 0.0, 0.0, 0.0, 0.4486639946699142, 0.4188033565878868, 0.42762209475040436, 0.6455376148223877, 0.6455376148223877, 0.0, 0.5, 0.0, 0.6976744186046512, 0.85, 0.0]
[0.7540893955599695, 0.7704834358559715, 0.3333333333333333, 0.42424242424242425, 0.07441774367267251, 0.04598965002718758, 0.0, 0.0, 0.3148937868114639, 0.31487305624763096, 0.4769931911966313, 0.5213760954193535, 0.051421062754733224, 0.051421062754733224, 0.8633546531200409, 0.0, 0.0, 0.0, 0.44664273262023924, 0.4221528023481369, 0.4316311478614807, 0.6455605030059814, 0.6455605030059814, 0.0, 0.5, 0.0, 0.6976744186046512, 0.85, 0.0]
[0.7605006556425775, 0.7764672785997391, 0.3333333333333333, 0.42424242424242425, 0.06245005818513727, 0.03402196453965234, 0.0, 0.0, 0.337866545179378, 0.3378463502595803, 0.4775701539010436, 0.5206533748555999, 0.04879254315580641, 0.04879254315580641, 0.8835392966866493, 0.0, 0.0, 0.0, 0.43240736424922943, 0.44062047451734543, 0.4496068134903908, 0.6343790292739868, 0.6343790292739868, 0.0, 0.5, 0.0, 0.6976744186046512, 0.85, 0.0]
[0.7614701713124912, 0.7773721598916583, 0.3333333333333333, 0.42424242424242425, 0.06064029560129869, 0.03221220195581376, 0.0, 0.0, 0.33773983687333353, 0.33771965335021736, 0.4657370648694084, 0.5325298040427802, 0.04839227135692324, 0.04839227135692324, 0.8850766904652119, 0.0, 0.0, 0.0, 0.4293096631765365, 0.44110141322016716, 0.4501444883644581, 0.6301747560501099, 0.6301747560501099, 0.0, 0.5, 0.0, 0.6976744186046512, 0.85, 0.0]
[0.8122678661630267, 0.8247833417521583, 0.3333333333333333, 0.42424242424242425, -0.03418206811970115, -0.06261016176518608, 0.0, 0.0, 0.24404302199529643, 0.24402063891263126, 0.41121172449100996, 0.5879712680962933, 0.04624519497156143, 0.04624519497156143, 0.8649216592311859, 0.0, 0.0, 0.0, 0.44161103367805477, 0.4361143410205841, 0.44642507284879684, 0.6376006603240967, 0.6376006603240967, 0.0, 0.5, 0.0, 0.6976744186046512, 0.85, 0.0]
[0.8080634857927049, 0.8208592534065247, 0.3333333333333333, 0.42424242424242425, -0.026333891428433898, -0.05476198507391883, 0.0, 0.0, 0.2432136626817984, 0.24319130239249642, 0.41021303328227815, 0.5890022033664459, 0.04532732734722751, 0.04532732734722751, 0.8592914789915085, 0.0, 0.0, 0.0, 0.4396057307720184, 0.43357665091753006, 0.44393646344542503, 0.6342543959617615, 0.6342543959617615, 0.0, 0.5, 0.0, 0.6976744186046512, 0.85, 0.0]
[0.8069873736018226, 0.8198548820283678, 0.3333333333333333, 0.42424242424242425, -0.0243251486721201, -0.05275324231760503, 0.0, 0.0, 0.23611715418886725, 0.23608989332647667, 0.41082294379320017, 0.5885184313274884, 0.044065300109131, 0.044065300109131, 0.8573576882481575, 0.0, 0.0, 0.0, 0.4383949428796768, 0.4340101033449173, 0.4439997896552086, 0.6329920291900635, 0.6329920291900635, 0.0, 0.5, 0.0, 0.6976744186046512, 0.85, 0.0]
[0.7954338824465161, 0.8090716236167483, 0.3333333333333333, 0.42424242424242425, -0.0027586318488813655, -0.031186725494366296, 0.0, 0.0, 0.23543611128973002, 0.23540882763397625, 0.40870022067148415, 0.5907874166117065, 0.042932327570659776, 0.042932327570659776, 0.8558983355760574, 0.0, 0.0, 0.0, 0.43530569076538084, 0.4316040873527527, 0.4423746094107628, 0.6290605664253235, 0.6290605664253235, 0.0, 0.5, 0.0, 0.6976744186046512, 0.85, 0.0]
[0.7881991735526493, 0.8023192286491394, 0.3333333333333333, 0.42424242424242425, 0.01074615808633661, -0.01768193555914832, 0.0, 0.0, 0.23602882990645635, 0.23600168301088176, 0.4018525986097055, 0.5978205481582521, 0.04305042326450348, 0.04305042326450348, 0.8527047708630562, 0.0, 0.0, 0.0, 0.4333332866430282, 0.42502187192440033, 0.43789294734597206, 0.6258754730224609, 0.6258754730224609, 0.0, 0.5, 0.0, 0.6976744186046512, 0.8455093502998352, 0.0]
[0.7701932312477202, 0.7855136824978722, 0.3333333333333333, 0.42424242424242425, 0.04435725038887095, 0.01592915674338602, 0.0, 0.0, 0.23006093479251316, 0.23003374231021217, 0.4259868725763908, 0.5736161504096734, 0.043122999902282445, 0.043122999902282445, 0.8416341990232468, 0.0, 0.0, 0.0, 0.4316375076770782, 0.420214980840683, 0.43346233665943146, 0.623186469078064, 0.623186469078064, 0.0, 0.5, 0.0, 0.6976744186046512, 0.8326261639595032, 0.0]
[0.768254803050132, 0.7837044828467898, 0.3333333333333333, 0.42424242424242425, 0.04797564969103563, 0.019547556045550696, 0.0, 0.0, 0.23347111824137762, 0.23344394855243983, 0.45089651407748743, 0.5483867735816639, 0.04305452374475343, 0.04305452374475343, 0.8362776562571526, 0.0, 0.0, 0.0, 0.4354822218418121, 0.420066773891449, 0.432828851044178, 0.6279188990592957, 0.6279188990592957, 0.0, 0.5, 0.0, 0.6976744186046512, 0.8290947675704956, 0.0]
[0.7653148571650187, 0.7809605333540175, 0.3333333333333333, 0.42424242424242425, 0.05346354867658054, 0.02503545503109561, 0.0, 0.0, 0.24837626827378573, 0.24834928093175362, 0.519659278611608, 0.47952025223365885, 0.04451905776347433, 0.04451905776347433, 0.827692948281765, 0.0, 0.0, 0.0, 0.4449198335409164, 0.41798046976327896, 0.4268629401922226, 0.6420398950576782, 0.6420398950576782, 0.15194584429264069, 0.43922166228294374, 0.0, 0.6976744186046512, 0.8287184238433838, 0.0]
[0.7231771051883698, 0.7416319648424784, 0.3333333333333333, 0.42424242424242425, 0.13212068569965857, 0.10369259205417364, 0.0643555223941803, 0.0, 0.26446268435418036, 0.2644358337723274, 0.5375320248120602, 0.46169678813362164, 0.04470025721405234, 0.04470025721405234, 0.8315873444080353, 0.0, 0.0, 0.0, 0.4457322686910629, 0.42243243008852005, 0.4273185655474663, 0.6420421600341797, 0.6420421600341797, 0.0, 0.5, 0.0, 0.6976744186046512, 0.8303378820419312, 0.0008202181197702885]
[0.6775997128515017, 0.6990930653280683, 0.3333333333333333, 0.42424242424242425, 0.21719848472847902, 0.1887703910829941, 0.19705870747566223, 0.1959947794675827, 0.25690736825333954, 0.2568804037046706, 0.5318170562528971, 0.46728118491167725, 0.05709912361843246, 0.05709912361843246, 0.8346073627471924, 0.0, 0.0, 0.0, 0.44060074687004086, 0.4195839986205101, 0.42603588849306107, 0.6316014528274536, 0.6316014528274536, 0.0, 0.5, 0.0, 0.6976744186046512, 0.8273990154266357, 0.044011976569890976]
[0.6980096914228939, 0.7181423786613677, 0.3333333333333333, 0.42424242424242425, 0.17909985806188017, 0.15067176441639524, 0.0, 0.0, 0.2649318857357105, 0.26490489839367837, 0.533590151976445, 0.4652054674032263, 0.05423094811184066, 0.05423094811184066, 0.8424784243106842, 0.0, 0.0, 0.0, 0.4432678014039993, 0.42572610080242157, 0.43067216128110886, 0.6413373947143555, 0.6413373947143555, 0.0, 0.5, 0.0, 0.6976744186046512, 0.8253495097160339, 0.03293941728770733]
[0.7230048548607599, 0.7414711978700426, 0.3333333333333333, 0.42424242424242425, 0.13244221964453023, 0.1040141259990453, 0.0, 0.0, 0.2711973254129034, 0.2711704976244137, 0.5151222140793591, 0.4832540045682098, 0.049042560692344396, 0.049042560692344396, 0.8579185232520103, 0.0, 0.0, 0.0, 0.4433603852987289, 0.42756256461143494, 0.43265295773744583, 0.6426846981048584, 0.6426846981048584, 0.0, 0.5, 0.0, 0.6976744186046512, 0.810780942440033, 0.010311789810657501]
[0.6830807324676287, 0.7042086836364534, 0.3333333333333333, 0.42424242424242425, 0.20696724811170858, 0.17853915446622365, 0.8302967548370361, 0.8059504628181458, 0.1895096953922658, 0.1894830727440449, 0.4830523438139126, 0.5184944672697994, 0.07051651499101094, 0.07051651499101094, 0.8745386675000191, 0.0, 0.0, 0.0, 0.43797291219234463, 0.4180161878466606, 0.42900004982948303, 0.6291798949241638, 0.6291798949241638, 0.0, 0.5, 0.0, 0.6976744186046512, 0.7529017925262451, 0.009368655155412853]
[0.673560992592857, 0.6953235930866666, 0.3333333333333333, 0.42424242424242425, 0.22473742921128237, 0.19630933556579744, 0.20218218863010406, 0.20170655846595764, 0.2877528972881018, 0.2877262746398809, 0.4897220316227262, 0.5079772106041593, 0.06689144032342094, 0.06689144032342094, 0.8971475884318352, 0.0, 0.0, 0.0, 0.440639591217041, 0.4276120141148567, 0.43282391875982285, 0.6326133608818054, 0.6326133608818054, 0.0, 0.5, 0.0, 0.6976744186046512, 0.7460582256317139, 0.024579931050539017]
[0.6817084330888021, 0.702927870882882, 0.3333333333333333, 0.42424242424242425, 0.20952887361885142, 0.1811007799733665, 0.059744782745838165, 0.05868133530020714, 0.3025710906398912, 0.30254444519830703, 0.48716030191509035, 0.5099436367852231, 0.06008408165403775, 0.06008408165403775, 0.9013210386037827, 0.0, 0.0, 0.0, 0.44342801868915555, 0.4295670986175537, 0.43426355719566345, 0.6376205682754517, 0.6376205682754517, 0.0, 0.5, 0.0, 0.6976744186046512, 0.7493252754211426, 0.027442267164587975]
[0.6723675071483567, 0.6942096733384662, 0.3333333333333333, 0.42424242424242425, 0.22696526870768297, 0.19853717506219803, 0.0, 0.0, 0.3218652509138643, 0.32183868524905146, 0.47917139051521257, 0.517060340197952, 0.0540060390319143, 0.0540060390319143, 0.9118716083467007, 0.0, 0.0, 0.0, 0.43514438867568966, 0.43214570730924606, 0.4360208809375763, 0.6247163414955139, 0.6247163414955139, 0.0, 0.5, 0.0, 0.6976744186046512, 0.657008707523346, 0.061957426369190216]
[0.6291206298129899, 0.6538459211587906, 0.3333333333333333, 0.42424242424242425, 0.30769277306703424, 0.2792646794215493, 0.0, 0.0, 0.33337312993766244, 0.3333465756695312, 0.48636981525794953, 0.5094207313908168, 0.056020574910300124, 0.056020574910300124, 0.9172058179974556, 0.0, 0.0, 0.0, 0.4082221895456314, 0.42147549241781235, 0.4280454069375992, 0.5790156722068787, 0.5790156722068787, 0.0, 0.5, 0.0, 0.6976744186046512, 0.3362821638584137, 0.12074755504727364]
[0.5678455116493362, 0.5966558108727137, 0.3333333333333333, 0.42424242424242425, 0.422072993639188, 0.39364489999370306, 0.24280177056789398, 0.24238939583301544, 0.3209745090732611, 0.32094765849140816, 0.48877400934810167, 0.5069331064684163, 0.062132890203169415, 0.062132890203169415, 0.9205670803785324, 0.0, 0.0, 0.0, 0.373893466591835, 0.41146761924028397, 0.41902343183755875, 0.537460446357727, 0.537460446357727, 0.09972212463617325, 0.4601111501455307, 0.09898921847343445, 0.6109098743560702, 0.18924766778945923, 0.12708056718111038]
[0.4642857142857143, 0.5, 0.3333333333333333, 0.42424242424242425, 0.6153846153846154, 0.5869565217391305, 0.3433980941772461, 0.34249189496040344, 0.2724326117316806, 0.272405236902474, 0.4825941786939282, 0.5142651929175598, 0.08705675335867065, 0.08705675335867065, 0.9202770404517651, 0.0, 0.0, 0.0, 0.28514871597290037, 0.41804803162813187, 0.4242236912250519, 0.4135406017303467, 0.4135406017303467, 0.10104776173830032, 0.4595808953046799, 0.10238805413246155, 0.5781383015388666, 0.09858935326337814, 0.083823436871171]
[0.4642857142857143, 0.5, 0.3333333333333333, 0.42424242424242425, 0.6153846153846154, 0.5869565217391305, 0.17703081667423248, 0.1764407604932785, 0.3390949023157415, 0.3390682568741574, 0.47742855155673125, 0.5176950071504827, 0.07644653054220336, 0.07644653054220336, 0.9232286848127842, 0.0, 0.0, 0.0, 0.17038100138306617, 0.45307060703635216, 0.4562250040471554, 0.2506965696811676, 0.2506965696811676, 0.09753769636154175, 0.4609849214553833, 0.09840469062328339, 0.585415592027265, 0.053793732076883316, 0.07668237201869488]
[0.4642857142857143, 0.5, 0.3333333333333333, 0.42424242424242425, 0.6153846153846154, 0.5869565217391305, 0.11459473520517349, 0.11423133313655853, 0.3561859244826191, 0.3561595297680302, 0.47107967249977883, 0.52366428411207, 0.0638449245265552, 0.0638449245265552, 0.9323628135025501, 0.0, 0.0, 0.0, 0.143680003285408, 0.46740059182047844, 0.46846694499254227, 0.21164090931415558, 0.21164090931415558, 0.09094276279211044, 0.46362289488315583, 0.09097101539373398, 0.5664866088434708, 0.038286011666059494, 0.053663100115954876]
[0.4642857142857143, 0.5, 0.3333333333333333, 0.42424242424242425, 0.6153846153846154, 0.5869565217391305, 0.10296987742185593, 0.1023598164319992, 0.3634101669829388, 0.3633814701386665, 0.46503269296303307, 0.5293098240869173, 0.058397326086248674, 0.058397326086248674, 0.9364026077091694, 0.0, 0.0, 0.0, 0.07644863724708556, 0.47699448838829994, 0.4779956042766571, 0.11410194635391235, 0.11410194635391235, 0.0845470279455185, 0.4661811888217926, 0.08381690084934235, 0.5636102203712907, 0.028346790000796318, 0.03328833729028702]
[0.4642857142857143, 0.5, 0.3333333333333333, 0.42424242424242425, 0.6153846153846154, 0.5869565217391305, 0.09079296886920929, 0.0902230441570282, 0.37489281375367145, 0.3748642422728967, 0.4583172125752524, 0.5356978863598005, 0.05464689540011543, 0.05464689540011543, 0.9398039765655994, 0.0, 0.0, 0.0, 0.07278923951089382, 0.4793344009667635, 0.4802419859915972, 0.10875855386257172, -0.0, 0.07861050218343735, 0.46855579912662504, 0.07782281935214996, 0.5732357432675916, 0.025002634152770042, 0.023708136286586523]
[0.4642857142857143, 0.5, 0.3333333333333333, 0.42424242424242425, 0.6153846153846154, 0.5869565217391305, 0.08782964944839478, 0.08723719418048859, 0.3780801009037755, 0.37805163199313513, 0.4539159309567731, 0.5401223431303164, 0.05247165848101889, 0.05247165848101889, 0.9414917174726725, 0.0, 0.0, 0.0, 0.07095318175852298, 0.48075844906270504, 0.4815843589603901, 0.10605360567569733, -0.0, 0.07604043930768967, 0.46958382427692413, 0.07535027712583542, 0.5729476864947829, 0.02304053120315075, 0.01668813289143145]
[0.4642857142857143, 0.5, 0.3333333333333333, 0.42424242424242425, 0.6153846153846154, 0.5869565217391305, 0.9767226576805115, 0.9766590595245361, 0.3363090746717289, 0.3362811755951686, 0.4640119092870169, 0.5334158661210008, 0.1107256646667208, 0.1107256646667208, 0.8858650214970112, 0.0, 0.0, 0.0, 0.09887998551130295, 0.4520649425685406, 0.45478447526693344, 0.1441081464290619, 0.1441081464290619, 0.09136131405830383, 0.46345547437667844, 0.08952145278453827, 0.5595278774583062, 0.023762008175253868, 0.01088848221115768]
[0.4642857142857143, 0.5, 0.3333333333333333, 0.42424242424242425, 0.6153846153846154, 0.5869565217391305, 0.20790845155715942, 0.2075599879026413, 0.3702433665441509, 0.3702149546169186, 0.4505784953757408, 0.5441230534715766, 0.10145558842590878, 0.10145558842590878, 0.9042892456054688, 0.0, 0.0, 0.0, 0.09928611442446708, 0.46876055002212524, 0.4693937823176384, 0.14710114896297455, 0.14710114896297455, 0.100242480635643, 0.4599030077457428, 0.09782056510448456, 0.5599104769008104, 0.02628175914287567, 0.011397929629310966]
[0.4642857142857143, 0.5, 0.3333333333333333, 0.42424242424242425, 0.6153846153846154, 0.5869565217391305, 0.068448007106781, 0.0679665356874466, 0.42677878239414657, 0.4267515044367336, 0.46020748328068517, 0.5336680290981136, 0.0911772730095046, 0.0911772730095046, 0.9139177836477757, 0.0, 0.0, 0.0, 0.09637715891003608, 0.47327267192304134, 0.4736598841845989, 0.14325664937496185, 0.14325664937496185, 0.10620933771133423, 0.4575162649154663, 0.10458513349294662, 0.5747499022372934, 0.028576267883181572, 0.017754979198798537]
[0.4642857142857143, 0.5, 0.3333333333333333, 0.42424242424242425, 0.6153846153846154, 0.5869565217391305, 0.02747931145131588, 0.02701690047979355, 0.43550051466684725, 0.43547337346961346, 0.4568980351004956, 0.5367047846038706, 0.07996517100504467, 0.07996517100504467, 0.922836858779192, 0.0, 0.0, 0.0, 0.08190296664834022, 0.4763621259480715, 0.4766465984284878, 0.1231352835893631, 0.1231352835893631, 0.10625266283750534, 0.4574989348649979, 0.10480107367038727, 0.5780633764211521, 0.02860003523528576, 0.023843368981033564]
[0.4642857142857143, 0.5, 0.3333333333333333, 0.42424242424242425, 0.6153846153846154, 0.5869565217391305, 0.02395840734243393, 0.023472320288419724, 0.4349540437840595, 0.4349269025868257, 0.4567557304356796, 0.5368661060565239, 0.06820357271603177, 0.06820357271603177, 0.9318844825029373, 0.0, 0.0, 0.0, 0.06412809491157531, 0.48113993369042873, 0.48131548427045345, 0.0, -0.0, 0.10168161243200302, 0.4593273550271988, 0.10020241886377335, 0.5886729789334675, 0.026940645650029182, 0.02634763950482011]
[0.4642857142857143, 0.5, 0.3333333333333333, 0.42424242424242425, 0.6153846153846154, 0.5869565217391305, 0.9125013947486877, 0.9113332629203796, 0.32420586719111777, 0.3241776831975175, 0.4679477703730873, 0.5293379852871544, 0.10210337915590832, 0.10210337915590832, 0.9058213345706463, 0.0, 0.0, 0.0, 0.08931572809815407, 0.46811700984835625, 0.4699419438838959, 0.1303025186061859, 0.1303025186061859, 0.10184690356254578, 0.4592612385749817, 0.09955177456140518, 0.5784581081811772, 0.026448842138051987, 0.023320706095546484]
[0.4642857142857143, 0.5, 0.3333333333333333, 0.42424242424242425, 0.6153846153846154, 0.5869565217391305, 0.029457682743668556, 0.029225528240203857, 0.3928723326148768, 0.39284449052172454, 0.465832076154749, 0.5287382605604136, 0.05901508565459933, 0.05901508565459933, 0.9435890130698681, 0.0, 0.0, 0.0, 0.04366406966000795, 0.483917236328125, 0.4844619417563081, 0.0, -0.0, 0.0762375220656395, 0.4695049911737442, 0.07362100481987, 0.5869699633398722, 0.024490535259246826, 0.02311518881469965]
[0.4642857142857143, 0.5, 0.3333333333333333, 0.42424242424242425, 0.6153846153846154, 0.5869565217391305, 0.19664523005485535, 0.1963874101638794, 0.3182451975733099, 0.3182327637936827, 0.472568019284345, 0.5239787698425202, 0.04420991454805647, 0.04420991454805647, 0.9528073761612177, 0.0, 0.0, 0.0, 0.1035823106765747, 0.47641218453645706, 0.4783015735447407, 0.1515430212020874, 0.1515430212020874, 0.052170198410749435, 0.4791319206357002, 0.05112482234835625, 0.5941800842451495, 0.03360394760966301, 0.01969577046111226]
[0.7834267218907673, 0.7978649404313829, 0.3333333333333333, 0.42424242424242425, 0.019654734521849626, -0.008773359123635305, 0.0, 0.0, 0.3435143416971823, 0.3435028994288545, 0.40486109461884656, 0.5930262320305553, 0.0511472938316209, 0.0511472938316209, 0.9409924075007439, 0.0, 0.0, 0.0, 0.379572793841362, 0.45289208367466927, 0.4553535580635071, 0.5502299666404724, 0.5502299666404724, 0.0, 0.5, 0.0, 0.6976744186046512, 0.646607518196106, 0.025687988381832838]
[0.8743651381560734, 0.8827407956123352, 0.3333333333333333, 0.42424242424242425, -0.150096975840055, -0.17852506948553992, 0.0, 0.0, 0.3046832376410811, 0.30467076967140916, 0.40562997174308585, 0.5929698811383771, 0.04839270508715085, 0.04839270508715085, 0.9351063594222069, 0.0, 0.0, 0.0, 0.40592035949230193, 0.4691949412226677, 0.47064684703946114, 0.6028193831443787, 0.6028193831443787, 0.0, 0.5, 0.0, 0.6976744186046512, 0.8448943495750427, 0.0]
[0.8784653877928144, 0.8865676952732934, 0.3333333333333333, 0.42424242424242425, -0.15775077516197133, -0.18617886880745627, 0.0, 0.0, 0.3043401063514257, 0.3043275927950274, 0.40382156909993683, 0.5948291500206837, 0.04815976800663131, 0.04815976800663131, 0.9320122115314007, 0.0, 0.0, 0.0, 0.4308231115341186, 0.4695202335715294, 0.47098464518785477, 0.6369411945343018, 0.6369411945343018, 0.0, 0.5, 0.0, 0.6976744186046512, 0.85, 0.0]
[0.8886499412003017, 0.896073278453615, 0.3333333333333333, 0.42424242424242425, -0.17676194152261449, -0.20519003516809942, 0.0, 0.0, 0.32656559570341676, 0.3265539027080937, 0.3563112082034634, 0.6437746750870302, 0.051548954631601064, 0.051548954631601064, 0.921137873083353, 0.0, 0.0, 0.0, 0.48649296462535857, 0.4704638086259365, 0.4723553005605936, 0.7216227054595947, 0.7216227054595947, 0.08620967715978622, 0.5343186292383406, 0.0834454670548439, 0.7744413570955743, 0.85, 0.0]
[0.8924110120251065, 0.8995836112234328, 0.3333333333333333, 0.42424242424242425, -0.18378260706225003, -0.21221070070773496, 0.0, 0.0, 0.32535610007510357, 0.3253443614930541, 0.3625462757241885, 0.6373474766095277, 0.05231204043541636, 0.05231204043541636, 0.9205229207873344, 0.0, 0.0, 0.0, 0.49040827453136443, 0.4705381002277136, 0.47246208786964417, 0.7261274456977844, 0.7261274456977844, 0.09161727875471115, 0.5401440253333439, 0.0888671800494194, 0.7784791680616002, 0.85, 0.0]
[0.903802861060415, 0.9102160036563873, 0.3333333333333333, 0.42424242424242425, -0.20504739192815924, -0.23347548557364417, 0.0, 0.0, 0.29774024244932096, 0.29772772889292265, 0.36462834688263235, 0.6352371986641204, 0.06488860185657229, 0.06488860185657229, 0.910475067794323, 0.0, 0.0, 0.0, 0.5096465736627579, 0.47081849724054337, 0.47304292395710945, 0.7519943714141846, 0.7519943714141846, 0.12316719442605972, 0.5677357249789767, 0.12158866971731186, 0.7940703725745512, 0.85, 0.0]
[0.9046798298756281, 0.9110345078839196, 0.3333333333333333, 0.42424242424242425, -0.20668440038322378, -0.2351124940287087, 0.0, 0.0, 0.2883062517665768, 0.28829344189645684, 0.3844607040485506, 0.6150702976081335, 0.0675194284745625, 0.0675194284745625, 0.9050178714096546, 0.0, 0.0, 0.0, 0.5167972087860108, 0.47038646787405014, 0.4729744214564562, 0.7624132037162781, 0.7624132037162781, 0.13173602521419525, 0.5677304267883301, 0.13032208383083344, 0.7944663284822953, 0.85, 0.0]
[0.9057443581876301, 0.912028067641788, 0.3333333333333333, 0.42424242424242425, -0.2086715198989607, -0.23709961354444564, 0.0, 0.0, 0.2902211450026094, 0.2902084035125791, 0.3744128653013911, 0.6253241313752385, 0.06846615512456213, 0.06846615512456213, 0.9021766111254692, 0.0, 0.0, 0.0, 0.5244710117578506, 0.46982302889227867, 0.4726448468863964, 0.7724751830101013, 0.7724751830101013, 0.13577190041542053, 0.5646882009884667, 0.13448281586170197, 0.7933840129611104, 0.85, 0.0]
[0.9047129140013741, 0.9110653864012824, 0.3333333333333333, 0.42424242424242425, -0.20674615741794944, -0.23517425106343437, 0.0, 0.0, 0.2779719916174106, 0.2779589082269322, 0.37869939658199625, 0.6211502505939226, 0.06745400971599988, 0.06745400971599988, 0.9009199813008308, 0.0, 0.0, 0.0, 0.5171750962734222, 0.46976785734295845, 0.4726920910179615, 0.7633777856826782, 0.7633777856826782, 0.1354028880596161, 0.5522971285714043, 0.1342018097639084, 0.7866955938380819, 0.85, 0.0]
[0.9036665331749689, 0.9100887642966377, 0.3333333333333333, 0.42424242424242425, -0.2047929132086599, -0.23322100685414482, 0.0, 0.0, 0.26754856383139497, 0.267535298094011, 0.37305402755737305, 0.6272010907565608, 0.06583293101617269, 0.06583293101617269, 0.8959694355726242, 0.0, 0.0, 0.0, 0.5147648483514785, 0.46826934814453125, 0.4719336424022913, 0.7585210800170898, 0.7585210800170898, 0.13846245408058167, 0.4943062322480338, 0.1368122547864914, 0.7663752745057262, 0.85, 0.0]
[0.8971516213246754, 0.9040081799030304, 0.3333333333333333, 0.42424242424242425, -0.19263174442144537, -0.2210598380669303, 0.0, 0.0, 0.2537756285293608, 0.2537619525114391, 0.3751956577738658, 0.6251611531299974, 0.06408512592315674, 0.06408512592315674, 0.8825446031987667, 0.0, 0.0, 0.0, 0.518591371178627, 0.4597231224179268, 0.46481191366910934, 0.7631331086158752, 0.7631331086158752, 0.15101586282253265, 0.477658477567491, 0.1482992321252823, 0.7566953311825908, 0.85, 0.0]
[0.8903790080831164, 0.8976870742109087, 0.3333333333333333, 0.42424242424242425, -0.1799895330372019, -0.20841762668268682, 0.0, 0.0, 0.2990793297441238, 0.29906695294790464, 0.383670503733035, 0.6162617010044044, 0.062059259840420315, 0.062059259840420315, 0.879699494689703, 0.0, 0.0, 0.0, 0.5060442924499512, 0.458603098988533, 0.46326709166169167, 0.7484557628631592, 0.7484557628631592, 0.14925846457481384, 0.4481154235582503, 0.14627961814403534, 0.7438682270951049, 0.85, 0.0]
[0.8886440694332123, 0.8960677981376648, 0.3333333333333333, 0.42424242424242425, -0.17675098089071417, -0.2051790745361991, 0.0, 0.0, 0.3135353137612571, 0.3135233016588492, 0.3807989274566534, 0.6191607090934006, 0.062004157475062785, 0.062004157475062785, 0.8793833591043949, 0.0, 0.0, 0.0, 0.5050248056650162, 0.4583967626094818, 0.4629954472184181, 0.7475740313529968, 0.7475740313529968, 0.14872556924819946, 0.44559743480076863, 0.14561593532562256, 0.7427763834942219, 0.85, 0.0]
[0.887791776231357, 0.8952723244825999, 0.3333333333333333, 0.42424242424242425, -0.1751600335805843, -0.20358812722606923, 0.0, 0.0, 0.31256071513743067, 0.3125486802416595, 0.3893853127386556, 0.6103321443273684, 0.06069755979946682, 0.06069755979946682, 0.8806851953268051, 0.0, 0.0, 0.0, 0.49829772412776946, 0.4592445269227028, 0.4631858468055725, 0.7367528080940247, 0.7367528080940247, 0.14469771087169647, 0.4595309252303744, 0.14059461653232574, 0.7504758996845678, 0.85, 0.0]
[0.8819745757750102, 0.8898429373900095, 0.3333333333333333, 0.42424242424242425, -0.16430125939540363, -0.19272935304088856, 0.0, 0.0, 0.3337420291244186, 0.3337305868560908, 0.38812155750923816, 0.6114953295399942, 0.058692877313920436, 0.058692877313920436, 0.88545698300004, 0.0, 0.0, 0.0, 0.4962550163269043, 0.46127525717020035, 0.46451345831155777, 0.7322962284088135, 0.7322962284088135, 0.13393262028694153, 0.47186036478905447, 0.12991668283939362, 0.7538257911801338, 0.85, 0.0]
[0.8786923111904235, 0.8867794904443953, 0.3333333333333333, 0.42424242424242425, -0.15817436550417507, -0.18660245914966, 0.0, 0.0, 0.3269001566885078, 0.326888486486548, 0.387868687937866, 0.6116064585822896, 0.057839918881654746, 0.057839918881654746, 0.8858844377100468, 0.0, 0.0, 0.0, 0.5061619520187378, 0.46094710752367973, 0.463986549526453, 0.744188666343689, 0.744188666343689, 0.13143795728683472, 0.472005781200197, 0.12748602032661438, 0.7527556447961996, 0.85, 0.0]
[0.9242191016674042, 0.9292711615562439, 0.3333333333333333, 0.42424242424242425, -0.24315770772787237, -0.2715858013733573, 0.0, 0.0, 0.21111262961509808, 0.21109779113565302, 0.4946408849886225, 0.5046276375572216, 0.054286420345306396, 0.054286420345306396, 0.8772565610706806, 0.0, 0.0, 0.0, 0.5151952236890792, 0.45400455594062805, 0.45920976251363754, 0.7541889548301697, 0.7541889548301697, 0.0, 0.5, 0.13044005632400513, 0.7355072386129651, 0.85, 0.0]
[0.9196727573871613, 0.9250279068946838, 0.3333333333333333, 0.42424242424242425, -0.23467119840475226, -0.2630992920502372, 0.0, 0.0, 0.2074804616020013, 0.20746564591591948, 0.49409279399631584, 0.5058037694001467, 0.051797841276441305, 0.051797841276441305, 0.8301301151514053, 0.0, 0.0, 0.0, 0.5141738384962081, 0.43798792734742165, 0.44713613763451576, 0.7512254118919373, 0.7512254118919373, 0.29878535866737366, 0.38048585653305056, 0.2950177490711212, 0.6273768287758494, 0.85, 0.0]
[0.9186014880736669, 0.9240280555354224, 0.3333333333333333, 0.42424242424242425, -0.23267149568622947, -0.2610995893317144, 0.0, 0.0, 0.20708271741411194, 0.2070679245213934, 0.49343210592666503, 0.5065921063582204, 0.05179623407976968, 0.05179623407976968, 0.8264890909194946, 0.0, 0.0, 0.0, 0.5122277200222015, 0.43622539937496185, 0.44566013291478157, 0.7470055222511292, 0.7470055222511292, 0.30578696727752686, 0.3776852130889893, 0.3025992512702942, 0.6207804711059083, 0.85, 0.0]
[0.9185417415130706, 0.9239722920788659, 0.3333333333333333, 0.42424242424242425, -0.23255996877311635, -0.2609880624186013, 0.0, 0.0, 0.18349851568160047, 0.183483403681797, 0.49457144963752697, 0.5061796832444284, 0.05002466695649284, 0.05002466695649284, 0.8240829333662987, 0.0, 0.0, 0.0, 0.4859650194644928, 0.4342482089996338, 0.4431020990014076, 0.7085105776786804, 0.7085105776786804, 0.0, 0.5, 0.0, 0.6976744186046512, 0.85, 0.0]
[0.9172618559428624, 0.9227777322133381, 0.3333333333333333, 0.42424242424242425, -0.23017084904206098, -0.2585989426875459, 0.0, 0.0, 0.18667825822848433, 0.1866632374021337, 0.4863322589183173, 0.5144679056932041, 0.04954369206513678, 0.04954369206513678, 0.819413498044014, 0.0, 0.0, 0.0, 0.4714227765798568, 0.4294162467122078, 0.4385254345834255, 0.6888006925582886, 0.6888006925582886, 0.3430206775665283, 0.3627917289733886, 0.0, 0.6976744186046512, 0.85, 0.0]
[0.9171466735147294, 0.9226702286137475, 0.3333333333333333, 0.42424242424242425, -0.22995584184287954, -0.25838393548836447, 0.0, 0.0, 0.18048691977506381, 0.18047187615535, 0.48389952753743526, 0.517171637341301, 0.04905845437731062, 0.04905845437731062, 0.8141364231705666, 0.0, 0.0, 0.0, 0.4656669288873672, 0.42631862312555313, 0.4357585534453392, 0.679696798324585, 0.679696798324585, 0.34878772497177124, 0.36048491001129146, 0.0, 0.6976744186046512, 0.85, 0.0]
[0.9173062223763693, 0.9228191408846114, 0.3333333333333333, 0.42424242424242425, -0.2302536663846072, -0.25868176003009213, 0.0, 0.0, 0.1779800145165642, 0.17796483413667114, 0.4790853754854111, 0.5220426673820274, 0.04790756718388626, 0.04790756718388626, 0.8106066063046455, 0.0, 0.0, 0.0, 0.4579551577568054, 0.42417899519205093, 0.4339117780327797, 0.6682153344154358, 0.6682153344154358, 0.3550880253314972, 0.3579647898674011, 0.0, 0.6976744186046512, 0.85, 0.0]
[0.9146217072293872, 0.9203135934140947, 0.3333333333333333, 0.42424242424242425, -0.22524257144357396, -0.2536706650890589, 0.0, 0.0, 0.17185288496728607, 0.17183759062057696, 0.47365325974232836, 0.5277128726250304, 0.04687065125576088, 0.04687065125576088, 0.8090150058269501, 0.0, 0.0, 0.0, 0.4346259981393814, 0.42219992727041245, 0.4326804652810097, 0.6339504718780518, 0.6339504718780518, 0.35793983936309814, 0.35682406425476076, 0.3733350336551666, 0.6189657643783925, 0.85, 0.0]
[0.9091372106756482, 0.9151947299639384, 0.3333333333333333, 0.42424242424242425, -0.2150048445432613, -0.24343293818874623, 0.0, 0.0, 0.17289577250726818, 0.17288050095392227, 0.47065906656859713, 0.5307038006494829, 0.046829957781093466, 0.046829957781093466, 0.8100884631276131, 0.0, 0.0, 0.0, 0.4279640048742294, 0.4221697673201561, 0.4327760338783264, 0.6234821677207947, 0.6234821677207947, 0.35523781180381775, 0.3579048752784729, 0.3710114657878876, 0.614057878075644, 0.85, 0.0]
[0.9034603294872102, 0.9098963075213962, 0.3333333333333333, 0.42424242424242425, -0.20440799965817702, -0.23283609330366195, 0.0, 0.0, 0.18511148802864846, 0.18509642161557138, 0.4697718463026087, 0.5312380371945715, 0.047943259456327984, 0.047943259456327984, 0.8133718147873878, 0.0, 0.0, 0.0, 0.43556341528892517, 0.42367538064718246, 0.4340127408504486, 0.6374211311340332, 0.6374211311340332, 0.3513648211956024, 0.359454071521759, 0.3640647828578949, 0.6164407504852428, 0.85, 0.0]
[0.9012696281785058, 0.9078516529666053, 0.3333333333333333, 0.42424242424242425, -0.2003186905485952, -0.22874678419408012, 0.0, 0.0, 0.19323985207377153, 0.1932249224208737, 0.4681352657296234, 0.5325165326070552, 0.04839418189866203, 0.04839418189866203, 0.8207254037261009, 0.0, 0.0, 0.0, 0.45497828722000117, 0.42480118572711945, 0.43476881086826324, 0.6651667952537537, 0.6651667952537537, 0.31975916028022766, 0.3720963358879089, 0.0, 0.6976744186046512, 0.85, 0.0]
[0.8898519327243168, 0.8971951372093625, 0.3333333333333333, 0.42424242424242425, -0.17900565903410948, -0.2074337526795944, 0.0, 0.0, 0.2134558101457118, 0.21344108563308278, 0.47122650734553145, 0.5285799150662436, 0.04747525921889714, 0.04747525921889714, 0.8401044681668282, 0.0, 0.0, 0.0, 0.4590009301900863, 0.4318867474794388, 0.43857645615935326, 0.6719606518745422, 0.6719606518745422, 0.0, 0.5, 0.0, 0.6976744186046512, 0.85, 0.0]
[0.8770700359628314, 0.8852653668986427, 0.3333333333333333, 0.42424242424242425, -0.1551461184126699, -0.18357421205815483, 0.0, 0.0, 0.23623549733061633, 0.23622706378623132, 0.4702656502705459, 0.5290042135222641, 0.04548386670649052, 0.04548386670649052, 0.8509542793035507, 0.0, 0.0, 0.0, 0.4603446692228317, 0.4374277889728546, 0.44300926476716995, 0.6745834350585938, 0.6745834350585938, 0.0, 0.5, 0.0, 0.6976744186046512, 0.85, 0.0]
[0.8658309947876703, 0.874775595135159, 0.3333333333333333, 0.42424242424242425, -0.1341665748857025, -0.16259466853118743, 0.0, 0.0, 0.25333829226958815, 0.25333004107210877, 0.4776406637455264, 0.5206486110426906, 0.0443334025996072, 0.0443334025996072, 0.8610182702541351, 0.0, 0.0, 0.0, 0.46989656090736387, 0.44059310108423233, 0.4466376341879368, 0.6910063624382019, 0.6910063624382019, 0.0, 0.5, 0.0, 0.6976744186046512, 0.85, 0.0]
[0.8573639066446395, 0.8668729795349969, 0.3333333333333333, 0.42424242424242425, -0.11836134368537832, -0.14678943733086325, 0.0, 0.0, 0.263190404406925, 0.26318238114307757, 0.47819840309724754, 0.5196533331400983, 0.04373833271009582, 0.04373833271009582, 0.8767437972128391, 0.0, 0.0, 0.0, 0.4751090675592422, 0.4439474828541279, 0.4499277137219906, 0.7011797428131104, 0.7011797428131104, 0.0, 0.5, 0.0, 0.6976744186046512, 0.85, 0.0]
[0.8424108752182552, 0.8529168168703716, 0.3333333333333333, 0.42424242424242425, -0.09044901835612762, -0.11887711200161255, 0.0, 0.0, 0.27436058835819166, 0.27435265626779703, 0.4775105022449566, 0.5197599975323763, 0.04267461597919464, 0.04267461597919464, 0.8865697160363197, 0.0, 0.0, 0.0, 0.47146520912647244, 0.4467967078089714, 0.4523569643497467, 0.6981716156005859, 0.6981716156005859, 0.0, 0.5, 0.0, 0.6976744186046512, 0.85, 0.0]
[0.8215401846738088, 0.833437505695555, 0.3333333333333333, 0.42424242424242425, -0.05149039600649441, -0.07991848965197934, 0.0, 0.0, 0.2917982405959762, 0.2917907871662089, 0.4788884892632355, 0.5178763112597388, 0.04217685732458319, 0.04217685732458319, 0.8960436284542084, 0.0, 0.0, 0.0, 0.47066036760807034, 0.4478367567062378, 0.4532291069626808, 0.6971035003662109, 0.6971035003662109, 0.0, 0.5, 0.0, 0.6976744186046512, 0.85, 0.0]
[0.8126688670544397, 0.8251576092508104, 0.3333333333333333, 0.42424242424242425, -0.034930603117005354, -0.06335869676249029, 0.0, 0.0, 0.31120362108569755, 0.31119645257297024, 0.4789384808070801, 0.5173305327253583, 0.041795077600649426, 0.041795077600649426, 0.9106565937399864, 0.0, 0.0, 0.0, 0.47139223515987394, 0.4495943523943424, 0.45453912019729614, 0.6984733939170837, 0.6984733939170837, 0.0, 0.5, 0.0, 0.6976744186046512, 0.8463191986083984, 0.0]
[0.7017143773181098, 0.7216000854969025, 0.3333333333333333, 0.42424242424242425, 0.1721844443908105, 0.14375635074532556, 0.0, 0.0, 0.3457306543682091, 0.3457242608298307, 0.4819787906529115, 0.5135025326831341, 0.04249777245734419, 0.04249777245734419, 0.9151427336037159, 0.0, 0.0, 0.0, 0.47149193286895746, 0.4475870467722416, 0.4522964805364609, 0.6993915438652039, 0.6993915438652039, 0.0, 0.5, 0.0, 0.6976744186046512, 0.8147618770599365, 0.0]
[0.5397444273389521, 0.570428132183022, 0.3333333333333333, 0.42424242424242425, 0.4745283510185715, 0.44610025737308656, 0.28422126173973083, 0.282298743724823, 0.3212541722430782, 0.32124726585402774, 0.48734909079498817, 0.5090363127728899, 0.05084057471581868, 0.05084057471581868, 0.9179823957383633, 0.0, 0.0, 0.0, 0.44515181481838223, 0.4301033020019531, 0.43845345079898834, 0.6616635322570801, 0.6616635322570801, 0.0, 0.5, 0.0, 0.6976744186046512, 0.7548002600669861, 0.0]
[0.4642857142857143, 0.5, 0.3333333333333333, 0.42424242424242425, 0.6153846153846154, 0.5869565217391305, 0.07647737860679626, 0.07481483370065689, 0.3592573187775183, 0.3592512557429064, 0.46710838197978005, 0.5283938955799748, 0.06001344748905727, 0.06001344748905727, 0.9151214919984341, 0.0, 0.0, 0.0, 0.4287768572568893, 0.4205198734998703, 0.4313286393880844, 0.634889543056488, 0.634889543056488, 0.0, 0.5, 0.0, 0.6976744186046512, 0.7204357981681824, 0.0]
[0.591468774846622, 0.6187041898568472, 0.3333333333333333, 0.42424242424242425, 0.3779762356709212, 0.34954814202543627, 0.0, 0.0, 0.373771334697366, 0.37376559076983884, 0.44197674166859907, 0.5533820735727916, 0.061342341027089534, 0.061342341027089534, 0.9133148603141308, 0.0, 0.0, 0.0, 0.4407135874032974, 0.42369575798511505, 0.43172378093004227, 0.6497517824172974, 0.6497517824172974, 0.0, 0.5, 0.0, 0.6976744186046512, 0.7304375767707825, 0.0]
[0.6191149879069555, 0.6445073220464919, 0.3333333333333333, 0.42424242424242425, 0.32636997129163176, 0.2979418776461468, 0.0, 0.0, 0.3802942254119348, 0.380285928627729, 0.42714189776499, 0.5682040016527563, 0.061214199023587365, 0.061214199023587365, 0.9149279780685902, 0.0, 0.0, 0.0, 0.4438855350017547, 0.4310832843184471, 0.43849189206957817, 0.6553885340690613, 0.6553885340690613, 0.0, 0.5, 0.0, 0.6976744186046512, 0.7564370036125183, 0.0]
[0.6381931219782149, 0.6623135805130005, 0.3333333333333333, 0.42424242424242425, 0.29075745435861444, 0.2623293607131295, 0.0, 0.0, 0.38585996582220894, 0.3858518171948639, 0.41438436690525615, 0.5811867181196673, 0.06065923188413893, 0.06065923188413893, 0.9182141236960888, 0.0, 0.0, 0.0, 0.45840130448341365, 0.43522055447101593, 0.4436577297747135, 0.6800988912582397, 0.6800988912582397, 0.0, 0.5, 0.0, 0.6976744186046512, 0.7703934907913208, 0.0]
[0.6104099113671553, 0.6363825839426782, 0.3333333333333333, 0.42424242424242425, 0.34261944749925893, 0.314191353853774, 0.48942914605140686, 0.48463618755340576, 0.2664289538308722, 0.26641819536344047, 0.39022510001581895, 0.6082058426476296, 0.0841583577649934, 0.0841583577649934, 0.9184621833264828, 0.0, 0.0, 0.0, 0.4495879143476486, 0.4259606748819351, 0.44284873455762863, 0.6644832491874695, 0.6644832491874695, 0.0, 0.5, 0.0, 0.6976744186046512, 0.7718337178230286, 0.0]
[0.6489323267624492, 0.6723368383116193, 0.3333333333333333, 0.42424242424242425, 0.270710938761377, 0.24228284511589204, 0.0, 0.0, 0.382806031243523, 0.3827977800460436, 0.352773758011156, 0.6438044717110771, 0.07354956386344774, 0.07354956386344774, 0.9211727678775787, 0.0, 0.0, 0.0, 0.4477167934179306, 0.44218189641833305, 0.45209674909710884, 0.6611344814300537, 0.6611344814300537, 0.0, 0.5, 0.0, 0.6976744186046512, 0.77345871925354, 0.0]
[0.650211360837732, 0.6735306034485499, 0.3333333333333333, 0.42424242424242425, 0.2683234084875156, 0.2398953148420307, 0.0, 0.0, 0.37977610947297136, 0.37976775570535753, 0.341908355515956, 0.6549164300160422, 0.0707878837628024, 0.0707878837628024, 0.9206194840371609, 0.0, 0.0, 0.0, 0.4483177751302719, 0.44156017899513245, 0.45164335519075394, 0.6628669500350952, 0.6628669500350952, 0.0, 0.5, 0.0, 0.6976744186046512, 0.7742471098899841, 0.0]
[0.6493038623815491, 0.6726836048894458, 0.3333333333333333, 0.42424242424242425, 0.27001740560572374, 0.2415893119602388, 0.0, 0.0, 0.3795465575121557, 0.37953823793458663, 0.33737077813303495, 0.6595673473974892, 0.07011631237609046, 0.07011631237609046, 0.9183997437357903, 0.0, 0.0, 0.0, 0.4493222206830978, 0.4405026398599148, 0.45090241357684135, 0.6660777926445007, 0.6660777926445007, 0.0, 0.5, 0.0, 0.6976744186046512, 0.7809382081031799, 0.0]
[0.6756671032025701, 0.6972892963223987, 0.3333333333333333, 0.42424242424242425, 0.22080602273981798, 0.19237792909433304, 0.0, 0.0, 0.3808726753832961, 0.3808643216156823, 0.3538059326704328, 0.6427852778721443, 0.06853802395718439, 0.06853802395718439, 0.9180619828402996, 0.0, 0.0, 0.0, 0.44924968481063837, 0.4438692070543766, 0.4516209065914154, 0.6663963198661804, 0.6663963198661804, 0.0, 0.5, 0.0, 0.6976744186046512, 0.792672336101532, 0.0]
[0.7001024974243981, 0.7200956642627716, 0.3333333333333333, 0.42424242424242425, 0.1751932868590722, 0.14676519321358727, 0.0, 0.0, 0.37726026921609623, 0.37725182427502957, 0.4362592430461205, 0.5588606288345954, 0.06257490654076849, 0.06257490654076849, 0.9209995344281197, 0.0, 0.0, 0.0, 0.46648900210857386, 0.450068898499012, 0.4542592726647854, 0.6968783140182495, 0.6968783140182495, 0.0, 0.5, 0.0, 0.6976744186046512, 0.8002630472183228, 0.0]
[0.6982597293598312, 0.718375747402509, 0.3333333333333333, 0.42424242424242425, 0.17863312057959735, 0.15020502693411242, 0.0, 0.0, 0.37938915794255856, 0.3793807016048103, 0.5025616588345221, 0.49213037841356, 0.05978994071483613, 0.05978994071483613, 0.9244572445750237, 0.0, 0.0, 0.0, 0.4726348578929901, 0.44929205253720284, 0.4544190466403961, 0.7100160121917725, 0.7100160121917725, 0.0, 0.5, 0.0, 0.6976744186046512, 0.7992023229598999, 0.0]
[0.7018600450385184, 0.7217360420359505, 0.3333333333333333, 0.42424242424242425, 0.17191253131271433, 0.1434844376672294, 0.0, 0.0, 0.35563602319866927, 0.3556269514401146, 0.5762308931715402, 0.4195243650772325, 0.06155628977077348, 0.06155628977077348, 0.9262342303991318, 0.0, 0.0, 0.0, 0.47310639321804043, 0.44537221267819405, 0.4465658888220787, 0.7070434093475342, 0.7070434093475342, 0.0, 0.5, 0.0, 0.6976744186046512, 0.7696625590324402, 0.0]
[0.7041180676647595, 0.7238435298204422, 0.3333333333333333, 0.42424242424242425, 0.16769755574373102, 0.1392694620982461, 0.0, 0.0, 0.3607383517416668, 0.3607317758563827, 0.592472218646602, 0.4030476468420343, 0.0643351035458701, 0.0643351035458701, 0.9248276017606258, 0.0, 0.0, 0.0, 0.4765037506818771, 0.4423562176525593, 0.44238394498825073, 0.7060332894325256, 0.7060332894325256, 0.0, 0.5, 0.0, 0.6976744186046512, 0.7628508806228638, 0.0]
[0.7102029302290508, 0.7295227348804474, 0.3333333333333333, 0.42424242424242425, 0.15633914562372064, 0.1279110519782357, 0.0, 0.0, 0.3644026583968795, 0.3643961736850483, 0.5980294001489934, 0.39753959643402653, 0.06783621119601387, 0.06783621119601387, 0.9231756702065468, 0.0, 0.0, 0.0, 0.4836419105529785, 0.43916837498545647, 0.43961742892861366, 0.7078076601028442, 0.7078076601028442, 0.0, 0.5, 0.0, 0.6976744186046512, 0.7554695010185242, 0.030660864431411028]
[0.6952657933746065, 0.7155814071496327, 0.3333333333333333, 0.42424242424242425, 0.1842218010853499, 0.15579370743986498, 0.0, 0.0, 0.37255142250206913, 0.3725451429305068, 0.580942093300318, 0.41398179412065406, 0.07128470444253514, 0.07128470444253514, 0.92237314209342, 0.0, 0.0, 0.0, 0.48270520269870754, 0.4382237605750561, 0.43860381841659546, 0.7068653702735901, 0.7068653702735901, 0.0, 0.5, 0.0, 0.6976744186046512, 0.7547520995140076, 0.042193420231342316]
[0.6878332626961526, 0.7086443785164092, 0.3333333333333333, 0.42424242424242425, 0.19809585835179716, 0.16966776470631223, 0.0, 0.0, 0.37496768995179275, 0.37496143317359354, 0.5678204213683965, 0.42674062990043127, 0.0719499694449561, 0.0719499694449561, 0.9227549619972706, 0.0, 0.0, 0.0, 0.4826300799846649, 0.4382217861711979, 0.43859387189149857, 0.707109808921814, 0.707109808921814, 0.0, 0.5, 0.0, 0.6976744186046512, 0.7541341781616211, 0.041969483718276024]
[0.6853283154112952, 0.7063064277172089, 0.3333333333333333, 0.42424242424242425, 0.2027717599501977, 0.17434366630471276, 0.0, 0.0, 0.3919361749980919, 0.391930339897112, 0.5455970432516721, 0.4484587845742538, 0.07190667891076634, 0.07190667891076634, 0.923465870320797, 0.0, 0.0, 0.0, 0.48598617315292353, 0.43993914499878883, 0.4401765428483486, 0.7115632891654968, 0.7115632891654968, 0.0, 0.5, 0.0, 0.6976744186046512, 0.7548190951347351, 0.04617168568074703]
[0.6802322069803874, 0.7015500598483615, 0.3333333333333333, 0.42424242424242425, 0.21228449568789232, 0.18385640204240739, 0.0, 0.0, 0.40214976708246236, 0.4021441827084776, 0.5422398686181062, 0.45146158224259414, 0.07206433851804052, 0.07206433851804052, 0.9265407472848892, 0.0, 0.0, 0.0, 0.4864911079406738, 0.4470854587852955, 0.4474022090435028, 0.7118744850158691, 0.7118744850158691, 0.0, 0.5, 0.0, 0.6976744186046512, 0.7405534386634827, 0.056584072299301624]
[0.6792818233370781, 0.7006630351146061, 0.3333333333333333, 0.42424242424242425, 0.214058545155403, 0.18563045150991808, 0.0, 0.0, 0.39948913198584124, 0.3994834336450405, 0.5045868566341656, 0.48806004788127455, 0.07304570238505091, 0.07304570238505091, 0.9275519363582134, 0.0, 0.0, 0.0, 0.4847009092569351, 0.4482484497129917, 0.4485003985464573, 0.7090546488761902, 0.7090546488761902, 0.0, 0.5, 0.0, 0.6976744186046512, 0.7399909496307373, 0.05956240464001894]
[0.679876317580541, 0.701217896408505, 0.3333333333333333, 0.42424242424242425, 0.2129488225676056, 0.18452072892212068, 0.0, 0.0, 0.3989685657603335, 0.3989627990394432, 0.49716389482666384, 0.4954269825335848, 0.07304024483476367, 0.07304024483476367, 0.9276300631463528, 0.0, 0.0, 0.0, 0.4845840632915496, 0.4482588618993759, 0.4485410004854202, 0.708863377571106, 0.708863377571106, 0.0, 0.5, 0.0, 0.6976744186046512, 0.7419500350952148, 0.059472471475601196]
[0.694834936942373, 0.7151792744795481, 0.3333333333333333, 0.42424242424242425, 0.18502606642551916, 0.15659797278003423, 0.0, 0.0, 0.39758488325042435, 0.3975792077029868, 0.43829751105882925, 0.5550171096728285, 0.06978807438697134, 0.06978807438697134, 0.9290846809744835, 0.0, 0.0, 0.0, 0.4945054143667221, 0.4502466842532158, 0.45172227546572685, 0.7227097153663635, 0.7227097153663635, 0.0, 0.5, 0.0, 0.6976744186046512, 0.7569476962089539, 0.04989197477698326]
[0.7671758170638765, 0.782697429259618, 0.3333333333333333, 0.42424242424242425, 0.04998975686537921, 0.021561663219894278, 0.0, 0.0, 0.3421789469272183, 0.3421718923813071, 0.4074407562926896, 0.5871242011887571, 0.06577729380556516, 0.06577729380556516, 0.9270656183362007, 0.0, 0.0, 0.0, 0.48837979435920714, 0.4504791088402271, 0.4523926340043545, 0.7100797891616821, 0.7100797891616821, 0.0, 0.5, 0.0, 0.6976744186046512, 0.7711412906646729, 0.007288127671927214]
[0.8076430956522624, 0.8204668892754449, 0.3333333333333333, 0.42424242424242425, -0.025549163166274313, -0.053977256811759244, 0.0, 0.0, 0.2955042591058501, 0.2954960079083707, 0.3903875825054103, 0.6056014159846665, 0.05969140678644181, 0.05969140678644181, 0.9252113699913025, 0.0, 0.0, 0.0, 0.4718413025140762, 0.45036717504262924, 0.45306147262454033, 0.6860122680664062, 0.6860122680664062, 0.0, 0.5, 0.0, 0.6976744186046512, 0.7872320413589478, 0.0]
[0.8509264098746436, 0.8608646492163341, 0.3333333333333333, 0.42424242424242425, -0.10634468304805267, -0.1347727766935376, 0.0, 0.0, 0.25391772235556725, 0.2539086505970125, 0.39771273122462897, 0.5996717139999401, 0.05106139928102493, 0.05106139928102493, 0.921211127191782, 0.0, 0.0, 0.0, 0.43377307057380676, 0.45146678760647774, 0.4560593292117119, 0.6349882483482361, 0.6349882483482361, 0.0, 0.5, 0.0, 0.6976744186046512, 0.8192795515060425, 0.0]
[0.8495004219668252, 0.8595337271690369, 0.3333333333333333, 0.42424242424242425, -0.10368283895345831, -0.13211093259894324, 0.0, 0.0, 0.25118443341373714, 0.2511753844485456, 0.40523258085232616, 0.5923602412986432, 0.04640742737267699, 0.04640742737267699, 0.9056066051125526, 0.0, 0.0, 0.0, 0.42208413481712337, 0.45323579385876656, 0.4583926573395729, 0.6185564398765564, 0.6185564398765564, 0.0, 0.5, 0.0, 0.6976744186046512, 0.85, 0.0]
[0.8477109876416978, 0.8578635884655846, 0.3333333333333333, 0.42424242424242425, -0.10034256154655385, -0.12877065519203879, 0.0, 0.0, 0.24966600793725446, 0.24965689059197332, 0.4056004999244646, 0.5920498384293766, 0.04558370182556766, 0.04558370182556766, 0.8945079818367958, 0.0, 0.0, 0.0, 0.43568722903728485, 0.45306622609496117, 0.4583660140633583, 0.6412411332130432, 0.6412411332130432, 0.0, 0.5, 0.0, 0.6976744186046512, 0.85, 0.0]
[0.8383525617065883, 0.8491290575928159, 0.3333333333333333, 0.42424242424242425, -0.08287349980101621, -0.11130159344650115, 0.0, 0.0, 0.25079063247768185, 0.25078156071912716, 0.39954693595492363, 0.5983435219327482, 0.0430960873407977, 0.0430960873407977, 0.886640340089798, 0.0, 0.0, 0.0, 0.4481447696685791, 0.44796519726514816, 0.4556848928332329, 0.6595697999000549, 0.6595697999000549, 0.0, 0.5, 0.0, 0.6976744186046512, 0.85, 0.0]
[0.8374048478546596, 0.8482445246643491, 0.3333333333333333, 0.42424242424242425, -0.08110443394408262, -0.10953252758956755, 0.0, 0.0, 0.2508786832397344, 0.2508695886878165, 0.3974170557171619, 0.6005053157281643, 0.04287492084716048, 0.04287492084716048, 0.8863422460854053, 0.0, 0.0, 0.0, 0.44778363406658167, 0.4477226100862026, 0.45546886697411537, 0.6588162183761597, 0.6588162183761597, 0.0, 0.5, 0.0, 0.6976744186046512, 0.85, 0.0]
[0.782594084030106, 0.7970878117614322, 0.3333333333333333, 0.42424242424242425, 0.02120899186175096, -0.007219101783733972, 0.0, 0.0, 0.3013022296971163, 0.30129436598681125, 0.4294700175808675, 0.5679919977324365, 0.04172621560948236, 0.04172621560948236, 0.8860331661999226, 0.0, 0.0, 0.0, 0.4291921705007553, 0.4464215040206909, 0.4546358548104763, 0.6282095909118652, 0.6282095909118652, 0.0, 0.5, 0.0, 0.6976744186046512, 0.85, 0.0]
[0.7413467296532222, 0.7585902810096741, 0.3333333333333333, 0.42424242424242425, 0.09820405336526727, 0.06977595971978234, 0.0, 0.0, 0.4484125446407107, 0.44840864697560295, 0.6187825749982612, 0.3837605867006988, 0.04942281437771661, 0.04942281437771661, 0.906427763402462, 0.0, 0.0, 0.0, 0.41929030418395996, 0.4550454430282116, 0.46253232657909393, 0.6190592050552368, 0.6190592050552368, 0.0, 0.5, 0.07332613319158554, 0.7384695028236439, 0.85, 0.0]
[0.741274778332029, 0.7585231264432271, 0.3333333333333333, 0.42424242424242425, 0.09833836249816119, 0.06991026885267626, 0.0, 0.0, 0.4476580159386075, 0.44765408408345503, 0.6228618576239445, 0.3797851848278123, 0.05319051444530487, 0.05319051444530487, 0.9099839888513088, 0.0, 0.0, 0.0, 0.42033753693103787, 0.4562067352235317, 0.4638705551624298, 0.6219571232795715, 0.6219571232795715, 0.0, 0.5, 0.07002732902765274, 0.7400380601283423, 0.85, 0.0]
[0.7401119023561478, 0.7574377755324047, 0.3333333333333333, 0.42424242424242425, 0.10050906431980622, 0.07208097067432129, 0.0, 0.0, 0.4455007779666616, 0.4454967891281011, 0.6010432981852136, 0.4008448050486604, 0.05474117185388293, 0.05474117185388293, 0.9109274670481682, 0.0, 0.0, 0.0, 0.41996250748634334, 0.4565153494477272, 0.46426722779870033, 0.6217603087425232, 0.6217603087425232, 0.0, 0.5, 0.06835805624723434, 0.7401457522064447, 0.85, 0.0]
[0.7386327137549717, 0.7560571995046403, 0.3333333333333333, 0.42424242424242425, 0.10327021637533473, 0.0748421227298498, 0.0, 0.0, 0.44606718164557024, 0.44606319850535053, 0.5988313960299665, 0.4029687134252629, 0.055481642484664924, 0.055481642484664924, 0.9114803671836853, 0.0, 0.0, 0.0, 0.42170868813991547, 0.4571937136352062, 0.46489153429865837, 0.6250784397125244, 0.6250784397125244, 0.0, 0.5, 0.06805264949798584, 0.7441338054229354, 0.85, 0.0]
[0.7502297996765092, 0.7668811463647418, 0.3333333333333333, 0.42424242424242425, 0.0816223226551317, 0.053194229009646765, 0.0, 0.0, 0.48585058101960393, 0.48584762073155796, 0.6376035222587805, 0.3660054798969069, 0.05759151120271002, 0.05759151120271002, 0.9132649973034859, 0.0, 0.0, 0.0, 0.45299511849880214, 0.4594316929578781, 0.46648745983839035, 0.6657472848892212, 0.6657472848892212, 0.06834060698747635, 0.48176811138788855, 0.07040692120790482, 0.7706953576484392, 0.85, 0.0]
[0.7476192492814291, 0.7644446326626672, 0.3333333333333333, 0.42424242424242425, 0.0864953500592811, 0.058067256413796176, 0.0, 0.0, 0.4652959791013889, 0.46529247747096686, 0.6147792626521328, 0.3874650780552381, 0.05857135834438461, 0.05857135834438461, 0.913559939712286, 0.0, 0.0, 0.0, 0.44539456069469446, 0.45844706892967224, 0.4657767117023468, 0.6525140404701233, 0.6525140404701233, 0.06690552085638046, 0.4746328204397171, 0.06998280435800552, 0.7685156292173752, 0.85, 0.0]
[0.748721012756938, 0.7654729452398088, 0.3333333333333333, 0.42424242424242425, 0.08443872490499782, 0.05601063125951289, 0.0, 0.0, 0.4729576319399117, 0.4729543155055657, 0.6157208792794047, 0.38676847868571496, 0.05934262648224831, 0.05934262648224831, 0.9151398651301861, 0.0, 0.0, 0.0, 0.44506661593914026, 0.4585445858538151, 0.4658392071723938, 0.6545825004577637, 0.6545825004577637, 0.06441453844308853, 0.47780944052196683, 0.0694972351193428, 0.7681326026660066, 0.85, 0.0]
[0.7877960439239229, 0.8019429743289948, 0.3333333333333333, 0.42424242424242425, 0.011498666726625917, -0.016929426918859014, 0.0, 0.0, 0.48191023533932337, 0.4819071781794838, 0.6445365225607761, 0.3592625078639332, 0.05917130836418697, 0.05917130836418697, 0.9165547415614128, 0.0, 0.0, 0.0, 0.45479823052883145, 0.46135054156184196, 0.4670834578573704, 0.6705776453018188, 0.6705776453018188, 0.06439919024705887, 0.511036156188874, 0.0699625313282013, 0.7797724922555824, 0.85, 0.0]
[0.8770473826499212, 0.8852442238065932, 0.3333333333333333, 0.42424242424242425, -0.15510383222857083, -0.18353192587405576, 0.0, 0.0, 0.471748352848549, 0.47174502501752136, 0.6364315672996623, 0.3667276876099884, 0.0618887905563627, 0.0618887905563627, 0.9223537370562553, 0.0, 0.0, 0.0, 0.4632753938436508, 0.4737861007452011, 0.4766677189618349, 0.6860541701316833, 0.6860541701316833, 0.07740297168493271, 0.5802282908606151, 0.08113248646259308, 0.8, 0.85, 0.0]
[0.883424582935515, 0.8911962774064806, 0.3333333333333333, 0.42424242424242425, -0.1670079394283457, -0.19543603307383062, 0.0, 0.0, 0.4561220378994258, 0.4561182969386901, 0.6434716964087113, 0.359545008807469, 0.06274931398885591, 0.06274931398885591, 0.9257775619626045, 0.0, 0.0, 0.0, 0.47140886187553405, 0.4754777308553457, 0.47823685221374035, 0.6974486708641052, 0.6974486708641052, 0.08155395090579987, 0.5920493583830576, 0.08471520245075226, 0.8, 0.85, 0.0]
[0.8896377285321553, 0.8969952132966783, 0.3333333333333333, 0.42424242424242425, -0.1786058112087412, -0.20703390485422613, 0.0, 0.0, 0.4570066967612243, 0.4570029842921926, 0.6319441922991955, 0.3706953625327492, 0.06415059523923057, 0.06415059523923057, 0.9271915778517723, 0.0, 0.0, 0.0, 0.46959748864173884, 0.4766818881034851, 0.4793351422995329, 0.6961901187896729, 0.6961901187896729, 0.08376830071210861, 0.6031746031746031, 0.08665208518505096, 0.8, 0.85, 0.0]
[0.891449674254372, 0.8986863626374139, 0.3333333333333333, 0.42424242424242425, -0.1819881098902123, -0.21041620353569723, 0.0, 0.0, 0.45666624939008604, 0.456662534071884, 0.6358286258595396, 0.36698364568207453, 0.06481441536120007, 0.06481441536120007, 0.9278813228011131, 0.0, 0.0, 0.0, 0.4724813163280487, 0.4773572050035, 0.4799334779381752, 0.7007614970207214, 0.7007614970207214, 0.08584394305944443, 0.6031746031746031, 0.0886947438120842, 0.8, 0.85, 0.0]
[0.8924910525480907, 0.8996583157115512, 0.3333333333333333, 0.42424242424242425, -0.18393201603848708, -0.212360109683972, 0.0, 0.0, 0.45327867125917803, 0.45327487046586395, 0.6385840015703133, 0.36431244586160894, 0.06521647263850484, 0.06521647263850484, 0.9282530844211578, 0.0, 0.0, 0.0, 0.4755068778991699, 0.47768973745405674, 0.4802261348813772, 0.7051594853401184, 0.7051594853401184, 0.08779246360063553, 0.6031746031746031, 0.09077214449644089, 0.8, 0.85, 0.0]
[0.8941135229099364, 0.9011726213826073, 0.3333333333333333, 0.42424242424242425, -0.18696062738059926, -0.2153887210260842, 0.0, 0.0, 0.4717356512469042, 0.47173232056670616, 0.639616290196406, 0.36368738346249785, 0.06454337654369219, 0.06454337654369219, 0.9308319762349129, 0.0, 0.0, 0.0, 0.47535058259963986, 0.4775855541229248, 0.4801013395190239, 0.7024905681610107, 0.7024905681610107, 0.08451196551322937, 0.5899840810942272, 0.08783627301454544, 0.8, 0.85, 0.0]
[0.8928387817882356, 0.8999828630023532, 0.3333333333333333, 0.42424242424242425, -0.18458111062009108, -0.213009204265576, 0.0, 0.0, 0.3818030092957827, 0.38179712860807635, 0.43767332050586066, 0.5594613016227868, 0.06280174212796348, 0.06280174212796348, 0.9315550662577152, 0.0, 0.0, 0.0, 0.4603882908821106, 0.4772036224603653, 0.4796291422098875, 0.6772458553314209, 0.6772458553314209, 0.07956069707870483, 0.5457835471819317, 0.08346857130527496, 0.78596327757073, 0.85, 0.0]
[0.9373974047956013, 0.9415709111425612, 0.3333333333333333, 0.42424242424242425, -0.26775720690050686, -0.2961853005459918, 0.0, 0.0, 0.27509567432148274, 0.2750872407770978, 0.3525508845057588, 0.6460679096605257, 0.056125723889895854, 0.056125723889895854, 0.9263905808329582, 0.0, 0.0, 0.0, 0.48751560151576995, 0.4742953646928072, 0.47753907926380634, 0.7097361087799072, 0.7097361087799072, 0.07784897834062576, 0.5646148305090647, 0.08399403095245361, 0.7901309283320294, 0.85, 0.0]
[0.946014941448257, 0.9496139453517066, 0.3333333333333333, 0.42424242424242425, -0.2838432753187978, -0.31227136896428276, 0.0, 0.0, 0.27433150402674483, 0.2743229565155438, 0.37220610304954627, 0.6258320016974422, 0.051824426544564116, 0.051824426544564116, 0.9246322438120842, 0.0, 0.0, 0.0, 0.5000226885080338, 0.4722250495105982, 0.4754684083163738, 0.7251126766204834, 0.7251126766204834, 0.07761621475219727, 0.5653066937885587, 0.08517144620418549, 0.790576107020295, 0.85, 0.0]
[0.9467753441560836, 0.950323654545678, 0.3333333333333333, 0.42424242424242425, -0.2852626937067406, -0.31369078735222555, 0.0, 0.0, 0.2754410165673688, 0.27543249184953095, 0.39090550470078655, 0.606592055437847, 0.049280550863061635, 0.049280550863061635, 0.9251262880861759, 0.0, 0.0, 0.0, 0.5051687300205231, 0.4714824128895998, 0.4745606128126383, 0.7346845269203186, 0.7346845269203186, 0.07790814340114594, 0.5621375597658611, 0.08537190407514572, 0.7899347354852876, 0.85, 0.0]
[0.941987388190769, 0.9458548956447177, 0.3333333333333333, 0.42424242424242425, -0.2763251759048201, -0.304753269550305, 0.0, 0.0, 0.27073215845666015, 0.2707233830118271, 0.4519427978285868, 0.5443701335286952, 0.04607029126158783, 0.04607029126158783, 0.9264268390834332, 0.0, 0.0, 0.0, 0.5314527094364165, 0.4703259728848934, 0.4730573073029518, 0.7743261456489563, 0.7743261456489563, 0.07759695500135422, 0.5336209710628267, 0.0830405056476593, 0.7787674656787584, 0.85, 0.0]
[0.9375945258708227, 0.9417548908127679, 0.3333333333333333, 0.42424242424242425, -0.2681251662409203, -0.29655325988640524, 0.0, 0.0, 0.2730903142268981, 0.27308169833560747, 0.4738576449809977, 0.5223658715739027, 0.04563656901674611, 0.04563656901674611, 0.926553551107645, 0.0, 0.0, 0.0, 0.5422287613153457, 0.4690117109566927, 0.47186589427292347, 0.7907969951629639, 0.7907969951629639, 0.07868929207324982, 0.5100567951088859, 0.08290021121501923, 0.7722940815742626, 0.85, 0.0]
[0.9338956141755694, 0.9383025732305315, 0.3333333333333333, 0.42424242424242425, -0.2612205310764475, -0.2896486247219324, 0.0, 0.0, 0.26932938650506855, 0.2693206566469619, 0.49076738583198243, 0.5055346367641292, 0.04555272204535348, 0.04555272204535348, 0.9270247481763363, 0.0, 0.0, 0.0, 0.5460914582014084, 0.4649434983730316, 0.46767500415444374, 0.7934669852256775, 0.7934669852256775, 0.0804227963089943, 0.5055429377253093, 0.08089372515678406, 0.7691538022008053, 0.85, 0.0]
[0.9270508189996083, 0.9319140977329678, 0.3333333333333333, 0.42424242424242425, -0.24844358008132017, -0.2768716737268051, 0.0, 0.0, 0.2681766121610857, 0.26816776833616296, 0.4775270815675163, 0.5185689103940199, 0.04807807505130768, 0.04807807505130768, 0.9221897125244141, 0.0, 0.0, 0.0, 0.5521892070770263, 0.4590831957757473, 0.4614745229482651, 0.8000679612159729, 0.8000679612159729, 0.08253065496683121, 0.5155342609163314, 0.0810341164469719, 0.7707083151610785, 0.85, 0.0]
[0.923368635631743, 0.9284773932562934, 0.3333333333333333, 0.42424242424242425, -0.2415701711279714, -0.26999826477345634, 0.0, 0.0, 0.2721399221547931, 0.2721311695033232, 0.4689725656810272, 0.5271360523791382, 0.05032129319650787, 0.05032129319650787, 0.9175920858979225, 0.0, 0.0, 0.0, 0.5528194576501846, 0.4570853225886822, 0.4596930257976055, 0.8007009625434875, 0.8007009625434875, 0.08132117986679077, 0.5023261199867914, 0.07932741194963455, 0.7665494491541108, 0.85, 0.0]
[0.9198693640175319, 0.9252114064163632, 0.3333333333333333, 0.42424242424242425, -0.23503819744811094, -0.2634662910935959, 0.0, 0.0, 0.2742383703446981, 0.27422966327995457, 0.4670920391383636, 0.5291969000672697, 0.05193372922284263, 0.05193372922284263, 0.9115502722561359, 0.0, 0.0, 0.0, 0.5490772992372512, 0.4541417174041271, 0.45717108994722366, 0.7942756414413452, 0.7942756414413452, 0.07959135621786118, 0.47505567045438857, 0.07731689512729645, 0.7532983342575472, 0.85, 0.0]
[0.9191300358091081, 0.9245213667551676, 0.3333333333333333, 0.42424242424242425, -0.2336581181257198, -0.2620862117712047, 0.0, 0.0, 0.2760981720218695, 0.276089692890758, 0.4644588614968907, 0.5320988527738747, 0.051813998392650065, 0.051813998392650065, 0.9093608930706978, 0.0, 0.0, 0.0, 0.5438882827758789, 0.4533287435770035, 0.4563564285635948, 0.7866841554641724, 0.7866841554641724, 0.07757549732923508, 0.468969801068306, 0.07533784210681915, 0.7496858180262321, 0.85, 0.0036095752147957683]
[0.8625099517050243, 0.8716759549246894, 0.3333333333333333, 0.42424242424242425, -0.1279672944647634, -0.15639538811024833, 0.0, 0.0, 0.38622952601649796, 0.38622407840269246, 0.7326868232304006, 0.2732858506894198, 0.06925489487392562, 0.06925489487392562, 0.9086795598268509, 0.0, 0.0, 0.0, 0.5016080677509308, 0.45536379888653755, 0.4584600478410721, 0.735659658908844, 0.735659658908844, 0.07268629968166351, 0.4709254801273346, 0.06918627768754959, 0.7534155206278313, 0.85, 0.013981654774397612]
[0.8530209099962598, 0.8628195159965091, 0.3333333333333333, 0.42424242424242425, -0.11025441660840285, -0.13868251025388778, 0.0, 0.0, 0.389610784687458, 0.3896053712636973, 0.7294126705731306, 0.27634271421527723, 0.06975033453532628, 0.06975033453532628, 0.9090606085956097, 0.0, 0.0, 0.0, 0.5012408822774886, 0.4554549641907215, 0.4585476778447628, 0.7351955771446228, 0.7351955771446228, 0.07205720990896225, 0.4711771160364151, 0.06844519823789597, 0.7491698882780796, 0.85, 0.014389688149094582]
[0.8120413685128802, 0.8245719439453549, 0.3333333333333333, 0.42424242424242425, -0.03375927250609434, -0.06218736615157927, 0.0, 0.0, 0.4186631655373947, 0.4186584302161893, 0.6991735589663796, 0.3050462369430539, 0.06858032728944506, 0.06858032728944506, 0.9244051091372967, 0.0, 0.0, 0.0, 0.4762663871049881, 0.45812051370739937, 0.461645282804966, 0.7005051970481873, 0.7005051970481873, 0.0, 0.5, 0.06093495711684227, 0.7385762122481369, 0.845382809638977, 0.001701529254205525]
[0.8058644114505678, 0.8188067840205299, 0.3333333333333333, 0.42424242424242425, -0.022228952656444312, -0.05065704630192924, 0.0, 0.0, 0.4185495178284654, 0.4185447882056008, 0.6795203804285986, 0.3238344187439691, 0.06759504388485636, 0.06759504388485636, 0.9257761240005493, 0.0, 0.0, 0.0, 0.4644410163164138, 0.4587532840669155, 0.4624142572283745, 0.6840992569923401, 0.6840992569923401, 0.0, 0.5, 0.059541020542383194, 0.7367276099272245, 0.8439329266548157, 0.0]
[0.8048359120175952, 0.8178468512164222, 0.3333333333333333, 0.42424242424242425, -0.02030908704822898, -0.04873718069371391, 0.0, 0.0, 0.4279641227558056, 0.42795964385993623, 0.6088631882494312, 0.39238054660669885, 0.06419244887573379, 0.06419244887573379, 0.9292840920388699, 0.0, 0.0, 0.0, 0.42472158670425414, 0.463058665394783, 0.46783337742090225, 0.6315310597419739, 0.6315310597419739, 0.0, 0.5, 0.0, 0.6976744186046512, 0.846239447593689, 0.0]
[0.7910505994444801, 0.8049805594815148, 0.3333333333333333, 0.42424242424242425, 0.005423496421585794, -0.023004597223899137, 0.0, 0.0, 0.43756059022980026, 0.43755632787088133, 0.579691558221558, 0.42073949066625677, 0.06304232403635979, 0.06304232403635979, 0.9279866926372051, 0.0, 0.0, 0.0, 0.40848197937011715, 0.46391888707876205, 0.46887444518506527, 0.6105666160583496, 0.6105666160583496, 0.0, 0.5, 0.0, 0.6976744186046512, 0.8458632826805115, 0.0]
[0.7763049247718993, 0.791217929787106, 0.3333333333333333, 0.42424242424242425, 0.03294875581040346, 0.004520662164918532, 0.0, 0.0, 0.43891209990754865, 0.4389078831353561, 0.5920003105531915, 0.4090266309271756, 0.06265487255794662, 0.06265487255794662, 0.927030511200428, 0.0, 0.0, 0.0, 0.3905628651380539, 0.4649336598813534, 0.47010790556669235, 0.5870327353477478, 0.5870327353477478, 0.0, 0.5, 0.0, 0.6976744186046512, 0.8405015468597412, 0.0]
[0.7346073335834912, 0.7523001780112584, 0.3333333333333333, 0.42424242424242425, 0.11078425936209857, 0.08235616571661364, 0.0, 0.0, 0.4085963000303017, 0.4085913424738051, 0.6120349873092389, 0.3889506924853904, 0.0612727738916874, 0.0612727738916874, 0.921417448669672, 0.0, 0.0, 0.0, 0.40095850527286525, 0.4636937044560909, 0.4688935596495867, 0.5969041585922241, 0.5969041585922241, 0.0, 0.5, 0.0, 0.6976744186046512, 0.8349687457084656, 0.0]
[0.6964121361573538, 0.7166513270801969, 0.3333333333333333, 0.42424242424242425, 0.18208196122422182, 0.1536538675787369, 0.07871685922145844, 0.07634515315294266, 0.29650235768713873, 0.2964943572166545, 0.5624908942793341, 0.4354591141188755, 0.059657703552927294, 0.059657703552927294, 0.9011324755847454, 0.0, 0.0, 0.0, 0.4618423044681549, 0.44460828602313995, 0.4486386403441429, 0.6676836609840393, 0.6676836609840393, 0.0, 0.5, 0.0, 0.6976744186046512, 0.7991108894348145, 0.02574498998001218]
[0.6932674500913847, 0.7137162867519591, 0.3333333333333333, 0.42424242424242425, 0.1879520418806973, 0.15952394823521238, 0.03503032028675079, 0.03405388817191124, 0.28945804599594205, 0.28944988597191545, 0.6217390793459365, 0.377481220278589, 0.057762403573308675, 0.057762403573308675, 0.8786027692258358, 0.0, 0.0, 0.0, 0.46144315898418425, 0.4392169304192066, 0.44001735374331474, 0.665443480014801, 0.665443480014801, 0.0, 0.5, 0.0, 0.6976744186046512, 0.8062983751296997, 0.08304290473461151]
[0.6878202596590632, 0.708632242348459, 0.3333333333333333, 0.42424242424242425, 0.19812013068769735, 0.16969203704221242, 0.0, 0.0, 0.29162197951832874, 0.2916138422876653, 0.6454044140547686, 0.354512348179101, 0.056765771337917874, 0.056765771337917874, 0.8761122114956379, 0.0, 0.0, 0.0, 0.4487367391586303, 0.4399007558822632, 0.4389552138745785, 0.6438581347465515, 0.6438581347465515, 0.0, 0.5, 0.0, 0.6976744186046512, 0.8090320229530334, 0.10795443318784237]
[0.729519553837322, 0.7475515835815005, 0.3333333333333333, 0.42424242424242425, 0.12028144822161424, 0.09185335457612931, 0.0, 0.0, 0.2827357589400749, 0.28272753053595867, 0.758805373430708, 0.24602888596394729, 0.057269600885255, 0.057269600885255, 0.8724405691027641, 0.0, 0.0, 0.0, 0.44962281584739683, 0.44538816064596176, 0.4396182633936405, 0.6329271793365479, 0.6329271793365479, 0.0, 0.5, 0.0, 0.6976744186046512, 0.8489144444465637, 0.13451009057462215]
[0.7204996503534771, 0.7391330069965787, 0.3333333333333333, 0.42424242424242425, 0.13711860139145815, 0.10869050774597322, 0.0, 0.0, 0.28535469357871646, 0.28534637400114743, 0.7567287612827513, 0.24792180639785238, 0.05837950589401382, 0.05837950589401382, 0.8698504343628883, 0.0, 0.0, 0.0, 0.44977349936962124, 0.4461316950619221, 0.43960729241371155, 0.6306394338607788, 0.6306394338607788, 0.0, 0.5, 0.0, 0.6976744186046512, 0.8429839611053467, 0.14598545618355274]
[0.6910938673785755, 0.7116876095533371, 0.3333333333333333, 0.42424242424242425, 0.19200939627794122, 0.1635813026324563, 0.27954548597335815, 0.2725187838077545, 0.2648116735381788, 0.26480305764688816, 0.6982873530050536, 0.30432409761006196, 0.06722130679658482, 0.06722130679658482, 0.8633135259151459, 0.0, 0.0, 0.0, 0.4533544182777404, 0.43743061274290085, 0.4330890253186226, 0.6402005553245544, 0.6402005553245544, 0.0, 0.5, 0.0, 0.6976744186046512, 0.8144363760948181, 0.15500633977353573]
[0.6787785100085395, 0.7001932760079701, 0.3333333333333333, 0.42424242424242425, 0.2149980633686751, 0.18656996972319018, 0.9485615491867065, 0.9486302137374878, 0.28403860478738524, 0.2840305131434483, 0.6246806084539877, 0.37570504745100874, 0.10243097586291178, 0.10243097586291178, 0.8625070750713348, 0.0, 0.0, 0.0, 0.45050230026245114, 0.41781627386808395, 0.40923867374658585, 0.6401671171188354, 0.6401671171188354, 0.0, 0.5, 0.0, 0.6976744186046512, 0.7865009903907776, 0.1565205119550228]
[0.6038163293685233, 0.6302285740772883, 0.3333333333333333, 0.42424242424242425, 0.3549274672300388, 0.3264993735845539, 0.1863049864768982, 0.18387624621391296, 0.32006237566129203, 0.32005478547134547, 0.6781527216530211, 0.3219387175197532, 0.09120896458625793, 0.09120896458625793, 0.894767303019762, 0.0, 0.0, 0.0, 0.4540277689695358, 0.4257093071937561, 0.4236197769641876, 0.6507564187049866, 0.6507564187049866, 0.0, 0.5, 0.0, 0.6976744186046512, 0.6729254126548767, 0.156448632478714]
[0.5267839960399128, 0.558331729637252, 0.3333333333333333, 0.42424242424242425, 0.4987211561101115, 0.47029306246462654, 0.09371478110551834, 0.09267707169055939, 0.3553529980077798, 0.35534421116626513, 0.6434183143520902, 0.3543109460218409, 0.08640219590493611, 0.08640219590493611, 0.9083325602114201, 0.0, 0.0, 0.0, 0.4145648330450058, 0.4204009100794792, 0.4240165501832962, 0.6001482009887695, 0.6001482009887695, 0.0, 0.5, 0.0, 0.6976744186046512, 0.3429896831512451, 0.15662072226405144]
[0.4642857142857143, 0.5, 0.3333333333333333, 0.42424242424242425, 0.6153846153846154, 0.5869565217391305, 0.7292777895927429, 0.7227627038955688, 0.2379158012725655, 0.23790488325159137, 0.5789055404881902, 0.42045681877249697, 0.09643701836466789, 0.09643701836466789, 0.9164136350154877, 0.0, 0.0, 0.0, 0.3205915331840515, 0.4164005517959595, 0.423506461083889, 0.4601726531982422, 0.4601726531982422, 0.11355078220367432, 0.45457968711853025, 0.10890323668718338, 0.6147968682438828, 0.18154291808605194, 0.1470049750059843]
[0.4642857142857143, 0.5, 0.3333333333333333, 0.42424242424242425, 0.6153846153846154, 0.5869565217391305, 0.2852537930011749, 0.28484418988227844, 0.32181303131876665, 0.32180353788299265, 0.5855801609232594, 0.4113147996756994, 0.12335606451545443, 0.12335606451545443, 0.9161202125251293, 0.0, 0.0, 0.0, 0.28725009709596633, 0.42127517610788345, 0.4290941208600998, 0.4170173108577728, 0.4170173108577728, 0.11257974803447723, 0.4549681007862091, 0.11049440503120422, 0.5895541781602904, 0.1112426295876503, 0.12922790832817554]
[0.4642857142857143, 0.5, 0.3333333333333333, 0.42424242424242425, 0.6153846153846154, 0.5869565217391305, 0.1411571502685547, 0.14033550024032593, 0.3732729236208914, 0.3732645356632327, 0.5772343652882038, 0.41831251033582784, 0.09586001081126078, 0.09586001081126078, 0.9211791753768921, 0.0, 0.0, 0.0, 0.10759124755859374, 0.47017838433384895, 0.47423274628818035, 0.1619369238615036, 0.1619369238615036, 0.11043999344110489, 0.45582400262355804, 0.10591665655374527, 0.5896153491596843, 0.044408168643713, 0.0802920013666153]
[0.4642857142857143, 0.5, 0.3333333333333333, 0.42424242424242425, 0.6153846153846154, 0.5869565217391305, 0.0835946723818779, 0.08212638646364212, 0.38823884075959825, 0.3882307833057061, 0.5769482003115332, 0.4183105728999556, 0.07230517587491445, 0.07230517587491445, 0.9289987497031689, 0.0, 0.0, 0.0, 0.056876179203391074, 0.48246780410408974, 0.48521444853395224, 0.0, -0.0, 0.10474682599306107, 0.4581012696027756, 0.0958111509680748, 0.5650477596493655, 0.030183089897036552, 0.038572687190026045]
[0.4642857142857143, 0.5, 0.3333333333333333, 0.42424242424242425, 0.6153846153846154, 0.5869565217391305, 0.07738242298364639, 0.0758034884929657, 0.38963796577307735, 0.38962993111254834, 0.5774323484409836, 0.41780471979039524, 0.07126500031777791, 0.07126500031777791, 0.9296649992465973, 0.0, 0.0, 0.0, 0.055940496176481246, 0.48289977572858334, 0.4856248293071985, 0.0, -0.0, 0.10410354286432266, 0.45835858285427095, 0.09484739601612091, 0.5649053322714429, 0.029469788074493408, 0.036819910164922476]
[0.4642857142857143, 0.5, 0.3333333333333333, 0.42424242424242425, 0.6153846153846154, 0.5869565217391305, 0.07196465879678726, 0.07067055255174637, 0.4010324136248966, 0.4010246296913628, 0.5759700060346614, 0.41904745953893974, 0.06860913442713874, 0.06860913442713874, 0.933006051927805, 0.0, 0.0, 0.0, 0.05526264198124408, 0.48474775720387697, 0.48751823138445616, 0.0, -0.0, 0.10797782987356186, 0.45680886805057525, 0.0949317142367363, 0.5583958708962729, 0.02613869681954384, 0.027804826386272907]
[0.4642857142857143, 0.5, 0.3333333333333333, 0.42424242424242425, 0.6153846153846154, 0.5869565217391305, 0.20608749985694885, 0.20558498799800873, 0.3783299959412496, 0.37832172195040703, 0.5724320315950003, 0.4229865629809258, 0.06949206015893392, 0.06949206015893392, 0.9327367395162582, 0.0, 0.0, 0.0, 0.060116388648748395, 0.48466780222952366, 0.48741516284644604, 0.0, -0.0, 0.11658463627099991, 0.45336614549160004, 0.10490123182535172, 0.554303859555444, 0.026305127888917923, 0.027144458144903183]
[0.4642857142857143, 0.5, 0.3333333333333333, 0.42424242424242425, 0.6153846153846154, 0.5869565217391305, 0.031334083527326584, 0.030625710263848305, 0.4318747971755369, 0.4318677825180112, 0.5042986865538256, 0.48958143649497354, 0.06585776805877686, 0.06585776805877686, 0.9381911642849445, 0.0, 0.0, 0.0, 0.049659563973546025, 0.4876094814389944, 0.4895871840417385, 0.0, -0.0, 0.1252090483903885, 0.4499163806438446, 0.111793652176857, 0.56926931752715, 0.02666708268225193, 0.0018512096721678972]
[0.4642857142857143, 0.5, 0.3333333333333333, 0.42424242424242425, 0.6153846153846154, 0.5869565217391305, 0.019496267661452293, 0.019341731444001198, 0.4382810656472784, 0.438274216241636, 0.47402662072993146, 0.5196676730147233, 0.06084527288164412, 0.06084527288164412, 0.9444044902920723, 0.0, 0.0, 0.0, 0.04725738428533077, 0.48852541018277407, 0.49047064036130905, 0.0, -0.0, 0.10558752715587616, 0.4577649891376495, 0.09619496017694473, 0.5795599450898725, 0.025033190846443176, 0.0]
[0.4642857142857143, 0.5, 0.3333333333333333, 0.42424242424242425, 0.6153846153846154, 0.5869565217391305, 0.0, 0.0, 0.4535450886358039, 0.45353862101899506, 0.4527711855749783, 0.540805410365023, 0.06179620378783771, 0.06179620378783771, 0.947750348597765, 0.0, 0.0, 0.0, 0.04855554979294538, 0.48897118773311377, 0.49071655701845884, 0.0, -0.0, 0.09831620007753372, 0.46067351996898653, 0.09076888859272003, 0.5865678399108177, 0.02516406588256359, 0.0]
[0.4642857142857143, 0.5, 0.3333333333333333, 0.42424242424242425, 0.6153846153846154, 0.5869565217391305, 0.0, 0.0, 0.4473192837680503, 0.4473126679943807, 0.4423125790820295, 0.5514652794058824, 0.05671943138752665, 0.05671943138752665, 0.9523423090577126, 0.0, 0.0, 0.0, 0.04081888813525438, 0.49011507630348206, 0.4915649313479662, 0.0, -0.0, 0.08715298771858215, 0.46513880491256715, 0.08244715631008148, 0.5889048236747121, 0.023649092763662338, 0.0]
[0.4642857142857143, 0.5, 0.3333333333333333, 0.42424242424242425, 0.6153846153846154, 0.5869565217391305, 0.0, 0.0, 0.44313160730365586, 0.443124883261511, 0.44350586862910546, 0.5504020427347547, 0.05301239235060556, 0.05301239235060556, 0.9549600314348936, 0.0, 0.0, 0.0, 0.03676106203347444, 0.4910246469080448, 0.4923064108006656, 0.0, -0.0, 0.08110566437244415, 0.4675577342510223, 0.07654670625925064, 0.5889831587325696, 0.022218210622668266, 0.0]
[0.4642857142857143, 0.5, 0.3333333333333333, 0.42424242424242425, 0.6153846153846154, 0.5869565217391305, 0.0, 0.0, 0.4397433966569189, 0.4397366213297069, 0.44700618273441467, 0.5470950594431078, 0.050196035632065365, 0.050196035632065365, 0.9568827599287033, 0.0, 0.0, 0.0, 0.034437977895140644, 0.4915908947587013, 0.4927805126644671, 0.0, -0.0, 0.07582944631576538, 0.46966822147369386, 0.07143910974264145, 0.591875973135926, 0.021020492538809776, 0.0]
[0.4642857142857143, 0.5, 0.3333333333333333, 0.42424242424242425, 0.6153846153846154, 0.5869565217391305, 0.36162999272346497, 0.35802939534187317, 0.3095061081545303, 0.30949648935525864, 0.4734809789557302, 0.5228691974693178, 0.06962105897920473, 0.06962105897920473, 0.9257424473762512, 0.0, 0.0, 0.0, 0.06670948639512062, 0.48048652336001396, 0.48292253725230694, 0.10215447843074799, -0.0, 0.09048496931791306, 0.4638060122728348, 0.08520987629890442, 0.5846629620984544, 0.022428911179304123, 0.0]
[0.4642857142857143, 0.5, 0.3333333333333333, 0.42424242424242425, 0.6153846153846154, 0.5869565217391305, 0.06093943119049072, 0.05996423959732056, 0.4107008511432042, 0.41069342050680013, 0.4864923765964763, 0.508330869578444, 0.04791655976857458, 0.04791655976857458, 0.9516936745494604, 0.0, 0.0, 0.0, 0.03356289006769657, 0.4891914865002036, 0.48937644716352224, 0.0, -0.0, 0.07855866104364395, 0.4685765355825424, 0.0751594677567482, 0.5833454152872396, 0.020351458340883255, 0.0]
[0.4642857142857143, 0.5, 0.3333333333333333, 0.42424242424242425, 0.6153846153846154, 0.5869565217391305, 0.043466370552778244, 0.04253298044204712, 0.4122161938173137, 0.412208808767636, 0.49186350442255433, 0.5028622915771628, 0.04619912377425603, 0.04619912377425603, 0.9531077295541763, 0.0, 0.0, 0.0, 0.032393337786197664, 0.48983974009752274, 0.49004090670496225, 0.0, -0.0, 0.07556670904159546, 0.46977331638336184, 0.072140634059906, 0.5827466485112213, 0.01948813907802105, 0.0]
[0.4642857142857143, 0.5, 0.3333333333333333, 0.42424242424242425, 0.6153846153846154, 0.5869565217391305, 0.1832548826932907, 0.18263104557991028, 0.31000520303190093, 0.30999139025380007, 0.52171069981947, 0.47495632002453453, 0.04851701270256724, 0.04851701270256724, 0.9365722928196192, 0.0, 0.0, 0.0, 0.058319305628538126, 0.4795323796570301, 0.4816711638122797, 0.0, -0.0, 0.06531321257352829, 0.4738747149705887, 0.06180305778980255, 0.5996392840562865, 0.018313780426979065, 0.0]
[0.4642857142857143, 0.5, 0.3333333333333333, 0.42424242424242425, 0.6153846153846154, 0.5869565217391305, 0.10107046365737915, 0.10017630457878113, 0.3186619856161551, 0.31864827540818863, 0.5146756507812449, 0.4812826008864566, 0.04605403169989586, 0.04605403169989586, 0.9401436746120453, 0.0, 0.0, 0.0, 0.17096471488475798, 0.4458731599152088, 0.45026741176843643, 0.254168838262558, 0.254168838262558, 0.061604537069797516, 0.475358185172081, 0.05932680517435074, 0.6016728455244109, 0.06108057126402855, 0.0008724594954401255]
[0.880622455051967, 0.8885809580485026, 0.3333333333333333, 0.42424242424242425, -0.16177730071238972, -0.19020539435787465, 0.0, 0.0, 0.2601383274873401, 0.26012376252825353, 0.48980152703835905, 0.5078152153227065, 0.04653895007712501, 0.04653895007712501, 0.9192139096558094, 0.0, 0.0, 0.0, 0.4191855788230896, 0.44334712252020836, 0.4462944567203522, 0.6087003350257874, 0.6087003350257874, 0.0, 0.5, 0.0, 0.6976744186046512, 0.6544981002807617, 0.006012350204400718]
[0.9301518038624809, 0.9348083502716489, 0.3333333333333333, 0.42424242424242425, -0.25423208515868223, -0.28266017880416716, 0.0, 0.0, 0.24306359117847098, 0.24304886666584197, 0.4759309976780164, 0.5222766697470084, 0.04285614937543869, 0.04285614937543869, 0.924097828567028, 0.0, 0.0, 0.0, 0.4359777271747589, 0.4629869796335697, 0.4651591330766678, 0.638907790184021, 0.638907790184021, 0.0, 0.5, 0.0, 0.6976744186046512, 0.8385521173477173, 0.0]
[0.9327044259934199, 0.9371907975938585, 0.3333333333333333, 0.42424242424242425, -0.25899697980310155, -0.2874250734485865, 0.0, 0.0, 0.2367095992852351, 0.23669482918587975, 0.4777822746373499, 0.5204990039541384, 0.04316667493964945, 0.04316667493964945, 0.9026816748082638, 0.0, 0.0, 0.0, 0.4972031146287918, 0.46142934635281563, 0.464850801974535, 0.7331727147102356, 0.7331727147102356, 0.0, 0.5, 0.0, 0.6976744186046512, 0.85, 0.0]
[0.9320832604453677, 0.9366110430823432, 0.3333333333333333, 0.42424242424242425, -0.257837470780071, -0.28626556442555595, 0.0, 0.0, 0.2232224243776748, 0.22320733517123453, 0.49274193072410205, 0.5056622283129979, 0.0449293146708182, 0.0449293146708182, 0.884646825492382, 0.0, 0.0, 0.0, 0.5291029602289199, 0.4554893784224987, 0.46132585778832436, 0.776482105255127, 0.776482105255127, 0.0, 0.5, 0.12446319311857224, 0.7355904375571152, 0.85, 0.0]
[0.9322913445177532, 0.9368052548832364, 0.3333333333333333, 0.42424242424242425, -0.2582258943818573, -0.2866539880273422, 0.0, 0.0, 0.21682861247892365, 0.21681345489239373, 0.5186117625943105, 0.48016521323884603, 0.046836528927087784, 0.046836528927087784, 0.8750077299773693, 0.0, 0.0, 0.0, 0.5380159646272659, 0.45131758227944374, 0.456712257117033, 0.7875118851661682, 0.7875118851661682, 0.1590041220188141, 0.4700722845773848, 0.14803731441497803, 0.7599268086947674, 0.85, 0.0]
[0.932351889354842, 0.9368617633978525, 0.3333333333333333, 0.42424242424242425, -0.25833891141108967, -0.2867670050565746, 0.0, 0.0, 0.21862181194881636, 0.2186066543622865, 0.5247522305348179, 0.4739494915851393, 0.04771862445133073, 0.04771862445133073, 0.8691179379820824, 0.0, 0.0, 0.0, 0.543598473072052, 0.44910071790218353, 0.45398489385843277, 0.7949317097663879, 0.7949317097663879, 0.16876249015331268, 0.4749817796169765, 0.15586841106414795, 0.7619949707458186, 0.85, 0.0]
[0.9343554036957877, 0.9387317101160685, 0.3333333333333333, 0.42424242424242425, -0.26207880484752155, -0.2905068984930065, 0.0, 0.0, 0.22798028821926958, 0.22796531297964534, 0.5438540575609152, 0.4549347209606248, 0.04992536136082241, 0.04992536136082241, 0.8649789392948151, 0.0, 0.0, 0.0, 0.5501292049884796, 0.4491760581731796, 0.4523387923836708, 0.802699089050293, 0.802699089050293, 0.17116421461105347, 0.5142027712057506, 0.15627670288085938, 0.7787333797057008, 0.85, 0.0]
[0.9349310852232433, 0.9392690128750272, 0.3333333333333333, 0.42424242424242425, -0.2631534103654388, -0.29158150401092375, 0.0, 0.0, 0.22873463457446708, 0.22871965933484284, 0.5446849041413623, 0.4540856339912747, 0.04988384566136769, 0.04988384566136769, 0.8656502738595009, 0.0, 0.0, 0.0, 0.5490802824497223, 0.4498043693602085, 0.45259325206279755, 0.8012528419494629, 0.8012528419494629, 0.16877961158752441, 0.5036904868625459, 0.15342772006988525, 0.7723030972099582, 0.85, 0.0]
[0.9371146197829927, 0.9413069784641266, 0.3333333333333333, 0.42424242424242425, -0.26722934154363776, -0.2956574351891227, 0.0, 0.0, 0.2393844916305396, 0.23936960756436815, 0.5426097935062065, 0.45572150227166, 0.04830253177455494, 0.04830253177455494, 0.8812927789986134, 0.0, 0.0, 0.0, 0.5449232071638107, 0.45388419553637505, 0.45502719283103943, 0.7958829998970032, 0.7958829998970032, 0.14272896945476532, 0.5151462867146446, 0.1306203305721283, 0.7720941045256549, 0.85, 0.0]
[0.9425089997904641, 0.9463417331377665, 0.3333333333333333, 0.42424242424242425, -0.27729885089091755, -0.3057269445364025, 0.0, 0.0, 0.2470919534307593, 0.247076636290687, 0.539521224412134, 0.4583452235165741, 0.04585715010762215, 0.04585715010762215, 0.9001254290342331, 0.0, 0.0, 0.0, 0.5413653820753097, 0.45894521102309227, 0.45961107686161995, 0.7910418510437012, 0.7910418510437012, 0.12734514474868774, 0.5616654058297474, 0.11632469296455383, 0.7910013398112252, 0.85, 0.0]
[0.9469460866280964, 0.9504830141862233, 0.3333333333333333, 0.42424242424242425, -0.28558141298783124, -0.31400950663331617, 0.0, 0.0, 0.25999805713019, 0.2599829223370233, 0.5382664355219664, 0.4591456922422125, 0.04461778993053096, 0.04461778993053096, 0.9129485711455345, 0.0, 0.0, 0.0, 0.5392207026481628, 0.46470604464411736, 0.4650721736252308, 0.7885727286338806, 0.7885727286338806, 0.11184237897396088, 0.5707225563034178, 0.10079620778560638, 0.7936571962958159, 0.85, 0.0]
[0.9487033592803138, 0.9521231353282928, 0.3333333333333333, 0.42424242424242425, -0.2888616552719703, -0.3172897489174552, 0.0, 0.0, 0.2642606667761137, 0.26424553198294704, 0.5392882904860531, 0.45785548531479814, 0.04430819701935564, 0.04430819701935564, 0.9179261662065983, 0.0, 0.0, 0.0, 0.5398904651403427, 0.46584344655275345, 0.46613219007849693, 0.7899415493011475, 0.7899415493011475, 0.10620566457509995, 0.573212256507268, 0.09516720473766327, 0.7933819857101108, 0.85, 0.0]
[0.9476057823215212, 0.9510987301667531, 0.3333333333333333, 0.42424242424242425, -0.2868128449488908, -0.31524093859437574, 0.0, 0.0, 0.26797753492687215, 0.26796244572043193, 0.5405429198226783, 0.4564148535869267, 0.045014034424509325, 0.045014034424509325, 0.9216742925345898, 0.0, 0.0, 0.0, 0.5485864460468292, 0.4664485789835453, 0.4668704681098461, 0.8032375574111938, 0.8032375574111938, 0.1037430390715599, 0.5719943822376311, 0.09264320880174637, 0.7920797641367413, 0.85, 0.0]
[0.9472245077292124, 0.9507428738805983, 0.3333333333333333, 0.42424242424242425, -0.2861011323765811, -0.314529226022066, 0.0, 0.0, 0.2694001371044502, 0.2693850023112835, 0.5392017383876312, 0.4576699359416455, 0.04486101546457836, 0.04486101546457836, 0.9226253032684326, 0.0, 0.0, 0.0, 0.550450912117958, 0.4668155051767826, 0.46724115684628487, 0.8056680560112, 0.8056680560112, 0.10348417609930038, 0.5705128283727736, 0.09244737029075623, 0.7905162411720253, 0.85, 0.0]
[0.9397661040226619, 0.9437816970878177, 0.3333333333333333, 0.42424242424242425, -0.27217877879102004, -0.30060687243650497, 0.0, 0.0, 0.27373965155782026, 0.2737245395580168, 0.5344073994665711, 0.46207102666570804, 0.044623035937547684, 0.044623035937547684, 0.9247070215642452, 0.0, 0.0, 0.0, 0.5472787141799926, 0.4679395817220211, 0.46821310743689537, 0.8018185496330261, 0.8018185496330261, 0.1017262414097786, 0.539348433415095, 0.09118255227804184, 0.7735066141846568, 0.85, 0.0]
[0.9390921990076702, 0.9431527190738254, 0.3333333333333333, 0.42424242424242425, -0.2709208227630354, -0.29934891640852035, 0.0, 0.0, 0.27339022929992096, 0.27337504892002784, 0.5339824029638024, 0.4624661382201474, 0.04463806748390198, 0.04463806748390198, 0.9244846254587173, 0.0, 0.0, 0.0, 0.5458590805530548, 0.4679490812122822, 0.4682033285498619, 0.7998327612876892, 0.7998327612876892, 0.10150232166051865, 0.5378586011273521, 0.09100566804409027, 0.7727719384223916, 0.85, 0.0]
[0.9416960704894293, 0.9455829991234673, 0.3333333333333333, 0.42424242424242425, -0.27578138286231924, -0.30420947650780417, 0.0, 0.0, 0.2585038609987919, 0.25848845268526677, 0.5347962627903226, 0.4617200259674069, 0.045240385723965514, 0.045240385723965514, 0.9208076894283295, 0.0, 0.0, 0.0, 0.5418512493371963, 0.46817636117339134, 0.46824849024415016, 0.7929514050483704, 0.7929514050483704, 0.10002097487449646, 0.5288555678867158, 0.08982247114181519, 0.7715883786075337, 0.85, 0.0]
[0.9340641037339257, 0.9384598301516639, 0.3333333333333333, 0.42424242424242425, -0.2615350449187124, -0.2899631385641973, 0.0, 0.0, 0.2537128784004634, 0.25369744729357513, 0.5429688630550815, 0.45399163416142624, 0.047398651284830916, 0.047398651284830916, 0.9079814366996288, 0.0, 0.0, 0.0, 0.5379118233919143, 0.46778757125139236, 0.46810803934931755, 0.7854441404342651, 0.7854441404342651, 0.10887712985277176, 0.5109821453927055, 0.09726235270500183, 0.7719867390602134, 0.85, 0.0]
[0.9352419873078663, 0.9395591881540086, 0.3333333333333333, 0.42424242424242425, -0.26373376092340184, -0.29216185456888677, 0.0, 0.0, 0.2284612509762124, 0.22844577428259766, 0.5489296124496605, 0.4494140430294027, 0.04808624141982624, 0.04808624141982624, 0.8857247084379196, 0.0, 0.0, 0.0, 0.5381909728050231, 0.4640754573047161, 0.4647825285792351, 0.7847192883491516, 0.7847192883491516, 0.12356896698474884, 0.47064327105643255, 0.11295930296182632, 0.7516877452821232, 0.85, 0.0]
[0.9282773087422054, 0.9330588214927249, 0.3333333333333333, 0.42424242424242425, -0.2507330276008345, -0.2791611212463194, 0.0, 0.0, 0.22611800206550903, 0.2261025481652575, 0.5412035883042826, 0.4571927796763576, 0.048392532127244134, 0.048392532127244134, 0.86600611358881, 0.0, 0.0, 0.0, 0.5342801481485366, 0.45484790205955505, 0.456475205719471, 0.7792854309082031, 0.7792854309082031, 0.0, 0.5, 0.0, 0.6976744186046512, 0.85, 0.0]
[0.9220862133162362, 0.9272804657618204, 0.3333333333333333, 0.42424242424242425, -0.23917631613902546, -0.2676044097845104, 0.0, 0.0, 0.21917395837904163, 0.2191584133053373, 0.5343399225639796, 0.46429155041058656, 0.04886521824768612, 0.04886521824768612, 0.8557414337992668, 0.0, 0.0, 0.0, 0.5303564310073852, 0.44949871301651, 0.4525210075080395, 0.7743775844573975, 0.7743775844573975, 0.0, 0.5, 0.0, 0.6976744186046512, 0.85, 0.0]
[0.9118128738233021, 0.9176920155684153, 0.3333333333333333, 0.42424242424242425, -0.21999941575221515, -0.24842750939770009, 0.0, 0.0, 0.19942453486513678, 0.19940894420470606, 0.5246619916098979, 0.4747831873359867, 0.048039510313953676, 0.048039510313953676, 0.8352193385362625, 0.0, 0.0, 0.0, 0.5179802507162093, 0.43976275622844696, 0.4459296017885208, 0.7574486136436462, 0.7574486136436462, 0.0, 0.5, 0.0, 0.6976744186046512, 0.85, 0.0]
[0.9065973432291121, 0.912824187013838, 0.3333333333333333, 0.42424242424242425, -0.21026375864306057, -0.2386918522885455, 0.0, 0.0, 0.19230277132577694, 0.19228715787198303, 0.5192991135567142, 0.4804942810234052, 0.04732899101717132, 0.04732899101717132, 0.8281283527612686, 0.0, 0.0, 0.0, 0.5045626580715179, 0.4353189915418625, 0.44241422787308693, 0.738619327545166, 0.738619327545166, 0.2869333028793335, 0.3852266788482666, 0.0, 0.6976744186046512, 0.85, 0.0]
[0.8787960161765416, 0.8868762817647722, 0.3333333333333333, 0.42424242424242425, -0.15836794814492894, -0.18679604179041387, 0.0, 0.0, 0.1769466546024009, 0.1769310639419701, 0.5193033987089963, 0.4811694546315177, 0.04486635460385255, 0.04486635460385255, 0.7666545510292053, 0.0, 0.0, 0.0, 0.4538284987211227, 0.40637051314115524, 0.41739559918642044, 0.6586406230926514, 0.6586406230926514, 0.37130188941955566, 0.3514792442321777, 0.38649290800094604, 0.60092709785284, 0.85, 0.0]
[0.8662693018005008, 0.8751846816804674, 0.3333333333333333, 0.42424242424242425, -0.13498474797631932, -0.16341284162180425, 0.0, 0.0, 0.17648759626749594, 0.17647198281370202, 0.5190639017188983, 0.4814942999455436, 0.04440366423555783, 0.04440366423555783, 0.761249341070652, 0.0, 0.0, 0.0, 0.43866691589355467, 0.40385957062244415, 0.41472814977169037, 0.6374135613441467, 0.6374135613441467, 0.3686404824256897, 0.3525438070297241, 0.3844265937805176, 0.60066859735999, 0.85, 0.0]
[0.8674768457810084, 0.8763117227289412, 0.3333333333333333, 0.42424242424242425, -0.13723883007326687, -0.1656669237187518, 0.0, 0.0, 0.18142607471910988, 0.1814105296454056, 0.5173955671418009, 0.4831490126389568, 0.043693587982228825, 0.043693587982228825, 0.762916699051857, 0.0, 0.0, 0.0, 0.43553228974342345, 0.4036601707339287, 0.4142731577157974, 0.6336081624031067, 0.6336081624031067, 0.36740994453430176, 0.3530360221862793, 0.3829921782016754, 0.6003377603930097, 0.85, 0.0]
[0.8659625862325941, 0.8748984138170879, 0.3333333333333333, 0.42424242424242425, -0.13441221224956024, -0.16284030589504517, 0.0, 0.0, 0.1819254545135206, 0.18190993223317947, 0.5166684289393416, 0.48389140387515445, 0.04352920156504427, 0.04352920156504427, 0.76303880661726, 0.0, 0.0, 0.0, 0.435481595993042, 0.4037737399339676, 0.4143753871321678, 0.633583128452301, 0.633583128452301, 0.36623990535736084, 0.35350403785705564, 0.3816990554332733, 0.6004260133865268, 0.85, 0.0]
[0.8642930175576891, 0.8733401497205098, 0.3333333333333333, 0.42424242424242425, -0.13129568405640424, -0.15972377770188917, 0.0, 0.0, 0.187712438703723, 0.18769698480347147, 0.511026441167691, 0.48935612979805443, 0.04320856050721237, 0.04320856050721237, 0.76789440959692, 0.0, 0.0, 0.0, 0.43663887381553645, 0.40611037611961365, 0.41670288145542145, 0.6358909606933594, 0.6358909606933594, 0.360175758600235, 0.35592969655990603, 0.374298632144928, 0.6044351569441861, 0.85, 0.0]
[0.8183900791974295, 0.8304974072509341, 0.3333333333333333, 0.42424242424242425, -0.04561019911725295, -0.07403829276273788, 0.0, 0.0, 0.2172195186578521, 0.2172042926912326, 0.5074721559397805, 0.49199995478931347, 0.04512683754520757, 0.04512683754520757, 0.7633258700370789, 0.0, 0.0, 0.0, 0.44254029393196104, 0.40977662056684494, 0.4199809655547142, 0.6436084508895874, 0.6436084508895874, 0.3036453127861023, 0.37854187488555907, 0.30897217988967896, 0.6165456061446389, 0.85, 0.0]
[0.6908430311651457, 0.711453495754136, 0.3333333333333333, 0.42424242424242425, 0.19247762387634348, 0.16404953023085855, 0.3467443287372589, 0.3463165760040283, 0.22066706042900597, 0.22065178887566006, 0.49817249384738976, 0.501187178823683, 0.045706003106066165, 0.045706003106066165, 0.7899100258946419, 0.0, 0.0, 0.0, 0.43070271909236907, 0.409750796854496, 0.4203551635146141, 0.6229181885719299, 0.6229181885719299, 0.20119702816009521, 0.4195211887359619, 0.0, 0.6976744186046512, 0.85, 0.0]
[0.6356889729698499, 0.6599763747718599, 0.3333333333333333, 0.42424242424242425, 0.2954318658408956, 0.26700377219541066, 0.18418526649475098, 0.18247085809707642, 0.2749624015268359, 0.27494772260093325, 0.49655667891864796, 0.5009929337824686, 0.04705739074519703, 0.04705739074519703, 0.8475933074951172, 0.0, 0.0, 0.0, 0.4363080710172653, 0.41375693678855896, 0.42380114644765854, 0.6372009515762329, 0.6372009515762329, 0.0, 0.5, 0.0, 0.6976744186046512, 0.85, 0.0]
[0.6383741444775036, 0.6624825348456701, 0.3333333333333333, 0.42424242424242425, 0.29041954569327527, 0.26199145204779034, 0.026850717142224312, 0.026704465970396996, 0.2954926572839799, 0.2954780923248933, 0.5010282355031251, 0.4955773959373602, 0.0454508193901607, 0.0454508193901607, 0.8688391000032425, 0.0, 0.0, 0.0, 0.44250169992446897, 0.42821040004491806, 0.4360731691122055, 0.6533131003379822, 0.6533131003379822, 0.0, 0.5, 0.0, 0.6976744186046512, 0.85, 0.0]
[0.6246913749547232, 0.6497119499577416, 0.3333333333333333, 0.42424242424242425, 0.3159607154691322, 0.28753262182364725, 0.0, 0.0, 0.31903153441376253, 0.3190173569418504, 0.5275636237848329, 0.46896342628949866, 0.04507287272385189, 0.04507287272385189, 0.8931622356176376, 0.0, 0.0, 0.0, 0.4377179205417633, 0.4318785294890404, 0.43817511573433876, 0.6481509804725647, 0.6481509804725647, 0.0, 0.5, 0.0, 0.6976744186046512, 0.85, 0.0]
[0.6192738892776626, 0.644655629992485, 0.3333333333333333, 0.42424242424242425, 0.3260733553996453, 0.2976452617541604, 0.0, 0.0, 0.32804702755142123, 0.32803435444148044, 0.5990736894808125, 0.39851801294618944, 0.04760020013366427, 0.04760020013366427, 0.8943852744996548, 0.0, 0.0, 0.0, 0.45921484529972073, 0.4322756230831146, 0.4351981580257416, 0.6696521043777466, 0.6696521043777466, 0.0, 0.5, 0.0, 0.6976744186046512, 0.8396268486976624, 0.0]
[0.6138946321748552, 0.6396349900298648, 0.3333333333333333, 0.42424242424242425, 0.3361146353248857, 0.3076865416794008, 0.0, 0.0, 0.32724642206560356, 0.3272336919722548, 0.6057803858762489, 0.3917459907718137, 0.05106646035398756, 0.05106646035398756, 0.8934398144483566, 0.0, 0.0, 0.0, 0.4645161807537079, 0.4317958578467369, 0.4315708950161934, 0.6765837669372559, 0.6765837669372559, 0.0, 0.5, 0.0, 0.6976744186046512, 0.8322282433509827, 0.02345315646380186]
[0.6112667503101485, 0.637182300289472, 0.3333333333333333, 0.42424242424242425, 0.3410200148056715, 0.3125919211601866, 0.0, 0.0, 0.3327178093488996, 0.3327051476356404, 0.5581749025767894, 0.4381088539878857, 0.05275407539946693, 0.05275407539946693, 0.8976288177073002, 0.0, 0.0, 0.0, 0.4518743276596069, 0.4321569725871086, 0.43212950974702835, 0.666146993637085, 0.666146993637085, 0.0, 0.5, 0.0, 0.6976744186046512, 0.8311691880226135, 0.014470452442765236]
[0.5591806948539757, 0.5885686485303773, 0.3333333333333333, 0.42424242424242425, 0.4382473183238609, 0.40981922467837595, 0.39061424136161804, 0.38850006461143494, 0.2646681665234538, 0.2646546044723481, 0.4878810380316601, 0.5092578899057549, 0.05509257050497192, 0.05509257050497192, 0.9002196788787842, 0.0, 0.0, 0.0, 0.4519928634166717, 0.4300968423485756, 0.43454960733652115, 0.663017749786377, 0.663017749786377, 0.0, 0.5, 0.0, 0.6976744186046512, 0.8159814476966858, 0.0033056549727916718]
[0.5113763217592523, 0.5439512336419688, 0.3333333333333333, 0.42424242424242425, 0.5274821481006777, 0.4990540544551928, 0.18329454958438873, 0.1826028972864151, 0.34965991107729155, 0.34964754567775397, 0.4369283023345539, 0.5585454917125624, 0.06496831508619445, 0.06496831508619445, 0.908730287104845, 0.0, 0.0, 0.0, 0.45004814267158505, 0.43112754076719284, 0.4378618933260441, 0.6552302837371826, 0.6552302837371826, 0.0, 0.5, 0.0, 0.6976744186046512, 0.7704296708106995, 0.00152666587382555]
[0.4642857142857143, 0.5, 0.3333333333333333, 0.42424242424242425, 0.6153846153846154, 0.5869565217391305, 0.014059151522815228, 0.01391187496483326, 0.3830764744979246, 0.3830647359158751, 0.40408703200447854, 0.5912129943452369, 0.06427591666579247, 0.06427591666579247, 0.9181623607873917, 0.0, 0.0, 0.0, 0.4344765871763229, 0.4303939417004585, 0.43827858939766884, 0.6316549181938171, 0.6316549181938171, 0.0, 0.5, 0.0, 0.6976744186046512, 0.7423136234283447, 0.0]
[0.4642857142857143, 0.5, 0.3333333333333333, 0.42424242424242425, 0.6153846153846154, 0.5869565217391305, 0.0, 0.0, 0.38098453381321395, 0.3809727154543933, 0.39284904919436514, 0.6024823066330727, 0.06372432623590742, 0.06372432623590742, 0.9195504002273083, 0.0, 0.0, 0.0, 0.4276650786399841, 0.42933762818574905, 0.4377695918083191, 0.6207504868507385, 0.6207504868507385, 0.0, 0.5, 0.0, 0.6976744186046512, 0.7185783982276917, 0.0]
[0.4642857142857143, 0.5, 0.3333333333333333, 0.42424242424242425, 0.6153846153846154, 0.5869565217391305, 0.0, 0.0, 0.38002839781358183, 0.380016556661398, 0.3895294123808239, 0.605883928324884, 0.06378991263253349, 0.06378991263253349, 0.9206451661884785, 0.0, 0.0, 0.0, 0.42477211356163025, 0.424945205450058, 0.4363342970609665, 0.6178758144378662, 0.6178758144378662, 0.0, 0.5, 0.0, 0.6976744186046512, 0.621283233165741, 0.0]
[0.4642857142857143, 0.5, 0.3333333333333333, 0.42424242424242425, 0.6153846153846154, 0.5869565217391305, 0.36307477951049805, 0.3610093295574188, 0.2814410275300647, 0.2814276478258647, 0.4199952837613983, 0.5769313467911457, 0.10274012706109456, 0.10274012706109456, 0.9211975447833538, 0.0, 0.0, 0.0, 0.3576538488268852, 0.40426764637231827, 0.4272620379924774, 0.5228819251060486, 0.5228819251060486, 0.10201790928840637, 0.4591928362846375, 0.10671975463628769, 0.608473586481671, 0.3884383738040924, 0.0]
[0.4642857142857143, 0.5, 0.3333333333333333, 0.42424242424242425, 0.6153846153846154, 0.5869565217391305, 0.10447865724563599, 0.1038740947842598, 0.3661185883655147, 0.3661064622962908, 0.4334091324195351, 0.5615248791723082, 0.09566536971500943, 0.09566536971500943, 0.9236969612538815, 0.0, 0.0, 0.0, 0.3830899178981781, 0.40336423367261887, 0.421790286898613, 0.5518893003463745, 0.5518893003463745, 0.09903310984373093, 0.4603867560625076, 0.10402698814868927, 0.6095458982988846, 0.33657097816467285, 0.0072592636570334435]
[0.4642857142857143, 0.5, 0.3333333333333333, 0.42424242424242425, 0.6153846153846154, 0.5869565217391305, 0.04257234185934067, 0.04210861772298813, 0.3663214492980198, 0.3663071122725653, 0.4412813902357112, 0.5535373560307081, 0.08911184168287686, 0.08911184168287686, 0.9246793128550053, 0.0, 0.0, 0.0, 0.39061149358749386, 0.40270984917879105, 0.4169846326112747, 0.5598405003547668, 0.5598405003547668, 0.09649580717086792, 0.4614016771316528, 0.10089133679866791, 0.6174958202728006, 0.2848421633243561, 0.05834683310240507]
[0.4642857142857143, 0.5, 0.3333333333333333, 0.42424242424242425, 0.6153846153846154, 0.5869565217391305, 0.025026420131325722, 0.02478114888072014, 0.3633488528359232, 0.363334390446971, 0.44533233501259273, 0.5494177786564913, 0.08545592959438052, 0.08545592959438052, 0.9247033707797527, 0.0, 0.0, 0.0, 0.3689861238002777, 0.40366853028535843, 0.41659288853406906, 0.5305029153823853, 0.5305029153823853, 0.09438296407461166, 0.46224681437015536, 0.09849882870912552, 0.6224298321230467, 0.2227475792169571, 0.06520600989460945]
[0.4642857142857143, 0.5, 0.3333333333333333, 0.42424242424242425, 0.6153846153846154, 0.5869565217391305, 0.0, 0.0, 0.354019027823016, 0.3540044400705662, 0.45012063369240407, 0.5446690022438885, 0.07808934897184372, 0.07808934897184372, 0.9254928901791573, 0.0, 0.0, 0.0, 0.31155392229557033, 0.41943614929914474, 0.4276323467493057, 0.45159468054771423, 0.45159468054771423, 0.0915888100862503, 0.4633644759654999, 0.09553991258144379, 0.6274990044360937, 0.19145701825618744, 0.05715243984013796]
[0.4642857142857143, 0.5, 0.3333333333333333, 0.42424242424242425, 0.6153846153846154, 0.5869565217391305, 0.0, 0.0, 0.33868675295755013, 0.3386718916847419, 0.4496227981483503, 0.54544364110297, 0.07148847516093935, 0.07148847516093935, 0.9238999597728252, 0.0, 0.0, 0.0, 0.17894383296370506, 0.44442949816584587, 0.44980036094784737, 0.26331546902656555, 0.26331546902656555, 0.087493397295475, 0.46500264108181, 0.09070386737585068, 0.6276077430608661, 0.08846310526132584, 0.030210793484002352]
[0.4642857142857143, 0.5, 0.3333333333333333, 0.42424242424242425, 0.6153846153846154, 0.5869565217391305, 0.0, 0.0, 0.3266980935237148, 0.32668308409404573, 0.44604195509084554, 0.5494346022954129, 0.04802593695265907, 0.04802593695265907, 0.9356878660619259, 0.0, 0.0, 0.0, 0.07229064665734768, 0.4759285692125559, 0.4773559384047985, 0.10620181262493134, 0.10620181262493134, 0.06315448135137558, 0.4747382074594498, 0.0630878135561943, 0.6265873912461969, 0.03766334056854248, 0.010381513275206089]
[0.4642857142857143, 0.5, 0.3333333333333333, 0.42424242424242425, 0.6153846153846154, 0.5869565217391305, 0.07618188858032227, 0.0760873481631279, 0.3196020636914109, 0.31958699727833384, 0.4607223340703698, 0.5350451727619541, 0.04276574988450323, 0.04276574988450323, 0.9383435230702162, 0.0, 0.0, 0.0, 0.07863206453621387, 0.4775229040533304, 0.4790669195353985, 0.11630784720182419, 0.11630784720182419, 0.05620969831943512, 0.47751612067222593, 0.05618952959775925, 0.6191761254571205, 0.033007409423589706, 0.0]
[0.4642857142857143, 0.5, 0.3333333333333333, 0.42424242424242425, 0.6153846153846154, 0.5869565217391305, 0.5689389705657959, 0.565262496471405, 0.20372746597056635, 0.20371144223623477, 0.4954847348266304, 0.5045668875459453, 0.054941422172955105, 0.054941422172955105, 0.9061034172773361, 0.0, 0.0, 0.0, 0.20093588232994078, 0.4256628528237343, 0.4316546246409416, 0.294375479221344, 0.294375479221344, 0.07060124725103378, 0.4717595010995865, 0.07784804701805115, 0.6083478241465813, 0.06506592035293579, 0.0]
[0.4642857142857143, 0.5, 0.3333333333333333, 0.42424242424242425, 0.6153846153846154, 0.5869565217391305, 0.16369347274303436, 0.16279223561286926, 0.3014555150646553, 0.30144038027148856, 0.5276807332357987, 0.4695613417930352, 0.054918564856052406, 0.054918564856052406, 0.9249200522899628, 0.0, 0.0, 0.0, 0.13401855155825615, 0.4607049822807312, 0.46152300015091896, 0.1977703869342804, 0.1977703869342804, 0.07523055374622345, 0.4699077785015106, 0.08188124746084213, 0.6055604163990465, 0.05818173289299011, 0.0]
[0.4642857142857143, 0.5, 0.3333333333333333, 0.42424242424242425, 0.6153846153846154, 0.5869565217391305, 0.07949849963188171, 0.07858071476221085, 0.3179297944099908, 0.3179148419637297, 0.5386474693254577, 0.4581448356639764, 0.047579165548086166, 0.047579165548086166, 0.9323430210351944, 0.0, 0.0, 0.0, 0.10181785002350807, 0.4690594654530287, 0.46978357806801796, 0.15102411806583405, 0.15102411806583405, 0.06360379606485367, 0.47455848157405855, 0.0653342455625534, 0.6044192924055942, 0.03847765922546387, 0.004106750420760363]
[0.4642857142857143, 0.5, 0.3333333333333333, 0.42424242424242425, 0.6153846153846154, 0.5869565217391305, 0.0778416246175766, 0.07690190523862839, 0.31790768484768406, 0.3178927665914678, 0.5379259995475099, 0.4588611740860332, 0.04601745467100825, 0.04601745467100825, 0.9333658665418625, 0.0, 0.0, 0.0, 0.09688682928681373, 0.4701848588883877, 0.4708186499774456, 0.1438528299331665, 0.1438528299331665, 0.061069030314683914, 0.4755723878741264, 0.06267127394676208, 0.6041815218537353, 0.036305345594882965, 0.004691164649557322]
[0.4642857142857143, 0.5, 0.3333333333333333, 0.42424242424242425, 0.6153846153846154, 0.5869565217391305, 0.2450471967458725, 0.24406686425209045, 0.27735540834941097, 0.2773400456226123, 0.4983766256879666, 0.49937635438569367, 0.06631969607302121, 0.06631969607302121, 0.9051381014287472, 0.0, 0.0, 0.0, 0.10606570988893509, 0.4568675830960274, 0.45913099497556686, 0.156551331281662, 0.156551331281662, 0.06856301426887512, 0.47257479429245, 0.07125755399465561, 0.6007605825745782, 0.04057732969522476, 0.004940103972330689]
[0.4642857142857143, 0.5, 0.3333333333333333, 0.42424242424242425, 0.6153846153846154, 0.5869565217391305, 0.10434510558843613, 0.10345565527677536, 0.32868442116002505, 0.32866965106066964, 0.4477637543505054, 0.5484174235322457, 0.0508937452520643, 0.0508937452520643, 0.9324349500238895, 0.0, 0.0, 0.0, 0.08330131359398364, 0.47037128172814846, 0.47186226584017277, 0.12253285199403763, 0.12253285199403763, 0.05957990512251854, 0.4761680379509926, 0.061057981103658676, 0.5941639909910601, 0.030818071216344833, 0.00471798179205507]
[0.4642857142857143, 0.5, 0.3333333333333333, 0.42424242424242425, 0.6153846153846154, 0.5869565217391305, 0.08610443770885468, 0.08527618646621704, 0.3424836941932401, 0.3424690950441087, 0.4223819654256846, 0.5735794473965761, 0.04667545535734722, 0.04667545535734722, 0.9376431815326214, 0.0, 0.0, 0.0, 0.09362219870090484, 0.47015060670673847, 0.4718322940170765, 0.13599491119384766, 0.13599491119384766, 0.05356121063232422, 0.4785755157470703, 0.05444074422121048, 0.5943294250687887, 0.028125684708356857, 0.0]
[0.4642857142857143, 0.5, 0.3333333333333333, 0.42424242424242425, 0.6153846153846154, 0.5869565217391305, 0.07298595458269119, 0.07227593660354614, 0.3438139946465283, 0.3437993954973968, 0.41837339920933797, 0.577409508813585, 0.04484781729323524, 0.04484781729323524, 0.9409322943538427, 0.0, 0.0, 0.0, 0.09998820722103119, 0.470391346141696, 0.47196339815855026, 0.14401672780513763, 0.14401672780513763, 0.05104745551943779, 0.4795810177922249, 0.051558878272771835, 0.5957847001940705, 0.027984950691461563, 0.0]
[0.4642857142857143, 0.5, 0.3333333333333333, 0.42424242424242425, 0.6153846153846154, 0.5869565217391305, 0.07085555791854858, 0.07015866786241531, 0.3431391743355454, 0.34312450680632434, 0.4216107006966498, 0.5740747357822918, 0.044301974454096386, 0.044301974454096386, 0.9417756740003824, 0.0, 0.0, 0.0, 0.10160985961556435, 0.47037376277148724, 0.47189606353640556, 0.146297425031662, 0.146297425031662, 0.05050760135054588, 0.4797969594597816, 0.050935667008161545, 0.5961349259975345, 0.028128718957304955, 0.0001689928467385471]
[0.4642857142857143, 0.5, 0.3333333333333333, 0.42424242424242425, 0.6153846153846154, 0.5869565217391305, 0.07122185826301575, 0.07051872462034225, 0.3518743888825805, 0.3518598125268123, 0.4317898007241535, 0.5634333122706043, 0.04535408291433539, 0.04535408291433539, 0.9420809727162123, 0.0, 0.0, 0.0, 0.137444432079792, 0.4707611594349146, 0.4720195923000574, 0.19819281995296478, 0.19819281995296478, 0.05270871892571449, 0.4789165124297142, 0.05305254086852074, 0.5948789036551188, 0.030321486294269562, 0.006994932773523033]
[0.4642857142857143, 0.5, 0.3333333333333333, 0.42424242424242425, 0.6153846153846154, 0.5869565217391305, 0.125059574842453, 0.12455088645219803, 0.3588895934489671, 0.35887519944010454, 0.44223716154153214, 0.5530229527388494, 0.04775246871369226, 0.04775246871369226, 0.9438502639532089, 0.0, 0.0, 0.0, 0.12021949887275694, 0.47084616869688034, 0.47197077982127666, 0.17233295738697052, 0.17233295738697052, 0.05415242910385132, 0.4783390283584595, 0.05469422787427902, 0.5956487704155057, 0.03228067606687546, 0.01491013914346695]
[0.4642857142857143, 0.5, 0.3333333333333333, 0.42424242424242425, 0.6153846153846154, 0.5869565217391305, 0.4050876796245575, 0.402986079454422, 0.280675535220261, 0.28066001293991993, 0.46799020876620057, 0.5289885886717887, 0.09179216410432543, 0.09179216410432543, 0.9163205064833164, 0.0, 0.0, 0.0, 0.19457311779260633, 0.43583574891090393, 0.43810660392045975, 0.2753622233867645, 0.2753622233867645, 0.06973427534103394, 0.47210628986358644, 0.07228780537843704, 0.5854004760121191, 0.061953846365213394, 0.01963164657354355]
[0.4642857142857143, 0.5, 0.3333333333333333, 0.42424242424242425, 0.6153846153846154, 0.5869565217391305, 0.11842872947454453, 0.11809159070253372, 0.3749207584169581, 0.3749066265317723, 0.47521562227555486, 0.519533636642409, 0.07925331326467651, 0.07925331326467651, 0.9296250678598881, 0.0, 0.0, 0.0, 0.1289113648235798, 0.46467944979667664, 0.46503613144159317, 0.1865786910057068, 0.1865786910057068, 0.06974030286073685, 0.47210387885570526, 0.07156220823526382, 0.5906665879626607, 0.047617122530937195, 0.034743594005703926]
[0.4642857142857143, 0.5, 0.3333333333333333, 0.42424242424242425, 0.6153846153846154, 0.5869565217391305, 0.04518737271428108, 0.04477297142148018, 0.39448600015950247, 0.39447271162875525, 0.46446874241983915, 0.5298612097886456, 0.07270642157111849, 0.07270642157111849, 0.938576215878129, 0.0, 0.0, 0.0, 0.12376210540533066, 0.4690891392529011, 0.469535980373621, 0.17925842106342316, 0.17925842106342316, 0.06587664037942886, 0.47364934384822843, 0.06703647971153259, 0.5985863506793976, 0.04369001090526581, 0.04503568634390831]
[0.4642857142857143, 0.5, 0.3333333333333333, 0.42424242424242425, 0.6153846153846154, 0.5869565217391305, 0.029054008424282074, 0.02860979549586773, 0.39558154036848314, 0.39556825183773586, 0.4598337063142036, 0.534385310595573, 0.07083414920738766, 0.07083414920738766, 0.9410706795752048, 0.0, 0.0, 0.0, 0.12401830703020095, 0.4696185551583767, 0.4701113570481539, 0.17954838275909424, 0.17954838275909424, 0.06464038044214249, 0.474143847823143, 0.065666064620018, 0.6003394653630811, 0.04309801384806633, 0.04595614969730377]
[0.6830428320737112, 0.7041733099354638, 0.3333333333333333, 0.42424242424242425, 0.20703799551368784, 0.1786099018682029, 0.33065083622932434, 0.33014988899230957, 0.26792789098181646, 0.26791255104838096, 0.4585228030130011, 0.538385788017153, 0.08958691731095314, 0.08958691731095314, 0.9312710836529732, 0.0, 0.0, 0.0, 0.36972610652446747, 0.42129799723625183, 0.43066172301769257, 0.5348284244537354, 0.5348284244537354, 0.07628505676984787, 0.4694859772920609, 0.08351557701826096, 0.6193348852007888, 0.34645479917526245, 0.0455365190282464]
[0.9188610698495592, 0.9242703318595886, 0.3333333333333333, 0.42424242424242425, -0.23315604833456183, -0.26158414198004676, 0.0, 0.0, 0.2833035416174573, 0.28328849799774347, 0.4581084709550409, 0.5385902316638156, 0.06107869957174574, 0.06107869957174574, 0.9450417160987854, 0.0, 0.0, 0.0, 0.456508320569992, 0.4563915766775608, 0.4618138521909714, 0.664661169052124, 0.664661169052124, 0.0, 0.5, 0.0, 0.6976744186046512, 0.704319953918457, 0.0]
[0.9270412574211757, 0.9319051735930972, 0.3333333333333333, 0.42424242424242425, -0.24842573180157912, -0.27685382544706405, 0.0, 0.0, 0.2850407605873239, 0.2850257625543364, 0.4567241644768141, 0.5399926916312483, 0.057539122977427075, 0.057539122977427075, 0.944872185587883, 0.0, 0.0, 0.0, 0.45887281894683835, 0.45836279541254044, 0.4626992605626583, 0.6706780195236206, 0.6706780195236206, 0.0, 0.5, 0.0, 0.6976744186046512, 0.7370476126670837, 0.0]
[0.9118717156705403, 0.9177469346258376, 0.3333333333333333, 0.42424242424242425, -0.2201092538670596, -0.24853734751254453, 0.0, 0.0, 0.2730544374732169, 0.27303930268005017, 0.4465441783573158, 0.5505667201539932, 0.0473487244120666, 0.0473487244120666, 0.920743178576231, 0.0, 0.0, 0.0, 0.45948562920093533, 0.46097205206751823, 0.4642725810408592, 0.6758096218109131, 0.6758096218109131, 0.0, 0.5, 0.0, 0.6976744186046512, 0.8419106602668762, 0.0]
[0.9054726426090512, 0.9117744664351145, 0.3333333333333333, 0.42424242424242425, -0.2081643174856136, -0.23659241113109852, 0.0, 0.0, 0.27163659910854826, 0.271621509902108, 0.4436321495595899, 0.5535548137881168, 0.044892821460962296, 0.044892821460962296, 0.9147374406456947, 0.0, 0.0, 0.0, 0.4622976720333099, 0.4601396732032299, 0.4637337401509285, 0.6809629797935486, 0.6809629797935486, 0.0, 0.5, 0.0, 0.6976744186046512, 0.85, 0.0]
[0.8928161816937583, 0.8999617695808411, 0.3333333333333333, 0.42424242424242425, -0.1845389237770667, -0.21296701742255164, 0.0, 0.0, 0.274263762151306, 0.27424871853159216, 0.44445483041766953, 0.5527021997238842, 0.043738811675991335, 0.043738811675991335, 0.9113316126167774, 0.0, 0.0, 0.0, 0.4629007190465927, 0.4591779299080372, 0.46297136321663857, 0.681732714176178, 0.681732714176178, 0.0, 0.5, 0.0, 0.6976744186046512, 0.85, 0.0]
[0.8810646292709169, 0.8889936539861891, 0.3333333333333333, 0.42424242424242425, -0.16260269258776272, -0.19103078623324765, 0.0, 0.0, 0.27718247510279115, 0.2771674542764405, 0.4366161586221728, 0.5605033447398916, 0.04214206444365638, 0.04214206444365638, 0.906234297901392, 0.0, 0.0, 0.0, 0.4654498428106308, 0.457049872726202, 0.46127382665872574, 0.683945894241333, 0.683945894241333, 0.0, 0.5, 0.0, 0.6976744186046512, 0.85, 0.0]
[0.8813415247769583, 0.8892520897918277, 0.3333333333333333, 0.42424242424242425, -0.16311956419904006, -0.191547657844525, 0.0, 0.0, 0.2782895259601892, 0.27827452792720175, 0.4362630666327978, 0.5608773959390242, 0.04232112584369523, 0.04232112584369523, 0.9037262015044689, 0.0, 0.0, 0.0, 0.49138240814208983, 0.4556807242333889, 0.4599405564367771, 0.7161924242973328, 0.7161924242973328, 0.0, 0.5, 0.0, 0.6976744186046512, 0.85, 0.0]
[0.8784988799265452, 0.8865989545981089, 0.3333333333333333, 0.42424242424242425, -0.15781329381160236, -0.1862413874570873, 0.0, 0.0, 0.2787848485359498, 0.27876978212287273, 0.4426271445892509, 0.5542333595674712, 0.04297272701348578, 0.04297272701348578, 0.8993390128016472, 0.0, 0.0, 0.0, 0.5108542740345001, 0.45428600162267685, 0.45866209268569946, 0.7417204976081848, 0.7417204976081848, 0.0, 0.5, 0.0, 0.6976744186046512, 0.85, 0.0]
[0.8735774521316801, 0.882005621989568, 0.3333333333333333, 0.42424242424242425, -0.1486266285945207, -0.17705472224000562, 0.0, 0.0, 0.2805388662144969, 0.28052384538814623, 0.45222872347494386, 0.5444758491472299, 0.043074152033243863, 0.043074152033243863, 0.897752370685339, 0.0, 0.0, 0.0, 0.5129931956529618, 0.45507049933075905, 0.459458589553833, 0.7448473572731018, 0.7448473572731018, 0.0, 0.5, 0.0, 0.6976744186046512, 0.85, 0.0]
[0.8475785447018487, 0.8577399750550587, 0.3333333333333333, 0.42424242424242425, -0.10009533472550214, -0.12852342837098707, 0.0, 0.0, 0.2827265276279778, 0.28271143842153745, 0.46320573937140735, 0.5333307215127566, 0.04352267565471786, 0.04352267565471786, 0.894096627831459, 0.0, 0.0, 0.0, 0.5107852011919022, 0.4548141360282898, 0.4594065807759762, 0.7428345680236816, 0.7428345680236816, 0.0, 0.5, 0.0, 0.6976744186046512, 0.85, 0.0]
[0.8466263782410395, 0.8568512863583035, 0.3333333333333333, 0.42424242424242425, -0.09831795733199156, -0.1267460509774765, 0.0, 0.0, 0.27746390475825644, 0.27744876996508977, 0.46166980289364407, 0.5351762730641707, 0.043294624026332586, 0.043294624026332586, 0.8918705359101295, 0.0, 0.0, 0.0, 0.48555018603801725, 0.45472128316760063, 0.45950616896152496, 0.7048999071121216, 0.7048999071121216, 0.0, 0.5, 0.0, 0.6976744186046512, 0.85, 0.0]
[0.8423375224783307, 0.8528483543131087, 0.3333333333333333, 0.42424242424242425, -0.09031209324160183, -0.11874018688708676, 0.0, 0.0, 0.2780351976135721, 0.2780201767872214, 0.45397381470262665, 0.5429031761786172, 0.04418065771460533, 0.04418065771460533, 0.8853680267930031, 0.0, 0.0, 0.0, 0.49305630326271055, 0.4497767314314842, 0.4558747224509716, 0.7144776582717896, 0.7144776582717896, 0.0, 0.5, 0.0, 0.6976744186046512, 0.85, 0.0]
[0.8379969738778614, 0.8487971756193373, 0.3333333333333333, 0.42424242424242425, -0.08220973585405911, -0.11063782949954404, 0.0, 0.0, 0.27793891844740337, 0.2779238976210527, 0.4477438272527253, 0.5492635822667168, 0.045452515727707324, 0.045452515727707324, 0.8797951936721802, 0.0, 0.0, 0.0, 0.4918863624334335, 0.443756602704525, 0.4502619206905365, 0.712651252746582, 0.712651252746582, 0.0, 0.5, 0.0, 0.6976744186046512, 0.85, 0.0]
[0.8387358408598673, 0.8494867848025428, 0.3333333333333333, 0.42424242424242425, -0.08358895422047019, -0.11201704786595512, 0.0, 0.0, 0.27780719560145417, 0.27779217477510354, 0.44758981249756385, 0.549551139063128, 0.046171559286969054, 0.046171559286969054, 0.8761017061769962, 0.0, 0.0, 0.0, 0.49098249077796935, 0.44254428893327713, 0.44900498911738396, 0.7111020684242249, 0.7111020684242249, 0.0, 0.5, 0.0, 0.6976744186046512, 0.85, 0.0]
[0.8424110348735537, 0.8529169658819835, 0.3333333333333333, 0.42424242424242425, -0.0904493163793515, -0.11887741002483643, 0.0, 0.0, 0.2705567863201776, 0.2705417199071005, 0.4491813248931564, 0.5481919266532024, 0.046160186507872174, 0.046160186507872174, 0.8744557350873947, 0.0, 0.0, 0.0, 0.49058574438095087, 0.4435722641646862, 0.44999508559703827, 0.7104817032814026, 0.7104817032814026, 0.0, 0.5, 0.0, 0.6976744186046512, 0.85, 0.0]
[0.8449501572620302, 0.8552868134445615, 0.3333333333333333, 0.42424242424242425, -0.09518901150450743, -0.12361710514999236, 0.0, 0.0, 0.26238431711725707, 0.26236915953072715, 0.44532301252704276, 0.5525158967451607, 0.04572665185800621, 0.04572665185800621, 0.8658502399921417, 0.0, 0.0, 0.0, 0.48652769923210143, 0.44577781483531, 0.45214657485485077, 0.7034618258476257, 0.7034618258476257, 0.0, 0.5, 0.0, 0.6976744186046512, 0.85, 0.0]
[0.8410833591506595, 0.8516778018739488, 0.3333333333333333, 0.42424242424242425, -0.08797098836328221, -0.11639908200876714, 0.0, 0.0, 0.2446273298610009, 0.24461203551429184, 0.4451290239111643, 0.5532727111942175, 0.045122089130537855, 0.045122089130537855, 0.8447114676237106, 0.0, 0.0, 0.0, 0.4842494428157806, 0.44056224077939987, 0.44838810339570045, 0.6999743580818176, 0.6999743580818176, 0.0, 0.5, 0.0, 0.6976744186046512, 0.85, 0.0]
[0.8229077032634191, 0.8347138563791912, 0.3333333333333333, 0.42424242424242425, -0.05404309737376678, -0.08247119101925171, 0.0, 0.0, 0.22952431064262901, 0.22950887953574067, 0.4556415708981326, 0.5431913526695905, 0.0440303169723068, 0.0440303169723068, 0.8232262954115868, 0.0, 0.0, 0.0, 0.4769162058830261, 0.4286738634109497, 0.43837205320596695, 0.6906217336654663, 0.6906217336654663, 0.0, 0.5, 0.0, 0.6976744186046512, 0.85, 0.0]
[0.8131308740093595, 0.8255888157420688, 0.3333333333333333, 0.42424242424242425, -0.035793016099522235, -0.06422110974500717, 0.0, 0.0, 0.22546684126553074, 0.2254513873652792, 0.4629566620458381, 0.5360772263314888, 0.042830728260534155, 0.042830728260534155, 0.8133445531129837, 0.0, 0.0, 0.0, 0.46502341032028194, 0.425433024764061, 0.4350699707865715, 0.671536386013031, 0.671536386013031, 0.0, 0.5, 0.0, 0.6976744186046512, 0.85, 0.0]
[0.8078948720580055, 0.8207018805874718, 0.3333333333333333, 0.42424242424242425, -0.02601914579032827, -0.0544472394358132, 0.0, 0.0, 0.21977871189153902, 0.2197632351979243, 0.460909524565673, 0.5384286965233823, 0.041351839900016785, 0.041351839900016785, 0.8012330532073975, 0.0, 0.0, 0.0, 0.45875730812549587, 0.4147958531975746, 0.4271131753921509, 0.6655498147010803, 0.6655498147010803, 0.23981569707393646, 0.4040737211704254, 0.0, 0.6976744186046512, 0.85, 0.0]
[0.7947676408858526, 0.8084497981601291, 0.3333333333333333, 0.42424242424242425, -0.00151498093564284, -0.02994307458112777, 0.0, 0.0, 0.21527223605270823, 0.21525675935909355, 0.4641204655284408, 0.5354022892045195, 0.040179016068577766, 0.040179016068577766, 0.7829655259847641, 0.0, 0.0, 0.0, 0.45303826034069056, 0.4083114340901375, 0.42128171026706696, 0.6554122567176819, 0.6554122567176819, 0.25355905294418335, 0.39857637882232666, 0.2742024064064026, 0.6183877171472062, 0.85, 0.0]
[0.7837832676512855, 0.7981977164745331, 0.3333333333333333, 0.42424242424242425, 0.018989182435549257, -0.009438911209935674, 0.0, 0.0, 0.2185930695178176, 0.2185777067910189, 0.45459920190716335, 0.5450168018992448, 0.04004662590367454, 0.04004662590367454, 0.7816422656178474, 0.0, 0.0, 0.0, 0.4347696721553802, 0.40498504787683487, 0.4183694049715996, 0.6224127411842346, 0.6224127411842346, 0.24979254603385925, 0.4000829815864563, 0.2665967047214508, 0.6155440401892329, 0.85, 0.0]
[0.7570904007270223, 0.7732843740118874, 0.3333333333333333, 0.42424242424242425, 0.06881586736084055, 0.040387773715355624, 0.07032159715890884, 0.07025817781686783, 0.2370470778208162, 0.23703185185419673, 0.3901310090125177, 0.6096358754616116, 0.04016610660723278, 0.04016610660723278, 0.795745849609375, 0.0, 0.0, 0.0, 0.4282668739557266, 0.4045804366469383, 0.4176299199461937, 0.6087139248847961, 0.6087139248847961, 0.0, 0.5, 0.0, 0.6976744186046512, 0.85, 0.0]
[0.7420365469796317, 0.759234110514323, 0.3333333333333333, 0.42424242424242425, 0.09691639435596955, 0.06848830071048462, 0.05859903618693352, 0.05862990766763687, 0.24129348138550272, 0.24127830100560965, 0.35864835988951005, 0.6416114025721764, 0.040868090997849195, 0.040868090997849195, 0.818838357925415, 0.0, 0.0, 0.0, 0.4193742513656616, 0.4050046503543854, 0.41838789731264114, 0.5944988131523132, 0.5944988131523132, 0.0, 0.5, 0.0, 0.6976744186046512, 0.85, 0.0]
[0.7536430791729973, 0.7700668738947974, 0.3333333333333333, 0.42424242424242425, 0.07525086759502053, 0.0468227739495356, 0.009577520191669464, 0.009573410265147686, 0.24512244729649268, 0.24510722132987317, 0.31130012818549835, 0.6901413390964162, 0.04015839924769742, 0.04015839924769742, 0.8484988063573837, 0.0, 0.0, 0.0, 0.4109690189361572, 0.41217098385095596, 0.4253839701414108, 0.5830739736557007, 0.5830739736557007, 0.0, 0.5, 0.0, 0.6976744186046512, 0.85, 0.0]
[0.7532255894371442, 0.7696772168080013, 0.3333333333333333, 0.42424242424242425, 0.07603018176861298, 0.04760208812312805, 0.0, 0.0, 0.24832616846146593, 0.24831107925502566, 0.3120507592224938, 0.6893011073486704, 0.039914428655590334, 0.039914428655590334, 0.853282019495964, 0.0, 0.0, 0.0, 0.40943591892719267, 0.414484366774559, 0.4276784807443619, 0.5811949372291565, 0.5811949372291565, 0.0, 0.5, 0.0, 0.6976744186046512, 0.85, 0.0]
[0.7495319020180475, 0.7662297752168443, 0.3333333333333333, 0.42424242424242425, 0.08292506495092677, 0.054496971305441844, 0.0, 0.0, 0.2503715992885611, 0.2503564417020313, 0.31718276472438134, 0.6837766685125198, 0.03957742692104408, 0.03957742692104408, 0.8564243018627167, 0.0, 0.0, 0.0, 0.407522240281105, 0.4152981862425804, 0.42862845212221146, 0.5782288908958435, 0.5782288908958435, 0.0, 0.5, 0.0, 0.6976744186046512, 0.85, 0.0]
[0.7405035634125983, 0.7578033258517582, 0.3333333333333333, 0.42424242424242425, 0.09977796368109881, 0.07134987003561388, 0.0, 0.0, 0.2596839417918918, 0.2596688525854516, 0.3598262753131057, 0.6397727930244428, 0.03968766890466213, 0.03968766890466213, 0.8590504676103592, 0.0, 0.0, 0.0, 0.39987453520298, 0.4196232333779335, 0.43215709179639816, 0.5706295371055603, 0.5706295371055603, 0.0, 0.5, 0.0, 0.6976744186046512, 0.85, 0.0]
[0.7169994030679976, 0.735866109530131, 0.3333333333333333, 0.42424242424242425, 0.1436523963243534, 0.11522430267886846, 0.0, 0.0, 0.25731956343349943, 0.25730447422705915, 0.4384446194249403, 0.5601125560892422, 0.040084303223661015, 0.040084303223661015, 0.8467170670628548, 0.0, 0.0, 0.0, 0.3966088980436325, 0.4216146618127823, 0.4333568140864372, 0.5750889182090759, 0.5750889182090759, 0.0, 0.5, 0.0, 0.6976744186046512, 0.85, 0.0]
[0.7140042253193402, 0.7330706102980508, 0.3333333333333333, 0.42424242424242425, 0.1492433947885139, 0.12081530114302896, 0.027169138193130493, 0.025716574862599373, 0.26103982779537516, 0.2610247157955716, 0.48209622063554725, 0.5160381005958612, 0.04025945972119059, 0.04025945972119059, 0.8393956497311592, 0.0, 0.0, 0.0, 0.406785574555397, 0.4234597757458687, 0.4337491914629936, 0.5949946641921997, 0.5949946641921997, 0.0, 0.5, 0.0, 0.6976744186046512, 0.85, 0.0]
[0.6806141822820618, 0.7019065701299243, 0.3333333333333333, 0.42424242424242425, 0.2115714751247667, 0.18314338147928177, 0.06896019726991653, 0.0646880567073822, 0.2577947366761888, 0.2577795335029325, 0.5537802452794909, 0.44481431954170914, 0.04077535920909473, 0.04077535920909473, 0.8344088420271873, 0.0, 0.0, 0.0, 0.41633558869361875, 0.4239986389875412, 0.43265215307474136, 0.6107455492019653, 0.6107455492019653, 0.1535578966140747, 0.43857684135437014, 0.0, 0.6976744186046512, 0.85, 0.0]
[0.6516320091627893, 0.67485654188527, 0.3333333333333333, 0.42424242424242425, 0.2656715316140754, 0.2372434379685905, 0.10340818762779236, 0.0992622822523117, 0.2648613858633242, 0.26484638783033676, 0.5725129822244152, 0.4262351072946374, 0.04252007364162377, 0.04252007364162377, 0.8349145501852036, 0.0, 0.0, 0.0, 0.41820775270462035, 0.4244035854935646, 0.4310230314731598, 0.6109434366226196, 0.6109434366226196, 0.0, 0.5, 0.0, 0.6976744186046512, 0.85, 0.0]
[0.648906977048942, 0.6723131785790125, 0.3333333333333333, 0.42424242424242425, 0.27075825822659033, 0.2423301645811054, 0.11027549207210541, 0.10519930720329285, 0.2695932424775045, 0.26957826723788025, 0.5916327447781827, 0.40751963632233923, 0.04406299841191088, 0.04406299841191088, 0.8360817581415176, 0.0, 0.0, 0.0, 0.4168504744768142, 0.4276798591017723, 0.43151411414146423, 0.6066474318504333, 0.6066474318504333, 0.0, 0.5, 0.0, 0.6976744186046512, 0.85, 0.0]
[0.6492507858645349, 0.6726340668068992, 0.3333333333333333, 0.42424242424242425, 0.2701164817708171, 0.24168838812533217, 0.10422689467668533, 0.09964796155691147, 0.26595125052486734, 0.265936161318427, 0.586206380085553, 0.4128345927539742, 0.04455641843378544, 0.04455641843378544, 0.8384222462773323, 0.0, 0.0, 0.0, 0.4163729727268219, 0.42820046097040176, 0.4306063577532768, 0.6043323278427124, 0.6043323278427124, 0.0, 0.5, 0.0, 0.6976744186046512, 0.85, 0.0007916841423138976]
[0.6537135594657489, 0.6767993221680323, 0.3333333333333333, 0.42424242424242425, 0.2617859710485508, 0.23335787740306585, 0.09355879575014114, 0.08917270600795746, 0.27156402504011046, 0.27154895862703343, 0.5752833673648579, 0.42341748290895687, 0.04466036999864238, 0.04466036999864238, 0.8430628329515457, 0.0, 0.0, 0.0, 0.418138512969017, 0.4283076077699661, 0.43061091005802155, 0.6070138216018677, 0.6070138216018677, 0.0, 0.5, 0.0, 0.6976744186046512, 0.85, 3.998400643467903e-05]
[0.6560544698011308, 0.6789841718143887, 0.3333333333333333, 0.42424242424242425, 0.25741627175583803, 0.2289881781103531, 0.14046616852283478, 0.13766667246818542, 0.2648894672867901, 0.2648746971874346, 0.565186591266902, 0.43354522379082383, 0.044390563187854636, 0.044390563187854636, 0.842874176800251, 0.0, 0.0, 0.0, 0.4193248927593231, 0.4288182780146599, 0.43115534633398056, 0.6093803644180298, 0.6093803644180298, 0.0, 0.5, 0.0, 0.6976744186046512, 0.8483738303184509, 0.0]
[0.6576273938020071, 0.6804522342152066, 0.3333333333333333, 0.42424242424242425, 0.2544801469542023, 0.22605205330871736, 0.14243276417255402, 0.1396925300359726, 0.26380789940945276, 0.26379315210346055, 0.5644545653126207, 0.434314306055332, 0.04430102716599192, 0.04430102716599192, 0.8425803706049919, 0.0, 0.0, 0.0, 0.4193073272705078, 0.4286891669034958, 0.43105337768793106, 0.6094650626182556, 0.6094650626182556, 0.0, 0.5, 0.0, 0.6976744186046512, 0.8479422926902771, 0.0]
[0.6735215133854321, 0.6952867458264033, 0.3333333333333333, 0.42424242424242425, 0.22481112373180884, 0.1963830300863239, 0.09300240874290466, 0.09036276489496231, 0.25815860992635864, 0.2581438626203665, 0.5577356345794853, 0.4411191848627646, 0.04356843153280872, 0.04356843153280872, 0.8400086611509323, 0.0, 0.0, 0.0, 0.4195807188749313, 0.4280419945716858, 0.43079521507024765, 0.6111512780189514, 0.6111512780189514, 0.0, 0.5, 0.0, 0.6976744186046512, 0.8451067209243774, 0.0]
[0.6689908508033979, 0.6910581274165047, 0.3333333333333333, 0.42424242424242425, 0.23326836055160594, 0.204840266906121, 0.0953749343752861, 0.0931992456316948, 0.2476206910769752, 0.2476058070108038, 0.5527477059264028, 0.4464423127151078, 0.04235020439539637, 0.04235020439539637, 0.8330984115600586, 0.0, 0.0, 0.0, 0.4189253509044647, 0.42225346714258194, 0.4271014779806137, 0.6110918521881104, 0.6110918521881104, 0.1493126004934311, 0.44027495980262754, 0.0, 0.6976744186046512, 0.8337153792381287, 0.0]
[0.6643220775184178, 0.6867006056838565, 0.3333333333333333, 0.42424242424242425, 0.24198340401690233, 0.2135553103714174, 0.11296389251947403, 0.11082996428012848, 0.24079136638750764, 0.2407764823213362, 0.546299184257624, 0.45313746427208196, 0.04226664879492351, 0.04226664879492351, 0.8216051459312439, 0.0, 0.0, 0.0, 0.4053531110286712, 0.4174206405878067, 0.4233952760696411, 0.5911745429039001, 0.5911745429039001, 0.15447428822517395, 0.4382102847099304, 0.0, 0.6976744186046512, 0.8218088150024414, 0.0]
[0.6656917869335129, 0.6879790011379454, 0.3333333333333333, 0.42424242424242425, 0.23942661310872465, 0.21099851946323972, 0.09901390969753265, 0.09646803140640259, 0.23665580694807647, 0.23664090008854183, 0.5440489721571738, 0.45553590731178095, 0.04241335205733776, 0.04241335205733776, 0.816789299249649, 0.0, 0.0, 0.0, 0.4021204560995102, 0.41121596843004227, 0.41973286867141724, 0.5865134000778198, 0.5865134000778198, 0.15926238894462585, 0.43629504442214967, 0.0, 0.6976744186046512, 0.8092480897903442, 0.0]
[0.6564211802823203, 0.6793264349301656, 0.3333333333333333, 0.42424242424242425, 0.2567317455242842, 0.22830365187879925, 0.4076743423938751, 0.4063434600830078, 0.20658190163781948, 0.2065668124313792, 0.5320369409785444, 0.4686386094671768, 0.04429977786328112, 0.04429977786328112, 0.8102479577064514, 0.0, 0.0, 0.0, 0.41023377180099485, 0.40094202756881714, 0.41099832206964493, 0.5920529961585999, 0.5920529961585999, 0.16175377368927002, 0.435298490524292, 0.0, 0.6976744186046512, 0.8108687996864319, 0.0]
[0.6269867480510757, 0.651854298181004, 0.3333333333333333, 0.42424242424242425, 0.31167601902260744, 0.2832479253771225, 0.33092430233955383, 0.33038970828056335, 0.21395468848613208, 0.2139396904531446, 0.525124751017153, 0.4751573916780283, 0.049444250762462616, 0.049444250762462616, 0.804453581571579, 0.0, 0.0, 0.0, 0.4119205176830292, 0.3936768025159836, 0.4061809331178665, 0.5942026972770691, 0.5942026972770691, 0.1628035604953766, 0.43487857580184935, 0.0, 0.6976744186046512, 0.8080779910087585, 0.0]
[0.6014395941581046, 0.6280102878808975, 0.3333333333333333, 0.42424242424242425, 0.3593640396228204, 0.33093594597733544, 0.1363457590341568, 0.13500340282917023, 0.27946260919078586, 0.2794482265786049, 0.5232613593852771, 0.47499012828050513, 0.04844559622662408, 0.04844559622662408, 0.8434182181954384, 0.0, 0.0, 0.0, 0.4096395283937454, 0.41446249186992645, 0.4216390401124954, 0.5925243496894836, 0.5925243496894836, 0.0, 0.5, 0.0, 0.6976744186046512, 0.7879214286804199, 0.0]
[0.5884180237494764, 0.615856822166178, 0.3333333333333333, 0.42424242424242425, 0.3836709710522595, 0.35524287740677457, 0.12433751672506332, 0.12305095046758652, 0.28648143790192176, 0.2864671008764672, 0.5238706729950002, 0.47418368769370756, 0.04741653800010681, 0.04741653800010681, 0.8554053977131844, 0.0, 0.0, 0.0, 0.4084465771913528, 0.4185326099395752, 0.42519842833280563, 0.591738760471344, 0.591738760471344, 0.0, 0.5, 0.0, 0.6976744186046512, 0.7776710987091064, 0.0]
[0.589917098305055, 0.6172559584180514, 0.3333333333333333, 0.42424242424242425, 0.38087269854851263, 0.3524446049030277, 0.3376930356025696, 0.33707454800605774, 0.23922890413331716, 0.23921399727378245, 0.5153215277947157, 0.4838603707111538, 0.048676926110472, 0.048676926110472, 0.8673207759857178, 0.0, 0.0, 0.0, 0.4082682728767395, 0.4217662587761879, 0.4299490302801132, 0.5921406149864197, 0.5921406149864197, 0.0, 0.5, 0.0, 0.6976744186046512, 0.7762028574943542, 0.0]
[0.58664848868336, 0.6142052561044693, 0.3333333333333333, 0.42424242424242425, 0.3869741031756768, 0.3585460095301919, 0.06397087872028351, 0.06214665248990059, 0.3113620463566388, 0.31134797145486104, 0.5161119802618118, 0.480918231880637, 0.04697350519044059, 0.04697350519044059, 0.8859509602189064, 0.0, 0.0, 0.0, 0.40585648119449613, 0.43420061469078064, 0.44000767171382904, 0.5928007960319519, 0.5928007960319519, 0.0, 0.5, 0.0, 0.6976744186046512, 0.7838951349258423, 0.0]
[0.5753515015045803, 0.6036614014042748, 0.3333333333333333, 0.42424242424242425, 0.4080618125760658, 0.37963371893058084, 0.027311362326145172, 0.026697248220443726, 0.3190528917950836, 0.3190389422568035, 0.5174243722545485, 0.4794466524638769, 0.04624052771500179, 0.04624052771500179, 0.8936450518667698, 0.0, 0.0, 0.0, 0.4025777846574783, 0.43545907735824585, 0.44099973514676094, 0.5913889408111572, 0.5913889408111572, 0.0, 0.5, 0.0, 0.6976744186046512, 0.7842045426368713, 0.0]
[0.527823289945012, 0.5593017372820113, 0.3333333333333333, 0.42424242424242425, 0.49678114082059294, 0.468353047175108, 0.01112054567784071, 0.011116755194962025, 0.3243445420128438, 0.32433067225133483, 0.5172026298698003, 0.4794096018519907, 0.04648752510547638, 0.04648752510547638, 0.8991607949137688, 0.0, 0.0, 0.0, 0.3997528702020645, 0.43530238419771194, 0.44047411903738976, 0.5879959464073181, 0.5879959464073181, 0.0, 0.5, 0.0, 0.6976744186046512, 0.7692312598228455, 0.0]
[0.4642857142857143, 0.5, 0.3333333333333333, 0.42424242424242425, 0.6153846153846154, 0.5869565217391305, 0.0, 0.0, 0.32374875768876665, 0.3237348651338946, 0.5188073125555684, 0.4777489685824856, 0.04694418981671333, 0.04694418981671333, 0.8990696221590042, 0.0, 0.0, 0.0, 0.40047128200531, 0.4345836117863655, 0.4396545849740505, 0.5896589159965515, 0.5896589159965515, 0.0, 0.5, 0.0, 0.6976744186046512, 0.7669190764427185, 0.0]
[0.4642857142857143, 0.5, 0.3333333333333333, 0.42424242424242425, 0.6153846153846154, 0.5869565217391305, 0.0, 0.0, 0.3285395807335527, 0.328525790748815, 0.5174671952856659, 0.479226571145472, 0.04770830539720399, 0.04770830539720399, 0.9020474702119827, 0.0, 0.0, 0.0, 0.3981460869312286, 0.4346360117197037, 0.43968939036130905, 0.5867360830307007, 0.5867360830307007, 0.0, 0.5, 0.0, 0.6976744186046512, 0.7347785234451294, 0.0]
[0.4642857142857143, 0.5, 0.3333333333333333, 0.42424242424242425, 0.6153846153846154, 0.5869565217391305, 0.0, 0.0, 0.3231562100222644, 0.3231423288640739, 0.5099427983820096, 0.48659465686262404, 0.04941596782633237, 0.04941596782633237, 0.9016425535082817, 0.0, 0.0, 0.0, 0.39591278731822965, 0.42761558294296265, 0.4347318857908249, 0.5850075483322144, 0.5850075483322144, 0.0, 0.5, 0.0, 0.6976744186046512, 0.7121137976646423, 0.0]
[0.4642857142857143, 0.5, 0.3333333333333333, 0.42424242424242425, 0.6153846153846154, 0.5869565217391305, 0.0, 0.0, 0.31613923897022955, 0.3161251754651334, 0.49729172855501647, 0.4992861952375449, 0.05147381818720273, 0.05147381818720273, 0.8978561572730541, 0.0, 0.0, 0.0, 0.3851825475692749, 0.4246389642357826, 0.43328703939914703, 0.5680792927742004, 0.5680792927742004, 0.0, 0.5, 0.0, 0.6976744186046512, 0.7094404697418213, 0.0]
[0.4642857142857143, 0.5, 0.3333333333333333, 0.42424242424242425, 0.6153846153846154, 0.5869565217391305, 0.0, 0.0, 0.315473387847667, 0.31545938132597884, 0.4956713636792185, 0.5009060967670066, 0.051435982542378564, 0.051435982542378564, 0.8970646895468235, 0.0, 0.0, 0.0, 0.38240500986576076, 0.4248441979289055, 0.43327412754297256, 0.5629851818084717, 0.5629851818084717, 0.0, 0.5, 0.0, 0.6976744186046512, 0.709412693977356, 0.0]
[0.4642857142857143, 0.5, 0.3333333333333333, 0.42424242424242425, 0.6153846153846154, 0.5869565217391305, 0.0, 0.0, 0.3286634512658785, 0.32864966128114076, 0.48722161891127636, 0.5091776487197698, 0.05207923640097891, 0.05207923640097891, 0.8964123092591763, 0.0, 0.0, 0.0, 0.401229789853096, 0.4157004728913307, 0.4265507608652115, 0.5921829342842102, 0.5921829342842102, 0.0, 0.5, 0.0, 0.6976744186046512, 0.6951894760131836, 0.0]
[0.4642857142857143, 0.5, 0.3333333333333333, 0.42424242424242425, 0.6153846153846154, 0.5869565217391305, 0.0, 0.0, 0.3917794592293909, 0.39176512220393633, 0.4751003647853494, 0.5204863992242872, 0.053987907511847365, 0.053987907511847365, 0.915757741779089, 0.0, 0.0, 0.0, 0.4242376387119293, 0.41599565744400024, 0.42573612928390503, 0.6293284296989441, 0.6293284296989441, 0.0, 0.5, 0.0, 0.6976744186046512, 0.6135413646697998, 0.0]
[0.4642857142857143, 0.5, 0.3333333333333333, 0.42424242424242425, 0.6153846153846154, 0.5869565217391305, 0.0, 0.0, 0.3895595110169332, 0.38954511700807065, 0.46309477273182476, 0.5324227806550317, 0.05749902022736413, 0.05749902022736413, 0.9199882932007313, 0.0, 0.0, 0.0, 0.4017855226993561, 0.41139984875917435, 0.4235848933458328, 0.5968819856643677, 0.5968819856643677, 0.0, 0.5, 0.0, 0.6976744186046512, 0.5445725321769714, 0.0]
[0.4642857142857143, 0.5, 0.3333333333333333, 0.42424242424242425, 0.6153846153846154, 0.5869565217391305, 0.0, 0.0, 0.37077012116776825, 0.37075536246509444, 0.46065847846335706, 0.5349476584804167, 0.061665661633014686, 0.061665661633014686, 0.9190008193254471, 0.0, 0.0, 0.0, 0.3891081213951111, 0.40730761736631393, 0.42123785614967346, 0.5722577571868896, 0.5722577571868896, 0.0, 0.5, 0.0, 0.6976744186046512, 0.5115748047828674, 0.0]
[0.4642857142857143, 0.5, 0.3333333333333333, 0.42424242424242425, 0.6153846153846154, 0.5869565217391305, 0.0, 0.0, 0.35991806418672345, 0.3599031117404624, 0.46097776219676145, 0.5344898438083916, 0.06260151575718607, 0.06260151575718607, 0.9186442010104656, 0.0, 0.0, 0.0, 0.38302270174026487, 0.40373943001031876, 0.4150480479001999, 0.5591398477554321, 0.5591398477554321, 0.0, 0.5, 0.0, 0.6976744186046512, 0.3914874792098999, 0.0]
[0.4642857142857143, 0.5, 0.3333333333333333, 0.42424242424242425, 0.6153846153846154, 0.5869565217391305, 0.0, 0.0, 0.35288644839883077, 0.3528712908123009, 0.4657337142450176, 0.5295664488648771, 0.06427649674671038, 0.06427649674671038, 0.916361290961504, 0.0, 0.0, 0.0, 0.3938924431800842, 0.3895082399249077, 0.40112411975860596, 0.5756700038909912, 0.5756700038909912, 0.08820603787899017, 0.4647175848484039, 0.08943919092416763, 0.6199795250282731, 0.2280053347349167, 0.005754175363108516]
[0.4642857142857143, 0.5, 0.3333333333333333, 0.42424242424242425, 0.6153846153846154, 0.5869565217391305, 0.0, 0.0, 0.34643508325799244, 0.3464198572913729, 0.47501431129174754, 0.5205922231112972, 0.0651287181036813, 0.0651287181036813, 0.9031399935483932, 0.0, 0.0, 0.0, 0.29240020662546157, 0.41862624138593674, 0.42605945467948914, 0.43237996101379395, 0.43237996101379395, 0.09201081842184067, 0.4631956726312637, 0.09491782635450363, 0.6054314208585163, 0.11813677102327347, 0.01002093544229865]
[0.4642857142857143, 0.5, 0.3333333333333333, 0.42424242424242425, 0.6153846153846154, 0.5869565217391305, 0.0, 0.0, 0.33914831856240735, 0.33913303561237984, 0.4806895552926036, 0.5150755511136579, 0.06141011204038348, 0.06141011204038348, 0.9169914908707142, 0.0, 0.0, 0.0, 0.16480031311511992, 0.44197551533579826, 0.4473463036119938, 0.2444094866514206, 0.2444094866514206, 0.08015787601470947, 0.4679368495941162, 0.08250601589679718, 0.600350485291592, 0.05862639099359512, 0.008082385174930096]
[0.4642857142857143, 0.5, 0.3333333333333333, 0.42424242424242425, 0.6153846153846154, 0.5869565217391305, 0.31040245294570923, 0.3099023401737213, 0.25489833842727927, 0.2548824742464901, 0.48971072967604057, 0.5091020203406629, 0.0574635634464877, 0.0574635634464877, 0.9032941982150078, 0.0, 0.0, 0.0, 0.09135581776499747, 0.4589311480522156, 0.4599972143769264, 0.13609415292739868, 0.13609415292739868, 0.07639636099338531, 0.4694414556026459, 0.07594110071659088, 0.5881775707699533, 0.031272053718566895, 0.005072727217338979]
[0.4642857142857143, 0.5, 0.3333333333333333, 0.42424242424242425, 0.6153846153846154, 0.5869565217391305, 0.1128605380654335, 0.11224541813135147, 0.3159863866765914, 0.31597088718961347, 0.4931160930408802, 0.5035177261327416, 0.04708496055432729, 0.04708496055432729, 0.9304948709905148, 0.0, 0.0, 0.0, 0.05106244310736656, 0.4773526955395937, 0.478393841534853, 0.0, -0.0, 0.06553363800048828, 0.4737865447998047, 0.06519167125225067, 0.5888137533221134, 0.02361704409122467, 0.0036867614835500717]
[0.4642857142857143, 0.5, 0.3333333333333333, 0.42424242424242425, 0.6153846153846154, 0.5869565217391305, 0.08550389111042023, 0.08488474041223526, 0.3189770696723894, 0.31896130806173467, 0.4904567101546501, 0.5061440971061281, 0.041852379217743874, 0.041852379217743874, 0.9352515563368797, 0.0, 0.0, 0.0, 0.0370390810072422, 0.4826396908611059, 0.48332722671329975, 0.0, -0.0, 0.05704069882631302, 0.47718372046947477, 0.05658717826008797, 0.5861742309359617, 0.019454708322882652, 0.0]
[0.4642857142857143, 0.5, 0.3333333333333333, 0.42424242424242425, 0.6153846153846154, 0.5869565217391305, 0.06852301955223083, 0.06778750568628311, 0.32085161865555306, 0.32083581145817186, 0.49293849926377803, 0.5034897301843877, 0.03902203270367214, 0.03902203270367214, 0.9375318139791489, 0.0, 0.0, 0.0, 0.03425597846508026, 0.48408079892396927, 0.48474423959851265, 0.0, -0.0, 0.052400387823581696, 0.47903984487056733, 0.05187268927693367, 0.5834620809832285, 0.01719471998512745, 0.0]
[0.4642857142857143, 0.5, 0.3333333333333333, 0.42424242424242425, 0.6153846153846154, 0.5869565217391305, 0.047000836580991745, 0.046165741980075836, 0.3241244948844837, 0.3241086307036945, 0.4946902173056657, 0.5013900511528697, 0.03535729433809008, 0.03535729433809008, 0.9411705508828163, 0.0, 0.0, 0.0, 0.02998761814087629, 0.4861204968765378, 0.48684665001928806, 0.0, -0.0, 0.046730201691389084, 0.48130791932344436, 0.04608653858304024, 0.5904293580110683, 0.01447970885783434, 0.0]
[0.4642857142857143, 0.5, 0.3333333333333333, 0.42424242424242425, 0.6153846153846154, 0.5869565217391305, 0.4211808741092682, 0.41964274644851685, 0.23605105343557908, 0.23603450545389382, 0.48145302896517866, 0.5172320910388557, 0.04488891389753138, 0.04488891389753138, 0.9154259525239468, 0.0, 0.0, 0.0, 0.07788639701902866, 0.47508815862238407, 0.4787568747997284, 0.11651639640331268, 0.11651639640331268, 0.05640465021133423, 0.4774381399154663, 0.055088624358177185, 0.5927111797554548, 0.015077016316354275, 0.0]
[0.4642857142857143, 0.5, 0.3333333333333333, 0.42424242424242425, 0.6153846153846154, 0.5869565217391305, 0.2139180600643158, 0.21343901753425598, 0.28197881414147224, 0.2819624713000558, 0.4737801617919601, 0.5232106363517554, 0.058324046965156286, 0.058324046965156286, 0.9143026359379292, 0.0, 0.0, 0.0, 0.057498416304588316, 0.47448097355663776, 0.4757328312844038, 0.0, -0.0, 0.07279421389102936, 0.47088231444358825, 0.07069244235754013, 0.5885188766690188, 0.018795747309923172, 0.0]
[0.4642857142857143, 0.5, 0.3333333333333333, 0.42424242424242425, 0.6153846153846154, 0.5869565217391305, 0.07668913900852203, 0.07611963152885437, 0.3451766844689276, 0.34516099123836247, 0.47124337443430153, 0.523959375539605, 0.048337480319397795, 0.048337480319397795, 0.9379454515874386, 0.0, 0.0, 0.0, 0.03777094464749098, 0.48430136404931545, 0.4847652930766344, 0.0, -0.0, 0.058548759669065475, 0.4765804961323738, 0.05755894258618355, 0.5825780020203701, 0.01679377816617489, 0.0]
[0.4642857142857143, 0.5, 0.3333333333333333, 0.42424242424242425, 0.6153846153846154, 0.5869565217391305, 0.07803844660520554, 0.07777591049671173, 0.34690591436499163, 0.34689026672115286, 0.47270805600952237, 0.5225402863891306, 0.04489532006638391, 0.04489532006638391, 0.943036649376154, 0.0, 0.0, 0.0, 0.041836666874587536, 0.4853404900059104, 0.4857705431059003, 0.0, -0.0, 0.05273689702153206, 0.47890524119138717, 0.0518072210252285, 0.5818290939164716, 0.015955382958054543, 0.0]
[0.4642857142857143, 0.5, 0.3333333333333333, 0.42424242424242425, 0.6153846153846154, 0.5869565217391305, 0.3306262195110321, 0.3301568329334259, 0.26389159663913353, 0.2638750942441747, 0.48729026824748767, 0.5100151481131017, 0.09373105530227935, 0.09373105530227935, 0.8942486420273781, 0.0, 0.0, 0.0, 0.1663523659110069, 0.4459531530737877, 0.44996513426303864, 0.2436549812555313, 0.2436549812555313, 0.0828714519739151, 0.46685141921043394, 0.08209191262722015, 0.570887531652007, 0.0397300086915493, 0.009234058088622987]
[0.4642857142857143, 0.5, 0.3333333333333333, 0.42424242424242425, 0.6153846153846154, 0.5869565217391305, 0.274726927280426, 0.27487969398498535, 0.28668129011048415, 0.28666503844252056, 0.48983216416767406, 0.5067861633541885, 0.09134131350687573, 0.09134131350687573, 0.8989391513168812, 0.0, 0.0, 0.0, 0.15200103297829626, 0.45063453167676926, 0.4523939788341522, 0.22001291811466217, 0.22001291811466217, 0.08355458080768585, 0.46657816767692567, 0.08285553753376007, 0.5701306185056997, 0.0400080680847168, 0.01378967659547925]
[0.4642857142857143, 0.5, 0.3333333333333333, 0.42424242424242425, 0.6153846153846154, 0.5869565217391305, 0.12162292748689651, 0.12121811509132385, 0.32734593788934707, 0.32733005091519474, 0.5051475847656367, 0.4905370767389561, 0.05962465224521501, 0.05962465224521501, 0.929512694478035, 0.0, 0.0, 0.0, 0.0692593403160572, 0.47518276423215866, 0.47453778609633446, 0.10119295865297318, -0.0, 0.06727883964776993, 0.473088464140892, 0.06743308156728745, 0.5863290297430616, 0.029725423082709312, 0.024698534980416298]
[0.4642857142857143, 0.5, 0.3333333333333333, 0.42424242424242425, 0.6153846153846154, 0.5869565217391305, 0.08822792768478394, 0.08771111816167831, 0.32891181914801804, 0.3288958979838209, 0.5030437210150932, 0.4925769174937258, 0.05545346598540034, 0.05545346598540034, 0.9314020909368992, 0.0, 0.0, 0.0, 0.08108019195497035, 0.4724203273653984, 0.4730216506868601, 0.11876142024993896, 0.11876142024993896, 0.0598217248916626, 0.47607131004333497, 0.06004597991704941, 0.5895315353260484, 0.02748078480362892, 0.03298313822597265]
[0.4642857142857143, 0.5, 0.3333333333333333, 0.42424242424242425, 0.6153846153846154, 0.5869565217391305, 0.3290492594242096, 0.3280172646045685, 0.252294492995078, 0.2522790618881897, 0.4959128176932353, 0.5020385736210574, 0.05491710933191436, 0.05491710933191436, 0.9201198928058147, 0.0, 0.0, 0.0, 0.14598523899912833, 0.4386983960866928, 0.44321534410119057, 0.21356768906116486, 0.21356768906116486, 0.0565139465034008, 0.4773944213986397, 0.0569881796836853, 0.5912931956524072, 0.03403937816619873, 0.03602693555876613]
[0.4642857142857143, 0.5, 0.3333333333333333, 0.42424242424242425, 0.6153846153846154, 0.5869565217391305, 0.2411627471446991, 0.2408372014760971, 0.27632558140654406, 0.2763106061669198, 0.4891832413910452, 0.5084040220284731, 0.07340071190680776, 0.07340071190680776, 0.9105755537748337, 0.0, 0.0, 0.0, 0.10361162647604942, 0.45381341502070427, 0.45616383850574493, 0.15154783427715302, 0.15154783427715302, 0.07119297981262207, 0.47152280807495117, 0.073573537170887, 0.5915388880774033, 0.045046500861644745, 0.033652747515589]
[0.4642857142857143, 0.5, 0.3333333333333333, 0.42424242424242425, 0.6153846153846154, 0.5869565217391305, 0.12903420627117157, 0.1284639984369278, 0.30975718844689104, 0.30974255510771476, 0.48208121120587816, 0.5144948303534875, 0.05375697410532407, 0.05375697410532407, 0.9243715517222881, 0.0, 0.0, 0.0, 0.0816035084426403, 0.4660782366991043, 0.4677276313304901, 0.12027653306722641, 0.12027653306722641, 0.06177195534110069, 0.4752912178635597, 0.06292426586151123, 0.5960571835207384, 0.033917203545570374, 0.02535221865400672]
[0.4642857142857143, 0.5, 0.3333333333333333, 0.42424242424242425, 0.6153846153846154, 0.5869565217391305, 0.07379677891731262, 0.07334106415510178, 0.3154606577543182, 0.3154461611753212, 0.4777568514898676, 0.5187069783424506, 0.04313436336815357, 0.04313436336815357, 0.9320467077195644, 0.0, 0.0, 0.0, 0.03853233139961958, 0.478316493332386, 0.47893626242876053, 0.0, -0.0, 0.04863837733864784, 0.48054464906454086, 0.049687374383211136, 0.6110237694756929, 0.02262156642973423, 0.005444823764264584]
[0.4642857142857143, 0.5, 0.3333333333333333, 0.42424242424242425, 0.6153846153846154, 0.5869565217391305, 0.07359041273593903, 0.0731273964047432, 0.3148203693885876, 0.3148058728095906, 0.4774024118428932, 0.5190838552063277, 0.04214324988424778, 0.04214324988424778, 0.9327129572629929, 0.0, 0.0, 0.0, 0.036269987188279625, 0.4793800264596939, 0.479978296905756, 0.0, -0.0, 0.04751894250512123, 0.48099242299795153, 0.048509128391742706, 0.6116628993389218, 0.021471770480275154, 0.0034239422529935837]
[0.4642857142857143, 0.5, 0.3333333333333333, 0.42424242424242425, 0.6153846153846154, 0.5869565217391305, 0.27984654903411865, 0.2792799472808838, 0.2468989848178842, 0.24688371326453828, 0.48256112974186927, 0.5161462949926443, 0.06279516965150833, 0.06279516965150833, 0.8943082503974438, 0.0, 0.0, 0.0, 0.08051031753420829, 0.45822978392243385, 0.4600265175104141, 0.1194937527179718, 0.1194937527179718, 0.0712594985961914, 0.4714962005615234, 0.07237302511930466, 0.5986165619173716, 0.030211428180336952, 0.0]
[0.4642857142857143, 0.5, 0.3333333333333333, 0.42424242424242425, 0.6153846153846154, 0.5869565217391305, 0.11026979982852936, 0.10959552228450775, 0.29956113585550515, 0.29954652530969217, 0.5301523743122531, 0.46746069974192195, 0.0509962732238429, 0.0509962732238429, 0.9116370156407356, 0.0, 0.0, 0.0, 0.09992747381329536, 0.4606974758207798, 0.46265120804309845, 0.1481284648180008, 0.1481284648180008, 0.0631287544965744, 0.4747484982013702, 0.06470674276351929, 0.5996220472247101, 0.02858695201575756, 0.0]
[0.4642857142857143, 0.5, 0.3333333333333333, 0.42424242424242425, 0.6153846153846154, 0.5869565217391305, 0.10153434425592422, 0.10072141140699387, 0.29737413544955715, 0.2973600035643714, 0.5532328455671526, 0.44489522458439756, 0.05130056025726455, 0.05130056025726455, 0.9051552824676037, 0.0, 0.0, 0.0, 0.12089745998382567, 0.4524291381239891, 0.4547075964510441, 0.17944064736366272, 0.17944064736366272, 0.06369131058454514, 0.4745234757661819, 0.0659371018409729, 0.6013918165550676, 0.030961232259869576, 0.0]
[0.4642857142857143, 0.5, 0.3333333333333333, 0.42424242424242425, 0.6153846153846154, 0.5869565217391305, 0.976116418838501, 0.9761071801185608, 0.27268600555040645, 0.2726718508718574, 0.5408112261992796, 0.45913958362087415, 0.09810609476906913, 0.09810609476906913, 0.8482476100325584, 0.0, 0.0, 0.0, 0.1499819092452526, 0.40674999356269836, 0.41416865587234497, 0.22013883292675018, 0.22013883292675018, 0.08520954847335815, 0.46591618061065676, 0.09423527121543884, 0.5846128526122071, 0.06355766952037811, 0.010262494906783104]
[0.4642857142857143, 0.5, 0.3333333333333333, 0.42424242424242425, 0.6153846153846154, 0.5869565217391305, 0.39543840289115906, 0.39315736293792725, 0.2613396972816715, 0.2613263631641979, 0.2702235473501523, 0.736889923001288, 0.11705384190593447, 0.11705384190593447, 0.8525622338056564, 0.0, 0.0, 0.0, 0.1387907214462757, 0.42469360679388046, 0.42975378781557083, 0.20805253088474274, 0.20805253088474274, 0.098087377846241, 0.4607650488615036, 0.1070970669388771, 0.5812392990256465, 0.06607040762901306, 0.017256384016945958]
[0.4642857142857143, 0.5, 0.3333333333333333, 0.42424242424242425, 0.6153846153846154, 0.5869565217391305, 0.04160292446613312, 0.040568023920059204, 0.35494091679443596, 0.3549293263692473, 0.2082662172116923, 0.8012659822726974, 0.10005701865468707, 0.10005701865468707, 0.8719966076314449, 0.0, 0.0, 0.0, 0.1568649783730507, 0.4316408857703209, 0.43347789347171783, 0.2245081067085266, 0.2245081067085266, 0.08809521049261093, 0.4647619158029556, 0.09358354657888412, 0.584893663262212, 0.052686311304569244, 0.017973791109398007]
[0.4642857142857143, 0.5, 0.3333333333333333, 0.42424242424242425, 0.6153846153846154, 0.5869565217391305, 0.0, 0.0, 0.3604940638715405, 0.36048254182644146, 0.20364331287362153, 0.8059747264165902, 0.0882410497537681, 0.0882410497537681, 0.8818162344396114, 0.0, 0.0, 0.0, 0.14528007432818413, 0.4393192157149315, 0.4407944343984127, 0.20727726817131042, 0.20727726817131042, 0.07562825828790665, 0.4697486966848373, 0.07940318435430527, 0.5881026976330336, 0.042814821004867554, 0.014742155326530337]
[0.4642857142857143, 0.5, 0.3333333333333333, 0.42424242424242425, 0.6153846153846154, 0.5869565217391305, 0.0, 0.0, 0.37288484381900006, 0.37287361808762265, 0.18149279089320458, 0.829295550837293, 0.08170513968382563, 0.08170513968382563, 0.8945463970303535, 0.0, 0.0, 0.0, 0.1358483351767063, 0.4493449926376343, 0.4503737613558769, 0.19658005237579346, 0.19658005237579346, 0.06793828308582306, 0.4728246867656708, 0.07132021337747574, 0.5946511342081913, 0.039950497448444366, 0.011488135205581784]
[0.4642857142857143, 0.5, 0.3333333333333333, 0.42424242424242425, 0.6153846153846154, 0.5869565217391305, 0.0, 0.0, 0.37936343563218416, 0.37935248342116523, 0.15025396237637756, 0.8627067008341653, 0.07811411949140686, 0.07811411949140686, 0.8981064409017563, 0.0, 0.0, 0.0, 0.1252609558403492, 0.4538167156279087, 0.4546622857451439, 0.18358656764030457, 0.18358656764030457, 0.06375978887081146, 0.4744960844516754, 0.06678739190101624, 0.5977153188960497, 0.038306985050439835, 0.007070297142490745]
[0.4642857142857143, 0.5, 0.3333333333333333, 0.42424242424242425, 0.6153846153846154, 0.5869565217391305, 0.0, 0.0, 0.35648218122084785, 0.356470226101848, 0.23332916117535035, 0.7735321348022954, 0.07280983030796051, 0.07280983030796051, 0.9153181426227093, 0.0, 0.0, 0.0, 0.09284737706184387, 0.464634295552969, 0.46464013308286667, 0.1364850550889969, 0.1364850550889969, 0.05765838548541069, 0.4769366458058357, 0.05968652293086052, 0.5982800902322282, 0.034326665103435516, 0.00012768927263095975]
[0.4642857142857143, 0.5, 0.3333333333333333, 0.42424242424242425, 0.6153846153846154, 0.5869565217391305, 0.34557127952575684, 0.3453947901725769, 0.26165404055360175, 0.26163956676796796, 0.560673055183819, 0.43895774721364855, 0.07285756724221366, 0.07285756724221366, 0.90330670773983, 0.0, 0.0, 0.0, 0.1160083919763565, 0.4523807689547539, 0.45738135650753975, 0.17368684709072113, 0.17368684709072113, 0.061403464525938034, 0.4754386141896248, 0.06298080086708069, 0.5976381897926331, 0.03353850543498993, 0.007854345021769404]
[0.4642857142857143, 0.5, 0.3333333333333333, 0.42424242424242425, 0.6153846153846154, 0.5869565217391305, 0.16701316833496094, 0.1666105091571808, 0.32740842589456765, 0.3273952171405916, 0.6736404790932999, 0.3291802829761072, 0.07374020293354988, 0.07374020293354988, 0.9056787043809891, 0.0, 0.0, 0.0, 0.1062277317047119, 0.45775820314884186, 0.4610668122768402, 0.15896308422088623, 0.15896308422088623, 0.06255599111318588, 0.4749776035547256, 0.06373819708824158, 0.5978714068268621, 0.03344805911183357, 0.012999743921682239]
[0.4642857142857143, 0.5, 0.3333333333333333, 0.42424242424242425, 0.6153846153846154, 0.5869565217391305, 0.0, 0.0, 0.38974215423627745, 0.38973046124095445, 0.6894362342061322, 0.3143428292324114, 0.06865264847874641, 0.06865264847874641, 0.9261010438203812, 0.0, 0.0, 0.0, 0.08356378152966498, 0.4715724978595972, 0.47394972667098045, 0.12598922848701477, 0.12598922848701477, 0.05885177105665207, 0.4764592915773392, 0.05848186835646629, 0.6001886170963908, 0.030180854722857475, 0.011330136330798268]
[0.4642857142857143, 0.5, 0.3333333333333333, 0.42424242424242425, 0.6153846153846154, 0.5869565217391305, 0.0, 0.0, 0.38890306215669185, 0.388894879339302, 0.6454630385849262, 0.35664993257362526, 0.06401586479374341, 0.06401586479374341, 0.9302504770457745, 0.0, 0.0, 0.0, 0.08342868164181709, 0.4732201099395752, 0.4756142180413008, 0.1257346272468567, 0.1257346272468567, 0.0553731732070446, 0.47785073071718215, 0.05383066087961197, 0.6006488238656243, 0.02702164277434349, 0.0]
[0.4642857142857143, 0.5, 0.3333333333333333, 0.42424242424242425, 0.6153846153846154, 0.5869565217391305, 0.0, 0.0, 0.3917230798455087, 0.3917149882015717, 0.6293504785169379, 0.37223671813261394, 0.05971351904528482, 0.05971351904528482, 0.9337666556239128, 0.0, 0.0, 0.0, 0.06096721701323986, 0.4771951362490654, 0.47897983714938164, 0.0, -0.0, 0.051182474941015244, 0.4795270100235939, 0.04947163164615631, 0.6097058432046757, 0.02418890967965126, 0.0]
[0.4642857142857143, 0.5, 0.3333333333333333, 0.42424242424242425, 0.6153846153846154, 0.5869565217391305, 0.0, 0.0, 0.3905406171459541, 0.39053244572524587, 0.6023073155383079, 0.39845347353828064, 0.05671666136809758, 0.05671666136809758, 0.9362657926976681, 0.0, 0.0, 0.0, 0.059555343911051745, 0.4789309147745371, 0.4806906282901764, 0.0, -0.0, 0.04822146147489548, 0.4807114154100418, 0.04672921821475029, 0.6117101186929748, 0.022612478584051132, 0.0]
[0.4642857142857143, 0.5, 0.3333333333333333, 0.42424242424242425, 0.6153846153846154, 0.5869565217391305, 0.0, 0.0, 0.3904479051411266, 0.3904397337204184, 0.602263392727416, 0.39848067741726323, 0.05644361887659346, 0.05644361887659346, 0.9365499429404736, 0.0, 0.0, 0.0, 0.05983729138970375, 0.479042099788785, 0.48080687038600445, 0.0, -0.0, 0.04804041236639023, 0.4807838350534439, 0.04658288136124611, 0.6117020772640095, 0.022514361888170242, 0.0]
[0.4642857142857143, 0.5, 0.3333333333333333, 0.42424242424242425, 0.6153846153846154, 0.5869565217391305, 0.0, 0.0, 0.3899195321887219, 0.38991134937133204, 0.6091608923662233, 0.3916665900910967, 0.054607093334198, 0.054607093334198, 0.9393369816243649, 0.0, 0.0, 0.0, 0.06674678698182106, 0.47922729700803757, 0.48110042326152325, 0.10077080130577087, -0.0, 0.046843770891427994, 0.4812624916434288, 0.04568655043840408, 0.6120335639909257, 0.022107094526290894, 0.0]
[0.4642857142857143, 0.5, 0.3333333333333333, 0.42424242424242425, 0.6153846153846154, 0.5869565217391305, 0.06362488865852356, 0.06263667345046997, 0.33842158636673003, 0.33841171684046323, 0.3687922498692062, 0.6278090296415658, 0.05263689373220717, 0.05263689373220717, 0.9411562029272318, 0.0, 0.0, 0.0, 0.06630615815520285, 0.47935864701867104, 0.48123016580939293, 0.0, -0.0, 0.04638124629855156, 0.48144750148057935, 0.04554877430200577, 0.608287931874741, 0.02188762277364731, 0.0]
[0.4642857142857143, 0.5, 0.3333333333333333, 0.42424242424242425, 0.6153846153846154, 0.5869565217391305, 0.08176863938570023, 0.0808047279715538, 0.3341019249327096, 0.33409196423299, 0.36897415230424635, 0.6276356234326594, 0.05055903057966914, 0.05055903057966914, 0.9417690373957157, 0.0, 0.0, 0.0, 0.06571513265371322, 0.47957928106188774, 0.48138174042105675, 0.0, -0.0, 0.04622722417116165, 0.4815091103315353, 0.045773543417453766, 0.6033976826556894, 0.021787237375974655, 0.0]
[0.4642857142857143, 0.5, 0.3333333333333333, 0.42424242424242425, 0.6153846153846154, 0.5869565217391305, 0.08791454881429672, 0.08698391169309616, 0.3352673267999069, 0.3352574002902321, 0.3650479840958779, 0.631645135573579, 0.04590414065335478, 0.04590414065335478, 0.9427306614816189, 0.0, 0.0, 0.0, 0.06389746442437172, 0.4800844043493271, 0.48174761794507504, 0.0, -0.0, 0.045655664056539536, 0.4817377343773842, 0.045995667576789856, 0.6000310529110043, 0.021252648904919624, 0.0]
[0.4642857142857143, 0.5, 0.3333333333333333, 0.42424242424242425, 0.6153846153846154, 0.5869565217391305, 0.09055337309837341, 0.08966732770204544, 0.3383975051785062, 0.3383876128588762, 0.35618544582199185, 0.6406643326327581, 0.04374030179211072, 0.04374030179211072, 0.9441081527620554, 0.0, 0.0, 0.0, 0.06269443444907664, 0.4811078179627657, 0.48255608789622784, 0.0, -0.0, 0.04592288285493851, 0.4816308468580246, 0.04661976546049118, 0.5985287247702133, 0.021107038483023643, 0.0]
[0.4642857142857143, 0.5, 0.3333333333333333, 0.42424242424242425, 0.6153846153846154, 0.5869565217391305, 0.09194891899824142, 0.09114529937505722, 0.3450711967840249, 0.3450554465700518, 0.34005731788693605, 0.6573272612486418, 0.04191887165818896, 0.04191887165818896, 0.9463172405958176, 0.0, 0.0, 0.0, 0.05415614917874336, 0.4825241398066282, 0.4837139155715704, 0.0, -0.0, 0.044539835304021835, 0.48218406587839124, 0.0456024594604969, 0.6000216859717702, 0.020611869171261787, 0.0]
[0.4642857142857143, 0.5, 0.3333333333333333, 0.42424242424242425, 0.6153846153846154, 0.5869565217391305, 0.09988555312156677, 0.09908811002969742, 0.3451345737304104, 0.34511881211975565, 0.35233021055991065, 0.6447269134215547, 0.04276735308979239, 0.04276735308979239, 0.9465245865285397, 0.0, 0.0, 0.0, 0.05175650678575039, 0.48272301256656647, 0.48394859582185745, 0.0, -0.0, 0.043856050819158554, 0.4824575796723366, 0.044872578233480453, 0.5965676765109218, 0.019940050318837166, 0.0]
[0.4642857142857143, 0.5, 0.3333333333333333, 0.42424242424242425, 0.6153846153846154, 0.5869565217391305, 0.1739911437034607, 0.17379708588123322, 0.34595143088419167, 0.34593674056160745, 0.6578950403297381, 0.3449650288945124, 0.05427033507398197, 0.05427033507398197, 0.9439981766045094, 0.0, 0.0, 0.0, 0.062425770610570905, 0.4813607893884182, 0.4830051753669977, 0.0, -0.0, 0.04692813381552696, 0.4812287464737892, 0.04725890979170799, 0.5985631464525711, 0.02183602750301361, 0.0]
[0.4642857142857143, 0.5, 0.3333333333333333, 0.42424242424242425, 0.6153846153846154, 0.5869565217391305, 0.11713829636573792, 0.11703082919120789, 0.3712294758163948, 0.3712156060548859, 0.7386714030862083, 0.268868041033448, 0.06131638107555253, 0.06131638107555253, 0.9419269617646933, 0.0, 0.0, 0.0, 0.06072452589869499, 0.47999904304742813, 0.48208293691277504, 0.0, -0.0, 0.048475440591573715, 0.4806098237633705, 0.047982361167669296, 0.6082645717055298, 0.022937798872590065, 0.0]
[0.4642857142857143, 0.5, 0.3333333333333333, 0.42424242424242425, 0.6153846153846154, 0.5869565217391305, 0.08517494052648544, 0.08509443700313568, 0.37453012575838807, 0.3745163585670136, 0.7365525092495103, 0.2708122465345595, 0.05992562110934939, 0.05992562110934939, 0.9435958042740822, 0.0, 0.0, 0.0, 0.05105545185506344, 0.48059151135385036, 0.482684887945652, 0.0, -0.0, 0.04599492624402046, 0.48160202950239184, 0.0452544242143631, 0.6139906097290128, 0.022035924717783928, 0.0]
[0.4642857142857143, 0.5, 0.3333333333333333, 0.42424242424242425, 0.6153846153846154, 0.5869565217391305, 0.07243388891220093, 0.07236770540475845, 0.378285924973497, 0.3782721691788041, 0.7301325533631655, 0.27692941538411797, 0.05738377038921629, 0.05738377038921629, 0.9457749612629414, 0.0, 0.0, 0.0, 0.04696979112923145, 0.4816488530486822, 0.4836755096912384, 0.0, -0.0, 0.04325820505619049, 0.4826967179775238, 0.04235486686229706, 0.6156305414299632, 0.020809194073081017, 0.0]
[0.4642857142857143, 0.5, 0.3333333333333333, 0.42424242424242425, 0.6153846153846154, 0.5869565217391305, 0.06787092983722687, 0.06780210137367249, 0.38291667022850956, 0.3829029942105879, 0.7383485806831667, 0.26913761814004783, 0.05574375657098634, 0.05574375657098634, 0.9474206641316414, 0.0, 0.0, 0.0, 0.04649887643754482, 0.482908695936203, 0.48491271305829287, 0.0, -0.0, 0.04244112968444824, 0.4830235481262207, 0.041583333164453506, 0.6173534760641497, 0.021192654967308044, 0.0]
[0.4642857142857143, 0.5, 0.3333333333333333, 0.42424242424242425, 0.6153846153846154, 0.5869565217391305, 0.06414350122213364, 0.06406468152999878, 0.3834978440067736, 0.3834842249722599, 0.741558159742483, 0.26611802176302707, 0.05419846890228135, 0.05419846890228135, 0.9486190397292376, 0.0, 0.0, 0.0, 0.04440384246408939, 0.4841295387595892, 0.48603183403611183, 0.0, -0.0, 0.041649993509054184, 0.4833400025963783, 0.04082028567790985, 0.6189806724703589, 0.02104615420103073, 0.0]
[0.4642857142857143, 0.5, 0.3333333333333333, 0.42424242424242425, 0.6153846153846154, 0.5869565217391305, 0.06365881860256195, 0.06356322020292282, 0.3824787185479305, 0.3824650539266904, 0.7399501107618868, 0.2675920457679906, 0.05323258893830436, 0.05323258893830436, 0.9492505453526974, 0.0, 0.0, 0.0, 0.04261997397989034, 0.4850311605259776, 0.48686587531119585, 0.0, -0.0, 0.04108982905745506, 0.483564068377018, 0.04026108980178833, 0.6201176224059837, 0.021042509004473686, 0.0]
[0.4642857142857143, 0.5, 0.3333333333333333, 0.42424242424242425, 0.6153846153846154, 0.5869565217391305, 0.06752011924982071, 0.06739096343517303, 0.3824943775884508, 0.38248524884648805, 0.7462010538600827, 0.26174766788924353, 0.05401484402162689, 0.05401484402162689, 0.948968218639493, 0.0, 0.0, 0.0, 0.04349373187869787, 0.48508453369140625, 0.48695186618715525, 0.0, -0.0, 0.04120218753814697, 0.4835191249847412, 0.04030101001262665, 0.6205662686464398, 0.021526221185922623, 0.0]
[0.4642857142857143, 0.5, 0.3333333333333333, 0.42424242424242425, 0.6153846153846154, 0.5869565217391305, 0.6559333205223083, 0.6459495425224304, 0.2339727317853822, 0.23396062850952148, 0.41762209576812803, 0.5815436536399123, 0.0712557403104646, 0.0712557403104646, 0.9252650626003742, 0.0, 0.0, 0.0, 0.1497180201113224, 0.46326055005192757, 0.4681893400847912, 0.2162170708179474, 0.2162170708179474, 0.0691525936126709, 0.47233896255493163, 0.06863264739513397, 0.5956079862838568, 0.04087286815047264, 0.0]
[0.4642857142857143, 0.5, 0.3333333333333333, 0.42424242424242425, 0.6153846153846154, 0.5869565217391305, 0.15521930158138275, 0.15452353656291962, 0.319987864156982, 0.3199776869203119, 0.23316514013374284, 0.7735717724609051, 0.0749358321939196, 0.0749358321939196, 0.9277553297579288, 0.0, 0.0, 0.0, 0.09802558198571204, 0.46590879932045937, 0.4666387774050236, 0.14722612500190735, 0.14722612500190735, 0.07154679298400879, 0.47138128280639646, 0.07089880108833313, 0.5898438879223757, 0.03783490136265755, 0.0]
[0.4642857142857143, 0.5, 0.3333333333333333, 0.42424242424242425, 0.6153846153846154, 0.5869565217391305, 0.07010935992002487, 0.06815511733293533, 0.3502184966326216, 0.3502088550399868, 0.2490064363862543, 0.7572922738008193, 0.07774915812270983, 0.07774915812270983, 0.9223855771124363, 0.0, 0.0, 0.0, 0.09491428956389426, 0.46463901177048683, 0.46599340438842773, 0.1361752152442932, 0.1361752152442932, 0.0646619126200676, 0.47413523495197296, 0.06410645693540573, 0.6010696084000344, 0.032750848680734634, 0.010264499578624964]
[0.4642857142857143, 0.5, 0.3333333333333333, 0.42424242424242425, 0.6153846153846154, 0.5869565217391305, 0.05581185221672058, 0.05367624759674072, 0.3657605730096879, 0.36575110236727715, 0.27031873243488724, 0.734573741209388, 0.07789444710527148, 0.07789444710527148, 0.9215864203870296, 0.0, 0.0, 0.0, 0.09597119688987732, 0.464472983032465, 0.46585239842534065, 0.1362428218126297, 0.1362428218126297, 0.06386242806911469, 0.4744550287723541, 0.06333684921264648, 0.6030658788459246, 0.032214049249887466, 0.018637803150340915]
[0.4642857142857143, 0.5, 0.3333333333333333, 0.42424242424242425, 0.6153846153846154, 0.5869565217391305, 0.03716302290558815, 0.03591126576066017, 0.37535467567225034, 0.3753450454762971, 0.32978100986371306, 0.6714754094990394, 0.0787444120006902, 0.0787444120006902, 0.9158448129892349, 0.0, 0.0, 0.0, 0.09291101023554801, 0.46258698031306267, 0.46412283927202225, 0.12823282182216644, 0.12823282182216644, 0.05739301070570946, 0.47704279571771624, 0.057075366377830505, 0.6153141343316366, 0.030172046273946762, 0.04937422461807728]
[0.4642857142857143, 0.5, 0.3333333333333333, 0.42424242424242425, 0.6153846153846154, 0.5869565217391305, 0.028374988585710526, 0.02779732644557953, 0.36803768697705824, 0.36802814795455785, 0.2652777522289502, 0.7392683078813684, 0.0816288883132594, 0.0816288883132594, 0.8988991603255272, 0.0, 0.0, 0.0, 0.10870672389864922, 0.46256953105330467, 0.4641002379357815, 0.15177030861377716, 0.15177030861377716, 0.05554299056529999, 0.47778280377388, 0.055576130747795105, 0.6157684724691302, 0.030184976756572723, 0.04732463043183088]
[0.4642857142857143, 0.5, 0.3333333333333333, 0.42424242424242425, 0.6153846153846154, 0.5869565217391305, 0.02716721035540104, 0.02643333002924919, 0.37039993415599115, 0.37039090798416285, 0.15695979262401222, 0.8548931131348734, 0.09064765913145884, 0.09064765913145884, 0.8787976317107677, 0.0, 0.0, 0.0, 0.1395432524383068, 0.4574832618236542, 0.45829425752162933, 0.195364311337471, 0.195364311337471, 0.05819768086075783, 0.47672092765569685, 0.0583452507853508, 0.6173007935285568, 0.032321203500032425, 0.0432061729952693]
[0.4642857142857143, 0.5, 0.3333333333333333, 0.42424242424242425, 0.6153846153846154, 0.5869565217391305, 0.02661515586078167, 0.025810865685343742, 0.36574970057544015, 0.3657405148500694, 0.16934395109946143, 0.8416179620918256, 0.09165685623884201, 0.09165685623884201, 0.8778845518827438, 0.0, 0.0, 0.0, 0.12332591488957405, 0.4579584449529648, 0.4586123414337635, 0.17191368341445923, 0.17191368341445923, 0.05774930492043495, 0.476900278031826, 0.05802787095308304, 0.6207903942396474, 0.03274277225136757, 0.03923539072275162]
[0.4642857142857143, 0.5, 0.3333333333333333, 0.42424242424242425, 0.6153846153846154, 0.5869565217391305, 0.029728204011917114, 0.027724489569664, 0.3640926800540027, 0.36408349432863196, 0.1690642537395995, 0.8419574008566422, 0.09258602346692767, 0.09258602346692767, 0.8777196444571018, 0.0, 0.0, 0.0, 0.1312199905514717, 0.4572998695075512, 0.45798566192388535, 0.18377180397510529, 0.18377180397510529, 0.057853635400533676, 0.47685854583978654, 0.05816676467657089, 0.6213622609543246, 0.0329991951584816, 0.03641826333478093]
[0.4642857142857143, 0.5, 0.3333333333333333, 0.42424242424242425, 0.6153846153846154, 0.5869565217391305, 0.20050151646137238, 0.1998818963766098, 0.29361917958888684, 0.29360764614710616, 0.631686046064242, 0.36734064673323885, 0.08413365642939295, 0.08413365642939295, 0.9039400145411491, 0.0, 0.0, 0.0, 0.10788155272603034, 0.4548303931951523, 0.456392265856266, 0.1517345905303955, 0.1517345905303955, 0.06747644394636154, 0.4730094224214554, 0.06872963160276413, 0.6119311462308086, 0.036706771701574326, 0.09352571330964565]
[0.4642857142857143, 0.5, 0.3333333333333333, 0.42424242424242425, 0.6153846153846154, 0.5869565217391305, 0.15474647283554077, 0.15405665338039398, 0.30299142305071447, 0.3029800263691131, 0.6216742436243061, 0.37681527798257364, 0.07155064227325576, 0.07155064227325576, 0.9130458794534206, 0.0, 0.0, 0.0, 0.09694729670882224, 0.4619167484343052, 0.4628453440964222, 0.13664814829826355, 0.13664814829826355, 0.06590396165847778, 0.4736384153366089, 0.06716664880514145, 0.6126173862884211, 0.0352567620575428, 0.0926285982131958]
[0.4642857142857143, 0.5, 0.3333333333333333, 0.42424242424242425, 0.6153846153846154, 0.5869565217391305, 0.8923156261444092, 0.8918643593788147, 0.22296985112002426, 0.2229577478441636, 0.5418391897847046, 0.4582717377136082, 0.07437055930495262, 0.07437055930495262, 0.8939864002168179, 0.0, 0.0, 0.0, 0.19355428814887998, 0.41244999319314957, 0.41835416853427887, 0.27979686856269836, 0.27979686856269836, 0.07189890742301941, 0.4712404370307922, 0.07874329388141632, 0.6035172592761905, 0.0764237493276596, 0.07862537167966366]
[0.4642857142857143, 0.5, 0.3333333333333333, 0.42424242424242425, 0.6153846153846154, 0.5869565217391305, 0.24383139610290527, 0.24362418055534363, 0.2649700874124385, 0.2649580525166674, 0.5499445781197192, 0.4474054462772432, 0.07914972358516285, 0.07914972358516285, 0.8910072632133961, 0.0, 0.0, 0.0, 0.29955591112375257, 0.4015102759003639, 0.41120560467243195, 0.4302404224872589, 0.4302404224872589, 0.08714492619037628, 0.4651420295238495, 0.09510566294193268, 0.6096790107183678, 0.40325865149497986, 0.09206308983266354]
[0.7369508782312983, 0.7544874863492118, 0.3333333333333333, 0.42424242424242425, 0.1064096426861918, 0.07798154904070687, 0.0, 0.0, 0.2657379502320153, 0.265726006509697, 0.52989828814512, 0.4673192327332036, 0.05023111456206867, 0.05023111456206867, 0.9005579836666584, 0.0, 0.0, 0.0, 0.3790320813655853, 0.44477561116218567, 0.44952454790472984, 0.5692610144615173, 0.5692610144615173, 0.0, 0.5, 0.0, 0.6976744186046512, 0.76114821434021, 0.0]
[0.895272318805967, 0.9022541642189026, 0.3333333333333333, 0.42424242424242425, -0.18912371305318976, -0.2175518066986747, 0.0, 0.0, 0.23432254153045595, 0.2343102559076896, 0.5165115137287125, 0.48152829624676063, 0.045588569981711256, 0.045588569981711256, 0.8994037732481956, 0.0, 0.0, 0.0, 0.42123237550258635, 0.4560276195406914, 0.45972681045532227, 0.6315882802009583, 0.6315882802009583, 0.0, 0.5, 0.0, 0.6976744186046512, 0.85, 0.0]
[0.9150200294596809, 0.9206853608290354, 0.3333333333333333, 0.42424242424242425, -0.2259861062734554, -0.2544141999189403, 0.0, 0.0, 0.21911401183381823, 0.219101521070783, 0.5094259638574338, 0.48893295391517155, 0.044606225565075874, 0.044606225565075874, 0.8930222056806087, 0.0, 0.0, 0.0, 0.43797814846038813, 0.457384891808033, 0.4610757678747177, 0.6562589406967163, 0.6562589406967163, 0.0, 0.5, 0.0, 0.6976744186046512, 0.85, 0.0]
[0.9228030833460035, 0.92794954445627, 0.3333333333333333, 0.42424242424242425, -0.24051447352792454, -0.2689425671734095, 0.0, 0.0, 0.2080525066383026, 0.2080400158752675, 0.501344743432267, 0.4973586630816163, 0.04353436641395092, 0.04353436641395092, 0.8778842352330685, 0.0, 0.0, 0.0, 0.45341812968254086, 0.45676080510020256, 0.46079209819436073, 0.6757792234420776, 0.6757792234420776, 0.0, 0.5, 0.0, 0.6976744186046512, 0.85, 0.0]
[0.9210258537814731, 0.9262907968627082, 0.3333333333333333, 0.42424242424242425, -0.237196978340801, -0.26562507198628593, 0.0, 0.0, 0.20283449038036921, 0.20282199961733405, 0.4923844666827477, 0.5064755695905051, 0.04330249636300973, 0.04330249636300973, 0.8689100295305252, 0.0, 0.0, 0.0, 0.46805264353752135, 0.44908376410603523, 0.455366600304842, 0.6917754411697388, 0.6917754411697388, 0.0, 0.5, 0.0, 0.6976744186046512, 0.85, 0.0]
[0.9204795310894648, 0.9257808956835005, 0.3333333333333333, 0.42424242424242425, -0.23617717598238552, -0.26460526962787045, 0.0, 0.0, 0.20245614334456552, 0.20244372096161994, 0.4883594173033424, 0.5106462080159055, 0.04333638985242163, 0.04333638985242163, 0.8644494414329529, 0.0, 0.0, 0.0, 0.490935406088829, 0.4440990015864372, 0.4520326927304268, 0.7195482850074768, 0.7195482850074768, 0.0, 0.5, 0.0, 0.6976744186046512, 0.85, 0.0]
[0.903363986384301, 0.9098063872920142, 0.3333333333333333, 0.42424242424242425, -0.20422815919941306, -0.232656252844898, 0.0, 0.0, 0.20776804546553135, 0.20775569146267542, 0.4809380243202924, 0.5180903950744509, 0.04284550568887166, 0.04284550568887166, 0.859887920320034, 0.0, 0.0, 0.0, 0.4923817843198776, 0.4400038681924343, 0.448508158326149, 0.719022274017334, 0.719022274017334, 0.0, 0.5, 0.0, 0.6976744186046512, 0.85, 0.0]
[0.8673721651236217, 0.8762140207820468, 0.3333333333333333, 0.42424242424242425, -0.1370434261794783, -0.16547151982496322, 0.0, 0.0, 0.22908088855488123, 0.22906873969229413, 0.47121439267298915, 0.5275395404945545, 0.04269983619451523, 0.04269983619451523, 0.8525482565164566, 0.0, 0.0, 0.0, 0.48425801694393156, 0.43875735253095627, 0.44744807854294777, 0.7040192484855652, 0.7040192484855652, 0.0, 0.5, 0.0, 0.6976744186046512, 0.85, 0.0]
[0.867786399665333, 0.8766006396876441, 0.3333333333333333, 0.42424242424242425, -0.13781666399067283, -0.16624475763615776, 0.0, 0.0, 0.22898080289705763, 0.22896867682783367, 0.4690920285467436, 0.5297353562337213, 0.04263268783688545, 0.04263268783688545, 0.8511696308851242, 0.0, 0.0, 0.0, 0.4833043068647384, 0.4379127211868763, 0.44672567769885063, 0.7028599381446838, 0.7028599381446838, 0.0, 0.5, 0.0, 0.6976744186046512, 0.85, 0.0]
[0.8696860848438173, 0.8783736791875627, 0.3333333333333333, 0.42424242424242425, -0.14136274299051, -0.16979083663599492, 0.0, 0.0, 0.2265524435681549, 0.2265403402922942, 0.468180709997509, 0.5307851387660723, 0.04191437070923192, 0.04191437070923192, 0.8480051159858704, 0.0, 0.0, 0.0, 0.4738958805799484, 0.43630047142505646, 0.44520437717437744, 0.6914584636688232, 0.6914584636688232, 0.0, 0.5, 0.0, 0.6976744186046512, 0.85, 0.0]
[0.8654524698143914, 0.8744223051600986, 0.3333333333333333, 0.42424242424242425, -0.1334599949355818, -0.16188808858106674, 0.0, 0.0, 0.22356712840939114, 0.22355495675344084, 0.47963994513506186, 0.5193020418264164, 0.04174798460943359, 0.04174798460943359, 0.8465260341763496, 0.0, 0.0, 0.0, 0.47489773929119106, 0.43468819558620453, 0.4436088390648365, 0.6924858093261719, 0.6924858093261719, 0.0, 0.5, 0.0, 0.6976744186046512, 0.85, 0.0]
[0.85305351515611, 0.8628499474790361, 0.3333333333333333, 0.42424242424242425, -0.11031527957345677, -0.1387433732189417, 0.0, 0.0, 0.22767474318553566, 0.22766261711631175, 0.49007309001672794, 0.5089062823341586, 0.04178330435284547, 0.04178330435284547, 0.8436295241117477, 0.0, 0.0, 0.0, 0.4753813952207565, 0.43226709216833115, 0.4414377696812153, 0.6930702328681946, 0.6930702328681946, 0.0, 0.5, 0.0, 0.6976744186046512, 0.85, 0.0]
[0.8496602723995844, 0.8596829209062788, 0.3333333333333333, 0.42424242424242425, -0.10398122642794216, -0.1324093200734271, 0.0, 0.0, 0.22763802307741593, 0.22762587421482877, 0.4934878342751107, 0.505530556752116, 0.041522259957024035, 0.041522259957024035, 0.8421705141663551, 0.0, 0.0, 0.0, 0.47270343005657195, 0.43137818574905396, 0.44028547406196594, 0.6886348128318787, 0.6886348128318787, 0.0, 0.5, 0.0, 0.6976744186046512, 0.85, 0.0]
[0.8488018768174308, 0.8588817516962688, 0.3333333333333333, 0.42424242424242425, -0.10237888800792205, -0.13080698165340698, 0.0, 0.0, 0.22744694631368662, 0.22743477465773632, 0.49754356761706947, 0.5014247141599605, 0.04136474670044014, 0.04136474670044014, 0.8421726003289223, 0.0, 0.0, 0.0, 0.46876281499862665, 0.43202266097068787, 0.44035331904888153, 0.6829736828804016, 0.6829736828804016, 0.0, 0.5, 0.0, 0.6976744186046512, 0.85, 0.0]
[0.8463598248504457, 0.8566025031937493, 0.3333333333333333, 0.42424242424242425, -0.0978203910028832, -0.12624848464836813, 0.0, 0.0, 0.22835722206655468, 0.22834511879069402, 0.49772135709656357, 0.5012656734682127, 0.041257125724639215, 0.041257125724639215, 0.8410156816244125, 0.0, 0.0, 0.0, 0.4660998076200485, 0.4317665323615074, 0.44004323706030846, 0.6788768768310547, 0.6788768768310547, 0.22794128954410553, 0.4088234841823578, 0.0, 0.6976744186046512, 0.85, 0.0]
[0.8454653471708298, 0.855767657359441, 0.3333333333333333, 0.42424242424242425, -0.09615069933426679, -0.12457879297975172, 0.0, 0.0, 0.22861433120348257, 0.2286022507209851, 0.4974982225359284, 0.5015108787712079, 0.04113803351564067, 0.04113803351564067, 0.840830497443676, 0.0, 0.0, 0.0, 0.4656498223543167, 0.43192052841186523, 0.44024160876870155, 0.678303062915802, 0.678303062915802, 0.22718602418899536, 0.4091255903244019, 0.0, 0.6976744186046512, 0.85, 0.0]
[0.8387225007727033, 0.849474334054523, 0.3333333333333333, 0.42424242424242425, -0.08356405272443068, -0.11199214636991561, 0.0, 0.0, 0.23453244561219078, 0.23452034233633007, 0.4896901971295504, 0.5091548724515894, 0.04113514109381608, 0.04113514109381608, 0.839959055185318, 0.0, 0.0, 0.0, 0.46262398958206175, 0.43212875723838806, 0.4407750330865383, 0.6749349236488342, 0.6749349236488342, 0.22349496185779572, 0.4106020152568817, 0.0, 0.6976744186046512, 0.85, 0.0]
[0.8359390170801253, 0.8468764159414504, 0.3333333333333333, 0.42424242424242425, -0.07836821649828518, -0.10679631014377011, 0.0, 0.0, 0.2367385468565027, 0.23672644358064204, 0.48634316696719504, 0.5121479515996941, 0.04158541294080871, 0.04158541294080871, 0.8405165821313858, 0.0, 0.0, 0.0, 0.45757597684860224, 0.43241284042596817, 0.4408097565174103, 0.6681690812110901, 0.6681690812110901, 0.0, 0.5, 0.0, 0.6976744186046512, 0.85, 0.0]
[0.8314013474044346, 0.8426412575774722, 0.3333333333333333, 0.42424242424242425, -0.06989789977032912, -0.09832599341581405, 0.0, 0.0, 0.251438283099727, 0.2514263165840455, 0.4829181564355671, 0.5151611344941437, 0.04232457439814295, 0.04232457439814295, 0.8435047119855881, 0.0, 0.0, 0.0, 0.4621364951133728, 0.433615006506443, 0.4419078305363655, 0.6783409714698792, 0.6783409714698792, 0.0, 0.5, 0.0, 0.6976744186046512, 0.85, 0.0]
[0.8306415478388469, 0.841932111316257, 0.3333333333333333, 0.42424242424242425, -0.0684796072478987, -0.09690770089338363, 0.0, 0.0, 0.25905787648479983, 0.25904597834920795, 0.4792178035010343, 0.5184565248675779, 0.04308890950466906, 0.04308890950466906, 0.8479843065142632, 0.0, 0.0, 0.0, 0.4691067814826965, 0.4351222589612007, 0.44337503984570503, 0.6892147660255432, 0.6892147660255432, 0.0, 0.5, 0.0, 0.6976744186046512, 0.85, 0.0]
[0.8299569281793776, 0.8412931329674191, 0.3333333333333333, 0.42424242424242425, -0.06720165055022276, -0.09562974419570769, 0.0, 0.0, 0.2630602087163105, 0.2630483105807186, 0.48007610468745915, 0.5172763073142987, 0.04367749472813947, 0.04367749472813947, 0.8545772135257721, 0.0, 0.0, 0.0, 0.47207785248756406, 0.43568407744169235, 0.4437250904738903, 0.6940743923187256, 0.6940743923187256, 0.0, 0.5, 0.0, 0.6976744186046512, 0.85, 0.0]
[0.8500605991908483, 0.8600565592447917, 0.3333333333333333, 0.42424242424242425, -0.10472850310496795, -0.13315659675045288, 0.0, 0.0, 0.2743879176006718, 0.27437613343189593, 0.4822903844754053, 0.5146714675216277, 0.044507386961153576, 0.044507386961153576, 0.8781717121601105, 0.0, 0.0, 0.0, 0.4829374551773071, 0.44305674731731415, 0.44893793389201164, 0.7123816013336182, 0.7123816013336182, 0.0, 0.5, 0.0, 0.6976744186046512, 0.85, 0.0]
[0.8483674370107197, 0.8584762745433383, 0.3333333333333333, 0.42424242424242425, -0.1015679337020613, -0.12999602734754623, 0.0, 0.0, 0.27224618481404467, 0.2722342638850896, 0.4826508814586508, 0.5140765550436932, 0.04447287347699915, 0.04447287347699915, 0.8821483924984932, 0.0, 0.0, 0.0, 0.4842745810747146, 0.4442983418703079, 0.45025671273469925, 0.714663028717041, 0.714663028717041, 0.0, 0.5, 0.0, 0.6976744186046512, 0.85, 0.0]
[0.8471988134440922, 0.857385559214486, 0.3333333333333333, 0.42424242424242425, -0.09938650304435659, -0.12781459668984152, 0.0, 0.0, 0.2707873639823374, 0.2707754430533823, 0.4786626241289179, 0.518018823913994, 0.04405926380838667, 0.04405926380838667, 0.8828462027013302, 0.0, 0.0, 0.0, 0.48871769011020655, 0.44312820956110954, 0.4489959254860878, 0.7168723344802856, 0.7168723344802856, 0.0, 0.5, 0.0, 0.6976744186046512, 0.85, 0.0]
[0.8493082856848126, 0.8593543999724917, 0.3333333333333333, 0.42424242424242425, -0.10332418456036818, -0.1317522782058531, 0.0, 0.0, 0.27053695609419115, 0.27052510354532566, 0.4549767625719366, 0.5420761802519662, 0.04326440393924713, 0.04326440393924713, 0.8840395100414753, 0.0, 0.0, 0.0, 0.47765762805938716, 0.44323692843317986, 0.44893306121230125, 0.6945594549179077, 0.6945594549179077, 0.0, 0.5, 0.0, 0.6976744186046512, 0.85, 0.0]
[0.8471045990784962, 0.8572976258065965, 0.3333333333333333, 0.42424242424242425, -0.09921063622857762, -0.12763872987406255, 0.0, 0.0, 0.27175918181585307, 0.27174737485371403, 0.4032213058799904, 0.5943791406509703, 0.04295604436525277, 0.04295604436525277, 0.8896329067647457, 0.0, 0.0, 0.0, 0.4561961889266967, 0.44442256167531013, 0.4505234807729721, 0.6612364649772644, 0.6612364649772644, 0.0, 0.5, 0.0, 0.6976744186046512, 0.85, 0.0]
[0.8447385252941222, 0.8550892902745141, 0.3333333333333333, 0.42424242424242425, -0.09479396516441274, -0.12322205880989767, 0.0, 0.0, 0.2717830692604897, 0.2717712167116242, 0.3958797459392657, 0.6017807411595416, 0.04355321505240032, 0.04355321505240032, 0.8917932435870171, 0.0, 0.0, 0.0, 0.45508562028408045, 0.44383376464247704, 0.4506094828248024, 0.6591943502426147, 0.6591943502426147, 0.0, 0.5, 0.0, 0.6976744186046512, 0.85, 0.0]
[0.8400581415210451, 0.8507209320863087, 0.3333333333333333, 0.42424242424242425, -0.08605724878800214, -0.11448534243348707, 0.0, 0.0, 0.2766587064097534, 0.27664694503434073, 0.4013965945854697, 0.5961275853522143, 0.043744869264108796, 0.043744869264108796, 0.8945380412042141, 0.0, 0.0, 0.0, 0.4534288108348846, 0.44427016749978065, 0.4510715492069721, 0.657175600528717, 0.657175600528717, 0.0, 0.5, 0.0, 0.6976744186046512, 0.85, 0.0]
[0.7821082352172761, 0.7966343528694577, 0.3333333333333333, 0.42424242424242425, 0.022115909645700094, -0.006312183999784837, 0.34803012013435364, 0.34612250328063965, 0.23631903500675472, 0.23630686335080436, 0.4068844101852942, 0.5914837766509161, 0.057059712707996375, 0.057059712707996375, 0.8978562206029892, 0.0, 0.0, 0.0, 0.45408490896224973, 0.4227604642510414, 0.43817006424069405, 0.6563670635223389, 0.6563670635223389, 0.0, 0.5, 0.0, 0.6976744186046512, 0.8407456874847412, 0.0]
[0.7878528812101909, 0.8019960224628448, 0.3333333333333333, 0.42424242424242425, 0.011392570458925722, -0.01703552318655921, 0.02676958218216896, 0.02656608261168003, 0.28666804716646327, 0.286656445344593, 0.41494343112121346, 0.5818621168122414, 0.05605916093502726, 0.05605916093502726, 0.908588744699955, 0.0, 0.0, 0.0, 0.45060481429100036, 0.43717023730278015, 0.44570721685886383, 0.653792679309845, 0.653792679309845, 0.0, 0.5, 0.0, 0.6976744186046512, 0.8390191197395325, 0.0]
[0.80830165601912, 0.8210815456178453, 0.3333333333333333, 0.42424242424242425, -0.02677847585107518, -0.05520656949656011, 0.0, 0.0, 0.2926339136710814, 0.2926222662624848, 0.4195029414178764, 0.5771482484353837, 0.052140996392284124, 0.052140996392284124, 0.9108778536319733, 0.0, 0.0, 0.0, 0.4503934025764465, 0.4395666532218456, 0.4470474347472191, 0.6547017097473145, 0.6547017097473145, 0.0, 0.5, 0.0, 0.6976744186046512, 0.8420514464378357, 0.0]
[0.810916774329685, 0.823522322707706, 0.3333333333333333, 0.42424242424242425, -0.03166003003079665, -0.06008812367628158, 0.0, 0.0, 0.29914976123642056, 0.29913825058800314, 0.43770888954913867, 0.5586208540503833, 0.04886161269886154, 0.04886161269886154, 0.9123074971139431, 0.0, 0.0, 0.0, 0.44962102174758906, 0.4411536268889904, 0.44761041551828384, 0.6550871729850769, 0.6550871729850769, 0.0, 0.5, 0.0, 0.6976744186046512, 0.8424012660980225, 0.0]
[0.8048560463246845, 0.8178656432363722, 0.3333333333333333, 0.42424242424242425, -0.02034667108812893, -0.04877476473361386, 0.0, 0.0, 0.30213621606334445, 0.30212470541492703, 0.46502350723766234, 0.5309161949061476, 0.04662618839315006, 0.04662618839315006, 0.9150487408041954, 0.0, 0.0, 0.0, 0.45307556092739104, 0.44292475655674934, 0.448335487395525, 0.6640533208847046, 0.6640533208847046, 0.0, 0.5, 0.0, 0.6976744186046512, 0.8430442214012146, 0.0]
[0.7391241505032493, 0.7565158738030328, 0.3333333333333333, 0.42424242424242425, 0.1023528677785499, 0.07392477413306497, 0.5660954713821411, 0.5650495886802673, 0.20503883653571459, 0.20502636856604262, 0.49708484779922274, 0.5018002234220454, 0.06224952638149262, 0.06224952638149262, 0.9160540737211704, 0.0, 0.0, 0.0, 0.4556546211242675, 0.4208240509033203, 0.43038371205329895, 0.6683216094970703, 0.6683216094970703, 0.0, 0.5, 0.0, 0.6976744186046512, 0.8040058016777039, 0.0]
[0.7399037118468966, 0.7572434643904369, 0.3333333333333333, 0.42424242424242425, 0.10089768660374177, 0.07246959295825683, 0.18471696972846985, 0.1834571659564972, 0.29035605891940697, 0.29034436592408397, 0.5445081615539171, 0.4521563239530163, 0.06110171388302531, 0.06110171388302531, 0.9198348708450794, 0.0, 0.0, 0.0, 0.4536628574132919, 0.437831312417984, 0.4410010986030102, 0.6629939675331116, 0.6629939675331116, 0.0, 0.5, 0.0, 0.6976744186046512, 0.8011121153831482, 0.0]
[0.7396060877612659, 0.7569656819105148, 0.3333333333333333, 0.42424242424242425, 0.10145325156358576, 0.07302515791810082, 0.14895686507225037, 0.14739900827407837, 0.29579145548220576, 0.2957798536603355, 0.5510954321228523, 0.4456626201400287, 0.059673716979367394, 0.059673716979367394, 0.9205319210886955, 0.0, 0.0, 0.0, 0.4535179316997528, 0.43890952691435814, 0.4418298676609993, 0.662433385848999, 0.662433385848999, 0.0, 0.5, 0.0, 0.6976744186046512, 0.8015183806419373, 0.0]
[0.7328815396342958, 0.7506894369920094, 0.3333333333333333, 0.42424242424242425, 0.1140057414005965, 0.08557764775511156, 0.04483897238969803, 0.042472876608371735, 0.2971284685809571, 0.29711695793253967, 0.5582693639722427, 0.4384735136090861, 0.055111742445400784, 0.055111742445400784, 0.9207537546753883, 0.0, 0.0, 0.0, 0.45478072762489313, 0.43350718170404434, 0.4363238885998726, 0.663529634475708, 0.663529634475708, 0.0, 0.5, 0.0, 0.6976744186046512, 0.7902461886405945, 0.018074625404551625]
[0.7299181598992575, 0.7479236159059737, 0.3333333333333333, 0.42424242424242425, 0.11953738357266813, 0.0911092899271832, 0.034783437848091125, 0.033437177538871765, 0.294388774704067, 0.29437726405564957, 0.5156390949029539, 0.4805078544711925, 0.050477066210338054, 0.050477066210338054, 0.9210319668054581, 0.0, 0.0, 0.0, 0.43510458469390867, 0.4317401200532913, 0.43555785715579987, 0.6416701674461365, 0.6416701674461365, 0.0, 0.5, 0.0, 0.6976744186046512, 0.803656280040741, 0.0]
[0.722135780113084, 0.7406600614388783, 0.3333333333333333, 0.42424242424242425, 0.1340644925068587, 0.10563639886137377, 0.03198561817407608, 0.030789092183113098, 0.28989795790575656, 0.28988644725733914, 0.5029542397914265, 0.4931310583432313, 0.04832770143236433, 0.04832770143236433, 0.9194154255092144, 0.0, 0.0, 0.0, 0.41022665798664093, 0.4326080083847046, 0.437336228787899, 0.6089832186698914, 0.6089832186698914, 0.0, 0.5, 0.0, 0.6976744186046512, 0.8156989216804504, 0.0]
[0.7197362053252402, 0.7384204583035575, 0.3333333333333333, 0.42424242424242425, 0.13854369877750045, 0.11011560513201551, 0.02309034951031208, 0.022814719006419182, 0.28783483942881594, 0.2878233287803985, 0.495860504787807, 0.5002067450988766, 0.046994095402104516, 0.046994095402104516, 0.9179735481739044, 0.0, 0.0, 0.0, 0.40721321702003477, 0.4328227937221527, 0.4380149841308594, 0.605140745639801, 0.605140745639801, 0.0, 0.5, 0.0, 0.6976744186046512, 0.8199552893638611, 0.0]
[0.7207162493751162, 0.7393351660834419, 0.3333333333333333, 0.42424242424242425, 0.13671428321773177, 0.10828618957224684, 0.020553719252347946, 0.020300395786762238, 0.2815711092538633, 0.2815594618452667, 0.4770898293582705, 0.5190399865296734, 0.046210124024323056, 0.046210124024323056, 0.9120350070297718, 0.0, 0.0, 0.0, 0.40650112628936763, 0.43137460201978683, 0.4376235604286194, 0.6038011312484741, 0.6038011312484741, 0.0, 0.5, 0.0, 0.6976744186046512, 0.8216128349304199, 0.0]
[0.6889551870879673, 0.7096915079487695, 0.3333333333333333, 0.42424242424242425, 0.19600159948707652, 0.16757350584159159, 0.026288390159606934, 0.024921219795942307, 0.2908538431783935, 0.29084233252997604, 0.4620361634695735, 0.5341056061127851, 0.04559868680579322, 0.04559868680579322, 0.9078651331365108, 0.0, 0.0, 0.0, 0.4076022237539291, 0.43095945566892624, 0.437878604978323, 0.6043603420257568, 0.6043603420257568, 0.0, 0.5, 0.0, 0.6976744186046512, 0.8206608295440674, 0.0]
[0.6691616464938437, 0.6912175367275873, 0.3333333333333333, 0.42424242424242425, 0.23294954192944067, 0.20452144828395574, 0.0, 0.0, 0.2981382601575687, 0.2981269090626937, 0.42045539059101056, 0.5761486340954423, 0.04706586844154767, 0.04706586844154767, 0.8993897661566734, 0.0, 0.0, 0.0, 0.39923504292964934, 0.42326570302248, 0.43423789739608765, 0.5816461443901062, 0.5816461443901062, 0.0, 0.5, 0.0, 0.6976744186046512, 0.8023825883865356, 0.0]
[0.6689717187767937, 0.6910402708583407, 0.3333333333333333, 0.42424242424242425, 0.23330407366793382, 0.2048759800224489, 0.0, 0.0, 0.29708338330854195, 0.29707196383357737, 0.41823921468016295, 0.5784583710638966, 0.04732464573213033, 0.04732464573213033, 0.8981111459434032, 0.0, 0.0, 0.0, 0.39887678623199463, 0.42353980988264084, 0.4344395771622658, 0.5808055996894836, 0.5808055996894836, 0.0, 0.5, 0.0, 0.6976744186046512, 0.8028166890144348, 0.0]
[0.6668666015778268, 0.6890754948059717, 0.3333333333333333, 0.42424242424242425, 0.23723362577267187, 0.20880553212718694, 0.0, 0.0, 0.2857104295982229, 0.2856990101232583, 0.41395944163174747, 0.5832428817716606, 0.04949740799410003, 0.04949740799410003, 0.8857261575758457, 0.0, 0.0, 0.0, 0.3963783353567123, 0.41857677698135376, 0.42998043447732925, 0.5755909085273743, 0.5755909085273743, 0.0, 0.5, 0.0, 0.6976744186046512, 0.7724198698997498, 0.0]
[0.659404649975754, 0.682111006644037, 0.3333333333333333, 0.42424242424242425, 0.25116260209654134, 0.2227345084510564, 0.0, 0.0, 0.27927390293682963, 0.2792624150817754, 0.4187799644287868, 0.5787030578178789, 0.05022857870374407, 0.05022857870374407, 0.8655032701790333, 0.0, 0.0, 0.0, 0.40361245870590207, 0.41155416518449783, 0.4245552495121956, 0.5835253000259399, 0.5835253000259399, 0.0, 0.5, 0.0, 0.6976744186046512, 0.7923648953437805, 0.0]
[0.6593162009403819, 0.6820284542110231, 0.3333333333333333, 0.42424242424242425, 0.2513277069625692, 0.22289961331708424, 0.0, 0.0, 0.2775635117554528, 0.27755204669376177, 0.41994502439553605, 0.5775241950451252, 0.04970171621867589, 0.04970171621867589, 0.863145187497139, 0.0, 0.0, 0.0, 0.40459739863872524, 0.4117753356695175, 0.4244798347353935, 0.5844630002975464, 0.5844630002975464, 0.0, 0.5, 0.0, 0.6976744186046512, 0.8081685900688171, 0.0]
[0.6756250429011527, 0.6972500400410758, 0.3333333333333333, 0.42424242424242425, 0.22088453530246382, 0.1924564416569789, 0.0, 0.0, 0.27001922764240216, 0.2700075802338055, 0.4322695326394834, 0.5651920852145497, 0.047744021617940495, 0.047744021617940495, 0.8517151772975922, 0.0, 0.0, 0.0, 0.3990314126014709, 0.4145772382616997, 0.4261094927787781, 0.5805016160011292, 0.5805016160011292, 0.0, 0.5, 0.0, 0.6976744186046512, 0.8484784364700317, 0.0]
[0.6874009338872773, 0.7082408716281254, 0.3333333333333333, 0.42424242424242425, 0.19890287212836444, 0.1704747784828795, 0.0, 0.0, 0.2703244535690512, 0.2703128517471809, 0.43980318934694074, 0.5576414205624606, 0.0456683776740517, 0.0456683776740517, 0.8471003174781799, 0.0, 0.0, 0.0, 0.39700264036655425, 0.41703107208013535, 0.42736615240573883, 0.5790265798568726, 0.5790265798568726, 0.0, 0.5, 0.0, 0.6976744186046512, 0.85, 0.0]
[0.7427074895018624, 0.7598603235350715, 0.3333333333333333, 0.42424242424242425, 0.09566396831447244, 0.0672358746689875, 0.0, 0.0, 0.27444547084275894, 0.27443389181425193, 0.44315069104699745, 0.5542378488806199, 0.04504700324365071, 0.04504700324365071, 0.8359870910644531, 0.0, 0.0, 0.0, 0.45047188401222227, 0.41832391172647476, 0.4286067560315132, 0.6600334644317627, 0.6600334644317627, 0.0, 0.5, 0.0, 0.6976744186046512, 0.85, 0.0]
[0.80265345956598, 0.8158098955949147, 0.3333333333333333, 0.42424242424242425, -0.016235175805214053, -0.044663269450698984, 0.0, 0.0, 0.263322788260407, 0.2633110496783576, 0.44256651994147217, 0.5550300422798671, 0.04533981904387474, 0.04533981904387474, 0.8345827683806419, 0.0, 0.0, 0.0, 0.4792323887348175, 0.4296356588602066, 0.4387124180793762, 0.701679527759552, 0.701679527759552, 0.0, 0.5, 0.0, 0.6976744186046512, 0.85, 0.0]
[0.8092363313550042, 0.8219539092646705, 0.3333333333333333, 0.42424242424242425, -0.028523203144725562, -0.05695129679021049, 0.0, 0.0, 0.26183750433402125, 0.2618258113386982, 0.44148078087866877, 0.5562150838792986, 0.04537268142615046, 0.04537268142615046, 0.8353275805711746, 0.0, 0.0, 0.0, 0.4783897668123245, 0.4321253150701523, 0.4408159889280796, 0.7005664706230164, 0.7005664706230164, 0.0, 0.5, 0.0, 0.6976744186046512, 0.85, 0.0]
[0.7569968782010532, 0.773197086320983, 0.3333333333333333, 0.42424242424242425, 0.06899044274264932, 0.040562349097164385, 0.0, 0.0, 0.3983847479519379, 0.3983757217801096, 0.6894968987422965, 0.3144631553967591, 0.04948302837354797, 0.04948302837354797, 0.837587520480156, 0.0, 0.0, 0.0, 0.4736915826797485, 0.43412572890520096, 0.4430334083735943, 0.6984774470329285, 0.6984774470329285, 0.0, 0.5, 0.0, 0.6976744186046512, 0.85, 0.0]
[0.7549286768549964, 0.7712667650646634, 0.3333333333333333, 0.42424242424242425, 0.07285108525528872, 0.044422991609803786, 0.0, 0.0, 0.419492975019816, 0.4194843876202293, 0.7145705897767047, 0.2909098158780243, 0.053109183375324526, 0.053109183375324526, 0.8444845378398895, 0.0, 0.0, 0.0, 0.474732431769371, 0.4346858561038971, 0.44425804913043976, 0.7013763785362244, 0.7013763785362244, 0.0, 0.5, 0.0, 0.6976744186046512, 0.85, 0.0]
[0.7514230101591064, 0.7679948094818327, 0.3333333333333333, 0.42424242424242425, 0.07939499642095005, 0.05096690277546512, 0.0, 0.0, 0.44025568889158406, 0.44024757445428386, 0.7215247537164342, 0.28476014369253855, 0.06078013618077551, 0.06078013618077551, 0.8566911146044731, 0.0, 0.0, 0.0, 0.4763489574193954, 0.43947388604283333, 0.44839858263731003, 0.7058415412902832, 0.7058415412902832, 0.0, 0.5, 0.0, 0.6976744186046512, 0.85, 0.0]
[0.7475118101352737, 0.7643443561262555, 0.3333333333333333, 0.42424242424242425, 0.08669590313210451, 0.05826780948661958, 0.0, 0.0, 0.4411226629527075, 0.4411145713087705, 0.7250242415623273, 0.2813378569678134, 0.06467047812683242, 0.06467047812683242, 0.8617412969470024, 0.0, 0.0, 0.0, 0.47542195022106165, 0.44317080825567245, 0.45139920338988304, 0.7055097222328186, 0.7055097222328186, 0.0, 0.5, 0.10265544801950455, 0.7362320822078822, 0.85, 0.0]
[0.7423642838285083, 0.7595399982399411, 0.3333333333333333, 0.42424242424242425, 0.0963046189047333, 0.06787652525924837, 0.0, 0.0, 0.4563972763076111, 0.45638945818403254, 0.7331587826088783, 0.2736544877524991, 0.06852501737219947, 0.06852501737219947, 0.8648487366735935, 0.0, 0.0, 0.0, 0.4806739896535873, 0.4445229731500149, 0.4525706507265568, 0.714985728263855, 0.714985728263855, 0.0, 0.5, 0.10152853280305862, 0.7383586065627115, 0.85, 0.0]
[0.7889549817357744, 0.8030246496200562, 0.3333333333333333, 0.42424242424242425, 0.009335316144503114, -0.019092777500981817, 0.0, 0.0, 0.5247507062286537, 0.5247443297852977, 0.7581681621690097, 0.25101750981460746, 0.07370833573596819, 0.07370833573596819, 0.8752743899822235, 0.0, 0.0, 0.0, 0.5079089671373367, 0.4527213051915169, 0.45769190043210983, 0.7538999915122986, 0.7538999915122986, 0.10911808162927628, 0.4563527673482895, 0.10531319677829742, 0.7635824096410774, 0.85, 0.0]
[0.845430843886875, 0.8557354542944167, 0.3333333333333333, 0.42424242424242425, -0.0960862932042178, -0.12451438684970273, 0.0, 0.0, 0.5211931309212234, 0.5211866889469482, 0.7705880834313241, 0.23920211413115844, 0.07663325805749212, 0.07663325805749212, 0.8868220672011375, 0.0, 0.0, 0.0, 0.5246174812316894, 0.45880715921521187, 0.4625822715461254, 0.7769410014152527, 0.7769410014152527, 0.11974652111530304, 0.5335695502303895, 0.11187107115983963, 0.8, 0.85, 0.0]
[0.8549639149790719, 0.8646329873138003, 0.3333333333333333, 0.42424242424242425, -0.11388135924298537, -0.1423094528884703, 0.0, 0.0, 0.5238762160560141, 0.5238698624060213, 0.7872830367225079, 0.22352853144509338, 0.079505911895207, 0.079505911895207, 0.8919186964631081, 0.0, 0.0, 0.0, 0.5299626052379608, 0.4623066820204258, 0.4656643532216549, 0.7837866544723511, 0.7837866544723511, 0.12683579325675964, 0.5523483956617022, 0.11767806857824326, 0.8, 0.85, 0.0]
[0.8588396183082035, 0.86825031042099, 0.3333333333333333, 0.42424242424242425, -0.12111600545736456, -0.1495440991028495, 0.0, 0.0, 0.30089229105991344, 0.3008809399650384, 0.5241535799453181, 0.47232173774205427, 0.07135847583413124, 0.07135847583413124, 0.8923267088830471, 0.0, 0.0, 0.0, 0.5446038782596587, 0.46208078041672707, 0.4648766554892063, 0.7911103963851929, 0.7911103963851929, 0.12800370156764984, 0.5009908931595939, 0.11856730282306671, 0.7707659848207651, 0.85, 0.0]
[0.877531954220363, 0.8856964906056721, 0.3333333333333333, 0.42424242424242425, -0.15600836582672895, -0.18443645947221388, 0.0, 0.0, 0.2726918862381127, 0.2726800792759737, 0.5086166997427695, 0.48761675115702435, 0.0583142095378467, 0.0583142095378467, 0.8873568959534168, 0.0, 0.0, 0.0, 0.5495357751846313, 0.45931296795606613, 0.46173346042633057, 0.7957749366760254, 0.7957749366760254, 0.12613558769226074, 0.4495457649230957, 0.11754746735095978, 0.7416143970087518, 0.85, 0.0]
[0.8509060804333006, 0.8608456750710805, 0.3333333333333333, 0.42424242424242425, -0.1063067347575456, -0.13473482840303053, 0.0, 0.0, 0.2736702229735044, 0.2736584160113654, 0.5092435272029435, 0.4868438282108165, 0.054364752556596486, 0.054364752556596486, 0.8836105950176716, 0.0, 0.0, 0.0, 0.5386769443750381, 0.45608656480908394, 0.45841387659311295, 0.7855274677276611, 0.7855274677276611, 0.0, 0.5, 0.0, 0.6976744186046512, 0.85, 0.0]
[0.8323631109226317, 0.8435389035277896, 0.3333333333333333, 0.42424242424242425, -0.07169319167096389, -0.10012128531644882, 0.0, 0.0, 0.2792128623101725, 0.2792009869679438, 0.5112189453657909, 0.48458269239105134, 0.05242728229079928, 0.05242728229079928, 0.8799347542226315, 0.0, 0.0, 0.0, 0.53061743080616, 0.4515288174152374, 0.4532415047287941, 0.7749192118644714, 0.7749192118644714, 0.0, 0.5, 0.0, 0.6976744186046512, 0.85, 0.0]
[0.8104877273241679, 0.82312187883589, 0.3333333333333333, 0.42424242424242425, -0.030859142287164576, -0.05928723593264951, 0.0, 0.0, 0.2841758208338663, 0.28416410504517997, 0.5141428160279933, 0.4816496082240669, 0.05148602915661676, 0.05148602915661676, 0.8779359199106693, 0.0, 0.0, 0.0, 0.5266505092382431, 0.4497116282582283, 0.4515650272369385, 0.7701746821403503, 0.7701746821403503, 0.0, 0.5, 0.0, 0.6976744186046512, 0.85, 0.0]
[0.807252206263088, 0.8201020591788821, 0.3333333333333333, 0.42424242424242425, -0.024819502973148944, -0.053247596618633874, 0.0, 0.0, 0.28694024550983144, 0.2869285753078716, 0.5081576741733241, 0.4876467358263177, 0.05081207624503545, 0.05081207624503545, 0.8770129345357418, 0.0, 0.0, 0.0, 0.5155454695224762, 0.4475858248770237, 0.44988712668418884, 0.7563303709030151, 0.7563303709030151, 0.0, 0.5, 0.0, 0.6976744186046512, 0.85, 0.0]
[0.8026700459775471, 0.8158253762457106, 0.3333333333333333, 0.42424242424242425, -0.01626613710680569, -0.04469423075229062, 0.0, 0.0, 0.2888102814070809, 0.28879863399848427, 0.49213951139445516, 0.5036208831962568, 0.0501129510147231, 0.0501129510147231, 0.8768718354403973, 0.0, 0.0, 0.0, 0.5123398721218109, 0.446248110383749, 0.4490368776023388, 0.7523098587989807, 0.7523098587989807, 0.0, 0.5, 0.0, 0.6976744186046512, 0.85, 0.0]
[0.7602193430066109, 0.7762047201395035, 0.3333333333333333, 0.42424242424242425, 0.06297517510560846, 0.03454708146012353, 0.0, 0.0, 0.3018705594152155, 0.30185916273361413, 0.47880994475822375, 0.5168221153624377, 0.04931002855300903, 0.04931002855300903, 0.8780671395361423, 0.0, 0.0, 0.0, 0.4937907785177231, 0.4444650150835514, 0.44814632833004, 0.7290051579475403, 0.7290051579475403, 0.0, 0.5, 0.0, 0.6976744186046512, 0.85, 0.0]
[0.7538283591469129, 0.770239801870452, 0.3333333333333333, 0.42424242424242425, 0.07490501164371133, 0.0464769179982264, 0.0, 0.0, 0.3091776102040511, 0.30916631609258416, 0.46970934690070654, 0.5258263115394589, 0.04859461848224913, 0.04859461848224913, 0.8807347565889359, 0.0, 0.0, 0.0, 0.49104202985763545, 0.44373634085059166, 0.44805222377181053, 0.7254191040992737, 0.7254191040992737, 0.0, 0.5, 0.0, 0.6976744186046512, 0.85, 0.0]
[0.7524891438938323, 0.7689898676342435, 0.3333333333333333, 0.42424242424242425, 0.07740488011612856, 0.04897678647064363, 0.0, 0.0, 0.3169752425491012, 0.3169640282144054, 0.4635897135187517, 0.531752915051375, 0.04775989534599441, 0.04775989534599441, 0.8836570754647255, 0.0, 0.0, 0.0, 0.49013164937496184, 0.4442501850426197, 0.4489324502646923, 0.724644660949707, 0.724644660949707, 0.0, 0.5, 0.0, 0.6976744186046512, 0.85, 0.0]
[0.745411030238583, 0.7623836282226775, 0.3333333333333333, 0.42424242424242425, 0.0906173589392606, 0.062189265293775664, 0.0, 0.0, 0.3203274966653856, 0.32031633931409786, 0.45720650908140104, 0.5380497625584761, 0.04731461006615843, 0.04731461006615843, 0.8855669535696507, 0.0, 0.0, 0.0, 0.4761128455400467, 0.44375820830464363, 0.4497377313673496, 0.716044545173645, 0.716044545173645, 0.0, 0.5, 0.0, 0.6976744186046512, 0.85, 0.0]
[0.7266914553585506, 0.7449120250013139, 0.3333333333333333, 0.42424242424242425, 0.1255605653819875, 0.09713247173650258, 0.0, 0.0, 0.3186638546719378, 0.3186526631306052, 0.4517945213026116, 0.5434695698854294, 0.047357166185975075, 0.047357166185975075, 0.8861997649073601, 0.0, 0.0, 0.0, 0.45889710187911986, 0.4423833303153515, 0.450085174292326, 0.6932985186576843, 0.6932985186576843, 0.0, 0.5, 0.0, 0.6976744186046512, 0.85, 0.0]
[0.6767759269901684, 0.6983241985241572, 0.3333333333333333, 0.42424242424242425, 0.21873621833630102, 0.1903081246908161, 0.0, 0.0, 0.3154994748518526, 0.31548824912047524, 0.443324490441419, 0.5520441336032943, 0.04941147352967944, 0.04941147352967944, 0.8843040466308594, 0.0, 0.0, 0.0, 0.43285528421401975, 0.4330977499485016, 0.44995930790901184, 0.6835333108901978, 0.6835333108901978, 0.0, 0.5, 0.0, 0.6976744186046512, 0.85, 0.0]
[0.6462281119255793, 0.669812904463874, 0.3333333333333333, 0.42424242424242425, 0.2757588064568675, 0.24733071281138258, 0.0, 0.0, 0.3155139144474416, 0.31550270011274584, 0.43677194556132326, 0.5589173736245814, 0.05394740030169487, 0.05394740030169487, 0.8815747797489166, 0.0, 0.0, 0.0, 0.4082259863615036, 0.42644547671079636, 0.45143142715096474, 0.6594703793525696, 0.6594703793525696, 0.0, 0.5, 0.0, 0.6976744186046512, 0.831953763961792, 0.0]
[0.6441906087455296, 0.6679112348291609, 0.3333333333333333, 0.42424242424242425, 0.2795621457262936, 0.2511340520808087, 0.0, 0.0, 0.31306206655775837, 0.3130508294296994, 0.4340526517444997, 0.5616856104905422, 0.055739746562072215, 0.055739746562072215, 0.8773263916373253, 0.0, 0.0, 0.0, 0.4370950758457184, 0.42337504774332047, 0.4492832310497761, 0.6718717217445374, 0.6718717217445374, 0.0, 0.5, 0.0, 0.6976744186046512, 0.8462886214256287, 0.0]
[0.5859489412534805, 0.6135523451699151, 0.3333333333333333, 0.42424242424242425, 0.38827992504478526, 0.3598518313993003, 0.39186593890190125, 0.3876591622829437, 0.24025038870525178, 0.24023830822275427, 0.4525130393400247, 0.5447149671976648, 0.06832073043499674, 0.06832073043499674, 0.8645901679992676, 0.0, 0.0, 0.0, 0.4715923190116882, 0.4123174771666527, 0.42712216824293137, 0.6923131346702576, 0.6923131346702576, 0.0, 0.5, 0.0, 0.6976744186046512, 0.8483686447143555, 0.0]
[0.4642857142857143, 0.5, 0.3333333333333333, 0.42424242424242425, 0.6153846153846154, 0.5869565217391305, 0.0906028300523758, 0.08925458043813705, 0.3253772067294294, 0.3253660493781416, 0.45437732846057666, 0.5405059995951611, 0.06753386397446905, 0.06753386397446905, 0.8674884885549545, 0.0, 0.0, 0.0, 0.4491839289665222, 0.4251025915145874, 0.434634231030941, 0.6601907014846802, 0.6601907014846802, 0.0, 0.5, 0.0, 0.6976744186046512, 0.8278836607933044, 0.0]
[0.4642857142857143, 0.5, 0.3333333333333333, 0.42424242424242425, 0.6153846153846154, 0.5869565217391305, 0.02331431210041046, 0.02296242117881775, 0.33335046193795725, 0.3333394185534855, 0.4653212768853736, 0.5292669383740511, 0.06714965615953718, 0.06714965615953718, 0.8693348094820976, 0.0, 0.0, 0.0, 0.4448522418737411, 0.4253266006708145, 0.43373246490955353, 0.6505544185638428, 0.6505544185638428, 0.0, 0.5, 0.0, 0.6976744186046512, 0.7820577621459961, 0.0]
[0.4642857142857143, 0.5, 0.3333333333333333, 0.42424242424242425, 0.6153846153846154, 0.5869565217391305, 0.007904781959950924, 0.007922419346868992, 0.3378445723772505, 0.33783356318282354, 0.4741448385081829, 0.5201778853549962, 0.07694938087037632, 0.07694938087037632, 0.8768381252884865, 0.0, 0.0, 0.0, 0.40781459510326384, 0.40767277032136917, 0.41512851417064667, 0.5753240585327148, 0.5753240585327148, 0.0, 0.5, 0.0, 0.6976744186046512, 0.6257341504096985, 0.1332446001470089]
[0.4642857142857143, 0.5, 0.3333333333333333, 0.42424242424242425, 0.6153846153846154, 0.5869565217391305, 0.0, 0.0, 0.34328595219788993, 0.34327501138355265, 0.4715710831645798, 0.5225704790478632, 0.08455304695027216, 0.08455304695027216, 0.885152094066143, 0.0, 0.0, 0.0, 0.3913602590560913, 0.3987588882446289, 0.4091857001185417, 0.5508031845092773, 0.5508031845092773, 0.12022724002599716, 0.45190910398960116, 0.0, 0.6976744186046512, 0.5178775787353516, 0.15296177007257938]
[0.4642857142857143, 0.5, 0.3333333333333333, 0.42424242424242425, 0.6153846153846154, 0.5869565217391305, 0.0, 0.0, 0.3522457041658361, 0.3522348317315884, 0.46659049397444863, 0.5271701597980007, 0.08778452607137817, 0.08778452607137817, 0.897308960556984, 0.0, 0.0, 0.0, 0.38635492920875547, 0.3824252411723137, 0.3918350487947464, 0.5492334365844727, 0.5492334365844727, 0.1098833829164505, 0.4560466468334198, 0.11033068597316742, 0.6136559625697691, 0.26921653747558594, 0.1360820885747671]
[0.4642857142857143, 0.5, 0.3333333333333333, 0.42424242424242425, 0.6153846153846154, 0.5869565217391305, 0.011209175921976566, 0.010979745537042618, 0.3611073079118309, 0.36109660642780717, 0.46218007791566573, 0.531482262382949, 0.08847498734082496, 0.08847498734082496, 0.903804823756218, 0.0, 0.0, 0.0, 0.2768524542450905, 0.4146491661667824, 0.4192270040512085, 0.3992428481578827, 0.3992428481578827, 0.10303471237421036, 0.45878611505031586, 0.10540225356817245, 0.597963121741317, 0.11141792684793472, 0.08838081732392311]
[0.4642857142857143, 0.5, 0.3333333333333333, 0.42424242424242425, 0.6153846153846154, 0.5869565217391305, 0.010662650689482689, 0.010513613931834698, 0.366561395032456, 0.36655085310197466, 0.4570664039761341, 0.5368319373804976, 0.070533137768507, 0.070533137768507, 0.9328436367213726, 0.0, 0.0, 0.0, 0.09217975810170173, 0.47186060063540936, 0.4722099732607603, 0.1354060024023056, 0.1354060024023056, 0.07819047570228577, 0.46872380971908567, 0.07926980406045914, 0.5823909023473429, 0.03628385439515114, 0.0339962518773973]
[0.4642857142857143, 0.5, 0.3333333333333333, 0.42424242424242425, 0.6153846153846154, 0.5869565217391305, 0.0, 0.0, 0.36498181496250015, 0.3649712160486108, 0.4573049222761997, 0.5367390173862309, 0.05663847018565451, 0.05663847018565451, 0.9414650574326515, 0.0, 0.0, 0.0, 0.045743257924914356, 0.48261574655771255, 0.48299887776374817, 0.0, -0.0, 0.062368035316467285, 0.4750527858734131, 0.06189306452870369, 0.5690553125947021, 0.024428952485322952, 0.011318144388496876]
[0.4642857142857143, 0.5, 0.3333333333333333, 0.42424242424242425, 0.6153846153846154, 0.5869565217391305, 0.0, 0.0, 0.3701226984793552, 0.37011224772232665, 0.4617431832773052, 0.5323726566247634, 0.049666059868676324, 0.049666059868676324, 0.9469705540686846, 0.0, 0.0, 0.0, 0.03894363269209861, 0.48572251945734024, 0.48617028072476387, 0.0, -0.0, 0.053570542484521866, 0.47857178300619124, 0.05287213996052742, 0.5678641414919565, 0.02001604437828064, 0.0]
[0.4642857142857143, 0.5, 0.3333333333333333, 0.42424242424242425, 0.6153846153846154, 0.5869565217391305, 0.0, 0.0, 0.37434099782721264, 0.37433180070516026, 0.4624137440785395, 0.5317432050786506, 0.04646502834345614, 0.04646502834345614, 0.949333755299449, 0.0, 0.0, 0.0, 0.03551033195108175, 0.48718005791306496, 0.4875598791986704, 0.0, -0.0, 0.04928639158606529, 0.4802854433655739, 0.0486149787902832, 0.5651881909647654, 0.018105048686265945, 0.0]
[0.4642857142857143, 0.5, 0.3333333333333333, 0.42424242424242425, 0.6153846153846154, 0.5869565217391305, 0.0, 0.0, 0.37313078420795853, 0.37312159848258786, 0.46316058856807296, 0.5313646856680376, 0.044424262429986684, 0.044424262429986684, 0.9505950789898634, 0.0, 0.0, 0.0, 0.034080504812300204, 0.4883245527744293, 0.4886920563876629, 0.0, -0.0, 0.045594196766614914, 0.48176232129335406, 0.04471379518508911, 0.56411316575006, 0.016648482531309128, 0.0]
[0.4642857142857143, 0.5, 0.3333333333333333, 0.42424242424242425, 0.6153846153846154, 0.5869565217391305, 0.0, 0.0, 0.3666738574864987, 0.3666646375710832, 0.4698297556909959, 0.5250489210940633, 0.0425667448767594, 0.0425667448767594, 0.9509326387196779, 0.0, 0.0, 0.0, 0.03217710964381695, 0.4891366008669138, 0.4895330434665084, 0.0, -0.0, 0.04232628643512726, 0.4830694854259491, 0.041176967322826385, 0.5627328157424927, 0.015348455868661404, 0.0]
[0.4642857142857143, 0.5, 0.3333333333333333, 0.42424242424242425, 0.6153846153846154, 0.5869565217391305, 0.0, 0.0, 0.42958004114504755, 0.4295723597816482, 0.6103393548305358, 0.3891276601572971, 0.049983342843396325, 0.049983342843396325, 0.947977164760232, 0.0, 0.0, 0.0, 0.03485573977231979, 0.48916683439165354, 0.4896707432344556, 0.0, -0.0, 0.044430654495954514, 0.4822277382016182, 0.04279138892889023, 0.5681402946627417, 0.016148986294865608, 0.0]
[0.4642857142857143, 0.5, 0.3333333333333333, 0.42424242424242425, 0.6153846153846154, 0.5869565217391305, 0.0, 0.0, 0.4578849478387924, 0.45787794742711874, 0.6356217305017475, 0.36545682085125164, 0.05626664363912174, 0.05626664363912174, 0.9446562323719263, 0.0, 0.0, 0.0, 0.04126083776354789, 0.48905940540134907, 0.4898154828697443, 0.0, -0.0, 0.04896080493927002, 0.48041567802429197, 0.046308208256959915, 0.5805972426436669, 0.01822565123438835, 0.0]
[0.4642857142857143, 0.5, 0.3333333333333333, 0.42424242424242425, 0.6153846153846154, 0.5869565217391305, 0.0, 0.0, 0.46235026171284926, 0.4623432983403908, 0.6144685435249518, 0.3856905349531269, 0.05934093147516251, 0.05934093147516251, 0.9427823610603809, 0.0, 0.0, 0.0, 0.042989960126578804, 0.4893390666693449, 0.4902652306482196, 0.0, -0.0, 0.05337217077612877, 0.4786511316895485, 0.04980333521962166, 0.5831578581832176, 0.019740981981158257, 0.0]
[0.4642857142857143, 0.5, 0.3333333333333333, 0.42424242424242425, 0.6153846153846154, 0.5869565217391305, 0.0, 0.0, 0.4628790734374956, 0.46287215565176354, 0.628349473781841, 0.37251815918476083, 0.05971924268773624, 0.05971924268773624, 0.9429970420897007, 0.0, 0.0, 0.0, 0.04317744225263595, 0.4896592376753688, 0.490667013451457, 0.0, -0.0, 0.05560113489627838, 0.4777595460414886, 0.05148954316973686, 0.5858734908492066, 0.020265642553567886, 0.0]
[0.4642857142857143, 0.5, 0.3333333333333333, 0.42424242424242425, 0.6153846153846154, 0.5869565217391305, 0.0, 0.0, 0.4665284532889809, 0.46652162952587206, 0.6302479557963676, 0.37074875598605184, 0.05948692826288087, 0.05948692826288087, 0.943658996373415, 0.0, 0.0, 0.0, 0.04510232750326395, 0.4893439207226038, 0.49047762621194124, 0.0, -0.0, 0.05529450252652168, 0.4778821989893913, 0.05091284215450287, 0.5953775970048683, 0.02062310092151165, 0.0]
[0.4642857142857143, 0.5, 0.3333333333333333, 0.42424242424242425, 0.6153846153846154, 0.5869565217391305, 0.0, 0.0, 0.46219393343132265, 0.4621869985505682, 0.6181083701080847, 0.3824526579333942, 0.0576077907213143, 0.0576077907213143, 0.9443895425647497, 0.0, 0.0, 0.0, 0.04518785886466503, 0.48883555829524994, 0.490055562928319, 0.0, -0.0, 0.05311717465519905, 0.47875313013792037, 0.04891128093004227, 0.6055478370466898, 0.020472312346100807, 0.0]
[0.4642857142857143, 0.5, 0.3333333333333333, 0.42424242424242425, 0.6153846153846154, 0.5869565217391305, 0.0, 0.0, 0.4517257480274879, 0.4517185567213974, 0.5956730792444933, 0.40379942894387155, 0.055864104734999795, 0.055864104734999795, 0.9449451230466366, 0.0, 0.0, 0.0, 0.04580874778330326, 0.4880155622959137, 0.48938185069710016, 0.0, -0.0, 0.0506180003285408, 0.47975279986858366, 0.04668627679347992, 0.6100334157777387, 0.020595194771885872, 0.0]
[0.4642857142857143, 0.5, 0.3333333333333333, 0.42424242424242425, 0.6153846153846154, 0.5869565217391305, 0.0, 0.0, 0.45355764492975825, 0.45355044507615655, 0.5802552266968823, 0.4186024191224046, 0.05500143393874169, 0.05500143393874169, 0.9457243178039789, 0.0, 0.0, 0.0, 0.04868018627166748, 0.4872554335743189, 0.48878259118646383, 0.0, -0.0, 0.04875275492668152, 0.4804988980293274, 0.04503250867128372, 0.6160887053539587, 0.021615518257021904, 0.0]
[0.4642857142857143, 0.5, 0.3333333333333333, 0.42424242424242425, 0.6153846153846154, 0.5869565217391305, 0.27493950724601746, 0.2734512686729431, 0.29251244783857355, 0.2925023959654011, 0.5060113827140563, 0.4923275979886725, 0.05652673276407379, 0.05652673276407379, 0.9417304862290621, 0.0, 0.0, 0.0, 0.06844560131430626, 0.48125312477350235, 0.48347568698227406, 0.10290267318487167, -0.0, 0.04859492927789688, 0.48056202828884126, 0.04540015384554863, 0.6154330663902815, 0.02302432619035244, 0.0]
[0.4642857142857143, 0.5, 0.3333333333333333, 0.42424242424242425, 0.6153846153846154, 0.5869565217391305, 0.17470282316207886, 0.17434971034526825, 0.30738092334958833, 0.3073708258896895, 0.48925775360764784, 0.5072606926843672, 0.054731869271823344, 0.054731869271823344, 0.938853757455945, 0.0, 0.0, 0.0, 0.06199388541281223, 0.4784497879445553, 0.48050839453935623, 0.0, -0.0, 0.0498882532119751, 0.48004469871520994, 0.04752345383167267, 0.6101306510526081, 0.02410034090280533, 0.007801210158504546]
[0.4642857142857143, 0.5, 0.3333333333333333, 0.42424242424242425, 0.6153846153846154, 0.5869565217391305, 0.08038922399282455, 0.07995245605707169, 0.3355747750794682, 0.33556507650342543, 0.4905036110609029, 0.5052348413562633, 0.04551847066198077, 0.04551847066198077, 0.9444897882640362, 0.0, 0.0, 0.0, 0.041554725915193554, 0.4833490177989006, 0.4837930519133806, 0.0, -0.0, 0.045023661106824875, 0.48199053555727006, 0.04334789887070656, 0.60923291153686, 0.021215595304965973, 0.011200623121112585]
[0.4642857142857143, 0.5, 0.3333333333333333, 0.42424242424242425, 0.6153846153846154, 0.5869565217391305, 0.0544082336127758, 0.05385322868824005, 0.3473310675721324, 0.34732153994631354, 0.4894770143649774, 0.5058672603133482, 0.03883464927119868, 0.03883464927119868, 0.9505293946713209, 0.0, 0.0, 0.0, 0.03309277072548866, 0.48770227283239365, 0.487957420758903, 0.0, -0.0, 0.041369449347257614, 0.48345222026109697, 0.039962127804756165, 0.6092379744662795, 0.018759701400995255, 0.006609552074223757]
[0.4642857142857143, 0.5, 0.3333333333333333, 0.42424242424242425, 0.6153846153846154, 0.5869565217391305, 0.042889829725027084, 0.04236999899148941, 0.36420191724715223, 0.36419266314169185, 0.49279628078636656, 0.502520488000914, 0.03362496782626425, 0.03362496782626425, 0.9545601010322571, 0.0, 0.0, 0.0, 0.02959133330732584, 0.48992765229195356, 0.4901392525061965, 0.0, -0.0, 0.03785482794046402, 0.4848580688238144, 0.036677245050668716, 0.6098220306773519, 0.016290469095110893, 0.0]
[0.4642857142857143, 0.5, 0.3333333333333333, 0.42424242424242425, 0.6153846153846154, 0.5869565217391305, 0.037202831357717514, 0.036713819950819016, 0.37304741748204423, 0.3730384027068975, 0.49882607546280605, 0.4966430768405452, 0.03199169944439616, 0.03199169944439616, 0.9559575580060482, 0.0, 0.0, 0.0, 0.027848822996020314, 0.4910058006644249, 0.4911996806040406, 0.0, -0.0, 0.036726146936416626, 0.48530954122543335, 0.03560357913374901, 0.6091472991677218, 0.015178908593952656, 0.0]
[0.4642857142857143, 0.5, 0.3333333333333333, 0.42424242424242425, 0.6153846153846154, 0.5869565217391305, 0.02520814910531044, 0.02488175965845585, 0.34741408100091703, 0.3474046559452327, 0.49989569420885316, 0.49621849916582533, 0.029447606897779876, 0.029447606897779876, 0.9581747353076935, 0.0, 0.0, 0.0, 0.025205823220312593, 0.49116124864667654, 0.49138511531054974, 0.0, -0.0, 0.03290553763508797, 0.4868377849459648, 0.031921304762363434, 0.6205536373132883, 0.013406968675553799, 0.0]
[0.4642857142857143, 0.5, 0.3333333333333333, 0.42424242424242425, 0.6153846153846154, 0.5869565217391305, 0.019981496036052704, 0.01976166106760502, 0.3236205222273876, 0.32361075527125516, 0.49655025831315075, 0.5001077307291236, 0.027577213144728118, 0.027577213144728118, 0.9584403317421675, 0.0, 0.0, 0.0, 0.023146293126046658, 0.4914082521572709, 0.4916305346414447, 0.0, -0.0, 0.03139316290616989, 0.48744273483753203, 0.03064946085214615, 0.6244731919710026, 0.012805408798158169, 0.0]
[0.4642857142857143, 0.5, 0.3333333333333333, 0.42424242424242425, 0.6153846153846154, 0.5869565217391305, 0.04098859801888466, 0.040205225348472595, 0.29724986603337533, 0.29723976857347656, 0.4955718101039671, 0.501770386909613, 0.025801612064242363, 0.025801612064242363, 0.9458767753094435, 0.0, 0.0, 0.0, 0.022533471789211033, 0.4900752268731594, 0.4903421774506569, 0.0, -0.0, 0.03194378688931465, 0.48722248524427414, 0.03164641186594963, 0.6247695396805919, 0.012779297307133675, 0.0]
[0.4642857142857143, 0.5, 0.3333333333333333, 0.42424242424242425, 0.6153846153846154, 0.5869565217391305, 0.054171472787857056, 0.053365983068943024, 0.2944193861908484, 0.2944089468305015, 0.4944215975203204, 0.5030612719395826, 0.026210715462054526, 0.026210715462054526, 0.9324087575078011, 0.0, 0.0, 0.0, 0.024233835749328136, 0.4879413126036525, 0.48851040937006474, 0.0, -0.0, 0.034564558416604996, 0.486174176633358, 0.034617941826581955, 0.6230988873298778, 0.013666543178260326, 0.0]
[0.4642857142857143, 0.5, 0.3333333333333333, 0.42424242424242425, 0.6153846153846154, 0.5869565217391305, 0.06388038396835327, 0.06315154582262039, 0.28829031920569803, 0.2882797430851719, 0.4941633519205491, 0.5034399038924263, 0.026781531050801277, 0.026781531050801277, 0.9273873455822468, 0.0, 0.0, 0.0, 0.025181831046938895, 0.48640924133360386, 0.4870507586747408, 0.0, -0.0, 0.03702550753951073, 0.48518979698419573, 0.03736799955368042, 0.6206457576779432, 0.014075909741222858, 0.0]
[0.4642857142857143, 0.5, 0.3333333333333333, 0.42424242424242425, 0.6153846153846154, 0.5869565217391305, 0.07613812386989594, 0.07542887330055237, 0.2885830315759487, 0.28857247824878585, 0.4920543261855328, 0.5056677044185074, 0.026962904791746824, 0.026962904791746824, 0.9263833686709404, 0.0, 0.0, 0.0, 0.025272862054407597, 0.4858517097309232, 0.48641653824597597, 0.0, -0.0, 0.0383136160671711, 0.48467455357313155, 0.03884326294064522, 0.6157908709936364, 0.01400699745863676, 0.0]
[0.4642857142857143, 0.5, 0.3333333333333333, 0.42424242424242425, 0.6153846153846154, 0.5869565217391305, 0.01464831456542015, 0.014614960178732872, 0.4343898624580631, 0.434382346346547, 0.6345995051455088, 0.3676412911938841, 0.0370385976774352, 0.0370385976774352, 0.9341093227267265, 0.0, 0.0, 0.0, 0.038912860490381715, 0.4864897923544049, 0.48710430786013603, 0.0, -0.0, 0.038465701043605804, 0.48461371958255767, 0.03873385861515999, 0.6127475202083588, 0.014553525485098362, 0.0]
[0.4642857142857143, 0.5, 0.3333333333333333, 0.42424242424242425, 0.6153846153846154, 0.5869565217391305, 0.0, 0.0, 0.49523589469449697, 0.4952296546551739, 0.6692090617994961, 0.33480304098443314, 0.04854414345962661, 0.04854414345962661, 0.9370876252651215, 0.0, 0.0, 0.0, 0.045540095679461955, 0.48647737596184015, 0.4874994773417711, 0.0, -0.0, 0.04390619322657585, 0.4824375227093697, 0.04286576807498932, 0.6110842855170716, 0.018096528947353363, 0.0]
[0.4642857142857143, 0.5, 0.3333333333333333, 0.42424242424242425, 0.6153846153846154, 0.5869565217391305, 0.0, 0.0, 0.596280738910799, 0.5962767044855122, 0.6718959890405717, 0.33418271960486823, 0.07206763273903302, 0.07206763273903302, 0.9369863122701645, 0.0, 0.0, 0.0, 0.06762271709740161, 0.48607106134295464, 0.48739147279411554, 0.1095263659954071, -0.0, 0.049885135143995285, 0.4800459459424019, 0.04758840054273605, 0.6077466766501582, 0.02948981337249279, 0.0]
[0.4642857142857143, 0.5, 0.3333333333333333, 0.42424242424242425, 0.6153846153846154, 0.5869565217391305, 0.0, 0.0, 0.625468814350223, 0.6254654067424241, 0.67990234021247, 0.3269995735384032, 0.09066566558820861, 0.09066566558820861, 0.932794563472271, 0.0, 0.0, 0.0, 0.09895417466759682, 0.4835115000605583, 0.4854233916848898, 0.1591852456331253, 0.1591852456331253, 0.060544420033693314, 0.4757822319865227, 0.055902328342199326, 0.6031171111173408, 0.04295630007982254, 0.0]
[0.4642857142857143, 0.5, 0.3333333333333333, 0.42424242424242425, 0.6153846153846154, 0.5869565217391305, 0.0, 0.0, 0.5550666913019767, 0.5550616026836417, 0.5768682070033728, 0.42394166188253224, 0.10495747838701522, 0.10495747838701522, 0.9320725724101067, 0.0, 0.0, 0.0, 0.10887065455317496, 0.4810779523104429, 0.483261464163661, 0.1688433289527893, 0.1688433289527893, 0.06493888795375824, 0.4740244448184967, 0.05979326739907265, 0.6009216086809025, 0.04637736827135086, 0.0]
[0.4642857142857143, 0.5, 0.3333333333333333, 0.42424242424242425, 0.6153846153846154, 0.5869565217391305, 0.27947622537612915, 0.27916592359542847, 0.348229946643399, 0.348220225273993, 0.48242935561085293, 0.513779796851474, 0.1027369179895946, 0.1027369179895946, 0.9285576641559601, 0.0, 0.0, 0.0, 0.1127902515232563, 0.4672139808535576, 0.4696219991892576, 0.16740967333316803, 0.16740967333316803, 0.07018032670021057, 0.47192786931991576, 0.06557197123765945, 0.5986295779084051, 0.045882850885391235, 0.005136952386237681]
[0.4642857142857143, 0.5, 0.3333333333333333, 0.42424242424242425, 0.6153846153846154, 0.5869565217391305, 0.05492602288722992, 0.05465199798345566, 0.41966419876419564, 0.4196557196330842, 0.4788678769399741, 0.5160486966605802, 0.06819351709314755, 0.06819351709314755, 0.9443572759628296, 0.0, 0.0, 0.0, 0.07039760276675223, 0.4797598347067833, 0.47985061071813107, 0.10369724035263062, -0.0, 0.06455208361148834, 0.47417916655540465, 0.06120069697499275, 0.5983463761418365, 0.03549865633249283, 0.011331366840749979]
[0.4642857142857143, 0.5, 0.3333333333333333, 0.42424242424242425, 0.6153846153846154, 0.5869565217391305, 0.0, 0.0, 0.44238169425760127, 0.44237433769962753, 0.49540641504993405, 0.49894889904886947, 0.060517527163028724, 0.060517527163028724, 0.9514505006372929, 0.0, 0.0, 0.0, 0.05571401454508304, 0.4837674144655466, 0.48388042114675045, 0.0, -0.0, 0.055090829730033875, 0.47796366810798646, 0.053063686937093735, 0.6012913376785989, 0.028963342308998108, 0.017512491904199123]
[0.4642857142857143, 0.5, 0.3333333333333333, 0.42424242424242425, 0.6153846153846154, 0.5869565217391305, 0.0, 0.0, 0.43899355768929477, 0.43898613275123144, 0.5278293174721771, 0.46690715721820053, 0.05932452157139779, 0.05932452157139779, 0.9516950566321611, 0.0, 0.0, 0.0, 0.05494120083749294, 0.48510362952947617, 0.48532255832105875, 0.0, -0.0, 0.051671117544174194, 0.4793315529823303, 0.04985428974032402, 0.605159436547479, 0.026739269495010376, 0.01771008362993598]
[0.4642857142857143, 0.5, 0.3333333333333333, 0.42424242424242425, 0.6153846153846154, 0.5869565217391305, 0.0, 0.0, 0.4314797767945503, 0.43147215811289974, 0.5926004256162771, 0.40323360649572454, 0.062494365764515745, 0.062494365764515745, 0.9483286030590534, 0.0, 0.0, 0.0, 0.06414122730493545, 0.4844394950196147, 0.4849879303947091, 0.0, -0.0, 0.05210764706134796, 0.4791569411754608, 0.05027437582612038, 0.6152678350376528, 0.025748373940587044, 0.026084105484187603]
[0.4642857142857143, 0.5, 0.3333333333333333, 0.42424242424242425, 0.6153846153846154, 0.5869565217391305, 0.0, 0.0, 0.4241372652309119, 0.4241294642023557, 0.6240147345380619, 0.3727225130825558, 0.06331061944365501, 0.06331061944365501, 0.9461388662457466, 0.0, 0.0, 0.0, 0.05899115689098835, 0.48477098532021046, 0.4855352733284235, 0.0, -0.0, 0.052523184567689896, 0.47899072617292404, 0.050881270319223404, 0.6252440359703331, 0.025018800050020218, 0.03840364748612046]
[0.4642857142857143, 0.5, 0.3333333333333333, 0.42424242424242425, 0.6153846153846154, 0.5869565217391305, 0.0, 0.0, 0.41920631428749566, 0.4191984220854867, 0.6351835508875363, 0.36191884641159056, 0.06432762635605677, 0.06432762635605677, 0.9435361716896296, 0.0, 0.0, 0.0, 0.057465713098645205, 0.484608668833971, 0.4855710845440626, 0.0, -0.0, 0.05287802591919899, 0.4788487896323204, 0.0, 0.6976744186046512, 0.024683283641934395, 0.04688322078436613]
[0.4642857142857143, 0.5, 0.3333333333333333, 0.42424242424242425, 0.6153846153846154, 0.5869565217391305, 0.0, 0.0, 0.41554172271524287, 0.4155337507364627, 0.641892070752029, 0.3554648828273471, 0.06511300536138671, 0.06511300536138671, 0.9408760275691748, 0.0, 0.0, 0.0, 0.0545839037746191, 0.48483556043356657, 0.4858818780630827, 0.0, -0.0, 0.0519564189016819, 0.47921743243932724, 0.0, 0.6976744186046512, 0.024092646315693855, 0.05066495854407549]
[0.4642857142857143, 0.5, 0.3333333333333333, 0.42424242424242425, 0.6153846153846154, 0.5869565217391305, 0.0, 0.0, 0.41414691704409073, 0.4141388937802433, 0.6401838449401563, 0.35714511838920665, 0.06504403161151069, 0.06504403161151069, 0.9394035059958696, 0.0, 0.0, 0.0, 0.05284120701253414, 0.48505330737680197, 0.48614954855293036, 0.0, -0.0, 0.05129825696349144, 0.4794806972146034, 0.0, 0.6976744186046512, 0.023585015907883644, 0.05107896402478218]
[0.4642857142857143, 0.5, 0.3333333333333333, 0.42424242424242425, 0.6153846153846154, 0.5869565217391305, 0.0, 0.0, 0.3957376976997857, 0.39572922996535587, 0.6185815717248571, 0.3775966002831217, 0.0641848599272115, 0.0641848599272115, 0.9374838415533304, 0.0, 0.0, 0.0, 0.05144449509680271, 0.48465632554143667, 0.48584116250276566, 0.0, -0.0, 0.05099355801939964, 0.47960257679224017, 0.0, 0.6976744186046512, 0.02261817827820778, 0.0527688954025507]
[0.4642857142857143, 0.5, 0.3333333333333333, 0.42424242424242425, 0.6153846153846154, 0.5869565217391305, 0.0, 0.0, 0.3928454592396607, 0.3928368889350964, 0.6086300691272744, 0.3873228588655341, 0.06290389224886894, 0.06290389224886894, 0.9377245046198368, 0.0, 0.0, 0.0, 0.0496761567890644, 0.4843829609453678, 0.48559687100350857, 0.0, -0.0, 0.05020817369222641, 0.47991673052310946, 0.04927091300487518, 0.6262926757335663, 0.021560845896601677, 0.053219832479953766]
[0.4642857142857143, 0.5, 0.3333333333333333, 0.42424242424242425, 0.6153846153846154, 0.5869565217391305, 0.0, 0.0, 0.4108289099560185, 0.4108208411054447, 0.5894850572254189, 0.4063594883253602, 0.06623747891613416, 0.06623747891613416, 0.9361905865371227, 0.0, 0.0, 0.0, 0.05277788937091827, 0.4838315434753895, 0.48511805571615696, 0.0, -0.0, 0.051808036863803864, 0.4792767852544785, 0.05081766098737717, 0.6147226708572965, 0.021896420046687126, 0.047518862411379814]
[0.4642857142857143, 0.5, 0.3333333333333333, 0.42424242424242425, 0.6153846153846154, 0.5869565217391305, 0.0, 0.0, 0.4080288079683001, 0.4080189555370557, 0.5653180861792191, 0.42977297916416407, 0.06212815642356873, 0.06212815642356873, 0.9460952710360289, 0.0, 0.0, 0.0, 0.04216625448316336, 0.48540425207465887, 0.4864239012822509, 0.0, -0.0, 0.048698242753744125, 0.48052070289850235, 0.04762157425284386, 0.6199614928905354, 0.02079365774989128, 0.04407205153256655]
[0.4642857142857143, 0.5, 0.3333333333333333, 0.42424242424242425, 0.6153846153846154, 0.5869565217391305, 0.4377422034740448, 0.43669477105140686, 0.26431423117964037, 0.2643026293577701, 0.542062100329317, 0.45545446662505723, 0.07017669134906361, 0.07017669134906361, 0.9231171421706676, 0.0, 0.0, 0.0, 0.07260951399803162, 0.47993639670312405, 0.4823414161801338, 0.1116936206817627, -0.0, 0.05849874019622803, 0.47660050392150877, 0.05501255765557289, 0.6085913021897161, 0.021292854100465775, 0.037542046047747135]
[0.4642857142857143, 0.5, 0.3333333333333333, 0.42424242424242425, 0.6153846153846154, 0.5869565217391305, 0.03655170276761055, 0.035972077399492264, 0.3839872744981463, 0.38397714284820267, 0.5315697254687832, 0.4636102339910909, 0.047532628689493456, 0.047532628689493456, 0.950304426252842, 0.0, 0.0, 0.0, 0.027812995761632917, 0.4888041075319052, 0.48885363060981035, 0.0, -0.0, 0.05259295925498009, 0.47896281629800797, 0.050813302397727966, 0.6107353280450023, 0.01872066780924797, 0.020459620282053947]
[0.4642857142857143, 0.5, 0.3333333333333333, 0.42424242424242425, 0.6153846153846154, 0.5869565217391305, 0.0, 0.0, 0.395122117339767, 0.3951120882599577, 0.5307297216546695, 0.4641947412987234, 0.04176022484898567, 0.04176022484898567, 0.9546113293617964, 0.0, 0.0, 0.0, 0.024836302548646924, 0.49098633136600256, 0.4911279594525695, 0.0, -0.0, 0.04601932317018509, 0.48159227073192595, 0.044627875089645386, 0.6155635693738627, 0.016498425975441933, 0.011801833752542734]
[0.4642857142857143, 0.5, 0.3333333333333333, 0.42424242424242425, 0.6153846153846154, 0.5869565217391305, 0.0, 0.0, 0.3901477507377902, 0.3901376304845281, 0.5328992082101665, 0.46204342960121025, 0.042952191350715506, 0.042952191350715506, 0.9522994495928288, 0.0, 0.0, 0.0, 0.15464730411767957, 0.46673547104001045, 0.46923068910837173, 0.23002976179122925, 0.23002976179122925, 0.0429709255695343, 0.4828116297721863, 0.04253382980823517, 0.6116191107173299, 0.05708397924900055, 0.004915026947855949]
[0.6825574622267768, 0.703720298078325, 0.3333333333333333, 0.42424242424242425, 0.2079440192279653, 0.17951592558248036, 0.0, 0.0, 0.35294028632271585, 0.352929676012145, 0.5363381027491553, 0.4591885779550786, 0.06375945040157864, 0.06375945040157864, 0.9364576004445553, 0.0, 0.0, 0.0, 0.39624997377395627, 0.43345556408166885, 0.43972162157297134, 0.5897225141525269, 0.5897225141525269, 0.0, 0.5, 0.0, 0.6976744186046512, 0.5493373870849609, 0.0]
[0.8422682143393017, 0.8527836667166816, 0.3333333333333333, 0.42424242424242425, -0.09018271804874778, -0.11861081169423271, 0.0, 0.0, 0.3263159855829826, 0.32630505616532685, 0.5377902052370586, 0.45831730164665063, 0.06136064816798483, 0.06136064816798483, 0.9382488746196032, 0.0, 0.0, 0.0, 0.4345652908086777, 0.44712594524025917, 0.4548635482788086, 0.659860372543335, 0.659860372543335, 0.0, 0.5, 0.0, 0.6976744186046512, 0.6583995223045349, 0.0]
[0.8582513062726884, 0.8677012191878425, 0.3333333333333333, 0.42424242424242425, -0.12001782299106956, -0.1484459166365545, 0.0, 0.0, 0.3286255345061906, 0.328614684865306, 0.535960875437319, 0.46021941920260806, 0.05659259057470731, 0.05659259057470731, 0.9411580301821232, 0.0, 0.0, 0.0, 0.44999484121799466, 0.457480788230896, 0.4625229015946388, 0.680145263671875, 0.680145263671875, 0.0, 0.5, 0.0, 0.6976744186046512, 0.6920611262321472, 0.0]
[0.869708436585608, 0.8783945408132341, 0.3333333333333333, 0.42424242424242425, -0.14140446624185277, -0.1698325598873377, 0.0, 0.0, 0.32302421365595685, 0.3230132728416195, 0.5360981484672079, 0.4601947966720082, 0.054341038422925134, 0.054341038422925134, 0.9423520658165216, 0.0, 0.0, 0.0, 0.45335005819797514, 0.46040255203843117, 0.4645879901945591, 0.683892011642456, 0.683892011642456, 0.0, 0.5, 0.0, 0.6976744186046512, 0.7179923057556152, 0.0]
[0.8746154067062196, 0.8829743795924716, 0.3333333333333333, 0.42424242424242425, -0.1505641438003279, -0.17899223744581283, 0.0, 0.0, 0.31850756058045604, 0.31849657417939226, 0.5358820702332155, 0.46047399257787963, 0.05268387762563569, 0.05268387762563569, 0.9426048193126917, 0.0, 0.0, 0.0, 0.45949076116085047, 0.46152370050549507, 0.46547606587409973, 0.6937132477760315, 0.6937132477760315, 0.0, 0.5, 0.0, 0.6976744186046512, 0.7430697083473206, 0.0]
[0.8807571331659952, 0.8887066576215956, 0.3333333333333333, 0.42424242424242425, -0.1620286998585757, -0.19045679350406064, 0.0, 0.0, 0.320271903652534, 0.32026076909460943, 0.5345988551699636, 0.4617411269233919, 0.05119989493063518, 0.05119989493063518, 0.9429096411913633, 0.0, 0.0, 0.0, 0.47043303847312923, 0.46334264427423477, 0.4668489955365658, 0.7061290740966797, 0.7061290740966797, 0.0, 0.5, 0.0, 0.6976744186046512, 0.7656273245811462, 0.0]
[0.8836663720153627, 0.8914219472143385, 0.3333333333333333, 0.42424242424242425, -0.16745927904406155, -0.19588737268954648, 0.0, 0.0, 0.3230312568051865, 0.32302012224726195, 0.5320170851100243, 0.46415988454804546, 0.050306671432086406, 0.050306671432086406, 0.942868810147047, 0.0, 0.0, 0.0, 0.4788010954856872, 0.46459076926112175, 0.46763357520103455, 0.7166792750358582, 0.7166792750358582, 0.0, 0.5, 0.0, 0.6976744186046512, 0.7819454669952393, 0.0]
[0.884583307873635, 0.8922777540153928, 0.3333333333333333, 0.42424242424242425, -0.16917089264617002, -0.19759898629165495, 0.0, 0.0, 0.32374897422571713, 0.32373786246115577, 0.5309672085550502, 0.46519470893579457, 0.050173769039767134, 0.050173769039767134, 0.9426428247243166, 0.0, 0.0, 0.0, 0.4800520420074463, 0.464718259871006, 0.4676019623875618, 0.7181251645088196, 0.7181251645088196, 0.0, 0.5, 0.0, 0.6976744186046512, 0.7831583619117737, 0.0]
[0.8827736328045528, 0.8905887239509158, 0.3333333333333333, 0.42424242424242425, -0.16579283251721633, -0.19422092616270126, 0.0, 0.0, 0.3237049602413724, 0.32369387127017424, 0.5285240306908953, 0.46766148078003483, 0.05050295431699072, 0.05050295431699072, 0.9422652367502451, 0.0, 0.0, 0.0, 0.47988604605197904, 0.463615819811821, 0.46658526733517647, 0.7174696326255798, 0.7174696326255798, 0.0, 0.5, 0.0, 0.6976744186046512, 0.7749858498573303, 0.0]
[0.8805593912090574, 0.8885220984617869, 0.3333333333333333, 0.42424242424242425, -0.16165958153895832, -0.19008767518444325, 0.0, 0.0, 0.32584809481983656, 0.3258370058486384, 0.5275507483837937, 0.4686333214069137, 0.05080836958118848, 0.05080836958118848, 0.941593149676919, 0.0, 0.0, 0.0, 0.47933198213577266, 0.4623716399073601, 0.4654020704329014, 0.7160450220108032, 0.7160450220108032, 0.0, 0.5, 0.0, 0.6976744186046512, 0.7558085918426514, 0.0]
[0.879801401070186, 0.8878146409988403, 0.3333333333333333, 0.42424242424242425, -0.16024466661306525, -0.18867276025855018, 0.0, 0.0, 0.3293313423944477, 0.32932028761329435, 0.5233426248480212, 0.47277163314495163, 0.050756870103733885, 0.050756870103733885, 0.9414495788514614, 0.0, 0.0, 0.0, 0.48071915507316587, 0.46114064007997513, 0.46409765630960464, 0.7166481018066406, 0.7166481018066406, 0.0, 0.5, 0.0, 0.6976744186046512, 0.7522183656692505, 0.0]
[0.8764790275267191, 0.8847137590249379, 0.3333333333333333, 0.42424242424242425, -0.15404290266526044, -0.18247099631074537, 0.0, 0.0, 0.33143481652093887, 0.33142381872319354, 0.5198160228720131, 0.47620383498267005, 0.05031785528574671, 0.05031785528574671, 0.9418855998665094, 0.0, 0.0, 0.0, 0.48036634325981137, 0.4605543501675129, 0.46347732096910477, 0.7155817747116089, 0.7155817747116089, 0.0, 0.5, 0.0, 0.6976744186046512, 0.7491433620452881, 0.0]
[0.7800155445223762, 0.7946811748875512, 0.3333333333333333, 0.42424242424242425, 0.02602226560951304, -0.002405828035971891, 0.0, 0.0, 0.3417377585890644, 0.34172690894817986, 0.5113058279679793, 0.48447075418436225, 0.05122847322906767, 0.05122847322906767, 0.9419965762645006, 0.0, 0.0, 0.0, 0.42763414084911344, 0.44757701829075813, 0.45362111553549767, 0.6298831105232239, 0.6298831105232239, 0.0, 0.5, 0.0, 0.6976744186046512, 0.4654560983181, 0.0]
[0.5679188156056971, 0.5967242278986506, 0.3333333333333333, 0.42424242424242425, 0.421936159587314, 0.3935080659418291, 0.0, 0.0, 0.34372420019219074, 0.34371330496457975, 0.507968399509873, 0.48730962768288866, 0.05400444247892925, 0.05400444247892925, 0.9382434915751219, 0.0, 0.0, 0.0, 0.3435325101017952, 0.4257753863930702, 0.43580368161201477, 0.5119357705116272, 0.5119357705116272, 0.09749902039766312, 0.4610003918409348, 0.0, 0.6976744186046512, 0.1989714503288269, 0.00207244127523154]
[0.4642857142857143, 0.5, 0.3333333333333333, 0.42424242424242425, 0.6153846153846154, 0.5869565217391305, 0.0, 0.0, 0.343932976002447, 0.3439220123947464, 0.5050694270355067, 0.4898599030132225, 0.057194280837263384, 0.057194280837263384, 0.923487052321434, 0.0, 0.0, 0.0, 0.21610951274633405, 0.4504500515758991, 0.4542396292090416, 0.3207671344280243, 0.3207671344280243, 0.087173230946064, 0.4651307076215744, 0.08604729175567627, 0.6221444731534914, 0.07440921664237976, 0.017092732014134526]
[0.4642857142857143, 0.5, 0.3333333333333333, 0.42424242424242425, 0.6153846153846154, 0.5869565217391305, 0.0, 0.0, 0.34692375017169785, 0.34691031348408974, 0.5026324416651439, 0.49221438905198484, 0.05131216453654426, 0.05131216453654426, 0.9375872686505318, 0.0, 0.0, 0.0, 0.09671558141708374, 0.47596823051571846, 0.4774351641535759, 0.1442016363143921, 0.1442016363143921, 0.0689900666475296, 0.47240397334098816, 0.06898761540651321, 0.6181382925011392, 0.0358298160135746, 0.015463936142623425]
[0.4642857142857143, 0.5, 0.3333333333333333, 0.42424242424242425, 0.6153846153846154, 0.5869565217391305, 0.0, 0.0, 0.3535031570303281, 0.3534898457062176, 0.4991832598402783, 0.4956803991456738, 0.041319680001054494, 0.041319680001054494, 0.9503226559609175, 0.0, 0.0, 0.0, 0.03518085908144712, 0.48743865359574556, 0.48827723786234856, 0.0, -0.0, 0.05320758372545242, 0.47871696650981904, 0.051401183009147644, 0.6061576133550599, 0.021389173343777657, 0.0]
[0.4642857142857143, 0.5, 0.3333333333333333, 0.42424242424242425, 0.6153846153846154, 0.5869565217391305, 0.0, 0.0, 0.35895181933051085, 0.35893857638649, 0.49552140151280516, 0.4993417369653294, 0.03618926608136722, 0.03618926608136722, 0.9556202404201031, 0.0, 0.0, 0.0, 0.025135097093880177, 0.4905765298753977, 0.49127081874758005, 0.0, -0.0, 0.04637125879526138, 0.48145149648189545, 0.044326383620500565, 0.5983083781807922, 0.017523091286420822, 0.0]
[0.4642857142857143, 0.5, 0.3333333333333333, 0.42424242424242425, 0.6153846153846154, 0.5869565217391305, 0.0, 0.0, 0.36176642359556704, 0.361753214841591, 0.4919260408636717, 0.5029448092502977, 0.031188260763883594, 0.031188260763883594, 0.9594399984925985, 0.0, 0.0, 0.0, 0.0214914727024734, 0.4923199573531747, 0.4930625557899475, 0.0, -0.0, 0.03999002277851105, 0.4840039908885956, 0.03757509961724281, 0.5964720734330111, 0.013787692412734032, 0.0]
[0.4642857142857143, 0.5, 0.3333333333333333, 0.42424242424242425, 0.6153846153846154, 0.5869565217391305, 0.0, 0.0, 0.3668859269377378, 0.3668728207538962, 0.49028147477834677, 0.5045059266960593, 0.028410221316984723, 0.028410221316984723, 0.9618851915001869, 0.0, 0.0, 0.0, 0.01947442144155502, 0.493335316888988, 0.49404780799522996, 0.0, -0.0, 0.038160696625709534, 0.4847357213497162, 0.035515591502189636, 0.595121446043946, 0.012049832381308079, 0.0]
[0.4642857142857143, 0.5, 0.3333333333333333, 0.42424242424242425, 0.6153846153846154, 0.5869565217391305, 0.0, 0.0, 0.37133160148022504, 0.3713185408831099, 0.48803544739692206, 0.5066430096365931, 0.02610000116484506, 0.02610000116484506, 0.9639471974223852, 0.0, 0.0, 0.0, 0.017638003174215554, 0.49427497992292047, 0.49494730215519667, 0.0, -0.0, 0.03718171641230583, 0.48512731343507765, 0.0343097485601902, 0.5952226526515428, 0.010621074587106705, 0.0]
[0.4642857142857143, 0.5, 0.3333333333333333, 0.42424242424242425, 0.6153846153846154, 0.5869565217391305, 0.0, 0.0, 0.372653274645541, 0.3726402938251969, 0.4897479405537618, 0.5050086115281345, 0.02528386190533638, 0.02528386190533638, 0.9648012146353722, 0.0, 0.0, 0.0, 0.01649430301040411, 0.4946205266751349, 0.49525743862614036, 0.0, -0.0, 0.036242883652448654, 0.48550284653902054, 0.033340971916913986, 0.5987055218496988, 0.009844019077718258, 0.0]
[0.4642857142857143, 0.5, 0.3333333333333333, 0.42424242424242425, 0.6153846153846154, 0.5869565217391305, 0.0, 0.0, 0.3739771929571323, 0.3739642349301515, 0.49051774579525903, 0.5042562595922172, 0.02440467875983034, 0.02440467875983034, 0.9656984806060791, 0.0, 0.0, 0.0, 0.0152822894975543, 0.4949156176298857, 0.49548821337521076, 0.0, -0.0, 0.03478182479739189, 0.48608727008104324, 0.03198496997356415, 0.5994253207084744, 0.009035302326083183, 0.0]
[0.4642857142857143, 0.5, 0.3333333333333333, 0.42424242424242425, 0.6153846153846154, 0.5869565217391305, 0.0, 0.0, 0.3777359894995024, 0.37772303147252156, 0.4897958685859439, 0.5049238145186792, 0.024781072778361186, 0.024781072778361186, 0.9648738503456116, 0.0, 0.0, 0.0, 0.015673002321273086, 0.49489362724125385, 0.49548285361379385, 0.0, -0.0, 0.03650929406285286, 0.4853962823748589, 0.03358664736151695, 0.5888458670571793, 0.009002963081002235, 0.0]
[0.4642857142857143, 0.5, 0.3333333333333333, 0.42424242424242425, 0.6153846153846154, 0.5869565217391305, 0.0, 0.0, 0.3804297889395836, 0.3804169562761004, 0.48921044954378334, 0.5055979396320843, 0.024158740416169167, 0.024158740416169167, 0.9659177884459496, 0.0, 0.0, 0.0, 0.014772853814065455, 0.4951586313545704, 0.49567701620981097, 0.0, -0.0, 0.036185123026371, 0.4855259507894516, 0.03333012014627457, 0.5957744911659596, 0.008600708097219467, 0.0]
[0.4642857142857143, 0.5, 0.3333333333333333, 0.42424242424242425, 0.6153846153846154, 0.5869565217391305, 0.0, 0.0, 0.3863041172975792, 0.3862913530141856, 0.48529632620328245, 0.5094453510722462, 0.025789523497223854, 0.025789523497223854, 0.9639033321291208, 0.0, 0.0, 0.0, 0.015945206768810748, 0.4947764673270285, 0.4953686189837754, 0.0, -0.0, 0.038727931678295135, 0.48450882732868195, 0.03570881485939026, 0.5866274410902068, 0.009067198261618614, 0.0]
[0.4642857142857143, 0.5, 0.3333333333333333, 0.42424242424242425, 0.6153846153846154, 0.5869565217391305, 0.0, 0.0, 0.3838244045213805, 0.3838115718578973, 0.4852734316945304, 0.5094632353148492, 0.0284813969795193, 0.0284813969795193, 0.9604310318827629, 0.0, 0.0, 0.0, 0.017687370907515286, 0.49411491164937615, 0.4948310670442879, 0.0, -0.0, 0.04185444116592407, 0.48325822353363035, 0.03853077068924904, 0.5780985986077508, 0.009609919041395187, 0.0]
[0.4642857142857143, 0.5, 0.3333333333333333, 0.42424242424242425, 0.6153846153846154, 0.5869565217391305, 0.0, 0.0, 0.3871074579869812, 0.387094739290314, 0.483939535588197, 0.5107829169100553, 0.029403729630368098, 0.029403729630368098, 0.9595460835844278, 0.0, 0.0, 0.0, 0.018217104300856587, 0.4939216268248856, 0.4946908853016794, 0.0, -0.0, 0.04298913851380348, 0.48280434459447863, 0.039535097777843475, 0.5798905013605606, 0.009864051826298237, 0.0]
[0.4642857142857143, 0.5, 0.3333333333333333, 0.42424242424242425, 0.6153846153846154, 0.5869565217391305, 0.0, 0.0, 0.3906301836666596, 0.3906174535733108, 0.4831170912112606, 0.5115304281054623, 0.02860017919114658, 0.02860017919114658, 0.9606387000530958, 0.0, 0.0, 0.0, 0.01780994404107332, 0.4942235369235277, 0.4949095454066992, 0.0, -0.0, 0.04268040508031845, 0.48292783796787264, 0.03942462056875229, 0.5834740261698879, 0.00978610198944807, 0.0]
[0.4642857142857143, 0.5, 0.3333333333333333, 0.42424242424242425, 0.6153846153846154, 0.5869565217391305, 0.0, 0.0, 0.38996916473709603, 0.38995641185038404, 0.481448910489365, 0.5130860324064992, 0.026973741395132884, 0.026973741395132884, 0.9627185799181461, 0.0, 0.0, 0.0, 0.01638117041438818, 0.49469099566340446, 0.4952550516463816, 0.0, -0.0, 0.04067317768931389, 0.48373072892427443, 0.03770067170262337, 0.5944803669009098, 0.009348006919026375, 0.0]
[0.4642857142857143, 0.5, 0.3333333333333333, 0.42424242424242425, 0.6153846153846154, 0.5869565217391305, 0.0, 0.0, 0.38956682768652134, 0.38955408619649096, 0.48146079722827523, 0.5130735017550785, 0.026996300688811713, 0.026996300688811713, 0.9627708625048399, 0.0, 0.0, 0.0, 0.016375348065048454, 0.4946744185872376, 0.49523872788995504, 0.0, -0.0, 0.04059213027358055, 0.4837631478905678, 0.037626657634973526, 0.5923221242982288, 0.009348644874989986, 0.0]

程序已被终止，正在关闭套接字...
套接字已关闭。
