face_1,face_2,face_3,face_4,face_5,face_6,face_7,face_8,face_9,face_10,face_11,face_12,face_13,face_14,face_15,face_16,face_17,face_18,face_19,face_20,face_21,face_22,face_23,face_24,face_25,face_26,face_27,face_28,face_29,neck_1,neck_2,neck_3
0.4642857142857143,0.5,0.3333333333333333,0.42424242424242425,0.6153846153846154,0.5869565217391305,0.0,0.0,0.44936586565998726,0.44936907952419886,0.46014832025732183,0.5337343250195743,0.03671804309955665,0.03671804309955665,0.9638974107801914,0.0,0.0,0.0,0.041184557229280466,0.4920627735555172,0.49308042507618666,0.0,-0.0,0.036519743502140045,0.485392102599144,0.035342082381248474,0.6231243943059167,0.011336383409798145,0.0,-0.12932237,0.01661368,-0.06057642
0.4642857142857143,0.5,0.3333333333333333,0.42424242424242425,0.6153846153846154,0.5869565217391305,0.0,0.0,0.435774838491334,0.4357779953721376,0.46292704491952635,0.5313177313398398,0.10103888277496612,0.10103888277496612,0.9048010855913162,0.0,0.0,0.0,0.046188411116600034,0.47713285125792027,0.478115439414978,0.0,-0.0,0.15481510758399963,0.43807395696640017,0.15557707846164703,0.5772967948470005,0.03878404572606087,0.006458383286371827,-0.0934553,0.02168462,-0.05630244
0.4642857142857143,0.5,0.3333333333333333,0.42424242424242425,0.6153846153846154,0.5869565217391305,0.0,0.0,0.4545448796243102,0.4545480678459882,0.4578298078440344,0.5366906313499068,0.04183270170220307,0.04183270170220307,0.9709948971867561,0.0,0.0,0.0,0.022515241988003254,0.4915440361946821,0.4917224170640111,0.0,-0.0,0.0,0.5,0.0,0.6976744186046512,0.02065463550388813,0.0,-0.10303373,0.01025435,-0.04886577
0.4642857142857143,0.5,0.3333333333333333,0.42424242424242425,0.6153846153846154,0.5869565217391305,0.05873555317521095,0.058049701154232025,0.41142689383964465,0.41143003932376665,0.4537307405790909,0.5403150538932703,0.03834672538297517,0.03834672538297517,0.9661462418735027,0.0,0.0,0.0,0.02185514038428664,0.4920473201200366,0.4921934795565903,0.0,-0.0,0.0,0.5,0.0,0.6976744186046512,0.016617301851511,0.0,-0.09124182,0.01149101,-0.04230094
0.4642857142857143,0.5,0.3333333333333333,0.42424242424242425,0.6153846153846154,0.5869565217391305,0.04754368215799332,0.0471261627972126,0.418959205738673,0.418962351222795,0.4494734047475782,0.5445120763488704,0.03694534035665648,0.03694534035665648,0.9622451569885015,0.0,0.0,0.0,0.022487808298319575,0.49185511842370033,0.4920045444741845,0.0,-0.0,0.0,0.5,0.0,0.6976744186046512,0.014999570325016975,0.0,-0.09934642,0.02990247,-0.02327893
0.4642857142857143,0.5,0.3333333333333333,0.42424242424242425,0.6153846153846154,0.5869565217391305,0.7498092651367188,0.7312277555465698,0.2607750145016847,0.2607777041185426,0.4651575236657837,0.5326114085568019,0.04480373380439622,0.04480373380439622,0.9314746111631393,0.0,0.0,0.0,0.03902192376554012,0.48478000704199076,0.48601194098591805,0.0,-0.0,0.0,0.5,0.0,0.6976744186046512,0.015578082762658596,0.0,-0.0907807,0.056895,-0.00741384
0.4642857142857143,0.5,0.3333333333333333,0.42424242424242425,0.6153846153846154,0.5869565217391305,0.16558688879013062,0.16468222439289093,0.3857415087136438,0.385744563024313,0.4812658683861647,0.5135445807399025,0.047625359147787094,0.047625359147787094,0.9354227818548679,0.0,0.0,0.0,0.0425777917727828,0.4818252883851528,0.48243855126202106,0.0,-0.0,0.0,0.5,0.0,0.6976744186046512,0.01639574021100998,0.0,-0.06262509,0.09518484,0.05212962
0.4642857142857143,0.5,0.3333333333333333,0.42424242424242425,0.6153846153846154,0.5869565217391305,0.04978993907570839,0.04896066337823868,0.41429903425176556,0.41430217403754677,0.49989033228162155,0.4943283538238902,0.04172337108424732,0.04172337108424732,0.9482278116047382,0.0,0.0,0.0,0.026486539281904697,0.4878620393574238,0.48803150467574596,0.0,-0.0,0.0,0.5,0.0,0.6976744186046512,0.014589590951800346,0.0,-0.04295005,0.1149799,0.10019081
0.4642857142857143,0.5,0.3333333333333333,0.42424242424242425,0.6153846153846154,0.5869565217391305,0.029036108404397964,0.028563808649778366,0.41155360214568915,0.41155675332815195,0.5194101215092676,0.47486253673163653,0.03729625472000667,0.03729625472000667,0.951987886801362,0.0,0.0,0.0,0.022759873885661364,0.49005731381475925,0.49024357181042433,0.0,-0.0,0.0,0.5,0.0,0.6976744186046512,0.013057238422334194,0.0,-0.0297875,0.10919476,0.0813036
0.4642857142857143,0.5,0.3333333333333333,0.42424242424242425,0.6153846153846154,0.5869565217391305,0.04187580570578575,0.04114396870136261,0.4011914657133259,0.40119456561072153,0.5446470643092751,0.4502927271808716,0.03425650697733675,0.03425650697733675,0.9542679153382778,0.0,0.0,0.0,0.02127221180126071,0.4914430035278201,0.4916433049365878,0.0,-0.0,0.0,0.5,0.0,0.6976744186046512,0.012328569777309895,0.0,-0.02306646,0.08862468,0.03944697
0.4642857142857143,0.5,0.3333333333333333,0.42424242424242425,0.6153846153846154,0.5869565217391305,0.5005854964256287,0.49961158633232117,0.2790553373770778,0.2790580953740253,0.5370323230613941,0.46099255868576633,0.03979151802403587,0.03979151802403587,0.9405733235180378,0.0,0.0,0.0,0.03236246258020401,0.48915664479136467,0.4897391237318516,0.0,-0.0,0.0,0.5,0.0,0.6976744186046512,0.013056935742497444,0.0,-0.01301528,0.05914315,0.00324568
0.4642857142857143,0.5,0.3333333333333333,0.42424242424242425,0.6153846153846154,0.5869565217391305,0.7447918057441711,0.7402519583702087,0.24699410152252954,0.24699656320575547,0.5238259239246923,0.475174441113704,0.04470087454787323,0.04470087454787323,0.9346488434821367,0.0,0.0,0.0,0.03536118175834417,0.4874288812279701,0.4882333902642131,0.0,-0.0,0.0,0.5,0.0,0.6976744186046512,0.013560662977397442,0.0,0.00943566,0.01133474,-0.0003318
0.4642857142857143,0.5,0.3333333333333333,0.42424242424242425,0.6153846153846154,0.5869565217391305,0.15180253982543945,0.15110674500465393,0.37064174894620994,0.3706447804635159,0.5194240211870657,0.4760325428582008,0.04745157169444221,0.04745157169444221,0.9422446805983782,0.0,0.0,0.0,0.03402300104498863,0.48702167998999357,0.4873478515073657,0.0,-0.0,0.0,0.5,0.0,0.6976744186046512,0.014982561580836773,0.0,0.01053498,0.00455823,0.02424221
0.4642857142857143,0.5,0.3333333333333333,0.42424242424242425,0.6153846153846154,0.5869565217391305,0.10004357993602753,0.09941808134317398,0.38813604269155355,0.3881390856055411,0.5090729958069712,0.4859025363889702,0.04315764643251896,0.04315764643251896,0.9473485015332699,0.0,0.0,0.0,0.030798308737576007,0.4882119307294488,0.4884468140080571,0.0,-0.0,0.0,0.5,0.0,0.6976744186046512,0.01411020290106535,0.0,0.00645628,0.01080275,0.0468497
0.4642857142857143,0.5,0.3333333333333333,0.42424242424242425,0.6153846153846154,0.5869565217391305,0.06930144131183624,0.06871568411588669,0.3902853086847192,0.39028843137547803,0.4818018258301751,0.5126127595604669,0.03237970173358917,0.03237970173358917,0.9574256706982851,0.0,0.0,0.0,0.02621747516095638,0.4912509871646762,0.4913866790011525,0.0,-0.0,0.0,0.5,0.0,0.6976744186046512,0.012394551187753677,0.0007414426363538951,0.02270923,0.02431342,0.06124364
0.4642857142857143,0.5,0.3333333333333333,0.42424242424242425,0.6153846153846154,0.5869565217391305,0.14932021498680115,0.14875569939613342,0.3699738350242775,0.36997684374822026,0.4551546191850082,0.5398534911375834,0.04232165004525866,0.04232165004525866,0.9500839281827211,0.0,0.0,0.0,0.031289152801036835,0.4879032587632537,0.48783376906067133,0.0,-0.0,0.04305383190512657,0.48277846723794937,0.0419192761182785,0.6253323929254399,0.015894008800387383,0.0,0.02484649,0.03162782,0.05640098
0.4642857142857143,0.5,0.3333333333333333,0.42424242424242425,0.6153846153846154,0.5869565217391305,0.09054787456989288,0.08992842584848404,0.3816773950711719,0.3816804379851595,0.44784791314579103,0.546752242274489,0.035556010635835786,0.035556010635835786,0.9579969774931669,0.0,0.0,0.0,0.025067221187055108,0.49093807209283113,0.4908675067126751,0.0,-0.0,0.0,0.5,0.0,0.6976744186046512,0.015191644430160522,0.0,0.02614174,0.03543855,0.04129421
0.4642857142857143,0.5,0.3333333333333333,0.42424242424242425,0.6153846153846154,0.5869565217391305,0.5639456510543823,0.563078761100769,0.2523818599562344,0.2523845723664555,0.4567392223423799,0.5411695129734102,0.048472125615392415,0.048472125615392415,0.935760797932744,0.0,0.0,0.0,0.15841786563396454,0.4592091366648674,0.4615478776395321,0.22811327874660492,0.22811327874660492,0.045729734003543854,0.48170810639858247,0.049742262810468674,0.6116926375516626,0.07376959919929504,0.0,0.02251891,0.03725937,0.0152842
0.4642857142857143,0.5,0.3333333333333333,0.42424242424242425,0.6153846153846154,0.5869565217391305,0.2327951341867447,0.23246882855892181,0.3389098543965794,0.33891278334375097,0.4730154074172901,0.5222394196931942,0.06819738341229303,0.06819738341229303,0.934511337429285,0.0,0.0,0.0,0.2977496489882469,0.4239358901977539,0.43010715395212173,0.4297194182872772,0.4297194182872772,0.0,0.5,0.08070028573274612,0.6253101711356363,0.15832418203353882,0.0,0.01931579,0.03687686,0.00625318
0.4642857142857143,0.5,0.3333333333333333,0.42424242424242425,0.6153846153846154,0.5869565217391305,0.1955566108226776,0.19516006112098694,0.35043796253021997,0.35044095985748114,0.47398782927493066,0.5208966313260412,0.06512169327054705,0.06512169327054705,0.9364570695906878,0.0,0.0,0.0,0.2873776867985725,0.4272075816988945,0.4315665438771248,0.4160469174385071,0.4160469174385071,0.0,0.5,0.0,0.6976744186046512,0.12597854435443878,0.001916412147693336,0.01679884,0.03536555,0.00173201
0.4642857142857143,0.5,0.3333333333333333,0.42424242424242425,0.6153846153846154,0.5869565217391305,0.13768251240253448,0.137421652674675,0.3681144208342806,0.36811748654163134,0.4826886187206035,0.5118697215625884,0.055034115378345766,0.055034115378345766,0.9444561339914799,0.0,0.0,0.0,0.31719426959753033,0.4268864542245865,0.43043653666973114,0.45634931325912476,0.45634931325912476,0.0,0.5,0.0,0.6976744186046512,0.18185335397720337,0.039959060959517956,0.01581707,0.03122057,0.00149633
0.4642857142857143,0.5,0.3333333333333333,0.42424242424242425,0.6153846153846154,0.5869565217391305,0.12363302707672119,0.12341538071632385,0.3674758305741086,0.36747883929805136,0.4872501747216139,0.5074415637197225,0.05316236455525671,0.05316236455525671,0.9457121100276709,0.0,0.0,0.0,0.3277067348361015,0.4258061945438385,0.43012404441833496,0.4719735383987427,0.4719735383987427,0.0,0.5,0.0,0.6976744186046512,0.2914586663246155,0.05464285612106323,0.0127927,0.02725575,-0.01089356
0.4642857142857143,0.5,0.3333333333333333,0.42424242424242425,0.6153846153846154,0.5869565217391305,0.10678532719612122,0.10655166953802109,0.37272409362501213,0.3727271023489549,0.4839481699990953,0.5107357944808038,0.05193387823445457,0.05193387823445457,0.9464663397520781,0.0,0.0,0.0,0.328420577943325,0.4314015582203865,0.4356316775083542,0.47311627864837646,0.47311627864837646,0.0,0.5,0.0,0.6976744186046512,0.3553479313850403,0.05246509797871113,0.01395234,0.02766022,-0.00753362
0.4642857142857143,0.5,0.3333333333333333,0.42424242424242425,0.6153846153846154,0.5869565217391305,0.09127466380596161,0.09093906730413437,0.37423367527657214,0.3742367409839229,0.4694995055007205,0.5251900120122889,0.050274232136351724,0.050274232136351724,0.9471063073724508,0.0,0.0,0.0,0.338902772963047,0.4387837275862694,0.4428154528141022,0.4919039011001587,0.4919039011001587,0.0,0.5,0.0,0.6976744186046512,0.4203493893146515,0.04029419273138046,0.01359298,0.03172082,0.00027914
0.4642857142857143,0.5,0.3333333333333333,0.42424242424242425,0.6153846153846154,0.5869565217391305,0.0711396113038063,0.07075594365596771,0.374733909822103,0.37473696413277213,0.46390081158559593,0.5308020884807839,0.04927942263228553,0.04927942263228553,0.9476389475166798,0.0,0.0,0.0,0.34780253022909163,0.44066815078258514,0.44454147666692734,0.5053476691246033,0.5053476691246033,0.0,0.5,0.0,0.6976744186046512,0.4380015730857849,0.03476184094324708,0.01580451,0.03409845,0.01590787
0.6086350189788001,0.6347260177135468,0.3333333333333333,0.42424242424242425,0.3459325799575219,0.317504486312037,0.011933106929063797,0.01191335916519165,0.37270177892243656,0.3727047876463794,0.44969159421683724,0.545108461847902,0.04641032910772733,0.04641032910772733,0.9501029588282108,0.0,0.0,0.0,0.3765096813440323,0.4465341493487358,0.4502378813922405,0.5469785332679749,0.5469785332679749,0.0,0.5,0.0,0.6976744186046512,0.47347399592399597,0.019333548843860626,0.0019091,0.07566906,0.05250198
0.6289204131989252,0.6536590523189969,0.3333333333333333,0.42424242424242425,0.3080665107466217,0.2796384171011368,0.0,0.0,0.3716158917027723,0.3716189460134415,0.4465416255006371,0.5482609862699513,0.04542610341949123,0.04542610341949123,0.9513915088027716,0.0,0.0,0.0,0.3810676336288452,0.44822827726602554,0.45203033462166786,0.5536664724349976,0.5536664724349976,0.0,0.5,0.0,0.6976744186046512,0.47519224882125854,0.011572422226890922,-0.00161279,0.07912923,0.04593483
0.6051106238294215,0.6314365822407935,0.3333333333333333,0.42424242424242425,0.35251145090302854,0.3240833572575436,0.0,0.0,0.3961656203005556,0.39616858343777195,0.6043278218227408,0.39466194572635127,0.04596766749663013,0.04596766749663013,0.9531054515391588,0.0,0.0,0.0,0.38183242082595825,0.4505002349615097,0.4546522982418537,0.5554061532020569,0.5554061532020569,0.0,0.5,0.0,0.6976744186046512,0.45325136184692383,0.0026553578209131956,-0.01309648,0.07618386,0.04229479
0.5962673656287647,0.6231828745868471,0.3333333333333333,0.42424242424242425,0.3690188662109212,0.3405907725654363,0.0,0.0,0.39941675166099067,0.39941969200484384,0.6244135386173402,0.3756560417201227,0.04696936745728766,0.04696936745728766,0.9545622561126947,0.0,0.0,0.0,0.3808508604764938,0.4514475129544735,0.45570092648267746,0.5547655820846558,0.5547655820846558,0.0,0.5,0.0,0.6976744186046512,0.4337734878063202,0.0,-0.03169747,0.06195531,0.01885262
0.6053621341430006,0.6316713252001338,0.3333333333333333,0.42424242424242425,0.3520419649843477,0.32361387133886277,0.0,0.0,0.4007210106968196,0.40072396243735436,0.629739048376138,0.37067847265061593,0.048149576676743376,0.048149576676743376,0.9574164021760225,0.0,0.0,0.0,0.3782274484634399,0.45285722985863686,0.4573620967566967,0.5530486702919006,0.5530486702919006,0.0,0.5,0.0,0.6976744186046512,0.42204105854034424,0.0,-0.03529473,0.05552625,0.01845485
0.6104134149139836,0.636385853919718,0.3333333333333333,0.42424242424242425,0.3426129075451794,0.3141848138996945,0.0,0.0,0.4008938755633498,0.4008967703204766,0.6324920193870939,0.36799183032658034,0.048125197312661586,0.048125197312661586,0.9585498739033937,0.0,0.0,0.0,0.37784559726715083,0.45366790518164635,0.45812389627099037,0.5533011555671692,0.5533011555671692,0.0,0.5,0.0,0.6976744186046512,0.4204210042953491,0.0,-0.03898773,0.04896272,0.01748518
0.6136930939697084,0.6394468877050612,0.3333333333333333,0.42424242424242425,0.3364908399744931,0.30806274632900815,0.0,0.0,0.40190406602381745,0.4019070177643522,0.6337410387072007,0.36652970445720867,0.049508812704256604,0.049508812704256604,0.9587309341877699,0.0,0.0,0.0,0.37780950665473934,0.4536661393940449,0.45811522752046585,0.5539916157722473,0.5539916157722473,0.0,0.5,0.0,0.6976744186046512,0.4184119999408722,0.0,-0.03110715,0.04225832,0.02414664
0.6069409343458357,0.6331448720561134,0.3333333333333333,0.42424242424242425,0.34909487127238875,0.3206667776269038,0.0,0.0,0.40225481029678256,0.40225775064063574,0.6389811531307592,0.3612356153495858,0.05103878410799163,0.05103878410799163,0.9584718514233828,0.0,0.0,0.0,0.38031356930732724,0.4533481039106846,0.4577699638903141,0.5571851134300232,0.5571851134300232,0.0,0.5,0.0,0.6976744186046512,0.4219675660133362,0.0018815055955201387,-0.02330624,0.03931411,0.02137586
0.6096146550206911,0.6356403446859784,0.3333333333333333,0.42424242424242425,0.3441039260126587,0.3156758323671738,0.0,0.0,0.423006076201882,0.42300905073578,0.6627954652614849,0.33812975513724886,0.0599223401929651,0.0599223401929651,0.9571712780743837,0.0,0.0,0.0,0.40292744636535643,0.4520546570420265,0.45627953112125397,0.5814931392669678,0.5814931392669678,0.0,0.5,0.0,0.6976744186046512,0.4752752184867859,0.11288812384009361,-0.01675808,0.03479004,0.02035736
0.6261687186502275,0.6510908040735457,0.3333333333333333,0.42424242424242425,0.3132030072375241,0.28477491359203916,0.0,0.0,0.42944324677578577,0.42944624980138774,0.6708533066408584,0.3304959159001743,0.0668505792106901,0.0668505792106901,0.9569286666810513,0.0,0.0,0.0,0.40334474146366117,0.4525839388370514,0.45631056651473045,0.5811039209365845,0.5811039209365845,0.0,0.5,0.0,0.6976744186046512,0.5053892135620117,0.14382066205143929,-0.02100445,0.02286874,0.01136864
0.7431759004081999,0.7602975070476532,0.3333333333333333,0.42424242424242425,0.09478960128930902,0.06636150764382409,0.0,0.0,0.43255834164628565,0.4325613161801836,0.6852649119798357,0.3169322236723421,0.07032878963010653,0.07032878963010653,0.9569993782788515,0.0,0.0,0.0,0.4019647240638733,0.4572158195078373,0.45982755720615387,0.5799504518508911,0.5799504518508911,0.0,0.5,0.0,0.6976744186046512,0.5140841007232666,0.15346444211900234,-0.01822993,0.01701545,0.00207856
0.8327138381344932,0.8438662489255269,0.3333333333333333,0.42424242424242425,-0.07234788246643842,-0.10077597611192335,0.0,0.0,0.43278592198118426,0.4327888338333334,0.7249431199826885,0.2798361390265584,0.07161208295396397,0.07161208295396397,0.9589754305779934,0.0,0.0,0.0,0.403937691450119,0.4655635207891464,0.46679524704813957,0.5850450992584229,0.5850450992584229,0.0,0.5,0.0,0.6976744186046512,0.5177628397941589,0.15231262892484665,-0.01713542,0.01008128,-0.0032169
0.8630229596580778,0.8721547623475392,0.3333333333333333,0.42424242424242425,-0.12892490931046308,-0.157353002955948,0.0,0.0,0.4376623398031377,0.43766524595694606,0.7493520083892413,0.25703144752222035,0.07275656131761415,0.07275656131761415,0.9634537510573864,0.0,0.0,0.0,0.4029519587755203,0.4719538874924183,0.4726627953350544,0.5867165327072144,0.5867165327072144,0.0,0.5,0.0,0.6976744186046512,0.503965437412262,0.1312011294066906,-0.0279792,0.00593316,-0.00191169
0.8844151021469207,0.8921207620037926,0.3333333333333333,0.42424242424242425,-0.16885690862296987,-0.1972850022684548,0.0,0.0,0.4334709993056084,0.4334738883643944,0.7499299113198858,0.25659299438765076,0.07226601243019104,0.07226601243019104,0.96559470705688,0.0,0.0,0.0,0.4024336516857147,0.4735616520047188,0.4742882251739502,0.5877700448036194,0.5877700448036194,0.04122390225529671,0.48351043909788133,0.03846437856554985,0.7378797642453465,0.5027886033058167,0.1112640742212534,-0.02733448,0.00280428,-0.00187068
0.9003958524692626,0.9070361289713118,0.3333333333333333,0.42424242424242425,-0.19868764255800808,-0.227115736203493,0.0,0.0,0.4284676224506152,0.428470488716038,0.7479032622240698,0.25865105273796035,0.06970307922789029,0.06970307922789029,0.9679848086088896,0.0,0.0,0.0,0.401872181892395,0.47610120475292206,0.47676605731248856,0.5886456966400146,0.5886456966400146,0.04171687364578247,0.483313250541687,0.038760337978601456,0.7422662454895502,0.5049611926078796,0.0911426730453968,-0.02212522,0.00409164,0.00651396
0.9086811287062508,0.9147690534591675,0.3333333333333333,0.42424242424242425,-0.21415349153371954,-0.24258158517920447,0.0,0.0,0.42898657034733556,0.4289894366127583,0.7462771836931801,0.26025759735658516,0.0679938096020903,0.0679938096020903,0.9693520879372954,0.0,0.0,0.0,0.4073976129293442,0.47890996746718884,0.47940885834395885,0.5965101718902588,0.5965101718902588,0.042877331376075745,0.4828490674495697,0.03975261375308037,0.7449039411839358,0.5075619220733643,0.08502356708049774,-0.02260313,0.00432492,0.0212186
0.9099770330247425,0.9159785641564263,0.3333333333333333,0.42424242424242425,-0.2165725129282372,-0.24500060657372214,0.0,0.0,0.43125845893619164,0.4312613252016144,0.7448422958928358,0.2615960236438551,0.06700835855943817,0.06700835855943817,0.9704017611220479,0.0,0.0,0.0,0.4046229124069214,0.4797859750688076,0.4803304858505726,0.5958871245384216,0.5958871245384216,0.0429534912109375,0.482818603515625,0.03978867083787918,0.7459696754813194,0.492505818605423,0.07750074379146099,-0.02561754,0.01354705,0.05402974
0.9090063997677393,0.9150726397832234,0.3333333333333333,0.42424242424242425,-0.21476066418183148,-0.24318875782731642,0.0,0.0,0.4306939755981328,0.430696858958578,0.7390771477445818,0.2669313801355567,0.06667427718639374,0.06667427718639374,0.9708436038345098,0.0,0.0,0.0,0.40249164700508117,0.47969821840524673,0.4803414158523083,0.5938421487808228,0.5938421487808228,0.042325448244810104,0.48306982070207594,0.0392058864235878,0.7458396892734739,0.47529929876327515,0.06402884144335985,-0.02269822,0.03044598,0.08121996
0.9427459814718792,0.9465629160404205,0.3333333333333333,0.42424242424242425,-0.27774121669622565,-0.3061693103417106,0.0,0.0,0.35423539382321884,0.35423842534052485,0.4749519059124686,0.5199798309729564,0.06278786276068006,0.06278786276068006,0.9700765740126371,0.0,0.0,0.0,0.4227536469697952,0.4787956364452839,0.4795928802341223,0.6211250424385071,0.6211250424385071,0.04160251095890999,0.483358995616436,0.03891093656420708,0.745110982639152,0.4517778754234314,0.0,-0.01041203,0.04844118,0.11268627
0.9473085218951816,0.9508212871021695,0.3333333333333333,0.42424242424242425,-0.2862579588197235,-0.3146860524652084,0.0,0.0,0.35043637839147734,0.3504393301320121,0.4710915991270747,0.5240871608320609,0.059045617069516866,0.059045617069516866,0.9690021630376577,0.0,0.0,0.0,0.43136357367038725,0.47748885676264763,0.47843310981988907,0.6330167055130005,0.6330167055130005,0.04103345051407814,0.48358661979436873,0.039022285491228104,0.7424039943793486,0.45442792773246765,0.0,0.00606056,0.06887352,0.15797971
0.9491606120552336,0.9525499045848846,0.3333333333333333,0.42424242424242425,-0.28971519378515387,-0.3181432874306388,0.0,0.0,0.34818902115976835,0.3481919956936663,0.46866730841350374,0.5266291992107672,0.056752080896071026,0.056752080896071026,0.9679612293839455,0.0,0.0,0.0,0.4342414557933807,0.47655802592635155,0.4775509014725685,0.6361069679260254,0.6361069679260254,0.041023075580596924,0.4835907697677612,0.03936994820833206,0.7405534154887117,0.45519310235977173,0.0,0.02390418,0.08389119,0.26227602
0.9509492126249132,0.9542192651165856,0.3333333333333333,0.42424242424242425,-0.2930539148485558,-0.32148200849404074,0.0,0.0,0.34068875103106233,0.3406917255649603,0.45892499760505573,0.5365093756765476,0.05507828401667732,0.05507828401667732,0.9669995103031397,0.0,0.0,0.0,0.4366077274084091,0.4755788538604975,0.476716723293066,0.6395106315612793,0.6395106315612793,0.04126381129026413,0.48349447548389435,0.03989962488412857,0.7398362022413071,0.4529701769351959,0.0,0.02754303,0.10261359,0.25772384
0.9524648026341483,0.9556338157918718,0.3333333333333333,0.42424242424242425,-0.29588301619912816,-0.3243111098446131,0.0,0.0,0.33684245076735664,0.3368453911112098,0.4482208125677893,0.54730989116505,0.053871744977576394,0.053871744977576394,0.9661148842424154,0.0,0.0,0.0,0.44046719074249263,0.47492810525000095,0.47626393660902977,0.6457020044326782,0.6457020044326782,0.04189610853791237,0.48324155658483503,0.040772389620542526,0.7394413782153711,0.45358967781066895,0.0,0.02783166,0.0959358,0.24733573
0.9531145110016777,0.9562402102682326,0.3333333333333333,0.42424242424242425,-0.29709580515184963,-0.32552389879733457,0.0,0.0,0.3389176269334315,0.3389205672772847,0.43947515866040726,0.5561838417019381,0.05351862471018519,0.05351862471018519,0.9656676631420851,0.0,0.0,0.0,0.44061297178268427,0.47543272003531456,0.4767836928367615,0.6456364989280701,0.6456364989280701,0.04248921945691109,0.48300431221723555,0.0,0.6976744186046512,0.4485253393650055,0.0,0.01215539,0.08748278,0.18790096
0.9507998639629001,0.9540798730320401,0.3333333333333333,0.42424242424242425,-0.2927751306794647,-0.32120322432494963,0.0,0.0,0.3709100268311072,0.3709128760015076,0.2862228016096593,0.7154035312445118,0.05508380542908396,0.05508380542908396,0.9654389042407274,0.0,0.0,0.0,0.4390754491090774,0.47621346451342106,0.47753934748470783,0.6431494951248169,0.6431494951248169,0.042701832950115204,0.4829192668199539,0.0,0.6976744186046512,0.44915276765823364,0.0,-0.02337612,0.05774384,0.0115973
0.9470183040414537,0.9505504171053568,0.3333333333333333,0.42424242424242425,-0.2857162188260982,-0.31414431247158314,0.0,0.0,0.3698701480150679,0.3698729515987418,0.26968927091667805,0.7331995065485264,0.058897454291582114,0.058897454291582114,0.966070644557476,0.0,0.0,0.0,0.44117500483989713,0.4771913345903158,0.478357283398509,0.6478396058082581,0.6478396058082581,0.04247017577290535,0.48301192969083784,0.042283616960048676,0.7378013856535734,0.4596249759197235,0.0,-0.04406748,0.04687123,-0.09190402
0.9475833064033872,0.9510777526431613,0.3333333333333333,0.42424242424242425,-0.2867708899017073,-0.3151989835471922,0.0,0.0,0.37076785322812955,0.37077067960516674,0.27314125739365647,0.7295741537510273,0.06119717710784504,0.06119717710784504,0.9670102596282959,0.0,0.0,0.0,0.449869692325592,0.47884046845138073,0.4797838516533375,0.6623674035072327,0.6623674035072327,0.043129388242959976,0.482748244702816,0.04268627241253853,0.7389326423926409,0.4975718557834625,0.0,-0.03869938,0.02617977,-0.13057618
0.9475990590595064,0.951092455122206,0.3333333333333333,0.42424242424242425,-0.2868002948597964,-0.31522838850528134,0.0,0.0,0.37082370836465806,0.37082658032842164,0.2738713060236798,0.7288074647896554,0.06145408909235682,0.06145408909235682,0.9671590868383646,0.0,0.0,0.0,0.4559809178113937,0.47912026941776276,0.48003467731177807,0.6707392930984497,0.6707392930984497,0.043337587267160416,0.48266496509313583,0.04283950477838516,0.7389243194010369,0.5112269520759583,0.0,-0.03784006,0.01659332,-0.13456079
0.9453134692850567,0.9489592379993863,0.3333333333333333,0.42424242424242425,-0.2825338606141571,-0.310961954259642,0.0,0.0,0.37944247161908995,0.37944527520276394,0.26403603818174987,0.7393028740166656,0.062333579574312487,0.062333579574312487,0.9680494051426649,0.0,0.0,0.0,0.47181318104267117,0.47975594364106655,0.4804724305868149,0.6928905844688416,0.6928905844688416,0.043840233236551285,0.4824639067053795,0.04301537200808525,0.7388214335971793,0.5455852150917053,0.0,-0.04751825,0.00545396,-0.14638904
0.9407522061041423,0.9447020590305328,0.3333333333333333,0.42424242424242425,-0.27401950267645026,-0.3024475963219352,0.0,0.0,0.3901276925781717,0.39013057593861683,0.2805649874087274,0.7218114294417224,0.061708765902689526,0.061708765902689526,0.969263500533998,0.0,0.0,0.0,0.47494826614856717,0.4806120079010725,0.4810329210013151,0.6970957517623901,0.6970957517623901,0.04389721527695656,0.4824411138892174,0.04282812774181366,0.7391373496935811,0.55832439661026,0.0,-0.02408476,-0.00924145,-0.17601918
0.940769856884366,0.9447185330920749,0.3333333333333333,0.42424242424242425,-0.27405245079953444,-0.3024805444450194,0.0,0.0,0.3947506766930137,0.39475354865677725,0.2910554732692857,0.710742140312673,0.06088595039078168,0.06088595039078168,0.9698652187362313,0.0,0.0,0.0,0.47828525006771083,0.4810318034142256,0.48130685836076736,0.7012421488761902,0.7012421488761902,0.04421849176287651,0.4823126032948494,0.04303296282887459,0.73849389177942,0.5634781718254089,0.0,-0.02103806,-0.01259447,-0.18721828
0.937843694573357,0.9419874482684665,0.3333333333333333,0.42424242424242425,-0.26859028115231764,-0.2970183747978026,0.0,0.0,0.40956147929678455,0.4095644367356601,0.345743954295638,0.6534690856427074,0.05942415978227343,0.05942415978227343,0.9717505732551217,0.0,0.0,0.0,0.4783917903900146,0.4821046944707632,0.48207235150039196,0.7013087272644043,0.7013087272644043,0.04493332654237747,0.482026669383049,0.0,0.6976744186046512,0.5890401601791382,0.0,-0.01358809,-0.00638018,-0.19124983
0.9319617627632051,0.936497645245658,0.3333333333333333,0.42424242424242425,-0.25761067510670066,-0.2860387687521856,0.0,0.0,0.402587160325643,0.40259011206617773,0.3811607037174086,0.6169177680758121,0.060820957379681725,0.060820957379681725,0.971785175614059,0.0,0.0,0.0,0.4713121891021728,0.48256058618426323,0.48242816142737865,0.6915706992149353,0.6915706992149353,0.04513348639011383,0.48194660544395446,0.0,0.6976744186046512,0.5901476144790649,0.01485469751060009,-0.00823241,0.00221652,-0.24204686
0.9275472937595277,0.9323774741755592,0.3333333333333333,0.42424242424242425,-0.2493703329665029,-0.27779842661198784,0.0,0.0,0.39826343027629085,0.3982663820168256,0.41038891257109195,0.5870770075302456,0.061204899102449424,0.061204899102449424,0.9710240010172129,0.0,0.0,0.0,0.4688775539398193,0.4818477910012007,0.4817222636193037,0.6888619661331177,0.6888619661331177,0.04468787461519241,0.48212485015392303,0.0,0.6976744186046512,0.5890322923660278,0.02648427151143551,-0.00408472,0.00047826,-0.26585859
0.9221995330992199,0.9273862308926053,0.3333333333333333,0.42424242424242425,-0.23938784640059507,-0.26781594004608,0.0,0.0,0.39596498172096267,0.39596797904822384,0.4505431713611172,0.5463273974900441,0.06194505574447769,0.06194505574447769,0.9693424068391323,0.0,0.0,0.0,0.4671156227588653,0.4781840592622757,0.4782977160066366,0.6863784193992615,0.6863784193992615,0.0,0.5,0.0,0.6976744186046512,0.5767216086387634,0.054799048230051994,0.00072834,0.00952741,-0.23169971
0.9229526094027928,0.9280891021092732,0.3333333333333333,0.42424242424242425,-0.2407935888339311,-0.269221682479416,0.0,0.0,0.3955288649061214,0.39553185083670095,0.4944335280652256,0.5019148170555476,0.06381036447627204,0.06381036447627204,0.9669758640229702,0.0,0.0,0.0,0.4668228298425674,0.47367348708212376,0.4742106255143881,0.6863768100738525,0.6863768100738525,0.0,0.5,0.0,0.6976744186046512,0.583827555179596,0.09020965546369553,-0.00981055,0.01833292,-0.19257124
0.9338365417151224,0.9382474389341142,0.3333333333333333,0.42424242424242425,-0.261110262483613,-0.28953835612909795,0.0,0.0,0.341416702671671,0.341419677205569,0.6667984015171204,0.33218326299135315,0.06585074322564262,0.06585074322564262,0.9600934982299805,0.0,0.0,0.0,0.4676244795322418,0.47080945782363415,0.472139336168766,0.685276448726654,0.685276448726654,0.0,0.5,0.0,0.6976744186046512,0.6000860929489136,0.12221759185194969,0.00949588,0.05959489,0.04477661
0.9358056059905461,0.940085232257843,0.3333333333333333,0.42424242424242425,-0.2647858491310706,-0.29321394277655555,0.0,0.0,0.34416301802057153,0.3441659925544695,0.6687406125989517,0.3304014374096986,0.06470987041081701,0.06470987041081701,0.9549364000558853,0.0,0.0,0.0,0.47009247243404384,0.4668949916958809,0.4687894769012928,0.6858331561088562,0.6858331561088562,0.0,0.5,0.0,0.6976744186046512,0.5935297608375549,0.13293526135385036,0.01818611,0.10619932,0.08389892
0.937552891316868,0.9417160318957435,0.3333333333333333,0.42424242424242425,-0.26804744840687156,-0.2964755420523565,0.0,0.0,0.3414347892053724,0.341437718152544,0.6469127306746707,0.3517245603058529,0.0618086861712592,0.0618086861712592,0.9534945972263813,0.0,0.0,0.0,0.4755271553993225,0.4650958627462387,0.46716661378741264,0.6950210928916931,0.6950210928916931,0.0,0.5,0.0,0.6976744186046512,0.5911067128181458,0.13278559781610966,0.01996798,0.15365069,0.08702761
0.9370971818765004,0.9412907030847337,0.3333333333333333,0.42424242424242425,-0.26719679078485203,-0.29562488443033696,0.0,0.0,0.34706168420911976,0.34706461315629134,0.6378064401746936,0.3606002047635807,0.06149169323699815,0.06149169323699815,0.9537040013819933,0.0,0.0,0.0,0.4760360956192016,0.4637347422540188,0.4661666229367256,0.6961510181427002,0.6961510181427002,0.0,0.5,0.0,0.6976744186046512,0.5761187076568604,0.13268381357192993,0.00132065,0.25055858,0.0520118
0.9102926005919774,0.9162730938858457,0.3333333333333333,0.42424242424242425,-0.21716157238707579,-0.24558966603256072,0.18920186161994934,0.18863923847675323,0.31703126863585374,0.3170341292029357,0.6049947214400108,0.3926770084851964,0.09274826518126897,0.09274826518126897,0.9545080922544003,0.0,0.0,0.0,0.45306923985481257,0.44337426871061325,0.4490167237818241,0.6617758274078369,0.6617758274078369,0.0,0.5,0.0,0.6976744186046512,0.5457046627998352,0.14741407707333565,-0.0117229,0.27465937,0.04873613
0.9005957941214244,0.907222741179996,0.3333333333333333,0.42424242424242425,-0.19906086697537673,-0.22748896062086166,0.0,0.0,0.3670282145075315,0.36703123462815584,0.5762877854060944,0.42004487431933224,0.08073259145021439,0.08073259145021439,0.9561524800956249,0.0,0.0,0.0,0.48365455269813534,0.4523366317152977,0.45498015359044075,0.7064287662506104,0.7064287662506104,0.0,0.5,0.0,0.6976744186046512,0.5250730514526367,0.14525041915476322,-0.00797986,0.29616156,0.04314183
0.9147276296502067,0.920412454340193,0.3333333333333333,0.42424242424242425,-0.22544029329577053,-0.25386838694125546,0.0,0.0,0.3758409948695458,0.37584401499017017,0.510832152676628,0.4842071147488768,0.07183868171913284,0.07183868171913284,0.9592654351145029,0.0,0.0,0.0,0.45807767808437344,0.46588992327451706,0.46685709059238434,0.6713759899139404,0.6713759899139404,0.0,0.5,0.0,0.6976744186046512,0.511696457862854,0.08873495273292065,0.00427472,0.28426665,0.03270387
0.9217569153933298,0.9269731210337745,0.3333333333333333,0.42424242424242425,-0.23856162668293357,-0.2669897203284185,0.0,0.0,0.38258180153301524,0.382584810256958,0.4729943264054979,0.5220442458224291,0.06911313959530423,0.06911313959530423,0.9605323746800423,0.0,0.0,0.0,0.4554267078638076,0.46706199273467064,0.46819794923067093,0.6661116480827332,0.6661116480827332,0.0,0.5,0.0,0.6976744186046512,0.48507851362228394,0.07462261710315943,0.007185,0.19602694,0.02975911
0.9188893997953052,0.9242967731422849,0.3333333333333333,0.42424242424242425,-0.2332089308999542,-0.26163702454543913,0.0,0.0,0.38940721716069354,0.38941031705808915,0.38896925408343286,0.6063470495767799,0.06608452914016588,0.06608452914016588,0.9617559500038624,0.0,0.0,0.0,0.4700434058904647,0.4683839716017246,0.4700677804648876,0.680466890335083,0.680466890335083,0.0398089624941349,0.48407641500234605,0.0,0.6976744186046512,0.4905513525009155,0.0,0.01509338,0.11653937,0.03257592
0.9158647301651183,0.9214737481541104,0.3333333333333333,0.42424242424242425,-0.22756288092360533,-0.25599097456909026,0.0,0.0,0.3880050264398637,0.38800806935385124,0.3456425238293854,0.6508584477882717,0.0661406559603555,0.0661406559603555,0.9612833485007286,0.0,0.0,0.0,0.4633153229951858,0.46863120421767235,0.4705792646855116,0.6664276719093323,0.6664276719093323,0.0,0.5,0.0,0.6976744186046512,0.518589973449707,0.0,0.02513718,0.03056758,0.02413232
0.9078401887700671,0.913984176185396,0.3333333333333333,0.42424242424242425,-0.2125837369861765,-0.24101183063166143,0.0,0.0,0.38139569189534817,0.3813987462060173,0.3197136827910152,0.677769933507679,0.06816102723990168,0.06816102723990168,0.9592953305691481,0.0,0.0,0.0,0.4508231937885284,0.4699318576604128,0.47225688584148884,0.6466533541679382,0.6466533541679382,0.0,0.5,0.0,0.6976744186046512,0.5323803424835205,0.0,0.03408659,-0.07903682,0.01133048
0.8857716932183219,0.8933869136704339,0.3333333333333333,0.42424242424242425,-0.17138921195625234,-0.19981730560173727,0.26390281319618225,0.26289573311805725,0.3620759346744982,0.362078886415033,0.31046948104697936,0.6883961994328367,0.08210197623286929,0.08210197623286929,0.95706488750875,0.0,0.0,0.0,0.451914694905281,0.46263379603624344,0.4694874230772257,0.6447444558143616,0.6447444558143616,0.0,0.5,0.0,0.6976744186046512,0.5249300003051758,0.0,0.04066983,-0.12687643,0.01086243
0.860658837216241,0.8699482480684917,0.3333333333333333,0.42424242424242425,-0.12451188075236785,-0.15293997439785278,0.23235349357128143,0.23107311129570007,0.35370787562193423,0.35371079317242415,0.3198784218235636,0.6786416314933263,0.09762269045625414,0.09762269045625414,0.9548016171902418,0.0,0.0,0.0,0.4369185239076614,0.45446602627635,0.4630015268921852,0.6234506964683533,0.6234506964683533,0.0,0.5,0.0,0.6976744186046512,0.5174816250801086,0.0,0.04277677,-0.16488004,0.00561397
0.8460810134808223,0.8563422792487674,0.3333333333333333,0.42424242424242425,-0.09729994311291945,-0.12572803675840438,0.0,0.0,0.3914876585936683,0.39149069011097426,0.30259320020219793,0.6952302993318953,0.09085460965122497,0.09085460965122497,0.9533939026296139,0.0,0.0,0.0,0.44198084771633145,0.4542998597025871,0.46252406761050224,0.6302475929260254,0.6302475929260254,0.0,0.5,0.0,0.6976744186046512,0.5032089352607727,0.0,0.0572583,-0.14781412,0.01832981
0.8597483230488641,0.8690984348456066,0.3333333333333333,0.42424242424242425,-0.12281225430659759,-0.15124034795208252,0.0,0.0,0.39211141037439523,0.39211447608174604,0.28543572398490247,0.7132940624634982,0.07883894922477859,0.07883894922477859,0.9525189567357302,0.0,0.0,0.0,0.425929182767868,0.4571756199002266,0.46372321993112564,0.6102756857872009,0.6102756857872009,0.0,0.5,0.0,0.6976744186046512,0.4901757836341858,0.0,0.08729466,-0.15554786,0.01707221
0.85790739102023,0.8673802316188812,0.3333333333333333,0.42424242424242425,-0.11937584785314703,-0.14780394149863196,0.0,0.0,0.393133806680858,0.39313682680148243,0.28323630119600895,0.7155493631822835,0.0770301212157522,0.0770301212157522,0.9522098731249571,0.0,0.0,0.0,0.4244063049554825,0.45750274136662483,0.46386995539069176,0.607582151889801,0.607582151889801,0.0,0.5,0.0,0.6976744186046512,0.4884403645992279,0.0,0.13928873,-0.16201089,0.0198179
0.818243125364894,0.8303602503405677,0.3333333333333333,0.42424242424242425,-0.045335885296519995,-0.07376397894200493,0.1118301972746849,0.11169704049825668,0.3636259631490616,0.36362888069955157,0.4838754890867675,0.5132765450344893,0.09823705734951156,0.09823705734951156,0.9480888228863478,0.0,0.0,0.0,0.41216827034950254,0.4411323107779026,0.45296576619148254,0.5916926860809326,0.5916926860809326,0.0,0.5,0.0,0.6976744186046512,0.4856542646884918,0.0,0.14022735,-0.14634845,0.01436188
0.8113246936173666,0.8239030473762088,0.3333333333333333,0.42424242424242425,-0.032421479367802264,-0.060849573013287195,0.0,0.0,0.3819549270615295,0.38195768505847705,0.6888867773927648,0.31594486076512207,0.09510365181735585,0.09510365181735585,0.9479895867407322,0.0,0.0,0.0,0.40948296189308164,0.4434599280357361,0.4542606398463249,0.5883393287658691,0.5883393287658691,0.0,0.5,0.0,0.6976744186046512,0.4821504056453705,0.0,0.12486509,-0.14185363,0.01467488
0.8475773206778936,0.8577388326327007,0.3333333333333333,0.42424242424242425,-0.10009304988078582,-0.12852114352627075,0.0,0.0,0.3800050574096621,0.38000758747297764,0.8149671034876749,0.1989235745282697,0.08662051920379912,0.08662051920379912,0.9483949169516563,0.0,0.0,0.0,0.41252254247665404,0.45154764875769615,0.45994479954242706,0.5981693863868713,0.5981693863868713,0.0,0.5,0.0,0.6976744186046512,0.4561724364757538,0.0,0.1210366,-0.13953467,0.01897811
0.8418119727146058,0.8523578412002988,0.3333333333333333,0.42424242424242425,-0.08933106701598204,-0.11775916066146697,0.0,0.0,0.37486940496966215,0.37487207179315685,0.770781918192001,0.23963133595363084,0.08229698985815048,0.08229698985815048,0.9484761767089367,0.0,0.0,0.0,0.4187833875417709,0.45231078937649727,0.46082428097724915,0.6080616116523743,0.6080616116523743,0.0,0.5,0.0,0.6976744186046512,0.4577142894268036,0.0,0.16391901,-0.14181717,0.01530564
0.8398367528404509,0.8505143026510875,0.3333333333333333,0.42424242424242425,-0.0856439899175595,-0.11407208356304444,0.0,0.0,0.37998975166627147,0.3799923045229502,0.7851839047317067,0.22659045509758186,0.08147476507084711,0.08147476507084711,0.9481263943016529,0.0,0.0,0.0,0.4031589895486831,0.4530583508312702,0.4615000784397125,0.5846268534660339,0.5846268534660339,0.0,0.5,0.0,0.6976744186046512,0.4609089493751526,0.0,0.22946081,-0.13487767,0.01532487
0.8408979106517065,0.8515047166082594,0.3333333333333333,0.42424242424242425,-0.08762481783190335,-0.11605291147738828,0.0,0.0,0.37796975823251056,0.37797232248587087,0.7867594731697389,0.2251868397915518,0.08057340979576111,0.08057340979576111,0.9479490779340267,0.0,0.0,0.0,0.40365462005138397,0.4531589448451996,0.46153566986322403,0.5851373672485352,0.5851373672485352,0.0,0.5,0.0,0.6976744186046512,0.4623686373233795,0.0,0.30486957,-0.13064547,-0.00999986
0.7971899665537334,0.8107106354501512,0.3333333333333333,0.42424242424242425,-0.006036655515686995,-0.034464749161171926,0.09557422995567322,0.09557235240936279,0.3656325654819408,0.3656352892888436,0.6766275379443488,0.32816932893797224,0.07962562143802643,0.07962562143802643,0.9479584377259016,0.0,0.0,0.0,0.3823024958372116,0.4479970671236515,0.4600634314119816,0.5551034212112427,0.5551034212112427,0.0,0.5,0.0,0.6976744186046512,0.4548245370388031,0.0,0.37584791,-0.11738386,-0.02631207
0.7498926875137147,0.7665665083461337,0.3333333333333333,0.42424242424242425,0.08225159869234788,0.05382350504686295,0.39550554752349854,0.39464089274406433,0.3134266464021876,0.31342944998586153,0.3049563021322509,0.6948102746314752,0.10352524795702527,0.10352524795702527,0.9458936974406242,0.0,0.0,0.0,0.42727826237678523,0.43136148154735565,0.4446580596268177,0.6068976521492004,0.6068976521492004,0.0,0.5,0.0,0.6976744186046512,0.4823713004589081,0.0,0.38488159,-0.11265671,-0.02377986
0.7464929343689055,0.7633934054109786,0.3333333333333333,0.42424242424242425,0.08859780456265842,0.06016971091717349,0.1333775371313095,0.13343682885169983,0.3801143173961749,0.38011733751679927,0.366650517082579,0.6293094597577998,0.09178451395460538,0.09178451395460538,0.9451382234692574,0.0,0.0,0.0,0.4735079795122146,0.43683090060949326,0.44568778574466705,0.6745142340660095,0.6745142340660095,0.0,0.5,0.0,0.6976744186046512,0.48782309889793396,0.0,0.38852224,-0.11193699,-0.02334484
0.7448344085188139,0.7618454479508929,0.3333333333333333,0.42424242424242425,0.09169371948282945,0.06326562583734452,0.0,0.0,0.3958538070919409,0.3958627420903164,0.48825248152758377,0.5063106767027551,0.06951218470931053,0.06951218470931053,0.9476441331207752,0.0,0.0,0.0,0.45652601122856135,0.45319797471165657,0.4557906500995159,0.6535117626190186,0.6535117626190186,0.0,0.5,0.0,0.6976744186046512,0.493855357170105,0.03303652396425605,0.38726161,-0.11688216,-0.020871
0.7554433168399901,0.7717470957173241,0.3333333333333333,0.42424242424242425,0.07189042394996714,0.04346233030448221,0.0,0.0,0.38443119803988457,0.3844401102448969,0.5136287957714802,0.4811249050031378,0.0663076713681221,0.0663076713681221,0.9492154009640217,0.0,0.0,0.0,0.4563900142908096,0.4524707533419132,0.45508284866809845,0.6552459597587585,0.6552459597587585,0.0,0.5,0.0,0.6976744186046512,0.51719069480896,0.06525462958961725,0.38234482,-0.12055096,-0.02320568
0.7140693912903469,0.7331314318709903,0.3333333333333333,0.42424242424242425,0.14912175164263475,0.12069365799714982,0.2992746829986572,0.29919344186782837,0.3162952823347161,0.3163036816890563,0.5210835760455742,0.47524331695896216,0.09518556829009737,0.09518556829009737,0.9431368447840214,0.0,0.0,0.0,0.4225797444581985,0.4283050671219826,0.4341869428753853,0.6046106815338135,0.6046106815338135,0.0,0.5,0.0,0.6976744186046512,0.5243422985076904,0.10266190394759178,0.35705361,-0.11294887,-0.01931865
0.6995608845636958,0.7195901589261161,0.3333333333333333,0.42424242424242425,0.17620429753238326,0.14777620388689833,0.0,0.0,0.38530849179619814,0.38531738120784725,0.5237605155198114,0.47117630286102263,0.08396953876529421,0.08396953876529421,0.9428788181394339,0.0,0.0,0.0,0.45579322576522824,0.442049965262413,0.4453255422413349,0.6551322340965271,0.6551322340965271,0.0,0.5,0.0,0.6976744186046512,0.5369026064872742,0.11292691342532635,0.23191724,-0.08858046,-0.01200018
0.7182618063830194,0.7370443526241515,0.3333333333333333,0.42424242424242425,0.14129591013631254,0.11286781649082761,0.0,0.0,0.3968056123525645,0.3968145587476216,0.5193325286271695,0.47547396869955233,0.07908254063555173,0.07908254063555173,0.9437600653618574,0.0,0.0,0.0,0.45615250468254087,0.44536734744906425,0.44871101528406143,0.6564158797264099,0.6564158797264099,0.0,0.5,0.0,0.6976744186046512,0.5209678411483765,0.11884418316185474,0.13289163,-0.06536851,-0.01066121
0.7179140239244415,0.7367197556628121,0.3333333333333333,0.42424242424242425,0.1419451040589912,0.11351701041350626,0.0,0.0,0.4006379858713533,0.4006469208697288,0.5150680940876043,0.479716651247696,0.07673090855990138,0.07673090855990138,0.9446737300604582,0.0,0.0,0.0,0.4485208839178085,0.44844669848680496,0.45132703334093094,0.6460960507392883,0.6460960507392883,0.0,0.5,0.0,0.6976744186046512,0.5025410652160645,0.12149184010922909,0.07207315,-0.06270554,-0.00429407
0.7224672422522591,0.7409694261021085,0.3333333333333333,0.42424242424242425,0.13344576318039858,0.10501766953491365,0.0,0.0,0.4100680048105594,0.4100769512056165,0.5147364478038329,0.4801060587629939,0.07596027638231005,0.07596027638231005,0.9445898663252592,0.0,0.0,0.0,0.4474910080432892,0.45001474767923355,0.4530631899833679,0.64482581615448,0.64482581615448,0.0,0.5,0.0,0.6976744186046512,0.4798751473426819,0.12488571926951408,0.05182444,-0.06899234,-0.00591686
0.7255923794138999,0.7438862207863066,0.3333333333333333,0.42424242424242425,0.12761217381200224,0.09918408016651731,0.0,0.0,0.41526360379578275,0.41527253309581746,0.5128065636577387,0.4821852066726069,0.07661101009164538,0.07661101009164538,0.9442243613302708,0.0,0.0,0.0,0.4468908190727234,0.45130323246121407,0.45436805486679077,0.6436166167259216,0.6436166167259216,0.0,0.5,0.0,0.6976744186046512,0.4721931219100952,0.12965657748281956,0.03099393,-0.07398437,-0.00308946
0.7168356410804249,0.7357132650083966,0.3333333333333333,0.42424242424242425,0.14395808536782229,0.11552999172233736,0.0,0.0,0.41876129666432366,0.4187702601544032,0.5401898078891105,0.4551282480108984,0.07792502641677856,0.07792502641677856,0.944015285000205,0.0,0.0,0.0,0.4464868545532226,0.4513339623808861,0.4545162282884121,0.6432868242263794,0.6432868242263794,0.0,0.5,0.0,0.6976744186046512,0.4701623022556305,0.1302839908748865,0.0250652,-0.07530375,-0.00069212
0.6776576056366875,0.6991470985942416,0.3333333333333333,0.42424242424242425,0.21709041819613206,0.18866232455064713,0.0,0.0,0.4178032403238417,0.41781173654997555,0.7009192342739944,0.3019817376405235,0.08628659482513155,0.08628659482513155,0.9433149993419647,0.0,0.0,0.0,0.43926412165164946,0.44956640899181366,0.453606441617012,0.6403502225875854,0.6403502225875854,0.0,0.5,0.0,0.6976744186046512,0.44902321696281433,0.1301665510982275,0.00666918,-0.07803706,-0.00043101
0.6518832090355101,0.6750909950998094,0.3333333333333333,0.42424242424242425,0.26520262518499654,0.2367745315395116,0.0,0.0,0.42184948396956257,0.42185810555919406,0.6577382333875842,0.34275699021432826,0.08465808683208058,0.08465808683208058,0.9445626568049192,0.0,0.0,0.0,0.43865567147731777,0.4526911564171314,0.45590800419449806,0.6413053870201111,0.6413053870201111,0.0,0.5,0.0,0.6976744186046512,0.4629211723804474,0.11750533245503902,-0.00757259,-0.07732667,-0.00200413
0.6382099656122071,0.66232930123806,0.3333333333333333,0.42424242424242425,0.2907260129084954,0.2622979192630105,0.0,0.0,0.4208746460154225,0.42088338157187,0.6072519026112602,0.3909003228069441,0.08008853665419988,0.08008853665419988,0.9475026205182076,0.0,0.0,0.0,0.4388018488883972,0.4555543586611748,0.4584631584584713,0.641958475112915,0.641958475112915,0.0,0.5,0.0,0.6976744186046512,0.47132232785224915,0.09951709769666195,-0.021889,-0.08516353,-0.00917328
0.6521950867914018,0.6753820810053084,0.3333333333333333,0.42424242424242425,0.2646204533739987,0.23619235972851377,0.0,0.0,0.4047063333810401,0.4047152797760972,0.47400787888703794,0.5207033550027629,0.07131517997809819,0.07131517997809819,0.9483751393854618,0.0,0.0,0.0,0.44635267257690425,0.4468594528734684,0.45087581872940063,0.6446090936660767,0.6446090936660767,0.0,0.5,0.0,0.6976744186046512,0.5074926614761353,0.08153668604791164,-0.03612509,-0.09957635,-0.02848713
0.6576915220135734,0.6805120872126685,0.3333333333333333,0.42424242424242425,0.2543604409592784,0.22593234731379347,0.0,0.0,0.40679283215028605,0.40680176145032076,0.475255376750151,0.5196095157485113,0.0653061323932239,0.0653061323932239,0.9493548907339573,0.0,0.0,0.0,0.4464781135320663,0.446988083422184,0.4507302828133106,0.6445263624191284,0.6445263624191284,0.0,0.5,0.0,0.6976744186046512,0.509827733039856,0.07197518367320299,-0.04281318,-0.12296058,-0.06651466
0.6445452918608984,0.6682422724035051,0.3333333333333333,0.42424242424242425,0.2789000705776052,0.25047197693212025,0.0,0.0,0.40422670973418545,0.40423559914583457,0.47179271728085287,0.5231007267543913,0.06202340392129762,0.06202340392129762,0.9494869895279408,0.0,0.0,0.0,0.4455106347799301,0.44625891372561455,0.450009498745203,0.6438541412353516,0.6438541412353516,0.0,0.5,0.0,0.6976744186046512,0.5093981027603149,0.06353538949042559,-0.02459449,-0.17026365,-0.07666034
0.6177682954640615,0.6432504090997908,0.3333333333333333,0.42424242424242425,0.32888379718503385,0.3004557035395489,0.0,0.0,0.40073877812343617,0.4007476561384037,0.4610143626397244,0.5340639369956799,0.057971991066421785,0.057971991066421785,0.9491827003657818,0.0,0.0,0.0,0.43035528957843777,0.44446175917983055,0.44861846417188644,0.6240232586860657,0.6240232586860657,0.0,0.5,0.0,0.6976744186046512,0.5140951871871948,0.041316645219922066,2.21937895e-05,-0.145878091,0.00853718631
0.6179001352616719,0.6433734595775604,0.3333333333333333,0.42424242424242425,0.32863769622949457,0.30020960258400964,0.0,0.0,0.39884585768953107,0.398854724307817,0.4572531243583212,0.5378610833716387,0.05702956446579525,0.05702956446579525,0.9489504210650921,0.0,0.0,0.0,0.4291149824857712,0.4442458115518093,0.4485023245215416,0.6223820447921753,0.6223820447921753,0.0,0.5,0.0,0.6976744186046512,0.518042266368866,0.03413925878703594,0.01401239,-0.1093298,0.07053758
0.6026193536818027,0.6291113967696825,0.3333333333333333,0.42424242424242425,0.3571618218452503,0.3287337281997654,0.0,0.0,0.3967706929201378,0.3967795139516973,0.4494313281991058,0.5457903238835293,0.054620206356048584,0.054620206356048584,0.94839021936059,0.0,0.0,0.0,0.42618982791900634,0.4434073530137539,0.44764650613069534,0.6176770329475403,0.6176770329475403,0.0,0.5,0.0,0.6976744186046512,0.5216483473777771,0.02307870890945196,0.01464628,-0.09416546,0.07760137
0.5695188898770582,0.598217630551921,0.3333333333333333,0.42424242424242425,0.4189493542807734,0.39052126063528847,0.4985024631023407,0.4977997839450836,0.2877529884615546,0.2877611028988548,0.4551132976666919,0.542351400140544,0.06352989269154413,0.06352989269154413,0.9454114492982626,0.0,0.0,0.0,0.40430548191070553,0.42694274336099625,0.43399298191070557,0.5791851878166199,0.5791851878166199,0.0,0.5,0.0,0.6976744186046512,0.5177305936813354,0.01839662087149918,0.00945345,-0.05213007,0.08547142
0.6015525236725807,0.6281156887610754,0.3333333333333333,0.42424242424242425,0.3591532378624647,0.3307251442169798,0.0,0.0,0.3611694312232402,0.3611780243211677,0.45576905417852603,0.540556619381079,0.05615583487919399,0.05615583487919399,0.9401060100644827,0.0,0.0,0.0,0.4076465755701065,0.4438665136694908,0.44740406796336174,0.5871720314025879,0.5871720314025879,0.0,0.5,0.0,0.6976744186046512,0.5262694358825684,0.023526945151388645,0.01886966,-0.04628872,0.06948826
0.6028402900057179,0.6293176040053368,0.3333333333333333,0.42424242424242425,0.3567494073739419,0.32832131372845696,0.0,0.0,0.3560323428013584,0.3560408561225147,0.45701523572491415,0.5394762851945251,0.055079992328371324,0.055079992328371324,0.9401104915887117,0.0,0.0,0.0,0.40224783718585966,0.4438061900436878,0.44745078682899475,0.5793415307998657,0.5793415307998657,0.0,0.5,0.0,0.6976744186046512,0.526964545249939,0.023712178226560354,0.07881611,-0.06132751,0.00539097
0.610678819673402,0.6366335650285085,0.3333333333333333,0.42424242424242425,0.3421174853275984,0.31368939168211346,0.0,0.0,0.33070630644293175,0.33071466021054563,0.4576785653316724,0.5392013146083574,0.04721726423927716,0.04721726423927716,0.9353667981922626,0.0,0.0,0.0,0.38230733573436737,0.43694253265857697,0.44145355001091957,0.546468198299408,0.546468198299408,0.0,0.5,0.0,0.6976744186046512,0.5243170261383057,0.033250751439481974,0.13079295,-0.07529888,-0.01116812
0.611349194532349,0.6372592482301924,0.3333333333333333,0.42424242424242425,0.34086611892423063,0.3124380252787457,0.0,0.0,0.3307338180323176,0.33074216040324983,0.45768534920639564,0.5392007020367213,0.0467778103692191,0.0467778103692191,0.9349207133054733,0.0,0.0,0.0,0.3823938906192779,0.43660349398851395,0.4410889819264412,0.5464194416999817,0.5464194416999817,0.0,0.5,0.0,0.6976744186046512,0.5232666730880737,0.03391954582184553,0.18106914,-0.07976971,-0.01395624
0.6161791753201258,0.641767230298784,0.3333333333333333,0.42424242424242425,0.3318501547870473,0.3034220611415624,0.0,0.0,0.3262056315150361,0.3262140194726948,0.456978583996884,0.5400593522465201,0.04454618719007288,0.04454618719007288,0.9314321614801884,0.0,0.0,0.0,0.37656277418136597,0.434940904378891,0.4394041709601879,0.5349186658859253,0.5349186658859253,0.0,0.5,0.0,0.6976744186046512,0.5190181136131287,0.036786519922316074,0.23306841,-0.09951933,-0.00989978
0.6182425337887946,0.6436930315362083,0.3333333333333333,0.42424242424242425,0.32799855231219893,0.299570458666714,0.0,0.0,0.32858345795771815,0.32859180032865043,0.45345530272897755,0.5435068641013848,0.04268231801688671,0.04268231801688671,0.9308448992669582,0.0,0.0,0.0,0.3760350167751312,0.43553315103054047,0.44031478464603424,0.5354676842689514,0.5354676842689514,0.0,0.5,0.0,0.6976744186046512,0.509027361869812,0.026670836377888918,0.24957076,-0.09977571,-0.00801398
0.6218877924340112,0.6470952729384104,0.3333333333333333,0.42424242424242425,0.32119406950779456,0.2927659758623096,0.0,0.0,0.336268183378143,0.33627652574907524,0.45214751072185216,0.5447655777237789,0.0418541646961655,0.0418541646961655,0.9327117651700974,0.0,0.0,0.0,0.37896227836608887,0.43747445195913315,0.4422583132982254,0.541305661201477,0.541305661201477,0.0,0.5,0.0,0.6976744186046512,0.5109868049621582,0.022228772286325693,0.26021413,-0.10300865,-0.01401476
0.6175628545738402,0.6430586642689176,0.3333333333333333,0.42424242424242425,0.3292672868467804,0.3008391932012955,0.0,0.0,0.3364135366552874,0.3364218676295381,0.4532830646799354,0.543623105267671,0.04152047846998488,0.04152047846998488,0.9332474581897259,0.0,0.0,0.0,0.37955201566219327,0.4376603215932846,0.44248903542757034,0.5425338745117188,0.5425338745117188,0.0,0.5,0.0,0.6976744186046512,0.5092334747314453,0.022363686002790928,0.25991214,-0.10265756,-0.01215705
0.6073427423834801,0.6335198928912481,0.3333333333333333,0.42424242424242425,0.34834482960211927,0.31991673595663433,0.0,0.0,0.3094416827134375,0.3094498883241905,0.458433581241914,0.5390997274377327,0.04189622854547841,0.04189622854547841,0.9229360446333885,0.0,0.0,0.0,0.36051092147827146,0.42682313919067383,0.43373849242925644,0.511361837387085,0.511361837387085,0.0,0.5,0.0,0.6976744186046512,0.4944259524345398,0.030915960669517517,0.25074477,-0.07876169,0.03099756
0.6672629458563668,0.689445416132609,0.3333333333333333,0.42424242424242425,0.23649378311939734,0.2080656894739124,0.0,0.0,0.26274716466608283,0.26275502837638787,0.4629667196173513,0.5357558498824253,0.04077512637845108,0.04077512637845108,0.892866425216198,0.0,0.0,0.0,0.3289673194289207,0.40987353026866913,0.41725677251815796,0.46474236249923706,0.46474236249923706,0.0,0.5,0.0,0.6976744186046512,0.49406999349594116,0.03606866579502821,0.24118072,-0.0384643,0.04894529
0.6329650761825698,0.6574340711037318,0.3333333333333333,0.42424242424242425,0.30051647317715185,0.2720883795316669,0.10644078254699707,0.10597389191389084,0.24435725130041058,0.24436497825053638,0.45674424827896615,0.5423577352709291,0.04097500283803259,0.04097500283803259,0.8530521839857101,0.0,0.0,0.0,0.3108506351709366,0.39811910688877106,0.40538469702005386,0.43503791093826294,0.43503791093826294,0.0,0.5,0.0,0.6976744186046512,0.47247394919395447,0.056806886568665504,0.18379412,-0.02004181,-0.13561381
0.6391734409899938,0.6632285449239943,0.3333333333333333,0.42424242424242425,0.2889275255366269,0.26049943189114194,0.1533333957195282,0.15278379619121552,0.2322276491052106,0.23223526208852036,0.4535145113390673,0.5460345910971702,0.04188983701169491,0.04188983701169491,0.8329482302069664,0.0,0.0,0.0,0.3059055954217911,0.37989020347595215,0.38920000195503235,0.4304651618003845,0.4304651618003845,0.0,0.5,0.0,0.6976744186046512,0.4681377708911896,0.06093651056289673,0.15742463,-0.05885489,-0.16441548
0.6284135963235583,0.653186023235321,0.3333333333333333,0.42424242424242425,0.30901256891397333,0.2805844752684884,0.19838137924671173,0.1979226917028427,0.22858144038038092,0.22858893939687464,0.4546481506546414,0.545131785869092,0.04283824935555458,0.04283824935555458,0.8186643868684769,0.0,0.0,0.0,0.29995690286159515,0.3707164227962494,0.38137995451688766,0.42533761262893677,0.42533761262893677,0.0,0.5,0.0,0.6976744186046512,0.4566058814525604,0.06771712563931942,0.14834342,-0.13124846,-0.16103487
0.621748227093901,0.6469650119543076,0.3333333333333333,0.42424242424242425,0.3214545914760003,0.2930264978305154,0.21988709270954132,0.21944907307624817,0.22577746921925884,0.22578503661584215,0.4543384572288046,0.5455420557223538,0.043632728712899346,0.043632728712899346,0.8116069659590721,0.0,0.0,0.0,0.2996960386633873,0.3672533482313156,0.3779394328594208,0.42472878098487854,0.42472878098487854,0.0,0.5,0.0,0.6976744186046512,0.45242437720298767,0.07403729483485222,0.16244978,-0.14676613,-0.13372889
0.6196941286325455,0.6450478533903757,0.3333333333333333,0.42424242424242425,0.3252889086038639,0.29686081495837896,0.2234971970319748,0.22307425737380981,0.22237084153505404,0.22237836334491096,0.45386121548840463,0.5460243419189476,0.04401441663503647,0.04401441663503647,0.8047179877758026,0.0,0.0,0.0,0.30019542425870893,0.3646441698074341,0.3746393322944641,0.42494091391563416,0.42494091391563416,0.0,0.5,0.0,0.6976744186046512,0.4501245617866516,0.07974410429596901,0.17084894,-0.08365551,-0.10012488
0.6201836140382858,0.6455047064357333,0.3333333333333333,0.42424242424242425,0.32437520251314866,0.29594710886766373,0.5392284393310547,0.5388314127922058,0.1840979355471084,0.18410509266315406,0.45401032397213675,0.5471540700358547,0.04581346309610776,0.04581346309610776,0.7944289967417717,0.0,0.0,0.0,0.2923509106040001,0.3547295778989792,0.36793579161167145,0.4121398627758026,0.4121398627758026,0.0,0.5,0.0,0.6976744186046512,0.4488354027271271,0.08716776967048645,0.18797413,0.00360766,-0.07900739
0.6190305657330013,0.644428528017468,0.3333333333333333,0.42424242424242425,0.3265275593496796,0.29809946570419465,0.45626673102378845,0.455980122089386,0.18783962567039475,0.18784678278644046,0.4534953905565105,0.5475393312959275,0.04759408799665315,0.04759408799665315,0.7942278385162354,0.0,0.0,0.0,0.2885227188467979,0.351358026266098,0.3651839792728424,0.4070602357387543,0.4070602357387543,0.0,0.5,0.0,0.6976744186046512,0.448318749666214,0.09095125831663609,0.19065613,0.07491726,-0.05871915
0.6078056052681946,0.633951898250315,0.3333333333333333,0.42424242424242425,0.3474808188839856,0.31905272523850065,0.2993995249271393,0.2989894449710846,0.22760971372031802,0.22761721273681174,0.453954431796393,0.5458478778379091,0.04818026774695942,0.04818026774695942,0.8136062547564507,0.0,0.0,0.0,0.2866840273141861,0.3578553944826126,0.36948078870773315,0.40495580434799194,0.40495580434799194,0.0,0.5,0.0,0.6976744186046512,0.44767746329307556,0.09508425369858742,0.18431399,0.12924458,-0.02919004
0.6073450795596554,0.6335220742556784,0.3333333333333333,0.42424242424242425,0.34834046687325865,0.3199123732277737,0.4753098487854004,0.47501426935195923,0.21170277258178244,0.21171015763146017,0.456593410348801,0.5438155781248964,0.05000737628766469,0.05000737628766469,0.8231677338480949,0.0,0.0,0.0,0.26399875134229656,0.35991521179676056,0.37134477496147156,0.3760049045085907,0.3760049045085907,0.0,0.5,0.0,0.6976744186046512,0.3009953498840332,0.09234449826180935,0.18682916,0.15111353,-0.03116274
0.49827562884560656,0.5317239202558994,0.3333333333333333,0.42424242424242425,0.5519367748728166,0.5235086812273316,0.3375663757324219,0.3374796211719513,0.2776199709161062,0.2776274471392367,0.5684723001593157,0.4327190213581294,0.06595872342586517,0.06595872342586517,0.8445609509944916,0.0,0.0,0.0,0.26561429649591445,0.3826117664575577,0.39271535724401474,0.38680213689804077,0.38680213689804077,0.0,0.5,0.0,0.6976744186046512,0.18403999507427216,0.09167742915451527,0.18939642,0.15898304,-0.02684024
0.4642857142857143,0.5,0.3333333333333333,0.42424242424242425,0.6153846153846154,0.5869565217391305,0.11705639958381653,0.11693987250328064,0.3424971992609378,0.34250480084756596,0.6019022888708753,0.39954554915605445,0.06443321438772338,0.06443321438772338,0.8931929916143417,0.0,0.0,0.0,0.1955172836780548,0.4298451244831085,0.43497415632009506,0.2876811623573303,0.2876811623573303,0.0,0.5,0.0,0.6976744186046512,0.09195872396230698,0.06009695120155811,0.20374978,0.19295897,-0.00592252
0.4642857142857143,0.5,0.3333333333333333,0.42424242424242425,0.6153846153846154,0.5869565217391305,0.05280699208378792,0.05263647437095642,0.3541218828744688,0.35412945027105214,0.607268405006219,0.3942637684645611,0.058956239372491843,0.058956239372491843,0.9081049971282482,0.0,0.0,0.0,0.18667817115783691,0.44497470185160637,0.4498922601342201,0.2770999073982239,0.2770999073982239,0.0,0.5,0.0,0.6976744186046512,0.06295084208250046,0.03907691687345505,0.19377339,0.20487764,-0.00124582
0.4642857142857143,0.5,0.3333333333333333,0.42424242424242425,0.6153846153846154,0.5869565217391305,0.47697606682777405,0.4744730591773987,0.26335153069140577,0.2633590297078995,0.44846478702917153,0.5516998900687439,0.06644182173269136,0.06644182173269136,0.9174182638525963,0.0,0.0,0.0,0.08155381083488464,0.4729058053344488,0.47427829168736935,0.11977054178714752,0.11977054178714752,0.07480978220701218,0.4700760871171951,0.07558916509151459,0.6268340245235798,0.04364823177456856,0.018189384136348963,0.18076793,0.20792493,0.00551443
0.4642857142857143,0.5,0.3333333333333333,0.42424242424242425,0.6153846153846154,0.5869565217391305,0.12992365658283234,0.12889888882637024,0.36043892672595285,0.360446927196437,0.44866104928302947,0.5484028863525705,0.03495152108371258,0.03495152108371258,0.9557387661188841,0.0,0.0,0.0,0.02437713425606489,0.491304281167686,0.4913476537913084,0.0,-0.0,0.060858529061079025,0.4756565883755684,0.0582428015768528,0.6192322387251743,0.020315786823630333,0.0,0.17301727,0.18877217,0.00053741
0.4642857142857143,0.5,0.3333333333333333,0.42424242424242425,0.6153846153846154,0.5869565217391305,0.07898081839084625,0.07780896127223969,0.3826420443919603,0.3826500904491709,0.4453570145266006,0.5510033925570625,0.028860481189829965,0.028860481189829965,0.9608488790690899,0.0,0.0,0.0,0.021241401135921475,0.49311953224241734,0.4931702334433794,0.0,-0.0,0.05390167981386185,0.4784393280744553,0.05113639310002327,0.5964138341504475,0.01647600159049034,0.0,0.17246399,0.17372492,-0.00445593
0.4642857142857143,0.5,0.3333333333333333,0.42424242424242425,0.6153846153846154,0.5869565217391305,0.06892018765211105,0.06771356612443924,0.39263076855165324,0.39263889438563504,0.4419877736563892,0.5542101290346851,0.025907926527517184,0.025907926527517184,0.9632920566946268,0.0,0.0,0.0,0.02038699174299836,0.49402919318526983,0.4940907317213714,0.0,-0.0,0.051377929747104645,0.47944882810115813,0.048545677214860916,0.5923313872758732,0.014583064243197441,0.0,0.16549764,0.14537846,0.00393086
0.4642857142857143,0.5,0.3333333333333333,0.42424242424242425,0.6153846153846154,0.5869565217391305,0.4808600842952728,0.4767266809940338,0.2982026969953431,0.2982103783587424,0.4548422190472911,0.5434937978059288,0.03778803295322827,0.03778803295322827,0.9380533471703529,0.0,0.0,0.0,0.052180780097842216,0.4897063570097089,0.49064911622554064,0.0,-0.0,0.09188157320022583,0.4632473707199097,0.08357219398021698,0.5895971662776415,0.01754344068467617,0.0,0.15885628,0.14154625,0.00135114
0.4642857142857143,0.5,0.3333333333333333,0.42424242424242425,0.6153846153846154,0.5869565217391305,0.07948456704616547,0.07787276059389114,0.4182313452715172,0.4182394483121358,0.4442125084751195,0.5517371664773844,0.037755970177905905,0.037755970177905905,0.9531645718961954,0.0,0.0,0.0,0.03373674042522907,0.4901329753920436,0.49099524039775133,0.0,-0.0,0.08713829517364502,0.465144681930542,0.08147028088569641,0.5880136337391166,0.018478987738490105,0.0,0.15305678,0.15171395,0.00819639
0.4642857142857143,0.5,0.3333333333333333,0.42424242424242425,0.6153846153846154,0.5869565217391305,0.012517708353698254,0.012530921958386898,0.4455524220293384,0.4455606333384322,0.4411103089498516,0.5541033184443509,0.0342574023774692,0.0342574023774692,0.9601774085313082,0.0,0.0,0.0,0.028544240072369574,0.49195983447134495,0.49267920572310686,0.0,-0.0,0.0758749321103096,0.46965002715587617,0.0713106170296669,0.5968092520569647,0.017506306990981102,0.0,0.15553901,0.16850851,0.01147495
0.4642857142857143,0.5,0.3333333333333333,0.42424242424242425,0.6153846153846154,0.5869565217391305,0.0,0.0,0.4532882672650864,0.45329649282003226,0.43522152959958543,0.5599677555511554,0.03196063318422863,0.03196063318422863,0.9633340090513229,0.0,0.0,0.0,0.0260180888697505,0.4933586698025465,0.4939552713185549,0.0,-0.0,0.07208263874053955,0.47116694450378416,0.0675136148929596,0.6005726927934691,0.01667565107345581,0.0,0.15722699,0.18571681,-0.0005831
0.4642857142857143,0.5,0.3333333333333333,0.42424242424242425,0.6153846153846154,0.5869565217391305,0.0,0.0,0.45986212393977677,0.45987035804223375,0.42150357758793733,0.5736563165893924,0.030167628345744952,0.030167628345744952,0.9657904747873545,0.0,0.0,0.0,0.02375479219481349,0.4943629498593509,0.49479595059528947,0.0,-0.0,0.07043442130088806,0.47182623147964475,0.06638414412736893,0.6022729118203008,0.015922637656331062,0.0,0.1583697,0.16033176,-0.01838163
0.4642857142857143,0.5,0.3333333333333333,0.42424242424242425,0.6153846153846154,0.5869565217391305,0.0,0.0,0.4584294356989815,0.4584377296340169,0.37338319791206664,0.622102004569479,0.031207114724176272,0.031207114724176272,0.9664150048047304,0.0,0.0,0.0,0.02363856229931116,0.49491242226213217,0.4952451679855585,0.0,-0.0,0.07148870080709457,0.4714045196771622,0.06803341954946518,0.5974061891090039,0.01617366261780262,0.0,0.12001634,0.07388552,-0.04985218
0.4642857142857143,0.5,0.3333333333333333,0.42424242424242425,0.6153846153846154,0.5869565217391305,0.0,0.0,0.4558521331382299,0.45586042992243575,0.3656097607220564,0.6300788611293928,0.0317397341132164,0.0317397341132164,0.966179545968771,0.0,0.0,0.0,0.02402290841564536,0.4949255702085793,0.49525534408167005,0.0,-0.0,0.07196410745382309,0.47121435701847075,0.06860262900590897,0.5938634588274845,0.016389455646276474,0.0,0.08245642,0.01470106,-0.04286771
0.4642857142857143,0.5,0.3333333333333333,0.42424242424242425,0.6153846153846154,0.5869565217391305,0.1762121468782425,0.17408622801303864,0.388257405953927,0.3882656001679984,0.3601266918401189,0.6365930903659446,0.06127365731767246,0.06127365731767246,0.9360622819513083,0.0,0.0,0.0,0.051542017981410025,0.49016875959932804,0.49122621305286884,0.0,-0.0,0.10334444791078568,0.45866222083568575,0.09916826337575912,0.5889263333276261,0.026934750378131866,0.0,0.06617588,0.00279257,-0.0404927
0.4642857142857143,0.5,0.3333333333333333,0.42424242424242425,0.6153846153846154,0.5869565217391305,0.08328355103731155,0.0822998657822609,0.419659412157923,0.41966765195872086,0.3709352362908095,0.6252274419285321,0.04377760791352817,0.04377760791352817,0.9518469944596291,0.0,0.0,0.0,0.03171441312879324,0.49166008178144693,0.49237942416220903,0.0,-0.0,0.0900585874915123,0.46397656500339507,0.08908253908157349,0.5926690961039344,0.02441933937370777,0.0,0.03335645,0.00067647,-0.01373858
0.4642857142857143,0.5,0.3333333333333333,0.42424242424242425,0.6153846153846154,0.5869565217391305,0.07622566819190979,0.07524362206459045,0.4202121284222284,0.4202203796197078,0.3749730919788718,0.6211378737977034,0.041641801861780035,0.041641801861780035,0.953368341550231,0.0,0.0,0.0,0.029874747619032856,0.491962025873363,0.4926292863674462,0.0,-0.0,0.08816641569137573,0.4647334337234497,0.08734040707349777,0.593461730452471,0.023806845769286156,0.0,0.02014602,0.05786815,-0.00249242
0.4642857142857143,0.5,0.3333333333333333,0.42424242424242425,0.6153846153846154,0.5869565217391305,0.0308768842369318,0.03021370619535446,0.4217035152716117,0.4217117265807055,0.41912050297337783,0.5764447327047137,0.03241122833320073,0.03241122833320073,0.9604570642113686,0.0,0.0,0.0,0.022617392241954803,0.4936786317266524,0.49418740486726165,0.0,-0.0,0.07388845086097717,0.47044461965560913,0.0706997811794281,0.5983269873053528,0.01889679953455925,0.0,0.00753999,0.15696761,-0.03763477
0.4642857142857143,0.5,0.3333333333333333,0.42424242424242425,0.6153846153846154,0.5869565217391305,0.024230238050222397,0.023817123845219612,0.42360011683367405,0.4236083110477455,0.45898210067821965,0.5364362745115857,0.030658432681645666,0.030658432681645666,0.9619012027978897,0.0,0.0,0.0,0.021727482881397007,0.49411316867917776,0.49464705726131797,0.0,-0.0,0.06910718977451324,0.4723571240901947,0.06511420756578445,0.594621827436048,0.016950570046901703,0.0,0.01631626,0.14659689,-0.0412489
0.4642857142857143,0.5,0.3333333333333333,0.42424242424242425,0.6153846153846154,0.5869565217391305,0.01736239716410637,0.01714140549302101,0.42434605813619053,0.424354252350262,0.49729718845586934,0.49827154867457113,0.02908079219715936,0.02908079219715936,0.9638322237879038,0.0,0.0,0.0,0.022394877579063176,0.49463488161563873,0.4951268257573247,0.0,-0.0,0.06171027198433876,0.4753158912062645,0.05707716569304466,0.607838817807131,0.015084788203239441,0.0,0.03058038,0.108782,-0.05540491
0.4642857142857143,0.5,0.3333333333333333,0.42424242424242425,0.6153846153846154,0.5869565217391305,0.017261138185858727,0.017016364261507988,0.4244134182227957,0.4244216124368671,0.5021450753977262,0.4933650151214859,0.02910377723830087,0.02910377723830087,0.9639201946556568,0.0,0.0,0.0,0.023534643370658158,0.49460490280762315,0.49510138016194105,0.0,-0.0,0.06039588153362274,0.4758416473865509,0.05572613701224327,0.6094726573589236,0.015192246995866299,0.0,0.02300628,-0.02129975,-0.0672548
0.737195647543385,0.7547159377071593,0.3333333333333333,0.42424242424242425,0.10595273997029697,0.07752464632481204,0.06227675825357437,0.06206652149558067,0.3772992230738098,0.37730740589119965,0.4888941809449551,0.5066484572503986,0.07798219099640846,0.07798219099640846,0.9438425488770008,0.0,0.0,0.0,0.3681411027908325,0.4548450857400894,0.45730090141296387,0.5357427000999451,0.5357427000999451,0.0,0.5,0.0,0.6976744186046512,0.24332262575626373,0.06958992220461369,0.02062934,-0.18956886,-0.02143797
0.8552769280615307,0.8649251328574287,0.3333333333333333,0.42424242424242425,-0.11446565033024192,-0.14289374397572685,0.0,0.0,0.37785264593237444,0.3778608287497643,0.47960758995599545,0.5160279490017248,0.0737333350947925,0.0737333350947925,0.952091621235013,0.0,0.0,0.0,0.4199805527925491,0.45533955097198486,0.4576784521341324,0.6110609173774719,0.6110609173774719,0.0,0.5,0.0,0.6976744186046512,0.3360856771469116,0.0775859085842967,0.03319419,-0.26504883,0.01662888
0.8937877728825524,0.9008685880237155,0.3333333333333333,0.42424242424242425,-0.1863525606628157,-0.21478065430830062,0.0,0.0,0.34771007561546896,0.34771816725940596,0.45679687245626066,0.5395327927910752,0.05917959979602269,0.05917959979602269,0.9580024965107441,0.0,0.0,0.0,0.4299792170524597,0.4646429009735584,0.46682021394371986,0.6234745979309082,0.6234745979309082,0.0,0.5,0.0,0.6976744186046512,0.4697757065296173,0.02852253383025527,0.04155745,-0.3064476,0.05695455
0.8818209341594151,0.8896995385487874,0.3333333333333333,0.42424242424242425,-0.16401446171295941,-0.19244255535844434,0.0,0.0,0.3191199840596711,0.31912791615006575,0.4381348063339467,0.5591989628335892,0.05251644179224968,0.05251644179224968,0.9559753146022558,0.0,0.0,0.0,0.42753054201602936,0.46414631977677345,0.46697651594877243,0.6167356371879578,0.6167356371879578,0.0,0.5,0.0,0.6976744186046512,0.4993988573551178,0.023928005248308182,0.04720961,-0.3099151,0.05121524
0.8642825512658983,0.873330381181505,0.3333333333333333,0.42424242424242425,-0.13127614697839451,-0.15970424062387945,0.0,0.0,0.28239057624773134,0.2823983259912203,0.4359454297198848,0.562225038936393,0.04793130659631321,0.04793130659631321,0.9462312180548906,0.0,0.0,0.0,0.39145835041999816,0.45993873104453087,0.464115384966135,0.5527450442314148,0.5527450442314148,0.0,0.5,0.0,0.6976744186046512,0.5457451939582825,0.02472789492458105,0.06337122,-0.29995582,0.0508526
0.8221078124784288,0.8339672916465335,0.3333333333333333,0.42424242424242425,-0.05254996790845168,-0.08097806155393661,0.0,0.0,0.2742170129633771,0.274224762706866,0.440796979982584,0.5576560973514854,0.04504745693079063,0.04504745693079063,0.9291473105549812,0.0,0.0,0.0,0.3637788951396942,0.4432828016579151,0.45065657049417496,0.5114441514015198,0.5114441514015198,0.0,0.5,0.0,0.6976744186046512,0.5283876061439514,0.02283981768414378,0.0961206,-0.28326008,0.03922197
0.8180065871704192,0.8301394813590579,0.3333333333333333,0.42424242424242425,-0.044894347333500506,-0.07332244097898544,0.0,0.0,0.2727529496581331,0.27276067660825887,0.44074364921103015,0.5577615729274139,0.044742245227098465,0.044742245227098465,0.9257539175450802,0.0,0.0,0.0,0.36335035562515255,0.44014424830675125,0.4481784887611866,0.5108198523521423,0.5108198523521423,0.0,0.5,0.0,0.6976744186046512,0.5251178741455078,0.022886372171342373,0.09900636,-0.27557036,0.05034211
0.7807091935759499,0.7953285806708865,0.3333333333333333,0.42424242424242425,0.024727454042842267,-0.0037006396026426636,0.0,0.0,0.2633167024324319,0.26332438379583123,0.4445622270467404,0.5541485687905762,0.04221467168203422,0.04221467168203422,0.9074225127696991,0.0,0.0,0.0,0.33588651567697525,0.43136710673570633,0.43901100382208824,0.47423097491264343,0.47423097491264343,0.0,0.5,0.0,0.6976744186046512,0.4826582372188568,0.02276709768921137,0.12618226,-0.27421629,0.03418004
0.7801405014026732,0.7947978013091617,0.3333333333333333,0.42424242424242425,0.025789012766291974,-0.0026390808791929565,0.0,0.0,0.26196619566266444,0.26197383143933733,0.4459853762650353,0.5527435808967057,0.041892290381448614,0.041892290381448614,0.9061093218624592,0.0,0.0,0.0,0.3343816205859184,0.4311424419283867,0.4386773332953453,0.4722314774990082,0.4722314774990082,0.0,0.5,0.0,0.6976744186046512,0.48002728819847107,0.022022943012416363,0.15984044,-0.27286732,0.02332547
0.7774867110309147,0.7923209302955203,0.3333333333333333,0.42424242424242425,0.03074275479357469,0.0023146611480897583,0.0,0.0,0.2570392734461943,0.25704693201623047,0.44710031932444233,0.5517957821038845,0.04069985023566655,0.04069985023566655,0.901319544762373,0.0,0.0,0.0,0.32790222913026806,0.42622602730989456,0.43378521502017975,0.4624929130077362,0.4624929130077362,0.0,0.5,0.0,0.6976744186046512,0.4670000672340393,0.021698754280805588,0.2211932,-0.27295199,-0.00601087
0.7448527600084032,0.761862576007843,0.3333333333333333,0.42424242424242425,0.09165946336892938,0.06323136972344445,0.039141688495874405,0.03806072846055031,0.26715701943829684,0.267164678008333,0.46689296190415014,0.5321134220067169,0.04164139474076885,0.04164139474076885,0.8958699144423008,0.0,0.0,0.0,0.317386519908905,0.4193403497338295,0.4290086179971695,0.4524482190608978,0.4524482190608978,0.0,0.5,0.0,0.6976744186046512,0.4639035165309906,0.024767869617789984,0.25442473,-0.27717218,-0.01685925
0.7426133460941768,0.7597724563545651,0.3333333333333333,0.42424242424242425,0.09583970267548525,0.06741160903000032,0.03290900960564613,0.03224924951791763,0.2721708527486594,0.2721785341120587,0.4735061200353429,0.5255330093909354,0.04306231093193804,0.04306231093193804,0.8953040577471256,0.0,0.0,0.0,0.3123306944966316,0.4200495406985283,0.42989282310009,0.4452992081642151,0.4452992081642151,0.0,0.5,0.0,0.6976744186046512,0.4646625816822052,0.02727893413975835,0.26863,-0.27652502,-0.02980419
0.7437963031587147,0.7608765496148003,0.3333333333333333,0.42424242424242425,0.09363151615501475,0.06520342250952982,0.028223916888237,0.0277312770485878,0.27240906618749205,0.2724166791708018,0.47506263607090793,0.5239359895489589,0.04332474432885647,0.04332474432885647,0.8953664414584637,0.0,0.0,0.0,0.3167073905467987,0.42012667655944824,0.4300334006547928,0.4512498676776886,0.4512498676776886,0.0,0.5,0.0,0.6976744186046512,0.4638963043689728,0.02893317025154829,0.28569902,-0.27220947,-0.03357375
0.7650303869020372,0.7806950277752347,0.3333333333333333,0.42424242424242425,0.05399455983414614,0.025566466188661208,0.05353732034564018,0.053021952509880066,0.27391445386022273,0.2739221352236221,0.47136335584903083,0.5273033442683652,0.04403388792915004,0.04403388792915004,0.8996055647730827,0.0,0.0,0.0,0.35160488486289976,0.42250431329011917,0.43083059042692184,0.4940498471260071,0.4940498471260071,0.0,0.5,0.0,0.6976744186046512,0.48944106698036194,0.09531837888062,0.28041721,-0.26593083,-0.03288817
0.7657223861841929,0.7813408937719133,0.3333333333333333,0.42424242424242425,0.052702827840788835,0.024274734195303904,0.044265758246183395,0.043556906282901764,0.27322354143481864,0.2732312455915812,0.4717550540973306,0.526890214560314,0.04462767658489091,0.04462767658489091,0.8997023925185204,0.0,0.0,0.0,0.3488307371735573,0.42265263944864273,0.43080852925777435,0.4892071783542633,0.4892071783542633,0.0,0.5,0.0,0.6976744186046512,0.48997780680656433,0.10501350276172161,0.27919415,-0.26207986,-0.0322935
0.7632461857228052,0.7790297733412849,0.3333333333333333,0.42424242424242425,0.05732506870204568,0.028896975056560747,0.04496895149350166,0.04453309625387192,0.272778227497925,0.272785977241414,0.4747319841476061,0.5238083068266375,0.04593550892812866,0.04593550892812866,0.8998326361179352,0.0,0.0,0.0,0.35244698524475093,0.42416536808013916,0.43133600801229477,0.4905717372894287,0.4905717372894287,0.09878220409154892,0.4604871183633804,0.0,0.6976744186046512,0.5010101795196533,0.14175549149513245,0.27684916,-0.26075146,-0.03113943
0.7594580710643813,0.7754941996600893,0.3333333333333333,0.42424242424242425,0.0643962160644369,0.035968122418951975,0.0319116972386837,0.03142074868083,0.2836427068619154,0.28365038822531474,0.4253264291792481,0.5733758912664932,0.04718952679208347,0.04718952679208347,0.9026297107338905,0.0,0.0,0.0,0.3280745357275009,0.4303925111889839,0.4381462149322033,0.4554796814918518,0.4554796814918518,0.0,0.5,0.0,0.6976744186046512,0.49666935205459595,0.11938642710447311,0.25900677,-0.24648215,-0.02487106
0.7160014776246888,0.7349347124497095,0.3333333333333333,0.42424242424242425,0.1455151904851963,0.11708709683971136,0.09182921051979065,0.09167440235614777,0.3029451981101392,0.30295297064699134,0.3353962004754557,0.6645961217574312,0.050316210836172104,0.050316210836172104,0.9183121509850025,0.0,0.0,0.0,0.3338814944028854,0.4399104416370392,0.4469294659793377,0.4627375602722168,0.4627375602722168,0.0,0.5,0.0,0.6976744186046512,0.48064619302749634,0.0381517899222672,0.25068877,-0.22153512,-0.02695231
0.7136387566015834,0.7327295061614778,0.3333333333333333,0.42424242424242425,0.14992560306165975,0.12149750941617482,0.08017758280038834,0.0801447182893753,0.30090931770222595,0.3009170902390781,0.32196065253554973,0.6785620256723405,0.04958421257989747,0.04958421257989747,0.9247568659484386,0.0,0.0,0.0,0.33895619958639145,0.4416785463690758,0.44877075403928757,0.47032564878463745,0.47032564878463745,0.0,0.5,0.0,0.6976744186046512,0.4694320559501648,0.01633725012652576,0.2466572,-0.17598961,-0.01841771
0.7166075468772934,0.7355003770854738,0.3333333333333333,0.42424242424242425,0.1443838612136678,0.11595576756818288,0.07310079038143158,0.07306689769029617,0.2969392380796473,0.2969469878231362,0.3243680191769427,0.6761405613358066,0.049483592488936017,0.049483592488936017,0.9255386255681515,0.0,0.0,0.0,0.3401563689112663,0.4404345229268074,0.4482860341668129,0.47242045402526855,0.47242045402526855,0.0,0.5,0.0,0.6976744186046512,0.4309374988079071,0.004532422753982246,0.24710885,-0.14568213,-0.00474138
0.7133480154332661,0.732458147737715,0.3333333333333333,0.42424242424242425,0.15046831990918547,0.12204022626370054,0.07565447688102722,0.07562649995088577,0.296356411782551,0.29636418431940315,0.33523555285160217,0.6648354064843345,0.049856504691498625,0.049856504691498625,0.9243842698633671,0.0,0.0,0.0,0.3337310299277305,0.43974466621875763,0.44759053364396095,0.4634220600128174,0.4634220600128174,0.0,0.5,0.0,0.6976744186046512,0.4327816367149353,0.0035174668300896883,0.25074331,-0.11399273,0.02152641
0.6891301781648681,0.709854832953877,0.3333333333333333,0.42424242424242425,0.1956749494768616,0.16724685583137666,0.0838547945022583,0.08379554748535156,0.2942848369678621,0.29429258671135106,0.36698463359708766,0.6321702547733865,0.05141784836138998,0.05141784836138998,0.9179489612579346,0.0,0.0,0.0,0.31821828335523605,0.43772047385573387,0.4449717290699482,0.44165468215942383,0.44165468215942383,0.0,0.5,0.0,0.6976744186046512,0.4295231103897095,0.013203774578869343,0.25144819,-0.09646941,0.03687122
0.6910240093157405,0.7116224086946912,0.3333333333333333,0.42424242424242425,0.19213979799523317,0.16371170434974824,0.07010963559150696,0.07001692801713943,0.29481336947380926,0.29482111921729826,0.3785485615010015,0.6204350803317299,0.05084655380674771,0.05084655380674771,0.915093332529068,0.0,0.0,0.0,0.31973676979541776,0.4367647245526314,0.44393688440322876,0.44223275780677795,0.44223275780677795,0.0,0.5,0.0,0.6976744186046512,0.42802706360816956,0.027824374847114086,0.24347821,-0.06908629,0.06376726
0.6973477782947677,0.7175245930751164,0.3333333333333333,0.42424242424242425,0.1803354292343825,0.15190733558889757,0.0809890404343605,0.08085385710000992,0.2974685683533065,0.2974763636835218,0.38443770554507894,0.6144772541859815,0.051015032721417296,0.051015032721417296,0.9143953435122967,0.0,0.0,0.0,0.32166758626699443,0.4362500309944153,0.4435354620218277,0.44496527314186096,0.44496527314186096,0.0,0.5,0.0,0.6976744186046512,0.42706286907196045,0.038827601820230484,0.24366722,-0.05122864,0.07585675
0.705071688762733,0.7247335761785507,0.3333333333333333,0.42424242424242425,0.16591746302751398,0.13748936938202905,0.09192576259374619,0.09179887920618057,0.2900074800159462,0.29001529813952476,0.39705276078977275,0.6015254497933292,0.04997716950518745,0.04997716950518745,0.9152910932898521,0.0,0.0,0.0,0.3160861104726791,0.4379916936159134,0.4444059580564499,0.4372425377368927,0.4372425377368927,0.0,0.5,0.0,0.6976744186046512,0.420816034078598,0.06594144739210606,0.24776918,-0.05919224,0.07725512
0.7004911959880874,0.7204584495888816,0.3333333333333333,0.42424242424242425,0.17446771620685225,0.14603962256136732,0.09454519301652908,0.09439720213413239,0.2947409549589139,0.2947487502891293,0.41414281423871424,0.5844849605126723,0.04941480500357492,0.04941480500357492,0.9158320128917694,0.0,0.0,0.0,0.3124366506934166,0.4374166429042816,0.4438042752444744,0.43321749567985535,0.43321749567985535,0.0,0.5,0.0,0.6976744186046512,0.4221741855144501,0.08480232208967209,0.25343741,-0.08200477,0.05839183
0.6971794838706653,0.7173675182792876,0.3333333333333333,0.42424242424242425,0.18064957882604032,0.1522214851805554,0.09582991898059845,0.09563910216093063,0.2993382623501079,0.2993460348869601,0.4275315161188975,0.5708837418614969,0.04933610824601991,0.04933610824601991,0.9158884137868881,0.0,0.0,0.0,0.31524408310651775,0.43728484213352203,0.4431389160454273,0.4378555417060852,0.4378555417060852,0.0,0.5,0.0,0.6976744186046512,0.419023334980011,0.09137431159615517,0.2565083,-0.09854244,0.01843408
0.6740911812299774,0.6958184358146455,0.3333333333333333,0.42424242424242425,0.2237477437553243,0.19531965010983937,0.10018420219421387,0.09998514503240585,0.2974265601849237,0.29743433272177583,0.43536987450565023,0.5629563119973958,0.048882149692092626,0.048882149692092626,0.9153045602142811,0.0,0.0,0.0,0.3208691075444221,0.4318237006664276,0.4375004358589649,0.44930514693260193,0.44930514693260193,0.0,0.5,0.0,0.6976744186046512,0.3967176675796509,0.10494767688214779,0.25716326,-0.11151976,-0.00032878
0.6675884209218479,0.6897491928603914,0.3333333333333333,0.42424242424242425,0.2358862296638326,0.20745813601834767,0.1029985323548317,0.10265857726335526,0.29506790296069524,0.29507697471925,0.43898225787948697,0.5593704109501378,0.04852013130273138,0.04852013130273138,0.9137551113963127,0.0,0.0,0.0,0.3275747954845428,0.4312081038951874,0.4372093379497528,0.4598238170146942,0.4598238170146942,0.0,0.5,0.0,0.6976744186046512,0.40305858850479126,0.10390148498117924,0.25732008,-0.1371392,-0.01217614
0.6359749510884285,0.6602432876825333,0.3333333333333333,0.42424242424242425,0.2948980400195489,0.26646994637406396,0.11345624923706055,0.11315539479255676,0.29383236591492284,0.2938414376734776,0.4432420354500327,0.5550572677947374,0.04838148398058755,0.04838148398058755,0.9097315780818462,0.0,0.0,0.0,0.312983725965023,0.42511986196041107,0.431087888777256,0.4388556182384491,0.4388556182384491,0.0,0.5,0.0,0.6976744186046512,0.4093271791934967,0.10313734412193298,0.26353679,-0.15596817,-0.03218942
0.6253456512377376,0.6503226078218884,0.3333333333333333,0.42424242424242425,0.31473939974083864,0.2863113060953537,0.11782833188772202,0.11746808141469955,0.29291668813497573,0.29292571430680403,0.4473710247025207,0.5508840276315786,0.048131873565060754,0.048131873565060754,0.9064591377973557,0.0,0.0,0.0,0.3098268613219261,0.4218411520123482,0.42834416031837463,0.43484386801719666,0.43484386801719666,0.0,0.5,0.0,0.6976744186046512,0.4135878086090088,0.1018393225967884,0.27845005,-0.16263056,-0.040655
0.6124193240844068,0.638258035812113,0.3333333333333333,0.42424242424242425,0.3388685437603894,0.31044045011490445,0.1380530148744583,0.1376977413892746,0.2950306586052218,0.2950397303637765,0.452592947173073,0.5455993938520757,0.04846101626753807,0.04846101626753807,0.9043878316879272,0.0,0.0,0.0,0.30931648164987563,0.41881467401981354,0.4255842939019203,0.43394145369529724,0.43394145369529724,0.0,0.5,0.0,0.6976744186046512,0.41503003239631653,0.10415727272629738,0.27987382,-0.16384038,-0.06247367
0.5824379261050906,0.6102753976980845,0.3333333333333333,0.42424242424242425,0.3948338199884464,0.3664057263429615,0.5726900696754456,0.572518527507782,0.22271055382022897,0.2227188961911612,0.490020420252707,0.5111151073853732,0.06223243262086596,0.06223243262086596,0.9032145887613297,0.0,0.0,0.0,0.2986174926161766,0.4184577539563179,0.4260004386305809,0.4223526418209076,0.4223526418209076,0.0,0.5,0.0,0.6976744186046512,0.41002216935157776,0.1084702368825674,0.27543909,-0.16910034,-0.08273776
0.5398596363763014,0.5705356606178813,0.3333333333333333,0.42424242424242425,0.4743132941488527,0.4458852005033678,0.16675877571105957,0.1665152907371521,0.32593074355481,0.325939838106728,0.5703719503337065,0.4291843405594511,0.0645108787076814,0.0645108787076814,0.9059102907776833,0.0,0.0,0.0,0.3087131008505821,0.41972610354423523,0.42786020040512085,0.44042330980300903,0.44042330980300903,0.0,0.5,0.0,0.6976744186046512,0.40619421005249023,0.11238257400691509,0.27006296,-0.17066172,-0.11357504
0.5372638607486373,0.5681129366987281,0.3333333333333333,0.42424242424242425,0.47915874198715913,0.4507306483416742,0.11656004935503006,0.1161588504910469,0.3416386986325849,0.3416478843579557,0.5455305493128687,0.45339497229286585,0.06199693573372705,0.06199693573372705,0.9143154174089432,0.0,0.0,0.0,0.32425257116556166,0.42475663125514984,0.4320777505636215,0.460990309715271,0.460990309715271,0.0,0.5,0.0,0.6976744186046512,0.4117102324962616,0.11793859302997589,0.24122695,-0.16829599,-0.13235539
0.5467600448145753,0.576976041826937,0.3333333333333333,0.42424242424242425,0.46143253173074156,0.4330044380852566,0.05041571706533432,0.05005833879113197,0.3468685104559758,0.3468776050078937,0.5640030971676624,0.4354969397051106,0.05893525268350329,0.05893525268350329,0.920336414128542,0.0,0.0,0.0,0.33383714258670805,0.4285457283258438,0.4357229098677635,0.4747364819049835,0.4747364819049835,0.0,0.5,0.0,0.6976744186046512,0.4179098308086395,0.11733273975551128,0.23152963,-0.16937351,-0.15005992
0.5478349374163718,0.577979274921947,0.3333333333333333,0.42424242424242425,0.4594260655407213,0.43099797189523636,0.021438375115394592,0.021490244194865227,0.3476448638033457,0.3476539355619004,0.5833695408946925,0.4167326681421951,0.05871195080024856,0.05871195080024856,0.9204014949500561,0.0,0.0,0.0,0.33609752058982845,0.4273853003978729,0.4346030354499817,0.4774262309074402,0.4774262309074402,0.0,0.5,0.0,0.6976744186046512,0.41248011589050293,0.1170582789927721,0.23479406,-0.1698429,-0.15165757
0.5461727084503287,0.5764278612203069,0.3333333333333333,0.42424242424242425,0.4625288929440018,0.43410079929851686,0.0,0.0,0.351015819874138,0.3510249030293744,0.601677443739561,0.39896020419232425,0.056253307099853246,0.056253307099853246,0.9217841774225235,0.0,0.0,0.0,0.33899254053831096,0.4289710223674774,0.4351750910282135,0.48135820031166077,0.48135820031166077,0.0,0.5,0.0,0.6976744186046512,0.3973544239997864,0.11368907056748867,0.23577467,-0.17154379,-0.14999542
0.5391985281769719,0.5699186262985071,0.3333333333333333,0.42424242424242425,0.47554736278760135,0.4471192691421164,0.07920105755329132,0.07890858501195908,0.350913830970487,0.35092319904276337,0.5928548565330287,0.4074036522936816,0.055893228522368846,0.055893228522368846,0.9220702946186066,0.0,0.0,0.0,0.34412994533777236,0.4264022260904312,0.4336881637573242,0.4893932640552521,0.4893932640552521,0.0,0.5,0.0,0.6976744186046512,0.38976991176605225,0.11501568369567394,0.22896508,-0.17226532,-0.14486004
0.5321405399590731,0.5633311706284682,0.3333333333333333,0.42424242424242425,0.488722274127679,0.46029418048219406,0.49136173725128174,0.4907025992870331,0.2607713675635723,0.2607803253553109,0.5077170670659319,0.49272170663513093,0.06375938387853759,0.06375938387853759,0.9214215725660324,0.0,0.0,0.0,0.31873778998851776,0.4254127964377403,0.4334467574954033,0.4534108340740204,0.4534108340740204,0.0,0.5,0.0,0.6976744186046512,0.39941319823265076,0.11476106941699982,0.22159425,-0.17827995,-0.15255073
0.5245032247510695,0.5562030097676648,0.3333333333333333,0.42424242424242425,0.5029785958492858,0.4745505022038009,0.13638047873973846,0.13595710694789886,0.34282856917518045,0.3428380626109544,0.5497099546355909,0.4490562897972527,0.07015618096504893,0.07015618096504893,0.9192239865660667,0.0,0.0,0.0,0.3262584164738655,0.4238019213080406,0.43225959688425064,0.46298953890800476,0.46298953890800476,0.0,0.5,0.0,0.6976744186046512,0.4011146128177643,0.12075930833816528,0.21439306,-0.18250683,-0.15879837
0.5247806679634821,0.5564619567659166,0.3333333333333333,0.42424242424242425,0.5024607018527822,0.47403260820729726,0.03359660878777504,0.03324476629495621,0.35404508063715684,0.35405458546961244,0.5541047828831135,0.4447965293217293,0.06456752706851278,0.06456752706851278,0.9202076122164726,0.0,0.0,0.0,0.33617330044507976,0.4259030446410179,0.4332597628235817,0.4775943160057068,0.4775943160057068,0.0,0.5,0.0,0.6976744186046512,0.4097989797592163,0.11822876520454884,0.20536286,-0.19085959,-0.16878785
0.5245909287283818,0.5562848668131564,0.3333333333333333,0.42424242424242425,0.5028148817583027,0.4743867881128178,0.028122009709477425,0.02775503695011139,0.3548512135135512,0.35486063856923555,0.5580008524553726,0.4409983458477448,0.06407245461429868,0.06407245461429868,0.9203407652676105,0.0,0.0,0.0,0.33769507259130477,0.4259082302451134,0.4332176446914673,0.4800397455692291,0.4800397455692291,0.0,0.5,0.0,0.6976744186046512,0.40960127115249634,0.11796919628977776,0.19940952,-0.20126586,-0.18669894
0.5282658233883835,0.5597147684958246,0.3333333333333333,0.42424242424242425,0.4959550783929662,0.4675269847474813,0.11605250090360641,0.11576621979475021,0.3263192792239654,0.32632882964314736,0.46047362143861176,0.5370766896653991,0.06019544122474534,0.06019544122474534,0.9203866198658943,0.0,0.0,0.0,0.3359674796462059,0.4273989051580429,0.433670811355114,0.47594669461250305,0.47594669461250305,0.0,0.5,0.0,0.6976744186046512,0.4068545699119568,0.115640414878726,0.19755841,-0.20535463,-0.19917502
0.5289881039588225,0.5603888970282342,0.3333333333333333,0.42424242424242425,0.4946068213281469,0.46617872768266194,0.13274656236171722,0.13240747153759003,0.3229771567576246,0.32298669578012495,0.45640152726984845,0.5411572558423479,0.056535287627152035,0.056535287627152035,0.9227758049964905,0.0,0.0,0.0,0.3265886768698692,0.43784521520137787,0.4426488019526005,0.46182140707969666,0.46182140707969666,0.0,0.5,0.0,0.6976744186046512,0.4078774154186249,0.1093868725001812,0.19706593,-0.19897826,-0.1972059
0.5105561148375273,0.5431857071816921,0.3333333333333333,0.42424242424242425,0.5290132010212312,0.5005851073757462,0.8725782036781311,0.8699454665184021,0.24341185097484697,0.24342071759313288,0.4557688376415756,0.5450257525680575,0.07628102387700762,0.07628102387700762,0.9203489311039448,0.0,0.0,0.0,0.24554829150438306,0.4379337541759014,0.4433843195438385,0.3466145396232605,0.3466145396232605,0.0,0.5,0.0,0.6976744186046512,0.2591831386089325,0.09375854395329952,0.19772426,-0.18822324,-0.18691508
0.4642857142857143,0.5,0.3333333333333333,0.42424242424242425,0.6153846153846154,0.5869565217391305,0.16984988749027252,0.16833233833312988,0.3269787709981944,0.32698840119414757,0.4308958336226571,0.5664175753731978,0.04508075703467642,0.04508075703467642,0.9459374044090509,0.0,0.0,0.0,0.031744088791310784,0.4943882208317518,0.4942507925443351,0.0,-0.0,0.07614532113075256,0.469541871547699,0.0,0.6976744186046512,0.043252017349004745,0.0,0.19654322,-0.18434212,-0.17618267
0.4642857142857143,0.5,0.3333333333333333,0.42424242424242425,0.6153846153846154,0.5869565217391305,0.1526753306388855,0.15115424990653992,0.3356470984209108,0.3356567628069088,0.42753153891226076,0.5696637641352809,0.03964502630489213,0.03964502630489213,0.9518983289599419,0.0,0.0,0.0,0.029812050610780714,0.49501264514401555,0.4948929287493229,0.0,-0.0,0.06970050185918808,0.47211979925632475,0.0,0.6976744186046512,0.036424294114112854,0.0,0.19601399,-0.18019359,-0.15292776
0.4642857142857143,0.5,0.3333333333333333,0.42424242424242425,0.6153846153846154,0.5869565217391305,0.6254597902297974,0.6236556172370911,0.26323213905494935,0.26324118802014085,0.44069302515135667,0.5592007207717261,0.05192004410283906,0.05192004410283906,0.9300192035734653,0.0,0.0,0.0,0.05577240884304046,0.49068525340408087,0.49185292422771454,0.0,-0.0,0.074665866792202,0.4701336532831192,0.07160839438438416,0.6031425609145054,0.0296519473195076,0.0,0.19746999,-0.17554653,-0.1346705
0.4642857142857143,0.5,0.3333333333333333,0.42424242424242425,0.6153846153846154,0.5869565217391305,0.27929404377937317,0.2780543565750122,0.3185647035420055,0.31857423116782424,0.4353963319019879,0.5623591721805008,0.050624247108187,0.050624247108187,0.9320216961205006,0.0,0.0,0.0,0.049374244734644884,0.4904585247859359,0.49151191022247076,0.0,-0.0,0.07869407534599304,0.4685223698616028,0.07493704557418823,0.598372262577678,0.02906177192926407,0.0,0.19708235,-0.16103795,-0.09693247
0.4642857142857143,0.5,0.3333333333333333,0.42424242424242425,0.6153846153846154,0.5869565217391305,0.16819941997528076,0.16705426573753357,0.3662459120923657,0.3662557132385429,0.43036704469137393,0.5663360278425841,0.03899556451610157,0.03899556451610157,0.9475435670465231,0.0,0.0,0.0,0.03453000113368034,0.491836853325367,0.49253220530226827,0.0,-0.0,0.07763350009918213,0.46894659996032717,0.0732915848493576,0.5962252374305281,0.02530527301132679,0.0,0.19503219,-0.15669399,-0.06299815
0.4642857142857143,0.5,0.3333333333333333,0.42424242424242425,0.6153846153846154,0.5869565217391305,0.11401461064815521,0.11261497437953949,0.3799539204993166,0.37996377862890185,0.4386083099627814,0.557578168089207,0.03285719746989863,0.03285719746989863,0.9537651147693396,0.0,0.0,0.0,0.030264865234494207,0.4931609625928104,0.49361492320895195,0.0,-0.0,0.07041365653276443,0.47183453738689424,0.06626320630311966,0.5952956856683244,0.021248431876301765,0.0,0.17840785,-0.134803,-0.03534764
0.4642857142857143,0.5,0.3333333333333333,0.42424242424242425,0.6153846153846154,0.5869565217391305,0.1804981678724289,0.17930157482624054,0.3723675256477487,0.37237732679392593,0.4566964676913522,0.5397543898681332,0.030497488166604726,0.030497488166604726,0.9554128721356392,0.0,0.0,0.0,0.029765990749001502,0.4933384726755321,0.493732419796288,0.0,-0.0,0.06564222276210785,0.47374311089515686,0.06166630983352661,0.5847085076709126,0.018749402835965157,0.0,0.15103022,-0.12414607,-0.02381085
0.4642857142857143,0.5,0.3333333333333333,0.42424242424242425,0.6153846153846154,0.5869565217391305,0.24699407815933228,0.24636562168598175,0.3452504551889336,0.3452601309716131,0.46670609906344296,0.5302411893990887,0.04414960342858519,0.04414960342858519,0.9317259751260281,0.0,0.0,0.0,0.05853267051279545,0.4863176019862294,0.48744224663823843,0.0,-0.0,0.08227210491895676,0.4670911580324173,0.07634872198104858,0.5859584794488064,0.02127833478152752,0.0,0.12686292,-0.12284893,-0.01647548
0.4642857142857143,0.5,0.3333333333333333,0.42424242424242425,0.6153846153846154,0.5869565217391305,0.06542005389928818,0.06450323760509491,0.40782112054113673,0.4078310983358788,0.4549912506034224,0.5404839698096255,0.03624623508325645,0.03624623508325645,0.9570538084954023,0.0,0.0,0.0,0.03810947276651859,0.4902530023828149,0.4906108630821109,0.0,-0.0,0.06091530993580818,0.47563387602567675,0.058411605656147,0.616995052889336,0.01956823095679283,0.0,0.11446104,-0.11584767,-0.0114369
0.4642857142857143,0.5,0.3333333333333333,0.42424242424242425,0.6153846153846154,0.5869565217391305,0.0431889146566391,0.04233688861131668,0.40958977725720086,0.4095997721469653,0.4511062244156351,0.544285667735299,0.03389216693384307,0.03389216693384307,0.9599375352263451,0.0,0.0,0.0,0.03341508936136961,0.4913908950984478,0.49162138905376196,0.0,-0.0,0.054419707506895065,0.478232116997242,0.05229152366518974,0.6233350516751756,0.01874011754989624,0.0,0.11315719,-0.11388613,-0.01399369
0.4642857142857143,0.5,0.3333333333333333,0.42424242424242425,0.6153846153846154,0.5869565217391305,0.0413094237446785,0.04020717367529869,0.4025922318489556,0.40260222673872004,0.43189031375753717,0.5636961546506704,0.030601959941642626,0.030601959941642626,0.9631309565156698,0.0,0.0,0.0,0.02928837426006794,0.4928965251892805,0.49298382457345724,0.0,-0.0,0.04790849611163139,0.48083660155534746,0.04576579108834267,0.6219890349826147,0.017267398536205292,0.0,0.11509681,-0.11670592,-0.02224587
0.4642857142857143,0.5,0.3333333333333333,0.42424242424242425,0.6153846153846154,0.5869565217391305,0.06595277786254883,0.06463794410228729,0.39472429337510645,0.3947342654715077,0.4243352882720772,0.5713955625584608,0.02965365004326616,0.02965365004326616,0.9631612040102482,0.0,0.0,0.0,0.028819797374308107,0.49329510144889355,0.4933573720045388,0.0,-0.0,0.04753302037715912,0.48098679184913634,0.04516802355647087,0.6149644023457239,0.016879279166460037,0.0,0.11788402,-0.11850471,-0.02359766
0.4642857142857143,0.5,0.3333333333333333,0.42424242424242425,0.6153846153846154,0.5869565217391305,0.08020186424255371,0.07887843996286392,0.387479969921805,0.387489919224843,0.4110192573321253,0.5850210233759875,0.026967494881578857,0.026967494881578857,0.963025439530611,0.0,0.0,0.0,0.024706002138555047,0.4944416298530996,0.4945227103307843,0.0,-0.0,0.04702211171388626,0.4811911553144455,0.044295378029346466,0.6146980995355651,0.015925707295536995,0.0,0.11171714,-0.11667126,-0.02759966
0.4642857142857143,0.5,0.3333333333333333,0.42424242424242425,0.6153846153846154,0.5869565217391305,0.07952872663736343,0.0781768262386322,0.386422038762109,0.38643197666846546,0.41960625233659327,0.5764005264013671,0.0267115022454943,0.0267115022454943,0.9628909826278687,0.0,0.0,0.0,0.02474081106483936,0.4945947374217212,0.4946990213356912,0.0,-0.0,0.04579679295420647,0.4816812828183174,0.04315542057156563,0.6164804326240406,0.016146287322044373,0.0,0.105676,-0.11611903,-0.03002281
0.4642857142857143,0.5,0.3333333333333333,0.42424242424242425,0.6153846153846154,0.5869565217391305,0.07954869419336319,0.07824487239122391,0.3863057584197298,0.3863156507393598,0.4335226889550116,0.5624856311841353,0.025829095393419266,0.025829095393419266,0.9634666163474321,0.0,0.0,0.0,0.023821769095957276,0.49467200227081776,0.4947889535687864,0.0,-0.0,0.043913647532463074,0.48243454098701477,0.04132816568017006,0.6190457888120828,0.015504409559071064,0.0,0.0961459,-0.11467969,-0.02310457
0.4642857142857143,0.5,0.3333333333333333,0.42424242424242425,0.6153846153846154,0.5869565217391305,0.07705415785312653,0.07616445422172546,0.39033322033417156,0.3903431240504832,0.44251631186067714,0.5536383473685726,0.02638247928449086,0.02638247928449086,0.9632059708237648,0.0,0.0,0.0,0.02308743530884385,0.4941328358836472,0.4942776942625642,0.0,-0.0,0.042687200009822845,0.48292511999607085,0.040103182196617126,0.6158424255459808,0.014776702038943768,0.0,0.10339296,-0.11475891,0.00421699
0.4642857142857143,0.5,0.3333333333333333,0.42424242424242425,0.6153846153846154,0.5869565217391305,0.07693257927894592,0.0760042667388916,0.39074670333935246,0.39075658426230087,0.4490355784304967,0.5470842753331424,0.0260728265025786,0.0260728265025786,0.9629252050071955,0.0,0.0,0.0,0.023168643750250337,0.4939300874248147,0.4940987154841423,0.0,-0.0,0.04237376153469086,0.48305049538612366,0.039846137166023254,0.616254659239636,0.014495006762444973,0.0,0.12330062,-0.12795679,0.11422436
0.4642857142857143,0.5,0.3333333333333333,0.42424242424242425,0.6153846153846154,0.5869565217391305,0.07534685730934143,0.0743269994854927,0.38589469151104844,0.38590454964063364,0.45180831698569013,0.5443648889182808,0.026186889569674222,0.026186889569674222,0.9617697726935148,0.0,0.0,0.0,0.023329373449087143,0.49346673861145973,0.49368204129859805,0.0,-0.0,0.04216618463397026,0.4831335261464119,0.03959902748465538,0.5993848692539127,0.013787010684609413,0.0,0.13272057,-0.12446027,0.15921549
0.4642857142857143,0.5,0.3333333333333333,0.42424242424242425,0.6153846153846154,0.5869565217391305,0.07497920840978622,0.07401172071695328,0.3814217333128074,0.38143158004571104,0.453203028634219,0.5431514058759923,0.026842168133173673,0.026842168133173673,0.9609678350389004,0.0,0.0,0.0,0.023699600808322428,0.49310547998175025,0.4933096095919609,0.0,-0.0,0.042134229093790054,0.48314630836248396,0.0395885594189167,0.5954873804436174,0.013550243340432644,0.0,0.12819094,-0.11460179,0.15497123
0.4642857142857143,0.5,0.3333333333333333,0.42424242424242425,0.6153846153846154,0.5869565217391305,0.09308478981256485,0.0924406349658966,0.4300201980835165,0.4300295775524745,0.5967943303671668,0.4038500644002266,0.06488610591207232,0.06488610591207232,0.9392150659114122,0.0,0.0,0.0,0.058232255280017846,0.482261274009943,0.4835154227912426,0.0,-0.0,0.055040143430233,0.4779839426279068,0.05111093074083328,0.5978002243263777,0.01761038415133953,0.0,0.1296858,-0.11256006,0.14737436
0.4642857142857143,0.5,0.3333333333333333,0.42424242424242425,0.6153846153846154,0.5869565217391305,0.0,0.0,0.474724638986314,0.4747339500751824,0.5987815697380051,0.4021690994507445,0.04895070567727089,0.04895070567727089,0.9586684815585613,0.0,0.0,0.0,0.03541399296373129,0.49007511232048273,0.49047132302075624,0.0,-0.0,0.051468584686517715,0.4794125661253929,0.0477808341383934,0.6090377028598342,0.018676022067666054,0.0,0.1425601,-0.12311175,0.15859048
0.6704003676062539,0.6923736764325036,0.3333333333333333,0.42424242424242425,0.23063726251960825,0.20220916887412332,0.4677842855453491,0.4660041928291321,0.2708361189862282,0.2708451223646934,0.46965527534484863,0.530159193124137,0.06863211414643697,0.06863211414643697,0.9504912625998259,0.0,0.0,0.0,0.24625910967588424,0.452848132699728,0.45905686914920807,0.3693065941333771,0.3693065941333771,0.058129116892814636,0.4767483532428741,0.0612575002014637,0.6234916334235391,0.1090928465127945,0.0,0.13529993,-0.11645199,0.16888228
0.8701074506555284,0.8787669539451599,0.3333333333333333,0.42424242424242425,-0.1421492925057044,-0.17057738615118934,0.0,0.0,0.33885348640937873,0.3388627747048839,0.3350648419578946,0.6661806821772469,0.06933469325304031,0.06933469325304031,0.9518168866634369,0.0,0.0,0.0,0.3629554450511932,0.4603356793522835,0.4610271453857422,0.5270729064941406,0.5270729064941406,0.0,0.5,0.0,0.6976744186046512,0.2840169668197632,0.019100266508758068,0.12757931,-0.11412454,0.1633376
0.8881074857144129,0.8955669866667854,0.3333333333333333,0.42424242424242425,-0.1757493579489553,-0.20417745159444023,0.0,0.0,0.33162394445211435,0.33163320995425627,0.357914470577787,0.6421941262991382,0.06400930828281812,0.06400930828281812,0.9528165217489004,0.0,0.0,0.0,0.3778505831956863,0.46260715648531914,0.46332141757011414,0.5464940071105957,0.5464940071105957,0.0,0.5,0.0,0.6976744186046512,0.43171805143356323,0.019968990236520767,0.11757479,-0.10874616,0.15231867
0.8789004662207195,0.8869737684726715,0.3333333333333333,0.42424242424242425,-0.1585629215607276,-0.18699101520621253,0.0,0.0,0.30528575740398456,0.30529498871608174,0.3673053020273066,0.6328179338871357,0.05878770191754614,0.05878770191754614,0.9495757035911083,0.0,0.0,0.0,0.38024186789989467,0.4625549651682377,0.46350353956222534,0.54633629322052,0.54633629322052,0.0,0.5,0.0,0.6976744186046512,0.4998598098754883,0.0181645096745342,0.10773194,-0.09730706,0.13227089
0.8742050038916724,0.8825913369655609,0.3333333333333333,0.42424242424242425,-0.1497980585465064,-0.17822615219199134,0.0,0.0,0.2908819473952226,0.29089106474050375,0.37292015073860124,0.6272463469792,0.055231994816235135,0.055231994816235135,0.9437642954289913,0.0,0.0,0.0,0.36469298899173735,0.4617098346352577,0.46309367939829826,0.5156412124633789,0.5156412124633789,0.0,0.5,0.0,0.6976744186046512,0.5380180478096008,0.018010300118476152,0.09332102,-0.06736075,0.06565439
0.873384198262578,0.8818252517117394,0.3333333333333333,0.42424242424242425,-0.14826588803886342,-0.17669398168434836,0.0,0.0,0.25563998887917283,0.2556491290178171,0.44695277788443044,0.5520514267672266,0.050554871559143066,0.050554871559143066,0.9239525571465492,0.0,0.0,0.0,0.3607940971851349,0.4515717476606369,0.45605897158384323,0.5093672871589661,0.5093672871589661,0.0,0.5,0.0,0.6976744186046512,0.5503408312797546,0.01297277514822781,0.07007208,-0.05301135,0.0035076
0.8577322846367246,0.8672167989942763,0.3333333333333333,0.42424242424242425,-0.11904898260393704,-0.14747707624942197,0.0,0.0,0.24927362018971777,0.2492828059150885,0.4527683421029187,0.5463411881870744,0.04668489630733218,0.04668489630733218,0.9121850319206715,0.0,0.0,0.0,0.35481726229190824,0.4440721683204174,0.4496196024119854,0.5006016492843628,0.5006016492843628,0.0,0.5,0.0,0.6976744186046512,0.5513116121292114,0.011898379307240248,0.06176031,-0.04720351,-0.04906406
0.8478806302660987,0.8580219215816922,0.3333333333333333,0.42424242424242425,-0.1006592277787689,-0.12908732142425383,0.0,0.0,0.24674278189985516,0.24675187645177316,0.451415313817347,0.5477914002504171,0.04390472413173744,0.04390472413173744,0.9021572209894657,0.0,0.0,0.0,0.34657736867666245,0.44088708609342575,0.4467514120042324,0.48869583010673523,0.48869583010673523,0.0,0.5,0.0,0.6976744186046512,0.5600586533546448,0.013850802788510919,0.05527707,-0.04525372,-0.08278708
0.8444910418419611,0.8548583057191637,0.3333333333333333,0.42424242424242425,-0.0943319960537119,-0.12276008969919683,0.0,0.0,0.24266646241138817,0.24267553416994286,0.4502710470961795,0.5490444276409846,0.04191163794270584,0.04191163794270584,0.8964397981762886,0.0,0.0,0.0,0.3468214705586433,0.43976008519530296,0.4456688277423382,0.49030759930610657,0.49030759930610657,0.0,0.5,0.0,0.6976744186046512,0.5847653150558472,0.005417778738774359,0.04978996,-0.05143928,-0.10779632
0.8375871032476425,0.8484146296977997,0.3333333333333333,0.42424242424242425,-0.08144464401098395,-0.10987273765646888,0.0,0.0,0.24058811796782803,0.24059718972638278,0.4505550068149603,0.5487611645443667,0.040289321914315224,0.040289321914315224,0.8929888196289539,0.0,0.0,0.0,0.3449455723166466,0.4367773085832596,0.4431021027266979,0.4895029664039612,0.4895029664039612,0.0,0.5,0.0,0.6976744186046512,0.5814458727836609,0.0,0.04806288,-0.05272887,-0.13047785
0.8286669133674531,0.8400891191429563,0.3333333333333333,0.42424242424242425,-0.06479362290129698,-0.09322171654678191,0.0,0.0,0.244382916627377,0.2443919427992053,0.4488540748793126,0.5503955569544846,0.03941556704895837,0.03941556704895837,0.8911994881927967,0.0,0.0,0.0,0.3457854926586151,0.435096375644207,0.4417838342487812,0.49140477180480957,0.49140477180480957,0.0,0.5,0.0,0.6976744186046512,0.5800883769989014,0.0,0.05041782,-0.04921252,-0.15722544
0.8213513834135873,0.8332612911860149,0.3333333333333333,0.42424242424242425,-0.05113796698741424,-0.07956606063289917,0.0,0.0,0.24756015190430852,0.2475693376296793,0.44835937912104007,0.5508527116874158,0.038663563983781,0.038663563983781,0.8909926787018776,0.0,0.0,0.0,0.3461282804608345,0.43492765724658966,0.44162633270025253,0.49250316619873047,0.49250316619873047,0.0,0.5,0.0,0.6976744186046512,0.5833402872085571,0.0,0.05317547,-0.04084563,-0.17783757
0.8181824208725066,0.8303035928143395,0.3333333333333333,0.42424242424242425,-0.04522257024406362,-0.07365066388954855,0.0,0.0,0.24828687270330424,0.24829601284194858,0.4480716357039676,0.5510805167506297,0.03795974887907505,0.03795974887907505,0.8914187774062157,0.0,0.0,0.0,0.3448376342654228,0.4336768463253975,0.44042667001485825,0.49160701036453247,0.49160701036453247,0.0,0.5,0.0,0.6976744186046512,0.5810251235961914,0.0,0.05349999,-0.03535696,-0.20250052
0.8175779836518424,0.8297394514083862,0.3333333333333333,0.42424242424242425,-0.04409428743215704,-0.07252238107764197,0.0,0.0,0.2461775064924251,0.24618666942443262,0.4512653562808356,0.5478871893592769,0.03731716291180679,0.03731716291180679,0.8919178135693073,0.0,0.0,0.0,0.34573670774698256,0.4335644915699959,0.4405196011066437,0.49461615085601807,0.49461615085601807,0.0,0.5,0.0,0.6976744186046512,0.5827720165252686,0.0,0.06079004,-0.0381601,-0.21097198
0.8131605521554038,0.8256165153450437,0.3333333333333333,0.42424242424242425,-0.03584841530547178,-0.06427650895095671,0.0,0.0,0.2499944830943704,0.2500036232330147,0.4510559365580688,0.5479479144403123,0.0365047316466059,0.0365047316466059,0.8946515657007694,0.0,0.0,0.0,0.3587566882371902,0.4349706172943115,0.4424314461648464,0.5175777673721313,0.5175777673721313,0.0,0.5,0.0,0.6976744186046512,0.6035521626472473,0.0,0.06152838,-0.03952878,-0.21107914
0.8122905017364592,0.824804468287362,0.3333333333333333,0.42424242424242425,-0.03422432119010854,-0.06265241483559347,0.0,0.0,0.25265020622122125,0.2526593235665024,0.4472527898292469,0.5517516961779872,0.036117498363767354,0.036117498363767354,0.8968120738863945,0.0,0.0,0.0,0.36229296326637267,0.4364871382713318,0.44414254650473595,0.5227161049842834,0.5227161049842834,0.0,0.5,0.0,0.6976744186046512,0.6145326495170593,0.0,0.06853931,-0.0381894,-0.21704197
0.8155417754536582,0.8278389904234145,0.3333333333333333,0.42424242424242425,-0.040293365462213404,-0.06872145910769833,0.0,0.0,0.2579526263030948,0.25796178923510227,0.4475426188390524,0.5514334032435896,0.03597483171948365,0.03597483171948365,0.9020224362611771,0.0,0.0,0.0,0.36399712860584255,0.4405674524605274,0.44762256368994713,0.5245617032051086,0.5245617032051086,0.0,0.5,0.0,0.6976744186046512,0.6178097724914551,0.0,0.07107734,-0.0350427,-0.21185534
0.7846640859331404,0.7990198135375977,0.3333333333333333,0.42424242424242425,0.017344988309420106,-0.011083105336064825,0.015747079625725746,0.01586388610303402,0.301803524134036,0.3018127554461332,0.5740208486753942,0.42603180189154977,0.03993500290172441,0.03993500290172441,0.9076371490955353,0.0,0.0,0.0,0.3722091615200043,0.43979889526963234,0.447545126080513,0.5420497059822083,0.5420497059822083,0.0,0.5,0.0,0.6976744186046512,0.5985069870948792,0.0,0.07062537,-0.03851834,-0.19976401
0.7821130248762312,0.7966388232178159,0.3333333333333333,0.42424242424242425,0.022106968948983785,-0.006321124696501146,0.0,0.0,0.2978167369762297,0.29782599108169,0.5853866053812818,0.4148162819408727,0.04153960384428501,0.04153960384428501,0.9107034429907799,0.0,0.0,0.0,0.35991336107254024,0.4403495192527771,0.44753435626626015,0.5235879421234131,0.5235879421234131,0.0,0.5,0.0,0.6976744186046512,0.5950628519058228,0.0,0.07185974,-0.03697656,-0.19249529
0.7735495226723808,0.7886462211608887,0.3333333333333333,0.42424242424242425,0.038092173062838075,0.009664079417353144,0.0,0.0,0.30027547985828174,0.30028461999692607,0.617350855475402,0.383823314036233,0.04203105079276222,0.04203105079276222,0.9124862812459469,0.0,0.0,0.0,0.3529220879077911,0.44145334511995316,0.44773656874895096,0.5132009387016296,0.5132009387016296,0.0,0.5,0.0,0.6976744186046512,0.5997781157493591,0.0,0.07225924,-0.0335178,-0.18491909
0.7708976304247266,0.7861711217297448,0.3333333333333333,0.42424242424242425,0.04304237192512583,0.014614278279640902,0.0,0.0,0.295809576205952,0.2958187847246859,0.633466253317109,0.3681137634230339,0.042519323261720796,0.042519323261720796,0.9128180779516697,0.0,0.0,0.0,0.3510474517941475,0.4411257654428482,0.44644373282790184,0.5104051232337952,0.5104051232337952,0.0,0.5,0.0,0.6976744186046512,0.594977855682373,0.0,0.07879913,-0.02806885,-0.18077095
0.7764194153604054,0.7913247876697116,0.3333333333333333,0.42424242424242425,0.03273504004519212,0.00430694639970719,0.0,0.0,0.27786317610148037,0.27787243020694063,0.5722624432744305,0.4276248072524321,0.04290646208184106,0.04290646208184106,0.9108725339174271,0.0,0.0,0.0,0.36933259367942806,0.43733442574739456,0.4424118883907795,0.5361241102218628,0.5361241102218628,0.0,0.5,0.0,0.6976744186046512,0.5758010745048523,0.0,0.07418548,-0.02474692,-0.15788908
0.7927170814502806,0.8065359426869286,0.3333333333333333,0.42424242424242425,0.002312730010758157,-0.026115363634726774,0.028774702921509743,0.027423420920968056,0.2662815719444027,0.26629082604986304,0.48486037891407996,0.5136079918763328,0.041495694645813534,0.041495694645813534,0.9089998193085194,0.0,0.0,0.0,0.37177215218544,0.43532396107912064,0.4405300207436085,0.5385768413543701,0.5385768413543701,0.0,0.5,0.0,0.6976744186046512,0.5769016146659851,0.0,0.08233634,-0.01632559,-0.1023028
0.7938477780137743,0.8075912594795227,0.3333333333333333,0.42424242424242425,0.00020209642557000862,-0.028225997219914922,0.011874211952090263,0.011898732744157314,0.26401782628455084,0.2640270120099215,0.470077579381589,0.5287760662024559,0.04049203358590603,0.04049203358590603,0.9066501036286354,0.0,0.0,0.0,0.3636915683746338,0.43391192704439163,0.4397255778312683,0.5249652862548828,0.5249652862548828,0.0,0.5,0.0,0.6976744186046512,0.5777080655097961,0.0,0.08905896,0.0053844,-0.03856795
0.7957456005471093,0.8093625605106354,0.3333333333333333,0.42424242424242425,-0.003340505636655333,-0.031768599282140264,0.0,0.0,0.26146264468278757,0.26147185320152155,0.45921386929360675,0.5397965590146435,0.03990349891994681,0.03990349891994681,0.9051677472889423,0.0,0.0,0.0,0.36337194740772244,0.4280349984765053,0.4376012533903122,0.5242990851402283,0.5242990851402283,0.0,0.5,0.0,0.6976744186046512,0.57265305519104,0.0,0.09326392,0.03041559,-0.00530393
0.8030867817856017,0.8162143296665616,0.3333333333333333,0.42424242424242425,-0.01704404394850767,-0.0454721375939926,0.0,0.0,0.24798255851118328,0.24799169864982767,0.4437799018382114,0.5554852805450394,0.03929227191422667,0.03929227191422667,0.8974533826112747,0.0,0.0,0.0,0.36355202496051786,0.4238912761211395,0.4331049844622612,0.5228559970855713,0.5228559970855713,0.0,0.5,0.0,0.6976744186046512,0.5718253254890442,0.0,0.09609806,0.05502643,0.01745313
0.7977418949206669,0.8112257685926225,0.3333333333333333,0.42424242424242425,-0.007066921800629622,-0.03549501544611455,0.0,0.0,0.24413321533349003,0.2441423326787711,0.43810405808698605,0.561238911856834,0.038166620901652744,0.038166620901652744,0.8898246921598911,0.0,0.0,0.0,0.35399122536182404,0.4230870380997658,0.43231363594532013,0.5050881505012512,0.5050881505012512,0.0,0.5,0.0,0.6976744186046512,0.5698033571243286,0.0,0.12171311,0.07329603,0.05237603
0.7958302888132277,0.8094416028923459,0.3333333333333333,0.42424242424242425,-0.0034985904000762735,-0.031926684045561204,0.0,0.0,0.2452551958437859,0.2452642903957039,0.4189389709304897,0.5807353553940138,0.03872292914560863,0.03872292914560863,0.8845905549824238,0.0,0.0,0.0,0.35743956863880155,0.4129513055086136,0.4260744974017143,0.5096825957298279,0.5096825957298279,0.0,0.5,0.0,0.6976744186046512,0.5688703656196594,0.0,0.14684344,0.07201383,0.06820268
0.7928393419299807,0.806650052467982,0.3333333333333333,0.42424242424242425,0.002084510448651433,-0.026343583196833498,0.016692006960511208,0.01623617485165596,0.2542534458021817,0.254262585940826,0.3884171418432524,0.6115708040638995,0.03926553763449192,0.03926553763449192,0.8837490230798721,0.0,0.0,0.0,0.36567941009998317,0.40886373072862625,0.4235818386077881,0.5203085541725159,0.5203085541725159,0.0,0.5,0.0,0.6976744186046512,0.5678173303604126,0.0,0.16889242,0.06899872,0.08483221
0.7900222951457614,0.8040208088027107,0.3333333333333333,0.42424242424242425,0.007342997779194116,-0.021085095866290815,0.014813674613833427,0.014650898054242134,0.2554490488756227,0.2554582118076303,0.3710123690318879,0.6291921138256908,0.04012899207217353,0.04012899207217353,0.8850579410791397,0.0,0.0,0.0,0.3649952322244644,0.4097462221980095,0.4245285615324974,0.5194258689880371,0.5194258689880371,0.0,0.5,0.0,0.6976744186046512,0.5690010190010071,0.0,0.20885343,0.07836279,0.09839685
0.7870277116696041,0.8012258642249637,0.3333333333333333,0.42424242424242425,0.01293288693468797,-0.01549520671079696,0.018684152513742447,0.01863103359937668,0.2556219821222425,0.25562909365156183,0.3642184880222007,0.6361257124534706,0.04085377790033817,0.04085377790033817,0.8855317495763302,0.0,0.0,0.0,0.36421025097370147,0.41029486805200577,0.4253118485212326,0.518238365650177,0.518238365650177,0.0,0.5,0.0,0.6976744186046512,0.5688574910163879,0.0,0.23054171,0.10619576,0.12333
0.7805160284042358,0.7951482931772869,0.3333333333333333,0.42424242424242425,0.025088029030041814,-0.003340064615443117,0.015678897500038147,0.015615405514836311,0.25294412663972177,0.2529511469955882,0.36282555140683115,0.6375938158823422,0.04172406159341335,0.04172406159341335,0.8844775184988976,0.0,0.0,0.0,0.36377374231815335,0.40879280120134354,0.4244021102786064,0.5168507099151611,0.5168507099151611,0.0,0.5,0.0,0.6976744186046512,0.5619562864303589,0.0,0.25551281,0.13958178,0.14113568
0.7710482740686053,0.7863117224640317,0.3333333333333333,0.42424242424242425,0.042761170456552144,0.014333076811067214,0.03292682021856308,0.03268229588866234,0.2557591981687236,0.2557662869046797,0.36899674052718034,0.6311422626962575,0.041748873357261934,0.041748873357261934,0.8841584660112858,0.0,0.0,0.0,0.35736905634403227,0.4082080200314522,0.42390724271535873,0.5080006122589111,0.5080006122589111,0.0,0.5,0.0,0.6976744186046512,0.5603735446929932,0.0,0.26477916,0.14774767,0.1431455
0.781602660105342,0.7961624827649858,0.3333333333333333,0.42424242424242425,0.023059649854643816,-0.005368443790841115,0.0,0.0,0.2586558243512651,0.2586629358805844,0.36358177821449295,0.636656239378698,0.04086651573223728,0.04086651573223728,0.8880015462636948,0.0,0.0,0.0,0.35847130119800563,0.40919769555330276,0.4246228486299515,0.5084809064865112,0.5084809064865112,0.0,0.5,0.0,0.6976744186046512,0.5628344416618347,0.0,0.27921495,0.14451514,0.13958439
0.7853149651061921,0.7996273007657793,0.3333333333333333,0.42424242424242425,0.0161300138530569,-0.01229807979242803,0.0,0.0,0.26122575325902064,0.2612328875817031,0.3557190594208172,0.6447042967069168,0.04029730600970132,0.04029730600970132,0.891937617212534,0.0,0.0,0.0,0.35870728790760037,0.41224420070648193,0.4266814962029457,0.5084097981452942,0.5084097981452942,0.0,0.5,0.0,0.6976744186046512,0.5707272291183472,0.0,0.28980306,0.13688402,0.12594888
0.7760617342733201,0.7909909519884322,0.3333333333333333,0.42424242424242425,0.033402711407751196,0.004974617762266265,0.0,0.0,0.2587606054419085,0.2587676941778646,0.3457389967391413,0.6547473146577588,0.040310993790626526,0.040310993790626526,0.8934510946273804,0.0,0.0,0.0,0.35731414854526516,0.41246700286865234,0.42708058655261993,0.5062254071235657,0.5062254071235657,0.0,0.5,0.0,0.6976744186046512,0.5679727792739868,0.0,0.29365242,0.12549824,0.1089359
0.7767711537224906,0.791653076807658,0.3333333333333333,0.42424242424242425,0.03207846176929963,0.0036503681238146957,0.0,0.0,0.256380248935911,0.25638740605195665,0.3265744623217026,0.6744988351610782,0.040493167138525424,0.040493167138525424,0.8944081775844097,0.0,0.0,0.0,0.35717308223247524,0.41315487772226334,0.4280195012688637,0.5057216882705688,0.5057216882705688,0.0,0.5,0.0,0.6976744186046512,0.5667412281036377,0.0,0.29626561,0.11103761,0.09146023
0.7820694212402617,0.7965981264909108,0.3333333333333333,0.42424242424242425,0.02218836240279376,-0.006239731242691171,0.0,0.0,0.25766809675023383,0.25767516269282675,0.3249397565028408,0.6761812930758501,0.0410699232348374,0.0410699232348374,0.8950204774737358,0.0,0.0,0.0,0.35417812466621396,0.41485487669706345,0.4294637218117714,0.5007916688919067,0.5007916688919067,0.0,0.5,0.0,0.6976744186046512,0.5700485110282898,0.0,0.29638118,0.09171168,0.06944779
0.7851985763935816,0.7995186713006761,0.3333333333333333,0.42424242424242425,0.0163472727832632,-0.01208082086222173,0.0,0.0,0.2636302479366499,0.263637336672606,0.3372258123430649,0.6634866548035336,0.04116390831768513,0.04116390831768513,0.8976287357509136,0.0,0.0,0.0,0.35419226884841915,0.41856396198272705,0.43207427114248276,0.500761866569519,0.500761866569519,0.0,0.5,0.0,0.6976744186046512,0.5782359838485718,0.0,0.31390697,0.06354097,0.04513442
0.7910689065853755,0.8049976461463504,0.3333333333333333,0.42424242424242425,0.005389323091914533,-0.023038770553570398,0.0,0.0,0.2671782856461651,0.267185465555574,0.3606186068080807,0.6395858589544756,0.040972556120582995,0.040972556120582995,0.900300107896328,0.0,0.0,0.0,0.3626291900873184,0.4183352664113045,0.43200284242630005,0.5120952725410461,0.5120952725410461,0.0,0.5,0.0,0.6976744186046512,0.5737701058387756,0.0,0.3440221,0.02878621,0.01593114
0.780290187114761,0.7949375079737769,0.3333333333333333,0.42424242424242425,0.025509599437061548,-0.0029184942084233834,0.0,0.0,0.26586716580801206,0.2658743001306946,0.3761966511122811,0.623582707029861,0.04066748145435538,0.04066748145435538,0.9008555598556995,0.0,0.0,0.0,0.3608964443206787,0.4169202297925949,0.43083013594150543,0.5113688111305237,0.5113688111305237,0.0,0.5,0.0,0.6976744186046512,0.5626039505004883,0.0,0.35205928,0.01161477,-0.00325195
0.7610987421302569,0.7770254926549064,0.3333333333333333,0.42424242424242425,0.061333630074802636,0.032905536429317706,0.22749844193458557,0.22652512788772583,0.2655439331244328,0.2655511358272049,0.3880454732628671,0.61147466165791,0.04066296187894685,0.04066296187894685,0.9016183763742447,0.0,0.0,0.0,0.3596816927194595,0.41735851019620895,0.4309811219573021,0.510371208190918,0.510371208190918,0.0,0.5,0.0,0.6976744186046512,0.5563153028488159,0.0,0.34276388,-0.00696896,-0.02064757
0.747633644867511,0.7644580685430102,0.3333333333333333,0.42424242424242425,0.08646847829859483,0.0580403846531099,0.20811954140663147,0.20715853571891785,0.2664225488958122,0.26642966042513144,0.4093111853754543,0.5900485896876797,0.04350331878023488,0.04350331878023488,0.9029794074594975,0.0,0.0,0.0,0.35890810191631317,0.41646183282136917,0.4302016645669937,0.5109349489212036,0.5109349489212036,0.0,0.5,0.0,0.6976744186046512,0.5454087257385254,0.0,0.32594035,-0.02311234,-0.0312325
0.7700629347846621,0.7853920724656847,0.3333333333333333,0.42424242424242425,0.04460047045324611,0.01617237680776118,0.04029746726155281,0.039928410202264786,0.2979048561183718,0.2979122183746863,0.4293416681526724,0.5693638191459689,0.044907753222755024,0.044907753222755024,0.9109608568251133,0.0,0.0,0.0,0.35716273486614225,0.434330016374588,0.44159867614507675,0.5097112655639648,0.5097112655639648,0.0,0.5,0.0,0.6976744186046512,0.5378525853157043,0.0,0.30509192,-0.03322507,-0.04237407
0.7788247111297789,0.7935697303877937,0.3333333333333333,0.42424242424242425,0.0282451546090281,-0.00018293903645683063,0.025697512552142143,0.02491414174437523,0.3097946721326781,0.30980213695912695,0.4361736881573387,0.5619339911939487,0.04536587744951248,0.04536587744951248,0.9234223775565624,0.0,0.0,0.0,0.38756540417671204,0.43876079469919205,0.44535043463110924,0.5564364194869995,0.5564364194869995,0.0,0.5,0.0,0.6976744186046512,0.5348957180976868,0.0,0.3029222,-0.03714297,-0.04640239
0.782504765760331,0.7970044480429755,0.3333333333333333,0.42424242424242425,0.02137571929866433,-0.0070523743468206,0.3843495845794678,0.38271185755729675,0.25668032356247616,0.2566873895050691,0.44615178491143836,0.5532499504184012,0.05971326093588557,0.05971326093588557,0.9257445596158504,0.0,0.0,0.0,0.384135690331459,0.4354616329073906,0.445340096950531,0.556079089641571,0.556079089641571,0.0,0.5,0.0,0.6976744186046512,0.530146598815918,0.0,0.29056639,-0.03921438,-0.05074252
0.7702799772932416,0.7855946454736922,0.3333333333333333,0.42424242424242425,0.044195324437231176,0.015767230791746245,0.13767722249031067,0.13721516728401184,0.3169159114246842,0.3169234332345412,0.4392095191073007,0.5586748632806386,0.05977300128766469,0.05977300128766469,0.928831685334444,0.0,0.0,0.0,0.40519979894161223,0.437943447381258,0.4461877830326557,0.585145115852356,0.585145115852356,0.0,0.5,0.0,0.6976744186046512,0.5273462533950806,0.0,0.26088325,-0.04593433,-0.04597637
0.741064388127554,0.7583267622523837,0.3333333333333333,0.42424242424242425,0.09873109087984788,0.07030299723436295,0.026448477059602737,0.026214247569441795,0.325988558920574,0.32599617190388375,0.4342122907620315,0.5635663948831271,0.05496385108147349,0.05496385108147349,0.9320248290896416,0.0,0.0,0.0,0.4083720803260803,0.4413691684603691,0.4482768774032593,0.5884526968002319,0.5884526968002319,0.0,0.5,0.0,0.6976744186046512,0.5246362686157227,0.0,0.23156712,-0.05222374,-0.03900742
0.7653196468239738,0.7809650037023756,0.3333333333333333,0.42424242424242425,0.05345460797986423,0.0250265143343793,0.0,0.0,0.3238246823815953,0.323832238381497,0.4348256658641604,0.5629578733427753,0.05201411300471851,0.05201411300471851,0.9335547853261232,0.0,0.0,0.0,0.4054210990667343,0.4425472803413868,0.4492727555334568,0.5824957489967346,0.5824957489967346,0.0,0.5,0.0,0.6976744186046512,0.5258422493934631,0.0,0.18966032,-0.05736049,-0.03404382
0.7514442265743302,0.7680146114693748,0.3333333333333333,0.42424242424242425,0.07935539244586587,0.05092729880038094,0.0,0.0,0.329316321568097,0.32932392315472514,0.43172636109601925,0.5660129020028948,0.04944906436971256,0.04944906436971256,0.9351958464831114,0.0,0.0,0.0,0.40319956541061397,0.4436894841492176,0.4501832500100136,0.5781221985816956,0.5781221985816956,0.0,0.5,0.0,0.6976744186046512,0.5233526825904846,0.0,0.16910834,-0.05398662,-0.02984413
0.7579871845387277,0.7741213722361459,0.3333333333333333,0.42424242424242425,0.06714187091232371,0.03871377726683878,0.0,0.0,0.33630132492823994,0.3363115705449996,0.42998434412319847,0.5676323668969926,0.04862943930285318,0.04862943930285318,0.9366333037614822,0.0,0.0,0.0,0.40669288635253903,0.4449024870991707,0.4512864537537098,0.5826647281646729,0.5826647281646729,0.0,0.5,0.0,0.6976744186046512,0.5176738500595093,0.0,0.13440878,-0.02924497,-0.0180832
0.7785691384758269,0.7933311959107716,0.3333333333333333,0.42424242424242425,0.02872222356307208,0.00029412991758714924,0.0,0.0,0.3332626960929448,0.33327298729643084,0.451183140619763,0.5461635274544678,0.04812074292983328,0.04812074292983328,0.9382830820977688,0.0,0.0,0.0,0.41547750830650326,0.44509031623601913,0.4512920491397381,0.5965815782546997,0.5965815782546997,0.0,0.5,0.0,0.6976744186046512,0.5143367648124695,0.0,0.10362402,-0.01785862,-0.01357242
0.7447339055084047,0.7617516451411777,0.3333333333333333,0.42424242424242425,0.09188132510225999,0.06345323145677506,0.0,0.0,0.33867649594410887,0.33868671876750533,0.5551833192431448,0.4430980248792627,0.04640880706054824,0.04640880706054824,0.9397488441318274,0.0,0.0,0.0,0.44333768784999844,0.4434780776500702,0.4470421150326729,0.6425373554229736,0.6425373554229736,0.0,0.5,0.0,0.6976744186046512,0.5010443329811096,0.023785303346812725,0.07473541,-0.00607729,-0.00557856
0.7474306520252001,0.7642686085568534,0.3333333333333333,0.42424242424242425,0.0868473982709086,0.05841930462542366,0.0,0.0,0.3336545937831725,0.3336648621932954,0.5705195373604448,0.4277920649516145,0.04676568454929761,0.04676568454929761,0.9383675437420607,0.0,0.0,0.0,0.44169024527072903,0.44342945516109467,0.4465393200516701,0.6409857869148254,0.6409857869148254,0.0,0.5,0.0,0.6976744186046512,0.5060204267501831,0.054513923823833466,0.04825216,0.02024946,-0.00088328
0.7450198747572445,0.7620185497734282,0.3333333333333333,0.42424242424242425,0.09134751583775913,0.0629194221922742,0.0,0.0,0.33167952606828444,0.3316897602883625,0.5663891178244158,0.43184046257015807,0.04685021404709135,0.04685021404709135,0.937158377841115,0.0,0.0,0.0,0.4374239593744278,0.4416937939822674,0.44413910806179047,0.6346353888511658,0.6346353888511658,0.0,0.5,0.0,0.6976744186046512,0.5050185322761536,0.06109267473220825,0.02201386,0.04508816,-0.01112422
0.729489813603106,0.7475238260295656,0.3333333333333333,0.42424242424242425,0.12033696332548421,0.09190886967999928,0.0,0.0,0.3288033227391726,0.3288135683559323,0.5647996796248748,0.4334217407456725,0.047524829528161464,0.047524829528161464,0.9360982105135918,0.0,0.0,0.0,0.4272704809904098,0.43840642273426056,0.4407673664391041,0.6209519505500793,0.6209519505500793,0.0,0.5,0.0,0.6976744186046512,0.5031923055648804,0.062223463319242,0.00777408,0.05127965,-0.01399828
0.716545334529309,0.7354423122273551,0.3333333333333333,0.42424242424242425,0.14449999092990523,0.1160718972844203,0.3394600749015808,0.3394111096858978,0.26624605988453265,0.2662558382373467,0.559561400067054,0.44036586420891116,0.07440104016235898,0.07440104016235898,0.9265101440250874,0.0,0.0,0.0,0.3990330398082733,0.42283859848976135,0.42626988887786865,0.5761629343032837,0.5761629343032837,0.0,0.5,0.0,0.6976744186046512,0.5022174715995789,0.07054392714053392,-0.01389272,0.05670375,-0.01816973
0.6976613590405101,0.7178172684378095,0.3333333333333333,0.42424242424242425,0.1797500785089966,0.15132198486351167,0.10462839901447296,0.10431472957134247,0.33045916940240516,0.3304694264158464,0.569935411841646,0.42828238438415206,0.06329087540507317,0.06329087540507317,0.9284734949469566,0.0,0.0,0.0,0.42393197417259215,0.43249551206827164,0.4346652254462242,0.611876368522644,0.611876368522644,0.0,0.5,0.0,0.6976744186046512,0.5060432553291321,0.07852086797356606,-0.03240726,0.06648337,-0.0147763
0.6958622921790396,0.7161381393671036,0.3333333333333333,0.42424242424242425,0.18310833665040827,0.15468024300492333,0.04515765979886055,0.044854000210762024,0.33185877307651146,0.3318690072965895,0.5627343387950219,0.43536498892552944,0.05769229360989162,0.05769229360989162,0.9301704838871956,0.0,0.0,0.0,0.4278600513935089,0.43477727472782135,0.43667126446962357,0.6201572418212891,0.6201572418212891,0.0,0.5,0.0,0.6976744186046512,0.5076925158500671,0.07535126991569996,-0.04306577,0.06889154,-0.00995305
0.6849476617007029,0.705951150920656,0.3333333333333333,0.42424242424242425,0.20348231354330343,0.1750542198978185,0.9418238997459412,0.9415697455406189,0.28703192041663317,0.2870416303893576,0.5374022992345616,0.46311226738519873,0.08741702884435654,0.08741702884435654,0.9276514761149883,0.0,0.0,0.0,0.40956104695796963,0.39881498366594315,0.40538471192121506,0.5948501825332642,0.5948501825332642,0.0,0.5,0.0,0.6976744186046512,0.4774665832519531,0.06556451320648193,-0.04994107,0.07181291,-0.00356728
0.6602045141515278,0.6828575465414259,0.3333333333333333,0.42424242424242425,0.2496695223017636,0.22124142865627866,0.2746346592903137,0.27423620223999023,0.30488557432623253,0.30489553502595224,0.5500847117166903,0.4494241518859831,0.08595775014587811,0.08595775014587811,0.9303270094096661,0.0,0.0,0.0,0.3895868748426437,0.42669736593961716,0.4351814389228821,0.5726683735847473,0.5726683735847473,0.0,0.5,0.0,0.6976744186046512,0.4804360866546631,0.02600668929517269,-0.05629017,0.07250609,-0.0005403
0.6480343100570497,0.6714986893865798,0.3333333333333333,0.42424242424242425,0.272387236611456,0.24395914296597104,0.0420396588742733,0.04191797971725464,0.3739941968060816,0.37400441962947806,0.5206988326222217,0.4773241515774521,0.06342297952089991,0.06342297952089991,0.9385776035487652,0.0,0.0,0.0,0.4151583671569824,0.4428175576031208,0.44828062504529953,0.5977444052696228,0.5977444052696228,0.0,0.5,0.0,0.6976744186046512,0.4902766942977905,0.015464568277820945,-0.05950866,0.07552191,-0.004414
0.6459291485093889,0.6695338719420962,0.3333333333333333,0.42424242424242425,0.27631687150042283,0.2478887778549379,0.0,0.0,0.3885575489605818,0.3885678059740231,0.47579753683812304,0.5219152952192796,0.05891800725034305,0.05891800725034305,0.9432310461997986,0.0,0.0,0.0,0.41707707345485684,0.44641271606087685,0.4519629701972008,0.5994457602500916,0.5994457602500916,0.0,0.5,0.0,0.6976744186046512,0.5092584490776062,0.0,-0.06477867,0.07946151,-0.00635151
0.6634617394634655,0.6858976234992346,0.3333333333333333,0.42424242424242425,0.24358936838614637,0.21516127474066143,0.0,0.0,0.3913352165805678,0.39134542800728267,0.4728646806047706,0.5250172098275074,0.05703523488981384,0.05703523488981384,0.9463302027434111,0.0,0.0,0.0,0.41742047667503357,0.44800399243831635,0.45388447865843773,0.5998076796531677,0.5998076796531677,0.0,0.5,0.0,0.6976744186046512,0.5228169560432434,0.0,-0.07826062,0.0725619,-0.01601603
0.6692331454583577,0.6912842690944672,0.3333333333333333,0.42424242424242425,0.2328160771956811,0.20438798355019616,0.0,0.0,0.38989590686776215,0.3899061068977954,0.46484102642103087,0.5330386459320904,0.05628919495003564,0.05628919495003564,0.9476222936064005,0.0,0.0,0.0,0.4116917699575424,0.4491606689989567,0.4553813263773918,0.590445339679718,0.590445339679718,0.0,0.5,0.0,0.6976744186046512,0.529037356376648,0.0,-0.07900404,0.06177895,-0.01970587
0.675039445005712,0.6967034820053313,0.3333333333333333,0.42424242424242425,0.22197765137395292,0.193549557728468,0.0,0.0,0.3780343546238274,0.37804349476247173,0.7822280158048378,0.22934879394557184,0.056805522846324105,0.056805522846324105,0.9477563258260489,0.0,0.0,0.0,0.3977237641811371,0.44874273240566254,0.4559255912899971,0.5758582353591919,0.5758582353591919,0.0,0.5,0.0,0.6976744186046512,0.5124889016151428,0.0,-0.06735461,0.04224817,-0.0273372
0.6878523503740629,0.7086621936824586,0.3333333333333333,0.42424242424242425,0.19806022801969808,0.16963213437421315,0.0,0.0,0.3833766175045794,0.3833855980896813,0.7989600538979524,0.21419989168707265,0.05783845005290849,0.05783845005290849,0.9473495651036501,0.0,0.0,0.0,0.3881705373525619,0.4480399936437607,0.4565350115299225,0.5614482760429382,0.5614482760429382,0.0,0.5,0.0,0.6976744186046512,0.5096227526664734,0.0,-0.05080616,0.02304097,-0.02914954
0.6909821618880544,0.7115833510955174,0.3333333333333333,0.42424242424242425,0.1922179131935805,0.16378981954809557,0.0,0.0,0.3827771292589819,0.3827861440341286,0.7948494531912285,0.2181477249871654,0.05723003564136369,0.05723003564136369,0.9475821033120155,0.0,0.0,0.0,0.37828085422515867,0.44949615746736526,0.4582155905663967,0.5471665859222412,0.5471665859222412,0.0,0.5,0.0,0.6976744186046512,0.5089303851127625,0.0,-0.05016758,0.00638917,-0.03410527
0.6925308803717296,0.7130288216802809,0.3333333333333333,0.42424242424242425,0.18932697202405363,0.1608988783785687,0.0,0.0,0.37861639454989315,0.3786254777051295,0.7825258110950828,0.2294347249248465,0.05696330219507218,0.05696330219507218,0.9476393051445484,0.0,0.0,0.0,0.3738764226436615,0.4508586823940277,0.45955145731568336,0.5414139628410339,0.5414139628410339,0.0,0.5,0.0,0.6976744186046512,0.5089760422706604,0.0,-0.03949159,-0.0151667,-0.03303296
0.6739150016080766,0.6956540015008714,0.3333333333333333,0.42424242424242425,0.22407661238287252,0.1956485187373876,0.5584610104560852,0.5584056377410889,0.2801991083425956,0.2802086131750512,0.5731600858057434,0.4293115959062125,0.06645508908799717,0.06645508908799717,0.9472555480897427,0.0,0.0,0.0,0.3133847281336784,0.4494730308651924,0.4595254436135292,0.4557206630706787,0.4557206630706787,0.0,0.5,0.0,0.6976744186046512,0.5051409006118774,0.0,-0.02539936,-0.03394809,-0.0291041
0.6718353937779153,0.693713034192721,0.3333333333333333,0.42424242424242425,0.22795854699917334,0.1995304533536884,0.12020862102508545,0.12014846503734589,0.37294383304296896,0.3729532239086085,0.7412196555055578,0.2674760731360146,0.07006263892565455,0.07006263892565455,0.9470783397555351,0.0,0.0,0.0,0.3445936158299446,0.448362123221159,0.459072470664978,0.4999811351299286,0.4999811351299286,0.0,0.5,0.0,0.6976744186046512,0.5039795637130737,0.0,0.00194698,-0.03757178,-0.01998353
0.6749734186700412,0.6966418574253718,0.3333333333333333,0.42424242424242425,0.22210090053387183,0.1936728068883869,0.0,0.0,0.38352556073642824,0.38353475785848057,0.7721250627054539,0.23880070021179345,0.0675069248037679,0.0675069248037679,0.946573568508029,0.0,0.0,0.0,0.3580973356962204,0.44798119366168976,0.45821118354797363,0.5176230072975159,0.5176230072975159,0.0,0.5,0.0,0.6976744186046512,0.50483238697052,0.0,0.0362808,-0.05581724,-0.02233275
0.6770653731766201,0.6985943482981788,0.3333333333333333,0.42424242424242425,0.2181959187882579,0.18976782514277296,0.0,0.0,0.3816812357528716,0.3816904214782423,0.7684581348134729,0.24225995777163356,0.06521577281611307,0.06521577281611307,0.9462021142244339,0.0,0.0,0.0,0.3640067249536514,0.4469480663537979,0.457067146897316,0.5265294313430786,0.5265294313430786,0.0,0.5,0.0,0.6976744186046512,0.5077994465827942,0.0,0.06062493,-0.06854723,-0.02514267
0.6350885448711259,0.6594159752130508,0.3333333333333333,0.42424242424242425,0.29655266495851373,0.2681245713130288,0.9539438486099243,0.9530786871910095,0.30931871251895826,0.30932841109500103,0.39215843308268267,0.6086902813924607,0.07675070315599442,0.07675070315599442,0.9418473038822412,0.0,0.0,0.0,0.3269313707947731,0.42180682718753815,0.43835390731692314,0.46954500675201416,0.46954500675201416,0.0,0.5,0.0,0.6976744186046512,0.4917628765106201,0.0,0.10030822,-0.07619764,-0.02906295
0.6056714485443774,0.6319600186414189,0.3333333333333333,0.42424242424242425,0.35146457810177767,0.32303648445629274,0.287180095911026,0.286323606967926,0.3058037365827688,0.30581378845594126,0.3686465546916138,0.6306368768506428,0.08051138637321337,0.08051138637321337,0.9356295727193356,0.0,0.0,0.0,0.3877550572156906,0.43654686212539673,0.4443972706794739,0.5481792092323303,0.5481792092323303,0.0,0.5,0.0,0.6976744186046512,0.5329586267471313,0.0,0.13921509,-0.07773627,-0.03609274
0.6172808412285078,0.6427954518132739,0.3333333333333333,0.42424242424242425,0.3297937117580675,0.30136561811258256,0.10037941485643387,0.1001959964632988,0.3499714507655477,0.34998183314248665,0.40476867892774065,0.5925449416190165,0.06516917209540095,0.06516917209540095,0.9367950148880482,0.0,0.0,0.0,0.39185991585254665,0.44508617371320724,0.4509575255215168,0.5579853653907776,0.5579853653907776,0.0,0.5,0.0,0.6976744186046512,0.5273358821868896,0.0,0.1564625,-0.07554893,-0.04445401
0.621071040275551,0.6463329709238477,0.3333333333333333,0.42424242424242425,0.3227186735369202,0.29429057989143526,0.031500302255153656,0.0314105786383152,0.3504369710189207,0.35044731920581473,0.437791800407789,0.5591480677465813,0.054750211004699983,0.054750211004699983,0.9388766475021839,0.0,0.0,0.0,0.3971091389656067,0.44527723267674446,0.45018192008137703,0.5690851211547852,0.5690851211547852,0.0,0.5,0.0,0.6976744186046512,0.5220755934715271,0.0,0.16915942,-0.07465906,-0.04809843
0.6051038163048881,0.6314302285512289,0.3333333333333333,0.42424242424242425,0.3525241582821577,0.3240960646366728,0.021487701684236526,0.021380016580224037,0.34902488797846076,0.3490352475620364,0.4585228258063643,0.5382211615268354,0.050168367368834364,0.050168367368834364,0.9393061231821775,0.0,0.0,0.0,0.3972557336091995,0.44338808953762054,0.44733044132590294,0.5703076124191284,0.5703076124191284,0.0,0.5,0.0,0.6976744186046512,0.5221459865570068,0.0,0.18581236,-0.07815563,-0.04991146
0.5999388432218915,0.6266095870070987,0.3333333333333333,0.42424242424242425,0.36216544137041795,0.333737347724933,0.027990568429231644,0.02785833552479744,0.3365388203761318,0.33654911157961787,0.4926351979517344,0.5044237110349867,0.04677934971238886,0.04677934971238886,0.9384433254599571,0.0,0.0,0.0,0.3972995012998581,0.44146955013275146,0.44374217465519905,0.569492757320404,0.569492757320404,0.0,0.5,0.0,0.6976744186046512,0.5183327198028564,0.0003193656448274851,0.20675326,-0.08071238,-0.05187802
0.6077653898724488,0.6339143638809522,0.3333333333333333,0.42424242424242425,0.347555887622711,0.31912779397722607,0.044116150587797165,0.04374765604734421,0.3157200918142928,0.3157302804476444,0.5084096519543609,0.48915592429236243,0.04481966208134379,0.04481966208134379,0.9290334209799767,0.0,0.0,0.0,0.38589904010295867,0.4331538751721382,0.4361240640282631,0.5538783073425293,0.5538783073425293,0.0,0.5,0.0,0.6976744186046512,0.517271876335144,0.013455897569656372,0.22718666,-0.08235407,-0.05359285
0.6145157001557804,0.6402146534787284,0.3333333333333333,0.42424242424242425,0.33495530842715865,0.3065272147816737,0.04564373567700386,0.0452316515147686,0.29276766512635566,0.2927778081729808,0.5204387204596919,0.477676046915259,0.043231239542365074,0.043231239542365074,0.9214633405208588,0.0,0.0,0.0,0.37703040838241575,0.4301106408238411,0.4327641949057579,0.539860188961029,0.539860188961029,0.0,0.5,0.0,0.6976744186046512,0.5189546942710876,0.017949624452739954,0.2400395,-0.08033545,-0.05492928
0.6232683672791436,0.648383809460534,0.3333333333333333,0.42424242424242425,0.31861699646354746,0.29018890281806253,0.08181329071521759,0.08114836364984512,0.2864528550244654,0.2864628385175483,0.5331133490082867,0.46528576842178987,0.04111934187156814,0.04111934187156814,0.9150116294622421,0.0,0.0,0.0,0.3500508606433868,0.42823676019907,0.4302655830979347,0.5003770589828491,0.5003770589828491,0.0,0.5,0.0,0.6976744186046512,0.5262703895568848,0.018139327876269817,0.24926898,-0.07854222,-0.04803924
0.6146725171378681,0.6403610159953436,0.3333333333333333,0.42424242424242425,0.33466258339392835,0.3062344897484434,0.12327616661787033,0.12237938493490219,0.2709064820984354,0.27091646559151816,0.5456166142031522,0.45315426298076245,0.0417296974254506,0.0417296974254506,0.8967554643750191,0.0,0.0,0.0,0.3280810445547104,0.42742564529180527,0.4286140576004982,0.46982890367507935,0.46982890367507935,0.0,0.5,0.0,0.6976744186046512,0.5349023342132568,0.022563636302947998,0.25299156,-0.07211126,-0.04122377
0.6289849848974318,0.6537193192376031,0.3333333333333333,0.42424242424242425,0.3079459769094093,0.27951788326392435,0.14119233191013336,0.1402229368686676,0.2626413350807321,0.262651204606999,0.5489216119791764,0.45021329231010976,0.04179713848446097,0.04179713848446097,0.8859832659363747,0.0,0.0,0.0,0.32490846067667006,0.4248669818043709,0.42458465695381165,0.46249911189079285,0.46249911189079285,0.0,0.5,0.0,0.6976744186046512,0.5642470717430115,0.038744702469557524,0.2504178,-0.06388082,-0.03650651
0.638606496155262,0.6626993964115778,0.3333333333333333,0.42424242424242425,0.2899858225614597,0.2615577289159748,0.1246427670121193,0.12379713356494904,0.258329241043295,0.2583391105695618,0.5475820859121319,0.4517324357775333,0.041238527212824144,0.041238527212824144,0.8787984810769558,0.0,0.0,0.0,0.33306487649679184,0.4221654683351517,0.4224511608481407,0.4718869626522064,0.4718869626522064,0.0,0.5,0.0,0.6976744186046512,0.5670037865638733,0.04554888233542442,0.25233847,-0.05992174,-0.03307761
0.6343594966899782,0.6587355302439796,0.3333333333333333,0.42424242424242425,0.29791355489665633,0.2694854612511714,0.1343400478363037,0.13327273726463318,0.2542178425688588,0.2542277120951257,0.5322146323397329,0.4669929115489103,0.04094525107315609,0.04094525107315609,0.8727252632379532,0.0,0.0,0.0,0.3287065699696541,0.419697642326355,0.42013517022132874,0.46576234698295593,0.46576234698295593,0.0,0.5,0.0,0.6976744186046512,0.5552416443824768,0.05034858360886574,0.25174642,-0.05609949,-0.03037865
0.6305719230856215,0.65520046154658,0.3333333333333333,0.42424242424242425,0.30498369229145544,0.2765555986459705,0.12244442105293274,0.12150263041257858,0.2550935635831114,0.2551034331093782,0.5165965700126742,0.4825852700852021,0.040848199278116226,0.040848199278116226,0.8646180778741837,0.0,0.0,0.0,0.32695488184690474,0.4078735262155533,0.41102321445941925,0.46343207359313965,0.46343207359313965,0.0,0.5,0.0,0.6976744186046512,0.5348764061927795,0.052611343562603,0.25663663,-0.05127326,-0.02609245
0.5917151141024771,0.6189341064956453,0.3333333333333333,0.42424242424242425,0.3775164023933248,0.34908830874783986,0.14570404589176178,0.14474612474441528,0.2602855498202672,0.26029537375980766,0.4894413662572208,0.5095185889973872,0.04124520346522331,0.04124520346522331,0.8593732342123985,0.0,0.0,0.0,0.33109607100486754,0.39296744763851166,0.39960506558418274,0.47012418508529663,0.47012418508529663,0.0,0.5,0.0,0.6976744186046512,0.504115641117096,0.055929035879671574,0.25305534,-0.04387985,-0.02175691
0.5769813603588513,0.6051826030015945,0.3333333333333333,0.42424242424242425,0.40501940938142633,0.3765913157359414,0.17707940936088562,0.17611971497535706,0.2565870531202502,0.25659678588633783,0.473127935402252,0.5259886800622343,0.04280609211751393,0.04280609211751393,0.8498228043317795,0.0,0.0,0.0,0.3198835626244545,0.3828364610671997,0.3909606635570526,0.4558477997779846,0.4558477997779846,0.0,0.5,0.0,0.6976744186046512,0.4912594258785248,0.058989813551306725,0.25097517,-0.03254391,-0.00345953
0.553510399446601,0.5832763728168275,0.3333333333333333,0.42424242424242425,0.4488318697509603,0.42040377610547536,0.20614437758922577,0.20526079833507538,0.2515042698861992,0.25151402544565,0.46562458532034323,0.5336328731845437,0.04497547633945942,0.04497547633945942,0.8314392268657684,0.0,0.0,0.0,0.29628535062074657,0.3700066804885864,0.3799392059445381,0.42108654975891113,0.42108654975891113,0.0,0.5,0.0,0.6976744186046512,0.47068074345588684,0.061514731496572495,0.24888304,-0.01935072,0.0160745
0.576054871791885,0.6043178803390927,0.3333333333333333,0.42424242424242425,0.4067488547064301,0.37832076106094514,0.20995455980300903,0.2091723084449768,0.24559452064178644,0.245604253407874,0.4591448167997838,0.5402645979346504,0.04593619278499059,0.04593619278499059,0.8269731253385544,0.0,0.0,0.0,0.31110907942056654,0.36652663350105286,0.37638287991285324,0.4396172761917114,0.4396172761917114,0.0,0.5,0.0,0.6976744186046512,0.4825686812400818,0.061542196199297905,0.24818725,-0.0178152,0.01160923
0.5893061373914992,0.6166857282320658,0.3333333333333333,0.42424242424242425,0.38201315892048376,0.35358506527499883,0.2037147730588913,0.2030031681060791,0.250004215860458,0.250013880246456,0.45107233068455244,0.5483361879857909,0.04518068927739348,0.04518068927739348,0.8337137699127197,0.0,0.0,0.0,0.3152398899197578,0.3735201209783554,0.3825111389160156,0.44502782821655273,0.44502782821655273,0.0,0.5,0.0,0.6976744186046512,0.48829880356788635,0.06442998070269823,0.25168837,-0.02007437,0.00400981
0.5999984877804915,0.6266652552617921,0.3333333333333333,0.42424242424242425,0.3620541048610313,0.33362601121554636,0.19065861403942108,0.19005128741264343,0.2553047440931856,0.2553145224459996,0.442550427827051,0.5568358757726442,0.04433372457112585,0.04433372457112585,0.844167672097683,0.0,0.0,0.0,0.3159187063574791,0.3767390623688698,0.3868577256798744,0.4441929757595062,0.4441929757595062,0.0,0.5,0.0,0.6976744186046512,0.4883255660533905,0.06431588437408209,0.24464891,-0.02618331,-0.01970653
0.5856701165792488,0.6132921088072989,0.3333333333333333,0.42424242424242425,0.3888003977700177,0.36037230412453275,0.628307580947876,0.6270727515220642,0.18319996821036982,0.18320901717556137,0.4421845658559416,0.559703309088154,0.05061432985322816,0.05061432985322816,0.8359352871775627,0.0,0.0,0.0,0.30810991823673245,0.3729063868522644,0.38770732283592224,0.43289947509765625,0.43289947509765625,0.0,0.5,0.0,0.6976744186046512,0.48976290225982666,0.06566095165908337,0.22459201,-0.03250098,-0.06875552
0.5598060424838748,0.5891523063182831,0.3333333333333333,0.42424242424242425,0.43708000274804926,0.4086519091025643,0.3163412809371948,0.3157648742198944,0.24500041162990477,0.24501007601590274,0.4329928800207251,0.5668471547665554,0.06126750526683671,0.06126750526683671,0.8460791260004044,0.0,0.0,0.0,0.3181309565901756,0.3715946674346924,0.3847430497407913,0.4475376307964325,0.4475376307964325,0.0,0.5,0.0,0.6976744186046512,0.4908088147640228,0.06758641451597214,0.19268048,-0.047648,-0.12890141
0.5458190985733554,0.5760978253351318,0.3333333333333333,0.42424242424242425,0.4631889647143519,0.43476087106886696,0.20029929280281067,0.19971828162670135,0.28136154707257655,0.28137148497893294,0.44041933954103957,0.5585537995373036,0.05517551409346717,0.05517551409346717,0.8663165345788002,0.0,0.0,0.0,0.3214409872889519,0.3876526281237602,0.3984282538294792,0.4527541995048523,0.4527541995048523,0.0,0.5,0.0,0.6976744186046512,0.4686323404312134,0.06368045695126057,0.16282285,-0.05553015,-0.14806835
0.4642857142857143,0.5,0.3333333333333333,0.42424242424242425,0.6153846153846154,0.5869565217391305,0.19224229454994202,0.1916271597146988,0.29211215079400554,0.29212213428708833,0.4424703547421195,0.5562127472479423,0.053719819656440196,0.053719819656440196,0.8740654848515987,0.0,0.0,0.0,0.30666745156049724,0.40634508430957794,0.4134456738829613,0.43522047996520996,0.43522047996520996,0.10488565266132355,0.45804573893547057,0.0,0.6976744186046512,0.22080038487911224,0.062392475083470345,0.13218061,-0.06518328,-0.15449499
0.4642857142857143,0.5,0.3333333333333333,0.42424242424242425,0.6153846153846154,0.5869565217391305,0.20493189990520477,0.20459800958633423,0.29989198152239416,0.2999019422221138,0.4419151027161578,0.5567508820813947,0.05353779398969242,0.05353779398969242,0.8824851214885712,0.0,0.0,0.0,0.30508178025484084,0.41135675460100174,0.4180738553404808,0.43954598903656006,0.43954598903656006,0.10414213687181473,0.4583431452512741,0.10800018906593323,0.6136685835067616,0.1419013887643814,0.05537308752536774,0.10470963,-0.07418966,-0.15051903
0.4642857142857143,0.5,0.3333333333333333,0.42424242424242425,0.6153846153846154,0.5869565217391305,0.6158990263938904,0.6133058667182922,0.22971586606698557,0.22972523413926194,0.4496009507097204,0.5517463322585623,0.07301576169473785,0.07301576169473785,0.8933582976460457,0.0,0.0,0.0,0.20484569519758222,0.4261889308691025,0.433097667992115,0.28947415947914124,0.28947415947914124,0.10439333319664001,0.458242666721344,0.10904834419488907,0.6021260140940201,0.08881004899740219,0.04802243784070015,0.07592957,-0.07814435,-0.1488003
0.4642857142857143,0.5,0.3333333333333333,0.42424242424242425,0.6153846153846154,0.5869565217391305,0.19298258423805237,0.19249065220355988,0.33518270643901643,0.33519288367568645,0.4502137445810876,0.5476360136197078,0.051161282296691625,0.051161282296691625,0.9374051969498396,0.0,0.0,0.0,0.09228522405028343,0.47483905777335167,0.4752887338399887,0.1343565583229065,0.1343565583229065,0.0811663419008255,0.4675334632396698,0.08044923841953278,0.5998004141242005,0.03874276950955391,0.04015432670712471,0.06938232,-0.07962424,-0.14312442
0.4642857142857143,0.5,0.3333333333333333,0.42424242424242425,0.6153846153846154,0.5869565217391305,0.13832394778728485,0.13759452104568481,0.36566721139400915,0.3656776051676296,0.4544228297118703,0.5423933940630747,0.040087079895394194,0.040087079895394194,0.9469086229801178,0.0,0.0,0.0,0.06995891407132149,0.4831960164010525,0.4833078011870384,0.10307636857032776,-0.0,0.06739155948162079,0.4730433762073517,0.06571996212005615,0.5996199783890747,0.028427477926015854,0.030990280210971832,0.06915382,-0.08166131,-0.12388962
0.4642857142857143,0.5,0.3333333333333333,0.42424242424242425,0.6153846153846154,0.5869565217391305,0.10111630707979202,0.10035128891468048,0.38695987096024287,0.3869703217172714,0.4554318434649626,0.5409954272373634,0.03562687364007746,0.03562687364007746,0.9515756331384182,0.0,0.0,0.0,0.05591494850814342,0.4858174491673708,0.48589027021080256,0.0,-0.0,0.0626969188451767,0.4749212324619293,0.06083144620060921,0.5935414689917897,0.024983014911413193,0.01826418098062277,0.06928445,-0.0795094,-0.09854799
0.4642857142857143,0.5,0.3333333333333333,0.42424242424242425,0.6153846153846154,0.5869565217391305,0.06638719886541367,0.06506773084402084,0.4008305897904172,0.40084116591094326,0.4597053483384973,0.5361948215660077,0.03180013171264104,0.03180013171264104,0.9559631291776896,0.0,0.0,0.0,0.034311591647565365,0.48939683102071285,0.48950343765318394,0.0,-0.0,0.060395821928977966,0.4758416712284088,0.058246251195669174,0.5827037643554599,0.022087570279836655,0.006022198940627277,0.06699688,-0.07347937,-0.08129404
0.4642857142857143,0.5,0.3333333333333333,0.42424242424242425,0.6153846153846154,0.5869565217391305,0.04196381941437721,0.04042104631662369,0.42370677267844087,0.4237173829890118,0.4581922764531969,0.5374055822259787,0.029439664046679227,0.029439664046679227,0.9590404313057661,0.0,0.0,0.0,0.029311352036893366,0.4918157933279872,0.4921060064807534,0.0,-0.0,0.06605161726474762,0.47357935309410093,0.06245628744363785,0.5757680188777835,0.020466627553105354,0.0,0.05739003,-0.07387477,-0.07841977
0.4642857142857143,0.5,0.3333333333333333,0.42424242424242425,0.6153846153846154,0.5869565217391305,0.031649474054574966,0.03088998608291149,0.43513844209237035,0.43514906379962287,0.4630765152478993,0.5323545116830688,0.029909682593175346,0.029909682593175346,0.9596662651747465,0.0,0.0,0.0,0.030139110051095482,0.49254386173561215,0.4930382501333952,0.0,-0.0,0.0748373344540596,0.4700650662183762,0.06829535961151123,0.574797215156777,0.020678304135799408,0.0,0.0362475,-0.07751583,-0.09220959
0.4642857142857143,0.5,0.3333333333333333,0.42424242424242425,0.6153846153846154,0.5869565217391305,0.02517155185341835,0.024770522490143776,0.4428424336030424,0.44285309519868055,0.46729414504071265,0.5280118617176731,0.03152941619711263,0.03152941619711263,0.9598073698580265,0.0,0.0,0.0,0.032174005173146725,0.4928827560506761,0.4935520850121975,0.0,-0.0,0.08133870363235474,0.4674645185470581,0.0738280713558197,0.5766518483328265,0.021640995517373085,0.0,0.02520499,-0.08476779,-0.11396162
0.4642857142857143,0.5,0.3333333333333333,0.42424242424242425,0.6153846153846154,0.5869565217391305,0.018878180533647537,0.018681665882468224,0.448455652588868,0.4484663141845061,0.4733546381926673,0.5218077333383254,0.033485845529607365,0.033485845529607365,0.9594656806439161,0.0,0.0,0.0,0.03460879027843475,0.49294851534068584,0.49371616961434484,0.0,-0.0,0.08623498678207397,0.4655060052871704,0.07832151651382446,0.5798706239046052,0.02252948097884655,0.0,0.00362008,-0.09275631,-0.13396342
0.4642857142857143,0.5,0.3333333333333333,0.42424242424242425,0.6153846153846154,0.5869565217391305,0.015280761756002903,0.015102101489901543,0.45157167628891837,0.4515823549795789,0.47559670451494296,0.5194580367550061,0.03554971356477057,0.03554971356477057,0.9587950874119997,0.0,0.0,0.0,0.03739891014993191,0.4927536235190928,0.4936322490684688,0.0,-0.0,0.09047898650169373,0.4638084053993225,0.08213503658771515,0.5823846126711646,0.02333681657910347,0.0,-0.00744599,-0.09830726,-0.12879655
0.4642857142857143,0.5,0.3333333333333333,0.42424242424242425,0.6153846153846154,0.5869565217391305,0.013216906227171421,0.013061988167464733,0.4546669323859206,0.4546776367191147,0.4740584887008594,0.5209164045686198,0.03717602363654546,0.03717602363654546,0.9581422824412584,0.0,0.0,0.0,0.03914087153971195,0.49261445412412286,0.4935077573172748,0.0,-0.0,0.0926668792963028,0.46293324828147886,0.08441200852394104,0.5839259368042613,0.024097155779600143,0.0,-0.016265,-0.09692595,-0.12462965
0.4642857142857143,0.5,0.3333333333333333,0.42424242424242425,0.6153846153846154,0.5869565217391305,0.06378405541181564,0.06201891601085663,0.45427377821154624,0.45428443695801396,0.4698644899273466,0.525341690447722,0.03858238325587341,0.03858238325587341,0.9584268685430288,0.0,0.0,0.0,0.04001987222582101,0.49287797044962645,0.49370726477354765,0.0,-0.0,0.0953378900885582,0.4618648439645767,0.08719128370285034,0.599977585465409,0.024822793900966644,0.0,-0.02468681,-0.09431205,-0.11818505
0.4642857142857143,0.5,0.3333333333333333,0.42424242424242425,0.6153846153846154,0.5869565217391305,0.956774115562439,0.9569105505943298,0.37529219906371136,0.3753024332837894,0.4676838602664138,0.529962702936647,0.06273494767291206,0.06273494767291206,0.9263780191540718,0.0,0.0,0.0,0.06635597050189972,0.4871640373021364,0.48829969856888056,0.0,-0.0,0.12316510826349258,0.450733956694603,0.1139565110206604,0.5862598329089409,0.02688167616724968,0.0,-0.01971623,-0.0906131,-0.0972871
0.4642857142857143,0.5,0.3333333333333333,0.42424242424242425,0.6153846153846154,0.5869565217391305,0.1192980483174324,0.11780067533254623,0.4246295505910257,0.4246401039181886,0.4536632152406025,0.5422271606406514,0.0549125751214368,0.0549125751214368,0.9459663201123476,0.0,0.0,0.0,0.04667033683508634,0.488195919431746,0.48869012854993343,0.0,-0.0,0.11825267970561981,0.4526989281177521,0.11131294816732407,0.5866186355435571,0.02760058082640171,0.0,-0.01238045,-0.0776191,-0.05961929
0.4642857142857143,0.5,0.3333333333333333,0.42424242424242425,0.6153846153846154,0.5869565217391305,0.03492887318134308,0.033917538821697235,0.44812202043332744,0.44813262504555756,0.4455418288137899,0.550050451545888,0.04325684958270618,0.04325684958270618,0.9566413834691048,0.0,0.0,0.0,0.03620613496750593,0.4906979538500309,0.49102070834487677,0.0,-0.0,0.09229723364114761,0.46308110654354095,0.08759123086929321,0.5930401038291843,0.025075431913137436,0.0,-0.01033325,-0.0603064,-0.02070209
0.4642857142857143,0.5,0.3333333333333333,0.42424242424242425,0.6153846153846154,0.5869565217391305,0.012808285653591156,0.012808610685169697,0.4453829419772438,0.44539357508117794,0.443203828074964,0.5522585927962067,0.036764453564371385,0.036764453564371385,0.9610746167600155,0.0,0.0,0.0,0.03034349791705608,0.49275756906718016,0.49301513377577066,0.0,-0.0,0.08147814869880676,0.4674087405204773,0.07740478962659836,0.5958150465821112,0.021519768983125687,0.0,0.00249892,-0.02511521,0.0158478
0.4642857142857143,0.5,0.3333333333333333,0.42424242424242425,0.6153846153846154,0.5869565217391305,0.0,0.0,0.4413954140351334,0.4414060756307715,0.43795789564544796,0.5573457039200959,0.03313735792679446,0.03313735792679446,0.9637221600860357,0.0,0.0,0.0,0.028407969325780866,0.49376617185771465,0.49397542886435986,0.0,-0.0,0.0729629248380661,0.47081483006477354,0.07000479847192764,0.5983735309090725,0.01970481686294079,0.0,0.00880866,-0.00793716,0.03715913
0.4642857142857143,0.5,0.3333333333333333,0.42424242424242425,0.6153846153846154,0.5869565217391305,0.582732081413269,0.5798802971839905,0.26918606183724925,0.26919588577678966,0.45229480428403923,0.5466856870785219,0.06023391549076353,0.06023391549076353,0.9328154101967812,0.0,0.0,0.0,0.22322019785642622,0.4563615024089813,0.4611451029777527,0.3291967511177063,0.3291967511177063,0.07056093215942383,0.47177562713623045,0.07245565950870514,0.6026725817558377,0.10230490565299988,0.0,0.0331964,0.00979153,0.052253
0.7524108418396541,0.7689167857170105,0.3333333333333333,0.42424242424242425,0.07755104395059442,0.04912295030510949,0.03560931235551834,0.03508505970239639,0.34811423613509984,0.34812459571867554,0.43835645469607176,0.5585388782538437,0.05897649962987219,0.05897649962987219,0.9400057010352612,0.0,0.0,0.0,0.33552617281675334,0.45403769612312317,0.4589092917740345,0.4927210211753845,0.4927210211753845,0.0,0.5,0.0,0.6976744186046512,0.23627544939517975,0.0,0.04903338,0.0207975,0.05372956
0.8472081089303607,0.85739423500167,0.3333333333333333,0.42424242424242425,-0.09940385461872459,-0.12783194826420952,0.0,0.0,0.3147401481467953,0.31475034817682856,0.4398073377390437,0.5579888756462716,0.0545945337840489,0.0545945337840489,0.9435526710003614,0.0,0.0,0.0,0.37425614595413204,0.4545786939561367,0.4595683738589287,0.542982816696167,0.542982816696167,0.0,0.5,0.0,0.6976744186046512,0.2823706865310669,0.0,0.0642902,0.02746744,0.04842167
0.844933304758299,0.855271084441079,0.3333333333333333,0.42424242424242425,-0.09515755349754262,-0.12358564714302755,0.0,0.0,0.30038454610120724,0.3003946435611061,0.436537379060603,0.5616823132880965,0.05184782136763846,0.05184782136763846,0.9430887680500746,0.0,0.0,0.0,0.3765296250581741,0.454074002802372,0.4590935707092285,0.544974684715271,0.544974684715271,0.0,0.5,0.0,0.6976744186046512,0.33018797636032104,0.0007135857595130801,0.0696217,0.03245384,0.01421476
0.816338082864171,0.8285822106732262,0.3333333333333333,0.42424242424242425,-0.04177980596183706,-0.07020789960732199,0.0,0.0,0.3245940153730987,0.3246039988661815,0.5228975046547147,0.4760285825113443,0.05055505250181471,0.05055505250181471,0.9363680463284254,0.0,0.0,0.0,0.38288676738739014,0.45082566514611244,0.456851240247488,0.5443402528762817,0.5443402528762817,0.0,0.5,0.0,0.6976744186046512,0.45853954553604126,0.032072472386062145,0.06563609,0.04368472,-0.04567073
0.8145211700882231,0.8268864254156749,0.3333333333333333,0.42424242424242425,-0.03838823544673431,-0.06681632909221924,0.0,0.0,0.32261416105193796,0.32262409895829447,0.5269620357006504,0.47226392237629033,0.05183997430971691,0.05183997430971691,0.9332427326589823,0.0,0.0,0.0,0.3855973809957504,0.4502296485006809,0.4562789499759674,0.5469732880592346,0.5469732880592346,0.0,0.5,0.0,0.6976744186046512,0.5172172784805298,0.04676263779401779,0.06330273,0.05980945,-0.08248258
0.8158772644542512,0.8281521134906344,0.3333333333333333,0.42424242424242425,-0.04091961159665358,-0.06934770524213851,0.0,0.0,0.31819068724521027,0.3182006365482484,0.5271080300411348,0.47210489308122416,0.05099189866866385,0.05099189866866385,0.9296977408230305,0.0,0.0,0.0,0.3854900062084198,0.4501792751252651,0.45610830187797546,0.5459957718849182,0.5459957718849182,0.0,0.5,0.0,0.6976744186046512,0.5678220987319946,0.04868781194090843,0.0542734,0.07173266,-0.09974612
0.8186142352365312,0.8307066195540957,0.3333333333333333,0.42424242424242425,-0.04602862372357619,-0.07445671736906112,0.0,0.0,0.30666559923219405,0.30667549155182405,0.5189938220991459,0.4803109653998465,0.04899169983608383,0.04899169983608383,0.9262846186757088,0.0,0.0,0.0,0.3792007267475128,0.45092999190092087,0.45675643905997276,0.5369167923927307,0.5369167923927307,0.0,0.5,0.0,0.6976744186046512,0.6070809960365295,0.03963202703744173,0.05512879,0.08353201,-0.10370125
0.8193955173095068,0.8314358161555396,0.3333333333333333,0.42424242424242425,-0.04748701692646384,-0.07591511057194877,0.0,0.0,0.293988477659499,0.293998369979129,0.5142592188846996,0.48526350735655654,0.04620847425290517,0.04620847425290517,0.9165604263544083,0.0,0.0,0.0,0.3661416411399841,0.4490414224565029,0.455306988209486,0.518339991569519,0.518339991569519,0.0,0.5,0.0,0.6976744186046512,0.6102489829063416,0.0206324877217412,0.05822936,0.08265997,-0.09922494
0.8155045225506736,0.8278042210472955,0.3333333333333333,0.42424242424242425,-0.040223826709975485,-0.06865192035546042,0.0,0.0,0.26226754671756897,0.26227734786374624,0.44470001292730155,0.5544501929206563,0.044233812285321104,0.044233812285321104,0.9072333835065365,0.0,0.0,0.0,0.36374065577983855,0.44483424723148346,0.45088406279683113,0.5148476958274841,0.5148476958274841,0.0,0.5,0.0,0.6976744186046512,0.6107726693153381,0.012280811788514256,0.06052212,0.07534397,-0.09652219
0.8010127175421942,0.8142785363727145,0.3333333333333333,0.42424242424242425,-0.013172457360813739,-0.04160055100629867,0.0,0.0,0.25949514436448284,0.25950494551066006,0.4435635301396678,0.5553813793360894,0.0419707117336137,0.0419707117336137,0.9004160799086094,0.0,0.0,0.0,0.3651009380817413,0.43607841432094574,0.44319744035601616,0.5162875652313232,0.5162875652313232,0.0,0.5,0.0,0.6976744186046512,0.5920275449752808,0.012022878509014845,0.0669698,0.06494159,-0.09968534
0.7972437349103746,0.8107608192496829,0.3333333333333333,0.42424242424242425,-0.006137023114750506,-0.03456511676023544,0.0,0.0,0.260225967968855,0.26023583749512186,0.44446779414299115,0.5544686542093019,0.04046895674296788,0.04046895674296788,0.898428488522768,0.0,0.0,0.0,0.3655622512102127,0.43388523161411285,0.4411448650062084,0.516841471195221,0.516841471195221,0.0,0.5,0.0,0.6976744186046512,0.5874934792518616,0.01202124753035605,0.0738366,0.05595735,-0.10898284
0.7918908120620818,0.8057647579246097,0.3333333333333333,0.42424242424242425,0.0038550995353959783,-0.024572994110088953,0.0,0.0,0.26158506783655,0.26159491456945355,0.4464102901418624,0.5525112130651688,0.03959606800760542,0.03959606800760542,0.8959017992019653,0.0,0.0,0.0,0.3649443298578262,0.4322790801525116,0.4394512251019478,0.5162243843078613,0.5162243843078613,0.0,0.5,0.0,0.6976744186046512,0.5752599835395813,0.010236003436148167,0.08809804,0.05865315,-0.09754238
0.7917312099820091,0.8056157959832085,0.3333333333333333,0.42424242424242425,0.004153023418198343,-0.024275070227286588,0.0,0.0,0.25834793160112135,0.25835784671411455,0.44722399041484007,0.5517144090849578,0.039207739755511284,0.039207739755511284,0.8934904970228672,0.0,0.0,0.0,0.36498548984527585,0.43082477897405624,0.4381278268992901,0.5167436599731445,0.5167436599731445,0.0,0.5,0.0,0.6976744186046512,0.5678463578224182,0.006867125048302114,0.08388067,0.06639791,-0.07206909
0.7883984765836171,0.8025052448113759,0.3333333333333333,0.42424242424242425,0.010374125761863584,-0.018053967883621347,0.013283047825098038,0.012729546055197716,0.2547853289325196,0.2547951984587864,0.449053727645947,0.5498521097537842,0.038557810974972594,0.038557810974972594,0.8912472650408745,0.0,0.0,0.0,0.3651963591575622,0.42752497643232346,0.43523385375738144,0.5176435708999634,0.5176435708999634,0.0,0.5,0.0,0.6976744186046512,0.5647035241127014,0.0037146717659197748,0.08627254,0.0823238,-0.05226885
0.7847803682088852,0.7991283436616261,0.3333333333333333,0.42424242424242425,0.017127928061363096,-0.011300165584121835,0.020928535610437393,0.020083080977201462,0.2570902394063158,0.2571006559732995,0.4571782510093704,0.5415943356767845,0.03868309115724904,0.03868309115724904,0.8900220207870007,0.0,0.0,0.0,0.3622747093439102,0.4259950965642929,0.43342649936676025,0.5150483846664429,0.5150483846664429,0.0,0.5,0.0,0.6976744186046512,0.5620941519737244,0.0025244138669222593,0.085393,0.10491694,-0.04493148
0.7828578345832371,0.7973339789443545,0.3333333333333333,0.42424242424242425,0.020716657495906232,-0.007711436149578699,0.03441103920340538,0.03340999037027359,0.25926048669030977,0.2592708348772038,0.46399771187091193,0.5347026996306612,0.038568531828267236,0.038568531828267236,0.8903822563588619,0.0,0.0,0.0,0.3626954466104507,0.42376603186130524,0.43012377619743347,0.5157291293144226,0.5157291293144226,0.0,0.5,0.0,0.6976744186046512,0.5594126582145691,0.005381976952776313,0.08649901,0.11691785,-0.04016156
0.7791612822385061,0.7938838634226058,0.3333333333333333,0.42424242424242425,0.027616888539404028,-0.0008112051060809033,0.03271491825580597,0.031831689178943634,0.2602620270694419,0.2602724436364256,0.4691372277859748,0.529533640667717,0.038470929222447534,0.038470929222447534,0.8900479190051556,0.0,0.0,0.0,0.3631392568349838,0.4221000224351883,0.42828697711229324,0.5165687203407288,0.5165687203407288,0.0,0.5,0.0,0.6976744186046512,0.5582244396209717,0.009111436665989459,0.08654288,0.12112509,-0.03093332
0.7751749910059429,0.7901633249388801,0.3333333333333333,0.42424242424242425,0.03505796550685525,0.006629871861370318,0.030095389112830162,0.029250049963593483,0.2595730976666365,0.2595835370269834,0.4677199621045567,0.5309586332992609,0.03801263868808746,0.03801263868808746,0.8896076306700706,0.0,0.0,0.0,0.3610159605741501,0.4215507134795189,0.4279043599963188,0.5136807560920715,0.5136807560920715,0.0,0.5,0.0,0.6976744186046512,0.5588911771774292,0.00868826755322516,0.08505311,0.12147976,-0.03490311
0.7743539370241619,0.7893970078892178,0.3333333333333333,0.42424242424242425,0.03659059960617983,0.008162505960694899,0.020755497738718987,0.020533408969640732,0.2626040451385323,0.26261439332542635,0.4565084651824849,0.5423238429644317,0.03881978669336864,0.03881978669336864,0.8886464238166809,0.0,0.0,0.0,0.35485931932926174,0.42146164178848267,0.428511880338192,0.5038377642631531,0.5038377642631531,0.0,0.5,0.0,0.6976744186046512,0.5452128052711487,0.011081331176683307,0.08917553,0.13534267,-0.04109121
0.7855220025493985,0.7998205357127719,0.3333333333333333,0.42424242424242425,0.015743543959071515,-0.012684549686413416,0.0,0.0,0.28059138212331625,0.2806017986902999,0.41038493512921304,0.5889551521664546,0.0404515809246472,0.0404515809246472,0.8993078619241714,0.0,0.0,0.0,0.365052455663681,0.42390453070402145,0.43413954228162766,0.5130976438522339,0.5130976438522339,0.0,0.5,0.0,0.6976744186046512,0.5464192628860474,0.012351303594186902,0.08704234,0.14758055,-0.044436
0.8021535610868817,0.8153433236810896,0.3333333333333333,0.42424242424242425,-0.015302031977563746,-0.04373012562304868,0.0,0.0,0.28943924147129974,0.2894497947984626,0.3628947178674702,0.6366127895300926,0.04167813009449414,0.04167813009449414,0.915574636310339,0.0,0.0,0.0,0.36984910666942594,0.4395788535475731,0.4478344954550266,0.5184340476989746,0.5184340476989746,0.0,0.5,0.0,0.6976744186046512,0.5698155164718628,0.0025182863464578986,0.08954138,0.15935825,-0.05485399
0.7742090764499846,0.7892618046866523,0.3333333333333333,0.42424242424242425,0.036861006011310815,0.008432912365825884,0.0,0.0,0.3227808261236771,0.3227915845911088,0.3442767341095904,0.6551074839864083,0.04457535621310984,0.04457535621310984,0.9281408935785294,0.0,0.0,0.0,0.3793025732040405,0.4488694928586483,0.45526765286922455,0.530663788318634,0.530663788318634,0.0,0.5,0.0,0.6976744186046512,0.5981574654579163,0.0,0.10571698,0.16218828,-0.05914965
0.7859019466808863,0.8001751502354939,0.3333333333333333,0.42424242424242425,0.0150343149136275,-0.01339377873185743,0.0,0.0,0.34050745262014703,0.34051825667430524,0.3394515044830497,0.6598507486788716,0.0462204497307539,0.0462204497307539,0.9371699411422014,0.0,0.0,0.0,0.3836071193218231,0.454172283411026,0.4597584679722786,0.5384628772735596,0.5384628772735596,0.0,0.5,0.0,0.6976744186046512,0.6181474328041077,0.0,0.11472688,0.16123319,-0.05653013
0.7843508244979949,0.7987274361981286,0.3333333333333333,0.42424242424242425,0.017929742988358255,-0.010498350657126676,0.0,0.0,0.3620124323646151,0.3620233731789525,0.3391913182420895,0.6595954174242735,0.04827977823359626,0.04827977823359626,0.9452375434339046,0.0,0.0,0.0,0.400012931227684,0.4615909978747368,0.4653746671974659,0.5638888478279114,0.5638888478279114,0.0,0.5,0.0,0.6976744186046512,0.6296727657318115,0.0,0.12351376,0.15978748,-0.04327801
0.7855629984821593,0.7998587985833485,0.3333333333333333,0.42424242424242425,0.01566701821791827,-0.01276107542756666,0.0,0.0,0.3665281167221799,0.36653910312324367,0.3423442671905284,0.6562297038270177,0.048681029251643596,0.048681029251643596,0.9487644527107477,0.0,0.0,0.0,0.4113087713718414,0.46385885775089264,0.4673876278102398,0.5785747766494751,0.5785747766494751,0.0,0.5,0.0,0.6976744186046512,0.6319881081581116,0.0,0.11705995,0.15602905,-0.04487891
0.7754999959752673,0.7904666629102495,0.3333333333333333,0.42424242424242425,0.03445128956411647,0.006023195918631541,0.0,0.0,0.3721833096863435,0.3721943074840889,0.36191638113207847,0.6361925311976997,0.048879866621324,0.048879866621324,0.9511674698442221,0.0,0.0,0.0,0.41749497354030607,0.4656682163476944,0.4686982296407223,0.5858082175254822,0.5858082175254822,0.0,0.5,0.0,0.6976744186046512,0.6251969933509827,0.0,0.10808379,0.16196766,-0.04814997
0.7740413851681209,0.7891052928235796,0.3333333333333333,0.42424242424242425,0.037174029737456316,0.008745936091971385,0.0,0.0,0.37658991640430106,0.37660088001200165,0.3882284355892962,0.6094863453006603,0.04870433759476458,0.04870433759476458,0.9530240446329117,0.0,0.0,0.0,0.4142131477594375,0.46712423115968704,0.46980296075344086,0.5838736295700073,0.5838736295700073,0.0,0.5,0.0,0.6976744186046512,0.59376460313797,0.0,0.10420263,0.16701379,-0.056032
0.7716242394277028,0.7868492901325226,0.3333333333333333,0.42424242424242425,0.04168603511957025,0.013257941474085322,0.0,0.0,0.3833289679788039,0.3833399543798677,0.39235113957188095,0.6051358558429081,0.049216329519237795,0.049216329519237795,0.9547415543347597,0.0,0.0,0.0,0.41403067111968994,0.4679568447172642,0.47040413320064545,0.5844314694404602,0.5844314694404602,0.0,0.5,0.0,0.6976744186046512,0.5938512682914734,0.004167826264165342,0.11023462,0.17283776,-0.06203064
0.7854975220702943,0.7997976872656081,0.3333333333333333,0.42424242424242425,0.01578924085339939,-0.012638852792085542,0.0,0.0,0.39739060401916504,0.3974016929903632,0.37739462469549523,0.6199069638046611,0.05109814926981926,0.05109814926981926,0.9562284983694553,0.0,0.0,0.0,0.43327437341213226,0.46913260594010353,0.4712956603616476,0.6113674640655518,0.6113674640655518,0.0,0.5,0.0,0.6976744186046512,0.6115798354148865,0.020501601975411177,0.1135093,0.18724018,-0.06698345
0.8231685977606547,0.8349573579099443,0.3333333333333333,0.42424242424242425,-0.05453010043527318,-0.08295819408075811,0.0,0.0,0.3842041989357476,0.3842153448903538,0.3554908750617937,0.6419117279257368,0.053656029381922314,0.053656029381922314,0.9569832161068916,0.0,0.0,0.0,0.44037030935287474,0.4694197606295347,0.47183210775256157,0.6247581839561462,0.6247581839561462,0.0,0.5,0.0,0.6976744186046512,0.6042831540107727,0.005948763573542237,0.12035215,0.19576666,-0.06726296
0.8284737127167838,0.8399087985356648,0.3333333333333333,0.42424242424242425,-0.0644329816867143,-0.09286107533219923,0.0,0.0,0.3912333986271408,0.39124456737511015,0.3510419182750053,0.6463607986793413,0.05631283723882267,0.05631283723882267,0.957369402050972,0.0,0.0,0.0,0.44234402775764464,0.4697427321225405,0.47231718339025974,0.6283509731292725,0.6283509731292725,0.0,0.5,0.0,0.6976744186046512,0.584366500377655,0.0,0.12905476,0.20631306,-0.06095921
0.8305915402514594,0.8418854375680287,0.3333333333333333,0.42424242424242425,-0.06838625975144208,-0.09681435339692701,0.0,0.0,0.4029793999163188,0.4029905686642882,0.3508291308328253,0.6464329339755375,0.05951478012970516,0.05951478012970516,0.9583548605442047,0.0,0.0,0.0,0.4440632134675979,0.47044191509485245,0.47307364642620087,0.6320508122444153,0.6320508122444153,0.0,0.5,0.0,0.6976744186046512,0.5725945830345154,0.0,0.14630056,0.21918401,-0.0686162
0.8319737116495769,0.8431754642062717,0.3333333333333333,0.42424242424242425,-0.070966313027928,-0.09939440667341293,0.0,0.0,0.41070737004508023,0.41071857868143524,0.35341227989123836,0.643752839045082,0.061993069414581575,0.061993069414581575,0.9589247889816761,0.0,0.0,0.0,0.4497581869363784,0.4702837597578764,0.47288198582828045,0.6419723629951477,0.6419723629951477,0.0,0.5,0.0,0.6976744186046512,0.5644913911819458,0.0,0.16310725,0.23651482,-0.07720251
0.8314508405469713,0.8426874511771731,0.3333333333333333,0.42424242424242425,-0.06999028696973097,-0.0984183806152159,0.0,0.0,0.41633391175169787,0.4163451431814161,0.3659408229258958,0.6308499663048852,0.06226799051676478,0.06226799051676478,0.9595719799399376,0.0,0.0,0.0,0.4536405354738235,0.4699138570576906,0.4725388456135988,0.6481143236160278,0.6481143236160278,0.0,0.5,0.0,0.6976744186046512,0.541975200176239,0.0,0.17016081,0.25307399,-0.07736015
0.8304477617854163,0.8417512443330553,0.3333333333333333,0.42424242424242425,-0.0681178732814951,-0.09654596692698003,0.0,0.0,0.4228778350421621,0.4228890436785171,0.41784163574415684,0.5782173098792487,0.06203197741082737,0.06203197741082737,0.9607572536915541,0.0,0.0,0.0,0.44969839751720425,0.4701910689473152,0.4725426062941551,0.64275062084198,0.64275062084198,0.0,0.5,0.0,0.6976744186046512,0.517734169960022,0.0,0.17351762,0.2560195,-0.07195468
0.8288365914708091,0.8402474853727553,0.3333333333333333,0.42424242424242425,-0.06511035536089504,-0.09353844900637998,0.0,0.0,0.4325355596797644,0.4325467626177786,0.4527477995843322,0.5431124562920343,0.06105300571237292,0.06105300571237292,0.9618080668151379,0.0,0.0,0.0,0.45539900362491603,0.46998205594718456,0.47202114574611187,0.6565691232681274,0.6565691232681274,0.0,0.5,0.0,0.6976744186046512,0.528910756111145,0.011840998195111752,0.16883189,0.25616318,-0.07207938
0.7889771206038338,0.8030453125635784,0.3333333333333333,0.42424242424242425,0.009293990257458806,-0.019134103388026125,0.0,0.0,0.44455661987939254,0.4445675322020259,0.6027426915688451,0.39624565139504686,0.06026566560779299,0.06026566560779299,0.9625166077166796,0.0,0.0,0.0,0.465212208032608,0.46781954169273376,0.4694850277155638,0.6726401448249817,0.6726401448249817,0.0,0.5,0.0,0.6976744186046512,0.5424081087112427,0.04416107200086117,0.15729428,0.24546334,-0.07788627
0.7543828419986225,0.7707573191987144,0.3333333333333333,0.42424242424242425,0.07386997698718667,0.04544188334170174,0.0,0.0,0.4295246703674871,0.42953550861169,0.6449812438702265,0.3557093644410606,0.06170888564416341,0.06170888564416341,0.962379802018404,0.0,0.0,0.0,0.45029545724391934,0.4637988321483135,0.46590767800807953,0.6591464877128601,0.6591464877128601,0.0,0.5,0.0,0.6976744186046512,0.5417356491088867,0.0640409579500556,0.13856668,0.19115579,-0.0765688
0.7434540997658456,0.760557159781456,0.3333333333333333,0.42424242424242425,0.09427029582170343,0.0658422021762185,0.0,0.0,0.4198510758507548,0.4198618514132089,0.645846958598033,0.35513795761892897,0.06104106083512307,0.06104106083512307,0.961219297721982,0.0,0.0,0.0,0.42446841001510616,0.46197137236595154,0.46412156894803047,0.6233488321304321,0.6233488321304321,0.0,0.5,0.0,0.6976744186046512,0.5392053127288818,0.07593484595417976,0.12154192,0.12596072,-0.08138067
0.7408825762215114,0.7581570711400774,0.3333333333333333,0.42424242424242425,0.09907047310446071,0.07064237945897578,0.0,0.0,0.4044492869258611,0.404460011203248,0.6482375607207902,0.35307278773930006,0.059955907719475884,0.059955907719475884,0.9601452816277742,0.0,0.0,0.0,0.40797683596611023,0.46115654706954956,0.46341627463698387,0.5974449515342712,0.5974449515342712,0.0,0.5,0.0,0.6976744186046512,0.5363914966583252,0.08155370131134987,0.09368532,0.05076722,-0.07959091
0.7517332558830578,0.7682843721575208,0.3333333333333333,0.42424242424242425,0.078815871069574,0.050387777424089064,0.0,0.0,0.39622535030882855,0.39623598341276267,0.6227211313995303,0.378080982044545,0.058211766715560644,0.058211766715560644,0.9587686229497194,0.0,0.0,0.0,0.4046345323324203,0.4612075723707676,0.46392324566841125,0.5904493927955627,0.5904493927955627,0.0,0.5,0.0,0.6976744186046512,0.5389599800109863,0.08539563044905663,0.07372139,-0.04931407,-0.05906787
0.7480452539665359,0.7648422370354335,0.3333333333333333,0.42424242424242425,0.08570014131374848,0.05727204766826355,0.0,0.0,0.3998946829006275,0.3999053843846513,0.5788522325099996,0.42055848856906314,0.0557004420885018,0.0557004420885018,0.9582982268184423,0.0,0.0,0.0,0.4143414258956909,0.4628395065665245,0.4656142629683018,0.5923227667808533,0.5923227667808533,0.0,0.5,0.0,0.6976744186046512,0.5379956364631653,0.07995843887329102,0.06850008,-0.10380384,-0.04872969
0.7385736058155696,0.7560020320945315,0.3333333333333333,0.42424242424242425,0.10338055119555223,0.0749524575500673,0.0,0.0,0.4216202055291054,0.4216309355048331,0.540760402697678,0.457972403871347,0.05573084311825889,0.05573084311825889,0.9581904876977205,0.0,0.0,0.0,0.41845533847808836,0.46511636674404144,0.4677560403943062,0.5958221554756165,0.5958221554756165,0.0,0.5,0.0,0.6976744186046512,0.567790150642395,0.071530407294631,0.06421158,-0.15792829,-0.03917984
0.7380264404983747,0.7554913444651498,0.3333333333333333,0.42424242424242425,0.1044019264543159,0.07597383280883097,0.0,0.0,0.42902107949922463,0.42903178098324835,0.5365825701170168,0.4622763549797799,0.05531404167413712,0.05531404167413712,0.9586751628667116,0.0,0.0,0.0,0.4214534044265747,0.46697190403938293,0.4695390183478594,0.5997927188873291,0.5997927188873291,0.0,0.5,0.0,0.6976744186046512,0.577894926071167,0.058667995035648346,0.05572735,-0.21736798,-0.02119816
0.7353496331544149,0.7529929909441206,0.3333333333333333,0.42424242424242425,0.10939863349637424,0.08097053985088931,0.0,0.0,0.43256618826156823,0.43257696382402233,0.5138658054358188,0.48442607919248476,0.05567055993846485,0.05567055993846485,0.9591421987861395,0.0,0.0,0.0,0.42212010025978086,0.46824774146080017,0.47073560021817684,0.6004475951194763,0.6004475951194763,0.0,0.5,0.0,0.6976744186046512,0.5813718438148499,0.053132735192775726,0.05811866,-0.24852765,-0.01689117
0.7329852800993693,0.750786261426078,0.3333333333333333,0.42424242424242425,0.1138120925324595,0.08538399888697457,0.0,0.0,0.4323480044906499,0.4323587743547633,0.516144163066069,0.4821965292757779,0.055130110787493844,0.055130110787493844,0.9597900379449129,0.0,0.0,0.0,0.42218654453754423,0.46961926110088825,0.47205786406993866,0.6004380583763123,0.6004380583763123,0.0,0.5,0.0,0.6976744186046512,0.5850892663002014,0.050450204871594906,0.05853887,-0.27939463,-0.00446174
0.7278827056288719,0.7460238585869471,0.3333333333333333,0.42424242424242425,0.12333689821072119,0.09490880456523626,0.0,0.0,0.42595665427512464,0.4259674013458748,0.519253957055039,0.4792610176156123,0.05378589832356998,0.05378589832356998,0.9603450540453196,0.0,0.0,0.0,0.4232573717832565,0.4696103259921074,0.4721300769597292,0.6020235419273376,0.6020235419273376,0.0,0.5,0.0,0.6976744186046512,0.5878426432609558,0.05019801203161478,0.06178468,-0.30527458,0.00292869
0.7279253956817445,0.7460637026362948,0.3333333333333333,0.42424242424242425,0.12325721011202562,0.09482911646654069,0.0,0.0,0.41078451418284023,0.4107953467287023,0.45952589903917185,0.5383091966184508,0.05274226090737752,0.05274226090737752,0.9602972660213709,0.0,0.0,0.0,0.4197577506303787,0.4687939751893282,0.4715649392455816,0.5959232449531555,0.5959232449531555,0.0,0.5,0.0,0.6976744186046512,0.5875553488731384,0.04796544089913368,0.0688465297,-0.314189404,0.000173717737
0.7319009545303526,0.7497742242283292,0.3333333333333333,0.42424242424242425,0.11583616692795717,0.08740807328247224,0.0,0.0,0.3660075277033089,0.3660175681797998,0.19866752168644453,0.8097622311999142,0.05322382120149476,0.05322382120149476,0.9586363099515438,0.0,0.0,0.0,0.4320907473564148,0.46738632023334503,0.46981181204319,0.6084610223770142,0.6084610223770142,0.0,0.5,0.0,0.6976744186046512,0.5917146801948547,0.04623258486390114,0.08094101,-0.32397443,0.00330054
0.7502327710390091,0.7668839196364086,0.3333333333333333,0.42424242424242425,0.0816167761117984,0.053188682466313475,0.0,0.0,0.3587649479422925,0.3587750112121465,0.202431025058316,0.8059526624410098,0.05475062344755446,0.05475062344755446,0.9566367529332638,0.0,0.0,0.0,0.427773579955101,0.46787506714463234,0.469533646479249,0.6041635274887085,0.6041635274887085,0.0,0.5,0.0,0.6976744186046512,0.5606644153594971,0.04746848251670599,0.08370874,-0.326747,0.00085386
0.7507642191790399,0.7673799379004372,0.3333333333333333,0.42424242424242425,0.08062473958374095,0.052196645938256014,0.0,0.0,0.362369501795869,0.3623796106524495,0.20847678230096,0.7994316407822235,0.055109182638781416,0.055109182638781416,0.9554984215646982,0.0,0.0,0.0,0.4182257980108261,0.46784673258662224,0.4690774865448475,0.59290611743927,0.59290611743927,0.0,0.5,0.0,0.6976744186046512,0.542314887046814,0.05295251961797476,0.08599383,-0.32258576,0.00127392
0.7328033528867222,0.7506164626942741,0.3333333333333333,0.42424242424242425,0.11415168999606728,0.08572359635058235,0.0,0.0,0.3671014153934573,0.367111376093177,0.18592821981893215,0.823726060918772,0.05533409171870777,0.05533409171870777,0.9543442353606224,0.0,0.0,0.0,0.4162588387727737,0.4678773954510689,0.46869879215955734,0.5907430052757263,0.5907430052757263,0.0,0.5,0.0,0.6976744186046512,0.5389738082885742,0.06329641677439213,0.10211802,-0.31860799,-0.00181668
0.7273873307165646,0.7455615086687936,0.3333333333333333,0.42424242424242425,0.1242615980470283,0.09583350440154337,0.0,0.0,0.36977309387455026,0.36978304317758826,0.17839888815214255,0.8318934244083351,0.055589827575853894,0.055589827575853894,0.9535008668899536,0.0,0.0,0.0,0.42305407524108884,0.4675895608961582,0.4681183025240898,0.6022107601165771,0.6022107601165771,0.0,0.5,0.0,0.6976744186046512,0.5541732907295227,0.07210567127913237,0.12209163,-0.31402367,0.00175069
0.7209518118983224,0.7395550244384341,0.3333333333333333,0.42424242424242425,0.13627456650774705,0.10784647286226212,0.0,0.0,0.3698117628152238,0.36982174630830666,0.19000697819726187,0.8192776169826556,0.05626115149685315,0.05626115149685315,0.9524877388030291,0.0,0.0,0.0,0.42212010025978086,0.46735257655382156,0.46772508323192596,0.599933922290802,0.599933922290802,0.0,0.5,0.0,0.6976744186046512,0.5445842742919922,0.07744546514004469,0.16342539,-0.32283279,-0.01092149
0.7209491775858969,0.7395525657468371,0.3333333333333333,0.42424242424242425,0.13627948389094102,0.10785139024545609,0.0,0.0,0.3711462572473413,0.37115624074042414,0.18788942916899293,0.8214856556628398,0.056585642908300676,0.056585642908300676,0.9520274214446545,0.0,0.0,0.0,0.4241474747657776,0.4667251631617546,0.4670719914138317,0.6036146283149719,0.6036146283149719,0.0,0.5,0.0,0.6976744186046512,0.5413444638252258,0.0769892567768693,0.21213389,-0.32334968,-0.03028623
0.7308355658536865,0.7487798614634408,0.3333333333333333,0.42424242424242425,0.11782489245773387,0.08939679881224893,0.0,0.0,0.3722546187231235,0.37226471618302237,0.2145420734558689,0.7929770845705368,0.056388686810220995,0.056388686810220995,0.9523614160716534,0.0,0.0,0.0,0.42255005836486814,0.46729908138513565,0.4675336182117462,0.6007172465324402,0.6007172465324402,0.0,0.5,0.0,0.6976744186046512,0.5556493997573853,0.07706893607974052,0.24525291,-0.33665004,-0.02831743
0.7485862015968276,0.7653471214903725,0.3333333333333333,0.42424242424242425,0.08469037240387034,0.05626227875838541,0.0,0.0,0.3488224715165381,0.348833423727557,0.4282090488401015,0.5687967815266463,0.05465715857488769,0.05465715857488769,0.950263861566782,0.0,0.0,0.0,0.41910947561264034,0.4656785801053047,0.4667418301105499,0.589782178401947,0.589782178401947,0.0,0.5,0.0,0.6976744186046512,0.5667689442634583,0.0830937922000885,0.25819308,-0.33144033,-0.02231246
0.7493230640178634,0.766034859750006,0.3333333333333333,0.42424242424242425,0.08331489588460361,0.05488680223911868,0.0,0.0,0.3461119075578212,0.34612282557879537,0.42948318074811714,0.5676247140252972,0.05366475986582893,0.05366475986582893,0.9471107050776482,0.0,0.0,0.0,0.418111851811409,0.4637235999107361,0.4656216911971569,0.5872765779495239,0.5872765779495239,0.0,0.5,0.0,0.6976744186046512,0.5711273550987244,0.08831582963466644,0.25588498,-0.32034692,-0.01999165
0.7419778825271697,0.7591793570253584,0.3333333333333333,0.42424242424242425,0.09702590133389866,0.06859780768841373,0.0,0.0,0.3451881267372554,0.345199033361548,0.4308374085344274,0.5662425643690635,0.0515789698277201,0.0515789698277201,0.9459948781877756,0.0,0.0,0.0,0.42093278169631954,0.4629126898944378,0.465280968695879,0.5926628708839417,0.5926628708839417,0.0,0.5,0.0,0.6976744186046512,0.5873685479164124,0.08957512676715851,0.25399146,-0.31890947,-0.0214524
0.7743695832434154,0.7894116110271878,0.3333333333333333,0.42424242424242425,0.03656139333023989,0.008133299684754958,0.0,0.0,0.3538050323325863,0.35381533493275397,0.2654611476292802,0.7389059617865331,0.05112540775111744,0.05112540775111744,0.9468612372875214,0.0,0.0,0.0,0.42058412134647366,0.46258533746004105,0.46482471004128456,0.5897230505943298,0.5897230505943298,0.0,0.5,0.0,0.6976744186046512,0.5708159804344177,0.09163079783320427,0.24901829,-0.31875429,-0.02137841
0.7430881343427158,0.7602155920532014,0.3333333333333333,0.42424242424242425,0.09495343127821254,0.06652533763272761,0.0,0.0,0.35581013030349407,0.35582019357334815,0.213133420816571,0.7946964335436524,0.053333898207971034,0.053333898207971034,0.9483736529946327,0.0,0.0,0.0,0.42412525713443755,0.46352020278573036,0.4651552848517895,0.5973681807518005,0.5973681807518005,0.0,0.5,0.0,0.6976744186046512,0.5729281902313232,0.08402672596275806,0.23980412,-0.32420456,-0.02025339
0.7350395382160232,0.7527035690016217,0.3333333333333333,0.42424242424242425,0.10997747738137209,0.08154938373588716,0.0,0.0,0.3598346518740827,0.3598446467638472,0.20149946030421645,0.8070805008456488,0.05337330911840712,0.05337330911840712,0.9502185024321079,0.0,0.0,0.0,0.4393811762332916,0.46491172537207603,0.46618232503533363,0.622574508190155,0.622574508190155,0.0,0.5,0.0,0.6976744186046512,0.6075928211212158,0.07696754299104214,0.23234234,-0.31206301,-0.01143358
0.7308821585916337,0.7488233480188582,0.3333333333333333,0.42424242424242425,0.11773791934689909,0.08930982570141416,0.0,0.0,0.35676532037855335,0.35677532666499934,0.20366056744956607,0.8047267897812354,0.05325534780110632,0.05325534780110632,0.950851958245039,0.0,0.0,0.0,0.43328837156295774,0.4655926823616028,0.46665484830737114,0.6125665903091431,0.6125665903091431,0.0,0.5,0.0,0.6976744186046512,0.609030544757843,0.06908145267516375,0.22502605,-0.32139581,-0.02118744
0.7285950254826319,0.7466886904504564,0.3333333333333333,0.42424242424242425,0.1220072344837026,0.09357914083821767,0.0,0.0,0.3542102641402877,0.35422029322009696,0.2016383858529377,0.8069848371002866,0.05301042859043394,0.05301042859043394,0.9510112944990396,0.0,0.0,0.0,0.4303650736808777,0.46622079610824585,0.46714355424046516,0.6088584661483765,0.6088584661483765,0.0,0.5,0.0,0.6976744186046512,0.6099802255630493,0.06093649659305811,0.21969039,-0.32738608,-0.02318033
0.7279580629297665,0.746094192067782,0.3333333333333333,0.42424242424242425,0.12319623124905127,0.09476813760356634,0.0,0.0,0.34161704493754225,0.3416278717850636,0.40357077372461614,0.5942489962454229,0.052425643163067956,0.052425643163067956,0.9492244254797697,0.0,0.0,0.0,0.41367606520652767,0.4641072265803814,0.4661865383386612,0.5782751441001892,0.5782751441001892,0.0,0.5,0.0,0.6976744186046512,0.6105728149414062,0.060230656526982784,0.19588182,-0.32951167,-0.02086161
0.7324100243193763,0.7502493560314178,0.3333333333333333,0.42424242424242425,0.11488590332177973,0.0864578096762948,0.0,0.0,0.32818117789055146,0.3281919591513464,0.4100073003860094,0.5879472837798632,0.05133117149983134,0.05133117149983134,0.9416891597211361,0.0,0.0,0.0,0.3964505165815353,0.4587542451918125,0.462732270359993,0.5526379346847534,0.5526379346847534,0.0,0.5,0.0,0.6976744186046512,0.605271577835083,0.0603216327726841,0.16545645,-0.3327567,-0.02399068
0.7418218549518358,0.7590337312883801,0.3333333333333333,0.42424242424242425,0.09731715280785525,0.06888905916237031,0.0,0.0,0.3280595411078196,0.32807032236861455,0.4109838706357529,0.5869555815861234,0.04971643377627646,0.04971643377627646,0.9387189820408821,0.0,0.0,0.0,0.3916155844926834,0.45737776532769203,0.4613291285932064,0.5454891920089722,0.5454891920089722,0.0,0.5,0.0,0.6976744186046512,0.6030160784721375,0.05726604722440243,0.14945305,-0.32998276,-0.02234913
0.7454024265919412,0.7623755981524785,0.3333333333333333,0.42424242424242425,0.09063341907965838,0.06220532543417345,0.0,0.0,0.32424331668686,0.3242540295675653,0.4130297801234754,0.5849738980975657,0.048658853130681176,0.048658853130681176,0.9362316355109215,0.0,0.0,0.0,0.39308244884014126,0.4558623693883419,0.4599771648645401,0.5476200580596924,0.5476200580596924,0.0,0.5,0.0,0.6976744186046512,0.5963473916053772,0.05703924689441919,0.13547218,-0.32749391,-0.01600293
0.7337426050078302,0.7514930980073081,0.3333333333333333,0.42424242424242425,0.11239841936999917,0.08397032572451424,0.0,0.0,0.3246328780573595,0.324643670714836,0.41323005970759785,0.5847485344172385,0.04790575509624822,0.04790575509624822,0.9350465908646584,0.0,0.0,0.0,0.39452795088291165,0.4544202722609043,0.4587066322565079,0.5498418807983398,0.5498418807983398,0.0,0.5,0.0,0.6976744186046512,0.5933448672294617,0.05825907923281193,0.12153969,-0.32712331,-0.00248843
0.7017844127757209,0.7216654519240061,0.3333333333333333,0.42424242424242425,0.17205371153660315,0.14362561789111822,0.0,0.0,0.3334186482839785,0.33342949792486304,0.40751288589054496,0.5902335122433442,0.046850690352065225,0.046850690352065225,0.9346505180001259,0.0,0.0,0.0,0.4154345959424972,0.45343342795968056,0.45793385058641434,0.5840021967887878,0.5840021967887878,0.0,0.5,0.0,0.6976744186046512,0.5946716070175171,0.058258846402168274,0.12143767,-0.32943812,0.00657362
0.7187030581491334,0.7374561876058578,0.3333333333333333,0.42424242424242425,0.14047224017289972,0.11204414652741479,0.0,0.0,0.33492525540164053,0.3349361392325698,0.40573320858337225,0.591973030493724,0.04645125940442085,0.04645125940442085,0.9357000272721052,0.0,0.0,0.0,0.4174304485321045,0.4527600668370724,0.4574209302663803,0.585608184337616,0.585608184337616,0.0,0.5,0.0,0.6976744186046512,0.586885392665863,0.05855598021298647,0.10089726,-0.33762991,0.01865197
0.7175684943795204,0.7363972614208857,0.3333333333333333,0.42424242424242425,0.142590092542844,0.11416199889735906,0.0,0.0,0.3433099877993874,0.34332086023363506,0.4021959008495849,0.5954120760387439,0.04585624539426395,0.04585624539426395,0.938332561403513,0.0,0.0,0.0,0.4304631024599075,0.45228615775704384,0.4570736177265644,0.6058862209320068,0.6058862209320068,0.0,0.5,0.0,0.6976744186046512,0.5844484567642212,0.05433236714452505,0.08164111,-0.33031201,0.03179257
0.7018371256334441,0.7217146505912144,0.3333333333333333,0.42424242424242425,0.17195531420218646,0.14352722055670153,0.0,0.0,0.35276843576084815,0.35277936517850395,0.4090415968721729,0.5883068633302397,0.04548930030848299,0.04548930030848299,0.9408694487065077,0.0,0.0,0.0,0.4341183096170425,0.45236867293715477,0.45717889443039894,0.6144201755523682,0.6144201755523682,0.0,0.5,0.0,0.6976744186046512,0.5767541527748108,0.051439772360026836,0.05688249,-0.31672943,0.04126855
0.7044621691817329,0.724164691236284,0.3333333333333333,0.42424242424242425,0.16705523291204732,0.1386271392665624,0.0,0.0,0.35902930536871885,0.3590402917697826,0.4231406026315051,0.5738382517898921,0.047117370579923906,0.047117370579923906,0.9427332021296024,0.0,0.0,0.0,0.4316088020801544,0.4540436938405037,0.45851830765604973,0.6133238673210144,0.6133238673210144,0.0,0.5,0.0,0.6976744186046512,0.5607960820198059,0.040244050323963165,0.03742247,-0.29878029,0.05092552
0.6848975742856662,0.7059044026666217,0.3333333333333333,0.42424242424242425,0.20357581005137193,0.175147716405887,0.0,0.0,0.363419398295036,0.36342819653323233,0.426986925688574,0.5698392231714606,0.047717087769082615,0.047717087769082615,0.9441356416791677,0.0,0.0,0.0,0.4138069093227386,0.45443710312247276,0.4587733782827854,0.5919314622879028,0.5919314622879028,0.0,0.5,0.0,0.6976744186046512,0.5498361587524414,0.034780935384333134,0.02204277,-0.28135243,0.05250592
0.6668235922143573,0.6890353527334001,0.3333333333333333,0.42424242424242425,0.23731390991781515,0.20888581627233022,0.0,0.0,0.3705319647123435,0.370540842727311,0.4334823219087794,0.5631699805455221,0.048807492213589806,0.048807492213589806,0.9457258805632591,0.0,0.0,0.0,0.4095823675394058,0.4502984993159771,0.4549642354249954,0.5863983035087585,0.5863983035087585,0.0,0.5,0.0,0.6976744186046512,0.5276827216148376,0.028922571800649166,0.01213217,-0.27200273,0.05177077
0.6664996427439508,0.6887329998943541,0.3333333333333333,0.42424242424242425,0.23791861559590727,0.20949052195042234,0.0,0.0,0.36977781210073324,0.3697866559256559,0.44284651931339647,0.5538811055903402,0.049582145043781826,0.049582145043781826,0.9452888518571854,0.0,0.0,0.0,0.4134636104106903,0.44695158302783966,0.45181582495570183,0.5931257009506226,0.5931257009506226,0.0,0.5,0.0,0.6976744186046512,0.5191335082054138,0.022952617146074772,0.00839519,-0.27039301,0.05252651
0.664386853220917,0.6867610630061891,0.3333333333333333,0.42424242424242425,0.24186248937223714,0.2134343957267522,0.0,0.0,0.3703316566365171,0.3703405118581214,0.44622909999942234,0.5505028830665881,0.05023487976619176,0.05023487976619176,0.9450077079236507,0.0,0.0,0.0,0.422736331820488,0.4453212805092335,0.4499029666185379,0.6064727306365967,0.6064727306365967,0.0,0.5,0.0,0.6976744186046512,0.5199610590934753,0.02135404385626316,0.01075899,-0.2750774,0.03912978
0.5993054019553321,0.6260183751583099,0.3333333333333333,0.42424242424242425,0.36334786506799555,0.3349197714225106,0.9687650203704834,0.9686312079429626,0.33086568903512753,0.33087391743924377,0.4542759977152881,0.545396485908259,0.07969721353479794,0.07969721353479794,0.9265533909201622,0.0,0.0,0.0,0.3887937784194946,0.3856876492500305,0.3925990089774132,0.5464153289794922,0.5464153289794922,0.0,0.5,0.0,0.6976744186046512,0.425282746553421,0.03900491865351796,0.03096107,-0.28593108,0.02177722
0.6087440236338547,0.6348277553915977,0.3333333333333333,0.42424242424242425,0.3457291046014199,0.317301010955935,0.1253068447113037,0.12515097856521606,0.3513440215108955,0.35135270578227584,0.4494571587779554,0.5477444081707115,0.07105552192245211,0.07105552192245211,0.9291058331727982,0.0,0.0,0.0,0.3961568683385849,0.43197207152843475,0.4368690475821495,0.5672683119773865,0.5672683119773865,0.0,0.5,0.0,0.6976744186046512,0.5128061771392822,0.03543104510754347,0.04564492,-0.29079315,0.01126276
0.6307384346922238,0.655355872379409,0.3333333333333333,0.42424242424242425,0.30467287062579756,0.27624477698031263,0.00616305461153388,0.006138694006949663,0.3576971928430561,0.35770592270116275,0.4455044704915005,0.5515900460022991,0.059845075011253364,0.059845075011253364,0.9344702772796154,0.0,0.0,0.0,0.4007439851760864,0.4390700198709965,0.44309478998184204,0.5737332105636597,0.5737332105636597,0.0,0.5,0.0,0.6976744186046512,0.5202375054359436,0.032656341791152954,0.0631489813,-0.303189337,-5.03771007e-05
0.6379856410480681,0.6621199316448636,0.3333333333333333,0.42424242424242425,0.2911447520948883,0.2627166584494034,0.09675794094800949,0.09666930139064789,0.3522008582237346,0.352209565288478,0.4475660333214025,0.5497431378896281,0.05503018519708089,0.05503018519708089,0.9367921631783247,0.0,0.0,0.0,0.40314453244209286,0.4399015083909035,0.4438316933810711,0.575522243976593,0.575522243976593,0.0,0.5,0.0,0.6976744186046512,0.5209713578224182,0.03335565561428666,0.10511989,-0.32502347,-0.02362484
0.6088670158670062,0.6349425481425391,0.3333333333333333,0.42424242424242425,0.3454995190995372,0.31707142545405226,0.22107499837875366,0.22112435102462769,0.3099206966378265,0.3099290276120771,0.45211631230596827,0.546154067496446,0.0661194058401244,0.0661194058401244,0.9307290464639664,0.0,0.0,0.0,0.3778768271207809,0.4302026107907295,0.4353232681751251,0.5402767062187195,0.5402767062187195,0.0,0.5,0.0,0.6976744186046512,0.5123605728149414,0.03825382795184851,0.13665453,-0.33028829,-0.03466176
0.6248169083680426,0.6498291144768397,0.3333333333333333,0.42424242424242425,0.31572638643093603,0.2872982927854511,0.07262105494737625,0.07244472950696945,0.313328247453241,0.3133366126175364,0.4607610542961106,0.5372053012172711,0.05517486216766494,0.05517486216766494,0.927284125238657,0.0,0.0,0.0,0.3625659793615341,0.4304436445236206,0.43591389805078506,0.5124172568321228,0.5124172568321228,0.0,0.5,0.0,0.6976744186046512,0.5079702138900757,0.06311346776783466,0.16505698,-0.33611441,-0.04313306
0.6065200430651505,0.6327520401941406,0.3333333333333333,0.42424242424242425,0.34988053499633437,0.32145244135084944,0.0631752759218216,0.06290418654680252,0.294283925233334,0.2942920852573606,0.45319762375796957,0.5455292387293078,0.05100283239568983,0.05100283239568983,0.9096904173493385,0.0,0.0,0.0,0.30166395753622055,0.42670348286628723,0.43330324441194534,0.42810630798339844,0.42810630798339844,0.0,0.5,0.0,0.6976744186046512,0.4983075261116028,0.06935087963938713,0.19798178,-0.34139082,-0.05700545
0.6016659942411241,0.6282215946250491,0.3333333333333333,0.42424242424242425,0.35894142613451707,0.33051333248903214,0.08635150641202927,0.08588595688343048,0.28656588731258825,0.28657409292334124,0.45892758180260884,0.5397050579072362,0.048128544752086916,0.048128544752086916,0.8949999511241913,0.0,0.0,0.0,0.32209679335355756,0.41415057331323624,0.4216402992606163,0.4514141380786896,0.4514141380786896,0.0,0.5,0.0,0.6976744186046512,0.48387494683265686,0.07445715833455324,0.22593007,-0.34392288,-0.06734813
0.6389977403339886,0.663064557645056,0.3333333333333333,0.42424242424242425,0.28925550009450346,0.26082740644901853,0.0745067223906517,0.07413676381111145,0.27611829856157755,0.27612636741215135,0.46549641823905374,0.5332373328299591,0.046143922954797745,0.046143922954797745,0.8893739804625511,0.0,0.0,0.0,0.32918091118335724,0.41052867472171783,0.41781122982501984,0.4604247808456421,0.4604247808456421,0.0,0.5,0.0,0.6976744186046512,0.4802875816822052,0.0894706230610609,0.24135739,-0.3456679,-0.07831135
0.6612282061860675,0.6838129924403297,0.3333333333333333,0.42424242424242425,0.24775863050395613,0.2193305368584712,0.0817355364561081,0.08129323273897171,0.2710543426455321,0.2710623431160163,0.4667637919148797,0.5321270282199638,0.04416032960372312,0.04416032960372312,0.8855687789618969,0.0,0.0,0.0,0.3230908080935478,0.40835433453321457,0.4158382713794708,0.45160698890686035,0.45160698890686035,0.0,0.5,0.0,0.6976744186046512,0.4777662754058838,0.0985239539295435,0.25971005,-0.34369162,-0.086014
0.6774405808675856,0.69894454214308,0.3333333333333333,0.42424242424242425,0.21749553109845549,0.18906743745297055,0.07141494750976562,0.07094428688287735,0.2696716060601958,0.2696796521174064,0.4672549689477078,0.531659466535999,0.04332124388643674,0.04332124388643674,0.8840163499116898,0.0,0.0,0.0,0.3199998036026954,0.4084577336907387,0.41595564782619476,0.4478231966495514,0.4478231966495514,0.0,0.5,0.0,0.6976744186046512,0.47619035840034485,0.09828127920627594,0.25881744,-0.34124994,-0.08902668
0.6589492509762446,0.6816859675778283,0.3333333333333333,0.42424242424242425,0.25201268022895884,0.2235845865834739,0.1040286123752594,0.10344317555427551,0.27100330830532093,0.27101142274262113,0.4672453045617098,0.5315427759130822,0.04315787527178015,0.04315787527178015,0.8833275847136974,0.0,0.0,0.0,0.3032316565513611,0.40848351269960403,0.41593659669160843,0.42845678329467773,0.42845678329467773,0.0,0.5,0.0,0.6976744186046512,0.37309709191322327,0.09530705399811268,0.25269557,-0.33759734,-0.09461501
0.597921815833875,0.6247270281116167,0.3333333333333333,0.42424242424242425,0.3659305591613819,0.33750246551589697,0.7144759893417358,0.7120014429092407,0.1878189520899698,0.18782601803256266,0.4670370928871928,0.5350486017385309,0.06024594551750592,0.06024594551750592,0.8823731727898121,0.0,0.0,0.0,0.29640743285417553,0.39696482568979263,0.4067995175719261,0.4195880889892578,0.4195880889892578,0.0,0.5,0.0,0.6976744186046512,0.2783781886100769,0.10506100952625275,0.23196045,-0.33487225,-0.1122472
0.590106684537161,0.6174329055680169,0.3333333333333333,0.42424242424242425,0.38051880424858164,0.3520907106030967,0.2941294014453888,0.293772429227829,0.26580455243929396,0.2658125073230517,0.4636701854875393,0.5354988461648023,0.06319624770964895,0.06319624770964895,0.8820051588118076,0.0,0.0,0.0,0.2947913974523544,0.40081463754177094,0.40843450278043747,0.415385901927948,0.415385901927948,0.0,0.5,0.0,0.6976744186046512,0.34779584407806396,0.14717912301421165,0.21976978,-0.33544591,-0.134308
0.5644070420946394,0.5934465726216634,0.3333333333333333,0.42424242424242425,0.42849147014128863,0.4000633764958037,0.21093162894248962,0.21041348576545715,0.28501261078376844,0.2850207480144319,0.46151948921083263,0.537181104637646,0.05948353824870927,0.05948353824870927,0.880775086581707,0.0,0.0,0.0,0.2975156128406524,0.4028206616640091,0.41038183867931366,0.42098328471183777,0.42098328471183777,0.0,0.5,0.0,0.6976744186046512,0.2975146174430847,0.139990309253335,0.20796687,-0.3542138,-0.16721685
0.4642857142857143,0.5,0.3333333333333333,0.42424242424242425,0.6153846153846154,0.5869565217391305,0.20040346682071686,0.20005197823047638,0.28928497598914293,0.2892931360131696,0.45506657127212613,0.5436864993090789,0.05541001047406878,0.05541001047406878,0.8813450634479523,0.0,0.0,0.0,0.28852042406797407,0.4051441624760628,0.41122858226299286,0.41488802433013916,0.41488802433013916,0.0,0.5,0.0,0.6976744186046512,0.12345732748508453,0.09446585550904274,0.19831476,-0.36139688,-0.18363753
0.4642857142857143,0.5,0.3333333333333333,0.42424242424242425,0.6153846153846154,0.5869565217391305,0.17155027389526367,0.17129768431186676,0.297317699082267,0.2973267708408217,0.4481742400284251,0.5505677893051859,0.049615574202367244,0.049615574202367244,0.9042180106043816,0.0,0.0,0.0,0.14573168158531188,0.45249801129102707,0.45474744588136673,0.2105710208415985,0.2105710208415985,0.08965053409337997,0.464139786362648,0.09305867552757263,0.6158631554869718,0.05530237779021263,0.03593543078750372,0.18090639,-0.37954178,-0.21348888
0.4642857142857143,0.5,0.3333333333333333,0.42424242424242425,0.6153846153846154,0.5869565217391305,0.14851628243923187,0.14833271503448486,0.31632662320912,0.31633586591789875,0.4431256810292231,0.5552703846054675,0.04151095902281148,0.04151095902281148,0.9258617497980595,0.0,0.0,0.0,0.10996645316481589,0.46833446994423866,0.469706105068326,0.15933263301849365,0.15933263301849365,0.07171907275915146,0.4713123708963394,0.07327146828174591,0.6148583407318869,0.03920424357056618,0.022161819506436586,0.16342331,-0.39942628,-0.22822046
0.4642857142857143,0.5,0.3333333333333333,0.42424242424242425,0.6153846153846154,0.5869565217391305,0.1398950070142746,0.1397065967321396,0.3281662596343352,0.32817563910329317,0.44506388617747145,0.5530275936812853,0.03850710046078478,0.03850710046078478,0.9307352118194103,0.0,0.0,0.0,0.14470869004726408,0.46909367479383945,0.4704953785985708,0.21074365079402924,0.21074365079402924,0.06756822019815445,0.4729727119207382,0.06886948645114899,0.6141841810110004,0.038915276527404785,0.02114864531904459,0.15591342,-0.41554767,-0.22930738
0.4642857142857143,0.5,0.3333333333333333,0.42424242424242425,0.6153846153846154,0.5869565217391305,0.630634069442749,0.6272487044334412,0.21884172231699722,0.21884981396093423,0.45452333989608357,0.5469745373982949,0.0514708725469453,0.0514708725469453,0.919234074652195,0.0,0.0,0.0,0.2038122311234474,0.44704658538103104,0.45233141258358955,0.2934463918209076,0.2934463918209076,0.08416279405355453,0.4663348823785782,0.08590979129076004,0.6012383588524752,0.05824288725852966,0.02070479327812791,0.15786934,-0.40866393,-0.223975
0.4642857142857143,0.5,0.3333333333333333,0.42424242424242425,0.6153846153846154,0.5869565217391305,0.23841559886932373,0.23772181570529938,0.30728797201444724,0.3072970893597283,0.45553740522829567,0.5431830145724139,0.05213025425161635,0.05213025425161635,0.926356166601181,0.0,0.0,0.0,0.1262573018670082,0.4663812816143036,0.46752894297242165,0.18423999845981598,0.18423999845981598,0.08677967637777328,0.4652881294488907,0.08788251131772995,0.5956013327421144,0.042987458407878876,0.020007234998047352,0.16575552,-0.39131543,-0.21470968
0.4642857142857143,0.5,0.3333333333333333,0.42424242424242425,0.6153846153846154,0.5869565217391305,0.118535615503788,0.11798068135976791,0.3615923392841055,0.3616019922734218,0.4616594233658756,0.5357079866688698,0.04456745460629463,0.04456745460629463,0.9396773390471935,0.0,0.0,0.0,0.08864237740635872,0.4741782248020172,0.4748495314270258,0.1302105188369751,0.1302105188369751,0.07187127321958542,0.4712514907121658,0.07024040818214417,0.5862885990808177,0.02824317291378975,0.014401437947526574,0.16404996,-0.36404702,-0.17991237
0.4642857142857143,0.5,0.3333333333333333,0.42424242424242425,0.6153846153846154,0.5869565217391305,0.07971099019050598,0.07905172556638718,0.3854527509919088,0.38546268889826524,0.4674240729093096,0.5290568092078547,0.04158419956054007,0.04158419956054007,0.9461625702679157,0.0,0.0,0.0,0.07407972663640976,0.47928388975560665,0.47959662415087223,0.10937093198299408,0.10937093198299408,0.06445131450891495,0.474219474196434,0.06268057972192764,0.587236822344536,0.02469002641737461,0.0071729428600519896,0.1511879,-0.34223369,-0.14622049
0.4642857142857143,0.5,0.3333333333333333,0.42424242424242425,0.6153846153846154,0.5869565217391305,0.06069602444767952,0.059988394379615784,0.3983962586003553,0.3984063104735278,0.47130134650443756,0.524984598223105,0.03900500812700817,0.03900500812700817,0.9510935805737972,0.0,0.0,0.0,0.06269568353891372,0.482525696977973,0.4827276710420847,0.0,-0.0,0.061370689421892166,0.47545172423124316,0.05941469594836235,0.5921623873156171,0.022247634828090668,0.0016086976393125951,0.12356133,-0.31842262,-0.11920828
0.4642857142857143,0.5,0.3333333333333333,0.42424242424242425,0.6153846153846154,0.5869565217391305,0.014517536386847496,0.014475210569798946,0.4365920945289714,0.4366023173523679,0.4597215287772009,0.5365467283004962,0.03974463258470808,0.03974463258470808,0.9550496190786362,0.0,0.0,0.0,0.06603354103863239,0.4839500579982996,0.48411621525883675,0.0,-0.0,0.06002436950802803,0.4759902521967888,0.058184344321489334,0.599611141653948,0.022023528814315796,1.830077962949872e-05,0.10284645,-0.32272685,-0.11012729
0.4642857142857143,0.5,0.3333333333333333,0.42424242424242425,0.6153846153846154,0.5869565217391305,0.0,0.0,0.44489854881913893,0.4449088343242842,0.45993944472610154,0.5360304586239522,0.041835246873753416,0.041835246873753416,0.9576150625944138,0.0,0.0,0.0,0.07291006743907928,0.48476498760282993,0.4849648457020521,0.1081957221031189,0.1081957221031189,0.05893035978078842,0.4764278560876846,0.05716107785701752,0.6011525593524756,0.022421089932322502,6.524554919451475e-05,0.09211343,-0.32698917,-0.10146942
0.4642857142857143,0.5,0.3333333333333333,0.42424242424242425,0.6153846153846154,0.5869565217391305,0.0,0.0,0.4307186722071631,0.43072878106374357,0.44334197295099553,0.5527208277780349,0.04340801388025284,0.04340801388025284,0.9579074662178755,0.0,0.0,0.0,0.12658193483948707,0.4817689582705498,0.4826958756893873,0.18654997646808624,0.18654997646808624,0.05702409893274307,0.47719036042690277,0.05578061565756798,0.6205146829056185,0.02894917130470276,0.0027082813903689384,0.0901831,-0.33430764,-0.09855976
0.4642857142857143,0.5,0.3333333333333333,0.42424242424242425,0.6153846153846154,0.5869565217391305,0.0,0.0,0.40893819478000326,0.4089481896697677,0.4308064437505164,0.5658232946987996,0.04422282400940146,0.04422282400940146,0.9562787543982267,0.0,0.0,0.0,0.20239888727664945,0.4587429016828537,0.4608055353164673,0.29247263073921204,0.29247263073921204,0.055135633796453476,0.47794574648141863,0.05521849915385246,0.62657623096954,0.05863402783870697,0.004962936509400606,0.08457469,-0.3359558,-0.09121044
0.4642857142857143,0.5,0.3333333333333333,0.42424242424242425,0.6153846153846154,0.5869565217391305,0.0,0.0,0.38567480393623077,0.3856846734624976,0.4252236083178402,0.5715127717303906,0.046823282859155116,0.046823282859155116,0.9485312849283218,0.0,0.0,0.0,0.3066536828875541,0.4389691948890686,0.44473668932914734,0.4412733316421509,0.4412733316421509,0.0,0.5,0.0,0.6976744186046512,0.18936079740524292,0.006028220523148775,0.07235458,-0.33016789,-0.08144992
0.4642857142857143,0.5,0.3333333333333333,0.42424242424242425,0.6153846153846154,0.5869565217391305,0.0,0.0,0.3558859638228699,0.3558956851922759,0.41814981341134067,0.5791498718429884,0.04846995696425438,0.04846995696425438,0.935322642326355,0.0,0.0,0.0,0.3301924079656601,0.4297185018658638,0.43683116137981415,0.468874454498291,0.468874454498291,0.0,0.5,0.0,0.6976744186046512,0.36569836735725403,0.009434957755729556,0.06615973,-0.32278109,-0.07583452
0.7453643576729865,0.7623400671614541,0.3333333333333333,0.42424242424242425,0.09070448106170725,0.06227638741622232,0.0,0.0,0.30273946521387046,0.302748742112694,0.4213822200239047,0.5771521047875207,0.04810146588299956,0.04810146588299956,0.9258306361734867,0.0,0.0,0.0,0.3377388820052147,0.4463410787284374,0.4515588693320751,0.4767542779445648,0.4767542779445648,0.0,0.5,0.0,0.6976744186046512,0.5575152039527893,0.002439423988107592,0.06739961,-0.31209096,-0.07165917
0.8298121030841554,0.841157962878545,0.3333333333333333,0.42424242424242425,-0.0669313103724748,-0.09535940401795973,0.0,0.0,0.27452832471800126,0.27453744206328234,0.42297251867290664,0.5763105609968054,0.045001071744731495,0.045001071744731495,0.9241524077951908,0.0,0.0,0.0,0.3547538012266159,0.45181743428111076,0.45665402337908745,0.5018947124481201,0.5018947124481201,0.0,0.5,0.0,0.6976744186046512,0.6371472477912903,0.0,0.06531408,-0.30535656,-0.0668221
0.8560990464119684,0.8656924433178372,0.3333333333333333,0.42424242424242425,-0.11600027125105894,-0.14442836489654387,0.0,0.0,0.2541154547813518,0.2541244125730905,0.41745705472351713,0.5821554958883658,0.04138494575662273,0.04138494575662273,0.920885968953371,0.0,0.0,0.0,0.36910434663295744,0.4543565548956394,0.45903824269771576,0.5230884552001953,0.5230884552001953,0.0,0.5,0.0,0.6976744186046512,0.6814782619476318,0.0,0.05834132,-0.29888994,-0.05470684
0.8573804930562064,0.8668884601857927,0.3333333333333333,0.42424242424242425,-0.11839230498696995,-0.14682039863245488,0.0,0.0,0.24234653476547324,0.24235533300366957,0.4152870467698369,0.584606084444732,0.03865081417773451,0.03865081417773451,0.914663054049015,0.0,0.0,0.0,0.37136055231094356,0.45502912625670433,0.4597426541149616,0.5263320803642273,0.5263320803642273,0.0,0.5,0.0,0.6976744186046512,0.6884411573410034,0.0,0.05673342,-0.29642332,-0.04902476
0.847550250235058,0.8577135668860542,0.3333333333333333,0.42424242424242425,-0.1000425183874929,-0.12847061203297783,0.0,0.0,0.23663447236011864,0.23664322501158852,0.4140207044936959,0.5859909265669941,0.037410007789731026,0.037410007789731026,0.9081367142498493,0.0,0.0,0.0,0.36041193306446073,0.4536915421485901,0.45874931663274765,0.5095090866088867,0.5095090866088867,0.0,0.5,0.0,0.6976744186046512,0.6828974485397339,0.0,0.08460977,-0.30116448,-0.06639521
0.8391280429703849,0.8498528401056926,0.3333333333333333,0.42424242424242425,-0.08432106482676971,-0.11274915847225464,0.0,0.0,0.23736449819677874,0.23737327364161181,0.40980438247009626,0.5902933505200925,0.036913542343037474,0.036913542343037474,0.9047790840268135,0.0,0.0,0.0,0.35393245816230773,0.45046988874673843,0.45677400380373,0.4971866011619568,0.4971866011619568,0.0,0.5,0.0,0.6976744186046512,0.659275472164154,0.0,0.10054181,-0.30846411,-0.07461759
0.8360137357598258,0.8469461533758376,0.3333333333333333,0.42424242424242425,-0.0785076913670596,-0.10693578501254453,0.0,0.0,0.246189518594833,0.24619838521311893,0.39464789002165057,0.6055078948154454,0.03693545104137489,0.03693545104137489,0.9042055271565914,0.0,0.0,0.0,0.3434710308909416,0.44733521714806557,0.45453280210494995,0.4800125062465668,0.4800125062465668,0.0,0.5,0.0,0.6976744186046512,0.639468252658844,0.0,0.12365571,-0.309268,-0.0748625
0.8341119218440283,0.8451711270544264,0.3333333333333333,0.42424242424242425,-0.07495763872423733,-0.10338573236972226,0.0,0.0,0.25549112542409513,0.25550012880256023,0.37464294150956046,0.6256365543063188,0.03808331409735339,0.03808331409735339,0.904109351336956,0.0,0.0,0.0,0.3424937680363655,0.43602821230888367,0.4462445639073849,0.4788472354412079,0.4788472354412079,0.0,0.5,0.0,0.6976744186046512,0.6211720705032349,0.0,0.15943537,-0.31317228,-0.08662388
0.825966769740695,0.8375689850913154,0.3333333333333333,0.42424242424242425,-0.05975335479801536,-0.08818144844350029,0.0,0.0,0.25847675968994377,0.25848580865513526,0.3467717526291798,0.6538909452088654,0.03963668697646686,0.03963668697646686,0.9032299146056175,0.0,0.0,0.0,0.3310291677713394,0.4344194084405899,0.4445505514740944,0.461272269487381,0.461272269487381,0.0,0.5,0.0,0.6976744186046512,0.6159428358078003,0.0,0.1932436,-0.31704548,-0.10360352
0.8246347478457859,0.8363257646560669,0.3333333333333333,0.42424242424242425,-0.05726691392751837,-0.0856950075730033,0.0,0.0,0.2577114497270456,0.257720475898874,0.3134133236813955,0.6882380020955274,0.04050541269992079,0.04050541269992079,0.9037140868604183,0.0,0.0,0.0,0.3318013921380043,0.43459102511405945,0.44444719329476357,0.4622358977794647,0.4622358977794647,0.0,0.5,0.0,0.6976744186046512,0.6122024655342102,0.0,0.21375386,-0.3238844,-0.12002488
0.8158096238261177,0.8280889822377099,0.3333333333333333,0.42424242424242425,-0.04079334909080434,-0.06922144273628927,0.0,0.0,0.25657684169353534,0.25658589065872683,0.2896931595373792,0.7125161591674306,0.040175864206893105,0.040175864206893105,0.9055319726467133,0.0,0.0,0.0,0.3392191708087921,0.4355481192469597,0.4450572170317173,0.4685208201408386,0.4685208201408386,0.0,0.5,0.0,0.6976744186046512,0.5919618606567383,0.0,0.23367653,-0.32576811,-0.13245188
0.8103041592098418,0.8229505485958524,0.3333333333333333,0.42424242424242425,-0.030516481807089213,-0.058944575452574144,0.0,0.0,0.25802319455557066,0.2580321979340358,0.2849997781202852,0.7175295252138474,0.04020398216588157,0.04020398216588157,0.9065882936120033,0.0,0.0,0.0,0.3395544275641441,0.4363904744386673,0.4455953799188137,0.4694773256778717,0.4694773256778717,0.0,0.5,0.0,0.6976744186046512,0.5908907651901245,0.0,0.26474667,-0.32551876,-0.14720972
0.8089867014260519,0.8217209213309817,0.3333333333333333,0.42424242424242425,-0.028057227277348162,-0.05648532092283309,0.0,0.0,0.2613572709647009,0.26136629713652926,0.28800606317319555,0.7145549115391073,0.04172048132334437,0.04172048132334437,0.906233761459589,0.0,0.0,0.0,0.33339967429637907,0.4373685121536255,0.44626033678650856,0.46315285563468933,0.46315285563468933,0.0,0.5,0.0,0.6976744186046512,0.5928030014038086,0.0,0.27572087,-0.32327929,-0.14501327
0.8002291115976515,0.8135471708244748,0.3333333333333333,0.42424242424242425,-0.011709726264334086,-0.04013781990981902,0.0,0.0,0.2713862140137652,0.27139533135904637,0.3226006103975139,0.678455386922596,0.04223240140293326,0.04223240140293326,0.908842671662569,0.0,0.0,0.0,0.3277903378009796,0.43937117233872414,0.4473998285830021,0.45465219020843506,0.45465219020843506,0.0,0.5,0.0,0.6976744186046512,0.6035833954811096,0.0,0.27374617,-0.3215746,-0.13878435
0.8040092523608888,0.8170753022034962,0.3333333333333333,0.42424242424242425,-0.01876598902237714,-0.04719408266786207,0.0,0.0,0.2831942246475365,0.2832033419928177,0.3486421760136037,0.6516526027523031,0.043252814295036454,0.043252814295036454,0.9111791215837002,0.0,0.0,0.0,0.32127273827791214,0.4399838075041771,0.44777659326791763,0.44514572620391846,0.44514572620391846,0.0,0.5,0.0,0.6976744186046512,0.6028960347175598,0.0,0.26060463,-0.32775187,-0.13676637
0.8033405627523149,0.8164511919021606,0.3333333333333333,0.42424242424242425,-0.01751776841970587,-0.0459458620651908,0.0,0.0,0.3126161599934215,0.31262559644578747,0.36873959720020766,0.630496538113403,0.04356738845152515,0.04356738845152515,0.9247656911611557,0.0,0.0,0.0,0.37008181810379026,0.44911518320441246,0.4541393667459488,0.5137523412704468,0.5137523412704468,0.0,0.5,0.0,0.6976744186046512,0.5983624458312988,0.0,0.25382609,-0.33417809,-0.14080724
0.7930498385713214,0.8068465159999,0.3333333333333333,0.42424242424242425,0.0016915833848154538,-0.026736510260669477,0.0,0.0,0.32844267474989586,0.32845212259894346,0.36858651697293754,0.6305297594402711,0.044500681438616345,0.044500681438616345,0.9309106711298227,0.0,0.0,0.0,0.3776483923196792,0.4536706395447254,0.4578983299434185,0.5241230726242065,0.5241230726242065,0.0,0.5,0.0,0.6976744186046512,0.5981886386871338,0.0,0.24737773,-0.33651787,-0.14455722
0.7885727137327194,0.8026678661505382,0.3333333333333333,0.42424242424242425,0.010048883083539129,-0.018379210561945802,0.0,0.0,0.33406847567220943,0.33407796910798343,0.371585850050071,0.6273040312831255,0.044899351362671175,0.044899351362671175,0.9348122999072075,0.0,0.0,0.0,0.38414889574050903,0.4547859840095043,0.45880377292633057,0.5335835218429565,0.5335835218429565,0.0,0.5,0.0,0.6976744186046512,0.5973976254463196,0.0,0.23343579,-0.34380955,-0.1577327
0.7715118953159876,0.7867444356282551,0.3333333333333333,0.42424242424242425,0.04189574412810504,0.013467650482620108,0.0,0.0,0.34553958900116144,0.3455491280236618,0.3728860860572946,0.6258670806834113,0.04547217860817909,0.04547217860817909,0.9379316214472055,0.0,0.0,0.0,0.3831855684518814,0.45659569650888443,0.46012453362345695,0.5326380133628845,0.5326380133628845,0.0,0.5,0.0,0.6976744186046512,0.5983331799507141,0.008135815733112395,0.21885408,-0.35050547,-0.17217492
0.7764588324796586,0.7913615769810147,0.3333333333333333,0.42424242424242425,0.03266146142258608,0.004233367777101149,0.0,0.0,0.3535318424779188,0.35354144988050884,0.3806758660887213,0.6178216502903018,0.046007175530706136,0.046007175530706136,0.9410638809204102,0.0,0.0,0.0,0.39034949243068695,0.45820195600390434,0.46144135296344757,0.5446845889091492,0.5446845889091492,0.0,0.5,0.0,0.6976744186046512,0.6025679111480713,0.015680385986343026,0.19232256,-0.34707177,-0.17176552
0.8059971737010139,0.8189306954542797,0.3333333333333333,0.42424242424242425,-0.02247677552394378,-0.05090486916942871,0.0,0.0,0.3343807675414514,0.33439036354735974,0.3963095034057734,0.6018310831513455,0.04606413921075208,0.04606413921075208,0.9430572725832462,0.0,0.0,0.0,0.39647790789604187,0.45867154374718666,0.46181879565119743,0.5552607774734497,0.5552607774734497,0.0,0.5,0.0,0.6976744186046512,0.5997005105018616,0.01771374372765422,0.18041105,-0.34003839,-0.16199499
0.7938896609204156,0.8076303501923878,0.3333333333333333,0.42424242424242425,0.00012391499983965826,-0.028304178645645273,0.0,0.0,0.33629668647882816,0.33630627108805494,0.3987769305592057,0.5992866087319468,0.04691443672137601,0.04691443672137601,0.9443932734429836,0.0,0.0,0.0,0.3886307448148727,0.45951392501592636,0.4624920226633549,0.5448719263076782,0.5448719263076782,0.0,0.5,0.0,0.6976744186046512,0.5910761952400208,0.018713079625740647,0.1624004,-0.33454427,-0.14049777
0.7790555726914179,0.7937852011786567,0.3333333333333333,0.42424242424242425,0.027814213027302026,-0.0006138806181829048,0.0,0.0,0.34849209311359475,0.34850173470622947,0.40702562076867654,0.5909189457140684,0.04855287394353322,0.04855287394353322,0.9451739564538002,0.0,0.0,0.0,0.38437109291553495,0.4596235752105713,0.46248774975538254,0.5388398170471191,0.5388398170471191,0.0,0.5,0.0,0.6976744186046512,0.5648804306983948,0.02180126029998064,0.14292578,-0.31747195,-0.12444396
0.7706960922195798,0.7859830194049411,0.3333333333333333,0.42424242424242425,0.043418576574733136,0.014990482929248206,0.0,0.0,0.35726514464354653,0.3572747748394997,0.41624750211179595,0.5814266581557627,0.050272137991019664,0.050272137991019664,0.946493873372674,0.0,0.0,0.0,0.3832083076238632,0.45905855670571327,0.4618731364607811,0.5379086136817932,0.5379086136817932,0.0,0.5,0.0,0.6976744186046512,0.5242820978164673,0.023046252317726612,0.12294913,-0.27584252,-0.09856205
0.7693216374942236,0.7847001949946086,0.3333333333333333,0.42424242424242425,0.04598422539539826,0.01755613174991333,0.0,0.0,0.3540800798463548,0.35408967585226314,0.4148629762474483,0.5829432772582115,0.05092715844511986,0.05092715844511986,0.9477359261363745,0.0,0.0,0.0,0.38346834778785704,0.4586561694741249,0.4613351598381996,0.5389624834060669,0.5389624834060669,0.0,0.5,0.0,0.6976744186046512,0.5251333713531494,0.026475563645362854,0.10928605,-0.21512555,-0.02698019
0.7682243443670727,0.7836760547426012,0.3333333333333333,0.42424242424242425,0.0480325058994131,0.019604412253928172,0.0,0.0,0.33246311630847125,0.3324725983475636,0.40703863577906535,0.5912783885042658,0.05052395164966583,0.05052395164966583,0.945727176964283,0.0,0.0,0.0,0.36910862326622007,0.4579727500677109,0.46067965775728226,0.5174375176429749,0.5174375176429749,0.0,0.5,0.0,0.6976744186046512,0.52829909324646,0.029356216546148062,0.11128316,-0.18270124,0.03988462
0.7700926484096617,0.785419805182351,0.3333333333333333,0.42424242424242425,0.04454500501991343,0.0161169113744285,0.0,0.0,0.3203527859018592,0.32036153855332905,0.41090419073633666,0.5875344218938295,0.04954682396990913,0.04954682396990913,0.9420636761933565,0.0,0.0,0.0,0.3655879735946655,0.4561920613050461,0.45932721346616745,0.5109483599662781,0.5109483599662781,0.0,0.5,0.0,0.6976744186046512,0.5310816168785095,0.03199003869667649,0.13201854,-0.17946349,0.08657987
0.770427942276001,0.7857327461242676,0.3333333333333333,0.42424242424242425,0.04391912313608026,0.015491029490595332,0.0,0.0,0.30048515600638454,0.3004937035175856,0.41662466389271313,0.5823242721953715,0.04852610773273877,0.04852610773273877,0.9272757321596146,0.0,0.0,0.0,0.3467049792408943,0.44604383781552315,0.4517115615308285,0.4832141101360321,0.4832141101360321,0.0,0.5,0.0,0.6976744186046512,0.5295606851577759,0.03708612872287631,0.14171011,-0.17972261,0.10816935
0.7600476248633294,0.7760444498724408,0.3333333333333333,0.42424242424242425,0.06329571563973391,0.034867621994248976,0.0,0.0,0.2737594134037171,0.27376780136137574,0.41609483786340423,0.5832585636055442,0.04712010733783245,0.04712010733783245,0.908458337187767,0.0,0.0,0.0,0.3266383379697799,0.4367763623595238,0.44414448365569115,0.4530605971813202,0.4530605971813202,0.0,0.5,0.0,0.6976744186046512,0.5301766395568848,0.04206383600831032,0.15285156,-0.19072685,0.11516678
0.7693107099760146,0.7846899959776137,0.3333333333333333,0.42424242424242425,0.04600462342938816,0.017576529783903228,0.0,0.0,0.2518803147923194,0.2518884976097092,0.4062551424106722,0.593503094831292,0.045803259792072434,0.045803259792072434,0.883245050907135,0.0,0.0,0.0,0.3248494431376457,0.4168289974331856,0.4265587106347084,0.4500158429145813,0.4500158429145813,0.0,0.5,0.0,0.6976744186046512,0.5115910768508911,0.04072321578860283,0.15914971,-0.2009227,0.11380549
0.7631138314803442,0.7789062427149879,0.3333333333333333,0.42424242424242425,0.05757212995463967,0.02914403630915474,0.0,0.0,0.23699520012616654,0.23700320059665075,0.40357342915142924,0.5965267313319406,0.045637520296233046,0.045637520296233046,0.8582371696829796,0.0,0.0,0.0,0.33352980911731717,0.4015401527285576,0.4129286929965019,0.46232539415359497,0.46232539415359497,0.0,0.5,0.0,0.6976744186046512,0.4911174476146698,0.04556959494948387,0.16244946,-0.20527503,0.10868156
0.7213654078188396,0.7399410472975837,0.3333333333333333,0.42424242424242425,0.13550252078944808,0.10707442714396315,0.09838181734085083,0.09812989830970764,0.24418778264499758,0.24419594266902417,0.4190613769892297,0.5807684912457698,0.046103486259068766,0.046103486259068766,0.8496630117297173,0.0,0.0,0.0,0.32181429564952846,0.3950372338294983,0.4077017977833748,0.449718177318573,0.449718177318573,0.0,0.5,0.0,0.6976744186046512,0.4863918721675873,0.06301508285105228,0.16165013,-0.20900889,0.10204802
0.6981121014271463,0.7182379613320032,0.3333333333333333,0.42424242424242425,0.1789086927206089,0.15048059907512396,0.06716176122426987,0.06701696664094925,0.29557851988316497,0.29558693063418673,0.5087479845287695,0.49089673891527424,0.04823761859110424,0.04823761859110424,0.8541883453726768,0.0,0.0,0.0,0.31819502264261246,0.39610475301742554,0.4090285673737526,0.44648727774620056,0.44648727774620056,0.0,0.5,0.0,0.6976744186046512,0.4961746335029602,0.09396412409842014,0.17058296,-0.21526432,0.09757397
0.7092940569633529,0.728674453165796,0.3333333333333333,0.42424242424242425,0.15803570905302328,0.12960761540753835,0.009140693582594395,0.009139186702668667,0.29923644439668085,0.2992448779410659,0.5094835940271217,0.4901066297732115,0.048956998756953654,0.048956998756953654,0.8606842458248138,0.0,0.0,0.0,0.32915757745504376,0.39763420075178146,0.41038716584444046,0.45878085494041443,0.45878085494041443,0.0,0.5,0.0,0.6976744186046512,0.5075065493583679,0.100195137783885,0.16374186,-0.21538235,0.09480097
0.7120425672758193,0.7312397294574313,0.3333333333333333,0.42424242424242425,0.15290515646975267,0.12447706282426774,0.0,0.0,0.30285990534503415,0.30286847564959846,0.5107645853128762,0.4887671549912342,0.0487363019159862,0.0487363019159862,0.8645807951688766,0.0,0.0,0.0,0.3348703354597091,0.4004150927066803,0.41230473667383194,0.4662652909755707,0.4662652909755707,0.0,0.5,0.0,0.6976744186046512,0.5181918740272522,0.09999215602874756,0.15917889,-0.21145698,0.09084849
0.6977357672793525,0.7178867161273956,0.3333333333333333,0.42424242424242425,0.17961118312982416,0.15118308948433923,0.0,0.0,0.31321007526171596,0.313218622772917,0.5111666830331372,0.4883225761403039,0.04941321377243315,0.04941321377243315,0.8684465102851391,0.0,0.0,0.0,0.3211869657039642,0.4013843759894371,0.41399120539426804,0.4479774832725525,0.4479774832725525,0.0,0.5,0.0,0.6976744186046512,0.5184422731399536,0.09342262521386147,0.1786643,-0.21511413,0.10460211
0.700864026589053,0.7208064248164494,0.3333333333333333,0.42424242424242425,0.1737717657517165,0.14534367210623156,0.0,0.0,0.32660682889745063,0.3266154789787862,0.4930308693681575,0.506141555646131,0.04960672929883003,0.04960672929883003,0.8763541579246521,0.0,0.0,0.0,0.32211116701364517,0.4110706150531769,0.4232954680919647,0.44861215353012085,0.44861215353012085,0.0,0.5,0.0,0.6976744186046512,0.5321393609046936,0.07915046066045761,0.19301025,-0.21286164,0.12915289
0.7167592282806123,0.7356419463952382,0.3333333333333333,0.42424242424242425,0.14410072259413897,0.11567262894865404,0.0,0.0,0.339174234616369,0.3391829644744756,0.49554217517034044,0.5036561559258131,0.048989658909184594,0.048989658909184594,0.8931541442871094,0.0,0.0,0.0,0.32319009900093076,0.41872482001781464,0.4300478473305702,0.4496999680995941,0.4496999680995941,0.0,0.5,0.0,0.6976744186046512,0.5477036833763123,0.057212659157812595,0.21349484,-0.21300295,0.18099137
0.7523549802246547,0.7688646482096778,0.3333333333333333,0.42424242424242425,0.07765531896525979,0.04922722531977486,0.0,0.0,0.2755176022677303,0.2755260358121153,0.3711570499048178,0.62886246481037,0.048081755105938234,0.048081755105938234,0.895238533616066,0.0,0.0,0.0,0.3095327228307724,0.4184764325618744,0.4295969381928444,0.4294466972351074,0.4294466972351074,0.0,0.5,0.0,0.6976744186046512,0.5476974844932556,0.025322637520730495,0.22908074,-0.21655603,0.19782235
0.7363987281208946,0.7539721462461684,0.3333333333333333,0.42424242424242425,0.10744032289227878,0.07901222924679385,0.0,0.0,0.29246036500365513,0.2924689125148562,0.3762407562700786,0.6233401058686117,0.04740312695503235,0.04740312695503235,0.8984721265733242,0.0,0.0,0.0,0.3203492671251297,0.4275900200009346,0.43532320111989975,0.44446641206741333,0.44446641206741333,0.0,0.5,0.0,0.6976744186046512,0.5445860028266907,0.015248022973537445,0.22863672,-0.21685126,0.20504728
0.734461417510396,0.7521639896763695,0.3333333333333333,0.42424242424242425,0.11105663603187632,0.08262854238639139,0.0,0.0,0.3106512695152035,0.31065995378658373,0.3807468902084613,0.6182903217261375,0.04720110845352923,0.04720110845352923,0.9135075658559799,0.0,0.0,0.0,0.34902478158473965,0.4361092075705528,0.4419906437397003,0.4849472641944885,0.4849472641944885,0.0,0.5,0.0,0.6976744186046512,0.5432296991348267,0.011562047293409705,0.23138902,-0.21838652,0.22188376
0.7147587473903383,0.733774830897649,0.3333333333333333,0.42424242424242425,0.1478349535893172,0.11940685994383227,0.012410495430231094,0.01233681570738554,0.34344258818981976,0.3434515231881953,0.4338886819879594,0.5641675057312676,0.04667518793472222,0.04667518793472222,0.9294203333556652,0.0,0.0,0.0,0.38865805268287656,0.4435407407581806,0.4472208358347416,0.5471776723861694,0.5471776723861694,0.0,0.5,0.0,0.6976744186046512,0.5465494990348816,0.043992577120661736,0.24741749,-0.22883433,0.24375303
0.6902932137960479,0.7109403328763114,0.3333333333333333,0.42424242424242425,0.19350394963199263,0.1650758559865077,0.01918148621916771,0.019125254824757576,0.34908764950403975,0.34909661869246006,0.4926377892722135,0.5052431552354916,0.04548713032688414,0.04548713032688414,0.9344168230891228,0.0,0.0,0.0,0.4127028495073318,0.4447297938168049,0.4478805214166641,0.5862652063369751,0.5862652063369751,0.0,0.5,0.0,0.6976744186046512,0.5382078886032104,0.07574053946882486,0.24583436,-0.23145238,0.25469384
0.6833220514513197,0.7044339146878984,0.3333333333333333,0.42424242424242425,0.20651678600881856,0.17808869236333363,0.018026405945420265,0.01797499507665634,0.3440292665652973,0.3440382129603544,0.5296459143293976,0.468593484306376,0.04420651655111994,0.04420651655111994,0.936222679913044,0.0,0.0,0.0,0.4078985631465912,0.44607845693826675,0.4486888386309147,0.5837934613227844,0.5837934613227844,0.0,0.5,0.0,0.6976744186046512,0.537447988986969,0.09700345806777477,0.24631799,-0.23531991,0.26237074
0.675410430701006,0.697049735320939,0.3333333333333333,0.42424242424242425,0.22128514474273753,0.1928570510972526,0.010441703721880913,0.010422026738524437,0.34012665529779906,0.3401355902961746,0.5384531815466872,0.4599575576494524,0.043466155018125265,0.043466155018125265,0.936763733625412,0.0,0.0,0.0,0.3929976046085357,0.44555000215768814,0.4479656293988228,0.5634164214134216,0.5634164214134216,0.0,0.5,0.0,0.6976744186046512,0.537652850151062,0.10220715776085854,0.24452764,-0.2351183,0.26430351
0.6719628962732497,0.6938320365216997,0.3333333333333333,0.42424242424242425,0.22772054234121603,0.1992924486957311,0.007007027510553598,0.006991522386670113,0.337475912520808,0.3374848133291387,0.5393925587260244,0.4590607185841924,0.043279239907860756,0.043279239907860756,0.9358188919723034,0.0,0.0,0.0,0.3890343338251114,0.444359190762043,0.44672705233097076,0.5572329163551331,0.5572329163551331,0.0,0.5,0.0,0.6976744186046512,0.5363339781761169,0.10545740835368633,0.23933188,-0.23437576,0.26499301
0.6724441328219005,0.6942811906337738,0.3333333333333333,0.42424242424242425,0.2268222341170678,0.19839414047158288,0.0,0.0,0.3333923333461608,0.33340117717108353,0.5351409212353124,0.4633696272491219,0.042682436427899775,0.042682436427899775,0.9344001971185207,0.0,0.0,0.0,0.38773087859153743,0.44391851872205734,0.44614893943071365,0.5549888610839844,0.5549888610839844,0.0,0.5,0.0,0.6976744186046512,0.5367805361747742,0.10498883202672005,0.23451502,-0.23518898,0.26494649
0.6514044471439862,0.6746441506677203,0.3333333333333333,0.42424242424242425,0.26609631404917466,0.23766822040368973,0.9550819396972656,0.9550248384475708,0.27091008344982137,0.27091828906057447,0.5212954816695153,0.47932022337653163,0.06824976365481104,0.06824976365481104,0.9176303707063198,0.0,0.0,0.0,0.38020529747009274,0.40898240357637405,0.41175707429647446,0.5390117764472961,0.5390117764472961,0.0,0.5,0.0,0.6976744186046512,0.5128071904182434,0.11339775286614895,0.22779307,-0.22994584,0.26224631
0.666131663890112,0.6883895529641045,0.3333333333333333,0.42424242424242425,0.23860550945640635,0.21017741581092142,0.19100995361804962,0.1909380704164505,0.31332636700077676,0.31333508546220185,0.5183578530757422,0.4804288355793091,0.06114781701139042,0.06114781701139042,0.9191077947616577,0.0,0.0,0.0,0.3877168387174606,0.43801921233534813,0.4401777982711792,0.5554656386375427,0.5554656386375427,0.0,0.5,0.0,0.6976744186046512,0.5721297264099121,0.11255912482738495,0.21916912,-0.2258641,0.26200432
0.666677356830665,0.6888988663752873,0.3333333333333333,0.42424242424242425,0.2375868826340407,0.20915878898855578,0.45100870728492737,0.45024606585502625,0.26213655325924234,0.26214471328326894,0.5119505845451902,0.48807003707269814,0.05414377099701337,0.05414377099701337,0.924437876790762,0.0,0.0,0.0,0.3721815198659897,0.43550968915224075,0.4400670789182186,0.5330401659011841,0.5330401659011841,0.0,0.5,0.0,0.6976744186046512,0.5729023814201355,0.10772658511996269,0.21532438,-0.2270267,0.26359302
0.6804002974004972,0.7017069442404641,0.3333333333333333,0.42424242424242425,0.21197072690368723,0.1835426332582023,0.22970156371593475,0.22962361574172974,0.2938857023848175,0.29389420430929214,0.5350185237240836,0.4643342993632735,0.06017849913665227,0.06017849913665227,0.9210864454507828,0.0,0.0,0.0,0.38129569292068477,0.43107395619153976,0.4333520159125328,0.5429452657699585,0.5429452657699585,0.0,0.5,0.0,0.6976744186046512,0.5755198001861572,0.11153890751302242,0.2110855,-0.22995618,0.26583004
0.6815617187392145,0.7027909374899335,0.3333333333333333,0.42424242424242425,0.20980274040474856,0.18137464675926362,0.14813527464866638,0.14796346426010132,0.3116756716376281,0.31168434451232674,0.5765308424346078,0.423028673719443,0.054113912795271196,0.054113912795271196,0.9209582805633545,0.0,0.0,0.0,0.39007557928562164,0.4380355253815651,0.43882210552692413,0.555178165435791,0.555178165435791,0.0,0.5,0.0,0.6976744186046512,0.5837973356246948,0.12398898601531982,0.19939083,-0.23211229,0.2721765
0.6815161460212299,0.7027484029531479,0.3333333333333333,0.42424242424242425,0.20988780947831964,0.1814597158328347,0.1829419881105423,0.18270529806613922,0.2995128595122416,0.29952145261016905,0.6058578491210938,0.39465556358465453,0.05032423883676529,0.05032423883676529,0.9191996529698372,0.0,0.0,0.0,0.3874635368585586,0.4385020285844803,0.4387921616435051,0.5512894988059998,0.5512894988059998,0.0,0.5,0.0,0.6976744186046512,0.5861355066299438,0.1394994743168354,0.2005877,-0.23297989,0.27528471
0.672193695746717,0.6940474493636025,0.3333333333333333,0.42424242424242425,0.22728971665741038,0.19886162301192545,0.4581789970397949,0.45781221985816956,0.2340169509099957,0.23402488300039026,0.6032209533122483,0.3987347322435219,0.06471491817917142,0.06471491817917142,0.9093840308487415,0.0,0.0,0.0,0.36394568383693693,0.4219150245189667,0.424449197947979,0.5176044702529907,0.5176044702529907,0.0,0.5,0.0,0.6976744186046512,0.5793300867080688,0.14863193035125732,0.19950757,-0.23159985,0.27849704
0.6607875398227147,0.6834017038345337,0.3333333333333333,0.42424242424242425,0.24858120771554804,0.2201531140700631,0.18782784044742584,0.18721215426921844,0.2918853568301374,0.29189390434133844,0.6362987731656427,0.3649022697212085,0.06010841578245164,0.06010841578245164,0.9078065864741802,0.0,0.0,0.0,0.3827968746423721,0.4285728335380554,0.4275427982211113,0.5448676943778992,0.5448676943778992,0.0,0.5,0.0,0.6976744186046512,0.5866384506225586,0.15526174567639828,0.1945999,-0.23219576,0.27817124
0.6754293409841401,0.6970673849185307,0.3333333333333333,0.42424242424242425,0.2212498455475539,0.19282175190206896,0.10347424447536469,0.10161638259887695,0.29090469517169903,0.2909132198895369,0.6581347467338605,0.3436813066789292,0.05493074389440673,0.05493074389440673,0.905452162027359,0.0,0.0,0.0,0.38701651394367215,0.4332819953560829,0.43206537514925003,0.5531426668167114,0.5531426668167114,0.0,0.5,0.0,0.6976744186046512,0.6094570755958557,0.15719257295131683,0.18665618,-0.23239379,0.27627632
0.6709374569001652,0.6928749597734876,0.3333333333333333,0.42424242424242425,0.2296346958376404,0.20120660219215547,0.08349540084600449,0.08127270638942719,0.29988199802931137,0.2998888816249986,0.6673603946802493,0.33451005509382403,0.0522989992584501,0.0522989992584501,0.9028482772409916,0.0,0.0,0.0,0.39455035626888274,0.43513108044862747,0.43393953889608383,0.5653802156448364,0.5653802156448364,0.0,0.5,0.0,0.6976744186046512,0.6135481595993042,0.15720533207058907,0.18026981,-0.23077558,0.27077278
0.6746780031493732,0.6963661362727482,0.3333333333333333,0.42424242424242425,0.22265234283911883,0.1942242491936339,0.03706815838813782,0.03478366509079933,0.30102968945330005,0.30103657304898734,0.6708962949238589,0.3310580686168456,0.05064422530787332,0.05064422530787332,0.901643194258213,0.0,0.0,0.0,0.3952903598546982,0.43717818707227707,0.4353599473834038,0.5667473673820496,0.5667473673820496,0.0,0.5,0.0,0.6976744186046512,0.6152762770652771,0.15536517836153507,0.17555825,-0.23200053,0.26948839
0.6807071371447473,0.7019933280017641,0.3333333333333333,0.42424242424242425,0.21139795938108724,0.1829698657356023,0.03315296396613121,0.030997419729828835,0.2999306390663862,0.2999374998687102,0.6699074960347571,0.33202373224229653,0.048902162483760295,0.048902162483760295,0.9024373181164265,0.0,0.0,0.0,0.39551531076431273,0.43943672254681587,0.4375080540776253,0.5672923922538757,0.5672923922538757,0.0,0.5,0.0,0.6976744186046512,0.6214872002601624,0.1532081700861454,0.17593143,-0.23063692,0.2668373
0.6620168057935578,0.684549018740654,0.3333333333333333,0.42424242424242425,0.24628657790330744,0.2178584842578225,0.0654173344373703,0.06305752694606781,0.303824771202773,0.3038317231785499,0.6687020690217756,0.33301216643758713,0.048317182809114456,0.048317182809114456,0.90276700258255,0.0,0.0,0.0,0.39605650305747986,0.4394683577120304,0.43772435188293457,0.568451464176178,0.568451464176178,0.0,0.5,0.0,0.6976744186046512,0.6211889982223511,0.15022629871964455,0.16909993,-0.22747895,0.25314704
0.6585792143430029,0.6813406000534693,0.3333333333333333,0.42424242424242425,0.25270341527767676,0.22427532163219183,0.04262874275445938,0.0416487418115139,0.3333888345649092,0.33339584352409407,0.578697419987126,0.42057638135917735,0.0487657157438142,0.0487657157438142,0.904825534671545,0.0,0.0,0.0,0.3949291825294494,0.439919151365757,0.43805813789367676,0.5675270557403564,0.5675270557403564,0.0,0.5,0.0,0.6976744186046512,0.6159005761146545,0.1452336274087429,0.17030937,-0.22822548,0.21357015
0.6492575623449826,0.6726403915219836,0.3333333333333333,0.42424242424242425,0.27010383234064805,0.24167573869516312,0.0,0.0,0.34394546676548216,0.3439525555014382,0.5585940896211117,0.44015625644089795,0.0491524807044438,0.0491524807044438,0.9079939350485802,0.0,0.0,0.0,0.39479967355728146,0.441770575940609,0.4396000877022743,0.5684841275215149,0.5684841275215149,0.0,0.5,0.0,0.6976744186046512,0.6142364144325256,0.13899785466492176,0.15994949,-0.22015877,0.16941252
0.6402564360981896,0.6642393403583102,0.3333333333333333,0.42424242424242425,0.28690593466799486,0.2584778410225099,0.0,0.0,0.3632814870509773,0.363288587183615,0.5036478833247325,0.494467404736109,0.050534832158258984,0.050534832158258984,0.9096576906740665,0.0,0.0,0.0,0.412615293264389,0.44702455773949623,0.44455351680517197,0.5936720371246338,0.5936720371246338,0.0,0.5,0.0,0.6976744186046512,0.60798180103302,0.13865167275071144,0.1467222,-0.21425821,0.13601466
0.646115413024312,0.6697077188226912,0.3333333333333333,0.42424242424242425,0.2759691777392331,0.24754108409374814,0.0,0.0,0.3744026994614027,0.3744099021641748,0.5017318680497815,0.49630086298375875,0.05213560270411628,0.05213560270411628,0.9126114919781685,0.0,0.0,0.0,0.4143831074237823,0.4473022036254406,0.4449502117931843,0.5972314476966858,0.5972314476966858,0.0,0.5,0.0,0.6976744186046512,0.6041545867919922,0.13495715335011482,0.14332656,-0.21352068,0.1221531
0.6469559006038166,0.6704921738968955,0.3333333333333333,0.42424242424242425,0.2744002675908244,0.2459721739453395,0.0,0.0,0.3593328787765357,0.3593395116452277,0.26796390449567686,0.7382171121604989,0.053715083215917864,0.053715083215917864,0.9148607887327671,0.0,0.0,0.0,0.42895668447017665,0.4529133625328541,0.44975343719124794,0.6176824569702148,0.6176824569702148,0.0,0.5,0.0,0.6976744186046512,0.6065896153450012,0.1363163534551859,0.13815481,-0.20620482,0.09988534
0.6413829993633997,0.6652907994058397,0.3333333333333333,0.42424242424242425,0.284803016572936,0.25637492292745107,0.0,0.0,0.34839731830939735,0.34840364346768615,0.1931512086842757,0.817992048504653,0.05750397752438273,0.05750397752438273,0.915029413998127,0.0,0.0,0.0,0.43568255603313444,0.4542556218802929,0.4505618065595627,0.6293370723724365,0.6293370723724365,0.0,0.5,0.0,0.6976744186046512,0.6060532331466675,0.14019968919456005,0.13202865,-0.19811489,0.07388571
0.6437123524291175,0.6674648622671763,0.3333333333333333,0.42424242424242425,0.2804548908502628,0.2520267972047779,0.0,0.0,0.35394359318749624,0.35395166203807005,0.1841543491210354,0.8275526107332625,0.060204927410398214,0.060204927410398214,0.9165511280298233,0.0,0.0,0.0,0.4389780670404434,0.45494116842746735,0.4510173909366131,0.6345188617706299,0.6345188617706299,0.0,0.5,0.0,0.6976744186046512,0.6031522154808044,0.14100471511483192,0.1211525,-0.18992282,0.04920167
0.6447075814718292,0.6683937427070406,0.3333333333333333,0.42424242424242425,0.27859712997053426,0.25016903632504933,0.0,0.0,0.3582692378793574,0.358277340919976,0.18278873035146448,0.8289640897495975,0.0623063397194658,0.0623063397194658,0.9183977693319321,0.0,0.0,0.0,0.44020312428474423,0.454961322247982,0.4509708061814308,0.6370419263839722,0.6370419263839722,0.0,0.5,0.0,0.6976744186046512,0.5990778803825378,0.1395679358392954,0.11267749,-0.17808466,0.02549046
0.657340519839809,0.6801844851838218,0.3333333333333333,0.42424242424242425,0.2550156450169719,0.22658755137148695,0.0,0.0,0.35975021386009787,0.3597582827106717,0.17701900073720667,0.8350809622854343,0.06383789437157768,0.06383789437157768,0.9202412217855453,0.0,0.0,0.0,0.4407898157835006,0.45577068254351616,0.4518195651471615,0.638316810131073,0.638316810131073,0.0,0.5,0.0,0.6976744186046512,0.5959700345993042,0.13756114058196545,0.11295,-0.17206046,-0.00092573
0.6549443687711444,0.6779480775197347,0.3333333333333333,0.42424242424242425,0.259488460345146,0.23106036669966107,0.0,0.0,0.36974829469538556,0.3697565003061386,0.2011252388671525,0.809352816810065,0.06418957241943905,0.06418957241943905,0.9221358485519886,0.0,0.0,0.0,0.44084958434104915,0.4547956995666027,0.45111024752259254,0.6392627954483032,0.6392627954483032,0.0,0.5,0.0,0.6976744186046512,0.5813699960708618,0.13592280447483063,0.11893255,-0.17366543,-0.03733081
0.6026416965538547,0.6291322501169311,0.3333333333333333,0.42424242424242425,0.3571201151507533,0.3286920215052684,0.5458526611328125,0.5456107258796692,0.24622215869093944,0.2462306150286877,0.5807243596983229,0.4204990320811486,0.06491326593926976,0.06491326593926976,0.9222280196845531,0.0,0.0,0.0,0.3815055608749389,0.4327487424015999,0.4358859583735466,0.5469405651092529,0.5469405651092529,0.0,0.5,0.0,0.6976744186046512,0.561334490776062,0.14108597300946712,0.12279007,-0.17354815,-0.05673039
0.5988702924833411,0.6256122729844518,0.3333333333333333,0.42424242424242425,0.364160069415712,0.33573197577022706,0.14303584396839142,0.1429099291563034,0.3286419685210598,0.32865106307297776,0.5547784179392098,0.4438655344017099,0.059392529406717846,0.059392529406717846,0.9236663281917572,0.0,0.0,0.0,0.39214227795600887,0.43839073926210403,0.4398455359041691,0.565787136554718,0.565787136554718,0.0,0.5,0.0,0.6976744186046512,0.5658711791038513,0.11275855824351311,0.13133616,-0.1770574,-0.07543954
0.6046834350341842,0.6310378726985719,0.3333333333333333,0.42424242424242425,0.3533088699874715,0.3248807763419866,0.04938793554902077,0.04919135570526123,0.33922351386761346,0.3392326312128946,0.5368426480895019,0.46137427913932405,0.05128324031829834,0.05128324031829834,0.9285006672143936,0.0,0.0,0.0,0.398772519826889,0.4425060860812664,0.4441162869334221,0.5757052302360535,0.5757052302360535,0.0,0.5,0.0,0.6976744186046512,0.5680736899375916,0.08796144276857376,0.13763089,-0.18181376,-0.08502454
0.607038102334454,0.6332355621788237,0.3333333333333333,0.42424242424242425,0.34891349102696806,0.32048539738148313,0.017498470842838287,0.017430825158953667,0.3397457895953614,0.3397549069406426,0.5243447364858186,0.473679099615805,0.04737649645124163,0.04737649645124163,0.931131724268198,0.0,0.0,0.0,0.39891479611396785,0.4426647685468197,0.4444386176764965,0.5760069489479065,0.5760069489479065,0.0,0.5,0.0,0.6976744186046512,0.5682963132858276,0.07219381164759398,0.15333579,-0.18187189,-0.07779605
0.6074416843198595,0.6336122386985354,0.3333333333333333,0.42424242424242425,0.3481601379875444,0.3197320443420595,0.009959450922906399,0.009942494332790375,0.33985076442959206,0.33985993875828113,0.49285567957858056,0.5048165204597427,0.04410835515175547,0.04410835515175547,0.9339989461004734,0.0,0.0,0.0,0.39715178012847896,0.4427500404417515,0.4449416548013687,0.573439359664917,0.573439359664917,0.0,0.5,0.0,0.6976744186046512,0.5668482780456543,0.05716279149055481,0.15129528,-0.18267637,-0.08255339
0.6073429951710361,0.6335201288263003,0.3333333333333333,0.42424242424242425,0.34834435773201483,0.3199162640865299,0.008471821434795856,0.00844210758805275,0.3420644558638505,0.34207363019253967,0.4756398067647595,0.522018503567862,0.04158617263393743,0.04158617263393743,0.936440696939826,0.0,0.0,0.0,0.3949982345104217,0.44330479949712753,0.44575873389840126,0.5695350170135498,0.5695350170135498,0.0,0.5,0.0,0.6976744186046512,0.5685277581214905,0.042443498969078064,0.14892826,-0.18267973,-0.08968863
0.5817507963095393,0.60963407655557,0.3333333333333333,0.42424242424242425,0.3961164622734755,0.3676883686279906,0.008925147354602814,0.00890297256410122,0.36337358363499833,0.36338276936036906,0.4466739979574375,0.5509092983484446,0.04115375690162182,0.04115375690162182,0.9392115380614996,0.0,0.0,0.0,0.38827626407146454,0.44503993541002274,0.44814424216747284,0.554701566696167,0.554701566696167,0.0,0.5,0.0,0.6976744186046512,0.5808964967727661,0.03758209990337491,0.14490462,-0.1826601,-0.11000828
0.5816036872565746,0.609496774772803,0.3333333333333333,0.42424242424242425,0.39639106583900946,0.36796297219352453,0.0,0.0,0.3603669224915951,0.36037610821696586,0.4238584625105557,0.5739858986492088,0.04212411785764354,0.04212411785764354,0.939723888412118,0.0,0.0,0.0,0.3740685164928436,0.4471101351082325,0.4504014849662781,0.5310069918632507,0.5310069918632507,0.0,0.5,0.0,0.6976744186046512,0.5860930681228638,0.03388280048966408,0.15135596,-0.17654486,-0.12533729
0.5814174848298233,0.6093229858411683,0.3333333333333333,0.42424242424242425,0.39673864370227885,0.3683105500567939,0.0,0.0,0.35262651288486574,0.3526356302301469,0.4062700606668884,0.5919319198140173,0.042892055852072584,0.042892055852072584,0.9383634086698294,0.0,0.0,0.0,0.37154054641723633,0.4472552388906479,0.45079580694437027,0.5257401466369629,0.5257401466369629,0.0,0.5,0.0,0.6976744186046512,0.5888919830322266,0.031132923904806376,0.15597249,-0.17474118,-0.12708792
0.580418233360563,0.6083903511365255,0.3333333333333333,0.42424242424242425,0.3986039131115645,0.3701758194660796,0.0,0.0,0.3418521014955714,0.3418612644275789,0.39288322784248775,0.6055402955812382,0.042852654254862246,0.042852654254862246,0.9352730493992567,0.0,0.0,0.0,0.3586941659450531,0.4471043534576893,0.45099959149956703,0.5027905702590942,0.5027905702590942,0.0,0.5,0.0,0.6976744186046512,0.5908505320549011,0.02671828493475914,0.1593493,-0.17390877,-0.1243351
0.5764112889411903,0.604650536345111,0.3333333333333333,0.42424242424242425,0.4060835426943934,0.37765544904890846,0.0,0.0,0.336203336259831,0.3362124308117489,0.3875743344454647,0.6109870033505264,0.042738444837076325,0.042738444837076325,0.9319685623049736,0.0,0.0,0.0,0.342321503162384,0.4463563524186611,0.45078930631279945,0.47977960109710693,0.47977960109710693,0.0,0.5,0.0,0.6976744186046512,0.5923517942428589,0.01795765245333314,0.16073579,-0.17799352,-0.11024632
0.5711858552836236,0.5997734649313821,0.3333333333333333,0.42424242424242425,0.4158376855218513,0.38740959187636637,0.0,0.0,0.33041355988263627,0.3304226430378726,0.39052509486561293,0.6080870721303204,0.04250273241528443,0.04250273241528443,0.9282557144761086,0.0,0.0,0.0,0.3406543880701065,0.4453030042350292,0.4501161649823189,0.477178692817688,0.477178692817688,0.0,0.5,0.0,0.6976744186046512,0.5911294221878052,0.014366933610290289,0.16042051,-0.18344168,-0.09074908
0.5710414293266478,0.5996386673715379,0.3333333333333333,0.42424242424242425,0.4161072806415395,0.3876791869960546,0.0,0.0,0.32864308539585674,0.32865214575772983,0.39208063933407145,0.606556144494121,0.04232161811419896,0.04232161811419896,0.9249538667500019,0.0,0.0,0.0,0.3426416143774986,0.44426897540688515,0.4493800736963749,0.4794490933418274,0.4794490933418274,0.0,0.5,0.0,0.6976744186046512,0.5888500809669495,0.012444942258298397,0.16424245,-0.18000026,-0.07116503
0.5719786059288752,0.6005133655336168,0.3333333333333333,0.42424242424242425,0.4143578843173818,0.38592979067189687,0.0,0.0,0.32977699823178935,0.3297861155770705,0.38484829379313307,0.6138199847646648,0.04255889116653375,0.04255889116653375,0.9240813925862312,0.0,0.0,0.0,0.33788175284862515,0.44304775819182396,0.4485864192247391,0.47295936942100525,0.47295936942100525,0.0,0.5,0.0,0.6976744186046512,0.5862492918968201,0.008299168548546731,0.16316829,-0.17484164,-0.05206739
0.5633741787501744,0.5924825668334961,0.3333333333333333,0.42424242424242425,0.43041948171762323,0.4019913880721383,0.0,0.0,0.34999726424937494,0.35000627902452164,0.4492702361046698,0.549311681249123,0.04406600658382689,0.04406600658382689,0.9234173260629177,0.0,0.0,0.0,0.3337485536932945,0.44251884892582893,0.44864777475595474,0.46966981887817383,0.46966981887817383,0.0,0.5,0.0,0.6976744186046512,0.5852245092391968,0.007387399091385305,0.1666528,-0.16175804,-0.03721238
0.5660857909492084,0.5950134048859278,0.3333333333333333,0.42424242424242425,0.42535780561275977,0.39692971196727483,0.0,0.0,0.3435196867408533,0.3435287243093633,0.4438655706938093,0.5548212517340576,0.045394961323056905,0.045394961323056905,0.9226416014134884,0.0,0.0,0.0,0.3313765451312065,0.4428451992571354,0.4495713599026203,0.46654200553894043,0.46654200553894043,0.0,0.5,0.0,0.6976744186046512,0.5852352380752563,0.00787911587394774,0.15930635,-0.15753774,-0.02702122
0.5669395387882278,0.595810236202346,0.3333333333333333,0.42424242424242425,0.4237641429799235,0.39533604933443856,0.0,0.0,0.34902462585478394,0.34903361783656744,0.4574528768459196,0.5412808386084632,0.04586640612355301,0.04586640612355301,0.9216374643146992,0.0,0.0,0.0,0.3281122431159019,0.4419868066906929,0.44934530928730965,0.46255069971084595,0.46255069971084595,0.0,0.5,0.0,0.6976744186046512,0.582013726234436,0.007426735246554017,0.14936874,-0.15460579,-0.01930929
0.5685290137217158,0.5972937461402681,0.3333333333333333,0.42424242424242425,0.4207971231040792,0.39236902945859425,0.0,0.0,0.34141732948915904,0.3414263214709426,0.456247925644395,0.5424066797446516,0.04588828555175237,0.04588828555175237,0.9206549376249313,0.0,0.0,0.0,0.3274945095181465,0.44137178733944893,0.4489448294043541,0.461199015378952,0.461199015378952,0.0,0.5,0.0,0.6976744186046512,0.5716866850852966,0.008464072598144412,0.14248458,-0.14810893,-0.01580416
0.5633925834581965,0.5924997445609834,0.3333333333333333,0.42424242424242425,0.4303851262626485,0.4019570326171636,0.0,0.0,0.3380032141851421,0.3380121719768808,0.46218338865167097,0.5364412705318827,0.04530882995043482,0.04530882995043482,0.9202258884906769,0.0,0.0,0.0,0.3308641314506531,0.4407241642475128,0.4482002779841423,0.4663434624671936,0.4663434624671936,0.0,0.5,0.0,0.6976744186046512,0.5678325891494751,0.012056792620569468,0.1415118,-0.14610682,-0.00850279
0.5623601769052801,0.5915361651115947,0.3333333333333333,0.42424242424242425,0.43231228516142595,0.403884191515941,0.0,0.0,0.34156068834702324,0.34156965753544355,0.48832714475021766,0.5103222715872373,0.04547993253384318,0.04547993253384318,0.9193914420902729,0.0,0.0,0.0,0.3305421113967895,0.4401266686618328,0.4472098648548126,0.4658353328704834,0.4658353328704834,0.0,0.5,0.0,0.6976744186046512,0.5592917203903198,0.028724726289510727,0.13514859,-0.14238486,0.00337397
0.5600359771578085,0.5893669120139546,0.3333333333333333,0.42424242424242425,0.43665079135670626,0.4082226977112213,0.7085052728652954,0.7017633318901062,0.22309740278050733,0.22310554001117072,0.45043739306083375,0.5512844122881365,0.05996776212538992,0.05996776212538992,0.9178407676517963,0.0,0.0,0.0,0.33026797920465467,0.4373089149594307,0.44490986689925194,0.46506136655807495,0.46506136655807495,0.0,0.5,0.0,0.6976744186046512,0.5599997043609619,0.05450985860079527,0.13697023,-0.14284323,0.02510951
0.5584075729407015,0.5878470680779881,0.3333333333333333,0.42424242424242425,0.43969047922863924,0.4112623855831543,0.1874791830778122,0.1872517615556717,0.3166187087618826,0.3166276323635765,0.4373025579616627,0.5612834661151159,0.06111232829945428,0.06111232829945428,0.9175178669393063,0.0,0.0,0.0,0.3395926356315613,0.4373006671667099,0.4442594647407532,0.48126110434532166,0.48126110434532166,0.0,0.5,0.0,0.6976744186046512,0.5668073892593384,0.0653073051944375,0.14063264,-0.14973481,0.04752004
0.5528793042259557,0.5826873506108919,0.3333333333333333,0.42424242424242425,0.4500099141628314,0.4215818205173465,0.10359545797109604,0.1034005805850029,0.3317556331080187,0.3317646934698918,0.43383993268240933,0.5643027594116354,0.055027487022536146,0.055027487022536146,0.9196195006370544,0.0,0.0,0.0,0.34629727005958555,0.4374227374792099,0.44365327060222626,0.4932197630405426,0.4932197630405426,0.0,0.5,0.0,0.6976744186046512,0.5731697082519531,0.04687752574682236,0.14982167,-0.15812869,0.0708406
0.5543242157215164,0.5840359346734153,0.3333333333333333,0.42424242424242425,0.4473127460377848,0.4188846523922999,0.022503720596432686,0.02230161428451538,0.33335602351857874,0.3333651294671782,0.43936788739483396,0.558689509797228,0.04983237279312951,0.04983237279312951,0.9218740314245224,0.0,0.0,0.0,0.35108843445777893,0.4374919980764389,0.44311467185616493,0.50063556432724,0.50063556432724,0.0,0.5,0.0,0.6976744186046512,0.5769429802894592,0.02967724110931158,0.15922383,-0.15944323,0.07763559
0.5526268581549326,0.5824517342779372,0.3333333333333333,0.42424242424242425,0.45048114682874113,0.4220530531832562,0.0149293327704072,0.01486143097281456,0.3357770205911669,0.3357861037464033,0.4457384329680959,0.5521634508051739,0.046901971633945196,0.046901971633945196,0.9235028773546219,0.0,0.0,0.0,0.3574401944875717,0.4377039335668087,0.4430150166153908,0.5116021037101746,0.5116021037101746,0.0,0.5,0.0,0.6976744186046512,0.5760783553123474,0.023360084742307663,0.15942655,-0.1545139,0.06258454
0.5369339042476245,0.5678049772977829,0.3333333333333333,0.42424242424242425,0.4797746607890496,0.4513465671435647,0.012206703424453735,0.012127838097512722,0.3441791215316743,0.3441882844636819,0.45985881890211233,0.5378040173376901,0.04360538641256946,0.04360538641256946,0.9278963208198547,0.0,0.0,0.0,0.36666802167892454,0.4370128884911537,0.4419902637600899,0.5261374711990356,0.5261374711990356,0.0,0.5,0.0,0.6976744186046512,0.5667181611061096,0.015678945928812027,0.1577856,-0.15451258,0.05743202
0.5304229682577508,0.561728103707234,0.3333333333333333,0.42424242424242425,0.4919284079701473,0.4635003143246624,0.011118303053081036,0.011030497960746288,0.34492906876777374,0.3449382203030996,0.4761240759839519,0.5214173229150466,0.04205929514552866,0.04205929514552866,0.9296475015580654,0.0,0.0,0.0,0.3683122932910919,0.4361247271299362,0.44083400443196297,0.5285869240760803,0.5285869240760803,0.0,0.5,0.0,0.6976744186046512,0.5613706707954407,0.01763375708833337,0.15616525,-0.15661141,0.05444658
0.5278469100594521,0.5593237827221552,0.3333333333333333,0.42424242424242425,0.49673704994030493,0.46830895629482,0.013619589619338512,0.013415662571787834,0.34418401070808136,0.34419311665668084,0.5071635551707923,0.4906990292828529,0.041423153930476735,0.041423153930476735,0.9305878058075905,0.0,0.0,0.0,0.3762813717126846,0.43521322309970856,0.43939026445150375,0.5409258008003235,0.5409258008003235,0.0,0.5,0.0,0.6976744186046512,0.5596036314964294,0.026823424268513918,0.15492878,-0.15508637,0.05058445
0.5277272484132222,0.5592120985190073,0.3333333333333333,0.42424242424242425,0.4969604183466007,0.4685323247011158,0.02028626576066017,0.020001184195280075,0.34123883466191773,0.3412479520071989,0.509258379215948,0.48869640439185263,0.04177457519939968,0.04177457519939968,0.9299911297857761,0.0,0.0,0.0,0.3766225844621658,0.4341017156839371,0.4377368800342083,0.5409864187240601,0.5409864187240601,0.0,0.5,0.0,0.6976744186046512,0.5559853315353394,0.040653254836797714,0.14998329,-0.14651564,0.03492389
0.5252722311055377,0.5569207490318351,0.3333333333333333,0.42424242424242425,0.5015431173209451,0.4731150236754602,0.02035890705883503,0.020068129524588585,0.3369938442857498,0.33700301861443893,0.49507181916250553,0.5025700578675393,0.0423693670225995,0.0423693670225995,0.928438413888216,0.0,0.0,0.0,0.3687101036310196,0.4288065880537033,0.4337112084031105,0.5279363393783569,0.5279363393783569,0.0,0.5,0.0,0.6976744186046512,0.5324111580848694,0.04628698341548443,0.1319384,-0.14197113,0.01676805
0.4642857142857143,0.5,0.3333333333333333,0.42424242424242425,0.6153846153846154,0.5869565217391305,0.03180614486336708,0.031504757702350616,0.33897278687238236,0.3389819042176635,0.4962168772407517,0.5014763297309333,0.042923668931637494,0.042923668931637494,0.927211232483387,0.0,0.0,0.0,0.3672315776348114,0.4270057901740074,0.4320421442389488,0.5260151624679565,0.5260151624679565,0.0,0.5,0.0,0.6976744186046512,0.5291610360145569,0.04883269313722849,0.11166126,-0.13293511,0.00993384
0.4642857142857143,0.5,0.3333333333333333,0.42424242424242425,0.6153846153846154,0.5869565217391305,0.02631809376180172,0.025936489924788475,0.3380439231318224,0.3380530062870587,0.5004560075856987,0.4973167802767311,0.0443731461252485,0.0443731461252485,0.9255870468914509,0.0,0.0,0.0,0.36505700349807735,0.42125018686056137,0.42811860144138336,0.5227755308151245,0.5227755308151245,0.0,0.5,0.0,0.6976744186046512,0.5163187980651855,0.054835500195622444,0.10177234,-0.12699702,0.01052804
0.4642857142857143,0.5,0.3333333333333333,0.42424242424242425,0.6153846153846154,0.5869565217391305,0.02447623945772648,0.02417610026896,0.3358536974649812,0.33586282620694397,0.48996560292649677,0.507696222570106,0.04596919087427003,0.04596919087427003,0.9234283678233624,0.0,0.0,0.0,0.36102017462253566,0.4187368154525757,0.42583489418029785,0.5161734819412231,0.5161734819412231,0.0,0.5,0.0,0.6976744186046512,0.493605375289917,0.07096804678440094,0.09862358,-0.11173068,0.00412398
0.4642857142857143,0.5,0.3333333333333333,0.42424242424242425,0.6153846153846154,0.5869565217391305,0.03200189769268036,0.03183044493198395,0.36894889725781765,0.3689575701325163,0.707491882900435,0.2983800899407553,0.05170316036258425,0.05170316036258425,0.9222318716347218,0.0,0.0,0.0,0.36187205910682674,0.41060715913772583,0.4208899140357971,0.5191189050674438,0.5191189050674438,0.07826424390077591,0.4686943024396896,0.0,0.6976744186046512,0.41579654812812805,0.09824316017329693,0.10019258,-0.08540831,0.01138476
0.4642857142857143,0.5,0.3333333333333333,0.42424242424242425,0.6153846153846154,0.5869565217391305,0.0,0.0,0.39245478099436426,0.3924634310756997,0.7265934278586627,0.28051164313843735,0.059815727706466405,0.059815727706466405,0.9213912822306156,0.0,0.0,0.0,0.4037155777215957,0.39622651785612106,0.4076222777366638,0.5845139622688293,0.5845139622688293,0.07726873457431793,0.4690925061702728,0.0,0.6976744186046512,0.21836455166339874,0.11327231302857399,0.07062781,-0.05161928,0.00681987
0.4642857142857143,0.5,0.3333333333333333,0.42424242424242425,0.6153846153846154,0.5869565217391305,0.028728850185871124,0.028478924185037613,0.39310503005981445,0.39311371433119474,0.697837867882694,0.30777879649726153,0.06281663796731404,0.06281663796731404,0.9219946935772896,0.0,0.0,0.0,0.3873203843832016,0.394839346408844,0.4061301350593567,0.5658014416694641,0.5658014416694641,0.07749511301517487,0.46900195479393003,0.0,0.6976744186046512,0.15190459787845612,0.11189374141395092,0.04755337,-0.02145025,-0.00712702
0.4642857142857143,0.5,0.3333333333333333,0.42424242424242425,0.6153846153846154,0.5869565217391305,0.3274536430835724,0.3263988792896271,0.2998070078643741,0.2998157605158439,0.46607154322855787,0.5331115989401914,0.07946077468139785,0.07946077468139785,0.9181253015995026,0.0,0.0,0.0,0.29654355496168133,0.39878346025943756,0.4088654890656471,0.43189844489097595,0.43189844489097595,0.08359994739294052,0.4665600210428238,0.08527552336454391,0.5960234167963959,0.13060779869556427,0.10538204573094845,0.03330531,-0.003107,-0.01259599
0.4642857142857143,0.5,0.3333333333333333,0.42424242424242425,0.6153846153846154,0.5869565217391305,0.1153782308101654,0.11501733958721161,0.383760799641363,0.3837700879368682,0.46747314702028525,0.5299814476287109,0.07392048569662231,0.07392048569662231,0.9257004149258137,0.0,0.0,0.0,0.2501725733280182,0.4348260387778282,0.43866727873682976,0.36708563566207886,0.36708563566207886,0.08547702431678772,0.46580919027328493,0.08741570264101028,0.5879648965458537,0.0874251127243042,0.07238995283842087,0.03229404,-0.0051959,-0.01640956
0.4642857142857143,0.5,0.3333333333333333,0.42424242424242425,0.6153846153846154,0.5869565217391305,0.06800954043865204,0.06762247532606125,0.4020088585111425,0.40201826077346364,0.45322455696576414,0.5436559711605317,0.06261068529316358,0.06261068529316358,0.9388485476374626,0.0,0.0,0.0,0.21043660044670104,0.4510057531297207,0.4531785845756531,0.30643922090530396,0.30643922090530396,0.07841817289590836,0.46863273084163665,0.08036929368972778,0.5882578291172205,0.06711805611848831,0.05886067170649767,0.02439774,-0.01387643,-0.02768863
0.4642857142857143,0.5,0.3333333333333333,0.42424242424242425,0.6153846153846154,0.5869565217391305,0.025411367416381836,0.025143258273601532,0.41033450481312683,0.4103439298688112,0.4563009544038864,0.5403982311493529,0.05724298900791577,0.05724298900791577,0.9447057079523802,0.0,0.0,0.0,0.15150601789355278,0.4618403948843479,0.46346522495150566,0.22121289372444153,0.22121289372444153,0.07154370844364166,0.4713825166225433,0.07323136925697327,0.5909090159937394,0.054994549602270126,0.05475558806210756,0.02014979,-0.02053521,-0.03053399
0.4642857142857143,0.5,0.3333333333333333,0.42424242424242425,0.6153846153846154,0.5869565217391305,0.016658451408147812,0.016544753685593605,0.4170540794587728,0.41706351021279797,0.4528105525624,0.5439420093491195,0.05354267944182669,0.05354267944182669,0.9488276820629835,0.0,0.0,0.0,0.1053486593067646,0.47410260885953903,0.4748597778379917,0.15433920919895172,0.15433920919895172,0.066793292760849,0.4732826828956604,0.06793273985385895,0.5926179885864258,0.042159128934144974,0.051747485995292664,0.01886981,-0.03850057,-0.031254
0.4642857142857143,0.5,0.3333333333333333,0.42424242424242425,0.6153846153846154,0.5869565217391305,0.010587016120553017,0.010544521734118462,0.42175951286666025,0.4217689892074118,0.4466133562146364,0.550019819046475,0.044398491403886256,0.044398491403886256,0.9554009716957808,0.0,0.0,0.0,0.04511815495789051,0.4873333303257823,0.48750259447842836,0.0,-0.0,0.0628889948129654,0.4748444020748138,0.06253904849290848,0.5923812056696692,0.027581246569752693,0.020240650046616793,0.02013894,-0.06170914,-0.0266782
0.4642857142857143,0.5,0.3333333333333333,0.42424242424242425,0.6153846153846154,0.5869565217391305,0.0,0.0,0.42426758058668324,0.4242770683241164,0.4453901560766975,0.551184396791134,0.03909519075282983,0.03909519075282983,0.9591899495571852,0.0,0.0,0.0,0.032946743257343765,0.4900430338457227,0.4901228668168187,0.0,-0.0,0.05946067348122597,0.4762157306075096,0.058246172964572906,0.5915557610434156,0.02378540113568306,0.006130211986601353,0.02822155,-0.08542036,-0.02152913
0.4642857142857143,0.5,0.3333333333333333,0.42424242424242425,0.6153846153846154,0.5869565217391305,0.0,0.0,0.4262667465848175,0.4262762343222507,0.44562694493033006,0.5510063692278383,0.03276739668633257,0.03276739668633257,0.9635633230209351,0.0,0.0,0.0,0.02373466398566961,0.492558766156435,0.49262302462011576,0.0,-0.0,0.05644666776061058,0.4774213328957558,0.054323676973581314,0.5895537623139315,0.01964576542377472,0.0,0.05097321,-0.13251294,-0.01586401
0.4642857142857143,0.5,0.3333333333333333,0.42424242424242425,0.6153846153846154,0.5869565217391305,0.0,0.0,0.4211138224738506,0.42112324183119415,0.44790035497617997,0.548943740095914,0.029000317943947657,0.029000317943947657,0.9660694561898708,0.0,0.0,0.0,0.020322387199848888,0.49394132383167744,0.4939925028011203,0.0,-0.0,0.056528013199567795,0.47738879472017287,0.05366884171962738,0.5875340277372405,0.01708054728806019,0.0,0.05875661,-0.15046713,-0.01603331
0.4642857142857143,0.5,0.3333333333333333,0.42424242424242425,0.6153846153846154,0.5869565217391305,0.0,0.0,0.40500066408007823,0.4050100036606506,0.4518353328194263,0.5453839096701117,0.02627543705914702,0.02627543705914702,0.9669632166624069,0.0,0.0,0.0,0.01838230164721608,0.495015028398484,0.495094439946115,0.0,-0.0,0.0576317273080349,0.47694730907678606,0.05384901165962219,0.5831999418347381,0.014895408414304256,0.0,0.07559455,-0.15381426,-0.0279287
0.4642857142857143,0.5,0.3333333333333333,0.42424242424242425,0.6153846153846154,0.5869565217391305,0.01291576400399208,0.01230559404939413,0.39463721133099006,0.39464624889949995,0.44905473055392786,0.5483384958138151,0.025201990668262755,0.025201990668262755,0.9662257377058268,0.0,0.0,0.0,0.018179258052259683,0.49519329564645886,0.49535774486139417,0.0,-0.0,0.0569525808095932,0.47721896767616273,0.05286592245101929,0.5832391873348591,0.014394803903996944,0.0,0.08651284,-0.16372792,-0.03619513
0.4642857142857143,0.5,0.3333333333333333,0.42424242424242425,0.6153846153846154,0.5869565217391305,0.015502801164984703,0.014849440194666386,0.3861245169922225,0.3861334975773244,0.44557917004105696,0.5521949533699981,0.025260914117097855,0.025260914117097855,0.9637464489787817,0.0,0.0,0.0,0.018328658584505317,0.4951281286776066,0.4954185513779521,0.0,-0.0,0.056832753121852875,0.47726689875125883,0.0525607094168663,0.5847425135069115,0.014192841947078705,0.0,0.09844807,-0.20528691,-0.03440144
0.4642857142857143,0.5,0.3333333333333333,0.42424242424242425,0.6153846153846154,0.5869565217391305,0.023702820762991905,0.02288588508963585,0.37717532974812085,0.37718424195313316,0.4447523066008296,0.5531830572395954,0.025348665990999768,0.025348665990999768,0.9609712958335876,0.0,0.0,0.0,0.018652076367288828,0.4950196580030024,0.49527844274416566,0.0,-0.0,0.05530676990747452,0.4778772920370102,0.05145527049899101,0.5837186477905096,0.014262531884014606,0.0,0.1123162,-0.2058223,-0.0261982
0.4642857142857143,0.5,0.3333333333333333,0.42424242424242425,0.6153846153846154,0.5869565217391305,0.030135290697216988,0.02949584648013115,0.3742801281507795,0.3742890175624286,0.4488491800045648,0.5490545998916065,0.02531693716134344,0.02531693716134344,0.9591970294713974,0.0,0.0,0.0,0.018905264139175412,0.4947413890622556,0.49504901887848973,0.0,-0.0,0.053183142095804214,0.4787267431616783,0.04968588799238205,0.5866740782593572,0.014321224763989449,0.0,0.10767797,-0.19989917,-0.03127149
0.4642857142857143,0.5,0.3333333333333333,0.42424242424242425,0.6153846153846154,0.5869565217391305,0.02945598028600216,0.028730181977152824,0.3720003473599144,0.3720092367715635,0.44799157971405845,0.5498156389480745,0.024248163348862106,0.024248163348862106,0.9589841105043888,0.0,0.0,0.0,0.017935486044734716,0.4947175346314907,0.49503428395837545,0.0,-0.0,0.04968332499265671,0.4801266700029373,0.046572744846343994,0.5887922748576764,0.01380597148090601,0.0,0.10329736,-0.20217127,-0.03026578
0.4642857142857143,0.5,0.3333333333333333,0.42424242424242425,0.6153846153846154,0.5869565217391305,0.03907472640275955,0.03825116530060768,0.3703789984518894,0.3703878878635385,0.4468626985130529,0.5510362994067477,0.02493366466036865,0.02493366466036865,0.9571875706315041,0.0,0.0,0.0,0.019085011165589093,0.4943478307686746,0.49466964276507497,0.0,-0.0,0.04933106154203415,0.4802675753831863,0.046432703733444214,0.5872512210247128,0.014232554472982883,0.0,0.10431788,-0.20777938,-0.0303644
0.4642857142857143,0.5,0.3333333333333333,0.42424242424242425,0.6153846153846154,0.5869565217391305,0.039050597697496414,0.03823560103774071,0.37185729621245345,0.37186620841746576,0.4455452991033375,0.552493500128936,0.025743912639362473,0.025743912639362473,0.9552352763712406,0.0,0.0,0.0,0.019319155532866714,0.49433551728725433,0.4946494670584798,0.0,-0.0,0.050758086144924164,0.47969676554203033,0.047761864960193634,0.5839915365673776,0.014417257159948349,0.0,0.10525391,-0.22043979,-0.0276635
0.4642857142857143,0.5,0.3333333333333333,0.42424242424242425,0.6153846153846154,0.5869565217391305,0.03645337000489235,0.03564467281103134,0.37394761856837666,0.3739565079800258,0.4452530027119653,0.5527557206775622,0.02641831524670124,0.02641831524670124,0.9544224087148905,0.0,0.0,0.0,0.01953532826155424,0.49430730659514666,0.49466218054294586,0.0,-0.0,0.05276021361351013,0.47889591455459596,0.04944790154695511,0.5817102138386216,0.014504803344607353,0.0,0.10535002,-0.23117502,-0.02473419
0.4642857142857143,0.5,0.3333333333333333,0.42424242424242425,0.6153846153846154,0.5869565217391305,0.03521742299199104,0.034411102533340454,0.3758747746338124,0.3758836982355063,0.44067197548043885,0.5573288647888103,0.0252666390900101,0.0252666390900101,0.9562145862728357,0.0,0.0,0.0,0.01855006106197834,0.49446708988398314,0.4947828035801649,0.0,-0.0,0.050582434982061386,0.47976702600717547,0.04747112840414047,0.5866505621477616,0.014038548804819584,0.0,0.09816181,-0.23107171,-0.02469994
0.4642857142857143,0.5,0.3333333333333333,0.42424242424242425,0.6153846153846154,0.5869565217391305,0.03714584931731224,0.03636116161942482,0.3771190187443283,0.3771278967592958,0.4425165796826948,0.5555323465529263,0.02485278727752822,0.02485278727752822,0.9566505718976259,0.0,0.0,0.0,0.018065867293626067,0.49452023720368743,0.49479681020602584,0.0,-0.0,0.04915566369891167,0.4803377345204353,0.04626236483454704,0.5875684182311214,0.013855066150426865,0.0,0.09604344,-0.23235409,-0.02586449
0.4642857142857143,0.5,0.3333333333333333,0.42424242424242425,0.6153846153846154,0.5869565217391305,0.03821432590484619,0.037447862327098846,0.3765095697990111,0.37651845921066024,0.4406989001407222,0.5573106457686853,0.024380923381873542,0.024380923381873542,0.9574873689562082,0.0,0.0,0.0,0.01756622614338994,0.4945808909833431,0.4948395690880716,0.0,-0.0,0.047803010791540146,0.48087879568338393,0.04501336067914963,0.5882760847723761,0.013619535602629185,0.0,0.09483643,-0.23751304,-0.02320949
0.4642857142857143,0.5,0.3333333333333333,0.42424242424242425,0.6153846153846154,0.5869565217391305,0.037117015570402145,0.03635162487626076,0.37630873747583105,0.3763176496808433,0.4390858366202214,0.5588460478489253,0.02308315597474575,0.02308315597474575,0.9596917778253555,0.0,0.0,0.0,0.016384009551256896,0.4947675629518926,0.4950036685913801,0.0,-0.0,0.04557821899652481,0.4817687124013901,0.04286772385239601,0.5905330908852955,0.012966010719537735,0.0,0.08486397,-0.2369224,-0.02362819
0.4642857142857143,0.5,0.3333333333333333,0.42424242424242425,0.6153846153846154,0.5869565217391305,0.029196657240390778,0.028684450313448906,0.3767994443955431,0.3768084021872818,0.4404956004359754,0.5574143320656023,0.022966513144118447,0.022966513144118447,0.9606097787618637,0.0,0.0,0.0,0.01634540185332298,0.49470519134774804,0.49496099166572094,0.0,-0.0,0.04405156522989273,0.4823793739080429,0.04132802039384842,0.5872700172801351,0.012688957154750824,0.0,0.07813274,-0.23145898,-0.02707599
0.4642857142857143,0.5,0.3333333333333333,0.42424242424242425,0.6153846153846154,0.5869565217391305,0.027627170085906982,0.027132520452141762,0.3760893627516854,0.37609829775006093,0.4414464084869589,0.5565061563293925,0.023293533761586462,0.023293533761586462,0.9601833149790764,0.0,0.0,0.0,0.016602475754916666,0.49464683746919036,0.4949411367997527,0.0,-0.0,0.045220572501420975,0.4819117709994316,0.04221566393971443,0.5804051632104918,0.01266845129430294,0.0,0.06251361,-0.21689783,-0.04051964
